timestamp, index, memory.used [MiB], utilization.gpu [%], power.draw [W], clocks.current.sm [MHz], utilization.memory [%], temperature.gpu
2026/10/10 17:28:58.167, 0, 75481 MiB, 0 %, 124.15 W, 1980 MHz, 0 %, 34
2026/10/10 17:28:58.175, 1, 75481 MiB, 0 %, 135.80 W, 1980 MHz, 0 %, 58
2026/10/10 17:28:58.183, 2, 75481 MiB, 0 %, 123.88 W, 1980 MHz, 0 %, 40
2026/10/10 17:28:58.190, 3, 75481 MiB, 0 %, 120.62 W, 1980 MHz, 0 %, 33
2026/10/10 17:28:58.198, 4, 75481 MiB, 0 %, 117.03 W, 1980 MHz, 0 %, 34
2026/10/10 17:28:58.205, 5, 75481 MiB, 0 %, 123.77 W, 1980 MHz, 0 %, 39
2026/10/10 17:28:58.212, 6, 75481 MiB, 0 %, 116.15 W, 1980 MHz, 0 %, 37
2026/10/10 17:28:58.220, 7, 75481 MiB, 0 %, 147.42 W, 1980 MHz, 0 %, 69
2026/10/10 17:28:59.227, 0, 75481 MiB, 0 %, 123.16 W, 1980 MHz, 0 %, 33
2026/10/10 17:28:59.227, 1, 75481 MiB, 0 %, 135.03 W, 1980 MHz, 0 %, 57
2026/10/10 17:28:59.227, 2, 75481 MiB, 0 %, 122.96 W, 1980 MHz, 0 %, 39
2026/10/10 17:28:59.228, 3, 75481 MiB, 0 %, 118.77 W, 1980 MHz, 0 %, 32
2026/10/10 17:28:59.228, 4, 75481 MiB, 0 %, 116.15 W, 1980 MHz, 0 %, 32
2026/10/10 17:28:59.228, 5, 75481 MiB, 0 %, 121.87 W, 1980 MHz, 0 %, 38
2026/10/10 17:28:59.228, 6, 75481 MiB, 0 %, 114.76 W, 1980 MHz, 0 %, 36
2026/10/10 17:28:59.228, 7, 75481 MiB, 0 %, 145.39 W, 1980 MHz, 0 %, 68
2026/10/10 17:29:00.228, 0, 75481 MiB, 0 %, 122.65 W, 1980 MHz, 0 %, 32
2026/10/10 17:29:00.228, 1, 75481 MiB, 0 %, 134.68 W, 1980 MHz, 0 %, 57
2026/10/10 17:29:00.228, 2, 75481 MiB, 0 %, 122.61 W, 1980 MHz, 0 %, 38
2026/10/10 17:29:00.228, 3, 75481 MiB, 0 %, 118.37 W, 1980 MHz, 0 %, 31
2026/10/10 17:29:00.228, 4, 75481 MiB, 0 %, 115.81 W, 1980 MHz, 0 %, 32
2026/10/10 17:29:00.228, 5, 75481 MiB, 0 %, 121.38 W, 1980 MHz, 0 %, 37
2026/10/10 17:29:00.228, 6, 75481 MiB, 0 %, 114.36 W, 1980 MHz, 0 %, 35
2026/10/10 17:29:00.228, 7, 75481 MiB, 0 %, 144.58 W, 1980 MHz, 0 %, 68
2026/10/10 17:29:01.229, 0, 75481 MiB, 0 %, 122.40 W, 1980 MHz, 0 %, 32
2026/10/10 17:29:01.229, 1, 75481 MiB, 0 %, 134.42 W, 1980 MHz, 0 %, 56
2026/10/10 17:29:01.229, 2, 75481 MiB, 0 %, 122.31 W, 1980 MHz, 0 %, 38
2026/10/10 17:29:01.229, 3, 75481 MiB, 0 %, 118.06 W, 1980 MHz, 0 %, 31
2026/10/10 17:29:01.229, 4, 75481 MiB, 0 %, 115.46 W, 1980 MHz, 0 %, 31
2026/10/10 17:29:01.229, 5, 75481 MiB, 0 %, 121.05 W, 1980 MHz, 0 %, 37
2026/10/10 17:29:01.229, 6, 75481 MiB, 0 %, 114.08 W, 1980 MHz, 0 %, 35
2026/10/10 17:29:01.229, 7, 75481 MiB, 0 %, 144.06 W, 1980 MHz, 0 %, 68
2026/10/10 17:29:02.229, 0, 75481 MiB, 0 %, 122.16 W, 1980 MHz, 0 %, 32
2026/10/10 17:29:02.230, 1, 75481 MiB, 0 %, 134.21 W, 1980 MHz, 0 %, 56
2026/10/10 17:29:02.230, 2, 75481 MiB, 0 %, 122.20 W, 1980 MHz, 0 %, 38
2026/10/10 17:29:02.230, 3, 75481 MiB, 0 %, 117.83 W, 1980 MHz, 0 %, 31
2026/10/10 17:29:02.230, 4, 75481 MiB, 0 %, 115.27 W, 1980 MHz, 0 %, 31
2026/10/10 17:29:02.230, 5, 75481 MiB, 0 %, 120.78 W, 1980 MHz, 0 %, 36
2026/10/10 17:29:02.230, 6, 75481 MiB, 0 %, 113.89 W, 1980 MHz, 0 %, 34
2026/10/10 17:29:02.230, 7, 75481 MiB, 0 %, 142.89 W, 1980 MHz, 0 %, 67
2026/10/10 17:29:03.230, 0, 75481 MiB, 0 %, 121.95 W, 1980 MHz, 0 %, 31
2026/10/10 17:29:03.230, 1, 75481 MiB, 0 %, 135.10 W, 1980 MHz, 0 %, 56
2026/10/10 17:29:03.230, 2, 75481 MiB, 0 %, 122.02 W, 1980 MHz, 0 %, 37
2026/10/10 17:29:03.230, 3, 75481 MiB, 0 %, 117.66 W, 1980 MHz, 0 %, 30
2026/10/10 17:29:03.230, 4, 75481 MiB, 0 %, 115.19 W, 1980 MHz, 0 %, 31
2026/10/10 17:29:03.230, 5, 75481 MiB, 0 %, 120.58 W, 1980 MHz, 0 %, 36
2026/10/10 17:29:03.230, 6, 75481 MiB, 0 %, 113.76 W, 1980 MHz, 0 %, 34
2026/10/10 17:29:03.231, 7, 75481 MiB, 0 %, 142.62 W, 1980 MHz, 0 %, 67
2026/10/10 17:29:04.231, 0, 75481 MiB, 0 %, 121.75 W, 1980 MHz, 0 %, 31
2026/10/10 17:29:04.231, 1, 75481 MiB, 0 %, 135.05 W, 1980 MHz, 0 %, 56
2026/10/10 17:29:04.231, 2, 75481 MiB, 0 %, 121.89 W, 1980 MHz, 0 %, 37
2026/10/10 17:29:04.231, 3, 75481 MiB, 0 %, 117.55 W, 1980 MHz, 0 %, 30
2026/10/10 17:29:04.231, 4, 75481 MiB, 0 %, 115.00 W, 1980 MHz, 0 %, 30
2026/10/10 17:29:04.231, 5, 75481 MiB, 0 %, 120.32 W, 1980 MHz, 0 %, 36
2026/10/10 17:29:04.231, 6, 75481 MiB, 0 %, 113.66 W, 1980 MHz, 0 %, 33
2026/10/10 17:29:04.231, 7, 75481 MiB, 0 %, 142.38 W, 1980 MHz, 0 %, 67
2026/10/10 17:29:05.231, 0, 75481 MiB, 0 %, 121.58 W, 1980 MHz, 0 %, 31
2026/10/10 17:29:05.232, 1, 75481 MiB, 0 %, 134.87 W, 1980 MHz, 0 %, 56
2026/10/10 17:29:05.232, 2, 75481 MiB, 0 %, 121.64 W, 1980 MHz, 0 %, 37
2026/10/10 17:29:05.232, 3, 75481 MiB, 0 %, 117.40 W, 1980 MHz, 0 %, 30
2026/10/10 17:29:05.232, 4, 75481 MiB, 0 %, 114.89 W, 1980 MHz, 0 %, 30
2026/10/10 17:29:05.232, 5, 75481 MiB, 0 %, 120.15 W, 1980 MHz, 0 %, 35
2026/10/10 17:29:05.232, 6, 75481 MiB, 0 %, 113.53 W, 1980 MHz, 0 %, 33
2026/10/10 17:29:05.232, 7, 75481 MiB, 0 %, 142.17 W, 1980 MHz, 0 %, 67
2026/10/10 17:29:06.232, 0, 75481 MiB, 0 %, 121.48 W, 1980 MHz, 0 %, 30
2026/10/10 17:29:06.232, 1, 75481 MiB, 0 %, 134.76 W, 1980 MHz, 0 %, 56
2026/10/10 17:29:06.232, 2, 75481 MiB, 0 %, 121.52 W, 1980 MHz, 0 %, 37
2026/10/10 17:29:06.232, 3, 75481 MiB, 0 %, 117.32 W, 1980 MHz, 0 %, 29
2026/10/10 17:29:06.232, 4, 75481 MiB, 0 %, 114.87 W, 1980 MHz, 0 %, 30
2026/10/10 17:29:06.232, 5, 75481 MiB, 0 %, 119.98 W, 1980 MHz, 0 %, 35
2026/10/10 17:29:06.232, 6, 75481 MiB, 0 %, 113.43 W, 1980 MHz, 0 %, 33
2026/10/10 17:29:06.233, 7, 75481 MiB, 0 %, 142.03 W, 1980 MHz, 0 %, 67
2026/10/10 17:29:07.233, 0, 75481 MiB, 0 %, 121.31 W, 1980 MHz, 0 %, 30
2026/10/10 17:29:07.233, 1, 75481 MiB, 0 %, 134.66 W, 1980 MHz, 0 %, 55
2026/10/10 17:29:07.233, 2, 75481 MiB, 0 %, 121.40 W, 1980 MHz, 0 %, 36
2026/10/10 17:29:07.233, 3, 75481 MiB, 0 %, 117.18 W, 1980 MHz, 0 %, 29
2026/10/10 17:29:07.233, 4, 75481 MiB, 0 %, 114.76 W, 1980 MHz, 0 %, 30
2026/10/10 17:29:07.233, 5, 75481 MiB, 0 %, 119.83 W, 1980 MHz, 0 %, 35
2026/10/10 17:29:07.233, 6, 75481 MiB, 0 %, 113.26 W, 1980 MHz, 0 %, 32
2026/10/10 17:29:07.233, 7, 75481 MiB, 0 %, 141.73 W, 1980 MHz, 0 %, 67
2026/10/10 17:29:08.233, 0, 75481 MiB, 0 %, 121.18 W, 1980 MHz, 0 %, 30
2026/10/10 17:29:08.234, 1, 75481 MiB, 0 %, 134.54 W, 1980 MHz, 0 %, 55
2026/10/10 17:29:08.234, 2, 75481 MiB, 0 %, 121.26 W, 1980 MHz, 0 %, 36
2026/10/10 17:29:08.234, 3, 75481 MiB, 0 %, 117.04 W, 1980 MHz, 0 %, 29
2026/10/10 17:29:08.234, 4, 75481 MiB, 0 %, 114.62 W, 1980 MHz, 0 %, 29
2026/10/10 17:29:08.234, 5, 75481 MiB, 0 %, 119.73 W, 1980 MHz, 0 %, 35
2026/10/10 17:29:08.234, 6, 75481 MiB, 0 %, 113.14 W, 1980 MHz, 0 %, 32
2026/10/10 17:29:08.234, 7, 75481 MiB, 0 %, 141.23 W, 1980 MHz, 0 %, 67
2026/10/10 17:29:09.234, 0, 75481 MiB, 0 %, 121.09 W, 1980 MHz, 0 %, 30
2026/10/10 17:29:09.234, 1, 75481 MiB, 0 %, 134.43 W, 1980 MHz, 0 %, 55
2026/10/10 17:29:09.234, 2, 75481 MiB, 0 %, 121.11 W, 1980 MHz, 0 %, 36
2026/10/10 17:29:09.234, 3, 75481 MiB, 0 %, 116.92 W, 1980 MHz, 0 %, 29
2026/10/10 17:29:09.234, 4, 75481 MiB, 0 %, 114.45 W, 1980 MHz, 0 %, 29
2026/10/10 17:29:09.234, 5, 75481 MiB, 0 %, 119.60 W, 1980 MHz, 0 %, 34
2026/10/10 17:29:09.235, 6, 75481 MiB, 0 %, 113.07 W, 1980 MHz, 0 %, 32
2026/10/10 17:29:09.235, 7, 75481 MiB, 0 %, 141.06 W, 1980 MHz, 0 %, 66
2026/10/10 17:29:10.235, 0, 75481 MiB, 0 %, 120.52 W, 1980 MHz, 0 %, 29
2026/10/10 17:29:10.235, 1, 75481 MiB, 0 %, 142.63 W, 1980 MHz, 0 %, 55
2026/10/10 17:29:10.235, 2, 75481 MiB, 18 %, 133.89 W, 1980 MHz, 5 %, 36
2026/10/10 17:29:10.235, 3, 75481 MiB, 24 %, 136.48 W, 1980 MHz, 7 %, 29
2026/10/10 17:29:10.235, 4, 75481 MiB, 0 %, 133.78 W, 1980 MHz, 0 %, 29
2026/10/10 17:29:10.235, 5, 75481 MiB, 0 %, 141.42 W, 1980 MHz, 0 %, 40
2026/10/10 17:29:10.235, 6, 75481 MiB, 0 %, 112.97 W, 1980 MHz, 0 %, 32
2026/10/10 17:29:10.235, 7, 75481 MiB, 0 %, 140.86 W, 1980 MHz, 0 %, 66
2026/10/10 17:29:11.235, 0, 75481 MiB, 100 %, 688.20 W, 1710 MHz, 26 %, 45
2026/10/10 17:29:11.236, 1, 75481 MiB, 100 %, 707.32 W, 1620 MHz, 26 %, 66
2026/10/10 17:29:11.236, 2, 75481 MiB, 100 %, 712.42 W, 1605 MHz, 26 %, 48
2026/10/10 17:29:11.236, 3, 75481 MiB, 100 %, 700.84 W, 1740 MHz, 27 %, 44
2026/10/10 17:29:11.236, 4, 75481 MiB, 100 %, 701.22 W, 1770 MHz, 25 %, 46
2026/10/10 17:29:11.236, 5, 75481 MiB, 100 %, 705.38 W, 1785 MHz, 25 %, 52
2026/10/10 17:29:11.236, 6, 75481 MiB, 100 %, 700.60 W, 1785 MHz, 28 %, 50
2026/10/10 17:29:11.236, 7, 75481 MiB, 100 %, 688.64 W, 1470 MHz, 30 %, 80
2026/10/10 17:29:12.236, 0, 75481 MiB, 100 %, 692.79 W, 1785 MHz, 26 %, 49
2026/10/10 17:29:12.236, 1, 75481 MiB, 100 %, 695.93 W, 1740 MHz, 26 %, 68
2026/10/10 17:29:12.236, 2, 75481 MiB, 100 %, 692.67 W, 1740 MHz, 26 %, 50
2026/10/10 17:29:12.236, 3, 75481 MiB, 100 %, 693.46 W, 1740 MHz, 26 %, 48
2026/10/10 17:29:12.236, 4, 75481 MiB, 100 %, 688.85 W, 1800 MHz, 25 %, 49
2026/10/10 17:29:12.237, 5, 75481 MiB, 100 %, 695.36 W, 1725 MHz, 26 %, 54
2026/10/10 17:29:12.237, 6, 75481 MiB, 100 %, 694.89 W, 1785 MHz, 26 %, 53
2026/10/10 17:29:12.237, 7, 75481 MiB, 100 %, 655.52 W, 1545 MHz, 26 %, 82
2026/10/10 17:29:13.237, 0, 75481 MiB, 100 %, 618.83 W, 1965 MHz, 18 %, 42
2026/10/10 17:29:13.237, 1, 75481 MiB, 100 %, 616.63 W, 1965 MHz, 17 %, 62
2026/10/10 17:29:13.237, 2, 75481 MiB, 100 %, 603.75 W, 1965 MHz, 17 %, 45
2026/10/10 17:29:13.237, 3, 75481 MiB, 100 %, 609.00 W, 1965 MHz, 17 %, 41
2026/10/10 17:29:13.237, 4, 75481 MiB, 100 %, 602.00 W, 1965 MHz, 17 %, 42
2026/10/10 17:29:13.237, 5, 75481 MiB, 100 %, 599.42 W, 1965 MHz, 17 %, 46
2026/10/10 17:29:13.237, 6, 75481 MiB, 100 %, 600.78 W, 1965 MHz, 18 %, 46
2026/10/10 17:29:13.237, 7, 75481 MiB, 100 %, 569.45 W, 1965 MHz, 28 %, 76
2026/10/10 17:29:14.237, 0, 75481 MiB, 100 %, 267.27 W, 1980 MHz, 18 %, 37
2026/10/10 17:29:14.238, 1, 75481 MiB, 100 %, 283.53 W, 1980 MHz, 17 %, 60
2026/10/10 17:29:14.238, 2, 75481 MiB, 100 %, 272.03 W, 1980 MHz, 18 %, 41
2026/10/10 17:29:14.238, 3, 75481 MiB, 100 %, 267.08 W, 1980 MHz, 17 %, 36
2026/10/10 17:29:14.238, 4, 75481 MiB, 100 %, 259.01 W, 1980 MHz, 17 %, 37
2026/10/10 17:29:14.238, 5, 75481 MiB, 100 %, 269.88 W, 1980 MHz, 18 %, 41
2026/10/10 17:29:14.238, 6, 75481 MiB, 100 %, 261.69 W, 1980 MHz, 17 %, 40
2026/10/10 17:29:14.238, 7, 75481 MiB, 100 %, 299.37 W, 1980 MHz, 17 %, 72
2026/10/10 17:29:15.238, 0, 75481 MiB, 100 %, 267.38 W, 1980 MHz, 18 %, 37
2026/10/10 17:29:15.238, 1, 75481 MiB, 100 %, 284.39 W, 1980 MHz, 18 %, 60
2026/10/10 17:29:15.238, 2, 75481 MiB, 100 %, 270.72 W, 1980 MHz, 18 %, 40
2026/10/10 17:29:15.238, 3, 75481 MiB, 100 %, 266.12 W, 1980 MHz, 17 %, 35
2026/10/10 17:29:15.238, 4, 75481 MiB, 100 %, 259.31 W, 1980 MHz, 17 %, 36
2026/10/10 17:29:15.238, 5, 75481 MiB, 100 %, 268.34 W, 1980 MHz, 17 %, 40
2026/10/10 17:29:15.238, 6, 75481 MiB, 100 %, 259.68 W, 1980 MHz, 18 %, 39
2026/10/10 17:29:15.238, 7, 75481 MiB, 100 %, 296.30 W, 1980 MHz, 17 %, 72
2026/10/10 17:29:16.239, 0, 75481 MiB, 100 %, 268.15 W, 1980 MHz, 17 %, 36
2026/10/10 17:29:16.239, 1, 75481 MiB, 100 %, 286.96 W, 1980 MHz, 18 %, 60
2026/10/10 17:29:16.239, 2, 75481 MiB, 100 %, 269.93 W, 1980 MHz, 18 %, 40
2026/10/10 17:29:16.239, 3, 75481 MiB, 100 %, 264.83 W, 1980 MHz, 17 %, 35
2026/10/10 17:29:16.239, 4, 75481 MiB, 100 %, 260.35 W, 1980 MHz, 18 %, 35
2026/10/10 17:29:16.239, 5, 75481 MiB, 100 %, 266.37 W, 1980 MHz, 17 %, 40
2026/10/10 17:29:16.239, 6, 75481 MiB, 100 %, 257.95 W, 1980 MHz, 18 %, 38
2026/10/10 17:29:16.239, 7, 75481 MiB, 100 %, 296.00 W, 1980 MHz, 18 %, 71
2026/10/10 17:29:17.239, 0, 75481 MiB, 100 %, 268.13 W, 1980 MHz, 18 %, 36
2026/10/10 17:29:17.239, 1, 75481 MiB, 100 %, 284.60 W, 1980 MHz, 17 %, 60
2026/10/10 17:29:17.239, 2, 75481 MiB, 100 %, 268.39 W, 1980 MHz, 18 %, 40
2026/10/10 17:29:17.239, 3, 75481 MiB, 100 %, 266.19 W, 1980 MHz, 17 %, 34
2026/10/10 17:29:17.239, 4, 75481 MiB, 100 %, 261.11 W, 1980 MHz, 18 %, 35
2026/10/10 17:29:17.239, 5, 75481 MiB, 100 %, 265.95 W, 1980 MHz, 17 %, 40
2026/10/10 17:29:17.239, 6, 75481 MiB, 100 %, 257.99 W, 1980 MHz, 17 %, 38
2026/10/10 17:29:17.239, 7, 75481 MiB, 100 %, 296.83 W, 1980 MHz, 18 %, 71
2026/10/10 17:29:18.240, 0, 75481 MiB, 99 %, 268.04 W, 1980 MHz, 17 %, 36
2026/10/10 17:29:18.240, 1, 75481 MiB, 99 %, 286.61 W, 1980 MHz, 17 %, 60
2026/10/10 17:29:18.240, 2, 75481 MiB, 99 %, 270.29 W, 1980 MHz, 18 %, 40
2026/10/10 17:29:18.240, 3, 75481 MiB, 100 %, 264.30 W, 1980 MHz, 18 %, 34
2026/10/10 17:29:18.240, 4, 75481 MiB, 99 %, 257.70 W, 1980 MHz, 17 %, 35
2026/10/10 17:29:18.240, 5, 75481 MiB, 99 %, 265.02 W, 1980 MHz, 17 %, 40
2026/10/10 17:29:18.240, 6, 75481 MiB, 100 %, 258.39 W, 1980 MHz, 17 %, 38
2026/10/10 17:29:18.240, 7, 75481 MiB, 100 %, 297.65 W, 1980 MHz, 18 %, 71
2026/10/10 17:29:19.240, 0, 75481 MiB, 100 %, 269.28 W, 1980 MHz, 17 %, 36
2026/10/10 17:29:19.240, 1, 75481 MiB, 100 %, 286.77 W, 1980 MHz, 17 %, 60
2026/10/10 17:29:19.240, 2, 75481 MiB, 100 %, 269.08 W, 1980 MHz, 18 %, 40
2026/10/10 17:29:19.240, 3, 75481 MiB, 100 %, 266.41 W, 1980 MHz, 18 %, 34
2026/10/10 17:29:19.240, 4, 75481 MiB, 100 %, 260.80 W, 1980 MHz, 18 %, 35
2026/10/10 17:29:19.241, 5, 75481 MiB, 100 %, 264.99 W, 1980 MHz, 18 %, 39
2026/10/10 17:29:19.241, 6, 75481 MiB, 100 %, 257.84 W, 1980 MHz, 17 %, 37
2026/10/10 17:29:19.241, 7, 75481 MiB, 100 %, 298.23 W, 1980 MHz, 17 %, 71
2026/10/10 17:29:20.241, 0, 75481 MiB, 100 %, 268.25 W, 1980 MHz, 18 %, 36
2026/10/10 17:29:20.241, 1, 75481 MiB, 100 %, 285.20 W, 1980 MHz, 17 %, 59
2026/10/10 17:29:20.241, 2, 75481 MiB, 100 %, 268.86 W, 1980 MHz, 17 %, 40
2026/10/10 17:29:20.241, 3, 75481 MiB, 100 %, 267.20 W, 1980 MHz, 18 %, 34
2026/10/10 17:29:20.241, 4, 75481 MiB, 100 %, 259.02 W, 1980 MHz, 17 %, 35
2026/10/10 17:29:20.241, 5, 75481 MiB, 100 %, 265.11 W, 1980 MHz, 17 %, 39
2026/10/10 17:29:20.241, 6, 75481 MiB, 100 %, 256.32 W, 1980 MHz, 18 %, 37
2026/10/10 17:29:20.241, 7, 75481 MiB, 100 %, 296.32 W, 1980 MHz, 18 %, 71
2026/10/10 17:29:21.241, 0, 75481 MiB, 100 %, 268.38 W, 1980 MHz, 18 %, 36
2026/10/10 17:29:21.242, 1, 75481 MiB, 100 %, 287.01 W, 1980 MHz, 18 %, 60
2026/10/10 17:29:21.242, 2, 75481 MiB, 100 %, 268.51 W, 1980 MHz, 18 %, 40
2026/10/10 17:29:21.242, 3, 75481 MiB, 100 %, 265.09 W, 1980 MHz, 18 %, 34
2026/10/10 17:29:21.242, 4, 75481 MiB, 100 %, 259.34 W, 1980 MHz, 17 %, 35
2026/10/10 17:29:21.242, 5, 75481 MiB, 100 %, 266.31 W, 1980 MHz, 18 %, 39
2026/10/10 17:29:21.242, 6, 75481 MiB, 100 %, 259.35 W, 1980 MHz, 17 %, 37
2026/10/10 17:29:21.242, 7, 75481 MiB, 100 %, 295.27 W, 1980 MHz, 18 %, 71
2026/10/10 17:29:22.242, 0, 75481 MiB, 100 %, 267.60 W, 1980 MHz, 18 %, 36
2026/10/10 17:29:22.242, 1, 75481 MiB, 100 %, 288.94 W, 1980 MHz, 18 %, 60
2026/10/10 17:29:22.242, 2, 75481 MiB, 100 %, 270.14 W, 1980 MHz, 18 %, 40
2026/10/10 17:29:22.242, 3, 75481 MiB, 100 %, 264.90 W, 1980 MHz, 18 %, 34
2026/10/10 17:29:22.242, 4, 75481 MiB, 100 %, 258.59 W, 1980 MHz, 17 %, 35
2026/10/10 17:29:22.243, 5, 75481 MiB, 100 %, 265.03 W, 1980 MHz, 17 %, 39
2026/10/10 17:29:22.243, 6, 75481 MiB, 100 %, 256.89 W, 1980 MHz, 18 %, 37
2026/10/10 17:29:22.243, 7, 75481 MiB, 100 %, 297.12 W, 1980 MHz, 18 %, 71
2026/10/10 17:29:23.243, 0, 75481 MiB, 100 %, 268.77 W, 1980 MHz, 18 %, 36
2026/10/10 17:29:23.243, 1, 75481 MiB, 100 %, 286.83 W, 1980 MHz, 17 %, 59
2026/10/10 17:29:23.243, 2, 75481 MiB, 100 %, 267.91 W, 1980 MHz, 18 %, 40
2026/10/10 17:29:23.243, 3, 75481 MiB, 100 %, 265.49 W, 1980 MHz, 18 %, 34
2026/10/10 17:29:23.243, 4, 75481 MiB, 100 %, 261.13 W, 1980 MHz, 17 %, 35
2026/10/10 17:29:23.243, 5, 75481 MiB, 100 %, 265.77 W, 1980 MHz, 18 %, 39
2026/10/10 17:29:23.243, 6, 75481 MiB, 100 %, 257.58 W, 1980 MHz, 18 %, 37
2026/10/10 17:29:23.243, 7, 75481 MiB, 100 %, 296.69 W, 1980 MHz, 18 %, 71
2026/10/10 17:29:24.243, 0, 75481 MiB, 100 %, 267.30 W, 1980 MHz, 18 %, 36
2026/10/10 17:29:24.244, 1, 75481 MiB, 100 %, 286.89 W, 1980 MHz, 17 %, 59
2026/10/10 17:29:24.244, 2, 75481 MiB, 100 %, 266.48 W, 1980 MHz, 18 %, 40
2026/10/10 17:29:24.244, 3, 75481 MiB, 100 %, 263.87 W, 1980 MHz, 17 %, 34
2026/10/10 17:29:24.244, 4, 75481 MiB, 100 %, 260.60 W, 1980 MHz, 17 %, 35
2026/10/10 17:29:24.244, 5, 75481 MiB, 100 %, 263.72 W, 1980 MHz, 17 %, 39
2026/10/10 17:29:24.244, 6, 75481 MiB, 100 %, 259.02 W, 1980 MHz, 18 %, 37
2026/10/10 17:29:24.244, 7, 75481 MiB, 100 %, 296.90 W, 1980 MHz, 18 %, 71
2026/10/10 17:29:25.244, 0, 75481 MiB, 100 %, 268.86 W, 1980 MHz, 18 %, 35
2026/10/10 17:29:25.244, 1, 75481 MiB, 100 %, 287.77 W, 1980 MHz, 18 %, 60
2026/10/10 17:29:25.244, 2, 75481 MiB, 100 %, 267.46 W, 1980 MHz, 18 %, 40
2026/10/10 17:29:25.244, 3, 75481 MiB, 100 %, 266.09 W, 1980 MHz, 18 %, 34
2026/10/10 17:29:25.244, 4, 75481 MiB, 100 %, 260.27 W, 1980 MHz, 17 %, 34
2026/10/10 17:29:25.245, 5, 75481 MiB, 100 %, 266.92 W, 1980 MHz, 17 %, 39
2026/10/10 17:29:25.245, 6, 75481 MiB, 100 %, 258.29 W, 1980 MHz, 18 %, 37
2026/10/10 17:29:25.245, 7, 75481 MiB, 100 %, 295.39 W, 1980 MHz, 18 %, 71
2026/10/10 17:29:26.245, 0, 75481 MiB, 100 %, 550.07 W, 1815 MHz, 30 %, 50
2026/10/10 17:29:26.245, 1, 75481 MiB, 100 %, 573.95 W, 1770 MHz, 30 %, 70
2026/10/10 17:29:26.245, 2, 75481 MiB, 100 %, 563.82 W, 1785 MHz, 30 %, 51
2026/10/10 17:29:26.245, 3, 75481 MiB, 100 %, 563.85 W, 1845 MHz, 30 %, 48
2026/10/10 17:29:26.245, 4, 75481 MiB, 100 %, 565.08 W, 1860 MHz, 30 %, 50
2026/10/10 17:29:26.245, 5, 75481 MiB, 100 %, 569.66 W, 1770 MHz, 30 %, 53
2026/10/10 17:29:26.245, 6, 75481 MiB, 100 %, 562.51 W, 1830 MHz, 30 %, 52
2026/10/10 17:29:26.245, 7, 75481 MiB, 100 %, 548.44 W, 1740 MHz, 30 %, 83
2026/10/10 17:29:27.245, 0, 75481 MiB, 100 %, 684.71 W, 1845 MHz, 26 %, 52
2026/10/10 17:29:27.246, 1, 75481 MiB, 100 %, 688.54 W, 1890 MHz, 26 %, 71
2026/10/10 17:29:27.246, 2, 75481 MiB, 100 %, 683.59 W, 1935 MHz, 25 %, 52
2026/10/10 17:29:27.246, 3, 75481 MiB, 100 %, 688.81 W, 1875 MHz, 26 %, 50
2026/10/10 17:29:27.246, 4, 75481 MiB, 100 %, 687.30 W, 1890 MHz, 26 %, 53
2026/10/10 17:29:27.246, 5, 75481 MiB, 100 %, 692.97 W, 1890 MHz, 26 %, 56
2026/10/10 17:29:27.246, 6, 75481 MiB, 100 %, 690.46 W, 1875 MHz, 26 %, 56
2026/10/10 17:29:27.246, 7, 75481 MiB, 100 %, 635.66 W, 1530 MHz, 27 %, 82
2026/10/10 17:29:28.246, 0, 75481 MiB, 100 %, 690.77 W, 1935 MHz, 24 %, 54
2026/10/10 17:29:28.246, 1, 75481 MiB, 100 %, 694.17 W, 1815 MHz, 24 %, 72
2026/10/10 17:29:28.246, 2, 75481 MiB, 100 %, 691.31 W, 1845 MHz, 25 %, 54
2026/10/10 17:29:28.246, 3, 75481 MiB, 100 %, 692.62 W, 1785 MHz, 25 %, 51
2026/10/10 17:29:28.246, 4, 75481 MiB, 100 %, 686.03 W, 1905 MHz, 24 %, 53
2026/10/10 17:29:28.246, 5, 75481 MiB, 100 %, 696.49 W, 1815 MHz, 24 %, 57
2026/10/10 17:29:28.247, 6, 75481 MiB, 100 %, 690.27 W, 1965 MHz, 25 %, 58
2026/10/10 17:29:28.247, 7, 75481 MiB, 100 %, 599.37 W, 1530 MHz, 25 %, 82
2026/10/10 17:29:29.247, 0, 75481 MiB, 100 %, 516.70 W, 1980 MHz, 17 %, 41
2026/10/10 17:29:29.247, 1, 75481 MiB, 100 %, 515.23 W, 1980 MHz, 18 %, 62
2026/10/10 17:29:29.247, 2, 75481 MiB, 100 %, 513.92 W, 1980 MHz, 18 %, 45
2026/10/10 17:29:29.247, 3, 75481 MiB, 100 %, 513.33 W, 1980 MHz, 18 %, 40
2026/10/10 17:29:29.247, 4, 75481 MiB, 100 %, 505.84 W, 1980 MHz, 18 %, 41
2026/10/10 17:29:29.247, 5, 75481 MiB, 100 %, 499.54 W, 1980 MHz, 18 %, 45
2026/10/10 17:29:29.247, 6, 75481 MiB, 100 %, 503.35 W, 1980 MHz, 18 %, 45
2026/10/10 17:29:29.247, 7, 75481 MiB, 100 %, 467.92 W, 1980 MHz, 18 %, 74
2026/10/10 17:29:30.247, 0, 75481 MiB, 100 %, 268.72 W, 1980 MHz, 17 %, 38
2026/10/10 17:29:30.248, 1, 75481 MiB, 100 %, 286.79 W, 1980 MHz, 18 %, 60
2026/10/10 17:29:30.248, 2, 75481 MiB, 100 %, 270.58 W, 1980 MHz, 18 %, 42
2026/10/10 17:29:30.248, 3, 75481 MiB, 100 %, 273.67 W, 1980 MHz, 18 %, 37
2026/10/10 17:29:30.248, 4, 75481 MiB, 100 %, 261.52 W, 1980 MHz, 18 %, 37
2026/10/10 17:29:30.248, 5, 75481 MiB, 100 %, 273.26 W, 1980 MHz, 18 %, 42
2026/10/10 17:29:30.248, 6, 75481 MiB, 100 %, 262.71 W, 1980 MHz, 18 %, 40
2026/10/10 17:29:30.248, 7, 75481 MiB, 100 %, 299.39 W, 1980 MHz, 17 %, 72
2026/10/10 17:29:31.248, 0, 75481 MiB, 100 %, 268.13 W, 1980 MHz, 18 %, 37
2026/10/10 17:29:31.248, 1, 75481 MiB, 100 %, 286.54 W, 1980 MHz, 18 %, 60
2026/10/10 17:29:31.248, 2, 75481 MiB, 100 %, 270.60 W, 1980 MHz, 18 %, 41
2026/10/10 17:29:31.248, 3, 75481 MiB, 100 %, 271.44 W, 1980 MHz, 18 %, 36
2026/10/10 17:29:31.248, 4, 75481 MiB, 100 %, 260.47 W, 1980 MHz, 17 %, 37
2026/10/10 17:29:31.248, 5, 75481 MiB, 100 %, 271.43 W, 1980 MHz, 18 %, 41
2026/10/10 17:29:31.249, 6, 75481 MiB, 100 %, 261.30 W, 1980 MHz, 18 %, 39
2026/10/10 17:29:31.249, 7, 75481 MiB, 100 %, 297.64 W, 1980 MHz, 17 %, 72
2026/10/10 17:29:32.249, 0, 75481 MiB, 100 %, 267.71 W, 1980 MHz, 18 %, 37
2026/10/10 17:29:32.249, 1, 75481 MiB, 100 %, 286.39 W, 1980 MHz, 17 %, 60
2026/10/10 17:29:32.249, 2, 75481 MiB, 100 %, 270.52 W, 1980 MHz, 18 %, 41
2026/10/10 17:29:32.249, 3, 75481 MiB, 100 %, 268.39 W, 1980 MHz, 18 %, 35
2026/10/10 17:29:32.249, 4, 75481 MiB, 100 %, 262.79 W, 1980 MHz, 18 %, 36
2026/10/10 17:29:32.249, 5, 75481 MiB, 100 %, 269.88 W, 1980 MHz, 18 %, 41
2026/10/10 17:29:32.249, 6, 75481 MiB, 100 %, 258.64 W, 1980 MHz, 18 %, 39
2026/10/10 17:29:32.249, 7, 75481 MiB, 100 %, 296.67 W, 1980 MHz, 17 %, 72
2026/10/10 17:29:33.249, 0, 75481 MiB, 100 %, 268.58 W, 1980 MHz, 18 %, 37
2026/10/10 17:29:33.249, 1, 75481 MiB, 100 %, 285.68 W, 1980 MHz, 17 %, 60
2026/10/10 17:29:33.249, 2, 75481 MiB, 100 %, 271.27 W, 1980 MHz, 18 %, 41
2026/10/10 17:29:33.250, 3, 75481 MiB, 100 %, 268.11 W, 1980 MHz, 18 %, 35
2026/10/10 17:29:33.250, 4, 75481 MiB, 100 %, 263.34 W, 1980 MHz, 18 %, 36
2026/10/10 17:29:33.250, 5, 75481 MiB, 100 %, 270.01 W, 1980 MHz, 18 %, 40
2026/10/10 17:29:33.250, 6, 75481 MiB, 100 %, 261.64 W, 1980 MHz, 18 %, 38
2026/10/10 17:29:33.250, 7, 75481 MiB, 100 %, 296.60 W, 1980 MHz, 18 %, 72
2026/10/10 17:29:34.250, 0, 75481 MiB, 100 %, 268.38 W, 1980 MHz, 18 %, 36
2026/10/10 17:29:34.250, 1, 75481 MiB, 100 %, 288.85 W, 1980 MHz, 18 %, 60
2026/10/10 17:29:34.250, 2, 75481 MiB, 100 %, 268.80 W, 1980 MHz, 18 %, 40
2026/10/10 17:29:34.250, 3, 75481 MiB, 100 %, 269.03 W, 1980 MHz, 18 %, 35
2026/10/10 17:29:34.250, 4, 75481 MiB, 100 %, 261.15 W, 1980 MHz, 17 %, 36
2026/10/10 17:29:34.250, 5, 75481 MiB, 100 %, 271.17 W, 1980 MHz, 18 %, 40
2026/10/10 17:29:34.250, 6, 75481 MiB, 100 %, 260.41 W, 1980 MHz, 18 %, 38
2026/10/10 17:29:34.250, 7, 75481 MiB, 100 %, 295.50 W, 1980 MHz, 17 %, 71
2026/10/10 17:29:35.250, 0, 75481 MiB, 100 %, 267.81 W, 1980 MHz, 18 %, 36
2026/10/10 17:29:35.251, 1, 75481 MiB, 100 %, 286.62 W, 1980 MHz, 18 %, 60
2026/10/10 17:29:35.251, 2, 75481 MiB, 100 %, 271.39 W, 1980 MHz, 18 %, 40
2026/10/10 17:29:35.251, 3, 75481 MiB, 100 %, 267.95 W, 1980 MHz, 18 %, 35
2026/10/10 17:29:35.251, 4, 75481 MiB, 100 %, 260.11 W, 1980 MHz, 17 %, 35
2026/10/10 17:29:35.251, 5, 75481 MiB, 100 %, 270.81 W, 1980 MHz, 18 %, 40
2026/10/10 17:29:35.251, 6, 75481 MiB, 100 %, 258.52 W, 1980 MHz, 18 %, 38
2026/10/10 17:29:35.251, 7, 75481 MiB, 100 %, 294.86 W, 1980 MHz, 17 %, 71
2026/10/10 17:29:36.251, 0, 75481 MiB, 100 %, 268.32 W, 1980 MHz, 18 %, 36
2026/10/10 17:29:36.251, 1, 75481 MiB, 100 %, 286.20 W, 1980 MHz, 18 %, 60
2026/10/10 17:29:36.251, 2, 75481 MiB, 100 %, 267.77 W, 1980 MHz, 18 %, 40
2026/10/10 17:29:36.251, 3, 75481 MiB, 100 %, 271.96 W, 1980 MHz, 18 %, 35
2026/10/10 17:29:36.251, 4, 75481 MiB, 100 %, 262.05 W, 1980 MHz, 18 %, 35
2026/10/10 17:29:36.251, 5, 75481 MiB, 100 %, 270.37 W, 1980 MHz, 18 %, 40
2026/10/10 17:29:36.251, 6, 75481 MiB, 100 %, 259.59 W, 1980 MHz, 18 %, 38
2026/10/10 17:29:36.252, 7, 75481 MiB, 100 %, 294.67 W, 1980 MHz, 17 %, 71
2026/10/10 17:29:37.252, 0, 75481 MiB, 100 %, 267.18 W, 1980 MHz, 18 %, 36
2026/10/10 17:29:37.252, 1, 75481 MiB, 100 %, 285.92 W, 1980 MHz, 17 %, 60
2026/10/10 17:29:37.252, 2, 75481 MiB, 100 %, 267.79 W, 1980 MHz, 18 %, 40
2026/10/10 17:29:37.252, 3, 75481 MiB, 100 %, 269.26 W, 1980 MHz, 18 %, 35
2026/10/10 17:29:37.252, 4, 75481 MiB, 100 %, 260.46 W, 1980 MHz, 18 %, 35
2026/10/10 17:29:37.252, 5, 75481 MiB, 100 %, 272.03 W, 1980 MHz, 18 %, 40
2026/10/10 17:29:37.252, 6, 75481 MiB, 100 %, 258.53 W, 1980 MHz, 18 %, 38
2026/10/10 17:29:37.252, 7, 75481 MiB, 100 %, 295.72 W, 1980 MHz, 18 %, 71
2026/10/10 17:29:38.252, 0, 75481 MiB, 100 %, 267.73 W, 1980 MHz, 18 %, 36
2026/10/10 17:29:38.252, 1, 75481 MiB, 100 %, 287.52 W, 1980 MHz, 18 %, 60
2026/10/10 17:29:38.252, 2, 75481 MiB, 100 %, 268.62 W, 1980 MHz, 18 %, 40
2026/10/10 17:29:38.252, 3, 75481 MiB, 100 %, 269.54 W, 1980 MHz, 18 %, 35
2026/10/10 17:29:38.252, 4, 75481 MiB, 100 %, 260.01 W, 1980 MHz, 17 %, 35
2026/10/10 17:29:38.253, 5, 75481 MiB, 100 %, 273.08 W, 1980 MHz, 18 %, 40
2026/10/10 17:29:38.253, 6, 75481 MiB, 100 %, 259.69 W, 1980 MHz, 18 %, 38
2026/10/10 17:29:38.253, 7, 75481 MiB, 100 %, 296.52 W, 1980 MHz, 17 %, 71
2026/10/10 17:29:39.253, 0, 75481 MiB, 100 %, 268.98 W, 1980 MHz, 18 %, 36
2026/10/10 17:29:39.253, 1, 75481 MiB, 100 %, 287.14 W, 1980 MHz, 18 %, 60
2026/10/10 17:29:39.253, 2, 75481 MiB, 100 %, 268.40 W, 1980 MHz, 18 %, 40
2026/10/10 17:29:39.253, 3, 75481 MiB, 100 %, 270.52 W, 1980 MHz, 18 %, 35
2026/10/10 17:29:39.253, 4, 75481 MiB, 100 %, 261.50 W, 1980 MHz, 17 %, 35
2026/10/10 17:29:39.253, 5, 75481 MiB, 100 %, 270.73 W, 1980 MHz, 18 %, 40
2026/10/10 17:29:39.253, 6, 75481 MiB, 100 %, 258.16 W, 1980 MHz, 18 %, 37
2026/10/10 17:29:39.253, 7, 75481 MiB, 100 %, 294.24 W, 1980 MHz, 18 %, 71
2026/10/10 17:29:40.253, 0, 75481 MiB, 100 %, 268.95 W, 1980 MHz, 18 %, 36
2026/10/10 17:29:40.253, 1, 75481 MiB, 100 %, 285.26 W, 1980 MHz, 17 %, 60
2026/10/10 17:29:40.254, 2, 75481 MiB, 100 %, 271.06 W, 1980 MHz, 18 %, 40
2026/10/10 17:29:40.254, 3, 75481 MiB, 100 %, 268.79 W, 1980 MHz, 18 %, 34
2026/10/10 17:29:40.254, 4, 75481 MiB, 100 %, 261.47 W, 1980 MHz, 18 %, 35
2026/10/10 17:29:40.254, 5, 75481 MiB, 100 %, 269.72 W, 1980 MHz, 18 %, 40
2026/10/10 17:29:40.254, 6, 75481 MiB, 100 %, 259.32 W, 1980 MHz, 18 %, 37
2026/10/10 17:29:40.254, 7, 75481 MiB, 100 %, 295.08 W, 1980 MHz, 17 %, 71
2026/10/10 17:29:41.254, 0, 75481 MiB, 100 %, 266.54 W, 1980 MHz, 18 %, 36
2026/10/10 17:29:41.254, 1, 75481 MiB, 100 %, 285.07 W, 1980 MHz, 17 %, 60
2026/10/10 17:29:41.254, 2, 75481 MiB, 100 %, 268.64 W, 1980 MHz, 18 %, 40
2026/10/10 17:29:41.254, 3, 75481 MiB, 100 %, 267.59 W, 1980 MHz, 18 %, 34
2026/10/10 17:29:41.254, 4, 75481 MiB, 100 %, 262.93 W, 1980 MHz, 18 %, 35
2026/10/10 17:29:41.254, 5, 75481 MiB, 100 %, 269.87 W, 1980 MHz, 18 %, 40
2026/10/10 17:29:41.254, 6, 75481 MiB, 100 %, 259.91 W, 1980 MHz, 18 %, 37
2026/10/10 17:29:41.254, 7, 75481 MiB, 100 %, 296.87 W, 1980 MHz, 17 %, 71
2026/10/10 17:29:42.255, 0, 75481 MiB, 100 %, 586.82 W, 1845 MHz, 30 %, 50
2026/10/10 17:29:42.255, 1, 75481 MiB, 100 %, 602.66 W, 1785 MHz, 30 %, 71
2026/10/10 17:29:42.255, 2, 75481 MiB, 100 %, 589.43 W, 1830 MHz, 30 %, 51
2026/10/10 17:29:42.255, 3, 75481 MiB, 100 %, 584.57 W, 1770 MHz, 29 %, 48
2026/10/10 17:29:42.255, 4, 75481 MiB, 100 %, 585.77 W, 1830 MHz, 30 %, 50
2026/10/10 17:29:42.255, 5, 75481 MiB, 100 %, 609.47 W, 1770 MHz, 30 %, 54
2026/10/10 17:29:42.255, 6, 75481 MiB, 100 %, 602.19 W, 1830 MHz, 30 %, 53
2026/10/10 17:29:42.255, 7, 75481 MiB, 100 %, 614.87 W, 1725 MHz, 30 %, 84
2026/10/10 17:29:43.255, 0, 75481 MiB, 100 %, 688.67 W, 1875 MHz, 26 %, 52
2026/10/10 17:29:43.256, 1, 75481 MiB, 100 %, 686.84 W, 1890 MHz, 26 %, 72
2026/10/10 17:29:43.256, 2, 75481 MiB, 100 %, 688.46 W, 1920 MHz, 26 %, 54
2026/10/10 17:29:43.256, 3, 75481 MiB, 100 %, 689.24 W, 1890 MHz, 26 %, 51
2026/10/10 17:29:43.256, 4, 75481 MiB, 100 %, 687.56 W, 1920 MHz, 26 %, 53
2026/10/10 17:29:43.256, 5, 75481 MiB, 100 %, 689.82 W, 1920 MHz, 26 %, 57
2026/10/10 17:29:43.256, 6, 75481 MiB, 100 %, 689.16 W, 1860 MHz, 26 %, 56
2026/10/10 17:29:43.256, 7, 75481 MiB, 100 %, 615.94 W, 1545 MHz, 26 %, 82
2026/10/10 17:29:44.256, 0, 75481 MiB, 100 %, 688.12 W, 1965 MHz, 24 %, 54
2026/10/10 17:29:44.256, 1, 75481 MiB, 100 %, 691.35 W, 1815 MHz, 24 %, 72
2026/10/10 17:29:44.256, 2, 75481 MiB, 100 %, 689.22 W, 1890 MHz, 24 %, 56
2026/10/10 17:29:44.256, 3, 75481 MiB, 100 %, 686.62 W, 1920 MHz, 24 %, 52
2026/10/10 17:29:44.256, 4, 75481 MiB, 100 %, 685.17 W, 1920 MHz, 24 %, 54
2026/10/10 17:29:44.256, 5, 75481 MiB, 100 %, 693.26 W, 1920 MHz, 24 %, 58
2026/10/10 17:29:44.256, 6, 75481 MiB, 100 %, 691.04 W, 1905 MHz, 24 %, 58
2026/10/10 17:29:44.257, 7, 75481 MiB, 100 %, 597.69 W, 1485 MHz, 25 %, 81
2026/10/10 17:29:45.257, 0, 75483 MiB, 100 %, 398.09 W, 1980 MHz, 18 %, 40
2026/10/10 17:29:45.257, 1, 75483 MiB, 100 %, 413.02 W, 1980 MHz, 18 %, 61
2026/10/10 17:29:45.257, 2, 75483 MiB, 100 %, 403.57 W, 1980 MHz, 18 %, 44
2026/10/10 17:29:45.257, 3, 75483 MiB, 100 %, 385.50 W, 1980 MHz, 17 %, 38
2026/10/10 17:29:45.257, 4, 75483 MiB, 100 %, 401.29 W, 1980 MHz, 18 %, 40
2026/10/10 17:29:45.257, 5, 75483 MiB, 100 %, 387.32 W, 1980 MHz, 17 %, 44
2026/10/10 17:29:45.257, 6, 75483 MiB, 100 %, 377.34 W, 1980 MHz, 18 %, 43
2026/10/10 17:29:45.257, 7, 75483 MiB, 100 %, 378.22 W, 1980 MHz, 17 %, 73
2026/10/10 17:29:46.257, 0, 75483 MiB, 100 %, 268.97 W, 1980 MHz, 18 %, 38
2026/10/10 17:29:46.257, 1, 75483 MiB, 100 %, 288.04 W, 1980 MHz, 18 %, 60
2026/10/10 17:29:46.258, 2, 75483 MiB, 100 %, 274.01 W, 1980 MHz, 18 %, 42
2026/10/10 17:29:46.258, 3, 75483 MiB, 100 %, 266.82 W, 1980 MHz, 17 %, 36
2026/10/10 17:29:46.258, 4, 75483 MiB, 100 %, 263.68 W, 1980 MHz, 17 %, 37
2026/10/10 17:29:46.258, 5, 75483 MiB, 100 %, 268.80 W, 1980 MHz, 17 %, 42
2026/10/10 17:29:46.258, 6, 75483 MiB, 100 %, 263.67 W, 1980 MHz, 18 %, 40
2026/10/10 17:29:46.258, 7, 75483 MiB, 100 %, 300.32 W, 1980 MHz, 17 %, 72
2026/10/10 17:29:47.258, 0, 75483 MiB, 100 %, 269.76 W, 1980 MHz, 18 %, 37
2026/10/10 17:29:47.258, 1, 75483 MiB, 100 %, 287.71 W, 1980 MHz, 18 %, 60
2026/10/10 17:29:47.258, 2, 75483 MiB, 100 %, 268.79 W, 1980 MHz, 18 %, 41
2026/10/10 17:29:47.258, 3, 75483 MiB, 100 %, 266.28 W, 1980 MHz, 17 %, 36
2026/10/10 17:29:47.258, 4, 75483 MiB, 100 %, 261.92 W, 1980 MHz, 18 %, 37
2026/10/10 17:29:47.258, 5, 75483 MiB, 100 %, 267.91 W, 1980 MHz, 17 %, 41
2026/10/10 17:29:47.258, 6, 75483 MiB, 100 %, 263.59 W, 1980 MHz, 18 %, 39
2026/10/10 17:29:47.258, 7, 75483 MiB, 100 %, 299.29 W, 1980 MHz, 18 %, 72
2026/10/10 17:29:48.258, 0, 75483 MiB, 100 %, 265.96 W, 1980 MHz, 17 %, 37
2026/10/10 17:29:48.259, 1, 75483 MiB, 100 %, 287.05 W, 1980 MHz, 18 %, 60
2026/10/10 17:29:48.259, 2, 75483 MiB, 100 %, 268.90 W, 1980 MHz, 18 %, 41
2026/10/10 17:29:48.259, 3, 75483 MiB, 100 %, 265.45 W, 1980 MHz, 18 %, 35
2026/10/10 17:29:48.259, 4, 75483 MiB, 100 %, 261.82 W, 1980 MHz, 18 %, 36
2026/10/10 17:29:48.259, 5, 75483 MiB, 100 %, 269.84 W, 1980 MHz, 17 %, 41
2026/10/10 17:29:48.259, 6, 75483 MiB, 100 %, 260.22 W, 1980 MHz, 18 %, 39
2026/10/10 17:29:48.259, 7, 75483 MiB, 100 %, 299.70 W, 1980 MHz, 17 %, 72
2026/10/10 17:29:49.259, 0, 75483 MiB, 100 %, 266.90 W, 1980 MHz, 17 %, 37
2026/10/10 17:29:49.259, 1, 75483 MiB, 100 %, 286.88 W, 1980 MHz, 17 %, 60
2026/10/10 17:29:49.259, 2, 75483 MiB, 100 %, 269.55 W, 1980 MHz, 17 %, 41
2026/10/10 17:29:49.259, 3, 75483 MiB, 100 %, 267.87 W, 1980 MHz, 18 %, 35
2026/10/10 17:29:49.259, 4, 75483 MiB, 100 %, 261.17 W, 1980 MHz, 18 %, 36
2026/10/10 17:29:49.259, 5, 75483 MiB, 100 %, 268.28 W, 1980 MHz, 18 %, 41
2026/10/10 17:29:49.259, 6, 75483 MiB, 100 %, 259.53 W, 1980 MHz, 18 %, 38
2026/10/10 17:29:49.259, 7, 75483 MiB, 100 %, 299.03 W, 1980 MHz, 18 %, 72
2026/10/10 17:29:50.260, 0, 75483 MiB, 100 %, 266.12 W, 1980 MHz, 18 %, 37
2026/10/10 17:29:50.260, 1, 75483 MiB, 100 %, 287.20 W, 1980 MHz, 17 %, 60
2026/10/10 17:29:50.260, 2, 75483 MiB, 100 %, 269.64 W, 1980 MHz, 18 %, 41
2026/10/10 17:29:50.260, 3, 75483 MiB, 100 %, 265.26 W, 1980 MHz, 18 %, 35
2026/10/10 17:29:50.260, 4, 75483 MiB, 100 %, 262.40 W, 1980 MHz, 17 %, 36
2026/10/10 17:29:50.260, 5, 75483 MiB, 100 %, 268.73 W, 1980 MHz, 17 %, 40
2026/10/10 17:29:50.260, 6, 75483 MiB, 100 %, 258.66 W, 1980 MHz, 18 %, 38
2026/10/10 17:29:50.260, 7, 75483 MiB, 100 %, 299.71 W, 1980 MHz, 18 %, 72
2026/10/10 17:29:51.260, 0, 75483 MiB, 100 %, 267.14 W, 1980 MHz, 18 %, 37
2026/10/10 17:29:51.260, 1, 75483 MiB, 100 %, 288.54 W, 1980 MHz, 18 %, 60
2026/10/10 17:29:51.260, 2, 75483 MiB, 100 %, 268.10 W, 1980 MHz, 18 %, 40
2026/10/10 17:29:51.260, 3, 75483 MiB, 100 %, 263.97 W, 1980 MHz, 18 %, 35
2026/10/10 17:29:51.260, 4, 75483 MiB, 100 %, 260.46 W, 1980 MHz, 17 %, 36
2026/10/10 17:29:51.260, 5, 75483 MiB, 100 %, 265.43 W, 1980 MHz, 17 %, 40
2026/10/10 17:29:51.261, 6, 75483 MiB, 100 %, 259.53 W, 1980 MHz, 18 %, 38
2026/10/10 17:29:51.261, 7, 75483 MiB, 100 %, 298.45 W, 1980 MHz, 17 %, 72
2026/10/10 17:29:52.261, 0, 75483 MiB, 100 %, 267.27 W, 1980 MHz, 18 %, 36
2026/10/10 17:29:52.261, 1, 75483 MiB, 100 %, 287.56 W, 1980 MHz, 17 %, 60
2026/10/10 17:29:52.261, 2, 75483 MiB, 100 %, 268.17 W, 1980 MHz, 18 %, 40
2026/10/10 17:29:52.261, 3, 75483 MiB, 100 %, 263.44 W, 1980 MHz, 18 %, 35
2026/10/10 17:29:52.261, 4, 75483 MiB, 100 %, 261.28 W, 1980 MHz, 18 %, 35
2026/10/10 17:29:52.261, 5, 75483 MiB, 100 %, 267.12 W, 1980 MHz, 17 %, 40
2026/10/10 17:29:52.261, 6, 75483 MiB, 100 %, 259.74 W, 1980 MHz, 18 %, 38
2026/10/10 17:29:52.261, 7, 75483 MiB, 100 %, 300.23 W, 1980 MHz, 18 %, 71
2026/10/10 17:29:53.261, 0, 75483 MiB, 100 %, 271.82 W, 1980 MHz, 18 %, 36
2026/10/10 17:29:53.261, 1, 75483 MiB, 100 %, 285.01 W, 1980 MHz, 17 %, 60
2026/10/10 17:29:53.261, 2, 75483 MiB, 100 %, 270.42 W, 1980 MHz, 18 %, 40
2026/10/10 17:29:53.262, 3, 75483 MiB, 100 %, 263.49 W, 1980 MHz, 17 %, 35
2026/10/10 17:29:53.262, 4, 75483 MiB, 100 %, 261.53 W, 1980 MHz, 18 %, 35
2026/10/10 17:29:53.262, 5, 75483 MiB, 100 %, 266.52 W, 1980 MHz, 17 %, 40
2026/10/10 17:29:53.262, 6, 75483 MiB, 100 %, 258.20 W, 1980 MHz, 18 %, 38
2026/10/10 17:29:53.262, 7, 75483 MiB, 100 %, 298.26 W, 1980 MHz, 17 %, 71
2026/10/10 17:29:54.262, 0, 75483 MiB, 100 %, 270.35 W, 1980 MHz, 18 %, 36
2026/10/10 17:29:54.262, 1, 75483 MiB, 100 %, 286.02 W, 1980 MHz, 17 %, 60
2026/10/10 17:29:54.262, 2, 75483 MiB, 100 %, 268.02 W, 1980 MHz, 18 %, 40
2026/10/10 17:29:54.262, 3, 75483 MiB, 100 %, 266.46 W, 1980 MHz, 18 %, 35
2026/10/10 17:29:54.262, 4, 75483 MiB, 100 %, 262.98 W, 1980 MHz, 18 %, 35
2026/10/10 17:29:54.262, 5, 75483 MiB, 100 %, 267.22 W, 1980 MHz, 17 %, 40
2026/10/10 17:29:54.262, 6, 75483 MiB, 100 %, 255.51 W, 1980 MHz, 17 %, 38
2026/10/10 17:29:54.262, 7, 75483 MiB, 100 %, 298.94 W, 1980 MHz, 17 %, 71
2026/10/10 17:29:55.262, 0, 75483 MiB, 100 %, 270.58 W, 1980 MHz, 18 %, 36
2026/10/10 17:29:55.263, 1, 75483 MiB, 100 %, 287.41 W, 1980 MHz, 17 %, 60
2026/10/10 17:29:55.263, 2, 75483 MiB, 100 %, 268.77 W, 1980 MHz, 18 %, 40
2026/10/10 17:29:55.263, 3, 75483 MiB, 100 %, 264.11 W, 1980 MHz, 17 %, 34
2026/10/10 17:29:55.263, 4, 75483 MiB, 100 %, 262.89 W, 1980 MHz, 18 %, 35
2026/10/10 17:29:55.263, 5, 75483 MiB, 100 %, 266.80 W, 1980 MHz, 17 %, 40
2026/10/10 17:29:55.263, 6, 75483 MiB, 100 %, 258.19 W, 1980 MHz, 18 %, 38
2026/10/10 17:29:55.263, 7, 75483 MiB, 100 %, 298.74 W, 1980 MHz, 17 %, 71
2026/10/10 17:29:56.263, 0, 75483 MiB, 100 %, 268.27 W, 1980 MHz, 18 %, 36
2026/10/10 17:29:56.263, 1, 75483 MiB, 100 %, 285.83 W, 1980 MHz, 17 %, 60
2026/10/10 17:29:56.263, 2, 75483 MiB, 100 %, 271.36 W, 1980 MHz, 18 %, 40
2026/10/10 17:29:56.263, 3, 75483 MiB, 100 %, 262.64 W, 1980 MHz, 18 %, 34
2026/10/10 17:29:56.263, 4, 75483 MiB, 100 %, 263.15 W, 1980 MHz, 18 %, 35
2026/10/10 17:29:56.263, 5, 75483 MiB, 100 %, 267.17 W, 1980 MHz, 18 %, 40
2026/10/10 17:29:56.263, 6, 75483 MiB, 100 %, 258.91 W, 1980 MHz, 18 %, 37
2026/10/10 17:29:56.264, 7, 75483 MiB, 100 %, 297.28 W, 1980 MHz, 18 %, 71
2026/10/10 17:29:57.264, 0, 75483 MiB, 48 %, 288.41 W, 1800 MHz, 15 %, 34
2026/10/10 17:29:57.264, 1, 75483 MiB, 71 %, 307.20 W, 1800 MHz, 23 %, 58
2026/10/10 17:29:57.264, 2, 75483 MiB, 80 %, 294.53 W, 1830 MHz, 25 %, 42
2026/10/10 17:29:57.264, 3, 75483 MiB, 86 %, 295.03 W, 1770 MHz, 27 %, 38
2026/10/10 17:29:57.264, 4, 75483 MiB, 100 %, 290.71 W, 1785 MHz, 31 %, 41
2026/10/10 17:29:57.264, 5, 75483 MiB, 50 %, 311.01 W, 1785 MHz, 16 %, 48
2026/10/10 17:29:57.264, 6, 75483 MiB, 15 %, 292.29 W, 1815 MHz, 4 %, 45
2026/10/10 17:29:57.264, 7, 75483 MiB, 81 %, 344.82 W, 1725 MHz, 25 %, 81
2026/10/10 17:29:58.264, 0, 75483 MiB, 100 %, 700.69 W, 1740 MHz, 27 %, 48
2026/10/10 17:29:58.265, 1, 75483 MiB, 100 %, 696.51 W, 1710 MHz, 28 %, 67
2026/10/10 17:29:58.265, 2, 75483 MiB, 100 %, 698.70 W, 1770 MHz, 28 %, 50
2026/10/10 17:29:58.265, 3, 75483 MiB, 100 %, 694.61 W, 1785 MHz, 28 %, 47
2026/10/10 17:29:58.265, 4, 75483 MiB, 100 %, 695.30 W, 1725 MHz, 28 %, 49
2026/10/10 17:29:58.265, 5, 75483 MiB, 100 %, 693.80 W, 1800 MHz, 28 %, 53
2026/10/10 17:29:58.265, 6, 75483 MiB, 100 %, 697.16 W, 1725 MHz, 28 %, 52
2026/10/10 17:29:58.265, 7, 75483 MiB, 100 %, 688.28 W, 1680 MHz, 28 %, 83
2026/10/10 17:29:59.265, 0, 75483 MiB, 100 %, 694.40 W, 1785 MHz, 27 %, 51
2026/10/10 17:29:59.265, 1, 75483 MiB, 100 %, 698.82 W, 1665 MHz, 26 %, 69
2026/10/10 17:29:59.265, 2, 75483 MiB, 100 %, 699.46 W, 1785 MHz, 26 %, 53
2026/10/10 17:29:59.266, 3, 75483 MiB, 100 %, 700.27 W, 1785 MHz, 26 %, 49
2026/10/10 17:29:59.266, 4, 75483 MiB, 100 %, 693.75 W, 1830 MHz, 25 %, 51
2026/10/10 17:29:59.266, 5, 75483 MiB, 100 %, 697.50 W, 1830 MHz, 26 %, 55
2026/10/10 17:29:59.266, 6, 75483 MiB, 100 %, 691.15 W, 1815 MHz, 25 %, 55
2026/10/10 17:29:59.266, 7, 75483 MiB, 100 %, 625.94 W, 1470 MHz, 26 %, 82
2026/10/10 17:30:00.266, 0, 75483 MiB, 100 %, 550.28 W, 1980 MHz, 18 %, 41
2026/10/10 17:30:00.266, 1, 75483 MiB, 100 %, 550.84 W, 1980 MHz, 17 %, 62
2026/10/10 17:30:00.266, 2, 75483 MiB, 100 %, 540.02 W, 1980 MHz, 17 %, 46
2026/10/10 17:30:00.266, 3, 75483 MiB, 100 %, 539.68 W, 1980 MHz, 17 %, 40
2026/10/10 17:30:00.266, 4, 75483 MiB, 100 %, 526.95 W, 1980 MHz, 18 %, 41
2026/10/10 17:30:00.266, 5, 75483 MiB, 100 %, 530.21 W, 1980 MHz, 17 %, 46
2026/10/10 17:30:00.266, 6, 75483 MiB, 100 %, 524.43 W, 1980 MHz, 18 %, 45
2026/10/10 17:30:00.266, 7, 75483 MiB, 100 %, 456.36 W, 1980 MHz, 17 %, 74
2026/10/10 17:30:01.267, 0, 75483 MiB, 100 %, 266.27 W, 1980 MHz, 18 %, 38
2026/10/10 17:30:01.267, 1, 75483 MiB, 100 %, 285.53 W, 1980 MHz, 18 %, 60
2026/10/10 17:30:01.267, 2, 75483 MiB, 100 %, 270.17 W, 1980 MHz, 17 %, 42
2026/10/10 17:30:01.267, 3, 75483 MiB, 100 %, 267.65 W, 1980 MHz, 18 %, 37
2026/10/10 17:30:01.267, 4, 75483 MiB, 100 %, 261.98 W, 1980 MHz, 17 %, 38
2026/10/10 17:30:01.267, 5, 75483 MiB, 100 %, 268.19 W, 1980 MHz, 17 %, 42
2026/10/10 17:30:01.267, 6, 75483 MiB, 100 %, 261.13 W, 1980 MHz, 18 %, 41
2026/10/10 17:30:01.267, 7, 75483 MiB, 100 %, 297.84 W, 1980 MHz, 17 %, 72
2026/10/10 17:30:02.267, 0, 75483 MiB, 100 %, 267.23 W, 1980 MHz, 18 %, 37
2026/10/10 17:30:02.267, 1, 75483 MiB, 100 %, 283.81 W, 1980 MHz, 17 %, 60
2026/10/10 17:30:02.267, 2, 75483 MiB, 100 %, 270.56 W, 1980 MHz, 17 %, 41
2026/10/10 17:30:02.268, 3, 75483 MiB, 100 %, 266.72 W, 1980 MHz, 17 %, 36
2026/10/10 17:30:02.268, 4, 75483 MiB, 100 %, 260.43 W, 1980 MHz, 17 %, 37
2026/10/10 17:30:02.268, 5, 75483 MiB, 100 %, 268.20 W, 1980 MHz, 17 %, 41
2026/10/10 17:30:02.268, 6, 75483 MiB, 100 %, 259.43 W, 1980 MHz, 18 %, 39
2026/10/10 17:30:02.268, 7, 75483 MiB, 100 %, 297.97 W, 1980 MHz, 17 %, 72
2026/10/10 17:30:03.268, 0, 75483 MiB, 100 %, 268.00 W, 1980 MHz, 18 %, 37
2026/10/10 17:30:03.268, 1, 75483 MiB, 100 %, 285.19 W, 1980 MHz, 18 %, 60
2026/10/10 17:30:03.268, 2, 75483 MiB, 100 %, 269.74 W, 1980 MHz, 17 %, 41
2026/10/10 17:30:03.268, 3, 75483 MiB, 100 %, 266.79 W, 1980 MHz, 18 %, 36
2026/10/10 17:30:03.268, 4, 75483 MiB, 100 %, 259.67 W, 1980 MHz, 18 %, 36
2026/10/10 17:30:03.268, 5, 75483 MiB, 100 %, 265.49 W, 1980 MHz, 17 %, 41
2026/10/10 17:30:03.268, 6, 75483 MiB, 100 %, 258.55 W, 1980 MHz, 17 %, 39
2026/10/10 17:30:03.268, 7, 75483 MiB, 100 %, 297.00 W, 1980 MHz, 18 %, 72
2026/10/10 17:30:04.269, 0, 75483 MiB, 100 %, 268.35 W, 1980 MHz, 18 %, 37
2026/10/10 17:30:04.269, 1, 75483 MiB, 100 %, 284.20 W, 1980 MHz, 17 %, 60
2026/10/10 17:30:04.269, 2, 75483 MiB, 100 %, 270.67 W, 1980 MHz, 18 %, 41
2026/10/10 17:30:04.269, 3, 75483 MiB, 100 %, 265.36 W, 1980 MHz, 18 %, 35
2026/10/10 17:30:04.269, 4, 75483 MiB, 100 %, 261.92 W, 1980 MHz, 17 %, 36
2026/10/10 17:30:04.269, 5, 75483 MiB, 100 %, 266.47 W, 1980 MHz, 17 %, 40
2026/10/10 17:30:04.269, 6, 75483 MiB, 100 %, 257.06 W, 1980 MHz, 18 %, 38
2026/10/10 17:30:04.269, 7, 75483 MiB, 100 %, 298.34 W, 1980 MHz, 18 %, 72
2026/10/10 17:30:05.269, 0, 75483 MiB, 100 %, 266.47 W, 1980 MHz, 17 %, 37
2026/10/10 17:30:05.269, 1, 75483 MiB, 100 %, 282.31 W, 1980 MHz, 17 %, 60
2026/10/10 17:30:05.269, 2, 75483 MiB, 100 %, 269.25 W, 1980 MHz, 17 %, 41
2026/10/10 17:30:05.269, 3, 75483 MiB, 100 %, 267.18 W, 1980 MHz, 17 %, 35
2026/10/10 17:30:05.270, 4, 75483 MiB, 100 %, 259.79 W, 1980 MHz, 17 %, 36
2026/10/10 17:30:05.270, 5, 75483 MiB, 100 %, 266.02 W, 1980 MHz, 18 %, 40
2026/10/10 17:30:05.270, 6, 75483 MiB, 100 %, 257.30 W, 1980 MHz, 18 %, 38
2026/10/10 17:30:05.270, 7, 75483 MiB, 100 %, 297.50 W, 1980 MHz, 17 %, 72
2026/10/10 17:30:06.270, 0, 75483 MiB, 100 %, 268.87 W, 1980 MHz, 18 %, 37
2026/10/10 17:30:06.270, 1, 75483 MiB, 100 %, 285.92 W, 1980 MHz, 18 %, 60
2026/10/10 17:30:06.270, 2, 75483 MiB, 100 %, 268.88 W, 1980 MHz, 17 %, 40
2026/10/10 17:30:06.270, 3, 75483 MiB, 100 %, 264.90 W, 1980 MHz, 18 %, 35
2026/10/10 17:30:06.270, 4, 75483 MiB, 100 %, 259.03 W, 1980 MHz, 17 %, 36
2026/10/10 17:30:06.270, 5, 75483 MiB, 100 %, 265.05 W, 1980 MHz, 17 %, 40
2026/10/10 17:30:06.270, 6, 75483 MiB, 100 %, 258.21 W, 1980 MHz, 18 %, 38
2026/10/10 17:30:06.270, 7, 75483 MiB, 100 %, 296.72 W, 1980 MHz, 18 %, 71
2026/10/10 17:30:07.271, 0, 75483 MiB, 100 %, 269.75 W, 1980 MHz, 18 %, 36
2026/10/10 17:30:07.271, 1, 75483 MiB, 100 %, 285.24 W, 1980 MHz, 18 %, 60
2026/10/10 17:30:07.271, 2, 75483 MiB, 100 %, 267.51 W, 1980 MHz, 18 %, 40
2026/10/10 17:30:07.271, 3, 75483 MiB, 100 %, 265.04 W, 1980 MHz, 18 %, 35
2026/10/10 17:30:07.271, 4, 75483 MiB, 100 %, 260.03 W, 1980 MHz, 18 %, 35
2026/10/10 17:30:07.271, 5, 75483 MiB, 100 %, 264.23 W, 1980 MHz, 17 %, 40
2026/10/10 17:30:07.271, 6, 75483 MiB, 100 %, 259.27 W, 1980 MHz, 18 %, 38
2026/10/10 17:30:07.271, 7, 75483 MiB, 100 %, 296.12 W, 1980 MHz, 18 %, 71
2026/10/10 17:30:08.271, 0, 75483 MiB, 100 %, 269.59 W, 1980 MHz, 18 %, 36
2026/10/10 17:30:08.271, 1, 75483 MiB, 100 %, 285.92 W, 1980 MHz, 18 %, 60
2026/10/10 17:30:08.271, 2, 75483 MiB, 100 %, 266.30 W, 1980 MHz, 17 %, 40
2026/10/10 17:30:08.271, 3, 75483 MiB, 100 %, 264.63 W, 1980 MHz, 17 %, 35
2026/10/10 17:30:08.271, 4, 75483 MiB, 100 %, 260.57 W, 1980 MHz, 17 %, 35
2026/10/10 17:30:08.271, 5, 75483 MiB, 100 %, 265.24 W, 1980 MHz, 17 %, 40
2026/10/10 17:30:08.272, 6, 75483 MiB, 100 %, 258.89 W, 1980 MHz, 17 %, 38
2026/10/10 17:30:08.272, 7, 75483 MiB, 100 %, 296.45 W, 1980 MHz, 18 %, 71
2026/10/10 17:30:09.272, 0, 75483 MiB, 100 %, 268.28 W, 1980 MHz, 18 %, 36
2026/10/10 17:30:09.272, 1, 75483 MiB, 100 %, 287.10 W, 1980 MHz, 17 %, 60
2026/10/10 17:30:09.272, 2, 75483 MiB, 100 %, 267.77 W, 1980 MHz, 18 %, 40
2026/10/10 17:30:09.272, 3, 75483 MiB, 100 %, 264.65 W, 1980 MHz, 17 %, 35
2026/10/10 17:30:09.272, 4, 75483 MiB, 100 %, 257.99 W, 1980 MHz, 17 %, 35
2026/10/10 17:30:09.272, 5, 75483 MiB, 100 %, 264.92 W, 1980 MHz, 17 %, 40
2026/10/10 17:30:09.272, 6, 75483 MiB, 100 %, 258.25 W, 1980 MHz, 18 %, 38
2026/10/10 17:30:09.272, 7, 75483 MiB, 100 %, 297.78 W, 1980 MHz, 17 %, 71
2026/10/10 17:30:10.272, 0, 75483 MiB, 100 %, 267.34 W, 1980 MHz, 18 %, 36
2026/10/10 17:30:10.273, 1, 75483 MiB, 100 %, 284.14 W, 1980 MHz, 17 %, 60
2026/10/10 17:30:10.273, 2, 75483 MiB, 100 %, 267.05 W, 1980 MHz, 18 %, 40
2026/10/10 17:30:10.273, 3, 75483 MiB, 100 %, 266.40 W, 1980 MHz, 18 %, 35
2026/10/10 17:30:10.273, 4, 75483 MiB, 100 %, 259.84 W, 1980 MHz, 18 %, 35
2026/10/10 17:30:10.273, 5, 75483 MiB, 100 %, 266.38 W, 1980 MHz, 18 %, 40
2026/10/10 17:30:10.273, 6, 75483 MiB, 100 %, 257.23 W, 1980 MHz, 17 %, 37
2026/10/10 17:30:10.273, 7, 75483 MiB, 100 %, 296.97 W, 1980 MHz, 18 %, 71
2026/10/10 17:30:11.273, 0, 75483 MiB, 100 %, 271.19 W, 1980 MHz, 18 %, 36
2026/10/10 17:30:11.273, 1, 75483 MiB, 100 %, 284.26 W, 1980 MHz, 18 %, 60
2026/10/10 17:30:11.273, 2, 75483 MiB, 100 %, 267.00 W, 1980 MHz, 18 %, 40
2026/10/10 17:30:11.273, 3, 75483 MiB, 100 %, 264.70 W, 1980 MHz, 18 %, 35
2026/10/10 17:30:11.273, 4, 75483 MiB, 100 %, 261.77 W, 1980 MHz, 18 %, 35
2026/10/10 17:30:11.273, 5, 75483 MiB, 100 %, 264.30 W, 1980 MHz, 17 %, 40
2026/10/10 17:30:11.274, 6, 75483 MiB, 100 %, 257.87 W, 1980 MHz, 18 %, 37
2026/10/10 17:30:11.274, 7, 75483 MiB, 100 %, 296.65 W, 1980 MHz, 17 %, 71
2026/10/10 17:30:12.274, 0, 75483 MiB, 100 %, 270.26 W, 1980 MHz, 17 %, 36
2026/10/10 17:30:12.274, 1, 75483 MiB, 100 %, 284.42 W, 1980 MHz, 17 %, 60
2026/10/10 17:30:12.274, 2, 75483 MiB, 100 %, 267.10 W, 1980 MHz, 17 %, 40
2026/10/10 17:30:12.274, 3, 75483 MiB, 100 %, 266.81 W, 1980 MHz, 18 %, 34
2026/10/10 17:30:12.274, 4, 75483 MiB, 90 %, 259.89 W, 1980 MHz, 16 %, 35
2026/10/10 17:30:12.274, 5, 75483 MiB, 100 %, 263.36 W, 1980 MHz, 18 %, 40
2026/10/10 17:30:12.274, 6, 75483 MiB, 82 %, 254.17 W, 1980 MHz, 14 %, 37
2026/10/10 17:30:12.274, 7, 75483 MiB, 100 %, 295.32 W, 1980 MHz, 17 %, 71
2026/10/10 17:30:13.274, 0, 75483 MiB, 100 %, 641.20 W, 1755 MHz, 27 %, 51
2026/10/10 17:30:13.275, 1, 75483 MiB, 100 %, 646.93 W, 1605 MHz, 28 %, 69
2026/10/10 17:30:13.275, 2, 75483 MiB, 100 %, 649.12 W, 1665 MHz, 28 %, 52
2026/10/10 17:30:13.275, 3, 75483 MiB, 100 %, 645.86 W, 1815 MHz, 28 %, 50
2026/10/10 17:30:13.275, 4, 75483 MiB, 100 %, 650.11 W, 1845 MHz, 27 %, 52
2026/10/10 17:30:13.275, 5, 75483 MiB, 100 %, 652.88 W, 1395 MHz, 29 %, 53
2026/10/10 17:30:13.275, 6, 75483 MiB, 100 %, 658.95 W, 1410 MHz, 27 %, 54
2026/10/10 17:30:13.275, 7, 75483 MiB, 100 %, 651.47 W, 1650 MHz, 28 %, 83
2026/10/10 17:30:14.275, 0, 75483 MiB, 100 %, 690.13 W, 1845 MHz, 25 %, 53
2026/10/10 17:30:14.275, 1, 75483 MiB, 100 %, 679.46 W, 1680 MHz, 25 %, 70
2026/10/10 17:30:14.275, 2, 75483 MiB, 100 %, 686.83 W, 1815 MHz, 25 %, 55
2026/10/10 17:30:14.276, 3, 75483 MiB, 100 %, 692.26 W, 1920 MHz, 24 %, 51
2026/10/10 17:30:14.276, 4, 75483 MiB, 100 %, 690.15 W, 1860 MHz, 25 %, 53
2026/10/10 17:30:14.276, 5, 75483 MiB, 100 %, 683.07 W, 1680 MHz, 25 %, 55
2026/10/10 17:30:14.276, 6, 75483 MiB, 100 %, 684.56 W, 1740 MHz, 25 %, 55
2026/10/10 17:30:14.276, 7, 75483 MiB, 100 %, 613.56 W, 1515 MHz, 25 %, 82
2026/10/10 17:30:15.276, 0, 75483 MiB, 100 %, 694.04 W, 1740 MHz, 25 %, 54
2026/10/10 17:30:15.276, 1, 75483 MiB, 100 %, 687.33 W, 1725 MHz, 25 %, 72
2026/10/10 17:30:15.276, 2, 75483 MiB, 100 %, 693.44 W, 1785 MHz, 25 %, 57
2026/10/10 17:30:15.276, 3, 75483 MiB, 100 %, 694.02 W, 1800 MHz, 25 %, 52
2026/10/10 17:30:15.276, 4, 75483 MiB, 100 %, 693.96 W, 1815 MHz, 25 %, 55
2026/10/10 17:30:15.276, 5, 75483 MiB, 100 %, 690.34 W, 1725 MHz, 25 %, 57
2026/10/10 17:30:15.277, 6, 75483 MiB, 100 %, 689.34 W, 1785 MHz, 25 %, 58
2026/10/10 17:30:15.277, 7, 75483 MiB, 100 %, 589.77 W, 1515 MHz, 25 %, 82
2026/10/10 17:30:16.277, 0, 75483 MiB, 100 %, 450.11 W, 1980 MHz, 17 %, 40
2026/10/10 17:30:16.277, 1, 75483 MiB, 100 %, 454.89 W, 1980 MHz, 17 %, 61
2026/10/10 17:30:16.277, 2, 75483 MiB, 100 %, 443.77 W, 1980 MHz, 18 %, 45
2026/10/10 17:30:16.277, 3, 75483 MiB, 100 %, 436.55 W, 1980 MHz, 18 %, 39
2026/10/10 17:30:16.277, 4, 75483 MiB, 100 %, 439.47 W, 1980 MHz, 17 %, 40
2026/10/10 17:30:16.277, 5, 75483 MiB, 100 %, 434.12 W, 1980 MHz, 18 %, 45
2026/10/10 17:30:16.277, 6, 75483 MiB, 100 %, 423.49 W, 1980 MHz, 18 %, 44
2026/10/10 17:30:16.277, 7, 75483 MiB, 100 %, 412.32 W, 1980 MHz, 17 %, 74
2026/10/10 17:30:17.277, 0, 75483 MiB, 100 %, 269.15 W, 1980 MHz, 18 %, 38
2026/10/10 17:30:17.278, 1, 75483 MiB, 100 %, 288.31 W, 1980 MHz, 18 %, 60
2026/10/10 17:30:17.278, 2, 75483 MiB, 100 %, 274.71 W, 1980 MHz, 18 %, 42
2026/10/10 17:30:17.278, 3, 75483 MiB, 100 %, 272.15 W, 1980 MHz, 18 %, 37
2026/10/10 17:30:17.278, 4, 75483 MiB, 100 %, 263.34 W, 1980 MHz, 18 %, 38
2026/10/10 17:30:17.278, 5, 75483 MiB, 100 %, 272.78 W, 1980 MHz, 18 %, 42
2026/10/10 17:30:17.278, 6, 75483 MiB, 100 %, 263.10 W, 1980 MHz, 18 %, 40
2026/10/10 17:30:17.278, 7, 75483 MiB, 100 %, 299.64 W, 1980 MHz, 17 %, 72
2026/10/10 17:30:18.278, 0, 75483 MiB, 100 %, 269.40 W, 1980 MHz, 18 %, 38
2026/10/10 17:30:18.279, 1, 75483 MiB, 100 %, 286.27 W, 1980 MHz, 17 %, 60
2026/10/10 17:30:18.280, 2, 75483 MiB, 100 %, 270.58 W, 1980 MHz, 17 %, 42
2026/10/10 17:30:18.281, 3, 75483 MiB, 100 %, 266.87 W, 1980 MHz, 18 %, 36
2026/10/10 17:30:18.282, 4, 75483 MiB, 100 %, 264.34 W, 1980 MHz, 18 %, 37
2026/10/10 17:30:18.283, 5, 75483 MiB, 100 %, 273.05 W, 1980 MHz, 18 %, 41
2026/10/10 17:30:18.284, 6, 75483 MiB, 100 %, 262.34 W, 1980 MHz, 18 %, 39
2026/10/10 17:30:18.285, 7, 75483 MiB, 100 %, 301.23 W, 1980 MHz, 17 %, 72
2026/10/10 17:30:19.286, 0, 75483 MiB, 100 %, 271.46 W, 1980 MHz, 18 %, 37
2026/10/10 17:30:19.286, 1, 75483 MiB, 100 %, 283.37 W, 1980 MHz, 17 %, 60
2026/10/10 17:30:19.286, 2, 75483 MiB, 100 %, 269.34 W, 1980 MHz, 18 %, 41
2026/10/10 17:30:19.286, 3, 75483 MiB, 100 %, 269.09 W, 1980 MHz, 18 %, 36
2026/10/10 17:30:19.286, 4, 75483 MiB, 100 %, 264.53 W, 1980 MHz, 18 %, 37
2026/10/10 17:30:19.286, 5, 75483 MiB, 100 %, 273.78 W, 1980 MHz, 18 %, 41
2026/10/10 17:30:19.286, 6, 75483 MiB, 100 %, 260.11 W, 1980 MHz, 18 %, 39
2026/10/10 17:30:19.286, 7, 75483 MiB, 100 %, 299.50 W, 1980 MHz, 17 %, 72
2026/10/10 17:30:20.286, 0, 75483 MiB, 100 %, 270.62 W, 1980 MHz, 18 %, 37
2026/10/10 17:30:20.287, 1, 75483 MiB, 100 %, 282.61 W, 1980 MHz, 17 %, 60
2026/10/10 17:30:20.287, 2, 75483 MiB, 100 %, 269.67 W, 1980 MHz, 18 %, 41
2026/10/10 17:30:20.287, 3, 75483 MiB, 100 %, 269.08 W, 1980 MHz, 18 %, 35
2026/10/10 17:30:20.287, 4, 75483 MiB, 100 %, 263.29 W, 1980 MHz, 18 %, 36
2026/10/10 17:30:20.287, 5, 75483 MiB, 100 %, 274.75 W, 1980 MHz, 18 %, 41
2026/10/10 17:30:20.287, 6, 75483 MiB, 100 %, 260.76 W, 1980 MHz, 18 %, 39
2026/10/10 17:30:20.287, 7, 75483 MiB, 100 %, 299.05 W, 1980 MHz, 17 %, 72
2026/10/10 17:30:21.287, 0, 75483 MiB, 100 %, 270.83 W, 1980 MHz, 17 %, 37
2026/10/10 17:30:21.287, 1, 75483 MiB, 100 %, 283.35 W, 1980 MHz, 17 %, 60
2026/10/10 17:30:21.287, 2, 75483 MiB, 100 %, 270.65 W, 1980 MHz, 18 %, 41
2026/10/10 17:30:21.287, 3, 75483 MiB, 100 %, 269.51 W, 1980 MHz, 18 %, 35
2026/10/10 17:30:21.287, 4, 75483 MiB, 100 %, 263.17 W, 1980 MHz, 18 %, 36
2026/10/10 17:30:21.288, 5, 75483 MiB, 100 %, 272.16 W, 1980 MHz, 18 %, 41
2026/10/10 17:30:21.288, 6, 75483 MiB, 100 %, 258.74 W, 1980 MHz, 18 %, 38
2026/10/10 17:30:21.288, 7, 75483 MiB, 100 %, 299.84 W, 1980 MHz, 18 %, 72
2026/10/10 17:30:22.288, 0, 75483 MiB, 100 %, 269.78 W, 1980 MHz, 18 %, 37
2026/10/10 17:30:22.288, 1, 75483 MiB, 100 %, 281.99 W, 1980 MHz, 17 %, 60
2026/10/10 17:30:22.288, 2, 75483 MiB, 100 %, 272.14 W, 1980 MHz, 18 %, 41
2026/10/10 17:30:22.288, 3, 75483 MiB, 100 %, 269.15 W, 1980 MHz, 18 %, 35
2026/10/10 17:30:22.288, 4, 75483 MiB, 100 %, 261.65 W, 1980 MHz, 17 %, 36
2026/10/10 17:30:22.288, 5, 75483 MiB, 100 %, 272.86 W, 1980 MHz, 18 %, 41
2026/10/10 17:30:22.288, 6, 75483 MiB, 100 %, 258.87 W, 1980 MHz, 18 %, 38
2026/10/10 17:30:22.288, 7, 75483 MiB, 100 %, 299.24 W, 1980 MHz, 18 %, 72
2026/10/10 17:30:23.288, 0, 75483 MiB, 100 %, 267.40 W, 1980 MHz, 17 %, 37
2026/10/10 17:30:23.289, 1, 75483 MiB, 100 %, 282.85 W, 1980 MHz, 17 %, 60
2026/10/10 17:30:23.289, 2, 75483 MiB, 100 %, 270.92 W, 1980 MHz, 18 %, 41
2026/10/10 17:30:23.289, 3, 75483 MiB, 100 %, 266.81 W, 1980 MHz, 18 %, 35
2026/10/10 17:30:23.289, 4, 75483 MiB, 100 %, 260.64 W, 1980 MHz, 17 %, 36
2026/10/10 17:30:23.289, 5, 75483 MiB, 100 %, 270.17 W, 1980 MHz, 18 %, 40
2026/10/10 17:30:23.289, 6, 75483 MiB, 100 %, 258.90 W, 1980 MHz, 18 %, 38
2026/10/10 17:30:23.289, 7, 75483 MiB, 100 %, 300.55 W, 1980 MHz, 18 %, 72
2026/10/10 17:30:24.289, 0, 75483 MiB, 100 %, 268.78 W, 1980 MHz, 17 %, 36
2026/10/10 17:30:24.289, 1, 75483 MiB, 100 %, 285.35 W, 1980 MHz, 17 %, 60
2026/10/10 17:30:24.289, 2, 75483 MiB, 100 %, 273.39 W, 1980 MHz, 18 %, 40
2026/10/10 17:30:24.289, 3, 75483 MiB, 100 %, 269.11 W, 1980 MHz, 18 %, 35
2026/10/10 17:30:24.289, 4, 75483 MiB, 100 %, 259.89 W, 1980 MHz, 17 %, 36
2026/10/10 17:30:24.289, 5, 75483 MiB, 100 %, 268.09 W, 1980 MHz, 18 %, 40
2026/10/10 17:30:24.290, 6, 75483 MiB, 100 %, 257.52 W, 1980 MHz, 18 %, 38
2026/10/10 17:30:24.290, 7, 75483 MiB, 100 %, 299.67 W, 1980 MHz, 18 %, 72
2026/10/10 17:30:25.290, 0, 75483 MiB, 100 %, 265.97 W, 1980 MHz, 17 %, 36
2026/10/10 17:30:25.290, 1, 75483 MiB, 100 %, 283.92 W, 1980 MHz, 17 %, 60
2026/10/10 17:30:25.290, 2, 75483 MiB, 100 %, 273.62 W, 1980 MHz, 18 %, 40
2026/10/10 17:30:25.290, 3, 75483 MiB, 100 %, 266.75 W, 1980 MHz, 18 %, 35
2026/10/10 17:30:25.290, 4, 75483 MiB, 100 %, 260.07 W, 1980 MHz, 17 %, 35
2026/10/10 17:30:25.290, 5, 75483 MiB, 100 %, 269.88 W, 1980 MHz, 18 %, 40
2026/10/10 17:30:25.290, 6, 75483 MiB, 100 %, 258.66 W, 1980 MHz, 18 %, 38
2026/10/10 17:30:25.290, 7, 75483 MiB, 100 %, 301.06 W, 1980 MHz, 18 %, 72
2026/10/10 17:30:26.290, 0, 75483 MiB, 100 %, 266.45 W, 1980 MHz, 18 %, 36
2026/10/10 17:30:26.291, 1, 75483 MiB, 100 %, 284.93 W, 1980 MHz, 17 %, 60
2026/10/10 17:30:26.291, 2, 75483 MiB, 100 %, 272.41 W, 1980 MHz, 18 %, 40
2026/10/10 17:30:26.291, 3, 75483 MiB, 100 %, 263.37 W, 1980 MHz, 18 %, 35
2026/10/10 17:30:26.291, 4, 75483 MiB, 100 %, 261.60 W, 1980 MHz, 18 %, 35
2026/10/10 17:30:26.291, 5, 75483 MiB, 100 %, 270.68 W, 1980 MHz, 18 %, 40
2026/10/10 17:30:26.291, 6, 75483 MiB, 100 %, 259.65 W, 1980 MHz, 18 %, 38
2026/10/10 17:30:26.291, 7, 75483 MiB, 100 %, 301.67 W, 1980 MHz, 18 %, 72
2026/10/10 17:30:27.291, 0, 75483 MiB, 100 %, 265.72 W, 1980 MHz, 17 %, 36
2026/10/10 17:30:27.291, 1, 75483 MiB, 100 %, 283.01 W, 1980 MHz, 17 %, 60
2026/10/10 17:30:27.291, 2, 75483 MiB, 100 %, 273.61 W, 1980 MHz, 18 %, 40
2026/10/10 17:30:27.291, 3, 75483 MiB, 100 %, 266.60 W, 1980 MHz, 18 %, 35
2026/10/10 17:30:27.291, 4, 75483 MiB, 100 %, 260.42 W, 1980 MHz, 18 %, 35
2026/10/10 17:30:27.291, 5, 75483 MiB, 100 %, 270.59 W, 1980 MHz, 18 %, 40
2026/10/10 17:30:27.291, 6, 75483 MiB, 100 %, 259.72 W, 1980 MHz, 18 %, 38
2026/10/10 17:30:27.292, 7, 75483 MiB, 100 %, 301.36 W, 1980 MHz, 18 %, 71
2026/10/10 17:30:28.292, 0, 75483 MiB, 70 %, 262.41 W, 1980 MHz, 12 %, 36
2026/10/10 17:30:28.292, 1, 75483 MiB, 63 %, 276.56 W, 1980 MHz, 11 %, 58
2026/10/10 17:30:28.292, 2, 75483 MiB, 37 %, 265.22 W, 1980 MHz, 7 %, 40
2026/10/10 17:30:28.292, 3, 75483 MiB, 30 %, 256.79 W, 1980 MHz, 5 %, 34
2026/10/10 17:30:28.292, 4, 75483 MiB, 9 %, 253.22 W, 1980 MHz, 2 %, 34
2026/10/10 17:30:28.292, 5, 75483 MiB, 65 %, 258.58 W, 1980 MHz, 12 %, 39
2026/10/10 17:30:28.292, 6, 75483 MiB, 100 %, 247.60 W, 1980 MHz, 18 %, 37
2026/10/10 17:30:28.292, 7, 75483 MiB, 39 %, 286.87 W, 1980 MHz, 7 %, 70
2026/10/10 17:30:29.292, 0, 75483 MiB, 100 %, 664.65 W, 1665 MHz, 27 %, 51
2026/10/10 17:30:29.293, 1, 75483 MiB, 100 %, 669.34 W, 1470 MHz, 28 %, 68
2026/10/10 17:30:29.293, 2, 75483 MiB, 100 %, 679.65 W, 1440 MHz, 26 %, 52
2026/10/10 17:30:29.293, 3, 75483 MiB, 100 %, 659.13 W, 1470 MHz, 26 %, 49
2026/10/10 17:30:29.293, 4, 75483 MiB, 100 %, 669.63 W, 1515 MHz, 26 %, 50
2026/10/10 17:30:29.293, 5, 75483 MiB, 100 %, 683.85 W, 1455 MHz, 28 %, 52
2026/10/10 17:30:29.293, 6, 75483 MiB, 100 %, 676.45 W, 1635 MHz, 25 %, 55
2026/10/10 17:30:29.293, 7, 75483 MiB, 100 %, 675.61 W, 1575 MHz, 27 %, 81
2026/10/10 17:30:30.293, 0, 75483 MiB, 100 %, 688.30 W, 1785 MHz, 25 %, 53
2026/10/10 17:30:30.293, 1, 75483 MiB, 100 %, 685.79 W, 1710 MHz, 25 %, 70
2026/10/10 17:30:30.293, 2, 75483 MiB, 100 %, 683.82 W, 1785 MHz, 25 %, 55
2026/10/10 17:30:30.293, 3, 75483 MiB, 100 %, 684.42 W, 1785 MHz, 25 %, 50
2026/10/10 17:30:30.293, 4, 75483 MiB, 100 %, 690.86 W, 1740 MHz, 25 %, 52
2026/10/10 17:30:30.294, 5, 75483 MiB, 100 %, 688.65 W, 1740 MHz, 25 %, 56
2026/10/10 17:30:30.294, 6, 75483 MiB, 100 %, 683.50 W, 1740 MHz, 25 %, 56
2026/10/10 17:30:30.294, 7, 75483 MiB, 100 %, 610.87 W, 1500 MHz, 26 %, 82
2026/10/10 17:30:31.294, 0, 75483 MiB, 100 %, 692.76 W, 1785 MHz, 25 %, 54
2026/10/10 17:30:31.294, 1, 75483 MiB, 100 %, 690.59 W, 1740 MHz, 25 %, 72
2026/10/10 17:30:31.294, 2, 75483 MiB, 100 %, 689.28 W, 1785 MHz, 25 %, 56
2026/10/10 17:30:31.294, 3, 75483 MiB, 100 %, 689.38 W, 1740 MHz, 25 %, 52
2026/10/10 17:30:31.294, 4, 75483 MiB, 100 %, 692.94 W, 1785 MHz, 25 %, 54
2026/10/10 17:30:31.294, 5, 75483 MiB, 100 %, 695.85 W, 1740 MHz, 25 %, 57
2026/10/10 17:30:31.294, 6, 75483 MiB, 100 %, 689.84 W, 1785 MHz, 25 %, 58
2026/10/10 17:30:31.294, 7, 75483 MiB, 100 %, 591.70 W, 1530 MHz, 25 %, 82
2026/10/10 17:30:32.295, 0, 75483 MiB, 100 %, 351.81 W, 1980 MHz, 18 %, 39
2026/10/10 17:30:32.295, 1, 75483 MiB, 100 %, 352.88 W, 1980 MHz, 17 %, 61
2026/10/10 17:30:32.295, 2, 75483 MiB, 100 %, 343.16 W, 1980 MHz, 18 %, 44
2026/10/10 17:30:32.295, 3, 75483 MiB, 100 %, 338.71 W, 1980 MHz, 17 %, 38
2026/10/10 17:30:32.295, 4, 75483 MiB, 100 %, 328.64 W, 1980 MHz, 19 %, 39
2026/10/10 17:30:32.295, 5, 75483 MiB, 100 %, 334.14 W, 1980 MHz, 17 %, 44
2026/10/10 17:30:32.295, 6, 75483 MiB, 100 %, 329.56 W, 1980 MHz, 18 %, 42
2026/10/10 17:30:32.295, 7, 75483 MiB, 100 %, 343.27 W, 1980 MHz, 17 %, 73
2026/10/10 17:30:33.295, 0, 75483 MiB, 100 %, 269.14 W, 1980 MHz, 17 %, 38
2026/10/10 17:30:33.295, 1, 75483 MiB, 100 %, 286.89 W, 1980 MHz, 18 %, 60
2026/10/10 17:30:33.296, 2, 75483 MiB, 100 %, 272.62 W, 1980 MHz, 17 %, 42
2026/10/10 17:30:33.296, 3, 75483 MiB, 100 %, 264.48 W, 1980 MHz, 18 %, 37
2026/10/10 17:30:33.296, 4, 75483 MiB, 100 %, 265.57 W, 1980 MHz, 18 %, 37
2026/10/10 17:30:33.296, 5, 75483 MiB, 100 %, 270.07 W, 1980 MHz, 17 %, 42
2026/10/10 17:30:33.296, 6, 75483 MiB, 100 %, 263.27 W, 1980 MHz, 18 %, 40
2026/10/10 17:30:33.296, 7, 75483 MiB, 100 %, 298.80 W, 1980 MHz, 18 %, 72
2026/10/10 17:30:34.296, 0, 75483 MiB, 100 %, 267.39 W, 1980 MHz, 17 %, 38
2026/10/10 17:30:34.296, 1, 75483 MiB, 100 %, 285.57 W, 1980 MHz, 18 %, 60
2026/10/10 17:30:34.296, 2, 75483 MiB, 100 %, 269.65 W, 1980 MHz, 17 %, 42
2026/10/10 17:30:34.296, 3, 75483 MiB, 100 %, 265.91 W, 1980 MHz, 18 %, 36
2026/10/10 17:30:34.296, 4, 75483 MiB, 100 %, 263.83 W, 1980 MHz, 18 %, 37
2026/10/10 17:30:34.296, 5, 75483 MiB, 100 %, 271.62 W, 1980 MHz, 18 %, 41
2026/10/10 17:30:34.296, 6, 75483 MiB, 100 %, 260.61 W, 1980 MHz, 18 %, 39
2026/10/10 17:30:34.297, 7, 75483 MiB, 100 %, 299.84 W, 1980 MHz, 18 %, 72
2026/10/10 17:30:35.297, 0, 75483 MiB, 100 %, 268.86 W, 1980 MHz, 18 %, 37
2026/10/10 17:30:35.297, 1, 75483 MiB, 100 %, 284.49 W, 1980 MHz, 17 %, 60
2026/10/10 17:30:35.297, 2, 75483 MiB, 100 %, 267.67 W, 1980 MHz, 18 %, 41
2026/10/10 17:30:35.297, 3, 75483 MiB, 100 %, 265.73 W, 1980 MHz, 18 %, 36
2026/10/10 17:30:35.297, 4, 75483 MiB, 100 %, 263.16 W, 1980 MHz, 18 %, 36
2026/10/10 17:30:35.297, 5, 75483 MiB, 100 %, 271.16 W, 1980 MHz, 18 %, 41
2026/10/10 17:30:35.297, 6, 75483 MiB, 100 %, 258.96 W, 1980 MHz, 18 %, 39
2026/10/10 17:30:35.297, 7, 75483 MiB, 100 %, 298.43 W, 1980 MHz, 18 %, 72
2026/10/10 17:30:36.297, 0, 75483 MiB, 100 %, 267.51 W, 1980 MHz, 17 %, 37
2026/10/10 17:30:36.297, 1, 75483 MiB, 100 %, 281.71 W, 1980 MHz, 17 %, 60
2026/10/10 17:30:36.297, 2, 75483 MiB, 100 %, 270.21 W, 1980 MHz, 17 %, 41
2026/10/10 17:30:36.298, 3, 75483 MiB, 100 %, 266.15 W, 1980 MHz, 17 %, 35
2026/10/10 17:30:36.298, 4, 75483 MiB, 100 %, 261.90 W, 1980 MHz, 18 %, 36
2026/10/10 17:30:36.298, 5, 75483 MiB, 100 %, 270.86 W, 1980 MHz, 18 %, 41
2026/10/10 17:30:36.298, 6, 75483 MiB, 100 %, 259.62 W, 1980 MHz, 17 %, 38
2026/10/10 17:30:36.298, 7, 75483 MiB, 100 %, 298.52 W, 1980 MHz, 18 %, 72
2026/10/10 17:30:37.298, 0, 75483 MiB, 100 %, 264.67 W, 1980 MHz, 17 %, 37
2026/10/10 17:30:37.298, 1, 75483 MiB, 100 %, 281.95 W, 1980 MHz, 17 %, 60
2026/10/10 17:30:37.298, 2, 75483 MiB, 100 %, 268.76 W, 1980 MHz, 18 %, 41
2026/10/10 17:30:37.298, 3, 75483 MiB, 100 %, 267.45 W, 1980 MHz, 18 %, 35
2026/10/10 17:30:37.298, 4, 75483 MiB, 100 %, 264.36 W, 1980 MHz, 18 %, 36
2026/10/10 17:30:37.298, 5, 75483 MiB, 100 %, 272.10 W, 1980 MHz, 18 %, 41
2026/10/10 17:30:37.298, 6, 75483 MiB, 100 %, 257.02 W, 1980 MHz, 18 %, 38
2026/10/10 17:30:37.298, 7, 75483 MiB, 100 %, 299.03 W, 1980 MHz, 18 %, 72
2026/10/10 17:30:38.299, 0, 75483 MiB, 100 %, 263.27 W, 1980 MHz, 17 %, 37
2026/10/10 17:30:38.299, 1, 75483 MiB, 100 %, 282.91 W, 1980 MHz, 17 %, 60
2026/10/10 17:30:38.299, 2, 75483 MiB, 100 %, 271.29 W, 1980 MHz, 18 %, 41
2026/10/10 17:30:38.299, 3, 75483 MiB, 100 %, 268.32 W, 1980 MHz, 18 %, 35
2026/10/10 17:30:38.299, 4, 75483 MiB, 100 %, 264.02 W, 1980 MHz, 18 %, 36
2026/10/10 17:30:38.299, 5, 75483 MiB, 100 %, 272.39 W, 1980 MHz, 18 %, 41
2026/10/10 17:30:38.299, 6, 75483 MiB, 100 %, 259.45 W, 1980 MHz, 18 %, 38
2026/10/10 17:30:38.299, 7, 75483 MiB, 100 %, 298.57 W, 1980 MHz, 18 %, 72
2026/10/10 17:30:39.299, 0, 75483 MiB, 100 %, 264.73 W, 1980 MHz, 17 %, 36
2026/10/10 17:30:39.300, 1, 75483 MiB, 100 %, 284.04 W, 1980 MHz, 17 %, 60
2026/10/10 17:30:39.300, 2, 75483 MiB, 100 %, 271.00 W, 1980 MHz, 18 %, 41
2026/10/10 17:30:39.300, 3, 75483 MiB, 100 %, 267.40 W, 1980 MHz, 18 %, 35
2026/10/10 17:30:39.300, 4, 75483 MiB, 100 %, 263.10 W, 1980 MHz, 18 %, 36
2026/10/10 17:30:39.300, 5, 75483 MiB, 100 %, 271.43 W, 1980 MHz, 18 %, 40
2026/10/10 17:30:39.300, 6, 75483 MiB, 100 %, 259.61 W, 1980 MHz, 18 %, 38
2026/10/10 17:30:39.300, 7, 75483 MiB, 100 %, 299.48 W, 1980 MHz, 18 %, 71
2026/10/10 17:30:40.301, 0, 75483 MiB, 100 %, 263.92 W, 1980 MHz, 17 %, 36
2026/10/10 17:30:40.301, 1, 75483 MiB, 100 %, 281.72 W, 1980 MHz, 17 %, 60
2026/10/10 17:30:40.301, 2, 75483 MiB, 100 %, 269.75 W, 1980 MHz, 18 %, 41
2026/10/10 17:30:40.301, 3, 75483 MiB, 100 %, 267.11 W, 1980 MHz, 18 %, 35
2026/10/10 17:30:40.301, 4, 75483 MiB, 100 %, 261.98 W, 1980 MHz, 18 %, 36
2026/10/10 17:30:40.301, 5, 75483 MiB, 100 %, 269.49 W, 1980 MHz, 18 %, 40
2026/10/10 17:30:40.301, 6, 75483 MiB, 100 %, 257.34 W, 1980 MHz, 17 %, 38
2026/10/10 17:30:40.301, 7, 75483 MiB, 100 %, 297.87 W, 1980 MHz, 18 %, 71
2026/10/10 17:30:41.301, 0, 75483 MiB, 100 %, 265.87 W, 1980 MHz, 18 %, 36
2026/10/10 17:30:41.301, 1, 75483 MiB, 100 %, 281.27 W, 1980 MHz, 17 %, 60
2026/10/10 17:30:41.301, 2, 75483 MiB, 100 %, 271.12 W, 1980 MHz, 18 %, 40
2026/10/10 17:30:41.302, 3, 75483 MiB, 100 %, 266.94 W, 1980 MHz, 18 %, 35
2026/10/10 17:30:41.302, 4, 75483 MiB, 100 %, 262.83 W, 1980 MHz, 18 %, 36
2026/10/10 17:30:41.302, 5, 75483 MiB, 100 %, 269.77 W, 1980 MHz, 18 %, 40
2026/10/10 17:30:41.302, 6, 75483 MiB, 100 %, 257.92 W, 1980 MHz, 17 %, 38
2026/10/10 17:30:41.302, 7, 75483 MiB, 100 %, 297.30 W, 1980 MHz, 18 %, 71
2026/10/10 17:30:42.302, 0, 75483 MiB, 100 %, 266.01 W, 1980 MHz, 17 %, 36
2026/10/10 17:30:42.302, 1, 75483 MiB, 100 %, 280.85 W, 1980 MHz, 17 %, 60
2026/10/10 17:30:42.302, 2, 75483 MiB, 100 %, 270.19 W, 1980 MHz, 18 %, 40
2026/10/10 17:30:42.302, 3, 75483 MiB, 100 %, 266.41 W, 1980 MHz, 18 %, 35
2026/10/10 17:30:42.302, 4, 75483 MiB, 100 %, 263.70 W, 1980 MHz, 18 %, 35
2026/10/10 17:30:42.302, 5, 75483 MiB, 100 %, 271.02 W, 1980 MHz, 18 %, 40
2026/10/10 17:30:42.302, 6, 75483 MiB, 100 %, 256.81 W, 1980 MHz, 17 %, 38
2026/10/10 17:30:42.302, 7, 75483 MiB, 100 %, 298.02 W, 1980 MHz, 18 %, 71
2026/10/10 17:30:43.303, 0, 75483 MiB, 100 %, 266.81 W, 1980 MHz, 17 %, 36
2026/10/10 17:30:43.303, 1, 75483 MiB, 100 %, 282.34 W, 1980 MHz, 17 %, 60
2026/10/10 17:30:43.303, 2, 75483 MiB, 100 %, 270.83 W, 1980 MHz, 18 %, 40
2026/10/10 17:30:43.303, 3, 75483 MiB, 100 %, 267.24 W, 1980 MHz, 18 %, 35
2026/10/10 17:30:43.303, 4, 75483 MiB, 100 %, 263.96 W, 1980 MHz, 18 %, 35
2026/10/10 17:30:43.303, 5, 75483 MiB, 100 %, 272.14 W, 1980 MHz, 18 %, 40
2026/10/10 17:30:43.303, 6, 75483 MiB, 100 %, 257.57 W, 1980 MHz, 17 %, 37
2026/10/10 17:30:43.303, 7, 75483 MiB, 100 %, 299.07 W, 1980 MHz, 18 %, 71
2026/10/10 17:30:44.303, 0, 75483 MiB, 100 %, 397.58 W, 1815 MHz, 30 %, 47
2026/10/10 17:30:44.304, 1, 75483 MiB, 100 %, 367.42 W, 1755 MHz, 31 %, 70
2026/10/10 17:30:44.304, 2, 75483 MiB, 100 %, 361.71 W, 1785 MHz, 31 %, 49
2026/10/10 17:30:44.304, 3, 75483 MiB, 100 %, 358.63 W, 1770 MHz, 30 %, 44
2026/10/10 17:30:44.304, 4, 75483 MiB, 100 %, 365.70 W, 1800 MHz, 30 %, 46
2026/10/10 17:30:44.304, 5, 75483 MiB, 100 %, 375.36 W, 1785 MHz, 30 %, 51
2026/10/10 17:30:44.304, 6, 75483 MiB, 100 %, 363.66 W, 1830 MHz, 31 %, 48
2026/10/10 17:30:44.304, 7, 75483 MiB, 100 %, 395.16 W, 1740 MHz, 30 %, 81
2026/10/10 17:30:45.304, 0, 75483 MiB, 100 %, 690.10 W, 1905 MHz, 26 %, 51
2026/10/10 17:30:45.304, 1, 75483 MiB, 100 %, 696.12 W, 1800 MHz, 26 %, 71
2026/10/10 17:30:45.304, 2, 75483 MiB, 100 %, 692.59 W, 1830 MHz, 26 %, 52
2026/10/10 17:30:45.305, 3, 75483 MiB, 100 %, 690.06 W, 1860 MHz, 26 %, 49
2026/10/10 17:30:45.305, 4, 75483 MiB, 100 %, 692.97 W, 1860 MHz, 26 %, 52
2026/10/10 17:30:45.305, 5, 75483 MiB, 100 %, 686.85 W, 1890 MHz, 26 %, 56
2026/10/10 17:30:45.305, 6, 75483 MiB, 100 %, 691.59 W, 1890 MHz, 26 %, 55
2026/10/10 17:30:45.305, 7, 75483 MiB, 100 %, 663.05 W, 1545 MHz, 26 %, 82
2026/10/10 17:30:46.305, 0, 75483 MiB, 100 %, 692.74 W, 1905 MHz, 26 %, 52
2026/10/10 17:30:46.305, 1, 75483 MiB, 100 %, 691.49 W, 1770 MHz, 26 %, 71
2026/10/10 17:30:46.305, 2, 75483 MiB, 100 %, 688.01 W, 1815 MHz, 25 %, 54
2026/10/10 17:30:46.305, 3, 75483 MiB, 100 %, 697.86 W, 1800 MHz, 25 %, 51
2026/10/10 17:30:46.305, 4, 75483 MiB, 100 %, 693.92 W, 1815 MHz, 25 %, 53
2026/10/10 17:30:46.305, 5, 75483 MiB, 100 %, 692.51 W, 1830 MHz, 26 %, 57
2026/10/10 17:30:46.305, 6, 75483 MiB, 100 %, 682.86 W, 1845 MHz, 25 %, 56
2026/10/10 17:30:46.306, 7, 75483 MiB, 100 %, 609.94 W, 1575 MHz, 26 %, 82
2026/10/10 17:30:47.306, 0, 75483 MiB, 100 %, 463.22 W, 1980 MHz, 18 %, 40
2026/10/10 17:30:47.306, 1, 75483 MiB, 100 %, 511.54 W, 1980 MHz, 17 %, 61
2026/10/10 17:30:47.306, 2, 75483 MiB, 100 %, 505.66 W, 1980 MHz, 18 %, 45
2026/10/10 17:30:47.306, 3, 75483 MiB, 100 %, 497.76 W, 1980 MHz, 17 %, 40
2026/10/10 17:30:47.306, 4, 75483 MiB, 100 %, 486.66 W, 1980 MHz, 18 %, 41
2026/10/10 17:30:47.306, 5, 75483 MiB, 100 %, 491.85 W, 1980 MHz, 17 %, 45
2026/10/10 17:30:47.306, 6, 75483 MiB, 100 %, 487.78 W, 1980 MHz, 18 %, 44
2026/10/10 17:30:47.306, 7, 75483 MiB, 100 %, 452.52 W, 1980 MHz, 17 %, 74
2026/10/10 17:30:48.306, 0, 75483 MiB, 100 %, 268.33 W, 1980 MHz, 17 %, 38
2026/10/10 17:30:48.307, 1, 75483 MiB, 100 %, 287.60 W, 1980 MHz, 17 %, 60
2026/10/10 17:30:48.307, 2, 75483 MiB, 100 %, 270.74 W, 1980 MHz, 18 %, 42
2026/10/10 17:30:48.307, 3, 75483 MiB, 100 %, 267.78 W, 1980 MHz, 17 %, 37
2026/10/10 17:30:48.307, 4, 75483 MiB, 100 %, 259.24 W, 1980 MHz, 18 %, 38
2026/10/10 17:30:48.307, 5, 75483 MiB, 100 %, 269.73 W, 1980 MHz, 17 %, 42
2026/10/10 17:30:48.307, 6, 75483 MiB, 100 %, 260.32 W, 1980 MHz, 18 %, 40
2026/10/10 17:30:48.307, 7, 75483 MiB, 100 %, 298.18 W, 1980 MHz, 17 %, 72
2026/10/10 17:30:49.307, 0, 75483 MiB, 100 %, 268.79 W, 1980 MHz, 18 %, 38
2026/10/10 17:30:49.307, 1, 75483 MiB, 100 %, 284.46 W, 1980 MHz, 17 %, 60
2026/10/10 17:30:49.307, 2, 75483 MiB, 100 %, 270.29 W, 1980 MHz, 18 %, 42
2026/10/10 17:30:49.307, 3, 75483 MiB, 100 %, 267.24 W, 1980 MHz, 18 %, 36
2026/10/10 17:30:49.307, 4, 75483 MiB, 100 %, 261.84 W, 1980 MHz, 18 %, 37
2026/10/10 17:30:49.307, 5, 75483 MiB, 100 %, 266.18 W, 1980 MHz, 17 %, 41
2026/10/10 17:30:49.307, 6, 75483 MiB, 100 %, 259.46 W, 1980 MHz, 18 %, 39
2026/10/10 17:30:49.307, 7, 75483 MiB, 100 %, 298.11 W, 1980 MHz, 17 %, 72
2026/10/10 17:30:50.308, 0, 75483 MiB, 100 %, 269.91 W, 1980 MHz, 18 %, 37
2026/10/10 17:30:50.308, 1, 75483 MiB, 100 %, 286.07 W, 1980 MHz, 17 %, 60
2026/10/10 17:30:50.308, 2, 75483 MiB, 100 %, 268.74 W, 1980 MHz, 18 %, 41
2026/10/10 17:30:50.308, 3, 75483 MiB, 100 %, 266.03 W, 1980 MHz, 18 %, 36
2026/10/10 17:30:50.308, 4, 75483 MiB, 100 %, 262.05 W, 1980 MHz, 17 %, 36
2026/10/10 17:30:50.308, 5, 75483 MiB, 100 %, 265.05 W, 1980 MHz, 17 %, 41
2026/10/10 17:30:50.308, 6, 75483 MiB, 100 %, 258.33 W, 1980 MHz, 18 %, 39
2026/10/10 17:30:50.308, 7, 75483 MiB, 100 %, 297.63 W, 1980 MHz, 17 %, 72
2026/10/10 17:30:51.308, 0, 75483 MiB, 100 %, 269.48 W, 1980 MHz, 18 %, 37
2026/10/10 17:30:51.308, 1, 75483 MiB, 100 %, 285.31 W, 1980 MHz, 17 %, 60
2026/10/10 17:30:51.308, 2, 75483 MiB, 100 %, 267.92 W, 1980 MHz, 18 %, 41
2026/10/10 17:30:51.308, 3, 75483 MiB, 100 %, 265.47 W, 1980 MHz, 18 %, 35
2026/10/10 17:30:51.308, 4, 75483 MiB, 100 %, 260.12 W, 1980 MHz, 18 %, 36
2026/10/10 17:30:51.308, 5, 75483 MiB, 100 %, 264.47 W, 1980 MHz, 17 %, 41
2026/10/10 17:30:51.308, 6, 75483 MiB, 100 %, 259.44 W, 1980 MHz, 17 %, 38
2026/10/10 17:30:51.308, 7, 75483 MiB, 100 %, 296.46 W, 1980 MHz, 17 %, 72
2026/10/10 17:30:52.309, 0, 75483 MiB, 100 %, 266.69 W, 1980 MHz, 17 %, 37
2026/10/10 17:30:52.309, 1, 75483 MiB, 100 %, 285.38 W, 1980 MHz, 18 %, 60
2026/10/10 17:30:52.309, 2, 75483 MiB, 100 %, 267.54 W, 1980 MHz, 18 %, 41
2026/10/10 17:30:52.309, 3, 75483 MiB, 100 %, 267.00 W, 1980 MHz, 18 %, 35
2026/10/10 17:30:52.309, 4, 75483 MiB, 100 %, 261.32 W, 1980 MHz, 18 %, 36
2026/10/10 17:30:52.309, 5, 75483 MiB, 100 %, 264.57 W, 1980 MHz, 17 %, 40
2026/10/10 17:30:52.309, 6, 75483 MiB, 100 %, 258.91 W, 1980 MHz, 18 %, 38
2026/10/10 17:30:52.309, 7, 75483 MiB, 100 %, 296.06 W, 1980 MHz, 17 %, 72
2026/10/10 17:30:53.309, 0, 75483 MiB, 100 %, 270.01 W, 1980 MHz, 17 %, 37
2026/10/10 17:30:53.309, 1, 75483 MiB, 100 %, 284.69 W, 1980 MHz, 18 %, 60
2026/10/10 17:30:53.309, 2, 75483 MiB, 100 %, 270.74 W, 1980 MHz, 18 %, 41
2026/10/10 17:30:53.309, 3, 75483 MiB, 100 %, 266.33 W, 1980 MHz, 18 %, 35
2026/10/10 17:30:53.309, 4, 75483 MiB, 100 %, 261.29 W, 1980 MHz, 18 %, 36
2026/10/10 17:30:53.309, 5, 75483 MiB, 100 %, 264.07 W, 1980 MHz, 17 %, 40
2026/10/10 17:30:53.310, 6, 75483 MiB, 100 %, 259.63 W, 1980 MHz, 18 %, 38
2026/10/10 17:30:53.310, 7, 75483 MiB, 100 %, 294.26 W, 1980 MHz, 17 %, 72
2026/10/10 17:30:54.310, 0, 75483 MiB, 100 %, 267.57 W, 1980 MHz, 18 %, 37
2026/10/10 17:30:54.310, 1, 75483 MiB, 100 %, 283.58 W, 1980 MHz, 17 %, 60
2026/10/10 17:30:54.310, 2, 75483 MiB, 100 %, 268.58 W, 1980 MHz, 17 %, 40
2026/10/10 17:30:54.310, 3, 75483 MiB, 100 %, 264.55 W, 1980 MHz, 18 %, 35
2026/10/10 17:30:54.310, 4, 75483 MiB, 100 %, 259.69 W, 1980 MHz, 18 %, 36
2026/10/10 17:30:54.310, 5, 75483 MiB, 100 %, 264.54 W, 1980 MHz, 17 %, 40
2026/10/10 17:30:54.310, 6, 75483 MiB, 100 %, 258.07 W, 1980 MHz, 18 %, 38
2026/10/10 17:30:54.310, 7, 75483 MiB, 100 %, 297.68 W, 1980 MHz, 17 %, 72
2026/10/10 17:30:55.310, 0, 75483 MiB, 100 %, 268.27 W, 1980 MHz, 17 %, 36
2026/10/10 17:30:55.310, 1, 75483 MiB, 100 %, 284.17 W, 1980 MHz, 17 %, 60
2026/10/10 17:30:55.310, 2, 75483 MiB, 100 %, 269.36 W, 1980 MHz, 17 %, 40
2026/10/10 17:30:55.311, 3, 75483 MiB, 100 %, 267.24 W, 1980 MHz, 18 %, 35
2026/10/10 17:30:55.311, 4, 75483 MiB, 100 %, 261.67 W, 1980 MHz, 17 %, 35
2026/10/10 17:30:55.311, 5, 75483 MiB, 100 %, 264.23 W, 1980 MHz, 17 %, 40
2026/10/10 17:30:55.311, 6, 75483 MiB, 100 %, 257.55 W, 1980 MHz, 18 %, 38
2026/10/10 17:30:55.311, 7, 75483 MiB, 100 %, 297.63 W, 1980 MHz, 18 %, 71
2026/10/10 17:30:56.311, 0, 75483 MiB, 100 %, 269.29 W, 1980 MHz, 18 %, 36
2026/10/10 17:30:56.311, 1, 75483 MiB, 100 %, 285.62 W, 1980 MHz, 18 %, 60
2026/10/10 17:30:56.311, 2, 75483 MiB, 100 %, 269.01 W, 1980 MHz, 18 %, 40
2026/10/10 17:30:56.311, 3, 75483 MiB, 100 %, 268.74 W, 1980 MHz, 18 %, 35
2026/10/10 17:30:56.311, 4, 75483 MiB, 100 %, 259.95 W, 1980 MHz, 18 %, 35
2026/10/10 17:30:56.311, 5, 75483 MiB, 100 %, 265.20 W, 1980 MHz, 17 %, 40
2026/10/10 17:30:56.311, 6, 75483 MiB, 100 %, 256.88 W, 1980 MHz, 18 %, 38
2026/10/10 17:30:56.311, 7, 75483 MiB, 100 %, 295.97 W, 1980 MHz, 18 %, 71
2026/10/10 17:30:57.311, 0, 75483 MiB, 100 %, 268.30 W, 1980 MHz, 18 %, 36
2026/10/10 17:30:57.312, 1, 75483 MiB, 100 %, 285.08 W, 1980 MHz, 18 %, 60
2026/10/10 17:30:57.312, 2, 75483 MiB, 100 %, 268.28 W, 1980 MHz, 18 %, 40
2026/10/10 17:30:57.312, 3, 75483 MiB, 100 %, 264.97 W, 1980 MHz, 18 %, 35
2026/10/10 17:30:57.312, 4, 75483 MiB, 100 %, 260.64 W, 1980 MHz, 18 %, 35
2026/10/10 17:30:57.312, 5, 75483 MiB, 100 %, 263.68 W, 1980 MHz, 17 %, 40
2026/10/10 17:30:57.312, 6, 75483 MiB, 100 %, 258.39 W, 1980 MHz, 17 %, 38
2026/10/10 17:30:57.312, 7, 75483 MiB, 100 %, 295.62 W, 1980 MHz, 17 %, 71
2026/10/10 17:30:58.312, 0, 75483 MiB, 100 %, 267.70 W, 1980 MHz, 18 %, 36
2026/10/10 17:30:58.312, 1, 75483 MiB, 100 %, 285.35 W, 1980 MHz, 18 %, 60
2026/10/10 17:30:58.312, 2, 75483 MiB, 100 %, 268.39 W, 1980 MHz, 17 %, 40
2026/10/10 17:30:58.312, 3, 75483 MiB, 100 %, 265.40 W, 1980 MHz, 18 %, 35
2026/10/10 17:30:58.312, 4, 75483 MiB, 100 %, 261.99 W, 1980 MHz, 18 %, 35
2026/10/10 17:30:58.312, 5, 75483 MiB, 100 %, 265.78 W, 1980 MHz, 17 %, 40
2026/10/10 17:30:58.312, 6, 75483 MiB, 100 %, 256.83 W, 1980 MHz, 18 %, 37
2026/10/10 17:30:58.312, 7, 75483 MiB, 100 %, 296.58 W, 1980 MHz, 17 %, 71
2026/10/10 17:30:59.313, 0, 75483 MiB, 52 %, 278.74 W, 1980 MHz, 9 %, 34
2026/10/10 17:30:59.313, 1, 75483 MiB, 45 %, 274.82 W, 1980 MHz, 8 %, 58
2026/10/10 17:30:59.313, 2, 75483 MiB, 18 %, 257.31 W, 1980 MHz, 3 %, 40
2026/10/10 17:30:59.313, 3, 75483 MiB, 11 %, 255.03 W, 1980 MHz, 2 %, 34
2026/10/10 17:30:59.313, 4, 75483 MiB, 0 %, 246.57 W, 1980 MHz, 0 %, 34
2026/10/10 17:30:59.313, 5, 75483 MiB, 47 %, 260.99 W, 1980 MHz, 8 %, 38
2026/10/10 17:30:59.313, 6, 75483 MiB, 2 %, 245.66 W, 1980 MHz, 0 %, 36
2026/10/10 17:30:59.313, 7, 75483 MiB, 21 %, 285.96 W, 1980 MHz, 4 %, 70
2026/10/10 17:31:00.313, 0, 75483 MiB, 100 %, 704.76 W, 1620 MHz, 26 %, 48
2026/10/10 17:31:00.313, 1, 75483 MiB, 100 %, 700.23 W, 1665 MHz, 26 %, 67
2026/10/10 17:31:00.313, 2, 75483 MiB, 100 %, 681.40 W, 1575 MHz, 25 %, 50
2026/10/10 17:31:00.313, 3, 75483 MiB, 100 %, 687.68 W, 1560 MHz, 26 %, 48
2026/10/10 17:31:00.313, 4, 75483 MiB, 100 %, 687.01 W, 1785 MHz, 26 %, 48
2026/10/10 17:31:00.314, 5, 75483 MiB, 100 %, 708.92 W, 1695 MHz, 26 %, 52
2026/10/10 17:31:00.314, 6, 75483 MiB, 100 %, 697.10 W, 1755 MHz, 26 %, 51
2026/10/10 17:31:00.314, 7, 75483 MiB, 100 %, 704.75 W, 1665 MHz, 26 %, 82
2026/10/10 17:31:01.314, 0, 75483 MiB, 100 %, 690.42 W, 1755 MHz, 25 %, 51
2026/10/10 17:31:01.314, 1, 75483 MiB, 100 %, 692.71 W, 1755 MHz, 25 %, 70
2026/10/10 17:31:01.314, 2, 75483 MiB, 100 %, 693.70 W, 1740 MHz, 25 %, 54
2026/10/10 17:31:01.314, 3, 75483 MiB, 100 %, 692.22 W, 1680 MHz, 25 %, 51
2026/10/10 17:31:01.314, 4, 75483 MiB, 100 %, 693.03 W, 1740 MHz, 25 %, 52
2026/10/10 17:31:01.314, 5, 75483 MiB, 100 %, 692.38 W, 1755 MHz, 26 %, 56
2026/10/10 17:31:01.314, 6, 75483 MiB, 100 %, 692.04 W, 1755 MHz, 25 %, 56
2026/10/10 17:31:01.314, 7, 75483 MiB, 100 %, 594.99 W, 1530 MHz, 25 %, 81
2026/10/10 17:31:02.314, 0, 75483 MiB, 100 %, 691.06 W, 1770 MHz, 25 %, 52
2026/10/10 17:31:02.315, 1, 75483 MiB, 100 %, 692.31 W, 1755 MHz, 25 %, 71
2026/10/10 17:31:02.315, 2, 75483 MiB, 100 %, 694.67 W, 1815 MHz, 25 %, 56
2026/10/10 17:31:02.315, 3, 75483 MiB, 100 %, 687.81 W, 1770 MHz, 25 %, 51
2026/10/10 17:31:02.315, 4, 75483 MiB, 100 %, 693.69 W, 1815 MHz, 25 %, 54
2026/10/10 17:31:02.315, 5, 75483 MiB, 100 %, 696.51 W, 1770 MHz, 25 %, 57
2026/10/10 17:31:02.315, 6, 75483 MiB, 100 %, 687.24 W, 1830 MHz, 25 %, 57
2026/10/10 17:31:02.315, 7, 75483 MiB, 100 %, 595.91 W, 1530 MHz, 25 %, 82
2026/10/10 17:31:03.315, 0, 75483 MiB, 100 %, 375.37 W, 1980 MHz, 17 %, 40
2026/10/10 17:31:03.315, 1, 75483 MiB, 100 %, 385.80 W, 1980 MHz, 18 %, 61
2026/10/10 17:31:03.315, 2, 75483 MiB, 100 %, 414.86 W, 1980 MHz, 18 %, 45
2026/10/10 17:31:03.315, 3, 75483 MiB, 100 %, 410.64 W, 1980 MHz, 18 %, 39
2026/10/10 17:31:03.315, 4, 75483 MiB, 100 %, 396.18 W, 1980 MHz, 18 %, 40
2026/10/10 17:31:03.315, 5, 75483 MiB, 100 %, 395.83 W, 1980 MHz, 18 %, 45
2026/10/10 17:31:03.315, 6, 75483 MiB, 100 %, 393.08 W, 1980 MHz, 18 %, 43
2026/10/10 17:31:03.316, 7, 75483 MiB, 100 %, 392.47 W, 1980 MHz, 17 %, 73
2026/10/10 17:31:04.316, 0, 75483 MiB, 100 %, 267.59 W, 1980 MHz, 17 %, 38
2026/10/10 17:31:04.316, 1, 75483 MiB, 100 %, 286.31 W, 1980 MHz, 18 %, 61
2026/10/10 17:31:04.316, 2, 75483 MiB, 100 %, 270.74 W, 1980 MHz, 17 %, 42
2026/10/10 17:31:04.316, 3, 75483 MiB, 100 %, 269.08 W, 1980 MHz, 18 %, 37
2026/10/10 17:31:04.316, 4, 75483 MiB, 100 %, 260.71 W, 1980 MHz, 18 %, 38
2026/10/10 17:31:04.316, 5, 75483 MiB, 100 %, 273.57 W, 1980 MHz, 18 %, 42
2026/10/10 17:31:04.316, 6, 75483 MiB, 100 %, 261.28 W, 1980 MHz, 18 %, 40
2026/10/10 17:31:04.316, 7, 75483 MiB, 100 %, 300.87 W, 1980 MHz, 17 %, 72
2026/10/10 17:31:05.316, 0, 75483 MiB, 100 %, 267.04 W, 1980 MHz, 18 %, 38
2026/10/10 17:31:05.316, 1, 75483 MiB, 100 %, 286.22 W, 1980 MHz, 17 %, 60
2026/10/10 17:31:05.316, 2, 75483 MiB, 100 %, 269.78 W, 1980 MHz, 18 %, 42
2026/10/10 17:31:05.316, 3, 75483 MiB, 100 %, 270.53 W, 1980 MHz, 18 %, 36
2026/10/10 17:31:05.317, 4, 75483 MiB, 100 %, 261.39 W, 1980 MHz, 17 %, 37
2026/10/10 17:31:05.317, 5, 75483 MiB, 100 %, 270.36 W, 1980 MHz, 18 %, 42
2026/10/10 17:31:05.317, 6, 75483 MiB, 100 %, 262.41 W, 1980 MHz, 18 %, 39
2026/10/10 17:31:05.317, 7, 75483 MiB, 100 %, 300.24 W, 1980 MHz, 17 %, 72
2026/10/10 17:31:06.317, 0, 75483 MiB, 100 %, 267.80 W, 1980 MHz, 18 %, 37
2026/10/10 17:31:06.317, 1, 75483 MiB, 100 %, 288.63 W, 1980 MHz, 18 %, 60
2026/10/10 17:31:06.317, 2, 75483 MiB, 100 %, 271.12 W, 1980 MHz, 18 %, 41
2026/10/10 17:31:06.317, 3, 75483 MiB, 100 %, 272.35 W, 1980 MHz, 18 %, 36
2026/10/10 17:31:06.317, 4, 75483 MiB, 100 %, 260.85 W, 1980 MHz, 18 %, 36
2026/10/10 17:31:06.317, 5, 75483 MiB, 100 %, 271.90 W, 1980 MHz, 18 %, 41
2026/10/10 17:31:06.317, 6, 75483 MiB, 100 %, 260.02 W, 1980 MHz, 18 %, 39
2026/10/10 17:31:06.317, 7, 75483 MiB, 100 %, 298.27 W, 1980 MHz, 17 %, 72
2026/10/10 17:31:07.317, 0, 75483 MiB, 100 %, 266.32 W, 1980 MHz, 18 %, 37
2026/10/10 17:31:07.318, 1, 75483 MiB, 100 %, 285.89 W, 1980 MHz, 18 %, 60
2026/10/10 17:31:07.318, 2, 75483 MiB, 100 %, 270.71 W, 1980 MHz, 18 %, 41
2026/10/10 17:31:07.318, 3, 75483 MiB, 100 %, 266.90 W, 1980 MHz, 18 %, 36
2026/10/10 17:31:07.318, 4, 75483 MiB, 100 %, 262.44 W, 1980 MHz, 18 %, 36
2026/10/10 17:31:07.318, 5, 75483 MiB, 100 %, 271.72 W, 1980 MHz, 18 %, 41
2026/10/10 17:31:07.318, 6, 75483 MiB, 100 %, 260.65 W, 1980 MHz, 18 %, 39
2026/10/10 17:31:07.318, 7, 75483 MiB, 100 %, 300.08 W, 1980 MHz, 18 %, 72
2026/10/10 17:31:08.318, 0, 75483 MiB, 100 %, 270.00 W, 1980 MHz, 18 %, 37
2026/10/10 17:31:08.318, 1, 75483 MiB, 100 %, 283.97 W, 1980 MHz, 17 %, 60
2026/10/10 17:31:08.318, 2, 75483 MiB, 100 %, 267.00 W, 1980 MHz, 18 %, 41
2026/10/10 17:31:08.318, 3, 75483 MiB, 100 %, 266.91 W, 1980 MHz, 18 %, 35
2026/10/10 17:31:08.318, 4, 75483 MiB, 100 %, 261.52 W, 1980 MHz, 18 %, 36
2026/10/10 17:31:08.318, 5, 75483 MiB, 100 %, 269.76 W, 1980 MHz, 18 %, 41
2026/10/10 17:31:08.318, 6, 75483 MiB, 100 %, 260.28 W, 1980 MHz, 18 %, 38
2026/10/10 17:31:08.319, 7, 75483 MiB, 100 %, 299.92 W, 1980 MHz, 17 %, 72
2026/10/10 17:31:09.319, 0, 75483 MiB, 100 %, 269.76 W, 1980 MHz, 18 %, 37
2026/10/10 17:31:09.319, 1, 75483 MiB, 100 %, 284.02 W, 1980 MHz, 17 %, 60
2026/10/10 17:31:09.319, 2, 75483 MiB, 100 %, 267.59 W, 1980 MHz, 18 %, 41
2026/10/10 17:31:09.319, 3, 75483 MiB, 100 %, 267.31 W, 1980 MHz, 18 %, 35
2026/10/10 17:31:09.319, 4, 75483 MiB, 100 %, 262.08 W, 1980 MHz, 18 %, 36
2026/10/10 17:31:09.319, 5, 75483 MiB, 100 %, 272.40 W, 1980 MHz, 18 %, 41
2026/10/10 17:31:09.319, 6, 75483 MiB, 100 %, 260.47 W, 1980 MHz, 18 %, 38
2026/10/10 17:31:09.319, 7, 75483 MiB, 100 %, 298.84 W, 1980 MHz, 18 %, 72
2026/10/10 17:31:10.319, 0, 75483 MiB, 100 %, 269.43 W, 1980 MHz, 18 %, 37
2026/10/10 17:31:10.319, 1, 75483 MiB, 100 %, 284.60 W, 1980 MHz, 17 %, 60
2026/10/10 17:31:10.319, 2, 75483 MiB, 100 %, 268.24 W, 1980 MHz, 18 %, 41
2026/10/10 17:31:10.319, 3, 75483 MiB, 100 %, 267.96 W, 1980 MHz, 18 %, 35
2026/10/10 17:31:10.320, 4, 75483 MiB, 100 %, 260.19 W, 1980 MHz, 18 %, 36
2026/10/10 17:31:10.320, 5, 75483 MiB, 100 %, 271.43 W, 1980 MHz, 18 %, 41
2026/10/10 17:31:10.320, 6, 75483 MiB, 100 %, 261.28 W, 1980 MHz, 18 %, 38
2026/10/10 17:31:10.320, 7, 75483 MiB, 100 %, 299.05 W, 1980 MHz, 18 %, 72
2026/10/10 17:31:11.320, 0, 75483 MiB, 100 %, 269.60 W, 1980 MHz, 18 %, 37
2026/10/10 17:31:11.320, 1, 75483 MiB, 100 %, 283.75 W, 1980 MHz, 17 %, 60
2026/10/10 17:31:11.320, 2, 75483 MiB, 100 %, 270.66 W, 1980 MHz, 18 %, 41
2026/10/10 17:31:11.320, 3, 75483 MiB, 100 %, 266.71 W, 1980 MHz, 18 %, 35
2026/10/10 17:31:11.320, 4, 75483 MiB, 100 %, 261.58 W, 1980 MHz, 18 %, 36
2026/10/10 17:31:11.320, 5, 75483 MiB, 100 %, 272.84 W, 1980 MHz, 18 %, 40
2026/10/10 17:31:11.320, 6, 75483 MiB, 100 %, 260.67 W, 1980 MHz, 18 %, 38
2026/10/10 17:31:11.320, 7, 75483 MiB, 100 %, 299.13 W, 1980 MHz, 18 %, 72
2026/10/10 17:31:12.320, 0, 75483 MiB, 100 %, 268.92 W, 1980 MHz, 18 %, 36
2026/10/10 17:31:12.321, 1, 75483 MiB, 100 %, 284.66 W, 1980 MHz, 17 %, 60
2026/10/10 17:31:12.321, 2, 75483 MiB, 100 %, 272.94 W, 1980 MHz, 18 %, 40
2026/10/10 17:31:12.321, 3, 75483 MiB, 100 %, 269.57 W, 1980 MHz, 18 %, 35
2026/10/10 17:31:12.321, 4, 75483 MiB, 100 %, 258.99 W, 1980 MHz, 17 %, 35
2026/10/10 17:31:12.321, 5, 75483 MiB, 100 %, 270.59 W, 1980 MHz, 18 %, 40
2026/10/10 17:31:12.321, 6, 75483 MiB, 100 %, 260.65 W, 1980 MHz, 18 %, 38
2026/10/10 17:31:12.321, 7, 75483 MiB, 100 %, 300.61 W, 1980 MHz, 18 %, 72
2026/10/10 17:31:13.321, 0, 75483 MiB, 100 %, 267.02 W, 1980 MHz, 18 %, 36
2026/10/10 17:31:13.321, 1, 75483 MiB, 100 %, 284.07 W, 1980 MHz, 17 %, 60
2026/10/10 17:31:13.321, 2, 75483 MiB, 100 %, 270.79 W, 1980 MHz, 18 %, 40
2026/10/10 17:31:13.321, 3, 75483 MiB, 100 %, 268.43 W, 1980 MHz, 18 %, 35
2026/10/10 17:31:13.321, 4, 75483 MiB, 100 %, 259.02 W, 1980 MHz, 17 %, 35
2026/10/10 17:31:13.321, 5, 75483 MiB, 100 %, 268.92 W, 1980 MHz, 18 %, 40
2026/10/10 17:31:13.321, 6, 75483 MiB, 100 %, 260.10 W, 1980 MHz, 18 %, 38
2026/10/10 17:31:13.322, 7, 75483 MiB, 100 %, 300.15 W, 1980 MHz, 18 %, 72
2026/10/10 17:31:14.322, 0, 75483 MiB, 100 %, 267.83 W, 1980 MHz, 18 %, 36
2026/10/10 17:31:14.322, 1, 75483 MiB, 100 %, 283.62 W, 1980 MHz, 17 %, 60
2026/10/10 17:31:14.322, 2, 75483 MiB, 100 %, 269.46 W, 1980 MHz, 18 %, 40
2026/10/10 17:31:14.322, 3, 75483 MiB, 100 %, 267.30 W, 1980 MHz, 18 %, 35
2026/10/10 17:31:14.322, 4, 75483 MiB, 100 %, 258.27 W, 1980 MHz, 17 %, 35
2026/10/10 17:31:14.322, 5, 75483 MiB, 100 %, 270.60 W, 1980 MHz, 18 %, 40
2026/10/10 17:31:14.322, 6, 75483 MiB, 100 %, 259.51 W, 1980 MHz, 18 %, 38
2026/10/10 17:31:14.322, 7, 75483 MiB, 100 %, 299.14 W, 1980 MHz, 18 %, 71
2026/10/10 17:31:15.322, 0, 75483 MiB, 0 %, 291.37 W, 1770 MHz, 0 %, 45
2026/10/10 17:31:15.322, 1, 75483 MiB, 0 %, 310.72 W, 1725 MHz, 0 %, 68
2026/10/10 17:31:15.323, 2, 75483 MiB, 0 %, 301.13 W, 1875 MHz, 0 %, 45
2026/10/10 17:31:15.323, 3, 75483 MiB, 2 %, 249.49 W, 1980 MHz, 1 %, 33
2026/10/10 17:31:15.323, 4, 75483 MiB, 21 %, 254.25 W, 1980 MHz, 7 %, 33
2026/10/10 17:31:15.323, 5, 75483 MiB, 0 %, 273.82 W, 1980 MHz, 0 %, 38
2026/10/10 17:31:15.323, 6, 75483 MiB, 32 %, 258.90 W, 1980 MHz, 10 %, 36
2026/10/10 17:31:15.323, 7, 75483 MiB, 0 %, 307.63 W, 1980 MHz, 0 %, 76
2026/10/10 17:31:16.323, 0, 75483 MiB, 100 %, 696.76 W, 1740 MHz, 25 %, 50
2026/10/10 17:31:16.323, 1, 75483 MiB, 100 %, 693.76 W, 1740 MHz, 25 %, 69
2026/10/10 17:31:16.323, 2, 75483 MiB, 100 %, 699.07 W, 1740 MHz, 26 %, 50
2026/10/10 17:31:16.323, 3, 75483 MiB, 100 %, 699.83 W, 1680 MHz, 26 %, 47
2026/10/10 17:31:16.323, 4, 75483 MiB, 100 %, 702.69 W, 1740 MHz, 26 %, 48
2026/10/10 17:31:16.323, 5, 75483 MiB, 100 %, 703.53 W, 1785 MHz, 25 %, 53
2026/10/10 17:31:16.323, 6, 75483 MiB, 100 %, 706.59 W, 1695 MHz, 27 %, 52
2026/10/10 17:31:16.323, 7, 75483 MiB, 100 %, 701.02 W, 1710 MHz, 26 %, 83
2026/10/10 17:31:17.324, 0, 75483 MiB, 100 %, 692.00 W, 1740 MHz, 26 %, 52
2026/10/10 17:31:17.324, 1, 75483 MiB, 100 %, 699.98 W, 1755 MHz, 26 %, 70
2026/10/10 17:31:17.324, 2, 75483 MiB, 100 %, 699.55 W, 1785 MHz, 26 %, 54
2026/10/10 17:31:17.324, 3, 75483 MiB, 100 %, 691.01 W, 1755 MHz, 26 %, 50
2026/10/10 17:31:17.324, 4, 75483 MiB, 100 %, 692.05 W, 1770 MHz, 26 %, 51
2026/10/10 17:31:17.324, 5, 75483 MiB, 100 %, 701.74 W, 1740 MHz, 26 %, 56
2026/10/10 17:31:17.324, 6, 75483 MiB, 100 %, 694.49 W, 1710 MHz, 26 %, 55
2026/10/10 17:31:17.324, 7, 75483 MiB, 100 %, 623.96 W, 1575 MHz, 26 %, 83
2026/10/10 17:31:18.324, 0, 75483 MiB, 100 %, 680.02 W, 1965 MHz, 25 %, 50
2026/10/10 17:31:18.324, 1, 75483 MiB, 100 %, 681.22 W, 1905 MHz, 24 %, 68
2026/10/10 17:31:18.324, 2, 75483 MiB, 100 %, 672.94 W, 1935 MHz, 25 %, 53
2026/10/10 17:31:18.325, 3, 75483 MiB, 100 %, 690.11 W, 1740 MHz, 24 %, 51
2026/10/10 17:31:18.325, 4, 75483 MiB, 95 %, 683.57 W, 1875 MHz, 20 %, 53
2026/10/10 17:31:18.325, 5, 75483 MiB, 100 %, 682.20 W, 1905 MHz, 24 %, 57
2026/10/10 17:31:18.325, 6, 75483 MiB, 95 %, 681.03 W, 1890 MHz, 20 %, 57
2026/10/10 17:31:18.325, 7, 75483 MiB, 100 %, 578.27 W, 1785 MHz, 25 %, 79
2026/10/10 17:31:19.325, 0, 75483 MiB, 100 %, 278.77 W, 1980 MHz, 18 %, 39
2026/10/10 17:31:19.325, 1, 75483 MiB, 100 %, 291.19 W, 1980 MHz, 17 %, 61
2026/10/10 17:31:19.325, 2, 75483 MiB, 100 %, 275.71 W, 1980 MHz, 18 %, 43
2026/10/10 17:31:19.325, 3, 75483 MiB, 100 %, 283.84 W, 1980 MHz, 17 %, 38
2026/10/10 17:31:19.325, 4, 75483 MiB, 100 %, 288.91 W, 1980 MHz, 18 %, 39
2026/10/10 17:31:19.325, 5, 75483 MiB, 100 %, 288.62 W, 1980 MHz, 17 %, 43
2026/10/10 17:31:19.325, 6, 75483 MiB, 100 %, 284.49 W, 1980 MHz, 17 %, 42
2026/10/10 17:31:19.325, 7, 75483 MiB, 100 %, 313.09 W, 1980 MHz, 17 %, 73
2026/10/10 17:31:20.325, 0, 75483 MiB, 100 %, 268.89 W, 1980 MHz, 18 %, 38
2026/10/10 17:31:20.326, 1, 75483 MiB, 100 %, 288.00 W, 1980 MHz, 18 %, 60
2026/10/10 17:31:20.326, 2, 75483 MiB, 100 %, 273.99 W, 1980 MHz, 18 %, 42
2026/10/10 17:31:20.326, 3, 75483 MiB, 100 %, 266.82 W, 1980 MHz, 17 %, 36
2026/10/10 17:31:20.326, 4, 75483 MiB, 100 %, 265.63 W, 1980 MHz, 18 %, 37
2026/10/10 17:31:20.326, 5, 75483 MiB, 100 %, 271.35 W, 1980 MHz, 18 %, 42
2026/10/10 17:31:20.326, 6, 75483 MiB, 100 %, 261.96 W, 1980 MHz, 18 %, 40
2026/10/10 17:31:20.326, 7, 75483 MiB, 100 %, 300.66 W, 1980 MHz, 17 %, 72
2026/10/10 17:31:21.326, 0, 75483 MiB, 100 %, 271.15 W, 1980 MHz, 18 %, 38
2026/10/10 17:31:21.326, 1, 75483 MiB, 100 %, 285.38 W, 1980 MHz, 18 %, 60
2026/10/10 17:31:21.326, 2, 75483 MiB, 100 %, 273.00 W, 1980 MHz, 18 %, 42
2026/10/10 17:31:21.326, 3, 75483 MiB, 100 %, 266.09 W, 1980 MHz, 18 %, 36
2026/10/10 17:31:21.326, 4, 75483 MiB, 100 %, 263.09 W, 1980 MHz, 18 %, 37
2026/10/10 17:31:21.326, 5, 75483 MiB, 100 %, 268.47 W, 1980 MHz, 17 %, 41
2026/10/10 17:31:21.326, 6, 75483 MiB, 100 %, 260.38 W, 1980 MHz, 18 %, 39
2026/10/10 17:31:21.326, 7, 75483 MiB, 100 %, 298.23 W, 1980 MHz, 17 %, 72
2026/10/10 17:31:22.327, 0, 75483 MiB, 100 %, 270.75 W, 1980 MHz, 18 %, 37
2026/10/10 17:31:22.327, 1, 75483 MiB, 100 %, 286.48 W, 1980 MHz, 17 %, 60
2026/10/10 17:31:22.327, 2, 75483 MiB, 100 %, 270.18 W, 1980 MHz, 18 %, 41
2026/10/10 17:31:22.327, 3, 75483 MiB, 100 %, 266.81 W, 1980 MHz, 18 %, 36
2026/10/10 17:31:22.327, 4, 75483 MiB, 100 %, 263.38 W, 1980 MHz, 18 %, 36
2026/10/10 17:31:22.327, 5, 75483 MiB, 100 %, 269.06 W, 1980 MHz, 18 %, 41
2026/10/10 17:31:22.327, 6, 75483 MiB, 100 %, 258.11 W, 1980 MHz, 17 %, 39
2026/10/10 17:31:22.327, 7, 75483 MiB, 100 %, 301.02 W, 1980 MHz, 17 %, 72
2026/10/10 17:31:23.327, 0, 75483 MiB, 100 %, 267.55 W, 1980 MHz, 17 %, 37
2026/10/10 17:31:23.327, 1, 75483 MiB, 100 %, 285.71 W, 1980 MHz, 18 %, 60
2026/10/10 17:31:23.327, 2, 75483 MiB, 100 %, 271.76 W, 1980 MHz, 18 %, 41
2026/10/10 17:31:23.327, 3, 75483 MiB, 100 %, 264.88 W, 1980 MHz, 17 %, 35
2026/10/10 17:31:23.327, 4, 75483 MiB, 100 %, 265.35 W, 1980 MHz, 18 %, 36
2026/10/10 17:31:23.328, 5, 75483 MiB, 100 %, 269.32 W, 1980 MHz, 17 %, 41
2026/10/10 17:31:23.328, 6, 75483 MiB, 100 %, 260.79 W, 1980 MHz, 18 %, 39
2026/10/10 17:31:23.328, 7, 75483 MiB, 100 %, 299.36 W, 1980 MHz, 17 %, 72
2026/10/10 17:31:24.328, 0, 75483 MiB, 100 %, 270.11 W, 1980 MHz, 18 %, 37
2026/10/10 17:31:24.328, 1, 75483 MiB, 100 %, 286.73 W, 1980 MHz, 18 %, 60
2026/10/10 17:31:24.328, 2, 75483 MiB, 100 %, 271.02 W, 1980 MHz, 18 %, 41
2026/10/10 17:31:24.328, 3, 75483 MiB, 100 %, 264.13 W, 1980 MHz, 18 %, 35
2026/10/10 17:31:24.328, 4, 75483 MiB, 100 %, 262.26 W, 1980 MHz, 18 %, 36
2026/10/10 17:31:24.328, 5, 75483 MiB, 100 %, 270.49 W, 1980 MHz, 18 %, 41
2026/10/10 17:31:24.328, 6, 75483 MiB, 100 %, 257.57 W, 1980 MHz, 18 %, 38
2026/10/10 17:31:24.328, 7, 75483 MiB, 100 %, 297.85 W, 1980 MHz, 17 %, 72
2026/10/10 17:31:25.328, 0, 75483 MiB, 100 %, 269.40 W, 1980 MHz, 18 %, 37
2026/10/10 17:31:25.328, 1, 75483 MiB, 100 %, 287.89 W, 1980 MHz, 18 %, 60
2026/10/10 17:31:25.328, 2, 75483 MiB, 100 %, 270.49 W, 1980 MHz, 18 %, 41
2026/10/10 17:31:25.328, 3, 75483 MiB, 100 %, 265.17 W, 1980 MHz, 18 %, 35
2026/10/10 17:31:25.329, 4, 75483 MiB, 100 %, 263.88 W, 1980 MHz, 18 %, 36
2026/10/10 17:31:25.329, 5, 75483 MiB, 100 %, 269.12 W, 1980 MHz, 18 %, 41
2026/10/10 17:31:25.329, 6, 75483 MiB, 100 %, 258.79 W, 1980 MHz, 17 %, 38
2026/10/10 17:31:25.329, 7, 75483 MiB, 100 %, 299.30 W, 1980 MHz, 18 %, 72
2026/10/10 17:31:26.329, 0, 75483 MiB, 100 %, 269.96 W, 1980 MHz, 18 %, 37
2026/10/10 17:31:26.329, 1, 75483 MiB, 100 %, 287.39 W, 1980 MHz, 17 %, 60
2026/10/10 17:31:26.329, 2, 75483 MiB, 100 %, 270.66 W, 1980 MHz, 17 %, 41
2026/10/10 17:31:26.329, 3, 75483 MiB, 100 %, 265.33 W, 1980 MHz, 17 %, 35
2026/10/10 17:31:26.329, 4, 75483 MiB, 100 %, 261.45 W, 1980 MHz, 18 %, 36
2026/10/10 17:31:26.329, 5, 75483 MiB, 100 %, 266.87 W, 1980 MHz, 18 %, 40
2026/10/10 17:31:26.329, 6, 75483 MiB, 100 %, 257.54 W, 1980 MHz, 18 %, 38
2026/10/10 17:31:26.329, 7, 75483 MiB, 100 %, 298.44 W, 1980 MHz, 17 %, 72
2026/10/10 17:31:27.329, 0, 75483 MiB, 100 %, 268.22 W, 1980 MHz, 18 %, 36
2026/10/10 17:31:27.330, 1, 75483 MiB, 100 %, 285.17 W, 1980 MHz, 18 %, 60
2026/10/10 17:31:27.330, 2, 75483 MiB, 100 %, 270.53 W, 1980 MHz, 18 %, 41
2026/10/10 17:31:27.330, 3, 75483 MiB, 100 %, 264.24 W, 1980 MHz, 17 %, 35
2026/10/10 17:31:27.330, 4, 75483 MiB, 100 %, 264.39 W, 1980 MHz, 18 %, 36
2026/10/10 17:31:27.330, 5, 75483 MiB, 100 %, 269.23 W, 1980 MHz, 18 %, 40
2026/10/10 17:31:27.330, 6, 75483 MiB, 100 %, 258.08 W, 1980 MHz, 18 %, 38
2026/10/10 17:31:27.330, 7, 75483 MiB, 100 %, 299.03 W, 1980 MHz, 18 %, 72
2026/10/10 17:31:28.330, 0, 75483 MiB, 100 %, 270.20 W, 1980 MHz, 18 %, 36
2026/10/10 17:31:28.330, 1, 75483 MiB, 100 %, 285.08 W, 1980 MHz, 17 %, 60
2026/10/10 17:31:28.330, 2, 75483 MiB, 100 %, 270.38 W, 1980 MHz, 18 %, 40
2026/10/10 17:31:28.330, 3, 75483 MiB, 100 %, 266.68 W, 1980 MHz, 17 %, 35
2026/10/10 17:31:28.330, 4, 75483 MiB, 100 %, 262.54 W, 1980 MHz, 18 %, 35
2026/10/10 17:31:28.330, 5, 75483 MiB, 100 %, 269.96 W, 1980 MHz, 18 %, 40
2026/10/10 17:31:28.330, 6, 75483 MiB, 100 %, 258.52 W, 1980 MHz, 18 %, 38
2026/10/10 17:31:28.330, 7, 75483 MiB, 100 %, 297.10 W, 1980 MHz, 17 %, 71
2026/10/10 17:31:29.331, 0, 75483 MiB, 100 %, 267.77 W, 1980 MHz, 18 %, 36
2026/10/10 17:31:29.331, 1, 75483 MiB, 100 %, 286.78 W, 1980 MHz, 18 %, 60
2026/10/10 17:31:29.331, 2, 75483 MiB, 100 %, 270.79 W, 1980 MHz, 18 %, 40
2026/10/10 17:31:29.331, 3, 75483 MiB, 100 %, 263.11 W, 1980 MHz, 17 %, 35
2026/10/10 17:31:29.331, 4, 75483 MiB, 100 %, 262.00 W, 1980 MHz, 18 %, 35
2026/10/10 17:31:29.331, 5, 75483 MiB, 100 %, 269.03 W, 1980 MHz, 17 %, 40
2026/10/10 17:31:29.331, 6, 75483 MiB, 100 %, 258.23 W, 1980 MHz, 18 %, 38
2026/10/10 17:31:29.331, 7, 75483 MiB, 100 %, 298.84 W, 1980 MHz, 18 %, 72
2026/10/10 17:31:30.331, 0, 75483 MiB, 100 %, 268.25 W, 1980 MHz, 18 %, 36
2026/10/10 17:31:30.331, 1, 75483 MiB, 100 %, 284.21 W, 1980 MHz, 17 %, 60
2026/10/10 17:31:30.331, 2, 75483 MiB, 100 %, 271.38 W, 1980 MHz, 18 %, 40
2026/10/10 17:31:30.331, 3, 75483 MiB, 100 %, 264.07 W, 1980 MHz, 17 %, 35
2026/10/10 17:31:30.331, 4, 75483 MiB, 100 %, 263.85 W, 1980 MHz, 18 %, 35
2026/10/10 17:31:30.331, 5, 75483 MiB, 100 %, 268.82 W, 1980 MHz, 17 %, 40
2026/10/10 17:31:30.331, 6, 75483 MiB, 100 %, 258.69 W, 1980 MHz, 18 %, 38
2026/10/10 17:31:30.331, 7, 75483 MiB, 100 %, 298.91 W, 1980 MHz, 17 %, 71
2026/10/10 17:31:31.332, 0, 75483 MiB, 100 %, 452.90 W, 1815 MHz, 31 %, 50
2026/10/10 17:31:31.332, 1, 75483 MiB, 100 %, 471.98 W, 1770 MHz, 31 %, 70
2026/10/10 17:31:31.332, 2, 75483 MiB, 100 %, 455.41 W, 1815 MHz, 31 %, 51
2026/10/10 17:31:31.332, 3, 75483 MiB, 100 %, 416.88 W, 1785 MHz, 31 %, 46
2026/10/10 17:31:31.332, 4, 75483 MiB, 100 %, 420.00 W, 1845 MHz, 31 %, 48
2026/10/10 17:31:31.332, 5, 75483 MiB, 100 %, 428.61 W, 1815 MHz, 31 %, 51
2026/10/10 17:31:31.332, 6, 75483 MiB, 100 %, 418.78 W, 1830 MHz, 30 %, 50
2026/10/10 17:31:31.332, 7, 75483 MiB, 100 %, 453.96 W, 1755 MHz, 31 %, 83
2026/10/10 17:31:32.332, 0, 75483 MiB, 100 %, 690.96 W, 1890 MHz, 27 %, 52
2026/10/10 17:31:32.333, 1, 75483 MiB, 100 %, 687.26 W, 1890 MHz, 26 %, 71
2026/10/10 17:31:32.333, 2, 75483 MiB, 100 %, 690.38 W, 1935 MHz, 26 %, 54
2026/10/10 17:31:32.333, 3, 75483 MiB, 100 %, 688.19 W, 1875 MHz, 27 %, 50
2026/10/10 17:31:32.333, 4, 75483 MiB, 100 %, 691.09 W, 1860 MHz, 27 %, 52
2026/10/10 17:31:32.333, 5, 75483 MiB, 100 %, 690.82 W, 1860 MHz, 26 %, 56
2026/10/10 17:31:32.333, 6, 75483 MiB, 100 %, 691.52 W, 1890 MHz, 27 %, 55
2026/10/10 17:31:32.333, 7, 75483 MiB, 100 %, 659.55 W, 1560 MHz, 27 %, 82
2026/10/10 17:31:33.333, 0, 75483 MiB, 100 %, 687.34 W, 1905 MHz, 25 %, 53
2026/10/10 17:31:33.333, 1, 75483 MiB, 100 %, 688.44 W, 1875 MHz, 24 %, 72
2026/10/10 17:31:33.333, 2, 75483 MiB, 100 %, 690.87 W, 1935 MHz, 25 %, 56
2026/10/10 17:31:33.333, 3, 75483 MiB, 100 %, 690.34 W, 1875 MHz, 24 %, 51
2026/10/10 17:31:33.333, 4, 75483 MiB, 100 %, 688.33 W, 1905 MHz, 24 %, 53
2026/10/10 17:31:33.333, 5, 75483 MiB, 100 %, 691.38 W, 1905 MHz, 25 %, 57
2026/10/10 17:31:33.333, 6, 75483 MiB, 100 %, 699.22 W, 1875 MHz, 25 %, 57
2026/10/10 17:31:33.334, 7, 75483 MiB, 100 %, 604.49 W, 1470 MHz, 25 %, 82
2026/10/10 17:31:34.334, 0, 75483 MiB, 100 %, 447.44 W, 1980 MHz, 18 %, 40
2026/10/10 17:31:34.334, 1, 75483 MiB, 100 %, 438.89 W, 1980 MHz, 17 %, 61
2026/10/10 17:31:34.334, 2, 75483 MiB, 100 %, 447.25 W, 1980 MHz, 18 %, 44
2026/10/10 17:31:34.334, 3, 75483 MiB, 100 %, 463.95 W, 1980 MHz, 18 %, 39
2026/10/10 17:31:34.334, 4, 75483 MiB, 100 %, 465.51 W, 1980 MHz, 18 %, 40
2026/10/10 17:31:34.334, 5, 75483 MiB, 100 %, 466.67 W, 1980 MHz, 17 %, 45
2026/10/10 17:31:34.334, 6, 75483 MiB, 100 %, 457.11 W, 1980 MHz, 18 %, 44
2026/10/10 17:31:34.334, 7, 75483 MiB, 100 %, 414.90 W, 1980 MHz, 18 %, 74
2026/10/10 17:31:35.334, 0, 75483 MiB, 100 %, 269.86 W, 1980 MHz, 18 %, 38
2026/10/10 17:31:35.335, 1, 75483 MiB, 100 %, 285.20 W, 1980 MHz, 17 %, 60
2026/10/10 17:31:35.337, 2, 75483 MiB, 100 %, 270.67 W, 1980 MHz, 18 %, 42
2026/10/10 17:31:35.338, 3, 75483 MiB, 100 %, 268.91 W, 1980 MHz, 18 %, 37
2026/10/10 17:31:35.339, 4, 75483 MiB, 100 %, 260.42 W, 1980 MHz, 18 %, 38
2026/10/10 17:31:35.340, 5, 75483 MiB, 100 %, 268.24 W, 1980 MHz, 17 %, 42
2026/10/10 17:31:35.341, 6, 75483 MiB, 100 %, 260.71 W, 1980 MHz, 18 %, 40
2026/10/10 17:31:35.342, 7, 75483 MiB, 100 %, 298.55 W, 1980 MHz, 17 %, 72
2026/10/10 17:31:36.344, 0, 75483 MiB, 100 %, 269.11 W, 1980 MHz, 18 %, 38
2026/10/10 17:31:36.344, 1, 75483 MiB, 100 %, 285.22 W, 1980 MHz, 17 %, 60
2026/10/10 17:31:36.344, 2, 75483 MiB, 100 %, 269.15 W, 1980 MHz, 18 %, 42
2026/10/10 17:31:36.344, 3, 75483 MiB, 100 %, 268.25 W, 1980 MHz, 18 %, 36
2026/10/10 17:31:36.344, 4, 75483 MiB, 100 %, 261.33 W, 1980 MHz, 18 %, 37
2026/10/10 17:31:36.344, 5, 75483 MiB, 100 %, 265.41 W, 1980 MHz, 17 %, 41
2026/10/10 17:31:36.344, 6, 75483 MiB, 100 %, 260.11 W, 1980 MHz, 17 %, 39
2026/10/10 17:31:36.344, 7, 75483 MiB, 100 %, 296.26 W, 1980 MHz, 17 %, 72
2026/10/10 17:31:37.344, 0, 75483 MiB, 100 %, 270.49 W, 1980 MHz, 18 %, 37
2026/10/10 17:31:37.344, 1, 75483 MiB, 100 %, 286.93 W, 1980 MHz, 18 %, 60
2026/10/10 17:31:37.344, 2, 75483 MiB, 100 %, 268.88 W, 1980 MHz, 18 %, 41
2026/10/10 17:31:37.344, 3, 75483 MiB, 100 %, 266.67 W, 1980 MHz, 17 %, 36
2026/10/10 17:31:37.344, 4, 75483 MiB, 100 %, 261.32 W, 1980 MHz, 18 %, 36
2026/10/10 17:31:37.344, 5, 75483 MiB, 100 %, 266.32 W, 1980 MHz, 17 %, 41
2026/10/10 17:31:37.344, 6, 75483 MiB, 100 %, 257.70 W, 1980 MHz, 18 %, 39
2026/10/10 17:31:37.345, 7, 75483 MiB, 100 %, 295.89 W, 1980 MHz, 18 %, 72
2026/10/10 17:31:38.345, 0, 75483 MiB, 100 %, 269.78 W, 1980 MHz, 18 %, 37
2026/10/10 17:31:38.345, 1, 75483 MiB, 100 %, 285.53 W, 1980 MHz, 18 %, 60
2026/10/10 17:31:38.345, 2, 75483 MiB, 100 %, 269.53 W, 1980 MHz, 18 %, 41
2026/10/10 17:31:38.345, 3, 75483 MiB, 100 %, 269.38 W, 1980 MHz, 18 %, 35
2026/10/10 17:31:38.345, 4, 75483 MiB, 100 %, 260.94 W, 1980 MHz, 18 %, 36
2026/10/10 17:31:38.345, 5, 75483 MiB, 100 %, 265.19 W, 1980 MHz, 17 %, 41
2026/10/10 17:31:38.345, 6, 75483 MiB, 100 %, 260.57 W, 1980 MHz, 18 %, 39
2026/10/10 17:31:38.345, 7, 75483 MiB, 100 %, 295.23 W, 1980 MHz, 17 %, 72
2026/10/10 17:31:39.345, 0, 75483 MiB, 100 %, 268.71 W, 1980 MHz, 18 %, 37
2026/10/10 17:31:39.345, 1, 75483 MiB, 100 %, 283.78 W, 1980 MHz, 17 %, 60
2026/10/10 17:31:39.345, 2, 75483 MiB, 100 %, 267.47 W, 1980 MHz, 17 %, 41
2026/10/10 17:31:39.345, 3, 75483 MiB, 100 %, 268.09 W, 1980 MHz, 17 %, 35
2026/10/10 17:31:39.346, 4, 75483 MiB, 100 %, 259.32 W, 1980 MHz, 17 %, 36
2026/10/10 17:31:39.346, 5, 75483 MiB, 100 %, 266.35 W, 1980 MHz, 17 %, 40
2026/10/10 17:31:39.346, 6, 75483 MiB, 100 %, 257.98 W, 1980 MHz, 17 %, 38
2026/10/10 17:31:39.346, 7, 75483 MiB, 100 %, 295.45 W, 1980 MHz, 17 %, 72
2026/10/10 17:31:40.346, 0, 75483 MiB, 100 %, 267.73 W, 1980 MHz, 18 %, 37
2026/10/10 17:31:40.346, 1, 75483 MiB, 100 %, 286.90 W, 1980 MHz, 18 %, 60
2026/10/10 17:31:40.346, 2, 75483 MiB, 100 %, 269.47 W, 1980 MHz, 18 %, 41
2026/10/10 17:31:40.346, 3, 75483 MiB, 100 %, 267.63 W, 1980 MHz, 17 %, 35
2026/10/10 17:31:40.346, 4, 75483 MiB, 100 %, 260.10 W, 1980 MHz, 18 %, 36
2026/10/10 17:31:40.346, 5, 75483 MiB, 100 %, 266.45 W, 1980 MHz, 17 %, 40
2026/10/10 17:31:40.346, 6, 75483 MiB, 100 %, 257.90 W, 1980 MHz, 18 %, 38
2026/10/10 17:31:40.346, 7, 75483 MiB, 100 %, 297.30 W, 1980 MHz, 18 %, 71
2026/10/10 17:31:41.346, 0, 75483 MiB, 100 %, 268.57 W, 1980 MHz, 18 %, 37
2026/10/10 17:31:41.347, 1, 75483 MiB, 100 %, 285.46 W, 1980 MHz, 17 %, 60
2026/10/10 17:31:41.347, 2, 75483 MiB, 100 %, 270.39 W, 1980 MHz, 18 %, 41
2026/10/10 17:31:41.347, 3, 75483 MiB, 100 %, 265.15 W, 1980 MHz, 18 %, 35
2026/10/10 17:31:41.347, 4, 75483 MiB, 100 %, 261.12 W, 1980 MHz, 17 %, 36
2026/10/10 17:31:41.347, 5, 75483 MiB, 100 %, 266.13 W, 1980 MHz, 18 %, 40
2026/10/10 17:31:41.347, 6, 75483 MiB, 100 %, 257.43 W, 1980 MHz, 18 %, 38
2026/10/10 17:31:41.347, 7, 75483 MiB, 100 %, 295.83 W, 1980 MHz, 17 %, 72
2026/10/10 17:31:42.347, 0, 75483 MiB, 100 %, 267.64 W, 1980 MHz, 18 %, 36
2026/10/10 17:31:42.347, 1, 75483 MiB, 100 %, 284.10 W, 1980 MHz, 17 %, 60
2026/10/10 17:31:42.347, 2, 75483 MiB, 100 %, 270.72 W, 1980 MHz, 18 %, 41
2026/10/10 17:31:42.347, 3, 75483 MiB, 100 %, 264.80 W, 1980 MHz, 17 %, 35
2026/10/10 17:31:42.347, 4, 75483 MiB, 100 %, 262.17 W, 1980 MHz, 18 %, 35
2026/10/10 17:31:42.347, 5, 75483 MiB, 100 %, 266.15 W, 1980 MHz, 17 %, 40
2026/10/10 17:31:42.347, 6, 75483 MiB, 100 %, 256.69 W, 1980 MHz, 18 %, 38
2026/10/10 17:31:42.347, 7, 75483 MiB, 100 %, 296.07 W, 1980 MHz, 18 %, 71
2026/10/10 17:31:43.348, 0, 75483 MiB, 100 %, 268.41 W, 1980 MHz, 18 %, 36
2026/10/10 17:31:43.348, 1, 75483 MiB, 100 %, 285.57 W, 1980 MHz, 17 %, 60
2026/10/10 17:31:43.348, 2, 75483 MiB, 100 %, 269.39 W, 1980 MHz, 18 %, 40
2026/10/10 17:31:43.348, 3, 75483 MiB, 100 %, 265.12 W, 1980 MHz, 17 %, 35
2026/10/10 17:31:43.348, 4, 75483 MiB, 100 %, 261.17 W, 1980 MHz, 17 %, 35
2026/10/10 17:31:43.348, 5, 75483 MiB, 100 %, 266.86 W, 1980 MHz, 18 %, 40
2026/10/10 17:31:43.348, 6, 75483 MiB, 100 %, 259.21 W, 1980 MHz, 18 %, 38
2026/10/10 17:31:43.348, 7, 75483 MiB, 100 %, 296.22 W, 1980 MHz, 17 %, 71
2026/10/10 17:31:44.348, 0, 75483 MiB, 100 %, 268.85 W, 1980 MHz, 18 %, 36
2026/10/10 17:31:44.348, 1, 75483 MiB, 100 %, 285.03 W, 1980 MHz, 18 %, 60
2026/10/10 17:31:44.348, 2, 75483 MiB, 100 %, 269.43 W, 1980 MHz, 18 %, 40
2026/10/10 17:31:44.348, 3, 75483 MiB, 100 %, 265.58 W, 1980 MHz, 18 %, 35
2026/10/10 17:31:44.348, 4, 75483 MiB, 100 %, 260.43 W, 1980 MHz, 17 %, 35
2026/10/10 17:31:44.348, 5, 75483 MiB, 100 %, 264.98 W, 1980 MHz, 17 %, 40
2026/10/10 17:31:44.348, 6, 75483 MiB, 100 %, 257.88 W, 1980 MHz, 18 %, 38
2026/10/10 17:31:44.349, 7, 75483 MiB, 100 %, 297.43 W, 1980 MHz, 18 %, 71
2026/10/10 17:31:45.349, 0, 75483 MiB, 100 %, 270.32 W, 1980 MHz, 18 %, 36
2026/10/10 17:31:45.349, 1, 75483 MiB, 100 %, 286.12 W, 1980 MHz, 18 %, 60
2026/10/10 17:31:45.349, 2, 75483 MiB, 100 %, 269.11 W, 1980 MHz, 18 %, 40
2026/10/10 17:31:45.349, 3, 75483 MiB, 100 %, 264.36 W, 1980 MHz, 17 %, 35
2026/10/10 17:31:45.349, 4, 75483 MiB, 100 %, 259.73 W, 1980 MHz, 18 %, 35
2026/10/10 17:31:45.349, 5, 75483 MiB, 100 %, 265.98 W, 1980 MHz, 17 %, 40
2026/10/10 17:31:45.349, 6, 75483 MiB, 100 %, 259.24 W, 1980 MHz, 18 %, 38
2026/10/10 17:31:45.349, 7, 75483 MiB, 100 %, 297.53 W, 1980 MHz, 17 %, 71
2026/10/10 17:31:46.349, 0, 75483 MiB, 19 %, 302.92 W, 1965 MHz, 3 %, 46
2026/10/10 17:31:46.350, 1, 75483 MiB, 11 %, 328.21 W, 1755 MHz, 2 %, 69
2026/10/10 17:31:46.350, 2, 75483 MiB, 0 %, 307.18 W, 1755 MHz, 0 %, 45
2026/10/10 17:31:46.350, 3, 75483 MiB, 0 %, 318.20 W, 1815 MHz, 0 %, 44
2026/10/10 17:31:46.350, 4, 75483 MiB, 20 %, 302.43 W, 1785 MHz, 7 %, 42
2026/10/10 17:31:46.350, 5, 75483 MiB, 62 %, 274.14 W, 1875 MHz, 19 %, 38
2026/10/10 17:31:46.350, 6, 75483 MiB, 30 %, 258.88 W, 1980 MHz, 10 %, 36
2026/10/10 17:31:46.350, 7, 75483 MiB, 1 %, 302.88 W, 1980 MHz, 0 %, 75
2026/10/10 17:31:47.350, 0, 75483 MiB, 100 %, 697.21 W, 1770 MHz, 25 %, 50
2026/10/10 17:31:47.350, 1, 75483 MiB, 100 %, 696.14 W, 1755 MHz, 25 %, 70
2026/10/10 17:31:47.350, 2, 75483 MiB, 100 %, 700.72 W, 1725 MHz, 26 %, 51
2026/10/10 17:31:47.350, 3, 75483 MiB, 100 %, 694.07 W, 1755 MHz, 26 %, 49
2026/10/10 17:31:47.350, 4, 75483 MiB, 100 %, 696.57 W, 1815 MHz, 26 %, 50
2026/10/10 17:31:47.351, 5, 75483 MiB, 100 %, 697.52 W, 1770 MHz, 28 %, 53
2026/10/10 17:31:47.351, 6, 75483 MiB, 100 %, 705.86 W, 1755 MHz, 27 %, 51
2026/10/10 17:31:47.351, 7, 75483 MiB, 100 %, 696.75 W, 1695 MHz, 26 %, 83
2026/10/10 17:31:48.351, 0, 75483 MiB, 100 %, 691.67 W, 1755 MHz, 25 %, 52
2026/10/10 17:31:48.351, 1, 75483 MiB, 100 %, 694.80 W, 1755 MHz, 25 %, 70
2026/10/10 17:31:48.351, 2, 75483 MiB, 100 %, 694.44 W, 1785 MHz, 25 %, 53
2026/10/10 17:31:48.351, 3, 75483 MiB, 100 %, 689.57 W, 1785 MHz, 26 %, 50
2026/10/10 17:31:48.351, 4, 75483 MiB, 100 %, 694.92 W, 1845 MHz, 26 %, 52
2026/10/10 17:31:48.351, 5, 75483 MiB, 100 %, 693.17 W, 1755 MHz, 26 %, 55
2026/10/10 17:31:48.351, 6, 75483 MiB, 100 %, 693.28 W, 1740 MHz, 25 %, 55
2026/10/10 17:31:48.351, 7, 75483 MiB, 100 %, 604.66 W, 1515 MHz, 26 %, 82
2026/10/10 17:31:49.351, 0, 75483 MiB, 100 %, 690.66 W, 1785 MHz, 25 %, 53
2026/10/10 17:31:49.352, 1, 75483 MiB, 100 %, 695.24 W, 1755 MHz, 25 %, 71
2026/10/10 17:31:49.352, 2, 75483 MiB, 100 %, 695.64 W, 1770 MHz, 25 %, 55
2026/10/10 17:31:49.352, 3, 75483 MiB, 100 %, 697.14 W, 1770 MHz, 25 %, 51
2026/10/10 17:31:49.352, 4, 75483 MiB, 97 %, 696.20 W, 1815 MHz, 24 %, 54
2026/10/10 17:31:49.352, 5, 75483 MiB, 98 %, 686.53 W, 1770 MHz, 26 %, 57
2026/10/10 17:31:49.352, 6, 75483 MiB, 98 %, 695.68 W, 1845 MHz, 24 %, 57
2026/10/10 17:31:49.352, 7, 75483 MiB, 100 %, 595.72 W, 1605 MHz, 25 %, 81
2026/10/10 17:31:50.352, 0, 75483 MiB, 100 %, 332.26 W, 1980 MHz, 17 %, 39
2026/10/10 17:31:50.352, 1, 75483 MiB, 100 %, 344.59 W, 1980 MHz, 18 %, 61
2026/10/10 17:31:50.352, 2, 75483 MiB, 100 %, 345.31 W, 1980 MHz, 18 %, 44
2026/10/10 17:31:50.352, 3, 75483 MiB, 100 %, 335.86 W, 1980 MHz, 18 %, 38
2026/10/10 17:31:50.352, 4, 75483 MiB, 100 %, 327.57 W, 1980 MHz, 18 %, 39
2026/10/10 17:31:50.352, 5, 75483 MiB, 100 %, 367.48 W, 1980 MHz, 18 %, 44
2026/10/10 17:31:50.352, 6, 75483 MiB, 100 %, 324.42 W, 1980 MHz, 18 %, 43
2026/10/10 17:31:50.353, 7, 75483 MiB, 100 %, 364.88 W, 1980 MHz, 17 %, 73
2026/10/10 17:31:51.353, 0, 75483 MiB, 100 %, 267.10 W, 1980 MHz, 17 %, 38
2026/10/10 17:31:51.353, 1, 75483 MiB, 100 %, 287.88 W, 1980 MHz, 17 %, 61
2026/10/10 17:31:51.353, 2, 75483 MiB, 100 %, 273.94 W, 1980 MHz, 18 %, 42
2026/10/10 17:31:51.353, 3, 75483 MiB, 100 %, 271.51 W, 1980 MHz, 18 %, 37
2026/10/10 17:31:51.353, 4, 75483 MiB, 100 %, 260.59 W, 1980 MHz, 17 %, 37
2026/10/10 17:31:51.353, 5, 75483 MiB, 100 %, 275.23 W, 1980 MHz, 18 %, 42
2026/10/10 17:31:51.353, 6, 75483 MiB, 100 %, 265.35 W, 1980 MHz, 18 %, 40
2026/10/10 17:31:51.353, 7, 75483 MiB, 100 %, 301.31 W, 1980 MHz, 17 %, 73
2026/10/10 17:31:52.353, 0, 75483 MiB, 100 %, 267.71 W, 1980 MHz, 18 %, 38
2026/10/10 17:31:52.353, 1, 75483 MiB, 100 %, 287.39 W, 1980 MHz, 17 %, 60
2026/10/10 17:31:52.353, 2, 75483 MiB, 100 %, 271.23 W, 1980 MHz, 18 %, 42
2026/10/10 17:31:52.353, 3, 75483 MiB, 100 %, 266.93 W, 1980 MHz, 18 %, 36
2026/10/10 17:31:52.353, 4, 75483 MiB, 100 %, 262.27 W, 1980 MHz, 18 %, 37
2026/10/10 17:31:52.353, 5, 75483 MiB, 100 %, 276.22 W, 1980 MHz, 18 %, 42
2026/10/10 17:31:52.354, 6, 75483 MiB, 100 %, 262.73 W, 1980 MHz, 18 %, 39
2026/10/10 17:31:52.354, 7, 75483 MiB, 100 %, 299.50 W, 1980 MHz, 18 %, 72
2026/10/10 17:31:53.354, 0, 75483 MiB, 100 %, 268.62 W, 1980 MHz, 18 %, 37
2026/10/10 17:31:53.354, 1, 75483 MiB, 100 %, 284.79 W, 1980 MHz, 17 %, 60
2026/10/10 17:31:53.354, 2, 75483 MiB, 100 %, 269.13 W, 1980 MHz, 17 %, 41
2026/10/10 17:31:53.354, 3, 75483 MiB, 100 %, 266.84 W, 1980 MHz, 18 %, 36
2026/10/10 17:31:53.354, 4, 75483 MiB, 100 %, 262.83 W, 1980 MHz, 18 %, 36
2026/10/10 17:31:53.354, 5, 75483 MiB, 100 %, 272.98 W, 1980 MHz, 18 %, 41
2026/10/10 17:31:53.354, 6, 75483 MiB, 100 %, 262.69 W, 1980 MHz, 18 %, 39
2026/10/10 17:31:53.354, 7, 75483 MiB, 100 %, 298.83 W, 1980 MHz, 18 %, 72
2026/10/10 17:31:54.354, 0, 75483 MiB, 100 %, 268.65 W, 1980 MHz, 18 %, 37
2026/10/10 17:31:54.354, 1, 75483 MiB, 100 %, 283.39 W, 1980 MHz, 17 %, 60
2026/10/10 17:31:54.354, 2, 75483 MiB, 100 %, 270.71 W, 1980 MHz, 18 %, 41
2026/10/10 17:31:54.355, 3, 75483 MiB, 100 %, 268.65 W, 1980 MHz, 18 %, 35
2026/10/10 17:31:54.355, 4, 75483 MiB, 100 %, 262.77 W, 1980 MHz, 18 %, 36
2026/10/10 17:31:54.355, 5, 75483 MiB, 100 %, 273.68 W, 1980 MHz, 18 %, 41
2026/10/10 17:31:54.355, 6, 75483 MiB, 100 %, 261.77 W, 1980 MHz, 18 %, 39
2026/10/10 17:31:54.355, 7, 75483 MiB, 100 %, 301.34 W, 1980 MHz, 18 %, 72
2026/10/10 17:31:55.355, 0, 75483 MiB, 100 %, 267.98 W, 1980 MHz, 18 %, 37
2026/10/10 17:31:55.355, 1, 75483 MiB, 100 %, 283.28 W, 1980 MHz, 17 %, 60
2026/10/10 17:31:55.355, 2, 75483 MiB, 100 %, 268.60 W, 1980 MHz, 18 %, 41
2026/10/10 17:31:55.355, 3, 75483 MiB, 100 %, 267.45 W, 1980 MHz, 18 %, 35
2026/10/10 17:31:55.355, 4, 75483 MiB, 100 %, 261.39 W, 1980 MHz, 18 %, 36
2026/10/10 17:31:55.355, 5, 75483 MiB, 100 %, 274.33 W, 1980 MHz, 18 %, 41
2026/10/10 17:31:55.355, 6, 75483 MiB, 100 %, 260.52 W, 1980 MHz, 18 %, 38
2026/10/10 17:31:55.355, 7, 75483 MiB, 100 %, 298.96 W, 1980 MHz, 18 %, 72
2026/10/10 17:31:56.356, 0, 75483 MiB, 100 %, 267.27 W, 1980 MHz, 18 %, 37
2026/10/10 17:31:56.356, 1, 75483 MiB, 100 %, 283.08 W, 1980 MHz, 17 %, 60
2026/10/10 17:31:56.356, 2, 75483 MiB, 100 %, 271.48 W, 1980 MHz, 18 %, 41
2026/10/10 17:31:56.356, 3, 75483 MiB, 100 %, 266.56 W, 1980 MHz, 18 %, 35
2026/10/10 17:31:56.356, 4, 75483 MiB, 100 %, 261.64 W, 1980 MHz, 18 %, 36
2026/10/10 17:31:56.356, 5, 75483 MiB, 100 %, 276.41 W, 1980 MHz, 19 %, 41
2026/10/10 17:31:56.356, 6, 75483 MiB, 100 %, 260.74 W, 1980 MHz, 18 %, 38
2026/10/10 17:31:56.356, 7, 75483 MiB, 100 %, 299.87 W, 1980 MHz, 18 %, 72
2026/10/10 17:31:57.356, 0, 75483 MiB, 100 %, 267.16 W, 1980 MHz, 17 %, 37
2026/10/10 17:31:57.356, 1, 75483 MiB, 100 %, 283.57 W, 1980 MHz, 17 %, 60
2026/10/10 17:31:57.356, 2, 75483 MiB, 100 %, 272.58 W, 1980 MHz, 18 %, 41
2026/10/10 17:31:57.356, 3, 75483 MiB, 100 %, 267.35 W, 1980 MHz, 18 %, 35
2026/10/10 17:31:57.356, 4, 75483 MiB, 100 %, 259.21 W, 1980 MHz, 17 %, 36
2026/10/10 17:31:57.356, 5, 75483 MiB, 100 %, 271.43 W, 1980 MHz, 18 %, 41
2026/10/10 17:31:57.356, 6, 75483 MiB, 100 %, 260.15 W, 1980 MHz, 18 %, 38
2026/10/10 17:31:57.357, 7, 75483 MiB, 100 %, 299.13 W, 1980 MHz, 18 %, 72
2026/10/10 17:31:58.357, 0, 75483 MiB, 100 %, 264.92 W, 1980 MHz, 17 %, 36
2026/10/10 17:31:58.357, 1, 75483 MiB, 100 %, 284.11 W, 1980 MHz, 17 %, 60
2026/10/10 17:31:58.357, 2, 75483 MiB, 100 %, 272.70 W, 1980 MHz, 18 %, 41
2026/10/10 17:31:58.357, 3, 75483 MiB, 100 %, 266.62 W, 1980 MHz, 18 %, 35
2026/10/10 17:31:58.357, 4, 75483 MiB, 100 %, 260.12 W, 1980 MHz, 17 %, 36
2026/10/10 17:31:58.357, 5, 75483 MiB, 100 %, 270.14 W, 1980 MHz, 18 %, 40
2026/10/10 17:31:58.357, 6, 75483 MiB, 100 %, 260.29 W, 1980 MHz, 18 %, 38
2026/10/10 17:31:58.357, 7, 75483 MiB, 100 %, 300.42 W, 1980 MHz, 18 %, 72
2026/10/10 17:31:59.357, 0, 75483 MiB, 100 %, 268.65 W, 1980 MHz, 17 %, 36
2026/10/10 17:31:59.357, 1, 75483 MiB, 100 %, 284.20 W, 1980 MHz, 17 %, 60
2026/10/10 17:31:59.359, 2, 75483 MiB, 100 %, 272.84 W, 1980 MHz, 18 %, 40
2026/10/10 17:31:59.359, 3, 75483 MiB, 100 %, 267.39 W, 1980 MHz, 18 %, 35
2026/10/10 17:31:59.359, 4, 75483 MiB, 100 %, 258.17 W, 1980 MHz, 17 %, 35
2026/10/10 17:31:59.359, 5, 75483 MiB, 100 %, 271.72 W, 1980 MHz, 18 %, 40
2026/10/10 17:31:59.359, 6, 75483 MiB, 100 %, 259.75 W, 1980 MHz, 18 %, 38
2026/10/10 17:31:59.359, 7, 75483 MiB, 100 %, 298.98 W, 1980 MHz, 18 %, 72
2026/10/10 17:32:00.359, 0, 75483 MiB, 100 %, 266.55 W, 1980 MHz, 18 %, 36
2026/10/10 17:32:00.359, 1, 75483 MiB, 100 %, 284.23 W, 1980 MHz, 17 %, 60
2026/10/10 17:32:00.359, 2, 75483 MiB, 100 %, 268.88 W, 1980 MHz, 18 %, 40
2026/10/10 17:32:00.359, 3, 75483 MiB, 100 %, 267.71 W, 1980 MHz, 18 %, 35
2026/10/10 17:32:00.359, 4, 75483 MiB, 100 %, 257.82 W, 1980 MHz, 17 %, 35
2026/10/10 17:32:00.359, 5, 75483 MiB, 100 %, 273.58 W, 1980 MHz, 18 %, 40
2026/10/10 17:32:00.359, 6, 75483 MiB, 100 %, 262.38 W, 1980 MHz, 18 %, 38
2026/10/10 17:32:00.359, 7, 75483 MiB, 100 %, 299.36 W, 1980 MHz, 18 %, 72
2026/10/10 17:32:01.360, 0, 75483 MiB, 100 %, 265.76 W, 1980 MHz, 17 %, 36
2026/10/10 17:32:01.360, 1, 75483 MiB, 100 %, 284.22 W, 1980 MHz, 17 %, 60
2026/10/10 17:32:01.360, 2, 75483 MiB, 100 %, 271.11 W, 1980 MHz, 18 %, 40
2026/10/10 17:32:01.360, 3, 75483 MiB, 100 %, 265.06 W, 1980 MHz, 18 %, 35
2026/10/10 17:32:01.360, 4, 75483 MiB, 100 %, 260.26 W, 1980 MHz, 18 %, 35
2026/10/10 17:32:01.360, 5, 75483 MiB, 100 %, 274.27 W, 1980 MHz, 18 %, 40
2026/10/10 17:32:01.360, 6, 75483 MiB, 100 %, 261.53 W, 1980 MHz, 18 %, 38
2026/10/10 17:32:01.360, 7, 75483 MiB, 100 %, 301.12 W, 1980 MHz, 18 %, 72
2026/10/10 17:32:02.360, 0, 75483 MiB, 30 %, 334.45 W, 1830 MHz, 10 %, 47
2026/10/10 17:32:02.360, 1, 75483 MiB, 37 %, 349.86 W, 1755 MHz, 12 %, 69
2026/10/10 17:32:02.360, 2, 75483 MiB, 65 %, 335.97 W, 1815 MHz, 21 %, 49
2026/10/10 17:32:02.361, 3, 75483 MiB, 69 %, 340.41 W, 1770 MHz, 22 %, 45
2026/10/10 17:32:02.361, 4, 75483 MiB, 94 %, 332.42 W, 1785 MHz, 30 %, 44
2026/10/10 17:32:02.361, 5, 75483 MiB, 100 %, 319.25 W, 1755 MHz, 31 %, 48
2026/10/10 17:32:02.361, 6, 75483 MiB, 100 %, 340.62 W, 1830 MHz, 32 %, 47
2026/10/10 17:32:02.361, 7, 75483 MiB, 61 %, 336.81 W, 1725 MHz, 19 %, 80
2026/10/10 17:32:03.361, 0, 75483 MiB, 100 %, 694.10 W, 1845 MHz, 27 %, 50
2026/10/10 17:32:03.361, 1, 75483 MiB, 100 %, 696.98 W, 1800 MHz, 27 %, 70
2026/10/10 17:32:03.361, 2, 75483 MiB, 100 %, 690.28 W, 1785 MHz, 27 %, 51
2026/10/10 17:32:03.361, 3, 75483 MiB, 100 %, 693.89 W, 1830 MHz, 28 %, 49
2026/10/10 17:32:03.361, 4, 75483 MiB, 100 %, 693.17 W, 1860 MHz, 28 %, 50
2026/10/10 17:32:03.361, 5, 75483 MiB, 100 %, 693.03 W, 1710 MHz, 28 %, 54
2026/10/10 17:32:03.361, 6, 75483 MiB, 100 %, 697.75 W, 1875 MHz, 28 %, 54
2026/10/10 17:32:03.361, 7, 75483 MiB, 100 %, 685.39 W, 1635 MHz, 28 %, 83
2026/10/10 17:32:04.362, 0, 75483 MiB, 100 %, 691.92 W, 1845 MHz, 26 %, 52
2026/10/10 17:32:04.362, 1, 75483 MiB, 100 %, 693.08 W, 1845 MHz, 26 %, 71
2026/10/10 17:32:04.362, 2, 75483 MiB, 100 %, 688.63 W, 1845 MHz, 25 %, 53
2026/10/10 17:32:04.362, 3, 75483 MiB, 100 %, 688.20 W, 1770 MHz, 26 %, 50
2026/10/10 17:32:04.362, 4, 75483 MiB, 100 %, 691.89 W, 1830 MHz, 25 %, 52
2026/10/10 17:32:04.362, 5, 75483 MiB, 100 %, 693.93 W, 1755 MHz, 25 %, 56
2026/10/10 17:32:04.362, 6, 75483 MiB, 100 %, 690.60 W, 1815 MHz, 25 %, 56
2026/10/10 17:32:04.362, 7, 75483 MiB, 100 %, 613.39 W, 1530 MHz, 26 %, 82
2026/10/10 17:32:05.362, 0, 75483 MiB, 96 %, 649.22 W, 1965 MHz, 20 %, 44
2026/10/10 17:32:05.362, 1, 75483 MiB, 96 %, 648.72 W, 1965 MHz, 19 %, 64
2026/10/10 17:32:05.362, 2, 75483 MiB, 96 %, 656.74 W, 1965 MHz, 16 %, 51
2026/10/10 17:32:05.362, 3, 75483 MiB, 96 %, 635.03 W, 1965 MHz, 16 %, 43
2026/10/10 17:32:05.362, 4, 75483 MiB, 97 %, 639.05 W, 1965 MHz, 15 %, 47
2026/10/10 17:32:05.363, 5, 75483 MiB, 100 %, 662.33 W, 1965 MHz, 16 %, 55
2026/10/10 17:32:05.363, 6, 75483 MiB, 100 %, 631.80 W, 1965 MHz, 15 %, 50
2026/10/10 17:32:05.363, 7, 75483 MiB, 97 %, 573.08 W, 1935 MHz, 17 %, 79
2026/10/10 17:32:06.363, 0, 75483 MiB, 100 %, 269.85 W, 1980 MHz, 17 %, 39
2026/10/10 17:32:06.363, 1, 75483 MiB, 100 %, 286.68 W, 1980 MHz, 17 %, 61
2026/10/10 17:32:06.363, 2, 75483 MiB, 100 %, 272.77 W, 1980 MHz, 18 %, 43
2026/10/10 17:32:06.363, 3, 75483 MiB, 100 %, 263.30 W, 1980 MHz, 17 %, 37
2026/10/10 17:32:06.363, 4, 75483 MiB, 100 %, 265.81 W, 1980 MHz, 18 %, 39
2026/10/10 17:32:06.363, 5, 75483 MiB, 100 %, 270.11 W, 1980 MHz, 17 %, 43
2026/10/10 17:32:06.363, 6, 75483 MiB, 100 %, 259.05 W, 1980 MHz, 17 %, 41
2026/10/10 17:32:06.363, 7, 75483 MiB, 100 %, 301.22 W, 1980 MHz, 17 %, 73
2026/10/10 17:32:07.363, 0, 75483 MiB, 100 %, 268.33 W, 1980 MHz, 17 %, 38
2026/10/10 17:32:07.363, 1, 75483 MiB, 100 %, 287.62 W, 1980 MHz, 18 %, 60
2026/10/10 17:32:07.364, 2, 75483 MiB, 100 %, 270.84 W, 1980 MHz, 18 %, 42
2026/10/10 17:32:07.364, 3, 75483 MiB, 100 %, 264.41 W, 1980 MHz, 18 %, 36
2026/10/10 17:32:07.364, 4, 75483 MiB, 100 %, 263.53 W, 1980 MHz, 18 %, 37
2026/10/10 17:32:07.364, 5, 75483 MiB, 100 %, 267.97 W, 1980 MHz, 17 %, 42
2026/10/10 17:32:07.364, 6, 75483 MiB, 100 %, 260.07 W, 1980 MHz, 18 %, 40
2026/10/10 17:32:07.364, 7, 75483 MiB, 100 %, 299.40 W, 1980 MHz, 18 %, 72
2026/10/10 17:32:08.364, 0, 75483 MiB, 100 %, 268.94 W, 1980 MHz, 18 %, 37
2026/10/10 17:32:08.364, 1, 75483 MiB, 100 %, 290.39 W, 1980 MHz, 18 %, 60
2026/10/10 17:32:08.364, 2, 75483 MiB, 100 %, 270.11 W, 1980 MHz, 18 %, 42
2026/10/10 17:32:08.364, 3, 75483 MiB, 100 %, 268.82 W, 1980 MHz, 18 %, 36
2026/10/10 17:32:08.364, 4, 75483 MiB, 100 %, 260.04 W, 1980 MHz, 17 %, 37
2026/10/10 17:32:08.364, 5, 75483 MiB, 100 %, 266.83 W, 1980 MHz, 17 %, 41
2026/10/10 17:32:08.364, 6, 75483 MiB, 100 %, 259.29 W, 1980 MHz, 18 %, 39
2026/10/10 17:32:08.364, 7, 75483 MiB, 100 %, 298.22 W, 1980 MHz, 18 %, 72
2026/10/10 17:32:09.365, 0, 75483 MiB, 100 %, 267.72 W, 1980 MHz, 18 %, 37
2026/10/10 17:32:09.365, 1, 75483 MiB, 100 %, 286.90 W, 1980 MHz, 18 %, 60
2026/10/10 17:32:09.365, 2, 75483 MiB, 100 %, 271.06 W, 1980 MHz, 18 %, 41
2026/10/10 17:32:09.365, 3, 75483 MiB, 100 %, 264.19 W, 1980 MHz, 17 %, 36
2026/10/10 17:32:09.365, 4, 75483 MiB, 100 %, 264.70 W, 1980 MHz, 18 %, 36
2026/10/10 17:32:09.365, 5, 75483 MiB, 100 %, 267.07 W, 1980 MHz, 18 %, 41
2026/10/10 17:32:09.365, 6, 75483 MiB, 100 %, 259.35 W, 1980 MHz, 18 %, 39
2026/10/10 17:32:09.365, 7, 75483 MiB, 100 %, 298.04 W, 1980 MHz, 17 %, 72
2026/10/10 17:32:10.365, 0, 75483 MiB, 100 %, 269.11 W, 1980 MHz, 18 %, 37
2026/10/10 17:32:10.365, 1, 75483 MiB, 100 %, 287.70 W, 1980 MHz, 18 %, 60
2026/10/10 17:32:10.365, 2, 75483 MiB, 100 %, 271.36 W, 1980 MHz, 18 %, 41
2026/10/10 17:32:10.365, 3, 75483 MiB, 100 %, 263.62 W, 1980 MHz, 18 %, 35
2026/10/10 17:32:10.365, 4, 75483 MiB, 100 %, 261.88 W, 1980 MHz, 18 %, 36
2026/10/10 17:32:10.366, 5, 75483 MiB, 100 %, 265.75 W, 1980 MHz, 17 %, 41
2026/10/10 17:32:10.366, 6, 75483 MiB, 100 %, 258.58 W, 1980 MHz, 17 %, 38
2026/10/10 17:32:10.366, 7, 75483 MiB, 100 %, 297.94 W, 1980 MHz, 18 %, 72
2026/10/10 17:32:11.366, 0, 75483 MiB, 100 %, 267.52 W, 1980 MHz, 18 %, 37
2026/10/10 17:32:11.366, 1, 75483 MiB, 100 %, 289.46 W, 1980 MHz, 18 %, 60
2026/10/10 17:32:11.366, 2, 75483 MiB, 100 %, 269.42 W, 1980 MHz, 18 %, 41
2026/10/10 17:32:11.366, 3, 75483 MiB, 100 %, 266.06 W, 1980 MHz, 18 %, 35
2026/10/10 17:32:11.366, 4, 75483 MiB, 100 %, 259.24 W, 1980 MHz, 17 %, 36
2026/10/10 17:32:11.366, 5, 75483 MiB, 100 %, 265.93 W, 1980 MHz, 17 %, 41
2026/10/10 17:32:11.366, 6, 75483 MiB, 100 %, 258.55 W, 1980 MHz, 17 %, 38
2026/10/10 17:32:11.366, 7, 75483 MiB, 100 %, 295.95 W, 1980 MHz, 17 %, 72
2026/10/10 17:32:12.366, 0, 75483 MiB, 100 %, 269.01 W, 1980 MHz, 18 %, 37
2026/10/10 17:32:12.366, 1, 75483 MiB, 100 %, 285.22 W, 1980 MHz, 18 %, 60
2026/10/10 17:32:12.367, 2, 75483 MiB, 100 %, 269.61 W, 1980 MHz, 18 %, 41
2026/10/10 17:32:12.367, 3, 75483 MiB, 100 %, 263.74 W, 1980 MHz, 17 %, 35
2026/10/10 17:32:12.367, 4, 75483 MiB, 100 %, 262.86 W, 1980 MHz, 18 %, 36
2026/10/10 17:32:12.367, 5, 75483 MiB, 100 %, 267.55 W, 1980 MHz, 18 %, 40
2026/10/10 17:32:12.367, 6, 75483 MiB, 100 %, 260.65 W, 1980 MHz, 18 %, 38
2026/10/10 17:32:12.367, 7, 75483 MiB, 100 %, 297.75 W, 1980 MHz, 18 %, 72
2026/10/10 17:32:13.367, 0, 75483 MiB, 100 %, 269.39 W, 1980 MHz, 18 %, 37
2026/10/10 17:32:13.367, 1, 75483 MiB, 100 %, 286.25 W, 1980 MHz, 18 %, 60
2026/10/10 17:32:13.367, 2, 75483 MiB, 100 %, 270.76 W, 1980 MHz, 18 %, 41
2026/10/10 17:32:13.367, 3, 75483 MiB, 100 %, 264.48 W, 1980 MHz, 18 %, 35
2026/10/10 17:32:13.367, 4, 75483 MiB, 100 %, 263.01 W, 1980 MHz, 18 %, 36
2026/10/10 17:32:13.367, 5, 75483 MiB, 100 %, 267.22 W, 1980 MHz, 17 %, 40
2026/10/10 17:32:13.367, 6, 75483 MiB, 100 %, 258.85 W, 1980 MHz, 18 %, 38
2026/10/10 17:32:13.367, 7, 75483 MiB, 100 %, 296.61 W, 1980 MHz, 18 %, 72
2026/10/10 17:32:14.368, 0, 75483 MiB, 100 %, 268.08 W, 1980 MHz, 18 %, 36
2026/10/10 17:32:14.368, 1, 75483 MiB, 100 %, 288.06 W, 1980 MHz, 18 %, 60
2026/10/10 17:32:14.368, 2, 75483 MiB, 100 %, 269.37 W, 1980 MHz, 18 %, 41
2026/10/10 17:32:14.368, 3, 75483 MiB, 100 %, 267.88 W, 1980 MHz, 17 %, 35
2026/10/10 17:32:14.368, 4, 75483 MiB, 100 %, 259.69 W, 1980 MHz, 18 %, 35
2026/10/10 17:32:14.368, 5, 75483 MiB, 100 %, 267.57 W, 1980 MHz, 17 %, 40
2026/10/10 17:32:14.368, 6, 75483 MiB, 100 %, 258.29 W, 1980 MHz, 17 %, 38
2026/10/10 17:32:14.368, 7, 75483 MiB, 100 %, 297.34 W, 1980 MHz, 18 %, 71
2026/10/10 17:32:15.368, 0, 75483 MiB, 100 %, 269.81 W, 1980 MHz, 18 %, 36
2026/10/10 17:32:15.368, 1, 75483 MiB, 100 %, 285.95 W, 1980 MHz, 17 %, 60
2026/10/10 17:32:15.368, 2, 75483 MiB, 100 %, 269.93 W, 1980 MHz, 18 %, 40
2026/10/10 17:32:15.368, 3, 75483 MiB, 100 %, 265.40 W, 1980 MHz, 18 %, 35
2026/10/10 17:32:15.368, 4, 75483 MiB, 100 %, 262.38 W, 1980 MHz, 18 %, 35
2026/10/10 17:32:15.368, 5, 75483 MiB, 100 %, 266.88 W, 1980 MHz, 18 %, 40
2026/10/10 17:32:15.369, 6, 75483 MiB, 100 %, 258.46 W, 1980 MHz, 18 %, 38
2026/10/10 17:32:15.369, 7, 75483 MiB, 100 %, 296.76 W, 1980 MHz, 18 %, 71
2026/10/10 17:32:16.369, 0, 75483 MiB, 100 %, 268.01 W, 1980 MHz, 18 %, 36
2026/10/10 17:32:16.369, 1, 75483 MiB, 100 %, 288.45 W, 1980 MHz, 18 %, 60
2026/10/10 17:32:16.369, 2, 75483 MiB, 100 %, 269.62 W, 1980 MHz, 18 %, 40
2026/10/10 17:32:16.369, 3, 75483 MiB, 100 %, 264.46 W, 1980 MHz, 18 %, 35
2026/10/10 17:32:16.369, 4, 75483 MiB, 100 %, 260.65 W, 1980 MHz, 18 %, 35
2026/10/10 17:32:16.369, 5, 75483 MiB, 100 %, 267.73 W, 1980 MHz, 18 %, 40
2026/10/10 17:32:16.369, 6, 75483 MiB, 100 %, 258.31 W, 1980 MHz, 18 %, 38
2026/10/10 17:32:16.369, 7, 75483 MiB, 100 %, 296.11 W, 1980 MHz, 18 %, 71
2026/10/10 17:32:17.369, 0, 75483 MiB, 100 %, 269.08 W, 1980 MHz, 18 %, 36
2026/10/10 17:32:17.369, 1, 75483 MiB, 100 %, 288.22 W, 1980 MHz, 18 %, 60
2026/10/10 17:32:17.369, 2, 75483 MiB, 100 %, 269.33 W, 1980 MHz, 18 %, 40
2026/10/10 17:32:17.370, 3, 75483 MiB, 100 %, 266.23 W, 1980 MHz, 17 %, 35
2026/10/10 17:32:17.370, 4, 75483 MiB, 100 %, 259.95 W, 1980 MHz, 17 %, 35
2026/10/10 17:32:17.370, 5, 75483 MiB, 100 %, 269.20 W, 1980 MHz, 18 %, 40
2026/10/10 17:32:17.370, 6, 75483 MiB, 100 %, 257.34 W, 1980 MHz, 18 %, 37
2026/10/10 17:32:17.370, 7, 75483 MiB, 100 %, 296.31 W, 1980 MHz, 17 %, 71
