timestamp, index, memory.used [MiB], utilization.gpu [%], power.draw [W], clocks.current.sm [MHz], utilization.memory [%], temperature.gpu
2026/10/10 15:00:07.954, 0, 78467 MiB, 0 %, 123.66 W, 1980 MHz, 0 %, 34
2026/10/10 15:00:07.965, 1, 78467 MiB, 0 %, 138.63 W, 1980 MHz, 0 %, 57
2026/10/10 15:00:07.973, 2, 78467 MiB, 0 %, 123.38 W, 1980 MHz, 0 %, 39
2026/10/10 15:00:07.981, 3, 78467 MiB, 0 %, 120.55 W, 1980 MHz, 0 %, 33
2026/10/10 15:00:07.989, 4, 78467 MiB, 0 %, 116.58 W, 1980 MHz, 0 %, 33
2026/10/10 15:00:07.997, 5, 78467 MiB, 0 %, 122.63 W, 1980 MHz, 0 %, 38
2026/10/10 15:00:08.005, 6, 78467 MiB, 0 %, 115.80 W, 1980 MHz, 0 %, 36
2026/10/10 15:00:08.014, 7, 78467 MiB, 0 %, 146.00 W, 1980 MHz, 0 %, 69
2026/10/10 15:00:09.022, 0, 78467 MiB, 0 %, 122.98 W, 1980 MHz, 0 %, 33
2026/10/10 15:00:09.022, 1, 78467 MiB, 0 %, 137.99 W, 1980 MHz, 0 %, 57
2026/10/10 15:00:09.022, 2, 78467 MiB, 0 %, 122.92 W, 1980 MHz, 0 %, 39
2026/10/10 15:00:09.022, 3, 78467 MiB, 0 %, 118.47 W, 1980 MHz, 0 %, 32
2026/10/10 15:00:09.022, 4, 78467 MiB, 0 %, 116.00 W, 1980 MHz, 0 %, 32
2026/10/10 15:00:09.022, 5, 78467 MiB, 0 %, 121.60 W, 1980 MHz, 0 %, 37
2026/10/10 15:00:09.022, 6, 78467 MiB, 0 %, 115.15 W, 1980 MHz, 0 %, 35
2026/10/10 15:00:09.022, 7, 78467 MiB, 0 %, 144.62 W, 1980 MHz, 0 %, 68
2026/10/10 15:00:10.022, 0, 78467 MiB, 0 %, 122.66 W, 1980 MHz, 0 %, 32
2026/10/10 15:00:10.023, 1, 78467 MiB, 0 %, 137.61 W, 1980 MHz, 0 %, 57
2026/10/10 15:00:10.023, 2, 78467 MiB, 0 %, 122.60 W, 1980 MHz, 0 %, 38
2026/10/10 15:00:10.023, 3, 78467 MiB, 0 %, 117.77 W, 1980 MHz, 0 %, 31
2026/10/10 15:00:10.023, 4, 78467 MiB, 0 %, 115.78 W, 1980 MHz, 0 %, 32
2026/10/10 15:00:10.023, 5, 78467 MiB, 0 %, 121.21 W, 1980 MHz, 0 %, 37
2026/10/10 15:00:10.023, 6, 78467 MiB, 0 %, 114.29 W, 1980 MHz, 0 %, 35
2026/10/10 15:00:10.023, 7, 78467 MiB, 0 %, 143.94 W, 1980 MHz, 0 %, 68
2026/10/10 15:00:11.023, 0, 78467 MiB, 0 %, 122.35 W, 1980 MHz, 0 %, 32
2026/10/10 15:00:11.023, 1, 78467 MiB, 0 %, 137.31 W, 1980 MHz, 0 %, 56
2026/10/10 15:00:11.023, 2, 78467 MiB, 0 %, 122.34 W, 1980 MHz, 0 %, 38
2026/10/10 15:00:11.023, 3, 78467 MiB, 0 %, 117.49 W, 1980 MHz, 0 %, 31
2026/10/10 15:00:11.023, 4, 78467 MiB, 0 %, 115.52 W, 1980 MHz, 0 %, 31
2026/10/10 15:00:11.023, 5, 78467 MiB, 0 %, 120.90 W, 1980 MHz, 0 %, 36
2026/10/10 15:00:11.023, 6, 78467 MiB, 0 %, 114.09 W, 1980 MHz, 0 %, 34
2026/10/10 15:00:11.024, 7, 78467 MiB, 0 %, 143.59 W, 1980 MHz, 0 %, 68
2026/10/10 15:00:12.024, 0, 78467 MiB, 0 %, 122.17 W, 1980 MHz, 0 %, 31
2026/10/10 15:00:12.024, 1, 78467 MiB, 0 %, 137.10 W, 1980 MHz, 0 %, 56
2026/10/10 15:00:12.024, 2, 78467 MiB, 0 %, 122.50 W, 1980 MHz, 0 %, 38
2026/10/10 15:00:12.024, 3, 78467 MiB, 0 %, 117.31 W, 1980 MHz, 0 %, 30
2026/10/10 15:00:12.024, 4, 78467 MiB, 0 %, 115.36 W, 1980 MHz, 0 %, 31
2026/10/10 15:00:12.024, 5, 78467 MiB, 0 %, 120.74 W, 1980 MHz, 0 %, 36
2026/10/10 15:00:12.024, 6, 78467 MiB, 0 %, 113.88 W, 1980 MHz, 0 %, 34
2026/10/10 15:00:12.024, 7, 78467 MiB, 0 %, 143.22 W, 1980 MHz, 0 %, 67
2026/10/10 15:00:13.024, 0, 78467 MiB, 0 %, 121.95 W, 1980 MHz, 0 %, 31
2026/10/10 15:00:13.025, 1, 78467 MiB, 0 %, 136.96 W, 1980 MHz, 0 %, 56
2026/10/10 15:00:13.025, 2, 78467 MiB, 0 %, 122.66 W, 1980 MHz, 0 %, 37
2026/10/10 15:00:13.025, 3, 78467 MiB, 0 %, 117.16 W, 1980 MHz, 0 %, 30
2026/10/10 15:00:13.025, 4, 78467 MiB, 0 %, 115.28 W, 1980 MHz, 0 %, 31
2026/10/10 15:00:13.025, 5, 78467 MiB, 0 %, 120.54 W, 1980 MHz, 0 %, 36
2026/10/10 15:00:13.025, 6, 78467 MiB, 0 %, 113.72 W, 1980 MHz, 0 %, 34
2026/10/10 15:00:13.025, 7, 78467 MiB, 0 %, 142.91 W, 1980 MHz, 0 %, 67
2026/10/10 15:00:14.025, 0, 78467 MiB, 0 %, 121.74 W, 1980 MHz, 0 %, 31
2026/10/10 15:00:14.025, 1, 78467 MiB, 0 %, 136.85 W, 1980 MHz, 0 %, 56
2026/10/10 15:00:14.025, 2, 78467 MiB, 0 %, 122.49 W, 1980 MHz, 0 %, 37
2026/10/10 15:00:14.025, 3, 78467 MiB, 0 %, 117.02 W, 1980 MHz, 0 %, 30
2026/10/10 15:00:14.025, 4, 78467 MiB, 0 %, 115.03 W, 1980 MHz, 0 %, 30
2026/10/10 15:00:14.025, 5, 78467 MiB, 0 %, 120.31 W, 1980 MHz, 0 %, 35
2026/10/10 15:00:14.025, 6, 78467 MiB, 0 %, 113.57 W, 1980 MHz, 0 %, 33
2026/10/10 15:00:14.025, 7, 78467 MiB, 0 %, 142.69 W, 1980 MHz, 0 %, 67
2026/10/10 15:00:15.026, 0, 78467 MiB, 0 %, 121.56 W, 1980 MHz, 0 %, 31
2026/10/10 15:00:15.026, 1, 78467 MiB, 0 %, 136.70 W, 1980 MHz, 0 %, 56
2026/10/10 15:00:15.026, 2, 78467 MiB, 0 %, 122.36 W, 1980 MHz, 0 %, 37
2026/10/10 15:00:15.026, 3, 78467 MiB, 0 %, 116.86 W, 1980 MHz, 0 %, 30
2026/10/10 15:00:15.026, 4, 78467 MiB, 0 %, 114.86 W, 1980 MHz, 0 %, 30
2026/10/10 15:00:15.026, 5, 78467 MiB, 0 %, 120.11 W, 1980 MHz, 0 %, 35
2026/10/10 15:00:15.026, 6, 78467 MiB, 0 %, 113.47 W, 1980 MHz, 0 %, 33
2026/10/10 15:00:15.026, 7, 78467 MiB, 0 %, 142.52 W, 1980 MHz, 0 %, 67
2026/10/10 15:00:16.026, 0, 78467 MiB, 0 %, 121.44 W, 1980 MHz, 0 %, 30
2026/10/10 15:00:16.026, 1, 78467 MiB, 0 %, 136.58 W, 1980 MHz, 0 %, 56
2026/10/10 15:00:16.027, 2, 78467 MiB, 0 %, 122.28 W, 1980 MHz, 0 %, 37
2026/10/10 15:00:16.027, 3, 78467 MiB, 0 %, 116.66 W, 1980 MHz, 0 %, 29
2026/10/10 15:00:16.027, 4, 78467 MiB, 0 %, 114.83 W, 1980 MHz, 0 %, 30
2026/10/10 15:00:16.027, 5, 78467 MiB, 0 %, 119.93 W, 1980 MHz, 0 %, 35
2026/10/10 15:00:16.027, 6, 78467 MiB, 0 %, 113.40 W, 1980 MHz, 0 %, 33
2026/10/10 15:00:16.027, 7, 78467 MiB, 0 %, 142.37 W, 1980 MHz, 0 %, 67
2026/10/10 15:00:17.027, 0, 78467 MiB, 100 %, 210.95 W, 1980 MHz, 15 %, 34
2026/10/10 15:00:17.027, 1, 78467 MiB, 100 %, 231.74 W, 1980 MHz, 15 %, 59
2026/10/10 15:00:17.027, 2, 78467 MiB, 100 %, 216.71 W, 1980 MHz, 15 %, 39
2026/10/10 15:00:17.027, 3, 78467 MiB, 100 %, 213.81 W, 1980 MHz, 15 %, 32
2026/10/10 15:00:17.027, 4, 78467 MiB, 100 %, 210.93 W, 1980 MHz, 15 %, 33
2026/10/10 15:00:17.027, 5, 78467 MiB, 100 %, 219.44 W, 1980 MHz, 15 %, 38
2026/10/10 15:00:17.027, 6, 78467 MiB, 100 %, 201.10 W, 1980 MHz, 15 %, 36
2026/10/10 15:00:17.027, 7, 78467 MiB, 100 %, 236.43 W, 1980 MHz, 15 %, 70
2026/10/10 15:00:18.028, 0, 78467 MiB, 100 %, 247.78 W, 1980 MHz, 15 %, 34
2026/10/10 15:00:18.028, 1, 78467 MiB, 100 %, 267.42 W, 1980 MHz, 15 %, 59
2026/10/10 15:00:18.028, 2, 78467 MiB, 100 %, 248.26 W, 1980 MHz, 15 %, 39
2026/10/10 15:00:18.028, 3, 78467 MiB, 100 %, 246.50 W, 1980 MHz, 15 %, 33
2026/10/10 15:00:18.028, 4, 78467 MiB, 100 %, 245.54 W, 1980 MHz, 16 %, 33
2026/10/10 15:00:18.028, 5, 78467 MiB, 100 %, 251.60 W, 1980 MHz, 15 %, 38
2026/10/10 15:00:18.028, 6, 78467 MiB, 100 %, 242.21 W, 1980 MHz, 15 %, 36
2026/10/10 15:00:18.028, 7, 78467 MiB, 100 %, 278.32 W, 1980 MHz, 15 %, 70
2026/10/10 15:00:19.028, 0, 78467 MiB, 100 %, 246.45 W, 1980 MHz, 15 %, 34
2026/10/10 15:00:19.028, 1, 78467 MiB, 100 %, 269.19 W, 1980 MHz, 15 %, 59
2026/10/10 15:00:19.029, 2, 78467 MiB, 100 %, 248.26 W, 1980 MHz, 15 %, 39
2026/10/10 15:00:19.029, 3, 78467 MiB, 100 %, 247.85 W, 1980 MHz, 15 %, 33
2026/10/10 15:00:19.029, 4, 78467 MiB, 100 %, 245.30 W, 1980 MHz, 15 %, 34
2026/10/10 15:00:19.029, 5, 78467 MiB, 100 %, 251.79 W, 1980 MHz, 15 %, 38
2026/10/10 15:00:19.029, 6, 78467 MiB, 100 %, 242.78 W, 1980 MHz, 15 %, 36
2026/10/10 15:00:19.029, 7, 78467 MiB, 100 %, 277.86 W, 1980 MHz, 15 %, 70
2026/10/10 15:00:20.029, 0, 78467 MiB, 100 %, 248.85 W, 1980 MHz, 15 %, 34
2026/10/10 15:00:20.029, 1, 78467 MiB, 100 %, 270.90 W, 1980 MHz, 15 %, 59
2026/10/10 15:00:20.029, 2, 78467 MiB, 100 %, 248.21 W, 1980 MHz, 15 %, 39
2026/10/10 15:00:20.029, 3, 78467 MiB, 100 %, 245.94 W, 1980 MHz, 15 %, 33
2026/10/10 15:00:20.029, 4, 78467 MiB, 100 %, 244.24 W, 1980 MHz, 15 %, 33
2026/10/10 15:00:20.029, 5, 78467 MiB, 100 %, 251.88 W, 1980 MHz, 15 %, 38
2026/10/10 15:00:20.029, 6, 78467 MiB, 100 %, 244.94 W, 1980 MHz, 15 %, 36
2026/10/10 15:00:20.030, 7, 78467 MiB, 100 %, 281.32 W, 1980 MHz, 15 %, 70
2026/10/10 15:00:21.030, 0, 78467 MiB, 100 %, 247.74 W, 1980 MHz, 15 %, 34
2026/10/10 15:00:21.030, 1, 78467 MiB, 100 %, 268.32 W, 1980 MHz, 15 %, 59
2026/10/10 15:00:21.030, 2, 78467 MiB, 100 %, 246.93 W, 1980 MHz, 15 %, 39
2026/10/10 15:00:21.030, 3, 78467 MiB, 100 %, 249.17 W, 1980 MHz, 15 %, 33
2026/10/10 15:00:21.030, 4, 78467 MiB, 100 %, 244.67 W, 1980 MHz, 16 %, 34
2026/10/10 15:00:21.030, 5, 78467 MiB, 100 %, 251.71 W, 1980 MHz, 15 %, 38
2026/10/10 15:00:21.030, 6, 78467 MiB, 100 %, 243.41 W, 1980 MHz, 15 %, 36
2026/10/10 15:00:21.030, 7, 78467 MiB, 100 %, 282.36 W, 1980 MHz, 15 %, 70
2026/10/10 15:00:22.030, 0, 78467 MiB, 100 %, 250.86 W, 1980 MHz, 15 %, 34
2026/10/10 15:00:22.031, 1, 78467 MiB, 100 %, 269.05 W, 1980 MHz, 15 %, 59
2026/10/10 15:00:22.031, 2, 78467 MiB, 100 %, 249.54 W, 1980 MHz, 15 %, 39
2026/10/10 15:00:22.031, 3, 78467 MiB, 100 %, 249.78 W, 1980 MHz, 16 %, 33
2026/10/10 15:00:22.031, 4, 78467 MiB, 100 %, 245.90 W, 1980 MHz, 15 %, 34
2026/10/10 15:00:22.031, 5, 78467 MiB, 100 %, 251.10 W, 1980 MHz, 15 %, 38
2026/10/10 15:00:22.031, 6, 78467 MiB, 100 %, 243.08 W, 1980 MHz, 16 %, 36
2026/10/10 15:00:22.031, 7, 78467 MiB, 100 %, 279.50 W, 1980 MHz, 15 %, 70
2026/10/10 15:00:23.031, 0, 78467 MiB, 100 %, 245.30 W, 1980 MHz, 16 %, 34
2026/10/10 15:00:23.031, 1, 78467 MiB, 100 %, 269.35 W, 1980 MHz, 15 %, 59
2026/10/10 15:00:23.031, 2, 78467 MiB, 100 %, 248.92 W, 1980 MHz, 15 %, 39
2026/10/10 15:00:23.031, 3, 78467 MiB, 100 %, 247.70 W, 1980 MHz, 15 %, 33
2026/10/10 15:00:23.031, 4, 78467 MiB, 100 %, 245.12 W, 1980 MHz, 15 %, 34
2026/10/10 15:00:23.031, 5, 78467 MiB, 100 %, 250.88 W, 1980 MHz, 15 %, 38
2026/10/10 15:00:23.031, 6, 78467 MiB, 100 %, 241.32 W, 1980 MHz, 15 %, 36
2026/10/10 15:00:23.032, 7, 78467 MiB, 100 %, 280.59 W, 1980 MHz, 15 %, 70
2026/10/10 15:00:24.032, 0, 78467 MiB, 100 %, 248.59 W, 1980 MHz, 15 %, 34
2026/10/10 15:00:24.032, 1, 78467 MiB, 100 %, 270.64 W, 1980 MHz, 15 %, 59
2026/10/10 15:00:24.032, 2, 78467 MiB, 100 %, 247.38 W, 1980 MHz, 15 %, 39
2026/10/10 15:00:24.032, 3, 78467 MiB, 100 %, 247.13 W, 1980 MHz, 15 %, 33
2026/10/10 15:00:24.032, 4, 78467 MiB, 100 %, 243.27 W, 1980 MHz, 15 %, 34
2026/10/10 15:00:24.032, 5, 78467 MiB, 100 %, 250.77 W, 1980 MHz, 15 %, 38
2026/10/10 15:00:24.032, 6, 78467 MiB, 100 %, 241.18 W, 1980 MHz, 16 %, 36
2026/10/10 15:00:24.032, 7, 78467 MiB, 100 %, 281.91 W, 1980 MHz, 15 %, 70
2026/10/10 15:00:25.032, 0, 78467 MiB, 100 %, 247.65 W, 1980 MHz, 15 %, 34
2026/10/10 15:00:25.032, 1, 78467 MiB, 100 %, 268.54 W, 1980 MHz, 15 %, 59
2026/10/10 15:00:25.033, 2, 78467 MiB, 100 %, 248.47 W, 1980 MHz, 15 %, 39
2026/10/10 15:00:25.033, 3, 78467 MiB, 100 %, 248.38 W, 1980 MHz, 15 %, 33
2026/10/10 15:00:25.033, 4, 78467 MiB, 100 %, 245.40 W, 1980 MHz, 15 %, 34
2026/10/10 15:00:25.033, 5, 78467 MiB, 100 %, 251.69 W, 1980 MHz, 15 %, 38
2026/10/10 15:00:25.033, 6, 78467 MiB, 100 %, 242.59 W, 1980 MHz, 15 %, 36
2026/10/10 15:00:25.033, 7, 78467 MiB, 100 %, 282.47 W, 1980 MHz, 15 %, 70
2026/10/10 15:00:26.033, 0, 78467 MiB, 100 %, 246.68 W, 1980 MHz, 15 %, 34
2026/10/10 15:00:26.033, 1, 78467 MiB, 100 %, 268.76 W, 1980 MHz, 15 %, 59
2026/10/10 15:00:26.033, 2, 78467 MiB, 100 %, 247.31 W, 1980 MHz, 15 %, 39
2026/10/10 15:00:26.033, 3, 78467 MiB, 100 %, 248.92 W, 1980 MHz, 15 %, 33
2026/10/10 15:00:26.033, 4, 78467 MiB, 100 %, 246.23 W, 1980 MHz, 15 %, 33
2026/10/10 15:00:26.033, 5, 78467 MiB, 100 %, 251.49 W, 1980 MHz, 15 %, 38
2026/10/10 15:00:26.033, 6, 78467 MiB, 100 %, 241.22 W, 1980 MHz, 15 %, 36
2026/10/10 15:00:26.034, 7, 78467 MiB, 100 %, 280.20 W, 1980 MHz, 15 %, 70
2026/10/10 15:00:27.034, 0, 78467 MiB, 100 %, 243.75 W, 1980 MHz, 15 %, 34
2026/10/10 15:00:27.034, 1, 78467 MiB, 100 %, 268.21 W, 1980 MHz, 15 %, 59
2026/10/10 15:00:27.034, 2, 78467 MiB, 100 %, 248.43 W, 1980 MHz, 15 %, 39
2026/10/10 15:00:27.034, 3, 78467 MiB, 100 %, 247.67 W, 1980 MHz, 15 %, 33
2026/10/10 15:00:27.034, 4, 78467 MiB, 100 %, 245.19 W, 1980 MHz, 15 %, 34
2026/10/10 15:00:27.034, 5, 78467 MiB, 100 %, 251.02 W, 1980 MHz, 15 %, 38
2026/10/10 15:00:27.034, 6, 78467 MiB, 100 %, 243.48 W, 1980 MHz, 15 %, 36
2026/10/10 15:00:27.034, 7, 78467 MiB, 100 %, 281.65 W, 1980 MHz, 15 %, 70
2026/10/10 15:00:28.034, 0, 78467 MiB, 100 %, 248.80 W, 1980 MHz, 15 %, 34
2026/10/10 15:00:28.034, 1, 78467 MiB, 100 %, 268.23 W, 1980 MHz, 15 %, 59
2026/10/10 15:00:28.035, 2, 78467 MiB, 100 %, 250.57 W, 1980 MHz, 15 %, 39
2026/10/10 15:00:28.035, 3, 78467 MiB, 100 %, 247.88 W, 1980 MHz, 16 %, 33
2026/10/10 15:00:28.035, 4, 78467 MiB, 100 %, 246.23 W, 1980 MHz, 15 %, 33
2026/10/10 15:00:28.035, 5, 78467 MiB, 100 %, 250.48 W, 1980 MHz, 15 %, 38
2026/10/10 15:00:28.035, 6, 78467 MiB, 100 %, 242.28 W, 1980 MHz, 15 %, 36
2026/10/10 15:00:28.035, 7, 78467 MiB, 100 %, 280.88 W, 1980 MHz, 15 %, 70
2026/10/10 15:00:29.035, 0, 78467 MiB, 100 %, 248.16 W, 1980 MHz, 15 %, 34
2026/10/10 15:00:29.035, 1, 78467 MiB, 100 %, 269.90 W, 1980 MHz, 15 %, 59
2026/10/10 15:00:29.035, 2, 78467 MiB, 100 %, 249.41 W, 1980 MHz, 15 %, 39
2026/10/10 15:00:29.035, 3, 78467 MiB, 100 %, 248.00 W, 1980 MHz, 16 %, 33
2026/10/10 15:00:29.035, 4, 78467 MiB, 100 %, 243.35 W, 1980 MHz, 15 %, 33
2026/10/10 15:00:29.035, 5, 78467 MiB, 100 %, 250.67 W, 1980 MHz, 15 %, 38
2026/10/10 15:00:29.035, 6, 78467 MiB, 100 %, 241.58 W, 1980 MHz, 15 %, 36
2026/10/10 15:00:29.035, 7, 78467 MiB, 100 %, 281.42 W, 1980 MHz, 16 %, 70
2026/10/10 15:00:30.035, 0, 78467 MiB, 100 %, 248.82 W, 1980 MHz, 16 %, 34
2026/10/10 15:00:30.036, 1, 78467 MiB, 100 %, 266.46 W, 1980 MHz, 15 %, 59
2026/10/10 15:00:30.036, 2, 78467 MiB, 100 %, 249.17 W, 1980 MHz, 15 %, 39
2026/10/10 15:00:30.036, 3, 78467 MiB, 100 %, 247.41 W, 1980 MHz, 16 %, 33
2026/10/10 15:00:30.036, 4, 78467 MiB, 100 %, 245.23 W, 1980 MHz, 15 %, 33
2026/10/10 15:00:30.036, 5, 78467 MiB, 100 %, 250.94 W, 1980 MHz, 15 %, 38
2026/10/10 15:00:30.036, 6, 78467 MiB, 100 %, 242.25 W, 1980 MHz, 16 %, 36
2026/10/10 15:00:30.036, 7, 78467 MiB, 100 %, 280.83 W, 1980 MHz, 16 %, 70
2026/10/10 15:00:31.036, 0, 78467 MiB, 100 %, 245.80 W, 1980 MHz, 15 %, 34
2026/10/10 15:00:31.036, 1, 78467 MiB, 100 %, 267.79 W, 1980 MHz, 15 %, 59
2026/10/10 15:00:31.036, 2, 78467 MiB, 100 %, 250.15 W, 1980 MHz, 15 %, 39
2026/10/10 15:00:31.036, 3, 78467 MiB, 100 %, 247.18 W, 1980 MHz, 15 %, 33
2026/10/10 15:00:31.036, 4, 78467 MiB, 100 %, 245.56 W, 1980 MHz, 16 %, 33
2026/10/10 15:00:31.036, 5, 78467 MiB, 100 %, 251.66 W, 1980 MHz, 15 %, 38
2026/10/10 15:00:31.036, 6, 78467 MiB, 100 %, 241.64 W, 1980 MHz, 15 %, 36
2026/10/10 15:00:31.037, 7, 78467 MiB, 100 %, 279.88 W, 1980 MHz, 15 %, 70
2026/10/10 15:00:32.037, 0, 78467 MiB, 100 %, 247.17 W, 1980 MHz, 15 %, 34
2026/10/10 15:00:32.037, 1, 78467 MiB, 100 %, 270.23 W, 1980 MHz, 15 %, 59
2026/10/10 15:00:32.037, 2, 78467 MiB, 100 %, 250.37 W, 1980 MHz, 15 %, 39
2026/10/10 15:00:32.037, 3, 78467 MiB, 100 %, 247.35 W, 1980 MHz, 15 %, 33
2026/10/10 15:00:32.037, 4, 78467 MiB, 100 %, 244.46 W, 1980 MHz, 15 %, 33
2026/10/10 15:00:32.037, 5, 78467 MiB, 100 %, 252.78 W, 1980 MHz, 16 %, 38
2026/10/10 15:00:32.037, 6, 78467 MiB, 100 %, 242.67 W, 1980 MHz, 16 %, 36
2026/10/10 15:00:32.037, 7, 78467 MiB, 100 %, 282.56 W, 1980 MHz, 15 %, 70
2026/10/10 15:00:33.037, 0, 78467 MiB, 100 %, 248.09 W, 1980 MHz, 15 %, 34
2026/10/10 15:00:33.037, 1, 78467 MiB, 100 %, 269.47 W, 1980 MHz, 15 %, 59
2026/10/10 15:00:33.038, 2, 78467 MiB, 100 %, 248.73 W, 1980 MHz, 15 %, 39
2026/10/10 15:00:33.038, 3, 78467 MiB, 100 %, 247.50 W, 1980 MHz, 15 %, 33
2026/10/10 15:00:33.038, 4, 78467 MiB, 100 %, 245.32 W, 1980 MHz, 16 %, 33
2026/10/10 15:00:33.038, 5, 78467 MiB, 100 %, 251.04 W, 1980 MHz, 15 %, 38
2026/10/10 15:00:33.038, 6, 78467 MiB, 100 %, 242.85 W, 1980 MHz, 16 %, 35
2026/10/10 15:00:33.038, 7, 78467 MiB, 100 %, 282.58 W, 1980 MHz, 15 %, 70
2026/10/10 15:00:34.038, 0, 78467 MiB, 100 %, 251.00 W, 1980 MHz, 15 %, 34
2026/10/10 15:00:34.038, 1, 78467 MiB, 100 %, 267.69 W, 1980 MHz, 15 %, 59
2026/10/10 15:00:34.038, 2, 78467 MiB, 100 %, 249.82 W, 1980 MHz, 15 %, 39
2026/10/10 15:00:34.038, 3, 78467 MiB, 100 %, 246.28 W, 1980 MHz, 15 %, 33
2026/10/10 15:00:34.038, 4, 78467 MiB, 100 %, 244.58 W, 1980 MHz, 15 %, 33
2026/10/10 15:00:34.038, 5, 78467 MiB, 100 %, 251.44 W, 1980 MHz, 15 %, 38
2026/10/10 15:00:34.039, 6, 78467 MiB, 100 %, 241.70 W, 1980 MHz, 15 %, 35
2026/10/10 15:00:34.039, 7, 78467 MiB, 100 %, 281.82 W, 1980 MHz, 15 %, 70
2026/10/10 15:00:35.039, 0, 78467 MiB, 76 %, 274.13 W, 1980 MHz, 13 %, 39
2026/10/10 15:00:35.039, 1, 78467 MiB, 77 %, 288.12 W, 1980 MHz, 13 %, 64
2026/10/10 15:00:35.039, 2, 78467 MiB, 76 %, 272.95 W, 1980 MHz, 13 %, 43
2026/10/10 15:00:35.039, 3, 78467 MiB, 90 %, 267.90 W, 1980 MHz, 16 %, 35
2026/10/10 15:00:35.039, 4, 78467 MiB, 72 %, 269.46 W, 1980 MHz, 15 %, 36
2026/10/10 15:00:35.039, 5, 78467 MiB, 63 %, 275.33 W, 1980 MHz, 14 %, 42
2026/10/10 15:00:35.039, 6, 78467 MiB, 100 %, 265.91 W, 1980 MHz, 18 %, 40
2026/10/10 15:00:35.039, 7, 78467 MiB, 100 %, 306.76 W, 1980 MHz, 15 %, 71
2026/10/10 15:00:36.039, 0, 78467 MiB, 100 %, 259.57 W, 1980 MHz, 15 %, 34
2026/10/10 15:00:36.040, 1, 78467 MiB, 100 %, 281.12 W, 1980 MHz, 15 %, 59
2026/10/10 15:00:36.040, 2, 78467 MiB, 100 %, 255.11 W, 1980 MHz, 15 %, 39
2026/10/10 15:00:36.040, 3, 78467 MiB, 100 %, 249.59 W, 1980 MHz, 16 %, 33
2026/10/10 15:00:36.040, 4, 78467 MiB, 100 %, 246.52 W, 1980 MHz, 16 %, 34
2026/10/10 15:00:36.040, 5, 78467 MiB, 100 %, 251.57 W, 1980 MHz, 15 %, 38
2026/10/10 15:00:36.040, 6, 78467 MiB, 100 %, 242.15 W, 1980 MHz, 16 %, 36
2026/10/10 15:00:36.040, 7, 78467 MiB, 100 %, 282.88 W, 1980 MHz, 15 %, 70
2026/10/10 15:00:37.040, 0, 78467 MiB, 100 %, 251.86 W, 1980 MHz, 16 %, 34
2026/10/10 15:00:37.040, 1, 78467 MiB, 100 %, 270.56 W, 1980 MHz, 15 %, 59
2026/10/10 15:00:37.040, 2, 78467 MiB, 100 %, 250.74 W, 1980 MHz, 15 %, 39
2026/10/10 15:00:37.040, 3, 78467 MiB, 100 %, 248.18 W, 1980 MHz, 15 %, 33
2026/10/10 15:00:37.040, 4, 78467 MiB, 100 %, 245.13 W, 1980 MHz, 15 %, 33
2026/10/10 15:00:37.040, 5, 78467 MiB, 100 %, 252.36 W, 1980 MHz, 15 %, 38
2026/10/10 15:00:37.041, 6, 78467 MiB, 100 %, 243.49 W, 1980 MHz, 16 %, 35
2026/10/10 15:00:37.041, 7, 78467 MiB, 100 %, 282.13 W, 1980 MHz, 15 %, 70
2026/10/10 15:00:38.041, 0, 78467 MiB, 100 %, 250.40 W, 1980 MHz, 15 %, 34
2026/10/10 15:00:38.041, 1, 78467 MiB, 100 %, 272.38 W, 1980 MHz, 15 %, 59
2026/10/10 15:00:38.041, 2, 78467 MiB, 100 %, 248.48 W, 1980 MHz, 15 %, 39
2026/10/10 15:00:38.041, 3, 78467 MiB, 100 %, 249.44 W, 1980 MHz, 15 %, 33
2026/10/10 15:00:38.041, 4, 78467 MiB, 100 %, 246.88 W, 1980 MHz, 16 %, 33
2026/10/10 15:00:38.041, 5, 78467 MiB, 100 %, 250.62 W, 1980 MHz, 15 %, 38
2026/10/10 15:00:38.041, 6, 78467 MiB, 100 %, 244.18 W, 1980 MHz, 16 %, 35
2026/10/10 15:00:38.041, 7, 78467 MiB, 100 %, 282.27 W, 1980 MHz, 15 %, 70
2026/10/10 15:00:39.041, 0, 78467 MiB, 100 %, 250.96 W, 1980 MHz, 16 %, 34
2026/10/10 15:00:39.042, 1, 78467 MiB, 100 %, 270.77 W, 1980 MHz, 15 %, 59
2026/10/10 15:00:39.042, 2, 78467 MiB, 100 %, 253.99 W, 1980 MHz, 15 %, 39
2026/10/10 15:00:39.042, 3, 78467 MiB, 100 %, 246.89 W, 1980 MHz, 15 %, 33
2026/10/10 15:00:39.042, 4, 78467 MiB, 100 %, 245.90 W, 1980 MHz, 16 %, 33
2026/10/10 15:00:39.042, 5, 78467 MiB, 100 %, 254.13 W, 1980 MHz, 16 %, 38
2026/10/10 15:00:39.042, 6, 78467 MiB, 100 %, 243.13 W, 1980 MHz, 15 %, 35
2026/10/10 15:00:39.042, 7, 78467 MiB, 100 %, 281.50 W, 1980 MHz, 15 %, 70
2026/10/10 15:00:40.042, 0, 78467 MiB, 100 %, 250.64 W, 1980 MHz, 15 %, 34
2026/10/10 15:00:40.042, 1, 78467 MiB, 100 %, 273.15 W, 1980 MHz, 15 %, 59
2026/10/10 15:00:40.042, 2, 78467 MiB, 100 %, 253.43 W, 1980 MHz, 15 %, 39
2026/10/10 15:00:40.042, 3, 78467 MiB, 100 %, 247.67 W, 1980 MHz, 15 %, 33
2026/10/10 15:00:40.042, 4, 78467 MiB, 100 %, 245.93 W, 1980 MHz, 16 %, 33
2026/10/10 15:00:40.043, 5, 78467 MiB, 100 %, 253.27 W, 1980 MHz, 15 %, 38
2026/10/10 15:00:40.043, 6, 78467 MiB, 100 %, 241.80 W, 1980 MHz, 15 %, 35
2026/10/10 15:00:40.043, 7, 78467 MiB, 100 %, 281.01 W, 1980 MHz, 15 %, 70
2026/10/10 15:00:41.043, 0, 78467 MiB, 100 %, 252.29 W, 1980 MHz, 16 %, 34
2026/10/10 15:00:41.043, 1, 78467 MiB, 100 %, 271.34 W, 1980 MHz, 15 %, 59
2026/10/10 15:00:41.043, 2, 78467 MiB, 100 %, 251.61 W, 1980 MHz, 16 %, 39
2026/10/10 15:00:41.043, 3, 78467 MiB, 100 %, 246.81 W, 1980 MHz, 15 %, 33
2026/10/10 15:00:41.043, 4, 78467 MiB, 100 %, 245.82 W, 1980 MHz, 16 %, 33
2026/10/10 15:00:41.043, 5, 78467 MiB, 100 %, 252.32 W, 1980 MHz, 15 %, 38
2026/10/10 15:00:41.043, 6, 78467 MiB, 100 %, 242.05 W, 1980 MHz, 16 %, 35
2026/10/10 15:00:41.043, 7, 78467 MiB, 100 %, 281.29 W, 1980 MHz, 15 %, 70
2026/10/10 15:00:42.043, 0, 78467 MiB, 100 %, 253.42 W, 1980 MHz, 15 %, 34
2026/10/10 15:00:42.044, 1, 78467 MiB, 100 %, 272.22 W, 1980 MHz, 15 %, 59
2026/10/10 15:00:42.044, 2, 78467 MiB, 100 %, 253.26 W, 1980 MHz, 15 %, 39
2026/10/10 15:00:42.044, 3, 78467 MiB, 100 %, 247.42 W, 1980 MHz, 15 %, 33
2026/10/10 15:00:42.044, 4, 78467 MiB, 100 %, 247.30 W, 1980 MHz, 16 %, 33
2026/10/10 15:00:42.044, 5, 78467 MiB, 100 %, 252.94 W, 1980 MHz, 15 %, 38
2026/10/10 15:00:42.044, 6, 78467 MiB, 100 %, 244.11 W, 1980 MHz, 16 %, 35
2026/10/10 15:00:42.044, 7, 78467 MiB, 100 %, 283.98 W, 1980 MHz, 15 %, 70
2026/10/10 15:00:43.044, 0, 78467 MiB, 100 %, 253.76 W, 1980 MHz, 16 %, 34
2026/10/10 15:00:43.044, 1, 78467 MiB, 100 %, 272.91 W, 1980 MHz, 15 %, 59
2026/10/10 15:00:43.044, 2, 78467 MiB, 100 %, 255.38 W, 1980 MHz, 16 %, 39
2026/10/10 15:00:43.044, 3, 78467 MiB, 100 %, 248.81 W, 1980 MHz, 15 %, 33
2026/10/10 15:00:43.044, 4, 78467 MiB, 100 %, 246.62 W, 1980 MHz, 16 %, 33
2026/10/10 15:00:43.044, 5, 78467 MiB, 100 %, 250.05 W, 1980 MHz, 15 %, 37
2026/10/10 15:00:43.044, 6, 78467 MiB, 100 %, 241.91 W, 1980 MHz, 15 %, 35
2026/10/10 15:00:43.045, 7, 78467 MiB, 100 %, 281.61 W, 1980 MHz, 15 %, 70
2026/10/10 15:00:44.045, 0, 78467 MiB, 100 %, 255.31 W, 1980 MHz, 15 %, 34
2026/10/10 15:00:44.045, 1, 78467 MiB, 100 %, 272.28 W, 1980 MHz, 15 %, 59
2026/10/10 15:00:44.045, 2, 78467 MiB, 100 %, 254.62 W, 1980 MHz, 16 %, 39
2026/10/10 15:00:44.045, 3, 78467 MiB, 100 %, 246.16 W, 1980 MHz, 15 %, 33
2026/10/10 15:00:44.045, 4, 78467 MiB, 100 %, 246.06 W, 1980 MHz, 16 %, 33
2026/10/10 15:00:44.045, 5, 78467 MiB, 100 %, 251.55 W, 1980 MHz, 15 %, 37
2026/10/10 15:00:44.045, 6, 78467 MiB, 100 %, 239.51 W, 1980 MHz, 15 %, 35
2026/10/10 15:00:44.045, 7, 78467 MiB, 100 %, 282.61 W, 1980 MHz, 15 %, 70
2026/10/10 15:00:45.045, 0, 78467 MiB, 100 %, 252.92 W, 1980 MHz, 16 %, 34
2026/10/10 15:00:45.046, 1, 78467 MiB, 100 %, 272.64 W, 1980 MHz, 15 %, 59
2026/10/10 15:00:45.046, 2, 78467 MiB, 100 %, 254.83 W, 1980 MHz, 16 %, 39
2026/10/10 15:00:45.046, 3, 78467 MiB, 100 %, 247.75 W, 1980 MHz, 15 %, 33
2026/10/10 15:00:45.046, 4, 78467 MiB, 100 %, 245.70 W, 1980 MHz, 16 %, 33
2026/10/10 15:00:45.046, 5, 78467 MiB, 100 %, 252.54 W, 1980 MHz, 15 %, 37
2026/10/10 15:00:45.046, 6, 78467 MiB, 100 %, 241.59 W, 1980 MHz, 15 %, 35
2026/10/10 15:00:45.046, 7, 78467 MiB, 100 %, 281.87 W, 1980 MHz, 15 %, 70
2026/10/10 15:00:46.046, 0, 78467 MiB, 100 %, 250.73 W, 1980 MHz, 16 %, 34
2026/10/10 15:00:46.046, 1, 78467 MiB, 100 %, 271.75 W, 1980 MHz, 15 %, 59
2026/10/10 15:00:46.046, 2, 78467 MiB, 100 %, 252.65 W, 1980 MHz, 15 %, 39
2026/10/10 15:00:46.046, 3, 78467 MiB, 100 %, 247.18 W, 1980 MHz, 15 %, 33
2026/10/10 15:00:46.046, 4, 78467 MiB, 100 %, 246.90 W, 1980 MHz, 16 %, 33
2026/10/10 15:00:46.046, 5, 78467 MiB, 100 %, 253.03 W, 1980 MHz, 15 %, 37
2026/10/10 15:00:46.047, 6, 78467 MiB, 100 %, 241.39 W, 1980 MHz, 16 %, 35
2026/10/10 15:00:46.047, 7, 78467 MiB, 100 %, 280.85 W, 1980 MHz, 15 %, 70
2026/10/10 15:00:47.047, 0, 78467 MiB, 100 %, 252.76 W, 1980 MHz, 15 %, 34
2026/10/10 15:00:47.047, 1, 78467 MiB, 100 %, 272.75 W, 1980 MHz, 15 %, 59
2026/10/10 15:00:47.047, 2, 78467 MiB, 100 %, 255.20 W, 1980 MHz, 15 %, 39
2026/10/10 15:00:47.047, 3, 78467 MiB, 100 %, 245.21 W, 1980 MHz, 15 %, 33
2026/10/10 15:00:47.047, 4, 78467 MiB, 100 %, 248.24 W, 1980 MHz, 16 %, 33
2026/10/10 15:00:47.047, 5, 78467 MiB, 100 %, 252.89 W, 1980 MHz, 15 %, 37
2026/10/10 15:00:47.047, 6, 78467 MiB, 100 %, 240.74 W, 1980 MHz, 15 %, 35
2026/10/10 15:00:47.047, 7, 78467 MiB, 100 %, 283.15 W, 1980 MHz, 15 %, 70
2026/10/10 15:00:48.048, 0, 78467 MiB, 100 %, 254.53 W, 1980 MHz, 16 %, 34
2026/10/10 15:00:48.048, 1, 78467 MiB, 100 %, 272.98 W, 1980 MHz, 15 %, 59
2026/10/10 15:00:48.048, 2, 78467 MiB, 100 %, 252.97 W, 1980 MHz, 15 %, 39
2026/10/10 15:00:48.048, 3, 78467 MiB, 100 %, 246.99 W, 1980 MHz, 15 %, 33
2026/10/10 15:00:48.048, 4, 78467 MiB, 100 %, 246.33 W, 1980 MHz, 16 %, 33
2026/10/10 15:00:48.048, 5, 78467 MiB, 100 %, 252.43 W, 1980 MHz, 15 %, 37
2026/10/10 15:00:48.048, 6, 78467 MiB, 100 %, 242.59 W, 1980 MHz, 16 %, 35
2026/10/10 15:00:48.048, 7, 78467 MiB, 100 %, 281.29 W, 1980 MHz, 15 %, 70
2026/10/10 15:00:49.048, 0, 78467 MiB, 100 %, 251.84 W, 1980 MHz, 15 %, 34
2026/10/10 15:00:49.048, 1, 78467 MiB, 100 %, 271.21 W, 1980 MHz, 15 %, 59
2026/10/10 15:00:49.049, 2, 78467 MiB, 100 %, 253.82 W, 1980 MHz, 15 %, 39
2026/10/10 15:00:49.049, 3, 78467 MiB, 100 %, 248.67 W, 1980 MHz, 15 %, 33
2026/10/10 15:00:49.049, 4, 78467 MiB, 100 %, 246.61 W, 1980 MHz, 15 %, 33
2026/10/10 15:00:49.049, 5, 78467 MiB, 100 %, 251.88 W, 1980 MHz, 16 %, 37
2026/10/10 15:00:49.049, 6, 78467 MiB, 100 %, 243.49 W, 1980 MHz, 16 %, 35
2026/10/10 15:00:49.049, 7, 78467 MiB, 100 %, 281.15 W, 1980 MHz, 15 %, 70
2026/10/10 15:00:50.049, 0, 78467 MiB, 100 %, 250.70 W, 1980 MHz, 15 %, 34
2026/10/10 15:00:50.049, 1, 78467 MiB, 100 %, 270.51 W, 1980 MHz, 15 %, 59
2026/10/10 15:00:50.049, 2, 78467 MiB, 100 %, 252.28 W, 1980 MHz, 15 %, 39
2026/10/10 15:00:50.049, 3, 78467 MiB, 100 %, 248.33 W, 1980 MHz, 15 %, 33
2026/10/10 15:00:50.049, 4, 78467 MiB, 100 %, 247.14 W, 1980 MHz, 16 %, 33
2026/10/10 15:00:50.049, 5, 78467 MiB, 100 %, 251.83 W, 1980 MHz, 15 %, 37
2026/10/10 15:00:50.049, 6, 78467 MiB, 100 %, 242.94 W, 1980 MHz, 15 %, 35
2026/10/10 15:00:50.049, 7, 78467 MiB, 100 %, 283.11 W, 1980 MHz, 15 %, 70
2026/10/10 15:00:51.050, 0, 78467 MiB, 100 %, 255.99 W, 1980 MHz, 16 %, 34
2026/10/10 15:00:51.050, 1, 78467 MiB, 100 %, 272.20 W, 1980 MHz, 15 %, 59
2026/10/10 15:00:51.050, 2, 78467 MiB, 100 %, 252.18 W, 1980 MHz, 15 %, 39
2026/10/10 15:00:51.050, 3, 78467 MiB, 100 %, 248.39 W, 1980 MHz, 15 %, 33
2026/10/10 15:00:51.050, 4, 78467 MiB, 100 %, 245.07 W, 1980 MHz, 15 %, 33
2026/10/10 15:00:51.050, 5, 78467 MiB, 100 %, 253.16 W, 1980 MHz, 16 %, 37
2026/10/10 15:00:51.050, 6, 78467 MiB, 100 %, 241.77 W, 1980 MHz, 15 %, 35
2026/10/10 15:00:51.050, 7, 78467 MiB, 100 %, 281.87 W, 1980 MHz, 15 %, 70
2026/10/10 15:00:52.050, 0, 78467 MiB, 100 %, 250.05 W, 1980 MHz, 15 %, 34
2026/10/10 15:00:52.050, 1, 78467 MiB, 100 %, 269.63 W, 1980 MHz, 15 %, 59
2026/10/10 15:00:52.050, 2, 78467 MiB, 100 %, 252.79 W, 1980 MHz, 15 %, 39
2026/10/10 15:00:52.051, 3, 78467 MiB, 100 %, 246.38 W, 1980 MHz, 15 %, 33
2026/10/10 15:00:52.051, 4, 78467 MiB, 100 %, 246.18 W, 1980 MHz, 15 %, 33
2026/10/10 15:00:52.051, 5, 78467 MiB, 100 %, 251.61 W, 1980 MHz, 15 %, 37
2026/10/10 15:00:52.051, 6, 78467 MiB, 100 %, 241.62 W, 1980 MHz, 15 %, 35
2026/10/10 15:00:52.051, 7, 78467 MiB, 100 %, 282.64 W, 1980 MHz, 15 %, 70
2026/10/10 15:00:53.051, 0, 78467 MiB, 100 %, 252.84 W, 1980 MHz, 16 %, 34
2026/10/10 15:00:53.051, 1, 78467 MiB, 100 %, 271.44 W, 1980 MHz, 15 %, 59
2026/10/10 15:00:53.051, 2, 78467 MiB, 100 %, 253.74 W, 1980 MHz, 15 %, 39
2026/10/10 15:00:53.051, 3, 78467 MiB, 100 %, 246.63 W, 1980 MHz, 15 %, 33
2026/10/10 15:00:53.051, 4, 78467 MiB, 100 %, 245.30 W, 1980 MHz, 16 %, 33
2026/10/10 15:00:53.051, 5, 78467 MiB, 100 %, 252.80 W, 1980 MHz, 15 %, 37
2026/10/10 15:00:53.051, 6, 78467 MiB, 100 %, 242.33 W, 1980 MHz, 15 %, 35
2026/10/10 15:00:53.051, 7, 78467 MiB, 100 %, 283.20 W, 1980 MHz, 15 %, 70
2026/10/10 15:00:54.052, 0, 78467 MiB, 100 %, 277.20 W, 1980 MHz, 15 %, 34
2026/10/10 15:00:54.052, 1, 78467 MiB, 100 %, 302.30 W, 1980 MHz, 15 %, 59
2026/10/10 15:00:54.052, 2, 78467 MiB, 100 %, 277.67 W, 1980 MHz, 15 %, 39
2026/10/10 15:00:54.052, 3, 78467 MiB, 100 %, 272.40 W, 1980 MHz, 15 %, 33
2026/10/10 15:00:54.052, 4, 78467 MiB, 100 %, 273.64 W, 1980 MHz, 15 %, 34
2026/10/10 15:00:54.052, 5, 78467 MiB, 100 %, 279.87 W, 1980 MHz, 15 %, 38
2026/10/10 15:00:54.052, 6, 78467 MiB, 100 %, 269.02 W, 1980 MHz, 16 %, 35
2026/10/10 15:00:54.052, 7, 78467 MiB, 100 %, 310.95 W, 1980 MHz, 15 %, 70
2026/10/10 15:00:55.052, 0, 78467 MiB, 100 %, 250.23 W, 1980 MHz, 15 %, 34
2026/10/10 15:00:55.052, 1, 78467 MiB, 100 %, 270.91 W, 1980 MHz, 15 %, 59
2026/10/10 15:00:55.053, 2, 78467 MiB, 100 %, 251.44 W, 1980 MHz, 15 %, 39
2026/10/10 15:00:55.053, 3, 78467 MiB, 100 %, 247.79 W, 1980 MHz, 15 %, 33
2026/10/10 15:00:55.053, 4, 78467 MiB, 100 %, 245.84 W, 1980 MHz, 15 %, 33
2026/10/10 15:00:55.053, 5, 78467 MiB, 100 %, 255.56 W, 1980 MHz, 16 %, 37
2026/10/10 15:00:55.053, 6, 78467 MiB, 100 %, 243.05 W, 1980 MHz, 16 %, 35
2026/10/10 15:00:55.053, 7, 78467 MiB, 100 %, 282.64 W, 1980 MHz, 15 %, 70
2026/10/10 15:00:56.053, 0, 78467 MiB, 100 %, 252.26 W, 1980 MHz, 15 %, 34
2026/10/10 15:00:56.053, 1, 78467 MiB, 100 %, 272.00 W, 1980 MHz, 16 %, 59
2026/10/10 15:00:56.053, 2, 78467 MiB, 100 %, 253.85 W, 1980 MHz, 15 %, 39
2026/10/10 15:00:56.053, 3, 78467 MiB, 100 %, 246.27 W, 1980 MHz, 15 %, 33
2026/10/10 15:00:56.053, 4, 78467 MiB, 100 %, 247.60 W, 1980 MHz, 16 %, 33
2026/10/10 15:00:56.053, 5, 78467 MiB, 100 %, 252.55 W, 1980 MHz, 15 %, 37
2026/10/10 15:00:56.053, 6, 78467 MiB, 100 %, 242.87 W, 1980 MHz, 15 %, 35
2026/10/10 15:00:56.054, 7, 78467 MiB, 100 %, 283.38 W, 1980 MHz, 15 %, 70
2026/10/10 15:00:57.054, 0, 78467 MiB, 100 %, 253.84 W, 1980 MHz, 15 %, 34
2026/10/10 15:00:57.054, 1, 78467 MiB, 100 %, 271.39 W, 1980 MHz, 15 %, 59
2026/10/10 15:00:57.054, 2, 78467 MiB, 100 %, 250.87 W, 1980 MHz, 15 %, 39
2026/10/10 15:00:57.054, 3, 78467 MiB, 100 %, 247.50 W, 1980 MHz, 15 %, 33
2026/10/10 15:00:57.054, 4, 78467 MiB, 100 %, 248.35 W, 1980 MHz, 15 %, 33
2026/10/10 15:00:57.054, 5, 78467 MiB, 100 %, 252.53 W, 1980 MHz, 15 %, 37
2026/10/10 15:00:57.054, 6, 78467 MiB, 100 %, 242.70 W, 1980 MHz, 15 %, 35
2026/10/10 15:00:57.054, 7, 78467 MiB, 100 %, 283.42 W, 1980 MHz, 15 %, 70
2026/10/10 15:00:58.054, 0, 78467 MiB, 100 %, 250.37 W, 1980 MHz, 15 %, 34
2026/10/10 15:00:58.054, 1, 78467 MiB, 100 %, 270.45 W, 1980 MHz, 15 %, 59
2026/10/10 15:00:58.055, 2, 78467 MiB, 100 %, 252.17 W, 1980 MHz, 15 %, 39
2026/10/10 15:00:58.055, 3, 78467 MiB, 100 %, 247.47 W, 1980 MHz, 15 %, 33
2026/10/10 15:00:58.055, 4, 78467 MiB, 100 %, 247.83 W, 1980 MHz, 15 %, 33
2026/10/10 15:00:58.055, 5, 78467 MiB, 100 %, 250.76 W, 1980 MHz, 15 %, 37
2026/10/10 15:00:58.055, 6, 78467 MiB, 100 %, 242.94 W, 1980 MHz, 15 %, 35
2026/10/10 15:00:58.055, 7, 78467 MiB, 100 %, 284.16 W, 1980 MHz, 15 %, 70
2026/10/10 15:00:59.055, 0, 78467 MiB, 100 %, 251.02 W, 1980 MHz, 15 %, 34
2026/10/10 15:00:59.055, 1, 78467 MiB, 100 %, 273.00 W, 1980 MHz, 15 %, 59
2026/10/10 15:00:59.055, 2, 78467 MiB, 100 %, 252.35 W, 1980 MHz, 15 %, 39
2026/10/10 15:00:59.055, 3, 78467 MiB, 100 %, 248.83 W, 1980 MHz, 15 %, 33
2026/10/10 15:00:59.055, 4, 78467 MiB, 100 %, 245.31 W, 1980 MHz, 15 %, 33
2026/10/10 15:00:59.055, 5, 78467 MiB, 100 %, 251.76 W, 1980 MHz, 15 %, 37
2026/10/10 15:00:59.055, 6, 78467 MiB, 100 %, 242.00 W, 1980 MHz, 15 %, 35
2026/10/10 15:00:59.056, 7, 78467 MiB, 100 %, 284.69 W, 1980 MHz, 16 %, 70
2026/10/10 15:01:00.056, 0, 78467 MiB, 100 %, 252.09 W, 1980 MHz, 15 %, 34
2026/10/10 15:01:00.056, 1, 78467 MiB, 100 %, 272.91 W, 1980 MHz, 15 %, 59
2026/10/10 15:01:00.056, 2, 78467 MiB, 100 %, 250.50 W, 1980 MHz, 15 %, 39
2026/10/10 15:01:00.056, 3, 78467 MiB, 100 %, 247.54 W, 1980 MHz, 16 %, 33
2026/10/10 15:01:00.056, 4, 78467 MiB, 100 %, 247.47 W, 1980 MHz, 16 %, 33
2026/10/10 15:01:00.056, 5, 78467 MiB, 100 %, 251.94 W, 1980 MHz, 15 %, 37
2026/10/10 15:01:00.056, 6, 78467 MiB, 100 %, 241.67 W, 1980 MHz, 15 %, 35
2026/10/10 15:01:00.056, 7, 78467 MiB, 100 %, 284.35 W, 1980 MHz, 15 %, 70
2026/10/10 15:01:01.056, 0, 78467 MiB, 100 %, 250.61 W, 1980 MHz, 15 %, 34
2026/10/10 15:01:01.056, 1, 78467 MiB, 100 %, 273.24 W, 1980 MHz, 15 %, 59
2026/10/10 15:01:01.057, 2, 78467 MiB, 100 %, 252.60 W, 1980 MHz, 15 %, 39
2026/10/10 15:01:01.057, 3, 78467 MiB, 100 %, 246.72 W, 1980 MHz, 15 %, 33
2026/10/10 15:01:01.057, 4, 78467 MiB, 100 %, 246.10 W, 1980 MHz, 16 %, 33
2026/10/10 15:01:01.057, 5, 78467 MiB, 100 %, 251.37 W, 1980 MHz, 15 %, 37
2026/10/10 15:01:01.057, 6, 78467 MiB, 100 %, 242.56 W, 1980 MHz, 15 %, 35
2026/10/10 15:01:01.057, 7, 78467 MiB, 100 %, 282.67 W, 1980 MHz, 15 %, 70
2026/10/10 15:01:02.057, 0, 78467 MiB, 100 %, 252.29 W, 1980 MHz, 16 %, 34
2026/10/10 15:01:02.057, 1, 78467 MiB, 100 %, 270.68 W, 1980 MHz, 15 %, 59
2026/10/10 15:01:02.057, 2, 78467 MiB, 100 %, 250.82 W, 1980 MHz, 15 %, 39
2026/10/10 15:01:02.057, 3, 78467 MiB, 100 %, 245.20 W, 1980 MHz, 15 %, 32
2026/10/10 15:01:02.057, 4, 78467 MiB, 100 %, 246.02 W, 1980 MHz, 15 %, 33
2026/10/10 15:01:02.057, 5, 78467 MiB, 100 %, 251.87 W, 1980 MHz, 15 %, 37
2026/10/10 15:01:02.057, 6, 78467 MiB, 100 %, 242.62 W, 1980 MHz, 16 %, 35
2026/10/10 15:01:02.058, 7, 78467 MiB, 100 %, 284.33 W, 1980 MHz, 15 %, 70
2026/10/10 15:01:03.058, 0, 78467 MiB, 100 %, 253.14 W, 1980 MHz, 16 %, 34
2026/10/10 15:01:03.058, 1, 78467 MiB, 100 %, 269.07 W, 1980 MHz, 15 %, 59
2026/10/10 15:01:03.058, 2, 78467 MiB, 100 %, 260.09 W, 1980 MHz, 15 %, 39
2026/10/10 15:01:03.058, 3, 78467 MiB, 100 %, 245.37 W, 1980 MHz, 15 %, 33
2026/10/10 15:01:03.058, 4, 78467 MiB, 100 %, 245.67 W, 1980 MHz, 15 %, 33
2026/10/10 15:01:03.058, 5, 78467 MiB, 100 %, 251.39 W, 1980 MHz, 15 %, 37
2026/10/10 15:01:03.058, 6, 78467 MiB, 100 %, 245.18 W, 1980 MHz, 16 %, 35
2026/10/10 15:01:03.058, 7, 78467 MiB, 100 %, 283.90 W, 1980 MHz, 15 %, 70
2026/10/10 15:01:04.058, 0, 78467 MiB, 100 %, 251.59 W, 1980 MHz, 15 %, 34
2026/10/10 15:01:04.059, 1, 78467 MiB, 100 %, 267.50 W, 1980 MHz, 15 %, 59
2026/10/10 15:01:04.059, 2, 78467 MiB, 100 %, 253.83 W, 1980 MHz, 15 %, 39
2026/10/10 15:01:04.059, 3, 78467 MiB, 100 %, 245.43 W, 1980 MHz, 15 %, 32
2026/10/10 15:01:04.059, 4, 78467 MiB, 100 %, 246.55 W, 1980 MHz, 16 %, 33
2026/10/10 15:01:04.059, 5, 78467 MiB, 100 %, 251.74 W, 1980 MHz, 15 %, 37
2026/10/10 15:01:04.059, 6, 78467 MiB, 100 %, 244.78 W, 1980 MHz, 16 %, 35
2026/10/10 15:01:04.059, 7, 78467 MiB, 100 %, 282.60 W, 1980 MHz, 15 %, 70
2026/10/10 15:01:05.059, 0, 78467 MiB, 100 %, 252.27 W, 1980 MHz, 16 %, 34
2026/10/10 15:01:05.059, 1, 78467 MiB, 100 %, 269.98 W, 1980 MHz, 15 %, 59
2026/10/10 15:01:05.059, 2, 78467 MiB, 100 %, 253.76 W, 1980 MHz, 15 %, 39
2026/10/10 15:01:05.059, 3, 78467 MiB, 100 %, 244.93 W, 1980 MHz, 15 %, 33
2026/10/10 15:01:05.059, 4, 78467 MiB, 100 %, 247.09 W, 1980 MHz, 16 %, 33
2026/10/10 15:01:05.059, 5, 78467 MiB, 100 %, 251.06 W, 1980 MHz, 15 %, 37
2026/10/10 15:01:05.059, 6, 78467 MiB, 100 %, 245.26 W, 1980 MHz, 16 %, 35
2026/10/10 15:01:05.060, 7, 78467 MiB, 100 %, 280.64 W, 1980 MHz, 15 %, 70
2026/10/10 15:01:06.060, 0, 78467 MiB, 100 %, 252.04 W, 1980 MHz, 16 %, 34
2026/10/10 15:01:06.060, 1, 78467 MiB, 100 %, 270.47 W, 1980 MHz, 15 %, 59
2026/10/10 15:01:06.060, 2, 78467 MiB, 100 %, 251.38 W, 1980 MHz, 15 %, 39
2026/10/10 15:01:06.060, 3, 78467 MiB, 100 %, 246.85 W, 1980 MHz, 15 %, 32
2026/10/10 15:01:06.060, 4, 78467 MiB, 100 %, 248.37 W, 1980 MHz, 15 %, 33
2026/10/10 15:01:06.060, 5, 78467 MiB, 100 %, 251.43 W, 1980 MHz, 15 %, 37
2026/10/10 15:01:06.060, 6, 78467 MiB, 100 %, 244.24 W, 1980 MHz, 16 %, 35
2026/10/10 15:01:06.060, 7, 78467 MiB, 100 %, 283.95 W, 1980 MHz, 15 %, 70
2026/10/10 15:01:07.060, 0, 78467 MiB, 100 %, 252.24 W, 1980 MHz, 15 %, 34
2026/10/10 15:01:07.061, 1, 78467 MiB, 100 %, 269.20 W, 1980 MHz, 15 %, 59
2026/10/10 15:01:07.061, 2, 78467 MiB, 100 %, 259.01 W, 1980 MHz, 15 %, 39
2026/10/10 15:01:07.061, 3, 78467 MiB, 100 %, 246.22 W, 1980 MHz, 15 %, 32
2026/10/10 15:01:07.061, 4, 78467 MiB, 100 %, 246.45 W, 1980 MHz, 16 %, 33
2026/10/10 15:01:07.061, 5, 78467 MiB, 100 %, 251.07 W, 1980 MHz, 15 %, 37
2026/10/10 15:01:07.061, 6, 78467 MiB, 100 %, 243.54 W, 1980 MHz, 16 %, 35
2026/10/10 15:01:07.061, 7, 78467 MiB, 100 %, 283.83 W, 1980 MHz, 15 %, 70
2026/10/10 15:01:08.061, 0, 78467 MiB, 100 %, 251.38 W, 1980 MHz, 16 %, 34
2026/10/10 15:01:08.061, 1, 78467 MiB, 100 %, 269.61 W, 1980 MHz, 15 %, 59
2026/10/10 15:01:08.061, 2, 78467 MiB, 100 %, 259.63 W, 1980 MHz, 16 %, 39
2026/10/10 15:01:08.061, 3, 78467 MiB, 100 %, 245.92 W, 1980 MHz, 15 %, 33
2026/10/10 15:01:08.061, 4, 78467 MiB, 100 %, 247.80 W, 1980 MHz, 15 %, 33
2026/10/10 15:01:08.061, 5, 78467 MiB, 100 %, 250.59 W, 1980 MHz, 15 %, 37
2026/10/10 15:01:08.061, 6, 78467 MiB, 100 %, 245.31 W, 1980 MHz, 16 %, 35
2026/10/10 15:01:08.062, 7, 78467 MiB, 100 %, 284.01 W, 1980 MHz, 15 %, 70
2026/10/10 15:01:09.062, 0, 78467 MiB, 100 %, 251.48 W, 1980 MHz, 16 %, 34
2026/10/10 15:01:09.062, 1, 78467 MiB, 100 %, 269.50 W, 1980 MHz, 15 %, 59
2026/10/10 15:01:09.062, 2, 78467 MiB, 100 %, 252.54 W, 1980 MHz, 16 %, 39
2026/10/10 15:01:09.062, 3, 78467 MiB, 100 %, 245.97 W, 1980 MHz, 15 %, 32
2026/10/10 15:01:09.062, 4, 78467 MiB, 100 %, 246.32 W, 1980 MHz, 15 %, 33
2026/10/10 15:01:09.062, 5, 78467 MiB, 100 %, 251.26 W, 1980 MHz, 15 %, 37
2026/10/10 15:01:09.062, 6, 78467 MiB, 100 %, 243.77 W, 1980 MHz, 16 %, 35
2026/10/10 15:01:09.062, 7, 78467 MiB, 100 %, 282.95 W, 1980 MHz, 15 %, 70
2026/10/10 15:01:10.062, 0, 78467 MiB, 100 %, 252.27 W, 1980 MHz, 16 %, 34
2026/10/10 15:01:10.063, 1, 78467 MiB, 100 %, 269.51 W, 1980 MHz, 15 %, 59
2026/10/10 15:01:10.063, 2, 78467 MiB, 100 %, 251.11 W, 1980 MHz, 15 %, 39
2026/10/10 15:01:10.063, 3, 78467 MiB, 100 %, 245.82 W, 1980 MHz, 15 %, 32
2026/10/10 15:01:10.063, 4, 78467 MiB, 100 %, 248.37 W, 1980 MHz, 15 %, 33
2026/10/10 15:01:10.063, 5, 78467 MiB, 100 %, 253.06 W, 1980 MHz, 15 %, 37
2026/10/10 15:01:10.063, 6, 78467 MiB, 100 %, 244.84 W, 1980 MHz, 16 %, 35
2026/10/10 15:01:10.063, 7, 78467 MiB, 100 %, 283.72 W, 1980 MHz, 15 %, 70
2026/10/10 15:01:11.063, 0, 78467 MiB, 100 %, 252.61 W, 1980 MHz, 16 %, 34
2026/10/10 15:01:11.063, 1, 78467 MiB, 100 %, 269.89 W, 1980 MHz, 15 %, 59
2026/10/10 15:01:11.063, 2, 78467 MiB, 100 %, 252.85 W, 1980 MHz, 15 %, 39
2026/10/10 15:01:11.063, 3, 78467 MiB, 100 %, 246.16 W, 1980 MHz, 15 %, 32
2026/10/10 15:01:11.063, 4, 78467 MiB, 100 %, 247.12 W, 1980 MHz, 15 %, 33
2026/10/10 15:01:11.064, 5, 78467 MiB, 100 %, 252.42 W, 1980 MHz, 15 %, 37
2026/10/10 15:01:11.064, 6, 78467 MiB, 100 %, 244.09 W, 1980 MHz, 16 %, 35
2026/10/10 15:01:11.064, 7, 78467 MiB, 100 %, 284.08 W, 1980 MHz, 15 %, 70
2026/10/10 15:01:12.064, 0, 78467 MiB, 100 %, 277.98 W, 1980 MHz, 15 %, 35
2026/10/10 15:01:12.064, 1, 78467 MiB, 100 %, 297.12 W, 1980 MHz, 15 %, 59
2026/10/10 15:01:12.064, 2, 78467 MiB, 100 %, 279.40 W, 1980 MHz, 15 %, 40
2026/10/10 15:01:12.064, 3, 78467 MiB, 100 %, 272.34 W, 1980 MHz, 15 %, 34
2026/10/10 15:01:12.064, 4, 78467 MiB, 100 %, 273.06 W, 1980 MHz, 15 %, 34
2026/10/10 15:01:12.064, 5, 78467 MiB, 100 %, 277.86 W, 1980 MHz, 15 %, 38
2026/10/10 15:01:12.064, 6, 78467 MiB, 100 %, 269.20 W, 1980 MHz, 15 %, 36
2026/10/10 15:01:12.064, 7, 78467 MiB, 100 %, 312.48 W, 1980 MHz, 15 %, 71
2026/10/10 15:01:13.065, 0, 78467 MiB, 100 %, 251.59 W, 1980 MHz, 15 %, 34
2026/10/10 15:01:13.065, 1, 78467 MiB, 100 %, 271.01 W, 1980 MHz, 15 %, 59
2026/10/10 15:01:13.065, 2, 78467 MiB, 100 %, 252.60 W, 1980 MHz, 15 %, 39
2026/10/10 15:01:13.065, 3, 78467 MiB, 100 %, 247.30 W, 1980 MHz, 16 %, 33
2026/10/10 15:01:13.065, 4, 78467 MiB, 100 %, 245.65 W, 1980 MHz, 15 %, 33
2026/10/10 15:01:13.065, 5, 78467 MiB, 100 %, 251.94 W, 1980 MHz, 15 %, 37
2026/10/10 15:01:13.065, 6, 78467 MiB, 100 %, 240.78 W, 1980 MHz, 15 %, 35
2026/10/10 15:01:13.065, 7, 78467 MiB, 100 %, 283.00 W, 1980 MHz, 15 %, 70
2026/10/10 15:01:14.065, 0, 78467 MiB, 100 %, 252.94 W, 1980 MHz, 15 %, 34
2026/10/10 15:01:14.066, 1, 78467 MiB, 100 %, 271.80 W, 1980 MHz, 15 %, 59
2026/10/10 15:01:14.066, 2, 78467 MiB, 100 %, 251.74 W, 1980 MHz, 15 %, 39
2026/10/10 15:01:14.066, 3, 78467 MiB, 100 %, 248.58 W, 1980 MHz, 16 %, 33
2026/10/10 15:01:14.066, 4, 78467 MiB, 100 %, 244.38 W, 1980 MHz, 15 %, 33
2026/10/10 15:01:14.067, 5, 78467 MiB, 100 %, 252.70 W, 1980 MHz, 15 %, 37
2026/10/10 15:01:14.067, 6, 78467 MiB, 100 %, 243.26 W, 1980 MHz, 15 %, 35
2026/10/10 15:01:14.067, 7, 78467 MiB, 100 %, 282.35 W, 1980 MHz, 15 %, 70
2026/10/10 15:01:15.067, 0, 78467 MiB, 100 %, 252.48 W, 1980 MHz, 16 %, 34
2026/10/10 15:01:15.067, 1, 78467 MiB, 100 %, 269.24 W, 1980 MHz, 15 %, 59
2026/10/10 15:01:15.067, 2, 78467 MiB, 100 %, 251.02 W, 1980 MHz, 15 %, 39
2026/10/10 15:01:15.067, 3, 78467 MiB, 100 %, 248.89 W, 1980 MHz, 15 %, 33
2026/10/10 15:01:15.067, 4, 78467 MiB, 100 %, 244.54 W, 1980 MHz, 15 %, 33
2026/10/10 15:01:15.067, 5, 78467 MiB, 100 %, 252.50 W, 1980 MHz, 15 %, 37
2026/10/10 15:01:15.067, 6, 78467 MiB, 100 %, 239.95 W, 1980 MHz, 15 %, 35
2026/10/10 15:01:15.067, 7, 78467 MiB, 100 %, 282.64 W, 1980 MHz, 15 %, 70
2026/10/10 15:01:16.068, 0, 78467 MiB, 100 %, 254.19 W, 1980 MHz, 16 %, 34
2026/10/10 15:01:16.068, 1, 78467 MiB, 100 %, 273.05 W, 1980 MHz, 15 %, 59
2026/10/10 15:01:16.068, 2, 78467 MiB, 100 %, 252.38 W, 1980 MHz, 15 %, 38
2026/10/10 15:01:16.068, 3, 78467 MiB, 100 %, 248.29 W, 1980 MHz, 15 %, 33
2026/10/10 15:01:16.068, 4, 78467 MiB, 100 %, 245.74 W, 1980 MHz, 15 %, 33
2026/10/10 15:01:16.068, 5, 78467 MiB, 100 %, 250.09 W, 1980 MHz, 15 %, 37
2026/10/10 15:01:16.068, 6, 78467 MiB, 100 %, 242.02 W, 1980 MHz, 15 %, 35
2026/10/10 15:01:16.068, 7, 78467 MiB, 100 %, 281.77 W, 1980 MHz, 15 %, 70
2026/10/10 15:01:17.068, 0, 78467 MiB, 100 %, 251.82 W, 1980 MHz, 15 %, 34
2026/10/10 15:01:17.069, 1, 78467 MiB, 100 %, 271.00 W, 1980 MHz, 15 %, 59
2026/10/10 15:01:17.069, 2, 78467 MiB, 100 %, 254.37 W, 1980 MHz, 15 %, 39
2026/10/10 15:01:17.069, 3, 78467 MiB, 100 %, 247.66 W, 1980 MHz, 16 %, 33
2026/10/10 15:01:17.069, 4, 78467 MiB, 100 %, 245.60 W, 1980 MHz, 15 %, 33
2026/10/10 15:01:17.069, 5, 78467 MiB, 100 %, 251.93 W, 1980 MHz, 15 %, 37
2026/10/10 15:01:17.069, 6, 78467 MiB, 100 %, 241.71 W, 1980 MHz, 15 %, 35
2026/10/10 15:01:17.069, 7, 78467 MiB, 100 %, 282.25 W, 1980 MHz, 15 %, 70
2026/10/10 15:01:18.069, 0, 78467 MiB, 100 %, 250.59 W, 1980 MHz, 15 %, 34
2026/10/10 15:01:18.069, 1, 78467 MiB, 100 %, 272.52 W, 1980 MHz, 15 %, 59
2026/10/10 15:01:18.069, 2, 78467 MiB, 100 %, 252.35 W, 1980 MHz, 15 %, 38
2026/10/10 15:01:18.069, 3, 78467 MiB, 100 %, 248.18 W, 1980 MHz, 15 %, 33
2026/10/10 15:01:18.069, 4, 78467 MiB, 100 %, 245.05 W, 1980 MHz, 15 %, 33
2026/10/10 15:01:18.069, 5, 78467 MiB, 100 %, 249.93 W, 1980 MHz, 15 %, 37
2026/10/10 15:01:18.070, 6, 78467 MiB, 100 %, 241.71 W, 1980 MHz, 15 %, 35
2026/10/10 15:01:18.070, 7, 78467 MiB, 100 %, 284.33 W, 1980 MHz, 15 %, 70
2026/10/10 15:01:19.070, 0, 78467 MiB, 100 %, 252.11 W, 1980 MHz, 15 %, 34
2026/10/10 15:01:19.070, 1, 78467 MiB, 100 %, 272.32 W, 1980 MHz, 15 %, 59
2026/10/10 15:01:19.070, 2, 78467 MiB, 100 %, 250.84 W, 1980 MHz, 15 %, 38
2026/10/10 15:01:19.070, 3, 78467 MiB, 100 %, 248.68 W, 1980 MHz, 16 %, 33
2026/10/10 15:01:19.070, 4, 78467 MiB, 100 %, 245.09 W, 1980 MHz, 15 %, 33
2026/10/10 15:01:19.070, 5, 78467 MiB, 100 %, 249.24 W, 1980 MHz, 15 %, 37
2026/10/10 15:01:19.070, 6, 78467 MiB, 100 %, 241.45 W, 1980 MHz, 15 %, 35
2026/10/10 15:01:19.070, 7, 78467 MiB, 100 %, 283.04 W, 1980 MHz, 15 %, 70
2026/10/10 15:01:20.070, 0, 78467 MiB, 100 %, 256.54 W, 1980 MHz, 15 %, 34
2026/10/10 15:01:20.071, 1, 78467 MiB, 100 %, 272.77 W, 1980 MHz, 15 %, 59
2026/10/10 15:01:20.071, 2, 78467 MiB, 100 %, 251.34 W, 1980 MHz, 15 %, 38
2026/10/10 15:01:20.071, 3, 78467 MiB, 100 %, 248.31 W, 1980 MHz, 15 %, 33
2026/10/10 15:01:20.071, 4, 78467 MiB, 100 %, 246.29 W, 1980 MHz, 15 %, 33
2026/10/10 15:01:20.071, 5, 78467 MiB, 100 %, 248.93 W, 1980 MHz, 15 %, 37
2026/10/10 15:01:20.071, 6, 78467 MiB, 100 %, 241.37 W, 1980 MHz, 15 %, 35
2026/10/10 15:01:20.071, 7, 78467 MiB, 100 %, 282.91 W, 1980 MHz, 15 %, 70
2026/10/10 15:01:21.071, 0, 78467 MiB, 100 %, 252.08 W, 1980 MHz, 15 %, 34
2026/10/10 15:01:21.071, 1, 78467 MiB, 100 %, 271.98 W, 1980 MHz, 15 %, 59
2026/10/10 15:01:21.071, 2, 78467 MiB, 100 %, 253.68 W, 1980 MHz, 15 %, 38
2026/10/10 15:01:21.071, 3, 78467 MiB, 100 %, 248.27 W, 1980 MHz, 15 %, 33
2026/10/10 15:01:21.071, 4, 78467 MiB, 100 %, 246.15 W, 1980 MHz, 15 %, 33
2026/10/10 15:01:21.071, 5, 78467 MiB, 100 %, 251.54 W, 1980 MHz, 15 %, 37
2026/10/10 15:01:21.071, 6, 78467 MiB, 100 %, 241.60 W, 1980 MHz, 15 %, 35
2026/10/10 15:01:21.072, 7, 78467 MiB, 100 %, 282.82 W, 1980 MHz, 15 %, 70
2026/10/10 15:01:22.072, 0, 78467 MiB, 100 %, 252.64 W, 1980 MHz, 16 %, 34
2026/10/10 15:01:22.072, 1, 78467 MiB, 100 %, 272.60 W, 1980 MHz, 15 %, 59
2026/10/10 15:01:22.072, 2, 78467 MiB, 100 %, 252.71 W, 1980 MHz, 15 %, 38
2026/10/10 15:01:22.072, 3, 78467 MiB, 100 %, 247.83 W, 1980 MHz, 15 %, 32
2026/10/10 15:01:22.072, 4, 78467 MiB, 100 %, 245.77 W, 1980 MHz, 15 %, 33
2026/10/10 15:01:22.072, 5, 78467 MiB, 100 %, 250.21 W, 1980 MHz, 15 %, 37
2026/10/10 15:01:22.072, 6, 78467 MiB, 100 %, 241.38 W, 1980 MHz, 15 %, 35
2026/10/10 15:01:22.072, 7, 78467 MiB, 100 %, 283.32 W, 1980 MHz, 15 %, 70
2026/10/10 15:01:23.072, 0, 78467 MiB, 100 %, 250.32 W, 1980 MHz, 15 %, 34
2026/10/10 15:01:23.073, 1, 78467 MiB, 100 %, 272.98 W, 1980 MHz, 15 %, 59
2026/10/10 15:01:23.073, 2, 78467 MiB, 100 %, 253.98 W, 1980 MHz, 15 %, 38
2026/10/10 15:01:23.073, 3, 78467 MiB, 100 %, 247.00 W, 1980 MHz, 16 %, 33
2026/10/10 15:01:23.073, 4, 78467 MiB, 100 %, 245.22 W, 1980 MHz, 15 %, 33
2026/10/10 15:01:23.073, 5, 78467 MiB, 100 %, 251.63 W, 1980 MHz, 15 %, 37
2026/10/10 15:01:23.073, 6, 78467 MiB, 100 %, 239.63 W, 1980 MHz, 15 %, 35
2026/10/10 15:01:23.073, 7, 78467 MiB, 100 %, 284.48 W, 1980 MHz, 15 %, 70
2026/10/10 15:01:24.073, 0, 78467 MiB, 100 %, 254.18 W, 1980 MHz, 15 %, 34
2026/10/10 15:01:24.073, 1, 78467 MiB, 100 %, 273.05 W, 1980 MHz, 15 %, 59
2026/10/10 15:01:24.073, 2, 78467 MiB, 100 %, 253.00 W, 1980 MHz, 15 %, 38
2026/10/10 15:01:24.073, 3, 78467 MiB, 100 %, 248.18 W, 1980 MHz, 16 %, 33
2026/10/10 15:01:24.073, 4, 78467 MiB, 100 %, 246.28 W, 1980 MHz, 15 %, 33
2026/10/10 15:01:24.073, 5, 78467 MiB, 100 %, 251.69 W, 1980 MHz, 15 %, 37
2026/10/10 15:01:24.073, 6, 78467 MiB, 100 %, 240.45 W, 1980 MHz, 15 %, 35
2026/10/10 15:01:24.073, 7, 78467 MiB, 100 %, 282.66 W, 1980 MHz, 15 %, 70
2026/10/10 15:01:25.074, 0, 78467 MiB, 100 %, 253.81 W, 1980 MHz, 15 %, 34
2026/10/10 15:01:25.074, 1, 78467 MiB, 100 %, 272.94 W, 1980 MHz, 15 %, 59
2026/10/10 15:01:25.074, 2, 78467 MiB, 100 %, 251.69 W, 1980 MHz, 15 %, 38
2026/10/10 15:01:25.074, 3, 78467 MiB, 100 %, 247.74 W, 1980 MHz, 16 %, 32
2026/10/10 15:01:25.074, 4, 78467 MiB, 100 %, 246.82 W, 1980 MHz, 15 %, 33
2026/10/10 15:01:25.074, 5, 78467 MiB, 100 %, 252.32 W, 1980 MHz, 15 %, 37
2026/10/10 15:01:25.074, 6, 78467 MiB, 100 %, 240.56 W, 1980 MHz, 15 %, 35
2026/10/10 15:01:25.074, 7, 78467 MiB, 100 %, 284.23 W, 1980 MHz, 15 %, 70
2026/10/10 15:01:26.074, 0, 78467 MiB, 100 %, 252.52 W, 1980 MHz, 15 %, 34
2026/10/10 15:01:26.074, 1, 78467 MiB, 100 %, 271.86 W, 1980 MHz, 15 %, 59
2026/10/10 15:01:26.075, 2, 78467 MiB, 100 %, 250.84 W, 1980 MHz, 15 %, 38
2026/10/10 15:01:26.075, 3, 78467 MiB, 100 %, 248.48 W, 1980 MHz, 15 %, 32
2026/10/10 15:01:26.075, 4, 78467 MiB, 100 %, 246.17 W, 1980 MHz, 15 %, 33
2026/10/10 15:01:26.075, 5, 78467 MiB, 100 %, 252.05 W, 1980 MHz, 16 %, 37
2026/10/10 15:01:26.075, 6, 78467 MiB, 100 %, 241.08 W, 1980 MHz, 15 %, 35
2026/10/10 15:01:26.075, 7, 78467 MiB, 100 %, 285.60 W, 1980 MHz, 15 %, 70
2026/10/10 15:01:27.075, 0, 78467 MiB, 100 %, 251.69 W, 1980 MHz, 15 %, 34
2026/10/10 15:01:27.075, 1, 78467 MiB, 100 %, 272.17 W, 1980 MHz, 15 %, 59
2026/10/10 15:01:27.075, 2, 78467 MiB, 100 %, 252.35 W, 1980 MHz, 15 %, 39
2026/10/10 15:01:27.075, 3, 78467 MiB, 100 %, 246.65 W, 1980 MHz, 16 %, 32
2026/10/10 15:01:27.075, 4, 78467 MiB, 100 %, 246.81 W, 1980 MHz, 15 %, 33
2026/10/10 15:01:27.075, 5, 78467 MiB, 100 %, 250.02 W, 1980 MHz, 15 %, 37
2026/10/10 15:01:27.075, 6, 78467 MiB, 100 %, 240.40 W, 1980 MHz, 15 %, 35
2026/10/10 15:01:27.075, 7, 78467 MiB, 100 %, 282.06 W, 1980 MHz, 15 %, 70
2026/10/10 15:01:28.076, 0, 78467 MiB, 100 %, 254.34 W, 1980 MHz, 15 %, 34
2026/10/10 15:01:28.076, 1, 78467 MiB, 100 %, 271.66 W, 1980 MHz, 15 %, 59
2026/10/10 15:01:28.076, 2, 78467 MiB, 100 %, 252.74 W, 1980 MHz, 15 %, 38
2026/10/10 15:01:28.076, 3, 78467 MiB, 100 %, 247.98 W, 1980 MHz, 16 %, 33
2026/10/10 15:01:28.076, 4, 78467 MiB, 100 %, 246.26 W, 1980 MHz, 15 %, 33
2026/10/10 15:01:28.076, 5, 78467 MiB, 100 %, 252.45 W, 1980 MHz, 15 %, 37
2026/10/10 15:01:28.076, 6, 78467 MiB, 100 %, 240.38 W, 1980 MHz, 15 %, 35
2026/10/10 15:01:28.076, 7, 78467 MiB, 100 %, 283.32 W, 1980 MHz, 15 %, 70
2026/10/10 15:01:29.076, 0, 78467 MiB, 100 %, 250.64 W, 1980 MHz, 16 %, 34
2026/10/10 15:01:29.076, 1, 78467 MiB, 100 %, 272.21 W, 1980 MHz, 15 %, 59
2026/10/10 15:01:29.076, 2, 78467 MiB, 100 %, 252.77 W, 1980 MHz, 15 %, 38
2026/10/10 15:01:29.076, 3, 78467 MiB, 100 %, 247.26 W, 1980 MHz, 15 %, 32
2026/10/10 15:01:29.076, 4, 78467 MiB, 100 %, 246.40 W, 1980 MHz, 16 %, 33
2026/10/10 15:01:29.077, 5, 78467 MiB, 100 %, 250.12 W, 1980 MHz, 15 %, 37
2026/10/10 15:01:29.077, 6, 78467 MiB, 100 %, 240.98 W, 1980 MHz, 15 %, 35
2026/10/10 15:01:29.077, 7, 78467 MiB, 100 %, 282.94 W, 1980 MHz, 15 %, 70
2026/10/10 15:01:30.077, 0, 78467 MiB, 100 %, 251.24 W, 1980 MHz, 15 %, 34
2026/10/10 15:01:30.077, 1, 78467 MiB, 100 %, 272.76 W, 1980 MHz, 15 %, 59
2026/10/10 15:01:30.077, 2, 78467 MiB, 100 %, 250.54 W, 1980 MHz, 15 %, 38
2026/10/10 15:01:30.077, 3, 78467 MiB, 100 %, 246.42 W, 1980 MHz, 16 %, 32
2026/10/10 15:01:30.077, 4, 78467 MiB, 100 %, 246.30 W, 1980 MHz, 15 %, 33
2026/10/10 15:01:30.077, 5, 78467 MiB, 100 %, 250.56 W, 1980 MHz, 15 %, 37
2026/10/10 15:01:30.077, 6, 78467 MiB, 100 %, 240.66 W, 1980 MHz, 15 %, 34
2026/10/10 15:01:30.077, 7, 78467 MiB, 100 %, 282.66 W, 1980 MHz, 16 %, 70
2026/10/10 15:01:31.077, 0, 78467 MiB, 100 %, 272.99 W, 1980 MHz, 16 %, 34
2026/10/10 15:01:31.078, 1, 78467 MiB, 100 %, 293.99 W, 1980 MHz, 15 %, 58
2026/10/10 15:01:31.078, 2, 78467 MiB, 100 %, 274.02 W, 1980 MHz, 15 %, 39
2026/10/10 15:01:31.078, 3, 78467 MiB, 100 %, 271.99 W, 1980 MHz, 15 %, 33
2026/10/10 15:01:31.078, 4, 78467 MiB, 100 %, 272.19 W, 1980 MHz, 15 %, 33
2026/10/10 15:01:31.078, 5, 78467 MiB, 100 %, 279.14 W, 1980 MHz, 15 %, 37
2026/10/10 15:01:31.078, 6, 78467 MiB, 100 %, 268.80 W, 1980 MHz, 16 %, 35
2026/10/10 15:01:31.078, 7, 78467 MiB, 100 %, 312.10 W, 1980 MHz, 15 %, 70
2026/10/10 15:01:32.078, 0, 78467 MiB, 100 %, 249.45 W, 1980 MHz, 16 %, 34
2026/10/10 15:01:32.078, 1, 78467 MiB, 100 %, 267.20 W, 1980 MHz, 15 %, 58
2026/10/10 15:01:32.078, 2, 78467 MiB, 100 %, 250.55 W, 1980 MHz, 15 %, 38
2026/10/10 15:01:32.078, 3, 78467 MiB, 100 %, 246.04 W, 1980 MHz, 15 %, 33
2026/10/10 15:01:32.078, 4, 78467 MiB, 100 %, 247.60 W, 1980 MHz, 16 %, 33
2026/10/10 15:01:32.078, 5, 78467 MiB, 100 %, 250.53 W, 1980 MHz, 15 %, 37
2026/10/10 15:01:32.079, 6, 78467 MiB, 100 %, 243.36 W, 1980 MHz, 16 %, 35
2026/10/10 15:01:32.079, 7, 78467 MiB, 100 %, 280.69 W, 1980 MHz, 15 %, 70
2026/10/10 15:01:33.079, 0, 78467 MiB, 100 %, 253.09 W, 1980 MHz, 16 %, 34
2026/10/10 15:01:33.079, 1, 78467 MiB, 100 %, 267.78 W, 1980 MHz, 15 %, 58
2026/10/10 15:01:33.079, 2, 78467 MiB, 100 %, 250.06 W, 1980 MHz, 15 %, 38
2026/10/10 15:01:33.079, 3, 78467 MiB, 100 %, 243.48 W, 1980 MHz, 15 %, 32
2026/10/10 15:01:33.079, 4, 78467 MiB, 100 %, 246.60 W, 1980 MHz, 15 %, 33
2026/10/10 15:01:33.079, 5, 78467 MiB, 100 %, 250.38 W, 1980 MHz, 15 %, 37
2026/10/10 15:01:33.079, 6, 78467 MiB, 100 %, 243.60 W, 1980 MHz, 15 %, 35
2026/10/10 15:01:33.079, 7, 78467 MiB, 100 %, 281.38 W, 1980 MHz, 15 %, 70
2026/10/10 15:01:34.079, 0, 78467 MiB, 100 %, 250.17 W, 1980 MHz, 16 %, 34
2026/10/10 15:01:34.080, 1, 78467 MiB, 100 %, 269.30 W, 1980 MHz, 15 %, 58
2026/10/10 15:01:34.080, 2, 78467 MiB, 100 %, 253.54 W, 1980 MHz, 16 %, 38
2026/10/10 15:01:34.080, 3, 78467 MiB, 100 %, 244.00 W, 1980 MHz, 15 %, 32
2026/10/10 15:01:34.080, 4, 78467 MiB, 100 %, 248.55 W, 1980 MHz, 16 %, 33
2026/10/10 15:01:34.080, 5, 78467 MiB, 100 %, 251.14 W, 1980 MHz, 15 %, 37
2026/10/10 15:01:34.080, 6, 78467 MiB, 100 %, 241.80 W, 1980 MHz, 15 %, 35
2026/10/10 15:01:34.080, 7, 78467 MiB, 100 %, 283.07 W, 1980 MHz, 15 %, 70
2026/10/10 15:01:35.080, 0, 78467 MiB, 100 %, 246.70 W, 1980 MHz, 16 %, 34
2026/10/10 15:01:35.080, 1, 78467 MiB, 100 %, 267.85 W, 1980 MHz, 15 %, 58
2026/10/10 15:01:35.080, 2, 78467 MiB, 100 %, 252.21 W, 1980 MHz, 16 %, 38
2026/10/10 15:01:35.080, 3, 78467 MiB, 100 %, 245.41 W, 1980 MHz, 15 %, 32
2026/10/10 15:01:35.080, 4, 78467 MiB, 100 %, 247.30 W, 1980 MHz, 16 %, 33
2026/10/10 15:01:35.080, 5, 78467 MiB, 100 %, 251.51 W, 1980 MHz, 15 %, 37
2026/10/10 15:01:35.080, 6, 78467 MiB, 100 %, 242.58 W, 1980 MHz, 15 %, 35
2026/10/10 15:01:35.080, 7, 78467 MiB, 100 %, 282.09 W, 1980 MHz, 15 %, 70
2026/10/10 15:01:36.081, 0, 78467 MiB, 100 %, 249.71 W, 1980 MHz, 15 %, 34
2026/10/10 15:01:36.081, 1, 78467 MiB, 100 %, 268.57 W, 1980 MHz, 15 %, 58
2026/10/10 15:01:36.081, 2, 78467 MiB, 100 %, 250.87 W, 1980 MHz, 15 %, 38
2026/10/10 15:01:36.081, 3, 78467 MiB, 100 %, 247.48 W, 1980 MHz, 15 %, 32
2026/10/10 15:01:36.081, 4, 78467 MiB, 100 %, 247.41 W, 1980 MHz, 15 %, 33
2026/10/10 15:01:36.081, 5, 78467 MiB, 100 %, 252.48 W, 1980 MHz, 16 %, 37
2026/10/10 15:01:36.081, 6, 78467 MiB, 100 %, 242.55 W, 1980 MHz, 16 %, 35
2026/10/10 15:01:36.081, 7, 78467 MiB, 100 %, 282.40 W, 1980 MHz, 15 %, 70
2026/10/10 15:01:37.081, 0, 78467 MiB, 100 %, 247.46 W, 1980 MHz, 15 %, 34
2026/10/10 15:01:37.081, 1, 78467 MiB, 100 %, 269.32 W, 1980 MHz, 15 %, 58
2026/10/10 15:01:37.081, 2, 78467 MiB, 100 %, 251.48 W, 1980 MHz, 15 %, 38
2026/10/10 15:01:37.081, 3, 78467 MiB, 100 %, 244.23 W, 1980 MHz, 15 %, 32
2026/10/10 15:01:37.082, 4, 78467 MiB, 100 %, 246.87 W, 1980 MHz, 16 %, 33
2026/10/10 15:01:37.082, 5, 78467 MiB, 100 %, 253.02 W, 1980 MHz, 15 %, 37
2026/10/10 15:01:37.082, 6, 78467 MiB, 100 %, 240.07 W, 1980 MHz, 15 %, 35
2026/10/10 15:01:37.082, 7, 78467 MiB, 100 %, 283.02 W, 1980 MHz, 15 %, 70
2026/10/10 15:01:38.082, 0, 78467 MiB, 100 %, 250.93 W, 1980 MHz, 16 %, 34
2026/10/10 15:01:38.082, 1, 78467 MiB, 100 %, 268.16 W, 1980 MHz, 15 %, 58
2026/10/10 15:01:38.082, 2, 78467 MiB, 100 %, 249.40 W, 1980 MHz, 15 %, 38
2026/10/10 15:01:38.082, 3, 78467 MiB, 100 %, 245.56 W, 1980 MHz, 15 %, 32
2026/10/10 15:01:38.082, 4, 78467 MiB, 100 %, 249.01 W, 1980 MHz, 16 %, 33
2026/10/10 15:01:38.082, 5, 78467 MiB, 100 %, 250.61 W, 1980 MHz, 15 %, 37
2026/10/10 15:01:38.082, 6, 78467 MiB, 100 %, 241.39 W, 1980 MHz, 15 %, 35
2026/10/10 15:01:38.082, 7, 78467 MiB, 100 %, 281.80 W, 1980 MHz, 15 %, 70
2026/10/10 15:01:39.082, 0, 78467 MiB, 100 %, 249.72 W, 1980 MHz, 15 %, 34
2026/10/10 15:01:39.083, 1, 78467 MiB, 100 %, 267.92 W, 1980 MHz, 15 %, 58
2026/10/10 15:01:39.083, 2, 78467 MiB, 100 %, 252.37 W, 1980 MHz, 15 %, 38
2026/10/10 15:01:39.083, 3, 78467 MiB, 100 %, 245.99 W, 1980 MHz, 15 %, 32
2026/10/10 15:01:39.083, 4, 78467 MiB, 100 %, 247.76 W, 1980 MHz, 16 %, 33
2026/10/10 15:01:39.083, 5, 78467 MiB, 100 %, 252.45 W, 1980 MHz, 16 %, 37
2026/10/10 15:01:39.083, 6, 78467 MiB, 100 %, 241.04 W, 1980 MHz, 16 %, 35
2026/10/10 15:01:39.083, 7, 78467 MiB, 100 %, 282.90 W, 1980 MHz, 15 %, 70
2026/10/10 15:01:40.083, 0, 78467 MiB, 100 %, 252.12 W, 1980 MHz, 15 %, 34
2026/10/10 15:01:40.083, 1, 78467 MiB, 100 %, 270.03 W, 1980 MHz, 15 %, 58
2026/10/10 15:01:40.083, 2, 78467 MiB, 100 %, 253.20 W, 1980 MHz, 15 %, 38
2026/10/10 15:01:40.083, 3, 78467 MiB, 100 %, 244.19 W, 1980 MHz, 15 %, 32
2026/10/10 15:01:40.083, 4, 78467 MiB, 100 %, 247.56 W, 1980 MHz, 16 %, 33
2026/10/10 15:01:40.083, 5, 78467 MiB, 100 %, 251.80 W, 1980 MHz, 15 %, 37
2026/10/10 15:01:40.083, 6, 78467 MiB, 100 %, 240.06 W, 1980 MHz, 15 %, 34
2026/10/10 15:01:40.083, 7, 78467 MiB, 100 %, 283.59 W, 1980 MHz, 15 %, 70
2026/10/10 15:01:41.084, 0, 78467 MiB, 100 %, 250.51 W, 1980 MHz, 16 %, 34
2026/10/10 15:01:41.084, 1, 78467 MiB, 100 %, 266.99 W, 1980 MHz, 15 %, 58
2026/10/10 15:01:41.084, 2, 78467 MiB, 100 %, 253.32 W, 1980 MHz, 15 %, 38
2026/10/10 15:01:41.084, 3, 78467 MiB, 100 %, 246.29 W, 1980 MHz, 15 %, 32
2026/10/10 15:01:41.084, 4, 78467 MiB, 100 %, 246.38 W, 1980 MHz, 16 %, 33
2026/10/10 15:01:41.084, 5, 78467 MiB, 100 %, 251.29 W, 1980 MHz, 15 %, 37
2026/10/10 15:01:41.084, 6, 78467 MiB, 100 %, 241.49 W, 1980 MHz, 15 %, 34
2026/10/10 15:01:41.084, 7, 78467 MiB, 100 %, 282.20 W, 1980 MHz, 15 %, 70
2026/10/10 15:01:42.084, 0, 78467 MiB, 100 %, 249.71 W, 1980 MHz, 16 %, 34
2026/10/10 15:01:42.084, 1, 78467 MiB, 100 %, 268.91 W, 1980 MHz, 15 %, 58
2026/10/10 15:01:42.084, 2, 78467 MiB, 100 %, 253.96 W, 1980 MHz, 15 %, 38
2026/10/10 15:01:42.085, 3, 78467 MiB, 100 %, 245.18 W, 1980 MHz, 15 %, 32
2026/10/10 15:01:42.085, 4, 78467 MiB, 100 %, 245.54 W, 1980 MHz, 16 %, 33
2026/10/10 15:01:42.085, 5, 78467 MiB, 100 %, 252.43 W, 1980 MHz, 15 %, 37
2026/10/10 15:01:42.085, 6, 78467 MiB, 100 %, 239.87 W, 1980 MHz, 15 %, 34
2026/10/10 15:01:42.085, 7, 78467 MiB, 100 %, 282.63 W, 1980 MHz, 15 %, 70
2026/10/10 15:01:43.085, 0, 78467 MiB, 100 %, 250.56 W, 1980 MHz, 16 %, 34
2026/10/10 15:01:43.085, 1, 78467 MiB, 100 %, 267.57 W, 1980 MHz, 15 %, 58
2026/10/10 15:01:43.085, 2, 78467 MiB, 100 %, 253.61 W, 1980 MHz, 15 %, 38
2026/10/10 15:01:43.085, 3, 78467 MiB, 100 %, 244.33 W, 1980 MHz, 15 %, 32
2026/10/10 15:01:43.085, 4, 78467 MiB, 100 %, 248.72 W, 1980 MHz, 16 %, 33
2026/10/10 15:01:43.085, 5, 78467 MiB, 100 %, 251.66 W, 1980 MHz, 15 %, 37
2026/10/10 15:01:43.085, 6, 78467 MiB, 100 %, 241.37 W, 1980 MHz, 15 %, 34
2026/10/10 15:01:43.085, 7, 78467 MiB, 100 %, 282.02 W, 1980 MHz, 15 %, 70
2026/10/10 15:01:44.086, 0, 78467 MiB, 100 %, 251.29 W, 1980 MHz, 16 %, 34
2026/10/10 15:01:44.086, 1, 78467 MiB, 100 %, 268.77 W, 1980 MHz, 15 %, 58
2026/10/10 15:01:44.086, 2, 78467 MiB, 100 %, 251.35 W, 1980 MHz, 15 %, 38
2026/10/10 15:01:44.086, 3, 78467 MiB, 100 %, 245.75 W, 1980 MHz, 15 %, 32
2026/10/10 15:01:44.086, 4, 78467 MiB, 100 %, 247.88 W, 1980 MHz, 15 %, 33
2026/10/10 15:01:44.086, 5, 78467 MiB, 100 %, 251.97 W, 1980 MHz, 16 %, 37
2026/10/10 15:01:44.086, 6, 78467 MiB, 100 %, 241.42 W, 1980 MHz, 15 %, 34
2026/10/10 15:01:44.086, 7, 78467 MiB, 100 %, 282.94 W, 1980 MHz, 15 %, 70
2026/10/10 15:01:45.086, 0, 78467 MiB, 100 %, 251.91 W, 1980 MHz, 15 %, 34
2026/10/10 15:01:45.086, 1, 78467 MiB, 100 %, 269.06 W, 1980 MHz, 15 %, 58
2026/10/10 15:01:45.086, 2, 78467 MiB, 100 %, 254.13 W, 1980 MHz, 16 %, 38
2026/10/10 15:01:45.086, 3, 78467 MiB, 100 %, 245.12 W, 1980 MHz, 15 %, 32
2026/10/10 15:01:45.086, 4, 78467 MiB, 100 %, 247.79 W, 1980 MHz, 16 %, 33
2026/10/10 15:01:45.086, 5, 78467 MiB, 100 %, 253.91 W, 1980 MHz, 15 %, 37
2026/10/10 15:01:45.086, 6, 78467 MiB, 100 %, 240.18 W, 1980 MHz, 15 %, 34
2026/10/10 15:01:45.087, 7, 78467 MiB, 100 %, 284.29 W, 1980 MHz, 15 %, 70
2026/10/10 15:01:46.087, 0, 78467 MiB, 100 %, 253.71 W, 1980 MHz, 15 %, 34
2026/10/10 15:01:46.087, 1, 78467 MiB, 100 %, 268.48 W, 1980 MHz, 15 %, 58
2026/10/10 15:01:46.087, 2, 78467 MiB, 100 %, 252.87 W, 1980 MHz, 15 %, 38
2026/10/10 15:01:46.087, 3, 78467 MiB, 100 %, 245.26 W, 1980 MHz, 15 %, 32
2026/10/10 15:01:46.087, 4, 78467 MiB, 100 %, 247.10 W, 1980 MHz, 16 %, 33
2026/10/10 15:01:46.087, 5, 78467 MiB, 100 %, 251.84 W, 1980 MHz, 15 %, 37
2026/10/10 15:01:46.087, 6, 78467 MiB, 100 %, 241.68 W, 1980 MHz, 16 %, 34
2026/10/10 15:01:46.087, 7, 78467 MiB, 100 %, 282.05 W, 1980 MHz, 15 %, 70
2026/10/10 15:01:47.087, 0, 78467 MiB, 100 %, 249.99 W, 1980 MHz, 15 %, 34
2026/10/10 15:01:47.087, 1, 78467 MiB, 100 %, 268.07 W, 1980 MHz, 15 %, 58
2026/10/10 15:01:47.087, 2, 78467 MiB, 100 %, 253.70 W, 1980 MHz, 16 %, 38
2026/10/10 15:01:47.088, 3, 78467 MiB, 100 %, 244.44 W, 1980 MHz, 15 %, 32
2026/10/10 15:01:47.088, 4, 78467 MiB, 100 %, 247.09 W, 1980 MHz, 15 %, 33
2026/10/10 15:01:47.088, 5, 78467 MiB, 100 %, 252.80 W, 1980 MHz, 16 %, 37
2026/10/10 15:01:47.088, 6, 78467 MiB, 100 %, 241.68 W, 1980 MHz, 15 %, 34
2026/10/10 15:01:47.088, 7, 78467 MiB, 100 %, 282.90 W, 1980 MHz, 15 %, 70
2026/10/10 15:01:48.088, 0, 78467 MiB, 100 %, 250.94 W, 1980 MHz, 16 %, 34
2026/10/10 15:01:48.088, 1, 78467 MiB, 100 %, 268.42 W, 1980 MHz, 15 %, 58
2026/10/10 15:01:48.088, 2, 78467 MiB, 100 %, 254.31 W, 1980 MHz, 15 %, 38
2026/10/10 15:01:48.088, 3, 78467 MiB, 100 %, 245.75 W, 1980 MHz, 15 %, 32
2026/10/10 15:01:48.088, 4, 78467 MiB, 100 %, 247.14 W, 1980 MHz, 16 %, 33
2026/10/10 15:01:48.088, 5, 78467 MiB, 100 %, 251.71 W, 1980 MHz, 15 %, 37
2026/10/10 15:01:48.088, 6, 78467 MiB, 100 %, 241.02 W, 1980 MHz, 16 %, 34
2026/10/10 15:01:48.088, 7, 78467 MiB, 100 %, 282.64 W, 1980 MHz, 15 %, 70
2026/10/10 15:01:49.089, 0, 78467 MiB, 100 %, 278.08 W, 1980 MHz, 15 %, 34
2026/10/10 15:01:49.089, 1, 78467 MiB, 100 %, 297.14 W, 1980 MHz, 15 %, 59
2026/10/10 15:01:49.089, 2, 78467 MiB, 100 %, 278.63 W, 1980 MHz, 15 %, 39
2026/10/10 15:01:49.089, 3, 78467 MiB, 100 %, 273.70 W, 1980 MHz, 16 %, 33
2026/10/10 15:01:49.089, 4, 78467 MiB, 100 %, 269.89 W, 1980 MHz, 15 %, 34
2026/10/10 15:01:49.089, 5, 78467 MiB, 100 %, 276.94 W, 1980 MHz, 16 %, 37
2026/10/10 15:01:49.089, 6, 78467 MiB, 100 %, 267.24 W, 1980 MHz, 15 %, 35
2026/10/10 15:01:49.089, 7, 78467 MiB, 100 %, 308.35 W, 1980 MHz, 15 %, 70
2026/10/10 15:01:50.089, 0, 78467 MiB, 100 %, 247.74 W, 1980 MHz, 15 %, 34
2026/10/10 15:01:50.089, 1, 78467 MiB, 100 %, 270.91 W, 1980 MHz, 15 %, 59
2026/10/10 15:01:50.090, 2, 78467 MiB, 100 %, 253.61 W, 1980 MHz, 15 %, 38
2026/10/10 15:01:50.090, 3, 78467 MiB, 100 %, 250.81 W, 1980 MHz, 15 %, 33
2026/10/10 15:01:50.090, 4, 78467 MiB, 100 %, 242.05 W, 1980 MHz, 15 %, 33
2026/10/10 15:01:50.090, 5, 78467 MiB, 100 %, 252.21 W, 1980 MHz, 16 %, 37
2026/10/10 15:01:50.090, 6, 78467 MiB, 100 %, 242.50 W, 1980 MHz, 15 %, 35
2026/10/10 15:01:50.090, 7, 78467 MiB, 100 %, 276.81 W, 1980 MHz, 15 %, 70
2026/10/10 15:01:51.090, 0, 78467 MiB, 100 %, 248.04 W, 1980 MHz, 15 %, 34
2026/10/10 15:01:51.090, 1, 78467 MiB, 100 %, 270.91 W, 1980 MHz, 15 %, 59
2026/10/10 15:01:51.090, 2, 78467 MiB, 100 %, 252.19 W, 1980 MHz, 15 %, 38
2026/10/10 15:01:51.090, 3, 78467 MiB, 100 %, 249.26 W, 1980 MHz, 15 %, 33
2026/10/10 15:01:51.090, 4, 78467 MiB, 100 %, 245.09 W, 1980 MHz, 15 %, 33
2026/10/10 15:01:51.090, 5, 78467 MiB, 100 %, 252.13 W, 1980 MHz, 16 %, 37
2026/10/10 15:01:51.090, 6, 78467 MiB, 100 %, 242.30 W, 1980 MHz, 15 %, 35
2026/10/10 15:01:51.090, 7, 78467 MiB, 100 %, 276.54 W, 1980 MHz, 15 %, 70
2026/10/10 15:01:52.091, 0, 78467 MiB, 100 %, 249.99 W, 1980 MHz, 15 %, 34
2026/10/10 15:01:52.091, 1, 78467 MiB, 100 %, 270.75 W, 1980 MHz, 15 %, 58
2026/10/10 15:01:52.091, 2, 78467 MiB, 100 %, 253.92 W, 1980 MHz, 15 %, 38
2026/10/10 15:01:52.091, 3, 78467 MiB, 100 %, 249.39 W, 1980 MHz, 15 %, 33
2026/10/10 15:01:52.091, 4, 78467 MiB, 100 %, 246.45 W, 1980 MHz, 16 %, 33
2026/10/10 15:01:52.091, 5, 78467 MiB, 100 %, 249.29 W, 1980 MHz, 15 %, 37
2026/10/10 15:01:52.091, 6, 78467 MiB, 100 %, 240.96 W, 1980 MHz, 15 %, 35
2026/10/10 15:01:52.091, 7, 78467 MiB, 100 %, 279.59 W, 1980 MHz, 16 %, 70
2026/10/10 15:01:53.091, 0, 78467 MiB, 100 %, 251.07 W, 1980 MHz, 15 %, 34
2026/10/10 15:01:53.092, 1, 78467 MiB, 100 %, 271.92 W, 1980 MHz, 15 %, 59
2026/10/10 15:01:53.092, 2, 78467 MiB, 100 %, 253.43 W, 1980 MHz, 15 %, 38
2026/10/10 15:01:53.092, 3, 78467 MiB, 100 %, 249.59 W, 1980 MHz, 15 %, 33
2026/10/10 15:01:53.092, 4, 78467 MiB, 100 %, 245.01 W, 1980 MHz, 16 %, 33
2026/10/10 15:01:53.092, 5, 78467 MiB, 100 %, 248.94 W, 1980 MHz, 15 %, 37
2026/10/10 15:01:53.092, 6, 78467 MiB, 100 %, 239.08 W, 1980 MHz, 15 %, 34
2026/10/10 15:01:53.092, 7, 78467 MiB, 100 %, 279.71 W, 1980 MHz, 15 %, 70
2026/10/10 15:01:54.092, 0, 78467 MiB, 100 %, 253.46 W, 1980 MHz, 15 %, 34
2026/10/10 15:01:54.092, 1, 78467 MiB, 100 %, 271.64 W, 1980 MHz, 15 %, 59
2026/10/10 15:01:54.092, 2, 78467 MiB, 100 %, 253.14 W, 1980 MHz, 15 %, 38
2026/10/10 15:01:54.092, 3, 78467 MiB, 100 %, 250.39 W, 1980 MHz, 15 %, 33
2026/10/10 15:01:54.092, 4, 78467 MiB, 100 %, 243.86 W, 1980 MHz, 16 %, 33
2026/10/10 15:01:54.092, 5, 78467 MiB, 100 %, 248.68 W, 1980 MHz, 15 %, 37
2026/10/10 15:01:54.093, 6, 78467 MiB, 100 %, 240.01 W, 1980 MHz, 15 %, 34
2026/10/10 15:01:54.093, 7, 78467 MiB, 100 %, 278.52 W, 1980 MHz, 15 %, 70
2026/10/10 15:01:55.093, 0, 78467 MiB, 100 %, 250.82 W, 1980 MHz, 16 %, 34
2026/10/10 15:01:55.093, 1, 78467 MiB, 100 %, 270.41 W, 1980 MHz, 15 %, 59
2026/10/10 15:01:55.093, 2, 78467 MiB, 100 %, 252.37 W, 1980 MHz, 15 %, 38
2026/10/10 15:01:55.093, 3, 78467 MiB, 100 %, 249.78 W, 1980 MHz, 15 %, 33
2026/10/10 15:01:55.094, 4, 78467 MiB, 100 %, 244.21 W, 1980 MHz, 15 %, 33
2026/10/10 15:01:55.094, 5, 78467 MiB, 100 %, 249.48 W, 1980 MHz, 15 %, 37
2026/10/10 15:01:55.094, 6, 78467 MiB, 100 %, 240.01 W, 1980 MHz, 15 %, 34
2026/10/10 15:01:55.094, 7, 78467 MiB, 100 %, 277.91 W, 1980 MHz, 15 %, 70
2026/10/10 15:01:56.094, 0, 78467 MiB, 100 %, 248.63 W, 1980 MHz, 15 %, 34
2026/10/10 15:01:56.094, 1, 78467 MiB, 100 %, 271.19 W, 1980 MHz, 15 %, 58
2026/10/10 15:01:56.094, 2, 78467 MiB, 100 %, 254.74 W, 1980 MHz, 15 %, 38
2026/10/10 15:01:56.094, 3, 78467 MiB, 100 %, 251.43 W, 1980 MHz, 15 %, 33
2026/10/10 15:01:56.094, 4, 78467 MiB, 100 %, 244.01 W, 1980 MHz, 15 %, 33
2026/10/10 15:01:56.094, 5, 78467 MiB, 100 %, 250.10 W, 1980 MHz, 15 %, 37
2026/10/10 15:01:56.094, 6, 78467 MiB, 100 %, 240.31 W, 1980 MHz, 15 %, 34
2026/10/10 15:01:56.094, 7, 78467 MiB, 100 %, 277.82 W, 1980 MHz, 15 %, 70
2026/10/10 15:01:57.095, 0, 78467 MiB, 100 %, 249.60 W, 1980 MHz, 16 %, 34
2026/10/10 15:01:57.095, 1, 78467 MiB, 100 %, 271.47 W, 1980 MHz, 15 %, 58
2026/10/10 15:01:57.095, 2, 78467 MiB, 100 %, 253.35 W, 1980 MHz, 15 %, 38
2026/10/10 15:01:57.095, 3, 78467 MiB, 100 %, 250.57 W, 1980 MHz, 15 %, 33
2026/10/10 15:01:57.095, 4, 78467 MiB, 100 %, 245.29 W, 1980 MHz, 16 %, 33
2026/10/10 15:01:57.095, 5, 78467 MiB, 100 %, 248.99 W, 1980 MHz, 15 %, 37
2026/10/10 15:01:57.095, 6, 78467 MiB, 100 %, 240.65 W, 1980 MHz, 15 %, 34
2026/10/10 15:01:57.095, 7, 78467 MiB, 100 %, 280.11 W, 1980 MHz, 15 %, 70
2026/10/10 15:01:58.095, 0, 78467 MiB, 100 %, 248.52 W, 1980 MHz, 15 %, 34
2026/10/10 15:01:58.095, 1, 78467 MiB, 100 %, 272.59 W, 1980 MHz, 15 %, 59
2026/10/10 15:01:58.095, 2, 78467 MiB, 100 %, 255.24 W, 1980 MHz, 15 %, 38
2026/10/10 15:01:58.095, 3, 78467 MiB, 100 %, 250.00 W, 1980 MHz, 15 %, 33
2026/10/10 15:01:58.095, 4, 78467 MiB, 100 %, 244.47 W, 1980 MHz, 15 %, 33
2026/10/10 15:01:58.095, 5, 78467 MiB, 100 %, 250.77 W, 1980 MHz, 16 %, 37
2026/10/10 15:01:58.096, 6, 78467 MiB, 100 %, 242.89 W, 1980 MHz, 16 %, 34
2026/10/10 15:01:58.096, 7, 78467 MiB, 100 %, 278.16 W, 1980 MHz, 15 %, 70
2026/10/10 15:01:59.096, 0, 78467 MiB, 100 %, 246.53 W, 1980 MHz, 15 %, 34
2026/10/10 15:01:59.096, 1, 78467 MiB, 100 %, 268.45 W, 1980 MHz, 15 %, 58
2026/10/10 15:01:59.096, 2, 78467 MiB, 100 %, 250.84 W, 1980 MHz, 15 %, 38
2026/10/10 15:01:59.096, 3, 78467 MiB, 100 %, 250.72 W, 1980 MHz, 15 %, 33
2026/10/10 15:01:59.096, 4, 78467 MiB, 100 %, 243.50 W, 1980 MHz, 15 %, 33
2026/10/10 15:01:59.096, 5, 78467 MiB, 100 %, 253.18 W, 1980 MHz, 16 %, 37
2026/10/10 15:01:59.096, 6, 78467 MiB, 100 %, 243.09 W, 1980 MHz, 16 %, 34
2026/10/10 15:01:59.096, 7, 78467 MiB, 100 %, 279.01 W, 1980 MHz, 15 %, 70
2026/10/10 15:02:00.096, 0, 78467 MiB, 100 %, 248.00 W, 1980 MHz, 15 %, 34
2026/10/10 15:02:00.097, 1, 78467 MiB, 100 %, 270.30 W, 1980 MHz, 15 %, 58
2026/10/10 15:02:00.097, 2, 78467 MiB, 100 %, 253.87 W, 1980 MHz, 15 %, 38
2026/10/10 15:02:00.097, 3, 78467 MiB, 100 %, 250.50 W, 1980 MHz, 15 %, 33
2026/10/10 15:02:00.097, 4, 78467 MiB, 100 %, 244.85 W, 1980 MHz, 15 %, 33
2026/10/10 15:02:00.097, 5, 78467 MiB, 100 %, 251.71 W, 1980 MHz, 15 %, 37
2026/10/10 15:02:00.097, 6, 78467 MiB, 100 %, 239.71 W, 1980 MHz, 15 %, 34
2026/10/10 15:02:00.097, 7, 78467 MiB, 100 %, 278.61 W, 1980 MHz, 15 %, 70
2026/10/10 15:02:01.097, 0, 78467 MiB, 100 %, 250.00 W, 1980 MHz, 15 %, 34
2026/10/10 15:02:01.097, 1, 78467 MiB, 100 %, 271.45 W, 1980 MHz, 15 %, 58
2026/10/10 15:02:01.097, 2, 78467 MiB, 100 %, 253.70 W, 1980 MHz, 15 %, 38
2026/10/10 15:02:01.097, 3, 78467 MiB, 100 %, 251.44 W, 1980 MHz, 15 %, 33
2026/10/10 15:02:01.097, 4, 78467 MiB, 100 %, 245.34 W, 1980 MHz, 15 %, 33
2026/10/10 15:02:01.097, 5, 78467 MiB, 100 %, 252.32 W, 1980 MHz, 16 %, 37
2026/10/10 15:02:01.097, 6, 78467 MiB, 100 %, 241.14 W, 1980 MHz, 15 %, 34
2026/10/10 15:02:01.097, 7, 78467 MiB, 100 %, 277.84 W, 1980 MHz, 15 %, 70
2026/10/10 15:02:02.098, 0, 78467 MiB, 100 %, 244.45 W, 1980 MHz, 15 %, 34
2026/10/10 15:02:02.098, 1, 78467 MiB, 100 %, 272.20 W, 1980 MHz, 15 %, 58
2026/10/10 15:02:02.098, 2, 78467 MiB, 100 %, 252.73 W, 1980 MHz, 15 %, 38
2026/10/10 15:02:02.098, 3, 78467 MiB, 100 %, 251.05 W, 1980 MHz, 16 %, 33
2026/10/10 15:02:02.098, 4, 78467 MiB, 100 %, 244.35 W, 1980 MHz, 15 %, 33
2026/10/10 15:02:02.098, 5, 78467 MiB, 100 %, 251.15 W, 1980 MHz, 16 %, 37
2026/10/10 15:02:02.098, 6, 78467 MiB, 100 %, 242.48 W, 1980 MHz, 15 %, 34
2026/10/10 15:02:02.098, 7, 78467 MiB, 100 %, 279.10 W, 1980 MHz, 16 %, 70
2026/10/10 15:02:03.098, 0, 78467 MiB, 100 %, 246.52 W, 1980 MHz, 16 %, 34
2026/10/10 15:02:03.098, 1, 78467 MiB, 100 %, 271.04 W, 1980 MHz, 15 %, 59
2026/10/10 15:02:03.098, 2, 78467 MiB, 100 %, 252.39 W, 1980 MHz, 15 %, 38
2026/10/10 15:02:03.098, 3, 78467 MiB, 100 %, 250.92 W, 1980 MHz, 15 %, 33
2026/10/10 15:02:03.099, 4, 78467 MiB, 100 %, 244.58 W, 1980 MHz, 15 %, 33
2026/10/10 15:02:03.099, 5, 78467 MiB, 100 %, 252.47 W, 1980 MHz, 16 %, 37
2026/10/10 15:02:03.099, 6, 78467 MiB, 100 %, 241.87 W, 1980 MHz, 15 %, 34
2026/10/10 15:02:03.099, 7, 78467 MiB, 100 %, 279.44 W, 1980 MHz, 15 %, 70
2026/10/10 15:02:04.099, 0, 78467 MiB, 100 %, 251.61 W, 1980 MHz, 15 %, 34
2026/10/10 15:02:04.099, 1, 78467 MiB, 100 %, 270.89 W, 1980 MHz, 15 %, 59
2026/10/10 15:02:04.099, 2, 78467 MiB, 100 %, 254.24 W, 1980 MHz, 16 %, 38
2026/10/10 15:02:04.099, 3, 78467 MiB, 100 %, 250.63 W, 1980 MHz, 15 %, 33
2026/10/10 15:02:04.099, 4, 78467 MiB, 100 %, 245.11 W, 1980 MHz, 15 %, 33
2026/10/10 15:02:04.099, 5, 78467 MiB, 100 %, 250.71 W, 1980 MHz, 15 %, 37
2026/10/10 15:02:04.099, 6, 78467 MiB, 100 %, 240.08 W, 1980 MHz, 15 %, 34
2026/10/10 15:02:04.099, 7, 78467 MiB, 100 %, 279.57 W, 1980 MHz, 15 %, 70
2026/10/10 15:02:05.099, 0, 78467 MiB, 100 %, 244.05 W, 1980 MHz, 15 %, 34
2026/10/10 15:02:05.100, 1, 78467 MiB, 100 %, 271.31 W, 1980 MHz, 15 %, 59
2026/10/10 15:02:05.100, 2, 78467 MiB, 100 %, 254.00 W, 1980 MHz, 15 %, 38
2026/10/10 15:02:05.100, 3, 78467 MiB, 100 %, 249.67 W, 1980 MHz, 16 %, 33
2026/10/10 15:02:05.100, 4, 78467 MiB, 100 %, 244.54 W, 1980 MHz, 15 %, 33
2026/10/10 15:02:05.100, 5, 78467 MiB, 100 %, 249.99 W, 1980 MHz, 15 %, 37
2026/10/10 15:02:05.100, 6, 78467 MiB, 100 %, 239.70 W, 1980 MHz, 15 %, 34
2026/10/10 15:02:05.100, 7, 78467 MiB, 100 %, 279.82 W, 1980 MHz, 15 %, 70
2026/10/10 15:02:06.100, 0, 78467 MiB, 100 %, 243.15 W, 1980 MHz, 15 %, 34
2026/10/10 15:02:06.100, 1, 78467 MiB, 100 %, 271.59 W, 1980 MHz, 15 %, 59
2026/10/10 15:02:06.100, 2, 78467 MiB, 100 %, 252.17 W, 1980 MHz, 15 %, 38
2026/10/10 15:02:06.100, 3, 78467 MiB, 100 %, 250.57 W, 1980 MHz, 15 %, 33
2026/10/10 15:02:06.100, 4, 78467 MiB, 100 %, 243.97 W, 1980 MHz, 16 %, 33
2026/10/10 15:02:06.100, 5, 78467 MiB, 100 %, 250.74 W, 1980 MHz, 15 %, 37
2026/10/10 15:02:06.100, 6, 78467 MiB, 100 %, 240.60 W, 1980 MHz, 15 %, 34
2026/10/10 15:02:06.100, 7, 78467 MiB, 100 %, 278.30 W, 1980 MHz, 16 %, 70
2026/10/10 15:02:07.101, 0, 78467 MiB, 100 %, 249.84 W, 1980 MHz, 15 %, 37
2026/10/10 15:02:07.101, 1, 78467 MiB, 100 %, 270.80 W, 1980 MHz, 15 %, 59
2026/10/10 15:02:07.101, 2, 78467 MiB, 100 %, 254.16 W, 1980 MHz, 15 %, 38
2026/10/10 15:02:07.101, 3, 78467 MiB, 100 %, 251.50 W, 1980 MHz, 15 %, 33
2026/10/10 15:02:07.101, 4, 78467 MiB, 100 %, 246.60 W, 1980 MHz, 15 %, 33
2026/10/10 15:02:07.101, 5, 78467 MiB, 100 %, 247.42 W, 1980 MHz, 15 %, 37
2026/10/10 15:02:07.101, 6, 78467 MiB, 100 %, 239.41 W, 1980 MHz, 15 %, 34
2026/10/10 15:02:07.101, 7, 78467 MiB, 100 %, 278.30 W, 1980 MHz, 15 %, 70
2026/10/10 15:02:08.101, 0, 78467 MiB, 100 %, 268.04 W, 1980 MHz, 15 %, 34
2026/10/10 15:02:08.101, 1, 78467 MiB, 100 %, 293.27 W, 1980 MHz, 15 %, 59
2026/10/10 15:02:08.101, 2, 78467 MiB, 100 %, 275.00 W, 1980 MHz, 15 %, 39
2026/10/10 15:02:08.101, 3, 78467 MiB, 100 %, 276.77 W, 1980 MHz, 15 %, 33
2026/10/10 15:02:08.101, 4, 78467 MiB, 100 %, 264.95 W, 1980 MHz, 15 %, 33
2026/10/10 15:02:08.101, 5, 78467 MiB, 100 %, 275.87 W, 1980 MHz, 15 %, 37
2026/10/10 15:02:08.102, 6, 78467 MiB, 100 %, 266.70 W, 1980 MHz, 15 %, 35
2026/10/10 15:02:08.102, 7, 78467 MiB, 100 %, 308.02 W, 1980 MHz, 15 %, 70
2026/10/10 15:02:09.102, 0, 78467 MiB, 100 %, 246.97 W, 1980 MHz, 15 %, 34
2026/10/10 15:02:09.102, 1, 78467 MiB, 100 %, 268.65 W, 1980 MHz, 15 %, 58
2026/10/10 15:02:09.102, 2, 78467 MiB, 100 %, 248.91 W, 1980 MHz, 15 %, 38
2026/10/10 15:02:09.102, 3, 78467 MiB, 100 %, 252.76 W, 1980 MHz, 16 %, 33
2026/10/10 15:02:09.102, 4, 78467 MiB, 100 %, 243.30 W, 1980 MHz, 16 %, 33
2026/10/10 15:02:09.102, 5, 78467 MiB, 100 %, 250.72 W, 1980 MHz, 15 %, 37
2026/10/10 15:02:09.102, 6, 78467 MiB, 100 %, 241.81 W, 1980 MHz, 15 %, 34
2026/10/10 15:02:09.102, 7, 78467 MiB, 100 %, 284.18 W, 1980 MHz, 15 %, 70
2026/10/10 15:02:10.102, 0, 78467 MiB, 100 %, 248.00 W, 1980 MHz, 16 %, 34
2026/10/10 15:02:10.102, 1, 78467 MiB, 100 %, 267.10 W, 1980 MHz, 15 %, 58
2026/10/10 15:02:10.102, 2, 78467 MiB, 100 %, 250.38 W, 1980 MHz, 15 %, 38
2026/10/10 15:02:10.103, 3, 78467 MiB, 100 %, 252.60 W, 1980 MHz, 16 %, 33
2026/10/10 15:02:10.103, 4, 78467 MiB, 100 %, 246.55 W, 1980 MHz, 15 %, 33
2026/10/10 15:02:10.103, 5, 78467 MiB, 100 %, 251.01 W, 1980 MHz, 15 %, 37
2026/10/10 15:02:10.103, 6, 78467 MiB, 100 %, 240.74 W, 1980 MHz, 15 %, 34
2026/10/10 15:02:10.103, 7, 78467 MiB, 100 %, 284.26 W, 1980 MHz, 15 %, 70
2026/10/10 15:02:11.103, 0, 78467 MiB, 100 %, 247.38 W, 1980 MHz, 16 %, 34
2026/10/10 15:02:11.103, 1, 78467 MiB, 100 %, 267.30 W, 1980 MHz, 15 %, 58
2026/10/10 15:02:11.103, 2, 78467 MiB, 100 %, 250.07 W, 1980 MHz, 15 %, 38
2026/10/10 15:02:11.103, 3, 78467 MiB, 100 %, 250.09 W, 1980 MHz, 15 %, 33
2026/10/10 15:02:11.103, 4, 78467 MiB, 100 %, 244.85 W, 1980 MHz, 16 %, 33
2026/10/10 15:02:11.103, 5, 78467 MiB, 100 %, 252.44 W, 1980 MHz, 15 %, 37
2026/10/10 15:02:11.103, 6, 78467 MiB, 100 %, 242.37 W, 1980 MHz, 15 %, 34
2026/10/10 15:02:11.103, 7, 78467 MiB, 100 %, 283.92 W, 1980 MHz, 16 %, 70
2026/10/10 15:02:12.104, 0, 78467 MiB, 100 %, 248.08 W, 1980 MHz, 15 %, 34
2026/10/10 15:02:12.104, 1, 78467 MiB, 100 %, 268.25 W, 1980 MHz, 15 %, 58
2026/10/10 15:02:12.104, 2, 78467 MiB, 100 %, 251.96 W, 1980 MHz, 15 %, 38
2026/10/10 15:02:12.104, 3, 78467 MiB, 100 %, 251.36 W, 1980 MHz, 16 %, 33
2026/10/10 15:02:12.104, 4, 78467 MiB, 100 %, 245.10 W, 1980 MHz, 15 %, 33
2026/10/10 15:02:12.104, 5, 78467 MiB, 100 %, 250.61 W, 1980 MHz, 15 %, 37
2026/10/10 15:02:12.104, 6, 78467 MiB, 100 %, 241.45 W, 1980 MHz, 15 %, 34
2026/10/10 15:02:12.104, 7, 78467 MiB, 100 %, 284.45 W, 1980 MHz, 15 %, 70
2026/10/10 15:02:13.104, 0, 78467 MiB, 100 %, 248.75 W, 1980 MHz, 15 %, 34
2026/10/10 15:02:13.104, 1, 78467 MiB, 100 %, 266.61 W, 1980 MHz, 15 %, 58
2026/10/10 15:02:13.104, 2, 78467 MiB, 100 %, 251.91 W, 1980 MHz, 15 %, 38
2026/10/10 15:02:13.104, 3, 78467 MiB, 100 %, 251.41 W, 1980 MHz, 15 %, 33
2026/10/10 15:02:13.104, 4, 78467 MiB, 100 %, 244.96 W, 1980 MHz, 16 %, 33
2026/10/10 15:02:13.104, 5, 78467 MiB, 100 %, 250.38 W, 1980 MHz, 15 %, 37
2026/10/10 15:02:13.105, 6, 78467 MiB, 100 %, 240.77 W, 1980 MHz, 15 %, 34
2026/10/10 15:02:13.105, 7, 78467 MiB, 100 %, 283.24 W, 1980 MHz, 16 %, 70
2026/10/10 15:02:14.105, 0, 78467 MiB, 100 %, 247.75 W, 1980 MHz, 15 %, 34
2026/10/10 15:02:14.105, 1, 78467 MiB, 100 %, 267.65 W, 1980 MHz, 15 %, 58
2026/10/10 15:02:14.105, 2, 78467 MiB, 100 %, 253.73 W, 1980 MHz, 15 %, 38
2026/10/10 15:02:14.105, 3, 78467 MiB, 100 %, 252.32 W, 1980 MHz, 16 %, 33
2026/10/10 15:02:14.105, 4, 78467 MiB, 100 %, 244.29 W, 1980 MHz, 15 %, 33
2026/10/10 15:02:14.105, 5, 78467 MiB, 100 %, 249.33 W, 1980 MHz, 15 %, 37
2026/10/10 15:02:14.105, 6, 78467 MiB, 100 %, 241.81 W, 1980 MHz, 15 %, 34
2026/10/10 15:02:14.105, 7, 78467 MiB, 100 %, 285.22 W, 1980 MHz, 16 %, 70
2026/10/10 15:02:15.105, 0, 78467 MiB, 100 %, 248.41 W, 1980 MHz, 15 %, 34
2026/10/10 15:02:15.105, 1, 78467 MiB, 100 %, 266.91 W, 1980 MHz, 15 %, 58
2026/10/10 15:02:15.105, 2, 78467 MiB, 100 %, 251.60 W, 1980 MHz, 15 %, 38
2026/10/10 15:02:15.106, 3, 78467 MiB, 100 %, 250.36 W, 1980 MHz, 16 %, 33
2026/10/10 15:02:15.106, 4, 78467 MiB, 100 %, 245.48 W, 1980 MHz, 15 %, 33
2026/10/10 15:02:15.106, 5, 78467 MiB, 100 %, 251.05 W, 1980 MHz, 15 %, 37
2026/10/10 15:02:15.106, 6, 78467 MiB, 100 %, 241.38 W, 1980 MHz, 15 %, 34
2026/10/10 15:02:15.106, 7, 78467 MiB, 100 %, 282.85 W, 1980 MHz, 15 %, 70
2026/10/10 15:02:16.106, 0, 78467 MiB, 100 %, 249.15 W, 1980 MHz, 15 %, 34
2026/10/10 15:02:16.106, 1, 78467 MiB, 100 %, 267.55 W, 1980 MHz, 15 %, 58
2026/10/10 15:02:16.106, 2, 78467 MiB, 100 %, 251.99 W, 1980 MHz, 15 %, 38
2026/10/10 15:02:16.106, 3, 78467 MiB, 100 %, 252.09 W, 1980 MHz, 15 %, 33
2026/10/10 15:02:16.106, 4, 78467 MiB, 100 %, 243.34 W, 1980 MHz, 15 %, 33
2026/10/10 15:02:16.106, 5, 78467 MiB, 100 %, 250.43 W, 1980 MHz, 15 %, 37
2026/10/10 15:02:16.106, 6, 78467 MiB, 100 %, 241.06 W, 1980 MHz, 15 %, 34
2026/10/10 15:02:16.106, 7, 78467 MiB, 100 %, 283.14 W, 1980 MHz, 15 %, 70
2026/10/10 15:02:17.106, 0, 78467 MiB, 100 %, 248.27 W, 1980 MHz, 16 %, 34
2026/10/10 15:02:17.107, 1, 78467 MiB, 100 %, 267.62 W, 1980 MHz, 15 %, 58
2026/10/10 15:02:17.107, 2, 78467 MiB, 100 %, 251.30 W, 1980 MHz, 15 %, 38
2026/10/10 15:02:17.107, 3, 78467 MiB, 100 %, 251.34 W, 1980 MHz, 16 %, 33
2026/10/10 15:02:17.107, 4, 78467 MiB, 100 %, 244.71 W, 1980 MHz, 15 %, 33
2026/10/10 15:02:17.107, 5, 78467 MiB, 100 %, 250.61 W, 1980 MHz, 15 %, 37
2026/10/10 15:02:17.107, 6, 78467 MiB, 100 %, 241.15 W, 1980 MHz, 15 %, 34
2026/10/10 15:02:17.107, 7, 78467 MiB, 100 %, 283.30 W, 1980 MHz, 15 %, 70
2026/10/10 15:02:18.107, 0, 78467 MiB, 100 %, 246.96 W, 1980 MHz, 15 %, 34
2026/10/10 15:02:18.107, 1, 78467 MiB, 100 %, 267.26 W, 1980 MHz, 15 %, 58
2026/10/10 15:02:18.107, 2, 78467 MiB, 100 %, 253.27 W, 1980 MHz, 15 %, 38
2026/10/10 15:02:18.107, 3, 78467 MiB, 100 %, 252.40 W, 1980 MHz, 15 %, 33
2026/10/10 15:02:18.107, 4, 78467 MiB, 100 %, 244.89 W, 1980 MHz, 15 %, 33
2026/10/10 15:02:18.107, 5, 78467 MiB, 100 %, 250.84 W, 1980 MHz, 15 %, 37
2026/10/10 15:02:18.107, 6, 78467 MiB, 100 %, 239.72 W, 1980 MHz, 15 %, 34
2026/10/10 15:02:18.108, 7, 78467 MiB, 100 %, 282.21 W, 1980 MHz, 15 %, 70
2026/10/10 15:02:19.108, 0, 78467 MiB, 100 %, 248.31 W, 1980 MHz, 15 %, 34
2026/10/10 15:02:19.108, 1, 78467 MiB, 100 %, 267.95 W, 1980 MHz, 15 %, 58
2026/10/10 15:02:19.108, 2, 78467 MiB, 100 %, 250.63 W, 1980 MHz, 15 %, 38
2026/10/10 15:02:19.108, 3, 78467 MiB, 100 %, 251.41 W, 1980 MHz, 16 %, 33
2026/10/10 15:02:19.108, 4, 78467 MiB, 100 %, 246.76 W, 1980 MHz, 16 %, 33
2026/10/10 15:02:19.108, 5, 78467 MiB, 100 %, 250.01 W, 1980 MHz, 15 %, 37
2026/10/10 15:02:19.108, 6, 78467 MiB, 100 %, 241.52 W, 1980 MHz, 15 %, 34
2026/10/10 15:02:19.108, 7, 78467 MiB, 100 %, 282.70 W, 1980 MHz, 15 %, 70
2026/10/10 15:02:20.108, 0, 78467 MiB, 100 %, 249.16 W, 1980 MHz, 16 %, 34
2026/10/10 15:02:20.108, 1, 78467 MiB, 100 %, 268.13 W, 1980 MHz, 15 %, 58
2026/10/10 15:02:20.108, 2, 78467 MiB, 100 %, 256.44 W, 1980 MHz, 16 %, 38
2026/10/10 15:02:20.108, 3, 78467 MiB, 100 %, 252.59 W, 1980 MHz, 16 %, 33
2026/10/10 15:02:20.109, 4, 78467 MiB, 100 %, 242.54 W, 1980 MHz, 15 %, 33
2026/10/10 15:02:20.109, 5, 78467 MiB, 100 %, 250.04 W, 1980 MHz, 15 %, 37
2026/10/10 15:02:20.109, 6, 78467 MiB, 100 %, 239.88 W, 1980 MHz, 15 %, 34
2026/10/10 15:02:20.109, 7, 78467 MiB, 100 %, 285.58 W, 1980 MHz, 15 %, 70
2026/10/10 15:02:21.109, 0, 78467 MiB, 100 %, 250.10 W, 1980 MHz, 15 %, 34
2026/10/10 15:02:21.109, 1, 78467 MiB, 100 %, 266.73 W, 1980 MHz, 15 %, 58
2026/10/10 15:02:21.109, 2, 78467 MiB, 100 %, 251.11 W, 1980 MHz, 15 %, 38
2026/10/10 15:02:21.109, 3, 78467 MiB, 100 %, 252.64 W, 1980 MHz, 16 %, 33
2026/10/10 15:02:21.109, 4, 78467 MiB, 100 %, 245.24 W, 1980 MHz, 15 %, 33
2026/10/10 15:02:21.109, 5, 78467 MiB, 100 %, 250.57 W, 1980 MHz, 15 %, 37
2026/10/10 15:02:21.109, 6, 78467 MiB, 100 %, 240.46 W, 1980 MHz, 15 %, 34
2026/10/10 15:02:21.109, 7, 78467 MiB, 100 %, 285.68 W, 1980 MHz, 15 %, 70
2026/10/10 15:02:22.109, 0, 78467 MiB, 100 %, 250.46 W, 1980 MHz, 15 %, 34
2026/10/10 15:02:22.110, 1, 78467 MiB, 100 %, 267.81 W, 1980 MHz, 15 %, 58
2026/10/10 15:02:22.110, 2, 78467 MiB, 100 %, 250.28 W, 1980 MHz, 15 %, 38
2026/10/10 15:02:22.110, 3, 78467 MiB, 100 %, 252.85 W, 1980 MHz, 16 %, 33
2026/10/10 15:02:22.110, 4, 78467 MiB, 100 %, 244.68 W, 1980 MHz, 15 %, 33
2026/10/10 15:02:22.110, 5, 78467 MiB, 100 %, 250.21 W, 1980 MHz, 16 %, 37
2026/10/10 15:02:22.110, 6, 78467 MiB, 100 %, 242.46 W, 1980 MHz, 15 %, 34
2026/10/10 15:02:22.110, 7, 78467 MiB, 100 %, 283.12 W, 1980 MHz, 15 %, 70
2026/10/10 15:02:23.110, 0, 78467 MiB, 100 %, 247.44 W, 1980 MHz, 16 %, 34
2026/10/10 15:02:23.110, 1, 78467 MiB, 100 %, 266.89 W, 1980 MHz, 15 %, 58
2026/10/10 15:02:23.110, 2, 78467 MiB, 100 %, 252.03 W, 1980 MHz, 15 %, 38
2026/10/10 15:02:23.110, 3, 78467 MiB, 100 %, 254.17 W, 1980 MHz, 16 %, 33
2026/10/10 15:02:23.110, 4, 78467 MiB, 100 %, 245.29 W, 1980 MHz, 15 %, 33
2026/10/10 15:02:23.110, 5, 78467 MiB, 100 %, 250.94 W, 1980 MHz, 15 %, 37
2026/10/10 15:02:23.110, 6, 78467 MiB, 100 %, 242.16 W, 1980 MHz, 15 %, 34
2026/10/10 15:02:23.110, 7, 78467 MiB, 100 %, 284.66 W, 1980 MHz, 15 %, 70
2026/10/10 15:02:24.111, 0, 78467 MiB, 100 %, 248.64 W, 1980 MHz, 15 %, 34
2026/10/10 15:02:24.111, 1, 78467 MiB, 100 %, 270.03 W, 1980 MHz, 15 %, 58
2026/10/10 15:02:24.111, 2, 78467 MiB, 100 %, 253.19 W, 1980 MHz, 15 %, 38
2026/10/10 15:02:24.111, 3, 78467 MiB, 100 %, 252.30 W, 1980 MHz, 16 %, 33
2026/10/10 15:02:24.111, 4, 78467 MiB, 100 %, 243.54 W, 1980 MHz, 15 %, 33
2026/10/10 15:02:24.111, 5, 78467 MiB, 100 %, 249.02 W, 1980 MHz, 15 %, 37
2026/10/10 15:02:24.111, 6, 78467 MiB, 100 %, 241.20 W, 1980 MHz, 15 %, 34
2026/10/10 15:02:24.111, 7, 78467 MiB, 100 %, 284.77 W, 1980 MHz, 16 %, 70
2026/10/10 15:02:25.111, 0, 78467 MiB, 100 %, 247.82 W, 1980 MHz, 15 %, 34
2026/10/10 15:02:25.111, 1, 78467 MiB, 100 %, 267.62 W, 1980 MHz, 15 %, 58
2026/10/10 15:02:25.112, 2, 78467 MiB, 100 %, 251.37 W, 1980 MHz, 15 %, 38
2026/10/10 15:02:25.112, 3, 78467 MiB, 100 %, 252.32 W, 1980 MHz, 16 %, 33
2026/10/10 15:02:25.112, 4, 78467 MiB, 100 %, 244.24 W, 1980 MHz, 15 %, 33
2026/10/10 15:02:25.112, 5, 78467 MiB, 100 %, 250.15 W, 1980 MHz, 15 %, 37
2026/10/10 15:02:25.112, 6, 78467 MiB, 100 %, 241.51 W, 1980 MHz, 15 %, 34
2026/10/10 15:02:25.112, 7, 78467 MiB, 100 %, 282.56 W, 1980 MHz, 15 %, 70
2026/10/10 15:02:26.112, 0, 78467 MiB, 100 %, 269.96 W, 1980 MHz, 15 %, 34
2026/10/10 15:02:26.112, 1, 78467 MiB, 100 %, 298.24 W, 1980 MHz, 15 %, 59
2026/10/10 15:02:26.112, 2, 78467 MiB, 100 %, 277.26 W, 1980 MHz, 15 %, 39
2026/10/10 15:02:26.112, 3, 78467 MiB, 100 %, 273.62 W, 1980 MHz, 15 %, 33
2026/10/10 15:02:26.112, 4, 78467 MiB, 100 %, 274.65 W, 1980 MHz, 15 %, 33
2026/10/10 15:02:26.112, 5, 78467 MiB, 100 %, 276.41 W, 1980 MHz, 16 %, 37
2026/10/10 15:02:26.112, 6, 78467 MiB, 100 %, 269.50 W, 1980 MHz, 16 %, 35
2026/10/10 15:02:26.113, 7, 78467 MiB, 100 %, 305.19 W, 1980 MHz, 15 %, 70
2026/10/10 15:02:27.113, 0, 78467 MiB, 100 %, 249.74 W, 1980 MHz, 16 %, 34
2026/10/10 15:02:27.113, 1, 78467 MiB, 100 %, 269.86 W, 1980 MHz, 15 %, 58
2026/10/10 15:02:27.113, 2, 78467 MiB, 100 %, 255.18 W, 1980 MHz, 15 %, 39
2026/10/10 15:02:27.113, 3, 78467 MiB, 100 %, 247.81 W, 1980 MHz, 15 %, 33
2026/10/10 15:02:27.113, 4, 78467 MiB, 100 %, 246.15 W, 1980 MHz, 16 %, 33
2026/10/10 15:02:27.113, 5, 78467 MiB, 100 %, 250.67 W, 1980 MHz, 15 %, 37
2026/10/10 15:02:27.113, 6, 78467 MiB, 100 %, 243.89 W, 1980 MHz, 16 %, 35
2026/10/10 15:02:27.113, 7, 78467 MiB, 100 %, 277.35 W, 1980 MHz, 15 %, 70
2026/10/10 15:02:28.113, 0, 78467 MiB, 100 %, 246.76 W, 1980 MHz, 16 %, 34
2026/10/10 15:02:28.113, 1, 78467 MiB, 100 %, 269.03 W, 1980 MHz, 15 %, 58
2026/10/10 15:02:28.113, 2, 78467 MiB, 100 %, 254.54 W, 1980 MHz, 15 %, 39
2026/10/10 15:02:28.114, 3, 78467 MiB, 100 %, 248.79 W, 1980 MHz, 15 %, 33
2026/10/10 15:02:28.114, 4, 78467 MiB, 100 %, 247.31 W, 1980 MHz, 15 %, 33
2026/10/10 15:02:28.114, 5, 78467 MiB, 100 %, 247.74 W, 1980 MHz, 15 %, 37
2026/10/10 15:02:28.114, 6, 78467 MiB, 100 %, 242.84 W, 1980 MHz, 16 %, 34
2026/10/10 15:02:28.114, 7, 78467 MiB, 100 %, 276.61 W, 1980 MHz, 15 %, 70
2026/10/10 15:02:29.114, 0, 78467 MiB, 100 %, 250.17 W, 1980 MHz, 16 %, 34
2026/10/10 15:02:29.114, 1, 78467 MiB, 100 %, 272.48 W, 1980 MHz, 15 %, 58
2026/10/10 15:02:29.114, 2, 78467 MiB, 100 %, 251.97 W, 1980 MHz, 15 %, 38
2026/10/10 15:02:29.114, 3, 78467 MiB, 100 %, 246.91 W, 1980 MHz, 15 %, 33
2026/10/10 15:02:29.114, 4, 78467 MiB, 100 %, 246.35 W, 1980 MHz, 15 %, 33
2026/10/10 15:02:29.114, 5, 78467 MiB, 100 %, 251.86 W, 1980 MHz, 15 %, 37
2026/10/10 15:02:29.114, 6, 78467 MiB, 100 %, 244.64 W, 1980 MHz, 16 %, 34
2026/10/10 15:02:29.114, 7, 78467 MiB, 100 %, 277.92 W, 1980 MHz, 15 %, 70
2026/10/10 15:02:30.114, 0, 78467 MiB, 100 %, 255.00 W, 1980 MHz, 16 %, 34
2026/10/10 15:02:30.115, 1, 78467 MiB, 100 %, 270.84 W, 1980 MHz, 15 %, 58
2026/10/10 15:02:30.115, 2, 78467 MiB, 100 %, 254.80 W, 1980 MHz, 15 %, 38
2026/10/10 15:02:30.115, 3, 78467 MiB, 100 %, 247.29 W, 1980 MHz, 15 %, 33
2026/10/10 15:02:30.115, 4, 78467 MiB, 100 %, 247.06 W, 1980 MHz, 16 %, 33
2026/10/10 15:02:30.115, 5, 78467 MiB, 100 %, 249.40 W, 1980 MHz, 15 %, 37
2026/10/10 15:02:30.115, 6, 78467 MiB, 100 %, 241.78 W, 1980 MHz, 16 %, 34
2026/10/10 15:02:30.115, 7, 78467 MiB, 100 %, 275.99 W, 1980 MHz, 15 %, 70
2026/10/10 15:02:31.115, 0, 78467 MiB, 100 %, 250.65 W, 1980 MHz, 15 %, 34
2026/10/10 15:02:31.115, 1, 78467 MiB, 100 %, 272.58 W, 1980 MHz, 15 %, 59
2026/10/10 15:02:31.115, 2, 78467 MiB, 100 %, 253.40 W, 1980 MHz, 15 %, 38
2026/10/10 15:02:31.115, 3, 78467 MiB, 100 %, 246.54 W, 1980 MHz, 15 %, 33
2026/10/10 15:02:31.115, 4, 78467 MiB, 100 %, 246.75 W, 1980 MHz, 15 %, 33
2026/10/10 15:02:31.115, 5, 78467 MiB, 100 %, 251.06 W, 1980 MHz, 15 %, 37
2026/10/10 15:02:31.116, 6, 78467 MiB, 100 %, 242.67 W, 1980 MHz, 16 %, 34
2026/10/10 15:02:31.116, 7, 78467 MiB, 100 %, 278.02 W, 1980 MHz, 15 %, 70
2026/10/10 15:02:32.116, 0, 78467 MiB, 100 %, 250.96 W, 1980 MHz, 16 %, 34
2026/10/10 15:02:32.116, 1, 78467 MiB, 100 %, 271.97 W, 1980 MHz, 15 %, 58
2026/10/10 15:02:32.116, 2, 78467 MiB, 100 %, 253.18 W, 1980 MHz, 15 %, 38
2026/10/10 15:02:32.116, 3, 78467 MiB, 100 %, 246.96 W, 1980 MHz, 15 %, 33
2026/10/10 15:02:32.116, 4, 78467 MiB, 100 %, 246.71 W, 1980 MHz, 16 %, 33
2026/10/10 15:02:32.116, 5, 78467 MiB, 100 %, 249.16 W, 1980 MHz, 15 %, 37
2026/10/10 15:02:32.116, 6, 78467 MiB, 100 %, 242.49 W, 1980 MHz, 15 %, 34
2026/10/10 15:02:32.116, 7, 78467 MiB, 100 %, 278.12 W, 1980 MHz, 15 %, 70
2026/10/10 15:02:33.116, 0, 78467 MiB, 100 %, 247.39 W, 1980 MHz, 15 %, 34
2026/10/10 15:02:33.116, 1, 78467 MiB, 100 %, 272.28 W, 1980 MHz, 15 %, 58
2026/10/10 15:02:33.116, 2, 78467 MiB, 100 %, 255.56 W, 1980 MHz, 15 %, 38
2026/10/10 15:02:33.117, 3, 78467 MiB, 100 %, 248.79 W, 1980 MHz, 15 %, 33
2026/10/10 15:02:33.117, 4, 78467 MiB, 100 %, 246.15 W, 1980 MHz, 15 %, 33
2026/10/10 15:02:33.117, 5, 78467 MiB, 100 %, 251.51 W, 1980 MHz, 15 %, 37
2026/10/10 15:02:33.117, 6, 78467 MiB, 100 %, 240.62 W, 1980 MHz, 15 %, 34
2026/10/10 15:02:33.117, 7, 78467 MiB, 100 %, 278.74 W, 1980 MHz, 15 %, 70
2026/10/10 15:02:34.117, 0, 78467 MiB, 100 %, 250.87 W, 1980 MHz, 15 %, 34
2026/10/10 15:02:34.117, 1, 78467 MiB, 100 %, 272.64 W, 1980 MHz, 15 %, 58
2026/10/10 15:02:34.117, 2, 78467 MiB, 100 %, 255.10 W, 1980 MHz, 15 %, 38
2026/10/10 15:02:34.117, 3, 78467 MiB, 100 %, 248.89 W, 1980 MHz, 15 %, 33
2026/10/10 15:02:34.117, 4, 78467 MiB, 100 %, 246.22 W, 1980 MHz, 15 %, 33
2026/10/10 15:02:34.117, 5, 78467 MiB, 100 %, 250.10 W, 1980 MHz, 15 %, 37
2026/10/10 15:02:34.117, 6, 78467 MiB, 100 %, 242.96 W, 1980 MHz, 15 %, 34
2026/10/10 15:02:34.117, 7, 78467 MiB, 100 %, 278.51 W, 1980 MHz, 15 %, 70
2026/10/10 15:02:35.117, 0, 78467 MiB, 100 %, 246.87 W, 1980 MHz, 15 %, 34
2026/10/10 15:02:35.118, 1, 78467 MiB, 100 %, 271.13 W, 1980 MHz, 15 %, 58
2026/10/10 15:02:35.118, 2, 78467 MiB, 100 %, 254.73 W, 1980 MHz, 15 %, 38
2026/10/10 15:02:35.118, 3, 78467 MiB, 100 %, 248.29 W, 1980 MHz, 15 %, 33
2026/10/10 15:02:35.118, 4, 78467 MiB, 100 %, 247.01 W, 1980 MHz, 16 %, 33
2026/10/10 15:02:35.118, 5, 78467 MiB, 100 %, 250.83 W, 1980 MHz, 15 %, 37
2026/10/10 15:02:35.118, 6, 78467 MiB, 100 %, 243.08 W, 1980 MHz, 15 %, 34
2026/10/10 15:02:35.118, 7, 78467 MiB, 100 %, 278.55 W, 1980 MHz, 15 %, 70
2026/10/10 15:02:36.118, 0, 78467 MiB, 100 %, 247.18 W, 1980 MHz, 15 %, 34
2026/10/10 15:02:36.118, 1, 78467 MiB, 100 %, 272.64 W, 1980 MHz, 15 %, 58
2026/10/10 15:02:36.118, 2, 78467 MiB, 100 %, 251.29 W, 1980 MHz, 15 %, 38
2026/10/10 15:02:36.118, 3, 78467 MiB, 100 %, 247.11 W, 1980 MHz, 15 %, 32
2026/10/10 15:02:36.118, 4, 78467 MiB, 100 %, 245.00 W, 1980 MHz, 15 %, 33
2026/10/10 15:02:36.118, 5, 78467 MiB, 100 %, 251.58 W, 1980 MHz, 15 %, 37
2026/10/10 15:02:36.118, 6, 78467 MiB, 100 %, 242.35 W, 1980 MHz, 16 %, 34
2026/10/10 15:02:36.118, 7, 78467 MiB, 100 %, 280.04 W, 1980 MHz, 15 %, 70
2026/10/10 15:02:37.119, 0, 78467 MiB, 100 %, 250.20 W, 1980 MHz, 16 %, 34
2026/10/10 15:02:37.119, 1, 78467 MiB, 100 %, 271.47 W, 1980 MHz, 15 %, 58
2026/10/10 15:02:37.119, 2, 78467 MiB, 100 %, 253.02 W, 1980 MHz, 15 %, 38
2026/10/10 15:02:37.119, 3, 78467 MiB, 100 %, 248.27 W, 1980 MHz, 15 %, 32
2026/10/10 15:02:37.119, 4, 78467 MiB, 100 %, 247.17 W, 1980 MHz, 15 %, 33
2026/10/10 15:02:37.119, 5, 78467 MiB, 100 %, 250.84 W, 1980 MHz, 15 %, 37
2026/10/10 15:02:37.119, 6, 78467 MiB, 100 %, 241.36 W, 1980 MHz, 15 %, 34
2026/10/10 15:02:37.119, 7, 78467 MiB, 100 %, 278.01 W, 1980 MHz, 15 %, 70
2026/10/10 15:02:38.119, 0, 78467 MiB, 100 %, 249.73 W, 1980 MHz, 16 %, 34
2026/10/10 15:02:38.119, 1, 78467 MiB, 100 %, 270.81 W, 1980 MHz, 15 %, 58
2026/10/10 15:02:38.119, 2, 78467 MiB, 100 %, 253.53 W, 1980 MHz, 15 %, 38
2026/10/10 15:02:38.119, 3, 78467 MiB, 100 %, 247.25 W, 1980 MHz, 15 %, 32
2026/10/10 15:02:38.119, 4, 78467 MiB, 100 %, 246.13 W, 1980 MHz, 15 %, 33
2026/10/10 15:02:38.120, 5, 78467 MiB, 100 %, 250.86 W, 1980 MHz, 16 %, 37
2026/10/10 15:02:38.120, 6, 78467 MiB, 100 %, 243.18 W, 1980 MHz, 16 %, 34
2026/10/10 15:02:38.120, 7, 78467 MiB, 100 %, 279.98 W, 1980 MHz, 15 %, 70
2026/10/10 15:02:39.120, 0, 78467 MiB, 100 %, 251.06 W, 1980 MHz, 16 %, 34
2026/10/10 15:02:39.120, 1, 78467 MiB, 100 %, 271.89 W, 1980 MHz, 15 %, 58
2026/10/10 15:02:39.120, 2, 78467 MiB, 100 %, 254.30 W, 1980 MHz, 15 %, 38
2026/10/10 15:02:39.120, 3, 78467 MiB, 100 %, 246.12 W, 1980 MHz, 15 %, 32
2026/10/10 15:02:39.120, 4, 78467 MiB, 100 %, 247.68 W, 1980 MHz, 16 %, 33
2026/10/10 15:02:39.120, 5, 78467 MiB, 100 %, 250.23 W, 1980 MHz, 15 %, 37
2026/10/10 15:02:39.120, 6, 78467 MiB, 100 %, 242.00 W, 1980 MHz, 15 %, 34
2026/10/10 15:02:39.120, 7, 78467 MiB, 100 %, 277.53 W, 1980 MHz, 15 %, 70
2026/10/10 15:02:40.120, 0, 78467 MiB, 100 %, 250.15 W, 1980 MHz, 16 %, 34
2026/10/10 15:02:40.121, 1, 78467 MiB, 100 %, 272.10 W, 1980 MHz, 15 %, 58
2026/10/10 15:02:40.121, 2, 78467 MiB, 100 %, 255.09 W, 1980 MHz, 15 %, 38
2026/10/10 15:02:40.121, 3, 78467 MiB, 100 %, 249.10 W, 1980 MHz, 15 %, 32
2026/10/10 15:02:40.121, 4, 78467 MiB, 100 %, 247.62 W, 1980 MHz, 16 %, 33
2026/10/10 15:02:40.121, 5, 78467 MiB, 100 %, 250.00 W, 1980 MHz, 15 %, 37
2026/10/10 15:02:40.121, 6, 78467 MiB, 100 %, 242.07 W, 1980 MHz, 16 %, 34
2026/10/10 15:02:40.121, 7, 78467 MiB, 100 %, 278.05 W, 1980 MHz, 15 %, 70
2026/10/10 15:02:41.121, 0, 78467 MiB, 100 %, 250.17 W, 1980 MHz, 16 %, 34
2026/10/10 15:02:41.121, 1, 78467 MiB, 100 %, 273.06 W, 1980 MHz, 15 %, 58
2026/10/10 15:02:41.121, 2, 78467 MiB, 100 %, 252.66 W, 1980 MHz, 15 %, 38
2026/10/10 15:02:41.121, 3, 78467 MiB, 100 %, 245.56 W, 1980 MHz, 15 %, 32
2026/10/10 15:02:41.121, 4, 78467 MiB, 100 %, 247.26 W, 1980 MHz, 16 %, 33
2026/10/10 15:02:41.121, 5, 78467 MiB, 100 %, 251.79 W, 1980 MHz, 16 %, 37
2026/10/10 15:02:41.121, 6, 78467 MiB, 100 %, 243.09 W, 1980 MHz, 15 %, 34
2026/10/10 15:02:41.121, 7, 78467 MiB, 100 %, 279.04 W, 1980 MHz, 15 %, 70
2026/10/10 15:02:42.122, 0, 78467 MiB, 100 %, 249.73 W, 1980 MHz, 16 %, 34
2026/10/10 15:02:42.122, 1, 78467 MiB, 100 %, 269.95 W, 1980 MHz, 15 %, 58
2026/10/10 15:02:42.122, 2, 78467 MiB, 100 %, 253.64 W, 1980 MHz, 15 %, 38
2026/10/10 15:02:42.122, 3, 78467 MiB, 100 %, 247.30 W, 1980 MHz, 15 %, 32
2026/10/10 15:02:42.122, 4, 78467 MiB, 100 %, 247.39 W, 1980 MHz, 15 %, 33
2026/10/10 15:02:42.122, 5, 78467 MiB, 100 %, 250.67 W, 1980 MHz, 15 %, 37
2026/10/10 15:02:42.122, 6, 78467 MiB, 100 %, 243.19 W, 1980 MHz, 15 %, 34
2026/10/10 15:02:42.122, 7, 78467 MiB, 100 %, 277.84 W, 1980 MHz, 15 %, 70
2026/10/10 15:02:43.122, 0, 78467 MiB, 100 %, 252.23 W, 1980 MHz, 15 %, 34
2026/10/10 15:02:43.122, 1, 78467 MiB, 100 %, 272.47 W, 1980 MHz, 16 %, 58
2026/10/10 15:02:43.122, 2, 78467 MiB, 100 %, 254.42 W, 1980 MHz, 15 %, 38
2026/10/10 15:02:43.122, 3, 78467 MiB, 100 %, 247.78 W, 1980 MHz, 15 %, 32
2026/10/10 15:02:43.122, 4, 78467 MiB, 100 %, 247.13 W, 1980 MHz, 16 %, 33
2026/10/10 15:02:43.123, 5, 78467 MiB, 100 %, 251.97 W, 1980 MHz, 15 %, 37
2026/10/10 15:02:43.123, 6, 78467 MiB, 100 %, 242.40 W, 1980 MHz, 16 %, 34
2026/10/10 15:02:43.123, 7, 78467 MiB, 100 %, 278.15 W, 1980 MHz, 16 %, 70
2026/10/10 15:02:44.123, 0, 78467 MiB, 79 %, 274.33 W, 1980 MHz, 13 %, 36
2026/10/10 15:02:44.123, 1, 78467 MiB, 78 %, 303.80 W, 1980 MHz, 12 %, 60
2026/10/10 15:02:44.123, 2, 78467 MiB, 78 %, 280.17 W, 1980 MHz, 12 %, 40
2026/10/10 15:02:44.123, 3, 78467 MiB, 78 %, 274.70 W, 1980 MHz, 16 %, 33
2026/10/10 15:02:44.123, 4, 78467 MiB, 78 %, 271.18 W, 1980 MHz, 15 %, 38
2026/10/10 15:02:44.123, 5, 78467 MiB, 77 %, 275.53 W, 1980 MHz, 13 %, 42
2026/10/10 15:02:44.123, 6, 78467 MiB, 84 %, 266.93 W, 1980 MHz, 18 %, 37
2026/10/10 15:02:44.123, 7, 78467 MiB, 72 %, 307.14 W, 1980 MHz, 14 %, 75
2026/10/10 15:02:45.123, 0, 78467 MiB, 100 %, 245.78 W, 1980 MHz, 15 %, 34
2026/10/10 15:02:45.124, 1, 78467 MiB, 100 %, 271.66 W, 1980 MHz, 15 %, 59
2026/10/10 15:02:45.124, 2, 78467 MiB, 100 %, 253.08 W, 1980 MHz, 15 %, 39
2026/10/10 15:02:45.124, 3, 78467 MiB, 100 %, 246.57 W, 1980 MHz, 15 %, 33
2026/10/10 15:02:45.124, 4, 78467 MiB, 100 %, 247.98 W, 1980 MHz, 15 %, 33
2026/10/10 15:02:45.124, 5, 78467 MiB, 100 %, 254.47 W, 1980 MHz, 15 %, 37
2026/10/10 15:02:45.124, 6, 78467 MiB, 100 %, 240.73 W, 1980 MHz, 16 %, 34
2026/10/10 15:02:45.124, 7, 78467 MiB, 100 %, 284.02 W, 1980 MHz, 15 %, 70
2026/10/10 15:02:46.124, 0, 78467 MiB, 100 %, 245.77 W, 1980 MHz, 15 %, 34
2026/10/10 15:02:46.124, 1, 78467 MiB, 100 %, 272.01 W, 1980 MHz, 15 %, 59
2026/10/10 15:02:46.124, 2, 78467 MiB, 100 %, 256.17 W, 1980 MHz, 16 %, 38
2026/10/10 15:02:46.124, 3, 78467 MiB, 100 %, 246.97 W, 1980 MHz, 15 %, 32
2026/10/10 15:02:46.124, 4, 78467 MiB, 100 %, 246.91 W, 1980 MHz, 15 %, 33
2026/10/10 15:02:46.124, 5, 78467 MiB, 100 %, 249.51 W, 1980 MHz, 15 %, 37
2026/10/10 15:02:46.124, 6, 78467 MiB, 100 %, 242.14 W, 1980 MHz, 15 %, 34
2026/10/10 15:02:46.125, 7, 78467 MiB, 100 %, 282.76 W, 1980 MHz, 15 %, 70
2026/10/10 15:02:47.125, 0, 78467 MiB, 100 %, 248.45 W, 1980 MHz, 15 %, 34
2026/10/10 15:02:47.125, 1, 78467 MiB, 100 %, 273.86 W, 1980 MHz, 15 %, 59
2026/10/10 15:02:47.125, 2, 78467 MiB, 100 %, 252.78 W, 1980 MHz, 15 %, 38
2026/10/10 15:02:47.125, 3, 78467 MiB, 100 %, 247.95 W, 1980 MHz, 16 %, 32
2026/10/10 15:02:47.125, 4, 78467 MiB, 100 %, 246.52 W, 1980 MHz, 16 %, 33
2026/10/10 15:02:47.125, 5, 78467 MiB, 100 %, 249.01 W, 1980 MHz, 15 %, 37
2026/10/10 15:02:47.125, 6, 78467 MiB, 100 %, 240.35 W, 1980 MHz, 15 %, 34
2026/10/10 15:02:47.125, 7, 78467 MiB, 100 %, 284.70 W, 1980 MHz, 15 %, 70
2026/10/10 15:02:48.125, 0, 78467 MiB, 100 %, 245.49 W, 1980 MHz, 15 %, 34
2026/10/10 15:02:48.126, 1, 78467 MiB, 100 %, 271.92 W, 1980 MHz, 15 %, 59
2026/10/10 15:02:48.126, 2, 78467 MiB, 100 %, 257.52 W, 1980 MHz, 15 %, 38
2026/10/10 15:02:48.126, 3, 78467 MiB, 100 %, 249.23 W, 1980 MHz, 15 %, 32
2026/10/10 15:02:48.126, 4, 78467 MiB, 100 %, 246.95 W, 1980 MHz, 15 %, 33
2026/10/10 15:02:48.126, 5, 78467 MiB, 100 %, 249.52 W, 1980 MHz, 15 %, 37
2026/10/10 15:02:48.126, 6, 78467 MiB, 100 %, 240.78 W, 1980 MHz, 15 %, 34
2026/10/10 15:02:48.126, 7, 78467 MiB, 100 %, 282.44 W, 1980 MHz, 15 %, 70
2026/10/10 15:02:49.126, 0, 78467 MiB, 100 %, 246.10 W, 1980 MHz, 15 %, 34
2026/10/10 15:02:49.126, 1, 78467 MiB, 100 %, 272.19 W, 1980 MHz, 15 %, 59
2026/10/10 15:02:49.126, 2, 78467 MiB, 100 %, 255.03 W, 1980 MHz, 15 %, 38
2026/10/10 15:02:49.126, 3, 78467 MiB, 100 %, 248.43 W, 1980 MHz, 16 %, 32
2026/10/10 15:02:49.126, 4, 78467 MiB, 100 %, 247.55 W, 1980 MHz, 16 %, 33
2026/10/10 15:02:49.126, 5, 78467 MiB, 100 %, 249.13 W, 1980 MHz, 15 %, 37
2026/10/10 15:02:49.127, 6, 78467 MiB, 100 %, 240.27 W, 1980 MHz, 15 %, 34
2026/10/10 15:02:49.127, 7, 78467 MiB, 100 %, 283.55 W, 1980 MHz, 15 %, 70
2026/10/10 15:02:50.127, 0, 78467 MiB, 100 %, 252.45 W, 1980 MHz, 15 %, 34
2026/10/10 15:02:50.127, 1, 78467 MiB, 100 %, 272.56 W, 1980 MHz, 15 %, 59
2026/10/10 15:02:50.127, 2, 78467 MiB, 100 %, 253.68 W, 1980 MHz, 15 %, 38
2026/10/10 15:02:50.127, 3, 78467 MiB, 100 %, 248.38 W, 1980 MHz, 16 %, 32
2026/10/10 15:02:50.127, 4, 78467 MiB, 100 %, 248.25 W, 1980 MHz, 15 %, 33
2026/10/10 15:02:50.127, 5, 78467 MiB, 100 %, 250.40 W, 1980 MHz, 15 %, 37
2026/10/10 15:02:50.127, 6, 78467 MiB, 100 %, 241.99 W, 1980 MHz, 15 %, 34
2026/10/10 15:02:50.127, 7, 78467 MiB, 100 %, 283.44 W, 1980 MHz, 15 %, 70
2026/10/10 15:02:51.127, 0, 78467 MiB, 100 %, 245.70 W, 1980 MHz, 15 %, 34
2026/10/10 15:02:51.127, 1, 78467 MiB, 100 %, 270.78 W, 1980 MHz, 15 %, 59
2026/10/10 15:02:51.128, 2, 78467 MiB, 100 %, 250.45 W, 1980 MHz, 15 %, 38
2026/10/10 15:02:51.128, 3, 78467 MiB, 100 %, 247.67 W, 1980 MHz, 15 %, 32
2026/10/10 15:02:51.128, 4, 78467 MiB, 100 %, 247.07 W, 1980 MHz, 15 %, 33
2026/10/10 15:02:51.128, 5, 78467 MiB, 100 %, 252.14 W, 1980 MHz, 15 %, 37
2026/10/10 15:02:51.128, 6, 78467 MiB, 100 %, 240.38 W, 1980 MHz, 16 %, 34
2026/10/10 15:02:51.128, 7, 78467 MiB, 100 %, 285.15 W, 1980 MHz, 15 %, 70
2026/10/10 15:02:52.128, 0, 78467 MiB, 100 %, 246.68 W, 1980 MHz, 15 %, 34
2026/10/10 15:02:52.128, 1, 78467 MiB, 100 %, 273.22 W, 1980 MHz, 15 %, 59
2026/10/10 15:02:52.128, 2, 78467 MiB, 100 %, 253.51 W, 1980 MHz, 15 %, 38
2026/10/10 15:02:52.128, 3, 78467 MiB, 100 %, 248.36 W, 1980 MHz, 15 %, 32
2026/10/10 15:02:52.128, 4, 78467 MiB, 100 %, 245.47 W, 1980 MHz, 15 %, 33
2026/10/10 15:02:52.128, 5, 78467 MiB, 100 %, 251.77 W, 1980 MHz, 15 %, 37
2026/10/10 15:02:52.128, 6, 78467 MiB, 100 %, 240.37 W, 1980 MHz, 15 %, 34
2026/10/10 15:02:52.128, 7, 78467 MiB, 100 %, 284.24 W, 1980 MHz, 15 %, 70
2026/10/10 15:02:53.129, 0, 78467 MiB, 100 %, 246.52 W, 1980 MHz, 15 %, 34
2026/10/10 15:02:53.129, 1, 78467 MiB, 100 %, 272.62 W, 1980 MHz, 15 %, 58
2026/10/10 15:02:53.129, 2, 78467 MiB, 100 %, 254.72 W, 1980 MHz, 15 %, 38
2026/10/10 15:02:53.129, 3, 78467 MiB, 100 %, 247.08 W, 1980 MHz, 16 %, 32
2026/10/10 15:02:53.129, 4, 78467 MiB, 100 %, 247.92 W, 1980 MHz, 15 %, 33
2026/10/10 15:02:53.129, 5, 78467 MiB, 100 %, 250.88 W, 1980 MHz, 15 %, 37
2026/10/10 15:02:53.129, 6, 78467 MiB, 100 %, 239.37 W, 1980 MHz, 15 %, 34
2026/10/10 15:02:53.129, 7, 78467 MiB, 100 %, 281.98 W, 1980 MHz, 15 %, 70
2026/10/10 15:02:54.129, 0, 78467 MiB, 100 %, 248.31 W, 1980 MHz, 15 %, 34
2026/10/10 15:02:54.129, 1, 78467 MiB, 100 %, 274.21 W, 1980 MHz, 15 %, 59
2026/10/10 15:02:54.130, 2, 78467 MiB, 100 %, 251.96 W, 1980 MHz, 15 %, 38
2026/10/10 15:02:54.130, 3, 78467 MiB, 100 %, 248.08 W, 1980 MHz, 16 %, 32
2026/10/10 15:02:54.130, 4, 78467 MiB, 100 %, 247.84 W, 1980 MHz, 15 %, 33
2026/10/10 15:02:54.130, 5, 78467 MiB, 100 %, 251.99 W, 1980 MHz, 15 %, 37
2026/10/10 15:02:54.130, 6, 78467 MiB, 100 %, 239.81 W, 1980 MHz, 15 %, 34
2026/10/10 15:02:54.130, 7, 78467 MiB, 100 %, 282.39 W, 1980 MHz, 15 %, 70
2026/10/10 15:02:55.130, 0, 78467 MiB, 100 %, 246.89 W, 1980 MHz, 15 %, 34
2026/10/10 15:02:55.130, 1, 78467 MiB, 100 %, 272.69 W, 1980 MHz, 15 %, 58
2026/10/10 15:02:55.130, 2, 78467 MiB, 100 %, 252.91 W, 1980 MHz, 15 %, 38
2026/10/10 15:02:55.130, 3, 78467 MiB, 100 %, 247.76 W, 1980 MHz, 16 %, 32
2026/10/10 15:02:55.130, 4, 78467 MiB, 100 %, 247.33 W, 1980 MHz, 15 %, 33
2026/10/10 15:02:55.130, 5, 78467 MiB, 100 %, 251.43 W, 1980 MHz, 15 %, 37
2026/10/10 15:02:55.130, 6, 78467 MiB, 100 %, 239.80 W, 1980 MHz, 15 %, 34
2026/10/10 15:02:55.130, 7, 78467 MiB, 100 %, 282.24 W, 1980 MHz, 15 %, 70
2026/10/10 15:02:56.131, 0, 78467 MiB, 100 %, 244.94 W, 1980 MHz, 15 %, 34
2026/10/10 15:02:56.131, 1, 78467 MiB, 100 %, 271.69 W, 1980 MHz, 15 %, 58
2026/10/10 15:02:56.131, 2, 78467 MiB, 100 %, 253.79 W, 1980 MHz, 15 %, 38
2026/10/10 15:02:56.131, 3, 78467 MiB, 100 %, 248.57 W, 1980 MHz, 15 %, 32
2026/10/10 15:02:56.131, 4, 78467 MiB, 100 %, 247.57 W, 1980 MHz, 16 %, 33
2026/10/10 15:02:56.131, 5, 78467 MiB, 100 %, 251.01 W, 1980 MHz, 15 %, 37
2026/10/10 15:02:56.131, 6, 78467 MiB, 100 %, 240.21 W, 1980 MHz, 15 %, 34
2026/10/10 15:02:56.131, 7, 78467 MiB, 100 %, 282.68 W, 1980 MHz, 15 %, 70
2026/10/10 15:02:57.131, 0, 78467 MiB, 100 %, 245.36 W, 1980 MHz, 15 %, 34
2026/10/10 15:02:57.131, 1, 78467 MiB, 100 %, 274.85 W, 1980 MHz, 15 %, 58
2026/10/10 15:02:57.131, 2, 78467 MiB, 100 %, 252.41 W, 1980 MHz, 15 %, 38
2026/10/10 15:02:57.131, 3, 78467 MiB, 100 %, 245.38 W, 1980 MHz, 15 %, 32
2026/10/10 15:02:57.132, 4, 78467 MiB, 100 %, 246.63 W, 1980 MHz, 15 %, 33
2026/10/10 15:02:57.132, 5, 78467 MiB, 100 %, 253.81 W, 1980 MHz, 16 %, 37
2026/10/10 15:02:57.132, 6, 78467 MiB, 100 %, 240.33 W, 1980 MHz, 15 %, 34
2026/10/10 15:02:57.132, 7, 78467 MiB, 100 %, 283.29 W, 1980 MHz, 15 %, 70
2026/10/10 15:02:58.132, 0, 78467 MiB, 100 %, 246.61 W, 1980 MHz, 15 %, 34
2026/10/10 15:02:58.132, 1, 78467 MiB, 100 %, 269.82 W, 1980 MHz, 15 %, 58
2026/10/10 15:02:58.132, 2, 78467 MiB, 100 %, 255.66 W, 1980 MHz, 15 %, 38
2026/10/10 15:02:58.132, 3, 78467 MiB, 100 %, 245.48 W, 1980 MHz, 15 %, 32
2026/10/10 15:02:58.132, 4, 78467 MiB, 100 %, 247.28 W, 1980 MHz, 15 %, 33
2026/10/10 15:02:58.132, 5, 78467 MiB, 100 %, 253.52 W, 1980 MHz, 15 %, 37
2026/10/10 15:02:58.132, 6, 78467 MiB, 100 %, 240.17 W, 1980 MHz, 15 %, 34
2026/10/10 15:02:58.132, 7, 78467 MiB, 100 %, 284.87 W, 1980 MHz, 16 %, 70
2026/10/10 15:02:59.132, 0, 78467 MiB, 100 %, 248.22 W, 1980 MHz, 15 %, 34
2026/10/10 15:02:59.132, 1, 78467 MiB, 100 %, 271.40 W, 1980 MHz, 15 %, 58
2026/10/10 15:02:59.133, 2, 78467 MiB, 100 %, 256.44 W, 1980 MHz, 15 %, 38
2026/10/10 15:02:59.133, 3, 78467 MiB, 100 %, 246.21 W, 1980 MHz, 15 %, 32
2026/10/10 15:02:59.133, 4, 78467 MiB, 100 %, 245.86 W, 1980 MHz, 16 %, 33
2026/10/10 15:02:59.133, 5, 78467 MiB, 100 %, 252.24 W, 1980 MHz, 15 %, 37
2026/10/10 15:02:59.133, 6, 78467 MiB, 100 %, 239.91 W, 1980 MHz, 15 %, 34
2026/10/10 15:02:59.133, 7, 78467 MiB, 100 %, 283.45 W, 1980 MHz, 15 %, 70
2026/10/10 15:03:00.133, 0, 78467 MiB, 100 %, 245.66 W, 1980 MHz, 15 %, 34
2026/10/10 15:03:00.133, 1, 78467 MiB, 100 %, 271.33 W, 1980 MHz, 15 %, 58
2026/10/10 15:03:00.133, 2, 78467 MiB, 100 %, 255.04 W, 1980 MHz, 15 %, 38
2026/10/10 15:03:00.133, 3, 78467 MiB, 100 %, 246.16 W, 1980 MHz, 15 %, 32
2026/10/10 15:03:00.133, 4, 78467 MiB, 100 %, 246.71 W, 1980 MHz, 15 %, 33
2026/10/10 15:03:00.133, 5, 78467 MiB, 100 %, 253.00 W, 1980 MHz, 16 %, 37
2026/10/10 15:03:00.133, 6, 78467 MiB, 100 %, 240.16 W, 1980 MHz, 15 %, 34
2026/10/10 15:03:00.133, 7, 78467 MiB, 100 %, 286.49 W, 1980 MHz, 15 %, 70
2026/10/10 15:03:01.133, 0, 78467 MiB, 100 %, 247.59 W, 1980 MHz, 15 %, 34
2026/10/10 15:03:01.134, 1, 78467 MiB, 100 %, 271.89 W, 1980 MHz, 15 %, 58
2026/10/10 15:03:01.134, 2, 78467 MiB, 100 %, 255.41 W, 1980 MHz, 15 %, 38
2026/10/10 15:03:01.134, 3, 78467 MiB, 100 %, 246.37 W, 1980 MHz, 15 %, 32
2026/10/10 15:03:01.134, 4, 78467 MiB, 100 %, 246.42 W, 1980 MHz, 15 %, 33
2026/10/10 15:03:01.134, 5, 78467 MiB, 100 %, 253.51 W, 1980 MHz, 16 %, 37
2026/10/10 15:03:01.134, 6, 78467 MiB, 100 %, 239.36 W, 1980 MHz, 15 %, 34
2026/10/10 15:03:01.134, 7, 78467 MiB, 100 %, 285.88 W, 1980 MHz, 15 %, 70
2026/10/10 15:03:02.134, 0, 78467 MiB, 100 %, 248.20 W, 1980 MHz, 15 %, 34
2026/10/10 15:03:02.134, 1, 78467 MiB, 100 %, 271.73 W, 1980 MHz, 15 %, 58
2026/10/10 15:03:02.134, 2, 78467 MiB, 100 %, 252.30 W, 1980 MHz, 15 %, 38
2026/10/10 15:03:02.134, 3, 78467 MiB, 100 %, 246.77 W, 1980 MHz, 15 %, 32
2026/10/10 15:03:02.134, 4, 78467 MiB, 100 %, 247.07 W, 1980 MHz, 15 %, 33
2026/10/10 15:03:02.134, 5, 78467 MiB, 100 %, 254.06 W, 1980 MHz, 16 %, 37
2026/10/10 15:03:02.134, 6, 78467 MiB, 100 %, 241.10 W, 1980 MHz, 15 %, 34
2026/10/10 15:03:02.134, 7, 78467 MiB, 100 %, 283.25 W, 1980 MHz, 15 %, 70
2026/10/10 15:03:03.135, 0, 78467 MiB, 100 %, 279.24 W, 1980 MHz, 15 %, 34
2026/10/10 15:03:03.135, 1, 78467 MiB, 100 %, 294.39 W, 1980 MHz, 15 %, 58
2026/10/10 15:03:03.135, 2, 78467 MiB, 100 %, 282.74 W, 1980 MHz, 15 %, 39
2026/10/10 15:03:03.135, 3, 78467 MiB, 100 %, 275.88 W, 1980 MHz, 16 %, 33
2026/10/10 15:03:03.135, 4, 78467 MiB, 100 %, 272.68 W, 1980 MHz, 15 %, 33
2026/10/10 15:03:03.135, 5, 78467 MiB, 100 %, 280.36 W, 1980 MHz, 15 %, 37
2026/10/10 15:03:03.135, 6, 78467 MiB, 100 %, 271.29 W, 1980 MHz, 15 %, 35
2026/10/10 15:03:03.135, 7, 78467 MiB, 100 %, 311.79 W, 1980 MHz, 15 %, 70
2026/10/10 15:03:04.135, 0, 78467 MiB, 100 %, 252.13 W, 1980 MHz, 16 %, 34
2026/10/10 15:03:04.135, 1, 78467 MiB, 100 %, 269.26 W, 1980 MHz, 15 %, 58
2026/10/10 15:03:04.135, 2, 78467 MiB, 100 %, 251.88 W, 1980 MHz, 15 %, 38
2026/10/10 15:03:04.136, 3, 78467 MiB, 100 %, 250.14 W, 1980 MHz, 15 %, 33
2026/10/10 15:03:04.136, 4, 78467 MiB, 100 %, 245.66 W, 1980 MHz, 15 %, 33
2026/10/10 15:03:04.136, 5, 78467 MiB, 100 %, 252.64 W, 1980 MHz, 15 %, 37
2026/10/10 15:03:04.136, 6, 78467 MiB, 100 %, 240.99 W, 1980 MHz, 15 %, 34
2026/10/10 15:03:04.136, 7, 78467 MiB, 100 %, 283.67 W, 1980 MHz, 15 %, 70
2026/10/10 15:03:05.136, 0, 78467 MiB, 100 %, 251.44 W, 1980 MHz, 16 %, 34
2026/10/10 15:03:05.136, 1, 78467 MiB, 100 %, 268.28 W, 1980 MHz, 15 %, 58
2026/10/10 15:03:05.136, 2, 78467 MiB, 100 %, 252.80 W, 1980 MHz, 15 %, 38
2026/10/10 15:03:05.136, 3, 78467 MiB, 100 %, 250.40 W, 1980 MHz, 16 %, 33
2026/10/10 15:03:05.136, 4, 78467 MiB, 100 %, 245.41 W, 1980 MHz, 15 %, 33
2026/10/10 15:03:05.136, 5, 78467 MiB, 100 %, 249.59 W, 1980 MHz, 15 %, 37
2026/10/10 15:03:05.136, 6, 78467 MiB, 100 %, 241.07 W, 1980 MHz, 15 %, 34
2026/10/10 15:03:05.136, 7, 78467 MiB, 100 %, 282.47 W, 1980 MHz, 15 %, 70
2026/10/10 15:03:06.137, 0, 78467 MiB, 100 %, 253.08 W, 1980 MHz, 16 %, 34
2026/10/10 15:03:06.137, 1, 78467 MiB, 100 %, 266.99 W, 1980 MHz, 15 %, 58
2026/10/10 15:03:06.137, 2, 78467 MiB, 100 %, 254.08 W, 1980 MHz, 15 %, 38
2026/10/10 15:03:06.137, 3, 78467 MiB, 100 %, 248.09 W, 1980 MHz, 15 %, 33
2026/10/10 15:03:06.137, 4, 78467 MiB, 100 %, 245.02 W, 1980 MHz, 15 %, 33
2026/10/10 15:03:06.137, 5, 78467 MiB, 100 %, 253.99 W, 1980 MHz, 15 %, 37
2026/10/10 15:03:06.137, 6, 78467 MiB, 100 %, 240.18 W, 1980 MHz, 15 %, 34
2026/10/10 15:03:06.137, 7, 78467 MiB, 100 %, 283.64 W, 1980 MHz, 15 %, 70
2026/10/10 15:03:07.137, 0, 78467 MiB, 100 %, 249.06 W, 1980 MHz, 15 %, 34
2026/10/10 15:03:07.137, 1, 78467 MiB, 100 %, 267.85 W, 1980 MHz, 15 %, 58
2026/10/10 15:03:07.138, 2, 78467 MiB, 100 %, 254.10 W, 1980 MHz, 15 %, 38
2026/10/10 15:03:07.138, 3, 78467 MiB, 100 %, 249.43 W, 1980 MHz, 15 %, 33
2026/10/10 15:03:07.138, 4, 78467 MiB, 100 %, 244.68 W, 1980 MHz, 15 %, 33
2026/10/10 15:03:07.138, 5, 78467 MiB, 100 %, 250.63 W, 1980 MHz, 15 %, 37
2026/10/10 15:03:07.138, 6, 78467 MiB, 100 %, 241.74 W, 1980 MHz, 15 %, 34
2026/10/10 15:03:07.138, 7, 78467 MiB, 100 %, 283.31 W, 1980 MHz, 16 %, 70
2026/10/10 15:03:08.138, 0, 78467 MiB, 100 %, 252.46 W, 1980 MHz, 15 %, 34
2026/10/10 15:03:08.138, 1, 78467 MiB, 100 %, 268.25 W, 1980 MHz, 15 %, 58
2026/10/10 15:03:08.138, 2, 78467 MiB, 100 %, 251.95 W, 1980 MHz, 15 %, 38
2026/10/10 15:03:08.138, 3, 78467 MiB, 100 %, 249.14 W, 1980 MHz, 16 %, 33
2026/10/10 15:03:08.138, 4, 78467 MiB, 100 %, 246.73 W, 1980 MHz, 15 %, 33
2026/10/10 15:03:08.138, 5, 78467 MiB, 100 %, 251.09 W, 1980 MHz, 15 %, 37
2026/10/10 15:03:08.138, 6, 78467 MiB, 100 %, 239.77 W, 1980 MHz, 15 %, 34
2026/10/10 15:03:08.138, 7, 78467 MiB, 100 %, 281.55 W, 1980 MHz, 15 %, 70
2026/10/10 15:03:09.139, 0, 78467 MiB, 100 %, 253.24 W, 1980 MHz, 15 %, 34
2026/10/10 15:03:09.139, 1, 78467 MiB, 100 %, 268.57 W, 1980 MHz, 15 %, 58
2026/10/10 15:03:09.139, 2, 78467 MiB, 100 %, 255.01 W, 1980 MHz, 16 %, 38
2026/10/10 15:03:09.139, 3, 78467 MiB, 100 %, 249.08 W, 1980 MHz, 15 %, 33
2026/10/10 15:03:09.139, 4, 78467 MiB, 100 %, 246.77 W, 1980 MHz, 15 %, 33
2026/10/10 15:03:09.139, 5, 78467 MiB, 100 %, 249.19 W, 1980 MHz, 15 %, 37
2026/10/10 15:03:09.139, 6, 78467 MiB, 100 %, 240.74 W, 1980 MHz, 15 %, 34
2026/10/10 15:03:09.139, 7, 78467 MiB, 100 %, 282.54 W, 1980 MHz, 15 %, 70
2026/10/10 15:03:10.139, 0, 78467 MiB, 100 %, 253.40 W, 1980 MHz, 15 %, 34
2026/10/10 15:03:10.139, 1, 78467 MiB, 100 %, 268.13 W, 1980 MHz, 15 %, 58
2026/10/10 15:03:10.140, 2, 78467 MiB, 100 %, 255.34 W, 1980 MHz, 16 %, 38
2026/10/10 15:03:10.140, 3, 78467 MiB, 100 %, 250.68 W, 1980 MHz, 15 %, 33
2026/10/10 15:03:10.140, 4, 78467 MiB, 100 %, 244.56 W, 1980 MHz, 15 %, 33
2026/10/10 15:03:10.140, 5, 78467 MiB, 100 %, 251.19 W, 1980 MHz, 15 %, 37
2026/10/10 15:03:10.140, 6, 78467 MiB, 100 %, 240.35 W, 1980 MHz, 15 %, 34
2026/10/10 15:03:10.140, 7, 78467 MiB, 100 %, 282.35 W, 1980 MHz, 15 %, 70
2026/10/10 15:03:11.140, 0, 78467 MiB, 100 %, 249.56 W, 1980 MHz, 15 %, 34
2026/10/10 15:03:11.140, 1, 78467 MiB, 100 %, 270.23 W, 1980 MHz, 15 %, 58
2026/10/10 15:03:11.140, 2, 78467 MiB, 100 %, 255.04 W, 1980 MHz, 16 %, 38
2026/10/10 15:03:11.140, 3, 78467 MiB, 100 %, 250.71 W, 1980 MHz, 16 %, 33
2026/10/10 15:03:11.140, 4, 78467 MiB, 100 %, 245.98 W, 1980 MHz, 15 %, 33
2026/10/10 15:03:11.140, 5, 78467 MiB, 100 %, 251.59 W, 1980 MHz, 15 %, 37
2026/10/10 15:03:11.140, 6, 78467 MiB, 100 %, 240.78 W, 1980 MHz, 15 %, 34
2026/10/10 15:03:11.140, 7, 78467 MiB, 100 %, 283.13 W, 1980 MHz, 15 %, 70
2026/10/10 15:03:12.141, 0, 78467 MiB, 100 %, 251.84 W, 1980 MHz, 15 %, 34
2026/10/10 15:03:12.141, 1, 78467 MiB, 100 %, 267.78 W, 1980 MHz, 15 %, 58
2026/10/10 15:03:12.141, 2, 78467 MiB, 100 %, 251.69 W, 1980 MHz, 15 %, 38
2026/10/10 15:03:12.141, 3, 78467 MiB, 100 %, 249.86 W, 1980 MHz, 16 %, 33
2026/10/10 15:03:12.141, 4, 78467 MiB, 100 %, 244.45 W, 1980 MHz, 16 %, 33
2026/10/10 15:03:12.141, 5, 78467 MiB, 100 %, 251.29 W, 1980 MHz, 15 %, 37
2026/10/10 15:03:12.141, 6, 78467 MiB, 100 %, 240.89 W, 1980 MHz, 15 %, 34
2026/10/10 15:03:12.141, 7, 78467 MiB, 100 %, 282.49 W, 1980 MHz, 15 %, 70
2026/10/10 15:03:13.141, 0, 78467 MiB, 100 %, 249.61 W, 1980 MHz, 16 %, 34
2026/10/10 15:03:13.141, 1, 78467 MiB, 100 %, 269.83 W, 1980 MHz, 15 %, 58
2026/10/10 15:03:13.141, 2, 78467 MiB, 100 %, 254.62 W, 1980 MHz, 16 %, 38
2026/10/10 15:03:13.141, 3, 78467 MiB, 100 %, 251.22 W, 1980 MHz, 16 %, 33
2026/10/10 15:03:13.142, 4, 78467 MiB, 100 %, 245.98 W, 1980 MHz, 15 %, 33
2026/10/10 15:03:13.142, 5, 78467 MiB, 100 %, 251.04 W, 1980 MHz, 15 %, 37
2026/10/10 15:03:13.142, 6, 78467 MiB, 100 %, 240.21 W, 1980 MHz, 15 %, 34
2026/10/10 15:03:13.142, 7, 78467 MiB, 100 %, 282.04 W, 1980 MHz, 15 %, 70
2026/10/10 15:03:14.142, 0, 78467 MiB, 100 %, 251.68 W, 1980 MHz, 16 %, 34
2026/10/10 15:03:14.142, 1, 78467 MiB, 100 %, 267.82 W, 1980 MHz, 15 %, 58
2026/10/10 15:03:14.142, 2, 78467 MiB, 100 %, 253.60 W, 1980 MHz, 15 %, 38
2026/10/10 15:03:14.142, 3, 78467 MiB, 100 %, 250.83 W, 1980 MHz, 16 %, 33
2026/10/10 15:03:14.142, 4, 78467 MiB, 100 %, 244.90 W, 1980 MHz, 15 %, 33
2026/10/10 15:03:14.142, 5, 78467 MiB, 100 %, 251.06 W, 1980 MHz, 15 %, 37
2026/10/10 15:03:14.142, 6, 78467 MiB, 100 %, 240.04 W, 1980 MHz, 15 %, 34
2026/10/10 15:03:14.142, 7, 78467 MiB, 100 %, 281.32 W, 1980 MHz, 15 %, 70
2026/10/10 15:03:15.143, 0, 78467 MiB, 100 %, 252.44 W, 1980 MHz, 16 %, 34
2026/10/10 15:03:15.143, 1, 78467 MiB, 100 %, 268.95 W, 1980 MHz, 15 %, 58
2026/10/10 15:03:15.143, 2, 78467 MiB, 100 %, 252.75 W, 1980 MHz, 16 %, 38
2026/10/10 15:03:15.143, 3, 78467 MiB, 100 %, 251.35 W, 1980 MHz, 15 %, 33
2026/10/10 15:03:15.143, 4, 78467 MiB, 100 %, 245.20 W, 1980 MHz, 15 %, 33
2026/10/10 15:03:15.143, 5, 78467 MiB, 100 %, 250.35 W, 1980 MHz, 15 %, 37
2026/10/10 15:03:15.143, 6, 78467 MiB, 100 %, 240.87 W, 1980 MHz, 15 %, 34
2026/10/10 15:03:15.143, 7, 78467 MiB, 100 %, 283.36 W, 1980 MHz, 15 %, 70
2026/10/10 15:03:16.143, 0, 78467 MiB, 100 %, 250.78 W, 1980 MHz, 16 %, 34
2026/10/10 15:03:16.143, 1, 78467 MiB, 100 %, 267.75 W, 1980 MHz, 15 %, 58
2026/10/10 15:03:16.143, 2, 78467 MiB, 100 %, 253.16 W, 1980 MHz, 15 %, 38
2026/10/10 15:03:16.143, 3, 78467 MiB, 100 %, 250.77 W, 1980 MHz, 15 %, 33
2026/10/10 15:03:16.143, 4, 78467 MiB, 100 %, 246.24 W, 1980 MHz, 16 %, 33
2026/10/10 15:03:16.143, 5, 78467 MiB, 100 %, 249.95 W, 1980 MHz, 15 %, 37
2026/10/10 15:03:16.144, 6, 78467 MiB, 100 %, 240.47 W, 1980 MHz, 15 %, 34
2026/10/10 15:03:16.144, 7, 78467 MiB, 100 %, 281.31 W, 1980 MHz, 15 %, 70
2026/10/10 15:03:17.144, 0, 78467 MiB, 100 %, 247.62 W, 1980 MHz, 15 %, 34
2026/10/10 15:03:17.144, 1, 78467 MiB, 100 %, 267.49 W, 1980 MHz, 15 %, 58
2026/10/10 15:03:17.144, 2, 78467 MiB, 100 %, 254.14 W, 1980 MHz, 15 %, 38
2026/10/10 15:03:17.144, 3, 78467 MiB, 100 %, 249.82 W, 1980 MHz, 16 %, 33
2026/10/10 15:03:17.144, 4, 78467 MiB, 100 %, 245.57 W, 1980 MHz, 15 %, 33
2026/10/10 15:03:17.144, 5, 78467 MiB, 100 %, 252.09 W, 1980 MHz, 15 %, 37
2026/10/10 15:03:17.144, 6, 78467 MiB, 100 %, 240.48 W, 1980 MHz, 15 %, 34
2026/10/10 15:03:17.144, 7, 78467 MiB, 100 %, 284.45 W, 1980 MHz, 15 %, 70
2026/10/10 15:03:18.144, 0, 78467 MiB, 100 %, 253.27 W, 1980 MHz, 15 %, 34
2026/10/10 15:03:18.145, 1, 78467 MiB, 100 %, 269.22 W, 1980 MHz, 15 %, 58
2026/10/10 15:03:18.145, 2, 78467 MiB, 100 %, 253.87 W, 1980 MHz, 15 %, 38
2026/10/10 15:03:18.145, 3, 78467 MiB, 100 %, 248.77 W, 1980 MHz, 15 %, 32
2026/10/10 15:03:18.145, 4, 78467 MiB, 100 %, 244.77 W, 1980 MHz, 16 %, 33
2026/10/10 15:03:18.145, 5, 78467 MiB, 100 %, 252.24 W, 1980 MHz, 15 %, 37
2026/10/10 15:03:18.145, 6, 78467 MiB, 100 %, 240.79 W, 1980 MHz, 15 %, 34
2026/10/10 15:03:18.145, 7, 78467 MiB, 100 %, 282.88 W, 1980 MHz, 15 %, 70
2026/10/10 15:03:19.145, 0, 78467 MiB, 100 %, 252.20 W, 1980 MHz, 15 %, 34
2026/10/10 15:03:19.145, 1, 78467 MiB, 100 %, 267.37 W, 1980 MHz, 15 %, 58
2026/10/10 15:03:19.145, 2, 78467 MiB, 100 %, 252.91 W, 1980 MHz, 15 %, 38
2026/10/10 15:03:19.145, 3, 78467 MiB, 100 %, 248.80 W, 1980 MHz, 15 %, 33
2026/10/10 15:03:19.145, 4, 78467 MiB, 100 %, 246.30 W, 1980 MHz, 15 %, 33
2026/10/10 15:03:19.145, 5, 78467 MiB, 100 %, 250.67 W, 1980 MHz, 15 %, 37
2026/10/10 15:03:19.146, 6, 78467 MiB, 100 %, 240.68 W, 1980 MHz, 15 %, 34
2026/10/10 15:03:19.146, 7, 78467 MiB, 100 %, 283.49 W, 1980 MHz, 16 %, 70
2026/10/10 15:03:20.146, 0, 78467 MiB, 100 %, 254.38 W, 1980 MHz, 15 %, 34
2026/10/10 15:03:20.146, 1, 78467 MiB, 100 %, 269.14 W, 1980 MHz, 15 %, 58
2026/10/10 15:03:20.146, 2, 78467 MiB, 100 %, 253.14 W, 1980 MHz, 15 %, 38
2026/10/10 15:03:20.146, 3, 78467 MiB, 100 %, 249.38 W, 1980 MHz, 15 %, 33
2026/10/10 15:03:20.146, 4, 78467 MiB, 100 %, 245.23 W, 1980 MHz, 16 %, 33
2026/10/10 15:03:20.146, 5, 78467 MiB, 100 %, 251.00 W, 1980 MHz, 15 %, 37
2026/10/10 15:03:20.146, 6, 78467 MiB, 100 %, 239.68 W, 1980 MHz, 15 %, 34
2026/10/10 15:03:20.146, 7, 78467 MiB, 100 %, 283.21 W, 1980 MHz, 15 %, 70
2026/10/10 15:03:21.146, 0, 78467 MiB, 100 %, 274.36 W, 1980 MHz, 17 %, 35
2026/10/10 15:03:21.147, 1, 78467 MiB, 100 %, 297.88 W, 1980 MHz, 17 %, 59
2026/10/10 15:03:21.147, 2, 78467 MiB, 100 %, 281.02 W, 1980 MHz, 16 %, 39
2026/10/10 15:03:21.147, 3, 78467 MiB, 100 %, 275.23 W, 1980 MHz, 15 %, 33
2026/10/10 15:03:21.147, 4, 78467 MiB, 100 %, 270.20 W, 1980 MHz, 15 %, 34
2026/10/10 15:03:21.147, 5, 78467 MiB, 100 %, 275.84 W, 1980 MHz, 17 %, 37
2026/10/10 15:03:21.147, 6, 78467 MiB, 100 %, 267.97 W, 1980 MHz, 16 %, 35
2026/10/10 15:03:21.147, 7, 78467 MiB, 100 %, 307.83 W, 1980 MHz, 15 %, 71
2026/10/10 15:03:22.147, 0, 78467 MiB, 100 %, 256.41 W, 1980 MHz, 15 %, 34
2026/10/10 15:03:22.147, 1, 78467 MiB, 100 %, 268.90 W, 1980 MHz, 15 %, 58
2026/10/10 15:03:22.147, 2, 78467 MiB, 100 %, 251.21 W, 1980 MHz, 15 %, 38
2026/10/10 15:03:22.147, 3, 78467 MiB, 100 %, 247.44 W, 1980 MHz, 15 %, 33
2026/10/10 15:03:22.147, 4, 78467 MiB, 100 %, 246.57 W, 1980 MHz, 15 %, 33
2026/10/10 15:03:22.147, 5, 78467 MiB, 100 %, 249.72 W, 1980 MHz, 15 %, 37
2026/10/10 15:03:22.147, 6, 78467 MiB, 100 %, 244.65 W, 1980 MHz, 16 %, 34
2026/10/10 15:03:22.148, 7, 78467 MiB, 100 %, 278.11 W, 1980 MHz, 15 %, 70
2026/10/10 15:03:23.148, 0, 78467 MiB, 100 %, 259.57 W, 1980 MHz, 15 %, 34
2026/10/10 15:03:23.148, 1, 78467 MiB, 100 %, 267.38 W, 1980 MHz, 15 %, 58
2026/10/10 15:03:23.148, 2, 78467 MiB, 100 %, 253.48 W, 1980 MHz, 15 %, 38
2026/10/10 15:03:23.148, 3, 78467 MiB, 100 %, 250.69 W, 1980 MHz, 15 %, 33
2026/10/10 15:03:23.148, 4, 78467 MiB, 100 %, 246.60 W, 1980 MHz, 16 %, 33
2026/10/10 15:03:23.148, 5, 78467 MiB, 100 %, 249.01 W, 1980 MHz, 15 %, 37
2026/10/10 15:03:23.148, 6, 78467 MiB, 100 %, 243.97 W, 1980 MHz, 15 %, 34
2026/10/10 15:03:23.148, 7, 78467 MiB, 100 %, 277.90 W, 1980 MHz, 15 %, 70
2026/10/10 15:03:24.148, 0, 78467 MiB, 100 %, 249.23 W, 1980 MHz, 16 %, 34
2026/10/10 15:03:24.148, 1, 78467 MiB, 100 %, 267.54 W, 1980 MHz, 16 %, 58
2026/10/10 15:03:24.149, 2, 78467 MiB, 100 %, 254.58 W, 1980 MHz, 15 %, 38
2026/10/10 15:03:24.149, 3, 78467 MiB, 100 %, 249.15 W, 1980 MHz, 15 %, 33
2026/10/10 15:03:24.149, 4, 78467 MiB, 100 %, 247.33 W, 1980 MHz, 16 %, 33
2026/10/10 15:03:24.149, 5, 78467 MiB, 100 %, 249.24 W, 1980 MHz, 16 %, 37
2026/10/10 15:03:24.149, 6, 78467 MiB, 100 %, 243.71 W, 1980 MHz, 16 %, 34
2026/10/10 15:03:24.149, 7, 78467 MiB, 100 %, 278.82 W, 1980 MHz, 15 %, 70
2026/10/10 15:03:25.149, 0, 78467 MiB, 100 %, 251.74 W, 1980 MHz, 15 %, 34
2026/10/10 15:03:25.149, 1, 78467 MiB, 100 %, 267.42 W, 1980 MHz, 15 %, 58
2026/10/10 15:03:25.149, 2, 78467 MiB, 100 %, 250.25 W, 1980 MHz, 15 %, 38
2026/10/10 15:03:25.149, 3, 78467 MiB, 100 %, 248.52 W, 1980 MHz, 15 %, 32
2026/10/10 15:03:25.149, 4, 78467 MiB, 100 %, 246.03 W, 1980 MHz, 15 %, 33
2026/10/10 15:03:25.149, 5, 78467 MiB, 100 %, 249.39 W, 1980 MHz, 15 %, 37
2026/10/10 15:03:25.149, 6, 78467 MiB, 100 %, 242.90 W, 1980 MHz, 15 %, 34
2026/10/10 15:03:25.149, 7, 78467 MiB, 100 %, 279.74 W, 1980 MHz, 15 %, 70
2026/10/10 15:03:26.150, 0, 78467 MiB, 100 %, 250.65 W, 1980 MHz, 15 %, 34
2026/10/10 15:03:26.150, 1, 78467 MiB, 100 %, 270.02 W, 1980 MHz, 15 %, 58
2026/10/10 15:03:26.150, 2, 78467 MiB, 100 %, 252.59 W, 1980 MHz, 15 %, 38
2026/10/10 15:03:26.150, 3, 78467 MiB, 100 %, 248.16 W, 1980 MHz, 15 %, 32
2026/10/10 15:03:26.150, 4, 78467 MiB, 100 %, 247.89 W, 1980 MHz, 16 %, 33
2026/10/10 15:03:26.150, 5, 78467 MiB, 100 %, 251.47 W, 1980 MHz, 16 %, 37
2026/10/10 15:03:26.150, 6, 78467 MiB, 100 %, 243.50 W, 1980 MHz, 15 %, 34
2026/10/10 15:03:26.150, 7, 78467 MiB, 100 %, 280.80 W, 1980 MHz, 15 %, 70
2026/10/10 15:03:27.150, 0, 78467 MiB, 100 %, 252.08 W, 1980 MHz, 16 %, 34
2026/10/10 15:03:27.150, 1, 78467 MiB, 100 %, 269.13 W, 1980 MHz, 15 %, 58
2026/10/10 15:03:27.151, 2, 78467 MiB, 100 %, 251.42 W, 1980 MHz, 15 %, 38
2026/10/10 15:03:27.151, 3, 78467 MiB, 100 %, 247.38 W, 1980 MHz, 15 %, 32
2026/10/10 15:03:27.151, 4, 78467 MiB, 100 %, 248.42 W, 1980 MHz, 16 %, 33
2026/10/10 15:03:27.151, 5, 78467 MiB, 100 %, 250.19 W, 1980 MHz, 15 %, 37
2026/10/10 15:03:27.151, 6, 78467 MiB, 100 %, 243.02 W, 1980 MHz, 15 %, 34
2026/10/10 15:03:27.151, 7, 78467 MiB, 100 %, 281.25 W, 1980 MHz, 15 %, 70
2026/10/10 15:03:28.151, 0, 78467 MiB, 100 %, 252.02 W, 1980 MHz, 15 %, 34
2026/10/10 15:03:28.151, 1, 78467 MiB, 100 %, 267.61 W, 1980 MHz, 15 %, 58
2026/10/10 15:03:28.151, 2, 78467 MiB, 100 %, 252.42 W, 1980 MHz, 15 %, 38
2026/10/10 15:03:28.151, 3, 78467 MiB, 100 %, 246.24 W, 1980 MHz, 15 %, 32
2026/10/10 15:03:28.151, 4, 78467 MiB, 100 %, 245.41 W, 1980 MHz, 16 %, 33
2026/10/10 15:03:28.151, 5, 78467 MiB, 100 %, 251.37 W, 1980 MHz, 16 %, 37
2026/10/10 15:03:28.151, 6, 78467 MiB, 100 %, 243.68 W, 1980 MHz, 15 %, 34
2026/10/10 15:03:28.151, 7, 78467 MiB, 100 %, 282.72 W, 1980 MHz, 15 %, 70
2026/10/10 15:03:29.152, 0, 78467 MiB, 100 %, 250.74 W, 1980 MHz, 15 %, 34
2026/10/10 15:03:29.152, 1, 78467 MiB, 100 %, 268.14 W, 1980 MHz, 15 %, 58
2026/10/10 15:03:29.152, 2, 78467 MiB, 100 %, 251.76 W, 1980 MHz, 15 %, 38
2026/10/10 15:03:29.152, 3, 78467 MiB, 100 %, 247.73 W, 1980 MHz, 15 %, 32
2026/10/10 15:03:29.152, 4, 78467 MiB, 100 %, 246.80 W, 1980 MHz, 15 %, 33
2026/10/10 15:03:29.152, 5, 78467 MiB, 100 %, 251.05 W, 1980 MHz, 15 %, 37
2026/10/10 15:03:29.152, 6, 78467 MiB, 100 %, 242.29 W, 1980 MHz, 16 %, 34
2026/10/10 15:03:29.152, 7, 78467 MiB, 100 %, 282.58 W, 1980 MHz, 15 %, 70
2026/10/10 15:03:30.152, 0, 78467 MiB, 100 %, 251.53 W, 1980 MHz, 15 %, 34
2026/10/10 15:03:30.152, 1, 78467 MiB, 100 %, 268.52 W, 1980 MHz, 15 %, 58
2026/10/10 15:03:30.152, 2, 78467 MiB, 100 %, 251.59 W, 1980 MHz, 15 %, 38
2026/10/10 15:03:30.152, 3, 78467 MiB, 100 %, 247.58 W, 1980 MHz, 15 %, 32
2026/10/10 15:03:30.152, 4, 78467 MiB, 100 %, 247.22 W, 1980 MHz, 15 %, 33
2026/10/10 15:03:30.153, 5, 78467 MiB, 100 %, 250.30 W, 1980 MHz, 15 %, 37
2026/10/10 15:03:30.153, 6, 78467 MiB, 100 %, 242.72 W, 1980 MHz, 16 %, 34
2026/10/10 15:03:30.153, 7, 78467 MiB, 100 %, 282.64 W, 1980 MHz, 16 %, 70
2026/10/10 15:03:31.153, 0, 78467 MiB, 100 %, 256.04 W, 1980 MHz, 15 %, 34
2026/10/10 15:03:31.153, 1, 78467 MiB, 100 %, 267.54 W, 1980 MHz, 15 %, 58
2026/10/10 15:03:31.153, 2, 78467 MiB, 100 %, 250.18 W, 1980 MHz, 15 %, 38
2026/10/10 15:03:31.153, 3, 78467 MiB, 100 %, 246.47 W, 1980 MHz, 15 %, 32
2026/10/10 15:03:31.154, 4, 78467 MiB, 100 %, 245.53 W, 1980 MHz, 15 %, 33
2026/10/10 15:03:31.154, 5, 78467 MiB, 100 %, 251.04 W, 1980 MHz, 16 %, 37
2026/10/10 15:03:31.154, 6, 78467 MiB, 100 %, 243.26 W, 1980 MHz, 15 %, 34
2026/10/10 15:03:31.154, 7, 78467 MiB, 100 %, 281.40 W, 1980 MHz, 15 %, 70
2026/10/10 15:03:32.154, 0, 78467 MiB, 100 %, 251.44 W, 1980 MHz, 15 %, 34
2026/10/10 15:03:32.154, 1, 78467 MiB, 100 %, 266.57 W, 1980 MHz, 15 %, 58
2026/10/10 15:03:32.154, 2, 78467 MiB, 100 %, 251.89 W, 1980 MHz, 15 %, 38
2026/10/10 15:03:32.154, 3, 78467 MiB, 100 %, 245.92 W, 1980 MHz, 15 %, 32
2026/10/10 15:03:32.154, 4, 78467 MiB, 100 %, 246.30 W, 1980 MHz, 16 %, 33
2026/10/10 15:03:32.154, 5, 78467 MiB, 100 %, 250.89 W, 1980 MHz, 15 %, 37
2026/10/10 15:03:32.154, 6, 78467 MiB, 100 %, 243.02 W, 1980 MHz, 16 %, 34
2026/10/10 15:03:32.154, 7, 78467 MiB, 100 %, 281.41 W, 1980 MHz, 15 %, 70
2026/10/10 15:03:33.155, 0, 78467 MiB, 100 %, 256.48 W, 1980 MHz, 15 %, 34
2026/10/10 15:03:33.155, 1, 78467 MiB, 100 %, 268.39 W, 1980 MHz, 15 %, 58
2026/10/10 15:03:33.155, 2, 78467 MiB, 100 %, 249.98 W, 1980 MHz, 15 %, 38
2026/10/10 15:03:33.155, 3, 78467 MiB, 100 %, 246.69 W, 1980 MHz, 15 %, 32
2026/10/10 15:03:33.155, 4, 78467 MiB, 100 %, 246.29 W, 1980 MHz, 16 %, 33
2026/10/10 15:03:33.155, 5, 78467 MiB, 100 %, 251.56 W, 1980 MHz, 16 %, 37
2026/10/10 15:03:33.155, 6, 78467 MiB, 100 %, 244.89 W, 1980 MHz, 16 %, 34
2026/10/10 15:03:33.155, 7, 78467 MiB, 100 %, 282.51 W, 1980 MHz, 15 %, 70
2026/10/10 15:03:34.155, 0, 78467 MiB, 100 %, 250.58 W, 1980 MHz, 15 %, 34
2026/10/10 15:03:34.155, 1, 78467 MiB, 100 %, 270.05 W, 1980 MHz, 15 %, 58
2026/10/10 15:03:34.155, 2, 78467 MiB, 100 %, 251.75 W, 1980 MHz, 15 %, 38
2026/10/10 15:03:34.156, 3, 78467 MiB, 100 %, 246.16 W, 1980 MHz, 15 %, 32
2026/10/10 15:03:34.156, 4, 78467 MiB, 100 %, 247.02 W, 1980 MHz, 15 %, 33
2026/10/10 15:03:34.156, 5, 78467 MiB, 100 %, 250.26 W, 1980 MHz, 15 %, 37
2026/10/10 15:03:34.156, 6, 78467 MiB, 100 %, 243.52 W, 1980 MHz, 16 %, 34
2026/10/10 15:03:34.156, 7, 78467 MiB, 100 %, 281.78 W, 1980 MHz, 15 %, 70
2026/10/10 15:03:35.156, 0, 78467 MiB, 100 %, 251.66 W, 1980 MHz, 15 %, 34
2026/10/10 15:03:35.156, 1, 78467 MiB, 100 %, 267.97 W, 1980 MHz, 15 %, 58
2026/10/10 15:03:35.156, 2, 78467 MiB, 100 %, 251.80 W, 1980 MHz, 15 %, 38
2026/10/10 15:03:35.156, 3, 78467 MiB, 100 %, 246.79 W, 1980 MHz, 15 %, 32
2026/10/10 15:03:35.156, 4, 78467 MiB, 100 %, 245.31 W, 1980 MHz, 16 %, 33
2026/10/10 15:03:35.156, 5, 78467 MiB, 100 %, 251.00 W, 1980 MHz, 15 %, 37
2026/10/10 15:03:35.156, 6, 78467 MiB, 100 %, 242.63 W, 1980 MHz, 15 %, 34
2026/10/10 15:03:35.156, 7, 78467 MiB, 100 %, 282.59 W, 1980 MHz, 16 %, 70
2026/10/10 15:03:36.157, 0, 78467 MiB, 100 %, 251.35 W, 1980 MHz, 15 %, 34
2026/10/10 15:03:36.157, 1, 78467 MiB, 100 %, 269.35 W, 1980 MHz, 15 %, 58
2026/10/10 15:03:36.157, 2, 78467 MiB, 100 %, 251.73 W, 1980 MHz, 15 %, 38
2026/10/10 15:03:36.157, 3, 78467 MiB, 100 %, 246.76 W, 1980 MHz, 15 %, 32
2026/10/10 15:03:36.157, 4, 78467 MiB, 100 %, 245.32 W, 1980 MHz, 16 %, 33
2026/10/10 15:03:36.157, 5, 78467 MiB, 100 %, 251.12 W, 1980 MHz, 16 %, 37
2026/10/10 15:03:36.157, 6, 78467 MiB, 100 %, 243.10 W, 1980 MHz, 15 %, 34
2026/10/10 15:03:36.157, 7, 78467 MiB, 100 %, 281.37 W, 1980 MHz, 15 %, 70
2026/10/10 15:03:37.158, 0, 78467 MiB, 100 %, 253.35 W, 1980 MHz, 15 %, 34
2026/10/10 15:03:37.158, 1, 78467 MiB, 100 %, 267.67 W, 1980 MHz, 15 %, 58
2026/10/10 15:03:37.158, 2, 78467 MiB, 100 %, 252.98 W, 1980 MHz, 15 %, 38
2026/10/10 15:03:37.158, 3, 78467 MiB, 100 %, 248.21 W, 1980 MHz, 15 %, 32
2026/10/10 15:03:37.158, 4, 78467 MiB, 100 %, 246.96 W, 1980 MHz, 15 %, 33
2026/10/10 15:03:37.158, 5, 78467 MiB, 100 %, 250.67 W, 1980 MHz, 15 %, 37
2026/10/10 15:03:37.158, 6, 78467 MiB, 100 %, 242.12 W, 1980 MHz, 16 %, 34
2026/10/10 15:03:37.158, 7, 78467 MiB, 100 %, 280.96 W, 1980 MHz, 16 %, 70
2026/10/10 15:03:38.158, 0, 78467 MiB, 100 %, 253.19 W, 1980 MHz, 15 %, 34
2026/10/10 15:03:38.158, 1, 78467 MiB, 100 %, 269.04 W, 1980 MHz, 15 %, 58
2026/10/10 15:03:38.159, 2, 78467 MiB, 100 %, 252.36 W, 1980 MHz, 15 %, 38
2026/10/10 15:03:38.159, 3, 78467 MiB, 100 %, 246.30 W, 1980 MHz, 15 %, 32
2026/10/10 15:03:38.159, 4, 78467 MiB, 100 %, 248.06 W, 1980 MHz, 16 %, 33
2026/10/10 15:03:38.159, 5, 78467 MiB, 100 %, 250.51 W, 1980 MHz, 15 %, 37
2026/10/10 15:03:38.159, 6, 78467 MiB, 100 %, 243.13 W, 1980 MHz, 15 %, 34
2026/10/10 15:03:38.159, 7, 78467 MiB, 100 %, 281.39 W, 1980 MHz, 15 %, 70
2026/10/10 15:03:39.159, 0, 78467 MiB, 100 %, 253.94 W, 1980 MHz, 15 %, 34
2026/10/10 15:03:39.159, 1, 78467 MiB, 100 %, 268.27 W, 1980 MHz, 15 %, 58
2026/10/10 15:03:39.159, 2, 78467 MiB, 100 %, 254.64 W, 1980 MHz, 15 %, 38
2026/10/10 15:03:39.159, 3, 78467 MiB, 100 %, 248.75 W, 1980 MHz, 15 %, 32
2026/10/10 15:03:39.159, 4, 78467 MiB, 100 %, 247.34 W, 1980 MHz, 16 %, 33
2026/10/10 15:03:39.159, 5, 78467 MiB, 100 %, 249.39 W, 1980 MHz, 16 %, 37
2026/10/10 15:03:39.159, 6, 78467 MiB, 100 %, 241.24 W, 1980 MHz, 16 %, 34
2026/10/10 15:03:39.160, 7, 78467 MiB, 100 %, 280.49 W, 1980 MHz, 15 %, 70
2026/10/10 15:03:40.160, 0, 78467 MiB, 100 %, 279.19 W, 1980 MHz, 15 %, 34
2026/10/10 15:03:40.160, 1, 78467 MiB, 100 %, 290.78 W, 1980 MHz, 15 %, 58
2026/10/10 15:03:40.160, 2, 78467 MiB, 100 %, 277.44 W, 1980 MHz, 15 %, 38
2026/10/10 15:03:40.160, 3, 78467 MiB, 100 %, 268.44 W, 1980 MHz, 16 %, 33
2026/10/10 15:03:40.160, 4, 78467 MiB, 100 %, 265.78 W, 1980 MHz, 15 %, 33
2026/10/10 15:03:40.160, 5, 78467 MiB, 100 %, 276.73 W, 1980 MHz, 16 %, 37
2026/10/10 15:03:40.160, 6, 78467 MiB, 100 %, 265.73 W, 1980 MHz, 15 %, 35
2026/10/10 15:03:40.160, 7, 78467 MiB, 100 %, 308.86 W, 1980 MHz, 15 %, 70
2026/10/10 15:03:41.160, 0, 78467 MiB, 100 %, 250.08 W, 1980 MHz, 15 %, 34
2026/10/10 15:03:41.161, 1, 78467 MiB, 100 %, 268.48 W, 1980 MHz, 15 %, 58
2026/10/10 15:03:41.161, 2, 78467 MiB, 100 %, 253.57 W, 1980 MHz, 15 %, 38
2026/10/10 15:03:41.161, 3, 78467 MiB, 100 %, 246.95 W, 1980 MHz, 15 %, 32
2026/10/10 15:03:41.161, 4, 78467 MiB, 100 %, 241.01 W, 1980 MHz, 15 %, 33
2026/10/10 15:03:41.161, 5, 78467 MiB, 100 %, 252.45 W, 1980 MHz, 15 %, 37
2026/10/10 15:03:41.162, 6, 78467 MiB, 100 %, 244.81 W, 1980 MHz, 16 %, 34
2026/10/10 15:03:41.162, 7, 78467 MiB, 100 %, 285.13 W, 1980 MHz, 15 %, 70
2026/10/10 15:03:42.162, 0, 78467 MiB, 100 %, 250.78 W, 1980 MHz, 15 %, 34
2026/10/10 15:03:42.162, 1, 78467 MiB, 100 %, 268.27 W, 1980 MHz, 15 %, 58
2026/10/10 15:03:42.162, 2, 78467 MiB, 100 %, 251.13 W, 1980 MHz, 15 %, 38
2026/10/10 15:03:42.162, 3, 78467 MiB, 100 %, 247.01 W, 1980 MHz, 15 %, 32
2026/10/10 15:03:42.162, 4, 78467 MiB, 100 %, 240.23 W, 1980 MHz, 15 %, 33
2026/10/10 15:03:42.162, 5, 78467 MiB, 100 %, 250.98 W, 1980 MHz, 15 %, 37
2026/10/10 15:03:42.162, 6, 78467 MiB, 100 %, 242.69 W, 1980 MHz, 16 %, 34
2026/10/10 15:03:42.162, 7, 78467 MiB, 100 %, 283.43 W, 1980 MHz, 16 %, 70
2026/10/10 15:03:43.162, 0, 78467 MiB, 100 %, 251.91 W, 1980 MHz, 15 %, 34
2026/10/10 15:03:43.163, 1, 78467 MiB, 100 %, 267.95 W, 1980 MHz, 15 %, 58
2026/10/10 15:03:43.163, 2, 78467 MiB, 100 %, 254.34 W, 1980 MHz, 16 %, 38
2026/10/10 15:03:43.163, 3, 78467 MiB, 100 %, 246.70 W, 1980 MHz, 15 %, 32
2026/10/10 15:03:43.163, 4, 78467 MiB, 100 %, 241.60 W, 1980 MHz, 15 %, 33
2026/10/10 15:03:43.163, 5, 78467 MiB, 100 %, 252.51 W, 1980 MHz, 15 %, 37
2026/10/10 15:03:43.163, 6, 78467 MiB, 100 %, 243.12 W, 1980 MHz, 15 %, 34
2026/10/10 15:03:43.163, 7, 78467 MiB, 100 %, 285.09 W, 1980 MHz, 15 %, 70
2026/10/10 15:03:44.163, 0, 78467 MiB, 100 %, 251.69 W, 1980 MHz, 15 %, 34
2026/10/10 15:03:44.163, 1, 78467 MiB, 100 %, 269.17 W, 1980 MHz, 15 %, 58
2026/10/10 15:03:44.163, 2, 78467 MiB, 100 %, 253.45 W, 1980 MHz, 15 %, 38
2026/10/10 15:03:44.163, 3, 78467 MiB, 100 %, 246.23 W, 1980 MHz, 15 %, 32
2026/10/10 15:03:44.163, 4, 78467 MiB, 100 %, 241.20 W, 1980 MHz, 15 %, 33
2026/10/10 15:03:44.163, 5, 78467 MiB, 100 %, 251.51 W, 1980 MHz, 15 %, 37
2026/10/10 15:03:44.163, 6, 78467 MiB, 100 %, 244.33 W, 1980 MHz, 16 %, 34
2026/10/10 15:03:44.164, 7, 78467 MiB, 100 %, 284.25 W, 1980 MHz, 15 %, 70
2026/10/10 15:03:45.164, 0, 78467 MiB, 100 %, 249.17 W, 1980 MHz, 15 %, 34
2026/10/10 15:03:45.164, 1, 78467 MiB, 100 %, 268.56 W, 1980 MHz, 15 %, 58
2026/10/10 15:03:45.164, 2, 78467 MiB, 100 %, 252.21 W, 1980 MHz, 15 %, 38
2026/10/10 15:03:45.164, 3, 78467 MiB, 100 %, 246.39 W, 1980 MHz, 15 %, 32
2026/10/10 15:03:45.164, 4, 78467 MiB, 100 %, 242.36 W, 1980 MHz, 15 %, 33
2026/10/10 15:03:45.164, 5, 78467 MiB, 100 %, 251.32 W, 1980 MHz, 15 %, 37
2026/10/10 15:03:45.164, 6, 78467 MiB, 100 %, 243.62 W, 1980 MHz, 16 %, 34
2026/10/10 15:03:45.164, 7, 78467 MiB, 100 %, 284.96 W, 1980 MHz, 15 %, 70
2026/10/10 15:03:46.164, 0, 78467 MiB, 100 %, 248.57 W, 1980 MHz, 15 %, 34
2026/10/10 15:03:46.165, 1, 78467 MiB, 100 %, 269.84 W, 1980 MHz, 15 %, 58
2026/10/10 15:03:46.165, 2, 78467 MiB, 100 %, 252.54 W, 1980 MHz, 15 %, 38
2026/10/10 15:03:46.165, 3, 78467 MiB, 100 %, 245.57 W, 1980 MHz, 15 %, 32
2026/10/10 15:03:46.165, 4, 78467 MiB, 100 %, 242.16 W, 1980 MHz, 15 %, 33
2026/10/10 15:03:46.165, 5, 78467 MiB, 100 %, 251.72 W, 1980 MHz, 15 %, 37
2026/10/10 15:03:46.165, 6, 78467 MiB, 100 %, 242.43 W, 1980 MHz, 15 %, 34
2026/10/10 15:03:46.165, 7, 78467 MiB, 100 %, 284.05 W, 1980 MHz, 16 %, 70
2026/10/10 15:03:47.165, 0, 78467 MiB, 100 %, 249.82 W, 1980 MHz, 15 %, 34
2026/10/10 15:03:47.165, 1, 78467 MiB, 100 %, 269.05 W, 1980 MHz, 15 %, 58
2026/10/10 15:03:47.165, 2, 78467 MiB, 100 %, 253.70 W, 1980 MHz, 15 %, 38
2026/10/10 15:03:47.165, 3, 78467 MiB, 100 %, 245.79 W, 1980 MHz, 15 %, 32
2026/10/10 15:03:47.165, 4, 78467 MiB, 100 %, 243.81 W, 1980 MHz, 15 %, 33
2026/10/10 15:03:47.165, 5, 78467 MiB, 100 %, 252.29 W, 1980 MHz, 15 %, 37
2026/10/10 15:03:47.165, 6, 78467 MiB, 100 %, 244.68 W, 1980 MHz, 16 %, 34
2026/10/10 15:03:47.166, 7, 78467 MiB, 100 %, 286.58 W, 1980 MHz, 16 %, 70
2026/10/10 15:03:48.166, 0, 78467 MiB, 100 %, 247.94 W, 1980 MHz, 15 %, 34
2026/10/10 15:03:48.166, 1, 78467 MiB, 100 %, 271.14 W, 1980 MHz, 15 %, 58
2026/10/10 15:03:48.166, 2, 78467 MiB, 100 %, 253.68 W, 1980 MHz, 15 %, 38
2026/10/10 15:03:48.166, 3, 78467 MiB, 100 %, 247.08 W, 1980 MHz, 15 %, 32
2026/10/10 15:03:48.166, 4, 78467 MiB, 100 %, 243.43 W, 1980 MHz, 15 %, 33
2026/10/10 15:03:48.166, 5, 78467 MiB, 100 %, 251.39 W, 1980 MHz, 15 %, 37
2026/10/10 15:03:48.166, 6, 78467 MiB, 100 %, 241.77 W, 1980 MHz, 15 %, 34
2026/10/10 15:03:48.166, 7, 78467 MiB, 100 %, 284.76 W, 1980 MHz, 16 %, 70
2026/10/10 15:03:49.166, 0, 78467 MiB, 100 %, 249.77 W, 1980 MHz, 15 %, 34
2026/10/10 15:03:49.167, 1, 78467 MiB, 100 %, 270.43 W, 1980 MHz, 15 %, 58
2026/10/10 15:03:49.167, 2, 78467 MiB, 100 %, 252.30 W, 1980 MHz, 15 %, 38
2026/10/10 15:03:49.167, 3, 78467 MiB, 100 %, 245.89 W, 1980 MHz, 15 %, 32
2026/10/10 15:03:49.167, 4, 78467 MiB, 100 %, 242.22 W, 1980 MHz, 15 %, 33
2026/10/10 15:03:49.167, 5, 78467 MiB, 100 %, 251.21 W, 1980 MHz, 15 %, 37
2026/10/10 15:03:49.167, 6, 78467 MiB, 100 %, 243.36 W, 1980 MHz, 15 %, 34
2026/10/10 15:03:49.167, 7, 78467 MiB, 100 %, 284.37 W, 1980 MHz, 16 %, 70
2026/10/10 15:03:50.167, 0, 78467 MiB, 100 %, 248.20 W, 1980 MHz, 15 %, 34
2026/10/10 15:03:50.167, 1, 78467 MiB, 100 %, 268.26 W, 1980 MHz, 15 %, 58
2026/10/10 15:03:50.167, 2, 78467 MiB, 100 %, 251.55 W, 1980 MHz, 15 %, 38
2026/10/10 15:03:50.167, 3, 78467 MiB, 100 %, 246.97 W, 1980 MHz, 16 %, 32
2026/10/10 15:03:50.167, 4, 78467 MiB, 100 %, 241.45 W, 1980 MHz, 15 %, 33
2026/10/10 15:03:50.167, 5, 78467 MiB, 100 %, 249.90 W, 1980 MHz, 15 %, 37
2026/10/10 15:03:50.167, 6, 78467 MiB, 100 %, 242.70 W, 1980 MHz, 15 %, 34
2026/10/10 15:03:50.168, 7, 78467 MiB, 100 %, 285.08 W, 1980 MHz, 16 %, 70
2026/10/10 15:03:51.168, 0, 78467 MiB, 100 %, 251.87 W, 1980 MHz, 15 %, 34
2026/10/10 15:03:51.168, 1, 78467 MiB, 100 %, 268.95 W, 1980 MHz, 15 %, 58
2026/10/10 15:03:51.168, 2, 78467 MiB, 100 %, 252.33 W, 1980 MHz, 15 %, 38
2026/10/10 15:03:51.168, 3, 78467 MiB, 100 %, 245.65 W, 1980 MHz, 15 %, 32
2026/10/10 15:03:51.168, 4, 78467 MiB, 100 %, 241.68 W, 1980 MHz, 15 %, 33
2026/10/10 15:03:51.168, 5, 78467 MiB, 100 %, 252.32 W, 1980 MHz, 15 %, 37
2026/10/10 15:03:51.168, 6, 78467 MiB, 100 %, 243.88 W, 1980 MHz, 15 %, 34
2026/10/10 15:03:51.168, 7, 78467 MiB, 100 %, 286.46 W, 1980 MHz, 16 %, 70
2026/10/10 15:03:52.169, 0, 78467 MiB, 100 %, 250.27 W, 1980 MHz, 15 %, 34
2026/10/10 15:03:52.169, 1, 78467 MiB, 100 %, 271.22 W, 1980 MHz, 15 %, 58
2026/10/10 15:03:52.169, 2, 78467 MiB, 100 %, 252.35 W, 1980 MHz, 15 %, 38
2026/10/10 15:03:52.169, 3, 78467 MiB, 100 %, 246.65 W, 1980 MHz, 15 %, 32
2026/10/10 15:03:52.169, 4, 78467 MiB, 100 %, 242.58 W, 1980 MHz, 15 %, 33
2026/10/10 15:03:52.169, 5, 78467 MiB, 100 %, 250.85 W, 1980 MHz, 16 %, 37
2026/10/10 15:03:52.169, 6, 78467 MiB, 100 %, 243.84 W, 1980 MHz, 15 %, 34
2026/10/10 15:03:52.169, 7, 78467 MiB, 100 %, 285.96 W, 1980 MHz, 16 %, 70
2026/10/10 15:03:53.169, 0, 78467 MiB, 100 %, 253.41 W, 1980 MHz, 16 %, 34
2026/10/10 15:03:53.169, 1, 78467 MiB, 100 %, 269.26 W, 1980 MHz, 15 %, 58
2026/10/10 15:03:53.169, 2, 78467 MiB, 100 %, 252.60 W, 1980 MHz, 15 %, 38
2026/10/10 15:03:53.169, 3, 78467 MiB, 100 %, 246.03 W, 1980 MHz, 15 %, 32
2026/10/10 15:03:53.169, 4, 78467 MiB, 100 %, 245.46 W, 1980 MHz, 15 %, 33
2026/10/10 15:03:53.169, 5, 78467 MiB, 100 %, 254.45 W, 1980 MHz, 16 %, 37
2026/10/10 15:03:53.170, 6, 78467 MiB, 100 %, 241.77 W, 1980 MHz, 15 %, 34
2026/10/10 15:03:53.170, 7, 78467 MiB, 100 %, 285.53 W, 1980 MHz, 15 %, 70
2026/10/10 15:03:54.170, 0, 78467 MiB, 100 %, 251.18 W, 1980 MHz, 16 %, 34
2026/10/10 15:03:54.170, 1, 78467 MiB, 100 %, 269.78 W, 1980 MHz, 16 %, 58
2026/10/10 15:03:54.170, 2, 78467 MiB, 100 %, 255.90 W, 1980 MHz, 15 %, 38
2026/10/10 15:03:54.170, 3, 78467 MiB, 100 %, 246.78 W, 1980 MHz, 15 %, 32
2026/10/10 15:03:54.170, 4, 78467 MiB, 100 %, 244.19 W, 1980 MHz, 15 %, 33
2026/10/10 15:03:54.170, 5, 78467 MiB, 100 %, 251.97 W, 1980 MHz, 15 %, 37
2026/10/10 15:03:54.170, 6, 78467 MiB, 100 %, 240.22 W, 1980 MHz, 15 %, 34
2026/10/10 15:03:54.170, 7, 78467 MiB, 100 %, 283.45 W, 1980 MHz, 15 %, 70
2026/10/10 15:03:55.170, 0, 78467 MiB, 100 %, 252.30 W, 1980 MHz, 15 %, 34
2026/10/10 15:03:55.170, 1, 78467 MiB, 100 %, 269.36 W, 1980 MHz, 15 %, 58
2026/10/10 15:03:55.170, 2, 78467 MiB, 100 %, 251.92 W, 1980 MHz, 15 %, 38
2026/10/10 15:03:55.171, 3, 78467 MiB, 100 %, 246.48 W, 1980 MHz, 15 %, 32
2026/10/10 15:03:55.171, 4, 78467 MiB, 100 %, 243.91 W, 1980 MHz, 15 %, 33
2026/10/10 15:03:55.171, 5, 78467 MiB, 100 %, 252.35 W, 1980 MHz, 16 %, 37
2026/10/10 15:03:55.171, 6, 78467 MiB, 100 %, 241.73 W, 1980 MHz, 15 %, 34
2026/10/10 15:03:55.171, 7, 78467 MiB, 100 %, 283.11 W, 1980 MHz, 15 %, 70
2026/10/10 15:03:56.171, 0, 78467 MiB, 100 %, 251.71 W, 1980 MHz, 16 %, 34
2026/10/10 15:03:56.171, 1, 78467 MiB, 100 %, 268.93 W, 1980 MHz, 15 %, 58
2026/10/10 15:03:56.172, 2, 78467 MiB, 100 %, 252.77 W, 1980 MHz, 15 %, 38
2026/10/10 15:03:56.172, 3, 78467 MiB, 100 %, 245.00 W, 1980 MHz, 15 %, 32
2026/10/10 15:03:56.172, 4, 78467 MiB, 100 %, 244.00 W, 1980 MHz, 15 %, 33
2026/10/10 15:03:56.172, 5, 78467 MiB, 100 %, 252.56 W, 1980 MHz, 15 %, 37
2026/10/10 15:03:56.172, 6, 78467 MiB, 100 %, 240.43 W, 1980 MHz, 15 %, 34
2026/10/10 15:03:56.172, 7, 78467 MiB, 100 %, 284.36 W, 1980 MHz, 15 %, 70
2026/10/10 15:03:57.172, 0, 78467 MiB, 100 %, 252.56 W, 1980 MHz, 15 %, 34
2026/10/10 15:03:57.172, 1, 78467 MiB, 100 %, 266.80 W, 1980 MHz, 15 %, 58
2026/10/10 15:03:57.172, 2, 78467 MiB, 100 %, 251.40 W, 1980 MHz, 15 %, 38
2026/10/10 15:03:57.172, 3, 78467 MiB, 100 %, 244.62 W, 1980 MHz, 15 %, 32
2026/10/10 15:03:57.172, 4, 78467 MiB, 100 %, 243.82 W, 1980 MHz, 15 %, 33
2026/10/10 15:03:57.172, 5, 78467 MiB, 100 %, 252.31 W, 1980 MHz, 16 %, 37
2026/10/10 15:03:57.172, 6, 78467 MiB, 100 %, 241.51 W, 1980 MHz, 15 %, 34
2026/10/10 15:03:57.172, 7, 78467 MiB, 100 %, 283.80 W, 1980 MHz, 16 %, 70
