timestamp, index, memory.used [MiB], utilization.gpu [%], power.draw [W], clocks.current.sm [MHz], utilization.memory [%], temperature.gpu
2026/10/10 17:43:03.931, 0, 77409 MiB, 0 %, 233.27 W, 1980 MHz, 0 %, 34
2026/10/10 17:43:03.945, 1, 77409 MiB, 0 %, 243.12 W, 1980 MHz, 0 %, 57
2026/10/10 17:43:03.953, 2, 77409 MiB, 0 %, 231.24 W, 1980 MHz, 0 %, 38
2026/10/10 17:43:03.961, 3, 77409 MiB, 0 %, 225.61 W, 1980 MHz, 0 %, 33
2026/10/10 17:43:03.969, 4, 77409 MiB, 0 %, 219.89 W, 1980 MHz, 0 %, 33
2026/10/10 17:43:03.977, 5, 77409 MiB, 0 %, 228.95 W, 1980 MHz, 0 %, 37
2026/10/10 17:43:03.985, 6, 77409 MiB, 0 %, 222.12 W, 1980 MHz, 0 %, 35
2026/10/10 17:43:03.993, 7, 77409 MiB, 0 %, 247.89 W, 1980 MHz, 0 %, 69
2026/10/10 17:43:05.001, 0, 77409 MiB, 0 %, 124.13 W, 1980 MHz, 0 %, 32
2026/10/10 17:43:05.001, 1, 77409 MiB, 0 %, 136.71 W, 1980 MHz, 0 %, 56
2026/10/10 17:43:05.002, 2, 77409 MiB, 0 %, 124.00 W, 1980 MHz, 0 %, 37
2026/10/10 17:43:05.002, 3, 77409 MiB, 0 %, 118.89 W, 1980 MHz, 0 %, 31
2026/10/10 17:43:05.002, 4, 77409 MiB, 0 %, 117.21 W, 1980 MHz, 0 %, 31
2026/10/10 17:43:05.002, 5, 77409 MiB, 0 %, 121.29 W, 1980 MHz, 0 %, 35
2026/10/10 17:43:05.002, 6, 77409 MiB, 0 %, 114.74 W, 1980 MHz, 0 %, 33
2026/10/10 17:43:05.002, 7, 77409 MiB, 0 %, 144.41 W, 1980 MHz, 0 %, 67
2026/10/10 17:43:06.002, 0, 77409 MiB, 0 %, 123.52 W, 1980 MHz, 0 %, 31
2026/10/10 17:43:06.002, 1, 77409 MiB, 0 %, 136.20 W, 1980 MHz, 0 %, 56
2026/10/10 17:43:06.002, 2, 77409 MiB, 0 %, 123.40 W, 1980 MHz, 0 %, 36
2026/10/10 17:43:06.002, 3, 77409 MiB, 0 %, 117.29 W, 1980 MHz, 0 %, 30
2026/10/10 17:43:06.002, 4, 77409 MiB, 0 %, 116.76 W, 1980 MHz, 0 %, 31
2026/10/10 17:43:06.002, 5, 77409 MiB, 0 %, 120.71 W, 1980 MHz, 0 %, 34
2026/10/10 17:43:06.002, 6, 77409 MiB, 0 %, 113.37 W, 1980 MHz, 0 %, 32
2026/10/10 17:43:06.003, 7, 77409 MiB, 0 %, 143.32 W, 1980 MHz, 0 %, 67
2026/10/10 17:43:07.003, 0, 77409 MiB, 0 %, 123.20 W, 1980 MHz, 0 %, 31
2026/10/10 17:43:07.003, 1, 77409 MiB, 0 %, 135.94 W, 1980 MHz, 0 %, 56
2026/10/10 17:43:07.003, 2, 77409 MiB, 0 %, 123.18 W, 1980 MHz, 0 %, 36
2026/10/10 17:43:07.003, 3, 77409 MiB, 0 %, 116.95 W, 1980 MHz, 0 %, 30
2026/10/10 17:43:07.003, 4, 77409 MiB, 0 %, 116.47 W, 1980 MHz, 0 %, 30
2026/10/10 17:43:07.003, 5, 77409 MiB, 0 %, 120.28 W, 1980 MHz, 0 %, 34
2026/10/10 17:43:07.003, 6, 77409 MiB, 0 %, 113.01 W, 1980 MHz, 0 %, 32
2026/10/10 17:43:07.003, 7, 77409 MiB, 0 %, 142.74 W, 1980 MHz, 0 %, 66
2026/10/10 17:43:08.003, 0, 77409 MiB, 0 %, 122.96 W, 1980 MHz, 0 %, 31
2026/10/10 17:43:08.003, 1, 77409 MiB, 0 %, 135.76 W, 1980 MHz, 0 %, 55
2026/10/10 17:43:08.004, 2, 77409 MiB, 0 %, 123.10 W, 1980 MHz, 0 %, 36
2026/10/10 17:43:08.004, 3, 77409 MiB, 0 %, 116.68 W, 1980 MHz, 0 %, 29
2026/10/10 17:43:08.004, 4, 77409 MiB, 0 %, 116.30 W, 1980 MHz, 0 %, 30
2026/10/10 17:43:08.004, 5, 77409 MiB, 0 %, 120.05 W, 1980 MHz, 0 %, 34
2026/10/10 17:43:08.004, 6, 77409 MiB, 0 %, 112.87 W, 1980 MHz, 0 %, 31
2026/10/10 17:43:08.004, 7, 77409 MiB, 0 %, 142.38 W, 1980 MHz, 0 %, 66
2026/10/10 17:43:09.004, 0, 77409 MiB, 0 %, 122.80 W, 1980 MHz, 0 %, 30
2026/10/10 17:43:09.004, 1, 77409 MiB, 0 %, 135.68 W, 1980 MHz, 0 %, 55
2026/10/10 17:43:09.004, 2, 77409 MiB, 0 %, 122.96 W, 1980 MHz, 0 %, 35
2026/10/10 17:43:09.004, 3, 77409 MiB, 0 %, 116.55 W, 1980 MHz, 0 %, 29
2026/10/10 17:43:09.004, 4, 77409 MiB, 0 %, 116.11 W, 1980 MHz, 0 %, 30
2026/10/10 17:43:09.004, 5, 77409 MiB, 0 %, 119.85 W, 1980 MHz, 0 %, 33
2026/10/10 17:43:09.005, 6, 77409 MiB, 0 %, 112.76 W, 1980 MHz, 0 %, 31
2026/10/10 17:43:09.005, 7, 77409 MiB, 0 %, 142.15 W, 1980 MHz, 0 %, 66
2026/10/10 17:43:10.005, 0, 77409 MiB, 0 %, 122.62 W, 1980 MHz, 0 %, 30
2026/10/10 17:43:10.005, 1, 77409 MiB, 0 %, 135.57 W, 1980 MHz, 0 %, 55
2026/10/10 17:43:10.005, 2, 77409 MiB, 0 %, 122.88 W, 1980 MHz, 0 %, 35
2026/10/10 17:43:10.005, 3, 77409 MiB, 0 %, 116.38 W, 1980 MHz, 0 %, 29
2026/10/10 17:43:10.005, 4, 77409 MiB, 0 %, 116.01 W, 1980 MHz, 0 %, 29
2026/10/10 17:43:10.005, 5, 77409 MiB, 0 %, 119.74 W, 1980 MHz, 0 %, 33
2026/10/10 17:43:10.005, 6, 77409 MiB, 0 %, 112.65 W, 1980 MHz, 0 %, 31
2026/10/10 17:43:10.005, 7, 77409 MiB, 0 %, 141.98 W, 1980 MHz, 0 %, 66
2026/10/10 17:43:11.005, 0, 77409 MiB, 0 %, 122.50 W, 1980 MHz, 0 %, 30
2026/10/10 17:43:11.006, 1, 77409 MiB, 0 %, 135.47 W, 1980 MHz, 0 %, 55
2026/10/10 17:43:11.006, 2, 77409 MiB, 0 %, 122.25 W, 1980 MHz, 0 %, 35
2026/10/10 17:43:11.006, 3, 77409 MiB, 0 %, 116.32 W, 1980 MHz, 0 %, 29
2026/10/10 17:43:11.006, 4, 77409 MiB, 0 %, 115.95 W, 1980 MHz, 0 %, 29
2026/10/10 17:43:11.006, 5, 77409 MiB, 0 %, 119.65 W, 1980 MHz, 0 %, 33
2026/10/10 17:43:11.006, 6, 77409 MiB, 0 %, 112.56 W, 1980 MHz, 0 %, 30
2026/10/10 17:43:11.006, 7, 77409 MiB, 0 %, 141.89 W, 1980 MHz, 0 %, 66
2026/10/10 17:43:12.006, 0, 77409 MiB, 0 %, 122.31 W, 1980 MHz, 0 %, 29
2026/10/10 17:43:12.006, 1, 77409 MiB, 0 %, 135.34 W, 1980 MHz, 0 %, 55
2026/10/10 17:43:12.006, 2, 77409 MiB, 0 %, 121.87 W, 1980 MHz, 0 %, 35
2026/10/10 17:43:12.006, 3, 77409 MiB, 0 %, 116.22 W, 1980 MHz, 0 %, 28
2026/10/10 17:43:12.006, 4, 77409 MiB, 0 %, 115.82 W, 1980 MHz, 0 %, 29
2026/10/10 17:43:12.006, 5, 77409 MiB, 0 %, 119.58 W, 1980 MHz, 0 %, 33
2026/10/10 17:43:12.006, 6, 77409 MiB, 0 %, 112.47 W, 1980 MHz, 0 %, 30
2026/10/10 17:43:12.007, 7, 77409 MiB, 0 %, 141.82 W, 1980 MHz, 0 %, 66
2026/10/10 17:43:13.007, 0, 77409 MiB, 0 %, 122.24 W, 1980 MHz, 0 %, 29
2026/10/10 17:43:13.007, 1, 77409 MiB, 0 %, 135.19 W, 1980 MHz, 0 %, 55
2026/10/10 17:43:13.007, 2, 77409 MiB, 0 %, 121.81 W, 1980 MHz, 0 %, 35
2026/10/10 17:43:13.007, 3, 77409 MiB, 0 %, 116.16 W, 1980 MHz, 0 %, 28
2026/10/10 17:43:13.007, 4, 77409 MiB, 0 %, 123.88 W, 1980 MHz, 0 %, 29
2026/10/10 17:43:13.007, 5, 77409 MiB, 1 %, 128.91 W, 1980 MHz, 0 %, 38
2026/10/10 17:43:13.007, 6, 77409 MiB, 0 %, 112.37 W, 1980 MHz, 0 %, 30
2026/10/10 17:43:13.007, 7, 77409 MiB, 0 %, 141.65 W, 1980 MHz, 0 %, 66
2026/10/10 17:43:14.007, 0, 77409 MiB, 100 %, 442.75 W, 1980 MHz, 15 %, 34
2026/10/10 17:43:14.007, 1, 77409 MiB, 100 %, 463.96 W, 1980 MHz, 15 %, 59
2026/10/10 17:43:14.008, 2, 77409 MiB, 100 %, 448.89 W, 1980 MHz, 15 %, 39
2026/10/10 17:43:14.008, 3, 77409 MiB, 100 %, 445.50 W, 1980 MHz, 15 %, 33
2026/10/10 17:43:14.008, 4, 77409 MiB, 100 %, 438.54 W, 1980 MHz, 15 %, 34
2026/10/10 17:43:14.008, 5, 77409 MiB, 100 %, 440.92 W, 1980 MHz, 15 %, 38
2026/10/10 17:43:14.008, 6, 77409 MiB, 100 %, 438.94 W, 1980 MHz, 15 %, 35
2026/10/10 17:43:14.008, 7, 77409 MiB, 100 %, 458.67 W, 1980 MHz, 15 %, 70
2026/10/10 17:43:15.008, 0, 77409 MiB, 100 %, 247.06 W, 1980 MHz, 15 %, 34
2026/10/10 17:43:15.008, 1, 77409 MiB, 100 %, 267.71 W, 1980 MHz, 15 %, 58
2026/10/10 17:43:15.008, 2, 77409 MiB, 100 %, 246.90 W, 1980 MHz, 15 %, 38
2026/10/10 17:43:15.008, 3, 77409 MiB, 100 %, 244.06 W, 1980 MHz, 15 %, 32
2026/10/10 17:43:15.008, 4, 77409 MiB, 100 %, 242.52 W, 1980 MHz, 15 %, 33
2026/10/10 17:43:15.008, 5, 77409 MiB, 100 %, 249.69 W, 1980 MHz, 15 %, 37
2026/10/10 17:43:15.008, 6, 77409 MiB, 100 %, 242.18 W, 1980 MHz, 15 %, 34
2026/10/10 17:43:15.009, 7, 77409 MiB, 100 %, 277.43 W, 1980 MHz, 15 %, 69
2026/10/10 17:43:16.009, 0, 77409 MiB, 100 %, 248.35 W, 1980 MHz, 15 %, 34
2026/10/10 17:43:16.009, 1, 77409 MiB, 100 %, 267.32 W, 1980 MHz, 15 %, 58
2026/10/10 17:43:16.009, 2, 77409 MiB, 100 %, 246.71 W, 1980 MHz, 15 %, 38
2026/10/10 17:43:16.009, 3, 77409 MiB, 100 %, 244.41 W, 1980 MHz, 15 %, 32
2026/10/10 17:43:16.009, 4, 77409 MiB, 100 %, 243.14 W, 1980 MHz, 15 %, 33
2026/10/10 17:43:16.009, 5, 77409 MiB, 100 %, 247.96 W, 1980 MHz, 15 %, 37
2026/10/10 17:43:16.009, 6, 77409 MiB, 100 %, 243.59 W, 1980 MHz, 16 %, 34
2026/10/10 17:43:16.009, 7, 77409 MiB, 100 %, 274.91 W, 1980 MHz, 15 %, 69
2026/10/10 17:43:17.009, 0, 77409 MiB, 100 %, 249.17 W, 1980 MHz, 15 %, 34
2026/10/10 17:43:17.009, 1, 77409 MiB, 100 %, 266.43 W, 1980 MHz, 15 %, 58
2026/10/10 17:43:17.010, 2, 77409 MiB, 100 %, 247.88 W, 1980 MHz, 15 %, 38
2026/10/10 17:43:17.010, 3, 77409 MiB, 100 %, 248.07 W, 1980 MHz, 16 %, 32
2026/10/10 17:43:17.010, 4, 77409 MiB, 100 %, 242.65 W, 1980 MHz, 15 %, 33
2026/10/10 17:43:17.010, 5, 77409 MiB, 100 %, 248.37 W, 1980 MHz, 15 %, 37
2026/10/10 17:43:17.010, 6, 77409 MiB, 100 %, 243.08 W, 1980 MHz, 16 %, 34
2026/10/10 17:43:17.010, 7, 77409 MiB, 100 %, 276.65 W, 1980 MHz, 15 %, 69
2026/10/10 17:43:18.010, 0, 77409 MiB, 100 %, 247.25 W, 1980 MHz, 15 %, 34
2026/10/10 17:43:18.010, 1, 77409 MiB, 100 %, 269.07 W, 1980 MHz, 15 %, 58
2026/10/10 17:43:18.010, 2, 77409 MiB, 100 %, 247.63 W, 1980 MHz, 15 %, 38
2026/10/10 17:43:18.010, 3, 77409 MiB, 100 %, 247.10 W, 1980 MHz, 16 %, 32
2026/10/10 17:43:18.010, 4, 77409 MiB, 100 %, 243.48 W, 1980 MHz, 16 %, 33
2026/10/10 17:43:18.010, 5, 77409 MiB, 100 %, 248.23 W, 1980 MHz, 15 %, 37
2026/10/10 17:43:18.010, 6, 77409 MiB, 100 %, 241.47 W, 1980 MHz, 15 %, 34
2026/10/10 17:43:18.010, 7, 77409 MiB, 100 %, 276.45 W, 1980 MHz, 15 %, 69
2026/10/10 17:43:19.011, 0, 77409 MiB, 100 %, 248.44 W, 1980 MHz, 16 %, 34
2026/10/10 17:43:19.011, 1, 77409 MiB, 100 %, 267.77 W, 1980 MHz, 15 %, 58
2026/10/10 17:43:19.011, 2, 77409 MiB, 100 %, 249.35 W, 1980 MHz, 15 %, 38
2026/10/10 17:43:19.011, 3, 77409 MiB, 100 %, 246.82 W, 1980 MHz, 15 %, 32
2026/10/10 17:43:19.011, 4, 77409 MiB, 100 %, 242.30 W, 1980 MHz, 16 %, 33
2026/10/10 17:43:19.011, 5, 77409 MiB, 100 %, 248.06 W, 1980 MHz, 15 %, 37
2026/10/10 17:43:19.011, 6, 77409 MiB, 100 %, 241.73 W, 1980 MHz, 15 %, 34
2026/10/10 17:43:19.011, 7, 77409 MiB, 100 %, 275.64 W, 1980 MHz, 15 %, 69
2026/10/10 17:43:20.011, 0, 77409 MiB, 100 %, 249.12 W, 1980 MHz, 16 %, 34
2026/10/10 17:43:20.011, 1, 77409 MiB, 100 %, 267.03 W, 1980 MHz, 15 %, 58
2026/10/10 17:43:20.011, 2, 77409 MiB, 100 %, 250.43 W, 1980 MHz, 15 %, 38
2026/10/10 17:43:20.012, 3, 77409 MiB, 100 %, 247.73 W, 1980 MHz, 16 %, 32
2026/10/10 17:43:20.012, 4, 77409 MiB, 100 %, 242.73 W, 1980 MHz, 15 %, 33
2026/10/10 17:43:20.012, 5, 77409 MiB, 100 %, 246.72 W, 1980 MHz, 15 %, 37
2026/10/10 17:43:20.012, 6, 77409 MiB, 100 %, 240.77 W, 1980 MHz, 15 %, 34
2026/10/10 17:43:20.012, 7, 77409 MiB, 100 %, 275.23 W, 1980 MHz, 15 %, 69
2026/10/10 17:43:21.012, 0, 77409 MiB, 100 %, 248.51 W, 1980 MHz, 15 %, 34
2026/10/10 17:43:21.012, 1, 77409 MiB, 100 %, 269.14 W, 1980 MHz, 15 %, 58
2026/10/10 17:43:21.012, 2, 77409 MiB, 100 %, 249.29 W, 1980 MHz, 15 %, 38
2026/10/10 17:43:21.012, 3, 77409 MiB, 100 %, 246.18 W, 1980 MHz, 15 %, 32
2026/10/10 17:43:21.012, 4, 77409 MiB, 100 %, 242.18 W, 1980 MHz, 15 %, 33
2026/10/10 17:43:21.012, 5, 77409 MiB, 100 %, 244.96 W, 1980 MHz, 15 %, 37
2026/10/10 17:43:21.012, 6, 77409 MiB, 100 %, 240.31 W, 1980 MHz, 15 %, 34
2026/10/10 17:43:21.012, 7, 77409 MiB, 100 %, 276.52 W, 1980 MHz, 16 %, 69
2026/10/10 17:43:22.012, 0, 77409 MiB, 100 %, 248.04 W, 1980 MHz, 16 %, 34
2026/10/10 17:43:22.013, 1, 77409 MiB, 100 %, 266.77 W, 1980 MHz, 15 %, 58
2026/10/10 17:43:22.013, 2, 77409 MiB, 100 %, 248.42 W, 1980 MHz, 15 %, 38
2026/10/10 17:43:22.013, 3, 77409 MiB, 100 %, 247.12 W, 1980 MHz, 15 %, 32
2026/10/10 17:43:22.013, 4, 77409 MiB, 100 %, 242.39 W, 1980 MHz, 15 %, 33
2026/10/10 17:43:22.013, 5, 77409 MiB, 100 %, 247.43 W, 1980 MHz, 15 %, 37
2026/10/10 17:43:22.013, 6, 77409 MiB, 100 %, 240.55 W, 1980 MHz, 15 %, 34
2026/10/10 17:43:22.013, 7, 77409 MiB, 100 %, 277.38 W, 1980 MHz, 15 %, 69
2026/10/10 17:43:23.013, 0, 77409 MiB, 100 %, 248.25 W, 1980 MHz, 15 %, 34
2026/10/10 17:43:23.013, 1, 77409 MiB, 100 %, 267.14 W, 1980 MHz, 15 %, 58
2026/10/10 17:43:23.013, 2, 77409 MiB, 100 %, 251.60 W, 1980 MHz, 16 %, 38
2026/10/10 17:43:23.013, 3, 77409 MiB, 100 %, 246.73 W, 1980 MHz, 16 %, 32
2026/10/10 17:43:23.013, 4, 77409 MiB, 100 %, 242.54 W, 1980 MHz, 16 %, 33
2026/10/10 17:43:23.013, 5, 77409 MiB, 100 %, 247.63 W, 1980 MHz, 15 %, 37
2026/10/10 17:43:23.013, 6, 77409 MiB, 100 %, 240.68 W, 1980 MHz, 15 %, 34
2026/10/10 17:43:23.014, 7, 77409 MiB, 100 %, 275.34 W, 1980 MHz, 15 %, 69
2026/10/10 17:43:24.014, 0, 77409 MiB, 100 %, 248.37 W, 1980 MHz, 15 %, 34
2026/10/10 17:43:24.014, 1, 77409 MiB, 100 %, 268.21 W, 1980 MHz, 15 %, 58
2026/10/10 17:43:24.014, 2, 77409 MiB, 100 %, 248.05 W, 1980 MHz, 15 %, 38
2026/10/10 17:43:24.014, 3, 77409 MiB, 100 %, 246.36 W, 1980 MHz, 16 %, 32
2026/10/10 17:43:24.014, 4, 77409 MiB, 100 %, 243.14 W, 1980 MHz, 15 %, 33
2026/10/10 17:43:24.014, 5, 77409 MiB, 100 %, 248.71 W, 1980 MHz, 15 %, 37
2026/10/10 17:43:24.014, 6, 77409 MiB, 100 %, 240.56 W, 1980 MHz, 15 %, 34
2026/10/10 17:43:24.014, 7, 77409 MiB, 100 %, 277.79 W, 1980 MHz, 15 %, 69
2026/10/10 17:43:25.014, 0, 77409 MiB, 100 %, 248.46 W, 1980 MHz, 15 %, 34
2026/10/10 17:43:25.015, 1, 77409 MiB, 100 %, 267.10 W, 1980 MHz, 15 %, 58
2026/10/10 17:43:25.015, 2, 77409 MiB, 100 %, 247.73 W, 1980 MHz, 15 %, 38
2026/10/10 17:43:25.015, 3, 77409 MiB, 100 %, 248.29 W, 1980 MHz, 16 %, 32
2026/10/10 17:43:25.015, 4, 77409 MiB, 100 %, 242.98 W, 1980 MHz, 15 %, 33
2026/10/10 17:43:25.015, 5, 77409 MiB, 100 %, 249.77 W, 1980 MHz, 15 %, 37
2026/10/10 17:43:25.015, 6, 77409 MiB, 100 %, 239.79 W, 1980 MHz, 15 %, 34
2026/10/10 17:43:25.015, 7, 77409 MiB, 100 %, 277.85 W, 1980 MHz, 15 %, 69
2026/10/10 17:43:26.015, 0, 77409 MiB, 100 %, 248.86 W, 1980 MHz, 15 %, 34
2026/10/10 17:43:26.015, 1, 77409 MiB, 100 %, 268.25 W, 1980 MHz, 15 %, 58
2026/10/10 17:43:26.015, 2, 77409 MiB, 100 %, 248.25 W, 1980 MHz, 15 %, 38
2026/10/10 17:43:26.015, 3, 77409 MiB, 100 %, 247.46 W, 1980 MHz, 15 %, 32
2026/10/10 17:43:26.015, 4, 77409 MiB, 100 %, 243.07 W, 1980 MHz, 15 %, 33
2026/10/10 17:43:26.015, 5, 77409 MiB, 100 %, 249.75 W, 1980 MHz, 15 %, 37
2026/10/10 17:43:26.015, 6, 77409 MiB, 100 %, 240.14 W, 1980 MHz, 15 %, 34
2026/10/10 17:43:26.015, 7, 77409 MiB, 100 %, 276.14 W, 1980 MHz, 15 %, 69
2026/10/10 17:43:27.016, 0, 77409 MiB, 100 %, 249.86 W, 1980 MHz, 15 %, 34
2026/10/10 17:43:27.016, 1, 77409 MiB, 100 %, 268.10 W, 1980 MHz, 15 %, 58
2026/10/10 17:43:27.016, 2, 77409 MiB, 100 %, 248.50 W, 1980 MHz, 15 %, 38
2026/10/10 17:43:27.016, 3, 77409 MiB, 100 %, 247.72 W, 1980 MHz, 15 %, 32
2026/10/10 17:43:27.016, 4, 77409 MiB, 100 %, 242.60 W, 1980 MHz, 15 %, 33
2026/10/10 17:43:27.016, 5, 77409 MiB, 100 %, 246.92 W, 1980 MHz, 15 %, 37
2026/10/10 17:43:27.016, 6, 77409 MiB, 100 %, 240.38 W, 1980 MHz, 15 %, 34
2026/10/10 17:43:27.016, 7, 77409 MiB, 100 %, 277.63 W, 1980 MHz, 15 %, 69
2026/10/10 17:43:28.016, 0, 77409 MiB, 100 %, 249.39 W, 1980 MHz, 15 %, 34
2026/10/10 17:43:28.016, 1, 77409 MiB, 100 %, 266.72 W, 1980 MHz, 15 %, 58
2026/10/10 17:43:28.017, 2, 77409 MiB, 100 %, 248.40 W, 1980 MHz, 15 %, 38
2026/10/10 17:43:28.017, 3, 77409 MiB, 100 %, 246.80 W, 1980 MHz, 16 %, 32
2026/10/10 17:43:28.017, 4, 77409 MiB, 100 %, 243.25 W, 1980 MHz, 15 %, 33
2026/10/10 17:43:28.017, 5, 77409 MiB, 100 %, 248.36 W, 1980 MHz, 15 %, 37
2026/10/10 17:43:28.017, 6, 77409 MiB, 100 %, 239.73 W, 1980 MHz, 15 %, 34
2026/10/10 17:43:28.017, 7, 77409 MiB, 100 %, 276.85 W, 1980 MHz, 15 %, 69
2026/10/10 17:43:29.017, 0, 77409 MiB, 100 %, 249.42 W, 1980 MHz, 15 %, 34
2026/10/10 17:43:29.017, 1, 77409 MiB, 100 %, 267.38 W, 1980 MHz, 15 %, 58
2026/10/10 17:43:29.017, 2, 77409 MiB, 100 %, 248.66 W, 1980 MHz, 15 %, 38
2026/10/10 17:43:29.017, 3, 77409 MiB, 100 %, 246.89 W, 1980 MHz, 16 %, 32
2026/10/10 17:43:29.017, 4, 77409 MiB, 100 %, 241.62 W, 1980 MHz, 16 %, 33
2026/10/10 17:43:29.017, 5, 77409 MiB, 100 %, 247.92 W, 1980 MHz, 15 %, 37
2026/10/10 17:43:29.017, 6, 77409 MiB, 100 %, 240.82 W, 1980 MHz, 15 %, 34
2026/10/10 17:43:29.018, 7, 77409 MiB, 100 %, 278.22 W, 1980 MHz, 15 %, 69
2026/10/10 17:43:30.018, 0, 77409 MiB, 100 %, 248.07 W, 1980 MHz, 15 %, 34
2026/10/10 17:43:30.018, 1, 77409 MiB, 100 %, 268.04 W, 1980 MHz, 15 %, 58
2026/10/10 17:43:30.018, 2, 77409 MiB, 100 %, 247.01 W, 1980 MHz, 15 %, 38
2026/10/10 17:43:30.018, 3, 77409 MiB, 100 %, 249.30 W, 1980 MHz, 15 %, 32
2026/10/10 17:43:30.018, 4, 77409 MiB, 100 %, 243.15 W, 1980 MHz, 15 %, 33
2026/10/10 17:43:30.018, 5, 77409 MiB, 100 %, 247.52 W, 1980 MHz, 15 %, 37
2026/10/10 17:43:30.018, 6, 77409 MiB, 100 %, 240.30 W, 1980 MHz, 15 %, 34
2026/10/10 17:43:30.018, 7, 77409 MiB, 100 %, 276.10 W, 1980 MHz, 15 %, 69
2026/10/10 17:43:31.018, 0, 77409 MiB, 100 %, 247.44 W, 1980 MHz, 15 %, 34
2026/10/10 17:43:31.019, 1, 77409 MiB, 100 %, 267.88 W, 1980 MHz, 15 %, 58
2026/10/10 17:43:31.019, 2, 77409 MiB, 100 %, 247.69 W, 1980 MHz, 15 %, 38
2026/10/10 17:43:31.019, 3, 77409 MiB, 100 %, 246.46 W, 1980 MHz, 16 %, 32
2026/10/10 17:43:31.019, 4, 77409 MiB, 100 %, 241.55 W, 1980 MHz, 15 %, 33
2026/10/10 17:43:31.019, 5, 77409 MiB, 100 %, 248.01 W, 1980 MHz, 15 %, 37
2026/10/10 17:43:31.019, 6, 77409 MiB, 100 %, 239.05 W, 1980 MHz, 15 %, 34
2026/10/10 17:43:31.019, 7, 77409 MiB, 100 %, 277.04 W, 1980 MHz, 15 %, 69
2026/10/10 17:43:32.019, 0, 77409 MiB, 62 %, 245.86 W, 1980 MHz, 10 %, 34
2026/10/10 17:43:32.019, 1, 77409 MiB, 100 %, 264.71 W, 1980 MHz, 15 %, 58
2026/10/10 17:43:32.019, 2, 77409 MiB, 100 %, 244.64 W, 1980 MHz, 15 %, 38
2026/10/10 17:43:32.019, 3, 77409 MiB, 100 %, 244.72 W, 1980 MHz, 15 %, 32
2026/10/10 17:43:32.019, 4, 77409 MiB, 99 %, 241.41 W, 1980 MHz, 15 %, 32
2026/10/10 17:43:32.020, 5, 77409 MiB, 57 %, 247.42 W, 1980 MHz, 9 %, 39
2026/10/10 17:43:32.020, 6, 77409 MiB, 95 %, 239.75 W, 1980 MHz, 15 %, 33
2026/10/10 17:43:32.020, 7, 77409 MiB, 100 %, 276.04 W, 1980 MHz, 15 %, 69
2026/10/10 17:43:33.020, 0, 77409 MiB, 100 %, 450.38 W, 1980 MHz, 15 %, 35
2026/10/10 17:43:33.020, 1, 77409 MiB, 100 %, 470.48 W, 1980 MHz, 15 %, 59
2026/10/10 17:43:33.020, 2, 77409 MiB, 100 %, 443.03 W, 1980 MHz, 15 %, 39
2026/10/10 17:43:33.020, 3, 77409 MiB, 100 %, 451.93 W, 1980 MHz, 15 %, 34
2026/10/10 17:43:33.020, 4, 77409 MiB, 100 %, 451.83 W, 1980 MHz, 16 %, 35
2026/10/10 17:43:33.020, 5, 77409 MiB, 100 %, 447.08 W, 1980 MHz, 15 %, 38
2026/10/10 17:43:33.020, 6, 77409 MiB, 100 %, 445.94 W, 1980 MHz, 16 %, 36
2026/10/10 17:43:33.020, 7, 77409 MiB, 100 %, 469.81 W, 1980 MHz, 15 %, 71
2026/10/10 17:43:34.021, 0, 77409 MiB, 100 %, 250.89 W, 1980 MHz, 16 %, 35
2026/10/10 17:43:34.021, 1, 77409 MiB, 100 %, 265.41 W, 1980 MHz, 15 %, 59
2026/10/10 17:43:34.021, 2, 77409 MiB, 100 %, 252.24 W, 1980 MHz, 15 %, 38
2026/10/10 17:43:34.021, 3, 77409 MiB, 100 %, 245.28 W, 1980 MHz, 15 %, 33
2026/10/10 17:43:34.021, 4, 77409 MiB, 100 %, 245.19 W, 1980 MHz, 15 %, 33
2026/10/10 17:43:34.022, 5, 77409 MiB, 100 %, 248.35 W, 1980 MHz, 15 %, 37
2026/10/10 17:43:34.022, 6, 77409 MiB, 100 %, 242.64 W, 1980 MHz, 15 %, 35
2026/10/10 17:43:34.022, 7, 77409 MiB, 100 %, 273.30 W, 1980 MHz, 15 %, 70
2026/10/10 17:43:35.022, 0, 77409 MiB, 100 %, 251.37 W, 1980 MHz, 16 %, 34
2026/10/10 17:43:35.022, 1, 77409 MiB, 100 %, 265.97 W, 1980 MHz, 15 %, 59
2026/10/10 17:43:35.022, 2, 77409 MiB, 100 %, 252.18 W, 1980 MHz, 15 %, 38
2026/10/10 17:43:35.022, 3, 77409 MiB, 100 %, 245.20 W, 1980 MHz, 15 %, 33
2026/10/10 17:43:35.022, 4, 77409 MiB, 100 %, 244.54 W, 1980 MHz, 16 %, 33
2026/10/10 17:43:35.022, 5, 77409 MiB, 100 %, 248.19 W, 1980 MHz, 15 %, 37
2026/10/10 17:43:35.022, 6, 77409 MiB, 100 %, 242.30 W, 1980 MHz, 16 %, 35
2026/10/10 17:43:35.022, 7, 77409 MiB, 100 %, 275.52 W, 1980 MHz, 15 %, 70
2026/10/10 17:43:36.022, 0, 77409 MiB, 100 %, 253.31 W, 1980 MHz, 15 %, 34
2026/10/10 17:43:36.023, 1, 77409 MiB, 100 %, 266.51 W, 1980 MHz, 15 %, 59
2026/10/10 17:43:36.023, 2, 77409 MiB, 100 %, 253.82 W, 1980 MHz, 16 %, 38
2026/10/10 17:43:36.023, 3, 77409 MiB, 100 %, 247.13 W, 1980 MHz, 15 %, 33
2026/10/10 17:43:36.023, 4, 77409 MiB, 100 %, 244.66 W, 1980 MHz, 15 %, 33
2026/10/10 17:43:36.023, 5, 77409 MiB, 100 %, 248.60 W, 1980 MHz, 15 %, 37
2026/10/10 17:43:36.023, 6, 77409 MiB, 100 %, 242.15 W, 1980 MHz, 15 %, 34
2026/10/10 17:43:36.023, 7, 77409 MiB, 100 %, 276.21 W, 1980 MHz, 15 %, 69
2026/10/10 17:43:37.023, 0, 77409 MiB, 100 %, 250.50 W, 1980 MHz, 15 %, 34
2026/10/10 17:43:37.023, 1, 77409 MiB, 100 %, 268.08 W, 1980 MHz, 15 %, 59
2026/10/10 17:43:37.023, 2, 77409 MiB, 100 %, 249.29 W, 1980 MHz, 15 %, 38
2026/10/10 17:43:37.023, 3, 77409 MiB, 100 %, 245.63 W, 1980 MHz, 15 %, 33
2026/10/10 17:43:37.023, 4, 77409 MiB, 100 %, 245.38 W, 1980 MHz, 16 %, 33
2026/10/10 17:43:37.023, 5, 77409 MiB, 100 %, 250.96 W, 1980 MHz, 15 %, 37
2026/10/10 17:43:37.024, 6, 77409 MiB, 100 %, 241.61 W, 1980 MHz, 15 %, 34
2026/10/10 17:43:37.024, 7, 77409 MiB, 100 %, 275.74 W, 1980 MHz, 15 %, 69
2026/10/10 17:43:38.024, 0, 77409 MiB, 100 %, 250.49 W, 1980 MHz, 16 %, 34
2026/10/10 17:43:38.024, 1, 77409 MiB, 100 %, 266.04 W, 1980 MHz, 15 %, 59
2026/10/10 17:43:38.024, 2, 77409 MiB, 100 %, 251.29 W, 1980 MHz, 15 %, 38
2026/10/10 17:43:38.024, 3, 77409 MiB, 100 %, 245.30 W, 1980 MHz, 15 %, 32
2026/10/10 17:43:38.024, 4, 77409 MiB, 100 %, 245.53 W, 1980 MHz, 16 %, 33
2026/10/10 17:43:38.024, 5, 77409 MiB, 100 %, 250.30 W, 1980 MHz, 15 %, 37
2026/10/10 17:43:38.024, 6, 77409 MiB, 100 %, 240.51 W, 1980 MHz, 15 %, 34
2026/10/10 17:43:38.024, 7, 77409 MiB, 100 %, 274.67 W, 1980 MHz, 15 %, 69
2026/10/10 17:43:39.024, 0, 77409 MiB, 100 %, 252.16 W, 1980 MHz, 16 %, 34
2026/10/10 17:43:39.025, 1, 77409 MiB, 100 %, 267.82 W, 1980 MHz, 15 %, 58
2026/10/10 17:43:39.025, 2, 77409 MiB, 100 %, 252.84 W, 1980 MHz, 15 %, 38
2026/10/10 17:43:39.025, 3, 77409 MiB, 100 %, 244.71 W, 1980 MHz, 15 %, 32
2026/10/10 17:43:39.025, 4, 77409 MiB, 100 %, 246.85 W, 1980 MHz, 16 %, 33
2026/10/10 17:43:39.025, 5, 77409 MiB, 100 %, 249.08 W, 1980 MHz, 15 %, 37
2026/10/10 17:43:39.025, 6, 77409 MiB, 100 %, 239.40 W, 1980 MHz, 15 %, 34
2026/10/10 17:43:39.025, 7, 77409 MiB, 100 %, 275.07 W, 1980 MHz, 15 %, 69
2026/10/10 17:43:40.025, 0, 77409 MiB, 100 %, 252.26 W, 1980 MHz, 15 %, 34
2026/10/10 17:43:40.025, 1, 77409 MiB, 100 %, 268.31 W, 1980 MHz, 15 %, 58
2026/10/10 17:43:40.025, 2, 77409 MiB, 100 %, 252.56 W, 1980 MHz, 16 %, 38
2026/10/10 17:43:40.025, 3, 77409 MiB, 100 %, 246.66 W, 1980 MHz, 15 %, 32
2026/10/10 17:43:40.025, 4, 77409 MiB, 100 %, 245.60 W, 1980 MHz, 16 %, 33
2026/10/10 17:43:40.025, 5, 77409 MiB, 100 %, 249.53 W, 1980 MHz, 15 %, 37
2026/10/10 17:43:40.026, 6, 77409 MiB, 100 %, 239.94 W, 1980 MHz, 15 %, 34
2026/10/10 17:43:40.026, 7, 77409 MiB, 100 %, 273.51 W, 1980 MHz, 15 %, 69
2026/10/10 17:43:41.026, 0, 77409 MiB, 100 %, 250.02 W, 1980 MHz, 15 %, 34
2026/10/10 17:43:41.026, 1, 77409 MiB, 100 %, 267.43 W, 1980 MHz, 15 %, 58
2026/10/10 17:43:41.026, 2, 77409 MiB, 100 %, 250.32 W, 1980 MHz, 15 %, 38
2026/10/10 17:43:41.026, 3, 77409 MiB, 100 %, 244.92 W, 1980 MHz, 15 %, 32
2026/10/10 17:43:41.026, 4, 77409 MiB, 100 %, 245.13 W, 1980 MHz, 16 %, 33
2026/10/10 17:43:41.026, 5, 77409 MiB, 100 %, 250.62 W, 1980 MHz, 15 %, 37
2026/10/10 17:43:41.026, 6, 77409 MiB, 100 %, 241.98 W, 1980 MHz, 15 %, 34
2026/10/10 17:43:41.026, 7, 77409 MiB, 100 %, 275.50 W, 1980 MHz, 15 %, 69
2026/10/10 17:43:42.026, 0, 77409 MiB, 100 %, 252.32 W, 1980 MHz, 16 %, 34
2026/10/10 17:43:42.027, 1, 77409 MiB, 100 %, 266.75 W, 1980 MHz, 15 %, 58
2026/10/10 17:43:42.027, 2, 77409 MiB, 100 %, 250.95 W, 1980 MHz, 15 %, 38
2026/10/10 17:43:42.027, 3, 77409 MiB, 100 %, 247.16 W, 1980 MHz, 15 %, 32
2026/10/10 17:43:42.027, 4, 77409 MiB, 100 %, 245.45 W, 1980 MHz, 15 %, 33
2026/10/10 17:43:42.028, 5, 77409 MiB, 100 %, 250.95 W, 1980 MHz, 15 %, 37
2026/10/10 17:43:42.028, 6, 77409 MiB, 100 %, 241.92 W, 1980 MHz, 15 %, 34
2026/10/10 17:43:42.028, 7, 77409 MiB, 100 %, 274.76 W, 1980 MHz, 15 %, 69
2026/10/10 17:43:43.028, 0, 77409 MiB, 100 %, 253.90 W, 1980 MHz, 16 %, 34
2026/10/10 17:43:43.028, 1, 77409 MiB, 100 %, 265.69 W, 1980 MHz, 15 %, 58
2026/10/10 17:43:43.028, 2, 77409 MiB, 100 %, 251.35 W, 1980 MHz, 15 %, 38
2026/10/10 17:43:43.028, 3, 77409 MiB, 100 %, 245.54 W, 1980 MHz, 15 %, 32
2026/10/10 17:43:43.028, 4, 77409 MiB, 100 %, 246.34 W, 1980 MHz, 16 %, 33
2026/10/10 17:43:43.028, 5, 77409 MiB, 100 %, 248.82 W, 1980 MHz, 15 %, 37
2026/10/10 17:43:43.028, 6, 77409 MiB, 100 %, 239.66 W, 1980 MHz, 15 %, 34
2026/10/10 17:43:43.028, 7, 77409 MiB, 100 %, 274.20 W, 1980 MHz, 15 %, 69
2026/10/10 17:43:44.028, 0, 77409 MiB, 100 %, 253.19 W, 1980 MHz, 16 %, 34
2026/10/10 17:43:44.029, 1, 77409 MiB, 100 %, 265.82 W, 1980 MHz, 15 %, 58
2026/10/10 17:43:44.029, 2, 77409 MiB, 100 %, 251.47 W, 1980 MHz, 15 %, 38
2026/10/10 17:43:44.029, 3, 77409 MiB, 100 %, 245.06 W, 1980 MHz, 15 %, 32
2026/10/10 17:43:44.029, 4, 77409 MiB, 100 %, 244.63 W, 1980 MHz, 15 %, 33
2026/10/10 17:43:44.029, 5, 77409 MiB, 100 %, 249.70 W, 1980 MHz, 15 %, 37
2026/10/10 17:43:44.029, 6, 77409 MiB, 100 %, 241.87 W, 1980 MHz, 15 %, 34
2026/10/10 17:43:44.029, 7, 77409 MiB, 100 %, 273.98 W, 1980 MHz, 15 %, 69
2026/10/10 17:43:45.029, 0, 77409 MiB, 100 %, 250.40 W, 1980 MHz, 15 %, 34
2026/10/10 17:43:45.029, 1, 77409 MiB, 100 %, 267.72 W, 1980 MHz, 16 %, 59
2026/10/10 17:43:45.029, 2, 77409 MiB, 100 %, 251.06 W, 1980 MHz, 15 %, 38
2026/10/10 17:43:45.029, 3, 77409 MiB, 100 %, 243.86 W, 1980 MHz, 15 %, 32
2026/10/10 17:43:45.029, 4, 77409 MiB, 100 %, 246.50 W, 1980 MHz, 15 %, 33
2026/10/10 17:43:45.029, 5, 77409 MiB, 100 %, 251.13 W, 1980 MHz, 16 %, 37
2026/10/10 17:43:45.030, 6, 77409 MiB, 100 %, 241.68 W, 1980 MHz, 15 %, 34
2026/10/10 17:43:45.030, 7, 77409 MiB, 100 %, 274.94 W, 1980 MHz, 15 %, 69
2026/10/10 17:43:46.030, 0, 77409 MiB, 100 %, 251.26 W, 1980 MHz, 15 %, 34
2026/10/10 17:43:46.030, 1, 77409 MiB, 100 %, 269.87 W, 1980 MHz, 15 %, 58
2026/10/10 17:43:46.030, 2, 77409 MiB, 100 %, 251.11 W, 1980 MHz, 15 %, 38
2026/10/10 17:43:46.030, 3, 77409 MiB, 100 %, 245.58 W, 1980 MHz, 15 %, 32
2026/10/10 17:43:46.030, 4, 77409 MiB, 100 %, 246.04 W, 1980 MHz, 15 %, 33
2026/10/10 17:43:46.030, 5, 77409 MiB, 100 %, 250.58 W, 1980 MHz, 15 %, 37
2026/10/10 17:43:46.030, 6, 77409 MiB, 100 %, 241.56 W, 1980 MHz, 16 %, 34
2026/10/10 17:43:46.030, 7, 77409 MiB, 100 %, 275.80 W, 1980 MHz, 15 %, 69
2026/10/10 17:43:47.030, 0, 77409 MiB, 100 %, 251.98 W, 1980 MHz, 16 %, 34
2026/10/10 17:43:47.031, 1, 77409 MiB, 100 %, 266.04 W, 1980 MHz, 15 %, 58
2026/10/10 17:43:47.031, 2, 77409 MiB, 100 %, 252.00 W, 1980 MHz, 15 %, 38
2026/10/10 17:43:47.031, 3, 77409 MiB, 100 %, 244.15 W, 1980 MHz, 15 %, 32
2026/10/10 17:43:47.031, 4, 77409 MiB, 100 %, 246.06 W, 1980 MHz, 16 %, 33
2026/10/10 17:43:47.031, 5, 77409 MiB, 100 %, 247.84 W, 1980 MHz, 15 %, 37
2026/10/10 17:43:47.031, 6, 77409 MiB, 100 %, 240.47 W, 1980 MHz, 15 %, 34
2026/10/10 17:43:47.031, 7, 77409 MiB, 100 %, 274.61 W, 1980 MHz, 15 %, 69
2026/10/10 17:43:48.031, 0, 77409 MiB, 100 %, 253.20 W, 1980 MHz, 15 %, 34
2026/10/10 17:43:48.031, 1, 77409 MiB, 100 %, 268.08 W, 1980 MHz, 15 %, 58
2026/10/10 17:43:48.031, 2, 77409 MiB, 100 %, 251.99 W, 1980 MHz, 15 %, 38
2026/10/10 17:43:48.031, 3, 77409 MiB, 100 %, 245.99 W, 1980 MHz, 15 %, 32
2026/10/10 17:43:48.031, 4, 77409 MiB, 100 %, 247.17 W, 1980 MHz, 16 %, 33
2026/10/10 17:43:48.031, 5, 77409 MiB, 100 %, 248.25 W, 1980 MHz, 15 %, 37
2026/10/10 17:43:48.031, 6, 77409 MiB, 100 %, 239.82 W, 1980 MHz, 16 %, 34
2026/10/10 17:43:48.031, 7, 77409 MiB, 100 %, 274.52 W, 1980 MHz, 15 %, 69
2026/10/10 17:43:49.032, 0, 77409 MiB, 100 %, 250.87 W, 1980 MHz, 15 %, 34
2026/10/10 17:43:49.032, 1, 77409 MiB, 100 %, 266.92 W, 1980 MHz, 15 %, 58
2026/10/10 17:43:49.032, 2, 77409 MiB, 100 %, 250.25 W, 1980 MHz, 15 %, 38
2026/10/10 17:43:49.032, 3, 77409 MiB, 100 %, 244.99 W, 1980 MHz, 15 %, 32
2026/10/10 17:43:49.032, 4, 77409 MiB, 100 %, 245.67 W, 1980 MHz, 16 %, 33
2026/10/10 17:43:49.032, 5, 77409 MiB, 100 %, 250.93 W, 1980 MHz, 16 %, 37
2026/10/10 17:43:49.032, 6, 77409 MiB, 100 %, 241.14 W, 1980 MHz, 15 %, 34
2026/10/10 17:43:49.032, 7, 77409 MiB, 100 %, 274.88 W, 1980 MHz, 15 %, 69
2026/10/10 17:43:50.032, 0, 77409 MiB, 100 %, 252.33 W, 1980 MHz, 16 %, 34
2026/10/10 17:43:50.032, 1, 77409 MiB, 100 %, 268.23 W, 1980 MHz, 15 %, 58
2026/10/10 17:43:50.032, 2, 77409 MiB, 100 %, 252.84 W, 1980 MHz, 15 %, 38
2026/10/10 17:43:50.032, 3, 77409 MiB, 100 %, 242.98 W, 1980 MHz, 15 %, 32
2026/10/10 17:43:50.032, 4, 77409 MiB, 100 %, 246.13 W, 1980 MHz, 16 %, 33
2026/10/10 17:43:50.033, 5, 77409 MiB, 100 %, 250.60 W, 1980 MHz, 15 %, 37
2026/10/10 17:43:50.033, 6, 77409 MiB, 100 %, 240.40 W, 1980 MHz, 15 %, 34
2026/10/10 17:43:50.033, 7, 77409 MiB, 100 %, 275.43 W, 1980 MHz, 15 %, 70
2026/10/10 17:43:51.033, 0, 77409 MiB, 63 %, 250.47 W, 1980 MHz, 10 %, 34
2026/10/10 17:43:51.033, 1, 77409 MiB, 49 %, 265.39 W, 1980 MHz, 8 %, 58
2026/10/10 17:43:51.033, 2, 77409 MiB, 100 %, 248.65 W, 1980 MHz, 15 %, 38
2026/10/10 17:43:51.033, 3, 77409 MiB, 100 %, 242.45 W, 1980 MHz, 15 %, 32
2026/10/10 17:43:51.033, 4, 77409 MiB, 100 %, 243.86 W, 1980 MHz, 16 %, 32
2026/10/10 17:43:51.033, 5, 77409 MiB, 58 %, 249.81 W, 1980 MHz, 9 %, 39
2026/10/10 17:43:51.033, 6, 77409 MiB, 95 %, 251.67 W, 1980 MHz, 15 %, 33
2026/10/10 17:43:51.033, 7, 77409 MiB, 47 %, 285.42 W, 1980 MHz, 11 %, 75
2026/10/10 17:43:52.033, 0, 77409 MiB, 100 %, 447.94 W, 1980 MHz, 15 %, 36
2026/10/10 17:43:52.034, 1, 77409 MiB, 100 %, 472.65 W, 1980 MHz, 15 %, 59
2026/10/10 17:43:52.034, 2, 77409 MiB, 100 %, 442.90 W, 1980 MHz, 15 %, 39
2026/10/10 17:43:52.034, 3, 77409 MiB, 100 %, 448.39 W, 1980 MHz, 15 %, 34
2026/10/10 17:43:52.034, 4, 77409 MiB, 100 %, 443.72 W, 1980 MHz, 15 %, 35
2026/10/10 17:43:52.034, 5, 77409 MiB, 100 %, 448.11 W, 1980 MHz, 15 %, 39
2026/10/10 17:43:52.034, 6, 77409 MiB, 100 %, 431.83 W, 1980 MHz, 15 %, 36
2026/10/10 17:43:52.034, 7, 77409 MiB, 100 %, 466.05 W, 1980 MHz, 15 %, 70
2026/10/10 17:43:53.034, 0, 77409 MiB, 100 %, 250.23 W, 1980 MHz, 15 %, 35
2026/10/10 17:43:53.034, 1, 77409 MiB, 100 %, 266.78 W, 1980 MHz, 15 %, 59
2026/10/10 17:43:53.034, 2, 77409 MiB, 100 %, 252.53 W, 1980 MHz, 15 %, 39
2026/10/10 17:43:53.034, 3, 77409 MiB, 100 %, 247.67 W, 1980 MHz, 15 %, 33
2026/10/10 17:43:53.034, 4, 77409 MiB, 100 %, 241.61 W, 1980 MHz, 15 %, 34
2026/10/10 17:43:53.034, 5, 77409 MiB, 100 %, 249.40 W, 1980 MHz, 16 %, 38
2026/10/10 17:43:53.034, 6, 77409 MiB, 100 %, 240.66 W, 1980 MHz, 16 %, 35
2026/10/10 17:43:53.034, 7, 77409 MiB, 100 %, 278.62 W, 1980 MHz, 15 %, 70
2026/10/10 17:43:54.035, 0, 77409 MiB, 100 %, 250.07 W, 1980 MHz, 16 %, 35
2026/10/10 17:43:54.035, 1, 77409 MiB, 100 %, 269.31 W, 1980 MHz, 16 %, 59
2026/10/10 17:43:54.035, 2, 77409 MiB, 100 %, 252.96 W, 1980 MHz, 15 %, 39
2026/10/10 17:43:54.035, 3, 77409 MiB, 100 %, 248.33 W, 1980 MHz, 15 %, 33
2026/10/10 17:43:54.035, 4, 77409 MiB, 100 %, 241.46 W, 1980 MHz, 15 %, 33
2026/10/10 17:43:54.035, 5, 77409 MiB, 100 %, 248.90 W, 1980 MHz, 15 %, 37
2026/10/10 17:43:54.035, 6, 77409 MiB, 100 %, 242.26 W, 1980 MHz, 15 %, 35
2026/10/10 17:43:54.035, 7, 77409 MiB, 100 %, 278.46 W, 1980 MHz, 16 %, 70
2026/10/10 17:43:55.035, 0, 77409 MiB, 100 %, 247.84 W, 1980 MHz, 15 %, 34
2026/10/10 17:43:55.035, 1, 77409 MiB, 100 %, 270.03 W, 1980 MHz, 16 %, 59
2026/10/10 17:43:55.035, 2, 77409 MiB, 100 %, 251.93 W, 1980 MHz, 15 %, 39
2026/10/10 17:43:55.035, 3, 77409 MiB, 100 %, 247.80 W, 1980 MHz, 15 %, 33
2026/10/10 17:43:55.035, 4, 77409 MiB, 100 %, 242.11 W, 1980 MHz, 15 %, 33
2026/10/10 17:43:55.035, 5, 77409 MiB, 100 %, 249.24 W, 1980 MHz, 15 %, 37
2026/10/10 17:43:55.036, 6, 77409 MiB, 100 %, 240.91 W, 1980 MHz, 16 %, 35
2026/10/10 17:43:55.036, 7, 77409 MiB, 100 %, 277.65 W, 1980 MHz, 15 %, 70
2026/10/10 17:43:56.036, 0, 77409 MiB, 100 %, 248.21 W, 1980 MHz, 15 %, 34
2026/10/10 17:43:56.036, 1, 77409 MiB, 100 %, 271.75 W, 1980 MHz, 15 %, 59
2026/10/10 17:43:56.036, 2, 77409 MiB, 100 %, 251.14 W, 1980 MHz, 15 %, 39
2026/10/10 17:43:56.036, 3, 77409 MiB, 100 %, 247.79 W, 1980 MHz, 15 %, 33
2026/10/10 17:43:56.036, 4, 77409 MiB, 100 %, 242.41 W, 1980 MHz, 15 %, 33
2026/10/10 17:43:56.036, 5, 77409 MiB, 100 %, 247.51 W, 1980 MHz, 15 %, 37
2026/10/10 17:43:56.036, 6, 77409 MiB, 100 %, 241.73 W, 1980 MHz, 16 %, 35
2026/10/10 17:43:56.036, 7, 77409 MiB, 100 %, 278.74 W, 1980 MHz, 15 %, 70
2026/10/10 17:43:57.036, 0, 77409 MiB, 100 %, 248.34 W, 1980 MHz, 15 %, 34
2026/10/10 17:43:57.036, 1, 77409 MiB, 100 %, 273.61 W, 1980 MHz, 16 %, 59
2026/10/10 17:43:57.037, 2, 77409 MiB, 100 %, 252.17 W, 1980 MHz, 15 %, 38
2026/10/10 17:43:57.037, 3, 77409 MiB, 100 %, 247.15 W, 1980 MHz, 15 %, 33
2026/10/10 17:43:57.037, 4, 77409 MiB, 100 %, 242.30 W, 1980 MHz, 15 %, 33
2026/10/10 17:43:57.037, 5, 77409 MiB, 100 %, 248.68 W, 1980 MHz, 15 %, 37
2026/10/10 17:43:57.037, 6, 77409 MiB, 100 %, 242.15 W, 1980 MHz, 16 %, 34
2026/10/10 17:43:57.037, 7, 77409 MiB, 100 %, 277.37 W, 1980 MHz, 15 %, 70
2026/10/10 17:43:58.037, 0, 77409 MiB, 100 %, 248.10 W, 1980 MHz, 15 %, 34
2026/10/10 17:43:58.037, 1, 77409 MiB, 100 %, 270.86 W, 1980 MHz, 16 %, 59
2026/10/10 17:43:58.037, 2, 77409 MiB, 100 %, 253.04 W, 1980 MHz, 15 %, 38
2026/10/10 17:43:58.037, 3, 77409 MiB, 100 %, 246.73 W, 1980 MHz, 15 %, 33
2026/10/10 17:43:58.037, 4, 77409 MiB, 100 %, 242.34 W, 1980 MHz, 15 %, 33
2026/10/10 17:43:58.037, 5, 77409 MiB, 100 %, 250.97 W, 1980 MHz, 15 %, 37
2026/10/10 17:43:58.038, 6, 77409 MiB, 100 %, 240.41 W, 1980 MHz, 15 %, 34
2026/10/10 17:43:58.038, 7, 77409 MiB, 100 %, 276.37 W, 1980 MHz, 15 %, 70
2026/10/10 17:43:59.038, 0, 77409 MiB, 100 %, 247.57 W, 1980 MHz, 15 %, 34
2026/10/10 17:43:59.038, 1, 77409 MiB, 100 %, 269.33 W, 1980 MHz, 16 %, 59
2026/10/10 17:43:59.038, 2, 77409 MiB, 100 %, 251.53 W, 1980 MHz, 15 %, 38
2026/10/10 17:43:59.038, 3, 77409 MiB, 100 %, 247.60 W, 1980 MHz, 15 %, 33
2026/10/10 17:43:59.038, 4, 77409 MiB, 100 %, 242.17 W, 1980 MHz, 15 %, 33
2026/10/10 17:43:59.038, 5, 77409 MiB, 100 %, 249.65 W, 1980 MHz, 15 %, 37
2026/10/10 17:43:59.038, 6, 77409 MiB, 100 %, 241.62 W, 1980 MHz, 16 %, 35
2026/10/10 17:43:59.038, 7, 77409 MiB, 100 %, 276.88 W, 1980 MHz, 15 %, 70
2026/10/10 17:44:00.038, 0, 77409 MiB, 100 %, 249.51 W, 1980 MHz, 16 %, 34
2026/10/10 17:44:00.039, 1, 77409 MiB, 100 %, 269.93 W, 1980 MHz, 15 %, 59
2026/10/10 17:44:00.039, 2, 77409 MiB, 100 %, 251.90 W, 1980 MHz, 15 %, 38
2026/10/10 17:44:00.039, 3, 77409 MiB, 100 %, 246.92 W, 1980 MHz, 15 %, 33
2026/10/10 17:44:00.039, 4, 77409 MiB, 100 %, 241.43 W, 1980 MHz, 15 %, 33
2026/10/10 17:44:00.039, 5, 77409 MiB, 100 %, 250.99 W, 1980 MHz, 15 %, 37
2026/10/10 17:44:00.039, 6, 77409 MiB, 100 %, 241.43 W, 1980 MHz, 15 %, 34
2026/10/10 17:44:00.039, 7, 77409 MiB, 100 %, 277.08 W, 1980 MHz, 15 %, 70
2026/10/10 17:44:01.039, 0, 77409 MiB, 100 %, 249.98 W, 1980 MHz, 15 %, 34
2026/10/10 17:44:01.039, 1, 77409 MiB, 100 %, 268.89 W, 1980 MHz, 15 %, 59
2026/10/10 17:44:01.039, 2, 77409 MiB, 100 %, 251.29 W, 1980 MHz, 15 %, 38
2026/10/10 17:44:01.039, 3, 77409 MiB, 100 %, 247.53 W, 1980 MHz, 15 %, 33
2026/10/10 17:44:01.039, 4, 77409 MiB, 100 %, 242.13 W, 1980 MHz, 15 %, 33
2026/10/10 17:44:01.039, 5, 77409 MiB, 100 %, 251.14 W, 1980 MHz, 16 %, 37
2026/10/10 17:44:01.039, 6, 77409 MiB, 100 %, 239.72 W, 1980 MHz, 15 %, 34
2026/10/10 17:44:01.039, 7, 77409 MiB, 100 %, 279.12 W, 1980 MHz, 15 %, 70
2026/10/10 17:44:02.040, 0, 77409 MiB, 100 %, 250.53 W, 1980 MHz, 15 %, 34
2026/10/10 17:44:02.040, 1, 77409 MiB, 100 %, 267.42 W, 1980 MHz, 15 %, 59
2026/10/10 17:44:02.040, 2, 77409 MiB, 100 %, 251.32 W, 1980 MHz, 15 %, 38
2026/10/10 17:44:02.040, 3, 77409 MiB, 100 %, 249.36 W, 1980 MHz, 15 %, 33
2026/10/10 17:44:02.040, 4, 77409 MiB, 100 %, 242.40 W, 1980 MHz, 15 %, 33
2026/10/10 17:44:02.040, 5, 77409 MiB, 100 %, 250.36 W, 1980 MHz, 15 %, 37
2026/10/10 17:44:02.040, 6, 77409 MiB, 100 %, 238.44 W, 1980 MHz, 15 %, 34
2026/10/10 17:44:02.040, 7, 77409 MiB, 100 %, 279.70 W, 1980 MHz, 16 %, 70
2026/10/10 17:44:03.040, 0, 77409 MiB, 100 %, 248.21 W, 1980 MHz, 15 %, 34
2026/10/10 17:44:03.041, 1, 77409 MiB, 100 %, 268.88 W, 1980 MHz, 15 %, 59
2026/10/10 17:44:03.041, 2, 77409 MiB, 100 %, 250.18 W, 1980 MHz, 15 %, 38
2026/10/10 17:44:03.041, 3, 77409 MiB, 100 %, 248.73 W, 1980 MHz, 15 %, 33
2026/10/10 17:44:03.041, 4, 77409 MiB, 100 %, 242.36 W, 1980 MHz, 15 %, 33
2026/10/10 17:44:03.041, 5, 77409 MiB, 100 %, 249.73 W, 1980 MHz, 15 %, 37
2026/10/10 17:44:03.041, 6, 77409 MiB, 100 %, 239.74 W, 1980 MHz, 15 %, 34
2026/10/10 17:44:03.041, 7, 77409 MiB, 100 %, 281.36 W, 1980 MHz, 15 %, 70
2026/10/10 17:44:04.041, 0, 77409 MiB, 100 %, 250.07 W, 1980 MHz, 16 %, 34
2026/10/10 17:44:04.041, 1, 77409 MiB, 100 %, 269.43 W, 1980 MHz, 15 %, 59
2026/10/10 17:44:04.041, 2, 77409 MiB, 100 %, 251.51 W, 1980 MHz, 15 %, 38
2026/10/10 17:44:04.041, 3, 77409 MiB, 100 %, 249.11 W, 1980 MHz, 15 %, 33
2026/10/10 17:44:04.041, 4, 77409 MiB, 100 %, 244.54 W, 1980 MHz, 15 %, 33
2026/10/10 17:44:04.042, 5, 77409 MiB, 100 %, 252.23 W, 1980 MHz, 16 %, 37
2026/10/10 17:44:04.042, 6, 77409 MiB, 100 %, 238.61 W, 1980 MHz, 15 %, 34
2026/10/10 17:44:04.042, 7, 77409 MiB, 100 %, 281.91 W, 1980 MHz, 15 %, 70
2026/10/10 17:44:05.042, 0, 77409 MiB, 100 %, 250.34 W, 1980 MHz, 15 %, 34
2026/10/10 17:44:05.042, 1, 77409 MiB, 100 %, 267.50 W, 1980 MHz, 15 %, 59
2026/10/10 17:44:05.042, 2, 77409 MiB, 100 %, 254.10 W, 1980 MHz, 15 %, 38
2026/10/10 17:44:05.042, 3, 77409 MiB, 100 %, 248.95 W, 1980 MHz, 15 %, 33
2026/10/10 17:44:05.042, 4, 77409 MiB, 100 %, 244.76 W, 1980 MHz, 16 %, 33
2026/10/10 17:44:05.042, 5, 77409 MiB, 100 %, 252.02 W, 1980 MHz, 15 %, 37
2026/10/10 17:44:05.042, 6, 77409 MiB, 100 %, 239.30 W, 1980 MHz, 15 %, 34
2026/10/10 17:44:05.042, 7, 77409 MiB, 100 %, 278.77 W, 1980 MHz, 15 %, 70
2026/10/10 17:44:06.043, 0, 77409 MiB, 100 %, 250.79 W, 1980 MHz, 15 %, 34
2026/10/10 17:44:06.043, 1, 77409 MiB, 100 %, 268.20 W, 1980 MHz, 15 %, 59
2026/10/10 17:44:06.043, 2, 77409 MiB, 100 %, 251.06 W, 1980 MHz, 15 %, 38
2026/10/10 17:44:06.043, 3, 77409 MiB, 100 %, 247.57 W, 1980 MHz, 15 %, 33
2026/10/10 17:44:06.043, 4, 77409 MiB, 100 %, 246.08 W, 1980 MHz, 15 %, 33
2026/10/10 17:44:06.043, 5, 77409 MiB, 100 %, 251.12 W, 1980 MHz, 15 %, 37
2026/10/10 17:44:06.043, 6, 77409 MiB, 100 %, 238.80 W, 1980 MHz, 15 %, 34
2026/10/10 17:44:06.043, 7, 77409 MiB, 100 %, 281.34 W, 1980 MHz, 15 %, 70
2026/10/10 17:44:07.043, 0, 77409 MiB, 100 %, 250.22 W, 1980 MHz, 15 %, 34
2026/10/10 17:44:07.043, 1, 77409 MiB, 100 %, 268.22 W, 1980 MHz, 15 %, 59
2026/10/10 17:44:07.043, 2, 77409 MiB, 100 %, 250.62 W, 1980 MHz, 15 %, 38
2026/10/10 17:44:07.043, 3, 77409 MiB, 100 %, 249.78 W, 1980 MHz, 15 %, 33
2026/10/10 17:44:07.044, 4, 77409 MiB, 100 %, 244.72 W, 1980 MHz, 16 %, 33
2026/10/10 17:44:07.044, 5, 77409 MiB, 100 %, 250.60 W, 1980 MHz, 15 %, 37
2026/10/10 17:44:07.044, 6, 77409 MiB, 100 %, 239.72 W, 1980 MHz, 15 %, 34
2026/10/10 17:44:07.044, 7, 77409 MiB, 100 %, 281.00 W, 1980 MHz, 15 %, 70
2026/10/10 17:44:08.044, 0, 77409 MiB, 100 %, 250.06 W, 1980 MHz, 16 %, 34
2026/10/10 17:44:08.044, 1, 77409 MiB, 100 %, 267.90 W, 1980 MHz, 15 %, 59
2026/10/10 17:44:08.044, 2, 77409 MiB, 100 %, 252.03 W, 1980 MHz, 16 %, 38
2026/10/10 17:44:08.045, 3, 77409 MiB, 100 %, 247.01 W, 1980 MHz, 15 %, 33
2026/10/10 17:44:08.045, 4, 77409 MiB, 100 %, 246.05 W, 1980 MHz, 16 %, 33
2026/10/10 17:44:08.045, 5, 77409 MiB, 100 %, 250.63 W, 1980 MHz, 16 %, 37
2026/10/10 17:44:08.045, 6, 77409 MiB, 100 %, 238.38 W, 1980 MHz, 15 %, 34
2026/10/10 17:44:08.045, 7, 77409 MiB, 100 %, 279.97 W, 1980 MHz, 15 %, 70
2026/10/10 17:44:09.045, 0, 77409 MiB, 100 %, 249.38 W, 1980 MHz, 15 %, 34
2026/10/10 17:44:09.045, 1, 77409 MiB, 100 %, 267.29 W, 1980 MHz, 15 %, 59
2026/10/10 17:44:09.045, 2, 77409 MiB, 100 %, 252.25 W, 1980 MHz, 15 %, 38
2026/10/10 17:44:09.045, 3, 77409 MiB, 100 %, 246.32 W, 1980 MHz, 15 %, 33
2026/10/10 17:44:09.045, 4, 77409 MiB, 100 %, 245.68 W, 1980 MHz, 16 %, 33
2026/10/10 17:44:09.045, 5, 77409 MiB, 100 %, 250.95 W, 1980 MHz, 15 %, 37
2026/10/10 17:44:09.045, 6, 77409 MiB, 100 %, 239.06 W, 1980 MHz, 15 %, 34
2026/10/10 17:44:09.045, 7, 77409 MiB, 100 %, 282.19 W, 1980 MHz, 15 %, 70
2026/10/10 17:44:10.046, 0, 77409 MiB, 46 %, 246.85 W, 1980 MHz, 7 %, 34
2026/10/10 17:44:10.046, 1, 77409 MiB, 41 %, 260.95 W, 1980 MHz, 9 %, 59
2026/10/10 17:44:10.046, 2, 77409 MiB, 100 %, 252.82 W, 1980 MHz, 16 %, 38
2026/10/10 17:44:10.046, 3, 77409 MiB, 100 %, 249.64 W, 1980 MHz, 15 %, 32
2026/10/10 17:44:10.046, 4, 77409 MiB, 83 %, 250.26 W, 1980 MHz, 13 %, 32
2026/10/10 17:44:10.046, 5, 77409 MiB, 45 %, 253.53 W, 1980 MHz, 7 %, 42
2026/10/10 17:44:10.046, 6, 77409 MiB, 78 %, 256.45 W, 1980 MHz, 12 %, 33
2026/10/10 17:44:10.046, 7, 77409 MiB, 44 %, 296.94 W, 1935 MHz, 15 %, 76
2026/10/10 17:44:11.046, 0, 77409 MiB, 100 %, 445.89 W, 1980 MHz, 15 %, 36
2026/10/10 17:44:11.047, 1, 77409 MiB, 100 %, 463.90 W, 1980 MHz, 15 %, 59
2026/10/10 17:44:11.047, 2, 77409 MiB, 100 %, 441.22 W, 1980 MHz, 15 %, 39
2026/10/10 17:44:11.047, 3, 77409 MiB, 100 %, 442.67 W, 1980 MHz, 15 %, 34
2026/10/10 17:44:11.047, 4, 77409 MiB, 100 %, 437.02 W, 1980 MHz, 15 %, 35
2026/10/10 17:44:11.047, 5, 77409 MiB, 100 %, 441.59 W, 1980 MHz, 15 %, 39
2026/10/10 17:44:11.047, 6, 77409 MiB, 100 %, 429.74 W, 1980 MHz, 15 %, 36
2026/10/10 17:44:11.047, 7, 77409 MiB, 100 %, 454.87 W, 1980 MHz, 15 %, 70
2026/10/10 17:44:12.047, 0, 77409 MiB, 100 %, 251.27 W, 1980 MHz, 15 %, 35
2026/10/10 17:44:12.047, 1, 77409 MiB, 100 %, 269.10 W, 1980 MHz, 15 %, 59
2026/10/10 17:44:12.047, 2, 77409 MiB, 100 %, 249.21 W, 1980 MHz, 15 %, 39
2026/10/10 17:44:12.047, 3, 77409 MiB, 100 %, 246.87 W, 1980 MHz, 15 %, 33
2026/10/10 17:44:12.047, 4, 77409 MiB, 100 %, 242.02 W, 1980 MHz, 15 %, 34
2026/10/10 17:44:12.047, 5, 77409 MiB, 100 %, 248.83 W, 1980 MHz, 15 %, 38
2026/10/10 17:44:12.048, 6, 77409 MiB, 100 %, 241.79 W, 1980 MHz, 15 %, 35
2026/10/10 17:44:12.048, 7, 77409 MiB, 100 %, 279.07 W, 1980 MHz, 15 %, 70
2026/10/10 17:44:13.048, 0, 77409 MiB, 100 %, 249.35 W, 1980 MHz, 15 %, 35
2026/10/10 17:44:13.048, 1, 77409 MiB, 100 %, 267.27 W, 1980 MHz, 15 %, 59
2026/10/10 17:44:13.048, 2, 77409 MiB, 100 %, 246.32 W, 1980 MHz, 15 %, 39
2026/10/10 17:44:13.048, 3, 77409 MiB, 100 %, 248.29 W, 1980 MHz, 15 %, 33
2026/10/10 17:44:13.048, 4, 77409 MiB, 100 %, 244.53 W, 1980 MHz, 15 %, 34
2026/10/10 17:44:13.048, 5, 77409 MiB, 100 %, 247.87 W, 1980 MHz, 15 %, 37
2026/10/10 17:44:13.048, 6, 77409 MiB, 100 %, 240.05 W, 1980 MHz, 15 %, 35
2026/10/10 17:44:13.048, 7, 77409 MiB, 100 %, 276.74 W, 1980 MHz, 15 %, 70
2026/10/10 17:44:14.048, 0, 77409 MiB, 100 %, 249.91 W, 1980 MHz, 15 %, 34
2026/10/10 17:44:14.049, 1, 77409 MiB, 100 %, 266.84 W, 1980 MHz, 15 %, 59
2026/10/10 17:44:14.049, 2, 77409 MiB, 100 %, 247.26 W, 1980 MHz, 15 %, 39
2026/10/10 17:44:14.049, 3, 77409 MiB, 100 %, 246.11 W, 1980 MHz, 15 %, 33
2026/10/10 17:44:14.049, 4, 77409 MiB, 100 %, 241.08 W, 1980 MHz, 15 %, 33
2026/10/10 17:44:14.049, 5, 77409 MiB, 100 %, 248.52 W, 1980 MHz, 15 %, 37
2026/10/10 17:44:14.049, 6, 77409 MiB, 100 %, 240.65 W, 1980 MHz, 15 %, 35
2026/10/10 17:44:14.049, 7, 77409 MiB, 100 %, 277.89 W, 1980 MHz, 15 %, 70
2026/10/10 17:44:15.049, 0, 77409 MiB, 100 %, 248.90 W, 1980 MHz, 15 %, 34
2026/10/10 17:44:15.049, 1, 77409 MiB, 100 %, 268.58 W, 1980 MHz, 15 %, 59
2026/10/10 17:44:15.049, 2, 77409 MiB, 100 %, 248.00 W, 1980 MHz, 15 %, 38
2026/10/10 17:44:15.049, 3, 77409 MiB, 100 %, 246.15 W, 1980 MHz, 15 %, 33
2026/10/10 17:44:15.049, 4, 77409 MiB, 100 %, 243.36 W, 1980 MHz, 15 %, 33
2026/10/10 17:44:15.049, 5, 77409 MiB, 100 %, 249.42 W, 1980 MHz, 15 %, 37
2026/10/10 17:44:15.050, 6, 77409 MiB, 100 %, 240.60 W, 1980 MHz, 15 %, 35
2026/10/10 17:44:15.050, 7, 77409 MiB, 100 %, 280.55 W, 1980 MHz, 15 %, 70
2026/10/10 17:44:16.050, 0, 77409 MiB, 100 %, 247.99 W, 1980 MHz, 15 %, 34
2026/10/10 17:44:16.050, 1, 77409 MiB, 100 %, 267.76 W, 1980 MHz, 15 %, 59
2026/10/10 17:44:16.050, 2, 77409 MiB, 100 %, 248.73 W, 1980 MHz, 15 %, 38
2026/10/10 17:44:16.050, 3, 77409 MiB, 100 %, 246.99 W, 1980 MHz, 15 %, 33
2026/10/10 17:44:16.050, 4, 77409 MiB, 100 %, 242.12 W, 1980 MHz, 15 %, 33
2026/10/10 17:44:16.050, 5, 77409 MiB, 100 %, 249.74 W, 1980 MHz, 15 %, 37
2026/10/10 17:44:16.050, 6, 77409 MiB, 100 %, 241.29 W, 1980 MHz, 16 %, 35
2026/10/10 17:44:16.050, 7, 77409 MiB, 100 %, 280.39 W, 1980 MHz, 15 %, 70
2026/10/10 17:44:17.051, 0, 77409 MiB, 100 %, 249.24 W, 1980 MHz, 15 %, 34
2026/10/10 17:44:17.051, 1, 77409 MiB, 100 %, 268.97 W, 1980 MHz, 15 %, 59
2026/10/10 17:44:17.051, 2, 77409 MiB, 100 %, 249.30 W, 1980 MHz, 15 %, 38
2026/10/10 17:44:17.051, 3, 77409 MiB, 100 %, 247.19 W, 1980 MHz, 16 %, 33
2026/10/10 17:44:17.051, 4, 77409 MiB, 100 %, 242.43 W, 1980 MHz, 15 %, 33
2026/10/10 17:44:17.051, 5, 77409 MiB, 100 %, 248.20 W, 1980 MHz, 15 %, 37
2026/10/10 17:44:17.051, 6, 77409 MiB, 100 %, 240.07 W, 1980 MHz, 15 %, 35
2026/10/10 17:44:17.051, 7, 77409 MiB, 100 %, 279.89 W, 1980 MHz, 15 %, 70
2026/10/10 17:44:18.051, 0, 77409 MiB, 100 %, 250.27 W, 1980 MHz, 15 %, 34
2026/10/10 17:44:18.052, 1, 77409 MiB, 100 %, 266.12 W, 1980 MHz, 15 %, 59
2026/10/10 17:44:18.052, 2, 77409 MiB, 100 %, 246.64 W, 1980 MHz, 15 %, 38
2026/10/10 17:44:18.052, 3, 77409 MiB, 100 %, 245.55 W, 1980 MHz, 15 %, 33
2026/10/10 17:44:18.052, 4, 77409 MiB, 100 %, 244.41 W, 1980 MHz, 15 %, 33
2026/10/10 17:44:18.052, 5, 77409 MiB, 100 %, 247.74 W, 1980 MHz, 15 %, 37
2026/10/10 17:44:18.052, 6, 77409 MiB, 100 %, 240.69 W, 1980 MHz, 15 %, 35
2026/10/10 17:44:18.052, 7, 77409 MiB, 100 %, 279.37 W, 1980 MHz, 15 %, 70
2026/10/10 17:44:19.052, 0, 77409 MiB, 100 %, 249.93 W, 1980 MHz, 16 %, 34
2026/10/10 17:44:19.052, 1, 77409 MiB, 100 %, 265.87 W, 1980 MHz, 15 %, 59
2026/10/10 17:44:19.053, 2, 77409 MiB, 100 %, 247.85 W, 1980 MHz, 15 %, 38
2026/10/10 17:44:19.053, 3, 77409 MiB, 100 %, 247.43 W, 1980 MHz, 16 %, 33
2026/10/10 17:44:19.053, 4, 77409 MiB, 100 %, 244.02 W, 1980 MHz, 15 %, 33
2026/10/10 17:44:19.053, 5, 77409 MiB, 100 %, 247.53 W, 1980 MHz, 15 %, 37
2026/10/10 17:44:19.053, 6, 77409 MiB, 100 %, 239.24 W, 1980 MHz, 15 %, 35
2026/10/10 17:44:19.053, 7, 77409 MiB, 100 %, 278.62 W, 1980 MHz, 15 %, 70
2026/10/10 17:44:20.053, 0, 77409 MiB, 100 %, 249.96 W, 1980 MHz, 15 %, 34
2026/10/10 17:44:20.053, 1, 77409 MiB, 100 %, 266.60 W, 1980 MHz, 15 %, 59
2026/10/10 17:44:20.053, 2, 77409 MiB, 100 %, 249.06 W, 1980 MHz, 15 %, 38
2026/10/10 17:44:20.053, 3, 77409 MiB, 100 %, 246.95 W, 1980 MHz, 15 %, 33
2026/10/10 17:44:20.053, 4, 77409 MiB, 100 %, 242.19 W, 1980 MHz, 15 %, 33
2026/10/10 17:44:20.053, 5, 77409 MiB, 100 %, 247.71 W, 1980 MHz, 15 %, 37
2026/10/10 17:44:20.053, 6, 77409 MiB, 100 %, 241.35 W, 1980 MHz, 15 %, 35
2026/10/10 17:44:20.053, 7, 77409 MiB, 100 %, 279.61 W, 1980 MHz, 15 %, 70
2026/10/10 17:44:21.054, 0, 77409 MiB, 100 %, 248.44 W, 1980 MHz, 16 %, 34
2026/10/10 17:44:21.054, 1, 77409 MiB, 100 %, 267.04 W, 1980 MHz, 15 %, 59
2026/10/10 17:44:21.054, 2, 77409 MiB, 100 %, 247.73 W, 1980 MHz, 15 %, 38
2026/10/10 17:44:21.054, 3, 77409 MiB, 100 %, 245.72 W, 1980 MHz, 15 %, 33
2026/10/10 17:44:21.054, 4, 77409 MiB, 100 %, 244.07 W, 1980 MHz, 15 %, 33
2026/10/10 17:44:21.054, 5, 77409 MiB, 100 %, 248.77 W, 1980 MHz, 15 %, 37
2026/10/10 17:44:21.054, 6, 77409 MiB, 100 %, 241.68 W, 1980 MHz, 15 %, 35
2026/10/10 17:44:21.054, 7, 77409 MiB, 100 %, 280.55 W, 1980 MHz, 15 %, 70
2026/10/10 17:44:22.054, 0, 77409 MiB, 100 %, 249.87 W, 1980 MHz, 15 %, 34
2026/10/10 17:44:22.054, 1, 77409 MiB, 100 %, 266.47 W, 1980 MHz, 15 %, 59
2026/10/10 17:44:22.054, 2, 77409 MiB, 100 %, 249.19 W, 1980 MHz, 15 %, 38
2026/10/10 17:44:22.055, 3, 77409 MiB, 100 %, 245.11 W, 1980 MHz, 15 %, 33
2026/10/10 17:44:22.055, 4, 77409 MiB, 100 %, 244.25 W, 1980 MHz, 16 %, 33
2026/10/10 17:44:22.055, 5, 77409 MiB, 100 %, 246.59 W, 1980 MHz, 15 %, 37
2026/10/10 17:44:22.055, 6, 77409 MiB, 100 %, 239.80 W, 1980 MHz, 15 %, 35
2026/10/10 17:44:22.055, 7, 77409 MiB, 100 %, 279.39 W, 1980 MHz, 15 %, 70
2026/10/10 17:44:23.055, 0, 77409 MiB, 100 %, 249.81 W, 1980 MHz, 15 %, 34
2026/10/10 17:44:23.055, 1, 77409 MiB, 100 %, 266.34 W, 1980 MHz, 15 %, 59
2026/10/10 17:44:23.056, 2, 77409 MiB, 100 %, 249.45 W, 1980 MHz, 15 %, 38
2026/10/10 17:44:23.056, 3, 77409 MiB, 100 %, 247.03 W, 1980 MHz, 16 %, 33
2026/10/10 17:44:23.056, 4, 77409 MiB, 100 %, 243.03 W, 1980 MHz, 15 %, 33
2026/10/10 17:44:23.056, 5, 77409 MiB, 100 %, 249.05 W, 1980 MHz, 15 %, 37
2026/10/10 17:44:23.056, 6, 77409 MiB, 100 %, 240.21 W, 1980 MHz, 16 %, 35
2026/10/10 17:44:23.056, 7, 77409 MiB, 100 %, 279.69 W, 1980 MHz, 15 %, 70
2026/10/10 17:44:24.056, 0, 77409 MiB, 100 %, 251.35 W, 1980 MHz, 15 %, 34
2026/10/10 17:44:24.056, 1, 77409 MiB, 100 %, 264.98 W, 1980 MHz, 15 %, 59
2026/10/10 17:44:24.056, 2, 77409 MiB, 100 %, 249.29 W, 1980 MHz, 15 %, 38
2026/10/10 17:44:24.056, 3, 77409 MiB, 100 %, 247.18 W, 1980 MHz, 15 %, 33
2026/10/10 17:44:24.056, 4, 77409 MiB, 100 %, 244.56 W, 1980 MHz, 16 %, 33
2026/10/10 17:44:24.056, 5, 77409 MiB, 100 %, 248.10 W, 1980 MHz, 15 %, 37
2026/10/10 17:44:24.057, 6, 77409 MiB, 100 %, 239.88 W, 1980 MHz, 15 %, 34
2026/10/10 17:44:24.057, 7, 77409 MiB, 100 %, 280.96 W, 1980 MHz, 15 %, 70
2026/10/10 17:44:25.057, 0, 77409 MiB, 100 %, 252.35 W, 1980 MHz, 16 %, 34
2026/10/10 17:44:25.057, 1, 77409 MiB, 100 %, 266.39 W, 1980 MHz, 15 %, 59
2026/10/10 17:44:25.057, 2, 77409 MiB, 100 %, 250.51 W, 1980 MHz, 15 %, 38
2026/10/10 17:44:25.057, 3, 77409 MiB, 100 %, 246.19 W, 1980 MHz, 15 %, 33
2026/10/10 17:44:25.057, 4, 77409 MiB, 100 %, 243.99 W, 1980 MHz, 15 %, 33
2026/10/10 17:44:25.057, 5, 77409 MiB, 100 %, 249.02 W, 1980 MHz, 15 %, 37
2026/10/10 17:44:25.057, 6, 77409 MiB, 100 %, 241.00 W, 1980 MHz, 15 %, 34
2026/10/10 17:44:25.057, 7, 77409 MiB, 100 %, 280.94 W, 1980 MHz, 15 %, 70
2026/10/10 17:44:26.057, 0, 77409 MiB, 100 %, 251.21 W, 1980 MHz, 15 %, 34
2026/10/10 17:44:26.058, 1, 77409 MiB, 100 %, 268.01 W, 1980 MHz, 15 %, 59
2026/10/10 17:44:26.058, 2, 77409 MiB, 100 %, 251.89 W, 1980 MHz, 15 %, 38
2026/10/10 17:44:26.058, 3, 77409 MiB, 100 %, 246.41 W, 1980 MHz, 16 %, 33
2026/10/10 17:44:26.058, 4, 77409 MiB, 100 %, 244.00 W, 1980 MHz, 15 %, 33
2026/10/10 17:44:26.058, 5, 77409 MiB, 100 %, 247.30 W, 1980 MHz, 15 %, 37
2026/10/10 17:44:26.058, 6, 77409 MiB, 100 %, 241.04 W, 1980 MHz, 15 %, 34
2026/10/10 17:44:26.058, 7, 77409 MiB, 100 %, 280.71 W, 1980 MHz, 15 %, 70
2026/10/10 17:44:27.058, 0, 77409 MiB, 100 %, 251.62 W, 1980 MHz, 15 %, 34
2026/10/10 17:44:27.058, 1, 77409 MiB, 100 %, 266.95 W, 1980 MHz, 15 %, 59
2026/10/10 17:44:27.058, 2, 77409 MiB, 100 %, 249.81 W, 1980 MHz, 15 %, 38
2026/10/10 17:44:27.058, 3, 77409 MiB, 100 %, 247.23 W, 1980 MHz, 15 %, 33
2026/10/10 17:44:27.058, 4, 77409 MiB, 100 %, 241.94 W, 1980 MHz, 15 %, 33
2026/10/10 17:44:27.058, 5, 77409 MiB, 100 %, 249.27 W, 1980 MHz, 15 %, 37
2026/10/10 17:44:27.058, 6, 77409 MiB, 100 %, 240.78 W, 1980 MHz, 15 %, 35
2026/10/10 17:44:27.059, 7, 77409 MiB, 100 %, 279.95 W, 1980 MHz, 15 %, 70
2026/10/10 17:44:28.059, 0, 77409 MiB, 100 %, 251.52 W, 1980 MHz, 15 %, 34
2026/10/10 17:44:28.059, 1, 77409 MiB, 100 %, 266.15 W, 1980 MHz, 15 %, 59
2026/10/10 17:44:28.059, 2, 77409 MiB, 100 %, 250.08 W, 1980 MHz, 15 %, 38
2026/10/10 17:44:28.059, 3, 77409 MiB, 100 %, 246.24 W, 1980 MHz, 16 %, 33
2026/10/10 17:44:28.059, 4, 77409 MiB, 100 %, 243.96 W, 1980 MHz, 16 %, 33
2026/10/10 17:44:28.059, 5, 77409 MiB, 100 %, 246.98 W, 1980 MHz, 15 %, 37
2026/10/10 17:44:28.060, 6, 77409 MiB, 100 %, 241.88 W, 1980 MHz, 15 %, 35
2026/10/10 17:44:28.060, 7, 77409 MiB, 100 %, 280.76 W, 1980 MHz, 15 %, 70
2026/10/10 17:44:29.060, 0, 77409 MiB, 54 %, 248.03 W, 1980 MHz, 8 %, 34
2026/10/10 17:44:29.060, 1, 77409 MiB, 50 %, 262.97 W, 1980 MHz, 11 %, 59
2026/10/10 17:44:29.060, 2, 77409 MiB, 100 %, 251.62 W, 1980 MHz, 15 %, 38
2026/10/10 17:44:29.060, 3, 77409 MiB, 100 %, 248.25 W, 1980 MHz, 16 %, 32
2026/10/10 17:44:29.060, 4, 77409 MiB, 90 %, 249.21 W, 1980 MHz, 14 %, 32
2026/10/10 17:44:29.060, 5, 77409 MiB, 51 %, 260.33 W, 1980 MHz, 8 %, 42
2026/10/10 17:44:29.060, 6, 77409 MiB, 86 %, 256.54 W, 1980 MHz, 13 %, 34
2026/10/10 17:44:29.060, 7, 77409 MiB, 51 %, 308.42 W, 1950 MHz, 16 %, 76
2026/10/10 17:44:30.060, 0, 77409 MiB, 100 %, 456.12 W, 1980 MHz, 15 %, 36
2026/10/10 17:44:30.060, 1, 77409 MiB, 100 %, 461.25 W, 1980 MHz, 15 %, 59
2026/10/10 17:44:30.061, 2, 77409 MiB, 100 %, 444.99 W, 1980 MHz, 15 %, 39
2026/10/10 17:44:30.061, 3, 77409 MiB, 100 %, 445.10 W, 1980 MHz, 15 %, 34
2026/10/10 17:44:30.061, 4, 77409 MiB, 100 %, 441.36 W, 1980 MHz, 15 %, 35
2026/10/10 17:44:30.061, 5, 77409 MiB, 100 %, 435.96 W, 1980 MHz, 15 %, 39
2026/10/10 17:44:30.061, 6, 77409 MiB, 100 %, 429.21 W, 1980 MHz, 15 %, 37
2026/10/10 17:44:30.061, 7, 77409 MiB, 100 %, 446.15 W, 1980 MHz, 15 %, 71
2026/10/10 17:44:31.061, 0, 77409 MiB, 100 %, 250.43 W, 1980 MHz, 15 %, 35
2026/10/10 17:44:31.061, 1, 77409 MiB, 100 %, 266.47 W, 1980 MHz, 15 %, 59
2026/10/10 17:44:31.061, 2, 77409 MiB, 100 %, 252.41 W, 1980 MHz, 15 %, 39
2026/10/10 17:44:31.061, 3, 77409 MiB, 100 %, 242.87 W, 1980 MHz, 15 %, 33
2026/10/10 17:44:31.061, 4, 77409 MiB, 100 %, 245.98 W, 1980 MHz, 16 %, 34
2026/10/10 17:44:31.061, 5, 77409 MiB, 100 %, 250.66 W, 1980 MHz, 15 %, 38
2026/10/10 17:44:31.061, 6, 77409 MiB, 100 %, 241.63 W, 1980 MHz, 15 %, 35
2026/10/10 17:44:31.062, 7, 77409 MiB, 100 %, 277.10 W, 1980 MHz, 15 %, 70
2026/10/10 17:44:32.062, 0, 77409 MiB, 100 %, 253.02 W, 1980 MHz, 15 %, 35
2026/10/10 17:44:32.062, 1, 77409 MiB, 100 %, 266.18 W, 1980 MHz, 15 %, 59
2026/10/10 17:44:32.062, 2, 77409 MiB, 100 %, 252.52 W, 1980 MHz, 15 %, 39
2026/10/10 17:44:32.062, 3, 77409 MiB, 100 %, 246.07 W, 1980 MHz, 15 %, 33
2026/10/10 17:44:32.062, 4, 77409 MiB, 100 %, 247.00 W, 1980 MHz, 16 %, 34
2026/10/10 17:44:32.062, 5, 77409 MiB, 100 %, 248.10 W, 1980 MHz, 15 %, 37
2026/10/10 17:44:32.062, 6, 77409 MiB, 100 %, 240.59 W, 1980 MHz, 15 %, 35
2026/10/10 17:44:32.062, 7, 77409 MiB, 100 %, 276.09 W, 1980 MHz, 15 %, 70
2026/10/10 17:44:33.062, 0, 77409 MiB, 100 %, 250.32 W, 1980 MHz, 15 %, 35
2026/10/10 17:44:33.062, 1, 77409 MiB, 100 %, 266.67 W, 1980 MHz, 15 %, 59
2026/10/10 17:44:33.063, 2, 77409 MiB, 100 %, 251.08 W, 1980 MHz, 15 %, 39
2026/10/10 17:44:33.063, 3, 77409 MiB, 100 %, 245.21 W, 1980 MHz, 15 %, 33
2026/10/10 17:44:33.063, 4, 77409 MiB, 100 %, 245.64 W, 1980 MHz, 16 %, 34
2026/10/10 17:44:33.063, 5, 77409 MiB, 100 %, 249.01 W, 1980 MHz, 15 %, 37
2026/10/10 17:44:33.063, 6, 77409 MiB, 100 %, 240.98 W, 1980 MHz, 15 %, 35
2026/10/10 17:44:33.063, 7, 77409 MiB, 100 %, 276.03 W, 1980 MHz, 15 %, 70
2026/10/10 17:44:34.063, 0, 77409 MiB, 100 %, 251.18 W, 1980 MHz, 15 %, 35
2026/10/10 17:44:34.063, 1, 77409 MiB, 100 %, 265.49 W, 1980 MHz, 15 %, 59
2026/10/10 17:44:34.063, 2, 77409 MiB, 100 %, 250.21 W, 1980 MHz, 15 %, 39
2026/10/10 17:44:34.063, 3, 77409 MiB, 100 %, 243.16 W, 1980 MHz, 15 %, 33
2026/10/10 17:44:34.063, 4, 77409 MiB, 100 %, 246.00 W, 1980 MHz, 16 %, 34
2026/10/10 17:44:34.063, 5, 77409 MiB, 100 %, 251.16 W, 1980 MHz, 15 %, 37
2026/10/10 17:44:34.063, 6, 77409 MiB, 100 %, 240.88 W, 1980 MHz, 15 %, 35
2026/10/10 17:44:34.063, 7, 77409 MiB, 100 %, 277.74 W, 1980 MHz, 15 %, 70
2026/10/10 17:44:35.064, 0, 77409 MiB, 100 %, 250.43 W, 1980 MHz, 16 %, 35
2026/10/10 17:44:35.064, 1, 77409 MiB, 100 %, 267.59 W, 1980 MHz, 15 %, 59
2026/10/10 17:44:35.064, 2, 77409 MiB, 100 %, 251.84 W, 1980 MHz, 15 %, 39
2026/10/10 17:44:35.064, 3, 77409 MiB, 100 %, 245.24 W, 1980 MHz, 15 %, 33
2026/10/10 17:44:35.064, 4, 77409 MiB, 100 %, 247.33 W, 1980 MHz, 16 %, 34
2026/10/10 17:44:35.064, 5, 77409 MiB, 100 %, 250.94 W, 1980 MHz, 15 %, 37
2026/10/10 17:44:35.064, 6, 77409 MiB, 100 %, 240.33 W, 1980 MHz, 15 %, 35
2026/10/10 17:44:35.064, 7, 77409 MiB, 100 %, 276.02 W, 1980 MHz, 15 %, 70
2026/10/10 17:44:36.064, 0, 77409 MiB, 100 %, 249.41 W, 1980 MHz, 15 %, 34
2026/10/10 17:44:36.064, 1, 77409 MiB, 100 %, 267.73 W, 1980 MHz, 15 %, 59
2026/10/10 17:44:36.064, 2, 77409 MiB, 100 %, 252.98 W, 1980 MHz, 15 %, 39
2026/10/10 17:44:36.064, 3, 77409 MiB, 100 %, 244.82 W, 1980 MHz, 15 %, 33
2026/10/10 17:44:36.064, 4, 77409 MiB, 100 %, 247.40 W, 1980 MHz, 15 %, 34
2026/10/10 17:44:36.064, 5, 77409 MiB, 100 %, 249.99 W, 1980 MHz, 16 %, 37
2026/10/10 17:44:36.065, 6, 77409 MiB, 100 %, 239.72 W, 1980 MHz, 15 %, 35
2026/10/10 17:44:36.065, 7, 77409 MiB, 100 %, 277.51 W, 1980 MHz, 15 %, 70
2026/10/10 17:44:37.065, 0, 77409 MiB, 100 %, 248.32 W, 1980 MHz, 15 %, 34
2026/10/10 17:44:37.065, 1, 77409 MiB, 100 %, 268.02 W, 1980 MHz, 15 %, 59
2026/10/10 17:44:37.065, 2, 77409 MiB, 100 %, 251.84 W, 1980 MHz, 15 %, 39
2026/10/10 17:44:37.065, 3, 77409 MiB, 100 %, 243.55 W, 1980 MHz, 15 %, 33
2026/10/10 17:44:37.065, 4, 77409 MiB, 100 %, 246.09 W, 1980 MHz, 15 %, 33
2026/10/10 17:44:37.065, 5, 77409 MiB, 100 %, 249.89 W, 1980 MHz, 16 %, 37
2026/10/10 17:44:37.065, 6, 77409 MiB, 100 %, 240.75 W, 1980 MHz, 16 %, 35
2026/10/10 17:44:37.065, 7, 77409 MiB, 100 %, 278.87 W, 1980 MHz, 15 %, 70
2026/10/10 17:44:38.065, 0, 77409 MiB, 100 %, 248.48 W, 1980 MHz, 15 %, 34
2026/10/10 17:44:38.066, 1, 77409 MiB, 100 %, 267.13 W, 1980 MHz, 15 %, 59
2026/10/10 17:44:38.066, 2, 77409 MiB, 100 %, 250.52 W, 1980 MHz, 15 %, 39
2026/10/10 17:44:38.066, 3, 77409 MiB, 100 %, 244.14 W, 1980 MHz, 15 %, 33
2026/10/10 17:44:38.066, 4, 77409 MiB, 100 %, 245.63 W, 1980 MHz, 16 %, 33
2026/10/10 17:44:38.066, 5, 77409 MiB, 100 %, 251.36 W, 1980 MHz, 15 %, 37
2026/10/10 17:44:38.066, 6, 77409 MiB, 100 %, 240.96 W, 1980 MHz, 15 %, 35
2026/10/10 17:44:38.066, 7, 77409 MiB, 100 %, 277.66 W, 1980 MHz, 15 %, 70
2026/10/10 17:44:39.066, 0, 77409 MiB, 100 %, 249.63 W, 1980 MHz, 15 %, 34
2026/10/10 17:44:39.066, 1, 77409 MiB, 100 %, 266.76 W, 1980 MHz, 15 %, 59
2026/10/10 17:44:39.066, 2, 77409 MiB, 100 %, 250.43 W, 1980 MHz, 15 %, 39
2026/10/10 17:44:39.066, 3, 77409 MiB, 100 %, 244.95 W, 1980 MHz, 15 %, 33
2026/10/10 17:44:39.066, 4, 77409 MiB, 100 %, 247.25 W, 1980 MHz, 16 %, 33
2026/10/10 17:44:39.066, 5, 77409 MiB, 100 %, 249.32 W, 1980 MHz, 15 %, 37
2026/10/10 17:44:39.067, 6, 77409 MiB, 100 %, 240.61 W, 1980 MHz, 15 %, 35
2026/10/10 17:44:39.067, 7, 77409 MiB, 100 %, 278.07 W, 1980 MHz, 15 %, 70
2026/10/10 17:44:40.067, 0, 77409 MiB, 100 %, 250.11 W, 1980 MHz, 15 %, 34
2026/10/10 17:44:40.067, 1, 77409 MiB, 100 %, 267.45 W, 1980 MHz, 15 %, 59
2026/10/10 17:44:40.067, 2, 77409 MiB, 100 %, 252.09 W, 1980 MHz, 16 %, 39
2026/10/10 17:44:40.067, 3, 77409 MiB, 100 %, 245.71 W, 1980 MHz, 15 %, 33
2026/10/10 17:44:40.067, 4, 77409 MiB, 100 %, 247.87 W, 1980 MHz, 16 %, 33
2026/10/10 17:44:40.067, 5, 77409 MiB, 100 %, 249.79 W, 1980 MHz, 15 %, 37
2026/10/10 17:44:40.067, 6, 77409 MiB, 100 %, 239.61 W, 1980 MHz, 15 %, 35
2026/10/10 17:44:40.067, 7, 77409 MiB, 100 %, 276.06 W, 1980 MHz, 15 %, 70
2026/10/10 17:44:41.067, 0, 77409 MiB, 100 %, 249.73 W, 1980 MHz, 15 %, 34
2026/10/10 17:44:41.068, 1, 77409 MiB, 100 %, 264.06 W, 1980 MHz, 15 %, 59
2026/10/10 17:44:41.068, 2, 77409 MiB, 100 %, 251.86 W, 1980 MHz, 15 %, 39
2026/10/10 17:44:41.068, 3, 77409 MiB, 100 %, 243.52 W, 1980 MHz, 15 %, 33
2026/10/10 17:44:41.068, 4, 77409 MiB, 100 %, 246.44 W, 1980 MHz, 16 %, 33
2026/10/10 17:44:41.068, 5, 77409 MiB, 100 %, 250.88 W, 1980 MHz, 16 %, 37
2026/10/10 17:44:41.068, 6, 77409 MiB, 100 %, 239.71 W, 1980 MHz, 15 %, 35
2026/10/10 17:44:41.068, 7, 77409 MiB, 100 %, 279.20 W, 1980 MHz, 15 %, 70
2026/10/10 17:44:42.068, 0, 77409 MiB, 100 %, 250.15 W, 1980 MHz, 15 %, 34
2026/10/10 17:44:42.068, 1, 77409 MiB, 100 %, 269.54 W, 1980 MHz, 15 %, 59
2026/10/10 17:44:42.068, 2, 77409 MiB, 100 %, 252.08 W, 1980 MHz, 15 %, 39
2026/10/10 17:44:42.068, 3, 77409 MiB, 100 %, 243.39 W, 1980 MHz, 15 %, 33
2026/10/10 17:44:42.068, 4, 77409 MiB, 100 %, 245.05 W, 1980 MHz, 16 %, 33
2026/10/10 17:44:42.068, 5, 77409 MiB, 100 %, 250.68 W, 1980 MHz, 15 %, 37
2026/10/10 17:44:42.068, 6, 77409 MiB, 100 %, 242.26 W, 1980 MHz, 16 %, 35
2026/10/10 17:44:42.069, 7, 77409 MiB, 100 %, 278.15 W, 1980 MHz, 15 %, 70
2026/10/10 17:44:43.069, 0, 77409 MiB, 100 %, 249.54 W, 1980 MHz, 16 %, 34
2026/10/10 17:44:43.069, 1, 77409 MiB, 100 %, 270.25 W, 1980 MHz, 15 %, 59
2026/10/10 17:44:43.069, 2, 77409 MiB, 100 %, 251.88 W, 1980 MHz, 16 %, 39
2026/10/10 17:44:43.069, 3, 77409 MiB, 100 %, 242.09 W, 1980 MHz, 15 %, 33
2026/10/10 17:44:43.069, 4, 77409 MiB, 100 %, 244.92 W, 1980 MHz, 16 %, 33
2026/10/10 17:44:43.069, 5, 77409 MiB, 100 %, 250.83 W, 1980 MHz, 15 %, 37
2026/10/10 17:44:43.069, 6, 77409 MiB, 100 %, 240.53 W, 1980 MHz, 15 %, 35
2026/10/10 17:44:43.069, 7, 77409 MiB, 100 %, 278.92 W, 1980 MHz, 15 %, 70
2026/10/10 17:44:44.069, 0, 77409 MiB, 100 %, 250.53 W, 1980 MHz, 15 %, 34
2026/10/10 17:44:44.069, 1, 77409 MiB, 100 %, 266.49 W, 1980 MHz, 15 %, 59
2026/10/10 17:44:44.070, 2, 77409 MiB, 100 %, 251.85 W, 1980 MHz, 16 %, 39
2026/10/10 17:44:44.070, 3, 77409 MiB, 100 %, 244.39 W, 1980 MHz, 15 %, 33
2026/10/10 17:44:44.070, 4, 77409 MiB, 100 %, 246.35 W, 1980 MHz, 16 %, 33
2026/10/10 17:44:44.070, 5, 77409 MiB, 100 %, 250.88 W, 1980 MHz, 15 %, 37
2026/10/10 17:44:44.070, 6, 77409 MiB, 100 %, 240.32 W, 1980 MHz, 15 %, 35
2026/10/10 17:44:44.070, 7, 77409 MiB, 100 %, 278.48 W, 1980 MHz, 15 %, 70
2026/10/10 17:44:45.070, 0, 77409 MiB, 100 %, 250.41 W, 1980 MHz, 15 %, 34
2026/10/10 17:44:45.070, 1, 77409 MiB, 100 %, 267.62 W, 1980 MHz, 15 %, 59
2026/10/10 17:44:45.070, 2, 77409 MiB, 100 %, 251.47 W, 1980 MHz, 15 %, 39
2026/10/10 17:44:45.070, 3, 77409 MiB, 100 %, 243.93 W, 1980 MHz, 15 %, 33
2026/10/10 17:44:45.070, 4, 77409 MiB, 100 %, 247.57 W, 1980 MHz, 16 %, 33
2026/10/10 17:44:45.070, 5, 77409 MiB, 100 %, 249.02 W, 1980 MHz, 16 %, 37
2026/10/10 17:44:45.070, 6, 77409 MiB, 100 %, 240.48 W, 1980 MHz, 15 %, 35
2026/10/10 17:44:45.071, 7, 77409 MiB, 100 %, 277.80 W, 1980 MHz, 15 %, 70
2026/10/10 17:44:46.071, 0, 77409 MiB, 100 %, 250.13 W, 1980 MHz, 15 %, 34
2026/10/10 17:44:46.071, 1, 77409 MiB, 100 %, 268.17 W, 1980 MHz, 15 %, 59
2026/10/10 17:44:46.071, 2, 77409 MiB, 100 %, 251.36 W, 1980 MHz, 15 %, 39
2026/10/10 17:44:46.071, 3, 77409 MiB, 100 %, 244.00 W, 1980 MHz, 15 %, 33
2026/10/10 17:44:46.071, 4, 77409 MiB, 100 %, 245.88 W, 1980 MHz, 15 %, 33
2026/10/10 17:44:46.071, 5, 77409 MiB, 100 %, 250.59 W, 1980 MHz, 15 %, 37
2026/10/10 17:44:46.071, 6, 77409 MiB, 100 %, 241.53 W, 1980 MHz, 15 %, 35
2026/10/10 17:44:46.071, 7, 77409 MiB, 100 %, 279.15 W, 1980 MHz, 15 %, 70
2026/10/10 17:44:47.071, 0, 77409 MiB, 100 %, 250.08 W, 1980 MHz, 15 %, 34
2026/10/10 17:44:47.072, 1, 77409 MiB, 100 %, 267.67 W, 1980 MHz, 15 %, 59
2026/10/10 17:44:47.072, 2, 77409 MiB, 100 %, 253.18 W, 1980 MHz, 15 %, 39
2026/10/10 17:44:47.072, 3, 77409 MiB, 100 %, 243.01 W, 1980 MHz, 15 %, 33
2026/10/10 17:44:47.072, 4, 77409 MiB, 100 %, 246.03 W, 1980 MHz, 16 %, 33
2026/10/10 17:44:47.072, 5, 77409 MiB, 100 %, 251.41 W, 1980 MHz, 15 %, 37
2026/10/10 17:44:47.072, 6, 77409 MiB, 100 %, 239.74 W, 1980 MHz, 15 %, 35
2026/10/10 17:44:47.072, 7, 77409 MiB, 100 %, 280.30 W, 1980 MHz, 15 %, 70
2026/10/10 17:44:48.072, 0, 77409 MiB, 49 %, 272.62 W, 1980 MHz, 8 %, 36
2026/10/10 17:44:48.072, 1, 77409 MiB, 34 %, 261.79 W, 1980 MHz, 5 %, 59
2026/10/10 17:44:48.072, 2, 77409 MiB, 100 %, 246.76 W, 1980 MHz, 15 %, 38
2026/10/10 17:44:48.072, 3, 77409 MiB, 100 %, 241.53 W, 1980 MHz, 15 %, 32
2026/10/10 17:44:48.072, 4, 77409 MiB, 86 %, 245.18 W, 1980 MHz, 14 %, 33
2026/10/10 17:44:48.072, 5, 77409 MiB, 42 %, 254.38 W, 1980 MHz, 7 %, 39
2026/10/10 17:44:48.072, 6, 77409 MiB, 82 %, 247.85 W, 1980 MHz, 12 %, 34
2026/10/10 17:44:48.073, 7, 77409 MiB, 33 %, 295.25 W, 1965 MHz, 9 %, 75
2026/10/10 17:44:49.073, 0, 77409 MiB, 100 %, 430.37 W, 1980 MHz, 15 %, 36
2026/10/10 17:44:49.073, 1, 77409 MiB, 100 %, 478.69 W, 1980 MHz, 15 %, 59
2026/10/10 17:44:49.073, 2, 77409 MiB, 100 %, 451.02 W, 1980 MHz, 15 %, 39
2026/10/10 17:44:49.073, 3, 77409 MiB, 100 %, 457.58 W, 1980 MHz, 15 %, 35
2026/10/10 17:44:49.073, 4, 77409 MiB, 100 %, 443.47 W, 1980 MHz, 15 %, 35
2026/10/10 17:44:49.073, 5, 77409 MiB, 100 %, 438.83 W, 1980 MHz, 15 %, 39
2026/10/10 17:44:49.073, 6, 77409 MiB, 100 %, 437.31 W, 1980 MHz, 16 %, 37
2026/10/10 17:44:49.073, 7, 77409 MiB, 100 %, 459.56 W, 1980 MHz, 16 %, 71
2026/10/10 17:44:50.073, 0, 77409 MiB, 100 %, 249.94 W, 1980 MHz, 15 %, 35
2026/10/10 17:44:50.073, 1, 77409 MiB, 100 %, 268.76 W, 1980 MHz, 15 %, 59
2026/10/10 17:44:50.074, 2, 77409 MiB, 100 %, 248.06 W, 1980 MHz, 15 %, 39
2026/10/10 17:44:50.074, 3, 77409 MiB, 100 %, 248.23 W, 1980 MHz, 15 %, 33
2026/10/10 17:44:50.074, 4, 77409 MiB, 100 %, 242.08 W, 1980 MHz, 15 %, 34
2026/10/10 17:44:50.074, 5, 77409 MiB, 100 %, 250.69 W, 1980 MHz, 15 %, 38
2026/10/10 17:44:50.074, 6, 77409 MiB, 100 %, 240.89 W, 1980 MHz, 16 %, 35
2026/10/10 17:44:50.074, 7, 77409 MiB, 100 %, 279.87 W, 1980 MHz, 15 %, 70
2026/10/10 17:44:51.074, 0, 77409 MiB, 100 %, 249.99 W, 1980 MHz, 15 %, 35
2026/10/10 17:44:51.074, 1, 77409 MiB, 100 %, 268.00 W, 1980 MHz, 15 %, 59
2026/10/10 17:44:51.074, 2, 77409 MiB, 100 %, 247.84 W, 1980 MHz, 15 %, 39
2026/10/10 17:44:51.074, 3, 77409 MiB, 100 %, 246.92 W, 1980 MHz, 15 %, 33
2026/10/10 17:44:51.074, 4, 77409 MiB, 100 %, 242.23 W, 1980 MHz, 15 %, 34
2026/10/10 17:44:51.074, 5, 77409 MiB, 100 %, 250.09 W, 1980 MHz, 16 %, 38
2026/10/10 17:44:51.074, 6, 77409 MiB, 100 %, 242.78 W, 1980 MHz, 16 %, 35
2026/10/10 17:44:51.075, 7, 77409 MiB, 100 %, 278.74 W, 1980 MHz, 15 %, 70
2026/10/10 17:44:52.075, 0, 77409 MiB, 100 %, 250.38 W, 1980 MHz, 15 %, 35
2026/10/10 17:44:52.075, 1, 77409 MiB, 100 %, 268.89 W, 1980 MHz, 15 %, 59
2026/10/10 17:44:52.075, 2, 77409 MiB, 100 %, 250.22 W, 1980 MHz, 16 %, 39
2026/10/10 17:44:52.075, 3, 77409 MiB, 100 %, 248.99 W, 1980 MHz, 15 %, 33
2026/10/10 17:44:52.075, 4, 77409 MiB, 100 %, 241.58 W, 1980 MHz, 15 %, 34
2026/10/10 17:44:52.075, 5, 77409 MiB, 100 %, 250.12 W, 1980 MHz, 15 %, 37
2026/10/10 17:44:52.075, 6, 77409 MiB, 100 %, 240.65 W, 1980 MHz, 15 %, 35
2026/10/10 17:44:52.075, 7, 77409 MiB, 100 %, 280.98 W, 1980 MHz, 16 %, 70
2026/10/10 17:44:53.075, 0, 77409 MiB, 100 %, 248.55 W, 1980 MHz, 15 %, 34
2026/10/10 17:44:53.076, 1, 77409 MiB, 100 %, 268.75 W, 1980 MHz, 15 %, 59
2026/10/10 17:44:53.076, 2, 77409 MiB, 100 %, 250.58 W, 1980 MHz, 15 %, 39
2026/10/10 17:44:53.076, 3, 77409 MiB, 100 %, 247.30 W, 1980 MHz, 15 %, 33
2026/10/10 17:44:53.076, 4, 77409 MiB, 100 %, 243.59 W, 1980 MHz, 15 %, 34
2026/10/10 17:44:53.076, 5, 77409 MiB, 100 %, 250.37 W, 1980 MHz, 15 %, 37
2026/10/10 17:44:53.076, 6, 77409 MiB, 100 %, 241.14 W, 1980 MHz, 15 %, 35
2026/10/10 17:44:53.076, 7, 77409 MiB, 100 %, 281.38 W, 1980 MHz, 15 %, 70
2026/10/10 17:44:54.076, 0, 77409 MiB, 100 %, 248.75 W, 1980 MHz, 15 %, 34
2026/10/10 17:44:54.076, 1, 77409 MiB, 100 %, 266.13 W, 1980 MHz, 15 %, 59
2026/10/10 17:44:54.076, 2, 77409 MiB, 100 %, 252.07 W, 1980 MHz, 15 %, 39
2026/10/10 17:44:54.076, 3, 77409 MiB, 100 %, 249.03 W, 1980 MHz, 15 %, 33
2026/10/10 17:44:54.076, 4, 77409 MiB, 100 %, 242.63 W, 1980 MHz, 15 %, 33
2026/10/10 17:44:54.076, 5, 77409 MiB, 100 %, 248.26 W, 1980 MHz, 16 %, 37
2026/10/10 17:44:54.076, 6, 77409 MiB, 100 %, 240.50 W, 1980 MHz, 15 %, 35
2026/10/10 17:44:54.076, 7, 77409 MiB, 100 %, 281.95 W, 1980 MHz, 15 %, 70
2026/10/10 17:44:55.077, 0, 77409 MiB, 100 %, 249.04 W, 1980 MHz, 15 %, 34
2026/10/10 17:44:55.077, 1, 77409 MiB, 100 %, 267.01 W, 1980 MHz, 15 %, 59
2026/10/10 17:44:55.077, 2, 77409 MiB, 100 %, 251.41 W, 1980 MHz, 16 %, 39
2026/10/10 17:44:55.077, 3, 77409 MiB, 100 %, 248.65 W, 1980 MHz, 15 %, 33
2026/10/10 17:44:55.077, 4, 77409 MiB, 100 %, 241.78 W, 1980 MHz, 15 %, 33
2026/10/10 17:44:55.077, 5, 77409 MiB, 100 %, 247.30 W, 1980 MHz, 15 %, 37
2026/10/10 17:44:55.077, 6, 77409 MiB, 100 %, 242.39 W, 1980 MHz, 15 %, 35
2026/10/10 17:44:55.077, 7, 77409 MiB, 100 %, 281.45 W, 1980 MHz, 16 %, 70
2026/10/10 17:44:56.077, 0, 77409 MiB, 100 %, 249.54 W, 1980 MHz, 15 %, 34
2026/10/10 17:44:56.077, 1, 77409 MiB, 100 %, 268.15 W, 1980 MHz, 15 %, 59
2026/10/10 17:44:56.077, 2, 77409 MiB, 100 %, 250.47 W, 1980 MHz, 16 %, 39
2026/10/10 17:44:56.078, 3, 77409 MiB, 100 %, 247.07 W, 1980 MHz, 15 %, 33
2026/10/10 17:44:56.078, 4, 77409 MiB, 100 %, 242.86 W, 1980 MHz, 15 %, 33
2026/10/10 17:44:56.078, 5, 77409 MiB, 100 %, 249.39 W, 1980 MHz, 15 %, 37
2026/10/10 17:44:56.078, 6, 77409 MiB, 100 %, 240.98 W, 1980 MHz, 15 %, 35
2026/10/10 17:44:56.078, 7, 77409 MiB, 100 %, 281.22 W, 1980 MHz, 15 %, 70
2026/10/10 17:44:57.078, 0, 77409 MiB, 100 %, 250.01 W, 1980 MHz, 15 %, 34
2026/10/10 17:44:57.078, 1, 77409 MiB, 100 %, 267.57 W, 1980 MHz, 15 %, 59
2026/10/10 17:44:57.078, 2, 77409 MiB, 100 %, 251.43 W, 1980 MHz, 16 %, 39
2026/10/10 17:44:57.078, 3, 77409 MiB, 100 %, 247.15 W, 1980 MHz, 15 %, 33
2026/10/10 17:44:57.078, 4, 77409 MiB, 100 %, 241.95 W, 1980 MHz, 15 %, 33
2026/10/10 17:44:57.078, 5, 77409 MiB, 100 %, 249.30 W, 1980 MHz, 15 %, 37
2026/10/10 17:44:57.078, 6, 77409 MiB, 100 %, 240.20 W, 1980 MHz, 15 %, 35
2026/10/10 17:44:57.078, 7, 77409 MiB, 100 %, 282.01 W, 1980 MHz, 16 %, 70
2026/10/10 17:44:58.079, 0, 77409 MiB, 100 %, 249.74 W, 1980 MHz, 15 %, 34
2026/10/10 17:44:58.079, 1, 77409 MiB, 100 %, 269.82 W, 1980 MHz, 15 %, 59
2026/10/10 17:44:58.079, 2, 77409 MiB, 100 %, 248.84 W, 1980 MHz, 15 %, 39
2026/10/10 17:44:58.079, 3, 77409 MiB, 100 %, 247.45 W, 1980 MHz, 15 %, 33
2026/10/10 17:44:58.079, 4, 77409 MiB, 100 %, 241.38 W, 1980 MHz, 15 %, 33
2026/10/10 17:44:58.079, 5, 77409 MiB, 100 %, 249.36 W, 1980 MHz, 15 %, 37
2026/10/10 17:44:58.079, 6, 77409 MiB, 100 %, 239.42 W, 1980 MHz, 15 %, 35
2026/10/10 17:44:58.079, 7, 77409 MiB, 100 %, 282.47 W, 1980 MHz, 16 %, 70
2026/10/10 17:44:59.079, 0, 77409 MiB, 100 %, 250.42 W, 1980 MHz, 16 %, 34
2026/10/10 17:44:59.079, 1, 77409 MiB, 100 %, 268.68 W, 1980 MHz, 15 %, 59
2026/10/10 17:44:59.079, 2, 77409 MiB, 100 %, 251.44 W, 1980 MHz, 15 %, 39
2026/10/10 17:44:59.080, 3, 77409 MiB, 100 %, 249.77 W, 1980 MHz, 15 %, 33
2026/10/10 17:44:59.080, 4, 77409 MiB, 100 %, 241.42 W, 1980 MHz, 15 %, 33
2026/10/10 17:44:59.080, 5, 77409 MiB, 100 %, 251.96 W, 1980 MHz, 15 %, 37
2026/10/10 17:44:59.080, 6, 77409 MiB, 100 %, 239.63 W, 1980 MHz, 15 %, 35
2026/10/10 17:44:59.080, 7, 77409 MiB, 100 %, 282.99 W, 1980 MHz, 16 %, 70
2026/10/10 17:45:00.080, 0, 77409 MiB, 100 %, 250.24 W, 1980 MHz, 15 %, 34
2026/10/10 17:45:00.080, 1, 77409 MiB, 100 %, 268.10 W, 1980 MHz, 15 %, 59
2026/10/10 17:45:00.080, 2, 77409 MiB, 100 %, 250.67 W, 1980 MHz, 15 %, 39
2026/10/10 17:45:00.080, 3, 77409 MiB, 100 %, 248.35 W, 1980 MHz, 15 %, 33
2026/10/10 17:45:00.080, 4, 77409 MiB, 100 %, 242.42 W, 1980 MHz, 15 %, 33
2026/10/10 17:45:00.080, 5, 77409 MiB, 100 %, 250.40 W, 1980 MHz, 15 %, 37
2026/10/10 17:45:00.080, 6, 77409 MiB, 100 %, 238.89 W, 1980 MHz, 15 %, 35
2026/10/10 17:45:00.080, 7, 77409 MiB, 100 %, 285.00 W, 1980 MHz, 16 %, 70
2026/10/10 17:45:01.081, 0, 77409 MiB, 100 %, 250.48 W, 1980 MHz, 16 %, 34
2026/10/10 17:45:01.081, 1, 77409 MiB, 100 %, 269.55 W, 1980 MHz, 15 %, 59
2026/10/10 17:45:01.081, 2, 77409 MiB, 100 %, 249.85 W, 1980 MHz, 16 %, 39
2026/10/10 17:45:01.081, 3, 77409 MiB, 100 %, 248.57 W, 1980 MHz, 15 %, 33
2026/10/10 17:45:01.081, 4, 77409 MiB, 100 %, 241.88 W, 1980 MHz, 15 %, 33
2026/10/10 17:45:01.081, 5, 77409 MiB, 100 %, 250.26 W, 1980 MHz, 15 %, 37
2026/10/10 17:45:01.081, 6, 77409 MiB, 100 %, 238.77 W, 1980 MHz, 15 %, 35
2026/10/10 17:45:01.081, 7, 77409 MiB, 100 %, 283.33 W, 1980 MHz, 16 %, 70
2026/10/10 17:45:02.081, 0, 77409 MiB, 100 %, 249.61 W, 1980 MHz, 15 %, 34
2026/10/10 17:45:02.081, 1, 77409 MiB, 100 %, 267.64 W, 1980 MHz, 15 %, 59
2026/10/10 17:45:02.081, 2, 77409 MiB, 100 %, 252.25 W, 1980 MHz, 16 %, 39
2026/10/10 17:45:02.082, 3, 77409 MiB, 100 %, 247.67 W, 1980 MHz, 15 %, 33
2026/10/10 17:45:02.082, 4, 77409 MiB, 100 %, 243.23 W, 1980 MHz, 15 %, 33
2026/10/10 17:45:02.082, 5, 77409 MiB, 100 %, 250.52 W, 1980 MHz, 15 %, 37
2026/10/10 17:45:02.082, 6, 77409 MiB, 100 %, 238.73 W, 1980 MHz, 15 %, 35
2026/10/10 17:45:02.082, 7, 77409 MiB, 100 %, 281.37 W, 1980 MHz, 16 %, 70
2026/10/10 17:45:03.082, 0, 77409 MiB, 100 %, 250.45 W, 1980 MHz, 16 %, 34
2026/10/10 17:45:03.082, 1, 77409 MiB, 100 %, 268.76 W, 1980 MHz, 15 %, 59
2026/10/10 17:45:03.082, 2, 77409 MiB, 100 %, 250.41 W, 1980 MHz, 15 %, 38
2026/10/10 17:45:03.082, 3, 77409 MiB, 100 %, 247.96 W, 1980 MHz, 15 %, 33
2026/10/10 17:45:03.082, 4, 77409 MiB, 100 %, 241.79 W, 1980 MHz, 15 %, 33
2026/10/10 17:45:03.082, 5, 77409 MiB, 100 %, 250.24 W, 1980 MHz, 16 %, 37
2026/10/10 17:45:03.082, 6, 77409 MiB, 100 %, 238.48 W, 1980 MHz, 15 %, 35
2026/10/10 17:45:03.082, 7, 77409 MiB, 100 %, 281.98 W, 1980 MHz, 16 %, 70
2026/10/10 17:45:04.083, 0, 77409 MiB, 100 %, 250.09 W, 1980 MHz, 15 %, 34
2026/10/10 17:45:04.083, 1, 77409 MiB, 100 %, 268.61 W, 1980 MHz, 15 %, 59
2026/10/10 17:45:04.083, 2, 77409 MiB, 100 %, 250.38 W, 1980 MHz, 15 %, 39
2026/10/10 17:45:04.083, 3, 77409 MiB, 100 %, 247.90 W, 1980 MHz, 15 %, 33
2026/10/10 17:45:04.083, 4, 77409 MiB, 100 %, 242.79 W, 1980 MHz, 15 %, 33
2026/10/10 17:45:04.083, 5, 77409 MiB, 100 %, 250.84 W, 1980 MHz, 15 %, 37
2026/10/10 17:45:04.083, 6, 77409 MiB, 100 %, 239.23 W, 1980 MHz, 15 %, 35
2026/10/10 17:45:04.083, 7, 77409 MiB, 100 %, 282.47 W, 1980 MHz, 16 %, 70
2026/10/10 17:45:05.083, 0, 77409 MiB, 100 %, 249.52 W, 1980 MHz, 15 %, 34
2026/10/10 17:45:05.084, 1, 77409 MiB, 100 %, 270.78 W, 1980 MHz, 15 %, 59
2026/10/10 17:45:05.084, 2, 77409 MiB, 100 %, 249.06 W, 1980 MHz, 15 %, 39
2026/10/10 17:45:05.084, 3, 77409 MiB, 100 %, 248.46 W, 1980 MHz, 15 %, 33
2026/10/10 17:45:05.084, 4, 77409 MiB, 100 %, 241.29 W, 1980 MHz, 16 %, 33
2026/10/10 17:45:05.084, 5, 77409 MiB, 100 %, 250.02 W, 1980 MHz, 15 %, 37
2026/10/10 17:45:05.084, 6, 77409 MiB, 100 %, 238.91 W, 1980 MHz, 15 %, 35
2026/10/10 17:45:05.084, 7, 77409 MiB, 100 %, 282.39 W, 1980 MHz, 16 %, 70
2026/10/10 17:45:06.084, 0, 77409 MiB, 100 %, 249.47 W, 1980 MHz, 15 %, 34
2026/10/10 17:45:06.084, 1, 77409 MiB, 100 %, 268.57 W, 1980 MHz, 15 %, 59
2026/10/10 17:45:06.084, 2, 77409 MiB, 100 %, 249.65 W, 1980 MHz, 16 %, 38
2026/10/10 17:45:06.084, 3, 77409 MiB, 100 %, 249.35 W, 1980 MHz, 15 %, 33
2026/10/10 17:45:06.084, 4, 77409 MiB, 100 %, 242.15 W, 1980 MHz, 15 %, 33
2026/10/10 17:45:06.084, 5, 77409 MiB, 100 %, 251.13 W, 1980 MHz, 15 %, 37
2026/10/10 17:45:06.085, 6, 77409 MiB, 100 %, 237.71 W, 1980 MHz, 15 %, 35
2026/10/10 17:45:06.085, 7, 77409 MiB, 100 %, 284.00 W, 1980 MHz, 16 %, 70
2026/10/10 17:45:07.085, 0, 77409 MiB, 51 %, 297.46 W, 1860 MHz, 10 %, 40
2026/10/10 17:45:07.085, 1, 77409 MiB, 51 %, 276.76 W, 1980 MHz, 14 %, 58
2026/10/10 17:45:07.085, 2, 77409 MiB, 100 %, 255.66 W, 1980 MHz, 15 %, 38
2026/10/10 17:45:07.085, 3, 77409 MiB, 100 %, 256.45 W, 1980 MHz, 15 %, 32
2026/10/10 17:45:07.085, 4, 77409 MiB, 81 %, 252.18 W, 1980 MHz, 12 %, 32
2026/10/10 17:45:07.085, 5, 77409 MiB, 51 %, 268.11 W, 1980 MHz, 11 %, 42
2026/10/10 17:45:07.085, 6, 77409 MiB, 77 %, 259.82 W, 1980 MHz, 12 %, 35
2026/10/10 17:45:07.085, 7, 77409 MiB, 51 %, 312.04 W, 1860 MHz, 19 %, 76
2026/10/10 17:45:08.086, 0, 77409 MiB, 100 %, 416.77 W, 1980 MHz, 15 %, 36
2026/10/10 17:45:08.086, 1, 77409 MiB, 100 %, 466.38 W, 1980 MHz, 15 %, 59
2026/10/10 17:45:08.086, 2, 77409 MiB, 100 %, 446.08 W, 1980 MHz, 15 %, 39
2026/10/10 17:45:08.086, 3, 77409 MiB, 100 %, 449.17 W, 1980 MHz, 15 %, 35
2026/10/10 17:45:08.086, 4, 77409 MiB, 100 %, 435.15 W, 1980 MHz, 15 %, 35
2026/10/10 17:45:08.086, 5, 77409 MiB, 100 %, 432.98 W, 1980 MHz, 15 %, 39
2026/10/10 17:45:08.086, 6, 77409 MiB, 100 %, 433.46 W, 1980 MHz, 15 %, 37
2026/10/10 17:45:08.086, 7, 77409 MiB, 100 %, 442.88 W, 1980 MHz, 15 %, 71
2026/10/10 17:45:09.086, 0, 77409 MiB, 100 %, 249.28 W, 1980 MHz, 15 %, 35
2026/10/10 17:45:09.086, 1, 77409 MiB, 100 %, 268.11 W, 1980 MHz, 15 %, 59
2026/10/10 17:45:09.087, 2, 77409 MiB, 100 %, 250.60 W, 1980 MHz, 15 %, 39
2026/10/10 17:45:09.087, 3, 77409 MiB, 100 %, 246.48 W, 1980 MHz, 15 %, 33
2026/10/10 17:45:09.087, 4, 77409 MiB, 100 %, 242.44 W, 1980 MHz, 15 %, 34
2026/10/10 17:45:09.087, 5, 77409 MiB, 100 %, 248.44 W, 1980 MHz, 15 %, 38
2026/10/10 17:45:09.087, 6, 77409 MiB, 100 %, 240.59 W, 1980 MHz, 15 %, 35
2026/10/10 17:45:09.087, 7, 77409 MiB, 100 %, 277.29 W, 1980 MHz, 15 %, 70
2026/10/10 17:45:10.087, 0, 77409 MiB, 100 %, 249.65 W, 1980 MHz, 15 %, 35
2026/10/10 17:45:10.087, 1, 77409 MiB, 100 %, 267.92 W, 1980 MHz, 15 %, 59
2026/10/10 17:45:10.087, 2, 77409 MiB, 100 %, 247.84 W, 1980 MHz, 15 %, 39
2026/10/10 17:45:10.087, 3, 77409 MiB, 100 %, 245.01 W, 1980 MHz, 15 %, 33
2026/10/10 17:45:10.087, 4, 77409 MiB, 100 %, 242.43 W, 1980 MHz, 15 %, 34
2026/10/10 17:45:10.087, 5, 77409 MiB, 100 %, 249.52 W, 1980 MHz, 15 %, 38
2026/10/10 17:45:10.087, 6, 77409 MiB, 100 %, 240.46 W, 1980 MHz, 16 %, 35
2026/10/10 17:45:10.088, 7, 77409 MiB, 100 %, 276.82 W, 1980 MHz, 15 %, 70
2026/10/10 17:45:11.088, 0, 77409 MiB, 100 %, 248.28 W, 1980 MHz, 16 %, 35
2026/10/10 17:45:11.088, 1, 77409 MiB, 100 %, 269.07 W, 1980 MHz, 15 %, 59
2026/10/10 17:45:11.088, 2, 77409 MiB, 100 %, 247.50 W, 1980 MHz, 15 %, 39
2026/10/10 17:45:11.088, 3, 77409 MiB, 100 %, 247.62 W, 1980 MHz, 15 %, 33
2026/10/10 17:45:11.088, 4, 77409 MiB, 100 %, 241.96 W, 1980 MHz, 15 %, 33
2026/10/10 17:45:11.088, 5, 77409 MiB, 100 %, 248.38 W, 1980 MHz, 15 %, 37
2026/10/10 17:45:11.088, 6, 77409 MiB, 100 %, 240.55 W, 1980 MHz, 16 %, 35
2026/10/10 17:45:11.088, 7, 77409 MiB, 100 %, 278.30 W, 1980 MHz, 15 %, 70
2026/10/10 17:45:12.088, 0, 77409 MiB, 100 %, 248.56 W, 1980 MHz, 15 %, 35
2026/10/10 17:45:12.089, 1, 77409 MiB, 100 %, 267.95 W, 1980 MHz, 15 %, 59
2026/10/10 17:45:12.089, 2, 77409 MiB, 100 %, 249.95 W, 1980 MHz, 15 %, 39
2026/10/10 17:45:12.089, 3, 77409 MiB, 100 %, 246.17 W, 1980 MHz, 15 %, 33
2026/10/10 17:45:12.089, 4, 77409 MiB, 100 %, 243.36 W, 1980 MHz, 16 %, 33
2026/10/10 17:45:12.089, 5, 77409 MiB, 100 %, 247.80 W, 1980 MHz, 15 %, 37
2026/10/10 17:45:12.089, 6, 77409 MiB, 100 %, 242.66 W, 1980 MHz, 16 %, 35
2026/10/10 17:45:12.089, 7, 77409 MiB, 100 %, 277.74 W, 1980 MHz, 15 %, 70
2026/10/10 17:45:13.089, 0, 77409 MiB, 100 %, 248.51 W, 1980 MHz, 15 %, 35
2026/10/10 17:45:13.089, 1, 77409 MiB, 100 %, 268.37 W, 1980 MHz, 15 %, 59
2026/10/10 17:45:13.089, 2, 77409 MiB, 100 %, 250.24 W, 1980 MHz, 15 %, 39
2026/10/10 17:45:13.089, 3, 77409 MiB, 100 %, 247.58 W, 1980 MHz, 15 %, 33
2026/10/10 17:45:13.089, 4, 77409 MiB, 100 %, 246.05 W, 1980 MHz, 15 %, 33
2026/10/10 17:45:13.089, 5, 77409 MiB, 100 %, 248.81 W, 1980 MHz, 15 %, 37
2026/10/10 17:45:13.089, 6, 77409 MiB, 100 %, 242.49 W, 1980 MHz, 15 %, 35
2026/10/10 17:45:13.090, 7, 77409 MiB, 100 %, 277.40 W, 1980 MHz, 15 %, 70
2026/10/10 17:45:14.090, 0, 77409 MiB, 100 %, 249.76 W, 1980 MHz, 15 %, 34
2026/10/10 17:45:14.090, 1, 77409 MiB, 100 %, 267.93 W, 1980 MHz, 15 %, 59
2026/10/10 17:45:14.090, 2, 77409 MiB, 100 %, 248.79 W, 1980 MHz, 15 %, 39
2026/10/10 17:45:14.090, 3, 77409 MiB, 100 %, 247.46 W, 1980 MHz, 16 %, 33
2026/10/10 17:45:14.090, 4, 77409 MiB, 100 %, 244.59 W, 1980 MHz, 15 %, 33
2026/10/10 17:45:14.090, 5, 77409 MiB, 100 %, 249.77 W, 1980 MHz, 15 %, 37
2026/10/10 17:45:14.090, 6, 77409 MiB, 100 %, 243.05 W, 1980 MHz, 15 %, 35
2026/10/10 17:45:14.090, 7, 77409 MiB, 100 %, 276.62 W, 1980 MHz, 15 %, 70
2026/10/10 17:45:15.090, 0, 77409 MiB, 100 %, 248.20 W, 1980 MHz, 15 %, 34
2026/10/10 17:45:15.091, 1, 77409 MiB, 100 %, 269.62 W, 1980 MHz, 15 %, 59
2026/10/10 17:45:15.091, 2, 77409 MiB, 100 %, 249.31 W, 1980 MHz, 15 %, 39
2026/10/10 17:45:15.091, 3, 77409 MiB, 100 %, 247.62 W, 1980 MHz, 15 %, 33
2026/10/10 17:45:15.091, 4, 77409 MiB, 100 %, 244.72 W, 1980 MHz, 16 %, 33
2026/10/10 17:45:15.091, 5, 77409 MiB, 100 %, 248.73 W, 1980 MHz, 15 %, 37
2026/10/10 17:45:15.091, 6, 77409 MiB, 100 %, 242.38 W, 1980 MHz, 15 %, 35
2026/10/10 17:45:15.091, 7, 77409 MiB, 100 %, 277.00 W, 1980 MHz, 16 %, 70
2026/10/10 17:45:16.091, 0, 77409 MiB, 100 %, 249.24 W, 1980 MHz, 15 %, 34
2026/10/10 17:45:16.091, 1, 77409 MiB, 100 %, 267.53 W, 1980 MHz, 15 %, 59
2026/10/10 17:45:16.091, 2, 77409 MiB, 100 %, 249.21 W, 1980 MHz, 15 %, 39
2026/10/10 17:45:16.091, 3, 77409 MiB, 100 %, 247.92 W, 1980 MHz, 15 %, 33
2026/10/10 17:45:16.091, 4, 77409 MiB, 100 %, 243.82 W, 1980 MHz, 15 %, 33
2026/10/10 17:45:16.092, 5, 77409 MiB, 100 %, 247.66 W, 1980 MHz, 15 %, 37
2026/10/10 17:45:16.092, 6, 77409 MiB, 100 %, 242.55 W, 1980 MHz, 16 %, 35
2026/10/10 17:45:16.092, 7, 77409 MiB, 100 %, 276.26 W, 1980 MHz, 15 %, 70
2026/10/10 17:45:17.092, 0, 77409 MiB, 100 %, 251.38 W, 1980 MHz, 15 %, 34
2026/10/10 17:45:17.093, 1, 77409 MiB, 100 %, 268.46 W, 1980 MHz, 15 %, 59
2026/10/10 17:45:17.094, 2, 77409 MiB, 100 %, 249.88 W, 1980 MHz, 15 %, 39
2026/10/10 17:45:17.095, 3, 77409 MiB, 100 %, 247.24 W, 1980 MHz, 15 %, 33
2026/10/10 17:45:17.096, 4, 77409 MiB, 100 %, 245.04 W, 1980 MHz, 15 %, 33
2026/10/10 17:45:17.097, 5, 77409 MiB, 100 %, 250.07 W, 1980 MHz, 15 %, 37
2026/10/10 17:45:17.098, 6, 77409 MiB, 100 %, 240.78 W, 1980 MHz, 15 %, 35
2026/10/10 17:45:17.099, 7, 77409 MiB, 100 %, 277.69 W, 1980 MHz, 15 %, 70
2026/10/10 17:45:18.101, 0, 77409 MiB, 100 %, 250.05 W, 1980 MHz, 15 %, 34
2026/10/10 17:45:18.101, 1, 77409 MiB, 100 %, 266.69 W, 1980 MHz, 15 %, 59
2026/10/10 17:45:18.101, 2, 77409 MiB, 100 %, 252.17 W, 1980 MHz, 15 %, 39
2026/10/10 17:45:18.101, 3, 77409 MiB, 100 %, 247.16 W, 1980 MHz, 15 %, 33
2026/10/10 17:45:18.101, 4, 77409 MiB, 100 %, 244.33 W, 1980 MHz, 15 %, 33
2026/10/10 17:45:18.101, 5, 77409 MiB, 100 %, 250.82 W, 1980 MHz, 15 %, 37
2026/10/10 17:45:18.101, 6, 77409 MiB, 100 %, 242.90 W, 1980 MHz, 15 %, 35
2026/10/10 17:45:18.101, 7, 77409 MiB, 100 %, 276.89 W, 1980 MHz, 15 %, 70
2026/10/10 17:45:19.101, 0, 77409 MiB, 100 %, 247.84 W, 1980 MHz, 15 %, 34
2026/10/10 17:45:19.102, 1, 77409 MiB, 100 %, 267.13 W, 1980 MHz, 15 %, 59
2026/10/10 17:45:19.102, 2, 77409 MiB, 100 %, 251.53 W, 1980 MHz, 15 %, 39
2026/10/10 17:45:19.102, 3, 77409 MiB, 100 %, 247.00 W, 1980 MHz, 16 %, 33
2026/10/10 17:45:19.102, 4, 77409 MiB, 100 %, 243.94 W, 1980 MHz, 15 %, 33
2026/10/10 17:45:19.102, 5, 77409 MiB, 100 %, 249.12 W, 1980 MHz, 15 %, 37
2026/10/10 17:45:19.102, 6, 77409 MiB, 100 %, 241.62 W, 1980 MHz, 16 %, 35
2026/10/10 17:45:19.102, 7, 77409 MiB, 100 %, 276.84 W, 1980 MHz, 15 %, 70
2026/10/10 17:45:20.102, 0, 77409 MiB, 100 %, 249.32 W, 1980 MHz, 15 %, 34
2026/10/10 17:45:20.102, 1, 77409 MiB, 100 %, 268.92 W, 1980 MHz, 16 %, 59
2026/10/10 17:45:20.102, 2, 77409 MiB, 100 %, 251.48 W, 1980 MHz, 15 %, 39
2026/10/10 17:45:20.102, 3, 77409 MiB, 100 %, 248.38 W, 1980 MHz, 15 %, 33
2026/10/10 17:45:20.102, 4, 77409 MiB, 100 %, 243.91 W, 1980 MHz, 15 %, 33
2026/10/10 17:45:20.102, 5, 77409 MiB, 100 %, 246.94 W, 1980 MHz, 15 %, 37
2026/10/10 17:45:20.103, 6, 77409 MiB, 100 %, 243.72 W, 1980 MHz, 16 %, 35
2026/10/10 17:45:20.103, 7, 77409 MiB, 100 %, 279.15 W, 1980 MHz, 15 %, 70
2026/10/10 17:45:21.103, 0, 77409 MiB, 100 %, 249.66 W, 1980 MHz, 16 %, 34
2026/10/10 17:45:21.103, 1, 77409 MiB, 100 %, 267.47 W, 1980 MHz, 15 %, 59
2026/10/10 17:45:21.103, 2, 77409 MiB, 100 %, 251.49 W, 1980 MHz, 15 %, 39
2026/10/10 17:45:21.103, 3, 77409 MiB, 100 %, 247.45 W, 1980 MHz, 16 %, 33
2026/10/10 17:45:21.103, 4, 77409 MiB, 100 %, 244.39 W, 1980 MHz, 16 %, 33
2026/10/10 17:45:21.103, 5, 77409 MiB, 100 %, 247.36 W, 1980 MHz, 15 %, 37
2026/10/10 17:45:21.103, 6, 77409 MiB, 100 %, 243.80 W, 1980 MHz, 16 %, 35
2026/10/10 17:45:21.103, 7, 77409 MiB, 100 %, 276.78 W, 1980 MHz, 15 %, 70
2026/10/10 17:45:22.104, 0, 77409 MiB, 100 %, 249.27 W, 1980 MHz, 15 %, 34
2026/10/10 17:45:22.104, 1, 77409 MiB, 100 %, 267.66 W, 1980 MHz, 15 %, 59
2026/10/10 17:45:22.104, 2, 77409 MiB, 100 %, 252.28 W, 1980 MHz, 15 %, 38
2026/10/10 17:45:22.104, 3, 77409 MiB, 100 %, 245.09 W, 1980 MHz, 15 %, 33
2026/10/10 17:45:22.104, 4, 77409 MiB, 100 %, 244.29 W, 1980 MHz, 15 %, 33
2026/10/10 17:45:22.104, 5, 77409 MiB, 100 %, 247.46 W, 1980 MHz, 15 %, 37
2026/10/10 17:45:22.104, 6, 77409 MiB, 100 %, 244.46 W, 1980 MHz, 16 %, 35
2026/10/10 17:45:22.104, 7, 77409 MiB, 100 %, 277.28 W, 1980 MHz, 15 %, 70
2026/10/10 17:45:23.104, 0, 77409 MiB, 100 %, 249.33 W, 1980 MHz, 15 %, 34
2026/10/10 17:45:23.104, 1, 77409 MiB, 100 %, 268.39 W, 1980 MHz, 15 %, 59
2026/10/10 17:45:23.104, 2, 77409 MiB, 100 %, 252.32 W, 1980 MHz, 15 %, 39
2026/10/10 17:45:23.104, 3, 77409 MiB, 100 %, 247.61 W, 1980 MHz, 15 %, 33
2026/10/10 17:45:23.105, 4, 77409 MiB, 100 %, 244.52 W, 1980 MHz, 15 %, 33
2026/10/10 17:45:23.105, 5, 77409 MiB, 100 %, 249.80 W, 1980 MHz, 15 %, 37
2026/10/10 17:45:23.105, 6, 77409 MiB, 100 %, 241.04 W, 1980 MHz, 15 %, 35
2026/10/10 17:45:23.105, 7, 77409 MiB, 100 %, 277.09 W, 1980 MHz, 15 %, 70
2026/10/10 17:45:24.105, 0, 77409 MiB, 100 %, 250.15 W, 1980 MHz, 15 %, 34
2026/10/10 17:45:24.106, 1, 77409 MiB, 100 %, 267.94 W, 1980 MHz, 15 %, 59
2026/10/10 17:45:24.107, 2, 77409 MiB, 100 %, 251.29 W, 1980 MHz, 15 %, 38
2026/10/10 17:45:24.107, 3, 77409 MiB, 100 %, 246.86 W, 1980 MHz, 15 %, 33
2026/10/10 17:45:24.107, 4, 77409 MiB, 100 %, 244.32 W, 1980 MHz, 16 %, 33
2026/10/10 17:45:24.107, 5, 77409 MiB, 100 %, 248.74 W, 1980 MHz, 15 %, 37
2026/10/10 17:45:24.107, 6, 77409 MiB, 100 %, 240.87 W, 1980 MHz, 15 %, 35
2026/10/10 17:45:24.107, 7, 77409 MiB, 100 %, 277.08 W, 1980 MHz, 15 %, 70
2026/10/10 17:45:25.107, 0, 77409 MiB, 100 %, 250.31 W, 1980 MHz, 15 %, 34
2026/10/10 17:45:25.107, 1, 77409 MiB, 100 %, 267.21 W, 1980 MHz, 15 %, 59
2026/10/10 17:45:25.107, 2, 77409 MiB, 100 %, 251.58 W, 1980 MHz, 15 %, 38
2026/10/10 17:45:25.107, 3, 77409 MiB, 100 %, 247.80 W, 1980 MHz, 16 %, 33
2026/10/10 17:45:25.107, 4, 77409 MiB, 100 %, 244.84 W, 1980 MHz, 15 %, 33
2026/10/10 17:45:25.107, 5, 77409 MiB, 100 %, 248.47 W, 1980 MHz, 15 %, 37
2026/10/10 17:45:25.107, 6, 77409 MiB, 100 %, 241.34 W, 1980 MHz, 15 %, 35
2026/10/10 17:45:25.108, 7, 77409 MiB, 100 %, 276.70 W, 1980 MHz, 15 %, 70
2026/10/10 17:45:26.108, 0, 77409 MiB, 44 %, 293.76 W, 1965 MHz, 7 %, 40
2026/10/10 17:45:26.108, 1, 77409 MiB, 43 %, 322.77 W, 1845 MHz, 13 %, 65
2026/10/10 17:45:26.108, 2, 77409 MiB, 44 %, 299.64 W, 1980 MHz, 19 %, 45
2026/10/10 17:45:26.108, 3, 77409 MiB, 100 %, 299.22 W, 1965 MHz, 16 %, 40
2026/10/10 17:45:26.108, 4, 77409 MiB, 77 %, 260.41 W, 1980 MHz, 12 %, 32
2026/10/10 17:45:26.108, 5, 77409 MiB, 55 %, 264.89 W, 1980 MHz, 16 %, 42
2026/10/10 17:45:26.108, 6, 77409 MiB, 73 %, 260.22 W, 1980 MHz, 11 %, 34
2026/10/10 17:45:26.108, 7, 77409 MiB, 44 %, 304.87 W, 1860 MHz, 17 %, 76
2026/10/10 17:45:27.108, 0, 77409 MiB, 100 %, 417.94 W, 1980 MHz, 15 %, 36
2026/10/10 17:45:27.109, 1, 77409 MiB, 100 %, 420.75 W, 1980 MHz, 15 %, 59
2026/10/10 17:45:27.109, 2, 77409 MiB, 100 %, 399.47 W, 1980 MHz, 15 %, 39
2026/10/10 17:45:27.109, 3, 77409 MiB, 100 %, 398.14 W, 1980 MHz, 15 %, 34
2026/10/10 17:45:27.109, 4, 77409 MiB, 100 %, 430.95 W, 1980 MHz, 15 %, 35
2026/10/10 17:45:27.109, 5, 77409 MiB, 100 %, 439.46 W, 1980 MHz, 15 %, 39
2026/10/10 17:45:27.109, 6, 77409 MiB, 100 %, 434.20 W, 1980 MHz, 15 %, 37
2026/10/10 17:45:27.109, 7, 77409 MiB, 100 %, 444.33 W, 1980 MHz, 15 %, 71
2026/10/10 17:45:28.109, 0, 77409 MiB, 100 %, 251.22 W, 1980 MHz, 16 %, 35
2026/10/10 17:45:28.109, 1, 77409 MiB, 100 %, 266.59 W, 1980 MHz, 15 %, 59
2026/10/10 17:45:28.109, 2, 77409 MiB, 100 %, 249.99 W, 1980 MHz, 15 %, 39
2026/10/10 17:45:28.109, 3, 77409 MiB, 100 %, 245.46 W, 1980 MHz, 15 %, 33
2026/10/10 17:45:28.109, 4, 77409 MiB, 100 %, 245.99 W, 1980 MHz, 16 %, 34
2026/10/10 17:45:28.109, 5, 77409 MiB, 100 %, 251.29 W, 1980 MHz, 15 %, 38
2026/10/10 17:45:28.109, 6, 77409 MiB, 100 %, 241.26 W, 1980 MHz, 16 %, 35
2026/10/10 17:45:28.110, 7, 77409 MiB, 100 %, 277.53 W, 1980 MHz, 15 %, 70
2026/10/10 17:45:29.110, 0, 77409 MiB, 100 %, 251.26 W, 1980 MHz, 16 %, 35
2026/10/10 17:45:29.110, 1, 77409 MiB, 100 %, 267.24 W, 1980 MHz, 15 %, 59
2026/10/10 17:45:29.110, 2, 77409 MiB, 100 %, 249.71 W, 1980 MHz, 15 %, 39
2026/10/10 17:45:29.110, 3, 77409 MiB, 100 %, 245.08 W, 1980 MHz, 15 %, 33
2026/10/10 17:45:29.110, 4, 77409 MiB, 100 %, 245.36 W, 1980 MHz, 16 %, 34
2026/10/10 17:45:29.110, 5, 77409 MiB, 100 %, 248.50 W, 1980 MHz, 15 %, 37
2026/10/10 17:45:29.110, 6, 77409 MiB, 100 %, 243.48 W, 1980 MHz, 16 %, 35
2026/10/10 17:45:29.110, 7, 77409 MiB, 100 %, 275.33 W, 1980 MHz, 15 %, 70
2026/10/10 17:45:30.110, 0, 77409 MiB, 100 %, 251.97 W, 1980 MHz, 15 %, 35
2026/10/10 17:45:30.111, 1, 77409 MiB, 100 %, 265.83 W, 1980 MHz, 15 %, 59
2026/10/10 17:45:30.111, 2, 77409 MiB, 100 %, 248.80 W, 1980 MHz, 16 %, 39
2026/10/10 17:45:30.111, 3, 77409 MiB, 100 %, 242.70 W, 1980 MHz, 15 %, 33
2026/10/10 17:45:30.111, 4, 77409 MiB, 100 %, 245.53 W, 1980 MHz, 16 %, 34
2026/10/10 17:45:30.111, 5, 77409 MiB, 100 %, 248.00 W, 1980 MHz, 15 %, 37
2026/10/10 17:45:30.111, 6, 77409 MiB, 100 %, 243.25 W, 1980 MHz, 15 %, 35
2026/10/10 17:45:30.111, 7, 77409 MiB, 100 %, 276.55 W, 1980 MHz, 15 %, 70
2026/10/10 17:45:31.111, 0, 77409 MiB, 100 %, 251.61 W, 1980 MHz, 15 %, 35
2026/10/10 17:45:31.111, 1, 77409 MiB, 100 %, 267.87 W, 1980 MHz, 15 %, 59
2026/10/10 17:45:31.111, 2, 77409 MiB, 100 %, 250.18 W, 1980 MHz, 15 %, 39
2026/10/10 17:45:31.111, 3, 77409 MiB, 100 %, 242.84 W, 1980 MHz, 15 %, 33
2026/10/10 17:45:31.111, 4, 77409 MiB, 100 %, 245.43 W, 1980 MHz, 15 %, 34
2026/10/10 17:45:31.111, 5, 77409 MiB, 100 %, 250.30 W, 1980 MHz, 15 %, 37
2026/10/10 17:45:31.112, 6, 77409 MiB, 100 %, 241.05 W, 1980 MHz, 16 %, 35
2026/10/10 17:45:31.112, 7, 77409 MiB, 100 %, 277.58 W, 1980 MHz, 15 %, 70
2026/10/10 17:45:32.112, 0, 77409 MiB, 100 %, 251.32 W, 1980 MHz, 15 %, 35
2026/10/10 17:45:32.112, 1, 77409 MiB, 100 %, 267.63 W, 1980 MHz, 15 %, 59
2026/10/10 17:45:32.112, 2, 77409 MiB, 100 %, 249.85 W, 1980 MHz, 16 %, 39
2026/10/10 17:45:32.112, 3, 77409 MiB, 100 %, 243.70 W, 1980 MHz, 15 %, 33
2026/10/10 17:45:32.112, 4, 77409 MiB, 100 %, 244.22 W, 1980 MHz, 15 %, 34
2026/10/10 17:45:32.112, 5, 77409 MiB, 100 %, 249.55 W, 1980 MHz, 15 %, 37
2026/10/10 17:45:32.112, 6, 77409 MiB, 100 %, 241.69 W, 1980 MHz, 15 %, 35
2026/10/10 17:45:32.112, 7, 77409 MiB, 100 %, 277.33 W, 1980 MHz, 15 %, 70
2026/10/10 17:45:33.112, 0, 77409 MiB, 100 %, 251.86 W, 1980 MHz, 15 %, 35
2026/10/10 17:45:33.113, 1, 77409 MiB, 100 %, 266.56 W, 1980 MHz, 15 %, 59
2026/10/10 17:45:33.113, 2, 77409 MiB, 100 %, 250.33 W, 1980 MHz, 16 %, 39
2026/10/10 17:45:33.113, 3, 77409 MiB, 100 %, 243.84 W, 1980 MHz, 15 %, 33
2026/10/10 17:45:33.113, 4, 77409 MiB, 100 %, 246.35 W, 1980 MHz, 16 %, 33
2026/10/10 17:45:33.113, 5, 77409 MiB, 100 %, 249.11 W, 1980 MHz, 15 %, 37
2026/10/10 17:45:33.113, 6, 77409 MiB, 100 %, 242.10 W, 1980 MHz, 16 %, 35
2026/10/10 17:45:33.113, 7, 77409 MiB, 100 %, 275.18 W, 1980 MHz, 15 %, 70
2026/10/10 17:45:34.113, 0, 77409 MiB, 100 %, 251.06 W, 1980 MHz, 15 %, 34
2026/10/10 17:45:34.113, 1, 77409 MiB, 100 %, 267.73 W, 1980 MHz, 15 %, 59
2026/10/10 17:45:34.113, 2, 77409 MiB, 100 %, 249.30 W, 1980 MHz, 15 %, 38
2026/10/10 17:45:34.113, 3, 77409 MiB, 100 %, 242.67 W, 1980 MHz, 15 %, 33
2026/10/10 17:45:34.113, 4, 77409 MiB, 100 %, 245.72 W, 1980 MHz, 16 %, 33
2026/10/10 17:45:34.114, 5, 77409 MiB, 100 %, 251.37 W, 1980 MHz, 15 %, 37
2026/10/10 17:45:34.114, 6, 77409 MiB, 100 %, 241.51 W, 1980 MHz, 15 %, 35
2026/10/10 17:45:34.114, 7, 77409 MiB, 100 %, 276.67 W, 1980 MHz, 15 %, 70
2026/10/10 17:45:35.114, 0, 77409 MiB, 100 %, 251.62 W, 1980 MHz, 15 %, 34
2026/10/10 17:45:35.114, 1, 77409 MiB, 100 %, 267.59 W, 1980 MHz, 15 %, 59
2026/10/10 17:45:35.114, 2, 77409 MiB, 100 %, 247.98 W, 1980 MHz, 15 %, 38
2026/10/10 17:45:35.114, 3, 77409 MiB, 100 %, 242.37 W, 1980 MHz, 15 %, 33
2026/10/10 17:45:35.114, 4, 77409 MiB, 100 %, 246.36 W, 1980 MHz, 16 %, 33
2026/10/10 17:45:35.114, 5, 77409 MiB, 100 %, 249.46 W, 1980 MHz, 15 %, 37
2026/10/10 17:45:35.114, 6, 77409 MiB, 100 %, 241.56 W, 1980 MHz, 15 %, 35
2026/10/10 17:45:35.114, 7, 77409 MiB, 100 %, 277.52 W, 1980 MHz, 15 %, 70
2026/10/10 17:45:36.115, 0, 77409 MiB, 100 %, 251.26 W, 1980 MHz, 15 %, 34
2026/10/10 17:45:36.115, 1, 77409 MiB, 100 %, 267.04 W, 1980 MHz, 15 %, 59
2026/10/10 17:45:36.115, 2, 77409 MiB, 100 %, 249.29 W, 1980 MHz, 15 %, 38
2026/10/10 17:45:36.115, 3, 77409 MiB, 100 %, 244.58 W, 1980 MHz, 15 %, 33
2026/10/10 17:45:36.115, 4, 77409 MiB, 100 %, 245.30 W, 1980 MHz, 16 %, 33
2026/10/10 17:45:36.115, 5, 77409 MiB, 100 %, 250.50 W, 1980 MHz, 15 %, 37
2026/10/10 17:45:36.115, 6, 77409 MiB, 100 %, 241.47 W, 1980 MHz, 15 %, 35
2026/10/10 17:45:36.115, 7, 77409 MiB, 100 %, 276.34 W, 1980 MHz, 15 %, 70
2026/10/10 17:45:37.115, 0, 77409 MiB, 100 %, 250.94 W, 1980 MHz, 15 %, 34
2026/10/10 17:45:37.115, 1, 77409 MiB, 100 %, 267.40 W, 1980 MHz, 15 %, 59
2026/10/10 17:45:37.115, 2, 77409 MiB, 100 %, 249.47 W, 1980 MHz, 15 %, 38
2026/10/10 17:45:37.116, 3, 77409 MiB, 100 %, 243.40 W, 1980 MHz, 15 %, 33
2026/10/10 17:45:37.116, 4, 77409 MiB, 100 %, 246.14 W, 1980 MHz, 15 %, 33
2026/10/10 17:45:37.116, 5, 77409 MiB, 100 %, 250.23 W, 1980 MHz, 15 %, 37
2026/10/10 17:45:37.116, 6, 77409 MiB, 100 %, 241.24 W, 1980 MHz, 15 %, 35
2026/10/10 17:45:37.116, 7, 77409 MiB, 100 %, 276.20 W, 1980 MHz, 15 %, 70
2026/10/10 17:45:38.116, 0, 77409 MiB, 100 %, 251.93 W, 1980 MHz, 15 %, 34
2026/10/10 17:45:38.116, 1, 77409 MiB, 100 %, 268.68 W, 1980 MHz, 15 %, 59
2026/10/10 17:45:38.116, 2, 77409 MiB, 100 %, 248.09 W, 1980 MHz, 15 %, 38
2026/10/10 17:45:38.116, 3, 77409 MiB, 100 %, 244.33 W, 1980 MHz, 15 %, 33
2026/10/10 17:45:38.116, 4, 77409 MiB, 100 %, 245.79 W, 1980 MHz, 16 %, 33
2026/10/10 17:45:38.116, 5, 77409 MiB, 100 %, 250.49 W, 1980 MHz, 16 %, 37
2026/10/10 17:45:38.116, 6, 77409 MiB, 100 %, 240.62 W, 1980 MHz, 15 %, 35
2026/10/10 17:45:38.117, 7, 77409 MiB, 100 %, 277.24 W, 1980 MHz, 15 %, 70
2026/10/10 17:45:39.117, 0, 77409 MiB, 100 %, 252.17 W, 1980 MHz, 15 %, 34
2026/10/10 17:45:39.117, 1, 77409 MiB, 100 %, 266.51 W, 1980 MHz, 15 %, 59
2026/10/10 17:45:39.117, 2, 77409 MiB, 100 %, 249.65 W, 1980 MHz, 15 %, 38
2026/10/10 17:45:39.117, 3, 77409 MiB, 100 %, 243.98 W, 1980 MHz, 15 %, 33
2026/10/10 17:45:39.117, 4, 77409 MiB, 100 %, 246.99 W, 1980 MHz, 15 %, 33
2026/10/10 17:45:39.117, 5, 77409 MiB, 100 %, 249.10 W, 1980 MHz, 15 %, 37
2026/10/10 17:45:39.117, 6, 77409 MiB, 100 %, 240.82 W, 1980 MHz, 15 %, 35
2026/10/10 17:45:39.117, 7, 77409 MiB, 100 %, 276.29 W, 1980 MHz, 15 %, 70
2026/10/10 17:45:40.117, 0, 77409 MiB, 100 %, 253.40 W, 1980 MHz, 15 %, 34
2026/10/10 17:45:40.118, 1, 77409 MiB, 100 %, 267.97 W, 1980 MHz, 15 %, 59
2026/10/10 17:45:40.118, 2, 77409 MiB, 100 %, 250.69 W, 1980 MHz, 15 %, 38
2026/10/10 17:45:40.118, 3, 77409 MiB, 100 %, 242.89 W, 1980 MHz, 15 %, 33
2026/10/10 17:45:40.118, 4, 77409 MiB, 100 %, 245.95 W, 1980 MHz, 16 %, 33
2026/10/10 17:45:40.118, 5, 77409 MiB, 100 %, 249.65 W, 1980 MHz, 15 %, 37
2026/10/10 17:45:40.118, 6, 77409 MiB, 100 %, 241.33 W, 1980 MHz, 15 %, 35
2026/10/10 17:45:40.118, 7, 77409 MiB, 100 %, 275.85 W, 1980 MHz, 15 %, 70
2026/10/10 17:45:41.118, 0, 77409 MiB, 100 %, 251.58 W, 1980 MHz, 15 %, 34
2026/10/10 17:45:41.118, 1, 77409 MiB, 100 %, 267.79 W, 1980 MHz, 15 %, 59
2026/10/10 17:45:41.118, 2, 77409 MiB, 100 %, 248.78 W, 1980 MHz, 15 %, 38
2026/10/10 17:45:41.118, 3, 77409 MiB, 100 %, 242.25 W, 1980 MHz, 15 %, 32
2026/10/10 17:45:41.118, 4, 77409 MiB, 100 %, 245.26 W, 1980 MHz, 15 %, 33
2026/10/10 17:45:41.118, 5, 77409 MiB, 100 %, 249.20 W, 1980 MHz, 16 %, 37
2026/10/10 17:45:41.118, 6, 77409 MiB, 100 %, 241.18 W, 1980 MHz, 15 %, 35
2026/10/10 17:45:41.119, 7, 77409 MiB, 100 %, 277.62 W, 1980 MHz, 16 %, 70
2026/10/10 17:45:42.119, 0, 77409 MiB, 100 %, 251.78 W, 1980 MHz, 15 %, 34
2026/10/10 17:45:42.119, 1, 77409 MiB, 100 %, 265.64 W, 1980 MHz, 15 %, 59
2026/10/10 17:45:42.119, 2, 77409 MiB, 100 %, 249.68 W, 1980 MHz, 15 %, 38
2026/10/10 17:45:42.119, 3, 77409 MiB, 100 %, 242.63 W, 1980 MHz, 15 %, 33
2026/10/10 17:45:42.119, 4, 77409 MiB, 100 %, 246.30 W, 1980 MHz, 16 %, 33
2026/10/10 17:45:42.119, 5, 77409 MiB, 100 %, 250.67 W, 1980 MHz, 15 %, 37
2026/10/10 17:45:42.119, 6, 77409 MiB, 100 %, 240.20 W, 1980 MHz, 15 %, 35
2026/10/10 17:45:42.119, 7, 77409 MiB, 100 %, 276.00 W, 1980 MHz, 15 %, 70
2026/10/10 17:45:43.119, 0, 77409 MiB, 100 %, 252.15 W, 1980 MHz, 16 %, 34
2026/10/10 17:45:43.119, 1, 77409 MiB, 100 %, 267.74 W, 1980 MHz, 15 %, 59
2026/10/10 17:45:43.120, 2, 77409 MiB, 100 %, 249.31 W, 1980 MHz, 15 %, 38
2026/10/10 17:45:43.120, 3, 77409 MiB, 100 %, 243.23 W, 1980 MHz, 15 %, 33
2026/10/10 17:45:43.120, 4, 77409 MiB, 100 %, 245.85 W, 1980 MHz, 15 %, 33
2026/10/10 17:45:43.120, 5, 77409 MiB, 100 %, 249.92 W, 1980 MHz, 15 %, 37
2026/10/10 17:45:43.120, 6, 77409 MiB, 100 %, 240.05 W, 1980 MHz, 15 %, 35
2026/10/10 17:45:43.120, 7, 77409 MiB, 100 %, 276.97 W, 1980 MHz, 15 %, 70
2026/10/10 17:45:44.120, 0, 77409 MiB, 100 %, 251.33 W, 1980 MHz, 15 %, 34
2026/10/10 17:45:44.120, 1, 77409 MiB, 100 %, 267.91 W, 1980 MHz, 15 %, 59
2026/10/10 17:45:44.120, 2, 77409 MiB, 100 %, 250.96 W, 1980 MHz, 15 %, 38
2026/10/10 17:45:44.120, 3, 77409 MiB, 100 %, 240.70 W, 1980 MHz, 15 %, 32
2026/10/10 17:45:44.120, 4, 77409 MiB, 100 %, 245.55 W, 1980 MHz, 16 %, 33
2026/10/10 17:45:44.120, 5, 77409 MiB, 100 %, 249.41 W, 1980 MHz, 15 %, 37
2026/10/10 17:45:44.120, 6, 77409 MiB, 100 %, 240.81 W, 1980 MHz, 15 %, 35
2026/10/10 17:45:44.120, 7, 77409 MiB, 100 %, 277.34 W, 1980 MHz, 15 %, 70
2026/10/10 17:45:45.121, 0, 77409 MiB, 43 %, 290.65 W, 1965 MHz, 7 %, 39
2026/10/10 17:45:45.121, 1, 77409 MiB, 40 %, 317.52 W, 1845 MHz, 9 %, 65
2026/10/10 17:45:45.121, 2, 77409 MiB, 41 %, 291.41 W, 1965 MHz, 17 %, 44
2026/10/10 17:45:45.121, 3, 77409 MiB, 100 %, 291.37 W, 1890 MHz, 15 %, 39
2026/10/10 17:45:45.121, 4, 77409 MiB, 80 %, 306.87 W, 1965 MHz, 13 %, 41
2026/10/10 17:45:45.121, 5, 77409 MiB, 41 %, 262.92 W, 1980 MHz, 7 %, 42
2026/10/10 17:45:45.121, 6, 77409 MiB, 76 %, 256.25 W, 1980 MHz, 12 %, 34
2026/10/10 17:45:45.121, 7, 77409 MiB, 42 %, 312.12 W, 1875 MHz, 15 %, 76
2026/10/10 17:45:46.121, 0, 77409 MiB, 100 %, 419.29 W, 1980 MHz, 15 %, 36
2026/10/10 17:45:46.121, 1, 77409 MiB, 100 %, 423.24 W, 1980 MHz, 15 %, 59
2026/10/10 17:45:46.121, 2, 77409 MiB, 100 %, 403.01 W, 1980 MHz, 15 %, 39
2026/10/10 17:45:46.121, 3, 77409 MiB, 100 %, 406.55 W, 1980 MHz, 15 %, 34
2026/10/10 17:45:46.122, 4, 77409 MiB, 100 %, 385.44 W, 1980 MHz, 15 %, 35
2026/10/10 17:45:46.122, 5, 77409 MiB, 100 %, 436.72 W, 1980 MHz, 16 %, 39
2026/10/10 17:45:46.122, 6, 77409 MiB, 100 %, 430.08 W, 1980 MHz, 16 %, 37
2026/10/10 17:45:46.122, 7, 77409 MiB, 100 %, 443.74 W, 1980 MHz, 15 %, 71
2026/10/10 17:45:47.122, 0, 77409 MiB, 100 %, 250.24 W, 1980 MHz, 15 %, 35
2026/10/10 17:45:47.122, 1, 77409 MiB, 100 %, 265.61 W, 1980 MHz, 15 %, 59
2026/10/10 17:45:47.122, 2, 77409 MiB, 100 %, 248.35 W, 1980 MHz, 15 %, 39
2026/10/10 17:45:47.122, 3, 77409 MiB, 100 %, 245.83 W, 1980 MHz, 15 %, 33
2026/10/10 17:45:47.122, 4, 77409 MiB, 100 %, 241.08 W, 1980 MHz, 15 %, 34
2026/10/10 17:45:47.122, 5, 77409 MiB, 100 %, 250.13 W, 1980 MHz, 15 %, 38
2026/10/10 17:45:47.122, 6, 77409 MiB, 100 %, 242.68 W, 1980 MHz, 16 %, 35
2026/10/10 17:45:47.122, 7, 77409 MiB, 100 %, 279.10 W, 1980 MHz, 15 %, 70
2026/10/10 17:45:48.122, 0, 77409 MiB, 100 %, 250.02 W, 1980 MHz, 15 %, 35
2026/10/10 17:45:48.123, 1, 77409 MiB, 100 %, 266.51 W, 1980 MHz, 15 %, 59
2026/10/10 17:45:48.123, 2, 77409 MiB, 100 %, 247.34 W, 1980 MHz, 15 %, 39
2026/10/10 17:45:48.123, 3, 77409 MiB, 100 %, 246.15 W, 1980 MHz, 15 %, 33
2026/10/10 17:45:48.123, 4, 77409 MiB, 100 %, 239.99 W, 1980 MHz, 15 %, 34
2026/10/10 17:45:48.123, 5, 77409 MiB, 100 %, 250.60 W, 1980 MHz, 15 %, 37
2026/10/10 17:45:48.123, 6, 77409 MiB, 100 %, 242.57 W, 1980 MHz, 15 %, 35
2026/10/10 17:45:48.123, 7, 77409 MiB, 100 %, 279.20 W, 1980 MHz, 15 %, 70
2026/10/10 17:45:49.123, 0, 77409 MiB, 100 %, 250.34 W, 1980 MHz, 15 %, 35
2026/10/10 17:45:49.123, 1, 77409 MiB, 100 %, 269.93 W, 1980 MHz, 15 %, 59
2026/10/10 17:45:49.123, 2, 77409 MiB, 100 %, 248.14 W, 1980 MHz, 15 %, 38
2026/10/10 17:45:49.123, 3, 77409 MiB, 100 %, 248.19 W, 1980 MHz, 15 %, 33
2026/10/10 17:45:49.123, 4, 77409 MiB, 100 %, 243.05 W, 1980 MHz, 16 %, 33
2026/10/10 17:45:49.124, 5, 77409 MiB, 100 %, 249.39 W, 1980 MHz, 15 %, 37
2026/10/10 17:45:49.124, 6, 77409 MiB, 100 %, 241.51 W, 1980 MHz, 15 %, 35
2026/10/10 17:45:49.124, 7, 77409 MiB, 100 %, 277.43 W, 1980 MHz, 15 %, 70
2026/10/10 17:45:50.124, 0, 77409 MiB, 100 %, 251.22 W, 1980 MHz, 15 %, 34
2026/10/10 17:45:50.124, 1, 77409 MiB, 100 %, 268.34 W, 1980 MHz, 15 %, 59
2026/10/10 17:45:50.124, 2, 77409 MiB, 100 %, 250.52 W, 1980 MHz, 15 %, 39
2026/10/10 17:45:50.124, 3, 77409 MiB, 100 %, 245.97 W, 1980 MHz, 15 %, 33
2026/10/10 17:45:50.124, 4, 77409 MiB, 100 %, 243.01 W, 1980 MHz, 15 %, 33
2026/10/10 17:45:50.124, 5, 77409 MiB, 100 %, 249.60 W, 1980 MHz, 15 %, 37
2026/10/10 17:45:50.124, 6, 77409 MiB, 100 %, 240.49 W, 1980 MHz, 15 %, 35
2026/10/10 17:45:50.124, 7, 77409 MiB, 100 %, 278.66 W, 1980 MHz, 15 %, 70
2026/10/10 17:45:51.124, 0, 77409 MiB, 100 %, 250.38 W, 1980 MHz, 15 %, 34
2026/10/10 17:45:51.125, 1, 77409 MiB, 100 %, 267.34 W, 1980 MHz, 15 %, 59
2026/10/10 17:45:51.125, 2, 77409 MiB, 100 %, 249.07 W, 1980 MHz, 15 %, 39
2026/10/10 17:45:51.125, 3, 77409 MiB, 100 %, 245.78 W, 1980 MHz, 15 %, 33
2026/10/10 17:45:51.125, 4, 77409 MiB, 100 %, 241.99 W, 1980 MHz, 15 %, 33
2026/10/10 17:45:51.125, 5, 77409 MiB, 100 %, 249.81 W, 1980 MHz, 15 %, 37
2026/10/10 17:45:51.125, 6, 77409 MiB, 100 %, 239.77 W, 1980 MHz, 15 %, 35
2026/10/10 17:45:51.125, 7, 77409 MiB, 100 %, 278.62 W, 1980 MHz, 15 %, 70
2026/10/10 17:45:52.125, 0, 77409 MiB, 100 %, 250.40 W, 1980 MHz, 15 %, 34
2026/10/10 17:45:52.125, 1, 77409 MiB, 100 %, 268.27 W, 1980 MHz, 15 %, 59
2026/10/10 17:45:52.125, 2, 77409 MiB, 100 %, 247.86 W, 1980 MHz, 15 %, 38
2026/10/10 17:45:52.125, 3, 77409 MiB, 100 %, 245.88 W, 1980 MHz, 15 %, 33
2026/10/10 17:45:52.125, 4, 77409 MiB, 100 %, 242.97 W, 1980 MHz, 16 %, 33
2026/10/10 17:45:52.125, 5, 77409 MiB, 100 %, 249.35 W, 1980 MHz, 15 %, 37
2026/10/10 17:45:52.125, 6, 77409 MiB, 100 %, 240.94 W, 1980 MHz, 15 %, 35
2026/10/10 17:45:52.125, 7, 77409 MiB, 100 %, 277.89 W, 1980 MHz, 15 %, 70
2026/10/10 17:45:53.126, 0, 77409 MiB, 100 %, 248.70 W, 1980 MHz, 15 %, 34
2026/10/10 17:45:53.126, 1, 77409 MiB, 100 %, 270.47 W, 1980 MHz, 15 %, 59
2026/10/10 17:45:53.126, 2, 77409 MiB, 100 %, 248.36 W, 1980 MHz, 15 %, 38
2026/10/10 17:45:53.126, 3, 77409 MiB, 100 %, 247.15 W, 1980 MHz, 15 %, 33
2026/10/10 17:45:53.126, 4, 77409 MiB, 100 %, 243.20 W, 1980 MHz, 15 %, 33
2026/10/10 17:45:53.126, 5, 77409 MiB, 100 %, 248.11 W, 1980 MHz, 15 %, 37
2026/10/10 17:45:53.126, 6, 77409 MiB, 100 %, 241.29 W, 1980 MHz, 16 %, 35
2026/10/10 17:45:53.126, 7, 77409 MiB, 100 %, 277.54 W, 1980 MHz, 15 %, 70
2026/10/10 17:45:54.126, 0, 77409 MiB, 100 %, 250.80 W, 1980 MHz, 15 %, 34
2026/10/10 17:45:54.126, 1, 77409 MiB, 100 %, 265.86 W, 1980 MHz, 15 %, 59
2026/10/10 17:45:54.126, 2, 77409 MiB, 100 %, 248.48 W, 1980 MHz, 15 %, 38
2026/10/10 17:45:54.126, 3, 77409 MiB, 100 %, 245.72 W, 1980 MHz, 15 %, 33
2026/10/10 17:45:54.126, 4, 77409 MiB, 100 %, 241.28 W, 1980 MHz, 15 %, 33
2026/10/10 17:45:54.127, 5, 77409 MiB, 100 %, 249.60 W, 1980 MHz, 15 %, 37
2026/10/10 17:45:54.127, 6, 77409 MiB, 100 %, 242.07 W, 1980 MHz, 15 %, 35
2026/10/10 17:45:54.127, 7, 77409 MiB, 100 %, 281.03 W, 1980 MHz, 15 %, 70
2026/10/10 17:45:55.127, 0, 77409 MiB, 100 %, 249.91 W, 1980 MHz, 15 %, 34
2026/10/10 17:45:55.127, 1, 77409 MiB, 100 %, 266.30 W, 1980 MHz, 15 %, 59
2026/10/10 17:45:55.127, 2, 77409 MiB, 100 %, 247.74 W, 1980 MHz, 15 %, 38
2026/10/10 17:45:55.127, 3, 77409 MiB, 100 %, 246.09 W, 1980 MHz, 15 %, 33
2026/10/10 17:45:55.127, 4, 77409 MiB, 100 %, 239.90 W, 1980 MHz, 15 %, 33
2026/10/10 17:45:55.127, 5, 77409 MiB, 100 %, 251.20 W, 1980 MHz, 16 %, 37
2026/10/10 17:45:55.127, 6, 77409 MiB, 100 %, 241.63 W, 1980 MHz, 15 %, 35
2026/10/10 17:45:55.127, 7, 77409 MiB, 100 %, 279.97 W, 1980 MHz, 16 %, 70
2026/10/10 17:45:56.127, 0, 77409 MiB, 100 %, 249.87 W, 1980 MHz, 16 %, 34
2026/10/10 17:45:56.127, 1, 77409 MiB, 100 %, 269.98 W, 1980 MHz, 15 %, 59
2026/10/10 17:45:56.128, 2, 77409 MiB, 100 %, 247.49 W, 1980 MHz, 15 %, 38
2026/10/10 17:45:56.128, 3, 77409 MiB, 100 %, 246.32 W, 1980 MHz, 16 %, 33
2026/10/10 17:45:56.128, 4, 77409 MiB, 100 %, 242.03 W, 1980 MHz, 15 %, 33
2026/10/10 17:45:56.128, 5, 77409 MiB, 100 %, 251.96 W, 1980 MHz, 15 %, 37
2026/10/10 17:45:56.128, 6, 77409 MiB, 100 %, 242.08 W, 1980 MHz, 15 %, 35
2026/10/10 17:45:56.128, 7, 77409 MiB, 100 %, 279.92 W, 1980 MHz, 15 %, 70
2026/10/10 17:45:57.128, 0, 77409 MiB, 100 %, 250.44 W, 1980 MHz, 15 %, 34
2026/10/10 17:45:57.128, 1, 77409 MiB, 100 %, 268.40 W, 1980 MHz, 15 %, 59
2026/10/10 17:45:57.128, 2, 77409 MiB, 100 %, 247.83 W, 1980 MHz, 15 %, 38
2026/10/10 17:45:57.128, 3, 77409 MiB, 100 %, 245.59 W, 1980 MHz, 15 %, 33
2026/10/10 17:45:57.128, 4, 77409 MiB, 100 %, 244.34 W, 1980 MHz, 15 %, 33
2026/10/10 17:45:57.128, 5, 77409 MiB, 100 %, 249.49 W, 1980 MHz, 15 %, 37
2026/10/10 17:45:57.128, 6, 77409 MiB, 100 %, 240.53 W, 1980 MHz, 15 %, 35
2026/10/10 17:45:57.128, 7, 77409 MiB, 100 %, 280.31 W, 1980 MHz, 15 %, 70
2026/10/10 17:45:58.129, 0, 77409 MiB, 100 %, 250.25 W, 1980 MHz, 15 %, 34
2026/10/10 17:45:58.129, 1, 77409 MiB, 100 %, 266.04 W, 1980 MHz, 15 %, 59
2026/10/10 17:45:58.129, 2, 77409 MiB, 100 %, 248.83 W, 1980 MHz, 15 %, 38
2026/10/10 17:45:58.129, 3, 77409 MiB, 100 %, 245.65 W, 1980 MHz, 15 %, 33
2026/10/10 17:45:58.129, 4, 77409 MiB, 100 %, 244.55 W, 1980 MHz, 16 %, 33
2026/10/10 17:45:58.129, 5, 77409 MiB, 100 %, 249.86 W, 1980 MHz, 15 %, 37
2026/10/10 17:45:58.129, 6, 77409 MiB, 100 %, 240.37 W, 1980 MHz, 15 %, 35
2026/10/10 17:45:58.129, 7, 77409 MiB, 100 %, 281.05 W, 1980 MHz, 15 %, 70
2026/10/10 17:45:59.129, 0, 77409 MiB, 100 %, 250.36 W, 1980 MHz, 15 %, 34
2026/10/10 17:45:59.129, 1, 77409 MiB, 100 %, 267.17 W, 1980 MHz, 15 %, 59
2026/10/10 17:45:59.129, 2, 77409 MiB, 100 %, 249.15 W, 1980 MHz, 15 %, 38
2026/10/10 17:45:59.129, 3, 77409 MiB, 100 %, 245.53 W, 1980 MHz, 15 %, 33
2026/10/10 17:45:59.129, 4, 77409 MiB, 100 %, 244.84 W, 1980 MHz, 16 %, 33
2026/10/10 17:45:59.130, 5, 77409 MiB, 100 %, 249.47 W, 1980 MHz, 15 %, 37
2026/10/10 17:45:59.130, 6, 77409 MiB, 100 %, 239.77 W, 1980 MHz, 15 %, 35
2026/10/10 17:45:59.130, 7, 77409 MiB, 100 %, 281.72 W, 1980 MHz, 15 %, 70
2026/10/10 17:46:00.130, 0, 77409 MiB, 100 %, 251.06 W, 1980 MHz, 15 %, 34
2026/10/10 17:46:00.130, 1, 77409 MiB, 100 %, 266.57 W, 1980 MHz, 15 %, 59
2026/10/10 17:46:00.130, 2, 77409 MiB, 100 %, 248.85 W, 1980 MHz, 15 %, 38
2026/10/10 17:46:00.130, 3, 77409 MiB, 100 %, 246.66 W, 1980 MHz, 15 %, 33
2026/10/10 17:46:00.130, 4, 77409 MiB, 100 %, 245.29 W, 1980 MHz, 16 %, 33
2026/10/10 17:46:00.130, 5, 77409 MiB, 100 %, 249.02 W, 1980 MHz, 15 %, 37
2026/10/10 17:46:00.130, 6, 77409 MiB, 100 %, 240.09 W, 1980 MHz, 15 %, 35
2026/10/10 17:46:00.130, 7, 77409 MiB, 100 %, 280.26 W, 1980 MHz, 15 %, 70
2026/10/10 17:46:01.130, 0, 77409 MiB, 100 %, 248.95 W, 1980 MHz, 15 %, 34
2026/10/10 17:46:01.131, 1, 77409 MiB, 100 %, 267.49 W, 1980 MHz, 15 %, 59
2026/10/10 17:46:01.131, 2, 77409 MiB, 100 %, 247.76 W, 1980 MHz, 15 %, 38
2026/10/10 17:46:01.131, 3, 77409 MiB, 100 %, 246.44 W, 1980 MHz, 16 %, 33
2026/10/10 17:46:01.131, 4, 77409 MiB, 100 %, 245.08 W, 1980 MHz, 15 %, 33
2026/10/10 17:46:01.131, 5, 77409 MiB, 100 %, 248.42 W, 1980 MHz, 16 %, 37
2026/10/10 17:46:01.131, 6, 77409 MiB, 100 %, 239.76 W, 1980 MHz, 15 %, 35
2026/10/10 17:46:01.131, 7, 77409 MiB, 100 %, 280.18 W, 1980 MHz, 16 %, 70
2026/10/10 17:46:02.131, 0, 77409 MiB, 100 %, 248.52 W, 1980 MHz, 15 %, 34
2026/10/10 17:46:02.131, 1, 77409 MiB, 100 %, 268.36 W, 1980 MHz, 15 %, 59
2026/10/10 17:46:02.131, 2, 77409 MiB, 100 %, 248.51 W, 1980 MHz, 15 %, 38
2026/10/10 17:46:02.131, 3, 77409 MiB, 100 %, 247.55 W, 1980 MHz, 15 %, 33
2026/10/10 17:46:02.131, 4, 77409 MiB, 100 %, 242.94 W, 1980 MHz, 15 %, 33
2026/10/10 17:46:02.131, 5, 77409 MiB, 100 %, 248.49 W, 1980 MHz, 15 %, 37
2026/10/10 17:46:02.131, 6, 77409 MiB, 100 %, 239.59 W, 1980 MHz, 15 %, 35
2026/10/10 17:46:02.131, 7, 77409 MiB, 100 %, 282.12 W, 1980 MHz, 15 %, 70
2026/10/10 17:46:03.132, 0, 77409 MiB, 100 %, 252.04 W, 1980 MHz, 16 %, 34
2026/10/10 17:46:03.132, 1, 77409 MiB, 100 %, 270.03 W, 1980 MHz, 15 %, 59
2026/10/10 17:46:03.132, 2, 77409 MiB, 100 %, 247.86 W, 1980 MHz, 15 %, 38
2026/10/10 17:46:03.132, 3, 77409 MiB, 100 %, 245.20 W, 1980 MHz, 15 %, 33
2026/10/10 17:46:03.132, 4, 77409 MiB, 100 %, 244.37 W, 1980 MHz, 15 %, 33
2026/10/10 17:46:03.132, 5, 77409 MiB, 100 %, 248.80 W, 1980 MHz, 15 %, 37
2026/10/10 17:46:03.132, 6, 77409 MiB, 100 %, 239.42 W, 1980 MHz, 15 %, 35
2026/10/10 17:46:03.132, 7, 77409 MiB, 100 %, 280.57 W, 1980 MHz, 15 %, 70
2026/10/10 17:46:04.132, 0, 77409 MiB, 48 %, 290.35 W, 1935 MHz, 7 %, 39
2026/10/10 17:46:04.132, 1, 77409 MiB, 43 %, 319.42 W, 1845 MHz, 9 %, 65
2026/10/10 17:46:04.132, 2, 77409 MiB, 45 %, 291.25 W, 1965 MHz, 17 %, 44
2026/10/10 17:46:04.132, 3, 77409 MiB, 100 %, 291.77 W, 1935 MHz, 16 %, 40
2026/10/10 17:46:04.132, 4, 77409 MiB, 85 %, 304.75 W, 1965 MHz, 13 %, 41
2026/10/10 17:46:04.133, 5, 77409 MiB, 55 %, 309.49 W, 1950 MHz, 15 %, 45
2026/10/10 17:46:04.133, 6, 77409 MiB, 62 %, 302.93 W, 1965 MHz, 29 %, 43
2026/10/10 17:46:04.133, 7, 77409 MiB, 44 %, 319.55 W, 1830 MHz, 15 %, 76
2026/10/10 17:46:05.133, 0, 77409 MiB, 100 %, 417.89 W, 1980 MHz, 15 %, 36
2026/10/10 17:46:05.133, 1, 77409 MiB, 100 %, 420.26 W, 1980 MHz, 15 %, 59
2026/10/10 17:46:05.133, 2, 77409 MiB, 100 %, 408.08 W, 1980 MHz, 15 %, 39
2026/10/10 17:46:05.133, 3, 77409 MiB, 100 %, 407.96 W, 1980 MHz, 16 %, 34
2026/10/10 17:46:05.133, 4, 77409 MiB, 100 %, 380.86 W, 1980 MHz, 15 %, 35
2026/10/10 17:46:05.133, 5, 77409 MiB, 100 %, 392.81 W, 1980 MHz, 15 %, 39
2026/10/10 17:46:05.133, 6, 77409 MiB, 100 %, 389.02 W, 1980 MHz, 15 %, 36
2026/10/10 17:46:05.133, 7, 77409 MiB, 100 %, 441.87 W, 1980 MHz, 15 %, 71
2026/10/10 17:46:06.134, 0, 77409 MiB, 100 %, 250.53 W, 1980 MHz, 15 %, 35
2026/10/10 17:46:06.134, 1, 77409 MiB, 100 %, 267.91 W, 1980 MHz, 15 %, 59
2026/10/10 17:46:06.134, 2, 77409 MiB, 100 %, 247.62 W, 1980 MHz, 15 %, 39
2026/10/10 17:46:06.134, 3, 77409 MiB, 100 %, 250.81 W, 1980 MHz, 16 %, 33
2026/10/10 17:46:06.134, 4, 77409 MiB, 100 %, 243.13 W, 1980 MHz, 16 %, 34
2026/10/10 17:46:06.134, 5, 77409 MiB, 100 %, 248.54 W, 1980 MHz, 15 %, 38
2026/10/10 17:46:06.134, 6, 77409 MiB, 100 %, 239.96 W, 1980 MHz, 15 %, 35
2026/10/10 17:46:06.134, 7, 77409 MiB, 100 %, 279.17 W, 1980 MHz, 15 %, 70
2026/10/10 17:46:07.134, 0, 77409 MiB, 100 %, 250.77 W, 1980 MHz, 15 %, 35
2026/10/10 17:46:07.134, 1, 77409 MiB, 100 %, 267.73 W, 1980 MHz, 15 %, 59
2026/10/10 17:46:07.134, 2, 77409 MiB, 100 %, 246.87 W, 1980 MHz, 15 %, 39
2026/10/10 17:46:07.134, 3, 77409 MiB, 100 %, 250.54 W, 1980 MHz, 16 %, 33
2026/10/10 17:46:07.135, 4, 77409 MiB, 100 %, 245.53 W, 1980 MHz, 15 %, 34
2026/10/10 17:46:07.135, 5, 77409 MiB, 100 %, 249.34 W, 1980 MHz, 15 %, 37
2026/10/10 17:46:07.135, 6, 77409 MiB, 100 %, 239.40 W, 1980 MHz, 15 %, 35
2026/10/10 17:46:07.135, 7, 77409 MiB, 100 %, 279.04 W, 1980 MHz, 15 %, 70
2026/10/10 17:46:08.135, 0, 77409 MiB, 100 %, 250.98 W, 1980 MHz, 15 %, 35
2026/10/10 17:46:08.135, 1, 77409 MiB, 100 %, 267.77 W, 1980 MHz, 15 %, 59
2026/10/10 17:46:08.135, 2, 77409 MiB, 100 %, 248.74 W, 1980 MHz, 15 %, 39
2026/10/10 17:46:08.135, 3, 77409 MiB, 100 %, 250.28 W, 1980 MHz, 15 %, 33
2026/10/10 17:46:08.135, 4, 77409 MiB, 100 %, 245.04 W, 1980 MHz, 15 %, 34
2026/10/10 17:46:08.135, 5, 77409 MiB, 100 %, 248.32 W, 1980 MHz, 15 %, 37
2026/10/10 17:46:08.135, 6, 77409 MiB, 100 %, 237.78 W, 1980 MHz, 15 %, 35
2026/10/10 17:46:08.135, 7, 77409 MiB, 100 %, 277.44 W, 1980 MHz, 15 %, 70
2026/10/10 17:46:09.136, 0, 77409 MiB, 100 %, 249.43 W, 1980 MHz, 15 %, 35
2026/10/10 17:46:09.136, 1, 77409 MiB, 100 %, 267.76 W, 1980 MHz, 15 %, 59
2026/10/10 17:46:09.136, 2, 77409 MiB, 100 %, 249.11 W, 1980 MHz, 15 %, 38
2026/10/10 17:46:09.136, 3, 77409 MiB, 100 %, 250.68 W, 1980 MHz, 15 %, 33
2026/10/10 17:46:09.136, 4, 77409 MiB, 100 %, 244.44 W, 1980 MHz, 15 %, 34
2026/10/10 17:46:09.136, 5, 77409 MiB, 100 %, 247.00 W, 1980 MHz, 15 %, 37
2026/10/10 17:46:09.136, 6, 77409 MiB, 100 %, 239.52 W, 1980 MHz, 15 %, 35
2026/10/10 17:46:09.136, 7, 77409 MiB, 100 %, 278.83 W, 1980 MHz, 15 %, 70
2026/10/10 17:46:10.136, 0, 77409 MiB, 100 %, 250.78 W, 1980 MHz, 15 %, 34
2026/10/10 17:46:10.137, 1, 77409 MiB, 100 %, 265.83 W, 1980 MHz, 15 %, 59
2026/10/10 17:46:10.137, 2, 77409 MiB, 100 %, 247.48 W, 1980 MHz, 15 %, 38
2026/10/10 17:46:10.137, 3, 77409 MiB, 100 %, 250.02 W, 1980 MHz, 16 %, 33
2026/10/10 17:46:10.137, 4, 77409 MiB, 100 %, 245.78 W, 1980 MHz, 15 %, 33
2026/10/10 17:46:10.137, 5, 77409 MiB, 100 %, 249.27 W, 1980 MHz, 15 %, 37
2026/10/10 17:46:10.137, 6, 77409 MiB, 100 %, 238.27 W, 1980 MHz, 15 %, 35
2026/10/10 17:46:10.137, 7, 77409 MiB, 100 %, 277.58 W, 1980 MHz, 15 %, 70
2026/10/10 17:46:11.137, 0, 77409 MiB, 100 %, 250.32 W, 1980 MHz, 15 %, 34
2026/10/10 17:46:11.137, 1, 77409 MiB, 100 %, 268.76 W, 1980 MHz, 15 %, 59
2026/10/10 17:46:11.137, 2, 77409 MiB, 100 %, 248.54 W, 1980 MHz, 15 %, 38
2026/10/10 17:46:11.137, 3, 77409 MiB, 100 %, 250.66 W, 1980 MHz, 16 %, 33
2026/10/10 17:46:11.137, 4, 77409 MiB, 100 %, 244.23 W, 1980 MHz, 15 %, 33
2026/10/10 17:46:11.137, 5, 77409 MiB, 100 %, 247.35 W, 1980 MHz, 15 %, 37
2026/10/10 17:46:11.137, 6, 77409 MiB, 100 %, 239.33 W, 1980 MHz, 15 %, 35
2026/10/10 17:46:11.138, 7, 77409 MiB, 100 %, 277.64 W, 1980 MHz, 15 %, 70
2026/10/10 17:46:12.138, 0, 77409 MiB, 100 %, 250.54 W, 1980 MHz, 15 %, 34
2026/10/10 17:46:12.138, 1, 77409 MiB, 100 %, 267.48 W, 1980 MHz, 15 %, 59
2026/10/10 17:46:12.138, 2, 77409 MiB, 100 %, 247.01 W, 1980 MHz, 15 %, 38
2026/10/10 17:46:12.138, 3, 77409 MiB, 100 %, 249.90 W, 1980 MHz, 16 %, 33
2026/10/10 17:46:12.138, 4, 77409 MiB, 100 %, 244.99 W, 1980 MHz, 15 %, 33
2026/10/10 17:46:12.138, 5, 77409 MiB, 100 %, 248.25 W, 1980 MHz, 15 %, 37
2026/10/10 17:46:12.138, 6, 77409 MiB, 100 %, 239.22 W, 1980 MHz, 15 %, 35
2026/10/10 17:46:12.138, 7, 77409 MiB, 100 %, 280.14 W, 1980 MHz, 16 %, 70
2026/10/10 17:46:13.138, 0, 77409 MiB, 100 %, 251.93 W, 1980 MHz, 15 %, 34
2026/10/10 17:46:13.138, 1, 77409 MiB, 100 %, 269.34 W, 1980 MHz, 15 %, 59
2026/10/10 17:46:13.138, 2, 77409 MiB, 100 %, 247.85 W, 1980 MHz, 15 %, 38
2026/10/10 17:46:13.139, 3, 77409 MiB, 100 %, 250.25 W, 1980 MHz, 16 %, 33
2026/10/10 17:46:13.139, 4, 77409 MiB, 100 %, 244.53 W, 1980 MHz, 15 %, 33
2026/10/10 17:46:13.139, 5, 77409 MiB, 100 %, 248.43 W, 1980 MHz, 15 %, 37
2026/10/10 17:46:13.139, 6, 77409 MiB, 100 %, 239.41 W, 1980 MHz, 15 %, 35
2026/10/10 17:46:13.139, 7, 77409 MiB, 100 %, 279.56 W, 1980 MHz, 15 %, 70
2026/10/10 17:46:14.139, 0, 77409 MiB, 100 %, 250.24 W, 1980 MHz, 15 %, 34
2026/10/10 17:46:14.139, 1, 77409 MiB, 100 %, 269.21 W, 1980 MHz, 15 %, 59
2026/10/10 17:46:14.139, 2, 77409 MiB, 100 %, 247.63 W, 1980 MHz, 15 %, 38
2026/10/10 17:46:14.139, 3, 77409 MiB, 100 %, 248.66 W, 1980 MHz, 16 %, 33
2026/10/10 17:46:14.139, 4, 77409 MiB, 100 %, 244.15 W, 1980 MHz, 16 %, 33
2026/10/10 17:46:14.139, 5, 77409 MiB, 100 %, 247.33 W, 1980 MHz, 15 %, 37
2026/10/10 17:46:14.139, 6, 77409 MiB, 100 %, 238.67 W, 1980 MHz, 15 %, 35
2026/10/10 17:46:14.139, 7, 77409 MiB, 100 %, 277.55 W, 1980 MHz, 15 %, 70
2026/10/10 17:46:15.140, 0, 77409 MiB, 100 %, 250.87 W, 1980 MHz, 15 %, 34
2026/10/10 17:46:15.140, 1, 77409 MiB, 100 %, 266.55 W, 1980 MHz, 15 %, 59
2026/10/10 17:46:15.140, 2, 77409 MiB, 100 %, 249.08 W, 1980 MHz, 15 %, 38
2026/10/10 17:46:15.140, 3, 77409 MiB, 100 %, 249.21 W, 1980 MHz, 16 %, 33
2026/10/10 17:46:15.140, 4, 77409 MiB, 100 %, 244.49 W, 1980 MHz, 15 %, 33
2026/10/10 17:46:15.140, 5, 77409 MiB, 100 %, 249.21 W, 1980 MHz, 15 %, 37
2026/10/10 17:46:15.140, 6, 77409 MiB, 100 %, 238.72 W, 1980 MHz, 15 %, 35
2026/10/10 17:46:15.140, 7, 77409 MiB, 100 %, 278.20 W, 1980 MHz, 15 %, 70
2026/10/10 17:46:16.140, 0, 77409 MiB, 100 %, 251.42 W, 1980 MHz, 15 %, 34
2026/10/10 17:46:16.140, 1, 77409 MiB, 100 %, 268.92 W, 1980 MHz, 15 %, 59
2026/10/10 17:46:16.141, 2, 77409 MiB, 100 %, 247.65 W, 1980 MHz, 15 %, 38
2026/10/10 17:46:16.141, 3, 77409 MiB, 100 %, 249.93 W, 1980 MHz, 15 %, 33
2026/10/10 17:46:16.141, 4, 77409 MiB, 100 %, 244.49 W, 1980 MHz, 15 %, 33
2026/10/10 17:46:16.141, 5, 77409 MiB, 100 %, 246.27 W, 1980 MHz, 15 %, 37
2026/10/10 17:46:16.141, 6, 77409 MiB, 100 %, 238.60 W, 1980 MHz, 15 %, 35
2026/10/10 17:46:16.141, 7, 77409 MiB, 100 %, 279.89 W, 1980 MHz, 15 %, 70
2026/10/10 17:46:17.141, 0, 77409 MiB, 100 %, 251.80 W, 1980 MHz, 16 %, 34
2026/10/10 17:46:17.141, 1, 77409 MiB, 100 %, 267.67 W, 1980 MHz, 15 %, 59
2026/10/10 17:46:17.141, 2, 77409 MiB, 100 %, 248.40 W, 1980 MHz, 15 %, 38
2026/10/10 17:46:17.141, 3, 77409 MiB, 100 %, 249.37 W, 1980 MHz, 16 %, 33
2026/10/10 17:46:17.141, 4, 77409 MiB, 100 %, 244.32 W, 1980 MHz, 15 %, 33
2026/10/10 17:46:17.141, 5, 77409 MiB, 100 %, 250.27 W, 1980 MHz, 15 %, 37
2026/10/10 17:46:17.142, 6, 77409 MiB, 100 %, 238.05 W, 1980 MHz, 15 %, 34
2026/10/10 17:46:17.142, 7, 77409 MiB, 100 %, 277.91 W, 1980 MHz, 15 %, 70
2026/10/10 17:46:18.142, 0, 77409 MiB, 100 %, 251.29 W, 1980 MHz, 15 %, 34
2026/10/10 17:46:18.142, 1, 77409 MiB, 100 %, 265.62 W, 1980 MHz, 15 %, 59
2026/10/10 17:46:18.142, 2, 77409 MiB, 100 %, 246.49 W, 1980 MHz, 15 %, 38
2026/10/10 17:46:18.142, 3, 77409 MiB, 100 %, 249.34 W, 1980 MHz, 16 %, 33
2026/10/10 17:46:18.142, 4, 77409 MiB, 100 %, 244.79 W, 1980 MHz, 15 %, 33
2026/10/10 17:46:18.142, 5, 77409 MiB, 100 %, 250.12 W, 1980 MHz, 15 %, 37
2026/10/10 17:46:18.142, 6, 77409 MiB, 100 %, 239.42 W, 1980 MHz, 15 %, 35
2026/10/10 17:46:18.142, 7, 77409 MiB, 100 %, 277.56 W, 1980 MHz, 15 %, 70
2026/10/10 17:46:19.143, 0, 77409 MiB, 100 %, 251.21 W, 1980 MHz, 15 %, 34
2026/10/10 17:46:19.143, 1, 77409 MiB, 100 %, 268.95 W, 1980 MHz, 15 %, 59
2026/10/10 17:46:19.143, 2, 77409 MiB, 100 %, 248.82 W, 1980 MHz, 15 %, 38
2026/10/10 17:46:19.143, 3, 77409 MiB, 100 %, 249.03 W, 1980 MHz, 15 %, 33
2026/10/10 17:46:19.143, 4, 77409 MiB, 100 %, 244.67 W, 1980 MHz, 16 %, 33
2026/10/10 17:46:19.143, 5, 77409 MiB, 100 %, 247.93 W, 1980 MHz, 15 %, 37
2026/10/10 17:46:19.143, 6, 77409 MiB, 100 %, 239.54 W, 1980 MHz, 15 %, 34
2026/10/10 17:46:19.143, 7, 77409 MiB, 100 %, 279.31 W, 1980 MHz, 15 %, 70
2026/10/10 17:46:20.143, 0, 77409 MiB, 100 %, 250.10 W, 1980 MHz, 15 %, 34
2026/10/10 17:46:20.143, 1, 77409 MiB, 100 %, 267.16 W, 1980 MHz, 15 %, 59
2026/10/10 17:46:20.143, 2, 77409 MiB, 100 %, 247.12 W, 1980 MHz, 15 %, 38
2026/10/10 17:46:20.144, 3, 77409 MiB, 100 %, 250.15 W, 1980 MHz, 15 %, 33
2026/10/10 17:46:20.144, 4, 77409 MiB, 100 %, 245.35 W, 1980 MHz, 15 %, 33
2026/10/10 17:46:20.144, 5, 77409 MiB, 100 %, 247.23 W, 1980 MHz, 15 %, 37
2026/10/10 17:46:20.144, 6, 77409 MiB, 100 %, 238.35 W, 1980 MHz, 15 %, 34
2026/10/10 17:46:20.144, 7, 77409 MiB, 100 %, 280.58 W, 1980 MHz, 15 %, 70
2026/10/10 17:46:21.144, 0, 77409 MiB, 100 %, 251.25 W, 1980 MHz, 15 %, 34
2026/10/10 17:46:21.144, 1, 77409 MiB, 100 %, 268.40 W, 1980 MHz, 15 %, 59
2026/10/10 17:46:21.144, 2, 77409 MiB, 100 %, 249.50 W, 1980 MHz, 15 %, 38
2026/10/10 17:46:21.144, 3, 77409 MiB, 100 %, 248.78 W, 1980 MHz, 15 %, 33
2026/10/10 17:46:21.144, 4, 77409 MiB, 100 %, 244.07 W, 1980 MHz, 15 %, 33
2026/10/10 17:46:21.144, 5, 77409 MiB, 100 %, 245.39 W, 1980 MHz, 15 %, 37
2026/10/10 17:46:21.144, 6, 77409 MiB, 100 %, 238.29 W, 1980 MHz, 15 %, 34
2026/10/10 17:46:21.144, 7, 77409 MiB, 100 %, 278.61 W, 1980 MHz, 15 %, 70
2026/10/10 17:46:22.145, 0, 77409 MiB, 100 %, 250.55 W, 1980 MHz, 15 %, 34
2026/10/10 17:46:22.145, 1, 77409 MiB, 100 %, 266.97 W, 1980 MHz, 15 %, 59
2026/10/10 17:46:22.145, 2, 77409 MiB, 100 %, 248.23 W, 1980 MHz, 15 %, 38
2026/10/10 17:46:22.145, 3, 77409 MiB, 100 %, 248.79 W, 1980 MHz, 16 %, 33
2026/10/10 17:46:22.145, 4, 77409 MiB, 100 %, 245.66 W, 1980 MHz, 16 %, 33
2026/10/10 17:46:22.145, 5, 77409 MiB, 100 %, 247.76 W, 1980 MHz, 15 %, 37
2026/10/10 17:46:22.145, 6, 77409 MiB, 100 %, 239.68 W, 1980 MHz, 15 %, 34
2026/10/10 17:46:22.145, 7, 77409 MiB, 100 %, 279.76 W, 1980 MHz, 15 %, 70
2026/10/10 17:46:23.145, 0, 77409 MiB, 56 %, 284.24 W, 1965 MHz, 9 %, 37
2026/10/10 17:46:23.146, 1, 77409 MiB, 42 %, 311.55 W, 1845 MHz, 7 %, 63
2026/10/10 17:46:23.146, 2, 77409 MiB, 40 %, 299.93 W, 1980 MHz, 12 %, 43
2026/10/10 17:46:23.146, 3, 77409 MiB, 40 %, 292.65 W, 1950 MHz, 12 %, 39
2026/10/10 17:46:23.146, 4, 77409 MiB, 44 %, 300.40 W, 1965 MHz, 20 %, 40
2026/10/10 17:46:23.146, 5, 77409 MiB, 54 %, 312.67 W, 1935 MHz, 8 %, 45
2026/10/10 17:46:23.146, 6, 77409 MiB, 49 %, 297.75 W, 1935 MHz, 23 %, 42
2026/10/10 17:46:23.146, 7, 77409 MiB, 41 %, 307.51 W, 1935 MHz, 10 %, 76
2026/10/10 17:46:24.146, 0, 77409 MiB, 100 %, 426.18 W, 1980 MHz, 15 %, 36
2026/10/10 17:46:24.146, 1, 77409 MiB, 100 %, 435.33 W, 1980 MHz, 15 %, 59
2026/10/10 17:46:24.146, 2, 77409 MiB, 100 %, 402.57 W, 1980 MHz, 15 %, 39
2026/10/10 17:46:24.146, 3, 77409 MiB, 100 %, 417.28 W, 1980 MHz, 15 %, 34
2026/10/10 17:46:24.146, 4, 77409 MiB, 100 %, 398.15 W, 1980 MHz, 16 %, 35
2026/10/10 17:46:24.146, 5, 77409 MiB, 100 %, 382.38 W, 1980 MHz, 15 %, 39
2026/10/10 17:46:24.146, 6, 77409 MiB, 100 %, 393.21 W, 1980 MHz, 15 %, 36
2026/10/10 17:46:24.147, 7, 77409 MiB, 100 %, 447.67 W, 1980 MHz, 15 %, 71
2026/10/10 17:46:25.147, 0, 77409 MiB, 100 %, 250.01 W, 1980 MHz, 15 %, 35
2026/10/10 17:46:25.147, 1, 77409 MiB, 100 %, 265.59 W, 1980 MHz, 15 %, 59
2026/10/10 17:46:25.147, 2, 77409 MiB, 100 %, 250.62 W, 1980 MHz, 15 %, 39
2026/10/10 17:46:25.147, 3, 77409 MiB, 100 %, 248.35 W, 1980 MHz, 15 %, 33
2026/10/10 17:46:25.147, 4, 77409 MiB, 100 %, 245.04 W, 1980 MHz, 16 %, 34
2026/10/10 17:46:25.147, 5, 77409 MiB, 100 %, 248.73 W, 1980 MHz, 15 %, 38
2026/10/10 17:46:25.147, 6, 77409 MiB, 100 %, 242.13 W, 1980 MHz, 15 %, 35
2026/10/10 17:46:25.147, 7, 77409 MiB, 100 %, 276.96 W, 1980 MHz, 15 %, 70
2026/10/10 17:46:26.147, 0, 77409 MiB, 100 %, 249.76 W, 1980 MHz, 15 %, 35
2026/10/10 17:46:26.148, 1, 77409 MiB, 100 %, 266.16 W, 1980 MHz, 15 %, 59
2026/10/10 17:46:26.148, 2, 77409 MiB, 100 %, 251.26 W, 1980 MHz, 15 %, 39
2026/10/10 17:46:26.148, 3, 77409 MiB, 100 %, 248.98 W, 1980 MHz, 15 %, 33
2026/10/10 17:46:26.148, 4, 77409 MiB, 100 %, 247.70 W, 1980 MHz, 16 %, 34
2026/10/10 17:46:26.148, 5, 77409 MiB, 100 %, 246.37 W, 1980 MHz, 15 %, 37
2026/10/10 17:46:26.148, 6, 77409 MiB, 100 %, 243.27 W, 1980 MHz, 15 %, 35
2026/10/10 17:46:26.148, 7, 77409 MiB, 100 %, 276.19 W, 1980 MHz, 15 %, 70
2026/10/10 17:46:27.148, 0, 77409 MiB, 100 %, 250.46 W, 1980 MHz, 16 %, 35
2026/10/10 17:46:27.148, 1, 77409 MiB, 100 %, 266.30 W, 1980 MHz, 15 %, 59
2026/10/10 17:46:27.148, 2, 77409 MiB, 100 %, 253.01 W, 1980 MHz, 16 %, 39
2026/10/10 17:46:27.148, 3, 77409 MiB, 100 %, 247.62 W, 1980 MHz, 15 %, 33
2026/10/10 17:46:27.148, 4, 77409 MiB, 100 %, 246.43 W, 1980 MHz, 15 %, 34
2026/10/10 17:46:27.148, 5, 77409 MiB, 100 %, 247.55 W, 1980 MHz, 15 %, 37
2026/10/10 17:46:27.148, 6, 77409 MiB, 100 %, 241.75 W, 1980 MHz, 15 %, 35
2026/10/10 17:46:27.149, 7, 77409 MiB, 100 %, 277.04 W, 1980 MHz, 15 %, 70
2026/10/10 17:46:28.149, 0, 77409 MiB, 100 %, 250.07 W, 1980 MHz, 15 %, 34
2026/10/10 17:46:28.149, 1, 77409 MiB, 100 %, 268.94 W, 1980 MHz, 15 %, 59
2026/10/10 17:46:28.149, 2, 77409 MiB, 100 %, 252.90 W, 1980 MHz, 15 %, 39
2026/10/10 17:46:28.149, 3, 77409 MiB, 100 %, 246.73 W, 1980 MHz, 15 %, 33
2026/10/10 17:46:28.149, 4, 77409 MiB, 100 %, 246.40 W, 1980 MHz, 16 %, 34
2026/10/10 17:46:28.149, 5, 77409 MiB, 100 %, 249.29 W, 1980 MHz, 15 %, 37
2026/10/10 17:46:28.149, 6, 77409 MiB, 100 %, 241.91 W, 1980 MHz, 15 %, 35
2026/10/10 17:46:28.149, 7, 77409 MiB, 100 %, 277.61 W, 1980 MHz, 15 %, 70
2026/10/10 17:46:29.149, 0, 77409 MiB, 100 %, 249.62 W, 1980 MHz, 16 %, 34
2026/10/10 17:46:29.150, 1, 77409 MiB, 100 %, 266.70 W, 1980 MHz, 15 %, 59
2026/10/10 17:46:29.150, 2, 77409 MiB, 100 %, 252.03 W, 1980 MHz, 15 %, 39
2026/10/10 17:46:29.150, 3, 77409 MiB, 100 %, 246.93 W, 1980 MHz, 15 %, 33
2026/10/10 17:46:29.150, 4, 77409 MiB, 100 %, 245.96 W, 1980 MHz, 16 %, 34
2026/10/10 17:46:29.150, 5, 77409 MiB, 100 %, 248.00 W, 1980 MHz, 15 %, 37
2026/10/10 17:46:29.150, 6, 77409 MiB, 100 %, 241.42 W, 1980 MHz, 15 %, 35
2026/10/10 17:46:29.150, 7, 77409 MiB, 100 %, 276.72 W, 1980 MHz, 15 %, 70
2026/10/10 17:46:30.151, 0, 77409 MiB, 100 %, 249.24 W, 1980 MHz, 16 %, 34
2026/10/10 17:46:30.151, 1, 77409 MiB, 100 %, 266.16 W, 1980 MHz, 15 %, 59
2026/10/10 17:46:30.151, 2, 77409 MiB, 100 %, 252.08 W, 1980 MHz, 15 %, 39
2026/10/10 17:46:30.151, 3, 77409 MiB, 100 %, 248.70 W, 1980 MHz, 15 %, 33
2026/10/10 17:46:30.151, 4, 77409 MiB, 100 %, 245.95 W, 1980 MHz, 16 %, 33
2026/10/10 17:46:30.151, 5, 77409 MiB, 100 %, 247.48 W, 1980 MHz, 15 %, 37
2026/10/10 17:46:30.151, 6, 77409 MiB, 100 %, 241.38 W, 1980 MHz, 15 %, 35
2026/10/10 17:46:30.151, 7, 77409 MiB, 100 %, 276.34 W, 1980 MHz, 15 %, 70
2026/10/10 17:46:31.151, 0, 77409 MiB, 100 %, 249.21 W, 1980 MHz, 15 %, 34
2026/10/10 17:46:31.151, 1, 77409 MiB, 100 %, 266.40 W, 1980 MHz, 15 %, 59
2026/10/10 17:46:31.151, 2, 77409 MiB, 100 %, 252.19 W, 1980 MHz, 15 %, 39
2026/10/10 17:46:31.151, 3, 77409 MiB, 100 %, 247.08 W, 1980 MHz, 15 %, 33
2026/10/10 17:46:31.152, 4, 77409 MiB, 100 %, 247.02 W, 1980 MHz, 16 %, 33
2026/10/10 17:46:31.152, 5, 77409 MiB, 100 %, 248.58 W, 1980 MHz, 15 %, 37
2026/10/10 17:46:31.152, 6, 77409 MiB, 100 %, 241.73 W, 1980 MHz, 15 %, 35
2026/10/10 17:46:31.152, 7, 77409 MiB, 100 %, 276.20 W, 1980 MHz, 15 %, 70
2026/10/10 17:46:32.152, 0, 77409 MiB, 100 %, 249.69 W, 1980 MHz, 15 %, 34
2026/10/10 17:46:32.152, 1, 77409 MiB, 100 %, 268.52 W, 1980 MHz, 15 %, 59
2026/10/10 17:46:32.152, 2, 77409 MiB, 100 %, 250.96 W, 1980 MHz, 15 %, 39
2026/10/10 17:46:32.152, 3, 77409 MiB, 100 %, 246.43 W, 1980 MHz, 15 %, 33
2026/10/10 17:46:32.152, 4, 77409 MiB, 100 %, 246.46 W, 1980 MHz, 16 %, 33
2026/10/10 17:46:32.152, 5, 77409 MiB, 100 %, 251.28 W, 1980 MHz, 15 %, 37
2026/10/10 17:46:32.152, 6, 77409 MiB, 100 %, 242.00 W, 1980 MHz, 15 %, 35
2026/10/10 17:46:32.152, 7, 77409 MiB, 100 %, 278.61 W, 1980 MHz, 15 %, 70
2026/10/10 17:46:33.153, 0, 77409 MiB, 100 %, 251.40 W, 1980 MHz, 15 %, 34
2026/10/10 17:46:33.153, 1, 77409 MiB, 100 %, 267.94 W, 1980 MHz, 15 %, 59
2026/10/10 17:46:33.154, 2, 77409 MiB, 100 %, 252.10 W, 1980 MHz, 15 %, 39
2026/10/10 17:46:33.154, 3, 77409 MiB, 100 %, 246.95 W, 1980 MHz, 15 %, 33
2026/10/10 17:46:33.155, 4, 77409 MiB, 100 %, 246.18 W, 1980 MHz, 15 %, 33
2026/10/10 17:46:33.155, 5, 77409 MiB, 100 %, 248.67 W, 1980 MHz, 15 %, 37
2026/10/10 17:46:33.155, 6, 77409 MiB, 100 %, 241.96 W, 1980 MHz, 16 %, 35
2026/10/10 17:46:33.155, 7, 77409 MiB, 100 %, 276.92 W, 1980 MHz, 15 %, 70
2026/10/10 17:46:34.155, 0, 77409 MiB, 100 %, 250.11 W, 1980 MHz, 15 %, 34
2026/10/10 17:46:34.155, 1, 77409 MiB, 100 %, 268.39 W, 1980 MHz, 15 %, 59
2026/10/10 17:46:34.155, 2, 77409 MiB, 100 %, 251.87 W, 1980 MHz, 15 %, 39
2026/10/10 17:46:34.156, 3, 77409 MiB, 100 %, 249.46 W, 1980 MHz, 15 %, 33
2026/10/10 17:46:34.156, 4, 77409 MiB, 100 %, 247.92 W, 1980 MHz, 16 %, 33
2026/10/10 17:46:34.156, 5, 77409 MiB, 100 %, 248.80 W, 1980 MHz, 15 %, 37
2026/10/10 17:46:34.156, 6, 77409 MiB, 100 %, 240.51 W, 1980 MHz, 15 %, 35
2026/10/10 17:46:34.156, 7, 77409 MiB, 100 %, 278.65 W, 1980 MHz, 15 %, 70
2026/10/10 17:46:35.156, 0, 77409 MiB, 100 %, 250.15 W, 1980 MHz, 15 %, 34
2026/10/10 17:46:35.156, 1, 77409 MiB, 100 %, 266.59 W, 1980 MHz, 15 %, 59
2026/10/10 17:46:35.156, 2, 77409 MiB, 100 %, 251.80 W, 1980 MHz, 15 %, 39
2026/10/10 17:46:35.156, 3, 77409 MiB, 100 %, 247.55 W, 1980 MHz, 15 %, 33
2026/10/10 17:46:35.156, 4, 77409 MiB, 100 %, 247.32 W, 1980 MHz, 16 %, 33
2026/10/10 17:46:35.156, 5, 77409 MiB, 100 %, 252.19 W, 1980 MHz, 15 %, 37
2026/10/10 17:46:35.156, 6, 77409 MiB, 100 %, 240.81 W, 1980 MHz, 15 %, 35
2026/10/10 17:46:35.156, 7, 77409 MiB, 100 %, 276.75 W, 1980 MHz, 15 %, 70
2026/10/10 17:46:36.157, 0, 77409 MiB, 100 %, 250.06 W, 1980 MHz, 15 %, 34
2026/10/10 17:46:36.157, 1, 77409 MiB, 100 %, 267.21 W, 1980 MHz, 15 %, 59
2026/10/10 17:46:36.157, 2, 77409 MiB, 100 %, 251.65 W, 1980 MHz, 15 %, 38
2026/10/10 17:46:36.157, 3, 77409 MiB, 100 %, 247.37 W, 1980 MHz, 15 %, 33
2026/10/10 17:46:36.157, 4, 77409 MiB, 100 %, 246.18 W, 1980 MHz, 16 %, 33
2026/10/10 17:46:36.157, 5, 77409 MiB, 100 %, 250.91 W, 1980 MHz, 16 %, 37
2026/10/10 17:46:36.157, 6, 77409 MiB, 100 %, 241.78 W, 1980 MHz, 15 %, 35
2026/10/10 17:46:36.157, 7, 77409 MiB, 100 %, 278.39 W, 1980 MHz, 15 %, 70
2026/10/10 17:46:37.157, 0, 77409 MiB, 100 %, 250.21 W, 1980 MHz, 16 %, 34
2026/10/10 17:46:37.157, 1, 77409 MiB, 100 %, 267.10 W, 1980 MHz, 15 %, 59
2026/10/10 17:46:37.158, 2, 77409 MiB, 100 %, 252.67 W, 1980 MHz, 15 %, 38
2026/10/10 17:46:37.158, 3, 77409 MiB, 100 %, 247.85 W, 1980 MHz, 15 %, 33
2026/10/10 17:46:37.158, 4, 77409 MiB, 100 %, 245.66 W, 1980 MHz, 16 %, 33
2026/10/10 17:46:37.158, 5, 77409 MiB, 100 %, 249.61 W, 1980 MHz, 15 %, 37
2026/10/10 17:46:37.158, 6, 77409 MiB, 100 %, 242.67 W, 1980 MHz, 15 %, 35
2026/10/10 17:46:37.158, 7, 77409 MiB, 100 %, 279.32 W, 1980 MHz, 15 %, 70
2026/10/10 17:46:38.158, 0, 77409 MiB, 100 %, 249.88 W, 1980 MHz, 15 %, 34
2026/10/10 17:46:38.158, 1, 77409 MiB, 100 %, 266.87 W, 1980 MHz, 15 %, 59
2026/10/10 17:46:38.158, 2, 77409 MiB, 100 %, 253.43 W, 1980 MHz, 15 %, 38
2026/10/10 17:46:38.158, 3, 77409 MiB, 100 %, 248.15 W, 1980 MHz, 16 %, 33
2026/10/10 17:46:38.158, 4, 77409 MiB, 100 %, 246.02 W, 1980 MHz, 16 %, 33
2026/10/10 17:46:38.158, 5, 77409 MiB, 100 %, 249.50 W, 1980 MHz, 15 %, 37
2026/10/10 17:46:38.158, 6, 77409 MiB, 100 %, 242.06 W, 1980 MHz, 15 %, 35
2026/10/10 17:46:38.158, 7, 77409 MiB, 100 %, 280.23 W, 1980 MHz, 15 %, 70
2026/10/10 17:46:39.159, 0, 77409 MiB, 100 %, 249.97 W, 1980 MHz, 15 %, 34
2026/10/10 17:46:39.159, 1, 77409 MiB, 100 %, 268.03 W, 1980 MHz, 15 %, 59
2026/10/10 17:46:39.159, 2, 77409 MiB, 100 %, 252.92 W, 1980 MHz, 16 %, 39
2026/10/10 17:46:39.159, 3, 77409 MiB, 100 %, 246.07 W, 1980 MHz, 15 %, 33
2026/10/10 17:46:39.159, 4, 77409 MiB, 100 %, 245.51 W, 1980 MHz, 15 %, 33
2026/10/10 17:46:39.159, 5, 77409 MiB, 100 %, 249.80 W, 1980 MHz, 15 %, 37
2026/10/10 17:46:39.159, 6, 77409 MiB, 100 %, 243.14 W, 1980 MHz, 15 %, 35
2026/10/10 17:46:39.159, 7, 77409 MiB, 100 %, 279.12 W, 1980 MHz, 15 %, 70
2026/10/10 17:46:40.159, 0, 77409 MiB, 100 %, 248.31 W, 1980 MHz, 16 %, 34
2026/10/10 17:46:40.159, 1, 77409 MiB, 100 %, 266.61 W, 1980 MHz, 15 %, 59
2026/10/10 17:46:40.159, 2, 77409 MiB, 100 %, 251.48 W, 1980 MHz, 15 %, 38
2026/10/10 17:46:40.160, 3, 77409 MiB, 100 %, 247.11 W, 1980 MHz, 15 %, 33
2026/10/10 17:46:40.160, 4, 77409 MiB, 100 %, 246.54 W, 1980 MHz, 16 %, 33
2026/10/10 17:46:40.160, 5, 77409 MiB, 100 %, 251.16 W, 1980 MHz, 16 %, 37
2026/10/10 17:46:40.160, 6, 77409 MiB, 100 %, 241.12 W, 1980 MHz, 15 %, 35
2026/10/10 17:46:40.160, 7, 77409 MiB, 100 %, 279.35 W, 1980 MHz, 15 %, 70
2026/10/10 17:46:41.160, 0, 77409 MiB, 100 %, 250.71 W, 1980 MHz, 15 %, 34
2026/10/10 17:46:41.160, 1, 77409 MiB, 100 %, 267.36 W, 1980 MHz, 15 %, 59
2026/10/10 17:46:41.160, 2, 77409 MiB, 100 %, 252.98 W, 1980 MHz, 15 %, 38
2026/10/10 17:46:41.160, 3, 77409 MiB, 100 %, 247.78 W, 1980 MHz, 15 %, 33
2026/10/10 17:46:41.160, 4, 77409 MiB, 100 %, 246.09 W, 1980 MHz, 15 %, 33
2026/10/10 17:46:41.160, 5, 77409 MiB, 100 %, 250.68 W, 1980 MHz, 15 %, 37
2026/10/10 17:46:41.160, 6, 77409 MiB, 100 %, 241.36 W, 1980 MHz, 15 %, 35
2026/10/10 17:46:41.161, 7, 77409 MiB, 100 %, 279.31 W, 1980 MHz, 15 %, 70
2026/10/10 17:46:42.161, 0, 77409 MiB, 58 %, 278.92 W, 1965 MHz, 9 %, 37
2026/10/10 17:46:42.161, 1, 77409 MiB, 45 %, 302.97 W, 1890 MHz, 7 %, 64
2026/10/10 17:46:42.161, 2, 77409 MiB, 46 %, 305.98 W, 1905 MHz, 14 %, 44
2026/10/10 17:46:42.161, 3, 77409 MiB, 100 %, 291.81 W, 1905 MHz, 15 %, 39
2026/10/10 17:46:42.161, 4, 77409 MiB, 50 %, 313.78 W, 1965 MHz, 23 %, 41
2026/10/10 17:46:42.161, 5, 77409 MiB, 53 %, 314.50 W, 1980 MHz, 8 %, 45
2026/10/10 17:46:42.161, 6, 77409 MiB, 54 %, 296.67 W, 1980 MHz, 25 %, 43
2026/10/10 17:46:42.161, 7, 77409 MiB, 46 %, 307.21 W, 1815 MHz, 12 %, 76
2026/10/10 17:46:43.161, 0, 77409 MiB, 100 %, 420.40 W, 1980 MHz, 15 %, 36
2026/10/10 17:46:43.162, 1, 77409 MiB, 100 %, 430.57 W, 1980 MHz, 15 %, 59
2026/10/10 17:46:43.162, 2, 77409 MiB, 100 %, 401.77 W, 1980 MHz, 15 %, 39
2026/10/10 17:46:43.162, 3, 77409 MiB, 100 %, 412.26 W, 1980 MHz, 15 %, 34
2026/10/10 17:46:43.162, 4, 77409 MiB, 100 %, 378.91 W, 1980 MHz, 15 %, 35
2026/10/10 17:46:43.162, 5, 77409 MiB, 100 %, 391.38 W, 1980 MHz, 15 %, 39
2026/10/10 17:46:43.162, 6, 77409 MiB, 100 %, 383.63 W, 1980 MHz, 15 %, 36
2026/10/10 17:46:43.162, 7, 77409 MiB, 100 %, 446.89 W, 1980 MHz, 15 %, 71
2026/10/10 17:46:44.162, 0, 77409 MiB, 100 %, 250.83 W, 1980 MHz, 15 %, 35
2026/10/10 17:46:44.162, 1, 77409 MiB, 100 %, 267.46 W, 1980 MHz, 15 %, 59
2026/10/10 17:46:44.162, 2, 77409 MiB, 100 %, 247.12 W, 1980 MHz, 15 %, 39
2026/10/10 17:46:44.162, 3, 77409 MiB, 100 %, 246.18 W, 1980 MHz, 15 %, 33
2026/10/10 17:46:44.162, 4, 77409 MiB, 100 %, 243.55 W, 1980 MHz, 15 %, 34
2026/10/10 17:46:44.163, 5, 77409 MiB, 100 %, 250.42 W, 1980 MHz, 15 %, 38
2026/10/10 17:46:44.163, 6, 77409 MiB, 100 %, 241.08 W, 1980 MHz, 16 %, 35
2026/10/10 17:46:44.163, 7, 77409 MiB, 100 %, 277.77 W, 1980 MHz, 15 %, 70
2026/10/10 17:46:45.163, 0, 77409 MiB, 100 %, 251.76 W, 1980 MHz, 15 %, 35
2026/10/10 17:46:45.163, 1, 77409 MiB, 100 %, 268.95 W, 1980 MHz, 15 %, 59
2026/10/10 17:46:45.163, 2, 77409 MiB, 100 %, 245.87 W, 1980 MHz, 15 %, 39
2026/10/10 17:46:45.163, 3, 77409 MiB, 100 %, 247.43 W, 1980 MHz, 15 %, 33
2026/10/10 17:46:45.163, 4, 77409 MiB, 100 %, 241.99 W, 1980 MHz, 15 %, 34
2026/10/10 17:46:45.163, 5, 77409 MiB, 100 %, 250.44 W, 1980 MHz, 15 %, 37
2026/10/10 17:46:45.163, 6, 77409 MiB, 100 %, 242.48 W, 1980 MHz, 16 %, 35
2026/10/10 17:46:45.163, 7, 77409 MiB, 100 %, 278.92 W, 1980 MHz, 16 %, 70
2026/10/10 17:46:46.164, 0, 77409 MiB, 100 %, 251.66 W, 1980 MHz, 15 %, 35
2026/10/10 17:46:46.164, 1, 77409 MiB, 100 %, 268.62 W, 1980 MHz, 15 %, 59
2026/10/10 17:46:46.164, 2, 77409 MiB, 100 %, 247.47 W, 1980 MHz, 15 %, 39
2026/10/10 17:46:46.164, 3, 77409 MiB, 100 %, 247.32 W, 1980 MHz, 15 %, 33
2026/10/10 17:46:46.164, 4, 77409 MiB, 100 %, 241.79 W, 1980 MHz, 15 %, 33
2026/10/10 17:46:46.164, 5, 77409 MiB, 100 %, 250.45 W, 1980 MHz, 16 %, 37
2026/10/10 17:46:46.164, 6, 77409 MiB, 100 %, 242.39 W, 1980 MHz, 16 %, 35
2026/10/10 17:46:46.164, 7, 77409 MiB, 100 %, 278.35 W, 1980 MHz, 15 %, 70
2026/10/10 17:46:47.164, 0, 77409 MiB, 100 %, 252.16 W, 1980 MHz, 15 %, 35
2026/10/10 17:46:47.164, 1, 77409 MiB, 100 %, 268.12 W, 1980 MHz, 15 %, 59
2026/10/10 17:46:47.165, 2, 77409 MiB, 100 %, 251.87 W, 1980 MHz, 15 %, 39
2026/10/10 17:46:47.165, 3, 77409 MiB, 100 %, 247.85 W, 1980 MHz, 15 %, 33
2026/10/10 17:46:47.165, 4, 77409 MiB, 100 %, 241.13 W, 1980 MHz, 15 %, 33
2026/10/10 17:46:47.165, 5, 77409 MiB, 100 %, 249.62 W, 1980 MHz, 15 %, 37
2026/10/10 17:46:47.165, 6, 77409 MiB, 100 %, 240.98 W, 1980 MHz, 16 %, 35
2026/10/10 17:46:47.165, 7, 77409 MiB, 100 %, 277.77 W, 1980 MHz, 15 %, 70
2026/10/10 17:46:48.165, 0, 77409 MiB, 100 %, 251.50 W, 1980 MHz, 16 %, 35
2026/10/10 17:46:48.165, 1, 77409 MiB, 100 %, 267.03 W, 1980 MHz, 15 %, 59
2026/10/10 17:46:48.165, 2, 77409 MiB, 100 %, 253.35 W, 1980 MHz, 16 %, 39
2026/10/10 17:46:48.165, 3, 77409 MiB, 100 %, 247.27 W, 1980 MHz, 15 %, 33
2026/10/10 17:46:48.165, 4, 77409 MiB, 100 %, 242.96 W, 1980 MHz, 15 %, 33
2026/10/10 17:46:48.165, 5, 77409 MiB, 100 %, 248.16 W, 1980 MHz, 15 %, 37
2026/10/10 17:46:48.166, 6, 77409 MiB, 100 %, 239.48 W, 1980 MHz, 15 %, 35
2026/10/10 17:46:48.166, 7, 77409 MiB, 100 %, 278.08 W, 1980 MHz, 15 %, 70
2026/10/10 17:46:49.166, 0, 77409 MiB, 100 %, 251.96 W, 1980 MHz, 16 %, 35
2026/10/10 17:46:49.166, 1, 77409 MiB, 100 %, 267.36 W, 1980 MHz, 15 %, 59
2026/10/10 17:46:49.166, 2, 77409 MiB, 100 %, 253.41 W, 1980 MHz, 16 %, 39
2026/10/10 17:46:49.166, 3, 77409 MiB, 100 %, 246.60 W, 1980 MHz, 15 %, 33
2026/10/10 17:46:49.166, 4, 77409 MiB, 100 %, 242.60 W, 1980 MHz, 15 %, 33
2026/10/10 17:46:49.166, 5, 77409 MiB, 100 %, 248.76 W, 1980 MHz, 15 %, 37
2026/10/10 17:46:49.166, 6, 77409 MiB, 100 %, 239.25 W, 1980 MHz, 15 %, 35
2026/10/10 17:46:49.166, 7, 77409 MiB, 100 %, 278.43 W, 1980 MHz, 15 %, 70
2026/10/10 17:46:50.166, 0, 77409 MiB, 100 %, 252.19 W, 1980 MHz, 15 %, 34
2026/10/10 17:46:50.167, 1, 77409 MiB, 100 %, 266.79 W, 1980 MHz, 15 %, 59
2026/10/10 17:46:50.167, 2, 77409 MiB, 100 %, 251.36 W, 1980 MHz, 15 %, 39
2026/10/10 17:46:50.167, 3, 77409 MiB, 100 %, 249.28 W, 1980 MHz, 16 %, 33
2026/10/10 17:46:50.167, 4, 77409 MiB, 100 %, 243.21 W, 1980 MHz, 15 %, 33
2026/10/10 17:46:50.167, 5, 77409 MiB, 100 %, 247.35 W, 1980 MHz, 15 %, 37
2026/10/10 17:46:50.167, 6, 77409 MiB, 100 %, 239.92 W, 1980 MHz, 15 %, 35
2026/10/10 17:46:50.167, 7, 77409 MiB, 100 %, 277.63 W, 1980 MHz, 15 %, 70
2026/10/10 17:46:51.167, 0, 77409 MiB, 100 %, 253.89 W, 1980 MHz, 16 %, 34
2026/10/10 17:46:51.167, 1, 77409 MiB, 100 %, 267.17 W, 1980 MHz, 15 %, 59
2026/10/10 17:46:51.167, 2, 77409 MiB, 100 %, 252.33 W, 1980 MHz, 15 %, 39
2026/10/10 17:46:51.167, 3, 77409 MiB, 100 %, 247.80 W, 1980 MHz, 15 %, 33
2026/10/10 17:46:51.168, 4, 77409 MiB, 100 %, 242.42 W, 1980 MHz, 15 %, 33
2026/10/10 17:46:51.168, 5, 77409 MiB, 100 %, 247.05 W, 1980 MHz, 15 %, 37
2026/10/10 17:46:51.168, 6, 77409 MiB, 100 %, 241.01 W, 1980 MHz, 15 %, 35
2026/10/10 17:46:51.168, 7, 77409 MiB, 100 %, 276.94 W, 1980 MHz, 15 %, 70
2026/10/10 17:46:52.168, 0, 77409 MiB, 100 %, 251.90 W, 1980 MHz, 16 %, 34
2026/10/10 17:46:52.168, 1, 77409 MiB, 100 %, 267.54 W, 1980 MHz, 15 %, 59
2026/10/10 17:46:52.168, 2, 77409 MiB, 100 %, 251.66 W, 1980 MHz, 15 %, 39
2026/10/10 17:46:52.168, 3, 77409 MiB, 100 %, 246.93 W, 1980 MHz, 15 %, 33
2026/10/10 17:46:52.168, 4, 77409 MiB, 100 %, 243.07 W, 1980 MHz, 15 %, 33
2026/10/10 17:46:52.168, 5, 77409 MiB, 100 %, 249.46 W, 1980 MHz, 15 %, 37
2026/10/10 17:46:52.168, 6, 77409 MiB, 100 %, 239.73 W, 1980 MHz, 15 %, 35
2026/10/10 17:46:52.168, 7, 77409 MiB, 100 %, 277.53 W, 1980 MHz, 15 %, 70
2026/10/10 17:46:53.169, 0, 77409 MiB, 100 %, 253.00 W, 1980 MHz, 15 %, 34
2026/10/10 17:46:53.169, 1, 77409 MiB, 100 %, 267.62 W, 1980 MHz, 15 %, 59
2026/10/10 17:46:53.169, 2, 77409 MiB, 100 %, 253.27 W, 1980 MHz, 15 %, 39
2026/10/10 17:46:53.169, 3, 77409 MiB, 100 %, 246.84 W, 1980 MHz, 16 %, 33
2026/10/10 17:46:53.169, 4, 77409 MiB, 100 %, 242.27 W, 1980 MHz, 15 %, 33
2026/10/10 17:46:53.169, 5, 77409 MiB, 100 %, 247.81 W, 1980 MHz, 15 %, 37
2026/10/10 17:46:53.169, 6, 77409 MiB, 100 %, 240.85 W, 1980 MHz, 15 %, 35
2026/10/10 17:46:53.169, 7, 77409 MiB, 100 %, 277.45 W, 1980 MHz, 15 %, 70
2026/10/10 17:46:54.169, 0, 77409 MiB, 100 %, 251.28 W, 1980 MHz, 15 %, 34
2026/10/10 17:46:54.169, 1, 77409 MiB, 100 %, 267.42 W, 1980 MHz, 15 %, 59
2026/10/10 17:46:54.170, 2, 77409 MiB, 100 %, 251.80 W, 1980 MHz, 15 %, 39
2026/10/10 17:46:54.170, 3, 77409 MiB, 100 %, 248.04 W, 1980 MHz, 15 %, 33
2026/10/10 17:46:54.170, 4, 77409 MiB, 100 %, 242.95 W, 1980 MHz, 15 %, 33
2026/10/10 17:46:54.170, 5, 77409 MiB, 100 %, 248.91 W, 1980 MHz, 15 %, 37
2026/10/10 17:46:54.170, 6, 77409 MiB, 100 %, 240.10 W, 1980 MHz, 15 %, 35
2026/10/10 17:46:54.170, 7, 77409 MiB, 100 %, 277.92 W, 1980 MHz, 15 %, 70
2026/10/10 17:46:55.170, 0, 77409 MiB, 100 %, 252.50 W, 1980 MHz, 16 %, 34
2026/10/10 17:46:55.170, 1, 77409 MiB, 100 %, 267.82 W, 1980 MHz, 15 %, 59
2026/10/10 17:46:55.170, 2, 77409 MiB, 100 %, 254.26 W, 1980 MHz, 15 %, 39
2026/10/10 17:46:55.170, 3, 77409 MiB, 100 %, 247.87 W, 1980 MHz, 15 %, 33
2026/10/10 17:46:55.170, 4, 77409 MiB, 100 %, 240.88 W, 1980 MHz, 15 %, 33
2026/10/10 17:46:55.170, 5, 77409 MiB, 100 %, 248.50 W, 1980 MHz, 15 %, 37
2026/10/10 17:46:55.171, 6, 77409 MiB, 100 %, 239.47 W, 1980 MHz, 15 %, 35
2026/10/10 17:46:55.171, 7, 77409 MiB, 100 %, 278.29 W, 1980 MHz, 15 %, 70
2026/10/10 17:46:56.171, 0, 77409 MiB, 100 %, 254.68 W, 1980 MHz, 16 %, 34
2026/10/10 17:46:56.171, 1, 77409 MiB, 100 %, 268.04 W, 1980 MHz, 15 %, 59
2026/10/10 17:46:56.171, 2, 77409 MiB, 100 %, 252.54 W, 1980 MHz, 15 %, 39
2026/10/10 17:46:56.171, 3, 77409 MiB, 100 %, 245.70 W, 1980 MHz, 15 %, 33
2026/10/10 17:46:56.171, 4, 77409 MiB, 100 %, 241.32 W, 1980 MHz, 15 %, 33
2026/10/10 17:46:56.171, 5, 77409 MiB, 100 %, 247.68 W, 1980 MHz, 15 %, 37
2026/10/10 17:46:56.171, 6, 77409 MiB, 100 %, 239.91 W, 1980 MHz, 15 %, 35
2026/10/10 17:46:56.171, 7, 77409 MiB, 100 %, 278.03 W, 1980 MHz, 15 %, 70
2026/10/10 17:46:57.171, 0, 77409 MiB, 100 %, 253.50 W, 1980 MHz, 15 %, 34
2026/10/10 17:46:57.172, 1, 77409 MiB, 100 %, 267.62 W, 1980 MHz, 15 %, 59
2026/10/10 17:46:57.172, 2, 77409 MiB, 100 %, 253.58 W, 1980 MHz, 15 %, 39
2026/10/10 17:46:57.172, 3, 77409 MiB, 100 %, 247.85 W, 1980 MHz, 15 %, 33
2026/10/10 17:46:57.172, 4, 77409 MiB, 100 %, 243.23 W, 1980 MHz, 15 %, 33
2026/10/10 17:46:57.172, 5, 77409 MiB, 100 %, 249.42 W, 1980 MHz, 15 %, 37
2026/10/10 17:46:57.172, 6, 77409 MiB, 100 %, 240.24 W, 1980 MHz, 15 %, 35
2026/10/10 17:46:57.172, 7, 77409 MiB, 100 %, 277.45 W, 1980 MHz, 15 %, 70
2026/10/10 17:46:58.172, 0, 77409 MiB, 100 %, 251.63 W, 1980 MHz, 15 %, 34
2026/10/10 17:46:58.172, 1, 77409 MiB, 100 %, 268.66 W, 1980 MHz, 15 %, 59
2026/10/10 17:46:58.172, 2, 77409 MiB, 100 %, 250.96 W, 1980 MHz, 15 %, 38
2026/10/10 17:46:58.173, 3, 77409 MiB, 100 %, 245.84 W, 1980 MHz, 15 %, 33
2026/10/10 17:46:58.173, 4, 77409 MiB, 100 %, 243.33 W, 1980 MHz, 15 %, 33
2026/10/10 17:46:58.173, 5, 77409 MiB, 100 %, 250.14 W, 1980 MHz, 15 %, 37
2026/10/10 17:46:58.173, 6, 77409 MiB, 100 %, 240.65 W, 1980 MHz, 15 %, 35
2026/10/10 17:46:58.173, 7, 77409 MiB, 100 %, 278.66 W, 1980 MHz, 15 %, 70
2026/10/10 17:46:59.173, 0, 77409 MiB, 100 %, 253.18 W, 1980 MHz, 16 %, 34
2026/10/10 17:46:59.173, 1, 77409 MiB, 100 %, 267.55 W, 1980 MHz, 15 %, 59
2026/10/10 17:46:59.173, 2, 77409 MiB, 100 %, 252.32 W, 1980 MHz, 15 %, 38
2026/10/10 17:46:59.173, 3, 77409 MiB, 100 %, 245.78 W, 1980 MHz, 15 %, 33
2026/10/10 17:46:59.173, 4, 77409 MiB, 100 %, 241.21 W, 1980 MHz, 15 %, 33
2026/10/10 17:46:59.173, 5, 77409 MiB, 100 %, 249.38 W, 1980 MHz, 15 %, 37
2026/10/10 17:46:59.174, 6, 77409 MiB, 100 %, 239.35 W, 1980 MHz, 15 %, 35
2026/10/10 17:46:59.174, 7, 77409 MiB, 100 %, 278.68 W, 1980 MHz, 15 %, 70
2026/10/10 17:47:00.174, 0, 77409 MiB, 100 %, 252.55 W, 1980 MHz, 15 %, 34
2026/10/10 17:47:00.174, 1, 77409 MiB, 100 %, 267.47 W, 1980 MHz, 15 %, 59
2026/10/10 17:47:00.174, 2, 77409 MiB, 100 %, 250.53 W, 1980 MHz, 15 %, 38
2026/10/10 17:47:00.174, 3, 77409 MiB, 100 %, 246.95 W, 1980 MHz, 15 %, 33
2026/10/10 17:47:00.174, 4, 77409 MiB, 100 %, 242.55 W, 1980 MHz, 15 %, 33
2026/10/10 17:47:00.174, 5, 77409 MiB, 100 %, 251.03 W, 1980 MHz, 16 %, 37
2026/10/10 17:47:00.174, 6, 77409 MiB, 100 %, 240.57 W, 1980 MHz, 16 %, 35
2026/10/10 17:47:00.174, 7, 77409 MiB, 100 %, 278.50 W, 1980 MHz, 15 %, 70
2026/10/10 17:47:01.177, 0, 77409 MiB, 0 %, 221.21 W, 1980 MHz, 0 %, 32
2026/10/10 17:47:01.177, 1, 77409 MiB, 35 %, 248.21 W, 1980 MHz, 5 %, 57
2026/10/10 17:47:01.177, 2, 77409 MiB, 16 %, 230.16 W, 1980 MHz, 2 %, 37
2026/10/10 17:47:01.177, 3, 77409 MiB, 14 %, 228.53 W, 1980 MHz, 2 %, 31
2026/10/10 17:47:01.177, 4, 77409 MiB, 0 %, 217.24 W, 1980 MHz, 0 %, 31
2026/10/10 17:47:01.177, 5, 77409 MiB, 48 %, 225.84 W, 1980 MHz, 7 %, 35
2026/10/10 17:47:01.177, 6, 77409 MiB, 0 %, 218.68 W, 1980 MHz, 0 %, 33
2026/10/10 17:47:01.177, 7, 77409 MiB, 23 %, 260.22 W, 1980 MHz, 4 %, 68
