timestamp, index, memory.used [MiB], utilization.gpu [%], power.draw [W], clocks.current.sm [MHz]
2026/09/27 23:47:35.443, 0, 78919 MiB, 0 %, 182.94 W, 1980 MHz
2026/09/27 23:47:35.451, 1, 78919 MiB, 0 %, 134.68 W, 1980 MHz
2026/09/27 23:47:35.457, 2, 78919 MiB, 0 %, 132.25 W, 1980 MHz
2026/09/27 23:47:35.463, 3, 78919 MiB, 0 %, 126.85 W, 1980 MHz
2026/09/27 23:47:35.469, 4, 78919 MiB, 0 %, 126.85 W, 1980 MHz
2026/09/27 23:47:35.476, 5, 78919 MiB, 0 %, 129.21 W, 1980 MHz
2026/09/27 23:47:35.482, 6, 78919 MiB, 0 %, 132.55 W, 1980 MHz
2026/09/27 23:47:35.488, 7, 78919 MiB, 0 %, 125.65 W, 1980 MHz
2026/09/27 23:47:36.494, 0, 78919 MiB, 0 %, 181.96 W, 1980 MHz
2026/09/27 23:47:36.495, 1, 78919 MiB, 0 %, 133.90 W, 1980 MHz
2026/09/27 23:47:36.496, 2, 78919 MiB, 0 %, 131.33 W, 1980 MHz
2026/09/27 23:47:36.497, 3, 78919 MiB, 0 %, 126.54 W, 1980 MHz
2026/09/27 23:47:36.498, 4, 78919 MiB, 0 %, 126.18 W, 1980 MHz
2026/09/27 23:47:36.499, 5, 78919 MiB, 0 %, 128.68 W, 1980 MHz
2026/09/27 23:47:36.499, 6, 78919 MiB, 0 %, 131.49 W, 1980 MHz
2026/09/27 23:47:36.500, 7, 78919 MiB, 0 %, 124.95 W, 1980 MHz
2026/09/27 23:47:37.501, 0, 78919 MiB, 0 %, 181.41 W, 1980 MHz
2026/09/27 23:47:37.501, 1, 78919 MiB, 0 %, 133.22 W, 1980 MHz
2026/09/27 23:47:37.502, 2, 78919 MiB, 0 %, 130.90 W, 1980 MHz
2026/09/27 23:47:37.503, 3, 78919 MiB, 0 %, 126.16 W, 1980 MHz
2026/09/27 23:47:37.503, 4, 78919 MiB, 0 %, 125.75 W, 1980 MHz
2026/09/27 23:47:37.504, 5, 78919 MiB, 0 %, 128.10 W, 1980 MHz
2026/09/27 23:47:37.505, 6, 78919 MiB, 0 %, 130.73 W, 1980 MHz
2026/09/27 23:47:37.505, 7, 78919 MiB, 0 %, 124.43 W, 1980 MHz
2026/09/27 23:47:38.506, 0, 78919 MiB, 0 %, 180.88 W, 1980 MHz
2026/09/27 23:47:38.507, 1, 78919 MiB, 0 %, 132.74 W, 1980 MHz
2026/09/27 23:47:38.508, 2, 78919 MiB, 0 %, 130.45 W, 1980 MHz
2026/09/27 23:47:38.510, 3, 78919 MiB, 0 %, 125.82 W, 1980 MHz
2026/09/27 23:47:38.511, 4, 78919 MiB, 0 %, 125.38 W, 1980 MHz
2026/09/27 23:47:38.513, 5, 78919 MiB, 0 %, 127.82 W, 1980 MHz
2026/09/27 23:47:38.514, 6, 78919 MiB, 0 %, 130.31 W, 1980 MHz
2026/09/27 23:47:38.515, 7, 78919 MiB, 0 %, 124.10 W, 1980 MHz
2026/09/27 23:47:39.517, 0, 78919 MiB, 0 %, 180.47 W, 1980 MHz
2026/09/27 23:47:39.518, 1, 78919 MiB, 0 %, 132.35 W, 1980 MHz
2026/09/27 23:47:39.518, 2, 78919 MiB, 0 %, 130.03 W, 1980 MHz
2026/09/27 23:47:39.519, 3, 78919 MiB, 0 %, 125.50 W, 1980 MHz
2026/09/27 23:47:39.520, 4, 78919 MiB, 0 %, 124.68 W, 1980 MHz
2026/09/27 23:47:39.520, 5, 78919 MiB, 0 %, 127.35 W, 1980 MHz
2026/09/27 23:47:39.521, 6, 78919 MiB, 0 %, 129.88 W, 1980 MHz
2026/09/27 23:47:39.522, 7, 78919 MiB, 0 %, 123.83 W, 1980 MHz
2026/09/27 23:47:40.523, 0, 78919 MiB, 0 %, 180.13 W, 1980 MHz
2026/09/27 23:47:40.523, 1, 78919 MiB, 0 %, 131.88 W, 1980 MHz
2026/09/27 23:47:40.524, 2, 78919 MiB, 0 %, 129.66 W, 1980 MHz
2026/09/27 23:47:40.525, 3, 78919 MiB, 0 %, 125.24 W, 1980 MHz
2026/09/27 23:47:40.525, 4, 78919 MiB, 0 %, 124.41 W, 1980 MHz
2026/09/27 23:47:40.526, 5, 78919 MiB, 0 %, 127.06 W, 1980 MHz
2026/09/27 23:47:40.527, 6, 78919 MiB, 0 %, 129.44 W, 1980 MHz
2026/09/27 23:47:40.527, 7, 78919 MiB, 0 %, 123.52 W, 1980 MHz
2026/09/27 23:47:41.528, 0, 78919 MiB, 0 %, 179.77 W, 1980 MHz
2026/09/27 23:47:41.529, 1, 78919 MiB, 0 %, 131.65 W, 1980 MHz
2026/09/27 23:47:41.530, 2, 78919 MiB, 0 %, 129.32 W, 1980 MHz
2026/09/27 23:47:41.530, 3, 78919 MiB, 0 %, 124.99 W, 1980 MHz
2026/09/27 23:47:41.531, 4, 78919 MiB, 0 %, 124.21 W, 1980 MHz
2026/09/27 23:47:41.532, 5, 78919 MiB, 0 %, 126.74 W, 1980 MHz
2026/09/27 23:47:41.532, 6, 78919 MiB, 0 %, 129.24 W, 1980 MHz
2026/09/27 23:47:41.533, 7, 78919 MiB, 0 %, 123.32 W, 1980 MHz
2026/09/27 23:47:42.534, 0, 78919 MiB, 0 %, 179.45 W, 1980 MHz
2026/09/27 23:47:42.534, 1, 78919 MiB, 0 %, 131.32 W, 1980 MHz
2026/09/27 23:47:42.535, 2, 78919 MiB, 0 %, 129.01 W, 1980 MHz
2026/09/27 23:47:42.536, 3, 78919 MiB, 0 %, 124.83 W, 1980 MHz
2026/09/27 23:47:42.536, 4, 78919 MiB, 0 %, 123.96 W, 1980 MHz
2026/09/27 23:47:42.537, 5, 78919 MiB, 0 %, 126.41 W, 1980 MHz
2026/09/27 23:47:42.538, 6, 78919 MiB, 0 %, 129.09 W, 1980 MHz
2026/09/27 23:47:42.538, 7, 78919 MiB, 0 %, 123.11 W, 1980 MHz
2026/09/27 23:47:43.539, 0, 78919 MiB, 0 %, 179.12 W, 1980 MHz
2026/09/27 23:47:43.540, 1, 78919 MiB, 0 %, 131.01 W, 1980 MHz
2026/09/27 23:47:43.541, 2, 78919 MiB, 0 %, 127.67 W, 1980 MHz
2026/09/27 23:47:43.542, 3, 78919 MiB, 0 %, 124.58 W, 1980 MHz
2026/09/27 23:47:43.542, 4, 78919 MiB, 0 %, 123.76 W, 1980 MHz
2026/09/27 23:47:43.543, 5, 78919 MiB, 0 %, 126.03 W, 1980 MHz
2026/09/27 23:47:43.543, 6, 78919 MiB, 0 %, 128.85 W, 1980 MHz
2026/09/27 23:47:43.544, 7, 78919 MiB, 0 %, 122.90 W, 1980 MHz
2026/09/27 23:47:44.545, 0, 78919 MiB, 0 %, 178.90 W, 1980 MHz
2026/09/27 23:47:44.546, 1, 78919 MiB, 0 %, 130.71 W, 1980 MHz
2026/09/27 23:47:44.546, 2, 78919 MiB, 0 %, 127.21 W, 1980 MHz
2026/09/27 23:47:44.547, 3, 78919 MiB, 0 %, 123.69 W, 1980 MHz
2026/09/27 23:47:44.548, 4, 78919 MiB, 0 %, 123.54 W, 1980 MHz
2026/09/27 23:47:44.549, 5, 78919 MiB, 0 %, 125.93 W, 1980 MHz
2026/09/27 23:47:44.550, 6, 78919 MiB, 0 %, 128.55 W, 1980 MHz
2026/09/27 23:47:44.550, 7, 78919 MiB, 0 %, 122.64 W, 1980 MHz
2026/09/27 23:47:45.551, 0, 78919 MiB, 0 %, 178.64 W, 1980 MHz
2026/09/27 23:47:45.552, 1, 78919 MiB, 0 %, 130.47 W, 1980 MHz
2026/09/27 23:47:45.553, 2, 78919 MiB, 0 %, 126.92 W, 1980 MHz
2026/09/27 23:47:45.553, 3, 78919 MiB, 0 %, 123.31 W, 1980 MHz
2026/09/27 23:47:45.554, 4, 78919 MiB, 0 %, 123.32 W, 1980 MHz
2026/09/27 23:47:45.555, 5, 78919 MiB, 0 %, 125.61 W, 1980 MHz
2026/09/27 23:47:45.555, 6, 78919 MiB, 0 %, 128.16 W, 1980 MHz
2026/09/27 23:47:45.556, 7, 78919 MiB, 0 %, 122.49 W, 1980 MHz
2026/09/27 23:47:46.557, 0, 78919 MiB, 0 %, 178.43 W, 1980 MHz
2026/09/27 23:47:46.558, 1, 78919 MiB, 0 %, 130.13 W, 1980 MHz
2026/09/27 23:47:46.558, 2, 78919 MiB, 0 %, 126.66 W, 1980 MHz
2026/09/27 23:47:46.559, 3, 78919 MiB, 0 %, 123.22 W, 1980 MHz
2026/09/27 23:47:46.560, 4, 78919 MiB, 0 %, 123.16 W, 1980 MHz
2026/09/27 23:47:46.560, 5, 78919 MiB, 0 %, 125.35 W, 1980 MHz
2026/09/27 23:47:46.561, 6, 78919 MiB, 0 %, 128.01 W, 1980 MHz
2026/09/27 23:47:46.562, 7, 78919 MiB, 0 %, 122.33 W, 1980 MHz
2026/09/27 23:47:47.562, 0, 78919 MiB, 0 %, 178.23 W, 1980 MHz
2026/09/27 23:47:47.563, 1, 78919 MiB, 0 %, 129.84 W, 1980 MHz
2026/09/27 23:47:47.564, 2, 78919 MiB, 0 %, 126.39 W, 1980 MHz
2026/09/27 23:47:47.564, 3, 78919 MiB, 0 %, 123.09 W, 1980 MHz
2026/09/27 23:47:47.565, 4, 78919 MiB, 0 %, 123.03 W, 1980 MHz
2026/09/27 23:47:47.565, 5, 78919 MiB, 0 %, 125.18 W, 1980 MHz
2026/09/27 23:47:47.566, 6, 78919 MiB, 0 %, 127.73 W, 1980 MHz
2026/09/27 23:47:47.567, 7, 78919 MiB, 0 %, 122.12 W, 1980 MHz
2026/09/27 23:47:48.567, 0, 78919 MiB, 0 %, 177.96 W, 1980 MHz
2026/09/27 23:47:48.568, 1, 78919 MiB, 0 %, 129.60 W, 1980 MHz
2026/09/27 23:47:48.569, 2, 78919 MiB, 0 %, 126.70 W, 1980 MHz
2026/09/27 23:47:48.569, 3, 78919 MiB, 0 %, 122.99 W, 1980 MHz
2026/09/27 23:47:48.570, 4, 78919 MiB, 0 %, 122.88 W, 1980 MHz
2026/09/27 23:47:48.570, 5, 78919 MiB, 0 %, 124.94 W, 1980 MHz
2026/09/27 23:47:48.571, 6, 78919 MiB, 0 %, 127.49 W, 1980 MHz
2026/09/27 23:47:48.571, 7, 78919 MiB, 0 %, 121.94 W, 1980 MHz
2026/09/27 23:47:49.572, 0, 78919 MiB, 0 %, 177.75 W, 1980 MHz
2026/09/27 23:47:49.573, 1, 78919 MiB, 0 %, 129.38 W, 1980 MHz
2026/09/27 23:47:49.573, 2, 78919 MiB, 0 %, 126.79 W, 1980 MHz
2026/09/27 23:47:49.574, 3, 78919 MiB, 0 %, 122.85 W, 1980 MHz
2026/09/27 23:47:49.575, 4, 78919 MiB, 0 %, 122.75 W, 1980 MHz
2026/09/27 23:47:49.575, 5, 78919 MiB, 0 %, 124.28 W, 1980 MHz
2026/09/27 23:47:49.576, 6, 78919 MiB, 0 %, 127.27 W, 1980 MHz
2026/09/27 23:47:49.576, 7, 78919 MiB, 0 %, 121.77 W, 1980 MHz
2026/09/27 23:47:50.577, 0, 78919 MiB, 0 %, 177.59 W, 1980 MHz
2026/09/27 23:47:50.578, 1, 78919 MiB, 0 %, 129.16 W, 1980 MHz
2026/09/27 23:47:50.578, 2, 78919 MiB, 0 %, 126.21 W, 1980 MHz
2026/09/27 23:47:50.579, 3, 78919 MiB, 0 %, 122.68 W, 1980 MHz
2026/09/27 23:47:50.580, 4, 78919 MiB, 0 %, 122.62 W, 1980 MHz
2026/09/27 23:47:50.580, 5, 78919 MiB, 0 %, 124.05 W, 1980 MHz
2026/09/27 23:47:50.581, 6, 78919 MiB, 0 %, 127.03 W, 1980 MHz
2026/09/27 23:47:50.581, 7, 78919 MiB, 0 %, 121.57 W, 1980 MHz
2026/09/27 23:47:51.582, 0, 78919 MiB, 0 %, 177.42 W, 1980 MHz
2026/09/27 23:47:51.583, 1, 78919 MiB, 0 %, 129.00 W, 1980 MHz
2026/09/27 23:47:51.583, 2, 78919 MiB, 0 %, 125.96 W, 1980 MHz
2026/09/27 23:47:51.584, 3, 78919 MiB, 0 %, 122.51 W, 1980 MHz
2026/09/27 23:47:51.584, 4, 78919 MiB, 0 %, 122.43 W, 1980 MHz
2026/09/27 23:47:51.585, 5, 78919 MiB, 0 %, 123.86 W, 1980 MHz
2026/09/27 23:47:51.586, 6, 78919 MiB, 0 %, 126.81 W, 1980 MHz
2026/09/27 23:47:51.586, 7, 78919 MiB, 0 %, 121.47 W, 1980 MHz
2026/09/27 23:47:52.587, 0, 78919 MiB, 0 %, 177.20 W, 1980 MHz
2026/09/27 23:47:52.587, 1, 78919 MiB, 0 %, 128.74 W, 1980 MHz
2026/09/27 23:47:52.588, 2, 78919 MiB, 0 %, 126.22 W, 1980 MHz
2026/09/27 23:47:52.589, 3, 78919 MiB, 0 %, 122.42 W, 1980 MHz
2026/09/27 23:47:52.589, 4, 78919 MiB, 0 %, 122.25 W, 1980 MHz
2026/09/27 23:47:52.590, 5, 78919 MiB, 0 %, 123.66 W, 1980 MHz
2026/09/27 23:47:52.590, 6, 78919 MiB, 0 %, 126.56 W, 1980 MHz
2026/09/27 23:47:52.591, 7, 78919 MiB, 0 %, 121.31 W, 1980 MHz
2026/09/27 23:47:53.591, 0, 78919 MiB, 0 %, 177.08 W, 1980 MHz
2026/09/27 23:47:53.592, 1, 78919 MiB, 0 %, 128.57 W, 1980 MHz
2026/09/27 23:47:53.593, 2, 78919 MiB, 0 %, 126.28 W, 1980 MHz
2026/09/27 23:47:53.593, 3, 78919 MiB, 0 %, 122.33 W, 1980 MHz
2026/09/27 23:47:53.594, 4, 78919 MiB, 0 %, 122.14 W, 1980 MHz
2026/09/27 23:47:53.594, 5, 78919 MiB, 0 %, 123.54 W, 1980 MHz
2026/09/27 23:47:53.595, 6, 78919 MiB, 0 %, 126.38 W, 1980 MHz
2026/09/27 23:47:53.595, 7, 78919 MiB, 0 %, 121.17 W, 1980 MHz
2026/09/27 23:47:54.596, 0, 78919 MiB, 0 %, 176.90 W, 1980 MHz
2026/09/27 23:47:54.597, 1, 78919 MiB, 0 %, 128.30 W, 1980 MHz
2026/09/27 23:47:54.598, 2, 78919 MiB, 0 %, 126.11 W, 1980 MHz
2026/09/27 23:47:54.598, 3, 78919 MiB, 0 %, 122.22 W, 1980 MHz
2026/09/27 23:47:54.599, 4, 78919 MiB, 0 %, 122.04 W, 1980 MHz
2026/09/27 23:47:54.599, 5, 78919 MiB, 0 %, 123.44 W, 1980 MHz
2026/09/27 23:47:54.600, 6, 78919 MiB, 0 %, 126.27 W, 1980 MHz
2026/09/27 23:47:54.600, 7, 78919 MiB, 0 %, 121.06 W, 1980 MHz
2026/09/27 23:47:55.601, 0, 78919 MiB, 0 %, 176.71 W, 1980 MHz
2026/09/27 23:47:55.602, 1, 78919 MiB, 0 %, 128.14 W, 1980 MHz
2026/09/27 23:47:55.602, 2, 78919 MiB, 0 %, 125.92 W, 1980 MHz
2026/09/27 23:47:55.603, 3, 78919 MiB, 0 %, 122.09 W, 1980 MHz
2026/09/27 23:47:55.603, 4, 78919 MiB, 0 %, 121.90 W, 1980 MHz
2026/09/27 23:47:55.604, 5, 78919 MiB, 0 %, 123.18 W, 1980 MHz
2026/09/27 23:47:55.604, 6, 78919 MiB, 0 %, 126.10 W, 1980 MHz
2026/09/27 23:47:55.605, 7, 78919 MiB, 0 %, 120.93 W, 1980 MHz
2026/09/27 23:47:56.606, 0, 78919 MiB, 0 %, 176.46 W, 1980 MHz
2026/09/27 23:47:56.607, 1, 78919 MiB, 0 %, 128.02 W, 1980 MHz
2026/09/27 23:47:56.607, 2, 78919 MiB, 0 %, 125.71 W, 1980 MHz
2026/09/27 23:47:56.608, 3, 78919 MiB, 0 %, 122.05 W, 1980 MHz
2026/09/27 23:47:56.609, 4, 78919 MiB, 0 %, 121.84 W, 1980 MHz
2026/09/27 23:47:56.609, 5, 78919 MiB, 0 %, 122.98 W, 1980 MHz
2026/09/27 23:47:56.610, 6, 78919 MiB, 0 %, 125.95 W, 1980 MHz
2026/09/27 23:47:56.610, 7, 78919 MiB, 0 %, 120.82 W, 1980 MHz
2026/09/27 23:47:57.611, 0, 78919 MiB, 0 %, 176.35 W, 1980 MHz
2026/09/27 23:47:57.612, 1, 78919 MiB, 0 %, 127.86 W, 1980 MHz
2026/09/27 23:47:57.612, 2, 78919 MiB, 0 %, 125.53 W, 1980 MHz
2026/09/27 23:47:57.613, 3, 78919 MiB, 0 %, 121.89 W, 1980 MHz
2026/09/27 23:47:57.614, 4, 78919 MiB, 0 %, 121.67 W, 1980 MHz
2026/09/27 23:47:57.614, 5, 78919 MiB, 0 %, 122.94 W, 1980 MHz
2026/09/27 23:47:57.615, 6, 78919 MiB, 0 %, 125.39 W, 1980 MHz
2026/09/27 23:47:57.615, 7, 78919 MiB, 0 %, 120.66 W, 1980 MHz
2026/09/27 23:47:58.616, 0, 78919 MiB, 0 %, 176.23 W, 1980 MHz
2026/09/27 23:47:58.617, 1, 78919 MiB, 0 %, 127.31 W, 1980 MHz
2026/09/27 23:47:58.617, 2, 78919 MiB, 0 %, 125.39 W, 1980 MHz
2026/09/27 23:47:58.618, 3, 78919 MiB, 0 %, 121.78 W, 1980 MHz
2026/09/27 23:47:58.619, 4, 78919 MiB, 0 %, 121.53 W, 1980 MHz
2026/09/27 23:47:58.619, 5, 78919 MiB, 0 %, 122.79 W, 1980 MHz
2026/09/27 23:47:58.620, 6, 78919 MiB, 0 %, 125.18 W, 1980 MHz
2026/09/27 23:47:58.620, 7, 78919 MiB, 0 %, 120.62 W, 1980 MHz
2026/09/27 23:47:59.621, 0, 78919 MiB, 0 %, 176.13 W, 1980 MHz
2026/09/27 23:47:59.622, 1, 78919 MiB, 0 %, 127.12 W, 1980 MHz
2026/09/27 23:47:59.623, 2, 78919 MiB, 0 %, 124.74 W, 1980 MHz
2026/09/27 23:47:59.623, 3, 78919 MiB, 0 %, 121.71 W, 1980 MHz
2026/09/27 23:47:59.624, 4, 78919 MiB, 0 %, 121.44 W, 1980 MHz
2026/09/27 23:47:59.624, 5, 78919 MiB, 0 %, 122.60 W, 1980 MHz
2026/09/27 23:47:59.625, 6, 78919 MiB, 0 %, 125.01 W, 1980 MHz
2026/09/27 23:47:59.626, 7, 78919 MiB, 0 %, 120.55 W, 1980 MHz
2026/09/27 23:48:00.626, 0, 78919 MiB, 0 %, 176.00 W, 1980 MHz
2026/09/27 23:48:00.627, 1, 78919 MiB, 0 %, 126.99 W, 1980 MHz
2026/09/27 23:48:00.628, 2, 78919 MiB, 0 %, 124.31 W, 1980 MHz
2026/09/27 23:48:00.628, 3, 78919 MiB, 0 %, 121.69 W, 1980 MHz
2026/09/27 23:48:00.629, 4, 78919 MiB, 0 %, 121.40 W, 1980 MHz
2026/09/27 23:48:00.629, 5, 78919 MiB, 0 %, 122.53 W, 1980 MHz
2026/09/27 23:48:00.630, 6, 78919 MiB, 0 %, 124.97 W, 1980 MHz
2026/09/27 23:48:00.630, 7, 78919 MiB, 0 %, 120.40 W, 1980 MHz
2026/09/27 23:48:01.631, 0, 78919 MiB, 0 %, 175.91 W, 1980 MHz
2026/09/27 23:48:01.632, 1, 78919 MiB, 0 %, 126.84 W, 1980 MHz
2026/09/27 23:48:01.633, 2, 78919 MiB, 0 %, 124.17 W, 1980 MHz
2026/09/27 23:48:01.633, 3, 78919 MiB, 0 %, 121.60 W, 1980 MHz
2026/09/27 23:48:01.634, 4, 78919 MiB, 0 %, 121.31 W, 1980 MHz
2026/09/27 23:48:01.634, 5, 78919 MiB, 0 %, 122.39 W, 1980 MHz
2026/09/27 23:48:01.635, 6, 78919 MiB, 0 %, 124.76 W, 1980 MHz
2026/09/27 23:48:01.636, 7, 78919 MiB, 0 %, 120.34 W, 1980 MHz
2026/09/27 23:48:02.636, 0, 78919 MiB, 0 %, 175.76 W, 1980 MHz
2026/09/27 23:48:02.637, 1, 78919 MiB, 0 %, 126.73 W, 1980 MHz
2026/09/27 23:48:02.638, 2, 78919 MiB, 0 %, 124.05 W, 1980 MHz
2026/09/27 23:48:02.639, 3, 78919 MiB, 0 %, 121.53 W, 1980 MHz
2026/09/27 23:48:02.639, 4, 78919 MiB, 0 %, 121.05 W, 1980 MHz
2026/09/27 23:48:02.640, 5, 78919 MiB, 0 %, 122.26 W, 1980 MHz
2026/09/27 23:48:02.640, 6, 78919 MiB, 0 %, 124.74 W, 1980 MHz
2026/09/27 23:48:02.641, 7, 78919 MiB, 0 %, 120.27 W, 1980 MHz
2026/09/27 23:48:03.642, 0, 78919 MiB, 0 %, 175.66 W, 1980 MHz
2026/09/27 23:48:03.643, 1, 78919 MiB, 0 %, 126.65 W, 1980 MHz
2026/09/27 23:48:03.643, 2, 78919 MiB, 0 %, 123.88 W, 1980 MHz
2026/09/27 23:48:03.644, 3, 78919 MiB, 0 %, 121.40 W, 1980 MHz
2026/09/27 23:48:03.644, 4, 78919 MiB, 0 %, 120.34 W, 1980 MHz
2026/09/27 23:48:03.645, 5, 78919 MiB, 0 %, 122.11 W, 1980 MHz
2026/09/27 23:48:03.646, 6, 78919 MiB, 0 %, 124.52 W, 1980 MHz
2026/09/27 23:48:03.646, 7, 78919 MiB, 0 %, 120.12 W, 1980 MHz
2026/09/27 23:48:04.647, 0, 78919 MiB, 0 %, 175.53 W, 1980 MHz
2026/09/27 23:48:04.648, 1, 78919 MiB, 0 %, 126.53 W, 1980 MHz
2026/09/27 23:48:04.649, 2, 78919 MiB, 0 %, 123.71 W, 1980 MHz
2026/09/27 23:48:04.649, 3, 78919 MiB, 0 %, 121.31 W, 1980 MHz
2026/09/27 23:48:04.650, 4, 78919 MiB, 0 %, 120.26 W, 1980 MHz
2026/09/27 23:48:04.651, 5, 78919 MiB, 0 %, 121.97 W, 1980 MHz
2026/09/27 23:48:04.651, 6, 78919 MiB, 0 %, 124.42 W, 1980 MHz
2026/09/27 23:48:04.652, 7, 78919 MiB, 0 %, 120.03 W, 1980 MHz
2026/09/27 23:48:05.652, 0, 78919 MiB, 0 %, 175.41 W, 1980 MHz
2026/09/27 23:48:05.653, 1, 78919 MiB, 0 %, 126.40 W, 1980 MHz
2026/09/27 23:48:05.654, 2, 78919 MiB, 0 %, 123.59 W, 1980 MHz
2026/09/27 23:48:05.654, 3, 78919 MiB, 0 %, 121.22 W, 1980 MHz
2026/09/27 23:48:05.655, 4, 78919 MiB, 0 %, 120.15 W, 1980 MHz
2026/09/27 23:48:05.656, 5, 78919 MiB, 0 %, 121.91 W, 1980 MHz
2026/09/27 23:48:05.656, 6, 78919 MiB, 0 %, 124.27 W, 1980 MHz
2026/09/27 23:48:05.657, 7, 78919 MiB, 0 %, 119.99 W, 1980 MHz
2026/09/27 23:48:06.658, 0, 78919 MiB, 0 %, 175.32 W, 1980 MHz
2026/09/27 23:48:06.658, 1, 78919 MiB, 0 %, 126.22 W, 1980 MHz
2026/09/27 23:48:06.659, 2, 78919 MiB, 0 %, 123.54 W, 1980 MHz
2026/09/27 23:48:06.660, 3, 78919 MiB, 0 %, 121.17 W, 1980 MHz
2026/09/27 23:48:06.660, 4, 78919 MiB, 0 %, 120.09 W, 1980 MHz
2026/09/27 23:48:06.661, 5, 78919 MiB, 0 %, 121.79 W, 1980 MHz
2026/09/27 23:48:06.661, 6, 78919 MiB, 0 %, 124.18 W, 1980 MHz
2026/09/27 23:48:06.662, 7, 78919 MiB, 0 %, 119.94 W, 1980 MHz
2026/09/27 23:48:07.663, 0, 78919 MiB, 0 %, 175.18 W, 1980 MHz
2026/09/27 23:48:07.664, 1, 78919 MiB, 0 %, 126.14 W, 1980 MHz
2026/09/27 23:48:07.664, 2, 78919 MiB, 0 %, 123.40 W, 1980 MHz
2026/09/27 23:48:07.665, 3, 78919 MiB, 0 %, 121.14 W, 1980 MHz
2026/09/27 23:48:07.666, 4, 78919 MiB, 0 %, 119.67 W, 1980 MHz
2026/09/27 23:48:07.666, 5, 78919 MiB, 0 %, 121.71 W, 1980 MHz
2026/09/27 23:48:07.667, 6, 78919 MiB, 0 %, 124.11 W, 1980 MHz
2026/09/27 23:48:07.667, 7, 78919 MiB, 0 %, 119.89 W, 1980 MHz
2026/09/27 23:48:08.668, 0, 78919 MiB, 0 %, 175.10 W, 1980 MHz
2026/09/27 23:48:08.669, 1, 78919 MiB, 0 %, 126.06 W, 1980 MHz
2026/09/27 23:48:08.669, 2, 78919 MiB, 0 %, 123.28 W, 1980 MHz
2026/09/27 23:48:08.670, 3, 78919 MiB, 0 %, 121.04 W, 1980 MHz
2026/09/27 23:48:08.671, 4, 78919 MiB, 0 %, 119.42 W, 1980 MHz
2026/09/27 23:48:08.671, 5, 78919 MiB, 0 %, 121.57 W, 1980 MHz
2026/09/27 23:48:08.672, 6, 78919 MiB, 0 %, 123.99 W, 1980 MHz
2026/09/27 23:48:08.672, 7, 78919 MiB, 0 %, 119.76 W, 1980 MHz
2026/09/27 23:48:09.673, 0, 78919 MiB, 0 %, 174.94 W, 1980 MHz
2026/09/27 23:48:09.674, 1, 78919 MiB, 0 %, 125.96 W, 1980 MHz
2026/09/27 23:48:09.674, 2, 78919 MiB, 0 %, 123.28 W, 1980 MHz
2026/09/27 23:48:09.675, 3, 78919 MiB, 0 %, 121.05 W, 1980 MHz
2026/09/27 23:48:09.675, 4, 78919 MiB, 0 %, 119.35 W, 1980 MHz
2026/09/27 23:48:09.676, 5, 78919 MiB, 0 %, 121.51 W, 1980 MHz
2026/09/27 23:48:09.677, 6, 78919 MiB, 0 %, 123.94 W, 1980 MHz
2026/09/27 23:48:09.677, 7, 78919 MiB, 0 %, 119.69 W, 1980 MHz
2026/09/27 23:48:10.678, 0, 78919 MiB, 0 %, 174.85 W, 1980 MHz
2026/09/27 23:48:10.678, 1, 78919 MiB, 0 %, 125.89 W, 1980 MHz
2026/09/27 23:48:10.679, 2, 78919 MiB, 0 %, 123.05 W, 1980 MHz
2026/09/27 23:48:10.680, 3, 78919 MiB, 0 %, 120.91 W, 1980 MHz
2026/09/27 23:48:10.680, 4, 78919 MiB, 0 %, 119.26 W, 1980 MHz
2026/09/27 23:48:10.681, 5, 78919 MiB, 0 %, 121.44 W, 1980 MHz
2026/09/27 23:48:10.681, 6, 78919 MiB, 0 %, 123.73 W, 1980 MHz
2026/09/27 23:48:10.682, 7, 78919 MiB, 0 %, 119.63 W, 1980 MHz
2026/09/27 23:48:11.682, 0, 78919 MiB, 0 %, 174.79 W, 1980 MHz
2026/09/27 23:48:11.683, 1, 78919 MiB, 0 %, 125.80 W, 1980 MHz
2026/09/27 23:48:11.684, 2, 78919 MiB, 0 %, 122.95 W, 1980 MHz
2026/09/27 23:48:11.684, 3, 78919 MiB, 0 %, 120.86 W, 1980 MHz
2026/09/27 23:48:11.685, 4, 78919 MiB, 0 %, 119.16 W, 1980 MHz
2026/09/27 23:48:11.686, 5, 78919 MiB, 0 %, 121.39 W, 1980 MHz
2026/09/27 23:48:11.686, 6, 78919 MiB, 0 %, 123.66 W, 1980 MHz
2026/09/27 23:48:11.687, 7, 78919 MiB, 0 %, 119.56 W, 1980 MHz
2026/09/27 23:48:12.688, 0, 78919 MiB, 0 %, 174.69 W, 1980 MHz
2026/09/27 23:48:12.688, 1, 78919 MiB, 0 %, 125.64 W, 1980 MHz
2026/09/27 23:48:12.689, 2, 78919 MiB, 0 %, 122.90 W, 1980 MHz
2026/09/27 23:48:12.690, 3, 78919 MiB, 0 %, 120.81 W, 1980 MHz
2026/09/27 23:48:12.690, 4, 78919 MiB, 0 %, 119.08 W, 1980 MHz
2026/09/27 23:48:12.691, 5, 78919 MiB, 0 %, 121.22 W, 1980 MHz
2026/09/27 23:48:12.692, 6, 78919 MiB, 0 %, 123.59 W, 1980 MHz
2026/09/27 23:48:12.692, 7, 78919 MiB, 0 %, 119.53 W, 1980 MHz
2026/09/27 23:48:13.693, 0, 78919 MiB, 0 %, 174.58 W, 1980 MHz
2026/09/27 23:48:13.694, 1, 78919 MiB, 0 %, 125.50 W, 1980 MHz
2026/09/27 23:48:13.694, 2, 78919 MiB, 0 %, 122.76 W, 1980 MHz
2026/09/27 23:48:13.695, 3, 78919 MiB, 0 %, 120.69 W, 1980 MHz
2026/09/27 23:48:13.696, 4, 78919 MiB, 0 %, 119.05 W, 1980 MHz
2026/09/27 23:48:13.696, 5, 78919 MiB, 0 %, 121.15 W, 1980 MHz
2026/09/27 23:48:13.697, 6, 78919 MiB, 0 %, 123.48 W, 1980 MHz
2026/09/27 23:48:13.697, 7, 78919 MiB, 0 %, 119.48 W, 1980 MHz
2026/09/27 23:48:14.698, 0, 78919 MiB, 0 %, 174.52 W, 1980 MHz
2026/09/27 23:48:14.699, 1, 78919 MiB, 0 %, 125.42 W, 1980 MHz
2026/09/27 23:48:14.700, 2, 78919 MiB, 0 %, 122.71 W, 1980 MHz
2026/09/27 23:48:14.700, 3, 78919 MiB, 0 %, 119.83 W, 1980 MHz
2026/09/27 23:48:14.701, 4, 78919 MiB, 0 %, 119.03 W, 1980 MHz
2026/09/27 23:48:14.701, 5, 78919 MiB, 0 %, 121.10 W, 1980 MHz
2026/09/27 23:48:14.702, 6, 78919 MiB, 0 %, 123.44 W, 1980 MHz
2026/09/27 23:48:14.703, 7, 78919 MiB, 0 %, 119.41 W, 1980 MHz
2026/09/27 23:48:15.703, 0, 78919 MiB, 0 %, 174.38 W, 1980 MHz
2026/09/27 23:48:15.704, 1, 78919 MiB, 0 %, 125.41 W, 1980 MHz
2026/09/27 23:48:15.705, 2, 78919 MiB, 0 %, 122.67 W, 1980 MHz
2026/09/27 23:48:15.705, 3, 78919 MiB, 0 %, 119.48 W, 1980 MHz
2026/09/27 23:48:15.706, 4, 78919 MiB, 0 %, 118.99 W, 1980 MHz
2026/09/27 23:48:15.706, 5, 78919 MiB, 0 %, 120.94 W, 1980 MHz
2026/09/27 23:48:15.707, 6, 78919 MiB, 0 %, 123.39 W, 1980 MHz
2026/09/27 23:48:15.708, 7, 78919 MiB, 0 %, 119.32 W, 1980 MHz
2026/09/27 23:48:16.708, 0, 78919 MiB, 0 %, 174.29 W, 1980 MHz
2026/09/27 23:48:16.709, 1, 78919 MiB, 0 %, 125.29 W, 1980 MHz
2026/09/27 23:48:16.710, 2, 78919 MiB, 0 %, 122.55 W, 1980 MHz
2026/09/27 23:48:16.710, 3, 78919 MiB, 0 %, 119.40 W, 1980 MHz
2026/09/27 23:48:16.711, 4, 78919 MiB, 0 %, 118.88 W, 1980 MHz
2026/09/27 23:48:16.711, 5, 78919 MiB, 0 %, 120.89 W, 1980 MHz
2026/09/27 23:48:16.712, 6, 78919 MiB, 0 %, 123.28 W, 1980 MHz
2026/09/27 23:48:16.713, 7, 78919 MiB, 0 %, 119.25 W, 1980 MHz
2026/09/27 23:48:17.713, 0, 78919 MiB, 0 %, 174.16 W, 1980 MHz
2026/09/27 23:48:17.714, 1, 78919 MiB, 0 %, 125.21 W, 1980 MHz
2026/09/27 23:48:17.715, 2, 78919 MiB, 0 %, 122.49 W, 1980 MHz
2026/09/27 23:48:17.715, 3, 78919 MiB, 0 %, 119.31 W, 1980 MHz
2026/09/27 23:48:17.716, 4, 78919 MiB, 0 %, 118.84 W, 1980 MHz
2026/09/27 23:48:17.716, 5, 78919 MiB, 0 %, 120.79 W, 1980 MHz
2026/09/27 23:48:17.717, 6, 78919 MiB, 0 %, 123.17 W, 1980 MHz
2026/09/27 23:48:17.718, 7, 78919 MiB, 0 %, 119.24 W, 1980 MHz
2026/09/27 23:48:18.718, 0, 78919 MiB, 0 %, 174.14 W, 1980 MHz
2026/09/27 23:48:18.719, 1, 78919 MiB, 0 %, 125.22 W, 1980 MHz
2026/09/27 23:48:18.720, 2, 78919 MiB, 0 %, 122.38 W, 1980 MHz
2026/09/27 23:48:18.720, 3, 78919 MiB, 0 %, 119.28 W, 1980 MHz
2026/09/27 23:48:18.721, 4, 78919 MiB, 0 %, 118.78 W, 1980 MHz
2026/09/27 23:48:18.722, 5, 78919 MiB, 0 %, 120.74 W, 1980 MHz
2026/09/27 23:48:18.722, 6, 78919 MiB, 0 %, 123.09 W, 1980 MHz
2026/09/27 23:48:18.723, 7, 78919 MiB, 0 %, 119.22 W, 1980 MHz
2026/09/27 23:48:19.723, 0, 78919 MiB, 0 %, 174.08 W, 1980 MHz
2026/09/27 23:48:19.724, 1, 78919 MiB, 0 %, 125.12 W, 1980 MHz
2026/09/27 23:48:19.725, 2, 78919 MiB, 0 %, 122.33 W, 1980 MHz
2026/09/27 23:48:19.726, 3, 78919 MiB, 0 %, 119.89 W, 1980 MHz
2026/09/27 23:48:19.726, 4, 78919 MiB, 0 %, 118.73 W, 1980 MHz
2026/09/27 23:48:19.727, 5, 78919 MiB, 0 %, 120.79 W, 1980 MHz
2026/09/27 23:48:19.728, 6, 78919 MiB, 0 %, 123.03 W, 1980 MHz
2026/09/27 23:48:19.728, 7, 78919 MiB, 0 %, 119.14 W, 1980 MHz
2026/09/27 23:48:20.729, 0, 78919 MiB, 0 %, 173.96 W, 1980 MHz
2026/09/27 23:48:20.730, 1, 78919 MiB, 0 %, 124.99 W, 1980 MHz
2026/09/27 23:48:20.730, 2, 78919 MiB, 0 %, 122.26 W, 1980 MHz
2026/09/27 23:48:20.731, 3, 78919 MiB, 0 %, 119.87 W, 1980 MHz
2026/09/27 23:48:20.732, 4, 78919 MiB, 0 %, 118.70 W, 1980 MHz
2026/09/27 23:48:20.732, 5, 78919 MiB, 0 %, 120.65 W, 1980 MHz
2026/09/27 23:48:20.733, 6, 78919 MiB, 0 %, 123.00 W, 1980 MHz
2026/09/27 23:48:20.733, 7, 78919 MiB, 0 %, 119.15 W, 1980 MHz
2026/09/27 23:48:21.734, 0, 78919 MiB, 0 %, 173.88 W, 1980 MHz
2026/09/27 23:48:21.735, 1, 78919 MiB, 0 %, 124.57 W, 1980 MHz
2026/09/27 23:48:21.735, 2, 78919 MiB, 0 %, 122.21 W, 1980 MHz
2026/09/27 23:48:21.736, 3, 78919 MiB, 0 %, 119.78 W, 1980 MHz
2026/09/27 23:48:21.736, 4, 78919 MiB, 0 %, 118.74 W, 1980 MHz
2026/09/27 23:48:21.737, 5, 78919 MiB, 0 %, 120.56 W, 1980 MHz
2026/09/27 23:48:21.738, 6, 78919 MiB, 0 %, 122.96 W, 1980 MHz
2026/09/27 23:48:21.738, 7, 78919 MiB, 0 %, 119.07 W, 1980 MHz
2026/09/27 23:48:22.739, 0, 78919 MiB, 0 %, 173.83 W, 1980 MHz
2026/09/27 23:48:22.740, 1, 78919 MiB, 0 %, 124.06 W, 1980 MHz
2026/09/27 23:48:22.740, 2, 78919 MiB, 0 %, 122.16 W, 1980 MHz
2026/09/27 23:48:22.741, 3, 78919 MiB, 0 %, 119.75 W, 1980 MHz
2026/09/27 23:48:22.742, 4, 78919 MiB, 0 %, 118.67 W, 1980 MHz
2026/09/27 23:48:22.742, 5, 78919 MiB, 0 %, 120.58 W, 1980 MHz
2026/09/27 23:48:22.743, 6, 78919 MiB, 0 %, 122.91 W, 1980 MHz
2026/09/27 23:48:22.743, 7, 78919 MiB, 0 %, 119.07 W, 1980 MHz
2026/09/27 23:48:23.744, 0, 78919 MiB, 0 %, 173.78 W, 1980 MHz
2026/09/27 23:48:23.745, 1, 78919 MiB, 0 %, 124.04 W, 1980 MHz
2026/09/27 23:48:23.746, 2, 78919 MiB, 0 %, 122.03 W, 1980 MHz
2026/09/27 23:48:23.746, 3, 78919 MiB, 0 %, 119.70 W, 1980 MHz
2026/09/27 23:48:23.747, 4, 78919 MiB, 0 %, 118.61 W, 1980 MHz
2026/09/27 23:48:23.748, 5, 78919 MiB, 0 %, 120.52 W, 1980 MHz
2026/09/27 23:48:23.748, 6, 78919 MiB, 0 %, 122.81 W, 1980 MHz
2026/09/27 23:48:23.749, 7, 78919 MiB, 0 %, 119.00 W, 1980 MHz
2026/09/27 23:48:24.749, 0, 78919 MiB, 0 %, 173.74 W, 1980 MHz
2026/09/27 23:48:24.750, 1, 78919 MiB, 0 %, 123.94 W, 1980 MHz
2026/09/27 23:48:24.751, 2, 78919 MiB, 0 %, 121.92 W, 1980 MHz
2026/09/27 23:48:24.751, 3, 78919 MiB, 0 %, 119.67 W, 1980 MHz
2026/09/27 23:48:24.752, 4, 78919 MiB, 0 %, 118.55 W, 1980 MHz
2026/09/27 23:48:24.752, 5, 78919 MiB, 0 %, 120.39 W, 1980 MHz
2026/09/27 23:48:24.753, 6, 78919 MiB, 0 %, 122.79 W, 1980 MHz
2026/09/27 23:48:24.754, 7, 78919 MiB, 0 %, 118.98 W, 1980 MHz
2026/09/27 23:48:25.754, 0, 78919 MiB, 0 %, 173.69 W, 1980 MHz
2026/09/27 23:48:25.755, 1, 78919 MiB, 0 %, 123.89 W, 1980 MHz
2026/09/27 23:48:25.756, 2, 78919 MiB, 0 %, 121.88 W, 1980 MHz
2026/09/27 23:48:25.756, 3, 78919 MiB, 0 %, 119.66 W, 1980 MHz
2026/09/27 23:48:25.757, 4, 78919 MiB, 0 %, 118.58 W, 1980 MHz
2026/09/27 23:48:25.758, 5, 78919 MiB, 0 %, 120.40 W, 1980 MHz
2026/09/27 23:48:25.758, 6, 78919 MiB, 0 %, 122.74 W, 1980 MHz
2026/09/27 23:48:25.759, 7, 78919 MiB, 0 %, 119.05 W, 1980 MHz
2026/09/27 23:48:26.759, 0, 78919 MiB, 0 %, 173.62 W, 1980 MHz
2026/09/27 23:48:26.760, 1, 78919 MiB, 0 %, 123.82 W, 1980 MHz
2026/09/27 23:48:26.761, 2, 78919 MiB, 0 %, 121.88 W, 1980 MHz
2026/09/27 23:48:26.762, 3, 78919 MiB, 0 %, 119.70 W, 1980 MHz
2026/09/27 23:48:26.763, 4, 78919 MiB, 0 %, 118.52 W, 1980 MHz
2026/09/27 23:48:26.763, 5, 78919 MiB, 0 %, 120.35 W, 1980 MHz
2026/09/27 23:48:26.773, 6, 78919 MiB, 0 %, 122.67 W, 1980 MHz
2026/09/27 23:48:26.775, 7, 78919 MiB, 0 %, 118.99 W, 1980 MHz
2026/09/27 23:48:27.776, 0, 78919 MiB, 100 %, 562.46 W, 1980 MHz
2026/09/27 23:48:27.777, 1, 78919 MiB, 100 %, 496.97 W, 1980 MHz
2026/09/27 23:48:27.778, 2, 78919 MiB, 100 %, 491.57 W, 1980 MHz
2026/09/27 23:48:27.778, 3, 78919 MiB, 100 %, 493.88 W, 1980 MHz
2026/09/27 23:48:27.779, 4, 78919 MiB, 100 %, 470.36 W, 1980 MHz
2026/09/27 23:48:27.779, 5, 78919 MiB, 100 %, 508.80 W, 1980 MHz
2026/09/27 23:48:27.780, 6, 78919 MiB, 100 %, 508.97 W, 1980 MHz
2026/09/27 23:48:27.781, 7, 78919 MiB, 100 %, 481.75 W, 1980 MHz
2026/09/27 23:48:28.781, 0, 78919 MiB, 100 %, 628.43 W, 1980 MHz
2026/09/27 23:48:28.782, 1, 78919 MiB, 100 %, 586.11 W, 1980 MHz
2026/09/27 23:48:28.783, 2, 78919 MiB, 100 %, 556.18 W, 1980 MHz
2026/09/27 23:48:28.784, 3, 78919 MiB, 100 %, 564.96 W, 1980 MHz
2026/09/27 23:48:28.784, 4, 78919 MiB, 100 %, 559.25 W, 1980 MHz
2026/09/27 23:48:28.785, 5, 78919 MiB, 100 %, 561.51 W, 1980 MHz
2026/09/27 23:48:28.786, 6, 78919 MiB, 100 %, 573.41 W, 1980 MHz
2026/09/27 23:48:28.786, 7, 78919 MiB, 100 %, 548.53 W, 1980 MHz
2026/09/27 23:48:29.787, 0, 78919 MiB, 100 %, 651.07 W, 1965 MHz
2026/09/27 23:48:29.788, 1, 78919 MiB, 100 %, 607.85 W, 1980 MHz
2026/09/27 23:48:29.789, 2, 78919 MiB, 100 %, 572.39 W, 1980 MHz
2026/09/27 23:48:29.789, 3, 78919 MiB, 100 %, 572.86 W, 1980 MHz
2026/09/27 23:48:29.790, 4, 78919 MiB, 100 %, 572.28 W, 1980 MHz
2026/09/27 23:48:29.791, 5, 78919 MiB, 100 %, 582.04 W, 1980 MHz
2026/09/27 23:48:29.791, 6, 78919 MiB, 100 %, 601.92 W, 1980 MHz
2026/09/27 23:48:29.792, 7, 78919 MiB, 100 %, 568.48 W, 1980 MHz
2026/09/27 23:48:30.793, 0, 78919 MiB, 100 %, 653.64 W, 1860 MHz
2026/09/27 23:48:30.793, 1, 78919 MiB, 100 %, 620.55 W, 1980 MHz
2026/09/27 23:48:30.794, 2, 78919 MiB, 100 %, 600.27 W, 1980 MHz
2026/09/27 23:48:30.795, 3, 78919 MiB, 100 %, 589.31 W, 1980 MHz
2026/09/27 23:48:30.795, 4, 78919 MiB, 100 %, 589.42 W, 1980 MHz
2026/09/27 23:48:30.796, 5, 78919 MiB, 100 %, 594.28 W, 1980 MHz
2026/09/27 23:48:30.797, 6, 78919 MiB, 100 %, 615.87 W, 1980 MHz
2026/09/27 23:48:30.797, 7, 78919 MiB, 100 %, 575.62 W, 1980 MHz
2026/09/27 23:48:31.798, 0, 78919 MiB, 100 %, 628.73 W, 1860 MHz
2026/09/27 23:48:31.799, 1, 78919 MiB, 100 %, 633.27 W, 1980 MHz
2026/09/27 23:48:31.800, 2, 78919 MiB, 100 %, 609.49 W, 1980 MHz
2026/09/27 23:48:31.800, 3, 78919 MiB, 100 %, 611.15 W, 1980 MHz
2026/09/27 23:48:31.801, 4, 78919 MiB, 100 %, 600.28 W, 1980 MHz
2026/09/27 23:48:31.802, 5, 78919 MiB, 100 %, 611.11 W, 1980 MHz
2026/09/27 23:48:31.802, 6, 78919 MiB, 100 %, 621.59 W, 1980 MHz
2026/09/27 23:48:31.803, 7, 78919 MiB, 100 %, 601.86 W, 1980 MHz
2026/09/27 23:48:32.804, 0, 78919 MiB, 100 %, 618.66 W, 1890 MHz
2026/09/27 23:48:32.805, 1, 78919 MiB, 100 %, 654.76 W, 1965 MHz
2026/09/27 23:48:32.806, 2, 78919 MiB, 100 %, 604.56 W, 1980 MHz
2026/09/27 23:48:32.806, 3, 78919 MiB, 100 %, 607.11 W, 1980 MHz
2026/09/27 23:48:32.807, 4, 78919 MiB, 100 %, 624.65 W, 1980 MHz
2026/09/27 23:48:32.807, 5, 78919 MiB, 100 %, 634.00 W, 1980 MHz
2026/09/27 23:48:32.808, 6, 78919 MiB, 100 %, 620.30 W, 1965 MHz
2026/09/27 23:48:32.809, 7, 78919 MiB, 100 %, 613.76 W, 1980 MHz
2026/09/27 23:48:33.809, 0, 78919 MiB, 100 %, 583.40 W, 1620 MHz
2026/09/27 23:48:33.810, 1, 78919 MiB, 100 %, 616.14 W, 1980 MHz
2026/09/27 23:48:33.811, 2, 78919 MiB, 100 %, 613.67 W, 1980 MHz
2026/09/27 23:48:33.812, 3, 78919 MiB, 100 %, 600.58 W, 1980 MHz
2026/09/27 23:48:33.812, 4, 78919 MiB, 100 %, 587.30 W, 1980 MHz
2026/09/27 23:48:33.813, 5, 78919 MiB, 100 %, 614.25 W, 1980 MHz
2026/09/27 23:48:33.814, 6, 78919 MiB, 100 %, 621.54 W, 1980 MHz
2026/09/27 23:48:33.814, 7, 78919 MiB, 100 %, 593.43 W, 1980 MHz
2026/09/27 23:48:34.815, 0, 78919 MiB, 100 %, 600.40 W, 1800 MHz
2026/09/27 23:48:34.816, 1, 78919 MiB, 100 %, 633.34 W, 1965 MHz
2026/09/27 23:48:34.816, 2, 78919 MiB, 100 %, 620.71 W, 1980 MHz
2026/09/27 23:48:34.817, 3, 78919 MiB, 100 %, 615.82 W, 1980 MHz
2026/09/27 23:48:34.818, 4, 78919 MiB, 100 %, 612.99 W, 1980 MHz
2026/09/27 23:48:34.818, 5, 78919 MiB, 100 %, 631.39 W, 1980 MHz
2026/09/27 23:48:34.819, 6, 78919 MiB, 100 %, 628.84 W, 1980 MHz
2026/09/27 23:48:34.820, 7, 78919 MiB, 100 %, 618.62 W, 1980 MHz
2026/09/27 23:48:35.820, 0, 78919 MiB, 100 %, 622.08 W, 1800 MHz
2026/09/27 23:48:35.821, 1, 78919 MiB, 100 %, 646.42 W, 1965 MHz
2026/09/27 23:48:35.822, 2, 78919 MiB, 100 %, 636.59 W, 1935 MHz
2026/09/27 23:48:35.823, 3, 78919 MiB, 100 %, 626.57 W, 1980 MHz
2026/09/27 23:48:35.823, 4, 78919 MiB, 100 %, 617.83 W, 1980 MHz
2026/09/27 23:48:35.824, 5, 78919 MiB, 100 %, 638.70 W, 1980 MHz
2026/09/27 23:48:35.825, 6, 78919 MiB, 100 %, 639.26 W, 1980 MHz
2026/09/27 23:48:35.825, 7, 78919 MiB, 100 %, 629.60 W, 1980 MHz
2026/09/27 23:48:36.826, 0, 78919 MiB, 100 %, 546.42 W, 1470 MHz
2026/09/27 23:48:36.827, 1, 78919 MiB, 100 %, 627.26 W, 1965 MHz
2026/09/27 23:48:36.827, 2, 78919 MiB, 100 %, 610.58 W, 1980 MHz
2026/09/27 23:48:36.828, 3, 78919 MiB, 100 %, 603.69 W, 1965 MHz
2026/09/27 23:48:36.829, 4, 78919 MiB, 100 %, 593.14 W, 1980 MHz
2026/09/27 23:48:36.830, 5, 78919 MiB, 100 %, 622.46 W, 1965 MHz
2026/09/27 23:48:36.830, 6, 78919 MiB, 100 %, 624.61 W, 1965 MHz
2026/09/27 23:48:36.831, 7, 78919 MiB, 100 %, 605.50 W, 1980 MHz
2026/09/27 23:48:37.831, 0, 78919 MiB, 100 %, 545.08 W, 1440 MHz
2026/09/27 23:48:37.832, 1, 78919 MiB, 100 %, 625.89 W, 1980 MHz
2026/09/27 23:48:37.833, 2, 78919 MiB, 100 %, 613.71 W, 1965 MHz
2026/09/27 23:48:37.834, 3, 78919 MiB, 100 %, 608.53 W, 1980 MHz
2026/09/27 23:48:37.834, 4, 78919 MiB, 100 %, 598.25 W, 1980 MHz
2026/09/27 23:48:37.835, 5, 78919 MiB, 100 %, 616.76 W, 1980 MHz
2026/09/27 23:48:37.836, 6, 78919 MiB, 100 %, 626.75 W, 1965 MHz
2026/09/27 23:48:37.836, 7, 78919 MiB, 100 %, 600.28 W, 1980 MHz
2026/09/27 23:48:38.837, 0, 78919 MiB, 100 %, 560.22 W, 1485 MHz
2026/09/27 23:48:38.838, 1, 78919 MiB, 100 %, 639.32 W, 1950 MHz
2026/09/27 23:48:38.839, 2, 78919 MiB, 100 %, 629.85 W, 1965 MHz
2026/09/27 23:48:38.839, 3, 78919 MiB, 100 %, 619.24 W, 1965 MHz
2026/09/27 23:48:38.840, 4, 78919 MiB, 100 %, 617.20 W, 1980 MHz
2026/09/27 23:48:38.841, 5, 78919 MiB, 100 %, 626.08 W, 1965 MHz
2026/09/27 23:48:38.841, 6, 78919 MiB, 100 %, 626.85 W, 1950 MHz
2026/09/27 23:48:38.842, 7, 78919 MiB, 100 %, 615.42 W, 1965 MHz
2026/09/27 23:48:39.843, 0, 78919 MiB, 100 %, 552.04 W, 1455 MHz
2026/09/27 23:48:39.844, 1, 78919 MiB, 100 %, 628.06 W, 1965 MHz
2026/09/27 23:48:39.844, 2, 78919 MiB, 100 %, 619.56 W, 1965 MHz
2026/09/27 23:48:39.845, 3, 78919 MiB, 100 %, 620.16 W, 1965 MHz
2026/09/27 23:48:39.846, 4, 78919 MiB, 100 %, 618.46 W, 1980 MHz
2026/09/27 23:48:39.846, 5, 78919 MiB, 100 %, 632.35 W, 1965 MHz
2026/09/27 23:48:39.847, 6, 78919 MiB, 100 %, 624.61 W, 1980 MHz
2026/09/27 23:48:39.848, 7, 78919 MiB, 100 %, 614.47 W, 1980 MHz
2026/09/27 23:48:40.848, 0, 78919 MiB, 100 %, 522.55 W, 1485 MHz
2026/09/27 23:48:40.849, 1, 78919 MiB, 100 %, 616.36 W, 1980 MHz
2026/09/27 23:48:40.850, 2, 78919 MiB, 100 %, 606.20 W, 1980 MHz
2026/09/27 23:48:40.851, 3, 78919 MiB, 100 %, 601.31 W, 1980 MHz
2026/09/27 23:48:40.851, 4, 78919 MiB, 100 %, 596.76 W, 1980 MHz
2026/09/27 23:48:40.852, 5, 78919 MiB, 100 %, 617.52 W, 1980 MHz
2026/09/27 23:48:40.852, 6, 78919 MiB, 100 %, 605.57 W, 1965 MHz
2026/09/27 23:48:40.853, 7, 78919 MiB, 100 %, 599.65 W, 1980 MHz
2026/09/27 23:48:41.854, 0, 78919 MiB, 100 %, 553.97 W, 1965 MHz
2026/09/27 23:48:41.855, 1, 78919 MiB, 100 %, 578.37 W, 1980 MHz
2026/09/27 23:48:41.855, 2, 78919 MiB, 100 %, 547.48 W, 1980 MHz
2026/09/27 23:48:41.856, 3, 78919 MiB, 100 %, 544.79 W, 1980 MHz
2026/09/27 23:48:41.857, 4, 78919 MiB, 100 %, 539.23 W, 1980 MHz
2026/09/27 23:48:41.857, 5, 78919 MiB, 100 %, 552.08 W, 1980 MHz
2026/09/27 23:48:41.858, 6, 78919 MiB, 100 %, 567.00 W, 1980 MHz
2026/09/27 23:48:41.859, 7, 78919 MiB, 100 %, 547.39 W, 1980 MHz
2026/09/27 23:48:42.859, 0, 78919 MiB, 100 %, 574.02 W, 1665 MHz
2026/09/27 23:48:42.860, 1, 78919 MiB, 100 %, 579.34 W, 1980 MHz
2026/09/27 23:48:42.861, 2, 78919 MiB, 100 %, 560.30 W, 1980 MHz
2026/09/27 23:48:42.861, 3, 78919 MiB, 100 %, 558.03 W, 1980 MHz
2026/09/27 23:48:42.862, 4, 78919 MiB, 100 %, 550.69 W, 1980 MHz
2026/09/27 23:48:42.863, 5, 78919 MiB, 100 %, 563.41 W, 1980 MHz
2026/09/27 23:48:42.863, 6, 78919 MiB, 100 %, 583.22 W, 1980 MHz
2026/09/27 23:48:42.864, 7, 78919 MiB, 100 %, 552.96 W, 1980 MHz
2026/09/27 23:48:43.865, 0, 78919 MiB, 100 %, 568.47 W, 1740 MHz
2026/09/27 23:48:43.865, 1, 78919 MiB, 100 %, 599.09 W, 1980 MHz
2026/09/27 23:48:43.866, 2, 78919 MiB, 100 %, 574.51 W, 1980 MHz
2026/09/27 23:48:43.867, 3, 78919 MiB, 100 %, 566.19 W, 1980 MHz
2026/09/27 23:48:43.867, 4, 78919 MiB, 100 %, 564.52 W, 1980 MHz
2026/09/27 23:48:43.868, 5, 78919 MiB, 100 %, 564.99 W, 1980 MHz
2026/09/27 23:48:43.869, 6, 78919 MiB, 100 %, 586.66 W, 1980 MHz
2026/09/27 23:48:43.869, 7, 78919 MiB, 100 %, 567.25 W, 1980 MHz
2026/09/27 23:48:44.870, 0, 78919 MiB, 100 %, 575.57 W, 1680 MHz
2026/09/27 23:48:44.871, 1, 78919 MiB, 100 %, 608.79 W, 1980 MHz
2026/09/27 23:48:44.872, 2, 78919 MiB, 100 %, 588.71 W, 1980 MHz
2026/09/27 23:48:44.872, 3, 78919 MiB, 100 %, 597.78 W, 1980 MHz
2026/09/27 23:48:44.873, 4, 78919 MiB, 100 %, 583.79 W, 1980 MHz
2026/09/27 23:48:44.874, 5, 78919 MiB, 100 %, 580.67 W, 1980 MHz
2026/09/27 23:48:44.874, 6, 78919 MiB, 100 %, 610.07 W, 1980 MHz
2026/09/27 23:48:44.875, 7, 78919 MiB, 100 %, 570.80 W, 1980 MHz
2026/09/27 23:48:45.876, 0, 78919 MiB, 100 %, 585.03 W, 1680 MHz
2026/09/27 23:48:45.877, 1, 78919 MiB, 100 %, 619.24 W, 1980 MHz
2026/09/27 23:48:45.877, 2, 78919 MiB, 100 %, 602.05 W, 1980 MHz
2026/09/27 23:48:45.878, 3, 78919 MiB, 100 %, 579.94 W, 1980 MHz
2026/09/27 23:48:45.879, 4, 78919 MiB, 100 %, 606.74 W, 1980 MHz
2026/09/27 23:48:45.879, 5, 78919 MiB, 100 %, 610.20 W, 1980 MHz
2026/09/27 23:48:45.880, 6, 78919 MiB, 100 %, 617.29 W, 1980 MHz
2026/09/27 23:48:45.881, 7, 78919 MiB, 100 %, 586.87 W, 1980 MHz
2026/09/27 23:48:46.881, 0, 78919 MiB, 100 %, 569.82 W, 1590 MHz
2026/09/27 23:48:46.882, 1, 78919 MiB, 100 %, 616.64 W, 1980 MHz
2026/09/27 23:48:46.883, 2, 78919 MiB, 100 %, 617.39 W, 1980 MHz
2026/09/27 23:48:46.884, 3, 78919 MiB, 100 %, 602.81 W, 1980 MHz
2026/09/27 23:48:46.884, 4, 78919 MiB, 100 %, 579.13 W, 1980 MHz
2026/09/27 23:48:46.885, 5, 78919 MiB, 100 %, 590.10 W, 1980 MHz
2026/09/27 23:48:46.886, 6, 78919 MiB, 100 %, 618.59 W, 1980 MHz
2026/09/27 23:48:46.886, 7, 78919 MiB, 100 %, 580.89 W, 1980 MHz
2026/09/27 23:48:47.887, 0, 78919 MiB, 100 %, 550.33 W, 1500 MHz
2026/09/27 23:48:47.888, 1, 78919 MiB, 100 %, 610.06 W, 1980 MHz
2026/09/27 23:48:47.889, 2, 78919 MiB, 100 %, 600.52 W, 1980 MHz
2026/09/27 23:48:47.889, 3, 78919 MiB, 100 %, 600.57 W, 1980 MHz
2026/09/27 23:48:47.890, 4, 78919 MiB, 100 %, 576.92 W, 1980 MHz
2026/09/27 23:48:47.891, 5, 78919 MiB, 100 %, 603.52 W, 1965 MHz
2026/09/27 23:48:47.891, 6, 78919 MiB, 100 %, 605.53 W, 1980 MHz
2026/09/27 23:48:47.892, 7, 78919 MiB, 100 %, 589.04 W, 1980 MHz
2026/09/27 23:48:48.893, 0, 78919 MiB, 100 %, 539.88 W, 1440 MHz
2026/09/27 23:48:48.894, 1, 78919 MiB, 100 %, 617.74 W, 1980 MHz
2026/09/27 23:48:48.895, 2, 78919 MiB, 100 %, 599.11 W, 1980 MHz
2026/09/27 23:48:48.896, 3, 78919 MiB, 100 %, 604.35 W, 1980 MHz
2026/09/27 23:48:48.896, 4, 78919 MiB, 100 %, 593.41 W, 1980 MHz
2026/09/27 23:48:48.897, 5, 78919 MiB, 100 %, 614.92 W, 1980 MHz
2026/09/27 23:48:48.898, 6, 78919 MiB, 100 %, 607.68 W, 1965 MHz
2026/09/27 23:48:48.898, 7, 78919 MiB, 100 %, 598.45 W, 1980 MHz
2026/09/27 23:48:49.899, 0, 78919 MiB, 100 %, 547.79 W, 1425 MHz
2026/09/27 23:48:49.900, 1, 78919 MiB, 100 %, 624.45 W, 1980 MHz
2026/09/27 23:48:49.902, 2, 78919 MiB, 100 %, 615.34 W, 1965 MHz
2026/09/27 23:48:49.904, 3, 78919 MiB, 100 %, 613.35 W, 1980 MHz
2026/09/27 23:48:49.905, 4, 78919 MiB, 100 %, 591.64 W, 1980 MHz
2026/09/27 23:48:49.907, 5, 78919 MiB, 100 %, 620.51 W, 1980 MHz
2026/09/27 23:48:49.909, 6, 78919 MiB, 100 %, 617.67 W, 1980 MHz
2026/09/27 23:48:49.910, 7, 78919 MiB, 100 %, 606.84 W, 1980 MHz
2026/09/27 23:48:50.912, 0, 78919 MiB, 100 %, 536.28 W, 1335 MHz
2026/09/27 23:48:50.913, 1, 78919 MiB, 100 %, 625.16 W, 1980 MHz
2026/09/27 23:48:50.914, 2, 78919 MiB, 100 %, 605.27 W, 1980 MHz
2026/09/27 23:48:50.915, 3, 78919 MiB, 100 %, 604.74 W, 1980 MHz
2026/09/27 23:48:50.915, 4, 78919 MiB, 100 %, 586.84 W, 1980 MHz
2026/09/27 23:48:50.916, 5, 78919 MiB, 100 %, 615.59 W, 1965 MHz
2026/09/27 23:48:50.917, 6, 78919 MiB, 100 %, 612.03 W, 1965 MHz
2026/09/27 23:48:50.917, 7, 78919 MiB, 100 %, 604.60 W, 1980 MHz
2026/09/27 23:48:51.918, 0, 78919 MiB, 100 %, 473.96 W, 1350 MHz
2026/09/27 23:48:51.919, 1, 78919 MiB, 100 %, 605.93 W, 1980 MHz
2026/09/27 23:48:51.920, 2, 78919 MiB, 100 %, 589.97 W, 1980 MHz
2026/09/27 23:48:51.921, 3, 78919 MiB, 100 %, 588.63 W, 1980 MHz
2026/09/27 23:48:51.921, 4, 78919 MiB, 100 %, 578.93 W, 1980 MHz
2026/09/27 23:48:51.922, 5, 78919 MiB, 100 %, 597.71 W, 1965 MHz
2026/09/27 23:48:51.922, 6, 78919 MiB, 100 %, 599.83 W, 1980 MHz
2026/09/27 23:48:51.923, 7, 78919 MiB, 100 %, 582.41 W, 1980 MHz
2026/09/27 23:48:52.924, 0, 78919 MiB, 100 %, 495.64 W, 1365 MHz
2026/09/27 23:48:52.925, 1, 78919 MiB, 100 %, 614.90 W, 1980 MHz
2026/09/27 23:48:52.926, 2, 78919 MiB, 100 %, 600.68 W, 1980 MHz
2026/09/27 23:48:52.926, 3, 78919 MiB, 100 %, 595.12 W, 1965 MHz
2026/09/27 23:48:52.927, 4, 78919 MiB, 100 %, 589.07 W, 1965 MHz
2026/09/27 23:48:52.928, 5, 78919 MiB, 100 %, 608.26 W, 1965 MHz
2026/09/27 23:48:52.928, 6, 78919 MiB, 100 %, 602.40 W, 1965 MHz
2026/09/27 23:48:52.929, 7, 78919 MiB, 100 %, 597.52 W, 1980 MHz
2026/09/27 23:48:53.930, 0, 78919 MiB, 100 %, 523.95 W, 1395 MHz
2026/09/27 23:48:53.931, 1, 78919 MiB, 100 %, 624.68 W, 1980 MHz
2026/09/27 23:48:53.932, 2, 78919 MiB, 100 %, 611.30 W, 1965 MHz
2026/09/27 23:48:53.932, 3, 78919 MiB, 100 %, 610.05 W, 1965 MHz
2026/09/27 23:48:53.933, 4, 78919 MiB, 100 %, 597.81 W, 1980 MHz
2026/09/27 23:48:53.934, 5, 78919 MiB, 100 %, 610.23 W, 1965 MHz
2026/09/27 23:48:53.934, 6, 78919 MiB, 100 %, 620.89 W, 1950 MHz
2026/09/27 23:48:53.935, 7, 78919 MiB, 100 %, 603.93 W, 1980 MHz
2026/09/27 23:48:54.936, 0, 78919 MiB, 100 %, 531.82 W, 1350 MHz
2026/09/27 23:48:54.937, 1, 78919 MiB, 100 %, 629.35 W, 1965 MHz
2026/09/27 23:48:54.938, 2, 78919 MiB, 100 %, 612.73 W, 1965 MHz
2026/09/27 23:48:54.938, 3, 78919 MiB, 100 %, 611.77 W, 1965 MHz
2026/09/27 23:48:54.939, 4, 78919 MiB, 100 %, 601.17 W, 1965 MHz
2026/09/27 23:48:54.940, 5, 78919 MiB, 100 %, 625.27 W, 1950 MHz
2026/09/27 23:48:54.940, 6, 78919 MiB, 100 %, 616.83 W, 1950 MHz
2026/09/27 23:48:54.941, 7, 78919 MiB, 100 %, 609.78 W, 1980 MHz
2026/09/27 23:48:55.942, 0, 78919 MiB, 100 %, 490.61 W, 1560 MHz
2026/09/27 23:48:55.943, 1, 78919 MiB, 100 %, 580.56 W, 1980 MHz
2026/09/27 23:48:55.944, 2, 78919 MiB, 100 %, 566.52 W, 1980 MHz
2026/09/27 23:48:55.944, 3, 78919 MiB, 100 %, 558.46 W, 1980 MHz
2026/09/27 23:48:55.945, 4, 78919 MiB, 100 %, 549.27 W, 1980 MHz
2026/09/27 23:48:55.946, 5, 78919 MiB, 100 %, 559.60 W, 1980 MHz
2026/09/27 23:48:55.946, 6, 78919 MiB, 100 %, 569.28 W, 1980 MHz
2026/09/27 23:48:55.947, 7, 78919 MiB, 100 %, 547.55 W, 1980 MHz
2026/09/27 23:48:56.948, 0, 78919 MiB, 100 %, 512.20 W, 1530 MHz
2026/09/27 23:48:56.949, 1, 78919 MiB, 100 %, 575.49 W, 1980 MHz
2026/09/27 23:48:56.950, 2, 78919 MiB, 100 %, 545.23 W, 1980 MHz
2026/09/27 23:48:56.950, 3, 78919 MiB, 100 %, 539.33 W, 1980 MHz
2026/09/27 23:48:56.951, 4, 78919 MiB, 100 %, 534.39 W, 1980 MHz
2026/09/27 23:48:56.952, 5, 78919 MiB, 100 %, 528.61 W, 1980 MHz
2026/09/27 23:48:56.952, 6, 78919 MiB, 100 %, 558.12 W, 1980 MHz
2026/09/27 23:48:56.953, 7, 78919 MiB, 100 %, 525.98 W, 1980 MHz
2026/09/27 23:48:57.954, 0, 78919 MiB, 100 %, 525.46 W, 1620 MHz
2026/09/27 23:48:57.955, 1, 78919 MiB, 100 %, 574.61 W, 1980 MHz
2026/09/27 23:48:57.956, 2, 78919 MiB, 100 %, 566.85 W, 1980 MHz
2026/09/27 23:48:57.956, 3, 78919 MiB, 100 %, 560.80 W, 1980 MHz
2026/09/27 23:48:57.957, 4, 78919 MiB, 100 %, 547.57 W, 1980 MHz
2026/09/27 23:48:57.958, 5, 78919 MiB, 100 %, 557.53 W, 1980 MHz
2026/09/27 23:48:57.958, 6, 78919 MiB, 100 %, 586.08 W, 1980 MHz
2026/09/27 23:48:57.959, 7, 78919 MiB, 100 %, 545.58 W, 1980 MHz
2026/09/27 23:48:58.960, 0, 78919 MiB, 100 %, 533.80 W, 1575 MHz
2026/09/27 23:48:58.961, 1, 78919 MiB, 100 %, 602.88 W, 1980 MHz
2026/09/27 23:48:58.961, 2, 78919 MiB, 100 %, 583.81 W, 1980 MHz
2026/09/27 23:48:58.962, 3, 78919 MiB, 100 %, 576.85 W, 1980 MHz
2026/09/27 23:48:58.963, 4, 78919 MiB, 100 %, 561.86 W, 1980 MHz
2026/09/27 23:48:58.963, 5, 78919 MiB, 100 %, 570.26 W, 1980 MHz
2026/09/27 23:48:58.964, 6, 78919 MiB, 100 %, 588.16 W, 1980 MHz
2026/09/27 23:48:58.965, 7, 78919 MiB, 100 %, 573.72 W, 1980 MHz
2026/09/27 23:48:59.965, 0, 78919 MiB, 100 %, 543.11 W, 1620 MHz
2026/09/27 23:48:59.966, 1, 78919 MiB, 100 %, 587.42 W, 1980 MHz
2026/09/27 23:48:59.967, 2, 78919 MiB, 100 %, 579.22 W, 1980 MHz
2026/09/27 23:48:59.967, 3, 78919 MiB, 100 %, 599.43 W, 1980 MHz
2026/09/27 23:48:59.968, 4, 78919 MiB, 100 %, 559.21 W, 1980 MHz
2026/09/27 23:48:59.969, 5, 78919 MiB, 100 %, 569.01 W, 1980 MHz
2026/09/27 23:48:59.970, 6, 78919 MiB, 100 %, 608.21 W, 1980 MHz
2026/09/27 23:48:59.970, 7, 78919 MiB, 100 %, 559.98 W, 1980 MHz
2026/09/27 23:49:00.971, 0, 78919 MiB, 100 %, 538.60 W, 1740 MHz
2026/09/27 23:49:00.972, 1, 78919 MiB, 100 %, 626.74 W, 1980 MHz
2026/09/27 23:49:00.973, 2, 78919 MiB, 100 %, 602.58 W, 1980 MHz
2026/09/27 23:49:00.973, 3, 78919 MiB, 100 %, 584.33 W, 1980 MHz
2026/09/27 23:49:00.974, 4, 78919 MiB, 100 %, 583.94 W, 1980 MHz
2026/09/27 23:49:00.975, 5, 78919 MiB, 100 %, 601.78 W, 1980 MHz
2026/09/27 23:49:00.975, 6, 78919 MiB, 100 %, 591.21 W, 1980 MHz
2026/09/27 23:49:00.976, 7, 78919 MiB, 100 %, 591.57 W, 1980 MHz
2026/09/27 23:49:01.977, 0, 78919 MiB, 100 %, 574.68 W, 1485 MHz
2026/09/27 23:49:01.978, 1, 78919 MiB, 100 %, 636.82 W, 1980 MHz
2026/09/27 23:49:01.978, 2, 78919 MiB, 100 %, 617.57 W, 1980 MHz
2026/09/27 23:49:01.979, 3, 78919 MiB, 100 %, 596.65 W, 1980 MHz
2026/09/27 23:49:01.980, 4, 78919 MiB, 100 %, 598.39 W, 1980 MHz
2026/09/27 23:49:01.980, 5, 78919 MiB, 100 %, 617.88 W, 1980 MHz
2026/09/27 23:49:01.981, 6, 78919 MiB, 100 %, 613.21 W, 1980 MHz
2026/09/27 23:49:01.982, 7, 78919 MiB, 100 %, 605.61 W, 1980 MHz
2026/09/27 23:49:02.982, 0, 78919 MiB, 100 %, 516.31 W, 1425 MHz
2026/09/27 23:49:02.984, 1, 78919 MiB, 100 %, 609.95 W, 1980 MHz
2026/09/27 23:49:02.985, 2, 78919 MiB, 100 %, 602.67 W, 1980 MHz
2026/09/27 23:49:02.985, 3, 78919 MiB, 100 %, 584.64 W, 1980 MHz
2026/09/27 23:49:02.986, 4, 78919 MiB, 100 %, 577.59 W, 1980 MHz
2026/09/27 23:49:02.987, 5, 78919 MiB, 100 %, 605.94 W, 1980 MHz
2026/09/27 23:49:02.987, 6, 78919 MiB, 100 %, 604.31 W, 1980 MHz
2026/09/27 23:49:02.988, 7, 78919 MiB, 100 %, 585.66 W, 1980 MHz
2026/09/27 23:49:03.989, 0, 78919 MiB, 100 %, 506.37 W, 1455 MHz
2026/09/27 23:49:03.990, 1, 78919 MiB, 100 %, 609.83 W, 1980 MHz
2026/09/27 23:49:03.991, 2, 78919 MiB, 100 %, 596.71 W, 1980 MHz
2026/09/27 23:49:03.991, 3, 78919 MiB, 100 %, 588.32 W, 1980 MHz
2026/09/27 23:49:03.992, 4, 78919 MiB, 100 %, 588.53 W, 1980 MHz
2026/09/27 23:49:03.993, 5, 78919 MiB, 100 %, 603.16 W, 1980 MHz
2026/09/27 23:49:03.993, 6, 78919 MiB, 100 %, 605.94 W, 1965 MHz
2026/09/27 23:49:03.994, 7, 78919 MiB, 100 %, 592.86 W, 1980 MHz
2026/09/27 23:49:04.995, 0, 78919 MiB, 100 %, 527.51 W, 1410 MHz
2026/09/27 23:49:04.996, 1, 78919 MiB, 100 %, 619.76 W, 1965 MHz
2026/09/27 23:49:04.996, 2, 78919 MiB, 100 %, 611.42 W, 1965 MHz
2026/09/27 23:49:04.997, 3, 78919 MiB, 100 %, 605.02 W, 1980 MHz
2026/09/27 23:49:04.997, 4, 78919 MiB, 100 %, 592.18 W, 1965 MHz
2026/09/27 23:49:04.998, 5, 78919 MiB, 100 %, 625.60 W, 1950 MHz
2026/09/27 23:49:04.999, 6, 78919 MiB, 100 %, 613.13 W, 1980 MHz
2026/09/27 23:49:04.999, 7, 78919 MiB, 100 %, 597.49 W, 1980 MHz
2026/09/27 23:49:06.000, 0, 78919 MiB, 100 %, 536.67 W, 1530 MHz
2026/09/27 23:49:06.001, 1, 78919 MiB, 100 %, 628.33 W, 1965 MHz
2026/09/27 23:49:06.002, 2, 78919 MiB, 100 %, 617.57 W, 1965 MHz
2026/09/27 23:49:06.002, 3, 78919 MiB, 100 %, 605.96 W, 1980 MHz
2026/09/27 23:49:06.003, 4, 78919 MiB, 100 %, 606.21 W, 1965 MHz
2026/09/27 23:49:06.004, 5, 78919 MiB, 100 %, 617.20 W, 1965 MHz
2026/09/27 23:49:06.004, 6, 78919 MiB, 100 %, 618.12 W, 1965 MHz
2026/09/27 23:49:06.005, 7, 78919 MiB, 100 %, 600.35 W, 1980 MHz
2026/09/27 23:49:07.006, 0, 78919 MiB, 100 %, 488.25 W, 1395 MHz
2026/09/27 23:49:07.007, 1, 78919 MiB, 100 %, 607.07 W, 1980 MHz
2026/09/27 23:49:07.007, 2, 78919 MiB, 100 %, 591.87 W, 1965 MHz
2026/09/27 23:49:07.008, 3, 78919 MiB, 100 %, 600.48 W, 1980 MHz
2026/09/27 23:49:07.009, 4, 78919 MiB, 100 %, 587.89 W, 1980 MHz
2026/09/27 23:49:07.009, 5, 78919 MiB, 100 %, 605.96 W, 1980 MHz
2026/09/27 23:49:07.010, 6, 78919 MiB, 100 %, 603.98 W, 1980 MHz
2026/09/27 23:49:07.011, 7, 78919 MiB, 100 %, 586.38 W, 1980 MHz
2026/09/27 23:49:08.011, 0, 78919 MiB, 100 %, 494.80 W, 1425 MHz
2026/09/27 23:49:08.012, 1, 78919 MiB, 100 %, 615.14 W, 1980 MHz
2026/09/27 23:49:08.013, 2, 78919 MiB, 100 %, 601.19 W, 1980 MHz
2026/09/27 23:49:08.014, 3, 78919 MiB, 100 %, 596.11 W, 1980 MHz
2026/09/27 23:49:08.015, 4, 78919 MiB, 100 %, 594.02 W, 1980 MHz
2026/09/27 23:49:08.015, 5, 78919 MiB, 100 %, 613.42 W, 1965 MHz
2026/09/27 23:49:08.016, 6, 78919 MiB, 100 %, 607.24 W, 1965 MHz
2026/09/27 23:49:08.017, 7, 78919 MiB, 100 %, 594.12 W, 1980 MHz
2026/09/27 23:49:09.017, 0, 78919 MiB, 100 %, 506.73 W, 1410 MHz
2026/09/27 23:49:09.018, 1, 78919 MiB, 100 %, 613.86 W, 1980 MHz
2026/09/27 23:49:09.019, 2, 78919 MiB, 100 %, 612.22 W, 1920 MHz
2026/09/27 23:49:09.020, 3, 78919 MiB, 100 %, 606.28 W, 1980 MHz
2026/09/27 23:49:09.021, 4, 78919 MiB, 100 %, 595.28 W, 1980 MHz
2026/09/27 23:49:09.021, 5, 78919 MiB, 100 %, 616.45 W, 1980 MHz
2026/09/27 23:49:09.022, 6, 78919 MiB, 100 %, 608.44 W, 1980 MHz
2026/09/27 23:49:09.022, 7, 78919 MiB, 100 %, 598.14 W, 1980 MHz
2026/09/27 23:49:10.023, 0, 78919 MiB, 100 %, 518.20 W, 1500 MHz
2026/09/27 23:49:10.024, 1, 78919 MiB, 100 %, 630.49 W, 1980 MHz
2026/09/27 23:49:10.025, 2, 78919 MiB, 100 %, 614.47 W, 1965 MHz
2026/09/27 23:49:10.026, 3, 78919 MiB, 100 %, 609.36 W, 1950 MHz
2026/09/27 23:49:10.027, 4, 78919 MiB, 100 %, 602.21 W, 1965 MHz
2026/09/27 23:49:10.027, 5, 78919 MiB, 100 %, 611.70 W, 1965 MHz
2026/09/27 23:49:10.028, 6, 78919 MiB, 100 %, 619.20 W, 1965 MHz
2026/09/27 23:49:10.029, 7, 78919 MiB, 100 %, 609.27 W, 1980 MHz
2026/09/27 23:49:11.029, 0, 78919 MiB, 100 %, 536.78 W, 1740 MHz
2026/09/27 23:49:11.030, 1, 78919 MiB, 100 %, 585.19 W, 1980 MHz
2026/09/27 23:49:11.031, 2, 78919 MiB, 100 %, 553.53 W, 1980 MHz
2026/09/27 23:49:11.032, 3, 78919 MiB, 100 %, 540.76 W, 1980 MHz
2026/09/27 23:49:11.033, 4, 78919 MiB, 100 %, 540.61 W, 1980 MHz
2026/09/27 23:49:11.033, 5, 78919 MiB, 100 %, 542.98 W, 1980 MHz
2026/09/27 23:49:11.034, 6, 78919 MiB, 100 %, 570.48 W, 1980 MHz
2026/09/27 23:49:11.035, 7, 78919 MiB, 100 %, 545.99 W, 1980 MHz
2026/09/27 23:49:12.036, 0, 78919 MiB, 100 %, 538.64 W, 1725 MHz
2026/09/27 23:49:12.037, 1, 78919 MiB, 100 %, 582.97 W, 1980 MHz
2026/09/27 23:49:12.037, 2, 78919 MiB, 100 %, 557.21 W, 1980 MHz
2026/09/27 23:49:12.038, 3, 78919 MiB, 100 %, 555.43 W, 1980 MHz
2026/09/27 23:49:12.039, 4, 78919 MiB, 100 %, 547.70 W, 1980 MHz
2026/09/27 23:49:12.039, 5, 78919 MiB, 100 %, 548.92 W, 1980 MHz
2026/09/27 23:49:12.040, 6, 78919 MiB, 100 %, 575.43 W, 1980 MHz
2026/09/27 23:49:12.041, 7, 78919 MiB, 100 %, 554.79 W, 1980 MHz
2026/09/27 23:49:13.041, 0, 78919 MiB, 100 %, 544.11 W, 1860 MHz
2026/09/27 23:49:13.042, 1, 78919 MiB, 100 %, 590.93 W, 1980 MHz
2026/09/27 23:49:13.043, 2, 78919 MiB, 100 %, 575.50 W, 1980 MHz
2026/09/27 23:49:13.044, 3, 78919 MiB, 100 %, 574.92 W, 1980 MHz
2026/09/27 23:49:13.044, 4, 78919 MiB, 100 %, 564.29 W, 1980 MHz
2026/09/27 23:49:13.045, 5, 78919 MiB, 100 %, 568.47 W, 1980 MHz
2026/09/27 23:49:13.046, 6, 78919 MiB, 100 %, 594.98 W, 1980 MHz
2026/09/27 23:49:13.046, 7, 78919 MiB, 100 %, 562.45 W, 1980 MHz
2026/09/27 23:49:14.047, 0, 78919 MiB, 100 %, 529.66 W, 1515 MHz
2026/09/27 23:49:14.048, 1, 78919 MiB, 100 %, 588.77 W, 1980 MHz
2026/09/27 23:49:14.049, 2, 78919 MiB, 100 %, 572.26 W, 1980 MHz
2026/09/27 23:49:14.050, 3, 78919 MiB, 100 %, 585.88 W, 1980 MHz
2026/09/27 23:49:14.051, 4, 78919 MiB, 100 %, 557.79 W, 1980 MHz
2026/09/27 23:49:14.051, 5, 78919 MiB, 100 %, 580.21 W, 1980 MHz
2026/09/27 23:49:14.052, 6, 78919 MiB, 100 %, 594.84 W, 1980 MHz
2026/09/27 23:49:14.052, 7, 78919 MiB, 100 %, 566.47 W, 1980 MHz
2026/09/27 23:49:15.053, 0, 78919 MiB, 100 %, 542.91 W, 1560 MHz
2026/09/27 23:49:15.054, 1, 78919 MiB, 100 %, 586.00 W, 1980 MHz
2026/09/27 23:49:15.055, 2, 78919 MiB, 100 %, 586.01 W, 1980 MHz
2026/09/27 23:49:15.056, 3, 78919 MiB, 100 %, 590.42 W, 1980 MHz
2026/09/27 23:49:15.056, 4, 78919 MiB, 100 %, 571.65 W, 1980 MHz
2026/09/27 23:49:15.057, 5, 78919 MiB, 100 %, 583.53 W, 1980 MHz
2026/09/27 23:49:15.057, 6, 78919 MiB, 100 %, 601.26 W, 1980 MHz
2026/09/27 23:49:15.058, 7, 78919 MiB, 100 %, 563.59 W, 1980 MHz
2026/09/27 23:49:16.059, 0, 78919 MiB, 100 %, 533.84 W, 1515 MHz
2026/09/27 23:49:16.060, 1, 78919 MiB, 100 %, 606.81 W, 1980 MHz
2026/09/27 23:49:16.061, 2, 78919 MiB, 100 %, 601.10 W, 1980 MHz
2026/09/27 23:49:16.061, 3, 78919 MiB, 100 %, 596.05 W, 1980 MHz
2026/09/27 23:49:16.062, 4, 78919 MiB, 100 %, 594.40 W, 1980 MHz
2026/09/27 23:49:16.063, 5, 78919 MiB, 100 %, 601.62 W, 1980 MHz
2026/09/27 23:49:16.063, 6, 78919 MiB, 100 %, 601.63 W, 1980 MHz
2026/09/27 23:49:16.064, 7, 78919 MiB, 100 %, 585.80 W, 1980 MHz
2026/09/27 23:49:17.065, 0, 78919 MiB, 100 %, 547.42 W, 1455 MHz
2026/09/27 23:49:17.066, 1, 78919 MiB, 100 %, 617.15 W, 1980 MHz
2026/09/27 23:49:17.067, 2, 78919 MiB, 100 %, 606.39 W, 1965 MHz
2026/09/27 23:49:17.067, 3, 78919 MiB, 100 %, 601.94 W, 1980 MHz
2026/09/27 23:49:17.068, 4, 78919 MiB, 100 %, 589.51 W, 1980 MHz
2026/09/27 23:49:17.069, 5, 78919 MiB, 100 %, 615.22 W, 1980 MHz
2026/09/27 23:49:17.069, 6, 78919 MiB, 100 %, 609.41 W, 1980 MHz
2026/09/27 23:49:17.070, 7, 78919 MiB, 100 %, 597.35 W, 1980 MHz
2026/09/27 23:49:18.071, 0, 78919 MiB, 100 %, 554.01 W, 1515 MHz
2026/09/27 23:49:18.072, 1, 78919 MiB, 100 %, 622.71 W, 1980 MHz
2026/09/27 23:49:18.072, 2, 78919 MiB, 100 %, 611.43 W, 1980 MHz
2026/09/27 23:49:18.073, 3, 78919 MiB, 100 %, 605.60 W, 1980 MHz
2026/09/27 23:49:18.074, 4, 78919 MiB, 100 %, 593.56 W, 1980 MHz
2026/09/27 23:49:18.074, 5, 78919 MiB, 100 %, 617.10 W, 1980 MHz
2026/09/27 23:49:18.075, 6, 78919 MiB, 100 %, 618.53 W, 1980 MHz
2026/09/27 23:49:18.076, 7, 78919 MiB, 100 %, 602.72 W, 1980 MHz
2026/09/27 23:49:19.076, 0, 78919 MiB, 100 %, 545.90 W, 1350 MHz
2026/09/27 23:49:19.077, 1, 78919 MiB, 100 %, 626.11 W, 1980 MHz
2026/09/27 23:49:19.078, 2, 78919 MiB, 100 %, 612.18 W, 1980 MHz
2026/09/27 23:49:19.079, 3, 78919 MiB, 100 %, 607.02 W, 1980 MHz
2026/09/27 23:49:19.080, 4, 78919 MiB, 100 %, 598.54 W, 1980 MHz
2026/09/27 23:49:19.081, 5, 78919 MiB, 100 %, 623.09 W, 1980 MHz
2026/09/27 23:49:19.081, 6, 78919 MiB, 100 %, 615.62 W, 1980 MHz
2026/09/27 23:49:19.082, 7, 78919 MiB, 100 %, 603.15 W, 1980 MHz
2026/09/27 23:49:20.083, 0, 78919 MiB, 100 %, 512.15 W, 1425 MHz
2026/09/27 23:49:20.084, 1, 78919 MiB, 100 %, 613.10 W, 1980 MHz
2026/09/27 23:49:20.085, 2, 78919 MiB, 100 %, 614.00 W, 1965 MHz
2026/09/27 23:49:20.085, 3, 78919 MiB, 100 %, 601.87 W, 1980 MHz
2026/09/27 23:49:20.086, 4, 78919 MiB, 100 %, 591.16 W, 1980 MHz
2026/09/27 23:49:20.087, 5, 78919 MiB, 100 %, 606.23 W, 1980 MHz
2026/09/27 23:49:20.087, 6, 78919 MiB, 100 %, 614.76 W, 1980 MHz
2026/09/27 23:49:20.088, 7, 78919 MiB, 100 %, 598.41 W, 1980 MHz
2026/09/27 23:49:21.089, 0, 78919 MiB, 100 %, 523.20 W, 1485 MHz
2026/09/27 23:49:21.090, 1, 78919 MiB, 100 %, 615.11 W, 1965 MHz
2026/09/27 23:49:21.090, 2, 78919 MiB, 100 %, 607.55 W, 1965 MHz
2026/09/27 23:49:21.091, 3, 78919 MiB, 100 %, 603.82 W, 1980 MHz
2026/09/27 23:49:21.092, 4, 78919 MiB, 100 %, 587.86 W, 1980 MHz
2026/09/27 23:49:21.092, 5, 78919 MiB, 100 %, 618.47 W, 1980 MHz
2026/09/27 23:49:21.093, 6, 78919 MiB, 100 %, 621.24 W, 1965 MHz
2026/09/27 23:49:21.094, 7, 78919 MiB, 100 %, 602.61 W, 1980 MHz
2026/09/27 23:49:22.094, 0, 78919 MiB, 100 %, 530.86 W, 1485 MHz
2026/09/27 23:49:22.095, 1, 78919 MiB, 100 %, 620.88 W, 1980 MHz
2026/09/27 23:49:22.096, 2, 78919 MiB, 100 %, 619.67 W, 1980 MHz
2026/09/27 23:49:22.097, 3, 78919 MiB, 100 %, 605.31 W, 1965 MHz
2026/09/27 23:49:22.097, 4, 78919 MiB, 100 %, 604.72 W, 1980 MHz
2026/09/27 23:49:22.098, 5, 78919 MiB, 100 %, 620.55 W, 1965 MHz
2026/09/27 23:49:22.099, 6, 78919 MiB, 100 %, 619.86 W, 1965 MHz
2026/09/27 23:49:22.099, 7, 78919 MiB, 100 %, 603.29 W, 1980 MHz
2026/09/27 23:49:23.100, 0, 78919 MiB, 100 %, 550.42 W, 1665 MHz
2026/09/27 23:49:23.101, 1, 78919 MiB, 100 %, 636.45 W, 1965 MHz
2026/09/27 23:49:23.102, 2, 78919 MiB, 100 %, 623.59 W, 1965 MHz
2026/09/27 23:49:23.102, 3, 78919 MiB, 100 %, 620.28 W, 1980 MHz
2026/09/27 23:49:23.103, 4, 78919 MiB, 100 %, 610.47 W, 1980 MHz
2026/09/27 23:49:23.104, 5, 78919 MiB, 100 %, 622.32 W, 1965 MHz
2026/09/27 23:49:23.104, 6, 78919 MiB, 100 %, 627.95 W, 1965 MHz
2026/09/27 23:49:23.105, 7, 78919 MiB, 100 %, 614.29 W, 1965 MHz
2026/09/27 23:49:24.106, 0, 78919 MiB, 100 %, 506.27 W, 1350 MHz
2026/09/27 23:49:24.107, 1, 78919 MiB, 100 %, 619.55 W, 1965 MHz
2026/09/27 23:49:24.108, 2, 78919 MiB, 100 %, 607.10 W, 1965 MHz
2026/09/27 23:49:24.108, 3, 78919 MiB, 100 %, 604.59 W, 1965 MHz
2026/09/27 23:49:24.109, 4, 78919 MiB, 100 %, 598.26 W, 1965 MHz
2026/09/27 23:49:24.110, 5, 78919 MiB, 100 %, 603.76 W, 1965 MHz
2026/09/27 23:49:24.110, 6, 78919 MiB, 100 %, 610.05 W, 1965 MHz
2026/09/27 23:49:24.111, 7, 78919 MiB, 100 %, 597.29 W, 1980 MHz
2026/09/27 23:49:25.112, 0, 78919 MiB, 100 %, 478.86 W, 1785 MHz
2026/09/27 23:49:25.113, 1, 78919 MiB, 100 %, 601.13 W, 1980 MHz
2026/09/27 23:49:25.114, 2, 78919 MiB, 100 %, 572.80 W, 1980 MHz
2026/09/27 23:49:25.114, 3, 78919 MiB, 100 %, 570.39 W, 1980 MHz
2026/09/27 23:49:25.115, 4, 78919 MiB, 100 %, 559.00 W, 1980 MHz
2026/09/27 23:49:25.116, 5, 78919 MiB, 100 %, 575.84 W, 1980 MHz
2026/09/27 23:49:25.116, 6, 78919 MiB, 100 %, 575.66 W, 1980 MHz
2026/09/27 23:49:25.117, 7, 78919 MiB, 100 %, 569.45 W, 1980 MHz
2026/09/27 23:49:26.118, 0, 78919 MiB, 100 %, 504.05 W, 1710 MHz
2026/09/27 23:49:26.119, 1, 78919 MiB, 100 %, 565.10 W, 1980 MHz
2026/09/27 23:49:26.119, 2, 78919 MiB, 100 %, 545.07 W, 1980 MHz
2026/09/27 23:49:26.120, 3, 78919 MiB, 100 %, 541.97 W, 1980 MHz
2026/09/27 23:49:26.121, 4, 78919 MiB, 100 %, 539.58 W, 1980 MHz
2026/09/27 23:49:26.121, 5, 78919 MiB, 100 %, 555.16 W, 1980 MHz
2026/09/27 23:49:26.122, 6, 78919 MiB, 100 %, 555.07 W, 1980 MHz
2026/09/27 23:49:26.123, 7, 78919 MiB, 100 %, 535.37 W, 1980 MHz
2026/09/27 23:49:27.123, 0, 78919 MiB, 100 %, 527.76 W, 1620 MHz
2026/09/27 23:49:27.124, 1, 78919 MiB, 100 %, 582.42 W, 1980 MHz
2026/09/27 23:49:27.125, 2, 78919 MiB, 100 %, 564.09 W, 1980 MHz
2026/09/27 23:49:27.126, 3, 78919 MiB, 100 %, 559.98 W, 1980 MHz
2026/09/27 23:49:27.126, 4, 78919 MiB, 100 %, 552.16 W, 1980 MHz
2026/09/27 23:49:27.127, 5, 78919 MiB, 100 %, 560.46 W, 1980 MHz
2026/09/27 23:49:27.128, 6, 78919 MiB, 100 %, 574.93 W, 1980 MHz
2026/09/27 23:49:27.129, 7, 78919 MiB, 100 %, 553.30 W, 1980 MHz
2026/09/27 23:49:28.129, 0, 78919 MiB, 100 %, 534.44 W, 1620 MHz
2026/09/27 23:49:28.130, 1, 78919 MiB, 100 %, 601.44 W, 1980 MHz
2026/09/27 23:49:28.131, 2, 78919 MiB, 100 %, 570.94 W, 1980 MHz
2026/09/27 23:49:28.132, 3, 78919 MiB, 100 %, 567.98 W, 1980 MHz
2026/09/27 23:49:28.132, 4, 78919 MiB, 100 %, 563.16 W, 1980 MHz
2026/09/27 23:49:28.133, 5, 78919 MiB, 100 %, 576.64 W, 1980 MHz
2026/09/27 23:49:28.134, 6, 78919 MiB, 100 %, 582.06 W, 1980 MHz
2026/09/27 23:49:28.134, 7, 78919 MiB, 100 %, 565.22 W, 1980 MHz
2026/09/27 23:49:29.135, 0, 78919 MiB, 100 %, 519.01 W, 1530 MHz
2026/09/27 23:49:29.136, 1, 78919 MiB, 100 %, 597.59 W, 1980 MHz
2026/09/27 23:49:29.136, 2, 78919 MiB, 100 %, 581.98 W, 1980 MHz
2026/09/27 23:49:29.137, 3, 78919 MiB, 100 %, 578.16 W, 1980 MHz
2026/09/27 23:49:29.138, 4, 78919 MiB, 100 %, 585.01 W, 1980 MHz
2026/09/27 23:49:29.138, 5, 78919 MiB, 100 %, 590.69 W, 1980 MHz
2026/09/27 23:49:29.139, 6, 78919 MiB, 100 %, 592.98 W, 1980 MHz
2026/09/27 23:49:29.140, 7, 78919 MiB, 100 %, 563.67 W, 1980 MHz
2026/09/27 23:49:30.140, 0, 78919 MiB, 100 %, 522.68 W, 1635 MHz
2026/09/27 23:49:30.141, 1, 78919 MiB, 100 %, 624.07 W, 1980 MHz
2026/09/27 23:49:30.142, 2, 78919 MiB, 100 %, 591.59 W, 1980 MHz
2026/09/27 23:49:30.143, 3, 78919 MiB, 100 %, 583.09 W, 1980 MHz
2026/09/27 23:49:30.144, 4, 78919 MiB, 100 %, 602.70 W, 1980 MHz
2026/09/27 23:49:30.144, 5, 78919 MiB, 100 %, 606.83 W, 1980 MHz
2026/09/27 23:49:30.145, 6, 78919 MiB, 100 %, 588.27 W, 1980 MHz
2026/09/27 23:49:30.146, 7, 78919 MiB, 100 %, 600.09 W, 1980 MHz
2026/09/27 23:49:31.146, 0, 78919 MiB, 100 %, 537.14 W, 1455 MHz
2026/09/27 23:49:31.147, 1, 78919 MiB, 100 %, 617.34 W, 1980 MHz
2026/09/27 23:49:31.148, 2, 78919 MiB, 100 %, 601.53 W, 1980 MHz
2026/09/27 23:49:31.148, 3, 78919 MiB, 100 %, 594.27 W, 1980 MHz
2026/09/27 23:49:31.149, 4, 78919 MiB, 100 %, 585.15 W, 1980 MHz
2026/09/27 23:49:31.150, 5, 78919 MiB, 100 %, 599.23 W, 1980 MHz
2026/09/27 23:49:31.150, 6, 78919 MiB, 100 %, 611.26 W, 1980 MHz
2026/09/27 23:49:31.151, 7, 78919 MiB, 100 %, 597.24 W, 1980 MHz
2026/09/27 23:49:32.152, 0, 78919 MiB, 100 %, 519.44 W, 1500 MHz
2026/09/27 23:49:32.153, 1, 78919 MiB, 100 %, 618.23 W, 1980 MHz
2026/09/27 23:49:32.154, 2, 78919 MiB, 100 %, 594.91 W, 1980 MHz
2026/09/27 23:49:32.154, 3, 78919 MiB, 100 %, 602.43 W, 1980 MHz
2026/09/27 23:49:32.155, 4, 78919 MiB, 100 %, 589.34 W, 1980 MHz
2026/09/27 23:49:32.156, 5, 78919 MiB, 100 %, 614.78 W, 1980 MHz
2026/09/27 23:49:32.157, 6, 78919 MiB, 100 %, 601.69 W, 1980 MHz
2026/09/27 23:49:32.157, 7, 78919 MiB, 100 %, 597.51 W, 1980 MHz
2026/09/27 23:49:33.158, 0, 78919 MiB, 100 %, 524.24 W, 1395 MHz
2026/09/27 23:49:33.159, 1, 78919 MiB, 100 %, 613.60 W, 1980 MHz
2026/09/27 23:49:33.159, 2, 78919 MiB, 100 %, 609.23 W, 1980 MHz
2026/09/27 23:49:33.160, 3, 78919 MiB, 100 %, 606.55 W, 1980 MHz
2026/09/27 23:49:33.161, 4, 78919 MiB, 100 %, 588.33 W, 1980 MHz
2026/09/27 23:49:33.161, 5, 78919 MiB, 100 %, 609.95 W, 1980 MHz
2026/09/27 23:49:33.162, 6, 78919 MiB, 100 %, 612.79 W, 1980 MHz
2026/09/27 23:49:33.163, 7, 78919 MiB, 100 %, 588.55 W, 1980 MHz
2026/09/27 23:49:34.163, 0, 78919 MiB, 100 %, 525.51 W, 1575 MHz
2026/09/27 23:49:34.164, 1, 78919 MiB, 100 %, 618.99 W, 1980 MHz
2026/09/27 23:49:34.165, 2, 78919 MiB, 100 %, 613.29 W, 1950 MHz
2026/09/27 23:49:34.166, 3, 78919 MiB, 100 %, 597.62 W, 1980 MHz
2026/09/27 23:49:34.166, 4, 78919 MiB, 100 %, 596.81 W, 1980 MHz
2026/09/27 23:49:34.167, 5, 78919 MiB, 100 %, 611.62 W, 1980 MHz
2026/09/27 23:49:34.168, 6, 78919 MiB, 100 %, 610.16 W, 1980 MHz
2026/09/27 23:49:34.168, 7, 78919 MiB, 100 %, 599.76 W, 1980 MHz
2026/09/27 23:49:35.169, 0, 78919 MiB, 100 %, 539.23 W, 1530 MHz
2026/09/27 23:49:35.170, 1, 78919 MiB, 100 %, 622.89 W, 1980 MHz
2026/09/27 23:49:35.171, 2, 78919 MiB, 100 %, 607.39 W, 1965 MHz
2026/09/27 23:49:35.172, 3, 78919 MiB, 100 %, 609.32 W, 1965 MHz
2026/09/27 23:49:35.172, 4, 78919 MiB, 100 %, 599.92 W, 1980 MHz
2026/09/27 23:49:35.173, 5, 78919 MiB, 100 %, 617.82 W, 1965 MHz
2026/09/27 23:49:35.174, 6, 78919 MiB, 100 %, 614.71 W, 1980 MHz
2026/09/27 23:49:35.174, 7, 78919 MiB, 100 %, 604.17 W, 1980 MHz
2026/09/27 23:49:36.175, 0, 78919 MiB, 100 %, 557.58 W, 1545 MHz
2026/09/27 23:49:36.176, 1, 78919 MiB, 100 %, 633.13 W, 1965 MHz
2026/09/27 23:49:36.176, 2, 78919 MiB, 100 %, 624.06 W, 1965 MHz
2026/09/27 23:49:36.177, 3, 78919 MiB, 100 %, 615.91 W, 1965 MHz
2026/09/27 23:49:36.178, 4, 78919 MiB, 100 %, 604.18 W, 1965 MHz
2026/09/27 23:49:36.178, 5, 78919 MiB, 100 %, 623.58 W, 1980 MHz
2026/09/27 23:49:36.179, 6, 78919 MiB, 100 %, 617.53 W, 1965 MHz
2026/09/27 23:49:36.180, 7, 78919 MiB, 100 %, 612.38 W, 1965 MHz
2026/09/27 23:49:37.180, 0, 78919 MiB, 100 %, 482.24 W, 1395 MHz
2026/09/27 23:49:37.181, 1, 78919 MiB, 100 %, 607.62 W, 1980 MHz
2026/09/27 23:49:37.182, 2, 78919 MiB, 100 %, 601.19 W, 1980 MHz
2026/09/27 23:49:37.183, 3, 78919 MiB, 100 %, 596.12 W, 1980 MHz
2026/09/27 23:49:37.183, 4, 78919 MiB, 100 %, 596.59 W, 1980 MHz
2026/09/27 23:49:37.184, 5, 78919 MiB, 100 %, 610.52 W, 1965 MHz
2026/09/27 23:49:37.184, 6, 78919 MiB, 100 %, 601.00 W, 1980 MHz
2026/09/27 23:49:37.185, 7, 78919 MiB, 100 %, 594.53 W, 1980 MHz
2026/09/27 23:49:38.186, 0, 78919 MiB, 100 %, 483.34 W, 1380 MHz
2026/09/27 23:49:38.187, 1, 78919 MiB, 100 %, 615.76 W, 1965 MHz
2026/09/27 23:49:38.187, 2, 78919 MiB, 100 %, 605.71 W, 1980 MHz
2026/09/27 23:49:38.188, 3, 78919 MiB, 100 %, 590.75 W, 1980 MHz
2026/09/27 23:49:38.189, 4, 78919 MiB, 100 %, 591.79 W, 1980 MHz
2026/09/27 23:49:38.189, 5, 78919 MiB, 100 %, 610.87 W, 1965 MHz
2026/09/27 23:49:38.190, 6, 78919 MiB, 100 %, 603.17 W, 1965 MHz
2026/09/27 23:49:38.190, 7, 78919 MiB, 100 %, 591.27 W, 1965 MHz
2026/09/27 23:49:39.191, 0, 78919 MiB, 100 %, 502.43 W, 1410 MHz
2026/09/27 23:49:39.192, 1, 78919 MiB, 100 %, 610.89 W, 1965 MHz
2026/09/27 23:49:39.193, 2, 78919 MiB, 100 %, 611.10 W, 1965 MHz
2026/09/27 23:49:39.194, 3, 78919 MiB, 100 %, 606.98 W, 1980 MHz
2026/09/27 23:49:39.194, 4, 78919 MiB, 100 %, 602.23 W, 1980 MHz
2026/09/27 23:49:39.195, 5, 78919 MiB, 100 %, 610.18 W, 1980 MHz
2026/09/27 23:49:39.195, 6, 78919 MiB, 100 %, 607.22 W, 1980 MHz
2026/09/27 23:49:39.196, 7, 78919 MiB, 100 %, 598.94 W, 1980 MHz
2026/09/27 23:49:40.197, 0, 78919 MiB, 100 %, 514.68 W, 1605 MHz
2026/09/27 23:49:40.198, 1, 78919 MiB, 100 %, 584.65 W, 1980 MHz
2026/09/27 23:49:40.199, 2, 78919 MiB, 100 %, 566.98 W, 1980 MHz
2026/09/27 23:49:40.199, 3, 78919 MiB, 100 %, 560.71 W, 1980 MHz
2026/09/27 23:49:40.200, 4, 78919 MiB, 100 %, 554.76 W, 1980 MHz
2026/09/27 23:49:40.201, 5, 78919 MiB, 100 %, 564.18 W, 1980 MHz
2026/09/27 23:49:40.201, 6, 78919 MiB, 100 %, 578.41 W, 1980 MHz
2026/09/27 23:49:40.202, 7, 78919 MiB, 100 %, 562.10 W, 1980 MHz
2026/09/27 23:49:41.203, 0, 78919 MiB, 100 %, 524.35 W, 1650 MHz
2026/09/27 23:49:41.204, 1, 78919 MiB, 100 %, 582.11 W, 1980 MHz
2026/09/27 23:49:41.205, 2, 78919 MiB, 100 %, 565.45 W, 1980 MHz
2026/09/27 23:49:41.205, 3, 78919 MiB, 100 %, 547.49 W, 1980 MHz
2026/09/27 23:49:41.206, 4, 78919 MiB, 100 %, 549.06 W, 1980 MHz
2026/09/27 23:49:41.207, 5, 78919 MiB, 100 %, 556.31 W, 1980 MHz
2026/09/27 23:49:41.207, 6, 78919 MiB, 100 %, 564.34 W, 1980 MHz
2026/09/27 23:49:41.208, 7, 78919 MiB, 100 %, 548.85 W, 1980 MHz
2026/09/27 23:49:42.209, 0, 78919 MiB, 100 %, 530.76 W, 1755 MHz
2026/09/27 23:49:42.210, 1, 78919 MiB, 100 %, 594.18 W, 1980 MHz
2026/09/27 23:49:42.210, 2, 78919 MiB, 100 %, 570.49 W, 1980 MHz
2026/09/27 23:49:42.211, 3, 78919 MiB, 100 %, 559.46 W, 1980 MHz
2026/09/27 23:49:42.212, 4, 78919 MiB, 100 %, 563.84 W, 1980 MHz
2026/09/27 23:49:42.212, 5, 78919 MiB, 100 %, 567.18 W, 1980 MHz
2026/09/27 23:49:42.213, 6, 78919 MiB, 100 %, 579.07 W, 1980 MHz
2026/09/27 23:49:42.214, 7, 78919 MiB, 100 %, 557.72 W, 1980 MHz
2026/09/27 23:49:43.215, 0, 78919 MiB, 100 %, 554.73 W, 1485 MHz
2026/09/27 23:49:43.215, 1, 78919 MiB, 100 %, 597.33 W, 1980 MHz
2026/09/27 23:49:43.216, 2, 78919 MiB, 100 %, 580.93 W, 1980 MHz
2026/09/27 23:49:43.217, 3, 78919 MiB, 100 %, 584.51 W, 1980 MHz
2026/09/27 23:49:43.218, 4, 78919 MiB, 100 %, 570.34 W, 1980 MHz
2026/09/27 23:49:43.218, 5, 78919 MiB, 100 %, 587.99 W, 1980 MHz
2026/09/27 23:49:43.219, 6, 78919 MiB, 100 %, 595.35 W, 1980 MHz
2026/09/27 23:49:43.220, 7, 78919 MiB, 100 %, 571.53 W, 1980 MHz
2026/09/27 23:49:44.220, 0, 78919 MiB, 100 %, 524.75 W, 1605 MHz
2026/09/27 23:49:44.221, 1, 78919 MiB, 100 %, 602.67 W, 1980 MHz
2026/09/27 23:49:44.222, 2, 78919 MiB, 100 %, 581.44 W, 1980 MHz
2026/09/27 23:49:44.222, 3, 78919 MiB, 100 %, 582.10 W, 1980 MHz
2026/09/27 23:49:44.223, 4, 78919 MiB, 100 %, 596.68 W, 1980 MHz
2026/09/27 23:49:44.224, 5, 78919 MiB, 100 %, 600.14 W, 1980 MHz
2026/09/27 23:49:44.224, 6, 78919 MiB, 100 %, 586.08 W, 1980 MHz
2026/09/27 23:49:44.225, 7, 78919 MiB, 100 %, 582.70 W, 1980 MHz
2026/09/27 23:49:45.226, 0, 78919 MiB, 100 %, 520.01 W, 1500 MHz
2026/09/27 23:49:45.226, 1, 78919 MiB, 100 %, 612.74 W, 1980 MHz
2026/09/27 23:49:45.227, 2, 78919 MiB, 100 %, 598.00 W, 1980 MHz
2026/09/27 23:49:45.228, 3, 78919 MiB, 100 %, 576.59 W, 1980 MHz
2026/09/27 23:49:45.228, 4, 78919 MiB, 100 %, 587.09 W, 1980 MHz
2026/09/27 23:49:45.229, 5, 78919 MiB, 100 %, 594.92 W, 1980 MHz
2026/09/27 23:49:45.230, 6, 78919 MiB, 100 %, 596.03 W, 1980 MHz
2026/09/27 23:49:45.230, 7, 78919 MiB, 100 %, 579.02 W, 1980 MHz
2026/09/27 23:49:46.231, 0, 78919 MiB, 100 %, 543.37 W, 1500 MHz
2026/09/27 23:49:46.232, 1, 78919 MiB, 100 %, 628.66 W, 1980 MHz
2026/09/27 23:49:46.233, 2, 78919 MiB, 100 %, 608.83 W, 1980 MHz
2026/09/27 23:49:46.233, 3, 78919 MiB, 100 %, 590.52 W, 1980 MHz
2026/09/27 23:49:46.234, 4, 78919 MiB, 100 %, 582.77 W, 1980 MHz
2026/09/27 23:49:46.235, 5, 78919 MiB, 100 %, 603.09 W, 1965 MHz
2026/09/27 23:49:46.235, 6, 78919 MiB, 100 %, 602.67 W, 1980 MHz
2026/09/27 23:49:46.236, 7, 78919 MiB, 100 %, 592.18 W, 1980 MHz
2026/09/27 23:49:47.237, 0, 78919 MiB, 100 %, 540.02 W, 1500 MHz
2026/09/27 23:49:47.238, 1, 78919 MiB, 100 %, 614.40 W, 1980 MHz
2026/09/27 23:49:47.238, 2, 78919 MiB, 100 %, 615.49 W, 1980 MHz
2026/09/27 23:49:47.239, 3, 78919 MiB, 100 %, 598.50 W, 1980 MHz
2026/09/27 23:49:47.239, 4, 78919 MiB, 100 %, 589.03 W, 1980 MHz
2026/09/27 23:49:47.240, 5, 78919 MiB, 100 %, 614.24 W, 1980 MHz
2026/09/27 23:49:47.241, 6, 78919 MiB, 100 %, 615.85 W, 1980 MHz
2026/09/27 23:49:47.241, 7, 78919 MiB, 100 %, 601.53 W, 1980 MHz
2026/09/27 23:49:48.242, 0, 78919 MiB, 100 %, 526.35 W, 1440 MHz
2026/09/27 23:49:48.243, 1, 78919 MiB, 100 %, 621.47 W, 1980 MHz
2026/09/27 23:49:48.244, 2, 78919 MiB, 100 %, 611.81 W, 1980 MHz
2026/09/27 23:49:48.244, 3, 78919 MiB, 100 %, 601.31 W, 1980 MHz
2026/09/27 23:49:48.245, 4, 78919 MiB, 100 %, 603.01 W, 1980 MHz
2026/09/27 23:49:48.246, 5, 78919 MiB, 100 %, 619.44 W, 1980 MHz
2026/09/27 23:49:48.246, 6, 78919 MiB, 100 %, 614.58 W, 1980 MHz
2026/09/27 23:49:48.247, 7, 78919 MiB, 100 %, 592.31 W, 1980 MHz
2026/09/27 23:49:49.247, 0, 78919 MiB, 100 %, 511.70 W, 1410 MHz
2026/09/27 23:49:49.248, 1, 78919 MiB, 100 %, 622.54 W, 1980 MHz
2026/09/27 23:49:49.249, 2, 78919 MiB, 100 %, 613.64 W, 1965 MHz
2026/09/27 23:49:49.250, 3, 78919 MiB, 100 %, 598.47 W, 1980 MHz
2026/09/27 23:49:49.250, 4, 78919 MiB, 100 %, 592.36 W, 1980 MHz
2026/09/27 23:49:49.251, 5, 78919 MiB, 100 %, 607.96 W, 1965 MHz
2026/09/27 23:49:49.252, 6, 78919 MiB, 100 %, 601.06 W, 1980 MHz
2026/09/27 23:49:49.252, 7, 78919 MiB, 100 %, 594.91 W, 1980 MHz
2026/09/27 23:49:50.253, 0, 78919 MiB, 100 %, 519.73 W, 1485 MHz
2026/09/27 23:49:50.254, 1, 78919 MiB, 100 %, 622.07 W, 1980 MHz
2026/09/27 23:49:50.255, 2, 78919 MiB, 100 %, 605.46 W, 1965 MHz
2026/09/27 23:49:50.255, 3, 78919 MiB, 100 %, 599.41 W, 1980 MHz
2026/09/27 23:49:50.256, 4, 78919 MiB, 100 %, 602.47 W, 1980 MHz
2026/09/27 23:49:50.257, 5, 78919 MiB, 100 %, 616.30 W, 1965 MHz
2026/09/27 23:49:50.257, 6, 78919 MiB, 100 %, 616.69 W, 1965 MHz
2026/09/27 23:49:50.258, 7, 78919 MiB, 100 %, 602.83 W, 1980 MHz
2026/09/27 23:49:51.259, 0, 78919 MiB, 100 %, 472.90 W, 1350 MHz
2026/09/27 23:49:51.259, 1, 78919 MiB, 100 %, 612.72 W, 1965 MHz
2026/09/27 23:49:51.260, 2, 78919 MiB, 100 %, 597.26 W, 1980 MHz
2026/09/27 23:49:51.261, 3, 78919 MiB, 100 %, 581.74 W, 1980 MHz
2026/09/27 23:49:51.262, 4, 78919 MiB, 100 %, 577.82 W, 1980 MHz
2026/09/27 23:49:51.262, 5, 78919 MiB, 100 %, 598.41 W, 1980 MHz
2026/09/27 23:49:51.263, 6, 78919 MiB, 100 %, 594.47 W, 1980 MHz
2026/09/27 23:49:51.263, 7, 78919 MiB, 100 %, 587.65 W, 1965 MHz
2026/09/27 23:49:52.264, 0, 78919 MiB, 100 %, 462.50 W, 1365 MHz
2026/09/27 23:49:52.265, 1, 78919 MiB, 100 %, 608.24 W, 1980 MHz
2026/09/27 23:49:52.266, 2, 78919 MiB, 100 %, 607.24 W, 1980 MHz
2026/09/27 23:49:52.266, 3, 78919 MiB, 100 %, 586.26 W, 1980 MHz
2026/09/27 23:49:52.267, 4, 78919 MiB, 100 %, 584.47 W, 1965 MHz
2026/09/27 23:49:52.268, 5, 78919 MiB, 100 %, 600.46 W, 1980 MHz
2026/09/27 23:49:52.268, 6, 78919 MiB, 100 %, 596.90 W, 1965 MHz
2026/09/27 23:49:52.269, 7, 78919 MiB, 100 %, 586.82 W, 1980 MHz
2026/09/27 23:49:53.273, 0, 78919 MiB, 100 %, 477.94 W, 1395 MHz
2026/09/27 23:49:53.289, 1, 78919 MiB, 100 %, 623.97 W, 1980 MHz
2026/09/27 23:49:53.290, 2, 78919 MiB, 100 %, 597.27 W, 1935 MHz
2026/09/27 23:49:53.291, 3, 78919 MiB, 100 %, 593.14 W, 1980 MHz
2026/09/27 23:49:53.292, 4, 78919 MiB, 100 %, 580.70 W, 1965 MHz
2026/09/27 23:49:53.293, 5, 78919 MiB, 100 %, 605.84 W, 1965 MHz
2026/09/27 23:49:53.293, 6, 78919 MiB, 100 %, 607.36 W, 1965 MHz
2026/09/27 23:49:53.294, 7, 78919 MiB, 100 %, 589.42 W, 1965 MHz
2026/09/27 23:49:54.295, 0, 78919 MiB, 100 %, 505.37 W, 1560 MHz
2026/09/27 23:49:54.296, 1, 78919 MiB, 100 %, 626.98 W, 1980 MHz
2026/09/27 23:49:54.297, 2, 78919 MiB, 100 %, 601.07 W, 1980 MHz
2026/09/27 23:49:54.298, 3, 78919 MiB, 100 %, 598.15 W, 1980 MHz
2026/09/27 23:49:54.298, 4, 78919 MiB, 100 %, 591.55 W, 1965 MHz
2026/09/27 23:49:54.299, 5, 78919 MiB, 100 %, 607.61 W, 1980 MHz
2026/09/27 23:49:54.300, 6, 78919 MiB, 100 %, 604.09 W, 1980 MHz
2026/09/27 23:49:54.300, 7, 78919 MiB, 100 %, 593.76 W, 1980 MHz
2026/09/27 23:49:55.301, 0, 78919 MiB, 100 %, 523.62 W, 1785 MHz
2026/09/27 23:49:55.302, 1, 78919 MiB, 100 %, 580.63 W, 1980 MHz
2026/09/27 23:49:55.303, 2, 78919 MiB, 100 %, 559.02 W, 1980 MHz
2026/09/27 23:49:55.305, 3, 78919 MiB, 100 %, 544.59 W, 1980 MHz
2026/09/27 23:49:55.307, 4, 78919 MiB, 100 %, 541.88 W, 1980 MHz
2026/09/27 23:49:55.308, 5, 78919 MiB, 100 %, 555.12 W, 1980 MHz
2026/09/27 23:49:55.310, 6, 78919 MiB, 100 %, 562.30 W, 1980 MHz
2026/09/27 23:49:55.311, 7, 78919 MiB, 100 %, 548.73 W, 1980 MHz
2026/09/27 23:49:56.312, 0, 78919 MiB, 100 %, 533.09 W, 1770 MHz
2026/09/27 23:49:56.313, 1, 78919 MiB, 100 %, 577.21 W, 1980 MHz
2026/09/27 23:49:56.313, 2, 78919 MiB, 100 %, 551.83 W, 1980 MHz
2026/09/27 23:49:56.314, 3, 78919 MiB, 100 %, 554.54 W, 1980 MHz
2026/09/27 23:49:56.315, 4, 78919 MiB, 100 %, 540.61 W, 1980 MHz
2026/09/27 23:49:56.315, 5, 78919 MiB, 100 %, 554.21 W, 1980 MHz
2026/09/27 23:49:56.316, 6, 78919 MiB, 100 %, 575.77 W, 1980 MHz
2026/09/27 23:49:56.317, 7, 78919 MiB, 100 %, 554.22 W, 1980 MHz
2026/09/27 23:49:57.317, 0, 78919 MiB, 100 %, 540.79 W, 1680 MHz
2026/09/27 23:49:57.320, 1, 78919 MiB, 100 %, 594.00 W, 1980 MHz
2026/09/27 23:49:57.322, 2, 78919 MiB, 100 %, 576.63 W, 1980 MHz
2026/09/27 23:49:57.323, 3, 78919 MiB, 100 %, 569.46 W, 1980 MHz
2026/09/27 23:49:57.325, 4, 78919 MiB, 100 %, 560.52 W, 1980 MHz
2026/09/27 23:49:57.325, 5, 78919 MiB, 100 %, 569.75 W, 1980 MHz
2026/09/27 23:49:57.326, 6, 78919 MiB, 100 %, 594.99 W, 1980 MHz
2026/09/27 23:49:57.327, 7, 78919 MiB, 100 %, 558.46 W, 1980 MHz
2026/09/27 23:49:58.330, 0, 78919 MiB, 100 %, 551.57 W, 1605 MHz
2026/09/27 23:49:58.331, 1, 78919 MiB, 100 %, 613.57 W, 1980 MHz
2026/09/27 23:49:58.331, 2, 78919 MiB, 100 %, 599.88 W, 1980 MHz
2026/09/27 23:49:58.332, 3, 78919 MiB, 100 %, 578.66 W, 1980 MHz
2026/09/27 23:49:58.333, 4, 78919 MiB, 100 %, 564.90 W, 1980 MHz
2026/09/27 23:49:58.333, 5, 78919 MiB, 100 %, 578.93 W, 1980 MHz
2026/09/27 23:49:58.334, 6, 78919 MiB, 100 %, 603.96 W, 1980 MHz
2026/09/27 23:49:58.335, 7, 78919 MiB, 100 %, 563.02 W, 1980 MHz
2026/09/27 23:49:59.335, 0, 78919 MiB, 100 %, 537.01 W, 1635 MHz
2026/09/27 23:49:59.336, 1, 78919 MiB, 100 %, 621.06 W, 1980 MHz
2026/09/27 23:49:59.337, 2, 78919 MiB, 100 %, 602.46 W, 1980 MHz
2026/09/27 23:49:59.338, 3, 78919 MiB, 100 %, 583.96 W, 1980 MHz
2026/09/27 23:49:59.338, 4, 78919 MiB, 100 %, 596.18 W, 1980 MHz
2026/09/27 23:49:59.339, 5, 78919 MiB, 100 %, 599.04 W, 1980 MHz
2026/09/27 23:49:59.339, 6, 78919 MiB, 100 %, 593.67 W, 1980 MHz
2026/09/27 23:49:59.340, 7, 78919 MiB, 100 %, 599.00 W, 1980 MHz
2026/09/27 23:50:00.341, 0, 78919 MiB, 100 %, 545.45 W, 1620 MHz
2026/09/27 23:50:00.342, 1, 78919 MiB, 100 %, 618.04 W, 1980 MHz
2026/09/27 23:50:00.343, 2, 78919 MiB, 100 %, 625.30 W, 1980 MHz
2026/09/27 23:50:00.343, 3, 78919 MiB, 100 %, 575.95 W, 1980 MHz
2026/09/27 23:50:00.344, 4, 78919 MiB, 100 %, 588.59 W, 1980 MHz
2026/09/27 23:50:00.344, 5, 78919 MiB, 100 %, 600.16 W, 1980 MHz
2026/09/27 23:50:00.345, 6, 78919 MiB, 100 %, 616.64 W, 1980 MHz
2026/09/27 23:50:00.346, 7, 78919 MiB, 100 %, 585.61 W, 1980 MHz
2026/09/27 23:50:01.346, 0, 78919 MiB, 100 %, 530.45 W, 1500 MHz
2026/09/27 23:50:01.347, 1, 78919 MiB, 100 %, 609.61 W, 1980 MHz
2026/09/27 23:50:01.348, 2, 78919 MiB, 100 %, 617.87 W, 1980 MHz
2026/09/27 23:50:01.349, 3, 78919 MiB, 100 %, 593.34 W, 1980 MHz
2026/09/27 23:50:01.350, 4, 78919 MiB, 100 %, 581.88 W, 1980 MHz
2026/09/27 23:50:01.350, 5, 78919 MiB, 100 %, 597.74 W, 1980 MHz
2026/09/27 23:50:01.351, 6, 78919 MiB, 100 %, 616.28 W, 1980 MHz
2026/09/27 23:50:01.351, 7, 78919 MiB, 100 %, 587.34 W, 1980 MHz
2026/09/27 23:50:02.352, 0, 78919 MiB, 100 %, 525.43 W, 1500 MHz
2026/09/27 23:50:02.353, 1, 78919 MiB, 100 %, 613.91 W, 1980 MHz
2026/09/27 23:50:02.354, 2, 78919 MiB, 100 %, 616.30 W, 1965 MHz
2026/09/27 23:50:02.355, 3, 78919 MiB, 100 %, 600.41 W, 1980 MHz
2026/09/27 23:50:02.355, 4, 78919 MiB, 100 %, 576.10 W, 1980 MHz
2026/09/27 23:50:02.356, 5, 78919 MiB, 100 %, 602.25 W, 1980 MHz
2026/09/27 23:50:02.357, 6, 78919 MiB, 100 %, 610.44 W, 1980 MHz
2026/09/27 23:50:02.357, 7, 78919 MiB, 100 %, 589.55 W, 1980 MHz
2026/09/27 23:50:03.358, 0, 78919 MiB, 100 %, 528.10 W, 1395 MHz
2026/09/27 23:50:03.359, 1, 78919 MiB, 100 %, 620.81 W, 1980 MHz
2026/09/27 23:50:03.360, 2, 78919 MiB, 100 %, 604.56 W, 1980 MHz
2026/09/27 23:50:03.360, 3, 78919 MiB, 100 %, 602.07 W, 1980 MHz
2026/09/27 23:50:03.361, 4, 78919 MiB, 100 %, 598.03 W, 1980 MHz
2026/09/27 23:50:03.362, 5, 78919 MiB, 100 %, 622.45 W, 1950 MHz
2026/09/27 23:50:03.362, 6, 78919 MiB, 100 %, 607.11 W, 1980 MHz
2026/09/27 23:50:03.363, 7, 78919 MiB, 100 %, 597.72 W, 1980 MHz
2026/09/27 23:50:04.364, 0, 78919 MiB, 100 %, 499.18 W, 1305 MHz
2026/09/27 23:50:04.364, 1, 78919 MiB, 100 %, 606.59 W, 1980 MHz
2026/09/27 23:50:04.365, 2, 78919 MiB, 100 %, 602.38 W, 1980 MHz
2026/09/27 23:50:04.366, 3, 78919 MiB, 100 %, 601.56 W, 1980 MHz
2026/09/27 23:50:04.367, 4, 78919 MiB, 100 %, 585.86 W, 1980 MHz
2026/09/27 23:50:04.367, 5, 78919 MiB, 100 %, 598.87 W, 1980 MHz
2026/09/27 23:50:04.368, 6, 78919 MiB, 100 %, 599.06 W, 1980 MHz
2026/09/27 23:50:04.368, 7, 78919 MiB, 100 %, 602.29 W, 1980 MHz
2026/09/27 23:50:05.369, 0, 78919 MiB, 100 %, 466.60 W, 1335 MHz
2026/09/27 23:50:05.370, 1, 78919 MiB, 100 %, 603.55 W, 1980 MHz
2026/09/27 23:50:05.371, 2, 78919 MiB, 100 %, 599.39 W, 1965 MHz
2026/09/27 23:50:05.372, 3, 78919 MiB, 100 %, 590.15 W, 1980 MHz
2026/09/27 23:50:05.372, 4, 78919 MiB, 100 %, 578.63 W, 1980 MHz
2026/09/27 23:50:05.373, 5, 78919 MiB, 100 %, 597.51 W, 1980 MHz
2026/09/27 23:50:05.374, 6, 78919 MiB, 100 %, 589.78 W, 1980 MHz
2026/09/27 23:50:05.374, 7, 78919 MiB, 100 %, 577.27 W, 1980 MHz
2026/09/27 23:50:06.375, 0, 78919 MiB, 100 %, 482.87 W, 1365 MHz
2026/09/27 23:50:06.376, 1, 78919 MiB, 100 %, 613.03 W, 1980 MHz
2026/09/27 23:50:06.377, 2, 78919 MiB, 100 %, 600.58 W, 1965 MHz
2026/09/27 23:50:06.377, 3, 78919 MiB, 100 %, 585.93 W, 1980 MHz
2026/09/27 23:50:06.378, 4, 78919 MiB, 100 %, 589.35 W, 1980 MHz
2026/09/27 23:50:06.379, 5, 78919 MiB, 100 %, 603.84 W, 1965 MHz
2026/09/27 23:50:06.379, 6, 78919 MiB, 100 %, 598.15 W, 1980 MHz
2026/09/27 23:50:06.380, 7, 78919 MiB, 100 %, 590.14 W, 1980 MHz
2026/09/27 23:50:07.381, 0, 78919 MiB, 100 %, 505.88 W, 1455 MHz
2026/09/27 23:50:07.381, 1, 78919 MiB, 100 %, 625.76 W, 1965 MHz
2026/09/27 23:50:07.382, 2, 78919 MiB, 100 %, 613.19 W, 1980 MHz
2026/09/27 23:50:07.383, 3, 78919 MiB, 100 %, 605.23 W, 1980 MHz
2026/09/27 23:50:07.383, 4, 78919 MiB, 100 %, 594.18 W, 1980 MHz
2026/09/27 23:50:07.384, 5, 78919 MiB, 100 %, 608.04 W, 1965 MHz
2026/09/27 23:50:07.385, 6, 78919 MiB, 100 %, 621.26 W, 1950 MHz
2026/09/27 23:50:07.385, 7, 78919 MiB, 100 %, 600.61 W, 1980 MHz
2026/09/27 23:50:08.386, 0, 78919 MiB, 100 %, 511.58 W, 1410 MHz
2026/09/27 23:50:08.387, 1, 78919 MiB, 100 %, 622.54 W, 1980 MHz
2026/09/27 23:50:08.387, 2, 78919 MiB, 100 %, 610.68 W, 1965 MHz
2026/09/27 23:50:08.388, 3, 78919 MiB, 100 %, 605.59 W, 1980 MHz
2026/09/27 23:50:08.389, 4, 78919 MiB, 100 %, 601.65 W, 1965 MHz
2026/09/27 23:50:08.389, 5, 78919 MiB, 100 %, 617.62 W, 1965 MHz
2026/09/27 23:50:08.390, 6, 78919 MiB, 100 %, 615.17 W, 1980 MHz
2026/09/27 23:50:08.391, 7, 78919 MiB, 100 %, 599.78 W, 1980 MHz
2026/09/27 23:50:09.391, 0, 78919 MiB, 100 %, 517.49 W, 1620 MHz
2026/09/27 23:50:09.392, 1, 78919 MiB, 100 %, 617.26 W, 1980 MHz
2026/09/27 23:50:09.393, 2, 78919 MiB, 100 %, 585.89 W, 1980 MHz
2026/09/27 23:50:09.394, 3, 78919 MiB, 100 %, 587.67 W, 1980 MHz
2026/09/27 23:50:09.395, 4, 78919 MiB, 100 %, 588.68 W, 1980 MHz
2026/09/27 23:50:09.395, 5, 78919 MiB, 100 %, 602.39 W, 1980 MHz
2026/09/27 23:50:09.396, 6, 78919 MiB, 100 %, 592.63 W, 1980 MHz
2026/09/27 23:50:09.397, 7, 78919 MiB, 100 %, 594.86 W, 1980 MHz
2026/09/27 23:50:10.397, 0, 78919 MiB, 100 %, 531.22 W, 1740 MHz
2026/09/27 23:50:10.398, 1, 78919 MiB, 100 %, 571.61 W, 1980 MHz
2026/09/27 23:50:10.399, 2, 78919 MiB, 100 %, 552.29 W, 1980 MHz
2026/09/27 23:50:10.400, 3, 78919 MiB, 100 %, 544.86 W, 1980 MHz
2026/09/27 23:50:10.400, 4, 78919 MiB, 100 %, 537.51 W, 1980 MHz
2026/09/27 23:50:10.401, 5, 78919 MiB, 100 %, 542.96 W, 1980 MHz
2026/09/27 23:50:10.402, 6, 78919 MiB, 100 %, 559.30 W, 1980 MHz
2026/09/27 23:50:10.402, 7, 78919 MiB, 100 %, 541.15 W, 1980 MHz
2026/09/27 23:50:11.403, 0, 78919 MiB, 100 %, 541.68 W, 1635 MHz
2026/09/27 23:50:11.404, 1, 78919 MiB, 100 %, 586.14 W, 1980 MHz
2026/09/27 23:50:11.405, 2, 78919 MiB, 100 %, 578.42 W, 1980 MHz
2026/09/27 23:50:11.405, 3, 78919 MiB, 100 %, 564.12 W, 1980 MHz
2026/09/27 23:50:11.406, 4, 78919 MiB, 100 %, 553.39 W, 1980 MHz
2026/09/27 23:50:11.407, 5, 78919 MiB, 100 %, 566.47 W, 1980 MHz
2026/09/27 23:50:11.407, 6, 78919 MiB, 100 %, 581.07 W, 1980 MHz
2026/09/27 23:50:11.408, 7, 78919 MiB, 100 %, 552.44 W, 1980 MHz
2026/09/27 23:50:12.409, 0, 78919 MiB, 100 %, 550.70 W, 1815 MHz
2026/09/27 23:50:12.410, 1, 78919 MiB, 100 %, 606.42 W, 1980 MHz
2026/09/27 23:50:12.410, 2, 78919 MiB, 100 %, 581.48 W, 1980 MHz
2026/09/27 23:50:12.411, 3, 78919 MiB, 100 %, 567.15 W, 1980 MHz
2026/09/27 23:50:12.412, 4, 78919 MiB, 100 %, 571.15 W, 1980 MHz
2026/09/27 23:50:12.412, 5, 78919 MiB, 100 %, 588.49 W, 1980 MHz
2026/09/27 23:50:12.413, 6, 78919 MiB, 100 %, 587.60 W, 1980 MHz
2026/09/27 23:50:12.414, 7, 78919 MiB, 100 %, 569.45 W, 1980 MHz
2026/09/27 23:50:13.414, 0, 78919 MiB, 100 %, 549.95 W, 1710 MHz
2026/09/27 23:50:13.415, 1, 78919 MiB, 100 %, 608.18 W, 1980 MHz
2026/09/27 23:50:13.416, 2, 78919 MiB, 100 %, 591.39 W, 1980 MHz
2026/09/27 23:50:13.417, 3, 78919 MiB, 100 %, 579.84 W, 1980 MHz
2026/09/27 23:50:13.417, 4, 78919 MiB, 100 %, 584.31 W, 1980 MHz
2026/09/27 23:50:13.418, 5, 78919 MiB, 100 %, 590.96 W, 1980 MHz
2026/09/27 23:50:13.419, 6, 78919 MiB, 100 %, 593.72 W, 1980 MHz
2026/09/27 23:50:13.419, 7, 78919 MiB, 100 %, 577.51 W, 1980 MHz
2026/09/27 23:50:14.420, 0, 78919 MiB, 100 %, 529.31 W, 1620 MHz
2026/09/27 23:50:14.421, 1, 78919 MiB, 100 %, 620.88 W, 1980 MHz
2026/09/27 23:50:14.422, 2, 78919 MiB, 100 %, 591.49 W, 1980 MHz
2026/09/27 23:50:14.422, 3, 78919 MiB, 100 %, 579.97 W, 1980 MHz
2026/09/27 23:50:14.423, 4, 78919 MiB, 100 %, 607.08 W, 1980 MHz
2026/09/27 23:50:14.424, 5, 78919 MiB, 100 %, 617.12 W, 1980 MHz
2026/09/27 23:50:14.424, 6, 78919 MiB, 100 %, 603.41 W, 1980 MHz
2026/09/27 23:50:14.425, 7, 78919 MiB, 100 %, 593.79 W, 1980 MHz
2026/09/27 23:50:15.426, 0, 78919 MiB, 100 %, 535.04 W, 1425 MHz
2026/09/27 23:50:15.427, 1, 78919 MiB, 100 %, 619.45 W, 1980 MHz
2026/09/27 23:50:15.427, 2, 78919 MiB, 100 %, 610.54 W, 1980 MHz
2026/09/27 23:50:15.428, 3, 78919 MiB, 100 %, 588.04 W, 1980 MHz
2026/09/27 23:50:15.429, 4, 78919 MiB, 100 %, 591.79 W, 1980 MHz
2026/09/27 23:50:15.429, 5, 78919 MiB, 100 %, 608.35 W, 1980 MHz
2026/09/27 23:50:15.430, 6, 78919 MiB, 100 %, 609.47 W, 1980 MHz
2026/09/27 23:50:15.430, 7, 78919 MiB, 100 %, 595.15 W, 1980 MHz
2026/09/27 23:50:16.431, 0, 78919 MiB, 100 %, 489.36 W, 1350 MHz
2026/09/27 23:50:16.432, 1, 78919 MiB, 100 %, 603.04 W, 1980 MHz
2026/09/27 23:50:16.433, 2, 78919 MiB, 100 %, 602.88 W, 1980 MHz
2026/09/27 23:50:16.433, 3, 78919 MiB, 100 %, 580.29 W, 1980 MHz
2026/09/27 23:50:16.434, 4, 78919 MiB, 100 %, 578.76 W, 1980 MHz
2026/09/27 23:50:16.435, 5, 78919 MiB, 100 %, 594.91 W, 1980 MHz
2026/09/27 23:50:16.435, 6, 78919 MiB, 100 %, 591.10 W, 1980 MHz
2026/09/27 23:50:16.436, 7, 78919 MiB, 100 %, 582.22 W, 1980 MHz
2026/09/27 23:50:17.437, 0, 78919 MiB, 100 %, 468.28 W, 1380 MHz
2026/09/27 23:50:17.438, 1, 78919 MiB, 100 %, 588.49 W, 1980 MHz
2026/09/27 23:50:17.438, 2, 78919 MiB, 100 %, 593.99 W, 1980 MHz
2026/09/27 23:50:17.439, 3, 78919 MiB, 100 %, 584.62 W, 1980 MHz
2026/09/27 23:50:17.440, 4, 78919 MiB, 100 %, 576.47 W, 1980 MHz
2026/09/27 23:50:17.440, 5, 78919 MiB, 100 %, 596.23 W, 1980 MHz
2026/09/27 23:50:17.441, 6, 78919 MiB, 100 %, 601.27 W, 1980 MHz
2026/09/27 23:50:17.442, 7, 78919 MiB, 100 %, 582.19 W, 1980 MHz
2026/09/27 23:50:18.442, 0, 78919 MiB, 100 %, 496.11 W, 1425 MHz
2026/09/27 23:50:18.443, 1, 78919 MiB, 100 %, 618.11 W, 1965 MHz
2026/09/27 23:50:18.444, 2, 78919 MiB, 100 %, 602.82 W, 1980 MHz
2026/09/27 23:50:18.444, 3, 78919 MiB, 100 %, 597.34 W, 1980 MHz
2026/09/27 23:50:18.445, 4, 78919 MiB, 100 %, 586.78 W, 1980 MHz
2026/09/27 23:50:18.446, 5, 78919 MiB, 100 %, 613.82 W, 1965 MHz
2026/09/27 23:50:18.446, 6, 78919 MiB, 100 %, 596.14 W, 1965 MHz
2026/09/27 23:50:18.447, 7, 78919 MiB, 100 %, 586.82 W, 1965 MHz
2026/09/27 23:50:19.448, 0, 78919 MiB, 100 %, 514.02 W, 1440 MHz
2026/09/27 23:50:19.449, 1, 78919 MiB, 100 %, 614.46 W, 1965 MHz
2026/09/27 23:50:19.449, 2, 78919 MiB, 100 %, 608.43 W, 1980 MHz
2026/09/27 23:50:19.450, 3, 78919 MiB, 100 %, 599.66 W, 1980 MHz
2026/09/27 23:50:19.451, 4, 78919 MiB, 100 %, 586.04 W, 1980 MHz
2026/09/27 23:50:19.451, 5, 78919 MiB, 100 %, 613.16 W, 1965 MHz
2026/09/27 23:50:19.452, 6, 78919 MiB, 100 %, 611.27 W, 1980 MHz
2026/09/27 23:50:19.453, 7, 78919 MiB, 100 %, 599.26 W, 1980 MHz
2026/09/27 23:50:20.453, 0, 78919 MiB, 100 %, 528.39 W, 1350 MHz
2026/09/27 23:50:20.454, 1, 78919 MiB, 100 %, 624.50 W, 1980 MHz
2026/09/27 23:50:20.455, 2, 78919 MiB, 100 %, 615.22 W, 1965 MHz
2026/09/27 23:50:20.456, 3, 78919 MiB, 100 %, 611.39 W, 1980 MHz
2026/09/27 23:50:20.456, 4, 78919 MiB, 100 %, 609.45 W, 1980 MHz
2026/09/27 23:50:20.457, 5, 78919 MiB, 100 %, 619.30 W, 1965 MHz
2026/09/27 23:50:20.458, 6, 78919 MiB, 100 %, 609.75 W, 1980 MHz
2026/09/27 23:50:20.458, 7, 78919 MiB, 100 %, 602.88 W, 1980 MHz
2026/09/27 23:50:21.459, 0, 78919 MiB, 100 %, 513.91 W, 1350 MHz
2026/09/27 23:50:21.460, 1, 78919 MiB, 100 %, 627.53 W, 1965 MHz
2026/09/27 23:50:21.461, 2, 78919 MiB, 100 %, 621.73 W, 1965 MHz
2026/09/27 23:50:21.462, 3, 78919 MiB, 100 %, 604.41 W, 1965 MHz
2026/09/27 23:50:21.462, 4, 78919 MiB, 100 %, 600.28 W, 1980 MHz
2026/09/27 23:50:21.463, 5, 78919 MiB, 100 %, 613.65 W, 1965 MHz
2026/09/27 23:50:21.464, 6, 78919 MiB, 100 %, 615.00 W, 1965 MHz
2026/09/27 23:50:21.464, 7, 78919 MiB, 100 %, 607.39 W, 1980 MHz
2026/09/27 23:50:22.465, 0, 78919 MiB, 100 %, 485.21 W, 1380 MHz
2026/09/27 23:50:22.466, 1, 78919 MiB, 100 %, 616.35 W, 1965 MHz
2026/09/27 23:50:22.467, 2, 78919 MiB, 100 %, 602.87 W, 1965 MHz
2026/09/27 23:50:22.467, 3, 78919 MiB, 100 %, 599.47 W, 1965 MHz
2026/09/27 23:50:22.468, 4, 78919 MiB, 100 %, 589.64 W, 1980 MHz
2026/09/27 23:50:22.469, 5, 78919 MiB, 100 %, 612.05 W, 1965 MHz
2026/09/27 23:50:22.469, 6, 78919 MiB, 100 %, 608.25 W, 1965 MHz
2026/09/27 23:50:22.470, 7, 78919 MiB, 100 %, 600.26 W, 1965 MHz
2026/09/27 23:50:23.471, 0, 78919 MiB, 100 %, 494.55 W, 1380 MHz
2026/09/27 23:50:23.472, 1, 78919 MiB, 100 %, 616.71 W, 1950 MHz
2026/09/27 23:50:23.472, 2, 78919 MiB, 100 %, 624.10 W, 1980 MHz
2026/09/27 23:50:23.473, 3, 78919 MiB, 100 %, 595.07 W, 1965 MHz
2026/09/27 23:50:23.474, 4, 78919 MiB, 100 %, 591.57 W, 1980 MHz
2026/09/27 23:50:23.474, 5, 78919 MiB, 100 %, 612.63 W, 1965 MHz
2026/09/27 23:50:23.475, 6, 78919 MiB, 100 %, 611.07 W, 1965 MHz
2026/09/27 23:50:23.476, 7, 78919 MiB, 100 %, 597.50 W, 1980 MHz
2026/09/27 23:50:24.476, 0, 78919 MiB, 100 %, 422.57 W, 1980 MHz
2026/09/27 23:50:24.477, 1, 78919 MiB, 100 %, 436.29 W, 1980 MHz
2026/09/27 23:50:24.478, 2, 78919 MiB, 95 %, 452.96 W, 1980 MHz
2026/09/27 23:50:24.479, 3, 78919 MiB, 100 %, 419.34 W, 1980 MHz
2026/09/27 23:50:24.480, 4, 78919 MiB, 100 %, 427.05 W, 1980 MHz
2026/09/27 23:50:24.480, 5, 78919 MiB, 100 %, 442.50 W, 1980 MHz
2026/09/27 23:50:24.481, 6, 78919 MiB, 100 %, 434.04 W, 1980 MHz
2026/09/27 23:50:24.481, 7, 78919 MiB, 95 %, 427.89 W, 1980 MHz
2026/09/27 23:50:25.482, 0, 78919 MiB, 100 %, 442.18 W, 1980 MHz
2026/09/27 23:50:25.483, 1, 78919 MiB, 100 %, 385.44 W, 1980 MHz
2026/09/27 23:50:25.484, 2, 78919 MiB, 78 %, 369.81 W, 1980 MHz
2026/09/27 23:50:25.485, 3, 78919 MiB, 100 %, 390.03 W, 1980 MHz
2026/09/27 23:50:25.485, 4, 78919 MiB, 100 %, 365.49 W, 1980 MHz
2026/09/27 23:50:25.486, 5, 78919 MiB, 78 %, 364.86 W, 1980 MHz
2026/09/27 23:50:25.487, 6, 78919 MiB, 100 %, 385.32 W, 1980 MHz
2026/09/27 23:50:25.487, 7, 78919 MiB, 78 %, 366.68 W, 1980 MHz
2026/09/27 23:50:26.488, 0, 78919 MiB, 100 %, 598.91 W, 1890 MHz
2026/09/27 23:50:26.489, 1, 78919 MiB, 100 %, 571.70 W, 1980 MHz
2026/09/27 23:50:26.490, 2, 78919 MiB, 100 %, 557.94 W, 1980 MHz
2026/09/27 23:50:26.491, 3, 78919 MiB, 100 %, 551.27 W, 1980 MHz
2026/09/27 23:50:26.491, 4, 78919 MiB, 100 %, 530.53 W, 1980 MHz
2026/09/27 23:50:26.492, 5, 78919 MiB, 100 %, 558.22 W, 1980 MHz
2026/09/27 23:50:26.493, 6, 78919 MiB, 100 %, 580.20 W, 1980 MHz
2026/09/27 23:50:26.493, 7, 78919 MiB, 100 %, 536.27 W, 1980 MHz
2026/09/27 23:50:27.494, 0, 78919 MiB, 100 %, 576.33 W, 1695 MHz
2026/09/27 23:50:27.495, 1, 78919 MiB, 100 %, 603.86 W, 1980 MHz
2026/09/27 23:50:27.496, 2, 78919 MiB, 100 %, 574.59 W, 1980 MHz
2026/09/27 23:50:27.497, 3, 78919 MiB, 100 %, 562.16 W, 1980 MHz
2026/09/27 23:50:27.498, 4, 78919 MiB, 100 %, 562.29 W, 1980 MHz
2026/09/27 23:50:27.498, 5, 78919 MiB, 100 %, 576.18 W, 1980 MHz
2026/09/27 23:50:27.499, 6, 78919 MiB, 100 %, 591.52 W, 1980 MHz
2026/09/27 23:50:27.500, 7, 78919 MiB, 100 %, 561.66 W, 1980 MHz
2026/09/27 23:50:28.500, 0, 78919 MiB, 100 %, 528.97 W, 1590 MHz
2026/09/27 23:50:28.501, 1, 78919 MiB, 100 %, 592.44 W, 1980 MHz
2026/09/27 23:50:28.502, 2, 78919 MiB, 100 %, 578.41 W, 1980 MHz
2026/09/27 23:50:28.502, 3, 78919 MiB, 100 %, 563.81 W, 1980 MHz
2026/09/27 23:50:28.503, 4, 78919 MiB, 100 %, 554.32 W, 1980 MHz
2026/09/27 23:50:28.504, 5, 78919 MiB, 100 %, 570.44 W, 1980 MHz
2026/09/27 23:50:28.504, 6, 78919 MiB, 100 %, 587.21 W, 1980 MHz
2026/09/27 23:50:28.505, 7, 78919 MiB, 100 %, 558.86 W, 1980 MHz
2026/09/27 23:50:29.506, 0, 78919 MiB, 100 %, 539.09 W, 1785 MHz
2026/09/27 23:50:29.507, 1, 78919 MiB, 100 %, 599.65 W, 1980 MHz
2026/09/27 23:50:29.508, 2, 78919 MiB, 100 %, 584.58 W, 1980 MHz
2026/09/27 23:50:29.508, 3, 78919 MiB, 100 %, 585.45 W, 1980 MHz
2026/09/27 23:50:29.509, 4, 78919 MiB, 100 %, 558.58 W, 1980 MHz
2026/09/27 23:50:29.510, 5, 78919 MiB, 100 %, 583.21 W, 1980 MHz
2026/09/27 23:50:29.510, 6, 78919 MiB, 100 %, 605.16 W, 1980 MHz
2026/09/27 23:50:29.511, 7, 78919 MiB, 100 %, 565.90 W, 1980 MHz
2026/09/27 23:50:30.512, 0, 78919 MiB, 100 %, 549.91 W, 1725 MHz
2026/09/27 23:50:30.513, 1, 78919 MiB, 100 %, 635.11 W, 1965 MHz
2026/09/27 23:50:30.514, 2, 78919 MiB, 100 %, 603.49 W, 1965 MHz
2026/09/27 23:50:30.514, 3, 78919 MiB, 100 %, 577.99 W, 1980 MHz
2026/09/27 23:50:30.515, 4, 78919 MiB, 100 %, 601.38 W, 1980 MHz
2026/09/27 23:50:30.516, 5, 78919 MiB, 100 %, 612.00 W, 1980 MHz
2026/09/27 23:50:30.517, 6, 78919 MiB, 100 %, 598.85 W, 1980 MHz
2026/09/27 23:50:30.517, 7, 78919 MiB, 100 %, 602.83 W, 1980 MHz
2026/09/27 23:50:31.518, 0, 78919 MiB, 100 %, 529.18 W, 1440 MHz
2026/09/27 23:50:31.519, 1, 78919 MiB, 100 %, 609.37 W, 1980 MHz
2026/09/27 23:50:31.520, 2, 78919 MiB, 100 %, 604.23 W, 1980 MHz
2026/09/27 23:50:31.521, 3, 78919 MiB, 100 %, 590.75 W, 1980 MHz
2026/09/27 23:50:31.522, 4, 78919 MiB, 100 %, 578.15 W, 1980 MHz
2026/09/27 23:50:31.523, 5, 78919 MiB, 100 %, 596.69 W, 1980 MHz
2026/09/27 23:50:31.523, 6, 78919 MiB, 100 %, 616.92 W, 1980 MHz
2026/09/27 23:50:31.524, 7, 78919 MiB, 100 %, 578.22 W, 1980 MHz
2026/09/27 23:50:32.525, 0, 78919 MiB, 100 %, 516.88 W, 1410 MHz
2026/09/27 23:50:32.526, 1, 78919 MiB, 100 %, 614.57 W, 1980 MHz
2026/09/27 23:50:32.526, 2, 78919 MiB, 100 %, 604.57 W, 1980 MHz
2026/09/27 23:50:32.527, 3, 78919 MiB, 100 %, 579.98 W, 1980 MHz
2026/09/27 23:50:32.527, 4, 78919 MiB, 100 %, 585.42 W, 1980 MHz
2026/09/27 23:50:32.528, 5, 78919 MiB, 100 %, 608.90 W, 1980 MHz
2026/09/27 23:50:32.529, 6, 78919 MiB, 100 %, 604.32 W, 1980 MHz
2026/09/27 23:50:32.529, 7, 78919 MiB, 100 %, 592.09 W, 1980 MHz
2026/09/27 23:50:33.530, 0, 78919 MiB, 100 %, 522.21 W, 1470 MHz
2026/09/27 23:50:33.531, 1, 78919 MiB, 100 %, 622.58 W, 1980 MHz
2026/09/27 23:50:33.532, 2, 78919 MiB, 100 %, 610.42 W, 1980 MHz
2026/09/27 23:50:33.532, 3, 78919 MiB, 100 %, 595.21 W, 1980 MHz
2026/09/27 23:50:33.533, 4, 78919 MiB, 100 %, 596.40 W, 1980 MHz
2026/09/27 23:50:33.534, 5, 78919 MiB, 100 %, 616.64 W, 1965 MHz
2026/09/27 23:50:33.534, 6, 78919 MiB, 100 %, 610.91 W, 1980 MHz
2026/09/27 23:50:33.535, 7, 78919 MiB, 100 %, 599.78 W, 1980 MHz
2026/09/27 23:50:34.536, 0, 78919 MiB, 100 %, 486.22 W, 1380 MHz
2026/09/27 23:50:34.537, 1, 78919 MiB, 100 %, 605.62 W, 1980 MHz
2026/09/27 23:50:34.538, 2, 78919 MiB, 100 %, 603.29 W, 1980 MHz
2026/09/27 23:50:34.538, 3, 78919 MiB, 100 %, 585.23 W, 1980 MHz
2026/09/27 23:50:34.539, 4, 78919 MiB, 100 %, 584.78 W, 1980 MHz
2026/09/27 23:50:34.540, 5, 78919 MiB, 100 %, 604.48 W, 1980 MHz
2026/09/27 23:50:34.540, 6, 78919 MiB, 100 %, 604.47 W, 1980 MHz
2026/09/27 23:50:34.541, 7, 78919 MiB, 100 %, 589.28 W, 1980 MHz
2026/09/27 23:50:35.542, 0, 78919 MiB, 100 %, 470.48 W, 1335 MHz
2026/09/27 23:50:35.543, 1, 78919 MiB, 100 %, 608.30 W, 1965 MHz
2026/09/27 23:50:35.543, 2, 78919 MiB, 100 %, 599.64 W, 1980 MHz
2026/09/27 23:50:35.544, 3, 78919 MiB, 100 %, 584.54 W, 1980 MHz
2026/09/27 23:50:35.545, 4, 78919 MiB, 100 %, 583.61 W, 1980 MHz
2026/09/27 23:50:35.545, 5, 78919 MiB, 100 %, 597.59 W, 1980 MHz
2026/09/27 23:50:35.546, 6, 78919 MiB, 100 %, 598.85 W, 1980 MHz
2026/09/27 23:50:35.547, 7, 78919 MiB, 100 %, 598.82 W, 1980 MHz
2026/09/27 23:50:36.547, 0, 78919 MiB, 100 %, 486.73 W, 1440 MHz
2026/09/27 23:50:36.548, 1, 78919 MiB, 100 %, 608.09 W, 1965 MHz
2026/09/27 23:50:36.549, 2, 78919 MiB, 100 %, 597.39 W, 1965 MHz
2026/09/27 23:50:36.550, 3, 78919 MiB, 100 %, 592.39 W, 1980 MHz
2026/09/27 23:50:36.550, 4, 78919 MiB, 100 %, 593.04 W, 1980 MHz
2026/09/27 23:50:36.551, 5, 78919 MiB, 100 %, 612.40 W, 1980 MHz
2026/09/27 23:50:36.552, 6, 78919 MiB, 100 %, 609.92 W, 1980 MHz
2026/09/27 23:50:36.552, 7, 78919 MiB, 100 %, 588.52 W, 1980 MHz
2026/09/27 23:50:37.553, 0, 78919 MiB, 100 %, 506.46 W, 1410 MHz
2026/09/27 23:50:37.554, 1, 78919 MiB, 100 %, 618.53 W, 1965 MHz
2026/09/27 23:50:37.555, 2, 78919 MiB, 100 %, 603.24 W, 1965 MHz
2026/09/27 23:50:37.555, 3, 78919 MiB, 100 %, 601.16 W, 1965 MHz
2026/09/27 23:50:37.556, 4, 78919 MiB, 100 %, 591.34 W, 1965 MHz
2026/09/27 23:50:37.557, 5, 78919 MiB, 100 %, 612.94 W, 1965 MHz
2026/09/27 23:50:37.558, 6, 78919 MiB, 100 %, 614.55 W, 1965 MHz
2026/09/27 23:50:37.558, 7, 78919 MiB, 100 %, 599.40 W, 1965 MHz
2026/09/27 23:50:38.559, 0, 78919 MiB, 100 %, 481.15 W, 1275 MHz
2026/09/27 23:50:38.560, 1, 78919 MiB, 100 %, 611.70 W, 1980 MHz
2026/09/27 23:50:38.561, 2, 78919 MiB, 100 %, 604.07 W, 1980 MHz
2026/09/27 23:50:38.561, 3, 78919 MiB, 100 %, 601.26 W, 1980 MHz
2026/09/27 23:50:38.562, 4, 78919 MiB, 100 %, 584.78 W, 1980 MHz
2026/09/27 23:50:38.563, 5, 78919 MiB, 100 %, 602.52 W, 1965 MHz
2026/09/27 23:50:38.563, 6, 78919 MiB, 100 %, 601.87 W, 1965 MHz
2026/09/27 23:50:38.564, 7, 78919 MiB, 100 %, 586.20 W, 1980 MHz
2026/09/27 23:50:39.565, 0, 78919 MiB, 100 %, 550.79 W, 1560 MHz
2026/09/27 23:50:39.566, 1, 78919 MiB, 100 %, 633.85 W, 1950 MHz
2026/09/27 23:50:39.567, 2, 78919 MiB, 100 %, 616.23 W, 1965 MHz
2026/09/27 23:50:39.568, 3, 78919 MiB, 100 %, 618.80 W, 1965 MHz
2026/09/27 23:50:39.568, 4, 78919 MiB, 100 %, 606.53 W, 1965 MHz
2026/09/27 23:50:39.569, 5, 78919 MiB, 100 %, 624.92 W, 1965 MHz
2026/09/27 23:50:39.569, 6, 78919 MiB, 100 %, 623.19 W, 1965 MHz
2026/09/27 23:50:39.570, 7, 78919 MiB, 100 %, 606.48 W, 1965 MHz
2026/09/27 23:50:40.571, 0, 78919 MiB, 100 %, 491.70 W, 1545 MHz
2026/09/27 23:50:40.572, 1, 78919 MiB, 100 %, 587.76 W, 1980 MHz
2026/09/27 23:50:40.573, 2, 78919 MiB, 100 %, 576.22 W, 1980 MHz
2026/09/27 23:50:40.573, 3, 78919 MiB, 100 %, 552.70 W, 1980 MHz
2026/09/27 23:50:40.574, 4, 78919 MiB, 100 %, 558.33 W, 1980 MHz
2026/09/27 23:50:40.575, 5, 78919 MiB, 100 %, 576.09 W, 1980 MHz
2026/09/27 23:50:40.575, 6, 78919 MiB, 100 %, 580.00 W, 1980 MHz
2026/09/27 23:50:40.576, 7, 78919 MiB, 100 %, 558.82 W, 1980 MHz
2026/09/27 23:50:41.577, 0, 78919 MiB, 100 %, 491.04 W, 1650 MHz
2026/09/27 23:50:41.578, 1, 78919 MiB, 100 %, 566.62 W, 1980 MHz
2026/09/27 23:50:41.578, 2, 78919 MiB, 100 %, 546.97 W, 1980 MHz
2026/09/27 23:50:41.579, 3, 78919 MiB, 100 %, 534.43 W, 1980 MHz
2026/09/27 23:50:41.580, 4, 78919 MiB, 100 %, 537.69 W, 1980 MHz
2026/09/27 23:50:41.580, 5, 78919 MiB, 100 %, 543.13 W, 1980 MHz
2026/09/27 23:50:41.581, 6, 78919 MiB, 100 %, 571.81 W, 1980 MHz
2026/09/27 23:50:41.582, 7, 78919 MiB, 100 %, 533.89 W, 1980 MHz
2026/09/27 23:50:42.582, 0, 78919 MiB, 100 %, 510.41 W, 1665 MHz
2026/09/27 23:50:42.583, 1, 78919 MiB, 100 %, 579.75 W, 1980 MHz
2026/09/27 23:50:42.584, 2, 78919 MiB, 100 %, 559.83 W, 1980 MHz
2026/09/27 23:50:42.585, 3, 78919 MiB, 100 %, 556.24 W, 1980 MHz
2026/09/27 23:50:42.585, 4, 78919 MiB, 100 %, 550.71 W, 1980 MHz
2026/09/27 23:50:42.586, 5, 78919 MiB, 100 %, 564.69 W, 1980 MHz
2026/09/27 23:50:42.587, 6, 78919 MiB, 100 %, 574.70 W, 1980 MHz
2026/09/27 23:50:42.587, 7, 78919 MiB, 100 %, 555.77 W, 1980 MHz
2026/09/27 23:50:43.588, 0, 78919 MiB, 100 %, 530.62 W, 1650 MHz
2026/09/27 23:50:43.589, 1, 78919 MiB, 100 %, 593.68 W, 1980 MHz
2026/09/27 23:50:43.590, 2, 78919 MiB, 100 %, 570.48 W, 1980 MHz
2026/09/27 23:50:43.590, 3, 78919 MiB, 100 %, 571.15 W, 1980 MHz
2026/09/27 23:50:43.591, 4, 78919 MiB, 100 %, 556.86 W, 1980 MHz
2026/09/27 23:50:43.592, 5, 78919 MiB, 100 %, 565.47 W, 1980 MHz
2026/09/27 23:50:43.592, 6, 78919 MiB, 100 %, 596.98 W, 1980 MHz
2026/09/27 23:50:43.593, 7, 78919 MiB, 100 %, 568.21 W, 1980 MHz
2026/09/27 23:50:44.594, 0, 78919 MiB, 100 %, 530.52 W, 1680 MHz
2026/09/27 23:50:44.595, 1, 78919 MiB, 100 %, 595.16 W, 1980 MHz
2026/09/27 23:50:44.596, 2, 78919 MiB, 100 %, 581.69 W, 1980 MHz
2026/09/27 23:50:44.597, 3, 78919 MiB, 100 %, 594.66 W, 1980 MHz
2026/09/27 23:50:44.597, 4, 78919 MiB, 100 %, 569.97 W, 1980 MHz
2026/09/27 23:50:44.598, 5, 78919 MiB, 100 %, 576.36 W, 1980 MHz
2026/09/27 23:50:44.598, 6, 78919 MiB, 100 %, 594.62 W, 1980 MHz
2026/09/27 23:50:44.599, 7, 78919 MiB, 100 %, 563.68 W, 1980 MHz
2026/09/27 23:50:45.600, 0, 78919 MiB, 100 %, 522.22 W, 1545 MHz
2026/09/27 23:50:45.601, 1, 78919 MiB, 100 %, 614.11 W, 1980 MHz
2026/09/27 23:50:45.602, 2, 78919 MiB, 100 %, 600.99 W, 1980 MHz
2026/09/27 23:50:45.602, 3, 78919 MiB, 100 %, 580.07 W, 1980 MHz
2026/09/27 23:50:45.603, 4, 78919 MiB, 100 %, 573.69 W, 1980 MHz
2026/09/27 23:50:45.604, 5, 78919 MiB, 100 %, 578.72 W, 1980 MHz
2026/09/27 23:50:45.604, 6, 78919 MiB, 100 %, 605.08 W, 1980 MHz
2026/09/27 23:50:45.605, 7, 78919 MiB, 100 %, 569.73 W, 1980 MHz
2026/09/27 23:50:46.606, 0, 78919 MiB, 100 %, 532.29 W, 1440 MHz
2026/09/27 23:50:46.607, 1, 78919 MiB, 100 %, 617.37 W, 1980 MHz
2026/09/27 23:50:46.607, 2, 78919 MiB, 100 %, 602.98 W, 1980 MHz
2026/09/27 23:50:46.608, 3, 78919 MiB, 100 %, 592.54 W, 1980 MHz
2026/09/27 23:50:46.609, 4, 78919 MiB, 100 %, 590.83 W, 1980 MHz
2026/09/27 23:50:46.609, 5, 78919 MiB, 100 %, 606.32 W, 1980 MHz
2026/09/27 23:50:46.610, 6, 78919 MiB, 100 %, 605.03 W, 1980 MHz
2026/09/27 23:50:46.611, 7, 78919 MiB, 100 %, 590.03 W, 1980 MHz
2026/09/27 23:50:47.611, 0, 78919 MiB, 100 %, 512.19 W, 1425 MHz
2026/09/27 23:50:47.612, 1, 78919 MiB, 100 %, 610.09 W, 1980 MHz
2026/09/27 23:50:47.613, 2, 78919 MiB, 100 %, 603.05 W, 1980 MHz
2026/09/27 23:50:47.614, 3, 78919 MiB, 100 %, 592.10 W, 1980 MHz
2026/09/27 23:50:47.614, 4, 78919 MiB, 100 %, 583.27 W, 1980 MHz
2026/09/27 23:50:47.615, 5, 78919 MiB, 100 %, 609.14 W, 1980 MHz
2026/09/27 23:50:47.615, 6, 78919 MiB, 100 %, 613.52 W, 1980 MHz
2026/09/27 23:50:47.616, 7, 78919 MiB, 100 %, 589.15 W, 1980 MHz
2026/09/27 23:50:48.617, 0, 78919 MiB, 100 %, 517.89 W, 1485 MHz
2026/09/27 23:50:48.618, 1, 78919 MiB, 100 %, 615.12 W, 1980 MHz
2026/09/27 23:50:48.618, 2, 78919 MiB, 100 %, 611.78 W, 1980 MHz
2026/09/27 23:50:48.619, 3, 78919 MiB, 100 %, 599.54 W, 1980 MHz
2026/09/27 23:50:48.620, 4, 78919 MiB, 100 %, 591.72 W, 1980 MHz
2026/09/27 23:50:48.620, 5, 78919 MiB, 100 %, 612.05 W, 1980 MHz
2026/09/27 23:50:48.621, 6, 78919 MiB, 100 %, 609.81 W, 1980 MHz
2026/09/27 23:50:48.622, 7, 78919 MiB, 100 %, 594.84 W, 1980 MHz
2026/09/27 23:50:49.622, 0, 78919 MiB, 100 %, 529.01 W, 1485 MHz
2026/09/27 23:50:49.623, 1, 78919 MiB, 100 %, 617.02 W, 1965 MHz
2026/09/27 23:50:49.624, 2, 78919 MiB, 100 %, 614.33 W, 1980 MHz
2026/09/27 23:50:49.625, 3, 78919 MiB, 100 %, 600.14 W, 1980 MHz
2026/09/27 23:50:49.625, 4, 78919 MiB, 100 %, 597.11 W, 1980 MHz
2026/09/27 23:50:49.626, 5, 78919 MiB, 100 %, 623.25 W, 1980 MHz
2026/09/27 23:50:49.627, 6, 78919 MiB, 100 %, 624.16 W, 1965 MHz
2026/09/27 23:50:49.627, 7, 78919 MiB, 100 %, 608.81 W, 1980 MHz
2026/09/27 23:50:50.628, 0, 78919 MiB, 100 %, 511.74 W, 1410 MHz
2026/09/27 23:50:50.629, 1, 78919 MiB, 100 %, 613.63 W, 1980 MHz
2026/09/27 23:50:50.629, 2, 78919 MiB, 100 %, 611.16 W, 1980 MHz
2026/09/27 23:50:50.630, 3, 78919 MiB, 100 %, 605.33 W, 1980 MHz
2026/09/27 23:50:50.631, 4, 78919 MiB, 100 %, 596.03 W, 1980 MHz
2026/09/27 23:50:50.632, 5, 78919 MiB, 100 %, 608.06 W, 1980 MHz
2026/09/27 23:50:50.632, 6, 78919 MiB, 100 %, 604.48 W, 1980 MHz
2026/09/27 23:50:50.633, 7, 78919 MiB, 100 %, 593.01 W, 1980 MHz
2026/09/27 23:50:51.634, 0, 78919 MiB, 100 %, 498.17 W, 1395 MHz
2026/09/27 23:50:51.635, 1, 78919 MiB, 100 %, 609.96 W, 1980 MHz
2026/09/27 23:50:51.635, 2, 78919 MiB, 100 %, 600.93 W, 1980 MHz
2026/09/27 23:50:51.636, 3, 78919 MiB, 100 %, 604.67 W, 1965 MHz
2026/09/27 23:50:51.637, 4, 78919 MiB, 100 %, 595.12 W, 1980 MHz
2026/09/27 23:50:51.637, 5, 78919 MiB, 100 %, 604.48 W, 1980 MHz
2026/09/27 23:50:51.638, 6, 78919 MiB, 100 %, 620.54 W, 1980 MHz
2026/09/27 23:50:51.639, 7, 78919 MiB, 100 %, 594.94 W, 1980 MHz
2026/09/27 23:50:52.639, 0, 78919 MiB, 100 %, 507.21 W, 1395 MHz
2026/09/27 23:50:52.640, 1, 78919 MiB, 100 %, 620.60 W, 1965 MHz
2026/09/27 23:50:52.641, 2, 78919 MiB, 100 %, 616.72 W, 1980 MHz
2026/09/27 23:50:52.642, 3, 78919 MiB, 100 %, 592.15 W, 1965 MHz
2026/09/27 23:50:52.643, 4, 78919 MiB, 100 %, 593.61 W, 1965 MHz
2026/09/27 23:50:52.643, 5, 78919 MiB, 100 %, 617.94 W, 1965 MHz
2026/09/27 23:50:52.644, 6, 78919 MiB, 100 %, 619.43 W, 1965 MHz
2026/09/27 23:50:52.645, 7, 78919 MiB, 100 %, 607.68 W, 1980 MHz
2026/09/27 23:50:53.646, 0, 78919 MiB, 100 %, 518.79 W, 1425 MHz
2026/09/27 23:50:53.647, 1, 78919 MiB, 100 %, 626.19 W, 1980 MHz
2026/09/27 23:50:53.648, 2, 78919 MiB, 100 %, 620.41 W, 1965 MHz
2026/09/27 23:50:53.648, 3, 78919 MiB, 100 %, 613.66 W, 1980 MHz
2026/09/27 23:50:53.649, 4, 78919 MiB, 100 %, 600.91 W, 1980 MHz
2026/09/27 23:50:53.650, 5, 78919 MiB, 100 %, 621.37 W, 1965 MHz
2026/09/27 23:50:53.651, 6, 78919 MiB, 100 %, 615.86 W, 1965 MHz
2026/09/27 23:50:53.651, 7, 78919 MiB, 100 %, 606.84 W, 1965 MHz
2026/09/27 23:50:54.652, 0, 78919 MiB, 100 %, 531.30 W, 1590 MHz
2026/09/27 23:50:54.653, 1, 78919 MiB, 100 %, 628.47 W, 1965 MHz
2026/09/27 23:50:54.654, 2, 78919 MiB, 100 %, 616.50 W, 1965 MHz
2026/09/27 23:50:54.654, 3, 78919 MiB, 100 %, 605.14 W, 1980 MHz
2026/09/27 23:50:54.655, 4, 78919 MiB, 100 %, 604.53 W, 1965 MHz
2026/09/27 23:50:54.656, 5, 78919 MiB, 100 %, 623.45 W, 1965 MHz
2026/09/27 23:50:54.656, 6, 78919 MiB, 100 %, 616.61 W, 1965 MHz
2026/09/27 23:50:54.657, 7, 78919 MiB, 100 %, 610.21 W, 1980 MHz
2026/09/27 23:50:55.658, 0, 78919 MiB, 100 %, 541.07 W, 1800 MHz
2026/09/27 23:50:55.659, 1, 78919 MiB, 100 %, 596.17 W, 1980 MHz
2026/09/27 23:50:55.659, 2, 78919 MiB, 100 %, 569.62 W, 1980 MHz
2026/09/27 23:50:55.660, 3, 78919 MiB, 100 %, 560.58 W, 1980 MHz
2026/09/27 23:50:55.661, 4, 78919 MiB, 100 %, 546.04 W, 1980 MHz
2026/09/27 23:50:55.661, 5, 78919 MiB, 100 %, 559.33 W, 1980 MHz
2026/09/27 23:50:55.662, 6, 78919 MiB, 100 %, 590.02 W, 1980 MHz
2026/09/27 23:50:55.663, 7, 78919 MiB, 100 %, 548.78 W, 1980 MHz
2026/09/27 23:50:56.663, 0, 78919 MiB, 100 %, 541.47 W, 1665 MHz
2026/09/27 23:50:56.665, 1, 78919 MiB, 100 %, 579.35 W, 1980 MHz
2026/09/27 23:50:56.665, 2, 78919 MiB, 100 %, 563.91 W, 1980 MHz
2026/09/27 23:50:56.666, 3, 78919 MiB, 100 %, 553.04 W, 1980 MHz
2026/09/27 23:50:56.667, 4, 78919 MiB, 100 %, 562.75 W, 1980 MHz
2026/09/27 23:50:56.667, 5, 78919 MiB, 100 %, 567.97 W, 1980 MHz
2026/09/27 23:50:56.668, 6, 78919 MiB, 100 %, 582.24 W, 1980 MHz
2026/09/27 23:50:56.669, 7, 78919 MiB, 100 %, 557.27 W, 1980 MHz
2026/09/27 23:50:57.669, 0, 78919 MiB, 100 %, 546.30 W, 1770 MHz
2026/09/27 23:50:57.670, 1, 78919 MiB, 100 %, 596.48 W, 1980 MHz
2026/09/27 23:50:57.671, 2, 78919 MiB, 100 %, 577.47 W, 1980 MHz
2026/09/27 23:50:57.672, 3, 78919 MiB, 100 %, 567.00 W, 1980 MHz
2026/09/27 23:50:57.673, 4, 78919 MiB, 100 %, 571.03 W, 1980 MHz
2026/09/27 23:50:57.673, 5, 78919 MiB, 100 %, 575.01 W, 1980 MHz
2026/09/27 23:50:57.674, 6, 78919 MiB, 100 %, 595.02 W, 1980 MHz
2026/09/27 23:50:57.675, 7, 78919 MiB, 100 %, 558.49 W, 1980 MHz
2026/09/27 23:50:58.675, 0, 78919 MiB, 100 %, 535.60 W, 1620 MHz
2026/09/27 23:50:58.677, 1, 78919 MiB, 100 %, 606.31 W, 1980 MHz
2026/09/27 23:50:58.677, 2, 78919 MiB, 100 %, 586.81 W, 1980 MHz
2026/09/27 23:50:58.678, 3, 78919 MiB, 100 %, 586.79 W, 1980 MHz
2026/09/27 23:50:58.679, 4, 78919 MiB, 100 %, 576.16 W, 1980 MHz
2026/09/27 23:50:58.679, 5, 78919 MiB, 100 %, 587.86 W, 1980 MHz
2026/09/27 23:50:58.680, 6, 78919 MiB, 100 %, 602.08 W, 1980 MHz
2026/09/27 23:50:58.681, 7, 78919 MiB, 100 %, 572.05 W, 1980 MHz
2026/09/27 23:50:59.681, 0, 78919 MiB, 100 %, 517.43 W, 1410 MHz
2026/09/27 23:50:59.682, 1, 78919 MiB, 100 %, 621.65 W, 1980 MHz
2026/09/27 23:50:59.683, 2, 78919 MiB, 100 %, 592.51 W, 1980 MHz
2026/09/27 23:50:59.683, 3, 78919 MiB, 100 %, 567.59 W, 1980 MHz
2026/09/27 23:50:59.684, 4, 78919 MiB, 100 %, 589.51 W, 1980 MHz
2026/09/27 23:50:59.685, 5, 78919 MiB, 100 %, 597.16 W, 1980 MHz
2026/09/27 23:50:59.685, 6, 78919 MiB, 100 %, 592.02 W, 1980 MHz
2026/09/27 23:50:59.686, 7, 78919 MiB, 100 %, 590.28 W, 1980 MHz
2026/09/27 23:51:00.687, 0, 78919 MiB, 100 %, 490.26 W, 1425 MHz
2026/09/27 23:51:00.688, 1, 78919 MiB, 100 %, 600.81 W, 1980 MHz
2026/09/27 23:51:00.688, 2, 78919 MiB, 100 %, 588.18 W, 1980 MHz
2026/09/27 23:51:00.691, 3, 78919 MiB, 100 %, 571.87 W, 1980 MHz
2026/09/27 23:51:00.692, 4, 78919 MiB, 100 %, 574.52 W, 1980 MHz
2026/09/27 23:51:00.693, 5, 78919 MiB, 100 %, 574.59 W, 1980 MHz
2026/09/27 23:51:00.696, 6, 78919 MiB, 100 %, 592.89 W, 1980 MHz
2026/09/27 23:51:00.697, 7, 78919 MiB, 100 %, 567.19 W, 1980 MHz
2026/09/27 23:51:01.698, 0, 78919 MiB, 100 %, 498.67 W, 1410 MHz
2026/09/27 23:51:01.699, 1, 78919 MiB, 100 %, 599.89 W, 1980 MHz
2026/09/27 23:51:01.699, 2, 78919 MiB, 100 %, 585.56 W, 1980 MHz
2026/09/27 23:51:01.700, 3, 78919 MiB, 100 %, 581.00 W, 1980 MHz
2026/09/27 23:51:01.701, 4, 78919 MiB, 100 %, 570.75 W, 1980 MHz
2026/09/27 23:51:01.701, 5, 78919 MiB, 100 %, 593.06 W, 1980 MHz
2026/09/27 23:51:01.702, 6, 78919 MiB, 100 %, 600.24 W, 1980 MHz
2026/09/27 23:51:01.703, 7, 78919 MiB, 100 %, 574.77 W, 1980 MHz
2026/09/27 23:51:02.703, 0, 78919 MiB, 100 %, 507.09 W, 1410 MHz
2026/09/27 23:51:02.706, 1, 78919 MiB, 100 %, 603.47 W, 1980 MHz
2026/09/27 23:51:02.707, 2, 78919 MiB, 100 %, 601.08 W, 1980 MHz
2026/09/27 23:51:02.708, 3, 78919 MiB, 100 %, 590.02 W, 1980 MHz
2026/09/27 23:51:02.711, 4, 78919 MiB, 100 %, 585.23 W, 1980 MHz
2026/09/27 23:51:02.711, 5, 78919 MiB, 100 %, 602.47 W, 1980 MHz
2026/09/27 23:51:02.712, 6, 78919 MiB, 100 %, 604.10 W, 1965 MHz
2026/09/27 23:51:02.713, 7, 78919 MiB, 100 %, 587.33 W, 1980 MHz
2026/09/27 23:51:03.716, 0, 78919 MiB, 100 %, 518.77 W, 1380 MHz
2026/09/27 23:51:03.717, 1, 78919 MiB, 100 %, 621.46 W, 1980 MHz
2026/09/27 23:51:03.717, 2, 78919 MiB, 100 %, 609.44 W, 1980 MHz
2026/09/27 23:51:03.718, 3, 78919 MiB, 100 %, 591.99 W, 1980 MHz
2026/09/27 23:51:03.719, 4, 78919 MiB, 100 %, 592.17 W, 1980 MHz
2026/09/27 23:51:03.719, 5, 78919 MiB, 100 %, 615.82 W, 1980 MHz
2026/09/27 23:51:03.720, 6, 78919 MiB, 100 %, 619.00 W, 1980 MHz
2026/09/27 23:51:03.720, 7, 78919 MiB, 100 %, 593.87 W, 1980 MHz
2026/09/27 23:51:04.721, 0, 78919 MiB, 100 %, 520.88 W, 1425 MHz
2026/09/27 23:51:04.722, 1, 78919 MiB, 100 %, 626.23 W, 1965 MHz
2026/09/27 23:51:04.723, 2, 78919 MiB, 100 %, 616.37 W, 1980 MHz
2026/09/27 23:51:04.724, 3, 78919 MiB, 100 %, 605.89 W, 1980 MHz
2026/09/27 23:51:04.724, 4, 78919 MiB, 100 %, 596.75 W, 1980 MHz
2026/09/27 23:51:04.725, 5, 78919 MiB, 100 %, 616.68 W, 1980 MHz
2026/09/27 23:51:04.726, 6, 78919 MiB, 100 %, 622.83 W, 1965 MHz
2026/09/27 23:51:04.726, 7, 78919 MiB, 100 %, 591.18 W, 1980 MHz
2026/09/27 23:51:05.727, 0, 78919 MiB, 100 %, 522.90 W, 1320 MHz
2026/09/27 23:51:05.728, 1, 78919 MiB, 100 %, 626.31 W, 1980 MHz
2026/09/27 23:51:05.728, 2, 78919 MiB, 100 %, 616.60 W, 1965 MHz
2026/09/27 23:51:05.729, 3, 78919 MiB, 100 %, 609.63 W, 1980 MHz
2026/09/27 23:51:05.730, 4, 78919 MiB, 100 %, 603.98 W, 1980 MHz
2026/09/27 23:51:05.730, 5, 78919 MiB, 100 %, 612.53 W, 1980 MHz
2026/09/27 23:51:05.731, 6, 78919 MiB, 100 %, 616.15 W, 1965 MHz
2026/09/27 23:51:05.732, 7, 78919 MiB, 100 %, 604.74 W, 1965 MHz
2026/09/27 23:51:06.732, 0, 78919 MiB, 100 %, 488.38 W, 1410 MHz
2026/09/27 23:51:06.733, 1, 78919 MiB, 100 %, 611.76 W, 1980 MHz
2026/09/27 23:51:06.734, 2, 78919 MiB, 100 %, 606.87 W, 1965 MHz
2026/09/27 23:51:06.735, 3, 78919 MiB, 100 %, 594.52 W, 1980 MHz
2026/09/27 23:51:06.735, 4, 78919 MiB, 100 %, 594.11 W, 1980 MHz
2026/09/27 23:51:06.736, 5, 78919 MiB, 100 %, 608.22 W, 1965 MHz
2026/09/27 23:51:06.737, 6, 78919 MiB, 100 %, 604.13 W, 1965 MHz
2026/09/27 23:51:06.737, 7, 78919 MiB, 100 %, 599.68 W, 1965 MHz
2026/09/27 23:51:07.738, 0, 78919 MiB, 100 %, 498.85 W, 1395 MHz
2026/09/27 23:51:07.739, 1, 78919 MiB, 100 %, 621.77 W, 1965 MHz
2026/09/27 23:51:07.740, 2, 78919 MiB, 100 %, 612.24 W, 1965 MHz
2026/09/27 23:51:07.740, 3, 78919 MiB, 100 %, 605.94 W, 1965 MHz
2026/09/27 23:51:07.741, 4, 78919 MiB, 100 %, 596.61 W, 1980 MHz
2026/09/27 23:51:07.742, 5, 78919 MiB, 100 %, 609.54 W, 1950 MHz
2026/09/27 23:51:07.742, 6, 78919 MiB, 100 %, 612.57 W, 1935 MHz
2026/09/27 23:51:07.743, 7, 78919 MiB, 100 %, 593.83 W, 1965 MHz
2026/09/27 23:51:08.744, 0, 78919 MiB, 100 %, 490.81 W, 1350 MHz
2026/09/27 23:51:08.745, 1, 78919 MiB, 100 %, 617.17 W, 1980 MHz
2026/09/27 23:51:08.745, 2, 78919 MiB, 100 %, 606.03 W, 1980 MHz
2026/09/27 23:51:08.746, 3, 78919 MiB, 100 %, 595.23 W, 1965 MHz
2026/09/27 23:51:08.747, 4, 78919 MiB, 100 %, 595.27 W, 1965 MHz
2026/09/27 23:51:08.747, 5, 78919 MiB, 100 %, 612.85 W, 1965 MHz
2026/09/27 23:51:08.748, 6, 78919 MiB, 100 %, 611.67 W, 1965 MHz
2026/09/27 23:51:08.749, 7, 78919 MiB, 100 %, 595.78 W, 1965 MHz
2026/09/27 23:51:09.749, 0, 78919 MiB, 100 %, 502.17 W, 1680 MHz
2026/09/27 23:51:09.750, 1, 78919 MiB, 100 %, 609.70 W, 1980 MHz
2026/09/27 23:51:09.751, 2, 78919 MiB, 100 %, 598.53 W, 1980 MHz
2026/09/27 23:51:09.752, 3, 78919 MiB, 100 %, 586.22 W, 1980 MHz
2026/09/27 23:51:09.752, 4, 78919 MiB, 100 %, 591.95 W, 1980 MHz
2026/09/27 23:51:09.753, 5, 78919 MiB, 100 %, 605.50 W, 1980 MHz
2026/09/27 23:51:09.754, 6, 78919 MiB, 100 %, 608.48 W, 1980 MHz
2026/09/27 23:51:09.754, 7, 78919 MiB, 100 %, 588.40 W, 1980 MHz
2026/09/27 23:51:10.755, 0, 78919 MiB, 100 %, 515.42 W, 1725 MHz
2026/09/27 23:51:10.756, 1, 78919 MiB, 100 %, 565.17 W, 1980 MHz
2026/09/27 23:51:10.757, 2, 78919 MiB, 100 %, 555.77 W, 1980 MHz
2026/09/27 23:51:10.758, 3, 78919 MiB, 100 %, 540.81 W, 1980 MHz
2026/09/27 23:51:10.758, 4, 78919 MiB, 100 %, 541.48 W, 1980 MHz
2026/09/27 23:51:10.759, 5, 78919 MiB, 100 %, 540.49 W, 1980 MHz
2026/09/27 23:51:10.759, 6, 78919 MiB, 100 %, 571.75 W, 1980 MHz
2026/09/27 23:51:10.760, 7, 78919 MiB, 100 %, 530.03 W, 1980 MHz
2026/09/27 23:51:11.761, 0, 78919 MiB, 100 %, 526.50 W, 1785 MHz
2026/09/27 23:51:11.762, 1, 78919 MiB, 100 %, 588.40 W, 1980 MHz
2026/09/27 23:51:11.762, 2, 78919 MiB, 100 %, 563.04 W, 1980 MHz
2026/09/27 23:51:11.763, 3, 78919 MiB, 100 %, 554.52 W, 1980 MHz
2026/09/27 23:51:11.764, 4, 78919 MiB, 100 %, 547.99 W, 1980 MHz
2026/09/27 23:51:11.764, 5, 78919 MiB, 100 %, 568.61 W, 1980 MHz
2026/09/27 23:51:11.765, 6, 78919 MiB, 100 %, 579.68 W, 1980 MHz
2026/09/27 23:51:11.766, 7, 78919 MiB, 100 %, 552.10 W, 1980 MHz
2026/09/27 23:51:12.766, 0, 78919 MiB, 100 %, 525.55 W, 1530 MHz
2026/09/27 23:51:12.767, 1, 78919 MiB, 100 %, 593.65 W, 1980 MHz
2026/09/27 23:51:12.768, 2, 78919 MiB, 100 %, 580.59 W, 1980 MHz
2026/09/27 23:51:12.769, 3, 78919 MiB, 100 %, 565.21 W, 1980 MHz
2026/09/27 23:51:12.769, 4, 78919 MiB, 100 %, 552.53 W, 1980 MHz
2026/09/27 23:51:12.770, 5, 78919 MiB, 100 %, 567.33 W, 1980 MHz
2026/09/27 23:51:12.771, 6, 78919 MiB, 100 %, 591.97 W, 1980 MHz
2026/09/27 23:51:12.771, 7, 78919 MiB, 100 %, 557.13 W, 1980 MHz
2026/09/27 23:51:13.772, 0, 78919 MiB, 100 %, 530.69 W, 1695 MHz
2026/09/27 23:51:13.773, 1, 78919 MiB, 100 %, 593.35 W, 1980 MHz
2026/09/27 23:51:13.774, 2, 78919 MiB, 100 %, 590.80 W, 1980 MHz
2026/09/27 23:51:13.775, 3, 78919 MiB, 100 %, 585.73 W, 1980 MHz
2026/09/27 23:51:13.775, 4, 78919 MiB, 100 %, 557.81 W, 1980 MHz
2026/09/27 23:51:13.776, 5, 78919 MiB, 100 %, 577.28 W, 1980 MHz
2026/09/27 23:51:13.777, 6, 78919 MiB, 100 %, 603.82 W, 1980 MHz
2026/09/27 23:51:13.777, 7, 78919 MiB, 100 %, 560.35 W, 1980 MHz
2026/09/27 23:51:14.778, 0, 78919 MiB, 100 %, 540.94 W, 1650 MHz
2026/09/27 23:51:14.779, 1, 78919 MiB, 100 %, 634.07 W, 1980 MHz
2026/09/27 23:51:14.779, 2, 78919 MiB, 100 %, 621.26 W, 1980 MHz
2026/09/27 23:51:14.780, 3, 78919 MiB, 100 %, 574.60 W, 1980 MHz
2026/09/27 23:51:14.781, 4, 78919 MiB, 100 %, 570.25 W, 1980 MHz
2026/09/27 23:51:14.781, 5, 78919 MiB, 100 %, 588.35 W, 1980 MHz
2026/09/27 23:51:14.782, 6, 78919 MiB, 100 %, 600.76 W, 1980 MHz
2026/09/27 23:51:14.783, 7, 78919 MiB, 100 %, 574.26 W, 1980 MHz
2026/09/27 23:51:15.783, 0, 78919 MiB, 100 %, 516.95 W, 1485 MHz
2026/09/27 23:51:15.784, 1, 78919 MiB, 100 %, 620.62 W, 1980 MHz
2026/09/27 23:51:15.785, 2, 78919 MiB, 100 %, 606.55 W, 1980 MHz
2026/09/27 23:51:15.786, 3, 78919 MiB, 100 %, 574.80 W, 1980 MHz
2026/09/27 23:51:15.786, 4, 78919 MiB, 100 %, 579.35 W, 1980 MHz
2026/09/27 23:51:15.787, 5, 78919 MiB, 100 %, 588.00 W, 1980 MHz
2026/09/27 23:51:15.788, 6, 78919 MiB, 100 %, 603.55 W, 1980 MHz
2026/09/27 23:51:15.788, 7, 78919 MiB, 100 %, 580.43 W, 1980 MHz
2026/09/27 23:51:16.789, 0, 78919 MiB, 100 %, 495.94 W, 1410 MHz
2026/09/27 23:51:16.790, 1, 78919 MiB, 100 %, 607.44 W, 1980 MHz
2026/09/27 23:51:16.791, 2, 78919 MiB, 100 %, 597.64 W, 1980 MHz
2026/09/27 23:51:16.791, 3, 78919 MiB, 100 %, 585.65 W, 1980 MHz
2026/09/27 23:51:16.792, 4, 78919 MiB, 100 %, 574.97 W, 1980 MHz
2026/09/27 23:51:16.793, 5, 78919 MiB, 100 %, 601.52 W, 1980 MHz
2026/09/27 23:51:16.793, 6, 78919 MiB, 100 %, 604.85 W, 1980 MHz
2026/09/27 23:51:16.794, 7, 78919 MiB, 100 %, 583.08 W, 1980 MHz
2026/09/27 23:51:17.795, 0, 78919 MiB, 100 %, 498.02 W, 1485 MHz
2026/09/27 23:51:17.796, 1, 78919 MiB, 100 %, 619.41 W, 1980 MHz
2026/09/27 23:51:17.796, 2, 78919 MiB, 100 %, 601.78 W, 1980 MHz
2026/09/27 23:51:17.797, 3, 78919 MiB, 100 %, 589.92 W, 1980 MHz
2026/09/27 23:51:17.798, 4, 78919 MiB, 100 %, 589.41 W, 1980 MHz
2026/09/27 23:51:17.798, 5, 78919 MiB, 100 %, 607.18 W, 1980 MHz
2026/09/27 23:51:17.799, 6, 78919 MiB, 100 %, 614.14 W, 1980 MHz
2026/09/27 23:51:17.800, 7, 78919 MiB, 100 %, 591.81 W, 1980 MHz
2026/09/27 23:51:18.800, 0, 78919 MiB, 100 %, 503.92 W, 1425 MHz
2026/09/27 23:51:18.802, 1, 78919 MiB, 100 %, 613.59 W, 1965 MHz
2026/09/27 23:51:18.802, 2, 78919 MiB, 100 %, 607.80 W, 1980 MHz
2026/09/27 23:51:18.803, 3, 78919 MiB, 100 %, 597.30 W, 1980 MHz
2026/09/27 23:51:18.804, 4, 78919 MiB, 100 %, 593.46 W, 1980 MHz
2026/09/27 23:51:18.804, 5, 78919 MiB, 100 %, 607.36 W, 1980 MHz
2026/09/27 23:51:18.805, 6, 78919 MiB, 100 %, 608.91 W, 1935 MHz
2026/09/27 23:51:18.806, 7, 78919 MiB, 100 %, 590.11 W, 1980 MHz
2026/09/27 23:51:19.806, 0, 78919 MiB, 100 %, 501.31 W, 1425 MHz
2026/09/27 23:51:19.807, 1, 78919 MiB, 100 %, 613.74 W, 1980 MHz
2026/09/27 23:51:19.808, 2, 78919 MiB, 100 %, 602.89 W, 1980 MHz
2026/09/27 23:51:19.809, 3, 78919 MiB, 100 %, 610.17 W, 1965 MHz
2026/09/27 23:51:19.809, 4, 78919 MiB, 100 %, 588.38 W, 1980 MHz
2026/09/27 23:51:19.810, 5, 78919 MiB, 100 %, 607.26 W, 1980 MHz
2026/09/27 23:51:19.811, 6, 78919 MiB, 100 %, 613.35 W, 1980 MHz
2026/09/27 23:51:19.811, 7, 78919 MiB, 100 %, 591.43 W, 1980 MHz
2026/09/27 23:51:20.812, 0, 78919 MiB, 100 %, 515.38 W, 1485 MHz
2026/09/27 23:51:20.813, 1, 78919 MiB, 100 %, 624.01 W, 1980 MHz
2026/09/27 23:51:20.813, 2, 78919 MiB, 100 %, 613.01 W, 1965 MHz
2026/09/27 23:51:20.814, 3, 78919 MiB, 100 %, 601.17 W, 1980 MHz
2026/09/27 23:51:20.815, 4, 78919 MiB, 100 %, 604.91 W, 1980 MHz
2026/09/27 23:51:20.815, 5, 78919 MiB, 100 %, 619.91 W, 1980 MHz
2026/09/27 23:51:20.816, 6, 78919 MiB, 100 %, 614.39 W, 1980 MHz
2026/09/27 23:51:20.817, 7, 78919 MiB, 100 %, 594.81 W, 1980 MHz
2026/09/27 23:51:21.817, 0, 78919 MiB, 100 %, 509.11 W, 1395 MHz
2026/09/27 23:51:21.818, 1, 78919 MiB, 100 %, 619.93 W, 1965 MHz
2026/09/27 23:51:21.819, 2, 78919 MiB, 100 %, 612.20 W, 1965 MHz
2026/09/27 23:51:21.820, 3, 78919 MiB, 100 %, 598.25 W, 1980 MHz
2026/09/27 23:51:21.820, 4, 78919 MiB, 100 %, 596.32 W, 1980 MHz
2026/09/27 23:51:21.821, 5, 78919 MiB, 100 %, 617.62 W, 1965 MHz
2026/09/27 23:51:21.822, 6, 78919 MiB, 100 %, 609.10 W, 1980 MHz
2026/09/27 23:51:21.822, 7, 78919 MiB, 100 %, 589.19 W, 1965 MHz
2026/09/27 23:51:22.823, 0, 78919 MiB, 100 %, 493.65 W, 1395 MHz
2026/09/27 23:51:22.824, 1, 78919 MiB, 100 %, 613.92 W, 1980 MHz
2026/09/27 23:51:22.825, 2, 78919 MiB, 100 %, 615.00 W, 1965 MHz
2026/09/27 23:51:22.825, 3, 78919 MiB, 100 %, 599.31 W, 1965 MHz
2026/09/27 23:51:22.826, 4, 78919 MiB, 100 %, 595.18 W, 1980 MHz
2026/09/27 23:51:22.827, 5, 78919 MiB, 100 %, 609.71 W, 1965 MHz
2026/09/27 23:51:22.827, 6, 78919 MiB, 100 %, 619.04 W, 1980 MHz
2026/09/27 23:51:22.828, 7, 78919 MiB, 100 %, 598.10 W, 1980 MHz
2026/09/27 23:51:23.829, 0, 78919 MiB, 100 %, 500.55 W, 1380 MHz
2026/09/27 23:51:23.830, 1, 78919 MiB, 100 %, 605.97 W, 1965 MHz
2026/09/27 23:51:23.831, 2, 78919 MiB, 100 %, 618.99 W, 1980 MHz
2026/09/27 23:51:23.831, 3, 78919 MiB, 100 %, 596.93 W, 1965 MHz
2026/09/27 23:51:23.832, 4, 78919 MiB, 100 %, 602.79 W, 1980 MHz
2026/09/27 23:51:23.833, 5, 78919 MiB, 100 %, 622.98 W, 1980 MHz
2026/09/27 23:51:23.833, 6, 78919 MiB, 100 %, 615.76 W, 1980 MHz
2026/09/27 23:51:23.834, 7, 78919 MiB, 100 %, 598.41 W, 1980 MHz
2026/09/27 23:51:24.835, 0, 78919 MiB, 100 %, 497.14 W, 1770 MHz
2026/09/27 23:51:24.836, 1, 78919 MiB, 100 %, 597.32 W, 1980 MHz
2026/09/27 23:51:24.837, 2, 78919 MiB, 100 %, 576.74 W, 1980 MHz
2026/09/27 23:51:24.837, 3, 78919 MiB, 100 %, 578.37 W, 1980 MHz
2026/09/27 23:51:24.838, 4, 78919 MiB, 100 %, 573.96 W, 1980 MHz
2026/09/27 23:51:24.839, 5, 78919 MiB, 100 %, 580.20 W, 1980 MHz
2026/09/27 23:51:24.839, 6, 78919 MiB, 100 %, 594.17 W, 1980 MHz
2026/09/27 23:51:24.840, 7, 78919 MiB, 100 %, 569.19 W, 1980 MHz
2026/09/27 23:51:25.841, 0, 78919 MiB, 100 %, 528.03 W, 1680 MHz
2026/09/27 23:51:25.842, 1, 78919 MiB, 100 %, 581.44 W, 1980 MHz
2026/09/27 23:51:25.842, 2, 78919 MiB, 100 %, 562.41 W, 1980 MHz
2026/09/27 23:51:25.843, 3, 78919 MiB, 100 %, 539.69 W, 1980 MHz
2026/09/27 23:51:25.844, 4, 78919 MiB, 100 %, 542.83 W, 1980 MHz
2026/09/27 23:51:25.844, 5, 78919 MiB, 100 %, 554.31 W, 1980 MHz
2026/09/27 23:51:25.845, 6, 78919 MiB, 100 %, 571.68 W, 1980 MHz
2026/09/27 23:51:25.846, 7, 78919 MiB, 100 %, 539.75 W, 1980 MHz
2026/09/27 23:51:26.847, 0, 78919 MiB, 100 %, 527.24 W, 1650 MHz
2026/09/27 23:51:26.847, 1, 78919 MiB, 100 %, 594.47 W, 1980 MHz
2026/09/27 23:51:26.848, 2, 78919 MiB, 100 %, 576.72 W, 1980 MHz
2026/09/27 23:51:26.849, 3, 78919 MiB, 100 %, 558.89 W, 1980 MHz
2026/09/27 23:51:26.849, 4, 78919 MiB, 100 %, 550.35 W, 1980 MHz
2026/09/27 23:51:26.850, 5, 78919 MiB, 100 %, 567.96 W, 1980 MHz
2026/09/27 23:51:26.851, 6, 78919 MiB, 100 %, 593.06 W, 1980 MHz
2026/09/27 23:51:26.851, 7, 78919 MiB, 100 %, 554.69 W, 1980 MHz
2026/09/27 23:51:27.852, 0, 78919 MiB, 100 %, 534.64 W, 1710 MHz
2026/09/27 23:51:27.853, 1, 78919 MiB, 100 %, 601.84 W, 1980 MHz
2026/09/27 23:51:27.854, 2, 78919 MiB, 100 %, 578.65 W, 1980 MHz
2026/09/27 23:51:27.855, 3, 78919 MiB, 100 %, 572.70 W, 1980 MHz
2026/09/27 23:51:27.855, 4, 78919 MiB, 100 %, 564.62 W, 1980 MHz
2026/09/27 23:51:27.856, 5, 78919 MiB, 100 %, 575.41 W, 1980 MHz
2026/09/27 23:51:27.856, 6, 78919 MiB, 100 %, 587.70 W, 1980 MHz
2026/09/27 23:51:27.857, 7, 78919 MiB, 100 %, 564.98 W, 1980 MHz
2026/09/27 23:51:28.858, 0, 78919 MiB, 100 %, 548.74 W, 1575 MHz
2026/09/27 23:51:28.859, 1, 78919 MiB, 100 %, 598.98 W, 1980 MHz
2026/09/27 23:51:28.860, 2, 78919 MiB, 100 %, 590.25 W, 1980 MHz
2026/09/27 23:51:28.861, 3, 78919 MiB, 100 %, 593.27 W, 1980 MHz
2026/09/27 23:51:28.861, 4, 78919 MiB, 100 %, 568.88 W, 1980 MHz
2026/09/27 23:51:28.862, 5, 78919 MiB, 100 %, 579.21 W, 1980 MHz
2026/09/27 23:51:28.863, 6, 78919 MiB, 100 %, 615.56 W, 1980 MHz
2026/09/27 23:51:28.863, 7, 78919 MiB, 100 %, 564.77 W, 1980 MHz
2026/09/27 23:51:29.864, 0, 78919 MiB, 100 %, 517.56 W, 1545 MHz
2026/09/27 23:51:29.865, 1, 78919 MiB, 100 %, 615.44 W, 1980 MHz
2026/09/27 23:51:29.865, 2, 78919 MiB, 100 %, 602.58 W, 1980 MHz
2026/09/27 23:51:29.866, 3, 78919 MiB, 100 %, 571.98 W, 1980 MHz
2026/09/27 23:51:29.867, 4, 78919 MiB, 100 %, 578.95 W, 1980 MHz
2026/09/27 23:51:29.867, 5, 78919 MiB, 100 %, 594.94 W, 1980 MHz
2026/09/27 23:51:29.868, 6, 78919 MiB, 100 %, 607.24 W, 1980 MHz
2026/09/27 23:51:29.869, 7, 78919 MiB, 100 %, 578.88 W, 1980 MHz
2026/09/27 23:51:30.870, 0, 78919 MiB, 100 %, 530.80 W, 1455 MHz
2026/09/27 23:51:30.871, 1, 78919 MiB, 100 %, 623.57 W, 1980 MHz
2026/09/27 23:51:30.871, 2, 78919 MiB, 100 %, 610.55 W, 1980 MHz
2026/09/27 23:51:30.872, 3, 78919 MiB, 100 %, 590.42 W, 1980 MHz
2026/09/27 23:51:30.873, 4, 78919 MiB, 100 %, 590.77 W, 1980 MHz
2026/09/27 23:51:30.873, 5, 78919 MiB, 100 %, 606.68 W, 1980 MHz
2026/09/27 23:51:30.874, 6, 78919 MiB, 100 %, 610.85 W, 1980 MHz
2026/09/27 23:51:30.875, 7, 78919 MiB, 100 %, 592.36 W, 1980 MHz
2026/09/27 23:51:31.875, 0, 78919 MiB, 100 %, 539.22 W, 1470 MHz
2026/09/27 23:51:31.876, 1, 78919 MiB, 100 %, 609.73 W, 1980 MHz
2026/09/27 23:51:31.877, 2, 78919 MiB, 100 %, 612.65 W, 1980 MHz
2026/09/27 23:51:31.878, 3, 78919 MiB, 100 %, 589.70 W, 1980 MHz
2026/09/27 23:51:31.878, 4, 78919 MiB, 100 %, 595.85 W, 1980 MHz
2026/09/27 23:51:31.879, 5, 78919 MiB, 100 %, 611.57 W, 1980 MHz
2026/09/27 23:51:31.880, 6, 78919 MiB, 100 %, 608.72 W, 1980 MHz
2026/09/27 23:51:31.880, 7, 78919 MiB, 100 %, 587.69 W, 1980 MHz
2026/09/27 23:51:32.881, 0, 78919 MiB, 100 %, 511.89 W, 1380 MHz
2026/09/27 23:51:32.882, 1, 78919 MiB, 100 %, 613.02 W, 1980 MHz
2026/09/27 23:51:32.883, 2, 78919 MiB, 100 %, 614.27 W, 1980 MHz
2026/09/27 23:51:32.884, 3, 78919 MiB, 100 %, 599.43 W, 1980 MHz
2026/09/27 23:51:32.884, 4, 78919 MiB, 100 %, 585.88 W, 1980 MHz
2026/09/27 23:51:32.885, 5, 78919 MiB, 100 %, 609.45 W, 1980 MHz
2026/09/27 23:51:32.886, 6, 78919 MiB, 100 %, 614.08 W, 1980 MHz
2026/09/27 23:51:32.886, 7, 78919 MiB, 100 %, 582.28 W, 1980 MHz
2026/09/27 23:51:33.887, 0, 78919 MiB, 100 %, 471.73 W, 1365 MHz
2026/09/27 23:51:33.889, 1, 78919 MiB, 100 %, 605.49 W, 1965 MHz
2026/09/27 23:51:33.889, 2, 78919 MiB, 100 %, 598.60 W, 1980 MHz
2026/09/27 23:51:33.890, 3, 78919 MiB, 100 %, 583.21 W, 1980 MHz
2026/09/27 23:51:33.891, 4, 78919 MiB, 100 %, 578.85 W, 1980 MHz
2026/09/27 23:51:33.891, 5, 78919 MiB, 100 %, 598.12 W, 1980 MHz
2026/09/27 23:51:33.892, 6, 78919 MiB, 100 %, 604.26 W, 1980 MHz
2026/09/27 23:51:33.892, 7, 78919 MiB, 100 %, 576.79 W, 1980 MHz
2026/09/27 23:51:34.893, 0, 78919 MiB, 100 %, 484.41 W, 1395 MHz
2026/09/27 23:51:34.894, 1, 78919 MiB, 100 %, 606.69 W, 1965 MHz
2026/09/27 23:51:34.895, 2, 78919 MiB, 100 %, 602.08 W, 1980 MHz
2026/09/27 23:51:34.895, 3, 78919 MiB, 100 %, 591.38 W, 1980 MHz
2026/09/27 23:51:34.896, 4, 78919 MiB, 100 %, 588.61 W, 1980 MHz
2026/09/27 23:51:34.897, 5, 78919 MiB, 100 %, 607.03 W, 1980 MHz
2026/09/27 23:51:34.898, 6, 78919 MiB, 100 %, 606.23 W, 1965 MHz
2026/09/27 23:51:34.898, 7, 78919 MiB, 100 %, 589.66 W, 1980 MHz
2026/09/27 23:51:35.899, 0, 78919 MiB, 100 %, 499.21 W, 1395 MHz
2026/09/27 23:51:35.900, 1, 78919 MiB, 100 %, 613.59 W, 1980 MHz
2026/09/27 23:51:35.900, 2, 78919 MiB, 100 %, 606.40 W, 1980 MHz
2026/09/27 23:51:35.901, 3, 78919 MiB, 100 %, 602.44 W, 1980 MHz
2026/09/27 23:51:35.902, 4, 78919 MiB, 100 %, 589.29 W, 1965 MHz
2026/09/27 23:51:35.902, 5, 78919 MiB, 100 %, 604.36 W, 1980 MHz
2026/09/27 23:51:35.903, 6, 78919 MiB, 100 %, 622.34 W, 1980 MHz
2026/09/27 23:51:35.904, 7, 78919 MiB, 100 %, 587.41 W, 1980 MHz
2026/09/27 23:51:36.904, 0, 78919 MiB, 100 %, 501.81 W, 1365 MHz
2026/09/27 23:51:36.905, 1, 78919 MiB, 100 %, 613.73 W, 1980 MHz
2026/09/27 23:51:36.906, 2, 78919 MiB, 100 %, 611.22 W, 1965 MHz
2026/09/27 23:51:36.907, 3, 78919 MiB, 100 %, 589.58 W, 1965 MHz
2026/09/27 23:51:36.907, 4, 78919 MiB, 100 %, 596.47 W, 1980 MHz
2026/09/27 23:51:36.908, 5, 78919 MiB, 100 %, 617.30 W, 1965 MHz
2026/09/27 23:51:36.909, 6, 78919 MiB, 100 %, 615.12 W, 1950 MHz
2026/09/27 23:51:36.909, 7, 78919 MiB, 100 %, 593.21 W, 1980 MHz
2026/09/27 23:51:37.910, 0, 78919 MiB, 100 %, 515.63 W, 1455 MHz
2026/09/27 23:51:37.911, 1, 78919 MiB, 100 %, 623.62 W, 1965 MHz
2026/09/27 23:51:37.912, 2, 78919 MiB, 100 %, 610.20 W, 1980 MHz
2026/09/27 23:51:37.912, 3, 78919 MiB, 100 %, 607.70 W, 1965 MHz
2026/09/27 23:51:37.913, 4, 78919 MiB, 100 %, 605.75 W, 1980 MHz
2026/09/27 23:51:37.914, 5, 78919 MiB, 100 %, 619.11 W, 1935 MHz
2026/09/27 23:51:37.914, 6, 78919 MiB, 100 %, 621.15 W, 1950 MHz
2026/09/27 23:51:37.915, 7, 78919 MiB, 100 %, 599.62 W, 1980 MHz
2026/09/27 23:51:38.916, 0, 78919 MiB, 100 %, 518.15 W, 1425 MHz
2026/09/27 23:51:38.917, 1, 78919 MiB, 100 %, 623.46 W, 1980 MHz
2026/09/27 23:51:38.918, 2, 78919 MiB, 100 %, 616.57 W, 1980 MHz
2026/09/27 23:51:38.919, 3, 78919 MiB, 100 %, 595.98 W, 1965 MHz
2026/09/27 23:51:38.919, 4, 78919 MiB, 100 %, 602.95 W, 1965 MHz
2026/09/27 23:51:38.920, 5, 78919 MiB, 100 %, 620.23 W, 1965 MHz
2026/09/27 23:51:38.921, 6, 78919 MiB, 100 %, 614.83 W, 1965 MHz
2026/09/27 23:51:38.921, 7, 78919 MiB, 100 %, 604.09 W, 1965 MHz
2026/09/27 23:51:39.922, 0, 78919 MiB, 100 %, 500.76 W, 1590 MHz
2026/09/27 23:51:39.923, 1, 78919 MiB, 100 %, 591.58 W, 1980 MHz
2026/09/27 23:51:39.924, 2, 78919 MiB, 100 %, 567.64 W, 1980 MHz
2026/09/27 23:51:39.924, 3, 78919 MiB, 100 %, 560.25 W, 1980 MHz
2026/09/27 23:51:39.925, 4, 78919 MiB, 100 %, 554.01 W, 1980 MHz
2026/09/27 23:51:39.926, 5, 78919 MiB, 100 %, 570.30 W, 1980 MHz
2026/09/27 23:51:39.926, 6, 78919 MiB, 100 %, 585.01 W, 1980 MHz
2026/09/27 23:51:39.927, 7, 78919 MiB, 100 %, 559.42 W, 1980 MHz
2026/09/27 23:51:40.928, 0, 78919 MiB, 100 %, 515.81 W, 1590 MHz
2026/09/27 23:51:40.929, 1, 78919 MiB, 100 %, 578.43 W, 1980 MHz
2026/09/27 23:51:40.929, 2, 78919 MiB, 100 %, 557.74 W, 1980 MHz
2026/09/27 23:51:40.930, 3, 78919 MiB, 100 %, 545.71 W, 1980 MHz
2026/09/27 23:51:40.931, 4, 78919 MiB, 100 %, 550.05 W, 1980 MHz
2026/09/27 23:51:40.931, 5, 78919 MiB, 100 %, 546.91 W, 1980 MHz
2026/09/27 23:51:40.932, 6, 78919 MiB, 100 %, 574.54 W, 1980 MHz
2026/09/27 23:51:40.933, 7, 78919 MiB, 100 %, 543.48 W, 1980 MHz
2026/09/27 23:51:41.934, 0, 78919 MiB, 100 %, 520.47 W, 1635 MHz
2026/09/27 23:51:41.935, 1, 78919 MiB, 100 %, 594.76 W, 1980 MHz
2026/09/27 23:51:41.936, 2, 78919 MiB, 100 %, 571.46 W, 1980 MHz
2026/09/27 23:51:41.936, 3, 78919 MiB, 100 %, 561.91 W, 1980 MHz
2026/09/27 23:51:41.937, 4, 78919 MiB, 100 %, 560.32 W, 1980 MHz
2026/09/27 23:51:41.938, 5, 78919 MiB, 100 %, 562.87 W, 1980 MHz
2026/09/27 23:51:41.939, 6, 78919 MiB, 100 %, 586.11 W, 1980 MHz
2026/09/27 23:51:41.939, 7, 78919 MiB, 100 %, 558.50 W, 1980 MHz
2026/09/27 23:51:42.940, 0, 78919 MiB, 100 %, 522.20 W, 1560 MHz
2026/09/27 23:51:42.941, 1, 78919 MiB, 100 %, 595.38 W, 1980 MHz
2026/09/27 23:51:42.942, 2, 78919 MiB, 100 %, 583.35 W, 1980 MHz
2026/09/27 23:51:42.943, 3, 78919 MiB, 100 %, 579.28 W, 1980 MHz
2026/09/27 23:51:42.943, 4, 78919 MiB, 100 %, 570.71 W, 1980 MHz
2026/09/27 23:51:42.944, 5, 78919 MiB, 100 %, 579.45 W, 1980 MHz
2026/09/27 23:51:42.945, 6, 78919 MiB, 100 %, 593.83 W, 1980 MHz
2026/09/27 23:51:42.945, 7, 78919 MiB, 100 %, 566.97 W, 1980 MHz
2026/09/27 23:51:43.946, 0, 78919 MiB, 100 %, 524.91 W, 1500 MHz
2026/09/27 23:51:43.947, 1, 78919 MiB, 100 %, 614.77 W, 1980 MHz
2026/09/27 23:51:43.948, 2, 78919 MiB, 100 %, 595.79 W, 1980 MHz
2026/09/27 23:51:43.949, 3, 78919 MiB, 100 %, 577.45 W, 1980 MHz
2026/09/27 23:51:43.949, 4, 78919 MiB, 100 %, 594.29 W, 1980 MHz
2026/09/27 23:51:43.950, 5, 78919 MiB, 100 %, 591.46 W, 1980 MHz
2026/09/27 23:51:43.951, 6, 78919 MiB, 100 %, 596.83 W, 1980 MHz
2026/09/27 23:51:43.951, 7, 78919 MiB, 100 %, 588.41 W, 1980 MHz
2026/09/27 23:51:44.952, 0, 78919 MiB, 100 %, 515.14 W, 1440 MHz
2026/09/27 23:51:44.953, 1, 78919 MiB, 100 %, 612.91 W, 1980 MHz
2026/09/27 23:51:44.954, 2, 78919 MiB, 100 %, 589.10 W, 1980 MHz
2026/09/27 23:51:44.955, 3, 78919 MiB, 100 %, 575.81 W, 1980 MHz
2026/09/27 23:51:44.955, 4, 78919 MiB, 100 %, 594.51 W, 1980 MHz
2026/09/27 23:51:44.956, 5, 78919 MiB, 100 %, 595.11 W, 1980 MHz
2026/09/27 23:51:44.957, 6, 78919 MiB, 100 %, 612.50 W, 1980 MHz
2026/09/27 23:51:44.958, 7, 78919 MiB, 100 %, 589.05 W, 1980 MHz
2026/09/27 23:51:45.958, 0, 78919 MiB, 100 %, 523.86 W, 1425 MHz
2026/09/27 23:51:45.959, 1, 78919 MiB, 100 %, 620.71 W, 1980 MHz
2026/09/27 23:51:45.960, 2, 78919 MiB, 100 %, 610.99 W, 1980 MHz
2026/09/27 23:51:45.961, 3, 78919 MiB, 100 %, 583.28 W, 1980 MHz
2026/09/27 23:51:45.961, 4, 78919 MiB, 100 %, 586.70 W, 1980 MHz
2026/09/27 23:51:45.962, 5, 78919 MiB, 100 %, 603.37 W, 1980 MHz
2026/09/27 23:51:45.963, 6, 78919 MiB, 100 %, 604.16 W, 1980 MHz
2026/09/27 23:51:45.963, 7, 78919 MiB, 100 %, 588.71 W, 1980 MHz
2026/09/27 23:51:46.964, 0, 78919 MiB, 100 %, 503.33 W, 1470 MHz
2026/09/27 23:51:46.965, 1, 78919 MiB, 100 %, 609.45 W, 1980 MHz
2026/09/27 23:51:46.966, 2, 78919 MiB, 100 %, 606.78 W, 1980 MHz
2026/09/27 23:51:46.967, 3, 78919 MiB, 100 %, 594.19 W, 1980 MHz
2026/09/27 23:51:46.967, 4, 78919 MiB, 100 %, 573.86 W, 1980 MHz
2026/09/27 23:51:46.968, 5, 78919 MiB, 100 %, 599.02 W, 1980 MHz
2026/09/27 23:51:46.969, 6, 78919 MiB, 100 %, 611.12 W, 1980 MHz
2026/09/27 23:51:46.969, 7, 78919 MiB, 100 %, 577.99 W, 1980 MHz
2026/09/27 23:51:47.970, 0, 78919 MiB, 100 %, 519.56 W, 1440 MHz
2026/09/27 23:51:47.971, 1, 78919 MiB, 100 %, 616.01 W, 1980 MHz
2026/09/27 23:51:47.972, 2, 78919 MiB, 100 %, 612.24 W, 1980 MHz
2026/09/27 23:51:47.973, 3, 78919 MiB, 100 %, 597.30 W, 1980 MHz
2026/09/27 23:51:47.974, 4, 78919 MiB, 100 %, 591.24 W, 1980 MHz
2026/09/27 23:51:47.974, 5, 78919 MiB, 100 %, 612.24 W, 1980 MHz
2026/09/27 23:51:47.975, 6, 78919 MiB, 100 %, 618.08 W, 1980 MHz
2026/09/27 23:51:47.976, 7, 78919 MiB, 100 %, 591.43 W, 1980 MHz
2026/09/27 23:51:48.976, 0, 78919 MiB, 100 %, 483.58 W, 1335 MHz
2026/09/27 23:51:48.978, 1, 78919 MiB, 100 %, 604.87 W, 1980 MHz
2026/09/27 23:51:48.978, 2, 78919 MiB, 100 %, 601.02 W, 1980 MHz
2026/09/27 23:51:48.979, 3, 78919 MiB, 100 %, 592.38 W, 1980 MHz
2026/09/27 23:51:48.980, 4, 78919 MiB, 100 %, 582.67 W, 1980 MHz
2026/09/27 23:51:48.981, 5, 78919 MiB, 100 %, 606.39 W, 1980 MHz
2026/09/27 23:51:48.981, 6, 78919 MiB, 100 %, 608.90 W, 1980 MHz
2026/09/27 23:51:48.982, 7, 78919 MiB, 100 %, 580.96 W, 1980 MHz
2026/09/27 23:51:49.983, 0, 78919 MiB, 100 %, 470.58 W, 1380 MHz
2026/09/27 23:51:49.984, 1, 78919 MiB, 100 %, 611.49 W, 1980 MHz
2026/09/27 23:51:49.985, 2, 78919 MiB, 100 %, 599.65 W, 1980 MHz
2026/09/27 23:51:49.985, 3, 78919 MiB, 100 %, 587.77 W, 1980 MHz
2026/09/27 23:51:49.986, 4, 78919 MiB, 100 %, 580.82 W, 1980 MHz
2026/09/27 23:51:49.987, 5, 78919 MiB, 100 %, 601.74 W, 1965 MHz
2026/09/27 23:51:49.987, 6, 78919 MiB, 100 %, 599.00 W, 1965 MHz
2026/09/27 23:51:49.988, 7, 78919 MiB, 100 %, 583.39 W, 1980 MHz
2026/09/27 23:51:50.989, 0, 78919 MiB, 100 %, 490.51 W, 1470 MHz
2026/09/27 23:51:50.990, 1, 78919 MiB, 100 %, 608.71 W, 1965 MHz
2026/09/27 23:51:50.990, 2, 78919 MiB, 100 %, 596.93 W, 1980 MHz
2026/09/27 23:51:50.991, 3, 78919 MiB, 100 %, 596.81 W, 1965 MHz
2026/09/27 23:51:50.992, 4, 78919 MiB, 100 %, 590.49 W, 1965 MHz
2026/09/27 23:51:50.992, 5, 78919 MiB, 100 %, 607.63 W, 1980 MHz
2026/09/27 23:51:50.993, 6, 78919 MiB, 100 %, 610.29 W, 1965 MHz
2026/09/27 23:51:50.993, 7, 78919 MiB, 100 %, 594.91 W, 1980 MHz
2026/09/27 23:51:51.994, 0, 78919 MiB, 100 %, 475.61 W, 1260 MHz
2026/09/27 23:51:51.995, 1, 78919 MiB, 100 %, 611.99 W, 1965 MHz
2026/09/27 23:51:51.996, 2, 78919 MiB, 100 %, 603.70 W, 1980 MHz
2026/09/27 23:51:51.996, 3, 78919 MiB, 100 %, 588.54 W, 1950 MHz
2026/09/27 23:51:51.997, 4, 78919 MiB, 100 %, 585.98 W, 1965 MHz
2026/09/27 23:51:51.998, 5, 78919 MiB, 100 %, 611.09 W, 1965 MHz
2026/09/27 23:51:51.998, 6, 78919 MiB, 100 %, 610.32 W, 1980 MHz
2026/09/27 23:51:51.999, 7, 78919 MiB, 100 %, 596.29 W, 1980 MHz
2026/09/27 23:51:53.000, 0, 78919 MiB, 100 %, 445.70 W, 1365 MHz
2026/09/27 23:51:53.000, 1, 78919 MiB, 100 %, 598.99 W, 1965 MHz
2026/09/27 23:51:53.001, 2, 78919 MiB, 100 %, 596.62 W, 1980 MHz
2026/09/27 23:51:53.002, 3, 78919 MiB, 100 %, 585.09 W, 1965 MHz
2026/09/27 23:51:53.002, 4, 78919 MiB, 100 %, 578.44 W, 1980 MHz
2026/09/27 23:51:53.003, 5, 78919 MiB, 100 %, 599.76 W, 1965 MHz
2026/09/27 23:51:53.004, 6, 78919 MiB, 100 %, 605.11 W, 1965 MHz
2026/09/27 23:51:53.004, 7, 78919 MiB, 100 %, 581.32 W, 1980 MHz
2026/09/27 23:51:54.005, 0, 78919 MiB, 100 %, 471.79 W, 1440 MHz
2026/09/27 23:51:54.007, 1, 78919 MiB, 100 %, 607.44 W, 1980 MHz
2026/09/27 23:51:54.007, 2, 78919 MiB, 100 %, 605.25 W, 1965 MHz
2026/09/27 23:51:54.008, 3, 78919 MiB, 100 %, 586.60 W, 1965 MHz
2026/09/27 23:51:54.008, 4, 78919 MiB, 100 %, 592.11 W, 1980 MHz
2026/09/27 23:51:54.009, 5, 78919 MiB, 100 %, 610.27 W, 1965 MHz
2026/09/27 23:51:54.010, 6, 78919 MiB, 100 %, 607.18 W, 1965 MHz
2026/09/27 23:51:54.010, 7, 78919 MiB, 100 %, 598.32 W, 1980 MHz
2026/09/27 23:51:55.011, 0, 78919 MiB, 100 %, 498.78 W, 1815 MHz
2026/09/27 23:51:55.012, 1, 78919 MiB, 100 %, 578.31 W, 1980 MHz
2026/09/27 23:51:55.013, 2, 78919 MiB, 100 %, 561.83 W, 1980 MHz
2026/09/27 23:51:55.013, 3, 78919 MiB, 100 %, 548.78 W, 1980 MHz
2026/09/27 23:51:55.014, 4, 78919 MiB, 100 %, 556.58 W, 1980 MHz
2026/09/27 23:51:55.015, 5, 78919 MiB, 100 %, 569.86 W, 1980 MHz
2026/09/27 23:51:55.015, 6, 78919 MiB, 100 %, 573.60 W, 1980 MHz
2026/09/27 23:51:55.016, 7, 78919 MiB, 100 %, 557.37 W, 1980 MHz
2026/09/27 23:51:56.017, 0, 78919 MiB, 100 %, 520.91 W, 1725 MHz
2026/09/27 23:51:56.018, 1, 78919 MiB, 100 %, 581.28 W, 1980 MHz
2026/09/27 23:51:56.018, 2, 78919 MiB, 100 %, 557.60 W, 1980 MHz
2026/09/27 23:51:56.019, 3, 78919 MiB, 100 %, 542.65 W, 1980 MHz
2026/09/27 23:51:56.020, 4, 78919 MiB, 100 %, 547.74 W, 1980 MHz
2026/09/27 23:51:56.020, 5, 78919 MiB, 100 %, 555.92 W, 1980 MHz
2026/09/27 23:51:56.021, 6, 78919 MiB, 100 %, 574.68 W, 1980 MHz
2026/09/27 23:51:56.022, 7, 78919 MiB, 100 %, 546.37 W, 1980 MHz
2026/09/27 23:51:57.022, 0, 78919 MiB, 100 %, 537.11 W, 1620 MHz
2026/09/27 23:51:57.023, 1, 78919 MiB, 100 %, 597.33 W, 1980 MHz
2026/09/27 23:51:57.024, 2, 78919 MiB, 100 %, 578.68 W, 1980 MHz
2026/09/27 23:51:57.025, 3, 78919 MiB, 100 %, 569.05 W, 1980 MHz
2026/09/27 23:51:57.025, 4, 78919 MiB, 100 %, 560.56 W, 1980 MHz
2026/09/27 23:51:57.026, 5, 78919 MiB, 100 %, 570.34 W, 1980 MHz
2026/09/27 23:51:57.027, 6, 78919 MiB, 100 %, 597.03 W, 1980 MHz
2026/09/27 23:51:57.027, 7, 78919 MiB, 100 %, 557.41 W, 1980 MHz
2026/09/27 23:51:58.028, 0, 78919 MiB, 100 %, 532.10 W, 1665 MHz
2026/09/27 23:51:58.029, 1, 78919 MiB, 100 %, 603.52 W, 1980 MHz
2026/09/27 23:51:58.030, 2, 78919 MiB, 100 %, 587.12 W, 1980 MHz
2026/09/27 23:51:58.030, 3, 78919 MiB, 100 %, 576.34 W, 1980 MHz
2026/09/27 23:51:58.031, 4, 78919 MiB, 100 %, 573.59 W, 1980 MHz
2026/09/27 23:51:58.032, 5, 78919 MiB, 100 %, 580.36 W, 1980 MHz
2026/09/27 23:51:58.032, 6, 78919 MiB, 100 %, 599.39 W, 1980 MHz
2026/09/27 23:51:58.033, 7, 78919 MiB, 100 %, 566.06 W, 1980 MHz
2026/09/27 23:51:59.034, 0, 78919 MiB, 100 %, 527.29 W, 1590 MHz
2026/09/27 23:51:59.034, 1, 78919 MiB, 100 %, 591.32 W, 1980 MHz
2026/09/27 23:51:59.035, 2, 78919 MiB, 100 %, 574.58 W, 1980 MHz
2026/09/27 23:51:59.036, 3, 78919 MiB, 100 %, 582.26 W, 1980 MHz
2026/09/27 23:51:59.036, 4, 78919 MiB, 100 %, 582.07 W, 1980 MHz
2026/09/27 23:51:59.037, 5, 78919 MiB, 100 %, 606.67 W, 1980 MHz
2026/09/27 23:51:59.038, 6, 78919 MiB, 100 %, 595.26 W, 1980 MHz
2026/09/27 23:51:59.038, 7, 78919 MiB, 100 %, 589.30 W, 1980 MHz
2026/09/27 23:52:00.039, 0, 78919 MiB, 100 %, 502.21 W, 1455 MHz
2026/09/27 23:52:00.040, 1, 78919 MiB, 100 %, 612.63 W, 1980 MHz
2026/09/27 23:52:00.041, 2, 78919 MiB, 100 %, 593.94 W, 1980 MHz
2026/09/27 23:52:00.041, 3, 78919 MiB, 100 %, 572.19 W, 1980 MHz
2026/09/27 23:52:00.042, 4, 78919 MiB, 100 %, 586.97 W, 1980 MHz
2026/09/27 23:52:00.042, 5, 78919 MiB, 100 %, 591.71 W, 1980 MHz
2026/09/27 23:52:00.043, 6, 78919 MiB, 100 %, 594.63 W, 1980 MHz
2026/09/27 23:52:00.044, 7, 78919 MiB, 100 %, 589.06 W, 1980 MHz
2026/09/27 23:52:01.044, 0, 78919 MiB, 100 %, 510.00 W, 1500 MHz
2026/09/27 23:52:01.045, 1, 78919 MiB, 100 %, 596.97 W, 1980 MHz
2026/09/27 23:52:01.046, 2, 78919 MiB, 100 %, 598.15 W, 1980 MHz
2026/09/27 23:52:01.047, 3, 78919 MiB, 100 %, 588.73 W, 1980 MHz
2026/09/27 23:52:01.047, 4, 78919 MiB, 100 %, 579.44 W, 1980 MHz
2026/09/27 23:52:01.048, 5, 78919 MiB, 100 %, 602.37 W, 1980 MHz
2026/09/27 23:52:01.048, 6, 78919 MiB, 100 %, 612.36 W, 1980 MHz
2026/09/27 23:52:01.049, 7, 78919 MiB, 100 %, 578.63 W, 1980 MHz
2026/09/27 23:52:02.050, 0, 78919 MiB, 100 %, 513.21 W, 1485 MHz
2026/09/27 23:52:02.051, 1, 78919 MiB, 100 %, 605.96 W, 1980 MHz
2026/09/27 23:52:02.052, 2, 78919 MiB, 100 %, 603.63 W, 1980 MHz
2026/09/27 23:52:02.053, 3, 78919 MiB, 100 %, 593.82 W, 1980 MHz
2026/09/27 23:52:02.053, 4, 78919 MiB, 100 %, 579.71 W, 1980 MHz
2026/09/27 23:52:02.054, 5, 78919 MiB, 100 %, 599.61 W, 1980 MHz
2026/09/27 23:52:02.054, 6, 78919 MiB, 100 %, 612.12 W, 1980 MHz
2026/09/27 23:52:02.055, 7, 78919 MiB, 100 %, 588.05 W, 1980 MHz
2026/09/27 23:52:03.056, 0, 78919 MiB, 100 %, 521.70 W, 1500 MHz
2026/09/27 23:52:03.057, 1, 78919 MiB, 100 %, 620.76 W, 1980 MHz
2026/09/27 23:52:03.058, 2, 78919 MiB, 100 %, 614.87 W, 1980 MHz
2026/09/27 23:52:03.058, 3, 78919 MiB, 100 %, 599.97 W, 1980 MHz
2026/09/27 23:52:03.059, 4, 78919 MiB, 100 %, 590.72 W, 1980 MHz
2026/09/27 23:52:03.060, 5, 78919 MiB, 100 %, 613.76 W, 1980 MHz
2026/09/27 23:52:03.060, 6, 78919 MiB, 100 %, 613.70 W, 1980 MHz
2026/09/27 23:52:03.061, 7, 78919 MiB, 100 %, 590.45 W, 1980 MHz
2026/09/27 23:52:04.062, 0, 78919 MiB, 100 %, 487.89 W, 1335 MHz
2026/09/27 23:52:04.063, 1, 78919 MiB, 100 %, 621.14 W, 1980 MHz
2026/09/27 23:52:04.063, 2, 78919 MiB, 100 %, 606.79 W, 1980 MHz
2026/09/27 23:52:04.064, 3, 78919 MiB, 100 %, 591.45 W, 1980 MHz
2026/09/27 23:52:04.065, 4, 78919 MiB, 100 %, 580.74 W, 1980 MHz
2026/09/27 23:52:04.066, 5, 78919 MiB, 100 %, 609.27 W, 1980 MHz
2026/09/27 23:52:04.066, 6, 78919 MiB, 100 %, 611.33 W, 1980 MHz
2026/09/27 23:52:04.067, 7, 78919 MiB, 100 %, 586.73 W, 1980 MHz
2026/09/27 23:52:05.067, 0, 78919 MiB, 100 %, 473.30 W, 1440 MHz
2026/09/27 23:52:05.068, 1, 78919 MiB, 100 %, 599.78 W, 1980 MHz
2026/09/27 23:52:05.069, 2, 78919 MiB, 100 %, 593.84 W, 1980 MHz
2026/09/27 23:52:05.070, 3, 78919 MiB, 100 %, 593.13 W, 1980 MHz
2026/09/27 23:52:05.071, 4, 78919 MiB, 100 %, 586.57 W, 1980 MHz
2026/09/27 23:52:05.071, 5, 78919 MiB, 100 %, 602.84 W, 1980 MHz
2026/09/27 23:52:05.072, 6, 78919 MiB, 100 %, 602.81 W, 1980 MHz
2026/09/27 23:52:05.073, 7, 78919 MiB, 100 %, 590.45 W, 1965 MHz
2026/09/27 23:52:06.073, 0, 78919 MiB, 100 %, 491.05 W, 1380 MHz
2026/09/27 23:52:06.078, 1, 78919 MiB, 100 %, 612.11 W, 1950 MHz
2026/09/27 23:52:06.079, 2, 78919 MiB, 100 %, 608.86 W, 1965 MHz
2026/09/27 23:52:06.080, 3, 78919 MiB, 100 %, 599.59 W, 1965 MHz
2026/09/27 23:52:06.084, 4, 78919 MiB, 100 %, 593.31 W, 1980 MHz
2026/09/27 23:52:06.085, 5, 78919 MiB, 100 %, 605.32 W, 1965 MHz
2026/09/27 23:52:06.086, 6, 78919 MiB, 100 %, 612.81 W, 1980 MHz
2026/09/27 23:52:06.088, 7, 78919 MiB, 100 %, 586.36 W, 1980 MHz
2026/09/27 23:52:07.089, 0, 78919 MiB, 100 %, 494.19 W, 1380 MHz
2026/09/27 23:52:07.090, 1, 78919 MiB, 100 %, 616.66 W, 1980 MHz
2026/09/27 23:52:07.091, 2, 78919 MiB, 100 %, 606.90 W, 1965 MHz
2026/09/27 23:52:07.091, 3, 78919 MiB, 100 %, 607.90 W, 1980 MHz
2026/09/27 23:52:07.092, 4, 78919 MiB, 100 %, 604.76 W, 1965 MHz
2026/09/27 23:52:07.093, 5, 78919 MiB, 100 %, 615.00 W, 1980 MHz
2026/09/27 23:52:07.093, 6, 78919 MiB, 100 %, 617.60 W, 1980 MHz
2026/09/27 23:52:07.094, 7, 78919 MiB, 100 %, 603.58 W, 1980 MHz
2026/09/27 23:52:08.095, 0, 78919 MiB, 100 %, 508.30 W, 1440 MHz
2026/09/27 23:52:08.096, 1, 78919 MiB, 100 %, 627.52 W, 1965 MHz
2026/09/27 23:52:08.096, 2, 78919 MiB, 100 %, 612.02 W, 1965 MHz
2026/09/27 23:52:08.097, 3, 78919 MiB, 100 %, 606.23 W, 1980 MHz
2026/09/27 23:52:08.098, 4, 78919 MiB, 100 %, 607.66 W, 1980 MHz
2026/09/27 23:52:08.099, 5, 78919 MiB, 100 %, 618.90 W, 1980 MHz
2026/09/27 23:52:08.099, 6, 78919 MiB, 100 %, 626.17 W, 1980 MHz
2026/09/27 23:52:08.100, 7, 78919 MiB, 100 %, 599.67 W, 1980 MHz
2026/09/27 23:52:09.104, 0, 78919 MiB, 100 %, 515.91 W, 1590 MHz
2026/09/27 23:52:09.105, 1, 78919 MiB, 100 %, 627.27 W, 1980 MHz
2026/09/27 23:52:09.106, 2, 78919 MiB, 100 %, 618.97 W, 1965 MHz
2026/09/27 23:52:09.107, 3, 78919 MiB, 100 %, 597.02 W, 1965 MHz
2026/09/27 23:52:09.107, 4, 78919 MiB, 100 %, 591.68 W, 1980 MHz
2026/09/27 23:52:09.108, 5, 78919 MiB, 100 %, 612.50 W, 1965 MHz
2026/09/27 23:52:09.109, 6, 78919 MiB, 100 %, 615.79 W, 1965 MHz
2026/09/27 23:52:09.109, 7, 78919 MiB, 100 %, 594.00 W, 1965 MHz
2026/09/27 23:52:10.110, 0, 78919 MiB, 100 %, 501.14 W, 1740 MHz
2026/09/27 23:52:10.111, 1, 78919 MiB, 100 %, 576.98 W, 1980 MHz
2026/09/27 23:52:10.112, 2, 78919 MiB, 100 %, 555.67 W, 1980 MHz
2026/09/27 23:52:10.113, 3, 78919 MiB, 100 %, 536.01 W, 1980 MHz
2026/09/27 23:52:10.113, 4, 78919 MiB, 100 %, 541.24 W, 1980 MHz
2026/09/27 23:52:10.114, 5, 78919 MiB, 100 %, 555.94 W, 1980 MHz
2026/09/27 23:52:10.114, 6, 78919 MiB, 100 %, 564.21 W, 1980 MHz
2026/09/27 23:52:10.115, 7, 78919 MiB, 100 %, 539.60 W, 1980 MHz
2026/09/27 23:52:11.116, 0, 78919 MiB, 100 %, 521.20 W, 1650 MHz
2026/09/27 23:52:11.116, 1, 78919 MiB, 100 %, 580.77 W, 1980 MHz
2026/09/27 23:52:11.117, 2, 78919 MiB, 100 %, 567.03 W, 1980 MHz
2026/09/27 23:52:11.118, 3, 78919 MiB, 100 %, 554.09 W, 1980 MHz
2026/09/27 23:52:11.118, 4, 78919 MiB, 100 %, 546.71 W, 1980 MHz
2026/09/27 23:52:11.119, 5, 78919 MiB, 100 %, 558.02 W, 1980 MHz
2026/09/27 23:52:11.120, 6, 78919 MiB, 100 %, 570.34 W, 1980 MHz
2026/09/27 23:52:11.120, 7, 78919 MiB, 100 %, 543.96 W, 1980 MHz
2026/09/27 23:52:12.121, 0, 78919 MiB, 100 %, 529.07 W, 1815 MHz
2026/09/27 23:52:12.122, 1, 78919 MiB, 100 %, 596.46 W, 1980 MHz
2026/09/27 23:52:12.123, 2, 78919 MiB, 100 %, 574.65 W, 1980 MHz
2026/09/27 23:52:12.123, 3, 78919 MiB, 100 %, 564.39 W, 1980 MHz
2026/09/27 23:52:12.124, 4, 78919 MiB, 100 %, 564.80 W, 1980 MHz
2026/09/27 23:52:12.125, 5, 78919 MiB, 100 %, 572.94 W, 1980 MHz
2026/09/27 23:52:12.125, 6, 78919 MiB, 100 %, 588.64 W, 1980 MHz
2026/09/27 23:52:12.126, 7, 78919 MiB, 100 %, 555.83 W, 1980 MHz
2026/09/27 23:52:13.127, 0, 78919 MiB, 100 %, 553.85 W, 1845 MHz
2026/09/27 23:52:13.128, 1, 78919 MiB, 100 %, 612.06 W, 1980 MHz
2026/09/27 23:52:13.128, 2, 78919 MiB, 100 %, 591.62 W, 1980 MHz
2026/09/27 23:52:13.129, 3, 78919 MiB, 100 %, 583.36 W, 1980 MHz
2026/09/27 23:52:13.130, 4, 78919 MiB, 100 %, 577.18 W, 1980 MHz
2026/09/27 23:52:13.131, 5, 78919 MiB, 100 %, 593.26 W, 1980 MHz
2026/09/27 23:52:13.131, 6, 78919 MiB, 100 %, 611.74 W, 1980 MHz
2026/09/27 23:52:13.132, 7, 78919 MiB, 100 %, 573.31 W, 1980 MHz
2026/09/27 23:52:14.133, 0, 78919 MiB, 100 %, 523.59 W, 1500 MHz
2026/09/27 23:52:14.134, 1, 78919 MiB, 100 %, 612.58 W, 1980 MHz
2026/09/27 23:52:14.134, 2, 78919 MiB, 100 %, 591.24 W, 1980 MHz
2026/09/27 23:52:14.135, 3, 78919 MiB, 100 %, 577.26 W, 1980 MHz
2026/09/27 23:52:14.135, 4, 78919 MiB, 100 %, 607.80 W, 1980 MHz
2026/09/27 23:52:14.136, 5, 78919 MiB, 100 %, 618.36 W, 1980 MHz
2026/09/27 23:52:14.137, 6, 78919 MiB, 100 %, 595.65 W, 1980 MHz
2026/09/27 23:52:14.137, 7, 78919 MiB, 100 %, 597.94 W, 1980 MHz
2026/09/27 23:52:15.139, 0, 78919 MiB, 100 %, 554.71 W, 1440 MHz
2026/09/27 23:52:15.140, 1, 78919 MiB, 100 %, 626.93 W, 1980 MHz
2026/09/27 23:52:15.140, 2, 78919 MiB, 100 %, 621.46 W, 1980 MHz
2026/09/27 23:52:15.141, 3, 78919 MiB, 100 %, 592.59 W, 1980 MHz
2026/09/27 23:52:15.142, 4, 78919 MiB, 100 %, 579.17 W, 1980 MHz
2026/09/27 23:52:15.142, 5, 78919 MiB, 100 %, 581.58 W, 1980 MHz
2026/09/27 23:52:15.143, 6, 78919 MiB, 100 %, 621.71 W, 1980 MHz
2026/09/27 23:52:15.143, 7, 78919 MiB, 100 %, 577.98 W, 1980 MHz
2026/09/27 23:52:16.144, 0, 78919 MiB, 100 %, 451.41 W, 1290 MHz
2026/09/27 23:52:16.145, 1, 78919 MiB, 100 %, 594.90 W, 1980 MHz
2026/09/27 23:52:16.145, 2, 78919 MiB, 100 %, 577.06 W, 1980 MHz
2026/09/27 23:52:16.146, 3, 78919 MiB, 100 %, 564.41 W, 1980 MHz
2026/09/27 23:52:16.147, 4, 78919 MiB, 100 %, 566.13 W, 1980 MHz
2026/09/27 23:52:16.148, 5, 78919 MiB, 100 %, 579.42 W, 1980 MHz
2026/09/27 23:52:16.148, 6, 78919 MiB, 100 %, 586.06 W, 1980 MHz
2026/09/27 23:52:16.149, 7, 78919 MiB, 100 %, 568.03 W, 1980 MHz
2026/09/27 23:52:17.150, 0, 78919 MiB, 100 %, 465.52 W, 1395 MHz
2026/09/27 23:52:17.151, 1, 78919 MiB, 100 %, 590.02 W, 1980 MHz
2026/09/27 23:52:17.152, 2, 78919 MiB, 100 %, 590.90 W, 1980 MHz
2026/09/27 23:52:17.152, 3, 78919 MiB, 100 %, 584.52 W, 1980 MHz
2026/09/27 23:52:17.153, 4, 78919 MiB, 100 %, 569.12 W, 1980 MHz
2026/09/27 23:52:17.153, 5, 78919 MiB, 100 %, 588.88 W, 1980 MHz
2026/09/27 23:52:17.154, 6, 78919 MiB, 100 %, 594.97 W, 1980 MHz
2026/09/27 23:52:17.155, 7, 78919 MiB, 100 %, 575.84 W, 1980 MHz
2026/09/27 23:52:18.155, 0, 78919 MiB, 100 %, 492.59 W, 1425 MHz
2026/09/27 23:52:18.156, 1, 78919 MiB, 100 %, 608.18 W, 1980 MHz
2026/09/27 23:52:18.157, 2, 78919 MiB, 100 %, 600.66 W, 1980 MHz
2026/09/27 23:52:18.158, 3, 78919 MiB, 100 %, 594.76 W, 1980 MHz
2026/09/27 23:52:18.158, 4, 78919 MiB, 100 %, 588.69 W, 1980 MHz
2026/09/27 23:52:18.159, 5, 78919 MiB, 100 %, 607.38 W, 1980 MHz
2026/09/27 23:52:18.160, 6, 78919 MiB, 100 %, 609.11 W, 1980 MHz
2026/09/27 23:52:18.160, 7, 78919 MiB, 100 %, 580.78 W, 1980 MHz
2026/09/27 23:52:19.161, 0, 78919 MiB, 100 %, 504.66 W, 1410 MHz
2026/09/27 23:52:19.162, 1, 78919 MiB, 100 %, 613.93 W, 1980 MHz
2026/09/27 23:52:19.163, 2, 78919 MiB, 100 %, 608.07 W, 1980 MHz
2026/09/27 23:52:19.163, 3, 78919 MiB, 100 %, 598.32 W, 1980 MHz
2026/09/27 23:52:19.164, 4, 78919 MiB, 100 %, 590.83 W, 1980 MHz
2026/09/27 23:52:19.164, 5, 78919 MiB, 100 %, 619.10 W, 1965 MHz
2026/09/27 23:52:19.165, 6, 78919 MiB, 100 %, 622.64 W, 1965 MHz
2026/09/27 23:52:19.166, 7, 78919 MiB, 100 %, 586.64 W, 1980 MHz
2026/09/27 23:52:20.167, 0, 78919 MiB, 100 %, 501.17 W, 1260 MHz
2026/09/27 23:52:20.168, 1, 78919 MiB, 100 %, 620.02 W, 1980 MHz
2026/09/27 23:52:20.168, 2, 78919 MiB, 100 %, 607.80 W, 1980 MHz
2026/09/27 23:52:20.169, 3, 78919 MiB, 100 %, 596.24 W, 1965 MHz
2026/09/27 23:52:20.170, 4, 78919 MiB, 100 %, 597.95 W, 1980 MHz
2026/09/27 23:52:20.170, 5, 78919 MiB, 100 %, 612.53 W, 1965 MHz
2026/09/27 23:52:20.171, 6, 78919 MiB, 100 %, 611.01 W, 1965 MHz
2026/09/27 23:52:20.172, 7, 78919 MiB, 100 %, 591.70 W, 1980 MHz
2026/09/27 23:52:21.172, 0, 78919 MiB, 100 %, 444.45 W, 1350 MHz
2026/09/27 23:52:21.173, 1, 78919 MiB, 100 %, 600.01 W, 1965 MHz
2026/09/27 23:52:21.174, 2, 78919 MiB, 100 %, 597.29 W, 1965 MHz
2026/09/27 23:52:21.175, 3, 78919 MiB, 100 %, 577.78 W, 1965 MHz
2026/09/27 23:52:21.175, 4, 78919 MiB, 100 %, 585.09 W, 1980 MHz
2026/09/27 23:52:21.176, 5, 78919 MiB, 100 %, 593.93 W, 1980 MHz
2026/09/27 23:52:21.177, 6, 78919 MiB, 100 %, 598.35 W, 1965 MHz
2026/09/27 23:52:21.177, 7, 78919 MiB, 100 %, 582.00 W, 1980 MHz
2026/09/27 23:52:22.178, 0, 78919 MiB, 100 %, 471.29 W, 1395 MHz
2026/09/27 23:52:22.179, 1, 78919 MiB, 100 %, 613.86 W, 1965 MHz
2026/09/27 23:52:22.180, 2, 78919 MiB, 100 %, 609.81 W, 1965 MHz
2026/09/27 23:52:22.180, 3, 78919 MiB, 100 %, 591.53 W, 1980 MHz
2026/09/27 23:52:22.181, 4, 78919 MiB, 100 %, 597.05 W, 1965 MHz
2026/09/27 23:52:22.181, 5, 78919 MiB, 100 %, 609.10 W, 1965 MHz
2026/09/27 23:52:22.182, 6, 78919 MiB, 100 %, 610.04 W, 1965 MHz
2026/09/27 23:52:22.183, 7, 78919 MiB, 100 %, 590.01 W, 1980 MHz
2026/09/27 23:52:23.183, 0, 78919 MiB, 100 %, 496.11 W, 1470 MHz
2026/09/27 23:52:23.184, 1, 78919 MiB, 100 %, 622.78 W, 1980 MHz
2026/09/27 23:52:23.185, 2, 78919 MiB, 100 %, 611.70 W, 1980 MHz
2026/09/27 23:52:23.186, 3, 78919 MiB, 100 %, 600.94 W, 1965 MHz
2026/09/27 23:52:23.187, 4, 78919 MiB, 100 %, 603.22 W, 1965 MHz
2026/09/27 23:52:23.187, 5, 78919 MiB, 100 %, 621.82 W, 1950 MHz
2026/09/27 23:52:23.188, 6, 78919 MiB, 100 %, 608.18 W, 1950 MHz
2026/09/27 23:52:23.189, 7, 78919 MiB, 100 %, 596.49 W, 1965 MHz
2026/09/27 23:52:24.189, 0, 78919 MiB, 100 %, 470.07 W, 1725 MHz
2026/09/27 23:52:24.190, 1, 78919 MiB, 83 %, 575.42 W, 1965 MHz
2026/09/27 23:52:24.191, 2, 78919 MiB, 98 %, 583.86 W, 1965 MHz
2026/09/27 23:52:24.192, 3, 78919 MiB, 90 %, 579.96 W, 1965 MHz
2026/09/27 23:52:24.192, 4, 78919 MiB, 100 %, 551.33 W, 1980 MHz
2026/09/27 23:52:24.193, 5, 78919 MiB, 70 %, 576.68 W, 1980 MHz
2026/09/27 23:52:24.194, 6, 78919 MiB, 100 %, 586.06 W, 1965 MHz
2026/09/27 23:52:24.194, 7, 78919 MiB, 63 %, 551.18 W, 1980 MHz
2026/09/27 23:52:25.195, 0, 78919 MiB, 100 %, 391.78 W, 1980 MHz
2026/09/27 23:52:25.196, 1, 78919 MiB, 100 %, 340.43 W, 1980 MHz
2026/09/27 23:52:25.196, 2, 78919 MiB, 98 %, 348.66 W, 1980 MHz
2026/09/27 23:52:25.197, 3, 78919 MiB, 98 %, 341.70 W, 1980 MHz
2026/09/27 23:52:25.198, 4, 78919 MiB, 98 %, 332.98 W, 1980 MHz
2026/09/27 23:52:25.198, 5, 78919 MiB, 98 %, 338.30 W, 1980 MHz
2026/09/27 23:52:25.199, 6, 78919 MiB, 100 %, 341.01 W, 1980 MHz
2026/09/27 23:52:25.200, 7, 78919 MiB, 100 %, 331.25 W, 1980 MHz
2026/09/27 23:52:26.200, 0, 78919 MiB, 97 %, 357.08 W, 1980 MHz
2026/09/27 23:52:26.201, 1, 78919 MiB, 97 %, 296.67 W, 1980 MHz
2026/09/27 23:52:26.202, 2, 78919 MiB, 100 %, 297.08 W, 1980 MHz
2026/09/27 23:52:26.203, 3, 78919 MiB, 100 %, 302.53 W, 1980 MHz
2026/09/27 23:52:26.204, 4, 78919 MiB, 100 %, 284.03 W, 1980 MHz
2026/09/27 23:52:26.204, 5, 78919 MiB, 97 %, 290.52 W, 1980 MHz
2026/09/27 23:52:26.205, 6, 78919 MiB, 100 %, 304.58 W, 1980 MHz
2026/09/27 23:52:26.206, 7, 78919 MiB, 97 %, 285.90 W, 1980 MHz
