timestamp, index, memory.used [MiB], utilization.gpu [%], power.draw [W], clocks.current.sm [MHz], utilization.memory [%], temperature.gpu
2026/10/10 15:27:44.396, 0, 76045 MiB, 0 %, 177.59 W, 1980 MHz, 0 %, 34
2026/10/10 15:27:44.406, 1, 76045 MiB, 0 %, 184.08 W, 1980 MHz, 0 %, 58
2026/10/10 15:27:44.414, 2, 76045 MiB, 0 %, 169.38 W, 1980 MHz, 0 %, 39
2026/10/10 15:27:44.422, 3, 76045 MiB, 0 %, 164.92 W, 1980 MHz, 0 %, 33
2026/10/10 15:27:44.429, 4, 76045 MiB, 0 %, 159.69 W, 1980 MHz, 0 %, 33
2026/10/10 15:27:44.437, 5, 76045 MiB, 0 %, 164.70 W, 1980 MHz, 0 %, 39
2026/10/10 15:27:44.445, 6, 76045 MiB, 0 %, 154.60 W, 1980 MHz, 0 %, 37
2026/10/10 15:27:44.453, 7, 76045 MiB, 0 %, 181.15 W, 1980 MHz, 0 %, 69
2026/10/10 15:27:45.461, 0, 76045 MiB, 0 %, 124.36 W, 1980 MHz, 0 %, 33
2026/10/10 15:27:45.461, 1, 76045 MiB, 0 %, 137.61 W, 1980 MHz, 0 %, 57
2026/10/10 15:27:45.461, 2, 76045 MiB, 0 %, 124.77 W, 1980 MHz, 0 %, 38
2026/10/10 15:27:45.461, 3, 76045 MiB, 0 %, 121.28 W, 1980 MHz, 0 %, 32
2026/10/10 15:27:45.461, 4, 76045 MiB, 0 %, 118.02 W, 1980 MHz, 0 %, 32
2026/10/10 15:27:45.461, 5, 76045 MiB, 0 %, 121.65 W, 1980 MHz, 0 %, 38
2026/10/10 15:27:45.461, 6, 76045 MiB, 0 %, 116.80 W, 1980 MHz, 0 %, 35
2026/10/10 15:27:45.461, 7, 76045 MiB, 0 %, 145.93 W, 1980 MHz, 0 %, 68
2026/10/10 15:27:46.461, 0, 76045 MiB, 0 %, 123.73 W, 1980 MHz, 0 %, 32
2026/10/10 15:27:46.461, 1, 76045 MiB, 0 %, 137.27 W, 1980 MHz, 0 %, 57
2026/10/10 15:27:46.461, 2, 76045 MiB, 0 %, 124.54 W, 1980 MHz, 0 %, 38
2026/10/10 15:27:46.461, 3, 76045 MiB, 0 %, 119.86 W, 1980 MHz, 0 %, 31
2026/10/10 15:27:46.462, 4, 76045 MiB, 0 %, 117.71 W, 1980 MHz, 0 %, 32
2026/10/10 15:27:46.462, 5, 76045 MiB, 0 %, 121.20 W, 1980 MHz, 0 %, 37
2026/10/10 15:27:46.462, 6, 76045 MiB, 0 %, 116.42 W, 1980 MHz, 0 %, 35
2026/10/10 15:27:46.462, 7, 76045 MiB, 0 %, 144.79 W, 1980 MHz, 0 %, 68
2026/10/10 15:27:47.462, 0, 76045 MiB, 0 %, 123.08 W, 1980 MHz, 0 %, 32
2026/10/10 15:27:47.462, 1, 76045 MiB, 0 %, 136.88 W, 1980 MHz, 0 %, 56
2026/10/10 15:27:47.462, 2, 76045 MiB, 0 %, 124.32 W, 1980 MHz, 0 %, 38
2026/10/10 15:27:47.462, 3, 76045 MiB, 0 %, 118.94 W, 1980 MHz, 0 %, 31
2026/10/10 15:27:47.462, 4, 76045 MiB, 0 %, 117.49 W, 1980 MHz, 0 %, 31
2026/10/10 15:27:47.462, 5, 76045 MiB, 0 %, 120.88 W, 1980 MHz, 0 %, 36
2026/10/10 15:27:47.462, 6, 76045 MiB, 0 %, 116.07 W, 1980 MHz, 0 %, 34
2026/10/10 15:27:47.462, 7, 76045 MiB, 0 %, 144.32 W, 1980 MHz, 0 %, 68
2026/10/10 15:27:48.463, 0, 76045 MiB, 0 %, 121.74 W, 1980 MHz, 0 %, 31
2026/10/10 15:27:48.463, 1, 76045 MiB, 0 %, 136.65 W, 1980 MHz, 0 %, 56
2026/10/10 15:27:48.463, 2, 76045 MiB, 0 %, 124.16 W, 1980 MHz, 0 %, 37
2026/10/10 15:27:48.463, 3, 76045 MiB, 0 %, 118.63 W, 1980 MHz, 0 %, 30
2026/10/10 15:27:48.463, 4, 76045 MiB, 0 %, 117.29 W, 1980 MHz, 0 %, 31
2026/10/10 15:27:48.463, 5, 76045 MiB, 0 %, 120.60 W, 1980 MHz, 0 %, 36
2026/10/10 15:27:48.463, 6, 76045 MiB, 0 %, 114.95 W, 1980 MHz, 0 %, 34
2026/10/10 15:27:48.463, 7, 76045 MiB, 0 %, 143.94 W, 1980 MHz, 0 %, 67
2026/10/10 15:27:49.463, 0, 76045 MiB, 0 %, 121.57 W, 1980 MHz, 0 %, 31
2026/10/10 15:27:49.463, 1, 76045 MiB, 0 %, 136.51 W, 1980 MHz, 0 %, 56
2026/10/10 15:27:49.463, 2, 76045 MiB, 0 %, 124.01 W, 1980 MHz, 0 %, 37
2026/10/10 15:27:49.464, 3, 76045 MiB, 0 %, 118.49 W, 1980 MHz, 0 %, 30
2026/10/10 15:27:49.464, 4, 76045 MiB, 0 %, 117.08 W, 1980 MHz, 0 %, 31
2026/10/10 15:27:49.464, 5, 76045 MiB, 0 %, 120.40 W, 1980 MHz, 0 %, 36
2026/10/10 15:27:49.464, 6, 76045 MiB, 0 %, 114.78 W, 1980 MHz, 0 %, 33
2026/10/10 15:27:49.464, 7, 76045 MiB, 0 %, 143.73 W, 1980 MHz, 0 %, 67
2026/10/10 15:27:50.464, 0, 76045 MiB, 0 %, 121.39 W, 1980 MHz, 0 %, 31
2026/10/10 15:27:50.464, 1, 76045 MiB, 0 %, 136.38 W, 1980 MHz, 0 %, 56
2026/10/10 15:27:50.464, 2, 76045 MiB, 0 %, 123.84 W, 1980 MHz, 0 %, 37
2026/10/10 15:27:50.464, 3, 76045 MiB, 0 %, 118.31 W, 1980 MHz, 0 %, 30
2026/10/10 15:27:50.464, 4, 76045 MiB, 0 %, 117.06 W, 1980 MHz, 0 %, 30
2026/10/10 15:27:50.464, 5, 76045 MiB, 0 %, 120.26 W, 1980 MHz, 0 %, 35
2026/10/10 15:27:50.464, 6, 76045 MiB, 0 %, 114.60 W, 1980 MHz, 0 %, 33
2026/10/10 15:27:50.464, 7, 76045 MiB, 0 %, 143.57 W, 1980 MHz, 0 %, 67
2026/10/10 15:27:51.465, 0, 76045 MiB, 0 %, 121.20 W, 1980 MHz, 0 %, 30
2026/10/10 15:27:51.465, 1, 76045 MiB, 0 %, 136.22 W, 1980 MHz, 0 %, 56
2026/10/10 15:27:51.465, 2, 76045 MiB, 0 %, 123.70 W, 1980 MHz, 0 %, 37
2026/10/10 15:27:51.465, 3, 76045 MiB, 0 %, 118.22 W, 1980 MHz, 0 %, 30
2026/10/10 15:27:51.465, 4, 76045 MiB, 0 %, 116.55 W, 1980 MHz, 0 %, 30
2026/10/10 15:27:51.465, 5, 76045 MiB, 0 %, 120.00 W, 1980 MHz, 0 %, 35
2026/10/10 15:27:51.465, 6, 76045 MiB, 0 %, 114.50 W, 1980 MHz, 0 %, 33
2026/10/10 15:27:51.465, 7, 76045 MiB, 0 %, 143.32 W, 1980 MHz, 0 %, 67
2026/10/10 15:27:52.465, 0, 76045 MiB, 0 %, 121.10 W, 1980 MHz, 0 %, 30
2026/10/10 15:27:52.466, 1, 76045 MiB, 0 %, 136.09 W, 1980 MHz, 0 %, 56
2026/10/10 15:27:52.466, 2, 76045 MiB, 0 %, 123.56 W, 1980 MHz, 0 %, 37
2026/10/10 15:27:52.466, 3, 76045 MiB, 0 %, 118.06 W, 1980 MHz, 0 %, 29
2026/10/10 15:27:52.466, 4, 76045 MiB, 0 %, 116.15 W, 1980 MHz, 0 %, 30
2026/10/10 15:27:52.466, 5, 76045 MiB, 0 %, 119.90 W, 1980 MHz, 0 %, 35
2026/10/10 15:27:52.466, 6, 76045 MiB, 0 %, 114.39 W, 1980 MHz, 0 %, 33
2026/10/10 15:27:52.466, 7, 76045 MiB, 0 %, 143.11 W, 1980 MHz, 0 %, 67
2026/10/10 15:27:53.466, 0, 76045 MiB, 0 %, 120.96 W, 1980 MHz, 0 %, 30
2026/10/10 15:27:53.466, 1, 76045 MiB, 0 %, 136.00 W, 1980 MHz, 0 %, 55
2026/10/10 15:27:53.466, 2, 76045 MiB, 0 %, 123.48 W, 1980 MHz, 0 %, 36
2026/10/10 15:27:53.466, 3, 76045 MiB, 0 %, 118.01 W, 1980 MHz, 0 %, 29
2026/10/10 15:27:53.466, 4, 76045 MiB, 0 %, 116.07 W, 1980 MHz, 0 %, 30
2026/10/10 15:27:53.466, 5, 76045 MiB, 0 %, 119.70 W, 1980 MHz, 0 %, 35
2026/10/10 15:27:53.467, 6, 76045 MiB, 0 %, 114.32 W, 1980 MHz, 0 %, 32
2026/10/10 15:27:53.467, 7, 76045 MiB, 0 %, 142.98 W, 1980 MHz, 0 %, 67
2026/10/10 15:27:54.467, 0, 76045 MiB, 100 %, 326.39 W, 1980 MHz, 22 %, 38
2026/10/10 15:27:54.467, 1, 76045 MiB, 100 %, 349.02 W, 1980 MHz, 49 %, 62
2026/10/10 15:27:54.467, 2, 76045 MiB, 100 %, 335.73 W, 1980 MHz, 22 %, 43
2026/10/10 15:27:54.467, 3, 76045 MiB, 100 %, 331.91 W, 1980 MHz, 39 %, 35
2026/10/10 15:27:54.467, 4, 76045 MiB, 100 %, 327.99 W, 1980 MHz, 38 %, 36
2026/10/10 15:27:54.467, 5, 76045 MiB, 100 %, 330.20 W, 1980 MHz, 21 %, 41
2026/10/10 15:27:54.467, 6, 76045 MiB, 100 %, 315.74 W, 1980 MHz, 50 %, 43
2026/10/10 15:27:54.467, 7, 76045 MiB, 100 %, 350.95 W, 1980 MHz, 49 %, 76
2026/10/10 15:27:55.467, 0, 76045 MiB, 100 %, 237.70 W, 1980 MHz, 21 %, 34
2026/10/10 15:27:55.468, 1, 76045 MiB, 100 %, 261.67 W, 1980 MHz, 22 %, 58
2026/10/10 15:27:55.468, 2, 76045 MiB, 100 %, 243.30 W, 1980 MHz, 21 %, 39
2026/10/10 15:27:55.468, 3, 76045 MiB, 100 %, 238.65 W, 1980 MHz, 21 %, 33
2026/10/10 15:27:55.468, 4, 76045 MiB, 100 %, 234.89 W, 1980 MHz, 21 %, 33
2026/10/10 15:27:55.468, 5, 76045 MiB, 100 %, 242.38 W, 1980 MHz, 21 %, 38
2026/10/10 15:27:55.468, 6, 76045 MiB, 100 %, 236.04 W, 1980 MHz, 22 %, 36
2026/10/10 15:27:55.468, 7, 76045 MiB, 100 %, 267.36 W, 1980 MHz, 20 %, 70
2026/10/10 15:27:56.468, 0, 76045 MiB, 100 %, 239.35 W, 1980 MHz, 21 %, 34
2026/10/10 15:27:56.468, 1, 76045 MiB, 100 %, 265.50 W, 1980 MHz, 21 %, 58
2026/10/10 15:27:56.468, 2, 76045 MiB, 100 %, 242.82 W, 1980 MHz, 21 %, 39
2026/10/10 15:27:56.468, 3, 76045 MiB, 100 %, 238.66 W, 1980 MHz, 22 %, 32
2026/10/10 15:27:56.468, 4, 76045 MiB, 100 %, 235.24 W, 1980 MHz, 21 %, 33
2026/10/10 15:27:56.468, 5, 76045 MiB, 100 %, 240.98 W, 1980 MHz, 21 %, 38
2026/10/10 15:27:56.469, 6, 76045 MiB, 100 %, 236.38 W, 1980 MHz, 22 %, 36
2026/10/10 15:27:56.469, 7, 76045 MiB, 100 %, 268.98 W, 1980 MHz, 21 %, 70
2026/10/10 15:27:57.469, 0, 76045 MiB, 100 %, 239.58 W, 1980 MHz, 21 %, 34
2026/10/10 15:27:57.469, 1, 76045 MiB, 100 %, 265.49 W, 1980 MHz, 22 %, 58
2026/10/10 15:27:57.469, 2, 76045 MiB, 100 %, 242.48 W, 1980 MHz, 21 %, 39
2026/10/10 15:27:57.469, 3, 76045 MiB, 100 %, 238.95 W, 1980 MHz, 21 %, 32
2026/10/10 15:27:57.469, 4, 76045 MiB, 100 %, 235.96 W, 1980 MHz, 21 %, 33
2026/10/10 15:27:57.469, 5, 76045 MiB, 100 %, 240.60 W, 1980 MHz, 21 %, 38
2026/10/10 15:27:57.469, 6, 76045 MiB, 100 %, 236.04 W, 1980 MHz, 22 %, 36
2026/10/10 15:27:57.469, 7, 76045 MiB, 100 %, 267.14 W, 1980 MHz, 21 %, 69
2026/10/10 15:27:58.469, 0, 76045 MiB, 100 %, 239.43 W, 1980 MHz, 21 %, 34
2026/10/10 15:27:58.470, 1, 76045 MiB, 100 %, 265.68 W, 1980 MHz, 22 %, 58
2026/10/10 15:27:58.470, 2, 76045 MiB, 100 %, 244.91 W, 1980 MHz, 21 %, 39
2026/10/10 15:27:58.470, 3, 76045 MiB, 100 %, 239.88 W, 1980 MHz, 22 %, 32
2026/10/10 15:27:58.470, 4, 76045 MiB, 100 %, 234.21 W, 1980 MHz, 21 %, 33
2026/10/10 15:27:58.470, 5, 76045 MiB, 100 %, 243.59 W, 1980 MHz, 21 %, 38
2026/10/10 15:27:58.470, 6, 76045 MiB, 100 %, 235.13 W, 1980 MHz, 22 %, 35
2026/10/10 15:27:58.470, 7, 76045 MiB, 100 %, 266.99 W, 1980 MHz, 21 %, 69
2026/10/10 15:27:59.470, 0, 76045 MiB, 100 %, 238.91 W, 1980 MHz, 20 %, 34
2026/10/10 15:27:59.470, 1, 76045 MiB, 100 %, 265.69 W, 1980 MHz, 22 %, 58
2026/10/10 15:27:59.470, 2, 76045 MiB, 100 %, 242.63 W, 1980 MHz, 21 %, 39
2026/10/10 15:27:59.470, 3, 76045 MiB, 100 %, 241.34 W, 1980 MHz, 22 %, 32
2026/10/10 15:27:59.471, 4, 76045 MiB, 100 %, 234.21 W, 1980 MHz, 20 %, 33
2026/10/10 15:27:59.471, 5, 76045 MiB, 100 %, 243.05 W, 1980 MHz, 21 %, 38
2026/10/10 15:27:59.471, 6, 76045 MiB, 100 %, 235.08 W, 1980 MHz, 22 %, 35
2026/10/10 15:27:59.471, 7, 76045 MiB, 100 %, 266.94 W, 1980 MHz, 20 %, 69
2026/10/10 15:28:00.471, 0, 76045 MiB, 100 %, 239.99 W, 1980 MHz, 21 %, 34
2026/10/10 15:28:00.471, 1, 76045 MiB, 100 %, 264.90 W, 1980 MHz, 22 %, 58
2026/10/10 15:28:00.471, 2, 76045 MiB, 100 %, 243.62 W, 1980 MHz, 21 %, 39
2026/10/10 15:28:00.471, 3, 76045 MiB, 100 %, 241.13 W, 1980 MHz, 22 %, 32
2026/10/10 15:28:00.471, 4, 76045 MiB, 100 %, 234.35 W, 1980 MHz, 21 %, 33
2026/10/10 15:28:00.471, 5, 76045 MiB, 100 %, 242.00 W, 1980 MHz, 21 %, 37
2026/10/10 15:28:00.471, 6, 76045 MiB, 100 %, 234.71 W, 1980 MHz, 22 %, 35
2026/10/10 15:28:00.471, 7, 76045 MiB, 100 %, 267.51 W, 1980 MHz, 21 %, 69
2026/10/10 15:28:01.472, 0, 76045 MiB, 100 %, 240.51 W, 1980 MHz, 21 %, 34
2026/10/10 15:28:01.472, 1, 76045 MiB, 100 %, 264.20 W, 1980 MHz, 22 %, 58
2026/10/10 15:28:01.472, 2, 76045 MiB, 100 %, 244.37 W, 1980 MHz, 21 %, 39
2026/10/10 15:28:01.472, 3, 76045 MiB, 100 %, 240.29 W, 1980 MHz, 22 %, 32
2026/10/10 15:28:01.472, 4, 76045 MiB, 100 %, 234.39 W, 1980 MHz, 21 %, 33
2026/10/10 15:28:01.472, 5, 76045 MiB, 100 %, 241.77 W, 1980 MHz, 22 %, 37
2026/10/10 15:28:01.472, 6, 76045 MiB, 100 %, 235.38 W, 1980 MHz, 21 %, 35
2026/10/10 15:28:01.472, 7, 76045 MiB, 100 %, 266.64 W, 1980 MHz, 21 %, 69
2026/10/10 15:28:02.472, 0, 76045 MiB, 100 %, 239.10 W, 1980 MHz, 21 %, 34
2026/10/10 15:28:02.472, 1, 76045 MiB, 100 %, 262.78 W, 1980 MHz, 22 %, 58
2026/10/10 15:28:02.472, 2, 76045 MiB, 100 %, 243.83 W, 1980 MHz, 21 %, 39
2026/10/10 15:28:02.472, 3, 76045 MiB, 100 %, 240.98 W, 1980 MHz, 21 %, 32
2026/10/10 15:28:02.472, 4, 76045 MiB, 100 %, 233.49 W, 1980 MHz, 21 %, 33
2026/10/10 15:28:02.473, 5, 76045 MiB, 100 %, 244.28 W, 1980 MHz, 21 %, 37
2026/10/10 15:28:02.473, 6, 76045 MiB, 100 %, 236.20 W, 1980 MHz, 21 %, 35
2026/10/10 15:28:02.473, 7, 76045 MiB, 100 %, 265.88 W, 1980 MHz, 20 %, 69
2026/10/10 15:28:03.473, 0, 76045 MiB, 100 %, 239.55 W, 1980 MHz, 21 %, 33
2026/10/10 15:28:03.473, 1, 76045 MiB, 100 %, 263.41 W, 1980 MHz, 21 %, 58
2026/10/10 15:28:03.473, 2, 76045 MiB, 100 %, 243.76 W, 1980 MHz, 20 %, 38
2026/10/10 15:28:03.473, 3, 76045 MiB, 100 %, 239.35 W, 1980 MHz, 22 %, 32
2026/10/10 15:28:03.473, 4, 76045 MiB, 100 %, 233.55 W, 1980 MHz, 21 %, 33
2026/10/10 15:28:03.473, 5, 76045 MiB, 100 %, 242.28 W, 1980 MHz, 20 %, 37
2026/10/10 15:28:03.473, 6, 76045 MiB, 100 %, 235.22 W, 1980 MHz, 22 %, 35
2026/10/10 15:28:03.473, 7, 76045 MiB, 100 %, 265.30 W, 1980 MHz, 20 %, 69
2026/10/10 15:28:04.473, 0, 76045 MiB, 100 %, 239.86 W, 1980 MHz, 21 %, 33
2026/10/10 15:28:04.474, 1, 76045 MiB, 100 %, 262.43 W, 1980 MHz, 22 %, 58
2026/10/10 15:28:04.474, 2, 76045 MiB, 100 %, 244.37 W, 1980 MHz, 21 %, 38
2026/10/10 15:28:04.474, 3, 76045 MiB, 100 %, 237.62 W, 1980 MHz, 21 %, 32
2026/10/10 15:28:04.474, 4, 76045 MiB, 100 %, 234.01 W, 1980 MHz, 21 %, 33
2026/10/10 15:28:04.474, 5, 76045 MiB, 100 %, 240.68 W, 1980 MHz, 20 %, 37
2026/10/10 15:28:04.474, 6, 76045 MiB, 100 %, 236.25 W, 1980 MHz, 22 %, 35
2026/10/10 15:28:04.474, 7, 76045 MiB, 100 %, 267.29 W, 1980 MHz, 21 %, 69
2026/10/10 15:28:05.474, 0, 76045 MiB, 100 %, 238.59 W, 1980 MHz, 21 %, 33
2026/10/10 15:28:05.474, 1, 76045 MiB, 100 %, 263.21 W, 1980 MHz, 22 %, 58
2026/10/10 15:28:05.474, 2, 76045 MiB, 100 %, 244.56 W, 1980 MHz, 21 %, 38
2026/10/10 15:28:05.474, 3, 76045 MiB, 100 %, 238.58 W, 1980 MHz, 21 %, 32
2026/10/10 15:28:05.474, 4, 76045 MiB, 100 %, 234.18 W, 1980 MHz, 20 %, 33
2026/10/10 15:28:05.475, 5, 76045 MiB, 100 %, 240.58 W, 1980 MHz, 21 %, 37
2026/10/10 15:28:05.475, 6, 76045 MiB, 100 %, 234.83 W, 1980 MHz, 22 %, 35
2026/10/10 15:28:05.475, 7, 76045 MiB, 100 %, 266.91 W, 1980 MHz, 21 %, 69
2026/10/10 15:28:06.475, 0, 76045 MiB, 100 %, 238.00 W, 1980 MHz, 21 %, 33
2026/10/10 15:28:06.475, 1, 76045 MiB, 100 %, 263.09 W, 1980 MHz, 22 %, 58
2026/10/10 15:28:06.475, 2, 76045 MiB, 100 %, 243.75 W, 1980 MHz, 22 %, 38
2026/10/10 15:28:06.475, 3, 76045 MiB, 100 %, 238.95 W, 1980 MHz, 21 %, 32
2026/10/10 15:28:06.475, 4, 76045 MiB, 100 %, 237.05 W, 1980 MHz, 21 %, 33
2026/10/10 15:28:06.475, 5, 76045 MiB, 100 %, 242.70 W, 1980 MHz, 20 %, 37
2026/10/10 15:28:06.475, 6, 76045 MiB, 100 %, 234.35 W, 1980 MHz, 22 %, 35
2026/10/10 15:28:06.475, 7, 76045 MiB, 100 %, 267.06 W, 1980 MHz, 20 %, 69
2026/10/10 15:28:07.476, 0, 76045 MiB, 100 %, 239.09 W, 1980 MHz, 21 %, 33
2026/10/10 15:28:07.476, 1, 76045 MiB, 100 %, 262.72 W, 1980 MHz, 21 %, 58
2026/10/10 15:28:07.476, 2, 76045 MiB, 100 %, 244.49 W, 1980 MHz, 21 %, 38
2026/10/10 15:28:07.476, 3, 76045 MiB, 100 %, 239.28 W, 1980 MHz, 21 %, 32
2026/10/10 15:28:07.476, 4, 76045 MiB, 100 %, 235.24 W, 1980 MHz, 21 %, 33
2026/10/10 15:28:07.476, 5, 76045 MiB, 100 %, 241.55 W, 1980 MHz, 21 %, 37
2026/10/10 15:28:07.476, 6, 76045 MiB, 100 %, 233.44 W, 1980 MHz, 21 %, 35
2026/10/10 15:28:07.476, 7, 76045 MiB, 100 %, 265.77 W, 1980 MHz, 20 %, 69
2026/10/10 15:28:08.476, 0, 76045 MiB, 71 %, 402.44 W, 1980 MHz, 22 %, 39
2026/10/10 15:28:08.476, 1, 76045 MiB, 100 %, 423.10 W, 1980 MHz, 49 %, 63
2026/10/10 15:28:08.476, 2, 76045 MiB, 65 %, 408.46 W, 1980 MHz, 19 %, 44
2026/10/10 15:28:08.477, 3, 76045 MiB, 87 %, 404.51 W, 1980 MHz, 39 %, 37
2026/10/10 15:28:08.477, 4, 76045 MiB, 85 %, 397.31 W, 1980 MHz, 39 %, 38
2026/10/10 15:28:08.477, 5, 76045 MiB, 83 %, 403.46 W, 1980 MHz, 17 %, 43
2026/10/10 15:28:08.477, 6, 76045 MiB, 62 %, 389.75 W, 1980 MHz, 30 %, 40
2026/10/10 15:28:08.477, 7, 76045 MiB, 100 %, 437.79 W, 1980 MHz, 50 %, 77
2026/10/10 15:28:09.477, 0, 76045 MiB, 100 %, 249.12 W, 1980 MHz, 21 %, 34
2026/10/10 15:28:09.477, 1, 76045 MiB, 100 %, 261.61 W, 1980 MHz, 21 %, 58
2026/10/10 15:28:09.477, 2, 76045 MiB, 100 %, 245.13 W, 1980 MHz, 21 %, 39
2026/10/10 15:28:09.477, 3, 76045 MiB, 100 %, 240.51 W, 1980 MHz, 21 %, 33
2026/10/10 15:28:09.477, 4, 76045 MiB, 100 %, 236.68 W, 1980 MHz, 22 %, 33
2026/10/10 15:28:09.477, 5, 76045 MiB, 100 %, 245.75 W, 1980 MHz, 21 %, 38
2026/10/10 15:28:09.477, 6, 76045 MiB, 100 %, 233.65 W, 1980 MHz, 20 %, 36
2026/10/10 15:28:09.477, 7, 76045 MiB, 100 %, 271.24 W, 1980 MHz, 21 %, 70
2026/10/10 15:28:10.478, 0, 76045 MiB, 100 %, 242.10 W, 1980 MHz, 21 %, 34
2026/10/10 15:28:10.478, 1, 76045 MiB, 100 %, 261.02 W, 1980 MHz, 20 %, 58
2026/10/10 15:28:10.478, 2, 76045 MiB, 100 %, 244.35 W, 1980 MHz, 21 %, 38
2026/10/10 15:28:10.478, 3, 76045 MiB, 100 %, 238.38 W, 1980 MHz, 21 %, 32
2026/10/10 15:28:10.478, 4, 76045 MiB, 100 %, 234.41 W, 1980 MHz, 21 %, 33
2026/10/10 15:28:10.478, 5, 76045 MiB, 100 %, 241.18 W, 1980 MHz, 21 %, 37
2026/10/10 15:28:10.478, 6, 76045 MiB, 100 %, 231.89 W, 1980 MHz, 21 %, 35
2026/10/10 15:28:10.478, 7, 76045 MiB, 100 %, 273.25 W, 1980 MHz, 21 %, 70
2026/10/10 15:28:11.478, 0, 76045 MiB, 100 %, 241.58 W, 1980 MHz, 21 %, 34
2026/10/10 15:28:11.479, 1, 76045 MiB, 100 %, 256.69 W, 1980 MHz, 20 %, 58
2026/10/10 15:28:11.479, 2, 76045 MiB, 100 %, 247.18 W, 1980 MHz, 22 %, 38
2026/10/10 15:28:11.479, 3, 76045 MiB, 100 %, 233.46 W, 1980 MHz, 21 %, 32
2026/10/10 15:28:11.479, 4, 76045 MiB, 100 %, 234.70 W, 1980 MHz, 21 %, 33
2026/10/10 15:28:11.479, 5, 76045 MiB, 100 %, 243.42 W, 1980 MHz, 21 %, 37
2026/10/10 15:28:11.479, 6, 76045 MiB, 100 %, 231.74 W, 1980 MHz, 21 %, 35
2026/10/10 15:28:11.479, 7, 76045 MiB, 100 %, 273.10 W, 1980 MHz, 21 %, 70
2026/10/10 15:28:12.480, 0, 76045 MiB, 100 %, 241.15 W, 1980 MHz, 21 %, 34
2026/10/10 15:28:12.480, 1, 76045 MiB, 100 %, 259.65 W, 1980 MHz, 21 %, 58
2026/10/10 15:28:12.480, 2, 76045 MiB, 100 %, 246.02 W, 1980 MHz, 22 %, 38
2026/10/10 15:28:12.480, 3, 76045 MiB, 100 %, 236.12 W, 1980 MHz, 21 %, 32
2026/10/10 15:28:12.480, 4, 76045 MiB, 100 %, 232.82 W, 1980 MHz, 20 %, 33
2026/10/10 15:28:12.480, 5, 76045 MiB, 100 %, 242.07 W, 1980 MHz, 21 %, 37
2026/10/10 15:28:12.480, 6, 76045 MiB, 100 %, 232.69 W, 1980 MHz, 21 %, 35
2026/10/10 15:28:12.480, 7, 76045 MiB, 100 %, 271.23 W, 1980 MHz, 21 %, 70
2026/10/10 15:28:13.480, 0, 76045 MiB, 100 %, 240.93 W, 1980 MHz, 21 %, 34
2026/10/10 15:28:13.480, 1, 76045 MiB, 100 %, 257.53 W, 1980 MHz, 20 %, 58
2026/10/10 15:28:13.480, 2, 76045 MiB, 100 %, 244.28 W, 1980 MHz, 21 %, 38
2026/10/10 15:28:13.480, 3, 76045 MiB, 100 %, 236.92 W, 1980 MHz, 21 %, 32
2026/10/10 15:28:13.480, 4, 76045 MiB, 100 %, 233.36 W, 1980 MHz, 21 %, 33
2026/10/10 15:28:13.481, 5, 76045 MiB, 100 %, 243.64 W, 1980 MHz, 21 %, 37
2026/10/10 15:28:13.481, 6, 76045 MiB, 100 %, 232.60 W, 1980 MHz, 22 %, 35
2026/10/10 15:28:13.481, 7, 76045 MiB, 100 %, 273.16 W, 1980 MHz, 22 %, 70
2026/10/10 15:28:14.481, 0, 76045 MiB, 100 %, 240.80 W, 1980 MHz, 20 %, 34
2026/10/10 15:28:14.481, 1, 76045 MiB, 100 %, 257.69 W, 1980 MHz, 21 %, 58
2026/10/10 15:28:14.481, 2, 76045 MiB, 100 %, 242.61 W, 1980 MHz, 21 %, 38
2026/10/10 15:28:14.481, 3, 76045 MiB, 100 %, 235.83 W, 1980 MHz, 22 %, 32
2026/10/10 15:28:14.481, 4, 76045 MiB, 100 %, 234.21 W, 1980 MHz, 22 %, 33
2026/10/10 15:28:14.481, 5, 76045 MiB, 100 %, 242.11 W, 1980 MHz, 21 %, 37
2026/10/10 15:28:14.481, 6, 76045 MiB, 100 %, 233.52 W, 1980 MHz, 21 %, 35
2026/10/10 15:28:14.481, 7, 76045 MiB, 100 %, 273.79 W, 1980 MHz, 22 %, 70
2026/10/10 15:28:15.481, 0, 76045 MiB, 100 %, 240.39 W, 1980 MHz, 21 %, 34
2026/10/10 15:28:15.482, 1, 76045 MiB, 100 %, 260.30 W, 1980 MHz, 22 %, 58
2026/10/10 15:28:15.482, 2, 76045 MiB, 100 %, 242.29 W, 1980 MHz, 20 %, 38
2026/10/10 15:28:15.482, 3, 76045 MiB, 100 %, 236.79 W, 1980 MHz, 21 %, 32
2026/10/10 15:28:15.482, 4, 76045 MiB, 100 %, 235.00 W, 1980 MHz, 21 %, 33
2026/10/10 15:28:15.482, 5, 76045 MiB, 100 %, 241.57 W, 1980 MHz, 21 %, 37
2026/10/10 15:28:15.482, 6, 76045 MiB, 100 %, 231.31 W, 1980 MHz, 21 %, 34
2026/10/10 15:28:15.482, 7, 76045 MiB, 100 %, 273.14 W, 1980 MHz, 21 %, 70
2026/10/10 15:28:16.482, 0, 76045 MiB, 100 %, 240.84 W, 1980 MHz, 22 %, 34
2026/10/10 15:28:16.482, 1, 76045 MiB, 100 %, 259.77 W, 1980 MHz, 21 %, 58
2026/10/10 15:28:16.482, 2, 76045 MiB, 100 %, 242.41 W, 1980 MHz, 21 %, 38
2026/10/10 15:28:16.482, 3, 76045 MiB, 100 %, 239.68 W, 1980 MHz, 21 %, 32
2026/10/10 15:28:16.482, 4, 76045 MiB, 100 %, 232.24 W, 1980 MHz, 21 %, 33
2026/10/10 15:28:16.482, 5, 76045 MiB, 100 %, 241.27 W, 1980 MHz, 22 %, 37
2026/10/10 15:28:16.483, 6, 76045 MiB, 100 %, 231.93 W, 1980 MHz, 21 %, 34
2026/10/10 15:28:16.483, 7, 76045 MiB, 100 %, 271.12 W, 1980 MHz, 21 %, 69
2026/10/10 15:28:17.483, 0, 76045 MiB, 100 %, 240.44 W, 1980 MHz, 21 %, 33
2026/10/10 15:28:17.483, 1, 76045 MiB, 100 %, 257.95 W, 1980 MHz, 21 %, 58
2026/10/10 15:28:17.483, 2, 76045 MiB, 100 %, 244.21 W, 1980 MHz, 21 %, 38
2026/10/10 15:28:17.483, 3, 76045 MiB, 100 %, 241.21 W, 1980 MHz, 21 %, 32
2026/10/10 15:28:17.483, 4, 76045 MiB, 100 %, 233.41 W, 1980 MHz, 21 %, 33
2026/10/10 15:28:17.483, 5, 76045 MiB, 100 %, 242.83 W, 1980 MHz, 21 %, 37
2026/10/10 15:28:17.483, 6, 76045 MiB, 100 %, 232.55 W, 1980 MHz, 21 %, 34
2026/10/10 15:28:17.483, 7, 76045 MiB, 100 %, 271.11 W, 1980 MHz, 22 %, 70
2026/10/10 15:28:18.483, 0, 76045 MiB, 100 %, 239.82 W, 1980 MHz, 21 %, 33
2026/10/10 15:28:18.484, 1, 76045 MiB, 100 %, 258.64 W, 1980 MHz, 21 %, 58
2026/10/10 15:28:18.484, 2, 76045 MiB, 100 %, 242.47 W, 1980 MHz, 21 %, 38
2026/10/10 15:28:18.484, 3, 76045 MiB, 100 %, 237.18 W, 1980 MHz, 22 %, 32
2026/10/10 15:28:18.484, 4, 76045 MiB, 100 %, 233.43 W, 1980 MHz, 21 %, 33
2026/10/10 15:28:18.484, 5, 76045 MiB, 100 %, 244.20 W, 1980 MHz, 21 %, 37
2026/10/10 15:28:18.484, 6, 76045 MiB, 100 %, 232.39 W, 1980 MHz, 21 %, 34
2026/10/10 15:28:18.484, 7, 76045 MiB, 100 %, 270.91 W, 1980 MHz, 22 %, 70
2026/10/10 15:28:19.484, 0, 76045 MiB, 100 %, 240.12 W, 1980 MHz, 21 %, 33
2026/10/10 15:28:19.484, 1, 76045 MiB, 100 %, 259.78 W, 1980 MHz, 21 %, 58
2026/10/10 15:28:19.484, 2, 76045 MiB, 100 %, 242.25 W, 1980 MHz, 21 %, 38
2026/10/10 15:28:19.484, 3, 76045 MiB, 100 %, 240.05 W, 1980 MHz, 21 %, 32
2026/10/10 15:28:19.484, 4, 76045 MiB, 100 %, 234.35 W, 1980 MHz, 21 %, 33
2026/10/10 15:28:19.485, 5, 76045 MiB, 100 %, 242.12 W, 1980 MHz, 21 %, 37
2026/10/10 15:28:19.485, 6, 76045 MiB, 100 %, 234.94 W, 1980 MHz, 22 %, 34
2026/10/10 15:28:19.485, 7, 76045 MiB, 100 %, 271.09 W, 1980 MHz, 22 %, 69
2026/10/10 15:28:20.485, 0, 76045 MiB, 100 %, 240.71 W, 1980 MHz, 21 %, 33
2026/10/10 15:28:20.485, 1, 76045 MiB, 100 %, 260.76 W, 1980 MHz, 21 %, 58
2026/10/10 15:28:20.485, 2, 76045 MiB, 100 %, 241.92 W, 1980 MHz, 21 %, 38
2026/10/10 15:28:20.485, 3, 76045 MiB, 100 %, 240.53 W, 1980 MHz, 21 %, 32
2026/10/10 15:28:20.485, 4, 76045 MiB, 100 %, 235.20 W, 1980 MHz, 21 %, 32
2026/10/10 15:28:20.485, 5, 76045 MiB, 100 %, 243.14 W, 1980 MHz, 21 %, 37
2026/10/10 15:28:20.485, 6, 76045 MiB, 100 %, 232.84 W, 1980 MHz, 21 %, 34
2026/10/10 15:28:20.485, 7, 76045 MiB, 100 %, 270.83 W, 1980 MHz, 21 %, 69
2026/10/10 15:28:21.485, 0, 76045 MiB, 100 %, 239.60 W, 1980 MHz, 21 %, 33
2026/10/10 15:28:21.486, 1, 76045 MiB, 100 %, 260.04 W, 1980 MHz, 21 %, 58
2026/10/10 15:28:21.486, 2, 76045 MiB, 100 %, 244.69 W, 1980 MHz, 21 %, 38
2026/10/10 15:28:21.486, 3, 76045 MiB, 100 %, 238.58 W, 1980 MHz, 21 %, 32
2026/10/10 15:28:21.486, 4, 76045 MiB, 100 %, 231.83 W, 1980 MHz, 21 %, 32
2026/10/10 15:28:21.486, 5, 76045 MiB, 100 %, 243.35 W, 1980 MHz, 22 %, 37
2026/10/10 15:28:21.486, 6, 76045 MiB, 100 %, 232.56 W, 1980 MHz, 21 %, 34
2026/10/10 15:28:21.486, 7, 76045 MiB, 100 %, 271.23 W, 1980 MHz, 21 %, 69
2026/10/10 15:28:22.486, 0, 76045 MiB, 100 %, 354.74 W, 1980 MHz, 51 %, 41
2026/10/10 15:28:22.486, 1, 76045 MiB, 100 %, 391.57 W, 1980 MHz, 50 %, 65
2026/10/10 15:28:22.486, 2, 76045 MiB, 100 %, 360.68 W, 1980 MHz, 50 %, 46
2026/10/10 15:28:22.486, 3, 76045 MiB, 100 %, 366.12 W, 1980 MHz, 51 %, 40
2026/10/10 15:28:22.487, 4, 76045 MiB, 100 %, 365.82 W, 1980 MHz, 51 %, 41
2026/10/10 15:28:22.487, 5, 76045 MiB, 100 %, 378.61 W, 1980 MHz, 50 %, 44
2026/10/10 15:28:22.487, 6, 76045 MiB, 100 %, 384.72 W, 1980 MHz, 51 %, 43
2026/10/10 15:28:22.487, 7, 76045 MiB, 100 %, 417.13 W, 1980 MHz, 50 %, 78
2026/10/10 15:28:23.487, 0, 76045 MiB, 100 %, 274.91 W, 1980 MHz, 20 %, 34
2026/10/10 15:28:23.487, 1, 76045 MiB, 100 %, 293.26 W, 1980 MHz, 22 %, 58
2026/10/10 15:28:23.487, 2, 76045 MiB, 100 %, 281.23 W, 1980 MHz, 21 %, 38
2026/10/10 15:28:23.487, 3, 76045 MiB, 100 %, 266.55 W, 1980 MHz, 21 %, 33
2026/10/10 15:28:23.487, 4, 76045 MiB, 100 %, 260.92 W, 1980 MHz, 21 %, 33
2026/10/10 15:28:23.487, 5, 76045 MiB, 100 %, 262.79 W, 1980 MHz, 21 %, 38
2026/10/10 15:28:23.487, 6, 76045 MiB, 100 %, 259.21 W, 1980 MHz, 21 %, 35
2026/10/10 15:28:23.487, 7, 76045 MiB, 100 %, 290.04 W, 1980 MHz, 21 %, 70
2026/10/10 15:28:24.488, 0, 76045 MiB, 100 %, 237.70 W, 1980 MHz, 21 %, 34
2026/10/10 15:28:24.488, 1, 76045 MiB, 100 %, 262.04 W, 1980 MHz, 21 %, 58
2026/10/10 15:28:24.488, 2, 76045 MiB, 100 %, 244.07 W, 1980 MHz, 21 %, 38
2026/10/10 15:28:24.488, 3, 76045 MiB, 100 %, 238.37 W, 1980 MHz, 21 %, 32
2026/10/10 15:28:24.488, 4, 76045 MiB, 100 %, 233.63 W, 1980 MHz, 21 %, 33
2026/10/10 15:28:24.488, 5, 76045 MiB, 100 %, 242.18 W, 1980 MHz, 22 %, 37
2026/10/10 15:28:24.488, 6, 76045 MiB, 100 %, 233.57 W, 1980 MHz, 21 %, 35
2026/10/10 15:28:24.488, 7, 76045 MiB, 100 %, 270.26 W, 1980 MHz, 21 %, 70
2026/10/10 15:28:25.488, 0, 76045 MiB, 100 %, 240.93 W, 1980 MHz, 22 %, 34
2026/10/10 15:28:25.488, 1, 76045 MiB, 100 %, 260.68 W, 1980 MHz, 21 %, 58
2026/10/10 15:28:25.489, 2, 76045 MiB, 100 %, 241.34 W, 1980 MHz, 20 %, 38
2026/10/10 15:28:25.489, 3, 76045 MiB, 100 %, 235.82 W, 1980 MHz, 21 %, 32
2026/10/10 15:28:25.489, 4, 76045 MiB, 100 %, 232.37 W, 1980 MHz, 21 %, 33
2026/10/10 15:28:25.489, 5, 76045 MiB, 100 %, 244.01 W, 1980 MHz, 21 %, 37
2026/10/10 15:28:25.489, 6, 76045 MiB, 100 %, 234.96 W, 1980 MHz, 21 %, 35
2026/10/10 15:28:25.489, 7, 76045 MiB, 96 %, 266.64 W, 1980 MHz, 20 %, 70
2026/10/10 15:28:26.489, 0, 76045 MiB, 100 %, 239.40 W, 1980 MHz, 22 %, 34
2026/10/10 15:28:26.489, 1, 76045 MiB, 100 %, 258.95 W, 1980 MHz, 21 %, 58
2026/10/10 15:28:26.489, 2, 76045 MiB, 100 %, 240.57 W, 1980 MHz, 20 %, 38
2026/10/10 15:28:26.489, 3, 76045 MiB, 100 %, 237.34 W, 1980 MHz, 21 %, 32
2026/10/10 15:28:26.489, 4, 76045 MiB, 100 %, 232.65 W, 1980 MHz, 21 %, 33
2026/10/10 15:28:26.489, 5, 76045 MiB, 100 %, 241.72 W, 1980 MHz, 21 %, 37
2026/10/10 15:28:26.489, 6, 76045 MiB, 100 %, 231.13 W, 1980 MHz, 21 %, 34
2026/10/10 15:28:26.489, 7, 76045 MiB, 100 %, 270.12 W, 1980 MHz, 22 %, 70
2026/10/10 15:28:27.490, 0, 76045 MiB, 100 %, 241.67 W, 1980 MHz, 21 %, 34
2026/10/10 15:28:27.490, 1, 76045 MiB, 100 %, 259.97 W, 1980 MHz, 21 %, 58
2026/10/10 15:28:27.490, 2, 76045 MiB, 100 %, 239.90 W, 1980 MHz, 20 %, 38
2026/10/10 15:28:27.490, 3, 76045 MiB, 100 %, 237.80 W, 1980 MHz, 21 %, 32
2026/10/10 15:28:27.490, 4, 76045 MiB, 100 %, 234.52 W, 1980 MHz, 21 %, 33
2026/10/10 15:28:27.490, 5, 76045 MiB, 100 %, 245.32 W, 1980 MHz, 22 %, 37
2026/10/10 15:28:27.490, 6, 76045 MiB, 100 %, 231.71 W, 1980 MHz, 21 %, 34
2026/10/10 15:28:27.490, 7, 76045 MiB, 100 %, 270.83 W, 1980 MHz, 21 %, 70
2026/10/10 15:28:28.490, 0, 76045 MiB, 100 %, 240.05 W, 1980 MHz, 21 %, 33
2026/10/10 15:28:28.491, 1, 76045 MiB, 100 %, 260.52 W, 1980 MHz, 21 %, 58
2026/10/10 15:28:28.491, 2, 76045 MiB, 100 %, 240.14 W, 1980 MHz, 21 %, 38
2026/10/10 15:28:28.491, 3, 76045 MiB, 100 %, 237.82 W, 1980 MHz, 21 %, 32
2026/10/10 15:28:28.491, 4, 76045 MiB, 100 %, 235.02 W, 1980 MHz, 21 %, 33
2026/10/10 15:28:28.491, 5, 76045 MiB, 100 %, 245.15 W, 1980 MHz, 21 %, 37
2026/10/10 15:28:28.491, 6, 76045 MiB, 100 %, 231.68 W, 1980 MHz, 21 %, 34
2026/10/10 15:28:28.491, 7, 76045 MiB, 100 %, 270.36 W, 1980 MHz, 22 %, 70
2026/10/10 15:28:29.491, 0, 76045 MiB, 100 %, 237.16 W, 1980 MHz, 20 %, 33
2026/10/10 15:28:29.491, 1, 76045 MiB, 100 %, 260.86 W, 1980 MHz, 22 %, 58
2026/10/10 15:28:29.491, 2, 76045 MiB, 100 %, 243.76 W, 1980 MHz, 21 %, 38
2026/10/10 15:28:29.491, 3, 76045 MiB, 100 %, 238.05 W, 1980 MHz, 22 %, 32
2026/10/10 15:28:29.491, 4, 76045 MiB, 100 %, 233.54 W, 1980 MHz, 20 %, 33
2026/10/10 15:28:29.492, 5, 76045 MiB, 100 %, 241.51 W, 1980 MHz, 20 %, 37
2026/10/10 15:28:29.492, 6, 76045 MiB, 100 %, 234.18 W, 1980 MHz, 22 %, 34
2026/10/10 15:28:29.492, 7, 76045 MiB, 100 %, 271.32 W, 1980 MHz, 21 %, 70
2026/10/10 15:28:30.492, 0, 76045 MiB, 100 %, 237.65 W, 1980 MHz, 20 %, 33
2026/10/10 15:28:30.492, 1, 76045 MiB, 100 %, 260.67 W, 1980 MHz, 22 %, 58
2026/10/10 15:28:30.492, 2, 76045 MiB, 100 %, 243.97 W, 1980 MHz, 21 %, 38
2026/10/10 15:28:30.492, 3, 76045 MiB, 100 %, 238.68 W, 1980 MHz, 22 %, 32
2026/10/10 15:28:30.492, 4, 76045 MiB, 100 %, 232.96 W, 1980 MHz, 21 %, 32
2026/10/10 15:28:30.492, 5, 76045 MiB, 100 %, 243.11 W, 1980 MHz, 21 %, 37
2026/10/10 15:28:30.492, 6, 76045 MiB, 100 %, 232.84 W, 1980 MHz, 21 %, 34
2026/10/10 15:28:30.492, 7, 76045 MiB, 100 %, 268.08 W, 1980 MHz, 21 %, 69
2026/10/10 15:28:31.492, 0, 76045 MiB, 100 %, 240.51 W, 1980 MHz, 22 %, 33
2026/10/10 15:28:31.493, 1, 76045 MiB, 100 %, 260.26 W, 1980 MHz, 22 %, 58
2026/10/10 15:28:31.493, 2, 76045 MiB, 100 %, 241.01 W, 1980 MHz, 20 %, 38
2026/10/10 15:28:31.493, 3, 76045 MiB, 100 %, 235.23 W, 1980 MHz, 21 %, 32
2026/10/10 15:28:31.493, 4, 76045 MiB, 100 %, 234.05 W, 1980 MHz, 21 %, 33
2026/10/10 15:28:31.493, 5, 76045 MiB, 100 %, 242.15 W, 1980 MHz, 20 %, 37
2026/10/10 15:28:31.493, 6, 76045 MiB, 100 %, 232.89 W, 1980 MHz, 21 %, 34
2026/10/10 15:28:31.493, 7, 76045 MiB, 100 %, 269.35 W, 1980 MHz, 21 %, 69
2026/10/10 15:28:32.493, 0, 76045 MiB, 100 %, 240.64 W, 1980 MHz, 21 %, 33
2026/10/10 15:28:32.493, 1, 76045 MiB, 100 %, 260.79 W, 1980 MHz, 21 %, 58
2026/10/10 15:28:32.493, 2, 76045 MiB, 100 %, 240.93 W, 1980 MHz, 20 %, 38
2026/10/10 15:28:32.493, 3, 76045 MiB, 100 %, 236.67 W, 1980 MHz, 22 %, 32
2026/10/10 15:28:32.493, 4, 76045 MiB, 100 %, 232.51 W, 1980 MHz, 21 %, 32
2026/10/10 15:28:32.494, 5, 76045 MiB, 100 %, 243.46 W, 1980 MHz, 22 %, 37
2026/10/10 15:28:32.494, 6, 76045 MiB, 100 %, 231.90 W, 1980 MHz, 21 %, 34
2026/10/10 15:28:32.494, 7, 76045 MiB, 100 %, 269.89 W, 1980 MHz, 21 %, 69
2026/10/10 15:28:33.494, 0, 76045 MiB, 100 %, 241.24 W, 1980 MHz, 22 %, 33
2026/10/10 15:28:33.494, 1, 76045 MiB, 100 %, 260.21 W, 1980 MHz, 21 %, 58
2026/10/10 15:28:33.494, 2, 76045 MiB, 100 %, 239.50 W, 1980 MHz, 20 %, 38
2026/10/10 15:28:33.494, 3, 76045 MiB, 100 %, 237.22 W, 1980 MHz, 21 %, 32
2026/10/10 15:28:33.494, 4, 76045 MiB, 100 %, 233.69 W, 1980 MHz, 21 %, 32
2026/10/10 15:28:33.494, 5, 76045 MiB, 100 %, 242.91 W, 1980 MHz, 21 %, 36
2026/10/10 15:28:33.494, 6, 76045 MiB, 100 %, 231.50 W, 1980 MHz, 21 %, 34
2026/10/10 15:28:33.494, 7, 76045 MiB, 100 %, 269.47 W, 1980 MHz, 22 %, 69
2026/10/10 15:28:34.494, 0, 76045 MiB, 100 %, 240.14 W, 1980 MHz, 21 %, 33
2026/10/10 15:28:34.495, 1, 76045 MiB, 100 %, 260.00 W, 1980 MHz, 21 %, 58
2026/10/10 15:28:34.495, 2, 76045 MiB, 100 %, 241.68 W, 1980 MHz, 21 %, 38
2026/10/10 15:28:34.495, 3, 76045 MiB, 100 %, 237.34 W, 1980 MHz, 22 %, 32
2026/10/10 15:28:34.495, 4, 76045 MiB, 100 %, 232.98 W, 1980 MHz, 21 %, 32
2026/10/10 15:28:34.495, 5, 76045 MiB, 100 %, 242.68 W, 1980 MHz, 21 %, 36
2026/10/10 15:28:34.495, 6, 76045 MiB, 100 %, 230.94 W, 1980 MHz, 20 %, 34
2026/10/10 15:28:34.495, 7, 76045 MiB, 100 %, 268.49 W, 1980 MHz, 22 %, 69
2026/10/10 15:28:35.495, 0, 76045 MiB, 100 %, 241.76 W, 1980 MHz, 22 %, 33
2026/10/10 15:28:35.495, 1, 76045 MiB, 100 %, 260.27 W, 1980 MHz, 22 %, 58
2026/10/10 15:28:35.495, 2, 76045 MiB, 100 %, 242.28 W, 1980 MHz, 20 %, 38
2026/10/10 15:28:35.495, 3, 76045 MiB, 100 %, 240.02 W, 1980 MHz, 21 %, 32
2026/10/10 15:28:35.496, 4, 76045 MiB, 100 %, 234.91 W, 1980 MHz, 21 %, 32
2026/10/10 15:28:35.496, 5, 76045 MiB, 100 %, 240.18 W, 1980 MHz, 20 %, 36
2026/10/10 15:28:35.496, 6, 76045 MiB, 100 %, 230.81 W, 1980 MHz, 21 %, 34
2026/10/10 15:28:35.496, 7, 76045 MiB, 100 %, 270.30 W, 1980 MHz, 21 %, 69
2026/10/10 15:28:36.496, 0, 76045 MiB, 100 %, 345.63 W, 1980 MHz, 51 %, 42
2026/10/10 15:28:36.496, 1, 76045 MiB, 100 %, 371.63 W, 1980 MHz, 51 %, 65
2026/10/10 15:28:36.496, 2, 76045 MiB, 100 %, 348.72 W, 1980 MHz, 51 %, 45
2026/10/10 15:28:36.496, 3, 76045 MiB, 100 %, 351.98 W, 1980 MHz, 51 %, 40
2026/10/10 15:28:36.496, 4, 76045 MiB, 100 %, 353.73 W, 1980 MHz, 51 %, 41
2026/10/10 15:28:36.496, 5, 76045 MiB, 100 %, 363.38 W, 1980 MHz, 50 %, 44
2026/10/10 15:28:36.496, 6, 76045 MiB, 100 %, 356.67 W, 1980 MHz, 50 %, 42
2026/10/10 15:28:36.496, 7, 76045 MiB, 100 %, 394.82 W, 1980 MHz, 50 %, 77
2026/10/10 15:28:37.497, 0, 76045 MiB, 100 %, 287.25 W, 1980 MHz, 21 %, 34
2026/10/10 15:28:37.497, 1, 76045 MiB, 100 %, 309.75 W, 1980 MHz, 21 %, 58
2026/10/10 15:28:37.497, 2, 76045 MiB, 100 %, 289.55 W, 1980 MHz, 21 %, 38
2026/10/10 15:28:37.497, 3, 76045 MiB, 100 %, 276.34 W, 1980 MHz, 22 %, 33
2026/10/10 15:28:37.497, 4, 76045 MiB, 100 %, 270.74 W, 1980 MHz, 20 %, 33
2026/10/10 15:28:37.497, 5, 76045 MiB, 100 %, 277.07 W, 1980 MHz, 22 %, 37
2026/10/10 15:28:37.497, 6, 76045 MiB, 100 %, 267.25 W, 1980 MHz, 22 %, 35
2026/10/10 15:28:37.497, 7, 76045 MiB, 100 %, 298.86 W, 1980 MHz, 21 %, 70
2026/10/10 15:28:38.497, 0, 76045 MiB, 100 %, 239.24 W, 1980 MHz, 21 %, 34
2026/10/10 15:28:38.497, 1, 76045 MiB, 100 %, 262.15 W, 1980 MHz, 21 %, 58
2026/10/10 15:28:38.497, 2, 76045 MiB, 100 %, 242.59 W, 1980 MHz, 21 %, 38
2026/10/10 15:28:38.498, 3, 76045 MiB, 100 %, 238.89 W, 1980 MHz, 21 %, 32
2026/10/10 15:28:38.498, 4, 76045 MiB, 100 %, 232.40 W, 1980 MHz, 21 %, 33
2026/10/10 15:28:38.498, 5, 76045 MiB, 100 %, 242.94 W, 1980 MHz, 21 %, 37
2026/10/10 15:28:38.498, 6, 76045 MiB, 100 %, 235.07 W, 1980 MHz, 22 %, 35
2026/10/10 15:28:38.498, 7, 76045 MiB, 100 %, 267.65 W, 1980 MHz, 21 %, 70
2026/10/10 15:28:39.498, 0, 76045 MiB, 100 %, 238.59 W, 1980 MHz, 21 %, 34
2026/10/10 15:28:39.498, 1, 76045 MiB, 100 %, 260.77 W, 1980 MHz, 21 %, 58
2026/10/10 15:28:39.498, 2, 76045 MiB, 100 %, 242.75 W, 1980 MHz, 21 %, 38
2026/10/10 15:28:39.498, 3, 76045 MiB, 100 %, 239.37 W, 1980 MHz, 21 %, 32
2026/10/10 15:28:39.498, 4, 76045 MiB, 100 %, 233.92 W, 1980 MHz, 21 %, 33
2026/10/10 15:28:39.498, 5, 76045 MiB, 100 %, 243.16 W, 1980 MHz, 22 %, 37
2026/10/10 15:28:39.498, 6, 76045 MiB, 100 %, 235.30 W, 1980 MHz, 22 %, 34
2026/10/10 15:28:39.498, 7, 76045 MiB, 100 %, 267.48 W, 1980 MHz, 21 %, 70
2026/10/10 15:28:40.499, 0, 76045 MiB, 100 %, 239.25 W, 1980 MHz, 21 %, 34
2026/10/10 15:28:40.499, 1, 76045 MiB, 100 %, 261.13 W, 1980 MHz, 22 %, 58
2026/10/10 15:28:40.499, 2, 76045 MiB, 100 %, 242.69 W, 1980 MHz, 21 %, 38
2026/10/10 15:28:40.499, 3, 76045 MiB, 100 %, 238.31 W, 1980 MHz, 21 %, 32
2026/10/10 15:28:40.499, 4, 76045 MiB, 100 %, 234.33 W, 1980 MHz, 21 %, 33
2026/10/10 15:28:40.499, 5, 76045 MiB, 100 %, 242.12 W, 1980 MHz, 22 %, 37
2026/10/10 15:28:40.499, 6, 76045 MiB, 100 %, 235.68 W, 1980 MHz, 22 %, 34
2026/10/10 15:28:40.499, 7, 76045 MiB, 100 %, 266.75 W, 1980 MHz, 20 %, 69
2026/10/10 15:28:41.499, 0, 76045 MiB, 100 %, 239.66 W, 1980 MHz, 21 %, 33
2026/10/10 15:28:41.499, 1, 76045 MiB, 100 %, 260.38 W, 1980 MHz, 22 %, 58
2026/10/10 15:28:41.499, 2, 76045 MiB, 100 %, 243.29 W, 1980 MHz, 21 %, 38
2026/10/10 15:28:41.500, 3, 76045 MiB, 100 %, 237.58 W, 1980 MHz, 21 %, 32
2026/10/10 15:28:41.500, 4, 76045 MiB, 100 %, 233.18 W, 1980 MHz, 21 %, 33
2026/10/10 15:28:41.500, 5, 76045 MiB, 100 %, 241.31 W, 1980 MHz, 21 %, 37
2026/10/10 15:28:41.500, 6, 76045 MiB, 100 %, 234.05 W, 1980 MHz, 22 %, 34
2026/10/10 15:28:41.500, 7, 76045 MiB, 100 %, 268.42 W, 1980 MHz, 21 %, 69
2026/10/10 15:28:42.500, 0, 76045 MiB, 100 %, 239.56 W, 1980 MHz, 22 %, 33
2026/10/10 15:28:42.500, 1, 76045 MiB, 100 %, 262.36 W, 1980 MHz, 21 %, 58
2026/10/10 15:28:42.500, 2, 76045 MiB, 100 %, 243.31 W, 1980 MHz, 21 %, 38
2026/10/10 15:28:42.500, 3, 76045 MiB, 100 %, 239.71 W, 1980 MHz, 21 %, 32
2026/10/10 15:28:42.500, 4, 76045 MiB, 100 %, 231.72 W, 1980 MHz, 21 %, 33
2026/10/10 15:28:42.500, 5, 76045 MiB, 100 %, 242.77 W, 1980 MHz, 21 %, 36
2026/10/10 15:28:42.500, 6, 76045 MiB, 100 %, 233.24 W, 1980 MHz, 21 %, 34
2026/10/10 15:28:42.500, 7, 76045 MiB, 100 %, 268.82 W, 1980 MHz, 21 %, 69
2026/10/10 15:28:43.501, 0, 76045 MiB, 100 %, 239.61 W, 1980 MHz, 22 %, 33
2026/10/10 15:28:43.501, 1, 76045 MiB, 100 %, 260.22 W, 1980 MHz, 21 %, 58
2026/10/10 15:28:43.501, 2, 76045 MiB, 100 %, 244.19 W, 1980 MHz, 22 %, 38
2026/10/10 15:28:43.501, 3, 76045 MiB, 100 %, 237.10 W, 1980 MHz, 22 %, 32
2026/10/10 15:28:43.501, 4, 76045 MiB, 100 %, 231.56 W, 1980 MHz, 20 %, 32
2026/10/10 15:28:43.501, 5, 76045 MiB, 100 %, 240.99 W, 1980 MHz, 21 %, 36
2026/10/10 15:28:43.501, 6, 76045 MiB, 100 %, 233.94 W, 1980 MHz, 21 %, 34
2026/10/10 15:28:43.501, 7, 76045 MiB, 100 %, 268.87 W, 1980 MHz, 21 %, 69
2026/10/10 15:28:44.501, 0, 76045 MiB, 100 %, 240.56 W, 1980 MHz, 21 %, 33
2026/10/10 15:28:44.501, 1, 76045 MiB, 100 %, 259.40 W, 1980 MHz, 21 %, 58
2026/10/10 15:28:44.501, 2, 76045 MiB, 100 %, 243.46 W, 1980 MHz, 21 %, 38
2026/10/10 15:28:44.502, 3, 76045 MiB, 100 %, 239.21 W, 1980 MHz, 22 %, 32
2026/10/10 15:28:44.502, 4, 76045 MiB, 100 %, 232.29 W, 1980 MHz, 21 %, 32
2026/10/10 15:28:44.502, 5, 76045 MiB, 100 %, 243.02 W, 1980 MHz, 21 %, 36
2026/10/10 15:28:44.502, 6, 76045 MiB, 100 %, 235.97 W, 1980 MHz, 22 %, 34
2026/10/10 15:28:44.502, 7, 76045 MiB, 100 %, 265.90 W, 1980 MHz, 21 %, 69
2026/10/10 15:28:45.502, 0, 76045 MiB, 100 %, 240.28 W, 1980 MHz, 21 %, 33
2026/10/10 15:28:45.502, 1, 76045 MiB, 100 %, 260.58 W, 1980 MHz, 21 %, 58
2026/10/10 15:28:45.502, 2, 76045 MiB, 100 %, 242.58 W, 1980 MHz, 21 %, 38
2026/10/10 15:28:45.502, 3, 76045 MiB, 100 %, 239.36 W, 1980 MHz, 21 %, 32
2026/10/10 15:28:45.502, 4, 76045 MiB, 100 %, 230.67 W, 1980 MHz, 20 %, 32
2026/10/10 15:28:45.502, 5, 76045 MiB, 100 %, 243.33 W, 1980 MHz, 21 %, 36
2026/10/10 15:28:45.502, 6, 76045 MiB, 100 %, 234.08 W, 1980 MHz, 21 %, 34
2026/10/10 15:28:45.502, 7, 76045 MiB, 100 %, 268.55 W, 1980 MHz, 20 %, 69
2026/10/10 15:28:46.503, 0, 76045 MiB, 100 %, 240.41 W, 1980 MHz, 21 %, 33
2026/10/10 15:28:46.503, 1, 76045 MiB, 100 %, 259.51 W, 1980 MHz, 21 %, 58
2026/10/10 15:28:46.503, 2, 76045 MiB, 100 %, 243.72 W, 1980 MHz, 21 %, 38
2026/10/10 15:28:46.503, 3, 76045 MiB, 100 %, 240.67 W, 1980 MHz, 21 %, 32
2026/10/10 15:28:46.503, 4, 76045 MiB, 100 %, 233.70 W, 1980 MHz, 21 %, 32
2026/10/10 15:28:46.503, 5, 76045 MiB, 100 %, 241.78 W, 1980 MHz, 21 %, 36
2026/10/10 15:28:46.503, 6, 76045 MiB, 100 %, 235.68 W, 1980 MHz, 21 %, 34
2026/10/10 15:28:46.503, 7, 76045 MiB, 100 %, 267.61 W, 1980 MHz, 21 %, 69
2026/10/10 15:28:47.503, 0, 76045 MiB, 100 %, 239.30 W, 1980 MHz, 21 %, 33
2026/10/10 15:28:47.503, 1, 76045 MiB, 100 %, 263.44 W, 1980 MHz, 22 %, 58
2026/10/10 15:28:47.503, 2, 76045 MiB, 100 %, 240.76 W, 1980 MHz, 21 %, 38
2026/10/10 15:28:47.503, 3, 76045 MiB, 100 %, 240.24 W, 1980 MHz, 21 %, 32
2026/10/10 15:28:47.504, 4, 76045 MiB, 100 %, 233.06 W, 1980 MHz, 20 %, 32
2026/10/10 15:28:47.504, 5, 76045 MiB, 100 %, 240.61 W, 1980 MHz, 21 %, 36
2026/10/10 15:28:47.504, 6, 76045 MiB, 100 %, 235.18 W, 1980 MHz, 22 %, 34
2026/10/10 15:28:47.504, 7, 76045 MiB, 100 %, 268.30 W, 1980 MHz, 21 %, 69
2026/10/10 15:28:48.504, 0, 76045 MiB, 100 %, 239.98 W, 1980 MHz, 20 %, 33
2026/10/10 15:28:48.504, 1, 76045 MiB, 100 %, 261.03 W, 1980 MHz, 21 %, 58
2026/10/10 15:28:48.504, 2, 76045 MiB, 100 %, 243.68 W, 1980 MHz, 21 %, 38
2026/10/10 15:28:48.504, 3, 76045 MiB, 100 %, 241.87 W, 1980 MHz, 21 %, 32
2026/10/10 15:28:48.504, 4, 76045 MiB, 100 %, 232.84 W, 1980 MHz, 21 %, 32
2026/10/10 15:28:48.504, 5, 76045 MiB, 100 %, 240.93 W, 1980 MHz, 20 %, 36
2026/10/10 15:28:48.504, 6, 76045 MiB, 100 %, 235.54 W, 1980 MHz, 22 %, 34
2026/10/10 15:28:48.504, 7, 76045 MiB, 100 %, 269.10 W, 1980 MHz, 21 %, 69
2026/10/10 15:28:49.505, 0, 76045 MiB, 100 %, 240.31 W, 1980 MHz, 20 %, 33
2026/10/10 15:28:49.505, 1, 76045 MiB, 100 %, 259.45 W, 1980 MHz, 21 %, 58
2026/10/10 15:28:49.505, 2, 76045 MiB, 100 %, 244.10 W, 1980 MHz, 21 %, 38
2026/10/10 15:28:49.505, 3, 76045 MiB, 100 %, 239.02 W, 1980 MHz, 21 %, 32
2026/10/10 15:28:49.505, 4, 76045 MiB, 100 %, 233.05 W, 1980 MHz, 20 %, 32
2026/10/10 15:28:49.505, 5, 76045 MiB, 100 %, 239.91 W, 1980 MHz, 21 %, 36
2026/10/10 15:28:49.505, 6, 76045 MiB, 100 %, 235.12 W, 1980 MHz, 22 %, 34
2026/10/10 15:28:49.505, 7, 76045 MiB, 100 %, 267.14 W, 1980 MHz, 21 %, 69
2026/10/10 15:28:50.505, 0, 76045 MiB, 100 %, 351.87 W, 1980 MHz, 50 %, 41
2026/10/10 15:28:50.505, 1, 76045 MiB, 100 %, 384.76 W, 1980 MHz, 49 %, 65
2026/10/10 15:28:50.505, 2, 76045 MiB, 100 %, 355.15 W, 1980 MHz, 50 %, 45
2026/10/10 15:28:50.506, 3, 76045 MiB, 100 %, 351.04 W, 1980 MHz, 51 %, 40
2026/10/10 15:28:50.506, 4, 76045 MiB, 100 %, 346.42 W, 1980 MHz, 51 %, 40
2026/10/10 15:28:50.506, 5, 76045 MiB, 100 %, 362.13 W, 1980 MHz, 49 %, 43
2026/10/10 15:28:50.506, 6, 76045 MiB, 100 %, 361.08 W, 1980 MHz, 50 %, 42
2026/10/10 15:28:50.506, 7, 76045 MiB, 100 %, 409.37 W, 1980 MHz, 50 %, 77
2026/10/10 15:28:51.506, 0, 76045 MiB, 100 %, 296.98 W, 1980 MHz, 22 %, 34
2026/10/10 15:28:51.506, 1, 76045 MiB, 100 %, 307.62 W, 1980 MHz, 21 %, 58
2026/10/10 15:28:51.506, 2, 76045 MiB, 100 %, 294.70 W, 1980 MHz, 21 %, 38
2026/10/10 15:28:51.506, 3, 76045 MiB, 100 %, 288.95 W, 1980 MHz, 21 %, 33
2026/10/10 15:28:51.506, 4, 76045 MiB, 100 %, 278.67 W, 1980 MHz, 21 %, 33
2026/10/10 15:28:51.506, 5, 76045 MiB, 100 %, 281.80 W, 1980 MHz, 21 %, 37
2026/10/10 15:28:51.506, 6, 76045 MiB, 100 %, 276.23 W, 1980 MHz, 21 %, 35
2026/10/10 15:28:51.506, 7, 76045 MiB, 100 %, 310.39 W, 1980 MHz, 21 %, 70
2026/10/10 15:28:52.507, 0, 76045 MiB, 100 %, 240.83 W, 1980 MHz, 21 %, 34
2026/10/10 15:28:52.507, 1, 76045 MiB, 100 %, 262.74 W, 1980 MHz, 21 %, 58
2026/10/10 15:28:52.507, 2, 76045 MiB, 100 %, 243.75 W, 1980 MHz, 21 %, 38
2026/10/10 15:28:52.507, 3, 76045 MiB, 100 %, 240.24 W, 1980 MHz, 21 %, 32
2026/10/10 15:28:52.507, 4, 76045 MiB, 100 %, 237.05 W, 1980 MHz, 21 %, 33
2026/10/10 15:28:52.507, 5, 76045 MiB, 100 %, 241.87 W, 1980 MHz, 21 %, 37
2026/10/10 15:28:52.507, 6, 76045 MiB, 100 %, 231.32 W, 1980 MHz, 21 %, 34
2026/10/10 15:28:52.507, 7, 76045 MiB, 100 %, 271.58 W, 1980 MHz, 21 %, 70
2026/10/10 15:28:53.507, 0, 76045 MiB, 100 %, 239.26 W, 1980 MHz, 21 %, 34
2026/10/10 15:28:53.507, 1, 76045 MiB, 100 %, 259.53 W, 1980 MHz, 21 %, 58
2026/10/10 15:28:53.507, 2, 76045 MiB, 100 %, 243.62 W, 1980 MHz, 21 %, 38
2026/10/10 15:28:53.508, 3, 76045 MiB, 100 %, 239.47 W, 1980 MHz, 21 %, 32
2026/10/10 15:28:53.508, 4, 76045 MiB, 100 %, 237.30 W, 1980 MHz, 21 %, 33
2026/10/10 15:28:53.508, 5, 76045 MiB, 100 %, 241.52 W, 1980 MHz, 21 %, 37
2026/10/10 15:28:53.508, 6, 76045 MiB, 100 %, 232.35 W, 1980 MHz, 21 %, 34
2026/10/10 15:28:53.508, 7, 76045 MiB, 100 %, 271.73 W, 1980 MHz, 22 %, 70
2026/10/10 15:28:54.508, 0, 76045 MiB, 100 %, 239.10 W, 1980 MHz, 21 %, 34
2026/10/10 15:28:54.508, 1, 76045 MiB, 100 %, 260.90 W, 1980 MHz, 21 %, 58
2026/10/10 15:28:54.508, 2, 76045 MiB, 100 %, 243.50 W, 1980 MHz, 21 %, 38
2026/10/10 15:28:54.508, 3, 76045 MiB, 100 %, 239.68 W, 1980 MHz, 21 %, 32
2026/10/10 15:28:54.508, 4, 76045 MiB, 100 %, 237.88 W, 1980 MHz, 22 %, 33
2026/10/10 15:28:54.508, 5, 76045 MiB, 100 %, 241.80 W, 1980 MHz, 21 %, 36
2026/10/10 15:28:54.508, 6, 76045 MiB, 100 %, 231.24 W, 1980 MHz, 21 %, 34
2026/10/10 15:28:54.508, 7, 76045 MiB, 100 %, 273.15 W, 1980 MHz, 21 %, 70
2026/10/10 15:28:55.508, 0, 76045 MiB, 100 %, 240.17 W, 1980 MHz, 21 %, 33
2026/10/10 15:28:55.509, 1, 76045 MiB, 100 %, 260.31 W, 1980 MHz, 21 %, 58
2026/10/10 15:28:55.509, 2, 76045 MiB, 100 %, 242.01 W, 1980 MHz, 21 %, 38
2026/10/10 15:28:55.509, 3, 76045 MiB, 100 %, 241.28 W, 1980 MHz, 21 %, 32
2026/10/10 15:28:55.509, 4, 76045 MiB, 100 %, 235.94 W, 1980 MHz, 21 %, 33
2026/10/10 15:28:55.509, 5, 76045 MiB, 100 %, 241.69 W, 1980 MHz, 22 %, 36
2026/10/10 15:28:55.509, 6, 76045 MiB, 100 %, 231.46 W, 1980 MHz, 21 %, 34
2026/10/10 15:28:55.509, 7, 76045 MiB, 100 %, 272.68 W, 1980 MHz, 21 %, 69
2026/10/10 15:28:56.509, 0, 76045 MiB, 100 %, 240.18 W, 1980 MHz, 21 %, 34
2026/10/10 15:28:56.509, 1, 76045 MiB, 100 %, 260.58 W, 1980 MHz, 21 %, 58
2026/10/10 15:28:56.509, 2, 76045 MiB, 100 %, 243.88 W, 1980 MHz, 21 %, 38
2026/10/10 15:28:56.510, 3, 76045 MiB, 100 %, 238.24 W, 1980 MHz, 21 %, 32
2026/10/10 15:28:56.510, 4, 76045 MiB, 100 %, 234.27 W, 1980 MHz, 21 %, 33
2026/10/10 15:28:56.510, 5, 76045 MiB, 100 %, 240.34 W, 1980 MHz, 21 %, 36
2026/10/10 15:28:56.510, 6, 76045 MiB, 100 %, 230.19 W, 1980 MHz, 22 %, 34
2026/10/10 15:28:56.510, 7, 76045 MiB, 100 %, 271.05 W, 1980 MHz, 21 %, 69
2026/10/10 15:28:57.510, 0, 76045 MiB, 100 %, 239.24 W, 1980 MHz, 21 %, 33
2026/10/10 15:28:57.510, 1, 76045 MiB, 100 %, 261.30 W, 1980 MHz, 22 %, 58
2026/10/10 15:28:57.510, 2, 76045 MiB, 100 %, 244.24 W, 1980 MHz, 21 %, 38
2026/10/10 15:28:57.510, 3, 76045 MiB, 100 %, 241.48 W, 1980 MHz, 22 %, 32
2026/10/10 15:28:57.510, 4, 76045 MiB, 100 %, 234.66 W, 1980 MHz, 21 %, 33
2026/10/10 15:28:57.510, 5, 76045 MiB, 100 %, 242.36 W, 1980 MHz, 21 %, 36
2026/10/10 15:28:57.510, 6, 76045 MiB, 100 %, 231.08 W, 1980 MHz, 20 %, 34
2026/10/10 15:28:57.510, 7, 76045 MiB, 100 %, 272.21 W, 1980 MHz, 21 %, 69
2026/10/10 15:28:58.511, 0, 76045 MiB, 100 %, 238.71 W, 1980 MHz, 21 %, 33
2026/10/10 15:28:58.511, 1, 76045 MiB, 100 %, 261.03 W, 1980 MHz, 21 %, 58
2026/10/10 15:28:58.511, 2, 76045 MiB, 100 %, 243.43 W, 1980 MHz, 21 %, 38
2026/10/10 15:28:58.511, 3, 76045 MiB, 100 %, 239.56 W, 1980 MHz, 22 %, 32
2026/10/10 15:28:58.511, 4, 76045 MiB, 100 %, 236.65 W, 1980 MHz, 21 %, 33
2026/10/10 15:28:58.511, 5, 76045 MiB, 100 %, 243.26 W, 1980 MHz, 21 %, 36
2026/10/10 15:28:58.511, 6, 76045 MiB, 100 %, 231.54 W, 1980 MHz, 21 %, 34
2026/10/10 15:28:58.511, 7, 76045 MiB, 100 %, 271.53 W, 1980 MHz, 21 %, 69
2026/10/10 15:28:59.511, 0, 76045 MiB, 100 %, 239.48 W, 1980 MHz, 21 %, 33
2026/10/10 15:28:59.512, 1, 76045 MiB, 100 %, 259.54 W, 1980 MHz, 21 %, 58
2026/10/10 15:28:59.512, 2, 76045 MiB, 100 %, 242.39 W, 1980 MHz, 21 %, 38
2026/10/10 15:28:59.512, 3, 76045 MiB, 100 %, 237.68 W, 1980 MHz, 21 %, 32
2026/10/10 15:28:59.512, 4, 76045 MiB, 100 %, 235.20 W, 1980 MHz, 21 %, 33
2026/10/10 15:28:59.512, 5, 76045 MiB, 100 %, 242.40 W, 1980 MHz, 21 %, 36
2026/10/10 15:28:59.512, 6, 76045 MiB, 100 %, 230.97 W, 1980 MHz, 21 %, 34
2026/10/10 15:28:59.512, 7, 76045 MiB, 100 %, 271.30 W, 1980 MHz, 22 %, 69
2026/10/10 15:29:00.512, 0, 76045 MiB, 100 %, 240.16 W, 1980 MHz, 21 %, 33
2026/10/10 15:29:00.512, 1, 76045 MiB, 100 %, 260.54 W, 1980 MHz, 21 %, 58
2026/10/10 15:29:00.512, 2, 76045 MiB, 100 %, 242.87 W, 1980 MHz, 21 %, 38
2026/10/10 15:29:00.512, 3, 76045 MiB, 100 %, 239.44 W, 1980 MHz, 21 %, 32
2026/10/10 15:29:00.512, 4, 76045 MiB, 100 %, 235.77 W, 1980 MHz, 21 %, 32
2026/10/10 15:29:00.512, 5, 76045 MiB, 100 %, 242.62 W, 1980 MHz, 21 %, 36
2026/10/10 15:29:00.513, 6, 76045 MiB, 100 %, 232.16 W, 1980 MHz, 21 %, 34
2026/10/10 15:29:00.513, 7, 76045 MiB, 100 %, 271.40 W, 1980 MHz, 21 %, 69
2026/10/10 15:29:01.513, 0, 76045 MiB, 100 %, 241.92 W, 1980 MHz, 21 %, 33
2026/10/10 15:29:01.513, 1, 76045 MiB, 100 %, 260.20 W, 1980 MHz, 22 %, 58
2026/10/10 15:29:01.513, 2, 76045 MiB, 100 %, 242.42 W, 1980 MHz, 21 %, 38
2026/10/10 15:29:01.513, 3, 76045 MiB, 100 %, 236.70 W, 1980 MHz, 21 %, 32
2026/10/10 15:29:01.513, 4, 76045 MiB, 100 %, 236.07 W, 1980 MHz, 21 %, 32
2026/10/10 15:29:01.513, 5, 76045 MiB, 100 %, 241.48 W, 1980 MHz, 21 %, 36
2026/10/10 15:29:01.513, 6, 76045 MiB, 100 %, 232.21 W, 1980 MHz, 21 %, 34
2026/10/10 15:29:01.513, 7, 76045 MiB, 100 %, 270.25 W, 1980 MHz, 21 %, 69
2026/10/10 15:29:02.513, 0, 76045 MiB, 100 %, 237.62 W, 1980 MHz, 21 %, 33
2026/10/10 15:29:02.514, 1, 76045 MiB, 100 %, 260.47 W, 1980 MHz, 21 %, 58
2026/10/10 15:29:02.514, 2, 76045 MiB, 100 %, 242.93 W, 1980 MHz, 21 %, 38
2026/10/10 15:29:02.514, 3, 76045 MiB, 100 %, 236.91 W, 1980 MHz, 21 %, 32
2026/10/10 15:29:02.514, 4, 76045 MiB, 100 %, 237.05 W, 1980 MHz, 22 %, 32
2026/10/10 15:29:02.514, 5, 76045 MiB, 100 %, 240.19 W, 1980 MHz, 20 %, 36
2026/10/10 15:29:02.514, 6, 76045 MiB, 100 %, 230.70 W, 1980 MHz, 21 %, 34
2026/10/10 15:29:02.514, 7, 76045 MiB, 100 %, 270.85 W, 1980 MHz, 21 %, 69
2026/10/10 15:29:03.514, 0, 76045 MiB, 100 %, 239.81 W, 1980 MHz, 21 %, 33
2026/10/10 15:29:03.514, 1, 76045 MiB, 100 %, 260.84 W, 1980 MHz, 21 %, 58
2026/10/10 15:29:03.514, 2, 76045 MiB, 100 %, 244.49 W, 1980 MHz, 21 %, 38
2026/10/10 15:29:03.514, 3, 76045 MiB, 100 %, 239.49 W, 1980 MHz, 21 %, 32
2026/10/10 15:29:03.514, 4, 76045 MiB, 100 %, 236.56 W, 1980 MHz, 22 %, 32
2026/10/10 15:29:03.514, 5, 76045 MiB, 100 %, 240.71 W, 1980 MHz, 21 %, 36
2026/10/10 15:29:03.514, 6, 76045 MiB, 100 %, 231.99 W, 1980 MHz, 21 %, 34
2026/10/10 15:29:03.515, 7, 76045 MiB, 100 %, 271.42 W, 1980 MHz, 21 %, 69
2026/10/10 15:29:04.515, 0, 76045 MiB, 100 %, 285.11 W, 1980 MHz, 52 %, 39
2026/10/10 15:29:04.515, 1, 76045 MiB, 100 %, 317.55 W, 1980 MHz, 52 %, 64
2026/10/10 15:29:04.515, 2, 76045 MiB, 100 %, 298.43 W, 1980 MHz, 52 %, 42
2026/10/10 15:29:04.515, 3, 76045 MiB, 91 %, 302.60 W, 1980 MHz, 47 %, 38
2026/10/10 15:29:04.515, 4, 76045 MiB, 91 %, 297.85 W, 1980 MHz, 47 %, 39
2026/10/10 15:29:04.515, 5, 76045 MiB, 100 %, 305.67 W, 1980 MHz, 51 %, 43
2026/10/10 15:29:04.515, 6, 76045 MiB, 100 %, 290.63 W, 1980 MHz, 52 %, 41
2026/10/10 15:29:04.515, 7, 76045 MiB, 100 %, 337.09 W, 1980 MHz, 51 %, 75
2026/10/10 15:29:05.515, 0, 76045 MiB, 100 %, 346.25 W, 1980 MHz, 20 %, 34
2026/10/10 15:29:05.516, 1, 76045 MiB, 100 %, 371.10 W, 1980 MHz, 21 %, 58
2026/10/10 15:29:05.516, 2, 76045 MiB, 100 %, 354.13 W, 1980 MHz, 21 %, 38
2026/10/10 15:29:05.516, 3, 76045 MiB, 100 %, 350.58 W, 1980 MHz, 21 %, 33
2026/10/10 15:29:05.516, 4, 76045 MiB, 100 %, 338.01 W, 1980 MHz, 21 %, 33
2026/10/10 15:29:05.516, 5, 76045 MiB, 100 %, 338.70 W, 1980 MHz, 20 %, 37
2026/10/10 15:29:05.516, 6, 76045 MiB, 100 %, 332.30 W, 1980 MHz, 22 %, 35
2026/10/10 15:29:05.516, 7, 76045 MiB, 100 %, 371.07 W, 1980 MHz, 21 %, 70
2026/10/10 15:29:06.516, 0, 76045 MiB, 100 %, 238.67 W, 1980 MHz, 20 %, 34
2026/10/10 15:29:06.516, 1, 76045 MiB, 100 %, 260.75 W, 1980 MHz, 22 %, 58
2026/10/10 15:29:06.516, 2, 76045 MiB, 100 %, 245.18 W, 1980 MHz, 21 %, 38
2026/10/10 15:29:06.516, 3, 76045 MiB, 100 %, 236.29 W, 1980 MHz, 21 %, 32
2026/10/10 15:29:06.516, 4, 76045 MiB, 100 %, 233.30 W, 1980 MHz, 20 %, 33
2026/10/10 15:29:06.516, 5, 76045 MiB, 100 %, 243.07 W, 1980 MHz, 21 %, 37
2026/10/10 15:29:06.517, 6, 76045 MiB, 100 %, 234.33 W, 1980 MHz, 22 %, 34
2026/10/10 15:29:06.517, 7, 76045 MiB, 100 %, 270.93 W, 1980 MHz, 21 %, 70
2026/10/10 15:29:07.517, 0, 76045 MiB, 100 %, 239.85 W, 1980 MHz, 21 %, 34
2026/10/10 15:29:07.517, 1, 76045 MiB, 100 %, 258.99 W, 1980 MHz, 21 %, 58
2026/10/10 15:29:07.517, 2, 76045 MiB, 100 %, 245.27 W, 1980 MHz, 22 %, 38
2026/10/10 15:29:07.517, 3, 76045 MiB, 100 %, 238.17 W, 1980 MHz, 21 %, 32
2026/10/10 15:29:07.517, 4, 76045 MiB, 100 %, 233.00 W, 1980 MHz, 21 %, 33
2026/10/10 15:29:07.517, 5, 76045 MiB, 100 %, 239.87 W, 1980 MHz, 21 %, 36
2026/10/10 15:29:07.517, 6, 76045 MiB, 100 %, 235.50 W, 1980 MHz, 22 %, 34
2026/10/10 15:29:07.517, 7, 76045 MiB, 100 %, 269.34 W, 1980 MHz, 21 %, 70
2026/10/10 15:29:08.517, 0, 76045 MiB, 100 %, 239.56 W, 1980 MHz, 21 %, 33
2026/10/10 15:29:08.518, 1, 76045 MiB, 100 %, 259.77 W, 1980 MHz, 21 %, 58
2026/10/10 15:29:08.518, 2, 76045 MiB, 100 %, 244.67 W, 1980 MHz, 22 %, 38
2026/10/10 15:29:08.518, 3, 76045 MiB, 100 %, 237.89 W, 1980 MHz, 21 %, 32
2026/10/10 15:29:08.518, 4, 76045 MiB, 100 %, 233.04 W, 1980 MHz, 21 %, 32
2026/10/10 15:29:08.518, 5, 76045 MiB, 100 %, 238.67 W, 1980 MHz, 21 %, 36
2026/10/10 15:29:08.518, 6, 76045 MiB, 100 %, 235.67 W, 1980 MHz, 21 %, 34
2026/10/10 15:29:08.518, 7, 76045 MiB, 100 %, 267.89 W, 1980 MHz, 20 %, 69
2026/10/10 15:29:09.518, 0, 76045 MiB, 100 %, 241.26 W, 1980 MHz, 21 %, 33
2026/10/10 15:29:09.518, 1, 76045 MiB, 100 %, 259.93 W, 1980 MHz, 21 %, 58
2026/10/10 15:29:09.518, 2, 76045 MiB, 100 %, 244.71 W, 1980 MHz, 21 %, 38
2026/10/10 15:29:09.518, 3, 76045 MiB, 100 %, 238.24 W, 1980 MHz, 21 %, 32
2026/10/10 15:29:09.518, 4, 76045 MiB, 100 %, 232.38 W, 1980 MHz, 20 %, 32
2026/10/10 15:29:09.518, 5, 76045 MiB, 100 %, 239.14 W, 1980 MHz, 20 %, 36
2026/10/10 15:29:09.518, 6, 76045 MiB, 100 %, 237.15 W, 1980 MHz, 22 %, 34
2026/10/10 15:29:09.518, 7, 76045 MiB, 100 %, 270.68 W, 1980 MHz, 21 %, 69
2026/10/10 15:29:10.519, 0, 76045 MiB, 100 %, 238.48 W, 1980 MHz, 21 %, 33
2026/10/10 15:29:10.519, 1, 76045 MiB, 100 %, 260.88 W, 1980 MHz, 21 %, 58
2026/10/10 15:29:10.519, 2, 76045 MiB, 100 %, 242.85 W, 1980 MHz, 21 %, 38
2026/10/10 15:29:10.519, 3, 76045 MiB, 100 %, 236.69 W, 1980 MHz, 21 %, 32
2026/10/10 15:29:10.519, 4, 76045 MiB, 100 %, 234.71 W, 1980 MHz, 21 %, 32
2026/10/10 15:29:10.519, 5, 76045 MiB, 100 %, 244.01 W, 1980 MHz, 21 %, 36
2026/10/10 15:29:10.519, 6, 76045 MiB, 100 %, 233.13 W, 1980 MHz, 21 %, 34
2026/10/10 15:29:10.519, 7, 76045 MiB, 100 %, 271.36 W, 1980 MHz, 21 %, 69
2026/10/10 15:29:11.519, 0, 76045 MiB, 100 %, 238.53 W, 1980 MHz, 20 %, 33
2026/10/10 15:29:11.520, 1, 76045 MiB, 100 %, 261.48 W, 1980 MHz, 21 %, 58
2026/10/10 15:29:11.520, 2, 76045 MiB, 100 %, 243.77 W, 1980 MHz, 21 %, 38
2026/10/10 15:29:11.520, 3, 76045 MiB, 100 %, 236.25 W, 1980 MHz, 21 %, 32
2026/10/10 15:29:11.520, 4, 76045 MiB, 100 %, 233.34 W, 1980 MHz, 21 %, 32
2026/10/10 15:29:11.520, 5, 76045 MiB, 100 %, 241.73 W, 1980 MHz, 21 %, 36
2026/10/10 15:29:11.520, 6, 76045 MiB, 100 %, 234.31 W, 1980 MHz, 21 %, 34
2026/10/10 15:29:11.520, 7, 76045 MiB, 100 %, 268.80 W, 1980 MHz, 21 %, 69
2026/10/10 15:29:12.520, 0, 76045 MiB, 100 %, 239.29 W, 1980 MHz, 20 %, 33
2026/10/10 15:29:12.520, 1, 76045 MiB, 100 %, 260.86 W, 1980 MHz, 21 %, 58
2026/10/10 15:29:12.520, 2, 76045 MiB, 100 %, 244.40 W, 1980 MHz, 21 %, 38
2026/10/10 15:29:12.520, 3, 76045 MiB, 100 %, 238.34 W, 1980 MHz, 21 %, 32
2026/10/10 15:29:12.521, 4, 76045 MiB, 100 %, 233.54 W, 1980 MHz, 21 %, 32
2026/10/10 15:29:12.521, 5, 76045 MiB, 100 %, 243.84 W, 1980 MHz, 22 %, 36
2026/10/10 15:29:12.521, 6, 76045 MiB, 100 %, 233.23 W, 1980 MHz, 21 %, 34
2026/10/10 15:29:12.521, 7, 76045 MiB, 100 %, 272.02 W, 1980 MHz, 21 %, 69
2026/10/10 15:29:13.521, 0, 76045 MiB, 100 %, 238.99 W, 1980 MHz, 21 %, 33
2026/10/10 15:29:13.521, 1, 76045 MiB, 100 %, 262.69 W, 1980 MHz, 22 %, 58
2026/10/10 15:29:13.521, 2, 76045 MiB, 100 %, 242.29 W, 1980 MHz, 21 %, 38
2026/10/10 15:29:13.521, 3, 76045 MiB, 100 %, 239.88 W, 1980 MHz, 21 %, 32
2026/10/10 15:29:13.521, 4, 76045 MiB, 100 %, 234.93 W, 1980 MHz, 21 %, 32
2026/10/10 15:29:13.521, 5, 76045 MiB, 100 %, 242.89 W, 1980 MHz, 21 %, 36
2026/10/10 15:29:13.521, 6, 76045 MiB, 100 %, 230.75 W, 1980 MHz, 21 %, 34
2026/10/10 15:29:13.521, 7, 76045 MiB, 100 %, 270.25 W, 1980 MHz, 21 %, 69
2026/10/10 15:29:14.522, 0, 76045 MiB, 100 %, 239.60 W, 1980 MHz, 21 %, 33
2026/10/10 15:29:14.522, 1, 76045 MiB, 100 %, 261.59 W, 1980 MHz, 22 %, 58
2026/10/10 15:29:14.522, 2, 76045 MiB, 100 %, 242.89 W, 1980 MHz, 21 %, 38
2026/10/10 15:29:14.522, 3, 76045 MiB, 100 %, 237.08 W, 1980 MHz, 21 %, 32
2026/10/10 15:29:14.522, 4, 76045 MiB, 100 %, 233.63 W, 1980 MHz, 21 %, 32
2026/10/10 15:29:14.522, 5, 76045 MiB, 100 %, 242.21 W, 1980 MHz, 21 %, 36
2026/10/10 15:29:14.522, 6, 76045 MiB, 100 %, 232.08 W, 1980 MHz, 21 %, 34
2026/10/10 15:29:14.522, 7, 76045 MiB, 100 %, 267.09 W, 1980 MHz, 21 %, 69
2026/10/10 15:29:15.522, 0, 76045 MiB, 100 %, 239.08 W, 1980 MHz, 21 %, 33
2026/10/10 15:29:15.522, 1, 76045 MiB, 100 %, 262.11 W, 1980 MHz, 21 %, 58
2026/10/10 15:29:15.522, 2, 76045 MiB, 100 %, 243.66 W, 1980 MHz, 21 %, 38
2026/10/10 15:29:15.523, 3, 76045 MiB, 100 %, 238.87 W, 1980 MHz, 21 %, 32
2026/10/10 15:29:15.523, 4, 76045 MiB, 100 %, 234.35 W, 1980 MHz, 22 %, 32
2026/10/10 15:29:15.523, 5, 76045 MiB, 100 %, 245.21 W, 1980 MHz, 22 %, 36
2026/10/10 15:29:15.523, 6, 76045 MiB, 100 %, 231.60 W, 1980 MHz, 20 %, 34
2026/10/10 15:29:15.523, 7, 76045 MiB, 100 %, 267.55 W, 1980 MHz, 21 %, 69
2026/10/10 15:29:16.523, 0, 76045 MiB, 100 %, 240.67 W, 1980 MHz, 21 %, 33
2026/10/10 15:29:16.523, 1, 76045 MiB, 100 %, 260.48 W, 1980 MHz, 21 %, 58
2026/10/10 15:29:16.523, 2, 76045 MiB, 100 %, 241.56 W, 1980 MHz, 21 %, 38
2026/10/10 15:29:16.523, 3, 76045 MiB, 100 %, 236.55 W, 1980 MHz, 21 %, 32
2026/10/10 15:29:16.523, 4, 76045 MiB, 100 %, 234.32 W, 1980 MHz, 21 %, 32
2026/10/10 15:29:16.523, 5, 76045 MiB, 100 %, 241.67 W, 1980 MHz, 21 %, 36
2026/10/10 15:29:16.523, 6, 76045 MiB, 100 %, 232.53 W, 1980 MHz, 20 %, 34
2026/10/10 15:29:16.523, 7, 76045 MiB, 100 %, 268.22 W, 1980 MHz, 21 %, 69
2026/10/10 15:29:17.524, 0, 76045 MiB, 100 %, 241.56 W, 1980 MHz, 21 %, 33
2026/10/10 15:29:17.524, 1, 76045 MiB, 100 %, 258.58 W, 1980 MHz, 21 %, 58
2026/10/10 15:29:17.524, 2, 76045 MiB, 100 %, 242.63 W, 1980 MHz, 20 %, 38
2026/10/10 15:29:17.524, 3, 76045 MiB, 100 %, 239.34 W, 1980 MHz, 21 %, 32
2026/10/10 15:29:17.524, 4, 76045 MiB, 100 %, 234.39 W, 1980 MHz, 21 %, 32
2026/10/10 15:29:17.524, 5, 76045 MiB, 100 %, 241.02 W, 1980 MHz, 22 %, 36
2026/10/10 15:29:17.524, 6, 76045 MiB, 100 %, 231.92 W, 1980 MHz, 20 %, 34
2026/10/10 15:29:17.524, 7, 76045 MiB, 100 %, 268.30 W, 1980 MHz, 21 %, 69
2026/10/10 15:29:18.524, 0, 76045 MiB, 100 %, 274.82 W, 1980 MHz, 52 %, 38
2026/10/10 15:29:18.525, 1, 76045 MiB, 100 %, 300.10 W, 1980 MHz, 53 %, 62
2026/10/10 15:29:18.525, 2, 76045 MiB, 100 %, 283.76 W, 1980 MHz, 52 %, 41
2026/10/10 15:29:18.525, 3, 76045 MiB, 60 %, 283.74 W, 1980 MHz, 27 %, 37
2026/10/10 15:29:18.525, 4, 76045 MiB, 60 %, 276.85 W, 1980 MHz, 27 %, 38
2026/10/10 15:29:18.525, 5, 76045 MiB, 100 %, 287.52 W, 1980 MHz, 52 %, 42
2026/10/10 15:29:18.525, 6, 76045 MiB, 77 %, 284.47 W, 1980 MHz, 39 %, 40
2026/10/10 15:29:18.525, 7, 76045 MiB, 100 %, 329.46 W, 1980 MHz, 50 %, 74
2026/10/10 15:29:19.525, 0, 76045 MiB, 100 %, 353.34 W, 1980 MHz, 21 %, 34
2026/10/10 15:29:19.525, 1, 76045 MiB, 100 %, 365.87 W, 1980 MHz, 21 %, 58
2026/10/10 15:29:19.525, 2, 76045 MiB, 100 %, 357.32 W, 1980 MHz, 21 %, 38
2026/10/10 15:29:19.525, 3, 76045 MiB, 100 %, 338.66 W, 1980 MHz, 21 %, 33
2026/10/10 15:29:19.525, 4, 76045 MiB, 100 %, 331.08 W, 1980 MHz, 21 %, 33
2026/10/10 15:29:19.525, 5, 76045 MiB, 100 %, 340.01 W, 1980 MHz, 21 %, 37
2026/10/10 15:29:19.526, 6, 76045 MiB, 100 %, 322.02 W, 1980 MHz, 22 %, 35
2026/10/10 15:29:19.526, 7, 76045 MiB, 100 %, 370.75 W, 1980 MHz, 21 %, 70
2026/10/10 15:29:20.526, 0, 76045 MiB, 100 %, 240.93 W, 1980 MHz, 21 %, 34
2026/10/10 15:29:20.526, 1, 76045 MiB, 100 %, 259.50 W, 1980 MHz, 21 %, 58
2026/10/10 15:29:20.526, 2, 76045 MiB, 100 %, 244.54 W, 1980 MHz, 21 %, 38
2026/10/10 15:29:20.526, 3, 76045 MiB, 100 %, 239.80 W, 1980 MHz, 21 %, 32
2026/10/10 15:29:20.526, 4, 76045 MiB, 100 %, 232.70 W, 1980 MHz, 21 %, 33
2026/10/10 15:29:20.526, 5, 76045 MiB, 100 %, 242.74 W, 1980 MHz, 21 %, 37
2026/10/10 15:29:20.526, 6, 76045 MiB, 100 %, 233.26 W, 1980 MHz, 22 %, 34
2026/10/10 15:29:20.527, 7, 76045 MiB, 100 %, 268.45 W, 1980 MHz, 21 %, 70
2026/10/10 15:29:21.527, 0, 76045 MiB, 100 %, 240.14 W, 1980 MHz, 21 %, 34
2026/10/10 15:29:21.527, 1, 76045 MiB, 100 %, 261.62 W, 1980 MHz, 21 %, 58
2026/10/10 15:29:21.527, 2, 76045 MiB, 100 %, 243.39 W, 1980 MHz, 21 %, 38
2026/10/10 15:29:21.527, 3, 76045 MiB, 100 %, 238.18 W, 1980 MHz, 21 %, 32
2026/10/10 15:29:21.527, 4, 76045 MiB, 100 %, 232.85 W, 1980 MHz, 21 %, 33
2026/10/10 15:29:21.527, 5, 76045 MiB, 100 %, 242.43 W, 1980 MHz, 21 %, 36
2026/10/10 15:29:21.527, 6, 76045 MiB, 100 %, 233.46 W, 1980 MHz, 22 %, 34
2026/10/10 15:29:21.527, 7, 76045 MiB, 100 %, 268.71 W, 1980 MHz, 21 %, 69
2026/10/10 15:29:22.527, 0, 76045 MiB, 100 %, 240.93 W, 1980 MHz, 21 %, 33
2026/10/10 15:29:22.528, 1, 76045 MiB, 100 %, 260.35 W, 1980 MHz, 21 %, 58
2026/10/10 15:29:22.528, 2, 76045 MiB, 100 %, 242.54 W, 1980 MHz, 21 %, 38
2026/10/10 15:29:22.528, 3, 76045 MiB, 100 %, 238.17 W, 1980 MHz, 21 %, 32
2026/10/10 15:29:22.528, 4, 76045 MiB, 100 %, 233.34 W, 1980 MHz, 21 %, 32
2026/10/10 15:29:22.528, 5, 76045 MiB, 100 %, 241.91 W, 1980 MHz, 21 %, 36
2026/10/10 15:29:22.528, 6, 76045 MiB, 100 %, 234.28 W, 1980 MHz, 21 %, 34
2026/10/10 15:29:22.528, 7, 76045 MiB, 100 %, 269.48 W, 1980 MHz, 21 %, 69
2026/10/10 15:29:23.528, 0, 76045 MiB, 100 %, 238.64 W, 1980 MHz, 21 %, 33
2026/10/10 15:29:23.528, 1, 76045 MiB, 100 %, 259.75 W, 1980 MHz, 21 %, 58
2026/10/10 15:29:23.528, 2, 76045 MiB, 100 %, 243.97 W, 1980 MHz, 21 %, 38
2026/10/10 15:29:23.528, 3, 76045 MiB, 100 %, 239.57 W, 1980 MHz, 21 %, 32
2026/10/10 15:29:23.528, 4, 76045 MiB, 100 %, 233.59 W, 1980 MHz, 21 %, 32
2026/10/10 15:29:23.528, 5, 76045 MiB, 100 %, 241.96 W, 1980 MHz, 22 %, 36
2026/10/10 15:29:23.528, 6, 76045 MiB, 100 %, 234.19 W, 1980 MHz, 21 %, 34
2026/10/10 15:29:23.528, 7, 76045 MiB, 100 %, 267.64 W, 1980 MHz, 21 %, 69
2026/10/10 15:29:24.529, 0, 76045 MiB, 100 %, 240.48 W, 1980 MHz, 21 %, 33
2026/10/10 15:29:24.529, 1, 76045 MiB, 100 %, 261.04 W, 1980 MHz, 21 %, 58
2026/10/10 15:29:24.529, 2, 76045 MiB, 100 %, 243.80 W, 1980 MHz, 22 %, 38
2026/10/10 15:29:24.529, 3, 76045 MiB, 100 %, 238.87 W, 1980 MHz, 21 %, 32
2026/10/10 15:29:24.529, 4, 76045 MiB, 100 %, 233.00 W, 1980 MHz, 21 %, 32
2026/10/10 15:29:24.529, 5, 76045 MiB, 100 %, 242.86 W, 1980 MHz, 21 %, 36
2026/10/10 15:29:24.529, 6, 76045 MiB, 100 %, 231.89 W, 1980 MHz, 21 %, 34
2026/10/10 15:29:24.529, 7, 76045 MiB, 100 %, 269.27 W, 1980 MHz, 21 %, 69
2026/10/10 15:29:25.529, 0, 76045 MiB, 100 %, 240.43 W, 1980 MHz, 21 %, 33
2026/10/10 15:29:25.529, 1, 76045 MiB, 100 %, 260.79 W, 1980 MHz, 21 %, 58
2026/10/10 15:29:25.530, 2, 76045 MiB, 100 %, 244.33 W, 1980 MHz, 22 %, 38
2026/10/10 15:29:25.530, 3, 76045 MiB, 100 %, 239.49 W, 1980 MHz, 21 %, 32
2026/10/10 15:29:25.530, 4, 76045 MiB, 100 %, 232.73 W, 1980 MHz, 21 %, 32
2026/10/10 15:29:25.530, 5, 76045 MiB, 100 %, 243.13 W, 1980 MHz, 21 %, 36
2026/10/10 15:29:25.530, 6, 76045 MiB, 100 %, 234.43 W, 1980 MHz, 22 %, 34
2026/10/10 15:29:25.530, 7, 76045 MiB, 100 %, 267.22 W, 1980 MHz, 21 %, 69
2026/10/10 15:29:26.530, 0, 76045 MiB, 100 %, 241.38 W, 1980 MHz, 21 %, 33
2026/10/10 15:29:26.530, 1, 76045 MiB, 100 %, 261.18 W, 1980 MHz, 21 %, 58
2026/10/10 15:29:26.530, 2, 76045 MiB, 100 %, 243.75 W, 1980 MHz, 21 %, 38
2026/10/10 15:29:26.530, 3, 76045 MiB, 100 %, 238.41 W, 1980 MHz, 21 %, 32
2026/10/10 15:29:26.530, 4, 76045 MiB, 100 %, 233.63 W, 1980 MHz, 22 %, 32
2026/10/10 15:29:26.530, 5, 76045 MiB, 100 %, 241.98 W, 1980 MHz, 20 %, 36
2026/10/10 15:29:26.531, 6, 76045 MiB, 100 %, 232.73 W, 1980 MHz, 21 %, 34
2026/10/10 15:29:26.531, 7, 76045 MiB, 100 %, 267.37 W, 1980 MHz, 21 %, 69
2026/10/10 15:29:27.531, 0, 76045 MiB, 100 %, 241.72 W, 1980 MHz, 21 %, 33
2026/10/10 15:29:27.531, 1, 76045 MiB, 100 %, 260.10 W, 1980 MHz, 21 %, 58
2026/10/10 15:29:27.531, 2, 76045 MiB, 100 %, 243.94 W, 1980 MHz, 22 %, 38
2026/10/10 15:29:27.531, 3, 76045 MiB, 100 %, 237.81 W, 1980 MHz, 21 %, 32
2026/10/10 15:29:27.531, 4, 76045 MiB, 100 %, 235.35 W, 1980 MHz, 22 %, 32
2026/10/10 15:29:27.531, 5, 76045 MiB, 100 %, 241.79 W, 1980 MHz, 21 %, 36
2026/10/10 15:29:27.531, 6, 76045 MiB, 100 %, 235.06 W, 1980 MHz, 21 %, 34
2026/10/10 15:29:27.531, 7, 76045 MiB, 100 %, 267.55 W, 1980 MHz, 21 %, 69
2026/10/10 15:29:28.531, 0, 76045 MiB, 100 %, 241.98 W, 1980 MHz, 21 %, 33
2026/10/10 15:29:28.532, 1, 76045 MiB, 100 %, 261.20 W, 1980 MHz, 21 %, 58
2026/10/10 15:29:28.532, 2, 76045 MiB, 100 %, 243.93 W, 1980 MHz, 21 %, 38
2026/10/10 15:29:28.532, 3, 76045 MiB, 100 %, 239.89 W, 1980 MHz, 21 %, 32
2026/10/10 15:29:28.532, 4, 76045 MiB, 100 %, 234.82 W, 1980 MHz, 21 %, 32
2026/10/10 15:29:28.532, 5, 76045 MiB, 100 %, 241.82 W, 1980 MHz, 21 %, 36
2026/10/10 15:29:28.532, 6, 76045 MiB, 100 %, 235.43 W, 1980 MHz, 22 %, 34
2026/10/10 15:29:28.532, 7, 76045 MiB, 100 %, 267.67 W, 1980 MHz, 21 %, 69
2026/10/10 15:29:29.532, 0, 76045 MiB, 100 %, 240.82 W, 1980 MHz, 21 %, 33
2026/10/10 15:29:29.532, 1, 76045 MiB, 100 %, 260.46 W, 1980 MHz, 22 %, 58
2026/10/10 15:29:29.532, 2, 76045 MiB, 100 %, 243.07 W, 1980 MHz, 21 %, 38
2026/10/10 15:29:29.532, 3, 76045 MiB, 100 %, 239.18 W, 1980 MHz, 21 %, 32
2026/10/10 15:29:29.533, 4, 76045 MiB, 100 %, 234.52 W, 1980 MHz, 21 %, 32
2026/10/10 15:29:29.533, 5, 76045 MiB, 100 %, 243.38 W, 1980 MHz, 21 %, 36
2026/10/10 15:29:29.533, 6, 76045 MiB, 100 %, 233.58 W, 1980 MHz, 21 %, 34
2026/10/10 15:29:29.533, 7, 76045 MiB, 100 %, 268.24 W, 1980 MHz, 21 %, 69
2026/10/10 15:29:30.533, 0, 76045 MiB, 100 %, 241.67 W, 1980 MHz, 21 %, 33
2026/10/10 15:29:30.533, 1, 76045 MiB, 100 %, 261.16 W, 1980 MHz, 21 %, 58
2026/10/10 15:29:30.533, 2, 76045 MiB, 100 %, 243.57 W, 1980 MHz, 21 %, 38
2026/10/10 15:29:30.533, 3, 76045 MiB, 100 %, 239.41 W, 1980 MHz, 21 %, 32
2026/10/10 15:29:30.533, 4, 76045 MiB, 100 %, 234.24 W, 1980 MHz, 21 %, 32
2026/10/10 15:29:30.533, 5, 76045 MiB, 100 %, 240.69 W, 1980 MHz, 21 %, 36
2026/10/10 15:29:30.533, 6, 76045 MiB, 100 %, 233.84 W, 1980 MHz, 22 %, 34
2026/10/10 15:29:30.533, 7, 76045 MiB, 100 %, 270.23 W, 1980 MHz, 21 %, 69
2026/10/10 15:29:31.534, 0, 76045 MiB, 100 %, 239.82 W, 1980 MHz, 20 %, 33
2026/10/10 15:29:31.534, 1, 76045 MiB, 100 %, 260.53 W, 1980 MHz, 21 %, 58
2026/10/10 15:29:31.534, 2, 76045 MiB, 100 %, 243.94 W, 1980 MHz, 21 %, 38
2026/10/10 15:29:31.534, 3, 76045 MiB, 100 %, 237.38 W, 1980 MHz, 21 %, 32
2026/10/10 15:29:31.534, 4, 76045 MiB, 100 %, 233.13 W, 1980 MHz, 21 %, 32
2026/10/10 15:29:31.534, 5, 76045 MiB, 100 %, 242.39 W, 1980 MHz, 21 %, 36
2026/10/10 15:29:31.534, 6, 76045 MiB, 100 %, 233.60 W, 1980 MHz, 22 %, 34
2026/10/10 15:29:31.534, 7, 76045 MiB, 100 %, 269.66 W, 1980 MHz, 21 %, 69
2026/10/10 15:29:32.534, 0, 76045 MiB, 100 %, 329.56 W, 1980 MHz, 51 %, 40
2026/10/10 15:29:32.534, 1, 76045 MiB, 100 %, 318.03 W, 1980 MHz, 52 %, 64
2026/10/10 15:29:32.534, 2, 76045 MiB, 100 %, 293.67 W, 1980 MHz, 51 %, 42
2026/10/10 15:29:32.535, 3, 76045 MiB, 95 %, 299.72 W, 1980 MHz, 48 %, 38
2026/10/10 15:29:32.535, 4, 76045 MiB, 95 %, 293.50 W, 1980 MHz, 48 %, 38
2026/10/10 15:29:32.535, 5, 76045 MiB, 100 %, 299.98 W, 1980 MHz, 51 %, 43
2026/10/10 15:29:32.535, 6, 76045 MiB, 100 %, 295.76 W, 1980 MHz, 51 %, 41
2026/10/10 15:29:32.535, 7, 76045 MiB, 100 %, 333.30 W, 1980 MHz, 50 %, 75
2026/10/10 15:29:33.535, 0, 76045 MiB, 100 %, 319.84 W, 1980 MHz, 21 %, 34
2026/10/10 15:29:33.535, 1, 76045 MiB, 100 %, 373.71 W, 1980 MHz, 21 %, 58
2026/10/10 15:29:33.535, 2, 76045 MiB, 100 %, 355.33 W, 1980 MHz, 21 %, 38
2026/10/10 15:29:33.535, 3, 76045 MiB, 100 %, 349.99 W, 1980 MHz, 21 %, 33
2026/10/10 15:29:33.535, 4, 76045 MiB, 100 %, 343.50 W, 1980 MHz, 22 %, 33
2026/10/10 15:29:33.535, 5, 76045 MiB, 100 %, 352.41 W, 1980 MHz, 21 %, 37
2026/10/10 15:29:33.535, 6, 76045 MiB, 100 %, 326.42 W, 1980 MHz, 21 %, 35
2026/10/10 15:29:33.535, 7, 76045 MiB, 100 %, 363.34 W, 1980 MHz, 21 %, 70
2026/10/10 15:29:34.536, 0, 76045 MiB, 100 %, 241.02 W, 1980 MHz, 21 %, 34
2026/10/10 15:29:34.536, 1, 76045 MiB, 100 %, 261.11 W, 1980 MHz, 21 %, 58
2026/10/10 15:29:34.536, 2, 76045 MiB, 100 %, 243.18 W, 1980 MHz, 21 %, 38
2026/10/10 15:29:34.536, 3, 76045 MiB, 100 %, 236.74 W, 1980 MHz, 21 %, 32
2026/10/10 15:29:34.536, 4, 76045 MiB, 100 %, 237.43 W, 1980 MHz, 21 %, 33
2026/10/10 15:29:34.536, 5, 76045 MiB, 100 %, 243.28 W, 1980 MHz, 21 %, 37
2026/10/10 15:29:34.536, 6, 76045 MiB, 100 %, 231.35 W, 1980 MHz, 21 %, 34
2026/10/10 15:29:34.536, 7, 76045 MiB, 100 %, 269.98 W, 1980 MHz, 21 %, 70
2026/10/10 15:29:35.536, 0, 76045 MiB, 100 %, 240.93 W, 1980 MHz, 21 %, 34
2026/10/10 15:29:35.536, 1, 76045 MiB, 100 %, 258.61 W, 1980 MHz, 21 %, 58
2026/10/10 15:29:35.536, 2, 76045 MiB, 100 %, 242.68 W, 1980 MHz, 21 %, 38
2026/10/10 15:29:35.536, 3, 76045 MiB, 100 %, 235.25 W, 1980 MHz, 22 %, 32
2026/10/10 15:29:35.536, 4, 76045 MiB, 100 %, 236.81 W, 1980 MHz, 22 %, 33
2026/10/10 15:29:35.537, 5, 76045 MiB, 100 %, 242.07 W, 1980 MHz, 21 %, 36
2026/10/10 15:29:35.537, 6, 76045 MiB, 100 %, 232.48 W, 1980 MHz, 21 %, 34
2026/10/10 15:29:35.537, 7, 76045 MiB, 100 %, 269.83 W, 1980 MHz, 21 %, 69
2026/10/10 15:29:36.537, 0, 76045 MiB, 100 %, 240.63 W, 1980 MHz, 21 %, 33
2026/10/10 15:29:36.537, 1, 76045 MiB, 100 %, 258.89 W, 1980 MHz, 21 %, 58
2026/10/10 15:29:36.537, 2, 76045 MiB, 100 %, 242.79 W, 1980 MHz, 21 %, 38
2026/10/10 15:29:36.537, 3, 76045 MiB, 100 %, 238.18 W, 1980 MHz, 20 %, 32
2026/10/10 15:29:36.537, 4, 76045 MiB, 100 %, 236.20 W, 1980 MHz, 21 %, 33
2026/10/10 15:29:36.537, 5, 76045 MiB, 100 %, 242.60 W, 1980 MHz, 21 %, 36
2026/10/10 15:29:36.537, 6, 76045 MiB, 100 %, 232.85 W, 1980 MHz, 21 %, 34
2026/10/10 15:29:36.537, 7, 76045 MiB, 100 %, 268.66 W, 1980 MHz, 21 %, 69
2026/10/10 15:29:37.537, 0, 76045 MiB, 100 %, 239.60 W, 1980 MHz, 21 %, 33
2026/10/10 15:29:37.538, 1, 76045 MiB, 100 %, 258.90 W, 1980 MHz, 21 %, 58
2026/10/10 15:29:37.538, 2, 76045 MiB, 100 %, 243.08 W, 1980 MHz, 21 %, 38
2026/10/10 15:29:37.538, 3, 76045 MiB, 100 %, 237.46 W, 1980 MHz, 22 %, 32
2026/10/10 15:29:37.538, 4, 76045 MiB, 100 %, 237.17 W, 1980 MHz, 21 %, 33
2026/10/10 15:29:37.538, 5, 76045 MiB, 100 %, 243.21 W, 1980 MHz, 21 %, 36
2026/10/10 15:29:37.538, 6, 76045 MiB, 100 %, 231.71 W, 1980 MHz, 21 %, 34
2026/10/10 15:29:37.538, 7, 76045 MiB, 100 %, 270.39 W, 1980 MHz, 20 %, 69
2026/10/10 15:29:38.538, 0, 76045 MiB, 100 %, 239.13 W, 1980 MHz, 21 %, 33
2026/10/10 15:29:38.538, 1, 76045 MiB, 100 %, 259.19 W, 1980 MHz, 21 %, 58
2026/10/10 15:29:38.538, 2, 76045 MiB, 100 %, 242.83 W, 1980 MHz, 21 %, 38
2026/10/10 15:29:38.538, 3, 76045 MiB, 100 %, 239.49 W, 1980 MHz, 22 %, 32
2026/10/10 15:29:38.538, 4, 76045 MiB, 100 %, 236.56 W, 1980 MHz, 21 %, 33
2026/10/10 15:29:38.538, 5, 76045 MiB, 100 %, 244.58 W, 1980 MHz, 22 %, 36
2026/10/10 15:29:38.538, 6, 76045 MiB, 100 %, 232.47 W, 1980 MHz, 21 %, 34
2026/10/10 15:29:38.538, 7, 76045 MiB, 100 %, 270.52 W, 1980 MHz, 22 %, 69
2026/10/10 15:29:39.539, 0, 76045 MiB, 100 %, 239.73 W, 1980 MHz, 21 %, 33
2026/10/10 15:29:39.539, 1, 76045 MiB, 100 %, 260.14 W, 1980 MHz, 21 %, 58
2026/10/10 15:29:39.539, 2, 76045 MiB, 100 %, 242.36 W, 1980 MHz, 21 %, 38
2026/10/10 15:29:39.539, 3, 76045 MiB, 100 %, 240.06 W, 1980 MHz, 22 %, 32
2026/10/10 15:29:39.539, 4, 76045 MiB, 100 %, 236.02 W, 1980 MHz, 21 %, 32
2026/10/10 15:29:39.539, 5, 76045 MiB, 100 %, 240.96 W, 1980 MHz, 21 %, 36
2026/10/10 15:29:39.539, 6, 76045 MiB, 100 %, 232.38 W, 1980 MHz, 21 %, 34
2026/10/10 15:29:39.539, 7, 76045 MiB, 100 %, 268.73 W, 1980 MHz, 21 %, 69
2026/10/10 15:29:40.539, 0, 76045 MiB, 100 %, 239.68 W, 1980 MHz, 21 %, 33
2026/10/10 15:29:40.539, 1, 76045 MiB, 100 %, 259.99 W, 1980 MHz, 21 %, 58
2026/10/10 15:29:40.539, 2, 76045 MiB, 100 %, 243.47 W, 1980 MHz, 21 %, 38
2026/10/10 15:29:40.539, 3, 76045 MiB, 100 %, 238.97 W, 1980 MHz, 21 %, 32
2026/10/10 15:29:40.540, 4, 76045 MiB, 100 %, 235.04 W, 1980 MHz, 22 %, 32
2026/10/10 15:29:40.540, 5, 76045 MiB, 100 %, 241.88 W, 1980 MHz, 21 %, 36
2026/10/10 15:29:40.540, 6, 76045 MiB, 100 %, 233.01 W, 1980 MHz, 21 %, 34
2026/10/10 15:29:40.540, 7, 76045 MiB, 100 %, 267.37 W, 1980 MHz, 20 %, 69
2026/10/10 15:29:41.540, 0, 76045 MiB, 100 %, 240.30 W, 1980 MHz, 21 %, 33
2026/10/10 15:29:41.540, 1, 76045 MiB, 100 %, 260.21 W, 1980 MHz, 22 %, 58
2026/10/10 15:29:41.540, 2, 76045 MiB, 100 %, 240.46 W, 1980 MHz, 21 %, 38
2026/10/10 15:29:41.540, 3, 76045 MiB, 100 %, 240.78 W, 1980 MHz, 22 %, 32
2026/10/10 15:29:41.540, 4, 76045 MiB, 100 %, 235.82 W, 1980 MHz, 21 %, 32
2026/10/10 15:29:41.540, 5, 76045 MiB, 100 %, 241.52 W, 1980 MHz, 21 %, 36
2026/10/10 15:29:41.540, 6, 76045 MiB, 100 %, 232.60 W, 1980 MHz, 21 %, 34
2026/10/10 15:29:41.540, 7, 76045 MiB, 100 %, 267.78 W, 1980 MHz, 21 %, 69
2026/10/10 15:29:42.540, 0, 76045 MiB, 100 %, 239.92 W, 1980 MHz, 21 %, 33
2026/10/10 15:29:42.541, 1, 76045 MiB, 100 %, 259.68 W, 1980 MHz, 21 %, 58
2026/10/10 15:29:42.541, 2, 76045 MiB, 100 %, 241.48 W, 1980 MHz, 20 %, 38
2026/10/10 15:29:42.541, 3, 76045 MiB, 100 %, 239.23 W, 1980 MHz, 22 %, 32
2026/10/10 15:29:42.541, 4, 76045 MiB, 100 %, 235.43 W, 1980 MHz, 21 %, 32
2026/10/10 15:29:42.541, 5, 76045 MiB, 100 %, 243.01 W, 1980 MHz, 21 %, 36
2026/10/10 15:29:42.541, 6, 76045 MiB, 100 %, 232.66 W, 1980 MHz, 22 %, 34
2026/10/10 15:29:42.541, 7, 76045 MiB, 100 %, 269.09 W, 1980 MHz, 21 %, 69
2026/10/10 15:29:43.541, 0, 76045 MiB, 100 %, 240.48 W, 1980 MHz, 21 %, 33
2026/10/10 15:29:43.541, 1, 76045 MiB, 100 %, 259.96 W, 1980 MHz, 21 %, 58
2026/10/10 15:29:43.541, 2, 76045 MiB, 100 %, 241.15 W, 1980 MHz, 21 %, 38
2026/10/10 15:29:43.541, 3, 76045 MiB, 100 %, 239.93 W, 1980 MHz, 21 %, 32
2026/10/10 15:29:43.541, 4, 76045 MiB, 100 %, 235.62 W, 1980 MHz, 21 %, 32
2026/10/10 15:29:43.541, 5, 76045 MiB, 100 %, 239.31 W, 1980 MHz, 21 %, 36
2026/10/10 15:29:43.541, 6, 76045 MiB, 100 %, 232.49 W, 1980 MHz, 22 %, 34
2026/10/10 15:29:43.542, 7, 76045 MiB, 100 %, 269.35 W, 1980 MHz, 21 %, 69
2026/10/10 15:29:44.542, 0, 76045 MiB, 100 %, 239.72 W, 1980 MHz, 21 %, 33
2026/10/10 15:29:44.542, 1, 76045 MiB, 100 %, 259.98 W, 1980 MHz, 21 %, 58
2026/10/10 15:29:44.542, 2, 76045 MiB, 100 %, 241.04 W, 1980 MHz, 20 %, 38
2026/10/10 15:29:44.542, 3, 76045 MiB, 100 %, 240.80 W, 1980 MHz, 21 %, 32
2026/10/10 15:29:44.542, 4, 76045 MiB, 100 %, 235.22 W, 1980 MHz, 21 %, 32
2026/10/10 15:29:44.542, 5, 76045 MiB, 100 %, 242.14 W, 1980 MHz, 21 %, 36
2026/10/10 15:29:44.542, 6, 76045 MiB, 100 %, 231.96 W, 1980 MHz, 21 %, 34
2026/10/10 15:29:44.542, 7, 76045 MiB, 100 %, 269.44 W, 1980 MHz, 20 %, 69
2026/10/10 15:29:45.542, 0, 76045 MiB, 100 %, 242.27 W, 1980 MHz, 21 %, 33
2026/10/10 15:29:45.542, 1, 76045 MiB, 100 %, 261.77 W, 1980 MHz, 21 %, 58
2026/10/10 15:29:45.542, 2, 76045 MiB, 100 %, 241.17 W, 1980 MHz, 21 %, 38
2026/10/10 15:29:45.543, 3, 76045 MiB, 100 %, 237.54 W, 1980 MHz, 21 %, 32
2026/10/10 15:29:45.543, 4, 76045 MiB, 100 %, 236.69 W, 1980 MHz, 21 %, 32
2026/10/10 15:29:45.543, 5, 76045 MiB, 100 %, 239.23 W, 1980 MHz, 21 %, 36
2026/10/10 15:29:45.543, 6, 76045 MiB, 100 %, 233.87 W, 1980 MHz, 21 %, 34
2026/10/10 15:29:45.543, 7, 76045 MiB, 100 %, 268.89 W, 1980 MHz, 21 %, 69
2026/10/10 15:29:46.543, 0, 76045 MiB, 89 %, 256.06 W, 1980 MHz, 19 %, 33
2026/10/10 15:29:46.543, 1, 76045 MiB, 74 %, 257.60 W, 1980 MHz, 16 %, 58
2026/10/10 15:29:46.543, 2, 76045 MiB, 82 %, 239.56 W, 1980 MHz, 17 %, 38
2026/10/10 15:29:46.543, 3, 76045 MiB, 46 %, 237.78 W, 1980 MHz, 10 %, 32
2026/10/10 15:29:46.543, 4, 76045 MiB, 100 %, 232.74 W, 1980 MHz, 21 %, 32
2026/10/10 15:29:46.543, 5, 76045 MiB, 77 %, 238.57 W, 1980 MHz, 16 %, 35
2026/10/10 15:29:46.543, 6, 76045 MiB, 100 %, 232.52 W, 1980 MHz, 22 %, 33
2026/10/10 15:29:46.543, 7, 76045 MiB, 60 %, 265.48 W, 1980 MHz, 13 %, 71
2026/10/10 15:29:47.544, 0, 76045 MiB, 100 %, 373.05 W, 1980 MHz, 20 %, 34
2026/10/10 15:29:47.544, 1, 76045 MiB, 100 %, 412.06 W, 1980 MHz, 21 %, 58
2026/10/10 15:29:47.544, 2, 76045 MiB, 100 %, 396.21 W, 1980 MHz, 22 %, 39
2026/10/10 15:29:47.544, 3, 76045 MiB, 100 %, 406.55 W, 1980 MHz, 21 %, 33
2026/10/10 15:29:47.544, 4, 76045 MiB, 100 %, 399.66 W, 1980 MHz, 21 %, 34
2026/10/10 15:29:47.544, 5, 76045 MiB, 100 %, 396.92 W, 1980 MHz, 21 %, 37
2026/10/10 15:29:47.544, 6, 76045 MiB, 100 %, 384.51 W, 1980 MHz, 21 %, 35
2026/10/10 15:29:47.544, 7, 76045 MiB, 100 %, 421.88 W, 1980 MHz, 22 %, 70
2026/10/10 15:29:48.544, 0, 76045 MiB, 100 %, 237.06 W, 1980 MHz, 20 %, 34
2026/10/10 15:29:48.544, 1, 76045 MiB, 100 %, 261.94 W, 1980 MHz, 21 %, 58
2026/10/10 15:29:48.544, 2, 76045 MiB, 100 %, 245.43 W, 1980 MHz, 22 %, 38
2026/10/10 15:29:48.544, 3, 76045 MiB, 100 %, 241.74 W, 1980 MHz, 21 %, 32
2026/10/10 15:29:48.545, 4, 76045 MiB, 100 %, 233.76 W, 1980 MHz, 20 %, 33
2026/10/10 15:29:48.545, 5, 76045 MiB, 100 %, 243.16 W, 1980 MHz, 21 %, 37
2026/10/10 15:29:48.545, 6, 76045 MiB, 100 %, 233.46 W, 1980 MHz, 22 %, 34
2026/10/10 15:29:48.545, 7, 76045 MiB, 100 %, 269.06 W, 1980 MHz, 21 %, 70
2026/10/10 15:29:49.545, 0, 76045 MiB, 100 %, 239.29 W, 1980 MHz, 22 %, 34
2026/10/10 15:29:49.545, 1, 76045 MiB, 100 %, 260.80 W, 1980 MHz, 20 %, 58
2026/10/10 15:29:49.545, 2, 76045 MiB, 100 %, 243.41 W, 1980 MHz, 21 %, 38
2026/10/10 15:29:49.545, 3, 76045 MiB, 100 %, 239.33 W, 1980 MHz, 21 %, 32
2026/10/10 15:29:49.545, 4, 76045 MiB, 100 %, 233.05 W, 1980 MHz, 21 %, 33
2026/10/10 15:29:49.545, 5, 76045 MiB, 100 %, 243.01 W, 1980 MHz, 21 %, 36
2026/10/10 15:29:49.545, 6, 76045 MiB, 100 %, 233.16 W, 1980 MHz, 22 %, 34
2026/10/10 15:29:49.545, 7, 76045 MiB, 100 %, 271.45 W, 1980 MHz, 21 %, 69
2026/10/10 15:29:50.545, 0, 76045 MiB, 100 %, 239.77 W, 1980 MHz, 21 %, 33
2026/10/10 15:29:50.546, 1, 76045 MiB, 100 %, 259.23 W, 1980 MHz, 20 %, 58
2026/10/10 15:29:50.546, 2, 76045 MiB, 100 %, 242.51 W, 1980 MHz, 21 %, 38
2026/10/10 15:29:50.546, 3, 76045 MiB, 100 %, 239.97 W, 1980 MHz, 21 %, 32
2026/10/10 15:29:50.546, 4, 76045 MiB, 100 %, 234.70 W, 1980 MHz, 21 %, 33
2026/10/10 15:29:50.546, 5, 76045 MiB, 100 %, 244.64 W, 1980 MHz, 21 %, 36
2026/10/10 15:29:50.546, 6, 76045 MiB, 100 %, 232.42 W, 1980 MHz, 21 %, 34
2026/10/10 15:29:50.546, 7, 76045 MiB, 100 %, 271.57 W, 1980 MHz, 21 %, 69
2026/10/10 15:29:51.546, 0, 76045 MiB, 100 %, 240.46 W, 1980 MHz, 21 %, 33
2026/10/10 15:29:51.546, 1, 76045 MiB, 100 %, 259.91 W, 1980 MHz, 21 %, 58
2026/10/10 15:29:51.546, 2, 76045 MiB, 100 %, 239.88 W, 1980 MHz, 21 %, 38
2026/10/10 15:29:51.546, 3, 76045 MiB, 100 %, 238.95 W, 1980 MHz, 21 %, 32
2026/10/10 15:29:51.546, 4, 76045 MiB, 100 %, 232.16 W, 1980 MHz, 20 %, 32
2026/10/10 15:29:51.546, 5, 76045 MiB, 100 %, 243.44 W, 1980 MHz, 22 %, 36
2026/10/10 15:29:51.547, 6, 76045 MiB, 100 %, 234.98 W, 1980 MHz, 22 %, 34
2026/10/10 15:29:51.547, 7, 76045 MiB, 100 %, 270.36 W, 1980 MHz, 21 %, 69
2026/10/10 15:29:52.547, 0, 76045 MiB, 100 %, 238.04 W, 1980 MHz, 21 %, 33
2026/10/10 15:29:52.547, 1, 76045 MiB, 100 %, 260.66 W, 1980 MHz, 21 %, 58
2026/10/10 15:29:52.547, 2, 76045 MiB, 100 %, 241.36 W, 1980 MHz, 21 %, 38
2026/10/10 15:29:52.547, 3, 76045 MiB, 100 %, 239.33 W, 1980 MHz, 21 %, 32
2026/10/10 15:29:52.547, 4, 76045 MiB, 100 %, 234.34 W, 1980 MHz, 22 %, 32
2026/10/10 15:29:52.547, 5, 76045 MiB, 100 %, 242.91 W, 1980 MHz, 21 %, 36
2026/10/10 15:29:52.547, 6, 76045 MiB, 100 %, 231.53 W, 1980 MHz, 21 %, 34
2026/10/10 15:29:52.547, 7, 76045 MiB, 100 %, 270.70 W, 1980 MHz, 22 %, 69
2026/10/10 15:29:53.547, 0, 76045 MiB, 100 %, 237.38 W, 1980 MHz, 20 %, 33
2026/10/10 15:29:53.548, 1, 76045 MiB, 100 %, 259.88 W, 1980 MHz, 22 %, 58
2026/10/10 15:29:53.548, 2, 76045 MiB, 100 %, 244.09 W, 1980 MHz, 21 %, 38
2026/10/10 15:29:53.548, 3, 76045 MiB, 100 %, 241.16 W, 1980 MHz, 21 %, 32
2026/10/10 15:29:53.548, 4, 76045 MiB, 100 %, 233.89 W, 1980 MHz, 21 %, 32
2026/10/10 15:29:53.548, 5, 76045 MiB, 100 %, 242.56 W, 1980 MHz, 21 %, 36
2026/10/10 15:29:53.548, 6, 76045 MiB, 100 %, 231.36 W, 1980 MHz, 21 %, 34
2026/10/10 15:29:53.548, 7, 76045 MiB, 100 %, 269.50 W, 1980 MHz, 21 %, 69
2026/10/10 15:29:54.548, 0, 76045 MiB, 100 %, 237.64 W, 1980 MHz, 21 %, 33
2026/10/10 15:29:54.548, 1, 76045 MiB, 100 %, 260.67 W, 1980 MHz, 21 %, 58
2026/10/10 15:29:54.548, 2, 76045 MiB, 100 %, 244.79 W, 1980 MHz, 22 %, 38
2026/10/10 15:29:54.548, 3, 76045 MiB, 100 %, 239.70 W, 1980 MHz, 21 %, 32
2026/10/10 15:29:54.548, 4, 76045 MiB, 100 %, 234.95 W, 1980 MHz, 21 %, 32
2026/10/10 15:29:54.548, 5, 76045 MiB, 100 %, 242.76 W, 1980 MHz, 21 %, 36
2026/10/10 15:29:54.548, 6, 76045 MiB, 100 %, 233.50 W, 1980 MHz, 21 %, 34
2026/10/10 15:29:54.548, 7, 76045 MiB, 100 %, 269.79 W, 1980 MHz, 21 %, 69
2026/10/10 15:29:55.549, 0, 76045 MiB, 100 %, 238.83 W, 1980 MHz, 21 %, 33
2026/10/10 15:29:55.549, 1, 76045 MiB, 100 %, 259.90 W, 1980 MHz, 22 %, 58
2026/10/10 15:29:55.549, 2, 76045 MiB, 100 %, 243.93 W, 1980 MHz, 21 %, 38
2026/10/10 15:29:55.549, 3, 76045 MiB, 100 %, 239.01 W, 1980 MHz, 21 %, 32
2026/10/10 15:29:55.549, 4, 76045 MiB, 100 %, 233.44 W, 1980 MHz, 21 %, 32
2026/10/10 15:29:55.549, 5, 76045 MiB, 100 %, 242.32 W, 1980 MHz, 21 %, 36
2026/10/10 15:29:55.549, 6, 76045 MiB, 100 %, 231.10 W, 1980 MHz, 22 %, 34
2026/10/10 15:29:55.549, 7, 76045 MiB, 100 %, 267.92 W, 1980 MHz, 20 %, 69
2026/10/10 15:29:56.549, 0, 76045 MiB, 100 %, 240.28 W, 1980 MHz, 21 %, 33
2026/10/10 15:29:56.549, 1, 76045 MiB, 100 %, 258.88 W, 1980 MHz, 21 %, 58
2026/10/10 15:29:56.549, 2, 76045 MiB, 100 %, 241.77 W, 1980 MHz, 21 %, 38
2026/10/10 15:29:56.549, 3, 76045 MiB, 100 %, 236.63 W, 1980 MHz, 22 %, 32
2026/10/10 15:29:56.550, 4, 76045 MiB, 100 %, 233.74 W, 1980 MHz, 21 %, 32
2026/10/10 15:29:56.550, 5, 76045 MiB, 100 %, 244.23 W, 1980 MHz, 21 %, 36
2026/10/10 15:29:56.550, 6, 76045 MiB, 100 %, 232.08 W, 1980 MHz, 21 %, 34
2026/10/10 15:29:56.550, 7, 76045 MiB, 100 %, 269.61 W, 1980 MHz, 21 %, 69
2026/10/10 15:29:57.550, 0, 76045 MiB, 100 %, 241.26 W, 1980 MHz, 21 %, 33
2026/10/10 15:29:57.550, 1, 76045 MiB, 100 %, 258.23 W, 1980 MHz, 21 %, 58
2026/10/10 15:29:57.550, 2, 76045 MiB, 100 %, 241.64 W, 1980 MHz, 21 %, 38
2026/10/10 15:29:57.550, 3, 76045 MiB, 100 %, 237.30 W, 1980 MHz, 21 %, 32
2026/10/10 15:29:57.550, 4, 76045 MiB, 100 %, 234.32 W, 1980 MHz, 21 %, 32
2026/10/10 15:29:57.550, 5, 76045 MiB, 100 %, 242.77 W, 1980 MHz, 21 %, 36
2026/10/10 15:29:57.550, 6, 76045 MiB, 100 %, 232.96 W, 1980 MHz, 21 %, 34
2026/10/10 15:29:57.550, 7, 76045 MiB, 100 %, 269.23 W, 1980 MHz, 21 %, 69
2026/10/10 15:29:58.550, 0, 76045 MiB, 100 %, 240.07 W, 1980 MHz, 21 %, 33
2026/10/10 15:29:58.551, 1, 76045 MiB, 100 %, 259.97 W, 1980 MHz, 21 %, 58
2026/10/10 15:29:58.551, 2, 76045 MiB, 100 %, 240.63 W, 1980 MHz, 21 %, 38
2026/10/10 15:29:58.551, 3, 76045 MiB, 100 %, 239.62 W, 1980 MHz, 21 %, 32
2026/10/10 15:29:58.551, 4, 76045 MiB, 100 %, 232.95 W, 1980 MHz, 21 %, 32
2026/10/10 15:29:58.551, 5, 76045 MiB, 100 %, 241.00 W, 1980 MHz, 21 %, 36
2026/10/10 15:29:58.551, 6, 76045 MiB, 100 %, 233.61 W, 1980 MHz, 21 %, 34
2026/10/10 15:29:58.551, 7, 76045 MiB, 100 %, 269.39 W, 1980 MHz, 22 %, 69
2026/10/10 15:29:59.551, 0, 76045 MiB, 100 %, 239.22 W, 1980 MHz, 20 %, 33
2026/10/10 15:29:59.551, 1, 76045 MiB, 100 %, 261.23 W, 1980 MHz, 22 %, 58
2026/10/10 15:29:59.551, 2, 76045 MiB, 100 %, 243.47 W, 1980 MHz, 21 %, 38
2026/10/10 15:29:59.551, 3, 76045 MiB, 100 %, 240.14 W, 1980 MHz, 21 %, 32
2026/10/10 15:29:59.551, 4, 76045 MiB, 100 %, 233.85 W, 1980 MHz, 21 %, 32
2026/10/10 15:29:59.551, 5, 76045 MiB, 100 %, 241.78 W, 1980 MHz, 21 %, 36
2026/10/10 15:29:59.551, 6, 76045 MiB, 100 %, 231.07 W, 1980 MHz, 21 %, 34
2026/10/10 15:29:59.552, 7, 76045 MiB, 100 %, 271.83 W, 1980 MHz, 21 %, 69
2026/10/10 15:30:00.552, 0, 76045 MiB, 100 %, 242.00 W, 1980 MHz, 20 %, 33
2026/10/10 15:30:00.552, 1, 76045 MiB, 100 %, 260.24 W, 1980 MHz, 21 %, 58
2026/10/10 15:30:00.552, 2, 76045 MiB, 100 %, 248.79 W, 1980 MHz, 21 %, 38
2026/10/10 15:30:00.552, 3, 76045 MiB, 93 %, 241.76 W, 1980 MHz, 20 %, 32
2026/10/10 15:30:00.552, 4, 76045 MiB, 94 %, 234.56 W, 1980 MHz, 20 %, 32
2026/10/10 15:30:00.552, 5, 76045 MiB, 100 %, 240.94 W, 1980 MHz, 21 %, 36
2026/10/10 15:30:00.552, 6, 76045 MiB, 63 %, 231.17 W, 1980 MHz, 13 %, 34
2026/10/10 15:30:00.552, 7, 76045 MiB, 100 %, 269.62 W, 1980 MHz, 21 %, 69
2026/10/10 15:30:01.552, 0, 76045 MiB, 100 %, 387.83 W, 1980 MHz, 21 %, 34
2026/10/10 15:30:01.552, 1, 76045 MiB, 100 %, 418.69 W, 1980 MHz, 22 %, 59
2026/10/10 15:30:01.553, 2, 76045 MiB, 100 %, 393.21 W, 1980 MHz, 21 %, 38
2026/10/10 15:30:01.553, 3, 76045 MiB, 100 %, 388.18 W, 1980 MHz, 22 %, 33
2026/10/10 15:30:01.553, 4, 76045 MiB, 100 %, 381.67 W, 1980 MHz, 20 %, 34
2026/10/10 15:30:01.553, 5, 76045 MiB, 100 %, 397.18 W, 1980 MHz, 21 %, 37
2026/10/10 15:30:01.553, 6, 76045 MiB, 100 %, 385.69 W, 1980 MHz, 22 %, 35
2026/10/10 15:30:01.553, 7, 76045 MiB, 100 %, 416.49 W, 1980 MHz, 21 %, 70
2026/10/10 15:30:02.553, 0, 76045 MiB, 100 %, 239.56 W, 1980 MHz, 21 %, 34
2026/10/10 15:30:02.553, 1, 76045 MiB, 100 %, 260.49 W, 1980 MHz, 21 %, 58
2026/10/10 15:30:02.553, 2, 76045 MiB, 100 %, 243.68 W, 1980 MHz, 21 %, 38
2026/10/10 15:30:02.553, 3, 76045 MiB, 100 %, 239.46 W, 1980 MHz, 21 %, 32
2026/10/10 15:30:02.553, 4, 76045 MiB, 100 %, 233.48 W, 1980 MHz, 21 %, 33
2026/10/10 15:30:02.553, 5, 76045 MiB, 100 %, 242.58 W, 1980 MHz, 22 %, 37
2026/10/10 15:30:02.553, 6, 76045 MiB, 100 %, 237.85 W, 1980 MHz, 22 %, 34
2026/10/10 15:30:02.553, 7, 76045 MiB, 100 %, 268.49 W, 1980 MHz, 20 %, 70
2026/10/10 15:30:03.554, 0, 76045 MiB, 100 %, 240.39 W, 1980 MHz, 21 %, 33
2026/10/10 15:30:03.554, 1, 76045 MiB, 100 %, 261.56 W, 1980 MHz, 22 %, 58
2026/10/10 15:30:03.554, 2, 76045 MiB, 100 %, 242.35 W, 1980 MHz, 21 %, 38
2026/10/10 15:30:03.554, 3, 76045 MiB, 100 %, 238.73 W, 1980 MHz, 22 %, 32
2026/10/10 15:30:03.554, 4, 76045 MiB, 100 %, 233.63 W, 1980 MHz, 21 %, 33
2026/10/10 15:30:03.554, 5, 76045 MiB, 100 %, 243.31 W, 1980 MHz, 22 %, 36
2026/10/10 15:30:03.554, 6, 76045 MiB, 100 %, 235.38 W, 1980 MHz, 21 %, 34
2026/10/10 15:30:03.554, 7, 76045 MiB, 100 %, 266.58 W, 1980 MHz, 20 %, 69
2026/10/10 15:30:04.554, 0, 76045 MiB, 100 %, 239.58 W, 1980 MHz, 20 %, 33
2026/10/10 15:30:04.554, 1, 76045 MiB, 100 %, 261.88 W, 1980 MHz, 21 %, 58
2026/10/10 15:30:04.554, 2, 76045 MiB, 100 %, 241.91 W, 1980 MHz, 21 %, 38
2026/10/10 15:30:04.554, 3, 76045 MiB, 100 %, 238.06 W, 1980 MHz, 21 %, 32
2026/10/10 15:30:04.555, 4, 76045 MiB, 100 %, 233.32 W, 1980 MHz, 20 %, 33
2026/10/10 15:30:04.555, 5, 76045 MiB, 100 %, 242.63 W, 1980 MHz, 21 %, 36
2026/10/10 15:30:04.555, 6, 76045 MiB, 100 %, 234.86 W, 1980 MHz, 22 %, 34
2026/10/10 15:30:04.555, 7, 76045 MiB, 100 %, 267.86 W, 1980 MHz, 21 %, 69
2026/10/10 15:30:05.555, 0, 76045 MiB, 100 %, 240.81 W, 1980 MHz, 21 %, 33
2026/10/10 15:30:05.555, 1, 76045 MiB, 100 %, 260.58 W, 1980 MHz, 21 %, 58
2026/10/10 15:30:05.555, 2, 76045 MiB, 100 %, 242.81 W, 1980 MHz, 21 %, 38
2026/10/10 15:30:05.555, 3, 76045 MiB, 100 %, 240.40 W, 1980 MHz, 22 %, 32
2026/10/10 15:30:05.555, 4, 76045 MiB, 100 %, 233.88 W, 1980 MHz, 21 %, 32
2026/10/10 15:30:05.555, 5, 76045 MiB, 100 %, 242.75 W, 1980 MHz, 21 %, 36
2026/10/10 15:30:05.555, 6, 76045 MiB, 100 %, 234.58 W, 1980 MHz, 21 %, 34
2026/10/10 15:30:05.555, 7, 76045 MiB, 100 %, 268.09 W, 1980 MHz, 21 %, 69
2026/10/10 15:30:06.555, 0, 76045 MiB, 100 %, 239.04 W, 1980 MHz, 21 %, 33
2026/10/10 15:30:06.556, 1, 76045 MiB, 100 %, 261.19 W, 1980 MHz, 21 %, 58
2026/10/10 15:30:06.556, 2, 76045 MiB, 100 %, 242.72 W, 1980 MHz, 21 %, 38
2026/10/10 15:30:06.556, 3, 76045 MiB, 100 %, 238.66 W, 1980 MHz, 21 %, 32
2026/10/10 15:30:06.556, 4, 76045 MiB, 100 %, 232.42 W, 1980 MHz, 20 %, 32
2026/10/10 15:30:06.556, 5, 76045 MiB, 100 %, 243.06 W, 1980 MHz, 21 %, 36
2026/10/10 15:30:06.556, 6, 76045 MiB, 100 %, 236.45 W, 1980 MHz, 22 %, 34
2026/10/10 15:30:06.556, 7, 76045 MiB, 100 %, 268.31 W, 1980 MHz, 20 %, 69
2026/10/10 15:30:07.556, 0, 76045 MiB, 100 %, 238.72 W, 1980 MHz, 20 %, 33
2026/10/10 15:30:07.556, 1, 76045 MiB, 100 %, 262.91 W, 1980 MHz, 22 %, 58
2026/10/10 15:30:07.556, 2, 76045 MiB, 100 %, 241.97 W, 1980 MHz, 21 %, 38
2026/10/10 15:30:07.556, 3, 76045 MiB, 100 %, 239.92 W, 1980 MHz, 22 %, 32
2026/10/10 15:30:07.557, 4, 76045 MiB, 100 %, 231.39 W, 1980 MHz, 21 %, 32
2026/10/10 15:30:07.557, 5, 76045 MiB, 100 %, 244.85 W, 1980 MHz, 21 %, 36
2026/10/10 15:30:07.557, 6, 76045 MiB, 100 %, 235.58 W, 1980 MHz, 22 %, 34
2026/10/10 15:30:07.557, 7, 76045 MiB, 100 %, 267.25 W, 1980 MHz, 20 %, 69
2026/10/10 15:30:08.557, 0, 76045 MiB, 100 %, 238.54 W, 1980 MHz, 21 %, 33
2026/10/10 15:30:08.557, 1, 76045 MiB, 100 %, 261.50 W, 1980 MHz, 21 %, 58
2026/10/10 15:30:08.557, 2, 76045 MiB, 100 %, 242.70 W, 1980 MHz, 21 %, 38
2026/10/10 15:30:08.557, 3, 76045 MiB, 100 %, 238.61 W, 1980 MHz, 21 %, 32
2026/10/10 15:30:08.557, 4, 76045 MiB, 100 %, 233.68 W, 1980 MHz, 21 %, 32
2026/10/10 15:30:08.557, 5, 76045 MiB, 100 %, 243.24 W, 1980 MHz, 21 %, 36
2026/10/10 15:30:08.557, 6, 76045 MiB, 100 %, 234.69 W, 1980 MHz, 22 %, 34
2026/10/10 15:30:08.557, 7, 76045 MiB, 100 %, 267.32 W, 1980 MHz, 20 %, 69
2026/10/10 15:30:09.557, 0, 76045 MiB, 100 %, 239.94 W, 1980 MHz, 21 %, 33
2026/10/10 15:30:09.558, 1, 76045 MiB, 100 %, 260.61 W, 1980 MHz, 21 %, 58
2026/10/10 15:30:09.558, 2, 76045 MiB, 100 %, 242.49 W, 1980 MHz, 22 %, 38
2026/10/10 15:30:09.558, 3, 76045 MiB, 100 %, 239.30 W, 1980 MHz, 21 %, 32
2026/10/10 15:30:09.558, 4, 76045 MiB, 100 %, 233.19 W, 1980 MHz, 21 %, 32
2026/10/10 15:30:09.558, 5, 76045 MiB, 100 %, 241.89 W, 1980 MHz, 21 %, 36
2026/10/10 15:30:09.558, 6, 76045 MiB, 100 %, 234.42 W, 1980 MHz, 21 %, 34
2026/10/10 15:30:09.558, 7, 76045 MiB, 100 %, 266.89 W, 1980 MHz, 21 %, 69
2026/10/10 15:30:10.558, 0, 76045 MiB, 100 %, 240.30 W, 1980 MHz, 20 %, 33
2026/10/10 15:30:10.558, 1, 76045 MiB, 100 %, 261.93 W, 1980 MHz, 22 %, 58
2026/10/10 15:30:10.558, 2, 76045 MiB, 100 %, 243.57 W, 1980 MHz, 21 %, 38
2026/10/10 15:30:10.558, 3, 76045 MiB, 100 %, 241.89 W, 1980 MHz, 21 %, 32
2026/10/10 15:30:10.558, 4, 76045 MiB, 100 %, 232.22 W, 1980 MHz, 20 %, 32
2026/10/10 15:30:10.558, 5, 76045 MiB, 100 %, 241.66 W, 1980 MHz, 20 %, 36
2026/10/10 15:30:10.558, 6, 76045 MiB, 100 %, 233.21 W, 1980 MHz, 22 %, 34
2026/10/10 15:30:10.559, 7, 76045 MiB, 100 %, 269.19 W, 1980 MHz, 21 %, 69
2026/10/10 15:30:11.559, 0, 76045 MiB, 100 %, 240.83 W, 1980 MHz, 21 %, 33
2026/10/10 15:30:11.559, 1, 76045 MiB, 100 %, 260.32 W, 1980 MHz, 21 %, 58
2026/10/10 15:30:11.559, 2, 76045 MiB, 100 %, 242.61 W, 1980 MHz, 21 %, 38
2026/10/10 15:30:11.559, 3, 76045 MiB, 100 %, 240.95 W, 1980 MHz, 21 %, 32
2026/10/10 15:30:11.559, 4, 76045 MiB, 100 %, 232.45 W, 1980 MHz, 21 %, 32
2026/10/10 15:30:11.559, 5, 76045 MiB, 100 %, 239.86 W, 1980 MHz, 21 %, 36
2026/10/10 15:30:11.559, 6, 76045 MiB, 100 %, 233.32 W, 1980 MHz, 22 %, 34
2026/10/10 15:30:11.559, 7, 76045 MiB, 100 %, 268.45 W, 1980 MHz, 20 %, 69
2026/10/10 15:30:12.559, 0, 76045 MiB, 100 %, 239.53 W, 1980 MHz, 21 %, 33
2026/10/10 15:30:12.560, 1, 76045 MiB, 100 %, 260.76 W, 1980 MHz, 21 %, 58
2026/10/10 15:30:12.560, 2, 76045 MiB, 100 %, 243.64 W, 1980 MHz, 21 %, 38
2026/10/10 15:30:12.560, 3, 76045 MiB, 100 %, 240.34 W, 1980 MHz, 21 %, 32
2026/10/10 15:30:12.560, 4, 76045 MiB, 100 %, 232.73 W, 1980 MHz, 21 %, 32
2026/10/10 15:30:12.560, 5, 76045 MiB, 100 %, 242.40 W, 1980 MHz, 21 %, 36
2026/10/10 15:30:12.560, 6, 76045 MiB, 100 %, 233.81 W, 1980 MHz, 22 %, 34
2026/10/10 15:30:12.560, 7, 76045 MiB, 100 %, 266.11 W, 1980 MHz, 21 %, 69
2026/10/10 15:30:13.560, 0, 76045 MiB, 100 %, 238.43 W, 1980 MHz, 20 %, 33
2026/10/10 15:30:13.560, 1, 76045 MiB, 100 %, 261.46 W, 1980 MHz, 22 %, 58
2026/10/10 15:30:13.560, 2, 76045 MiB, 100 %, 243.27 W, 1980 MHz, 22 %, 38
2026/10/10 15:30:13.560, 3, 76045 MiB, 100 %, 241.43 W, 1980 MHz, 22 %, 32
2026/10/10 15:30:13.560, 4, 76045 MiB, 100 %, 231.27 W, 1980 MHz, 21 %, 32
2026/10/10 15:30:13.561, 5, 76045 MiB, 100 %, 241.35 W, 1980 MHz, 21 %, 36
2026/10/10 15:30:13.561, 6, 76045 MiB, 100 %, 232.94 W, 1980 MHz, 22 %, 34
2026/10/10 15:30:13.561, 7, 76045 MiB, 100 %, 268.98 W, 1980 MHz, 21 %, 69
2026/10/10 15:30:14.561, 0, 76045 MiB, 100 %, 238.49 W, 1980 MHz, 21 %, 33
2026/10/10 15:30:14.561, 1, 76045 MiB, 100 %, 263.05 W, 1980 MHz, 22 %, 58
2026/10/10 15:30:14.561, 2, 76045 MiB, 100 %, 242.63 W, 1980 MHz, 22 %, 38
2026/10/10 15:30:14.561, 3, 76045 MiB, 100 %, 240.85 W, 1980 MHz, 21 %, 32
2026/10/10 15:30:14.561, 4, 76045 MiB, 100 %, 232.51 W, 1980 MHz, 21 %, 32
2026/10/10 15:30:14.561, 5, 76045 MiB, 100 %, 241.19 W, 1980 MHz, 20 %, 36
2026/10/10 15:30:14.561, 6, 76045 MiB, 75 %, 230.99 W, 1980 MHz, 16 %, 34
2026/10/10 15:30:14.561, 7, 76045 MiB, 100 %, 267.65 W, 1980 MHz, 21 %, 69
2026/10/10 15:30:15.562, 0, 76045 MiB, 100 %, 405.53 W, 1980 MHz, 21 %, 34
2026/10/10 15:30:15.562, 1, 76045 MiB, 100 %, 427.86 W, 1980 MHz, 21 %, 58
2026/10/10 15:30:15.562, 2, 76045 MiB, 100 %, 414.27 W, 1980 MHz, 21 %, 39
2026/10/10 15:30:15.562, 3, 76045 MiB, 100 %, 412.54 W, 1980 MHz, 21 %, 34
2026/10/10 15:30:15.562, 4, 76045 MiB, 100 %, 398.20 W, 1980 MHz, 22 %, 34
2026/10/10 15:30:15.562, 5, 76045 MiB, 100 %, 416.48 W, 1980 MHz, 21 %, 38
2026/10/10 15:30:15.562, 6, 76045 MiB, 100 %, 407.19 W, 1980 MHz, 21 %, 36
2026/10/10 15:30:15.562, 7, 76045 MiB, 100 %, 448.46 W, 1980 MHz, 21 %, 70
2026/10/10 15:30:16.562, 0, 76045 MiB, 100 %, 241.56 W, 1980 MHz, 21 %, 34
2026/10/10 15:30:16.562, 1, 76045 MiB, 100 %, 258.55 W, 1980 MHz, 20 %, 58
2026/10/10 15:30:16.562, 2, 76045 MiB, 100 %, 244.97 W, 1980 MHz, 21 %, 38
2026/10/10 15:30:16.562, 3, 76045 MiB, 100 %, 236.42 W, 1980 MHz, 21 %, 32
2026/10/10 15:30:16.563, 4, 76045 MiB, 100 %, 236.32 W, 1980 MHz, 21 %, 33
2026/10/10 15:30:16.563, 5, 76045 MiB, 100 %, 242.20 W, 1980 MHz, 21 %, 37
2026/10/10 15:30:16.563, 6, 76045 MiB, 100 %, 230.53 W, 1980 MHz, 21 %, 34
2026/10/10 15:30:16.563, 7, 76045 MiB, 100 %, 270.61 W, 1980 MHz, 22 %, 70
2026/10/10 15:30:17.563, 0, 76045 MiB, 100 %, 240.29 W, 1980 MHz, 22 %, 34
2026/10/10 15:30:17.563, 1, 76045 MiB, 100 %, 260.03 W, 1980 MHz, 21 %, 58
2026/10/10 15:30:17.563, 2, 76045 MiB, 100 %, 244.18 W, 1980 MHz, 21 %, 38
2026/10/10 15:30:17.563, 3, 76045 MiB, 100 %, 239.14 W, 1980 MHz, 21 %, 32
2026/10/10 15:30:17.563, 4, 76045 MiB, 100 %, 237.78 W, 1980 MHz, 21 %, 33
2026/10/10 15:30:17.563, 5, 76045 MiB, 100 %, 241.18 W, 1980 MHz, 20 %, 36
2026/10/10 15:30:17.563, 6, 76045 MiB, 100 %, 231.38 W, 1980 MHz, 21 %, 34
2026/10/10 15:30:17.563, 7, 76045 MiB, 100 %, 271.00 W, 1980 MHz, 21 %, 69
2026/10/10 15:30:18.564, 0, 76045 MiB, 100 %, 240.38 W, 1980 MHz, 21 %, 33
2026/10/10 15:30:18.564, 1, 76045 MiB, 100 %, 259.43 W, 1980 MHz, 20 %, 58
2026/10/10 15:30:18.564, 2, 76045 MiB, 100 %, 244.63 W, 1980 MHz, 21 %, 38
2026/10/10 15:30:18.564, 3, 76045 MiB, 100 %, 236.82 W, 1980 MHz, 21 %, 32
2026/10/10 15:30:18.564, 4, 76045 MiB, 100 %, 235.47 W, 1980 MHz, 21 %, 33
2026/10/10 15:30:18.564, 5, 76045 MiB, 100 %, 241.99 W, 1980 MHz, 21 %, 36
2026/10/10 15:30:18.564, 6, 76045 MiB, 100 %, 232.41 W, 1980 MHz, 22 %, 34
2026/10/10 15:30:18.564, 7, 76045 MiB, 100 %, 270.23 W, 1980 MHz, 21 %, 69
2026/10/10 15:30:19.564, 0, 76045 MiB, 100 %, 240.87 W, 1980 MHz, 21 %, 33
2026/10/10 15:30:19.564, 1, 76045 MiB, 100 %, 260.46 W, 1980 MHz, 21 %, 58
2026/10/10 15:30:19.565, 2, 76045 MiB, 100 %, 244.69 W, 1980 MHz, 21 %, 38
2026/10/10 15:30:19.565, 3, 76045 MiB, 100 %, 239.06 W, 1980 MHz, 21 %, 32
2026/10/10 15:30:19.565, 4, 76045 MiB, 100 %, 236.98 W, 1980 MHz, 21 %, 33
2026/10/10 15:30:19.565, 5, 76045 MiB, 100 %, 239.64 W, 1980 MHz, 20 %, 36
2026/10/10 15:30:19.565, 6, 76045 MiB, 100 %, 232.17 W, 1980 MHz, 21 %, 34
2026/10/10 15:30:19.565, 7, 76045 MiB, 100 %, 270.64 W, 1980 MHz, 21 %, 69
2026/10/10 15:30:20.565, 0, 76045 MiB, 100 %, 240.48 W, 1980 MHz, 21 %, 33
2026/10/10 15:30:20.565, 1, 76045 MiB, 100 %, 260.14 W, 1980 MHz, 21 %, 58
2026/10/10 15:30:20.565, 2, 76045 MiB, 100 %, 243.36 W, 1980 MHz, 21 %, 38
2026/10/10 15:30:20.565, 3, 76045 MiB, 100 %, 238.60 W, 1980 MHz, 21 %, 32
2026/10/10 15:30:20.565, 4, 76045 MiB, 100 %, 235.71 W, 1980 MHz, 21 %, 32
2026/10/10 15:30:20.565, 5, 76045 MiB, 100 %, 240.80 W, 1980 MHz, 21 %, 36
2026/10/10 15:30:20.565, 6, 76045 MiB, 100 %, 230.89 W, 1980 MHz, 21 %, 34
2026/10/10 15:30:20.565, 7, 76045 MiB, 100 %, 270.52 W, 1980 MHz, 21 %, 69
2026/10/10 15:30:21.566, 0, 76045 MiB, 100 %, 239.59 W, 1980 MHz, 21 %, 33
2026/10/10 15:30:21.566, 1, 76045 MiB, 100 %, 259.10 W, 1980 MHz, 21 %, 58
2026/10/10 15:30:21.566, 2, 76045 MiB, 100 %, 242.99 W, 1980 MHz, 21 %, 38
2026/10/10 15:30:21.566, 3, 76045 MiB, 100 %, 241.23 W, 1980 MHz, 21 %, 32
2026/10/10 15:30:21.566, 4, 76045 MiB, 100 %, 236.49 W, 1980 MHz, 21 %, 32
2026/10/10 15:30:21.566, 5, 76045 MiB, 100 %, 242.67 W, 1980 MHz, 21 %, 36
2026/10/10 15:30:21.566, 6, 76045 MiB, 100 %, 231.77 W, 1980 MHz, 20 %, 34
2026/10/10 15:30:21.566, 7, 76045 MiB, 100 %, 270.51 W, 1980 MHz, 21 %, 69
2026/10/10 15:30:22.566, 0, 76045 MiB, 100 %, 240.34 W, 1980 MHz, 21 %, 33
2026/10/10 15:30:22.566, 1, 76045 MiB, 100 %, 258.48 W, 1980 MHz, 20 %, 58
2026/10/10 15:30:22.566, 2, 76045 MiB, 100 %, 242.27 W, 1980 MHz, 21 %, 38
2026/10/10 15:30:22.567, 3, 76045 MiB, 100 %, 239.44 W, 1980 MHz, 21 %, 32
2026/10/10 15:30:22.567, 4, 76045 MiB, 100 %, 236.22 W, 1980 MHz, 21 %, 32
2026/10/10 15:30:22.567, 5, 76045 MiB, 100 %, 243.79 W, 1980 MHz, 21 %, 36
2026/10/10 15:30:22.567, 6, 76045 MiB, 100 %, 232.40 W, 1980 MHz, 22 %, 34
2026/10/10 15:30:22.567, 7, 76045 MiB, 100 %, 268.69 W, 1980 MHz, 21 %, 69
2026/10/10 15:30:23.567, 0, 76045 MiB, 100 %, 241.81 W, 1980 MHz, 21 %, 33
2026/10/10 15:30:23.567, 1, 76045 MiB, 100 %, 258.84 W, 1980 MHz, 21 %, 58
2026/10/10 15:30:23.567, 2, 76045 MiB, 100 %, 244.44 W, 1980 MHz, 21 %, 38
2026/10/10 15:30:23.567, 3, 76045 MiB, 100 %, 236.62 W, 1980 MHz, 21 %, 32
2026/10/10 15:30:23.567, 4, 76045 MiB, 100 %, 234.87 W, 1980 MHz, 21 %, 32
2026/10/10 15:30:23.567, 5, 76045 MiB, 100 %, 242.84 W, 1980 MHz, 21 %, 36
2026/10/10 15:30:23.567, 6, 76045 MiB, 100 %, 232.60 W, 1980 MHz, 21 %, 34
2026/10/10 15:30:23.567, 7, 76045 MiB, 100 %, 269.62 W, 1980 MHz, 21 %, 69
2026/10/10 15:30:24.568, 0, 76045 MiB, 100 %, 240.81 W, 1980 MHz, 21 %, 33
2026/10/10 15:30:24.568, 1, 76045 MiB, 100 %, 259.98 W, 1980 MHz, 21 %, 58
2026/10/10 15:30:24.568, 2, 76045 MiB, 100 %, 242.53 W, 1980 MHz, 21 %, 38
2026/10/10 15:30:24.568, 3, 76045 MiB, 100 %, 237.32 W, 1980 MHz, 22 %, 32
2026/10/10 15:30:24.568, 4, 76045 MiB, 100 %, 237.15 W, 1980 MHz, 22 %, 32
2026/10/10 15:30:24.568, 5, 76045 MiB, 100 %, 241.34 W, 1980 MHz, 21 %, 36
2026/10/10 15:30:24.568, 6, 76045 MiB, 100 %, 230.62 W, 1980 MHz, 21 %, 34
2026/10/10 15:30:24.568, 7, 76045 MiB, 100 %, 268.61 W, 1980 MHz, 22 %, 69
2026/10/10 15:30:25.568, 0, 76045 MiB, 100 %, 239.95 W, 1980 MHz, 20 %, 33
2026/10/10 15:30:25.568, 1, 76045 MiB, 100 %, 261.44 W, 1980 MHz, 21 %, 58
2026/10/10 15:30:25.568, 2, 76045 MiB, 100 %, 243.33 W, 1980 MHz, 21 %, 38
2026/10/10 15:30:25.568, 3, 76045 MiB, 100 %, 238.86 W, 1980 MHz, 21 %, 32
2026/10/10 15:30:25.569, 4, 76045 MiB, 100 %, 236.20 W, 1980 MHz, 21 %, 32
2026/10/10 15:30:25.569, 5, 76045 MiB, 100 %, 240.08 W, 1980 MHz, 21 %, 36
2026/10/10 15:30:25.569, 6, 76045 MiB, 100 %, 231.75 W, 1980 MHz, 21 %, 34
2026/10/10 15:30:25.569, 7, 76045 MiB, 100 %, 270.74 W, 1980 MHz, 22 %, 69
2026/10/10 15:30:26.569, 0, 76045 MiB, 100 %, 240.17 W, 1980 MHz, 21 %, 33
2026/10/10 15:30:26.569, 1, 76045 MiB, 100 %, 259.20 W, 1980 MHz, 21 %, 58
2026/10/10 15:30:26.569, 2, 76045 MiB, 100 %, 244.20 W, 1980 MHz, 21 %, 38
2026/10/10 15:30:26.569, 3, 76045 MiB, 100 %, 238.83 W, 1980 MHz, 22 %, 32
2026/10/10 15:30:26.569, 4, 76045 MiB, 100 %, 236.85 W, 1980 MHz, 21 %, 32
2026/10/10 15:30:26.569, 5, 76045 MiB, 100 %, 241.80 W, 1980 MHz, 22 %, 36
2026/10/10 15:30:26.569, 6, 76045 MiB, 100 %, 231.61 W, 1980 MHz, 21 %, 34
2026/10/10 15:30:26.569, 7, 76045 MiB, 100 %, 270.29 W, 1980 MHz, 20 %, 69
2026/10/10 15:30:27.570, 0, 76045 MiB, 100 %, 240.76 W, 1980 MHz, 21 %, 33
2026/10/10 15:30:27.570, 1, 76045 MiB, 100 %, 259.42 W, 1980 MHz, 21 %, 58
2026/10/10 15:30:27.570, 2, 76045 MiB, 100 %, 244.11 W, 1980 MHz, 21 %, 38
2026/10/10 15:30:27.570, 3, 76045 MiB, 100 %, 240.65 W, 1980 MHz, 21 %, 32
2026/10/10 15:30:27.570, 4, 76045 MiB, 100 %, 236.51 W, 1980 MHz, 21 %, 32
2026/10/10 15:30:27.570, 5, 76045 MiB, 100 %, 241.12 W, 1980 MHz, 21 %, 36
2026/10/10 15:30:27.570, 6, 76045 MiB, 100 %, 231.38 W, 1980 MHz, 21 %, 34
2026/10/10 15:30:27.570, 7, 76045 MiB, 100 %, 268.48 W, 1980 MHz, 21 %, 69
2026/10/10 15:30:28.570, 0, 76045 MiB, 100 %, 239.95 W, 1980 MHz, 21 %, 33
2026/10/10 15:30:28.571, 1, 76045 MiB, 100 %, 260.48 W, 1980 MHz, 21 %, 58
2026/10/10 15:30:28.571, 2, 76045 MiB, 100 %, 242.50 W, 1980 MHz, 21 %, 38
2026/10/10 15:30:28.571, 3, 76045 MiB, 100 %, 239.59 W, 1980 MHz, 21 %, 32
2026/10/10 15:30:28.571, 4, 76045 MiB, 100 %, 235.77 W, 1980 MHz, 22 %, 32
2026/10/10 15:30:28.571, 5, 76045 MiB, 100 %, 242.10 W, 1980 MHz, 21 %, 36
2026/10/10 15:30:28.571, 6, 76045 MiB, 100 %, 231.71 W, 1980 MHz, 21 %, 34
2026/10/10 15:30:28.571, 7, 76045 MiB, 100 %, 269.57 W, 1980 MHz, 21 %, 69
2026/10/10 15:30:29.571, 0, 76045 MiB, 100 %, 400.86 W, 1980 MHz, 20 %, 34
2026/10/10 15:30:29.571, 1, 76045 MiB, 100 %, 424.72 W, 1980 MHz, 21 %, 58
2026/10/10 15:30:29.571, 2, 76045 MiB, 100 %, 399.86 W, 1980 MHz, 21 %, 39
2026/10/10 15:30:29.571, 3, 76045 MiB, 100 %, 401.78 W, 1980 MHz, 22 %, 33
2026/10/10 15:30:29.571, 4, 76045 MiB, 100 %, 389.96 W, 1980 MHz, 21 %, 34
2026/10/10 15:30:29.571, 5, 76045 MiB, 100 %, 397.62 W, 1980 MHz, 21 %, 38
2026/10/10 15:30:29.572, 6, 76045 MiB, 100 %, 384.21 W, 1980 MHz, 22 %, 36
2026/10/10 15:30:29.572, 7, 76045 MiB, 100 %, 433.00 W, 1980 MHz, 21 %, 70
2026/10/10 15:30:30.572, 0, 76045 MiB, 100 %, 238.99 W, 1980 MHz, 21 %, 34
2026/10/10 15:30:30.572, 1, 76045 MiB, 100 %, 258.94 W, 1980 MHz, 21 %, 58
2026/10/10 15:30:30.572, 2, 76045 MiB, 100 %, 244.80 W, 1980 MHz, 21 %, 38
2026/10/10 15:30:30.572, 3, 76045 MiB, 100 %, 239.34 W, 1980 MHz, 22 %, 32
2026/10/10 15:30:30.572, 4, 76045 MiB, 100 %, 232.78 W, 1980 MHz, 21 %, 33
2026/10/10 15:30:30.572, 5, 76045 MiB, 100 %, 241.36 W, 1980 MHz, 21 %, 37
2026/10/10 15:30:30.572, 6, 76045 MiB, 100 %, 234.59 W, 1980 MHz, 21 %, 34
2026/10/10 15:30:30.572, 7, 76045 MiB, 100 %, 269.77 W, 1980 MHz, 21 %, 70
2026/10/10 15:30:31.572, 0, 76045 MiB, 100 %, 239.74 W, 1980 MHz, 21 %, 33
2026/10/10 15:30:31.572, 1, 76045 MiB, 100 %, 260.32 W, 1980 MHz, 21 %, 58
2026/10/10 15:30:31.573, 2, 76045 MiB, 100 %, 244.65 W, 1980 MHz, 21 %, 38
2026/10/10 15:30:31.573, 3, 76045 MiB, 100 %, 242.72 W, 1980 MHz, 22 %, 32
2026/10/10 15:30:31.573, 4, 76045 MiB, 100 %, 233.09 W, 1980 MHz, 20 %, 33
2026/10/10 15:30:31.573, 5, 76045 MiB, 100 %, 243.62 W, 1980 MHz, 21 %, 36
2026/10/10 15:30:31.573, 6, 76045 MiB, 100 %, 232.22 W, 1980 MHz, 21 %, 34
2026/10/10 15:30:31.573, 7, 76045 MiB, 100 %, 270.08 W, 1980 MHz, 21 %, 69
2026/10/10 15:30:32.573, 0, 76045 MiB, 100 %, 240.04 W, 1980 MHz, 21 %, 33
2026/10/10 15:30:32.573, 1, 76045 MiB, 100 %, 257.77 W, 1980 MHz, 21 %, 58
2026/10/10 15:30:32.573, 2, 76045 MiB, 100 %, 243.71 W, 1980 MHz, 21 %, 38
2026/10/10 15:30:32.573, 3, 76045 MiB, 100 %, 239.37 W, 1980 MHz, 21 %, 32
2026/10/10 15:30:32.573, 4, 76045 MiB, 100 %, 233.24 W, 1980 MHz, 20 %, 32
2026/10/10 15:30:32.573, 5, 76045 MiB, 100 %, 243.03 W, 1980 MHz, 22 %, 36
2026/10/10 15:30:32.573, 6, 76045 MiB, 100 %, 234.10 W, 1980 MHz, 21 %, 34
2026/10/10 15:30:32.574, 7, 76045 MiB, 100 %, 268.62 W, 1980 MHz, 20 %, 69
2026/10/10 15:30:33.574, 0, 76045 MiB, 100 %, 242.20 W, 1980 MHz, 21 %, 33
2026/10/10 15:30:33.574, 1, 76045 MiB, 100 %, 257.69 W, 1980 MHz, 21 %, 58
2026/10/10 15:30:33.574, 2, 76045 MiB, 100 %, 244.55 W, 1980 MHz, 21 %, 38
2026/10/10 15:30:33.574, 3, 76045 MiB, 100 %, 240.94 W, 1980 MHz, 21 %, 32
2026/10/10 15:30:33.574, 4, 76045 MiB, 100 %, 231.88 W, 1980 MHz, 21 %, 32
2026/10/10 15:30:33.574, 5, 76045 MiB, 100 %, 241.51 W, 1980 MHz, 21 %, 36
2026/10/10 15:30:33.574, 6, 76045 MiB, 100 %, 234.02 W, 1980 MHz, 21 %, 34
2026/10/10 15:30:33.574, 7, 76045 MiB, 100 %, 269.10 W, 1980 MHz, 20 %, 69
2026/10/10 15:30:34.574, 0, 76045 MiB, 100 %, 239.76 W, 1980 MHz, 21 %, 33
2026/10/10 15:30:34.575, 1, 76045 MiB, 100 %, 259.78 W, 1980 MHz, 21 %, 58
2026/10/10 15:30:34.575, 2, 76045 MiB, 100 %, 245.32 W, 1980 MHz, 21 %, 38
2026/10/10 15:30:34.575, 3, 76045 MiB, 100 %, 243.03 W, 1980 MHz, 21 %, 32
2026/10/10 15:30:34.575, 4, 76045 MiB, 100 %, 231.51 W, 1980 MHz, 21 %, 32
2026/10/10 15:30:34.575, 5, 76045 MiB, 100 %, 243.39 W, 1980 MHz, 21 %, 36
2026/10/10 15:30:34.575, 6, 76045 MiB, 100 %, 232.03 W, 1980 MHz, 21 %, 34
2026/10/10 15:30:34.575, 7, 76045 MiB, 100 %, 267.68 W, 1980 MHz, 21 %, 69
2026/10/10 15:30:35.575, 0, 76045 MiB, 100 %, 240.03 W, 1980 MHz, 20 %, 33
2026/10/10 15:30:35.575, 1, 76045 MiB, 100 %, 261.05 W, 1980 MHz, 21 %, 58
2026/10/10 15:30:35.575, 2, 76045 MiB, 100 %, 245.13 W, 1980 MHz, 22 %, 38
2026/10/10 15:30:35.575, 3, 76045 MiB, 100 %, 240.59 W, 1980 MHz, 21 %, 32
2026/10/10 15:30:35.575, 4, 76045 MiB, 100 %, 234.11 W, 1980 MHz, 21 %, 32
2026/10/10 15:30:35.575, 5, 76045 MiB, 100 %, 243.01 W, 1980 MHz, 21 %, 36
2026/10/10 15:30:35.575, 6, 76045 MiB, 100 %, 231.15 W, 1980 MHz, 21 %, 34
2026/10/10 15:30:35.575, 7, 76045 MiB, 100 %, 268.59 W, 1980 MHz, 21 %, 69
2026/10/10 15:30:36.576, 0, 76045 MiB, 100 %, 239.42 W, 1980 MHz, 20 %, 33
2026/10/10 15:30:36.576, 1, 76045 MiB, 100 %, 257.34 W, 1980 MHz, 21 %, 58
2026/10/10 15:30:36.576, 2, 76045 MiB, 100 %, 244.04 W, 1980 MHz, 21 %, 38
2026/10/10 15:30:36.576, 3, 76045 MiB, 100 %, 236.30 W, 1980 MHz, 21 %, 32
2026/10/10 15:30:36.576, 4, 76045 MiB, 100 %, 233.73 W, 1980 MHz, 22 %, 32
2026/10/10 15:30:36.576, 5, 76045 MiB, 100 %, 242.18 W, 1980 MHz, 21 %, 36
2026/10/10 15:30:36.576, 6, 76045 MiB, 100 %, 231.73 W, 1980 MHz, 21 %, 34
2026/10/10 15:30:36.576, 7, 76045 MiB, 100 %, 271.45 W, 1980 MHz, 21 %, 69
2026/10/10 15:30:37.576, 0, 76045 MiB, 100 %, 238.05 W, 1980 MHz, 21 %, 33
2026/10/10 15:30:37.576, 1, 76045 MiB, 100 %, 257.87 W, 1980 MHz, 21 %, 58
2026/10/10 15:30:37.576, 2, 76045 MiB, 100 %, 245.17 W, 1980 MHz, 22 %, 38
2026/10/10 15:30:37.577, 3, 76045 MiB, 100 %, 236.44 W, 1980 MHz, 21 %, 32
2026/10/10 15:30:37.577, 4, 76045 MiB, 100 %, 232.23 W, 1980 MHz, 21 %, 32
2026/10/10 15:30:37.577, 5, 76045 MiB, 100 %, 243.79 W, 1980 MHz, 21 %, 36
2026/10/10 15:30:37.577, 6, 76045 MiB, 100 %, 233.47 W, 1980 MHz, 21 %, 34
2026/10/10 15:30:37.577, 7, 76045 MiB, 100 %, 268.79 W, 1980 MHz, 20 %, 69
2026/10/10 15:30:38.577, 0, 76045 MiB, 100 %, 239.43 W, 1980 MHz, 22 %, 33
2026/10/10 15:30:38.577, 1, 76045 MiB, 100 %, 256.36 W, 1980 MHz, 20 %, 58
2026/10/10 15:30:38.577, 2, 76045 MiB, 100 %, 246.69 W, 1980 MHz, 22 %, 38
2026/10/10 15:30:38.577, 3, 76045 MiB, 100 %, 237.70 W, 1980 MHz, 21 %, 32
2026/10/10 15:30:38.577, 4, 76045 MiB, 100 %, 233.95 W, 1980 MHz, 21 %, 32
2026/10/10 15:30:38.577, 5, 76045 MiB, 100 %, 240.54 W, 1980 MHz, 22 %, 36
2026/10/10 15:30:38.577, 6, 76045 MiB, 100 %, 233.46 W, 1980 MHz, 22 %, 34
2026/10/10 15:30:38.577, 7, 76045 MiB, 100 %, 269.29 W, 1980 MHz, 20 %, 69
2026/10/10 15:30:39.578, 0, 76045 MiB, 100 %, 240.71 W, 1980 MHz, 20 %, 33
2026/10/10 15:30:39.578, 1, 76045 MiB, 100 %, 257.25 W, 1980 MHz, 21 %, 58
2026/10/10 15:30:39.578, 2, 76045 MiB, 100 %, 245.72 W, 1980 MHz, 21 %, 38
2026/10/10 15:30:39.578, 3, 76045 MiB, 100 %, 241.21 W, 1980 MHz, 21 %, 32
2026/10/10 15:30:39.578, 4, 76045 MiB, 100 %, 232.32 W, 1980 MHz, 20 %, 32
2026/10/10 15:30:39.578, 5, 76045 MiB, 100 %, 242.43 W, 1980 MHz, 22 %, 36
2026/10/10 15:30:39.578, 6, 76045 MiB, 100 %, 233.68 W, 1980 MHz, 21 %, 34
2026/10/10 15:30:39.578, 7, 76045 MiB, 100 %, 267.86 W, 1980 MHz, 22 %, 69
2026/10/10 15:30:40.578, 0, 76045 MiB, 100 %, 238.40 W, 1980 MHz, 20 %, 33
2026/10/10 15:30:40.578, 1, 76045 MiB, 100 %, 259.11 W, 1980 MHz, 21 %, 58
2026/10/10 15:30:40.579, 2, 76045 MiB, 100 %, 243.29 W, 1980 MHz, 21 %, 38
2026/10/10 15:30:40.579, 3, 76045 MiB, 100 %, 241.84 W, 1980 MHz, 21 %, 32
2026/10/10 15:30:40.579, 4, 76045 MiB, 100 %, 234.12 W, 1980 MHz, 21 %, 32
2026/10/10 15:30:40.579, 5, 76045 MiB, 100 %, 241.41 W, 1980 MHz, 21 %, 36
2026/10/10 15:30:40.579, 6, 76045 MiB, 100 %, 231.71 W, 1980 MHz, 21 %, 34
2026/10/10 15:30:40.579, 7, 76045 MiB, 100 %, 270.27 W, 1980 MHz, 21 %, 69
2026/10/10 15:30:41.579, 0, 76045 MiB, 100 %, 238.43 W, 1980 MHz, 20 %, 33
2026/10/10 15:30:41.579, 1, 76045 MiB, 100 %, 257.94 W, 1980 MHz, 20 %, 58
2026/10/10 15:30:41.579, 2, 76045 MiB, 100 %, 244.68 W, 1980 MHz, 22 %, 38
2026/10/10 15:30:41.579, 3, 76045 MiB, 100 %, 239.71 W, 1980 MHz, 21 %, 32
2026/10/10 15:30:41.579, 4, 76045 MiB, 100 %, 233.69 W, 1980 MHz, 21 %, 32
2026/10/10 15:30:41.579, 5, 76045 MiB, 100 %, 242.79 W, 1980 MHz, 21 %, 36
2026/10/10 15:30:41.580, 6, 76045 MiB, 100 %, 231.42 W, 1980 MHz, 21 %, 34
2026/10/10 15:30:41.580, 7, 76045 MiB, 100 %, 269.49 W, 1980 MHz, 22 %, 69
2026/10/10 15:30:42.580, 0, 76045 MiB, 100 %, 240.36 W, 1980 MHz, 21 %, 33
2026/10/10 15:30:42.580, 1, 76045 MiB, 100 %, 256.78 W, 1980 MHz, 21 %, 58
2026/10/10 15:30:42.580, 2, 76045 MiB, 100 %, 244.06 W, 1980 MHz, 22 %, 38
2026/10/10 15:30:42.580, 3, 76045 MiB, 100 %, 241.11 W, 1980 MHz, 21 %, 32
2026/10/10 15:30:42.580, 4, 76045 MiB, 100 %, 233.20 W, 1980 MHz, 21 %, 32
2026/10/10 15:30:42.580, 5, 76045 MiB, 100 %, 241.72 W, 1980 MHz, 21 %, 36
2026/10/10 15:30:42.580, 6, 76045 MiB, 100 %, 233.07 W, 1980 MHz, 21 %, 34
2026/10/10 15:30:42.580, 7, 76045 MiB, 100 %, 267.43 W, 1980 MHz, 20 %, 69
