timestamp, index, memory.used [MiB], utilization.gpu [%], power.draw [W], clocks.current.sm [MHz]
2026/09/27 19:15:55.071, 0, 79641 MiB, 0 %, 182.77 W, 1980 MHz
2026/09/27 19:15:55.076, 1, 79641 MiB, 0 %, 132.49 W, 1980 MHz
2026/09/27 19:15:55.082, 2, 79641 MiB, 0 %, 129.18 W, 1980 MHz
2026/09/27 19:15:55.088, 3, 79641 MiB, 0 %, 126.57 W, 1980 MHz
2026/09/27 19:15:55.093, 4, 79641 MiB, 0 %, 124.82 W, 1980 MHz
2026/09/27 19:15:55.099, 5, 79641 MiB, 0 %, 127.26 W, 1980 MHz
2026/09/27 19:15:55.104, 6, 79641 MiB, 0 %, 129.28 W, 1980 MHz
2026/09/27 19:15:55.109, 7, 79641 MiB, 0 %, 123.91 W, 1980 MHz
2026/09/27 19:15:56.115, 0, 79641 MiB, 0 %, 181.60 W, 1980 MHz
2026/09/27 19:15:56.116, 1, 79641 MiB, 0 %, 131.63 W, 1980 MHz
2026/09/27 19:15:56.117, 2, 79641 MiB, 0 %, 128.38 W, 1980 MHz
2026/09/27 19:15:56.117, 3, 79641 MiB, 0 %, 126.03 W, 1980 MHz
2026/09/27 19:15:56.118, 4, 79641 MiB, 0 %, 124.04 W, 1980 MHz
2026/09/27 19:15:56.118, 5, 79641 MiB, 0 %, 126.65 W, 1980 MHz
2026/09/27 19:15:56.119, 6, 79641 MiB, 0 %, 128.63 W, 1980 MHz
2026/09/27 19:15:56.120, 7, 79641 MiB, 0 %, 123.26 W, 1980 MHz
2026/09/27 19:15:57.120, 0, 79641 MiB, 0 %, 180.97 W, 1980 MHz
2026/09/27 19:15:57.121, 1, 79641 MiB, 0 %, 131.17 W, 1980 MHz
2026/09/27 19:15:57.122, 2, 79641 MiB, 0 %, 127.99 W, 1980 MHz
2026/09/27 19:15:57.123, 3, 79641 MiB, 0 %, 125.76 W, 1980 MHz
2026/09/27 19:15:57.123, 4, 79641 MiB, 0 %, 123.72 W, 1980 MHz
2026/09/27 19:15:57.124, 5, 79641 MiB, 0 %, 126.35 W, 1980 MHz
2026/09/27 19:15:57.124, 6, 79641 MiB, 0 %, 128.25 W, 1980 MHz
2026/09/27 19:15:57.125, 7, 79641 MiB, 0 %, 122.82 W, 1980 MHz
2026/09/27 19:15:58.125, 0, 79641 MiB, 0 %, 180.48 W, 1980 MHz
2026/09/27 19:15:58.126, 1, 79641 MiB, 0 %, 130.75 W, 1980 MHz
2026/09/27 19:15:58.127, 2, 79641 MiB, 0 %, 127.70 W, 1980 MHz
2026/09/27 19:15:58.128, 3, 79641 MiB, 0 %, 125.46 W, 1980 MHz
2026/09/27 19:15:58.128, 4, 79641 MiB, 0 %, 123.48 W, 1980 MHz
2026/09/27 19:15:58.129, 5, 79641 MiB, 0 %, 125.93 W, 1980 MHz
2026/09/27 19:15:58.129, 6, 79641 MiB, 0 %, 127.83 W, 1980 MHz
2026/09/27 19:15:58.130, 7, 79641 MiB, 0 %, 122.58 W, 1980 MHz
2026/09/27 19:15:59.131, 0, 79641 MiB, 0 %, 179.97 W, 1980 MHz
2026/09/27 19:15:59.132, 1, 79641 MiB, 0 %, 130.37 W, 1980 MHz
2026/09/27 19:15:59.132, 2, 79641 MiB, 0 %, 127.35 W, 1980 MHz
2026/09/27 19:15:59.133, 3, 79641 MiB, 0 %, 125.16 W, 1980 MHz
2026/09/27 19:15:59.134, 4, 79641 MiB, 0 %, 123.21 W, 1980 MHz
2026/09/27 19:15:59.134, 5, 79641 MiB, 0 %, 125.61 W, 1980 MHz
2026/09/27 19:15:59.135, 6, 79641 MiB, 0 %, 127.52 W, 1980 MHz
2026/09/27 19:15:59.135, 7, 79641 MiB, 0 %, 122.25 W, 1980 MHz
2026/09/27 19:16:00.136, 0, 79641 MiB, 0 %, 179.55 W, 1980 MHz
2026/09/27 19:16:00.137, 1, 79641 MiB, 0 %, 129.97 W, 1980 MHz
2026/09/27 19:16:00.137, 2, 79641 MiB, 0 %, 126.91 W, 1980 MHz
2026/09/27 19:16:00.138, 3, 79641 MiB, 0 %, 124.96 W, 1980 MHz
2026/09/27 19:16:00.139, 4, 79641 MiB, 0 %, 122.97 W, 1980 MHz
2026/09/27 19:16:00.139, 5, 79641 MiB, 0 %, 125.35 W, 1980 MHz
2026/09/27 19:16:00.140, 6, 79641 MiB, 0 %, 127.07 W, 1980 MHz
2026/09/27 19:16:00.141, 7, 79641 MiB, 0 %, 121.99 W, 1980 MHz
2026/09/27 19:16:01.141, 0, 79641 MiB, 0 %, 179.24 W, 1980 MHz
2026/09/27 19:16:01.142, 1, 79641 MiB, 0 %, 129.55 W, 1980 MHz
2026/09/27 19:16:01.143, 2, 79641 MiB, 0 %, 126.74 W, 1980 MHz
2026/09/27 19:16:01.143, 3, 79641 MiB, 0 %, 124.74 W, 1980 MHz
2026/09/27 19:16:01.144, 4, 79641 MiB, 0 %, 122.77 W, 1980 MHz
2026/09/27 19:16:01.145, 5, 79641 MiB, 0 %, 125.09 W, 1980 MHz
2026/09/27 19:16:01.145, 6, 79641 MiB, 0 %, 126.46 W, 1980 MHz
2026/09/27 19:16:01.146, 7, 79641 MiB, 0 %, 121.77 W, 1980 MHz
2026/09/27 19:16:02.147, 0, 79641 MiB, 0 %, 178.85 W, 1980 MHz
2026/09/27 19:16:02.148, 1, 79641 MiB, 0 %, 128.91 W, 1980 MHz
2026/09/27 19:16:02.148, 2, 79641 MiB, 0 %, 126.49 W, 1980 MHz
2026/09/27 19:16:02.149, 3, 79641 MiB, 0 %, 123.71 W, 1980 MHz
2026/09/27 19:16:02.150, 4, 79641 MiB, 0 %, 122.56 W, 1980 MHz
2026/09/27 19:16:02.150, 5, 79641 MiB, 0 %, 124.76 W, 1980 MHz
2026/09/27 19:16:02.151, 6, 79641 MiB, 0 %, 126.19 W, 1980 MHz
2026/09/27 19:16:02.152, 7, 79641 MiB, 0 %, 121.58 W, 1980 MHz
2026/09/27 19:16:03.153, 0, 79641 MiB, 0 %, 178.54 W, 1980 MHz
2026/09/27 19:16:03.154, 1, 79641 MiB, 0 %, 128.57 W, 1980 MHz
2026/09/27 19:16:03.154, 2, 79641 MiB, 0 %, 126.23 W, 1980 MHz
2026/09/27 19:16:03.155, 3, 79641 MiB, 0 %, 123.46 W, 1980 MHz
2026/09/27 19:16:03.155, 4, 79641 MiB, 0 %, 122.33 W, 1980 MHz
2026/09/27 19:16:03.156, 5, 79641 MiB, 0 %, 124.52 W, 1980 MHz
2026/09/27 19:16:03.157, 6, 79641 MiB, 0 %, 125.93 W, 1980 MHz
2026/09/27 19:16:03.157, 7, 79641 MiB, 0 %, 121.38 W, 1980 MHz
2026/09/27 19:16:04.158, 0, 79641 MiB, 0 %, 178.24 W, 1980 MHz
2026/09/27 19:16:04.159, 1, 79641 MiB, 0 %, 128.35 W, 1980 MHz
2026/09/27 19:16:04.159, 2, 79641 MiB, 0 %, 125.99 W, 1980 MHz
2026/09/27 19:16:04.160, 3, 79641 MiB, 0 %, 123.28 W, 1980 MHz
2026/09/27 19:16:04.161, 4, 79641 MiB, 0 %, 122.17 W, 1980 MHz
2026/09/27 19:16:04.161, 5, 79641 MiB, 0 %, 124.43 W, 1980 MHz
2026/09/27 19:16:04.162, 6, 79641 MiB, 0 %, 125.70 W, 1980 MHz
2026/09/27 19:16:04.163, 7, 79641 MiB, 0 %, 121.14 W, 1980 MHz
2026/09/27 19:16:05.163, 0, 79641 MiB, 0 %, 177.93 W, 1980 MHz
2026/09/27 19:16:05.164, 1, 79641 MiB, 0 %, 128.09 W, 1980 MHz
2026/09/27 19:16:05.165, 2, 79641 MiB, 0 %, 125.69 W, 1980 MHz
2026/09/27 19:16:05.165, 3, 79641 MiB, 0 %, 123.10 W, 1980 MHz
2026/09/27 19:16:05.166, 4, 79641 MiB, 0 %, 122.05 W, 1980 MHz
2026/09/27 19:16:05.166, 5, 79641 MiB, 0 %, 124.29 W, 1980 MHz
2026/09/27 19:16:05.167, 6, 79641 MiB, 0 %, 125.52 W, 1980 MHz
2026/09/27 19:16:05.168, 7, 79641 MiB, 0 %, 120.99 W, 1980 MHz
2026/09/27 19:16:06.168, 0, 79641 MiB, 0 %, 177.70 W, 1980 MHz
2026/09/27 19:16:06.169, 1, 79641 MiB, 0 %, 127.86 W, 1980 MHz
2026/09/27 19:16:06.170, 2, 79641 MiB, 0 %, 125.47 W, 1980 MHz
2026/09/27 19:16:06.171, 3, 79641 MiB, 0 %, 122.99 W, 1980 MHz
2026/09/27 19:16:06.171, 4, 79641 MiB, 0 %, 121.87 W, 1980 MHz
2026/09/27 19:16:06.172, 5, 79641 MiB, 0 %, 124.06 W, 1980 MHz
2026/09/27 19:16:06.172, 6, 79641 MiB, 0 %, 125.32 W, 1980 MHz
2026/09/27 19:16:06.173, 7, 79641 MiB, 0 %, 120.89 W, 1980 MHz
2026/09/27 19:16:07.174, 0, 79641 MiB, 0 %, 177.49 W, 1980 MHz
2026/09/27 19:16:07.174, 1, 79641 MiB, 0 %, 127.58 W, 1980 MHz
2026/09/27 19:16:07.175, 2, 79641 MiB, 0 %, 125.26 W, 1980 MHz
2026/09/27 19:16:07.176, 3, 79641 MiB, 0 %, 122.86 W, 1980 MHz
2026/09/27 19:16:07.176, 4, 79641 MiB, 0 %, 121.70 W, 1980 MHz
2026/09/27 19:16:07.177, 5, 79641 MiB, 0 %, 123.94 W, 1980 MHz
2026/09/27 19:16:07.177, 6, 79641 MiB, 0 %, 125.03 W, 1980 MHz
2026/09/27 19:16:07.178, 7, 79641 MiB, 0 %, 120.72 W, 1980 MHz
2026/09/27 19:16:08.178, 0, 79641 MiB, 0 %, 177.25 W, 1980 MHz
2026/09/27 19:16:08.179, 1, 79641 MiB, 0 %, 127.36 W, 1980 MHz
2026/09/27 19:16:08.180, 2, 79641 MiB, 0 %, 125.06 W, 1980 MHz
2026/09/27 19:16:08.180, 3, 79641 MiB, 0 %, 122.74 W, 1980 MHz
2026/09/27 19:16:08.181, 4, 79641 MiB, 0 %, 121.57 W, 1980 MHz
2026/09/27 19:16:08.182, 5, 79641 MiB, 0 %, 123.76 W, 1980 MHz
2026/09/27 19:16:08.182, 6, 79641 MiB, 0 %, 124.86 W, 1980 MHz
2026/09/27 19:16:08.183, 7, 79641 MiB, 0 %, 120.62 W, 1980 MHz
2026/09/27 19:16:09.183, 0, 79641 MiB, 0 %, 177.07 W, 1980 MHz
2026/09/27 19:16:09.184, 1, 79641 MiB, 0 %, 127.12 W, 1980 MHz
2026/09/27 19:16:09.185, 2, 79641 MiB, 0 %, 124.88 W, 1980 MHz
2026/09/27 19:16:09.186, 3, 79641 MiB, 0 %, 122.57 W, 1980 MHz
2026/09/27 19:16:09.186, 4, 79641 MiB, 0 %, 121.42 W, 1980 MHz
2026/09/27 19:16:09.187, 5, 79641 MiB, 0 %, 123.60 W, 1980 MHz
2026/09/27 19:16:09.187, 6, 79641 MiB, 0 %, 124.69 W, 1980 MHz
2026/09/27 19:16:09.188, 7, 79641 MiB, 0 %, 120.47 W, 1980 MHz
2026/09/27 19:16:10.189, 0, 79641 MiB, 0 %, 176.87 W, 1980 MHz
2026/09/27 19:16:10.189, 1, 79641 MiB, 0 %, 126.97 W, 1980 MHz
2026/09/27 19:16:10.190, 2, 79641 MiB, 0 %, 124.65 W, 1980 MHz
2026/09/27 19:16:10.191, 3, 79641 MiB, 0 %, 122.50 W, 1980 MHz
2026/09/27 19:16:10.191, 4, 79641 MiB, 0 %, 121.27 W, 1980 MHz
2026/09/27 19:16:10.192, 5, 79641 MiB, 0 %, 123.32 W, 1980 MHz
2026/09/27 19:16:10.193, 6, 79641 MiB, 0 %, 124.59 W, 1980 MHz
2026/09/27 19:16:10.193, 7, 79641 MiB, 0 %, 120.28 W, 1980 MHz
2026/09/27 19:16:11.194, 0, 79641 MiB, 0 %, 176.67 W, 1980 MHz
2026/09/27 19:16:11.195, 1, 79641 MiB, 0 %, 126.80 W, 1980 MHz
2026/09/27 19:16:11.196, 2, 79641 MiB, 0 %, 124.51 W, 1980 MHz
2026/09/27 19:16:11.196, 3, 79641 MiB, 0 %, 122.33 W, 1980 MHz
2026/09/27 19:16:11.197, 4, 79641 MiB, 0 %, 121.22 W, 1980 MHz
2026/09/27 19:16:11.197, 5, 79641 MiB, 0 %, 122.43 W, 1980 MHz
2026/09/27 19:16:11.198, 6, 79641 MiB, 0 %, 124.39 W, 1980 MHz
2026/09/27 19:16:11.198, 7, 79641 MiB, 0 %, 120.17 W, 1980 MHz
2026/09/27 19:16:12.199, 0, 79641 MiB, 0 %, 176.48 W, 1980 MHz
2026/09/27 19:16:12.200, 1, 79641 MiB, 0 %, 126.61 W, 1980 MHz
2026/09/27 19:16:12.201, 2, 79641 MiB, 0 %, 124.34 W, 1980 MHz
2026/09/27 19:16:12.201, 3, 79641 MiB, 0 %, 122.27 W, 1980 MHz
2026/09/27 19:16:12.202, 4, 79641 MiB, 0 %, 121.10 W, 1980 MHz
2026/09/27 19:16:12.202, 5, 79641 MiB, 0 %, 122.28 W, 1980 MHz
2026/09/27 19:16:12.203, 6, 79641 MiB, 0 %, 124.24 W, 1980 MHz
2026/09/27 19:16:12.203, 7, 79641 MiB, 0 %, 120.06 W, 1980 MHz
2026/09/27 19:16:13.204, 0, 79641 MiB, 0 %, 176.31 W, 1980 MHz
2026/09/27 19:16:13.205, 1, 79641 MiB, 0 %, 126.43 W, 1980 MHz
2026/09/27 19:16:13.206, 2, 79641 MiB, 0 %, 124.58 W, 1980 MHz
2026/09/27 19:16:13.206, 3, 79641 MiB, 0 %, 122.14 W, 1980 MHz
2026/09/27 19:16:13.207, 4, 79641 MiB, 0 %, 121.01 W, 1980 MHz
2026/09/27 19:16:13.207, 5, 79641 MiB, 0 %, 122.05 W, 1980 MHz
2026/09/27 19:16:13.208, 6, 79641 MiB, 0 %, 124.08 W, 1980 MHz
2026/09/27 19:16:13.208, 7, 79641 MiB, 0 %, 119.95 W, 1980 MHz
2026/09/27 19:16:14.209, 0, 79641 MiB, 0 %, 176.13 W, 1980 MHz
2026/09/27 19:16:14.210, 1, 79641 MiB, 0 %, 126.24 W, 1980 MHz
2026/09/27 19:16:14.211, 2, 79641 MiB, 0 %, 124.69 W, 1980 MHz
2026/09/27 19:16:14.211, 3, 79641 MiB, 0 %, 122.11 W, 1980 MHz
2026/09/27 19:16:14.212, 4, 79641 MiB, 0 %, 120.88 W, 1980 MHz
2026/09/27 19:16:14.212, 5, 79641 MiB, 0 %, 121.96 W, 1980 MHz
2026/09/27 19:16:14.213, 6, 79641 MiB, 0 %, 123.92 W, 1980 MHz
2026/09/27 19:16:14.214, 7, 79641 MiB, 0 %, 119.89 W, 1980 MHz
2026/09/27 19:16:15.214, 0, 79641 MiB, 0 %, 175.99 W, 1980 MHz
2026/09/27 19:16:15.215, 1, 79641 MiB, 0 %, 126.04 W, 1980 MHz
2026/09/27 19:16:15.216, 2, 79641 MiB, 0 %, 124.51 W, 1980 MHz
2026/09/27 19:16:15.216, 3, 79641 MiB, 0 %, 122.00 W, 1980 MHz
2026/09/27 19:16:15.217, 4, 79641 MiB, 0 %, 120.80 W, 1980 MHz
2026/09/27 19:16:15.218, 5, 79641 MiB, 0 %, 121.83 W, 1980 MHz
2026/09/27 19:16:15.218, 6, 79641 MiB, 0 %, 123.77 W, 1980 MHz
2026/09/27 19:16:15.219, 7, 79641 MiB, 0 %, 119.83 W, 1980 MHz
2026/09/27 19:16:16.219, 0, 79641 MiB, 0 %, 175.85 W, 1980 MHz
2026/09/27 19:16:16.220, 1, 79641 MiB, 0 %, 125.88 W, 1980 MHz
2026/09/27 19:16:16.221, 2, 79641 MiB, 0 %, 124.37 W, 1980 MHz
2026/09/27 19:16:16.221, 3, 79641 MiB, 0 %, 121.96 W, 1980 MHz
2026/09/27 19:16:16.222, 4, 79641 MiB, 0 %, 120.68 W, 1980 MHz
2026/09/27 19:16:16.222, 5, 79641 MiB, 0 %, 121.74 W, 1980 MHz
2026/09/27 19:16:16.223, 6, 79641 MiB, 0 %, 123.58 W, 1980 MHz
2026/09/27 19:16:16.224, 7, 79641 MiB, 0 %, 119.66 W, 1980 MHz
2026/09/27 19:16:17.224, 0, 79641 MiB, 0 %, 175.73 W, 1980 MHz
2026/09/27 19:16:17.225, 1, 79641 MiB, 0 %, 125.79 W, 1980 MHz
2026/09/27 19:16:17.226, 2, 79641 MiB, 0 %, 124.26 W, 1980 MHz
2026/09/27 19:16:17.226, 3, 79641 MiB, 0 %, 121.83 W, 1980 MHz
2026/09/27 19:16:17.227, 4, 79641 MiB, 0 %, 120.67 W, 1980 MHz
2026/09/27 19:16:17.227, 5, 79641 MiB, 0 %, 121.57 W, 1980 MHz
2026/09/27 19:16:17.228, 6, 79641 MiB, 0 %, 123.51 W, 1980 MHz
2026/09/27 19:16:17.229, 7, 79641 MiB, 0 %, 119.61 W, 1980 MHz
2026/09/27 19:16:18.230, 0, 79641 MiB, 0 %, 175.54 W, 1980 MHz
2026/09/27 19:16:18.230, 1, 79641 MiB, 0 %, 125.67 W, 1980 MHz
2026/09/27 19:16:18.231, 2, 79641 MiB, 0 %, 124.09 W, 1980 MHz
2026/09/27 19:16:18.232, 3, 79641 MiB, 0 %, 121.74 W, 1980 MHz
2026/09/27 19:16:18.232, 4, 79641 MiB, 0 %, 120.60 W, 1980 MHz
2026/09/27 19:16:18.233, 5, 79641 MiB, 0 %, 121.43 W, 1980 MHz
2026/09/27 19:16:18.233, 6, 79641 MiB, 0 %, 122.53 W, 1980 MHz
2026/09/27 19:16:18.234, 7, 79641 MiB, 0 %, 119.51 W, 1980 MHz
2026/09/27 19:16:19.235, 0, 79641 MiB, 0 %, 175.49 W, 1980 MHz
2026/09/27 19:16:19.235, 1, 79641 MiB, 0 %, 125.51 W, 1980 MHz
2026/09/27 19:16:19.236, 2, 79641 MiB, 0 %, 123.92 W, 1980 MHz
2026/09/27 19:16:19.237, 3, 79641 MiB, 0 %, 121.71 W, 1980 MHz
2026/09/27 19:16:19.237, 4, 79641 MiB, 0 %, 120.52 W, 1980 MHz
2026/09/27 19:16:19.238, 5, 79641 MiB, 0 %, 121.34 W, 1980 MHz
2026/09/27 19:16:19.239, 6, 79641 MiB, 0 %, 122.27 W, 1980 MHz
2026/09/27 19:16:19.239, 7, 79641 MiB, 0 %, 119.45 W, 1980 MHz
2026/09/27 19:16:20.240, 0, 79641 MiB, 0 %, 175.34 W, 1980 MHz
2026/09/27 19:16:20.241, 1, 79641 MiB, 0 %, 125.38 W, 1980 MHz
2026/09/27 19:16:20.241, 2, 79641 MiB, 0 %, 123.87 W, 1980 MHz
2026/09/27 19:16:20.242, 3, 79641 MiB, 0 %, 121.62 W, 1980 MHz
2026/09/27 19:16:20.242, 4, 79641 MiB, 0 %, 120.50 W, 1980 MHz
2026/09/27 19:16:20.243, 5, 79641 MiB, 0 %, 121.28 W, 1980 MHz
2026/09/27 19:16:20.244, 6, 79641 MiB, 0 %, 122.50 W, 1980 MHz
2026/09/27 19:16:20.244, 7, 79641 MiB, 0 %, 119.39 W, 1980 MHz
2026/09/27 19:16:21.245, 0, 79641 MiB, 0 %, 175.27 W, 1980 MHz
2026/09/27 19:16:21.246, 1, 79641 MiB, 0 %, 125.23 W, 1980 MHz
2026/09/27 19:16:21.246, 2, 79641 MiB, 0 %, 123.69 W, 1980 MHz
2026/09/27 19:16:21.247, 3, 79641 MiB, 0 %, 121.58 W, 1980 MHz
2026/09/27 19:16:21.247, 4, 79641 MiB, 0 %, 120.39 W, 1980 MHz
2026/09/27 19:16:21.248, 5, 79641 MiB, 0 %, 121.12 W, 1980 MHz
2026/09/27 19:16:21.249, 6, 79641 MiB, 0 %, 122.42 W, 1980 MHz
2026/09/27 19:16:21.249, 7, 79641 MiB, 0 %, 119.33 W, 1980 MHz
2026/09/27 19:16:22.250, 0, 79641 MiB, 0 %, 175.15 W, 1980 MHz
2026/09/27 19:16:22.251, 1, 79641 MiB, 0 %, 125.09 W, 1980 MHz
2026/09/27 19:16:22.251, 2, 79641 MiB, 0 %, 123.65 W, 1980 MHz
2026/09/27 19:16:22.252, 3, 79641 MiB, 0 %, 121.57 W, 1980 MHz
2026/09/27 19:16:22.253, 4, 79641 MiB, 0 %, 120.32 W, 1980 MHz
2026/09/27 19:16:22.253, 5, 79641 MiB, 0 %, 121.06 W, 1980 MHz
2026/09/27 19:16:22.254, 6, 79641 MiB, 0 %, 122.33 W, 1980 MHz
2026/09/27 19:16:22.254, 7, 79641 MiB, 0 %, 119.32 W, 1980 MHz
2026/09/27 19:16:23.255, 0, 79641 MiB, 0 %, 175.03 W, 1980 MHz
2026/09/27 19:16:23.256, 1, 79641 MiB, 0 %, 125.02 W, 1980 MHz
2026/09/27 19:16:23.257, 2, 79641 MiB, 0 %, 123.02 W, 1980 MHz
2026/09/27 19:16:23.257, 3, 79641 MiB, 0 %, 121.46 W, 1980 MHz
2026/09/27 19:16:23.258, 4, 79641 MiB, 0 %, 120.27 W, 1980 MHz
2026/09/27 19:16:23.258, 5, 79641 MiB, 0 %, 121.04 W, 1980 MHz
2026/09/27 19:16:23.259, 6, 79641 MiB, 0 %, 122.30 W, 1980 MHz
2026/09/27 19:16:23.259, 7, 79641 MiB, 0 %, 119.14 W, 1980 MHz
2026/09/27 19:16:24.260, 0, 79641 MiB, 0 %, 174.91 W, 1980 MHz
2026/09/27 19:16:24.261, 1, 79641 MiB, 0 %, 124.89 W, 1980 MHz
2026/09/27 19:16:24.261, 2, 79641 MiB, 0 %, 122.61 W, 1980 MHz
2026/09/27 19:16:24.262, 3, 79641 MiB, 0 %, 121.34 W, 1980 MHz
2026/09/27 19:16:24.263, 4, 79641 MiB, 0 %, 120.15 W, 1980 MHz
2026/09/27 19:16:24.263, 5, 79641 MiB, 0 %, 120.94 W, 1980 MHz
2026/09/27 19:16:24.264, 6, 79641 MiB, 0 %, 122.17 W, 1980 MHz
2026/09/27 19:16:24.264, 7, 79641 MiB, 0 %, 119.05 W, 1980 MHz
2026/09/27 19:16:25.265, 0, 79641 MiB, 100 %, 517.90 W, 1980 MHz
2026/09/27 19:16:25.266, 1, 79641 MiB, 100 %, 440.36 W, 1980 MHz
2026/09/27 19:16:25.267, 2, 79641 MiB, 100 %, 430.64 W, 1980 MHz
2026/09/27 19:16:25.267, 3, 79641 MiB, 100 %, 448.43 W, 1980 MHz
2026/09/27 19:16:25.268, 4, 79641 MiB, 100 %, 432.00 W, 1980 MHz
2026/09/27 19:16:25.269, 5, 79641 MiB, 100 %, 432.44 W, 1980 MHz
2026/09/27 19:16:25.269, 6, 79641 MiB, 100 %, 462.23 W, 1980 MHz
2026/09/27 19:16:25.270, 7, 79641 MiB, 100 %, 440.99 W, 1980 MHz
2026/09/27 19:16:26.271, 0, 79641 MiB, 100 %, 602.55 W, 1980 MHz
2026/09/27 19:16:26.272, 1, 79641 MiB, 100 %, 526.04 W, 1980 MHz
2026/09/27 19:16:26.272, 2, 79641 MiB, 100 %, 529.03 W, 1980 MHz
2026/09/27 19:16:26.273, 3, 79641 MiB, 100 %, 529.00 W, 1980 MHz
2026/09/27 19:16:26.274, 4, 79641 MiB, 100 %, 516.05 W, 1980 MHz
2026/09/27 19:16:26.275, 5, 79641 MiB, 100 %, 537.99 W, 1980 MHz
2026/09/27 19:16:26.275, 6, 79641 MiB, 100 %, 538.86 W, 1980 MHz
2026/09/27 19:16:26.276, 7, 79641 MiB, 100 %, 518.37 W, 1980 MHz
2026/09/27 19:16:27.277, 0, 79641 MiB, 100 %, 621.90 W, 1980 MHz
2026/09/27 19:16:27.278, 1, 79641 MiB, 100 %, 543.08 W, 1980 MHz
2026/09/27 19:16:27.279, 2, 79641 MiB, 100 %, 538.68 W, 1980 MHz
2026/09/27 19:16:27.279, 3, 79641 MiB, 100 %, 540.35 W, 1980 MHz
2026/09/27 19:16:27.280, 4, 79641 MiB, 100 %, 534.01 W, 1980 MHz
2026/09/27 19:16:27.280, 5, 79641 MiB, 100 %, 562.19 W, 1980 MHz
2026/09/27 19:16:27.281, 6, 79641 MiB, 100 %, 554.08 W, 1980 MHz
2026/09/27 19:16:27.282, 7, 79641 MiB, 100 %, 534.99 W, 1980 MHz
2026/09/27 19:16:28.283, 0, 79641 MiB, 100 %, 593.33 W, 1965 MHz
2026/09/27 19:16:28.284, 1, 79641 MiB, 100 %, 547.50 W, 1980 MHz
2026/09/27 19:16:28.284, 2, 79641 MiB, 100 %, 528.38 W, 1980 MHz
2026/09/27 19:16:28.285, 3, 79641 MiB, 100 %, 527.57 W, 1980 MHz
2026/09/27 19:16:28.286, 4, 79641 MiB, 100 %, 525.91 W, 1980 MHz
2026/09/27 19:16:28.286, 5, 79641 MiB, 100 %, 557.65 W, 1980 MHz
2026/09/27 19:16:28.287, 6, 79641 MiB, 100 %, 545.23 W, 1980 MHz
2026/09/27 19:16:28.288, 7, 79641 MiB, 100 %, 525.79 W, 1980 MHz
2026/09/27 19:16:29.288, 0, 79641 MiB, 100 %, 603.26 W, 1980 MHz
2026/09/27 19:16:29.289, 1, 79641 MiB, 100 %, 537.66 W, 1980 MHz
2026/09/27 19:16:29.290, 2, 79641 MiB, 100 %, 523.62 W, 1980 MHz
2026/09/27 19:16:29.291, 3, 79641 MiB, 100 %, 536.74 W, 1980 MHz
2026/09/27 19:16:29.291, 4, 79641 MiB, 100 %, 522.42 W, 1980 MHz
2026/09/27 19:16:29.292, 5, 79641 MiB, 100 %, 542.64 W, 1980 MHz
2026/09/27 19:16:29.293, 6, 79641 MiB, 100 %, 555.45 W, 1980 MHz
2026/09/27 19:16:29.293, 7, 79641 MiB, 100 %, 516.38 W, 1980 MHz
2026/09/27 19:16:30.294, 0, 79641 MiB, 100 %, 591.61 W, 1965 MHz
2026/09/27 19:16:30.295, 1, 79641 MiB, 100 %, 557.46 W, 1980 MHz
2026/09/27 19:16:30.296, 2, 79641 MiB, 100 %, 535.92 W, 1980 MHz
2026/09/27 19:16:30.296, 3, 79641 MiB, 100 %, 536.47 W, 1980 MHz
2026/09/27 19:16:30.297, 4, 79641 MiB, 100 %, 536.68 W, 1980 MHz
2026/09/27 19:16:30.298, 5, 79641 MiB, 100 %, 545.88 W, 1980 MHz
2026/09/27 19:16:30.298, 6, 79641 MiB, 100 %, 544.65 W, 1980 MHz
2026/09/27 19:16:30.299, 7, 79641 MiB, 100 %, 526.28 W, 1980 MHz
2026/09/27 19:16:31.300, 0, 79641 MiB, 100 %, 583.09 W, 1860 MHz
2026/09/27 19:16:31.300, 1, 79641 MiB, 100 %, 545.30 W, 1980 MHz
2026/09/27 19:16:31.301, 2, 79641 MiB, 100 %, 534.91 W, 1980 MHz
2026/09/27 19:16:31.302, 3, 79641 MiB, 100 %, 540.71 W, 1980 MHz
2026/09/27 19:16:31.303, 4, 79641 MiB, 100 %, 528.12 W, 1980 MHz
2026/09/27 19:16:31.303, 5, 79641 MiB, 100 %, 552.14 W, 1980 MHz
2026/09/27 19:16:31.304, 6, 79641 MiB, 100 %, 551.30 W, 1980 MHz
2026/09/27 19:16:31.305, 7, 79641 MiB, 100 %, 524.34 W, 1980 MHz
2026/09/27 19:16:32.305, 0, 79641 MiB, 100 %, 568.07 W, 1905 MHz
2026/09/27 19:16:32.306, 1, 79641 MiB, 100 %, 534.41 W, 1980 MHz
2026/09/27 19:16:32.307, 2, 79641 MiB, 100 %, 525.42 W, 1980 MHz
2026/09/27 19:16:32.308, 3, 79641 MiB, 100 %, 533.31 W, 1980 MHz
2026/09/27 19:16:32.308, 4, 79641 MiB, 100 %, 521.27 W, 1980 MHz
2026/09/27 19:16:32.309, 5, 79641 MiB, 100 %, 545.20 W, 1980 MHz
2026/09/27 19:16:32.310, 6, 79641 MiB, 100 %, 546.86 W, 1980 MHz
2026/09/27 19:16:32.310, 7, 79641 MiB, 100 %, 516.92 W, 1980 MHz
2026/09/27 19:16:33.311, 0, 79641 MiB, 100 %, 574.65 W, 1860 MHz
2026/09/27 19:16:33.312, 1, 79641 MiB, 100 %, 537.10 W, 1980 MHz
2026/09/27 19:16:33.313, 2, 79641 MiB, 100 %, 531.82 W, 1980 MHz
2026/09/27 19:16:33.314, 3, 79641 MiB, 100 %, 531.48 W, 1980 MHz
2026/09/27 19:16:33.314, 4, 79641 MiB, 100 %, 526.38 W, 1980 MHz
2026/09/27 19:16:33.315, 5, 79641 MiB, 100 %, 541.24 W, 1980 MHz
2026/09/27 19:16:33.316, 6, 79641 MiB, 100 %, 540.49 W, 1980 MHz
2026/09/27 19:16:33.316, 7, 79641 MiB, 100 %, 520.45 W, 1980 MHz
2026/09/27 19:16:34.317, 0, 79641 MiB, 100 %, 581.23 W, 1830 MHz
2026/09/27 19:16:34.318, 1, 79641 MiB, 100 %, 542.25 W, 1980 MHz
2026/09/27 19:16:34.319, 2, 79641 MiB, 100 %, 542.50 W, 1980 MHz
2026/09/27 19:16:34.319, 3, 79641 MiB, 100 %, 540.77 W, 1980 MHz
2026/09/27 19:16:34.320, 4, 79641 MiB, 100 %, 529.79 W, 1980 MHz
2026/09/27 19:16:34.321, 5, 79641 MiB, 100 %, 556.31 W, 1980 MHz
2026/09/27 19:16:34.322, 6, 79641 MiB, 100 %, 562.32 W, 1980 MHz
2026/09/27 19:16:34.322, 7, 79641 MiB, 100 %, 529.17 W, 1980 MHz
2026/09/27 19:16:35.323, 0, 79641 MiB, 100 %, 583.77 W, 1890 MHz
2026/09/27 19:16:35.324, 1, 79641 MiB, 100 %, 547.64 W, 1980 MHz
2026/09/27 19:16:35.325, 2, 79641 MiB, 100 %, 540.73 W, 1980 MHz
2026/09/27 19:16:35.326, 3, 79641 MiB, 100 %, 540.41 W, 1980 MHz
2026/09/27 19:16:35.326, 4, 79641 MiB, 100 %, 526.14 W, 1980 MHz
2026/09/27 19:16:35.327, 5, 79641 MiB, 100 %, 551.84 W, 1980 MHz
2026/09/27 19:16:35.328, 6, 79641 MiB, 100 %, 554.73 W, 1980 MHz
2026/09/27 19:16:35.328, 7, 79641 MiB, 100 %, 530.96 W, 1980 MHz
2026/09/27 19:16:36.329, 0, 79641 MiB, 100 %, 589.17 W, 1935 MHz
2026/09/27 19:16:36.330, 1, 79641 MiB, 100 %, 538.39 W, 1980 MHz
2026/09/27 19:16:36.331, 2, 79641 MiB, 100 %, 536.46 W, 1980 MHz
2026/09/27 19:16:36.331, 3, 79641 MiB, 100 %, 532.77 W, 1980 MHz
2026/09/27 19:16:36.332, 4, 79641 MiB, 100 %, 528.43 W, 1980 MHz
2026/09/27 19:16:36.333, 5, 79641 MiB, 100 %, 550.64 W, 1980 MHz
2026/09/27 19:16:36.333, 6, 79641 MiB, 100 %, 540.27 W, 1980 MHz
2026/09/27 19:16:36.334, 7, 79641 MiB, 100 %, 525.03 W, 1980 MHz
2026/09/27 19:16:37.335, 0, 79641 MiB, 100 %, 589.28 W, 1860 MHz
2026/09/27 19:16:37.336, 1, 79641 MiB, 100 %, 554.86 W, 1980 MHz
2026/09/27 19:16:37.336, 2, 79641 MiB, 100 %, 556.83 W, 1980 MHz
2026/09/27 19:16:37.337, 3, 79641 MiB, 100 %, 550.92 W, 1980 MHz
2026/09/27 19:16:37.338, 4, 79641 MiB, 100 %, 531.26 W, 1980 MHz
2026/09/27 19:16:37.338, 5, 79641 MiB, 100 %, 554.79 W, 1980 MHz
2026/09/27 19:16:37.339, 6, 79641 MiB, 100 %, 556.25 W, 1980 MHz
2026/09/27 19:16:37.340, 7, 79641 MiB, 100 %, 535.81 W, 1980 MHz
2026/09/27 19:16:38.341, 0, 79641 MiB, 100 %, 567.66 W, 1890 MHz
2026/09/27 19:16:38.342, 1, 79641 MiB, 100 %, 545.45 W, 1980 MHz
2026/09/27 19:16:38.342, 2, 79641 MiB, 100 %, 551.59 W, 1980 MHz
2026/09/27 19:16:38.343, 3, 79641 MiB, 100 %, 540.00 W, 1980 MHz
2026/09/27 19:16:38.344, 4, 79641 MiB, 100 %, 527.48 W, 1980 MHz
2026/09/27 19:16:38.344, 5, 79641 MiB, 100 %, 550.89 W, 1980 MHz
2026/09/27 19:16:38.345, 6, 79641 MiB, 100 %, 553.43 W, 1980 MHz
2026/09/27 19:16:38.346, 7, 79641 MiB, 100 %, 538.90 W, 1980 MHz
2026/09/27 19:16:39.346, 0, 79641 MiB, 100 %, 548.66 W, 1830 MHz
2026/09/27 19:16:39.347, 1, 79641 MiB, 100 %, 524.89 W, 1980 MHz
2026/09/27 19:16:39.348, 2, 79641 MiB, 100 %, 526.45 W, 1980 MHz
2026/09/27 19:16:39.349, 3, 79641 MiB, 100 %, 519.81 W, 1980 MHz
2026/09/27 19:16:39.349, 4, 79641 MiB, 100 %, 514.20 W, 1980 MHz
2026/09/27 19:16:39.350, 5, 79641 MiB, 100 %, 533.74 W, 1980 MHz
2026/09/27 19:16:39.351, 6, 79641 MiB, 100 %, 535.90 W, 1980 MHz
2026/09/27 19:16:39.351, 7, 79641 MiB, 100 %, 518.80 W, 1980 MHz
2026/09/27 19:16:40.352, 0, 79641 MiB, 100 %, 539.68 W, 1755 MHz
2026/09/27 19:16:40.353, 1, 79641 MiB, 100 %, 536.55 W, 1980 MHz
2026/09/27 19:16:40.354, 2, 79641 MiB, 100 %, 539.81 W, 1980 MHz
2026/09/27 19:16:40.354, 3, 79641 MiB, 100 %, 524.53 W, 1980 MHz
2026/09/27 19:16:40.355, 4, 79641 MiB, 100 %, 521.41 W, 1980 MHz
2026/09/27 19:16:40.356, 5, 79641 MiB, 100 %, 544.07 W, 1980 MHz
2026/09/27 19:16:40.356, 6, 79641 MiB, 100 %, 550.70 W, 1980 MHz
2026/09/27 19:16:40.357, 7, 79641 MiB, 100 %, 529.59 W, 1980 MHz
2026/09/27 19:16:41.357, 0, 79641 MiB, 100 %, 555.79 W, 1830 MHz
2026/09/27 19:16:41.359, 1, 79641 MiB, 100 %, 540.07 W, 1980 MHz
2026/09/27 19:16:41.359, 2, 79641 MiB, 100 %, 540.71 W, 1980 MHz
2026/09/27 19:16:41.360, 3, 79641 MiB, 100 %, 538.26 W, 1980 MHz
2026/09/27 19:16:41.360, 4, 79641 MiB, 100 %, 523.29 W, 1980 MHz
2026/09/27 19:16:41.361, 5, 79641 MiB, 100 %, 550.63 W, 1980 MHz
2026/09/27 19:16:41.362, 6, 79641 MiB, 100 %, 556.07 W, 1980 MHz
2026/09/27 19:16:41.362, 7, 79641 MiB, 100 %, 533.09 W, 1980 MHz
2026/09/27 19:16:42.363, 0, 79641 MiB, 100 %, 557.91 W, 1830 MHz
2026/09/27 19:16:42.364, 1, 79641 MiB, 100 %, 545.72 W, 1980 MHz
2026/09/27 19:16:42.364, 2, 79641 MiB, 100 %, 534.22 W, 1980 MHz
2026/09/27 19:16:42.365, 3, 79641 MiB, 100 %, 534.36 W, 1980 MHz
2026/09/27 19:16:42.366, 4, 79641 MiB, 100 %, 529.38 W, 1980 MHz
2026/09/27 19:16:42.367, 5, 79641 MiB, 100 %, 543.74 W, 1980 MHz
2026/09/27 19:16:42.367, 6, 79641 MiB, 100 %, 548.09 W, 1980 MHz
2026/09/27 19:16:42.368, 7, 79641 MiB, 100 %, 530.42 W, 1980 MHz
2026/09/27 19:16:43.369, 0, 79641 MiB, 100 %, 548.17 W, 1875 MHz
2026/09/27 19:16:43.370, 1, 79641 MiB, 100 %, 540.92 W, 1980 MHz
2026/09/27 19:16:43.370, 2, 79641 MiB, 100 %, 534.32 W, 1980 MHz
2026/09/27 19:16:43.371, 3, 79641 MiB, 100 %, 527.47 W, 1980 MHz
2026/09/27 19:16:43.371, 4, 79641 MiB, 100 %, 524.61 W, 1980 MHz
2026/09/27 19:16:43.372, 5, 79641 MiB, 100 %, 542.71 W, 1980 MHz
2026/09/27 19:16:43.373, 6, 79641 MiB, 100 %, 539.07 W, 1980 MHz
2026/09/27 19:16:43.373, 7, 79641 MiB, 100 %, 528.81 W, 1980 MHz
2026/09/27 19:16:44.374, 0, 79641 MiB, 100 %, 527.52 W, 1785 MHz
2026/09/27 19:16:44.375, 1, 79641 MiB, 100 %, 531.83 W, 1980 MHz
2026/09/27 19:16:44.376, 2, 79641 MiB, 100 %, 528.85 W, 1980 MHz
2026/09/27 19:16:44.376, 3, 79641 MiB, 100 %, 523.98 W, 1980 MHz
2026/09/27 19:16:44.377, 4, 79641 MiB, 100 %, 515.47 W, 1980 MHz
2026/09/27 19:16:44.377, 5, 79641 MiB, 100 %, 541.07 W, 1980 MHz
2026/09/27 19:16:44.378, 6, 79641 MiB, 100 %, 546.15 W, 1980 MHz
2026/09/27 19:16:44.379, 7, 79641 MiB, 100 %, 525.99 W, 1980 MHz
2026/09/27 19:16:45.380, 0, 79641 MiB, 100 %, 543.95 W, 1875 MHz
2026/09/27 19:16:45.380, 1, 79641 MiB, 100 %, 545.53 W, 1980 MHz
2026/09/27 19:16:45.381, 2, 79641 MiB, 100 %, 534.26 W, 1980 MHz
2026/09/27 19:16:45.382, 3, 79641 MiB, 100 %, 541.13 W, 1980 MHz
2026/09/27 19:16:45.382, 4, 79641 MiB, 100 %, 529.49 W, 1980 MHz
2026/09/27 19:16:45.383, 5, 79641 MiB, 100 %, 548.55 W, 1980 MHz
2026/09/27 19:16:45.384, 6, 79641 MiB, 100 %, 557.81 W, 1980 MHz
2026/09/27 19:16:45.384, 7, 79641 MiB, 100 %, 531.50 W, 1980 MHz
2026/09/27 19:16:46.385, 0, 79641 MiB, 100 %, 524.85 W, 1695 MHz
2026/09/27 19:16:46.386, 1, 79641 MiB, 100 %, 539.19 W, 1980 MHz
2026/09/27 19:16:46.387, 2, 79641 MiB, 100 %, 533.60 W, 1980 MHz
2026/09/27 19:16:46.387, 3, 79641 MiB, 100 %, 528.46 W, 1980 MHz
2026/09/27 19:16:46.388, 4, 79641 MiB, 100 %, 513.27 W, 1980 MHz
2026/09/27 19:16:46.388, 5, 79641 MiB, 100 %, 534.42 W, 1980 MHz
2026/09/27 19:16:46.389, 6, 79641 MiB, 100 %, 532.77 W, 1980 MHz
2026/09/27 19:16:46.390, 7, 79641 MiB, 100 %, 526.66 W, 1980 MHz
2026/09/27 19:16:47.390, 0, 79641 MiB, 100 %, 526.31 W, 1755 MHz
2026/09/27 19:16:47.391, 1, 79641 MiB, 100 %, 537.97 W, 1980 MHz
2026/09/27 19:16:47.392, 2, 79641 MiB, 100 %, 529.78 W, 1980 MHz
2026/09/27 19:16:47.393, 3, 79641 MiB, 100 %, 529.56 W, 1980 MHz
2026/09/27 19:16:47.393, 4, 79641 MiB, 100 %, 519.58 W, 1980 MHz
2026/09/27 19:16:47.394, 5, 79641 MiB, 100 %, 537.15 W, 1980 MHz
2026/09/27 19:16:47.394, 6, 79641 MiB, 100 %, 541.68 W, 1980 MHz
2026/09/27 19:16:47.395, 7, 79641 MiB, 100 %, 520.35 W, 1980 MHz
2026/09/27 19:16:48.396, 0, 79641 MiB, 100 %, 529.55 W, 1590 MHz
2026/09/27 19:16:48.397, 1, 79641 MiB, 100 %, 540.79 W, 1980 MHz
2026/09/27 19:16:48.397, 2, 79641 MiB, 100 %, 544.33 W, 1980 MHz
2026/09/27 19:16:48.398, 3, 79641 MiB, 100 %, 533.32 W, 1980 MHz
2026/09/27 19:16:48.398, 4, 79641 MiB, 100 %, 523.72 W, 1980 MHz
2026/09/27 19:16:48.399, 5, 79641 MiB, 100 %, 542.95 W, 1980 MHz
2026/09/27 19:16:48.400, 6, 79641 MiB, 100 %, 554.56 W, 1980 MHz
2026/09/27 19:16:48.400, 7, 79641 MiB, 100 %, 532.37 W, 1980 MHz
2026/09/27 19:16:49.401, 0, 79641 MiB, 100 %, 504.50 W, 1695 MHz
2026/09/27 19:16:49.402, 1, 79641 MiB, 100 %, 538.98 W, 1980 MHz
2026/09/27 19:16:49.403, 2, 79641 MiB, 100 %, 526.66 W, 1980 MHz
2026/09/27 19:16:49.403, 3, 79641 MiB, 100 %, 527.66 W, 1980 MHz
2026/09/27 19:16:49.404, 4, 79641 MiB, 100 %, 516.29 W, 1980 MHz
2026/09/27 19:16:49.405, 5, 79641 MiB, 100 %, 533.10 W, 1980 MHz
2026/09/27 19:16:49.405, 6, 79641 MiB, 100 %, 540.34 W, 1980 MHz
2026/09/27 19:16:49.406, 7, 79641 MiB, 100 %, 524.16 W, 1980 MHz
2026/09/27 19:16:50.406, 0, 79641 MiB, 100 %, 516.81 W, 1665 MHz
2026/09/27 19:16:50.407, 1, 79641 MiB, 100 %, 522.84 W, 1980 MHz
2026/09/27 19:16:50.408, 2, 79641 MiB, 100 %, 525.14 W, 1980 MHz
2026/09/27 19:16:50.409, 3, 79641 MiB, 100 %, 511.17 W, 1980 MHz
2026/09/27 19:16:50.409, 4, 79641 MiB, 100 %, 504.63 W, 1980 MHz
2026/09/27 19:16:50.410, 5, 79641 MiB, 100 %, 541.28 W, 1980 MHz
2026/09/27 19:16:50.411, 6, 79641 MiB, 100 %, 540.93 W, 1980 MHz
2026/09/27 19:16:50.411, 7, 79641 MiB, 100 %, 517.13 W, 1980 MHz
2026/09/27 19:16:51.412, 0, 79641 MiB, 100 %, 542.43 W, 1650 MHz
2026/09/27 19:16:51.413, 1, 79641 MiB, 100 %, 540.58 W, 1980 MHz
2026/09/27 19:16:51.413, 2, 79641 MiB, 100 %, 540.45 W, 1980 MHz
2026/09/27 19:16:51.414, 3, 79641 MiB, 100 %, 532.93 W, 1980 MHz
2026/09/27 19:16:51.415, 4, 79641 MiB, 100 %, 527.48 W, 1980 MHz
2026/09/27 19:16:51.415, 5, 79641 MiB, 100 %, 546.96 W, 1980 MHz
2026/09/27 19:16:51.416, 6, 79641 MiB, 100 %, 549.79 W, 1980 MHz
2026/09/27 19:16:51.416, 7, 79641 MiB, 100 %, 526.99 W, 1980 MHz
2026/09/27 19:16:52.417, 0, 79641 MiB, 100 %, 527.27 W, 1575 MHz
2026/09/27 19:16:52.418, 1, 79641 MiB, 100 %, 548.75 W, 1980 MHz
2026/09/27 19:16:52.421, 2, 79641 MiB, 100 %, 543.08 W, 1980 MHz
2026/09/27 19:16:52.422, 3, 79641 MiB, 100 %, 545.96 W, 1980 MHz
2026/09/27 19:16:52.423, 4, 79641 MiB, 100 %, 529.05 W, 1980 MHz
2026/09/27 19:16:52.425, 5, 79641 MiB, 100 %, 549.47 W, 1980 MHz
2026/09/27 19:16:52.426, 6, 79641 MiB, 100 %, 551.54 W, 1980 MHz
2026/09/27 19:16:52.426, 7, 79641 MiB, 100 %, 536.28 W, 1980 MHz
2026/09/27 19:16:53.428, 0, 79641 MiB, 100 %, 396.84 W, 1980 MHz
2026/09/27 19:16:53.428, 1, 79641 MiB, 100 %, 332.36 W, 1980 MHz
2026/09/27 19:16:53.429, 2, 79641 MiB, 100 %, 342.20 W, 1980 MHz
2026/09/27 19:16:53.430, 3, 79641 MiB, 100 %, 338.19 W, 1980 MHz
2026/09/27 19:16:53.430, 4, 79641 MiB, 100 %, 321.22 W, 1980 MHz
2026/09/27 19:16:53.431, 5, 79641 MiB, 100 %, 324.57 W, 1980 MHz
2026/09/27 19:16:53.432, 6, 79641 MiB, 100 %, 346.84 W, 1980 MHz
2026/09/27 19:16:53.432, 7, 79641 MiB, 100 %, 343.61 W, 1980 MHz
2026/09/27 19:16:54.433, 0, 79641 MiB, 100 %, 393.49 W, 1980 MHz
2026/09/27 19:16:54.435, 1, 79641 MiB, 100 %, 331.88 W, 1980 MHz
2026/09/27 19:16:54.436, 2, 79641 MiB, 100 %, 330.71 W, 1980 MHz
2026/09/27 19:16:54.437, 3, 79641 MiB, 100 %, 322.73 W, 1980 MHz
2026/09/27 19:16:54.439, 4, 79641 MiB, 100 %, 323.63 W, 1980 MHz
2026/09/27 19:16:54.440, 5, 79641 MiB, 100 %, 322.13 W, 1980 MHz
2026/09/27 19:16:54.441, 6, 79641 MiB, 100 %, 336.21 W, 1980 MHz
2026/09/27 19:16:54.443, 7, 79641 MiB, 100 %, 317.45 W, 1980 MHz
2026/09/27 19:16:55.444, 0, 79641 MiB, 100 %, 509.26 W, 1830 MHz
2026/09/27 19:16:55.445, 1, 79641 MiB, 100 %, 496.53 W, 1980 MHz
2026/09/27 19:16:55.446, 2, 79641 MiB, 100 %, 469.54 W, 1980 MHz
2026/09/27 19:16:55.447, 3, 79641 MiB, 100 %, 465.73 W, 1980 MHz
2026/09/27 19:16:55.447, 4, 79641 MiB, 100 %, 477.02 W, 1980 MHz
2026/09/27 19:16:55.448, 5, 79641 MiB, 100 %, 481.53 W, 1980 MHz
2026/09/27 19:16:55.449, 6, 79641 MiB, 100 %, 471.44 W, 1980 MHz
2026/09/27 19:16:55.449, 7, 79641 MiB, 100 %, 477.76 W, 1980 MHz
2026/09/27 19:16:56.450, 0, 79641 MiB, 100 %, 546.67 W, 1860 MHz
2026/09/27 19:16:56.451, 1, 79641 MiB, 100 %, 536.06 W, 1980 MHz
2026/09/27 19:16:56.452, 2, 79641 MiB, 100 %, 535.05 W, 1980 MHz
2026/09/27 19:16:56.452, 3, 79641 MiB, 100 %, 531.47 W, 1980 MHz
2026/09/27 19:16:56.453, 4, 79641 MiB, 100 %, 517.49 W, 1980 MHz
2026/09/27 19:16:56.453, 5, 79641 MiB, 100 %, 535.85 W, 1980 MHz
2026/09/27 19:16:56.454, 6, 79641 MiB, 100 %, 537.03 W, 1980 MHz
2026/09/27 19:16:56.455, 7, 79641 MiB, 100 %, 518.51 W, 1980 MHz
2026/09/27 19:16:57.455, 0, 79641 MiB, 100 %, 560.68 W, 1965 MHz
2026/09/27 19:16:57.456, 1, 79641 MiB, 100 %, 546.01 W, 1980 MHz
2026/09/27 19:16:57.457, 2, 79641 MiB, 100 %, 536.56 W, 1980 MHz
2026/09/27 19:16:57.457, 3, 79641 MiB, 100 %, 537.10 W, 1980 MHz
2026/09/27 19:16:57.458, 4, 79641 MiB, 100 %, 531.68 W, 1980 MHz
2026/09/27 19:16:57.459, 5, 79641 MiB, 100 %, 544.94 W, 1980 MHz
2026/09/27 19:16:57.459, 6, 79641 MiB, 100 %, 554.56 W, 1980 MHz
2026/09/27 19:16:57.460, 7, 79641 MiB, 100 %, 536.43 W, 1980 MHz
2026/09/27 19:16:58.461, 0, 79641 MiB, 100 %, 506.25 W, 1560 MHz
2026/09/27 19:16:58.462, 1, 79641 MiB, 100 %, 540.45 W, 1980 MHz
2026/09/27 19:16:58.462, 2, 79641 MiB, 100 %, 536.32 W, 1980 MHz
2026/09/27 19:16:58.463, 3, 79641 MiB, 100 %, 528.81 W, 1980 MHz
2026/09/27 19:16:58.464, 4, 79641 MiB, 100 %, 525.15 W, 1980 MHz
2026/09/27 19:16:58.464, 5, 79641 MiB, 100 %, 550.70 W, 1980 MHz
2026/09/27 19:16:58.465, 6, 79641 MiB, 100 %, 556.25 W, 1980 MHz
2026/09/27 19:16:58.466, 7, 79641 MiB, 100 %, 528.80 W, 1980 MHz
2026/09/27 19:16:59.466, 0, 79641 MiB, 100 %, 568.78 W, 1875 MHz
2026/09/27 19:16:59.467, 1, 79641 MiB, 100 %, 539.53 W, 1980 MHz
2026/09/27 19:16:59.468, 2, 79641 MiB, 100 %, 533.13 W, 1980 MHz
2026/09/27 19:16:59.468, 3, 79641 MiB, 100 %, 529.57 W, 1980 MHz
2026/09/27 19:16:59.469, 4, 79641 MiB, 100 %, 524.06 W, 1980 MHz
2026/09/27 19:16:59.470, 5, 79641 MiB, 100 %, 550.57 W, 1980 MHz
2026/09/27 19:16:59.470, 6, 79641 MiB, 100 %, 543.82 W, 1980 MHz
2026/09/27 19:16:59.471, 7, 79641 MiB, 100 %, 526.10 W, 1980 MHz
2026/09/27 19:17:00.472, 0, 79641 MiB, 100 %, 545.84 W, 1710 MHz
2026/09/27 19:17:00.472, 1, 79641 MiB, 100 %, 547.68 W, 1980 MHz
2026/09/27 19:17:00.473, 2, 79641 MiB, 100 %, 526.80 W, 1980 MHz
2026/09/27 19:17:00.474, 3, 79641 MiB, 100 %, 534.47 W, 1980 MHz
2026/09/27 19:17:00.474, 4, 79641 MiB, 100 %, 526.80 W, 1980 MHz
2026/09/27 19:17:00.475, 5, 79641 MiB, 100 %, 548.90 W, 1980 MHz
2026/09/27 19:17:00.476, 6, 79641 MiB, 100 %, 551.76 W, 1980 MHz
2026/09/27 19:17:00.476, 7, 79641 MiB, 100 %, 525.54 W, 1980 MHz
2026/09/27 19:17:01.477, 0, 79641 MiB, 100 %, 535.09 W, 1620 MHz
2026/09/27 19:17:01.478, 1, 79641 MiB, 100 %, 559.42 W, 1980 MHz
2026/09/27 19:17:01.478, 2, 79641 MiB, 100 %, 539.98 W, 1980 MHz
2026/09/27 19:17:01.479, 3, 79641 MiB, 100 %, 545.92 W, 1980 MHz
2026/09/27 19:17:01.480, 4, 79641 MiB, 100 %, 531.21 W, 1980 MHz
2026/09/27 19:17:01.480, 5, 79641 MiB, 100 %, 551.36 W, 1980 MHz
2026/09/27 19:17:01.481, 6, 79641 MiB, 100 %, 553.97 W, 1980 MHz
2026/09/27 19:17:01.481, 7, 79641 MiB, 100 %, 533.06 W, 1980 MHz
2026/09/27 19:17:02.482, 0, 79641 MiB, 100 %, 526.87 W, 1755 MHz
2026/09/27 19:17:02.483, 1, 79641 MiB, 100 %, 536.10 W, 1980 MHz
2026/09/27 19:17:02.484, 2, 79641 MiB, 100 %, 535.83 W, 1980 MHz
2026/09/27 19:17:02.485, 3, 79641 MiB, 100 %, 523.67 W, 1980 MHz
2026/09/27 19:17:02.485, 4, 79641 MiB, 100 %, 516.84 W, 1980 MHz
2026/09/27 19:17:02.486, 5, 79641 MiB, 100 %, 537.11 W, 1980 MHz
2026/09/27 19:17:02.487, 6, 79641 MiB, 100 %, 539.34 W, 1980 MHz
2026/09/27 19:17:02.487, 7, 79641 MiB, 100 %, 517.52 W, 1980 MHz
2026/09/27 19:17:03.488, 0, 79641 MiB, 100 %, 537.58 W, 1785 MHz
2026/09/27 19:17:03.489, 1, 79641 MiB, 100 %, 535.27 W, 1980 MHz
2026/09/27 19:17:03.490, 2, 79641 MiB, 100 %, 525.08 W, 1980 MHz
2026/09/27 19:17:03.491, 3, 79641 MiB, 100 %, 527.89 W, 1980 MHz
2026/09/27 19:17:03.492, 4, 79641 MiB, 100 %, 522.01 W, 1980 MHz
2026/09/27 19:17:03.492, 5, 79641 MiB, 100 %, 543.84 W, 1980 MHz
2026/09/27 19:17:03.493, 6, 79641 MiB, 100 %, 546.04 W, 1980 MHz
2026/09/27 19:17:03.494, 7, 79641 MiB, 100 %, 529.40 W, 1980 MHz
2026/09/27 19:17:04.495, 0, 79641 MiB, 100 %, 517.85 W, 1530 MHz
2026/09/27 19:17:04.496, 1, 79641 MiB, 100 %, 551.67 W, 1980 MHz
2026/09/27 19:17:04.496, 2, 79641 MiB, 100 %, 539.32 W, 1980 MHz
2026/09/27 19:17:04.497, 3, 79641 MiB, 100 %, 538.40 W, 1980 MHz
2026/09/27 19:17:04.498, 4, 79641 MiB, 100 %, 524.09 W, 1980 MHz
2026/09/27 19:17:04.498, 5, 79641 MiB, 100 %, 541.08 W, 1980 MHz
2026/09/27 19:17:04.499, 6, 79641 MiB, 100 %, 545.71 W, 1980 MHz
2026/09/27 19:17:04.500, 7, 79641 MiB, 100 %, 532.34 W, 1980 MHz
2026/09/27 19:17:05.501, 0, 79641 MiB, 100 %, 502.34 W, 1770 MHz
2026/09/27 19:17:05.501, 1, 79641 MiB, 100 %, 534.99 W, 1980 MHz
2026/09/27 19:17:05.502, 2, 79641 MiB, 100 %, 541.11 W, 1980 MHz
2026/09/27 19:17:05.503, 3, 79641 MiB, 100 %, 532.90 W, 1980 MHz
2026/09/27 19:17:05.503, 4, 79641 MiB, 100 %, 517.44 W, 1980 MHz
2026/09/27 19:17:05.504, 5, 79641 MiB, 100 %, 534.58 W, 1980 MHz
2026/09/27 19:17:05.505, 6, 79641 MiB, 100 %, 543.88 W, 1980 MHz
2026/09/27 19:17:05.505, 7, 79641 MiB, 100 %, 526.15 W, 1980 MHz
2026/09/27 19:17:06.506, 0, 79641 MiB, 100 %, 510.92 W, 1575 MHz
2026/09/27 19:17:06.507, 1, 79641 MiB, 100 %, 532.08 W, 1980 MHz
2026/09/27 19:17:06.508, 2, 79641 MiB, 100 %, 518.32 W, 1980 MHz
2026/09/27 19:17:06.509, 3, 79641 MiB, 100 %, 518.56 W, 1980 MHz
2026/09/27 19:17:06.509, 4, 79641 MiB, 100 %, 511.73 W, 1980 MHz
2026/09/27 19:17:06.510, 5, 79641 MiB, 100 %, 537.21 W, 1980 MHz
2026/09/27 19:17:06.511, 6, 79641 MiB, 100 %, 538.54 W, 1980 MHz
2026/09/27 19:17:06.511, 7, 79641 MiB, 100 %, 515.71 W, 1980 MHz
2026/09/27 19:17:07.512, 0, 79641 MiB, 100 %, 520.92 W, 1560 MHz
2026/09/27 19:17:07.513, 1, 79641 MiB, 100 %, 540.63 W, 1980 MHz
2026/09/27 19:17:07.514, 2, 79641 MiB, 100 %, 541.65 W, 1980 MHz
2026/09/27 19:17:07.514, 3, 79641 MiB, 100 %, 525.95 W, 1980 MHz
2026/09/27 19:17:07.515, 4, 79641 MiB, 100 %, 516.64 W, 1980 MHz
2026/09/27 19:17:07.515, 5, 79641 MiB, 100 %, 549.52 W, 1980 MHz
2026/09/27 19:17:07.516, 6, 79641 MiB, 100 %, 547.90 W, 1980 MHz
2026/09/27 19:17:07.517, 7, 79641 MiB, 100 %, 528.94 W, 1980 MHz
2026/09/27 19:17:08.517, 0, 79641 MiB, 100 %, 522.18 W, 1800 MHz
2026/09/27 19:17:08.518, 1, 79641 MiB, 100 %, 549.31 W, 1980 MHz
2026/09/27 19:17:08.519, 2, 79641 MiB, 100 %, 540.00 W, 1980 MHz
2026/09/27 19:17:08.520, 3, 79641 MiB, 100 %, 532.95 W, 1980 MHz
2026/09/27 19:17:08.520, 4, 79641 MiB, 100 %, 530.50 W, 1980 MHz
2026/09/27 19:17:08.521, 5, 79641 MiB, 100 %, 547.86 W, 1980 MHz
2026/09/27 19:17:08.521, 6, 79641 MiB, 100 %, 545.16 W, 1980 MHz
2026/09/27 19:17:08.522, 7, 79641 MiB, 100 %, 533.64 W, 1980 MHz
2026/09/27 19:17:09.523, 0, 79641 MiB, 100 %, 538.18 W, 1845 MHz
2026/09/27 19:17:09.524, 1, 79641 MiB, 100 %, 541.76 W, 1980 MHz
2026/09/27 19:17:09.524, 2, 79641 MiB, 100 %, 526.94 W, 1980 MHz
2026/09/27 19:17:09.525, 3, 79641 MiB, 100 %, 526.79 W, 1980 MHz
2026/09/27 19:17:09.526, 4, 79641 MiB, 100 %, 523.39 W, 1980 MHz
2026/09/27 19:17:09.526, 5, 79641 MiB, 100 %, 542.11 W, 1980 MHz
2026/09/27 19:17:09.527, 6, 79641 MiB, 100 %, 544.53 W, 1980 MHz
2026/09/27 19:17:09.528, 7, 79641 MiB, 100 %, 530.05 W, 1980 MHz
2026/09/27 19:17:10.528, 0, 79641 MiB, 100 %, 530.11 W, 1830 MHz
2026/09/27 19:17:10.529, 1, 79641 MiB, 100 %, 536.96 W, 1980 MHz
2026/09/27 19:17:10.530, 2, 79641 MiB, 100 %, 540.54 W, 1980 MHz
2026/09/27 19:17:10.531, 3, 79641 MiB, 100 %, 523.84 W, 1980 MHz
2026/09/27 19:17:10.531, 4, 79641 MiB, 100 %, 514.09 W, 1980 MHz
2026/09/27 19:17:10.532, 5, 79641 MiB, 100 %, 548.57 W, 1980 MHz
2026/09/27 19:17:10.533, 6, 79641 MiB, 100 %, 550.60 W, 1980 MHz
2026/09/27 19:17:10.533, 7, 79641 MiB, 100 %, 525.86 W, 1980 MHz
2026/09/27 19:17:11.534, 0, 79641 MiB, 100 %, 512.41 W, 1725 MHz
2026/09/27 19:17:11.535, 1, 79641 MiB, 100 %, 534.79 W, 1980 MHz
2026/09/27 19:17:11.536, 2, 79641 MiB, 100 %, 543.96 W, 1980 MHz
2026/09/27 19:17:11.536, 3, 79641 MiB, 100 %, 524.03 W, 1980 MHz
2026/09/27 19:17:11.537, 4, 79641 MiB, 100 %, 515.18 W, 1980 MHz
2026/09/27 19:17:11.537, 5, 79641 MiB, 100 %, 542.71 W, 1980 MHz
2026/09/27 19:17:11.538, 6, 79641 MiB, 100 %, 543.71 W, 1980 MHz
2026/09/27 19:17:11.539, 7, 79641 MiB, 100 %, 531.27 W, 1980 MHz
2026/09/27 19:17:12.539, 0, 79641 MiB, 100 %, 526.88 W, 1755 MHz
2026/09/27 19:17:12.540, 1, 79641 MiB, 100 %, 542.91 W, 1980 MHz
2026/09/27 19:17:12.541, 2, 79641 MiB, 100 %, 539.38 W, 1980 MHz
2026/09/27 19:17:12.542, 3, 79641 MiB, 100 %, 536.20 W, 1980 MHz
2026/09/27 19:17:12.542, 4, 79641 MiB, 100 %, 531.97 W, 1980 MHz
2026/09/27 19:17:12.543, 5, 79641 MiB, 100 %, 548.95 W, 1980 MHz
2026/09/27 19:17:12.544, 6, 79641 MiB, 100 %, 552.59 W, 1980 MHz
2026/09/27 19:17:12.544, 7, 79641 MiB, 100 %, 532.83 W, 1980 MHz
2026/09/27 19:17:13.545, 0, 79641 MiB, 100 %, 543.87 W, 1800 MHz
2026/09/27 19:17:13.546, 1, 79641 MiB, 100 %, 541.96 W, 1980 MHz
2026/09/27 19:17:13.546, 2, 79641 MiB, 100 %, 534.05 W, 1980 MHz
2026/09/27 19:17:13.547, 3, 79641 MiB, 100 %, 528.93 W, 1980 MHz
2026/09/27 19:17:13.548, 4, 79641 MiB, 100 %, 526.69 W, 1980 MHz
2026/09/27 19:17:13.548, 5, 79641 MiB, 100 %, 544.22 W, 1980 MHz
2026/09/27 19:17:13.549, 6, 79641 MiB, 100 %, 542.14 W, 1980 MHz
2026/09/27 19:17:13.549, 7, 79641 MiB, 100 %, 522.66 W, 1980 MHz
2026/09/27 19:17:14.550, 0, 79641 MiB, 100 %, 549.68 W, 1935 MHz
2026/09/27 19:17:14.551, 1, 79641 MiB, 100 %, 543.56 W, 1980 MHz
2026/09/27 19:17:14.552, 2, 79641 MiB, 100 %, 535.72 W, 1980 MHz
2026/09/27 19:17:14.552, 3, 79641 MiB, 100 %, 537.74 W, 1980 MHz
2026/09/27 19:17:14.553, 4, 79641 MiB, 100 %, 523.38 W, 1980 MHz
2026/09/27 19:17:14.554, 5, 79641 MiB, 100 %, 547.62 W, 1980 MHz
2026/09/27 19:17:14.554, 6, 79641 MiB, 100 %, 547.28 W, 1980 MHz
2026/09/27 19:17:14.555, 7, 79641 MiB, 100 %, 532.51 W, 1980 MHz
2026/09/27 19:17:15.556, 0, 79641 MiB, 100 %, 523.52 W, 1530 MHz
2026/09/27 19:17:15.556, 1, 79641 MiB, 100 %, 543.42 W, 1980 MHz
2026/09/27 19:17:15.557, 2, 79641 MiB, 100 %, 539.46 W, 1980 MHz
2026/09/27 19:17:15.558, 3, 79641 MiB, 100 %, 533.87 W, 1980 MHz
2026/09/27 19:17:15.558, 4, 79641 MiB, 100 %, 529.62 W, 1980 MHz
2026/09/27 19:17:15.559, 5, 79641 MiB, 100 %, 550.18 W, 1980 MHz
2026/09/27 19:17:15.560, 6, 79641 MiB, 100 %, 548.26 W, 1980 MHz
2026/09/27 19:17:15.560, 7, 79641 MiB, 100 %, 529.73 W, 1980 MHz
2026/09/27 19:17:16.561, 0, 79641 MiB, 100 %, 515.75 W, 1665 MHz
2026/09/27 19:17:16.562, 1, 79641 MiB, 100 %, 542.99 W, 1980 MHz
2026/09/27 19:17:16.563, 2, 79641 MiB, 100 %, 532.61 W, 1980 MHz
2026/09/27 19:17:16.564, 3, 79641 MiB, 100 %, 533.49 W, 1980 MHz
2026/09/27 19:17:16.565, 4, 79641 MiB, 100 %, 524.15 W, 1980 MHz
2026/09/27 19:17:16.565, 5, 79641 MiB, 100 %, 547.77 W, 1980 MHz
2026/09/27 19:17:16.566, 6, 79641 MiB, 100 %, 548.88 W, 1980 MHz
2026/09/27 19:17:16.567, 7, 79641 MiB, 100 %, 528.42 W, 1980 MHz
2026/09/27 19:17:17.567, 0, 79641 MiB, 100 %, 513.17 W, 1800 MHz
2026/09/27 19:17:17.568, 1, 79641 MiB, 100 %, 541.37 W, 1980 MHz
2026/09/27 19:17:17.569, 2, 79641 MiB, 100 %, 538.09 W, 1980 MHz
2026/09/27 19:17:17.570, 3, 79641 MiB, 100 %, 525.16 W, 1980 MHz
2026/09/27 19:17:17.570, 4, 79641 MiB, 100 %, 515.64 W, 1980 MHz
2026/09/27 19:17:17.571, 5, 79641 MiB, 100 %, 534.70 W, 1980 MHz
2026/09/27 19:17:17.572, 6, 79641 MiB, 100 %, 538.82 W, 1980 MHz
2026/09/27 19:17:17.572, 7, 79641 MiB, 100 %, 516.82 W, 1980 MHz
2026/09/27 19:17:18.573, 0, 79641 MiB, 100 %, 523.70 W, 1680 MHz
2026/09/27 19:17:18.574, 1, 79641 MiB, 100 %, 546.69 W, 1980 MHz
2026/09/27 19:17:18.574, 2, 79641 MiB, 100 %, 530.65 W, 1980 MHz
2026/09/27 19:17:18.575, 3, 79641 MiB, 100 %, 539.33 W, 1980 MHz
2026/09/27 19:17:18.576, 4, 79641 MiB, 100 %, 525.98 W, 1980 MHz
2026/09/27 19:17:18.576, 5, 79641 MiB, 100 %, 539.41 W, 1980 MHz
2026/09/27 19:17:18.577, 6, 79641 MiB, 100 %, 551.43 W, 1980 MHz
2026/09/27 19:17:18.578, 7, 79641 MiB, 100 %, 525.70 W, 1980 MHz
2026/09/27 19:17:19.578, 0, 79641 MiB, 100 %, 529.45 W, 1650 MHz
2026/09/27 19:17:19.579, 1, 79641 MiB, 100 %, 554.83 W, 1980 MHz
2026/09/27 19:17:19.580, 2, 79641 MiB, 100 %, 537.60 W, 1980 MHz
2026/09/27 19:17:19.581, 3, 79641 MiB, 100 %, 541.30 W, 1980 MHz
2026/09/27 19:17:19.581, 4, 79641 MiB, 100 %, 534.53 W, 1980 MHz
2026/09/27 19:17:19.582, 5, 79641 MiB, 100 %, 550.47 W, 1980 MHz
2026/09/27 19:17:19.583, 6, 79641 MiB, 100 %, 550.35 W, 1980 MHz
2026/09/27 19:17:19.583, 7, 79641 MiB, 100 %, 536.63 W, 1980 MHz
2026/09/27 19:17:20.584, 0, 79641 MiB, 100 %, 527.37 W, 1725 MHz
2026/09/27 19:17:20.585, 1, 79641 MiB, 100 %, 544.08 W, 1980 MHz
2026/09/27 19:17:20.585, 2, 79641 MiB, 100 %, 528.19 W, 1980 MHz
2026/09/27 19:17:20.586, 3, 79641 MiB, 100 %, 527.40 W, 1980 MHz
2026/09/27 19:17:20.587, 4, 79641 MiB, 100 %, 522.27 W, 1980 MHz
2026/09/27 19:17:20.587, 5, 79641 MiB, 100 %, 541.57 W, 1980 MHz
2026/09/27 19:17:20.588, 6, 79641 MiB, 100 %, 534.81 W, 1980 MHz
2026/09/27 19:17:20.588, 7, 79641 MiB, 100 %, 522.16 W, 1980 MHz
2026/09/27 19:17:21.589, 0, 79641 MiB, 100 %, 528.86 W, 1740 MHz
2026/09/27 19:17:21.590, 1, 79641 MiB, 100 %, 536.11 W, 1980 MHz
2026/09/27 19:17:21.591, 2, 79641 MiB, 100 %, 529.97 W, 1980 MHz
2026/09/27 19:17:21.591, 3, 79641 MiB, 100 %, 531.53 W, 1980 MHz
2026/09/27 19:17:21.592, 4, 79641 MiB, 100 %, 514.59 W, 1980 MHz
2026/09/27 19:17:21.593, 5, 79641 MiB, 100 %, 543.78 W, 1980 MHz
2026/09/27 19:17:21.593, 6, 79641 MiB, 100 %, 542.36 W, 1980 MHz
2026/09/27 19:17:21.594, 7, 79641 MiB, 100 %, 521.81 W, 1980 MHz
2026/09/27 19:17:22.594, 0, 79641 MiB, 100 %, 544.04 W, 1680 MHz
2026/09/27 19:17:22.596, 1, 79641 MiB, 100 %, 556.01 W, 1980 MHz
2026/09/27 19:17:22.596, 2, 79641 MiB, 100 %, 540.11 W, 1980 MHz
2026/09/27 19:17:22.597, 3, 79641 MiB, 100 %, 541.85 W, 1980 MHz
2026/09/27 19:17:22.598, 4, 79641 MiB, 100 %, 529.64 W, 1980 MHz
2026/09/27 19:17:22.598, 5, 79641 MiB, 100 %, 557.22 W, 1980 MHz
2026/09/27 19:17:22.599, 6, 79641 MiB, 100 %, 555.60 W, 1980 MHz
2026/09/27 19:17:22.599, 7, 79641 MiB, 100 %, 537.19 W, 1980 MHz
2026/09/27 19:17:23.600, 0, 79641 MiB, 100 %, 468.61 W, 1980 MHz
2026/09/27 19:17:23.601, 1, 79641 MiB, 100 %, 464.11 W, 1980 MHz
2026/09/27 19:17:23.602, 2, 79641 MiB, 100 %, 438.37 W, 1980 MHz
2026/09/27 19:17:23.602, 3, 79641 MiB, 100 %, 440.36 W, 1980 MHz
2026/09/27 19:17:23.603, 4, 79641 MiB, 100 %, 443.59 W, 1980 MHz
2026/09/27 19:17:23.603, 5, 79641 MiB, 100 %, 461.32 W, 1980 MHz
2026/09/27 19:17:23.604, 6, 79641 MiB, 100 %, 454.10 W, 1980 MHz
2026/09/27 19:17:23.605, 7, 79641 MiB, 100 %, 444.33 W, 1980 MHz
2026/09/27 19:17:24.605, 0, 79641 MiB, 100 %, 396.46 W, 1980 MHz
2026/09/27 19:17:24.606, 1, 79641 MiB, 100 %, 334.92 W, 1980 MHz
2026/09/27 19:17:24.607, 2, 79641 MiB, 100 %, 325.17 W, 1980 MHz
2026/09/27 19:17:24.607, 3, 79641 MiB, 100 %, 330.46 W, 1980 MHz
2026/09/27 19:17:24.608, 4, 79641 MiB, 100 %, 326.77 W, 1980 MHz
2026/09/27 19:17:24.609, 5, 79641 MiB, 100 %, 323.19 W, 1980 MHz
2026/09/27 19:17:24.609, 6, 79641 MiB, 100 %, 333.86 W, 1980 MHz
2026/09/27 19:17:24.610, 7, 79641 MiB, 100 %, 326.47 W, 1980 MHz
2026/09/27 19:17:25.610, 0, 79641 MiB, 100 %, 442.00 W, 1980 MHz
2026/09/27 19:17:25.611, 1, 79641 MiB, 100 %, 368.06 W, 1980 MHz
2026/09/27 19:17:25.612, 2, 79641 MiB, 100 %, 382.49 W, 1980 MHz
2026/09/27 19:17:25.613, 3, 79641 MiB, 100 %, 370.07 W, 1980 MHz
2026/09/27 19:17:25.613, 4, 79641 MiB, 91 %, 356.07 W, 1980 MHz
2026/09/27 19:17:25.614, 5, 79641 MiB, 100 %, 382.11 W, 1980 MHz
2026/09/27 19:17:25.614, 6, 79641 MiB, 100 %, 384.69 W, 1980 MHz
2026/09/27 19:17:25.615, 7, 79641 MiB, 100 %, 365.24 W, 1980 MHz
2026/09/27 19:17:26.616, 0, 79641 MiB, 100 %, 571.10 W, 1905 MHz
2026/09/27 19:17:26.617, 1, 79641 MiB, 100 %, 545.95 W, 1980 MHz
2026/09/27 19:17:26.617, 2, 79641 MiB, 100 %, 522.99 W, 1980 MHz
2026/09/27 19:17:26.618, 3, 79641 MiB, 100 %, 535.12 W, 1980 MHz
2026/09/27 19:17:26.618, 4, 79641 MiB, 100 %, 520.76 W, 1980 MHz
2026/09/27 19:17:26.619, 5, 79641 MiB, 100 %, 544.39 W, 1980 MHz
2026/09/27 19:17:26.620, 6, 79641 MiB, 100 %, 549.06 W, 1980 MHz
2026/09/27 19:17:26.620, 7, 79641 MiB, 100 %, 529.65 W, 1980 MHz
2026/09/27 19:17:27.621, 0, 79641 MiB, 100 %, 562.25 W, 1845 MHz
2026/09/27 19:17:27.622, 1, 79641 MiB, 100 %, 544.83 W, 1980 MHz
2026/09/27 19:17:27.623, 2, 79641 MiB, 100 %, 535.77 W, 1980 MHz
2026/09/27 19:17:27.623, 3, 79641 MiB, 100 %, 535.55 W, 1980 MHz
2026/09/27 19:17:27.624, 4, 79641 MiB, 100 %, 523.21 W, 1980 MHz
2026/09/27 19:17:27.624, 5, 79641 MiB, 100 %, 547.09 W, 1980 MHz
2026/09/27 19:17:27.625, 6, 79641 MiB, 100 %, 547.22 W, 1980 MHz
2026/09/27 19:17:27.625, 7, 79641 MiB, 100 %, 530.18 W, 1980 MHz
2026/09/27 19:17:28.626, 0, 79641 MiB, 100 %, 541.92 W, 1845 MHz
2026/09/27 19:17:28.627, 1, 79641 MiB, 100 %, 548.93 W, 1980 MHz
2026/09/27 19:17:28.628, 2, 79641 MiB, 100 %, 547.90 W, 1980 MHz
2026/09/27 19:17:28.628, 3, 79641 MiB, 100 %, 537.87 W, 1980 MHz
2026/09/27 19:17:28.629, 4, 79641 MiB, 100 %, 534.18 W, 1980 MHz
2026/09/27 19:17:28.630, 5, 79641 MiB, 100 %, 553.85 W, 1980 MHz
2026/09/27 19:17:28.630, 6, 79641 MiB, 100 %, 557.06 W, 1980 MHz
2026/09/27 19:17:28.631, 7, 79641 MiB, 100 %, 534.25 W, 1980 MHz
2026/09/27 19:17:29.631, 0, 79641 MiB, 100 %, 545.78 W, 1680 MHz
2026/09/27 19:17:29.632, 1, 79641 MiB, 100 %, 543.04 W, 1980 MHz
2026/09/27 19:17:29.633, 2, 79641 MiB, 100 %, 539.45 W, 1980 MHz
2026/09/27 19:17:29.634, 3, 79641 MiB, 100 %, 522.89 W, 1980 MHz
2026/09/27 19:17:29.634, 4, 79641 MiB, 100 %, 516.82 W, 1980 MHz
2026/09/27 19:17:29.635, 5, 79641 MiB, 100 %, 540.15 W, 1980 MHz
2026/09/27 19:17:29.635, 6, 79641 MiB, 100 %, 550.04 W, 1980 MHz
2026/09/27 19:17:29.636, 7, 79641 MiB, 100 %, 526.77 W, 1980 MHz
2026/09/27 19:17:30.637, 0, 79641 MiB, 100 %, 506.40 W, 1755 MHz
2026/09/27 19:17:30.637, 1, 79641 MiB, 100 %, 530.12 W, 1980 MHz
2026/09/27 19:17:30.638, 2, 79641 MiB, 100 %, 525.20 W, 1980 MHz
2026/09/27 19:17:30.639, 3, 79641 MiB, 100 %, 519.20 W, 1980 MHz
2026/09/27 19:17:30.639, 4, 79641 MiB, 100 %, 509.19 W, 1980 MHz
2026/09/27 19:17:30.640, 5, 79641 MiB, 100 %, 541.66 W, 1980 MHz
2026/09/27 19:17:30.641, 6, 79641 MiB, 100 %, 537.17 W, 1980 MHz
2026/09/27 19:17:30.641, 7, 79641 MiB, 100 %, 510.54 W, 1980 MHz
2026/09/27 19:17:31.642, 0, 79641 MiB, 100 %, 521.88 W, 1590 MHz
2026/09/27 19:17:31.644, 1, 79641 MiB, 100 %, 543.68 W, 1980 MHz
2026/09/27 19:17:31.645, 2, 79641 MiB, 100 %, 539.50 W, 1980 MHz
2026/09/27 19:17:31.646, 3, 79641 MiB, 100 %, 535.38 W, 1980 MHz
2026/09/27 19:17:31.648, 4, 79641 MiB, 100 %, 520.88 W, 1980 MHz
2026/09/27 19:17:31.649, 5, 79641 MiB, 100 %, 552.87 W, 1980 MHz
2026/09/27 19:17:31.650, 6, 79641 MiB, 100 %, 545.41 W, 1980 MHz
2026/09/27 19:17:31.651, 7, 79641 MiB, 100 %, 525.63 W, 1980 MHz
2026/09/27 19:17:32.652, 0, 79641 MiB, 100 %, 513.17 W, 1590 MHz
2026/09/27 19:17:32.653, 1, 79641 MiB, 100 %, 543.87 W, 1980 MHz
2026/09/27 19:17:32.654, 2, 79641 MiB, 100 %, 538.98 W, 1980 MHz
2026/09/27 19:17:32.655, 3, 79641 MiB, 100 %, 530.46 W, 1980 MHz
2026/09/27 19:17:32.656, 4, 79641 MiB, 100 %, 521.09 W, 1980 MHz
2026/09/27 19:17:32.656, 5, 79641 MiB, 100 %, 548.23 W, 1980 MHz
2026/09/27 19:17:32.657, 6, 79641 MiB, 100 %, 547.90 W, 1980 MHz
2026/09/27 19:17:32.657, 7, 79641 MiB, 100 %, 531.13 W, 1980 MHz
2026/09/27 19:17:33.658, 0, 79641 MiB, 100 %, 528.36 W, 1725 MHz
2026/09/27 19:17:33.659, 1, 79641 MiB, 100 %, 526.34 W, 1980 MHz
2026/09/27 19:17:33.660, 2, 79641 MiB, 100 %, 525.41 W, 1980 MHz
2026/09/27 19:17:33.660, 3, 79641 MiB, 100 %, 515.31 W, 1980 MHz
2026/09/27 19:17:33.661, 4, 79641 MiB, 100 %, 513.45 W, 1980 MHz
2026/09/27 19:17:33.662, 5, 79641 MiB, 100 %, 537.89 W, 1980 MHz
2026/09/27 19:17:33.662, 6, 79641 MiB, 100 %, 535.39 W, 1980 MHz
2026/09/27 19:17:33.663, 7, 79641 MiB, 100 %, 517.28 W, 1980 MHz
2026/09/27 19:17:34.663, 0, 79641 MiB, 100 %, 534.97 W, 1770 MHz
2026/09/27 19:17:34.664, 1, 79641 MiB, 100 %, 544.33 W, 1980 MHz
2026/09/27 19:17:34.665, 2, 79641 MiB, 100 %, 537.69 W, 1980 MHz
2026/09/27 19:17:34.666, 3, 79641 MiB, 100 %, 539.19 W, 1980 MHz
2026/09/27 19:17:34.666, 4, 79641 MiB, 100 %, 533.25 W, 1980 MHz
2026/09/27 19:17:34.667, 5, 79641 MiB, 100 %, 546.06 W, 1980 MHz
2026/09/27 19:17:34.667, 6, 79641 MiB, 100 %, 548.30 W, 1980 MHz
2026/09/27 19:17:34.668, 7, 79641 MiB, 100 %, 531.92 W, 1980 MHz
2026/09/27 19:17:35.669, 0, 79641 MiB, 100 %, 555.70 W, 1590 MHz
2026/09/27 19:17:35.670, 1, 79641 MiB, 100 %, 558.05 W, 1980 MHz
2026/09/27 19:17:35.670, 2, 79641 MiB, 100 %, 549.87 W, 1980 MHz
2026/09/27 19:17:35.671, 3, 79641 MiB, 100 %, 547.30 W, 1980 MHz
2026/09/27 19:17:35.671, 4, 79641 MiB, 100 %, 536.43 W, 1980 MHz
2026/09/27 19:17:35.672, 5, 79641 MiB, 100 %, 553.72 W, 1980 MHz
2026/09/27 19:17:35.672, 6, 79641 MiB, 100 %, 559.57 W, 1980 MHz
2026/09/27 19:17:35.673, 7, 79641 MiB, 100 %, 535.98 W, 1980 MHz
2026/09/27 19:17:36.674, 0, 79641 MiB, 100 %, 541.47 W, 1710 MHz
2026/09/27 19:17:36.674, 1, 79641 MiB, 100 %, 534.66 W, 1980 MHz
2026/09/27 19:17:36.675, 2, 79641 MiB, 100 %, 535.36 W, 1980 MHz
2026/09/27 19:17:36.676, 3, 79641 MiB, 100 %, 532.31 W, 1980 MHz
2026/09/27 19:17:36.676, 4, 79641 MiB, 100 %, 519.94 W, 1980 MHz
2026/09/27 19:17:36.677, 5, 79641 MiB, 100 %, 545.77 W, 1980 MHz
2026/09/27 19:17:36.677, 6, 79641 MiB, 100 %, 545.36 W, 1980 MHz
2026/09/27 19:17:36.678, 7, 79641 MiB, 100 %, 520.84 W, 1980 MHz
2026/09/27 19:17:37.679, 0, 79641 MiB, 100 %, 500.11 W, 1575 MHz
2026/09/27 19:17:37.680, 1, 79641 MiB, 100 %, 541.54 W, 1980 MHz
2026/09/27 19:17:37.680, 2, 79641 MiB, 100 %, 527.39 W, 1980 MHz
2026/09/27 19:17:37.681, 3, 79641 MiB, 100 %, 531.24 W, 1980 MHz
2026/09/27 19:17:37.682, 4, 79641 MiB, 100 %, 524.03 W, 1980 MHz
2026/09/27 19:17:37.682, 5, 79641 MiB, 100 %, 538.39 W, 1980 MHz
2026/09/27 19:17:37.683, 6, 79641 MiB, 100 %, 542.47 W, 1980 MHz
2026/09/27 19:17:37.683, 7, 79641 MiB, 100 %, 522.89 W, 1980 MHz
2026/09/27 19:17:38.684, 0, 79641 MiB, 100 %, 517.78 W, 1680 MHz
2026/09/27 19:17:38.685, 1, 79641 MiB, 100 %, 541.67 W, 1980 MHz
2026/09/27 19:17:38.686, 2, 79641 MiB, 100 %, 535.55 W, 1980 MHz
2026/09/27 19:17:38.686, 3, 79641 MiB, 100 %, 528.15 W, 1980 MHz
2026/09/27 19:17:38.687, 4, 79641 MiB, 100 %, 519.36 W, 1980 MHz
2026/09/27 19:17:38.687, 5, 79641 MiB, 100 %, 551.78 W, 1980 MHz
2026/09/27 19:17:38.688, 6, 79641 MiB, 100 %, 545.90 W, 1980 MHz
2026/09/27 19:17:38.688, 7, 79641 MiB, 100 %, 532.20 W, 1980 MHz
2026/09/27 19:17:39.689, 0, 79641 MiB, 100 %, 522.02 W, 1785 MHz
2026/09/27 19:17:39.690, 1, 79641 MiB, 100 %, 538.54 W, 1980 MHz
2026/09/27 19:17:39.691, 2, 79641 MiB, 100 %, 545.47 W, 1980 MHz
2026/09/27 19:17:39.691, 3, 79641 MiB, 100 %, 525.18 W, 1980 MHz
2026/09/27 19:17:39.692, 4, 79641 MiB, 100 %, 518.80 W, 1980 MHz
2026/09/27 19:17:39.692, 5, 79641 MiB, 100 %, 543.04 W, 1980 MHz
2026/09/27 19:17:39.693, 6, 79641 MiB, 100 %, 548.96 W, 1980 MHz
2026/09/27 19:17:39.693, 7, 79641 MiB, 100 %, 527.38 W, 1980 MHz
2026/09/27 19:17:40.694, 0, 79641 MiB, 100 %, 519.42 W, 1725 MHz
2026/09/27 19:17:40.695, 1, 79641 MiB, 100 %, 527.57 W, 1980 MHz
2026/09/27 19:17:40.695, 2, 79641 MiB, 100 %, 523.72 W, 1980 MHz
2026/09/27 19:17:40.696, 3, 79641 MiB, 100 %, 528.96 W, 1980 MHz
2026/09/27 19:17:40.697, 4, 79641 MiB, 100 %, 514.63 W, 1980 MHz
2026/09/27 19:17:40.697, 5, 79641 MiB, 100 %, 541.68 W, 1980 MHz
2026/09/27 19:17:40.698, 6, 79641 MiB, 100 %, 541.66 W, 1980 MHz
2026/09/27 19:17:40.698, 7, 79641 MiB, 100 %, 515.67 W, 1980 MHz
2026/09/27 19:17:41.699, 0, 79641 MiB, 100 %, 513.23 W, 1785 MHz
2026/09/27 19:17:41.700, 1, 79641 MiB, 100 %, 544.79 W, 1980 MHz
2026/09/27 19:17:41.700, 2, 79641 MiB, 100 %, 535.10 W, 1980 MHz
2026/09/27 19:17:41.701, 3, 79641 MiB, 100 %, 528.39 W, 1980 MHz
2026/09/27 19:17:41.702, 4, 79641 MiB, 100 %, 521.70 W, 1980 MHz
2026/09/27 19:17:41.702, 5, 79641 MiB, 100 %, 547.57 W, 1980 MHz
2026/09/27 19:17:41.703, 6, 79641 MiB, 100 %, 542.43 W, 1980 MHz
2026/09/27 19:17:41.703, 7, 79641 MiB, 100 %, 525.92 W, 1980 MHz
2026/09/27 19:17:42.704, 0, 79641 MiB, 100 %, 518.14 W, 1665 MHz
2026/09/27 19:17:42.705, 1, 79641 MiB, 100 %, 542.09 W, 1980 MHz
2026/09/27 19:17:42.705, 2, 79641 MiB, 100 %, 536.64 W, 1980 MHz
2026/09/27 19:17:42.706, 3, 79641 MiB, 100 %, 534.78 W, 1980 MHz
2026/09/27 19:17:42.707, 4, 79641 MiB, 100 %, 526.29 W, 1980 MHz
2026/09/27 19:17:42.707, 5, 79641 MiB, 100 %, 547.89 W, 1980 MHz
2026/09/27 19:17:42.708, 6, 79641 MiB, 100 %, 550.27 W, 1980 MHz
2026/09/27 19:17:42.708, 7, 79641 MiB, 100 %, 537.99 W, 1980 MHz
2026/09/27 19:17:43.709, 0, 79641 MiB, 100 %, 530.65 W, 1725 MHz
2026/09/27 19:17:43.710, 1, 79641 MiB, 100 %, 537.98 W, 1980 MHz
2026/09/27 19:17:43.710, 2, 79641 MiB, 100 %, 531.64 W, 1980 MHz
2026/09/27 19:17:43.711, 3, 79641 MiB, 100 %, 532.06 W, 1980 MHz
2026/09/27 19:17:43.712, 4, 79641 MiB, 100 %, 518.21 W, 1980 MHz
2026/09/27 19:17:43.712, 5, 79641 MiB, 100 %, 549.81 W, 1980 MHz
2026/09/27 19:17:43.713, 6, 79641 MiB, 100 %, 553.88 W, 1980 MHz
2026/09/27 19:17:43.713, 7, 79641 MiB, 100 %, 520.00 W, 1980 MHz
2026/09/27 19:17:44.714, 0, 79641 MiB, 100 %, 541.55 W, 1830 MHz
2026/09/27 19:17:44.715, 1, 79641 MiB, 100 %, 548.65 W, 1980 MHz
2026/09/27 19:17:44.715, 2, 79641 MiB, 100 %, 537.54 W, 1980 MHz
2026/09/27 19:17:44.716, 3, 79641 MiB, 100 %, 533.38 W, 1980 MHz
2026/09/27 19:17:44.717, 4, 79641 MiB, 100 %, 522.96 W, 1980 MHz
2026/09/27 19:17:44.717, 5, 79641 MiB, 100 %, 543.28 W, 1980 MHz
2026/09/27 19:17:44.718, 6, 79641 MiB, 100 %, 546.69 W, 1980 MHz
2026/09/27 19:17:44.718, 7, 79641 MiB, 100 %, 524.11 W, 1980 MHz
2026/09/27 19:17:45.719, 0, 79641 MiB, 100 %, 528.22 W, 1665 MHz
2026/09/27 19:17:45.720, 1, 79641 MiB, 100 %, 538.56 W, 1980 MHz
2026/09/27 19:17:45.721, 2, 79641 MiB, 100 %, 537.20 W, 1980 MHz
2026/09/27 19:17:45.721, 3, 79641 MiB, 100 %, 530.65 W, 1980 MHz
2026/09/27 19:17:45.722, 4, 79641 MiB, 100 %, 511.05 W, 1980 MHz
2026/09/27 19:17:45.723, 5, 79641 MiB, 100 %, 548.84 W, 1980 MHz
2026/09/27 19:17:45.723, 6, 79641 MiB, 100 %, 544.13 W, 1980 MHz
2026/09/27 19:17:45.724, 7, 79641 MiB, 100 %, 524.12 W, 1980 MHz
2026/09/27 19:17:46.724, 0, 79641 MiB, 100 %, 497.85 W, 1545 MHz
2026/09/27 19:17:46.725, 1, 79641 MiB, 100 %, 536.16 W, 1980 MHz
2026/09/27 19:17:46.726, 2, 79641 MiB, 100 %, 529.01 W, 1980 MHz
2026/09/27 19:17:46.727, 3, 79641 MiB, 100 %, 533.40 W, 1980 MHz
2026/09/27 19:17:46.727, 4, 79641 MiB, 100 %, 515.71 W, 1980 MHz
2026/09/27 19:17:46.728, 5, 79641 MiB, 100 %, 546.52 W, 1980 MHz
2026/09/27 19:17:46.728, 6, 79641 MiB, 100 %, 552.30 W, 1980 MHz
2026/09/27 19:17:46.729, 7, 79641 MiB, 100 %, 522.99 W, 1980 MHz
2026/09/27 19:17:47.730, 0, 79641 MiB, 100 %, 506.83 W, 1560 MHz
2026/09/27 19:17:47.730, 1, 79641 MiB, 100 %, 539.17 W, 1980 MHz
2026/09/27 19:17:47.731, 2, 79641 MiB, 100 %, 531.09 W, 1980 MHz
2026/09/27 19:17:47.732, 3, 79641 MiB, 100 %, 522.63 W, 1980 MHz
2026/09/27 19:17:47.732, 4, 79641 MiB, 100 %, 516.39 W, 1980 MHz
2026/09/27 19:17:47.733, 5, 79641 MiB, 100 %, 537.50 W, 1980 MHz
2026/09/27 19:17:47.734, 6, 79641 MiB, 100 %, 542.42 W, 1980 MHz
2026/09/27 19:17:47.734, 7, 79641 MiB, 100 %, 522.11 W, 1980 MHz
2026/09/27 19:17:48.735, 0, 79641 MiB, 100 %, 507.39 W, 1815 MHz
2026/09/27 19:17:48.736, 1, 79641 MiB, 100 %, 535.99 W, 1980 MHz
2026/09/27 19:17:48.736, 2, 79641 MiB, 100 %, 527.33 W, 1980 MHz
2026/09/27 19:17:48.737, 3, 79641 MiB, 100 %, 527.54 W, 1980 MHz
2026/09/27 19:17:48.738, 4, 79641 MiB, 100 %, 514.60 W, 1980 MHz
2026/09/27 19:17:48.738, 5, 79641 MiB, 100 %, 540.48 W, 1980 MHz
2026/09/27 19:17:48.739, 6, 79641 MiB, 100 %, 536.70 W, 1980 MHz
2026/09/27 19:17:48.739, 7, 79641 MiB, 100 %, 522.46 W, 1980 MHz
2026/09/27 19:17:49.740, 0, 79641 MiB, 100 %, 508.40 W, 1605 MHz
2026/09/27 19:17:49.741, 1, 79641 MiB, 100 %, 543.65 W, 1980 MHz
2026/09/27 19:17:49.742, 2, 79641 MiB, 100 %, 533.24 W, 1980 MHz
2026/09/27 19:17:49.742, 3, 79641 MiB, 100 %, 533.29 W, 1980 MHz
2026/09/27 19:17:49.743, 4, 79641 MiB, 100 %, 526.31 W, 1980 MHz
2026/09/27 19:17:49.743, 5, 79641 MiB, 100 %, 551.13 W, 1980 MHz
2026/09/27 19:17:49.744, 6, 79641 MiB, 100 %, 542.44 W, 1980 MHz
2026/09/27 19:17:49.745, 7, 79641 MiB, 100 %, 523.56 W, 1980 MHz
2026/09/27 19:17:50.745, 0, 79641 MiB, 100 %, 482.78 W, 1620 MHz
2026/09/27 19:17:50.746, 1, 79641 MiB, 100 %, 537.90 W, 1980 MHz
2026/09/27 19:17:50.747, 2, 79641 MiB, 100 %, 529.88 W, 1980 MHz
2026/09/27 19:17:50.747, 3, 79641 MiB, 100 %, 527.17 W, 1980 MHz
2026/09/27 19:17:50.748, 4, 79641 MiB, 100 %, 514.97 W, 1980 MHz
2026/09/27 19:17:50.748, 5, 79641 MiB, 100 %, 544.12 W, 1980 MHz
2026/09/27 19:17:50.749, 6, 79641 MiB, 100 %, 538.94 W, 1980 MHz
2026/09/27 19:17:50.750, 7, 79641 MiB, 100 %, 515.92 W, 1980 MHz
2026/09/27 19:17:51.750, 0, 79641 MiB, 100 %, 502.95 W, 1770 MHz
2026/09/27 19:17:51.751, 1, 79641 MiB, 100 %, 532.16 W, 1980 MHz
2026/09/27 19:17:51.752, 2, 79641 MiB, 100 %, 529.89 W, 1980 MHz
2026/09/27 19:17:51.752, 3, 79641 MiB, 100 %, 517.24 W, 1980 MHz
2026/09/27 19:17:51.753, 4, 79641 MiB, 100 %, 512.49 W, 1980 MHz
2026/09/27 19:17:51.753, 5, 79641 MiB, 100 %, 537.15 W, 1980 MHz
2026/09/27 19:17:51.754, 6, 79641 MiB, 100 %, 531.89 W, 1980 MHz
2026/09/27 19:17:51.755, 7, 79641 MiB, 100 %, 523.63 W, 1980 MHz
2026/09/27 19:17:52.755, 0, 79641 MiB, 100 %, 522.03 W, 1755 MHz
2026/09/27 19:17:52.756, 1, 79641 MiB, 100 %, 537.34 W, 1980 MHz
2026/09/27 19:17:52.757, 2, 79641 MiB, 100 %, 539.14 W, 1980 MHz
2026/09/27 19:17:52.757, 3, 79641 MiB, 100 %, 525.59 W, 1980 MHz
2026/09/27 19:17:52.758, 4, 79641 MiB, 100 %, 525.53 W, 1980 MHz
2026/09/27 19:17:52.759, 5, 79641 MiB, 100 %, 543.41 W, 1980 MHz
2026/09/27 19:17:52.759, 6, 79641 MiB, 100 %, 546.78 W, 1980 MHz
2026/09/27 19:17:52.760, 7, 79641 MiB, 100 %, 526.83 W, 1980 MHz
2026/09/27 19:17:53.761, 0, 79641 MiB, 100 %, 486.97 W, 1455 MHz
2026/09/27 19:17:53.761, 1, 79641 MiB, 100 %, 536.29 W, 1980 MHz
2026/09/27 19:17:53.762, 2, 79641 MiB, 100 %, 538.15 W, 1980 MHz
2026/09/27 19:17:53.763, 3, 79641 MiB, 100 %, 523.14 W, 1980 MHz
2026/09/27 19:17:53.763, 4, 79641 MiB, 100 %, 523.77 W, 1980 MHz
2026/09/27 19:17:53.764, 5, 79641 MiB, 100 %, 541.52 W, 1980 MHz
2026/09/27 19:17:53.764, 6, 79641 MiB, 100 %, 552.98 W, 1980 MHz
2026/09/27 19:17:53.765, 7, 79641 MiB, 100 %, 520.28 W, 1980 MHz
2026/09/27 19:17:54.766, 0, 79641 MiB, 100 %, 408.72 W, 1980 MHz
2026/09/27 19:17:54.767, 1, 79641 MiB, 100 %, 369.74 W, 1980 MHz
2026/09/27 19:17:54.767, 2, 79641 MiB, 100 %, 379.40 W, 1980 MHz
2026/09/27 19:17:54.768, 3, 79641 MiB, 100 %, 376.51 W, 1980 MHz
2026/09/27 19:17:54.769, 4, 79641 MiB, 100 %, 358.17 W, 1980 MHz
2026/09/27 19:17:54.769, 5, 79641 MiB, 100 %, 370.87 W, 1980 MHz
2026/09/27 19:17:54.770, 6, 79641 MiB, 100 %, 386.27 W, 1980 MHz
2026/09/27 19:17:54.770, 7, 79641 MiB, 100 %, 359.85 W, 1980 MHz
2026/09/27 19:17:55.771, 0, 79641 MiB, 100 %, 393.35 W, 1980 MHz
2026/09/27 19:17:55.772, 1, 79641 MiB, 100 %, 336.32 W, 1980 MHz
2026/09/27 19:17:55.773, 2, 79641 MiB, 100 %, 330.88 W, 1980 MHz
2026/09/27 19:17:55.773, 3, 79641 MiB, 100 %, 330.19 W, 1980 MHz
2026/09/27 19:17:55.774, 4, 79641 MiB, 100 %, 326.64 W, 1980 MHz
2026/09/27 19:17:55.774, 5, 79641 MiB, 100 %, 327.14 W, 1980 MHz
2026/09/27 19:17:55.775, 6, 79641 MiB, 100 %, 336.37 W, 1980 MHz
2026/09/27 19:17:55.776, 7, 79641 MiB, 100 %, 325.57 W, 1980 MHz
2026/09/27 19:17:56.776, 0, 79641 MiB, 100 %, 468.63 W, 1710 MHz
2026/09/27 19:17:56.777, 1, 79641 MiB, 100 %, 442.69 W, 1980 MHz
2026/09/27 19:17:56.778, 2, 79641 MiB, 100 %, 440.86 W, 1980 MHz
2026/09/27 19:17:56.778, 3, 79641 MiB, 100 %, 426.84 W, 1980 MHz
2026/09/27 19:17:56.779, 4, 79641 MiB, 100 %, 430.10 W, 1980 MHz
2026/09/27 19:17:56.780, 5, 79641 MiB, 100 %, 446.95 W, 1980 MHz
2026/09/27 19:17:56.780, 6, 79641 MiB, 100 %, 435.02 W, 1980 MHz
2026/09/27 19:17:56.781, 7, 79641 MiB, 100 %, 432.38 W, 1980 MHz
2026/09/27 19:17:57.781, 0, 79641 MiB, 100 %, 522.00 W, 1695 MHz
2026/09/27 19:17:57.782, 1, 79641 MiB, 100 %, 539.80 W, 1980 MHz
2026/09/27 19:17:57.783, 2, 79641 MiB, 100 %, 528.05 W, 1980 MHz
2026/09/27 19:17:57.783, 3, 79641 MiB, 100 %, 521.67 W, 1980 MHz
2026/09/27 19:17:57.784, 4, 79641 MiB, 100 %, 518.76 W, 1980 MHz
2026/09/27 19:17:57.785, 5, 79641 MiB, 100 %, 544.84 W, 1980 MHz
2026/09/27 19:17:57.785, 6, 79641 MiB, 100 %, 545.93 W, 1980 MHz
2026/09/27 19:17:57.786, 7, 79641 MiB, 100 %, 524.58 W, 1980 MHz
2026/09/27 19:17:58.786, 0, 79641 MiB, 100 %, 531.16 W, 1830 MHz
2026/09/27 19:17:58.788, 1, 79641 MiB, 100 %, 546.18 W, 1980 MHz
2026/09/27 19:17:58.788, 2, 79641 MiB, 100 %, 545.02 W, 1980 MHz
2026/09/27 19:17:58.789, 3, 79641 MiB, 100 %, 534.77 W, 1980 MHz
2026/09/27 19:17:58.790, 4, 79641 MiB, 100 %, 523.85 W, 1980 MHz
2026/09/27 19:17:58.790, 5, 79641 MiB, 100 %, 542.17 W, 1980 MHz
2026/09/27 19:17:58.791, 6, 79641 MiB, 100 %, 543.28 W, 1980 MHz
2026/09/27 19:17:58.792, 7, 79641 MiB, 100 %, 532.53 W, 1980 MHz
2026/09/27 19:17:59.792, 0, 79641 MiB, 100 %, 527.21 W, 1770 MHz
2026/09/27 19:17:59.793, 1, 79641 MiB, 100 %, 545.92 W, 1980 MHz
2026/09/27 19:17:59.794, 2, 79641 MiB, 100 %, 541.52 W, 1980 MHz
2026/09/27 19:17:59.794, 3, 79641 MiB, 100 %, 533.99 W, 1980 MHz
2026/09/27 19:17:59.795, 4, 79641 MiB, 100 %, 530.03 W, 1980 MHz
2026/09/27 19:17:59.796, 5, 79641 MiB, 100 %, 554.27 W, 1980 MHz
2026/09/27 19:17:59.796, 6, 79641 MiB, 100 %, 553.93 W, 1980 MHz
2026/09/27 19:17:59.797, 7, 79641 MiB, 100 %, 532.11 W, 1980 MHz
2026/09/27 19:18:00.797, 0, 79641 MiB, 100 %, 553.00 W, 1845 MHz
2026/09/27 19:18:00.798, 1, 79641 MiB, 100 %, 542.72 W, 1980 MHz
2026/09/27 19:18:00.799, 2, 79641 MiB, 100 %, 532.62 W, 1980 MHz
2026/09/27 19:18:00.799, 3, 79641 MiB, 100 %, 535.35 W, 1980 MHz
2026/09/27 19:18:00.800, 4, 79641 MiB, 100 %, 523.09 W, 1980 MHz
2026/09/27 19:18:00.801, 5, 79641 MiB, 100 %, 542.85 W, 1980 MHz
2026/09/27 19:18:00.801, 6, 79641 MiB, 100 %, 545.38 W, 1980 MHz
2026/09/27 19:18:00.802, 7, 79641 MiB, 100 %, 533.22 W, 1980 MHz
2026/09/27 19:18:01.803, 0, 79641 MiB, 100 %, 555.03 W, 1680 MHz
2026/09/27 19:18:01.804, 1, 79641 MiB, 100 %, 547.14 W, 1980 MHz
2026/09/27 19:18:01.805, 2, 79641 MiB, 100 %, 538.66 W, 1980 MHz
2026/09/27 19:18:01.806, 3, 79641 MiB, 100 %, 535.11 W, 1980 MHz
2026/09/27 19:18:01.809, 4, 79641 MiB, 100 %, 527.00 W, 1980 MHz
2026/09/27 19:18:01.810, 5, 79641 MiB, 100 %, 543.54 W, 1980 MHz
2026/09/27 19:18:01.811, 6, 79641 MiB, 100 %, 539.74 W, 1980 MHz
2026/09/27 19:18:01.813, 7, 79641 MiB, 100 %, 533.90 W, 1980 MHz
2026/09/27 19:18:02.815, 0, 79641 MiB, 100 %, 542.26 W, 1785 MHz
2026/09/27 19:18:02.815, 1, 79641 MiB, 100 %, 550.03 W, 1980 MHz
2026/09/27 19:18:02.816, 2, 79641 MiB, 100 %, 541.18 W, 1980 MHz
2026/09/27 19:18:02.817, 3, 79641 MiB, 100 %, 538.59 W, 1980 MHz
2026/09/27 19:18:02.817, 4, 79641 MiB, 100 %, 530.20 W, 1980 MHz
2026/09/27 19:18:02.818, 5, 79641 MiB, 100 %, 552.61 W, 1980 MHz
2026/09/27 19:18:02.818, 6, 79641 MiB, 100 %, 557.19 W, 1980 MHz
2026/09/27 19:18:02.819, 7, 79641 MiB, 100 %, 527.04 W, 1980 MHz
2026/09/27 19:18:03.820, 0, 79641 MiB, 100 %, 503.02 W, 1620 MHz
2026/09/27 19:18:03.820, 1, 79641 MiB, 100 %, 539.56 W, 1980 MHz
2026/09/27 19:18:03.821, 2, 79641 MiB, 100 %, 524.75 W, 1980 MHz
2026/09/27 19:18:03.822, 3, 79641 MiB, 100 %, 524.81 W, 1980 MHz
2026/09/27 19:18:03.822, 4, 79641 MiB, 100 %, 517.09 W, 1980 MHz
2026/09/27 19:18:03.823, 5, 79641 MiB, 100 %, 541.98 W, 1980 MHz
2026/09/27 19:18:03.823, 6, 79641 MiB, 100 %, 544.28 W, 1980 MHz
2026/09/27 19:18:03.824, 7, 79641 MiB, 100 %, 526.21 W, 1980 MHz
2026/09/27 19:18:04.825, 0, 79641 MiB, 100 %, 502.74 W, 1800 MHz
2026/09/27 19:18:04.826, 1, 79641 MiB, 100 %, 536.40 W, 1980 MHz
2026/09/27 19:18:04.826, 2, 79641 MiB, 100 %, 522.03 W, 1980 MHz
2026/09/27 19:18:04.827, 3, 79641 MiB, 100 %, 526.33 W, 1980 MHz
2026/09/27 19:18:04.827, 4, 79641 MiB, 100 %, 516.78 W, 1980 MHz
2026/09/27 19:18:04.828, 5, 79641 MiB, 100 %, 532.15 W, 1980 MHz
2026/09/27 19:18:04.829, 6, 79641 MiB, 100 %, 541.22 W, 1980 MHz
2026/09/27 19:18:04.829, 7, 79641 MiB, 100 %, 516.95 W, 1980 MHz
2026/09/27 19:18:05.830, 0, 79641 MiB, 100 %, 531.82 W, 1785 MHz
2026/09/27 19:18:05.831, 1, 79641 MiB, 100 %, 549.32 W, 1980 MHz
2026/09/27 19:18:05.831, 2, 79641 MiB, 100 %, 533.04 W, 1980 MHz
2026/09/27 19:18:05.832, 3, 79641 MiB, 100 %, 533.89 W, 1980 MHz
2026/09/27 19:18:05.833, 4, 79641 MiB, 100 %, 523.19 W, 1980 MHz
2026/09/27 19:18:05.833, 5, 79641 MiB, 100 %, 547.39 W, 1980 MHz
2026/09/27 19:18:05.834, 6, 79641 MiB, 100 %, 551.61 W, 1980 MHz
2026/09/27 19:18:05.834, 7, 79641 MiB, 100 %, 528.73 W, 1980 MHz
2026/09/27 19:18:06.835, 0, 79641 MiB, 100 %, 553.34 W, 1890 MHz
2026/09/27 19:18:06.836, 1, 79641 MiB, 100 %, 553.59 W, 1980 MHz
2026/09/27 19:18:06.837, 2, 79641 MiB, 100 %, 544.34 W, 1980 MHz
2026/09/27 19:18:06.837, 3, 79641 MiB, 100 %, 545.67 W, 1980 MHz
2026/09/27 19:18:06.838, 4, 79641 MiB, 100 %, 535.53 W, 1980 MHz
2026/09/27 19:18:06.839, 5, 79641 MiB, 100 %, 555.72 W, 1980 MHz
2026/09/27 19:18:06.839, 6, 79641 MiB, 100 %, 557.20 W, 1980 MHz
2026/09/27 19:18:06.840, 7, 79641 MiB, 100 %, 541.11 W, 1980 MHz
2026/09/27 19:18:07.840, 0, 79641 MiB, 100 %, 522.88 W, 1785 MHz
2026/09/27 19:18:07.841, 1, 79641 MiB, 100 %, 544.40 W, 1980 MHz
2026/09/27 19:18:07.842, 2, 79641 MiB, 100 %, 532.18 W, 1980 MHz
2026/09/27 19:18:07.843, 3, 79641 MiB, 100 %, 526.36 W, 1980 MHz
2026/09/27 19:18:07.843, 4, 79641 MiB, 100 %, 524.27 W, 1980 MHz
2026/09/27 19:18:07.844, 5, 79641 MiB, 100 %, 534.49 W, 1980 MHz
2026/09/27 19:18:07.844, 6, 79641 MiB, 100 %, 535.28 W, 1980 MHz
2026/09/27 19:18:07.845, 7, 79641 MiB, 100 %, 522.03 W, 1980 MHz
2026/09/27 19:18:08.846, 0, 79641 MiB, 100 %, 524.41 W, 1665 MHz
2026/09/27 19:18:08.847, 1, 79641 MiB, 100 %, 542.98 W, 1980 MHz
2026/09/27 19:18:08.847, 2, 79641 MiB, 100 %, 529.07 W, 1980 MHz
2026/09/27 19:18:08.848, 3, 79641 MiB, 100 %, 532.07 W, 1980 MHz
2026/09/27 19:18:08.849, 4, 79641 MiB, 100 %, 523.05 W, 1980 MHz
2026/09/27 19:18:08.849, 5, 79641 MiB, 100 %, 543.00 W, 1980 MHz
2026/09/27 19:18:08.850, 6, 79641 MiB, 100 %, 539.94 W, 1980 MHz
2026/09/27 19:18:08.851, 7, 79641 MiB, 100 %, 525.46 W, 1980 MHz
2026/09/27 19:18:09.851, 0, 79641 MiB, 100 %, 491.10 W, 1440 MHz
2026/09/27 19:18:09.852, 1, 79641 MiB, 100 %, 542.45 W, 1980 MHz
2026/09/27 19:18:09.853, 2, 79641 MiB, 100 %, 539.75 W, 1980 MHz
2026/09/27 19:18:09.854, 3, 79641 MiB, 100 %, 529.14 W, 1980 MHz
2026/09/27 19:18:09.854, 4, 79641 MiB, 100 %, 519.61 W, 1980 MHz
2026/09/27 19:18:09.855, 5, 79641 MiB, 100 %, 536.03 W, 1980 MHz
2026/09/27 19:18:09.856, 6, 79641 MiB, 100 %, 544.27 W, 1980 MHz
2026/09/27 19:18:09.856, 7, 79641 MiB, 100 %, 528.81 W, 1980 MHz
2026/09/27 19:18:10.857, 0, 79641 MiB, 100 %, 473.63 W, 1530 MHz
2026/09/27 19:18:10.858, 1, 79641 MiB, 100 %, 537.07 W, 1980 MHz
2026/09/27 19:18:10.859, 2, 79641 MiB, 100 %, 527.25 W, 1980 MHz
2026/09/27 19:18:10.859, 3, 79641 MiB, 100 %, 522.34 W, 1980 MHz
2026/09/27 19:18:10.860, 4, 79641 MiB, 100 %, 508.98 W, 1980 MHz
2026/09/27 19:18:10.860, 5, 79641 MiB, 100 %, 544.08 W, 1980 MHz
2026/09/27 19:18:10.861, 6, 79641 MiB, 100 %, 537.77 W, 1980 MHz
2026/09/27 19:18:10.862, 7, 79641 MiB, 100 %, 520.53 W, 1980 MHz
2026/09/27 19:18:11.862, 0, 79641 MiB, 100 %, 500.34 W, 1545 MHz
2026/09/27 19:18:11.863, 1, 79641 MiB, 100 %, 534.52 W, 1980 MHz
2026/09/27 19:18:11.864, 2, 79641 MiB, 100 %, 527.59 W, 1980 MHz
2026/09/27 19:18:11.864, 3, 79641 MiB, 100 %, 517.05 W, 1980 MHz
2026/09/27 19:18:11.865, 4, 79641 MiB, 100 %, 512.20 W, 1980 MHz
2026/09/27 19:18:11.866, 5, 79641 MiB, 100 %, 531.55 W, 1980 MHz
2026/09/27 19:18:11.866, 6, 79641 MiB, 100 %, 525.19 W, 1980 MHz
2026/09/27 19:18:11.867, 7, 79641 MiB, 100 %, 520.21 W, 1980 MHz
2026/09/27 19:18:12.867, 0, 79641 MiB, 100 %, 513.71 W, 1560 MHz
2026/09/27 19:18:12.868, 1, 79641 MiB, 100 %, 540.64 W, 1980 MHz
2026/09/27 19:18:12.869, 2, 79641 MiB, 100 %, 532.42 W, 1980 MHz
2026/09/27 19:18:12.869, 3, 79641 MiB, 100 %, 520.87 W, 1980 MHz
2026/09/27 19:18:12.870, 4, 79641 MiB, 100 %, 521.16 W, 1980 MHz
2026/09/27 19:18:12.871, 5, 79641 MiB, 100 %, 546.19 W, 1980 MHz
2026/09/27 19:18:12.871, 6, 79641 MiB, 100 %, 544.88 W, 1980 MHz
2026/09/27 19:18:12.872, 7, 79641 MiB, 100 %, 526.61 W, 1980 MHz
2026/09/27 19:18:13.872, 0, 79641 MiB, 100 %, 514.33 W, 1470 MHz
2026/09/27 19:18:13.874, 1, 79641 MiB, 100 %, 552.52 W, 1980 MHz
2026/09/27 19:18:13.874, 2, 79641 MiB, 100 %, 543.88 W, 1980 MHz
2026/09/27 19:18:13.875, 3, 79641 MiB, 100 %, 529.93 W, 1980 MHz
2026/09/27 19:18:13.875, 4, 79641 MiB, 100 %, 531.16 W, 1980 MHz
2026/09/27 19:18:13.876, 5, 79641 MiB, 100 %, 550.81 W, 1980 MHz
2026/09/27 19:18:13.876, 6, 79641 MiB, 100 %, 548.76 W, 1980 MHz
2026/09/27 19:18:13.877, 7, 79641 MiB, 100 %, 528.35 W, 1980 MHz
2026/09/27 19:18:14.878, 0, 79641 MiB, 100 %, 495.56 W, 1740 MHz
2026/09/27 19:18:14.879, 1, 79641 MiB, 100 %, 530.45 W, 1980 MHz
2026/09/27 19:18:14.879, 2, 79641 MiB, 100 %, 528.16 W, 1980 MHz
2026/09/27 19:18:14.880, 3, 79641 MiB, 100 %, 517.00 W, 1980 MHz
2026/09/27 19:18:14.881, 4, 79641 MiB, 100 %, 513.39 W, 1980 MHz
2026/09/27 19:18:14.881, 5, 79641 MiB, 100 %, 534.17 W, 1980 MHz
2026/09/27 19:18:14.882, 6, 79641 MiB, 100 %, 527.97 W, 1980 MHz
2026/09/27 19:18:14.882, 7, 79641 MiB, 100 %, 519.33 W, 1980 MHz
2026/09/27 19:18:15.883, 0, 79641 MiB, 100 %, 507.40 W, 1740 MHz
2026/09/27 19:18:15.884, 1, 79641 MiB, 100 %, 529.58 W, 1980 MHz
2026/09/27 19:18:15.885, 2, 79641 MiB, 100 %, 531.55 W, 1980 MHz
2026/09/27 19:18:15.885, 3, 79641 MiB, 100 %, 520.59 W, 1980 MHz
2026/09/27 19:18:15.886, 4, 79641 MiB, 100 %, 511.95 W, 1980 MHz
2026/09/27 19:18:15.886, 5, 79641 MiB, 100 %, 538.79 W, 1980 MHz
2026/09/27 19:18:15.887, 6, 79641 MiB, 100 %, 536.16 W, 1980 MHz
2026/09/27 19:18:15.887, 7, 79641 MiB, 100 %, 525.67 W, 1980 MHz
2026/09/27 19:18:16.888, 0, 79641 MiB, 100 %, 514.85 W, 1650 MHz
2026/09/27 19:18:16.889, 1, 79641 MiB, 100 %, 551.55 W, 1980 MHz
2026/09/27 19:18:16.890, 2, 79641 MiB, 100 %, 534.81 W, 1980 MHz
2026/09/27 19:18:16.890, 3, 79641 MiB, 100 %, 536.98 W, 1980 MHz
2026/09/27 19:18:16.891, 4, 79641 MiB, 100 %, 527.34 W, 1980 MHz
2026/09/27 19:18:16.892, 5, 79641 MiB, 100 %, 552.19 W, 1980 MHz
2026/09/27 19:18:16.892, 6, 79641 MiB, 100 %, 549.87 W, 1980 MHz
2026/09/27 19:18:16.893, 7, 79641 MiB, 100 %, 536.90 W, 1980 MHz
2026/09/27 19:18:17.894, 0, 79641 MiB, 100 %, 522.44 W, 1515 MHz
2026/09/27 19:18:17.894, 1, 79641 MiB, 100 %, 545.39 W, 1980 MHz
2026/09/27 19:18:17.895, 2, 79641 MiB, 100 %, 545.01 W, 1980 MHz
2026/09/27 19:18:17.896, 3, 79641 MiB, 100 %, 527.24 W, 1980 MHz
2026/09/27 19:18:17.896, 4, 79641 MiB, 100 %, 525.69 W, 1980 MHz
2026/09/27 19:18:17.897, 5, 79641 MiB, 100 %, 546.01 W, 1980 MHz
2026/09/27 19:18:17.897, 6, 79641 MiB, 100 %, 545.63 W, 1980 MHz
2026/09/27 19:18:17.898, 7, 79641 MiB, 100 %, 530.12 W, 1980 MHz
2026/09/27 19:18:18.899, 0, 79641 MiB, 100 %, 540.84 W, 1830 MHz
2026/09/27 19:18:18.900, 1, 79641 MiB, 100 %, 537.36 W, 1980 MHz
2026/09/27 19:18:18.900, 2, 79641 MiB, 100 %, 530.50 W, 1980 MHz
2026/09/27 19:18:18.901, 3, 79641 MiB, 100 %, 533.45 W, 1980 MHz
2026/09/27 19:18:18.901, 4, 79641 MiB, 100 %, 518.01 W, 1980 MHz
2026/09/27 19:18:18.902, 5, 79641 MiB, 100 %, 543.01 W, 1980 MHz
2026/09/27 19:18:18.903, 6, 79641 MiB, 100 %, 552.15 W, 1980 MHz
2026/09/27 19:18:18.903, 7, 79641 MiB, 100 %, 519.26 W, 1980 MHz
2026/09/27 19:18:19.904, 0, 79641 MiB, 100 %, 528.38 W, 1680 MHz
2026/09/27 19:18:19.905, 1, 79641 MiB, 100 %, 543.04 W, 1980 MHz
2026/09/27 19:18:19.905, 2, 79641 MiB, 100 %, 546.67 W, 1980 MHz
2026/09/27 19:18:19.906, 3, 79641 MiB, 100 %, 532.96 W, 1980 MHz
2026/09/27 19:18:19.906, 4, 79641 MiB, 100 %, 521.60 W, 1980 MHz
2026/09/27 19:18:19.907, 5, 79641 MiB, 100 %, 544.48 W, 1980 MHz
2026/09/27 19:18:19.908, 6, 79641 MiB, 100 %, 549.72 W, 1980 MHz
2026/09/27 19:18:19.908, 7, 79641 MiB, 100 %, 526.27 W, 1980 MHz
2026/09/27 19:18:20.909, 0, 79641 MiB, 100 %, 517.44 W, 1770 MHz
2026/09/27 19:18:20.909, 1, 79641 MiB, 100 %, 552.05 W, 1980 MHz
2026/09/27 19:18:20.910, 2, 79641 MiB, 100 %, 542.04 W, 1980 MHz
2026/09/27 19:18:20.911, 3, 79641 MiB, 100 %, 539.65 W, 1980 MHz
2026/09/27 19:18:20.911, 4, 79641 MiB, 100 %, 520.88 W, 1980 MHz
2026/09/27 19:18:20.912, 5, 79641 MiB, 100 %, 549.66 W, 1980 MHz
2026/09/27 19:18:20.912, 6, 79641 MiB, 100 %, 553.52 W, 1980 MHz
2026/09/27 19:18:20.913, 7, 79641 MiB, 100 %, 528.51 W, 1980 MHz
2026/09/27 19:18:21.914, 0, 79641 MiB, 100 %, 535.95 W, 1785 MHz
2026/09/27 19:18:21.914, 1, 79641 MiB, 100 %, 536.63 W, 1980 MHz
2026/09/27 19:18:21.915, 2, 79641 MiB, 100 %, 529.79 W, 1980 MHz
2026/09/27 19:18:21.916, 3, 79641 MiB, 100 %, 528.29 W, 1980 MHz
2026/09/27 19:18:21.916, 4, 79641 MiB, 100 %, 523.08 W, 1980 MHz
2026/09/27 19:18:21.917, 5, 79641 MiB, 100 %, 544.09 W, 1980 MHz
2026/09/27 19:18:21.917, 6, 79641 MiB, 100 %, 552.06 W, 1980 MHz
2026/09/27 19:18:21.918, 7, 79641 MiB, 100 %, 524.15 W, 1980 MHz
2026/09/27 19:18:22.918, 0, 79641 MiB, 100 %, 524.86 W, 1725 MHz
2026/09/27 19:18:22.919, 1, 79641 MiB, 100 %, 534.98 W, 1980 MHz
2026/09/27 19:18:22.920, 2, 79641 MiB, 100 %, 544.65 W, 1980 MHz
2026/09/27 19:18:22.921, 3, 79641 MiB, 100 %, 534.28 W, 1980 MHz
2026/09/27 19:18:22.921, 4, 79641 MiB, 100 %, 515.28 W, 1980 MHz
2026/09/27 19:18:22.922, 5, 79641 MiB, 100 %, 540.62 W, 1980 MHz
2026/09/27 19:18:22.922, 6, 79641 MiB, 100 %, 548.89 W, 1980 MHz
2026/09/27 19:18:22.923, 7, 79641 MiB, 100 %, 519.06 W, 1980 MHz
2026/09/27 19:18:23.923, 0, 79641 MiB, 100 %, 519.94 W, 1755 MHz
2026/09/27 19:18:23.924, 1, 79641 MiB, 100 %, 545.33 W, 1980 MHz
2026/09/27 19:18:23.925, 2, 79641 MiB, 100 %, 537.80 W, 1980 MHz
2026/09/27 19:18:23.925, 3, 79641 MiB, 100 %, 524.15 W, 1980 MHz
2026/09/27 19:18:23.926, 4, 79641 MiB, 100 %, 524.33 W, 1980 MHz
2026/09/27 19:18:23.927, 5, 79641 MiB, 100 %, 547.68 W, 1980 MHz
2026/09/27 19:18:23.927, 6, 79641 MiB, 100 %, 547.61 W, 1980 MHz
2026/09/27 19:18:23.928, 7, 79641 MiB, 100 %, 533.78 W, 1980 MHz
2026/09/27 19:18:24.929, 0, 79641 MiB, 84 %, 502.87 W, 1965 MHz
2026/09/27 19:18:24.930, 1, 79641 MiB, 99 %, 528.69 W, 1980 MHz
2026/09/27 19:18:24.931, 2, 79641 MiB, 100 %, 507.44 W, 1980 MHz
2026/09/27 19:18:24.931, 3, 79641 MiB, 100 %, 504.75 W, 1980 MHz
2026/09/27 19:18:24.932, 4, 79641 MiB, 99 %, 507.86 W, 1980 MHz
2026/09/27 19:18:24.933, 5, 79641 MiB, 88 %, 516.72 W, 1980 MHz
2026/09/27 19:18:24.933, 6, 79641 MiB, 100 %, 528.07 W, 1980 MHz
2026/09/27 19:18:24.934, 7, 79641 MiB, 100 %, 515.40 W, 1980 MHz
2026/09/27 19:18:25.935, 0, 79641 MiB, 100 %, 392.35 W, 1980 MHz
2026/09/27 19:18:25.936, 1, 79641 MiB, 100 %, 337.48 W, 1980 MHz
2026/09/27 19:18:25.936, 2, 79641 MiB, 100 %, 324.74 W, 1980 MHz
2026/09/27 19:18:25.937, 3, 79641 MiB, 100 %, 326.67 W, 1980 MHz
2026/09/27 19:18:25.938, 4, 79641 MiB, 100 %, 324.77 W, 1980 MHz
2026/09/27 19:18:25.938, 5, 79641 MiB, 100 %, 321.99 W, 1980 MHz
2026/09/27 19:18:25.939, 6, 79641 MiB, 100 %, 334.22 W, 1980 MHz
2026/09/27 19:18:25.939, 7, 79641 MiB, 100 %, 323.96 W, 1980 MHz
2026/09/27 19:18:26.940, 0, 79641 MiB, 100 %, 389.67 W, 1980 MHz
2026/09/27 19:18:26.941, 1, 79641 MiB, 100 %, 335.54 W, 1980 MHz
2026/09/27 19:18:26.942, 2, 79641 MiB, 100 %, 326.30 W, 1980 MHz
2026/09/27 19:18:26.942, 3, 79641 MiB, 100 %, 330.79 W, 1980 MHz
2026/09/27 19:18:26.943, 4, 79641 MiB, 100 %, 326.60 W, 1980 MHz
2026/09/27 19:18:26.943, 5, 79641 MiB, 100 %, 321.45 W, 1980 MHz
2026/09/27 19:18:26.944, 6, 79641 MiB, 100 %, 333.01 W, 1980 MHz
2026/09/27 19:18:26.945, 7, 79641 MiB, 100 %, 322.43 W, 1980 MHz
2026/09/27 19:18:27.945, 0, 79641 MiB, 100 %, 520.39 W, 1800 MHz
2026/09/27 19:18:27.946, 1, 79641 MiB, 100 %, 497.77 W, 1980 MHz
2026/09/27 19:18:27.947, 2, 79641 MiB, 100 %, 500.38 W, 1980 MHz
2026/09/27 19:18:27.948, 3, 79641 MiB, 100 %, 494.85 W, 1980 MHz
2026/09/27 19:18:27.948, 4, 79641 MiB, 100 %, 483.42 W, 1980 MHz
2026/09/27 19:18:27.949, 5, 79641 MiB, 100 %, 515.56 W, 1980 MHz
2026/09/27 19:18:27.949, 6, 79641 MiB, 100 %, 512.45 W, 1980 MHz
2026/09/27 19:18:27.950, 7, 79641 MiB, 100 %, 485.16 W, 1980 MHz
2026/09/27 19:18:28.951, 0, 79641 MiB, 100 %, 503.85 W, 1785 MHz
2026/09/27 19:18:28.952, 1, 79641 MiB, 100 %, 540.57 W, 1980 MHz
2026/09/27 19:18:28.952, 2, 79641 MiB, 100 %, 526.51 W, 1980 MHz
2026/09/27 19:18:28.953, 3, 79641 MiB, 100 %, 532.47 W, 1980 MHz
2026/09/27 19:18:28.954, 4, 79641 MiB, 100 %, 516.47 W, 1980 MHz
2026/09/27 19:18:28.954, 5, 79641 MiB, 100 %, 542.91 W, 1980 MHz
2026/09/27 19:18:28.955, 6, 79641 MiB, 100 %, 535.34 W, 1980 MHz
2026/09/27 19:18:28.955, 7, 79641 MiB, 100 %, 518.36 W, 1980 MHz
2026/09/27 19:18:29.956, 0, 79641 MiB, 100 %, 516.67 W, 1560 MHz
2026/09/27 19:18:29.957, 1, 79641 MiB, 100 %, 546.63 W, 1980 MHz
2026/09/27 19:18:29.958, 2, 79641 MiB, 100 %, 546.86 W, 1980 MHz
2026/09/27 19:18:29.958, 3, 79641 MiB, 100 %, 540.54 W, 1980 MHz
2026/09/27 19:18:29.959, 4, 79641 MiB, 100 %, 526.22 W, 1980 MHz
2026/09/27 19:18:29.960, 5, 79641 MiB, 100 %, 543.83 W, 1980 MHz
2026/09/27 19:18:29.960, 6, 79641 MiB, 100 %, 537.60 W, 1980 MHz
2026/09/27 19:18:29.961, 7, 79641 MiB, 100 %, 525.51 W, 1980 MHz
2026/09/27 19:18:30.961, 0, 79641 MiB, 100 %, 517.61 W, 1755 MHz
2026/09/27 19:18:30.963, 1, 79641 MiB, 100 %, 544.20 W, 1980 MHz
2026/09/27 19:18:30.963, 2, 79641 MiB, 100 %, 537.62 W, 1980 MHz
2026/09/27 19:18:30.964, 3, 79641 MiB, 100 %, 536.24 W, 1980 MHz
2026/09/27 19:18:30.964, 4, 79641 MiB, 100 %, 526.12 W, 1980 MHz
2026/09/27 19:18:30.965, 5, 79641 MiB, 100 %, 539.62 W, 1980 MHz
2026/09/27 19:18:30.966, 6, 79641 MiB, 100 %, 532.68 W, 1980 MHz
2026/09/27 19:18:30.966, 7, 79641 MiB, 100 %, 536.53 W, 1980 MHz
2026/09/27 19:18:31.967, 0, 79641 MiB, 100 %, 530.27 W, 1695 MHz
2026/09/27 19:18:31.968, 1, 79641 MiB, 100 %, 535.25 W, 1980 MHz
2026/09/27 19:18:31.969, 2, 79641 MiB, 100 %, 527.23 W, 1980 MHz
2026/09/27 19:18:31.969, 3, 79641 MiB, 100 %, 528.12 W, 1980 MHz
2026/09/27 19:18:31.970, 4, 79641 MiB, 100 %, 517.65 W, 1980 MHz
2026/09/27 19:18:31.971, 5, 79641 MiB, 100 %, 536.50 W, 1980 MHz
2026/09/27 19:18:31.971, 6, 79641 MiB, 100 %, 537.84 W, 1980 MHz
2026/09/27 19:18:31.972, 7, 79641 MiB, 100 %, 522.81 W, 1980 MHz
2026/09/27 19:18:32.972, 0, 79641 MiB, 100 %, 512.51 W, 1560 MHz
2026/09/27 19:18:32.973, 1, 79641 MiB, 100 %, 544.07 W, 1980 MHz
2026/09/27 19:18:32.974, 2, 79641 MiB, 100 %, 534.13 W, 1980 MHz
2026/09/27 19:18:32.975, 3, 79641 MiB, 100 %, 527.94 W, 1980 MHz
2026/09/27 19:18:32.975, 4, 79641 MiB, 100 %, 517.58 W, 1980 MHz
2026/09/27 19:18:32.976, 5, 79641 MiB, 100 %, 549.69 W, 1980 MHz
2026/09/27 19:18:32.977, 6, 79641 MiB, 100 %, 543.93 W, 1980 MHz
2026/09/27 19:18:32.977, 7, 79641 MiB, 100 %, 530.66 W, 1980 MHz
2026/09/27 19:18:33.978, 0, 79641 MiB, 100 %, 505.44 W, 1530 MHz
2026/09/27 19:18:33.979, 1, 79641 MiB, 100 %, 543.39 W, 1980 MHz
2026/09/27 19:18:33.980, 2, 79641 MiB, 100 %, 540.11 W, 1980 MHz
2026/09/27 19:18:33.980, 3, 79641 MiB, 100 %, 531.45 W, 1980 MHz
2026/09/27 19:18:33.981, 4, 79641 MiB, 100 %, 526.61 W, 1980 MHz
2026/09/27 19:18:33.982, 5, 79641 MiB, 100 %, 544.82 W, 1980 MHz
2026/09/27 19:18:33.982, 6, 79641 MiB, 100 %, 541.79 W, 1980 MHz
2026/09/27 19:18:33.983, 7, 79641 MiB, 100 %, 527.50 W, 1980 MHz
2026/09/27 19:18:34.984, 0, 79641 MiB, 100 %, 510.84 W, 1815 MHz
2026/09/27 19:18:34.985, 1, 79641 MiB, 100 %, 526.55 W, 1980 MHz
2026/09/27 19:18:34.986, 2, 79641 MiB, 100 %, 525.97 W, 1980 MHz
2026/09/27 19:18:34.986, 3, 79641 MiB, 100 %, 528.33 W, 1980 MHz
2026/09/27 19:18:34.987, 4, 79641 MiB, 100 %, 514.75 W, 1980 MHz
2026/09/27 19:18:34.987, 5, 79641 MiB, 100 %, 535.65 W, 1980 MHz
2026/09/27 19:18:34.988, 6, 79641 MiB, 100 %, 527.41 W, 1980 MHz
2026/09/27 19:18:34.989, 7, 79641 MiB, 100 %, 521.57 W, 1980 MHz
2026/09/27 19:18:35.989, 0, 79641 MiB, 100 %, 518.89 W, 1665 MHz
2026/09/27 19:18:35.990, 1, 79641 MiB, 100 %, 528.79 W, 1980 MHz
2026/09/27 19:18:35.991, 2, 79641 MiB, 100 %, 527.56 W, 1980 MHz
2026/09/27 19:18:35.991, 3, 79641 MiB, 100 %, 532.19 W, 1980 MHz
2026/09/27 19:18:35.992, 4, 79641 MiB, 100 %, 519.74 W, 1980 MHz
2026/09/27 19:18:35.993, 5, 79641 MiB, 100 %, 541.49 W, 1980 MHz
2026/09/27 19:18:35.993, 6, 79641 MiB, 100 %, 542.03 W, 1980 MHz
2026/09/27 19:18:35.994, 7, 79641 MiB, 100 %, 522.38 W, 1980 MHz
2026/09/27 19:18:36.995, 0, 79641 MiB, 100 %, 542.41 W, 1620 MHz
2026/09/27 19:18:36.996, 1, 79641 MiB, 100 %, 540.79 W, 1980 MHz
2026/09/27 19:18:36.996, 2, 79641 MiB, 100 %, 548.96 W, 1980 MHz
2026/09/27 19:18:36.997, 3, 79641 MiB, 100 %, 529.85 W, 1980 MHz
2026/09/27 19:18:36.997, 4, 79641 MiB, 100 %, 517.86 W, 1980 MHz
2026/09/27 19:18:36.998, 5, 79641 MiB, 100 %, 554.73 W, 1980 MHz
2026/09/27 19:18:36.999, 6, 79641 MiB, 100 %, 550.75 W, 1980 MHz
2026/09/27 19:18:36.999, 7, 79641 MiB, 100 %, 541.81 W, 1980 MHz
2026/09/27 19:18:38.000, 0, 79641 MiB, 100 %, 507.77 W, 1800 MHz
2026/09/27 19:18:38.001, 1, 79641 MiB, 100 %, 533.35 W, 1980 MHz
2026/09/27 19:18:38.001, 2, 79641 MiB, 100 %, 533.97 W, 1980 MHz
2026/09/27 19:18:38.002, 3, 79641 MiB, 100 %, 531.26 W, 1980 MHz
2026/09/27 19:18:38.003, 4, 79641 MiB, 100 %, 522.80 W, 1980 MHz
2026/09/27 19:18:38.003, 5, 79641 MiB, 100 %, 538.96 W, 1980 MHz
2026/09/27 19:18:38.004, 6, 79641 MiB, 100 %, 537.79 W, 1980 MHz
2026/09/27 19:18:38.005, 7, 79641 MiB, 100 %, 535.36 W, 1980 MHz
2026/09/27 19:18:39.005, 0, 79641 MiB, 100 %, 515.10 W, 1620 MHz
2026/09/27 19:18:39.006, 1, 79641 MiB, 100 %, 522.31 W, 1980 MHz
2026/09/27 19:18:39.007, 2, 79641 MiB, 100 %, 527.05 W, 1980 MHz
2026/09/27 19:18:39.008, 3, 79641 MiB, 100 %, 524.58 W, 1980 MHz
2026/09/27 19:18:39.008, 4, 79641 MiB, 100 %, 514.56 W, 1980 MHz
2026/09/27 19:18:39.009, 5, 79641 MiB, 100 %, 538.27 W, 1980 MHz
2026/09/27 19:18:39.010, 6, 79641 MiB, 100 %, 537.60 W, 1980 MHz
2026/09/27 19:18:39.010, 7, 79641 MiB, 100 %, 508.08 W, 1980 MHz
2026/09/27 19:18:40.011, 0, 79641 MiB, 100 %, 512.65 W, 1785 MHz
2026/09/27 19:18:40.012, 1, 79641 MiB, 100 %, 544.16 W, 1980 MHz
2026/09/27 19:18:40.013, 2, 79641 MiB, 100 %, 541.29 W, 1980 MHz
2026/09/27 19:18:40.013, 3, 79641 MiB, 100 %, 532.08 W, 1980 MHz
2026/09/27 19:18:40.014, 4, 79641 MiB, 100 %, 522.70 W, 1980 MHz
2026/09/27 19:18:40.014, 5, 79641 MiB, 100 %, 545.35 W, 1980 MHz
2026/09/27 19:18:40.015, 6, 79641 MiB, 100 %, 534.79 W, 1980 MHz
2026/09/27 19:18:40.016, 7, 79641 MiB, 100 %, 528.74 W, 1980 MHz
2026/09/27 19:18:41.016, 0, 79641 MiB, 100 %, 506.61 W, 1560 MHz
2026/09/27 19:18:41.017, 1, 79641 MiB, 100 %, 540.00 W, 1980 MHz
2026/09/27 19:18:41.018, 2, 79641 MiB, 100 %, 537.62 W, 1980 MHz
2026/09/27 19:18:41.019, 3, 79641 MiB, 100 %, 540.50 W, 1980 MHz
2026/09/27 19:18:41.019, 4, 79641 MiB, 100 %, 526.01 W, 1980 MHz
2026/09/27 19:18:41.020, 5, 79641 MiB, 100 %, 537.58 W, 1980 MHz
2026/09/27 19:18:41.021, 6, 79641 MiB, 100 %, 543.33 W, 1980 MHz
2026/09/27 19:18:41.021, 7, 79641 MiB, 100 %, 526.67 W, 1980 MHz
2026/09/27 19:18:42.022, 0, 79641 MiB, 100 %, 515.22 W, 1575 MHz
2026/09/27 19:18:42.023, 1, 79641 MiB, 100 %, 525.95 W, 1980 MHz
2026/09/27 19:18:42.024, 2, 79641 MiB, 100 %, 529.98 W, 1980 MHz
2026/09/27 19:18:42.024, 3, 79641 MiB, 100 %, 525.42 W, 1980 MHz
2026/09/27 19:18:42.025, 4, 79641 MiB, 100 %, 518.98 W, 1980 MHz
2026/09/27 19:18:42.025, 5, 79641 MiB, 100 %, 539.43 W, 1980 MHz
2026/09/27 19:18:42.026, 6, 79641 MiB, 100 %, 542.66 W, 1980 MHz
2026/09/27 19:18:42.027, 7, 79641 MiB, 100 %, 520.10 W, 1980 MHz
2026/09/27 19:18:43.027, 0, 79641 MiB, 100 %, 521.35 W, 1785 MHz
2026/09/27 19:18:43.028, 1, 79641 MiB, 100 %, 536.58 W, 1980 MHz
2026/09/27 19:18:43.029, 2, 79641 MiB, 100 %, 533.96 W, 1980 MHz
2026/09/27 19:18:43.029, 3, 79641 MiB, 100 %, 525.39 W, 1980 MHz
2026/09/27 19:18:43.030, 4, 79641 MiB, 100 %, 522.56 W, 1980 MHz
2026/09/27 19:18:43.030, 5, 79641 MiB, 100 %, 544.91 W, 1980 MHz
2026/09/27 19:18:43.031, 6, 79641 MiB, 100 %, 534.78 W, 1980 MHz
2026/09/27 19:18:43.032, 7, 79641 MiB, 100 %, 524.61 W, 1980 MHz
2026/09/27 19:18:44.032, 0, 79641 MiB, 100 %, 514.84 W, 1725 MHz
2026/09/27 19:18:44.033, 1, 79641 MiB, 100 %, 538.47 W, 1980 MHz
2026/09/27 19:18:44.034, 2, 79641 MiB, 100 %, 529.76 W, 1980 MHz
2026/09/27 19:18:44.034, 3, 79641 MiB, 100 %, 530.81 W, 1980 MHz
2026/09/27 19:18:44.035, 4, 79641 MiB, 100 %, 523.71 W, 1980 MHz
2026/09/27 19:18:44.035, 5, 79641 MiB, 100 %, 545.91 W, 1980 MHz
2026/09/27 19:18:44.036, 6, 79641 MiB, 100 %, 536.56 W, 1980 MHz
2026/09/27 19:18:44.037, 7, 79641 MiB, 100 %, 526.03 W, 1980 MHz
2026/09/27 19:18:45.037, 0, 79641 MiB, 100 %, 526.53 W, 1830 MHz
2026/09/27 19:18:45.038, 1, 79641 MiB, 100 %, 539.59 W, 1980 MHz
2026/09/27 19:18:45.039, 2, 79641 MiB, 100 %, 538.39 W, 1980 MHz
2026/09/27 19:18:45.039, 3, 79641 MiB, 100 %, 537.42 W, 1980 MHz
2026/09/27 19:18:45.040, 4, 79641 MiB, 100 %, 524.54 W, 1980 MHz
2026/09/27 19:18:45.040, 5, 79641 MiB, 100 %, 546.71 W, 1980 MHz
2026/09/27 19:18:45.041, 6, 79641 MiB, 100 %, 550.56 W, 1980 MHz
2026/09/27 19:18:45.042, 7, 79641 MiB, 100 %, 532.19 W, 1980 MHz
2026/09/27 19:18:46.042, 0, 79641 MiB, 100 %, 529.90 W, 1785 MHz
2026/09/27 19:18:46.043, 1, 79641 MiB, 100 %, 530.04 W, 1980 MHz
2026/09/27 19:18:46.044, 2, 79641 MiB, 100 %, 539.09 W, 1980 MHz
2026/09/27 19:18:46.045, 3, 79641 MiB, 100 %, 521.92 W, 1980 MHz
2026/09/27 19:18:46.045, 4, 79641 MiB, 100 %, 518.09 W, 1980 MHz
2026/09/27 19:18:46.046, 5, 79641 MiB, 100 %, 546.10 W, 1980 MHz
2026/09/27 19:18:46.046, 6, 79641 MiB, 100 %, 543.54 W, 1980 MHz
2026/09/27 19:18:46.047, 7, 79641 MiB, 100 %, 519.62 W, 1980 MHz
2026/09/27 19:18:47.048, 0, 79641 MiB, 100 %, 512.27 W, 1755 MHz
2026/09/27 19:18:47.049, 1, 79641 MiB, 100 %, 536.47 W, 1980 MHz
2026/09/27 19:18:47.049, 2, 79641 MiB, 100 %, 539.21 W, 1980 MHz
2026/09/27 19:18:47.050, 3, 79641 MiB, 100 %, 526.28 W, 1980 MHz
2026/09/27 19:18:47.050, 4, 79641 MiB, 100 %, 520.42 W, 1980 MHz
2026/09/27 19:18:47.051, 5, 79641 MiB, 100 %, 542.91 W, 1980 MHz
2026/09/27 19:18:47.052, 6, 79641 MiB, 100 %, 532.51 W, 1980 MHz
2026/09/27 19:18:47.052, 7, 79641 MiB, 100 %, 532.89 W, 1980 MHz
2026/09/27 19:18:48.053, 0, 79641 MiB, 100 %, 513.78 W, 1650 MHz
2026/09/27 19:18:48.054, 1, 79641 MiB, 100 %, 540.72 W, 1980 MHz
2026/09/27 19:18:48.054, 2, 79641 MiB, 100 %, 532.24 W, 1980 MHz
2026/09/27 19:18:48.055, 3, 79641 MiB, 100 %, 537.87 W, 1980 MHz
2026/09/27 19:18:48.055, 4, 79641 MiB, 100 %, 521.77 W, 1980 MHz
2026/09/27 19:18:48.056, 5, 79641 MiB, 100 %, 546.65 W, 1980 MHz
2026/09/27 19:18:48.057, 6, 79641 MiB, 100 %, 539.94 W, 1980 MHz
2026/09/27 19:18:48.057, 7, 79641 MiB, 100 %, 531.40 W, 1980 MHz
2026/09/27 19:18:49.058, 0, 79641 MiB, 100 %, 524.71 W, 1680 MHz
2026/09/27 19:18:49.059, 1, 79641 MiB, 100 %, 540.80 W, 1980 MHz
2026/09/27 19:18:49.060, 2, 79641 MiB, 100 %, 540.52 W, 1980 MHz
2026/09/27 19:18:49.060, 3, 79641 MiB, 100 %, 530.81 W, 1980 MHz
2026/09/27 19:18:49.061, 4, 79641 MiB, 100 %, 519.98 W, 1980 MHz
2026/09/27 19:18:49.061, 5, 79641 MiB, 100 %, 549.22 W, 1980 MHz
2026/09/27 19:18:49.062, 6, 79641 MiB, 100 %, 544.97 W, 1980 MHz
2026/09/27 19:18:49.063, 7, 79641 MiB, 100 %, 525.77 W, 1980 MHz
2026/09/27 19:18:50.063, 0, 79641 MiB, 100 %, 530.22 W, 1680 MHz
2026/09/27 19:18:50.064, 1, 79641 MiB, 100 %, 545.54 W, 1980 MHz
2026/09/27 19:18:50.065, 2, 79641 MiB, 100 %, 539.09 W, 1980 MHz
2026/09/27 19:18:50.066, 3, 79641 MiB, 100 %, 527.20 W, 1980 MHz
2026/09/27 19:18:50.066, 4, 79641 MiB, 100 %, 526.28 W, 1980 MHz
2026/09/27 19:18:50.067, 5, 79641 MiB, 100 %, 540.17 W, 1980 MHz
2026/09/27 19:18:50.067, 6, 79641 MiB, 100 %, 533.23 W, 1980 MHz
2026/09/27 19:18:50.068, 7, 79641 MiB, 100 %, 537.15 W, 1980 MHz
2026/09/27 19:18:51.069, 0, 79641 MiB, 100 %, 535.75 W, 1785 MHz
2026/09/27 19:18:51.069, 1, 79641 MiB, 100 %, 537.46 W, 1980 MHz
2026/09/27 19:18:51.070, 2, 79641 MiB, 100 %, 535.73 W, 1980 MHz
2026/09/27 19:18:51.071, 3, 79641 MiB, 100 %, 536.54 W, 1980 MHz
2026/09/27 19:18:51.071, 4, 79641 MiB, 100 %, 523.68 W, 1980 MHz
2026/09/27 19:18:51.072, 5, 79641 MiB, 100 %, 551.87 W, 1980 MHz
2026/09/27 19:18:51.072, 6, 79641 MiB, 100 %, 541.88 W, 1980 MHz
2026/09/27 19:18:51.073, 7, 79641 MiB, 100 %, 525.62 W, 1980 MHz
2026/09/27 19:18:52.074, 0, 79641 MiB, 100 %, 556.05 W, 1485 MHz
2026/09/27 19:18:52.075, 1, 79641 MiB, 100 %, 555.51 W, 1980 MHz
2026/09/27 19:18:52.075, 2, 79641 MiB, 100 %, 547.12 W, 1980 MHz
2026/09/27 19:18:52.076, 3, 79641 MiB, 100 %, 548.52 W, 1980 MHz
2026/09/27 19:18:52.076, 4, 79641 MiB, 100 %, 537.67 W, 1980 MHz
2026/09/27 19:18:52.077, 5, 79641 MiB, 100 %, 561.29 W, 1980 MHz
2026/09/27 19:18:52.077, 6, 79641 MiB, 100 %, 552.84 W, 1980 MHz
2026/09/27 19:18:52.078, 7, 79641 MiB, 100 %, 538.15 W, 1980 MHz
2026/09/27 19:18:53.079, 0, 79641 MiB, 100 %, 484.80 W, 1725 MHz
2026/09/27 19:18:53.080, 1, 79641 MiB, 100 %, 525.96 W, 1980 MHz
2026/09/27 19:18:53.080, 2, 79641 MiB, 100 %, 528.54 W, 1980 MHz
2026/09/27 19:18:53.081, 3, 79641 MiB, 100 %, 514.12 W, 1980 MHz
2026/09/27 19:18:53.081, 4, 79641 MiB, 100 %, 503.92 W, 1980 MHz
2026/09/27 19:18:53.082, 5, 79641 MiB, 100 %, 536.78 W, 1980 MHz
2026/09/27 19:18:53.082, 6, 79641 MiB, 100 %, 526.93 W, 1980 MHz
2026/09/27 19:18:53.083, 7, 79641 MiB, 100 %, 520.70 W, 1980 MHz
2026/09/27 19:18:54.084, 0, 79641 MiB, 100 %, 512.70 W, 1605 MHz
2026/09/27 19:18:54.085, 1, 79641 MiB, 100 %, 531.23 W, 1980 MHz
2026/09/27 19:18:54.085, 2, 79641 MiB, 100 %, 529.43 W, 1980 MHz
2026/09/27 19:18:54.086, 3, 79641 MiB, 100 %, 520.50 W, 1980 MHz
2026/09/27 19:18:54.086, 4, 79641 MiB, 100 %, 516.42 W, 1980 MHz
2026/09/27 19:18:54.087, 5, 79641 MiB, 100 %, 544.47 W, 1980 MHz
2026/09/27 19:18:54.088, 6, 79641 MiB, 100 %, 537.76 W, 1980 MHz
2026/09/27 19:18:54.088, 7, 79641 MiB, 100 %, 520.23 W, 1980 MHz
2026/09/27 19:18:55.089, 0, 79641 MiB, 100 %, 506.88 W, 1485 MHz
2026/09/27 19:18:55.090, 1, 79641 MiB, 100 %, 536.41 W, 1980 MHz
2026/09/27 19:18:55.090, 2, 79641 MiB, 100 %, 542.36 W, 1980 MHz
2026/09/27 19:18:55.091, 3, 79641 MiB, 100 %, 536.56 W, 1980 MHz
2026/09/27 19:18:55.092, 4, 79641 MiB, 100 %, 525.69 W, 1980 MHz
2026/09/27 19:18:55.092, 5, 79641 MiB, 100 %, 549.69 W, 1980 MHz
2026/09/27 19:18:55.093, 6, 79641 MiB, 100 %, 543.69 W, 1980 MHz
2026/09/27 19:18:55.093, 7, 79641 MiB, 100 %, 530.13 W, 1980 MHz
2026/09/27 19:18:56.094, 0, 79641 MiB, 99 %, 444.60 W, 1965 MHz
2026/09/27 19:18:56.095, 1, 79641 MiB, 100 %, 457.78 W, 1980 MHz
2026/09/27 19:18:56.095, 2, 79641 MiB, 100 %, 457.32 W, 1980 MHz
2026/09/27 19:18:56.096, 3, 79641 MiB, 100 %, 459.90 W, 1980 MHz
2026/09/27 19:18:56.097, 4, 79641 MiB, 100 %, 443.11 W, 1980 MHz
2026/09/27 19:18:56.097, 5, 79641 MiB, 90 %, 460.17 W, 1980 MHz
2026/09/27 19:18:56.098, 6, 79641 MiB, 100 %, 457.69 W, 1980 MHz
2026/09/27 19:18:56.098, 7, 79641 MiB, 100 %, 444.43 W, 1980 MHz
2026/09/27 19:18:57.099, 0, 79641 MiB, 100 %, 391.50 W, 1980 MHz
2026/09/27 19:18:57.100, 1, 79641 MiB, 100 %, 335.81 W, 1980 MHz
2026/09/27 19:18:57.101, 2, 79641 MiB, 100 %, 330.44 W, 1980 MHz
2026/09/27 19:18:57.101, 3, 79641 MiB, 100 %, 329.82 W, 1980 MHz
2026/09/27 19:18:57.102, 4, 79641 MiB, 100 %, 323.59 W, 1980 MHz
2026/09/27 19:18:57.103, 5, 79641 MiB, 100 %, 324.39 W, 1980 MHz
2026/09/27 19:18:57.103, 6, 79641 MiB, 100 %, 335.52 W, 1980 MHz
2026/09/27 19:18:57.104, 7, 79641 MiB, 100 %, 325.51 W, 1980 MHz
2026/09/27 19:18:58.105, 0, 79641 MiB, 100 %, 401.05 W, 1980 MHz
2026/09/27 19:18:58.106, 1, 79641 MiB, 92 %, 347.12 W, 1980 MHz
2026/09/27 19:18:58.107, 2, 79641 MiB, 92 %, 342.17 W, 1980 MHz
2026/09/27 19:18:58.107, 3, 79641 MiB, 100 %, 352.56 W, 1980 MHz
2026/09/27 19:18:58.108, 4, 79641 MiB, 100 %, 338.18 W, 1980 MHz
2026/09/27 19:18:58.108, 5, 79641 MiB, 100 %, 342.28 W, 1980 MHz
2026/09/27 19:18:58.109, 6, 79641 MiB, 100 %, 357.73 W, 1980 MHz
2026/09/27 19:18:58.110, 7, 79641 MiB, 100 %, 340.33 W, 1980 MHz
2026/09/27 19:18:59.110, 0, 79641 MiB, 100 %, 544.62 W, 1635 MHz
2026/09/27 19:18:59.111, 1, 79641 MiB, 100 %, 534.76 W, 1980 MHz
2026/09/27 19:18:59.112, 2, 79641 MiB, 100 %, 520.57 W, 1980 MHz
2026/09/27 19:18:59.113, 3, 79641 MiB, 100 %, 527.94 W, 1980 MHz
2026/09/27 19:18:59.113, 4, 79641 MiB, 100 %, 510.06 W, 1980 MHz
2026/09/27 19:18:59.114, 5, 79641 MiB, 100 %, 544.30 W, 1980 MHz
2026/09/27 19:18:59.114, 6, 79641 MiB, 100 %, 540.42 W, 1980 MHz
2026/09/27 19:18:59.115, 7, 79641 MiB, 100 %, 510.54 W, 1980 MHz
2026/09/27 19:19:00.116, 0, 79641 MiB, 100 %, 533.46 W, 1785 MHz
2026/09/27 19:19:00.117, 1, 79641 MiB, 100 %, 543.76 W, 1980 MHz
2026/09/27 19:19:00.118, 2, 79641 MiB, 100 %, 545.63 W, 1980 MHz
2026/09/27 19:19:00.118, 3, 79641 MiB, 100 %, 536.85 W, 1980 MHz
2026/09/27 19:19:00.119, 4, 79641 MiB, 100 %, 523.85 W, 1980 MHz
2026/09/27 19:19:00.119, 5, 79641 MiB, 100 %, 545.61 W, 1980 MHz
2026/09/27 19:19:00.120, 6, 79641 MiB, 100 %, 535.78 W, 1980 MHz
2026/09/27 19:19:00.121, 7, 79641 MiB, 100 %, 532.26 W, 1980 MHz
2026/09/27 19:19:01.121, 0, 79641 MiB, 100 %, 553.90 W, 1845 MHz
2026/09/27 19:19:01.122, 1, 79641 MiB, 100 %, 548.63 W, 1980 MHz
2026/09/27 19:19:01.123, 2, 79641 MiB, 100 %, 540.83 W, 1980 MHz
2026/09/27 19:19:01.123, 3, 79641 MiB, 100 %, 540.16 W, 1980 MHz
2026/09/27 19:19:01.124, 4, 79641 MiB, 100 %, 523.17 W, 1980 MHz
2026/09/27 19:19:01.124, 5, 79641 MiB, 100 %, 554.99 W, 1980 MHz
2026/09/27 19:19:01.125, 6, 79641 MiB, 100 %, 544.29 W, 1980 MHz
2026/09/27 19:19:01.126, 7, 79641 MiB, 100 %, 536.52 W, 1980 MHz
2026/09/27 19:19:02.126, 0, 79641 MiB, 100 %, 565.55 W, 1620 MHz
2026/09/27 19:19:02.127, 1, 79641 MiB, 100 %, 542.27 W, 1980 MHz
2026/09/27 19:19:02.128, 2, 79641 MiB, 100 %, 540.92 W, 1980 MHz
2026/09/27 19:19:02.129, 3, 79641 MiB, 100 %, 538.74 W, 1980 MHz
2026/09/27 19:19:02.129, 4, 79641 MiB, 100 %, 530.14 W, 1980 MHz
2026/09/27 19:19:02.130, 5, 79641 MiB, 100 %, 554.41 W, 1980 MHz
2026/09/27 19:19:02.130, 6, 79641 MiB, 100 %, 550.77 W, 1980 MHz
2026/09/27 19:19:02.131, 7, 79641 MiB, 100 %, 537.24 W, 1980 MHz
2026/09/27 19:19:03.131, 0, 79641 MiB, 100 %, 503.15 W, 1740 MHz
2026/09/27 19:19:03.132, 1, 79641 MiB, 100 %, 527.98 W, 1980 MHz
2026/09/27 19:19:03.133, 2, 79641 MiB, 100 %, 530.53 W, 1980 MHz
2026/09/27 19:19:03.134, 3, 79641 MiB, 100 %, 519.96 W, 1980 MHz
2026/09/27 19:19:03.134, 4, 79641 MiB, 100 %, 512.16 W, 1980 MHz
2026/09/27 19:19:03.135, 5, 79641 MiB, 100 %, 542.15 W, 1980 MHz
2026/09/27 19:19:03.135, 6, 79641 MiB, 100 %, 533.81 W, 1980 MHz
2026/09/27 19:19:03.136, 7, 79641 MiB, 100 %, 518.90 W, 1980 MHz
2026/09/27 19:19:04.137, 0, 79641 MiB, 100 %, 523.99 W, 1710 MHz
2026/09/27 19:19:04.138, 1, 79641 MiB, 100 %, 537.43 W, 1980 MHz
2026/09/27 19:19:04.138, 2, 79641 MiB, 100 %, 528.79 W, 1980 MHz
2026/09/27 19:19:04.139, 3, 79641 MiB, 100 %, 531.07 W, 1980 MHz
2026/09/27 19:19:04.140, 4, 79641 MiB, 100 %, 516.73 W, 1980 MHz
2026/09/27 19:19:04.140, 5, 79641 MiB, 100 %, 550.90 W, 1980 MHz
2026/09/27 19:19:04.141, 6, 79641 MiB, 100 %, 540.71 W, 1980 MHz
2026/09/27 19:19:04.141, 7, 79641 MiB, 100 %, 526.43 W, 1980 MHz
2026/09/27 19:19:05.142, 0, 79641 MiB, 100 %, 497.98 W, 1440 MHz
2026/09/27 19:19:05.143, 1, 79641 MiB, 100 %, 534.50 W, 1980 MHz
2026/09/27 19:19:05.144, 2, 79641 MiB, 100 %, 536.14 W, 1980 MHz
2026/09/27 19:19:05.145, 3, 79641 MiB, 100 %, 532.61 W, 1980 MHz
2026/09/27 19:19:05.145, 4, 79641 MiB, 100 %, 522.31 W, 1980 MHz
2026/09/27 19:19:05.146, 5, 79641 MiB, 100 %, 545.07 W, 1980 MHz
2026/09/27 19:19:05.147, 6, 79641 MiB, 100 %, 539.88 W, 1980 MHz
2026/09/27 19:19:05.147, 7, 79641 MiB, 100 %, 531.13 W, 1980 MHz
2026/09/27 19:19:06.148, 0, 79641 MiB, 100 %, 465.62 W, 1500 MHz
2026/09/27 19:19:06.149, 1, 79641 MiB, 100 %, 523.63 W, 1980 MHz
2026/09/27 19:19:06.149, 2, 79641 MiB, 100 %, 523.77 W, 1980 MHz
2026/09/27 19:19:06.150, 3, 79641 MiB, 100 %, 512.52 W, 1980 MHz
2026/09/27 19:19:06.151, 4, 79641 MiB, 100 %, 504.66 W, 1980 MHz
2026/09/27 19:19:06.151, 5, 79641 MiB, 100 %, 525.65 W, 1980 MHz
2026/09/27 19:19:06.152, 6, 79641 MiB, 100 %, 521.56 W, 1980 MHz
2026/09/27 19:19:06.152, 7, 79641 MiB, 100 %, 522.92 W, 1980 MHz
2026/09/27 19:19:07.153, 0, 79641 MiB, 100 %, 486.52 W, 1725 MHz
2026/09/27 19:19:07.154, 1, 79641 MiB, 100 %, 532.35 W, 1980 MHz
2026/09/27 19:19:07.154, 2, 79641 MiB, 100 %, 520.25 W, 1980 MHz
2026/09/27 19:19:07.155, 3, 79641 MiB, 100 %, 527.12 W, 1980 MHz
2026/09/27 19:19:07.155, 4, 79641 MiB, 100 %, 519.84 W, 1980 MHz
2026/09/27 19:19:07.156, 5, 79641 MiB, 100 %, 533.02 W, 1980 MHz
2026/09/27 19:19:07.157, 6, 79641 MiB, 100 %, 528.33 W, 1980 MHz
2026/09/27 19:19:07.157, 7, 79641 MiB, 100 %, 523.43 W, 1980 MHz
2026/09/27 19:19:08.158, 0, 79641 MiB, 100 %, 506.57 W, 1680 MHz
2026/09/27 19:19:08.159, 1, 79641 MiB, 100 %, 538.65 W, 1980 MHz
2026/09/27 19:19:08.159, 2, 79641 MiB, 100 %, 529.36 W, 1980 MHz
2026/09/27 19:19:08.160, 3, 79641 MiB, 100 %, 526.79 W, 1980 MHz
2026/09/27 19:19:08.161, 4, 79641 MiB, 100 %, 518.31 W, 1980 MHz
2026/09/27 19:19:08.161, 5, 79641 MiB, 100 %, 548.96 W, 1980 MHz
2026/09/27 19:19:08.162, 6, 79641 MiB, 100 %, 548.50 W, 1980 MHz
2026/09/27 19:19:08.162, 7, 79641 MiB, 100 %, 524.13 W, 1980 MHz
2026/09/27 19:19:09.163, 0, 79641 MiB, 100 %, 516.84 W, 1710 MHz
2026/09/27 19:19:09.165, 1, 79641 MiB, 100 %, 537.04 W, 1980 MHz
2026/09/27 19:19:09.166, 2, 79641 MiB, 100 %, 541.04 W, 1980 MHz
2026/09/27 19:19:09.168, 3, 79641 MiB, 100 %, 526.93 W, 1980 MHz
2026/09/27 19:19:09.170, 4, 79641 MiB, 100 %, 530.14 W, 1980 MHz
2026/09/27 19:19:09.171, 5, 79641 MiB, 100 %, 546.29 W, 1980 MHz
2026/09/27 19:19:09.172, 6, 79641 MiB, 100 %, 531.23 W, 1980 MHz
2026/09/27 19:19:09.175, 7, 79641 MiB, 100 %, 527.83 W, 1980 MHz
2026/09/27 19:19:10.176, 0, 79641 MiB, 100 %, 523.62 W, 1755 MHz
2026/09/27 19:19:10.177, 1, 79641 MiB, 100 %, 532.27 W, 1980 MHz
2026/09/27 19:19:10.178, 2, 79641 MiB, 100 %, 529.48 W, 1980 MHz
2026/09/27 19:19:10.178, 3, 79641 MiB, 100 %, 527.48 W, 1980 MHz
2026/09/27 19:19:10.179, 4, 79641 MiB, 100 %, 518.30 W, 1980 MHz
2026/09/27 19:19:10.180, 5, 79641 MiB, 100 %, 544.38 W, 1980 MHz
2026/09/27 19:19:10.180, 6, 79641 MiB, 100 %, 533.57 W, 1980 MHz
2026/09/27 19:19:10.181, 7, 79641 MiB, 100 %, 519.11 W, 1980 MHz
2026/09/27 19:19:11.181, 0, 79641 MiB, 100 %, 508.16 W, 1620 MHz
2026/09/27 19:19:11.182, 1, 79641 MiB, 100 %, 537.65 W, 1980 MHz
2026/09/27 19:19:11.183, 2, 79641 MiB, 100 %, 527.29 W, 1980 MHz
2026/09/27 19:19:11.183, 3, 79641 MiB, 100 %, 537.37 W, 1980 MHz
2026/09/27 19:19:11.184, 4, 79641 MiB, 100 %, 526.68 W, 1980 MHz
2026/09/27 19:19:11.185, 5, 79641 MiB, 100 %, 546.35 W, 1980 MHz
2026/09/27 19:19:11.185, 6, 79641 MiB, 100 %, 541.22 W, 1980 MHz
2026/09/27 19:19:11.186, 7, 79641 MiB, 100 %, 525.00 W, 1980 MHz
2026/09/27 19:19:12.187, 0, 79641 MiB, 100 %, 516.27 W, 1620 MHz
2026/09/27 19:19:12.187, 1, 79641 MiB, 100 %, 545.21 W, 1980 MHz
2026/09/27 19:19:12.188, 2, 79641 MiB, 100 %, 544.53 W, 1980 MHz
2026/09/27 19:19:12.189, 3, 79641 MiB, 100 %, 544.96 W, 1980 MHz
2026/09/27 19:19:12.190, 4, 79641 MiB, 100 %, 536.65 W, 1980 MHz
2026/09/27 19:19:12.190, 5, 79641 MiB, 100 %, 556.56 W, 1980 MHz
2026/09/27 19:19:12.191, 6, 79641 MiB, 100 %, 549.12 W, 1980 MHz
2026/09/27 19:19:12.191, 7, 79641 MiB, 100 %, 538.63 W, 1980 MHz
2026/09/27 19:19:13.192, 0, 79641 MiB, 100 %, 508.63 W, 1650 MHz
2026/09/27 19:19:13.193, 1, 79641 MiB, 100 %, 529.66 W, 1980 MHz
2026/09/27 19:19:13.193, 2, 79641 MiB, 100 %, 536.28 W, 1980 MHz
2026/09/27 19:19:13.194, 3, 79641 MiB, 100 %, 523.47 W, 1980 MHz
2026/09/27 19:19:13.195, 4, 79641 MiB, 100 %, 515.60 W, 1980 MHz
2026/09/27 19:19:13.195, 5, 79641 MiB, 100 %, 540.48 W, 1980 MHz
2026/09/27 19:19:13.196, 6, 79641 MiB, 100 %, 523.11 W, 1980 MHz
2026/09/27 19:19:13.196, 7, 79641 MiB, 100 %, 523.87 W, 1980 MHz
2026/09/27 19:19:14.197, 0, 79641 MiB, 100 %, 514.38 W, 1635 MHz
2026/09/27 19:19:14.198, 1, 79641 MiB, 100 %, 532.67 W, 1980 MHz
2026/09/27 19:19:14.198, 2, 79641 MiB, 100 %, 535.11 W, 1980 MHz
2026/09/27 19:19:14.199, 3, 79641 MiB, 100 %, 527.23 W, 1980 MHz
2026/09/27 19:19:14.199, 4, 79641 MiB, 100 %, 512.80 W, 1980 MHz
2026/09/27 19:19:14.200, 5, 79641 MiB, 100 %, 539.70 W, 1980 MHz
2026/09/27 19:19:14.201, 6, 79641 MiB, 100 %, 533.32 W, 1980 MHz
2026/09/27 19:19:14.201, 7, 79641 MiB, 100 %, 518.42 W, 1980 MHz
2026/09/27 19:19:15.202, 0, 79641 MiB, 100 %, 519.62 W, 1605 MHz
2026/09/27 19:19:15.203, 1, 79641 MiB, 100 %, 538.36 W, 1980 MHz
2026/09/27 19:19:15.204, 2, 79641 MiB, 100 %, 534.60 W, 1980 MHz
2026/09/27 19:19:15.204, 3, 79641 MiB, 100 %, 526.24 W, 1980 MHz
2026/09/27 19:19:15.205, 4, 79641 MiB, 100 %, 522.26 W, 1980 MHz
2026/09/27 19:19:15.205, 5, 79641 MiB, 100 %, 548.68 W, 1980 MHz
2026/09/27 19:19:15.206, 6, 79641 MiB, 100 %, 541.72 W, 1980 MHz
2026/09/27 19:19:15.207, 7, 79641 MiB, 100 %, 535.04 W, 1980 MHz
2026/09/27 19:19:16.207, 0, 79641 MiB, 100 %, 514.09 W, 1590 MHz
2026/09/27 19:19:16.208, 1, 79641 MiB, 100 %, 541.96 W, 1980 MHz
2026/09/27 19:19:16.209, 2, 79641 MiB, 100 %, 543.61 W, 1980 MHz
2026/09/27 19:19:16.209, 3, 79641 MiB, 100 %, 531.45 W, 1980 MHz
2026/09/27 19:19:16.210, 4, 79641 MiB, 100 %, 523.55 W, 1980 MHz
2026/09/27 19:19:16.211, 5, 79641 MiB, 100 %, 550.40 W, 1980 MHz
2026/09/27 19:19:16.211, 6, 79641 MiB, 100 %, 543.18 W, 1980 MHz
2026/09/27 19:19:16.212, 7, 79641 MiB, 100 %, 523.41 W, 1980 MHz
2026/09/27 19:19:17.213, 0, 79641 MiB, 100 %, 513.98 W, 1710 MHz
2026/09/27 19:19:17.213, 1, 79641 MiB, 100 %, 528.95 W, 1980 MHz
2026/09/27 19:19:17.214, 2, 79641 MiB, 100 %, 530.46 W, 1980 MHz
2026/09/27 19:19:17.215, 3, 79641 MiB, 100 %, 523.14 W, 1980 MHz
2026/09/27 19:19:17.215, 4, 79641 MiB, 100 %, 513.03 W, 1980 MHz
2026/09/27 19:19:17.216, 5, 79641 MiB, 100 %, 534.97 W, 1980 MHz
2026/09/27 19:19:17.216, 6, 79641 MiB, 100 %, 535.14 W, 1980 MHz
2026/09/27 19:19:17.217, 7, 79641 MiB, 100 %, 514.13 W, 1980 MHz
2026/09/27 19:19:18.218, 0, 79641 MiB, 100 %, 504.54 W, 1500 MHz
2026/09/27 19:19:18.219, 1, 79641 MiB, 100 %, 533.00 W, 1980 MHz
2026/09/27 19:19:18.219, 2, 79641 MiB, 100 %, 529.93 W, 1980 MHz
2026/09/27 19:19:18.220, 3, 79641 MiB, 100 %, 530.51 W, 1980 MHz
2026/09/27 19:19:18.220, 4, 79641 MiB, 100 %, 523.35 W, 1980 MHz
2026/09/27 19:19:18.221, 5, 79641 MiB, 100 %, 541.51 W, 1980 MHz
2026/09/27 19:19:18.222, 6, 79641 MiB, 100 %, 540.80 W, 1980 MHz
2026/09/27 19:19:18.222, 7, 79641 MiB, 100 %, 531.10 W, 1980 MHz
2026/09/27 19:19:19.223, 0, 79641 MiB, 100 %, 510.20 W, 1545 MHz
2026/09/27 19:19:19.224, 1, 79641 MiB, 100 %, 541.70 W, 1980 MHz
2026/09/27 19:19:19.224, 2, 79641 MiB, 100 %, 546.32 W, 1980 MHz
2026/09/27 19:19:19.225, 3, 79641 MiB, 100 %, 531.73 W, 1980 MHz
2026/09/27 19:19:19.225, 4, 79641 MiB, 100 %, 527.48 W, 1980 MHz
2026/09/27 19:19:19.226, 5, 79641 MiB, 100 %, 550.72 W, 1980 MHz
2026/09/27 19:19:19.227, 6, 79641 MiB, 100 %, 539.90 W, 1980 MHz
2026/09/27 19:19:19.227, 7, 79641 MiB, 100 %, 532.14 W, 1980 MHz
2026/09/27 19:19:20.228, 0, 79641 MiB, 100 %, 511.76 W, 1695 MHz
2026/09/27 19:19:20.229, 1, 79641 MiB, 100 %, 530.02 W, 1980 MHz
2026/09/27 19:19:20.230, 2, 79641 MiB, 100 %, 536.07 W, 1980 MHz
2026/09/27 19:19:20.230, 3, 79641 MiB, 100 %, 519.41 W, 1980 MHz
2026/09/27 19:19:20.231, 4, 79641 MiB, 100 %, 520.23 W, 1980 MHz
2026/09/27 19:19:20.231, 5, 79641 MiB, 100 %, 546.00 W, 1980 MHz
2026/09/27 19:19:20.232, 6, 79641 MiB, 100 %, 537.97 W, 1980 MHz
2026/09/27 19:19:20.233, 7, 79641 MiB, 100 %, 520.70 W, 1980 MHz
2026/09/27 19:19:21.233, 0, 79641 MiB, 100 %, 535.70 W, 1680 MHz
2026/09/27 19:19:21.234, 1, 79641 MiB, 100 %, 538.00 W, 1980 MHz
2026/09/27 19:19:21.235, 2, 79641 MiB, 100 %, 532.58 W, 1980 MHz
2026/09/27 19:19:21.236, 3, 79641 MiB, 100 %, 534.10 W, 1980 MHz
2026/09/27 19:19:21.236, 4, 79641 MiB, 100 %, 518.57 W, 1980 MHz
2026/09/27 19:19:21.237, 5, 79641 MiB, 100 %, 547.02 W, 1980 MHz
2026/09/27 19:19:21.237, 6, 79641 MiB, 100 %, 543.65 W, 1980 MHz
2026/09/27 19:19:21.238, 7, 79641 MiB, 100 %, 516.16 W, 1980 MHz
2026/09/27 19:19:22.238, 0, 79641 MiB, 100 %, 532.24 W, 1530 MHz
2026/09/27 19:19:22.239, 1, 79641 MiB, 100 %, 544.70 W, 1980 MHz
2026/09/27 19:19:22.240, 2, 79641 MiB, 100 %, 540.99 W, 1980 MHz
2026/09/27 19:19:22.240, 3, 79641 MiB, 100 %, 538.20 W, 1980 MHz
2026/09/27 19:19:22.241, 4, 79641 MiB, 100 %, 529.70 W, 1980 MHz
2026/09/27 19:19:22.242, 5, 79641 MiB, 100 %, 552.51 W, 1980 MHz
2026/09/27 19:19:22.242, 6, 79641 MiB, 100 %, 542.78 W, 1980 MHz
2026/09/27 19:19:22.243, 7, 79641 MiB, 100 %, 540.70 W, 1980 MHz
2026/09/27 19:19:23.243, 0, 79641 MiB, 100 %, 519.62 W, 1845 MHz
2026/09/27 19:19:23.244, 1, 79641 MiB, 100 %, 541.05 W, 1980 MHz
2026/09/27 19:19:23.245, 2, 79641 MiB, 100 %, 547.04 W, 1980 MHz
2026/09/27 19:19:23.246, 3, 79641 MiB, 100 %, 539.40 W, 1980 MHz
2026/09/27 19:19:23.246, 4, 79641 MiB, 100 %, 528.83 W, 1980 MHz
2026/09/27 19:19:23.247, 5, 79641 MiB, 100 %, 549.81 W, 1980 MHz
2026/09/27 19:19:23.247, 6, 79641 MiB, 100 %, 539.53 W, 1980 MHz
2026/09/27 19:19:23.248, 7, 79641 MiB, 100 %, 535.39 W, 1980 MHz
2026/09/27 19:19:24.248, 0, 79641 MiB, 100 %, 525.08 W, 1635 MHz
2026/09/27 19:19:24.249, 1, 79641 MiB, 100 %, 522.33 W, 1980 MHz
2026/09/27 19:19:24.250, 2, 79641 MiB, 100 %, 531.70 W, 1980 MHz
2026/09/27 19:19:24.251, 3, 79641 MiB, 100 %, 522.58 W, 1980 MHz
2026/09/27 19:19:24.251, 4, 79641 MiB, 100 %, 513.40 W, 1980 MHz
2026/09/27 19:19:24.252, 5, 79641 MiB, 100 %, 539.75 W, 1980 MHz
2026/09/27 19:19:24.252, 6, 79641 MiB, 100 %, 537.81 W, 1980 MHz
2026/09/27 19:19:24.253, 7, 79641 MiB, 100 %, 518.20 W, 1980 MHz
2026/09/27 19:19:25.253, 0, 79641 MiB, 100 %, 534.17 W, 1455 MHz
2026/09/27 19:19:25.254, 1, 79641 MiB, 100 %, 547.46 W, 1980 MHz
2026/09/27 19:19:25.255, 2, 79641 MiB, 100 %, 542.93 W, 1980 MHz
2026/09/27 19:19:25.255, 3, 79641 MiB, 100 %, 539.62 W, 1980 MHz
2026/09/27 19:19:25.256, 4, 79641 MiB, 100 %, 527.79 W, 1980 MHz
2026/09/27 19:19:25.257, 5, 79641 MiB, 100 %, 552.15 W, 1980 MHz
2026/09/27 19:19:25.257, 6, 79641 MiB, 100 %, 534.38 W, 1980 MHz
2026/09/27 19:19:25.258, 7, 79641 MiB, 100 %, 532.18 W, 1980 MHz
2026/09/27 19:19:26.258, 0, 79641 MiB, 100 %, 473.29 W, 1560 MHz
2026/09/27 19:19:26.259, 1, 79641 MiB, 100 %, 532.67 W, 1980 MHz
2026/09/27 19:19:26.260, 2, 79641 MiB, 100 %, 533.90 W, 1980 MHz
2026/09/27 19:19:26.260, 3, 79641 MiB, 100 %, 523.80 W, 1980 MHz
2026/09/27 19:19:26.261, 4, 79641 MiB, 100 %, 512.15 W, 1980 MHz
2026/09/27 19:19:26.261, 5, 79641 MiB, 100 %, 538.84 W, 1980 MHz
2026/09/27 19:19:26.262, 6, 79641 MiB, 100 %, 535.75 W, 1980 MHz
2026/09/27 19:19:26.263, 7, 79641 MiB, 100 %, 528.21 W, 1980 MHz
2026/09/27 19:19:27.263, 0, 79641 MiB, 100 %, 434.76 W, 1980 MHz
2026/09/27 19:19:27.264, 1, 79641 MiB, 100 %, 432.78 W, 1980 MHz
2026/09/27 19:19:27.265, 2, 79641 MiB, 100 %, 420.50 W, 1980 MHz
2026/09/27 19:19:27.265, 3, 79641 MiB, 100 %, 422.20 W, 1980 MHz
2026/09/27 19:19:27.266, 4, 79641 MiB, 100 %, 424.03 W, 1980 MHz
2026/09/27 19:19:27.266, 5, 79641 MiB, 100 %, 419.68 W, 1980 MHz
2026/09/27 19:19:27.267, 6, 79641 MiB, 100 %, 428.07 W, 1980 MHz
2026/09/27 19:19:27.268, 7, 79641 MiB, 100 %, 416.91 W, 1980 MHz
2026/09/27 19:19:28.268, 0, 79641 MiB, 100 %, 398.39 W, 1980 MHz
2026/09/27 19:19:28.269, 1, 79641 MiB, 100 %, 338.32 W, 1980 MHz
2026/09/27 19:19:28.270, 2, 79641 MiB, 100 %, 332.51 W, 1980 MHz
2026/09/27 19:19:28.270, 3, 79641 MiB, 100 %, 336.21 W, 1980 MHz
2026/09/27 19:19:28.271, 4, 79641 MiB, 100 %, 327.38 W, 1980 MHz
2026/09/27 19:19:28.271, 5, 79641 MiB, 100 %, 329.91 W, 1980 MHz
2026/09/27 19:19:28.272, 6, 79641 MiB, 100 %, 340.12 W, 1980 MHz
2026/09/27 19:19:28.272, 7, 79641 MiB, 100 %, 329.46 W, 1980 MHz
2026/09/27 19:19:29.273, 0, 79641 MiB, 100 %, 462.80 W, 1950 MHz
2026/09/27 19:19:29.274, 1, 79641 MiB, 100 %, 391.39 W, 1980 MHz
2026/09/27 19:19:29.275, 2, 79641 MiB, 100 %, 403.30 W, 1980 MHz
2026/09/27 19:19:29.275, 3, 79641 MiB, 100 %, 393.58 W, 1980 MHz
2026/09/27 19:19:29.276, 4, 79641 MiB, 100 %, 378.37 W, 1980 MHz
2026/09/27 19:19:29.276, 5, 79641 MiB, 100 %, 396.92 W, 1980 MHz
2026/09/27 19:19:29.277, 6, 79641 MiB, 100 %, 400.40 W, 1980 MHz
2026/09/27 19:19:29.277, 7, 79641 MiB, 100 %, 376.52 W, 1980 MHz
2026/09/27 19:19:30.278, 0, 79641 MiB, 100 %, 534.97 W, 1620 MHz
2026/09/27 19:19:30.279, 1, 79641 MiB, 100 %, 529.23 W, 1980 MHz
2026/09/27 19:19:30.280, 2, 79641 MiB, 100 %, 533.09 W, 1980 MHz
2026/09/27 19:19:30.280, 3, 79641 MiB, 100 %, 522.76 W, 1980 MHz
2026/09/27 19:19:30.281, 4, 79641 MiB, 100 %, 508.64 W, 1980 MHz
2026/09/27 19:19:30.281, 5, 79641 MiB, 100 %, 541.67 W, 1980 MHz
2026/09/27 19:19:30.282, 6, 79641 MiB, 100 %, 543.41 W, 1980 MHz
2026/09/27 19:19:30.283, 7, 79641 MiB, 100 %, 524.57 W, 1980 MHz
2026/09/27 19:19:31.283, 0, 79641 MiB, 100 %, 475.64 W, 1665 MHz
2026/09/27 19:19:31.284, 1, 79641 MiB, 100 %, 536.45 W, 1980 MHz
2026/09/27 19:19:31.285, 2, 79641 MiB, 100 %, 523.42 W, 1980 MHz
2026/09/27 19:19:31.285, 3, 79641 MiB, 100 %, 517.74 W, 1980 MHz
2026/09/27 19:19:31.286, 4, 79641 MiB, 100 %, 516.05 W, 1980 MHz
2026/09/27 19:19:31.286, 5, 79641 MiB, 100 %, 526.73 W, 1980 MHz
2026/09/27 19:19:31.287, 6, 79641 MiB, 100 %, 529.99 W, 1980 MHz
2026/09/27 19:19:31.287, 7, 79641 MiB, 100 %, 521.83 W, 1980 MHz
2026/09/27 19:19:32.288, 0, 79641 MiB, 100 %, 493.35 W, 1560 MHz
2026/09/27 19:19:32.289, 1, 79641 MiB, 100 %, 542.05 W, 1980 MHz
2026/09/27 19:19:32.290, 2, 79641 MiB, 100 %, 538.27 W, 1980 MHz
2026/09/27 19:19:32.290, 3, 79641 MiB, 100 %, 536.03 W, 1980 MHz
2026/09/27 19:19:32.291, 4, 79641 MiB, 100 %, 514.98 W, 1980 MHz
2026/09/27 19:19:32.291, 5, 79641 MiB, 100 %, 544.95 W, 1980 MHz
2026/09/27 19:19:32.292, 6, 79641 MiB, 100 %, 543.98 W, 1980 MHz
2026/09/27 19:19:32.292, 7, 79641 MiB, 100 %, 540.01 W, 1980 MHz
2026/09/27 19:19:33.293, 0, 79641 MiB, 100 %, 500.95 W, 1710 MHz
2026/09/27 19:19:33.294, 1, 79641 MiB, 100 %, 533.48 W, 1980 MHz
2026/09/27 19:19:33.295, 2, 79641 MiB, 100 %, 532.57 W, 1980 MHz
2026/09/27 19:19:33.295, 3, 79641 MiB, 100 %, 518.55 W, 1980 MHz
2026/09/27 19:19:33.296, 4, 79641 MiB, 100 %, 514.46 W, 1980 MHz
2026/09/27 19:19:33.296, 5, 79641 MiB, 100 %, 542.63 W, 1980 MHz
2026/09/27 19:19:33.297, 6, 79641 MiB, 100 %, 538.11 W, 1980 MHz
2026/09/27 19:19:33.298, 7, 79641 MiB, 100 %, 528.99 W, 1980 MHz
2026/09/27 19:19:34.298, 0, 79641 MiB, 100 %, 527.58 W, 1680 MHz
2026/09/27 19:19:34.299, 1, 79641 MiB, 100 %, 541.52 W, 1980 MHz
2026/09/27 19:19:34.300, 2, 79641 MiB, 100 %, 524.42 W, 1980 MHz
2026/09/27 19:19:34.300, 3, 79641 MiB, 100 %, 531.63 W, 1980 MHz
2026/09/27 19:19:34.301, 4, 79641 MiB, 100 %, 525.78 W, 1980 MHz
2026/09/27 19:19:34.301, 5, 79641 MiB, 100 %, 532.54 W, 1980 MHz
2026/09/27 19:19:34.302, 6, 79641 MiB, 100 %, 532.97 W, 1980 MHz
2026/09/27 19:19:34.302, 7, 79641 MiB, 100 %, 526.44 W, 1980 MHz
2026/09/27 19:19:35.303, 0, 79641 MiB, 100 %, 531.98 W, 1560 MHz
2026/09/27 19:19:35.305, 1, 79641 MiB, 100 %, 549.29 W, 1980 MHz
2026/09/27 19:19:35.305, 2, 79641 MiB, 100 %, 538.80 W, 1980 MHz
2026/09/27 19:19:35.306, 3, 79641 MiB, 100 %, 528.83 W, 1980 MHz
2026/09/27 19:19:35.306, 4, 79641 MiB, 100 %, 528.10 W, 1980 MHz
2026/09/27 19:19:35.307, 5, 79641 MiB, 100 %, 551.17 W, 1980 MHz
2026/09/27 19:19:35.308, 6, 79641 MiB, 100 %, 545.98 W, 1980 MHz
2026/09/27 19:19:35.308, 7, 79641 MiB, 100 %, 539.61 W, 1980 MHz
2026/09/27 19:19:36.309, 0, 79641 MiB, 100 %, 523.89 W, 1590 MHz
2026/09/27 19:19:36.310, 1, 79641 MiB, 100 %, 549.76 W, 1980 MHz
2026/09/27 19:19:36.310, 2, 79641 MiB, 100 %, 543.11 W, 1980 MHz
2026/09/27 19:19:36.311, 3, 79641 MiB, 100 %, 538.52 W, 1980 MHz
2026/09/27 19:19:36.312, 4, 79641 MiB, 100 %, 520.16 W, 1980 MHz
2026/09/27 19:19:36.312, 5, 79641 MiB, 100 %, 549.12 W, 1980 MHz
2026/09/27 19:19:36.313, 6, 79641 MiB, 100 %, 545.76 W, 1980 MHz
2026/09/27 19:19:36.313, 7, 79641 MiB, 100 %, 541.40 W, 1980 MHz
2026/09/27 19:19:37.314, 0, 79641 MiB, 100 %, 515.81 W, 1575 MHz
2026/09/27 19:19:37.315, 1, 79641 MiB, 100 %, 526.95 W, 1980 MHz
2026/09/27 19:19:37.316, 2, 79641 MiB, 100 %, 531.99 W, 1980 MHz
2026/09/27 19:19:37.316, 3, 79641 MiB, 100 %, 517.84 W, 1980 MHz
2026/09/27 19:19:37.317, 4, 79641 MiB, 100 %, 507.09 W, 1980 MHz
2026/09/27 19:19:37.317, 5, 79641 MiB, 100 %, 531.46 W, 1980 MHz
2026/09/27 19:19:37.318, 6, 79641 MiB, 100 %, 532.10 W, 1980 MHz
2026/09/27 19:19:37.318, 7, 79641 MiB, 100 %, 511.67 W, 1980 MHz
2026/09/27 19:19:38.319, 0, 79641 MiB, 100 %, 510.18 W, 1650 MHz
2026/09/27 19:19:38.320, 1, 79641 MiB, 100 %, 544.51 W, 1980 MHz
2026/09/27 19:19:38.321, 2, 79641 MiB, 100 %, 529.96 W, 1980 MHz
2026/09/27 19:19:38.321, 3, 79641 MiB, 100 %, 535.05 W, 1980 MHz
2026/09/27 19:19:38.322, 4, 79641 MiB, 100 %, 526.53 W, 1980 MHz
2026/09/27 19:19:38.322, 5, 79641 MiB, 100 %, 542.36 W, 1980 MHz
2026/09/27 19:19:38.323, 6, 79641 MiB, 100 %, 537.73 W, 1980 MHz
2026/09/27 19:19:38.324, 7, 79641 MiB, 100 %, 524.45 W, 1980 MHz
2026/09/27 19:19:39.324, 0, 79641 MiB, 100 %, 504.74 W, 1500 MHz
2026/09/27 19:19:39.325, 1, 79641 MiB, 100 %, 549.12 W, 1980 MHz
2026/09/27 19:19:39.326, 2, 79641 MiB, 100 %, 537.61 W, 1980 MHz
2026/09/27 19:19:39.326, 3, 79641 MiB, 100 %, 533.20 W, 1980 MHz
2026/09/27 19:19:39.327, 4, 79641 MiB, 100 %, 528.65 W, 1980 MHz
2026/09/27 19:19:39.327, 5, 79641 MiB, 100 %, 544.76 W, 1980 MHz
2026/09/27 19:19:39.328, 6, 79641 MiB, 100 %, 537.93 W, 1980 MHz
2026/09/27 19:19:39.329, 7, 79641 MiB, 100 %, 532.50 W, 1980 MHz
2026/09/27 19:19:40.329, 0, 79641 MiB, 100 %, 484.79 W, 1560 MHz
2026/09/27 19:19:40.331, 1, 79641 MiB, 100 %, 532.46 W, 1980 MHz
2026/09/27 19:19:40.331, 2, 79641 MiB, 100 %, 530.26 W, 1980 MHz
2026/09/27 19:19:40.332, 3, 79641 MiB, 100 %, 518.72 W, 1980 MHz
2026/09/27 19:19:40.333, 4, 79641 MiB, 100 %, 508.47 W, 1980 MHz
2026/09/27 19:19:40.333, 5, 79641 MiB, 100 %, 527.22 W, 1980 MHz
2026/09/27 19:19:40.334, 6, 79641 MiB, 100 %, 526.91 W, 1980 MHz
2026/09/27 19:19:40.334, 7, 79641 MiB, 100 %, 523.44 W, 1980 MHz
2026/09/27 19:19:41.335, 0, 79641 MiB, 100 %, 510.68 W, 1545 MHz
2026/09/27 19:19:41.336, 1, 79641 MiB, 100 %, 532.21 W, 1980 MHz
2026/09/27 19:19:41.337, 2, 79641 MiB, 100 %, 526.98 W, 1980 MHz
2026/09/27 19:19:41.337, 3, 79641 MiB, 100 %, 523.85 W, 1980 MHz
2026/09/27 19:19:41.338, 4, 79641 MiB, 100 %, 516.06 W, 1980 MHz
2026/09/27 19:19:41.338, 5, 79641 MiB, 100 %, 536.63 W, 1980 MHz
2026/09/27 19:19:41.339, 6, 79641 MiB, 100 %, 540.21 W, 1980 MHz
2026/09/27 19:19:41.340, 7, 79641 MiB, 100 %, 518.85 W, 1980 MHz
2026/09/27 19:19:42.340, 0, 79641 MiB, 100 %, 506.59 W, 1575 MHz
2026/09/27 19:19:42.341, 1, 79641 MiB, 100 %, 537.64 W, 1980 MHz
2026/09/27 19:19:42.342, 2, 79641 MiB, 100 %, 542.59 W, 1980 MHz
2026/09/27 19:19:42.343, 3, 79641 MiB, 100 %, 526.85 W, 1980 MHz
2026/09/27 19:19:42.343, 4, 79641 MiB, 100 %, 517.26 W, 1980 MHz
2026/09/27 19:19:42.344, 5, 79641 MiB, 100 %, 537.90 W, 1980 MHz
2026/09/27 19:19:42.344, 6, 79641 MiB, 100 %, 539.47 W, 1980 MHz
2026/09/27 19:19:42.345, 7, 79641 MiB, 100 %, 532.16 W, 1980 MHz
2026/09/27 19:19:43.346, 0, 79641 MiB, 100 %, 498.68 W, 1590 MHz
2026/09/27 19:19:43.346, 1, 79641 MiB, 100 %, 549.32 W, 1980 MHz
2026/09/27 19:19:43.347, 2, 79641 MiB, 100 %, 535.94 W, 1980 MHz
2026/09/27 19:19:43.348, 3, 79641 MiB, 100 %, 528.56 W, 1980 MHz
2026/09/27 19:19:43.348, 4, 79641 MiB, 100 %, 528.31 W, 1980 MHz
2026/09/27 19:19:43.349, 5, 79641 MiB, 100 %, 548.51 W, 1980 MHz
2026/09/27 19:19:43.350, 6, 79641 MiB, 100 %, 538.06 W, 1980 MHz
2026/09/27 19:19:43.350, 7, 79641 MiB, 100 %, 530.77 W, 1980 MHz
2026/09/27 19:19:44.351, 0, 79641 MiB, 100 %, 463.29 W, 1545 MHz
2026/09/27 19:19:44.352, 1, 79641 MiB, 100 %, 515.76 W, 1980 MHz
2026/09/27 19:19:44.353, 2, 79641 MiB, 100 %, 514.76 W, 1980 MHz
2026/09/27 19:19:44.353, 3, 79641 MiB, 100 %, 506.64 W, 1980 MHz
2026/09/27 19:19:44.354, 4, 79641 MiB, 100 %, 505.74 W, 1980 MHz
2026/09/27 19:19:44.354, 5, 79641 MiB, 100 %, 518.57 W, 1980 MHz
2026/09/27 19:19:44.355, 6, 79641 MiB, 100 %, 514.92 W, 1980 MHz
2026/09/27 19:19:44.356, 7, 79641 MiB, 100 %, 508.20 W, 1980 MHz
2026/09/27 19:19:45.356, 0, 79641 MiB, 100 %, 477.16 W, 1560 MHz
2026/09/27 19:19:45.357, 1, 79641 MiB, 100 %, 525.41 W, 1980 MHz
2026/09/27 19:19:45.358, 2, 79641 MiB, 100 %, 534.79 W, 1980 MHz
2026/09/27 19:19:45.359, 3, 79641 MiB, 100 %, 517.65 W, 1980 MHz
2026/09/27 19:19:45.359, 4, 79641 MiB, 100 %, 504.90 W, 1980 MHz
2026/09/27 19:19:45.360, 5, 79641 MiB, 100 %, 526.73 W, 1980 MHz
2026/09/27 19:19:45.360, 6, 79641 MiB, 100 %, 532.09 W, 1980 MHz
2026/09/27 19:19:45.361, 7, 79641 MiB, 100 %, 516.31 W, 1980 MHz
2026/09/27 19:19:46.362, 0, 79641 MiB, 100 %, 504.50 W, 1560 MHz
2026/09/27 19:19:46.363, 1, 79641 MiB, 100 %, 548.32 W, 1980 MHz
2026/09/27 19:19:46.363, 2, 79641 MiB, 100 %, 536.34 W, 1980 MHz
2026/09/27 19:19:46.364, 3, 79641 MiB, 100 %, 538.31 W, 1980 MHz
2026/09/27 19:19:46.364, 4, 79641 MiB, 100 %, 526.34 W, 1980 MHz
2026/09/27 19:19:46.365, 5, 79641 MiB, 100 %, 546.59 W, 1980 MHz
2026/09/27 19:19:46.366, 6, 79641 MiB, 100 %, 548.12 W, 1980 MHz
2026/09/27 19:19:46.366, 7, 79641 MiB, 100 %, 531.56 W, 1980 MHz
2026/09/27 19:19:47.367, 0, 79641 MiB, 100 %, 506.83 W, 1785 MHz
2026/09/27 19:19:47.368, 1, 79641 MiB, 100 %, 540.91 W, 1980 MHz
2026/09/27 19:19:47.368, 2, 79641 MiB, 100 %, 537.47 W, 1980 MHz
2026/09/27 19:19:47.369, 3, 79641 MiB, 100 %, 531.08 W, 1980 MHz
2026/09/27 19:19:47.370, 4, 79641 MiB, 100 %, 523.32 W, 1980 MHz
2026/09/27 19:19:47.370, 5, 79641 MiB, 100 %, 537.25 W, 1980 MHz
2026/09/27 19:19:47.371, 6, 79641 MiB, 100 %, 536.40 W, 1980 MHz
2026/09/27 19:19:47.371, 7, 79641 MiB, 100 %, 535.18 W, 1980 MHz
2026/09/27 19:19:48.372, 0, 79641 MiB, 100 %, 486.52 W, 1575 MHz
2026/09/27 19:19:48.373, 1, 79641 MiB, 100 %, 523.50 W, 1980 MHz
2026/09/27 19:19:48.373, 2, 79641 MiB, 100 %, 524.24 W, 1980 MHz
2026/09/27 19:19:48.374, 3, 79641 MiB, 100 %, 520.49 W, 1980 MHz
2026/09/27 19:19:48.375, 4, 79641 MiB, 100 %, 504.17 W, 1980 MHz
2026/09/27 19:19:48.375, 5, 79641 MiB, 100 %, 530.20 W, 1980 MHz
2026/09/27 19:19:48.376, 6, 79641 MiB, 100 %, 530.49 W, 1980 MHz
2026/09/27 19:19:48.376, 7, 79641 MiB, 100 %, 508.80 W, 1980 MHz
2026/09/27 19:19:49.377, 0, 79641 MiB, 100 %, 502.98 W, 1620 MHz
2026/09/27 19:19:49.378, 1, 79641 MiB, 100 %, 541.12 W, 1980 MHz
2026/09/27 19:19:49.379, 2, 79641 MiB, 100 %, 548.15 W, 1980 MHz
2026/09/27 19:19:49.379, 3, 79641 MiB, 100 %, 528.52 W, 1980 MHz
2026/09/27 19:19:49.380, 4, 79641 MiB, 100 %, 522.96 W, 1980 MHz
2026/09/27 19:19:49.380, 5, 79641 MiB, 100 %, 541.96 W, 1980 MHz
2026/09/27 19:19:49.381, 6, 79641 MiB, 100 %, 539.68 W, 1980 MHz
2026/09/27 19:19:49.381, 7, 79641 MiB, 100 %, 524.13 W, 1980 MHz
2026/09/27 19:19:50.382, 0, 79641 MiB, 100 %, 518.39 W, 1755 MHz
2026/09/27 19:19:50.383, 1, 79641 MiB, 100 %, 553.99 W, 1980 MHz
2026/09/27 19:19:50.384, 2, 79641 MiB, 100 %, 543.54 W, 1980 MHz
2026/09/27 19:19:50.384, 3, 79641 MiB, 100 %, 537.98 W, 1980 MHz
2026/09/27 19:19:50.385, 4, 79641 MiB, 100 %, 532.73 W, 1980 MHz
2026/09/27 19:19:50.386, 5, 79641 MiB, 100 %, 537.67 W, 1980 MHz
2026/09/27 19:19:50.386, 6, 79641 MiB, 100 %, 548.15 W, 1980 MHz
2026/09/27 19:19:50.387, 7, 79641 MiB, 100 %, 533.92 W, 1980 MHz
2026/09/27 19:19:51.387, 0, 79641 MiB, 100 %, 533.89 W, 1695 MHz
2026/09/27 19:19:51.388, 1, 79641 MiB, 100 %, 540.92 W, 1980 MHz
2026/09/27 19:19:51.389, 2, 79641 MiB, 100 %, 530.18 W, 1980 MHz
2026/09/27 19:19:51.390, 3, 79641 MiB, 100 %, 529.87 W, 1980 MHz
2026/09/27 19:19:51.390, 4, 79641 MiB, 100 %, 518.37 W, 1980 MHz
2026/09/27 19:19:51.391, 5, 79641 MiB, 100 %, 532.89 W, 1980 MHz
2026/09/27 19:19:51.392, 6, 79641 MiB, 100 %, 534.13 W, 1980 MHz
2026/09/27 19:19:51.392, 7, 79641 MiB, 100 %, 526.23 W, 1980 MHz
2026/09/27 19:19:52.393, 0, 79641 MiB, 100 %, 522.52 W, 1605 MHz
2026/09/27 19:19:52.394, 1, 79641 MiB, 100 %, 540.87 W, 1980 MHz
2026/09/27 19:19:52.395, 2, 79641 MiB, 100 %, 538.93 W, 1980 MHz
2026/09/27 19:19:52.395, 3, 79641 MiB, 100 %, 532.77 W, 1980 MHz
2026/09/27 19:19:52.396, 4, 79641 MiB, 100 %, 532.22 W, 1980 MHz
2026/09/27 19:19:52.396, 5, 79641 MiB, 100 %, 541.41 W, 1980 MHz
2026/09/27 19:19:52.397, 6, 79641 MiB, 100 %, 543.77 W, 1980 MHz
2026/09/27 19:19:52.398, 7, 79641 MiB, 100 %, 521.42 W, 1980 MHz
2026/09/27 19:19:53.398, 0, 79641 MiB, 100 %, 519.13 W, 1710 MHz
2026/09/27 19:19:53.399, 1, 79641 MiB, 100 %, 551.80 W, 1980 MHz
2026/09/27 19:19:53.400, 2, 79641 MiB, 100 %, 543.47 W, 1980 MHz
2026/09/27 19:19:53.400, 3, 79641 MiB, 100 %, 536.93 W, 1980 MHz
2026/09/27 19:19:53.401, 4, 79641 MiB, 100 %, 527.55 W, 1980 MHz
2026/09/27 19:19:53.402, 5, 79641 MiB, 100 %, 538.96 W, 1980 MHz
2026/09/27 19:19:53.402, 6, 79641 MiB, 100 %, 546.24 W, 1980 MHz
2026/09/27 19:19:53.403, 7, 79641 MiB, 100 %, 532.76 W, 1980 MHz
2026/09/27 19:19:54.403, 0, 79641 MiB, 100 %, 522.73 W, 1755 MHz
2026/09/27 19:19:54.404, 1, 79641 MiB, 100 %, 544.20 W, 1980 MHz
2026/09/27 19:19:54.405, 2, 79641 MiB, 100 %, 540.98 W, 1980 MHz
2026/09/27 19:19:54.405, 3, 79641 MiB, 100 %, 534.64 W, 1980 MHz
2026/09/27 19:19:54.406, 4, 79641 MiB, 100 %, 524.33 W, 1980 MHz
2026/09/27 19:19:54.407, 5, 79641 MiB, 100 %, 543.35 W, 1980 MHz
2026/09/27 19:19:54.407, 6, 79641 MiB, 100 %, 538.17 W, 1980 MHz
2026/09/27 19:19:54.408, 7, 79641 MiB, 100 %, 530.18 W, 1980 MHz
2026/09/27 19:19:55.408, 0, 79641 MiB, 100 %, 527.41 W, 1665 MHz
2026/09/27 19:19:55.409, 1, 79641 MiB, 100 %, 537.14 W, 1980 MHz
2026/09/27 19:19:55.410, 2, 79641 MiB, 100 %, 527.87 W, 1980 MHz
2026/09/27 19:19:55.410, 3, 79641 MiB, 100 %, 522.34 W, 1980 MHz
2026/09/27 19:19:55.411, 4, 79641 MiB, 100 %, 520.64 W, 1980 MHz
2026/09/27 19:19:55.412, 5, 79641 MiB, 100 %, 544.30 W, 1980 MHz
2026/09/27 19:19:55.412, 6, 79641 MiB, 100 %, 544.10 W, 1980 MHz
2026/09/27 19:19:55.413, 7, 79641 MiB, 100 %, 525.42 W, 1980 MHz
2026/09/27 19:19:56.414, 0, 79641 MiB, 100 %, 521.56 W, 1620 MHz
2026/09/27 19:19:56.414, 1, 79641 MiB, 100 %, 544.27 W, 1980 MHz
2026/09/27 19:19:56.415, 2, 79641 MiB, 100 %, 539.57 W, 1980 MHz
2026/09/27 19:19:56.416, 3, 79641 MiB, 100 %, 537.49 W, 1980 MHz
2026/09/27 19:19:56.416, 4, 79641 MiB, 100 %, 524.08 W, 1980 MHz
2026/09/27 19:19:56.417, 5, 79641 MiB, 100 %, 539.87 W, 1980 MHz
2026/09/27 19:19:56.417, 6, 79641 MiB, 100 %, 545.46 W, 1980 MHz
2026/09/27 19:19:56.418, 7, 79641 MiB, 100 %, 536.19 W, 1980 MHz
2026/09/27 19:19:57.418, 0, 79641 MiB, 100 %, 507.16 W, 1725 MHz
2026/09/27 19:19:57.419, 1, 79641 MiB, 100 %, 540.62 W, 1980 MHz
2026/09/27 19:19:57.420, 2, 79641 MiB, 100 %, 535.97 W, 1980 MHz
2026/09/27 19:19:57.421, 3, 79641 MiB, 100 %, 532.13 W, 1980 MHz
2026/09/27 19:19:57.421, 4, 79641 MiB, 100 %, 519.98 W, 1980 MHz
2026/09/27 19:19:57.422, 5, 79641 MiB, 100 %, 539.09 W, 1980 MHz
2026/09/27 19:19:57.422, 6, 79641 MiB, 100 %, 542.38 W, 1980 MHz
2026/09/27 19:19:57.423, 7, 79641 MiB, 100 %, 532.37 W, 1980 MHz
2026/09/27 19:19:58.424, 0, 79641 MiB, 100 %, 437.35 W, 1980 MHz
2026/09/27 19:19:58.424, 1, 79641 MiB, 100 %, 408.81 W, 1980 MHz
2026/09/27 19:19:58.425, 2, 79641 MiB, 100 %, 409.19 W, 1980 MHz
2026/09/27 19:19:58.426, 3, 79641 MiB, 100 %, 388.74 W, 1980 MHz
2026/09/27 19:19:58.426, 4, 79641 MiB, 100 %, 392.27 W, 1980 MHz
2026/09/27 19:19:58.427, 5, 79641 MiB, 100 %, 408.21 W, 1980 MHz
2026/09/27 19:19:58.428, 6, 79641 MiB, 100 %, 396.00 W, 1980 MHz
2026/09/27 19:19:58.428, 7, 79641 MiB, 100 %, 396.05 W, 1980 MHz
2026/09/27 19:19:59.429, 0, 79641 MiB, 100 %, 393.62 W, 1980 MHz
2026/09/27 19:19:59.430, 1, 79641 MiB, 100 %, 331.97 W, 1980 MHz
2026/09/27 19:19:59.430, 2, 79641 MiB, 100 %, 328.83 W, 1980 MHz
2026/09/27 19:19:59.431, 3, 79641 MiB, 100 %, 325.98 W, 1980 MHz
2026/09/27 19:19:59.431, 4, 79641 MiB, 100 %, 321.16 W, 1980 MHz
2026/09/27 19:19:59.432, 5, 79641 MiB, 100 %, 323.59 W, 1980 MHz
2026/09/27 19:19:59.433, 6, 79641 MiB, 100 %, 334.34 W, 1980 MHz
2026/09/27 19:19:59.433, 7, 79641 MiB, 100 %, 327.24 W, 1980 MHz
2026/09/27 19:20:00.434, 0, 79641 MiB, 100 %, 474.36 W, 1935 MHz
2026/09/27 19:20:00.435, 1, 79641 MiB, 100 %, 419.66 W, 1980 MHz
2026/09/27 19:20:00.436, 2, 79641 MiB, 100 %, 413.20 W, 1980 MHz
2026/09/27 19:20:00.436, 3, 79641 MiB, 100 %, 420.95 W, 1980 MHz
2026/09/27 19:20:00.437, 4, 79641 MiB, 100 %, 402.89 W, 1980 MHz
2026/09/27 19:20:00.438, 5, 79641 MiB, 100 %, 410.60 W, 1980 MHz
2026/09/27 19:20:00.438, 6, 79641 MiB, 100 %, 421.45 W, 1980 MHz
2026/09/27 19:20:00.439, 7, 79641 MiB, 100 %, 407.35 W, 1980 MHz
2026/09/27 19:20:01.439, 0, 79641 MiB, 100 %, 574.87 W, 1785 MHz
2026/09/27 19:20:01.440, 1, 79641 MiB, 100 %, 539.90 W, 1980 MHz
2026/09/27 19:20:01.441, 2, 79641 MiB, 100 %, 535.64 W, 1980 MHz
2026/09/27 19:20:01.442, 3, 79641 MiB, 100 %, 530.85 W, 1980 MHz
2026/09/27 19:20:01.442, 4, 79641 MiB, 100 %, 521.27 W, 1980 MHz
2026/09/27 19:20:01.443, 5, 79641 MiB, 100 %, 553.74 W, 1980 MHz
2026/09/27 19:20:01.443, 6, 79641 MiB, 100 %, 551.41 W, 1980 MHz
2026/09/27 19:20:01.444, 7, 79641 MiB, 100 %, 531.65 W, 1980 MHz
2026/09/27 19:20:02.445, 0, 79641 MiB, 100 %, 508.50 W, 1590 MHz
2026/09/27 19:20:02.446, 1, 79641 MiB, 100 %, 547.05 W, 1980 MHz
2026/09/27 19:20:02.446, 2, 79641 MiB, 100 %, 540.66 W, 1980 MHz
2026/09/27 19:20:02.447, 3, 79641 MiB, 100 %, 523.67 W, 1980 MHz
2026/09/27 19:20:02.448, 4, 79641 MiB, 100 %, 520.96 W, 1980 MHz
2026/09/27 19:20:02.448, 5, 79641 MiB, 100 %, 542.80 W, 1980 MHz
2026/09/27 19:20:02.449, 6, 79641 MiB, 100 %, 541.69 W, 1980 MHz
2026/09/27 19:20:02.449, 7, 79641 MiB, 100 %, 533.04 W, 1980 MHz
2026/09/27 19:20:03.450, 0, 79641 MiB, 100 %, 516.92 W, 1830 MHz
2026/09/27 19:20:03.451, 1, 79641 MiB, 100 %, 540.97 W, 1980 MHz
2026/09/27 19:20:03.452, 2, 79641 MiB, 100 %, 537.81 W, 1980 MHz
2026/09/27 19:20:03.452, 3, 79641 MiB, 100 %, 533.58 W, 1980 MHz
2026/09/27 19:20:03.453, 4, 79641 MiB, 100 %, 524.52 W, 1980 MHz
2026/09/27 19:20:03.453, 5, 79641 MiB, 100 %, 553.26 W, 1980 MHz
2026/09/27 19:20:03.454, 6, 79641 MiB, 100 %, 543.66 W, 1980 MHz
2026/09/27 19:20:03.454, 7, 79641 MiB, 100 %, 536.00 W, 1980 MHz
2026/09/27 19:20:04.455, 0, 79641 MiB, 100 %, 518.92 W, 1500 MHz
2026/09/27 19:20:04.456, 1, 79641 MiB, 100 %, 526.30 W, 1980 MHz
2026/09/27 19:20:04.457, 2, 79641 MiB, 100 %, 523.26 W, 1980 MHz
2026/09/27 19:20:04.457, 3, 79641 MiB, 100 %, 523.12 W, 1980 MHz
2026/09/27 19:20:04.458, 4, 79641 MiB, 100 %, 517.23 W, 1980 MHz
2026/09/27 19:20:04.458, 5, 79641 MiB, 100 %, 536.48 W, 1980 MHz
2026/09/27 19:20:04.459, 6, 79641 MiB, 100 %, 528.06 W, 1980 MHz
2026/09/27 19:20:04.459, 7, 79641 MiB, 100 %, 522.16 W, 1980 MHz
2026/09/27 19:20:05.460, 0, 79641 MiB, 100 %, 470.87 W, 1575 MHz
2026/09/27 19:20:05.461, 1, 79641 MiB, 100 %, 515.86 W, 1980 MHz
2026/09/27 19:20:05.462, 2, 79641 MiB, 100 %, 529.51 W, 1980 MHz
2026/09/27 19:20:05.462, 3, 79641 MiB, 100 %, 516.38 W, 1980 MHz
2026/09/27 19:20:05.463, 4, 79641 MiB, 100 %, 504.30 W, 1980 MHz
2026/09/27 19:20:05.464, 5, 79641 MiB, 100 %, 533.68 W, 1980 MHz
2026/09/27 19:20:05.464, 6, 79641 MiB, 100 %, 531.23 W, 1980 MHz
2026/09/27 19:20:05.465, 7, 79641 MiB, 100 %, 516.63 W, 1980 MHz
2026/09/27 19:20:06.465, 0, 79641 MiB, 100 %, 498.71 W, 1770 MHz
2026/09/27 19:20:06.466, 1, 79641 MiB, 100 %, 546.27 W, 1980 MHz
2026/09/27 19:20:06.467, 2, 79641 MiB, 100 %, 534.64 W, 1980 MHz
2026/09/27 19:20:06.468, 3, 79641 MiB, 100 %, 531.53 W, 1980 MHz
2026/09/27 19:20:06.468, 4, 79641 MiB, 100 %, 521.86 W, 1980 MHz
2026/09/27 19:20:06.469, 5, 79641 MiB, 100 %, 544.58 W, 1980 MHz
2026/09/27 19:20:06.469, 6, 79641 MiB, 100 %, 536.93 W, 1980 MHz
2026/09/27 19:20:06.470, 7, 79641 MiB, 100 %, 526.53 W, 1980 MHz
2026/09/27 19:20:07.471, 0, 79641 MiB, 100 %, 507.54 W, 1680 MHz
2026/09/27 19:20:07.472, 1, 79641 MiB, 100 %, 536.34 W, 1980 MHz
2026/09/27 19:20:07.473, 2, 79641 MiB, 100 %, 538.47 W, 1980 MHz
2026/09/27 19:20:07.473, 3, 79641 MiB, 100 %, 535.63 W, 1980 MHz
2026/09/27 19:20:07.474, 4, 79641 MiB, 100 %, 516.84 W, 1980 MHz
2026/09/27 19:20:07.474, 5, 79641 MiB, 100 %, 545.29 W, 1980 MHz
2026/09/27 19:20:07.475, 6, 79641 MiB, 100 %, 540.30 W, 1980 MHz
2026/09/27 19:20:07.476, 7, 79641 MiB, 100 %, 536.72 W, 1980 MHz
2026/09/27 19:20:08.476, 0, 79641 MiB, 100 %, 515.11 W, 1635 MHz
2026/09/27 19:20:08.477, 1, 79641 MiB, 100 %, 524.69 W, 1980 MHz
2026/09/27 19:20:08.478, 2, 79641 MiB, 100 %, 533.44 W, 1980 MHz
2026/09/27 19:20:08.478, 3, 79641 MiB, 100 %, 531.33 W, 1980 MHz
2026/09/27 19:20:08.479, 4, 79641 MiB, 100 %, 511.66 W, 1980 MHz
2026/09/27 19:20:08.479, 5, 79641 MiB, 100 %, 540.43 W, 1980 MHz
2026/09/27 19:20:08.480, 6, 79641 MiB, 100 %, 534.54 W, 1980 MHz
2026/09/27 19:20:08.481, 7, 79641 MiB, 100 %, 513.43 W, 1980 MHz
2026/09/27 19:20:09.481, 0, 79641 MiB, 100 %, 526.46 W, 1650 MHz
2026/09/27 19:20:09.482, 1, 79641 MiB, 100 %, 543.64 W, 1980 MHz
2026/09/27 19:20:09.483, 2, 79641 MiB, 100 %, 537.50 W, 1980 MHz
2026/09/27 19:20:09.484, 3, 79641 MiB, 100 %, 535.71 W, 1980 MHz
2026/09/27 19:20:09.484, 4, 79641 MiB, 100 %, 525.87 W, 1980 MHz
2026/09/27 19:20:09.485, 5, 79641 MiB, 100 %, 545.97 W, 1980 MHz
2026/09/27 19:20:09.485, 6, 79641 MiB, 100 %, 543.76 W, 1980 MHz
2026/09/27 19:20:09.486, 7, 79641 MiB, 100 %, 531.72 W, 1980 MHz
2026/09/27 19:20:10.486, 0, 79641 MiB, 100 %, 470.46 W, 1530 MHz
2026/09/27 19:20:10.487, 1, 79641 MiB, 100 %, 537.88 W, 1980 MHz
2026/09/27 19:20:10.488, 2, 79641 MiB, 100 %, 520.62 W, 1980 MHz
2026/09/27 19:20:10.489, 3, 79641 MiB, 100 %, 526.59 W, 1980 MHz
2026/09/27 19:20:10.489, 4, 79641 MiB, 100 %, 520.74 W, 1980 MHz
2026/09/27 19:20:10.490, 5, 79641 MiB, 100 %, 535.17 W, 1980 MHz
2026/09/27 19:20:10.490, 6, 79641 MiB, 100 %, 522.47 W, 1980 MHz
2026/09/27 19:20:10.491, 7, 79641 MiB, 100 %, 527.19 W, 1980 MHz
2026/09/27 19:20:11.491, 0, 79641 MiB, 100 %, 472.52 W, 1590 MHz
2026/09/27 19:20:11.492, 1, 79641 MiB, 100 %, 519.78 W, 1980 MHz
2026/09/27 19:20:11.493, 2, 79641 MiB, 100 %, 527.77 W, 1980 MHz
2026/09/27 19:20:11.494, 3, 79641 MiB, 100 %, 508.71 W, 1980 MHz
2026/09/27 19:20:11.494, 4, 79641 MiB, 100 %, 505.76 W, 1980 MHz
2026/09/27 19:20:11.495, 5, 79641 MiB, 100 %, 535.27 W, 1980 MHz
2026/09/27 19:20:11.496, 6, 79641 MiB, 100 %, 531.99 W, 1980 MHz
2026/09/27 19:20:11.496, 7, 79641 MiB, 100 %, 516.73 W, 1980 MHz
2026/09/27 19:20:12.497, 0, 79641 MiB, 100 %, 495.57 W, 1545 MHz
2026/09/27 19:20:12.498, 1, 79641 MiB, 100 %, 530.93 W, 1980 MHz
2026/09/27 19:20:12.498, 2, 79641 MiB, 100 %, 527.31 W, 1980 MHz
2026/09/27 19:20:12.499, 3, 79641 MiB, 100 %, 523.09 W, 1980 MHz
2026/09/27 19:20:12.500, 4, 79641 MiB, 100 %, 513.35 W, 1980 MHz
2026/09/27 19:20:12.500, 5, 79641 MiB, 100 %, 547.15 W, 1980 MHz
2026/09/27 19:20:12.501, 6, 79641 MiB, 100 %, 537.93 W, 1980 MHz
2026/09/27 19:20:12.501, 7, 79641 MiB, 100 %, 514.82 W, 1980 MHz
2026/09/27 19:20:13.502, 0, 79641 MiB, 100 %, 509.49 W, 1785 MHz
2026/09/27 19:20:13.503, 1, 79641 MiB, 100 %, 542.70 W, 1980 MHz
2026/09/27 19:20:13.503, 2, 79641 MiB, 100 %, 541.88 W, 1980 MHz
2026/09/27 19:20:13.504, 3, 79641 MiB, 100 %, 535.60 W, 1980 MHz
2026/09/27 19:20:13.505, 4, 79641 MiB, 100 %, 527.01 W, 1980 MHz
2026/09/27 19:20:13.505, 5, 79641 MiB, 100 %, 542.49 W, 1980 MHz
2026/09/27 19:20:13.506, 6, 79641 MiB, 100 %, 542.91 W, 1980 MHz
2026/09/27 19:20:13.506, 7, 79641 MiB, 100 %, 530.26 W, 1980 MHz
2026/09/27 19:20:14.507, 0, 79641 MiB, 100 %, 512.41 W, 1815 MHz
2026/09/27 19:20:14.508, 1, 79641 MiB, 100 %, 539.26 W, 1980 MHz
2026/09/27 19:20:14.511, 2, 79641 MiB, 100 %, 540.77 W, 1980 MHz
2026/09/27 19:20:14.511, 3, 79641 MiB, 100 %, 543.11 W, 1980 MHz
2026/09/27 19:20:14.512, 4, 79641 MiB, 100 %, 520.08 W, 1980 MHz
2026/09/27 19:20:14.513, 5, 79641 MiB, 100 %, 552.13 W, 1980 MHz
2026/09/27 19:20:14.515, 6, 79641 MiB, 100 %, 544.29 W, 1980 MHz
2026/09/27 19:20:14.516, 7, 79641 MiB, 100 %, 530.52 W, 1980 MHz
2026/09/27 19:20:15.516, 0, 79641 MiB, 100 %, 531.18 W, 1620 MHz
2026/09/27 19:20:15.517, 1, 79641 MiB, 100 %, 537.65 W, 1980 MHz
2026/09/27 19:20:15.518, 2, 79641 MiB, 100 %, 526.76 W, 1980 MHz
2026/09/27 19:20:15.518, 3, 79641 MiB, 100 %, 522.80 W, 1980 MHz
2026/09/27 19:20:15.519, 4, 79641 MiB, 100 %, 524.77 W, 1980 MHz
2026/09/27 19:20:15.520, 5, 79641 MiB, 100 %, 544.15 W, 1980 MHz
2026/09/27 19:20:15.520, 6, 79641 MiB, 100 %, 535.24 W, 1980 MHz
2026/09/27 19:20:15.521, 7, 79641 MiB, 100 %, 526.50 W, 1980 MHz
2026/09/27 19:20:16.521, 0, 79641 MiB, 100 %, 542.09 W, 1620 MHz
2026/09/27 19:20:16.522, 1, 79641 MiB, 100 %, 538.99 W, 1980 MHz
2026/09/27 19:20:16.524, 2, 79641 MiB, 100 %, 541.44 W, 1980 MHz
2026/09/27 19:20:16.526, 3, 79641 MiB, 100 %, 542.21 W, 1980 MHz
2026/09/27 19:20:16.527, 4, 79641 MiB, 100 %, 530.43 W, 1980 MHz
2026/09/27 19:20:16.529, 5, 79641 MiB, 100 %, 544.78 W, 1980 MHz
2026/09/27 19:20:16.530, 6, 79641 MiB, 100 %, 546.27 W, 1980 MHz
2026/09/27 19:20:16.530, 7, 79641 MiB, 100 %, 530.51 W, 1980 MHz
2026/09/27 19:20:17.531, 0, 79641 MiB, 100 %, 507.99 W, 1725 MHz
2026/09/27 19:20:17.533, 1, 79641 MiB, 100 %, 538.70 W, 1980 MHz
2026/09/27 19:20:17.533, 2, 79641 MiB, 100 %, 542.30 W, 1980 MHz
2026/09/27 19:20:17.534, 3, 79641 MiB, 100 %, 529.76 W, 1980 MHz
2026/09/27 19:20:17.534, 4, 79641 MiB, 100 %, 521.79 W, 1980 MHz
2026/09/27 19:20:17.535, 5, 79641 MiB, 100 %, 546.73 W, 1980 MHz
2026/09/27 19:20:17.535, 6, 79641 MiB, 100 %, 546.14 W, 1980 MHz
2026/09/27 19:20:17.536, 7, 79641 MiB, 100 %, 525.62 W, 1980 MHz
2026/09/27 19:20:18.536, 0, 79641 MiB, 100 %, 520.49 W, 1830 MHz
2026/09/27 19:20:18.537, 1, 79641 MiB, 100 %, 532.87 W, 1980 MHz
2026/09/27 19:20:18.538, 2, 79641 MiB, 100 %, 529.75 W, 1980 MHz
2026/09/27 19:20:18.538, 3, 79641 MiB, 100 %, 534.70 W, 1980 MHz
2026/09/27 19:20:18.539, 4, 79641 MiB, 100 %, 531.49 W, 1980 MHz
2026/09/27 19:20:18.540, 5, 79641 MiB, 100 %, 542.91 W, 1980 MHz
2026/09/27 19:20:18.540, 6, 79641 MiB, 100 %, 546.63 W, 1980 MHz
2026/09/27 19:20:18.541, 7, 79641 MiB, 100 %, 527.58 W, 1980 MHz
2026/09/27 19:20:19.541, 0, 79641 MiB, 100 %, 547.19 W, 1830 MHz
2026/09/27 19:20:19.542, 1, 79641 MiB, 100 %, 541.89 W, 1980 MHz
2026/09/27 19:20:19.543, 2, 79641 MiB, 100 %, 539.94 W, 1980 MHz
2026/09/27 19:20:19.543, 3, 79641 MiB, 100 %, 527.70 W, 1980 MHz
2026/09/27 19:20:19.544, 4, 79641 MiB, 100 %, 519.14 W, 1980 MHz
2026/09/27 19:20:19.544, 5, 79641 MiB, 100 %, 549.86 W, 1980 MHz
2026/09/27 19:20:19.545, 6, 79641 MiB, 100 %, 537.09 W, 1980 MHz
2026/09/27 19:20:19.545, 7, 79641 MiB, 100 %, 531.22 W, 1980 MHz
2026/09/27 19:20:20.546, 0, 79641 MiB, 100 %, 528.89 W, 1770 MHz
2026/09/27 19:20:20.547, 1, 79641 MiB, 100 %, 540.04 W, 1980 MHz
2026/09/27 19:20:20.547, 2, 79641 MiB, 100 %, 533.37 W, 1980 MHz
2026/09/27 19:20:20.548, 3, 79641 MiB, 100 %, 534.73 W, 1980 MHz
2026/09/27 19:20:20.548, 4, 79641 MiB, 100 %, 525.40 W, 1980 MHz
2026/09/27 19:20:20.549, 5, 79641 MiB, 100 %, 545.53 W, 1980 MHz
2026/09/27 19:20:20.549, 6, 79641 MiB, 100 %, 547.53 W, 1980 MHz
2026/09/27 19:20:20.550, 7, 79641 MiB, 100 %, 532.06 W, 1980 MHz
2026/09/27 19:20:21.551, 0, 79641 MiB, 100 %, 530.66 W, 1695 MHz
2026/09/27 19:20:21.552, 1, 79641 MiB, 100 %, 542.59 W, 1980 MHz
2026/09/27 19:20:21.552, 2, 79641 MiB, 100 %, 542.85 W, 1980 MHz
2026/09/27 19:20:21.553, 3, 79641 MiB, 100 %, 537.18 W, 1980 MHz
2026/09/27 19:20:21.553, 4, 79641 MiB, 100 %, 531.31 W, 1980 MHz
2026/09/27 19:20:21.554, 5, 79641 MiB, 100 %, 548.07 W, 1980 MHz
2026/09/27 19:20:21.555, 6, 79641 MiB, 100 %, 548.56 W, 1980 MHz
2026/09/27 19:20:21.555, 7, 79641 MiB, 100 %, 532.94 W, 1980 MHz
2026/09/27 19:20:22.556, 0, 79641 MiB, 100 %, 520.33 W, 1785 MHz
2026/09/27 19:20:22.557, 1, 79641 MiB, 100 %, 540.73 W, 1980 MHz
2026/09/27 19:20:22.558, 2, 79641 MiB, 100 %, 537.75 W, 1980 MHz
2026/09/27 19:20:22.558, 3, 79641 MiB, 100 %, 524.16 W, 1980 MHz
2026/09/27 19:20:22.559, 4, 79641 MiB, 100 %, 521.41 W, 1980 MHz
2026/09/27 19:20:22.559, 5, 79641 MiB, 100 %, 544.14 W, 1980 MHz
2026/09/27 19:20:22.560, 6, 79641 MiB, 100 %, 529.12 W, 1980 MHz
2026/09/27 19:20:22.561, 7, 79641 MiB, 100 %, 525.29 W, 1980 MHz
2026/09/27 19:20:23.561, 0, 79641 MiB, 100 %, 516.38 W, 1680 MHz
2026/09/27 19:20:23.562, 1, 79641 MiB, 100 %, 530.42 W, 1980 MHz
2026/09/27 19:20:23.563, 2, 79641 MiB, 100 %, 530.48 W, 1980 MHz
2026/09/27 19:20:23.563, 3, 79641 MiB, 100 %, 533.32 W, 1980 MHz
2026/09/27 19:20:23.564, 4, 79641 MiB, 100 %, 518.81 W, 1980 MHz
2026/09/27 19:20:23.565, 5, 79641 MiB, 100 %, 542.94 W, 1980 MHz
2026/09/27 19:20:23.565, 6, 79641 MiB, 100 %, 535.28 W, 1980 MHz
2026/09/27 19:20:23.566, 7, 79641 MiB, 100 %, 527.06 W, 1980 MHz
2026/09/27 19:20:24.567, 0, 79641 MiB, 100 %, 525.34 W, 1680 MHz
2026/09/27 19:20:24.567, 1, 79641 MiB, 100 %, 541.28 W, 1980 MHz
2026/09/27 19:20:24.568, 2, 79641 MiB, 100 %, 544.50 W, 1980 MHz
2026/09/27 19:20:24.569, 3, 79641 MiB, 100 %, 541.54 W, 1980 MHz
2026/09/27 19:20:24.570, 4, 79641 MiB, 100 %, 532.74 W, 1980 MHz
2026/09/27 19:20:24.570, 5, 79641 MiB, 100 %, 553.72 W, 1980 MHz
2026/09/27 19:20:24.571, 6, 79641 MiB, 100 %, 551.50 W, 1980 MHz
2026/09/27 19:20:24.571, 7, 79641 MiB, 100 %, 528.29 W, 1980 MHz
2026/09/27 19:20:25.572, 0, 79641 MiB, 100 %, 490.10 W, 1545 MHz
2026/09/27 19:20:25.573, 1, 79641 MiB, 100 %, 534.31 W, 1980 MHz
2026/09/27 19:20:25.573, 2, 79641 MiB, 100 %, 535.18 W, 1980 MHz
2026/09/27 19:20:25.574, 3, 79641 MiB, 100 %, 525.34 W, 1980 MHz
2026/09/27 19:20:25.575, 4, 79641 MiB, 100 %, 526.15 W, 1980 MHz
2026/09/27 19:20:25.575, 5, 79641 MiB, 100 %, 544.66 W, 1980 MHz
2026/09/27 19:20:25.576, 6, 79641 MiB, 100 %, 536.83 W, 1980 MHz
2026/09/27 19:20:25.576, 7, 79641 MiB, 100 %, 522.59 W, 1980 MHz
2026/09/27 19:20:26.577, 0, 79641 MiB, 100 %, 505.01 W, 1590 MHz
2026/09/27 19:20:26.578, 1, 79641 MiB, 100 %, 532.84 W, 1980 MHz
2026/09/27 19:20:26.578, 2, 79641 MiB, 100 %, 538.10 W, 1980 MHz
2026/09/27 19:20:26.579, 3, 79641 MiB, 100 %, 520.31 W, 1980 MHz
2026/09/27 19:20:26.579, 4, 79641 MiB, 100 %, 519.34 W, 1980 MHz
2026/09/27 19:20:26.580, 5, 79641 MiB, 100 %, 534.95 W, 1980 MHz
2026/09/27 19:20:26.581, 6, 79641 MiB, 100 %, 529.12 W, 1980 MHz
2026/09/27 19:20:26.581, 7, 79641 MiB, 100 %, 528.96 W, 1980 MHz
2026/09/27 19:20:27.582, 0, 79641 MiB, 100 %, 539.69 W, 1650 MHz
2026/09/27 19:20:27.582, 1, 79641 MiB, 100 %, 536.90 W, 1980 MHz
2026/09/27 19:20:27.583, 2, 79641 MiB, 100 %, 540.88 W, 1980 MHz
2026/09/27 19:20:27.584, 3, 79641 MiB, 100 %, 530.52 W, 1980 MHz
2026/09/27 19:20:27.584, 4, 79641 MiB, 100 %, 526.23 W, 1980 MHz
2026/09/27 19:20:27.585, 5, 79641 MiB, 100 %, 552.15 W, 1980 MHz
2026/09/27 19:20:27.585, 6, 79641 MiB, 100 %, 548.03 W, 1980 MHz
2026/09/27 19:20:27.586, 7, 79641 MiB, 100 %, 529.69 W, 1980 MHz
2026/09/27 19:20:28.587, 0, 79641 MiB, 100 %, 532.61 W, 1635 MHz
2026/09/27 19:20:28.587, 1, 79641 MiB, 100 %, 547.38 W, 1980 MHz
2026/09/27 19:20:28.588, 2, 79641 MiB, 100 %, 551.86 W, 1980 MHz
2026/09/27 19:20:28.588, 3, 79641 MiB, 100 %, 546.73 W, 1980 MHz
2026/09/27 19:20:28.589, 4, 79641 MiB, 100 %, 537.38 W, 1980 MHz
2026/09/27 19:20:28.590, 5, 79641 MiB, 100 %, 555.25 W, 1980 MHz
2026/09/27 19:20:28.590, 6, 79641 MiB, 100 %, 553.51 W, 1980 MHz
2026/09/27 19:20:28.591, 7, 79641 MiB, 100 %, 538.74 W, 1980 MHz
2026/09/27 19:20:29.591, 0, 79641 MiB, 100 %, 402.58 W, 1980 MHz
2026/09/27 19:20:29.592, 1, 79641 MiB, 100 %, 362.91 W, 1980 MHz
2026/09/27 19:20:29.593, 2, 79641 MiB, 100 %, 349.90 W, 1980 MHz
2026/09/27 19:20:29.593, 3, 79641 MiB, 100 %, 347.45 W, 1980 MHz
2026/09/27 19:20:29.594, 4, 79641 MiB, 100 %, 356.83 W, 1980 MHz
2026/09/27 19:20:29.594, 5, 79641 MiB, 100 %, 337.26 W, 1980 MHz
2026/09/27 19:20:29.595, 6, 79641 MiB, 100 %, 350.08 W, 1980 MHz
2026/09/27 19:20:29.595, 7, 79641 MiB, 100 %, 350.26 W, 1980 MHz
2026/09/27 19:20:30.596, 0, 79641 MiB, 100 %, 394.86 W, 1980 MHz
2026/09/27 19:20:30.597, 1, 79641 MiB, 100 %, 335.89 W, 1980 MHz
2026/09/27 19:20:30.597, 2, 79641 MiB, 100 %, 328.92 W, 1980 MHz
2026/09/27 19:20:30.598, 3, 79641 MiB, 100 %, 329.44 W, 1980 MHz
2026/09/27 19:20:30.599, 4, 79641 MiB, 100 %, 326.16 W, 1980 MHz
2026/09/27 19:20:30.599, 5, 79641 MiB, 100 %, 324.35 W, 1980 MHz
2026/09/27 19:20:30.600, 6, 79641 MiB, 100 %, 336.07 W, 1980 MHz
2026/09/27 19:20:30.600, 7, 79641 MiB, 100 %, 325.63 W, 1980 MHz
2026/09/27 19:20:31.601, 0, 79641 MiB, 0 %, 288.44 W, 1980 MHz
2026/09/27 19:20:31.602, 1, 79641 MiB, 0 %, 221.06 W, 1980 MHz
2026/09/27 19:20:31.604, 2, 79641 MiB, 0 %, 224.47 W, 1980 MHz
2026/09/27 19:20:31.604, 3, 79641 MiB, 0 %, 225.09 W, 1980 MHz
2026/09/27 19:20:31.605, 4, 79641 MiB, 0 %, 214.82 W, 1980 MHz
2026/09/27 19:20:31.606, 5, 79641 MiB, 0 %, 223.12 W, 1980 MHz
2026/09/27 19:20:31.606, 6, 79641 MiB, 0 %, 233.88 W, 1980 MHz
2026/09/27 19:20:31.607, 7, 79641 MiB, 0 %, 210.04 W, 1980 MHz
