timestamp, index, memory.used [MiB], utilization.gpu [%], power.draw [W], clocks.current.sm [MHz], utilization.memory [%], temperature.gpu
2026/10/10 16:16:00.405, 0, 75475 MiB, 0 %, 261.45 W, 1980 MHz, 0 %, 35
2026/10/10 16:16:00.417, 1, 75475 MiB, 0 %, 277.51 W, 1980 MHz, 0 %, 58
2026/10/10 16:16:00.425, 2, 75475 MiB, 0 %, 266.51 W, 1980 MHz, 0 %, 41
2026/10/10 16:16:00.432, 3, 75475 MiB, 0 %, 251.42 W, 1980 MHz, 0 %, 34
2026/10/10 16:16:00.439, 4, 75475 MiB, 0 %, 250.95 W, 1980 MHz, 0 %, 35
2026/10/10 16:16:00.447, 5, 75475 MiB, 0 %, 259.97 W, 1980 MHz, 0 %, 39
2026/10/10 16:16:00.454, 6, 75475 MiB, 0 %, 243.56 W, 1980 MHz, 0 %, 37
2026/10/10 16:16:00.461, 7, 75475 MiB, 0 %, 278.01 W, 1980 MHz, 0 %, 69
2026/10/10 16:16:01.468, 0, 75475 MiB, 0 %, 122.59 W, 1980 MHz, 0 %, 33
2026/10/10 16:16:01.468, 1, 75475 MiB, 0 %, 136.97 W, 1980 MHz, 0 %, 57
2026/10/10 16:16:01.468, 2, 75475 MiB, 0 %, 124.09 W, 1980 MHz, 0 %, 38
2026/10/10 16:16:01.469, 3, 75475 MiB, 0 %, 120.43 W, 1980 MHz, 0 %, 32
2026/10/10 16:16:01.469, 4, 75475 MiB, 0 %, 117.23 W, 1980 MHz, 0 %, 33
2026/10/10 16:16:01.469, 5, 75475 MiB, 0 %, 122.53 W, 1980 MHz, 0 %, 37
2026/10/10 16:16:01.469, 6, 75475 MiB, 0 %, 116.32 W, 1980 MHz, 0 %, 34
2026/10/10 16:16:01.469, 7, 75475 MiB, 0 %, 145.71 W, 1980 MHz, 0 %, 68
2026/10/10 16:16:02.469, 0, 75475 MiB, 0 %, 121.32 W, 1980 MHz, 0 %, 32
2026/10/10 16:16:02.469, 1, 75475 MiB, 0 %, 136.03 W, 1980 MHz, 0 %, 56
2026/10/10 16:16:02.469, 2, 75475 MiB, 0 %, 123.28 W, 1980 MHz, 0 %, 37
2026/10/10 16:16:02.469, 3, 75475 MiB, 0 %, 118.93 W, 1980 MHz, 0 %, 31
2026/10/10 16:16:02.469, 4, 75475 MiB, 0 %, 116.92 W, 1980 MHz, 0 %, 32
2026/10/10 16:16:02.469, 5, 75475 MiB, 0 %, 121.42 W, 1980 MHz, 0 %, 36
2026/10/10 16:16:02.469, 6, 75475 MiB, 0 %, 115.55 W, 1980 MHz, 0 %, 33
2026/10/10 16:16:02.469, 7, 75475 MiB, 0 %, 144.39 W, 1980 MHz, 0 %, 67
2026/10/10 16:16:03.470, 0, 75475 MiB, 0 %, 120.90 W, 1980 MHz, 0 %, 31
2026/10/10 16:16:03.470, 1, 75475 MiB, 0 %, 135.71 W, 1980 MHz, 0 %, 56
2026/10/10 16:16:03.470, 2, 75475 MiB, 0 %, 122.88 W, 1980 MHz, 0 %, 37
2026/10/10 16:16:03.470, 3, 75475 MiB, 0 %, 118.54 W, 1980 MHz, 0 %, 31
2026/10/10 16:16:03.470, 4, 75475 MiB, 0 %, 116.58 W, 1980 MHz, 0 %, 31
2026/10/10 16:16:03.470, 5, 75475 MiB, 0 %, 120.97 W, 1980 MHz, 0 %, 35
2026/10/10 16:16:03.470, 6, 75475 MiB, 0 %, 115.19 W, 1980 MHz, 0 %, 32
2026/10/10 16:16:03.470, 7, 75475 MiB, 0 %, 143.79 W, 1980 MHz, 0 %, 67
2026/10/10 16:16:04.470, 0, 75475 MiB, 0 %, 121.17 W, 1980 MHz, 0 %, 31
2026/10/10 16:16:04.471, 1, 75475 MiB, 0 %, 135.49 W, 1980 MHz, 0 %, 56
2026/10/10 16:16:04.471, 2, 75475 MiB, 0 %, 122.70 W, 1980 MHz, 0 %, 36
2026/10/10 16:16:04.471, 3, 75475 MiB, 0 %, 118.20 W, 1980 MHz, 0 %, 30
2026/10/10 16:16:04.471, 4, 75475 MiB, 0 %, 116.40 W, 1980 MHz, 0 %, 31
2026/10/10 16:16:04.471, 5, 75475 MiB, 0 %, 120.65 W, 1980 MHz, 0 %, 35
2026/10/10 16:16:04.471, 6, 75475 MiB, 0 %, 114.94 W, 1980 MHz, 0 %, 32
2026/10/10 16:16:04.471, 7, 75475 MiB, 0 %, 143.45 W, 1980 MHz, 0 %, 67
2026/10/10 16:16:05.471, 0, 75475 MiB, 0 %, 121.00 W, 1980 MHz, 0 %, 31
2026/10/10 16:16:05.471, 1, 75475 MiB, 0 %, 135.37 W, 1980 MHz, 0 %, 55
2026/10/10 16:16:05.471, 2, 75475 MiB, 0 %, 122.50 W, 1980 MHz, 0 %, 36
2026/10/10 16:16:05.471, 3, 75475 MiB, 0 %, 117.96 W, 1980 MHz, 0 %, 30
2026/10/10 16:16:05.471, 4, 75475 MiB, 0 %, 116.18 W, 1980 MHz, 0 %, 30
2026/10/10 16:16:05.471, 5, 75475 MiB, 0 %, 120.43 W, 1980 MHz, 0 %, 34
2026/10/10 16:16:05.472, 6, 75475 MiB, 0 %, 114.73 W, 1980 MHz, 0 %, 32
2026/10/10 16:16:05.472, 7, 75475 MiB, 0 %, 143.14 W, 1980 MHz, 0 %, 66
2026/10/10 16:16:06.472, 0, 75475 MiB, 0 %, 120.81 W, 1980 MHz, 0 %, 30
2026/10/10 16:16:06.472, 1, 75475 MiB, 0 %, 135.21 W, 1980 MHz, 0 %, 55
2026/10/10 16:16:06.472, 2, 75475 MiB, 0 %, 122.35 W, 1980 MHz, 0 %, 36
2026/10/10 16:16:06.472, 3, 75475 MiB, 0 %, 117.83 W, 1980 MHz, 0 %, 29
2026/10/10 16:16:06.472, 4, 75475 MiB, 0 %, 115.96 W, 1980 MHz, 0 %, 30
2026/10/10 16:16:06.472, 5, 75475 MiB, 0 %, 120.26 W, 1980 MHz, 0 %, 34
2026/10/10 16:16:06.472, 6, 75475 MiB, 0 %, 114.61 W, 1980 MHz, 0 %, 31
2026/10/10 16:16:06.472, 7, 75475 MiB, 0 %, 142.89 W, 1980 MHz, 0 %, 66
2026/10/10 16:16:07.472, 0, 75475 MiB, 0 %, 120.63 W, 1980 MHz, 0 %, 30
2026/10/10 16:16:07.473, 1, 75475 MiB, 0 %, 135.04 W, 1980 MHz, 0 %, 55
2026/10/10 16:16:07.473, 2, 75475 MiB, 0 %, 122.25 W, 1980 MHz, 0 %, 36
2026/10/10 16:16:07.473, 3, 75475 MiB, 0 %, 117.68 W, 1980 MHz, 0 %, 29
2026/10/10 16:16:07.473, 4, 75475 MiB, 0 %, 115.86 W, 1980 MHz, 0 %, 30
2026/10/10 16:16:07.473, 5, 75475 MiB, 0 %, 120.14 W, 1980 MHz, 0 %, 34
2026/10/10 16:16:07.473, 6, 75475 MiB, 0 %, 114.51 W, 1980 MHz, 0 %, 31
2026/10/10 16:16:07.473, 7, 75475 MiB, 0 %, 142.67 W, 1980 MHz, 0 %, 66
2026/10/10 16:16:08.473, 0, 75475 MiB, 0 %, 120.43 W, 1980 MHz, 0 %, 30
2026/10/10 16:16:08.473, 1, 75475 MiB, 0 %, 134.91 W, 1980 MHz, 0 %, 55
2026/10/10 16:16:08.473, 2, 75475 MiB, 0 %, 122.13 W, 1980 MHz, 0 %, 36
2026/10/10 16:16:08.473, 3, 75475 MiB, 0 %, 117.61 W, 1980 MHz, 0 %, 29
2026/10/10 16:16:08.473, 4, 75475 MiB, 0 %, 115.74 W, 1980 MHz, 0 %, 29
2026/10/10 16:16:08.473, 5, 75475 MiB, 0 %, 120.05 W, 1980 MHz, 0 %, 34
2026/10/10 16:16:08.473, 6, 75475 MiB, 0 %, 114.44 W, 1980 MHz, 0 %, 31
2026/10/10 16:16:08.473, 7, 75475 MiB, 0 %, 142.58 W, 1980 MHz, 0 %, 66
2026/10/10 16:16:09.474, 0, 75475 MiB, 0 %, 120.28 W, 1980 MHz, 0 %, 30
2026/10/10 16:16:09.474, 1, 75475 MiB, 0 %, 134.84 W, 1980 MHz, 0 %, 55
2026/10/10 16:16:09.474, 2, 75475 MiB, 0 %, 121.85 W, 1980 MHz, 0 %, 35
2026/10/10 16:16:09.474, 3, 75475 MiB, 0 %, 117.43 W, 1980 MHz, 0 %, 29
2026/10/10 16:16:09.474, 4, 75475 MiB, 0 %, 115.66 W, 1980 MHz, 0 %, 29
2026/10/10 16:16:09.474, 5, 75475 MiB, 0 %, 119.86 W, 1980 MHz, 0 %, 33
2026/10/10 16:16:09.474, 6, 75475 MiB, 0 %, 114.36 W, 1980 MHz, 0 %, 31
2026/10/10 16:16:09.474, 7, 75475 MiB, 0 %, 142.44 W, 1980 MHz, 0 %, 66
2026/10/10 16:16:10.474, 0, 75475 MiB, 0 %, 120.26 W, 1980 MHz, 0 %, 29
2026/10/10 16:16:10.474, 1, 75475 MiB, 0 %, 134.74 W, 1980 MHz, 0 %, 55
2026/10/10 16:16:10.474, 2, 75475 MiB, 0 %, 121.57 W, 1980 MHz, 0 %, 35
2026/10/10 16:16:10.475, 3, 75475 MiB, 0 %, 117.35 W, 1980 MHz, 0 %, 28
2026/10/10 16:16:10.475, 4, 75475 MiB, 0 %, 115.60 W, 1980 MHz, 0 %, 29
2026/10/10 16:16:10.475, 5, 75475 MiB, 0 %, 119.64 W, 1980 MHz, 0 %, 33
2026/10/10 16:16:10.475, 6, 75475 MiB, 0 %, 114.27 W, 1980 MHz, 0 %, 30
2026/10/10 16:16:10.475, 7, 75475 MiB, 0 %, 142.37 W, 1980 MHz, 0 %, 66
2026/10/10 16:16:11.475, 0, 75475 MiB, 0 %, 120.08 W, 1980 MHz, 0 %, 29
2026/10/10 16:16:11.475, 1, 75475 MiB, 0 %, 134.72 W, 1980 MHz, 0 %, 55
2026/10/10 16:16:11.475, 2, 75475 MiB, 0 %, 121.46 W, 1980 MHz, 0 %, 35
2026/10/10 16:16:11.475, 3, 75475 MiB, 0 %, 117.25 W, 1980 MHz, 0 %, 28
2026/10/10 16:16:11.475, 4, 75475 MiB, 0 %, 115.56 W, 1980 MHz, 0 %, 29
2026/10/10 16:16:11.475, 5, 75475 MiB, 0 %, 119.61 W, 1980 MHz, 0 %, 33
2026/10/10 16:16:11.475, 6, 75475 MiB, 0 %, 114.15 W, 1980 MHz, 0 %, 30
2026/10/10 16:16:11.476, 7, 75475 MiB, 0 %, 142.16 W, 1980 MHz, 0 %, 66
2026/10/10 16:16:12.476, 0, 75475 MiB, 0 %, 119.98 W, 1980 MHz, 0 %, 29
2026/10/10 16:16:12.476, 1, 75475 MiB, 0 %, 134.59 W, 1980 MHz, 0 %, 55
2026/10/10 16:16:12.476, 2, 75475 MiB, 0 %, 121.30 W, 1980 MHz, 0 %, 35
2026/10/10 16:16:12.476, 3, 75475 MiB, 0 %, 117.11 W, 1980 MHz, 0 %, 28
2026/10/10 16:16:12.476, 4, 75475 MiB, 0 %, 115.13 W, 1980 MHz, 0 %, 29
2026/10/10 16:16:12.476, 5, 75475 MiB, 0 %, 119.52 W, 1980 MHz, 0 %, 33
2026/10/10 16:16:12.476, 6, 75475 MiB, 0 %, 113.76 W, 1980 MHz, 0 %, 30
2026/10/10 16:16:12.476, 7, 75475 MiB, 0 %, 142.07 W, 1980 MHz, 0 %, 66
2026/10/10 16:16:13.476, 0, 75475 MiB, 0 %, 119.90 W, 1980 MHz, 0 %, 29
2026/10/10 16:16:13.477, 1, 75475 MiB, 0 %, 134.49 W, 1980 MHz, 0 %, 54
2026/10/10 16:16:13.477, 2, 75475 MiB, 0 %, 121.25 W, 1980 MHz, 0 %, 35
2026/10/10 16:16:13.477, 3, 75475 MiB, 0 %, 117.03 W, 1980 MHz, 0 %, 28
2026/10/10 16:16:13.477, 4, 75475 MiB, 0 %, 114.89 W, 1980 MHz, 0 %, 28
2026/10/10 16:16:13.477, 5, 75475 MiB, 0 %, 119.40 W, 1980 MHz, 0 %, 32
2026/10/10 16:16:13.477, 6, 75475 MiB, 0 %, 113.34 W, 1980 MHz, 0 %, 30
2026/10/10 16:16:13.477, 7, 75475 MiB, 0 %, 141.96 W, 1980 MHz, 0 %, 65
2026/10/10 16:16:14.477, 0, 75475 MiB, 0 %, 119.82 W, 1980 MHz, 0 %, 28
2026/10/10 16:16:14.477, 1, 75475 MiB, 0 %, 134.35 W, 1980 MHz, 0 %, 54
2026/10/10 16:16:14.477, 2, 75475 MiB, 0 %, 121.21 W, 1980 MHz, 0 %, 35
2026/10/10 16:16:14.477, 3, 75475 MiB, 0 %, 117.03 W, 1980 MHz, 0 %, 28
2026/10/10 16:16:14.477, 4, 75475 MiB, 0 %, 114.87 W, 1980 MHz, 0 %, 28
2026/10/10 16:16:14.478, 5, 75475 MiB, 0 %, 119.37 W, 1980 MHz, 0 %, 32
2026/10/10 16:16:14.478, 6, 75475 MiB, 0 %, 113.28 W, 1980 MHz, 0 %, 30
2026/10/10 16:16:14.478, 7, 75475 MiB, 0 %, 141.83 W, 1980 MHz, 0 %, 65
2026/10/10 16:16:15.478, 0, 75475 MiB, 0 %, 119.70 W, 1980 MHz, 0 %, 28
2026/10/10 16:16:15.478, 1, 75475 MiB, 0 %, 134.35 W, 1980 MHz, 0 %, 54
2026/10/10 16:16:15.478, 2, 75475 MiB, 0 %, 121.08 W, 1980 MHz, 0 %, 34
2026/10/10 16:16:15.478, 3, 75475 MiB, 0 %, 116.96 W, 1980 MHz, 0 %, 28
2026/10/10 16:16:15.478, 4, 75475 MiB, 0 %, 114.81 W, 1980 MHz, 0 %, 28
2026/10/10 16:16:15.478, 5, 75475 MiB, 0 %, 119.32 W, 1980 MHz, 0 %, 32
2026/10/10 16:16:15.478, 6, 75475 MiB, 0 %, 113.26 W, 1980 MHz, 0 %, 29
2026/10/10 16:16:15.478, 7, 75475 MiB, 0 %, 141.71 W, 1980 MHz, 0 %, 65
2026/10/10 16:16:16.479, 0, 75475 MiB, 100 %, 281.11 W, 1965 MHz, 32 %, 42
2026/10/10 16:16:16.479, 1, 75475 MiB, 100 %, 307.25 W, 1845 MHz, 33 %, 67
2026/10/10 16:16:16.479, 2, 75475 MiB, 100 %, 297.50 W, 1905 MHz, 32 %, 46
2026/10/10 16:16:16.479, 3, 75475 MiB, 100 %, 292.06 W, 1920 MHz, 32 %, 40
2026/10/10 16:16:16.479, 4, 75475 MiB, 100 %, 297.31 W, 1935 MHz, 32 %, 41
2026/10/10 16:16:16.479, 5, 75475 MiB, 100 %, 295.45 W, 1965 MHz, 32 %, 45
2026/10/10 16:16:16.479, 6, 75475 MiB, 100 %, 305.82 W, 1965 MHz, 33 %, 42
2026/10/10 16:16:16.479, 7, 75475 MiB, 83 %, 270.65 W, 1860 MHz, 27 %, 78
2026/10/10 16:16:17.479, 0, 75475 MiB, 100 %, 685.53 W, 1965 MHz, 30 %, 47
2026/10/10 16:16:17.479, 1, 75475 MiB, 100 %, 693.62 W, 1905 MHz, 30 %, 68
2026/10/10 16:16:17.479, 2, 75475 MiB, 100 %, 691.45 W, 1935 MHz, 31 %, 50
2026/10/10 16:16:17.479, 3, 75475 MiB, 100 %, 694.77 W, 1875 MHz, 30 %, 46
2026/10/10 16:16:17.480, 4, 75475 MiB, 100 %, 698.41 W, 1845 MHz, 31 %, 47
2026/10/10 16:16:17.480, 5, 75475 MiB, 100 %, 693.13 W, 1920 MHz, 30 %, 52
2026/10/10 16:16:17.480, 6, 75475 MiB, 100 %, 679.75 W, 1980 MHz, 30 %, 50
2026/10/10 16:16:17.480, 7, 75475 MiB, 100 %, 697.03 W, 1800 MHz, 30 %, 81
2026/10/10 16:16:18.480, 0, 75475 MiB, 100 %, 689.37 W, 1965 MHz, 30 %, 50
2026/10/10 16:16:18.480, 1, 75475 MiB, 100 %, 696.03 W, 1845 MHz, 29 %, 69
2026/10/10 16:16:18.480, 2, 75475 MiB, 100 %, 695.83 W, 1860 MHz, 28 %, 50
2026/10/10 16:16:18.480, 3, 75475 MiB, 100 %, 692.04 W, 1860 MHz, 29 %, 48
2026/10/10 16:16:18.480, 4, 75475 MiB, 100 %, 693.66 W, 1875 MHz, 29 %, 51
2026/10/10 16:16:18.480, 5, 75475 MiB, 100 %, 687.85 W, 1905 MHz, 29 %, 53
2026/10/10 16:16:18.480, 6, 75475 MiB, 100 %, 683.06 W, 1920 MHz, 28 %, 52
2026/10/10 16:16:18.480, 7, 75475 MiB, 100 %, 691.56 W, 1785 MHz, 29 %, 82
2026/10/10 16:16:19.481, 0, 75475 MiB, 100 %, 686.47 W, 1980 MHz, 30 %, 50
2026/10/10 16:16:19.481, 1, 75475 MiB, 100 %, 690.54 W, 1860 MHz, 30 %, 70
2026/10/10 16:16:19.481, 2, 75475 MiB, 100 %, 688.98 W, 1920 MHz, 31 %, 51
2026/10/10 16:16:19.481, 3, 75475 MiB, 100 %, 692.36 W, 1875 MHz, 30 %, 49
2026/10/10 16:16:19.481, 4, 75475 MiB, 100 %, 693.03 W, 1920 MHz, 30 %, 51
2026/10/10 16:16:19.481, 5, 75475 MiB, 100 %, 687.30 W, 1935 MHz, 30 %, 54
2026/10/10 16:16:19.481, 6, 75475 MiB, 100 %, 679.32 W, 1980 MHz, 30 %, 54
2026/10/10 16:16:19.481, 7, 75475 MiB, 100 %, 645.80 W, 1770 MHz, 31 %, 81
2026/10/10 16:16:20.481, 0, 75475 MiB, 100 %, 689.31 W, 1920 MHz, 30 %, 51
2026/10/10 16:16:20.481, 1, 75475 MiB, 100 %, 691.02 W, 1845 MHz, 29 %, 71
2026/10/10 16:16:20.481, 2, 75475 MiB, 100 %, 693.12 W, 1890 MHz, 29 %, 54
2026/10/10 16:16:20.481, 3, 75475 MiB, 100 %, 689.08 W, 1800 MHz, 30 %, 50
2026/10/10 16:16:20.482, 4, 75475 MiB, 100 %, 694.61 W, 1905 MHz, 29 %, 53
2026/10/10 16:16:20.482, 5, 75475 MiB, 100 %, 690.19 W, 1965 MHz, 29 %, 55
2026/10/10 16:16:20.482, 6, 75475 MiB, 100 %, 685.17 W, 1920 MHz, 29 %, 55
2026/10/10 16:16:20.482, 7, 75475 MiB, 100 %, 645.74 W, 1785 MHz, 29 %, 82
2026/10/10 16:16:21.482, 0, 75475 MiB, 100 %, 681.77 W, 1965 MHz, 27 %, 52
2026/10/10 16:16:21.482, 1, 75475 MiB, 100 %, 695.29 W, 1800 MHz, 28 %, 72
2026/10/10 16:16:21.482, 2, 75475 MiB, 100 %, 690.64 W, 1860 MHz, 27 %, 55
2026/10/10 16:16:21.482, 3, 75475 MiB, 100 %, 688.61 W, 1875 MHz, 28 %, 51
2026/10/10 16:16:21.482, 4, 75475 MiB, 100 %, 689.14 W, 1875 MHz, 27 %, 53
2026/10/10 16:16:21.482, 5, 75475 MiB, 100 %, 681.23 W, 1965 MHz, 28 %, 56
2026/10/10 16:16:21.482, 6, 75475 MiB, 100 %, 672.01 W, 1965 MHz, 27 %, 55
2026/10/10 16:16:21.482, 7, 75475 MiB, 100 %, 607.48 W, 1740 MHz, 27 %, 81
2026/10/10 16:16:22.483, 0, 75475 MiB, 100 %, 683.16 W, 1980 MHz, 30 %, 52
2026/10/10 16:16:22.483, 1, 75475 MiB, 100 %, 693.10 W, 1875 MHz, 30 %, 73
2026/10/10 16:16:22.483, 2, 75475 MiB, 100 %, 695.06 W, 1905 MHz, 29 %, 56
2026/10/10 16:16:22.483, 3, 75475 MiB, 100 %, 689.70 W, 1920 MHz, 29 %, 51
2026/10/10 16:16:22.483, 4, 75475 MiB, 100 %, 691.93 W, 1935 MHz, 29 %, 54
2026/10/10 16:16:22.483, 5, 75475 MiB, 100 %, 678.04 W, 1965 MHz, 29 %, 56
2026/10/10 16:16:22.483, 6, 75475 MiB, 100 %, 672.82 W, 1980 MHz, 29 %, 56
2026/10/10 16:16:22.483, 7, 75475 MiB, 100 %, 622.89 W, 1725 MHz, 31 %, 81
2026/10/10 16:16:23.483, 0, 75475 MiB, 100 %, 678.66 W, 1965 MHz, 28 %, 53
2026/10/10 16:16:23.483, 1, 75475 MiB, 100 %, 693.97 W, 1845 MHz, 29 %, 73
2026/10/10 16:16:23.483, 2, 75475 MiB, 100 %, 690.15 W, 1890 MHz, 28 %, 56
2026/10/10 16:16:23.484, 3, 75475 MiB, 100 %, 690.47 W, 1890 MHz, 29 %, 52
2026/10/10 16:16:23.484, 4, 75475 MiB, 100 %, 692.09 W, 1875 MHz, 28 %, 54
2026/10/10 16:16:23.484, 5, 75475 MiB, 100 %, 680.81 W, 1950 MHz, 27 %, 57
2026/10/10 16:16:23.484, 6, 75475 MiB, 100 %, 676.97 W, 1980 MHz, 28 %, 56
2026/10/10 16:16:23.484, 7, 75475 MiB, 100 %, 605.17 W, 1725 MHz, 29 %, 82
2026/10/10 16:16:24.484, 0, 75475 MiB, 100 %, 687.59 W, 1905 MHz, 27 %, 53
2026/10/10 16:16:24.484, 1, 75475 MiB, 100 %, 693.33 W, 1830 MHz, 28 %, 73
2026/10/10 16:16:24.484, 2, 75475 MiB, 100 %, 691.67 W, 1920 MHz, 28 %, 57
2026/10/10 16:16:24.484, 3, 75475 MiB, 100 %, 690.83 W, 1905 MHz, 28 %, 52
2026/10/10 16:16:24.484, 4, 75475 MiB, 100 %, 691.47 W, 1905 MHz, 27 %, 54
2026/10/10 16:16:24.484, 5, 75475 MiB, 100 %, 683.81 W, 1950 MHz, 28 %, 57
2026/10/10 16:16:24.484, 6, 75475 MiB, 100 %, 684.22 W, 1965 MHz, 29 %, 58
2026/10/10 16:16:24.484, 7, 75475 MiB, 100 %, 622.87 W, 1695 MHz, 28 %, 83
2026/10/10 16:16:25.485, 0, 75475 MiB, 100 %, 677.36 W, 1980 MHz, 29 %, 53
2026/10/10 16:16:25.485, 1, 75475 MiB, 100 %, 692.47 W, 1875 MHz, 29 %, 73
2026/10/10 16:16:25.485, 2, 75475 MiB, 100 %, 691.52 W, 1935 MHz, 29 %, 57
2026/10/10 16:16:25.485, 3, 75475 MiB, 100 %, 692.26 W, 1965 MHz, 29 %, 52
2026/10/10 16:16:25.485, 4, 75475 MiB, 100 %, 691.07 W, 1905 MHz, 29 %, 55
2026/10/10 16:16:25.485, 5, 75475 MiB, 100 %, 686.97 W, 1965 MHz, 29 %, 58
2026/10/10 16:16:25.485, 6, 75475 MiB, 100 %, 668.30 W, 1980 MHz, 29 %, 57
2026/10/10 16:16:25.485, 7, 75475 MiB, 100 %, 617.42 W, 1695 MHz, 30 %, 81
2026/10/10 16:16:26.485, 0, 75475 MiB, 100 %, 676.12 W, 1980 MHz, 28 %, 53
2026/10/10 16:16:26.485, 1, 75475 MiB, 100 %, 691.15 W, 1830 MHz, 28 %, 74
2026/10/10 16:16:26.486, 2, 75475 MiB, 100 %, 695.25 W, 1950 MHz, 29 %, 58
2026/10/10 16:16:26.486, 3, 75475 MiB, 100 %, 687.46 W, 1905 MHz, 28 %, 53
2026/10/10 16:16:26.486, 4, 75475 MiB, 100 %, 689.05 W, 1905 MHz, 28 %, 55
2026/10/10 16:16:26.486, 5, 75475 MiB, 100 %, 683.36 W, 1965 MHz, 28 %, 59
2026/10/10 16:16:26.486, 6, 75475 MiB, 100 %, 674.67 W, 1980 MHz, 29 %, 57
2026/10/10 16:16:26.486, 7, 75475 MiB, 100 %, 602.55 W, 1710 MHz, 28 %, 82
2026/10/10 16:16:27.486, 0, 75475 MiB, 100 %, 679.57 W, 1980 MHz, 30 %, 54
2026/10/10 16:16:27.486, 1, 75475 MiB, 100 %, 688.00 W, 1860 MHz, 30 %, 74
2026/10/10 16:16:27.486, 2, 75475 MiB, 100 %, 692.18 W, 1935 MHz, 30 %, 58
2026/10/10 16:16:27.486, 3, 75475 MiB, 100 %, 692.59 W, 1935 MHz, 30 %, 53
2026/10/10 16:16:27.486, 4, 75475 MiB, 100 %, 692.51 W, 1935 MHz, 30 %, 56
2026/10/10 16:16:27.486, 5, 75475 MiB, 100 %, 684.06 W, 1965 MHz, 30 %, 59
2026/10/10 16:16:27.486, 6, 75475 MiB, 100 %, 676.92 W, 1980 MHz, 30 %, 58
2026/10/10 16:16:27.487, 7, 75475 MiB, 100 %, 608.64 W, 1755 MHz, 29 %, 83
2026/10/10 16:16:28.487, 0, 75475 MiB, 100 %, 676.15 W, 1980 MHz, 28 %, 54
2026/10/10 16:16:28.487, 1, 75475 MiB, 100 %, 691.12 W, 1860 MHz, 29 %, 74
2026/10/10 16:16:28.487, 2, 75475 MiB, 100 %, 692.16 W, 1905 MHz, 29 %, 58
2026/10/10 16:16:28.487, 3, 75475 MiB, 100 %, 694.82 W, 1920 MHz, 28 %, 53
2026/10/10 16:16:28.487, 4, 75475 MiB, 100 %, 692.22 W, 1935 MHz, 28 %, 56
2026/10/10 16:16:28.487, 5, 75475 MiB, 100 %, 687.30 W, 1965 MHz, 28 %, 59
2026/10/10 16:16:28.487, 6, 75475 MiB, 100 %, 670.18 W, 1980 MHz, 29 %, 58
2026/10/10 16:16:28.487, 7, 75475 MiB, 100 %, 605.77 W, 1695 MHz, 29 %, 82
2026/10/10 16:16:29.487, 0, 75475 MiB, 100 %, 676.10 W, 1980 MHz, 25 %, 54
2026/10/10 16:16:29.488, 1, 75475 MiB, 100 %, 688.67 W, 1965 MHz, 26 %, 74
2026/10/10 16:16:29.488, 2, 75475 MiB, 100 %, 688.37 W, 1965 MHz, 25 %, 58
2026/10/10 16:16:29.488, 3, 75475 MiB, 100 %, 686.89 W, 1965 MHz, 25 %, 53
2026/10/10 16:16:29.488, 4, 75475 MiB, 100 %, 687.19 W, 1965 MHz, 26 %, 56
2026/10/10 16:16:29.488, 5, 75475 MiB, 100 %, 679.55 W, 1965 MHz, 25 %, 59
2026/10/10 16:16:29.488, 6, 75475 MiB, 100 %, 670.39 W, 1965 MHz, 27 %, 58
2026/10/10 16:16:29.488, 7, 75475 MiB, 100 %, 591.16 W, 1845 MHz, 26 %, 82
2026/10/10 16:16:30.488, 0, 75475 MiB, 100 %, 672.81 W, 1980 MHz, 29 %, 54
2026/10/10 16:16:30.488, 1, 75475 MiB, 100 %, 680.18 W, 1935 MHz, 29 %, 75
2026/10/10 16:16:30.488, 2, 75475 MiB, 100 %, 687.84 W, 1950 MHz, 29 %, 59
2026/10/10 16:16:30.488, 3, 75475 MiB, 100 %, 691.09 W, 1965 MHz, 29 %, 54
2026/10/10 16:16:30.488, 4, 75475 MiB, 100 %, 683.30 W, 1965 MHz, 29 %, 56
2026/10/10 16:16:30.489, 5, 75475 MiB, 100 %, 675.94 W, 1980 MHz, 29 %, 59
2026/10/10 16:16:30.489, 6, 75475 MiB, 100 %, 665.18 W, 1980 MHz, 29 %, 57
2026/10/10 16:16:30.489, 7, 75475 MiB, 100 %, 602.72 W, 1695 MHz, 29 %, 81
2026/10/10 16:16:31.489, 0, 75475 MiB, 100 %, 676.40 W, 1980 MHz, 29 %, 55
2026/10/10 16:16:31.489, 1, 75475 MiB, 100 %, 693.22 W, 1845 MHz, 29 %, 75
2026/10/10 16:16:31.489, 2, 75475 MiB, 100 %, 694.34 W, 1890 MHz, 28 %, 59
2026/10/10 16:16:31.489, 3, 75475 MiB, 100 %, 690.70 W, 1890 MHz, 29 %, 54
2026/10/10 16:16:31.489, 4, 75475 MiB, 100 %, 689.14 W, 1845 MHz, 29 %, 56
2026/10/10 16:16:31.489, 5, 75475 MiB, 100 %, 688.85 W, 1965 MHz, 28 %, 60
2026/10/10 16:16:31.489, 6, 75475 MiB, 100 %, 666.53 W, 1980 MHz, 29 %, 59
2026/10/10 16:16:31.489, 7, 75475 MiB, 100 %, 589.19 W, 1680 MHz, 29 %, 82
2026/10/10 16:16:32.489, 0, 75475 MiB, 100 %, 686.07 W, 1950 MHz, 28 %, 55
2026/10/10 16:16:32.490, 1, 75475 MiB, 100 %, 671.52 W, 1815 MHz, 28 %, 74
2026/10/10 16:16:32.490, 2, 75475 MiB, 100 %, 687.65 W, 1890 MHz, 28 %, 60
2026/10/10 16:16:32.490, 3, 75475 MiB, 100 %, 692.56 W, 1860 MHz, 28 %, 55
2026/10/10 16:16:32.490, 4, 75475 MiB, 100 %, 686.83 W, 1845 MHz, 27 %, 56
2026/10/10 16:16:32.490, 5, 75475 MiB, 100 %, 686.93 W, 1965 MHz, 27 %, 60
2026/10/10 16:16:32.490, 6, 75475 MiB, 100 %, 678.77 W, 1965 MHz, 28 %, 59
2026/10/10 16:16:32.490, 7, 75475 MiB, 100 %, 591.60 W, 1665 MHz, 28 %, 82
2026/10/10 16:16:33.490, 0, 75475 MiB, 100 %, 681.11 W, 1980 MHz, 29 %, 54
2026/10/10 16:16:33.490, 1, 75475 MiB, 100 %, 668.24 W, 1725 MHz, 29 %, 73
2026/10/10 16:16:33.490, 2, 75475 MiB, 100 %, 688.10 W, 1965 MHz, 29 %, 59
2026/10/10 16:16:33.490, 3, 75475 MiB, 100 %, 688.14 W, 1965 MHz, 29 %, 55
2026/10/10 16:16:33.490, 4, 75475 MiB, 100 %, 684.76 W, 1965 MHz, 29 %, 57
2026/10/10 16:16:33.490, 5, 75475 MiB, 100 %, 681.38 W, 1965 MHz, 29 %, 60
2026/10/10 16:16:33.490, 6, 75475 MiB, 100 %, 669.78 W, 1980 MHz, 29 %, 58
2026/10/10 16:16:33.491, 7, 75475 MiB, 100 %, 594.71 W, 1695 MHz, 30 %, 82
2026/10/10 16:16:34.491, 0, 75475 MiB, 100 %, 675.82 W, 1980 MHz, 28 %, 55
2026/10/10 16:16:34.491, 1, 75475 MiB, 100 %, 697.17 W, 1770 MHz, 29 %, 74
2026/10/10 16:16:34.491, 2, 75475 MiB, 100 %, 699.73 W, 1905 MHz, 29 %, 60
2026/10/10 16:16:34.491, 3, 75475 MiB, 100 %, 690.81 W, 1920 MHz, 29 %, 54
2026/10/10 16:16:34.491, 4, 75475 MiB, 100 %, 695.80 W, 1935 MHz, 28 %, 57
2026/10/10 16:16:34.491, 5, 75475 MiB, 100 %, 684.13 W, 1965 MHz, 28 %, 61
2026/10/10 16:16:34.491, 6, 75475 MiB, 100 %, 669.05 W, 1980 MHz, 29 %, 59
2026/10/10 16:16:34.491, 7, 75475 MiB, 100 %, 598.08 W, 1710 MHz, 29 %, 82
2026/10/10 16:16:35.491, 0, 75475 MiB, 100 %, 683.74 W, 1965 MHz, 28 %, 55
2026/10/10 16:16:35.492, 1, 75475 MiB, 100 %, 682.78 W, 1800 MHz, 28 %, 75
2026/10/10 16:16:35.492, 2, 75475 MiB, 100 %, 687.52 W, 1920 MHz, 28 %, 60
2026/10/10 16:16:35.492, 3, 75475 MiB, 100 %, 688.11 W, 1890 MHz, 27 %, 55
2026/10/10 16:16:35.492, 4, 75475 MiB, 100 %, 692.55 W, 1860 MHz, 28 %, 57
2026/10/10 16:16:35.492, 5, 75475 MiB, 100 %, 690.06 W, 1950 MHz, 28 %, 61
2026/10/10 16:16:35.492, 6, 75475 MiB, 100 %, 679.10 W, 1965 MHz, 28 %, 60
2026/10/10 16:16:35.492, 7, 75475 MiB, 100 %, 606.86 W, 1695 MHz, 28 %, 82
2026/10/10 16:16:36.492, 0, 75475 MiB, 100 %, 672.86 W, 1980 MHz, 30 %, 56
2026/10/10 16:16:36.492, 1, 75475 MiB, 100 %, 681.76 W, 1845 MHz, 30 %, 76
2026/10/10 16:16:36.492, 2, 75475 MiB, 100 %, 692.88 W, 1920 MHz, 30 %, 60
2026/10/10 16:16:36.492, 3, 75475 MiB, 100 %, 692.72 W, 1860 MHz, 30 %, 55
2026/10/10 16:16:36.492, 4, 75475 MiB, 100 %, 693.26 W, 1875 MHz, 30 %, 58
2026/10/10 16:16:36.492, 5, 75475 MiB, 100 %, 684.73 W, 1950 MHz, 30 %, 61
2026/10/10 16:16:36.492, 6, 75475 MiB, 100 %, 670.42 W, 1980 MHz, 30 %, 60
2026/10/10 16:16:36.493, 7, 75475 MiB, 100 %, 616.34 W, 1740 MHz, 30 %, 83
2026/10/10 16:16:37.493, 0, 75475 MiB, 100 %, 672.96 W, 1965 MHz, 27 %, 55
2026/10/10 16:16:37.493, 1, 75475 MiB, 100 %, 670.13 W, 1815 MHz, 28 %, 75
2026/10/10 16:16:37.493, 2, 75475 MiB, 100 %, 683.46 W, 1965 MHz, 27 %, 60
2026/10/10 16:16:37.493, 3, 75475 MiB, 100 %, 689.34 W, 1935 MHz, 27 %, 55
2026/10/10 16:16:37.493, 4, 75475 MiB, 100 %, 679.65 W, 1965 MHz, 27 %, 58
2026/10/10 16:16:37.493, 5, 75475 MiB, 100 %, 671.09 W, 1965 MHz, 27 %, 61
2026/10/10 16:16:37.493, 6, 75475 MiB, 100 %, 655.49 W, 1980 MHz, 27 %, 59
2026/10/10 16:16:37.493, 7, 75475 MiB, 100 %, 571.13 W, 1635 MHz, 27 %, 81
2026/10/10 16:16:38.493, 0, 75475 MiB, 100 %, 679.58 W, 1965 MHz, 27 %, 56
2026/10/10 16:16:38.494, 1, 75475 MiB, 100 %, 660.67 W, 1800 MHz, 26 %, 75
2026/10/10 16:16:38.494, 2, 75475 MiB, 100 %, 680.80 W, 1875 MHz, 27 %, 60
2026/10/10 16:16:38.494, 3, 75475 MiB, 100 %, 695.77 W, 1905 MHz, 27 %, 56
2026/10/10 16:16:38.494, 4, 75475 MiB, 100 %, 684.02 W, 1905 MHz, 27 %, 58
2026/10/10 16:16:38.494, 5, 75475 MiB, 100 %, 676.03 W, 1950 MHz, 26 %, 61
2026/10/10 16:16:38.494, 6, 75475 MiB, 100 %, 668.40 W, 1935 MHz, 27 %, 60
2026/10/10 16:16:38.494, 7, 75475 MiB, 100 %, 576.57 W, 1605 MHz, 28 %, 83
2026/10/10 16:16:39.494, 0, 75475 MiB, 100 %, 680.14 W, 1980 MHz, 30 %, 56
2026/10/10 16:16:39.494, 1, 75475 MiB, 100 %, 681.11 W, 1845 MHz, 29 %, 75
2026/10/10 16:16:39.494, 2, 75475 MiB, 100 %, 690.39 W, 1935 MHz, 30 %, 61
2026/10/10 16:16:39.494, 3, 75475 MiB, 100 %, 691.57 W, 1950 MHz, 29 %, 55
2026/10/10 16:16:39.494, 4, 75475 MiB, 100 %, 690.78 W, 1860 MHz, 30 %, 58
2026/10/10 16:16:39.494, 5, 75475 MiB, 100 %, 681.34 W, 1980 MHz, 30 %, 62
2026/10/10 16:16:39.494, 6, 75475 MiB, 100 %, 661.72 W, 1980 MHz, 29 %, 60
2026/10/10 16:16:39.494, 7, 75475 MiB, 100 %, 594.23 W, 1725 MHz, 30 %, 83
2026/10/10 16:16:40.495, 0, 75475 MiB, 100 %, 678.11 W, 1965 MHz, 28 %, 56
2026/10/10 16:16:40.495, 1, 75475 MiB, 100 %, 691.25 W, 1830 MHz, 28 %, 76
2026/10/10 16:16:40.495, 2, 75475 MiB, 100 %, 692.00 W, 1875 MHz, 29 %, 60
2026/10/10 16:16:40.495, 3, 75475 MiB, 100 %, 690.26 W, 1920 MHz, 28 %, 55
2026/10/10 16:16:40.495, 4, 75475 MiB, 100 %, 691.11 W, 1890 MHz, 28 %, 58
2026/10/10 16:16:40.495, 5, 75475 MiB, 100 %, 684.67 W, 1965 MHz, 29 %, 62
2026/10/10 16:16:40.495, 6, 75475 MiB, 100 %, 671.84 W, 1965 MHz, 28 %, 61
2026/10/10 16:16:40.495, 7, 75475 MiB, 100 %, 602.42 W, 1680 MHz, 29 %, 82
2026/10/10 16:16:41.495, 0, 75475 MiB, 100 %, 679.38 W, 1965 MHz, 27 %, 56
2026/10/10 16:16:41.496, 1, 75475 MiB, 100 %, 646.43 W, 1755 MHz, 27 %, 74
2026/10/10 16:16:41.496, 2, 75475 MiB, 100 %, 687.40 W, 1935 MHz, 27 %, 62
2026/10/10 16:16:41.496, 3, 75475 MiB, 100 %, 686.76 W, 1950 MHz, 27 %, 55
2026/10/10 16:16:41.496, 4, 75475 MiB, 100 %, 687.34 W, 1935 MHz, 27 %, 58
2026/10/10 16:16:41.496, 5, 75475 MiB, 100 %, 680.47 W, 1965 MHz, 27 %, 62
2026/10/10 16:16:41.496, 6, 75475 MiB, 100 %, 679.71 W, 1965 MHz, 27 %, 61
2026/10/10 16:16:41.496, 7, 75475 MiB, 100 %, 603.30 W, 1695 MHz, 27 %, 83
2026/10/10 16:16:42.496, 0, 75475 MiB, 100 %, 675.89 W, 1980 MHz, 30 %, 56
2026/10/10 16:16:42.496, 1, 75475 MiB, 100 %, 669.43 W, 1875 MHz, 30 %, 75
2026/10/10 16:16:42.496, 2, 75475 MiB, 100 %, 695.42 W, 1920 MHz, 29 %, 61
2026/10/10 16:16:42.496, 3, 75475 MiB, 100 %, 688.74 W, 1860 MHz, 29 %, 55
2026/10/10 16:16:42.496, 4, 75475 MiB, 100 %, 692.61 W, 1965 MHz, 29 %, 58
2026/10/10 16:16:42.496, 5, 75475 MiB, 100 %, 677.26 W, 1965 MHz, 29 %, 62
2026/10/10 16:16:42.496, 6, 75475 MiB, 100 %, 670.69 W, 1980 MHz, 29 %, 60
2026/10/10 16:16:42.497, 7, 75475 MiB, 100 %, 604.89 W, 1665 MHz, 29 %, 83
2026/10/10 16:16:43.497, 0, 75475 MiB, 100 %, 673.52 W, 1965 MHz, 29 %, 57
2026/10/10 16:16:43.497, 1, 75475 MiB, 100 %, 677.87 W, 1800 MHz, 28 %, 76
2026/10/10 16:16:43.497, 2, 75475 MiB, 100 %, 688.42 W, 1890 MHz, 28 %, 61
2026/10/10 16:16:43.497, 3, 75475 MiB, 100 %, 692.11 W, 1905 MHz, 28 %, 56
2026/10/10 16:16:43.497, 4, 75475 MiB, 100 %, 688.72 W, 1905 MHz, 28 %, 59
2026/10/10 16:16:43.497, 5, 75475 MiB, 100 %, 677.44 W, 1965 MHz, 28 %, 62
2026/10/10 16:16:43.497, 6, 75475 MiB, 100 %, 668.34 W, 1980 MHz, 28 %, 61
2026/10/10 16:16:43.497, 7, 75475 MiB, 100 %, 581.91 W, 1650 MHz, 28 %, 82
2026/10/10 16:16:44.497, 0, 75475 MiB, 100 %, 665.65 W, 1950 MHz, 27 %, 55
2026/10/10 16:16:44.498, 1, 75475 MiB, 100 %, 666.09 W, 1950 MHz, 27 %, 77
2026/10/10 16:16:44.499, 2, 75475 MiB, 100 %, 679.15 W, 1950 MHz, 27 %, 61
2026/10/10 16:16:44.501, 3, 75475 MiB, 100 %, 679.85 W, 1950 MHz, 28 %, 56
2026/10/10 16:16:44.502, 4, 75475 MiB, 100 %, 677.26 W, 1965 MHz, 28 %, 59
2026/10/10 16:16:44.503, 5, 75475 MiB, 100 %, 670.79 W, 1965 MHz, 27 %, 62
2026/10/10 16:16:44.504, 6, 75475 MiB, 100 %, 656.76 W, 1965 MHz, 28 %, 60
2026/10/10 16:16:44.506, 7, 75475 MiB, 100 %, 583.71 W, 1725 MHz, 27 %, 83
2026/10/10 16:16:45.507, 0, 75475 MiB, 100 %, 672.20 W, 1980 MHz, 29 %, 56
2026/10/10 16:16:45.507, 1, 75475 MiB, 100 %, 664.46 W, 1785 MHz, 29 %, 76
2026/10/10 16:16:45.507, 2, 75475 MiB, 100 %, 696.40 W, 1905 MHz, 29 %, 61
2026/10/10 16:16:45.507, 3, 75475 MiB, 100 %, 687.95 W, 1890 MHz, 29 %, 56
2026/10/10 16:16:45.507, 4, 75475 MiB, 100 %, 689.57 W, 1935 MHz, 29 %, 59
2026/10/10 16:16:45.507, 5, 75475 MiB, 100 %, 676.49 W, 1965 MHz, 29 %, 63
2026/10/10 16:16:45.507, 6, 75475 MiB, 100 %, 666.67 W, 1980 MHz, 28 %, 61
2026/10/10 16:16:45.507, 7, 75475 MiB, 100 %, 591.46 W, 1680 MHz, 29 %, 83
2026/10/10 16:16:46.508, 0, 75475 MiB, 100 %, 674.35 W, 1980 MHz, 28 %, 57
2026/10/10 16:16:46.508, 1, 75475 MiB, 100 %, 673.00 W, 1785 MHz, 28 %, 76
2026/10/10 16:16:46.508, 2, 75475 MiB, 100 %, 689.53 W, 1905 MHz, 28 %, 62
2026/10/10 16:16:46.508, 3, 75475 MiB, 100 %, 687.50 W, 1875 MHz, 28 %, 56
2026/10/10 16:16:46.508, 4, 75475 MiB, 100 %, 692.15 W, 1920 MHz, 28 %, 59
2026/10/10 16:16:46.508, 5, 75475 MiB, 100 %, 683.62 W, 1965 MHz, 28 %, 63
2026/10/10 16:16:46.508, 6, 75475 MiB, 100 %, 676.28 W, 1965 MHz, 28 %, 61
2026/10/10 16:16:46.508, 7, 75475 MiB, 100 %, 594.42 W, 1620 MHz, 28 %, 83
2026/10/10 16:16:47.508, 0, 75475 MiB, 100 %, 671.02 W, 1980 MHz, 27 %, 56
2026/10/10 16:16:47.508, 1, 75475 MiB, 100 %, 653.91 W, 1935 MHz, 26 %, 76
2026/10/10 16:16:47.508, 2, 75475 MiB, 100 %, 688.45 W, 1965 MHz, 27 %, 62
2026/10/10 16:16:47.508, 3, 75475 MiB, 100 %, 690.38 W, 1920 MHz, 27 %, 56
2026/10/10 16:16:47.509, 4, 75475 MiB, 100 %, 680.19 W, 1965 MHz, 27 %, 59
2026/10/10 16:16:47.509, 5, 75475 MiB, 100 %, 675.98 W, 1965 MHz, 27 %, 62
2026/10/10 16:16:47.509, 6, 75475 MiB, 100 %, 656.29 W, 1980 MHz, 27 %, 61
2026/10/10 16:16:47.509, 7, 75475 MiB, 100 %, 565.69 W, 1665 MHz, 27 %, 82
2026/10/10 16:16:48.509, 0, 75475 MiB, 100 %, 666.99 W, 1965 MHz, 30 %, 56
2026/10/10 16:16:48.509, 1, 75475 MiB, 100 %, 674.45 W, 1800 MHz, 30 %, 75
2026/10/10 16:16:48.509, 2, 75475 MiB, 100 %, 686.30 W, 1950 MHz, 30 %, 62
2026/10/10 16:16:48.509, 3, 75475 MiB, 100 %, 690.80 W, 1845 MHz, 30 %, 56
2026/10/10 16:16:48.509, 4, 75475 MiB, 100 %, 683.91 W, 1965 MHz, 29 %, 58
2026/10/10 16:16:48.509, 5, 75475 MiB, 100 %, 665.83 W, 1965 MHz, 30 %, 63
2026/10/10 16:16:48.509, 6, 75475 MiB, 100 %, 652.87 W, 1980 MHz, 30 %, 61
2026/10/10 16:16:48.509, 7, 75475 MiB, 100 %, 591.64 W, 1695 MHz, 30 %, 83
2026/10/10 16:16:49.510, 0, 75475 MiB, 100 %, 671.41 W, 1980 MHz, 27 %, 56
2026/10/10 16:16:49.510, 1, 75475 MiB, 100 %, 659.72 W, 1815 MHz, 27 %, 76
2026/10/10 16:16:49.510, 2, 75475 MiB, 100 %, 690.52 W, 1950 MHz, 28 %, 63
2026/10/10 16:16:49.510, 3, 75475 MiB, 100 %, 681.89 W, 1875 MHz, 27 %, 56
2026/10/10 16:16:49.510, 4, 75475 MiB, 100 %, 683.56 W, 1935 MHz, 28 %, 59
2026/10/10 16:16:49.510, 5, 75475 MiB, 100 %, 679.96 W, 1965 MHz, 28 %, 63
2026/10/10 16:16:49.510, 6, 75475 MiB, 100 %, 666.73 W, 1980 MHz, 28 %, 61
2026/10/10 16:16:49.510, 7, 75475 MiB, 100 %, 583.51 W, 1620 MHz, 28 %, 83
2026/10/10 16:16:50.511, 0, 75475 MiB, 100 %, 657.44 W, 1980 MHz, 27 %, 57
2026/10/10 16:16:50.511, 1, 75475 MiB, 100 %, 665.19 W, 1905 MHz, 26 %, 77
2026/10/10 16:16:50.511, 2, 75475 MiB, 100 %, 690.63 W, 1950 MHz, 28 %, 62
2026/10/10 16:16:50.511, 3, 75475 MiB, 100 %, 681.09 W, 1920 MHz, 27 %, 56
2026/10/10 16:16:50.511, 4, 75475 MiB, 100 %, 686.92 W, 1965 MHz, 27 %, 59
2026/10/10 16:16:50.511, 5, 75475 MiB, 100 %, 677.63 W, 1965 MHz, 28 %, 63
2026/10/10 16:16:50.511, 6, 75475 MiB, 100 %, 664.10 W, 1965 MHz, 27 %, 60
2026/10/10 16:16:50.511, 7, 75475 MiB, 100 %, 582.93 W, 1905 MHz, 29 %, 84
2026/10/10 16:16:51.511, 0, 75475 MiB, 100 %, 660.82 W, 1980 MHz, 29 %, 57
2026/10/10 16:16:51.511, 1, 75475 MiB, 100 %, 660.87 W, 1755 MHz, 28 %, 76
2026/10/10 16:16:51.511, 2, 75475 MiB, 100 %, 677.33 W, 1965 MHz, 30 %, 63
2026/10/10 16:16:51.512, 3, 75475 MiB, 100 %, 684.03 W, 1920 MHz, 30 %, 56
2026/10/10 16:16:51.512, 4, 75475 MiB, 100 %, 677.97 W, 1950 MHz, 31 %, 59
2026/10/10 16:16:51.512, 5, 75475 MiB, 100 %, 669.64 W, 1965 MHz, 30 %, 63
2026/10/10 16:16:51.512, 6, 75475 MiB, 100 %, 644.50 W, 1965 MHz, 30 %, 61
2026/10/10 16:16:51.512, 7, 75475 MiB, 100 %, 587.80 W, 1950 MHz, 30 %, 85
2026/10/10 16:16:52.512, 0, 75475 MiB, 100 %, 672.00 W, 1980 MHz, 27 %, 56
2026/10/10 16:16:52.512, 1, 75475 MiB, 100 %, 663.78 W, 1815 MHz, 27 %, 75
2026/10/10 16:16:52.512, 2, 75475 MiB, 100 %, 689.44 W, 1965 MHz, 26 %, 62
2026/10/10 16:16:52.512, 3, 75475 MiB, 100 %, 682.45 W, 1965 MHz, 26 %, 56
2026/10/10 16:16:52.512, 4, 75475 MiB, 100 %, 683.92 W, 1950 MHz, 26 %, 58
2026/10/10 16:16:52.512, 5, 75475 MiB, 100 %, 671.33 W, 1965 MHz, 26 %, 63
2026/10/10 16:16:52.512, 6, 75475 MiB, 100 %, 654.21 W, 1980 MHz, 26 %, 62
2026/10/10 16:16:52.512, 7, 75475 MiB, 100 %, 589.56 W, 1575 MHz, 27 %, 82
2026/10/10 16:16:53.513, 0, 75475 MiB, 100 %, 657.46 W, 1980 MHz, 30 %, 57
2026/10/10 16:16:53.513, 1, 75475 MiB, 100 %, 660.32 W, 1815 MHz, 29 %, 76
2026/10/10 16:16:53.513, 2, 75475 MiB, 100 %, 686.30 W, 1935 MHz, 30 %, 63
2026/10/10 16:16:53.513, 3, 75475 MiB, 100 %, 689.24 W, 1965 MHz, 29 %, 57
2026/10/10 16:16:53.513, 4, 75475 MiB, 100 %, 684.50 W, 1965 MHz, 29 %, 59
2026/10/10 16:16:53.513, 5, 75475 MiB, 100 %, 667.63 W, 1980 MHz, 30 %, 64
2026/10/10 16:16:53.513, 6, 75475 MiB, 100 %, 649.09 W, 1980 MHz, 29 %, 62
2026/10/10 16:16:53.513, 7, 75475 MiB, 100 %, 587.85 W, 1680 MHz, 30 %, 83
2026/10/10 16:16:54.513, 0, 75475 MiB, 100 %, 669.62 W, 1980 MHz, 28 %, 57
2026/10/10 16:16:54.514, 1, 75475 MiB, 100 %, 657.28 W, 1740 MHz, 29 %, 75
2026/10/10 16:16:54.514, 2, 75475 MiB, 100 %, 696.35 W, 1905 MHz, 29 %, 63
2026/10/10 16:16:54.514, 3, 75475 MiB, 100 %, 690.32 W, 1950 MHz, 28 %, 57
2026/10/10 16:16:54.514, 4, 75475 MiB, 100 %, 686.55 W, 1950 MHz, 28 %, 59
2026/10/10 16:16:54.514, 5, 75475 MiB, 100 %, 676.96 W, 1965 MHz, 29 %, 64
2026/10/10 16:16:54.514, 6, 75475 MiB, 100 %, 659.67 W, 1980 MHz, 29 %, 62
2026/10/10 16:16:54.514, 7, 75475 MiB, 100 %, 586.80 W, 1665 MHz, 29 %, 83
2026/10/10 16:16:55.514, 0, 75475 MiB, 100 %, 675.98 W, 1980 MHz, 27 %, 57
2026/10/10 16:16:55.515, 1, 75475 MiB, 100 %, 641.05 W, 1785 MHz, 27 %, 75
2026/10/10 16:16:55.515, 2, 75475 MiB, 100 %, 691.86 W, 1920 MHz, 28 %, 63
2026/10/10 16:16:55.515, 3, 75475 MiB, 100 %, 688.69 W, 1935 MHz, 27 %, 56
2026/10/10 16:16:55.515, 4, 75475 MiB, 100 %, 687.54 W, 1935 MHz, 27 %, 58
2026/10/10 16:16:55.515, 5, 75475 MiB, 100 %, 686.24 W, 1965 MHz, 27 %, 64
2026/10/10 16:16:55.515, 6, 75475 MiB, 100 %, 666.59 W, 1980 MHz, 27 %, 62
2026/10/10 16:16:55.515, 7, 75475 MiB, 100 %, 592.32 W, 1635 MHz, 28 %, 83
2026/10/10 16:16:56.515, 0, 75475 MiB, 100 %, 652.44 W, 1980 MHz, 26 %, 56
2026/10/10 16:16:56.515, 1, 75475 MiB, 100 %, 656.96 W, 1875 MHz, 26 %, 76
2026/10/10 16:16:56.515, 2, 75475 MiB, 100 %, 678.05 W, 1980 MHz, 26 %, 63
2026/10/10 16:16:56.515, 3, 75475 MiB, 100 %, 685.96 W, 1980 MHz, 26 %, 56
2026/10/10 16:16:56.515, 4, 75475 MiB, 100 %, 668.80 W, 1965 MHz, 26 %, 58
2026/10/10 16:16:56.515, 5, 75475 MiB, 100 %, 664.94 W, 1965 MHz, 26 %, 64
2026/10/10 16:16:56.516, 6, 75475 MiB, 100 %, 640.86 W, 1980 MHz, 26 %, 61
2026/10/10 16:16:56.516, 7, 75475 MiB, 100 %, 546.95 W, 1755 MHz, 26 %, 81
2026/10/10 16:16:57.516, 0, 75475 MiB, 100 %, 666.96 W, 1980 MHz, 29 %, 56
2026/10/10 16:16:57.516, 1, 75475 MiB, 100 %, 652.74 W, 1770 MHz, 29 %, 75
2026/10/10 16:16:57.516, 2, 75475 MiB, 100 %, 690.86 W, 1920 MHz, 29 %, 63
2026/10/10 16:16:57.516, 3, 75475 MiB, 100 %, 694.01 W, 1935 MHz, 28 %, 57
2026/10/10 16:16:57.516, 4, 75475 MiB, 100 %, 691.36 W, 1935 MHz, 29 %, 59
2026/10/10 16:16:57.516, 5, 75475 MiB, 100 %, 677.16 W, 1965 MHz, 29 %, 64
2026/10/10 16:16:57.516, 6, 75475 MiB, 100 %, 650.00 W, 1980 MHz, 28 %, 62
2026/10/10 16:16:57.516, 7, 75475 MiB, 100 %, 595.49 W, 1665 MHz, 29 %, 82
2026/10/10 16:16:58.516, 0, 75475 MiB, 100 %, 666.94 W, 1980 MHz, 27 %, 57
2026/10/10 16:16:58.517, 1, 75475 MiB, 100 %, 643.19 W, 1680 MHz, 27 %, 75
2026/10/10 16:16:58.517, 2, 75475 MiB, 100 %, 691.08 W, 1935 MHz, 28 %, 63
2026/10/10 16:16:58.517, 3, 75475 MiB, 100 %, 686.65 W, 1935 MHz, 27 %, 56
2026/10/10 16:16:58.517, 4, 75475 MiB, 100 %, 685.95 W, 1950 MHz, 28 %, 59
2026/10/10 16:16:58.517, 5, 75475 MiB, 100 %, 673.56 W, 1965 MHz, 28 %, 64
2026/10/10 16:16:58.517, 6, 75475 MiB, 100 %, 668.66 W, 1980 MHz, 27 %, 62
2026/10/10 16:16:58.517, 7, 75475 MiB, 100 %, 581.95 W, 1650 MHz, 28 %, 82
2026/10/10 16:16:59.517, 0, 75475 MiB, 100 %, 667.30 W, 1980 MHz, 27 %, 57
2026/10/10 16:16:59.517, 1, 75475 MiB, 100 %, 656.14 W, 1800 MHz, 26 %, 75
2026/10/10 16:16:59.517, 2, 75475 MiB, 100 %, 679.46 W, 1920 MHz, 28 %, 62
2026/10/10 16:16:59.517, 3, 75475 MiB, 100 %, 688.45 W, 1890 MHz, 28 %, 57
2026/10/10 16:16:59.517, 4, 75475 MiB, 100 %, 673.78 W, 1965 MHz, 28 %, 59
2026/10/10 16:16:59.517, 5, 75475 MiB, 100 %, 663.12 W, 1980 MHz, 27 %, 64
2026/10/10 16:16:59.517, 6, 75475 MiB, 100 %, 654.63 W, 1965 MHz, 29 %, 62
2026/10/10 16:16:59.518, 7, 75475 MiB, 100 %, 578.07 W, 1965 MHz, 28 %, 85
2026/10/10 16:17:00.518, 0, 75475 MiB, 100 %, 656.73 W, 1980 MHz, 29 %, 57
2026/10/10 16:17:00.518, 1, 75475 MiB, 100 %, 652.36 W, 1770 MHz, 28 %, 76
2026/10/10 16:17:00.518, 2, 75475 MiB, 100 %, 681.19 W, 1950 MHz, 29 %, 64
2026/10/10 16:17:00.518, 3, 75475 MiB, 100 %, 682.76 W, 1905 MHz, 29 %, 57
2026/10/10 16:17:00.518, 4, 75475 MiB, 100 %, 668.26 W, 1950 MHz, 30 %, 59
2026/10/10 16:17:00.518, 5, 75475 MiB, 100 %, 662.88 W, 1965 MHz, 29 %, 64
2026/10/10 16:17:00.518, 6, 75475 MiB, 100 %, 647.17 W, 1980 MHz, 31 %, 62
2026/10/10 16:17:00.518, 7, 75475 MiB, 100 %, 571.19 W, 1905 MHz, 30 %, 85
2026/10/10 16:17:01.518, 0, 75475 MiB, 100 %, 668.02 W, 1980 MHz, 28 %, 57
2026/10/10 16:17:01.519, 1, 75475 MiB, 100 %, 669.40 W, 1830 MHz, 28 %, 76
2026/10/10 16:17:01.519, 2, 75475 MiB, 100 %, 687.62 W, 1950 MHz, 28 %, 63
2026/10/10 16:17:01.519, 3, 75475 MiB, 100 %, 689.68 W, 1950 MHz, 28 %, 57
2026/10/10 16:17:01.519, 4, 75475 MiB, 100 %, 685.73 W, 1965 MHz, 27 %, 60
2026/10/10 16:17:01.519, 5, 75475 MiB, 100 %, 674.03 W, 1980 MHz, 27 %, 64
2026/10/10 16:17:01.519, 6, 75475 MiB, 100 %, 657.18 W, 1980 MHz, 27 %, 62
2026/10/10 16:17:01.519, 7, 75475 MiB, 100 %, 586.83 W, 1545 MHz, 28 %, 83
2026/10/10 16:17:02.519, 0, 75475 MiB, 100 %, 622.04 W, 1980 MHz, 36 %, 52
2026/10/10 16:17:02.519, 1, 75475 MiB, 100 %, 610.10 W, 1965 MHz, 35 %, 72
2026/10/10 16:17:02.519, 2, 75475 MiB, 100 %, 632.78 W, 1980 MHz, 36 %, 58
2026/10/10 16:17:02.519, 3, 75475 MiB, 100 %, 643.35 W, 1965 MHz, 35 %, 52
2026/10/10 16:17:02.519, 4, 75475 MiB, 100 %, 625.52 W, 1965 MHz, 35 %, 54
2026/10/10 16:17:02.519, 5, 75475 MiB, 100 %, 620.42 W, 1980 MHz, 35 %, 59
2026/10/10 16:17:02.519, 6, 75475 MiB, 100 %, 604.50 W, 1980 MHz, 35 %, 57
2026/10/10 16:17:02.520, 7, 75475 MiB, 100 %, 533.52 W, 1965 MHz, 35 %, 80
2026/10/10 16:17:03.520, 0, 75475 MiB, 100 %, 485.19 W, 1980 MHz, 36 %, 50
2026/10/10 16:17:03.520, 1, 75475 MiB, 100 %, 512.99 W, 1980 MHz, 35 %, 70
2026/10/10 16:17:03.520, 2, 75475 MiB, 100 %, 489.19 W, 1980 MHz, 36 %, 56
2026/10/10 16:17:03.520, 3, 75475 MiB, 100 %, 481.28 W, 1980 MHz, 36 %, 49
2026/10/10 16:17:03.520, 4, 75475 MiB, 100 %, 473.45 W, 1980 MHz, 36 %, 50
2026/10/10 16:17:03.520, 5, 75475 MiB, 100 %, 495.28 W, 1980 MHz, 36 %, 57
2026/10/10 16:17:03.520, 6, 75475 MiB, 100 %, 479.87 W, 1980 MHz, 36 %, 54
2026/10/10 16:17:03.520, 7, 75475 MiB, 100 %, 522.77 W, 1980 MHz, 35 %, 80
2026/10/10 16:17:04.520, 0, 75475 MiB, 100 %, 484.49 W, 1980 MHz, 36 %, 49
2026/10/10 16:17:04.521, 1, 75475 MiB, 100 %, 504.11 W, 1980 MHz, 36 %, 70
2026/10/10 16:17:04.521, 2, 75475 MiB, 100 %, 492.13 W, 1980 MHz, 36 %, 56
2026/10/10 16:17:04.521, 3, 75475 MiB, 100 %, 486.04 W, 1980 MHz, 36 %, 48
2026/10/10 16:17:04.521, 4, 75475 MiB, 100 %, 480.86 W, 1980 MHz, 36 %, 50
2026/10/10 16:17:04.521, 5, 75475 MiB, 100 %, 501.04 W, 1980 MHz, 36 %, 56
2026/10/10 16:17:04.521, 6, 75475 MiB, 100 %, 481.75 W, 1980 MHz, 36 %, 53
2026/10/10 16:17:04.521, 7, 75475 MiB, 100 %, 517.11 W, 1980 MHz, 35 %, 80
2026/10/10 16:17:05.521, 0, 75475 MiB, 100 %, 476.41 W, 1980 MHz, 36 %, 49
2026/10/10 16:17:05.521, 1, 75475 MiB, 100 %, 502.45 W, 1980 MHz, 36 %, 70
2026/10/10 16:17:05.521, 2, 75475 MiB, 100 %, 492.67 W, 1980 MHz, 36 %, 55
2026/10/10 16:17:05.521, 3, 75475 MiB, 100 %, 487.51 W, 1980 MHz, 36 %, 48
2026/10/10 16:17:05.521, 4, 75475 MiB, 100 %, 477.05 W, 1980 MHz, 36 %, 49
2026/10/10 16:17:05.521, 5, 75475 MiB, 100 %, 491.78 W, 1980 MHz, 36 %, 56
2026/10/10 16:17:05.521, 6, 75475 MiB, 100 %, 475.71 W, 1980 MHz, 37 %, 53
2026/10/10 16:17:05.521, 7, 75475 MiB, 100 %, 520.95 W, 1980 MHz, 36 %, 80
2026/10/10 16:17:06.522, 0, 75475 MiB, 100 %, 484.40 W, 1980 MHz, 37 %, 49
2026/10/10 16:17:06.522, 1, 75475 MiB, 100 %, 509.17 W, 1980 MHz, 36 %, 70
2026/10/10 16:17:06.522, 2, 75475 MiB, 100 %, 490.06 W, 1980 MHz, 36 %, 55
2026/10/10 16:17:06.522, 3, 75475 MiB, 100 %, 482.40 W, 1980 MHz, 36 %, 48
2026/10/10 16:17:06.522, 4, 75475 MiB, 100 %, 475.28 W, 1980 MHz, 37 %, 49
2026/10/10 16:17:06.522, 5, 75475 MiB, 100 %, 497.84 W, 1980 MHz, 35 %, 55
2026/10/10 16:17:06.522, 6, 75475 MiB, 100 %, 478.77 W, 1980 MHz, 36 %, 53
2026/10/10 16:17:06.522, 7, 75475 MiB, 100 %, 513.06 W, 1980 MHz, 36 %, 80
2026/10/10 16:17:07.522, 0, 75475 MiB, 100 %, 482.57 W, 1980 MHz, 37 %, 49
2026/10/10 16:17:07.522, 1, 75475 MiB, 100 %, 505.63 W, 1980 MHz, 36 %, 69
2026/10/10 16:17:07.522, 2, 75475 MiB, 100 %, 492.07 W, 1980 MHz, 37 %, 55
2026/10/10 16:17:07.523, 3, 75475 MiB, 100 %, 478.94 W, 1980 MHz, 36 %, 47
2026/10/10 16:17:07.523, 4, 75475 MiB, 100 %, 470.04 W, 1980 MHz, 36 %, 49
2026/10/10 16:17:07.523, 5, 75475 MiB, 100 %, 493.20 W, 1980 MHz, 35 %, 55
2026/10/10 16:17:07.523, 6, 75475 MiB, 100 %, 477.65 W, 1980 MHz, 36 %, 53
2026/10/10 16:17:07.523, 7, 75475 MiB, 100 %, 513.59 W, 1980 MHz, 35 %, 80
2026/10/10 16:17:08.523, 0, 75475 MiB, 100 %, 481.79 W, 1980 MHz, 37 %, 48
2026/10/10 16:17:08.523, 1, 75475 MiB, 100 %, 507.47 W, 1980 MHz, 36 %, 69
2026/10/10 16:17:08.523, 2, 75475 MiB, 100 %, 488.38 W, 1980 MHz, 36 %, 55
2026/10/10 16:17:08.523, 3, 75475 MiB, 100 %, 489.16 W, 1980 MHz, 37 %, 47
2026/10/10 16:17:08.523, 4, 75475 MiB, 100 %, 475.24 W, 1980 MHz, 36 %, 49
2026/10/10 16:17:08.523, 5, 75475 MiB, 100 %, 498.01 W, 1980 MHz, 37 %, 55
2026/10/10 16:17:08.523, 6, 75475 MiB, 100 %, 476.11 W, 1980 MHz, 36 %, 52
2026/10/10 16:17:08.523, 7, 75475 MiB, 100 %, 518.63 W, 1980 MHz, 36 %, 80
2026/10/10 16:17:09.524, 0, 75475 MiB, 100 %, 486.88 W, 1980 MHz, 37 %, 48
2026/10/10 16:17:09.524, 1, 75475 MiB, 100 %, 514.00 W, 1980 MHz, 36 %, 69
2026/10/10 16:17:09.524, 2, 75475 MiB, 100 %, 489.41 W, 1980 MHz, 37 %, 55
2026/10/10 16:17:09.524, 3, 75475 MiB, 100 %, 490.24 W, 1980 MHz, 37 %, 47
2026/10/10 16:17:09.524, 4, 75475 MiB, 100 %, 473.93 W, 1980 MHz, 36 %, 48
2026/10/10 16:17:09.524, 5, 75475 MiB, 100 %, 492.14 W, 1980 MHz, 36 %, 55
2026/10/10 16:17:09.524, 6, 75475 MiB, 100 %, 476.08 W, 1980 MHz, 36 %, 52
2026/10/10 16:17:09.524, 7, 75475 MiB, 100 %, 517.55 W, 1980 MHz, 36 %, 80
2026/10/10 16:17:10.524, 0, 75475 MiB, 100 %, 488.04 W, 1980 MHz, 37 %, 48
2026/10/10 16:17:10.524, 1, 75475 MiB, 100 %, 509.23 W, 1980 MHz, 36 %, 69
2026/10/10 16:17:10.525, 2, 75475 MiB, 100 %, 487.10 W, 1980 MHz, 36 %, 54
2026/10/10 16:17:10.525, 3, 75475 MiB, 100 %, 486.11 W, 1980 MHz, 37 %, 47
2026/10/10 16:17:10.525, 4, 75475 MiB, 100 %, 473.43 W, 1980 MHz, 36 %, 48
2026/10/10 16:17:10.525, 5, 75475 MiB, 100 %, 493.06 W, 1980 MHz, 36 %, 55
2026/10/10 16:17:10.525, 6, 75475 MiB, 100 %, 484.79 W, 1980 MHz, 36 %, 52
2026/10/10 16:17:10.525, 7, 75475 MiB, 100 %, 515.50 W, 1980 MHz, 35 %, 80
2026/10/10 16:17:11.525, 0, 75475 MiB, 100 %, 483.56 W, 1980 MHz, 37 %, 48
2026/10/10 16:17:11.525, 1, 75475 MiB, 100 %, 509.59 W, 1980 MHz, 36 %, 69
2026/10/10 16:17:11.525, 2, 75475 MiB, 100 %, 489.98 W, 1980 MHz, 37 %, 54
2026/10/10 16:17:11.525, 3, 75475 MiB, 100 %, 486.49 W, 1980 MHz, 37 %, 47
2026/10/10 16:17:11.525, 4, 75475 MiB, 100 %, 472.21 W, 1980 MHz, 36 %, 48
2026/10/10 16:17:11.525, 5, 75475 MiB, 100 %, 490.78 W, 1980 MHz, 36 %, 55
2026/10/10 16:17:11.525, 6, 75475 MiB, 100 %, 481.01 W, 1980 MHz, 37 %, 52
2026/10/10 16:17:11.525, 7, 75475 MiB, 100 %, 516.18 W, 1980 MHz, 36 %, 80
2026/10/10 16:17:12.526, 0, 75475 MiB, 100 %, 486.59 W, 1980 MHz, 37 %, 48
2026/10/10 16:17:12.526, 1, 75475 MiB, 100 %, 513.61 W, 1980 MHz, 37 %, 69
2026/10/10 16:17:12.526, 2, 75475 MiB, 100 %, 495.08 W, 1980 MHz, 37 %, 54
2026/10/10 16:17:12.526, 3, 75475 MiB, 100 %, 486.00 W, 1980 MHz, 37 %, 47
2026/10/10 16:17:12.526, 4, 75475 MiB, 100 %, 478.87 W, 1980 MHz, 36 %, 48
2026/10/10 16:17:12.526, 5, 75475 MiB, 100 %, 493.75 W, 1980 MHz, 37 %, 55
2026/10/10 16:17:12.526, 6, 75475 MiB, 100 %, 481.80 W, 1980 MHz, 37 %, 52
2026/10/10 16:17:12.526, 7, 75475 MiB, 100 %, 517.74 W, 1980 MHz, 36 %, 80
2026/10/10 16:17:13.526, 0, 75475 MiB, 100 %, 483.88 W, 1980 MHz, 37 %, 48
2026/10/10 16:17:13.526, 1, 75475 MiB, 100 %, 504.08 W, 1980 MHz, 36 %, 69
2026/10/10 16:17:13.527, 2, 75475 MiB, 100 %, 487.50 W, 1980 MHz, 37 %, 54
2026/10/10 16:17:13.527, 3, 75475 MiB, 100 %, 489.39 W, 1980 MHz, 37 %, 47
2026/10/10 16:17:13.527, 4, 75475 MiB, 100 %, 480.58 W, 1980 MHz, 37 %, 48
2026/10/10 16:17:13.527, 5, 75475 MiB, 100 %, 489.07 W, 1980 MHz, 36 %, 55
2026/10/10 16:17:13.527, 6, 75475 MiB, 100 %, 480.95 W, 1980 MHz, 37 %, 52
2026/10/10 16:17:13.527, 7, 75475 MiB, 100 %, 516.02 W, 1980 MHz, 36 %, 80
2026/10/10 16:17:14.527, 0, 75475 MiB, 100 %, 481.66 W, 1980 MHz, 37 %, 48
2026/10/10 16:17:14.527, 1, 75475 MiB, 100 %, 508.18 W, 1980 MHz, 36 %, 69
2026/10/10 16:17:14.527, 2, 75475 MiB, 100 %, 487.80 W, 1980 MHz, 37 %, 54
2026/10/10 16:17:14.527, 3, 75475 MiB, 100 %, 487.25 W, 1980 MHz, 36 %, 47
2026/10/10 16:17:14.527, 4, 75475 MiB, 100 %, 477.81 W, 1980 MHz, 36 %, 48
2026/10/10 16:17:14.527, 5, 75475 MiB, 100 %, 497.13 W, 1980 MHz, 36 %, 54
2026/10/10 16:17:14.527, 6, 75475 MiB, 100 %, 477.62 W, 1980 MHz, 36 %, 52
2026/10/10 16:17:14.527, 7, 75475 MiB, 100 %, 519.70 W, 1980 MHz, 36 %, 80
2026/10/10 16:17:15.528, 0, 75475 MiB, 100 %, 484.57 W, 1980 MHz, 36 %, 48
2026/10/10 16:17:15.528, 1, 75475 MiB, 100 %, 504.50 W, 1980 MHz, 37 %, 69
2026/10/10 16:17:15.528, 2, 75475 MiB, 100 %, 488.13 W, 1980 MHz, 37 %, 54
2026/10/10 16:17:15.528, 3, 75475 MiB, 100 %, 487.11 W, 1980 MHz, 37 %, 46
2026/10/10 16:17:15.528, 4, 75475 MiB, 100 %, 476.03 W, 1980 MHz, 37 %, 48
2026/10/10 16:17:15.528, 5, 75475 MiB, 100 %, 489.72 W, 1980 MHz, 36 %, 54
2026/10/10 16:17:15.528, 6, 75475 MiB, 100 %, 475.33 W, 1980 MHz, 37 %, 52
2026/10/10 16:17:15.528, 7, 75475 MiB, 100 %, 515.38 W, 1980 MHz, 36 %, 80
2026/10/10 16:17:16.528, 0, 75475 MiB, 100 %, 484.86 W, 1980 MHz, 37 %, 48
2026/10/10 16:17:16.528, 1, 75475 MiB, 100 %, 505.42 W, 1980 MHz, 36 %, 69
2026/10/10 16:17:16.528, 2, 75475 MiB, 100 %, 484.94 W, 1980 MHz, 36 %, 54
2026/10/10 16:17:16.529, 3, 75475 MiB, 100 %, 485.61 W, 1980 MHz, 36 %, 46
2026/10/10 16:17:16.529, 4, 75475 MiB, 100 %, 480.11 W, 1980 MHz, 36 %, 48
2026/10/10 16:17:16.529, 5, 75475 MiB, 100 %, 491.50 W, 1980 MHz, 36 %, 54
2026/10/10 16:17:16.529, 6, 75475 MiB, 100 %, 479.49 W, 1980 MHz, 36 %, 52
2026/10/10 16:17:16.529, 7, 75475 MiB, 100 %, 516.45 W, 1980 MHz, 36 %, 80
2026/10/10 16:17:17.529, 0, 75475 MiB, 100 %, 483.26 W, 1980 MHz, 37 %, 48
2026/10/10 16:17:17.529, 1, 75475 MiB, 100 %, 507.93 W, 1980 MHz, 36 %, 69
2026/10/10 16:17:17.529, 2, 75475 MiB, 100 %, 485.41 W, 1980 MHz, 36 %, 54
2026/10/10 16:17:17.529, 3, 75475 MiB, 100 %, 482.02 W, 1980 MHz, 37 %, 46
2026/10/10 16:17:17.529, 4, 75475 MiB, 100 %, 475.85 W, 1980 MHz, 36 %, 48
2026/10/10 16:17:17.529, 5, 75475 MiB, 100 %, 490.10 W, 1980 MHz, 37 %, 54
2026/10/10 16:17:17.529, 6, 75475 MiB, 100 %, 474.94 W, 1980 MHz, 37 %, 52
2026/10/10 16:17:17.529, 7, 75475 MiB, 100 %, 512.23 W, 1980 MHz, 37 %, 80
2026/10/10 16:17:18.530, 0, 75475 MiB, 100 %, 484.58 W, 1980 MHz, 36 %, 48
2026/10/10 16:17:18.530, 1, 75475 MiB, 100 %, 505.22 W, 1980 MHz, 36 %, 69
2026/10/10 16:17:18.530, 2, 75475 MiB, 100 %, 490.14 W, 1980 MHz, 36 %, 54
2026/10/10 16:17:18.530, 3, 75475 MiB, 100 %, 478.96 W, 1980 MHz, 36 %, 46
2026/10/10 16:17:18.530, 4, 75475 MiB, 100 %, 470.09 W, 1980 MHz, 36 %, 47
2026/10/10 16:17:18.530, 5, 75475 MiB, 100 %, 494.93 W, 1980 MHz, 36 %, 54
2026/10/10 16:17:18.530, 6, 75475 MiB, 100 %, 475.24 W, 1980 MHz, 36 %, 52
2026/10/10 16:17:18.530, 7, 75475 MiB, 100 %, 515.75 W, 1980 MHz, 36 %, 80
2026/10/10 16:17:19.530, 0, 75475 MiB, 100 %, 485.80 W, 1980 MHz, 36 %, 47
2026/10/10 16:17:19.531, 1, 75475 MiB, 100 %, 506.62 W, 1980 MHz, 36 %, 69
2026/10/10 16:17:19.531, 2, 75475 MiB, 100 %, 489.13 W, 1980 MHz, 37 %, 53
2026/10/10 16:17:19.531, 3, 75475 MiB, 100 %, 485.86 W, 1980 MHz, 37 %, 46
2026/10/10 16:17:19.531, 4, 75475 MiB, 100 %, 475.96 W, 1980 MHz, 36 %, 47
2026/10/10 16:17:19.531, 5, 75475 MiB, 100 %, 496.44 W, 1980 MHz, 36 %, 54
2026/10/10 16:17:19.531, 6, 75475 MiB, 100 %, 480.30 W, 1980 MHz, 36 %, 52
2026/10/10 16:17:19.531, 7, 75475 MiB, 100 %, 512.37 W, 1980 MHz, 35 %, 80
2026/10/10 16:17:20.531, 0, 75475 MiB, 100 %, 481.29 W, 1980 MHz, 37 %, 47
2026/10/10 16:17:20.531, 1, 75475 MiB, 100 %, 504.81 W, 1980 MHz, 36 %, 69
2026/10/10 16:17:20.531, 2, 75475 MiB, 100 %, 485.64 W, 1980 MHz, 36 %, 53
2026/10/10 16:17:20.531, 3, 75475 MiB, 100 %, 486.42 W, 1980 MHz, 36 %, 46
2026/10/10 16:17:20.531, 4, 75475 MiB, 100 %, 474.24 W, 1980 MHz, 37 %, 47
2026/10/10 16:17:20.532, 5, 75475 MiB, 100 %, 491.26 W, 1980 MHz, 36 %, 54
2026/10/10 16:17:20.532, 6, 75475 MiB, 100 %, 474.60 W, 1980 MHz, 37 %, 52
2026/10/10 16:17:20.532, 7, 75475 MiB, 100 %, 514.93 W, 1980 MHz, 36 %, 80
2026/10/10 16:17:21.532, 0, 75475 MiB, 100 %, 484.16 W, 1980 MHz, 37 %, 47
2026/10/10 16:17:21.532, 1, 75475 MiB, 100 %, 508.08 W, 1980 MHz, 36 %, 68
2026/10/10 16:17:21.532, 2, 75475 MiB, 100 %, 485.84 W, 1980 MHz, 36 %, 53
2026/10/10 16:17:21.532, 3, 75475 MiB, 100 %, 486.99 W, 1980 MHz, 37 %, 46
2026/10/10 16:17:21.532, 4, 75475 MiB, 100 %, 477.96 W, 1980 MHz, 37 %, 47
2026/10/10 16:17:21.532, 5, 75475 MiB, 100 %, 491.65 W, 1980 MHz, 36 %, 54
2026/10/10 16:17:21.532, 6, 75475 MiB, 100 %, 485.22 W, 1980 MHz, 37 %, 52
2026/10/10 16:17:21.532, 7, 75475 MiB, 100 %, 520.52 W, 1980 MHz, 36 %, 80
2026/10/10 16:17:22.532, 0, 75475 MiB, 100 %, 486.26 W, 1980 MHz, 36 %, 47
2026/10/10 16:17:22.533, 1, 75475 MiB, 100 %, 501.59 W, 1980 MHz, 36 %, 68
2026/10/10 16:17:22.533, 2, 75475 MiB, 100 %, 483.94 W, 1980 MHz, 37 %, 53
2026/10/10 16:17:22.533, 3, 75475 MiB, 100 %, 486.30 W, 1980 MHz, 36 %, 46
2026/10/10 16:17:22.533, 4, 75475 MiB, 100 %, 474.33 W, 1980 MHz, 36 %, 47
2026/10/10 16:17:22.533, 5, 75475 MiB, 100 %, 495.73 W, 1980 MHz, 36 %, 54
2026/10/10 16:17:22.533, 6, 75475 MiB, 100 %, 482.62 W, 1980 MHz, 36 %, 52
2026/10/10 16:17:22.533, 7, 75475 MiB, 100 %, 514.96 W, 1980 MHz, 36 %, 80
2026/10/10 16:17:23.533, 0, 75475 MiB, 100 %, 487.75 W, 1980 MHz, 37 %, 47
2026/10/10 16:17:23.533, 1, 75475 MiB, 100 %, 506.26 W, 1980 MHz, 36 %, 68
2026/10/10 16:17:23.533, 2, 75475 MiB, 100 %, 486.41 W, 1980 MHz, 36 %, 53
2026/10/10 16:17:23.533, 3, 75475 MiB, 100 %, 492.47 W, 1980 MHz, 37 %, 46
2026/10/10 16:17:23.533, 4, 75475 MiB, 100 %, 477.70 W, 1980 MHz, 36 %, 47
2026/10/10 16:17:23.533, 5, 75475 MiB, 100 %, 488.02 W, 1980 MHz, 36 %, 54
2026/10/10 16:17:23.534, 6, 75475 MiB, 100 %, 476.71 W, 1980 MHz, 37 %, 52
2026/10/10 16:17:23.534, 7, 75475 MiB, 100 %, 524.22 W, 1980 MHz, 36 %, 80
2026/10/10 16:17:24.534, 0, 75475 MiB, 100 %, 481.46 W, 1980 MHz, 37 %, 47
2026/10/10 16:17:24.534, 1, 75475 MiB, 100 %, 507.18 W, 1980 MHz, 36 %, 68
2026/10/10 16:17:24.534, 2, 75475 MiB, 100 %, 485.38 W, 1980 MHz, 37 %, 53
2026/10/10 16:17:24.534, 3, 75475 MiB, 100 %, 487.68 W, 1980 MHz, 36 %, 46
2026/10/10 16:17:24.534, 4, 75475 MiB, 100 %, 474.56 W, 1980 MHz, 36 %, 47
2026/10/10 16:17:24.534, 5, 75475 MiB, 100 %, 488.84 W, 1980 MHz, 36 %, 54
2026/10/10 16:17:24.534, 6, 75475 MiB, 100 %, 481.97 W, 1980 MHz, 36 %, 52
2026/10/10 16:17:24.534, 7, 75475 MiB, 100 %, 512.97 W, 1980 MHz, 36 %, 80
2026/10/10 16:17:25.534, 0, 75475 MiB, 100 %, 486.21 W, 1980 MHz, 37 %, 47
2026/10/10 16:17:25.535, 1, 75475 MiB, 100 %, 505.55 W, 1980 MHz, 35 %, 68
2026/10/10 16:17:25.535, 2, 75475 MiB, 100 %, 484.91 W, 1980 MHz, 36 %, 53
2026/10/10 16:17:25.535, 3, 75475 MiB, 100 %, 480.49 W, 1980 MHz, 36 %, 46
2026/10/10 16:17:25.535, 4, 75475 MiB, 100 %, 474.21 W, 1980 MHz, 36 %, 47
2026/10/10 16:17:25.535, 5, 75475 MiB, 100 %, 495.21 W, 1980 MHz, 36 %, 54
2026/10/10 16:17:25.535, 6, 75475 MiB, 100 %, 472.92 W, 1980 MHz, 36 %, 51
2026/10/10 16:17:25.535, 7, 75475 MiB, 100 %, 516.47 W, 1980 MHz, 36 %, 80
2026/10/10 16:17:26.535, 0, 75475 MiB, 100 %, 484.53 W, 1980 MHz, 37 %, 47
2026/10/10 16:17:26.535, 1, 75475 MiB, 100 %, 505.43 W, 1980 MHz, 36 %, 68
2026/10/10 16:17:26.535, 2, 75475 MiB, 100 %, 485.81 W, 1980 MHz, 36 %, 53
2026/10/10 16:17:26.535, 3, 75475 MiB, 100 %, 490.00 W, 1980 MHz, 37 %, 46
2026/10/10 16:17:26.535, 4, 75475 MiB, 100 %, 471.90 W, 1980 MHz, 36 %, 47
2026/10/10 16:17:26.536, 5, 75475 MiB, 100 %, 492.58 W, 1980 MHz, 37 %, 54
2026/10/10 16:17:26.536, 6, 75475 MiB, 100 %, 470.76 W, 1980 MHz, 36 %, 51
2026/10/10 16:17:26.536, 7, 75475 MiB, 100 %, 510.78 W, 1980 MHz, 36 %, 80
2026/10/10 16:17:27.536, 0, 75475 MiB, 100 %, 483.82 W, 1980 MHz, 37 %, 47
2026/10/10 16:17:27.536, 1, 75475 MiB, 100 %, 505.37 W, 1980 MHz, 35 %, 68
2026/10/10 16:17:27.536, 2, 75475 MiB, 100 %, 488.72 W, 1980 MHz, 36 %, 53
2026/10/10 16:17:27.536, 3, 75475 MiB, 100 %, 485.84 W, 1980 MHz, 36 %, 46
2026/10/10 16:17:27.536, 4, 75475 MiB, 100 %, 473.43 W, 1980 MHz, 36 %, 47
2026/10/10 16:17:27.536, 5, 75475 MiB, 100 %, 484.48 W, 1980 MHz, 36 %, 54
2026/10/10 16:17:27.536, 6, 75475 MiB, 100 %, 474.15 W, 1980 MHz, 37 %, 51
2026/10/10 16:17:27.536, 7, 75475 MiB, 100 %, 518.96 W, 1980 MHz, 36 %, 80
2026/10/10 16:17:28.536, 0, 75475 MiB, 100 %, 484.34 W, 1980 MHz, 37 %, 47
2026/10/10 16:17:28.537, 1, 75475 MiB, 100 %, 501.25 W, 1980 MHz, 36 %, 68
2026/10/10 16:17:28.537, 2, 75475 MiB, 100 %, 486.20 W, 1980 MHz, 37 %, 53
2026/10/10 16:17:28.537, 3, 75475 MiB, 100 %, 482.23 W, 1980 MHz, 37 %, 46
2026/10/10 16:17:28.537, 4, 75475 MiB, 100 %, 473.87 W, 1980 MHz, 36 %, 47
2026/10/10 16:17:28.537, 5, 75475 MiB, 100 %, 488.02 W, 1980 MHz, 36 %, 53
2026/10/10 16:17:28.537, 6, 75475 MiB, 100 %, 478.16 W, 1980 MHz, 36 %, 51
2026/10/10 16:17:28.537, 7, 75475 MiB, 100 %, 510.35 W, 1980 MHz, 35 %, 79
2026/10/10 16:17:29.537, 0, 75475 MiB, 100 %, 482.57 W, 1980 MHz, 37 %, 47
2026/10/10 16:17:29.537, 1, 75475 MiB, 100 %, 504.14 W, 1980 MHz, 36 %, 68
2026/10/10 16:17:29.537, 2, 75475 MiB, 100 %, 485.36 W, 1980 MHz, 37 %, 53
2026/10/10 16:17:29.537, 3, 75475 MiB, 100 %, 479.24 W, 1980 MHz, 36 %, 46
2026/10/10 16:17:29.538, 4, 75475 MiB, 100 %, 473.31 W, 1980 MHz, 37 %, 47
2026/10/10 16:17:29.538, 5, 75475 MiB, 100 %, 498.67 W, 1980 MHz, 36 %, 53
2026/10/10 16:17:29.538, 6, 75475 MiB, 100 %, 473.58 W, 1980 MHz, 36 %, 51
2026/10/10 16:17:29.538, 7, 75475 MiB, 100 %, 512.73 W, 1980 MHz, 36 %, 80
2026/10/10 16:17:30.538, 0, 75475 MiB, 100 %, 483.48 W, 1980 MHz, 37 %, 47
2026/10/10 16:17:30.538, 1, 75475 MiB, 100 %, 503.50 W, 1980 MHz, 36 %, 68
2026/10/10 16:17:30.538, 2, 75475 MiB, 100 %, 481.54 W, 1980 MHz, 36 %, 53
2026/10/10 16:17:30.538, 3, 75475 MiB, 100 %, 488.84 W, 1980 MHz, 36 %, 46
2026/10/10 16:17:30.538, 4, 75475 MiB, 100 %, 474.96 W, 1980 MHz, 36 %, 47
2026/10/10 16:17:30.538, 5, 75475 MiB, 100 %, 499.10 W, 1980 MHz, 37 %, 53
2026/10/10 16:17:30.538, 6, 75475 MiB, 100 %, 476.12 W, 1980 MHz, 37 %, 51
2026/10/10 16:17:30.538, 7, 75475 MiB, 100 %, 513.34 W, 1980 MHz, 37 %, 80
2026/10/10 16:17:31.538, 0, 75475 MiB, 100 %, 488.39 W, 1980 MHz, 37 %, 47
2026/10/10 16:17:31.539, 1, 75475 MiB, 100 %, 502.65 W, 1980 MHz, 36 %, 68
2026/10/10 16:17:31.539, 2, 75475 MiB, 100 %, 486.14 W, 1980 MHz, 37 %, 53
2026/10/10 16:17:31.539, 3, 75475 MiB, 100 %, 484.39 W, 1980 MHz, 36 %, 46
2026/10/10 16:17:31.539, 4, 75475 MiB, 100 %, 474.48 W, 1980 MHz, 36 %, 47
2026/10/10 16:17:31.539, 5, 75475 MiB, 100 %, 492.77 W, 1980 MHz, 36 %, 53
2026/10/10 16:17:31.539, 6, 75475 MiB, 100 %, 478.82 W, 1980 MHz, 36 %, 51
2026/10/10 16:17:31.539, 7, 75475 MiB, 100 %, 514.58 W, 1980 MHz, 35 %, 79
2026/10/10 16:17:32.539, 0, 75475 MiB, 100 %, 481.39 W, 1980 MHz, 37 %, 47
2026/10/10 16:17:32.539, 1, 75475 MiB, 100 %, 503.62 W, 1980 MHz, 36 %, 68
2026/10/10 16:17:32.539, 2, 75475 MiB, 100 %, 483.63 W, 1980 MHz, 36 %, 53
2026/10/10 16:17:32.539, 3, 75475 MiB, 100 %, 487.18 W, 1980 MHz, 36 %, 46
2026/10/10 16:17:32.539, 4, 75475 MiB, 100 %, 471.03 W, 1980 MHz, 35 %, 47
2026/10/10 16:17:32.539, 5, 75475 MiB, 100 %, 498.97 W, 1980 MHz, 36 %, 53
2026/10/10 16:17:32.540, 6, 75475 MiB, 100 %, 476.45 W, 1980 MHz, 36 %, 51
2026/10/10 16:17:32.540, 7, 75475 MiB, 100 %, 509.31 W, 1980 MHz, 35 %, 80
2026/10/10 16:17:33.540, 0, 75475 MiB, 100 %, 539.02 W, 1935 MHz, 30 %, 54
2026/10/10 16:17:33.540, 1, 75475 MiB, 100 %, 558.60 W, 1845 MHz, 29 %, 73
2026/10/10 16:17:33.540, 2, 75475 MiB, 100 %, 549.12 W, 1890 MHz, 29 %, 59
2026/10/10 16:17:33.540, 3, 75475 MiB, 100 %, 553.01 W, 1860 MHz, 29 %, 51
2026/10/10 16:17:33.540, 4, 75475 MiB, 100 %, 543.59 W, 1860 MHz, 29 %, 54
2026/10/10 16:17:33.540, 5, 75475 MiB, 100 %, 558.41 W, 1890 MHz, 30 %, 60
2026/10/10 16:17:33.540, 6, 75475 MiB, 100 %, 548.26 W, 1905 MHz, 29 %, 58
2026/10/10 16:17:33.540, 7, 75475 MiB, 100 %, 565.92 W, 1680 MHz, 29 %, 84
2026/10/10 16:17:34.540, 0, 75475 MiB, 100 %, 691.27 W, 1950 MHz, 27 %, 55
2026/10/10 16:17:34.541, 1, 75475 MiB, 100 %, 690.18 W, 1890 MHz, 26 %, 75
2026/10/10 16:17:34.541, 2, 75475 MiB, 100 %, 691.98 W, 1905 MHz, 26 %, 60
2026/10/10 16:17:34.541, 3, 75475 MiB, 100 %, 690.90 W, 1875 MHz, 26 %, 54
2026/10/10 16:17:34.541, 4, 75475 MiB, 100 %, 688.95 W, 1875 MHz, 26 %, 56
2026/10/10 16:17:34.541, 5, 75475 MiB, 100 %, 689.56 W, 1935 MHz, 27 %, 61
2026/10/10 16:17:34.541, 6, 75475 MiB, 100 %, 686.41 W, 1965 MHz, 27 %, 61
2026/10/10 16:17:34.541, 7, 75475 MiB, 100 %, 606.17 W, 1545 MHz, 27 %, 83
2026/10/10 16:17:35.541, 0, 75475 MiB, 100 %, 689.81 W, 1845 MHz, 26 %, 56
2026/10/10 16:17:35.541, 1, 75475 MiB, 100 %, 667.36 W, 1695 MHz, 26 %, 75
2026/10/10 16:17:35.541, 2, 75475 MiB, 100 %, 694.21 W, 1890 MHz, 26 %, 62
2026/10/10 16:17:35.541, 3, 75475 MiB, 100 %, 697.26 W, 1860 MHz, 26 %, 54
2026/10/10 16:17:35.541, 4, 75475 MiB, 100 %, 692.81 W, 1875 MHz, 26 %, 57
2026/10/10 16:17:35.541, 5, 75475 MiB, 100 %, 698.80 W, 1905 MHz, 27 %, 63
2026/10/10 16:17:35.541, 6, 75475 MiB, 100 %, 692.60 W, 1875 MHz, 26 %, 62
2026/10/10 16:17:35.542, 7, 75475 MiB, 100 %, 586.88 W, 1590 MHz, 26 %, 83
2026/10/10 16:17:36.542, 0, 75475 MiB, 100 %, 693.05 W, 1920 MHz, 25 %, 57
2026/10/10 16:17:36.542, 1, 75475 MiB, 100 %, 675.80 W, 1800 MHz, 26 %, 76
2026/10/10 16:17:36.542, 2, 75475 MiB, 100 %, 692.23 W, 1950 MHz, 25 %, 62
2026/10/10 16:17:36.542, 3, 75475 MiB, 100 %, 694.25 W, 1875 MHz, 25 %, 55
2026/10/10 16:17:36.542, 4, 75475 MiB, 100 %, 693.53 W, 1920 MHz, 25 %, 58
2026/10/10 16:17:36.542, 5, 75475 MiB, 100 %, 694.13 W, 1860 MHz, 26 %, 64
2026/10/10 16:17:36.542, 6, 75475 MiB, 100 %, 687.10 W, 1950 MHz, 25 %, 62
2026/10/10 16:17:36.542, 7, 75475 MiB, 100 %, 564.37 W, 1530 MHz, 25 %, 82
2026/10/10 16:17:37.543, 0, 75475 MiB, 100 %, 688.74 W, 1950 MHz, 28 %, 57
2026/10/10 16:17:37.543, 1, 75475 MiB, 100 %, 675.02 W, 1860 MHz, 28 %, 74
2026/10/10 16:17:37.543, 2, 75475 MiB, 100 %, 689.66 W, 1875 MHz, 28 %, 61
2026/10/10 16:17:37.543, 3, 75475 MiB, 100 %, 685.37 W, 1875 MHz, 28 %, 56
2026/10/10 16:17:37.543, 4, 75475 MiB, 100 %, 694.36 W, 1845 MHz, 28 %, 58
2026/10/10 16:17:37.543, 5, 75475 MiB, 100 %, 689.36 W, 1815 MHz, 28 %, 63
2026/10/10 16:17:37.543, 6, 75475 MiB, 100 %, 687.06 W, 1950 MHz, 27 %, 63
2026/10/10 16:17:37.543, 7, 75475 MiB, 100 %, 576.72 W, 1560 MHz, 28 %, 83
2026/10/10 16:17:38.543, 0, 75475 MiB, 100 %, 689.72 W, 1860 MHz, 26 %, 57
2026/10/10 16:17:38.543, 1, 75475 MiB, 100 %, 676.03 W, 1755 MHz, 26 %, 77
2026/10/10 16:17:38.543, 2, 75475 MiB, 100 %, 686.80 W, 1890 MHz, 26 %, 62
2026/10/10 16:17:38.544, 3, 75475 MiB, 100 %, 687.39 W, 1920 MHz, 25 %, 56
2026/10/10 16:17:38.544, 4, 75475 MiB, 100 %, 692.61 W, 1875 MHz, 26 %, 58
2026/10/10 16:17:38.544, 5, 75475 MiB, 100 %, 688.99 W, 1800 MHz, 26 %, 64
2026/10/10 16:17:38.544, 6, 75475 MiB, 100 %, 687.73 W, 1890 MHz, 26 %, 63
2026/10/10 16:17:38.544, 7, 75475 MiB, 100 %, 586.82 W, 1605 MHz, 26 %, 83
2026/10/10 16:17:39.544, 0, 75475 MiB, 100 %, 681.36 W, 1965 MHz, 25 %, 57
2026/10/10 16:17:39.544, 1, 75475 MiB, 100 %, 664.94 W, 1770 MHz, 25 %, 76
2026/10/10 16:17:39.544, 2, 75475 MiB, 100 %, 695.31 W, 1875 MHz, 25 %, 63
2026/10/10 16:17:39.544, 3, 75475 MiB, 100 %, 689.43 W, 1920 MHz, 25 %, 55
2026/10/10 16:17:39.544, 4, 75475 MiB, 100 %, 698.96 W, 1905 MHz, 25 %, 59
2026/10/10 16:17:39.544, 5, 75475 MiB, 100 %, 691.75 W, 1935 MHz, 25 %, 64
2026/10/10 16:17:39.544, 6, 75475 MiB, 100 %, 691.38 W, 1950 MHz, 25 %, 63
2026/10/10 16:17:39.544, 7, 75475 MiB, 100 %, 582.79 W, 1545 MHz, 25 %, 83
2026/10/10 16:17:40.545, 0, 75475 MiB, 100 %, 689.08 W, 1950 MHz, 27 %, 57
2026/10/10 16:17:40.545, 1, 75475 MiB, 100 %, 642.68 W, 1755 MHz, 27 %, 75
2026/10/10 16:17:40.545, 2, 75475 MiB, 100 %, 687.21 W, 1860 MHz, 27 %, 62
2026/10/10 16:17:40.545, 3, 75475 MiB, 100 %, 691.17 W, 1860 MHz, 27 %, 56
2026/10/10 16:17:40.545, 4, 75475 MiB, 100 %, 690.77 W, 1830 MHz, 27 %, 59
2026/10/10 16:17:40.545, 5, 75475 MiB, 100 %, 691.42 W, 1920 MHz, 27 %, 63
2026/10/10 16:17:40.545, 6, 75475 MiB, 100 %, 681.09 W, 1965 MHz, 27 %, 63
2026/10/10 16:17:40.545, 7, 75475 MiB, 100 %, 573.48 W, 1545 MHz, 27 %, 83
2026/10/10 16:17:41.545, 0, 75475 MiB, 100 %, 697.59 W, 1905 MHz, 27 %, 57
2026/10/10 16:17:41.545, 1, 75475 MiB, 100 %, 667.88 W, 1770 MHz, 26 %, 76
2026/10/10 16:17:41.545, 2, 75475 MiB, 100 %, 692.41 W, 1830 MHz, 27 %, 63
2026/10/10 16:17:41.546, 3, 75475 MiB, 100 %, 693.60 W, 1785 MHz, 27 %, 57
2026/10/10 16:17:41.546, 4, 75475 MiB, 100 %, 693.81 W, 1785 MHz, 26 %, 59
2026/10/10 16:17:41.546, 5, 75475 MiB, 100 %, 692.38 W, 1800 MHz, 27 %, 64
2026/10/10 16:17:41.546, 6, 75475 MiB, 100 %, 693.74 W, 1920 MHz, 27 %, 63
2026/10/10 16:17:41.546, 7, 75475 MiB, 100 %, 589.60 W, 1590 MHz, 27 %, 84
2026/10/10 16:17:42.546, 0, 75475 MiB, 100 %, 684.56 W, 1875 MHz, 25 %, 57
2026/10/10 16:17:42.546, 1, 75475 MiB, 100 %, 651.07 W, 1635 MHz, 26 %, 75
2026/10/10 16:17:42.546, 2, 75475 MiB, 100 %, 689.80 W, 1860 MHz, 25 %, 63
2026/10/10 16:17:42.546, 3, 75475 MiB, 100 %, 692.02 W, 1815 MHz, 25 %, 57
2026/10/10 16:17:42.546, 4, 75475 MiB, 100 %, 686.94 W, 1785 MHz, 26 %, 59
2026/10/10 16:17:42.546, 5, 75475 MiB, 100 %, 691.44 W, 1845 MHz, 25 %, 64
2026/10/10 16:17:42.546, 6, 75475 MiB, 100 %, 685.22 W, 1920 MHz, 25 %, 64
2026/10/10 16:17:42.546, 7, 75475 MiB, 100 %, 573.47 W, 1545 MHz, 26 %, 83
2026/10/10 16:17:43.547, 0, 75475 MiB, 100 %, 694.56 W, 1920 MHz, 26 %, 58
2026/10/10 16:17:43.547, 1, 75475 MiB, 100 %, 673.28 W, 1725 MHz, 27 %, 76
2026/10/10 16:17:43.547, 2, 75475 MiB, 100 %, 691.44 W, 1845 MHz, 26 %, 63
2026/10/10 16:17:43.547, 3, 75475 MiB, 100 %, 683.64 W, 1815 MHz, 27 %, 56
2026/10/10 16:17:43.547, 4, 75475 MiB, 100 %, 690.20 W, 1815 MHz, 27 %, 59
2026/10/10 16:17:43.547, 5, 75475 MiB, 100 %, 684.33 W, 1890 MHz, 27 %, 64
2026/10/10 16:17:43.547, 6, 75475 MiB, 100 %, 691.45 W, 1950 MHz, 27 %, 63
2026/10/10 16:17:43.547, 7, 75475 MiB, 100 %, 588.09 W, 1560 MHz, 27 %, 83
2026/10/10 16:17:44.547, 0, 75475 MiB, 100 %, 689.37 W, 1965 MHz, 25 %, 58
2026/10/10 16:17:44.547, 1, 75475 MiB, 100 %, 640.69 W, 1770 MHz, 25 %, 75
2026/10/10 16:17:44.547, 2, 75475 MiB, 100 %, 690.46 W, 1935 MHz, 25 %, 63
2026/10/10 16:17:44.547, 3, 75475 MiB, 100 %, 685.97 W, 1860 MHz, 25 %, 56
2026/10/10 16:17:44.548, 4, 75475 MiB, 100 %, 686.09 W, 1965 MHz, 25 %, 59
2026/10/10 16:17:44.548, 5, 75475 MiB, 100 %, 693.96 W, 1920 MHz, 25 %, 64
2026/10/10 16:17:44.548, 6, 75475 MiB, 100 %, 673.34 W, 1950 MHz, 25 %, 63
2026/10/10 16:17:44.548, 7, 75475 MiB, 100 %, 577.82 W, 1470 MHz, 26 %, 83
2026/10/10 16:17:45.548, 0, 75475 MiB, 100 %, 692.12 W, 1845 MHz, 25 %, 57
2026/10/10 16:17:45.548, 1, 75475 MiB, 100 %, 657.22 W, 1755 MHz, 25 %, 76
2026/10/10 16:17:45.548, 2, 75475 MiB, 100 %, 694.49 W, 1860 MHz, 25 %, 63
2026/10/10 16:17:45.548, 3, 75475 MiB, 100 %, 689.22 W, 1830 MHz, 25 %, 56
2026/10/10 16:17:45.548, 4, 75475 MiB, 100 %, 695.64 W, 1815 MHz, 25 %, 60
2026/10/10 16:17:45.548, 5, 75475 MiB, 100 %, 695.06 W, 1860 MHz, 25 %, 65
2026/10/10 16:17:45.548, 6, 75475 MiB, 100 %, 689.37 W, 1920 MHz, 25 %, 64
2026/10/10 16:17:45.548, 7, 75475 MiB, 100 %, 558.41 W, 1530 MHz, 26 %, 83
2026/10/10 16:17:46.549, 0, 75475 MiB, 100 %, 686.22 W, 1920 MHz, 28 %, 57
2026/10/10 16:17:46.549, 1, 75475 MiB, 100 %, 659.09 W, 1770 MHz, 28 %, 75
2026/10/10 16:17:46.549, 2, 75475 MiB, 100 %, 689.75 W, 1920 MHz, 28 %, 64
2026/10/10 16:17:46.549, 3, 75475 MiB, 100 %, 688.53 W, 1890 MHz, 28 %, 57
2026/10/10 16:17:46.549, 4, 75475 MiB, 100 %, 688.37 W, 1800 MHz, 28 %, 58
2026/10/10 16:17:46.549, 5, 75475 MiB, 100 %, 689.24 W, 1785 MHz, 28 %, 65
2026/10/10 16:17:46.549, 6, 75475 MiB, 100 %, 685.89 W, 1920 MHz, 28 %, 63
2026/10/10 16:17:46.549, 7, 75475 MiB, 100 %, 578.62 W, 1515 MHz, 28 %, 83
2026/10/10 16:17:47.549, 0, 75475 MiB, 100 %, 688.44 W, 1920 MHz, 26 %, 58
2026/10/10 16:17:47.549, 1, 75475 MiB, 100 %, 659.08 W, 1710 MHz, 27 %, 76
2026/10/10 16:17:47.549, 2, 75475 MiB, 100 %, 692.49 W, 1875 MHz, 27 %, 63
2026/10/10 16:17:47.549, 3, 75475 MiB, 100 %, 693.03 W, 1905 MHz, 26 %, 57
2026/10/10 16:17:47.549, 4, 75475 MiB, 100 %, 694.11 W, 1845 MHz, 27 %, 59
2026/10/10 16:17:47.550, 5, 75475 MiB, 100 %, 692.59 W, 1860 MHz, 26 %, 65
2026/10/10 16:17:47.550, 6, 75475 MiB, 100 %, 680.92 W, 1965 MHz, 26 %, 64
2026/10/10 16:17:47.550, 7, 75475 MiB, 100 %, 562.48 W, 1515 MHz, 27 %, 83
2026/10/10 16:17:48.550, 0, 75475 MiB, 100 %, 692.64 W, 1935 MHz, 25 %, 58
2026/10/10 16:17:48.550, 1, 75475 MiB, 100 %, 645.79 W, 1665 MHz, 26 %, 75
2026/10/10 16:17:48.550, 2, 75475 MiB, 100 %, 692.81 W, 1830 MHz, 25 %, 63
2026/10/10 16:17:48.550, 3, 75475 MiB, 100 %, 690.96 W, 1905 MHz, 25 %, 57
2026/10/10 16:17:48.550, 4, 75475 MiB, 100 %, 696.70 W, 1845 MHz, 26 %, 60
2026/10/10 16:17:48.550, 5, 75475 MiB, 100 %, 691.78 W, 1860 MHz, 25 %, 65
2026/10/10 16:17:48.550, 6, 75475 MiB, 100 %, 694.53 W, 1965 MHz, 26 %, 64
2026/10/10 16:17:48.550, 7, 75475 MiB, 100 %, 573.35 W, 1530 MHz, 26 %, 83
2026/10/10 16:17:49.551, 0, 75475 MiB, 100 %, 691.38 W, 1950 MHz, 28 %, 58
2026/10/10 16:17:49.551, 1, 75475 MiB, 100 %, 645.55 W, 1740 MHz, 28 %, 76
2026/10/10 16:17:49.551, 2, 75475 MiB, 100 %, 689.00 W, 1875 MHz, 28 %, 63
2026/10/10 16:17:49.551, 3, 75475 MiB, 100 %, 687.08 W, 1845 MHz, 28 %, 57
2026/10/10 16:17:49.551, 4, 75475 MiB, 100 %, 692.16 W, 1875 MHz, 28 %, 60
2026/10/10 16:17:49.551, 5, 75475 MiB, 100 %, 691.24 W, 1860 MHz, 28 %, 64
2026/10/10 16:17:49.551, 6, 75475 MiB, 100 %, 688.47 W, 1935 MHz, 27 %, 64
2026/10/10 16:17:49.552, 7, 75475 MiB, 100 %, 577.18 W, 1575 MHz, 28 %, 83
2026/10/10 16:17:50.552, 0, 75475 MiB, 100 %, 690.17 W, 1965 MHz, 26 %, 58
2026/10/10 16:17:50.552, 1, 75475 MiB, 100 %, 658.27 W, 1905 MHz, 26 %, 77
2026/10/10 16:17:50.552, 2, 75475 MiB, 100 %, 695.54 W, 1890 MHz, 26 %, 64
2026/10/10 16:17:50.552, 3, 75475 MiB, 100 %, 688.43 W, 1905 MHz, 25 %, 57
2026/10/10 16:17:50.552, 4, 75475 MiB, 100 %, 686.93 W, 1950 MHz, 26 %, 59
2026/10/10 16:17:50.552, 5, 75475 MiB, 100 %, 691.73 W, 1905 MHz, 26 %, 65
2026/10/10 16:17:50.552, 6, 75475 MiB, 100 %, 682.98 W, 1950 MHz, 25 %, 64
2026/10/10 16:17:50.552, 7, 75475 MiB, 100 %, 595.46 W, 1500 MHz, 26 %, 82
2026/10/10 16:17:51.552, 0, 75475 MiB, 100 %, 688.79 W, 1905 MHz, 26 %, 58
2026/10/10 16:17:51.552, 1, 75475 MiB, 100 %, 639.82 W, 1680 MHz, 26 %, 76
2026/10/10 16:17:51.553, 2, 75475 MiB, 100 %, 691.10 W, 1845 MHz, 27 %, 64
2026/10/10 16:17:51.553, 3, 75475 MiB, 100 %, 694.69 W, 1800 MHz, 26 %, 58
2026/10/10 16:17:51.553, 4, 75475 MiB, 100 %, 690.99 W, 1815 MHz, 27 %, 60
2026/10/10 16:17:51.553, 5, 75475 MiB, 100 %, 693.39 W, 1830 MHz, 27 %, 65
2026/10/10 16:17:51.553, 6, 75475 MiB, 100 %, 679.55 W, 1950 MHz, 26 %, 65
2026/10/10 16:17:51.553, 7, 75475 MiB, 100 %, 565.72 W, 1755 MHz, 26 %, 84
2026/10/10 16:17:52.553, 0, 75475 MiB, 100 %, 688.59 W, 1965 MHz, 26 %, 59
2026/10/10 16:17:52.553, 1, 75475 MiB, 100 %, 654.72 W, 1785 MHz, 26 %, 76
2026/10/10 16:17:52.553, 2, 75475 MiB, 100 %, 683.09 W, 1845 MHz, 26 %, 63
2026/10/10 16:17:52.553, 3, 75475 MiB, 100 %, 686.20 W, 1815 MHz, 26 %, 57
2026/10/10 16:17:52.553, 4, 75475 MiB, 100 %, 688.86 W, 1860 MHz, 26 %, 60
2026/10/10 16:17:52.553, 5, 75475 MiB, 100 %, 688.96 W, 1830 MHz, 26 %, 66
2026/10/10 16:17:52.553, 6, 75475 MiB, 100 %, 676.89 W, 1965 MHz, 26 %, 64
2026/10/10 16:17:52.553, 7, 75475 MiB, 100 %, 557.77 W, 1500 MHz, 27 %, 82
2026/10/10 16:17:53.554, 0, 75475 MiB, 100 %, 682.63 W, 1965 MHz, 27 %, 58
2026/10/10 16:17:53.554, 1, 75475 MiB, 100 %, 646.93 W, 1680 MHz, 27 %, 75
2026/10/10 16:17:53.554, 2, 75475 MiB, 100 %, 693.71 W, 1845 MHz, 27 %, 64
2026/10/10 16:17:53.554, 3, 75475 MiB, 100 %, 689.28 W, 1830 MHz, 27 %, 58
2026/10/10 16:17:53.554, 4, 75475 MiB, 100 %, 688.95 W, 1905 MHz, 27 %, 60
2026/10/10 16:17:53.554, 5, 75475 MiB, 100 %, 687.96 W, 1815 MHz, 27 %, 65
2026/10/10 16:17:53.554, 6, 75475 MiB, 100 %, 686.93 W, 1965 MHz, 27 %, 65
2026/10/10 16:17:53.554, 7, 75475 MiB, 100 %, 572.74 W, 1545 MHz, 27 %, 83
2026/10/10 16:17:54.554, 0, 75475 MiB, 100 %, 687.54 W, 1905 MHz, 26 %, 58
2026/10/10 16:17:54.554, 1, 75475 MiB, 100 %, 645.50 W, 1740 MHz, 26 %, 76
2026/10/10 16:17:54.554, 2, 75475 MiB, 100 %, 691.89 W, 1860 MHz, 26 %, 64
2026/10/10 16:17:54.555, 3, 75475 MiB, 100 %, 690.19 W, 1875 MHz, 27 %, 57
2026/10/10 16:17:54.555, 4, 75475 MiB, 100 %, 690.57 W, 1815 MHz, 26 %, 60
2026/10/10 16:17:54.555, 5, 75475 MiB, 100 %, 691.74 W, 1830 MHz, 26 %, 66
2026/10/10 16:17:54.555, 6, 75475 MiB, 100 %, 693.91 W, 1875 MHz, 26 %, 65
2026/10/10 16:17:54.555, 7, 75475 MiB, 100 %, 575.38 W, 1545 MHz, 26 %, 83
2026/10/10 16:17:55.555, 0, 75475 MiB, 100 %, 691.43 W, 1800 MHz, 25 %, 58
2026/10/10 16:17:55.555, 1, 75475 MiB, 100 %, 649.02 W, 1680 MHz, 25 %, 75
2026/10/10 16:17:55.555, 2, 75475 MiB, 100 %, 693.65 W, 1890 MHz, 24 %, 64
2026/10/10 16:17:55.555, 3, 75475 MiB, 100 %, 692.40 W, 1875 MHz, 25 %, 57
2026/10/10 16:17:55.555, 4, 75475 MiB, 100 %, 693.87 W, 1860 MHz, 25 %, 60
2026/10/10 16:17:55.555, 5, 75475 MiB, 100 %, 691.11 W, 1815 MHz, 26 %, 66
2026/10/10 16:17:55.555, 6, 75475 MiB, 100 %, 691.91 W, 1875 MHz, 25 %, 65
2026/10/10 16:17:55.555, 7, 75475 MiB, 100 %, 581.20 W, 1560 MHz, 25 %, 83
2026/10/10 16:17:56.556, 0, 75475 MiB, 100 %, 693.08 W, 1905 MHz, 27 %, 58
2026/10/10 16:17:56.556, 1, 75475 MiB, 100 %, 640.00 W, 1755 MHz, 27 %, 76
2026/10/10 16:17:56.556, 2, 75475 MiB, 100 %, 691.47 W, 1815 MHz, 27 %, 64
2026/10/10 16:17:56.556, 3, 75475 MiB, 100 %, 689.50 W, 1860 MHz, 27 %, 58
2026/10/10 16:17:56.556, 4, 75475 MiB, 100 %, 690.28 W, 1845 MHz, 27 %, 60
2026/10/10 16:17:56.556, 5, 75475 MiB, 100 %, 690.80 W, 1905 MHz, 27 %, 66
2026/10/10 16:17:56.556, 6, 75475 MiB, 100 %, 687.82 W, 1935 MHz, 27 %, 65
2026/10/10 16:17:56.556, 7, 75475 MiB, 100 %, 580.97 W, 1545 MHz, 27 %, 83
2026/10/10 16:17:57.556, 0, 75475 MiB, 100 %, 686.12 W, 1950 MHz, 26 %, 58
2026/10/10 16:17:57.556, 1, 75475 MiB, 100 %, 650.33 W, 1860 MHz, 25 %, 76
2026/10/10 16:17:57.556, 2, 75475 MiB, 100 %, 691.20 W, 1845 MHz, 26 %, 63
2026/10/10 16:17:57.557, 3, 75475 MiB, 100 %, 688.64 W, 1905 MHz, 26 %, 57
2026/10/10 16:17:57.557, 4, 75475 MiB, 100 %, 690.76 W, 1905 MHz, 25 %, 60
2026/10/10 16:17:57.557, 5, 75475 MiB, 100 %, 688.67 W, 1920 MHz, 26 %, 66
2026/10/10 16:17:57.557, 6, 75475 MiB, 100 %, 687.63 W, 1965 MHz, 25 %, 64
2026/10/10 16:17:57.557, 7, 75475 MiB, 100 %, 564.47 W, 1515 MHz, 25 %, 83
2026/10/10 16:17:58.557, 0, 75475 MiB, 100 %, 688.39 W, 1905 MHz, 26 %, 59
2026/10/10 16:17:58.557, 1, 75475 MiB, 100 %, 645.20 W, 1725 MHz, 25 %, 76
2026/10/10 16:17:58.557, 2, 75475 MiB, 100 %, 687.91 W, 1905 MHz, 26 %, 65
2026/10/10 16:17:58.557, 3, 75475 MiB, 100 %, 697.90 W, 1830 MHz, 26 %, 57
2026/10/10 16:17:58.557, 4, 75475 MiB, 100 %, 692.36 W, 1845 MHz, 26 %, 60
2026/10/10 16:17:58.557, 5, 75475 MiB, 100 %, 688.58 W, 1815 MHz, 25 %, 66
2026/10/10 16:17:58.557, 6, 75475 MiB, 100 %, 690.76 W, 1920 MHz, 25 %, 65
2026/10/10 16:17:58.557, 7, 75475 MiB, 100 %, 567.53 W, 1530 MHz, 26 %, 83
2026/10/10 16:17:59.558, 0, 75475 MiB, 100 %, 688.25 W, 1935 MHz, 28 %, 59
2026/10/10 16:17:59.558, 1, 75475 MiB, 100 %, 649.08 W, 1740 MHz, 28 %, 76
2026/10/10 16:17:59.558, 2, 75475 MiB, 100 %, 694.06 W, 1800 MHz, 28 %, 64
2026/10/10 16:17:59.558, 3, 75475 MiB, 100 %, 690.50 W, 1800 MHz, 28 %, 56
2026/10/10 16:17:59.558, 4, 75475 MiB, 100 %, 695.26 W, 1875 MHz, 28 %, 60
2026/10/10 16:17:59.558, 5, 75475 MiB, 100 %, 695.22 W, 1845 MHz, 28 %, 66
2026/10/10 16:17:59.558, 6, 75475 MiB, 100 %, 689.64 W, 1950 MHz, 28 %, 65
2026/10/10 16:17:59.558, 7, 75475 MiB, 100 %, 586.20 W, 1545 MHz, 28 %, 83
2026/10/10 16:18:00.558, 0, 75475 MiB, 100 %, 692.45 W, 1965 MHz, 26 %, 59
2026/10/10 16:18:00.558, 1, 75475 MiB, 100 %, 643.20 W, 1830 MHz, 26 %, 75
2026/10/10 16:18:00.558, 2, 75475 MiB, 100 %, 689.37 W, 1860 MHz, 26 %, 64
2026/10/10 16:18:00.558, 3, 75475 MiB, 100 %, 685.62 W, 1905 MHz, 26 %, 57
2026/10/10 16:18:00.559, 4, 75475 MiB, 100 %, 693.02 W, 1875 MHz, 26 %, 60
2026/10/10 16:18:00.559, 5, 75475 MiB, 100 %, 690.15 W, 1830 MHz, 26 %, 66
2026/10/10 16:18:00.559, 6, 75475 MiB, 100 %, 688.27 W, 1920 MHz, 26 %, 64
2026/10/10 16:18:00.559, 7, 75475 MiB, 100 %, 571.71 W, 1500 MHz, 26 %, 83
2026/10/10 16:18:01.559, 0, 75475 MiB, 100 %, 689.74 W, 1890 MHz, 25 %, 58
2026/10/10 16:18:01.559, 1, 75475 MiB, 100 %, 656.83 W, 1665 MHz, 25 %, 75
2026/10/10 16:18:01.559, 2, 75475 MiB, 100 %, 698.64 W, 1920 MHz, 26 %, 65
2026/10/10 16:18:01.559, 3, 75475 MiB, 100 %, 690.79 W, 1905 MHz, 25 %, 58
2026/10/10 16:18:01.559, 4, 75475 MiB, 100 %, 691.62 W, 1875 MHz, 25 %, 61
2026/10/10 16:18:01.559, 5, 75475 MiB, 100 %, 688.73 W, 1875 MHz, 26 %, 67
2026/10/10 16:18:01.559, 6, 75475 MiB, 100 %, 687.35 W, 1965 MHz, 25 %, 65
2026/10/10 16:18:01.559, 7, 75475 MiB, 100 %, 559.82 W, 1485 MHz, 26 %, 83
2026/10/10 16:18:02.559, 0, 75475 MiB, 100 %, 685.38 W, 1950 MHz, 27 %, 58
2026/10/10 16:18:02.560, 1, 75475 MiB, 100 %, 652.44 W, 1710 MHz, 26 %, 76
2026/10/10 16:18:02.560, 2, 75475 MiB, 100 %, 695.15 W, 1875 MHz, 26 %, 65
2026/10/10 16:18:02.560, 3, 75475 MiB, 100 %, 690.74 W, 1815 MHz, 26 %, 58
2026/10/10 16:18:02.560, 4, 75475 MiB, 100 %, 689.96 W, 1830 MHz, 27 %, 60
2026/10/10 16:18:02.560, 5, 75475 MiB, 100 %, 692.22 W, 1860 MHz, 26 %, 66
2026/10/10 16:18:02.560, 6, 75475 MiB, 100 %, 690.31 W, 1935 MHz, 26 %, 65
2026/10/10 16:18:02.560, 7, 75475 MiB, 100 %, 566.77 W, 1545 MHz, 26 %, 83
2026/10/10 16:18:03.560, 0, 75475 MiB, 100 %, 690.60 W, 1965 MHz, 26 %, 59
2026/10/10 16:18:03.560, 1, 75475 MiB, 100 %, 648.95 W, 1755 MHz, 26 %, 76
2026/10/10 16:18:03.560, 2, 75475 MiB, 100 %, 686.54 W, 1890 MHz, 25 %, 65
2026/10/10 16:18:03.560, 3, 75475 MiB, 100 %, 691.84 W, 1875 MHz, 26 %, 57
2026/10/10 16:18:03.560, 4, 75475 MiB, 100 %, 690.65 W, 1905 MHz, 26 %, 60
2026/10/10 16:18:03.561, 5, 75475 MiB, 100 %, 688.16 W, 1845 MHz, 26 %, 66
2026/10/10 16:18:03.561, 6, 75475 MiB, 100 %, 688.26 W, 1950 MHz, 26 %, 65
2026/10/10 16:18:03.561, 7, 75475 MiB, 100 %, 578.10 W, 1500 MHz, 26 %, 83
2026/10/10 16:18:04.561, 0, 75475 MiB, 100 %, 687.34 W, 1950 MHz, 26 %, 59
2026/10/10 16:18:04.561, 1, 75475 MiB, 100 %, 658.11 W, 1740 MHz, 25 %, 76
2026/10/10 16:18:04.561, 2, 75475 MiB, 100 %, 695.49 W, 1875 MHz, 25 %, 64
2026/10/10 16:18:04.561, 3, 75475 MiB, 100 %, 692.02 W, 1875 MHz, 25 %, 58
2026/10/10 16:18:04.561, 4, 75475 MiB, 100 %, 702.53 W, 1845 MHz, 25 %, 60
2026/10/10 16:18:04.561, 5, 75475 MiB, 100 %, 697.10 W, 1845 MHz, 26 %, 66
2026/10/10 16:18:04.561, 6, 75475 MiB, 100 %, 683.16 W, 1935 MHz, 25 %, 65
2026/10/10 16:18:04.561, 7, 75475 MiB, 100 %, 559.23 W, 1515 MHz, 25 %, 83
2026/10/10 16:18:05.561, 0, 75475 MiB, 100 %, 689.26 W, 1905 MHz, 25 %, 59
2026/10/10 16:18:05.562, 1, 75475 MiB, 100 %, 631.02 W, 1665 MHz, 25 %, 76
2026/10/10 16:18:05.562, 2, 75475 MiB, 100 %, 688.98 W, 1860 MHz, 25 %, 65
2026/10/10 16:18:05.562, 3, 75475 MiB, 100 %, 690.64 W, 1830 MHz, 25 %, 58
2026/10/10 16:18:05.562, 4, 75475 MiB, 100 %, 691.80 W, 1845 MHz, 25 %, 61
2026/10/10 16:18:05.562, 5, 75475 MiB, 100 %, 691.93 W, 1845 MHz, 26 %, 67
2026/10/10 16:18:05.562, 6, 75475 MiB, 100 %, 687.99 W, 1950 MHz, 25 %, 65
2026/10/10 16:18:05.562, 7, 75475 MiB, 100 %, 574.85 W, 1545 MHz, 25 %, 83
2026/10/10 16:18:06.562, 0, 75475 MiB, 100 %, 690.74 W, 1950 MHz, 27 %, 59
2026/10/10 16:18:06.562, 1, 75475 MiB, 100 %, 656.65 W, 1710 MHz, 27 %, 76
2026/10/10 16:18:06.562, 2, 75475 MiB, 100 %, 690.67 W, 1890 MHz, 27 %, 65
2026/10/10 16:18:06.562, 3, 75475 MiB, 100 %, 688.01 W, 1890 MHz, 27 %, 57
2026/10/10 16:18:06.562, 4, 75475 MiB, 100 %, 689.74 W, 1875 MHz, 27 %, 60
2026/10/10 16:18:06.563, 5, 75475 MiB, 100 %, 684.81 W, 1935 MHz, 27 %, 66
2026/10/10 16:18:06.563, 6, 75475 MiB, 100 %, 687.84 W, 1950 MHz, 27 %, 64
2026/10/10 16:18:06.563, 7, 75475 MiB, 100 %, 581.87 W, 1560 MHz, 27 %, 83
2026/10/10 16:18:07.563, 0, 75475 MiB, 100 %, 692.34 W, 1935 MHz, 26 %, 58
2026/10/10 16:18:07.563, 1, 75475 MiB, 100 %, 647.02 W, 1845 MHz, 25 %, 75
2026/10/10 16:18:07.563, 2, 75475 MiB, 100 %, 687.61 W, 1935 MHz, 26 %, 65
2026/10/10 16:18:07.563, 3, 75475 MiB, 100 %, 687.96 W, 1935 MHz, 25 %, 57
2026/10/10 16:18:07.563, 4, 75475 MiB, 100 %, 685.02 W, 1965 MHz, 25 %, 60
2026/10/10 16:18:07.563, 5, 75475 MiB, 100 %, 686.67 W, 1890 MHz, 26 %, 66
2026/10/10 16:18:07.563, 6, 75475 MiB, 100 %, 687.30 W, 1965 MHz, 25 %, 65
2026/10/10 16:18:07.563, 7, 75475 MiB, 100 %, 574.58 W, 1410 MHz, 25 %, 82
2026/10/10 16:18:08.563, 0, 75475 MiB, 100 %, 682.76 W, 1935 MHz, 25 %, 59
2026/10/10 16:18:08.564, 1, 75475 MiB, 100 %, 638.97 W, 1845 MHz, 25 %, 75
2026/10/10 16:18:08.564, 2, 75475 MiB, 100 %, 690.44 W, 1860 MHz, 25 %, 65
2026/10/10 16:18:08.564, 3, 75475 MiB, 100 %, 694.00 W, 1845 MHz, 25 %, 58
2026/10/10 16:18:08.564, 4, 75475 MiB, 100 %, 688.83 W, 1815 MHz, 25 %, 60
2026/10/10 16:18:08.564, 5, 75475 MiB, 100 %, 690.47 W, 1905 MHz, 25 %, 67
2026/10/10 16:18:08.564, 6, 75475 MiB, 100 %, 689.19 W, 1875 MHz, 25 %, 66
2026/10/10 16:18:08.564, 7, 75475 MiB, 100 %, 551.12 W, 1410 MHz, 25 %, 83
2026/10/10 16:18:09.564, 0, 75475 MiB, 100 %, 692.10 W, 1935 MHz, 27 %, 57
2026/10/10 16:18:09.564, 1, 75475 MiB, 100 %, 667.91 W, 1755 MHz, 27 %, 77
2026/10/10 16:18:09.564, 2, 75475 MiB, 100 %, 688.09 W, 1860 MHz, 26 %, 65
2026/10/10 16:18:09.564, 3, 75475 MiB, 100 %, 694.65 W, 1950 MHz, 26 %, 58
2026/10/10 16:18:09.564, 4, 75475 MiB, 100 %, 697.33 W, 1935 MHz, 26 %, 61
2026/10/10 16:18:09.564, 5, 75475 MiB, 100 %, 696.84 W, 1920 MHz, 27 %, 67
2026/10/10 16:18:09.564, 6, 75475 MiB, 100 %, 684.51 W, 1965 MHz, 26 %, 65
2026/10/10 16:18:09.565, 7, 75475 MiB, 100 %, 565.27 W, 1590 MHz, 26 %, 83
2026/10/10 16:18:10.565, 0, 75475 MiB, 100 %, 695.60 W, 1845 MHz, 26 %, 59
2026/10/10 16:18:10.565, 1, 75475 MiB, 100 %, 643.51 W, 1755 MHz, 26 %, 76
2026/10/10 16:18:10.565, 2, 75475 MiB, 100 %, 685.20 W, 1815 MHz, 26 %, 65
2026/10/10 16:18:10.565, 3, 75475 MiB, 100 %, 693.69 W, 1755 MHz, 27 %, 58
2026/10/10 16:18:10.565, 4, 75475 MiB, 100 %, 691.07 W, 1830 MHz, 27 %, 61
2026/10/10 16:18:10.565, 5, 75475 MiB, 100 %, 693.63 W, 1815 MHz, 27 %, 67
2026/10/10 16:18:10.565, 6, 75475 MiB, 100 %, 688.42 W, 1935 MHz, 26 %, 66
2026/10/10 16:18:10.565, 7, 75475 MiB, 100 %, 571.71 W, 1545 MHz, 27 %, 83
2026/10/10 16:18:11.565, 0, 75475 MiB, 100 %, 684.60 W, 1890 MHz, 24 %, 59
2026/10/10 16:18:11.566, 1, 75475 MiB, 100 %, 648.12 W, 1695 MHz, 26 %, 76
2026/10/10 16:18:11.566, 2, 75475 MiB, 100 %, 689.32 W, 1860 MHz, 25 %, 66
2026/10/10 16:18:11.566, 3, 75475 MiB, 100 %, 686.66 W, 1800 MHz, 25 %, 58
2026/10/10 16:18:11.566, 4, 75475 MiB, 100 %, 693.09 W, 1800 MHz, 25 %, 60
2026/10/10 16:18:11.566, 5, 75475 MiB, 100 %, 690.91 W, 1770 MHz, 25 %, 67
2026/10/10 16:18:11.566, 6, 75475 MiB, 100 %, 693.32 W, 1890 MHz, 26 %, 65
2026/10/10 16:18:11.566, 7, 75475 MiB, 100 %, 586.06 W, 1500 MHz, 25 %, 83
2026/10/10 16:18:12.566, 0, 75475 MiB, 100 %, 690.34 W, 1905 MHz, 28 %, 59
2026/10/10 16:18:12.566, 1, 75475 MiB, 100 %, 645.28 W, 1725 MHz, 28 %, 76
2026/10/10 16:18:12.566, 2, 75475 MiB, 100 %, 691.03 W, 1860 MHz, 28 %, 65
2026/10/10 16:18:12.566, 3, 75475 MiB, 100 %, 687.84 W, 1815 MHz, 28 %, 58
2026/10/10 16:18:12.566, 4, 75475 MiB, 100 %, 688.02 W, 1830 MHz, 28 %, 60
2026/10/10 16:18:12.566, 5, 75475 MiB, 100 %, 691.09 W, 1845 MHz, 28 %, 66
2026/10/10 16:18:12.566, 6, 75475 MiB, 100 %, 692.05 W, 1965 MHz, 28 %, 65
2026/10/10 16:18:12.566, 7, 75475 MiB, 100 %, 582.62 W, 1575 MHz, 28 %, 84
2026/10/10 16:18:13.567, 0, 75475 MiB, 100 %, 696.96 W, 1845 MHz, 27 %, 59
2026/10/10 16:18:13.567, 1, 75475 MiB, 100 %, 650.34 W, 1635 MHz, 27 %, 76
2026/10/10 16:18:13.567, 2, 75475 MiB, 100 %, 682.18 W, 1845 MHz, 27 %, 64
2026/10/10 16:18:13.567, 3, 75475 MiB, 100 %, 691.30 W, 1890 MHz, 27 %, 58
2026/10/10 16:18:13.567, 4, 75475 MiB, 100 %, 686.36 W, 1845 MHz, 27 %, 61
2026/10/10 16:18:13.567, 5, 75475 MiB, 100 %, 685.36 W, 1890 MHz, 27 %, 66
2026/10/10 16:18:13.567, 6, 75475 MiB, 100 %, 686.05 W, 1875 MHz, 27 %, 65
2026/10/10 16:18:13.567, 7, 75475 MiB, 100 %, 580.38 W, 1560 MHz, 27 %, 83
2026/10/10 16:18:14.567, 0, 75475 MiB, 100 %, 689.55 W, 1890 MHz, 25 %, 59
2026/10/10 16:18:14.567, 1, 75475 MiB, 100 %, 616.73 W, 1710 MHz, 25 %, 75
2026/10/10 16:18:14.567, 2, 75475 MiB, 100 %, 689.35 W, 1905 MHz, 25 %, 66
2026/10/10 16:18:14.567, 3, 75475 MiB, 100 %, 691.35 W, 1905 MHz, 25 %, 58
2026/10/10 16:18:14.568, 4, 75475 MiB, 100 %, 690.30 W, 1815 MHz, 26 %, 61
2026/10/10 16:18:14.568, 5, 75475 MiB, 100 %, 691.72 W, 1860 MHz, 26 %, 66
2026/10/10 16:18:14.568, 6, 75475 MiB, 100 %, 679.93 W, 1965 MHz, 25 %, 65
2026/10/10 16:18:14.568, 7, 75475 MiB, 100 %, 559.44 W, 1470 MHz, 26 %, 83
2026/10/10 16:18:15.568, 0, 75475 MiB, 100 %, 686.28 W, 1935 MHz, 25 %, 59
2026/10/10 16:18:15.568, 1, 75475 MiB, 100 %, 641.86 W, 1770 MHz, 25 %, 76
2026/10/10 16:18:15.568, 2, 75475 MiB, 100 %, 688.92 W, 1770 MHz, 25 %, 65
2026/10/10 16:18:15.568, 3, 75475 MiB, 100 %, 693.82 W, 1845 MHz, 25 %, 58
2026/10/10 16:18:15.568, 4, 75475 MiB, 100 %, 693.08 W, 1815 MHz, 25 %, 60
2026/10/10 16:18:15.568, 5, 75475 MiB, 100 %, 691.22 W, 1830 MHz, 25 %, 67
2026/10/10 16:18:15.568, 6, 75475 MiB, 100 %, 683.85 W, 1920 MHz, 25 %, 66
2026/10/10 16:18:15.568, 7, 75475 MiB, 100 %, 563.44 W, 1545 MHz, 25 %, 83
2026/10/10 16:18:16.569, 0, 75475 MiB, 100 %, 694.27 W, 1890 MHz, 27 %, 60
2026/10/10 16:18:16.569, 1, 75475 MiB, 100 %, 652.23 W, 1845 MHz, 28 %, 75
2026/10/10 16:18:16.569, 2, 75475 MiB, 100 %, 687.48 W, 1815 MHz, 28 %, 65
2026/10/10 16:18:16.569, 3, 75475 MiB, 100 %, 693.21 W, 1860 MHz, 27 %, 58
2026/10/10 16:18:16.569, 4, 75475 MiB, 100 %, 686.92 W, 1875 MHz, 28 %, 60
2026/10/10 16:18:16.569, 5, 75475 MiB, 100 %, 692.72 W, 1845 MHz, 27 %, 67
2026/10/10 16:18:16.569, 6, 75475 MiB, 100 %, 685.75 W, 1890 MHz, 28 %, 65
2026/10/10 16:18:16.569, 7, 75475 MiB, 100 %, 586.55 W, 1545 MHz, 27 %, 83
2026/10/10 16:18:17.569, 0, 75475 MiB, 100 %, 686.96 W, 1950 MHz, 25 %, 59
2026/10/10 16:18:17.569, 1, 75475 MiB, 100 %, 648.72 W, 1770 MHz, 25 %, 76
2026/10/10 16:18:17.569, 2, 75475 MiB, 100 %, 694.58 W, 1890 MHz, 25 %, 65
2026/10/10 16:18:17.569, 3, 75475 MiB, 100 %, 691.53 W, 1905 MHz, 25 %, 58
2026/10/10 16:18:17.569, 4, 75475 MiB, 100 %, 699.74 W, 1875 MHz, 25 %, 61
2026/10/10 16:18:17.570, 5, 75475 MiB, 100 %, 690.01 W, 1935 MHz, 25 %, 67
2026/10/10 16:18:17.570, 6, 75475 MiB, 100 %, 677.10 W, 1965 MHz, 25 %, 65
2026/10/10 16:18:17.570, 7, 75475 MiB, 100 %, 549.00 W, 1455 MHz, 25 %, 82
2026/10/10 16:18:18.570, 0, 75475 MiB, 100 %, 690.72 W, 1905 MHz, 25 %, 59
2026/10/10 16:18:18.570, 1, 75475 MiB, 100 %, 651.02 W, 1755 MHz, 25 %, 76
2026/10/10 16:18:18.570, 2, 75475 MiB, 100 %, 694.86 W, 1800 MHz, 25 %, 66
2026/10/10 16:18:18.570, 3, 75475 MiB, 100 %, 690.55 W, 1860 MHz, 25 %, 59
2026/10/10 16:18:18.570, 4, 75475 MiB, 100 %, 689.76 W, 1860 MHz, 25 %, 60
2026/10/10 16:18:18.570, 5, 75475 MiB, 100 %, 692.10 W, 1890 MHz, 25 %, 67
2026/10/10 16:18:18.570, 6, 75475 MiB, 100 %, 686.41 W, 1920 MHz, 25 %, 65
2026/10/10 16:18:18.570, 7, 75475 MiB, 100 %, 552.60 W, 1515 MHz, 25 %, 83
2026/10/10 16:18:19.570, 0, 75475 MiB, 100 %, 695.83 W, 1890 MHz, 28 %, 59
2026/10/10 16:18:19.571, 1, 75475 MiB, 100 %, 641.72 W, 1710 MHz, 27 %, 76
2026/10/10 16:18:19.571, 2, 75475 MiB, 100 %, 685.03 W, 1845 MHz, 28 %, 65
2026/10/10 16:18:19.571, 3, 75475 MiB, 100 %, 696.21 W, 1875 MHz, 27 %, 58
2026/10/10 16:18:19.571, 4, 75475 MiB, 100 %, 691.18 W, 1905 MHz, 27 %, 60
2026/10/10 16:18:19.571, 5, 75475 MiB, 100 %, 695.79 W, 1860 MHz, 28 %, 67
2026/10/10 16:18:19.571, 6, 75475 MiB, 100 %, 684.59 W, 1965 MHz, 27 %, 65
2026/10/10 16:18:19.571, 7, 75475 MiB, 100 %, 581.83 W, 1545 MHz, 28 %, 83
2026/10/10 16:18:20.571, 0, 75475 MiB, 100 %, 689.10 W, 1950 MHz, 25 %, 58
2026/10/10 16:18:20.571, 1, 75475 MiB, 100 %, 641.49 W, 1770 MHz, 26 %, 76
2026/10/10 16:18:20.571, 2, 75475 MiB, 100 %, 688.51 W, 1875 MHz, 26 %, 65
2026/10/10 16:18:20.571, 3, 75475 MiB, 100 %, 692.12 W, 1935 MHz, 25 %, 58
2026/10/10 16:18:20.571, 4, 75475 MiB, 100 %, 683.87 W, 1920 MHz, 25 %, 60
2026/10/10 16:18:20.571, 5, 75475 MiB, 100 %, 689.66 W, 1860 MHz, 26 %, 67
2026/10/10 16:18:20.571, 6, 75475 MiB, 100 %, 683.88 W, 1965 MHz, 26 %, 65
2026/10/10 16:18:20.572, 7, 75475 MiB, 100 %, 571.36 W, 1455 MHz, 26 %, 83
2026/10/10 16:18:21.572, 0, 75475 MiB, 100 %, 688.62 W, 1920 MHz, 24 %, 59
2026/10/10 16:18:21.572, 1, 75475 MiB, 100 %, 654.19 W, 1725 MHz, 25 %, 77
2026/10/10 16:18:21.572, 2, 75475 MiB, 100 %, 691.84 W, 1950 MHz, 25 %, 66
2026/10/10 16:18:21.572, 3, 75475 MiB, 100 %, 688.03 W, 1860 MHz, 25 %, 58
2026/10/10 16:18:21.572, 4, 75475 MiB, 100 %, 696.25 W, 1860 MHz, 25 %, 61
2026/10/10 16:18:21.572, 5, 75475 MiB, 100 %, 691.68 W, 1890 MHz, 25 %, 67
2026/10/10 16:18:21.572, 6, 75475 MiB, 100 %, 683.07 W, 1935 MHz, 25 %, 65
2026/10/10 16:18:21.572, 7, 75475 MiB, 100 %, 545.16 W, 1515 MHz, 25 %, 83
2026/10/10 16:18:22.572, 0, 75475 MiB, 100 %, 698.79 W, 1935 MHz, 27 %, 59
2026/10/10 16:18:22.573, 1, 75475 MiB, 100 %, 645.77 W, 1710 MHz, 27 %, 76
2026/10/10 16:18:22.573, 2, 75475 MiB, 100 %, 692.64 W, 1845 MHz, 27 %, 66
2026/10/10 16:18:22.573, 3, 75475 MiB, 100 %, 690.03 W, 1845 MHz, 27 %, 58
2026/10/10 16:18:22.573, 4, 75475 MiB, 100 %, 687.17 W, 1905 MHz, 27 %, 61
2026/10/10 16:18:22.573, 5, 75475 MiB, 100 %, 688.68 W, 1860 MHz, 28 %, 67
2026/10/10 16:18:22.573, 6, 75475 MiB, 100 %, 691.63 W, 1950 MHz, 27 %, 66
2026/10/10 16:18:22.573, 7, 75475 MiB, 100 %, 571.33 W, 1560 MHz, 27 %, 83
2026/10/10 16:18:23.573, 0, 75475 MiB, 100 %, 687.53 W, 1920 MHz, 27 %, 59
2026/10/10 16:18:23.573, 1, 75475 MiB, 100 %, 634.26 W, 1860 MHz, 26 %, 75
2026/10/10 16:18:23.573, 2, 75475 MiB, 100 %, 695.31 W, 1830 MHz, 27 %, 65
2026/10/10 16:18:23.573, 3, 75475 MiB, 100 %, 685.49 W, 1860 MHz, 27 %, 58
2026/10/10 16:18:23.573, 4, 75475 MiB, 100 %, 690.60 W, 1905 MHz, 26 %, 60
2026/10/10 16:18:23.573, 5, 75475 MiB, 100 %, 688.53 W, 1890 MHz, 27 %, 68
2026/10/10 16:18:23.573, 6, 75475 MiB, 100 %, 685.06 W, 1965 MHz, 26 %, 65
2026/10/10 16:18:23.574, 7, 75475 MiB, 100 %, 567.01 W, 1500 MHz, 27 %, 83
2026/10/10 16:18:24.574, 0, 75475 MiB, 100 %, 682.73 W, 1950 MHz, 26 %, 59
2026/10/10 16:18:24.574, 1, 75475 MiB, 100 %, 659.72 W, 1740 MHz, 26 %, 77
2026/10/10 16:18:24.574, 2, 75475 MiB, 100 %, 688.40 W, 1800 MHz, 26 %, 65
2026/10/10 16:18:24.574, 3, 75475 MiB, 100 %, 685.97 W, 1830 MHz, 26 %, 58
2026/10/10 16:18:24.574, 4, 75475 MiB, 100 %, 690.38 W, 1860 MHz, 26 %, 61
2026/10/10 16:18:24.574, 5, 75475 MiB, 100 %, 688.23 W, 1860 MHz, 26 %, 68
2026/10/10 16:18:24.574, 6, 75475 MiB, 100 %, 674.95 W, 1950 MHz, 26 %, 66
2026/10/10 16:18:24.574, 7, 75475 MiB, 100 %, 559.50 W, 1530 MHz, 26 %, 83
2026/10/10 16:18:25.574, 0, 75475 MiB, 91 %, 680.31 W, 1965 MHz, 23 %, 59
2026/10/10 16:18:25.574, 1, 75475 MiB, 100 %, 633.91 W, 1785 MHz, 27 %, 76
2026/10/10 16:18:25.575, 2, 75475 MiB, 90 %, 688.23 W, 1950 MHz, 23 %, 65
2026/10/10 16:18:25.575, 3, 75475 MiB, 100 %, 684.67 W, 1965 MHz, 28 %, 58
2026/10/10 16:18:25.575, 4, 75475 MiB, 100 %, 682.65 W, 1965 MHz, 27 %, 60
2026/10/10 16:18:25.575, 5, 75475 MiB, 89 %, 686.32 W, 1950 MHz, 23 %, 67
2026/10/10 16:18:25.575, 6, 75475 MiB, 100 %, 683.38 W, 1965 MHz, 27 %, 66
2026/10/10 16:18:25.575, 7, 75475 MiB, 95 %, 584.09 W, 1785 MHz, 26 %, 85
2026/10/10 16:18:26.575, 0, 75475 MiB, 100 %, 502.35 W, 1980 MHz, 36 %, 51
2026/10/10 16:18:26.575, 1, 75475 MiB, 100 %, 527.58 W, 1980 MHz, 36 %, 71
2026/10/10 16:18:26.575, 2, 75475 MiB, 100 %, 519.81 W, 1980 MHz, 37 %, 59
2026/10/10 16:18:26.575, 3, 75475 MiB, 100 %, 527.29 W, 1980 MHz, 36 %, 51
2026/10/10 16:18:26.575, 4, 75475 MiB, 100 %, 517.79 W, 1980 MHz, 36 %, 52
2026/10/10 16:18:26.575, 5, 75475 MiB, 100 %, 541.82 W, 1980 MHz, 36 %, 60
2026/10/10 16:18:26.575, 6, 75475 MiB, 100 %, 510.58 W, 1980 MHz, 36 %, 57
2026/10/10 16:18:26.575, 7, 75475 MiB, 100 %, 523.45 W, 1980 MHz, 36 %, 81
2026/10/10 16:18:27.576, 0, 75475 MiB, 100 %, 482.59 W, 1980 MHz, 36 %, 51
2026/10/10 16:18:27.576, 1, 75475 MiB, 100 %, 501.48 W, 1980 MHz, 36 %, 71
2026/10/10 16:18:27.576, 2, 75475 MiB, 100 %, 495.95 W, 1980 MHz, 37 %, 58
2026/10/10 16:18:27.576, 3, 75475 MiB, 100 %, 487.64 W, 1980 MHz, 36 %, 50
2026/10/10 16:18:27.576, 4, 75475 MiB, 100 %, 479.45 W, 1980 MHz, 36 %, 51
2026/10/10 16:18:27.576, 5, 75475 MiB, 100 %, 504.06 W, 1980 MHz, 36 %, 59
2026/10/10 16:18:27.576, 6, 75475 MiB, 100 %, 480.98 W, 1980 MHz, 36 %, 56
2026/10/10 16:18:27.576, 7, 75475 MiB, 100 %, 528.92 W, 1980 MHz, 36 %, 80
2026/10/10 16:18:28.576, 0, 75475 MiB, 100 %, 486.51 W, 1980 MHz, 37 %, 50
2026/10/10 16:18:28.576, 1, 75475 MiB, 100 %, 509.68 W, 1980 MHz, 36 %, 71
2026/10/10 16:18:28.576, 2, 75475 MiB, 100 %, 495.73 W, 1980 MHz, 37 %, 57
2026/10/10 16:18:28.576, 3, 75475 MiB, 100 %, 487.80 W, 1980 MHz, 37 %, 49
2026/10/10 16:18:28.577, 4, 75475 MiB, 100 %, 480.37 W, 1980 MHz, 36 %, 51
2026/10/10 16:18:28.577, 5, 75475 MiB, 100 %, 501.77 W, 1980 MHz, 37 %, 58
2026/10/10 16:18:28.577, 6, 75475 MiB, 100 %, 484.39 W, 1980 MHz, 37 %, 55
2026/10/10 16:18:28.577, 7, 75475 MiB, 100 %, 520.37 W, 1980 MHz, 37 %, 80
2026/10/10 16:18:29.577, 0, 75475 MiB, 100 %, 486.63 W, 1980 MHz, 37 %, 50
2026/10/10 16:18:29.577, 1, 75475 MiB, 100 %, 511.14 W, 1980 MHz, 36 %, 71
2026/10/10 16:18:29.577, 2, 75475 MiB, 100 %, 491.18 W, 1980 MHz, 37 %, 57
2026/10/10 16:18:29.577, 3, 75475 MiB, 100 %, 487.68 W, 1980 MHz, 37 %, 49
2026/10/10 16:18:29.577, 4, 75475 MiB, 100 %, 482.85 W, 1980 MHz, 36 %, 50
2026/10/10 16:18:29.577, 5, 75475 MiB, 100 %, 494.53 W, 1980 MHz, 37 %, 58
2026/10/10 16:18:29.577, 6, 75475 MiB, 100 %, 482.98 W, 1980 MHz, 37 %, 55
2026/10/10 16:18:29.577, 7, 75475 MiB, 100 %, 520.13 W, 1980 MHz, 36 %, 80
2026/10/10 16:18:30.578, 0, 75475 MiB, 100 %, 493.92 W, 1980 MHz, 37 %, 50
2026/10/10 16:18:30.578, 1, 75475 MiB, 100 %, 507.75 W, 1980 MHz, 36 %, 70
2026/10/10 16:18:30.578, 2, 75475 MiB, 100 %, 496.26 W, 1980 MHz, 37 %, 57
2026/10/10 16:18:30.578, 3, 75475 MiB, 100 %, 493.33 W, 1980 MHz, 37 %, 49
2026/10/10 16:18:30.578, 4, 75475 MiB, 100 %, 477.68 W, 1980 MHz, 37 %, 50
2026/10/10 16:18:30.578, 5, 75475 MiB, 100 %, 496.36 W, 1980 MHz, 37 %, 57
2026/10/10 16:18:30.578, 6, 75475 MiB, 100 %, 485.93 W, 1980 MHz, 36 %, 55
2026/10/10 16:18:30.578, 7, 75475 MiB, 100 %, 515.81 W, 1980 MHz, 36 %, 80
2026/10/10 16:18:31.578, 0, 75475 MiB, 100 %, 489.21 W, 1980 MHz, 37 %, 50
2026/10/10 16:18:31.578, 1, 75475 MiB, 100 %, 504.77 W, 1980 MHz, 36 %, 70
2026/10/10 16:18:31.578, 2, 75475 MiB, 100 %, 497.07 W, 1980 MHz, 38 %, 57
2026/10/10 16:18:31.578, 3, 75475 MiB, 100 %, 490.72 W, 1980 MHz, 37 %, 48
2026/10/10 16:18:31.578, 4, 75475 MiB, 100 %, 480.55 W, 1980 MHz, 37 %, 50
2026/10/10 16:18:31.578, 5, 75475 MiB, 100 %, 493.38 W, 1980 MHz, 37 %, 57
2026/10/10 16:18:31.579, 6, 75475 MiB, 100 %, 484.16 W, 1980 MHz, 37 %, 55
2026/10/10 16:18:31.579, 7, 75475 MiB, 100 %, 527.26 W, 1980 MHz, 36 %, 80
2026/10/10 16:18:32.579, 0, 75475 MiB, 100 %, 485.54 W, 1980 MHz, 37 %, 50
2026/10/10 16:18:32.579, 1, 75475 MiB, 100 %, 507.40 W, 1980 MHz, 36 %, 70
2026/10/10 16:18:32.579, 2, 75475 MiB, 100 %, 494.01 W, 1980 MHz, 36 %, 56
2026/10/10 16:18:32.579, 3, 75475 MiB, 100 %, 483.67 W, 1980 MHz, 37 %, 48
2026/10/10 16:18:32.579, 4, 75475 MiB, 100 %, 479.97 W, 1980 MHz, 37 %, 50
2026/10/10 16:18:32.579, 5, 75475 MiB, 100 %, 506.26 W, 1980 MHz, 37 %, 57
2026/10/10 16:18:32.579, 6, 75475 MiB, 100 %, 483.88 W, 1980 MHz, 36 %, 54
2026/10/10 16:18:32.579, 7, 75475 MiB, 100 %, 524.09 W, 1980 MHz, 36 %, 80
2026/10/10 16:18:33.579, 0, 75475 MiB, 100 %, 488.69 W, 1980 MHz, 36 %, 49
2026/10/10 16:18:33.580, 1, 75475 MiB, 100 %, 509.09 W, 1980 MHz, 36 %, 70
2026/10/10 16:18:33.580, 2, 75475 MiB, 100 %, 493.06 W, 1980 MHz, 38 %, 56
2026/10/10 16:18:33.580, 3, 75475 MiB, 100 %, 485.70 W, 1980 MHz, 37 %, 48
2026/10/10 16:18:33.580, 4, 75475 MiB, 100 %, 479.07 W, 1980 MHz, 37 %, 50
2026/10/10 16:18:33.580, 5, 75475 MiB, 100 %, 507.94 W, 1980 MHz, 37 %, 57
2026/10/10 16:18:33.580, 6, 75475 MiB, 100 %, 479.43 W, 1980 MHz, 37 %, 54
2026/10/10 16:18:33.580, 7, 75475 MiB, 100 %, 520.86 W, 1980 MHz, 36 %, 80
2026/10/10 16:18:34.580, 0, 75475 MiB, 100 %, 487.18 W, 1980 MHz, 37 %, 49
2026/10/10 16:18:34.580, 1, 75475 MiB, 100 %, 504.90 W, 1980 MHz, 36 %, 70
2026/10/10 16:18:34.580, 2, 75475 MiB, 100 %, 494.89 W, 1980 MHz, 38 %, 56
2026/10/10 16:18:34.580, 3, 75475 MiB, 100 %, 490.17 W, 1980 MHz, 37 %, 48
2026/10/10 16:18:34.580, 4, 75475 MiB, 100 %, 482.37 W, 1980 MHz, 37 %, 49
2026/10/10 16:18:34.580, 5, 75475 MiB, 100 %, 502.25 W, 1980 MHz, 37 %, 57
2026/10/10 16:18:34.580, 6, 75475 MiB, 100 %, 477.52 W, 1980 MHz, 37 %, 54
2026/10/10 16:18:34.581, 7, 75475 MiB, 100 %, 528.07 W, 1980 MHz, 37 %, 80
2026/10/10 16:18:35.581, 0, 75475 MiB, 100 %, 486.27 W, 1980 MHz, 37 %, 49
2026/10/10 16:18:35.581, 1, 75475 MiB, 100 %, 510.24 W, 1980 MHz, 36 %, 70
2026/10/10 16:18:35.581, 2, 75475 MiB, 100 %, 493.93 W, 1980 MHz, 37 %, 56
2026/10/10 16:18:35.581, 3, 75475 MiB, 100 %, 492.88 W, 1980 MHz, 37 %, 48
2026/10/10 16:18:35.581, 4, 75475 MiB, 100 %, 479.93 W, 1980 MHz, 38 %, 49
2026/10/10 16:18:35.581, 5, 75475 MiB, 100 %, 497.94 W, 1980 MHz, 36 %, 57
2026/10/10 16:18:35.581, 6, 75475 MiB, 100 %, 483.81 W, 1980 MHz, 37 %, 54
2026/10/10 16:18:35.581, 7, 75475 MiB, 100 %, 523.60 W, 1980 MHz, 36 %, 80
2026/10/10 16:18:36.581, 0, 75475 MiB, 100 %, 489.11 W, 1980 MHz, 37 %, 49
2026/10/10 16:18:36.582, 1, 75475 MiB, 100 %, 508.46 W, 1980 MHz, 37 %, 70
2026/10/10 16:18:36.582, 2, 75475 MiB, 100 %, 494.24 W, 1980 MHz, 37 %, 56
2026/10/10 16:18:36.582, 3, 75475 MiB, 100 %, 489.27 W, 1980 MHz, 37 %, 48
2026/10/10 16:18:36.582, 4, 75475 MiB, 100 %, 481.74 W, 1980 MHz, 37 %, 49
2026/10/10 16:18:36.582, 5, 75475 MiB, 100 %, 496.46 W, 1980 MHz, 38 %, 57
2026/10/10 16:18:36.582, 6, 75475 MiB, 100 %, 484.33 W, 1980 MHz, 37 %, 54
2026/10/10 16:18:36.582, 7, 75475 MiB, 100 %, 520.66 W, 1980 MHz, 36 %, 80
2026/10/10 16:18:37.582, 0, 75475 MiB, 100 %, 489.22 W, 1980 MHz, 37 %, 49
2026/10/10 16:18:37.582, 1, 75475 MiB, 100 %, 507.96 W, 1980 MHz, 36 %, 70
2026/10/10 16:18:37.582, 2, 75475 MiB, 100 %, 494.15 W, 1980 MHz, 38 %, 56
2026/10/10 16:18:37.582, 3, 75475 MiB, 100 %, 486.07 W, 1980 MHz, 37 %, 48
2026/10/10 16:18:37.582, 4, 75475 MiB, 100 %, 482.41 W, 1980 MHz, 37 %, 49
2026/10/10 16:18:37.582, 5, 75475 MiB, 100 %, 498.24 W, 1980 MHz, 38 %, 57
2026/10/10 16:18:37.582, 6, 75475 MiB, 100 %, 486.88 W, 1980 MHz, 37 %, 54
2026/10/10 16:18:37.583, 7, 75475 MiB, 100 %, 524.59 W, 1980 MHz, 36 %, 80
2026/10/10 16:18:38.583, 0, 75475 MiB, 100 %, 487.94 W, 1980 MHz, 37 %, 49
2026/10/10 16:18:38.583, 1, 75475 MiB, 100 %, 505.24 W, 1980 MHz, 36 %, 70
2026/10/10 16:18:38.583, 2, 75475 MiB, 100 %, 495.13 W, 1980 MHz, 37 %, 56
2026/10/10 16:18:38.583, 3, 75475 MiB, 100 %, 483.17 W, 1980 MHz, 36 %, 47
2026/10/10 16:18:38.583, 4, 75475 MiB, 100 %, 476.04 W, 1980 MHz, 36 %, 49
2026/10/10 16:18:38.583, 5, 75475 MiB, 100 %, 496.72 W, 1980 MHz, 37 %, 56
2026/10/10 16:18:38.583, 6, 75475 MiB, 100 %, 482.22 W, 1980 MHz, 36 %, 54
2026/10/10 16:18:38.583, 7, 75475 MiB, 100 %, 521.00 W, 1980 MHz, 36 %, 80
2026/10/10 16:18:39.583, 0, 75475 MiB, 100 %, 489.80 W, 1980 MHz, 37 %, 49
2026/10/10 16:18:39.583, 1, 75475 MiB, 100 %, 503.95 W, 1980 MHz, 36 %, 69
2026/10/10 16:18:39.584, 2, 75475 MiB, 100 %, 494.26 W, 1980 MHz, 37 %, 55
2026/10/10 16:18:39.584, 3, 75475 MiB, 100 %, 488.90 W, 1980 MHz, 37 %, 47
2026/10/10 16:18:39.584, 4, 75475 MiB, 100 %, 479.24 W, 1980 MHz, 37 %, 49
2026/10/10 16:18:39.584, 5, 75475 MiB, 100 %, 501.61 W, 1980 MHz, 37 %, 56
2026/10/10 16:18:39.584, 6, 75475 MiB, 100 %, 486.04 W, 1980 MHz, 36 %, 53
2026/10/10 16:18:39.584, 7, 75475 MiB, 100 %, 514.12 W, 1980 MHz, 36 %, 80
2026/10/10 16:18:40.584, 0, 75475 MiB, 100 %, 488.88 W, 1980 MHz, 37 %, 49
2026/10/10 16:18:40.584, 1, 75475 MiB, 100 %, 511.15 W, 1980 MHz, 36 %, 69
2026/10/10 16:18:40.584, 2, 75475 MiB, 100 %, 488.73 W, 1980 MHz, 37 %, 55
2026/10/10 16:18:40.584, 3, 75475 MiB, 100 %, 486.99 W, 1980 MHz, 37 %, 47
2026/10/10 16:18:40.584, 4, 75475 MiB, 100 %, 477.34 W, 1980 MHz, 36 %, 49
2026/10/10 16:18:40.584, 5, 75475 MiB, 100 %, 492.80 W, 1980 MHz, 37 %, 56
2026/10/10 16:18:40.584, 6, 75475 MiB, 100 %, 482.28 W, 1980 MHz, 37 %, 53
2026/10/10 16:18:40.584, 7, 75475 MiB, 100 %, 520.88 W, 1980 MHz, 36 %, 80
2026/10/10 16:18:41.585, 0, 75475 MiB, 100 %, 486.94 W, 1980 MHz, 37 %, 49
2026/10/10 16:18:41.585, 1, 75475 MiB, 100 %, 500.70 W, 1980 MHz, 35 %, 69
2026/10/10 16:18:41.585, 2, 75475 MiB, 100 %, 489.96 W, 1980 MHz, 37 %, 55
2026/10/10 16:18:41.585, 3, 75475 MiB, 100 %, 488.09 W, 1980 MHz, 37 %, 47
2026/10/10 16:18:41.585, 4, 75475 MiB, 100 %, 476.70 W, 1980 MHz, 37 %, 49
2026/10/10 16:18:41.585, 5, 75475 MiB, 100 %, 490.16 W, 1980 MHz, 37 %, 56
2026/10/10 16:18:41.585, 6, 75475 MiB, 100 %, 477.74 W, 1980 MHz, 36 %, 53
2026/10/10 16:18:41.585, 7, 75475 MiB, 100 %, 519.21 W, 1980 MHz, 36 %, 80
2026/10/10 16:18:42.585, 0, 75475 MiB, 100 %, 489.65 W, 1980 MHz, 37 %, 48
2026/10/10 16:18:42.585, 1, 75475 MiB, 100 %, 506.44 W, 1980 MHz, 36 %, 69
2026/10/10 16:18:42.585, 2, 75475 MiB, 100 %, 495.33 W, 1980 MHz, 37 %, 55
2026/10/10 16:18:42.585, 3, 75475 MiB, 100 %, 488.16 W, 1980 MHz, 37 %, 47
2026/10/10 16:18:42.586, 4, 75475 MiB, 100 %, 479.01 W, 1980 MHz, 37 %, 49
2026/10/10 16:18:42.586, 5, 75475 MiB, 100 %, 494.69 W, 1980 MHz, 37 %, 56
2026/10/10 16:18:42.586, 6, 75475 MiB, 100 %, 478.16 W, 1980 MHz, 37 %, 53
2026/10/10 16:18:42.586, 7, 75475 MiB, 100 %, 518.72 W, 1980 MHz, 36 %, 80
2026/10/10 16:18:43.586, 0, 75475 MiB, 100 %, 488.18 W, 1980 MHz, 37 %, 48
2026/10/10 16:18:43.586, 1, 75475 MiB, 100 %, 500.84 W, 1980 MHz, 36 %, 69
2026/10/10 16:18:43.586, 2, 75475 MiB, 100 %, 493.73 W, 1980 MHz, 37 %, 55
2026/10/10 16:18:43.586, 3, 75475 MiB, 100 %, 493.25 W, 1980 MHz, 37 %, 47
2026/10/10 16:18:43.586, 4, 75475 MiB, 100 %, 483.01 W, 1980 MHz, 37 %, 48
2026/10/10 16:18:43.586, 5, 75475 MiB, 100 %, 503.54 W, 1980 MHz, 37 %, 56
2026/10/10 16:18:43.586, 6, 75475 MiB, 100 %, 484.12 W, 1980 MHz, 37 %, 53
2026/10/10 16:18:43.586, 7, 75475 MiB, 100 %, 518.87 W, 1980 MHz, 36 %, 80
2026/10/10 16:18:44.587, 0, 75475 MiB, 100 %, 486.23 W, 1980 MHz, 37 %, 48
2026/10/10 16:18:44.587, 1, 75475 MiB, 100 %, 502.58 W, 1980 MHz, 36 %, 69
2026/10/10 16:18:44.587, 2, 75475 MiB, 100 %, 496.05 W, 1980 MHz, 37 %, 55
2026/10/10 16:18:44.587, 3, 75475 MiB, 100 %, 487.76 W, 1980 MHz, 37 %, 47
2026/10/10 16:18:44.587, 4, 75475 MiB, 100 %, 481.51 W, 1980 MHz, 36 %, 48
2026/10/10 16:18:44.587, 5, 75475 MiB, 100 %, 500.69 W, 1980 MHz, 37 %, 56
2026/10/10 16:18:44.587, 6, 75475 MiB, 100 %, 486.22 W, 1980 MHz, 36 %, 53
2026/10/10 16:18:44.587, 7, 75475 MiB, 100 %, 520.70 W, 1980 MHz, 36 %, 80
2026/10/10 16:18:45.587, 0, 75475 MiB, 100 %, 484.96 W, 1980 MHz, 37 %, 48
2026/10/10 16:18:45.587, 1, 75475 MiB, 100 %, 507.13 W, 1980 MHz, 36 %, 69
2026/10/10 16:18:45.587, 2, 75475 MiB, 100 %, 494.46 W, 1980 MHz, 38 %, 55
2026/10/10 16:18:45.587, 3, 75475 MiB, 100 %, 489.96 W, 1980 MHz, 37 %, 47
2026/10/10 16:18:45.587, 4, 75475 MiB, 100 %, 471.69 W, 1980 MHz, 37 %, 48
2026/10/10 16:18:45.588, 5, 75475 MiB, 100 %, 492.94 W, 1980 MHz, 37 %, 56
2026/10/10 16:18:45.588, 6, 75475 MiB, 100 %, 482.66 W, 1980 MHz, 37 %, 53
2026/10/10 16:18:45.588, 7, 75475 MiB, 100 %, 523.80 W, 1980 MHz, 36 %, 80
2026/10/10 16:18:46.588, 0, 75475 MiB, 100 %, 484.52 W, 1980 MHz, 37 %, 48
2026/10/10 16:18:46.588, 1, 75475 MiB, 100 %, 506.10 W, 1980 MHz, 35 %, 69
2026/10/10 16:18:46.588, 2, 75475 MiB, 100 %, 492.18 W, 1980 MHz, 37 %, 55
2026/10/10 16:18:46.588, 3, 75475 MiB, 100 %, 488.18 W, 1980 MHz, 36 %, 47
2026/10/10 16:18:46.588, 4, 75475 MiB, 100 %, 475.56 W, 1980 MHz, 36 %, 48
2026/10/10 16:18:46.588, 5, 75475 MiB, 100 %, 499.94 W, 1980 MHz, 37 %, 56
2026/10/10 16:18:46.588, 6, 75475 MiB, 100 %, 484.20 W, 1980 MHz, 36 %, 53
2026/10/10 16:18:46.588, 7, 75475 MiB, 100 %, 521.29 W, 1980 MHz, 37 %, 80
2026/10/10 16:18:47.588, 0, 75475 MiB, 100 %, 484.83 W, 1980 MHz, 37 %, 48
2026/10/10 16:18:47.589, 1, 75475 MiB, 100 %, 501.44 W, 1980 MHz, 35 %, 69
2026/10/10 16:18:47.589, 2, 75475 MiB, 100 %, 491.98 W, 1980 MHz, 37 %, 55
2026/10/10 16:18:47.589, 3, 75475 MiB, 100 %, 484.20 W, 1980 MHz, 36 %, 47
2026/10/10 16:18:47.589, 4, 75475 MiB, 100 %, 476.46 W, 1980 MHz, 37 %, 48
2026/10/10 16:18:47.589, 5, 75475 MiB, 100 %, 494.97 W, 1980 MHz, 36 %, 55
2026/10/10 16:18:47.589, 6, 75475 MiB, 100 %, 479.51 W, 1980 MHz, 36 %, 53
2026/10/10 16:18:47.589, 7, 75475 MiB, 100 %, 522.63 W, 1980 MHz, 36 %, 80
2026/10/10 16:18:48.589, 0, 75475 MiB, 100 %, 484.35 W, 1980 MHz, 36 %, 48
2026/10/10 16:18:48.589, 1, 75475 MiB, 100 %, 502.97 W, 1980 MHz, 35 %, 69
2026/10/10 16:18:48.589, 2, 75475 MiB, 100 %, 483.26 W, 1980 MHz, 36 %, 54
2026/10/10 16:18:48.589, 3, 75475 MiB, 100 %, 481.60 W, 1980 MHz, 36 %, 47
2026/10/10 16:18:48.589, 4, 75475 MiB, 100 %, 478.75 W, 1980 MHz, 36 %, 48
2026/10/10 16:18:48.589, 5, 75475 MiB, 100 %, 494.64 W, 1980 MHz, 36 %, 55
2026/10/10 16:18:48.589, 6, 75475 MiB, 100 %, 475.79 W, 1980 MHz, 36 %, 53
2026/10/10 16:18:48.590, 7, 75475 MiB, 100 %, 522.25 W, 1980 MHz, 36 %, 80
2026/10/10 16:18:49.590, 0, 75475 MiB, 100 %, 475.47 W, 1980 MHz, 36 %, 48
2026/10/10 16:18:49.590, 1, 75475 MiB, 100 %, 493.99 W, 1980 MHz, 35 %, 69
2026/10/10 16:18:49.590, 2, 75475 MiB, 100 %, 481.04 W, 1980 MHz, 36 %, 54
2026/10/10 16:18:49.590, 3, 75475 MiB, 100 %, 490.17 W, 1980 MHz, 36 %, 46
2026/10/10 16:18:49.590, 4, 75475 MiB, 100 %, 475.50 W, 1980 MHz, 36 %, 48
2026/10/10 16:18:49.590, 5, 75475 MiB, 100 %, 502.83 W, 1980 MHz, 36 %, 55
2026/10/10 16:18:49.590, 6, 75475 MiB, 100 %, 481.22 W, 1980 MHz, 35 %, 53
2026/10/10 16:18:49.590, 7, 75475 MiB, 100 %, 519.30 W, 1980 MHz, 35 %, 80
2026/10/10 16:18:50.590, 0, 75475 MiB, 100 %, 485.80 W, 1980 MHz, 36 %, 48
2026/10/10 16:18:50.591, 1, 75475 MiB, 100 %, 507.18 W, 1980 MHz, 35 %, 69
2026/10/10 16:18:50.591, 2, 75475 MiB, 100 %, 483.91 W, 1980 MHz, 36 %, 54
2026/10/10 16:18:50.591, 3, 75475 MiB, 100 %, 489.42 W, 1980 MHz, 35 %, 46
2026/10/10 16:18:50.591, 4, 75475 MiB, 100 %, 477.06 W, 1980 MHz, 36 %, 48
2026/10/10 16:18:50.591, 5, 75475 MiB, 100 %, 495.89 W, 1980 MHz, 36 %, 55
2026/10/10 16:18:50.591, 6, 75475 MiB, 100 %, 474.57 W, 1980 MHz, 35 %, 53
2026/10/10 16:18:50.591, 7, 75475 MiB, 100 %, 513.31 W, 1980 MHz, 35 %, 80
2026/10/10 16:18:51.591, 0, 75475 MiB, 100 %, 476.08 W, 1980 MHz, 35 %, 48
2026/10/10 16:18:51.591, 1, 75475 MiB, 100 %, 512.40 W, 1980 MHz, 35 %, 69
2026/10/10 16:18:51.591, 2, 75475 MiB, 100 %, 481.46 W, 1980 MHz, 36 %, 54
2026/10/10 16:18:51.591, 3, 75475 MiB, 100 %, 486.77 W, 1980 MHz, 36 %, 46
2026/10/10 16:18:51.591, 4, 75475 MiB, 100 %, 471.23 W, 1980 MHz, 35 %, 48
2026/10/10 16:18:51.591, 5, 75475 MiB, 100 %, 490.20 W, 1980 MHz, 36 %, 55
2026/10/10 16:18:51.591, 6, 75475 MiB, 100 %, 474.32 W, 1980 MHz, 36 %, 52
2026/10/10 16:18:51.591, 7, 75475 MiB, 100 %, 516.73 W, 1980 MHz, 35 %, 80
2026/10/10 16:18:52.592, 0, 75475 MiB, 100 %, 479.57 W, 1980 MHz, 35 %, 48
2026/10/10 16:18:52.592, 1, 75475 MiB, 100 %, 493.94 W, 1980 MHz, 35 %, 69
2026/10/10 16:18:52.592, 2, 75475 MiB, 100 %, 485.35 W, 1980 MHz, 36 %, 54
2026/10/10 16:18:52.592, 3, 75475 MiB, 100 %, 476.29 W, 1980 MHz, 36 %, 46
2026/10/10 16:18:52.592, 4, 75475 MiB, 100 %, 469.81 W, 1980 MHz, 36 %, 48
2026/10/10 16:18:52.592, 5, 75475 MiB, 100 %, 495.93 W, 1980 MHz, 36 %, 55
2026/10/10 16:18:52.592, 6, 75475 MiB, 100 %, 479.77 W, 1980 MHz, 36 %, 52
2026/10/10 16:18:52.592, 7, 75475 MiB, 100 %, 510.48 W, 1980 MHz, 35 %, 80
2026/10/10 16:18:53.592, 0, 75475 MiB, 100 %, 478.36 W, 1980 MHz, 36 %, 48
2026/10/10 16:18:53.592, 1, 75475 MiB, 100 %, 501.55 W, 1980 MHz, 35 %, 69
2026/10/10 16:18:53.592, 2, 75475 MiB, 100 %, 492.93 W, 1980 MHz, 36 %, 54
2026/10/10 16:18:53.593, 3, 75475 MiB, 100 %, 485.95 W, 1980 MHz, 36 %, 46
2026/10/10 16:18:53.593, 4, 75475 MiB, 100 %, 478.25 W, 1980 MHz, 35 %, 48
2026/10/10 16:18:53.593, 5, 75475 MiB, 100 %, 497.06 W, 1980 MHz, 36 %, 55
2026/10/10 16:18:53.593, 6, 75475 MiB, 100 %, 479.36 W, 1980 MHz, 36 %, 52
2026/10/10 16:18:53.593, 7, 75475 MiB, 100 %, 515.39 W, 1980 MHz, 35 %, 80
2026/10/10 16:18:54.593, 0, 75475 MiB, 100 %, 481.99 W, 1980 MHz, 36 %, 48
2026/10/10 16:18:54.593, 1, 75475 MiB, 100 %, 493.53 W, 1980 MHz, 35 %, 69
2026/10/10 16:18:54.593, 2, 75475 MiB, 100 %, 479.60 W, 1980 MHz, 36 %, 54
2026/10/10 16:18:54.593, 3, 75475 MiB, 100 %, 477.09 W, 1980 MHz, 35 %, 46
2026/10/10 16:18:54.593, 4, 75475 MiB, 100 %, 474.15 W, 1980 MHz, 36 %, 48
2026/10/10 16:18:54.593, 5, 75475 MiB, 100 %, 488.02 W, 1980 MHz, 36 %, 55
2026/10/10 16:18:54.593, 6, 75475 MiB, 100 %, 473.21 W, 1980 MHz, 36 %, 52
2026/10/10 16:18:54.593, 7, 75475 MiB, 100 %, 521.73 W, 1980 MHz, 36 %, 80
2026/10/10 16:18:55.594, 0, 75475 MiB, 100 %, 480.97 W, 1980 MHz, 36 %, 48
2026/10/10 16:18:55.594, 1, 75475 MiB, 100 %, 496.57 W, 1980 MHz, 35 %, 69
2026/10/10 16:18:55.594, 2, 75475 MiB, 100 %, 486.80 W, 1980 MHz, 36 %, 54
2026/10/10 16:18:55.594, 3, 75475 MiB, 100 %, 480.76 W, 1980 MHz, 36 %, 46
2026/10/10 16:18:55.594, 4, 75475 MiB, 100 %, 475.09 W, 1980 MHz, 36 %, 48
2026/10/10 16:18:55.594, 5, 75475 MiB, 100 %, 494.48 W, 1980 MHz, 36 %, 55
2026/10/10 16:18:55.594, 6, 75475 MiB, 100 %, 472.65 W, 1980 MHz, 35 %, 52
2026/10/10 16:18:55.594, 7, 75475 MiB, 100 %, 512.93 W, 1980 MHz, 35 %, 80
2026/10/10 16:18:56.594, 0, 75475 MiB, 100 %, 494.19 W, 1935 MHz, 36 %, 52
2026/10/10 16:18:56.594, 1, 75475 MiB, 100 %, 515.93 W, 1890 MHz, 35 %, 69
2026/10/10 16:18:56.594, 2, 75475 MiB, 100 %, 502.96 W, 1845 MHz, 36 %, 58
2026/10/10 16:18:56.594, 3, 75475 MiB, 100 %, 493.16 W, 1875 MHz, 35 %, 51
2026/10/10 16:18:56.595, 4, 75475 MiB, 100 %, 495.48 W, 1800 MHz, 35 %, 53
2026/10/10 16:18:56.595, 5, 75475 MiB, 100 %, 503.86 W, 1875 MHz, 35 %, 59
2026/10/10 16:18:56.595, 6, 75475 MiB, 100 %, 478.74 W, 1980 MHz, 35 %, 52
2026/10/10 16:18:56.595, 7, 75475 MiB, 100 %, 520.89 W, 1980 MHz, 35 %, 80
2026/10/10 16:18:57.595, 0, 75475 MiB, 100 %, 698.26 W, 1920 MHz, 26 %, 55
2026/10/10 16:18:57.595, 1, 75475 MiB, 100 %, 690.38 W, 1830 MHz, 26 %, 73
2026/10/10 16:18:57.595, 2, 75475 MiB, 100 %, 699.04 W, 1875 MHz, 27 %, 61
2026/10/10 16:18:57.595, 3, 75475 MiB, 100 %, 690.98 W, 1845 MHz, 26 %, 54
2026/10/10 16:18:57.595, 4, 75475 MiB, 100 %, 689.13 W, 1860 MHz, 27 %, 56
2026/10/10 16:18:57.595, 5, 75475 MiB, 100 %, 703.10 W, 1830 MHz, 26 %, 62
2026/10/10 16:18:57.595, 6, 75475 MiB, 100 %, 688.82 W, 1920 MHz, 27 %, 60
2026/10/10 16:18:57.595, 7, 75475 MiB, 100 %, 628.77 W, 1485 MHz, 27 %, 83
2026/10/10 16:18:58.596, 0, 75475 MiB, 100 %, 688.29 W, 1875 MHz, 26 %, 56
2026/10/10 16:18:58.596, 1, 75475 MiB, 100 %, 687.38 W, 1755 MHz, 25 %, 75
2026/10/10 16:18:58.596, 2, 75475 MiB, 100 %, 696.93 W, 1845 MHz, 26 %, 62
2026/10/10 16:18:58.596, 3, 75475 MiB, 100 %, 692.99 W, 1800 MHz, 26 %, 55
2026/10/10 16:18:58.596, 4, 75475 MiB, 100 %, 691.71 W, 1830 MHz, 26 %, 57
2026/10/10 16:18:58.596, 5, 75475 MiB, 100 %, 694.70 W, 1845 MHz, 26 %, 63
2026/10/10 16:18:58.596, 6, 75475 MiB, 100 %, 687.30 W, 1920 MHz, 25 %, 62
2026/10/10 16:18:58.596, 7, 75475 MiB, 100 %, 566.24 W, 1515 MHz, 26 %, 83
2026/10/10 16:18:59.596, 0, 75475 MiB, 100 %, 691.07 W, 1830 MHz, 26 %, 56
2026/10/10 16:18:59.596, 1, 75475 MiB, 100 %, 666.26 W, 1725 MHz, 26 %, 76
2026/10/10 16:18:59.596, 2, 75475 MiB, 100 %, 692.73 W, 1830 MHz, 26 %, 62
2026/10/10 16:18:59.597, 3, 75475 MiB, 100 %, 686.74 W, 1815 MHz, 25 %, 56
2026/10/10 16:18:59.597, 4, 75475 MiB, 100 %, 690.96 W, 1815 MHz, 25 %, 57
2026/10/10 16:18:59.597, 5, 75475 MiB, 100 %, 692.44 W, 1785 MHz, 25 %, 64
2026/10/10 16:18:59.597, 6, 75475 MiB, 100 %, 686.29 W, 1935 MHz, 25 %, 63
2026/10/10 16:18:59.597, 7, 75475 MiB, 100 %, 587.15 W, 1530 MHz, 26 %, 83
2026/10/10 16:19:00.597, 0, 75475 MiB, 100 %, 688.98 W, 1845 MHz, 27 %, 56
2026/10/10 16:19:00.597, 1, 75475 MiB, 100 %, 651.24 W, 1740 MHz, 27 %, 76
2026/10/10 16:19:00.597, 2, 75475 MiB, 100 %, 686.38 W, 1845 MHz, 27 %, 63
2026/10/10 16:19:00.597, 3, 75475 MiB, 100 %, 691.52 W, 1830 MHz, 27 %, 56
2026/10/10 16:19:00.597, 4, 75475 MiB, 100 %, 687.84 W, 1845 MHz, 27 %, 59
2026/10/10 16:19:00.597, 5, 75475 MiB, 100 %, 695.34 W, 1800 MHz, 27 %, 64
2026/10/10 16:19:00.597, 6, 75475 MiB, 100 %, 683.04 W, 1920 MHz, 27 %, 63
2026/10/10 16:19:00.597, 7, 75475 MiB, 100 %, 585.98 W, 1590 MHz, 27 %, 83
2026/10/10 16:19:01.598, 0, 75475 MiB, 100 %, 681.12 W, 1950 MHz, 26 %, 57
2026/10/10 16:19:01.598, 1, 75475 MiB, 100 %, 663.74 W, 1695 MHz, 26 %, 74
2026/10/10 16:19:01.598, 2, 75475 MiB, 100 %, 698.81 W, 1860 MHz, 26 %, 63
2026/10/10 16:19:01.598, 3, 75475 MiB, 100 %, 688.03 W, 1800 MHz, 26 %, 56
2026/10/10 16:19:01.598, 4, 75475 MiB, 100 %, 697.31 W, 1830 MHz, 26 %, 59
2026/10/10 16:19:01.598, 5, 75475 MiB, 100 %, 693.20 W, 1905 MHz, 26 %, 65
2026/10/10 16:19:01.598, 6, 75475 MiB, 100 %, 691.75 W, 1965 MHz, 26 %, 64
2026/10/10 16:19:01.598, 7, 75475 MiB, 100 %, 584.68 W, 1545 MHz, 26 %, 83
2026/10/10 16:19:02.598, 0, 75475 MiB, 100 %, 688.95 W, 1890 MHz, 25 %, 58
2026/10/10 16:19:02.598, 1, 75475 MiB, 100 %, 679.05 W, 1800 MHz, 25 %, 76
2026/10/10 16:19:02.598, 2, 75475 MiB, 100 %, 689.87 W, 1845 MHz, 26 %, 63
2026/10/10 16:19:02.598, 3, 75475 MiB, 100 %, 691.12 W, 1830 MHz, 25 %, 57
2026/10/10 16:19:02.599, 4, 75475 MiB, 100 %, 689.18 W, 1815 MHz, 25 %, 59
2026/10/10 16:19:02.599, 5, 75475 MiB, 100 %, 694.86 W, 1830 MHz, 25 %, 65
2026/10/10 16:19:02.599, 6, 75475 MiB, 100 %, 688.91 W, 1875 MHz, 25 %, 63
2026/10/10 16:19:02.599, 7, 75475 MiB, 100 %, 579.90 W, 1530 MHz, 25 %, 83
2026/10/10 16:19:03.599, 0, 75475 MiB, 100 %, 692.26 W, 1920 MHz, 27 %, 58
2026/10/10 16:19:03.599, 1, 75475 MiB, 100 %, 661.26 W, 1725 MHz, 28 %, 75
2026/10/10 16:19:03.599, 2, 75475 MiB, 100 %, 697.73 W, 1815 MHz, 28 %, 64
2026/10/10 16:19:03.599, 3, 75475 MiB, 100 %, 689.41 W, 1785 MHz, 28 %, 56
2026/10/10 16:19:03.599, 4, 75475 MiB, 100 %, 690.58 W, 1800 MHz, 28 %, 58
2026/10/10 16:19:03.599, 5, 75475 MiB, 100 %, 689.63 W, 1890 MHz, 28 %, 66
2026/10/10 16:19:03.599, 6, 75475 MiB, 100 %, 692.61 W, 1935 MHz, 28 %, 64
2026/10/10 16:19:03.599, 7, 75475 MiB, 100 %, 590.39 W, 1575 MHz, 28 %, 84
2026/10/10 16:19:04.600, 0, 75475 MiB, 100 %, 691.59 W, 1920 MHz, 26 %, 58
2026/10/10 16:19:04.600, 1, 75475 MiB, 100 %, 664.44 W, 1755 MHz, 26 %, 76
2026/10/10 16:19:04.600, 2, 75475 MiB, 100 %, 687.36 W, 1800 MHz, 26 %, 63
2026/10/10 16:19:04.600, 3, 75475 MiB, 100 %, 695.48 W, 1875 MHz, 26 %, 57
2026/10/10 16:19:04.600, 4, 75475 MiB, 100 %, 690.14 W, 1845 MHz, 26 %, 59
2026/10/10 16:19:04.600, 5, 75475 MiB, 100 %, 690.03 W, 1890 MHz, 26 %, 65
2026/10/10 16:19:04.600, 6, 75475 MiB, 100 %, 687.75 W, 1965 MHz, 26 %, 64
2026/10/10 16:19:04.600, 7, 75475 MiB, 100 %, 576.17 W, 1530 MHz, 26 %, 83
2026/10/10 16:19:05.600, 0, 75475 MiB, 100 %, 684.12 W, 1950 MHz, 25 %, 58
2026/10/10 16:19:05.600, 1, 75475 MiB, 100 %, 667.84 W, 1695 MHz, 25 %, 76
2026/10/10 16:19:05.600, 2, 75475 MiB, 100 %, 697.51 W, 1935 MHz, 25 %, 64
2026/10/10 16:19:05.601, 3, 75475 MiB, 100 %, 690.30 W, 1875 MHz, 24 %, 57
2026/10/10 16:19:05.601, 4, 75475 MiB, 100 %, 700.25 W, 1830 MHz, 24 %, 59
2026/10/10 16:19:05.601, 5, 75475 MiB, 100 %, 698.55 W, 1845 MHz, 25 %, 66
2026/10/10 16:19:05.601, 6, 75475 MiB, 100 %, 691.38 W, 1965 MHz, 24 %, 64
2026/10/10 16:19:05.601, 7, 75475 MiB, 100 %, 577.96 W, 1500 MHz, 25 %, 83
2026/10/10 16:19:06.601, 0, 75475 MiB, 100 %, 686.17 W, 1965 MHz, 27 %, 58
2026/10/10 16:19:06.601, 1, 75475 MiB, 100 %, 642.65 W, 1695 MHz, 27 %, 76
2026/10/10 16:19:06.601, 2, 75475 MiB, 100 %, 696.16 W, 1860 MHz, 27 %, 64
2026/10/10 16:19:06.601, 3, 75475 MiB, 100 %, 694.26 W, 1905 MHz, 27 %, 57
2026/10/10 16:19:06.601, 4, 75475 MiB, 100 %, 689.64 W, 1800 MHz, 27 %, 59
2026/10/10 16:19:06.601, 5, 75475 MiB, 100 %, 688.34 W, 1875 MHz, 27 %, 66
2026/10/10 16:19:06.601, 6, 75475 MiB, 100 %, 675.97 W, 1950 MHz, 26 %, 64
2026/10/10 16:19:06.601, 7, 75475 MiB, 100 %, 558.66 W, 1560 MHz, 27 %, 83
2026/10/10 16:19:07.602, 0, 75475 MiB, 100 %, 688.73 W, 1875 MHz, 27 %, 58
2026/10/10 16:19:07.602, 1, 75475 MiB, 100 %, 658.71 W, 1770 MHz, 27 %, 76
2026/10/10 16:19:07.602, 2, 75475 MiB, 100 %, 687.19 W, 1845 MHz, 27 %, 64
2026/10/10 16:19:07.602, 3, 75475 MiB, 100 %, 692.71 W, 1890 MHz, 27 %, 57
2026/10/10 16:19:07.602, 4, 75475 MiB, 100 %, 685.12 W, 1815 MHz, 27 %, 59
2026/10/10 16:19:07.602, 5, 75475 MiB, 100 %, 695.07 W, 1800 MHz, 27 %, 66
2026/10/10 16:19:07.602, 6, 75475 MiB, 100 %, 684.76 W, 1905 MHz, 27 %, 64
2026/10/10 16:19:07.602, 7, 75475 MiB, 100 %, 581.19 W, 1545 MHz, 27 %, 84
2026/10/10 16:19:08.602, 0, 75475 MiB, 100 %, 683.53 W, 1860 MHz, 25 %, 58
2026/10/10 16:19:08.602, 1, 75475 MiB, 100 %, 652.82 W, 1710 MHz, 26 %, 76
2026/10/10 16:19:08.602, 2, 75475 MiB, 100 %, 696.72 W, 1875 MHz, 26 %, 64
2026/10/10 16:19:08.602, 3, 75475 MiB, 100 %, 689.69 W, 1920 MHz, 25 %, 58
2026/10/10 16:19:08.603, 4, 75475 MiB, 100 %, 691.11 W, 1920 MHz, 26 %, 61
2026/10/10 16:19:08.603, 5, 75475 MiB, 100 %, 687.54 W, 1845 MHz, 26 %, 66
2026/10/10 16:19:08.603, 6, 75475 MiB, 100 %, 687.95 W, 1965 MHz, 25 %, 64
2026/10/10 16:19:08.603, 7, 75475 MiB, 100 %, 573.91 W, 1410 MHz, 26 %, 83
2026/10/10 16:19:09.603, 0, 75475 MiB, 100 %, 688.29 W, 1905 MHz, 27 %, 57
2026/10/10 16:19:09.603, 1, 75475 MiB, 100 %, 664.34 W, 1770 MHz, 28 %, 76
2026/10/10 16:19:09.603, 2, 75475 MiB, 100 %, 692.20 W, 1890 MHz, 27 %, 64
2026/10/10 16:19:09.603, 3, 75475 MiB, 100 %, 685.65 W, 1830 MHz, 28 %, 57
2026/10/10 16:19:09.603, 4, 75475 MiB, 100 %, 695.68 W, 1845 MHz, 28 %, 60
2026/10/10 16:19:09.603, 5, 75475 MiB, 100 %, 690.60 W, 1845 MHz, 27 %, 66
2026/10/10 16:19:09.603, 6, 75475 MiB, 100 %, 688.24 W, 1965 MHz, 27 %, 65
2026/10/10 16:19:09.603, 7, 75475 MiB, 100 %, 567.02 W, 1440 MHz, 27 %, 83
2026/10/10 16:19:10.604, 0, 75475 MiB, 100 %, 683.85 W, 1935 MHz, 26 %, 58
2026/10/10 16:19:10.604, 1, 75475 MiB, 100 %, 654.06 W, 1785 MHz, 27 %, 76
2026/10/10 16:19:10.604, 2, 75475 MiB, 100 %, 698.52 W, 1875 MHz, 27 %, 64
2026/10/10 16:19:10.604, 3, 75475 MiB, 100 %, 688.53 W, 1890 MHz, 26 %, 57
2026/10/10 16:19:10.604, 4, 75475 MiB, 100 %, 694.30 W, 1875 MHz, 27 %, 60
2026/10/10 16:19:10.604, 5, 75475 MiB, 100 %, 688.73 W, 1890 MHz, 27 %, 66
2026/10/10 16:19:10.604, 6, 75475 MiB, 100 %, 683.60 W, 1950 MHz, 26 %, 64
2026/10/10 16:19:10.604, 7, 75475 MiB, 100 %, 561.00 W, 1500 MHz, 26 %, 83
2026/10/10 16:19:11.604, 0, 75475 MiB, 100 %, 685.65 W, 1905 MHz, 26 %, 58
2026/10/10 16:19:11.604, 1, 75475 MiB, 100 %, 666.82 W, 1770 MHz, 26 %, 77
2026/10/10 16:19:11.604, 2, 75475 MiB, 100 %, 695.37 W, 1860 MHz, 26 %, 65
2026/10/10 16:19:11.605, 3, 75475 MiB, 100 %, 696.10 W, 1785 MHz, 26 %, 57
2026/10/10 16:19:11.605, 4, 75475 MiB, 100 %, 687.10 W, 1905 MHz, 26 %, 61
2026/10/10 16:19:11.605, 5, 75475 MiB, 100 %, 688.62 W, 1800 MHz, 26 %, 66
2026/10/10 16:19:11.605, 6, 75475 MiB, 100 %, 688.27 W, 1950 MHz, 26 %, 64
2026/10/10 16:19:11.605, 7, 75475 MiB, 100 %, 570.93 W, 1515 MHz, 26 %, 83
2026/10/10 16:19:12.605, 0, 75475 MiB, 100 %, 681.35 W, 1950 MHz, 24 %, 58
2026/10/10 16:19:12.605, 1, 75475 MiB, 100 %, 657.96 W, 1635 MHz, 25 %, 76
2026/10/10 16:19:12.605, 2, 75475 MiB, 100 %, 695.51 W, 1920 MHz, 24 %, 64
2026/10/10 16:19:12.605, 3, 75475 MiB, 100 %, 684.88 W, 1950 MHz, 25 %, 57
2026/10/10 16:19:12.605, 4, 75475 MiB, 100 %, 693.17 W, 1890 MHz, 25 %, 60
2026/10/10 16:19:12.605, 5, 75475 MiB, 100 %, 684.96 W, 1950 MHz, 24 %, 66
2026/10/10 16:19:12.605, 6, 75475 MiB, 100 %, 686.58 W, 1965 MHz, 25 %, 65
2026/10/10 16:19:12.606, 7, 75475 MiB, 100 %, 570.72 W, 1395 MHz, 25 %, 83
2026/10/10 16:19:13.606, 0, 75475 MiB, 100 %, 691.79 W, 1890 MHz, 28 %, 58
2026/10/10 16:19:13.606, 1, 75475 MiB, 100 %, 632.94 W, 1815 MHz, 27 %, 76
2026/10/10 16:19:13.606, 2, 75475 MiB, 100 %, 688.32 W, 1860 MHz, 28 %, 64
2026/10/10 16:19:13.606, 3, 75475 MiB, 100 %, 696.56 W, 1815 MHz, 27 %, 57
2026/10/10 16:19:13.606, 4, 75475 MiB, 100 %, 688.41 W, 1800 MHz, 28 %, 60
2026/10/10 16:19:13.606, 5, 75475 MiB, 100 %, 691.12 W, 1800 MHz, 28 %, 66
2026/10/10 16:19:13.606, 6, 75475 MiB, 100 %, 688.08 W, 1905 MHz, 27 %, 65
2026/10/10 16:19:13.606, 7, 75475 MiB, 100 %, 557.06 W, 1440 MHz, 28 %, 83
2026/10/10 16:19:14.606, 0, 75475 MiB, 100 %, 688.50 W, 1965 MHz, 25 %, 59
2026/10/10 16:19:14.607, 1, 75475 MiB, 100 %, 657.78 W, 1605 MHz, 25 %, 76
2026/10/10 16:19:14.607, 2, 75475 MiB, 100 %, 691.32 W, 1755 MHz, 26 %, 64
2026/10/10 16:19:14.607, 3, 75475 MiB, 100 %, 685.84 W, 1905 MHz, 24 %, 59
2026/10/10 16:19:14.607, 4, 75475 MiB, 100 %, 685.82 W, 1875 MHz, 24 %, 60
2026/10/10 16:19:14.607, 5, 75475 MiB, 100 %, 690.97 W, 1830 MHz, 25 %, 66
2026/10/10 16:19:14.607, 6, 75475 MiB, 100 %, 674.42 W, 1890 MHz, 25 %, 65
2026/10/10 16:19:14.607, 7, 75475 MiB, 100 %, 533.30 W, 1365 MHz, 25 %, 82
2026/10/10 16:19:15.607, 0, 75475 MiB, 100 %, 687.28 W, 1905 MHz, 25 %, 59
2026/10/10 16:19:15.607, 1, 75475 MiB, 100 %, 641.71 W, 1665 MHz, 25 %, 76
2026/10/10 16:19:15.607, 2, 75475 MiB, 100 %, 689.82 W, 1875 MHz, 25 %, 64
2026/10/10 16:19:15.607, 3, 75475 MiB, 100 %, 686.33 W, 1875 MHz, 25 %, 57
2026/10/10 16:19:15.607, 4, 75475 MiB, 100 %, 694.20 W, 1875 MHz, 24 %, 60
2026/10/10 16:19:15.607, 5, 75475 MiB, 100 %, 693.02 W, 1920 MHz, 25 %, 67
2026/10/10 16:19:15.608, 6, 75475 MiB, 100 %, 686.63 W, 1965 MHz, 25 %, 65
2026/10/10 16:19:15.608, 7, 75475 MiB, 100 %, 593.77 W, 1515 MHz, 25 %, 83
2026/10/10 16:19:16.608, 0, 75475 MiB, 100 %, 693.58 W, 1905 MHz, 27 %, 58
2026/10/10 16:19:16.608, 1, 75475 MiB, 100 %, 650.47 W, 1710 MHz, 28 %, 76
2026/10/10 16:19:16.608, 2, 75475 MiB, 100 %, 692.22 W, 1905 MHz, 27 %, 65
2026/10/10 16:19:16.608, 3, 75475 MiB, 100 %, 689.02 W, 1920 MHz, 27 %, 57
2026/10/10 16:19:16.608, 4, 75475 MiB, 100 %, 688.26 W, 1860 MHz, 27 %, 61
2026/10/10 16:19:16.608, 5, 75475 MiB, 100 %, 686.82 W, 1860 MHz, 27 %, 66
2026/10/10 16:19:16.608, 6, 75475 MiB, 100 %, 690.16 W, 1950 MHz, 27 %, 65
2026/10/10 16:19:16.608, 7, 75475 MiB, 100 %, 568.28 W, 1560 MHz, 27 %, 83
2026/10/10 16:19:17.608, 0, 75475 MiB, 100 %, 689.09 W, 1860 MHz, 26 %, 58
2026/10/10 16:19:17.609, 1, 75475 MiB, 100 %, 641.98 W, 1740 MHz, 26 %, 76
2026/10/10 16:19:17.609, 2, 75475 MiB, 100 %, 690.46 W, 1860 MHz, 26 %, 65
2026/10/10 16:19:17.609, 3, 75475 MiB, 100 %, 696.63 W, 1845 MHz, 26 %, 58
2026/10/10 16:19:17.609, 4, 75475 MiB, 100 %, 693.58 W, 1860 MHz, 26 %, 61
2026/10/10 16:19:17.609, 5, 75475 MiB, 100 %, 695.89 W, 1800 MHz, 26 %, 67
2026/10/10 16:19:17.609, 6, 75475 MiB, 100 %, 689.50 W, 1965 MHz, 26 %, 65
2026/10/10 16:19:17.609, 7, 75475 MiB, 100 %, 575.67 W, 1545 MHz, 26 %, 83
2026/10/10 16:19:18.609, 0, 75475 MiB, 100 %, 691.09 W, 1920 MHz, 25 %, 59
2026/10/10 16:19:18.610, 1, 75475 MiB, 100 %, 659.40 W, 1740 MHz, 25 %, 76
2026/10/10 16:19:18.610, 2, 75475 MiB, 100 %, 687.31 W, 1905 MHz, 26 %, 64
2026/10/10 16:19:18.610, 3, 75475 MiB, 100 %, 694.07 W, 1875 MHz, 26 %, 58
2026/10/10 16:19:18.610, 4, 75475 MiB, 100 %, 691.69 W, 1890 MHz, 25 %, 61
2026/10/10 16:19:18.610, 5, 75475 MiB, 100 %, 685.16 W, 1920 MHz, 26 %, 66
2026/10/10 16:19:18.610, 6, 75475 MiB, 100 %, 691.86 W, 1920 MHz, 25 %, 65
2026/10/10 16:19:18.610, 7, 75475 MiB, 100 %, 576.14 W, 1470 MHz, 26 %, 83
2026/10/10 16:19:19.610, 0, 75475 MiB, 100 %, 686.00 W, 1905 MHz, 28 %, 59
2026/10/10 16:19:19.610, 1, 75475 MiB, 100 %, 636.34 W, 1680 MHz, 28 %, 76
2026/10/10 16:19:19.611, 2, 75475 MiB, 100 %, 700.36 W, 1830 MHz, 28 %, 65
2026/10/10 16:19:19.611, 3, 75475 MiB, 100 %, 692.59 W, 1860 MHz, 28 %, 58
2026/10/10 16:19:19.611, 4, 75475 MiB, 100 %, 690.24 W, 1830 MHz, 28 %, 60
2026/10/10 16:19:19.611, 5, 75475 MiB, 100 %, 692.83 W, 1800 MHz, 28 %, 66
2026/10/10 16:19:19.611, 6, 75475 MiB, 100 %, 686.72 W, 1965 MHz, 28 %, 66
2026/10/10 16:19:19.611, 7, 75475 MiB, 100 %, 559.63 W, 1440 MHz, 28 %, 84
2026/10/10 16:19:20.611, 0, 75475 MiB, 100 %, 684.08 W, 1830 MHz, 27 %, 58
2026/10/10 16:19:20.611, 1, 75475 MiB, 100 %, 650.15 W, 1740 MHz, 26 %, 76
2026/10/10 16:19:20.611, 2, 75475 MiB, 100 %, 697.08 W, 1875 MHz, 27 %, 65
2026/10/10 16:19:20.611, 3, 75475 MiB, 100 %, 698.43 W, 1770 MHz, 27 %, 58
2026/10/10 16:19:20.611, 4, 75475 MiB, 100 %, 696.30 W, 1830 MHz, 27 %, 61
2026/10/10 16:19:20.611, 5, 75475 MiB, 100 %, 697.37 W, 1875 MHz, 26 %, 66
2026/10/10 16:19:20.611, 6, 75475 MiB, 100 %, 688.29 W, 1950 MHz, 27 %, 66
2026/10/10 16:19:20.611, 7, 75475 MiB, 100 %, 569.91 W, 1410 MHz, 27 %, 83
2026/10/10 16:19:21.612, 0, 75475 MiB, 100 %, 689.14 W, 1890 MHz, 26 %, 59
2026/10/10 16:19:21.612, 1, 75475 MiB, 100 %, 650.61 W, 1710 MHz, 26 %, 76
2026/10/10 16:19:21.612, 2, 75475 MiB, 100 %, 690.06 W, 1875 MHz, 26 %, 65
2026/10/10 16:19:21.612, 3, 75475 MiB, 100 %, 686.99 W, 1830 MHz, 26 %, 57
2026/10/10 16:19:21.612, 4, 75475 MiB, 100 %, 689.87 W, 1875 MHz, 26 %, 61
2026/10/10 16:19:21.612, 5, 75475 MiB, 100 %, 688.39 W, 1890 MHz, 26 %, 66
2026/10/10 16:19:21.612, 6, 75475 MiB, 100 %, 690.56 W, 1935 MHz, 26 %, 65
2026/10/10 16:19:21.612, 7, 75475 MiB, 100 %, 555.89 W, 1380 MHz, 26 %, 83
2026/10/10 16:19:22.612, 0, 75475 MiB, 100 %, 687.04 W, 1965 MHz, 26 %, 59
2026/10/10 16:19:22.612, 1, 75475 MiB, 100 %, 648.87 W, 1740 MHz, 27 %, 77
2026/10/10 16:19:22.613, 2, 75475 MiB, 100 %, 689.55 W, 1845 MHz, 27 %, 65
2026/10/10 16:19:22.613, 3, 75475 MiB, 100 %, 689.28 W, 1875 MHz, 27 %, 58
2026/10/10 16:19:22.613, 4, 75475 MiB, 100 %, 693.32 W, 1905 MHz, 26 %, 61
2026/10/10 16:19:22.613, 5, 75475 MiB, 100 %, 681.51 W, 1860 MHz, 27 %, 66
2026/10/10 16:19:22.613, 6, 75475 MiB, 100 %, 680.54 W, 1965 MHz, 27 %, 65
2026/10/10 16:19:22.613, 7, 75475 MiB, 100 %, 539.91 W, 1500 MHz, 27 %, 82
2026/10/10 16:19:23.613, 0, 75475 MiB, 100 %, 682.63 W, 1965 MHz, 26 %, 59
2026/10/10 16:19:23.613, 1, 75475 MiB, 100 %, 662.42 W, 1665 MHz, 26 %, 77
2026/10/10 16:19:23.613, 2, 75475 MiB, 100 %, 692.11 W, 1845 MHz, 26 %, 65
2026/10/10 16:19:23.613, 3, 75475 MiB, 100 %, 694.90 W, 1875 MHz, 26 %, 58
2026/10/10 16:19:23.613, 4, 75475 MiB, 100 %, 685.62 W, 1815 MHz, 26 %, 60
2026/10/10 16:19:23.613, 5, 75475 MiB, 100 %, 694.13 W, 1830 MHz, 26 %, 66
2026/10/10 16:19:23.613, 6, 75475 MiB, 100 %, 685.21 W, 1950 MHz, 26 %, 65
2026/10/10 16:19:23.614, 7, 75475 MiB, 100 %, 588.05 W, 1515 MHz, 27 %, 83
2026/10/10 16:19:24.614, 0, 75475 MiB, 100 %, 687.94 W, 1905 MHz, 26 %, 58
2026/10/10 16:19:24.614, 1, 75475 MiB, 100 %, 634.35 W, 1725 MHz, 26 %, 76
2026/10/10 16:19:24.614, 2, 75475 MiB, 100 %, 687.18 W, 1920 MHz, 25 %, 66
2026/10/10 16:19:24.614, 3, 75475 MiB, 100 %, 694.73 W, 1800 MHz, 25 %, 58
2026/10/10 16:19:24.614, 4, 75475 MiB, 100 %, 694.74 W, 1845 MHz, 26 %, 61
2026/10/10 16:19:24.614, 5, 75475 MiB, 100 %, 687.98 W, 1890 MHz, 26 %, 67
2026/10/10 16:19:24.614, 6, 75475 MiB, 100 %, 688.43 W, 1950 MHz, 25 %, 65
2026/10/10 16:19:24.614, 7, 75475 MiB, 100 %, 556.15 W, 1500 MHz, 26 %, 83
2026/10/10 16:19:25.614, 0, 75475 MiB, 100 %, 685.55 W, 1920 MHz, 25 %, 58
2026/10/10 16:19:25.615, 1, 75475 MiB, 100 %, 649.35 W, 1830 MHz, 25 %, 75
2026/10/10 16:19:25.615, 2, 75475 MiB, 100 %, 694.68 W, 1875 MHz, 25 %, 65
2026/10/10 16:19:25.615, 3, 75475 MiB, 100 %, 685.68 W, 1875 MHz, 25 %, 58
2026/10/10 16:19:25.615, 4, 75475 MiB, 100 %, 692.80 W, 1890 MHz, 25 %, 61
2026/10/10 16:19:25.615, 5, 75475 MiB, 100 %, 688.70 W, 1770 MHz, 25 %, 67
2026/10/10 16:19:25.615, 6, 75475 MiB, 100 %, 690.04 W, 1965 MHz, 25 %, 66
2026/10/10 16:19:25.615, 7, 75475 MiB, 100 %, 570.66 W, 1575 MHz, 25 %, 83
2026/10/10 16:19:26.615, 0, 75475 MiB, 100 %, 680.21 W, 1965 MHz, 26 %, 59
2026/10/10 16:19:26.615, 1, 75475 MiB, 100 %, 655.84 W, 1740 MHz, 26 %, 76
2026/10/10 16:19:26.615, 2, 75475 MiB, 100 %, 693.12 W, 1905 MHz, 26 %, 66
2026/10/10 16:19:26.615, 3, 75475 MiB, 100 %, 695.42 W, 1905 MHz, 26 %, 58
2026/10/10 16:19:26.615, 4, 75475 MiB, 100 %, 692.58 W, 1845 MHz, 26 %, 61
2026/10/10 16:19:26.615, 5, 75475 MiB, 100 %, 684.78 W, 1905 MHz, 27 %, 67
2026/10/10 16:19:26.615, 6, 75475 MiB, 100 %, 681.15 W, 1950 MHz, 26 %, 65
2026/10/10 16:19:26.616, 7, 75475 MiB, 100 %, 560.22 W, 1485 MHz, 27 %, 83
2026/10/10 16:19:27.616, 0, 75475 MiB, 100 %, 687.53 W, 1935 MHz, 26 %, 58
2026/10/10 16:19:27.616, 1, 75475 MiB, 100 %, 655.00 W, 1770 MHz, 25 %, 77
2026/10/10 16:19:27.616, 2, 75475 MiB, 100 %, 685.45 W, 1905 MHz, 26 %, 65
2026/10/10 16:19:27.616, 3, 75475 MiB, 100 %, 698.04 W, 1935 MHz, 25 %, 58
2026/10/10 16:19:27.616, 4, 75475 MiB, 100 %, 687.91 W, 1965 MHz, 25 %, 61
2026/10/10 16:19:27.616, 5, 75475 MiB, 100 %, 692.09 W, 1875 MHz, 26 %, 67
2026/10/10 16:19:27.616, 6, 75475 MiB, 100 %, 675.33 W, 1950 MHz, 25 %, 65
2026/10/10 16:19:27.616, 7, 75475 MiB, 100 %, 573.12 W, 1395 MHz, 26 %, 82
2026/10/10 16:19:28.616, 0, 75475 MiB, 100 %, 688.91 W, 1920 MHz, 26 %, 59
2026/10/10 16:19:28.616, 1, 75475 MiB, 100 %, 647.17 W, 1845 MHz, 25 %, 77
2026/10/10 16:19:28.616, 2, 75475 MiB, 100 %, 690.90 W, 1905 MHz, 25 %, 65
2026/10/10 16:19:28.617, 3, 75475 MiB, 100 %, 689.31 W, 1875 MHz, 25 %, 58
2026/10/10 16:19:28.617, 4, 75475 MiB, 100 %, 692.49 W, 1935 MHz, 26 %, 61
2026/10/10 16:19:28.617, 5, 75475 MiB, 100 %, 687.02 W, 1875 MHz, 25 %, 67
2026/10/10 16:19:28.617, 6, 75475 MiB, 100 %, 684.85 W, 1965 MHz, 25 %, 66
2026/10/10 16:19:28.617, 7, 75475 MiB, 100 %, 548.43 W, 1425 MHz, 26 %, 83
2026/10/10 16:19:29.617, 0, 75475 MiB, 100 %, 695.65 W, 1830 MHz, 28 %, 59
2026/10/10 16:19:29.617, 1, 75475 MiB, 100 %, 634.20 W, 1710 MHz, 28 %, 76
2026/10/10 16:19:29.617, 2, 75475 MiB, 100 %, 694.17 W, 1830 MHz, 27 %, 66
2026/10/10 16:19:29.617, 3, 75475 MiB, 100 %, 689.60 W, 1830 MHz, 28 %, 58
2026/10/10 16:19:29.617, 4, 75475 MiB, 100 %, 691.74 W, 1800 MHz, 28 %, 60
2026/10/10 16:19:29.617, 5, 75475 MiB, 100 %, 689.51 W, 1800 MHz, 28 %, 67
2026/10/10 16:19:29.617, 6, 75475 MiB, 100 %, 685.20 W, 1965 MHz, 28 %, 65
2026/10/10 16:19:29.617, 7, 75475 MiB, 100 %, 556.80 W, 1425 MHz, 29 %, 83
2026/10/10 16:19:30.618, 0, 75475 MiB, 100 %, 693.30 W, 1920 MHz, 26 %, 59
2026/10/10 16:19:30.618, 1, 75475 MiB, 100 %, 646.30 W, 1695 MHz, 27 %, 76
2026/10/10 16:19:30.618, 2, 75475 MiB, 100 %, 683.52 W, 1845 MHz, 26 %, 66
2026/10/10 16:19:30.618, 3, 75475 MiB, 100 %, 695.25 W, 1920 MHz, 26 %, 58
2026/10/10 16:19:30.618, 4, 75475 MiB, 100 %, 684.96 W, 1890 MHz, 26 %, 60
2026/10/10 16:19:30.618, 5, 75475 MiB, 100 %, 694.50 W, 1860 MHz, 26 %, 67
2026/10/10 16:19:30.618, 6, 75475 MiB, 100 %, 682.10 W, 1920 MHz, 26 %, 65
2026/10/10 16:19:30.618, 7, 75475 MiB, 100 %, 560.82 W, 1455 MHz, 27 %, 83
2026/10/10 16:19:31.618, 0, 75475 MiB, 100 %, 691.24 W, 1935 MHz, 25 %, 59
2026/10/10 16:19:31.618, 1, 75475 MiB, 100 %, 659.61 W, 1740 MHz, 25 %, 77
2026/10/10 16:19:31.618, 2, 75475 MiB, 100 %, 691.30 W, 1860 MHz, 24 %, 66
2026/10/10 16:19:31.619, 3, 75475 MiB, 100 %, 694.01 W, 1875 MHz, 25 %, 58
2026/10/10 16:19:31.619, 4, 75475 MiB, 100 %, 694.12 W, 1830 MHz, 24 %, 61
2026/10/10 16:19:31.619, 5, 75475 MiB, 100 %, 691.82 W, 1905 MHz, 25 %, 68
2026/10/10 16:19:31.619, 6, 75475 MiB, 100 %, 685.68 W, 1965 MHz, 24 %, 66
2026/10/10 16:19:31.619, 7, 75475 MiB, 100 %, 543.55 W, 1485 MHz, 25 %, 82
2026/10/10 16:19:32.619, 0, 75475 MiB, 100 %, 688.55 W, 1950 MHz, 27 %, 60
2026/10/10 16:19:32.619, 1, 75475 MiB, 100 %, 648.36 W, 1575 MHz, 27 %, 77
2026/10/10 16:19:32.619, 2, 75475 MiB, 100 %, 690.88 W, 1950 MHz, 27 %, 66
2026/10/10 16:19:32.619, 3, 75475 MiB, 100 %, 689.75 W, 1830 MHz, 27 %, 58
2026/10/10 16:19:32.619, 4, 75475 MiB, 100 %, 688.69 W, 1845 MHz, 27 %, 60
2026/10/10 16:19:32.619, 5, 75475 MiB, 100 %, 694.15 W, 1860 MHz, 27 %, 67
2026/10/10 16:19:32.619, 6, 75475 MiB, 100 %, 679.57 W, 1890 MHz, 27 %, 65
2026/10/10 16:19:32.619, 7, 75475 MiB, 100 %, 565.24 W, 1545 MHz, 27 %, 83
2026/10/10 16:19:33.620, 0, 75475 MiB, 100 %, 691.69 W, 1890 MHz, 26 %, 59
2026/10/10 16:19:33.620, 1, 75475 MiB, 100 %, 650.12 W, 1620 MHz, 27 %, 78
2026/10/10 16:19:33.620, 2, 75475 MiB, 100 %, 689.12 W, 1845 MHz, 26 %, 65
2026/10/10 16:19:33.620, 3, 75475 MiB, 100 %, 695.01 W, 1800 MHz, 26 %, 58
2026/10/10 16:19:33.620, 4, 75475 MiB, 100 %, 689.63 W, 1920 MHz, 26 %, 62
2026/10/10 16:19:33.620, 5, 75475 MiB, 100 %, 688.24 W, 1845 MHz, 26 %, 67
2026/10/10 16:19:33.620, 6, 75475 MiB, 100 %, 679.96 W, 1965 MHz, 26 %, 65
2026/10/10 16:19:33.620, 7, 75475 MiB, 100 %, 573.37 W, 1545 MHz, 26 %, 83
2026/10/10 16:19:34.620, 0, 75475 MiB, 100 %, 690.22 W, 1920 MHz, 26 %, 59
2026/10/10 16:19:34.620, 1, 75475 MiB, 100 %, 631.09 W, 1665 MHz, 26 %, 76
2026/10/10 16:19:34.620, 2, 75475 MiB, 100 %, 690.34 W, 1860 MHz, 26 %, 65
2026/10/10 16:19:34.621, 3, 75475 MiB, 100 %, 685.80 W, 1830 MHz, 26 %, 58
2026/10/10 16:19:34.621, 4, 75475 MiB, 100 %, 692.61 W, 1890 MHz, 25 %, 61
2026/10/10 16:19:34.621, 5, 75475 MiB, 100 %, 693.37 W, 1860 MHz, 26 %, 67
2026/10/10 16:19:34.621, 6, 75475 MiB, 100 %, 685.90 W, 1935 MHz, 26 %, 66
2026/10/10 16:19:34.621, 7, 75475 MiB, 100 %, 584.74 W, 1560 MHz, 26 %, 83
2026/10/10 16:19:35.621, 0, 75475 MiB, 100 %, 687.39 W, 1920 MHz, 28 %, 59
2026/10/10 16:19:35.621, 1, 75475 MiB, 100 %, 636.95 W, 1725 MHz, 27 %, 76
2026/10/10 16:19:35.621, 2, 75475 MiB, 100 %, 693.52 W, 1875 MHz, 28 %, 66
2026/10/10 16:19:35.621, 3, 75475 MiB, 100 %, 694.45 W, 1860 MHz, 28 %, 58
2026/10/10 16:19:35.621, 4, 75475 MiB, 100 %, 692.62 W, 1890 MHz, 28 %, 61
2026/10/10 16:19:35.621, 5, 75475 MiB, 100 %, 688.99 W, 1890 MHz, 28 %, 67
2026/10/10 16:19:35.621, 6, 75475 MiB, 100 %, 685.42 W, 1935 MHz, 27 %, 66
2026/10/10 16:19:35.621, 7, 75475 MiB, 100 %, 581.04 W, 1515 MHz, 28 %, 83
2026/10/10 16:19:36.622, 0, 75475 MiB, 100 %, 691.11 W, 1890 MHz, 27 %, 59
2026/10/10 16:19:36.622, 1, 75475 MiB, 100 %, 650.67 W, 1755 MHz, 27 %, 76
2026/10/10 16:19:36.622, 2, 75475 MiB, 100 %, 693.47 W, 1860 MHz, 27 %, 66
2026/10/10 16:19:36.622, 3, 75475 MiB, 100 %, 691.58 W, 1830 MHz, 27 %, 58
2026/10/10 16:19:36.622, 4, 75475 MiB, 100 %, 691.86 W, 1875 MHz, 26 %, 61
2026/10/10 16:19:36.622, 5, 75475 MiB, 100 %, 691.15 W, 1815 MHz, 27 %, 67
2026/10/10 16:19:36.622, 6, 75475 MiB, 100 %, 685.16 W, 1905 MHz, 26 %, 66
2026/10/10 16:19:36.622, 7, 75475 MiB, 100 %, 566.35 W, 1515 MHz, 27 %, 83
2026/10/10 16:19:37.622, 0, 75475 MiB, 100 %, 683.24 W, 1950 MHz, 26 %, 59
2026/10/10 16:19:37.622, 1, 75475 MiB, 100 %, 647.02 W, 1800 MHz, 26 %, 78
2026/10/10 16:19:37.622, 2, 75475 MiB, 100 %, 694.10 W, 1905 MHz, 25 %, 66
2026/10/10 16:19:37.623, 3, 75475 MiB, 100 %, 692.09 W, 1965 MHz, 25 %, 58
2026/10/10 16:19:37.623, 4, 75475 MiB, 100 %, 686.96 W, 1845 MHz, 25 %, 61
2026/10/10 16:19:37.623, 5, 75475 MiB, 100 %, 688.33 W, 1905 MHz, 25 %, 67
2026/10/10 16:19:37.623, 6, 75475 MiB, 100 %, 682.76 W, 1920 MHz, 24 %, 66
2026/10/10 16:19:37.623, 7, 75475 MiB, 100 %, 568.57 W, 1575 MHz, 26 %, 83
2026/10/10 16:19:38.623, 0, 75475 MiB, 100 %, 691.13 W, 1965 MHz, 26 %, 60
2026/10/10 16:19:38.623, 1, 75475 MiB, 100 %, 650.41 W, 1725 MHz, 26 %, 76
2026/10/10 16:19:38.623, 2, 75475 MiB, 100 %, 689.18 W, 1860 MHz, 26 %, 66
2026/10/10 16:19:38.623, 3, 75475 MiB, 100 %, 696.60 W, 1905 MHz, 26 %, 59
2026/10/10 16:19:38.623, 4, 75475 MiB, 100 %, 694.14 W, 1815 MHz, 26 %, 61
2026/10/10 16:19:38.623, 5, 75475 MiB, 100 %, 691.03 W, 1905 MHz, 26 %, 67
2026/10/10 16:19:38.623, 6, 75475 MiB, 100 %, 686.29 W, 1965 MHz, 26 %, 65
2026/10/10 16:19:38.623, 7, 75475 MiB, 100 %, 567.93 W, 1500 MHz, 26 %, 83
2026/10/10 16:19:39.624, 0, 75475 MiB, 100 %, 693.29 W, 1935 MHz, 26 %, 59
2026/10/10 16:19:39.624, 1, 75475 MiB, 100 %, 645.16 W, 1710 MHz, 27 %, 77
2026/10/10 16:19:39.624, 2, 75475 MiB, 100 %, 687.70 W, 1845 MHz, 26 %, 66
2026/10/10 16:19:39.624, 3, 75475 MiB, 100 %, 690.77 W, 1860 MHz, 26 %, 59
2026/10/10 16:19:39.624, 4, 75475 MiB, 100 %, 688.45 W, 1875 MHz, 26 %, 61
2026/10/10 16:19:39.624, 5, 75475 MiB, 100 %, 687.78 W, 1845 MHz, 27 %, 67
2026/10/10 16:19:39.624, 6, 75475 MiB, 100 %, 687.70 W, 1950 MHz, 26 %, 66
2026/10/10 16:19:39.624, 7, 75475 MiB, 100 %, 563.85 W, 1515 MHz, 27 %, 83
2026/10/10 16:19:40.624, 0, 75475 MiB, 100 %, 683.89 W, 1950 MHz, 26 %, 59
2026/10/10 16:19:40.624, 1, 75475 MiB, 100 %, 641.62 W, 1695 MHz, 25 %, 76
2026/10/10 16:19:40.625, 2, 75475 MiB, 100 %, 691.83 W, 1935 MHz, 25 %, 66
2026/10/10 16:19:40.625, 3, 75475 MiB, 100 %, 688.78 W, 1845 MHz, 25 %, 58
2026/10/10 16:19:40.625, 4, 75475 MiB, 100 %, 693.74 W, 1860 MHz, 25 %, 61
2026/10/10 16:19:40.625, 5, 75475 MiB, 100 %, 691.91 W, 1860 MHz, 25 %, 67
2026/10/10 16:19:40.625, 6, 75475 MiB, 100 %, 682.96 W, 1965 MHz, 25 %, 66
2026/10/10 16:19:40.625, 7, 75475 MiB, 100 %, 558.72 W, 1485 MHz, 25 %, 83
2026/10/10 16:19:41.625, 0, 75475 MiB, 100 %, 688.21 W, 1845 MHz, 26 %, 59
2026/10/10 16:19:41.625, 1, 75475 MiB, 100 %, 637.21 W, 1740 MHz, 27 %, 76
2026/10/10 16:19:41.625, 2, 75475 MiB, 100 %, 700.23 W, 1860 MHz, 27 %, 67
2026/10/10 16:19:41.625, 3, 75475 MiB, 100 %, 697.43 W, 1875 MHz, 27 %, 58
2026/10/10 16:19:41.625, 4, 75475 MiB, 100 %, 695.67 W, 1860 MHz, 27 %, 61
2026/10/10 16:19:41.625, 5, 75475 MiB, 100 %, 690.99 W, 1860 MHz, 27 %, 67
2026/10/10 16:19:41.625, 6, 75475 MiB, 100 %, 686.78 W, 1950 MHz, 27 %, 65
2026/10/10 16:19:41.625, 7, 75475 MiB, 100 %, 553.77 W, 1530 MHz, 27 %, 83
2026/10/10 16:19:42.626, 0, 75475 MiB, 100 %, 686.30 W, 1920 MHz, 27 %, 59
2026/10/10 16:19:42.626, 1, 75475 MiB, 100 %, 652.03 W, 1665 MHz, 27 %, 77
2026/10/10 16:19:42.626, 2, 75475 MiB, 100 %, 693.23 W, 1845 MHz, 27 %, 66
2026/10/10 16:19:42.626, 3, 75475 MiB, 100 %, 685.97 W, 1830 MHz, 27 %, 58
2026/10/10 16:19:42.626, 4, 75475 MiB, 100 %, 694.84 W, 1815 MHz, 27 %, 61
2026/10/10 16:19:42.626, 5, 75475 MiB, 100 %, 693.77 W, 1785 MHz, 27 %, 68
2026/10/10 16:19:42.626, 6, 75475 MiB, 100 %, 687.15 W, 1935 MHz, 26 %, 66
2026/10/10 16:19:42.626, 7, 75475 MiB, 100 %, 572.89 W, 1545 MHz, 27 %, 83
2026/10/10 16:19:43.626, 0, 75475 MiB, 100 %, 690.75 W, 1845 MHz, 26 %, 59
2026/10/10 16:19:43.626, 1, 75475 MiB, 100 %, 634.40 W, 1665 MHz, 26 %, 76
2026/10/10 16:19:43.626, 2, 75475 MiB, 100 %, 690.62 W, 1800 MHz, 26 %, 66
2026/10/10 16:19:43.627, 3, 75475 MiB, 100 %, 694.74 W, 1830 MHz, 26 %, 58
2026/10/10 16:19:43.627, 4, 75475 MiB, 100 %, 690.15 W, 1815 MHz, 26 %, 61
2026/10/10 16:19:43.627, 5, 75475 MiB, 100 %, 690.44 W, 1860 MHz, 26 %, 68
2026/10/10 16:19:43.627, 6, 75475 MiB, 100 %, 689.22 W, 1935 MHz, 26 %, 66
2026/10/10 16:19:43.627, 7, 75475 MiB, 100 %, 583.30 W, 1500 MHz, 26 %, 83
2026/10/10 16:19:44.627, 0, 75475 MiB, 100 %, 685.47 W, 1935 MHz, 24 %, 60
2026/10/10 16:19:44.627, 1, 75475 MiB, 100 %, 646.00 W, 1725 MHz, 25 %, 77
2026/10/10 16:19:44.627, 2, 75475 MiB, 100 %, 692.69 W, 1800 MHz, 25 %, 66
2026/10/10 16:19:44.627, 3, 75475 MiB, 100 %, 688.24 W, 1860 MHz, 24 %, 58
2026/10/10 16:19:44.627, 4, 75475 MiB, 100 %, 695.31 W, 1815 MHz, 25 %, 61
2026/10/10 16:19:44.627, 5, 75475 MiB, 100 %, 691.93 W, 1830 MHz, 25 %, 68
2026/10/10 16:19:44.627, 6, 75475 MiB, 100 %, 688.73 W, 1965 MHz, 25 %, 65
2026/10/10 16:19:44.627, 7, 75475 MiB, 100 %, 557.68 W, 1530 MHz, 25 %, 83
2026/10/10 16:19:45.628, 0, 75475 MiB, 100 %, 688.62 W, 1920 MHz, 27 %, 59
2026/10/10 16:19:45.628, 1, 75475 MiB, 100 %, 654.50 W, 1710 MHz, 27 %, 76
2026/10/10 16:19:45.628, 2, 75475 MiB, 100 %, 688.13 W, 1875 MHz, 27 %, 66
2026/10/10 16:19:45.628, 3, 75475 MiB, 100 %, 694.13 W, 1845 MHz, 27 %, 59
2026/10/10 16:19:45.628, 4, 75475 MiB, 100 %, 688.79 W, 1815 MHz, 27 %, 61
2026/10/10 16:19:45.628, 5, 75475 MiB, 100 %, 689.43 W, 1830 MHz, 27 %, 67
2026/10/10 16:19:45.628, 6, 75475 MiB, 100 %, 688.60 W, 1965 MHz, 27 %, 66
2026/10/10 16:19:45.628, 7, 75475 MiB, 100 %, 565.30 W, 1575 MHz, 27 %, 83
2026/10/10 16:19:46.628, 0, 75475 MiB, 100 %, 689.79 W, 1890 MHz, 26 %, 59
2026/10/10 16:19:46.628, 1, 75475 MiB, 100 %, 651.76 W, 1725 MHz, 26 %, 77
2026/10/10 16:19:46.629, 2, 75475 MiB, 100 %, 689.52 W, 1890 MHz, 25 %, 67
2026/10/10 16:19:46.629, 3, 75475 MiB, 100 %, 694.84 W, 1830 MHz, 25 %, 58
2026/10/10 16:19:46.629, 4, 75475 MiB, 100 %, 690.32 W, 1815 MHz, 26 %, 61
2026/10/10 16:19:46.629, 5, 75475 MiB, 100 %, 683.48 W, 1845 MHz, 26 %, 67
2026/10/10 16:19:46.629, 6, 75475 MiB, 100 %, 682.42 W, 1965 MHz, 25 %, 65
2026/10/10 16:19:46.629, 7, 75475 MiB, 100 %, 550.03 W, 1530 MHz, 26 %, 83
2026/10/10 16:19:47.629, 0, 75475 MiB, 100 %, 685.22 W, 1905 MHz, 25 %, 60
2026/10/10 16:19:47.629, 1, 75475 MiB, 100 %, 636.74 W, 1590 MHz, 25 %, 75
2026/10/10 16:19:47.629, 2, 75475 MiB, 100 %, 691.45 W, 1920 MHz, 26 %, 65
2026/10/10 16:19:47.629, 3, 75475 MiB, 100 %, 688.97 W, 1920 MHz, 25 %, 59
2026/10/10 16:19:47.629, 4, 75475 MiB, 100 %, 685.83 W, 1845 MHz, 25 %, 60
2026/10/10 16:19:47.629, 5, 75475 MiB, 100 %, 693.99 W, 1875 MHz, 26 %, 68
2026/10/10 16:19:47.629, 6, 75475 MiB, 100 %, 687.22 W, 1860 MHz, 26 %, 66
2026/10/10 16:19:47.629, 7, 75475 MiB, 100 %, 571.33 W, 1560 MHz, 26 %, 83
2026/10/10 16:19:48.630, 0, 75475 MiB, 100 %, 548.23 W, 1980 MHz, 36 %, 52
2026/10/10 16:19:48.630, 1, 75475 MiB, 100 %, 553.25 W, 1980 MHz, 36 %, 72
2026/10/10 16:19:48.630, 2, 75475 MiB, 100 %, 548.50 W, 1980 MHz, 36 %, 59
2026/10/10 16:19:48.630, 3, 75475 MiB, 100 %, 542.71 W, 1980 MHz, 36 %, 51
2026/10/10 16:19:48.630, 4, 75475 MiB, 100 %, 528.51 W, 1980 MHz, 36 %, 53
2026/10/10 16:19:48.630, 5, 75475 MiB, 100 %, 547.14 W, 1980 MHz, 36 %, 60
2026/10/10 16:19:48.630, 6, 75475 MiB, 100 %, 525.04 W, 1980 MHz, 36 %, 57
2026/10/10 16:19:48.630, 7, 75475 MiB, 100 %, 525.36 W, 1980 MHz, 36 %, 81
2026/10/10 16:19:49.630, 0, 75475 MiB, 100 %, 481.06 W, 1980 MHz, 36 %, 51
2026/10/10 16:19:49.630, 1, 75475 MiB, 100 %, 504.28 W, 1980 MHz, 36 %, 71
2026/10/10 16:19:49.631, 2, 75475 MiB, 100 %, 496.07 W, 1980 MHz, 36 %, 58
2026/10/10 16:19:49.631, 3, 75475 MiB, 100 %, 480.95 W, 1980 MHz, 36 %, 50
2026/10/10 16:19:49.631, 4, 75475 MiB, 100 %, 479.65 W, 1980 MHz, 36 %, 52
2026/10/10 16:19:49.631, 5, 75475 MiB, 100 %, 494.17 W, 1980 MHz, 36 %, 59
2026/10/10 16:19:49.631, 6, 75475 MiB, 100 %, 474.06 W, 1980 MHz, 36 %, 56
2026/10/10 16:19:49.631, 7, 75475 MiB, 100 %, 524.71 W, 1980 MHz, 35 %, 81
2026/10/10 16:19:50.631, 0, 75475 MiB, 100 %, 489.47 W, 1980 MHz, 37 %, 51
2026/10/10 16:19:50.631, 1, 75475 MiB, 100 %, 513.03 W, 1980 MHz, 36 %, 71
2026/10/10 16:19:50.631, 2, 75475 MiB, 100 %, 495.85 W, 1980 MHz, 36 %, 58
2026/10/10 16:19:50.631, 3, 75475 MiB, 100 %, 484.62 W, 1980 MHz, 36 %, 49
2026/10/10 16:19:50.631, 4, 75475 MiB, 100 %, 476.59 W, 1980 MHz, 36 %, 51
2026/10/10 16:19:50.631, 5, 75475 MiB, 100 %, 498.77 W, 1980 MHz, 36 %, 58
2026/10/10 16:19:50.631, 6, 75475 MiB, 100 %, 478.83 W, 1980 MHz, 36 %, 56
2026/10/10 16:19:50.632, 7, 75475 MiB, 100 %, 515.97 W, 1980 MHz, 36 %, 80
2026/10/10 16:19:51.632, 0, 75475 MiB, 100 %, 489.04 W, 1980 MHz, 37 %, 50
2026/10/10 16:19:51.632, 1, 75475 MiB, 100 %, 511.35 W, 1980 MHz, 36 %, 71
2026/10/10 16:19:51.632, 2, 75475 MiB, 100 %, 498.06 W, 1980 MHz, 36 %, 58
2026/10/10 16:19:51.632, 3, 75475 MiB, 100 %, 485.75 W, 1980 MHz, 36 %, 49
2026/10/10 16:19:51.632, 4, 75475 MiB, 100 %, 475.13 W, 1980 MHz, 36 %, 51
2026/10/10 16:19:51.632, 5, 75475 MiB, 100 %, 495.43 W, 1980 MHz, 36 %, 58
2026/10/10 16:19:51.632, 6, 75475 MiB, 100 %, 481.47 W, 1980 MHz, 36 %, 55
2026/10/10 16:19:51.632, 7, 75475 MiB, 100 %, 517.62 W, 1980 MHz, 36 %, 80
2026/10/10 16:19:52.632, 0, 75475 MiB, 100 %, 489.38 W, 1980 MHz, 37 %, 50
2026/10/10 16:19:52.633, 1, 75475 MiB, 100 %, 509.75 W, 1980 MHz, 36 %, 71
2026/10/10 16:19:52.633, 2, 75475 MiB, 100 %, 494.44 W, 1980 MHz, 36 %, 57
2026/10/10 16:19:52.633, 3, 75475 MiB, 100 %, 486.44 W, 1980 MHz, 36 %, 49
2026/10/10 16:19:52.633, 4, 75475 MiB, 100 %, 476.83 W, 1980 MHz, 36 %, 50
2026/10/10 16:19:52.633, 5, 75475 MiB, 100 %, 488.57 W, 1980 MHz, 37 %, 58
2026/10/10 16:19:52.633, 6, 75475 MiB, 100 %, 482.63 W, 1980 MHz, 36 %, 55
2026/10/10 16:19:52.633, 7, 75475 MiB, 100 %, 519.92 W, 1980 MHz, 36 %, 80
2026/10/10 16:19:53.633, 0, 75475 MiB, 100 %, 488.32 W, 1980 MHz, 36 %, 50
2026/10/10 16:19:53.633, 1, 75475 MiB, 100 %, 512.90 W, 1980 MHz, 36 %, 70
2026/10/10 16:19:53.633, 2, 75475 MiB, 100 %, 495.07 W, 1980 MHz, 37 %, 57
2026/10/10 16:19:53.633, 3, 75475 MiB, 100 %, 488.94 W, 1980 MHz, 37 %, 49
2026/10/10 16:19:53.633, 4, 75475 MiB, 100 %, 482.67 W, 1980 MHz, 37 %, 50
2026/10/10 16:19:53.633, 5, 75475 MiB, 100 %, 494.04 W, 1980 MHz, 37 %, 58
2026/10/10 16:19:53.633, 6, 75475 MiB, 100 %, 483.58 W, 1980 MHz, 37 %, 55
2026/10/10 16:19:53.634, 7, 75475 MiB, 100 %, 521.82 W, 1980 MHz, 37 %, 80
2026/10/10 16:19:54.634, 0, 75475 MiB, 100 %, 490.62 W, 1980 MHz, 37 %, 50
2026/10/10 16:19:54.634, 1, 75475 MiB, 100 %, 509.78 W, 1980 MHz, 36 %, 70
2026/10/10 16:19:54.634, 2, 75475 MiB, 100 %, 493.85 W, 1980 MHz, 37 %, 57
2026/10/10 16:19:54.634, 3, 75475 MiB, 100 %, 490.30 W, 1980 MHz, 37 %, 48
2026/10/10 16:19:54.634, 4, 75475 MiB, 100 %, 476.82 W, 1980 MHz, 36 %, 50
2026/10/10 16:19:54.634, 5, 75475 MiB, 100 %, 496.72 W, 1980 MHz, 37 %, 58
2026/10/10 16:19:54.634, 6, 75475 MiB, 100 %, 481.15 W, 1980 MHz, 37 %, 55
2026/10/10 16:19:54.634, 7, 75475 MiB, 100 %, 519.86 W, 1980 MHz, 37 %, 80
2026/10/10 16:19:55.634, 0, 75475 MiB, 100 %, 485.55 W, 1980 MHz, 37 %, 50
2026/10/10 16:19:55.635, 1, 75475 MiB, 100 %, 508.30 W, 1980 MHz, 36 %, 70
2026/10/10 16:19:55.635, 2, 75475 MiB, 100 %, 500.27 W, 1980 MHz, 37 %, 57
2026/10/10 16:19:55.635, 3, 75475 MiB, 100 %, 483.65 W, 1980 MHz, 37 %, 48
2026/10/10 16:19:55.635, 4, 75475 MiB, 100 %, 481.41 W, 1980 MHz, 37 %, 50
2026/10/10 16:19:55.635, 5, 75475 MiB, 100 %, 501.62 W, 1980 MHz, 37 %, 57
2026/10/10 16:19:55.635, 6, 75475 MiB, 100 %, 483.78 W, 1980 MHz, 37 %, 55
2026/10/10 16:19:55.635, 7, 75475 MiB, 100 %, 518.83 W, 1980 MHz, 37 %, 80
2026/10/10 16:19:56.635, 0, 75475 MiB, 100 %, 486.12 W, 1980 MHz, 37 %, 50
2026/10/10 16:19:56.635, 1, 75475 MiB, 100 %, 513.35 W, 1980 MHz, 36 %, 70
2026/10/10 16:19:56.635, 2, 75475 MiB, 100 %, 494.21 W, 1980 MHz, 37 %, 57
2026/10/10 16:19:56.635, 3, 75475 MiB, 100 %, 483.00 W, 1980 MHz, 37 %, 48
2026/10/10 16:19:56.635, 4, 75475 MiB, 100 %, 477.26 W, 1980 MHz, 37 %, 50
2026/10/10 16:19:56.635, 5, 75475 MiB, 100 %, 501.26 W, 1980 MHz, 37 %, 57
2026/10/10 16:19:56.636, 6, 75475 MiB, 100 %, 484.64 W, 1980 MHz, 36 %, 54
2026/10/10 16:19:56.636, 7, 75475 MiB, 100 %, 519.70 W, 1980 MHz, 36 %, 80
2026/10/10 16:19:57.636, 0, 75475 MiB, 100 %, 483.67 W, 1980 MHz, 37 %, 49
2026/10/10 16:19:57.636, 1, 75475 MiB, 100 %, 511.07 W, 1980 MHz, 36 %, 70
2026/10/10 16:19:57.636, 2, 75475 MiB, 100 %, 492.17 W, 1980 MHz, 37 %, 56
2026/10/10 16:19:57.636, 3, 75475 MiB, 100 %, 490.74 W, 1980 MHz, 37 %, 48
2026/10/10 16:19:57.636, 4, 75475 MiB, 100 %, 481.08 W, 1980 MHz, 37 %, 50
2026/10/10 16:19:57.636, 5, 75475 MiB, 100 %, 505.44 W, 1980 MHz, 37 %, 57
2026/10/10 16:19:57.636, 6, 75475 MiB, 100 %, 480.92 W, 1980 MHz, 37 %, 54
2026/10/10 16:19:57.636, 7, 75475 MiB, 100 %, 523.09 W, 1980 MHz, 36 %, 80
2026/10/10 16:19:58.636, 0, 75475 MiB, 100 %, 488.51 W, 1980 MHz, 37 %, 49
2026/10/10 16:19:58.637, 1, 75475 MiB, 100 %, 509.89 W, 1980 MHz, 36 %, 70
2026/10/10 16:19:58.637, 2, 75475 MiB, 100 %, 498.92 W, 1980 MHz, 37 %, 56
2026/10/10 16:19:58.637, 3, 75475 MiB, 100 %, 485.01 W, 1980 MHz, 36 %, 48
2026/10/10 16:19:58.637, 4, 75475 MiB, 100 %, 480.23 W, 1980 MHz, 37 %, 49
2026/10/10 16:19:58.637, 5, 75475 MiB, 100 %, 500.81 W, 1980 MHz, 37 %, 57
2026/10/10 16:19:58.637, 6, 75475 MiB, 100 %, 479.83 W, 1980 MHz, 36 %, 54
2026/10/10 16:19:58.637, 7, 75475 MiB, 100 %, 522.28 W, 1980 MHz, 36 %, 80
2026/10/10 16:19:59.637, 0, 75475 MiB, 100 %, 488.11 W, 1980 MHz, 36 %, 49
2026/10/10 16:19:59.637, 1, 75475 MiB, 100 %, 508.93 W, 1980 MHz, 36 %, 70
2026/10/10 16:19:59.637, 2, 75475 MiB, 100 %, 492.64 W, 1980 MHz, 37 %, 56
2026/10/10 16:19:59.637, 3, 75475 MiB, 100 %, 487.79 W, 1980 MHz, 36 %, 48
2026/10/10 16:19:59.637, 4, 75475 MiB, 100 %, 476.64 W, 1980 MHz, 36 %, 49
2026/10/10 16:19:59.637, 5, 75475 MiB, 100 %, 504.19 W, 1980 MHz, 36 %, 57
2026/10/10 16:19:59.637, 6, 75475 MiB, 100 %, 477.72 W, 1980 MHz, 37 %, 54
2026/10/10 16:19:59.637, 7, 75475 MiB, 100 %, 519.21 W, 1980 MHz, 36 %, 80
2026/10/10 16:20:00.638, 0, 75475 MiB, 100 %, 485.43 W, 1980 MHz, 37 %, 49
2026/10/10 16:20:00.638, 1, 75475 MiB, 100 %, 507.15 W, 1980 MHz, 36 %, 70
2026/10/10 16:20:00.638, 2, 75475 MiB, 100 %, 490.84 W, 1980 MHz, 36 %, 56
2026/10/10 16:20:00.638, 3, 75475 MiB, 100 %, 496.63 W, 1980 MHz, 36 %, 48
2026/10/10 16:20:00.638, 4, 75475 MiB, 100 %, 476.67 W, 1980 MHz, 36 %, 49
2026/10/10 16:20:00.638, 5, 75475 MiB, 100 %, 489.21 W, 1980 MHz, 36 %, 57
2026/10/10 16:20:00.638, 6, 75475 MiB, 100 %, 479.91 W, 1980 MHz, 36 %, 54
2026/10/10 16:20:00.638, 7, 75475 MiB, 100 %, 518.80 W, 1980 MHz, 36 %, 80
2026/10/10 16:20:01.638, 0, 75475 MiB, 100 %, 484.93 W, 1980 MHz, 36 %, 49
2026/10/10 16:20:01.638, 1, 75475 MiB, 100 %, 509.21 W, 1980 MHz, 36 %, 70
2026/10/10 16:20:01.638, 2, 75475 MiB, 100 %, 493.40 W, 1980 MHz, 36 %, 56
2026/10/10 16:20:01.639, 3, 75475 MiB, 100 %, 480.00 W, 1980 MHz, 36 %, 48
2026/10/10 16:20:01.639, 4, 75475 MiB, 100 %, 479.71 W, 1980 MHz, 36 %, 49
2026/10/10 16:20:01.639, 5, 75475 MiB, 100 %, 503.11 W, 1980 MHz, 36 %, 57
2026/10/10 16:20:01.639, 6, 75475 MiB, 100 %, 481.02 W, 1980 MHz, 37 %, 54
2026/10/10 16:20:01.639, 7, 75475 MiB, 100 %, 516.47 W, 1980 MHz, 37 %, 80
2026/10/10 16:20:02.639, 0, 75475 MiB, 100 %, 487.24 W, 1980 MHz, 37 %, 49
2026/10/10 16:20:02.639, 1, 75475 MiB, 100 %, 507.09 W, 1980 MHz, 36 %, 70
2026/10/10 16:20:02.639, 2, 75475 MiB, 100 %, 491.26 W, 1980 MHz, 37 %, 56
2026/10/10 16:20:02.639, 3, 75475 MiB, 100 %, 479.34 W, 1980 MHz, 36 %, 47
2026/10/10 16:20:02.639, 4, 75475 MiB, 100 %, 473.99 W, 1980 MHz, 36 %, 49
2026/10/10 16:20:02.639, 5, 75475 MiB, 100 %, 502.41 W, 1980 MHz, 36 %, 56
2026/10/10 16:20:02.639, 6, 75475 MiB, 100 %, 482.16 W, 1980 MHz, 36 %, 54
2026/10/10 16:20:02.639, 7, 75475 MiB, 100 %, 516.95 W, 1980 MHz, 36 %, 80
2026/10/10 16:20:03.640, 0, 75475 MiB, 100 %, 486.22 W, 1980 MHz, 37 %, 49
2026/10/10 16:20:03.640, 1, 75475 MiB, 100 %, 502.97 W, 1980 MHz, 36 %, 70
2026/10/10 16:20:03.640, 2, 75475 MiB, 100 %, 490.25 W, 1980 MHz, 37 %, 56
2026/10/10 16:20:03.640, 3, 75475 MiB, 100 %, 482.13 W, 1980 MHz, 36 %, 47
2026/10/10 16:20:03.640, 4, 75475 MiB, 100 %, 478.36 W, 1980 MHz, 36 %, 49
2026/10/10 16:20:03.640, 5, 75475 MiB, 100 %, 492.06 W, 1980 MHz, 36 %, 56
2026/10/10 16:20:03.640, 6, 75475 MiB, 100 %, 479.44 W, 1980 MHz, 36 %, 54
2026/10/10 16:20:03.640, 7, 75475 MiB, 100 %, 524.46 W, 1980 MHz, 36 %, 80
2026/10/10 16:20:04.640, 0, 75475 MiB, 100 %, 488.15 W, 1980 MHz, 36 %, 49
2026/10/10 16:20:04.640, 1, 75475 MiB, 100 %, 506.46 W, 1980 MHz, 36 %, 70
2026/10/10 16:20:04.641, 2, 75475 MiB, 100 %, 490.76 W, 1980 MHz, 37 %, 55
2026/10/10 16:20:04.641, 3, 75475 MiB, 100 %, 481.16 W, 1980 MHz, 36 %, 47
2026/10/10 16:20:04.641, 4, 75475 MiB, 100 %, 473.14 W, 1980 MHz, 36 %, 49
2026/10/10 16:20:04.641, 5, 75475 MiB, 100 %, 492.83 W, 1980 MHz, 36 %, 56
2026/10/10 16:20:04.641, 6, 75475 MiB, 100 %, 482.03 W, 1980 MHz, 36 %, 53
2026/10/10 16:20:04.641, 7, 75475 MiB, 100 %, 520.44 W, 1980 MHz, 36 %, 80
2026/10/10 16:20:05.641, 0, 75475 MiB, 100 %, 483.47 W, 1980 MHz, 36 %, 49
2026/10/10 16:20:05.641, 1, 75475 MiB, 100 %, 509.62 W, 1980 MHz, 36 %, 70
2026/10/10 16:20:05.641, 2, 75475 MiB, 100 %, 493.21 W, 1980 MHz, 37 %, 55
2026/10/10 16:20:05.641, 3, 75475 MiB, 100 %, 485.27 W, 1980 MHz, 36 %, 47
2026/10/10 16:20:05.641, 4, 75475 MiB, 100 %, 477.85 W, 1980 MHz, 36 %, 49
2026/10/10 16:20:05.641, 5, 75475 MiB, 100 %, 496.42 W, 1980 MHz, 36 %, 56
2026/10/10 16:20:05.641, 6, 75475 MiB, 100 %, 479.61 W, 1980 MHz, 36 %, 53
2026/10/10 16:20:05.641, 7, 75475 MiB, 100 %, 518.56 W, 1980 MHz, 36 %, 80
2026/10/10 16:20:06.642, 0, 75475 MiB, 100 %, 486.27 W, 1980 MHz, 37 %, 49
2026/10/10 16:20:06.642, 1, 75475 MiB, 100 %, 503.36 W, 1980 MHz, 36 %, 69
2026/10/10 16:20:06.642, 2, 75475 MiB, 100 %, 491.98 W, 1980 MHz, 36 %, 55
2026/10/10 16:20:06.642, 3, 75475 MiB, 100 %, 488.79 W, 1980 MHz, 36 %, 47
2026/10/10 16:20:06.642, 4, 75475 MiB, 100 %, 477.98 W, 1980 MHz, 36 %, 48
2026/10/10 16:20:06.642, 5, 75475 MiB, 100 %, 502.27 W, 1980 MHz, 37 %, 56
2026/10/10 16:20:06.642, 6, 75475 MiB, 100 %, 478.49 W, 1980 MHz, 36 %, 53
2026/10/10 16:20:06.642, 7, 75475 MiB, 100 %, 513.80 W, 1980 MHz, 36 %, 80
2026/10/10 16:20:07.642, 0, 75475 MiB, 100 %, 482.14 W, 1980 MHz, 36 %, 48
2026/10/10 16:20:07.642, 1, 75475 MiB, 100 %, 509.57 W, 1980 MHz, 36 %, 69
2026/10/10 16:20:07.642, 2, 75475 MiB, 100 %, 490.90 W, 1980 MHz, 37 %, 55
2026/10/10 16:20:07.643, 3, 75475 MiB, 100 %, 481.72 W, 1980 MHz, 36 %, 47
2026/10/10 16:20:07.643, 4, 75475 MiB, 100 %, 479.35 W, 1980 MHz, 36 %, 48
2026/10/10 16:20:07.643, 5, 75475 MiB, 100 %, 495.11 W, 1980 MHz, 37 %, 56
2026/10/10 16:20:07.643, 6, 75475 MiB, 100 %, 485.52 W, 1980 MHz, 37 %, 53
2026/10/10 16:20:07.643, 7, 75475 MiB, 100 %, 523.36 W, 1980 MHz, 36 %, 80
2026/10/10 16:20:08.643, 0, 75475 MiB, 100 %, 482.39 W, 1980 MHz, 36 %, 48
2026/10/10 16:20:08.643, 1, 75475 MiB, 100 %, 509.03 W, 1980 MHz, 36 %, 69
2026/10/10 16:20:08.643, 2, 75475 MiB, 100 %, 489.07 W, 1980 MHz, 36 %, 55
2026/10/10 16:20:08.643, 3, 75475 MiB, 100 %, 486.82 W, 1980 MHz, 37 %, 47
2026/10/10 16:20:08.643, 4, 75475 MiB, 100 %, 474.22 W, 1980 MHz, 36 %, 48
2026/10/10 16:20:08.643, 5, 75475 MiB, 100 %, 500.59 W, 1980 MHz, 37 %, 56
2026/10/10 16:20:08.643, 6, 75475 MiB, 100 %, 483.53 W, 1980 MHz, 36 %, 53
2026/10/10 16:20:08.643, 7, 75475 MiB, 100 %, 525.29 W, 1980 MHz, 36 %, 80
2026/10/10 16:20:09.644, 0, 75475 MiB, 100 %, 483.93 W, 1980 MHz, 37 %, 48
2026/10/10 16:20:09.644, 1, 75475 MiB, 100 %, 507.95 W, 1980 MHz, 36 %, 69
2026/10/10 16:20:09.644, 2, 75475 MiB, 100 %, 489.88 W, 1980 MHz, 36 %, 55
2026/10/10 16:20:09.644, 3, 75475 MiB, 100 %, 487.68 W, 1980 MHz, 37 %, 47
2026/10/10 16:20:09.644, 4, 75475 MiB, 100 %, 473.38 W, 1980 MHz, 36 %, 48
2026/10/10 16:20:09.644, 5, 75475 MiB, 100 %, 504.78 W, 1980 MHz, 37 %, 56
2026/10/10 16:20:09.644, 6, 75475 MiB, 100 %, 475.96 W, 1980 MHz, 36 %, 53
2026/10/10 16:20:09.644, 7, 75475 MiB, 100 %, 521.71 W, 1980 MHz, 36 %, 80
2026/10/10 16:20:10.644, 0, 75475 MiB, 100 %, 487.19 W, 1980 MHz, 37 %, 48
2026/10/10 16:20:10.644, 1, 75475 MiB, 100 %, 505.42 W, 1980 MHz, 36 %, 69
2026/10/10 16:20:10.645, 2, 75475 MiB, 100 %, 490.15 W, 1980 MHz, 37 %, 55
2026/10/10 16:20:10.645, 3, 75475 MiB, 100 %, 481.66 W, 1980 MHz, 36 %, 47
2026/10/10 16:20:10.645, 4, 75475 MiB, 100 %, 472.94 W, 1980 MHz, 36 %, 48
2026/10/10 16:20:10.645, 5, 75475 MiB, 100 %, 501.43 W, 1980 MHz, 37 %, 56
2026/10/10 16:20:10.645, 6, 75475 MiB, 100 %, 480.63 W, 1980 MHz, 36 %, 53
2026/10/10 16:20:10.645, 7, 75475 MiB, 100 %, 516.70 W, 1980 MHz, 36 %, 80
2026/10/10 16:20:11.645, 0, 75475 MiB, 100 %, 489.62 W, 1980 MHz, 37 %, 48
2026/10/10 16:20:11.645, 1, 75475 MiB, 100 %, 505.02 W, 1980 MHz, 36 %, 69
2026/10/10 16:20:11.645, 2, 75475 MiB, 100 %, 490.53 W, 1980 MHz, 37 %, 55
2026/10/10 16:20:11.645, 3, 75475 MiB, 100 %, 487.67 W, 1980 MHz, 36 %, 47
2026/10/10 16:20:11.645, 4, 75475 MiB, 100 %, 473.41 W, 1980 MHz, 36 %, 48
2026/10/10 16:20:11.645, 5, 75475 MiB, 100 %, 503.93 W, 1980 MHz, 37 %, 56
2026/10/10 16:20:11.645, 6, 75475 MiB, 100 %, 482.65 W, 1980 MHz, 36 %, 53
2026/10/10 16:20:11.645, 7, 75475 MiB, 100 %, 533.31 W, 1980 MHz, 36 %, 80
2026/10/10 16:20:12.646, 0, 75475 MiB, 100 %, 485.96 W, 1980 MHz, 36 %, 48
2026/10/10 16:20:12.646, 1, 75475 MiB, 100 %, 506.14 W, 1980 MHz, 36 %, 69
2026/10/10 16:20:12.646, 2, 75475 MiB, 100 %, 484.21 W, 1980 MHz, 36 %, 55
2026/10/10 16:20:12.646, 3, 75475 MiB, 100 %, 482.72 W, 1980 MHz, 36 %, 47
2026/10/10 16:20:12.646, 4, 75475 MiB, 100 %, 477.32 W, 1980 MHz, 37 %, 48
2026/10/10 16:20:12.646, 5, 75475 MiB, 100 %, 497.62 W, 1980 MHz, 36 %, 55
2026/10/10 16:20:12.646, 6, 75475 MiB, 100 %, 477.24 W, 1980 MHz, 36 %, 53
2026/10/10 16:20:12.646, 7, 75475 MiB, 100 %, 509.97 W, 1980 MHz, 36 %, 80
2026/10/10 16:20:13.646, 0, 75475 MiB, 100 %, 485.33 W, 1980 MHz, 36 %, 48
2026/10/10 16:20:13.646, 1, 75475 MiB, 100 %, 510.09 W, 1980 MHz, 36 %, 69
2026/10/10 16:20:13.646, 2, 75475 MiB, 100 %, 490.19 W, 1980 MHz, 36 %, 55
2026/10/10 16:20:13.646, 3, 75475 MiB, 100 %, 481.46 W, 1980 MHz, 36 %, 47
2026/10/10 16:20:13.647, 4, 75475 MiB, 100 %, 475.25 W, 1980 MHz, 36 %, 48
2026/10/10 16:20:13.647, 5, 75475 MiB, 100 %, 502.87 W, 1980 MHz, 37 %, 55
2026/10/10 16:20:13.647, 6, 75475 MiB, 100 %, 478.85 W, 1980 MHz, 36 %, 53
2026/10/10 16:20:13.647, 7, 75475 MiB, 100 %, 520.04 W, 1980 MHz, 35 %, 80
2026/10/10 16:20:14.647, 0, 75475 MiB, 100 %, 477.51 W, 1980 MHz, 36 %, 48
2026/10/10 16:20:14.647, 1, 75475 MiB, 100 %, 500.98 W, 1980 MHz, 35 %, 69
2026/10/10 16:20:14.647, 2, 75475 MiB, 100 %, 487.10 W, 1980 MHz, 36 %, 54
2026/10/10 16:20:14.647, 3, 75475 MiB, 100 %, 486.87 W, 1980 MHz, 35 %, 47
2026/10/10 16:20:14.647, 4, 75475 MiB, 100 %, 469.47 W, 1980 MHz, 36 %, 48
2026/10/10 16:20:14.647, 5, 75475 MiB, 100 %, 497.45 W, 1980 MHz, 36 %, 55
2026/10/10 16:20:14.647, 6, 75475 MiB, 100 %, 476.64 W, 1980 MHz, 36 %, 53
2026/10/10 16:20:14.647, 7, 75475 MiB, 100 %, 522.16 W, 1980 MHz, 35 %, 80
2026/10/10 16:20:15.647, 0, 75475 MiB, 100 %, 479.20 W, 1980 MHz, 36 %, 48
2026/10/10 16:20:15.648, 1, 75475 MiB, 100 %, 506.55 W, 1980 MHz, 35 %, 69
2026/10/10 16:20:15.648, 2, 75475 MiB, 100 %, 482.44 W, 1980 MHz, 36 %, 54
2026/10/10 16:20:15.648, 3, 75475 MiB, 100 %, 482.37 W, 1980 MHz, 35 %, 46
2026/10/10 16:20:15.648, 4, 75475 MiB, 100 %, 473.10 W, 1980 MHz, 36 %, 48
2026/10/10 16:20:15.648, 5, 75475 MiB, 100 %, 502.24 W, 1980 MHz, 36 %, 55
2026/10/10 16:20:15.648, 6, 75475 MiB, 100 %, 476.42 W, 1980 MHz, 36 %, 53
2026/10/10 16:20:15.648, 7, 75475 MiB, 100 %, 512.31 W, 1980 MHz, 35 %, 80
2026/10/10 16:20:16.648, 0, 75475 MiB, 100 %, 481.92 W, 1980 MHz, 36 %, 48
2026/10/10 16:20:16.648, 1, 75475 MiB, 100 %, 498.80 W, 1980 MHz, 36 %, 69
2026/10/10 16:20:16.648, 2, 75475 MiB, 100 %, 484.65 W, 1980 MHz, 36 %, 54
2026/10/10 16:20:16.648, 3, 75475 MiB, 100 %, 484.02 W, 1980 MHz, 36 %, 46
2026/10/10 16:20:16.648, 4, 75475 MiB, 100 %, 471.17 W, 1980 MHz, 36 %, 48
2026/10/10 16:20:16.648, 5, 75475 MiB, 100 %, 488.29 W, 1980 MHz, 36 %, 55
2026/10/10 16:20:16.648, 6, 75475 MiB, 100 %, 477.56 W, 1980 MHz, 36 %, 53
2026/10/10 16:20:16.649, 7, 75475 MiB, 100 %, 528.29 W, 1980 MHz, 36 %, 80
2026/10/10 16:20:17.649, 0, 75475 MiB, 100 %, 482.42 W, 1980 MHz, 36 %, 48
2026/10/10 16:20:17.649, 1, 75475 MiB, 100 %, 505.62 W, 1980 MHz, 36 %, 69
2026/10/10 16:20:17.649, 2, 75475 MiB, 100 %, 486.34 W, 1980 MHz, 36 %, 54
2026/10/10 16:20:17.649, 3, 75475 MiB, 100 %, 491.41 W, 1980 MHz, 36 %, 46
2026/10/10 16:20:17.649, 4, 75475 MiB, 100 %, 470.35 W, 1980 MHz, 36 %, 48
2026/10/10 16:20:17.649, 5, 75475 MiB, 100 %, 497.02 W, 1980 MHz, 36 %, 55
2026/10/10 16:20:17.649, 6, 75475 MiB, 100 %, 477.93 W, 1980 MHz, 37 %, 53
2026/10/10 16:20:17.649, 7, 75475 MiB, 100 %, 507.94 W, 1980 MHz, 35 %, 80
2026/10/10 16:20:18.649, 0, 75475 MiB, 100 %, 477.90 W, 1980 MHz, 36 %, 48
2026/10/10 16:20:18.650, 1, 75475 MiB, 100 %, 500.72 W, 1980 MHz, 36 %, 69
2026/10/10 16:20:18.650, 2, 75475 MiB, 100 %, 488.31 W, 1980 MHz, 36 %, 54
2026/10/10 16:20:18.650, 3, 75475 MiB, 100 %, 483.76 W, 1980 MHz, 36 %, 46
2026/10/10 16:20:18.650, 4, 75475 MiB, 100 %, 472.10 W, 1980 MHz, 35 %, 48
2026/10/10 16:20:18.650, 5, 75475 MiB, 100 %, 491.79 W, 1980 MHz, 36 %, 55
2026/10/10 16:20:18.650, 6, 75475 MiB, 100 %, 479.46 W, 1980 MHz, 36 %, 52
2026/10/10 16:20:18.650, 7, 75475 MiB, 100 %, 516.41 W, 1980 MHz, 35 %, 80
2026/10/10 16:20:19.650, 0, 75475 MiB, 100 %, 456.79 W, 1980 MHz, 32 %, 46
2026/10/10 16:20:19.650, 1, 75475 MiB, 100 %, 482.73 W, 1980 MHz, 31 %, 68
2026/10/10 16:20:19.650, 2, 75475 MiB, 100 %, 463.70 W, 1980 MHz, 32 %, 53
2026/10/10 16:20:19.650, 3, 75475 MiB, 100 %, 455.06 W, 1980 MHz, 31 %, 45
2026/10/10 16:20:19.650, 4, 75475 MiB, 100 %, 449.97 W, 1980 MHz, 31 %, 46
2026/10/10 16:20:19.650, 5, 75475 MiB, 100 %, 472.17 W, 1980 MHz, 31 %, 54
2026/10/10 16:20:19.650, 6, 75475 MiB, 100 %, 450.07 W, 1980 MHz, 32 %, 51
2026/10/10 16:20:19.651, 7, 75475 MiB, 100 %, 492.05 W, 1980 MHz, 32 %, 79
