timestamp, index, memory.used [MiB], utilization.gpu [%], power.draw [W], clocks.current.sm [MHz], utilization.memory [%], temperature.gpu
2026/10/10 15:23:02.754, 0, 76045 MiB, 0 %, 124.12 W, 1980 MHz, 0 %, 32
2026/10/10 15:23:02.765, 1, 76045 MiB, 0 %, 137.36 W, 1980 MHz, 0 %, 57
2026/10/10 15:23:02.773, 2, 76045 MiB, 0 %, 124.03 W, 1980 MHz, 0 %, 38
2026/10/10 15:23:02.781, 3, 76045 MiB, 0 %, 119.13 W, 1980 MHz, 0 %, 31
2026/10/10 15:23:02.788, 4, 76045 MiB, 0 %, 115.81 W, 1980 MHz, 0 %, 32
2026/10/10 15:23:02.796, 5, 76045 MiB, 0 %, 121.36 W, 1980 MHz, 0 %, 37
2026/10/10 15:23:02.804, 6, 76045 MiB, 0 %, 114.24 W, 1980 MHz, 0 %, 34
2026/10/10 15:23:02.812, 7, 76045 MiB, 0 %, 143.47 W, 1980 MHz, 0 %, 68
2026/10/10 15:23:03.820, 0, 76045 MiB, 0 %, 123.73 W, 1980 MHz, 0 %, 32
2026/10/10 15:23:03.820, 1, 76045 MiB, 0 %, 136.98 W, 1980 MHz, 0 %, 56
2026/10/10 15:23:03.820, 2, 76045 MiB, 0 %, 123.75 W, 1980 MHz, 0 %, 38
2026/10/10 15:23:03.820, 3, 76045 MiB, 0 %, 118.69 W, 1980 MHz, 0 %, 31
2026/10/10 15:23:03.820, 4, 76045 MiB, 0 %, 115.47 W, 1980 MHz, 0 %, 31
2026/10/10 15:23:03.821, 5, 76045 MiB, 0 %, 120.86 W, 1980 MHz, 0 %, 36
2026/10/10 15:23:03.821, 6, 76045 MiB, 0 %, 113.95 W, 1980 MHz, 0 %, 34
2026/10/10 15:23:03.821, 7, 76045 MiB, 0 %, 142.78 W, 1980 MHz, 0 %, 68
2026/10/10 15:23:04.821, 0, 76045 MiB, 0 %, 123.43 W, 1980 MHz, 0 %, 31
2026/10/10 15:23:04.821, 1, 76045 MiB, 0 %, 136.74 W, 1980 MHz, 0 %, 56
2026/10/10 15:23:04.821, 2, 76045 MiB, 0 %, 123.52 W, 1980 MHz, 0 %, 37
2026/10/10 15:23:04.821, 3, 76045 MiB, 0 %, 118.43 W, 1980 MHz, 0 %, 30
2026/10/10 15:23:04.821, 4, 76045 MiB, 0 %, 115.24 W, 1980 MHz, 0 %, 31
2026/10/10 15:23:04.821, 5, 76045 MiB, 0 %, 120.58 W, 1980 MHz, 0 %, 36
2026/10/10 15:23:04.821, 6, 76045 MiB, 0 %, 113.67 W, 1980 MHz, 0 %, 33
2026/10/10 15:23:04.821, 7, 76045 MiB, 0 %, 142.36 W, 1980 MHz, 0 %, 67
2026/10/10 15:23:05.822, 0, 76045 MiB, 0 %, 123.20 W, 1980 MHz, 0 %, 31
2026/10/10 15:23:05.822, 1, 76045 MiB, 0 %, 136.46 W, 1980 MHz, 0 %, 56
2026/10/10 15:23:05.822, 2, 76045 MiB, 0 %, 123.25 W, 1980 MHz, 0 %, 37
2026/10/10 15:23:05.822, 3, 76045 MiB, 0 %, 118.27 W, 1980 MHz, 0 %, 30
2026/10/10 15:23:05.822, 4, 76045 MiB, 0 %, 115.03 W, 1980 MHz, 0 %, 30
2026/10/10 15:23:05.822, 5, 76045 MiB, 0 %, 120.24 W, 1980 MHz, 0 %, 35
2026/10/10 15:23:05.822, 6, 76045 MiB, 0 %, 113.51 W, 1980 MHz, 0 %, 33
2026/10/10 15:23:05.822, 7, 76045 MiB, 0 %, 142.02 W, 1980 MHz, 0 %, 67
2026/10/10 15:23:06.822, 0, 76045 MiB, 0 %, 123.03 W, 1980 MHz, 0 %, 31
2026/10/10 15:23:06.822, 1, 76045 MiB, 0 %, 136.31 W, 1980 MHz, 0 %, 56
2026/10/10 15:23:06.823, 2, 76045 MiB, 0 %, 123.04 W, 1980 MHz, 0 %, 37
2026/10/10 15:23:06.823, 3, 76045 MiB, 0 %, 117.47 W, 1980 MHz, 0 %, 30
2026/10/10 15:23:06.823, 4, 76045 MiB, 0 %, 114.48 W, 1980 MHz, 0 %, 30
2026/10/10 15:23:06.823, 5, 76045 MiB, 0 %, 120.10 W, 1980 MHz, 0 %, 35
2026/10/10 15:23:06.823, 6, 76045 MiB, 0 %, 113.38 W, 1980 MHz, 0 %, 33
2026/10/10 15:23:06.823, 7, 76045 MiB, 0 %, 141.80 W, 1980 MHz, 0 %, 67
2026/10/10 15:23:07.823, 0, 76045 MiB, 0 %, 122.84 W, 1980 MHz, 0 %, 30
2026/10/10 15:23:07.823, 1, 76045 MiB, 0 %, 136.14 W, 1980 MHz, 0 %, 56
2026/10/10 15:23:07.823, 2, 76045 MiB, 0 %, 122.97 W, 1980 MHz, 0 %, 37
2026/10/10 15:23:07.823, 3, 76045 MiB, 0 %, 116.74 W, 1980 MHz, 0 %, 29
2026/10/10 15:23:07.823, 4, 76045 MiB, 0 %, 114.32 W, 1980 MHz, 0 %, 30
2026/10/10 15:23:07.823, 5, 76045 MiB, 0 %, 119.89 W, 1980 MHz, 0 %, 35
2026/10/10 15:23:07.824, 6, 76045 MiB, 0 %, 113.27 W, 1980 MHz, 0 %, 32
2026/10/10 15:23:07.824, 7, 76045 MiB, 0 %, 141.62 W, 1980 MHz, 0 %, 67
2026/10/10 15:23:08.824, 0, 76045 MiB, 0 %, 122.74 W, 1980 MHz, 0 %, 30
2026/10/10 15:23:08.824, 1, 76045 MiB, 0 %, 136.04 W, 1980 MHz, 0 %, 55
2026/10/10 15:23:08.824, 2, 76045 MiB, 0 %, 122.85 W, 1980 MHz, 0 %, 36
2026/10/10 15:23:08.824, 3, 76045 MiB, 0 %, 116.57 W, 1980 MHz, 0 %, 29
2026/10/10 15:23:08.824, 4, 76045 MiB, 0 %, 114.21 W, 1980 MHz, 0 %, 30
2026/10/10 15:23:08.824, 5, 76045 MiB, 0 %, 119.83 W, 1980 MHz, 0 %, 34
2026/10/10 15:23:08.824, 6, 76045 MiB, 0 %, 113.18 W, 1980 MHz, 0 %, 32
2026/10/10 15:23:08.824, 7, 76045 MiB, 0 %, 141.44 W, 1980 MHz, 0 %, 67
2026/10/10 15:23:09.824, 0, 76045 MiB, 0 %, 122.57 W, 1980 MHz, 0 %, 30
2026/10/10 15:23:09.825, 1, 76045 MiB, 0 %, 135.91 W, 1980 MHz, 0 %, 55
2026/10/10 15:23:09.825, 2, 76045 MiB, 0 %, 122.67 W, 1980 MHz, 0 %, 36
2026/10/10 15:23:09.825, 3, 76045 MiB, 0 %, 116.44 W, 1980 MHz, 0 %, 29
2026/10/10 15:23:09.825, 4, 76045 MiB, 0 %, 114.15 W, 1980 MHz, 0 %, 29
2026/10/10 15:23:09.825, 5, 76045 MiB, 0 %, 119.69 W, 1980 MHz, 0 %, 34
2026/10/10 15:23:09.825, 6, 76045 MiB, 0 %, 113.08 W, 1980 MHz, 0 %, 32
2026/10/10 15:23:09.825, 7, 76045 MiB, 0 %, 141.26 W, 1980 MHz, 0 %, 67
2026/10/10 15:23:10.825, 0, 76045 MiB, 0 %, 122.46 W, 1980 MHz, 0 %, 30
2026/10/10 15:23:10.825, 1, 76045 MiB, 0 %, 135.85 W, 1980 MHz, 0 %, 55
2026/10/10 15:23:10.825, 2, 76045 MiB, 0 %, 122.26 W, 1980 MHz, 0 %, 36
2026/10/10 15:23:10.825, 3, 76045 MiB, 0 %, 116.37 W, 1980 MHz, 0 %, 29
2026/10/10 15:23:10.825, 4, 76045 MiB, 0 %, 114.04 W, 1980 MHz, 0 %, 29
2026/10/10 15:23:10.825, 5, 76045 MiB, 0 %, 119.56 W, 1980 MHz, 0 %, 34
2026/10/10 15:23:10.826, 6, 76045 MiB, 0 %, 113.00 W, 1980 MHz, 0 %, 32
2026/10/10 15:23:10.826, 7, 76045 MiB, 0 %, 141.08 W, 1980 MHz, 0 %, 66
2026/10/10 15:23:11.826, 0, 76045 MiB, 0 %, 122.33 W, 1980 MHz, 0 %, 29
2026/10/10 15:23:11.826, 1, 76045 MiB, 0 %, 135.73 W, 1980 MHz, 0 %, 55
2026/10/10 15:23:11.826, 2, 76045 MiB, 0 %, 122.10 W, 1980 MHz, 0 %, 36
2026/10/10 15:23:11.826, 3, 76045 MiB, 0 %, 116.27 W, 1980 MHz, 0 %, 28
2026/10/10 15:23:11.826, 4, 76045 MiB, 0 %, 113.93 W, 1980 MHz, 0 %, 29
2026/10/10 15:23:11.826, 5, 76045 MiB, 0 %, 119.33 W, 1980 MHz, 0 %, 34
2026/10/10 15:23:11.826, 6, 76045 MiB, 0 %, 112.85 W, 1980 MHz, 0 %, 31
2026/10/10 15:23:11.826, 7, 76045 MiB, 0 %, 140.88 W, 1980 MHz, 0 %, 66
2026/10/10 15:23:12.827, 0, 76045 MiB, 100 %, 214.16 W, 1980 MHz, 21 %, 32
2026/10/10 15:23:12.827, 1, 76045 MiB, 100 %, 231.13 W, 1980 MHz, 22 %, 58
2026/10/10 15:23:12.827, 2, 76045 MiB, 100 %, 217.90 W, 1980 MHz, 21 %, 38
2026/10/10 15:23:12.827, 3, 76045 MiB, 100 %, 213.60 W, 1980 MHz, 21 %, 31
2026/10/10 15:23:12.827, 4, 76045 MiB, 100 %, 205.17 W, 1980 MHz, 22 %, 32
2026/10/10 15:23:12.827, 5, 76045 MiB, 100 %, 217.49 W, 1980 MHz, 21 %, 36
2026/10/10 15:23:12.827, 6, 76045 MiB, 100 %, 198.77 W, 1980 MHz, 21 %, 34
2026/10/10 15:23:12.827, 7, 76045 MiB, 100 %, 228.94 W, 1980 MHz, 20 %, 69
2026/10/10 15:23:13.827, 0, 76045 MiB, 100 %, 238.45 W, 1980 MHz, 21 %, 33
2026/10/10 15:23:13.827, 1, 76045 MiB, 100 %, 261.49 W, 1980 MHz, 22 %, 58
2026/10/10 15:23:13.827, 2, 76045 MiB, 100 %, 241.42 W, 1980 MHz, 21 %, 38
2026/10/10 15:23:13.828, 3, 76045 MiB, 100 %, 239.54 W, 1980 MHz, 22 %, 31
2026/10/10 15:23:13.828, 4, 76045 MiB, 100 %, 235.04 W, 1980 MHz, 21 %, 32
2026/10/10 15:23:13.828, 5, 76045 MiB, 100 %, 242.91 W, 1980 MHz, 21 %, 37
2026/10/10 15:23:13.828, 6, 76045 MiB, 100 %, 233.64 W, 1980 MHz, 22 %, 34
2026/10/10 15:23:13.828, 7, 76045 MiB, 100 %, 268.34 W, 1980 MHz, 21 %, 69
2026/10/10 15:23:14.828, 0, 76045 MiB, 100 %, 239.15 W, 1980 MHz, 21 %, 33
2026/10/10 15:23:14.828, 1, 76045 MiB, 100 %, 264.81 W, 1980 MHz, 22 %, 58
2026/10/10 15:23:14.828, 2, 76045 MiB, 100 %, 239.30 W, 1980 MHz, 22 %, 38
2026/10/10 15:23:14.828, 3, 76045 MiB, 100 %, 240.31 W, 1980 MHz, 22 %, 32
2026/10/10 15:23:14.828, 4, 76045 MiB, 100 %, 234.26 W, 1980 MHz, 21 %, 32
2026/10/10 15:23:14.828, 5, 76045 MiB, 100 %, 240.15 W, 1980 MHz, 21 %, 37
2026/10/10 15:23:14.828, 6, 76045 MiB, 100 %, 234.37 W, 1980 MHz, 22 %, 34
2026/10/10 15:23:14.828, 7, 76045 MiB, 100 %, 267.75 W, 1980 MHz, 21 %, 69
2026/10/10 15:23:15.829, 0, 76045 MiB, 100 %, 240.54 W, 1980 MHz, 21 %, 33
2026/10/10 15:23:15.829, 1, 76045 MiB, 100 %, 264.12 W, 1980 MHz, 22 %, 58
2026/10/10 15:23:15.829, 2, 76045 MiB, 100 %, 240.77 W, 1980 MHz, 21 %, 38
2026/10/10 15:23:15.829, 3, 76045 MiB, 100 %, 239.29 W, 1980 MHz, 22 %, 32
2026/10/10 15:23:15.829, 4, 76045 MiB, 100 %, 235.42 W, 1980 MHz, 21 %, 32
2026/10/10 15:23:15.829, 5, 76045 MiB, 100 %, 241.37 W, 1980 MHz, 21 %, 37
2026/10/10 15:23:15.829, 6, 76045 MiB, 100 %, 234.79 W, 1980 MHz, 22 %, 34
2026/10/10 15:23:15.829, 7, 76045 MiB, 100 %, 266.76 W, 1980 MHz, 21 %, 69
2026/10/10 15:23:16.829, 0, 76045 MiB, 100 %, 240.55 W, 1980 MHz, 21 %, 33
2026/10/10 15:23:16.830, 1, 76045 MiB, 100 %, 263.22 W, 1980 MHz, 22 %, 58
2026/10/10 15:23:16.830, 2, 76045 MiB, 100 %, 239.09 W, 1980 MHz, 21 %, 38
2026/10/10 15:23:16.830, 3, 76045 MiB, 100 %, 238.79 W, 1980 MHz, 21 %, 32
2026/10/10 15:23:16.830, 4, 76045 MiB, 100 %, 236.52 W, 1980 MHz, 22 %, 32
2026/10/10 15:23:16.830, 5, 76045 MiB, 100 %, 240.70 W, 1980 MHz, 21 %, 37
2026/10/10 15:23:16.830, 6, 76045 MiB, 100 %, 233.46 W, 1980 MHz, 21 %, 34
2026/10/10 15:23:16.830, 7, 76045 MiB, 100 %, 267.29 W, 1980 MHz, 21 %, 69
2026/10/10 15:23:17.830, 0, 76045 MiB, 100 %, 239.76 W, 1980 MHz, 21 %, 33
2026/10/10 15:23:17.830, 1, 76045 MiB, 100 %, 263.85 W, 1980 MHz, 22 %, 58
2026/10/10 15:23:17.830, 2, 76045 MiB, 100 %, 240.06 W, 1980 MHz, 21 %, 38
2026/10/10 15:23:17.830, 3, 76045 MiB, 100 %, 239.05 W, 1980 MHz, 21 %, 32
2026/10/10 15:23:17.830, 4, 76045 MiB, 100 %, 236.24 W, 1980 MHz, 22 %, 32
2026/10/10 15:23:17.831, 5, 76045 MiB, 100 %, 240.84 W, 1980 MHz, 21 %, 37
2026/10/10 15:23:17.831, 6, 76045 MiB, 100 %, 233.60 W, 1980 MHz, 22 %, 34
2026/10/10 15:23:17.831, 7, 76045 MiB, 100 %, 267.58 W, 1980 MHz, 20 %, 69
2026/10/10 15:23:18.831, 0, 76045 MiB, 100 %, 239.08 W, 1980 MHz, 21 %, 33
2026/10/10 15:23:18.831, 1, 76045 MiB, 100 %, 264.46 W, 1980 MHz, 22 %, 58
2026/10/10 15:23:18.831, 2, 76045 MiB, 100 %, 239.77 W, 1980 MHz, 21 %, 38
2026/10/10 15:23:18.831, 3, 76045 MiB, 100 %, 239.05 W, 1980 MHz, 22 %, 32
2026/10/10 15:23:18.831, 4, 76045 MiB, 100 %, 236.43 W, 1980 MHz, 21 %, 32
2026/10/10 15:23:18.831, 5, 76045 MiB, 100 %, 240.78 W, 1980 MHz, 21 %, 37
2026/10/10 15:23:18.831, 6, 76045 MiB, 100 %, 233.43 W, 1980 MHz, 21 %, 34
2026/10/10 15:23:18.831, 7, 76045 MiB, 100 %, 267.61 W, 1980 MHz, 21 %, 69
2026/10/10 15:23:19.832, 0, 76045 MiB, 100 %, 240.46 W, 1980 MHz, 20 %, 33
2026/10/10 15:23:19.832, 1, 76045 MiB, 100 %, 265.10 W, 1980 MHz, 21 %, 58
2026/10/10 15:23:19.832, 2, 76045 MiB, 100 %, 239.40 W, 1980 MHz, 21 %, 38
2026/10/10 15:23:19.832, 3, 76045 MiB, 100 %, 240.22 W, 1980 MHz, 22 %, 32
2026/10/10 15:23:19.832, 4, 76045 MiB, 100 %, 234.86 W, 1980 MHz, 21 %, 32
2026/10/10 15:23:19.832, 5, 76045 MiB, 100 %, 243.07 W, 1980 MHz, 21 %, 37
2026/10/10 15:23:19.832, 6, 76045 MiB, 100 %, 233.40 W, 1980 MHz, 22 %, 34
2026/10/10 15:23:19.832, 7, 76045 MiB, 100 %, 266.46 W, 1980 MHz, 21 %, 69
2026/10/10 15:23:20.832, 0, 76045 MiB, 100 %, 239.23 W, 1980 MHz, 21 %, 33
2026/10/10 15:23:20.832, 1, 76045 MiB, 100 %, 263.66 W, 1980 MHz, 22 %, 58
2026/10/10 15:23:20.832, 2, 76045 MiB, 100 %, 239.52 W, 1980 MHz, 21 %, 38
2026/10/10 15:23:20.833, 3, 76045 MiB, 100 %, 237.79 W, 1980 MHz, 21 %, 32
2026/10/10 15:23:20.833, 4, 76045 MiB, 100 %, 236.22 W, 1980 MHz, 21 %, 32
2026/10/10 15:23:20.833, 5, 76045 MiB, 100 %, 241.15 W, 1980 MHz, 21 %, 37
2026/10/10 15:23:20.833, 6, 76045 MiB, 100 %, 234.13 W, 1980 MHz, 22 %, 34
2026/10/10 15:23:20.833, 7, 76045 MiB, 100 %, 266.34 W, 1980 MHz, 20 %, 69
2026/10/10 15:23:21.833, 0, 76045 MiB, 100 %, 238.75 W, 1980 MHz, 21 %, 33
2026/10/10 15:23:21.833, 1, 76045 MiB, 100 %, 264.93 W, 1980 MHz, 21 %, 58
2026/10/10 15:23:21.833, 2, 76045 MiB, 100 %, 236.97 W, 1980 MHz, 22 %, 38
2026/10/10 15:23:21.833, 3, 76045 MiB, 100 %, 237.59 W, 1980 MHz, 21 %, 32
2026/10/10 15:23:21.833, 4, 76045 MiB, 100 %, 235.28 W, 1980 MHz, 21 %, 32
2026/10/10 15:23:21.833, 5, 76045 MiB, 100 %, 241.76 W, 1980 MHz, 21 %, 37
2026/10/10 15:23:21.833, 6, 76045 MiB, 100 %, 231.91 W, 1980 MHz, 21 %, 34
2026/10/10 15:23:21.833, 7, 76045 MiB, 100 %, 266.94 W, 1980 MHz, 21 %, 69
2026/10/10 15:23:22.834, 0, 76045 MiB, 100 %, 237.99 W, 1980 MHz, 21 %, 33
2026/10/10 15:23:22.834, 1, 76045 MiB, 100 %, 264.10 W, 1980 MHz, 22 %, 58
2026/10/10 15:23:22.834, 2, 76045 MiB, 100 %, 237.39 W, 1980 MHz, 21 %, 38
2026/10/10 15:23:22.834, 3, 76045 MiB, 100 %, 237.82 W, 1980 MHz, 22 %, 32
2026/10/10 15:23:22.834, 4, 76045 MiB, 100 %, 234.19 W, 1980 MHz, 21 %, 32
2026/10/10 15:23:22.834, 5, 76045 MiB, 100 %, 240.96 W, 1980 MHz, 21 %, 36
2026/10/10 15:23:22.834, 6, 76045 MiB, 100 %, 233.11 W, 1980 MHz, 22 %, 34
2026/10/10 15:23:22.834, 7, 76045 MiB, 100 %, 266.17 W, 1980 MHz, 20 %, 69
2026/10/10 15:23:23.834, 0, 76045 MiB, 100 %, 238.75 W, 1980 MHz, 21 %, 33
2026/10/10 15:23:23.835, 1, 76045 MiB, 100 %, 265.19 W, 1980 MHz, 22 %, 58
2026/10/10 15:23:23.835, 2, 76045 MiB, 100 %, 239.26 W, 1980 MHz, 21 %, 38
2026/10/10 15:23:23.835, 3, 76045 MiB, 100 %, 239.10 W, 1980 MHz, 22 %, 32
2026/10/10 15:23:23.835, 4, 76045 MiB, 100 %, 235.30 W, 1980 MHz, 21 %, 32
2026/10/10 15:23:23.835, 5, 76045 MiB, 100 %, 240.13 W, 1980 MHz, 21 %, 36
2026/10/10 15:23:23.835, 6, 76045 MiB, 100 %, 233.85 W, 1980 MHz, 22 %, 34
2026/10/10 15:23:23.835, 7, 76045 MiB, 100 %, 267.31 W, 1980 MHz, 20 %, 69
2026/10/10 15:23:24.835, 0, 76045 MiB, 100 %, 237.91 W, 1980 MHz, 21 %, 33
2026/10/10 15:23:24.835, 1, 76045 MiB, 100 %, 264.90 W, 1980 MHz, 21 %, 58
2026/10/10 15:23:24.835, 2, 76045 MiB, 100 %, 237.83 W, 1980 MHz, 21 %, 38
2026/10/10 15:23:24.835, 3, 76045 MiB, 100 %, 237.98 W, 1980 MHz, 21 %, 32
2026/10/10 15:23:24.835, 4, 76045 MiB, 100 %, 235.99 W, 1980 MHz, 22 %, 32
2026/10/10 15:23:24.835, 5, 76045 MiB, 100 %, 241.35 W, 1980 MHz, 21 %, 36
2026/10/10 15:23:24.835, 6, 76045 MiB, 100 %, 233.55 W, 1980 MHz, 21 %, 34
2026/10/10 15:23:24.836, 7, 76045 MiB, 100 %, 267.14 W, 1980 MHz, 20 %, 69
2026/10/10 15:23:25.836, 0, 76045 MiB, 98 %, 247.80 W, 1980 MHz, 20 %, 34
2026/10/10 15:23:25.836, 1, 76045 MiB, 35 %, 264.26 W, 1980 MHz, 19 %, 58
2026/10/10 15:23:25.836, 2, 76045 MiB, 93 %, 242.90 W, 1980 MHz, 20 %, 38
2026/10/10 15:23:25.836, 3, 76045 MiB, 100 %, 245.71 W, 1980 MHz, 20 %, 32
2026/10/10 15:23:25.836, 4, 76045 MiB, 99 %, 241.82 W, 1980 MHz, 20 %, 32
2026/10/10 15:23:25.836, 5, 76045 MiB, 99 %, 249.49 W, 1980 MHz, 19 %, 37
2026/10/10 15:23:25.836, 6, 76045 MiB, 100 %, 237.17 W, 1980 MHz, 20 %, 35
2026/10/10 15:23:25.836, 7, 76045 MiB, 100 %, 275.06 W, 1980 MHz, 20 %, 70
2026/10/10 15:23:26.836, 0, 76045 MiB, 100 %, 242.00 W, 1980 MHz, 21 %, 33
2026/10/10 15:23:26.837, 1, 76045 MiB, 100 %, 260.42 W, 1980 MHz, 21 %, 58
2026/10/10 15:23:26.837, 2, 76045 MiB, 100 %, 237.77 W, 1980 MHz, 21 %, 38
2026/10/10 15:23:26.837, 3, 76045 MiB, 100 %, 237.75 W, 1980 MHz, 21 %, 32
2026/10/10 15:23:26.837, 4, 76045 MiB, 100 %, 236.44 W, 1980 MHz, 21 %, 32
2026/10/10 15:23:26.837, 5, 76045 MiB, 100 %, 241.79 W, 1980 MHz, 21 %, 36
2026/10/10 15:23:26.837, 6, 76045 MiB, 100 %, 231.41 W, 1980 MHz, 21 %, 34
2026/10/10 15:23:26.837, 7, 76045 MiB, 100 %, 271.97 W, 1980 MHz, 21 %, 69
2026/10/10 15:23:27.837, 0, 76045 MiB, 100 %, 238.83 W, 1980 MHz, 21 %, 33
2026/10/10 15:23:27.837, 1, 76045 MiB, 100 %, 261.06 W, 1980 MHz, 21 %, 58
2026/10/10 15:23:27.837, 2, 76045 MiB, 100 %, 240.69 W, 1980 MHz, 21 %, 38
2026/10/10 15:23:27.837, 3, 76045 MiB, 100 %, 236.56 W, 1980 MHz, 21 %, 32
2026/10/10 15:23:27.838, 4, 76045 MiB, 100 %, 237.19 W, 1980 MHz, 22 %, 32
2026/10/10 15:23:27.838, 5, 76045 MiB, 100 %, 242.02 W, 1980 MHz, 21 %, 36
2026/10/10 15:23:27.838, 6, 76045 MiB, 100 %, 231.41 W, 1980 MHz, 21 %, 34
2026/10/10 15:23:27.838, 7, 76045 MiB, 100 %, 270.03 W, 1980 MHz, 22 %, 69
2026/10/10 15:23:28.838, 0, 76045 MiB, 100 %, 242.98 W, 1980 MHz, 21 %, 33
2026/10/10 15:23:28.838, 1, 76045 MiB, 100 %, 260.75 W, 1980 MHz, 21 %, 58
2026/10/10 15:23:28.838, 2, 76045 MiB, 100 %, 241.88 W, 1980 MHz, 21 %, 38
2026/10/10 15:23:28.838, 3, 76045 MiB, 100 %, 238.06 W, 1980 MHz, 21 %, 32
2026/10/10 15:23:28.838, 4, 76045 MiB, 100 %, 236.84 W, 1980 MHz, 22 %, 32
2026/10/10 15:23:28.838, 5, 76045 MiB, 100 %, 241.12 W, 1980 MHz, 21 %, 36
2026/10/10 15:23:28.838, 6, 76045 MiB, 100 %, 231.80 W, 1980 MHz, 21 %, 34
2026/10/10 15:23:28.838, 7, 76045 MiB, 100 %, 269.48 W, 1980 MHz, 22 %, 69
2026/10/10 15:23:29.839, 0, 76045 MiB, 100 %, 240.62 W, 1980 MHz, 21 %, 33
2026/10/10 15:23:29.839, 1, 76045 MiB, 100 %, 259.45 W, 1980 MHz, 21 %, 58
2026/10/10 15:23:29.839, 2, 76045 MiB, 100 %, 240.17 W, 1980 MHz, 21 %, 38
2026/10/10 15:23:29.839, 3, 76045 MiB, 100 %, 239.95 W, 1980 MHz, 21 %, 32
2026/10/10 15:23:29.839, 4, 76045 MiB, 100 %, 238.08 W, 1980 MHz, 22 %, 32
2026/10/10 15:23:29.839, 5, 76045 MiB, 100 %, 242.69 W, 1980 MHz, 21 %, 36
2026/10/10 15:23:29.839, 6, 76045 MiB, 100 %, 231.79 W, 1980 MHz, 21 %, 34
2026/10/10 15:23:29.839, 7, 76045 MiB, 100 %, 271.86 W, 1980 MHz, 22 %, 69
2026/10/10 15:23:30.839, 0, 76045 MiB, 100 %, 239.24 W, 1980 MHz, 21 %, 33
2026/10/10 15:23:30.839, 1, 76045 MiB, 100 %, 261.61 W, 1980 MHz, 21 %, 58
2026/10/10 15:23:30.839, 2, 76045 MiB, 100 %, 240.65 W, 1980 MHz, 21 %, 38
2026/10/10 15:23:30.839, 3, 76045 MiB, 100 %, 238.10 W, 1980 MHz, 21 %, 32
2026/10/10 15:23:30.840, 4, 76045 MiB, 100 %, 237.07 W, 1980 MHz, 22 %, 32
2026/10/10 15:23:30.840, 5, 76045 MiB, 100 %, 241.47 W, 1980 MHz, 21 %, 36
2026/10/10 15:23:30.840, 6, 76045 MiB, 100 %, 231.85 W, 1980 MHz, 20 %, 34
2026/10/10 15:23:30.840, 7, 76045 MiB, 100 %, 269.67 W, 1980 MHz, 22 %, 69
2026/10/10 15:23:31.840, 0, 76045 MiB, 100 %, 239.69 W, 1980 MHz, 21 %, 33
2026/10/10 15:23:31.840, 1, 76045 MiB, 100 %, 259.73 W, 1980 MHz, 21 %, 58
2026/10/10 15:23:31.840, 2, 76045 MiB, 100 %, 239.61 W, 1980 MHz, 21 %, 38
2026/10/10 15:23:31.840, 3, 76045 MiB, 100 %, 237.15 W, 1980 MHz, 21 %, 32
2026/10/10 15:23:31.840, 4, 76045 MiB, 100 %, 237.77 W, 1980 MHz, 22 %, 32
2026/10/10 15:23:31.841, 5, 76045 MiB, 100 %, 240.58 W, 1980 MHz, 21 %, 36
2026/10/10 15:23:31.841, 6, 76045 MiB, 100 %, 229.35 W, 1980 MHz, 21 %, 34
2026/10/10 15:23:31.841, 7, 76045 MiB, 100 %, 271.67 W, 1980 MHz, 22 %, 69
2026/10/10 15:23:32.841, 0, 76045 MiB, 100 %, 240.19 W, 1980 MHz, 21 %, 33
2026/10/10 15:23:32.841, 1, 76045 MiB, 100 %, 260.18 W, 1980 MHz, 21 %, 58
2026/10/10 15:23:32.841, 2, 76045 MiB, 100 %, 238.08 W, 1980 MHz, 21 %, 38
2026/10/10 15:23:32.841, 3, 76045 MiB, 100 %, 238.73 W, 1980 MHz, 21 %, 32
2026/10/10 15:23:32.841, 4, 76045 MiB, 100 %, 237.76 W, 1980 MHz, 21 %, 32
2026/10/10 15:23:32.841, 5, 76045 MiB, 100 %, 241.70 W, 1980 MHz, 22 %, 36
2026/10/10 15:23:32.841, 6, 76045 MiB, 100 %, 229.62 W, 1980 MHz, 21 %, 34
2026/10/10 15:23:32.841, 7, 76045 MiB, 100 %, 269.20 W, 1980 MHz, 21 %, 69
2026/10/10 15:23:33.841, 0, 76045 MiB, 100 %, 239.18 W, 1980 MHz, 21 %, 33
2026/10/10 15:23:33.842, 1, 76045 MiB, 100 %, 258.73 W, 1980 MHz, 21 %, 58
2026/10/10 15:23:33.842, 2, 76045 MiB, 100 %, 237.29 W, 1980 MHz, 21 %, 38
2026/10/10 15:23:33.842, 3, 76045 MiB, 100 %, 239.73 W, 1980 MHz, 22 %, 32
2026/10/10 15:23:33.842, 4, 76045 MiB, 100 %, 235.15 W, 1980 MHz, 21 %, 32
2026/10/10 15:23:33.842, 5, 76045 MiB, 100 %, 241.24 W, 1980 MHz, 21 %, 36
2026/10/10 15:23:33.842, 6, 76045 MiB, 100 %, 230.12 W, 1980 MHz, 21 %, 34
2026/10/10 15:23:33.842, 7, 76045 MiB, 100 %, 269.97 W, 1980 MHz, 21 %, 69
2026/10/10 15:23:34.842, 0, 76045 MiB, 100 %, 239.06 W, 1980 MHz, 21 %, 33
2026/10/10 15:23:34.842, 1, 76045 MiB, 100 %, 258.33 W, 1980 MHz, 21 %, 58
2026/10/10 15:23:34.842, 2, 76045 MiB, 100 %, 237.68 W, 1980 MHz, 21 %, 38
2026/10/10 15:23:34.842, 3, 76045 MiB, 100 %, 238.64 W, 1980 MHz, 21 %, 32
2026/10/10 15:23:34.842, 4, 76045 MiB, 100 %, 237.41 W, 1980 MHz, 22 %, 32
2026/10/10 15:23:34.842, 5, 76045 MiB, 100 %, 240.99 W, 1980 MHz, 21 %, 36
2026/10/10 15:23:34.842, 6, 76045 MiB, 100 %, 230.60 W, 1980 MHz, 21 %, 34
2026/10/10 15:23:34.843, 7, 76045 MiB, 100 %, 268.96 W, 1980 MHz, 22 %, 69
2026/10/10 15:23:35.843, 0, 76045 MiB, 100 %, 239.04 W, 1980 MHz, 21 %, 33
2026/10/10 15:23:35.843, 1, 76045 MiB, 100 %, 259.02 W, 1980 MHz, 21 %, 58
2026/10/10 15:23:35.843, 2, 76045 MiB, 100 %, 240.32 W, 1980 MHz, 22 %, 38
2026/10/10 15:23:35.843, 3, 76045 MiB, 100 %, 237.94 W, 1980 MHz, 21 %, 32
2026/10/10 15:23:35.843, 4, 76045 MiB, 100 %, 235.71 W, 1980 MHz, 21 %, 32
2026/10/10 15:23:35.843, 5, 76045 MiB, 100 %, 239.99 W, 1980 MHz, 20 %, 36
2026/10/10 15:23:35.843, 6, 76045 MiB, 100 %, 231.12 W, 1980 MHz, 21 %, 34
2026/10/10 15:23:35.843, 7, 76045 MiB, 100 %, 269.06 W, 1980 MHz, 21 %, 69
2026/10/10 15:23:36.843, 0, 76045 MiB, 100 %, 239.38 W, 1980 MHz, 21 %, 33
2026/10/10 15:23:36.843, 1, 76045 MiB, 100 %, 261.01 W, 1980 MHz, 21 %, 58
2026/10/10 15:23:36.844, 2, 76045 MiB, 100 %, 239.51 W, 1980 MHz, 21 %, 38
2026/10/10 15:23:36.844, 3, 76045 MiB, 100 %, 239.08 W, 1980 MHz, 21 %, 32
2026/10/10 15:23:36.844, 4, 76045 MiB, 100 %, 236.40 W, 1980 MHz, 22 %, 32
2026/10/10 15:23:36.844, 5, 76045 MiB, 100 %, 241.75 W, 1980 MHz, 21 %, 36
2026/10/10 15:23:36.844, 6, 76045 MiB, 100 %, 230.43 W, 1980 MHz, 21 %, 34
2026/10/10 15:23:36.844, 7, 76045 MiB, 100 %, 266.34 W, 1980 MHz, 21 %, 69
2026/10/10 15:23:37.844, 0, 76045 MiB, 100 %, 238.75 W, 1980 MHz, 21 %, 33
2026/10/10 15:23:37.844, 1, 76045 MiB, 100 %, 260.56 W, 1980 MHz, 21 %, 58
2026/10/10 15:23:37.844, 2, 76045 MiB, 100 %, 238.51 W, 1980 MHz, 21 %, 38
2026/10/10 15:23:37.844, 3, 76045 MiB, 100 %, 240.25 W, 1980 MHz, 21 %, 32
2026/10/10 15:23:37.844, 4, 76045 MiB, 100 %, 235.88 W, 1980 MHz, 21 %, 32
2026/10/10 15:23:37.844, 5, 76045 MiB, 100 %, 239.80 W, 1980 MHz, 21 %, 36
2026/10/10 15:23:37.844, 6, 76045 MiB, 100 %, 231.98 W, 1980 MHz, 21 %, 34
2026/10/10 15:23:37.844, 7, 76045 MiB, 100 %, 268.58 W, 1980 MHz, 21 %, 69
2026/10/10 15:23:38.845, 0, 76045 MiB, 100 %, 238.85 W, 1980 MHz, 21 %, 33
2026/10/10 15:23:38.845, 1, 76045 MiB, 100 %, 259.72 W, 1980 MHz, 21 %, 58
2026/10/10 15:23:38.845, 2, 76045 MiB, 100 %, 238.61 W, 1980 MHz, 21 %, 38
2026/10/10 15:23:38.845, 3, 76045 MiB, 100 %, 238.06 W, 1980 MHz, 21 %, 32
2026/10/10 15:23:38.845, 4, 76045 MiB, 100 %, 236.41 W, 1980 MHz, 21 %, 32
2026/10/10 15:23:38.845, 5, 76045 MiB, 100 %, 241.52 W, 1980 MHz, 21 %, 36
2026/10/10 15:23:38.845, 6, 76045 MiB, 100 %, 230.90 W, 1980 MHz, 21 %, 34
2026/10/10 15:23:38.845, 7, 76045 MiB, 100 %, 268.80 W, 1980 MHz, 22 %, 69
2026/10/10 15:23:39.845, 0, 76045 MiB, 100 %, 244.24 W, 1980 MHz, 20 %, 33
2026/10/10 15:23:39.845, 1, 76045 MiB, 100 %, 266.78 W, 1980 MHz, 21 %, 58
2026/10/10 15:23:39.845, 2, 76045 MiB, 100 %, 240.60 W, 1980 MHz, 21 %, 38
2026/10/10 15:23:39.845, 3, 76045 MiB, 100 %, 240.99 W, 1980 MHz, 21 %, 32
2026/10/10 15:23:39.846, 4, 76045 MiB, 100 %, 238.41 W, 1980 MHz, 21 %, 32
2026/10/10 15:23:39.846, 5, 76045 MiB, 100 %, 240.55 W, 1980 MHz, 21 %, 36
2026/10/10 15:23:39.846, 6, 76045 MiB, 100 %, 232.47 W, 1980 MHz, 21 %, 34
2026/10/10 15:23:39.846, 7, 76045 MiB, 100 %, 274.91 W, 1980 MHz, 22 %, 69
2026/10/10 15:23:40.846, 0, 76045 MiB, 100 %, 237.08 W, 1980 MHz, 21 %, 33
2026/10/10 15:23:40.846, 1, 76045 MiB, 100 %, 261.55 W, 1980 MHz, 21 %, 58
2026/10/10 15:23:40.846, 2, 76045 MiB, 100 %, 240.62 W, 1980 MHz, 22 %, 38
2026/10/10 15:23:40.846, 3, 76045 MiB, 100 %, 236.37 W, 1980 MHz, 21 %, 32
2026/10/10 15:23:40.846, 4, 76045 MiB, 100 %, 233.13 W, 1980 MHz, 21 %, 32
2026/10/10 15:23:40.846, 5, 76045 MiB, 100 %, 239.67 W, 1980 MHz, 22 %, 36
2026/10/10 15:23:40.846, 6, 76045 MiB, 100 %, 231.81 W, 1980 MHz, 21 %, 34
2026/10/10 15:23:40.846, 7, 76045 MiB, 100 %, 271.09 W, 1980 MHz, 22 %, 69
2026/10/10 15:23:41.847, 0, 76045 MiB, 100 %, 242.49 W, 1980 MHz, 22 %, 33
2026/10/10 15:23:41.847, 1, 76045 MiB, 100 %, 259.29 W, 1980 MHz, 20 %, 58
2026/10/10 15:23:41.847, 2, 76045 MiB, 100 %, 242.00 W, 1980 MHz, 22 %, 38
2026/10/10 15:23:41.847, 3, 76045 MiB, 100 %, 238.55 W, 1980 MHz, 21 %, 31
2026/10/10 15:23:41.847, 4, 76045 MiB, 100 %, 235.06 W, 1980 MHz, 21 %, 32
2026/10/10 15:23:41.847, 5, 76045 MiB, 100 %, 241.60 W, 1980 MHz, 21 %, 36
2026/10/10 15:23:41.847, 6, 76045 MiB, 100 %, 232.76 W, 1980 MHz, 22 %, 34
2026/10/10 15:23:41.847, 7, 76045 MiB, 100 %, 268.16 W, 1980 MHz, 21 %, 69
2026/10/10 15:23:42.847, 0, 76045 MiB, 100 %, 240.68 W, 1980 MHz, 21 %, 33
2026/10/10 15:23:42.847, 1, 76045 MiB, 100 %, 257.56 W, 1980 MHz, 21 %, 58
2026/10/10 15:23:42.847, 2, 76045 MiB, 100 %, 246.38 W, 1980 MHz, 22 %, 38
2026/10/10 15:23:42.847, 3, 76045 MiB, 100 %, 237.85 W, 1980 MHz, 21 %, 32
2026/10/10 15:23:42.848, 4, 76045 MiB, 100 %, 232.98 W, 1980 MHz, 21 %, 32
2026/10/10 15:23:42.848, 5, 76045 MiB, 100 %, 241.25 W, 1980 MHz, 21 %, 36
2026/10/10 15:23:42.848, 6, 76045 MiB, 100 %, 232.52 W, 1980 MHz, 22 %, 34
2026/10/10 15:23:42.848, 7, 76045 MiB, 100 %, 268.66 W, 1980 MHz, 21 %, 69
2026/10/10 15:23:43.848, 0, 76045 MiB, 100 %, 242.22 W, 1980 MHz, 21 %, 33
2026/10/10 15:23:43.848, 1, 76045 MiB, 100 %, 257.38 W, 1980 MHz, 21 %, 58
2026/10/10 15:23:43.848, 2, 76045 MiB, 100 %, 244.37 W, 1980 MHz, 22 %, 38
2026/10/10 15:23:43.848, 3, 76045 MiB, 100 %, 236.58 W, 1980 MHz, 21 %, 32
2026/10/10 15:23:43.848, 4, 76045 MiB, 100 %, 233.10 W, 1980 MHz, 21 %, 32
2026/10/10 15:23:43.848, 5, 76045 MiB, 100 %, 241.78 W, 1980 MHz, 21 %, 36
2026/10/10 15:23:43.848, 6, 76045 MiB, 100 %, 232.13 W, 1980 MHz, 21 %, 34
2026/10/10 15:23:43.848, 7, 76045 MiB, 100 %, 270.62 W, 1980 MHz, 21 %, 69
2026/10/10 15:23:44.848, 0, 76045 MiB, 100 %, 239.74 W, 1980 MHz, 21 %, 33
2026/10/10 15:23:44.849, 1, 76045 MiB, 100 %, 263.77 W, 1980 MHz, 22 %, 58
2026/10/10 15:23:44.849, 2, 76045 MiB, 100 %, 242.90 W, 1980 MHz, 21 %, 38
2026/10/10 15:23:44.849, 3, 76045 MiB, 100 %, 236.43 W, 1980 MHz, 21 %, 32
2026/10/10 15:23:44.849, 4, 76045 MiB, 100 %, 234.21 W, 1980 MHz, 21 %, 32
2026/10/10 15:23:44.849, 5, 76045 MiB, 100 %, 242.15 W, 1980 MHz, 21 %, 36
2026/10/10 15:23:44.849, 6, 76045 MiB, 100 %, 230.57 W, 1980 MHz, 22 %, 34
2026/10/10 15:23:44.849, 7, 76045 MiB, 100 %, 271.99 W, 1980 MHz, 21 %, 69
2026/10/10 15:23:45.849, 0, 76045 MiB, 100 %, 241.18 W, 1980 MHz, 21 %, 33
2026/10/10 15:23:45.849, 1, 76045 MiB, 100 %, 261.80 W, 1980 MHz, 21 %, 58
2026/10/10 15:23:45.849, 2, 76045 MiB, 100 %, 243.43 W, 1980 MHz, 21 %, 38
2026/10/10 15:23:45.849, 3, 76045 MiB, 100 %, 236.80 W, 1980 MHz, 21 %, 31
2026/10/10 15:23:45.849, 4, 76045 MiB, 100 %, 233.22 W, 1980 MHz, 21 %, 32
2026/10/10 15:23:45.849, 5, 76045 MiB, 100 %, 240.76 W, 1980 MHz, 22 %, 36
2026/10/10 15:23:45.849, 6, 76045 MiB, 100 %, 230.68 W, 1980 MHz, 21 %, 34
2026/10/10 15:23:45.850, 7, 76045 MiB, 100 %, 270.03 W, 1980 MHz, 21 %, 69
2026/10/10 15:23:46.850, 0, 76045 MiB, 100 %, 241.24 W, 1980 MHz, 21 %, 33
2026/10/10 15:23:46.850, 1, 76045 MiB, 100 %, 258.48 W, 1980 MHz, 21 %, 58
2026/10/10 15:23:46.850, 2, 76045 MiB, 100 %, 244.27 W, 1980 MHz, 22 %, 38
2026/10/10 15:23:46.850, 3, 76045 MiB, 100 %, 236.66 W, 1980 MHz, 21 %, 32
2026/10/10 15:23:46.850, 4, 76045 MiB, 100 %, 233.01 W, 1980 MHz, 21 %, 32
2026/10/10 15:23:46.850, 5, 76045 MiB, 100 %, 241.39 W, 1980 MHz, 21 %, 36
2026/10/10 15:23:46.850, 6, 76045 MiB, 100 %, 233.29 W, 1980 MHz, 22 %, 34
2026/10/10 15:23:46.850, 7, 76045 MiB, 100 %, 267.37 W, 1980 MHz, 21 %, 69
2026/10/10 15:23:47.850, 0, 76045 MiB, 100 %, 240.88 W, 1980 MHz, 21 %, 33
2026/10/10 15:23:47.850, 1, 76045 MiB, 100 %, 257.63 W, 1980 MHz, 21 %, 58
2026/10/10 15:23:47.851, 2, 76045 MiB, 100 %, 244.56 W, 1980 MHz, 22 %, 38
2026/10/10 15:23:47.851, 3, 76045 MiB, 100 %, 237.67 W, 1980 MHz, 21 %, 31
2026/10/10 15:23:47.851, 4, 76045 MiB, 100 %, 232.51 W, 1980 MHz, 21 %, 32
2026/10/10 15:23:47.851, 5, 76045 MiB, 100 %, 240.89 W, 1980 MHz, 21 %, 36
2026/10/10 15:23:47.851, 6, 76045 MiB, 100 %, 231.62 W, 1980 MHz, 21 %, 34
2026/10/10 15:23:47.851, 7, 76045 MiB, 100 %, 267.93 W, 1980 MHz, 21 %, 69
2026/10/10 15:23:48.851, 0, 76045 MiB, 100 %, 241.41 W, 1980 MHz, 21 %, 33
2026/10/10 15:23:48.851, 1, 76045 MiB, 100 %, 257.08 W, 1980 MHz, 21 %, 58
2026/10/10 15:23:48.851, 2, 76045 MiB, 100 %, 244.61 W, 1980 MHz, 22 %, 38
2026/10/10 15:23:48.851, 3, 76045 MiB, 100 %, 236.24 W, 1980 MHz, 22 %, 32
2026/10/10 15:23:48.851, 4, 76045 MiB, 100 %, 232.17 W, 1980 MHz, 21 %, 32
2026/10/10 15:23:48.851, 5, 76045 MiB, 100 %, 239.10 W, 1980 MHz, 22 %, 36
2026/10/10 15:23:48.851, 6, 76045 MiB, 100 %, 233.41 W, 1980 MHz, 21 %, 34
2026/10/10 15:23:48.851, 7, 76045 MiB, 100 %, 267.17 W, 1980 MHz, 21 %, 69
2026/10/10 15:23:49.852, 0, 76045 MiB, 100 %, 239.06 W, 1980 MHz, 21 %, 33
2026/10/10 15:23:49.852, 1, 76045 MiB, 100 %, 259.80 W, 1980 MHz, 21 %, 58
2026/10/10 15:23:49.852, 2, 76045 MiB, 100 %, 241.32 W, 1980 MHz, 21 %, 38
2026/10/10 15:23:49.852, 3, 76045 MiB, 100 %, 236.97 W, 1980 MHz, 21 %, 31
2026/10/10 15:23:49.852, 4, 76045 MiB, 100 %, 234.13 W, 1980 MHz, 21 %, 32
2026/10/10 15:23:49.852, 5, 76045 MiB, 100 %, 241.23 W, 1980 MHz, 21 %, 36
2026/10/10 15:23:49.852, 6, 76045 MiB, 100 %, 230.96 W, 1980 MHz, 21 %, 33
2026/10/10 15:23:49.852, 7, 76045 MiB, 100 %, 268.92 W, 1980 MHz, 21 %, 69
2026/10/10 15:23:50.852, 0, 76045 MiB, 100 %, 239.80 W, 1980 MHz, 21 %, 33
2026/10/10 15:23:50.852, 1, 76045 MiB, 100 %, 260.40 W, 1980 MHz, 21 %, 58
2026/10/10 15:23:50.852, 2, 76045 MiB, 100 %, 240.67 W, 1980 MHz, 21 %, 38
2026/10/10 15:23:50.853, 3, 76045 MiB, 100 %, 237.78 W, 1980 MHz, 21 %, 32
2026/10/10 15:23:50.853, 4, 76045 MiB, 100 %, 232.23 W, 1980 MHz, 21 %, 32
2026/10/10 15:23:50.853, 5, 76045 MiB, 100 %, 241.97 W, 1980 MHz, 21 %, 36
2026/10/10 15:23:50.853, 6, 76045 MiB, 100 %, 231.95 W, 1980 MHz, 21 %, 33
2026/10/10 15:23:50.853, 7, 76045 MiB, 100 %, 269.38 W, 1980 MHz, 21 %, 69
2026/10/10 15:23:51.853, 0, 76045 MiB, 100 %, 239.29 W, 1980 MHz, 21 %, 33
2026/10/10 15:23:51.853, 1, 76045 MiB, 100 %, 259.32 W, 1980 MHz, 21 %, 58
2026/10/10 15:23:51.853, 2, 76045 MiB, 100 %, 242.10 W, 1980 MHz, 21 %, 38
2026/10/10 15:23:51.853, 3, 76045 MiB, 100 %, 236.03 W, 1980 MHz, 21 %, 31
2026/10/10 15:23:51.853, 4, 76045 MiB, 100 %, 232.91 W, 1980 MHz, 21 %, 32
2026/10/10 15:23:51.853, 5, 76045 MiB, 100 %, 240.53 W, 1980 MHz, 20 %, 36
2026/10/10 15:23:51.853, 6, 76045 MiB, 100 %, 232.56 W, 1980 MHz, 21 %, 33
2026/10/10 15:23:51.853, 7, 76045 MiB, 100 %, 270.10 W, 1980 MHz, 21 %, 69
2026/10/10 15:23:52.854, 0, 76045 MiB, 100 %, 238.56 W, 1980 MHz, 21 %, 33
2026/10/10 15:23:52.854, 1, 76045 MiB, 100 %, 257.52 W, 1980 MHz, 21 %, 57
2026/10/10 15:23:52.854, 2, 76045 MiB, 100 %, 240.26 W, 1980 MHz, 21 %, 37
2026/10/10 15:23:52.854, 3, 76045 MiB, 78 %, 234.59 W, 1980 MHz, 15 %, 32
2026/10/10 15:23:52.854, 4, 76045 MiB, 73 %, 232.78 W, 1980 MHz, 16 %, 33
2026/10/10 15:23:52.854, 5, 76045 MiB, 100 %, 240.71 W, 1980 MHz, 21 %, 36
2026/10/10 15:23:52.854, 6, 76045 MiB, 72 %, 227.75 W, 1980 MHz, 13 %, 33
2026/10/10 15:23:52.854, 7, 76045 MiB, 88 %, 271.66 W, 1980 MHz, 19 %, 69
2026/10/10 15:23:53.854, 0, 76045 MiB, 100 %, 246.49 W, 1980 MHz, 21 %, 33
2026/10/10 15:23:53.854, 1, 76045 MiB, 100 %, 269.72 W, 1980 MHz, 22 %, 58
2026/10/10 15:23:53.855, 2, 76045 MiB, 100 %, 246.45 W, 1980 MHz, 21 %, 38
2026/10/10 15:23:53.855, 3, 76045 MiB, 100 %, 243.52 W, 1980 MHz, 22 %, 31
2026/10/10 15:23:53.855, 4, 76045 MiB, 100 %, 236.30 W, 1980 MHz, 21 %, 32
2026/10/10 15:23:53.855, 5, 76045 MiB, 100 %, 246.45 W, 1980 MHz, 21 %, 36
2026/10/10 15:23:53.855, 6, 76045 MiB, 100 %, 236.16 W, 1980 MHz, 22 %, 34
2026/10/10 15:23:53.855, 7, 76045 MiB, 100 %, 270.85 W, 1980 MHz, 20 %, 69
2026/10/10 15:23:54.855, 0, 76045 MiB, 100 %, 239.68 W, 1980 MHz, 21 %, 33
2026/10/10 15:23:54.855, 1, 76045 MiB, 100 %, 264.71 W, 1980 MHz, 22 %, 58
2026/10/10 15:23:54.855, 2, 76045 MiB, 100 %, 241.20 W, 1980 MHz, 21 %, 37
2026/10/10 15:23:54.855, 3, 76045 MiB, 100 %, 239.76 W, 1980 MHz, 22 %, 32
2026/10/10 15:23:54.855, 4, 76045 MiB, 100 %, 233.67 W, 1980 MHz, 21 %, 32
2026/10/10 15:23:54.855, 5, 76045 MiB, 100 %, 239.69 W, 1980 MHz, 21 %, 36
2026/10/10 15:23:54.855, 6, 76045 MiB, 100 %, 233.23 W, 1980 MHz, 22 %, 34
2026/10/10 15:23:54.855, 7, 76045 MiB, 100 %, 267.60 W, 1980 MHz, 20 %, 69
2026/10/10 15:23:55.856, 0, 76045 MiB, 100 %, 241.57 W, 1980 MHz, 21 %, 33
2026/10/10 15:23:55.856, 1, 76045 MiB, 100 %, 262.13 W, 1980 MHz, 22 %, 58
2026/10/10 15:23:55.856, 2, 76045 MiB, 100 %, 239.76 W, 1980 MHz, 21 %, 37
2026/10/10 15:23:55.856, 3, 76045 MiB, 100 %, 239.51 W, 1980 MHz, 21 %, 32
2026/10/10 15:23:55.856, 4, 76045 MiB, 100 %, 233.76 W, 1980 MHz, 20 %, 32
2026/10/10 15:23:55.856, 5, 76045 MiB, 100 %, 239.57 W, 1980 MHz, 21 %, 36
2026/10/10 15:23:55.856, 6, 76045 MiB, 100 %, 233.77 W, 1980 MHz, 22 %, 33
2026/10/10 15:23:55.856, 7, 76045 MiB, 100 %, 266.33 W, 1980 MHz, 21 %, 69
2026/10/10 15:23:56.856, 0, 76045 MiB, 100 %, 238.57 W, 1980 MHz, 21 %, 33
2026/10/10 15:23:56.856, 1, 76045 MiB, 100 %, 262.49 W, 1980 MHz, 22 %, 58
2026/10/10 15:23:56.856, 2, 76045 MiB, 100 %, 239.83 W, 1980 MHz, 21 %, 37
2026/10/10 15:23:56.857, 3, 76045 MiB, 100 %, 238.13 W, 1980 MHz, 21 %, 32
2026/10/10 15:23:56.857, 4, 76045 MiB, 100 %, 233.73 W, 1980 MHz, 21 %, 32
2026/10/10 15:23:56.857, 5, 76045 MiB, 100 %, 239.53 W, 1980 MHz, 21 %, 36
2026/10/10 15:23:56.857, 6, 76045 MiB, 100 %, 232.13 W, 1980 MHz, 21 %, 34
2026/10/10 15:23:56.857, 7, 76045 MiB, 100 %, 266.99 W, 1980 MHz, 21 %, 69
2026/10/10 15:23:57.857, 0, 76045 MiB, 100 %, 238.29 W, 1980 MHz, 21 %, 33
2026/10/10 15:23:57.857, 1, 76045 MiB, 100 %, 259.92 W, 1980 MHz, 22 %, 58
2026/10/10 15:23:57.857, 2, 76045 MiB, 100 %, 240.25 W, 1980 MHz, 21 %, 37
2026/10/10 15:23:57.857, 3, 76045 MiB, 100 %, 239.79 W, 1980 MHz, 22 %, 32
2026/10/10 15:23:57.857, 4, 76045 MiB, 100 %, 233.76 W, 1980 MHz, 21 %, 32
2026/10/10 15:23:57.857, 5, 76045 MiB, 100 %, 240.70 W, 1980 MHz, 22 %, 36
2026/10/10 15:23:57.857, 6, 76045 MiB, 100 %, 233.43 W, 1980 MHz, 22 %, 33
2026/10/10 15:23:57.857, 7, 76045 MiB, 100 %, 267.88 W, 1980 MHz, 21 %, 69
2026/10/10 15:23:58.858, 0, 76045 MiB, 100 %, 238.84 W, 1980 MHz, 21 %, 33
2026/10/10 15:23:58.858, 1, 76045 MiB, 100 %, 260.64 W, 1980 MHz, 22 %, 58
2026/10/10 15:23:58.858, 2, 76045 MiB, 100 %, 238.26 W, 1980 MHz, 21 %, 37
2026/10/10 15:23:58.858, 3, 76045 MiB, 100 %, 238.94 W, 1980 MHz, 21 %, 32
2026/10/10 15:23:58.858, 4, 76045 MiB, 100 %, 234.65 W, 1980 MHz, 21 %, 32
2026/10/10 15:23:58.858, 5, 76045 MiB, 100 %, 242.08 W, 1980 MHz, 22 %, 36
2026/10/10 15:23:58.858, 6, 76045 MiB, 100 %, 233.08 W, 1980 MHz, 22 %, 33
2026/10/10 15:23:58.858, 7, 76045 MiB, 100 %, 267.61 W, 1980 MHz, 21 %, 69
2026/10/10 15:23:59.858, 0, 76045 MiB, 100 %, 238.42 W, 1980 MHz, 21 %, 33
2026/10/10 15:23:59.858, 1, 76045 MiB, 100 %, 260.42 W, 1980 MHz, 21 %, 58
2026/10/10 15:23:59.859, 2, 76045 MiB, 100 %, 238.69 W, 1980 MHz, 22 %, 37
2026/10/10 15:23:59.859, 3, 76045 MiB, 100 %, 237.49 W, 1980 MHz, 21 %, 32
2026/10/10 15:23:59.859, 4, 76045 MiB, 100 %, 233.92 W, 1980 MHz, 22 %, 32
2026/10/10 15:23:59.859, 5, 76045 MiB, 100 %, 241.86 W, 1980 MHz, 21 %, 36
2026/10/10 15:23:59.859, 6, 76045 MiB, 100 %, 233.25 W, 1980 MHz, 22 %, 33
2026/10/10 15:23:59.859, 7, 76045 MiB, 100 %, 266.59 W, 1980 MHz, 20 %, 69
2026/10/10 15:24:00.859, 0, 76045 MiB, 100 %, 239.94 W, 1980 MHz, 21 %, 33
2026/10/10 15:24:00.859, 1, 76045 MiB, 100 %, 261.20 W, 1980 MHz, 21 %, 58
2026/10/10 15:24:00.859, 2, 76045 MiB, 100 %, 238.00 W, 1980 MHz, 21 %, 37
2026/10/10 15:24:00.859, 3, 76045 MiB, 100 %, 238.37 W, 1980 MHz, 21 %, 32
2026/10/10 15:24:00.859, 4, 76045 MiB, 100 %, 233.33 W, 1980 MHz, 21 %, 32
2026/10/10 15:24:00.859, 5, 76045 MiB, 100 %, 241.36 W, 1980 MHz, 21 %, 36
2026/10/10 15:24:00.859, 6, 76045 MiB, 100 %, 234.17 W, 1980 MHz, 22 %, 33
2026/10/10 15:24:00.859, 7, 76045 MiB, 100 %, 265.32 W, 1980 MHz, 20 %, 69
2026/10/10 15:24:01.860, 0, 76045 MiB, 100 %, 238.17 W, 1980 MHz, 21 %, 33
2026/10/10 15:24:01.860, 1, 76045 MiB, 100 %, 261.54 W, 1980 MHz, 22 %, 58
2026/10/10 15:24:01.860, 2, 76045 MiB, 100 %, 238.84 W, 1980 MHz, 21 %, 37
2026/10/10 15:24:01.860, 3, 76045 MiB, 100 %, 239.31 W, 1980 MHz, 21 %, 32
2026/10/10 15:24:01.860, 4, 76045 MiB, 100 %, 233.93 W, 1980 MHz, 21 %, 32
2026/10/10 15:24:01.860, 5, 76045 MiB, 100 %, 241.63 W, 1980 MHz, 21 %, 36
2026/10/10 15:24:01.860, 6, 76045 MiB, 100 %, 233.41 W, 1980 MHz, 21 %, 33
2026/10/10 15:24:01.860, 7, 76045 MiB, 100 %, 264.95 W, 1980 MHz, 21 %, 69
2026/10/10 15:24:02.860, 0, 76045 MiB, 100 %, 237.88 W, 1980 MHz, 21 %, 33
2026/10/10 15:24:02.860, 1, 76045 MiB, 100 %, 263.06 W, 1980 MHz, 22 %, 58
2026/10/10 15:24:02.860, 2, 76045 MiB, 100 %, 237.62 W, 1980 MHz, 21 %, 37
2026/10/10 15:24:02.861, 3, 76045 MiB, 100 %, 237.03 W, 1980 MHz, 21 %, 32
2026/10/10 15:24:02.861, 4, 76045 MiB, 100 %, 233.55 W, 1980 MHz, 21 %, 32
2026/10/10 15:24:02.861, 5, 76045 MiB, 100 %, 239.76 W, 1980 MHz, 21 %, 36
2026/10/10 15:24:02.861, 6, 76045 MiB, 100 %, 231.53 W, 1980 MHz, 21 %, 33
2026/10/10 15:24:02.861, 7, 76045 MiB, 100 %, 267.52 W, 1980 MHz, 21 %, 69
2026/10/10 15:24:03.861, 0, 76045 MiB, 100 %, 238.95 W, 1980 MHz, 21 %, 33
2026/10/10 15:24:03.861, 1, 76045 MiB, 100 %, 261.77 W, 1980 MHz, 22 %, 58
2026/10/10 15:24:03.861, 2, 76045 MiB, 100 %, 239.41 W, 1980 MHz, 21 %, 37
2026/10/10 15:24:03.861, 3, 76045 MiB, 100 %, 239.49 W, 1980 MHz, 22 %, 32
2026/10/10 15:24:03.861, 4, 76045 MiB, 100 %, 233.15 W, 1980 MHz, 21 %, 32
2026/10/10 15:24:03.861, 5, 76045 MiB, 100 %, 240.19 W, 1980 MHz, 20 %, 36
2026/10/10 15:24:03.861, 6, 76045 MiB, 100 %, 230.74 W, 1980 MHz, 21 %, 33
2026/10/10 15:24:03.862, 7, 76045 MiB, 100 %, 268.11 W, 1980 MHz, 20 %, 69
2026/10/10 15:24:04.862, 0, 76045 MiB, 100 %, 239.05 W, 1980 MHz, 21 %, 33
2026/10/10 15:24:04.862, 1, 76045 MiB, 100 %, 263.23 W, 1980 MHz, 22 %, 58
2026/10/10 15:24:04.862, 2, 76045 MiB, 100 %, 238.94 W, 1980 MHz, 21 %, 37
2026/10/10 15:24:04.862, 3, 76045 MiB, 100 %, 239.07 W, 1980 MHz, 21 %, 32
2026/10/10 15:24:04.862, 4, 76045 MiB, 100 %, 232.86 W, 1980 MHz, 21 %, 32
2026/10/10 15:24:04.862, 5, 76045 MiB, 100 %, 239.16 W, 1980 MHz, 21 %, 36
2026/10/10 15:24:04.862, 6, 76045 MiB, 100 %, 232.02 W, 1980 MHz, 22 %, 33
2026/10/10 15:24:04.862, 7, 76045 MiB, 100 %, 267.06 W, 1980 MHz, 21 %, 69
2026/10/10 15:24:05.862, 0, 76045 MiB, 100 %, 240.79 W, 1980 MHz, 21 %, 33
2026/10/10 15:24:05.862, 1, 76045 MiB, 100 %, 264.76 W, 1980 MHz, 22 %, 58
2026/10/10 15:24:05.863, 2, 76045 MiB, 100 %, 238.48 W, 1980 MHz, 21 %, 37
2026/10/10 15:24:05.863, 3, 76045 MiB, 100 %, 237.91 W, 1980 MHz, 21 %, 32
2026/10/10 15:24:05.863, 4, 76045 MiB, 100 %, 232.33 W, 1980 MHz, 21 %, 32
2026/10/10 15:24:05.863, 5, 76045 MiB, 100 %, 240.55 W, 1980 MHz, 21 %, 36
2026/10/10 15:24:05.863, 6, 76045 MiB, 100 %, 233.18 W, 1980 MHz, 22 %, 33
2026/10/10 15:24:05.863, 7, 76045 MiB, 100 %, 266.79 W, 1980 MHz, 21 %, 69
2026/10/10 15:24:06.863, 0, 76045 MiB, 100 %, 247.79 W, 1980 MHz, 21 %, 33
2026/10/10 15:24:06.863, 1, 76045 MiB, 100 %, 269.20 W, 1980 MHz, 21 %, 58
2026/10/10 15:24:06.863, 2, 76045 MiB, 100 %, 246.99 W, 1980 MHz, 21 %, 38
2026/10/10 15:24:06.863, 3, 76045 MiB, 100 %, 241.20 W, 1980 MHz, 21 %, 32
2026/10/10 15:24:06.863, 4, 76045 MiB, 100 %, 241.36 W, 1980 MHz, 22 %, 32
2026/10/10 15:24:06.863, 5, 76045 MiB, 100 %, 246.78 W, 1980 MHz, 22 %, 36
2026/10/10 15:24:06.863, 6, 76045 MiB, 100 %, 236.19 W, 1980 MHz, 22 %, 34
2026/10/10 15:24:06.863, 7, 76045 MiB, 100 %, 276.65 W, 1980 MHz, 21 %, 69
2026/10/10 15:24:07.864, 0, 76045 MiB, 100 %, 242.10 W, 1980 MHz, 21 %, 33
2026/10/10 15:24:07.864, 1, 76045 MiB, 100 %, 260.34 W, 1980 MHz, 21 %, 58
2026/10/10 15:24:07.864, 2, 76045 MiB, 100 %, 240.68 W, 1980 MHz, 22 %, 37
2026/10/10 15:24:07.864, 3, 76045 MiB, 100 %, 237.51 W, 1980 MHz, 21 %, 32
2026/10/10 15:24:07.864, 4, 76045 MiB, 100 %, 236.86 W, 1980 MHz, 21 %, 32
2026/10/10 15:24:07.864, 5, 76045 MiB, 100 %, 241.56 W, 1980 MHz, 21 %, 36
2026/10/10 15:24:07.864, 6, 76045 MiB, 100 %, 230.18 W, 1980 MHz, 21 %, 33
2026/10/10 15:24:07.864, 7, 76045 MiB, 100 %, 270.36 W, 1980 MHz, 21 %, 69
2026/10/10 15:24:08.864, 0, 76045 MiB, 100 %, 242.20 W, 1980 MHz, 22 %, 33
2026/10/10 15:24:08.864, 1, 76045 MiB, 100 %, 263.11 W, 1980 MHz, 22 %, 58
2026/10/10 15:24:08.864, 2, 76045 MiB, 100 %, 239.13 W, 1980 MHz, 21 %, 37
2026/10/10 15:24:08.864, 3, 76045 MiB, 100 %, 237.22 W, 1980 MHz, 21 %, 32
2026/10/10 15:24:08.865, 4, 76045 MiB, 100 %, 236.58 W, 1980 MHz, 21 %, 32
2026/10/10 15:24:08.865, 5, 76045 MiB, 100 %, 240.49 W, 1980 MHz, 21 %, 36
2026/10/10 15:24:08.865, 6, 76045 MiB, 100 %, 231.46 W, 1980 MHz, 21 %, 33
2026/10/10 15:24:08.865, 7, 76045 MiB, 100 %, 267.74 W, 1980 MHz, 20 %, 69
2026/10/10 15:24:09.865, 0, 76045 MiB, 100 %, 240.73 W, 1980 MHz, 21 %, 33
2026/10/10 15:24:09.865, 1, 76045 MiB, 100 %, 262.99 W, 1980 MHz, 21 %, 58
2026/10/10 15:24:09.865, 2, 76045 MiB, 100 %, 239.18 W, 1980 MHz, 21 %, 37
2026/10/10 15:24:09.865, 3, 76045 MiB, 100 %, 238.20 W, 1980 MHz, 21 %, 32
2026/10/10 15:24:09.865, 4, 76045 MiB, 100 %, 238.60 W, 1980 MHz, 22 %, 32
2026/10/10 15:24:09.865, 5, 76045 MiB, 100 %, 240.62 W, 1980 MHz, 22 %, 36
2026/10/10 15:24:09.865, 6, 76045 MiB, 100 %, 231.15 W, 1980 MHz, 21 %, 33
2026/10/10 15:24:09.865, 7, 76045 MiB, 100 %, 269.30 W, 1980 MHz, 22 %, 69
2026/10/10 15:24:10.866, 0, 76045 MiB, 100 %, 239.76 W, 1980 MHz, 22 %, 33
2026/10/10 15:24:10.866, 1, 76045 MiB, 100 %, 260.22 W, 1980 MHz, 21 %, 58
2026/10/10 15:24:10.866, 2, 76045 MiB, 100 %, 239.93 W, 1980 MHz, 22 %, 37
2026/10/10 15:24:10.866, 3, 76045 MiB, 100 %, 238.20 W, 1980 MHz, 21 %, 32
2026/10/10 15:24:10.866, 4, 76045 MiB, 100 %, 238.07 W, 1980 MHz, 22 %, 32
2026/10/10 15:24:10.866, 5, 76045 MiB, 100 %, 241.41 W, 1980 MHz, 21 %, 36
2026/10/10 15:24:10.866, 6, 76045 MiB, 100 %, 230.80 W, 1980 MHz, 21 %, 33
2026/10/10 15:24:10.866, 7, 76045 MiB, 100 %, 266.92 W, 1980 MHz, 20 %, 69
2026/10/10 15:24:11.866, 0, 76045 MiB, 100 %, 239.46 W, 1980 MHz, 21 %, 33
2026/10/10 15:24:11.866, 1, 76045 MiB, 100 %, 266.08 W, 1980 MHz, 21 %, 58
2026/10/10 15:24:11.866, 2, 76045 MiB, 100 %, 238.33 W, 1980 MHz, 21 %, 37
2026/10/10 15:24:11.866, 3, 76045 MiB, 100 %, 237.69 W, 1980 MHz, 21 %, 32
2026/10/10 15:24:11.867, 4, 76045 MiB, 100 %, 238.18 W, 1980 MHz, 21 %, 32
2026/10/10 15:24:11.867, 5, 76045 MiB, 100 %, 238.78 W, 1980 MHz, 22 %, 36
2026/10/10 15:24:11.867, 6, 76045 MiB, 100 %, 230.99 W, 1980 MHz, 21 %, 33
2026/10/10 15:24:11.867, 7, 76045 MiB, 100 %, 267.53 W, 1980 MHz, 21 %, 69
2026/10/10 15:24:12.867, 0, 76045 MiB, 100 %, 241.38 W, 1980 MHz, 21 %, 33
2026/10/10 15:24:12.867, 1, 76045 MiB, 100 %, 260.26 W, 1980 MHz, 21 %, 58
2026/10/10 15:24:12.867, 2, 76045 MiB, 100 %, 238.29 W, 1980 MHz, 21 %, 37
2026/10/10 15:24:12.867, 3, 76045 MiB, 100 %, 237.06 W, 1980 MHz, 21 %, 32
2026/10/10 15:24:12.867, 4, 76045 MiB, 100 %, 237.87 W, 1980 MHz, 21 %, 32
2026/10/10 15:24:12.867, 5, 76045 MiB, 100 %, 240.68 W, 1980 MHz, 21 %, 36
2026/10/10 15:24:12.867, 6, 76045 MiB, 100 %, 230.70 W, 1980 MHz, 21 %, 33
2026/10/10 15:24:12.867, 7, 76045 MiB, 100 %, 270.03 W, 1980 MHz, 20 %, 69
2026/10/10 15:24:13.867, 0, 76045 MiB, 100 %, 240.99 W, 1980 MHz, 21 %, 33
2026/10/10 15:24:13.868, 1, 76045 MiB, 100 %, 259.94 W, 1980 MHz, 21 %, 58
2026/10/10 15:24:13.868, 2, 76045 MiB, 100 %, 240.37 W, 1980 MHz, 22 %, 37
2026/10/10 15:24:13.868, 3, 76045 MiB, 100 %, 237.65 W, 1980 MHz, 22 %, 32
2026/10/10 15:24:13.868, 4, 76045 MiB, 100 %, 239.17 W, 1980 MHz, 22 %, 32
2026/10/10 15:24:13.868, 5, 76045 MiB, 100 %, 240.88 W, 1980 MHz, 21 %, 36
2026/10/10 15:24:13.868, 6, 76045 MiB, 100 %, 230.52 W, 1980 MHz, 21 %, 33
2026/10/10 15:24:13.868, 7, 76045 MiB, 100 %, 269.40 W, 1980 MHz, 21 %, 69
2026/10/10 15:24:14.868, 0, 76045 MiB, 100 %, 240.84 W, 1980 MHz, 21 %, 33
2026/10/10 15:24:14.868, 1, 76045 MiB, 100 %, 260.68 W, 1980 MHz, 21 %, 58
2026/10/10 15:24:14.868, 2, 76045 MiB, 100 %, 238.20 W, 1980 MHz, 21 %, 37
2026/10/10 15:24:14.868, 3, 76045 MiB, 100 %, 237.15 W, 1980 MHz, 21 %, 32
2026/10/10 15:24:14.868, 4, 76045 MiB, 100 %, 237.09 W, 1980 MHz, 22 %, 32
2026/10/10 15:24:14.868, 5, 76045 MiB, 100 %, 240.80 W, 1980 MHz, 22 %, 36
2026/10/10 15:24:14.869, 6, 76045 MiB, 100 %, 230.58 W, 1980 MHz, 21 %, 33
2026/10/10 15:24:14.869, 7, 76045 MiB, 100 %, 268.80 W, 1980 MHz, 21 %, 69
2026/10/10 15:24:15.869, 0, 76045 MiB, 100 %, 239.55 W, 1980 MHz, 21 %, 33
2026/10/10 15:24:15.869, 1, 76045 MiB, 100 %, 260.13 W, 1980 MHz, 21 %, 58
2026/10/10 15:24:15.869, 2, 76045 MiB, 100 %, 237.61 W, 1980 MHz, 21 %, 37
2026/10/10 15:24:15.869, 3, 76045 MiB, 100 %, 238.44 W, 1980 MHz, 21 %, 32
2026/10/10 15:24:15.869, 4, 76045 MiB, 100 %, 236.54 W, 1980 MHz, 21 %, 32
2026/10/10 15:24:15.869, 5, 76045 MiB, 100 %, 240.29 W, 1980 MHz, 21 %, 36
2026/10/10 15:24:15.869, 6, 76045 MiB, 100 %, 230.92 W, 1980 MHz, 21 %, 33
2026/10/10 15:24:15.869, 7, 76045 MiB, 100 %, 268.39 W, 1980 MHz, 21 %, 69
2026/10/10 15:24:16.869, 0, 76045 MiB, 100 %, 239.10 W, 1980 MHz, 21 %, 33
2026/10/10 15:24:16.870, 1, 76045 MiB, 100 %, 259.85 W, 1980 MHz, 21 %, 58
2026/10/10 15:24:16.870, 2, 76045 MiB, 100 %, 238.43 W, 1980 MHz, 21 %, 37
2026/10/10 15:24:16.870, 3, 76045 MiB, 100 %, 237.70 W, 1980 MHz, 21 %, 32
2026/10/10 15:24:16.870, 4, 76045 MiB, 100 %, 236.40 W, 1980 MHz, 22 %, 32
2026/10/10 15:24:16.870, 5, 76045 MiB, 100 %, 241.97 W, 1980 MHz, 21 %, 36
2026/10/10 15:24:16.870, 6, 76045 MiB, 100 %, 231.46 W, 1980 MHz, 21 %, 33
2026/10/10 15:24:16.870, 7, 76045 MiB, 100 %, 269.19 W, 1980 MHz, 21 %, 69
2026/10/10 15:24:17.870, 0, 76045 MiB, 100 %, 239.08 W, 1980 MHz, 21 %, 33
2026/10/10 15:24:17.870, 1, 76045 MiB, 100 %, 259.91 W, 1980 MHz, 21 %, 58
2026/10/10 15:24:17.870, 2, 76045 MiB, 100 %, 240.45 W, 1980 MHz, 22 %, 37
2026/10/10 15:24:17.871, 3, 76045 MiB, 100 %, 238.07 W, 1980 MHz, 21 %, 32
2026/10/10 15:24:17.871, 4, 76045 MiB, 100 %, 236.74 W, 1980 MHz, 21 %, 32
2026/10/10 15:24:17.871, 5, 76045 MiB, 100 %, 242.22 W, 1980 MHz, 21 %, 36
2026/10/10 15:24:17.871, 6, 76045 MiB, 100 %, 232.24 W, 1980 MHz, 21 %, 33
2026/10/10 15:24:17.871, 7, 76045 MiB, 100 %, 267.22 W, 1980 MHz, 20 %, 69
2026/10/10 15:24:18.871, 0, 76045 MiB, 100 %, 239.91 W, 1980 MHz, 22 %, 33
2026/10/10 15:24:18.871, 1, 76045 MiB, 100 %, 260.27 W, 1980 MHz, 21 %, 58
2026/10/10 15:24:18.871, 2, 76045 MiB, 100 %, 241.27 W, 1980 MHz, 21 %, 37
2026/10/10 15:24:18.871, 3, 76045 MiB, 100 %, 238.22 W, 1980 MHz, 21 %, 32
2026/10/10 15:24:18.871, 4, 76045 MiB, 100 %, 234.49 W, 1980 MHz, 21 %, 32
2026/10/10 15:24:18.871, 5, 76045 MiB, 100 %, 242.31 W, 1980 MHz, 21 %, 36
2026/10/10 15:24:18.871, 6, 76045 MiB, 100 %, 230.73 W, 1980 MHz, 21 %, 33
2026/10/10 15:24:18.871, 7, 76045 MiB, 100 %, 267.57 W, 1980 MHz, 21 %, 69
2026/10/10 15:24:19.872, 0, 76045 MiB, 100 %, 238.00 W, 1980 MHz, 21 %, 33
2026/10/10 15:24:19.872, 1, 76045 MiB, 100 %, 259.75 W, 1980 MHz, 21 %, 58
2026/10/10 15:24:19.872, 2, 76045 MiB, 100 %, 239.32 W, 1980 MHz, 21 %, 37
2026/10/10 15:24:19.872, 3, 76045 MiB, 100 %, 237.62 W, 1980 MHz, 21 %, 32
2026/10/10 15:24:19.872, 4, 76045 MiB, 100 %, 235.56 W, 1980 MHz, 22 %, 32
2026/10/10 15:24:19.872, 5, 76045 MiB, 100 %, 241.68 W, 1980 MHz, 22 %, 36
2026/10/10 15:24:19.872, 6, 76045 MiB, 100 %, 230.67 W, 1980 MHz, 21 %, 33
2026/10/10 15:24:19.872, 7, 76045 MiB, 100 %, 269.22 W, 1980 MHz, 21 %, 69
2026/10/10 15:24:20.872, 0, 76045 MiB, 100 %, 239.47 W, 1980 MHz, 21 %, 33
2026/10/10 15:24:20.872, 1, 76045 MiB, 100 %, 272.71 W, 1980 MHz, 21 %, 58
2026/10/10 15:24:20.872, 2, 76045 MiB, 100 %, 252.97 W, 1980 MHz, 21 %, 37
2026/10/10 15:24:20.872, 3, 76045 MiB, 100 %, 244.50 W, 1980 MHz, 21 %, 32
2026/10/10 15:24:20.873, 4, 76045 MiB, 100 %, 240.76 W, 1980 MHz, 22 %, 32
2026/10/10 15:24:20.873, 5, 76045 MiB, 100 %, 244.75 W, 1980 MHz, 22 %, 36
2026/10/10 15:24:20.873, 6, 76045 MiB, 100 %, 231.84 W, 1980 MHz, 21 %, 33
2026/10/10 15:24:20.873, 7, 76045 MiB, 100 %, 272.46 W, 1980 MHz, 21 %, 69
2026/10/10 15:24:21.873, 0, 76045 MiB, 100 %, 238.95 W, 1980 MHz, 21 %, 33
2026/10/10 15:24:21.873, 1, 76045 MiB, 100 %, 262.80 W, 1980 MHz, 21 %, 58
2026/10/10 15:24:21.873, 2, 76045 MiB, 100 %, 239.53 W, 1980 MHz, 22 %, 37
2026/10/10 15:24:21.873, 3, 76045 MiB, 100 %, 238.25 W, 1980 MHz, 21 %, 32
2026/10/10 15:24:21.873, 4, 76045 MiB, 100 %, 234.91 W, 1980 MHz, 21 %, 32
2026/10/10 15:24:21.873, 5, 76045 MiB, 100 %, 240.89 W, 1980 MHz, 22 %, 36
2026/10/10 15:24:21.873, 6, 76045 MiB, 100 %, 232.06 W, 1980 MHz, 21 %, 33
2026/10/10 15:24:21.873, 7, 76045 MiB, 100 %, 268.54 W, 1980 MHz, 22 %, 69
2026/10/10 15:24:22.874, 0, 76045 MiB, 100 %, 237.48 W, 1980 MHz, 21 %, 33
2026/10/10 15:24:22.874, 1, 76045 MiB, 100 %, 261.31 W, 1980 MHz, 21 %, 58
2026/10/10 15:24:22.874, 2, 76045 MiB, 100 %, 238.67 W, 1980 MHz, 21 %, 37
2026/10/10 15:24:22.874, 3, 76045 MiB, 100 %, 237.89 W, 1980 MHz, 21 %, 32
2026/10/10 15:24:22.874, 4, 76045 MiB, 100 %, 235.06 W, 1980 MHz, 21 %, 32
2026/10/10 15:24:22.874, 5, 76045 MiB, 100 %, 240.98 W, 1980 MHz, 21 %, 36
2026/10/10 15:24:22.874, 6, 76045 MiB, 100 %, 233.96 W, 1980 MHz, 22 %, 33
2026/10/10 15:24:22.874, 7, 76045 MiB, 100 %, 269.05 W, 1980 MHz, 22 %, 69
2026/10/10 15:24:23.874, 0, 76045 MiB, 100 %, 239.53 W, 1980 MHz, 21 %, 33
2026/10/10 15:24:23.874, 1, 76045 MiB, 100 %, 262.68 W, 1980 MHz, 22 %, 58
2026/10/10 15:24:23.875, 2, 76045 MiB, 100 %, 237.87 W, 1980 MHz, 21 %, 37
2026/10/10 15:24:23.875, 3, 76045 MiB, 100 %, 239.05 W, 1980 MHz, 21 %, 32
2026/10/10 15:24:23.875, 4, 76045 MiB, 100 %, 233.22 W, 1980 MHz, 21 %, 32
2026/10/10 15:24:23.875, 5, 76045 MiB, 100 %, 242.77 W, 1980 MHz, 22 %, 36
2026/10/10 15:24:23.875, 6, 76045 MiB, 100 %, 235.83 W, 1980 MHz, 22 %, 33
2026/10/10 15:24:23.875, 7, 76045 MiB, 100 %, 267.31 W, 1980 MHz, 21 %, 69
2026/10/10 15:24:24.875, 0, 76045 MiB, 100 %, 238.88 W, 1980 MHz, 21 %, 33
2026/10/10 15:24:24.875, 1, 76045 MiB, 100 %, 263.15 W, 1980 MHz, 21 %, 58
2026/10/10 15:24:24.875, 2, 76045 MiB, 100 %, 237.75 W, 1980 MHz, 21 %, 37
2026/10/10 15:24:24.875, 3, 76045 MiB, 100 %, 238.31 W, 1980 MHz, 21 %, 32
2026/10/10 15:24:24.875, 4, 76045 MiB, 100 %, 233.66 W, 1980 MHz, 21 %, 32
2026/10/10 15:24:24.875, 5, 76045 MiB, 100 %, 240.64 W, 1980 MHz, 21 %, 36
2026/10/10 15:24:24.875, 6, 76045 MiB, 100 %, 233.50 W, 1980 MHz, 21 %, 33
2026/10/10 15:24:24.875, 7, 76045 MiB, 100 %, 269.59 W, 1980 MHz, 21 %, 69
2026/10/10 15:24:25.876, 0, 76045 MiB, 100 %, 236.13 W, 1980 MHz, 20 %, 33
2026/10/10 15:24:25.876, 1, 76045 MiB, 100 %, 263.02 W, 1980 MHz, 21 %, 58
2026/10/10 15:24:25.876, 2, 76045 MiB, 100 %, 238.25 W, 1980 MHz, 21 %, 37
2026/10/10 15:24:25.876, 3, 76045 MiB, 100 %, 238.16 W, 1980 MHz, 21 %, 32
2026/10/10 15:24:25.876, 4, 76045 MiB, 100 %, 235.17 W, 1980 MHz, 22 %, 32
2026/10/10 15:24:25.876, 5, 76045 MiB, 100 %, 241.54 W, 1980 MHz, 22 %, 36
2026/10/10 15:24:25.876, 6, 76045 MiB, 100 %, 233.31 W, 1980 MHz, 21 %, 33
2026/10/10 15:24:25.876, 7, 76045 MiB, 100 %, 269.23 W, 1980 MHz, 21 %, 69
2026/10/10 15:24:26.876, 0, 76045 MiB, 100 %, 238.55 W, 1980 MHz, 21 %, 33
2026/10/10 15:24:26.877, 1, 76045 MiB, 100 %, 263.15 W, 1980 MHz, 22 %, 58
2026/10/10 15:24:26.877, 2, 76045 MiB, 100 %, 239.67 W, 1980 MHz, 21 %, 37
2026/10/10 15:24:26.877, 3, 76045 MiB, 100 %, 238.24 W, 1980 MHz, 21 %, 32
2026/10/10 15:24:26.877, 4, 76045 MiB, 100 %, 235.96 W, 1980 MHz, 21 %, 32
2026/10/10 15:24:26.877, 5, 76045 MiB, 100 %, 240.95 W, 1980 MHz, 21 %, 36
2026/10/10 15:24:26.877, 6, 76045 MiB, 100 %, 230.73 W, 1980 MHz, 21 %, 33
2026/10/10 15:24:26.877, 7, 76045 MiB, 100 %, 268.34 W, 1980 MHz, 21 %, 69
2026/10/10 15:24:27.877, 0, 76045 MiB, 100 %, 238.71 W, 1980 MHz, 21 %, 33
2026/10/10 15:24:27.877, 1, 76045 MiB, 100 %, 260.89 W, 1980 MHz, 21 %, 58
2026/10/10 15:24:27.877, 2, 76045 MiB, 100 %, 238.53 W, 1980 MHz, 20 %, 37
2026/10/10 15:24:27.877, 3, 76045 MiB, 100 %, 238.60 W, 1980 MHz, 21 %, 32
2026/10/10 15:24:27.877, 4, 76045 MiB, 100 %, 233.99 W, 1980 MHz, 21 %, 32
2026/10/10 15:24:27.877, 5, 76045 MiB, 100 %, 241.75 W, 1980 MHz, 21 %, 36
2026/10/10 15:24:27.878, 6, 76045 MiB, 100 %, 231.99 W, 1980 MHz, 21 %, 33
2026/10/10 15:24:27.878, 7, 76045 MiB, 100 %, 268.80 W, 1980 MHz, 21 %, 69
2026/10/10 15:24:28.878, 0, 76045 MiB, 100 %, 239.52 W, 1980 MHz, 21 %, 33
2026/10/10 15:24:28.878, 1, 76045 MiB, 100 %, 260.64 W, 1980 MHz, 21 %, 58
2026/10/10 15:24:28.878, 2, 76045 MiB, 100 %, 238.88 W, 1980 MHz, 21 %, 37
2026/10/10 15:24:28.878, 3, 76045 MiB, 100 %, 238.65 W, 1980 MHz, 21 %, 32
2026/10/10 15:24:28.878, 4, 76045 MiB, 100 %, 233.66 W, 1980 MHz, 21 %, 32
2026/10/10 15:24:28.878, 5, 76045 MiB, 100 %, 240.06 W, 1980 MHz, 21 %, 36
2026/10/10 15:24:28.878, 6, 76045 MiB, 100 %, 232.04 W, 1980 MHz, 21 %, 33
2026/10/10 15:24:28.878, 7, 76045 MiB, 100 %, 268.83 W, 1980 MHz, 21 %, 69
2026/10/10 15:24:29.878, 0, 76045 MiB, 100 %, 238.59 W, 1980 MHz, 21 %, 33
2026/10/10 15:24:29.879, 1, 76045 MiB, 100 %, 262.33 W, 1980 MHz, 21 %, 58
2026/10/10 15:24:29.879, 2, 76045 MiB, 100 %, 239.11 W, 1980 MHz, 22 %, 37
2026/10/10 15:24:29.879, 3, 76045 MiB, 100 %, 238.86 W, 1980 MHz, 21 %, 32
2026/10/10 15:24:29.879, 4, 76045 MiB, 100 %, 233.60 W, 1980 MHz, 20 %, 32
2026/10/10 15:24:29.879, 5, 76045 MiB, 100 %, 240.19 W, 1980 MHz, 21 %, 36
2026/10/10 15:24:29.879, 6, 76045 MiB, 100 %, 232.53 W, 1980 MHz, 21 %, 33
2026/10/10 15:24:29.879, 7, 76045 MiB, 100 %, 268.52 W, 1980 MHz, 21 %, 69
2026/10/10 15:24:30.879, 0, 76045 MiB, 100 %, 238.43 W, 1980 MHz, 21 %, 33
2026/10/10 15:24:30.879, 1, 76045 MiB, 100 %, 262.24 W, 1980 MHz, 21 %, 58
2026/10/10 15:24:30.879, 2, 76045 MiB, 100 %, 240.28 W, 1980 MHz, 21 %, 37
2026/10/10 15:24:30.879, 3, 76045 MiB, 100 %, 238.42 W, 1980 MHz, 22 %, 32
2026/10/10 15:24:30.879, 4, 76045 MiB, 100 %, 234.70 W, 1980 MHz, 21 %, 32
2026/10/10 15:24:30.879, 5, 76045 MiB, 100 %, 240.93 W, 1980 MHz, 21 %, 36
2026/10/10 15:24:30.879, 6, 76045 MiB, 100 %, 230.89 W, 1980 MHz, 21 %, 33
2026/10/10 15:24:30.879, 7, 76045 MiB, 100 %, 267.44 W, 1980 MHz, 21 %, 69
2026/10/10 15:24:31.880, 0, 76045 MiB, 100 %, 237.70 W, 1980 MHz, 21 %, 33
2026/10/10 15:24:31.880, 1, 76045 MiB, 100 %, 263.12 W, 1980 MHz, 21 %, 58
2026/10/10 15:24:31.880, 2, 76045 MiB, 100 %, 238.47 W, 1980 MHz, 21 %, 37
2026/10/10 15:24:31.880, 3, 76045 MiB, 100 %, 236.97 W, 1980 MHz, 21 %, 32
2026/10/10 15:24:31.880, 4, 76045 MiB, 100 %, 234.08 W, 1980 MHz, 21 %, 32
2026/10/10 15:24:31.880, 5, 76045 MiB, 100 %, 242.07 W, 1980 MHz, 21 %, 36
2026/10/10 15:24:31.880, 6, 76045 MiB, 100 %, 231.09 W, 1980 MHz, 21 %, 33
2026/10/10 15:24:31.880, 7, 76045 MiB, 100 %, 269.86 W, 1980 MHz, 21 %, 69
2026/10/10 15:24:32.880, 0, 76045 MiB, 100 %, 238.41 W, 1980 MHz, 21 %, 33
2026/10/10 15:24:32.880, 1, 76045 MiB, 100 %, 262.43 W, 1980 MHz, 21 %, 58
2026/10/10 15:24:32.880, 2, 76045 MiB, 100 %, 240.58 W, 1980 MHz, 22 %, 37
2026/10/10 15:24:32.881, 3, 76045 MiB, 100 %, 237.33 W, 1980 MHz, 21 %, 31
2026/10/10 15:24:32.881, 4, 76045 MiB, 100 %, 235.87 W, 1980 MHz, 22 %, 32
2026/10/10 15:24:32.881, 5, 76045 MiB, 100 %, 240.81 W, 1980 MHz, 21 %, 36
2026/10/10 15:24:32.881, 6, 76045 MiB, 100 %, 231.30 W, 1980 MHz, 21 %, 33
2026/10/10 15:24:32.881, 7, 76045 MiB, 100 %, 270.06 W, 1980 MHz, 21 %, 69
2026/10/10 15:24:33.881, 0, 76045 MiB, 100 %, 244.38 W, 1980 MHz, 20 %, 33
2026/10/10 15:24:33.881, 1, 76045 MiB, 100 %, 267.77 W, 1980 MHz, 22 %, 58
2026/10/10 15:24:33.881, 2, 76045 MiB, 100 %, 236.66 W, 1980 MHz, 21 %, 37
2026/10/10 15:24:33.881, 3, 76045 MiB, 100 %, 242.10 W, 1980 MHz, 22 %, 32
2026/10/10 15:24:33.881, 4, 76045 MiB, 100 %, 241.92 W, 1980 MHz, 20 %, 32
2026/10/10 15:24:33.881, 5, 76045 MiB, 100 %, 244.18 W, 1980 MHz, 21 %, 36
2026/10/10 15:24:33.881, 6, 76045 MiB, 100 %, 233.21 W, 1980 MHz, 21 %, 33
2026/10/10 15:24:33.881, 7, 76045 MiB, 100 %, 275.40 W, 1980 MHz, 21 %, 69
2026/10/10 15:24:34.882, 0, 76045 MiB, 100 %, 239.85 W, 1980 MHz, 21 %, 33
2026/10/10 15:24:34.882, 1, 76045 MiB, 100 %, 262.72 W, 1980 MHz, 22 %, 58
2026/10/10 15:24:34.882, 2, 76045 MiB, 100 %, 238.81 W, 1980 MHz, 21 %, 37
2026/10/10 15:24:34.882, 3, 76045 MiB, 100 %, 238.58 W, 1980 MHz, 21 %, 32
2026/10/10 15:24:34.882, 4, 76045 MiB, 100 %, 231.85 W, 1980 MHz, 21 %, 32
2026/10/10 15:24:34.882, 5, 76045 MiB, 100 %, 241.62 W, 1980 MHz, 21 %, 36
2026/10/10 15:24:34.882, 6, 76045 MiB, 100 %, 231.97 W, 1980 MHz, 22 %, 33
2026/10/10 15:24:34.882, 7, 76045 MiB, 100 %, 267.67 W, 1980 MHz, 21 %, 69
2026/10/10 15:24:35.882, 0, 76045 MiB, 100 %, 238.24 W, 1980 MHz, 21 %, 33
2026/10/10 15:24:35.882, 1, 76045 MiB, 100 %, 262.76 W, 1980 MHz, 22 %, 58
2026/10/10 15:24:35.883, 2, 76045 MiB, 100 %, 238.05 W, 1980 MHz, 21 %, 37
2026/10/10 15:24:35.883, 3, 76045 MiB, 100 %, 239.39 W, 1980 MHz, 22 %, 32
2026/10/10 15:24:35.883, 4, 76045 MiB, 100 %, 234.44 W, 1980 MHz, 21 %, 32
2026/10/10 15:24:35.883, 5, 76045 MiB, 100 %, 241.71 W, 1980 MHz, 21 %, 36
2026/10/10 15:24:35.883, 6, 76045 MiB, 100 %, 233.39 W, 1980 MHz, 21 %, 33
2026/10/10 15:24:35.883, 7, 76045 MiB, 100 %, 266.88 W, 1980 MHz, 21 %, 69
2026/10/10 15:24:36.883, 0, 76045 MiB, 100 %, 238.86 W, 1980 MHz, 21 %, 33
2026/10/10 15:24:36.883, 1, 76045 MiB, 100 %, 263.11 W, 1980 MHz, 22 %, 58
2026/10/10 15:24:36.883, 2, 76045 MiB, 100 %, 240.45 W, 1980 MHz, 21 %, 37
2026/10/10 15:24:36.883, 3, 76045 MiB, 100 %, 240.11 W, 1980 MHz, 21 %, 32
2026/10/10 15:24:36.883, 4, 76045 MiB, 100 %, 235.13 W, 1980 MHz, 22 %, 32
2026/10/10 15:24:36.883, 5, 76045 MiB, 100 %, 242.12 W, 1980 MHz, 21 %, 36
2026/10/10 15:24:36.884, 6, 76045 MiB, 100 %, 234.51 W, 1980 MHz, 22 %, 33
2026/10/10 15:24:36.884, 7, 76045 MiB, 100 %, 267.07 W, 1980 MHz, 21 %, 69
2026/10/10 15:24:37.884, 0, 76045 MiB, 100 %, 241.13 W, 1980 MHz, 21 %, 33
2026/10/10 15:24:37.884, 1, 76045 MiB, 100 %, 261.36 W, 1980 MHz, 21 %, 58
2026/10/10 15:24:37.884, 2, 76045 MiB, 100 %, 240.27 W, 1980 MHz, 21 %, 37
2026/10/10 15:24:37.884, 3, 76045 MiB, 100 %, 238.75 W, 1980 MHz, 22 %, 32
2026/10/10 15:24:37.884, 4, 76045 MiB, 100 %, 234.36 W, 1980 MHz, 21 %, 32
2026/10/10 15:24:37.884, 5, 76045 MiB, 100 %, 241.74 W, 1980 MHz, 22 %, 36
2026/10/10 15:24:37.884, 6, 76045 MiB, 100 %, 232.65 W, 1980 MHz, 21 %, 33
2026/10/10 15:24:37.884, 7, 76045 MiB, 100 %, 266.04 W, 1980 MHz, 21 %, 69
2026/10/10 15:24:38.884, 0, 76045 MiB, 100 %, 240.60 W, 1980 MHz, 21 %, 33
2026/10/10 15:24:38.885, 1, 76045 MiB, 100 %, 264.07 W, 1980 MHz, 22 %, 58
2026/10/10 15:24:38.885, 2, 76045 MiB, 100 %, 238.71 W, 1980 MHz, 21 %, 37
2026/10/10 15:24:38.885, 3, 76045 MiB, 100 %, 237.41 W, 1980 MHz, 21 %, 32
2026/10/10 15:24:38.885, 4, 76045 MiB, 100 %, 232.70 W, 1980 MHz, 21 %, 32
2026/10/10 15:24:38.885, 5, 76045 MiB, 100 %, 241.75 W, 1980 MHz, 21 %, 36
2026/10/10 15:24:38.885, 6, 76045 MiB, 100 %, 233.74 W, 1980 MHz, 22 %, 33
2026/10/10 15:24:38.885, 7, 76045 MiB, 100 %, 266.13 W, 1980 MHz, 20 %, 69
2026/10/10 15:24:39.885, 0, 76045 MiB, 100 %, 240.50 W, 1980 MHz, 21 %, 33
2026/10/10 15:24:39.885, 1, 76045 MiB, 100 %, 261.64 W, 1980 MHz, 21 %, 58
2026/10/10 15:24:39.885, 2, 76045 MiB, 100 %, 239.65 W, 1980 MHz, 20 %, 37
2026/10/10 15:24:39.885, 3, 76045 MiB, 100 %, 238.83 W, 1980 MHz, 21 %, 32
2026/10/10 15:24:39.886, 4, 76045 MiB, 100 %, 234.93 W, 1980 MHz, 22 %, 32
2026/10/10 15:24:39.886, 5, 76045 MiB, 100 %, 241.02 W, 1980 MHz, 21 %, 36
2026/10/10 15:24:39.886, 6, 76045 MiB, 100 %, 232.86 W, 1980 MHz, 22 %, 33
2026/10/10 15:24:39.886, 7, 76045 MiB, 100 %, 266.77 W, 1980 MHz, 21 %, 69
2026/10/10 15:24:40.886, 0, 76045 MiB, 100 %, 241.66 W, 1980 MHz, 21 %, 33
2026/10/10 15:24:40.886, 1, 76045 MiB, 100 %, 263.27 W, 1980 MHz, 21 %, 58
2026/10/10 15:24:40.886, 2, 76045 MiB, 100 %, 238.66 W, 1980 MHz, 22 %, 37
2026/10/10 15:24:40.886, 3, 76045 MiB, 100 %, 237.37 W, 1980 MHz, 21 %, 32
2026/10/10 15:24:40.886, 4, 76045 MiB, 100 %, 233.62 W, 1980 MHz, 21 %, 32
2026/10/10 15:24:40.886, 5, 76045 MiB, 100 %, 241.64 W, 1980 MHz, 21 %, 36
2026/10/10 15:24:40.886, 6, 76045 MiB, 100 %, 233.49 W, 1980 MHz, 22 %, 33
2026/10/10 15:24:40.886, 7, 76045 MiB, 100 %, 267.39 W, 1980 MHz, 20 %, 69
2026/10/10 15:24:41.886, 0, 76045 MiB, 100 %, 238.39 W, 1980 MHz, 20 %, 33
2026/10/10 15:24:41.887, 1, 76045 MiB, 100 %, 263.96 W, 1980 MHz, 22 %, 58
2026/10/10 15:24:41.887, 2, 76045 MiB, 100 %, 238.43 W, 1980 MHz, 21 %, 37
2026/10/10 15:24:41.887, 3, 76045 MiB, 100 %, 237.21 W, 1980 MHz, 22 %, 32
2026/10/10 15:24:41.887, 4, 76045 MiB, 100 %, 233.10 W, 1980 MHz, 21 %, 32
2026/10/10 15:24:41.887, 5, 76045 MiB, 100 %, 240.40 W, 1980 MHz, 21 %, 36
2026/10/10 15:24:41.887, 6, 76045 MiB, 100 %, 231.93 W, 1980 MHz, 22 %, 33
2026/10/10 15:24:41.887, 7, 76045 MiB, 100 %, 266.63 W, 1980 MHz, 21 %, 69
2026/10/10 15:24:42.887, 0, 76045 MiB, 100 %, 238.79 W, 1980 MHz, 21 %, 33
2026/10/10 15:24:42.887, 1, 76045 MiB, 100 %, 262.48 W, 1980 MHz, 22 %, 58
2026/10/10 15:24:42.887, 2, 76045 MiB, 100 %, 238.59 W, 1980 MHz, 21 %, 37
2026/10/10 15:24:42.887, 3, 76045 MiB, 100 %, 237.80 W, 1980 MHz, 21 %, 32
2026/10/10 15:24:42.887, 4, 76045 MiB, 100 %, 234.37 W, 1980 MHz, 21 %, 32
2026/10/10 15:24:42.887, 5, 76045 MiB, 100 %, 238.59 W, 1980 MHz, 21 %, 36
2026/10/10 15:24:42.888, 6, 76045 MiB, 100 %, 233.07 W, 1980 MHz, 22 %, 33
2026/10/10 15:24:42.888, 7, 76045 MiB, 100 %, 267.03 W, 1980 MHz, 21 %, 69
2026/10/10 15:24:43.888, 0, 76045 MiB, 100 %, 237.55 W, 1980 MHz, 21 %, 33
2026/10/10 15:24:43.888, 1, 76045 MiB, 100 %, 262.12 W, 1980 MHz, 21 %, 58
2026/10/10 15:24:43.888, 2, 76045 MiB, 100 %, 238.45 W, 1980 MHz, 21 %, 37
2026/10/10 15:24:43.888, 3, 76045 MiB, 100 %, 238.54 W, 1980 MHz, 21 %, 32
2026/10/10 15:24:43.888, 4, 76045 MiB, 100 %, 232.80 W, 1980 MHz, 21 %, 32
2026/10/10 15:24:43.888, 5, 76045 MiB, 100 %, 241.23 W, 1980 MHz, 22 %, 36
2026/10/10 15:24:43.888, 6, 76045 MiB, 100 %, 233.10 W, 1980 MHz, 21 %, 33
2026/10/10 15:24:43.888, 7, 76045 MiB, 100 %, 267.17 W, 1980 MHz, 20 %, 69
2026/10/10 15:24:44.888, 0, 76045 MiB, 100 %, 239.61 W, 1980 MHz, 21 %, 33
2026/10/10 15:24:44.889, 1, 76045 MiB, 100 %, 261.50 W, 1980 MHz, 21 %, 58
2026/10/10 15:24:44.889, 2, 76045 MiB, 100 %, 238.31 W, 1980 MHz, 21 %, 37
2026/10/10 15:24:44.889, 3, 76045 MiB, 100 %, 239.17 W, 1980 MHz, 21 %, 32
2026/10/10 15:24:44.889, 4, 76045 MiB, 100 %, 234.87 W, 1980 MHz, 21 %, 32
2026/10/10 15:24:44.889, 5, 76045 MiB, 100 %, 241.02 W, 1980 MHz, 21 %, 36
2026/10/10 15:24:44.889, 6, 76045 MiB, 100 %, 232.55 W, 1980 MHz, 22 %, 33
2026/10/10 15:24:44.889, 7, 76045 MiB, 100 %, 266.35 W, 1980 MHz, 20 %, 69
2026/10/10 15:24:45.889, 0, 76045 MiB, 100 %, 238.58 W, 1980 MHz, 21 %, 33
2026/10/10 15:24:45.889, 1, 76045 MiB, 100 %, 263.37 W, 1980 MHz, 21 %, 58
2026/10/10 15:24:45.889, 2, 76045 MiB, 100 %, 238.34 W, 1980 MHz, 21 %, 37
2026/10/10 15:24:45.889, 3, 76045 MiB, 100 %, 238.40 W, 1980 MHz, 22 %, 32
2026/10/10 15:24:45.889, 4, 76045 MiB, 100 %, 233.69 W, 1980 MHz, 21 %, 32
2026/10/10 15:24:45.889, 5, 76045 MiB, 100 %, 240.13 W, 1980 MHz, 21 %, 36
2026/10/10 15:24:45.889, 6, 76045 MiB, 100 %, 232.91 W, 1980 MHz, 21 %, 33
2026/10/10 15:24:45.889, 7, 76045 MiB, 100 %, 267.23 W, 1980 MHz, 20 %, 69
2026/10/10 15:24:46.890, 0, 76045 MiB, 100 %, 239.63 W, 1980 MHz, 21 %, 33
2026/10/10 15:24:46.890, 1, 76045 MiB, 100 %, 262.39 W, 1980 MHz, 22 %, 58
2026/10/10 15:24:46.890, 2, 76045 MiB, 100 %, 238.80 W, 1980 MHz, 22 %, 37
2026/10/10 15:24:46.890, 3, 76045 MiB, 100 %, 237.93 W, 1980 MHz, 21 %, 32
2026/10/10 15:24:46.890, 4, 76045 MiB, 100 %, 233.61 W, 1980 MHz, 21 %, 32
2026/10/10 15:24:46.890, 5, 76045 MiB, 100 %, 241.77 W, 1980 MHz, 21 %, 36
2026/10/10 15:24:46.890, 6, 76045 MiB, 100 %, 232.56 W, 1980 MHz, 21 %, 33
2026/10/10 15:24:46.890, 7, 76045 MiB, 100 %, 265.90 W, 1980 MHz, 21 %, 69
2026/10/10 15:24:47.890, 0, 76045 MiB, 100 %, 245.83 W, 1980 MHz, 21 %, 33
2026/10/10 15:24:47.890, 1, 76045 MiB, 100 %, 266.49 W, 1980 MHz, 20 %, 58
2026/10/10 15:24:47.891, 2, 76045 MiB, 100 %, 247.31 W, 1980 MHz, 21 %, 37
2026/10/10 15:24:47.891, 3, 76045 MiB, 100 %, 239.51 W, 1980 MHz, 22 %, 32
2026/10/10 15:24:47.891, 4, 76045 MiB, 100 %, 247.79 W, 1980 MHz, 22 %, 32
2026/10/10 15:24:47.891, 5, 76045 MiB, 100 %, 245.15 W, 1980 MHz, 22 %, 36
2026/10/10 15:24:47.891, 6, 76045 MiB, 100 %, 228.73 W, 1980 MHz, 21 %, 33
2026/10/10 15:24:47.891, 7, 76045 MiB, 100 %, 276.65 W, 1980 MHz, 21 %, 69
2026/10/10 15:24:48.891, 0, 76045 MiB, 100 %, 242.59 W, 1980 MHz, 22 %, 33
2026/10/10 15:24:48.891, 1, 76045 MiB, 100 %, 261.87 W, 1980 MHz, 21 %, 58
2026/10/10 15:24:48.891, 2, 76045 MiB, 100 %, 237.48 W, 1980 MHz, 21 %, 37
2026/10/10 15:24:48.891, 3, 76045 MiB, 100 %, 239.81 W, 1980 MHz, 22 %, 32
2026/10/10 15:24:48.891, 4, 76045 MiB, 100 %, 234.57 W, 1980 MHz, 22 %, 32
2026/10/10 15:24:48.891, 5, 76045 MiB, 100 %, 242.12 W, 1980 MHz, 21 %, 36
2026/10/10 15:24:48.891, 6, 76045 MiB, 100 %, 231.91 W, 1980 MHz, 22 %, 33
2026/10/10 15:24:48.892, 7, 76045 MiB, 100 %, 267.97 W, 1980 MHz, 21 %, 69
2026/10/10 15:24:49.892, 0, 76045 MiB, 100 %, 238.64 W, 1980 MHz, 21 %, 33
2026/10/10 15:24:49.892, 1, 76045 MiB, 100 %, 259.31 W, 1980 MHz, 21 %, 58
2026/10/10 15:24:49.892, 2, 76045 MiB, 100 %, 239.31 W, 1980 MHz, 22 %, 37
2026/10/10 15:24:49.892, 3, 76045 MiB, 100 %, 238.50 W, 1980 MHz, 21 %, 32
2026/10/10 15:24:49.892, 4, 76045 MiB, 100 %, 235.73 W, 1980 MHz, 22 %, 32
2026/10/10 15:24:49.892, 5, 76045 MiB, 100 %, 241.08 W, 1980 MHz, 22 %, 36
2026/10/10 15:24:49.892, 6, 76045 MiB, 100 %, 230.15 W, 1980 MHz, 21 %, 33
2026/10/10 15:24:49.892, 7, 76045 MiB, 100 %, 268.25 W, 1980 MHz, 21 %, 69
2026/10/10 15:24:50.892, 0, 76045 MiB, 100 %, 240.18 W, 1980 MHz, 22 %, 33
2026/10/10 15:24:50.893, 1, 76045 MiB, 100 %, 261.08 W, 1980 MHz, 21 %, 58
2026/10/10 15:24:50.893, 2, 76045 MiB, 100 %, 239.52 W, 1980 MHz, 21 %, 37
2026/10/10 15:24:50.893, 3, 76045 MiB, 100 %, 236.85 W, 1980 MHz, 21 %, 32
2026/10/10 15:24:50.893, 4, 76045 MiB, 100 %, 235.99 W, 1980 MHz, 21 %, 32
2026/10/10 15:24:50.893, 5, 76045 MiB, 100 %, 241.74 W, 1980 MHz, 21 %, 36
2026/10/10 15:24:50.893, 6, 76045 MiB, 100 %, 230.35 W, 1980 MHz, 21 %, 33
2026/10/10 15:24:50.893, 7, 76045 MiB, 100 %, 268.90 W, 1980 MHz, 21 %, 69
2026/10/10 15:24:51.893, 0, 76045 MiB, 100 %, 240.23 W, 1980 MHz, 21 %, 33
2026/10/10 15:24:51.893, 1, 76045 MiB, 100 %, 262.03 W, 1980 MHz, 21 %, 58
2026/10/10 15:24:51.893, 2, 76045 MiB, 100 %, 238.36 W, 1980 MHz, 21 %, 37
2026/10/10 15:24:51.893, 3, 76045 MiB, 100 %, 239.75 W, 1980 MHz, 21 %, 32
2026/10/10 15:24:51.893, 4, 76045 MiB, 100 %, 235.20 W, 1980 MHz, 22 %, 32
2026/10/10 15:24:51.893, 5, 76045 MiB, 100 %, 244.00 W, 1980 MHz, 21 %, 36
2026/10/10 15:24:51.894, 6, 76045 MiB, 100 %, 229.89 W, 1980 MHz, 21 %, 33
2026/10/10 15:24:51.894, 7, 76045 MiB, 100 %, 268.45 W, 1980 MHz, 21 %, 69
2026/10/10 15:24:52.894, 0, 76045 MiB, 100 %, 241.63 W, 1980 MHz, 21 %, 33
2026/10/10 15:24:52.894, 1, 76045 MiB, 100 %, 261.29 W, 1980 MHz, 21 %, 58
2026/10/10 15:24:52.894, 2, 76045 MiB, 100 %, 237.03 W, 1980 MHz, 21 %, 37
2026/10/10 15:24:52.894, 3, 76045 MiB, 100 %, 237.57 W, 1980 MHz, 21 %, 32
2026/10/10 15:24:52.894, 4, 76045 MiB, 100 %, 235.81 W, 1980 MHz, 22 %, 32
2026/10/10 15:24:52.894, 5, 76045 MiB, 100 %, 242.94 W, 1980 MHz, 22 %, 36
2026/10/10 15:24:52.894, 6, 76045 MiB, 100 %, 231.57 W, 1980 MHz, 21 %, 33
2026/10/10 15:24:52.894, 7, 76045 MiB, 100 %, 267.83 W, 1980 MHz, 21 %, 69
2026/10/10 15:24:53.894, 0, 76045 MiB, 100 %, 242.56 W, 1980 MHz, 22 %, 33
2026/10/10 15:24:53.895, 1, 76045 MiB, 100 %, 260.87 W, 1980 MHz, 21 %, 58
2026/10/10 15:24:53.895, 2, 76045 MiB, 100 %, 238.67 W, 1980 MHz, 21 %, 37
2026/10/10 15:24:53.895, 3, 76045 MiB, 100 %, 237.19 W, 1980 MHz, 21 %, 32
2026/10/10 15:24:53.895, 4, 76045 MiB, 100 %, 233.77 W, 1980 MHz, 21 %, 32
2026/10/10 15:24:53.895, 5, 76045 MiB, 100 %, 242.97 W, 1980 MHz, 21 %, 36
2026/10/10 15:24:53.895, 6, 76045 MiB, 100 %, 231.20 W, 1980 MHz, 21 %, 33
2026/10/10 15:24:53.895, 7, 76045 MiB, 100 %, 268.70 W, 1980 MHz, 21 %, 69
2026/10/10 15:24:54.895, 0, 76045 MiB, 100 %, 242.43 W, 1980 MHz, 22 %, 33
2026/10/10 15:24:54.895, 1, 76045 MiB, 100 %, 259.93 W, 1980 MHz, 21 %, 58
2026/10/10 15:24:54.895, 2, 76045 MiB, 100 %, 238.36 W, 1980 MHz, 21 %, 37
2026/10/10 15:24:54.895, 3, 76045 MiB, 100 %, 236.72 W, 1980 MHz, 21 %, 32
2026/10/10 15:24:54.895, 4, 76045 MiB, 100 %, 234.49 W, 1980 MHz, 21 %, 32
2026/10/10 15:24:54.895, 5, 76045 MiB, 100 %, 242.74 W, 1980 MHz, 21 %, 36
2026/10/10 15:24:54.896, 6, 76045 MiB, 100 %, 230.90 W, 1980 MHz, 21 %, 33
2026/10/10 15:24:54.896, 7, 76045 MiB, 100 %, 267.49 W, 1980 MHz, 21 %, 69
2026/10/10 15:24:55.896, 0, 76045 MiB, 100 %, 241.02 W, 1980 MHz, 21 %, 33
2026/10/10 15:24:55.896, 1, 76045 MiB, 100 %, 261.08 W, 1980 MHz, 21 %, 58
2026/10/10 15:24:55.896, 2, 76045 MiB, 100 %, 238.02 W, 1980 MHz, 21 %, 37
2026/10/10 15:24:55.896, 3, 76045 MiB, 100 %, 237.82 W, 1980 MHz, 21 %, 32
2026/10/10 15:24:55.896, 4, 76045 MiB, 100 %, 235.38 W, 1980 MHz, 22 %, 32
2026/10/10 15:24:55.896, 5, 76045 MiB, 100 %, 241.49 W, 1980 MHz, 21 %, 36
2026/10/10 15:24:55.896, 6, 76045 MiB, 100 %, 230.52 W, 1980 MHz, 21 %, 33
2026/10/10 15:24:55.896, 7, 76045 MiB, 100 %, 266.77 W, 1980 MHz, 21 %, 69
2026/10/10 15:24:56.897, 0, 76045 MiB, 100 %, 240.84 W, 1980 MHz, 21 %, 33
2026/10/10 15:24:56.897, 1, 76045 MiB, 100 %, 260.60 W, 1980 MHz, 21 %, 58
2026/10/10 15:24:56.897, 2, 76045 MiB, 100 %, 239.51 W, 1980 MHz, 21 %, 37
2026/10/10 15:24:56.897, 3, 76045 MiB, 100 %, 236.08 W, 1980 MHz, 21 %, 32
2026/10/10 15:24:56.897, 4, 76045 MiB, 100 %, 234.65 W, 1980 MHz, 21 %, 32
2026/10/10 15:24:56.897, 5, 76045 MiB, 100 %, 240.66 W, 1980 MHz, 21 %, 36
2026/10/10 15:24:56.897, 6, 76045 MiB, 100 %, 231.17 W, 1980 MHz, 21 %, 33
2026/10/10 15:24:56.897, 7, 76045 MiB, 100 %, 268.84 W, 1980 MHz, 21 %, 69
2026/10/10 15:24:57.897, 0, 76045 MiB, 100 %, 239.53 W, 1980 MHz, 21 %, 33
2026/10/10 15:24:57.897, 1, 76045 MiB, 100 %, 259.90 W, 1980 MHz, 21 %, 58
2026/10/10 15:24:57.897, 2, 76045 MiB, 100 %, 237.93 W, 1980 MHz, 21 %, 37
2026/10/10 15:24:57.898, 3, 76045 MiB, 100 %, 237.19 W, 1980 MHz, 21 %, 32
2026/10/10 15:24:57.898, 4, 76045 MiB, 100 %, 235.79 W, 1980 MHz, 21 %, 32
2026/10/10 15:24:57.898, 5, 76045 MiB, 100 %, 242.48 W, 1980 MHz, 21 %, 36
2026/10/10 15:24:57.898, 6, 76045 MiB, 100 %, 230.01 W, 1980 MHz, 21 %, 33
2026/10/10 15:24:57.898, 7, 76045 MiB, 100 %, 269.20 W, 1980 MHz, 21 %, 69
2026/10/10 15:24:58.898, 0, 76045 MiB, 100 %, 239.88 W, 1980 MHz, 21 %, 33
2026/10/10 15:24:58.898, 1, 76045 MiB, 100 %, 259.71 W, 1980 MHz, 21 %, 58
2026/10/10 15:24:58.898, 2, 76045 MiB, 100 %, 237.51 W, 1980 MHz, 21 %, 37
2026/10/10 15:24:58.898, 3, 76045 MiB, 100 %, 238.98 W, 1980 MHz, 21 %, 32
2026/10/10 15:24:58.898, 4, 76045 MiB, 100 %, 233.06 W, 1980 MHz, 21 %, 32
2026/10/10 15:24:58.898, 5, 76045 MiB, 100 %, 240.30 W, 1980 MHz, 21 %, 36
2026/10/10 15:24:58.898, 6, 76045 MiB, 100 %, 231.06 W, 1980 MHz, 21 %, 33
2026/10/10 15:24:58.898, 7, 76045 MiB, 100 %, 268.87 W, 1980 MHz, 21 %, 69
2026/10/10 15:24:59.899, 0, 76045 MiB, 100 %, 240.59 W, 1980 MHz, 22 %, 33
2026/10/10 15:24:59.899, 1, 76045 MiB, 100 %, 261.42 W, 1980 MHz, 21 %, 58
2026/10/10 15:24:59.899, 2, 76045 MiB, 100 %, 236.81 W, 1980 MHz, 21 %, 37
2026/10/10 15:24:59.899, 3, 76045 MiB, 100 %, 238.71 W, 1980 MHz, 21 %, 32
2026/10/10 15:24:59.899, 4, 76045 MiB, 100 %, 234.70 W, 1980 MHz, 21 %, 32
2026/10/10 15:24:59.899, 5, 76045 MiB, 100 %, 241.18 W, 1980 MHz, 21 %, 36
2026/10/10 15:24:59.899, 6, 76045 MiB, 100 %, 231.00 W, 1980 MHz, 21 %, 33
2026/10/10 15:24:59.899, 7, 76045 MiB, 100 %, 268.14 W, 1980 MHz, 21 %, 69
2026/10/10 15:25:00.899, 0, 76045 MiB, 90 %, 241.93 W, 1980 MHz, 16 %, 33
2026/10/10 15:25:00.899, 1, 76045 MiB, 40 %, 266.14 W, 1980 MHz, 18 %, 58
2026/10/10 15:25:00.899, 2, 76045 MiB, 96 %, 245.22 W, 1980 MHz, 17 %, 38
2026/10/10 15:25:00.900, 3, 76045 MiB, 91 %, 241.53 W, 1980 MHz, 18 %, 32
2026/10/10 15:25:00.900, 4, 76045 MiB, 100 %, 239.60 W, 1980 MHz, 18 %, 33
2026/10/10 15:25:00.900, 5, 76045 MiB, 97 %, 242.07 W, 1980 MHz, 18 %, 36
2026/10/10 15:25:00.900, 6, 76045 MiB, 100 %, 234.26 W, 1980 MHz, 19 %, 34
2026/10/10 15:25:00.900, 7, 76045 MiB, 100 %, 272.32 W, 1980 MHz, 21 %, 70
2026/10/10 15:25:01.900, 0, 76045 MiB, 100 %, 238.89 W, 1980 MHz, 21 %, 33
2026/10/10 15:25:01.900, 1, 76045 MiB, 100 %, 263.15 W, 1980 MHz, 21 %, 58
2026/10/10 15:25:01.900, 2, 76045 MiB, 100 %, 241.88 W, 1980 MHz, 22 %, 37
2026/10/10 15:25:01.900, 3, 76045 MiB, 100 %, 238.76 W, 1980 MHz, 21 %, 32
2026/10/10 15:25:01.900, 4, 76045 MiB, 100 %, 234.30 W, 1980 MHz, 21 %, 32
2026/10/10 15:25:01.900, 5, 76045 MiB, 100 %, 240.99 W, 1980 MHz, 21 %, 36
2026/10/10 15:25:01.900, 6, 76045 MiB, 100 %, 230.33 W, 1980 MHz, 22 %, 33
2026/10/10 15:25:01.900, 7, 76045 MiB, 100 %, 268.53 W, 1980 MHz, 21 %, 69
2026/10/10 15:25:02.901, 0, 76045 MiB, 100 %, 236.49 W, 1980 MHz, 20 %, 33
2026/10/10 15:25:02.901, 1, 76045 MiB, 100 %, 262.81 W, 1980 MHz, 21 %, 58
2026/10/10 15:25:02.901, 2, 76045 MiB, 100 %, 244.53 W, 1980 MHz, 22 %, 37
2026/10/10 15:25:02.901, 3, 76045 MiB, 100 %, 238.25 W, 1980 MHz, 22 %, 32
2026/10/10 15:25:02.901, 4, 76045 MiB, 100 %, 235.21 W, 1980 MHz, 22 %, 32
2026/10/10 15:25:02.901, 5, 76045 MiB, 100 %, 240.45 W, 1980 MHz, 22 %, 36
2026/10/10 15:25:02.901, 6, 76045 MiB, 100 %, 231.06 W, 1980 MHz, 22 %, 33
2026/10/10 15:25:02.901, 7, 76045 MiB, 100 %, 269.27 W, 1980 MHz, 21 %, 69
2026/10/10 15:25:03.901, 0, 76045 MiB, 100 %, 238.84 W, 1980 MHz, 20 %, 33
2026/10/10 15:25:03.901, 1, 76045 MiB, 100 %, 260.99 W, 1980 MHz, 21 %, 58
2026/10/10 15:25:03.902, 2, 76045 MiB, 100 %, 244.45 W, 1980 MHz, 22 %, 37
2026/10/10 15:25:03.902, 3, 76045 MiB, 100 %, 238.21 W, 1980 MHz, 21 %, 32
2026/10/10 15:25:03.902, 4, 76045 MiB, 100 %, 235.67 W, 1980 MHz, 22 %, 32
2026/10/10 15:25:03.902, 5, 76045 MiB, 100 %, 242.77 W, 1980 MHz, 22 %, 36
2026/10/10 15:25:03.902, 6, 76045 MiB, 100 %, 232.05 W, 1980 MHz, 22 %, 33
2026/10/10 15:25:03.902, 7, 76045 MiB, 100 %, 266.94 W, 1980 MHz, 21 %, 69
2026/10/10 15:25:04.902, 0, 76045 MiB, 100 %, 240.11 W, 1980 MHz, 21 %, 33
2026/10/10 15:25:04.902, 1, 76045 MiB, 100 %, 262.45 W, 1980 MHz, 21 %, 58
2026/10/10 15:25:04.902, 2, 76045 MiB, 100 %, 245.73 W, 1980 MHz, 22 %, 37
2026/10/10 15:25:04.902, 3, 76045 MiB, 100 %, 238.16 W, 1980 MHz, 22 %, 32
2026/10/10 15:25:04.902, 4, 76045 MiB, 100 %, 234.73 W, 1980 MHz, 21 %, 32
2026/10/10 15:25:04.902, 5, 76045 MiB, 100 %, 240.78 W, 1980 MHz, 21 %, 36
2026/10/10 15:25:04.903, 6, 76045 MiB, 100 %, 231.99 W, 1980 MHz, 22 %, 33
2026/10/10 15:25:04.903, 7, 76045 MiB, 100 %, 267.72 W, 1980 MHz, 21 %, 69
2026/10/10 15:25:05.903, 0, 76045 MiB, 100 %, 237.84 W, 1980 MHz, 21 %, 33
2026/10/10 15:25:05.903, 1, 76045 MiB, 100 %, 264.88 W, 1980 MHz, 22 %, 58
2026/10/10 15:25:05.903, 2, 76045 MiB, 100 %, 242.28 W, 1980 MHz, 21 %, 37
2026/10/10 15:25:05.903, 3, 76045 MiB, 100 %, 238.16 W, 1980 MHz, 22 %, 32
2026/10/10 15:25:05.903, 4, 76045 MiB, 100 %, 234.42 W, 1980 MHz, 21 %, 32
2026/10/10 15:25:05.903, 5, 76045 MiB, 100 %, 240.23 W, 1980 MHz, 21 %, 36
2026/10/10 15:25:05.903, 6, 76045 MiB, 100 %, 229.99 W, 1980 MHz, 21 %, 33
2026/10/10 15:25:05.903, 7, 76045 MiB, 100 %, 269.90 W, 1980 MHz, 22 %, 69
2026/10/10 15:25:06.903, 0, 76045 MiB, 100 %, 239.49 W, 1980 MHz, 20 %, 33
2026/10/10 15:25:06.904, 1, 76045 MiB, 100 %, 261.02 W, 1980 MHz, 21 %, 58
2026/10/10 15:25:06.904, 2, 76045 MiB, 100 %, 241.54 W, 1980 MHz, 22 %, 37
2026/10/10 15:25:06.904, 3, 76045 MiB, 100 %, 239.26 W, 1980 MHz, 21 %, 32
2026/10/10 15:25:06.904, 4, 76045 MiB, 100 %, 234.67 W, 1980 MHz, 21 %, 32
2026/10/10 15:25:06.904, 5, 76045 MiB, 100 %, 242.47 W, 1980 MHz, 21 %, 36
2026/10/10 15:25:06.904, 6, 76045 MiB, 100 %, 230.81 W, 1980 MHz, 21 %, 33
2026/10/10 15:25:06.904, 7, 76045 MiB, 100 %, 267.99 W, 1980 MHz, 21 %, 69
2026/10/10 15:25:07.904, 0, 76045 MiB, 100 %, 242.07 W, 1980 MHz, 21 %, 33
2026/10/10 15:25:07.904, 1, 76045 MiB, 100 %, 259.62 W, 1980 MHz, 21 %, 58
2026/10/10 15:25:07.904, 2, 76045 MiB, 100 %, 240.74 W, 1980 MHz, 21 %, 37
2026/10/10 15:25:07.904, 3, 76045 MiB, 100 %, 239.08 W, 1980 MHz, 22 %, 32
2026/10/10 15:25:07.904, 4, 76045 MiB, 100 %, 235.01 W, 1980 MHz, 21 %, 32
2026/10/10 15:25:07.904, 5, 76045 MiB, 100 %, 241.38 W, 1980 MHz, 21 %, 36
2026/10/10 15:25:07.904, 6, 76045 MiB, 100 %, 231.33 W, 1980 MHz, 21 %, 33
2026/10/10 15:25:07.905, 7, 76045 MiB, 100 %, 269.33 W, 1980 MHz, 21 %, 69
2026/10/10 15:25:08.905, 0, 76045 MiB, 100 %, 240.60 W, 1980 MHz, 21 %, 33
2026/10/10 15:25:08.905, 1, 76045 MiB, 100 %, 260.09 W, 1980 MHz, 21 %, 58
2026/10/10 15:25:08.905, 2, 76045 MiB, 100 %, 242.53 W, 1980 MHz, 21 %, 37
2026/10/10 15:25:08.905, 3, 76045 MiB, 100 %, 237.42 W, 1980 MHz, 21 %, 32
2026/10/10 15:25:08.905, 4, 76045 MiB, 100 %, 235.08 W, 1980 MHz, 21 %, 32
2026/10/10 15:25:08.905, 5, 76045 MiB, 100 %, 239.92 W, 1980 MHz, 21 %, 36
2026/10/10 15:25:08.905, 6, 76045 MiB, 100 %, 231.82 W, 1980 MHz, 22 %, 33
2026/10/10 15:25:08.905, 7, 76045 MiB, 100 %, 265.10 W, 1980 MHz, 21 %, 69
2026/10/10 15:25:09.905, 0, 76045 MiB, 100 %, 238.10 W, 1980 MHz, 21 %, 33
2026/10/10 15:25:09.905, 1, 76045 MiB, 100 %, 260.28 W, 1980 MHz, 21 %, 58
2026/10/10 15:25:09.906, 2, 76045 MiB, 100 %, 242.49 W, 1980 MHz, 22 %, 37
2026/10/10 15:25:09.906, 3, 76045 MiB, 100 %, 239.53 W, 1980 MHz, 22 %, 32
2026/10/10 15:25:09.906, 4, 76045 MiB, 100 %, 233.86 W, 1980 MHz, 21 %, 32
2026/10/10 15:25:09.906, 5, 76045 MiB, 100 %, 239.48 W, 1980 MHz, 21 %, 36
2026/10/10 15:25:09.906, 6, 76045 MiB, 100 %, 233.82 W, 1980 MHz, 21 %, 33
2026/10/10 15:25:09.906, 7, 76045 MiB, 100 %, 265.23 W, 1980 MHz, 20 %, 69
2026/10/10 15:25:10.906, 0, 76045 MiB, 100 %, 240.15 W, 1980 MHz, 21 %, 33
2026/10/10 15:25:10.906, 1, 76045 MiB, 100 %, 260.18 W, 1980 MHz, 21 %, 58
2026/10/10 15:25:10.906, 2, 76045 MiB, 100 %, 242.65 W, 1980 MHz, 22 %, 37
2026/10/10 15:25:10.906, 3, 76045 MiB, 100 %, 240.43 W, 1980 MHz, 21 %, 32
2026/10/10 15:25:10.906, 4, 76045 MiB, 100 %, 233.05 W, 1980 MHz, 21 %, 32
2026/10/10 15:25:10.906, 5, 76045 MiB, 100 %, 239.33 W, 1980 MHz, 21 %, 36
2026/10/10 15:25:10.906, 6, 76045 MiB, 100 %, 233.18 W, 1980 MHz, 21 %, 33
2026/10/10 15:25:10.906, 7, 76045 MiB, 100 %, 264.34 W, 1980 MHz, 20 %, 69
2026/10/10 15:25:11.907, 0, 76045 MiB, 100 %, 239.25 W, 1980 MHz, 22 %, 33
2026/10/10 15:25:11.907, 1, 76045 MiB, 100 %, 260.23 W, 1980 MHz, 21 %, 58
2026/10/10 15:25:11.907, 2, 76045 MiB, 100 %, 240.96 W, 1980 MHz, 21 %, 37
2026/10/10 15:25:11.907, 3, 76045 MiB, 100 %, 238.50 W, 1980 MHz, 21 %, 32
2026/10/10 15:25:11.907, 4, 76045 MiB, 100 %, 232.13 W, 1980 MHz, 21 %, 32
2026/10/10 15:25:11.907, 5, 76045 MiB, 100 %, 241.63 W, 1980 MHz, 21 %, 36
2026/10/10 15:25:11.907, 6, 76045 MiB, 100 %, 231.19 W, 1980 MHz, 22 %, 33
2026/10/10 15:25:11.907, 7, 76045 MiB, 100 %, 268.77 W, 1980 MHz, 21 %, 69
2026/10/10 15:25:12.907, 0, 76045 MiB, 100 %, 239.83 W, 1980 MHz, 21 %, 33
2026/10/10 15:25:12.907, 1, 76045 MiB, 100 %, 259.47 W, 1980 MHz, 21 %, 58
2026/10/10 15:25:12.908, 2, 76045 MiB, 100 %, 240.38 W, 1980 MHz, 21 %, 37
2026/10/10 15:25:12.908, 3, 76045 MiB, 100 %, 237.57 W, 1980 MHz, 22 %, 32
2026/10/10 15:25:12.908, 4, 76045 MiB, 100 %, 234.32 W, 1980 MHz, 21 %, 32
2026/10/10 15:25:12.908, 5, 76045 MiB, 100 %, 239.78 W, 1980 MHz, 21 %, 36
2026/10/10 15:25:12.908, 6, 76045 MiB, 100 %, 231.11 W, 1980 MHz, 21 %, 33
2026/10/10 15:25:12.908, 7, 76045 MiB, 100 %, 268.69 W, 1980 MHz, 21 %, 69
2026/10/10 15:25:13.908, 0, 76045 MiB, 100 %, 237.92 W, 1980 MHz, 21 %, 33
2026/10/10 15:25:13.908, 1, 76045 MiB, 100 %, 259.54 W, 1980 MHz, 21 %, 58
2026/10/10 15:25:13.908, 2, 76045 MiB, 100 %, 240.86 W, 1980 MHz, 21 %, 37
2026/10/10 15:25:13.908, 3, 76045 MiB, 100 %, 238.94 W, 1980 MHz, 22 %, 32
2026/10/10 15:25:13.908, 4, 76045 MiB, 100 %, 233.83 W, 1980 MHz, 21 %, 32
2026/10/10 15:25:13.908, 5, 76045 MiB, 100 %, 239.78 W, 1980 MHz, 21 %, 36
2026/10/10 15:25:13.908, 6, 76045 MiB, 100 %, 230.28 W, 1980 MHz, 21 %, 33
2026/10/10 15:25:13.909, 7, 76045 MiB, 100 %, 266.90 W, 1980 MHz, 21 %, 69
2026/10/10 15:25:14.909, 0, 76045 MiB, 100 %, 246.30 W, 1980 MHz, 21 %, 33
2026/10/10 15:25:14.909, 1, 76045 MiB, 100 %, 266.70 W, 1980 MHz, 22 %, 58
2026/10/10 15:25:14.909, 2, 76045 MiB, 100 %, 244.31 W, 1980 MHz, 21 %, 37
2026/10/10 15:25:14.909, 3, 76045 MiB, 100 %, 240.26 W, 1980 MHz, 21 %, 32
2026/10/10 15:25:14.909, 4, 76045 MiB, 100 %, 248.09 W, 1980 MHz, 21 %, 32
2026/10/10 15:25:14.909, 5, 76045 MiB, 100 %, 243.56 W, 1980 MHz, 21 %, 36
2026/10/10 15:25:14.909, 6, 76045 MiB, 100 %, 240.01 W, 1980 MHz, 22 %, 33
2026/10/10 15:25:14.909, 7, 76045 MiB, 100 %, 274.13 W, 1980 MHz, 21 %, 69
2026/10/10 15:25:15.909, 0, 76045 MiB, 100 %, 240.65 W, 1980 MHz, 22 %, 33
2026/10/10 15:25:15.909, 1, 76045 MiB, 100 %, 260.31 W, 1980 MHz, 21 %, 58
2026/10/10 15:25:15.910, 2, 76045 MiB, 100 %, 242.82 W, 1980 MHz, 22 %, 37
2026/10/10 15:25:15.910, 3, 76045 MiB, 100 %, 238.54 W, 1980 MHz, 21 %, 32
2026/10/10 15:25:15.910, 4, 76045 MiB, 100 %, 231.38 W, 1980 MHz, 21 %, 32
2026/10/10 15:25:15.910, 5, 76045 MiB, 100 %, 239.92 W, 1980 MHz, 21 %, 36
2026/10/10 15:25:15.910, 6, 76045 MiB, 100 %, 231.65 W, 1980 MHz, 22 %, 33
2026/10/10 15:25:15.910, 7, 76045 MiB, 100 %, 268.55 W, 1980 MHz, 21 %, 69
2026/10/10 15:25:16.910, 0, 76045 MiB, 100 %, 237.37 W, 1980 MHz, 21 %, 33
2026/10/10 15:25:16.910, 1, 76045 MiB, 100 %, 265.42 W, 1980 MHz, 21 %, 58
2026/10/10 15:25:16.910, 2, 76045 MiB, 100 %, 239.61 W, 1980 MHz, 21 %, 37
2026/10/10 15:25:16.910, 3, 76045 MiB, 100 %, 239.08 W, 1980 MHz, 22 %, 32
2026/10/10 15:25:16.910, 4, 76045 MiB, 100 %, 232.19 W, 1980 MHz, 21 %, 32
2026/10/10 15:25:16.910, 5, 76045 MiB, 100 %, 241.73 W, 1980 MHz, 21 %, 36
2026/10/10 15:25:16.910, 6, 76045 MiB, 100 %, 232.86 W, 1980 MHz, 21 %, 33
2026/10/10 15:25:16.911, 7, 76045 MiB, 100 %, 267.51 W, 1980 MHz, 21 %, 69
2026/10/10 15:25:17.911, 0, 76045 MiB, 100 %, 240.02 W, 1980 MHz, 21 %, 33
2026/10/10 15:25:17.911, 1, 76045 MiB, 100 %, 262.30 W, 1980 MHz, 21 %, 58
2026/10/10 15:25:17.911, 2, 76045 MiB, 100 %, 240.83 W, 1980 MHz, 21 %, 37
2026/10/10 15:25:17.911, 3, 76045 MiB, 100 %, 238.91 W, 1980 MHz, 21 %, 32
2026/10/10 15:25:17.911, 4, 76045 MiB, 100 %, 234.38 W, 1980 MHz, 21 %, 32
2026/10/10 15:25:17.911, 5, 76045 MiB, 100 %, 241.89 W, 1980 MHz, 21 %, 36
2026/10/10 15:25:17.911, 6, 76045 MiB, 100 %, 232.30 W, 1980 MHz, 22 %, 33
2026/10/10 15:25:17.911, 7, 76045 MiB, 100 %, 268.11 W, 1980 MHz, 21 %, 69
2026/10/10 15:25:18.911, 0, 76045 MiB, 100 %, 240.40 W, 1980 MHz, 21 %, 33
2026/10/10 15:25:18.912, 1, 76045 MiB, 100 %, 260.83 W, 1980 MHz, 21 %, 58
2026/10/10 15:25:18.912, 2, 76045 MiB, 100 %, 240.95 W, 1980 MHz, 21 %, 37
2026/10/10 15:25:18.912, 3, 76045 MiB, 100 %, 240.27 W, 1980 MHz, 22 %, 32
2026/10/10 15:25:18.912, 4, 76045 MiB, 100 %, 232.90 W, 1980 MHz, 21 %, 32
2026/10/10 15:25:18.912, 5, 76045 MiB, 100 %, 241.34 W, 1980 MHz, 22 %, 36
2026/10/10 15:25:18.912, 6, 76045 MiB, 100 %, 233.60 W, 1980 MHz, 21 %, 33
2026/10/10 15:25:18.912, 7, 76045 MiB, 100 %, 267.40 W, 1980 MHz, 20 %, 69
2026/10/10 15:25:19.912, 0, 76045 MiB, 100 %, 239.75 W, 1980 MHz, 21 %, 33
2026/10/10 15:25:19.912, 1, 76045 MiB, 100 %, 260.87 W, 1980 MHz, 22 %, 58
2026/10/10 15:25:19.912, 2, 76045 MiB, 100 %, 239.73 W, 1980 MHz, 21 %, 37
2026/10/10 15:25:19.912, 3, 76045 MiB, 100 %, 237.52 W, 1980 MHz, 22 %, 32
2026/10/10 15:25:19.912, 4, 76045 MiB, 100 %, 234.33 W, 1980 MHz, 21 %, 32
2026/10/10 15:25:19.912, 5, 76045 MiB, 100 %, 241.64 W, 1980 MHz, 21 %, 36
2026/10/10 15:25:19.913, 6, 76045 MiB, 100 %, 232.38 W, 1980 MHz, 22 %, 33
2026/10/10 15:25:19.913, 7, 76045 MiB, 100 %, 267.62 W, 1980 MHz, 21 %, 69
2026/10/10 15:25:20.913, 0, 76045 MiB, 100 %, 238.64 W, 1980 MHz, 21 %, 33
2026/10/10 15:25:20.913, 1, 76045 MiB, 100 %, 262.52 W, 1980 MHz, 22 %, 58
2026/10/10 15:25:20.913, 2, 76045 MiB, 100 %, 238.48 W, 1980 MHz, 21 %, 37
2026/10/10 15:25:20.913, 3, 76045 MiB, 100 %, 238.17 W, 1980 MHz, 21 %, 32
2026/10/10 15:25:20.913, 4, 76045 MiB, 100 %, 233.58 W, 1980 MHz, 21 %, 32
2026/10/10 15:25:20.913, 5, 76045 MiB, 100 %, 240.69 W, 1980 MHz, 21 %, 36
2026/10/10 15:25:20.913, 6, 76045 MiB, 100 %, 235.21 W, 1980 MHz, 22 %, 33
2026/10/10 15:25:20.913, 7, 76045 MiB, 100 %, 266.92 W, 1980 MHz, 21 %, 69
2026/10/10 15:25:21.913, 0, 76045 MiB, 100 %, 238.20 W, 1980 MHz, 21 %, 33
2026/10/10 15:25:21.914, 1, 76045 MiB, 100 %, 263.01 W, 1980 MHz, 22 %, 58
2026/10/10 15:25:21.914, 2, 76045 MiB, 100 %, 239.45 W, 1980 MHz, 21 %, 37
2026/10/10 15:25:21.914, 3, 76045 MiB, 100 %, 238.69 W, 1980 MHz, 20 %, 32
2026/10/10 15:25:21.914, 4, 76045 MiB, 100 %, 232.98 W, 1980 MHz, 21 %, 32
2026/10/10 15:25:21.914, 5, 76045 MiB, 100 %, 239.36 W, 1980 MHz, 21 %, 36
2026/10/10 15:25:21.914, 6, 76045 MiB, 100 %, 234.13 W, 1980 MHz, 21 %, 33
2026/10/10 15:25:21.914, 7, 76045 MiB, 100 %, 267.84 W, 1980 MHz, 21 %, 69
2026/10/10 15:25:22.914, 0, 76045 MiB, 100 %, 238.77 W, 1980 MHz, 21 %, 33
2026/10/10 15:25:22.914, 1, 76045 MiB, 100 %, 260.37 W, 1980 MHz, 21 %, 58
2026/10/10 15:25:22.914, 2, 76045 MiB, 100 %, 238.22 W, 1980 MHz, 21 %, 37
2026/10/10 15:25:22.914, 3, 76045 MiB, 100 %, 238.24 W, 1980 MHz, 21 %, 32
2026/10/10 15:25:22.914, 4, 76045 MiB, 100 %, 234.88 W, 1980 MHz, 21 %, 32
2026/10/10 15:25:22.914, 5, 76045 MiB, 100 %, 241.64 W, 1980 MHz, 21 %, 36
2026/10/10 15:25:22.915, 6, 76045 MiB, 100 %, 232.10 W, 1980 MHz, 21 %, 33
2026/10/10 15:25:22.915, 7, 76045 MiB, 100 %, 269.93 W, 1980 MHz, 21 %, 69
2026/10/10 15:25:23.915, 0, 76045 MiB, 100 %, 240.12 W, 1980 MHz, 22 %, 33
2026/10/10 15:25:23.915, 1, 76045 MiB, 100 %, 259.76 W, 1980 MHz, 21 %, 58
2026/10/10 15:25:23.915, 2, 76045 MiB, 100 %, 239.43 W, 1980 MHz, 21 %, 37
2026/10/10 15:25:23.915, 3, 76045 MiB, 100 %, 238.56 W, 1980 MHz, 22 %, 32
2026/10/10 15:25:23.915, 4, 76045 MiB, 100 %, 234.10 W, 1980 MHz, 21 %, 32
2026/10/10 15:25:23.915, 5, 76045 MiB, 100 %, 239.64 W, 1980 MHz, 21 %, 36
2026/10/10 15:25:23.915, 6, 76045 MiB, 100 %, 232.68 W, 1980 MHz, 21 %, 33
2026/10/10 15:25:23.915, 7, 76045 MiB, 100 %, 267.40 W, 1980 MHz, 21 %, 69
2026/10/10 15:25:24.915, 0, 76045 MiB, 100 %, 239.11 W, 1980 MHz, 20 %, 33
2026/10/10 15:25:24.916, 1, 76045 MiB, 100 %, 262.12 W, 1980 MHz, 22 %, 58
2026/10/10 15:25:24.916, 2, 76045 MiB, 100 %, 239.59 W, 1980 MHz, 21 %, 37
2026/10/10 15:25:24.916, 3, 76045 MiB, 100 %, 238.57 W, 1980 MHz, 21 %, 32
2026/10/10 15:25:24.916, 4, 76045 MiB, 100 %, 234.36 W, 1980 MHz, 21 %, 32
2026/10/10 15:25:24.916, 5, 76045 MiB, 100 %, 241.74 W, 1980 MHz, 21 %, 36
2026/10/10 15:25:24.916, 6, 76045 MiB, 100 %, 231.91 W, 1980 MHz, 21 %, 33
2026/10/10 15:25:24.916, 7, 76045 MiB, 100 %, 268.40 W, 1980 MHz, 21 %, 69
2026/10/10 15:25:25.916, 0, 76045 MiB, 100 %, 238.47 W, 1980 MHz, 21 %, 33
2026/10/10 15:25:25.916, 1, 76045 MiB, 100 %, 260.06 W, 1980 MHz, 21 %, 58
2026/10/10 15:25:25.916, 2, 76045 MiB, 100 %, 239.43 W, 1980 MHz, 22 %, 37
2026/10/10 15:25:25.916, 3, 76045 MiB, 100 %, 237.92 W, 1980 MHz, 21 %, 32
2026/10/10 15:25:25.916, 4, 76045 MiB, 100 %, 235.51 W, 1980 MHz, 22 %, 32
2026/10/10 15:25:25.917, 5, 76045 MiB, 100 %, 242.46 W, 1980 MHz, 22 %, 36
2026/10/10 15:25:25.917, 6, 76045 MiB, 100 %, 231.00 W, 1980 MHz, 21 %, 33
2026/10/10 15:25:25.917, 7, 76045 MiB, 100 %, 268.06 W, 1980 MHz, 21 %, 69
2026/10/10 15:25:26.917, 0, 76045 MiB, 100 %, 237.53 W, 1980 MHz, 21 %, 33
2026/10/10 15:25:26.917, 1, 76045 MiB, 100 %, 261.34 W, 1980 MHz, 21 %, 58
2026/10/10 15:25:26.917, 2, 76045 MiB, 100 %, 240.80 W, 1980 MHz, 22 %, 37
2026/10/10 15:25:26.917, 3, 76045 MiB, 100 %, 237.96 W, 1980 MHz, 21 %, 32
2026/10/10 15:25:26.917, 4, 76045 MiB, 100 %, 234.59 W, 1980 MHz, 21 %, 32
2026/10/10 15:25:26.917, 5, 76045 MiB, 100 %, 239.73 W, 1980 MHz, 21 %, 36
2026/10/10 15:25:26.917, 6, 76045 MiB, 100 %, 232.19 W, 1980 MHz, 21 %, 33
2026/10/10 15:25:26.917, 7, 76045 MiB, 100 %, 269.20 W, 1980 MHz, 21 %, 69
2026/10/10 15:25:27.917, 0, 76045 MiB, 100 %, 246.88 W, 1980 MHz, 21 %, 34
2026/10/10 15:25:27.918, 1, 76045 MiB, 100 %, 268.22 W, 1980 MHz, 21 %, 59
2026/10/10 15:25:27.918, 2, 76045 MiB, 85 %, 242.46 W, 1980 MHz, 15 %, 37
2026/10/10 15:25:27.918, 3, 76045 MiB, 86 %, 237.64 W, 1980 MHz, 18 %, 32
2026/10/10 15:25:27.918, 4, 76045 MiB, 86 %, 235.96 W, 1980 MHz, 19 %, 33
2026/10/10 15:25:27.918, 5, 76045 MiB, 100 %, 240.65 W, 1980 MHz, 21 %, 35
2026/10/10 15:25:27.918, 6, 76045 MiB, 63 %, 232.93 W, 1980 MHz, 16 %, 34
2026/10/10 15:25:27.918, 7, 76045 MiB, 82 %, 274.21 W, 1980 MHz, 15 %, 69
2026/10/10 15:25:28.918, 0, 76045 MiB, 100 %, 242.29 W, 1980 MHz, 21 %, 33
2026/10/10 15:25:28.918, 1, 76045 MiB, 100 %, 261.18 W, 1980 MHz, 21 %, 58
2026/10/10 15:25:28.918, 2, 76045 MiB, 100 %, 244.48 W, 1980 MHz, 22 %, 37
2026/10/10 15:25:28.918, 3, 76045 MiB, 100 %, 245.24 W, 1980 MHz, 22 %, 32
2026/10/10 15:25:28.919, 4, 76045 MiB, 100 %, 241.97 W, 1980 MHz, 21 %, 32
2026/10/10 15:25:28.919, 5, 76045 MiB, 100 %, 242.39 W, 1980 MHz, 21 %, 36
2026/10/10 15:25:28.919, 6, 76045 MiB, 100 %, 237.22 W, 1980 MHz, 21 %, 33
2026/10/10 15:25:28.919, 7, 76045 MiB, 100 %, 272.70 W, 1980 MHz, 21 %, 69
2026/10/10 15:25:29.919, 0, 76045 MiB, 100 %, 242.49 W, 1980 MHz, 21 %, 33
2026/10/10 15:25:29.919, 1, 76045 MiB, 100 %, 261.54 W, 1980 MHz, 21 %, 58
2026/10/10 15:25:29.919, 2, 76045 MiB, 100 %, 239.68 W, 1980 MHz, 22 %, 37
2026/10/10 15:25:29.919, 3, 76045 MiB, 100 %, 237.64 W, 1980 MHz, 21 %, 32
2026/10/10 15:25:29.919, 4, 76045 MiB, 100 %, 235.75 W, 1980 MHz, 21 %, 32
2026/10/10 15:25:29.919, 5, 76045 MiB, 100 %, 241.14 W, 1980 MHz, 21 %, 36
2026/10/10 15:25:29.919, 6, 76045 MiB, 100 %, 232.19 W, 1980 MHz, 21 %, 33
2026/10/10 15:25:29.919, 7, 76045 MiB, 100 %, 270.01 W, 1980 MHz, 22 %, 69
2026/10/10 15:25:30.920, 0, 76045 MiB, 100 %, 241.95 W, 1980 MHz, 21 %, 33
2026/10/10 15:25:30.920, 1, 76045 MiB, 100 %, 261.04 W, 1980 MHz, 21 %, 58
2026/10/10 15:25:30.920, 2, 76045 MiB, 100 %, 239.26 W, 1980 MHz, 21 %, 37
2026/10/10 15:25:30.920, 3, 76045 MiB, 100 %, 236.78 W, 1980 MHz, 21 %, 32
2026/10/10 15:25:30.920, 4, 76045 MiB, 100 %, 237.99 W, 1980 MHz, 22 %, 32
2026/10/10 15:25:30.920, 5, 76045 MiB, 100 %, 240.89 W, 1980 MHz, 21 %, 36
2026/10/10 15:25:30.920, 6, 76045 MiB, 100 %, 232.21 W, 1980 MHz, 21 %, 33
2026/10/10 15:25:30.920, 7, 76045 MiB, 100 %, 271.04 W, 1980 MHz, 21 %, 69
2026/10/10 15:25:31.920, 0, 76045 MiB, 100 %, 240.60 W, 1980 MHz, 21 %, 33
2026/10/10 15:25:31.920, 1, 76045 MiB, 100 %, 262.81 W, 1980 MHz, 22 %, 58
2026/10/10 15:25:31.920, 2, 76045 MiB, 100 %, 239.09 W, 1980 MHz, 21 %, 37
2026/10/10 15:25:31.921, 3, 76045 MiB, 100 %, 238.96 W, 1980 MHz, 21 %, 32
2026/10/10 15:25:31.921, 4, 76045 MiB, 100 %, 237.30 W, 1980 MHz, 21 %, 32
2026/10/10 15:25:31.921, 5, 76045 MiB, 100 %, 241.21 W, 1980 MHz, 21 %, 36
2026/10/10 15:25:31.921, 6, 76045 MiB, 100 %, 231.16 W, 1980 MHz, 21 %, 33
2026/10/10 15:25:31.921, 7, 76045 MiB, 100 %, 270.64 W, 1980 MHz, 22 %, 69
2026/10/10 15:25:32.921, 0, 76045 MiB, 100 %, 240.31 W, 1980 MHz, 21 %, 33
2026/10/10 15:25:32.921, 1, 76045 MiB, 100 %, 259.83 W, 1980 MHz, 21 %, 58
2026/10/10 15:25:32.921, 2, 76045 MiB, 100 %, 240.09 W, 1980 MHz, 21 %, 37
2026/10/10 15:25:32.921, 3, 76045 MiB, 100 %, 237.65 W, 1980 MHz, 21 %, 32
2026/10/10 15:25:32.921, 4, 76045 MiB, 100 %, 237.99 W, 1980 MHz, 21 %, 32
2026/10/10 15:25:32.921, 5, 76045 MiB, 100 %, 242.04 W, 1980 MHz, 22 %, 36
2026/10/10 15:25:32.921, 6, 76045 MiB, 100 %, 231.91 W, 1980 MHz, 21 %, 33
2026/10/10 15:25:32.921, 7, 76045 MiB, 100 %, 269.09 W, 1980 MHz, 21 %, 69
2026/10/10 15:25:33.922, 0, 76045 MiB, 100 %, 240.84 W, 1980 MHz, 21 %, 33
2026/10/10 15:25:33.922, 1, 76045 MiB, 100 %, 260.18 W, 1980 MHz, 21 %, 58
2026/10/10 15:25:33.922, 2, 76045 MiB, 100 %, 240.43 W, 1980 MHz, 21 %, 37
2026/10/10 15:25:33.922, 3, 76045 MiB, 100 %, 238.73 W, 1980 MHz, 22 %, 32
2026/10/10 15:25:33.922, 4, 76045 MiB, 100 %, 236.58 W, 1980 MHz, 22 %, 32
2026/10/10 15:25:33.922, 5, 76045 MiB, 100 %, 241.12 W, 1980 MHz, 21 %, 36
2026/10/10 15:25:33.922, 6, 76045 MiB, 100 %, 231.11 W, 1980 MHz, 21 %, 33
2026/10/10 15:25:33.923, 7, 76045 MiB, 100 %, 269.81 W, 1980 MHz, 21 %, 69
2026/10/10 15:25:34.923, 0, 76045 MiB, 100 %, 240.59 W, 1980 MHz, 21 %, 33
2026/10/10 15:25:34.923, 1, 76045 MiB, 100 %, 259.92 W, 1980 MHz, 21 %, 58
2026/10/10 15:25:34.923, 2, 76045 MiB, 100 %, 238.91 W, 1980 MHz, 21 %, 37
2026/10/10 15:25:34.923, 3, 76045 MiB, 100 %, 236.68 W, 1980 MHz, 21 %, 32
2026/10/10 15:25:34.923, 4, 76045 MiB, 100 %, 237.58 W, 1980 MHz, 22 %, 32
2026/10/10 15:25:34.923, 5, 76045 MiB, 100 %, 241.23 W, 1980 MHz, 21 %, 36
2026/10/10 15:25:34.923, 6, 76045 MiB, 100 %, 231.71 W, 1980 MHz, 21 %, 33
2026/10/10 15:25:34.923, 7, 76045 MiB, 100 %, 269.00 W, 1980 MHz, 22 %, 69
2026/10/10 15:25:35.923, 0, 76045 MiB, 100 %, 240.05 W, 1980 MHz, 21 %, 33
2026/10/10 15:25:35.923, 1, 76045 MiB, 100 %, 261.52 W, 1980 MHz, 21 %, 58
2026/10/10 15:25:35.924, 2, 76045 MiB, 100 %, 238.38 W, 1980 MHz, 21 %, 37
2026/10/10 15:25:35.924, 3, 76045 MiB, 100 %, 238.24 W, 1980 MHz, 21 %, 32
2026/10/10 15:25:35.924, 4, 76045 MiB, 100 %, 237.18 W, 1980 MHz, 21 %, 32
2026/10/10 15:25:35.924, 5, 76045 MiB, 100 %, 240.86 W, 1980 MHz, 21 %, 36
2026/10/10 15:25:35.924, 6, 76045 MiB, 100 %, 230.10 W, 1980 MHz, 21 %, 33
2026/10/10 15:25:35.924, 7, 76045 MiB, 100 %, 269.03 W, 1980 MHz, 21 %, 69
2026/10/10 15:25:36.924, 0, 76045 MiB, 100 %, 239.22 W, 1980 MHz, 22 %, 33
2026/10/10 15:25:36.924, 1, 76045 MiB, 100 %, 260.27 W, 1980 MHz, 21 %, 58
2026/10/10 15:25:36.924, 2, 76045 MiB, 100 %, 238.84 W, 1980 MHz, 21 %, 37
2026/10/10 15:25:36.924, 3, 76045 MiB, 100 %, 238.79 W, 1980 MHz, 21 %, 32
2026/10/10 15:25:36.924, 4, 76045 MiB, 100 %, 237.12 W, 1980 MHz, 21 %, 32
2026/10/10 15:25:36.924, 5, 76045 MiB, 100 %, 239.79 W, 1980 MHz, 21 %, 36
2026/10/10 15:25:36.924, 6, 76045 MiB, 100 %, 229.39 W, 1980 MHz, 21 %, 33
2026/10/10 15:25:36.924, 7, 76045 MiB, 100 %, 269.31 W, 1980 MHz, 21 %, 69
2026/10/10 15:25:37.925, 0, 76045 MiB, 100 %, 238.85 W, 1980 MHz, 21 %, 33
2026/10/10 15:25:37.925, 1, 76045 MiB, 100 %, 260.61 W, 1980 MHz, 21 %, 58
2026/10/10 15:25:37.925, 2, 76045 MiB, 100 %, 238.45 W, 1980 MHz, 21 %, 37
2026/10/10 15:25:37.925, 3, 76045 MiB, 100 %, 237.19 W, 1980 MHz, 21 %, 32
2026/10/10 15:25:37.925, 4, 76045 MiB, 100 %, 237.36 W, 1980 MHz, 21 %, 32
2026/10/10 15:25:37.925, 5, 76045 MiB, 100 %, 240.66 W, 1980 MHz, 21 %, 36
2026/10/10 15:25:37.925, 6, 76045 MiB, 100 %, 231.56 W, 1980 MHz, 21 %, 33
2026/10/10 15:25:37.925, 7, 76045 MiB, 100 %, 269.32 W, 1980 MHz, 21 %, 69
2026/10/10 15:25:38.925, 0, 76045 MiB, 100 %, 240.28 W, 1980 MHz, 21 %, 33
2026/10/10 15:25:38.925, 1, 76045 MiB, 100 %, 259.76 W, 1980 MHz, 21 %, 58
2026/10/10 15:25:38.926, 2, 76045 MiB, 100 %, 238.65 W, 1980 MHz, 21 %, 37
2026/10/10 15:25:38.926, 3, 76045 MiB, 100 %, 237.68 W, 1980 MHz, 21 %, 32
2026/10/10 15:25:38.926, 4, 76045 MiB, 100 %, 237.17 W, 1980 MHz, 21 %, 32
2026/10/10 15:25:38.926, 5, 76045 MiB, 100 %, 238.03 W, 1980 MHz, 22 %, 36
2026/10/10 15:25:38.926, 6, 76045 MiB, 100 %, 231.12 W, 1980 MHz, 21 %, 33
2026/10/10 15:25:38.926, 7, 76045 MiB, 100 %, 267.67 W, 1980 MHz, 21 %, 69
2026/10/10 15:25:39.926, 0, 76045 MiB, 100 %, 239.57 W, 1980 MHz, 21 %, 33
2026/10/10 15:25:39.926, 1, 76045 MiB, 100 %, 260.03 W, 1980 MHz, 21 %, 58
2026/10/10 15:25:39.926, 2, 76045 MiB, 100 %, 237.10 W, 1980 MHz, 21 %, 37
2026/10/10 15:25:39.926, 3, 76045 MiB, 100 %, 237.54 W, 1980 MHz, 21 %, 32
2026/10/10 15:25:39.926, 4, 76045 MiB, 100 %, 236.10 W, 1980 MHz, 21 %, 32
2026/10/10 15:25:39.926, 5, 76045 MiB, 100 %, 240.87 W, 1980 MHz, 21 %, 36
2026/10/10 15:25:39.926, 6, 76045 MiB, 100 %, 231.97 W, 1980 MHz, 21 %, 33
2026/10/10 15:25:39.927, 7, 76045 MiB, 100 %, 268.69 W, 1980 MHz, 21 %, 69
2026/10/10 15:25:40.927, 0, 76045 MiB, 100 %, 239.73 W, 1980 MHz, 21 %, 33
2026/10/10 15:25:40.927, 1, 76045 MiB, 100 %, 260.56 W, 1980 MHz, 21 %, 58
2026/10/10 15:25:40.927, 2, 76045 MiB, 100 %, 238.10 W, 1980 MHz, 21 %, 37
2026/10/10 15:25:40.927, 3, 76045 MiB, 100 %, 238.74 W, 1980 MHz, 22 %, 32
2026/10/10 15:25:40.927, 4, 76045 MiB, 100 %, 235.83 W, 1980 MHz, 21 %, 32
2026/10/10 15:25:40.927, 5, 76045 MiB, 100 %, 240.30 W, 1980 MHz, 21 %, 36
2026/10/10 15:25:40.927, 6, 76045 MiB, 100 %, 230.36 W, 1980 MHz, 21 %, 33
2026/10/10 15:25:40.927, 7, 76045 MiB, 100 %, 269.98 W, 1980 MHz, 22 %, 69
2026/10/10 15:25:41.927, 0, 76045 MiB, 100 %, 249.34 W, 1980 MHz, 21 %, 33
2026/10/10 15:25:41.928, 1, 76045 MiB, 100 %, 269.73 W, 1980 MHz, 21 %, 58
2026/10/10 15:25:41.928, 2, 76045 MiB, 100 %, 243.09 W, 1980 MHz, 21 %, 37
2026/10/10 15:25:41.928, 3, 76045 MiB, 100 %, 246.68 W, 1980 MHz, 21 %, 32
2026/10/10 15:25:41.928, 4, 76045 MiB, 100 %, 246.17 W, 1980 MHz, 22 %, 32
2026/10/10 15:25:41.928, 5, 76045 MiB, 100 %, 247.35 W, 1980 MHz, 21 %, 36
2026/10/10 15:25:41.928, 6, 76045 MiB, 100 %, 232.97 W, 1980 MHz, 21 %, 33
2026/10/10 15:25:41.928, 7, 76045 MiB, 100 %, 278.56 W, 1980 MHz, 21 %, 69
2026/10/10 15:25:42.928, 0, 76045 MiB, 100 %, 239.96 W, 1980 MHz, 22 %, 33
2026/10/10 15:25:42.928, 1, 76045 MiB, 100 %, 261.29 W, 1980 MHz, 21 %, 58
2026/10/10 15:25:42.928, 2, 76045 MiB, 100 %, 242.62 W, 1980 MHz, 21 %, 37
2026/10/10 15:25:42.928, 3, 76045 MiB, 100 %, 235.82 W, 1980 MHz, 21 %, 31
2026/10/10 15:25:42.928, 4, 76045 MiB, 100 %, 235.40 W, 1980 MHz, 21 %, 32
2026/10/10 15:25:42.928, 5, 76045 MiB, 100 %, 240.69 W, 1980 MHz, 20 %, 36
2026/10/10 15:25:42.928, 6, 76045 MiB, 100 %, 232.10 W, 1980 MHz, 22 %, 33
2026/10/10 15:25:42.929, 7, 76045 MiB, 100 %, 268.03 W, 1980 MHz, 21 %, 69
2026/10/10 15:25:43.929, 0, 76045 MiB, 100 %, 240.09 W, 1980 MHz, 21 %, 33
2026/10/10 15:25:43.929, 1, 76045 MiB, 100 %, 262.45 W, 1980 MHz, 21 %, 58
2026/10/10 15:25:43.929, 2, 76045 MiB, 100 %, 241.10 W, 1980 MHz, 22 %, 37
2026/10/10 15:25:43.929, 3, 76045 MiB, 100 %, 235.52 W, 1980 MHz, 21 %, 31
2026/10/10 15:25:43.929, 4, 76045 MiB, 100 %, 234.92 W, 1980 MHz, 21 %, 32
2026/10/10 15:25:43.929, 5, 76045 MiB, 100 %, 239.09 W, 1980 MHz, 21 %, 36
2026/10/10 15:25:43.929, 6, 76045 MiB, 100 %, 233.32 W, 1980 MHz, 22 %, 33
2026/10/10 15:25:43.929, 7, 76045 MiB, 100 %, 267.55 W, 1980 MHz, 21 %, 69
2026/10/10 15:25:44.929, 0, 76045 MiB, 100 %, 244.87 W, 1980 MHz, 22 %, 33
2026/10/10 15:25:44.930, 1, 76045 MiB, 100 %, 257.70 W, 1980 MHz, 21 %, 58
2026/10/10 15:25:44.930, 2, 76045 MiB, 100 %, 242.38 W, 1980 MHz, 21 %, 37
2026/10/10 15:25:44.930, 3, 76045 MiB, 100 %, 237.47 W, 1980 MHz, 21 %, 31
2026/10/10 15:25:44.930, 4, 76045 MiB, 100 %, 234.85 W, 1980 MHz, 21 %, 32
2026/10/10 15:25:44.930, 5, 76045 MiB, 100 %, 239.59 W, 1980 MHz, 21 %, 36
2026/10/10 15:25:44.930, 6, 76045 MiB, 100 %, 233.06 W, 1980 MHz, 22 %, 33
2026/10/10 15:25:44.930, 7, 76045 MiB, 100 %, 267.93 W, 1980 MHz, 20 %, 69
2026/10/10 15:25:45.930, 0, 76045 MiB, 100 %, 242.92 W, 1980 MHz, 22 %, 33
2026/10/10 15:25:45.930, 1, 76045 MiB, 100 %, 261.37 W, 1980 MHz, 21 %, 58
2026/10/10 15:25:45.930, 2, 76045 MiB, 100 %, 243.83 W, 1980 MHz, 21 %, 37
2026/10/10 15:25:45.930, 3, 76045 MiB, 100 %, 236.24 W, 1980 MHz, 21 %, 31
2026/10/10 15:25:45.931, 4, 76045 MiB, 100 %, 234.57 W, 1980 MHz, 21 %, 32
2026/10/10 15:25:45.931, 5, 76045 MiB, 100 %, 239.84 W, 1980 MHz, 21 %, 36
2026/10/10 15:25:45.931, 6, 76045 MiB, 100 %, 233.82 W, 1980 MHz, 22 %, 33
2026/10/10 15:25:45.931, 7, 76045 MiB, 100 %, 268.02 W, 1980 MHz, 21 %, 69
2026/10/10 15:25:46.931, 0, 76045 MiB, 100 %, 242.69 W, 1980 MHz, 21 %, 33
2026/10/10 15:25:46.931, 1, 76045 MiB, 100 %, 262.16 W, 1980 MHz, 21 %, 58
2026/10/10 15:25:46.931, 2, 76045 MiB, 100 %, 242.69 W, 1980 MHz, 21 %, 37
2026/10/10 15:25:46.931, 3, 76045 MiB, 100 %, 236.57 W, 1980 MHz, 21 %, 31
2026/10/10 15:25:46.931, 4, 76045 MiB, 100 %, 235.38 W, 1980 MHz, 21 %, 32
2026/10/10 15:25:46.931, 5, 76045 MiB, 100 %, 240.66 W, 1980 MHz, 21 %, 36
2026/10/10 15:25:46.931, 6, 76045 MiB, 100 %, 231.34 W, 1980 MHz, 21 %, 33
2026/10/10 15:25:46.931, 7, 76045 MiB, 100 %, 270.41 W, 1980 MHz, 21 %, 69
2026/10/10 15:25:47.932, 0, 76045 MiB, 100 %, 242.91 W, 1980 MHz, 21 %, 33
2026/10/10 15:25:47.932, 1, 76045 MiB, 100 %, 260.44 W, 1980 MHz, 21 %, 58
2026/10/10 15:25:47.932, 2, 76045 MiB, 100 %, 242.49 W, 1980 MHz, 22 %, 37
2026/10/10 15:25:47.932, 3, 76045 MiB, 100 %, 237.73 W, 1980 MHz, 21 %, 31
2026/10/10 15:25:47.932, 4, 76045 MiB, 100 %, 236.18 W, 1980 MHz, 21 %, 32
2026/10/10 15:25:47.932, 5, 76045 MiB, 100 %, 240.03 W, 1980 MHz, 21 %, 36
2026/10/10 15:25:47.932, 6, 76045 MiB, 100 %, 232.05 W, 1980 MHz, 21 %, 33
2026/10/10 15:25:47.932, 7, 76045 MiB, 100 %, 268.29 W, 1980 MHz, 21 %, 69
2026/10/10 15:25:48.932, 0, 76045 MiB, 100 %, 242.07 W, 1980 MHz, 22 %, 33
2026/10/10 15:25:48.932, 1, 76045 MiB, 100 %, 261.21 W, 1980 MHz, 21 %, 58
2026/10/10 15:25:48.932, 2, 76045 MiB, 100 %, 242.55 W, 1980 MHz, 21 %, 37
2026/10/10 15:25:48.933, 3, 76045 MiB, 100 %, 238.52 W, 1980 MHz, 21 %, 32
2026/10/10 15:25:48.933, 4, 76045 MiB, 100 %, 234.15 W, 1980 MHz, 21 %, 32
2026/10/10 15:25:48.933, 5, 76045 MiB, 100 %, 242.24 W, 1980 MHz, 21 %, 36
2026/10/10 15:25:48.933, 6, 76045 MiB, 100 %, 231.37 W, 1980 MHz, 21 %, 33
2026/10/10 15:25:48.933, 7, 76045 MiB, 100 %, 268.66 W, 1980 MHz, 21 %, 69
2026/10/10 15:25:49.933, 0, 76045 MiB, 100 %, 243.32 W, 1980 MHz, 22 %, 33
2026/10/10 15:25:49.933, 1, 76045 MiB, 100 %, 259.99 W, 1980 MHz, 21 %, 58
2026/10/10 15:25:49.933, 2, 76045 MiB, 100 %, 241.92 W, 1980 MHz, 21 %, 37
2026/10/10 15:25:49.933, 3, 76045 MiB, 100 %, 236.43 W, 1980 MHz, 21 %, 31
2026/10/10 15:25:49.933, 4, 76045 MiB, 100 %, 233.55 W, 1980 MHz, 21 %, 32
2026/10/10 15:25:49.933, 5, 76045 MiB, 100 %, 240.02 W, 1980 MHz, 21 %, 36
2026/10/10 15:25:49.933, 6, 76045 MiB, 100 %, 231.12 W, 1980 MHz, 21 %, 33
2026/10/10 15:25:49.933, 7, 76045 MiB, 100 %, 266.67 W, 1980 MHz, 21 %, 69
2026/10/10 15:25:50.934, 0, 76045 MiB, 100 %, 241.66 W, 1980 MHz, 21 %, 33
2026/10/10 15:25:50.934, 1, 76045 MiB, 100 %, 261.22 W, 1980 MHz, 21 %, 58
2026/10/10 15:25:50.934, 2, 76045 MiB, 100 %, 241.90 W, 1980 MHz, 21 %, 37
2026/10/10 15:25:50.934, 3, 76045 MiB, 100 %, 237.83 W, 1980 MHz, 21 %, 31
2026/10/10 15:25:50.934, 4, 76045 MiB, 100 %, 234.67 W, 1980 MHz, 21 %, 32
2026/10/10 15:25:50.934, 5, 76045 MiB, 100 %, 240.16 W, 1980 MHz, 21 %, 36
2026/10/10 15:25:50.934, 6, 76045 MiB, 100 %, 231.72 W, 1980 MHz, 22 %, 33
2026/10/10 15:25:50.934, 7, 76045 MiB, 100 %, 267.51 W, 1980 MHz, 21 %, 69
2026/10/10 15:25:51.934, 0, 76045 MiB, 100 %, 243.09 W, 1980 MHz, 21 %, 33
2026/10/10 15:25:51.934, 1, 76045 MiB, 100 %, 260.50 W, 1980 MHz, 21 %, 58
2026/10/10 15:25:51.934, 2, 76045 MiB, 100 %, 241.16 W, 1980 MHz, 21 %, 37
2026/10/10 15:25:51.935, 3, 76045 MiB, 100 %, 237.87 W, 1980 MHz, 21 %, 31
2026/10/10 15:25:51.935, 4, 76045 MiB, 100 %, 232.65 W, 1980 MHz, 20 %, 32
2026/10/10 15:25:51.935, 5, 76045 MiB, 100 %, 238.91 W, 1980 MHz, 21 %, 36
2026/10/10 15:25:51.935, 6, 76045 MiB, 100 %, 231.13 W, 1980 MHz, 21 %, 33
2026/10/10 15:25:51.935, 7, 76045 MiB, 100 %, 269.99 W, 1980 MHz, 21 %, 69
2026/10/10 15:25:52.935, 0, 76045 MiB, 100 %, 240.37 W, 1980 MHz, 21 %, 33
2026/10/10 15:25:52.935, 1, 76045 MiB, 100 %, 261.63 W, 1980 MHz, 21 %, 58
2026/10/10 15:25:52.935, 2, 76045 MiB, 100 %, 241.15 W, 1980 MHz, 21 %, 37
2026/10/10 15:25:52.935, 3, 76045 MiB, 100 %, 235.49 W, 1980 MHz, 21 %, 31
2026/10/10 15:25:52.935, 4, 76045 MiB, 100 %, 234.01 W, 1980 MHz, 21 %, 32
2026/10/10 15:25:52.935, 5, 76045 MiB, 100 %, 242.44 W, 1980 MHz, 21 %, 36
2026/10/10 15:25:52.935, 6, 76045 MiB, 100 %, 230.95 W, 1980 MHz, 21 %, 33
2026/10/10 15:25:52.935, 7, 76045 MiB, 100 %, 268.63 W, 1980 MHz, 21 %, 69
2026/10/10 15:25:53.936, 0, 76045 MiB, 100 %, 240.62 W, 1980 MHz, 20 %, 33
2026/10/10 15:25:53.936, 1, 76045 MiB, 100 %, 259.42 W, 1980 MHz, 21 %, 58
2026/10/10 15:25:53.936, 2, 76045 MiB, 100 %, 241.24 W, 1980 MHz, 21 %, 37
2026/10/10 15:25:53.936, 3, 76045 MiB, 100 %, 234.00 W, 1980 MHz, 21 %, 31
2026/10/10 15:25:53.936, 4, 76045 MiB, 100 %, 234.61 W, 1980 MHz, 21 %, 32
2026/10/10 15:25:53.936, 5, 76045 MiB, 100 %, 240.64 W, 1980 MHz, 21 %, 36
2026/10/10 15:25:53.936, 6, 76045 MiB, 100 %, 230.42 W, 1980 MHz, 21 %, 33
2026/10/10 15:25:53.936, 7, 76045 MiB, 100 %, 268.29 W, 1980 MHz, 21 %, 69
2026/10/10 15:25:54.936, 0, 76045 MiB, 100 %, 240.29 W, 1980 MHz, 20 %, 33
2026/10/10 15:25:54.936, 1, 76045 MiB, 100 %, 259.66 W, 1980 MHz, 21 %, 58
2026/10/10 15:25:54.936, 2, 76045 MiB, 100 %, 239.74 W, 1980 MHz, 21 %, 37
2026/10/10 15:25:54.936, 3, 76045 MiB, 100 %, 236.66 W, 1980 MHz, 21 %, 32
2026/10/10 15:25:54.936, 4, 76045 MiB, 100 %, 234.91 W, 1980 MHz, 20 %, 32
2026/10/10 15:25:54.937, 5, 76045 MiB, 100 %, 241.96 W, 1980 MHz, 21 %, 36
2026/10/10 15:25:54.937, 6, 76045 MiB, 100 %, 230.66 W, 1980 MHz, 21 %, 33
2026/10/10 15:25:54.937, 7, 76045 MiB, 100 %, 269.54 W, 1980 MHz, 21 %, 69
