timestamp, index, memory.used [MiB], utilization.gpu [%], power.draw [W], clocks.current.sm [MHz], utilization.memory [%], temperature.gpu
2026/10/10 17:06:23.134, 0, 76805 MiB, 0 %, 185.96 W, 1980 MHz, 0 %, 33
2026/10/10 17:06:23.144, 1, 76805 MiB, 0 %, 193.50 W, 1980 MHz, 0 %, 57
2026/10/10 17:06:23.153, 2, 76805 MiB, 0 %, 179.79 W, 1980 MHz, 0 %, 39
2026/10/10 17:06:23.161, 3, 76805 MiB, 0 %, 169.40 W, 1980 MHz, 0 %, 33
2026/10/10 17:06:23.169, 4, 76805 MiB, 0 %, 165.72 W, 1980 MHz, 0 %, 33
2026/10/10 17:06:23.178, 5, 76805 MiB, 0 %, 175.88 W, 1980 MHz, 0 %, 38
2026/10/10 17:06:23.186, 6, 76805 MiB, 0 %, 161.21 W, 1980 MHz, 0 %, 36
2026/10/10 17:06:23.194, 7, 76805 MiB, 0 %, 195.29 W, 1980 MHz, 0 %, 69
2026/10/10 17:06:24.202, 0, 76805 MiB, 0 %, 122.75 W, 1980 MHz, 0 %, 32
2026/10/10 17:06:24.203, 1, 76805 MiB, 0 %, 135.96 W, 1980 MHz, 0 %, 57
2026/10/10 17:06:24.203, 2, 76805 MiB, 0 %, 122.59 W, 1980 MHz, 0 %, 38
2026/10/10 17:06:24.203, 3, 76805 MiB, 0 %, 117.88 W, 1980 MHz, 0 %, 31
2026/10/10 17:06:24.203, 4, 76805 MiB, 0 %, 115.84 W, 1980 MHz, 0 %, 32
2026/10/10 17:06:24.203, 5, 76805 MiB, 0 %, 121.37 W, 1980 MHz, 0 %, 37
2026/10/10 17:06:24.203, 6, 76805 MiB, 0 %, 114.28 W, 1980 MHz, 0 %, 35
2026/10/10 17:06:24.203, 7, 76805 MiB, 0 %, 145.06 W, 1980 MHz, 0 %, 68
2026/10/10 17:06:25.203, 0, 76805 MiB, 0 %, 122.38 W, 1980 MHz, 0 %, 32
2026/10/10 17:06:25.203, 1, 76805 MiB, 0 %, 135.56 W, 1980 MHz, 0 %, 56
2026/10/10 17:06:25.203, 2, 76805 MiB, 0 %, 122.24 W, 1980 MHz, 0 %, 38
2026/10/10 17:06:25.203, 3, 76805 MiB, 0 %, 117.52 W, 1980 MHz, 0 %, 31
2026/10/10 17:06:25.203, 4, 76805 MiB, 0 %, 115.51 W, 1980 MHz, 0 %, 31
2026/10/10 17:06:25.203, 5, 76805 MiB, 0 %, 120.83 W, 1980 MHz, 0 %, 36
2026/10/10 17:06:25.203, 6, 76805 MiB, 0 %, 113.93 W, 1980 MHz, 0 %, 34
2026/10/10 17:06:25.203, 7, 76805 MiB, 0 %, 144.20 W, 1980 MHz, 0 %, 68
2026/10/10 17:06:26.204, 0, 76805 MiB, 0 %, 122.08 W, 1980 MHz, 0 %, 31
2026/10/10 17:06:26.204, 1, 76805 MiB, 0 %, 135.26 W, 1980 MHz, 0 %, 56
2026/10/10 17:06:26.204, 2, 76805 MiB, 0 %, 122.06 W, 1980 MHz, 0 %, 37
2026/10/10 17:06:26.204, 3, 76805 MiB, 0 %, 117.28 W, 1980 MHz, 0 %, 30
2026/10/10 17:06:26.204, 4, 76805 MiB, 0 %, 115.26 W, 1980 MHz, 0 %, 31
2026/10/10 17:06:26.204, 5, 76805 MiB, 0 %, 120.48 W, 1980 MHz, 0 %, 36
2026/10/10 17:06:26.204, 6, 76805 MiB, 0 %, 113.73 W, 1980 MHz, 0 %, 33
2026/10/10 17:06:26.204, 7, 76805 MiB, 0 %, 143.74 W, 1980 MHz, 0 %, 67
2026/10/10 17:06:27.204, 0, 76805 MiB, 0 %, 121.78 W, 1980 MHz, 0 %, 31
2026/10/10 17:06:27.204, 1, 76805 MiB, 0 %, 135.03 W, 1980 MHz, 0 %, 56
2026/10/10 17:06:27.204, 2, 76805 MiB, 0 %, 121.84 W, 1980 MHz, 0 %, 37
2026/10/10 17:06:27.204, 3, 76805 MiB, 0 %, 117.09 W, 1980 MHz, 0 %, 30
2026/10/10 17:06:27.204, 4, 76805 MiB, 0 %, 115.11 W, 1980 MHz, 0 %, 30
2026/10/10 17:06:27.204, 5, 76805 MiB, 0 %, 120.21 W, 1980 MHz, 0 %, 35
2026/10/10 17:06:27.204, 6, 76805 MiB, 0 %, 113.61 W, 1980 MHz, 0 %, 33
2026/10/10 17:06:27.204, 7, 76805 MiB, 0 %, 143.46 W, 1980 MHz, 0 %, 67
2026/10/10 17:06:28.205, 0, 76805 MiB, 0 %, 121.69 W, 1980 MHz, 0 %, 31
2026/10/10 17:06:28.205, 1, 76805 MiB, 0 %, 134.90 W, 1980 MHz, 0 %, 56
2026/10/10 17:06:28.205, 2, 76805 MiB, 0 %, 121.67 W, 1980 MHz, 0 %, 37
2026/10/10 17:06:28.205, 3, 76805 MiB, 0 %, 116.89 W, 1980 MHz, 0 %, 30
2026/10/10 17:06:28.205, 4, 76805 MiB, 0 %, 114.56 W, 1980 MHz, 0 %, 30
2026/10/10 17:06:28.205, 5, 76805 MiB, 0 %, 120.08 W, 1980 MHz, 0 %, 35
2026/10/10 17:06:28.205, 6, 76805 MiB, 0 %, 113.44 W, 1980 MHz, 0 %, 33
2026/10/10 17:06:28.205, 7, 76805 MiB, 0 %, 143.25 W, 1980 MHz, 0 %, 67
2026/10/10 17:06:29.205, 0, 76805 MiB, 0 %, 121.53 W, 1980 MHz, 0 %, 30
2026/10/10 17:06:29.205, 1, 76805 MiB, 0 %, 134.74 W, 1980 MHz, 0 %, 56
2026/10/10 17:06:29.205, 2, 76805 MiB, 0 %, 121.53 W, 1980 MHz, 0 %, 37
2026/10/10 17:06:29.205, 3, 76805 MiB, 0 %, 116.70 W, 1980 MHz, 0 %, 29
2026/10/10 17:06:29.206, 4, 76805 MiB, 0 %, 114.25 W, 1980 MHz, 0 %, 30
2026/10/10 17:06:29.206, 5, 76805 MiB, 0 %, 119.92 W, 1980 MHz, 0 %, 35
2026/10/10 17:06:29.206, 6, 76805 MiB, 0 %, 113.31 W, 1980 MHz, 0 %, 32
2026/10/10 17:06:29.206, 7, 76805 MiB, 0 %, 142.94 W, 1980 MHz, 0 %, 67
2026/10/10 17:06:30.206, 0, 76805 MiB, 0 %, 121.37 W, 1980 MHz, 0 %, 30
2026/10/10 17:06:30.206, 1, 76805 MiB, 0 %, 134.59 W, 1980 MHz, 0 %, 55
2026/10/10 17:06:30.206, 2, 76805 MiB, 0 %, 121.45 W, 1980 MHz, 0 %, 36
2026/10/10 17:06:30.206, 3, 76805 MiB, 0 %, 116.59 W, 1980 MHz, 0 %, 29
2026/10/10 17:06:30.206, 4, 76805 MiB, 0 %, 114.25 W, 1980 MHz, 0 %, 30
2026/10/10 17:06:30.206, 5, 76805 MiB, 0 %, 119.72 W, 1980 MHz, 0 %, 34
2026/10/10 17:06:30.206, 6, 76805 MiB, 0 %, 113.17 W, 1980 MHz, 0 %, 32
2026/10/10 17:06:30.206, 7, 76805 MiB, 0 %, 142.78 W, 1980 MHz, 0 %, 67
2026/10/10 17:06:31.206, 0, 76805 MiB, 0 %, 121.24 W, 1980 MHz, 0 %, 30
2026/10/10 17:06:31.207, 1, 76805 MiB, 0 %, 134.52 W, 1980 MHz, 0 %, 55
2026/10/10 17:06:31.207, 2, 76805 MiB, 0 %, 121.27 W, 1980 MHz, 0 %, 36
2026/10/10 17:06:31.207, 3, 76805 MiB, 0 %, 116.45 W, 1980 MHz, 0 %, 29
2026/10/10 17:06:31.207, 4, 76805 MiB, 0 %, 114.14 W, 1980 MHz, 0 %, 29
2026/10/10 17:06:31.207, 5, 76805 MiB, 0 %, 119.58 W, 1980 MHz, 0 %, 34
2026/10/10 17:06:31.207, 6, 76805 MiB, 0 %, 113.12 W, 1980 MHz, 0 %, 32
2026/10/10 17:06:31.207, 7, 76805 MiB, 0 %, 142.57 W, 1980 MHz, 0 %, 67
2026/10/10 17:06:32.207, 0, 76805 MiB, 0 %, 121.10 W, 1980 MHz, 0 %, 30
2026/10/10 17:06:32.207, 1, 76805 MiB, 0 %, 134.43 W, 1980 MHz, 0 %, 55
2026/10/10 17:06:32.207, 2, 76805 MiB, 0 %, 121.08 W, 1980 MHz, 0 %, 36
2026/10/10 17:06:32.207, 3, 76805 MiB, 0 %, 116.36 W, 1980 MHz, 0 %, 29
2026/10/10 17:06:32.207, 4, 76805 MiB, 0 %, 114.03 W, 1980 MHz, 0 %, 29
2026/10/10 17:06:32.208, 5, 76805 MiB, 0 %, 119.39 W, 1980 MHz, 0 %, 34
2026/10/10 17:06:32.208, 6, 76805 MiB, 0 %, 113.01 W, 1980 MHz, 0 %, 32
2026/10/10 17:06:32.208, 7, 76805 MiB, 0 %, 142.43 W, 1980 MHz, 0 %, 67
2026/10/10 17:06:33.208, 0, 76805 MiB, 0 %, 121.00 W, 1980 MHz, 0 %, 30
2026/10/10 17:06:33.208, 1, 76805 MiB, 0 %, 134.32 W, 1980 MHz, 0 %, 55
2026/10/10 17:06:33.208, 2, 76805 MiB, 0 %, 121.01 W, 1980 MHz, 0 %, 36
2026/10/10 17:06:33.208, 3, 76805 MiB, 0 %, 116.29 W, 1980 MHz, 0 %, 29
2026/10/10 17:06:33.208, 4, 76805 MiB, 0 %, 113.90 W, 1980 MHz, 0 %, 29
2026/10/10 17:06:33.208, 5, 76805 MiB, 0 %, 119.27 W, 1980 MHz, 0 %, 34
2026/10/10 17:06:33.208, 6, 76805 MiB, 0 %, 112.93 W, 1980 MHz, 0 %, 31
2026/10/10 17:06:33.208, 7, 76805 MiB, 0 %, 142.29 W, 1980 MHz, 0 %, 66
2026/10/10 17:06:34.208, 0, 76805 MiB, 100 %, 597.56 W, 1980 MHz, 49 %, 46
2026/10/10 17:06:34.209, 1, 76805 MiB, 100 %, 638.76 W, 1815 MHz, 47 %, 69
2026/10/10 17:06:34.209, 2, 76805 MiB, 100 %, 627.03 W, 1950 MHz, 47 %, 50
2026/10/10 17:06:34.209, 3, 76805 MiB, 100 %, 644.40 W, 1755 MHz, 47 %, 45
2026/10/10 17:06:34.209, 4, 76805 MiB, 100 %, 639.17 W, 1935 MHz, 47 %, 47
2026/10/10 17:06:34.209, 5, 76805 MiB, 100 %, 645.67 W, 1890 MHz, 46 %, 50
2026/10/10 17:06:34.209, 6, 76805 MiB, 100 %, 569.26 W, 1980 MHz, 47 %, 48
2026/10/10 17:06:34.209, 7, 76805 MiB, 100 %, 615.74 W, 1875 MHz, 49 %, 81
2026/10/10 17:06:35.209, 0, 76805 MiB, 100 %, 686.84 W, 1935 MHz, 45 %, 48
2026/10/10 17:06:35.209, 1, 76805 MiB, 100 %, 689.97 W, 1740 MHz, 46 %, 68
2026/10/10 17:06:35.209, 2, 76805 MiB, 100 %, 684.74 W, 1950 MHz, 44 %, 49
2026/10/10 17:06:35.209, 3, 76805 MiB, 100 %, 685.08 W, 1905 MHz, 44 %, 47
2026/10/10 17:06:35.209, 4, 76805 MiB, 100 %, 687.53 W, 1950 MHz, 44 %, 49
2026/10/10 17:06:35.209, 5, 76805 MiB, 100 %, 684.79 W, 1890 MHz, 46 %, 54
2026/10/10 17:06:35.210, 6, 76805 MiB, 100 %, 676.90 W, 1965 MHz, 45 %, 52
2026/10/10 17:06:35.210, 7, 76805 MiB, 100 %, 690.43 W, 1785 MHz, 45 %, 83
2026/10/10 17:06:36.210, 0, 76805 MiB, 100 %, 670.28 W, 1980 MHz, 42 %, 50
2026/10/10 17:06:36.210, 1, 76805 MiB, 100 %, 682.27 W, 1800 MHz, 42 %, 70
2026/10/10 17:06:36.210, 2, 76805 MiB, 100 %, 677.97 W, 1965 MHz, 42 %, 51
2026/10/10 17:06:36.210, 3, 76805 MiB, 100 %, 689.88 W, 1920 MHz, 42 %, 49
2026/10/10 17:06:36.210, 4, 76805 MiB, 100 %, 690.16 W, 1935 MHz, 42 %, 52
2026/10/10 17:06:36.210, 5, 76805 MiB, 100 %, 688.30 W, 1800 MHz, 42 %, 54
2026/10/10 17:06:36.210, 6, 76805 MiB, 100 %, 687.21 W, 1965 MHz, 42 %, 54
2026/10/10 17:06:36.210, 7, 76805 MiB, 100 %, 672.62 W, 1755 MHz, 45 %, 82
2026/10/10 17:06:37.210, 0, 76805 MiB, 100 %, 347.83 W, 1980 MHz, 17 %, 37
2026/10/10 17:06:37.211, 1, 76805 MiB, 100 %, 354.07 W, 1980 MHz, 16 %, 60
2026/10/10 17:06:37.211, 2, 76805 MiB, 100 %, 335.12 W, 1980 MHz, 16 %, 41
2026/10/10 17:06:37.211, 3, 76805 MiB, 100 %, 334.21 W, 1980 MHz, 16 %, 36
2026/10/10 17:06:37.211, 4, 76805 MiB, 100 %, 327.00 W, 1980 MHz, 17 %, 37
2026/10/10 17:06:37.211, 5, 76805 MiB, 100 %, 335.86 W, 1980 MHz, 16 %, 42
2026/10/10 17:06:37.211, 6, 76805 MiB, 100 %, 319.37 W, 1980 MHz, 16 %, 40
2026/10/10 17:06:37.211, 7, 76805 MiB, 100 %, 375.14 W, 1980 MHz, 17 %, 73
2026/10/10 17:06:38.211, 0, 76805 MiB, 100 %, 249.60 W, 1980 MHz, 17 %, 36
2026/10/10 17:06:38.211, 1, 76805 MiB, 100 %, 267.92 W, 1980 MHz, 16 %, 59
2026/10/10 17:06:38.211, 2, 76805 MiB, 100 %, 251.33 W, 1980 MHz, 16 %, 40
2026/10/10 17:06:38.211, 3, 76805 MiB, 100 %, 248.73 W, 1980 MHz, 17 %, 35
2026/10/10 17:06:38.211, 4, 76805 MiB, 100 %, 243.25 W, 1980 MHz, 17 %, 35
2026/10/10 17:06:38.211, 5, 76805 MiB, 100 %, 250.19 W, 1980 MHz, 17 %, 40
2026/10/10 17:06:38.211, 6, 76805 MiB, 100 %, 242.41 W, 1980 MHz, 16 %, 38
2026/10/10 17:06:38.212, 7, 76805 MiB, 100 %, 284.73 W, 1980 MHz, 17 %, 71
2026/10/10 17:06:39.212, 0, 76805 MiB, 100 %, 250.86 W, 1980 MHz, 17 %, 36
2026/10/10 17:06:39.212, 1, 76805 MiB, 100 %, 268.52 W, 1980 MHz, 16 %, 59
2026/10/10 17:06:39.212, 2, 76805 MiB, 100 %, 250.73 W, 1980 MHz, 16 %, 39
2026/10/10 17:06:39.212, 3, 76805 MiB, 100 %, 248.27 W, 1980 MHz, 17 %, 34
2026/10/10 17:06:39.212, 4, 76805 MiB, 100 %, 242.97 W, 1980 MHz, 16 %, 35
2026/10/10 17:06:39.212, 5, 76805 MiB, 100 %, 251.72 W, 1980 MHz, 17 %, 39
2026/10/10 17:06:39.212, 6, 76805 MiB, 100 %, 240.67 W, 1980 MHz, 17 %, 37
2026/10/10 17:06:39.212, 7, 76805 MiB, 100 %, 283.09 W, 1980 MHz, 17 %, 71
2026/10/10 17:06:40.212, 0, 76805 MiB, 100 %, 250.72 W, 1980 MHz, 17 %, 35
2026/10/10 17:06:40.212, 1, 76805 MiB, 100 %, 267.61 W, 1980 MHz, 17 %, 59
2026/10/10 17:06:40.212, 2, 76805 MiB, 100 %, 250.53 W, 1980 MHz, 16 %, 39
2026/10/10 17:06:40.212, 3, 76805 MiB, 100 %, 249.30 W, 1980 MHz, 16 %, 34
2026/10/10 17:06:40.213, 4, 76805 MiB, 100 %, 243.46 W, 1980 MHz, 16 %, 35
2026/10/10 17:06:40.213, 5, 76805 MiB, 100 %, 250.09 W, 1980 MHz, 16 %, 39
2026/10/10 17:06:40.213, 6, 76805 MiB, 100 %, 240.99 W, 1980 MHz, 17 %, 37
2026/10/10 17:06:40.213, 7, 76805 MiB, 100 %, 283.26 W, 1980 MHz, 16 %, 71
2026/10/10 17:06:41.213, 0, 76805 MiB, 100 %, 251.36 W, 1980 MHz, 17 %, 35
2026/10/10 17:06:41.213, 1, 76805 MiB, 100 %, 268.26 W, 1980 MHz, 17 %, 59
2026/10/10 17:06:41.213, 2, 76805 MiB, 100 %, 249.84 W, 1980 MHz, 16 %, 39
2026/10/10 17:06:41.213, 3, 76805 MiB, 100 %, 247.47 W, 1980 MHz, 16 %, 34
2026/10/10 17:06:41.213, 4, 76805 MiB, 100 %, 241.86 W, 1980 MHz, 16 %, 34
2026/10/10 17:06:41.213, 5, 76805 MiB, 100 %, 248.10 W, 1980 MHz, 17 %, 39
2026/10/10 17:06:41.213, 6, 76805 MiB, 100 %, 241.20 W, 1980 MHz, 16 %, 37
2026/10/10 17:06:41.213, 7, 76805 MiB, 100 %, 280.98 W, 1980 MHz, 17 %, 71
2026/10/10 17:06:42.213, 0, 76805 MiB, 100 %, 249.52 W, 1980 MHz, 17 %, 35
2026/10/10 17:06:42.213, 1, 76805 MiB, 100 %, 268.04 W, 1980 MHz, 17 %, 59
2026/10/10 17:06:42.214, 2, 76805 MiB, 100 %, 250.45 W, 1980 MHz, 16 %, 39
2026/10/10 17:06:42.214, 3, 76805 MiB, 100 %, 247.99 W, 1980 MHz, 16 %, 34
2026/10/10 17:06:42.214, 4, 76805 MiB, 100 %, 241.69 W, 1980 MHz, 16 %, 34
2026/10/10 17:06:42.214, 5, 76805 MiB, 100 %, 249.20 W, 1980 MHz, 17 %, 39
2026/10/10 17:06:42.214, 6, 76805 MiB, 100 %, 239.93 W, 1980 MHz, 17 %, 36
2026/10/10 17:06:42.214, 7, 76805 MiB, 100 %, 280.46 W, 1980 MHz, 17 %, 71
2026/10/10 17:06:43.214, 0, 76805 MiB, 100 %, 249.76 W, 1980 MHz, 16 %, 35
2026/10/10 17:06:43.214, 1, 76805 MiB, 100 %, 268.04 W, 1980 MHz, 16 %, 59
2026/10/10 17:06:43.214, 2, 76805 MiB, 100 %, 250.63 W, 1980 MHz, 16 %, 39
2026/10/10 17:06:43.214, 3, 76805 MiB, 100 %, 247.05 W, 1980 MHz, 16 %, 33
2026/10/10 17:06:43.214, 4, 76805 MiB, 100 %, 242.38 W, 1980 MHz, 16 %, 34
2026/10/10 17:06:43.214, 5, 76805 MiB, 100 %, 248.54 W, 1980 MHz, 16 %, 38
2026/10/10 17:06:43.214, 6, 76805 MiB, 100 %, 241.08 W, 1980 MHz, 17 %, 36
2026/10/10 17:06:43.214, 7, 76805 MiB, 100 %, 280.82 W, 1980 MHz, 16 %, 70
2026/10/10 17:06:44.215, 0, 76805 MiB, 100 %, 250.78 W, 1980 MHz, 17 %, 35
2026/10/10 17:06:44.215, 1, 76805 MiB, 100 %, 267.36 W, 1980 MHz, 16 %, 59
2026/10/10 17:06:44.215, 2, 76805 MiB, 100 %, 250.59 W, 1980 MHz, 17 %, 39
2026/10/10 17:06:44.215, 3, 76805 MiB, 100 %, 246.88 W, 1980 MHz, 16 %, 33
2026/10/10 17:06:44.215, 4, 76805 MiB, 100 %, 241.89 W, 1980 MHz, 16 %, 34
2026/10/10 17:06:44.215, 5, 76805 MiB, 100 %, 249.29 W, 1980 MHz, 16 %, 38
2026/10/10 17:06:44.215, 6, 76805 MiB, 100 %, 240.85 W, 1980 MHz, 17 %, 36
2026/10/10 17:06:44.215, 7, 76805 MiB, 100 %, 280.82 W, 1980 MHz, 17 %, 70
2026/10/10 17:06:45.215, 0, 76805 MiB, 100 %, 250.15 W, 1980 MHz, 17 %, 35
2026/10/10 17:06:45.215, 1, 76805 MiB, 100 %, 267.63 W, 1980 MHz, 16 %, 59
2026/10/10 17:06:45.215, 2, 76805 MiB, 100 %, 249.36 W, 1980 MHz, 16 %, 39
2026/10/10 17:06:45.215, 3, 76805 MiB, 100 %, 247.53 W, 1980 MHz, 17 %, 33
2026/10/10 17:06:45.215, 4, 76805 MiB, 100 %, 242.76 W, 1980 MHz, 16 %, 34
2026/10/10 17:06:45.215, 5, 76805 MiB, 100 %, 249.69 W, 1980 MHz, 16 %, 38
2026/10/10 17:06:45.215, 6, 76805 MiB, 100 %, 239.70 W, 1980 MHz, 17 %, 36
2026/10/10 17:06:45.215, 7, 76805 MiB, 100 %, 279.39 W, 1980 MHz, 16 %, 70
2026/10/10 17:06:46.216, 0, 76805 MiB, 100 %, 249.54 W, 1980 MHz, 17 %, 35
2026/10/10 17:06:46.216, 1, 76805 MiB, 100 %, 267.48 W, 1980 MHz, 17 %, 59
2026/10/10 17:06:46.216, 2, 76805 MiB, 100 %, 250.05 W, 1980 MHz, 16 %, 39
2026/10/10 17:06:46.216, 3, 76805 MiB, 100 %, 247.21 W, 1980 MHz, 16 %, 33
2026/10/10 17:06:46.216, 4, 76805 MiB, 100 %, 242.37 W, 1980 MHz, 16 %, 34
2026/10/10 17:06:46.216, 5, 76805 MiB, 100 %, 249.06 W, 1980 MHz, 16 %, 38
2026/10/10 17:06:46.216, 6, 76805 MiB, 100 %, 239.67 W, 1980 MHz, 16 %, 36
2026/10/10 17:06:46.216, 7, 76805 MiB, 100 %, 282.12 W, 1980 MHz, 17 %, 70
2026/10/10 17:06:47.216, 0, 76805 MiB, 100 %, 249.09 W, 1980 MHz, 17 %, 35
2026/10/10 17:06:47.216, 1, 76805 MiB, 100 %, 267.29 W, 1980 MHz, 16 %, 59
2026/10/10 17:06:47.216, 2, 76805 MiB, 100 %, 250.33 W, 1980 MHz, 16 %, 39
2026/10/10 17:06:47.216, 3, 76805 MiB, 100 %, 246.93 W, 1980 MHz, 16 %, 33
2026/10/10 17:06:47.216, 4, 76805 MiB, 100 %, 242.95 W, 1980 MHz, 16 %, 34
2026/10/10 17:06:47.216, 5, 76805 MiB, 100 %, 248.77 W, 1980 MHz, 17 %, 38
2026/10/10 17:06:47.217, 6, 76805 MiB, 100 %, 240.55 W, 1980 MHz, 16 %, 36
2026/10/10 17:06:47.217, 7, 76805 MiB, 100 %, 280.04 W, 1980 MHz, 17 %, 70
2026/10/10 17:06:48.217, 0, 76805 MiB, 100 %, 249.01 W, 1980 MHz, 16 %, 35
2026/10/10 17:06:48.217, 1, 76805 MiB, 100 %, 266.50 W, 1980 MHz, 16 %, 59
2026/10/10 17:06:48.217, 2, 76805 MiB, 100 %, 250.82 W, 1980 MHz, 17 %, 39
2026/10/10 17:06:48.217, 3, 76805 MiB, 100 %, 247.28 W, 1980 MHz, 16 %, 33
2026/10/10 17:06:48.217, 4, 76805 MiB, 100 %, 241.62 W, 1980 MHz, 16 %, 34
2026/10/10 17:06:48.217, 5, 76805 MiB, 100 %, 249.51 W, 1980 MHz, 17 %, 38
2026/10/10 17:06:48.217, 6, 76805 MiB, 100 %, 240.55 W, 1980 MHz, 17 %, 36
2026/10/10 17:06:48.217, 7, 76805 MiB, 100 %, 279.92 W, 1980 MHz, 17 %, 70
2026/10/10 17:06:49.217, 0, 76805 MiB, 100 %, 249.59 W, 1980 MHz, 16 %, 35
2026/10/10 17:06:49.217, 1, 76805 MiB, 100 %, 266.48 W, 1980 MHz, 16 %, 59
2026/10/10 17:06:49.217, 2, 76805 MiB, 100 %, 250.20 W, 1980 MHz, 17 %, 39
2026/10/10 17:06:49.218, 3, 76805 MiB, 100 %, 247.04 W, 1980 MHz, 16 %, 33
2026/10/10 17:06:49.218, 4, 76805 MiB, 100 %, 241.21 W, 1980 MHz, 16 %, 34
2026/10/10 17:06:49.218, 5, 76805 MiB, 100 %, 248.46 W, 1980 MHz, 17 %, 38
2026/10/10 17:06:49.218, 6, 76805 MiB, 100 %, 240.26 W, 1980 MHz, 16 %, 36
2026/10/10 17:06:49.218, 7, 76805 MiB, 100 %, 280.27 W, 1980 MHz, 16 %, 70
2026/10/10 17:06:50.218, 0, 76805 MiB, 100 %, 248.30 W, 1980 MHz, 16 %, 35
2026/10/10 17:06:50.218, 1, 76805 MiB, 100 %, 267.80 W, 1980 MHz, 17 %, 59
2026/10/10 17:06:50.218, 2, 76805 MiB, 100 %, 250.32 W, 1980 MHz, 16 %, 39
2026/10/10 17:06:50.218, 3, 76805 MiB, 100 %, 247.51 W, 1980 MHz, 16 %, 33
2026/10/10 17:06:50.218, 4, 76805 MiB, 100 %, 242.59 W, 1980 MHz, 16 %, 34
2026/10/10 17:06:50.218, 5, 76805 MiB, 100 %, 249.14 W, 1980 MHz, 16 %, 38
2026/10/10 17:06:50.218, 6, 76805 MiB, 100 %, 240.80 W, 1980 MHz, 17 %, 36
2026/10/10 17:06:50.218, 7, 76805 MiB, 100 %, 279.05 W, 1980 MHz, 17 %, 70
2026/10/10 17:06:51.218, 0, 76805 MiB, 100 %, 249.11 W, 1980 MHz, 16 %, 34
2026/10/10 17:06:51.219, 1, 76805 MiB, 100 %, 267.65 W, 1980 MHz, 17 %, 59
2026/10/10 17:06:51.219, 2, 76805 MiB, 100 %, 249.82 W, 1980 MHz, 16 %, 39
2026/10/10 17:06:51.219, 3, 76805 MiB, 100 %, 247.79 W, 1980 MHz, 17 %, 33
2026/10/10 17:06:51.219, 4, 76805 MiB, 100 %, 241.57 W, 1980 MHz, 16 %, 33
2026/10/10 17:06:51.219, 5, 76805 MiB, 100 %, 248.51 W, 1980 MHz, 16 %, 38
2026/10/10 17:06:51.219, 6, 76805 MiB, 100 %, 241.04 W, 1980 MHz, 17 %, 36
2026/10/10 17:06:51.219, 7, 76805 MiB, 100 %, 280.33 W, 1980 MHz, 17 %, 70
2026/10/10 17:06:52.219, 0, 76805 MiB, 100 %, 248.75 W, 1980 MHz, 17 %, 34
2026/10/10 17:06:52.219, 1, 76805 MiB, 100 %, 267.58 W, 1980 MHz, 17 %, 59
2026/10/10 17:06:52.219, 2, 76805 MiB, 100 %, 250.23 W, 1980 MHz, 17 %, 39
2026/10/10 17:06:52.219, 3, 76805 MiB, 100 %, 247.40 W, 1980 MHz, 16 %, 33
2026/10/10 17:06:52.219, 4, 76805 MiB, 100 %, 242.12 W, 1980 MHz, 17 %, 33
2026/10/10 17:06:52.219, 5, 76805 MiB, 100 %, 248.61 W, 1980 MHz, 17 %, 38
2026/10/10 17:06:52.219, 6, 76805 MiB, 100 %, 240.29 W, 1980 MHz, 16 %, 35
2026/10/10 17:06:52.219, 7, 76805 MiB, 100 %, 280.55 W, 1980 MHz, 17 %, 70
2026/10/10 17:06:53.220, 0, 76805 MiB, 100 %, 435.65 W, 1980 MHz, 51 %, 46
2026/10/10 17:06:53.220, 1, 76805 MiB, 100 %, 479.70 W, 1920 MHz, 48 %, 69
2026/10/10 17:06:53.220, 2, 76805 MiB, 100 %, 458.41 W, 1965 MHz, 51 %, 49
2026/10/10 17:06:53.220, 3, 76805 MiB, 100 %, 464.03 W, 1950 MHz, 48 %, 45
2026/10/10 17:06:53.220, 4, 76805 MiB, 100 %, 463.97 W, 1965 MHz, 48 %, 46
2026/10/10 17:06:53.220, 5, 76805 MiB, 100 %, 468.91 W, 1920 MHz, 50 %, 49
2026/10/10 17:06:53.220, 6, 76805 MiB, 100 %, 468.76 W, 1965 MHz, 48 %, 48
2026/10/10 17:06:53.220, 7, 76805 MiB, 100 %, 509.39 W, 1845 MHz, 48 %, 81
2026/10/10 17:06:54.220, 0, 76805 MiB, 100 %, 674.55 W, 1965 MHz, 46 %, 49
2026/10/10 17:06:54.220, 1, 76805 MiB, 100 %, 692.59 W, 1905 MHz, 48 %, 68
2026/10/10 17:06:54.220, 2, 76805 MiB, 100 %, 688.82 W, 1965 MHz, 46 %, 49
2026/10/10 17:06:54.220, 3, 76805 MiB, 100 %, 688.67 W, 1920 MHz, 46 %, 48
2026/10/10 17:06:54.220, 4, 76805 MiB, 100 %, 689.78 W, 1935 MHz, 48 %, 50
2026/10/10 17:06:54.220, 5, 76805 MiB, 100 %, 693.05 W, 1935 MHz, 48 %, 53
2026/10/10 17:06:54.221, 6, 76805 MiB, 100 %, 675.52 W, 1965 MHz, 48 %, 52
2026/10/10 17:06:54.221, 7, 76805 MiB, 100 %, 683.34 W, 1755 MHz, 47 %, 82
2026/10/10 17:06:55.221, 0, 76805 MiB, 100 %, 675.33 W, 1980 MHz, 41 %, 50
2026/10/10 17:06:55.221, 1, 76805 MiB, 100 %, 695.26 W, 1935 MHz, 41 %, 70
2026/10/10 17:06:55.221, 2, 76805 MiB, 100 %, 681.73 W, 1980 MHz, 41 %, 51
2026/10/10 17:06:55.221, 3, 76805 MiB, 100 %, 684.59 W, 1965 MHz, 41 %, 49
2026/10/10 17:06:55.221, 4, 76805 MiB, 100 %, 682.47 W, 1965 MHz, 41 %, 51
2026/10/10 17:06:55.221, 5, 76805 MiB, 100 %, 689.14 W, 1920 MHz, 41 %, 54
2026/10/10 17:06:55.221, 6, 76805 MiB, 100 %, 684.45 W, 1980 MHz, 40 %, 54
2026/10/10 17:06:55.221, 7, 76805 MiB, 100 %, 644.99 W, 1665 MHz, 41 %, 81
2026/10/10 17:06:56.221, 0, 76805 MiB, 100 %, 525.85 W, 1980 MHz, 16 %, 40
2026/10/10 17:06:56.221, 1, 76805 MiB, 100 %, 531.01 W, 1980 MHz, 16 %, 61
2026/10/10 17:06:56.222, 2, 76805 MiB, 100 %, 519.01 W, 1980 MHz, 16 %, 43
2026/10/10 17:06:56.222, 3, 76805 MiB, 100 %, 510.61 W, 1980 MHz, 17 %, 39
2026/10/10 17:06:56.222, 4, 76805 MiB, 100 %, 530.32 W, 1980 MHz, 17 %, 40
2026/10/10 17:06:56.222, 5, 76805 MiB, 100 %, 521.43 W, 1980 MHz, 17 %, 44
2026/10/10 17:06:56.222, 6, 76805 MiB, 100 %, 487.18 W, 1980 MHz, 16 %, 43
2026/10/10 17:06:56.222, 7, 76805 MiB, 100 %, 479.05 W, 1980 MHz, 16 %, 74
2026/10/10 17:06:57.222, 0, 76805 MiB, 100 %, 249.53 W, 1980 MHz, 16 %, 37
2026/10/10 17:06:57.222, 1, 76805 MiB, 100 %, 267.76 W, 1980 MHz, 16 %, 59
2026/10/10 17:06:57.222, 2, 76805 MiB, 100 %, 253.80 W, 1980 MHz, 17 %, 40
2026/10/10 17:06:57.222, 3, 76805 MiB, 100 %, 251.34 W, 1980 MHz, 17 %, 36
2026/10/10 17:06:57.222, 4, 76805 MiB, 100 %, 245.97 W, 1980 MHz, 17 %, 36
2026/10/10 17:06:57.222, 5, 76805 MiB, 100 %, 252.66 W, 1980 MHz, 16 %, 41
2026/10/10 17:06:57.222, 6, 76805 MiB, 100 %, 243.73 W, 1980 MHz, 16 %, 39
2026/10/10 17:06:57.222, 7, 76805 MiB, 100 %, 279.66 W, 1980 MHz, 16 %, 72
2026/10/10 17:06:58.223, 0, 76805 MiB, 100 %, 249.63 W, 1980 MHz, 17 %, 36
2026/10/10 17:06:58.223, 1, 76805 MiB, 100 %, 266.51 W, 1980 MHz, 16 %, 59
2026/10/10 17:06:58.223, 2, 76805 MiB, 100 %, 250.87 W, 1980 MHz, 16 %, 40
2026/10/10 17:06:58.223, 3, 76805 MiB, 100 %, 249.05 W, 1980 MHz, 17 %, 35
2026/10/10 17:06:58.223, 4, 76805 MiB, 100 %, 244.61 W, 1980 MHz, 16 %, 35
2026/10/10 17:06:58.223, 5, 76805 MiB, 100 %, 252.23 W, 1980 MHz, 16 %, 40
2026/10/10 17:06:58.223, 6, 76805 MiB, 100 %, 242.01 W, 1980 MHz, 17 %, 38
2026/10/10 17:06:58.223, 7, 76805 MiB, 100 %, 278.89 W, 1980 MHz, 16 %, 71
2026/10/10 17:06:59.223, 0, 76805 MiB, 100 %, 251.13 W, 1980 MHz, 17 %, 36
2026/10/10 17:06:59.223, 1, 76805 MiB, 100 %, 265.85 W, 1980 MHz, 16 %, 59
2026/10/10 17:06:59.223, 2, 76805 MiB, 100 %, 249.06 W, 1980 MHz, 16 %, 39
2026/10/10 17:06:59.223, 3, 76805 MiB, 100 %, 249.25 W, 1980 MHz, 17 %, 34
2026/10/10 17:06:59.223, 4, 76805 MiB, 100 %, 242.45 W, 1980 MHz, 16 %, 35
2026/10/10 17:06:59.223, 5, 76805 MiB, 100 %, 249.29 W, 1980 MHz, 17 %, 39
2026/10/10 17:06:59.223, 6, 76805 MiB, 100 %, 243.97 W, 1980 MHz, 17 %, 37
2026/10/10 17:06:59.223, 7, 76805 MiB, 100 %, 276.84 W, 1980 MHz, 16 %, 71
2026/10/10 17:07:00.224, 0, 76805 MiB, 100 %, 251.70 W, 1980 MHz, 17 %, 36
2026/10/10 17:07:00.224, 1, 76805 MiB, 100 %, 265.64 W, 1980 MHz, 16 %, 59
2026/10/10 17:07:00.224, 2, 76805 MiB, 100 %, 249.23 W, 1980 MHz, 16 %, 39
2026/10/10 17:07:00.224, 3, 76805 MiB, 100 %, 248.92 W, 1980 MHz, 17 %, 34
2026/10/10 17:07:00.224, 4, 76805 MiB, 100 %, 241.69 W, 1980 MHz, 16 %, 35
2026/10/10 17:07:00.224, 5, 76805 MiB, 100 %, 250.67 W, 1980 MHz, 17 %, 39
2026/10/10 17:07:00.224, 6, 76805 MiB, 100 %, 243.65 W, 1980 MHz, 17 %, 37
2026/10/10 17:07:00.224, 7, 76805 MiB, 100 %, 277.51 W, 1980 MHz, 16 %, 71
2026/10/10 17:07:01.224, 0, 76805 MiB, 100 %, 252.12 W, 1980 MHz, 17 %, 36
2026/10/10 17:07:01.224, 1, 76805 MiB, 100 %, 266.22 W, 1980 MHz, 16 %, 59
2026/10/10 17:07:01.224, 2, 76805 MiB, 100 %, 250.31 W, 1980 MHz, 16 %, 39
2026/10/10 17:07:01.224, 3, 76805 MiB, 100 %, 248.25 W, 1980 MHz, 17 %, 34
2026/10/10 17:07:01.224, 4, 76805 MiB, 100 %, 242.31 W, 1980 MHz, 16 %, 35
2026/10/10 17:07:01.225, 5, 76805 MiB, 100 %, 251.30 W, 1980 MHz, 17 %, 39
2026/10/10 17:07:01.225, 6, 76805 MiB, 100 %, 243.80 W, 1980 MHz, 17 %, 37
2026/10/10 17:07:01.225, 7, 76805 MiB, 100 %, 276.59 W, 1980 MHz, 16 %, 71
2026/10/10 17:07:02.225, 0, 76805 MiB, 100 %, 251.80 W, 1980 MHz, 17 %, 35
2026/10/10 17:07:02.225, 1, 76805 MiB, 100 %, 265.70 W, 1980 MHz, 16 %, 59
2026/10/10 17:07:02.225, 2, 76805 MiB, 100 %, 250.43 W, 1980 MHz, 16 %, 39
2026/10/10 17:07:02.225, 3, 76805 MiB, 100 %, 248.08 W, 1980 MHz, 16 %, 34
2026/10/10 17:07:02.225, 4, 76805 MiB, 100 %, 242.66 W, 1980 MHz, 16 %, 34
2026/10/10 17:07:02.225, 5, 76805 MiB, 100 %, 249.98 W, 1980 MHz, 17 %, 39
2026/10/10 17:07:02.225, 6, 76805 MiB, 100 %, 242.74 W, 1980 MHz, 17 %, 37
2026/10/10 17:07:02.225, 7, 76805 MiB, 100 %, 277.35 W, 1980 MHz, 16 %, 71
2026/10/10 17:07:03.225, 0, 76805 MiB, 100 %, 250.58 W, 1980 MHz, 17 %, 35
2026/10/10 17:07:03.226, 1, 76805 MiB, 100 %, 266.00 W, 1980 MHz, 16 %, 59
2026/10/10 17:07:03.226, 2, 76805 MiB, 100 %, 250.62 W, 1980 MHz, 16 %, 39
2026/10/10 17:07:03.226, 3, 76805 MiB, 100 %, 248.12 W, 1980 MHz, 17 %, 34
2026/10/10 17:07:03.226, 4, 76805 MiB, 100 %, 242.00 W, 1980 MHz, 16 %, 34
2026/10/10 17:07:03.226, 5, 76805 MiB, 100 %, 250.52 W, 1980 MHz, 17 %, 39
2026/10/10 17:07:03.226, 6, 76805 MiB, 100 %, 243.44 W, 1980 MHz, 17 %, 36
2026/10/10 17:07:03.226, 7, 76805 MiB, 100 %, 276.92 W, 1980 MHz, 16 %, 70
2026/10/10 17:07:04.226, 0, 76805 MiB, 100 %, 250.85 W, 1980 MHz, 17 %, 35
2026/10/10 17:07:04.226, 1, 76805 MiB, 100 %, 265.26 W, 1980 MHz, 16 %, 59
2026/10/10 17:07:04.226, 2, 76805 MiB, 100 %, 249.41 W, 1980 MHz, 16 %, 39
2026/10/10 17:07:04.226, 3, 76805 MiB, 100 %, 248.37 W, 1980 MHz, 17 %, 34
2026/10/10 17:07:04.226, 4, 76805 MiB, 100 %, 241.14 W, 1980 MHz, 16 %, 34
2026/10/10 17:07:04.226, 5, 76805 MiB, 100 %, 250.14 W, 1980 MHz, 17 %, 38
2026/10/10 17:07:04.226, 6, 76805 MiB, 100 %, 243.04 W, 1980 MHz, 17 %, 36
2026/10/10 17:07:04.227, 7, 76805 MiB, 100 %, 277.42 W, 1980 MHz, 16 %, 70
2026/10/10 17:07:05.227, 0, 76805 MiB, 100 %, 250.30 W, 1980 MHz, 17 %, 35
2026/10/10 17:07:05.227, 1, 76805 MiB, 100 %, 265.55 W, 1980 MHz, 16 %, 59
2026/10/10 17:07:05.227, 2, 76805 MiB, 100 %, 249.55 W, 1980 MHz, 16 %, 39
2026/10/10 17:07:05.227, 3, 76805 MiB, 100 %, 248.06 W, 1980 MHz, 17 %, 33
2026/10/10 17:07:05.227, 4, 76805 MiB, 100 %, 242.25 W, 1980 MHz, 16 %, 34
2026/10/10 17:07:05.227, 5, 76805 MiB, 100 %, 250.31 W, 1980 MHz, 17 %, 38
2026/10/10 17:07:05.227, 6, 76805 MiB, 100 %, 243.20 W, 1980 MHz, 17 %, 36
2026/10/10 17:07:05.227, 7, 76805 MiB, 100 %, 277.38 W, 1980 MHz, 16 %, 70
2026/10/10 17:07:06.227, 0, 76805 MiB, 100 %, 250.03 W, 1980 MHz, 17 %, 35
2026/10/10 17:07:06.227, 1, 76805 MiB, 100 %, 266.71 W, 1980 MHz, 16 %, 59
2026/10/10 17:07:06.227, 2, 76805 MiB, 100 %, 251.13 W, 1980 MHz, 17 %, 39
2026/10/10 17:07:06.227, 3, 76805 MiB, 100 %, 248.10 W, 1980 MHz, 17 %, 33
2026/10/10 17:07:06.228, 4, 76805 MiB, 100 %, 242.35 W, 1980 MHz, 16 %, 34
2026/10/10 17:07:06.228, 5, 76805 MiB, 100 %, 249.60 W, 1980 MHz, 17 %, 38
2026/10/10 17:07:06.228, 6, 76805 MiB, 100 %, 243.27 W, 1980 MHz, 17 %, 36
2026/10/10 17:07:06.228, 7, 76805 MiB, 100 %, 275.81 W, 1980 MHz, 16 %, 70
2026/10/10 17:07:07.228, 0, 76805 MiB, 100 %, 249.59 W, 1980 MHz, 17 %, 35
2026/10/10 17:07:07.228, 1, 76805 MiB, 100 %, 266.63 W, 1980 MHz, 16 %, 59
2026/10/10 17:07:07.228, 2, 76805 MiB, 100 %, 249.96 W, 1980 MHz, 17 %, 39
2026/10/10 17:07:07.228, 3, 76805 MiB, 100 %, 248.34 W, 1980 MHz, 17 %, 33
2026/10/10 17:07:07.228, 4, 76805 MiB, 100 %, 241.90 W, 1980 MHz, 16 %, 34
2026/10/10 17:07:07.228, 5, 76805 MiB, 100 %, 249.66 W, 1980 MHz, 16 %, 38
2026/10/10 17:07:07.228, 6, 76805 MiB, 100 %, 244.37 W, 1980 MHz, 17 %, 36
2026/10/10 17:07:07.228, 7, 76805 MiB, 100 %, 276.79 W, 1980 MHz, 16 %, 70
2026/10/10 17:07:08.228, 0, 76805 MiB, 100 %, 251.26 W, 1980 MHz, 17 %, 35
2026/10/10 17:07:08.228, 1, 76805 MiB, 100 %, 265.93 W, 1980 MHz, 16 %, 59
2026/10/10 17:07:08.229, 2, 76805 MiB, 100 %, 251.40 W, 1980 MHz, 17 %, 39
2026/10/10 17:07:08.229, 3, 76805 MiB, 100 %, 248.79 W, 1980 MHz, 17 %, 33
2026/10/10 17:07:08.229, 4, 76805 MiB, 100 %, 241.45 W, 1980 MHz, 16 %, 34
2026/10/10 17:07:08.229, 5, 76805 MiB, 100 %, 250.27 W, 1980 MHz, 17 %, 38
2026/10/10 17:07:08.229, 6, 76805 MiB, 100 %, 242.33 W, 1980 MHz, 17 %, 36
2026/10/10 17:07:08.229, 7, 76805 MiB, 100 %, 277.07 W, 1980 MHz, 16 %, 70
2026/10/10 17:07:09.229, 0, 76805 MiB, 100 %, 249.85 W, 1980 MHz, 17 %, 35
2026/10/10 17:07:09.229, 1, 76805 MiB, 100 %, 266.29 W, 1980 MHz, 16 %, 59
2026/10/10 17:07:09.229, 2, 76805 MiB, 100 %, 250.83 W, 1980 MHz, 16 %, 39
2026/10/10 17:07:09.229, 3, 76805 MiB, 100 %, 249.61 W, 1980 MHz, 17 %, 33
2026/10/10 17:07:09.229, 4, 76805 MiB, 100 %, 240.93 W, 1980 MHz, 16 %, 34
2026/10/10 17:07:09.229, 5, 76805 MiB, 100 %, 249.98 W, 1980 MHz, 17 %, 38
2026/10/10 17:07:09.229, 6, 76805 MiB, 100 %, 242.74 W, 1980 MHz, 17 %, 36
2026/10/10 17:07:09.229, 7, 76805 MiB, 100 %, 276.70 W, 1980 MHz, 16 %, 70
2026/10/10 17:07:10.229, 0, 76805 MiB, 100 %, 249.99 W, 1980 MHz, 17 %, 35
2026/10/10 17:07:10.230, 1, 76805 MiB, 100 %, 266.38 W, 1980 MHz, 16 %, 59
2026/10/10 17:07:10.230, 2, 76805 MiB, 100 %, 251.20 W, 1980 MHz, 17 %, 39
2026/10/10 17:07:10.230, 3, 76805 MiB, 100 %, 247.65 W, 1980 MHz, 16 %, 33
2026/10/10 17:07:10.230, 4, 76805 MiB, 100 %, 240.84 W, 1980 MHz, 16 %, 34
2026/10/10 17:07:10.230, 5, 76805 MiB, 100 %, 250.33 W, 1980 MHz, 17 %, 38
2026/10/10 17:07:10.230, 6, 76805 MiB, 100 %, 240.85 W, 1980 MHz, 17 %, 36
2026/10/10 17:07:10.230, 7, 76805 MiB, 100 %, 277.51 W, 1980 MHz, 16 %, 70
2026/10/10 17:07:11.230, 0, 76805 MiB, 100 %, 250.16 W, 1980 MHz, 17 %, 35
2026/10/10 17:07:11.230, 1, 76805 MiB, 100 %, 266.00 W, 1980 MHz, 16 %, 59
2026/10/10 17:07:11.230, 2, 76805 MiB, 100 %, 251.17 W, 1980 MHz, 16 %, 39
2026/10/10 17:07:11.230, 3, 76805 MiB, 100 %, 247.79 W, 1980 MHz, 17 %, 33
2026/10/10 17:07:11.230, 4, 76805 MiB, 100 %, 241.33 W, 1980 MHz, 16 %, 34
2026/10/10 17:07:11.230, 5, 76805 MiB, 100 %, 251.08 W, 1980 MHz, 17 %, 38
2026/10/10 17:07:11.230, 6, 76805 MiB, 100 %, 241.49 W, 1980 MHz, 17 %, 36
2026/10/10 17:07:11.230, 7, 76805 MiB, 100 %, 276.22 W, 1980 MHz, 16 %, 70
2026/10/10 17:07:12.231, 0, 76805 MiB, 0 %, 247.63 W, 1980 MHz, 0 %, 32
2026/10/10 17:07:12.231, 1, 76805 MiB, 63 %, 270.14 W, 1905 MHz, 34 %, 57
2026/10/10 17:07:12.231, 2, 76805 MiB, 0 %, 252.59 W, 1980 MHz, 0 %, 41
2026/10/10 17:07:12.231, 3, 76805 MiB, 0 %, 253.32 W, 1980 MHz, 0 %, 36
2026/10/10 17:07:12.231, 4, 76805 MiB, 16 %, 257.91 W, 1980 MHz, 10 %, 39
2026/10/10 17:07:12.231, 5, 76805 MiB, 66 %, 263.71 W, 1980 MHz, 35 %, 36
2026/10/10 17:07:12.231, 6, 76805 MiB, 28 %, 261.40 W, 1980 MHz, 15 %, 41
2026/10/10 17:07:12.231, 7, 76805 MiB, 0 %, 298.60 W, 1920 MHz, 0 %, 73
2026/10/10 17:07:13.231, 0, 76805 MiB, 100 %, 681.86 W, 1965 MHz, 43 %, 48
2026/10/10 17:07:13.231, 1, 76805 MiB, 100 %, 700.01 W, 1815 MHz, 44 %, 68
2026/10/10 17:07:13.231, 2, 76805 MiB, 100 %, 682.37 W, 1965 MHz, 42 %, 49
2026/10/10 17:07:13.231, 3, 76805 MiB, 100 %, 694.00 W, 1830 MHz, 43 %, 47
2026/10/10 17:07:13.231, 4, 76805 MiB, 100 %, 694.67 W, 1830 MHz, 44 %, 48
2026/10/10 17:07:13.231, 5, 76805 MiB, 100 %, 690.78 W, 1935 MHz, 44 %, 51
2026/10/10 17:07:13.232, 6, 76805 MiB, 100 %, 670.84 W, 1980 MHz, 44 %, 51
2026/10/10 17:07:13.232, 7, 76805 MiB, 100 %, 693.22 W, 1890 MHz, 47 %, 81
2026/10/10 17:07:14.232, 0, 76805 MiB, 100 %, 672.93 W, 1965 MHz, 45 %, 49
2026/10/10 17:07:14.232, 1, 76805 MiB, 100 %, 690.07 W, 1830 MHz, 42 %, 68
2026/10/10 17:07:14.232, 2, 76805 MiB, 100 %, 680.78 W, 1980 MHz, 43 %, 50
2026/10/10 17:07:14.232, 3, 76805 MiB, 100 %, 692.19 W, 1875 MHz, 43 %, 49
2026/10/10 17:07:14.232, 4, 76805 MiB, 100 %, 691.16 W, 1950 MHz, 42 %, 51
2026/10/10 17:07:14.232, 5, 76805 MiB, 100 %, 686.66 W, 1950 MHz, 43 %, 54
2026/10/10 17:07:14.232, 6, 76805 MiB, 100 %, 679.62 W, 1980 MHz, 43 %, 54
2026/10/10 17:07:14.232, 7, 76805 MiB, 100 %, 677.29 W, 1695 MHz, 43 %, 82
2026/10/10 17:07:15.232, 0, 76805 MiB, 100 %, 678.37 W, 1965 MHz, 42 %, 51
2026/10/10 17:07:15.232, 1, 76805 MiB, 100 %, 691.69 W, 1830 MHz, 43 %, 70
2026/10/10 17:07:15.232, 2, 76805 MiB, 100 %, 685.18 W, 1965 MHz, 43 %, 52
2026/10/10 17:07:15.232, 3, 76805 MiB, 100 %, 689.03 W, 1830 MHz, 43 %, 50
2026/10/10 17:07:15.232, 4, 76805 MiB, 100 %, 687.32 W, 1845 MHz, 42 %, 52
2026/10/10 17:07:15.233, 5, 76805 MiB, 100 %, 694.46 W, 1920 MHz, 43 %, 55
2026/10/10 17:07:15.233, 6, 76805 MiB, 100 %, 674.26 W, 1980 MHz, 42 %, 55
2026/10/10 17:07:15.233, 7, 76805 MiB, 100 %, 642.63 W, 1680 MHz, 43 %, 83
2026/10/10 17:07:16.233, 0, 76805 MiB, 100 %, 285.21 W, 1980 MHz, 17 %, 38
2026/10/10 17:07:16.233, 1, 76805 MiB, 100 %, 289.00 W, 1980 MHz, 17 %, 60
2026/10/10 17:07:16.233, 2, 76805 MiB, 100 %, 283.70 W, 1980 MHz, 16 %, 41
2026/10/10 17:07:16.233, 3, 76805 MiB, 100 %, 274.02 W, 1980 MHz, 16 %, 36
2026/10/10 17:07:16.233, 4, 76805 MiB, 100 %, 264.48 W, 1980 MHz, 16 %, 37
2026/10/10 17:07:16.233, 5, 76805 MiB, 100 %, 281.39 W, 1980 MHz, 16 %, 42
2026/10/10 17:07:16.233, 6, 76805 MiB, 100 %, 259.25 W, 1980 MHz, 16 %, 40
2026/10/10 17:07:16.233, 7, 76805 MiB, 100 %, 294.32 W, 1980 MHz, 17 %, 72
2026/10/10 17:07:17.233, 0, 76805 MiB, 100 %, 250.65 W, 1980 MHz, 17 %, 37
2026/10/10 17:07:17.233, 1, 76805 MiB, 100 %, 267.77 W, 1980 MHz, 16 %, 59
2026/10/10 17:07:17.233, 2, 76805 MiB, 100 %, 252.45 W, 1980 MHz, 17 %, 40
2026/10/10 17:07:17.234, 3, 76805 MiB, 100 %, 247.88 W, 1980 MHz, 16 %, 35
2026/10/10 17:07:17.234, 4, 76805 MiB, 100 %, 243.83 W, 1980 MHz, 16 %, 36
2026/10/10 17:07:17.234, 5, 76805 MiB, 100 %, 251.82 W, 1980 MHz, 16 %, 40
2026/10/10 17:07:17.234, 6, 76805 MiB, 100 %, 242.56 W, 1980 MHz, 17 %, 38
2026/10/10 17:07:17.234, 7, 76805 MiB, 100 %, 281.58 W, 1980 MHz, 17 %, 72
2026/10/10 17:07:18.234, 0, 76805 MiB, 100 %, 251.56 W, 1980 MHz, 16 %, 36
2026/10/10 17:07:18.234, 1, 76805 MiB, 100 %, 268.45 W, 1980 MHz, 17 %, 59
2026/10/10 17:07:18.234, 2, 76805 MiB, 100 %, 252.05 W, 1980 MHz, 16 %, 40
2026/10/10 17:07:18.234, 3, 76805 MiB, 100 %, 248.29 W, 1980 MHz, 16 %, 35
2026/10/10 17:07:18.234, 4, 76805 MiB, 100 %, 242.91 W, 1980 MHz, 16 %, 35
2026/10/10 17:07:18.234, 5, 76805 MiB, 100 %, 250.07 W, 1980 MHz, 16 %, 40
2026/10/10 17:07:18.234, 6, 76805 MiB, 100 %, 239.95 W, 1980 MHz, 17 %, 37
2026/10/10 17:07:18.234, 7, 76805 MiB, 100 %, 279.39 W, 1980 MHz, 17 %, 71
2026/10/10 17:07:19.234, 0, 76805 MiB, 100 %, 251.16 W, 1980 MHz, 17 %, 36
2026/10/10 17:07:19.235, 1, 76805 MiB, 100 %, 269.04 W, 1980 MHz, 17 %, 59
2026/10/10 17:07:19.235, 2, 76805 MiB, 100 %, 252.17 W, 1980 MHz, 16 %, 40
2026/10/10 17:07:19.235, 3, 76805 MiB, 100 %, 247.59 W, 1980 MHz, 17 %, 34
2026/10/10 17:07:19.235, 4, 76805 MiB, 100 %, 244.15 W, 1980 MHz, 16 %, 35
2026/10/10 17:07:19.235, 5, 76805 MiB, 100 %, 248.84 W, 1980 MHz, 16 %, 39
2026/10/10 17:07:19.235, 6, 76805 MiB, 100 %, 238.83 W, 1980 MHz, 16 %, 37
2026/10/10 17:07:19.235, 7, 76805 MiB, 100 %, 278.95 W, 1980 MHz, 16 %, 71
2026/10/10 17:07:20.235, 0, 76805 MiB, 100 %, 251.95 W, 1980 MHz, 17 %, 36
2026/10/10 17:07:20.235, 1, 76805 MiB, 100 %, 268.49 W, 1980 MHz, 17 %, 59
2026/10/10 17:07:20.235, 2, 76805 MiB, 100 %, 251.81 W, 1980 MHz, 16 %, 39
2026/10/10 17:07:20.235, 3, 76805 MiB, 100 %, 248.16 W, 1980 MHz, 16 %, 34
2026/10/10 17:07:20.235, 4, 76805 MiB, 100 %, 243.49 W, 1980 MHz, 17 %, 35
2026/10/10 17:07:20.235, 5, 76805 MiB, 100 %, 249.54 W, 1980 MHz, 16 %, 39
2026/10/10 17:07:20.235, 6, 76805 MiB, 100 %, 239.74 W, 1980 MHz, 16 %, 37
2026/10/10 17:07:20.235, 7, 76805 MiB, 100 %, 279.42 W, 1980 MHz, 16 %, 71
2026/10/10 17:07:21.235, 0, 76805 MiB, 100 %, 251.12 W, 1980 MHz, 17 %, 36
2026/10/10 17:07:21.236, 1, 76805 MiB, 100 %, 269.05 W, 1980 MHz, 17 %, 59
2026/10/10 17:07:21.236, 2, 76805 MiB, 100 %, 252.95 W, 1980 MHz, 17 %, 39
2026/10/10 17:07:21.236, 3, 76805 MiB, 100 %, 248.01 W, 1980 MHz, 16 %, 34
2026/10/10 17:07:21.236, 4, 76805 MiB, 100 %, 243.63 W, 1980 MHz, 17 %, 35
2026/10/10 17:07:21.236, 5, 76805 MiB, 100 %, 249.13 W, 1980 MHz, 16 %, 39
2026/10/10 17:07:21.236, 6, 76805 MiB, 100 %, 239.33 W, 1980 MHz, 16 %, 36
2026/10/10 17:07:21.236, 7, 76805 MiB, 100 %, 278.56 W, 1980 MHz, 16 %, 71
2026/10/10 17:07:22.236, 0, 76805 MiB, 100 %, 251.52 W, 1980 MHz, 17 %, 35
2026/10/10 17:07:22.236, 1, 76805 MiB, 100 %, 267.24 W, 1980 MHz, 16 %, 59
2026/10/10 17:07:22.236, 2, 76805 MiB, 100 %, 252.75 W, 1980 MHz, 16 %, 39
2026/10/10 17:07:22.236, 3, 76805 MiB, 100 %, 248.31 W, 1980 MHz, 16 %, 34
2026/10/10 17:07:22.236, 4, 76805 MiB, 100 %, 244.12 W, 1980 MHz, 17 %, 34
2026/10/10 17:07:22.236, 5, 76805 MiB, 100 %, 248.60 W, 1980 MHz, 16 %, 39
2026/10/10 17:07:22.236, 6, 76805 MiB, 100 %, 238.95 W, 1980 MHz, 16 %, 36
2026/10/10 17:07:22.236, 7, 76805 MiB, 100 %, 278.23 W, 1980 MHz, 16 %, 71
2026/10/10 17:07:23.236, 0, 76805 MiB, 100 %, 250.61 W, 1980 MHz, 17 %, 35
2026/10/10 17:07:23.237, 1, 76805 MiB, 100 %, 266.75 W, 1980 MHz, 17 %, 59
2026/10/10 17:07:23.237, 2, 76805 MiB, 100 %, 251.38 W, 1980 MHz, 16 %, 39
2026/10/10 17:07:23.237, 3, 76805 MiB, 100 %, 247.53 W, 1980 MHz, 16 %, 34
2026/10/10 17:07:23.237, 4, 76805 MiB, 100 %, 242.65 W, 1980 MHz, 17 %, 34
2026/10/10 17:07:23.237, 5, 76805 MiB, 100 %, 248.11 W, 1980 MHz, 16 %, 39
2026/10/10 17:07:23.237, 6, 76805 MiB, 100 %, 240.06 W, 1980 MHz, 16 %, 36
2026/10/10 17:07:23.237, 7, 76805 MiB, 100 %, 279.13 W, 1980 MHz, 16 %, 71
2026/10/10 17:07:24.237, 0, 76805 MiB, 100 %, 250.37 W, 1980 MHz, 17 %, 35
2026/10/10 17:07:24.237, 1, 76805 MiB, 100 %, 268.96 W, 1980 MHz, 17 %, 59
2026/10/10 17:07:24.237, 2, 76805 MiB, 100 %, 252.16 W, 1980 MHz, 17 %, 39
2026/10/10 17:07:24.237, 3, 76805 MiB, 100 %, 247.99 W, 1980 MHz, 16 %, 34
2026/10/10 17:07:24.237, 4, 76805 MiB, 100 %, 242.65 W, 1980 MHz, 17 %, 34
2026/10/10 17:07:24.237, 5, 76805 MiB, 100 %, 249.02 W, 1980 MHz, 16 %, 39
2026/10/10 17:07:24.238, 6, 76805 MiB, 100 %, 239.73 W, 1980 MHz, 16 %, 36
2026/10/10 17:07:24.238, 7, 76805 MiB, 100 %, 278.87 W, 1980 MHz, 16 %, 71
2026/10/10 17:07:25.238, 0, 76805 MiB, 100 %, 249.73 W, 1980 MHz, 17 %, 35
2026/10/10 17:07:25.238, 1, 76805 MiB, 100 %, 268.69 W, 1980 MHz, 17 %, 59
2026/10/10 17:07:25.238, 2, 76805 MiB, 100 %, 251.21 W, 1980 MHz, 16 %, 39
2026/10/10 17:07:25.238, 3, 76805 MiB, 100 %, 248.45 W, 1980 MHz, 17 %, 34
2026/10/10 17:07:25.238, 4, 76805 MiB, 100 %, 242.70 W, 1980 MHz, 16 %, 34
2026/10/10 17:07:25.238, 5, 76805 MiB, 100 %, 249.93 W, 1980 MHz, 16 %, 38
2026/10/10 17:07:25.238, 6, 76805 MiB, 100 %, 240.06 W, 1980 MHz, 16 %, 36
2026/10/10 17:07:25.238, 7, 76805 MiB, 100 %, 278.70 W, 1980 MHz, 17 %, 70
2026/10/10 17:07:26.238, 0, 76805 MiB, 100 %, 250.18 W, 1980 MHz, 17 %, 35
2026/10/10 17:07:26.238, 1, 76805 MiB, 100 %, 267.13 W, 1980 MHz, 16 %, 59
2026/10/10 17:07:26.238, 2, 76805 MiB, 100 %, 250.67 W, 1980 MHz, 16 %, 39
2026/10/10 17:07:26.238, 3, 76805 MiB, 100 %, 248.62 W, 1980 MHz, 17 %, 33
2026/10/10 17:07:26.238, 4, 76805 MiB, 100 %, 242.73 W, 1980 MHz, 16 %, 34
2026/10/10 17:07:26.239, 5, 76805 MiB, 100 %, 248.43 W, 1980 MHz, 16 %, 38
2026/10/10 17:07:26.239, 6, 76805 MiB, 100 %, 241.31 W, 1980 MHz, 17 %, 36
2026/10/10 17:07:26.239, 7, 76805 MiB, 100 %, 281.05 W, 1980 MHz, 17 %, 70
2026/10/10 17:07:27.239, 0, 76805 MiB, 100 %, 248.62 W, 1980 MHz, 17 %, 35
2026/10/10 17:07:27.239, 1, 76805 MiB, 100 %, 268.84 W, 1980 MHz, 17 %, 59
2026/10/10 17:07:27.239, 2, 76805 MiB, 100 %, 250.89 W, 1980 MHz, 16 %, 39
2026/10/10 17:07:27.239, 3, 76805 MiB, 100 %, 248.79 W, 1980 MHz, 17 %, 33
2026/10/10 17:07:27.239, 4, 76805 MiB, 100 %, 242.31 W, 1980 MHz, 17 %, 34
2026/10/10 17:07:27.239, 5, 76805 MiB, 100 %, 249.21 W, 1980 MHz, 16 %, 38
2026/10/10 17:07:27.239, 6, 76805 MiB, 100 %, 240.12 W, 1980 MHz, 17 %, 36
2026/10/10 17:07:27.239, 7, 76805 MiB, 100 %, 280.53 W, 1980 MHz, 17 %, 70
2026/10/10 17:07:28.239, 0, 76805 MiB, 100 %, 248.37 W, 1980 MHz, 16 %, 35
2026/10/10 17:07:28.239, 1, 76805 MiB, 100 %, 268.81 W, 1980 MHz, 17 %, 59
2026/10/10 17:07:28.240, 2, 76805 MiB, 100 %, 251.56 W, 1980 MHz, 16 %, 39
2026/10/10 17:07:28.240, 3, 76805 MiB, 100 %, 247.83 W, 1980 MHz, 17 %, 33
2026/10/10 17:07:28.240, 4, 76805 MiB, 100 %, 242.39 W, 1980 MHz, 16 %, 34
2026/10/10 17:07:28.240, 5, 76805 MiB, 100 %, 251.19 W, 1980 MHz, 16 %, 38
2026/10/10 17:07:28.240, 6, 76805 MiB, 100 %, 241.39 W, 1980 MHz, 17 %, 36
2026/10/10 17:07:28.240, 7, 76805 MiB, 100 %, 280.92 W, 1980 MHz, 17 %, 70
2026/10/10 17:07:29.240, 0, 76805 MiB, 100 %, 247.90 W, 1980 MHz, 16 %, 35
2026/10/10 17:07:29.240, 1, 76805 MiB, 100 %, 267.13 W, 1980 MHz, 17 %, 59
2026/10/10 17:07:29.240, 2, 76805 MiB, 100 %, 251.29 W, 1980 MHz, 17 %, 39
2026/10/10 17:07:29.240, 3, 76805 MiB, 100 %, 248.20 W, 1980 MHz, 17 %, 33
2026/10/10 17:07:29.240, 4, 76805 MiB, 100 %, 243.49 W, 1980 MHz, 17 %, 34
2026/10/10 17:07:29.240, 5, 76805 MiB, 100 %, 248.83 W, 1980 MHz, 17 %, 38
2026/10/10 17:07:29.240, 6, 76805 MiB, 100 %, 240.67 W, 1980 MHz, 17 %, 36
2026/10/10 17:07:29.240, 7, 76805 MiB, 100 %, 280.99 W, 1980 MHz, 17 %, 70
2026/10/10 17:07:30.241, 0, 76805 MiB, 100 %, 248.30 W, 1980 MHz, 16 %, 35
2026/10/10 17:07:30.241, 1, 76805 MiB, 100 %, 268.17 W, 1980 MHz, 17 %, 59
2026/10/10 17:07:30.241, 2, 76805 MiB, 100 %, 251.82 W, 1980 MHz, 17 %, 39
2026/10/10 17:07:30.241, 3, 76805 MiB, 100 %, 248.08 W, 1980 MHz, 17 %, 33
2026/10/10 17:07:30.241, 4, 76805 MiB, 100 %, 243.09 W, 1980 MHz, 17 %, 34
2026/10/10 17:07:30.241, 5, 76805 MiB, 100 %, 250.80 W, 1980 MHz, 17 %, 38
2026/10/10 17:07:30.241, 6, 76805 MiB, 100 %, 241.74 W, 1980 MHz, 17 %, 36
2026/10/10 17:07:30.241, 7, 76805 MiB, 100 %, 279.39 W, 1980 MHz, 17 %, 70
2026/10/10 17:07:31.241, 0, 76805 MiB, 100 %, 247.43 W, 1980 MHz, 16 %, 35
2026/10/10 17:07:31.241, 1, 76805 MiB, 100 %, 267.26 W, 1980 MHz, 17 %, 59
2026/10/10 17:07:31.241, 2, 76805 MiB, 100 %, 251.44 W, 1980 MHz, 16 %, 39
2026/10/10 17:07:31.241, 3, 76805 MiB, 100 %, 247.63 W, 1980 MHz, 17 %, 33
2026/10/10 17:07:31.241, 4, 76805 MiB, 100 %, 242.62 W, 1980 MHz, 16 %, 34
2026/10/10 17:07:31.242, 5, 76805 MiB, 100 %, 250.55 W, 1980 MHz, 17 %, 38
2026/10/10 17:07:31.242, 6, 76805 MiB, 100 %, 241.87 W, 1980 MHz, 17 %, 36
2026/10/10 17:07:31.242, 7, 76805 MiB, 100 %, 280.74 W, 1980 MHz, 17 %, 70
2026/10/10 17:07:32.242, 0, 76805 MiB, 100 %, 517.13 W, 1965 MHz, 48 %, 47
2026/10/10 17:07:32.242, 1, 76805 MiB, 100 %, 551.74 W, 1950 MHz, 47 %, 69
2026/10/10 17:07:32.242, 2, 76805 MiB, 100 %, 531.18 W, 1950 MHz, 47 %, 49
2026/10/10 17:07:32.242, 3, 76805 MiB, 100 %, 532.87 W, 1965 MHz, 48 %, 46
2026/10/10 17:07:32.242, 4, 76805 MiB, 100 %, 551.94 W, 1935 MHz, 48 %, 48
2026/10/10 17:07:32.242, 5, 76805 MiB, 100 %, 550.27 W, 1905 MHz, 48 %, 50
2026/10/10 17:07:32.242, 6, 76805 MiB, 100 %, 539.75 W, 1965 MHz, 47 %, 49
2026/10/10 17:07:32.242, 7, 76805 MiB, 100 %, 580.79 W, 1830 MHz, 50 %, 83
2026/10/10 17:07:33.242, 0, 76805 MiB, 100 %, 680.84 W, 1980 MHz, 44 %, 49
2026/10/10 17:07:33.245, 1, 76805 MiB, 100 %, 688.67 W, 1905 MHz, 44 %, 70
2026/10/10 17:07:33.245, 2, 76805 MiB, 100 %, 677.62 W, 1965 MHz, 44 %, 50
2026/10/10 17:07:33.245, 3, 76805 MiB, 100 %, 691.45 W, 1890 MHz, 44 %, 48
2026/10/10 17:07:33.245, 4, 76805 MiB, 100 %, 687.37 W, 1950 MHz, 43 %, 50
2026/10/10 17:07:33.245, 5, 76805 MiB, 100 %, 683.54 W, 1935 MHz, 44 %, 54
2026/10/10 17:07:33.245, 6, 76805 MiB, 100 %, 678.08 W, 1965 MHz, 43 %, 53
2026/10/10 17:07:33.245, 7, 76805 MiB, 100 %, 683.84 W, 1800 MHz, 44 %, 82
2026/10/10 17:07:34.246, 0, 76805 MiB, 100 %, 675.16 W, 1980 MHz, 41 %, 50
2026/10/10 17:07:34.246, 1, 76805 MiB, 100 %, 686.64 W, 1935 MHz, 42 %, 70
2026/10/10 17:07:34.246, 2, 76805 MiB, 100 %, 669.05 W, 1980 MHz, 41 %, 52
2026/10/10 17:07:34.246, 3, 76805 MiB, 100 %, 692.42 W, 1965 MHz, 41 %, 50
2026/10/10 17:07:34.246, 4, 76805 MiB, 100 %, 686.19 W, 1965 MHz, 41 %, 51
2026/10/10 17:07:34.246, 5, 76805 MiB, 100 %, 685.59 W, 1965 MHz, 41 %, 55
2026/10/10 17:07:34.246, 6, 76805 MiB, 100 %, 662.95 W, 1980 MHz, 41 %, 54
2026/10/10 17:07:34.246, 7, 76805 MiB, 100 %, 623.17 W, 1695 MHz, 44 %, 82
2026/10/10 17:07:35.246, 0, 76805 MiB, 100 %, 454.11 W, 1980 MHz, 17 %, 39
2026/10/10 17:07:35.246, 1, 76805 MiB, 100 %, 451.92 W, 1980 MHz, 17 %, 60
2026/10/10 17:07:35.246, 2, 76805 MiB, 100 %, 444.90 W, 1980 MHz, 16 %, 42
2026/10/10 17:07:35.246, 3, 76805 MiB, 100 %, 443.72 W, 1980 MHz, 16 %, 38
2026/10/10 17:07:35.246, 4, 76805 MiB, 100 %, 438.78 W, 1980 MHz, 16 %, 39
2026/10/10 17:07:35.246, 5, 76805 MiB, 100 %, 445.18 W, 1980 MHz, 16 %, 43
2026/10/10 17:07:35.247, 6, 76805 MiB, 100 %, 420.62 W, 1980 MHz, 16 %, 42
2026/10/10 17:07:35.247, 7, 76805 MiB, 100 %, 425.28 W, 1980 MHz, 17 %, 73
2026/10/10 17:07:36.247, 0, 76805 MiB, 100 %, 251.27 W, 1980 MHz, 17 %, 37
2026/10/10 17:07:36.247, 1, 76805 MiB, 100 %, 267.71 W, 1980 MHz, 16 %, 60
2026/10/10 17:07:36.247, 2, 76805 MiB, 100 %, 251.07 W, 1980 MHz, 17 %, 41
2026/10/10 17:07:36.247, 3, 76805 MiB, 100 %, 249.21 W, 1980 MHz, 16 %, 36
2026/10/10 17:07:36.247, 4, 76805 MiB, 100 %, 245.03 W, 1980 MHz, 16 %, 36
2026/10/10 17:07:36.247, 5, 76805 MiB, 100 %, 251.92 W, 1980 MHz, 16 %, 41
2026/10/10 17:07:36.247, 6, 76805 MiB, 100 %, 243.59 W, 1980 MHz, 17 %, 39
2026/10/10 17:07:36.247, 7, 76805 MiB, 100 %, 284.07 W, 1980 MHz, 17 %, 72
2026/10/10 17:07:37.247, 0, 76805 MiB, 100 %, 251.08 W, 1980 MHz, 17 %, 36
2026/10/10 17:07:37.247, 1, 76805 MiB, 100 %, 267.67 W, 1980 MHz, 16 %, 59
2026/10/10 17:07:37.248, 2, 76805 MiB, 100 %, 250.44 W, 1980 MHz, 16 %, 40
2026/10/10 17:07:37.248, 3, 76805 MiB, 100 %, 248.07 W, 1980 MHz, 17 %, 35
2026/10/10 17:07:37.248, 4, 76805 MiB, 100 %, 243.93 W, 1980 MHz, 16 %, 36
2026/10/10 17:07:37.248, 5, 76805 MiB, 100 %, 249.94 W, 1980 MHz, 16 %, 40
2026/10/10 17:07:37.248, 6, 76805 MiB, 100 %, 243.60 W, 1980 MHz, 17 %, 38
2026/10/10 17:07:37.248, 7, 76805 MiB, 100 %, 282.02 W, 1980 MHz, 17 %, 71
2026/10/10 17:07:38.248, 0, 76805 MiB, 100 %, 251.45 W, 1980 MHz, 16 %, 36
2026/10/10 17:07:38.248, 1, 76805 MiB, 100 %, 268.58 W, 1980 MHz, 16 %, 59
2026/10/10 17:07:38.248, 2, 76805 MiB, 100 %, 250.83 W, 1980 MHz, 16 %, 40
2026/10/10 17:07:38.248, 3, 76805 MiB, 100 %, 249.70 W, 1980 MHz, 16 %, 34
2026/10/10 17:07:38.248, 4, 76805 MiB, 100 %, 244.88 W, 1980 MHz, 16 %, 35
2026/10/10 17:07:38.248, 5, 76805 MiB, 100 %, 249.19 W, 1980 MHz, 16 %, 39
2026/10/10 17:07:38.248, 6, 76805 MiB, 100 %, 241.32 W, 1980 MHz, 16 %, 37
2026/10/10 17:07:38.248, 7, 76805 MiB, 100 %, 281.35 W, 1980 MHz, 17 %, 71
2026/10/10 17:07:39.249, 0, 76805 MiB, 100 %, 250.78 W, 1980 MHz, 17 %, 36
2026/10/10 17:07:39.249, 1, 76805 MiB, 100 %, 268.73 W, 1980 MHz, 17 %, 59
2026/10/10 17:07:39.249, 2, 76805 MiB, 100 %, 251.51 W, 1980 MHz, 16 %, 39
2026/10/10 17:07:39.249, 3, 76805 MiB, 100 %, 247.85 W, 1980 MHz, 17 %, 34
2026/10/10 17:07:39.249, 4, 76805 MiB, 100 %, 244.76 W, 1980 MHz, 16 %, 35
2026/10/10 17:07:39.249, 5, 76805 MiB, 100 %, 249.68 W, 1980 MHz, 16 %, 39
2026/10/10 17:07:39.249, 6, 76805 MiB, 100 %, 240.66 W, 1980 MHz, 16 %, 37
2026/10/10 17:07:39.249, 7, 76805 MiB, 100 %, 280.13 W, 1980 MHz, 16 %, 71
2026/10/10 17:07:40.249, 0, 76805 MiB, 100 %, 249.57 W, 1980 MHz, 17 %, 36
2026/10/10 17:07:40.249, 1, 76805 MiB, 100 %, 268.82 W, 1980 MHz, 16 %, 59
2026/10/10 17:07:40.249, 2, 76805 MiB, 100 %, 251.08 W, 1980 MHz, 16 %, 39
2026/10/10 17:07:40.250, 3, 76805 MiB, 100 %, 247.31 W, 1980 MHz, 16 %, 34
2026/10/10 17:07:40.250, 4, 76805 MiB, 100 %, 242.89 W, 1980 MHz, 16 %, 35
2026/10/10 17:07:40.250, 5, 76805 MiB, 100 %, 249.41 W, 1980 MHz, 16 %, 39
2026/10/10 17:07:40.250, 6, 76805 MiB, 100 %, 240.12 W, 1980 MHz, 17 %, 37
2026/10/10 17:07:40.250, 7, 76805 MiB, 100 %, 283.85 W, 1980 MHz, 17 %, 71
2026/10/10 17:07:41.250, 0, 76805 MiB, 100 %, 250.87 W, 1980 MHz, 17 %, 36
2026/10/10 17:07:41.250, 1, 76805 MiB, 100 %, 267.05 W, 1980 MHz, 17 %, 59
2026/10/10 17:07:41.250, 2, 76805 MiB, 100 %, 251.36 W, 1980 MHz, 17 %, 39
2026/10/10 17:07:41.250, 3, 76805 MiB, 100 %, 247.07 W, 1980 MHz, 16 %, 34
2026/10/10 17:07:41.250, 4, 76805 MiB, 100 %, 242.84 W, 1980 MHz, 16 %, 35
2026/10/10 17:07:41.250, 5, 76805 MiB, 100 %, 248.36 W, 1980 MHz, 16 %, 39
2026/10/10 17:07:41.250, 6, 76805 MiB, 100 %, 240.77 W, 1980 MHz, 16 %, 37
2026/10/10 17:07:41.251, 7, 76805 MiB, 100 %, 280.81 W, 1980 MHz, 17 %, 71
2026/10/10 17:07:42.251, 0, 76805 MiB, 100 %, 250.40 W, 1980 MHz, 17 %, 35
2026/10/10 17:07:42.251, 1, 76805 MiB, 100 %, 268.34 W, 1980 MHz, 17 %, 59
2026/10/10 17:07:42.251, 2, 76805 MiB, 100 %, 252.38 W, 1980 MHz, 17 %, 39
2026/10/10 17:07:42.251, 3, 76805 MiB, 100 %, 247.96 W, 1980 MHz, 17 %, 34
2026/10/10 17:07:42.251, 4, 76805 MiB, 100 %, 243.60 W, 1980 MHz, 16 %, 34
2026/10/10 17:07:42.251, 5, 76805 MiB, 100 %, 249.54 W, 1980 MHz, 17 %, 39
2026/10/10 17:07:42.251, 6, 76805 MiB, 100 %, 241.15 W, 1980 MHz, 16 %, 36
2026/10/10 17:07:42.251, 7, 76805 MiB, 100 %, 279.15 W, 1980 MHz, 16 %, 71
2026/10/10 17:07:43.251, 0, 76805 MiB, 100 %, 248.74 W, 1980 MHz, 16 %, 35
2026/10/10 17:07:43.251, 1, 76805 MiB, 100 %, 268.13 W, 1980 MHz, 17 %, 59
2026/10/10 17:07:43.252, 2, 76805 MiB, 100 %, 250.74 W, 1980 MHz, 16 %, 39
2026/10/10 17:07:43.252, 3, 76805 MiB, 100 %, 247.54 W, 1980 MHz, 16 %, 34
2026/10/10 17:07:43.252, 4, 76805 MiB, 100 %, 243.23 W, 1980 MHz, 16 %, 34
2026/10/10 17:07:43.252, 5, 76805 MiB, 100 %, 248.96 W, 1980 MHz, 16 %, 39
2026/10/10 17:07:43.252, 6, 76805 MiB, 100 %, 241.38 W, 1980 MHz, 16 %, 36
2026/10/10 17:07:43.252, 7, 76805 MiB, 100 %, 281.52 W, 1980 MHz, 17 %, 71
2026/10/10 17:07:44.252, 0, 76805 MiB, 96 %, 249.46 W, 1980 MHz, 16 %, 35
2026/10/10 17:07:44.252, 1, 76805 MiB, 100 %, 267.60 W, 1980 MHz, 17 %, 59
2026/10/10 17:07:44.252, 2, 76805 MiB, 100 %, 249.70 W, 1980 MHz, 16 %, 39
2026/10/10 17:07:44.252, 3, 76805 MiB, 100 %, 245.86 W, 1980 MHz, 16 %, 34
2026/10/10 17:07:44.252, 4, 76805 MiB, 100 %, 242.39 W, 1980 MHz, 16 %, 34
2026/10/10 17:07:44.252, 5, 76805 MiB, 100 %, 248.47 W, 1980 MHz, 17 %, 38
2026/10/10 17:07:44.252, 6, 76805 MiB, 100 %, 239.77 W, 1980 MHz, 16 %, 36
2026/10/10 17:07:44.252, 7, 76805 MiB, 100 %, 280.74 W, 1980 MHz, 17 %, 71
2026/10/10 17:07:45.253, 0, 76805 MiB, 100 %, 250.03 W, 1980 MHz, 17 %, 35
2026/10/10 17:07:45.253, 1, 76805 MiB, 100 %, 268.31 W, 1980 MHz, 17 %, 59
2026/10/10 17:07:45.253, 2, 76805 MiB, 100 %, 250.19 W, 1980 MHz, 16 %, 39
2026/10/10 17:07:45.253, 3, 76805 MiB, 100 %, 247.44 W, 1980 MHz, 17 %, 34
2026/10/10 17:07:45.253, 4, 76805 MiB, 100 %, 242.74 W, 1980 MHz, 16 %, 34
2026/10/10 17:07:45.253, 5, 76805 MiB, 100 %, 248.25 W, 1980 MHz, 17 %, 38
2026/10/10 17:07:45.253, 6, 76805 MiB, 100 %, 240.65 W, 1980 MHz, 16 %, 36
2026/10/10 17:07:45.253, 7, 76805 MiB, 100 %, 280.21 W, 1980 MHz, 17 %, 71
2026/10/10 17:07:46.253, 0, 76805 MiB, 100 %, 249.47 W, 1980 MHz, 16 %, 35
2026/10/10 17:07:46.253, 1, 76805 MiB, 100 %, 268.06 W, 1980 MHz, 16 %, 59
2026/10/10 17:07:46.253, 2, 76805 MiB, 100 %, 250.99 W, 1980 MHz, 16 %, 39
2026/10/10 17:07:46.253, 3, 76805 MiB, 100 %, 247.38 W, 1980 MHz, 16 %, 33
2026/10/10 17:07:46.253, 4, 76805 MiB, 100 %, 241.49 W, 1980 MHz, 16 %, 34
2026/10/10 17:07:46.253, 5, 76805 MiB, 100 %, 249.23 W, 1980 MHz, 17 %, 38
2026/10/10 17:07:46.254, 6, 76805 MiB, 100 %, 239.26 W, 1980 MHz, 16 %, 36
2026/10/10 17:07:46.254, 7, 76805 MiB, 100 %, 280.26 W, 1980 MHz, 17 %, 70
2026/10/10 17:07:47.254, 0, 76805 MiB, 100 %, 248.76 W, 1980 MHz, 16 %, 35
2026/10/10 17:07:47.254, 1, 76805 MiB, 100 %, 266.71 W, 1980 MHz, 16 %, 59
2026/10/10 17:07:47.254, 2, 76805 MiB, 100 %, 249.74 W, 1980 MHz, 16 %, 39
2026/10/10 17:07:47.254, 3, 76805 MiB, 100 %, 246.77 W, 1980 MHz, 17 %, 33
2026/10/10 17:07:47.254, 4, 76805 MiB, 100 %, 242.89 W, 1980 MHz, 16 %, 34
2026/10/10 17:07:47.254, 5, 76805 MiB, 100 %, 250.03 W, 1980 MHz, 17 %, 38
2026/10/10 17:07:47.254, 6, 76805 MiB, 100 %, 241.81 W, 1980 MHz, 17 %, 36
2026/10/10 17:07:47.254, 7, 76805 MiB, 100 %, 280.46 W, 1980 MHz, 17 %, 70
2026/10/10 17:07:48.254, 0, 76805 MiB, 100 %, 249.01 W, 1980 MHz, 16 %, 35
2026/10/10 17:07:48.255, 1, 76805 MiB, 100 %, 268.00 W, 1980 MHz, 16 %, 59
2026/10/10 17:07:48.255, 2, 76805 MiB, 100 %, 251.73 W, 1980 MHz, 16 %, 39
2026/10/10 17:07:48.255, 3, 76805 MiB, 100 %, 247.37 W, 1980 MHz, 16 %, 33
2026/10/10 17:07:48.255, 4, 76805 MiB, 100 %, 242.79 W, 1980 MHz, 16 %, 34
2026/10/10 17:07:48.255, 5, 76805 MiB, 100 %, 250.17 W, 1980 MHz, 17 %, 38
2026/10/10 17:07:48.255, 6, 76805 MiB, 100 %, 240.72 W, 1980 MHz, 16 %, 36
2026/10/10 17:07:48.255, 7, 76805 MiB, 100 %, 280.54 W, 1980 MHz, 17 %, 70
2026/10/10 17:07:49.255, 0, 76805 MiB, 100 %, 248.66 W, 1980 MHz, 16 %, 35
2026/10/10 17:07:49.255, 1, 76805 MiB, 100 %, 267.28 W, 1980 MHz, 17 %, 59
2026/10/10 17:07:49.255, 2, 76805 MiB, 100 %, 250.40 W, 1980 MHz, 17 %, 39
2026/10/10 17:07:49.255, 3, 76805 MiB, 100 %, 247.14 W, 1980 MHz, 16 %, 33
2026/10/10 17:07:49.255, 4, 76805 MiB, 100 %, 243.57 W, 1980 MHz, 16 %, 34
2026/10/10 17:07:49.255, 5, 76805 MiB, 100 %, 250.46 W, 1980 MHz, 16 %, 38
2026/10/10 17:07:49.255, 6, 76805 MiB, 100 %, 239.99 W, 1980 MHz, 17 %, 36
2026/10/10 17:07:49.256, 7, 76805 MiB, 100 %, 282.13 W, 1980 MHz, 17 %, 70
2026/10/10 17:07:50.256, 0, 76805 MiB, 100 %, 249.48 W, 1980 MHz, 17 %, 35
2026/10/10 17:07:50.256, 1, 76805 MiB, 100 %, 268.02 W, 1980 MHz, 17 %, 59
2026/10/10 17:07:50.256, 2, 76805 MiB, 100 %, 250.20 W, 1980 MHz, 16 %, 39
2026/10/10 17:07:50.256, 3, 76805 MiB, 100 %, 247.72 W, 1980 MHz, 16 %, 33
2026/10/10 17:07:50.256, 4, 76805 MiB, 100 %, 240.87 W, 1980 MHz, 16 %, 34
2026/10/10 17:07:50.256, 5, 76805 MiB, 100 %, 249.14 W, 1980 MHz, 17 %, 38
2026/10/10 17:07:50.256, 6, 76805 MiB, 100 %, 242.29 W, 1980 MHz, 17 %, 36
2026/10/10 17:07:50.256, 7, 76805 MiB, 100 %, 279.36 W, 1980 MHz, 17 %, 70
2026/10/10 17:07:51.256, 0, 76805 MiB, 100 %, 347.29 W, 1980 MHz, 49 %, 44
2026/10/10 17:07:51.257, 1, 76805 MiB, 100 %, 373.01 W, 1890 MHz, 49 %, 67
2026/10/10 17:07:51.257, 2, 76805 MiB, 100 %, 351.43 W, 1965 MHz, 48 %, 47
2026/10/10 17:07:51.257, 3, 76805 MiB, 100 %, 360.11 W, 1965 MHz, 48 %, 43
2026/10/10 17:07:51.257, 4, 76805 MiB, 100 %, 357.21 W, 1920 MHz, 48 %, 44
2026/10/10 17:07:51.257, 5, 76805 MiB, 100 %, 370.08 W, 1905 MHz, 49 %, 47
2026/10/10 17:07:51.257, 6, 76805 MiB, 100 %, 355.18 W, 1980 MHz, 48 %, 46
2026/10/10 17:07:51.257, 7, 76805 MiB, 100 %, 399.52 W, 1875 MHz, 49 %, 79
2026/10/10 17:07:52.257, 0, 76805 MiB, 100 %, 667.50 W, 1980 MHz, 48 %, 49
2026/10/10 17:07:52.257, 1, 76805 MiB, 100 %, 695.13 W, 1860 MHz, 46 %, 69
2026/10/10 17:07:52.257, 2, 76805 MiB, 100 %, 678.82 W, 1980 MHz, 46 %, 50
2026/10/10 17:07:52.257, 3, 76805 MiB, 100 %, 688.42 W, 1860 MHz, 46 %, 48
2026/10/10 17:07:52.257, 4, 76805 MiB, 100 %, 689.38 W, 1875 MHz, 46 %, 49
2026/10/10 17:07:52.257, 5, 76805 MiB, 100 %, 691.09 W, 1890 MHz, 46 %, 53
2026/10/10 17:07:52.257, 6, 76805 MiB, 100 %, 671.81 W, 1980 MHz, 45 %, 52
2026/10/10 17:07:52.258, 7, 76805 MiB, 100 %, 694.02 W, 1845 MHz, 46 %, 83
2026/10/10 17:07:53.258, 0, 76805 MiB, 100 %, 679.36 W, 1980 MHz, 43 %, 50
2026/10/10 17:07:53.258, 1, 76805 MiB, 100 %, 690.05 W, 1905 MHz, 43 %, 69
2026/10/10 17:07:53.258, 2, 76805 MiB, 100 %, 673.56 W, 1980 MHz, 43 %, 51
2026/10/10 17:07:53.258, 3, 76805 MiB, 100 %, 680.98 W, 1965 MHz, 43 %, 49
2026/10/10 17:07:53.258, 4, 76805 MiB, 100 %, 688.19 W, 1950 MHz, 43 %, 51
2026/10/10 17:07:53.258, 5, 76805 MiB, 100 %, 685.72 W, 1905 MHz, 43 %, 55
2026/10/10 17:07:53.258, 6, 76805 MiB, 100 %, 671.94 W, 1980 MHz, 43 %, 54
2026/10/10 17:07:53.258, 7, 76805 MiB, 100 %, 649.43 W, 1785 MHz, 45 %, 82
2026/10/10 17:07:54.258, 0, 76805 MiB, 100 %, 630.21 W, 1980 MHz, 29 %, 43
2026/10/10 17:07:54.258, 1, 76805 MiB, 100 %, 635.23 W, 1965 MHz, 16 %, 64
2026/10/10 17:07:54.259, 2, 76805 MiB, 100 %, 614.76 W, 1980 MHz, 22 %, 46
2026/10/10 17:07:54.259, 3, 76805 MiB, 100 %, 633.11 W, 1965 MHz, 19 %, 42
2026/10/10 17:07:54.259, 4, 76805 MiB, 100 %, 609.63 W, 1965 MHz, 16 %, 43
2026/10/10 17:07:54.259, 5, 76805 MiB, 100 %, 617.76 W, 1965 MHz, 16 %, 48
2026/10/10 17:07:54.259, 6, 76805 MiB, 100 %, 599.65 W, 1980 MHz, 16 %, 46
2026/10/10 17:07:54.259, 7, 76805 MiB, 100 %, 568.27 W, 1965 MHz, 16 %, 76
2026/10/10 17:07:55.259, 0, 76805 MiB, 100 %, 250.01 W, 1980 MHz, 16 %, 37
2026/10/10 17:07:55.259, 1, 76805 MiB, 100 %, 266.23 W, 1980 MHz, 16 %, 60
2026/10/10 17:07:55.259, 2, 76805 MiB, 100 %, 255.01 W, 1980 MHz, 17 %, 41
2026/10/10 17:07:55.259, 3, 76805 MiB, 100 %, 251.08 W, 1980 MHz, 17 %, 36
2026/10/10 17:07:55.259, 4, 76805 MiB, 100 %, 244.52 W, 1980 MHz, 16 %, 37
2026/10/10 17:07:55.259, 5, 76805 MiB, 100 %, 253.68 W, 1980 MHz, 17 %, 41
2026/10/10 17:07:55.259, 6, 76805 MiB, 100 %, 242.14 W, 1980 MHz, 16 %, 39
2026/10/10 17:07:55.259, 7, 76805 MiB, 100 %, 281.44 W, 1980 MHz, 16 %, 72
2026/10/10 17:07:56.260, 0, 76805 MiB, 100 %, 250.21 W, 1980 MHz, 17 %, 37
2026/10/10 17:07:56.260, 1, 76805 MiB, 100 %, 269.63 W, 1980 MHz, 16 %, 59
2026/10/10 17:07:56.260, 2, 76805 MiB, 100 %, 252.07 W, 1980 MHz, 16 %, 40
2026/10/10 17:07:56.260, 3, 76805 MiB, 100 %, 250.37 W, 1980 MHz, 16 %, 35
2026/10/10 17:07:56.260, 4, 76805 MiB, 100 %, 243.72 W, 1980 MHz, 16 %, 36
2026/10/10 17:07:56.260, 5, 76805 MiB, 100 %, 252.16 W, 1980 MHz, 17 %, 40
2026/10/10 17:07:56.260, 6, 76805 MiB, 100 %, 241.43 W, 1980 MHz, 17 %, 38
2026/10/10 17:07:56.260, 7, 76805 MiB, 100 %, 280.98 W, 1980 MHz, 16 %, 71
2026/10/10 17:07:57.260, 0, 76805 MiB, 100 %, 252.57 W, 1980 MHz, 17 %, 36
2026/10/10 17:07:57.260, 1, 76805 MiB, 100 %, 267.69 W, 1980 MHz, 16 %, 59
2026/10/10 17:07:57.260, 2, 76805 MiB, 100 %, 249.90 W, 1980 MHz, 16 %, 40
2026/10/10 17:07:57.260, 3, 76805 MiB, 100 %, 248.03 W, 1980 MHz, 16 %, 35
2026/10/10 17:07:57.260, 4, 76805 MiB, 100 %, 241.97 W, 1980 MHz, 16 %, 35
2026/10/10 17:07:57.261, 5, 76805 MiB, 100 %, 253.62 W, 1980 MHz, 17 %, 40
2026/10/10 17:07:57.261, 6, 76805 MiB, 100 %, 242.93 W, 1980 MHz, 17 %, 37
2026/10/10 17:07:57.261, 7, 76805 MiB, 100 %, 281.79 W, 1980 MHz, 16 %, 71
2026/10/10 17:07:58.261, 0, 76805 MiB, 100 %, 251.39 W, 1980 MHz, 17 %, 36
2026/10/10 17:07:58.261, 1, 76805 MiB, 100 %, 267.82 W, 1980 MHz, 16 %, 59
2026/10/10 17:07:58.261, 2, 76805 MiB, 100 %, 248.98 W, 1980 MHz, 16 %, 40
2026/10/10 17:07:58.261, 3, 76805 MiB, 100 %, 247.35 W, 1980 MHz, 16 %, 34
2026/10/10 17:07:58.261, 4, 76805 MiB, 100 %, 242.05 W, 1980 MHz, 16 %, 35
2026/10/10 17:07:58.261, 5, 76805 MiB, 100 %, 252.91 W, 1980 MHz, 17 %, 39
2026/10/10 17:07:58.261, 6, 76805 MiB, 100 %, 242.92 W, 1980 MHz, 17 %, 37
2026/10/10 17:07:58.261, 7, 76805 MiB, 100 %, 280.87 W, 1980 MHz, 16 %, 71
2026/10/10 17:07:59.261, 0, 76805 MiB, 100 %, 250.75 W, 1980 MHz, 17 %, 36
2026/10/10 17:07:59.262, 1, 76805 MiB, 100 %, 267.77 W, 1980 MHz, 16 %, 59
2026/10/10 17:07:59.262, 2, 76805 MiB, 100 %, 249.67 W, 1980 MHz, 16 %, 39
2026/10/10 17:07:59.262, 3, 76805 MiB, 100 %, 246.60 W, 1980 MHz, 16 %, 34
2026/10/10 17:07:59.262, 4, 76805 MiB, 100 %, 241.96 W, 1980 MHz, 16 %, 35
2026/10/10 17:07:59.262, 5, 76805 MiB, 100 %, 252.55 W, 1980 MHz, 17 %, 39
2026/10/10 17:07:59.262, 6, 76805 MiB, 100 %, 244.00 W, 1980 MHz, 17 %, 37
2026/10/10 17:07:59.262, 7, 76805 MiB, 100 %, 280.50 W, 1980 MHz, 17 %, 71
2026/10/10 17:08:00.262, 0, 76805 MiB, 100 %, 250.49 W, 1980 MHz, 17 %, 36
2026/10/10 17:08:00.262, 1, 76805 MiB, 100 %, 266.93 W, 1980 MHz, 16 %, 59
2026/10/10 17:08:00.262, 2, 76805 MiB, 100 %, 249.61 W, 1980 MHz, 16 %, 39
2026/10/10 17:08:00.262, 3, 76805 MiB, 100 %, 246.86 W, 1980 MHz, 16 %, 34
2026/10/10 17:08:00.262, 4, 76805 MiB, 100 %, 242.73 W, 1980 MHz, 16 %, 35
2026/10/10 17:08:00.262, 5, 76805 MiB, 100 %, 251.06 W, 1980 MHz, 17 %, 39
2026/10/10 17:08:00.262, 6, 76805 MiB, 100 %, 242.59 W, 1980 MHz, 17 %, 37
2026/10/10 17:08:00.262, 7, 76805 MiB, 100 %, 279.45 W, 1980 MHz, 17 %, 71
2026/10/10 17:08:01.263, 0, 76805 MiB, 100 %, 250.40 W, 1980 MHz, 17 %, 36
2026/10/10 17:08:01.263, 1, 76805 MiB, 100 %, 266.10 W, 1980 MHz, 16 %, 59
2026/10/10 17:08:01.263, 2, 76805 MiB, 100 %, 250.76 W, 1980 MHz, 16 %, 39
2026/10/10 17:08:01.263, 3, 76805 MiB, 100 %, 246.80 W, 1980 MHz, 16 %, 34
2026/10/10 17:08:01.263, 4, 76805 MiB, 100 %, 242.32 W, 1980 MHz, 16 %, 34
2026/10/10 17:08:01.263, 5, 76805 MiB, 100 %, 251.10 W, 1980 MHz, 17 %, 39
2026/10/10 17:08:01.263, 6, 76805 MiB, 100 %, 242.35 W, 1980 MHz, 17 %, 36
2026/10/10 17:08:01.263, 7, 76805 MiB, 100 %, 280.78 W, 1980 MHz, 16 %, 71
2026/10/10 17:08:02.263, 0, 76805 MiB, 100 %, 250.42 W, 1980 MHz, 17 %, 35
2026/10/10 17:08:02.263, 1, 76805 MiB, 100 %, 266.85 W, 1980 MHz, 16 %, 59
2026/10/10 17:08:02.263, 2, 76805 MiB, 100 %, 249.74 W, 1980 MHz, 16 %, 39
2026/10/10 17:08:02.263, 3, 76805 MiB, 100 %, 247.95 W, 1980 MHz, 16 %, 34
2026/10/10 17:08:02.264, 4, 76805 MiB, 100 %, 242.04 W, 1980 MHz, 16 %, 34
2026/10/10 17:08:02.264, 5, 76805 MiB, 100 %, 251.55 W, 1980 MHz, 17 %, 39
2026/10/10 17:08:02.264, 6, 76805 MiB, 100 %, 241.21 W, 1980 MHz, 16 %, 36
2026/10/10 17:08:02.264, 7, 76805 MiB, 100 %, 279.83 W, 1980 MHz, 17 %, 71
2026/10/10 17:08:03.264, 0, 76805 MiB, 100 %, 251.97 W, 1980 MHz, 17 %, 35
2026/10/10 17:08:03.264, 1, 76805 MiB, 100 %, 267.52 W, 1980 MHz, 16 %, 59
2026/10/10 17:08:03.264, 2, 76805 MiB, 100 %, 249.66 W, 1980 MHz, 16 %, 39
2026/10/10 17:08:03.264, 3, 76805 MiB, 100 %, 247.36 W, 1980 MHz, 16 %, 34
2026/10/10 17:08:03.264, 4, 76805 MiB, 100 %, 241.63 W, 1980 MHz, 16 %, 34
2026/10/10 17:08:03.264, 5, 76805 MiB, 100 %, 250.85 W, 1980 MHz, 17 %, 39
2026/10/10 17:08:03.264, 6, 76805 MiB, 100 %, 241.98 W, 1980 MHz, 17 %, 36
2026/10/10 17:08:03.264, 7, 76805 MiB, 100 %, 279.52 W, 1980 MHz, 17 %, 71
2026/10/10 17:08:04.264, 0, 76805 MiB, 100 %, 250.36 W, 1980 MHz, 17 %, 35
2026/10/10 17:08:04.265, 1, 76805 MiB, 100 %, 267.73 W, 1980 MHz, 16 %, 59
2026/10/10 17:08:04.265, 2, 76805 MiB, 100 %, 250.38 W, 1980 MHz, 16 %, 39
2026/10/10 17:08:04.265, 3, 76805 MiB, 100 %, 247.55 W, 1980 MHz, 16 %, 34
2026/10/10 17:08:04.265, 4, 76805 MiB, 100 %, 242.08 W, 1980 MHz, 16 %, 34
2026/10/10 17:08:04.265, 5, 76805 MiB, 100 %, 250.53 W, 1980 MHz, 17 %, 39
2026/10/10 17:08:04.265, 6, 76805 MiB, 100 %, 241.39 W, 1980 MHz, 17 %, 36
2026/10/10 17:08:04.265, 7, 76805 MiB, 100 %, 280.85 W, 1980 MHz, 16 %, 70
2026/10/10 17:08:05.265, 0, 76805 MiB, 100 %, 250.96 W, 1980 MHz, 17 %, 35
2026/10/10 17:08:05.265, 1, 76805 MiB, 100 %, 268.34 W, 1980 MHz, 16 %, 59
2026/10/10 17:08:05.265, 2, 76805 MiB, 100 %, 249.63 W, 1980 MHz, 16 %, 39
2026/10/10 17:08:05.265, 3, 76805 MiB, 100 %, 246.76 W, 1980 MHz, 16 %, 34
2026/10/10 17:08:05.265, 4, 76805 MiB, 100 %, 242.29 W, 1980 MHz, 16 %, 34
2026/10/10 17:08:05.265, 5, 76805 MiB, 100 %, 250.63 W, 1980 MHz, 17 %, 38
2026/10/10 17:08:05.266, 6, 76805 MiB, 100 %, 241.01 W, 1980 MHz, 17 %, 36
2026/10/10 17:08:05.266, 7, 76805 MiB, 100 %, 279.23 W, 1980 MHz, 17 %, 70
2026/10/10 17:08:06.266, 0, 76805 MiB, 100 %, 251.37 W, 1980 MHz, 17 %, 35
2026/10/10 17:08:06.266, 1, 76805 MiB, 100 %, 268.10 W, 1980 MHz, 16 %, 59
2026/10/10 17:08:06.266, 2, 76805 MiB, 100 %, 249.73 W, 1980 MHz, 16 %, 39
2026/10/10 17:08:06.266, 3, 76805 MiB, 100 %, 247.12 W, 1980 MHz, 16 %, 33
2026/10/10 17:08:06.266, 4, 76805 MiB, 100 %, 241.54 W, 1980 MHz, 16 %, 34
2026/10/10 17:08:06.266, 5, 76805 MiB, 100 %, 250.48 W, 1980 MHz, 17 %, 38
2026/10/10 17:08:06.266, 6, 76805 MiB, 100 %, 240.70 W, 1980 MHz, 17 %, 36
2026/10/10 17:08:06.266, 7, 76805 MiB, 100 %, 280.17 W, 1980 MHz, 17 %, 70
2026/10/10 17:08:07.266, 0, 76805 MiB, 100 %, 250.99 W, 1980 MHz, 17 %, 35
2026/10/10 17:08:07.267, 1, 76805 MiB, 100 %, 268.18 W, 1980 MHz, 16 %, 59
2026/10/10 17:08:07.267, 2, 76805 MiB, 100 %, 249.74 W, 1980 MHz, 16 %, 39
2026/10/10 17:08:07.267, 3, 76805 MiB, 100 %, 247.41 W, 1980 MHz, 16 %, 33
2026/10/10 17:08:07.267, 4, 76805 MiB, 100 %, 241.87 W, 1980 MHz, 16 %, 34
2026/10/10 17:08:07.267, 5, 76805 MiB, 100 %, 250.80 W, 1980 MHz, 17 %, 38
2026/10/10 17:08:07.267, 6, 76805 MiB, 100 %, 240.35 W, 1980 MHz, 17 %, 36
2026/10/10 17:08:07.267, 7, 76805 MiB, 100 %, 279.85 W, 1980 MHz, 16 %, 70
2026/10/10 17:08:08.267, 0, 76805 MiB, 100 %, 250.93 W, 1980 MHz, 17 %, 35
2026/10/10 17:08:08.267, 1, 76805 MiB, 100 %, 267.01 W, 1980 MHz, 16 %, 59
2026/10/10 17:08:08.267, 2, 76805 MiB, 100 %, 249.17 W, 1980 MHz, 16 %, 39
2026/10/10 17:08:08.267, 3, 76805 MiB, 100 %, 246.61 W, 1980 MHz, 16 %, 33
2026/10/10 17:08:08.267, 4, 76805 MiB, 100 %, 240.83 W, 1980 MHz, 16 %, 34
2026/10/10 17:08:08.267, 5, 76805 MiB, 100 %, 249.94 W, 1980 MHz, 17 %, 38
2026/10/10 17:08:08.267, 6, 76805 MiB, 100 %, 240.91 W, 1980 MHz, 17 %, 36
2026/10/10 17:08:08.268, 7, 76805 MiB, 100 %, 279.86 W, 1980 MHz, 17 %, 70
2026/10/10 17:08:09.268, 0, 76805 MiB, 100 %, 251.38 W, 1980 MHz, 17 %, 35
2026/10/10 17:08:09.268, 1, 76805 MiB, 100 %, 266.88 W, 1980 MHz, 16 %, 59
2026/10/10 17:08:09.268, 2, 76805 MiB, 100 %, 248.79 W, 1980 MHz, 16 %, 39
2026/10/10 17:08:09.268, 3, 76805 MiB, 100 %, 247.12 W, 1980 MHz, 16 %, 33
2026/10/10 17:08:09.268, 4, 76805 MiB, 100 %, 242.10 W, 1980 MHz, 16 %, 34
2026/10/10 17:08:09.268, 5, 76805 MiB, 100 %, 251.24 W, 1980 MHz, 17 %, 38
2026/10/10 17:08:09.268, 6, 76805 MiB, 100 %, 241.02 W, 1980 MHz, 17 %, 36
2026/10/10 17:08:09.268, 7, 76805 MiB, 100 %, 279.38 W, 1980 MHz, 17 %, 70
2026/10/10 17:08:10.268, 0, 76805 MiB, 100 %, 243.41 W, 1980 MHz, 17 %, 34
2026/10/10 17:08:10.269, 1, 76805 MiB, 100 %, 268.36 W, 1980 MHz, 16 %, 59
2026/10/10 17:08:10.269, 2, 76805 MiB, 100 %, 249.28 W, 1980 MHz, 16 %, 39
2026/10/10 17:08:10.269, 3, 76805 MiB, 100 %, 247.76 W, 1980 MHz, 16 %, 33
2026/10/10 17:08:10.269, 4, 76805 MiB, 100 %, 240.80 W, 1980 MHz, 16 %, 34
2026/10/10 17:08:10.269, 5, 76805 MiB, 100 %, 248.37 W, 1980 MHz, 17 %, 38
2026/10/10 17:08:10.269, 6, 76805 MiB, 100 %, 238.40 W, 1980 MHz, 17 %, 36
2026/10/10 17:08:10.269, 7, 76805 MiB, 84 %, 277.30 W, 1980 MHz, 14 %, 70
2026/10/10 17:08:11.269, 0, 76805 MiB, 100 %, 621.87 W, 1980 MHz, 49 %, 48
2026/10/10 17:08:11.269, 1, 76805 MiB, 100 %, 619.22 W, 1875 MHz, 47 %, 69
2026/10/10 17:08:11.269, 2, 76805 MiB, 100 %, 605.43 W, 1965 MHz, 50 %, 50
2026/10/10 17:08:11.269, 3, 76805 MiB, 100 %, 612.56 W, 1950 MHz, 49 %, 47
2026/10/10 17:08:11.269, 4, 76805 MiB, 100 %, 625.00 W, 1950 MHz, 49 %, 49
2026/10/10 17:08:11.270, 5, 76805 MiB, 100 %, 621.13 W, 1935 MHz, 47 %, 52
2026/10/10 17:08:11.270, 6, 76805 MiB, 100 %, 604.60 W, 1965 MHz, 47 %, 50
2026/10/10 17:08:11.270, 7, 76805 MiB, 100 %, 649.83 W, 1740 MHz, 47 %, 83
2026/10/10 17:08:12.270, 0, 76805 MiB, 100 %, 671.22 W, 1965 MHz, 44 %, 49
2026/10/10 17:08:12.270, 1, 76805 MiB, 100 %, 690.42 W, 1860 MHz, 44 %, 70
2026/10/10 17:08:12.270, 2, 76805 MiB, 100 %, 675.52 W, 1980 MHz, 44 %, 50
2026/10/10 17:08:12.270, 3, 76805 MiB, 100 %, 691.67 W, 1875 MHz, 44 %, 49
2026/10/10 17:08:12.270, 4, 76805 MiB, 100 %, 686.31 W, 1950 MHz, 44 %, 51
2026/10/10 17:08:12.270, 5, 76805 MiB, 100 %, 689.72 W, 1860 MHz, 44 %, 54
2026/10/10 17:08:12.270, 6, 76805 MiB, 100 %, 673.18 W, 1980 MHz, 44 %, 53
2026/10/10 17:08:12.270, 7, 76805 MiB, 100 %, 665.49 W, 1695 MHz, 46 %, 83
2026/10/10 17:08:13.270, 0, 76805 MiB, 100 %, 673.84 W, 1980 MHz, 45 %, 51
2026/10/10 17:08:13.271, 1, 76805 MiB, 100 %, 688.74 W, 1845 MHz, 42 %, 70
2026/10/10 17:08:13.271, 2, 76805 MiB, 100 %, 681.17 W, 1980 MHz, 45 %, 52
2026/10/10 17:08:13.271, 3, 76805 MiB, 100 %, 676.51 W, 1965 MHz, 45 %, 50
2026/10/10 17:08:13.271, 4, 76805 MiB, 100 %, 684.45 W, 1905 MHz, 43 %, 52
2026/10/10 17:08:13.271, 5, 76805 MiB, 100 %, 693.33 W, 1935 MHz, 42 %, 55
2026/10/10 17:08:13.271, 6, 76805 MiB, 100 %, 672.84 W, 1965 MHz, 42 %, 54
2026/10/10 17:08:13.271, 7, 76805 MiB, 100 %, 637.98 W, 1740 MHz, 42 %, 82
2026/10/10 17:08:14.271, 0, 76805 MiB, 100 %, 340.96 W, 1980 MHz, 17 %, 38
2026/10/10 17:08:14.271, 1, 76805 MiB, 100 %, 388.97 W, 1980 MHz, 16 %, 60
2026/10/10 17:08:14.271, 2, 76805 MiB, 100 %, 369.89 W, 1980 MHz, 17 %, 42
2026/10/10 17:08:14.271, 3, 76805 MiB, 100 %, 371.88 W, 1980 MHz, 16 %, 37
2026/10/10 17:08:14.271, 4, 76805 MiB, 100 %, 360.60 W, 1980 MHz, 16 %, 38
2026/10/10 17:08:14.271, 5, 76805 MiB, 100 %, 363.82 W, 1980 MHz, 17 %, 43
2026/10/10 17:08:14.271, 6, 76805 MiB, 100 %, 351.05 W, 1980 MHz, 16 %, 41
2026/10/10 17:08:14.272, 7, 76805 MiB, 100 %, 374.68 W, 1980 MHz, 16 %, 73
2026/10/10 17:08:15.272, 0, 76805 MiB, 100 %, 251.30 W, 1980 MHz, 16 %, 37
2026/10/10 17:08:15.272, 1, 76805 MiB, 100 %, 266.30 W, 1980 MHz, 16 %, 59
2026/10/10 17:08:15.272, 2, 76805 MiB, 100 %, 252.68 W, 1980 MHz, 16 %, 40
2026/10/10 17:08:15.272, 3, 76805 MiB, 100 %, 248.35 W, 1980 MHz, 16 %, 35
2026/10/10 17:08:15.272, 4, 76805 MiB, 100 %, 243.97 W, 1980 MHz, 17 %, 36
2026/10/10 17:08:15.272, 5, 76805 MiB, 100 %, 253.16 W, 1980 MHz, 16 %, 40
2026/10/10 17:08:15.272, 6, 76805 MiB, 100 %, 243.67 W, 1980 MHz, 17 %, 39
2026/10/10 17:08:15.272, 7, 76805 MiB, 100 %, 282.51 W, 1980 MHz, 16 %, 72
2026/10/10 17:08:16.272, 0, 76805 MiB, 100 %, 249.80 W, 1980 MHz, 17 %, 36
2026/10/10 17:08:16.272, 1, 76805 MiB, 100 %, 267.34 W, 1980 MHz, 16 %, 59
2026/10/10 17:08:16.273, 2, 76805 MiB, 100 %, 253.03 W, 1980 MHz, 17 %, 40
2026/10/10 17:08:16.273, 3, 76805 MiB, 100 %, 247.94 W, 1980 MHz, 16 %, 35
2026/10/10 17:08:16.273, 4, 76805 MiB, 100 %, 241.65 W, 1980 MHz, 17 %, 36
2026/10/10 17:08:16.273, 5, 76805 MiB, 100 %, 250.93 W, 1980 MHz, 17 %, 40
2026/10/10 17:08:16.273, 6, 76805 MiB, 100 %, 243.84 W, 1980 MHz, 17 %, 38
2026/10/10 17:08:16.273, 7, 76805 MiB, 100 %, 279.84 W, 1980 MHz, 16 %, 71
2026/10/10 17:08:17.273, 0, 76805 MiB, 100 %, 250.57 W, 1980 MHz, 16 %, 36
2026/10/10 17:08:17.273, 1, 76805 MiB, 100 %, 267.56 W, 1980 MHz, 16 %, 59
2026/10/10 17:08:17.273, 2, 76805 MiB, 100 %, 252.96 W, 1980 MHz, 17 %, 40
2026/10/10 17:08:17.273, 3, 76805 MiB, 100 %, 247.62 W, 1980 MHz, 16 %, 34
2026/10/10 17:08:17.273, 4, 76805 MiB, 100 %, 242.01 W, 1980 MHz, 16 %, 35
2026/10/10 17:08:17.273, 5, 76805 MiB, 100 %, 251.48 W, 1980 MHz, 17 %, 40
2026/10/10 17:08:17.273, 6, 76805 MiB, 100 %, 243.51 W, 1980 MHz, 16 %, 37
2026/10/10 17:08:17.273, 7, 76805 MiB, 100 %, 280.92 W, 1980 MHz, 16 %, 71
2026/10/10 17:08:18.274, 0, 76805 MiB, 100 %, 249.62 W, 1980 MHz, 16 %, 36
2026/10/10 17:08:18.274, 1, 76805 MiB, 100 %, 266.12 W, 1980 MHz, 16 %, 59
2026/10/10 17:08:18.274, 2, 76805 MiB, 100 %, 252.21 W, 1980 MHz, 17 %, 40
2026/10/10 17:08:18.274, 3, 76805 MiB, 100 %, 248.03 W, 1980 MHz, 16 %, 34
2026/10/10 17:08:18.274, 4, 76805 MiB, 100 %, 241.66 W, 1980 MHz, 16 %, 35
2026/10/10 17:08:18.274, 5, 76805 MiB, 100 %, 252.63 W, 1980 MHz, 17 %, 39
2026/10/10 17:08:18.274, 6, 76805 MiB, 100 %, 242.70 W, 1980 MHz, 17 %, 37
2026/10/10 17:08:18.274, 7, 76805 MiB, 100 %, 279.62 W, 1980 MHz, 16 %, 71
2026/10/10 17:08:19.274, 0, 76805 MiB, 100 %, 250.70 W, 1980 MHz, 17 %, 36
2026/10/10 17:08:19.274, 1, 76805 MiB, 100 %, 266.86 W, 1980 MHz, 16 %, 59
2026/10/10 17:08:19.274, 2, 76805 MiB, 100 %, 251.17 W, 1980 MHz, 16 %, 39
2026/10/10 17:08:19.275, 3, 76805 MiB, 100 %, 248.65 W, 1980 MHz, 16 %, 34
2026/10/10 17:08:19.275, 4, 76805 MiB, 100 %, 242.59 W, 1980 MHz, 16 %, 35
2026/10/10 17:08:19.275, 5, 76805 MiB, 100 %, 249.96 W, 1980 MHz, 16 %, 39
2026/10/10 17:08:19.275, 6, 76805 MiB, 100 %, 243.28 W, 1980 MHz, 17 %, 37
2026/10/10 17:08:19.275, 7, 76805 MiB, 100 %, 279.69 W, 1980 MHz, 16 %, 71
2026/10/10 17:08:20.275, 0, 76805 MiB, 100 %, 250.18 W, 1980 MHz, 17 %, 36
2026/10/10 17:08:20.275, 1, 76805 MiB, 100 %, 266.87 W, 1980 MHz, 16 %, 59
2026/10/10 17:08:20.275, 2, 76805 MiB, 100 %, 251.36 W, 1980 MHz, 16 %, 39
2026/10/10 17:08:20.275, 3, 76805 MiB, 100 %, 247.42 W, 1980 MHz, 16 %, 34
2026/10/10 17:08:20.275, 4, 76805 MiB, 100 %, 242.89 W, 1980 MHz, 16 %, 35
2026/10/10 17:08:20.275, 5, 76805 MiB, 100 %, 249.63 W, 1980 MHz, 16 %, 39
2026/10/10 17:08:20.275, 6, 76805 MiB, 100 %, 243.03 W, 1980 MHz, 17 %, 37
2026/10/10 17:08:20.275, 7, 76805 MiB, 100 %, 280.28 W, 1980 MHz, 17 %, 71
2026/10/10 17:08:21.275, 0, 76805 MiB, 100 %, 249.83 W, 1980 MHz, 16 %, 35
2026/10/10 17:08:21.276, 1, 76805 MiB, 100 %, 268.02 W, 1980 MHz, 17 %, 59
2026/10/10 17:08:21.276, 2, 76805 MiB, 100 %, 251.01 W, 1980 MHz, 16 %, 39
2026/10/10 17:08:21.276, 3, 76805 MiB, 100 %, 247.70 W, 1980 MHz, 16 %, 34
2026/10/10 17:08:21.276, 4, 76805 MiB, 100 %, 242.00 W, 1980 MHz, 17 %, 34
2026/10/10 17:08:21.276, 5, 76805 MiB, 100 %, 249.73 W, 1980 MHz, 16 %, 39
2026/10/10 17:08:21.276, 6, 76805 MiB, 100 %, 243.23 W, 1980 MHz, 17 %, 36
2026/10/10 17:08:21.276, 7, 76805 MiB, 100 %, 279.16 W, 1980 MHz, 17 %, 71
2026/10/10 17:08:22.276, 0, 76805 MiB, 100 %, 248.75 W, 1980 MHz, 16 %, 35
2026/10/10 17:08:22.276, 1, 76805 MiB, 100 %, 266.27 W, 1980 MHz, 16 %, 59
2026/10/10 17:08:22.276, 2, 76805 MiB, 100 %, 251.84 W, 1980 MHz, 16 %, 39
2026/10/10 17:08:22.276, 3, 76805 MiB, 100 %, 246.27 W, 1980 MHz, 16 %, 34
2026/10/10 17:08:22.276, 4, 76805 MiB, 100 %, 241.41 W, 1980 MHz, 16 %, 34
2026/10/10 17:08:22.276, 5, 76805 MiB, 100 %, 250.74 W, 1980 MHz, 17 %, 39
2026/10/10 17:08:22.276, 6, 76805 MiB, 100 %, 242.87 W, 1980 MHz, 16 %, 36
2026/10/10 17:08:22.276, 7, 76805 MiB, 100 %, 280.97 W, 1980 MHz, 17 %, 71
2026/10/10 17:08:23.277, 0, 76805 MiB, 100 %, 249.24 W, 1980 MHz, 16 %, 35
2026/10/10 17:08:23.277, 1, 76805 MiB, 100 %, 267.67 W, 1980 MHz, 16 %, 59
2026/10/10 17:08:23.277, 2, 76805 MiB, 100 %, 252.65 W, 1980 MHz, 16 %, 39
2026/10/10 17:08:23.277, 3, 76805 MiB, 100 %, 247.50 W, 1980 MHz, 16 %, 34
2026/10/10 17:08:23.277, 4, 76805 MiB, 100 %, 241.45 W, 1980 MHz, 16 %, 34
2026/10/10 17:08:23.277, 5, 76805 MiB, 100 %, 251.05 W, 1980 MHz, 17 %, 39
2026/10/10 17:08:23.277, 6, 76805 MiB, 100 %, 243.29 W, 1980 MHz, 16 %, 36
2026/10/10 17:08:23.277, 7, 76805 MiB, 100 %, 278.88 W, 1980 MHz, 16 %, 71
2026/10/10 17:08:24.277, 0, 76805 MiB, 100 %, 248.84 W, 1980 MHz, 17 %, 35
2026/10/10 17:08:24.277, 1, 76805 MiB, 100 %, 265.79 W, 1980 MHz, 16 %, 59
2026/10/10 17:08:24.277, 2, 76805 MiB, 100 %, 252.60 W, 1980 MHz, 16 %, 39
2026/10/10 17:08:24.278, 3, 76805 MiB, 100 %, 247.01 W, 1980 MHz, 16 %, 33
2026/10/10 17:08:24.278, 4, 76805 MiB, 100 %, 242.51 W, 1980 MHz, 17 %, 34
2026/10/10 17:08:24.278, 5, 76805 MiB, 100 %, 250.84 W, 1980 MHz, 17 %, 39
2026/10/10 17:08:24.278, 6, 76805 MiB, 100 %, 242.03 W, 1980 MHz, 16 %, 36
2026/10/10 17:08:24.278, 7, 76805 MiB, 100 %, 278.58 W, 1980 MHz, 16 %, 71
2026/10/10 17:08:25.278, 0, 76805 MiB, 100 %, 248.44 W, 1980 MHz, 16 %, 35
2026/10/10 17:08:25.278, 1, 76805 MiB, 100 %, 266.09 W, 1980 MHz, 16 %, 59
2026/10/10 17:08:25.278, 2, 76805 MiB, 100 %, 252.35 W, 1980 MHz, 17 %, 39
2026/10/10 17:08:25.278, 3, 76805 MiB, 100 %, 245.87 W, 1980 MHz, 16 %, 33
2026/10/10 17:08:25.278, 4, 76805 MiB, 100 %, 241.25 W, 1980 MHz, 17 %, 34
2026/10/10 17:08:25.278, 5, 76805 MiB, 100 %, 250.22 W, 1980 MHz, 16 %, 38
2026/10/10 17:08:25.278, 6, 76805 MiB, 100 %, 242.09 W, 1980 MHz, 17 %, 36
2026/10/10 17:08:25.278, 7, 76805 MiB, 100 %, 279.80 W, 1980 MHz, 17 %, 70
2026/10/10 17:08:26.279, 0, 76805 MiB, 100 %, 249.18 W, 1980 MHz, 16 %, 35
2026/10/10 17:08:26.279, 1, 76805 MiB, 100 %, 267.73 W, 1980 MHz, 17 %, 59
2026/10/10 17:08:26.279, 2, 76805 MiB, 100 %, 250.90 W, 1980 MHz, 16 %, 39
2026/10/10 17:08:26.279, 3, 76805 MiB, 100 %, 246.55 W, 1980 MHz, 16 %, 33
2026/10/10 17:08:26.279, 4, 76805 MiB, 100 %, 241.31 W, 1980 MHz, 16 %, 34
2026/10/10 17:08:26.279, 5, 76805 MiB, 100 %, 249.80 W, 1980 MHz, 16 %, 38
2026/10/10 17:08:26.279, 6, 76805 MiB, 100 %, 242.71 W, 1980 MHz, 17 %, 36
2026/10/10 17:08:26.279, 7, 76805 MiB, 100 %, 279.56 W, 1980 MHz, 17 %, 70
2026/10/10 17:08:27.279, 0, 76805 MiB, 100 %, 249.33 W, 1980 MHz, 17 %, 35
2026/10/10 17:08:27.279, 1, 76805 MiB, 100 %, 267.29 W, 1980 MHz, 16 %, 59
2026/10/10 17:08:27.279, 2, 76805 MiB, 100 %, 250.10 W, 1980 MHz, 16 %, 39
2026/10/10 17:08:27.279, 3, 76805 MiB, 100 %, 247.63 W, 1980 MHz, 16 %, 33
2026/10/10 17:08:27.280, 4, 76805 MiB, 100 %, 242.05 W, 1980 MHz, 16 %, 34
2026/10/10 17:08:27.280, 5, 76805 MiB, 100 %, 249.50 W, 1980 MHz, 16 %, 38
2026/10/10 17:08:27.280, 6, 76805 MiB, 100 %, 241.50 W, 1980 MHz, 16 %, 36
2026/10/10 17:08:27.280, 7, 76805 MiB, 100 %, 279.59 W, 1980 MHz, 17 %, 70
2026/10/10 17:08:28.280, 0, 76805 MiB, 100 %, 248.81 W, 1980 MHz, 16 %, 35
2026/10/10 17:08:28.280, 1, 76805 MiB, 100 %, 267.28 W, 1980 MHz, 17 %, 59
2026/10/10 17:08:28.280, 2, 76805 MiB, 100 %, 251.18 W, 1980 MHz, 16 %, 39
2026/10/10 17:08:28.280, 3, 76805 MiB, 100 %, 247.03 W, 1980 MHz, 16 %, 33
2026/10/10 17:08:28.280, 4, 76805 MiB, 100 %, 240.89 W, 1980 MHz, 16 %, 34
2026/10/10 17:08:28.280, 5, 76805 MiB, 100 %, 249.85 W, 1980 MHz, 17 %, 38
2026/10/10 17:08:28.280, 6, 76805 MiB, 100 %, 243.53 W, 1980 MHz, 17 %, 36
2026/10/10 17:08:28.280, 7, 76805 MiB, 100 %, 279.52 W, 1980 MHz, 16 %, 70
2026/10/10 17:08:29.280, 0, 76805 MiB, 100 %, 249.88 W, 1980 MHz, 17 %, 35
2026/10/10 17:08:29.281, 1, 76805 MiB, 100 %, 266.35 W, 1980 MHz, 16 %, 59
2026/10/10 17:08:29.281, 2, 76805 MiB, 100 %, 251.19 W, 1980 MHz, 16 %, 39
2026/10/10 17:08:29.281, 3, 76805 MiB, 100 %, 247.21 W, 1980 MHz, 16 %, 33
2026/10/10 17:08:29.281, 4, 76805 MiB, 100 %, 241.33 W, 1980 MHz, 16 %, 34
2026/10/10 17:08:29.281, 5, 76805 MiB, 100 %, 250.41 W, 1980 MHz, 16 %, 38
2026/10/10 17:08:29.281, 6, 76805 MiB, 100 %, 242.05 W, 1980 MHz, 17 %, 36
2026/10/10 17:08:29.281, 7, 76805 MiB, 100 %, 279.78 W, 1980 MHz, 16 %, 70
2026/10/10 17:08:30.281, 0, 76805 MiB, 100 %, 454.82 W, 1980 MHz, 48 %, 47
2026/10/10 17:08:30.281, 1, 76805 MiB, 100 %, 444.75 W, 1920 MHz, 50 %, 68
2026/10/10 17:08:30.281, 2, 76805 MiB, 100 %, 433.43 W, 1980 MHz, 50 %, 49
2026/10/10 17:08:30.281, 3, 76805 MiB, 100 %, 433.93 W, 1935 MHz, 51 %, 44
2026/10/10 17:08:30.281, 4, 76805 MiB, 100 %, 436.93 W, 1950 MHz, 51 %, 46
2026/10/10 17:08:30.281, 5, 76805 MiB, 100 %, 448.96 W, 1950 MHz, 49 %, 49
2026/10/10 17:08:30.282, 6, 76805 MiB, 100 %, 428.53 W, 1980 MHz, 51 %, 48
2026/10/10 17:08:30.282, 7, 76805 MiB, 100 %, 480.81 W, 1875 MHz, 48 %, 81
2026/10/10 17:08:31.282, 0, 76805 MiB, 100 %, 677.39 W, 1965 MHz, 46 %, 49
2026/10/10 17:08:31.282, 1, 76805 MiB, 100 %, 689.69 W, 1890 MHz, 46 %, 69
2026/10/10 17:08:31.282, 2, 76805 MiB, 100 %, 678.00 W, 1965 MHz, 46 %, 50
2026/10/10 17:08:31.282, 3, 76805 MiB, 100 %, 691.18 W, 1905 MHz, 46 %, 47
2026/10/10 17:08:31.282, 4, 76805 MiB, 100 %, 690.98 W, 1935 MHz, 45 %, 50
2026/10/10 17:08:31.282, 5, 76805 MiB, 100 %, 685.76 W, 1920 MHz, 46 %, 53
2026/10/10 17:08:31.282, 6, 76805 MiB, 100 %, 674.90 W, 1965 MHz, 45 %, 53
2026/10/10 17:08:31.282, 7, 76805 MiB, 100 %, 685.10 W, 1785 MHz, 47 %, 83
2026/10/10 17:08:32.282, 0, 76805 MiB, 100 %, 679.35 W, 1965 MHz, 45 %, 51
2026/10/10 17:08:32.282, 1, 76805 MiB, 100 %, 691.87 W, 1830 MHz, 42 %, 69
2026/10/10 17:08:32.282, 2, 76805 MiB, 100 %, 673.83 W, 1980 MHz, 45 %, 51
2026/10/10 17:08:32.283, 3, 76805 MiB, 100 %, 692.41 W, 1875 MHz, 43 %, 49
2026/10/10 17:08:32.283, 4, 76805 MiB, 100 %, 689.96 W, 1965 MHz, 42 %, 51
2026/10/10 17:08:32.283, 5, 76805 MiB, 100 %, 688.73 W, 1890 MHz, 42 %, 55
2026/10/10 17:08:32.283, 6, 76805 MiB, 100 %, 676.61 W, 1980 MHz, 42 %, 54
2026/10/10 17:08:32.283, 7, 76805 MiB, 100 %, 647.92 W, 1740 MHz, 42 %, 82
2026/10/10 17:08:33.283, 0, 76805 MiB, 100 %, 513.92 W, 1980 MHz, 17 %, 40
2026/10/10 17:08:33.283, 1, 76805 MiB, 100 %, 551.14 W, 1965 MHz, 16 %, 61
2026/10/10 17:08:33.283, 2, 76805 MiB, 100 %, 536.90 W, 1980 MHz, 16 %, 44
2026/10/10 17:08:33.283, 3, 76805 MiB, 100 %, 547.03 W, 1980 MHz, 17 %, 39
2026/10/10 17:08:33.283, 4, 76805 MiB, 100 %, 529.74 W, 1980 MHz, 16 %, 40
2026/10/10 17:08:33.283, 5, 76805 MiB, 100 %, 545.32 W, 1980 MHz, 16 %, 45
2026/10/10 17:08:33.283, 6, 76805 MiB, 100 %, 523.08 W, 1980 MHz, 16 %, 44
2026/10/10 17:08:33.283, 7, 76805 MiB, 100 %, 501.35 W, 1980 MHz, 16 %, 74
2026/10/10 17:08:34.283, 0, 76805 MiB, 100 %, 251.84 W, 1980 MHz, 17 %, 37
2026/10/10 17:08:34.284, 1, 76805 MiB, 100 %, 267.43 W, 1980 MHz, 16 %, 60
2026/10/10 17:08:34.284, 2, 76805 MiB, 100 %, 252.81 W, 1980 MHz, 17 %, 41
2026/10/10 17:08:34.284, 3, 76805 MiB, 100 %, 250.86 W, 1980 MHz, 16 %, 36
2026/10/10 17:08:34.284, 4, 76805 MiB, 100 %, 244.28 W, 1980 MHz, 16 %, 37
2026/10/10 17:08:34.284, 5, 76805 MiB, 100 %, 252.09 W, 1980 MHz, 16 %, 41
2026/10/10 17:08:34.284, 6, 76805 MiB, 100 %, 244.05 W, 1980 MHz, 17 %, 39
2026/10/10 17:08:34.284, 7, 76805 MiB, 100 %, 284.19 W, 1980 MHz, 17 %, 72
2026/10/10 17:08:35.284, 0, 76805 MiB, 100 %, 251.00 W, 1980 MHz, 16 %, 36
2026/10/10 17:08:35.284, 1, 76805 MiB, 100 %, 268.17 W, 1980 MHz, 16 %, 59
2026/10/10 17:08:35.284, 2, 76805 MiB, 100 %, 251.62 W, 1980 MHz, 16 %, 40
2026/10/10 17:08:35.284, 3, 76805 MiB, 100 %, 250.78 W, 1980 MHz, 17 %, 35
2026/10/10 17:08:35.284, 4, 76805 MiB, 100 %, 243.06 W, 1980 MHz, 17 %, 36
2026/10/10 17:08:35.284, 5, 76805 MiB, 100 %, 249.64 W, 1980 MHz, 17 %, 40
2026/10/10 17:08:35.284, 6, 76805 MiB, 100 %, 242.24 W, 1980 MHz, 16 %, 38
2026/10/10 17:08:35.284, 7, 76805 MiB, 100 %, 282.60 W, 1980 MHz, 17 %, 71
2026/10/10 17:08:36.285, 0, 76805 MiB, 100 %, 250.45 W, 1980 MHz, 16 %, 36
2026/10/10 17:08:36.285, 1, 76805 MiB, 100 %, 268.21 W, 1980 MHz, 17 %, 59
2026/10/10 17:08:36.285, 2, 76805 MiB, 100 %, 251.57 W, 1980 MHz, 16 %, 40
2026/10/10 17:08:36.285, 3, 76805 MiB, 100 %, 250.23 W, 1980 MHz, 16 %, 35
2026/10/10 17:08:36.285, 4, 76805 MiB, 100 %, 243.13 W, 1980 MHz, 16 %, 35
2026/10/10 17:08:36.285, 5, 76805 MiB, 100 %, 250.23 W, 1980 MHz, 16 %, 40
2026/10/10 17:08:36.285, 6, 76805 MiB, 100 %, 240.68 W, 1980 MHz, 16 %, 37
2026/10/10 17:08:36.285, 7, 76805 MiB, 100 %, 282.44 W, 1980 MHz, 17 %, 71
2026/10/10 17:08:37.285, 0, 76805 MiB, 100 %, 249.20 W, 1980 MHz, 16 %, 36
2026/10/10 17:08:37.285, 1, 76805 MiB, 100 %, 268.51 W, 1980 MHz, 17 %, 59
2026/10/10 17:08:37.285, 2, 76805 MiB, 100 %, 250.80 W, 1980 MHz, 16 %, 40
2026/10/10 17:08:37.285, 3, 76805 MiB, 100 %, 249.24 W, 1980 MHz, 17 %, 34
2026/10/10 17:08:37.285, 4, 76805 MiB, 100 %, 243.07 W, 1980 MHz, 17 %, 35
2026/10/10 17:08:37.286, 5, 76805 MiB, 100 %, 250.15 W, 1980 MHz, 16 %, 39
2026/10/10 17:08:37.286, 6, 76805 MiB, 100 %, 240.48 W, 1980 MHz, 16 %, 37
2026/10/10 17:08:37.286, 7, 76805 MiB, 100 %, 281.51 W, 1980 MHz, 17 %, 71
2026/10/10 17:08:38.286, 0, 76805 MiB, 100 %, 249.42 W, 1980 MHz, 16 %, 36
2026/10/10 17:08:38.286, 1, 76805 MiB, 100 %, 269.41 W, 1980 MHz, 17 %, 59
2026/10/10 17:08:38.286, 2, 76805 MiB, 100 %, 250.94 W, 1980 MHz, 16 %, 39
2026/10/10 17:08:38.286, 3, 76805 MiB, 100 %, 249.98 W, 1980 MHz, 17 %, 34
2026/10/10 17:08:38.286, 4, 76805 MiB, 100 %, 242.70 W, 1980 MHz, 17 %, 35
2026/10/10 17:08:38.286, 5, 76805 MiB, 100 %, 249.36 W, 1980 MHz, 16 %, 39
2026/10/10 17:08:38.286, 6, 76805 MiB, 100 %, 241.11 W, 1980 MHz, 16 %, 37
2026/10/10 17:08:38.286, 7, 76805 MiB, 100 %, 282.26 W, 1980 MHz, 17 %, 71
2026/10/10 17:08:39.286, 0, 76805 MiB, 100 %, 249.93 W, 1980 MHz, 16 %, 36
2026/10/10 17:08:39.287, 1, 76805 MiB, 100 %, 269.24 W, 1980 MHz, 17 %, 59
2026/10/10 17:08:39.287, 2, 76805 MiB, 100 %, 250.35 W, 1980 MHz, 16 %, 39
2026/10/10 17:08:39.287, 3, 76805 MiB, 100 %, 249.16 W, 1980 MHz, 17 %, 34
2026/10/10 17:08:39.287, 4, 76805 MiB, 100 %, 243.29 W, 1980 MHz, 17 %, 35
2026/10/10 17:08:39.287, 5, 76805 MiB, 100 %, 249.40 W, 1980 MHz, 16 %, 39
2026/10/10 17:08:39.287, 6, 76805 MiB, 100 %, 239.75 W, 1980 MHz, 16 %, 37
2026/10/10 17:08:39.287, 7, 76805 MiB, 100 %, 282.67 W, 1980 MHz, 17 %, 71
2026/10/10 17:08:40.287, 0, 76805 MiB, 100 %, 249.51 W, 1980 MHz, 17 %, 35
2026/10/10 17:08:40.287, 1, 76805 MiB, 100 %, 267.36 W, 1980 MHz, 17 %, 59
2026/10/10 17:08:40.287, 2, 76805 MiB, 100 %, 249.33 W, 1980 MHz, 17 %, 39
2026/10/10 17:08:40.287, 3, 76805 MiB, 100 %, 248.44 W, 1980 MHz, 16 %, 34
2026/10/10 17:08:40.287, 4, 76805 MiB, 100 %, 243.37 W, 1980 MHz, 16 %, 34
2026/10/10 17:08:40.287, 5, 76805 MiB, 100 %, 248.51 W, 1980 MHz, 16 %, 39
2026/10/10 17:08:40.287, 6, 76805 MiB, 100 %, 242.28 W, 1980 MHz, 17 %, 36
2026/10/10 17:08:40.287, 7, 76805 MiB, 100 %, 284.06 W, 1980 MHz, 17 %, 71
2026/10/10 17:08:41.288, 0, 76805 MiB, 100 %, 249.79 W, 1980 MHz, 16 %, 35
2026/10/10 17:08:41.288, 1, 76805 MiB, 100 %, 268.52 W, 1980 MHz, 17 %, 59
2026/10/10 17:08:41.288, 2, 76805 MiB, 100 %, 250.11 W, 1980 MHz, 16 %, 39
2026/10/10 17:08:41.288, 3, 76805 MiB, 100 %, 248.02 W, 1980 MHz, 16 %, 34
2026/10/10 17:08:41.288, 4, 76805 MiB, 100 %, 242.90 W, 1980 MHz, 16 %, 34
2026/10/10 17:08:41.288, 5, 76805 MiB, 100 %, 249.71 W, 1980 MHz, 16 %, 39
2026/10/10 17:08:41.288, 6, 76805 MiB, 100 %, 240.23 W, 1980 MHz, 16 %, 36
2026/10/10 17:08:41.288, 7, 76805 MiB, 100 %, 280.54 W, 1980 MHz, 17 %, 71
2026/10/10 17:08:42.288, 0, 76805 MiB, 100 %, 250.25 W, 1980 MHz, 17 %, 35
2026/10/10 17:08:42.289, 1, 76805 MiB, 100 %, 268.77 W, 1980 MHz, 16 %, 59
2026/10/10 17:08:42.289, 2, 76805 MiB, 100 %, 250.36 W, 1980 MHz, 16 %, 39
2026/10/10 17:08:42.290, 3, 76805 MiB, 100 %, 247.98 W, 1980 MHz, 16 %, 34
2026/10/10 17:08:42.290, 4, 76805 MiB, 100 %, 243.06 W, 1980 MHz, 16 %, 34
2026/10/10 17:08:42.290, 5, 76805 MiB, 100 %, 249.49 W, 1980 MHz, 17 %, 39
2026/10/10 17:08:42.290, 6, 76805 MiB, 100 %, 240.15 W, 1980 MHz, 17 %, 36
2026/10/10 17:08:42.290, 7, 76805 MiB, 100 %, 280.46 W, 1980 MHz, 17 %, 71
2026/10/10 17:08:43.290, 0, 76805 MiB, 100 %, 249.82 W, 1980 MHz, 17 %, 35
2026/10/10 17:08:43.290, 1, 76805 MiB, 100 %, 268.25 W, 1980 MHz, 16 %, 59
2026/10/10 17:08:43.290, 2, 76805 MiB, 100 %, 250.42 W, 1980 MHz, 16 %, 39
2026/10/10 17:08:43.291, 3, 76805 MiB, 100 %, 249.73 W, 1980 MHz, 16 %, 34
2026/10/10 17:08:43.291, 4, 76805 MiB, 100 %, 241.83 W, 1980 MHz, 17 %, 34
2026/10/10 17:08:43.291, 5, 76805 MiB, 100 %, 249.14 W, 1980 MHz, 17 %, 39
2026/10/10 17:08:43.291, 6, 76805 MiB, 100 %, 240.44 W, 1980 MHz, 16 %, 36
2026/10/10 17:08:43.291, 7, 76805 MiB, 100 %, 281.47 W, 1980 MHz, 17 %, 71
2026/10/10 17:08:44.291, 0, 76805 MiB, 100 %, 249.92 W, 1980 MHz, 16 %, 35
2026/10/10 17:08:44.291, 1, 76805 MiB, 100 %, 269.31 W, 1980 MHz, 17 %, 59
2026/10/10 17:08:44.291, 2, 76805 MiB, 100 %, 250.20 W, 1980 MHz, 16 %, 39
2026/10/10 17:08:44.291, 3, 76805 MiB, 100 %, 248.35 W, 1980 MHz, 16 %, 34
2026/10/10 17:08:44.291, 4, 76805 MiB, 100 %, 242.26 W, 1980 MHz, 17 %, 34
2026/10/10 17:08:44.291, 5, 76805 MiB, 100 %, 250.90 W, 1980 MHz, 17 %, 38
2026/10/10 17:08:44.291, 6, 76805 MiB, 100 %, 238.37 W, 1980 MHz, 16 %, 36
2026/10/10 17:08:44.291, 7, 76805 MiB, 100 %, 280.70 W, 1980 MHz, 17 %, 71
2026/10/10 17:08:45.291, 0, 76805 MiB, 100 %, 248.90 W, 1980 MHz, 16 %, 35
2026/10/10 17:08:45.292, 1, 76805 MiB, 100 %, 267.61 W, 1980 MHz, 16 %, 59
2026/10/10 17:08:45.292, 2, 76805 MiB, 100 %, 248.95 W, 1980 MHz, 16 %, 39
2026/10/10 17:08:45.292, 3, 76805 MiB, 100 %, 249.29 W, 1980 MHz, 17 %, 33
2026/10/10 17:08:45.292, 4, 76805 MiB, 100 %, 241.61 W, 1980 MHz, 16 %, 34
2026/10/10 17:08:45.292, 5, 76805 MiB, 100 %, 249.23 W, 1980 MHz, 17 %, 38
2026/10/10 17:08:45.292, 6, 76805 MiB, 100 %, 242.20 W, 1980 MHz, 17 %, 36
2026/10/10 17:08:45.292, 7, 76805 MiB, 100 %, 280.67 W, 1980 MHz, 16 %, 70
2026/10/10 17:08:46.292, 0, 76805 MiB, 100 %, 249.32 W, 1980 MHz, 16 %, 35
2026/10/10 17:08:46.292, 1, 76805 MiB, 100 %, 267.12 W, 1980 MHz, 17 %, 59
2026/10/10 17:08:46.292, 2, 76805 MiB, 100 %, 250.02 W, 1980 MHz, 16 %, 39
2026/10/10 17:08:46.292, 3, 76805 MiB, 100 %, 248.34 W, 1980 MHz, 16 %, 33
2026/10/10 17:08:46.292, 4, 76805 MiB, 100 %, 243.06 W, 1980 MHz, 17 %, 34
2026/10/10 17:08:46.293, 5, 76805 MiB, 100 %, 250.42 W, 1980 MHz, 16 %, 38
2026/10/10 17:08:46.293, 6, 76805 MiB, 100 %, 239.49 W, 1980 MHz, 16 %, 36
2026/10/10 17:08:46.293, 7, 76805 MiB, 100 %, 278.71 W, 1980 MHz, 17 %, 70
2026/10/10 17:08:47.293, 0, 76805 MiB, 100 %, 248.61 W, 1980 MHz, 16 %, 35
2026/10/10 17:08:47.293, 1, 76805 MiB, 100 %, 266.83 W, 1980 MHz, 16 %, 59
2026/10/10 17:08:47.293, 2, 76805 MiB, 100 %, 249.90 W, 1980 MHz, 16 %, 39
2026/10/10 17:08:47.293, 3, 76805 MiB, 100 %, 250.25 W, 1980 MHz, 16 %, 33
2026/10/10 17:08:47.293, 4, 76805 MiB, 100 %, 241.52 W, 1980 MHz, 16 %, 34
2026/10/10 17:08:47.293, 5, 76805 MiB, 100 %, 248.44 W, 1980 MHz, 17 %, 38
2026/10/10 17:08:47.293, 6, 76805 MiB, 100 %, 240.61 W, 1980 MHz, 17 %, 36
2026/10/10 17:08:47.293, 7, 76805 MiB, 100 %, 280.02 W, 1980 MHz, 16 %, 70
2026/10/10 17:08:48.293, 0, 76805 MiB, 100 %, 249.40 W, 1980 MHz, 16 %, 35
2026/10/10 17:08:48.294, 1, 76805 MiB, 100 %, 266.89 W, 1980 MHz, 17 %, 59
2026/10/10 17:08:48.294, 2, 76805 MiB, 100 %, 250.13 W, 1980 MHz, 16 %, 39
2026/10/10 17:08:48.294, 3, 76805 MiB, 100 %, 250.19 W, 1980 MHz, 16 %, 33
2026/10/10 17:08:48.294, 4, 76805 MiB, 100 %, 242.26 W, 1980 MHz, 16 %, 34
2026/10/10 17:08:48.294, 5, 76805 MiB, 100 %, 248.82 W, 1980 MHz, 16 %, 38
2026/10/10 17:08:48.294, 6, 76805 MiB, 100 %, 241.28 W, 1980 MHz, 16 %, 36
2026/10/10 17:08:48.294, 7, 76805 MiB, 100 %, 280.33 W, 1980 MHz, 17 %, 70
2026/10/10 17:08:49.294, 0, 76805 MiB, 24 %, 290.30 W, 1980 MHz, 4 %, 41
2026/10/10 17:08:49.294, 1, 76805 MiB, 38 %, 314.38 W, 1920 MHz, 21 %, 65
2026/10/10 17:08:49.294, 2, 76805 MiB, 0 %, 260.92 W, 1980 MHz, 0 %, 39
2026/10/10 17:08:49.294, 3, 76805 MiB, 0 %, 265.90 W, 1980 MHz, 0 %, 36
2026/10/10 17:08:49.294, 4, 76805 MiB, 9 %, 258.20 W, 1965 MHz, 6 %, 38
2026/10/10 17:08:49.294, 5, 76805 MiB, 53 %, 268.00 W, 1980 MHz, 28 %, 36
2026/10/10 17:08:49.294, 6, 76805 MiB, 20 %, 258.76 W, 1980 MHz, 11 %, 41
2026/10/10 17:08:49.294, 7, 76805 MiB, 80 %, 310.72 W, 1890 MHz, 42 %, 77
2026/10/10 17:08:50.295, 0, 76805 MiB, 100 %, 672.26 W, 1980 MHz, 43 %, 48
2026/10/10 17:08:50.295, 1, 76805 MiB, 100 %, 690.96 W, 1890 MHz, 42 %, 68
2026/10/10 17:08:50.295, 2, 76805 MiB, 100 %, 683.79 W, 1965 MHz, 44 %, 49
2026/10/10 17:08:50.295, 3, 76805 MiB, 100 %, 692.50 W, 1920 MHz, 42 %, 46
2026/10/10 17:08:50.295, 4, 76805 MiB, 100 %, 699.09 W, 1965 MHz, 42 %, 48
2026/10/10 17:08:50.295, 5, 76805 MiB, 100 %, 691.00 W, 1950 MHz, 43 %, 52
2026/10/10 17:08:50.295, 6, 76805 MiB, 100 %, 678.89 W, 1980 MHz, 42 %, 50
2026/10/10 17:08:50.295, 7, 76805 MiB, 100 %, 691.79 W, 1740 MHz, 44 %, 80
2026/10/10 17:08:51.295, 0, 76805 MiB, 100 %, 671.07 W, 1980 MHz, 46 %, 50
2026/10/10 17:08:51.295, 1, 76805 MiB, 100 %, 695.08 W, 1845 MHz, 44 %, 69
2026/10/10 17:08:51.295, 2, 76805 MiB, 100 %, 672.52 W, 1980 MHz, 44 %, 50
2026/10/10 17:08:51.296, 3, 76805 MiB, 100 %, 691.53 W, 1920 MHz, 44 %, 49
2026/10/10 17:08:51.296, 4, 76805 MiB, 100 %, 693.52 W, 1830 MHz, 44 %, 50
2026/10/10 17:08:51.296, 5, 76805 MiB, 100 %, 685.85 W, 1830 MHz, 43 %, 53
2026/10/10 17:08:51.296, 6, 76805 MiB, 100 %, 677.83 W, 1980 MHz, 43 %, 54
2026/10/10 17:08:51.296, 7, 76805 MiB, 100 %, 667.63 W, 1845 MHz, 44 %, 84
2026/10/10 17:08:52.296, 0, 76805 MiB, 100 %, 685.88 W, 1980 MHz, 42 %, 51
2026/10/10 17:08:52.296, 1, 76805 MiB, 100 %, 684.44 W, 1875 MHz, 42 %, 70
2026/10/10 17:08:52.296, 2, 76805 MiB, 100 %, 686.57 W, 1965 MHz, 41 %, 53
2026/10/10 17:08:52.296, 3, 76805 MiB, 100 %, 689.56 W, 1965 MHz, 41 %, 50
2026/10/10 17:08:52.296, 4, 76805 MiB, 100 %, 682.48 W, 1860 MHz, 41 %, 52
2026/10/10 17:08:52.296, 5, 76805 MiB, 100 %, 688.05 W, 1905 MHz, 41 %, 55
2026/10/10 17:08:52.296, 6, 76805 MiB, 100 %, 678.69 W, 1980 MHz, 41 %, 55
2026/10/10 17:08:52.296, 7, 76805 MiB, 100 %, 645.83 W, 1710 MHz, 41 %, 82
2026/10/10 17:08:53.296, 0, 76805 MiB, 100 %, 263.55 W, 1980 MHz, 17 %, 38
2026/10/10 17:08:53.297, 1, 76805 MiB, 100 %, 269.20 W, 1980 MHz, 16 %, 60
2026/10/10 17:08:53.297, 2, 76805 MiB, 100 %, 291.15 W, 1980 MHz, 16 %, 41
2026/10/10 17:08:53.297, 3, 76805 MiB, 100 %, 287.52 W, 1980 MHz, 17 %, 37
2026/10/10 17:08:53.297, 4, 76805 MiB, 100 %, 262.58 W, 1980 MHz, 17 %, 38
2026/10/10 17:08:53.297, 5, 76805 MiB, 100 %, 277.49 W, 1980 MHz, 16 %, 42
2026/10/10 17:08:53.297, 6, 76805 MiB, 100 %, 266.80 W, 1980 MHz, 16 %, 40
2026/10/10 17:08:53.297, 7, 76805 MiB, 100 %, 298.03 W, 1980 MHz, 16 %, 72
2026/10/10 17:08:54.297, 0, 76805 MiB, 100 %, 251.81 W, 1980 MHz, 17 %, 37
2026/10/10 17:08:54.297, 1, 76805 MiB, 100 %, 267.45 W, 1980 MHz, 16 %, 59
2026/10/10 17:08:54.297, 2, 76805 MiB, 100 %, 251.69 W, 1980 MHz, 16 %, 40
2026/10/10 17:08:54.297, 3, 76805 MiB, 100 %, 249.69 W, 1980 MHz, 17 %, 35
2026/10/10 17:08:54.297, 4, 76805 MiB, 100 %, 245.68 W, 1980 MHz, 16 %, 36
2026/10/10 17:08:54.297, 5, 76805 MiB, 100 %, 251.81 W, 1980 MHz, 16 %, 40
2026/10/10 17:08:54.297, 6, 76805 MiB, 100 %, 243.02 W, 1980 MHz, 17 %, 38
2026/10/10 17:08:54.297, 7, 76805 MiB, 100 %, 280.65 W, 1980 MHz, 16 %, 71
2026/10/10 17:08:55.298, 0, 76805 MiB, 100 %, 251.70 W, 1980 MHz, 17 %, 36
2026/10/10 17:08:55.298, 1, 76805 MiB, 100 %, 267.52 W, 1980 MHz, 16 %, 59
2026/10/10 17:08:55.298, 2, 76805 MiB, 100 %, 252.40 W, 1980 MHz, 16 %, 40
2026/10/10 17:08:55.298, 3, 76805 MiB, 100 %, 250.20 W, 1980 MHz, 17 %, 35
2026/10/10 17:08:55.298, 4, 76805 MiB, 100 %, 243.64 W, 1980 MHz, 16 %, 35
2026/10/10 17:08:55.298, 5, 76805 MiB, 100 %, 250.77 W, 1980 MHz, 17 %, 40
2026/10/10 17:08:55.298, 6, 76805 MiB, 100 %, 242.32 W, 1980 MHz, 16 %, 38
2026/10/10 17:08:55.298, 7, 76805 MiB, 100 %, 279.99 W, 1980 MHz, 16 %, 71
2026/10/10 17:08:56.298, 0, 76805 MiB, 100 %, 250.72 W, 1980 MHz, 16 %, 36
2026/10/10 17:08:56.298, 1, 76805 MiB, 100 %, 267.68 W, 1980 MHz, 16 %, 59
2026/10/10 17:08:56.298, 2, 76805 MiB, 100 %, 251.34 W, 1980 MHz, 17 %, 40
2026/10/10 17:08:56.298, 3, 76805 MiB, 100 %, 248.68 W, 1980 MHz, 17 %, 34
2026/10/10 17:08:56.298, 4, 76805 MiB, 100 %, 244.32 W, 1980 MHz, 17 %, 35
2026/10/10 17:08:56.299, 5, 76805 MiB, 100 %, 250.57 W, 1980 MHz, 16 %, 39
2026/10/10 17:08:56.299, 6, 76805 MiB, 100 %, 242.40 W, 1980 MHz, 16 %, 37
2026/10/10 17:08:56.299, 7, 76805 MiB, 100 %, 280.11 W, 1980 MHz, 16 %, 71
2026/10/10 17:08:57.299, 0, 76805 MiB, 100 %, 249.72 W, 1980 MHz, 16 %, 36
2026/10/10 17:08:57.299, 1, 76805 MiB, 100 %, 267.07 W, 1980 MHz, 16 %, 59
2026/10/10 17:08:57.299, 2, 76805 MiB, 100 %, 251.12 W, 1980 MHz, 16 %, 39
2026/10/10 17:08:57.299, 3, 76805 MiB, 100 %, 247.94 W, 1980 MHz, 17 %, 34
2026/10/10 17:08:57.299, 4, 76805 MiB, 100 %, 243.97 W, 1980 MHz, 17 %, 35
2026/10/10 17:08:57.299, 5, 76805 MiB, 100 %, 250.93 W, 1980 MHz, 17 %, 39
2026/10/10 17:08:57.299, 6, 76805 MiB, 100 %, 242.84 W, 1980 MHz, 17 %, 37
2026/10/10 17:08:57.299, 7, 76805 MiB, 100 %, 279.75 W, 1980 MHz, 16 %, 71
2026/10/10 17:08:58.299, 0, 76805 MiB, 100 %, 250.34 W, 1980 MHz, 17 %, 36
2026/10/10 17:08:58.299, 1, 76805 MiB, 100 %, 267.39 W, 1980 MHz, 16 %, 59
2026/10/10 17:08:58.300, 2, 76805 MiB, 100 %, 252.02 W, 1980 MHz, 17 %, 39
2026/10/10 17:08:58.300, 3, 76805 MiB, 100 %, 248.59 W, 1980 MHz, 17 %, 34
2026/10/10 17:08:58.300, 4, 76805 MiB, 100 %, 242.45 W, 1980 MHz, 16 %, 35
2026/10/10 17:08:58.300, 5, 76805 MiB, 100 %, 250.38 W, 1980 MHz, 17 %, 39
2026/10/10 17:08:58.300, 6, 76805 MiB, 100 %, 241.73 W, 1980 MHz, 16 %, 37
2026/10/10 17:08:58.300, 7, 76805 MiB, 100 %, 278.97 W, 1980 MHz, 16 %, 71
2026/10/10 17:08:59.300, 0, 76805 MiB, 100 %, 248.86 W, 1980 MHz, 16 %, 36
2026/10/10 17:08:59.300, 1, 76805 MiB, 100 %, 268.38 W, 1980 MHz, 16 %, 59
2026/10/10 17:08:59.300, 2, 76805 MiB, 100 %, 251.30 W, 1980 MHz, 16 %, 39
2026/10/10 17:08:59.300, 3, 76805 MiB, 100 %, 247.89 W, 1980 MHz, 16 %, 34
2026/10/10 17:08:59.300, 4, 76805 MiB, 100 %, 243.31 W, 1980 MHz, 16 %, 35
2026/10/10 17:08:59.300, 5, 76805 MiB, 100 %, 249.02 W, 1980 MHz, 17 %, 39
2026/10/10 17:08:59.300, 6, 76805 MiB, 100 %, 241.76 W, 1980 MHz, 16 %, 37
2026/10/10 17:08:59.300, 7, 76805 MiB, 100 %, 279.05 W, 1980 MHz, 16 %, 71
2026/10/10 17:09:00.301, 0, 76805 MiB, 100 %, 250.49 W, 1980 MHz, 17 %, 35
2026/10/10 17:09:00.301, 1, 76805 MiB, 100 %, 266.50 W, 1980 MHz, 16 %, 59
2026/10/10 17:09:00.301, 2, 76805 MiB, 100 %, 250.26 W, 1980 MHz, 16 %, 39
2026/10/10 17:09:00.301, 3, 76805 MiB, 100 %, 247.32 W, 1980 MHz, 17 %, 34
2026/10/10 17:09:00.301, 4, 76805 MiB, 100 %, 242.68 W, 1980 MHz, 17 %, 34
2026/10/10 17:09:00.301, 5, 76805 MiB, 100 %, 251.02 W, 1980 MHz, 16 %, 39
2026/10/10 17:09:00.301, 6, 76805 MiB, 100 %, 241.93 W, 1980 MHz, 16 %, 36
2026/10/10 17:09:00.301, 7, 76805 MiB, 100 %, 279.00 W, 1980 MHz, 16 %, 71
2026/10/10 17:09:01.301, 0, 76805 MiB, 100 %, 249.55 W, 1980 MHz, 16 %, 35
2026/10/10 17:09:01.301, 1, 76805 MiB, 100 %, 268.16 W, 1980 MHz, 17 %, 59
2026/10/10 17:09:01.301, 2, 76805 MiB, 100 %, 250.71 W, 1980 MHz, 16 %, 39
2026/10/10 17:09:01.301, 3, 76805 MiB, 100 %, 248.62 W, 1980 MHz, 17 %, 34
2026/10/10 17:09:01.302, 4, 76805 MiB, 100 %, 243.25 W, 1980 MHz, 17 %, 34
2026/10/10 17:09:01.302, 5, 76805 MiB, 100 %, 251.24 W, 1980 MHz, 17 %, 39
2026/10/10 17:09:01.302, 6, 76805 MiB, 100 %, 242.72 W, 1980 MHz, 16 %, 36
2026/10/10 17:09:01.302, 7, 76805 MiB, 100 %, 278.38 W, 1980 MHz, 16 %, 71
2026/10/10 17:09:02.302, 0, 76805 MiB, 100 %, 248.57 W, 1980 MHz, 16 %, 35
2026/10/10 17:09:02.302, 1, 76805 MiB, 100 %, 267.94 W, 1980 MHz, 16 %, 59
2026/10/10 17:09:02.302, 2, 76805 MiB, 100 %, 250.50 W, 1980 MHz, 17 %, 39
2026/10/10 17:09:02.302, 3, 76805 MiB, 100 %, 247.60 W, 1980 MHz, 16 %, 34
2026/10/10 17:09:02.302, 4, 76805 MiB, 100 %, 242.67 W, 1980 MHz, 16 %, 34
2026/10/10 17:09:02.302, 5, 76805 MiB, 100 %, 250.19 W, 1980 MHz, 17 %, 39
2026/10/10 17:09:02.302, 6, 76805 MiB, 100 %, 242.15 W, 1980 MHz, 16 %, 36
2026/10/10 17:09:02.302, 7, 76805 MiB, 100 %, 278.97 W, 1980 MHz, 16 %, 71
2026/10/10 17:09:03.302, 0, 76805 MiB, 100 %, 249.60 W, 1980 MHz, 16 %, 35
2026/10/10 17:09:03.303, 1, 76805 MiB, 100 %, 266.25 W, 1980 MHz, 16 %, 59
2026/10/10 17:09:03.303, 2, 76805 MiB, 100 %, 252.10 W, 1980 MHz, 17 %, 39
2026/10/10 17:09:03.303, 3, 76805 MiB, 100 %, 248.42 W, 1980 MHz, 17 %, 34
2026/10/10 17:09:03.303, 4, 76805 MiB, 100 %, 242.38 W, 1980 MHz, 17 %, 34
2026/10/10 17:09:03.303, 5, 76805 MiB, 100 %, 249.97 W, 1980 MHz, 17 %, 38
2026/10/10 17:09:03.303, 6, 76805 MiB, 100 %, 243.20 W, 1980 MHz, 16 %, 36
2026/10/10 17:09:03.303, 7, 76805 MiB, 100 %, 277.89 W, 1980 MHz, 16 %, 70
2026/10/10 17:09:04.303, 0, 76805 MiB, 100 %, 248.64 W, 1980 MHz, 16 %, 35
2026/10/10 17:09:04.303, 1, 76805 MiB, 100 %, 267.17 W, 1980 MHz, 17 %, 59
2026/10/10 17:09:04.303, 2, 76805 MiB, 100 %, 251.65 W, 1980 MHz, 17 %, 39
2026/10/10 17:09:04.303, 3, 76805 MiB, 100 %, 247.86 W, 1980 MHz, 16 %, 33
2026/10/10 17:09:04.303, 4, 76805 MiB, 100 %, 243.47 W, 1980 MHz, 17 %, 34
2026/10/10 17:09:04.303, 5, 76805 MiB, 100 %, 248.73 W, 1980 MHz, 17 %, 38
2026/10/10 17:09:04.304, 6, 76805 MiB, 100 %, 241.23 W, 1980 MHz, 16 %, 36
2026/10/10 17:09:04.304, 7, 76805 MiB, 100 %, 278.66 W, 1980 MHz, 16 %, 70
2026/10/10 17:09:05.304, 0, 76805 MiB, 100 %, 248.19 W, 1980 MHz, 16 %, 35
2026/10/10 17:09:05.304, 1, 76805 MiB, 100 %, 266.07 W, 1980 MHz, 16 %, 59
2026/10/10 17:09:05.304, 2, 76805 MiB, 100 %, 250.00 W, 1980 MHz, 17 %, 39
2026/10/10 17:09:05.304, 3, 76805 MiB, 100 %, 247.70 W, 1980 MHz, 16 %, 33
2026/10/10 17:09:05.304, 4, 76805 MiB, 100 %, 242.56 W, 1980 MHz, 16 %, 34
2026/10/10 17:09:05.304, 5, 76805 MiB, 100 %, 251.06 W, 1980 MHz, 17 %, 38
2026/10/10 17:09:05.304, 6, 76805 MiB, 100 %, 241.57 W, 1980 MHz, 17 %, 36
2026/10/10 17:09:05.304, 7, 76805 MiB, 100 %, 278.30 W, 1980 MHz, 16 %, 70
2026/10/10 17:09:06.304, 0, 76805 MiB, 100 %, 248.16 W, 1980 MHz, 16 %, 35
2026/10/10 17:09:06.304, 1, 76805 MiB, 100 %, 266.67 W, 1980 MHz, 17 %, 59
2026/10/10 17:09:06.304, 2, 76805 MiB, 100 %, 251.94 W, 1980 MHz, 17 %, 39
2026/10/10 17:09:06.305, 3, 76805 MiB, 100 %, 248.76 W, 1980 MHz, 16 %, 33
2026/10/10 17:09:06.305, 4, 76805 MiB, 100 %, 242.49 W, 1980 MHz, 17 %, 34
2026/10/10 17:09:06.305, 5, 76805 MiB, 100 %, 249.10 W, 1980 MHz, 16 %, 38
2026/10/10 17:09:06.305, 6, 76805 MiB, 100 %, 240.37 W, 1980 MHz, 16 %, 36
2026/10/10 17:09:06.305, 7, 76805 MiB, 100 %, 279.53 W, 1980 MHz, 16 %, 70
2026/10/10 17:09:07.305, 0, 76805 MiB, 100 %, 249.02 W, 1980 MHz, 16 %, 35
2026/10/10 17:09:07.305, 1, 76805 MiB, 100 %, 266.87 W, 1980 MHz, 16 %, 59
2026/10/10 17:09:07.305, 2, 76805 MiB, 100 %, 250.91 W, 1980 MHz, 16 %, 39
2026/10/10 17:09:07.305, 3, 76805 MiB, 100 %, 246.82 W, 1980 MHz, 16 %, 33
2026/10/10 17:09:07.305, 4, 76805 MiB, 100 %, 243.04 W, 1980 MHz, 16 %, 34
2026/10/10 17:09:07.305, 5, 76805 MiB, 100 %, 250.69 W, 1980 MHz, 17 %, 38
2026/10/10 17:09:07.305, 6, 76805 MiB, 100 %, 240.88 W, 1980 MHz, 17 %, 36
2026/10/10 17:09:07.305, 7, 76805 MiB, 100 %, 277.29 W, 1980 MHz, 16 %, 70
2026/10/10 17:09:08.305, 0, 76805 MiB, 100 %, 248.30 W, 1980 MHz, 17 %, 35
2026/10/10 17:09:08.306, 1, 76805 MiB, 100 %, 265.97 W, 1980 MHz, 17 %, 59
2026/10/10 17:09:08.306, 2, 76805 MiB, 100 %, 251.47 W, 1980 MHz, 17 %, 39
2026/10/10 17:09:08.306, 3, 76805 MiB, 100 %, 246.89 W, 1980 MHz, 17 %, 33
2026/10/10 17:09:08.306, 4, 76805 MiB, 100 %, 242.14 W, 1980 MHz, 16 %, 34
2026/10/10 17:09:08.306, 5, 76805 MiB, 100 %, 249.75 W, 1980 MHz, 17 %, 38
2026/10/10 17:09:08.306, 6, 76805 MiB, 100 %, 241.13 W, 1980 MHz, 16 %, 36
2026/10/10 17:09:08.306, 7, 76805 MiB, 100 %, 279.33 W, 1980 MHz, 17 %, 70
2026/10/10 17:09:09.306, 0, 76805 MiB, 100 %, 526.37 W, 1980 MHz, 48 %, 47
2026/10/10 17:09:09.306, 1, 76805 MiB, 100 %, 557.15 W, 1920 MHz, 48 %, 69
2026/10/10 17:09:09.306, 2, 76805 MiB, 100 %, 506.97 W, 1965 MHz, 48 %, 49
2026/10/10 17:09:09.306, 3, 76805 MiB, 100 %, 555.93 W, 1965 MHz, 48 %, 46
2026/10/10 17:09:09.306, 4, 76805 MiB, 100 %, 516.64 W, 1950 MHz, 48 %, 47
2026/10/10 17:09:09.306, 5, 76805 MiB, 100 %, 511.53 W, 1965 MHz, 48 %, 51
2026/10/10 17:09:09.306, 6, 76805 MiB, 100 %, 496.42 W, 1965 MHz, 48 %, 49
2026/10/10 17:09:09.307, 7, 76805 MiB, 100 %, 540.97 W, 1785 MHz, 48 %, 81
2026/10/10 17:09:10.307, 0, 76805 MiB, 100 %, 683.42 W, 1965 MHz, 44 %, 50
2026/10/10 17:09:10.307, 1, 76805 MiB, 100 %, 690.22 W, 1800 MHz, 45 %, 69
2026/10/10 17:09:10.307, 2, 76805 MiB, 100 %, 687.19 W, 1935 MHz, 44 %, 50
2026/10/10 17:09:10.307, 3, 76805 MiB, 100 %, 690.74 W, 1950 MHz, 47 %, 49
2026/10/10 17:09:10.307, 4, 76805 MiB, 100 %, 686.76 W, 1920 MHz, 47 %, 50
2026/10/10 17:09:10.307, 5, 76805 MiB, 100 %, 688.42 W, 1965 MHz, 44 %, 54
2026/10/10 17:09:10.307, 6, 76805 MiB, 100 %, 680.00 W, 1980 MHz, 45 %, 53
2026/10/10 17:09:10.307, 7, 76805 MiB, 100 %, 684.60 W, 1785 MHz, 44 %, 83
2026/10/10 17:09:11.307, 0, 76805 MiB, 100 %, 670.31 W, 1980 MHz, 41 %, 50
2026/10/10 17:09:11.307, 1, 76805 MiB, 100 %, 693.46 W, 1965 MHz, 41 %, 71
2026/10/10 17:09:11.308, 2, 76805 MiB, 100 %, 669.83 W, 1980 MHz, 41 %, 52
2026/10/10 17:09:11.308, 3, 76805 MiB, 100 %, 685.37 W, 1980 MHz, 41 %, 50
2026/10/10 17:09:11.308, 4, 76805 MiB, 100 %, 686.59 W, 1965 MHz, 41 %, 51
2026/10/10 17:09:11.308, 5, 76805 MiB, 100 %, 686.82 W, 1980 MHz, 41 %, 55
2026/10/10 17:09:11.308, 6, 76805 MiB, 100 %, 663.48 W, 1980 MHz, 41 %, 54
2026/10/10 17:09:11.308, 7, 76805 MiB, 100 %, 638.63 W, 1680 MHz, 42 %, 81
2026/10/10 17:09:12.308, 0, 76805 MiB, 100 %, 452.64 W, 1980 MHz, 17 %, 39
2026/10/10 17:09:12.308, 1, 76805 MiB, 100 %, 451.87 W, 1980 MHz, 16 %, 60
2026/10/10 17:09:12.308, 2, 76805 MiB, 100 %, 463.00 W, 1980 MHz, 17 %, 43
2026/10/10 17:09:12.308, 3, 76805 MiB, 100 %, 436.33 W, 1980 MHz, 16 %, 38
2026/10/10 17:09:12.308, 4, 76805 MiB, 100 %, 472.50 W, 1980 MHz, 16 %, 39
2026/10/10 17:09:12.308, 5, 76805 MiB, 100 %, 481.43 W, 1980 MHz, 16 %, 44
2026/10/10 17:09:12.308, 6, 76805 MiB, 100 %, 450.42 W, 1980 MHz, 16 %, 42
2026/10/10 17:09:12.308, 7, 76805 MiB, 100 %, 441.83 W, 1980 MHz, 17 %, 73
2026/10/10 17:09:13.309, 0, 76805 MiB, 100 %, 251.46 W, 1980 MHz, 16 %, 37
2026/10/10 17:09:13.309, 1, 76805 MiB, 100 %, 268.25 W, 1980 MHz, 16 %, 60
2026/10/10 17:09:13.309, 2, 76805 MiB, 100 %, 251.40 W, 1980 MHz, 16 %, 41
2026/10/10 17:09:13.309, 3, 76805 MiB, 100 %, 249.13 W, 1980 MHz, 17 %, 36
2026/10/10 17:09:13.309, 4, 76805 MiB, 100 %, 245.38 W, 1980 MHz, 16 %, 36
2026/10/10 17:09:13.309, 5, 76805 MiB, 100 %, 253.38 W, 1980 MHz, 17 %, 41
2026/10/10 17:09:13.309, 6, 76805 MiB, 100 %, 243.80 W, 1980 MHz, 16 %, 39
2026/10/10 17:09:13.309, 7, 76805 MiB, 100 %, 283.28 W, 1980 MHz, 17 %, 72
2026/10/10 17:09:14.309, 0, 76805 MiB, 100 %, 250.93 W, 1980 MHz, 17 %, 36
2026/10/10 17:09:14.309, 1, 76805 MiB, 100 %, 268.10 W, 1980 MHz, 16 %, 59
2026/10/10 17:09:14.309, 2, 76805 MiB, 100 %, 251.52 W, 1980 MHz, 16 %, 40
2026/10/10 17:09:14.309, 3, 76805 MiB, 100 %, 249.88 W, 1980 MHz, 17 %, 35
2026/10/10 17:09:14.310, 4, 76805 MiB, 100 %, 245.53 W, 1980 MHz, 16 %, 36
2026/10/10 17:09:14.310, 5, 76805 MiB, 100 %, 250.64 W, 1980 MHz, 16 %, 40
2026/10/10 17:09:14.310, 6, 76805 MiB, 100 %, 242.87 W, 1980 MHz, 16 %, 38
2026/10/10 17:09:14.310, 7, 76805 MiB, 100 %, 281.81 W, 1980 MHz, 17 %, 71
2026/10/10 17:09:15.310, 0, 76805 MiB, 100 %, 250.11 W, 1980 MHz, 16 %, 36
2026/10/10 17:09:15.310, 1, 76805 MiB, 100 %, 267.81 W, 1980 MHz, 16 %, 59
2026/10/10 17:09:15.310, 2, 76805 MiB, 100 %, 250.31 W, 1980 MHz, 16 %, 40
2026/10/10 17:09:15.310, 3, 76805 MiB, 100 %, 250.01 W, 1980 MHz, 17 %, 35
2026/10/10 17:09:15.310, 4, 76805 MiB, 100 %, 243.52 W, 1980 MHz, 17 %, 35
2026/10/10 17:09:15.310, 5, 76805 MiB, 100 %, 251.85 W, 1980 MHz, 17 %, 40
2026/10/10 17:09:15.310, 6, 76805 MiB, 100 %, 240.78 W, 1980 MHz, 16 %, 37
2026/10/10 17:09:15.310, 7, 76805 MiB, 100 %, 281.92 W, 1980 MHz, 17 %, 71
2026/10/10 17:09:16.311, 0, 76805 MiB, 100 %, 249.43 W, 1980 MHz, 16 %, 36
2026/10/10 17:09:16.311, 1, 76805 MiB, 100 %, 266.23 W, 1980 MHz, 16 %, 59
2026/10/10 17:09:16.311, 2, 76805 MiB, 100 %, 250.65 W, 1980 MHz, 16 %, 40
2026/10/10 17:09:16.311, 3, 76805 MiB, 100 %, 250.02 W, 1980 MHz, 17 %, 34
2026/10/10 17:09:16.311, 4, 76805 MiB, 100 %, 243.92 W, 1980 MHz, 17 %, 35
2026/10/10 17:09:16.311, 5, 76805 MiB, 100 %, 251.10 W, 1980 MHz, 17 %, 39
2026/10/10 17:09:16.311, 6, 76805 MiB, 100 %, 241.80 W, 1980 MHz, 16 %, 37
2026/10/10 17:09:16.311, 7, 76805 MiB, 100 %, 281.14 W, 1980 MHz, 17 %, 71
2026/10/10 17:09:17.311, 0, 76805 MiB, 100 %, 249.23 W, 1980 MHz, 17 %, 36
2026/10/10 17:09:17.311, 1, 76805 MiB, 100 %, 268.46 W, 1980 MHz, 17 %, 59
2026/10/10 17:09:17.311, 2, 76805 MiB, 100 %, 250.85 W, 1980 MHz, 16 %, 39
2026/10/10 17:09:17.311, 3, 76805 MiB, 100 %, 249.87 W, 1980 MHz, 17 %, 34
2026/10/10 17:09:17.311, 4, 76805 MiB, 100 %, 243.68 W, 1980 MHz, 16 %, 35
2026/10/10 17:09:17.311, 5, 76805 MiB, 100 %, 250.62 W, 1980 MHz, 16 %, 39
2026/10/10 17:09:17.311, 6, 76805 MiB, 100 %, 241.55 W, 1980 MHz, 16 %, 37
2026/10/10 17:09:17.312, 7, 76805 MiB, 100 %, 280.14 W, 1980 MHz, 16 %, 71
2026/10/10 17:09:18.312, 0, 76805 MiB, 100 %, 249.90 W, 1980 MHz, 16 %, 36
2026/10/10 17:09:18.312, 1, 76805 MiB, 100 %, 268.14 W, 1980 MHz, 16 %, 59
2026/10/10 17:09:18.312, 2, 76805 MiB, 100 %, 250.59 W, 1980 MHz, 17 %, 39
2026/10/10 17:09:18.312, 3, 76805 MiB, 100 %, 248.67 W, 1980 MHz, 16 %, 34
2026/10/10 17:09:18.312, 4, 76805 MiB, 100 %, 242.70 W, 1980 MHz, 16 %, 35
2026/10/10 17:09:18.312, 5, 76805 MiB, 100 %, 250.41 W, 1980 MHz, 17 %, 39
2026/10/10 17:09:18.312, 6, 76805 MiB, 100 %, 242.21 W, 1980 MHz, 16 %, 37
2026/10/10 17:09:18.312, 7, 76805 MiB, 100 %, 279.51 W, 1980 MHz, 17 %, 71
2026/10/10 17:09:19.312, 0, 76805 MiB, 100 %, 249.22 W, 1980 MHz, 17 %, 35
2026/10/10 17:09:19.312, 1, 76805 MiB, 100 %, 267.81 W, 1980 MHz, 16 %, 59
2026/10/10 17:09:19.313, 2, 76805 MiB, 100 %, 251.85 W, 1980 MHz, 17 %, 39
2026/10/10 17:09:19.313, 3, 76805 MiB, 100 %, 246.79 W, 1980 MHz, 16 %, 34
2026/10/10 17:09:19.313, 4, 76805 MiB, 100 %, 242.52 W, 1980 MHz, 16 %, 35
2026/10/10 17:09:19.313, 5, 76805 MiB, 100 %, 251.68 W, 1980 MHz, 17 %, 39
2026/10/10 17:09:19.313, 6, 76805 MiB, 100 %, 241.82 W, 1980 MHz, 16 %, 36
2026/10/10 17:09:19.313, 7, 76805 MiB, 100 %, 280.96 W, 1980 MHz, 17 %, 71
2026/10/10 17:09:20.313, 0, 76805 MiB, 100 %, 249.89 W, 1980 MHz, 16 %, 35
2026/10/10 17:09:20.313, 1, 76805 MiB, 100 %, 268.38 W, 1980 MHz, 16 %, 59
2026/10/10 17:09:20.313, 2, 76805 MiB, 100 %, 250.45 W, 1980 MHz, 17 %, 39
2026/10/10 17:09:20.313, 3, 76805 MiB, 100 %, 246.93 W, 1980 MHz, 16 %, 34
2026/10/10 17:09:20.313, 4, 76805 MiB, 100 %, 241.96 W, 1980 MHz, 16 %, 34
2026/10/10 17:09:20.313, 5, 76805 MiB, 100 %, 251.42 W, 1980 MHz, 17 %, 39
2026/10/10 17:09:20.313, 6, 76805 MiB, 100 %, 241.79 W, 1980 MHz, 16 %, 36
2026/10/10 17:09:20.313, 7, 76805 MiB, 100 %, 280.10 W, 1980 MHz, 17 %, 71
2026/10/10 17:09:21.314, 0, 76805 MiB, 100 %, 249.60 W, 1980 MHz, 17 %, 35
2026/10/10 17:09:21.314, 1, 76805 MiB, 100 %, 266.87 W, 1980 MHz, 16 %, 59
2026/10/10 17:09:21.314, 2, 76805 MiB, 100 %, 251.47 W, 1980 MHz, 17 %, 39
2026/10/10 17:09:21.314, 3, 76805 MiB, 100 %, 246.91 W, 1980 MHz, 16 %, 34
2026/10/10 17:09:21.314, 4, 76805 MiB, 100 %, 242.81 W, 1980 MHz, 16 %, 34
2026/10/10 17:09:21.314, 5, 76805 MiB, 100 %, 250.18 W, 1980 MHz, 17 %, 39
2026/10/10 17:09:21.314, 6, 76805 MiB, 100 %, 242.62 W, 1980 MHz, 16 %, 36
2026/10/10 17:09:21.314, 7, 76805 MiB, 100 %, 280.58 W, 1980 MHz, 17 %, 71
2026/10/10 17:09:22.314, 0, 76805 MiB, 100 %, 251.33 W, 1980 MHz, 17 %, 35
2026/10/10 17:09:22.314, 1, 76805 MiB, 100 %, 266.30 W, 1980 MHz, 16 %, 59
2026/10/10 17:09:22.314, 2, 76805 MiB, 100 %, 251.71 W, 1980 MHz, 17 %, 39
2026/10/10 17:09:22.315, 3, 76805 MiB, 100 %, 246.22 W, 1980 MHz, 16 %, 34
2026/10/10 17:09:22.315, 4, 76805 MiB, 100 %, 242.37 W, 1980 MHz, 16 %, 34
2026/10/10 17:09:22.315, 5, 76805 MiB, 100 %, 250.30 W, 1980 MHz, 17 %, 39
2026/10/10 17:09:22.315, 6, 76805 MiB, 100 %, 241.26 W, 1980 MHz, 16 %, 36
2026/10/10 17:09:22.315, 7, 76805 MiB, 100 %, 281.31 W, 1980 MHz, 17 %, 71
2026/10/10 17:09:23.315, 0, 76805 MiB, 100 %, 249.65 W, 1980 MHz, 17 %, 35
2026/10/10 17:09:23.315, 1, 76805 MiB, 100 %, 266.08 W, 1980 MHz, 16 %, 59
2026/10/10 17:09:23.315, 2, 76805 MiB, 100 %, 251.83 W, 1980 MHz, 17 %, 39
2026/10/10 17:09:23.315, 3, 76805 MiB, 100 %, 246.72 W, 1980 MHz, 16 %, 33
2026/10/10 17:09:23.315, 4, 76805 MiB, 100 %, 243.16 W, 1980 MHz, 16 %, 34
2026/10/10 17:09:23.315, 5, 76805 MiB, 100 %, 250.88 W, 1980 MHz, 17 %, 38
2026/10/10 17:09:23.315, 6, 76805 MiB, 100 %, 241.39 W, 1980 MHz, 16 %, 36
2026/10/10 17:09:23.315, 7, 76805 MiB, 100 %, 280.72 W, 1980 MHz, 17 %, 71
2026/10/10 17:09:24.316, 0, 76805 MiB, 100 %, 250.08 W, 1980 MHz, 17 %, 35
2026/10/10 17:09:24.316, 1, 76805 MiB, 100 %, 265.36 W, 1980 MHz, 16 %, 59
2026/10/10 17:09:24.316, 2, 76805 MiB, 100 %, 251.20 W, 1980 MHz, 17 %, 39
2026/10/10 17:09:24.316, 3, 76805 MiB, 100 %, 246.58 W, 1980 MHz, 16 %, 33
2026/10/10 17:09:24.316, 4, 76805 MiB, 100 %, 242.80 W, 1980 MHz, 16 %, 34
2026/10/10 17:09:24.316, 5, 76805 MiB, 100 %, 249.96 W, 1980 MHz, 17 %, 38
2026/10/10 17:09:24.316, 6, 76805 MiB, 100 %, 241.26 W, 1980 MHz, 16 %, 36
2026/10/10 17:09:24.316, 7, 76805 MiB, 100 %, 279.81 W, 1980 MHz, 17 %, 71
2026/10/10 17:09:25.316, 0, 76805 MiB, 100 %, 248.35 W, 1980 MHz, 17 %, 35
2026/10/10 17:09:25.316, 1, 76805 MiB, 100 %, 266.18 W, 1980 MHz, 16 %, 59
2026/10/10 17:09:25.316, 2, 76805 MiB, 100 %, 251.87 W, 1980 MHz, 17 %, 39
2026/10/10 17:09:25.316, 3, 76805 MiB, 100 %, 246.06 W, 1980 MHz, 16 %, 33
2026/10/10 17:09:25.316, 4, 76805 MiB, 100 %, 242.43 W, 1980 MHz, 16 %, 34
2026/10/10 17:09:25.317, 5, 76805 MiB, 100 %, 250.50 W, 1980 MHz, 17 %, 38
2026/10/10 17:09:25.317, 6, 76805 MiB, 100 %, 240.99 W, 1980 MHz, 16 %, 36
2026/10/10 17:09:25.317, 7, 76805 MiB, 100 %, 279.32 W, 1980 MHz, 17 %, 70
2026/10/10 17:09:26.317, 0, 76805 MiB, 100 %, 250.29 W, 1980 MHz, 16 %, 35
2026/10/10 17:09:26.317, 1, 76805 MiB, 100 %, 267.28 W, 1980 MHz, 16 %, 59
2026/10/10 17:09:26.317, 2, 76805 MiB, 100 %, 251.28 W, 1980 MHz, 17 %, 39
2026/10/10 17:09:26.317, 3, 76805 MiB, 100 %, 245.92 W, 1980 MHz, 16 %, 33
2026/10/10 17:09:26.317, 4, 76805 MiB, 100 %, 242.80 W, 1980 MHz, 16 %, 34
2026/10/10 17:09:26.317, 5, 76805 MiB, 100 %, 250.28 W, 1980 MHz, 17 %, 38
2026/10/10 17:09:26.317, 6, 76805 MiB, 100 %, 241.51 W, 1980 MHz, 16 %, 36
2026/10/10 17:09:26.317, 7, 76805 MiB, 100 %, 279.82 W, 1980 MHz, 17 %, 70
2026/10/10 17:09:27.318, 0, 76805 MiB, 100 %, 250.58 W, 1980 MHz, 17 %, 35
2026/10/10 17:09:27.318, 1, 76805 MiB, 100 %, 267.91 W, 1980 MHz, 16 %, 59
2026/10/10 17:09:27.318, 2, 76805 MiB, 100 %, 250.93 W, 1980 MHz, 17 %, 39
2026/10/10 17:09:27.318, 3, 76805 MiB, 100 %, 245.85 W, 1980 MHz, 16 %, 33
2026/10/10 17:09:27.318, 4, 76805 MiB, 100 %, 241.81 W, 1980 MHz, 16 %, 34
2026/10/10 17:09:27.318, 5, 76805 MiB, 100 %, 251.59 W, 1980 MHz, 17 %, 38
2026/10/10 17:09:27.318, 6, 76805 MiB, 100 %, 240.53 W, 1980 MHz, 16 %, 36
2026/10/10 17:09:27.318, 7, 76805 MiB, 100 %, 280.66 W, 1980 MHz, 17 %, 70
2026/10/10 17:09:28.318, 0, 76805 MiB, 100 %, 349.47 W, 1980 MHz, 49 %, 44
2026/10/10 17:09:28.318, 1, 76805 MiB, 100 %, 374.06 W, 1920 MHz, 49 %, 67
2026/10/10 17:09:28.318, 2, 76805 MiB, 100 %, 369.67 W, 1965 MHz, 49 %, 47
2026/10/10 17:09:28.318, 3, 76805 MiB, 100 %, 363.49 W, 1965 MHz, 49 %, 43
2026/10/10 17:09:28.318, 4, 76805 MiB, 100 %, 327.04 W, 1950 MHz, 49 %, 43
2026/10/10 17:09:28.319, 5, 76805 MiB, 100 %, 329.44 W, 1950 MHz, 49 %, 47
2026/10/10 17:09:28.319, 6, 76805 MiB, 100 %, 321.81 W, 1980 MHz, 49 %, 44
2026/10/10 17:09:28.319, 7, 76805 MiB, 100 %, 377.99 W, 1920 MHz, 49 %, 79
2026/10/10 17:09:29.319, 0, 76805 MiB, 100 %, 680.88 W, 1965 MHz, 49 %, 49
2026/10/10 17:09:29.319, 1, 76805 MiB, 100 %, 691.35 W, 1875 MHz, 49 %, 69
2026/10/10 17:09:29.319, 2, 76805 MiB, 100 %, 676.49 W, 1965 MHz, 46 %, 50
2026/10/10 17:09:29.319, 3, 76805 MiB, 100 %, 688.04 W, 1860 MHz, 48 %, 47
2026/10/10 17:09:29.319, 4, 76805 MiB, 100 %, 693.07 W, 1935 MHz, 48 %, 49
2026/10/10 17:09:29.319, 5, 76805 MiB, 100 %, 698.73 W, 1920 MHz, 49 %, 53
2026/10/10 17:09:29.319, 6, 76805 MiB, 100 %, 677.12 W, 1980 MHz, 48 %, 52
2026/10/10 17:09:29.319, 7, 76805 MiB, 100 %, 690.53 W, 1800 MHz, 46 %, 82
2026/10/10 17:09:30.319, 0, 76805 MiB, 100 %, 674.59 W, 1980 MHz, 43 %, 50
2026/10/10 17:09:30.320, 1, 76805 MiB, 100 %, 694.74 W, 1875 MHz, 42 %, 69
2026/10/10 17:09:30.320, 2, 76805 MiB, 100 %, 673.84 W, 1980 MHz, 43 %, 51
2026/10/10 17:09:30.320, 3, 76805 MiB, 100 %, 682.85 W, 1965 MHz, 43 %, 49
2026/10/10 17:09:30.320, 4, 76805 MiB, 100 %, 689.13 W, 1965 MHz, 42 %, 52
2026/10/10 17:09:30.320, 5, 76805 MiB, 100 %, 687.52 W, 1965 MHz, 42 %, 55
2026/10/10 17:09:30.320, 6, 76805 MiB, 100 %, 680.47 W, 1980 MHz, 42 %, 54
2026/10/10 17:09:30.320, 7, 76805 MiB, 100 %, 667.95 W, 1740 MHz, 42 %, 82
2026/10/10 17:09:31.320, 0, 76805 MiB, 100 %, 605.75 W, 1980 MHz, 25 %, 43
2026/10/10 17:09:31.320, 1, 76805 MiB, 100 %, 632.44 W, 1965 MHz, 27 %, 63
2026/10/10 17:09:31.321, 2, 76805 MiB, 100 %, 605.08 W, 1965 MHz, 17 %, 45
2026/10/10 17:09:31.323, 3, 76805 MiB, 100 %, 608.79 W, 1965 MHz, 39 %, 41
2026/10/10 17:09:31.323, 4, 76805 MiB, 100 %, 641.11 W, 1965 MHz, 36 %, 45
2026/10/10 17:09:31.325, 5, 76805 MiB, 100 %, 607.59 W, 1965 MHz, 23 %, 46
2026/10/10 17:09:31.326, 6, 76805 MiB, 100 %, 636.49 W, 1965 MHz, 32 %, 48
2026/10/10 17:09:31.327, 7, 76805 MiB, 100 %, 602.61 W, 1965 MHz, 17 %, 76
2026/10/10 17:09:32.328, 0, 76805 MiB, 100 %, 251.26 W, 1980 MHz, 16 %, 38
2026/10/10 17:09:32.328, 1, 76805 MiB, 100 %, 266.90 W, 1980 MHz, 17 %, 60
2026/10/10 17:09:32.328, 2, 76805 MiB, 100 %, 252.39 W, 1980 MHz, 17 %, 41
2026/10/10 17:09:32.328, 3, 76805 MiB, 100 %, 249.90 W, 1980 MHz, 16 %, 36
2026/10/10 17:09:32.328, 4, 76805 MiB, 100 %, 243.57 W, 1980 MHz, 16 %, 37
2026/10/10 17:09:32.329, 5, 76805 MiB, 100 %, 253.61 W, 1980 MHz, 17 %, 41
2026/10/10 17:09:32.329, 6, 76805 MiB, 100 %, 243.80 W, 1980 MHz, 16 %, 40
2026/10/10 17:09:32.329, 7, 76805 MiB, 100 %, 282.95 W, 1980 MHz, 16 %, 72
2026/10/10 17:09:33.329, 0, 76805 MiB, 100 %, 251.20 W, 1980 MHz, 16 %, 37
2026/10/10 17:09:33.329, 1, 76805 MiB, 100 %, 269.97 W, 1980 MHz, 17 %, 59
2026/10/10 17:09:33.329, 2, 76805 MiB, 100 %, 251.55 W, 1980 MHz, 16 %, 40
2026/10/10 17:09:33.329, 3, 76805 MiB, 100 %, 248.60 W, 1980 MHz, 16 %, 35
2026/10/10 17:09:33.329, 4, 76805 MiB, 100 %, 245.14 W, 1980 MHz, 16 %, 36
2026/10/10 17:09:33.329, 5, 76805 MiB, 100 %, 253.47 W, 1980 MHz, 17 %, 40
2026/10/10 17:09:33.329, 6, 76805 MiB, 100 %, 241.49 W, 1980 MHz, 16 %, 38
2026/10/10 17:09:33.329, 7, 76805 MiB, 100 %, 282.53 W, 1980 MHz, 16 %, 71
2026/10/10 17:09:34.329, 0, 76805 MiB, 100 %, 250.71 W, 1980 MHz, 17 %, 36
2026/10/10 17:09:34.329, 1, 76805 MiB, 100 %, 268.72 W, 1980 MHz, 16 %, 59
2026/10/10 17:09:34.329, 2, 76805 MiB, 100 %, 250.98 W, 1980 MHz, 16 %, 40
2026/10/10 17:09:34.329, 3, 76805 MiB, 100 %, 248.05 W, 1980 MHz, 16 %, 35
2026/10/10 17:09:34.330, 4, 76805 MiB, 100 %, 244.25 W, 1980 MHz, 17 %, 35
2026/10/10 17:09:34.330, 5, 76805 MiB, 100 %, 251.63 W, 1980 MHz, 16 %, 40
2026/10/10 17:09:34.330, 6, 76805 MiB, 100 %, 240.13 W, 1980 MHz, 16 %, 37
2026/10/10 17:09:34.330, 7, 76805 MiB, 100 %, 281.51 W, 1980 MHz, 16 %, 71
2026/10/10 17:09:35.330, 0, 76805 MiB, 100 %, 250.67 W, 1980 MHz, 17 %, 36
2026/10/10 17:09:35.330, 1, 76805 MiB, 100 %, 268.53 W, 1980 MHz, 16 %, 59
2026/10/10 17:09:35.330, 2, 76805 MiB, 100 %, 250.03 W, 1980 MHz, 16 %, 40
2026/10/10 17:09:35.330, 3, 76805 MiB, 100 %, 247.21 W, 1980 MHz, 17 %, 34
2026/10/10 17:09:35.330, 4, 76805 MiB, 100 %, 243.24 W, 1980 MHz, 16 %, 35
2026/10/10 17:09:35.330, 5, 76805 MiB, 100 %, 251.37 W, 1980 MHz, 16 %, 39
2026/10/10 17:09:35.330, 6, 76805 MiB, 100 %, 241.78 W, 1980 MHz, 17 %, 37
2026/10/10 17:09:35.330, 7, 76805 MiB, 100 %, 282.05 W, 1980 MHz, 16 %, 71
2026/10/10 17:09:36.330, 0, 76805 MiB, 100 %, 249.74 W, 1980 MHz, 16 %, 36
2026/10/10 17:09:36.331, 1, 76805 MiB, 100 %, 268.96 W, 1980 MHz, 17 %, 59
2026/10/10 17:09:36.331, 2, 76805 MiB, 100 %, 251.02 W, 1980 MHz, 17 %, 40
2026/10/10 17:09:36.331, 3, 76805 MiB, 100 %, 246.74 W, 1980 MHz, 16 %, 34
2026/10/10 17:09:36.331, 4, 76805 MiB, 100 %, 243.01 W, 1980 MHz, 16 %, 35
2026/10/10 17:09:36.331, 5, 76805 MiB, 100 %, 251.87 W, 1980 MHz, 16 %, 39
2026/10/10 17:09:36.331, 6, 76805 MiB, 100 %, 240.73 W, 1980 MHz, 16 %, 37
2026/10/10 17:09:36.331, 7, 76805 MiB, 100 %, 280.33 W, 1980 MHz, 17 %, 71
2026/10/10 17:09:37.331, 0, 76805 MiB, 100 %, 250.51 W, 1980 MHz, 17 %, 36
2026/10/10 17:09:37.331, 1, 76805 MiB, 100 %, 268.41 W, 1980 MHz, 17 %, 59
2026/10/10 17:09:37.331, 2, 76805 MiB, 100 %, 249.43 W, 1980 MHz, 16 %, 39
2026/10/10 17:09:37.331, 3, 76805 MiB, 100 %, 248.18 W, 1980 MHz, 16 %, 34
2026/10/10 17:09:37.331, 4, 76805 MiB, 100 %, 243.97 W, 1980 MHz, 16 %, 35
2026/10/10 17:09:37.331, 5, 76805 MiB, 100 %, 251.27 W, 1980 MHz, 17 %, 39
2026/10/10 17:09:37.331, 6, 76805 MiB, 100 %, 241.02 W, 1980 MHz, 16 %, 37
2026/10/10 17:09:37.331, 7, 76805 MiB, 100 %, 281.02 W, 1980 MHz, 17 %, 71
2026/10/10 17:09:38.332, 0, 76805 MiB, 100 %, 250.20 W, 1980 MHz, 16 %, 36
2026/10/10 17:09:38.332, 1, 76805 MiB, 100 %, 269.96 W, 1980 MHz, 17 %, 59
2026/10/10 17:09:38.332, 2, 76805 MiB, 100 %, 249.75 W, 1980 MHz, 16 %, 39
2026/10/10 17:09:38.332, 3, 76805 MiB, 100 %, 247.02 W, 1980 MHz, 16 %, 34
2026/10/10 17:09:38.332, 4, 76805 MiB, 100 %, 244.10 W, 1980 MHz, 16 %, 35
2026/10/10 17:09:38.332, 5, 76805 MiB, 100 %, 252.15 W, 1980 MHz, 17 %, 39
2026/10/10 17:09:38.332, 6, 76805 MiB, 100 %, 239.98 W, 1980 MHz, 16 %, 36
2026/10/10 17:09:38.332, 7, 76805 MiB, 100 %, 280.24 W, 1980 MHz, 17 %, 71
2026/10/10 17:09:39.332, 0, 76805 MiB, 100 %, 249.80 W, 1980 MHz, 16 %, 35
2026/10/10 17:09:39.332, 1, 76805 MiB, 100 %, 268.43 W, 1980 MHz, 17 %, 59
2026/10/10 17:09:39.332, 2, 76805 MiB, 100 %, 251.07 W, 1980 MHz, 17 %, 39
2026/10/10 17:09:39.332, 3, 76805 MiB, 100 %, 246.61 W, 1980 MHz, 16 %, 34
2026/10/10 17:09:39.332, 4, 76805 MiB, 100 %, 243.50 W, 1980 MHz, 17 %, 34
2026/10/10 17:09:39.333, 5, 76805 MiB, 100 %, 251.40 W, 1980 MHz, 17 %, 39
2026/10/10 17:09:39.333, 6, 76805 MiB, 100 %, 239.77 W, 1980 MHz, 16 %, 36
2026/10/10 17:09:39.333, 7, 76805 MiB, 100 %, 281.49 W, 1980 MHz, 17 %, 71
2026/10/10 17:09:40.333, 0, 76805 MiB, 100 %, 249.65 W, 1980 MHz, 16 %, 35
2026/10/10 17:09:40.333, 1, 76805 MiB, 100 %, 268.81 W, 1980 MHz, 17 %, 59
2026/10/10 17:09:40.333, 2, 76805 MiB, 100 %, 250.59 W, 1980 MHz, 16 %, 39
2026/10/10 17:09:40.333, 3, 76805 MiB, 100 %, 246.57 W, 1980 MHz, 16 %, 34
2026/10/10 17:09:40.333, 4, 76805 MiB, 100 %, 243.51 W, 1980 MHz, 17 %, 34
2026/10/10 17:09:40.333, 5, 76805 MiB, 100 %, 250.83 W, 1980 MHz, 17 %, 39
2026/10/10 17:09:40.333, 6, 76805 MiB, 100 %, 240.15 W, 1980 MHz, 16 %, 36
2026/10/10 17:09:40.333, 7, 76805 MiB, 100 %, 281.05 W, 1980 MHz, 17 %, 71
2026/10/10 17:09:41.334, 0, 76805 MiB, 100 %, 249.80 W, 1980 MHz, 17 %, 35
2026/10/10 17:09:41.334, 1, 76805 MiB, 100 %, 268.00 W, 1980 MHz, 17 %, 59
2026/10/10 17:09:41.334, 2, 76805 MiB, 100 %, 250.77 W, 1980 MHz, 16 %, 39
2026/10/10 17:09:41.334, 3, 76805 MiB, 100 %, 246.85 W, 1980 MHz, 16 %, 34
2026/10/10 17:09:41.334, 4, 76805 MiB, 100 %, 244.30 W, 1980 MHz, 17 %, 34
2026/10/10 17:09:41.334, 5, 76805 MiB, 100 %, 250.15 W, 1980 MHz, 16 %, 39
2026/10/10 17:09:41.334, 6, 76805 MiB, 100 %, 239.31 W, 1980 MHz, 16 %, 36
2026/10/10 17:09:41.334, 7, 76805 MiB, 100 %, 280.17 W, 1980 MHz, 17 %, 71
2026/10/10 17:09:42.334, 0, 76805 MiB, 100 %, 250.47 W, 1980 MHz, 16 %, 35
2026/10/10 17:09:42.335, 1, 76805 MiB, 100 %, 268.97 W, 1980 MHz, 16 %, 59
2026/10/10 17:09:42.335, 2, 76805 MiB, 100 %, 249.95 W, 1980 MHz, 16 %, 39
2026/10/10 17:09:42.335, 3, 76805 MiB, 100 %, 247.00 W, 1980 MHz, 16 %, 33
2026/10/10 17:09:42.335, 4, 76805 MiB, 100 %, 243.31 W, 1980 MHz, 16 %, 34
2026/10/10 17:09:42.335, 5, 76805 MiB, 100 %, 250.91 W, 1980 MHz, 16 %, 39
2026/10/10 17:09:42.335, 6, 76805 MiB, 100 %, 240.64 W, 1980 MHz, 17 %, 36
2026/10/10 17:09:42.335, 7, 76805 MiB, 100 %, 280.24 W, 1980 MHz, 17 %, 71
2026/10/10 17:09:43.335, 0, 76805 MiB, 100 %, 250.41 W, 1980 MHz, 16 %, 35
2026/10/10 17:09:43.335, 1, 76805 MiB, 100 %, 268.71 W, 1980 MHz, 17 %, 59
2026/10/10 17:09:43.335, 2, 76805 MiB, 100 %, 250.15 W, 1980 MHz, 16 %, 39
2026/10/10 17:09:43.335, 3, 76805 MiB, 100 %, 247.03 W, 1980 MHz, 16 %, 33
2026/10/10 17:09:43.335, 4, 76805 MiB, 100 %, 243.79 W, 1980 MHz, 17 %, 34
2026/10/10 17:09:43.335, 5, 76805 MiB, 100 %, 249.93 W, 1980 MHz, 17 %, 38
2026/10/10 17:09:43.336, 6, 76805 MiB, 100 %, 239.29 W, 1980 MHz, 16 %, 36
2026/10/10 17:09:43.336, 7, 76805 MiB, 100 %, 280.47 W, 1980 MHz, 17 %, 71
2026/10/10 17:09:44.336, 0, 76805 MiB, 100 %, 249.62 W, 1980 MHz, 17 %, 35
2026/10/10 17:09:44.336, 1, 76805 MiB, 100 %, 268.39 W, 1980 MHz, 17 %, 59
2026/10/10 17:09:44.336, 2, 76805 MiB, 100 %, 249.71 W, 1980 MHz, 16 %, 39
2026/10/10 17:09:44.336, 3, 76805 MiB, 100 %, 246.19 W, 1980 MHz, 16 %, 33
2026/10/10 17:09:44.336, 4, 76805 MiB, 100 %, 244.56 W, 1980 MHz, 17 %, 34
2026/10/10 17:09:44.336, 5, 76805 MiB, 100 %, 251.09 W, 1980 MHz, 17 %, 38
2026/10/10 17:09:44.336, 6, 76805 MiB, 100 %, 238.58 W, 1980 MHz, 16 %, 36
2026/10/10 17:09:44.336, 7, 76805 MiB, 100 %, 281.21 W, 1980 MHz, 16 %, 70
2026/10/10 17:09:45.336, 0, 76805 MiB, 100 %, 250.00 W, 1980 MHz, 17 %, 35
2026/10/10 17:09:45.337, 1, 76805 MiB, 100 %, 268.78 W, 1980 MHz, 17 %, 59
2026/10/10 17:09:45.337, 2, 76805 MiB, 100 %, 249.58 W, 1980 MHz, 16 %, 39
2026/10/10 17:09:45.337, 3, 76805 MiB, 100 %, 248.01 W, 1980 MHz, 16 %, 33
2026/10/10 17:09:45.337, 4, 76805 MiB, 100 %, 243.56 W, 1980 MHz, 16 %, 34
2026/10/10 17:09:45.337, 5, 76805 MiB, 100 %, 249.22 W, 1980 MHz, 16 %, 38
2026/10/10 17:09:45.337, 6, 76805 MiB, 100 %, 239.32 W, 1980 MHz, 16 %, 36
2026/10/10 17:09:45.337, 7, 76805 MiB, 100 %, 281.17 W, 1980 MHz, 17 %, 70
2026/10/10 17:09:46.337, 0, 76805 MiB, 100 %, 249.22 W, 1980 MHz, 17 %, 35
2026/10/10 17:09:46.337, 1, 76805 MiB, 100 %, 267.14 W, 1980 MHz, 17 %, 59
2026/10/10 17:09:46.337, 2, 76805 MiB, 100 %, 249.13 W, 1980 MHz, 16 %, 39
2026/10/10 17:09:46.337, 3, 76805 MiB, 100 %, 247.14 W, 1980 MHz, 16 %, 33
2026/10/10 17:09:46.337, 4, 76805 MiB, 100 %, 243.28 W, 1980 MHz, 16 %, 34
2026/10/10 17:09:46.338, 5, 76805 MiB, 100 %, 250.90 W, 1980 MHz, 16 %, 38
2026/10/10 17:09:46.338, 6, 76805 MiB, 100 %, 240.86 W, 1980 MHz, 16 %, 36
2026/10/10 17:09:46.338, 7, 76805 MiB, 100 %, 280.01 W, 1980 MHz, 17 %, 70
2026/10/10 17:09:47.338, 0, 76805 MiB, 100 %, 247.37 W, 1980 MHz, 16 %, 35
2026/10/10 17:09:47.338, 1, 76805 MiB, 100 %, 267.61 W, 1980 MHz, 16 %, 59
2026/10/10 17:09:47.338, 2, 76805 MiB, 100 %, 245.68 W, 1980 MHz, 16 %, 39
2026/10/10 17:09:47.338, 3, 76805 MiB, 100 %, 243.32 W, 1980 MHz, 17 %, 33
2026/10/10 17:09:47.338, 4, 76805 MiB, 100 %, 238.16 W, 1980 MHz, 16 %, 34
2026/10/10 17:09:47.338, 5, 76805 MiB, 100 %, 243.16 W, 1980 MHz, 16 %, 37
2026/10/10 17:09:47.338, 6, 76805 MiB, 100 %, 233.64 W, 1980 MHz, 16 %, 35
2026/10/10 17:09:47.338, 7, 76805 MiB, 100 %, 281.72 W, 1980 MHz, 17 %, 70
2026/10/10 17:09:48.339, 0, 76805 MiB, 100 %, 615.16 W, 1980 MHz, 49 %, 48
2026/10/10 17:09:48.340, 1, 76805 MiB, 100 %, 644.60 W, 1560 MHz, 49 %, 69
2026/10/10 17:09:48.340, 2, 76805 MiB, 100 %, 635.18 W, 1965 MHz, 48 %, 50
2026/10/10 17:09:48.341, 3, 76805 MiB, 100 %, 651.97 W, 1755 MHz, 50 %, 47
2026/10/10 17:09:48.343, 4, 76805 MiB, 100 %, 653.94 W, 1950 MHz, 49 %, 48
2026/10/10 17:09:48.344, 5, 76805 MiB, 100 %, 658.68 W, 1905 MHz, 50 %, 52
2026/10/10 17:09:48.346, 6, 76805 MiB, 100 %, 632.19 W, 1980 MHz, 49 %, 50
2026/10/10 17:09:48.346, 7, 76805 MiB, 100 %, 640.68 W, 1710 MHz, 47 %, 83
2026/10/10 17:09:49.346, 0, 76805 MiB, 100 %, 674.65 W, 1965 MHz, 44 %, 50
2026/10/10 17:09:49.346, 1, 76805 MiB, 100 %, 676.02 W, 1935 MHz, 44 %, 70
2026/10/10 17:09:49.346, 2, 76805 MiB, 100 %, 682.35 W, 1965 MHz, 44 %, 51
2026/10/10 17:09:49.346, 3, 76805 MiB, 100 %, 684.92 W, 1905 MHz, 45 %, 49
2026/10/10 17:09:49.346, 4, 76805 MiB, 100 %, 685.29 W, 1950 MHz, 44 %, 50
2026/10/10 17:09:49.346, 5, 76805 MiB, 100 %, 688.85 W, 1965 MHz, 44 %, 55
2026/10/10 17:09:49.346, 6, 76805 MiB, 100 %, 666.01 W, 1965 MHz, 44 %, 52
2026/10/10 17:09:49.346, 7, 76805 MiB, 100 %, 665.57 W, 1710 MHz, 44 %, 83
2026/10/10 17:09:50.346, 0, 76805 MiB, 100 %, 679.25 W, 1980 MHz, 45 %, 51
2026/10/10 17:09:50.347, 1, 76805 MiB, 100 %, 685.83 W, 1800 MHz, 45 %, 71
2026/10/10 17:09:50.347, 2, 76805 MiB, 100 %, 679.02 W, 1980 MHz, 43 %, 53
2026/10/10 17:09:50.347, 3, 76805 MiB, 100 %, 687.93 W, 1965 MHz, 45 %, 50
2026/10/10 17:09:50.347, 4, 76805 MiB, 100 %, 696.66 W, 1965 MHz, 45 %, 52
2026/10/10 17:09:50.347, 5, 76805 MiB, 100 %, 689.63 W, 1935 MHz, 45 %, 56
2026/10/10 17:09:50.347, 6, 76805 MiB, 100 %, 668.30 W, 1980 MHz, 45 %, 55
2026/10/10 17:09:50.347, 7, 76805 MiB, 100 %, 638.89 W, 1740 MHz, 43 %, 83
2026/10/10 17:09:51.347, 0, 76805 MiB, 100 %, 366.36 W, 1980 MHz, 17 %, 38
2026/10/10 17:09:51.347, 1, 76805 MiB, 100 %, 375.40 W, 1980 MHz, 16 %, 60
2026/10/10 17:09:51.347, 2, 76805 MiB, 100 %, 352.27 W, 1980 MHz, 17 %, 42
2026/10/10 17:09:51.347, 3, 76805 MiB, 100 %, 346.22 W, 1980 MHz, 17 %, 37
2026/10/10 17:09:51.347, 4, 76805 MiB, 100 %, 344.83 W, 1980 MHz, 17 %, 38
2026/10/10 17:09:51.347, 5, 76805 MiB, 100 %, 339.25 W, 1980 MHz, 17 %, 42
2026/10/10 17:09:51.347, 6, 76805 MiB, 100 %, 331.83 W, 1980 MHz, 16 %, 41
2026/10/10 17:09:51.347, 7, 76805 MiB, 100 %, 375.02 W, 1980 MHz, 16 %, 73
2026/10/10 17:09:52.348, 0, 76805 MiB, 100 %, 251.76 W, 1980 MHz, 16 %, 37
2026/10/10 17:09:52.348, 1, 76805 MiB, 100 %, 266.19 W, 1980 MHz, 16 %, 59
2026/10/10 17:09:52.348, 2, 76805 MiB, 100 %, 253.60 W, 1980 MHz, 17 %, 41
2026/10/10 17:09:52.348, 3, 76805 MiB, 100 %, 250.37 W, 1980 MHz, 17 %, 35
2026/10/10 17:09:52.348, 4, 76805 MiB, 100 %, 246.74 W, 1980 MHz, 17 %, 36
2026/10/10 17:09:52.348, 5, 76805 MiB, 100 %, 252.14 W, 1980 MHz, 17 %, 40
2026/10/10 17:09:52.348, 6, 76805 MiB, 100 %, 241.31 W, 1980 MHz, 16 %, 38
2026/10/10 17:09:52.348, 7, 76805 MiB, 100 %, 280.47 W, 1980 MHz, 16 %, 72
2026/10/10 17:09:53.348, 0, 76805 MiB, 100 %, 250.33 W, 1980 MHz, 17 %, 36
2026/10/10 17:09:53.348, 1, 76805 MiB, 100 %, 266.25 W, 1980 MHz, 16 %, 59
2026/10/10 17:09:53.348, 2, 76805 MiB, 100 %, 251.90 W, 1980 MHz, 16 %, 40
2026/10/10 17:09:53.349, 3, 76805 MiB, 100 %, 249.89 W, 1980 MHz, 17 %, 35
2026/10/10 17:09:53.349, 4, 76805 MiB, 100 %, 244.69 W, 1980 MHz, 17 %, 36
2026/10/10 17:09:53.349, 5, 76805 MiB, 100 %, 250.83 W, 1980 MHz, 17 %, 40
2026/10/10 17:09:53.349, 6, 76805 MiB, 100 %, 240.60 W, 1980 MHz, 16 %, 38
2026/10/10 17:09:53.349, 7, 76805 MiB, 100 %, 278.57 W, 1980 MHz, 16 %, 71
2026/10/10 17:09:54.349, 0, 76805 MiB, 100 %, 251.34 W, 1980 MHz, 17 %, 36
2026/10/10 17:09:54.349, 1, 76805 MiB, 100 %, 267.23 W, 1980 MHz, 16 %, 59
2026/10/10 17:09:54.349, 2, 76805 MiB, 100 %, 252.11 W, 1980 MHz, 17 %, 40
2026/10/10 17:09:54.349, 3, 76805 MiB, 100 %, 248.92 W, 1980 MHz, 16 %, 35
2026/10/10 17:09:54.349, 4, 76805 MiB, 100 %, 244.02 W, 1980 MHz, 17 %, 35
2026/10/10 17:09:54.349, 5, 76805 MiB, 100 %, 250.10 W, 1980 MHz, 16 %, 40
2026/10/10 17:09:54.349, 6, 76805 MiB, 100 %, 239.90 W, 1980 MHz, 16 %, 37
2026/10/10 17:09:54.349, 7, 76805 MiB, 100 %, 279.58 W, 1980 MHz, 16 %, 71
2026/10/10 17:09:55.350, 0, 76805 MiB, 100 %, 250.83 W, 1980 MHz, 17 %, 36
2026/10/10 17:09:55.350, 1, 76805 MiB, 100 %, 265.35 W, 1980 MHz, 16 %, 59
2026/10/10 17:09:55.350, 2, 76805 MiB, 100 %, 251.11 W, 1980 MHz, 16 %, 40
2026/10/10 17:09:55.350, 3, 76805 MiB, 100 %, 248.56 W, 1980 MHz, 17 %, 34
2026/10/10 17:09:55.350, 4, 76805 MiB, 100 %, 242.84 W, 1980 MHz, 16 %, 35
2026/10/10 17:09:55.350, 5, 76805 MiB, 100 %, 250.60 W, 1980 MHz, 17 %, 39
2026/10/10 17:09:55.350, 6, 76805 MiB, 100 %, 241.12 W, 1980 MHz, 17 %, 37
2026/10/10 17:09:55.350, 7, 76805 MiB, 100 %, 278.92 W, 1980 MHz, 16 %, 71
2026/10/10 17:09:56.350, 0, 76805 MiB, 100 %, 252.66 W, 1980 MHz, 17 %, 36
2026/10/10 17:09:56.350, 1, 76805 MiB, 100 %, 265.86 W, 1980 MHz, 16 %, 59
2026/10/10 17:09:56.351, 2, 76805 MiB, 100 %, 250.88 W, 1980 MHz, 16 %, 39
2026/10/10 17:09:56.351, 3, 76805 MiB, 100 %, 247.96 W, 1980 MHz, 17 %, 34
2026/10/10 17:09:56.351, 4, 76805 MiB, 100 %, 242.00 W, 1980 MHz, 16 %, 35
2026/10/10 17:09:56.351, 5, 76805 MiB, 100 %, 249.93 W, 1980 MHz, 17 %, 39
2026/10/10 17:09:56.351, 6, 76805 MiB, 100 %, 241.46 W, 1980 MHz, 16 %, 37
2026/10/10 17:09:56.351, 7, 76805 MiB, 100 %, 278.81 W, 1980 MHz, 16 %, 71
2026/10/10 17:09:57.351, 0, 76805 MiB, 100 %, 250.87 W, 1980 MHz, 17 %, 36
2026/10/10 17:09:57.351, 1, 76805 MiB, 100 %, 265.51 W, 1980 MHz, 16 %, 59
2026/10/10 17:09:57.351, 2, 76805 MiB, 100 %, 250.21 W, 1980 MHz, 16 %, 39
2026/10/10 17:09:57.351, 3, 76805 MiB, 100 %, 249.59 W, 1980 MHz, 17 %, 34
2026/10/10 17:09:57.351, 4, 76805 MiB, 100 %, 242.02 W, 1980 MHz, 16 %, 35
2026/10/10 17:09:57.351, 5, 76805 MiB, 100 %, 249.51 W, 1980 MHz, 16 %, 39
2026/10/10 17:09:57.351, 6, 76805 MiB, 100 %, 241.46 W, 1980 MHz, 16 %, 37
2026/10/10 17:09:57.351, 7, 76805 MiB, 100 %, 279.57 W, 1980 MHz, 16 %, 71
2026/10/10 17:09:58.352, 0, 76805 MiB, 100 %, 252.42 W, 1980 MHz, 17 %, 35
2026/10/10 17:09:58.352, 1, 76805 MiB, 100 %, 264.98 W, 1980 MHz, 16 %, 59
2026/10/10 17:09:58.352, 2, 76805 MiB, 100 %, 250.69 W, 1980 MHz, 16 %, 39
2026/10/10 17:09:58.352, 3, 76805 MiB, 100 %, 249.05 W, 1980 MHz, 17 %, 34
2026/10/10 17:09:58.352, 4, 76805 MiB, 100 %, 240.30 W, 1980 MHz, 16 %, 34
2026/10/10 17:09:58.352, 5, 76805 MiB, 100 %, 249.70 W, 1980 MHz, 17 %, 39
2026/10/10 17:09:58.352, 6, 76805 MiB, 100 %, 241.60 W, 1980 MHz, 17 %, 36
2026/10/10 17:09:58.352, 7, 76805 MiB, 100 %, 279.13 W, 1980 MHz, 16 %, 71
2026/10/10 17:09:59.352, 0, 76805 MiB, 100 %, 251.19 W, 1980 MHz, 17 %, 35
2026/10/10 17:09:59.352, 1, 76805 MiB, 100 %, 265.48 W, 1980 MHz, 16 %, 59
2026/10/10 17:09:59.352, 2, 76805 MiB, 100 %, 250.37 W, 1980 MHz, 16 %, 39
2026/10/10 17:09:59.352, 3, 76805 MiB, 100 %, 249.16 W, 1980 MHz, 17 %, 34
2026/10/10 17:09:59.353, 4, 76805 MiB, 100 %, 241.28 W, 1980 MHz, 16 %, 34
2026/10/10 17:09:59.353, 5, 76805 MiB, 100 %, 250.16 W, 1980 MHz, 17 %, 39
2026/10/10 17:09:59.353, 6, 76805 MiB, 100 %, 240.05 W, 1980 MHz, 17 %, 36
2026/10/10 17:09:59.353, 7, 76805 MiB, 100 %, 278.24 W, 1980 MHz, 16 %, 71
2026/10/10 17:10:00.353, 0, 76805 MiB, 100 %, 251.38 W, 1980 MHz, 17 %, 35
2026/10/10 17:10:00.353, 1, 76805 MiB, 100 %, 265.42 W, 1980 MHz, 16 %, 59
2026/10/10 17:10:00.353, 2, 76805 MiB, 100 %, 250.41 W, 1980 MHz, 16 %, 39
2026/10/10 17:10:00.353, 3, 76805 MiB, 100 %, 248.46 W, 1980 MHz, 17 %, 34
2026/10/10 17:10:00.353, 4, 76805 MiB, 100 %, 240.60 W, 1980 MHz, 16 %, 34
2026/10/10 17:10:00.353, 5, 76805 MiB, 100 %, 250.27 W, 1980 MHz, 17 %, 39
2026/10/10 17:10:00.353, 6, 76805 MiB, 100 %, 240.33 W, 1980 MHz, 16 %, 36
2026/10/10 17:10:00.353, 7, 76805 MiB, 100 %, 278.05 W, 1980 MHz, 16 %, 71
2026/10/10 17:10:01.354, 0, 76805 MiB, 100 %, 250.37 W, 1980 MHz, 17 %, 35
2026/10/10 17:10:01.354, 1, 76805 MiB, 100 %, 266.23 W, 1980 MHz, 16 %, 59
2026/10/10 17:10:01.354, 2, 76805 MiB, 100 %, 250.48 W, 1980 MHz, 16 %, 39
2026/10/10 17:10:01.354, 3, 76805 MiB, 100 %, 248.77 W, 1980 MHz, 17 %, 34
2026/10/10 17:10:01.354, 4, 76805 MiB, 100 %, 241.12 W, 1980 MHz, 16 %, 34
2026/10/10 17:10:01.354, 5, 76805 MiB, 100 %, 250.04 W, 1980 MHz, 16 %, 39
2026/10/10 17:10:01.354, 6, 76805 MiB, 100 %, 240.41 W, 1980 MHz, 16 %, 36
2026/10/10 17:10:01.354, 7, 76805 MiB, 100 %, 279.15 W, 1980 MHz, 16 %, 71
2026/10/10 17:10:02.354, 0, 76805 MiB, 100 %, 251.35 W, 1980 MHz, 17 %, 35
2026/10/10 17:10:02.354, 1, 76805 MiB, 100 %, 266.41 W, 1980 MHz, 16 %, 59
2026/10/10 17:10:02.354, 2, 76805 MiB, 100 %, 250.23 W, 1980 MHz, 16 %, 39
2026/10/10 17:10:02.354, 3, 76805 MiB, 100 %, 248.16 W, 1980 MHz, 17 %, 34
2026/10/10 17:10:02.354, 4, 76805 MiB, 100 %, 241.77 W, 1980 MHz, 16 %, 34
2026/10/10 17:10:02.355, 5, 76805 MiB, 100 %, 250.20 W, 1980 MHz, 16 %, 38
2026/10/10 17:10:02.355, 6, 76805 MiB, 100 %, 240.51 W, 1980 MHz, 17 %, 36
2026/10/10 17:10:02.355, 7, 76805 MiB, 100 %, 279.08 W, 1980 MHz, 16 %, 71
2026/10/10 17:10:03.355, 0, 76805 MiB, 100 %, 251.79 W, 1980 MHz, 17 %, 35
2026/10/10 17:10:03.355, 1, 76805 MiB, 100 %, 266.16 W, 1980 MHz, 16 %, 59
2026/10/10 17:10:03.355, 2, 76805 MiB, 100 %, 250.31 W, 1980 MHz, 17 %, 39
2026/10/10 17:10:03.355, 3, 76805 MiB, 100 %, 248.72 W, 1980 MHz, 17 %, 33
2026/10/10 17:10:03.355, 4, 76805 MiB, 100 %, 240.59 W, 1980 MHz, 16 %, 34
2026/10/10 17:10:03.355, 5, 76805 MiB, 100 %, 249.53 W, 1980 MHz, 17 %, 38
2026/10/10 17:10:03.355, 6, 76805 MiB, 100 %, 240.62 W, 1980 MHz, 16 %, 36
2026/10/10 17:10:03.355, 7, 76805 MiB, 100 %, 277.62 W, 1980 MHz, 16 %, 70
2026/10/10 17:10:04.356, 0, 76805 MiB, 100 %, 251.60 W, 1980 MHz, 17 %, 35
2026/10/10 17:10:04.356, 1, 76805 MiB, 100 %, 268.06 W, 1980 MHz, 17 %, 59
2026/10/10 17:10:04.356, 2, 76805 MiB, 100 %, 250.35 W, 1980 MHz, 16 %, 39
2026/10/10 17:10:04.356, 3, 76805 MiB, 100 %, 248.14 W, 1980 MHz, 16 %, 33
2026/10/10 17:10:04.356, 4, 76805 MiB, 100 %, 241.40 W, 1980 MHz, 17 %, 34
2026/10/10 17:10:04.356, 5, 76805 MiB, 100 %, 248.55 W, 1980 MHz, 17 %, 38
2026/10/10 17:10:04.356, 6, 76805 MiB, 100 %, 239.01 W, 1980 MHz, 16 %, 36
2026/10/10 17:10:04.356, 7, 76805 MiB, 100 %, 276.52 W, 1980 MHz, 16 %, 70
2026/10/10 17:10:05.356, 0, 76805 MiB, 100 %, 252.58 W, 1980 MHz, 17 %, 35
2026/10/10 17:10:05.356, 1, 76805 MiB, 100 %, 268.67 W, 1980 MHz, 17 %, 59
2026/10/10 17:10:05.356, 2, 76805 MiB, 100 %, 248.22 W, 1980 MHz, 16 %, 39
2026/10/10 17:10:05.357, 3, 76805 MiB, 100 %, 246.85 W, 1980 MHz, 16 %, 33
2026/10/10 17:10:05.357, 4, 76805 MiB, 100 %, 240.89 W, 1980 MHz, 16 %, 34
2026/10/10 17:10:05.357, 5, 76805 MiB, 100 %, 251.07 W, 1980 MHz, 17 %, 38
2026/10/10 17:10:05.357, 6, 76805 MiB, 100 %, 238.06 W, 1980 MHz, 16 %, 36
2026/10/10 17:10:05.357, 7, 76805 MiB, 100 %, 275.01 W, 1980 MHz, 16 %, 70
2026/10/10 17:10:06.357, 0, 76805 MiB, 100 %, 248.46 W, 1980 MHz, 16 %, 35
2026/10/10 17:10:06.357, 1, 76805 MiB, 100 %, 267.82 W, 1980 MHz, 16 %, 59
2026/10/10 17:10:06.357, 2, 76805 MiB, 100 %, 250.24 W, 1980 MHz, 17 %, 39
2026/10/10 17:10:06.357, 3, 76805 MiB, 100 %, 245.53 W, 1980 MHz, 16 %, 33
2026/10/10 17:10:06.357, 4, 76805 MiB, 100 %, 241.01 W, 1980 MHz, 16 %, 34
2026/10/10 17:10:06.357, 5, 76805 MiB, 100 %, 251.25 W, 1980 MHz, 17 %, 38
2026/10/10 17:10:06.357, 6, 76805 MiB, 100 %, 237.65 W, 1980 MHz, 16 %, 36
2026/10/10 17:10:06.357, 7, 76805 MiB, 100 %, 276.58 W, 1980 MHz, 16 %, 70
2026/10/10 17:10:07.358, 0, 76805 MiB, 100 %, 417.17 W, 1965 MHz, 49 %, 45
2026/10/10 17:10:07.358, 1, 76805 MiB, 100 %, 445.78 W, 1965 MHz, 49 %, 68
2026/10/10 17:10:07.358, 2, 76805 MiB, 100 %, 432.51 W, 1950 MHz, 50 %, 49
2026/10/10 17:10:07.358, 3, 76805 MiB, 100 %, 433.19 W, 1905 MHz, 48 %, 44
2026/10/10 17:10:07.358, 4, 76805 MiB, 100 %, 440.30 W, 1950 MHz, 48 %, 46
2026/10/10 17:10:07.358, 5, 76805 MiB, 100 %, 447.04 W, 1875 MHz, 49 %, 50
2026/10/10 17:10:07.358, 6, 76805 MiB, 100 %, 431.52 W, 1965 MHz, 49 %, 47
2026/10/10 17:10:07.358, 7, 76805 MiB, 100 %, 434.90 W, 1920 MHz, 50 %, 80
2026/10/10 17:10:08.358, 0, 76805 MiB, 100 %, 677.18 W, 1965 MHz, 45 %, 49
2026/10/10 17:10:08.358, 1, 76805 MiB, 100 %, 691.04 W, 1890 MHz, 46 %, 69
2026/10/10 17:10:08.358, 2, 76805 MiB, 100 %, 682.86 W, 1965 MHz, 46 %, 50
2026/10/10 17:10:08.358, 3, 76805 MiB, 100 %, 690.34 W, 1950 MHz, 46 %, 48
2026/10/10 17:10:08.358, 4, 76805 MiB, 100 %, 691.32 W, 1845 MHz, 46 %, 50
2026/10/10 17:10:08.359, 5, 76805 MiB, 100 %, 686.53 W, 1905 MHz, 46 %, 53
2026/10/10 17:10:08.359, 6, 76805 MiB, 100 %, 672.75 W, 1980 MHz, 46 %, 52
2026/10/10 17:10:08.359, 7, 76805 MiB, 100 %, 693.91 W, 1830 MHz, 46 %, 83
2026/10/10 17:10:09.359, 0, 76805 MiB, 100 %, 673.83 W, 1980 MHz, 45 %, 51
2026/10/10 17:10:09.359, 1, 76805 MiB, 100 %, 690.43 W, 1950 MHz, 45 %, 70
2026/10/10 17:10:09.359, 2, 76805 MiB, 100 %, 678.15 W, 1980 MHz, 45 %, 52
2026/10/10 17:10:09.359, 3, 76805 MiB, 100 %, 686.69 W, 1920 MHz, 42 %, 50
2026/10/10 17:10:09.359, 4, 76805 MiB, 100 %, 692.31 W, 1875 MHz, 45 %, 52
2026/10/10 17:10:09.359, 5, 76805 MiB, 100 %, 688.52 W, 1965 MHz, 46 %, 55
2026/10/10 17:10:09.359, 6, 76805 MiB, 100 %, 678.84 W, 1980 MHz, 45 %, 54
2026/10/10 17:10:09.359, 7, 76805 MiB, 100 %, 668.62 W, 1740 MHz, 46 %, 83
2026/10/10 17:10:10.359, 0, 76805 MiB, 100 %, 544.66 W, 1980 MHz, 17 %, 41
2026/10/10 17:10:10.360, 1, 76805 MiB, 100 %, 557.09 W, 1965 MHz, 16 %, 62
2026/10/10 17:10:10.360, 2, 76805 MiB, 100 %, 523.09 W, 1980 MHz, 16 %, 44
2026/10/10 17:10:10.360, 3, 76805 MiB, 100 %, 549.29 W, 1980 MHz, 16 %, 40
2026/10/10 17:10:10.360, 4, 76805 MiB, 100 %, 538.51 W, 1980 MHz, 16 %, 41
2026/10/10 17:10:10.360, 5, 76805 MiB, 100 %, 543.71 W, 1980 MHz, 16 %, 45
2026/10/10 17:10:10.360, 6, 76805 MiB, 100 %, 512.79 W, 1980 MHz, 16 %, 44
2026/10/10 17:10:10.360, 7, 76805 MiB, 100 %, 514.84 W, 1965 MHz, 17 %, 74
2026/10/10 17:10:11.360, 0, 76805 MiB, 100 %, 250.94 W, 1980 MHz, 16 %, 37
2026/10/10 17:10:11.360, 1, 76805 MiB, 100 %, 270.21 W, 1980 MHz, 16 %, 60
2026/10/10 17:10:11.360, 2, 76805 MiB, 100 %, 253.02 W, 1980 MHz, 16 %, 41
2026/10/10 17:10:11.360, 3, 76805 MiB, 100 %, 249.90 W, 1980 MHz, 16 %, 36
2026/10/10 17:10:11.360, 4, 76805 MiB, 100 %, 245.22 W, 1980 MHz, 17 %, 37
2026/10/10 17:10:11.360, 5, 76805 MiB, 100 %, 253.03 W, 1980 MHz, 17 %, 41
2026/10/10 17:10:11.360, 6, 76805 MiB, 100 %, 244.34 W, 1980 MHz, 16 %, 39
2026/10/10 17:10:11.360, 7, 76805 MiB, 100 %, 283.28 W, 1980 MHz, 17 %, 72
2026/10/10 17:10:12.361, 0, 76805 MiB, 100 %, 248.66 W, 1980 MHz, 16 %, 37
2026/10/10 17:10:12.361, 1, 76805 MiB, 100 %, 268.87 W, 1980 MHz, 16 %, 59
2026/10/10 17:10:12.361, 2, 76805 MiB, 100 %, 250.41 W, 1980 MHz, 17 %, 40
2026/10/10 17:10:12.361, 3, 76805 MiB, 100 %, 248.61 W, 1980 MHz, 17 %, 35
2026/10/10 17:10:12.361, 4, 76805 MiB, 100 %, 244.92 W, 1980 MHz, 16 %, 36
2026/10/10 17:10:12.361, 5, 76805 MiB, 100 %, 250.93 W, 1980 MHz, 17 %, 40
2026/10/10 17:10:12.361, 6, 76805 MiB, 100 %, 243.48 W, 1980 MHz, 16 %, 38
2026/10/10 17:10:12.361, 7, 76805 MiB, 100 %, 282.17 W, 1980 MHz, 16 %, 71
2026/10/10 17:10:13.361, 0, 76805 MiB, 100 %, 249.12 W, 1980 MHz, 17 %, 36
2026/10/10 17:10:13.361, 1, 76805 MiB, 100 %, 268.84 W, 1980 MHz, 17 %, 59
2026/10/10 17:10:13.361, 2, 76805 MiB, 100 %, 249.79 W, 1980 MHz, 16 %, 40
2026/10/10 17:10:13.361, 3, 76805 MiB, 100 %, 248.57 W, 1980 MHz, 16 %, 35
2026/10/10 17:10:13.361, 4, 76805 MiB, 100 %, 244.36 W, 1980 MHz, 16 %, 35
2026/10/10 17:10:13.362, 5, 76805 MiB, 100 %, 251.28 W, 1980 MHz, 17 %, 40
2026/10/10 17:10:13.362, 6, 76805 MiB, 100 %, 241.24 W, 1980 MHz, 16 %, 37
2026/10/10 17:10:13.362, 7, 76805 MiB, 100 %, 281.78 W, 1980 MHz, 17 %, 71
2026/10/10 17:10:14.362, 0, 76805 MiB, 100 %, 251.11 W, 1980 MHz, 17 %, 36
2026/10/10 17:10:14.362, 1, 76805 MiB, 100 %, 268.65 W, 1980 MHz, 16 %, 59
2026/10/10 17:10:14.362, 2, 76805 MiB, 100 %, 249.02 W, 1980 MHz, 16 %, 40
2026/10/10 17:10:14.362, 3, 76805 MiB, 100 %, 250.23 W, 1980 MHz, 17 %, 34
2026/10/10 17:10:14.362, 4, 76805 MiB, 100 %, 242.82 W, 1980 MHz, 16 %, 35
2026/10/10 17:10:14.362, 5, 76805 MiB, 100 %, 249.35 W, 1980 MHz, 16 %, 39
2026/10/10 17:10:14.362, 6, 76805 MiB, 100 %, 241.01 W, 1980 MHz, 16 %, 37
2026/10/10 17:10:14.362, 7, 76805 MiB, 100 %, 282.26 W, 1980 MHz, 17 %, 71
2026/10/10 17:10:15.362, 0, 76805 MiB, 100 %, 250.23 W, 1980 MHz, 17 %, 36
2026/10/10 17:10:15.362, 1, 76805 MiB, 100 %, 268.53 W, 1980 MHz, 17 %, 59
2026/10/10 17:10:15.363, 2, 76805 MiB, 100 %, 249.67 W, 1980 MHz, 16 %, 40
2026/10/10 17:10:15.363, 3, 76805 MiB, 100 %, 249.47 W, 1980 MHz, 17 %, 34
2026/10/10 17:10:15.363, 4, 76805 MiB, 100 %, 242.82 W, 1980 MHz, 17 %, 35
2026/10/10 17:10:15.363, 5, 76805 MiB, 100 %, 249.58 W, 1980 MHz, 16 %, 39
2026/10/10 17:10:15.363, 6, 76805 MiB, 100 %, 240.81 W, 1980 MHz, 16 %, 37
2026/10/10 17:10:15.363, 7, 76805 MiB, 100 %, 282.14 W, 1980 MHz, 17 %, 71
2026/10/10 17:10:16.363, 0, 76805 MiB, 100 %, 250.07 W, 1980 MHz, 16 %, 36
2026/10/10 17:10:16.363, 1, 76805 MiB, 100 %, 267.43 W, 1980 MHz, 16 %, 59
2026/10/10 17:10:16.363, 2, 76805 MiB, 100 %, 249.97 W, 1980 MHz, 16 %, 39
2026/10/10 17:10:16.363, 3, 76805 MiB, 100 %, 249.02 W, 1980 MHz, 16 %, 34
2026/10/10 17:10:16.363, 4, 76805 MiB, 100 %, 242.70 W, 1980 MHz, 16 %, 35
2026/10/10 17:10:16.363, 5, 76805 MiB, 100 %, 249.21 W, 1980 MHz, 16 %, 39
2026/10/10 17:10:16.363, 6, 76805 MiB, 100 %, 242.33 W, 1980 MHz, 17 %, 37
2026/10/10 17:10:16.363, 7, 76805 MiB, 100 %, 280.17 W, 1980 MHz, 17 %, 71
2026/10/10 17:10:17.364, 0, 76805 MiB, 100 %, 249.82 W, 1980 MHz, 17 %, 36
2026/10/10 17:10:17.364, 1, 76805 MiB, 100 %, 269.27 W, 1980 MHz, 17 %, 59
2026/10/10 17:10:17.364, 2, 76805 MiB, 100 %, 249.35 W, 1980 MHz, 16 %, 39
2026/10/10 17:10:17.364, 3, 76805 MiB, 100 %, 248.19 W, 1980 MHz, 16 %, 34
2026/10/10 17:10:17.364, 4, 76805 MiB, 100 %, 242.77 W, 1980 MHz, 17 %, 35
2026/10/10 17:10:17.364, 5, 76805 MiB, 100 %, 250.50 W, 1980 MHz, 16 %, 39
2026/10/10 17:10:17.364, 6, 76805 MiB, 100 %, 240.20 W, 1980 MHz, 16 %, 36
2026/10/10 17:10:17.364, 7, 76805 MiB, 100 %, 280.61 W, 1980 MHz, 17 %, 71
2026/10/10 17:10:18.364, 0, 76805 MiB, 100 %, 249.20 W, 1980 MHz, 17 %, 35
2026/10/10 17:10:18.365, 1, 76805 MiB, 100 %, 268.68 W, 1980 MHz, 16 %, 59
2026/10/10 17:10:18.365, 2, 76805 MiB, 100 %, 250.89 W, 1980 MHz, 17 %, 39
2026/10/10 17:10:18.365, 3, 76805 MiB, 100 %, 246.26 W, 1980 MHz, 16 %, 34
2026/10/10 17:10:18.365, 4, 76805 MiB, 100 %, 244.73 W, 1980 MHz, 16 %, 34
2026/10/10 17:10:18.365, 5, 76805 MiB, 100 %, 249.33 W, 1980 MHz, 17 %, 39
2026/10/10 17:10:18.365, 6, 76805 MiB, 100 %, 239.37 W, 1980 MHz, 16 %, 36
2026/10/10 17:10:18.365, 7, 76805 MiB, 100 %, 280.17 W, 1980 MHz, 17 %, 71
2026/10/10 17:10:19.365, 0, 76805 MiB, 100 %, 249.89 W, 1980 MHz, 17 %, 35
2026/10/10 17:10:19.365, 1, 76805 MiB, 100 %, 267.35 W, 1980 MHz, 17 %, 59
2026/10/10 17:10:19.365, 2, 76805 MiB, 100 %, 250.20 W, 1980 MHz, 16 %, 39
2026/10/10 17:10:19.365, 3, 76805 MiB, 98 %, 246.99 W, 1980 MHz, 16 %, 34
2026/10/10 17:10:19.365, 4, 76805 MiB, 98 %, 242.00 W, 1980 MHz, 16 %, 34
2026/10/10 17:10:19.365, 5, 76805 MiB, 100 %, 249.13 W, 1980 MHz, 17 %, 39
2026/10/10 17:10:19.365, 6, 76805 MiB, 98 %, 240.59 W, 1980 MHz, 16 %, 36
2026/10/10 17:10:19.366, 7, 76805 MiB, 100 %, 280.77 W, 1980 MHz, 16 %, 71
2026/10/10 17:10:20.366, 0, 76805 MiB, 100 %, 250.36 W, 1980 MHz, 17 %, 35
2026/10/10 17:10:20.366, 1, 76805 MiB, 100 %, 269.21 W, 1980 MHz, 17 %, 59
2026/10/10 17:10:20.366, 2, 76805 MiB, 100 %, 250.39 W, 1980 MHz, 16 %, 39
2026/10/10 17:10:20.366, 3, 76805 MiB, 100 %, 247.98 W, 1980 MHz, 16 %, 34
2026/10/10 17:10:20.366, 4, 76805 MiB, 100 %, 241.68 W, 1980 MHz, 16 %, 34
2026/10/10 17:10:20.366, 5, 76805 MiB, 100 %, 249.20 W, 1980 MHz, 16 %, 39
2026/10/10 17:10:20.366, 6, 76805 MiB, 100 %, 240.04 W, 1980 MHz, 16 %, 36
2026/10/10 17:10:20.366, 7, 76805 MiB, 100 %, 280.43 W, 1980 MHz, 17 %, 71
2026/10/10 17:10:21.366, 0, 76805 MiB, 100 %, 250.00 W, 1980 MHz, 17 %, 35
2026/10/10 17:10:21.366, 1, 76805 MiB, 100 %, 267.95 W, 1980 MHz, 17 %, 59
2026/10/10 17:10:21.366, 2, 76805 MiB, 100 %, 249.58 W, 1980 MHz, 16 %, 39
2026/10/10 17:10:21.367, 3, 76805 MiB, 100 %, 246.21 W, 1980 MHz, 16 %, 34
2026/10/10 17:10:21.367, 4, 76805 MiB, 100 %, 243.05 W, 1980 MHz, 16 %, 34
2026/10/10 17:10:21.367, 5, 76805 MiB, 100 %, 249.21 W, 1980 MHz, 17 %, 38
2026/10/10 17:10:21.367, 6, 76805 MiB, 100 %, 239.37 W, 1980 MHz, 16 %, 36
2026/10/10 17:10:21.367, 7, 76805 MiB, 100 %, 281.32 W, 1980 MHz, 17 %, 71
2026/10/10 17:10:22.367, 0, 76805 MiB, 100 %, 250.63 W, 1980 MHz, 17 %, 35
2026/10/10 17:10:22.367, 1, 76805 MiB, 100 %, 267.43 W, 1980 MHz, 16 %, 59
2026/10/10 17:10:22.367, 2, 76805 MiB, 100 %, 250.74 W, 1980 MHz, 17 %, 39
2026/10/10 17:10:22.367, 3, 76805 MiB, 100 %, 245.89 W, 1980 MHz, 16 %, 33
2026/10/10 17:10:22.367, 4, 76805 MiB, 100 %, 243.27 W, 1980 MHz, 16 %, 34
2026/10/10 17:10:22.367, 5, 76805 MiB, 100 %, 249.40 W, 1980 MHz, 17 %, 38
2026/10/10 17:10:22.367, 6, 76805 MiB, 100 %, 240.52 W, 1980 MHz, 17 %, 36
2026/10/10 17:10:22.367, 7, 76805 MiB, 100 %, 279.43 W, 1980 MHz, 16 %, 71
2026/10/10 17:10:23.368, 0, 76805 MiB, 100 %, 250.61 W, 1980 MHz, 16 %, 35
2026/10/10 17:10:23.368, 1, 76805 MiB, 100 %, 267.37 W, 1980 MHz, 16 %, 59
2026/10/10 17:10:23.368, 2, 76805 MiB, 100 %, 248.95 W, 1980 MHz, 16 %, 39
2026/10/10 17:10:23.368, 3, 76805 MiB, 100 %, 248.37 W, 1980 MHz, 16 %, 33
2026/10/10 17:10:23.368, 4, 76805 MiB, 100 %, 242.51 W, 1980 MHz, 16 %, 34
2026/10/10 17:10:23.368, 5, 76805 MiB, 100 %, 251.00 W, 1980 MHz, 17 %, 38
2026/10/10 17:10:23.368, 6, 76805 MiB, 100 %, 241.62 W, 1980 MHz, 16 %, 36
2026/10/10 17:10:23.368, 7, 76805 MiB, 100 %, 280.01 W, 1980 MHz, 16 %, 71
2026/10/10 17:10:24.368, 0, 76805 MiB, 100 %, 248.54 W, 1980 MHz, 16 %, 35
2026/10/10 17:10:24.368, 1, 76805 MiB, 100 %, 267.89 W, 1980 MHz, 16 %, 59
2026/10/10 17:10:24.368, 2, 76805 MiB, 100 %, 249.07 W, 1980 MHz, 16 %, 39
2026/10/10 17:10:24.368, 3, 76805 MiB, 100 %, 247.94 W, 1980 MHz, 16 %, 33
2026/10/10 17:10:24.368, 4, 76805 MiB, 100 %, 242.03 W, 1980 MHz, 16 %, 34
2026/10/10 17:10:24.368, 5, 76805 MiB, 100 %, 251.01 W, 1980 MHz, 17 %, 38
2026/10/10 17:10:24.368, 6, 76805 MiB, 100 %, 241.39 W, 1980 MHz, 17 %, 36
2026/10/10 17:10:24.369, 7, 76805 MiB, 100 %, 279.35 W, 1980 MHz, 17 %, 70
2026/10/10 17:10:25.369, 0, 76805 MiB, 100 %, 248.77 W, 1980 MHz, 16 %, 35
2026/10/10 17:10:25.369, 1, 76805 MiB, 100 %, 269.11 W, 1980 MHz, 16 %, 59
2026/10/10 17:10:25.369, 2, 76805 MiB, 100 %, 249.60 W, 1980 MHz, 16 %, 39
2026/10/10 17:10:25.369, 3, 76805 MiB, 100 %, 247.27 W, 1980 MHz, 16 %, 33
2026/10/10 17:10:25.369, 4, 76805 MiB, 100 %, 242.79 W, 1980 MHz, 16 %, 34
2026/10/10 17:10:25.369, 5, 76805 MiB, 100 %, 251.71 W, 1980 MHz, 17 %, 38
2026/10/10 17:10:25.369, 6, 76805 MiB, 100 %, 240.28 W, 1980 MHz, 17 %, 36
2026/10/10 17:10:25.369, 7, 76805 MiB, 100 %, 279.29 W, 1980 MHz, 16 %, 70
2026/10/10 17:10:26.369, 0, 76805 MiB, 69 %, 233.54 W, 1980 MHz, 11 %, 34
2026/10/10 17:10:26.369, 1, 76805 MiB, 78 %, 252.78 W, 1980 MHz, 13 %, 58
2026/10/10 17:10:26.370, 2, 76805 MiB, 32 %, 229.14 W, 1980 MHz, 5 %, 38
2026/10/10 17:10:26.370, 3, 76805 MiB, 100 %, 229.78 W, 1980 MHz, 16 %, 32
2026/10/10 17:10:26.370, 4, 76805 MiB, 11 %, 223.69 W, 1980 MHz, 2 %, 32
2026/10/10 17:10:26.370, 5, 76805 MiB, 63 %, 230.77 W, 1980 MHz, 11 %, 36
2026/10/10 17:10:26.370, 6, 76805 MiB, 100 %, 220.98 W, 1980 MHz, 16 %, 34
2026/10/10 17:10:26.370, 7, 76805 MiB, 38 %, 255.57 W, 1980 MHz, 6 %, 68
