timestamp, index, memory.used [MiB], utilization.gpu [%], power.draw [W], clocks.current.sm [MHz]
2026/09/28 06:25:45.133, 0, 73075 MiB, 0 %, 180.24 W, 1980 MHz
2026/09/28 06:25:45.145, 1, 73075 MiB, 0 %, 134.24 W, 1980 MHz
2026/09/28 06:25:45.153, 2, 73075 MiB, 0 %, 128.78 W, 1980 MHz
2026/09/28 06:25:45.161, 3, 73075 MiB, 0 %, 125.42 W, 1980 MHz
2026/09/28 06:25:45.168, 4, 73075 MiB, 0 %, 123.98 W, 1980 MHz
2026/09/28 06:25:45.176, 5, 73075 MiB, 0 %, 127.65 W, 1980 MHz
2026/09/28 06:25:45.184, 6, 73075 MiB, 0 %, 129.96 W, 1980 MHz
2026/09/28 06:25:45.192, 7, 73075 MiB, 0 %, 123.20 W, 1980 MHz
2026/09/28 06:25:46.199, 0, 73075 MiB, 0 %, 178.79 W, 1980 MHz
2026/09/28 06:25:46.200, 1, 73075 MiB, 0 %, 133.21 W, 1980 MHz
2026/09/28 06:25:46.201, 2, 73075 MiB, 0 %, 127.75 W, 1980 MHz
2026/09/28 06:25:46.202, 3, 73075 MiB, 0 %, 124.75 W, 1980 MHz
2026/09/28 06:25:46.202, 4, 73075 MiB, 0 %, 123.30 W, 1980 MHz
2026/09/28 06:25:46.203, 5, 73075 MiB, 0 %, 126.88 W, 1980 MHz
2026/09/28 06:25:46.203, 6, 73075 MiB, 0 %, 128.97 W, 1980 MHz
2026/09/28 06:25:46.204, 7, 73075 MiB, 0 %, 122.39 W, 1980 MHz
2026/09/28 06:25:47.205, 0, 73075 MiB, 0 %, 178.12 W, 1980 MHz
2026/09/28 06:25:47.206, 1, 73075 MiB, 0 %, 132.65 W, 1980 MHz
2026/09/28 06:25:47.206, 2, 73075 MiB, 0 %, 127.07 W, 1980 MHz
2026/09/28 06:25:47.207, 3, 73075 MiB, 0 %, 124.44 W, 1980 MHz
2026/09/28 06:25:47.208, 4, 73075 MiB, 0 %, 122.93 W, 1980 MHz
2026/09/28 06:25:47.208, 5, 73075 MiB, 0 %, 126.58 W, 1980 MHz
2026/09/28 06:25:47.209, 6, 73075 MiB, 0 %, 128.63 W, 1980 MHz
2026/09/28 06:25:47.210, 7, 73075 MiB, 0 %, 122.12 W, 1980 MHz
2026/09/28 06:25:48.210, 0, 73075 MiB, 0 %, 177.61 W, 1980 MHz
2026/09/28 06:25:48.211, 1, 73075 MiB, 0 %, 132.21 W, 1980 MHz
2026/09/28 06:25:48.212, 2, 73075 MiB, 0 %, 126.35 W, 1980 MHz
2026/09/28 06:25:48.213, 3, 73075 MiB, 0 %, 124.02 W, 1980 MHz
2026/09/28 06:25:48.213, 4, 73075 MiB, 0 %, 123.07 W, 1980 MHz
2026/09/28 06:25:48.214, 5, 73075 MiB, 0 %, 126.29 W, 1980 MHz
2026/09/28 06:25:48.214, 6, 73075 MiB, 0 %, 128.32 W, 1980 MHz
2026/09/28 06:25:48.215, 7, 73075 MiB, 0 %, 121.83 W, 1980 MHz
2026/09/28 06:25:49.216, 0, 73075 MiB, 0 %, 177.15 W, 1980 MHz
2026/09/28 06:25:49.217, 1, 73075 MiB, 0 %, 130.50 W, 1980 MHz
2026/09/28 06:25:49.217, 2, 73075 MiB, 0 %, 126.04 W, 1980 MHz
2026/09/28 06:25:49.218, 3, 73075 MiB, 0 %, 123.48 W, 1980 MHz
2026/09/28 06:25:49.219, 4, 73075 MiB, 0 %, 122.49 W, 1980 MHz
2026/09/28 06:25:49.219, 5, 73075 MiB, 0 %, 126.02 W, 1980 MHz
2026/09/28 06:25:49.220, 6, 73075 MiB, 0 %, 127.93 W, 1980 MHz
2026/09/28 06:25:49.221, 7, 73075 MiB, 0 %, 121.45 W, 1980 MHz
2026/09/28 06:25:50.221, 0, 73075 MiB, 0 %, 176.69 W, 1980 MHz
2026/09/28 06:25:50.222, 1, 73075 MiB, 0 %, 130.09 W, 1980 MHz
2026/09/28 06:25:50.223, 2, 73075 MiB, 0 %, 125.72 W, 1980 MHz
2026/09/28 06:25:50.224, 3, 73075 MiB, 0 %, 123.20 W, 1980 MHz
2026/09/28 06:25:50.224, 4, 73075 MiB, 0 %, 121.50 W, 1980 MHz
2026/09/28 06:25:50.225, 5, 73075 MiB, 0 %, 125.67 W, 1980 MHz
2026/09/28 06:25:50.226, 6, 73075 MiB, 0 %, 127.57 W, 1980 MHz
2026/09/28 06:25:50.226, 7, 73075 MiB, 0 %, 121.23 W, 1980 MHz
2026/09/28 06:25:51.227, 0, 73075 MiB, 0 %, 176.31 W, 1980 MHz
2026/09/28 06:25:51.228, 1, 73075 MiB, 0 %, 129.64 W, 1980 MHz
2026/09/28 06:25:51.229, 2, 73075 MiB, 0 %, 125.37 W, 1980 MHz
2026/09/28 06:25:51.229, 3, 73075 MiB, 0 %, 123.03 W, 1980 MHz
2026/09/28 06:25:51.230, 4, 73075 MiB, 0 %, 121.27 W, 1980 MHz
2026/09/28 06:25:51.231, 5, 73075 MiB, 0 %, 125.02 W, 1980 MHz
2026/09/28 06:25:51.231, 6, 73075 MiB, 0 %, 127.38 W, 1980 MHz
2026/09/28 06:25:51.232, 7, 73075 MiB, 0 %, 120.94 W, 1980 MHz
2026/09/28 06:25:52.233, 0, 73075 MiB, 0 %, 175.93 W, 1980 MHz
2026/09/28 06:25:52.234, 1, 73075 MiB, 0 %, 129.26 W, 1980 MHz
2026/09/28 06:25:52.235, 2, 73075 MiB, 0 %, 125.06 W, 1980 MHz
2026/09/28 06:25:52.236, 3, 73075 MiB, 0 %, 122.85 W, 1980 MHz
2026/09/28 06:25:52.236, 4, 73075 MiB, 0 %, 121.04 W, 1980 MHz
2026/09/28 06:25:52.237, 5, 73075 MiB, 0 %, 123.96 W, 1980 MHz
2026/09/28 06:25:52.238, 6, 73075 MiB, 0 %, 127.48 W, 1980 MHz
2026/09/28 06:25:52.239, 7, 73075 MiB, 0 %, 120.74 W, 1980 MHz
2026/09/28 06:25:53.239, 0, 73075 MiB, 0 %, 175.61 W, 1980 MHz
2026/09/28 06:25:53.240, 1, 73075 MiB, 0 %, 128.96 W, 1980 MHz
2026/09/28 06:25:53.241, 2, 73075 MiB, 0 %, 124.87 W, 1980 MHz
2026/09/28 06:25:53.242, 3, 73075 MiB, 0 %, 122.61 W, 1980 MHz
2026/09/28 06:25:53.242, 4, 73075 MiB, 0 %, 120.89 W, 1980 MHz
2026/09/28 06:25:53.243, 5, 73075 MiB, 0 %, 123.75 W, 1980 MHz
2026/09/28 06:25:53.243, 6, 73075 MiB, 0 %, 127.22 W, 1980 MHz
2026/09/28 06:25:53.244, 7, 73075 MiB, 0 %, 120.54 W, 1980 MHz
2026/09/28 06:25:54.245, 0, 73075 MiB, 0 %, 175.32 W, 1980 MHz
2026/09/28 06:25:54.246, 1, 73075 MiB, 0 %, 128.68 W, 1980 MHz
2026/09/28 06:25:54.246, 2, 73075 MiB, 0 %, 124.54 W, 1980 MHz
2026/09/28 06:25:54.247, 3, 73075 MiB, 0 %, 122.42 W, 1980 MHz
2026/09/28 06:25:54.248, 4, 73075 MiB, 0 %, 120.72 W, 1980 MHz
2026/09/28 06:25:54.248, 5, 73075 MiB, 0 %, 123.52 W, 1980 MHz
2026/09/28 06:25:54.249, 6, 73075 MiB, 0 %, 126.97 W, 1980 MHz
2026/09/28 06:25:54.250, 7, 73075 MiB, 0 %, 120.33 W, 1980 MHz
2026/09/28 06:25:55.250, 0, 73075 MiB, 0 %, 175.02 W, 1980 MHz
2026/09/28 06:25:55.251, 1, 73075 MiB, 0 %, 128.45 W, 1980 MHz
2026/09/28 06:25:55.252, 2, 73075 MiB, 0 %, 124.41 W, 1980 MHz
2026/09/28 06:25:55.253, 3, 73075 MiB, 0 %, 122.22 W, 1980 MHz
2026/09/28 06:25:55.253, 4, 73075 MiB, 0 %, 120.54 W, 1980 MHz
2026/09/28 06:25:55.254, 5, 73075 MiB, 0 %, 123.29 W, 1980 MHz
2026/09/28 06:25:55.254, 6, 73075 MiB, 0 %, 126.72 W, 1980 MHz
2026/09/28 06:25:55.255, 7, 73075 MiB, 0 %, 120.16 W, 1980 MHz
2026/09/28 06:25:56.256, 0, 73075 MiB, 0 %, 174.77 W, 1980 MHz
2026/09/28 06:25:56.257, 1, 73075 MiB, 0 %, 128.19 W, 1980 MHz
2026/09/28 06:25:56.257, 2, 73075 MiB, 0 %, 124.13 W, 1980 MHz
2026/09/28 06:25:56.258, 3, 73075 MiB, 0 %, 122.09 W, 1980 MHz
2026/09/28 06:25:56.259, 4, 73075 MiB, 0 %, 120.37 W, 1980 MHz
2026/09/28 06:25:56.259, 5, 73075 MiB, 0 %, 123.11 W, 1980 MHz
2026/09/28 06:25:56.260, 6, 73075 MiB, 0 %, 126.55 W, 1980 MHz
2026/09/28 06:25:56.261, 7, 73075 MiB, 0 %, 120.06 W, 1980 MHz
2026/09/28 06:25:57.261, 0, 73075 MiB, 0 %, 174.52 W, 1980 MHz
2026/09/28 06:25:57.262, 1, 73075 MiB, 0 %, 127.94 W, 1980 MHz
2026/09/28 06:25:57.263, 2, 73075 MiB, 0 %, 124.28 W, 1980 MHz
2026/09/28 06:25:57.263, 3, 73075 MiB, 0 %, 121.99 W, 1980 MHz
2026/09/28 06:25:57.264, 4, 73075 MiB, 0 %, 120.21 W, 1980 MHz
2026/09/28 06:25:57.265, 5, 73075 MiB, 0 %, 122.89 W, 1980 MHz
2026/09/28 06:25:57.266, 6, 73075 MiB, 0 %, 126.32 W, 1980 MHz
2026/09/28 06:25:57.266, 7, 73075 MiB, 0 %, 119.82 W, 1980 MHz
2026/09/28 06:25:58.267, 0, 73075 MiB, 0 %, 174.21 W, 1980 MHz
2026/09/28 06:25:58.268, 1, 73075 MiB, 0 %, 127.67 W, 1980 MHz
2026/09/28 06:25:58.269, 2, 73075 MiB, 0 %, 124.08 W, 1980 MHz
2026/09/28 06:25:58.269, 3, 73075 MiB, 0 %, 121.84 W, 1980 MHz
2026/09/28 06:25:58.270, 4, 73075 MiB, 0 %, 120.03 W, 1980 MHz
2026/09/28 06:25:58.271, 5, 73075 MiB, 0 %, 122.71 W, 1980 MHz
2026/09/28 06:25:58.272, 6, 73075 MiB, 0 %, 126.13 W, 1980 MHz
2026/09/28 06:25:58.272, 7, 73075 MiB, 0 %, 119.74 W, 1980 MHz
2026/09/28 06:25:59.273, 0, 73075 MiB, 0 %, 174.03 W, 1980 MHz
2026/09/28 06:25:59.274, 1, 73075 MiB, 0 %, 127.40 W, 1980 MHz
2026/09/28 06:25:59.275, 2, 73075 MiB, 0 %, 123.94 W, 1980 MHz
2026/09/28 06:25:59.275, 3, 73075 MiB, 0 %, 121.70 W, 1980 MHz
2026/09/28 06:25:59.276, 4, 73075 MiB, 0 %, 119.97 W, 1980 MHz
2026/09/28 06:25:59.277, 5, 73075 MiB, 0 %, 122.45 W, 1980 MHz
2026/09/28 06:25:59.277, 6, 73075 MiB, 0 %, 125.66 W, 1980 MHz
2026/09/28 06:25:59.278, 7, 73075 MiB, 0 %, 119.60 W, 1980 MHz
2026/09/28 06:26:00.279, 0, 73075 MiB, 0 %, 173.82 W, 1980 MHz
2026/09/28 06:26:00.280, 1, 73075 MiB, 0 %, 127.20 W, 1980 MHz
2026/09/28 06:26:00.280, 2, 73075 MiB, 0 %, 123.26 W, 1980 MHz
2026/09/28 06:26:00.281, 3, 73075 MiB, 0 %, 121.58 W, 1980 MHz
2026/09/28 06:26:00.282, 4, 73075 MiB, 0 %, 119.87 W, 1980 MHz
2026/09/28 06:26:00.283, 5, 73075 MiB, 0 %, 122.33 W, 1980 MHz
2026/09/28 06:26:00.283, 6, 73075 MiB, 0 %, 124.93 W, 1980 MHz
2026/09/28 06:26:00.284, 7, 73075 MiB, 0 %, 119.46 W, 1980 MHz
2026/09/28 06:26:01.285, 0, 73075 MiB, 0 %, 173.62 W, 1980 MHz
2026/09/28 06:26:01.286, 1, 73075 MiB, 0 %, 127.03 W, 1980 MHz
2026/09/28 06:26:01.286, 2, 73075 MiB, 0 %, 122.77 W, 1980 MHz
2026/09/28 06:26:01.287, 3, 73075 MiB, 0 %, 121.46 W, 1980 MHz
2026/09/28 06:26:01.288, 4, 73075 MiB, 0 %, 119.75 W, 1980 MHz
2026/09/28 06:26:01.288, 5, 73075 MiB, 0 %, 122.24 W, 1980 MHz
2026/09/28 06:26:01.289, 6, 73075 MiB, 0 %, 124.79 W, 1980 MHz
2026/09/28 06:26:01.290, 7, 73075 MiB, 0 %, 119.42 W, 1980 MHz
2026/09/28 06:26:02.290, 0, 73075 MiB, 0 %, 173.46 W, 1980 MHz
2026/09/28 06:26:02.291, 1, 73075 MiB, 0 %, 126.85 W, 1980 MHz
2026/09/28 06:26:02.292, 2, 73075 MiB, 0 %, 122.60 W, 1980 MHz
2026/09/28 06:26:02.293, 3, 73075 MiB, 0 %, 121.36 W, 1980 MHz
2026/09/28 06:26:02.294, 4, 73075 MiB, 0 %, 119.61 W, 1980 MHz
2026/09/28 06:26:02.294, 5, 73075 MiB, 0 %, 122.10 W, 1980 MHz
2026/09/28 06:26:02.295, 6, 73075 MiB, 0 %, 124.61 W, 1980 MHz
2026/09/28 06:26:02.295, 7, 73075 MiB, 0 %, 119.28 W, 1980 MHz
2026/09/28 06:26:03.296, 0, 73075 MiB, 0 %, 173.25 W, 1980 MHz
2026/09/28 06:26:03.297, 1, 73075 MiB, 0 %, 126.50 W, 1980 MHz
2026/09/28 06:26:03.298, 2, 73075 MiB, 0 %, 122.39 W, 1980 MHz
2026/09/28 06:26:03.298, 3, 73075 MiB, 0 %, 121.29 W, 1980 MHz
2026/09/28 06:26:03.299, 4, 73075 MiB, 0 %, 119.51 W, 1980 MHz
2026/09/28 06:26:03.300, 5, 73075 MiB, 0 %, 121.87 W, 1980 MHz
2026/09/28 06:26:03.300, 6, 73075 MiB, 0 %, 124.37 W, 1980 MHz
2026/09/28 06:26:03.301, 7, 73075 MiB, 0 %, 119.17 W, 1980 MHz
2026/09/28 06:26:04.302, 0, 73075 MiB, 0 %, 173.10 W, 1980 MHz
2026/09/28 06:26:04.303, 1, 73075 MiB, 0 %, 126.11 W, 1980 MHz
2026/09/28 06:26:04.304, 2, 73075 MiB, 0 %, 122.23 W, 1980 MHz
2026/09/28 06:26:04.304, 3, 73075 MiB, 0 %, 121.19 W, 1980 MHz
2026/09/28 06:26:04.305, 4, 73075 MiB, 0 %, 119.40 W, 1980 MHz
2026/09/28 06:26:04.306, 5, 73075 MiB, 0 %, 121.71 W, 1980 MHz
2026/09/28 06:26:04.306, 6, 73075 MiB, 0 %, 124.25 W, 1980 MHz
2026/09/28 06:26:04.307, 7, 73075 MiB, 0 %, 119.00 W, 1980 MHz
2026/09/28 06:26:05.308, 0, 73075 MiB, 0 %, 172.98 W, 1980 MHz
2026/09/28 06:26:05.308, 1, 73075 MiB, 0 %, 125.82 W, 1980 MHz
2026/09/28 06:26:05.309, 2, 73075 MiB, 0 %, 122.07 W, 1980 MHz
2026/09/28 06:26:05.310, 3, 73075 MiB, 0 %, 121.11 W, 1980 MHz
2026/09/28 06:26:05.311, 4, 73075 MiB, 0 %, 119.33 W, 1980 MHz
2026/09/28 06:26:05.311, 5, 73075 MiB, 0 %, 121.60 W, 1980 MHz
2026/09/28 06:26:05.312, 6, 73075 MiB, 0 %, 124.12 W, 1980 MHz
2026/09/28 06:26:05.312, 7, 73075 MiB, 0 %, 118.97 W, 1980 MHz
2026/09/28 06:26:06.313, 0, 73075 MiB, 0 %, 172.81 W, 1980 MHz
2026/09/28 06:26:06.314, 1, 73075 MiB, 0 %, 125.69 W, 1980 MHz
2026/09/28 06:26:06.315, 2, 73075 MiB, 0 %, 121.96 W, 1980 MHz
2026/09/28 06:26:06.315, 3, 73075 MiB, 0 %, 121.10 W, 1980 MHz
2026/09/28 06:26:06.316, 4, 73075 MiB, 0 %, 119.23 W, 1980 MHz
2026/09/28 06:26:06.317, 5, 73075 MiB, 0 %, 121.49 W, 1980 MHz
2026/09/28 06:26:06.317, 6, 73075 MiB, 0 %, 124.00 W, 1980 MHz
2026/09/28 06:26:06.318, 7, 73075 MiB, 0 %, 118.83 W, 1980 MHz
2026/09/28 06:26:07.319, 0, 73075 MiB, 0 %, 172.67 W, 1980 MHz
2026/09/28 06:26:07.319, 1, 73075 MiB, 0 %, 125.53 W, 1980 MHz
2026/09/28 06:26:07.320, 2, 73075 MiB, 0 %, 121.81 W, 1980 MHz
2026/09/28 06:26:07.321, 3, 73075 MiB, 0 %, 120.89 W, 1980 MHz
2026/09/28 06:26:07.322, 4, 73075 MiB, 0 %, 119.18 W, 1980 MHz
2026/09/28 06:26:07.322, 5, 73075 MiB, 0 %, 121.30 W, 1980 MHz
2026/09/28 06:26:07.323, 6, 73075 MiB, 0 %, 123.88 W, 1980 MHz
2026/09/28 06:26:07.324, 7, 73075 MiB, 0 %, 118.81 W, 1980 MHz
2026/09/28 06:26:08.324, 0, 73075 MiB, 0 %, 172.59 W, 1980 MHz
2026/09/28 06:26:08.325, 1, 73075 MiB, 0 %, 125.42 W, 1980 MHz
2026/09/28 06:26:08.326, 2, 73075 MiB, 0 %, 121.70 W, 1980 MHz
2026/09/28 06:26:08.327, 3, 73075 MiB, 0 %, 120.47 W, 1980 MHz
2026/09/28 06:26:08.328, 4, 73075 MiB, 0 %, 119.06 W, 1980 MHz
2026/09/28 06:26:08.328, 5, 73075 MiB, 0 %, 121.18 W, 1980 MHz
2026/09/28 06:26:08.329, 6, 73075 MiB, 0 %, 123.72 W, 1980 MHz
2026/09/28 06:26:08.330, 7, 73075 MiB, 0 %, 118.69 W, 1980 MHz
2026/09/28 06:26:09.331, 0, 73075 MiB, 0 %, 172.48 W, 1980 MHz
2026/09/28 06:26:09.331, 1, 73075 MiB, 0 %, 125.32 W, 1980 MHz
2026/09/28 06:26:09.332, 2, 73075 MiB, 0 %, 121.58 W, 1980 MHz
2026/09/28 06:26:09.333, 3, 73075 MiB, 0 %, 120.17 W, 1980 MHz
2026/09/28 06:26:09.334, 4, 73075 MiB, 0 %, 119.04 W, 1980 MHz
2026/09/28 06:26:09.334, 5, 73075 MiB, 0 %, 121.11 W, 1980 MHz
2026/09/28 06:26:09.335, 6, 73075 MiB, 0 %, 123.59 W, 1980 MHz
2026/09/28 06:26:09.336, 7, 73075 MiB, 0 %, 118.65 W, 1980 MHz
2026/09/28 06:26:10.336, 0, 73075 MiB, 0 %, 172.29 W, 1980 MHz
2026/09/28 06:26:10.338, 1, 73075 MiB, 0 %, 125.18 W, 1980 MHz
2026/09/28 06:26:10.339, 2, 73075 MiB, 0 %, 121.40 W, 1980 MHz
2026/09/28 06:26:10.341, 3, 73075 MiB, 0 %, 120.12 W, 1980 MHz
2026/09/28 06:26:10.342, 4, 73075 MiB, 0 %, 118.94 W, 1980 MHz
2026/09/28 06:26:10.343, 5, 73075 MiB, 0 %, 121.06 W, 1980 MHz
2026/09/28 06:26:10.344, 6, 73075 MiB, 0 %, 123.50 W, 1980 MHz
2026/09/28 06:26:10.344, 7, 73075 MiB, 0 %, 118.50 W, 1980 MHz
2026/09/28 06:26:11.345, 0, 73075 MiB, 0 %, 172.23 W, 1980 MHz
2026/09/28 06:26:11.346, 1, 73075 MiB, 0 %, 124.97 W, 1980 MHz
2026/09/28 06:26:11.347, 2, 73075 MiB, 0 %, 121.38 W, 1980 MHz
2026/09/28 06:26:11.348, 3, 73075 MiB, 0 %, 120.07 W, 1980 MHz
2026/09/28 06:26:11.348, 4, 73075 MiB, 0 %, 118.86 W, 1980 MHz
2026/09/28 06:26:11.349, 5, 73075 MiB, 0 %, 120.86 W, 1980 MHz
2026/09/28 06:26:11.350, 6, 73075 MiB, 0 %, 123.33 W, 1980 MHz
2026/09/28 06:26:11.350, 7, 73075 MiB, 0 %, 118.55 W, 1980 MHz
2026/09/28 06:26:12.351, 0, 73075 MiB, 0 %, 172.10 W, 1980 MHz
2026/09/28 06:26:12.353, 1, 73075 MiB, 0 %, 124.83 W, 1980 MHz
2026/09/28 06:26:12.354, 2, 73075 MiB, 0 %, 121.25 W, 1980 MHz
2026/09/28 06:26:12.355, 3, 73075 MiB, 0 %, 120.03 W, 1980 MHz
2026/09/28 06:26:12.357, 4, 73075 MiB, 0 %, 118.81 W, 1980 MHz
2026/09/28 06:26:12.358, 5, 73075 MiB, 0 %, 120.84 W, 1980 MHz
2026/09/28 06:26:12.359, 6, 73075 MiB, 0 %, 123.28 W, 1980 MHz
2026/09/28 06:26:12.360, 7, 73075 MiB, 0 %, 118.50 W, 1980 MHz
2026/09/28 06:26:13.362, 0, 73075 MiB, 0 %, 172.03 W, 1980 MHz
2026/09/28 06:26:13.363, 1, 73075 MiB, 0 %, 124.77 W, 1980 MHz
2026/09/28 06:26:13.364, 2, 73075 MiB, 0 %, 121.11 W, 1980 MHz
2026/09/28 06:26:13.364, 3, 73075 MiB, 0 %, 119.92 W, 1980 MHz
2026/09/28 06:26:13.365, 4, 73075 MiB, 0 %, 118.74 W, 1980 MHz
2026/09/28 06:26:13.366, 5, 73075 MiB, 0 %, 120.72 W, 1980 MHz
2026/09/28 06:26:13.366, 6, 73075 MiB, 0 %, 123.21 W, 1980 MHz
2026/09/28 06:26:13.367, 7, 73075 MiB, 0 %, 117.32 W, 1980 MHz
2026/09/28 06:26:14.368, 0, 73075 MiB, 0 %, 171.88 W, 1980 MHz
2026/09/28 06:26:14.369, 1, 73075 MiB, 0 %, 124.69 W, 1980 MHz
2026/09/28 06:26:14.369, 2, 73075 MiB, 0 %, 121.02 W, 1980 MHz
2026/09/28 06:26:14.370, 3, 73075 MiB, 0 %, 119.91 W, 1980 MHz
2026/09/28 06:26:14.371, 4, 73075 MiB, 0 %, 118.71 W, 1980 MHz
2026/09/28 06:26:14.371, 5, 73075 MiB, 0 %, 120.59 W, 1980 MHz
2026/09/28 06:26:14.372, 6, 73075 MiB, 0 %, 123.12 W, 1980 MHz
2026/09/28 06:26:14.373, 7, 73075 MiB, 0 %, 117.25 W, 1980 MHz
2026/09/28 06:26:15.373, 0, 73075 MiB, 0 %, 171.79 W, 1980 MHz
2026/09/28 06:26:15.374, 1, 73075 MiB, 0 %, 124.56 W, 1980 MHz
2026/09/28 06:26:15.375, 2, 73075 MiB, 0 %, 120.98 W, 1980 MHz
2026/09/28 06:26:15.376, 3, 73075 MiB, 0 %, 119.89 W, 1980 MHz
2026/09/28 06:26:15.376, 4, 73075 MiB, 0 %, 118.67 W, 1980 MHz
2026/09/28 06:26:15.377, 5, 73075 MiB, 0 %, 120.61 W, 1980 MHz
2026/09/28 06:26:15.378, 6, 73075 MiB, 0 %, 123.06 W, 1980 MHz
2026/09/28 06:26:15.378, 7, 73075 MiB, 0 %, 117.12 W, 1980 MHz
2026/09/28 06:26:16.379, 0, 73075 MiB, 0 %, 171.73 W, 1980 MHz
2026/09/28 06:26:16.380, 1, 73075 MiB, 0 %, 124.52 W, 1980 MHz
2026/09/28 06:26:16.381, 2, 73075 MiB, 0 %, 120.87 W, 1980 MHz
2026/09/28 06:26:16.382, 3, 73075 MiB, 0 %, 119.78 W, 1980 MHz
2026/09/28 06:26:16.382, 4, 73075 MiB, 0 %, 118.61 W, 1980 MHz
2026/09/28 06:26:16.383, 5, 73075 MiB, 0 %, 120.53 W, 1980 MHz
2026/09/28 06:26:16.384, 6, 73075 MiB, 0 %, 122.97 W, 1980 MHz
2026/09/28 06:26:16.385, 7, 73075 MiB, 0 %, 117.09 W, 1980 MHz
2026/09/28 06:26:17.385, 0, 73075 MiB, 0 %, 171.64 W, 1980 MHz
2026/09/28 06:26:17.387, 1, 73075 MiB, 0 %, 124.45 W, 1980 MHz
2026/09/28 06:26:17.388, 2, 73075 MiB, 0 %, 120.78 W, 1980 MHz
2026/09/28 06:26:17.388, 3, 73075 MiB, 0 %, 119.83 W, 1980 MHz
2026/09/28 06:26:17.389, 4, 73075 MiB, 0 %, 118.54 W, 1980 MHz
2026/09/28 06:26:17.390, 5, 73075 MiB, 0 %, 120.43 W, 1980 MHz
2026/09/28 06:26:17.390, 6, 73075 MiB, 0 %, 122.92 W, 1980 MHz
2026/09/28 06:26:17.391, 7, 73075 MiB, 0 %, 117.13 W, 1980 MHz
2026/09/28 06:26:18.392, 0, 73075 MiB, 0 %, 171.57 W, 1980 MHz
2026/09/28 06:26:18.393, 1, 73075 MiB, 0 %, 124.32 W, 1980 MHz
2026/09/28 06:26:18.394, 2, 73075 MiB, 0 %, 120.74 W, 1980 MHz
2026/09/28 06:26:18.394, 3, 73075 MiB, 0 %, 119.85 W, 1980 MHz
2026/09/28 06:26:18.395, 4, 73075 MiB, 0 %, 118.58 W, 1980 MHz
2026/09/28 06:26:18.396, 5, 73075 MiB, 0 %, 120.35 W, 1980 MHz
2026/09/28 06:26:18.396, 6, 73075 MiB, 0 %, 122.89 W, 1980 MHz
2026/09/28 06:26:18.397, 7, 73075 MiB, 0 %, 117.14 W, 1980 MHz
2026/09/28 06:26:19.398, 0, 73075 MiB, 0 %, 171.46 W, 1980 MHz
2026/09/28 06:26:19.398, 1, 73075 MiB, 0 %, 124.22 W, 1980 MHz
2026/09/28 06:26:19.399, 2, 73075 MiB, 0 %, 120.65 W, 1980 MHz
2026/09/28 06:26:19.400, 3, 73075 MiB, 0 %, 119.72 W, 1980 MHz
2026/09/28 06:26:19.401, 4, 73075 MiB, 0 %, 118.63 W, 1980 MHz
2026/09/28 06:26:19.401, 5, 73075 MiB, 0 %, 120.24 W, 1980 MHz
2026/09/28 06:26:19.402, 6, 73075 MiB, 0 %, 122.83 W, 1980 MHz
2026/09/28 06:26:19.403, 7, 73075 MiB, 0 %, 117.11 W, 1980 MHz
2026/09/28 06:26:20.403, 0, 73075 MiB, 0 %, 171.41 W, 1980 MHz
2026/09/28 06:26:20.404, 1, 73075 MiB, 0 %, 124.12 W, 1980 MHz
2026/09/28 06:26:20.405, 2, 73075 MiB, 0 %, 120.58 W, 1980 MHz
2026/09/28 06:26:20.406, 3, 73075 MiB, 0 %, 119.71 W, 1980 MHz
2026/09/28 06:26:20.406, 4, 73075 MiB, 0 %, 118.58 W, 1980 MHz
2026/09/28 06:26:20.407, 5, 73075 MiB, 0 %, 120.28 W, 1980 MHz
2026/09/28 06:26:20.408, 6, 73075 MiB, 0 %, 122.80 W, 1980 MHz
2026/09/28 06:26:20.408, 7, 73075 MiB, 0 %, 117.06 W, 1980 MHz
2026/09/28 06:26:21.409, 0, 73075 MiB, 0 %, 171.35 W, 1980 MHz
2026/09/28 06:26:21.410, 1, 73075 MiB, 0 %, 124.12 W, 1980 MHz
2026/09/28 06:26:21.411, 2, 73075 MiB, 0 %, 120.55 W, 1980 MHz
2026/09/28 06:26:21.411, 3, 73075 MiB, 0 %, 119.77 W, 1980 MHz
2026/09/28 06:26:21.412, 4, 73075 MiB, 0 %, 118.57 W, 1980 MHz
2026/09/28 06:26:21.413, 5, 73075 MiB, 0 %, 120.21 W, 1980 MHz
2026/09/28 06:26:21.413, 6, 73075 MiB, 0 %, 122.69 W, 1980 MHz
2026/09/28 06:26:21.414, 7, 73075 MiB, 0 %, 117.06 W, 1980 MHz
2026/09/28 06:26:22.415, 0, 73075 MiB, 0 %, 171.22 W, 1980 MHz
2026/09/28 06:26:22.416, 1, 73075 MiB, 0 %, 124.02 W, 1980 MHz
2026/09/28 06:26:22.417, 2, 73075 MiB, 0 %, 120.45 W, 1980 MHz
2026/09/28 06:26:22.417, 3, 73075 MiB, 0 %, 119.76 W, 1980 MHz
2026/09/28 06:26:22.418, 4, 73075 MiB, 0 %, 118.55 W, 1980 MHz
2026/09/28 06:26:22.419, 5, 73075 MiB, 0 %, 120.16 W, 1980 MHz
2026/09/28 06:26:22.419, 6, 73075 MiB, 0 %, 122.64 W, 1980 MHz
2026/09/28 06:26:22.420, 7, 73075 MiB, 0 %, 116.99 W, 1980 MHz
2026/09/28 06:26:23.421, 0, 73075 MiB, 0 %, 171.19 W, 1980 MHz
2026/09/28 06:26:23.422, 1, 73075 MiB, 0 %, 123.96 W, 1980 MHz
2026/09/28 06:26:23.423, 2, 73075 MiB, 0 %, 120.39 W, 1980 MHz
2026/09/28 06:26:23.423, 3, 73075 MiB, 0 %, 119.73 W, 1980 MHz
2026/09/28 06:26:23.424, 4, 73075 MiB, 0 %, 118.52 W, 1980 MHz
2026/09/28 06:26:23.425, 5, 73075 MiB, 0 %, 120.14 W, 1980 MHz
2026/09/28 06:26:23.426, 6, 73075 MiB, 0 %, 122.57 W, 1980 MHz
2026/09/28 06:26:23.426, 7, 73075 MiB, 0 %, 116.96 W, 1980 MHz
2026/09/28 06:26:24.427, 0, 73075 MiB, 0 %, 171.10 W, 1980 MHz
2026/09/28 06:26:24.428, 1, 73075 MiB, 0 %, 123.89 W, 1980 MHz
2026/09/28 06:26:24.429, 2, 73075 MiB, 0 %, 120.31 W, 1980 MHz
2026/09/28 06:26:24.429, 3, 73075 MiB, 0 %, 119.65 W, 1980 MHz
2026/09/28 06:26:24.430, 4, 73075 MiB, 0 %, 118.46 W, 1980 MHz
2026/09/28 06:26:24.431, 5, 73075 MiB, 0 %, 120.04 W, 1980 MHz
2026/09/28 06:26:24.431, 6, 73075 MiB, 0 %, 122.53 W, 1980 MHz
2026/09/28 06:26:24.432, 7, 73075 MiB, 0 %, 116.98 W, 1980 MHz
2026/09/28 06:26:25.433, 0, 73075 MiB, 0 %, 170.99 W, 1980 MHz
2026/09/28 06:26:25.434, 1, 73075 MiB, 0 %, 123.79 W, 1980 MHz
2026/09/28 06:26:25.435, 2, 73075 MiB, 0 %, 120.28 W, 1980 MHz
2026/09/28 06:26:25.435, 3, 73075 MiB, 0 %, 119.53 W, 1980 MHz
2026/09/28 06:26:25.436, 4, 73075 MiB, 0 %, 118.47 W, 1980 MHz
2026/09/28 06:26:25.437, 5, 73075 MiB, 0 %, 119.98 W, 1980 MHz
2026/09/28 06:26:25.438, 6, 73075 MiB, 0 %, 122.47 W, 1980 MHz
2026/09/28 06:26:25.438, 7, 73075 MiB, 0 %, 116.99 W, 1980 MHz
2026/09/28 06:26:26.439, 0, 73075 MiB, 0 %, 170.92 W, 1980 MHz
2026/09/28 06:26:26.440, 1, 73075 MiB, 0 %, 123.74 W, 1980 MHz
2026/09/28 06:26:26.440, 2, 73075 MiB, 0 %, 120.22 W, 1980 MHz
2026/09/28 06:26:26.441, 3, 73075 MiB, 0 %, 119.48 W, 1980 MHz
2026/09/28 06:26:26.442, 4, 73075 MiB, 0 %, 118.43 W, 1980 MHz
2026/09/28 06:26:26.443, 5, 73075 MiB, 0 %, 119.86 W, 1980 MHz
2026/09/28 06:26:26.443, 6, 73075 MiB, 0 %, 122.47 W, 1980 MHz
2026/09/28 06:26:26.444, 7, 73075 MiB, 0 %, 116.89 W, 1980 MHz
2026/09/28 06:26:27.445, 0, 73075 MiB, 0 %, 170.86 W, 1980 MHz
2026/09/28 06:26:27.446, 1, 73075 MiB, 0 %, 123.69 W, 1980 MHz
2026/09/28 06:26:27.446, 2, 73075 MiB, 0 %, 120.19 W, 1980 MHz
2026/09/28 06:26:27.447, 3, 73075 MiB, 0 %, 119.52 W, 1980 MHz
2026/09/28 06:26:27.448, 4, 73075 MiB, 0 %, 118.40 W, 1980 MHz
2026/09/28 06:26:27.449, 5, 73075 MiB, 0 %, 119.92 W, 1980 MHz
2026/09/28 06:26:27.449, 6, 73075 MiB, 0 %, 122.44 W, 1980 MHz
2026/09/28 06:26:27.450, 7, 73075 MiB, 0 %, 116.85 W, 1980 MHz
2026/09/28 06:26:28.451, 0, 73075 MiB, 0 %, 170.82 W, 1980 MHz
2026/09/28 06:26:28.452, 1, 73075 MiB, 0 %, 123.63 W, 1980 MHz
2026/09/28 06:26:28.452, 2, 73075 MiB, 0 %, 120.07 W, 1980 MHz
2026/09/28 06:26:28.453, 3, 73075 MiB, 0 %, 119.49 W, 1980 MHz
2026/09/28 06:26:28.454, 4, 73075 MiB, 0 %, 118.38 W, 1980 MHz
2026/09/28 06:26:28.454, 5, 73075 MiB, 0 %, 119.82 W, 1980 MHz
2026/09/28 06:26:28.455, 6, 73075 MiB, 0 %, 122.40 W, 1980 MHz
2026/09/28 06:26:28.456, 7, 73075 MiB, 0 %, 116.82 W, 1980 MHz
2026/09/28 06:26:29.456, 0, 73075 MiB, 0 %, 170.74 W, 1980 MHz
2026/09/28 06:26:29.457, 1, 73075 MiB, 0 %, 123.60 W, 1980 MHz
2026/09/28 06:26:29.458, 2, 73075 MiB, 0 %, 120.05 W, 1980 MHz
2026/09/28 06:26:29.459, 3, 73075 MiB, 0 %, 119.50 W, 1980 MHz
2026/09/28 06:26:29.459, 4, 73075 MiB, 0 %, 118.28 W, 1980 MHz
2026/09/28 06:26:29.460, 5, 73075 MiB, 0 %, 119.82 W, 1980 MHz
2026/09/28 06:26:29.461, 6, 73075 MiB, 0 %, 122.35 W, 1980 MHz
2026/09/28 06:26:29.461, 7, 73075 MiB, 0 %, 116.83 W, 1980 MHz
2026/09/28 06:26:30.462, 0, 73075 MiB, 100 %, 521.88 W, 1980 MHz
2026/09/28 06:26:30.463, 1, 73075 MiB, 100 %, 505.98 W, 1980 MHz
2026/09/28 06:26:30.464, 2, 73075 MiB, 100 %, 456.94 W, 1980 MHz
2026/09/28 06:26:30.464, 3, 73075 MiB, 100 %, 488.64 W, 1980 MHz
2026/09/28 06:26:30.465, 4, 73075 MiB, 100 %, 490.03 W, 1980 MHz
2026/09/28 06:26:30.466, 5, 73075 MiB, 100 %, 476.04 W, 1980 MHz
2026/09/28 06:26:30.466, 6, 73075 MiB, 100 %, 488.18 W, 1980 MHz
2026/09/28 06:26:30.467, 7, 73075 MiB, 100 %, 461.54 W, 1980 MHz
2026/09/28 06:26:31.468, 0, 73075 MiB, 100 %, 601.89 W, 1980 MHz
2026/09/28 06:26:31.469, 1, 73075 MiB, 100 %, 558.03 W, 1980 MHz
2026/09/28 06:26:31.470, 2, 73075 MiB, 100 %, 522.66 W, 1980 MHz
2026/09/28 06:26:31.470, 3, 73075 MiB, 100 %, 533.13 W, 1980 MHz
2026/09/28 06:26:31.471, 4, 73075 MiB, 100 %, 520.10 W, 1980 MHz
2026/09/28 06:26:31.472, 5, 73075 MiB, 100 %, 528.52 W, 1980 MHz
2026/09/28 06:26:31.472, 6, 73075 MiB, 100 %, 548.07 W, 1980 MHz
2026/09/28 06:26:31.473, 7, 73075 MiB, 100 %, 512.51 W, 1980 MHz
2026/09/28 06:26:32.474, 0, 73075 MiB, 100 %, 600.70 W, 1980 MHz
2026/09/28 06:26:32.475, 1, 73075 MiB, 100 %, 551.16 W, 1980 MHz
2026/09/28 06:26:32.475, 2, 73075 MiB, 100 %, 526.88 W, 1980 MHz
2026/09/28 06:26:32.476, 3, 73075 MiB, 100 %, 516.62 W, 1980 MHz
2026/09/28 06:26:32.477, 4, 73075 MiB, 100 %, 526.14 W, 1980 MHz
2026/09/28 06:26:32.477, 5, 73075 MiB, 100 %, 524.22 W, 1980 MHz
2026/09/28 06:26:32.478, 6, 73075 MiB, 100 %, 549.95 W, 1980 MHz
2026/09/28 06:26:32.479, 7, 73075 MiB, 100 %, 520.78 W, 1980 MHz
2026/09/28 06:26:33.479, 0, 73075 MiB, 100 %, 602.88 W, 1980 MHz
2026/09/28 06:26:33.480, 1, 73075 MiB, 100 %, 548.51 W, 1980 MHz
2026/09/28 06:26:33.481, 2, 73075 MiB, 100 %, 512.44 W, 1980 MHz
2026/09/28 06:26:33.482, 3, 73075 MiB, 100 %, 531.35 W, 1980 MHz
2026/09/28 06:26:33.483, 4, 73075 MiB, 100 %, 519.30 W, 1980 MHz
2026/09/28 06:26:33.483, 5, 73075 MiB, 100 %, 524.60 W, 1980 MHz
2026/09/28 06:26:33.484, 6, 73075 MiB, 100 %, 551.28 W, 1980 MHz
2026/09/28 06:26:33.485, 7, 73075 MiB, 100 %, 517.14 W, 1980 MHz
2026/09/28 06:26:34.485, 0, 73075 MiB, 100 %, 606.77 W, 1980 MHz
2026/09/28 06:26:34.486, 1, 73075 MiB, 100 %, 550.83 W, 1980 MHz
2026/09/28 06:26:34.487, 2, 73075 MiB, 100 %, 525.38 W, 1980 MHz
2026/09/28 06:26:34.488, 3, 73075 MiB, 100 %, 535.15 W, 1980 MHz
2026/09/28 06:26:34.489, 4, 73075 MiB, 100 %, 523.48 W, 1980 MHz
2026/09/28 06:26:34.489, 5, 73075 MiB, 100 %, 533.39 W, 1980 MHz
2026/09/28 06:26:34.490, 6, 73075 MiB, 100 %, 551.61 W, 1980 MHz
2026/09/28 06:26:34.490, 7, 73075 MiB, 100 %, 523.94 W, 1980 MHz
2026/09/28 06:26:35.491, 0, 73075 MiB, 100 %, 604.79 W, 1980 MHz
2026/09/28 06:26:35.492, 1, 73075 MiB, 100 %, 555.53 W, 1980 MHz
2026/09/28 06:26:35.493, 2, 73075 MiB, 100 %, 525.38 W, 1980 MHz
2026/09/28 06:26:35.494, 3, 73075 MiB, 100 %, 531.92 W, 1980 MHz
2026/09/28 06:26:35.494, 4, 73075 MiB, 100 %, 521.54 W, 1980 MHz
2026/09/28 06:26:35.495, 5, 73075 MiB, 100 %, 529.92 W, 1980 MHz
2026/09/28 06:26:35.496, 6, 73075 MiB, 100 %, 551.81 W, 1980 MHz
2026/09/28 06:26:35.496, 7, 73075 MiB, 100 %, 518.70 W, 1980 MHz
2026/09/28 06:26:36.497, 0, 73075 MiB, 100 %, 604.74 W, 1980 MHz
2026/09/28 06:26:36.498, 1, 73075 MiB, 100 %, 551.03 W, 1980 MHz
2026/09/28 06:26:36.499, 2, 73075 MiB, 100 %, 529.62 W, 1980 MHz
2026/09/28 06:26:36.499, 3, 73075 MiB, 100 %, 530.26 W, 1980 MHz
2026/09/28 06:26:36.500, 4, 73075 MiB, 100 %, 518.65 W, 1980 MHz
2026/09/28 06:26:36.501, 5, 73075 MiB, 100 %, 531.91 W, 1980 MHz
2026/09/28 06:26:36.501, 6, 73075 MiB, 100 %, 546.46 W, 1980 MHz
2026/09/28 06:26:36.502, 7, 73075 MiB, 100 %, 514.27 W, 1980 MHz
2026/09/28 06:26:37.503, 0, 73075 MiB, 100 %, 602.70 W, 1980 MHz
2026/09/28 06:26:37.504, 1, 73075 MiB, 100 %, 551.47 W, 1980 MHz
2026/09/28 06:26:37.505, 2, 73075 MiB, 100 %, 529.30 W, 1980 MHz
2026/09/28 06:26:37.505, 3, 73075 MiB, 100 %, 524.75 W, 1980 MHz
2026/09/28 06:26:37.506, 4, 73075 MiB, 100 %, 528.54 W, 1980 MHz
2026/09/28 06:26:37.507, 5, 73075 MiB, 100 %, 533.98 W, 1980 MHz
2026/09/28 06:26:37.507, 6, 73075 MiB, 100 %, 542.53 W, 1980 MHz
2026/09/28 06:26:37.508, 7, 73075 MiB, 100 %, 525.05 W, 1980 MHz
2026/09/28 06:26:38.509, 0, 73075 MiB, 100 %, 607.25 W, 1980 MHz
2026/09/28 06:26:38.510, 1, 73075 MiB, 100 %, 564.12 W, 1980 MHz
2026/09/28 06:26:38.510, 2, 73075 MiB, 100 %, 519.62 W, 1980 MHz
2026/09/28 06:26:38.511, 3, 73075 MiB, 100 %, 523.33 W, 1980 MHz
2026/09/28 06:26:38.512, 4, 73075 MiB, 100 %, 528.70 W, 1980 MHz
2026/09/28 06:26:38.512, 5, 73075 MiB, 100 %, 526.37 W, 1980 MHz
2026/09/28 06:26:38.513, 6, 73075 MiB, 100 %, 543.89 W, 1980 MHz
2026/09/28 06:26:38.514, 7, 73075 MiB, 100 %, 524.14 W, 1980 MHz
2026/09/28 06:26:39.514, 0, 73075 MiB, 100 %, 599.70 W, 1980 MHz
2026/09/28 06:26:39.515, 1, 73075 MiB, 100 %, 557.48 W, 1980 MHz
2026/09/28 06:26:39.516, 2, 73075 MiB, 100 %, 538.08 W, 1980 MHz
2026/09/28 06:26:39.517, 3, 73075 MiB, 100 %, 528.68 W, 1980 MHz
2026/09/28 06:26:39.518, 4, 73075 MiB, 100 %, 526.33 W, 1980 MHz
2026/09/28 06:26:39.518, 5, 73075 MiB, 100 %, 535.96 W, 1980 MHz
2026/09/28 06:26:39.519, 6, 73075 MiB, 100 %, 546.82 W, 1980 MHz
2026/09/28 06:26:39.520, 7, 73075 MiB, 100 %, 522.66 W, 1980 MHz
2026/09/28 06:26:40.520, 0, 73075 MiB, 100 %, 601.11 W, 1980 MHz
2026/09/28 06:26:40.521, 1, 73075 MiB, 100 %, 554.99 W, 1980 MHz
2026/09/28 06:26:40.522, 2, 73075 MiB, 100 %, 527.66 W, 1980 MHz
2026/09/28 06:26:40.523, 3, 73075 MiB, 100 %, 528.80 W, 1980 MHz
2026/09/28 06:26:40.523, 4, 73075 MiB, 100 %, 524.08 W, 1980 MHz
2026/09/28 06:26:40.524, 5, 73075 MiB, 100 %, 530.90 W, 1980 MHz
2026/09/28 06:26:40.525, 6, 73075 MiB, 100 %, 552.35 W, 1980 MHz
2026/09/28 06:26:40.525, 7, 73075 MiB, 100 %, 531.01 W, 1980 MHz
2026/09/28 06:26:41.526, 0, 73075 MiB, 100 %, 595.96 W, 1935 MHz
2026/09/28 06:26:41.527, 1, 73075 MiB, 100 %, 563.76 W, 1980 MHz
2026/09/28 06:26:41.528, 2, 73075 MiB, 100 %, 537.14 W, 1980 MHz
2026/09/28 06:26:41.529, 3, 73075 MiB, 100 %, 527.07 W, 1980 MHz
2026/09/28 06:26:41.529, 4, 73075 MiB, 100 %, 529.10 W, 1980 MHz
2026/09/28 06:26:41.530, 5, 73075 MiB, 100 %, 532.19 W, 1980 MHz
2026/09/28 06:26:41.531, 6, 73075 MiB, 100 %, 555.29 W, 1980 MHz
2026/09/28 06:26:41.531, 7, 73075 MiB, 100 %, 531.36 W, 1980 MHz
2026/09/28 06:26:42.532, 0, 73075 MiB, 100 %, 591.14 W, 1965 MHz
2026/09/28 06:26:42.533, 1, 73075 MiB, 100 %, 557.88 W, 1980 MHz
2026/09/28 06:26:42.534, 2, 73075 MiB, 100 %, 531.25 W, 1980 MHz
2026/09/28 06:26:42.535, 3, 73075 MiB, 100 %, 520.69 W, 1980 MHz
2026/09/28 06:26:42.536, 4, 73075 MiB, 100 %, 522.08 W, 1980 MHz
2026/09/28 06:26:42.536, 5, 73075 MiB, 100 %, 534.37 W, 1980 MHz
2026/09/28 06:26:42.537, 6, 73075 MiB, 100 %, 559.29 W, 1980 MHz
2026/09/28 06:26:42.538, 7, 73075 MiB, 100 %, 530.43 W, 1980 MHz
2026/09/28 06:26:43.538, 0, 73075 MiB, 100 %, 596.51 W, 1950 MHz
2026/09/28 06:26:43.539, 1, 73075 MiB, 100 %, 559.61 W, 1980 MHz
2026/09/28 06:26:43.540, 2, 73075 MiB, 100 %, 536.55 W, 1980 MHz
2026/09/28 06:26:43.541, 3, 73075 MiB, 100 %, 533.06 W, 1980 MHz
2026/09/28 06:26:43.541, 4, 73075 MiB, 100 %, 534.34 W, 1980 MHz
2026/09/28 06:26:43.542, 5, 73075 MiB, 100 %, 536.06 W, 1980 MHz
2026/09/28 06:26:43.543, 6, 73075 MiB, 100 %, 548.97 W, 1980 MHz
2026/09/28 06:26:43.543, 7, 73075 MiB, 100 %, 534.06 W, 1980 MHz
2026/09/28 06:26:44.544, 0, 73075 MiB, 100 %, 585.05 W, 1935 MHz
2026/09/28 06:26:44.545, 1, 73075 MiB, 100 %, 567.31 W, 1980 MHz
2026/09/28 06:26:44.546, 2, 73075 MiB, 100 %, 530.17 W, 1980 MHz
2026/09/28 06:26:44.546, 3, 73075 MiB, 100 %, 533.18 W, 1980 MHz
2026/09/28 06:26:44.547, 4, 73075 MiB, 100 %, 530.73 W, 1980 MHz
2026/09/28 06:26:44.548, 5, 73075 MiB, 100 %, 536.35 W, 1980 MHz
2026/09/28 06:26:44.548, 6, 73075 MiB, 100 %, 557.47 W, 1980 MHz
2026/09/28 06:26:44.549, 7, 73075 MiB, 100 %, 520.87 W, 1980 MHz
2026/09/28 06:26:45.550, 0, 73075 MiB, 100 %, 572.01 W, 1890 MHz
2026/09/28 06:26:45.550, 1, 73075 MiB, 100 %, 558.98 W, 1980 MHz
2026/09/28 06:26:45.551, 2, 73075 MiB, 100 %, 534.48 W, 1980 MHz
2026/09/28 06:26:45.552, 3, 73075 MiB, 100 %, 523.76 W, 1980 MHz
2026/09/28 06:26:45.552, 4, 73075 MiB, 100 %, 527.60 W, 1980 MHz
2026/09/28 06:26:45.553, 5, 73075 MiB, 100 %, 537.18 W, 1980 MHz
2026/09/28 06:26:45.554, 6, 73075 MiB, 100 %, 549.83 W, 1980 MHz
2026/09/28 06:26:45.555, 7, 73075 MiB, 100 %, 522.83 W, 1980 MHz
2026/09/28 06:26:46.555, 0, 73075 MiB, 100 %, 555.22 W, 1785 MHz
2026/09/28 06:26:46.556, 1, 73075 MiB, 100 %, 547.30 W, 1980 MHz
2026/09/28 06:26:46.557, 2, 73075 MiB, 100 %, 528.62 W, 1980 MHz
2026/09/28 06:26:46.558, 3, 73075 MiB, 100 %, 527.86 W, 1980 MHz
2026/09/28 06:26:46.559, 4, 73075 MiB, 100 %, 519.75 W, 1980 MHz
2026/09/28 06:26:46.559, 5, 73075 MiB, 100 %, 530.19 W, 1980 MHz
2026/09/28 06:26:46.560, 6, 73075 MiB, 100 %, 541.19 W, 1980 MHz
2026/09/28 06:26:46.561, 7, 73075 MiB, 100 %, 528.65 W, 1980 MHz
2026/09/28 06:26:47.561, 0, 73075 MiB, 100 %, 569.95 W, 1890 MHz
2026/09/28 06:26:47.563, 1, 73075 MiB, 100 %, 551.96 W, 1980 MHz
2026/09/28 06:26:47.563, 2, 73075 MiB, 100 %, 534.27 W, 1980 MHz
2026/09/28 06:26:47.564, 3, 73075 MiB, 100 %, 535.87 W, 1980 MHz
2026/09/28 06:26:47.565, 4, 73075 MiB, 100 %, 519.17 W, 1980 MHz
2026/09/28 06:26:47.566, 5, 73075 MiB, 100 %, 527.75 W, 1980 MHz
2026/09/28 06:26:47.566, 6, 73075 MiB, 100 %, 549.41 W, 1980 MHz
2026/09/28 06:26:47.567, 7, 73075 MiB, 100 %, 527.88 W, 1980 MHz
2026/09/28 06:26:48.568, 0, 73075 MiB, 100 %, 581.25 W, 1920 MHz
2026/09/28 06:26:48.569, 1, 73075 MiB, 100 %, 555.86 W, 1980 MHz
2026/09/28 06:26:48.569, 2, 73075 MiB, 100 %, 531.18 W, 1980 MHz
2026/09/28 06:26:48.570, 3, 73075 MiB, 100 %, 530.17 W, 1980 MHz
2026/09/28 06:26:48.571, 4, 73075 MiB, 100 %, 523.04 W, 1980 MHz
2026/09/28 06:26:48.571, 5, 73075 MiB, 100 %, 532.75 W, 1980 MHz
2026/09/28 06:26:48.572, 6, 73075 MiB, 100 %, 558.31 W, 1980 MHz
2026/09/28 06:26:48.573, 7, 73075 MiB, 100 %, 531.89 W, 1980 MHz
2026/09/28 06:26:49.574, 0, 73075 MiB, 100 %, 587.94 W, 1935 MHz
2026/09/28 06:26:49.574, 1, 73075 MiB, 100 %, 565.83 W, 1980 MHz
2026/09/28 06:26:49.575, 2, 73075 MiB, 100 %, 534.13 W, 1980 MHz
2026/09/28 06:26:49.576, 3, 73075 MiB, 100 %, 531.23 W, 1980 MHz
2026/09/28 06:26:49.577, 4, 73075 MiB, 100 %, 524.70 W, 1980 MHz
2026/09/28 06:26:49.577, 5, 73075 MiB, 100 %, 536.03 W, 1980 MHz
2026/09/28 06:26:49.578, 6, 73075 MiB, 100 %, 549.65 W, 1980 MHz
2026/09/28 06:26:49.579, 7, 73075 MiB, 100 %, 528.36 W, 1980 MHz
2026/09/28 06:26:50.579, 0, 73075 MiB, 100 %, 567.85 W, 1695 MHz
2026/09/28 06:26:50.580, 1, 73075 MiB, 100 %, 565.39 W, 1980 MHz
2026/09/28 06:26:50.581, 2, 73075 MiB, 100 %, 539.16 W, 1980 MHz
2026/09/28 06:26:50.582, 3, 73075 MiB, 100 %, 529.03 W, 1980 MHz
2026/09/28 06:26:50.582, 4, 73075 MiB, 100 %, 532.76 W, 1980 MHz
2026/09/28 06:26:50.583, 5, 73075 MiB, 100 %, 538.35 W, 1980 MHz
2026/09/28 06:26:50.584, 6, 73075 MiB, 100 %, 558.05 W, 1980 MHz
2026/09/28 06:26:50.584, 7, 73075 MiB, 100 %, 528.61 W, 1980 MHz
2026/09/28 06:26:51.585, 0, 73075 MiB, 100 %, 525.37 W, 1845 MHz
2026/09/28 06:26:51.586, 1, 73075 MiB, 100 %, 550.94 W, 1980 MHz
2026/09/28 06:26:51.587, 2, 73075 MiB, 100 %, 527.22 W, 1980 MHz
2026/09/28 06:26:51.588, 3, 73075 MiB, 100 %, 524.72 W, 1980 MHz
2026/09/28 06:26:51.589, 4, 73075 MiB, 100 %, 526.03 W, 1980 MHz
2026/09/28 06:26:51.589, 5, 73075 MiB, 100 %, 523.65 W, 1980 MHz
2026/09/28 06:26:51.590, 6, 73075 MiB, 100 %, 539.62 W, 1980 MHz
2026/09/28 06:26:51.591, 7, 73075 MiB, 100 %, 523.56 W, 1980 MHz
2026/09/28 06:26:52.591, 0, 73075 MiB, 100 %, 535.88 W, 1740 MHz
2026/09/28 06:26:52.593, 1, 73075 MiB, 100 %, 558.45 W, 1980 MHz
2026/09/28 06:26:52.594, 2, 73075 MiB, 100 %, 531.50 W, 1980 MHz
2026/09/28 06:26:52.595, 3, 73075 MiB, 100 %, 529.76 W, 1980 MHz
2026/09/28 06:26:52.595, 4, 73075 MiB, 100 %, 527.58 W, 1980 MHz
2026/09/28 06:26:52.596, 5, 73075 MiB, 100 %, 523.44 W, 1980 MHz
2026/09/28 06:26:52.597, 6, 73075 MiB, 100 %, 549.82 W, 1980 MHz
2026/09/28 06:26:52.597, 7, 73075 MiB, 100 %, 522.00 W, 1980 MHz
2026/09/28 06:26:53.598, 0, 73075 MiB, 100 %, 556.76 W, 1905 MHz
2026/09/28 06:26:53.599, 1, 73075 MiB, 100 %, 560.81 W, 1980 MHz
2026/09/28 06:26:53.600, 2, 73075 MiB, 100 %, 530.89 W, 1980 MHz
2026/09/28 06:26:53.600, 3, 73075 MiB, 100 %, 530.31 W, 1980 MHz
2026/09/28 06:26:53.601, 4, 73075 MiB, 100 %, 531.60 W, 1980 MHz
2026/09/28 06:26:53.602, 5, 73075 MiB, 100 %, 535.26 W, 1980 MHz
2026/09/28 06:26:53.602, 6, 73075 MiB, 100 %, 553.49 W, 1980 MHz
2026/09/28 06:26:53.603, 7, 73075 MiB, 100 %, 528.52 W, 1980 MHz
2026/09/28 06:26:54.604, 0, 73075 MiB, 100 %, 565.79 W, 1920 MHz
2026/09/28 06:26:54.605, 1, 73075 MiB, 100 %, 555.04 W, 1980 MHz
2026/09/28 06:26:54.606, 2, 73075 MiB, 100 %, 536.51 W, 1980 MHz
2026/09/28 06:26:54.606, 3, 73075 MiB, 100 %, 534.03 W, 1980 MHz
2026/09/28 06:26:54.607, 4, 73075 MiB, 100 %, 529.32 W, 1980 MHz
2026/09/28 06:26:54.608, 5, 73075 MiB, 100 %, 527.07 W, 1980 MHz
2026/09/28 06:26:54.608, 6, 73075 MiB, 100 %, 555.49 W, 1980 MHz
2026/09/28 06:26:54.609, 7, 73075 MiB, 100 %, 530.59 W, 1980 MHz
2026/09/28 06:26:55.610, 0, 73075 MiB, 100 %, 574.60 W, 1950 MHz
2026/09/28 06:26:55.611, 1, 73075 MiB, 100 %, 562.96 W, 1980 MHz
2026/09/28 06:26:55.611, 2, 73075 MiB, 100 %, 534.51 W, 1980 MHz
2026/09/28 06:26:55.612, 3, 73075 MiB, 100 %, 532.60 W, 1980 MHz
2026/09/28 06:26:55.613, 4, 73075 MiB, 100 %, 517.61 W, 1980 MHz
2026/09/28 06:26:55.613, 5, 73075 MiB, 100 %, 536.09 W, 1980 MHz
2026/09/28 06:26:55.614, 6, 73075 MiB, 100 %, 559.39 W, 1980 MHz
2026/09/28 06:26:55.615, 7, 73075 MiB, 100 %, 526.89 W, 1980 MHz
2026/09/28 06:26:56.615, 0, 73075 MiB, 100 %, 552.20 W, 1800 MHz
2026/09/28 06:26:56.617, 1, 73075 MiB, 100 %, 561.84 W, 1980 MHz
2026/09/28 06:26:56.618, 2, 73075 MiB, 100 %, 540.13 W, 1980 MHz
2026/09/28 06:26:56.618, 3, 73075 MiB, 100 %, 529.13 W, 1980 MHz
2026/09/28 06:26:56.619, 4, 73075 MiB, 100 %, 523.35 W, 1980 MHz
2026/09/28 06:26:56.620, 5, 73075 MiB, 100 %, 535.70 W, 1980 MHz
2026/09/28 06:26:56.620, 6, 73075 MiB, 100 %, 552.14 W, 1980 MHz
2026/09/28 06:26:56.621, 7, 73075 MiB, 100 %, 522.60 W, 1980 MHz
2026/09/28 06:26:57.622, 0, 73075 MiB, 100 %, 546.08 W, 1785 MHz
2026/09/28 06:26:57.623, 1, 73075 MiB, 100 %, 561.47 W, 1980 MHz
2026/09/28 06:26:57.624, 2, 73075 MiB, 100 %, 531.51 W, 1980 MHz
2026/09/28 06:26:57.625, 3, 73075 MiB, 100 %, 531.24 W, 1980 MHz
2026/09/28 06:26:57.625, 4, 73075 MiB, 100 %, 525.23 W, 1980 MHz
2026/09/28 06:26:57.626, 5, 73075 MiB, 100 %, 536.83 W, 1980 MHz
2026/09/28 06:26:57.626, 6, 73075 MiB, 100 %, 550.17 W, 1980 MHz
2026/09/28 06:26:57.627, 7, 73075 MiB, 100 %, 525.72 W, 1980 MHz
2026/09/28 06:26:58.628, 0, 73075 MiB, 100 %, 549.38 W, 1860 MHz
2026/09/28 06:26:58.629, 1, 73075 MiB, 100 %, 560.69 W, 1980 MHz
2026/09/28 06:26:58.629, 2, 73075 MiB, 100 %, 533.78 W, 1980 MHz
2026/09/28 06:26:58.630, 3, 73075 MiB, 100 %, 535.25 W, 1980 MHz
2026/09/28 06:26:58.631, 4, 73075 MiB, 100 %, 521.76 W, 1980 MHz
2026/09/28 06:26:58.631, 5, 73075 MiB, 100 %, 537.97 W, 1980 MHz
2026/09/28 06:26:58.632, 6, 73075 MiB, 100 %, 551.51 W, 1980 MHz
2026/09/28 06:26:58.632, 7, 73075 MiB, 100 %, 526.91 W, 1980 MHz
2026/09/28 06:26:59.633, 0, 73075 MiB, 100 %, 549.92 W, 1830 MHz
2026/09/28 06:26:59.634, 1, 73075 MiB, 100 %, 564.26 W, 1980 MHz
2026/09/28 06:26:59.635, 2, 73075 MiB, 100 %, 529.54 W, 1980 MHz
2026/09/28 06:26:59.635, 3, 73075 MiB, 100 %, 526.32 W, 1980 MHz
2026/09/28 06:26:59.636, 4, 73075 MiB, 100 %, 522.40 W, 1980 MHz
2026/09/28 06:26:59.637, 5, 73075 MiB, 100 %, 537.58 W, 1980 MHz
2026/09/28 06:26:59.637, 6, 73075 MiB, 100 %, 555.66 W, 1980 MHz
2026/09/28 06:26:59.638, 7, 73075 MiB, 100 %, 530.94 W, 1980 MHz
2026/09/28 06:27:00.639, 0, 73075 MiB, 100 %, 555.48 W, 1920 MHz
2026/09/28 06:27:00.640, 1, 73075 MiB, 100 %, 562.12 W, 1980 MHz
2026/09/28 06:27:00.640, 2, 73075 MiB, 100 %, 532.61 W, 1980 MHz
2026/09/28 06:27:00.641, 3, 73075 MiB, 100 %, 530.72 W, 1980 MHz
2026/09/28 06:27:00.641, 4, 73075 MiB, 100 %, 524.22 W, 1980 MHz
2026/09/28 06:27:00.642, 5, 73075 MiB, 100 %, 529.15 W, 1980 MHz
2026/09/28 06:27:00.643, 6, 73075 MiB, 100 %, 550.08 W, 1980 MHz
2026/09/28 06:27:00.643, 7, 73075 MiB, 100 %, 526.84 W, 1980 MHz
2026/09/28 06:27:01.644, 0, 73075 MiB, 100 %, 559.26 W, 1860 MHz
2026/09/28 06:27:01.645, 1, 73075 MiB, 100 %, 565.54 W, 1980 MHz
2026/09/28 06:27:01.646, 2, 73075 MiB, 100 %, 543.68 W, 1980 MHz
2026/09/28 06:27:01.648, 3, 73075 MiB, 100 %, 531.50 W, 1980 MHz
2026/09/28 06:27:01.649, 4, 73075 MiB, 100 %, 529.15 W, 1980 MHz
2026/09/28 06:27:01.650, 5, 73075 MiB, 100 %, 536.41 W, 1980 MHz
2026/09/28 06:27:01.650, 6, 73075 MiB, 100 %, 553.06 W, 1980 MHz
2026/09/28 06:27:01.651, 7, 73075 MiB, 100 %, 529.60 W, 1980 MHz
2026/09/28 06:27:02.651, 0, 73075 MiB, 100 %, 558.62 W, 1905 MHz
2026/09/28 06:27:02.653, 1, 73075 MiB, 100 %, 563.96 W, 1980 MHz
2026/09/28 06:27:02.653, 2, 73075 MiB, 100 %, 541.57 W, 1980 MHz
2026/09/28 06:27:02.654, 3, 73075 MiB, 100 %, 530.61 W, 1980 MHz
2026/09/28 06:27:02.655, 4, 73075 MiB, 100 %, 530.93 W, 1980 MHz
2026/09/28 06:27:02.655, 5, 73075 MiB, 100 %, 536.34 W, 1980 MHz
2026/09/28 06:27:02.656, 6, 73075 MiB, 100 %, 553.63 W, 1980 MHz
2026/09/28 06:27:02.656, 7, 73075 MiB, 100 %, 530.72 W, 1980 MHz
2026/09/28 06:27:03.657, 0, 73075 MiB, 100 %, 558.16 W, 1785 MHz
2026/09/28 06:27:03.659, 1, 73075 MiB, 100 %, 557.93 W, 1980 MHz
2026/09/28 06:27:03.662, 2, 73075 MiB, 100 %, 540.01 W, 1980 MHz
2026/09/28 06:27:03.663, 3, 73075 MiB, 100 %, 526.62 W, 1980 MHz
2026/09/28 06:27:03.664, 4, 73075 MiB, 100 %, 528.53 W, 1980 MHz
2026/09/28 06:27:03.665, 5, 73075 MiB, 100 %, 536.35 W, 1980 MHz
2026/09/28 06:27:03.668, 6, 73075 MiB, 100 %, 550.18 W, 1980 MHz
2026/09/28 06:27:03.669, 7, 73075 MiB, 100 %, 524.09 W, 1980 MHz
2026/09/28 06:27:04.670, 0, 73075 MiB, 100 %, 562.85 W, 1785 MHz
2026/09/28 06:27:04.671, 1, 73075 MiB, 100 %, 562.22 W, 1980 MHz
2026/09/28 06:27:04.672, 2, 73075 MiB, 100 %, 537.51 W, 1980 MHz
2026/09/28 06:27:04.673, 3, 73075 MiB, 100 %, 536.18 W, 1980 MHz
2026/09/28 06:27:04.673, 4, 73075 MiB, 100 %, 534.79 W, 1980 MHz
2026/09/28 06:27:04.674, 5, 73075 MiB, 100 %, 535.72 W, 1980 MHz
2026/09/28 06:27:04.675, 6, 73075 MiB, 100 %, 550.60 W, 1980 MHz
2026/09/28 06:27:04.675, 7, 73075 MiB, 100 %, 527.66 W, 1980 MHz
2026/09/28 06:27:05.676, 0, 73075 MiB, 100 %, 555.44 W, 1920 MHz
2026/09/28 06:27:05.677, 1, 73075 MiB, 100 %, 567.90 W, 1980 MHz
2026/09/28 06:27:05.677, 2, 73075 MiB, 100 %, 536.48 W, 1980 MHz
2026/09/28 06:27:05.678, 3, 73075 MiB, 100 %, 528.20 W, 1980 MHz
2026/09/28 06:27:05.679, 4, 73075 MiB, 100 %, 527.34 W, 1980 MHz
2026/09/28 06:27:05.679, 5, 73075 MiB, 100 %, 537.07 W, 1980 MHz
2026/09/28 06:27:05.680, 6, 73075 MiB, 100 %, 561.20 W, 1980 MHz
2026/09/28 06:27:05.681, 7, 73075 MiB, 100 %, 527.73 W, 1980 MHz
2026/09/28 06:27:06.681, 0, 73075 MiB, 100 %, 562.79 W, 1845 MHz
2026/09/28 06:27:06.682, 1, 73075 MiB, 100 %, 563.66 W, 1980 MHz
2026/09/28 06:27:06.683, 2, 73075 MiB, 100 %, 537.61 W, 1980 MHz
2026/09/28 06:27:06.683, 3, 73075 MiB, 100 %, 532.69 W, 1980 MHz
2026/09/28 06:27:06.684, 4, 73075 MiB, 100 %, 533.08 W, 1980 MHz
2026/09/28 06:27:06.685, 5, 73075 MiB, 100 %, 532.23 W, 1980 MHz
2026/09/28 06:27:06.685, 6, 73075 MiB, 100 %, 558.05 W, 1980 MHz
2026/09/28 06:27:06.686, 7, 73075 MiB, 100 %, 530.91 W, 1980 MHz
2026/09/28 06:27:07.687, 0, 73075 MiB, 100 %, 548.86 W, 1815 MHz
2026/09/28 06:27:07.688, 1, 73075 MiB, 100 %, 562.28 W, 1980 MHz
2026/09/28 06:27:07.689, 2, 73075 MiB, 100 %, 529.31 W, 1980 MHz
2026/09/28 06:27:07.690, 3, 73075 MiB, 100 %, 532.87 W, 1980 MHz
2026/09/28 06:27:07.690, 4, 73075 MiB, 100 %, 533.08 W, 1980 MHz
2026/09/28 06:27:07.691, 5, 73075 MiB, 100 %, 529.63 W, 1980 MHz
2026/09/28 06:27:07.691, 6, 73075 MiB, 100 %, 554.77 W, 1980 MHz
2026/09/28 06:27:07.692, 7, 73075 MiB, 100 %, 527.83 W, 1980 MHz
2026/09/28 06:27:08.693, 0, 73075 MiB, 100 %, 540.78 W, 1905 MHz
2026/09/28 06:27:08.694, 1, 73075 MiB, 100 %, 564.68 W, 1980 MHz
2026/09/28 06:27:08.694, 2, 73075 MiB, 100 %, 539.45 W, 1980 MHz
2026/09/28 06:27:08.695, 3, 73075 MiB, 100 %, 526.39 W, 1980 MHz
2026/09/28 06:27:08.696, 4, 73075 MiB, 100 %, 518.41 W, 1980 MHz
2026/09/28 06:27:08.696, 5, 73075 MiB, 100 %, 528.83 W, 1980 MHz
2026/09/28 06:27:08.697, 6, 73075 MiB, 100 %, 556.72 W, 1980 MHz
2026/09/28 06:27:08.697, 7, 73075 MiB, 100 %, 528.86 W, 1980 MHz
2026/09/28 06:27:09.698, 0, 73075 MiB, 100 %, 566.83 W, 1755 MHz
2026/09/28 06:27:09.699, 1, 73075 MiB, 100 %, 568.67 W, 1980 MHz
2026/09/28 06:27:09.700, 2, 73075 MiB, 100 %, 540.35 W, 1980 MHz
2026/09/28 06:27:09.700, 3, 73075 MiB, 100 %, 534.40 W, 1980 MHz
2026/09/28 06:27:09.701, 4, 73075 MiB, 100 %, 529.59 W, 1980 MHz
2026/09/28 06:27:09.702, 5, 73075 MiB, 100 %, 538.32 W, 1980 MHz
2026/09/28 06:27:09.702, 6, 73075 MiB, 100 %, 555.53 W, 1980 MHz
2026/09/28 06:27:09.703, 7, 73075 MiB, 100 %, 520.44 W, 1980 MHz
2026/09/28 06:27:10.704, 0, 73075 MiB, 100 %, 539.04 W, 1815 MHz
2026/09/28 06:27:10.704, 1, 73075 MiB, 100 %, 562.39 W, 1980 MHz
2026/09/28 06:27:10.705, 2, 73075 MiB, 100 %, 533.34 W, 1980 MHz
2026/09/28 06:27:10.706, 3, 73075 MiB, 100 %, 524.22 W, 1980 MHz
2026/09/28 06:27:10.706, 4, 73075 MiB, 100 %, 524.20 W, 1980 MHz
2026/09/28 06:27:10.707, 5, 73075 MiB, 100 %, 533.39 W, 1980 MHz
2026/09/28 06:27:10.708, 6, 73075 MiB, 100 %, 548.48 W, 1980 MHz
2026/09/28 06:27:10.708, 7, 73075 MiB, 100 %, 522.92 W, 1980 MHz
2026/09/28 06:27:11.709, 0, 73075 MiB, 100 %, 539.78 W, 1815 MHz
2026/09/28 06:27:11.710, 1, 73075 MiB, 100 %, 560.62 W, 1980 MHz
2026/09/28 06:27:11.711, 2, 73075 MiB, 100 %, 530.68 W, 1980 MHz
2026/09/28 06:27:11.711, 3, 73075 MiB, 100 %, 530.33 W, 1980 MHz
2026/09/28 06:27:11.712, 4, 73075 MiB, 100 %, 529.10 W, 1980 MHz
2026/09/28 06:27:11.713, 5, 73075 MiB, 100 %, 540.54 W, 1980 MHz
2026/09/28 06:27:11.713, 6, 73075 MiB, 100 %, 551.72 W, 1980 MHz
2026/09/28 06:27:11.714, 7, 73075 MiB, 100 %, 525.32 W, 1980 MHz
2026/09/28 06:27:12.715, 0, 73075 MiB, 100 %, 537.86 W, 1875 MHz
2026/09/28 06:27:12.716, 1, 73075 MiB, 100 %, 560.58 W, 1980 MHz
2026/09/28 06:27:12.717, 2, 73075 MiB, 100 %, 531.61 W, 1980 MHz
2026/09/28 06:27:12.717, 3, 73075 MiB, 100 %, 528.59 W, 1980 MHz
2026/09/28 06:27:12.718, 4, 73075 MiB, 100 %, 523.23 W, 1980 MHz
2026/09/28 06:27:12.719, 5, 73075 MiB, 100 %, 538.02 W, 1980 MHz
2026/09/28 06:27:12.719, 6, 73075 MiB, 100 %, 549.68 W, 1980 MHz
2026/09/28 06:27:12.720, 7, 73075 MiB, 100 %, 520.75 W, 1980 MHz
2026/09/28 06:27:13.721, 0, 73075 MiB, 100 %, 532.93 W, 1710 MHz
2026/09/28 06:27:13.722, 1, 73075 MiB, 100 %, 563.59 W, 1980 MHz
2026/09/28 06:27:13.722, 2, 73075 MiB, 100 %, 533.33 W, 1980 MHz
2026/09/28 06:27:13.723, 3, 73075 MiB, 100 %, 534.74 W, 1980 MHz
2026/09/28 06:27:13.724, 4, 73075 MiB, 100 %, 519.72 W, 1980 MHz
2026/09/28 06:27:13.724, 5, 73075 MiB, 100 %, 530.46 W, 1980 MHz
2026/09/28 06:27:13.725, 6, 73075 MiB, 100 %, 551.63 W, 1980 MHz
2026/09/28 06:27:13.725, 7, 73075 MiB, 100 %, 525.26 W, 1980 MHz
2026/09/28 06:27:14.726, 0, 73075 MiB, 100 %, 533.78 W, 1800 MHz
2026/09/28 06:27:14.727, 1, 73075 MiB, 100 %, 551.52 W, 1980 MHz
2026/09/28 06:27:14.728, 2, 73075 MiB, 100 %, 528.47 W, 1980 MHz
2026/09/28 06:27:14.728, 3, 73075 MiB, 100 %, 525.84 W, 1980 MHz
2026/09/28 06:27:14.729, 4, 73075 MiB, 100 %, 518.65 W, 1980 MHz
2026/09/28 06:27:14.730, 5, 73075 MiB, 100 %, 525.19 W, 1980 MHz
2026/09/28 06:27:14.730, 6, 73075 MiB, 100 %, 552.23 W, 1980 MHz
2026/09/28 06:27:14.731, 7, 73075 MiB, 100 %, 528.50 W, 1980 MHz
2026/09/28 06:27:15.731, 0, 73075 MiB, 100 %, 546.54 W, 1845 MHz
2026/09/28 06:27:15.732, 1, 73075 MiB, 100 %, 567.48 W, 1980 MHz
2026/09/28 06:27:15.733, 2, 73075 MiB, 100 %, 536.39 W, 1980 MHz
2026/09/28 06:27:15.734, 3, 73075 MiB, 100 %, 534.17 W, 1980 MHz
2026/09/28 06:27:15.734, 4, 73075 MiB, 100 %, 522.27 W, 1980 MHz
2026/09/28 06:27:15.735, 5, 73075 MiB, 100 %, 527.74 W, 1980 MHz
2026/09/28 06:27:15.735, 6, 73075 MiB, 100 %, 555.92 W, 1980 MHz
2026/09/28 06:27:15.736, 7, 73075 MiB, 100 %, 519.13 W, 1980 MHz
2026/09/28 06:27:16.737, 0, 73075 MiB, 100 %, 554.37 W, 1860 MHz
2026/09/28 06:27:16.738, 1, 73075 MiB, 100 %, 570.60 W, 1980 MHz
2026/09/28 06:27:16.738, 2, 73075 MiB, 100 %, 533.72 W, 1980 MHz
2026/09/28 06:27:16.739, 3, 73075 MiB, 100 %, 524.27 W, 1980 MHz
2026/09/28 06:27:16.740, 4, 73075 MiB, 100 %, 529.37 W, 1980 MHz
2026/09/28 06:27:16.740, 5, 73075 MiB, 100 %, 536.56 W, 1980 MHz
2026/09/28 06:27:16.741, 6, 73075 MiB, 100 %, 563.09 W, 1980 MHz
2026/09/28 06:27:16.741, 7, 73075 MiB, 100 %, 529.70 W, 1980 MHz
2026/09/28 06:27:17.742, 0, 73075 MiB, 100 %, 560.72 W, 1785 MHz
2026/09/28 06:27:17.743, 1, 73075 MiB, 100 %, 570.85 W, 1980 MHz
2026/09/28 06:27:17.744, 2, 73075 MiB, 100 %, 536.63 W, 1980 MHz
2026/09/28 06:27:17.745, 3, 73075 MiB, 100 %, 531.55 W, 1980 MHz
2026/09/28 06:27:17.746, 4, 73075 MiB, 100 %, 526.83 W, 1980 MHz
2026/09/28 06:27:17.746, 5, 73075 MiB, 100 %, 539.16 W, 1980 MHz
2026/09/28 06:27:17.747, 6, 73075 MiB, 100 %, 557.31 W, 1980 MHz
2026/09/28 06:27:17.747, 7, 73075 MiB, 100 %, 519.20 W, 1980 MHz
2026/09/28 06:27:18.748, 0, 73075 MiB, 100 %, 542.97 W, 1725 MHz
2026/09/28 06:27:18.749, 1, 73075 MiB, 100 %, 554.14 W, 1980 MHz
2026/09/28 06:27:18.750, 2, 73075 MiB, 100 %, 533.01 W, 1980 MHz
2026/09/28 06:27:18.750, 3, 73075 MiB, 100 %, 530.43 W, 1980 MHz
2026/09/28 06:27:18.751, 4, 73075 MiB, 100 %, 522.47 W, 1980 MHz
2026/09/28 06:27:18.751, 5, 73075 MiB, 100 %, 523.87 W, 1980 MHz
2026/09/28 06:27:18.752, 6, 73075 MiB, 100 %, 552.27 W, 1980 MHz
2026/09/28 06:27:18.753, 7, 73075 MiB, 100 %, 526.98 W, 1980 MHz
2026/09/28 06:27:19.753, 0, 73075 MiB, 100 %, 523.42 W, 1860 MHz
2026/09/28 06:27:19.754, 1, 73075 MiB, 100 %, 559.68 W, 1980 MHz
2026/09/28 06:27:19.755, 2, 73075 MiB, 100 %, 530.60 W, 1980 MHz
2026/09/28 06:27:19.756, 3, 73075 MiB, 100 %, 526.28 W, 1980 MHz
2026/09/28 06:27:19.757, 4, 73075 MiB, 100 %, 521.00 W, 1980 MHz
2026/09/28 06:27:19.757, 5, 73075 MiB, 100 %, 532.88 W, 1980 MHz
2026/09/28 06:27:19.758, 6, 73075 MiB, 100 %, 555.92 W, 1980 MHz
2026/09/28 06:27:19.758, 7, 73075 MiB, 100 %, 524.54 W, 1980 MHz
2026/09/28 06:27:20.759, 0, 73075 MiB, 100 %, 536.34 W, 1800 MHz
2026/09/28 06:27:20.760, 1, 73075 MiB, 100 %, 562.77 W, 1980 MHz
2026/09/28 06:27:20.761, 2, 73075 MiB, 100 %, 533.09 W, 1980 MHz
2026/09/28 06:27:20.761, 3, 73075 MiB, 100 %, 524.83 W, 1980 MHz
2026/09/28 06:27:20.762, 4, 73075 MiB, 100 %, 522.84 W, 1980 MHz
2026/09/28 06:27:20.763, 5, 73075 MiB, 100 %, 529.21 W, 1980 MHz
2026/09/28 06:27:20.763, 6, 73075 MiB, 100 %, 555.21 W, 1980 MHz
2026/09/28 06:27:20.764, 7, 73075 MiB, 100 %, 527.68 W, 1980 MHz
2026/09/28 06:27:21.765, 0, 73075 MiB, 100 %, 532.22 W, 1740 MHz
2026/09/28 06:27:21.766, 1, 73075 MiB, 100 %, 563.34 W, 1980 MHz
2026/09/28 06:27:21.767, 2, 73075 MiB, 100 %, 533.21 W, 1980 MHz
2026/09/28 06:27:21.767, 3, 73075 MiB, 100 %, 529.05 W, 1980 MHz
2026/09/28 06:27:21.768, 4, 73075 MiB, 100 %, 528.47 W, 1980 MHz
2026/09/28 06:27:21.769, 5, 73075 MiB, 100 %, 527.44 W, 1980 MHz
2026/09/28 06:27:21.769, 6, 73075 MiB, 100 %, 553.97 W, 1980 MHz
2026/09/28 06:27:21.770, 7, 73075 MiB, 100 %, 526.88 W, 1980 MHz
2026/09/28 06:27:22.770, 0, 73075 MiB, 100 %, 534.99 W, 1755 MHz
2026/09/28 06:27:22.772, 1, 73075 MiB, 100 %, 559.44 W, 1980 MHz
2026/09/28 06:27:22.772, 2, 73075 MiB, 100 %, 538.43 W, 1980 MHz
2026/09/28 06:27:22.773, 3, 73075 MiB, 100 %, 530.54 W, 1980 MHz
2026/09/28 06:27:22.774, 4, 73075 MiB, 100 %, 527.24 W, 1980 MHz
2026/09/28 06:27:22.774, 5, 73075 MiB, 100 %, 527.56 W, 1980 MHz
2026/09/28 06:27:22.775, 6, 73075 MiB, 100 %, 554.01 W, 1980 MHz
2026/09/28 06:27:22.776, 7, 73075 MiB, 100 %, 528.65 W, 1980 MHz
2026/09/28 06:27:23.776, 0, 73075 MiB, 100 %, 539.44 W, 1845 MHz
2026/09/28 06:27:23.777, 1, 73075 MiB, 100 %, 559.77 W, 1980 MHz
2026/09/28 06:27:23.778, 2, 73075 MiB, 100 %, 531.30 W, 1980 MHz
2026/09/28 06:27:23.778, 3, 73075 MiB, 100 %, 525.86 W, 1980 MHz
2026/09/28 06:27:23.779, 4, 73075 MiB, 100 %, 522.61 W, 1980 MHz
2026/09/28 06:27:23.780, 5, 73075 MiB, 100 %, 535.22 W, 1980 MHz
2026/09/28 06:27:23.780, 6, 73075 MiB, 100 %, 558.55 W, 1980 MHz
2026/09/28 06:27:23.781, 7, 73075 MiB, 100 %, 528.51 W, 1980 MHz
2026/09/28 06:27:24.781, 0, 73075 MiB, 100 %, 536.46 W, 1815 MHz
2026/09/28 06:27:24.782, 1, 73075 MiB, 100 %, 559.18 W, 1980 MHz
2026/09/28 06:27:24.783, 2, 73075 MiB, 100 %, 534.68 W, 1980 MHz
2026/09/28 06:27:24.784, 3, 73075 MiB, 100 %, 531.18 W, 1980 MHz
2026/09/28 06:27:24.784, 4, 73075 MiB, 100 %, 521.41 W, 1980 MHz
2026/09/28 06:27:24.785, 5, 73075 MiB, 100 %, 539.17 W, 1980 MHz
2026/09/28 06:27:24.786, 6, 73075 MiB, 100 %, 550.95 W, 1980 MHz
2026/09/28 06:27:24.786, 7, 73075 MiB, 100 %, 528.33 W, 1980 MHz
2026/09/28 06:27:25.787, 0, 73075 MiB, 100 %, 542.67 W, 1785 MHz
2026/09/28 06:27:25.788, 1, 73075 MiB, 100 %, 559.38 W, 1980 MHz
2026/09/28 06:27:25.788, 2, 73075 MiB, 100 %, 535.00 W, 1980 MHz
2026/09/28 06:27:25.789, 3, 73075 MiB, 100 %, 537.34 W, 1980 MHz
2026/09/28 06:27:25.790, 4, 73075 MiB, 100 %, 514.91 W, 1980 MHz
2026/09/28 06:27:25.790, 5, 73075 MiB, 100 %, 534.77 W, 1980 MHz
2026/09/28 06:27:25.791, 6, 73075 MiB, 100 %, 550.94 W, 1980 MHz
2026/09/28 06:27:25.792, 7, 73075 MiB, 100 %, 524.22 W, 1980 MHz
2026/09/28 06:27:26.792, 0, 73075 MiB, 100 %, 555.96 W, 1815 MHz
2026/09/28 06:27:26.793, 1, 73075 MiB, 100 %, 562.27 W, 1980 MHz
2026/09/28 06:27:26.794, 2, 73075 MiB, 100 %, 539.32 W, 1980 MHz
2026/09/28 06:27:26.795, 3, 73075 MiB, 100 %, 532.23 W, 1980 MHz
2026/09/28 06:27:26.795, 4, 73075 MiB, 100 %, 521.43 W, 1980 MHz
2026/09/28 06:27:26.796, 5, 73075 MiB, 100 %, 537.93 W, 1980 MHz
2026/09/28 06:27:26.796, 6, 73075 MiB, 100 %, 552.75 W, 1980 MHz
2026/09/28 06:27:26.797, 7, 73075 MiB, 100 %, 530.11 W, 1980 MHz
2026/09/28 06:27:27.798, 0, 73075 MiB, 100 %, 524.60 W, 1770 MHz
2026/09/28 06:27:27.799, 1, 73075 MiB, 100 %, 557.36 W, 1980 MHz
2026/09/28 06:27:27.800, 2, 73075 MiB, 100 %, 533.63 W, 1980 MHz
2026/09/28 06:27:27.800, 3, 73075 MiB, 100 %, 522.59 W, 1980 MHz
2026/09/28 06:27:27.801, 4, 73075 MiB, 100 %, 521.34 W, 1980 MHz
2026/09/28 06:27:27.802, 5, 73075 MiB, 100 %, 519.80 W, 1980 MHz
2026/09/28 06:27:27.803, 6, 73075 MiB, 100 %, 555.17 W, 1980 MHz
2026/09/28 06:27:27.803, 7, 73075 MiB, 100 %, 519.33 W, 1980 MHz
2026/09/28 06:27:28.804, 0, 73075 MiB, 100 %, 524.68 W, 1830 MHz
2026/09/28 06:27:28.805, 1, 73075 MiB, 100 %, 557.47 W, 1980 MHz
2026/09/28 06:27:28.806, 2, 73075 MiB, 100 %, 533.79 W, 1980 MHz
2026/09/28 06:27:28.807, 3, 73075 MiB, 100 %, 533.35 W, 1980 MHz
2026/09/28 06:27:28.807, 4, 73075 MiB, 100 %, 522.79 W, 1980 MHz
2026/09/28 06:27:28.808, 5, 73075 MiB, 100 %, 529.79 W, 1980 MHz
2026/09/28 06:27:28.809, 6, 73075 MiB, 100 %, 555.85 W, 1980 MHz
2026/09/28 06:27:28.809, 7, 73075 MiB, 100 %, 525.26 W, 1980 MHz
2026/09/28 06:27:29.810, 0, 73075 MiB, 100 %, 537.67 W, 1740 MHz
2026/09/28 06:27:29.811, 1, 73075 MiB, 100 %, 563.85 W, 1980 MHz
2026/09/28 06:27:29.812, 2, 73075 MiB, 100 %, 532.79 W, 1980 MHz
2026/09/28 06:27:29.812, 3, 73075 MiB, 100 %, 537.06 W, 1980 MHz
2026/09/28 06:27:29.813, 4, 73075 MiB, 100 %, 522.72 W, 1980 MHz
2026/09/28 06:27:29.814, 5, 73075 MiB, 100 %, 540.87 W, 1980 MHz
2026/09/28 06:27:29.814, 6, 73075 MiB, 100 %, 558.19 W, 1980 MHz
2026/09/28 06:27:29.815, 7, 73075 MiB, 100 %, 531.94 W, 1980 MHz
2026/09/28 06:27:30.816, 0, 73075 MiB, 100 %, 535.95 W, 1830 MHz
2026/09/28 06:27:30.817, 1, 73075 MiB, 100 %, 562.50 W, 1980 MHz
2026/09/28 06:27:30.817, 2, 73075 MiB, 100 %, 531.51 W, 1980 MHz
2026/09/28 06:27:30.818, 3, 73075 MiB, 100 %, 525.95 W, 1980 MHz
2026/09/28 06:27:30.818, 4, 73075 MiB, 100 %, 524.59 W, 1980 MHz
2026/09/28 06:27:30.819, 5, 73075 MiB, 100 %, 537.33 W, 1980 MHz
2026/09/28 06:27:30.820, 6, 73075 MiB, 100 %, 552.35 W, 1980 MHz
2026/09/28 06:27:30.820, 7, 73075 MiB, 100 %, 529.08 W, 1980 MHz
2026/09/28 06:27:31.821, 0, 73075 MiB, 100 %, 529.20 W, 1785 MHz
2026/09/28 06:27:31.822, 1, 73075 MiB, 100 %, 560.42 W, 1980 MHz
2026/09/28 06:27:31.823, 2, 73075 MiB, 100 %, 531.41 W, 1980 MHz
2026/09/28 06:27:31.823, 3, 73075 MiB, 100 %, 529.49 W, 1980 MHz
2026/09/28 06:27:31.824, 4, 73075 MiB, 100 %, 528.02 W, 1980 MHz
2026/09/28 06:27:31.825, 5, 73075 MiB, 100 %, 536.51 W, 1980 MHz
2026/09/28 06:27:31.825, 6, 73075 MiB, 100 %, 554.93 W, 1980 MHz
2026/09/28 06:27:31.826, 7, 73075 MiB, 100 %, 527.96 W, 1980 MHz
2026/09/28 06:27:32.827, 0, 73075 MiB, 100 %, 539.92 W, 1800 MHz
2026/09/28 06:27:32.827, 1, 73075 MiB, 100 %, 561.86 W, 1980 MHz
2026/09/28 06:27:32.828, 2, 73075 MiB, 100 %, 529.97 W, 1980 MHz
2026/09/28 06:27:32.829, 3, 73075 MiB, 100 %, 530.65 W, 1980 MHz
2026/09/28 06:27:32.829, 4, 73075 MiB, 100 %, 523.24 W, 1980 MHz
2026/09/28 06:27:32.830, 5, 73075 MiB, 100 %, 530.51 W, 1980 MHz
2026/09/28 06:27:32.831, 6, 73075 MiB, 100 %, 554.51 W, 1980 MHz
2026/09/28 06:27:32.831, 7, 73075 MiB, 100 %, 525.27 W, 1980 MHz
2026/09/28 06:27:33.832, 0, 73075 MiB, 100 %, 533.52 W, 1755 MHz
2026/09/28 06:27:33.833, 1, 73075 MiB, 100 %, 570.96 W, 1980 MHz
2026/09/28 06:27:33.834, 2, 73075 MiB, 100 %, 530.13 W, 1980 MHz
2026/09/28 06:27:33.834, 3, 73075 MiB, 100 %, 533.46 W, 1980 MHz
2026/09/28 06:27:33.835, 4, 73075 MiB, 100 %, 527.82 W, 1980 MHz
2026/09/28 06:27:33.836, 5, 73075 MiB, 100 %, 535.03 W, 1980 MHz
2026/09/28 06:27:33.836, 6, 73075 MiB, 100 %, 548.80 W, 1980 MHz
2026/09/28 06:27:33.837, 7, 73075 MiB, 100 %, 525.40 W, 1980 MHz
2026/09/28 06:27:34.838, 0, 73075 MiB, 100 %, 538.19 W, 1860 MHz
2026/09/28 06:27:34.839, 1, 73075 MiB, 100 %, 566.83 W, 1980 MHz
2026/09/28 06:27:34.840, 2, 73075 MiB, 100 %, 538.94 W, 1980 MHz
2026/09/28 06:27:34.840, 3, 73075 MiB, 100 %, 527.92 W, 1980 MHz
2026/09/28 06:27:34.841, 4, 73075 MiB, 100 %, 523.98 W, 1980 MHz
2026/09/28 06:27:34.841, 5, 73075 MiB, 100 %, 536.24 W, 1980 MHz
2026/09/28 06:27:34.842, 6, 73075 MiB, 100 %, 560.72 W, 1980 MHz
2026/09/28 06:27:34.843, 7, 73075 MiB, 100 %, 522.59 W, 1980 MHz
2026/09/28 06:27:35.844, 0, 73075 MiB, 100 %, 546.90 W, 1815 MHz
2026/09/28 06:27:35.845, 1, 73075 MiB, 100 %, 567.83 W, 1980 MHz
2026/09/28 06:27:35.845, 2, 73075 MiB, 100 %, 531.12 W, 1980 MHz
2026/09/28 06:27:35.846, 3, 73075 MiB, 100 %, 529.69 W, 1980 MHz
2026/09/28 06:27:35.847, 4, 73075 MiB, 100 %, 525.99 W, 1980 MHz
2026/09/28 06:27:35.848, 5, 73075 MiB, 100 %, 530.97 W, 1980 MHz
2026/09/28 06:27:35.848, 6, 73075 MiB, 100 %, 550.82 W, 1980 MHz
2026/09/28 06:27:35.849, 7, 73075 MiB, 100 %, 522.38 W, 1980 MHz
2026/09/28 06:27:36.850, 0, 73075 MiB, 100 %, 547.89 W, 1860 MHz
2026/09/28 06:27:36.851, 1, 73075 MiB, 100 %, 568.85 W, 1980 MHz
2026/09/28 06:27:36.851, 2, 73075 MiB, 100 %, 532.05 W, 1980 MHz
2026/09/28 06:27:36.852, 3, 73075 MiB, 100 %, 527.69 W, 1980 MHz
2026/09/28 06:27:36.853, 4, 73075 MiB, 100 %, 524.50 W, 1980 MHz
2026/09/28 06:27:36.853, 5, 73075 MiB, 100 %, 537.60 W, 1980 MHz
2026/09/28 06:27:36.854, 6, 73075 MiB, 100 %, 556.77 W, 1980 MHz
2026/09/28 06:27:36.855, 7, 73075 MiB, 100 %, 528.68 W, 1980 MHz
2026/09/28 06:27:37.855, 0, 73075 MiB, 100 %, 538.13 W, 1740 MHz
2026/09/28 06:27:37.857, 1, 73075 MiB, 100 %, 562.54 W, 1980 MHz
2026/09/28 06:27:37.857, 2, 73075 MiB, 100 %, 537.22 W, 1980 MHz
2026/09/28 06:27:37.858, 3, 73075 MiB, 100 %, 529.15 W, 1980 MHz
2026/09/28 06:27:37.859, 4, 73075 MiB, 100 %, 523.87 W, 1980 MHz
2026/09/28 06:27:37.859, 5, 73075 MiB, 100 %, 531.68 W, 1980 MHz
2026/09/28 06:27:37.860, 6, 73075 MiB, 100 %, 558.28 W, 1980 MHz
2026/09/28 06:27:37.861, 7, 73075 MiB, 100 %, 524.06 W, 1980 MHz
2026/09/28 06:27:38.861, 0, 73075 MiB, 100 %, 538.21 W, 1920 MHz
2026/09/28 06:27:38.862, 1, 73075 MiB, 100 %, 557.73 W, 1980 MHz
2026/09/28 06:27:38.863, 2, 73075 MiB, 100 %, 533.31 W, 1980 MHz
2026/09/28 06:27:38.863, 3, 73075 MiB, 100 %, 529.84 W, 1980 MHz
2026/09/28 06:27:38.864, 4, 73075 MiB, 100 %, 525.34 W, 1980 MHz
2026/09/28 06:27:38.865, 5, 73075 MiB, 100 %, 531.53 W, 1980 MHz
2026/09/28 06:27:38.865, 6, 73075 MiB, 100 %, 554.58 W, 1980 MHz
2026/09/28 06:27:38.866, 7, 73075 MiB, 100 %, 529.37 W, 1980 MHz
2026/09/28 06:27:39.867, 0, 73075 MiB, 100 %, 549.61 W, 1785 MHz
2026/09/28 06:27:39.868, 1, 73075 MiB, 100 %, 552.74 W, 1980 MHz
2026/09/28 06:27:39.868, 2, 73075 MiB, 100 %, 541.26 W, 1980 MHz
2026/09/28 06:27:39.869, 3, 73075 MiB, 100 %, 533.90 W, 1980 MHz
2026/09/28 06:27:39.870, 4, 73075 MiB, 100 %, 527.55 W, 1980 MHz
2026/09/28 06:27:39.870, 5, 73075 MiB, 100 %, 535.95 W, 1980 MHz
2026/09/28 06:27:39.871, 6, 73075 MiB, 100 %, 559.44 W, 1980 MHz
2026/09/28 06:27:39.872, 7, 73075 MiB, 100 %, 529.85 W, 1980 MHz
2026/09/28 06:27:40.872, 0, 73075 MiB, 100 %, 464.35 W, 1470 MHz
2026/09/28 06:27:40.873, 1, 73075 MiB, 100 %, 546.10 W, 1980 MHz
2026/09/28 06:27:40.874, 2, 73075 MiB, 100 %, 516.63 W, 1980 MHz
2026/09/28 06:27:40.875, 3, 73075 MiB, 100 %, 521.85 W, 1980 MHz
2026/09/28 06:27:40.875, 4, 73075 MiB, 100 %, 507.48 W, 1980 MHz
2026/09/28 06:27:40.876, 5, 73075 MiB, 100 %, 519.26 W, 1980 MHz
2026/09/28 06:27:40.877, 6, 73075 MiB, 100 %, 547.15 W, 1980 MHz
2026/09/28 06:27:40.877, 7, 73075 MiB, 100 %, 500.62 W, 1980 MHz
2026/09/28 06:27:41.878, 0, 73075 MiB, 100 %, 477.61 W, 1710 MHz
2026/09/28 06:27:41.879, 1, 73075 MiB, 100 %, 547.66 W, 1980 MHz
2026/09/28 06:27:41.880, 2, 73075 MiB, 100 %, 521.78 W, 1980 MHz
2026/09/28 06:27:41.880, 3, 73075 MiB, 100 %, 524.59 W, 1980 MHz
2026/09/28 06:27:41.881, 4, 73075 MiB, 100 %, 516.84 W, 1980 MHz
2026/09/28 06:27:41.882, 5, 73075 MiB, 100 %, 527.07 W, 1980 MHz
2026/09/28 06:27:41.883, 6, 73075 MiB, 100 %, 534.15 W, 1980 MHz
2026/09/28 06:27:41.883, 7, 73075 MiB, 100 %, 517.13 W, 1980 MHz
2026/09/28 06:27:42.884, 0, 73075 MiB, 100 %, 497.82 W, 1725 MHz
2026/09/28 06:27:42.885, 1, 73075 MiB, 100 %, 547.93 W, 1980 MHz
2026/09/28 06:27:42.886, 2, 73075 MiB, 100 %, 525.16 W, 1980 MHz
2026/09/28 06:27:42.887, 3, 73075 MiB, 100 %, 530.62 W, 1980 MHz
2026/09/28 06:27:42.887, 4, 73075 MiB, 100 %, 520.73 W, 1980 MHz
2026/09/28 06:27:42.888, 5, 73075 MiB, 100 %, 529.24 W, 1980 MHz
2026/09/28 06:27:42.889, 6, 73075 MiB, 100 %, 549.07 W, 1980 MHz
2026/09/28 06:27:42.889, 7, 73075 MiB, 100 %, 528.96 W, 1980 MHz
2026/09/28 06:27:43.890, 0, 73075 MiB, 100 %, 510.60 W, 1770 MHz
2026/09/28 06:27:43.891, 1, 73075 MiB, 100 %, 560.19 W, 1980 MHz
2026/09/28 06:27:43.892, 2, 73075 MiB, 100 %, 536.43 W, 1980 MHz
2026/09/28 06:27:43.892, 3, 73075 MiB, 100 %, 521.10 W, 1980 MHz
2026/09/28 06:27:43.893, 4, 73075 MiB, 100 %, 526.24 W, 1980 MHz
2026/09/28 06:27:43.894, 5, 73075 MiB, 100 %, 527.09 W, 1980 MHz
2026/09/28 06:27:43.894, 6, 73075 MiB, 100 %, 548.69 W, 1980 MHz
2026/09/28 06:27:43.895, 7, 73075 MiB, 100 %, 518.37 W, 1980 MHz
2026/09/28 06:27:44.896, 0, 73075 MiB, 100 %, 534.44 W, 1740 MHz
2026/09/28 06:27:44.897, 1, 73075 MiB, 100 %, 547.44 W, 1980 MHz
2026/09/28 06:27:44.898, 2, 73075 MiB, 100 %, 531.60 W, 1980 MHz
2026/09/28 06:27:44.899, 3, 73075 MiB, 100 %, 530.06 W, 1980 MHz
2026/09/28 06:27:44.899, 4, 73075 MiB, 100 %, 511.19 W, 1980 MHz
2026/09/28 06:27:44.900, 5, 73075 MiB, 100 %, 535.17 W, 1980 MHz
2026/09/28 06:27:44.900, 6, 73075 MiB, 100 %, 564.86 W, 1980 MHz
2026/09/28 06:27:44.901, 7, 73075 MiB, 100 %, 520.76 W, 1980 MHz
2026/09/28 06:27:45.902, 0, 73075 MiB, 100 %, 535.57 W, 1785 MHz
2026/09/28 06:27:45.903, 1, 73075 MiB, 100 %, 552.24 W, 1980 MHz
2026/09/28 06:27:45.903, 2, 73075 MiB, 100 %, 546.92 W, 1980 MHz
2026/09/28 06:27:45.904, 3, 73075 MiB, 100 %, 541.50 W, 1980 MHz
2026/09/28 06:27:45.905, 4, 73075 MiB, 100 %, 524.89 W, 1980 MHz
2026/09/28 06:27:45.906, 5, 73075 MiB, 100 %, 546.38 W, 1980 MHz
2026/09/28 06:27:45.906, 6, 73075 MiB, 100 %, 558.15 W, 1980 MHz
2026/09/28 06:27:45.907, 7, 73075 MiB, 100 %, 525.26 W, 1980 MHz
2026/09/28 06:27:46.908, 0, 73075 MiB, 100 %, 545.11 W, 1830 MHz
2026/09/28 06:27:46.909, 1, 73075 MiB, 100 %, 560.49 W, 1980 MHz
2026/09/28 06:27:46.909, 2, 73075 MiB, 100 %, 537.42 W, 1980 MHz
2026/09/28 06:27:46.910, 3, 73075 MiB, 100 %, 529.09 W, 1980 MHz
2026/09/28 06:27:46.911, 4, 73075 MiB, 100 %, 528.83 W, 1980 MHz
2026/09/28 06:27:46.911, 5, 73075 MiB, 100 %, 539.25 W, 1980 MHz
2026/09/28 06:27:46.912, 6, 73075 MiB, 100 %, 561.47 W, 1980 MHz
2026/09/28 06:27:46.912, 7, 73075 MiB, 100 %, 526.81 W, 1980 MHz
2026/09/28 06:27:47.913, 0, 73075 MiB, 100 %, 536.36 W, 1680 MHz
2026/09/28 06:27:47.914, 1, 73075 MiB, 100 %, 557.16 W, 1980 MHz
2026/09/28 06:27:47.915, 2, 73075 MiB, 100 %, 534.35 W, 1980 MHz
2026/09/28 06:27:47.915, 3, 73075 MiB, 100 %, 533.53 W, 1980 MHz
2026/09/28 06:27:47.916, 4, 73075 MiB, 100 %, 519.33 W, 1980 MHz
2026/09/28 06:27:47.916, 5, 73075 MiB, 100 %, 523.61 W, 1980 MHz
2026/09/28 06:27:47.917, 6, 73075 MiB, 100 %, 550.48 W, 1980 MHz
2026/09/28 06:27:47.918, 7, 73075 MiB, 100 %, 515.02 W, 1980 MHz
2026/09/28 06:27:48.918, 0, 73075 MiB, 100 %, 535.88 W, 1845 MHz
2026/09/28 06:27:48.919, 1, 73075 MiB, 100 %, 555.35 W, 1980 MHz
2026/09/28 06:27:48.920, 2, 73075 MiB, 100 %, 530.86 W, 1980 MHz
2026/09/28 06:27:48.921, 3, 73075 MiB, 100 %, 530.05 W, 1980 MHz
2026/09/28 06:27:48.921, 4, 73075 MiB, 100 %, 523.01 W, 1980 MHz
2026/09/28 06:27:48.922, 5, 73075 MiB, 100 %, 531.81 W, 1980 MHz
2026/09/28 06:27:48.923, 6, 73075 MiB, 100 %, 546.53 W, 1980 MHz
2026/09/28 06:27:48.923, 7, 73075 MiB, 100 %, 522.97 W, 1980 MHz
2026/09/28 06:27:49.924, 0, 73075 MiB, 100 %, 541.53 W, 1815 MHz
2026/09/28 06:27:49.925, 1, 73075 MiB, 100 %, 559.08 W, 1980 MHz
2026/09/28 06:27:49.926, 2, 73075 MiB, 100 %, 534.55 W, 1980 MHz
2026/09/28 06:27:49.926, 3, 73075 MiB, 100 %, 537.88 W, 1980 MHz
2026/09/28 06:27:49.927, 4, 73075 MiB, 100 %, 522.31 W, 1980 MHz
2026/09/28 06:27:49.928, 5, 73075 MiB, 100 %, 537.80 W, 1980 MHz
2026/09/28 06:27:49.928, 6, 73075 MiB, 100 %, 562.89 W, 1980 MHz
2026/09/28 06:27:49.929, 7, 73075 MiB, 100 %, 524.68 W, 1980 MHz
2026/09/28 06:27:50.930, 0, 73075 MiB, 100 %, 543.55 W, 1875 MHz
2026/09/28 06:27:50.931, 1, 73075 MiB, 100 %, 564.12 W, 1980 MHz
2026/09/28 06:27:50.932, 2, 73075 MiB, 100 %, 542.76 W, 1980 MHz
2026/09/28 06:27:50.934, 3, 73075 MiB, 100 %, 523.68 W, 1980 MHz
2026/09/28 06:27:50.935, 4, 73075 MiB, 100 %, 528.31 W, 1980 MHz
2026/09/28 06:27:50.936, 5, 73075 MiB, 100 %, 537.70 W, 1980 MHz
2026/09/28 06:27:50.938, 6, 73075 MiB, 100 %, 556.19 W, 1980 MHz
2026/09/28 06:27:50.941, 7, 73075 MiB, 100 %, 530.41 W, 1980 MHz
2026/09/28 06:27:51.942, 0, 73075 MiB, 100 %, 540.23 W, 1680 MHz
2026/09/28 06:27:51.943, 1, 73075 MiB, 100 %, 562.89 W, 1980 MHz
2026/09/28 06:27:51.944, 2, 73075 MiB, 100 %, 537.55 W, 1980 MHz
2026/09/28 06:27:51.944, 3, 73075 MiB, 100 %, 537.38 W, 1980 MHz
2026/09/28 06:27:51.945, 4, 73075 MiB, 100 %, 516.77 W, 1980 MHz
2026/09/28 06:27:51.946, 5, 73075 MiB, 100 %, 538.68 W, 1980 MHz
2026/09/28 06:27:51.946, 6, 73075 MiB, 100 %, 560.54 W, 1980 MHz
2026/09/28 06:27:51.947, 7, 73075 MiB, 100 %, 525.07 W, 1980 MHz
2026/09/28 06:27:52.948, 0, 73075 MiB, 100 %, 533.61 W, 1845 MHz
2026/09/28 06:27:52.949, 1, 73075 MiB, 100 %, 555.16 W, 1980 MHz
2026/09/28 06:27:52.950, 2, 73075 MiB, 100 %, 539.06 W, 1980 MHz
2026/09/28 06:27:52.950, 3, 73075 MiB, 100 %, 536.42 W, 1980 MHz
2026/09/28 06:27:52.951, 4, 73075 MiB, 100 %, 523.28 W, 1980 MHz
2026/09/28 06:27:52.952, 5, 73075 MiB, 100 %, 530.39 W, 1980 MHz
2026/09/28 06:27:52.952, 6, 73075 MiB, 100 %, 543.49 W, 1980 MHz
2026/09/28 06:27:52.953, 7, 73075 MiB, 100 %, 528.25 W, 1980 MHz
2026/09/28 06:27:53.953, 0, 73075 MiB, 100 %, 521.11 W, 1725 MHz
2026/09/28 06:27:53.954, 1, 73075 MiB, 100 %, 547.82 W, 1980 MHz
2026/09/28 06:27:53.955, 2, 73075 MiB, 100 %, 528.92 W, 1980 MHz
2026/09/28 06:27:53.956, 3, 73075 MiB, 100 %, 524.89 W, 1980 MHz
2026/09/28 06:27:53.956, 4, 73075 MiB, 100 %, 518.91 W, 1980 MHz
2026/09/28 06:27:53.957, 5, 73075 MiB, 100 %, 530.71 W, 1980 MHz
2026/09/28 06:27:53.958, 6, 73075 MiB, 100 %, 552.52 W, 1980 MHz
2026/09/28 06:27:53.958, 7, 73075 MiB, 100 %, 515.24 W, 1980 MHz
2026/09/28 06:27:54.959, 0, 73075 MiB, 100 %, 528.58 W, 1815 MHz
2026/09/28 06:27:54.960, 1, 73075 MiB, 100 %, 550.27 W, 1980 MHz
2026/09/28 06:27:54.961, 2, 73075 MiB, 100 %, 526.86 W, 1980 MHz
2026/09/28 06:27:54.961, 3, 73075 MiB, 100 %, 529.76 W, 1980 MHz
2026/09/28 06:27:54.962, 4, 73075 MiB, 100 %, 517.99 W, 1980 MHz
2026/09/28 06:27:54.963, 5, 73075 MiB, 100 %, 526.47 W, 1980 MHz
2026/09/28 06:27:54.963, 6, 73075 MiB, 100 %, 555.38 W, 1980 MHz
2026/09/28 06:27:54.964, 7, 73075 MiB, 100 %, 522.33 W, 1980 MHz
2026/09/28 06:27:55.964, 0, 73075 MiB, 100 %, 536.73 W, 1635 MHz
2026/09/28 06:27:55.966, 1, 73075 MiB, 100 %, 548.68 W, 1980 MHz
2026/09/28 06:27:55.966, 2, 73075 MiB, 100 %, 541.31 W, 1980 MHz
2026/09/28 06:27:55.967, 3, 73075 MiB, 100 %, 532.10 W, 1980 MHz
2026/09/28 06:27:55.968, 4, 73075 MiB, 100 %, 519.45 W, 1980 MHz
2026/09/28 06:27:55.968, 5, 73075 MiB, 100 %, 538.99 W, 1980 MHz
2026/09/28 06:27:55.969, 6, 73075 MiB, 100 %, 550.96 W, 1980 MHz
2026/09/28 06:27:55.970, 7, 73075 MiB, 100 %, 523.83 W, 1980 MHz
2026/09/28 06:27:56.970, 0, 73075 MiB, 100 %, 521.46 W, 1755 MHz
2026/09/28 06:27:56.971, 1, 73075 MiB, 100 %, 553.15 W, 1980 MHz
2026/09/28 06:27:56.972, 2, 73075 MiB, 100 %, 527.41 W, 1980 MHz
2026/09/28 06:27:56.973, 3, 73075 MiB, 100 %, 529.47 W, 1980 MHz
2026/09/28 06:27:56.973, 4, 73075 MiB, 100 %, 519.74 W, 1980 MHz
2026/09/28 06:27:56.974, 5, 73075 MiB, 100 %, 525.64 W, 1980 MHz
2026/09/28 06:27:56.975, 6, 73075 MiB, 100 %, 549.58 W, 1980 MHz
2026/09/28 06:27:56.975, 7, 73075 MiB, 100 %, 528.26 W, 1980 MHz
2026/09/28 06:27:57.976, 0, 73075 MiB, 100 %, 520.75 W, 1710 MHz
2026/09/28 06:27:57.977, 1, 73075 MiB, 100 %, 553.51 W, 1980 MHz
2026/09/28 06:27:57.978, 2, 73075 MiB, 100 %, 537.78 W, 1980 MHz
2026/09/28 06:27:57.979, 3, 73075 MiB, 100 %, 523.26 W, 1980 MHz
2026/09/28 06:27:57.980, 4, 73075 MiB, 100 %, 520.50 W, 1980 MHz
2026/09/28 06:27:57.980, 5, 73075 MiB, 100 %, 531.79 W, 1980 MHz
2026/09/28 06:27:57.981, 6, 73075 MiB, 100 %, 551.59 W, 1980 MHz
2026/09/28 06:27:57.981, 7, 73075 MiB, 100 %, 524.86 W, 1980 MHz
2026/09/28 06:27:58.982, 0, 73075 MiB, 100 %, 531.68 W, 1815 MHz
2026/09/28 06:27:58.983, 1, 73075 MiB, 100 %, 554.80 W, 1980 MHz
2026/09/28 06:27:58.984, 2, 73075 MiB, 100 %, 534.69 W, 1980 MHz
2026/09/28 06:27:58.984, 3, 73075 MiB, 100 %, 518.21 W, 1980 MHz
2026/09/28 06:27:58.985, 4, 73075 MiB, 100 %, 525.75 W, 1980 MHz
2026/09/28 06:27:58.986, 5, 73075 MiB, 100 %, 529.57 W, 1980 MHz
2026/09/28 06:27:58.986, 6, 73075 MiB, 100 %, 560.83 W, 1980 MHz
2026/09/28 06:27:58.987, 7, 73075 MiB, 100 %, 527.49 W, 1980 MHz
2026/09/28 06:27:59.988, 0, 73075 MiB, 100 %, 533.53 W, 1680 MHz
2026/09/28 06:27:59.989, 1, 73075 MiB, 100 %, 551.28 W, 1980 MHz
2026/09/28 06:27:59.990, 2, 73075 MiB, 100 %, 528.35 W, 1980 MHz
2026/09/28 06:27:59.990, 3, 73075 MiB, 100 %, 533.43 W, 1980 MHz
2026/09/28 06:27:59.991, 4, 73075 MiB, 100 %, 522.59 W, 1980 MHz
2026/09/28 06:27:59.992, 5, 73075 MiB, 100 %, 533.92 W, 1980 MHz
2026/09/28 06:27:59.992, 6, 73075 MiB, 100 %, 553.61 W, 1980 MHz
2026/09/28 06:27:59.993, 7, 73075 MiB, 100 %, 520.76 W, 1980 MHz
2026/09/28 06:28:00.993, 0, 73075 MiB, 100 %, 528.99 W, 1875 MHz
2026/09/28 06:28:00.995, 1, 73075 MiB, 100 %, 553.65 W, 1980 MHz
2026/09/28 06:28:00.995, 2, 73075 MiB, 100 %, 539.97 W, 1980 MHz
2026/09/28 06:28:00.996, 3, 73075 MiB, 100 %, 528.13 W, 1980 MHz
2026/09/28 06:28:00.997, 4, 73075 MiB, 100 %, 523.16 W, 1980 MHz
2026/09/28 06:28:00.997, 5, 73075 MiB, 100 %, 535.26 W, 1980 MHz
2026/09/28 06:28:00.998, 6, 73075 MiB, 100 %, 554.98 W, 1980 MHz
2026/09/28 06:28:00.998, 7, 73075 MiB, 100 %, 529.96 W, 1980 MHz
2026/09/28 06:28:01.999, 0, 73075 MiB, 100 %, 535.33 W, 1695 MHz
2026/09/28 06:28:02.000, 1, 73075 MiB, 100 %, 566.51 W, 1980 MHz
2026/09/28 06:28:02.001, 2, 73075 MiB, 100 %, 525.71 W, 1980 MHz
2026/09/28 06:28:02.002, 3, 73075 MiB, 100 %, 531.45 W, 1980 MHz
2026/09/28 06:28:02.002, 4, 73075 MiB, 100 %, 526.92 W, 1980 MHz
2026/09/28 06:28:02.003, 5, 73075 MiB, 100 %, 533.73 W, 1980 MHz
2026/09/28 06:28:02.003, 6, 73075 MiB, 100 %, 543.03 W, 1980 MHz
2026/09/28 06:28:02.004, 7, 73075 MiB, 100 %, 524.78 W, 1980 MHz
2026/09/28 06:28:03.005, 0, 73075 MiB, 100 %, 534.58 W, 1845 MHz
2026/09/28 06:28:03.006, 1, 73075 MiB, 100 %, 559.53 W, 1980 MHz
2026/09/28 06:28:03.007, 2, 73075 MiB, 100 %, 535.40 W, 1980 MHz
2026/09/28 06:28:03.007, 3, 73075 MiB, 100 %, 528.81 W, 1980 MHz
2026/09/28 06:28:03.008, 4, 73075 MiB, 100 %, 522.82 W, 1980 MHz
2026/09/28 06:28:03.009, 5, 73075 MiB, 100 %, 537.56 W, 1980 MHz
2026/09/28 06:28:03.009, 6, 73075 MiB, 100 %, 556.05 W, 1980 MHz
2026/09/28 06:28:03.010, 7, 73075 MiB, 100 %, 524.22 W, 1980 MHz
2026/09/28 06:28:04.011, 0, 73075 MiB, 100 %, 539.35 W, 1830 MHz
2026/09/28 06:28:04.012, 1, 73075 MiB, 100 %, 549.28 W, 1980 MHz
2026/09/28 06:28:04.012, 2, 73075 MiB, 100 %, 528.95 W, 1980 MHz
2026/09/28 06:28:04.013, 3, 73075 MiB, 100 %, 532.73 W, 1980 MHz
2026/09/28 06:28:04.014, 4, 73075 MiB, 100 %, 523.68 W, 1980 MHz
2026/09/28 06:28:04.014, 5, 73075 MiB, 100 %, 526.64 W, 1980 MHz
2026/09/28 06:28:04.015, 6, 73075 MiB, 100 %, 548.99 W, 1980 MHz
2026/09/28 06:28:04.016, 7, 73075 MiB, 100 %, 533.16 W, 1980 MHz
2026/09/28 06:28:05.016, 0, 73075 MiB, 100 %, 536.32 W, 1830 MHz
2026/09/28 06:28:05.017, 1, 73075 MiB, 100 %, 553.16 W, 1980 MHz
2026/09/28 06:28:05.018, 2, 73075 MiB, 100 %, 537.51 W, 1980 MHz
2026/09/28 06:28:05.019, 3, 73075 MiB, 100 %, 534.50 W, 1980 MHz
2026/09/28 06:28:05.019, 4, 73075 MiB, 100 %, 525.24 W, 1980 MHz
2026/09/28 06:28:05.020, 5, 73075 MiB, 100 %, 533.00 W, 1980 MHz
2026/09/28 06:28:05.021, 6, 73075 MiB, 100 %, 555.75 W, 1980 MHz
2026/09/28 06:28:05.021, 7, 73075 MiB, 100 %, 522.93 W, 1980 MHz
2026/09/28 06:28:06.022, 0, 73075 MiB, 100 %, 549.56 W, 1785 MHz
2026/09/28 06:28:06.023, 1, 73075 MiB, 100 %, 550.95 W, 1980 MHz
2026/09/28 06:28:06.024, 2, 73075 MiB, 100 %, 538.39 W, 1980 MHz
2026/09/28 06:28:06.024, 3, 73075 MiB, 100 %, 528.20 W, 1980 MHz
2026/09/28 06:28:06.025, 4, 73075 MiB, 100 %, 527.16 W, 1980 MHz
2026/09/28 06:28:06.026, 5, 73075 MiB, 100 %, 534.43 W, 1980 MHz
2026/09/28 06:28:06.026, 6, 73075 MiB, 100 %, 560.97 W, 1980 MHz
2026/09/28 06:28:06.027, 7, 73075 MiB, 100 %, 530.14 W, 1980 MHz
2026/09/28 06:28:07.028, 0, 73075 MiB, 100 %, 547.05 W, 1680 MHz
2026/09/28 06:28:07.029, 1, 73075 MiB, 100 %, 562.56 W, 1980 MHz
2026/09/28 06:28:07.030, 2, 73075 MiB, 100 %, 540.25 W, 1980 MHz
2026/09/28 06:28:07.030, 3, 73075 MiB, 100 %, 524.87 W, 1980 MHz
2026/09/28 06:28:07.031, 4, 73075 MiB, 100 %, 521.57 W, 1980 MHz
2026/09/28 06:28:07.032, 5, 73075 MiB, 100 %, 531.96 W, 1980 MHz
2026/09/28 06:28:07.032, 6, 73075 MiB, 100 %, 550.28 W, 1980 MHz
2026/09/28 06:28:07.033, 7, 73075 MiB, 100 %, 524.82 W, 1980 MHz
2026/09/28 06:28:08.034, 0, 73075 MiB, 100 %, 537.63 W, 1785 MHz
2026/09/28 06:28:08.035, 1, 73075 MiB, 100 %, 560.24 W, 1980 MHz
2026/09/28 06:28:08.035, 2, 73075 MiB, 100 %, 535.70 W, 1980 MHz
2026/09/28 06:28:08.036, 3, 73075 MiB, 100 %, 534.41 W, 1980 MHz
2026/09/28 06:28:08.037, 4, 73075 MiB, 100 %, 531.35 W, 1980 MHz
2026/09/28 06:28:08.037, 5, 73075 MiB, 100 %, 532.49 W, 1980 MHz
2026/09/28 06:28:08.038, 6, 73075 MiB, 100 %, 556.83 W, 1980 MHz
2026/09/28 06:28:08.039, 7, 73075 MiB, 100 %, 525.01 W, 1980 MHz
2026/09/28 06:28:09.039, 0, 73075 MiB, 100 %, 531.62 W, 1695 MHz
2026/09/28 06:28:09.040, 1, 73075 MiB, 100 %, 563.55 W, 1980 MHz
2026/09/28 06:28:09.041, 2, 73075 MiB, 100 %, 531.35 W, 1980 MHz
2026/09/28 06:28:09.042, 3, 73075 MiB, 100 %, 526.34 W, 1980 MHz
2026/09/28 06:28:09.042, 4, 73075 MiB, 100 %, 520.21 W, 1980 MHz
2026/09/28 06:28:09.043, 5, 73075 MiB, 100 %, 529.41 W, 1980 MHz
2026/09/28 06:28:09.044, 6, 73075 MiB, 100 %, 553.62 W, 1980 MHz
2026/09/28 06:28:09.044, 7, 73075 MiB, 100 %, 525.78 W, 1980 MHz
2026/09/28 06:28:10.045, 0, 73075 MiB, 100 %, 503.51 W, 1800 MHz
2026/09/28 06:28:10.046, 1, 73075 MiB, 100 %, 556.16 W, 1980 MHz
2026/09/28 06:28:10.047, 2, 73075 MiB, 100 %, 531.18 W, 1980 MHz
2026/09/28 06:28:10.047, 3, 73075 MiB, 100 %, 516.60 W, 1980 MHz
2026/09/28 06:28:10.048, 4, 73075 MiB, 100 %, 523.55 W, 1980 MHz
2026/09/28 06:28:10.049, 5, 73075 MiB, 100 %, 531.72 W, 1980 MHz
2026/09/28 06:28:10.050, 6, 73075 MiB, 100 %, 555.06 W, 1980 MHz
2026/09/28 06:28:10.050, 7, 73075 MiB, 100 %, 520.68 W, 1980 MHz
2026/09/28 06:28:11.051, 0, 73075 MiB, 100 %, 524.32 W, 1740 MHz
2026/09/28 06:28:11.052, 1, 73075 MiB, 100 %, 555.56 W, 1980 MHz
2026/09/28 06:28:11.053, 2, 73075 MiB, 100 %, 532.20 W, 1980 MHz
2026/09/28 06:28:11.053, 3, 73075 MiB, 100 %, 528.90 W, 1980 MHz
2026/09/28 06:28:11.054, 4, 73075 MiB, 100 %, 518.17 W, 1980 MHz
2026/09/28 06:28:11.054, 5, 73075 MiB, 100 %, 536.48 W, 1980 MHz
2026/09/28 06:28:11.055, 6, 73075 MiB, 100 %, 563.24 W, 1980 MHz
2026/09/28 06:28:11.056, 7, 73075 MiB, 100 %, 525.89 W, 1980 MHz
2026/09/28 06:28:12.056, 0, 73075 MiB, 100 %, 521.88 W, 1785 MHz
2026/09/28 06:28:12.058, 1, 73075 MiB, 100 %, 555.53 W, 1980 MHz
2026/09/28 06:28:12.058, 2, 73075 MiB, 100 %, 535.50 W, 1980 MHz
2026/09/28 06:28:12.059, 3, 73075 MiB, 100 %, 527.09 W, 1980 MHz
2026/09/28 06:28:12.060, 4, 73075 MiB, 100 %, 524.96 W, 1980 MHz
2026/09/28 06:28:12.060, 5, 73075 MiB, 100 %, 532.99 W, 1980 MHz
2026/09/28 06:28:12.061, 6, 73075 MiB, 100 %, 556.67 W, 1980 MHz
2026/09/28 06:28:12.062, 7, 73075 MiB, 100 %, 521.99 W, 1980 MHz
2026/09/28 06:28:13.062, 0, 73075 MiB, 100 %, 528.87 W, 1725 MHz
2026/09/28 06:28:13.064, 1, 73075 MiB, 100 %, 546.86 W, 1980 MHz
2026/09/28 06:28:13.065, 2, 73075 MiB, 100 %, 538.01 W, 1980 MHz
2026/09/28 06:28:13.065, 3, 73075 MiB, 100 %, 537.46 W, 1980 MHz
2026/09/28 06:28:13.066, 4, 73075 MiB, 100 %, 520.58 W, 1980 MHz
2026/09/28 06:28:13.067, 5, 73075 MiB, 100 %, 532.32 W, 1980 MHz
2026/09/28 06:28:13.067, 6, 73075 MiB, 100 %, 549.57 W, 1980 MHz
2026/09/28 06:28:13.068, 7, 73075 MiB, 100 %, 528.27 W, 1980 MHz
2026/09/28 06:28:14.069, 0, 73075 MiB, 100 %, 544.02 W, 1860 MHz
2026/09/28 06:28:14.070, 1, 73075 MiB, 100 %, 563.05 W, 1980 MHz
2026/09/28 06:28:14.070, 2, 73075 MiB, 100 %, 536.47 W, 1980 MHz
2026/09/28 06:28:14.071, 3, 73075 MiB, 100 %, 525.36 W, 1980 MHz
2026/09/28 06:28:14.072, 4, 73075 MiB, 100 %, 525.03 W, 1980 MHz
2026/09/28 06:28:14.072, 5, 73075 MiB, 100 %, 527.87 W, 1980 MHz
2026/09/28 06:28:14.073, 6, 73075 MiB, 100 %, 558.23 W, 1980 MHz
2026/09/28 06:28:14.073, 7, 73075 MiB, 100 %, 525.91 W, 1980 MHz
2026/09/28 06:28:15.074, 0, 73075 MiB, 100 %, 530.22 W, 1815 MHz
2026/09/28 06:28:15.075, 1, 73075 MiB, 100 %, 560.27 W, 1980 MHz
2026/09/28 06:28:15.076, 2, 73075 MiB, 100 %, 540.15 W, 1980 MHz
2026/09/28 06:28:15.076, 3, 73075 MiB, 100 %, 532.98 W, 1980 MHz
2026/09/28 06:28:15.077, 4, 73075 MiB, 100 %, 522.55 W, 1980 MHz
2026/09/28 06:28:15.078, 5, 73075 MiB, 100 %, 534.91 W, 1980 MHz
2026/09/28 06:28:15.078, 6, 73075 MiB, 100 %, 546.90 W, 1980 MHz
2026/09/28 06:28:15.079, 7, 73075 MiB, 100 %, 531.31 W, 1980 MHz
2026/09/28 06:28:16.080, 0, 73075 MiB, 100 %, 537.11 W, 1770 MHz
2026/09/28 06:28:16.081, 1, 73075 MiB, 100 %, 556.23 W, 1980 MHz
2026/09/28 06:28:16.081, 2, 73075 MiB, 100 %, 539.01 W, 1980 MHz
2026/09/28 06:28:16.082, 3, 73075 MiB, 100 %, 530.82 W, 1980 MHz
2026/09/28 06:28:16.083, 4, 73075 MiB, 100 %, 524.84 W, 1980 MHz
2026/09/28 06:28:16.083, 5, 73075 MiB, 100 %, 529.18 W, 1980 MHz
2026/09/28 06:28:16.084, 6, 73075 MiB, 100 %, 557.65 W, 1980 MHz
2026/09/28 06:28:16.085, 7, 73075 MiB, 100 %, 523.68 W, 1980 MHz
2026/09/28 06:28:17.085, 0, 73075 MiB, 100 %, 534.89 W, 1770 MHz
2026/09/28 06:28:17.087, 1, 73075 MiB, 100 %, 560.03 W, 1980 MHz
2026/09/28 06:28:17.087, 2, 73075 MiB, 100 %, 542.44 W, 1980 MHz
2026/09/28 06:28:17.088, 3, 73075 MiB, 100 %, 538.82 W, 1980 MHz
2026/09/28 06:28:17.088, 4, 73075 MiB, 100 %, 531.70 W, 1980 MHz
2026/09/28 06:28:17.089, 5, 73075 MiB, 100 %, 531.32 W, 1980 MHz
2026/09/28 06:28:17.090, 6, 73075 MiB, 100 %, 560.44 W, 1980 MHz
2026/09/28 06:28:17.090, 7, 73075 MiB, 100 %, 534.53 W, 1980 MHz
2026/09/28 06:28:18.091, 0, 73075 MiB, 100 %, 541.43 W, 1875 MHz
2026/09/28 06:28:18.092, 1, 73075 MiB, 100 %, 559.99 W, 1980 MHz
2026/09/28 06:28:18.093, 2, 73075 MiB, 100 %, 534.74 W, 1980 MHz
2026/09/28 06:28:18.093, 3, 73075 MiB, 100 %, 529.71 W, 1980 MHz
2026/09/28 06:28:18.094, 4, 73075 MiB, 100 %, 523.99 W, 1980 MHz
2026/09/28 06:28:18.094, 5, 73075 MiB, 100 %, 534.47 W, 1980 MHz
2026/09/28 06:28:18.095, 6, 73075 MiB, 100 %, 558.45 W, 1980 MHz
2026/09/28 06:28:18.096, 7, 73075 MiB, 100 %, 529.70 W, 1980 MHz
2026/09/28 06:28:19.096, 0, 73075 MiB, 100 %, 530.35 W, 1770 MHz
2026/09/28 06:28:19.097, 1, 73075 MiB, 100 %, 554.00 W, 1980 MHz
2026/09/28 06:28:19.098, 2, 73075 MiB, 100 %, 540.78 W, 1980 MHz
2026/09/28 06:28:19.099, 3, 73075 MiB, 100 %, 526.23 W, 1980 MHz
2026/09/28 06:28:19.100, 4, 73075 MiB, 100 %, 519.35 W, 1980 MHz
2026/09/28 06:28:19.100, 5, 73075 MiB, 100 %, 535.64 W, 1980 MHz
2026/09/28 06:28:19.101, 6, 73075 MiB, 100 %, 555.32 W, 1980 MHz
2026/09/28 06:28:19.101, 7, 73075 MiB, 100 %, 531.17 W, 1980 MHz
2026/09/28 06:28:20.102, 0, 73075 MiB, 100 %, 522.70 W, 1770 MHz
2026/09/28 06:28:20.103, 1, 73075 MiB, 100 %, 559.95 W, 1980 MHz
2026/09/28 06:28:20.104, 2, 73075 MiB, 100 %, 531.08 W, 1980 MHz
2026/09/28 06:28:20.104, 3, 73075 MiB, 100 %, 527.35 W, 1980 MHz
2026/09/28 06:28:20.105, 4, 73075 MiB, 100 %, 521.89 W, 1980 MHz
2026/09/28 06:28:20.106, 5, 73075 MiB, 100 %, 528.11 W, 1980 MHz
2026/09/28 06:28:20.106, 6, 73075 MiB, 100 %, 558.61 W, 1980 MHz
2026/09/28 06:28:20.107, 7, 73075 MiB, 100 %, 515.20 W, 1980 MHz
2026/09/28 06:28:21.108, 0, 73075 MiB, 100 %, 527.79 W, 1440 MHz
2026/09/28 06:28:21.109, 1, 73075 MiB, 100 %, 547.68 W, 1980 MHz
2026/09/28 06:28:21.109, 2, 73075 MiB, 100 %, 532.17 W, 1980 MHz
2026/09/28 06:28:21.110, 3, 73075 MiB, 100 %, 523.07 W, 1980 MHz
2026/09/28 06:28:21.111, 4, 73075 MiB, 100 %, 518.11 W, 1980 MHz
2026/09/28 06:28:21.111, 5, 73075 MiB, 100 %, 529.25 W, 1980 MHz
2026/09/28 06:28:21.112, 6, 73075 MiB, 100 %, 555.25 W, 1980 MHz
2026/09/28 06:28:21.113, 7, 73075 MiB, 100 %, 523.86 W, 1980 MHz
2026/09/28 06:28:22.113, 0, 73075 MiB, 100 %, 468.62 W, 1515 MHz
2026/09/28 06:28:22.114, 1, 73075 MiB, 100 %, 540.89 W, 1980 MHz
2026/09/28 06:28:22.115, 2, 73075 MiB, 100 %, 520.24 W, 1980 MHz
2026/09/28 06:28:22.116, 3, 73075 MiB, 100 %, 514.19 W, 1980 MHz
2026/09/28 06:28:22.116, 4, 73075 MiB, 100 %, 504.61 W, 1980 MHz
2026/09/28 06:28:22.117, 5, 73075 MiB, 100 %, 525.35 W, 1980 MHz
2026/09/28 06:28:22.118, 6, 73075 MiB, 100 %, 547.45 W, 1980 MHz
2026/09/28 06:28:22.118, 7, 73075 MiB, 100 %, 514.45 W, 1980 MHz
2026/09/28 06:28:23.119, 0, 73075 MiB, 100 %, 491.47 W, 1620 MHz
2026/09/28 06:28:23.120, 1, 73075 MiB, 100 %, 548.04 W, 1980 MHz
2026/09/28 06:28:23.121, 2, 73075 MiB, 100 %, 528.53 W, 1980 MHz
2026/09/28 06:28:23.122, 3, 73075 MiB, 100 %, 519.16 W, 1980 MHz
2026/09/28 06:28:23.123, 4, 73075 MiB, 100 %, 515.39 W, 1980 MHz
2026/09/28 06:28:23.123, 5, 73075 MiB, 100 %, 523.93 W, 1980 MHz
2026/09/28 06:28:23.124, 6, 73075 MiB, 100 %, 549.44 W, 1980 MHz
2026/09/28 06:28:23.124, 7, 73075 MiB, 100 %, 509.55 W, 1980 MHz
2026/09/28 06:28:24.125, 0, 73075 MiB, 100 %, 501.73 W, 1770 MHz
2026/09/28 06:28:24.126, 1, 73075 MiB, 100 %, 549.14 W, 1980 MHz
2026/09/28 06:28:24.127, 2, 73075 MiB, 100 %, 533.09 W, 1980 MHz
2026/09/28 06:28:24.128, 3, 73075 MiB, 100 %, 525.90 W, 1980 MHz
2026/09/28 06:28:24.128, 4, 73075 MiB, 100 %, 523.17 W, 1980 MHz
2026/09/28 06:28:24.129, 5, 73075 MiB, 100 %, 527.58 W, 1980 MHz
2026/09/28 06:28:24.130, 6, 73075 MiB, 100 %, 550.04 W, 1980 MHz
2026/09/28 06:28:24.131, 7, 73075 MiB, 100 %, 532.29 W, 1980 MHz
2026/09/28 06:28:25.131, 0, 73075 MiB, 100 %, 522.32 W, 1740 MHz
2026/09/28 06:28:25.132, 1, 73075 MiB, 100 %, 552.38 W, 1980 MHz
2026/09/28 06:28:25.133, 2, 73075 MiB, 100 %, 533.97 W, 1980 MHz
2026/09/28 06:28:25.134, 3, 73075 MiB, 100 %, 536.21 W, 1980 MHz
2026/09/28 06:28:25.134, 4, 73075 MiB, 100 %, 519.80 W, 1980 MHz
2026/09/28 06:28:25.135, 5, 73075 MiB, 100 %, 530.41 W, 1980 MHz
2026/09/28 06:28:25.136, 6, 73075 MiB, 100 %, 559.38 W, 1980 MHz
2026/09/28 06:28:25.136, 7, 73075 MiB, 100 %, 519.40 W, 1980 MHz
2026/09/28 06:28:26.137, 0, 73075 MiB, 100 %, 530.97 W, 1800 MHz
2026/09/28 06:28:26.138, 1, 73075 MiB, 100 %, 556.29 W, 1980 MHz
2026/09/28 06:28:26.139, 2, 73075 MiB, 100 %, 533.38 W, 1980 MHz
2026/09/28 06:28:26.139, 3, 73075 MiB, 100 %, 526.72 W, 1980 MHz
2026/09/28 06:28:26.140, 4, 73075 MiB, 100 %, 524.74 W, 1980 MHz
2026/09/28 06:28:26.141, 5, 73075 MiB, 100 %, 537.75 W, 1980 MHz
2026/09/28 06:28:26.141, 6, 73075 MiB, 100 %, 551.73 W, 1980 MHz
2026/09/28 06:28:26.142, 7, 73075 MiB, 100 %, 526.12 W, 1980 MHz
2026/09/28 06:28:27.143, 0, 73075 MiB, 100 %, 537.15 W, 1815 MHz
2026/09/28 06:28:27.144, 1, 73075 MiB, 100 %, 555.85 W, 1980 MHz
2026/09/28 06:28:27.145, 2, 73075 MiB, 100 %, 534.90 W, 1980 MHz
2026/09/28 06:28:27.145, 3, 73075 MiB, 100 %, 531.90 W, 1980 MHz
2026/09/28 06:28:27.146, 4, 73075 MiB, 100 %, 524.33 W, 1980 MHz
2026/09/28 06:28:27.147, 5, 73075 MiB, 100 %, 536.46 W, 1980 MHz
2026/09/28 06:28:27.147, 6, 73075 MiB, 100 %, 561.85 W, 1980 MHz
2026/09/28 06:28:27.148, 7, 73075 MiB, 100 %, 528.35 W, 1980 MHz
2026/09/28 06:28:28.149, 0, 73075 MiB, 100 %, 533.09 W, 1830 MHz
2026/09/28 06:28:28.150, 1, 73075 MiB, 100 %, 552.74 W, 1980 MHz
2026/09/28 06:28:28.151, 2, 73075 MiB, 100 %, 532.31 W, 1980 MHz
2026/09/28 06:28:28.151, 3, 73075 MiB, 100 %, 531.18 W, 1980 MHz
2026/09/28 06:28:28.152, 4, 73075 MiB, 100 %, 527.59 W, 1980 MHz
2026/09/28 06:28:28.153, 5, 73075 MiB, 100 %, 531.98 W, 1980 MHz
2026/09/28 06:28:28.153, 6, 73075 MiB, 100 %, 565.17 W, 1980 MHz
2026/09/28 06:28:28.154, 7, 73075 MiB, 100 %, 525.19 W, 1980 MHz
2026/09/28 06:28:29.155, 0, 73075 MiB, 100 %, 539.48 W, 1800 MHz
2026/09/28 06:28:29.156, 1, 73075 MiB, 100 %, 553.02 W, 1980 MHz
2026/09/28 06:28:29.156, 2, 73075 MiB, 100 %, 533.27 W, 1980 MHz
2026/09/28 06:28:29.157, 3, 73075 MiB, 100 %, 537.61 W, 1980 MHz
2026/09/28 06:28:29.158, 4, 73075 MiB, 100 %, 527.79 W, 1980 MHz
2026/09/28 06:28:29.158, 5, 73075 MiB, 100 %, 536.63 W, 1980 MHz
2026/09/28 06:28:29.159, 6, 73075 MiB, 100 %, 558.36 W, 1980 MHz
2026/09/28 06:28:29.159, 7, 73075 MiB, 100 %, 527.20 W, 1980 MHz
2026/09/28 06:28:30.160, 0, 73075 MiB, 100 %, 540.82 W, 1815 MHz
2026/09/28 06:28:30.161, 1, 73075 MiB, 100 %, 561.58 W, 1980 MHz
2026/09/28 06:28:30.162, 2, 73075 MiB, 100 %, 539.39 W, 1980 MHz
2026/09/28 06:28:30.162, 3, 73075 MiB, 100 %, 532.83 W, 1980 MHz
2026/09/28 06:28:30.163, 4, 73075 MiB, 100 %, 519.78 W, 1980 MHz
2026/09/28 06:28:30.164, 5, 73075 MiB, 100 %, 526.63 W, 1980 MHz
2026/09/28 06:28:30.164, 6, 73075 MiB, 100 %, 566.59 W, 1980 MHz
2026/09/28 06:28:30.165, 7, 73075 MiB, 100 %, 520.84 W, 1980 MHz
2026/09/28 06:28:31.166, 0, 73075 MiB, 100 %, 527.74 W, 1725 MHz
2026/09/28 06:28:31.167, 1, 73075 MiB, 100 %, 552.50 W, 1980 MHz
2026/09/28 06:28:31.167, 2, 73075 MiB, 100 %, 533.51 W, 1980 MHz
2026/09/28 06:28:31.168, 3, 73075 MiB, 100 %, 530.81 W, 1980 MHz
2026/09/28 06:28:31.169, 4, 73075 MiB, 100 %, 524.40 W, 1980 MHz
2026/09/28 06:28:31.169, 5, 73075 MiB, 100 %, 533.30 W, 1980 MHz
2026/09/28 06:28:31.170, 6, 73075 MiB, 100 %, 552.63 W, 1980 MHz
2026/09/28 06:28:31.171, 7, 73075 MiB, 100 %, 529.42 W, 1980 MHz
2026/09/28 06:28:32.171, 0, 73075 MiB, 100 %, 522.54 W, 1830 MHz
2026/09/28 06:28:32.172, 1, 73075 MiB, 100 %, 552.70 W, 1980 MHz
2026/09/28 06:28:32.173, 2, 73075 MiB, 100 %, 533.21 W, 1980 MHz
2026/09/28 06:28:32.174, 3, 73075 MiB, 100 %, 525.76 W, 1980 MHz
2026/09/28 06:28:32.175, 4, 73075 MiB, 100 %, 520.12 W, 1980 MHz
2026/09/28 06:28:32.175, 5, 73075 MiB, 100 %, 531.17 W, 1980 MHz
2026/09/28 06:28:32.176, 6, 73075 MiB, 100 %, 555.04 W, 1980 MHz
2026/09/28 06:28:32.177, 7, 73075 MiB, 100 %, 524.79 W, 1980 MHz
2026/09/28 06:28:33.177, 0, 73075 MiB, 100 %, 528.15 W, 1755 MHz
2026/09/28 06:28:33.179, 1, 73075 MiB, 100 %, 555.82 W, 1980 MHz
2026/09/28 06:28:33.179, 2, 73075 MiB, 100 %, 531.69 W, 1980 MHz
2026/09/28 06:28:33.180, 3, 73075 MiB, 100 %, 529.43 W, 1980 MHz
2026/09/28 06:28:33.181, 4, 73075 MiB, 100 %, 524.18 W, 1980 MHz
2026/09/28 06:28:33.181, 5, 73075 MiB, 100 %, 532.01 W, 1980 MHz
2026/09/28 06:28:33.182, 6, 73075 MiB, 100 %, 546.66 W, 1980 MHz
2026/09/28 06:28:33.183, 7, 73075 MiB, 100 %, 530.11 W, 1980 MHz
2026/09/28 06:28:34.183, 0, 73075 MiB, 100 %, 509.63 W, 1770 MHz
2026/09/28 06:28:34.184, 1, 73075 MiB, 100 %, 555.69 W, 1980 MHz
2026/09/28 06:28:34.185, 2, 73075 MiB, 100 %, 535.43 W, 1980 MHz
2026/09/28 06:28:34.186, 3, 73075 MiB, 100 %, 529.06 W, 1980 MHz
2026/09/28 06:28:34.186, 4, 73075 MiB, 100 %, 520.84 W, 1980 MHz
2026/09/28 06:28:34.187, 5, 73075 MiB, 100 %, 529.88 W, 1980 MHz
2026/09/28 06:28:34.187, 6, 73075 MiB, 100 %, 542.13 W, 1980 MHz
2026/09/28 06:28:34.188, 7, 73075 MiB, 100 %, 518.64 W, 1980 MHz
2026/09/28 06:28:35.189, 0, 73075 MiB, 100 %, 506.76 W, 1785 MHz
2026/09/28 06:28:35.190, 1, 73075 MiB, 100 %, 556.85 W, 1980 MHz
2026/09/28 06:28:35.190, 2, 73075 MiB, 100 %, 536.85 W, 1980 MHz
2026/09/28 06:28:35.191, 3, 73075 MiB, 100 %, 522.17 W, 1980 MHz
2026/09/28 06:28:35.192, 4, 73075 MiB, 100 %, 523.18 W, 1980 MHz
2026/09/28 06:28:35.192, 5, 73075 MiB, 100 %, 533.10 W, 1980 MHz
2026/09/28 06:28:35.193, 6, 73075 MiB, 100 %, 540.29 W, 1980 MHz
2026/09/28 06:28:35.194, 7, 73075 MiB, 100 %, 525.07 W, 1980 MHz
2026/09/28 06:28:36.194, 0, 73075 MiB, 100 %, 515.52 W, 1725 MHz
2026/09/28 06:28:36.195, 1, 73075 MiB, 100 %, 542.73 W, 1980 MHz
2026/09/28 06:28:36.196, 2, 73075 MiB, 100 %, 530.79 W, 1980 MHz
2026/09/28 06:28:36.197, 3, 73075 MiB, 100 %, 527.88 W, 1980 MHz
2026/09/28 06:28:36.197, 4, 73075 MiB, 100 %, 515.06 W, 1980 MHz
2026/09/28 06:28:36.198, 5, 73075 MiB, 100 %, 529.22 W, 1980 MHz
2026/09/28 06:28:36.199, 6, 73075 MiB, 100 %, 547.17 W, 1980 MHz
2026/09/28 06:28:36.199, 7, 73075 MiB, 100 %, 519.72 W, 1980 MHz
2026/09/28 06:28:37.200, 0, 73075 MiB, 100 %, 532.99 W, 1800 MHz
2026/09/28 06:28:37.201, 1, 73075 MiB, 100 %, 558.20 W, 1980 MHz
2026/09/28 06:28:37.202, 2, 73075 MiB, 100 %, 524.43 W, 1980 MHz
2026/09/28 06:28:37.202, 3, 73075 MiB, 100 %, 537.18 W, 1980 MHz
2026/09/28 06:28:37.203, 4, 73075 MiB, 100 %, 517.87 W, 1980 MHz
2026/09/28 06:28:37.204, 5, 73075 MiB, 100 %, 533.04 W, 1980 MHz
2026/09/28 06:28:37.204, 6, 73075 MiB, 100 %, 543.67 W, 1980 MHz
2026/09/28 06:28:37.205, 7, 73075 MiB, 100 %, 520.79 W, 1980 MHz
2026/09/28 06:28:38.206, 0, 73075 MiB, 100 %, 531.00 W, 1785 MHz
2026/09/28 06:28:38.207, 1, 73075 MiB, 100 %, 552.75 W, 1980 MHz
2026/09/28 06:28:38.209, 2, 73075 MiB, 100 %, 530.07 W, 1980 MHz
2026/09/28 06:28:38.210, 3, 73075 MiB, 100 %, 537.03 W, 1980 MHz
2026/09/28 06:28:38.210, 4, 73075 MiB, 100 %, 516.67 W, 1980 MHz
2026/09/28 06:28:38.211, 5, 73075 MiB, 100 %, 524.69 W, 1980 MHz
2026/09/28 06:28:38.212, 6, 73075 MiB, 100 %, 543.39 W, 1980 MHz
2026/09/28 06:28:38.212, 7, 73075 MiB, 100 %, 526.06 W, 1980 MHz
2026/09/28 06:28:39.213, 0, 73075 MiB, 100 %, 522.41 W, 1830 MHz
2026/09/28 06:28:39.214, 1, 73075 MiB, 100 %, 552.86 W, 1980 MHz
2026/09/28 06:28:39.215, 2, 73075 MiB, 100 %, 534.17 W, 1980 MHz
2026/09/28 06:28:39.216, 3, 73075 MiB, 100 %, 529.03 W, 1980 MHz
2026/09/28 06:28:39.217, 4, 73075 MiB, 100 %, 528.87 W, 1980 MHz
2026/09/28 06:28:39.217, 5, 73075 MiB, 100 %, 530.58 W, 1980 MHz
2026/09/28 06:28:39.218, 6, 73075 MiB, 100 %, 544.78 W, 1980 MHz
2026/09/28 06:28:39.218, 7, 73075 MiB, 100 %, 523.18 W, 1980 MHz
2026/09/28 06:28:40.219, 0, 73075 MiB, 100 %, 534.03 W, 1740 MHz
2026/09/28 06:28:40.221, 1, 73075 MiB, 100 %, 555.47 W, 1980 MHz
2026/09/28 06:28:40.222, 2, 73075 MiB, 100 %, 534.62 W, 1980 MHz
2026/09/28 06:28:40.223, 3, 73075 MiB, 100 %, 535.82 W, 1980 MHz
2026/09/28 06:28:40.225, 4, 73075 MiB, 100 %, 521.18 W, 1980 MHz
2026/09/28 06:28:40.227, 5, 73075 MiB, 100 %, 539.14 W, 1980 MHz
2026/09/28 06:28:40.228, 6, 73075 MiB, 100 %, 550.72 W, 1980 MHz
2026/09/28 06:28:40.229, 7, 73075 MiB, 100 %, 527.99 W, 1980 MHz
2026/09/28 06:28:41.230, 0, 73075 MiB, 100 %, 508.97 W, 1785 MHz
2026/09/28 06:28:41.231, 1, 73075 MiB, 100 %, 553.10 W, 1980 MHz
2026/09/28 06:28:41.232, 2, 73075 MiB, 100 %, 530.94 W, 1980 MHz
2026/09/28 06:28:41.233, 3, 73075 MiB, 100 %, 529.09 W, 1980 MHz
2026/09/28 06:28:41.233, 4, 73075 MiB, 100 %, 520.00 W, 1980 MHz
2026/09/28 06:28:41.234, 5, 73075 MiB, 100 %, 527.21 W, 1980 MHz
2026/09/28 06:28:41.235, 6, 73075 MiB, 100 %, 540.69 W, 1980 MHz
2026/09/28 06:28:41.235, 7, 73075 MiB, 100 %, 522.25 W, 1980 MHz
2026/09/28 06:28:42.236, 0, 73075 MiB, 100 %, 520.14 W, 1845 MHz
2026/09/28 06:28:42.237, 1, 73075 MiB, 100 %, 556.26 W, 1980 MHz
2026/09/28 06:28:42.238, 2, 73075 MiB, 100 %, 539.88 W, 1980 MHz
2026/09/28 06:28:42.238, 3, 73075 MiB, 100 %, 531.90 W, 1980 MHz
2026/09/28 06:28:42.239, 4, 73075 MiB, 100 %, 527.08 W, 1980 MHz
2026/09/28 06:28:42.240, 5, 73075 MiB, 100 %, 534.88 W, 1980 MHz
2026/09/28 06:28:42.240, 6, 73075 MiB, 100 %, 545.61 W, 1980 MHz
2026/09/28 06:28:42.241, 7, 73075 MiB, 100 %, 523.90 W, 1980 MHz
2026/09/28 06:28:43.242, 0, 73075 MiB, 100 %, 529.25 W, 1710 MHz
2026/09/28 06:28:43.243, 1, 73075 MiB, 100 %, 560.96 W, 1980 MHz
2026/09/28 06:28:43.244, 2, 73075 MiB, 100 %, 535.88 W, 1980 MHz
2026/09/28 06:28:43.244, 3, 73075 MiB, 100 %, 530.42 W, 1980 MHz
2026/09/28 06:28:43.245, 4, 73075 MiB, 100 %, 525.61 W, 1980 MHz
2026/09/28 06:28:43.246, 5, 73075 MiB, 100 %, 525.40 W, 1980 MHz
2026/09/28 06:28:43.246, 6, 73075 MiB, 100 %, 546.68 W, 1980 MHz
2026/09/28 06:28:43.247, 7, 73075 MiB, 100 %, 525.08 W, 1980 MHz
2026/09/28 06:28:44.248, 0, 73075 MiB, 100 %, 528.01 W, 1815 MHz
2026/09/28 06:28:44.248, 1, 73075 MiB, 100 %, 555.88 W, 1980 MHz
2026/09/28 06:28:44.249, 2, 73075 MiB, 100 %, 533.65 W, 1980 MHz
2026/09/28 06:28:44.250, 3, 73075 MiB, 100 %, 526.02 W, 1980 MHz
2026/09/28 06:28:44.250, 4, 73075 MiB, 100 %, 523.99 W, 1980 MHz
2026/09/28 06:28:44.251, 5, 73075 MiB, 100 %, 532.51 W, 1980 MHz
2026/09/28 06:28:44.252, 6, 73075 MiB, 100 %, 547.39 W, 1980 MHz
2026/09/28 06:28:44.252, 7, 73075 MiB, 100 %, 533.22 W, 1980 MHz
2026/09/28 06:28:45.253, 0, 73075 MiB, 100 %, 533.19 W, 1770 MHz
2026/09/28 06:28:45.254, 1, 73075 MiB, 100 %, 555.21 W, 1980 MHz
2026/09/28 06:28:45.255, 2, 73075 MiB, 100 %, 534.71 W, 1980 MHz
2026/09/28 06:28:45.255, 3, 73075 MiB, 100 %, 534.20 W, 1980 MHz
2026/09/28 06:28:45.256, 4, 73075 MiB, 100 %, 519.09 W, 1980 MHz
2026/09/28 06:28:45.257, 5, 73075 MiB, 100 %, 534.80 W, 1980 MHz
2026/09/28 06:28:45.257, 6, 73075 MiB, 100 %, 547.33 W, 1980 MHz
2026/09/28 06:28:45.258, 7, 73075 MiB, 100 %, 520.65 W, 1980 MHz
2026/09/28 06:28:46.259, 0, 73075 MiB, 100 %, 545.26 W, 1860 MHz
2026/09/28 06:28:46.260, 1, 73075 MiB, 100 %, 563.24 W, 1980 MHz
2026/09/28 06:28:46.260, 2, 73075 MiB, 100 %, 538.40 W, 1980 MHz
2026/09/28 06:28:46.261, 3, 73075 MiB, 100 %, 530.57 W, 1980 MHz
2026/09/28 06:28:46.262, 4, 73075 MiB, 100 %, 525.23 W, 1980 MHz
2026/09/28 06:28:46.262, 5, 73075 MiB, 100 %, 533.92 W, 1980 MHz
2026/09/28 06:28:46.263, 6, 73075 MiB, 100 %, 554.68 W, 1980 MHz
2026/09/28 06:28:46.264, 7, 73075 MiB, 100 %, 525.30 W, 1980 MHz
2026/09/28 06:28:47.264, 0, 73075 MiB, 100 %, 533.20 W, 1725 MHz
2026/09/28 06:28:47.266, 1, 73075 MiB, 100 %, 555.29 W, 1980 MHz
2026/09/28 06:28:47.266, 2, 73075 MiB, 100 %, 533.07 W, 1980 MHz
2026/09/28 06:28:47.267, 3, 73075 MiB, 100 %, 527.67 W, 1980 MHz
2026/09/28 06:28:47.268, 4, 73075 MiB, 100 %, 524.74 W, 1980 MHz
2026/09/28 06:28:47.268, 5, 73075 MiB, 100 %, 534.95 W, 1980 MHz
2026/09/28 06:28:47.269, 6, 73075 MiB, 100 %, 541.85 W, 1980 MHz
2026/09/28 06:28:47.270, 7, 73075 MiB, 100 %, 521.86 W, 1980 MHz
2026/09/28 06:28:48.270, 0, 73075 MiB, 100 %, 525.60 W, 1815 MHz
2026/09/28 06:28:48.271, 1, 73075 MiB, 100 %, 551.04 W, 1980 MHz
2026/09/28 06:28:48.272, 2, 73075 MiB, 100 %, 532.42 W, 1980 MHz
2026/09/28 06:28:48.273, 3, 73075 MiB, 100 %, 527.51 W, 1980 MHz
2026/09/28 06:28:48.273, 4, 73075 MiB, 100 %, 520.70 W, 1980 MHz
2026/09/28 06:28:48.274, 5, 73075 MiB, 100 %, 535.42 W, 1980 MHz
2026/09/28 06:28:48.275, 6, 73075 MiB, 100 %, 547.79 W, 1980 MHz
2026/09/28 06:28:48.275, 7, 73075 MiB, 100 %, 518.90 W, 1980 MHz
2026/09/28 06:28:49.276, 0, 73075 MiB, 100 %, 520.87 W, 1695 MHz
2026/09/28 06:28:49.277, 1, 73075 MiB, 100 %, 549.21 W, 1980 MHz
2026/09/28 06:28:49.277, 2, 73075 MiB, 100 %, 531.49 W, 1980 MHz
2026/09/28 06:28:49.278, 3, 73075 MiB, 100 %, 532.87 W, 1980 MHz
2026/09/28 06:28:49.279, 4, 73075 MiB, 100 %, 520.45 W, 1980 MHz
2026/09/28 06:28:49.279, 5, 73075 MiB, 100 %, 525.34 W, 1980 MHz
2026/09/28 06:28:49.280, 6, 73075 MiB, 100 %, 549.80 W, 1980 MHz
2026/09/28 06:28:49.281, 7, 73075 MiB, 100 %, 527.49 W, 1980 MHz
2026/09/28 06:28:50.281, 0, 73075 MiB, 100 %, 520.68 W, 1785 MHz
2026/09/28 06:28:50.282, 1, 73075 MiB, 100 %, 561.54 W, 1980 MHz
2026/09/28 06:28:50.283, 2, 73075 MiB, 100 %, 545.61 W, 1980 MHz
2026/09/28 06:28:50.283, 3, 73075 MiB, 100 %, 521.90 W, 1980 MHz
2026/09/28 06:28:50.284, 4, 73075 MiB, 100 %, 522.00 W, 1980 MHz
2026/09/28 06:28:50.285, 5, 73075 MiB, 100 %, 538.84 W, 1980 MHz
2026/09/28 06:28:50.285, 6, 73075 MiB, 100 %, 551.68 W, 1980 MHz
2026/09/28 06:28:50.286, 7, 73075 MiB, 100 %, 519.68 W, 1980 MHz
2026/09/28 06:28:51.287, 0, 73075 MiB, 100 %, 530.23 W, 1785 MHz
2026/09/28 06:28:51.288, 1, 73075 MiB, 100 %, 553.49 W, 1980 MHz
2026/09/28 06:28:51.288, 2, 73075 MiB, 100 %, 528.18 W, 1980 MHz
2026/09/28 06:28:51.289, 3, 73075 MiB, 100 %, 528.41 W, 1980 MHz
2026/09/28 06:28:51.290, 4, 73075 MiB, 100 %, 520.52 W, 1980 MHz
2026/09/28 06:28:51.290, 5, 73075 MiB, 100 %, 532.91 W, 1980 MHz
2026/09/28 06:28:51.291, 6, 73075 MiB, 100 %, 551.97 W, 1980 MHz
2026/09/28 06:28:51.292, 7, 73075 MiB, 100 %, 532.73 W, 1980 MHz
2026/09/28 06:28:52.292, 0, 73075 MiB, 100 %, 529.69 W, 1725 MHz
2026/09/28 06:28:52.293, 1, 73075 MiB, 100 %, 547.83 W, 1980 MHz
2026/09/28 06:28:52.294, 2, 73075 MiB, 100 %, 530.78 W, 1980 MHz
2026/09/28 06:28:52.295, 3, 73075 MiB, 100 %, 524.63 W, 1980 MHz
2026/09/28 06:28:52.295, 4, 73075 MiB, 100 %, 523.77 W, 1980 MHz
2026/09/28 06:28:52.296, 5, 73075 MiB, 100 %, 530.62 W, 1980 MHz
2026/09/28 06:28:52.296, 6, 73075 MiB, 100 %, 538.50 W, 1980 MHz
2026/09/28 06:28:52.297, 7, 73075 MiB, 100 %, 520.02 W, 1980 MHz
2026/09/28 06:28:53.298, 0, 73075 MiB, 100 %, 535.46 W, 1740 MHz
2026/09/28 06:28:53.299, 1, 73075 MiB, 100 %, 557.35 W, 1980 MHz
2026/09/28 06:28:53.300, 2, 73075 MiB, 100 %, 534.52 W, 1980 MHz
2026/09/28 06:28:53.300, 3, 73075 MiB, 100 %, 535.04 W, 1980 MHz
2026/09/28 06:28:53.301, 4, 73075 MiB, 100 %, 524.55 W, 1980 MHz
2026/09/28 06:28:53.302, 5, 73075 MiB, 100 %, 533.03 W, 1980 MHz
2026/09/28 06:28:53.302, 6, 73075 MiB, 100 %, 549.04 W, 1980 MHz
2026/09/28 06:28:53.303, 7, 73075 MiB, 100 %, 529.49 W, 1980 MHz
2026/09/28 06:28:54.304, 0, 73075 MiB, 100 %, 528.74 W, 1815 MHz
2026/09/28 06:28:54.305, 1, 73075 MiB, 100 %, 556.50 W, 1980 MHz
2026/09/28 06:28:54.305, 2, 73075 MiB, 100 %, 530.24 W, 1980 MHz
2026/09/28 06:28:54.306, 3, 73075 MiB, 100 %, 528.60 W, 1980 MHz
2026/09/28 06:28:54.307, 4, 73075 MiB, 100 %, 526.69 W, 1980 MHz
2026/09/28 06:28:54.307, 5, 73075 MiB, 100 %, 537.26 W, 1980 MHz
2026/09/28 06:28:54.308, 6, 73075 MiB, 100 %, 542.34 W, 1980 MHz
2026/09/28 06:28:54.309, 7, 73075 MiB, 100 %, 525.60 W, 1980 MHz
2026/09/28 06:28:55.309, 0, 73075 MiB, 100 %, 530.28 W, 1845 MHz
2026/09/28 06:28:55.310, 1, 73075 MiB, 100 %, 556.78 W, 1980 MHz
2026/09/28 06:28:55.311, 2, 73075 MiB, 100 %, 542.70 W, 1980 MHz
2026/09/28 06:28:55.312, 3, 73075 MiB, 100 %, 524.05 W, 1980 MHz
2026/09/28 06:28:55.312, 4, 73075 MiB, 100 %, 521.45 W, 1980 MHz
2026/09/28 06:28:55.313, 5, 73075 MiB, 100 %, 537.53 W, 1980 MHz
2026/09/28 06:28:55.314, 6, 73075 MiB, 100 %, 555.41 W, 1980 MHz
2026/09/28 06:28:55.314, 7, 73075 MiB, 100 %, 529.40 W, 1980 MHz
2026/09/28 06:28:56.315, 0, 73075 MiB, 100 %, 520.89 W, 1725 MHz
2026/09/28 06:28:56.320, 1, 73075 MiB, 100 %, 552.29 W, 1980 MHz
2026/09/28 06:28:56.326, 2, 73075 MiB, 100 %, 526.20 W, 1980 MHz
2026/09/28 06:28:56.328, 3, 73075 MiB, 100 %, 527.01 W, 1980 MHz
2026/09/28 06:28:56.329, 4, 73075 MiB, 100 %, 520.17 W, 1980 MHz
2026/09/28 06:28:56.330, 5, 73075 MiB, 100 %, 532.13 W, 1980 MHz
2026/09/28 06:28:56.331, 6, 73075 MiB, 100 %, 548.50 W, 1980 MHz
2026/09/28 06:28:56.332, 7, 73075 MiB, 100 %, 520.49 W, 1980 MHz
2026/09/28 06:28:57.333, 0, 73075 MiB, 100 %, 534.60 W, 1860 MHz
2026/09/28 06:28:57.334, 1, 73075 MiB, 100 %, 562.54 W, 1980 MHz
2026/09/28 06:28:57.334, 2, 73075 MiB, 100 %, 534.79 W, 1980 MHz
2026/09/28 06:28:57.335, 3, 73075 MiB, 100 %, 529.79 W, 1980 MHz
2026/09/28 06:28:57.336, 4, 73075 MiB, 100 %, 521.73 W, 1980 MHz
2026/09/28 06:28:57.336, 5, 73075 MiB, 100 %, 538.23 W, 1980 MHz
2026/09/28 06:28:57.337, 6, 73075 MiB, 100 %, 549.46 W, 1980 MHz
2026/09/28 06:28:57.338, 7, 73075 MiB, 100 %, 529.87 W, 1980 MHz
2026/09/28 06:28:58.338, 0, 73075 MiB, 100 %, 526.17 W, 1830 MHz
2026/09/28 06:28:58.339, 1, 73075 MiB, 100 %, 556.34 W, 1980 MHz
2026/09/28 06:28:58.340, 2, 73075 MiB, 100 %, 535.26 W, 1980 MHz
2026/09/28 06:28:58.341, 3, 73075 MiB, 100 %, 527.62 W, 1980 MHz
2026/09/28 06:28:58.341, 4, 73075 MiB, 100 %, 530.71 W, 1980 MHz
2026/09/28 06:28:58.342, 5, 73075 MiB, 100 %, 533.93 W, 1980 MHz
2026/09/28 06:28:58.343, 6, 73075 MiB, 100 %, 550.17 W, 1980 MHz
2026/09/28 06:28:58.343, 7, 73075 MiB, 100 %, 522.30 W, 1980 MHz
2026/09/28 06:28:59.344, 0, 73075 MiB, 100 %, 532.80 W, 1755 MHz
2026/09/28 06:28:59.345, 1, 73075 MiB, 100 %, 553.70 W, 1980 MHz
2026/09/28 06:28:59.346, 2, 73075 MiB, 100 %, 528.47 W, 1980 MHz
2026/09/28 06:28:59.346, 3, 73075 MiB, 100 %, 529.85 W, 1980 MHz
2026/09/28 06:28:59.347, 4, 73075 MiB, 100 %, 528.95 W, 1980 MHz
2026/09/28 06:28:59.348, 5, 73075 MiB, 100 %, 533.08 W, 1980 MHz
2026/09/28 06:28:59.348, 6, 73075 MiB, 100 %, 543.27 W, 1980 MHz
2026/09/28 06:28:59.349, 7, 73075 MiB, 100 %, 527.42 W, 1980 MHz
2026/09/28 06:29:00.349, 0, 73075 MiB, 100 %, 536.56 W, 1740 MHz
2026/09/28 06:29:00.350, 1, 73075 MiB, 100 %, 556.50 W, 1980 MHz
2026/09/28 06:29:00.351, 2, 73075 MiB, 100 %, 531.64 W, 1980 MHz
2026/09/28 06:29:00.352, 3, 73075 MiB, 100 %, 530.35 W, 1980 MHz
2026/09/28 06:29:00.353, 4, 73075 MiB, 100 %, 519.61 W, 1980 MHz
2026/09/28 06:29:00.353, 5, 73075 MiB, 100 %, 533.38 W, 1980 MHz
2026/09/28 06:29:00.354, 6, 73075 MiB, 100 %, 550.34 W, 1980 MHz
2026/09/28 06:29:00.355, 7, 73075 MiB, 100 %, 528.15 W, 1980 MHz
2026/09/28 06:29:01.355, 0, 73075 MiB, 100 %, 540.13 W, 1845 MHz
2026/09/28 06:29:01.356, 1, 73075 MiB, 100 %, 552.86 W, 1980 MHz
2026/09/28 06:29:01.357, 2, 73075 MiB, 100 %, 536.72 W, 1980 MHz
2026/09/28 06:29:01.358, 3, 73075 MiB, 100 %, 532.32 W, 1980 MHz
2026/09/28 06:29:01.358, 4, 73075 MiB, 100 %, 524.13 W, 1980 MHz
2026/09/28 06:29:01.359, 5, 73075 MiB, 100 %, 533.60 W, 1980 MHz
2026/09/28 06:29:01.360, 6, 73075 MiB, 100 %, 551.14 W, 1980 MHz
2026/09/28 06:29:01.360, 7, 73075 MiB, 100 %, 528.09 W, 1980 MHz
2026/09/28 06:29:02.361, 0, 73075 MiB, 100 %, 536.32 W, 1830 MHz
2026/09/28 06:29:02.362, 1, 73075 MiB, 100 %, 559.00 W, 1980 MHz
2026/09/28 06:29:02.363, 2, 73075 MiB, 100 %, 534.34 W, 1980 MHz
2026/09/28 06:29:02.363, 3, 73075 MiB, 100 %, 520.68 W, 1980 MHz
2026/09/28 06:29:02.364, 4, 73075 MiB, 100 %, 527.96 W, 1980 MHz
2026/09/28 06:29:02.365, 5, 73075 MiB, 100 %, 533.85 W, 1980 MHz
2026/09/28 06:29:02.365, 6, 73075 MiB, 100 %, 546.02 W, 1980 MHz
2026/09/28 06:29:02.366, 7, 73075 MiB, 100 %, 528.67 W, 1980 MHz
2026/09/28 06:29:03.367, 0, 73075 MiB, 100 %, 536.78 W, 1815 MHz
2026/09/28 06:29:03.368, 1, 73075 MiB, 100 %, 559.33 W, 1980 MHz
2026/09/28 06:29:03.368, 2, 73075 MiB, 100 %, 532.42 W, 1980 MHz
2026/09/28 06:29:03.369, 3, 73075 MiB, 100 %, 532.09 W, 1980 MHz
2026/09/28 06:29:03.370, 4, 73075 MiB, 100 %, 523.28 W, 1980 MHz
2026/09/28 06:29:03.371, 5, 73075 MiB, 100 %, 533.61 W, 1980 MHz
2026/09/28 06:29:03.371, 6, 73075 MiB, 99 %, 552.61 W, 1980 MHz
2026/09/28 06:29:03.372, 7, 73075 MiB, 100 %, 533.19 W, 1980 MHz
2026/09/28 06:29:04.373, 0, 73075 MiB, 100 %, 539.28 W, 1740 MHz
2026/09/28 06:29:04.374, 1, 73075 MiB, 100 %, 550.98 W, 1980 MHz
2026/09/28 06:29:04.374, 2, 73075 MiB, 100 %, 534.94 W, 1980 MHz
2026/09/28 06:29:04.375, 3, 73075 MiB, 100 %, 528.19 W, 1980 MHz
2026/09/28 06:29:04.376, 4, 73075 MiB, 100 %, 524.57 W, 1980 MHz
2026/09/28 06:29:04.376, 5, 73075 MiB, 100 %, 536.46 W, 1980 MHz
2026/09/28 06:29:04.377, 6, 73075 MiB, 100 %, 544.80 W, 1980 MHz
2026/09/28 06:29:04.377, 7, 73075 MiB, 100 %, 530.00 W, 1980 MHz
2026/09/28 06:29:05.378, 0, 73075 MiB, 100 %, 534.30 W, 1815 MHz
2026/09/28 06:29:05.379, 1, 73075 MiB, 100 %, 551.72 W, 1980 MHz
2026/09/28 06:29:05.380, 2, 73075 MiB, 100 %, 533.73 W, 1980 MHz
2026/09/28 06:29:05.380, 3, 73075 MiB, 100 %, 533.23 W, 1980 MHz
2026/09/28 06:29:05.381, 4, 73075 MiB, 100 %, 524.04 W, 1980 MHz
2026/09/28 06:29:05.382, 5, 73075 MiB, 100 %, 533.43 W, 1980 MHz
2026/09/28 06:29:05.382, 6, 73075 MiB, 100 %, 552.67 W, 1980 MHz
2026/09/28 06:29:05.383, 7, 73075 MiB, 100 %, 533.33 W, 1980 MHz
2026/09/28 06:29:06.384, 0, 73075 MiB, 100 %, 537.04 W, 1830 MHz
2026/09/28 06:29:06.385, 1, 73075 MiB, 100 %, 549.28 W, 1980 MHz
2026/09/28 06:29:06.385, 2, 73075 MiB, 100 %, 537.21 W, 1980 MHz
2026/09/28 06:29:06.386, 3, 73075 MiB, 100 %, 538.37 W, 1980 MHz
2026/09/28 06:29:06.387, 4, 73075 MiB, 100 %, 519.62 W, 1980 MHz
2026/09/28 06:29:06.387, 5, 73075 MiB, 100 %, 537.23 W, 1980 MHz
2026/09/28 06:29:06.388, 6, 73075 MiB, 100 %, 550.53 W, 1980 MHz
2026/09/28 06:29:06.389, 7, 73075 MiB, 100 %, 529.08 W, 1980 MHz
2026/09/28 06:29:07.389, 0, 73075 MiB, 100 %, 532.12 W, 1770 MHz
2026/09/28 06:29:07.390, 1, 73075 MiB, 100 %, 555.75 W, 1980 MHz
2026/09/28 06:29:07.391, 2, 73075 MiB, 100 %, 529.96 W, 1980 MHz
2026/09/28 06:29:07.392, 3, 73075 MiB, 100 %, 537.49 W, 1980 MHz
2026/09/28 06:29:07.392, 4, 73075 MiB, 100 %, 523.48 W, 1980 MHz
2026/09/28 06:29:07.393, 5, 73075 MiB, 100 %, 533.49 W, 1980 MHz
2026/09/28 06:29:07.394, 6, 73075 MiB, 100 %, 550.22 W, 1980 MHz
2026/09/28 06:29:07.394, 7, 73075 MiB, 100 %, 529.35 W, 1980 MHz
2026/09/28 06:29:08.395, 0, 73075 MiB, 100 %, 535.49 W, 1710 MHz
2026/09/28 06:29:08.396, 1, 73075 MiB, 100 %, 559.83 W, 1980 MHz
2026/09/28 06:29:08.396, 2, 73075 MiB, 100 %, 533.16 W, 1980 MHz
2026/09/28 06:29:08.397, 3, 73075 MiB, 100 %, 539.12 W, 1980 MHz
2026/09/28 06:29:08.398, 4, 73075 MiB, 100 %, 528.29 W, 1980 MHz
2026/09/28 06:29:08.398, 5, 73075 MiB, 100 %, 528.91 W, 1980 MHz
2026/09/28 06:29:08.399, 6, 73075 MiB, 100 %, 547.87 W, 1980 MHz
2026/09/28 06:29:08.400, 7, 73075 MiB, 100 %, 533.17 W, 1980 MHz
2026/09/28 06:29:09.400, 0, 73075 MiB, 100 %, 528.20 W, 1815 MHz
2026/09/28 06:29:09.401, 1, 73075 MiB, 100 %, 559.41 W, 1980 MHz
2026/09/28 06:29:09.402, 2, 73075 MiB, 100 %, 536.10 W, 1980 MHz
2026/09/28 06:29:09.403, 3, 73075 MiB, 100 %, 523.21 W, 1980 MHz
2026/09/28 06:29:09.403, 4, 73075 MiB, 100 %, 524.95 W, 1980 MHz
2026/09/28 06:29:09.404, 5, 73075 MiB, 100 %, 530.09 W, 1980 MHz
2026/09/28 06:29:09.405, 6, 73075 MiB, 100 %, 552.49 W, 1980 MHz
2026/09/28 06:29:09.405, 7, 73075 MiB, 100 %, 525.42 W, 1980 MHz
2026/09/28 06:29:10.406, 0, 73075 MiB, 100 %, 538.46 W, 1785 MHz
2026/09/28 06:29:10.407, 1, 73075 MiB, 100 %, 554.21 W, 1980 MHz
2026/09/28 06:29:10.408, 2, 73075 MiB, 100 %, 536.45 W, 1980 MHz
2026/09/28 06:29:10.409, 3, 73075 MiB, 100 %, 527.54 W, 1980 MHz
2026/09/28 06:29:10.409, 4, 73075 MiB, 100 %, 524.37 W, 1980 MHz
2026/09/28 06:29:10.410, 5, 73075 MiB, 100 %, 532.71 W, 1980 MHz
2026/09/28 06:29:10.411, 6, 73075 MiB, 100 %, 554.06 W, 1980 MHz
2026/09/28 06:29:10.411, 7, 73075 MiB, 100 %, 524.83 W, 1980 MHz
2026/09/28 06:29:11.412, 0, 73075 MiB, 100 %, 529.83 W, 1830 MHz
2026/09/28 06:29:11.413, 1, 73075 MiB, 100 %, 557.55 W, 1980 MHz
2026/09/28 06:29:11.414, 2, 73075 MiB, 100 %, 542.94 W, 1980 MHz
2026/09/28 06:29:11.415, 3, 73075 MiB, 100 %, 532.85 W, 1980 MHz
2026/09/28 06:29:11.415, 4, 73075 MiB, 100 %, 530.88 W, 1980 MHz
2026/09/28 06:29:11.416, 5, 73075 MiB, 100 %, 539.35 W, 1980 MHz
2026/09/28 06:29:11.417, 6, 73075 MiB, 100 %, 554.58 W, 1980 MHz
2026/09/28 06:29:11.417, 7, 73075 MiB, 100 %, 525.69 W, 1980 MHz
2026/09/28 06:29:12.418, 0, 73075 MiB, 100 %, 520.49 W, 1680 MHz
2026/09/28 06:29:12.419, 1, 73075 MiB, 100 %, 556.83 W, 1980 MHz
2026/09/28 06:29:12.420, 2, 73075 MiB, 100 %, 535.21 W, 1980 MHz
2026/09/28 06:29:12.420, 3, 73075 MiB, 100 %, 528.14 W, 1980 MHz
2026/09/28 06:29:12.421, 4, 73075 MiB, 100 %, 523.42 W, 1980 MHz
2026/09/28 06:29:12.422, 5, 73075 MiB, 100 %, 536.42 W, 1980 MHz
2026/09/28 06:29:12.422, 6, 73075 MiB, 100 %, 555.60 W, 1980 MHz
2026/09/28 06:29:12.423, 7, 73075 MiB, 100 %, 524.38 W, 1980 MHz
2026/09/28 06:29:13.424, 0, 73075 MiB, 100 %, 514.63 W, 1800 MHz
2026/09/28 06:29:13.425, 1, 73075 MiB, 100 %, 554.99 W, 1980 MHz
2026/09/28 06:29:13.425, 2, 73075 MiB, 100 %, 521.55 W, 1980 MHz
2026/09/28 06:29:13.426, 3, 73075 MiB, 100 %, 528.26 W, 1980 MHz
2026/09/28 06:29:13.427, 4, 73075 MiB, 100 %, 521.25 W, 1980 MHz
2026/09/28 06:29:13.427, 5, 73075 MiB, 100 %, 526.63 W, 1980 MHz
2026/09/28 06:29:13.428, 6, 73075 MiB, 100 %, 548.84 W, 1980 MHz
2026/09/28 06:29:13.429, 7, 73075 MiB, 100 %, 518.01 W, 1980 MHz
2026/09/28 06:29:14.429, 0, 73075 MiB, 100 %, 519.89 W, 1965 MHz
2026/09/28 06:29:14.430, 1, 73075 MiB, 100 %, 514.09 W, 1980 MHz
2026/09/28 06:29:14.431, 2, 73075 MiB, 100 %, 510.90 W, 1980 MHz
2026/09/28 06:29:14.432, 3, 73075 MiB, 100 %, 496.11 W, 1980 MHz
2026/09/28 06:29:14.432, 4, 73075 MiB, 100 %, 493.47 W, 1980 MHz
2026/09/28 06:29:14.433, 5, 73075 MiB, 100 %, 501.41 W, 1980 MHz
2026/09/28 06:29:14.434, 6, 73075 MiB, 100 %, 521.23 W, 1980 MHz
2026/09/28 06:29:14.434, 7, 73075 MiB, 100 %, 503.70 W, 1980 MHz
2026/09/28 06:29:15.435, 0, 73075 MiB, 100 %, 490.80 W, 1980 MHz
2026/09/28 06:29:15.436, 1, 73075 MiB, 100 %, 425.55 W, 1980 MHz
2026/09/28 06:29:15.436, 2, 73075 MiB, 100 %, 423.82 W, 1980 MHz
2026/09/28 06:29:15.437, 3, 73075 MiB, 100 %, 412.24 W, 1980 MHz
2026/09/28 06:29:15.438, 4, 73075 MiB, 100 %, 407.95 W, 1980 MHz
2026/09/28 06:29:15.438, 5, 73075 MiB, 100 %, 418.92 W, 1980 MHz
2026/09/28 06:29:15.439, 6, 73075 MiB, 100 %, 423.37 W, 1980 MHz
2026/09/28 06:29:15.440, 7, 73075 MiB, 100 %, 414.05 W, 1980 MHz
