timestamp, index, memory.used [MiB], utilization.gpu [%], power.draw [W], clocks.current.sm [MHz], utilization.memory [%], temperature.gpu
2026/10/10 13:59:27.254, 0, 77419 MiB, 0 %, 123.64 W, 1980 MHz, 0 %, 34
2026/10/10 13:59:27.264, 1, 77419 MiB, 0 %, 136.40 W, 1980 MHz, 0 %, 58
2026/10/10 13:59:27.271, 2, 77419 MiB, 0 %, 125.24 W, 1980 MHz, 0 %, 39
2026/10/10 13:59:27.279, 3, 77419 MiB, 0 %, 120.44 W, 1980 MHz, 0 %, 33
2026/10/10 13:59:27.287, 4, 77419 MiB, 0 %, 116.58 W, 1980 MHz, 0 %, 33
2026/10/10 13:59:27.295, 5, 77419 MiB, 0 %, 122.53 W, 1980 MHz, 0 %, 38
2026/10/10 13:59:27.302, 6, 77419 MiB, 0 %, 115.68 W, 1980 MHz, 0 %, 36
2026/10/10 13:59:27.310, 7, 77419 MiB, 0 %, 146.35 W, 1980 MHz, 0 %, 69
2026/10/10 13:59:28.318, 0, 77419 MiB, 0 %, 122.98 W, 1980 MHz, 0 %, 33
2026/10/10 13:59:28.318, 1, 77419 MiB, 0 %, 136.07 W, 1980 MHz, 0 %, 57
2026/10/10 13:59:28.318, 2, 77419 MiB, 0 %, 124.73 W, 1980 MHz, 0 %, 39
2026/10/10 13:59:28.318, 3, 77419 MiB, 0 %, 118.86 W, 1980 MHz, 0 %, 32
2026/10/10 13:59:28.318, 4, 77419 MiB, 0 %, 115.87 W, 1980 MHz, 0 %, 32
2026/10/10 13:59:28.318, 5, 77419 MiB, 0 %, 121.51 W, 1980 MHz, 0 %, 37
2026/10/10 13:59:28.318, 6, 77419 MiB, 0 %, 114.54 W, 1980 MHz, 0 %, 35
2026/10/10 13:59:28.318, 7, 77419 MiB, 0 %, 144.99 W, 1980 MHz, 0 %, 68
2026/10/10 13:59:29.319, 0, 77419 MiB, 0 %, 122.57 W, 1980 MHz, 0 %, 32
2026/10/10 13:59:29.319, 1, 77419 MiB, 0 %, 136.33 W, 1980 MHz, 0 %, 57
2026/10/10 13:59:29.319, 2, 77419 MiB, 0 %, 124.49 W, 1980 MHz, 0 %, 38
2026/10/10 13:59:29.319, 3, 77419 MiB, 0 %, 118.37 W, 1980 MHz, 0 %, 31
2026/10/10 13:59:29.319, 4, 77419 MiB, 0 %, 115.73 W, 1980 MHz, 0 %, 32
2026/10/10 13:59:29.319, 5, 77419 MiB, 0 %, 121.15 W, 1980 MHz, 0 %, 37
2026/10/10 13:59:29.319, 6, 77419 MiB, 0 %, 114.22 W, 1980 MHz, 0 %, 35
2026/10/10 13:59:29.319, 7, 77419 MiB, 0 %, 144.41 W, 1980 MHz, 0 %, 68
2026/10/10 13:59:30.319, 0, 77419 MiB, 0 %, 121.18 W, 1980 MHz, 0 %, 32
2026/10/10 13:59:30.319, 1, 77419 MiB, 0 %, 136.06 W, 1980 MHz, 0 %, 56
2026/10/10 13:59:30.319, 2, 77419 MiB, 0 %, 124.47 W, 1980 MHz, 0 %, 38
2026/10/10 13:59:30.319, 3, 77419 MiB, 0 %, 118.10 W, 1980 MHz, 0 %, 31
2026/10/10 13:59:30.320, 4, 77419 MiB, 0 %, 115.54 W, 1980 MHz, 0 %, 31
2026/10/10 13:59:30.320, 5, 77419 MiB, 0 %, 120.88 W, 1980 MHz, 0 %, 36
2026/10/10 13:59:30.320, 6, 77419 MiB, 0 %, 113.98 W, 1980 MHz, 0 %, 34
2026/10/10 13:59:30.320, 7, 77419 MiB, 0 %, 143.99 W, 1980 MHz, 0 %, 68
2026/10/10 13:59:31.320, 0, 77419 MiB, 0 %, 120.96 W, 1980 MHz, 0 %, 32
2026/10/10 13:59:31.320, 1, 77419 MiB, 0 %, 135.88 W, 1980 MHz, 0 %, 56
2026/10/10 13:59:31.320, 2, 77419 MiB, 0 %, 124.34 W, 1980 MHz, 0 %, 38
2026/10/10 13:59:31.320, 3, 77419 MiB, 0 %, 117.85 W, 1980 MHz, 0 %, 31
2026/10/10 13:59:31.320, 4, 77419 MiB, 0 %, 115.29 W, 1980 MHz, 0 %, 31
2026/10/10 13:59:31.320, 5, 77419 MiB, 0 %, 120.71 W, 1980 MHz, 0 %, 36
2026/10/10 13:59:31.320, 6, 77419 MiB, 0 %, 113.86 W, 1980 MHz, 0 %, 34
2026/10/10 13:59:31.320, 7, 77419 MiB, 0 %, 143.67 W, 1980 MHz, 0 %, 67
2026/10/10 13:59:32.320, 0, 77419 MiB, 0 %, 120.79 W, 1980 MHz, 0 %, 31
2026/10/10 13:59:32.321, 1, 77419 MiB, 0 %, 135.68 W, 1980 MHz, 0 %, 56
2026/10/10 13:59:32.321, 2, 77419 MiB, 0 %, 124.17 W, 1980 MHz, 0 %, 37
2026/10/10 13:59:32.321, 3, 77419 MiB, 0 %, 117.71 W, 1980 MHz, 0 %, 30
2026/10/10 13:59:32.321, 4, 77419 MiB, 0 %, 115.16 W, 1980 MHz, 0 %, 31
2026/10/10 13:59:32.321, 5, 77419 MiB, 0 %, 120.53 W, 1980 MHz, 0 %, 36
2026/10/10 13:59:32.321, 6, 77419 MiB, 0 %, 113.75 W, 1980 MHz, 0 %, 33
2026/10/10 13:59:32.321, 7, 77419 MiB, 0 %, 143.42 W, 1980 MHz, 0 %, 67
2026/10/10 13:59:33.321, 0, 77419 MiB, 0 %, 120.58 W, 1980 MHz, 0 %, 31
2026/10/10 13:59:33.321, 1, 77419 MiB, 0 %, 135.54 W, 1980 MHz, 0 %, 56
2026/10/10 13:59:33.321, 2, 77419 MiB, 0 %, 124.03 W, 1980 MHz, 0 %, 37
2026/10/10 13:59:33.321, 3, 77419 MiB, 0 %, 117.58 W, 1980 MHz, 0 %, 30
2026/10/10 13:59:33.321, 4, 77419 MiB, 0 %, 115.10 W, 1980 MHz, 0 %, 30
2026/10/10 13:59:33.321, 5, 77419 MiB, 0 %, 120.26 W, 1980 MHz, 0 %, 35
2026/10/10 13:59:33.322, 6, 77419 MiB, 0 %, 113.61 W, 1980 MHz, 0 %, 33
2026/10/10 13:59:33.322, 7, 77419 MiB, 0 %, 142.40 W, 1980 MHz, 0 %, 67
2026/10/10 13:59:34.322, 0, 77419 MiB, 0 %, 120.42 W, 1980 MHz, 0 %, 31
2026/10/10 13:59:34.322, 1, 77419 MiB, 0 %, 135.38 W, 1980 MHz, 0 %, 56
2026/10/10 13:59:34.322, 2, 77419 MiB, 0 %, 123.83 W, 1980 MHz, 0 %, 37
2026/10/10 13:59:34.322, 3, 77419 MiB, 0 %, 117.51 W, 1980 MHz, 0 %, 30
2026/10/10 13:59:34.322, 4, 77419 MiB, 0 %, 114.94 W, 1980 MHz, 0 %, 30
2026/10/10 13:59:34.322, 5, 77419 MiB, 0 %, 120.03 W, 1980 MHz, 0 %, 35
2026/10/10 13:59:34.322, 6, 77419 MiB, 0 %, 113.49 W, 1980 MHz, 0 %, 33
2026/10/10 13:59:34.322, 7, 77419 MiB, 0 %, 142.17 W, 1980 MHz, 0 %, 67
2026/10/10 13:59:35.322, 0, 77419 MiB, 0 %, 120.28 W, 1980 MHz, 0 %, 30
2026/10/10 13:59:35.322, 1, 77419 MiB, 0 %, 135.33 W, 1980 MHz, 0 %, 56
2026/10/10 13:59:35.322, 2, 77419 MiB, 0 %, 123.67 W, 1980 MHz, 0 %, 37
2026/10/10 13:59:35.323, 3, 77419 MiB, 0 %, 117.38 W, 1980 MHz, 0 %, 29
2026/10/10 13:59:35.323, 4, 77419 MiB, 0 %, 114.78 W, 1980 MHz, 0 %, 30
2026/10/10 13:59:35.323, 5, 77419 MiB, 0 %, 119.91 W, 1980 MHz, 0 %, 35
2026/10/10 13:59:35.323, 6, 77419 MiB, 0 %, 113.36 W, 1980 MHz, 0 %, 33
2026/10/10 13:59:35.323, 7, 77419 MiB, 0 %, 141.97 W, 1980 MHz, 0 %, 67
2026/10/10 13:59:36.323, 0, 77419 MiB, 0 %, 120.16 W, 1980 MHz, 0 %, 30
2026/10/10 13:59:36.323, 1, 77419 MiB, 0 %, 135.22 W, 1980 MHz, 0 %, 56
2026/10/10 13:59:36.323, 2, 77419 MiB, 0 %, 123.51 W, 1980 MHz, 0 %, 36
2026/10/10 13:59:36.323, 3, 77419 MiB, 0 %, 117.22 W, 1980 MHz, 0 %, 29
2026/10/10 13:59:36.323, 4, 77419 MiB, 0 %, 114.72 W, 1980 MHz, 0 %, 30
2026/10/10 13:59:36.323, 5, 77419 MiB, 0 %, 119.80 W, 1980 MHz, 0 %, 35
2026/10/10 13:59:36.323, 6, 77419 MiB, 0 %, 113.24 W, 1980 MHz, 0 %, 32
2026/10/10 13:59:36.323, 7, 77419 MiB, 0 %, 141.84 W, 1980 MHz, 0 %, 67
2026/10/10 13:59:37.323, 0, 77419 MiB, 0 %, 120.10 W, 1980 MHz, 0 %, 30
2026/10/10 13:59:37.323, 1, 77419 MiB, 0 %, 135.10 W, 1980 MHz, 0 %, 55
2026/10/10 13:59:37.324, 2, 77419 MiB, 0 %, 123.36 W, 1980 MHz, 0 %, 36
2026/10/10 13:59:37.324, 3, 77419 MiB, 0 %, 117.11 W, 1980 MHz, 0 %, 29
2026/10/10 13:59:37.324, 4, 77419 MiB, 0 %, 114.68 W, 1980 MHz, 0 %, 29
2026/10/10 13:59:37.324, 5, 77419 MiB, 0 %, 119.68 W, 1980 MHz, 0 %, 34
2026/10/10 13:59:37.324, 6, 77419 MiB, 0 %, 113.16 W, 1980 MHz, 0 %, 32
2026/10/10 13:59:37.324, 7, 77419 MiB, 0 %, 141.66 W, 1980 MHz, 0 %, 67
2026/10/10 13:59:38.324, 0, 77419 MiB, 100 %, 539.98 W, 1950 MHz, 39 %, 47
2026/10/10 13:59:38.324, 1, 77419 MiB, 100 %, 570.70 W, 1965 MHz, 45 %, 67
2026/10/10 13:59:38.324, 2, 77419 MiB, 100 %, 544.05 W, 1965 MHz, 39 %, 50
2026/10/10 13:59:38.324, 3, 77419 MiB, 100 %, 561.18 W, 1950 MHz, 44 %, 43
2026/10/10 13:59:38.324, 4, 77419 MiB, 100 %, 553.28 W, 1950 MHz, 39 %, 44
2026/10/10 13:59:38.324, 5, 77419 MiB, 100 %, 566.15 W, 1935 MHz, 40 %, 51
2026/10/10 13:59:38.324, 6, 77419 MiB, 100 %, 514.13 W, 1920 MHz, 39 %, 49
2026/10/10 13:59:38.324, 7, 77419 MiB, 100 %, 530.48 W, 1890 MHz, 44 %, 80
2026/10/10 13:59:39.325, 0, 77419 MiB, 97 %, 682.69 W, 1950 MHz, 38 %, 49
2026/10/10 13:59:39.325, 1, 77419 MiB, 100 %, 685.79 W, 1965 MHz, 43 %, 68
2026/10/10 13:59:39.325, 2, 77419 MiB, 97 %, 673.16 W, 1965 MHz, 37 %, 50
2026/10/10 13:59:39.325, 3, 77419 MiB, 100 %, 682.15 W, 1920 MHz, 43 %, 47
2026/10/10 13:59:39.325, 4, 77419 MiB, 97 %, 680.26 W, 1950 MHz, 37 %, 47
2026/10/10 13:59:39.325, 5, 77419 MiB, 97 %, 680.88 W, 1935 MHz, 38 %, 53
2026/10/10 13:59:39.325, 6, 77419 MiB, 100 %, 682.71 W, 1920 MHz, 39 %, 54
2026/10/10 13:59:39.325, 7, 77419 MiB, 100 %, 693.10 W, 1860 MHz, 46 %, 81
2026/10/10 13:59:40.325, 0, 77419 MiB, 100 %, 350.32 W, 1980 MHz, 15 %, 37
2026/10/10 13:59:40.325, 1, 77419 MiB, 100 %, 357.35 W, 1980 MHz, 15 %, 60
2026/10/10 13:59:40.325, 2, 77419 MiB, 100 %, 342.99 W, 1980 MHz, 15 %, 40
2026/10/10 13:59:40.325, 3, 77419 MiB, 100 %, 326.38 W, 1980 MHz, 15 %, 36
2026/10/10 13:59:40.326, 4, 77419 MiB, 100 %, 332.42 W, 1980 MHz, 15 %, 36
2026/10/10 13:59:40.326, 5, 77419 MiB, 100 %, 332.57 W, 1980 MHz, 16 %, 41
2026/10/10 13:59:40.326, 6, 77419 MiB, 100 %, 366.64 W, 1980 MHz, 16 %, 40
2026/10/10 13:59:40.326, 7, 77419 MiB, 100 %, 380.46 W, 1980 MHz, 16 %, 72
2026/10/10 13:59:41.326, 0, 77419 MiB, 100 %, 251.44 W, 1980 MHz, 15 %, 36
2026/10/10 13:59:41.326, 1, 77419 MiB, 100 %, 268.03 W, 1980 MHz, 15 %, 59
2026/10/10 13:59:41.326, 2, 77419 MiB, 100 %, 250.58 W, 1980 MHz, 15 %, 40
2026/10/10 13:59:41.326, 3, 77419 MiB, 100 %, 251.78 W, 1980 MHz, 16 %, 34
2026/10/10 13:59:41.326, 4, 77419 MiB, 100 %, 245.67 W, 1980 MHz, 16 %, 35
2026/10/10 13:59:41.326, 5, 77419 MiB, 100 %, 252.89 W, 1980 MHz, 15 %, 40
2026/10/10 13:59:41.326, 6, 77419 MiB, 100 %, 245.55 W, 1980 MHz, 16 %, 38
2026/10/10 13:59:41.326, 7, 77419 MiB, 100 %, 278.67 W, 1980 MHz, 15 %, 71
2026/10/10 13:59:42.326, 0, 77419 MiB, 100 %, 252.53 W, 1980 MHz, 15 %, 36
2026/10/10 13:59:42.327, 1, 77419 MiB, 100 %, 269.45 W, 1980 MHz, 15 %, 59
2026/10/10 13:59:42.327, 2, 77419 MiB, 100 %, 248.97 W, 1980 MHz, 15 %, 40
2026/10/10 13:59:42.327, 3, 77419 MiB, 100 %, 249.99 W, 1980 MHz, 16 %, 34
2026/10/10 13:59:42.327, 4, 77419 MiB, 100 %, 245.07 W, 1980 MHz, 15 %, 35
2026/10/10 13:59:42.327, 5, 77419 MiB, 100 %, 252.17 W, 1980 MHz, 15 %, 39
2026/10/10 13:59:42.327, 6, 77419 MiB, 100 %, 245.05 W, 1980 MHz, 16 %, 37
2026/10/10 13:59:42.327, 7, 77419 MiB, 100 %, 278.26 W, 1980 MHz, 15 %, 71
2026/10/10 13:59:43.327, 0, 77419 MiB, 100 %, 252.40 W, 1980 MHz, 16 %, 36
2026/10/10 13:59:43.327, 1, 77419 MiB, 100 %, 269.39 W, 1980 MHz, 15 %, 59
2026/10/10 13:59:43.327, 2, 77419 MiB, 100 %, 249.21 W, 1980 MHz, 15 %, 39
2026/10/10 13:59:43.327, 3, 77419 MiB, 100 %, 248.60 W, 1980 MHz, 16 %, 34
2026/10/10 13:59:43.327, 4, 77419 MiB, 100 %, 245.99 W, 1980 MHz, 15 %, 34
2026/10/10 13:59:43.327, 5, 77419 MiB, 100 %, 251.62 W, 1980 MHz, 15 %, 39
2026/10/10 13:59:43.327, 6, 77419 MiB, 100 %, 243.70 W, 1980 MHz, 15 %, 37
2026/10/10 13:59:43.327, 7, 77419 MiB, 100 %, 278.05 W, 1980 MHz, 15 %, 71
2026/10/10 13:59:44.328, 0, 77419 MiB, 100 %, 253.61 W, 1980 MHz, 15 %, 35
2026/10/10 13:59:44.328, 1, 77419 MiB, 100 %, 270.18 W, 1980 MHz, 15 %, 59
2026/10/10 13:59:44.328, 2, 77419 MiB, 100 %, 250.72 W, 1980 MHz, 15 %, 39
2026/10/10 13:59:44.328, 3, 77419 MiB, 100 %, 247.60 W, 1980 MHz, 15 %, 34
2026/10/10 13:59:44.328, 4, 77419 MiB, 100 %, 247.59 W, 1980 MHz, 15 %, 34
2026/10/10 13:59:44.328, 5, 77419 MiB, 100 %, 249.76 W, 1980 MHz, 15 %, 39
2026/10/10 13:59:44.328, 6, 77419 MiB, 100 %, 242.82 W, 1980 MHz, 16 %, 37
2026/10/10 13:59:44.328, 7, 77419 MiB, 100 %, 276.59 W, 1980 MHz, 15 %, 70
2026/10/10 13:59:45.328, 0, 77419 MiB, 100 %, 253.14 W, 1980 MHz, 15 %, 35
2026/10/10 13:59:45.328, 1, 77419 MiB, 100 %, 269.44 W, 1980 MHz, 15 %, 59
2026/10/10 13:59:45.328, 2, 77419 MiB, 100 %, 249.16 W, 1980 MHz, 15 %, 39
2026/10/10 13:59:45.328, 3, 77419 MiB, 100 %, 247.74 W, 1980 MHz, 16 %, 33
2026/10/10 13:59:45.328, 4, 77419 MiB, 100 %, 245.95 W, 1980 MHz, 16 %, 34
2026/10/10 13:59:45.328, 5, 77419 MiB, 100 %, 248.51 W, 1980 MHz, 15 %, 39
2026/10/10 13:59:45.328, 6, 77419 MiB, 100 %, 243.94 W, 1980 MHz, 16 %, 37
2026/10/10 13:59:45.329, 7, 77419 MiB, 100 %, 277.46 W, 1980 MHz, 15 %, 70
2026/10/10 13:59:46.329, 0, 77419 MiB, 100 %, 251.63 W, 1980 MHz, 16 %, 35
2026/10/10 13:59:46.329, 1, 77419 MiB, 100 %, 269.07 W, 1980 MHz, 15 %, 59
2026/10/10 13:59:46.329, 2, 77419 MiB, 100 %, 250.63 W, 1980 MHz, 16 %, 39
2026/10/10 13:59:46.329, 3, 77419 MiB, 100 %, 246.92 W, 1980 MHz, 16 %, 33
2026/10/10 13:59:46.329, 4, 77419 MiB, 100 %, 246.51 W, 1980 MHz, 16 %, 34
2026/10/10 13:59:46.329, 5, 77419 MiB, 100 %, 249.03 W, 1980 MHz, 15 %, 39
2026/10/10 13:59:46.329, 6, 77419 MiB, 100 %, 242.99 W, 1980 MHz, 16 %, 36
2026/10/10 13:59:46.329, 7, 77419 MiB, 100 %, 277.23 W, 1980 MHz, 15 %, 70
2026/10/10 13:59:47.329, 0, 77419 MiB, 100 %, 251.97 W, 1980 MHz, 15 %, 35
2026/10/10 13:59:47.329, 1, 77419 MiB, 100 %, 268.33 W, 1980 MHz, 15 %, 59
2026/10/10 13:59:47.329, 2, 77419 MiB, 100 %, 249.33 W, 1980 MHz, 15 %, 39
2026/10/10 13:59:47.330, 3, 77419 MiB, 100 %, 246.53 W, 1980 MHz, 15 %, 33
2026/10/10 13:59:47.330, 4, 77419 MiB, 100 %, 244.44 W, 1980 MHz, 15 %, 34
2026/10/10 13:59:47.330, 5, 77419 MiB, 100 %, 249.92 W, 1980 MHz, 16 %, 38
2026/10/10 13:59:47.330, 6, 77419 MiB, 100 %, 243.78 W, 1980 MHz, 15 %, 36
2026/10/10 13:59:47.330, 7, 77419 MiB, 100 %, 278.60 W, 1980 MHz, 15 %, 70
2026/10/10 13:59:48.330, 0, 77419 MiB, 100 %, 253.24 W, 1980 MHz, 15 %, 35
2026/10/10 13:59:48.330, 1, 77419 MiB, 100 %, 269.90 W, 1980 MHz, 15 %, 59
2026/10/10 13:59:48.330, 2, 77419 MiB, 100 %, 247.67 W, 1980 MHz, 15 %, 39
2026/10/10 13:59:48.330, 3, 77419 MiB, 100 %, 248.15 W, 1980 MHz, 16 %, 33
2026/10/10 13:59:48.330, 4, 77419 MiB, 100 %, 244.15 W, 1980 MHz, 15 %, 34
2026/10/10 13:59:48.330, 5, 77419 MiB, 100 %, 251.24 W, 1980 MHz, 15 %, 38
2026/10/10 13:59:48.330, 6, 77419 MiB, 100 %, 241.86 W, 1980 MHz, 15 %, 36
2026/10/10 13:59:48.330, 7, 77419 MiB, 100 %, 279.80 W, 1980 MHz, 16 %, 70
2026/10/10 13:59:49.331, 0, 77419 MiB, 100 %, 251.71 W, 1980 MHz, 15 %, 35
2026/10/10 13:59:49.331, 1, 77419 MiB, 100 %, 270.91 W, 1980 MHz, 15 %, 59
2026/10/10 13:59:49.331, 2, 77419 MiB, 100 %, 248.19 W, 1980 MHz, 15 %, 39
2026/10/10 13:59:49.331, 3, 77419 MiB, 100 %, 247.71 W, 1980 MHz, 16 %, 33
2026/10/10 13:59:49.331, 4, 77419 MiB, 100 %, 245.82 W, 1980 MHz, 15 %, 34
2026/10/10 13:59:49.331, 5, 77419 MiB, 100 %, 248.82 W, 1980 MHz, 15 %, 38
2026/10/10 13:59:49.331, 6, 77419 MiB, 100 %, 241.95 W, 1980 MHz, 15 %, 36
2026/10/10 13:59:49.331, 7, 77419 MiB, 100 %, 279.79 W, 1980 MHz, 15 %, 70
2026/10/10 13:59:50.331, 0, 77419 MiB, 100 %, 251.77 W, 1980 MHz, 15 %, 35
2026/10/10 13:59:50.331, 1, 77419 MiB, 100 %, 269.63 W, 1980 MHz, 15 %, 59
2026/10/10 13:59:50.331, 2, 77419 MiB, 100 %, 249.93 W, 1980 MHz, 15 %, 39
2026/10/10 13:59:50.331, 3, 77419 MiB, 100 %, 247.75 W, 1980 MHz, 16 %, 33
2026/10/10 13:59:50.332, 4, 77419 MiB, 100 %, 245.02 W, 1980 MHz, 16 %, 34
2026/10/10 13:59:50.332, 5, 77419 MiB, 100 %, 250.04 W, 1980 MHz, 15 %, 38
2026/10/10 13:59:50.332, 6, 77419 MiB, 100 %, 238.94 W, 1980 MHz, 15 %, 36
2026/10/10 13:59:50.332, 7, 77419 MiB, 100 %, 280.07 W, 1980 MHz, 15 %, 70
2026/10/10 13:59:51.332, 0, 77419 MiB, 100 %, 252.32 W, 1980 MHz, 16 %, 35
2026/10/10 13:59:51.332, 1, 77419 MiB, 100 %, 272.21 W, 1980 MHz, 15 %, 59
2026/10/10 13:59:51.332, 2, 77419 MiB, 100 %, 249.00 W, 1980 MHz, 15 %, 39
2026/10/10 13:59:51.332, 3, 77419 MiB, 100 %, 246.91 W, 1980 MHz, 16 %, 33
2026/10/10 13:59:51.332, 4, 77419 MiB, 100 %, 246.71 W, 1980 MHz, 16 %, 34
2026/10/10 13:59:51.332, 5, 77419 MiB, 100 %, 250.64 W, 1980 MHz, 15 %, 38
2026/10/10 13:59:51.332, 6, 77419 MiB, 100 %, 240.12 W, 1980 MHz, 15 %, 36
2026/10/10 13:59:51.332, 7, 77419 MiB, 100 %, 278.58 W, 1980 MHz, 15 %, 70
2026/10/10 13:59:52.332, 0, 77419 MiB, 100 %, 252.83 W, 1980 MHz, 16 %, 35
2026/10/10 13:59:52.333, 1, 77419 MiB, 100 %, 271.91 W, 1980 MHz, 15 %, 59
2026/10/10 13:59:52.333, 2, 77419 MiB, 100 %, 248.76 W, 1980 MHz, 15 %, 39
2026/10/10 13:59:52.333, 3, 77419 MiB, 100 %, 248.41 W, 1980 MHz, 16 %, 33
2026/10/10 13:59:52.333, 4, 77419 MiB, 100 %, 245.17 W, 1980 MHz, 16 %, 34
2026/10/10 13:59:52.333, 5, 77419 MiB, 100 %, 249.88 W, 1980 MHz, 15 %, 38
2026/10/10 13:59:52.333, 6, 77419 MiB, 100 %, 242.48 W, 1980 MHz, 16 %, 36
2026/10/10 13:59:52.333, 7, 77419 MiB, 100 %, 277.93 W, 1980 MHz, 15 %, 70
2026/10/10 13:59:53.333, 0, 77419 MiB, 100 %, 251.41 W, 1980 MHz, 15 %, 35
2026/10/10 13:59:53.333, 1, 77419 MiB, 100 %, 270.24 W, 1980 MHz, 15 %, 59
2026/10/10 13:59:53.333, 2, 77419 MiB, 100 %, 250.13 W, 1980 MHz, 15 %, 39
2026/10/10 13:59:53.334, 3, 77419 MiB, 100 %, 247.90 W, 1980 MHz, 16 %, 33
2026/10/10 13:59:53.334, 4, 77419 MiB, 100 %, 244.70 W, 1980 MHz, 16 %, 34
2026/10/10 13:59:53.334, 5, 77419 MiB, 100 %, 248.65 W, 1980 MHz, 15 %, 38
2026/10/10 13:59:53.334, 6, 77419 MiB, 100 %, 243.53 W, 1980 MHz, 16 %, 36
2026/10/10 13:59:53.334, 7, 77419 MiB, 100 %, 278.20 W, 1980 MHz, 15 %, 70
2026/10/10 13:59:54.334, 0, 77419 MiB, 100 %, 252.73 W, 1980 MHz, 16 %, 35
2026/10/10 13:59:54.335, 1, 77419 MiB, 100 %, 271.26 W, 1980 MHz, 15 %, 59
2026/10/10 13:59:54.335, 2, 77419 MiB, 100 %, 245.67 W, 1980 MHz, 15 %, 39
2026/10/10 13:59:54.335, 3, 77419 MiB, 100 %, 249.34 W, 1980 MHz, 16 %, 33
2026/10/10 13:59:54.335, 4, 77419 MiB, 100 %, 246.25 W, 1980 MHz, 15 %, 34
2026/10/10 13:59:54.335, 5, 77419 MiB, 100 %, 248.46 W, 1980 MHz, 15 %, 38
2026/10/10 13:59:54.335, 6, 77419 MiB, 100 %, 244.60 W, 1980 MHz, 16 %, 36
2026/10/10 13:59:54.335, 7, 77419 MiB, 100 %, 277.27 W, 1980 MHz, 15 %, 70
2026/10/10 13:59:55.335, 0, 77419 MiB, 100 %, 252.57 W, 1980 MHz, 15 %, 35
2026/10/10 13:59:55.335, 1, 77419 MiB, 100 %, 271.29 W, 1980 MHz, 15 %, 59
2026/10/10 13:59:55.335, 2, 77419 MiB, 100 %, 250.52 W, 1980 MHz, 16 %, 39
2026/10/10 13:59:55.335, 3, 77419 MiB, 100 %, 246.72 W, 1980 MHz, 16 %, 33
2026/10/10 13:59:55.335, 4, 77419 MiB, 100 %, 244.54 W, 1980 MHz, 16 %, 34
2026/10/10 13:59:55.335, 5, 77419 MiB, 100 %, 249.86 W, 1980 MHz, 15 %, 38
2026/10/10 13:59:55.335, 6, 77419 MiB, 100 %, 243.29 W, 1980 MHz, 15 %, 36
2026/10/10 13:59:55.336, 7, 77419 MiB, 100 %, 277.60 W, 1980 MHz, 15 %, 70
2026/10/10 13:59:56.336, 0, 77419 MiB, 100 %, 251.57 W, 1980 MHz, 15 %, 35
2026/10/10 13:59:56.336, 1, 77419 MiB, 100 %, 271.19 W, 1980 MHz, 15 %, 59
2026/10/10 13:59:56.336, 2, 77419 MiB, 100 %, 250.57 W, 1980 MHz, 15 %, 39
2026/10/10 13:59:56.336, 3, 77419 MiB, 100 %, 247.51 W, 1980 MHz, 16 %, 33
2026/10/10 13:59:56.336, 4, 77419 MiB, 100 %, 245.32 W, 1980 MHz, 16 %, 34
2026/10/10 13:59:56.336, 5, 77419 MiB, 100 %, 248.70 W, 1980 MHz, 15 %, 38
2026/10/10 13:59:56.336, 6, 77419 MiB, 100 %, 241.16 W, 1980 MHz, 15 %, 36
2026/10/10 13:59:56.336, 7, 77419 MiB, 100 %, 279.77 W, 1980 MHz, 15 %, 70
2026/10/10 13:59:57.336, 0, 77419 MiB, 100 %, 250.88 W, 1980 MHz, 15 %, 35
2026/10/10 13:59:57.336, 1, 77419 MiB, 100 %, 271.01 W, 1980 MHz, 16 %, 59
2026/10/10 13:59:57.336, 2, 77419 MiB, 100 %, 248.93 W, 1980 MHz, 16 %, 39
2026/10/10 13:59:57.336, 3, 77419 MiB, 100 %, 248.34 W, 1980 MHz, 16 %, 33
2026/10/10 13:59:57.337, 4, 77419 MiB, 100 %, 244.70 W, 1980 MHz, 15 %, 34
2026/10/10 13:59:57.337, 5, 77419 MiB, 100 %, 250.24 W, 1980 MHz, 15 %, 38
2026/10/10 13:59:57.337, 6, 77419 MiB, 100 %, 242.65 W, 1980 MHz, 15 %, 36
2026/10/10 13:59:57.337, 7, 77419 MiB, 100 %, 278.98 W, 1980 MHz, 16 %, 70
2026/10/10 13:59:58.337, 0, 77419 MiB, 100 %, 288.40 W, 1965 MHz, 46 %, 40
2026/10/10 13:59:58.338, 1, 77419 MiB, 62 %, 313.03 W, 1845 MHz, 29 %, 66
2026/10/10 13:59:58.338, 2, 77419 MiB, 100 %, 300.17 W, 1980 MHz, 46 %, 46
2026/10/10 13:59:58.338, 3, 77419 MiB, 63 %, 300.02 W, 1890 MHz, 29 %, 40
2026/10/10 13:59:58.338, 4, 77419 MiB, 100 %, 298.61 W, 1965 MHz, 45 %, 41
2026/10/10 13:59:58.338, 5, 77419 MiB, 100 %, 300.59 W, 1980 MHz, 45 %, 46
2026/10/10 13:59:58.338, 6, 77419 MiB, 91 %, 309.78 W, 1950 MHz, 42 %, 44
2026/10/10 13:59:58.338, 7, 77419 MiB, 100 %, 341.36 W, 1920 MHz, 45 %, 79
2026/10/10 13:59:59.338, 0, 77419 MiB, 100 %, 685.67 W, 1905 MHz, 45 %, 49
2026/10/10 13:59:59.339, 1, 77419 MiB, 100 %, 688.05 W, 1800 MHz, 42 %, 69
2026/10/10 13:59:59.339, 2, 77419 MiB, 100 %, 673.73 W, 1965 MHz, 45 %, 50
2026/10/10 13:59:59.339, 3, 77419 MiB, 100 %, 688.23 W, 1905 MHz, 43 %, 47
2026/10/10 13:59:59.339, 4, 77419 MiB, 100 %, 676.85 W, 1950 MHz, 44 %, 49
2026/10/10 13:59:59.339, 5, 77419 MiB, 100 %, 677.62 W, 1950 MHz, 44 %, 52
2026/10/10 13:59:59.339, 6, 77419 MiB, 100 %, 685.86 W, 1920 MHz, 44 %, 52
2026/10/10 13:59:59.339, 7, 77419 MiB, 100 %, 695.58 W, 1785 MHz, 44 %, 82
2026/10/10 14:00:00.339, 0, 77419 MiB, 100 %, 622.92 W, 1965 MHz, 15 %, 42
2026/10/10 14:00:00.339, 1, 77419 MiB, 100 %, 621.88 W, 1965 MHz, 18 %, 61
2026/10/10 14:00:00.339, 2, 77419 MiB, 100 %, 594.43 W, 1965 MHz, 15 %, 42
2026/10/10 14:00:00.339, 3, 77419 MiB, 100 %, 611.55 W, 1965 MHz, 17 %, 40
2026/10/10 14:00:00.339, 4, 77419 MiB, 100 %, 603.83 W, 1965 MHz, 15 %, 42
2026/10/10 14:00:00.339, 5, 77419 MiB, 100 %, 603.58 W, 1965 MHz, 16 %, 45
2026/10/10 14:00:00.339, 6, 77419 MiB, 100 %, 588.67 W, 1965 MHz, 15 %, 44
2026/10/10 14:00:00.340, 7, 77419 MiB, 100 %, 587.50 W, 1965 MHz, 15 %, 75
2026/10/10 14:00:01.340, 0, 77419 MiB, 100 %, 254.73 W, 1980 MHz, 16 %, 37
2026/10/10 14:00:01.340, 1, 77419 MiB, 100 %, 265.59 W, 1980 MHz, 15 %, 59
2026/10/10 14:00:01.340, 2, 77419 MiB, 100 %, 249.27 W, 1980 MHz, 15 %, 40
2026/10/10 14:00:01.340, 3, 77419 MiB, 100 %, 247.75 W, 1980 MHz, 15 %, 35
2026/10/10 14:00:01.340, 4, 77419 MiB, 100 %, 248.36 W, 1980 MHz, 16 %, 36
2026/10/10 14:00:01.340, 5, 77419 MiB, 100 %, 254.49 W, 1980 MHz, 16 %, 40
2026/10/10 14:00:01.340, 6, 77419 MiB, 100 %, 246.07 W, 1980 MHz, 16 %, 39
2026/10/10 14:00:01.340, 7, 77419 MiB, 100 %, 279.93 W, 1980 MHz, 15 %, 72
2026/10/10 14:00:02.340, 0, 77419 MiB, 100 %, 255.27 W, 1980 MHz, 16 %, 36
2026/10/10 14:00:02.340, 1, 77419 MiB, 100 %, 267.34 W, 1980 MHz, 15 %, 59
2026/10/10 14:00:02.340, 2, 77419 MiB, 100 %, 249.65 W, 1980 MHz, 15 %, 39
2026/10/10 14:00:02.340, 3, 77419 MiB, 100 %, 248.33 W, 1980 MHz, 15 %, 34
2026/10/10 14:00:02.341, 4, 77419 MiB, 100 %, 248.18 W, 1980 MHz, 16 %, 35
2026/10/10 14:00:02.341, 5, 77419 MiB, 100 %, 253.58 W, 1980 MHz, 16 %, 39
2026/10/10 14:00:02.341, 6, 77419 MiB, 100 %, 247.37 W, 1980 MHz, 16 %, 37
2026/10/10 14:00:02.341, 7, 77419 MiB, 100 %, 277.90 W, 1980 MHz, 15 %, 71
2026/10/10 14:00:03.341, 0, 77419 MiB, 100 %, 253.04 W, 1980 MHz, 16 %, 36
2026/10/10 14:00:03.341, 1, 77419 MiB, 100 %, 265.67 W, 1980 MHz, 15 %, 59
2026/10/10 14:00:03.341, 2, 77419 MiB, 100 %, 250.74 W, 1980 MHz, 15 %, 39
2026/10/10 14:00:03.341, 3, 77419 MiB, 100 %, 246.87 W, 1980 MHz, 15 %, 34
2026/10/10 14:00:03.341, 4, 77419 MiB, 100 %, 247.17 W, 1980 MHz, 16 %, 35
2026/10/10 14:00:03.341, 5, 77419 MiB, 100 %, 251.75 W, 1980 MHz, 15 %, 39
2026/10/10 14:00:03.341, 6, 77419 MiB, 100 %, 246.56 W, 1980 MHz, 16 %, 37
2026/10/10 14:00:03.341, 7, 77419 MiB, 100 %, 277.23 W, 1980 MHz, 15 %, 71
2026/10/10 14:00:04.341, 0, 77419 MiB, 100 %, 254.15 W, 1980 MHz, 15 %, 36
2026/10/10 14:00:04.342, 1, 77419 MiB, 100 %, 267.18 W, 1980 MHz, 15 %, 59
2026/10/10 14:00:04.342, 2, 77419 MiB, 100 %, 250.98 W, 1980 MHz, 16 %, 39
2026/10/10 14:00:04.342, 3, 77419 MiB, 100 %, 249.30 W, 1980 MHz, 16 %, 34
2026/10/10 14:00:04.342, 4, 77419 MiB, 100 %, 246.81 W, 1980 MHz, 16 %, 35
2026/10/10 14:00:04.342, 5, 77419 MiB, 100 %, 251.12 W, 1980 MHz, 15 %, 39
2026/10/10 14:00:04.342, 6, 77419 MiB, 100 %, 245.74 W, 1980 MHz, 16 %, 37
2026/10/10 14:00:04.342, 7, 77419 MiB, 100 %, 276.11 W, 1980 MHz, 15 %, 71
2026/10/10 14:00:05.342, 0, 77419 MiB, 100 %, 252.22 W, 1980 MHz, 15 %, 36
2026/10/10 14:00:05.342, 1, 77419 MiB, 100 %, 269.81 W, 1980 MHz, 15 %, 59
2026/10/10 14:00:05.342, 2, 77419 MiB, 100 %, 249.84 W, 1980 MHz, 15 %, 39
2026/10/10 14:00:05.342, 3, 77419 MiB, 100 %, 246.65 W, 1980 MHz, 15 %, 34
2026/10/10 14:00:05.342, 4, 77419 MiB, 100 %, 247.39 W, 1980 MHz, 16 %, 34
2026/10/10 14:00:05.342, 5, 77419 MiB, 100 %, 253.16 W, 1980 MHz, 16 %, 39
2026/10/10 14:00:05.342, 6, 77419 MiB, 100 %, 245.68 W, 1980 MHz, 16 %, 36
2026/10/10 14:00:05.342, 7, 77419 MiB, 100 %, 276.76 W, 1980 MHz, 15 %, 71
2026/10/10 14:00:06.343, 0, 77419 MiB, 100 %, 252.24 W, 1980 MHz, 15 %, 35
2026/10/10 14:00:06.343, 1, 77419 MiB, 100 %, 268.73 W, 1980 MHz, 15 %, 59
2026/10/10 14:00:06.343, 2, 77419 MiB, 100 %, 248.93 W, 1980 MHz, 15 %, 39
2026/10/10 14:00:06.343, 3, 77419 MiB, 100 %, 246.44 W, 1980 MHz, 15 %, 34
2026/10/10 14:00:06.343, 4, 77419 MiB, 100 %, 246.73 W, 1980 MHz, 16 %, 34
2026/10/10 14:00:06.343, 5, 77419 MiB, 100 %, 252.72 W, 1980 MHz, 16 %, 38
2026/10/10 14:00:06.343, 6, 77419 MiB, 100 %, 246.57 W, 1980 MHz, 16 %, 36
2026/10/10 14:00:06.343, 7, 77419 MiB, 100 %, 277.83 W, 1980 MHz, 16 %, 71
2026/10/10 14:00:07.343, 0, 77419 MiB, 100 %, 251.93 W, 1980 MHz, 15 %, 35
2026/10/10 14:00:07.343, 1, 77419 MiB, 100 %, 268.57 W, 1980 MHz, 15 %, 59
2026/10/10 14:00:07.343, 2, 77419 MiB, 100 %, 248.85 W, 1980 MHz, 15 %, 39
2026/10/10 14:00:07.343, 3, 77419 MiB, 100 %, 246.58 W, 1980 MHz, 15 %, 34
2026/10/10 14:00:07.344, 4, 77419 MiB, 100 %, 246.32 W, 1980 MHz, 16 %, 34
2026/10/10 14:00:07.344, 5, 77419 MiB, 100 %, 254.49 W, 1980 MHz, 15 %, 38
2026/10/10 14:00:07.344, 6, 77419 MiB, 100 %, 246.04 W, 1980 MHz, 16 %, 36
2026/10/10 14:00:07.344, 7, 77419 MiB, 100 %, 278.75 W, 1980 MHz, 15 %, 70
2026/10/10 14:00:08.344, 0, 77419 MiB, 100 %, 250.78 W, 1980 MHz, 16 %, 35
2026/10/10 14:00:08.344, 1, 77419 MiB, 100 %, 267.46 W, 1980 MHz, 15 %, 59
2026/10/10 14:00:08.344, 2, 77419 MiB, 100 %, 248.77 W, 1980 MHz, 15 %, 39
2026/10/10 14:00:08.344, 3, 77419 MiB, 100 %, 246.93 W, 1980 MHz, 15 %, 33
2026/10/10 14:00:08.344, 4, 77419 MiB, 100 %, 247.15 W, 1980 MHz, 16 %, 34
2026/10/10 14:00:08.344, 5, 77419 MiB, 100 %, 253.15 W, 1980 MHz, 16 %, 38
2026/10/10 14:00:08.344, 6, 77419 MiB, 100 %, 245.05 W, 1980 MHz, 16 %, 36
2026/10/10 14:00:08.344, 7, 77419 MiB, 100 %, 276.82 W, 1980 MHz, 15 %, 70
2026/10/10 14:00:09.345, 0, 77419 MiB, 100 %, 253.11 W, 1980 MHz, 15 %, 35
2026/10/10 14:00:09.345, 1, 77419 MiB, 100 %, 266.08 W, 1980 MHz, 15 %, 59
2026/10/10 14:00:09.345, 2, 77419 MiB, 100 %, 250.76 W, 1980 MHz, 16 %, 39
2026/10/10 14:00:09.345, 3, 77419 MiB, 100 %, 246.34 W, 1980 MHz, 15 %, 33
2026/10/10 14:00:09.345, 4, 77419 MiB, 100 %, 247.90 W, 1980 MHz, 16 %, 34
2026/10/10 14:00:09.345, 5, 77419 MiB, 100 %, 253.37 W, 1980 MHz, 16 %, 38
2026/10/10 14:00:09.345, 6, 77419 MiB, 100 %, 244.57 W, 1980 MHz, 16 %, 36
2026/10/10 14:00:09.345, 7, 77419 MiB, 100 %, 276.56 W, 1980 MHz, 15 %, 70
2026/10/10 14:00:10.345, 0, 77419 MiB, 100 %, 252.85 W, 1980 MHz, 15 %, 35
2026/10/10 14:00:10.345, 1, 77419 MiB, 100 %, 267.30 W, 1980 MHz, 15 %, 59
2026/10/10 14:00:10.345, 2, 77419 MiB, 100 %, 248.26 W, 1980 MHz, 15 %, 39
2026/10/10 14:00:10.345, 3, 77419 MiB, 100 %, 247.29 W, 1980 MHz, 15 %, 33
2026/10/10 14:00:10.345, 4, 77419 MiB, 100 %, 246.44 W, 1980 MHz, 16 %, 34
2026/10/10 14:00:10.345, 5, 77419 MiB, 100 %, 252.81 W, 1980 MHz, 15 %, 38
2026/10/10 14:00:10.346, 6, 77419 MiB, 100 %, 244.88 W, 1980 MHz, 16 %, 36
2026/10/10 14:00:10.346, 7, 77419 MiB, 100 %, 276.47 W, 1980 MHz, 15 %, 70
2026/10/10 14:00:11.346, 0, 77419 MiB, 100 %, 252.47 W, 1980 MHz, 16 %, 35
2026/10/10 14:00:11.346, 1, 77419 MiB, 100 %, 265.70 W, 1980 MHz, 15 %, 59
2026/10/10 14:00:11.346, 2, 77419 MiB, 100 %, 249.47 W, 1980 MHz, 15 %, 39
2026/10/10 14:00:11.346, 3, 77419 MiB, 100 %, 248.51 W, 1980 MHz, 15 %, 33
2026/10/10 14:00:11.346, 4, 77419 MiB, 100 %, 247.05 W, 1980 MHz, 16 %, 34
2026/10/10 14:00:11.346, 5, 77419 MiB, 100 %, 250.51 W, 1980 MHz, 15 %, 38
2026/10/10 14:00:11.346, 6, 77419 MiB, 100 %, 241.83 W, 1980 MHz, 15 %, 36
2026/10/10 14:00:11.346, 7, 77419 MiB, 100 %, 275.39 W, 1980 MHz, 15 %, 70
2026/10/10 14:00:12.346, 0, 77419 MiB, 100 %, 252.23 W, 1980 MHz, 16 %, 35
2026/10/10 14:00:12.346, 1, 77419 MiB, 100 %, 267.02 W, 1980 MHz, 15 %, 59
2026/10/10 14:00:12.347, 2, 77419 MiB, 100 %, 249.07 W, 1980 MHz, 15 %, 39
2026/10/10 14:00:12.347, 3, 77419 MiB, 100 %, 247.21 W, 1980 MHz, 15 %, 33
2026/10/10 14:00:12.347, 4, 77419 MiB, 100 %, 246.45 W, 1980 MHz, 16 %, 34
2026/10/10 14:00:12.347, 5, 77419 MiB, 100 %, 251.50 W, 1980 MHz, 15 %, 38
2026/10/10 14:00:12.347, 6, 77419 MiB, 100 %, 241.72 W, 1980 MHz, 15 %, 36
2026/10/10 14:00:12.347, 7, 77419 MiB, 100 %, 277.25 W, 1980 MHz, 15 %, 70
2026/10/10 14:00:13.347, 0, 77419 MiB, 100 %, 252.23 W, 1980 MHz, 15 %, 35
2026/10/10 14:00:13.347, 1, 77419 MiB, 100 %, 268.33 W, 1980 MHz, 15 %, 59
2026/10/10 14:00:13.347, 2, 77419 MiB, 100 %, 252.63 W, 1980 MHz, 15 %, 39
2026/10/10 14:00:13.347, 3, 77419 MiB, 100 %, 248.44 W, 1980 MHz, 15 %, 33
2026/10/10 14:00:13.347, 4, 77419 MiB, 100 %, 247.23 W, 1980 MHz, 16 %, 34
2026/10/10 14:00:13.347, 5, 77419 MiB, 100 %, 251.29 W, 1980 MHz, 15 %, 38
2026/10/10 14:00:13.347, 6, 77419 MiB, 100 %, 243.92 W, 1980 MHz, 15 %, 36
2026/10/10 14:00:13.347, 7, 77419 MiB, 100 %, 275.91 W, 1980 MHz, 15 %, 70
2026/10/10 14:00:14.348, 0, 77419 MiB, 100 %, 250.44 W, 1980 MHz, 16 %, 35
2026/10/10 14:00:14.348, 1, 77419 MiB, 100 %, 268.75 W, 1980 MHz, 15 %, 59
2026/10/10 14:00:14.348, 2, 77419 MiB, 100 %, 248.90 W, 1980 MHz, 15 %, 39
2026/10/10 14:00:14.348, 3, 77419 MiB, 100 %, 245.78 W, 1980 MHz, 15 %, 33
2026/10/10 14:00:14.348, 4, 77419 MiB, 100 %, 246.83 W, 1980 MHz, 16 %, 34
2026/10/10 14:00:14.348, 5, 77419 MiB, 100 %, 253.39 W, 1980 MHz, 16 %, 38
2026/10/10 14:00:14.348, 6, 77419 MiB, 100 %, 243.13 W, 1980 MHz, 16 %, 36
2026/10/10 14:00:14.348, 7, 77419 MiB, 100 %, 277.19 W, 1980 MHz, 15 %, 70
2026/10/10 14:00:15.348, 0, 77419 MiB, 100 %, 253.10 W, 1980 MHz, 16 %, 35
2026/10/10 14:00:15.348, 1, 77419 MiB, 100 %, 268.71 W, 1980 MHz, 15 %, 59
2026/10/10 14:00:15.348, 2, 77419 MiB, 100 %, 249.72 W, 1980 MHz, 16 %, 39
2026/10/10 14:00:15.348, 3, 77419 MiB, 100 %, 245.83 W, 1980 MHz, 15 %, 33
2026/10/10 14:00:15.348, 4, 77419 MiB, 100 %, 246.81 W, 1980 MHz, 16 %, 34
2026/10/10 14:00:15.348, 5, 77419 MiB, 100 %, 252.33 W, 1980 MHz, 16 %, 38
2026/10/10 14:00:15.349, 6, 77419 MiB, 100 %, 241.72 W, 1980 MHz, 15 %, 36
2026/10/10 14:00:15.349, 7, 77419 MiB, 100 %, 276.05 W, 1980 MHz, 15 %, 70
2026/10/10 14:00:16.349, 0, 77419 MiB, 100 %, 253.49 W, 1980 MHz, 16 %, 35
2026/10/10 14:00:16.349, 1, 77419 MiB, 100 %, 266.83 W, 1980 MHz, 15 %, 59
2026/10/10 14:00:16.349, 2, 77419 MiB, 100 %, 249.22 W, 1980 MHz, 16 %, 39
2026/10/10 14:00:16.349, 3, 77419 MiB, 100 %, 246.93 W, 1980 MHz, 15 %, 33
2026/10/10 14:00:16.349, 4, 77419 MiB, 100 %, 247.60 W, 1980 MHz, 16 %, 34
2026/10/10 14:00:16.349, 5, 77419 MiB, 100 %, 250.93 W, 1980 MHz, 15 %, 38
2026/10/10 14:00:16.349, 6, 77419 MiB, 100 %, 243.20 W, 1980 MHz, 15 %, 36
2026/10/10 14:00:16.349, 7, 77419 MiB, 100 %, 277.39 W, 1980 MHz, 15 %, 70
2026/10/10 14:00:17.349, 0, 77419 MiB, 100 %, 252.41 W, 1980 MHz, 15 %, 35
2026/10/10 14:00:17.349, 1, 77419 MiB, 100 %, 267.57 W, 1980 MHz, 15 %, 59
2026/10/10 14:00:17.349, 2, 77419 MiB, 100 %, 252.63 W, 1980 MHz, 16 %, 39
2026/10/10 14:00:17.350, 3, 77419 MiB, 100 %, 245.64 W, 1980 MHz, 15 %, 33
2026/10/10 14:00:17.350, 4, 77419 MiB, 100 %, 248.30 W, 1980 MHz, 16 %, 34
2026/10/10 14:00:17.350, 5, 77419 MiB, 100 %, 251.10 W, 1980 MHz, 16 %, 38
2026/10/10 14:00:17.350, 6, 77419 MiB, 100 %, 241.77 W, 1980 MHz, 15 %, 35
2026/10/10 14:00:17.350, 7, 77419 MiB, 100 %, 278.73 W, 1980 MHz, 15 %, 70
2026/10/10 14:00:18.350, 0, 77419 MiB, 100 %, 252.18 W, 1980 MHz, 15 %, 35
2026/10/10 14:00:18.350, 1, 77419 MiB, 100 %, 267.80 W, 1980 MHz, 15 %, 59
2026/10/10 14:00:18.350, 2, 77419 MiB, 100 %, 252.17 W, 1980 MHz, 16 %, 39
2026/10/10 14:00:18.350, 3, 77419 MiB, 100 %, 247.72 W, 1980 MHz, 15 %, 33
2026/10/10 14:00:18.350, 4, 77419 MiB, 100 %, 246.74 W, 1980 MHz, 16 %, 34
2026/10/10 14:00:18.350, 5, 77419 MiB, 100 %, 251.74 W, 1980 MHz, 16 %, 38
2026/10/10 14:00:18.350, 6, 77419 MiB, 100 %, 243.41 W, 1980 MHz, 15 %, 35
2026/10/10 14:00:18.350, 7, 77419 MiB, 100 %, 276.71 W, 1980 MHz, 15 %, 70
2026/10/10 14:00:19.350, 0, 77419 MiB, 100 %, 427.05 W, 1935 MHz, 45 %, 47
2026/10/10 14:00:19.351, 1, 77419 MiB, 100 %, 442.10 W, 1845 MHz, 45 %, 69
2026/10/10 14:00:19.351, 2, 77419 MiB, 100 %, 422.42 W, 1965 MHz, 45 %, 49
2026/10/10 14:00:19.351, 3, 77419 MiB, 100 %, 425.20 W, 1935 MHz, 39 %, 44
2026/10/10 14:00:19.351, 4, 77419 MiB, 100 %, 429.55 W, 1935 MHz, 43 %, 45
2026/10/10 14:00:19.351, 5, 77419 MiB, 100 %, 433.21 W, 1965 MHz, 45 %, 47
2026/10/10 14:00:19.351, 6, 77419 MiB, 100 %, 435.75 W, 1950 MHz, 45 %, 48
2026/10/10 14:00:19.351, 7, 77419 MiB, 100 %, 459.74 W, 1950 MHz, 45 %, 79
2026/10/10 14:00:20.351, 0, 77419 MiB, 100 %, 693.74 W, 1920 MHz, 44 %, 49
2026/10/10 14:00:20.351, 1, 77419 MiB, 100 %, 692.03 W, 1830 MHz, 45 %, 69
2026/10/10 14:00:20.351, 2, 77419 MiB, 100 %, 667.85 W, 1965 MHz, 44 %, 48
2026/10/10 14:00:20.351, 3, 77419 MiB, 100 %, 678.69 W, 1905 MHz, 39 %, 48
2026/10/10 14:00:20.351, 4, 77419 MiB, 100 %, 675.90 W, 1965 MHz, 38 %, 50
2026/10/10 14:00:20.351, 5, 77419 MiB, 100 %, 680.98 W, 1965 MHz, 41 %, 52
2026/10/10 14:00:20.351, 6, 77419 MiB, 100 %, 684.80 W, 1965 MHz, 45 %, 52
2026/10/10 14:00:20.351, 7, 77419 MiB, 100 %, 681.47 W, 1950 MHz, 39 %, 82
2026/10/10 14:00:21.352, 0, 77419 MiB, 100 %, 482.52 W, 1980 MHz, 15 %, 39
2026/10/10 14:00:21.352, 1, 77419 MiB, 100 %, 487.21 W, 1980 MHz, 15 %, 60
2026/10/10 14:00:21.352, 2, 77419 MiB, 100 %, 468.79 W, 1980 MHz, 15 %, 41
2026/10/10 14:00:21.352, 3, 77419 MiB, 100 %, 472.17 W, 1980 MHz, 15 %, 37
2026/10/10 14:00:21.352, 4, 77419 MiB, 100 %, 460.65 W, 1980 MHz, 15 %, 38
2026/10/10 14:00:21.352, 5, 77419 MiB, 100 %, 464.80 W, 1980 MHz, 15 %, 42
2026/10/10 14:00:21.352, 6, 77419 MiB, 100 %, 461.41 W, 1980 MHz, 16 %, 41
2026/10/10 14:00:21.352, 7, 77419 MiB, 100 %, 459.50 W, 1980 MHz, 16 %, 73
2026/10/10 14:00:22.352, 0, 77419 MiB, 100 %, 253.78 W, 1980 MHz, 16 %, 37
2026/10/10 14:00:22.352, 1, 77419 MiB, 100 %, 269.45 W, 1980 MHz, 15 %, 59
2026/10/10 14:00:22.352, 2, 77419 MiB, 100 %, 251.05 W, 1980 MHz, 15 %, 40
2026/10/10 14:00:22.352, 3, 77419 MiB, 100 %, 250.05 W, 1980 MHz, 16 %, 35
2026/10/10 14:00:22.352, 4, 77419 MiB, 100 %, 242.71 W, 1980 MHz, 15 %, 36
2026/10/10 14:00:22.352, 5, 77419 MiB, 100 %, 253.20 W, 1980 MHz, 15 %, 40
2026/10/10 14:00:22.352, 6, 77419 MiB, 100 %, 244.80 W, 1980 MHz, 16 %, 38
2026/10/10 14:00:22.353, 7, 77419 MiB, 100 %, 280.87 W, 1980 MHz, 15 %, 71
2026/10/10 14:00:23.353, 0, 77419 MiB, 100 %, 253.68 W, 1980 MHz, 15 %, 36
2026/10/10 14:00:23.353, 1, 77419 MiB, 100 %, 270.03 W, 1980 MHz, 15 %, 59
2026/10/10 14:00:23.353, 2, 77419 MiB, 100 %, 248.97 W, 1980 MHz, 15 %, 39
2026/10/10 14:00:23.353, 3, 77419 MiB, 100 %, 248.21 W, 1980 MHz, 15 %, 34
2026/10/10 14:00:23.353, 4, 77419 MiB, 100 %, 242.25 W, 1980 MHz, 15 %, 35
2026/10/10 14:00:23.353, 5, 77419 MiB, 100 %, 252.01 W, 1980 MHz, 16 %, 39
2026/10/10 14:00:23.353, 6, 77419 MiB, 100 %, 245.23 W, 1980 MHz, 16 %, 37
2026/10/10 14:00:23.353, 7, 77419 MiB, 100 %, 281.53 W, 1980 MHz, 15 %, 71
2026/10/10 14:00:24.353, 0, 77419 MiB, 100 %, 251.60 W, 1980 MHz, 16 %, 36
2026/10/10 14:00:24.353, 1, 77419 MiB, 100 %, 268.19 W, 1980 MHz, 16 %, 59
2026/10/10 14:00:24.353, 2, 77419 MiB, 100 %, 250.17 W, 1980 MHz, 16 %, 39
2026/10/10 14:00:24.353, 3, 77419 MiB, 100 %, 246.46 W, 1980 MHz, 15 %, 34
2026/10/10 14:00:24.353, 4, 77419 MiB, 100 %, 243.63 W, 1980 MHz, 15 %, 35
2026/10/10 14:00:24.353, 5, 77419 MiB, 100 %, 251.67 W, 1980 MHz, 15 %, 39
2026/10/10 14:00:24.353, 6, 77419 MiB, 100 %, 242.99 W, 1980 MHz, 15 %, 37
2026/10/10 14:00:24.353, 7, 77419 MiB, 100 %, 280.04 W, 1980 MHz, 15 %, 71
2026/10/10 14:00:25.354, 0, 77419 MiB, 100 %, 253.18 W, 1980 MHz, 16 %, 36
2026/10/10 14:00:25.354, 1, 77419 MiB, 100 %, 270.03 W, 1980 MHz, 15 %, 59
2026/10/10 14:00:25.354, 2, 77419 MiB, 100 %, 253.04 W, 1980 MHz, 15 %, 39
2026/10/10 14:00:25.354, 3, 77419 MiB, 100 %, 246.80 W, 1980 MHz, 15 %, 34
2026/10/10 14:00:25.354, 4, 77419 MiB, 100 %, 245.35 W, 1980 MHz, 16 %, 35
2026/10/10 14:00:25.354, 5, 77419 MiB, 100 %, 251.50 W, 1980 MHz, 15 %, 39
2026/10/10 14:00:25.354, 6, 77419 MiB, 100 %, 241.19 W, 1980 MHz, 16 %, 36
2026/10/10 14:00:25.354, 7, 77419 MiB, 100 %, 279.09 W, 1980 MHz, 15 %, 71
2026/10/10 14:00:26.354, 0, 77419 MiB, 100 %, 254.13 W, 1980 MHz, 16 %, 36
2026/10/10 14:00:26.354, 1, 77419 MiB, 100 %, 268.62 W, 1980 MHz, 15 %, 59
2026/10/10 14:00:26.354, 2, 77419 MiB, 100 %, 255.14 W, 1980 MHz, 16 %, 39
2026/10/10 14:00:26.354, 3, 77419 MiB, 100 %, 246.83 W, 1980 MHz, 15 %, 34
2026/10/10 14:00:26.354, 4, 77419 MiB, 100 %, 246.19 W, 1980 MHz, 16 %, 34
2026/10/10 14:00:26.355, 5, 77419 MiB, 100 %, 249.73 W, 1980 MHz, 15 %, 38
2026/10/10 14:00:26.355, 6, 77419 MiB, 100 %, 239.93 W, 1980 MHz, 15 %, 36
2026/10/10 14:00:26.355, 7, 77419 MiB, 100 %, 280.06 W, 1980 MHz, 15 %, 71
2026/10/10 14:00:27.355, 0, 77419 MiB, 100 %, 253.61 W, 1980 MHz, 16 %, 36
2026/10/10 14:00:27.355, 1, 77419 MiB, 100 %, 269.20 W, 1980 MHz, 15 %, 59
2026/10/10 14:00:27.355, 2, 77419 MiB, 100 %, 254.14 W, 1980 MHz, 16 %, 39
2026/10/10 14:00:27.355, 3, 77419 MiB, 100 %, 247.16 W, 1980 MHz, 15 %, 34
2026/10/10 14:00:27.355, 4, 77419 MiB, 100 %, 246.52 W, 1980 MHz, 16 %, 34
2026/10/10 14:00:27.355, 5, 77419 MiB, 100 %, 248.86 W, 1980 MHz, 15 %, 38
2026/10/10 14:00:27.355, 6, 77419 MiB, 100 %, 239.63 W, 1980 MHz, 15 %, 36
2026/10/10 14:00:27.355, 7, 77419 MiB, 100 %, 279.04 W, 1980 MHz, 15 %, 71
2026/10/10 14:00:28.355, 0, 77419 MiB, 100 %, 254.64 W, 1980 MHz, 16 %, 35
2026/10/10 14:00:28.355, 1, 77419 MiB, 100 %, 268.07 W, 1980 MHz, 15 %, 59
2026/10/10 14:00:28.355, 2, 77419 MiB, 100 %, 255.17 W, 1980 MHz, 16 %, 39
2026/10/10 14:00:28.356, 3, 77419 MiB, 100 %, 247.79 W, 1980 MHz, 15 %, 34
2026/10/10 14:00:28.356, 4, 77419 MiB, 100 %, 246.53 W, 1980 MHz, 16 %, 34
2026/10/10 14:00:28.356, 5, 77419 MiB, 100 %, 249.49 W, 1980 MHz, 15 %, 38
2026/10/10 14:00:28.356, 6, 77419 MiB, 100 %, 240.66 W, 1980 MHz, 15 %, 36
2026/10/10 14:00:28.356, 7, 77419 MiB, 100 %, 280.15 W, 1980 MHz, 15 %, 71
2026/10/10 14:00:29.356, 0, 77419 MiB, 100 %, 253.79 W, 1980 MHz, 16 %, 35
2026/10/10 14:00:29.356, 1, 77419 MiB, 100 %, 269.73 W, 1980 MHz, 16 %, 59
2026/10/10 14:00:29.356, 2, 77419 MiB, 100 %, 253.80 W, 1980 MHz, 15 %, 39
2026/10/10 14:00:29.356, 3, 77419 MiB, 100 %, 246.87 W, 1980 MHz, 15 %, 33
2026/10/10 14:00:29.356, 4, 77419 MiB, 100 %, 247.78 W, 1980 MHz, 16 %, 34
2026/10/10 14:00:29.356, 5, 77419 MiB, 100 %, 249.10 W, 1980 MHz, 15 %, 38
2026/10/10 14:00:29.356, 6, 77419 MiB, 100 %, 241.53 W, 1980 MHz, 16 %, 36
2026/10/10 14:00:29.356, 7, 77419 MiB, 100 %, 279.68 W, 1980 MHz, 15 %, 71
2026/10/10 14:00:30.356, 0, 77419 MiB, 100 %, 252.35 W, 1980 MHz, 15 %, 35
2026/10/10 14:00:30.356, 1, 77419 MiB, 100 %, 270.54 W, 1980 MHz, 15 %, 59
2026/10/10 14:00:30.357, 2, 77419 MiB, 100 %, 252.85 W, 1980 MHz, 16 %, 39
2026/10/10 14:00:30.357, 3, 77419 MiB, 100 %, 246.40 W, 1980 MHz, 15 %, 33
2026/10/10 14:00:30.357, 4, 77419 MiB, 100 %, 246.43 W, 1980 MHz, 16 %, 34
2026/10/10 14:00:30.357, 5, 77419 MiB, 100 %, 250.71 W, 1980 MHz, 15 %, 38
2026/10/10 14:00:30.357, 6, 77419 MiB, 100 %, 240.55 W, 1980 MHz, 15 %, 36
2026/10/10 14:00:30.357, 7, 77419 MiB, 100 %, 280.25 W, 1980 MHz, 15 %, 70
2026/10/10 14:00:31.357, 0, 77419 MiB, 100 %, 251.90 W, 1980 MHz, 15 %, 35
2026/10/10 14:00:31.357, 1, 77419 MiB, 100 %, 270.49 W, 1980 MHz, 15 %, 59
2026/10/10 14:00:31.357, 2, 77419 MiB, 100 %, 252.55 W, 1980 MHz, 15 %, 39
2026/10/10 14:00:31.357, 3, 77419 MiB, 100 %, 247.78 W, 1980 MHz, 15 %, 33
2026/10/10 14:00:31.357, 4, 77419 MiB, 100 %, 246.54 W, 1980 MHz, 16 %, 34
2026/10/10 14:00:31.357, 5, 77419 MiB, 100 %, 250.60 W, 1980 MHz, 15 %, 38
2026/10/10 14:00:31.357, 6, 77419 MiB, 100 %, 240.61 W, 1980 MHz, 16 %, 36
2026/10/10 14:00:31.357, 7, 77419 MiB, 100 %, 279.78 W, 1980 MHz, 15 %, 70
2026/10/10 14:00:32.357, 0, 77419 MiB, 100 %, 251.81 W, 1980 MHz, 15 %, 35
2026/10/10 14:00:32.358, 1, 77419 MiB, 100 %, 269.64 W, 1980 MHz, 15 %, 59
2026/10/10 14:00:32.358, 2, 77419 MiB, 100 %, 251.67 W, 1980 MHz, 15 %, 39
2026/10/10 14:00:32.358, 3, 77419 MiB, 100 %, 248.74 W, 1980 MHz, 16 %, 33
2026/10/10 14:00:32.358, 4, 77419 MiB, 100 %, 246.14 W, 1980 MHz, 15 %, 34
2026/10/10 14:00:32.358, 5, 77419 MiB, 100 %, 250.25 W, 1980 MHz, 16 %, 38
2026/10/10 14:00:32.358, 6, 77419 MiB, 100 %, 242.40 W, 1980 MHz, 15 %, 36
2026/10/10 14:00:32.358, 7, 77419 MiB, 100 %, 281.34 W, 1980 MHz, 16 %, 71
2026/10/10 14:00:33.358, 0, 77419 MiB, 100 %, 250.73 W, 1980 MHz, 15 %, 35
2026/10/10 14:00:33.358, 1, 77419 MiB, 100 %, 268.68 W, 1980 MHz, 15 %, 59
2026/10/10 14:00:33.358, 2, 77419 MiB, 100 %, 250.87 W, 1980 MHz, 15 %, 39
2026/10/10 14:00:33.358, 3, 77419 MiB, 100 %, 247.78 W, 1980 MHz, 15 %, 33
2026/10/10 14:00:33.358, 4, 77419 MiB, 100 %, 243.74 W, 1980 MHz, 15 %, 34
2026/10/10 14:00:33.358, 5, 77419 MiB, 100 %, 253.29 W, 1980 MHz, 16 %, 38
2026/10/10 14:00:33.358, 6, 77419 MiB, 100 %, 243.57 W, 1980 MHz, 15 %, 36
2026/10/10 14:00:33.358, 7, 77419 MiB, 100 %, 280.12 W, 1980 MHz, 15 %, 70
2026/10/10 14:00:34.359, 0, 77419 MiB, 100 %, 251.46 W, 1980 MHz, 15 %, 35
2026/10/10 14:00:34.359, 1, 77419 MiB, 100 %, 269.44 W, 1980 MHz, 15 %, 59
2026/10/10 14:00:34.359, 2, 77419 MiB, 100 %, 252.60 W, 1980 MHz, 15 %, 39
2026/10/10 14:00:34.359, 3, 77419 MiB, 100 %, 246.40 W, 1980 MHz, 16 %, 33
2026/10/10 14:00:34.359, 4, 77419 MiB, 100 %, 244.99 W, 1980 MHz, 15 %, 34
2026/10/10 14:00:34.359, 5, 77419 MiB, 100 %, 251.89 W, 1980 MHz, 16 %, 38
2026/10/10 14:00:34.359, 6, 77419 MiB, 100 %, 244.26 W, 1980 MHz, 15 %, 36
2026/10/10 14:00:34.359, 7, 77419 MiB, 100 %, 280.67 W, 1980 MHz, 16 %, 70
2026/10/10 14:00:35.359, 0, 77419 MiB, 100 %, 252.67 W, 1980 MHz, 15 %, 35
2026/10/10 14:00:35.359, 1, 77419 MiB, 100 %, 269.80 W, 1980 MHz, 15 %, 59
2026/10/10 14:00:35.359, 2, 77419 MiB, 100 %, 251.66 W, 1980 MHz, 15 %, 39
2026/10/10 14:00:35.359, 3, 77419 MiB, 100 %, 247.34 W, 1980 MHz, 15 %, 33
2026/10/10 14:00:35.359, 4, 77419 MiB, 100 %, 244.55 W, 1980 MHz, 15 %, 34
2026/10/10 14:00:35.359, 5, 77419 MiB, 100 %, 254.82 W, 1980 MHz, 16 %, 38
2026/10/10 14:00:35.359, 6, 77419 MiB, 100 %, 242.09 W, 1980 MHz, 15 %, 36
2026/10/10 14:00:35.359, 7, 77419 MiB, 100 %, 280.28 W, 1980 MHz, 15 %, 70
2026/10/10 14:00:36.359, 0, 77419 MiB, 100 %, 251.41 W, 1980 MHz, 16 %, 35
2026/10/10 14:00:36.360, 1, 77419 MiB, 100 %, 269.73 W, 1980 MHz, 16 %, 59
2026/10/10 14:00:36.360, 2, 77419 MiB, 100 %, 251.10 W, 1980 MHz, 15 %, 39
2026/10/10 14:00:36.360, 3, 77419 MiB, 100 %, 246.35 W, 1980 MHz, 15 %, 33
2026/10/10 14:00:36.360, 4, 77419 MiB, 100 %, 244.08 W, 1980 MHz, 15 %, 34
2026/10/10 14:00:36.360, 5, 77419 MiB, 100 %, 252.21 W, 1980 MHz, 16 %, 38
2026/10/10 14:00:36.360, 6, 77419 MiB, 100 %, 242.06 W, 1980 MHz, 15 %, 36
2026/10/10 14:00:36.360, 7, 77419 MiB, 100 %, 281.28 W, 1980 MHz, 16 %, 70
2026/10/10 14:00:37.360, 0, 77419 MiB, 100 %, 251.08 W, 1980 MHz, 15 %, 35
2026/10/10 14:00:37.360, 1, 77419 MiB, 100 %, 268.89 W, 1980 MHz, 15 %, 59
2026/10/10 14:00:37.360, 2, 77419 MiB, 100 %, 252.57 W, 1980 MHz, 15 %, 39
2026/10/10 14:00:37.360, 3, 77419 MiB, 100 %, 247.40 W, 1980 MHz, 15 %, 33
2026/10/10 14:00:37.360, 4, 77419 MiB, 100 %, 243.16 W, 1980 MHz, 15 %, 34
2026/10/10 14:00:37.360, 5, 77419 MiB, 100 %, 254.59 W, 1980 MHz, 16 %, 38
2026/10/10 14:00:37.360, 6, 77419 MiB, 100 %, 241.92 W, 1980 MHz, 15 %, 36
2026/10/10 14:00:37.360, 7, 77419 MiB, 100 %, 281.33 W, 1980 MHz, 16 %, 70
2026/10/10 14:00:38.361, 0, 77419 MiB, 100 %, 252.16 W, 1980 MHz, 15 %, 35
2026/10/10 14:00:38.361, 1, 77419 MiB, 100 %, 269.18 W, 1980 MHz, 16 %, 59
2026/10/10 14:00:38.361, 2, 77419 MiB, 100 %, 251.81 W, 1980 MHz, 15 %, 39
2026/10/10 14:00:38.361, 3, 77419 MiB, 100 %, 247.12 W, 1980 MHz, 16 %, 33
2026/10/10 14:00:38.361, 4, 77419 MiB, 100 %, 244.91 W, 1980 MHz, 15 %, 34
2026/10/10 14:00:38.361, 5, 77419 MiB, 100 %, 252.14 W, 1980 MHz, 16 %, 38
2026/10/10 14:00:38.361, 6, 77419 MiB, 100 %, 241.67 W, 1980 MHz, 15 %, 35
2026/10/10 14:00:38.361, 7, 77419 MiB, 100 %, 281.07 W, 1980 MHz, 16 %, 70
2026/10/10 14:00:39.361, 0, 77419 MiB, 100 %, 252.56 W, 1980 MHz, 16 %, 35
2026/10/10 14:00:39.361, 1, 77419 MiB, 100 %, 269.01 W, 1980 MHz, 15 %, 59
2026/10/10 14:00:39.361, 2, 77419 MiB, 100 %, 252.88 W, 1980 MHz, 15 %, 39
2026/10/10 14:00:39.361, 3, 77419 MiB, 100 %, 247.44 W, 1980 MHz, 15 %, 33
2026/10/10 14:00:39.361, 4, 77419 MiB, 100 %, 244.42 W, 1980 MHz, 15 %, 34
2026/10/10 14:00:39.361, 5, 77419 MiB, 100 %, 252.91 W, 1980 MHz, 16 %, 38
2026/10/10 14:00:39.361, 6, 77419 MiB, 100 %, 241.30 W, 1980 MHz, 15 %, 35
2026/10/10 14:00:39.361, 7, 77419 MiB, 100 %, 281.92 W, 1980 MHz, 15 %, 70
2026/10/10 14:00:40.362, 0, 77419 MiB, 100 %, 597.76 W, 1965 MHz, 45 %, 48
2026/10/10 14:00:40.362, 1, 77419 MiB, 100 %, 615.27 W, 1860 MHz, 39 %, 69
2026/10/10 14:00:40.362, 2, 77419 MiB, 100 %, 600.09 W, 1950 MHz, 41 %, 50
2026/10/10 14:00:40.362, 3, 77419 MiB, 100 %, 614.91 W, 1875 MHz, 45 %, 47
2026/10/10 14:00:40.362, 4, 77419 MiB, 100 %, 605.93 W, 1965 MHz, 44 %, 48
2026/10/10 14:00:40.362, 5, 77419 MiB, 100 %, 612.82 W, 1965 MHz, 46 %, 51
2026/10/10 14:00:40.362, 6, 77419 MiB, 100 %, 629.11 W, 1905 MHz, 40 %, 51
2026/10/10 14:00:40.362, 7, 77419 MiB, 100 %, 629.32 W, 1695 MHz, 45 %, 82
2026/10/10 14:00:41.362, 0, 77419 MiB, 100 %, 684.46 W, 1920 MHz, 44 %, 50
2026/10/10 14:00:41.362, 1, 77419 MiB, 100 %, 685.40 W, 1890 MHz, 39 %, 70
2026/10/10 14:00:41.362, 2, 77419 MiB, 100 %, 677.78 W, 1965 MHz, 42 %, 51
2026/10/10 14:00:41.362, 3, 77419 MiB, 100 %, 692.13 W, 1935 MHz, 42 %, 49
2026/10/10 14:00:41.362, 4, 77419 MiB, 100 %, 679.25 W, 1920 MHz, 43 %, 50
2026/10/10 14:00:41.362, 5, 77419 MiB, 100 %, 689.70 W, 1965 MHz, 42 %, 54
2026/10/10 14:00:41.362, 6, 77419 MiB, 100 %, 684.55 W, 1965 MHz, 41 %, 54
2026/10/10 14:00:41.363, 7, 77419 MiB, 100 %, 676.73 W, 1740 MHz, 42 %, 82
2026/10/10 14:00:42.363, 0, 77419 MiB, 100 %, 316.17 W, 1980 MHz, 15 %, 37
2026/10/10 14:00:42.363, 1, 77419 MiB, 100 %, 331.02 W, 1980 MHz, 15 %, 60
2026/10/10 14:00:42.363, 2, 77419 MiB, 100 %, 303.18 W, 1980 MHz, 15 %, 40
2026/10/10 14:00:42.363, 3, 77419 MiB, 100 %, 296.51 W, 1980 MHz, 15 %, 36
2026/10/10 14:00:42.363, 4, 77419 MiB, 100 %, 298.38 W, 1980 MHz, 16 %, 37
2026/10/10 14:00:42.363, 5, 77419 MiB, 100 %, 292.35 W, 1980 MHz, 15 %, 41
2026/10/10 14:00:42.363, 6, 77419 MiB, 100 %, 287.15 W, 1980 MHz, 16 %, 39
2026/10/10 14:00:42.363, 7, 77419 MiB, 100 %, 310.83 W, 1980 MHz, 15 %, 72
2026/10/10 14:00:43.363, 0, 77419 MiB, 100 %, 250.19 W, 1980 MHz, 15 %, 36
2026/10/10 14:00:43.363, 1, 77419 MiB, 100 %, 270.38 W, 1980 MHz, 15 %, 59
2026/10/10 14:00:43.364, 2, 77419 MiB, 100 %, 249.44 W, 1980 MHz, 15 %, 39
2026/10/10 14:00:43.364, 3, 77419 MiB, 100 %, 251.88 W, 1980 MHz, 16 %, 35
2026/10/10 14:00:43.364, 4, 77419 MiB, 100 %, 246.92 W, 1980 MHz, 15 %, 35
2026/10/10 14:00:43.364, 5, 77419 MiB, 100 %, 250.59 W, 1980 MHz, 15 %, 39
2026/10/10 14:00:43.364, 6, 77419 MiB, 100 %, 246.10 W, 1980 MHz, 16 %, 38
2026/10/10 14:00:43.364, 7, 77419 MiB, 100 %, 279.77 W, 1980 MHz, 15 %, 71
2026/10/10 14:00:44.364, 0, 77419 MiB, 100 %, 251.13 W, 1980 MHz, 16 %, 36
2026/10/10 14:00:44.364, 1, 77419 MiB, 100 %, 268.95 W, 1980 MHz, 15 %, 59
2026/10/10 14:00:44.364, 2, 77419 MiB, 100 %, 249.15 W, 1980 MHz, 15 %, 39
2026/10/10 14:00:44.364, 3, 77419 MiB, 100 %, 251.98 W, 1980 MHz, 16 %, 34
2026/10/10 14:00:44.364, 4, 77419 MiB, 100 %, 246.19 W, 1980 MHz, 15 %, 35
2026/10/10 14:00:44.364, 5, 77419 MiB, 100 %, 250.61 W, 1980 MHz, 15 %, 39
2026/10/10 14:00:44.364, 6, 77419 MiB, 100 %, 244.92 W, 1980 MHz, 16 %, 37
2026/10/10 14:00:44.364, 7, 77419 MiB, 100 %, 280.73 W, 1980 MHz, 15 %, 71
2026/10/10 14:00:45.365, 0, 77419 MiB, 100 %, 250.16 W, 1980 MHz, 16 %, 36
2026/10/10 14:00:45.365, 1, 77419 MiB, 100 %, 269.23 W, 1980 MHz, 15 %, 59
2026/10/10 14:00:45.365, 2, 77419 MiB, 100 %, 249.14 W, 1980 MHz, 15 %, 39
2026/10/10 14:00:45.365, 3, 77419 MiB, 100 %, 252.49 W, 1980 MHz, 16 %, 34
2026/10/10 14:00:45.365, 4, 77419 MiB, 100 %, 244.76 W, 1980 MHz, 16 %, 35
2026/10/10 14:00:45.365, 5, 77419 MiB, 100 %, 250.62 W, 1980 MHz, 15 %, 39
2026/10/10 14:00:45.365, 6, 77419 MiB, 100 %, 244.58 W, 1980 MHz, 16 %, 37
2026/10/10 14:00:45.365, 7, 77419 MiB, 100 %, 278.47 W, 1980 MHz, 15 %, 71
2026/10/10 14:00:46.365, 0, 77419 MiB, 100 %, 251.23 W, 1980 MHz, 15 %, 35
2026/10/10 14:00:46.365, 1, 77419 MiB, 100 %, 268.05 W, 1980 MHz, 15 %, 59
2026/10/10 14:00:46.365, 2, 77419 MiB, 100 %, 248.14 W, 1980 MHz, 15 %, 39
2026/10/10 14:00:46.365, 3, 77419 MiB, 100 %, 249.27 W, 1980 MHz, 16 %, 34
2026/10/10 14:00:46.365, 4, 77419 MiB, 100 %, 245.22 W, 1980 MHz, 15 %, 35
2026/10/10 14:00:46.365, 5, 77419 MiB, 100 %, 251.62 W, 1980 MHz, 15 %, 39
2026/10/10 14:00:46.365, 6, 77419 MiB, 100 %, 244.60 W, 1980 MHz, 16 %, 36
2026/10/10 14:00:46.365, 7, 77419 MiB, 100 %, 279.50 W, 1980 MHz, 15 %, 71
2026/10/10 14:00:47.366, 0, 77419 MiB, 100 %, 250.29 W, 1980 MHz, 16 %, 35
2026/10/10 14:00:47.366, 1, 77419 MiB, 100 %, 269.00 W, 1980 MHz, 15 %, 59
2026/10/10 14:00:47.366, 2, 77419 MiB, 100 %, 250.53 W, 1980 MHz, 15 %, 39
2026/10/10 14:00:47.366, 3, 77419 MiB, 100 %, 250.51 W, 1980 MHz, 16 %, 34
2026/10/10 14:00:47.366, 4, 77419 MiB, 100 %, 244.13 W, 1980 MHz, 15 %, 34
2026/10/10 14:00:47.366, 5, 77419 MiB, 100 %, 251.25 W, 1980 MHz, 15 %, 38
2026/10/10 14:00:47.366, 6, 77419 MiB, 100 %, 246.10 W, 1980 MHz, 16 %, 36
2026/10/10 14:00:47.366, 7, 77419 MiB, 100 %, 281.75 W, 1980 MHz, 15 %, 71
2026/10/10 14:00:48.366, 0, 77419 MiB, 100 %, 250.08 W, 1980 MHz, 15 %, 35
2026/10/10 14:00:48.366, 1, 77419 MiB, 100 %, 270.25 W, 1980 MHz, 15 %, 59
2026/10/10 14:00:48.366, 2, 77419 MiB, 100 %, 249.96 W, 1980 MHz, 15 %, 39
2026/10/10 14:00:48.366, 3, 77419 MiB, 100 %, 251.73 W, 1980 MHz, 16 %, 34
2026/10/10 14:00:48.367, 4, 77419 MiB, 100 %, 244.77 W, 1980 MHz, 16 %, 34
2026/10/10 14:00:48.367, 5, 77419 MiB, 100 %, 249.43 W, 1980 MHz, 15 %, 38
2026/10/10 14:00:48.367, 6, 77419 MiB, 100 %, 245.07 W, 1980 MHz, 16 %, 36
2026/10/10 14:00:48.367, 7, 77419 MiB, 100 %, 278.09 W, 1980 MHz, 15 %, 71
2026/10/10 14:00:49.367, 0, 77419 MiB, 100 %, 250.84 W, 1980 MHz, 16 %, 35
2026/10/10 14:00:49.367, 1, 77419 MiB, 100 %, 268.12 W, 1980 MHz, 15 %, 59
2026/10/10 14:00:49.367, 2, 77419 MiB, 100 %, 250.68 W, 1980 MHz, 15 %, 39
2026/10/10 14:00:49.367, 3, 77419 MiB, 100 %, 250.19 W, 1980 MHz, 16 %, 34
2026/10/10 14:00:49.367, 4, 77419 MiB, 100 %, 247.24 W, 1980 MHz, 16 %, 34
2026/10/10 14:00:49.367, 5, 77419 MiB, 100 %, 249.00 W, 1980 MHz, 15 %, 38
2026/10/10 14:00:49.367, 6, 77419 MiB, 100 %, 245.23 W, 1980 MHz, 15 %, 36
2026/10/10 14:00:49.367, 7, 77419 MiB, 100 %, 278.96 W, 1980 MHz, 15 %, 70
2026/10/10 14:00:50.367, 0, 77419 MiB, 100 %, 252.97 W, 1980 MHz, 15 %, 35
2026/10/10 14:00:50.367, 1, 77419 MiB, 100 %, 267.07 W, 1980 MHz, 15 %, 59
2026/10/10 14:00:50.367, 2, 77419 MiB, 100 %, 249.60 W, 1980 MHz, 15 %, 39
2026/10/10 14:00:50.367, 3, 77419 MiB, 100 %, 250.91 W, 1980 MHz, 16 %, 34
2026/10/10 14:00:50.368, 4, 77419 MiB, 100 %, 245.41 W, 1980 MHz, 16 %, 34
2026/10/10 14:00:50.368, 5, 77419 MiB, 100 %, 248.55 W, 1980 MHz, 15 %, 38
2026/10/10 14:00:50.368, 6, 77419 MiB, 100 %, 244.76 W, 1980 MHz, 16 %, 36
2026/10/10 14:00:50.368, 7, 77419 MiB, 100 %, 279.14 W, 1980 MHz, 15 %, 70
2026/10/10 14:00:51.368, 0, 77419 MiB, 100 %, 254.13 W, 1980 MHz, 16 %, 35
2026/10/10 14:00:51.368, 1, 77419 MiB, 100 %, 268.72 W, 1980 MHz, 15 %, 59
2026/10/10 14:00:51.368, 2, 77419 MiB, 100 %, 249.87 W, 1980 MHz, 15 %, 39
2026/10/10 14:00:51.368, 3, 77419 MiB, 100 %, 251.87 W, 1980 MHz, 16 %, 34
2026/10/10 14:00:51.368, 4, 77419 MiB, 100 %, 245.26 W, 1980 MHz, 15 %, 34
2026/10/10 14:00:51.368, 5, 77419 MiB, 100 %, 249.61 W, 1980 MHz, 15 %, 38
2026/10/10 14:00:51.368, 6, 77419 MiB, 100 %, 242.60 W, 1980 MHz, 15 %, 36
2026/10/10 14:00:51.368, 7, 77419 MiB, 100 %, 279.02 W, 1980 MHz, 15 %, 70
2026/10/10 14:00:52.368, 0, 77419 MiB, 100 %, 253.43 W, 1980 MHz, 16 %, 35
2026/10/10 14:00:52.368, 1, 77419 MiB, 100 %, 268.30 W, 1980 MHz, 15 %, 59
2026/10/10 14:00:52.369, 2, 77419 MiB, 100 %, 250.24 W, 1980 MHz, 15 %, 39
2026/10/10 14:00:52.369, 3, 77419 MiB, 100 %, 250.70 W, 1980 MHz, 15 %, 34
2026/10/10 14:00:52.369, 4, 77419 MiB, 100 %, 245.90 W, 1980 MHz, 15 %, 34
2026/10/10 14:00:52.369, 5, 77419 MiB, 100 %, 248.99 W, 1980 MHz, 15 %, 38
2026/10/10 14:00:52.369, 6, 77419 MiB, 100 %, 241.69 W, 1980 MHz, 15 %, 36
2026/10/10 14:00:52.369, 7, 77419 MiB, 100 %, 278.86 W, 1980 MHz, 15 %, 70
2026/10/10 14:00:53.369, 0, 77419 MiB, 100 %, 252.19 W, 1980 MHz, 15 %, 35
2026/10/10 14:00:53.369, 1, 77419 MiB, 100 %, 268.99 W, 1980 MHz, 15 %, 59
2026/10/10 14:00:53.369, 2, 77419 MiB, 100 %, 250.90 W, 1980 MHz, 16 %, 39
2026/10/10 14:00:53.369, 3, 77419 MiB, 100 %, 252.60 W, 1980 MHz, 16 %, 33
2026/10/10 14:00:53.369, 4, 77419 MiB, 100 %, 246.66 W, 1980 MHz, 16 %, 34
2026/10/10 14:00:53.369, 5, 77419 MiB, 100 %, 250.02 W, 1980 MHz, 15 %, 38
2026/10/10 14:00:53.369, 6, 77419 MiB, 100 %, 242.42 W, 1980 MHz, 15 %, 36
2026/10/10 14:00:53.369, 7, 77419 MiB, 100 %, 279.44 W, 1980 MHz, 15 %, 70
2026/10/10 14:00:54.369, 0, 77419 MiB, 100 %, 252.77 W, 1980 MHz, 16 %, 35
2026/10/10 14:00:54.370, 1, 77419 MiB, 100 %, 266.48 W, 1980 MHz, 15 %, 59
2026/10/10 14:00:54.370, 2, 77419 MiB, 100 %, 251.26 W, 1980 MHz, 15 %, 39
2026/10/10 14:00:54.370, 3, 77419 MiB, 100 %, 252.73 W, 1980 MHz, 16 %, 33
2026/10/10 14:00:54.370, 4, 77419 MiB, 100 %, 244.57 W, 1980 MHz, 15 %, 34
2026/10/10 14:00:54.370, 5, 77419 MiB, 100 %, 249.84 W, 1980 MHz, 15 %, 38
2026/10/10 14:00:54.370, 6, 77419 MiB, 100 %, 241.96 W, 1980 MHz, 15 %, 36
2026/10/10 14:00:54.370, 7, 77419 MiB, 100 %, 279.07 W, 1980 MHz, 15 %, 70
2026/10/10 14:00:55.370, 0, 77419 MiB, 100 %, 252.79 W, 1980 MHz, 16 %, 35
2026/10/10 14:00:55.370, 1, 77419 MiB, 100 %, 268.73 W, 1980 MHz, 15 %, 59
2026/10/10 14:00:55.370, 2, 77419 MiB, 100 %, 252.36 W, 1980 MHz, 15 %, 39
2026/10/10 14:00:55.370, 3, 77419 MiB, 100 %, 250.87 W, 1980 MHz, 15 %, 33
2026/10/10 14:00:55.370, 4, 77419 MiB, 100 %, 245.49 W, 1980 MHz, 15 %, 34
2026/10/10 14:00:55.370, 5, 77419 MiB, 100 %, 249.03 W, 1980 MHz, 15 %, 38
2026/10/10 14:00:55.370, 6, 77419 MiB, 100 %, 242.34 W, 1980 MHz, 15 %, 36
2026/10/10 14:00:55.370, 7, 77419 MiB, 100 %, 278.31 W, 1980 MHz, 15 %, 70
2026/10/10 14:00:56.371, 0, 77419 MiB, 100 %, 253.46 W, 1980 MHz, 15 %, 35
2026/10/10 14:00:56.371, 1, 77419 MiB, 100 %, 268.05 W, 1980 MHz, 15 %, 59
2026/10/10 14:00:56.371, 2, 77419 MiB, 100 %, 252.67 W, 1980 MHz, 16 %, 39
2026/10/10 14:00:56.371, 3, 77419 MiB, 100 %, 249.99 W, 1980 MHz, 16 %, 33
2026/10/10 14:00:56.371, 4, 77419 MiB, 100 %, 245.97 W, 1980 MHz, 15 %, 34
2026/10/10 14:00:56.371, 5, 77419 MiB, 100 %, 249.35 W, 1980 MHz, 15 %, 38
2026/10/10 14:00:56.371, 6, 77419 MiB, 100 %, 242.07 W, 1980 MHz, 15 %, 36
2026/10/10 14:00:56.371, 7, 77419 MiB, 100 %, 278.76 W, 1980 MHz, 15 %, 70
2026/10/10 14:00:57.371, 0, 77419 MiB, 100 %, 251.33 W, 1980 MHz, 15 %, 35
2026/10/10 14:00:57.371, 1, 77419 MiB, 100 %, 269.03 W, 1980 MHz, 15 %, 59
2026/10/10 14:00:57.371, 2, 77419 MiB, 100 %, 250.96 W, 1980 MHz, 15 %, 39
2026/10/10 14:00:57.371, 3, 77419 MiB, 100 %, 250.67 W, 1980 MHz, 16 %, 33
2026/10/10 14:00:57.371, 4, 77419 MiB, 100 %, 246.42 W, 1980 MHz, 16 %, 34
2026/10/10 14:00:57.371, 5, 77419 MiB, 100 %, 249.39 W, 1980 MHz, 15 %, 38
2026/10/10 14:00:57.371, 6, 77419 MiB, 100 %, 242.30 W, 1980 MHz, 15 %, 36
2026/10/10 14:00:57.372, 7, 77419 MiB, 100 %, 280.20 W, 1980 MHz, 16 %, 70
2026/10/10 14:00:58.372, 0, 77419 MiB, 100 %, 253.24 W, 1980 MHz, 16 %, 35
2026/10/10 14:00:58.372, 1, 77419 MiB, 100 %, 269.84 W, 1980 MHz, 15 %, 59
2026/10/10 14:00:58.372, 2, 77419 MiB, 100 %, 252.30 W, 1980 MHz, 15 %, 39
2026/10/10 14:00:58.372, 3, 77419 MiB, 100 %, 251.10 W, 1980 MHz, 16 %, 33
2026/10/10 14:00:58.372, 4, 77419 MiB, 100 %, 244.71 W, 1980 MHz, 15 %, 34
2026/10/10 14:00:58.372, 5, 77419 MiB, 100 %, 249.45 W, 1980 MHz, 15 %, 38
2026/10/10 14:00:58.372, 6, 77419 MiB, 100 %, 242.26 W, 1980 MHz, 16 %, 36
2026/10/10 14:00:58.372, 7, 77419 MiB, 100 %, 279.46 W, 1980 MHz, 15 %, 70
2026/10/10 14:00:59.372, 0, 77419 MiB, 100 %, 252.42 W, 1980 MHz, 16 %, 35
2026/10/10 14:00:59.372, 1, 77419 MiB, 100 %, 267.83 W, 1980 MHz, 15 %, 59
2026/10/10 14:00:59.372, 2, 77419 MiB, 100 %, 252.41 W, 1980 MHz, 15 %, 39
2026/10/10 14:00:59.372, 3, 77419 MiB, 100 %, 251.72 W, 1980 MHz, 16 %, 33
2026/10/10 14:00:59.372, 4, 77419 MiB, 100 %, 244.16 W, 1980 MHz, 15 %, 34
2026/10/10 14:00:59.372, 5, 77419 MiB, 100 %, 249.59 W, 1980 MHz, 15 %, 38
2026/10/10 14:00:59.373, 6, 77419 MiB, 100 %, 241.64 W, 1980 MHz, 15 %, 35
2026/10/10 14:00:59.373, 7, 77419 MiB, 100 %, 278.89 W, 1980 MHz, 15 %, 70
2026/10/10 14:01:00.373, 0, 77419 MiB, 100 %, 324.35 W, 1890 MHz, 45 %, 44
2026/10/10 14:01:00.373, 1, 77419 MiB, 100 %, 349.98 W, 1875 MHz, 45 %, 67
2026/10/10 14:01:00.373, 2, 77419 MiB, 100 %, 333.06 W, 1965 MHz, 45 %, 47
2026/10/10 14:01:00.373, 3, 77419 MiB, 100 %, 339.45 W, 1935 MHz, 39 %, 42
2026/10/10 14:01:00.373, 4, 77419 MiB, 100 %, 336.46 W, 1965 MHz, 43 %, 42
2026/10/10 14:01:00.373, 5, 77419 MiB, 100 %, 338.67 W, 1965 MHz, 45 %, 45
2026/10/10 14:01:00.373, 6, 77419 MiB, 100 %, 337.14 W, 1965 MHz, 46 %, 46
2026/10/10 14:01:00.373, 7, 77419 MiB, 100 %, 369.51 W, 1965 MHz, 45 %, 79
2026/10/10 14:01:01.373, 0, 77419 MiB, 100 %, 688.25 W, 1890 MHz, 43 %, 49
2026/10/10 14:01:01.373, 1, 77419 MiB, 100 %, 682.99 W, 1905 MHz, 44 %, 69
2026/10/10 14:01:01.373, 2, 77419 MiB, 100 %, 673.42 W, 1935 MHz, 44 %, 48
2026/10/10 14:01:01.373, 3, 77419 MiB, 100 %, 682.35 W, 1950 MHz, 38 %, 47
2026/10/10 14:01:01.373, 4, 77419 MiB, 100 %, 678.38 W, 1965 MHz, 37 %, 49
2026/10/10 14:01:01.374, 5, 77419 MiB, 100 %, 679.68 W, 1965 MHz, 39 %, 52
2026/10/10 14:01:01.374, 6, 77419 MiB, 100 %, 689.25 W, 1965 MHz, 44 %, 50
2026/10/10 14:01:01.374, 7, 77419 MiB, 100 %, 687.06 W, 1935 MHz, 39 %, 82
2026/10/10 14:01:02.374, 0, 77419 MiB, 100 %, 582.88 W, 1965 MHz, 15 %, 40
2026/10/10 14:01:02.374, 1, 77419 MiB, 100 %, 584.22 W, 1965 MHz, 15 %, 61
2026/10/10 14:01:02.374, 2, 77419 MiB, 100 %, 564.88 W, 1980 MHz, 15 %, 42
2026/10/10 14:01:02.374, 3, 77419 MiB, 100 %, 568.65 W, 1965 MHz, 15 %, 39
2026/10/10 14:01:02.374, 4, 77419 MiB, 100 %, 554.47 W, 1980 MHz, 16 %, 40
2026/10/10 14:01:02.374, 5, 77419 MiB, 100 %, 555.95 W, 1980 MHz, 15 %, 44
2026/10/10 14:01:02.374, 6, 77419 MiB, 100 %, 562.14 W, 1980 MHz, 15 %, 43
2026/10/10 14:01:02.375, 7, 77419 MiB, 100 %, 569.11 W, 1965 MHz, 15 %, 74
2026/10/10 14:01:03.375, 0, 77419 MiB, 100 %, 255.08 W, 1980 MHz, 16 %, 37
2026/10/10 14:01:03.375, 1, 77419 MiB, 100 %, 265.48 W, 1980 MHz, 15 %, 59
2026/10/10 14:01:03.375, 2, 77419 MiB, 100 %, 249.65 W, 1980 MHz, 15 %, 40
2026/10/10 14:01:03.375, 3, 77419 MiB, 100 %, 249.15 W, 1980 MHz, 15 %, 35
2026/10/10 14:01:03.375, 4, 77419 MiB, 100 %, 248.69 W, 1980 MHz, 16 %, 36
2026/10/10 14:01:03.375, 5, 77419 MiB, 100 %, 254.09 W, 1980 MHz, 16 %, 40
2026/10/10 14:01:03.375, 6, 77419 MiB, 100 %, 245.71 W, 1980 MHz, 16 %, 38
2026/10/10 14:01:03.375, 7, 77419 MiB, 100 %, 279.25 W, 1980 MHz, 15 %, 71
2026/10/10 14:01:04.375, 0, 77419 MiB, 100 %, 255.21 W, 1980 MHz, 16 %, 36
2026/10/10 14:01:04.375, 1, 77419 MiB, 100 %, 263.84 W, 1980 MHz, 15 %, 59
2026/10/10 14:01:04.375, 2, 77419 MiB, 100 %, 250.26 W, 1980 MHz, 15 %, 39
2026/10/10 14:01:04.376, 3, 77419 MiB, 100 %, 246.13 W, 1980 MHz, 15 %, 34
2026/10/10 14:01:04.376, 4, 77419 MiB, 100 %, 248.34 W, 1980 MHz, 16 %, 35
2026/10/10 14:01:04.376, 5, 77419 MiB, 100 %, 251.95 W, 1980 MHz, 15 %, 39
2026/10/10 14:01:04.376, 6, 77419 MiB, 100 %, 244.90 W, 1980 MHz, 16 %, 37
2026/10/10 14:01:04.376, 7, 77419 MiB, 100 %, 278.86 W, 1980 MHz, 15 %, 71
2026/10/10 14:01:05.376, 0, 77419 MiB, 100 %, 253.03 W, 1980 MHz, 16 %, 36
2026/10/10 14:01:05.376, 1, 77419 MiB, 100 %, 264.91 W, 1980 MHz, 15 %, 59
2026/10/10 14:01:05.376, 2, 77419 MiB, 100 %, 249.56 W, 1980 MHz, 15 %, 39
2026/10/10 14:01:05.376, 3, 77419 MiB, 100 %, 250.15 W, 1980 MHz, 15 %, 34
2026/10/10 14:01:05.376, 4, 77419 MiB, 100 %, 247.24 W, 1980 MHz, 16 %, 35
2026/10/10 14:01:05.376, 5, 77419 MiB, 100 %, 250.51 W, 1980 MHz, 15 %, 39
2026/10/10 14:01:05.376, 6, 77419 MiB, 100 %, 245.07 W, 1980 MHz, 16 %, 37
2026/10/10 14:01:05.376, 7, 77419 MiB, 100 %, 278.10 W, 1980 MHz, 15 %, 71
2026/10/10 14:01:06.376, 0, 77419 MiB, 100 %, 253.35 W, 1980 MHz, 15 %, 36
2026/10/10 14:01:06.377, 1, 77419 MiB, 100 %, 263.21 W, 1980 MHz, 15 %, 59
2026/10/10 14:01:06.377, 2, 77419 MiB, 100 %, 250.24 W, 1980 MHz, 16 %, 39
2026/10/10 14:01:06.377, 3, 77419 MiB, 100 %, 250.03 W, 1980 MHz, 15 %, 34
2026/10/10 14:01:06.377, 4, 77419 MiB, 100 %, 247.81 W, 1980 MHz, 16 %, 35
2026/10/10 14:01:06.377, 5, 77419 MiB, 100 %, 250.62 W, 1980 MHz, 15 %, 39
2026/10/10 14:01:06.377, 6, 77419 MiB, 100 %, 245.46 W, 1980 MHz, 16 %, 36
2026/10/10 14:01:06.377, 7, 77419 MiB, 100 %, 278.18 W, 1980 MHz, 15 %, 71
2026/10/10 14:01:07.377, 0, 77419 MiB, 100 %, 251.97 W, 1980 MHz, 15 %, 36
2026/10/10 14:01:07.377, 1, 77419 MiB, 100 %, 265.77 W, 1980 MHz, 15 %, 59
2026/10/10 14:01:07.377, 2, 77419 MiB, 100 %, 249.95 W, 1980 MHz, 15 %, 39
2026/10/10 14:01:07.377, 3, 77419 MiB, 100 %, 245.86 W, 1980 MHz, 15 %, 34
2026/10/10 14:01:07.377, 4, 77419 MiB, 100 %, 249.32 W, 1980 MHz, 16 %, 35
2026/10/10 14:01:07.377, 5, 77419 MiB, 100 %, 250.98 W, 1980 MHz, 16 %, 39
2026/10/10 14:01:07.377, 6, 77419 MiB, 100 %, 243.74 W, 1980 MHz, 16 %, 36
2026/10/10 14:01:07.378, 7, 77419 MiB, 100 %, 278.24 W, 1980 MHz, 15 %, 71
2026/10/10 14:01:08.378, 0, 77419 MiB, 100 %, 252.43 W, 1980 MHz, 15 %, 35
2026/10/10 14:01:08.378, 1, 77419 MiB, 100 %, 266.26 W, 1980 MHz, 15 %, 59
2026/10/10 14:01:08.378, 2, 77419 MiB, 100 %, 248.68 W, 1980 MHz, 15 %, 39
2026/10/10 14:01:08.378, 3, 77419 MiB, 100 %, 246.73 W, 1980 MHz, 15 %, 34
2026/10/10 14:01:08.378, 4, 77419 MiB, 100 %, 245.68 W, 1980 MHz, 16 %, 34
2026/10/10 14:01:08.378, 5, 77419 MiB, 100 %, 253.59 W, 1980 MHz, 16 %, 38
2026/10/10 14:01:08.378, 6, 77419 MiB, 100 %, 244.61 W, 1980 MHz, 16 %, 36
2026/10/10 14:01:08.378, 7, 77419 MiB, 100 %, 277.80 W, 1980 MHz, 15 %, 70
2026/10/10 14:01:09.378, 0, 77419 MiB, 100 %, 250.95 W, 1980 MHz, 15 %, 35
2026/10/10 14:01:09.378, 1, 77419 MiB, 100 %, 265.66 W, 1980 MHz, 15 %, 59
2026/10/10 14:01:09.378, 2, 77419 MiB, 100 %, 249.65 W, 1980 MHz, 15 %, 39
2026/10/10 14:01:09.378, 3, 77419 MiB, 100 %, 248.80 W, 1980 MHz, 15 %, 34
2026/10/10 14:01:09.378, 4, 77419 MiB, 100 %, 248.24 W, 1980 MHz, 16 %, 34
2026/10/10 14:01:09.379, 5, 77419 MiB, 100 %, 252.53 W, 1980 MHz, 16 %, 38
2026/10/10 14:01:09.379, 6, 77419 MiB, 100 %, 243.20 W, 1980 MHz, 15 %, 36
2026/10/10 14:01:09.379, 7, 77419 MiB, 100 %, 279.05 W, 1980 MHz, 15 %, 70
2026/10/10 14:01:10.379, 0, 77419 MiB, 100 %, 251.17 W, 1980 MHz, 15 %, 35
2026/10/10 14:01:10.379, 1, 77419 MiB, 100 %, 264.91 W, 1980 MHz, 15 %, 59
2026/10/10 14:01:10.379, 2, 77419 MiB, 100 %, 248.62 W, 1980 MHz, 15 %, 39
2026/10/10 14:01:10.379, 3, 77419 MiB, 100 %, 247.08 W, 1980 MHz, 15 %, 34
2026/10/10 14:01:10.379, 4, 77419 MiB, 100 %, 247.55 W, 1980 MHz, 16 %, 34
2026/10/10 14:01:10.379, 5, 77419 MiB, 100 %, 252.16 W, 1980 MHz, 16 %, 38
2026/10/10 14:01:10.379, 6, 77419 MiB, 100 %, 244.02 W, 1980 MHz, 16 %, 36
2026/10/10 14:01:10.379, 7, 77419 MiB, 100 %, 278.25 W, 1980 MHz, 15 %, 70
2026/10/10 14:01:11.379, 0, 77419 MiB, 100 %, 251.97 W, 1980 MHz, 16 %, 35
2026/10/10 14:01:11.379, 1, 77419 MiB, 100 %, 265.52 W, 1980 MHz, 15 %, 59
2026/10/10 14:01:11.379, 2, 77419 MiB, 100 %, 248.06 W, 1980 MHz, 15 %, 39
2026/10/10 14:01:11.379, 3, 77419 MiB, 100 %, 247.15 W, 1980 MHz, 15 %, 33
2026/10/10 14:01:11.379, 4, 77419 MiB, 100 %, 249.34 W, 1980 MHz, 16 %, 34
2026/10/10 14:01:11.380, 5, 77419 MiB, 100 %, 251.55 W, 1980 MHz, 15 %, 38
2026/10/10 14:01:11.380, 6, 77419 MiB, 100 %, 243.23 W, 1980 MHz, 16 %, 36
2026/10/10 14:01:11.380, 7, 77419 MiB, 100 %, 279.51 W, 1980 MHz, 15 %, 70
2026/10/10 14:01:12.380, 0, 77419 MiB, 100 %, 253.92 W, 1980 MHz, 16 %, 35
2026/10/10 14:01:12.380, 1, 77419 MiB, 100 %, 264.48 W, 1980 MHz, 15 %, 59
2026/10/10 14:01:12.380, 2, 77419 MiB, 100 %, 249.80 W, 1980 MHz, 15 %, 39
2026/10/10 14:01:12.380, 3, 77419 MiB, 100 %, 248.17 W, 1980 MHz, 15 %, 33
2026/10/10 14:01:12.380, 4, 77419 MiB, 100 %, 248.46 W, 1980 MHz, 16 %, 34
2026/10/10 14:01:12.380, 5, 77419 MiB, 100 %, 251.82 W, 1980 MHz, 16 %, 38
2026/10/10 14:01:12.380, 6, 77419 MiB, 100 %, 242.58 W, 1980 MHz, 15 %, 36
2026/10/10 14:01:12.380, 7, 77419 MiB, 100 %, 276.92 W, 1980 MHz, 15 %, 70
2026/10/10 14:01:13.380, 0, 77419 MiB, 100 %, 252.02 W, 1980 MHz, 15 %, 35
2026/10/10 14:01:13.380, 1, 77419 MiB, 100 %, 265.56 W, 1980 MHz, 15 %, 59
2026/10/10 14:01:13.380, 2, 77419 MiB, 100 %, 248.95 W, 1980 MHz, 15 %, 39
2026/10/10 14:01:13.380, 3, 77419 MiB, 100 %, 249.45 W, 1980 MHz, 15 %, 33
2026/10/10 14:01:13.380, 4, 77419 MiB, 100 %, 248.23 W, 1980 MHz, 16 %, 34
2026/10/10 14:01:13.381, 5, 77419 MiB, 100 %, 251.20 W, 1980 MHz, 16 %, 38
2026/10/10 14:01:13.381, 6, 77419 MiB, 100 %, 242.82 W, 1980 MHz, 16 %, 36
2026/10/10 14:01:13.381, 7, 77419 MiB, 100 %, 278.30 W, 1980 MHz, 15 %, 70
2026/10/10 14:01:14.381, 0, 77419 MiB, 100 %, 252.09 W, 1980 MHz, 15 %, 35
2026/10/10 14:01:14.381, 1, 77419 MiB, 100 %, 264.68 W, 1980 MHz, 15 %, 59
2026/10/10 14:01:14.381, 2, 77419 MiB, 100 %, 249.50 W, 1980 MHz, 15 %, 39
2026/10/10 14:01:14.381, 3, 77419 MiB, 100 %, 247.10 W, 1980 MHz, 15 %, 33
2026/10/10 14:01:14.381, 4, 77419 MiB, 100 %, 247.67 W, 1980 MHz, 16 %, 34
2026/10/10 14:01:14.381, 5, 77419 MiB, 100 %, 252.00 W, 1980 MHz, 15 %, 38
2026/10/10 14:01:14.381, 6, 77419 MiB, 100 %, 241.95 W, 1980 MHz, 16 %, 36
2026/10/10 14:01:14.381, 7, 77419 MiB, 100 %, 278.15 W, 1980 MHz, 15 %, 70
2026/10/10 14:01:15.381, 0, 77419 MiB, 100 %, 250.82 W, 1980 MHz, 15 %, 35
2026/10/10 14:01:15.381, 1, 77419 MiB, 100 %, 267.69 W, 1980 MHz, 15 %, 59
2026/10/10 14:01:15.381, 2, 77419 MiB, 100 %, 248.90 W, 1980 MHz, 16 %, 39
2026/10/10 14:01:15.381, 3, 77419 MiB, 100 %, 248.40 W, 1980 MHz, 15 %, 33
2026/10/10 14:01:15.381, 4, 77419 MiB, 100 %, 246.62 W, 1980 MHz, 16 %, 34
2026/10/10 14:01:15.381, 5, 77419 MiB, 100 %, 251.53 W, 1980 MHz, 16 %, 38
2026/10/10 14:01:15.382, 6, 77419 MiB, 100 %, 242.21 W, 1980 MHz, 15 %, 36
2026/10/10 14:01:15.382, 7, 77419 MiB, 100 %, 278.44 W, 1980 MHz, 15 %, 70
2026/10/10 14:01:16.382, 0, 77419 MiB, 100 %, 251.49 W, 1980 MHz, 16 %, 35
2026/10/10 14:01:16.382, 1, 77419 MiB, 100 %, 267.74 W, 1980 MHz, 15 %, 59
2026/10/10 14:01:16.382, 2, 77419 MiB, 100 %, 247.35 W, 1980 MHz, 15 %, 39
2026/10/10 14:01:16.382, 3, 77419 MiB, 100 %, 246.49 W, 1980 MHz, 15 %, 33
2026/10/10 14:01:16.382, 4, 77419 MiB, 100 %, 246.98 W, 1980 MHz, 16 %, 34
2026/10/10 14:01:16.382, 5, 77419 MiB, 100 %, 253.47 W, 1980 MHz, 16 %, 38
2026/10/10 14:01:16.382, 6, 77419 MiB, 100 %, 243.53 W, 1980 MHz, 15 %, 36
2026/10/10 14:01:16.382, 7, 77419 MiB, 100 %, 278.19 W, 1980 MHz, 15 %, 70
2026/10/10 14:01:17.382, 0, 77419 MiB, 100 %, 252.55 W, 1980 MHz, 16 %, 35
2026/10/10 14:01:17.382, 1, 77419 MiB, 100 %, 267.82 W, 1980 MHz, 15 %, 59
2026/10/10 14:01:17.382, 2, 77419 MiB, 100 %, 250.71 W, 1980 MHz, 16 %, 39
2026/10/10 14:01:17.382, 3, 77419 MiB, 100 %, 245.70 W, 1980 MHz, 15 %, 33
2026/10/10 14:01:17.382, 4, 77419 MiB, 100 %, 245.60 W, 1980 MHz, 15 %, 34
2026/10/10 14:01:17.383, 5, 77419 MiB, 100 %, 251.77 W, 1980 MHz, 16 %, 38
2026/10/10 14:01:17.383, 6, 77419 MiB, 100 %, 243.63 W, 1980 MHz, 15 %, 36
2026/10/10 14:01:17.383, 7, 77419 MiB, 100 %, 278.68 W, 1980 MHz, 15 %, 70
2026/10/10 14:01:18.383, 0, 77419 MiB, 100 %, 252.84 W, 1980 MHz, 15 %, 35
2026/10/10 14:01:18.383, 1, 77419 MiB, 100 %, 268.50 W, 1980 MHz, 15 %, 59
2026/10/10 14:01:18.383, 2, 77419 MiB, 100 %, 248.77 W, 1980 MHz, 15 %, 39
2026/10/10 14:01:18.383, 3, 77419 MiB, 100 %, 246.25 W, 1980 MHz, 15 %, 33
2026/10/10 14:01:18.383, 4, 77419 MiB, 100 %, 248.43 W, 1980 MHz, 16 %, 34
2026/10/10 14:01:18.383, 5, 77419 MiB, 100 %, 252.60 W, 1980 MHz, 16 %, 38
2026/10/10 14:01:18.383, 6, 77419 MiB, 100 %, 241.88 W, 1980 MHz, 15 %, 35
2026/10/10 14:01:18.383, 7, 77419 MiB, 100 %, 279.47 W, 1980 MHz, 16 %, 70
2026/10/10 14:01:19.383, 0, 77419 MiB, 100 %, 253.79 W, 1980 MHz, 16 %, 35
2026/10/10 14:01:19.383, 1, 77419 MiB, 100 %, 269.17 W, 1980 MHz, 15 %, 59
2026/10/10 14:01:19.384, 2, 77419 MiB, 100 %, 250.79 W, 1980 MHz, 16 %, 39
2026/10/10 14:01:19.384, 3, 77419 MiB, 100 %, 247.52 W, 1980 MHz, 15 %, 33
2026/10/10 14:01:19.384, 4, 77419 MiB, 100 %, 246.49 W, 1980 MHz, 16 %, 34
2026/10/10 14:01:19.384, 5, 77419 MiB, 100 %, 251.36 W, 1980 MHz, 15 %, 38
2026/10/10 14:01:19.384, 6, 77419 MiB, 100 %, 240.32 W, 1980 MHz, 15 %, 35
2026/10/10 14:01:19.384, 7, 77419 MiB, 100 %, 277.59 W, 1980 MHz, 15 %, 70
2026/10/10 14:01:20.384, 0, 77419 MiB, 100 %, 253.51 W, 1980 MHz, 16 %, 35
2026/10/10 14:01:20.384, 1, 77419 MiB, 100 %, 269.65 W, 1980 MHz, 15 %, 59
2026/10/10 14:01:20.384, 2, 77419 MiB, 100 %, 254.04 W, 1980 MHz, 15 %, 39
2026/10/10 14:01:20.384, 3, 77419 MiB, 100 %, 246.59 W, 1980 MHz, 16 %, 33
2026/10/10 14:01:20.384, 4, 77419 MiB, 100 %, 246.43 W, 1980 MHz, 16 %, 34
2026/10/10 14:01:20.384, 5, 77419 MiB, 100 %, 251.02 W, 1980 MHz, 15 %, 38
2026/10/10 14:01:20.384, 6, 77419 MiB, 100 %, 240.97 W, 1980 MHz, 16 %, 35
2026/10/10 14:01:20.384, 7, 77419 MiB, 100 %, 277.31 W, 1980 MHz, 15 %, 70
2026/10/10 14:01:21.385, 0, 77419 MiB, 100 %, 475.77 W, 1950 MHz, 40 %, 46
2026/10/10 14:01:21.385, 1, 77419 MiB, 100 %, 499.07 W, 1875 MHz, 40 %, 69
2026/10/10 14:01:21.385, 2, 77419 MiB, 100 %, 474.04 W, 1965 MHz, 40 %, 50
2026/10/10 14:01:21.385, 3, 77419 MiB, 100 %, 485.75 W, 1905 MHz, 46 %, 45
2026/10/10 14:01:21.385, 4, 77419 MiB, 100 %, 481.98 W, 1965 MHz, 42 %, 47
2026/10/10 14:01:21.385, 5, 77419 MiB, 100 %, 490.97 W, 1920 MHz, 40 %, 50
2026/10/10 14:01:21.385, 6, 77419 MiB, 100 %, 497.10 W, 1950 MHz, 39 %, 49
2026/10/10 14:01:21.385, 7, 77419 MiB, 100 %, 512.74 W, 1860 MHz, 41 %, 81
2026/10/10 14:01:22.385, 0, 77419 MiB, 100 %, 689.32 W, 1950 MHz, 39 %, 47
2026/10/10 14:01:22.385, 1, 77419 MiB, 100 %, 682.95 W, 1875 MHz, 38 %, 70
2026/10/10 14:01:22.385, 2, 77419 MiB, 100 %, 681.41 W, 1965 MHz, 38 %, 50
2026/10/10 14:01:22.385, 3, 77419 MiB, 100 %, 686.69 W, 1890 MHz, 44 %, 48
2026/10/10 14:01:22.385, 4, 77419 MiB, 100 %, 682.78 W, 1965 MHz, 45 %, 50
2026/10/10 14:01:22.386, 5, 77419 MiB, 100 %, 680.95 W, 1950 MHz, 42 %, 53
2026/10/10 14:01:22.386, 6, 77419 MiB, 100 %, 688.28 W, 1905 MHz, 38 %, 53
2026/10/10 14:01:22.386, 7, 77419 MiB, 100 %, 688.52 W, 1755 MHz, 45 %, 83
2026/10/10 14:01:23.386, 0, 77419 MiB, 100 %, 445.92 W, 1980 MHz, 16 %, 38
2026/10/10 14:01:23.386, 1, 77419 MiB, 100 %, 444.38 W, 1980 MHz, 15 %, 60
2026/10/10 14:01:23.386, 2, 77419 MiB, 100 %, 422.50 W, 1980 MHz, 15 %, 40
2026/10/10 14:01:23.386, 3, 77419 MiB, 100 %, 419.40 W, 1980 MHz, 16 %, 37
2026/10/10 14:01:23.386, 4, 77419 MiB, 100 %, 414.49 W, 1980 MHz, 15 %, 37
2026/10/10 14:01:23.386, 5, 77419 MiB, 100 %, 413.14 W, 1980 MHz, 15 %, 42
2026/10/10 14:01:23.386, 6, 77419 MiB, 100 %, 412.06 W, 1980 MHz, 16 %, 40
2026/10/10 14:01:23.386, 7, 77419 MiB, 100 %, 406.03 W, 1980 MHz, 16 %, 72
2026/10/10 14:01:24.386, 0, 77419 MiB, 100 %, 252.07 W, 1980 MHz, 16 %, 36
2026/10/10 14:01:24.386, 1, 77419 MiB, 100 %, 270.40 W, 1980 MHz, 15 %, 59
2026/10/10 14:01:24.387, 2, 77419 MiB, 100 %, 253.26 W, 1980 MHz, 15 %, 40
2026/10/10 14:01:24.387, 3, 77419 MiB, 100 %, 252.29 W, 1980 MHz, 15 %, 35
2026/10/10 14:01:24.387, 4, 77419 MiB, 100 %, 241.32 W, 1980 MHz, 15 %, 35
2026/10/10 14:01:24.387, 5, 77419 MiB, 100 %, 252.54 W, 1980 MHz, 16 %, 40
2026/10/10 14:01:24.387, 6, 77419 MiB, 100 %, 243.56 W, 1980 MHz, 15 %, 38
2026/10/10 14:01:24.387, 7, 77419 MiB, 100 %, 283.63 W, 1980 MHz, 16 %, 71
2026/10/10 14:01:25.387, 0, 77419 MiB, 100 %, 251.77 W, 1980 MHz, 16 %, 36
2026/10/10 14:01:25.387, 1, 77419 MiB, 100 %, 269.76 W, 1980 MHz, 15 %, 59
2026/10/10 14:01:25.387, 2, 77419 MiB, 100 %, 251.06 W, 1980 MHz, 15 %, 39
2026/10/10 14:01:25.387, 3, 77419 MiB, 100 %, 251.41 W, 1980 MHz, 16 %, 34
2026/10/10 14:01:25.387, 4, 77419 MiB, 100 %, 241.27 W, 1980 MHz, 15 %, 35
2026/10/10 14:01:25.387, 5, 77419 MiB, 100 %, 252.07 W, 1980 MHz, 15 %, 39
2026/10/10 14:01:25.387, 6, 77419 MiB, 100 %, 243.61 W, 1980 MHz, 15 %, 37
2026/10/10 14:01:25.387, 7, 77419 MiB, 100 %, 281.55 W, 1980 MHz, 16 %, 71
2026/10/10 14:01:26.387, 0, 77419 MiB, 100 %, 251.74 W, 1980 MHz, 15 %, 36
2026/10/10 14:01:26.388, 1, 77419 MiB, 100 %, 268.62 W, 1980 MHz, 16 %, 59
2026/10/10 14:01:26.388, 2, 77419 MiB, 100 %, 251.22 W, 1980 MHz, 15 %, 39
2026/10/10 14:01:26.388, 3, 77419 MiB, 100 %, 250.10 W, 1980 MHz, 15 %, 34
2026/10/10 14:01:26.388, 4, 77419 MiB, 100 %, 241.21 W, 1980 MHz, 16 %, 35
2026/10/10 14:01:26.388, 5, 77419 MiB, 100 %, 250.28 W, 1980 MHz, 15 %, 39
2026/10/10 14:01:26.388, 6, 77419 MiB, 100 %, 242.98 W, 1980 MHz, 15 %, 37
2026/10/10 14:01:26.388, 7, 77419 MiB, 100 %, 282.85 W, 1980 MHz, 16 %, 71
2026/10/10 14:01:27.388, 0, 77419 MiB, 100 %, 249.88 W, 1980 MHz, 16 %, 35
2026/10/10 14:01:27.388, 1, 77419 MiB, 100 %, 267.59 W, 1980 MHz, 15 %, 59
2026/10/10 14:01:27.388, 2, 77419 MiB, 100 %, 250.92 W, 1980 MHz, 15 %, 39
2026/10/10 14:01:27.388, 3, 77419 MiB, 100 %, 250.46 W, 1980 MHz, 15 %, 34
2026/10/10 14:01:27.388, 4, 77419 MiB, 100 %, 242.74 W, 1980 MHz, 15 %, 34
2026/10/10 14:01:27.388, 5, 77419 MiB, 100 %, 251.67 W, 1980 MHz, 15 %, 39
2026/10/10 14:01:27.388, 6, 77419 MiB, 100 %, 244.87 W, 1980 MHz, 16 %, 36
2026/10/10 14:01:27.389, 7, 77419 MiB, 100 %, 283.30 W, 1980 MHz, 16 %, 71
2026/10/10 14:01:28.389, 0, 77419 MiB, 100 %, 250.93 W, 1980 MHz, 16 %, 35
2026/10/10 14:01:28.389, 1, 77419 MiB, 100 %, 267.21 W, 1980 MHz, 15 %, 59
2026/10/10 14:01:28.389, 2, 77419 MiB, 100 %, 251.51 W, 1980 MHz, 15 %, 39
2026/10/10 14:01:28.389, 3, 77419 MiB, 100 %, 249.50 W, 1980 MHz, 15 %, 34
2026/10/10 14:01:28.389, 4, 77419 MiB, 100 %, 242.70 W, 1980 MHz, 15 %, 34
2026/10/10 14:01:28.389, 5, 77419 MiB, 100 %, 251.70 W, 1980 MHz, 15 %, 38
2026/10/10 14:01:28.389, 6, 77419 MiB, 100 %, 243.88 W, 1980 MHz, 15 %, 36
2026/10/10 14:01:28.389, 7, 77419 MiB, 100 %, 282.78 W, 1980 MHz, 16 %, 71
2026/10/10 14:01:29.389, 0, 77419 MiB, 100 %, 250.03 W, 1980 MHz, 16 %, 35
2026/10/10 14:01:29.389, 1, 77419 MiB, 100 %, 270.22 W, 1980 MHz, 16 %, 59
2026/10/10 14:01:29.389, 2, 77419 MiB, 100 %, 251.75 W, 1980 MHz, 15 %, 39
2026/10/10 14:01:29.389, 3, 77419 MiB, 100 %, 247.61 W, 1980 MHz, 15 %, 34
2026/10/10 14:01:29.390, 4, 77419 MiB, 100 %, 243.81 W, 1980 MHz, 16 %, 34
2026/10/10 14:01:29.390, 5, 77419 MiB, 100 %, 250.73 W, 1980 MHz, 15 %, 38
2026/10/10 14:01:29.390, 6, 77419 MiB, 100 %, 242.05 W, 1980 MHz, 16 %, 36
2026/10/10 14:01:29.390, 7, 77419 MiB, 100 %, 280.71 W, 1980 MHz, 16 %, 71
2026/10/10 14:01:30.390, 0, 77419 MiB, 100 %, 251.49 W, 1980 MHz, 15 %, 35
2026/10/10 14:01:30.390, 1, 77419 MiB, 100 %, 270.65 W, 1980 MHz, 16 %, 59
2026/10/10 14:01:30.390, 2, 77419 MiB, 100 %, 251.04 W, 1980 MHz, 15 %, 39
2026/10/10 14:01:30.390, 3, 77419 MiB, 100 %, 248.50 W, 1980 MHz, 16 %, 34
2026/10/10 14:01:30.390, 4, 77419 MiB, 100 %, 242.22 W, 1980 MHz, 15 %, 34
2026/10/10 14:01:30.390, 5, 77419 MiB, 100 %, 249.13 W, 1980 MHz, 15 %, 38
2026/10/10 14:01:30.390, 6, 77419 MiB, 100 %, 243.88 W, 1980 MHz, 16 %, 36
2026/10/10 14:01:30.390, 7, 77419 MiB, 100 %, 282.55 W, 1980 MHz, 16 %, 71
2026/10/10 14:01:31.390, 0, 77419 MiB, 100 %, 250.59 W, 1980 MHz, 16 %, 35
2026/10/10 14:01:31.391, 1, 77419 MiB, 100 %, 270.42 W, 1980 MHz, 16 %, 59
2026/10/10 14:01:31.391, 2, 77419 MiB, 100 %, 251.73 W, 1980 MHz, 15 %, 39
2026/10/10 14:01:31.391, 3, 77419 MiB, 100 %, 250.51 W, 1980 MHz, 16 %, 34
2026/10/10 14:01:31.391, 4, 77419 MiB, 100 %, 241.87 W, 1980 MHz, 15 %, 34
2026/10/10 14:01:31.391, 5, 77419 MiB, 100 %, 250.54 W, 1980 MHz, 15 %, 38
2026/10/10 14:01:31.391, 6, 77419 MiB, 100 %, 242.23 W, 1980 MHz, 15 %, 36
2026/10/10 14:01:31.391, 7, 77419 MiB, 100 %, 280.73 W, 1980 MHz, 16 %, 71
2026/10/10 14:01:32.391, 0, 77419 MiB, 100 %, 252.24 W, 1980 MHz, 16 %, 35
2026/10/10 14:01:32.391, 1, 77419 MiB, 100 %, 271.58 W, 1980 MHz, 16 %, 59
2026/10/10 14:01:32.391, 2, 77419 MiB, 100 %, 251.99 W, 1980 MHz, 15 %, 39
2026/10/10 14:01:32.391, 3, 77419 MiB, 100 %, 248.96 W, 1980 MHz, 15 %, 33
2026/10/10 14:01:32.391, 4, 77419 MiB, 100 %, 242.49 W, 1980 MHz, 15 %, 34
2026/10/10 14:01:32.391, 5, 77419 MiB, 100 %, 249.79 W, 1980 MHz, 15 %, 38
2026/10/10 14:01:32.391, 6, 77419 MiB, 100 %, 240.26 W, 1980 MHz, 15 %, 36
2026/10/10 14:01:32.391, 7, 77419 MiB, 100 %, 282.67 W, 1980 MHz, 16 %, 70
2026/10/10 14:01:33.392, 0, 77419 MiB, 100 %, 250.67 W, 1980 MHz, 15 %, 35
2026/10/10 14:01:33.392, 1, 77419 MiB, 100 %, 269.17 W, 1980 MHz, 15 %, 59
2026/10/10 14:01:33.392, 2, 77419 MiB, 100 %, 251.29 W, 1980 MHz, 15 %, 39
2026/10/10 14:01:33.392, 3, 77419 MiB, 100 %, 249.43 W, 1980 MHz, 16 %, 33
2026/10/10 14:01:33.392, 4, 77419 MiB, 100 %, 241.44 W, 1980 MHz, 15 %, 34
2026/10/10 14:01:33.392, 5, 77419 MiB, 100 %, 250.83 W, 1980 MHz, 15 %, 38
2026/10/10 14:01:33.392, 6, 77419 MiB, 100 %, 240.49 W, 1980 MHz, 15 %, 36
2026/10/10 14:01:33.392, 7, 77419 MiB, 100 %, 281.93 W, 1980 MHz, 15 %, 70
2026/10/10 14:01:34.392, 0, 77419 MiB, 100 %, 250.28 W, 1980 MHz, 16 %, 35
2026/10/10 14:01:34.392, 1, 77419 MiB, 100 %, 269.10 W, 1980 MHz, 15 %, 59
2026/10/10 14:01:34.392, 2, 77419 MiB, 100 %, 253.35 W, 1980 MHz, 15 %, 39
2026/10/10 14:01:34.392, 3, 77419 MiB, 100 %, 249.25 W, 1980 MHz, 15 %, 33
2026/10/10 14:01:34.392, 4, 77419 MiB, 100 %, 244.94 W, 1980 MHz, 15 %, 34
2026/10/10 14:01:34.393, 5, 77419 MiB, 100 %, 249.97 W, 1980 MHz, 16 %, 38
2026/10/10 14:01:34.393, 6, 77419 MiB, 100 %, 240.58 W, 1980 MHz, 15 %, 36
2026/10/10 14:01:34.393, 7, 77419 MiB, 100 %, 282.13 W, 1980 MHz, 16 %, 70
2026/10/10 14:01:35.393, 0, 77419 MiB, 100 %, 251.82 W, 1980 MHz, 16 %, 35
2026/10/10 14:01:35.393, 1, 77419 MiB, 100 %, 268.73 W, 1980 MHz, 15 %, 59
2026/10/10 14:01:35.393, 2, 77419 MiB, 100 %, 251.56 W, 1980 MHz, 15 %, 39
2026/10/10 14:01:35.393, 3, 77419 MiB, 100 %, 247.37 W, 1980 MHz, 15 %, 33
2026/10/10 14:01:35.393, 4, 77419 MiB, 100 %, 242.86 W, 1980 MHz, 15 %, 34
2026/10/10 14:01:35.393, 5, 77419 MiB, 100 %, 251.69 W, 1980 MHz, 16 %, 38
2026/10/10 14:01:35.393, 6, 77419 MiB, 100 %, 241.96 W, 1980 MHz, 16 %, 36
2026/10/10 14:01:35.393, 7, 77419 MiB, 100 %, 282.01 W, 1980 MHz, 16 %, 70
2026/10/10 14:01:36.393, 0, 77419 MiB, 100 %, 251.51 W, 1980 MHz, 16 %, 35
2026/10/10 14:01:36.393, 1, 77419 MiB, 100 %, 268.46 W, 1980 MHz, 15 %, 59
2026/10/10 14:01:36.393, 2, 77419 MiB, 100 %, 252.35 W, 1980 MHz, 15 %, 39
2026/10/10 14:01:36.394, 3, 77419 MiB, 100 %, 248.85 W, 1980 MHz, 16 %, 33
2026/10/10 14:01:36.394, 4, 77419 MiB, 100 %, 243.10 W, 1980 MHz, 15 %, 34
2026/10/10 14:01:36.394, 5, 77419 MiB, 100 %, 250.85 W, 1980 MHz, 15 %, 38
2026/10/10 14:01:36.394, 6, 77419 MiB, 100 %, 240.23 W, 1980 MHz, 15 %, 35
2026/10/10 14:01:36.394, 7, 77419 MiB, 100 %, 281.66 W, 1980 MHz, 16 %, 70
2026/10/10 14:01:37.394, 0, 77419 MiB, 100 %, 251.83 W, 1980 MHz, 16 %, 35
2026/10/10 14:01:37.394, 1, 77419 MiB, 100 %, 268.42 W, 1980 MHz, 15 %, 59
2026/10/10 14:01:37.394, 2, 77419 MiB, 100 %, 251.68 W, 1980 MHz, 15 %, 39
2026/10/10 14:01:37.394, 3, 77419 MiB, 100 %, 249.59 W, 1980 MHz, 15 %, 33
2026/10/10 14:01:37.394, 4, 77419 MiB, 100 %, 242.52 W, 1980 MHz, 16 %, 34
2026/10/10 14:01:37.394, 5, 77419 MiB, 100 %, 251.59 W, 1980 MHz, 15 %, 38
2026/10/10 14:01:37.394, 6, 77419 MiB, 100 %, 240.21 W, 1980 MHz, 15 %, 35
2026/10/10 14:01:37.394, 7, 77419 MiB, 100 %, 281.32 W, 1980 MHz, 16 %, 70
2026/10/10 14:01:38.394, 0, 77419 MiB, 100 %, 251.29 W, 1980 MHz, 16 %, 35
2026/10/10 14:01:38.395, 1, 77419 MiB, 100 %, 268.14 W, 1980 MHz, 15 %, 59
2026/10/10 14:01:38.395, 2, 77419 MiB, 100 %, 253.44 W, 1980 MHz, 16 %, 39
2026/10/10 14:01:38.395, 3, 77419 MiB, 100 %, 247.52 W, 1980 MHz, 15 %, 33
2026/10/10 14:01:38.395, 4, 77419 MiB, 100 %, 243.31 W, 1980 MHz, 15 %, 34
2026/10/10 14:01:38.395, 5, 77419 MiB, 100 %, 252.40 W, 1980 MHz, 16 %, 38
2026/10/10 14:01:38.395, 6, 77419 MiB, 100 %, 239.93 W, 1980 MHz, 15 %, 35
2026/10/10 14:01:38.395, 7, 77419 MiB, 100 %, 279.98 W, 1980 MHz, 15 %, 70
2026/10/10 14:01:39.395, 0, 77419 MiB, 100 %, 251.45 W, 1980 MHz, 16 %, 35
2026/10/10 14:01:39.395, 1, 77419 MiB, 100 %, 268.29 W, 1980 MHz, 15 %, 59
2026/10/10 14:01:39.395, 2, 77419 MiB, 100 %, 252.17 W, 1980 MHz, 15 %, 39
2026/10/10 14:01:39.395, 3, 77419 MiB, 100 %, 247.60 W, 1980 MHz, 15 %, 33
2026/10/10 14:01:39.395, 4, 77419 MiB, 100 %, 243.24 W, 1980 MHz, 15 %, 34
2026/10/10 14:01:39.395, 5, 77419 MiB, 100 %, 251.33 W, 1980 MHz, 16 %, 38
2026/10/10 14:01:39.395, 6, 77419 MiB, 100 %, 240.50 W, 1980 MHz, 15 %, 35
2026/10/10 14:01:39.395, 7, 77419 MiB, 100 %, 281.37 W, 1980 MHz, 16 %, 70
2026/10/10 14:01:40.396, 0, 77419 MiB, 100 %, 252.49 W, 1980 MHz, 16 %, 35
2026/10/10 14:01:40.396, 1, 77419 MiB, 100 %, 268.44 W, 1980 MHz, 15 %, 59
2026/10/10 14:01:40.396, 2, 77419 MiB, 100 %, 252.05 W, 1980 MHz, 15 %, 39
2026/10/10 14:01:40.396, 3, 77419 MiB, 100 %, 247.52 W, 1980 MHz, 15 %, 33
2026/10/10 14:01:40.396, 4, 77419 MiB, 100 %, 242.51 W, 1980 MHz, 15 %, 34
2026/10/10 14:01:40.396, 5, 77419 MiB, 100 %, 252.26 W, 1980 MHz, 16 %, 38
2026/10/10 14:01:40.396, 6, 77419 MiB, 100 %, 240.66 W, 1980 MHz, 15 %, 35
2026/10/10 14:01:40.396, 7, 77419 MiB, 100 %, 283.27 W, 1980 MHz, 16 %, 70
2026/10/10 14:01:41.396, 0, 77419 MiB, 70 %, 241.30 W, 1980 MHz, 11 %, 34
2026/10/10 14:01:41.396, 1, 77419 MiB, 24 %, 263.19 W, 1980 MHz, 4 %, 58
2026/10/10 14:01:41.396, 2, 77419 MiB, 82 %, 246.13 W, 1980 MHz, 13 %, 38
2026/10/10 14:01:41.396, 3, 77419 MiB, 22 %, 239.80 W, 1980 MHz, 3 %, 33
2026/10/10 14:01:41.396, 4, 77419 MiB, 39 %, 233.59 W, 1980 MHz, 6 %, 32
2026/10/10 14:01:41.396, 5, 77419 MiB, 52 %, 242.68 W, 1980 MHz, 8 %, 36
2026/10/10 14:01:41.397, 6, 77419 MiB, 0 %, 230.50 W, 1980 MHz, 0 %, 34
2026/10/10 14:01:41.397, 7, 77419 MiB, 43 %, 270.64 W, 1980 MHz, 7 %, 69
2026/10/10 14:01:42.397, 0, 77419 MiB, 100 %, 686.07 W, 1950 MHz, 44 %, 49
2026/10/10 14:01:42.397, 1, 77419 MiB, 100 %, 668.32 W, 1605 MHz, 42 %, 68
2026/10/10 14:01:42.397, 2, 77419 MiB, 100 %, 635.53 W, 1965 MHz, 44 %, 50
2026/10/10 14:01:42.397, 3, 77419 MiB, 100 %, 656.46 W, 1830 MHz, 42 %, 47
2026/10/10 14:01:42.397, 4, 77419 MiB, 100 %, 649.06 W, 1965 MHz, 43 %, 46
2026/10/10 14:01:42.397, 5, 77419 MiB, 100 %, 655.38 W, 1965 MHz, 43 %, 50
2026/10/10 14:01:42.397, 6, 77419 MiB, 100 %, 649.47 W, 1965 MHz, 36 %, 51
2026/10/10 14:01:42.397, 7, 77419 MiB, 100 %, 684.06 W, 1890 MHz, 43 %, 80
2026/10/10 14:01:43.397, 0, 77419 MiB, 100 %, 668.63 W, 1965 MHz, 43 %, 51
2026/10/10 14:01:43.397, 1, 77419 MiB, 100 %, 683.95 W, 1785 MHz, 42 %, 68
2026/10/10 14:01:43.398, 2, 77419 MiB, 100 %, 676.37 W, 1980 MHz, 44 %, 50
2026/10/10 14:01:43.398, 3, 77419 MiB, 100 %, 685.89 W, 1905 MHz, 43 %, 48
2026/10/10 14:01:43.398, 4, 77419 MiB, 100 %, 677.18 W, 1965 MHz, 43 %, 48
2026/10/10 14:01:43.398, 5, 77419 MiB, 100 %, 674.43 W, 1965 MHz, 44 %, 53
2026/10/10 14:01:43.398, 6, 77419 MiB, 100 %, 690.91 W, 1935 MHz, 36 %, 54
2026/10/10 14:01:43.398, 7, 77419 MiB, 100 %, 683.23 W, 1875 MHz, 44 %, 81
2026/10/10 14:01:44.398, 0, 77419 MiB, 100 %, 250.00 W, 1980 MHz, 15 %, 37
2026/10/10 14:01:44.398, 1, 77419 MiB, 100 %, 285.17 W, 1980 MHz, 15 %, 59
2026/10/10 14:01:44.398, 2, 77419 MiB, 100 %, 272.74 W, 1980 MHz, 15 %, 40
2026/10/10 14:01:44.398, 3, 77419 MiB, 100 %, 255.91 W, 1980 MHz, 16 %, 36
2026/10/10 14:01:44.398, 4, 77419 MiB, 100 %, 250.65 W, 1980 MHz, 15 %, 36
2026/10/10 14:01:44.398, 5, 77419 MiB, 100 %, 256.90 W, 1980 MHz, 15 %, 40
2026/10/10 14:01:44.398, 6, 77419 MiB, 100 %, 252.82 W, 1980 MHz, 15 %, 39
2026/10/10 14:01:44.398, 7, 77419 MiB, 100 %, 285.81 W, 1980 MHz, 16 %, 72
2026/10/10 14:01:45.399, 0, 77419 MiB, 100 %, 252.05 W, 1980 MHz, 15 %, 36
2026/10/10 14:01:45.399, 1, 77419 MiB, 100 %, 267.52 W, 1980 MHz, 15 %, 59
2026/10/10 14:01:45.399, 2, 77419 MiB, 100 %, 250.32 W, 1980 MHz, 16 %, 39
2026/10/10 14:01:45.399, 3, 77419 MiB, 100 %, 249.59 W, 1980 MHz, 16 %, 35
2026/10/10 14:01:45.399, 4, 77419 MiB, 100 %, 245.35 W, 1980 MHz, 15 %, 35
2026/10/10 14:01:45.399, 5, 77419 MiB, 100 %, 250.72 W, 1980 MHz, 15 %, 39
2026/10/10 14:01:45.399, 6, 77419 MiB, 100 %, 240.60 W, 1980 MHz, 15 %, 37
2026/10/10 14:01:45.399, 7, 77419 MiB, 100 %, 284.22 W, 1980 MHz, 16 %, 71
2026/10/10 14:01:46.399, 0, 77419 MiB, 100 %, 250.10 W, 1980 MHz, 15 %, 36
2026/10/10 14:01:46.399, 1, 77419 MiB, 100 %, 269.60 W, 1980 MHz, 15 %, 59
2026/10/10 14:01:46.399, 2, 77419 MiB, 100 %, 250.16 W, 1980 MHz, 15 %, 39
2026/10/10 14:01:46.399, 3, 77419 MiB, 100 %, 249.89 W, 1980 MHz, 15 %, 34
2026/10/10 14:01:46.399, 4, 77419 MiB, 100 %, 244.40 W, 1980 MHz, 15 %, 35
2026/10/10 14:01:46.399, 5, 77419 MiB, 100 %, 250.09 W, 1980 MHz, 15 %, 39
2026/10/10 14:01:46.399, 6, 77419 MiB, 100 %, 241.25 W, 1980 MHz, 16 %, 37
2026/10/10 14:01:46.400, 7, 77419 MiB, 100 %, 282.53 W, 1980 MHz, 16 %, 71
2026/10/10 14:01:47.400, 0, 77419 MiB, 100 %, 252.15 W, 1980 MHz, 15 %, 35
2026/10/10 14:01:47.400, 1, 77419 MiB, 100 %, 270.34 W, 1980 MHz, 15 %, 59
2026/10/10 14:01:47.400, 2, 77419 MiB, 100 %, 248.37 W, 1980 MHz, 15 %, 39
2026/10/10 14:01:47.400, 3, 77419 MiB, 100 %, 250.05 W, 1980 MHz, 16 %, 34
2026/10/10 14:01:47.400, 4, 77419 MiB, 100 %, 246.27 W, 1980 MHz, 15 %, 34
2026/10/10 14:01:47.400, 5, 77419 MiB, 100 %, 250.08 W, 1980 MHz, 15 %, 39
2026/10/10 14:01:47.400, 6, 77419 MiB, 100 %, 239.97 W, 1980 MHz, 15 %, 36
2026/10/10 14:01:47.400, 7, 77419 MiB, 100 %, 283.60 W, 1980 MHz, 16 %, 71
2026/10/10 14:01:48.400, 0, 77419 MiB, 100 %, 251.06 W, 1980 MHz, 15 %, 35
2026/10/10 14:01:48.400, 1, 77419 MiB, 100 %, 268.45 W, 1980 MHz, 15 %, 59
2026/10/10 14:01:48.400, 2, 77419 MiB, 100 %, 247.70 W, 1980 MHz, 15 %, 39
2026/10/10 14:01:48.401, 3, 77419 MiB, 100 %, 249.63 W, 1980 MHz, 16 %, 34
2026/10/10 14:01:48.401, 4, 77419 MiB, 100 %, 244.97 W, 1980 MHz, 15 %, 34
2026/10/10 14:01:48.401, 5, 77419 MiB, 100 %, 251.27 W, 1980 MHz, 15 %, 38
2026/10/10 14:01:48.401, 6, 77419 MiB, 100 %, 241.18 W, 1980 MHz, 15 %, 36
2026/10/10 14:01:48.401, 7, 77419 MiB, 100 %, 281.03 W, 1980 MHz, 15 %, 71
2026/10/10 14:01:49.401, 0, 77419 MiB, 100 %, 251.21 W, 1980 MHz, 15 %, 35
2026/10/10 14:01:49.401, 1, 77419 MiB, 100 %, 268.81 W, 1980 MHz, 15 %, 59
2026/10/10 14:01:49.401, 2, 77419 MiB, 100 %, 249.96 W, 1980 MHz, 15 %, 39
2026/10/10 14:01:49.401, 3, 77419 MiB, 100 %, 250.90 W, 1980 MHz, 16 %, 34
2026/10/10 14:01:49.401, 4, 77419 MiB, 100 %, 245.44 W, 1980 MHz, 16 %, 34
2026/10/10 14:01:49.401, 5, 77419 MiB, 100 %, 250.80 W, 1980 MHz, 15 %, 38
2026/10/10 14:01:49.401, 6, 77419 MiB, 100 %, 240.97 W, 1980 MHz, 15 %, 36
2026/10/10 14:01:49.401, 7, 77419 MiB, 100 %, 281.23 W, 1980 MHz, 15 %, 71
2026/10/10 14:01:50.402, 0, 77419 MiB, 100 %, 251.23 W, 1980 MHz, 16 %, 35
2026/10/10 14:01:50.402, 1, 77419 MiB, 100 %, 268.58 W, 1980 MHz, 15 %, 59
2026/10/10 14:01:50.402, 2, 77419 MiB, 100 %, 251.13 W, 1980 MHz, 15 %, 39
2026/10/10 14:01:50.402, 3, 77419 MiB, 100 %, 249.69 W, 1980 MHz, 15 %, 34
2026/10/10 14:01:50.402, 4, 77419 MiB, 100 %, 244.79 W, 1980 MHz, 15 %, 34
2026/10/10 14:01:50.402, 5, 77419 MiB, 100 %, 249.36 W, 1980 MHz, 15 %, 38
2026/10/10 14:01:50.402, 6, 77419 MiB, 100 %, 242.11 W, 1980 MHz, 16 %, 36
2026/10/10 14:01:50.402, 7, 77419 MiB, 100 %, 280.27 W, 1980 MHz, 16 %, 71
2026/10/10 14:01:51.402, 0, 77419 MiB, 100 %, 249.68 W, 1980 MHz, 16 %, 35
2026/10/10 14:01:51.402, 1, 77419 MiB, 100 %, 268.36 W, 1980 MHz, 15 %, 59
2026/10/10 14:01:51.402, 2, 77419 MiB, 100 %, 252.14 W, 1980 MHz, 15 %, 39
2026/10/10 14:01:51.403, 3, 77419 MiB, 100 %, 248.58 W, 1980 MHz, 16 %, 34
2026/10/10 14:01:51.403, 4, 77419 MiB, 100 %, 245.20 W, 1980 MHz, 15 %, 34
2026/10/10 14:01:51.403, 5, 77419 MiB, 100 %, 249.16 W, 1980 MHz, 15 %, 38
2026/10/10 14:01:51.403, 6, 77419 MiB, 100 %, 239.44 W, 1980 MHz, 15 %, 36
2026/10/10 14:01:51.403, 7, 77419 MiB, 100 %, 282.28 W, 1980 MHz, 16 %, 71
2026/10/10 14:01:52.403, 0, 77419 MiB, 100 %, 250.26 W, 1980 MHz, 15 %, 35
2026/10/10 14:01:52.403, 1, 77419 MiB, 100 %, 268.95 W, 1980 MHz, 15 %, 59
2026/10/10 14:01:52.403, 2, 77419 MiB, 100 %, 254.32 W, 1980 MHz, 15 %, 39
2026/10/10 14:01:52.403, 3, 77419 MiB, 100 %, 249.23 W, 1980 MHz, 16 %, 33
2026/10/10 14:01:52.403, 4, 77419 MiB, 100 %, 245.87 W, 1980 MHz, 16 %, 34
2026/10/10 14:01:52.403, 5, 77419 MiB, 100 %, 250.12 W, 1980 MHz, 15 %, 38
2026/10/10 14:01:52.403, 6, 77419 MiB, 100 %, 239.75 W, 1980 MHz, 15 %, 36
2026/10/10 14:01:52.403, 7, 77419 MiB, 100 %, 282.53 W, 1980 MHz, 15 %, 71
2026/10/10 14:01:53.404, 0, 77419 MiB, 100 %, 250.33 W, 1980 MHz, 15 %, 35
2026/10/10 14:01:53.404, 1, 77419 MiB, 100 %, 267.44 W, 1980 MHz, 15 %, 59
2026/10/10 14:01:53.404, 2, 77419 MiB, 100 %, 252.99 W, 1980 MHz, 15 %, 39
2026/10/10 14:01:53.404, 3, 77419 MiB, 100 %, 249.52 W, 1980 MHz, 16 %, 33
2026/10/10 14:01:53.404, 4, 77419 MiB, 100 %, 245.84 W, 1980 MHz, 16 %, 34
2026/10/10 14:01:53.404, 5, 77419 MiB, 100 %, 250.27 W, 1980 MHz, 15 %, 38
2026/10/10 14:01:53.404, 6, 77419 MiB, 100 %, 239.84 W, 1980 MHz, 15 %, 36
2026/10/10 14:01:53.404, 7, 77419 MiB, 100 %, 281.27 W, 1980 MHz, 16 %, 70
2026/10/10 14:01:54.404, 0, 77419 MiB, 100 %, 250.77 W, 1980 MHz, 15 %, 35
2026/10/10 14:01:54.404, 1, 77419 MiB, 100 %, 268.40 W, 1980 MHz, 15 %, 59
2026/10/10 14:01:54.404, 2, 77419 MiB, 100 %, 253.16 W, 1980 MHz, 15 %, 39
2026/10/10 14:01:54.404, 3, 77419 MiB, 100 %, 246.96 W, 1980 MHz, 15 %, 33
2026/10/10 14:01:54.404, 4, 77419 MiB, 100 %, 245.76 W, 1980 MHz, 15 %, 34
2026/10/10 14:01:54.404, 5, 77419 MiB, 100 %, 250.20 W, 1980 MHz, 16 %, 38
2026/10/10 14:01:54.405, 6, 77419 MiB, 100 %, 241.53 W, 1980 MHz, 15 %, 35
2026/10/10 14:01:54.405, 7, 77419 MiB, 100 %, 280.58 W, 1980 MHz, 15 %, 70
2026/10/10 14:01:55.405, 0, 77419 MiB, 100 %, 250.20 W, 1980 MHz, 15 %, 35
2026/10/10 14:01:55.405, 1, 77419 MiB, 100 %, 266.83 W, 1980 MHz, 15 %, 59
2026/10/10 14:01:55.405, 2, 77419 MiB, 100 %, 251.11 W, 1980 MHz, 15 %, 39
2026/10/10 14:01:55.405, 3, 77419 MiB, 100 %, 249.35 W, 1980 MHz, 16 %, 33
2026/10/10 14:01:55.405, 4, 77419 MiB, 100 %, 246.58 W, 1980 MHz, 15 %, 34
2026/10/10 14:01:55.405, 5, 77419 MiB, 100 %, 249.06 W, 1980 MHz, 15 %, 38
2026/10/10 14:01:55.405, 6, 77419 MiB, 100 %, 239.48 W, 1980 MHz, 15 %, 35
2026/10/10 14:01:55.405, 7, 77419 MiB, 100 %, 281.96 W, 1980 MHz, 16 %, 70
2026/10/10 14:01:56.405, 0, 77419 MiB, 100 %, 249.18 W, 1980 MHz, 15 %, 35
2026/10/10 14:01:56.406, 1, 77419 MiB, 100 %, 267.87 W, 1980 MHz, 15 %, 59
2026/10/10 14:01:56.406, 2, 77419 MiB, 100 %, 251.32 W, 1980 MHz, 15 %, 39
2026/10/10 14:01:56.406, 3, 77419 MiB, 100 %, 248.89 W, 1980 MHz, 16 %, 33
2026/10/10 14:01:56.406, 4, 77419 MiB, 100 %, 246.04 W, 1980 MHz, 16 %, 34
2026/10/10 14:01:56.406, 5, 77419 MiB, 100 %, 248.82 W, 1980 MHz, 15 %, 38
2026/10/10 14:01:56.406, 6, 77419 MiB, 100 %, 240.04 W, 1980 MHz, 15 %, 35
2026/10/10 14:01:56.406, 7, 77419 MiB, 100 %, 282.12 W, 1980 MHz, 16 %, 70
2026/10/10 14:01:57.406, 0, 77419 MiB, 100 %, 249.74 W, 1980 MHz, 15 %, 35
2026/10/10 14:01:57.406, 1, 77419 MiB, 100 %, 270.92 W, 1980 MHz, 15 %, 59
2026/10/10 14:01:57.406, 2, 77419 MiB, 100 %, 251.25 W, 1980 MHz, 15 %, 39
2026/10/10 14:01:57.406, 3, 77419 MiB, 100 %, 248.92 W, 1980 MHz, 16 %, 33
2026/10/10 14:01:57.406, 4, 77419 MiB, 100 %, 245.55 W, 1980 MHz, 16 %, 34
2026/10/10 14:01:57.406, 5, 77419 MiB, 100 %, 249.65 W, 1980 MHz, 15 %, 38
2026/10/10 14:01:57.407, 6, 77419 MiB, 100 %, 241.35 W, 1980 MHz, 15 %, 35
2026/10/10 14:01:57.407, 7, 77419 MiB, 100 %, 280.17 W, 1980 MHz, 15 %, 70
2026/10/10 14:01:58.407, 0, 77419 MiB, 100 %, 249.68 W, 1980 MHz, 15 %, 35
2026/10/10 14:01:58.407, 1, 77419 MiB, 100 %, 268.02 W, 1980 MHz, 15 %, 59
2026/10/10 14:01:58.407, 2, 77419 MiB, 100 %, 252.75 W, 1980 MHz, 16 %, 39
2026/10/10 14:01:58.407, 3, 77419 MiB, 100 %, 249.78 W, 1980 MHz, 16 %, 33
2026/10/10 14:01:58.407, 4, 77419 MiB, 100 %, 245.20 W, 1980 MHz, 15 %, 34
2026/10/10 14:01:58.407, 5, 77419 MiB, 100 %, 248.88 W, 1980 MHz, 15 %, 38
2026/10/10 14:01:58.407, 6, 77419 MiB, 100 %, 241.66 W, 1980 MHz, 16 %, 35
2026/10/10 14:01:58.407, 7, 77419 MiB, 100 %, 280.64 W, 1980 MHz, 15 %, 70
2026/10/10 14:01:59.407, 0, 77419 MiB, 100 %, 249.58 W, 1980 MHz, 15 %, 35
2026/10/10 14:01:59.408, 1, 77419 MiB, 100 %, 267.74 W, 1980 MHz, 15 %, 59
2026/10/10 14:01:59.408, 2, 77419 MiB, 100 %, 251.07 W, 1980 MHz, 15 %, 39
2026/10/10 14:01:59.408, 3, 77419 MiB, 100 %, 247.65 W, 1980 MHz, 15 %, 33
2026/10/10 14:01:59.408, 4, 77419 MiB, 100 %, 245.07 W, 1980 MHz, 15 %, 34
2026/10/10 14:01:59.408, 5, 77419 MiB, 100 %, 249.26 W, 1980 MHz, 15 %, 38
2026/10/10 14:01:59.408, 6, 77419 MiB, 100 %, 242.97 W, 1980 MHz, 15 %, 35
2026/10/10 14:01:59.408, 7, 77419 MiB, 100 %, 280.82 W, 1980 MHz, 15 %, 70
2026/10/10 14:02:00.408, 0, 77419 MiB, 100 %, 250.40 W, 1980 MHz, 15 %, 35
2026/10/10 14:02:00.408, 1, 77419 MiB, 100 %, 268.33 W, 1980 MHz, 15 %, 59
2026/10/10 14:02:00.408, 2, 77419 MiB, 100 %, 251.64 W, 1980 MHz, 15 %, 39
2026/10/10 14:02:00.408, 3, 77419 MiB, 100 %, 247.24 W, 1980 MHz, 16 %, 33
2026/10/10 14:02:00.408, 4, 77419 MiB, 100 %, 245.74 W, 1980 MHz, 16 %, 34
2026/10/10 14:02:00.408, 5, 77419 MiB, 100 %, 249.38 W, 1980 MHz, 15 %, 38
2026/10/10 14:02:00.408, 6, 77419 MiB, 100 %, 240.80 W, 1980 MHz, 15 %, 35
2026/10/10 14:02:00.408, 7, 77419 MiB, 100 %, 281.65 W, 1980 MHz, 16 %, 70
2026/10/10 14:02:01.409, 0, 77419 MiB, 100 %, 249.59 W, 1980 MHz, 15 %, 35
2026/10/10 14:02:01.409, 1, 77419 MiB, 100 %, 268.28 W, 1980 MHz, 15 %, 59
2026/10/10 14:02:01.409, 2, 77419 MiB, 100 %, 252.29 W, 1980 MHz, 15 %, 39
2026/10/10 14:02:01.409, 3, 77419 MiB, 100 %, 251.13 W, 1980 MHz, 16 %, 33
2026/10/10 14:02:01.409, 4, 77419 MiB, 100 %, 246.13 W, 1980 MHz, 16 %, 34
2026/10/10 14:02:01.409, 5, 77419 MiB, 100 %, 248.05 W, 1980 MHz, 15 %, 38
2026/10/10 14:02:01.409, 6, 77419 MiB, 100 %, 240.13 W, 1980 MHz, 15 %, 35
2026/10/10 14:02:01.409, 7, 77419 MiB, 100 %, 279.02 W, 1980 MHz, 15 %, 70
2026/10/10 14:02:02.409, 0, 77419 MiB, 100 %, 406.44 W, 1920 MHz, 39 %, 46
2026/10/10 14:02:02.409, 1, 77419 MiB, 100 %, 385.50 W, 1950 MHz, 39 %, 66
2026/10/10 14:02:02.409, 2, 77419 MiB, 100 %, 357.46 W, 1965 MHz, 39 %, 48
2026/10/10 14:02:02.409, 3, 77419 MiB, 100 %, 382.08 W, 1890 MHz, 39 %, 41
2026/10/10 14:02:02.410, 4, 77419 MiB, 100 %, 377.08 W, 1950 MHz, 39 %, 45
2026/10/10 14:02:02.410, 5, 77419 MiB, 100 %, 368.83 W, 1965 MHz, 39 %, 48
2026/10/10 14:02:02.410, 6, 77419 MiB, 100 %, 377.95 W, 1920 MHz, 44 %, 45
2026/10/10 14:02:02.410, 7, 77419 MiB, 100 %, 410.00 W, 1920 MHz, 39 %, 80
2026/10/10 14:02:03.410, 0, 77419 MiB, 100 %, 690.78 W, 1875 MHz, 38 %, 50
2026/10/10 14:02:03.410, 1, 77419 MiB, 100 %, 695.48 W, 1845 MHz, 43 %, 68
2026/10/10 14:02:03.410, 2, 77419 MiB, 100 %, 679.57 W, 1965 MHz, 39 %, 50
2026/10/10 14:02:03.410, 3, 77419 MiB, 100 %, 681.57 W, 1860 MHz, 44 %, 47
2026/10/10 14:02:03.410, 4, 77419 MiB, 100 %, 686.03 W, 1935 MHz, 39 %, 49
2026/10/10 14:02:03.410, 5, 77419 MiB, 100 %, 677.71 W, 1965 MHz, 40 %, 53
2026/10/10 14:02:03.410, 6, 77419 MiB, 100 %, 682.19 W, 1950 MHz, 38 %, 52
2026/10/10 14:02:03.410, 7, 77419 MiB, 100 %, 688.58 W, 1875 MHz, 39 %, 83
2026/10/10 14:02:04.411, 0, 77419 MiB, 100 %, 502.33 W, 1980 MHz, 16 %, 39
2026/10/10 14:02:04.411, 1, 77419 MiB, 100 %, 543.13 W, 1980 MHz, 15 %, 60
2026/10/10 14:02:04.411, 2, 77419 MiB, 100 %, 534.78 W, 1980 MHz, 15 %, 41
2026/10/10 14:02:04.411, 3, 77419 MiB, 100 %, 524.71 W, 1980 MHz, 15 %, 38
2026/10/10 14:02:04.411, 4, 77419 MiB, 100 %, 518.99 W, 1980 MHz, 15 %, 39
2026/10/10 14:02:04.411, 5, 77419 MiB, 100 %, 531.92 W, 1980 MHz, 15 %, 43
2026/10/10 14:02:04.411, 6, 77419 MiB, 100 %, 524.04 W, 1980 MHz, 16 %, 42
2026/10/10 14:02:04.411, 7, 77419 MiB, 100 %, 520.50 W, 1980 MHz, 15 %, 73
2026/10/10 14:02:05.411, 0, 77419 MiB, 100 %, 254.96 W, 1980 MHz, 16 %, 37
2026/10/10 14:02:05.411, 1, 77419 MiB, 100 %, 266.43 W, 1980 MHz, 15 %, 59
2026/10/10 14:02:05.411, 2, 77419 MiB, 100 %, 251.03 W, 1980 MHz, 15 %, 40
2026/10/10 14:02:05.411, 3, 77419 MiB, 100 %, 248.31 W, 1980 MHz, 15 %, 35
2026/10/10 14:02:05.411, 4, 77419 MiB, 100 %, 248.79 W, 1980 MHz, 16 %, 36
2026/10/10 14:02:05.412, 5, 77419 MiB, 100 %, 252.58 W, 1980 MHz, 15 %, 40
2026/10/10 14:02:05.412, 6, 77419 MiB, 100 %, 244.77 W, 1980 MHz, 15 %, 38
2026/10/10 14:02:05.412, 7, 77419 MiB, 100 %, 281.60 W, 1980 MHz, 15 %, 71
2026/10/10 14:02:06.412, 0, 77419 MiB, 100 %, 254.77 W, 1980 MHz, 16 %, 36
2026/10/10 14:02:06.412, 1, 77419 MiB, 100 %, 264.68 W, 1980 MHz, 15 %, 59
2026/10/10 14:02:06.412, 2, 77419 MiB, 100 %, 251.73 W, 1980 MHz, 16 %, 39
2026/10/10 14:02:06.412, 3, 77419 MiB, 100 %, 249.52 W, 1980 MHz, 16 %, 34
2026/10/10 14:02:06.412, 4, 77419 MiB, 100 %, 247.43 W, 1980 MHz, 16 %, 35
2026/10/10 14:02:06.412, 5, 77419 MiB, 100 %, 250.52 W, 1980 MHz, 15 %, 39
2026/10/10 14:02:06.412, 6, 77419 MiB, 100 %, 245.84 W, 1980 MHz, 15 %, 37
2026/10/10 14:02:06.412, 7, 77419 MiB, 100 %, 279.79 W, 1980 MHz, 15 %, 71
2026/10/10 14:02:07.412, 0, 77419 MiB, 100 %, 253.54 W, 1980 MHz, 15 %, 36
2026/10/10 14:02:07.413, 1, 77419 MiB, 100 %, 265.99 W, 1980 MHz, 15 %, 59
2026/10/10 14:02:07.413, 2, 77419 MiB, 100 %, 252.40 W, 1980 MHz, 15 %, 39
2026/10/10 14:02:07.413, 3, 77419 MiB, 100 %, 249.14 W, 1980 MHz, 15 %, 34
2026/10/10 14:02:07.413, 4, 77419 MiB, 100 %, 245.43 W, 1980 MHz, 16 %, 35
2026/10/10 14:02:07.413, 5, 77419 MiB, 100 %, 252.35 W, 1980 MHz, 16 %, 39
2026/10/10 14:02:07.413, 6, 77419 MiB, 100 %, 244.08 W, 1980 MHz, 16 %, 37
2026/10/10 14:02:07.413, 7, 77419 MiB, 100 %, 281.60 W, 1980 MHz, 15 %, 71
2026/10/10 14:02:08.413, 0, 77419 MiB, 100 %, 253.66 W, 1980 MHz, 16 %, 36
2026/10/10 14:02:08.413, 1, 77419 MiB, 100 %, 266.06 W, 1980 MHz, 15 %, 59
2026/10/10 14:02:08.413, 2, 77419 MiB, 100 %, 251.99 W, 1980 MHz, 15 %, 39
2026/10/10 14:02:08.413, 3, 77419 MiB, 100 %, 248.14 W, 1980 MHz, 15 %, 34
2026/10/10 14:02:08.413, 4, 77419 MiB, 100 %, 247.85 W, 1980 MHz, 16 %, 35
2026/10/10 14:02:08.413, 5, 77419 MiB, 100 %, 253.00 W, 1980 MHz, 15 %, 38
2026/10/10 14:02:08.413, 6, 77419 MiB, 100 %, 241.24 W, 1980 MHz, 15 %, 36
2026/10/10 14:02:08.413, 7, 77419 MiB, 100 %, 279.74 W, 1980 MHz, 15 %, 71
2026/10/10 14:02:09.414, 0, 77419 MiB, 100 %, 253.87 W, 1980 MHz, 16 %, 35
2026/10/10 14:02:09.414, 1, 77419 MiB, 100 %, 265.73 W, 1980 MHz, 15 %, 59
2026/10/10 14:02:09.414, 2, 77419 MiB, 100 %, 252.04 W, 1980 MHz, 15 %, 39
2026/10/10 14:02:09.414, 3, 77419 MiB, 100 %, 247.59 W, 1980 MHz, 15 %, 34
2026/10/10 14:02:09.414, 4, 77419 MiB, 100 %, 248.36 W, 1980 MHz, 16 %, 34
2026/10/10 14:02:09.414, 5, 77419 MiB, 100 %, 251.32 W, 1980 MHz, 15 %, 38
2026/10/10 14:02:09.414, 6, 77419 MiB, 100 %, 241.86 W, 1980 MHz, 15 %, 36
2026/10/10 14:02:09.414, 7, 77419 MiB, 100 %, 279.35 W, 1980 MHz, 15 %, 71
2026/10/10 14:02:10.414, 0, 77419 MiB, 100 %, 252.65 W, 1980 MHz, 15 %, 35
2026/10/10 14:02:10.415, 1, 77419 MiB, 100 %, 267.29 W, 1980 MHz, 15 %, 59
2026/10/10 14:02:10.415, 2, 77419 MiB, 100 %, 252.32 W, 1980 MHz, 15 %, 39
2026/10/10 14:02:10.415, 3, 77419 MiB, 100 %, 248.43 W, 1980 MHz, 15 %, 34
2026/10/10 14:02:10.415, 4, 77419 MiB, 100 %, 246.96 W, 1980 MHz, 16 %, 34
2026/10/10 14:02:10.415, 5, 77419 MiB, 100 %, 251.98 W, 1980 MHz, 16 %, 38
2026/10/10 14:02:10.415, 6, 77419 MiB, 100 %, 241.48 W, 1980 MHz, 16 %, 36
2026/10/10 14:02:10.415, 7, 77419 MiB, 100 %, 281.67 W, 1980 MHz, 16 %, 71
2026/10/10 14:02:11.415, 0, 77419 MiB, 100 %, 252.65 W, 1980 MHz, 16 %, 35
2026/10/10 14:02:11.415, 1, 77419 MiB, 100 %, 268.73 W, 1980 MHz, 15 %, 59
2026/10/10 14:02:11.415, 2, 77419 MiB, 100 %, 253.42 W, 1980 MHz, 15 %, 39
2026/10/10 14:02:11.415, 3, 77419 MiB, 100 %, 246.52 W, 1980 MHz, 15 %, 33
2026/10/10 14:02:11.415, 4, 77419 MiB, 100 %, 246.17 W, 1980 MHz, 16 %, 34
2026/10/10 14:02:11.415, 5, 77419 MiB, 100 %, 252.01 W, 1980 MHz, 15 %, 38
2026/10/10 14:02:11.415, 6, 77419 MiB, 100 %, 240.48 W, 1980 MHz, 15 %, 36
2026/10/10 14:02:11.415, 7, 77419 MiB, 100 %, 279.73 W, 1980 MHz, 16 %, 71
2026/10/10 14:02:12.416, 0, 77419 MiB, 100 %, 252.76 W, 1980 MHz, 16 %, 35
2026/10/10 14:02:12.416, 1, 77419 MiB, 100 %, 267.44 W, 1980 MHz, 15 %, 59
2026/10/10 14:02:12.416, 2, 77419 MiB, 100 %, 253.49 W, 1980 MHz, 15 %, 39
2026/10/10 14:02:12.416, 3, 77419 MiB, 100 %, 248.95 W, 1980 MHz, 15 %, 33
2026/10/10 14:02:12.416, 4, 77419 MiB, 100 %, 247.27 W, 1980 MHz, 16 %, 34
2026/10/10 14:02:12.416, 5, 77419 MiB, 100 %, 251.82 W, 1980 MHz, 16 %, 38
2026/10/10 14:02:12.416, 6, 77419 MiB, 100 %, 240.06 W, 1980 MHz, 15 %, 36
2026/10/10 14:02:12.416, 7, 77419 MiB, 100 %, 279.48 W, 1980 MHz, 15 %, 70
2026/10/10 14:02:13.416, 0, 77419 MiB, 100 %, 252.91 W, 1980 MHz, 15 %, 35
2026/10/10 14:02:13.417, 1, 77419 MiB, 100 %, 267.67 W, 1980 MHz, 15 %, 59
2026/10/10 14:02:13.417, 2, 77419 MiB, 100 %, 254.55 W, 1980 MHz, 16 %, 39
2026/10/10 14:02:13.417, 3, 77419 MiB, 100 %, 247.76 W, 1980 MHz, 15 %, 33
2026/10/10 14:02:13.417, 4, 77419 MiB, 100 %, 246.05 W, 1980 MHz, 16 %, 34
2026/10/10 14:02:13.417, 5, 77419 MiB, 100 %, 251.96 W, 1980 MHz, 16 %, 38
2026/10/10 14:02:13.417, 6, 77419 MiB, 100 %, 239.23 W, 1980 MHz, 15 %, 36
2026/10/10 14:02:13.417, 7, 77419 MiB, 100 %, 279.55 W, 1980 MHz, 15 %, 70
2026/10/10 14:02:14.417, 0, 77419 MiB, 100 %, 253.00 W, 1980 MHz, 16 %, 35
2026/10/10 14:02:14.417, 1, 77419 MiB, 100 %, 268.88 W, 1980 MHz, 15 %, 59
2026/10/10 14:02:14.417, 2, 77419 MiB, 100 %, 251.82 W, 1980 MHz, 15 %, 39
2026/10/10 14:02:14.417, 3, 77419 MiB, 100 %, 246.80 W, 1980 MHz, 15 %, 33
2026/10/10 14:02:14.417, 4, 77419 MiB, 100 %, 248.14 W, 1980 MHz, 16 %, 34
2026/10/10 14:02:14.417, 5, 77419 MiB, 100 %, 252.69 W, 1980 MHz, 15 %, 38
2026/10/10 14:02:14.417, 6, 77419 MiB, 100 %, 242.81 W, 1980 MHz, 15 %, 36
2026/10/10 14:02:14.417, 7, 77419 MiB, 100 %, 279.02 W, 1980 MHz, 15 %, 70
2026/10/10 14:02:15.418, 0, 77419 MiB, 100 %, 252.10 W, 1980 MHz, 16 %, 35
2026/10/10 14:02:15.418, 1, 77419 MiB, 100 %, 269.77 W, 1980 MHz, 15 %, 59
2026/10/10 14:02:15.418, 2, 77419 MiB, 100 %, 252.56 W, 1980 MHz, 16 %, 39
2026/10/10 14:02:15.418, 3, 77419 MiB, 100 %, 247.94 W, 1980 MHz, 15 %, 33
2026/10/10 14:02:15.418, 4, 77419 MiB, 100 %, 246.25 W, 1980 MHz, 16 %, 34
2026/10/10 14:02:15.418, 5, 77419 MiB, 100 %, 253.35 W, 1980 MHz, 16 %, 38
2026/10/10 14:02:15.418, 6, 77419 MiB, 100 %, 240.86 W, 1980 MHz, 16 %, 35
2026/10/10 14:02:15.418, 7, 77419 MiB, 100 %, 278.33 W, 1980 MHz, 15 %, 70
2026/10/10 14:02:16.418, 0, 77419 MiB, 100 %, 252.63 W, 1980 MHz, 16 %, 35
2026/10/10 14:02:16.418, 1, 77419 MiB, 100 %, 266.91 W, 1980 MHz, 15 %, 59
2026/10/10 14:02:16.418, 2, 77419 MiB, 100 %, 253.19 W, 1980 MHz, 16 %, 39
2026/10/10 14:02:16.418, 3, 77419 MiB, 100 %, 247.00 W, 1980 MHz, 15 %, 33
2026/10/10 14:02:16.419, 4, 77419 MiB, 100 %, 249.35 W, 1980 MHz, 16 %, 34
2026/10/10 14:02:16.419, 5, 77419 MiB, 100 %, 251.68 W, 1980 MHz, 16 %, 38
2026/10/10 14:02:16.419, 6, 77419 MiB, 100 %, 241.53 W, 1980 MHz, 15 %, 35
2026/10/10 14:02:16.419, 7, 77419 MiB, 100 %, 278.59 W, 1980 MHz, 15 %, 70
2026/10/10 14:02:17.419, 0, 77419 MiB, 100 %, 252.57 W, 1980 MHz, 16 %, 35
2026/10/10 14:02:17.419, 1, 77419 MiB, 100 %, 267.51 W, 1980 MHz, 15 %, 59
2026/10/10 14:02:17.419, 2, 77419 MiB, 100 %, 252.51 W, 1980 MHz, 15 %, 39
2026/10/10 14:02:17.419, 3, 77419 MiB, 100 %, 248.69 W, 1980 MHz, 15 %, 33
2026/10/10 14:02:17.419, 4, 77419 MiB, 100 %, 247.49 W, 1980 MHz, 16 %, 34
2026/10/10 14:02:17.419, 5, 77419 MiB, 100 %, 251.32 W, 1980 MHz, 15 %, 38
2026/10/10 14:02:17.419, 6, 77419 MiB, 100 %, 240.99 W, 1980 MHz, 15 %, 35
2026/10/10 14:02:17.419, 7, 77419 MiB, 100 %, 279.42 W, 1980 MHz, 15 %, 70
2026/10/10 14:02:18.420, 0, 77419 MiB, 100 %, 249.78 W, 1980 MHz, 15 %, 35
2026/10/10 14:02:18.420, 1, 77419 MiB, 100 %, 269.16 W, 1980 MHz, 15 %, 59
2026/10/10 14:02:18.420, 2, 77419 MiB, 100 %, 252.68 W, 1980 MHz, 15 %, 39
2026/10/10 14:02:18.420, 3, 77419 MiB, 100 %, 246.07 W, 1980 MHz, 15 %, 33
2026/10/10 14:02:18.420, 4, 77419 MiB, 100 %, 246.46 W, 1980 MHz, 16 %, 34
2026/10/10 14:02:18.420, 5, 77419 MiB, 100 %, 252.31 W, 1980 MHz, 16 %, 38
2026/10/10 14:02:18.420, 6, 77419 MiB, 100 %, 240.88 W, 1980 MHz, 15 %, 35
2026/10/10 14:02:18.420, 7, 77419 MiB, 100 %, 280.00 W, 1980 MHz, 15 %, 70
2026/10/10 14:02:19.420, 0, 77419 MiB, 100 %, 252.76 W, 1980 MHz, 16 %, 35
2026/10/10 14:02:19.420, 1, 77419 MiB, 100 %, 268.99 W, 1980 MHz, 15 %, 59
2026/10/10 14:02:19.420, 2, 77419 MiB, 100 %, 251.69 W, 1980 MHz, 15 %, 39
2026/10/10 14:02:19.420, 3, 77419 MiB, 100 %, 246.60 W, 1980 MHz, 15 %, 33
2026/10/10 14:02:19.420, 4, 77419 MiB, 100 %, 247.38 W, 1980 MHz, 16 %, 34
2026/10/10 14:02:19.420, 5, 77419 MiB, 100 %, 252.98 W, 1980 MHz, 16 %, 38
2026/10/10 14:02:19.421, 6, 77419 MiB, 100 %, 240.06 W, 1980 MHz, 15 %, 35
2026/10/10 14:02:19.421, 7, 77419 MiB, 100 %, 280.97 W, 1980 MHz, 15 %, 70
2026/10/10 14:02:20.421, 0, 77419 MiB, 100 %, 251.88 W, 1980 MHz, 16 %, 35
2026/10/10 14:02:20.421, 1, 77419 MiB, 100 %, 267.88 W, 1980 MHz, 15 %, 59
2026/10/10 14:02:20.421, 2, 77419 MiB, 100 %, 252.76 W, 1980 MHz, 16 %, 39
2026/10/10 14:02:20.421, 3, 77419 MiB, 100 %, 245.49 W, 1980 MHz, 15 %, 33
2026/10/10 14:02:20.421, 4, 77419 MiB, 100 %, 249.28 W, 1980 MHz, 16 %, 34
2026/10/10 14:02:20.421, 5, 77419 MiB, 100 %, 252.47 W, 1980 MHz, 16 %, 38
2026/10/10 14:02:20.421, 6, 77419 MiB, 100 %, 239.91 W, 1980 MHz, 15 %, 35
2026/10/10 14:02:20.421, 7, 77419 MiB, 100 %, 278.81 W, 1980 MHz, 15 %, 70
2026/10/10 14:02:21.421, 0, 77419 MiB, 100 %, 251.68 W, 1980 MHz, 16 %, 35
2026/10/10 14:02:21.422, 1, 77419 MiB, 100 %, 267.46 W, 1980 MHz, 15 %, 59
2026/10/10 14:02:21.422, 2, 77419 MiB, 100 %, 253.23 W, 1980 MHz, 16 %, 39
2026/10/10 14:02:21.422, 3, 77419 MiB, 100 %, 247.31 W, 1980 MHz, 15 %, 33
2026/10/10 14:02:21.422, 4, 77419 MiB, 100 %, 247.55 W, 1980 MHz, 16 %, 34
2026/10/10 14:02:21.422, 5, 77419 MiB, 100 %, 251.81 W, 1980 MHz, 15 %, 38
2026/10/10 14:02:21.422, 6, 77419 MiB, 100 %, 239.64 W, 1980 MHz, 15 %, 35
2026/10/10 14:02:21.422, 7, 77419 MiB, 100 %, 278.23 W, 1980 MHz, 15 %, 70
2026/10/10 14:02:22.422, 0, 77419 MiB, 100 %, 251.79 W, 1980 MHz, 16 %, 35
2026/10/10 14:02:22.422, 1, 77419 MiB, 100 %, 267.98 W, 1980 MHz, 15 %, 59
2026/10/10 14:02:22.422, 2, 77419 MiB, 100 %, 254.37 W, 1980 MHz, 15 %, 39
2026/10/10 14:02:22.422, 3, 77419 MiB, 100 %, 246.27 W, 1980 MHz, 15 %, 33
2026/10/10 14:02:22.422, 4, 77419 MiB, 100 %, 248.01 W, 1980 MHz, 16 %, 34
2026/10/10 14:02:22.422, 5, 77419 MiB, 100 %, 250.79 W, 1980 MHz, 16 %, 38
2026/10/10 14:02:22.423, 6, 77419 MiB, 100 %, 240.74 W, 1980 MHz, 15 %, 35
2026/10/10 14:02:22.423, 7, 77419 MiB, 100 %, 277.67 W, 1980 MHz, 15 %, 70
2026/10/10 14:02:23.423, 0, 77419 MiB, 100 %, 554.58 W, 1950 MHz, 45 %, 48
2026/10/10 14:02:23.423, 1, 77419 MiB, 100 %, 571.94 W, 1935 MHz, 45 %, 69
2026/10/10 14:02:23.423, 2, 77419 MiB, 100 %, 543.72 W, 1950 MHz, 46 %, 47
2026/10/10 14:02:23.423, 3, 77419 MiB, 100 %, 524.16 W, 1935 MHz, 45 %, 46
2026/10/10 14:02:23.423, 4, 77419 MiB, 100 %, 524.93 W, 1965 MHz, 44 %, 48
2026/10/10 14:02:23.423, 5, 77419 MiB, 100 %, 523.89 W, 1965 MHz, 45 %, 50
2026/10/10 14:02:23.423, 6, 77419 MiB, 100 %, 529.27 W, 1935 MHz, 45 %, 50
2026/10/10 14:02:23.423, 7, 77419 MiB, 100 %, 548.91 W, 1875 MHz, 45 %, 81
2026/10/10 14:02:24.423, 0, 77419 MiB, 100 %, 680.59 W, 1965 MHz, 46 %, 50
2026/10/10 14:02:24.424, 1, 77419 MiB, 100 %, 689.85 W, 1950 MHz, 45 %, 69
2026/10/10 14:02:24.424, 2, 77419 MiB, 100 %, 669.26 W, 1965 MHz, 45 %, 48
2026/10/10 14:02:24.424, 3, 77419 MiB, 100 %, 680.94 W, 1860 MHz, 45 %, 48
2026/10/10 14:02:24.424, 4, 77419 MiB, 100 %, 683.18 W, 1965 MHz, 45 %, 50
2026/10/10 14:02:24.424, 5, 77419 MiB, 100 %, 684.42 W, 1950 MHz, 45 %, 53
2026/10/10 14:02:24.424, 6, 77419 MiB, 100 %, 684.85 W, 1920 MHz, 45 %, 53
2026/10/10 14:02:24.424, 7, 77419 MiB, 100 %, 688.23 W, 1770 MHz, 45 %, 83
2026/10/10 14:02:25.424, 0, 77419 MiB, 100 %, 357.05 W, 1980 MHz, 16 %, 37
2026/10/10 14:02:25.424, 1, 77419 MiB, 100 %, 359.95 W, 1980 MHz, 15 %, 60
2026/10/10 14:02:25.424, 2, 77419 MiB, 100 %, 347.66 W, 1980 MHz, 15 %, 40
2026/10/10 14:02:25.424, 3, 77419 MiB, 100 %, 369.91 W, 1980 MHz, 16 %, 36
2026/10/10 14:02:25.424, 4, 77419 MiB, 100 %, 364.34 W, 1980 MHz, 15 %, 37
2026/10/10 14:02:25.424, 5, 77419 MiB, 100 %, 370.79 W, 1980 MHz, 15 %, 41
2026/10/10 14:02:25.424, 6, 77419 MiB, 100 %, 368.93 W, 1980 MHz, 15 %, 40
2026/10/10 14:02:25.425, 7, 77419 MiB, 100 %, 387.24 W, 1980 MHz, 16 %, 72
2026/10/10 14:02:26.425, 0, 77419 MiB, 100 %, 254.11 W, 1980 MHz, 15 %, 36
2026/10/10 14:02:26.425, 1, 77419 MiB, 100 %, 271.21 W, 1980 MHz, 16 %, 59
2026/10/10 14:02:26.425, 2, 77419 MiB, 100 %, 250.11 W, 1980 MHz, 15 %, 39
2026/10/10 14:02:26.425, 3, 77419 MiB, 100 %, 251.93 W, 1980 MHz, 15 %, 35
2026/10/10 14:02:26.425, 4, 77419 MiB, 100 %, 245.15 W, 1980 MHz, 15 %, 35
2026/10/10 14:02:26.425, 5, 77419 MiB, 100 %, 252.60 W, 1980 MHz, 16 %, 39
2026/10/10 14:02:26.425, 6, 77419 MiB, 100 %, 244.19 W, 1980 MHz, 15 %, 37
2026/10/10 14:02:26.425, 7, 77419 MiB, 100 %, 284.12 W, 1980 MHz, 16 %, 71
2026/10/10 14:02:27.425, 0, 77419 MiB, 100 %, 253.25 W, 1980 MHz, 15 %, 36
2026/10/10 14:02:27.425, 1, 77419 MiB, 100 %, 268.63 W, 1980 MHz, 15 %, 59
2026/10/10 14:02:27.425, 2, 77419 MiB, 100 %, 248.14 W, 1980 MHz, 15 %, 39
2026/10/10 14:02:27.425, 3, 77419 MiB, 100 %, 250.88 W, 1980 MHz, 15 %, 34
2026/10/10 14:02:27.426, 4, 77419 MiB, 100 %, 243.34 W, 1980 MHz, 15 %, 35
2026/10/10 14:02:27.426, 5, 77419 MiB, 100 %, 250.83 W, 1980 MHz, 15 %, 39
2026/10/10 14:02:27.426, 6, 77419 MiB, 100 %, 245.81 W, 1980 MHz, 16 %, 37
2026/10/10 14:02:27.426, 7, 77419 MiB, 100 %, 283.51 W, 1980 MHz, 15 %, 71
2026/10/10 14:02:28.426, 0, 77419 MiB, 100 %, 252.97 W, 1980 MHz, 16 %, 36
2026/10/10 14:02:28.426, 1, 77419 MiB, 100 %, 269.47 W, 1980 MHz, 15 %, 59
2026/10/10 14:02:28.426, 2, 77419 MiB, 100 %, 247.47 W, 1980 MHz, 15 %, 39
2026/10/10 14:02:28.426, 3, 77419 MiB, 100 %, 248.55 W, 1980 MHz, 15 %, 34
2026/10/10 14:02:28.426, 4, 77419 MiB, 100 %, 245.60 W, 1980 MHz, 16 %, 35
2026/10/10 14:02:28.426, 5, 77419 MiB, 100 %, 252.13 W, 1980 MHz, 15 %, 39
2026/10/10 14:02:28.426, 6, 77419 MiB, 100 %, 243.79 W, 1980 MHz, 16 %, 36
2026/10/10 14:02:28.426, 7, 77419 MiB, 100 %, 284.31 W, 1980 MHz, 16 %, 71
2026/10/10 14:02:29.426, 0, 77419 MiB, 100 %, 252.30 W, 1980 MHz, 15 %, 35
2026/10/10 14:02:29.427, 1, 77419 MiB, 100 %, 268.58 W, 1980 MHz, 15 %, 59
2026/10/10 14:02:29.427, 2, 77419 MiB, 100 %, 249.05 W, 1980 MHz, 15 %, 39
2026/10/10 14:02:29.427, 3, 77419 MiB, 100 %, 250.14 W, 1980 MHz, 15 %, 34
2026/10/10 14:02:29.427, 4, 77419 MiB, 100 %, 243.95 W, 1980 MHz, 15 %, 34
2026/10/10 14:02:29.427, 5, 77419 MiB, 100 %, 253.25 W, 1980 MHz, 16 %, 38
2026/10/10 14:02:29.427, 6, 77419 MiB, 100 %, 244.60 W, 1980 MHz, 16 %, 36
2026/10/10 14:02:29.427, 7, 77419 MiB, 100 %, 282.31 W, 1980 MHz, 15 %, 71
2026/10/10 14:02:30.427, 0, 77419 MiB, 100 %, 251.60 W, 1980 MHz, 15 %, 35
2026/10/10 14:02:30.427, 1, 77419 MiB, 100 %, 269.84 W, 1980 MHz, 15 %, 59
2026/10/10 14:02:30.427, 2, 77419 MiB, 100 %, 248.60 W, 1980 MHz, 15 %, 39
2026/10/10 14:02:30.427, 3, 77419 MiB, 100 %, 249.64 W, 1980 MHz, 16 %, 34
2026/10/10 14:02:30.427, 4, 77419 MiB, 100 %, 244.76 W, 1980 MHz, 15 %, 34
2026/10/10 14:02:30.427, 5, 77419 MiB, 100 %, 251.63 W, 1980 MHz, 16 %, 38
2026/10/10 14:02:30.427, 6, 77419 MiB, 100 %, 244.46 W, 1980 MHz, 15 %, 36
2026/10/10 14:02:30.428, 7, 77419 MiB, 100 %, 283.28 W, 1980 MHz, 15 %, 71
2026/10/10 14:02:31.428, 0, 77419 MiB, 100 %, 253.68 W, 1980 MHz, 16 %, 35
2026/10/10 14:02:31.428, 1, 77419 MiB, 100 %, 268.43 W, 1980 MHz, 15 %, 59
2026/10/10 14:02:31.428, 2, 77419 MiB, 100 %, 249.73 W, 1980 MHz, 15 %, 39
2026/10/10 14:02:31.428, 3, 77419 MiB, 100 %, 248.15 W, 1980 MHz, 15 %, 34
2026/10/10 14:02:31.428, 4, 77419 MiB, 100 %, 244.96 W, 1980 MHz, 15 %, 34
2026/10/10 14:02:31.428, 5, 77419 MiB, 100 %, 252.46 W, 1980 MHz, 15 %, 38
2026/10/10 14:02:31.428, 6, 77419 MiB, 100 %, 243.17 W, 1980 MHz, 16 %, 36
2026/10/10 14:02:31.428, 7, 77419 MiB, 100 %, 282.86 W, 1980 MHz, 15 %, 71
2026/10/10 14:02:32.428, 0, 77419 MiB, 100 %, 253.25 W, 1980 MHz, 15 %, 35
2026/10/10 14:02:32.428, 1, 77419 MiB, 100 %, 268.54 W, 1980 MHz, 16 %, 59
2026/10/10 14:02:32.428, 2, 77419 MiB, 100 %, 247.17 W, 1980 MHz, 15 %, 39
2026/10/10 14:02:32.429, 3, 77419 MiB, 100 %, 249.25 W, 1980 MHz, 16 %, 34
2026/10/10 14:02:32.429, 4, 77419 MiB, 100 %, 243.64 W, 1980 MHz, 15 %, 34
2026/10/10 14:02:32.429, 5, 77419 MiB, 100 %, 250.67 W, 1980 MHz, 16 %, 38
2026/10/10 14:02:32.429, 6, 77419 MiB, 100 %, 244.67 W, 1980 MHz, 16 %, 36
2026/10/10 14:02:32.429, 7, 77419 MiB, 100 %, 282.61 W, 1980 MHz, 15 %, 71
2026/10/10 14:02:33.429, 0, 77419 MiB, 100 %, 252.54 W, 1980 MHz, 16 %, 35
2026/10/10 14:02:33.430, 1, 77419 MiB, 100 %, 268.38 W, 1980 MHz, 15 %, 59
2026/10/10 14:02:33.430, 2, 77419 MiB, 100 %, 248.94 W, 1980 MHz, 15 %, 39
2026/10/10 14:02:33.430, 3, 77419 MiB, 100 %, 250.29 W, 1980 MHz, 16 %, 33
2026/10/10 14:02:33.430, 4, 77419 MiB, 100 %, 243.82 W, 1980 MHz, 15 %, 34
2026/10/10 14:02:33.430, 5, 77419 MiB, 100 %, 251.53 W, 1980 MHz, 16 %, 38
2026/10/10 14:02:33.430, 6, 77419 MiB, 100 %, 246.13 W, 1980 MHz, 16 %, 36
2026/10/10 14:02:33.430, 7, 77419 MiB, 100 %, 284.53 W, 1980 MHz, 16 %, 71
2026/10/10 14:02:34.430, 0, 77419 MiB, 100 %, 252.38 W, 1980 MHz, 15 %, 35
2026/10/10 14:02:34.430, 1, 77419 MiB, 100 %, 269.13 W, 1980 MHz, 15 %, 59
2026/10/10 14:02:34.430, 2, 77419 MiB, 100 %, 248.45 W, 1980 MHz, 15 %, 39
2026/10/10 14:02:34.430, 3, 77419 MiB, 100 %, 250.85 W, 1980 MHz, 16 %, 33
2026/10/10 14:02:34.430, 4, 77419 MiB, 100 %, 244.33 W, 1980 MHz, 15 %, 34
2026/10/10 14:02:34.430, 5, 77419 MiB, 100 %, 252.23 W, 1980 MHz, 15 %, 38
2026/10/10 14:02:34.430, 6, 77419 MiB, 100 %, 243.57 W, 1980 MHz, 16 %, 36
2026/10/10 14:02:34.431, 7, 77419 MiB, 100 %, 282.42 W, 1980 MHz, 15 %, 71
2026/10/10 14:02:35.431, 0, 77419 MiB, 100 %, 250.61 W, 1980 MHz, 15 %, 35
2026/10/10 14:02:35.431, 1, 77419 MiB, 100 %, 268.73 W, 1980 MHz, 15 %, 59
2026/10/10 14:02:35.431, 2, 77419 MiB, 100 %, 247.82 W, 1980 MHz, 15 %, 39
2026/10/10 14:02:35.431, 3, 77419 MiB, 100 %, 251.17 W, 1980 MHz, 15 %, 33
2026/10/10 14:02:35.431, 4, 77419 MiB, 100 %, 245.59 W, 1980 MHz, 15 %, 34
2026/10/10 14:02:35.431, 5, 77419 MiB, 100 %, 250.73 W, 1980 MHz, 15 %, 38
2026/10/10 14:02:35.431, 6, 77419 MiB, 100 %, 245.39 W, 1980 MHz, 16 %, 36
2026/10/10 14:02:35.431, 7, 77419 MiB, 100 %, 281.67 W, 1980 MHz, 15 %, 71
2026/10/10 14:02:36.431, 0, 77419 MiB, 100 %, 252.47 W, 1980 MHz, 15 %, 35
2026/10/10 14:02:36.431, 1, 77419 MiB, 100 %, 269.40 W, 1980 MHz, 15 %, 59
2026/10/10 14:02:36.432, 2, 77419 MiB, 100 %, 248.04 W, 1980 MHz, 15 %, 39
2026/10/10 14:02:36.432, 3, 77419 MiB, 100 %, 250.16 W, 1980 MHz, 16 %, 33
2026/10/10 14:02:36.432, 4, 77419 MiB, 100 %, 245.24 W, 1980 MHz, 15 %, 34
2026/10/10 14:02:36.432, 5, 77419 MiB, 100 %, 252.11 W, 1980 MHz, 15 %, 38
2026/10/10 14:02:36.432, 6, 77419 MiB, 100 %, 244.68 W, 1980 MHz, 16 %, 36
2026/10/10 14:02:36.432, 7, 77419 MiB, 100 %, 281.64 W, 1980 MHz, 16 %, 70
2026/10/10 14:02:37.432, 0, 77419 MiB, 100 %, 252.50 W, 1980 MHz, 15 %, 35
2026/10/10 14:02:37.433, 1, 77419 MiB, 100 %, 268.67 W, 1980 MHz, 15 %, 59
2026/10/10 14:02:37.433, 2, 77419 MiB, 100 %, 248.50 W, 1980 MHz, 15 %, 39
2026/10/10 14:02:37.433, 3, 77419 MiB, 100 %, 251.14 W, 1980 MHz, 15 %, 33
2026/10/10 14:02:37.433, 4, 77419 MiB, 100 %, 244.60 W, 1980 MHz, 15 %, 34
2026/10/10 14:02:37.433, 5, 77419 MiB, 100 %, 250.63 W, 1980 MHz, 15 %, 38
2026/10/10 14:02:37.433, 6, 77419 MiB, 100 %, 242.67 W, 1980 MHz, 16 %, 36
2026/10/10 14:02:37.433, 7, 77419 MiB, 100 %, 282.96 W, 1980 MHz, 16 %, 70
2026/10/10 14:02:38.433, 0, 77419 MiB, 100 %, 252.15 W, 1980 MHz, 15 %, 35
2026/10/10 14:02:38.433, 1, 77419 MiB, 100 %, 269.20 W, 1980 MHz, 15 %, 59
2026/10/10 14:02:38.434, 2, 77419 MiB, 100 %, 249.05 W, 1980 MHz, 15 %, 39
2026/10/10 14:02:38.434, 3, 77419 MiB, 100 %, 249.44 W, 1980 MHz, 16 %, 33
2026/10/10 14:02:38.434, 4, 77419 MiB, 100 %, 244.54 W, 1980 MHz, 15 %, 34
2026/10/10 14:02:38.434, 5, 77419 MiB, 100 %, 250.66 W, 1980 MHz, 15 %, 38
2026/10/10 14:02:38.434, 6, 77419 MiB, 100 %, 243.55 W, 1980 MHz, 16 %, 35
2026/10/10 14:02:38.434, 7, 77419 MiB, 100 %, 282.55 W, 1980 MHz, 16 %, 70
2026/10/10 14:02:39.434, 0, 77419 MiB, 100 %, 252.74 W, 1980 MHz, 16 %, 35
2026/10/10 14:02:39.434, 1, 77419 MiB, 100 %, 268.14 W, 1980 MHz, 15 %, 59
2026/10/10 14:02:39.434, 2, 77419 MiB, 100 %, 249.07 W, 1980 MHz, 15 %, 39
2026/10/10 14:02:39.434, 3, 77419 MiB, 100 %, 249.52 W, 1980 MHz, 15 %, 33
2026/10/10 14:02:39.434, 4, 77419 MiB, 100 %, 245.52 W, 1980 MHz, 15 %, 34
2026/10/10 14:02:39.434, 5, 77419 MiB, 100 %, 250.94 W, 1980 MHz, 15 %, 38
2026/10/10 14:02:39.434, 6, 77419 MiB, 100 %, 244.13 W, 1980 MHz, 16 %, 36
2026/10/10 14:02:39.435, 7, 77419 MiB, 100 %, 284.18 W, 1980 MHz, 16 %, 70
2026/10/10 14:02:40.435, 0, 77419 MiB, 100 %, 250.10 W, 1980 MHz, 15 %, 35
2026/10/10 14:02:40.435, 1, 77419 MiB, 100 %, 268.68 W, 1980 MHz, 15 %, 59
2026/10/10 14:02:40.435, 2, 77419 MiB, 100 %, 249.49 W, 1980 MHz, 15 %, 39
2026/10/10 14:02:40.435, 3, 77419 MiB, 100 %, 251.00 W, 1980 MHz, 16 %, 33
2026/10/10 14:02:40.435, 4, 77419 MiB, 100 %, 245.13 W, 1980 MHz, 15 %, 34
2026/10/10 14:02:40.435, 5, 77419 MiB, 100 %, 251.89 W, 1980 MHz, 15 %, 38
2026/10/10 14:02:40.435, 6, 77419 MiB, 100 %, 244.62 W, 1980 MHz, 16 %, 35
2026/10/10 14:02:40.435, 7, 77419 MiB, 100 %, 284.18 W, 1980 MHz, 15 %, 70
2026/10/10 14:02:41.435, 0, 77419 MiB, 100 %, 252.55 W, 1980 MHz, 15 %, 35
2026/10/10 14:02:41.435, 1, 77419 MiB, 100 %, 270.63 W, 1980 MHz, 16 %, 59
2026/10/10 14:02:41.436, 2, 77419 MiB, 100 %, 247.82 W, 1980 MHz, 15 %, 39
2026/10/10 14:02:41.436, 3, 77419 MiB, 100 %, 248.60 W, 1980 MHz, 16 %, 33
2026/10/10 14:02:41.436, 4, 77419 MiB, 100 %, 244.06 W, 1980 MHz, 15 %, 34
2026/10/10 14:02:41.436, 5, 77419 MiB, 100 %, 251.56 W, 1980 MHz, 15 %, 38
2026/10/10 14:02:41.436, 6, 77419 MiB, 100 %, 244.74 W, 1980 MHz, 16 %, 35
2026/10/10 14:02:41.436, 7, 77419 MiB, 100 %, 281.24 W, 1980 MHz, 16 %, 70
2026/10/10 14:02:42.436, 0, 77419 MiB, 100 %, 252.22 W, 1980 MHz, 15 %, 35
2026/10/10 14:02:42.437, 1, 77419 MiB, 100 %, 267.51 W, 1980 MHz, 15 %, 59
2026/10/10 14:02:42.437, 2, 77419 MiB, 100 %, 247.46 W, 1980 MHz, 15 %, 38
2026/10/10 14:02:42.437, 3, 77419 MiB, 100 %, 248.54 W, 1980 MHz, 15 %, 33
2026/10/10 14:02:42.437, 4, 77419 MiB, 100 %, 242.65 W, 1980 MHz, 15 %, 34
2026/10/10 14:02:42.437, 5, 77419 MiB, 100 %, 250.72 W, 1980 MHz, 15 %, 38
2026/10/10 14:02:42.437, 6, 77419 MiB, 100 %, 245.36 W, 1980 MHz, 16 %, 35
2026/10/10 14:02:42.437, 7, 77419 MiB, 100 %, 281.80 W, 1980 MHz, 16 %, 70
2026/10/10 14:02:43.437, 0, 77419 MiB, 0 %, 277.69 W, 1980 MHz, 0 %, 32
2026/10/10 14:02:43.437, 1, 77419 MiB, 15 %, 311.08 W, 1905 MHz, 6 %, 64
2026/10/10 14:02:43.437, 2, 77419 MiB, 8 %, 284.34 W, 1950 MHz, 1 %, 45
2026/10/10 14:02:43.437, 3, 77419 MiB, 18 %, 248.49 W, 1980 MHz, 9 %, 39
2026/10/10 14:02:43.437, 4, 77419 MiB, 1 %, 247.13 W, 1980 MHz, 0 %, 38
2026/10/10 14:02:43.437, 5, 77419 MiB, 0 %, 255.80 W, 1980 MHz, 0 %, 39
2026/10/10 14:02:43.437, 6, 77419 MiB, 45 %, 250.54 W, 1980 MHz, 21 %, 34
2026/10/10 14:02:43.438, 7, 77419 MiB, 0 %, 287.65 W, 1965 MHz, 0 %, 74
2026/10/10 14:02:44.438, 0, 77419 MiB, 100 %, 699.22 W, 1935 MHz, 37 %, 49
2026/10/10 14:02:44.438, 1, 77419 MiB, 100 %, 697.94 W, 1785 MHz, 38 %, 68
2026/10/10 14:02:44.438, 2, 77419 MiB, 100 %, 676.63 W, 1965 MHz, 38 %, 49
2026/10/10 14:02:44.438, 3, 77419 MiB, 100 %, 692.40 W, 1890 MHz, 38 %, 47
2026/10/10 14:02:44.438, 4, 77419 MiB, 100 %, 687.95 W, 1965 MHz, 37 %, 49
2026/10/10 14:02:44.438, 5, 77419 MiB, 100 %, 683.63 W, 1935 MHz, 37 %, 52
2026/10/10 14:02:44.438, 6, 77419 MiB, 100 %, 696.17 W, 1935 MHz, 41 %, 49
2026/10/10 14:02:44.438, 7, 77419 MiB, 100 %, 694.49 W, 1890 MHz, 38 %, 82
2026/10/10 14:02:45.438, 0, 77419 MiB, 100 %, 630.79 W, 1965 MHz, 37 %, 44
2026/10/10 14:02:45.438, 1, 77419 MiB, 100 %, 612.63 W, 1965 MHz, 23 %, 62
2026/10/10 14:02:45.438, 2, 77419 MiB, 100 %, 612.51 W, 1965 MHz, 40 %, 43
2026/10/10 14:02:45.439, 3, 77419 MiB, 100 %, 648.70 W, 1965 MHz, 23 %, 41
2026/10/10 14:02:45.439, 4, 77419 MiB, 100 %, 650.68 W, 1965 MHz, 27 %, 43
2026/10/10 14:02:45.439, 5, 77419 MiB, 100 %, 642.22 W, 1965 MHz, 32 %, 47
2026/10/10 14:02:45.439, 6, 77419 MiB, 100 %, 639.44 W, 1965 MHz, 17 %, 49
2026/10/10 14:02:45.439, 7, 77419 MiB, 100 %, 639.85 W, 1965 MHz, 27 %, 76
2026/10/10 14:02:46.439, 0, 77419 MiB, 100 %, 250.38 W, 1980 MHz, 16 %, 37
2026/10/10 14:02:46.439, 1, 77419 MiB, 100 %, 265.80 W, 1980 MHz, 15 %, 59
2026/10/10 14:02:46.439, 2, 77419 MiB, 100 %, 249.37 W, 1980 MHz, 15 %, 40
2026/10/10 14:02:46.439, 3, 77419 MiB, 100 %, 250.18 W, 1980 MHz, 16 %, 35
2026/10/10 14:02:46.439, 4, 77419 MiB, 100 %, 244.94 W, 1980 MHz, 16 %, 36
2026/10/10 14:02:46.439, 5, 77419 MiB, 100 %, 250.47 W, 1980 MHz, 15 %, 40
2026/10/10 14:02:46.439, 6, 77419 MiB, 100 %, 244.26 W, 1980 MHz, 16 %, 39
2026/10/10 14:02:46.439, 7, 77419 MiB, 100 %, 284.56 W, 1980 MHz, 16 %, 72
2026/10/10 14:02:47.439, 0, 77419 MiB, 100 %, 252.37 W, 1980 MHz, 15 %, 36
2026/10/10 14:02:47.440, 1, 77419 MiB, 100 %, 265.35 W, 1980 MHz, 15 %, 59
2026/10/10 14:02:47.440, 2, 77419 MiB, 100 %, 249.54 W, 1980 MHz, 15 %, 39
2026/10/10 14:02:47.440, 3, 77419 MiB, 100 %, 253.25 W, 1980 MHz, 16 %, 34
2026/10/10 14:02:47.440, 4, 77419 MiB, 100 %, 243.76 W, 1980 MHz, 15 %, 35
2026/10/10 14:02:47.440, 5, 77419 MiB, 100 %, 251.42 W, 1980 MHz, 15 %, 39
2026/10/10 14:02:47.440, 6, 77419 MiB, 100 %, 244.09 W, 1980 MHz, 15 %, 37
2026/10/10 14:02:47.440, 7, 77419 MiB, 100 %, 281.19 W, 1980 MHz, 16 %, 71
2026/10/10 14:02:48.440, 0, 77419 MiB, 100 %, 251.26 W, 1980 MHz, 16 %, 36
2026/10/10 14:02:48.440, 1, 77419 MiB, 100 %, 266.82 W, 1980 MHz, 15 %, 59
2026/10/10 14:02:48.440, 2, 77419 MiB, 100 %, 248.99 W, 1980 MHz, 15 %, 39
2026/10/10 14:02:48.440, 3, 77419 MiB, 100 %, 252.02 W, 1980 MHz, 16 %, 34
2026/10/10 14:02:48.440, 4, 77419 MiB, 100 %, 244.14 W, 1980 MHz, 15 %, 35
2026/10/10 14:02:48.440, 5, 77419 MiB, 100 %, 251.26 W, 1980 MHz, 15 %, 39
2026/10/10 14:02:48.440, 6, 77419 MiB, 100 %, 243.10 W, 1980 MHz, 15 %, 37
2026/10/10 14:02:48.440, 7, 77419 MiB, 100 %, 281.72 W, 1980 MHz, 15 %, 71
2026/10/10 14:02:49.441, 0, 77419 MiB, 100 %, 252.55 W, 1980 MHz, 16 %, 35
2026/10/10 14:02:49.441, 1, 77419 MiB, 100 %, 267.74 W, 1980 MHz, 15 %, 59
2026/10/10 14:02:49.441, 2, 77419 MiB, 100 %, 248.69 W, 1980 MHz, 15 %, 39
2026/10/10 14:02:49.441, 3, 77419 MiB, 100 %, 251.28 W, 1980 MHz, 16 %, 34
2026/10/10 14:02:49.441, 4, 77419 MiB, 100 %, 244.46 W, 1980 MHz, 16 %, 34
2026/10/10 14:02:49.441, 5, 77419 MiB, 100 %, 251.05 W, 1980 MHz, 15 %, 38
2026/10/10 14:02:49.441, 6, 77419 MiB, 100 %, 242.18 W, 1980 MHz, 15 %, 36
2026/10/10 14:02:49.441, 7, 77419 MiB, 100 %, 280.48 W, 1980 MHz, 16 %, 71
2026/10/10 14:02:50.441, 0, 77419 MiB, 100 %, 251.47 W, 1980 MHz, 15 %, 35
2026/10/10 14:02:50.441, 1, 77419 MiB, 100 %, 268.23 W, 1980 MHz, 15 %, 59
2026/10/10 14:02:50.441, 2, 77419 MiB, 100 %, 248.64 W, 1980 MHz, 15 %, 39
2026/10/10 14:02:50.442, 3, 77419 MiB, 100 %, 250.18 W, 1980 MHz, 16 %, 34
2026/10/10 14:02:50.442, 4, 77419 MiB, 100 %, 241.74 W, 1980 MHz, 15 %, 34
2026/10/10 14:02:50.442, 5, 77419 MiB, 100 %, 251.84 W, 1980 MHz, 16 %, 38
2026/10/10 14:02:50.442, 6, 77419 MiB, 100 %, 243.54 W, 1980 MHz, 15 %, 36
2026/10/10 14:02:50.442, 7, 77419 MiB, 100 %, 280.48 W, 1980 MHz, 15 %, 71
2026/10/10 14:02:51.442, 0, 77419 MiB, 100 %, 251.32 W, 1980 MHz, 15 %, 35
2026/10/10 14:02:51.442, 1, 77419 MiB, 100 %, 268.17 W, 1980 MHz, 15 %, 59
2026/10/10 14:02:51.442, 2, 77419 MiB, 100 %, 247.87 W, 1980 MHz, 15 %, 39
2026/10/10 14:02:51.442, 3, 77419 MiB, 100 %, 250.65 W, 1980 MHz, 16 %, 34
2026/10/10 14:02:51.442, 4, 77419 MiB, 100 %, 243.12 W, 1980 MHz, 16 %, 34
2026/10/10 14:02:51.442, 5, 77419 MiB, 100 %, 252.31 W, 1980 MHz, 15 %, 38
2026/10/10 14:02:51.442, 6, 77419 MiB, 100 %, 242.55 W, 1980 MHz, 15 %, 36
2026/10/10 14:02:51.442, 7, 77419 MiB, 100 %, 282.21 W, 1980 MHz, 16 %, 71
2026/10/10 14:02:52.443, 0, 77419 MiB, 100 %, 250.91 W, 1980 MHz, 15 %, 35
2026/10/10 14:02:52.443, 1, 77419 MiB, 100 %, 270.18 W, 1980 MHz, 15 %, 59
2026/10/10 14:02:52.443, 2, 77419 MiB, 100 %, 248.04 W, 1980 MHz, 15 %, 39
2026/10/10 14:02:52.443, 3, 77419 MiB, 100 %, 251.59 W, 1980 MHz, 16 %, 34
2026/10/10 14:02:52.443, 4, 77419 MiB, 100 %, 242.92 W, 1980 MHz, 16 %, 34
2026/10/10 14:02:52.443, 5, 77419 MiB, 100 %, 252.24 W, 1980 MHz, 15 %, 38
2026/10/10 14:02:52.443, 6, 77419 MiB, 100 %, 243.54 W, 1980 MHz, 15 %, 36
2026/10/10 14:02:52.443, 7, 77419 MiB, 100 %, 281.47 W, 1980 MHz, 15 %, 71
2026/10/10 14:02:53.443, 0, 77419 MiB, 100 %, 249.33 W, 1980 MHz, 15 %, 35
2026/10/10 14:02:53.443, 1, 77419 MiB, 100 %, 269.14 W, 1980 MHz, 15 %, 59
2026/10/10 14:02:53.443, 2, 77419 MiB, 100 %, 248.63 W, 1980 MHz, 15 %, 39
2026/10/10 14:02:53.443, 3, 77419 MiB, 100 %, 249.73 W, 1980 MHz, 15 %, 34
2026/10/10 14:02:53.444, 4, 77419 MiB, 100 %, 241.41 W, 1980 MHz, 15 %, 34
2026/10/10 14:02:53.444, 5, 77419 MiB, 100 %, 251.11 W, 1980 MHz, 15 %, 38
2026/10/10 14:02:53.444, 6, 77419 MiB, 100 %, 240.93 W, 1980 MHz, 16 %, 36
2026/10/10 14:02:53.444, 7, 77419 MiB, 100 %, 281.34 W, 1980 MHz, 16 %, 71
2026/10/10 14:02:54.444, 0, 77419 MiB, 100 %, 249.61 W, 1980 MHz, 15 %, 35
2026/10/10 14:02:54.444, 1, 77419 MiB, 100 %, 267.92 W, 1980 MHz, 15 %, 59
2026/10/10 14:02:54.444, 2, 77419 MiB, 100 %, 249.79 W, 1980 MHz, 15 %, 39
2026/10/10 14:02:54.444, 3, 77419 MiB, 100 %, 251.05 W, 1980 MHz, 16 %, 33
2026/10/10 14:02:54.444, 4, 77419 MiB, 100 %, 242.62 W, 1980 MHz, 16 %, 34
2026/10/10 14:02:54.444, 5, 77419 MiB, 100 %, 251.43 W, 1980 MHz, 15 %, 38
2026/10/10 14:02:54.444, 6, 77419 MiB, 100 %, 241.59 W, 1980 MHz, 15 %, 36
2026/10/10 14:02:54.444, 7, 77419 MiB, 100 %, 282.35 W, 1980 MHz, 16 %, 71
2026/10/10 14:02:55.444, 0, 77419 MiB, 100 %, 251.32 W, 1980 MHz, 15 %, 35
2026/10/10 14:02:55.444, 1, 77419 MiB, 100 %, 269.11 W, 1980 MHz, 15 %, 59
2026/10/10 14:02:55.445, 2, 77419 MiB, 100 %, 249.76 W, 1980 MHz, 15 %, 39
2026/10/10 14:02:55.445, 3, 77419 MiB, 100 %, 252.29 W, 1980 MHz, 16 %, 33
2026/10/10 14:02:55.445, 4, 77419 MiB, 100 %, 242.45 W, 1980 MHz, 15 %, 34
2026/10/10 14:02:55.445, 5, 77419 MiB, 100 %, 250.87 W, 1980 MHz, 15 %, 38
2026/10/10 14:02:55.445, 6, 77419 MiB, 100 %, 239.27 W, 1980 MHz, 15 %, 35
2026/10/10 14:02:55.445, 7, 77419 MiB, 100 %, 280.08 W, 1980 MHz, 16 %, 70
2026/10/10 14:02:56.445, 0, 77419 MiB, 100 %, 250.18 W, 1980 MHz, 15 %, 35
2026/10/10 14:02:56.445, 1, 77419 MiB, 100 %, 268.08 W, 1980 MHz, 15 %, 59
2026/10/10 14:02:56.445, 2, 77419 MiB, 100 %, 247.96 W, 1980 MHz, 15 %, 39
2026/10/10 14:02:56.445, 3, 77419 MiB, 100 %, 249.67 W, 1980 MHz, 16 %, 33
2026/10/10 14:02:56.445, 4, 77419 MiB, 100 %, 246.35 W, 1980 MHz, 15 %, 34
2026/10/10 14:02:56.445, 5, 77419 MiB, 100 %, 249.54 W, 1980 MHz, 15 %, 38
2026/10/10 14:02:56.445, 6, 77419 MiB, 100 %, 241.40 W, 1980 MHz, 15 %, 36
2026/10/10 14:02:56.445, 7, 77419 MiB, 100 %, 280.70 W, 1980 MHz, 16 %, 70
2026/10/10 14:02:57.446, 0, 77419 MiB, 100 %, 249.69 W, 1980 MHz, 15 %, 35
2026/10/10 14:02:57.446, 1, 77419 MiB, 100 %, 269.51 W, 1980 MHz, 15 %, 59
2026/10/10 14:02:57.446, 2, 77419 MiB, 100 %, 248.52 W, 1980 MHz, 15 %, 39
2026/10/10 14:02:57.446, 3, 77419 MiB, 100 %, 251.15 W, 1980 MHz, 16 %, 33
2026/10/10 14:02:57.446, 4, 77419 MiB, 100 %, 245.37 W, 1980 MHz, 15 %, 34
2026/10/10 14:02:57.446, 5, 77419 MiB, 100 %, 249.67 W, 1980 MHz, 16 %, 38
2026/10/10 14:02:57.446, 6, 77419 MiB, 100 %, 241.53 W, 1980 MHz, 15 %, 35
2026/10/10 14:02:57.446, 7, 77419 MiB, 100 %, 281.23 W, 1980 MHz, 15 %, 70
2026/10/10 14:02:58.446, 0, 77419 MiB, 100 %, 250.91 W, 1980 MHz, 15 %, 35
2026/10/10 14:02:58.447, 1, 77419 MiB, 100 %, 268.40 W, 1980 MHz, 15 %, 59
2026/10/10 14:02:58.447, 2, 77419 MiB, 100 %, 249.19 W, 1980 MHz, 16 %, 39
2026/10/10 14:02:58.447, 3, 77419 MiB, 100 %, 250.98 W, 1980 MHz, 16 %, 33
2026/10/10 14:02:58.447, 4, 77419 MiB, 100 %, 245.42 W, 1980 MHz, 15 %, 34
2026/10/10 14:02:58.447, 5, 77419 MiB, 100 %, 252.55 W, 1980 MHz, 15 %, 38
2026/10/10 14:02:58.447, 6, 77419 MiB, 100 %, 240.64 W, 1980 MHz, 15 %, 35
2026/10/10 14:02:58.447, 7, 77419 MiB, 100 %, 282.38 W, 1980 MHz, 15 %, 70
2026/10/10 14:02:59.447, 0, 77419 MiB, 100 %, 250.82 W, 1980 MHz, 16 %, 35
2026/10/10 14:02:59.447, 1, 77419 MiB, 100 %, 268.09 W, 1980 MHz, 15 %, 59
2026/10/10 14:02:59.447, 2, 77419 MiB, 100 %, 249.90 W, 1980 MHz, 15 %, 39
2026/10/10 14:02:59.447, 3, 77419 MiB, 100 %, 252.30 W, 1980 MHz, 16 %, 33
2026/10/10 14:02:59.447, 4, 77419 MiB, 100 %, 246.59 W, 1980 MHz, 15 %, 34
2026/10/10 14:02:59.447, 5, 77419 MiB, 100 %, 250.92 W, 1980 MHz, 15 %, 38
2026/10/10 14:02:59.447, 6, 77419 MiB, 100 %, 239.40 W, 1980 MHz, 15 %, 35
2026/10/10 14:02:59.447, 7, 77419 MiB, 100 %, 279.77 W, 1980 MHz, 16 %, 70
2026/10/10 14:03:00.448, 0, 77419 MiB, 100 %, 250.10 W, 1980 MHz, 15 %, 35
2026/10/10 14:03:00.448, 1, 77419 MiB, 100 %, 268.75 W, 1980 MHz, 15 %, 59
2026/10/10 14:03:00.448, 2, 77419 MiB, 100 %, 249.04 W, 1980 MHz, 15 %, 39
2026/10/10 14:03:00.448, 3, 77419 MiB, 100 %, 249.76 W, 1980 MHz, 16 %, 33
2026/10/10 14:03:00.448, 4, 77419 MiB, 100 %, 244.53 W, 1980 MHz, 15 %, 34
2026/10/10 14:03:00.448, 5, 77419 MiB, 100 %, 249.95 W, 1980 MHz, 15 %, 38
2026/10/10 14:03:00.448, 6, 77419 MiB, 100 %, 241.10 W, 1980 MHz, 15 %, 35
2026/10/10 14:03:00.448, 7, 77419 MiB, 100 %, 281.16 W, 1980 MHz, 15 %, 70
2026/10/10 14:03:01.448, 0, 77419 MiB, 100 %, 249.37 W, 1980 MHz, 15 %, 35
2026/10/10 14:03:01.448, 1, 77419 MiB, 100 %, 268.39 W, 1980 MHz, 15 %, 59
2026/10/10 14:03:01.448, 2, 77419 MiB, 100 %, 249.10 W, 1980 MHz, 15 %, 39
2026/10/10 14:03:01.448, 3, 77419 MiB, 100 %, 250.84 W, 1980 MHz, 15 %, 33
2026/10/10 14:03:01.449, 4, 77419 MiB, 100 %, 244.93 W, 1980 MHz, 15 %, 34
2026/10/10 14:03:01.449, 5, 77419 MiB, 100 %, 251.58 W, 1980 MHz, 15 %, 38
2026/10/10 14:03:01.449, 6, 77419 MiB, 100 %, 239.64 W, 1980 MHz, 15 %, 35
2026/10/10 14:03:01.449, 7, 77419 MiB, 100 %, 279.93 W, 1980 MHz, 15 %, 70
2026/10/10 14:03:02.449, 0, 77419 MiB, 100 %, 249.52 W, 1980 MHz, 15 %, 35
2026/10/10 14:03:02.449, 1, 77419 MiB, 100 %, 267.40 W, 1980 MHz, 15 %, 59
2026/10/10 14:03:02.449, 2, 77419 MiB, 100 %, 249.38 W, 1980 MHz, 15 %, 39
2026/10/10 14:03:02.449, 3, 77419 MiB, 100 %, 249.53 W, 1980 MHz, 16 %, 33
2026/10/10 14:03:02.449, 4, 77419 MiB, 100 %, 246.40 W, 1980 MHz, 16 %, 34
2026/10/10 14:03:02.449, 5, 77419 MiB, 100 %, 249.89 W, 1980 MHz, 15 %, 38
2026/10/10 14:03:02.449, 6, 77419 MiB, 100 %, 239.90 W, 1980 MHz, 16 %, 35
2026/10/10 14:03:02.449, 7, 77419 MiB, 100 %, 280.89 W, 1980 MHz, 15 %, 70
2026/10/10 14:03:03.450, 0, 77419 MiB, 100 %, 251.27 W, 1980 MHz, 15 %, 35
2026/10/10 14:03:03.450, 1, 77419 MiB, 100 %, 267.73 W, 1980 MHz, 15 %, 59
2026/10/10 14:03:03.450, 2, 77419 MiB, 100 %, 249.64 W, 1980 MHz, 15 %, 38
2026/10/10 14:03:03.450, 3, 77419 MiB, 100 %, 251.36 W, 1980 MHz, 16 %, 33
2026/10/10 14:03:03.450, 4, 77419 MiB, 100 %, 245.34 W, 1980 MHz, 15 %, 34
2026/10/10 14:03:03.450, 5, 77419 MiB, 100 %, 250.05 W, 1980 MHz, 16 %, 38
2026/10/10 14:03:03.450, 6, 77419 MiB, 100 %, 239.72 W, 1980 MHz, 16 %, 35
2026/10/10 14:03:03.450, 7, 77419 MiB, 100 %, 281.11 W, 1980 MHz, 15 %, 70
2026/10/10 14:03:04.450, 0, 77419 MiB, 100 %, 440.76 W, 1950 MHz, 44 %, 46
2026/10/10 14:03:04.450, 1, 77419 MiB, 100 %, 462.86 W, 1935 MHz, 45 %, 69
2026/10/10 14:03:04.450, 2, 77419 MiB, 100 %, 444.29 W, 1965 MHz, 41 %, 49
2026/10/10 14:03:04.450, 3, 77419 MiB, 100 %, 424.01 W, 1875 MHz, 45 %, 45
2026/10/10 14:03:04.450, 4, 77419 MiB, 100 %, 411.92 W, 1965 MHz, 45 %, 45
2026/10/10 14:03:04.451, 5, 77419 MiB, 100 %, 418.03 W, 1965 MHz, 46 %, 49
2026/10/10 14:03:04.451, 6, 77419 MiB, 100 %, 424.33 W, 1965 MHz, 45 %, 47
2026/10/10 14:03:04.451, 7, 77419 MiB, 100 %, 442.68 W, 1920 MHz, 45 %, 80
2026/10/10 14:03:05.451, 0, 77419 MiB, 100 %, 685.96 W, 1920 MHz, 45 %, 47
2026/10/10 14:03:05.451, 1, 77419 MiB, 100 %, 687.44 W, 1935 MHz, 45 %, 69
2026/10/10 14:03:05.451, 2, 77419 MiB, 100 %, 674.47 W, 1965 MHz, 46 %, 48
2026/10/10 14:03:05.451, 3, 77419 MiB, 100 %, 688.76 W, 1920 MHz, 44 %, 48
2026/10/10 14:03:05.451, 4, 77419 MiB, 100 %, 687.14 W, 1965 MHz, 45 %, 50
2026/10/10 14:03:05.451, 5, 77419 MiB, 100 %, 681.57 W, 1965 MHz, 45 %, 53
2026/10/10 14:03:05.451, 6, 77419 MiB, 100 %, 688.80 W, 1920 MHz, 44 %, 52
2026/10/10 14:03:05.451, 7, 77419 MiB, 100 %, 689.65 W, 1845 MHz, 45 %, 82
2026/10/10 14:03:06.451, 0, 77419 MiB, 100 %, 471.48 W, 1980 MHz, 15 %, 38
2026/10/10 14:03:06.452, 1, 77419 MiB, 100 %, 476.14 W, 1980 MHz, 15 %, 60
2026/10/10 14:03:06.452, 2, 77419 MiB, 100 %, 454.83 W, 1980 MHz, 15 %, 41
2026/10/10 14:03:06.452, 3, 77419 MiB, 100 %, 483.14 W, 1980 MHz, 15 %, 37
2026/10/10 14:03:06.452, 4, 77419 MiB, 100 %, 478.49 W, 1980 MHz, 16 %, 38
2026/10/10 14:03:06.452, 5, 77419 MiB, 100 %, 484.43 W, 1980 MHz, 15 %, 42
2026/10/10 14:03:06.452, 6, 77419 MiB, 100 %, 477.09 W, 1980 MHz, 16 %, 42
2026/10/10 14:03:06.452, 7, 77419 MiB, 100 %, 494.08 W, 1980 MHz, 15 %, 73
2026/10/10 14:03:07.452, 0, 77419 MiB, 100 %, 254.66 W, 1980 MHz, 16 %, 37
2026/10/10 14:03:07.452, 1, 77419 MiB, 100 %, 267.24 W, 1980 MHz, 15 %, 59
2026/10/10 14:03:07.452, 2, 77419 MiB, 100 %, 253.32 W, 1980 MHz, 15 %, 39
2026/10/10 14:03:07.452, 3, 77419 MiB, 100 %, 250.87 W, 1980 MHz, 16 %, 35
2026/10/10 14:03:07.452, 4, 77419 MiB, 100 %, 247.10 W, 1980 MHz, 16 %, 36
2026/10/10 14:03:07.452, 5, 77419 MiB, 100 %, 251.86 W, 1980 MHz, 15 %, 40
2026/10/10 14:03:07.452, 6, 77419 MiB, 100 %, 246.70 W, 1980 MHz, 16 %, 38
2026/10/10 14:03:07.452, 7, 77419 MiB, 100 %, 280.23 W, 1980 MHz, 15 %, 71
2026/10/10 14:03:08.453, 0, 77419 MiB, 100 %, 253.64 W, 1980 MHz, 16 %, 36
2026/10/10 14:03:08.453, 1, 77419 MiB, 100 %, 267.70 W, 1980 MHz, 16 %, 59
2026/10/10 14:03:08.453, 2, 77419 MiB, 100 %, 252.86 W, 1980 MHz, 15 %, 39
2026/10/10 14:03:08.453, 3, 77419 MiB, 100 %, 250.18 W, 1980 MHz, 15 %, 34
2026/10/10 14:03:08.453, 4, 77419 MiB, 100 %, 246.69 W, 1980 MHz, 15 %, 35
2026/10/10 14:03:08.453, 5, 77419 MiB, 100 %, 250.54 W, 1980 MHz, 15 %, 39
2026/10/10 14:03:08.453, 6, 77419 MiB, 100 %, 245.17 W, 1980 MHz, 15 %, 37
2026/10/10 14:03:08.453, 7, 77419 MiB, 100 %, 279.67 W, 1980 MHz, 16 %, 71
2026/10/10 14:03:09.453, 0, 77419 MiB, 100 %, 252.73 W, 1980 MHz, 16 %, 36
2026/10/10 14:03:09.453, 1, 77419 MiB, 100 %, 270.78 W, 1980 MHz, 15 %, 59
2026/10/10 14:03:09.453, 2, 77419 MiB, 100 %, 252.90 W, 1980 MHz, 15 %, 39
2026/10/10 14:03:09.454, 3, 77419 MiB, 100 %, 248.55 W, 1980 MHz, 15 %, 34
2026/10/10 14:03:09.454, 4, 77419 MiB, 100 %, 247.39 W, 1980 MHz, 15 %, 35
2026/10/10 14:03:09.454, 5, 77419 MiB, 100 %, 252.66 W, 1980 MHz, 16 %, 39
2026/10/10 14:03:09.454, 6, 77419 MiB, 100 %, 243.70 W, 1980 MHz, 15 %, 36
2026/10/10 14:03:09.454, 7, 77419 MiB, 100 %, 281.32 W, 1980 MHz, 16 %, 71
2026/10/10 14:03:10.454, 0, 77419 MiB, 100 %, 252.67 W, 1980 MHz, 16 %, 36
2026/10/10 14:03:10.454, 1, 77419 MiB, 100 %, 268.20 W, 1980 MHz, 16 %, 59
2026/10/10 14:03:10.454, 2, 77419 MiB, 100 %, 251.49 W, 1980 MHz, 16 %, 39
2026/10/10 14:03:10.454, 3, 77419 MiB, 100 %, 250.30 W, 1980 MHz, 15 %, 34
2026/10/10 14:03:10.454, 4, 77419 MiB, 100 %, 245.51 W, 1980 MHz, 15 %, 34
2026/10/10 14:03:10.454, 5, 77419 MiB, 100 %, 253.13 W, 1980 MHz, 15 %, 38
2026/10/10 14:03:10.454, 6, 77419 MiB, 100 %, 244.56 W, 1980 MHz, 15 %, 36
2026/10/10 14:03:10.454, 7, 77419 MiB, 100 %, 282.83 W, 1980 MHz, 16 %, 71
2026/10/10 14:03:11.455, 0, 77419 MiB, 100 %, 251.88 W, 1980 MHz, 15 %, 35
2026/10/10 14:03:11.455, 1, 77419 MiB, 100 %, 267.48 W, 1980 MHz, 15 %, 59
2026/10/10 14:03:11.455, 2, 77419 MiB, 100 %, 251.18 W, 1980 MHz, 15 %, 39
2026/10/10 14:03:11.455, 3, 77419 MiB, 100 %, 248.70 W, 1980 MHz, 15 %, 34
2026/10/10 14:03:11.455, 4, 77419 MiB, 100 %, 246.68 W, 1980 MHz, 16 %, 34
2026/10/10 14:03:11.455, 5, 77419 MiB, 100 %, 253.95 W, 1980 MHz, 16 %, 38
2026/10/10 14:03:11.455, 6, 77419 MiB, 100 %, 243.18 W, 1980 MHz, 15 %, 36
2026/10/10 14:03:11.455, 7, 77419 MiB, 100 %, 282.63 W, 1980 MHz, 16 %, 71
2026/10/10 14:03:12.455, 0, 77419 MiB, 100 %, 253.06 W, 1980 MHz, 16 %, 35
2026/10/10 14:03:12.455, 1, 77419 MiB, 100 %, 269.09 W, 1980 MHz, 15 %, 59
2026/10/10 14:03:12.456, 2, 77419 MiB, 100 %, 252.08 W, 1980 MHz, 15 %, 39
2026/10/10 14:03:12.456, 3, 77419 MiB, 100 %, 247.65 W, 1980 MHz, 15 %, 34
2026/10/10 14:03:12.456, 4, 77419 MiB, 100 %, 246.36 W, 1980 MHz, 15 %, 34
2026/10/10 14:03:12.456, 5, 77419 MiB, 100 %, 254.63 W, 1980 MHz, 16 %, 38
2026/10/10 14:03:12.456, 6, 77419 MiB, 100 %, 244.05 W, 1980 MHz, 15 %, 36
2026/10/10 14:03:12.456, 7, 77419 MiB, 100 %, 282.96 W, 1980 MHz, 15 %, 71
2026/10/10 14:03:13.456, 0, 77419 MiB, 100 %, 250.37 W, 1980 MHz, 15 %, 35
2026/10/10 14:03:13.456, 1, 77419 MiB, 100 %, 269.11 W, 1980 MHz, 15 %, 59
2026/10/10 14:03:13.456, 2, 77419 MiB, 100 %, 255.47 W, 1980 MHz, 16 %, 39
2026/10/10 14:03:13.456, 3, 77419 MiB, 100 %, 248.83 W, 1980 MHz, 15 %, 33
2026/10/10 14:03:13.456, 4, 77419 MiB, 100 %, 244.38 W, 1980 MHz, 16 %, 34
2026/10/10 14:03:13.456, 5, 77419 MiB, 100 %, 253.98 W, 1980 MHz, 16 %, 38
2026/10/10 14:03:13.456, 6, 77419 MiB, 100 %, 243.79 W, 1980 MHz, 15 %, 36
2026/10/10 14:03:13.456, 7, 77419 MiB, 100 %, 284.27 W, 1980 MHz, 16 %, 71
2026/10/10 14:03:14.457, 0, 77419 MiB, 100 %, 251.16 W, 1980 MHz, 15 %, 35
2026/10/10 14:03:14.457, 1, 77419 MiB, 100 %, 268.81 W, 1980 MHz, 15 %, 59
2026/10/10 14:03:14.457, 2, 77419 MiB, 100 %, 254.92 W, 1980 MHz, 16 %, 39
2026/10/10 14:03:14.457, 3, 77419 MiB, 100 %, 249.66 W, 1980 MHz, 15 %, 33
2026/10/10 14:03:14.457, 4, 77419 MiB, 100 %, 244.80 W, 1980 MHz, 15 %, 34
2026/10/10 14:03:14.457, 5, 77419 MiB, 100 %, 252.93 W, 1980 MHz, 16 %, 38
2026/10/10 14:03:14.457, 6, 77419 MiB, 100 %, 242.88 W, 1980 MHz, 16 %, 36
2026/10/10 14:03:14.457, 7, 77419 MiB, 100 %, 283.60 W, 1980 MHz, 15 %, 71
2026/10/10 14:03:15.457, 0, 77419 MiB, 100 %, 250.66 W, 1980 MHz, 15 %, 35
2026/10/10 14:03:15.457, 1, 77419 MiB, 100 %, 267.03 W, 1980 MHz, 15 %, 59
2026/10/10 14:03:15.457, 2, 77419 MiB, 100 %, 254.38 W, 1980 MHz, 16 %, 39
2026/10/10 14:03:15.458, 3, 77419 MiB, 100 %, 248.31 W, 1980 MHz, 15 %, 33
2026/10/10 14:03:15.458, 4, 77419 MiB, 100 %, 244.08 W, 1980 MHz, 15 %, 34
2026/10/10 14:03:15.458, 5, 77419 MiB, 100 %, 252.43 W, 1980 MHz, 16 %, 38
2026/10/10 14:03:15.458, 6, 77419 MiB, 100 %, 244.15 W, 1980 MHz, 16 %, 36
2026/10/10 14:03:15.458, 7, 77419 MiB, 100 %, 284.12 W, 1980 MHz, 16 %, 70
2026/10/10 14:03:16.458, 0, 77419 MiB, 100 %, 250.74 W, 1980 MHz, 15 %, 35
2026/10/10 14:03:16.458, 1, 77419 MiB, 100 %, 267.83 W, 1980 MHz, 15 %, 59
2026/10/10 14:03:16.458, 2, 77419 MiB, 100 %, 256.23 W, 1980 MHz, 16 %, 39
2026/10/10 14:03:16.458, 3, 77419 MiB, 100 %, 248.27 W, 1980 MHz, 15 %, 33
2026/10/10 14:03:16.458, 4, 77419 MiB, 100 %, 244.18 W, 1980 MHz, 15 %, 34
2026/10/10 14:03:16.458, 5, 77419 MiB, 100 %, 252.44 W, 1980 MHz, 16 %, 38
2026/10/10 14:03:16.458, 6, 77419 MiB, 100 %, 242.09 W, 1980 MHz, 15 %, 36
2026/10/10 14:03:16.458, 7, 77419 MiB, 100 %, 284.77 W, 1980 MHz, 16 %, 70
2026/10/10 14:03:17.458, 0, 77419 MiB, 100 %, 251.23 W, 1980 MHz, 15 %, 35
2026/10/10 14:03:17.459, 1, 77419 MiB, 100 %, 267.34 W, 1980 MHz, 15 %, 59
2026/10/10 14:03:17.459, 2, 77419 MiB, 100 %, 254.94 W, 1980 MHz, 16 %, 39
2026/10/10 14:03:17.459, 3, 77419 MiB, 100 %, 248.16 W, 1980 MHz, 15 %, 33
2026/10/10 14:03:17.459, 4, 77419 MiB, 100 %, 244.09 W, 1980 MHz, 15 %, 34
2026/10/10 14:03:17.459, 5, 77419 MiB, 100 %, 252.34 W, 1980 MHz, 16 %, 38
2026/10/10 14:03:17.459, 6, 77419 MiB, 100 %, 242.43 W, 1980 MHz, 15 %, 35
2026/10/10 14:03:17.459, 7, 77419 MiB, 100 %, 282.64 W, 1980 MHz, 16 %, 70
2026/10/10 14:03:18.459, 0, 77419 MiB, 100 %, 252.42 W, 1980 MHz, 15 %, 35
2026/10/10 14:03:18.459, 1, 77419 MiB, 100 %, 267.68 W, 1980 MHz, 15 %, 59
2026/10/10 14:03:18.459, 2, 77419 MiB, 100 %, 255.07 W, 1980 MHz, 16 %, 39
2026/10/10 14:03:18.459, 3, 77419 MiB, 100 %, 247.74 W, 1980 MHz, 15 %, 33
2026/10/10 14:03:18.459, 4, 77419 MiB, 100 %, 244.00 W, 1980 MHz, 15 %, 34
2026/10/10 14:03:18.459, 5, 77419 MiB, 100 %, 252.57 W, 1980 MHz, 16 %, 38
2026/10/10 14:03:18.459, 6, 77419 MiB, 100 %, 241.70 W, 1980 MHz, 15 %, 35
2026/10/10 14:03:18.459, 7, 77419 MiB, 100 %, 283.39 W, 1980 MHz, 16 %, 70
2026/10/10 14:03:19.460, 0, 77419 MiB, 100 %, 251.20 W, 1980 MHz, 15 %, 35
2026/10/10 14:03:19.460, 1, 77419 MiB, 100 %, 266.29 W, 1980 MHz, 15 %, 59
2026/10/10 14:03:19.460, 2, 77419 MiB, 100 %, 257.03 W, 1980 MHz, 16 %, 39
2026/10/10 14:03:19.460, 3, 77419 MiB, 100 %, 248.69 W, 1980 MHz, 15 %, 33
2026/10/10 14:03:19.460, 4, 77419 MiB, 100 %, 244.52 W, 1980 MHz, 15 %, 34
2026/10/10 14:03:19.460, 5, 77419 MiB, 100 %, 251.36 W, 1980 MHz, 16 %, 38
2026/10/10 14:03:19.460, 6, 77419 MiB, 100 %, 241.05 W, 1980 MHz, 15 %, 35
2026/10/10 14:03:19.460, 7, 77419 MiB, 100 %, 283.94 W, 1980 MHz, 16 %, 70
2026/10/10 14:03:20.460, 0, 77419 MiB, 100 %, 251.54 W, 1980 MHz, 15 %, 35
2026/10/10 14:03:20.460, 1, 77419 MiB, 100 %, 268.90 W, 1980 MHz, 15 %, 59
2026/10/10 14:03:20.460, 2, 77419 MiB, 100 %, 256.75 W, 1980 MHz, 16 %, 39
2026/10/10 14:03:20.461, 3, 77419 MiB, 100 %, 249.19 W, 1980 MHz, 15 %, 33
2026/10/10 14:03:20.461, 4, 77419 MiB, 100 %, 243.73 W, 1980 MHz, 15 %, 34
2026/10/10 14:03:20.461, 5, 77419 MiB, 100 %, 251.81 W, 1980 MHz, 16 %, 38
2026/10/10 14:03:20.461, 6, 77419 MiB, 100 %, 243.55 W, 1980 MHz, 15 %, 35
2026/10/10 14:03:20.461, 7, 77419 MiB, 100 %, 283.26 W, 1980 MHz, 15 %, 70
2026/10/10 14:03:21.461, 0, 77419 MiB, 100 %, 251.30 W, 1980 MHz, 16 %, 35
2026/10/10 14:03:21.461, 1, 77419 MiB, 100 %, 267.35 W, 1980 MHz, 15 %, 59
2026/10/10 14:03:21.461, 2, 77419 MiB, 100 %, 256.28 W, 1980 MHz, 16 %, 39
2026/10/10 14:03:21.461, 3, 77419 MiB, 100 %, 249.33 W, 1980 MHz, 15 %, 33
2026/10/10 14:03:21.461, 4, 77419 MiB, 100 %, 243.79 W, 1980 MHz, 15 %, 34
2026/10/10 14:03:21.461, 5, 77419 MiB, 100 %, 253.41 W, 1980 MHz, 16 %, 38
2026/10/10 14:03:21.461, 6, 77419 MiB, 100 %, 242.70 W, 1980 MHz, 16 %, 35
2026/10/10 14:03:21.461, 7, 77419 MiB, 100 %, 284.18 W, 1980 MHz, 16 %, 70
2026/10/10 14:03:22.461, 0, 77419 MiB, 100 %, 251.43 W, 1980 MHz, 15 %, 35
2026/10/10 14:03:22.462, 1, 77419 MiB, 100 %, 266.15 W, 1980 MHz, 15 %, 59
2026/10/10 14:03:22.462, 2, 77419 MiB, 100 %, 254.54 W, 1980 MHz, 16 %, 39
2026/10/10 14:03:22.462, 3, 77419 MiB, 100 %, 248.01 W, 1980 MHz, 15 %, 33
2026/10/10 14:03:22.462, 4, 77419 MiB, 100 %, 243.44 W, 1980 MHz, 15 %, 34
2026/10/10 14:03:22.462, 5, 77419 MiB, 100 %, 251.82 W, 1980 MHz, 16 %, 38
2026/10/10 14:03:22.462, 6, 77419 MiB, 100 %, 241.38 W, 1980 MHz, 15 %, 35
2026/10/10 14:03:22.462, 7, 77419 MiB, 100 %, 282.54 W, 1980 MHz, 16 %, 70
2026/10/10 14:03:23.462, 0, 77419 MiB, 100 %, 251.97 W, 1980 MHz, 15 %, 35
2026/10/10 14:03:23.463, 1, 77419 MiB, 100 %, 267.01 W, 1980 MHz, 15 %, 59
2026/10/10 14:03:23.463, 2, 77419 MiB, 100 %, 255.39 W, 1980 MHz, 16 %, 39
2026/10/10 14:03:23.463, 3, 77419 MiB, 100 %, 248.35 W, 1980 MHz, 15 %, 33
2026/10/10 14:03:23.463, 4, 77419 MiB, 100 %, 242.29 W, 1980 MHz, 15 %, 34
2026/10/10 14:03:23.463, 5, 77419 MiB, 100 %, 252.29 W, 1980 MHz, 16 %, 38
2026/10/10 14:03:23.463, 6, 77419 MiB, 100 %, 243.67 W, 1980 MHz, 16 %, 35
2026/10/10 14:03:23.463, 7, 77419 MiB, 100 %, 283.48 W, 1980 MHz, 16 %, 70
2026/10/10 14:03:24.463, 0, 77419 MiB, 100 %, 252.21 W, 1980 MHz, 15 %, 35
2026/10/10 14:03:24.463, 1, 77419 MiB, 100 %, 264.98 W, 1980 MHz, 15 %, 59
2026/10/10 14:03:24.463, 2, 77419 MiB, 100 %, 254.26 W, 1980 MHz, 16 %, 39
2026/10/10 14:03:24.463, 3, 77419 MiB, 100 %, 249.06 W, 1980 MHz, 15 %, 33
2026/10/10 14:03:24.463, 4, 77419 MiB, 100 %, 244.10 W, 1980 MHz, 15 %, 33
2026/10/10 14:03:24.463, 5, 77419 MiB, 100 %, 249.63 W, 1980 MHz, 16 %, 38
2026/10/10 14:03:24.463, 6, 77419 MiB, 100 %, 242.93 W, 1980 MHz, 15 %, 35
2026/10/10 14:03:24.463, 7, 77419 MiB, 100 %, 283.98 W, 1980 MHz, 15 %, 70
2026/10/10 14:03:25.464, 0, 77419 MiB, 100 %, 578.69 W, 1920 MHz, 45 %, 49
2026/10/10 14:03:25.464, 1, 77419 MiB, 100 %, 621.63 W, 1860 MHz, 39 %, 69
2026/10/10 14:03:25.464, 2, 77419 MiB, 100 %, 578.52 W, 1965 MHz, 45 %, 50
2026/10/10 14:03:25.464, 3, 77419 MiB, 100 %, 570.70 W, 1950 MHz, 39 %, 46
2026/10/10 14:03:25.464, 4, 77419 MiB, 100 %, 565.43 W, 1950 MHz, 41 %, 47
2026/10/10 14:03:25.464, 5, 77419 MiB, 100 %, 602.16 W, 1950 MHz, 45 %, 51
2026/10/10 14:03:25.464, 6, 77419 MiB, 100 %, 564.55 W, 1965 MHz, 39 %, 50
2026/10/10 14:03:25.464, 7, 77419 MiB, 100 %, 579.02 W, 1965 MHz, 43 %, 80
2026/10/10 14:03:26.464, 0, 77419 MiB, 100 %, 685.39 W, 1905 MHz, 44 %, 50
2026/10/10 14:03:26.464, 1, 77419 MiB, 100 %, 686.41 W, 1845 MHz, 38 %, 70
2026/10/10 14:03:26.464, 2, 77419 MiB, 100 %, 675.01 W, 1965 MHz, 44 %, 50
2026/10/10 14:03:26.464, 3, 77419 MiB, 100 %, 681.02 W, 1905 MHz, 39 %, 49
2026/10/10 14:03:26.465, 4, 77419 MiB, 100 %, 680.68 W, 1950 MHz, 38 %, 50
2026/10/10 14:03:26.465, 5, 77419 MiB, 100 %, 675.03 W, 1965 MHz, 41 %, 53
2026/10/10 14:03:26.465, 6, 77419 MiB, 100 %, 686.83 W, 1950 MHz, 39 %, 54
2026/10/10 14:03:26.465, 7, 77419 MiB, 100 %, 686.43 W, 1905 MHz, 39 %, 83
2026/10/10 14:03:27.465, 0, 77419 MiB, 100 %, 322.89 W, 1980 MHz, 16 %, 37
2026/10/10 14:03:27.465, 1, 77419 MiB, 100 %, 311.71 W, 1980 MHz, 15 %, 60
2026/10/10 14:03:27.465, 2, 77419 MiB, 100 %, 310.34 W, 1980 MHz, 15 %, 40
2026/10/10 14:03:27.465, 3, 77419 MiB, 100 %, 333.20 W, 1980 MHz, 15 %, 36
2026/10/10 14:03:27.465, 4, 77419 MiB, 100 %, 290.26 W, 1980 MHz, 15 %, 37
2026/10/10 14:03:27.465, 5, 77419 MiB, 100 %, 300.08 W, 1980 MHz, 15 %, 40
2026/10/10 14:03:27.465, 6, 77419 MiB, 100 %, 330.28 W, 1980 MHz, 16 %, 39
2026/10/10 14:03:27.465, 7, 77419 MiB, 100 %, 363.99 W, 1980 MHz, 15 %, 72
2026/10/10 14:03:28.465, 0, 77419 MiB, 100 %, 252.06 W, 1980 MHz, 16 %, 36
2026/10/10 14:03:28.466, 1, 77419 MiB, 100 %, 268.86 W, 1980 MHz, 15 %, 59
2026/10/10 14:03:28.466, 2, 77419 MiB, 100 %, 249.65 W, 1980 MHz, 15 %, 39
2026/10/10 14:03:28.466, 3, 77419 MiB, 100 %, 251.21 W, 1980 MHz, 15 %, 35
2026/10/10 14:03:28.466, 4, 77419 MiB, 100 %, 243.84 W, 1980 MHz, 15 %, 35
2026/10/10 14:03:28.466, 5, 77419 MiB, 100 %, 250.26 W, 1980 MHz, 15 %, 39
2026/10/10 14:03:28.466, 6, 77419 MiB, 100 %, 245.79 W, 1980 MHz, 15 %, 37
2026/10/10 14:03:28.466, 7, 77419 MiB, 100 %, 283.10 W, 1980 MHz, 16 %, 71
2026/10/10 14:03:29.466, 0, 77419 MiB, 100 %, 249.79 W, 1980 MHz, 15 %, 36
2026/10/10 14:03:29.466, 1, 77419 MiB, 100 %, 268.50 W, 1980 MHz, 15 %, 59
2026/10/10 14:03:29.466, 2, 77419 MiB, 100 %, 249.55 W, 1980 MHz, 15 %, 39
2026/10/10 14:03:29.466, 3, 77419 MiB, 100 %, 250.95 W, 1980 MHz, 16 %, 34
2026/10/10 14:03:29.466, 4, 77419 MiB, 100 %, 242.02 W, 1980 MHz, 15 %, 35
2026/10/10 14:03:29.466, 5, 77419 MiB, 100 %, 252.88 W, 1980 MHz, 16 %, 39
2026/10/10 14:03:29.466, 6, 77419 MiB, 100 %, 244.06 W, 1980 MHz, 16 %, 37
2026/10/10 14:03:29.466, 7, 77419 MiB, 100 %, 281.13 W, 1980 MHz, 15 %, 71
2026/10/10 14:03:30.467, 0, 77419 MiB, 100 %, 250.40 W, 1980 MHz, 15 %, 36
2026/10/10 14:03:30.467, 1, 77419 MiB, 100 %, 270.74 W, 1980 MHz, 16 %, 59
2026/10/10 14:03:30.467, 2, 77419 MiB, 100 %, 247.77 W, 1980 MHz, 15 %, 39
2026/10/10 14:03:30.467, 3, 77419 MiB, 100 %, 250.40 W, 1980 MHz, 15 %, 34
2026/10/10 14:03:30.467, 4, 77419 MiB, 100 %, 241.79 W, 1980 MHz, 15 %, 34
2026/10/10 14:03:30.467, 5, 77419 MiB, 100 %, 251.44 W, 1980 MHz, 15 %, 39
2026/10/10 14:03:30.467, 6, 77419 MiB, 100 %, 242.90 W, 1980 MHz, 16 %, 36
2026/10/10 14:03:30.467, 7, 77419 MiB, 100 %, 282.37 W, 1980 MHz, 15 %, 71
2026/10/10 14:03:31.467, 0, 77419 MiB, 100 %, 250.82 W, 1980 MHz, 16 %, 35
2026/10/10 14:03:31.467, 1, 77419 MiB, 100 %, 268.37 W, 1980 MHz, 15 %, 59
2026/10/10 14:03:31.467, 2, 77419 MiB, 100 %, 247.39 W, 1980 MHz, 15 %, 39
2026/10/10 14:03:31.467, 3, 77419 MiB, 100 %, 251.02 W, 1980 MHz, 15 %, 34
2026/10/10 14:03:31.467, 4, 77419 MiB, 100 %, 243.01 W, 1980 MHz, 15 %, 34
2026/10/10 14:03:31.468, 5, 77419 MiB, 100 %, 251.28 W, 1980 MHz, 15 %, 38
2026/10/10 14:03:31.468, 6, 77419 MiB, 100 %, 244.63 W, 1980 MHz, 16 %, 36
2026/10/10 14:03:31.468, 7, 77419 MiB, 100 %, 283.00 W, 1980 MHz, 16 %, 71
2026/10/10 14:03:32.468, 0, 77419 MiB, 100 %, 250.82 W, 1980 MHz, 15 %, 35
2026/10/10 14:03:32.468, 1, 77419 MiB, 100 %, 269.84 W, 1980 MHz, 15 %, 59
2026/10/10 14:03:32.468, 2, 77419 MiB, 100 %, 247.92 W, 1980 MHz, 15 %, 39
2026/10/10 14:03:32.468, 3, 77419 MiB, 100 %, 248.87 W, 1980 MHz, 16 %, 34
2026/10/10 14:03:32.468, 4, 77419 MiB, 100 %, 242.50 W, 1980 MHz, 15 %, 34
2026/10/10 14:03:32.468, 5, 77419 MiB, 100 %, 249.97 W, 1980 MHz, 15 %, 38
2026/10/10 14:03:32.468, 6, 77419 MiB, 100 %, 244.44 W, 1980 MHz, 15 %, 36
2026/10/10 14:03:32.468, 7, 77419 MiB, 100 %, 283.76 W, 1980 MHz, 16 %, 71
2026/10/10 14:03:33.468, 0, 77419 MiB, 100 %, 249.54 W, 1980 MHz, 15 %, 35
2026/10/10 14:03:33.468, 1, 77419 MiB, 100 %, 269.67 W, 1980 MHz, 16 %, 59
2026/10/10 14:03:33.468, 2, 77419 MiB, 100 %, 248.66 W, 1980 MHz, 15 %, 39
2026/10/10 14:03:33.469, 3, 77419 MiB, 100 %, 251.10 W, 1980 MHz, 15 %, 34
2026/10/10 14:03:33.469, 4, 77419 MiB, 100 %, 242.98 W, 1980 MHz, 15 %, 34
2026/10/10 14:03:33.469, 5, 77419 MiB, 100 %, 251.07 W, 1980 MHz, 16 %, 38
2026/10/10 14:03:33.469, 6, 77419 MiB, 100 %, 242.00 W, 1980 MHz, 15 %, 36
2026/10/10 14:03:33.469, 7, 77419 MiB, 100 %, 281.39 W, 1980 MHz, 15 %, 70
2026/10/10 14:03:34.469, 0, 77419 MiB, 100 %, 251.24 W, 1980 MHz, 15 %, 35
2026/10/10 14:03:34.469, 1, 77419 MiB, 100 %, 271.58 W, 1980 MHz, 15 %, 59
2026/10/10 14:03:34.469, 2, 77419 MiB, 100 %, 247.23 W, 1980 MHz, 15 %, 39
2026/10/10 14:03:34.469, 3, 77419 MiB, 100 %, 251.29 W, 1980 MHz, 15 %, 33
2026/10/10 14:03:34.469, 4, 77419 MiB, 100 %, 243.41 W, 1980 MHz, 15 %, 34
2026/10/10 14:03:34.469, 5, 77419 MiB, 100 %, 252.15 W, 1980 MHz, 15 %, 38
2026/10/10 14:03:34.469, 6, 77419 MiB, 100 %, 242.77 W, 1980 MHz, 16 %, 36
2026/10/10 14:03:34.469, 7, 77419 MiB, 100 %, 281.80 W, 1980 MHz, 16 %, 71
2026/10/10 14:03:35.469, 0, 77419 MiB, 100 %, 250.25 W, 1980 MHz, 15 %, 35
2026/10/10 14:03:35.470, 1, 77419 MiB, 100 %, 271.88 W, 1980 MHz, 15 %, 59
2026/10/10 14:03:35.470, 2, 77419 MiB, 100 %, 248.51 W, 1980 MHz, 15 %, 39
2026/10/10 14:03:35.470, 3, 77419 MiB, 100 %, 248.87 W, 1980 MHz, 16 %, 33
2026/10/10 14:03:35.470, 4, 77419 MiB, 100 %, 242.15 W, 1980 MHz, 15 %, 34
2026/10/10 14:03:35.470, 5, 77419 MiB, 100 %, 250.88 W, 1980 MHz, 15 %, 38
2026/10/10 14:03:35.470, 6, 77419 MiB, 100 %, 245.38 W, 1980 MHz, 16 %, 36
2026/10/10 14:03:35.470, 7, 77419 MiB, 100 %, 282.45 W, 1980 MHz, 16 %, 70
2026/10/10 14:03:36.470, 0, 77419 MiB, 100 %, 249.28 W, 1980 MHz, 15 %, 35
2026/10/10 14:03:36.470, 1, 77419 MiB, 100 %, 269.75 W, 1980 MHz, 15 %, 59
2026/10/10 14:03:36.470, 2, 77419 MiB, 100 %, 251.25 W, 1980 MHz, 16 %, 39
2026/10/10 14:03:36.470, 3, 77419 MiB, 100 %, 251.53 W, 1980 MHz, 16 %, 33
2026/10/10 14:03:36.470, 4, 77419 MiB, 100 %, 242.39 W, 1980 MHz, 15 %, 34
2026/10/10 14:03:36.470, 5, 77419 MiB, 100 %, 250.67 W, 1980 MHz, 15 %, 38
2026/10/10 14:03:36.470, 6, 77419 MiB, 100 %, 241.02 W, 1980 MHz, 16 %, 36
2026/10/10 14:03:36.470, 7, 77419 MiB, 100 %, 284.40 W, 1980 MHz, 16 %, 70
2026/10/10 14:03:37.471, 0, 77419 MiB, 100 %, 249.34 W, 1980 MHz, 15 %, 35
2026/10/10 14:03:37.471, 1, 77419 MiB, 100 %, 270.31 W, 1980 MHz, 15 %, 59
2026/10/10 14:03:37.471, 2, 77419 MiB, 100 %, 252.03 W, 1980 MHz, 16 %, 39
2026/10/10 14:03:37.471, 3, 77419 MiB, 100 %, 250.31 W, 1980 MHz, 15 %, 33
2026/10/10 14:03:37.471, 4, 77419 MiB, 100 %, 243.12 W, 1980 MHz, 15 %, 34
2026/10/10 14:03:37.471, 5, 77419 MiB, 100 %, 251.05 W, 1980 MHz, 15 %, 38
2026/10/10 14:03:37.471, 6, 77419 MiB, 100 %, 244.19 W, 1980 MHz, 15 %, 36
2026/10/10 14:03:37.471, 7, 77419 MiB, 100 %, 284.81 W, 1980 MHz, 15 %, 70
2026/10/10 14:03:38.471, 0, 77419 MiB, 100 %, 248.51 W, 1980 MHz, 15 %, 35
2026/10/10 14:03:38.471, 1, 77419 MiB, 100 %, 270.26 W, 1980 MHz, 15 %, 59
2026/10/10 14:03:38.471, 2, 77419 MiB, 100 %, 252.06 W, 1980 MHz, 15 %, 39
2026/10/10 14:03:38.471, 3, 77419 MiB, 100 %, 251.15 W, 1980 MHz, 15 %, 33
2026/10/10 14:03:38.471, 4, 77419 MiB, 100 %, 243.69 W, 1980 MHz, 16 %, 34
2026/10/10 14:03:38.472, 5, 77419 MiB, 100 %, 251.43 W, 1980 MHz, 15 %, 38
2026/10/10 14:03:38.472, 6, 77419 MiB, 100 %, 244.37 W, 1980 MHz, 16 %, 36
2026/10/10 14:03:38.472, 7, 77419 MiB, 100 %, 282.73 W, 1980 MHz, 16 %, 70
2026/10/10 14:03:39.472, 0, 77419 MiB, 100 %, 250.70 W, 1980 MHz, 15 %, 35
2026/10/10 14:03:39.472, 1, 77419 MiB, 100 %, 269.00 W, 1980 MHz, 15 %, 59
2026/10/10 14:03:39.472, 2, 77419 MiB, 100 %, 251.81 W, 1980 MHz, 16 %, 39
2026/10/10 14:03:39.472, 3, 77419 MiB, 100 %, 249.67 W, 1980 MHz, 15 %, 33
2026/10/10 14:03:39.472, 4, 77419 MiB, 100 %, 243.02 W, 1980 MHz, 16 %, 34
2026/10/10 14:03:39.472, 5, 77419 MiB, 100 %, 251.59 W, 1980 MHz, 16 %, 38
2026/10/10 14:03:39.472, 6, 77419 MiB, 100 %, 243.96 W, 1980 MHz, 15 %, 35
2026/10/10 14:03:39.472, 7, 77419 MiB, 100 %, 283.05 W, 1980 MHz, 16 %, 70
2026/10/10 14:03:40.472, 0, 77419 MiB, 100 %, 251.25 W, 1980 MHz, 15 %, 35
2026/10/10 14:03:40.473, 1, 77419 MiB, 100 %, 268.57 W, 1980 MHz, 15 %, 59
2026/10/10 14:03:40.473, 2, 77419 MiB, 100 %, 252.47 W, 1980 MHz, 15 %, 39
2026/10/10 14:03:40.473, 3, 77419 MiB, 100 %, 248.31 W, 1980 MHz, 15 %, 33
2026/10/10 14:03:40.473, 4, 77419 MiB, 100 %, 244.89 W, 1980 MHz, 15 %, 34
2026/10/10 14:03:40.473, 5, 77419 MiB, 100 %, 251.37 W, 1980 MHz, 15 %, 38
2026/10/10 14:03:40.473, 6, 77419 MiB, 100 %, 242.43 W, 1980 MHz, 16 %, 35
2026/10/10 14:03:40.473, 7, 77419 MiB, 100 %, 283.72 W, 1980 MHz, 16 %, 70
2026/10/10 14:03:41.473, 0, 77419 MiB, 100 %, 250.34 W, 1980 MHz, 16 %, 35
2026/10/10 14:03:41.473, 1, 77419 MiB, 100 %, 267.83 W, 1980 MHz, 15 %, 59
2026/10/10 14:03:41.473, 2, 77419 MiB, 100 %, 251.80 W, 1980 MHz, 15 %, 39
2026/10/10 14:03:41.473, 3, 77419 MiB, 100 %, 248.12 W, 1980 MHz, 15 %, 33
2026/10/10 14:03:41.473, 4, 77419 MiB, 100 %, 243.54 W, 1980 MHz, 15 %, 34
2026/10/10 14:03:41.473, 5, 77419 MiB, 100 %, 251.41 W, 1980 MHz, 15 %, 38
2026/10/10 14:03:41.473, 6, 77419 MiB, 100 %, 242.10 W, 1980 MHz, 15 %, 35
2026/10/10 14:03:41.473, 7, 77419 MiB, 100 %, 285.06 W, 1980 MHz, 16 %, 70
2026/10/10 14:03:42.474, 0, 77419 MiB, 100 %, 251.04 W, 1980 MHz, 16 %, 35
2026/10/10 14:03:42.474, 1, 77419 MiB, 100 %, 269.56 W, 1980 MHz, 15 %, 59
2026/10/10 14:03:42.474, 2, 77419 MiB, 100 %, 251.91 W, 1980 MHz, 15 %, 39
2026/10/10 14:03:42.474, 3, 77419 MiB, 100 %, 249.24 W, 1980 MHz, 15 %, 33
2026/10/10 14:03:42.474, 4, 77419 MiB, 100 %, 244.16 W, 1980 MHz, 15 %, 34
2026/10/10 14:03:42.474, 5, 77419 MiB, 100 %, 252.51 W, 1980 MHz, 16 %, 38
2026/10/10 14:03:42.474, 6, 77419 MiB, 100 %, 241.61 W, 1980 MHz, 15 %, 35
2026/10/10 14:03:42.474, 7, 77419 MiB, 100 %, 282.96 W, 1980 MHz, 16 %, 70
2026/10/10 14:03:43.474, 0, 77419 MiB, 100 %, 249.21 W, 1980 MHz, 15 %, 35
2026/10/10 14:03:43.474, 1, 77419 MiB, 100 %, 270.67 W, 1980 MHz, 15 %, 59
2026/10/10 14:03:43.474, 2, 77419 MiB, 100 %, 252.54 W, 1980 MHz, 16 %, 39
2026/10/10 14:03:43.474, 3, 77419 MiB, 100 %, 247.81 W, 1980 MHz, 15 %, 33
2026/10/10 14:03:43.474, 4, 77419 MiB, 100 %, 244.16 W, 1980 MHz, 16 %, 34
2026/10/10 14:03:43.475, 5, 77419 MiB, 100 %, 251.56 W, 1980 MHz, 16 %, 38
2026/10/10 14:03:43.475, 6, 77419 MiB, 100 %, 241.96 W, 1980 MHz, 15 %, 35
2026/10/10 14:03:43.475, 7, 77419 MiB, 100 %, 282.75 W, 1980 MHz, 16 %, 70
2026/10/10 14:03:44.475, 0, 77419 MiB, 100 %, 249.82 W, 1980 MHz, 15 %, 35
2026/10/10 14:03:44.475, 1, 77419 MiB, 100 %, 268.15 W, 1980 MHz, 15 %, 59
2026/10/10 14:03:44.475, 2, 77419 MiB, 100 %, 252.04 W, 1980 MHz, 15 %, 39
2026/10/10 14:03:44.475, 3, 77419 MiB, 100 %, 247.53 W, 1980 MHz, 15 %, 33
2026/10/10 14:03:44.475, 4, 77419 MiB, 100 %, 242.47 W, 1980 MHz, 16 %, 33
2026/10/10 14:03:44.475, 5, 77419 MiB, 100 %, 252.00 W, 1980 MHz, 16 %, 38
2026/10/10 14:03:44.475, 6, 77419 MiB, 100 %, 242.39 W, 1980 MHz, 15 %, 35
2026/10/10 14:03:44.475, 7, 77419 MiB, 100 %, 283.94 W, 1980 MHz, 16 %, 70
