timestamp, index, memory.used [MiB], utilization.gpu [%], power.draw [W], clocks.current.sm [MHz]
2026/09/28 00:12:41.906, 0, 78921 MiB, 0 %, 182.22 W, 1980 MHz
2026/09/28 00:12:41.913, 1, 78921 MiB, 0 %, 131.86 W, 1980 MHz
2026/09/28 00:12:41.919, 2, 78921 MiB, 0 %, 130.30 W, 1980 MHz
2026/09/28 00:12:41.925, 3, 78921 MiB, 0 %, 126.58 W, 1980 MHz
2026/09/28 00:12:41.931, 4, 78921 MiB, 0 %, 125.28 W, 1980 MHz
2026/09/28 00:12:41.937, 5, 78921 MiB, 0 %, 127.81 W, 1980 MHz
2026/09/28 00:12:41.942, 6, 78921 MiB, 0 %, 130.22 W, 1980 MHz
2026/09/28 00:12:41.948, 7, 78921 MiB, 0 %, 123.67 W, 1980 MHz
2026/09/28 00:12:42.954, 0, 78921 MiB, 0 %, 181.39 W, 1980 MHz
2026/09/28 00:12:42.955, 1, 78921 MiB, 0 %, 131.23 W, 1980 MHz
2026/09/28 00:12:42.956, 2, 78921 MiB, 0 %, 129.27 W, 1980 MHz
2026/09/28 00:12:42.956, 3, 78921 MiB, 0 %, 126.07 W, 1980 MHz
2026/09/28 00:12:42.957, 4, 78921 MiB, 0 %, 124.82 W, 1980 MHz
2026/09/28 00:12:42.958, 5, 78921 MiB, 0 %, 127.38 W, 1980 MHz
2026/09/28 00:12:42.958, 6, 78921 MiB, 0 %, 129.86 W, 1980 MHz
2026/09/28 00:12:42.959, 7, 78921 MiB, 0 %, 123.14 W, 1980 MHz
2026/09/28 00:12:43.960, 0, 78921 MiB, 0 %, 180.78 W, 1980 MHz
2026/09/28 00:12:43.961, 1, 78921 MiB, 0 %, 130.67 W, 1980 MHz
2026/09/28 00:12:43.961, 2, 78921 MiB, 0 %, 127.80 W, 1980 MHz
2026/09/28 00:12:43.962, 3, 78921 MiB, 0 %, 125.69 W, 1980 MHz
2026/09/28 00:12:43.963, 4, 78921 MiB, 0 %, 124.39 W, 1980 MHz
2026/09/28 00:12:43.963, 5, 78921 MiB, 0 %, 126.91 W, 1980 MHz
2026/09/28 00:12:43.964, 6, 78921 MiB, 0 %, 129.43 W, 1980 MHz
2026/09/28 00:12:43.965, 7, 78921 MiB, 0 %, 122.76 W, 1980 MHz
2026/09/28 00:12:44.966, 0, 78921 MiB, 0 %, 180.31 W, 1980 MHz
2026/09/28 00:12:44.966, 1, 78921 MiB, 0 %, 130.24 W, 1980 MHz
2026/09/28 00:12:44.967, 2, 78921 MiB, 0 %, 127.50 W, 1980 MHz
2026/09/28 00:12:44.968, 3, 78921 MiB, 0 %, 125.36 W, 1980 MHz
2026/09/28 00:12:44.968, 4, 78921 MiB, 0 %, 124.11 W, 1980 MHz
2026/09/28 00:12:44.969, 5, 78921 MiB, 0 %, 126.51 W, 1980 MHz
2026/09/28 00:12:44.969, 6, 78921 MiB, 0 %, 129.01 W, 1980 MHz
2026/09/28 00:12:44.970, 7, 78921 MiB, 0 %, 122.46 W, 1980 MHz
2026/09/28 00:12:45.971, 0, 78921 MiB, 0 %, 179.98 W, 1980 MHz
2026/09/28 00:12:45.972, 1, 78921 MiB, 0 %, 129.90 W, 1980 MHz
2026/09/28 00:12:45.972, 2, 78921 MiB, 0 %, 127.08 W, 1980 MHz
2026/09/28 00:12:45.973, 3, 78921 MiB, 0 %, 125.01 W, 1980 MHz
2026/09/28 00:12:45.974, 4, 78921 MiB, 0 %, 123.79 W, 1980 MHz
2026/09/28 00:12:45.974, 5, 78921 MiB, 0 %, 126.23 W, 1980 MHz
2026/09/28 00:12:45.975, 6, 78921 MiB, 0 %, 128.65 W, 1980 MHz
2026/09/28 00:12:45.976, 7, 78921 MiB, 0 %, 122.18 W, 1980 MHz
2026/09/28 00:12:46.976, 0, 78921 MiB, 0 %, 179.59 W, 1980 MHz
2026/09/28 00:12:46.977, 1, 78921 MiB, 0 %, 129.49 W, 1980 MHz
2026/09/28 00:12:46.978, 2, 78921 MiB, 0 %, 126.79 W, 1980 MHz
2026/09/28 00:12:46.979, 3, 78921 MiB, 0 %, 123.98 W, 1980 MHz
2026/09/28 00:12:46.979, 4, 78921 MiB, 0 %, 123.48 W, 1980 MHz
2026/09/28 00:12:46.980, 5, 78921 MiB, 0 %, 125.95 W, 1980 MHz
2026/09/28 00:12:46.981, 6, 78921 MiB, 0 %, 128.36 W, 1980 MHz
2026/09/28 00:12:46.981, 7, 78921 MiB, 0 %, 121.94 W, 1980 MHz
2026/09/28 00:12:47.982, 0, 78921 MiB, 0 %, 179.26 W, 1980 MHz
2026/09/28 00:12:47.983, 1, 78921 MiB, 0 %, 129.12 W, 1980 MHz
2026/09/28 00:12:47.984, 2, 78921 MiB, 0 %, 126.77 W, 1980 MHz
2026/09/28 00:12:47.984, 3, 78921 MiB, 0 %, 123.84 W, 1980 MHz
2026/09/28 00:12:47.985, 4, 78921 MiB, 0 %, 122.79 W, 1980 MHz
2026/09/28 00:12:47.986, 5, 78921 MiB, 0 %, 125.71 W, 1980 MHz
2026/09/28 00:12:47.986, 6, 78921 MiB, 0 %, 128.12 W, 1980 MHz
2026/09/28 00:12:47.987, 7, 78921 MiB, 0 %, 121.75 W, 1980 MHz
2026/09/28 00:12:48.988, 0, 78921 MiB, 0 %, 178.88 W, 1980 MHz
2026/09/28 00:12:48.988, 1, 78921 MiB, 0 %, 128.34 W, 1980 MHz
2026/09/28 00:12:48.989, 2, 78921 MiB, 0 %, 126.64 W, 1980 MHz
2026/09/28 00:12:48.990, 3, 78921 MiB, 0 %, 123.62 W, 1980 MHz
2026/09/28 00:12:48.990, 4, 78921 MiB, 0 %, 122.61 W, 1980 MHz
2026/09/28 00:12:48.991, 5, 78921 MiB, 0 %, 125.32 W, 1980 MHz
2026/09/28 00:12:48.991, 6, 78921 MiB, 0 %, 127.80 W, 1980 MHz
2026/09/28 00:12:48.992, 7, 78921 MiB, 0 %, 121.53 W, 1980 MHz
2026/09/28 00:12:49.993, 0, 78921 MiB, 0 %, 178.56 W, 1980 MHz
2026/09/28 00:12:49.994, 1, 78921 MiB, 0 %, 128.11 W, 1980 MHz
2026/09/28 00:12:49.994, 2, 78921 MiB, 0 %, 126.35 W, 1980 MHz
2026/09/28 00:12:49.995, 3, 78921 MiB, 0 %, 123.50 W, 1980 MHz
2026/09/28 00:12:49.995, 4, 78921 MiB, 0 %, 122.37 W, 1980 MHz
2026/09/28 00:12:49.996, 5, 78921 MiB, 0 %, 123.92 W, 1980 MHz
2026/09/28 00:12:49.997, 6, 78921 MiB, 0 %, 127.61 W, 1980 MHz
2026/09/28 00:12:49.997, 7, 78921 MiB, 0 %, 121.32 W, 1980 MHz
2026/09/28 00:12:50.998, 0, 78921 MiB, 0 %, 178.29 W, 1980 MHz
2026/09/28 00:12:50.999, 1, 78921 MiB, 0 %, 127.82 W, 1980 MHz
2026/09/28 00:12:50.999, 2, 78921 MiB, 0 %, 125.92 W, 1980 MHz
2026/09/28 00:12:51.000, 3, 78921 MiB, 0 %, 123.24 W, 1980 MHz
2026/09/28 00:12:51.000, 4, 78921 MiB, 0 %, 122.20 W, 1980 MHz
2026/09/28 00:12:51.001, 5, 78921 MiB, 0 %, 123.79 W, 1980 MHz
2026/09/28 00:12:51.002, 6, 78921 MiB, 0 %, 127.34 W, 1980 MHz
2026/09/28 00:12:51.002, 7, 78921 MiB, 0 %, 121.13 W, 1980 MHz
2026/09/28 00:12:52.003, 0, 78921 MiB, 0 %, 178.02 W, 1980 MHz
2026/09/28 00:12:52.004, 1, 78921 MiB, 0 %, 127.59 W, 1980 MHz
2026/09/28 00:12:52.004, 2, 78921 MiB, 0 %, 125.37 W, 1980 MHz
2026/09/28 00:12:52.005, 3, 78921 MiB, 0 %, 123.12 W, 1980 MHz
2026/09/28 00:12:52.006, 4, 78921 MiB, 0 %, 122.00 W, 1980 MHz
2026/09/28 00:12:52.006, 5, 78921 MiB, 0 %, 123.62 W, 1980 MHz
2026/09/28 00:12:52.007, 6, 78921 MiB, 0 %, 127.06 W, 1980 MHz
2026/09/28 00:12:52.007, 7, 78921 MiB, 0 %, 120.98 W, 1980 MHz
2026/09/28 00:12:53.008, 0, 78921 MiB, 0 %, 177.91 W, 1980 MHz
2026/09/28 00:12:53.009, 1, 78921 MiB, 0 %, 127.32 W, 1980 MHz
2026/09/28 00:12:53.010, 2, 78921 MiB, 0 %, 125.81 W, 1980 MHz
2026/09/28 00:12:53.010, 3, 78921 MiB, 0 %, 123.02 W, 1980 MHz
2026/09/28 00:12:53.011, 4, 78921 MiB, 0 %, 121.84 W, 1980 MHz
2026/09/28 00:12:53.011, 5, 78921 MiB, 0 %, 123.42 W, 1980 MHz
2026/09/28 00:12:53.013, 6, 78921 MiB, 0 %, 126.84 W, 1980 MHz
2026/09/28 00:12:53.013, 7, 78921 MiB, 0 %, 120.82 W, 1980 MHz
2026/09/28 00:12:54.014, 0, 78921 MiB, 0 %, 177.63 W, 1980 MHz
2026/09/28 00:12:54.015, 1, 78921 MiB, 0 %, 127.74 W, 1980 MHz
2026/09/28 00:12:54.016, 2, 78921 MiB, 0 %, 126.06 W, 1980 MHz
2026/09/28 00:12:54.016, 3, 78921 MiB, 0 %, 122.88 W, 1980 MHz
2026/09/28 00:12:54.017, 4, 78921 MiB, 0 %, 121.69 W, 1980 MHz
2026/09/28 00:12:54.018, 5, 78921 MiB, 0 %, 123.16 W, 1980 MHz
2026/09/28 00:12:54.018, 6, 78921 MiB, 0 %, 126.65 W, 1980 MHz
2026/09/28 00:12:54.019, 7, 78921 MiB, 0 %, 120.69 W, 1980 MHz
2026/09/28 00:12:55.020, 0, 78921 MiB, 0 %, 177.43 W, 1980 MHz
2026/09/28 00:12:55.021, 1, 78921 MiB, 0 %, 127.47 W, 1980 MHz
2026/09/28 00:12:55.021, 2, 78921 MiB, 0 %, 125.83 W, 1980 MHz
2026/09/28 00:12:55.022, 3, 78921 MiB, 0 %, 122.75 W, 1980 MHz
2026/09/28 00:12:55.023, 4, 78921 MiB, 0 %, 121.59 W, 1980 MHz
2026/09/28 00:12:55.023, 5, 78921 MiB, 0 %, 122.96 W, 1980 MHz
2026/09/28 00:12:55.024, 6, 78921 MiB, 0 %, 126.06 W, 1980 MHz
2026/09/28 00:12:55.025, 7, 78921 MiB, 0 %, 120.57 W, 1980 MHz
2026/09/28 00:12:56.025, 0, 78921 MiB, 0 %, 177.19 W, 1980 MHz
2026/09/28 00:12:56.026, 1, 78921 MiB, 0 %, 127.25 W, 1980 MHz
2026/09/28 00:12:56.027, 2, 78921 MiB, 0 %, 125.57 W, 1980 MHz
2026/09/28 00:12:56.028, 3, 78921 MiB, 0 %, 122.67 W, 1980 MHz
2026/09/28 00:12:56.028, 4, 78921 MiB, 0 %, 121.51 W, 1980 MHz
2026/09/28 00:12:56.029, 5, 78921 MiB, 0 %, 122.81 W, 1980 MHz
2026/09/28 00:12:56.030, 6, 78921 MiB, 0 %, 125.42 W, 1980 MHz
2026/09/28 00:12:56.030, 7, 78921 MiB, 0 %, 120.50 W, 1980 MHz
2026/09/28 00:12:57.031, 0, 78921 MiB, 0 %, 177.03 W, 1980 MHz
2026/09/28 00:12:57.032, 1, 78921 MiB, 0 %, 127.09 W, 1980 MHz
2026/09/28 00:12:57.033, 2, 78921 MiB, 0 %, 124.64 W, 1980 MHz
2026/09/28 00:12:57.033, 3, 78921 MiB, 0 %, 122.51 W, 1980 MHz
2026/09/28 00:12:57.034, 4, 78921 MiB, 0 %, 121.38 W, 1980 MHz
2026/09/28 00:12:57.035, 5, 78921 MiB, 0 %, 122.60 W, 1980 MHz
2026/09/28 00:12:57.035, 6, 78921 MiB, 0 %, 125.32 W, 1980 MHz
2026/09/28 00:12:57.036, 7, 78921 MiB, 0 %, 120.36 W, 1980 MHz
2026/09/28 00:12:58.037, 0, 78921 MiB, 0 %, 176.86 W, 1980 MHz
2026/09/28 00:12:58.038, 1, 78921 MiB, 0 %, 126.88 W, 1980 MHz
2026/09/28 00:12:58.038, 2, 78921 MiB, 0 %, 124.55 W, 1980 MHz
2026/09/28 00:12:58.039, 3, 78921 MiB, 0 %, 122.41 W, 1980 MHz
2026/09/28 00:12:58.040, 4, 78921 MiB, 0 %, 121.32 W, 1980 MHz
2026/09/28 00:12:58.040, 5, 78921 MiB, 0 %, 122.46 W, 1980 MHz
2026/09/28 00:12:58.041, 6, 78921 MiB, 0 %, 125.09 W, 1980 MHz
2026/09/28 00:12:58.042, 7, 78921 MiB, 0 %, 120.24 W, 1980 MHz
2026/09/28 00:12:59.042, 0, 78921 MiB, 0 %, 176.73 W, 1980 MHz
2026/09/28 00:12:59.043, 1, 78921 MiB, 0 %, 126.76 W, 1980 MHz
2026/09/28 00:12:59.044, 2, 78921 MiB, 0 %, 124.36 W, 1980 MHz
2026/09/28 00:12:59.044, 3, 78921 MiB, 0 %, 122.29 W, 1980 MHz
2026/09/28 00:12:59.045, 4, 78921 MiB, 0 %, 121.19 W, 1980 MHz
2026/09/28 00:12:59.046, 5, 78921 MiB, 0 %, 122.30 W, 1980 MHz
2026/09/28 00:12:59.046, 6, 78921 MiB, 0 %, 124.88 W, 1980 MHz
2026/09/28 00:12:59.047, 7, 78921 MiB, 0 %, 120.13 W, 1980 MHz
2026/09/28 00:13:00.048, 0, 78921 MiB, 0 %, 176.55 W, 1980 MHz
2026/09/28 00:13:00.048, 1, 78921 MiB, 0 %, 126.54 W, 1980 MHz
2026/09/28 00:13:00.049, 2, 78921 MiB, 0 %, 124.20 W, 1980 MHz
2026/09/28 00:13:00.050, 3, 78921 MiB, 0 %, 122.26 W, 1980 MHz
2026/09/28 00:13:00.051, 4, 78921 MiB, 0 %, 121.07 W, 1980 MHz
2026/09/28 00:13:00.051, 5, 78921 MiB, 0 %, 122.21 W, 1980 MHz
2026/09/28 00:13:00.052, 6, 78921 MiB, 0 %, 124.80 W, 1980 MHz
2026/09/28 00:13:00.053, 7, 78921 MiB, 0 %, 119.98 W, 1980 MHz
2026/09/28 00:13:01.053, 0, 78921 MiB, 0 %, 176.37 W, 1980 MHz
2026/09/28 00:13:01.054, 1, 78921 MiB, 0 %, 126.37 W, 1980 MHz
2026/09/28 00:13:01.055, 2, 78921 MiB, 0 %, 123.99 W, 1980 MHz
2026/09/28 00:13:01.056, 3, 78921 MiB, 0 %, 122.15 W, 1980 MHz
2026/09/28 00:13:01.056, 4, 78921 MiB, 0 %, 120.97 W, 1980 MHz
2026/09/28 00:13:01.057, 5, 78921 MiB, 0 %, 122.12 W, 1980 MHz
2026/09/28 00:13:01.057, 6, 78921 MiB, 0 %, 124.67 W, 1980 MHz
2026/09/28 00:13:01.058, 7, 78921 MiB, 0 %, 119.90 W, 1980 MHz
2026/09/28 00:13:02.059, 0, 78921 MiB, 0 %, 176.22 W, 1980 MHz
2026/09/28 00:13:02.060, 1, 78921 MiB, 0 %, 126.19 W, 1980 MHz
2026/09/28 00:13:02.060, 2, 78921 MiB, 0 %, 123.87 W, 1980 MHz
2026/09/28 00:13:02.061, 3, 78921 MiB, 0 %, 122.06 W, 1980 MHz
2026/09/28 00:13:02.062, 4, 78921 MiB, 0 %, 120.89 W, 1980 MHz
2026/09/28 00:13:02.063, 5, 78921 MiB, 0 %, 122.00 W, 1980 MHz
2026/09/28 00:13:02.063, 6, 78921 MiB, 0 %, 124.51 W, 1980 MHz
2026/09/28 00:13:02.064, 7, 78921 MiB, 0 %, 119.86 W, 1980 MHz
2026/09/28 00:13:03.065, 0, 78921 MiB, 0 %, 176.08 W, 1980 MHz
2026/09/28 00:13:03.065, 1, 78921 MiB, 0 %, 126.02 W, 1980 MHz
2026/09/28 00:13:03.066, 2, 78921 MiB, 0 %, 123.77 W, 1980 MHz
2026/09/28 00:13:03.067, 3, 78921 MiB, 0 %, 122.01 W, 1980 MHz
2026/09/28 00:13:03.067, 4, 78921 MiB, 0 %, 120.84 W, 1980 MHz
2026/09/28 00:13:03.068, 5, 78921 MiB, 0 %, 121.83 W, 1980 MHz
2026/09/28 00:13:03.069, 6, 78921 MiB, 0 %, 124.41 W, 1980 MHz
2026/09/28 00:13:03.069, 7, 78921 MiB, 0 %, 119.75 W, 1980 MHz
2026/09/28 00:13:04.070, 0, 78921 MiB, 0 %, 175.92 W, 1980 MHz
2026/09/28 00:13:04.071, 1, 78921 MiB, 0 %, 125.88 W, 1980 MHz
2026/09/28 00:13:04.072, 2, 78921 MiB, 0 %, 123.58 W, 1980 MHz
2026/09/28 00:13:04.072, 3, 78921 MiB, 0 %, 121.92 W, 1980 MHz
2026/09/28 00:13:04.073, 4, 78921 MiB, 0 %, 120.79 W, 1980 MHz
2026/09/28 00:13:04.074, 5, 78921 MiB, 0 %, 121.72 W, 1980 MHz
2026/09/28 00:13:04.074, 6, 78921 MiB, 0 %, 124.29 W, 1980 MHz
2026/09/28 00:13:04.075, 7, 78921 MiB, 0 %, 119.60 W, 1980 MHz
2026/09/28 00:13:05.076, 0, 78921 MiB, 0 %, 175.79 W, 1980 MHz
2026/09/28 00:13:05.076, 1, 78921 MiB, 0 %, 125.74 W, 1980 MHz
2026/09/28 00:13:05.077, 2, 78921 MiB, 0 %, 123.48 W, 1980 MHz
2026/09/28 00:13:05.078, 3, 78921 MiB, 0 %, 121.85 W, 1980 MHz
2026/09/28 00:13:05.078, 4, 78921 MiB, 0 %, 120.65 W, 1980 MHz
2026/09/28 00:13:05.079, 5, 78921 MiB, 0 %, 121.54 W, 1980 MHz
2026/09/28 00:13:05.080, 6, 78921 MiB, 0 %, 124.09 W, 1980 MHz
2026/09/28 00:13:05.080, 7, 78921 MiB, 0 %, 119.54 W, 1980 MHz
2026/09/28 00:13:06.081, 0, 78921 MiB, 0 %, 175.67 W, 1980 MHz
2026/09/28 00:13:06.082, 1, 78921 MiB, 0 %, 125.60 W, 1980 MHz
2026/09/28 00:13:06.083, 2, 78921 MiB, 0 %, 123.33 W, 1980 MHz
2026/09/28 00:13:06.083, 3, 78921 MiB, 0 %, 121.77 W, 1980 MHz
2026/09/28 00:13:06.084, 4, 78921 MiB, 0 %, 120.52 W, 1980 MHz
2026/09/28 00:13:06.085, 5, 78921 MiB, 0 %, 121.47 W, 1980 MHz
2026/09/28 00:13:06.085, 6, 78921 MiB, 0 %, 123.97 W, 1980 MHz
2026/09/28 00:13:06.086, 7, 78921 MiB, 0 %, 119.42 W, 1980 MHz
2026/09/28 00:13:07.087, 0, 78921 MiB, 0 %, 175.56 W, 1980 MHz
2026/09/28 00:13:07.087, 1, 78921 MiB, 0 %, 125.47 W, 1980 MHz
2026/09/28 00:13:07.088, 2, 78921 MiB, 0 %, 123.16 W, 1980 MHz
2026/09/28 00:13:07.089, 3, 78921 MiB, 0 %, 121.69 W, 1980 MHz
2026/09/28 00:13:07.089, 4, 78921 MiB, 0 %, 120.46 W, 1980 MHz
2026/09/28 00:13:07.090, 5, 78921 MiB, 0 %, 121.39 W, 1980 MHz
2026/09/28 00:13:07.091, 6, 78921 MiB, 0 %, 123.86 W, 1980 MHz
2026/09/28 00:13:07.091, 7, 78921 MiB, 0 %, 119.37 W, 1980 MHz
2026/09/28 00:13:08.092, 0, 78921 MiB, 0 %, 175.37 W, 1980 MHz
2026/09/28 00:13:08.093, 1, 78921 MiB, 0 %, 125.27 W, 1980 MHz
2026/09/28 00:13:08.094, 2, 78921 MiB, 0 %, 123.05 W, 1980 MHz
2026/09/28 00:13:08.094, 3, 78921 MiB, 0 %, 121.64 W, 1980 MHz
2026/09/28 00:13:08.095, 4, 78921 MiB, 0 %, 120.38 W, 1980 MHz
2026/09/28 00:13:08.096, 5, 78921 MiB, 0 %, 121.28 W, 1980 MHz
2026/09/28 00:13:08.096, 6, 78921 MiB, 0 %, 123.74 W, 1980 MHz
2026/09/28 00:13:08.097, 7, 78921 MiB, 0 %, 119.35 W, 1980 MHz
2026/09/28 00:13:09.098, 0, 78921 MiB, 0 %, 175.22 W, 1980 MHz
2026/09/28 00:13:09.099, 1, 78921 MiB, 0 %, 125.14 W, 1980 MHz
2026/09/28 00:13:09.099, 2, 78921 MiB, 0 %, 122.99 W, 1980 MHz
2026/09/28 00:13:09.100, 3, 78921 MiB, 0 %, 121.49 W, 1980 MHz
2026/09/28 00:13:09.101, 4, 78921 MiB, 0 %, 120.37 W, 1980 MHz
2026/09/28 00:13:09.101, 5, 78921 MiB, 0 %, 121.13 W, 1980 MHz
2026/09/28 00:13:09.102, 6, 78921 MiB, 0 %, 123.60 W, 1980 MHz
2026/09/28 00:13:09.103, 7, 78921 MiB, 0 %, 119.23 W, 1980 MHz
2026/09/28 00:13:10.103, 0, 78921 MiB, 0 %, 175.13 W, 1980 MHz
2026/09/28 00:13:10.104, 1, 78921 MiB, 0 %, 125.08 W, 1980 MHz
2026/09/28 00:13:10.105, 2, 78921 MiB, 0 %, 122.87 W, 1980 MHz
2026/09/28 00:13:10.105, 3, 78921 MiB, 0 %, 121.44 W, 1980 MHz
2026/09/28 00:13:10.106, 4, 78921 MiB, 0 %, 120.24 W, 1980 MHz
2026/09/28 00:13:10.107, 5, 78921 MiB, 0 %, 121.05 W, 1980 MHz
2026/09/28 00:13:10.107, 6, 78921 MiB, 0 %, 123.47 W, 1980 MHz
2026/09/28 00:13:10.108, 7, 78921 MiB, 0 %, 119.16 W, 1980 MHz
2026/09/28 00:13:11.109, 0, 78921 MiB, 0 %, 174.97 W, 1980 MHz
2026/09/28 00:13:11.110, 1, 78921 MiB, 0 %, 124.90 W, 1980 MHz
2026/09/28 00:13:11.110, 2, 78921 MiB, 0 %, 122.71 W, 1980 MHz
2026/09/28 00:13:11.111, 3, 78921 MiB, 0 %, 121.32 W, 1980 MHz
2026/09/28 00:13:11.112, 4, 78921 MiB, 0 %, 120.16 W, 1980 MHz
2026/09/28 00:13:11.112, 5, 78921 MiB, 0 %, 120.89 W, 1980 MHz
2026/09/28 00:13:11.113, 6, 78921 MiB, 0 %, 123.43 W, 1980 MHz
2026/09/28 00:13:11.114, 7, 78921 MiB, 0 %, 119.06 W, 1980 MHz
2026/09/28 00:13:12.115, 0, 78921 MiB, 100 %, 593.47 W, 1980 MHz
2026/09/28 00:13:12.116, 1, 78921 MiB, 100 %, 532.42 W, 1980 MHz
2026/09/28 00:13:12.116, 2, 78921 MiB, 100 %, 517.11 W, 1980 MHz
2026/09/28 00:13:12.117, 3, 78921 MiB, 100 %, 510.42 W, 1980 MHz
2026/09/28 00:13:12.118, 4, 78921 MiB, 100 %, 488.07 W, 1980 MHz
2026/09/28 00:13:12.119, 5, 78921 MiB, 100 %, 527.37 W, 1980 MHz
2026/09/28 00:13:12.119, 6, 78921 MiB, 100 %, 539.70 W, 1980 MHz
2026/09/28 00:13:12.120, 7, 78921 MiB, 100 %, 497.20 W, 1980 MHz
2026/09/28 00:13:13.121, 0, 78921 MiB, 100 %, 632.04 W, 1980 MHz
2026/09/28 00:13:13.122, 1, 78921 MiB, 100 %, 590.26 W, 1980 MHz
2026/09/28 00:13:13.123, 2, 78921 MiB, 100 %, 563.27 W, 1980 MHz
2026/09/28 00:13:13.124, 3, 78921 MiB, 100 %, 567.52 W, 1980 MHz
2026/09/28 00:13:13.124, 4, 78921 MiB, 100 %, 556.86 W, 1980 MHz
2026/09/28 00:13:13.125, 5, 78921 MiB, 100 %, 560.88 W, 1980 MHz
2026/09/28 00:13:13.126, 6, 78921 MiB, 100 %, 584.87 W, 1980 MHz
2026/09/28 00:13:13.126, 7, 78921 MiB, 100 %, 550.27 W, 1980 MHz
2026/09/28 00:13:14.127, 0, 78921 MiB, 100 %, 631.22 W, 1980 MHz
2026/09/28 00:13:14.128, 1, 78921 MiB, 100 %, 593.34 W, 1980 MHz
2026/09/28 00:13:14.129, 2, 78921 MiB, 100 %, 564.34 W, 1980 MHz
2026/09/28 00:13:14.130, 3, 78921 MiB, 100 %, 567.26 W, 1980 MHz
2026/09/28 00:13:14.131, 4, 78921 MiB, 100 %, 565.90 W, 1980 MHz
2026/09/28 00:13:14.131, 5, 78921 MiB, 100 %, 573.16 W, 1980 MHz
2026/09/28 00:13:14.132, 6, 78921 MiB, 100 %, 586.44 W, 1980 MHz
2026/09/28 00:13:14.133, 7, 78921 MiB, 100 %, 553.86 W, 1980 MHz
2026/09/28 00:13:15.133, 0, 78921 MiB, 100 %, 608.24 W, 1980 MHz
2026/09/28 00:13:15.134, 1, 78921 MiB, 100 %, 567.81 W, 1980 MHz
2026/09/28 00:13:15.135, 2, 78921 MiB, 100 %, 551.08 W, 1980 MHz
2026/09/28 00:13:15.135, 3, 78921 MiB, 100 %, 544.98 W, 1980 MHz
2026/09/28 00:13:15.136, 4, 78921 MiB, 100 %, 538.97 W, 1980 MHz
2026/09/28 00:13:15.137, 5, 78921 MiB, 100 %, 548.54 W, 1980 MHz
2026/09/28 00:13:15.138, 6, 78921 MiB, 100 %, 565.60 W, 1980 MHz
2026/09/28 00:13:15.138, 7, 78921 MiB, 100 %, 534.38 W, 1980 MHz
2026/09/28 00:13:16.139, 0, 78921 MiB, 100 %, 633.21 W, 1965 MHz
2026/09/28 00:13:16.140, 1, 78921 MiB, 100 %, 594.60 W, 1980 MHz
2026/09/28 00:13:16.141, 2, 78921 MiB, 100 %, 580.46 W, 1980 MHz
2026/09/28 00:13:16.141, 3, 78921 MiB, 100 %, 572.38 W, 1980 MHz
2026/09/28 00:13:16.142, 4, 78921 MiB, 100 %, 569.90 W, 1980 MHz
2026/09/28 00:13:16.143, 5, 78921 MiB, 100 %, 572.71 W, 1980 MHz
2026/09/28 00:13:16.143, 6, 78921 MiB, 100 %, 584.69 W, 1980 MHz
2026/09/28 00:13:16.144, 7, 78921 MiB, 100 %, 567.75 W, 1980 MHz
2026/09/28 00:13:17.145, 0, 78921 MiB, 100 %, 616.11 W, 1980 MHz
2026/09/28 00:13:17.146, 1, 78921 MiB, 100 %, 578.16 W, 1980 MHz
2026/09/28 00:13:17.146, 2, 78921 MiB, 100 %, 554.56 W, 1980 MHz
2026/09/28 00:13:17.147, 3, 78921 MiB, 100 %, 546.20 W, 1980 MHz
2026/09/28 00:13:17.148, 4, 78921 MiB, 100 %, 545.23 W, 1980 MHz
2026/09/28 00:13:17.148, 5, 78921 MiB, 100 %, 555.81 W, 1980 MHz
2026/09/28 00:13:17.149, 6, 78921 MiB, 100 %, 568.37 W, 1980 MHz
2026/09/28 00:13:17.150, 7, 78921 MiB, 100 %, 549.26 W, 1980 MHz
2026/09/28 00:13:18.151, 0, 78921 MiB, 100 %, 635.12 W, 1935 MHz
2026/09/28 00:13:18.152, 1, 78921 MiB, 100 %, 585.88 W, 1980 MHz
2026/09/28 00:13:18.152, 2, 78921 MiB, 100 %, 566.40 W, 1980 MHz
2026/09/28 00:13:18.153, 3, 78921 MiB, 100 %, 556.91 W, 1980 MHz
2026/09/28 00:13:18.154, 4, 78921 MiB, 100 %, 552.84 W, 1980 MHz
2026/09/28 00:13:18.155, 5, 78921 MiB, 100 %, 561.50 W, 1980 MHz
2026/09/28 00:13:18.155, 6, 78921 MiB, 100 %, 576.86 W, 1980 MHz
2026/09/28 00:13:18.156, 7, 78921 MiB, 100 %, 551.77 W, 1980 MHz
2026/09/28 00:13:19.157, 0, 78921 MiB, 100 %, 598.08 W, 1950 MHz
2026/09/28 00:13:19.158, 1, 78921 MiB, 100 %, 598.80 W, 1980 MHz
2026/09/28 00:13:19.159, 2, 78921 MiB, 100 %, 575.06 W, 1980 MHz
2026/09/28 00:13:19.159, 3, 78921 MiB, 100 %, 564.70 W, 1980 MHz
2026/09/28 00:13:19.160, 4, 78921 MiB, 100 %, 563.35 W, 1980 MHz
2026/09/28 00:13:19.161, 5, 78921 MiB, 100 %, 569.53 W, 1980 MHz
2026/09/28 00:13:19.161, 6, 78921 MiB, 100 %, 582.52 W, 1980 MHz
2026/09/28 00:13:19.162, 7, 78921 MiB, 100 %, 563.75 W, 1980 MHz
2026/09/28 00:13:20.163, 0, 78921 MiB, 100 %, 604.50 W, 1890 MHz
2026/09/28 00:13:20.164, 1, 78921 MiB, 100 %, 577.44 W, 1980 MHz
2026/09/28 00:13:20.165, 2, 78921 MiB, 100 %, 548.54 W, 1980 MHz
2026/09/28 00:13:20.165, 3, 78921 MiB, 100 %, 543.43 W, 1980 MHz
2026/09/28 00:13:20.166, 4, 78921 MiB, 100 %, 531.51 W, 1980 MHz
2026/09/28 00:13:20.167, 5, 78921 MiB, 100 %, 554.32 W, 1980 MHz
2026/09/28 00:13:20.167, 6, 78921 MiB, 100 %, 559.06 W, 1980 MHz
2026/09/28 00:13:20.168, 7, 78921 MiB, 100 %, 535.15 W, 1980 MHz
2026/09/28 00:13:21.169, 0, 78921 MiB, 100 %, 599.05 W, 1830 MHz
2026/09/28 00:13:21.169, 1, 78921 MiB, 100 %, 588.42 W, 1980 MHz
2026/09/28 00:13:21.170, 2, 78921 MiB, 100 %, 565.13 W, 1980 MHz
2026/09/28 00:13:21.171, 3, 78921 MiB, 100 %, 556.62 W, 1980 MHz
2026/09/28 00:13:21.171, 4, 78921 MiB, 100 %, 558.59 W, 1980 MHz
2026/09/28 00:13:21.172, 5, 78921 MiB, 100 %, 561.33 W, 1980 MHz
2026/09/28 00:13:21.173, 6, 78921 MiB, 100 %, 574.76 W, 1980 MHz
2026/09/28 00:13:21.173, 7, 78921 MiB, 100 %, 552.57 W, 1980 MHz
2026/09/28 00:13:22.174, 0, 78921 MiB, 100 %, 582.65 W, 1950 MHz
2026/09/28 00:13:22.175, 1, 78921 MiB, 100 %, 589.72 W, 1980 MHz
2026/09/28 00:13:22.176, 2, 78921 MiB, 100 %, 574.17 W, 1980 MHz
2026/09/28 00:13:22.176, 3, 78921 MiB, 100 %, 558.42 W, 1980 MHz
2026/09/28 00:13:22.177, 4, 78921 MiB, 100 %, 552.81 W, 1980 MHz
2026/09/28 00:13:22.178, 5, 78921 MiB, 100 %, 565.22 W, 1980 MHz
2026/09/28 00:13:22.178, 6, 78921 MiB, 100 %, 579.25 W, 1980 MHz
2026/09/28 00:13:22.179, 7, 78921 MiB, 100 %, 552.33 W, 1980 MHz
2026/09/28 00:13:23.180, 0, 78921 MiB, 100 %, 597.47 W, 1905 MHz
2026/09/28 00:13:23.181, 1, 78921 MiB, 100 %, 576.70 W, 1980 MHz
2026/09/28 00:13:23.181, 2, 78921 MiB, 100 %, 554.87 W, 1980 MHz
2026/09/28 00:13:23.182, 3, 78921 MiB, 100 %, 543.31 W, 1980 MHz
2026/09/28 00:13:23.183, 4, 78921 MiB, 100 %, 548.11 W, 1980 MHz
2026/09/28 00:13:23.183, 5, 78921 MiB, 100 %, 545.11 W, 1980 MHz
2026/09/28 00:13:23.184, 6, 78921 MiB, 100 %, 554.97 W, 1980 MHz
2026/09/28 00:13:23.185, 7, 78921 MiB, 100 %, 549.77 W, 1980 MHz
2026/09/28 00:13:24.185, 0, 78921 MiB, 100 %, 571.15 W, 1740 MHz
2026/09/28 00:13:24.186, 1, 78921 MiB, 100 %, 594.26 W, 1980 MHz
2026/09/28 00:13:24.187, 2, 78921 MiB, 100 %, 575.22 W, 1980 MHz
2026/09/28 00:13:24.187, 3, 78921 MiB, 100 %, 566.52 W, 1980 MHz
2026/09/28 00:13:24.188, 4, 78921 MiB, 100 %, 553.13 W, 1980 MHz
2026/09/28 00:13:24.189, 5, 78921 MiB, 100 %, 564.94 W, 1980 MHz
2026/09/28 00:13:24.189, 6, 78921 MiB, 100 %, 579.78 W, 1980 MHz
2026/09/28 00:13:24.190, 7, 78921 MiB, 100 %, 558.88 W, 1980 MHz
2026/09/28 00:13:25.191, 0, 78921 MiB, 100 %, 564.34 W, 1860 MHz
2026/09/28 00:13:25.192, 1, 78921 MiB, 100 %, 578.49 W, 1980 MHz
2026/09/28 00:13:25.192, 2, 78921 MiB, 100 %, 559.01 W, 1980 MHz
2026/09/28 00:13:25.193, 3, 78921 MiB, 100 %, 537.61 W, 1980 MHz
2026/09/28 00:13:25.194, 4, 78921 MiB, 100 %, 541.91 W, 1980 MHz
2026/09/28 00:13:25.194, 5, 78921 MiB, 100 %, 556.53 W, 1980 MHz
2026/09/28 00:13:25.195, 6, 78921 MiB, 100 %, 569.54 W, 1980 MHz
2026/09/28 00:13:25.196, 7, 78921 MiB, 100 %, 538.58 W, 1980 MHz
2026/09/28 00:13:26.196, 0, 78921 MiB, 100 %, 569.25 W, 1815 MHz
2026/09/28 00:13:26.197, 1, 78921 MiB, 100 %, 581.61 W, 1980 MHz
2026/09/28 00:13:26.198, 2, 78921 MiB, 100 %, 558.91 W, 1980 MHz
2026/09/28 00:13:26.198, 3, 78921 MiB, 100 %, 551.73 W, 1980 MHz
2026/09/28 00:13:26.199, 4, 78921 MiB, 100 %, 542.79 W, 1980 MHz
2026/09/28 00:13:26.200, 5, 78921 MiB, 100 %, 546.70 W, 1980 MHz
2026/09/28 00:13:26.200, 6, 78921 MiB, 100 %, 571.18 W, 1980 MHz
2026/09/28 00:13:26.201, 7, 78921 MiB, 100 %, 546.20 W, 1980 MHz
2026/09/28 00:13:27.201, 0, 78921 MiB, 100 %, 568.72 W, 1815 MHz
2026/09/28 00:13:27.202, 1, 78921 MiB, 100 %, 596.94 W, 1980 MHz
2026/09/28 00:13:27.203, 2, 78921 MiB, 100 %, 582.50 W, 1980 MHz
2026/09/28 00:13:27.204, 3, 78921 MiB, 100 %, 563.62 W, 1980 MHz
2026/09/28 00:13:27.204, 4, 78921 MiB, 100 %, 565.26 W, 1980 MHz
2026/09/28 00:13:27.205, 5, 78921 MiB, 100 %, 571.29 W, 1980 MHz
2026/09/28 00:13:27.206, 6, 78921 MiB, 100 %, 579.37 W, 1980 MHz
2026/09/28 00:13:27.206, 7, 78921 MiB, 100 %, 559.63 W, 1980 MHz
2026/09/28 00:13:28.207, 0, 78921 MiB, 100 %, 575.92 W, 1905 MHz
2026/09/28 00:13:28.208, 1, 78921 MiB, 100 %, 574.47 W, 1980 MHz
2026/09/28 00:13:28.209, 2, 78921 MiB, 100 %, 562.38 W, 1980 MHz
2026/09/28 00:13:28.209, 3, 78921 MiB, 100 %, 538.68 W, 1980 MHz
2026/09/28 00:13:28.210, 4, 78921 MiB, 100 %, 541.48 W, 1980 MHz
2026/09/28 00:13:28.211, 5, 78921 MiB, 100 %, 550.34 W, 1980 MHz
2026/09/28 00:13:28.211, 6, 78921 MiB, 100 %, 570.16 W, 1980 MHz
2026/09/28 00:13:28.212, 7, 78921 MiB, 100 %, 539.11 W, 1980 MHz
2026/09/28 00:13:29.213, 0, 78921 MiB, 100 %, 563.49 W, 1800 MHz
2026/09/28 00:13:29.214, 1, 78921 MiB, 100 %, 584.86 W, 1980 MHz
2026/09/28 00:13:29.214, 2, 78921 MiB, 100 %, 565.00 W, 1980 MHz
2026/09/28 00:13:29.215, 3, 78921 MiB, 100 %, 556.57 W, 1980 MHz
2026/09/28 00:13:29.215, 4, 78921 MiB, 100 %, 547.79 W, 1980 MHz
2026/09/28 00:13:29.216, 5, 78921 MiB, 100 %, 552.53 W, 1980 MHz
2026/09/28 00:13:29.217, 6, 78921 MiB, 100 %, 585.95 W, 1980 MHz
2026/09/28 00:13:29.217, 7, 78921 MiB, 100 %, 548.28 W, 1980 MHz
2026/09/28 00:13:30.218, 0, 78921 MiB, 100 %, 558.38 W, 1920 MHz
2026/09/28 00:13:30.221, 1, 78921 MiB, 100 %, 587.79 W, 1980 MHz
2026/09/28 00:13:30.222, 2, 78921 MiB, 100 %, 564.93 W, 1980 MHz
2026/09/28 00:13:30.224, 3, 78921 MiB, 100 %, 553.28 W, 1980 MHz
2026/09/28 00:13:30.225, 4, 78921 MiB, 100 %, 552.42 W, 1980 MHz
2026/09/28 00:13:30.226, 5, 78921 MiB, 100 %, 567.02 W, 1980 MHz
2026/09/28 00:13:30.227, 6, 78921 MiB, 100 %, 575.79 W, 1980 MHz
2026/09/28 00:13:30.228, 7, 78921 MiB, 100 %, 557.54 W, 1980 MHz
2026/09/28 00:13:31.230, 0, 78921 MiB, 100 %, 565.97 W, 1860 MHz
2026/09/28 00:13:31.231, 1, 78921 MiB, 100 %, 575.18 W, 1980 MHz
2026/09/28 00:13:31.232, 2, 78921 MiB, 100 %, 554.00 W, 1980 MHz
2026/09/28 00:13:31.232, 3, 78921 MiB, 100 %, 545.24 W, 1980 MHz
2026/09/28 00:13:31.233, 4, 78921 MiB, 100 %, 533.28 W, 1980 MHz
2026/09/28 00:13:31.234, 5, 78921 MiB, 100 %, 540.23 W, 1980 MHz
2026/09/28 00:13:31.234, 6, 78921 MiB, 100 %, 559.41 W, 1980 MHz
2026/09/28 00:13:31.235, 7, 78921 MiB, 100 %, 538.55 W, 1980 MHz
2026/09/28 00:13:32.236, 0, 78921 MiB, 100 %, 545.08 W, 1695 MHz
2026/09/28 00:13:32.237, 1, 78921 MiB, 100 %, 588.73 W, 1980 MHz
2026/09/28 00:13:32.237, 2, 78921 MiB, 100 %, 568.43 W, 1980 MHz
2026/09/28 00:13:32.238, 3, 78921 MiB, 100 %, 556.85 W, 1980 MHz
2026/09/28 00:13:32.238, 4, 78921 MiB, 100 %, 546.28 W, 1980 MHz
2026/09/28 00:13:32.239, 5, 78921 MiB, 100 %, 560.74 W, 1980 MHz
2026/09/28 00:13:32.240, 6, 78921 MiB, 100 %, 577.73 W, 1980 MHz
2026/09/28 00:13:32.240, 7, 78921 MiB, 100 %, 544.06 W, 1980 MHz
2026/09/28 00:13:33.241, 0, 78921 MiB, 100 %, 443.05 W, 1980 MHz
2026/09/28 00:13:33.242, 1, 78921 MiB, 100 %, 451.16 W, 1980 MHz
2026/09/28 00:13:33.242, 2, 78921 MiB, 100 %, 435.96 W, 1980 MHz
2026/09/28 00:13:33.243, 3, 78921 MiB, 100 %, 437.18 W, 1980 MHz
2026/09/28 00:13:33.243, 4, 78921 MiB, 100 %, 432.88 W, 1980 MHz
2026/09/28 00:13:33.244, 5, 78921 MiB, 100 %, 435.20 W, 1980 MHz
2026/09/28 00:13:33.245, 6, 78921 MiB, 100 %, 449.75 W, 1980 MHz
2026/09/28 00:13:33.245, 7, 78921 MiB, 100 %, 436.50 W, 1980 MHz
2026/09/28 00:13:34.246, 0, 78921 MiB, 100 %, 382.21 W, 1980 MHz
2026/09/28 00:13:34.247, 1, 78921 MiB, 100 %, 318.62 W, 1980 MHz
2026/09/28 00:13:34.247, 2, 78921 MiB, 100 %, 334.82 W, 1980 MHz
2026/09/28 00:13:34.248, 3, 78921 MiB, 100 %, 319.88 W, 1980 MHz
2026/09/28 00:13:34.248, 4, 78921 MiB, 100 %, 314.52 W, 1980 MHz
2026/09/28 00:13:34.249, 5, 78921 MiB, 100 %, 314.11 W, 1980 MHz
2026/09/28 00:13:34.250, 6, 78921 MiB, 100 %, 324.26 W, 1980 MHz
2026/09/28 00:13:34.250, 7, 78921 MiB, 100 %, 313.69 W, 1980 MHz
2026/09/28 00:13:35.251, 0, 78921 MiB, 100 %, 470.94 W, 1830 MHz
2026/09/28 00:13:35.252, 1, 78921 MiB, 100 %, 406.38 W, 1980 MHz
2026/09/28 00:13:35.252, 2, 78921 MiB, 100 %, 413.32 W, 1980 MHz
2026/09/28 00:13:35.253, 3, 78921 MiB, 100 %, 398.82 W, 1980 MHz
2026/09/28 00:13:35.254, 4, 78921 MiB, 100 %, 388.60 W, 1980 MHz
2026/09/28 00:13:35.254, 5, 78921 MiB, 100 %, 398.61 W, 1980 MHz
2026/09/28 00:13:35.255, 6, 78921 MiB, 100 %, 406.46 W, 1980 MHz
2026/09/28 00:13:35.255, 7, 78921 MiB, 100 %, 381.94 W, 1980 MHz
2026/09/28 00:13:36.256, 0, 78921 MiB, 100 %, 565.20 W, 1875 MHz
2026/09/28 00:13:36.257, 1, 78921 MiB, 100 %, 575.18 W, 1980 MHz
2026/09/28 00:13:36.257, 2, 78921 MiB, 100 %, 552.71 W, 1980 MHz
2026/09/28 00:13:36.258, 3, 78921 MiB, 100 %, 531.83 W, 1980 MHz
2026/09/28 00:13:36.259, 4, 78921 MiB, 100 %, 539.64 W, 1980 MHz
2026/09/28 00:13:36.259, 5, 78921 MiB, 100 %, 551.19 W, 1980 MHz
2026/09/28 00:13:36.260, 6, 78921 MiB, 100 %, 557.40 W, 1980 MHz
2026/09/28 00:13:36.261, 7, 78921 MiB, 100 %, 538.27 W, 1980 MHz
2026/09/28 00:13:37.261, 0, 78921 MiB, 100 %, 571.69 W, 1650 MHz
2026/09/28 00:13:37.262, 1, 78921 MiB, 100 %, 599.29 W, 1980 MHz
2026/09/28 00:13:37.263, 2, 78921 MiB, 100 %, 566.47 W, 1980 MHz
2026/09/28 00:13:37.263, 3, 78921 MiB, 100 %, 571.06 W, 1980 MHz
2026/09/28 00:13:37.264, 4, 78921 MiB, 100 %, 553.99 W, 1980 MHz
2026/09/28 00:13:37.265, 5, 78921 MiB, 100 %, 567.93 W, 1980 MHz
2026/09/28 00:13:37.265, 6, 78921 MiB, 100 %, 581.74 W, 1980 MHz
2026/09/28 00:13:37.266, 7, 78921 MiB, 100 %, 550.62 W, 1980 MHz
2026/09/28 00:13:38.266, 0, 78921 MiB, 100 %, 544.76 W, 1875 MHz
2026/09/28 00:13:38.267, 1, 78921 MiB, 100 %, 572.26 W, 1980 MHz
2026/09/28 00:13:38.268, 2, 78921 MiB, 100 %, 549.83 W, 1980 MHz
2026/09/28 00:13:38.269, 3, 78921 MiB, 100 %, 545.00 W, 1980 MHz
2026/09/28 00:13:38.269, 4, 78921 MiB, 100 %, 544.91 W, 1980 MHz
2026/09/28 00:13:38.270, 5, 78921 MiB, 100 %, 543.53 W, 1980 MHz
2026/09/28 00:13:38.271, 6, 78921 MiB, 100 %, 565.16 W, 1980 MHz
2026/09/28 00:13:38.271, 7, 78921 MiB, 100 %, 537.61 W, 1980 MHz
2026/09/28 00:13:39.272, 0, 78921 MiB, 100 %, 553.77 W, 1785 MHz
2026/09/28 00:13:39.273, 1, 78921 MiB, 100 %, 575.88 W, 1980 MHz
2026/09/28 00:13:39.273, 2, 78921 MiB, 100 %, 549.99 W, 1980 MHz
2026/09/28 00:13:39.274, 3, 78921 MiB, 100 %, 547.45 W, 1980 MHz
2026/09/28 00:13:39.275, 4, 78921 MiB, 100 %, 540.06 W, 1980 MHz
2026/09/28 00:13:39.275, 5, 78921 MiB, 100 %, 557.81 W, 1980 MHz
2026/09/28 00:13:39.276, 6, 78921 MiB, 100 %, 574.57 W, 1980 MHz
2026/09/28 00:13:39.276, 7, 78921 MiB, 100 %, 537.41 W, 1980 MHz
2026/09/28 00:13:40.277, 0, 78921 MiB, 100 %, 553.59 W, 1785 MHz
2026/09/28 00:13:40.278, 1, 78921 MiB, 100 %, 591.97 W, 1980 MHz
2026/09/28 00:13:40.278, 2, 78921 MiB, 100 %, 572.59 W, 1980 MHz
2026/09/28 00:13:40.279, 3, 78921 MiB, 100 %, 567.12 W, 1980 MHz
2026/09/28 00:13:40.280, 4, 78921 MiB, 100 %, 555.20 W, 1980 MHz
2026/09/28 00:13:40.280, 5, 78921 MiB, 100 %, 560.46 W, 1980 MHz
2026/09/28 00:13:40.281, 6, 78921 MiB, 100 %, 596.81 W, 1980 MHz
2026/09/28 00:13:40.281, 7, 78921 MiB, 100 %, 552.89 W, 1980 MHz
2026/09/28 00:13:41.282, 0, 78921 MiB, 100 %, 558.41 W, 1875 MHz
2026/09/28 00:13:41.283, 1, 78921 MiB, 100 %, 576.05 W, 1980 MHz
2026/09/28 00:13:41.284, 2, 78921 MiB, 100 %, 552.02 W, 1980 MHz
2026/09/28 00:13:41.284, 3, 78921 MiB, 100 %, 535.72 W, 1980 MHz
2026/09/28 00:13:41.285, 4, 78921 MiB, 100 %, 534.59 W, 1980 MHz
2026/09/28 00:13:41.285, 5, 78921 MiB, 100 %, 543.39 W, 1980 MHz
2026/09/28 00:13:41.286, 6, 78921 MiB, 100 %, 567.58 W, 1980 MHz
2026/09/28 00:13:41.287, 7, 78921 MiB, 100 %, 540.92 W, 1980 MHz
2026/09/28 00:13:42.287, 0, 78921 MiB, 100 %, 564.97 W, 1830 MHz
2026/09/28 00:13:42.288, 1, 78921 MiB, 100 %, 588.18 W, 1980 MHz
2026/09/28 00:13:42.289, 2, 78921 MiB, 100 %, 561.85 W, 1980 MHz
2026/09/28 00:13:42.289, 3, 78921 MiB, 100 %, 556.05 W, 1980 MHz
2026/09/28 00:13:42.290, 4, 78921 MiB, 100 %, 554.55 W, 1980 MHz
2026/09/28 00:13:42.291, 5, 78921 MiB, 100 %, 556.19 W, 1980 MHz
2026/09/28 00:13:42.291, 6, 78921 MiB, 100 %, 574.56 W, 1980 MHz
2026/09/28 00:13:42.292, 7, 78921 MiB, 100 %, 548.17 W, 1980 MHz
2026/09/28 00:13:43.293, 0, 78921 MiB, 100 %, 541.99 W, 1755 MHz
2026/09/28 00:13:43.293, 1, 78921 MiB, 100 %, 580.49 W, 1980 MHz
2026/09/28 00:13:43.294, 2, 78921 MiB, 100 %, 567.72 W, 1980 MHz
2026/09/28 00:13:43.295, 3, 78921 MiB, 100 %, 558.49 W, 1980 MHz
2026/09/28 00:13:43.295, 4, 78921 MiB, 100 %, 553.98 W, 1980 MHz
2026/09/28 00:13:43.296, 5, 78921 MiB, 100 %, 551.32 W, 1980 MHz
2026/09/28 00:13:43.297, 6, 78921 MiB, 100 %, 581.42 W, 1980 MHz
2026/09/28 00:13:43.297, 7, 78921 MiB, 100 %, 549.26 W, 1980 MHz
2026/09/28 00:13:44.298, 0, 78921 MiB, 100 %, 516.56 W, 1800 MHz
2026/09/28 00:13:44.299, 1, 78921 MiB, 100 %, 569.57 W, 1980 MHz
2026/09/28 00:13:44.299, 2, 78921 MiB, 100 %, 550.75 W, 1980 MHz
2026/09/28 00:13:44.300, 3, 78921 MiB, 100 %, 536.52 W, 1980 MHz
2026/09/28 00:13:44.301, 4, 78921 MiB, 100 %, 528.88 W, 1980 MHz
2026/09/28 00:13:44.301, 5, 78921 MiB, 100 %, 535.04 W, 1980 MHz
2026/09/28 00:13:44.302, 6, 78921 MiB, 100 %, 557.72 W, 1980 MHz
2026/09/28 00:13:44.303, 7, 78921 MiB, 100 %, 528.02 W, 1980 MHz
2026/09/28 00:13:45.303, 0, 78921 MiB, 100 %, 533.00 W, 1755 MHz
2026/09/28 00:13:45.304, 1, 78921 MiB, 100 %, 587.40 W, 1980 MHz
2026/09/28 00:13:45.305, 2, 78921 MiB, 100 %, 557.23 W, 1980 MHz
2026/09/28 00:13:45.305, 3, 78921 MiB, 100 %, 558.83 W, 1980 MHz
2026/09/28 00:13:45.306, 4, 78921 MiB, 100 %, 546.89 W, 1980 MHz
2026/09/28 00:13:45.307, 5, 78921 MiB, 100 %, 561.96 W, 1980 MHz
2026/09/28 00:13:45.307, 6, 78921 MiB, 100 %, 573.63 W, 1980 MHz
2026/09/28 00:13:45.308, 7, 78921 MiB, 100 %, 554.81 W, 1980 MHz
2026/09/28 00:13:46.308, 0, 78921 MiB, 100 %, 550.66 W, 1905 MHz
2026/09/28 00:13:46.309, 1, 78921 MiB, 100 %, 579.21 W, 1980 MHz
2026/09/28 00:13:46.310, 2, 78921 MiB, 100 %, 559.44 W, 1980 MHz
2026/09/28 00:13:46.311, 3, 78921 MiB, 100 %, 551.26 W, 1980 MHz
2026/09/28 00:13:46.311, 4, 78921 MiB, 100 %, 540.41 W, 1980 MHz
2026/09/28 00:13:46.312, 5, 78921 MiB, 100 %, 553.22 W, 1980 MHz
2026/09/28 00:13:46.313, 6, 78921 MiB, 100 %, 571.56 W, 1980 MHz
2026/09/28 00:13:46.313, 7, 78921 MiB, 100 %, 550.41 W, 1980 MHz
2026/09/28 00:13:47.314, 0, 78921 MiB, 100 %, 500.21 W, 1620 MHz
2026/09/28 00:13:47.315, 1, 78921 MiB, 100 %, 572.02 W, 1980 MHz
2026/09/28 00:13:47.316, 2, 78921 MiB, 100 %, 532.25 W, 1980 MHz
2026/09/28 00:13:47.316, 3, 78921 MiB, 100 %, 529.89 W, 1980 MHz
2026/09/28 00:13:47.317, 4, 78921 MiB, 100 %, 524.29 W, 1980 MHz
2026/09/28 00:13:47.317, 5, 78921 MiB, 100 %, 547.85 W, 1980 MHz
2026/09/28 00:13:47.318, 6, 78921 MiB, 100 %, 551.38 W, 1980 MHz
2026/09/28 00:13:47.319, 7, 78921 MiB, 100 %, 527.48 W, 1980 MHz
2026/09/28 00:13:48.319, 0, 78921 MiB, 100 %, 496.67 W, 1650 MHz
2026/09/28 00:13:48.321, 1, 78921 MiB, 100 %, 577.22 W, 1980 MHz
2026/09/28 00:13:48.321, 2, 78921 MiB, 100 %, 569.38 W, 1980 MHz
2026/09/28 00:13:48.322, 3, 78921 MiB, 100 %, 552.25 W, 1980 MHz
2026/09/28 00:13:48.323, 4, 78921 MiB, 100 %, 547.85 W, 1980 MHz
2026/09/28 00:13:48.323, 5, 78921 MiB, 100 %, 544.26 W, 1980 MHz
2026/09/28 00:13:48.324, 6, 78921 MiB, 100 %, 577.60 W, 1980 MHz
2026/09/28 00:13:48.324, 7, 78921 MiB, 100 %, 538.43 W, 1980 MHz
2026/09/28 00:13:49.325, 0, 78921 MiB, 100 %, 519.34 W, 1815 MHz
2026/09/28 00:13:49.326, 1, 78921 MiB, 100 %, 568.65 W, 1980 MHz
2026/09/28 00:13:49.327, 2, 78921 MiB, 100 %, 544.07 W, 1980 MHz
2026/09/28 00:13:49.327, 3, 78921 MiB, 100 %, 540.83 W, 1980 MHz
2026/09/28 00:13:49.328, 4, 78921 MiB, 100 %, 529.34 W, 1980 MHz
2026/09/28 00:13:49.328, 5, 78921 MiB, 100 %, 543.00 W, 1980 MHz
2026/09/28 00:13:49.329, 6, 78921 MiB, 100 %, 561.48 W, 1980 MHz
2026/09/28 00:13:49.330, 7, 78921 MiB, 100 %, 536.66 W, 1980 MHz
2026/09/28 00:13:50.330, 0, 78921 MiB, 100 %, 529.47 W, 1740 MHz
2026/09/28 00:13:50.331, 1, 78921 MiB, 100 %, 578.98 W, 1980 MHz
2026/09/28 00:13:50.332, 2, 78921 MiB, 100 %, 552.81 W, 1980 MHz
2026/09/28 00:13:50.332, 3, 78921 MiB, 100 %, 536.03 W, 1980 MHz
2026/09/28 00:13:50.333, 4, 78921 MiB, 100 %, 549.69 W, 1980 MHz
2026/09/28 00:13:50.334, 5, 78921 MiB, 100 %, 548.73 W, 1980 MHz
2026/09/28 00:13:50.334, 6, 78921 MiB, 100 %, 576.82 W, 1980 MHz
2026/09/28 00:13:50.335, 7, 78921 MiB, 100 %, 546.34 W, 1980 MHz
2026/09/28 00:13:51.335, 0, 78921 MiB, 100 %, 548.34 W, 1875 MHz
2026/09/28 00:13:51.336, 1, 78921 MiB, 100 %, 592.64 W, 1980 MHz
2026/09/28 00:13:51.337, 2, 78921 MiB, 100 %, 566.05 W, 1980 MHz
2026/09/28 00:13:51.338, 3, 78921 MiB, 100 %, 563.69 W, 1980 MHz
2026/09/28 00:13:51.338, 4, 78921 MiB, 100 %, 557.77 W, 1980 MHz
2026/09/28 00:13:51.339, 5, 78921 MiB, 100 %, 577.05 W, 1980 MHz
2026/09/28 00:13:51.340, 6, 78921 MiB, 100 %, 577.84 W, 1980 MHz
2026/09/28 00:13:51.340, 7, 78921 MiB, 100 %, 558.89 W, 1980 MHz
2026/09/28 00:13:52.341, 0, 78921 MiB, 100 %, 560.18 W, 1830 MHz
2026/09/28 00:13:52.342, 1, 78921 MiB, 100 %, 577.37 W, 1980 MHz
2026/09/28 00:13:52.343, 2, 78921 MiB, 100 %, 556.70 W, 1980 MHz
2026/09/28 00:13:52.343, 3, 78921 MiB, 100 %, 531.67 W, 1980 MHz
2026/09/28 00:13:52.344, 4, 78921 MiB, 100 %, 537.07 W, 1980 MHz
2026/09/28 00:13:52.344, 5, 78921 MiB, 100 %, 554.71 W, 1980 MHz
2026/09/28 00:13:52.345, 6, 78921 MiB, 100 %, 564.81 W, 1980 MHz
2026/09/28 00:13:52.345, 7, 78921 MiB, 100 %, 529.06 W, 1980 MHz
2026/09/28 00:13:53.346, 0, 78921 MiB, 100 %, 555.19 W, 1785 MHz
2026/09/28 00:13:53.347, 1, 78921 MiB, 100 %, 585.40 W, 1980 MHz
2026/09/28 00:13:53.348, 2, 78921 MiB, 100 %, 570.11 W, 1980 MHz
2026/09/28 00:13:53.349, 3, 78921 MiB, 100 %, 546.43 W, 1980 MHz
2026/09/28 00:13:53.349, 4, 78921 MiB, 100 %, 545.81 W, 1980 MHz
2026/09/28 00:13:53.350, 5, 78921 MiB, 100 %, 560.88 W, 1980 MHz
2026/09/28 00:13:53.351, 6, 78921 MiB, 100 %, 580.92 W, 1980 MHz
2026/09/28 00:13:53.351, 7, 78921 MiB, 100 %, 548.00 W, 1980 MHz
2026/09/28 00:13:54.352, 0, 78921 MiB, 100 %, 559.26 W, 1920 MHz
2026/09/28 00:13:54.353, 1, 78921 MiB, 100 %, 597.34 W, 1980 MHz
2026/09/28 00:13:54.354, 2, 78921 MiB, 100 %, 566.90 W, 1980 MHz
2026/09/28 00:13:54.354, 3, 78921 MiB, 100 %, 551.27 W, 1980 MHz
2026/09/28 00:13:54.355, 4, 78921 MiB, 100 %, 561.17 W, 1980 MHz
2026/09/28 00:13:54.355, 5, 78921 MiB, 100 %, 567.69 W, 1980 MHz
2026/09/28 00:13:54.356, 6, 78921 MiB, 100 %, 578.46 W, 1980 MHz
2026/09/28 00:13:54.357, 7, 78921 MiB, 100 %, 557.65 W, 1980 MHz
2026/09/28 00:13:55.357, 0, 78921 MiB, 100 %, 539.59 W, 1620 MHz
2026/09/28 00:13:55.358, 1, 78921 MiB, 100 %, 570.81 W, 1980 MHz
2026/09/28 00:13:55.359, 2, 78921 MiB, 100 %, 541.41 W, 1980 MHz
2026/09/28 00:13:55.359, 3, 78921 MiB, 100 %, 532.30 W, 1980 MHz
2026/09/28 00:13:55.360, 4, 78921 MiB, 100 %, 531.89 W, 1980 MHz
2026/09/28 00:13:55.361, 5, 78921 MiB, 100 %, 544.26 W, 1980 MHz
2026/09/28 00:13:55.361, 6, 78921 MiB, 100 %, 565.43 W, 1980 MHz
2026/09/28 00:13:55.362, 7, 78921 MiB, 100 %, 534.65 W, 1980 MHz
2026/09/28 00:13:56.362, 0, 78921 MiB, 100 %, 523.97 W, 1695 MHz
2026/09/28 00:13:56.363, 1, 78921 MiB, 100 %, 577.72 W, 1980 MHz
2026/09/28 00:13:56.364, 2, 78921 MiB, 100 %, 562.78 W, 1980 MHz
2026/09/28 00:13:56.364, 3, 78921 MiB, 100 %, 540.22 W, 1980 MHz
2026/09/28 00:13:56.365, 4, 78921 MiB, 100 %, 542.24 W, 1980 MHz
2026/09/28 00:13:56.366, 5, 78921 MiB, 100 %, 551.34 W, 1980 MHz
2026/09/28 00:13:56.366, 6, 78921 MiB, 100 %, 574.51 W, 1980 MHz
2026/09/28 00:13:56.367, 7, 78921 MiB, 100 %, 543.36 W, 1980 MHz
2026/09/28 00:13:57.367, 0, 78921 MiB, 100 %, 454.28 W, 1980 MHz
2026/09/28 00:13:57.368, 1, 78921 MiB, 100 %, 474.27 W, 1980 MHz
2026/09/28 00:13:57.369, 2, 78921 MiB, 100 %, 445.78 W, 1980 MHz
2026/09/28 00:13:57.370, 3, 78921 MiB, 100 %, 455.78 W, 1980 MHz
2026/09/28 00:13:57.370, 4, 78921 MiB, 100 %, 456.93 W, 1980 MHz
2026/09/28 00:13:57.371, 5, 78921 MiB, 100 %, 449.86 W, 1980 MHz
2026/09/28 00:13:57.371, 6, 78921 MiB, 100 %, 478.59 W, 1980 MHz
2026/09/28 00:13:57.372, 7, 78921 MiB, 100 %, 453.07 W, 1980 MHz
2026/09/28 00:13:58.373, 0, 78921 MiB, 100 %, 388.54 W, 1980 MHz
2026/09/28 00:13:58.374, 1, 78921 MiB, 100 %, 321.11 W, 1980 MHz
2026/09/28 00:13:58.374, 2, 78921 MiB, 100 %, 331.12 W, 1980 MHz
2026/09/28 00:13:58.375, 3, 78921 MiB, 100 %, 330.07 W, 1980 MHz
2026/09/28 00:13:58.376, 4, 78921 MiB, 100 %, 318.46 W, 1980 MHz
2026/09/28 00:13:58.376, 5, 78921 MiB, 100 %, 328.39 W, 1980 MHz
2026/09/28 00:13:58.377, 6, 78921 MiB, 100 %, 327.71 W, 1980 MHz
2026/09/28 00:13:58.377, 7, 78921 MiB, 100 %, 316.80 W, 1980 MHz
2026/09/28 00:13:59.378, 0, 78921 MiB, 100 %, 469.42 W, 1980 MHz
2026/09/28 00:13:59.379, 1, 78921 MiB, 100 %, 402.25 W, 1980 MHz
2026/09/28 00:13:59.379, 2, 78921 MiB, 100 %, 408.75 W, 1980 MHz
2026/09/28 00:13:59.380, 3, 78921 MiB, 100 %, 403.74 W, 1980 MHz
2026/09/28 00:13:59.381, 4, 78921 MiB, 100 %, 394.29 W, 1980 MHz
2026/09/28 00:13:59.381, 5, 78921 MiB, 100 %, 408.91 W, 1980 MHz
2026/09/28 00:13:59.382, 6, 78921 MiB, 100 %, 408.52 W, 1980 MHz
2026/09/28 00:13:59.383, 7, 78921 MiB, 100 %, 396.38 W, 1980 MHz
2026/09/28 00:14:00.383, 0, 78921 MiB, 100 %, 567.84 W, 1785 MHz
2026/09/28 00:14:00.384, 1, 78921 MiB, 100 %, 584.99 W, 1980 MHz
2026/09/28 00:14:00.385, 2, 78921 MiB, 100 %, 554.67 W, 1980 MHz
2026/09/28 00:14:00.385, 3, 78921 MiB, 100 %, 547.29 W, 1980 MHz
2026/09/28 00:14:00.386, 4, 78921 MiB, 100 %, 538.41 W, 1980 MHz
2026/09/28 00:14:00.386, 5, 78921 MiB, 100 %, 552.53 W, 1980 MHz
2026/09/28 00:14:00.387, 6, 78921 MiB, 100 %, 574.46 W, 1980 MHz
2026/09/28 00:14:00.388, 7, 78921 MiB, 100 %, 545.42 W, 1980 MHz
2026/09/28 00:14:01.388, 0, 78921 MiB, 100 %, 536.95 W, 1635 MHz
2026/09/28 00:14:01.389, 1, 78921 MiB, 100 %, 589.80 W, 1980 MHz
2026/09/28 00:14:01.390, 2, 78921 MiB, 100 %, 567.99 W, 1980 MHz
2026/09/28 00:14:01.391, 3, 78921 MiB, 100 %, 550.90 W, 1980 MHz
2026/09/28 00:14:01.391, 4, 78921 MiB, 100 %, 550.18 W, 1980 MHz
2026/09/28 00:14:01.392, 5, 78921 MiB, 100 %, 560.01 W, 1980 MHz
2026/09/28 00:14:01.392, 6, 78921 MiB, 100 %, 581.98 W, 1980 MHz
2026/09/28 00:14:01.393, 7, 78921 MiB, 100 %, 545.49 W, 1980 MHz
2026/09/28 00:14:02.393, 0, 78921 MiB, 100 %, 531.82 W, 1725 MHz
2026/09/28 00:14:02.395, 1, 78921 MiB, 100 %, 567.98 W, 1980 MHz
2026/09/28 00:14:02.395, 2, 78921 MiB, 100 %, 550.50 W, 1980 MHz
2026/09/28 00:14:02.396, 3, 78921 MiB, 100 %, 537.94 W, 1980 MHz
2026/09/28 00:14:02.397, 4, 78921 MiB, 100 %, 536.03 W, 1980 MHz
2026/09/28 00:14:02.397, 5, 78921 MiB, 100 %, 548.64 W, 1980 MHz
2026/09/28 00:14:02.398, 6, 78921 MiB, 100 %, 571.42 W, 1980 MHz
2026/09/28 00:14:02.398, 7, 78921 MiB, 100 %, 533.68 W, 1980 MHz
2026/09/28 00:14:03.399, 0, 78921 MiB, 100 %, 533.51 W, 1725 MHz
2026/09/28 00:14:03.400, 1, 78921 MiB, 100 %, 577.34 W, 1980 MHz
2026/09/28 00:14:03.401, 2, 78921 MiB, 100 %, 551.62 W, 1980 MHz
2026/09/28 00:14:03.402, 3, 78921 MiB, 100 %, 544.14 W, 1980 MHz
2026/09/28 00:14:03.402, 4, 78921 MiB, 100 %, 552.13 W, 1980 MHz
2026/09/28 00:14:03.403, 5, 78921 MiB, 100 %, 551.35 W, 1980 MHz
2026/09/28 00:14:03.403, 6, 78921 MiB, 100 %, 570.49 W, 1980 MHz
2026/09/28 00:14:03.404, 7, 78921 MiB, 100 %, 541.05 W, 1980 MHz
2026/09/28 00:14:04.404, 0, 78921 MiB, 100 %, 543.50 W, 1740 MHz
2026/09/28 00:14:04.405, 1, 78921 MiB, 100 %, 586.76 W, 1980 MHz
2026/09/28 00:14:04.406, 2, 78921 MiB, 100 %, 570.53 W, 1980 MHz
2026/09/28 00:14:04.407, 3, 78921 MiB, 100 %, 566.08 W, 1980 MHz
2026/09/28 00:14:04.407, 4, 78921 MiB, 100 %, 557.89 W, 1980 MHz
2026/09/28 00:14:04.408, 5, 78921 MiB, 100 %, 560.97 W, 1980 MHz
2026/09/28 00:14:04.408, 6, 78921 MiB, 100 %, 597.37 W, 1980 MHz
2026/09/28 00:14:04.409, 7, 78921 MiB, 100 %, 563.95 W, 1980 MHz
2026/09/28 00:14:05.410, 0, 78921 MiB, 100 %, 537.55 W, 1740 MHz
2026/09/28 00:14:05.411, 1, 78921 MiB, 100 %, 577.34 W, 1980 MHz
2026/09/28 00:14:05.411, 2, 78921 MiB, 100 %, 541.59 W, 1980 MHz
2026/09/28 00:14:05.412, 3, 78921 MiB, 100 %, 539.47 W, 1980 MHz
2026/09/28 00:14:05.413, 4, 78921 MiB, 100 %, 540.41 W, 1980 MHz
2026/09/28 00:14:05.413, 5, 78921 MiB, 100 %, 542.38 W, 1980 MHz
2026/09/28 00:14:05.414, 6, 78921 MiB, 100 %, 561.29 W, 1980 MHz
2026/09/28 00:14:05.414, 7, 78921 MiB, 100 %, 541.05 W, 1980 MHz
2026/09/28 00:14:06.415, 0, 78921 MiB, 100 %, 551.37 W, 1695 MHz
2026/09/28 00:14:06.416, 1, 78921 MiB, 100 %, 585.47 W, 1980 MHz
2026/09/28 00:14:06.417, 2, 78921 MiB, 100 %, 561.76 W, 1980 MHz
2026/09/28 00:14:06.417, 3, 78921 MiB, 100 %, 554.54 W, 1980 MHz
2026/09/28 00:14:06.418, 4, 78921 MiB, 100 %, 551.47 W, 1980 MHz
2026/09/28 00:14:06.418, 5, 78921 MiB, 100 %, 556.86 W, 1980 MHz
2026/09/28 00:14:06.419, 6, 78921 MiB, 100 %, 584.88 W, 1980 MHz
2026/09/28 00:14:06.420, 7, 78921 MiB, 100 %, 549.17 W, 1980 MHz
2026/09/28 00:14:07.420, 0, 78921 MiB, 100 %, 513.98 W, 1725 MHz
2026/09/28 00:14:07.421, 1, 78921 MiB, 100 %, 588.01 W, 1980 MHz
2026/09/28 00:14:07.422, 2, 78921 MiB, 100 %, 561.09 W, 1980 MHz
2026/09/28 00:14:07.422, 3, 78921 MiB, 100 %, 557.64 W, 1980 MHz
2026/09/28 00:14:07.423, 4, 78921 MiB, 100 %, 549.79 W, 1980 MHz
2026/09/28 00:14:07.424, 5, 78921 MiB, 100 %, 557.75 W, 1980 MHz
2026/09/28 00:14:07.424, 6, 78921 MiB, 100 %, 576.62 W, 1980 MHz
2026/09/28 00:14:07.425, 7, 78921 MiB, 100 %, 554.65 W, 1980 MHz
2026/09/28 00:14:08.426, 0, 78921 MiB, 100 %, 515.72 W, 1740 MHz
2026/09/28 00:14:08.427, 1, 78921 MiB, 100 %, 562.21 W, 1980 MHz
2026/09/28 00:14:08.427, 2, 78921 MiB, 100 %, 529.84 W, 1980 MHz
2026/09/28 00:14:08.428, 3, 78921 MiB, 100 %, 527.97 W, 1980 MHz
2026/09/28 00:14:08.429, 4, 78921 MiB, 100 %, 527.17 W, 1980 MHz
2026/09/28 00:14:08.429, 5, 78921 MiB, 100 %, 536.11 W, 1980 MHz
2026/09/28 00:14:08.430, 6, 78921 MiB, 100 %, 561.11 W, 1980 MHz
2026/09/28 00:14:08.431, 7, 78921 MiB, 100 %, 530.21 W, 1980 MHz
2026/09/28 00:14:09.431, 0, 78921 MiB, 100 %, 518.53 W, 1725 MHz
2026/09/28 00:14:09.432, 1, 78921 MiB, 100 %, 591.46 W, 1980 MHz
2026/09/28 00:14:09.433, 2, 78921 MiB, 100 %, 556.64 W, 1980 MHz
2026/09/28 00:14:09.434, 3, 78921 MiB, 100 %, 552.04 W, 1980 MHz
2026/09/28 00:14:09.434, 4, 78921 MiB, 100 %, 544.81 W, 1980 MHz
2026/09/28 00:14:09.435, 5, 78921 MiB, 100 %, 564.23 W, 1980 MHz
2026/09/28 00:14:09.436, 6, 78921 MiB, 100 %, 571.16 W, 1980 MHz
2026/09/28 00:14:09.436, 7, 78921 MiB, 100 %, 546.43 W, 1980 MHz
2026/09/28 00:14:10.437, 0, 78921 MiB, 100 %, 535.30 W, 1845 MHz
2026/09/28 00:14:10.438, 1, 78921 MiB, 100 %, 588.44 W, 1980 MHz
2026/09/28 00:14:10.438, 2, 78921 MiB, 100 %, 555.18 W, 1980 MHz
2026/09/28 00:14:10.439, 3, 78921 MiB, 100 %, 542.98 W, 1980 MHz
2026/09/28 00:14:10.440, 4, 78921 MiB, 100 %, 541.98 W, 1980 MHz
2026/09/28 00:14:10.440, 5, 78921 MiB, 100 %, 552.91 W, 1980 MHz
2026/09/28 00:14:10.441, 6, 78921 MiB, 100 %, 572.93 W, 1980 MHz
2026/09/28 00:14:10.441, 7, 78921 MiB, 100 %, 538.22 W, 1980 MHz
2026/09/28 00:14:11.442, 0, 78921 MiB, 100 %, 541.29 W, 1800 MHz
2026/09/28 00:14:11.443, 1, 78921 MiB, 100 %, 580.86 W, 1980 MHz
2026/09/28 00:14:11.444, 2, 78921 MiB, 100 %, 559.17 W, 1980 MHz
2026/09/28 00:14:11.444, 3, 78921 MiB, 100 %, 538.91 W, 1980 MHz
2026/09/28 00:14:11.445, 4, 78921 MiB, 100 %, 537.24 W, 1980 MHz
2026/09/28 00:14:11.446, 5, 78921 MiB, 100 %, 551.13 W, 1980 MHz
2026/09/28 00:14:11.446, 6, 78921 MiB, 100 %, 568.07 W, 1980 MHz
2026/09/28 00:14:11.447, 7, 78921 MiB, 100 %, 527.76 W, 1980 MHz
2026/09/28 00:14:12.448, 0, 78921 MiB, 100 %, 548.03 W, 1725 MHz
2026/09/28 00:14:12.449, 1, 78921 MiB, 100 %, 597.49 W, 1980 MHz
2026/09/28 00:14:12.449, 2, 78921 MiB, 100 %, 569.49 W, 1980 MHz
2026/09/28 00:14:12.450, 3, 78921 MiB, 100 %, 567.95 W, 1980 MHz
2026/09/28 00:14:12.451, 4, 78921 MiB, 100 %, 558.78 W, 1980 MHz
2026/09/28 00:14:12.451, 5, 78921 MiB, 100 %, 566.28 W, 1980 MHz
2026/09/28 00:14:12.452, 6, 78921 MiB, 100 %, 590.08 W, 1980 MHz
2026/09/28 00:14:12.452, 7, 78921 MiB, 100 %, 562.61 W, 1980 MHz
2026/09/28 00:14:13.453, 0, 78921 MiB, 100 %, 556.57 W, 1890 MHz
2026/09/28 00:14:13.454, 1, 78921 MiB, 100 %, 587.49 W, 1980 MHz
2026/09/28 00:14:13.455, 2, 78921 MiB, 100 %, 550.99 W, 1980 MHz
2026/09/28 00:14:13.455, 3, 78921 MiB, 100 %, 549.45 W, 1980 MHz
2026/09/28 00:14:13.456, 4, 78921 MiB, 100 %, 543.52 W, 1980 MHz
2026/09/28 00:14:13.457, 5, 78921 MiB, 100 %, 546.63 W, 1980 MHz
2026/09/28 00:14:13.457, 6, 78921 MiB, 100 %, 577.41 W, 1980 MHz
2026/09/28 00:14:13.458, 7, 78921 MiB, 100 %, 546.75 W, 1980 MHz
2026/09/28 00:14:14.458, 0, 78921 MiB, 100 %, 569.37 W, 1770 MHz
2026/09/28 00:14:14.459, 1, 78921 MiB, 100 %, 592.04 W, 1980 MHz
2026/09/28 00:14:14.460, 2, 78921 MiB, 100 %, 563.57 W, 1980 MHz
2026/09/28 00:14:14.461, 3, 78921 MiB, 100 %, 551.02 W, 1980 MHz
2026/09/28 00:14:14.461, 4, 78921 MiB, 100 %, 545.59 W, 1980 MHz
2026/09/28 00:14:14.462, 5, 78921 MiB, 100 %, 561.23 W, 1980 MHz
2026/09/28 00:14:14.463, 6, 78921 MiB, 100 %, 574.00 W, 1980 MHz
2026/09/28 00:14:14.463, 7, 78921 MiB, 100 %, 549.77 W, 1980 MHz
2026/09/28 00:14:15.464, 0, 78921 MiB, 100 %, 514.68 W, 1575 MHz
2026/09/28 00:14:15.465, 1, 78921 MiB, 100 %, 584.24 W, 1980 MHz
2026/09/28 00:14:15.465, 2, 78921 MiB, 100 %, 569.57 W, 1980 MHz
2026/09/28 00:14:15.466, 3, 78921 MiB, 100 %, 557.45 W, 1980 MHz
2026/09/28 00:14:15.467, 4, 78921 MiB, 100 %, 552.05 W, 1980 MHz
2026/09/28 00:14:15.467, 5, 78921 MiB, 100 %, 559.31 W, 1980 MHz
2026/09/28 00:14:15.468, 6, 78921 MiB, 100 %, 573.27 W, 1980 MHz
2026/09/28 00:14:15.469, 7, 78921 MiB, 100 %, 547.48 W, 1980 MHz
2026/09/28 00:14:16.469, 0, 78921 MiB, 100 %, 522.12 W, 1785 MHz
2026/09/28 00:14:16.470, 1, 78921 MiB, 100 %, 574.07 W, 1980 MHz
2026/09/28 00:14:16.471, 2, 78921 MiB, 100 %, 541.33 W, 1980 MHz
2026/09/28 00:14:16.471, 3, 78921 MiB, 100 %, 536.14 W, 1980 MHz
2026/09/28 00:14:16.472, 4, 78921 MiB, 100 %, 526.81 W, 1980 MHz
2026/09/28 00:14:16.473, 5, 78921 MiB, 100 %, 549.14 W, 1980 MHz
2026/09/28 00:14:16.473, 6, 78921 MiB, 100 %, 561.29 W, 1980 MHz
2026/09/28 00:14:16.474, 7, 78921 MiB, 100 %, 532.71 W, 1980 MHz
2026/09/28 00:14:17.475, 0, 78921 MiB, 100 %, 518.73 W, 1740 MHz
2026/09/28 00:14:17.476, 1, 78921 MiB, 100 %, 574.40 W, 1980 MHz
2026/09/28 00:14:17.476, 2, 78921 MiB, 100 %, 565.69 W, 1980 MHz
2026/09/28 00:14:17.477, 3, 78921 MiB, 100 %, 547.40 W, 1980 MHz
2026/09/28 00:14:17.478, 4, 78921 MiB, 100 %, 546.22 W, 1980 MHz
2026/09/28 00:14:17.478, 5, 78921 MiB, 100 %, 550.89 W, 1980 MHz
2026/09/28 00:14:17.479, 6, 78921 MiB, 100 %, 569.27 W, 1980 MHz
2026/09/28 00:14:17.479, 7, 78921 MiB, 100 %, 544.64 W, 1980 MHz
2026/09/28 00:14:18.480, 0, 78921 MiB, 100 %, 535.55 W, 1725 MHz
2026/09/28 00:14:18.481, 1, 78921 MiB, 100 %, 586.96 W, 1980 MHz
2026/09/28 00:14:18.482, 2, 78921 MiB, 100 %, 573.14 W, 1980 MHz
2026/09/28 00:14:18.483, 3, 78921 MiB, 100 %, 557.49 W, 1980 MHz
2026/09/28 00:14:18.483, 4, 78921 MiB, 100 %, 553.34 W, 1980 MHz
2026/09/28 00:14:18.484, 5, 78921 MiB, 100 %, 571.26 W, 1980 MHz
2026/09/28 00:14:18.484, 6, 78921 MiB, 100 %, 579.40 W, 1980 MHz
2026/09/28 00:14:18.485, 7, 78921 MiB, 100 %, 555.19 W, 1980 MHz
2026/09/28 00:14:19.486, 0, 78921 MiB, 100 %, 541.54 W, 1785 MHz
2026/09/28 00:14:19.487, 1, 78921 MiB, 100 %, 572.13 W, 1980 MHz
2026/09/28 00:14:19.487, 2, 78921 MiB, 100 %, 545.04 W, 1980 MHz
2026/09/28 00:14:19.488, 3, 78921 MiB, 100 %, 540.91 W, 1980 MHz
2026/09/28 00:14:19.489, 4, 78921 MiB, 100 %, 533.77 W, 1980 MHz
2026/09/28 00:14:19.489, 5, 78921 MiB, 100 %, 543.69 W, 1980 MHz
2026/09/28 00:14:19.490, 6, 78921 MiB, 100 %, 556.66 W, 1980 MHz
2026/09/28 00:14:19.490, 7, 78921 MiB, 100 %, 541.19 W, 1980 MHz
2026/09/28 00:14:20.491, 0, 78921 MiB, 100 %, 551.05 W, 1770 MHz
2026/09/28 00:14:20.492, 1, 78921 MiB, 100 %, 594.89 W, 1980 MHz
2026/09/28 00:14:20.493, 2, 78921 MiB, 100 %, 561.14 W, 1980 MHz
2026/09/28 00:14:20.493, 3, 78921 MiB, 100 %, 555.19 W, 1980 MHz
2026/09/28 00:14:20.494, 4, 78921 MiB, 100 %, 555.28 W, 1980 MHz
2026/09/28 00:14:20.494, 5, 78921 MiB, 100 %, 564.65 W, 1980 MHz
2026/09/28 00:14:20.495, 6, 78921 MiB, 100 %, 569.61 W, 1980 MHz
2026/09/28 00:14:20.496, 7, 78921 MiB, 100 %, 555.74 W, 1980 MHz
2026/09/28 00:14:21.496, 0, 78921 MiB, 100 %, 457.72 W, 1980 MHz
2026/09/28 00:14:21.497, 1, 78921 MiB, 100 %, 492.79 W, 1980 MHz
2026/09/28 00:14:21.498, 2, 78921 MiB, 100 %, 459.23 W, 1980 MHz
2026/09/28 00:14:21.498, 3, 78921 MiB, 100 %, 442.82 W, 1980 MHz
2026/09/28 00:14:21.499, 4, 78921 MiB, 100 %, 439.59 W, 1980 MHz
2026/09/28 00:14:21.500, 5, 78921 MiB, 100 %, 463.76 W, 1980 MHz
2026/09/28 00:14:21.500, 6, 78921 MiB, 100 %, 480.17 W, 1980 MHz
2026/09/28 00:14:21.501, 7, 78921 MiB, 100 %, 439.83 W, 1980 MHz
2026/09/28 00:14:22.502, 0, 78921 MiB, 100 %, 389.76 W, 1980 MHz
2026/09/28 00:14:22.503, 1, 78921 MiB, 100 %, 322.56 W, 1980 MHz
2026/09/28 00:14:22.503, 2, 78921 MiB, 100 %, 332.73 W, 1980 MHz
2026/09/28 00:14:22.504, 3, 78921 MiB, 100 %, 329.28 W, 1980 MHz
2026/09/28 00:14:22.504, 4, 78921 MiB, 100 %, 318.63 W, 1980 MHz
2026/09/28 00:14:22.505, 5, 78921 MiB, 100 %, 317.32 W, 1980 MHz
2026/09/28 00:14:22.506, 6, 78921 MiB, 100 %, 327.63 W, 1980 MHz
2026/09/28 00:14:22.506, 7, 78921 MiB, 100 %, 314.78 W, 1980 MHz
2026/09/28 00:14:23.507, 0, 78921 MiB, 100 %, 461.22 W, 1980 MHz
2026/09/28 00:14:23.508, 1, 78921 MiB, 100 %, 421.56 W, 1980 MHz
2026/09/28 00:14:23.509, 2, 78921 MiB, 100 %, 402.92 W, 1980 MHz
2026/09/28 00:14:23.509, 3, 78921 MiB, 100 %, 408.24 W, 1980 MHz
2026/09/28 00:14:23.510, 4, 78921 MiB, 100 %, 406.80 W, 1980 MHz
2026/09/28 00:14:23.510, 5, 78921 MiB, 100 %, 401.64 W, 1980 MHz
2026/09/28 00:14:23.511, 6, 78921 MiB, 100 %, 396.56 W, 1980 MHz
2026/09/28 00:14:23.512, 7, 78921 MiB, 100 %, 395.57 W, 1980 MHz
2026/09/28 00:14:24.512, 0, 78921 MiB, 100 %, 571.83 W, 1680 MHz
2026/09/28 00:14:24.513, 1, 78921 MiB, 100 %, 580.31 W, 1980 MHz
2026/09/28 00:14:24.514, 2, 78921 MiB, 100 %, 552.56 W, 1980 MHz
2026/09/28 00:14:24.515, 3, 78921 MiB, 100 %, 539.28 W, 1980 MHz
2026/09/28 00:14:24.515, 4, 78921 MiB, 100 %, 541.98 W, 1980 MHz
2026/09/28 00:14:24.516, 5, 78921 MiB, 100 %, 548.28 W, 1980 MHz
2026/09/28 00:14:24.517, 6, 78921 MiB, 100 %, 570.00 W, 1980 MHz
2026/09/28 00:14:24.517, 7, 78921 MiB, 100 %, 546.03 W, 1980 MHz
2026/09/28 00:14:25.518, 0, 78921 MiB, 100 %, 547.23 W, 1725 MHz
2026/09/28 00:14:25.519, 1, 78921 MiB, 100 %, 588.77 W, 1980 MHz
2026/09/28 00:14:25.519, 2, 78921 MiB, 100 %, 569.21 W, 1980 MHz
2026/09/28 00:14:25.520, 3, 78921 MiB, 100 %, 553.31 W, 1980 MHz
2026/09/28 00:14:25.521, 4, 78921 MiB, 100 %, 553.77 W, 1980 MHz
2026/09/28 00:14:25.521, 5, 78921 MiB, 100 %, 564.32 W, 1980 MHz
2026/09/28 00:14:25.522, 6, 78921 MiB, 100 %, 582.40 W, 1980 MHz
2026/09/28 00:14:25.522, 7, 78921 MiB, 100 %, 550.49 W, 1980 MHz
2026/09/28 00:14:26.523, 0, 78921 MiB, 100 %, 563.63 W, 1785 MHz
2026/09/28 00:14:26.524, 1, 78921 MiB, 100 %, 578.88 W, 1980 MHz
2026/09/28 00:14:26.525, 2, 78921 MiB, 100 %, 543.68 W, 1980 MHz
2026/09/28 00:14:26.525, 3, 78921 MiB, 100 %, 540.41 W, 1980 MHz
2026/09/28 00:14:26.526, 4, 78921 MiB, 100 %, 543.91 W, 1980 MHz
2026/09/28 00:14:26.527, 5, 78921 MiB, 100 %, 553.88 W, 1980 MHz
2026/09/28 00:14:26.527, 6, 78921 MiB, 100 %, 565.37 W, 1980 MHz
2026/09/28 00:14:26.528, 7, 78921 MiB, 100 %, 544.35 W, 1980 MHz
2026/09/28 00:14:27.528, 0, 78921 MiB, 100 %, 546.65 W, 1710 MHz
2026/09/28 00:14:27.529, 1, 78921 MiB, 100 %, 588.27 W, 1980 MHz
2026/09/28 00:14:27.530, 2, 78921 MiB, 100 %, 550.91 W, 1980 MHz
2026/09/28 00:14:27.531, 3, 78921 MiB, 100 %, 542.36 W, 1980 MHz
2026/09/28 00:14:27.531, 4, 78921 MiB, 100 %, 549.88 W, 1980 MHz
2026/09/28 00:14:27.532, 5, 78921 MiB, 100 %, 553.17 W, 1980 MHz
2026/09/28 00:14:27.532, 6, 78921 MiB, 100 %, 574.34 W, 1980 MHz
2026/09/28 00:14:27.533, 7, 78921 MiB, 100 %, 549.20 W, 1980 MHz
2026/09/28 00:14:28.534, 0, 78921 MiB, 100 %, 535.09 W, 1740 MHz
2026/09/28 00:14:28.534, 1, 78921 MiB, 100 %, 593.45 W, 1980 MHz
2026/09/28 00:14:28.535, 2, 78921 MiB, 100 %, 564.74 W, 1980 MHz
2026/09/28 00:14:28.536, 3, 78921 MiB, 100 %, 554.63 W, 1980 MHz
2026/09/28 00:14:28.536, 4, 78921 MiB, 100 %, 550.91 W, 1980 MHz
2026/09/28 00:14:28.537, 5, 78921 MiB, 100 %, 576.01 W, 1980 MHz
2026/09/28 00:14:28.538, 6, 78921 MiB, 100 %, 575.02 W, 1980 MHz
2026/09/28 00:14:28.538, 7, 78921 MiB, 100 %, 548.22 W, 1980 MHz
2026/09/28 00:14:29.539, 0, 78921 MiB, 100 %, 537.81 W, 1770 MHz
2026/09/28 00:14:29.540, 1, 78921 MiB, 100 %, 576.48 W, 1980 MHz
2026/09/28 00:14:29.540, 2, 78921 MiB, 100 %, 552.57 W, 1980 MHz
2026/09/28 00:14:29.541, 3, 78921 MiB, 100 %, 533.96 W, 1980 MHz
2026/09/28 00:14:29.542, 4, 78921 MiB, 100 %, 531.55 W, 1980 MHz
2026/09/28 00:14:29.542, 5, 78921 MiB, 100 %, 547.85 W, 1980 MHz
2026/09/28 00:14:29.543, 6, 78921 MiB, 100 %, 561.88 W, 1980 MHz
2026/09/28 00:14:29.543, 7, 78921 MiB, 100 %, 536.07 W, 1980 MHz
2026/09/28 00:14:30.544, 0, 78921 MiB, 100 %, 537.94 W, 1755 MHz
2026/09/28 00:14:30.545, 1, 78921 MiB, 100 %, 588.23 W, 1980 MHz
2026/09/28 00:14:30.546, 2, 78921 MiB, 100 %, 563.89 W, 1980 MHz
2026/09/28 00:14:30.546, 3, 78921 MiB, 100 %, 551.77 W, 1980 MHz
2026/09/28 00:14:30.547, 4, 78921 MiB, 100 %, 543.72 W, 1980 MHz
2026/09/28 00:14:30.547, 5, 78921 MiB, 100 %, 564.08 W, 1980 MHz
2026/09/28 00:14:30.548, 6, 78921 MiB, 100 %, 572.77 W, 1980 MHz
2026/09/28 00:14:30.549, 7, 78921 MiB, 100 %, 543.04 W, 1980 MHz
2026/09/28 00:14:31.549, 0, 78921 MiB, 100 %, 527.32 W, 1755 MHz
2026/09/28 00:14:31.550, 1, 78921 MiB, 100 %, 592.63 W, 1980 MHz
2026/09/28 00:14:31.550, 2, 78921 MiB, 100 %, 555.10 W, 1980 MHz
2026/09/28 00:14:31.551, 3, 78921 MiB, 100 %, 552.64 W, 1980 MHz
2026/09/28 00:14:31.552, 4, 78921 MiB, 100 %, 542.94 W, 1980 MHz
2026/09/28 00:14:31.552, 5, 78921 MiB, 100 %, 557.07 W, 1980 MHz
2026/09/28 00:14:31.553, 6, 78921 MiB, 100 %, 566.68 W, 1980 MHz
2026/09/28 00:14:31.554, 7, 78921 MiB, 100 %, 547.11 W, 1980 MHz
2026/09/28 00:14:32.554, 0, 78921 MiB, 100 %, 529.23 W, 1770 MHz
2026/09/28 00:14:32.555, 1, 78921 MiB, 100 %, 570.56 W, 1980 MHz
2026/09/28 00:14:32.556, 2, 78921 MiB, 100 %, 538.48 W, 1980 MHz
2026/09/28 00:14:32.556, 3, 78921 MiB, 100 %, 533.85 W, 1980 MHz
2026/09/28 00:14:32.557, 4, 78921 MiB, 100 %, 536.09 W, 1980 MHz
2026/09/28 00:14:32.558, 5, 78921 MiB, 100 %, 537.07 W, 1980 MHz
2026/09/28 00:14:32.558, 6, 78921 MiB, 100 %, 554.76 W, 1980 MHz
2026/09/28 00:14:32.559, 7, 78921 MiB, 100 %, 535.66 W, 1980 MHz
2026/09/28 00:14:33.560, 0, 78921 MiB, 100 %, 546.74 W, 1710 MHz
2026/09/28 00:14:33.561, 1, 78921 MiB, 100 %, 590.01 W, 1980 MHz
2026/09/28 00:14:33.561, 2, 78921 MiB, 100 %, 562.42 W, 1980 MHz
2026/09/28 00:14:33.562, 3, 78921 MiB, 100 %, 552.61 W, 1980 MHz
2026/09/28 00:14:33.565, 4, 78921 MiB, 100 %, 552.16 W, 1980 MHz
2026/09/28 00:14:33.565, 5, 78921 MiB, 100 %, 565.06 W, 1980 MHz
2026/09/28 00:14:33.566, 6, 78921 MiB, 100 %, 574.22 W, 1980 MHz
2026/09/28 00:14:33.567, 7, 78921 MiB, 100 %, 551.06 W, 1980 MHz
2026/09/28 00:14:34.569, 0, 78921 MiB, 100 %, 517.77 W, 1710 MHz
2026/09/28 00:14:34.570, 1, 78921 MiB, 100 %, 577.55 W, 1980 MHz
2026/09/28 00:14:34.571, 2, 78921 MiB, 100 %, 549.05 W, 1980 MHz
2026/09/28 00:14:34.572, 3, 78921 MiB, 100 %, 549.32 W, 1980 MHz
2026/09/28 00:14:34.572, 4, 78921 MiB, 100 %, 541.37 W, 1980 MHz
2026/09/28 00:14:34.573, 5, 78921 MiB, 100 %, 552.92 W, 1980 MHz
2026/09/28 00:14:34.573, 6, 78921 MiB, 100 %, 561.91 W, 1980 MHz
2026/09/28 00:14:34.574, 7, 78921 MiB, 100 %, 543.71 W, 1980 MHz
2026/09/28 00:14:35.575, 0, 78921 MiB, 100 %, 539.98 W, 1755 MHz
2026/09/28 00:14:35.575, 1, 78921 MiB, 100 %, 574.23 W, 1980 MHz
2026/09/28 00:14:35.576, 2, 78921 MiB, 100 %, 546.62 W, 1980 MHz
2026/09/28 00:14:35.577, 3, 78921 MiB, 100 %, 533.42 W, 1980 MHz
2026/09/28 00:14:35.577, 4, 78921 MiB, 100 %, 533.37 W, 1980 MHz
2026/09/28 00:14:35.578, 5, 78921 MiB, 100 %, 555.94 W, 1980 MHz
2026/09/28 00:14:35.579, 6, 78921 MiB, 100 %, 558.89 W, 1980 MHz
2026/09/28 00:14:35.579, 7, 78921 MiB, 100 %, 526.90 W, 1980 MHz
2026/09/28 00:14:36.580, 0, 78921 MiB, 100 %, 540.69 W, 1605 MHz
2026/09/28 00:14:36.581, 1, 78921 MiB, 100 %, 588.58 W, 1980 MHz
2026/09/28 00:14:36.581, 2, 78921 MiB, 100 %, 563.18 W, 1980 MHz
2026/09/28 00:14:36.582, 3, 78921 MiB, 100 %, 563.96 W, 1980 MHz
2026/09/28 00:14:36.583, 4, 78921 MiB, 100 %, 557.60 W, 1980 MHz
2026/09/28 00:14:36.583, 5, 78921 MiB, 100 %, 562.93 W, 1980 MHz
2026/09/28 00:14:36.584, 6, 78921 MiB, 100 %, 581.96 W, 1980 MHz
2026/09/28 00:14:36.585, 7, 78921 MiB, 100 %, 557.35 W, 1980 MHz
2026/09/28 00:14:37.585, 0, 78921 MiB, 100 %, 503.39 W, 1500 MHz
2026/09/28 00:14:37.586, 1, 78921 MiB, 100 %, 563.64 W, 1980 MHz
2026/09/28 00:14:37.587, 2, 78921 MiB, 100 %, 538.73 W, 1980 MHz
2026/09/28 00:14:37.588, 3, 78921 MiB, 100 %, 535.06 W, 1980 MHz
2026/09/28 00:14:37.588, 4, 78921 MiB, 100 %, 532.97 W, 1980 MHz
2026/09/28 00:14:37.589, 5, 78921 MiB, 100 %, 534.09 W, 1980 MHz
2026/09/28 00:14:37.590, 6, 78921 MiB, 100 %, 554.78 W, 1980 MHz
2026/09/28 00:14:37.590, 7, 78921 MiB, 100 %, 528.97 W, 1980 MHz
2026/09/28 00:14:38.591, 0, 78921 MiB, 100 %, 497.24 W, 1530 MHz
2026/09/28 00:14:38.592, 1, 78921 MiB, 100 %, 573.77 W, 1980 MHz
2026/09/28 00:14:38.592, 2, 78921 MiB, 100 %, 549.94 W, 1980 MHz
2026/09/28 00:14:38.593, 3, 78921 MiB, 100 %, 536.79 W, 1980 MHz
2026/09/28 00:14:38.594, 4, 78921 MiB, 100 %, 531.45 W, 1980 MHz
2026/09/28 00:14:38.594, 5, 78921 MiB, 100 %, 540.14 W, 1980 MHz
2026/09/28 00:14:38.595, 6, 78921 MiB, 100 %, 546.75 W, 1980 MHz
2026/09/28 00:14:38.595, 7, 78921 MiB, 100 %, 534.91 W, 1980 MHz
2026/09/28 00:14:39.596, 0, 78921 MiB, 100 %, 515.13 W, 1590 MHz
2026/09/28 00:14:39.597, 1, 78921 MiB, 100 %, 588.97 W, 1980 MHz
2026/09/28 00:14:39.598, 2, 78921 MiB, 100 %, 549.90 W, 1980 MHz
2026/09/28 00:14:39.598, 3, 78921 MiB, 100 %, 548.70 W, 1980 MHz
2026/09/28 00:14:39.599, 4, 78921 MiB, 100 %, 549.86 W, 1980 MHz
2026/09/28 00:14:39.600, 5, 78921 MiB, 100 %, 568.07 W, 1980 MHz
2026/09/28 00:14:39.600, 6, 78921 MiB, 100 %, 566.90 W, 1980 MHz
2026/09/28 00:14:39.601, 7, 78921 MiB, 100 %, 552.92 W, 1980 MHz
2026/09/28 00:14:40.602, 0, 78921 MiB, 100 %, 528.66 W, 1725 MHz
2026/09/28 00:14:40.602, 1, 78921 MiB, 100 %, 581.85 W, 1980 MHz
2026/09/28 00:14:40.603, 2, 78921 MiB, 100 %, 547.48 W, 1980 MHz
2026/09/28 00:14:40.604, 3, 78921 MiB, 100 %, 542.11 W, 1980 MHz
2026/09/28 00:14:40.605, 4, 78921 MiB, 100 %, 534.25 W, 1980 MHz
2026/09/28 00:14:40.605, 5, 78921 MiB, 100 %, 548.99 W, 1980 MHz
2026/09/28 00:14:40.606, 6, 78921 MiB, 100 %, 559.82 W, 1980 MHz
2026/09/28 00:14:40.606, 7, 78921 MiB, 100 %, 533.49 W, 1980 MHz
2026/09/28 00:14:41.607, 0, 78921 MiB, 100 %, 538.53 W, 1680 MHz
2026/09/28 00:14:41.608, 1, 78921 MiB, 100 %, 592.06 W, 1980 MHz
2026/09/28 00:14:41.609, 2, 78921 MiB, 100 %, 556.63 W, 1980 MHz
2026/09/28 00:14:41.609, 3, 78921 MiB, 100 %, 548.58 W, 1980 MHz
2026/09/28 00:14:41.610, 4, 78921 MiB, 100 %, 539.02 W, 1980 MHz
2026/09/28 00:14:41.610, 5, 78921 MiB, 100 %, 554.29 W, 1980 MHz
2026/09/28 00:14:41.611, 6, 78921 MiB, 100 %, 566.55 W, 1980 MHz
2026/09/28 00:14:41.612, 7, 78921 MiB, 100 %, 543.80 W, 1980 MHz
2026/09/28 00:14:42.612, 0, 78921 MiB, 100 %, 541.81 W, 1680 MHz
2026/09/28 00:14:42.613, 1, 78921 MiB, 100 %, 583.27 W, 1980 MHz
2026/09/28 00:14:42.614, 2, 78921 MiB, 100 %, 560.93 W, 1980 MHz
2026/09/28 00:14:42.615, 3, 78921 MiB, 100 %, 560.63 W, 1980 MHz
2026/09/28 00:14:42.615, 4, 78921 MiB, 100 %, 559.49 W, 1980 MHz
2026/09/28 00:14:42.616, 5, 78921 MiB, 100 %, 570.18 W, 1980 MHz
2026/09/28 00:14:42.616, 6, 78921 MiB, 100 %, 576.98 W, 1980 MHz
2026/09/28 00:14:42.617, 7, 78921 MiB, 100 %, 555.36 W, 1980 MHz
2026/09/28 00:14:43.618, 0, 78921 MiB, 100 %, 540.79 W, 1725 MHz
2026/09/28 00:14:43.619, 1, 78921 MiB, 100 %, 571.75 W, 1980 MHz
2026/09/28 00:14:43.619, 2, 78921 MiB, 100 %, 544.16 W, 1980 MHz
2026/09/28 00:14:43.620, 3, 78921 MiB, 100 %, 536.23 W, 1980 MHz
2026/09/28 00:14:43.621, 4, 78921 MiB, 100 %, 527.59 W, 1980 MHz
2026/09/28 00:14:43.621, 5, 78921 MiB, 100 %, 548.06 W, 1980 MHz
2026/09/28 00:14:43.622, 6, 78921 MiB, 100 %, 557.34 W, 1980 MHz
2026/09/28 00:14:43.622, 7, 78921 MiB, 100 %, 527.01 W, 1980 MHz
2026/09/28 00:14:44.623, 0, 78921 MiB, 100 %, 547.69 W, 1680 MHz
2026/09/28 00:14:44.624, 1, 78921 MiB, 100 %, 591.71 W, 1980 MHz
2026/09/28 00:14:44.625, 2, 78921 MiB, 100 %, 562.64 W, 1980 MHz
2026/09/28 00:14:44.625, 3, 78921 MiB, 100 %, 560.76 W, 1980 MHz
2026/09/28 00:14:44.626, 4, 78921 MiB, 100 %, 551.48 W, 1980 MHz
2026/09/28 00:14:44.627, 5, 78921 MiB, 100 %, 565.72 W, 1980 MHz
2026/09/28 00:14:44.627, 6, 78921 MiB, 100 %, 571.29 W, 1980 MHz
2026/09/28 00:14:44.628, 7, 78921 MiB, 100 %, 551.72 W, 1980 MHz
2026/09/28 00:14:45.629, 0, 78921 MiB, 100 %, 464.96 W, 1965 MHz
2026/09/28 00:14:45.630, 1, 78921 MiB, 100 %, 483.51 W, 1980 MHz
2026/09/28 00:14:45.630, 2, 78921 MiB, 100 %, 492.37 W, 1980 MHz
2026/09/28 00:14:45.631, 3, 78921 MiB, 100 %, 463.55 W, 1980 MHz
2026/09/28 00:14:45.631, 4, 78921 MiB, 94 %, 459.53 W, 1980 MHz
2026/09/28 00:14:45.632, 5, 78921 MiB, 100 %, 484.06 W, 1980 MHz
2026/09/28 00:14:45.633, 6, 78921 MiB, 100 %, 471.48 W, 1980 MHz
2026/09/28 00:14:45.633, 7, 78921 MiB, 100 %, 463.12 W, 1980 MHz
2026/09/28 00:14:46.634, 0, 78921 MiB, 100 %, 387.32 W, 1980 MHz
2026/09/28 00:14:46.635, 1, 78921 MiB, 100 %, 326.04 W, 1980 MHz
2026/09/28 00:14:46.635, 2, 78921 MiB, 100 %, 332.59 W, 1980 MHz
2026/09/28 00:14:46.636, 3, 78921 MiB, 100 %, 332.01 W, 1980 MHz
2026/09/28 00:14:46.637, 4, 78921 MiB, 100 %, 322.47 W, 1980 MHz
2026/09/28 00:14:46.637, 5, 78921 MiB, 100 %, 316.50 W, 1980 MHz
2026/09/28 00:14:46.638, 6, 78921 MiB, 100 %, 325.94 W, 1980 MHz
2026/09/28 00:14:46.638, 7, 78921 MiB, 100 %, 313.80 W, 1980 MHz
2026/09/28 00:14:47.639, 0, 78921 MiB, 100 %, 455.18 W, 1980 MHz
2026/09/28 00:14:47.640, 1, 78921 MiB, 100 %, 393.31 W, 1980 MHz
2026/09/28 00:14:47.641, 2, 78921 MiB, 100 %, 381.56 W, 1980 MHz
2026/09/28 00:14:47.641, 3, 78921 MiB, 100 %, 388.87 W, 1980 MHz
2026/09/28 00:14:47.642, 4, 78921 MiB, 100 %, 382.69 W, 1980 MHz
2026/09/28 00:14:47.643, 5, 78921 MiB, 100 %, 361.87 W, 1980 MHz
2026/09/28 00:14:47.643, 6, 78921 MiB, 100 %, 395.42 W, 1980 MHz
2026/09/28 00:14:47.644, 7, 78921 MiB, 100 %, 371.78 W, 1980 MHz
2026/09/28 00:14:48.645, 0, 78921 MiB, 100 %, 579.40 W, 1785 MHz
2026/09/28 00:14:48.646, 1, 78921 MiB, 100 %, 575.36 W, 1980 MHz
2026/09/28 00:14:48.646, 2, 78921 MiB, 100 %, 548.83 W, 1980 MHz
2026/09/28 00:14:48.647, 3, 78921 MiB, 100 %, 547.29 W, 1980 MHz
2026/09/28 00:14:48.648, 4, 78921 MiB, 100 %, 545.51 W, 1980 MHz
2026/09/28 00:14:48.648, 5, 78921 MiB, 100 %, 553.01 W, 1980 MHz
2026/09/28 00:14:48.649, 6, 78921 MiB, 100 %, 574.41 W, 1980 MHz
2026/09/28 00:14:48.649, 7, 78921 MiB, 100 %, 538.43 W, 1980 MHz
2026/09/28 00:14:49.650, 0, 78921 MiB, 100 %, 560.12 W, 1575 MHz
2026/09/28 00:14:49.651, 1, 78921 MiB, 100 %, 596.44 W, 1980 MHz
2026/09/28 00:14:49.652, 2, 78921 MiB, 100 %, 570.23 W, 1980 MHz
2026/09/28 00:14:49.652, 3, 78921 MiB, 100 %, 552.60 W, 1980 MHz
2026/09/28 00:14:49.653, 4, 78921 MiB, 100 %, 548.14 W, 1980 MHz
2026/09/28 00:14:49.653, 5, 78921 MiB, 100 %, 568.64 W, 1980 MHz
2026/09/28 00:14:49.654, 6, 78921 MiB, 100 %, 574.06 W, 1980 MHz
2026/09/28 00:14:49.655, 7, 78921 MiB, 100 %, 553.25 W, 1980 MHz
2026/09/28 00:14:50.655, 0, 78921 MiB, 100 %, 520.75 W, 1755 MHz
2026/09/28 00:14:50.656, 1, 78921 MiB, 100 %, 575.36 W, 1980 MHz
2026/09/28 00:14:50.657, 2, 78921 MiB, 100 %, 550.31 W, 1980 MHz
2026/09/28 00:14:50.658, 3, 78921 MiB, 100 %, 535.83 W, 1980 MHz
2026/09/28 00:14:50.658, 4, 78921 MiB, 100 %, 540.05 W, 1980 MHz
2026/09/28 00:14:50.659, 5, 78921 MiB, 100 %, 542.40 W, 1980 MHz
2026/09/28 00:14:50.659, 6, 78921 MiB, 100 %, 559.70 W, 1980 MHz
2026/09/28 00:14:50.660, 7, 78921 MiB, 100 %, 537.67 W, 1980 MHz
2026/09/28 00:14:51.661, 0, 78921 MiB, 100 %, 525.14 W, 1680 MHz
2026/09/28 00:14:51.662, 1, 78921 MiB, 100 %, 575.35 W, 1980 MHz
2026/09/28 00:14:51.662, 2, 78921 MiB, 100 %, 555.16 W, 1980 MHz
2026/09/28 00:14:51.663, 3, 78921 MiB, 100 %, 542.67 W, 1980 MHz
2026/09/28 00:14:51.663, 4, 78921 MiB, 100 %, 533.36 W, 1980 MHz
2026/09/28 00:14:51.664, 5, 78921 MiB, 100 %, 544.71 W, 1980 MHz
2026/09/28 00:14:51.665, 6, 78921 MiB, 100 %, 561.53 W, 1980 MHz
2026/09/28 00:14:51.665, 7, 78921 MiB, 100 %, 540.35 W, 1980 MHz
2026/09/28 00:14:52.666, 0, 78921 MiB, 100 %, 528.23 W, 1695 MHz
2026/09/28 00:14:52.667, 1, 78921 MiB, 100 %, 597.07 W, 1980 MHz
2026/09/28 00:14:52.668, 2, 78921 MiB, 100 %, 562.55 W, 1980 MHz
2026/09/28 00:14:52.669, 3, 78921 MiB, 100 %, 560.58 W, 1980 MHz
2026/09/28 00:14:52.669, 4, 78921 MiB, 100 %, 556.22 W, 1980 MHz
2026/09/28 00:14:52.670, 5, 78921 MiB, 100 %, 561.96 W, 1980 MHz
2026/09/28 00:14:52.670, 6, 78921 MiB, 100 %, 580.26 W, 1980 MHz
2026/09/28 00:14:52.671, 7, 78921 MiB, 100 %, 556.43 W, 1980 MHz
2026/09/28 00:14:53.672, 0, 78921 MiB, 100 %, 541.27 W, 1740 MHz
2026/09/28 00:14:53.673, 1, 78921 MiB, 100 %, 570.53 W, 1980 MHz
2026/09/28 00:14:53.674, 2, 78921 MiB, 100 %, 543.75 W, 1980 MHz
2026/09/28 00:14:53.675, 3, 78921 MiB, 100 %, 539.53 W, 1980 MHz
2026/09/28 00:14:53.676, 4, 78921 MiB, 100 %, 536.22 W, 1980 MHz
2026/09/28 00:14:53.677, 5, 78921 MiB, 100 %, 542.52 W, 1980 MHz
2026/09/28 00:14:53.677, 6, 78921 MiB, 100 %, 563.94 W, 1980 MHz
2026/09/28 00:14:53.678, 7, 78921 MiB, 100 %, 545.04 W, 1980 MHz
2026/09/28 00:14:54.679, 0, 78921 MiB, 100 %, 516.15 W, 1680 MHz
2026/09/28 00:14:54.680, 1, 78921 MiB, 100 %, 577.76 W, 1980 MHz
2026/09/28 00:14:54.681, 2, 78921 MiB, 100 %, 553.82 W, 1980 MHz
2026/09/28 00:14:54.681, 3, 78921 MiB, 100 %, 547.22 W, 1980 MHz
2026/09/28 00:14:54.682, 4, 78921 MiB, 100 %, 532.96 W, 1980 MHz
2026/09/28 00:14:54.682, 5, 78921 MiB, 100 %, 554.34 W, 1980 MHz
2026/09/28 00:14:54.683, 6, 78921 MiB, 100 %, 563.91 W, 1980 MHz
2026/09/28 00:14:54.684, 7, 78921 MiB, 100 %, 539.32 W, 1980 MHz
2026/09/28 00:14:55.684, 0, 78921 MiB, 100 %, 520.36 W, 1545 MHz
2026/09/28 00:14:55.685, 1, 78921 MiB, 100 %, 591.32 W, 1980 MHz
2026/09/28 00:14:55.686, 2, 78921 MiB, 100 %, 564.38 W, 1980 MHz
2026/09/28 00:14:55.687, 3, 78921 MiB, 100 %, 568.08 W, 1980 MHz
2026/09/28 00:14:55.687, 4, 78921 MiB, 100 %, 561.11 W, 1980 MHz
2026/09/28 00:14:55.688, 5, 78921 MiB, 100 %, 562.14 W, 1980 MHz
2026/09/28 00:14:55.688, 6, 78921 MiB, 100 %, 584.51 W, 1980 MHz
2026/09/28 00:14:55.689, 7, 78921 MiB, 100 %, 567.76 W, 1980 MHz
2026/09/28 00:14:56.690, 0, 78921 MiB, 100 %, 519.83 W, 1815 MHz
2026/09/28 00:14:56.691, 1, 78921 MiB, 100 %, 562.33 W, 1980 MHz
2026/09/28 00:14:56.692, 2, 78921 MiB, 100 %, 533.73 W, 1980 MHz
2026/09/28 00:14:56.693, 3, 78921 MiB, 100 %, 534.52 W, 1980 MHz
2026/09/28 00:14:56.693, 4, 78921 MiB, 100 %, 529.83 W, 1980 MHz
2026/09/28 00:14:56.694, 5, 78921 MiB, 100 %, 530.13 W, 1980 MHz
2026/09/28 00:14:56.694, 6, 78921 MiB, 100 %, 557.78 W, 1980 MHz
2026/09/28 00:14:56.695, 7, 78921 MiB, 100 %, 537.34 W, 1980 MHz
2026/09/28 00:14:57.696, 0, 78921 MiB, 100 %, 529.96 W, 1680 MHz
2026/09/28 00:14:57.697, 1, 78921 MiB, 100 %, 588.22 W, 1980 MHz
2026/09/28 00:14:57.697, 2, 78921 MiB, 100 %, 563.00 W, 1980 MHz
2026/09/28 00:14:57.698, 3, 78921 MiB, 100 %, 546.64 W, 1980 MHz
2026/09/28 00:14:57.698, 4, 78921 MiB, 100 %, 549.78 W, 1980 MHz
2026/09/28 00:14:57.699, 5, 78921 MiB, 100 %, 561.03 W, 1980 MHz
2026/09/28 00:14:57.700, 6, 78921 MiB, 100 %, 571.57 W, 1980 MHz
2026/09/28 00:14:57.700, 7, 78921 MiB, 100 %, 549.52 W, 1980 MHz
2026/09/28 00:14:58.701, 0, 78921 MiB, 100 %, 535.56 W, 1770 MHz
2026/09/28 00:14:58.702, 1, 78921 MiB, 100 %, 598.26 W, 1980 MHz
2026/09/28 00:14:58.703, 2, 78921 MiB, 100 %, 561.38 W, 1980 MHz
2026/09/28 00:14:58.703, 3, 78921 MiB, 100 %, 554.60 W, 1980 MHz
2026/09/28 00:14:58.704, 4, 78921 MiB, 100 %, 548.02 W, 1980 MHz
2026/09/28 00:14:58.704, 5, 78921 MiB, 100 %, 556.77 W, 1980 MHz
2026/09/28 00:14:58.705, 6, 78921 MiB, 100 %, 571.14 W, 1980 MHz
2026/09/28 00:14:58.706, 7, 78921 MiB, 100 %, 550.78 W, 1980 MHz
2026/09/28 00:14:59.706, 0, 78921 MiB, 100 %, 537.84 W, 1650 MHz
2026/09/28 00:14:59.707, 1, 78921 MiB, 100 %, 571.06 W, 1980 MHz
2026/09/28 00:14:59.708, 2, 78921 MiB, 100 %, 546.97 W, 1980 MHz
2026/09/28 00:14:59.708, 3, 78921 MiB, 100 %, 533.67 W, 1980 MHz
2026/09/28 00:14:59.709, 4, 78921 MiB, 100 %, 540.08 W, 1980 MHz
2026/09/28 00:14:59.710, 5, 78921 MiB, 100 %, 549.43 W, 1980 MHz
2026/09/28 00:14:59.710, 6, 78921 MiB, 100 %, 563.74 W, 1980 MHz
2026/09/28 00:14:59.711, 7, 78921 MiB, 100 %, 533.34 W, 1980 MHz
2026/09/28 00:15:00.711, 0, 78921 MiB, 100 %, 523.41 W, 1635 MHz
2026/09/28 00:15:00.712, 1, 78921 MiB, 100 %, 590.64 W, 1980 MHz
2026/09/28 00:15:00.713, 2, 78921 MiB, 100 %, 566.40 W, 1980 MHz
2026/09/28 00:15:00.713, 3, 78921 MiB, 100 %, 555.96 W, 1980 MHz
2026/09/28 00:15:00.714, 4, 78921 MiB, 100 %, 550.25 W, 1980 MHz
2026/09/28 00:15:00.715, 5, 78921 MiB, 100 %, 564.36 W, 1980 MHz
2026/09/28 00:15:00.715, 6, 78921 MiB, 100 %, 575.58 W, 1980 MHz
2026/09/28 00:15:00.716, 7, 78921 MiB, 100 %, 546.43 W, 1980 MHz
2026/09/28 00:15:01.717, 0, 78921 MiB, 100 %, 535.27 W, 1725 MHz
2026/09/28 00:15:01.718, 1, 78921 MiB, 100 %, 580.98 W, 1980 MHz
2026/09/28 00:15:01.718, 2, 78921 MiB, 100 %, 549.57 W, 1980 MHz
2026/09/28 00:15:01.719, 3, 78921 MiB, 100 %, 559.06 W, 1980 MHz
2026/09/28 00:15:01.719, 4, 78921 MiB, 100 %, 546.09 W, 1980 MHz
2026/09/28 00:15:01.720, 5, 78921 MiB, 100 %, 549.86 W, 1980 MHz
2026/09/28 00:15:01.721, 6, 78921 MiB, 100 %, 569.78 W, 1980 MHz
2026/09/28 00:15:01.721, 7, 78921 MiB, 100 %, 540.70 W, 1980 MHz
2026/09/28 00:15:02.722, 0, 78921 MiB, 100 %, 538.98 W, 1680 MHz
2026/09/28 00:15:02.723, 1, 78921 MiB, 100 %, 583.17 W, 1980 MHz
2026/09/28 00:15:02.724, 2, 78921 MiB, 100 %, 552.16 W, 1980 MHz
2026/09/28 00:15:02.724, 3, 78921 MiB, 100 %, 542.30 W, 1980 MHz
2026/09/28 00:15:02.725, 4, 78921 MiB, 100 %, 544.34 W, 1980 MHz
2026/09/28 00:15:02.726, 5, 78921 MiB, 100 %, 550.52 W, 1980 MHz
2026/09/28 00:15:02.726, 6, 78921 MiB, 100 %, 565.13 W, 1980 MHz
2026/09/28 00:15:02.727, 7, 78921 MiB, 100 %, 541.78 W, 1980 MHz
2026/09/28 00:15:03.727, 0, 78921 MiB, 100 %, 545.24 W, 1635 MHz
2026/09/28 00:15:03.728, 1, 78921 MiB, 100 %, 599.72 W, 1980 MHz
2026/09/28 00:15:03.729, 2, 78921 MiB, 100 %, 563.11 W, 1980 MHz
2026/09/28 00:15:03.730, 3, 78921 MiB, 100 %, 559.72 W, 1980 MHz
2026/09/28 00:15:03.730, 4, 78921 MiB, 100 %, 558.45 W, 1980 MHz
2026/09/28 00:15:03.731, 5, 78921 MiB, 100 %, 576.51 W, 1980 MHz
2026/09/28 00:15:03.731, 6, 78921 MiB, 100 %, 580.18 W, 1980 MHz
2026/09/28 00:15:03.732, 7, 78921 MiB, 100 %, 560.80 W, 1980 MHz
2026/09/28 00:15:04.733, 0, 78921 MiB, 100 %, 528.52 W, 1695 MHz
2026/09/28 00:15:04.734, 1, 78921 MiB, 100 %, 575.22 W, 1980 MHz
2026/09/28 00:15:04.734, 2, 78921 MiB, 100 %, 544.83 W, 1980 MHz
2026/09/28 00:15:04.735, 3, 78921 MiB, 100 %, 538.82 W, 1980 MHz
2026/09/28 00:15:04.736, 4, 78921 MiB, 100 %, 535.36 W, 1980 MHz
2026/09/28 00:15:04.736, 5, 78921 MiB, 100 %, 544.49 W, 1980 MHz
2026/09/28 00:15:04.737, 6, 78921 MiB, 100 %, 564.23 W, 1980 MHz
2026/09/28 00:15:04.738, 7, 78921 MiB, 100 %, 533.75 W, 1980 MHz
2026/09/28 00:15:05.739, 0, 78921 MiB, 100 %, 532.34 W, 1710 MHz
2026/09/28 00:15:05.740, 1, 78921 MiB, 100 %, 589.43 W, 1980 MHz
2026/09/28 00:15:05.740, 2, 78921 MiB, 100 %, 565.80 W, 1980 MHz
2026/09/28 00:15:05.741, 3, 78921 MiB, 100 %, 551.78 W, 1980 MHz
2026/09/28 00:15:05.742, 4, 78921 MiB, 100 %, 536.69 W, 1980 MHz
2026/09/28 00:15:05.742, 5, 78921 MiB, 100 %, 561.43 W, 1980 MHz
2026/09/28 00:15:05.743, 6, 78921 MiB, 100 %, 562.23 W, 1980 MHz
2026/09/28 00:15:05.744, 7, 78921 MiB, 100 %, 542.57 W, 1980 MHz
2026/09/28 00:15:06.744, 0, 78921 MiB, 100 %, 536.82 W, 1635 MHz
2026/09/28 00:15:06.745, 1, 78921 MiB, 100 %, 594.60 W, 1980 MHz
2026/09/28 00:15:06.746, 2, 78921 MiB, 100 %, 564.32 W, 1980 MHz
2026/09/28 00:15:06.746, 3, 78921 MiB, 100 %, 563.88 W, 1980 MHz
2026/09/28 00:15:06.747, 4, 78921 MiB, 100 %, 563.64 W, 1980 MHz
2026/09/28 00:15:06.747, 5, 78921 MiB, 100 %, 565.38 W, 1980 MHz
2026/09/28 00:15:06.748, 6, 78921 MiB, 100 %, 580.32 W, 1980 MHz
2026/09/28 00:15:06.749, 7, 78921 MiB, 100 %, 568.75 W, 1980 MHz
2026/09/28 00:15:07.749, 0, 78921 MiB, 100 %, 522.63 W, 1650 MHz
2026/09/28 00:15:07.750, 1, 78921 MiB, 100 %, 575.64 W, 1980 MHz
2026/09/28 00:15:07.751, 2, 78921 MiB, 100 %, 543.50 W, 1980 MHz
2026/09/28 00:15:07.751, 3, 78921 MiB, 100 %, 532.02 W, 1980 MHz
2026/09/28 00:15:07.752, 4, 78921 MiB, 100 %, 526.76 W, 1980 MHz
2026/09/28 00:15:07.753, 5, 78921 MiB, 100 %, 545.24 W, 1980 MHz
2026/09/28 00:15:07.753, 6, 78921 MiB, 100 %, 554.77 W, 1980 MHz
2026/09/28 00:15:07.754, 7, 78921 MiB, 100 %, 526.93 W, 1980 MHz
2026/09/28 00:15:08.755, 0, 78921 MiB, 100 %, 523.83 W, 1665 MHz
2026/09/28 00:15:08.756, 1, 78921 MiB, 100 %, 590.10 W, 1980 MHz
2026/09/28 00:15:08.757, 2, 78921 MiB, 100 %, 559.04 W, 1980 MHz
2026/09/28 00:15:08.757, 3, 78921 MiB, 100 %, 552.83 W, 1980 MHz
2026/09/28 00:15:08.758, 4, 78921 MiB, 100 %, 551.80 W, 1980 MHz
2026/09/28 00:15:08.758, 5, 78921 MiB, 100 %, 559.56 W, 1980 MHz
2026/09/28 00:15:08.759, 6, 78921 MiB, 100 %, 564.41 W, 1980 MHz
2026/09/28 00:15:08.760, 7, 78921 MiB, 100 %, 555.61 W, 1980 MHz
2026/09/28 00:15:09.760, 0, 78921 MiB, 100 %, 465.54 W, 1965 MHz
2026/09/28 00:15:09.761, 1, 78921 MiB, 88 %, 513.06 W, 1980 MHz
2026/09/28 00:15:09.762, 2, 78921 MiB, 100 %, 488.07 W, 1980 MHz
2026/09/28 00:15:09.762, 3, 78921 MiB, 100 %, 491.39 W, 1980 MHz
2026/09/28 00:15:09.763, 4, 78921 MiB, 84 %, 486.15 W, 1980 MHz
2026/09/28 00:15:09.764, 5, 78921 MiB, 100 %, 486.75 W, 1980 MHz
2026/09/28 00:15:09.764, 6, 78921 MiB, 95 %, 498.98 W, 1980 MHz
2026/09/28 00:15:09.765, 7, 78921 MiB, 42 %, 484.00 W, 1980 MHz
2026/09/28 00:15:10.766, 0, 78921 MiB, 100 %, 386.05 W, 1980 MHz
2026/09/28 00:15:10.767, 1, 78921 MiB, 100 %, 325.82 W, 1980 MHz
2026/09/28 00:15:10.767, 2, 78921 MiB, 100 %, 324.94 W, 1980 MHz
2026/09/28 00:15:10.768, 3, 78921 MiB, 100 %, 325.73 W, 1980 MHz
2026/09/28 00:15:10.769, 4, 78921 MiB, 100 %, 327.50 W, 1980 MHz
2026/09/28 00:15:10.769, 5, 78921 MiB, 100 %, 316.83 W, 1980 MHz
2026/09/28 00:15:10.770, 6, 78921 MiB, 100 %, 325.68 W, 1980 MHz
2026/09/28 00:15:10.770, 7, 78921 MiB, 100 %, 313.44 W, 1980 MHz
2026/09/28 00:15:11.771, 0, 78921 MiB, 89 %, 425.75 W, 1980 MHz
2026/09/28 00:15:11.772, 1, 78921 MiB, 89 %, 364.33 W, 1980 MHz
2026/09/28 00:15:11.773, 2, 78921 MiB, 100 %, 366.47 W, 1980 MHz
2026/09/28 00:15:11.774, 3, 78921 MiB, 100 %, 353.27 W, 1980 MHz
2026/09/28 00:15:11.774, 4, 78921 MiB, 97 %, 356.46 W, 1980 MHz
2026/09/28 00:15:11.775, 5, 78921 MiB, 100 %, 355.62 W, 1980 MHz
2026/09/28 00:15:11.776, 6, 78921 MiB, 93 %, 367.11 W, 1980 MHz
2026/09/28 00:15:11.776, 7, 78921 MiB, 92 %, 345.62 W, 1980 MHz
2026/09/28 00:15:12.777, 0, 78921 MiB, 100 %, 559.58 W, 1725 MHz
2026/09/28 00:15:12.778, 1, 78921 MiB, 100 %, 570.35 W, 1980 MHz
2026/09/28 00:15:12.779, 2, 78921 MiB, 100 %, 549.79 W, 1980 MHz
2026/09/28 00:15:12.780, 3, 78921 MiB, 100 %, 537.72 W, 1980 MHz
2026/09/28 00:15:12.780, 4, 78921 MiB, 100 %, 536.19 W, 1980 MHz
2026/09/28 00:15:12.781, 5, 78921 MiB, 100 %, 549.30 W, 1980 MHz
2026/09/28 00:15:12.781, 6, 78921 MiB, 100 %, 567.11 W, 1980 MHz
2026/09/28 00:15:12.782, 7, 78921 MiB, 100 %, 533.69 W, 1980 MHz
2026/09/28 00:15:13.783, 0, 78921 MiB, 100 %, 544.33 W, 1740 MHz
2026/09/28 00:15:13.784, 1, 78921 MiB, 100 %, 584.54 W, 1980 MHz
2026/09/28 00:15:13.784, 2, 78921 MiB, 100 %, 564.93 W, 1980 MHz
2026/09/28 00:15:13.785, 3, 78921 MiB, 100 %, 557.59 W, 1980 MHz
2026/09/28 00:15:13.786, 4, 78921 MiB, 100 %, 552.41 W, 1980 MHz
2026/09/28 00:15:13.786, 5, 78921 MiB, 100 %, 561.44 W, 1980 MHz
2026/09/28 00:15:13.787, 6, 78921 MiB, 100 %, 570.25 W, 1980 MHz
2026/09/28 00:15:13.787, 7, 78921 MiB, 100 %, 556.22 W, 1980 MHz
2026/09/28 00:15:14.788, 0, 78921 MiB, 100 %, 549.87 W, 1860 MHz
2026/09/28 00:15:14.789, 1, 78921 MiB, 100 %, 583.28 W, 1980 MHz
2026/09/28 00:15:14.790, 2, 78921 MiB, 100 %, 550.64 W, 1980 MHz
2026/09/28 00:15:14.790, 3, 78921 MiB, 100 %, 549.80 W, 1980 MHz
2026/09/28 00:15:14.791, 4, 78921 MiB, 100 %, 541.05 W, 1980 MHz
2026/09/28 00:15:14.791, 5, 78921 MiB, 100 %, 560.19 W, 1980 MHz
2026/09/28 00:15:14.792, 6, 78921 MiB, 100 %, 563.74 W, 1980 MHz
2026/09/28 00:15:14.793, 7, 78921 MiB, 100 %, 546.74 W, 1980 MHz
2026/09/28 00:15:15.793, 0, 78921 MiB, 100 %, 559.91 W, 1680 MHz
2026/09/28 00:15:15.794, 1, 78921 MiB, 100 %, 585.79 W, 1980 MHz
2026/09/28 00:15:15.795, 2, 78921 MiB, 100 %, 556.49 W, 1980 MHz
2026/09/28 00:15:15.796, 3, 78921 MiB, 100 %, 547.94 W, 1980 MHz
2026/09/28 00:15:15.796, 4, 78921 MiB, 100 %, 544.06 W, 1980 MHz
2026/09/28 00:15:15.797, 5, 78921 MiB, 100 %, 559.65 W, 1980 MHz
2026/09/28 00:15:15.798, 6, 78921 MiB, 100 %, 567.88 W, 1980 MHz
2026/09/28 00:15:15.798, 7, 78921 MiB, 100 %, 535.73 W, 1980 MHz
2026/09/28 00:15:16.799, 0, 78921 MiB, 100 %, 519.94 W, 1695 MHz
2026/09/28 00:15:16.800, 1, 78921 MiB, 100 %, 589.05 W, 1980 MHz
2026/09/28 00:15:16.800, 2, 78921 MiB, 100 %, 568.16 W, 1980 MHz
2026/09/28 00:15:16.801, 3, 78921 MiB, 100 %, 553.50 W, 1980 MHz
2026/09/28 00:15:16.802, 4, 78921 MiB, 100 %, 551.57 W, 1980 MHz
2026/09/28 00:15:16.802, 5, 78921 MiB, 100 %, 558.31 W, 1980 MHz
2026/09/28 00:15:16.803, 6, 78921 MiB, 100 %, 573.81 W, 1980 MHz
2026/09/28 00:15:16.804, 7, 78921 MiB, 100 %, 557.88 W, 1980 MHz
2026/09/28 00:15:17.804, 0, 78921 MiB, 100 %, 526.93 W, 1800 MHz
2026/09/28 00:15:17.805, 1, 78921 MiB, 100 %, 572.35 W, 1980 MHz
2026/09/28 00:15:17.806, 2, 78921 MiB, 100 %, 549.69 W, 1980 MHz
2026/09/28 00:15:17.807, 3, 78921 MiB, 100 %, 536.05 W, 1980 MHz
2026/09/28 00:15:17.807, 4, 78921 MiB, 100 %, 534.68 W, 1980 MHz
2026/09/28 00:15:17.808, 5, 78921 MiB, 100 %, 542.44 W, 1980 MHz
2026/09/28 00:15:17.808, 6, 78921 MiB, 100 %, 563.60 W, 1980 MHz
2026/09/28 00:15:17.809, 7, 78921 MiB, 100 %, 536.84 W, 1980 MHz
2026/09/28 00:15:18.810, 0, 78921 MiB, 100 %, 540.46 W, 1725 MHz
2026/09/28 00:15:18.811, 1, 78921 MiB, 100 %, 582.15 W, 1980 MHz
2026/09/28 00:15:18.811, 2, 78921 MiB, 100 %, 555.36 W, 1980 MHz
2026/09/28 00:15:18.812, 3, 78921 MiB, 100 %, 552.29 W, 1980 MHz
2026/09/28 00:15:18.813, 4, 78921 MiB, 100 %, 541.66 W, 1980 MHz
2026/09/28 00:15:18.813, 5, 78921 MiB, 100 %, 550.72 W, 1980 MHz
2026/09/28 00:15:18.814, 6, 78921 MiB, 100 %, 575.48 W, 1980 MHz
2026/09/28 00:15:18.815, 7, 78921 MiB, 100 %, 547.61 W, 1980 MHz
2026/09/28 00:15:19.815, 0, 78921 MiB, 100 %, 533.62 W, 1785 MHz
2026/09/28 00:15:19.816, 1, 78921 MiB, 100 %, 595.67 W, 1980 MHz
2026/09/28 00:15:19.817, 2, 78921 MiB, 100 %, 572.99 W, 1980 MHz
2026/09/28 00:15:19.818, 3, 78921 MiB, 100 %, 564.66 W, 1980 MHz
2026/09/28 00:15:19.818, 4, 78921 MiB, 100 %, 555.76 W, 1980 MHz
2026/09/28 00:15:19.819, 5, 78921 MiB, 100 %, 570.20 W, 1980 MHz
2026/09/28 00:15:19.820, 6, 78921 MiB, 100 %, 587.38 W, 1980 MHz
2026/09/28 00:15:19.820, 7, 78921 MiB, 100 %, 558.96 W, 1980 MHz
2026/09/28 00:15:20.821, 0, 78921 MiB, 100 %, 546.53 W, 1770 MHz
2026/09/28 00:15:20.822, 1, 78921 MiB, 100 %, 573.79 W, 1980 MHz
2026/09/28 00:15:20.823, 2, 78921 MiB, 100 %, 536.62 W, 1980 MHz
2026/09/28 00:15:20.823, 3, 78921 MiB, 100 %, 537.82 W, 1980 MHz
2026/09/28 00:15:20.824, 4, 78921 MiB, 100 %, 534.72 W, 1980 MHz
2026/09/28 00:15:20.825, 5, 78921 MiB, 100 %, 548.53 W, 1980 MHz
2026/09/28 00:15:20.825, 6, 78921 MiB, 100 %, 565.89 W, 1980 MHz
2026/09/28 00:15:20.826, 7, 78921 MiB, 100 %, 541.81 W, 1980 MHz
2026/09/28 00:15:21.826, 0, 78921 MiB, 100 %, 555.74 W, 1860 MHz
2026/09/28 00:15:21.827, 1, 78921 MiB, 100 %, 593.01 W, 1980 MHz
2026/09/28 00:15:21.828, 2, 78921 MiB, 100 %, 563.12 W, 1980 MHz
2026/09/28 00:15:21.829, 3, 78921 MiB, 100 %, 558.97 W, 1980 MHz
2026/09/28 00:15:21.829, 4, 78921 MiB, 100 %, 558.21 W, 1980 MHz
2026/09/28 00:15:21.830, 5, 78921 MiB, 100 %, 558.99 W, 1980 MHz
2026/09/28 00:15:21.830, 6, 78921 MiB, 100 %, 572.17 W, 1980 MHz
2026/09/28 00:15:21.831, 7, 78921 MiB, 100 %, 550.42 W, 1980 MHz
2026/09/28 00:15:22.832, 0, 78921 MiB, 100 %, 530.55 W, 1800 MHz
2026/09/28 00:15:22.833, 1, 78921 MiB, 100 %, 593.04 W, 1980 MHz
2026/09/28 00:15:22.833, 2, 78921 MiB, 100 %, 561.01 W, 1980 MHz
2026/09/28 00:15:22.834, 3, 78921 MiB, 100 %, 548.35 W, 1980 MHz
2026/09/28 00:15:22.835, 4, 78921 MiB, 100 %, 543.13 W, 1980 MHz
2026/09/28 00:15:22.835, 5, 78921 MiB, 100 %, 560.99 W, 1980 MHz
2026/09/28 00:15:22.836, 6, 78921 MiB, 100 %, 574.51 W, 1980 MHz
2026/09/28 00:15:22.836, 7, 78921 MiB, 100 %, 551.75 W, 1980 MHz
2026/09/28 00:15:23.837, 0, 78921 MiB, 100 %, 529.01 W, 1770 MHz
2026/09/28 00:15:23.838, 1, 78921 MiB, 100 %, 577.66 W, 1980 MHz
2026/09/28 00:15:23.839, 2, 78921 MiB, 100 %, 548.98 W, 1980 MHz
2026/09/28 00:15:23.839, 3, 78921 MiB, 100 %, 542.92 W, 1980 MHz
2026/09/28 00:15:23.840, 4, 78921 MiB, 100 %, 536.20 W, 1980 MHz
2026/09/28 00:15:23.841, 5, 78921 MiB, 100 %, 534.37 W, 1980 MHz
2026/09/28 00:15:23.841, 6, 78921 MiB, 100 %, 555.06 W, 1980 MHz
2026/09/28 00:15:23.842, 7, 78921 MiB, 100 %, 538.10 W, 1980 MHz
2026/09/28 00:15:24.842, 0, 78921 MiB, 100 %, 539.85 W, 1620 MHz
2026/09/28 00:15:24.843, 1, 78921 MiB, 100 %, 592.75 W, 1980 MHz
2026/09/28 00:15:24.844, 2, 78921 MiB, 100 %, 566.60 W, 1980 MHz
2026/09/28 00:15:24.845, 3, 78921 MiB, 100 %, 553.36 W, 1980 MHz
2026/09/28 00:15:24.845, 4, 78921 MiB, 100 %, 554.07 W, 1980 MHz
2026/09/28 00:15:24.846, 5, 78921 MiB, 100 %, 571.86 W, 1980 MHz
2026/09/28 00:15:24.847, 6, 78921 MiB, 100 %, 569.10 W, 1980 MHz
2026/09/28 00:15:24.847, 7, 78921 MiB, 100 %, 550.06 W, 1980 MHz
2026/09/28 00:15:25.848, 0, 78921 MiB, 100 %, 510.22 W, 1755 MHz
2026/09/28 00:15:25.849, 1, 78921 MiB, 100 %, 575.38 W, 1980 MHz
2026/09/28 00:15:25.850, 2, 78921 MiB, 100 %, 547.49 W, 1980 MHz
2026/09/28 00:15:25.850, 3, 78921 MiB, 100 %, 542.50 W, 1980 MHz
2026/09/28 00:15:25.851, 4, 78921 MiB, 100 %, 535.72 W, 1980 MHz
2026/09/28 00:15:25.851, 5, 78921 MiB, 100 %, 558.62 W, 1980 MHz
2026/09/28 00:15:25.852, 6, 78921 MiB, 100 %, 563.07 W, 1980 MHz
2026/09/28 00:15:25.853, 7, 78921 MiB, 100 %, 533.91 W, 1980 MHz
2026/09/28 00:15:26.853, 0, 78921 MiB, 100 %, 520.16 W, 1635 MHz
2026/09/28 00:15:26.854, 1, 78921 MiB, 100 %, 572.26 W, 1980 MHz
2026/09/28 00:15:26.855, 2, 78921 MiB, 100 %, 538.74 W, 1980 MHz
2026/09/28 00:15:26.856, 3, 78921 MiB, 100 %, 541.66 W, 1980 MHz
2026/09/28 00:15:26.856, 4, 78921 MiB, 100 %, 541.55 W, 1980 MHz
2026/09/28 00:15:26.857, 5, 78921 MiB, 100 %, 550.50 W, 1980 MHz
2026/09/28 00:15:26.857, 6, 78921 MiB, 100 %, 566.47 W, 1980 MHz
2026/09/28 00:15:26.858, 7, 78921 MiB, 100 %, 536.01 W, 1980 MHz
2026/09/28 00:15:27.859, 0, 78921 MiB, 100 %, 528.28 W, 1755 MHz
2026/09/28 00:15:27.860, 1, 78921 MiB, 100 %, 591.86 W, 1980 MHz
2026/09/28 00:15:27.860, 2, 78921 MiB, 100 %, 560.87 W, 1980 MHz
2026/09/28 00:15:27.861, 3, 78921 MiB, 100 %, 557.25 W, 1980 MHz
2026/09/28 00:15:27.862, 4, 78921 MiB, 100 %, 555.59 W, 1980 MHz
2026/09/28 00:15:27.862, 5, 78921 MiB, 100 %, 561.45 W, 1980 MHz
2026/09/28 00:15:27.863, 6, 78921 MiB, 100 %, 579.47 W, 1980 MHz
2026/09/28 00:15:27.864, 7, 78921 MiB, 100 %, 556.90 W, 1980 MHz
2026/09/28 00:15:28.864, 0, 78921 MiB, 100 %, 537.88 W, 1725 MHz
2026/09/28 00:15:28.865, 1, 78921 MiB, 100 %, 577.94 W, 1980 MHz
2026/09/28 00:15:28.866, 2, 78921 MiB, 100 %, 550.77 W, 1980 MHz
2026/09/28 00:15:28.866, 3, 78921 MiB, 100 %, 547.29 W, 1980 MHz
2026/09/28 00:15:28.867, 4, 78921 MiB, 100 %, 537.61 W, 1980 MHz
2026/09/28 00:15:28.868, 5, 78921 MiB, 100 %, 551.56 W, 1980 MHz
2026/09/28 00:15:28.868, 6, 78921 MiB, 100 %, 563.82 W, 1980 MHz
2026/09/28 00:15:28.869, 7, 78921 MiB, 100 %, 547.69 W, 1980 MHz
2026/09/28 00:15:29.870, 0, 78921 MiB, 100 %, 526.94 W, 1680 MHz
2026/09/28 00:15:29.871, 1, 78921 MiB, 100 %, 583.35 W, 1980 MHz
2026/09/28 00:15:29.871, 2, 78921 MiB, 100 %, 547.80 W, 1980 MHz
2026/09/28 00:15:29.872, 3, 78921 MiB, 100 %, 550.74 W, 1980 MHz
2026/09/28 00:15:29.872, 4, 78921 MiB, 100 %, 545.39 W, 1980 MHz
2026/09/28 00:15:29.873, 5, 78921 MiB, 100 %, 547.42 W, 1980 MHz
2026/09/28 00:15:29.874, 6, 78921 MiB, 100 %, 571.33 W, 1980 MHz
2026/09/28 00:15:29.874, 7, 78921 MiB, 100 %, 542.13 W, 1980 MHz
2026/09/28 00:15:30.875, 0, 78921 MiB, 100 %, 533.18 W, 1770 MHz
2026/09/28 00:15:30.876, 1, 78921 MiB, 100 %, 586.42 W, 1980 MHz
2026/09/28 00:15:30.876, 2, 78921 MiB, 100 %, 566.58 W, 1980 MHz
2026/09/28 00:15:30.877, 3, 78921 MiB, 100 %, 572.03 W, 1980 MHz
2026/09/28 00:15:30.878, 4, 78921 MiB, 100 %, 558.88 W, 1980 MHz
2026/09/28 00:15:30.878, 5, 78921 MiB, 100 %, 559.17 W, 1980 MHz
2026/09/28 00:15:30.879, 6, 78921 MiB, 100 %, 587.21 W, 1980 MHz
2026/09/28 00:15:30.880, 7, 78921 MiB, 100 %, 553.47 W, 1980 MHz
2026/09/28 00:15:31.880, 0, 78921 MiB, 100 %, 547.19 W, 1740 MHz
2026/09/28 00:15:31.881, 1, 78921 MiB, 100 %, 579.48 W, 1980 MHz
2026/09/28 00:15:31.882, 2, 78921 MiB, 100 %, 545.50 W, 1980 MHz
2026/09/28 00:15:31.883, 3, 78921 MiB, 100 %, 539.00 W, 1980 MHz
2026/09/28 00:15:31.883, 4, 78921 MiB, 100 %, 537.94 W, 1980 MHz
2026/09/28 00:15:31.884, 5, 78921 MiB, 100 %, 547.68 W, 1980 MHz
2026/09/28 00:15:31.884, 6, 78921 MiB, 100 %, 560.71 W, 1980 MHz
2026/09/28 00:15:31.885, 7, 78921 MiB, 100 %, 530.42 W, 1980 MHz
2026/09/28 00:15:32.886, 0, 78921 MiB, 100 %, 534.06 W, 1695 MHz
2026/09/28 00:15:32.935, 1, 78921 MiB, 100 %, 587.94 W, 1980 MHz
2026/09/28 00:15:33.004, 2, 78921 MiB, 100 %, 560.39 W, 1980 MHz
2026/09/28 00:15:33.074, 3, 78921 MiB, 100 %, 554.71 W, 1980 MHz
2026/09/28 00:15:33.143, 4, 78921 MiB, 100 %, 551.10 W, 1980 MHz
2026/09/28 00:15:33.212, 5, 78921 MiB, 100 %, 568.24 W, 1980 MHz
2026/09/28 00:15:33.281, 6, 78921 MiB, 100 %, 576.65 W, 1980 MHz
2026/09/28 00:15:33.350, 7, 78921 MiB, 100 %, 554.05 W, 1980 MHz
2026/09/28 00:15:34.418, 0, 78921 MiB, 100 %, 425.77 W, 1980 MHz
2026/09/28 00:15:34.419, 1, 78921 MiB, 100 %, 414.39 W, 1980 MHz
2026/09/28 00:15:34.420, 2, 78921 MiB, 100 %, 392.21 W, 1980 MHz
2026/09/28 00:15:34.421, 3, 78921 MiB, 100 %, 393.78 W, 1980 MHz
2026/09/28 00:15:34.421, 4, 78921 MiB, 100 %, 394.60 W, 1980 MHz
2026/09/28 00:15:34.422, 5, 78921 MiB, 100 %, 389.14 W, 1980 MHz
2026/09/28 00:15:34.422, 6, 78921 MiB, 100 %, 403.99 W, 1980 MHz
2026/09/28 00:15:34.423, 7, 78921 MiB, 100 %, 367.89 W, 1980 MHz
2026/09/28 00:15:35.424, 0, 78921 MiB, 100 %, 384.49 W, 1980 MHz
2026/09/28 00:15:35.425, 1, 78921 MiB, 100 %, 327.05 W, 1980 MHz
2026/09/28 00:15:35.425, 2, 78921 MiB, 100 %, 335.21 W, 1980 MHz
2026/09/28 00:15:35.426, 3, 78921 MiB, 100 %, 333.83 W, 1980 MHz
2026/09/28 00:15:35.427, 4, 78921 MiB, 100 %, 325.35 W, 1980 MHz
2026/09/28 00:15:35.427, 5, 78921 MiB, 100 %, 316.51 W, 1980 MHz
2026/09/28 00:15:35.428, 6, 78921 MiB, 100 %, 330.70 W, 1980 MHz
2026/09/28 00:15:35.429, 7, 78921 MiB, 100 %, 314.04 W, 1980 MHz
2026/09/28 00:15:36.430, 0, 78921 MiB, 100 %, 491.05 W, 1800 MHz
2026/09/28 00:15:36.431, 1, 78921 MiB, 100 %, 461.13 W, 1980 MHz
2026/09/28 00:15:36.432, 2, 78921 MiB, 100 %, 468.89 W, 1980 MHz
2026/09/28 00:15:36.432, 3, 78921 MiB, 100 %, 445.48 W, 1980 MHz
2026/09/28 00:15:36.433, 4, 78921 MiB, 100 %, 465.02 W, 1980 MHz
2026/09/28 00:15:36.434, 5, 78921 MiB, 100 %, 456.32 W, 1980 MHz
2026/09/28 00:15:36.434, 6, 78921 MiB, 100 %, 458.27 W, 1980 MHz
2026/09/28 00:15:36.435, 7, 78921 MiB, 100 %, 464.38 W, 1980 MHz
2026/09/28 00:15:37.436, 0, 78921 MiB, 100 %, 548.70 W, 1890 MHz
2026/09/28 00:15:37.437, 1, 78921 MiB, 100 %, 585.04 W, 1980 MHz
2026/09/28 00:15:37.437, 2, 78921 MiB, 100 %, 553.79 W, 1980 MHz
2026/09/28 00:15:37.438, 3, 78921 MiB, 100 %, 554.75 W, 1980 MHz
2026/09/28 00:15:37.438, 4, 78921 MiB, 100 %, 553.13 W, 1980 MHz
2026/09/28 00:15:37.439, 5, 78921 MiB, 100 %, 559.45 W, 1980 MHz
2026/09/28 00:15:37.440, 6, 78921 MiB, 100 %, 572.15 W, 1980 MHz
2026/09/28 00:15:37.440, 7, 78921 MiB, 100 %, 545.10 W, 1980 MHz
2026/09/28 00:15:38.441, 0, 78921 MiB, 100 %, 536.26 W, 1650 MHz
2026/09/28 00:15:38.442, 1, 78921 MiB, 100 %, 597.94 W, 1980 MHz
2026/09/28 00:15:38.442, 2, 78921 MiB, 100 %, 566.39 W, 1980 MHz
2026/09/28 00:15:38.443, 3, 78921 MiB, 100 %, 560.37 W, 1980 MHz
2026/09/28 00:15:38.443, 4, 78921 MiB, 100 %, 558.09 W, 1980 MHz
2026/09/28 00:15:38.444, 5, 78921 MiB, 100 %, 569.47 W, 1980 MHz
2026/09/28 00:15:38.444, 6, 78921 MiB, 100 %, 574.28 W, 1980 MHz
2026/09/28 00:15:38.445, 7, 78921 MiB, 100 %, 557.21 W, 1980 MHz
2026/09/28 00:15:39.446, 0, 78921 MiB, 100 %, 537.34 W, 1770 MHz
2026/09/28 00:15:39.446, 1, 78921 MiB, 100 %, 574.00 W, 1980 MHz
2026/09/28 00:15:39.447, 2, 78921 MiB, 100 %, 544.60 W, 1980 MHz
2026/09/28 00:15:39.448, 3, 78921 MiB, 100 %, 536.06 W, 1980 MHz
2026/09/28 00:15:39.448, 4, 78921 MiB, 100 %, 527.39 W, 1980 MHz
2026/09/28 00:15:39.449, 5, 78921 MiB, 100 %, 543.41 W, 1980 MHz
2026/09/28 00:15:39.449, 6, 78921 MiB, 100 %, 556.53 W, 1980 MHz
2026/09/28 00:15:39.450, 7, 78921 MiB, 100 %, 531.83 W, 1980 MHz
2026/09/28 00:15:40.451, 0, 78921 MiB, 100 %, 538.59 W, 1755 MHz
2026/09/28 00:15:40.451, 1, 78921 MiB, 100 %, 583.06 W, 1980 MHz
2026/09/28 00:15:40.452, 2, 78921 MiB, 100 %, 558.86 W, 1980 MHz
2026/09/28 00:15:40.452, 3, 78921 MiB, 100 %, 549.80 W, 1980 MHz
2026/09/28 00:15:40.453, 4, 78921 MiB, 100 %, 550.77 W, 1980 MHz
2026/09/28 00:15:40.454, 5, 78921 MiB, 100 %, 564.12 W, 1980 MHz
2026/09/28 00:15:40.454, 6, 78921 MiB, 100 %, 574.80 W, 1980 MHz
2026/09/28 00:15:40.455, 7, 78921 MiB, 100 %, 551.69 W, 1980 MHz
2026/09/28 00:15:41.455, 0, 78921 MiB, 100 %, 538.98 W, 1785 MHz
2026/09/28 00:15:41.457, 1, 78921 MiB, 100 %, 595.39 W, 1980 MHz
2026/09/28 00:15:41.458, 2, 78921 MiB, 100 %, 574.38 W, 1980 MHz
2026/09/28 00:15:41.459, 3, 78921 MiB, 100 %, 547.53 W, 1980 MHz
2026/09/28 00:15:41.459, 4, 78921 MiB, 100 %, 548.09 W, 1980 MHz
2026/09/28 00:15:41.460, 5, 78921 MiB, 100 %, 565.41 W, 1980 MHz
2026/09/28 00:15:41.460, 6, 78921 MiB, 100 %, 574.75 W, 1980 MHz
2026/09/28 00:15:41.461, 7, 78921 MiB, 100 %, 546.09 W, 1980 MHz
2026/09/28 00:15:42.462, 0, 78921 MiB, 100 %, 530.47 W, 1710 MHz
2026/09/28 00:15:42.463, 1, 78921 MiB, 100 %, 574.99 W, 1980 MHz
2026/09/28 00:15:42.463, 2, 78921 MiB, 100 %, 544.09 W, 1980 MHz
2026/09/28 00:15:42.464, 3, 78921 MiB, 100 %, 531.58 W, 1980 MHz
2026/09/28 00:15:42.464, 4, 78921 MiB, 100 %, 529.82 W, 1980 MHz
2026/09/28 00:15:42.465, 5, 78921 MiB, 100 %, 549.26 W, 1980 MHz
2026/09/28 00:15:42.466, 6, 78921 MiB, 100 %, 557.03 W, 1980 MHz
2026/09/28 00:15:42.466, 7, 78921 MiB, 100 %, 527.02 W, 1980 MHz
2026/09/28 00:15:43.467, 0, 78921 MiB, 100 %, 554.42 W, 1500 MHz
2026/09/28 00:15:43.468, 1, 78921 MiB, 100 %, 591.50 W, 1980 MHz
2026/09/28 00:15:43.468, 2, 78921 MiB, 100 %, 567.43 W, 1980 MHz
2026/09/28 00:15:43.469, 3, 78921 MiB, 100 %, 557.53 W, 1980 MHz
2026/09/28 00:15:43.470, 4, 78921 MiB, 100 %, 552.84 W, 1980 MHz
2026/09/28 00:15:43.470, 5, 78921 MiB, 100 %, 564.43 W, 1980 MHz
2026/09/28 00:15:43.471, 6, 78921 MiB, 100 %, 577.70 W, 1980 MHz
2026/09/28 00:15:43.471, 7, 78921 MiB, 100 %, 551.68 W, 1980 MHz
2026/09/28 00:15:44.472, 0, 78921 MiB, 100 %, 521.78 W, 1770 MHz
2026/09/28 00:15:44.473, 1, 78921 MiB, 100 %, 586.75 W, 1980 MHz
2026/09/28 00:15:44.473, 2, 78921 MiB, 100 %, 549.80 W, 1980 MHz
2026/09/28 00:15:44.474, 3, 78921 MiB, 100 %, 545.16 W, 1980 MHz
2026/09/28 00:15:44.475, 4, 78921 MiB, 100 %, 547.19 W, 1980 MHz
2026/09/28 00:15:44.475, 5, 78921 MiB, 100 %, 550.06 W, 1980 MHz
2026/09/28 00:15:44.476, 6, 78921 MiB, 100 %, 567.05 W, 1980 MHz
2026/09/28 00:15:44.477, 7, 78921 MiB, 100 %, 547.20 W, 1980 MHz
2026/09/28 00:15:45.477, 0, 78921 MiB, 100 %, 534.90 W, 1680 MHz
2026/09/28 00:15:45.478, 1, 78921 MiB, 100 %, 576.62 W, 1980 MHz
2026/09/28 00:15:45.479, 2, 78921 MiB, 100 %, 549.57 W, 1980 MHz
2026/09/28 00:15:45.479, 3, 78921 MiB, 100 %, 548.84 W, 1980 MHz
2026/09/28 00:15:45.480, 4, 78921 MiB, 100 %, 542.47 W, 1980 MHz
2026/09/28 00:15:45.480, 5, 78921 MiB, 100 %, 543.04 W, 1980 MHz
2026/09/28 00:15:45.481, 6, 78921 MiB, 100 %, 565.01 W, 1980 MHz
2026/09/28 00:15:45.482, 7, 78921 MiB, 100 %, 539.81 W, 1980 MHz
2026/09/28 00:15:46.482, 0, 78921 MiB, 100 %, 526.71 W, 1755 MHz
2026/09/28 00:15:46.483, 1, 78921 MiB, 100 %, 585.72 W, 1980 MHz
2026/09/28 00:15:46.484, 2, 78921 MiB, 100 %, 564.99 W, 1980 MHz
2026/09/28 00:15:46.484, 3, 78921 MiB, 100 %, 549.54 W, 1980 MHz
2026/09/28 00:15:46.485, 4, 78921 MiB, 100 %, 544.86 W, 1980 MHz
2026/09/28 00:15:46.485, 5, 78921 MiB, 100 %, 569.97 W, 1980 MHz
2026/09/28 00:15:46.486, 6, 78921 MiB, 100 %, 577.32 W, 1980 MHz
2026/09/28 00:15:46.487, 7, 78921 MiB, 100 %, 551.00 W, 1980 MHz
2026/09/28 00:15:47.487, 0, 78921 MiB, 100 %, 547.55 W, 1770 MHz
2026/09/28 00:15:47.488, 1, 78921 MiB, 100 %, 584.16 W, 1980 MHz
2026/09/28 00:15:47.489, 2, 78921 MiB, 100 %, 553.60 W, 1980 MHz
2026/09/28 00:15:47.489, 3, 78921 MiB, 100 %, 539.70 W, 1980 MHz
2026/09/28 00:15:47.490, 4, 78921 MiB, 100 %, 541.44 W, 1980 MHz
2026/09/28 00:15:47.491, 5, 78921 MiB, 100 %, 543.83 W, 1980 MHz
2026/09/28 00:15:47.491, 6, 78921 MiB, 100 %, 567.67 W, 1980 MHz
2026/09/28 00:15:47.492, 7, 78921 MiB, 100 %, 542.09 W, 1980 MHz
2026/09/28 00:15:48.492, 0, 78921 MiB, 100 %, 541.97 W, 1725 MHz
2026/09/28 00:15:48.493, 1, 78921 MiB, 100 %, 578.59 W, 1980 MHz
2026/09/28 00:15:48.494, 2, 78921 MiB, 100 %, 552.91 W, 1980 MHz
2026/09/28 00:15:48.494, 3, 78921 MiB, 100 %, 547.86 W, 1980 MHz
2026/09/28 00:15:48.495, 4, 78921 MiB, 100 %, 542.41 W, 1980 MHz
2026/09/28 00:15:48.495, 5, 78921 MiB, 100 %, 557.52 W, 1980 MHz
2026/09/28 00:15:48.496, 6, 78921 MiB, 100 %, 568.92 W, 1980 MHz
2026/09/28 00:15:48.496, 7, 78921 MiB, 100 %, 543.32 W, 1980 MHz
2026/09/28 00:15:49.497, 0, 78921 MiB, 100 %, 543.55 W, 1620 MHz
2026/09/28 00:15:49.498, 1, 78921 MiB, 100 %, 596.28 W, 1980 MHz
2026/09/28 00:15:49.499, 2, 78921 MiB, 100 %, 563.15 W, 1980 MHz
2026/09/28 00:15:49.499, 3, 78921 MiB, 100 %, 567.92 W, 1980 MHz
2026/09/28 00:15:49.500, 4, 78921 MiB, 100 %, 560.99 W, 1980 MHz
2026/09/28 00:15:49.500, 5, 78921 MiB, 100 %, 569.98 W, 1980 MHz
2026/09/28 00:15:49.501, 6, 78921 MiB, 100 %, 579.52 W, 1980 MHz
2026/09/28 00:15:49.501, 7, 78921 MiB, 100 %, 563.40 W, 1980 MHz
2026/09/28 00:15:50.502, 0, 78921 MiB, 100 %, 541.01 W, 1770 MHz
2026/09/28 00:15:50.503, 1, 78921 MiB, 100 %, 573.93 W, 1980 MHz
2026/09/28 00:15:50.504, 2, 78921 MiB, 100 %, 549.41 W, 1980 MHz
2026/09/28 00:15:50.504, 3, 78921 MiB, 100 %, 535.54 W, 1980 MHz
2026/09/28 00:15:50.505, 4, 78921 MiB, 100 %, 545.45 W, 1980 MHz
2026/09/28 00:15:50.505, 5, 78921 MiB, 100 %, 551.40 W, 1980 MHz
2026/09/28 00:15:50.506, 6, 78921 MiB, 100 %, 559.88 W, 1980 MHz
2026/09/28 00:15:50.506, 7, 78921 MiB, 100 %, 532.57 W, 1980 MHz
2026/09/28 00:15:51.507, 0, 78921 MiB, 100 %, 543.88 W, 1680 MHz
2026/09/28 00:15:51.508, 1, 78921 MiB, 100 %, 589.15 W, 1980 MHz
2026/09/28 00:15:51.509, 2, 78921 MiB, 100 %, 563.38 W, 1980 MHz
2026/09/28 00:15:51.509, 3, 78921 MiB, 100 %, 552.62 W, 1980 MHz
2026/09/28 00:15:51.510, 4, 78921 MiB, 100 %, 549.21 W, 1980 MHz
2026/09/28 00:15:51.511, 5, 78921 MiB, 100 %, 563.79 W, 1980 MHz
2026/09/28 00:15:51.511, 6, 78921 MiB, 100 %, 567.66 W, 1980 MHz
2026/09/28 00:15:51.512, 7, 78921 MiB, 100 %, 552.25 W, 1980 MHz
2026/09/28 00:15:52.512, 0, 78921 MiB, 100 %, 540.54 W, 1650 MHz
2026/09/28 00:15:52.513, 1, 78921 MiB, 100 %, 598.74 W, 1980 MHz
2026/09/28 00:15:52.514, 2, 78921 MiB, 100 %, 556.15 W, 1980 MHz
2026/09/28 00:15:52.515, 3, 78921 MiB, 100 %, 553.30 W, 1980 MHz
2026/09/28 00:15:52.516, 4, 78921 MiB, 100 %, 550.51 W, 1980 MHz
2026/09/28 00:15:52.516, 5, 78921 MiB, 100 %, 558.68 W, 1980 MHz
2026/09/28 00:15:52.517, 6, 78921 MiB, 100 %, 571.20 W, 1980 MHz
2026/09/28 00:15:52.517, 7, 78921 MiB, 100 %, 558.73 W, 1980 MHz
2026/09/28 00:15:53.518, 0, 78921 MiB, 100 %, 523.30 W, 1725 MHz
2026/09/28 00:15:53.519, 1, 78921 MiB, 100 %, 567.20 W, 1980 MHz
2026/09/28 00:15:53.519, 2, 78921 MiB, 100 %, 537.76 W, 1980 MHz
2026/09/28 00:15:53.520, 3, 78921 MiB, 100 %, 532.60 W, 1980 MHz
2026/09/28 00:15:53.521, 4, 78921 MiB, 100 %, 527.07 W, 1980 MHz
2026/09/28 00:15:53.521, 5, 78921 MiB, 100 %, 542.49 W, 1980 MHz
2026/09/28 00:15:53.522, 6, 78921 MiB, 100 %, 552.66 W, 1980 MHz
2026/09/28 00:15:53.522, 7, 78921 MiB, 100 %, 525.64 W, 1980 MHz
2026/09/28 00:15:54.523, 0, 78921 MiB, 100 %, 523.83 W, 1680 MHz
2026/09/28 00:15:54.524, 1, 78921 MiB, 100 %, 584.90 W, 1980 MHz
2026/09/28 00:15:54.524, 2, 78921 MiB, 100 %, 563.04 W, 1980 MHz
2026/09/28 00:15:54.525, 3, 78921 MiB, 100 %, 550.28 W, 1980 MHz
2026/09/28 00:15:54.526, 4, 78921 MiB, 100 %, 547.22 W, 1980 MHz
2026/09/28 00:15:54.526, 5, 78921 MiB, 100 %, 560.10 W, 1980 MHz
2026/09/28 00:15:54.527, 6, 78921 MiB, 100 %, 578.34 W, 1980 MHz
2026/09/28 00:15:54.527, 7, 78921 MiB, 100 %, 551.37 W, 1980 MHz
2026/09/28 00:15:55.528, 0, 78921 MiB, 100 %, 530.76 W, 1785 MHz
2026/09/28 00:15:55.529, 1, 78921 MiB, 100 %, 581.51 W, 1980 MHz
2026/09/28 00:15:55.529, 2, 78921 MiB, 100 %, 560.82 W, 1980 MHz
2026/09/28 00:15:55.530, 3, 78921 MiB, 100 %, 551.35 W, 1980 MHz
2026/09/28 00:15:55.531, 4, 78921 MiB, 100 %, 551.28 W, 1980 MHz
2026/09/28 00:15:55.531, 5, 78921 MiB, 100 %, 549.73 W, 1980 MHz
2026/09/28 00:15:55.532, 6, 78921 MiB, 100 %, 571.87 W, 1980 MHz
2026/09/28 00:15:55.532, 7, 78921 MiB, 100 %, 540.47 W, 1980 MHz
2026/09/28 00:15:56.533, 0, 78921 MiB, 100 %, 563.73 W, 1635 MHz
2026/09/28 00:15:56.534, 1, 78921 MiB, 100 %, 583.38 W, 1980 MHz
2026/09/28 00:15:56.535, 2, 78921 MiB, 100 %, 548.30 W, 1980 MHz
2026/09/28 00:15:56.535, 3, 78921 MiB, 100 %, 543.29 W, 1980 MHz
2026/09/28 00:15:56.536, 4, 78921 MiB, 100 %, 537.54 W, 1980 MHz
2026/09/28 00:15:56.536, 5, 78921 MiB, 100 %, 553.51 W, 1980 MHz
2026/09/28 00:15:56.537, 6, 78921 MiB, 100 %, 563.93 W, 1980 MHz
2026/09/28 00:15:56.538, 7, 78921 MiB, 100 %, 543.48 W, 1980 MHz
2026/09/28 00:15:57.538, 0, 78921 MiB, 100 %, 521.00 W, 1650 MHz
2026/09/28 00:15:57.539, 1, 78921 MiB, 100 %, 591.70 W, 1980 MHz
2026/09/28 00:15:57.540, 2, 78921 MiB, 100 %, 566.22 W, 1980 MHz
2026/09/28 00:15:57.540, 3, 78921 MiB, 100 %, 552.12 W, 1980 MHz
2026/09/28 00:15:57.541, 4, 78921 MiB, 100 %, 544.08 W, 1980 MHz
2026/09/28 00:15:57.541, 5, 78921 MiB, 100 %, 557.64 W, 1980 MHz
2026/09/28 00:15:57.542, 6, 78921 MiB, 100 %, 570.68 W, 1980 MHz
2026/09/28 00:15:57.542, 7, 78921 MiB, 100 %, 549.95 W, 1980 MHz
2026/09/28 00:15:58.543, 0, 78921 MiB, 100 %, 427.33 W, 1980 MHz
2026/09/28 00:15:58.544, 1, 78921 MiB, 100 %, 407.88 W, 1980 MHz
2026/09/28 00:15:58.544, 2, 78921 MiB, 100 %, 410.35 W, 1980 MHz
2026/09/28 00:15:58.545, 3, 78921 MiB, 100 %, 420.39 W, 1980 MHz
2026/09/28 00:15:58.546, 4, 78921 MiB, 100 %, 396.42 W, 1980 MHz
2026/09/28 00:15:58.546, 5, 78921 MiB, 100 %, 403.35 W, 1980 MHz
2026/09/28 00:15:58.547, 6, 78921 MiB, 100 %, 426.04 W, 1980 MHz
2026/09/28 00:15:58.547, 7, 78921 MiB, 100 %, 394.62 W, 1980 MHz
2026/09/28 00:15:59.548, 0, 78921 MiB, 100 %, 386.05 W, 1980 MHz
2026/09/28 00:15:59.549, 1, 78921 MiB, 100 %, 326.17 W, 1980 MHz
2026/09/28 00:15:59.550, 2, 78921 MiB, 100 %, 323.95 W, 1980 MHz
2026/09/28 00:15:59.551, 3, 78921 MiB, 100 %, 333.79 W, 1980 MHz
2026/09/28 00:15:59.553, 4, 78921 MiB, 100 %, 326.09 W, 1980 MHz
2026/09/28 00:15:59.555, 5, 78921 MiB, 100 %, 321.54 W, 1980 MHz
2026/09/28 00:15:59.556, 6, 78921 MiB, 100 %, 325.61 W, 1980 MHz
2026/09/28 00:15:59.558, 7, 78921 MiB, 100 %, 315.18 W, 1980 MHz
2026/09/28 00:16:00.559, 0, 78921 MiB, 100 %, 498.23 W, 1800 MHz
2026/09/28 00:16:00.559, 1, 78921 MiB, 100 %, 470.58 W, 1980 MHz
2026/09/28 00:16:00.560, 2, 78921 MiB, 100 %, 437.16 W, 1980 MHz
2026/09/28 00:16:00.561, 3, 78921 MiB, 100 %, 454.29 W, 1980 MHz
2026/09/28 00:16:00.561, 4, 78921 MiB, 100 %, 449.09 W, 1980 MHz
2026/09/28 00:16:00.562, 5, 78921 MiB, 100 %, 438.28 W, 1980 MHz
2026/09/28 00:16:00.563, 6, 78921 MiB, 100 %, 474.11 W, 1980 MHz
2026/09/28 00:16:00.563, 7, 78921 MiB, 100 %, 439.23 W, 1980 MHz
2026/09/28 00:16:01.564, 0, 78921 MiB, 100 %, 558.60 W, 1800 MHz
2026/09/28 00:16:01.564, 1, 78921 MiB, 100 %, 587.63 W, 1980 MHz
2026/09/28 00:16:01.565, 2, 78921 MiB, 100 %, 560.63 W, 1980 MHz
2026/09/28 00:16:01.566, 3, 78921 MiB, 100 %, 555.69 W, 1980 MHz
2026/09/28 00:16:01.566, 4, 78921 MiB, 100 %, 542.85 W, 1980 MHz
2026/09/28 00:16:01.567, 5, 78921 MiB, 100 %, 553.02 W, 1980 MHz
2026/09/28 00:16:01.567, 6, 78921 MiB, 100 %, 574.96 W, 1980 MHz
2026/09/28 00:16:01.568, 7, 78921 MiB, 100 %, 544.65 W, 1980 MHz
2026/09/28 00:16:02.569, 0, 78921 MiB, 100 %, 520.48 W, 1620 MHz
2026/09/28 00:16:02.569, 1, 78921 MiB, 100 %, 597.18 W, 1980 MHz
2026/09/28 00:16:02.570, 2, 78921 MiB, 100 %, 565.76 W, 1980 MHz
2026/09/28 00:16:02.571, 3, 78921 MiB, 100 %, 558.60 W, 1980 MHz
2026/09/28 00:16:02.571, 4, 78921 MiB, 100 %, 548.63 W, 1980 MHz
2026/09/28 00:16:02.572, 5, 78921 MiB, 100 %, 562.82 W, 1980 MHz
2026/09/28 00:16:02.572, 6, 78921 MiB, 100 %, 579.95 W, 1980 MHz
2026/09/28 00:16:02.573, 7, 78921 MiB, 100 %, 552.98 W, 1980 MHz
2026/09/28 00:16:03.573, 0, 78921 MiB, 100 %, 534.78 W, 1785 MHz
2026/09/28 00:16:03.574, 1, 78921 MiB, 100 %, 574.30 W, 1980 MHz
2026/09/28 00:16:03.575, 2, 78921 MiB, 100 %, 539.35 W, 1980 MHz
2026/09/28 00:16:03.575, 3, 78921 MiB, 100 %, 535.18 W, 1980 MHz
2026/09/28 00:16:03.576, 4, 78921 MiB, 100 %, 531.29 W, 1980 MHz
2026/09/28 00:16:03.576, 5, 78921 MiB, 100 %, 547.49 W, 1980 MHz
2026/09/28 00:16:03.577, 6, 78921 MiB, 100 %, 551.24 W, 1980 MHz
2026/09/28 00:16:03.578, 7, 78921 MiB, 100 %, 531.41 W, 1980 MHz
2026/09/28 00:16:04.578, 0, 78921 MiB, 100 %, 543.82 W, 1740 MHz
2026/09/28 00:16:04.579, 1, 78921 MiB, 100 %, 585.48 W, 1980 MHz
2026/09/28 00:16:04.580, 2, 78921 MiB, 100 %, 560.45 W, 1980 MHz
2026/09/28 00:16:04.580, 3, 78921 MiB, 100 %, 550.43 W, 1980 MHz
2026/09/28 00:16:04.581, 4, 78921 MiB, 100 %, 546.30 W, 1980 MHz
2026/09/28 00:16:04.581, 5, 78921 MiB, 100 %, 564.76 W, 1980 MHz
2026/09/28 00:16:04.582, 6, 78921 MiB, 100 %, 576.01 W, 1980 MHz
2026/09/28 00:16:04.582, 7, 78921 MiB, 100 %, 548.99 W, 1980 MHz
2026/09/28 00:16:05.583, 0, 78921 MiB, 100 %, 539.18 W, 1545 MHz
2026/09/28 00:16:05.584, 1, 78921 MiB, 100 %, 594.45 W, 1980 MHz
2026/09/28 00:16:05.584, 2, 78921 MiB, 100 %, 561.47 W, 1980 MHz
2026/09/28 00:16:05.585, 3, 78921 MiB, 100 %, 553.41 W, 1980 MHz
2026/09/28 00:16:05.586, 4, 78921 MiB, 100 %, 549.24 W, 1980 MHz
2026/09/28 00:16:05.586, 5, 78921 MiB, 100 %, 573.90 W, 1980 MHz
2026/09/28 00:16:05.587, 6, 78921 MiB, 100 %, 570.35 W, 1980 MHz
2026/09/28 00:16:05.587, 7, 78921 MiB, 100 %, 558.40 W, 1980 MHz
2026/09/28 00:16:06.588, 0, 78921 MiB, 100 %, 513.76 W, 1800 MHz
2026/09/28 00:16:06.589, 1, 78921 MiB, 100 %, 562.89 W, 1980 MHz
2026/09/28 00:16:06.589, 2, 78921 MiB, 100 %, 544.27 W, 1980 MHz
2026/09/28 00:16:06.590, 3, 78921 MiB, 100 %, 531.25 W, 1980 MHz
2026/09/28 00:16:06.590, 4, 78921 MiB, 100 %, 529.45 W, 1980 MHz
2026/09/28 00:16:06.591, 5, 78921 MiB, 100 %, 547.97 W, 1980 MHz
2026/09/28 00:16:06.592, 6, 78921 MiB, 100 %, 551.43 W, 1980 MHz
2026/09/28 00:16:06.592, 7, 78921 MiB, 100 %, 527.14 W, 1980 MHz
2026/09/28 00:16:07.593, 0, 78921 MiB, 100 %, 530.47 W, 1650 MHz
2026/09/28 00:16:07.594, 1, 78921 MiB, 100 %, 586.80 W, 1980 MHz
2026/09/28 00:16:07.594, 2, 78921 MiB, 100 %, 554.43 W, 1980 MHz
2026/09/28 00:16:07.595, 3, 78921 MiB, 100 %, 553.00 W, 1980 MHz
2026/09/28 00:16:07.596, 4, 78921 MiB, 100 %, 554.40 W, 1980 MHz
2026/09/28 00:16:07.596, 5, 78921 MiB, 100 %, 555.95 W, 1980 MHz
2026/09/28 00:16:07.597, 6, 78921 MiB, 100 %, 575.97 W, 1980 MHz
2026/09/28 00:16:07.598, 7, 78921 MiB, 100 %, 542.31 W, 1980 MHz
2026/09/28 00:16:08.598, 0, 78921 MiB, 100 %, 530.16 W, 1770 MHz
2026/09/28 00:16:08.599, 1, 78921 MiB, 100 %, 589.64 W, 1980 MHz
2026/09/28 00:16:08.600, 2, 78921 MiB, 100 %, 561.85 W, 1980 MHz
2026/09/28 00:16:08.600, 3, 78921 MiB, 100 %, 560.01 W, 1980 MHz
2026/09/28 00:16:08.601, 4, 78921 MiB, 100 %, 551.36 W, 1980 MHz
2026/09/28 00:16:08.602, 5, 78921 MiB, 100 %, 559.52 W, 1980 MHz
2026/09/28 00:16:08.602, 6, 78921 MiB, 100 %, 567.12 W, 1980 MHz
2026/09/28 00:16:08.603, 7, 78921 MiB, 100 %, 549.28 W, 1980 MHz
2026/09/28 00:16:09.603, 0, 78921 MiB, 100 %, 539.25 W, 1740 MHz
2026/09/28 00:16:09.604, 1, 78921 MiB, 100 %, 572.67 W, 1980 MHz
2026/09/28 00:16:09.605, 2, 78921 MiB, 100 %, 547.02 W, 1980 MHz
2026/09/28 00:16:09.605, 3, 78921 MiB, 100 %, 542.36 W, 1980 MHz
2026/09/28 00:16:09.606, 4, 78921 MiB, 100 %, 538.39 W, 1980 MHz
2026/09/28 00:16:09.606, 5, 78921 MiB, 100 %, 546.53 W, 1980 MHz
2026/09/28 00:16:09.607, 6, 78921 MiB, 100 %, 559.07 W, 1980 MHz
2026/09/28 00:16:09.607, 7, 78921 MiB, 100 %, 532.76 W, 1980 MHz
2026/09/28 00:16:10.608, 0, 78921 MiB, 100 %, 522.88 W, 1515 MHz
2026/09/28 00:16:10.609, 1, 78921 MiB, 100 %, 584.53 W, 1980 MHz
2026/09/28 00:16:10.610, 2, 78921 MiB, 100 %, 551.54 W, 1980 MHz
2026/09/28 00:16:10.610, 3, 78921 MiB, 100 %, 546.93 W, 1980 MHz
2026/09/28 00:16:10.611, 4, 78921 MiB, 100 %, 544.40 W, 1980 MHz
2026/09/28 00:16:10.611, 5, 78921 MiB, 100 %, 558.30 W, 1980 MHz
2026/09/28 00:16:10.612, 6, 78921 MiB, 100 %, 559.36 W, 1980 MHz
2026/09/28 00:16:10.612, 7, 78921 MiB, 100 %, 547.76 W, 1980 MHz
2026/09/28 00:16:11.613, 0, 78921 MiB, 100 %, 520.72 W, 1755 MHz
2026/09/28 00:16:11.614, 1, 78921 MiB, 100 %, 579.43 W, 1980 MHz
2026/09/28 00:16:11.615, 2, 78921 MiB, 100 %, 547.70 W, 1980 MHz
2026/09/28 00:16:11.615, 3, 78921 MiB, 100 %, 536.66 W, 1980 MHz
2026/09/28 00:16:11.616, 4, 78921 MiB, 100 %, 535.44 W, 1980 MHz
2026/09/28 00:16:11.617, 5, 78921 MiB, 100 %, 542.99 W, 1980 MHz
2026/09/28 00:16:11.617, 6, 78921 MiB, 100 %, 553.83 W, 1980 MHz
2026/09/28 00:16:11.618, 7, 78921 MiB, 100 %, 533.90 W, 1980 MHz
2026/09/28 00:16:12.618, 0, 78921 MiB, 100 %, 519.44 W, 1665 MHz
2026/09/28 00:16:12.619, 1, 78921 MiB, 100 %, 580.12 W, 1980 MHz
2026/09/28 00:16:12.620, 2, 78921 MiB, 100 %, 554.81 W, 1980 MHz
2026/09/28 00:16:12.621, 3, 78921 MiB, 100 %, 545.77 W, 1980 MHz
2026/09/28 00:16:12.621, 4, 78921 MiB, 100 %, 538.17 W, 1980 MHz
2026/09/28 00:16:12.622, 5, 78921 MiB, 100 %, 551.97 W, 1980 MHz
2026/09/28 00:16:12.622, 6, 78921 MiB, 100 %, 558.70 W, 1980 MHz
2026/09/28 00:16:12.623, 7, 78921 MiB, 100 %, 535.43 W, 1980 MHz
2026/09/28 00:16:13.624, 0, 78921 MiB, 100 %, 522.40 W, 1680 MHz
2026/09/28 00:16:13.624, 1, 78921 MiB, 100 %, 585.29 W, 1980 MHz
2026/09/28 00:16:13.625, 2, 78921 MiB, 100 %, 569.55 W, 1980 MHz
2026/09/28 00:16:13.626, 3, 78921 MiB, 100 %, 563.05 W, 1980 MHz
2026/09/28 00:16:13.626, 4, 78921 MiB, 100 %, 553.42 W, 1980 MHz
2026/09/28 00:16:13.627, 5, 78921 MiB, 100 %, 561.91 W, 1980 MHz
2026/09/28 00:16:13.627, 6, 78921 MiB, 100 %, 576.52 W, 1980 MHz
2026/09/28 00:16:13.628, 7, 78921 MiB, 100 %, 556.11 W, 1980 MHz
2026/09/28 00:16:14.629, 0, 78921 MiB, 100 %, 528.91 W, 1770 MHz
2026/09/28 00:16:14.630, 1, 78921 MiB, 100 %, 580.26 W, 1980 MHz
2026/09/28 00:16:14.630, 2, 78921 MiB, 100 %, 545.22 W, 1980 MHz
2026/09/28 00:16:14.631, 3, 78921 MiB, 100 %, 536.94 W, 1980 MHz
2026/09/28 00:16:14.631, 4, 78921 MiB, 100 %, 534.94 W, 1980 MHz
2026/09/28 00:16:14.632, 5, 78921 MiB, 100 %, 539.75 W, 1980 MHz
2026/09/28 00:16:14.633, 6, 78921 MiB, 100 %, 560.75 W, 1980 MHz
2026/09/28 00:16:14.633, 7, 78921 MiB, 100 %, 539.68 W, 1980 MHz
2026/09/28 00:16:15.634, 0, 78921 MiB, 100 %, 538.38 W, 1695 MHz
2026/09/28 00:16:15.635, 1, 78921 MiB, 100 %, 583.89 W, 1980 MHz
2026/09/28 00:16:15.635, 2, 78921 MiB, 100 %, 563.73 W, 1980 MHz
2026/09/28 00:16:15.636, 3, 78921 MiB, 100 %, 548.53 W, 1980 MHz
2026/09/28 00:16:15.637, 4, 78921 MiB, 100 %, 551.79 W, 1980 MHz
2026/09/28 00:16:15.637, 5, 78921 MiB, 100 %, 558.00 W, 1980 MHz
2026/09/28 00:16:15.638, 6, 78921 MiB, 100 %, 568.44 W, 1980 MHz
2026/09/28 00:16:15.638, 7, 78921 MiB, 100 %, 542.47 W, 1980 MHz
2026/09/28 00:16:16.639, 0, 78921 MiB, 100 %, 548.88 W, 1830 MHz
2026/09/28 00:16:16.640, 1, 78921 MiB, 100 %, 595.91 W, 1980 MHz
2026/09/28 00:16:16.641, 2, 78921 MiB, 100 %, 582.22 W, 1980 MHz
2026/09/28 00:16:16.641, 3, 78921 MiB, 100 %, 561.50 W, 1980 MHz
2026/09/28 00:16:16.642, 4, 78921 MiB, 100 %, 558.77 W, 1980 MHz
2026/09/28 00:16:16.643, 5, 78921 MiB, 100 %, 570.11 W, 1980 MHz
2026/09/28 00:16:16.643, 6, 78921 MiB, 100 %, 581.64 W, 1980 MHz
2026/09/28 00:16:16.644, 7, 78921 MiB, 100 %, 558.50 W, 1980 MHz
2026/09/28 00:16:17.644, 0, 78921 MiB, 100 %, 551.10 W, 1680 MHz
2026/09/28 00:16:17.645, 1, 78921 MiB, 100 %, 575.72 W, 1980 MHz
2026/09/28 00:16:17.646, 2, 78921 MiB, 100 %, 551.39 W, 1980 MHz
2026/09/28 00:16:17.647, 3, 78921 MiB, 100 %, 545.99 W, 1980 MHz
2026/09/28 00:16:17.647, 4, 78921 MiB, 100 %, 543.07 W, 1980 MHz
2026/09/28 00:16:17.648, 5, 78921 MiB, 100 %, 539.48 W, 1980 MHz
2026/09/28 00:16:17.648, 6, 78921 MiB, 100 %, 562.93 W, 1980 MHz
2026/09/28 00:16:17.649, 7, 78921 MiB, 100 %, 537.14 W, 1980 MHz
2026/09/28 00:16:18.650, 0, 78921 MiB, 100 %, 502.54 W, 1590 MHz
2026/09/28 00:16:18.651, 1, 78921 MiB, 100 %, 584.75 W, 1980 MHz
2026/09/28 00:16:18.651, 2, 78921 MiB, 100 %, 552.51 W, 1980 MHz
2026/09/28 00:16:18.652, 3, 78921 MiB, 100 %, 549.77 W, 1980 MHz
2026/09/28 00:16:18.652, 4, 78921 MiB, 100 %, 545.36 W, 1980 MHz
2026/09/28 00:16:18.653, 5, 78921 MiB, 100 %, 555.11 W, 1980 MHz
2026/09/28 00:16:18.653, 6, 78921 MiB, 100 %, 552.28 W, 1980 MHz
2026/09/28 00:16:18.654, 7, 78921 MiB, 100 %, 543.70 W, 1980 MHz
2026/09/28 00:16:19.655, 0, 78921 MiB, 100 %, 532.53 W, 1875 MHz
2026/09/28 00:16:19.655, 1, 78921 MiB, 100 %, 592.16 W, 1980 MHz
2026/09/28 00:16:19.656, 2, 78921 MiB, 100 %, 561.43 W, 1980 MHz
2026/09/28 00:16:19.657, 3, 78921 MiB, 100 %, 561.22 W, 1980 MHz
2026/09/28 00:16:19.657, 4, 78921 MiB, 100 %, 553.87 W, 1980 MHz
2026/09/28 00:16:19.658, 5, 78921 MiB, 100 %, 563.98 W, 1980 MHz
2026/09/28 00:16:19.658, 6, 78921 MiB, 100 %, 574.30 W, 1980 MHz
2026/09/28 00:16:19.659, 7, 78921 MiB, 100 %, 559.84 W, 1980 MHz
2026/09/28 00:16:20.659, 0, 78921 MiB, 100 %, 534.13 W, 1770 MHz
2026/09/28 00:16:20.660, 1, 78921 MiB, 100 %, 576.52 W, 1980 MHz
2026/09/28 00:16:20.661, 2, 78921 MiB, 100 %, 549.01 W, 1980 MHz
2026/09/28 00:16:20.661, 3, 78921 MiB, 100 %, 540.31 W, 1980 MHz
2026/09/28 00:16:20.662, 4, 78921 MiB, 100 %, 543.26 W, 1980 MHz
2026/09/28 00:16:20.663, 5, 78921 MiB, 100 %, 551.00 W, 1980 MHz
2026/09/28 00:16:20.663, 6, 78921 MiB, 100 %, 561.49 W, 1980 MHz
2026/09/28 00:16:20.664, 7, 78921 MiB, 100 %, 533.63 W, 1980 MHz
2026/09/28 00:16:21.664, 0, 78921 MiB, 100 %, 536.86 W, 1785 MHz
2026/09/28 00:16:21.665, 1, 78921 MiB, 100 %, 597.09 W, 1980 MHz
2026/09/28 00:16:21.666, 2, 78921 MiB, 100 %, 563.98 W, 1980 MHz
2026/09/28 00:16:21.666, 3, 78921 MiB, 100 %, 560.88 W, 1980 MHz
2026/09/28 00:16:21.667, 4, 78921 MiB, 100 %, 551.16 W, 1980 MHz
2026/09/28 00:16:21.668, 5, 78921 MiB, 100 %, 561.20 W, 1980 MHz
2026/09/28 00:16:21.668, 6, 78921 MiB, 100 %, 571.80 W, 1980 MHz
2026/09/28 00:16:21.669, 7, 78921 MiB, 100 %, 554.78 W, 1980 MHz
2026/09/28 00:16:22.669, 0, 78921 MiB, 100 %, 466.34 W, 1980 MHz
2026/09/28 00:16:22.670, 1, 78921 MiB, 100 %, 441.11 W, 1980 MHz
2026/09/28 00:16:22.671, 2, 78921 MiB, 100 %, 451.80 W, 1980 MHz
2026/09/28 00:16:22.672, 3, 78921 MiB, 100 %, 416.28 W, 1980 MHz
2026/09/28 00:16:22.672, 4, 78921 MiB, 100 %, 421.13 W, 1980 MHz
2026/09/28 00:16:22.673, 5, 78921 MiB, 100 %, 436.46 W, 1980 MHz
2026/09/28 00:16:22.673, 6, 78921 MiB, 100 %, 437.34 W, 1980 MHz
2026/09/28 00:16:22.674, 7, 78921 MiB, 100 %, 422.95 W, 1980 MHz
2026/09/28 00:16:23.675, 0, 78921 MiB, 100 %, 389.77 W, 1980 MHz
2026/09/28 00:16:23.675, 1, 78921 MiB, 100 %, 325.46 W, 1980 MHz
2026/09/28 00:16:23.676, 2, 78921 MiB, 100 %, 336.49 W, 1980 MHz
2026/09/28 00:16:23.677, 3, 78921 MiB, 100 %, 332.64 W, 1980 MHz
2026/09/28 00:16:23.677, 4, 78921 MiB, 100 %, 325.29 W, 1980 MHz
2026/09/28 00:16:23.678, 5, 78921 MiB, 100 %, 319.16 W, 1980 MHz
2026/09/28 00:16:23.678, 6, 78921 MiB, 100 %, 324.78 W, 1980 MHz
2026/09/28 00:16:23.679, 7, 78921 MiB, 100 %, 313.73 W, 1980 MHz
2026/09/28 00:16:24.680, 0, 78921 MiB, 0 %, 319.48 W, 1980 MHz
2026/09/28 00:16:24.681, 1, 78921 MiB, 0 %, 261.63 W, 1980 MHz
2026/09/28 00:16:24.681, 2, 78921 MiB, 0 %, 280.76 W, 1980 MHz
2026/09/28 00:16:24.682, 3, 78921 MiB, 0 %, 260.30 W, 1980 MHz
2026/09/28 00:16:24.682, 4, 78921 MiB, 0 %, 259.77 W, 1980 MHz
2026/09/28 00:16:24.683, 5, 78921 MiB, 0 %, 263.81 W, 1980 MHz
2026/09/28 00:16:24.683, 6, 78921 MiB, 0 %, 259.22 W, 1980 MHz
2026/09/28 00:16:24.684, 7, 78921 MiB, 0 %, 254.46 W, 1980 MHz
