timestamp, index, memory.used [MiB], utilization.gpu [%], power.draw [W], clocks.current.sm [MHz]
2026/09/27 18:43:18.084, 0, 79641 MiB, 0 %, 183.00 W, 1980 MHz
2026/09/27 18:43:18.092, 1, 79641 MiB, 0 %, 133.06 W, 1980 MHz
2026/09/27 18:43:18.098, 2, 79641 MiB, 0 %, 129.71 W, 1980 MHz
2026/09/27 18:43:18.103, 3, 79641 MiB, 0 %, 126.71 W, 1980 MHz
2026/09/27 18:43:18.109, 4, 79641 MiB, 0 %, 125.49 W, 1980 MHz
2026/09/27 18:43:18.115, 5, 79641 MiB, 0 %, 127.84 W, 1980 MHz
2026/09/27 18:43:18.120, 6, 79641 MiB, 0 %, 129.82 W, 1980 MHz
2026/09/27 18:43:18.126, 7, 79641 MiB, 0 %, 123.50 W, 1980 MHz
2026/09/27 18:43:19.132, 0, 79641 MiB, 0 %, 182.10 W, 1980 MHz
2026/09/27 18:43:19.133, 1, 79641 MiB, 0 %, 132.34 W, 1980 MHz
2026/09/27 18:43:19.133, 2, 79641 MiB, 0 %, 129.06 W, 1980 MHz
2026/09/27 18:43:19.134, 3, 79641 MiB, 0 %, 126.29 W, 1980 MHz
2026/09/27 18:43:19.135, 4, 79641 MiB, 0 %, 125.05 W, 1980 MHz
2026/09/27 18:43:19.135, 5, 79641 MiB, 0 %, 126.99 W, 1980 MHz
2026/09/27 18:43:19.136, 6, 79641 MiB, 0 %, 129.30 W, 1980 MHz
2026/09/27 18:43:19.137, 7, 79641 MiB, 0 %, 123.23 W, 1980 MHz
2026/09/27 18:43:20.137, 0, 79641 MiB, 0 %, 181.47 W, 1980 MHz
2026/09/27 18:43:20.138, 1, 79641 MiB, 0 %, 131.83 W, 1980 MHz
2026/09/27 18:43:20.139, 2, 79641 MiB, 0 %, 128.65 W, 1980 MHz
2026/09/27 18:43:20.140, 3, 79641 MiB, 0 %, 125.90 W, 1980 MHz
2026/09/27 18:43:20.140, 4, 79641 MiB, 0 %, 124.66 W, 1980 MHz
2026/09/27 18:43:20.141, 5, 79641 MiB, 0 %, 126.60 W, 1980 MHz
2026/09/27 18:43:20.142, 6, 79641 MiB, 0 %, 128.83 W, 1980 MHz
2026/09/27 18:43:20.142, 7, 79641 MiB, 0 %, 122.87 W, 1980 MHz
2026/09/27 18:43:21.143, 0, 79641 MiB, 0 %, 180.95 W, 1980 MHz
2026/09/27 18:43:21.144, 1, 79641 MiB, 0 %, 131.42 W, 1980 MHz
2026/09/27 18:43:21.145, 2, 79641 MiB, 0 %, 128.28 W, 1980 MHz
2026/09/27 18:43:21.145, 3, 79641 MiB, 0 %, 125.58 W, 1980 MHz
2026/09/27 18:43:21.146, 4, 79641 MiB, 0 %, 124.31 W, 1980 MHz
2026/09/27 18:43:21.147, 5, 79641 MiB, 0 %, 126.32 W, 1980 MHz
2026/09/27 18:43:21.147, 6, 79641 MiB, 0 %, 128.43 W, 1980 MHz
2026/09/27 18:43:21.148, 7, 79641 MiB, 0 %, 122.46 W, 1980 MHz
2026/09/27 18:43:22.149, 0, 79641 MiB, 0 %, 180.47 W, 1980 MHz
2026/09/27 18:43:22.149, 1, 79641 MiB, 0 %, 131.14 W, 1980 MHz
2026/09/27 18:43:22.150, 2, 79641 MiB, 0 %, 127.98 W, 1980 MHz
2026/09/27 18:43:22.151, 3, 79641 MiB, 0 %, 125.36 W, 1980 MHz
2026/09/27 18:43:22.152, 4, 79641 MiB, 0 %, 124.02 W, 1980 MHz
2026/09/27 18:43:22.152, 5, 79641 MiB, 0 %, 125.91 W, 1980 MHz
2026/09/27 18:43:22.153, 6, 79641 MiB, 0 %, 128.09 W, 1980 MHz
2026/09/27 18:43:22.154, 7, 79641 MiB, 0 %, 122.20 W, 1980 MHz
2026/09/27 18:43:23.154, 0, 79641 MiB, 0 %, 179.63 W, 1980 MHz
2026/09/27 18:43:23.155, 1, 79641 MiB, 0 %, 130.85 W, 1980 MHz
2026/09/27 18:43:23.156, 2, 79641 MiB, 0 %, 127.81 W, 1980 MHz
2026/09/27 18:43:23.157, 3, 79641 MiB, 0 %, 125.14 W, 1980 MHz
2026/09/27 18:43:23.157, 4, 79641 MiB, 0 %, 123.77 W, 1980 MHz
2026/09/27 18:43:23.158, 5, 79641 MiB, 0 %, 125.59 W, 1980 MHz
2026/09/27 18:43:23.159, 6, 79641 MiB, 0 %, 127.34 W, 1980 MHz
2026/09/27 18:43:23.159, 7, 79641 MiB, 0 %, 121.89 W, 1980 MHz
2026/09/27 18:43:24.160, 0, 79641 MiB, 0 %, 179.20 W, 1980 MHz
2026/09/27 18:43:24.161, 1, 79641 MiB, 0 %, 130.48 W, 1980 MHz
2026/09/27 18:43:24.162, 2, 79641 MiB, 0 %, 127.55 W, 1980 MHz
2026/09/27 18:43:24.163, 3, 79641 MiB, 0 %, 124.93 W, 1980 MHz
2026/09/27 18:43:24.163, 4, 79641 MiB, 0 %, 123.58 W, 1980 MHz
2026/09/27 18:43:24.164, 5, 79641 MiB, 0 %, 125.39 W, 1980 MHz
2026/09/27 18:43:24.165, 6, 79641 MiB, 0 %, 127.00 W, 1980 MHz
2026/09/27 18:43:24.165, 7, 79641 MiB, 0 %, 121.66 W, 1980 MHz
2026/09/27 18:43:25.166, 0, 79641 MiB, 0 %, 178.90 W, 1980 MHz
2026/09/27 18:43:25.167, 1, 79641 MiB, 0 %, 130.09 W, 1980 MHz
2026/09/27 18:43:25.168, 2, 79641 MiB, 0 %, 127.29 W, 1980 MHz
2026/09/27 18:43:25.168, 3, 79641 MiB, 0 %, 123.89 W, 1980 MHz
2026/09/27 18:43:25.169, 4, 79641 MiB, 0 %, 123.38 W, 1980 MHz
2026/09/27 18:43:25.170, 5, 79641 MiB, 0 %, 125.11 W, 1980 MHz
2026/09/27 18:43:25.171, 6, 79641 MiB, 0 %, 126.73 W, 1980 MHz
2026/09/27 18:43:25.172, 7, 79641 MiB, 0 %, 121.46 W, 1980 MHz
2026/09/27 18:43:26.173, 0, 79641 MiB, 0 %, 178.56 W, 1980 MHz
2026/09/27 18:43:26.174, 1, 79641 MiB, 0 %, 129.37 W, 1980 MHz
2026/09/27 18:43:26.174, 2, 79641 MiB, 0 %, 127.05 W, 1980 MHz
2026/09/27 18:43:26.175, 3, 79641 MiB, 0 %, 123.72 W, 1980 MHz
2026/09/27 18:43:26.175, 4, 79641 MiB, 0 %, 123.16 W, 1980 MHz
2026/09/27 18:43:26.176, 5, 79641 MiB, 0 %, 124.86 W, 1980 MHz
2026/09/27 18:43:26.177, 6, 79641 MiB, 0 %, 126.46 W, 1980 MHz
2026/09/27 18:43:26.177, 7, 79641 MiB, 0 %, 121.22 W, 1980 MHz
2026/09/27 18:43:27.178, 0, 79641 MiB, 0 %, 178.29 W, 1980 MHz
2026/09/27 18:43:27.179, 1, 79641 MiB, 0 %, 128.67 W, 1980 MHz
2026/09/27 18:43:27.180, 2, 79641 MiB, 0 %, 126.68 W, 1980 MHz
2026/09/27 18:43:27.180, 3, 79641 MiB, 0 %, 123.51 W, 1980 MHz
2026/09/27 18:43:27.181, 4, 79641 MiB, 0 %, 122.98 W, 1980 MHz
2026/09/27 18:43:27.182, 5, 79641 MiB, 0 %, 124.63 W, 1980 MHz
2026/09/27 18:43:27.182, 6, 79641 MiB, 0 %, 126.16 W, 1980 MHz
2026/09/27 18:43:27.183, 7, 79641 MiB, 0 %, 121.05 W, 1980 MHz
2026/09/27 18:43:28.183, 0, 79641 MiB, 0 %, 178.05 W, 1980 MHz
2026/09/27 18:43:28.184, 1, 79641 MiB, 0 %, 128.36 W, 1980 MHz
2026/09/27 18:43:28.185, 2, 79641 MiB, 0 %, 126.57 W, 1980 MHz
2026/09/27 18:43:28.186, 3, 79641 MiB, 0 %, 123.32 W, 1980 MHz
2026/09/27 18:43:28.186, 4, 79641 MiB, 0 %, 122.99 W, 1980 MHz
2026/09/27 18:43:28.187, 5, 79641 MiB, 0 %, 124.42 W, 1980 MHz
2026/09/27 18:43:28.188, 6, 79641 MiB, 0 %, 125.93 W, 1980 MHz
2026/09/27 18:43:28.188, 7, 79641 MiB, 0 %, 120.82 W, 1980 MHz
2026/09/27 18:43:29.189, 0, 79641 MiB, 0 %, 177.77 W, 1980 MHz
2026/09/27 18:43:29.190, 1, 79641 MiB, 0 %, 128.16 W, 1980 MHz
2026/09/27 18:43:29.191, 2, 79641 MiB, 0 %, 126.93 W, 1980 MHz
2026/09/27 18:43:29.191, 3, 79641 MiB, 0 %, 123.18 W, 1980 MHz
2026/09/27 18:43:29.192, 4, 79641 MiB, 0 %, 122.80 W, 1980 MHz
2026/09/27 18:43:29.193, 5, 79641 MiB, 0 %, 124.23 W, 1980 MHz
2026/09/27 18:43:29.193, 6, 79641 MiB, 0 %, 125.79 W, 1980 MHz
2026/09/27 18:43:29.194, 7, 79641 MiB, 0 %, 120.65 W, 1980 MHz
2026/09/27 18:43:30.195, 0, 79641 MiB, 0 %, 177.51 W, 1980 MHz
2026/09/27 18:43:30.195, 1, 79641 MiB, 0 %, 127.89 W, 1980 MHz
2026/09/27 18:43:30.196, 2, 79641 MiB, 0 %, 126.71 W, 1980 MHz
2026/09/27 18:43:30.196, 3, 79641 MiB, 0 %, 123.03 W, 1980 MHz
2026/09/27 18:43:30.197, 4, 79641 MiB, 0 %, 122.64 W, 1980 MHz
2026/09/27 18:43:30.198, 5, 79641 MiB, 0 %, 123.98 W, 1980 MHz
2026/09/27 18:43:30.198, 6, 79641 MiB, 0 %, 125.59 W, 1980 MHz
2026/09/27 18:43:30.199, 7, 79641 MiB, 0 %, 120.51 W, 1980 MHz
2026/09/27 18:43:31.199, 0, 79641 MiB, 0 %, 177.27 W, 1980 MHz
2026/09/27 18:43:31.200, 1, 79641 MiB, 0 %, 127.63 W, 1980 MHz
2026/09/27 18:43:31.201, 2, 79641 MiB, 0 %, 126.46 W, 1980 MHz
2026/09/27 18:43:31.201, 3, 79641 MiB, 0 %, 122.96 W, 1980 MHz
2026/09/27 18:43:31.202, 4, 79641 MiB, 0 %, 122.53 W, 1980 MHz
2026/09/27 18:43:31.203, 5, 79641 MiB, 0 %, 123.84 W, 1980 MHz
2026/09/27 18:43:31.203, 6, 79641 MiB, 0 %, 125.39 W, 1980 MHz
2026/09/27 18:43:31.204, 7, 79641 MiB, 0 %, 120.39 W, 1980 MHz
2026/09/27 18:43:32.205, 0, 79641 MiB, 0 %, 177.07 W, 1980 MHz
2026/09/27 18:43:32.206, 1, 79641 MiB, 0 %, 127.37 W, 1980 MHz
2026/09/27 18:43:32.207, 2, 79641 MiB, 0 %, 126.31 W, 1980 MHz
2026/09/27 18:43:32.216, 3, 79641 MiB, 0 %, 122.77 W, 1980 MHz
2026/09/27 18:43:32.218, 4, 79641 MiB, 0 %, 122.40 W, 1980 MHz
2026/09/27 18:43:32.219, 5, 79641 MiB, 0 %, 123.73 W, 1980 MHz
2026/09/27 18:43:32.220, 6, 79641 MiB, 0 %, 125.11 W, 1980 MHz
2026/09/27 18:43:32.221, 7, 79641 MiB, 0 %, 120.26 W, 1980 MHz
2026/09/27 18:43:33.222, 0, 79641 MiB, 0 %, 176.92 W, 1980 MHz
2026/09/27 18:43:33.223, 1, 79641 MiB, 0 %, 127.21 W, 1980 MHz
2026/09/27 18:43:33.224, 2, 79641 MiB, 0 %, 126.11 W, 1980 MHz
2026/09/27 18:43:33.225, 3, 79641 MiB, 0 %, 122.66 W, 1980 MHz
2026/09/27 18:43:33.225, 4, 79641 MiB, 0 %, 122.28 W, 1980 MHz
2026/09/27 18:43:33.226, 5, 79641 MiB, 0 %, 123.61 W, 1980 MHz
2026/09/27 18:43:33.227, 6, 79641 MiB, 0 %, 124.98 W, 1980 MHz
2026/09/27 18:43:33.227, 7, 79641 MiB, 0 %, 120.17 W, 1980 MHz
2026/09/27 18:43:34.228, 0, 79641 MiB, 0 %, 176.76 W, 1980 MHz
2026/09/27 18:43:34.229, 1, 79641 MiB, 0 %, 127.03 W, 1980 MHz
2026/09/27 18:43:34.230, 2, 79641 MiB, 0 %, 125.92 W, 1980 MHz
2026/09/27 18:43:34.230, 3, 79641 MiB, 0 %, 122.50 W, 1980 MHz
2026/09/27 18:43:34.231, 4, 79641 MiB, 0 %, 122.17 W, 1980 MHz
2026/09/27 18:43:34.232, 5, 79641 MiB, 0 %, 123.48 W, 1980 MHz
2026/09/27 18:43:34.232, 6, 79641 MiB, 0 %, 124.81 W, 1980 MHz
2026/09/27 18:43:34.233, 7, 79641 MiB, 0 %, 120.02 W, 1980 MHz
2026/09/27 18:43:35.234, 0, 79641 MiB, 0 %, 176.54 W, 1980 MHz
2026/09/27 18:43:35.234, 1, 79641 MiB, 0 %, 126.89 W, 1980 MHz
2026/09/27 18:43:35.235, 2, 79641 MiB, 0 %, 125.74 W, 1980 MHz
2026/09/27 18:43:35.236, 3, 79641 MiB, 0 %, 122.39 W, 1980 MHz
2026/09/27 18:43:35.236, 4, 79641 MiB, 0 %, 121.99 W, 1980 MHz
2026/09/27 18:43:35.237, 5, 79641 MiB, 0 %, 123.36 W, 1980 MHz
2026/09/27 18:43:35.238, 6, 79641 MiB, 0 %, 124.70 W, 1980 MHz
2026/09/27 18:43:35.238, 7, 79641 MiB, 0 %, 119.93 W, 1980 MHz
2026/09/27 18:43:36.240, 0, 79641 MiB, 0 %, 176.37 W, 1980 MHz
2026/09/27 18:43:36.241, 1, 79641 MiB, 0 %, 126.71 W, 1980 MHz
2026/09/27 18:43:36.241, 2, 79641 MiB, 0 %, 125.57 W, 1980 MHz
2026/09/27 18:43:36.242, 3, 79641 MiB, 0 %, 122.36 W, 1980 MHz
2026/09/27 18:43:36.243, 4, 79641 MiB, 0 %, 121.92 W, 1980 MHz
2026/09/27 18:43:36.243, 5, 79641 MiB, 0 %, 123.04 W, 1980 MHz
2026/09/27 18:43:36.244, 6, 79641 MiB, 0 %, 124.51 W, 1980 MHz
2026/09/27 18:43:36.245, 7, 79641 MiB, 0 %, 119.81 W, 1980 MHz
2026/09/27 18:43:37.245, 0, 79641 MiB, 0 %, 176.21 W, 1980 MHz
2026/09/27 18:43:37.246, 1, 79641 MiB, 0 %, 126.54 W, 1980 MHz
2026/09/27 18:43:37.247, 2, 79641 MiB, 0 %, 125.45 W, 1980 MHz
2026/09/27 18:43:37.248, 3, 79641 MiB, 0 %, 122.29 W, 1980 MHz
2026/09/27 18:43:37.248, 4, 79641 MiB, 0 %, 121.82 W, 1980 MHz
2026/09/27 18:43:37.249, 5, 79641 MiB, 0 %, 122.10 W, 1980 MHz
2026/09/27 18:43:37.250, 6, 79641 MiB, 0 %, 124.46 W, 1980 MHz
2026/09/27 18:43:37.250, 7, 79641 MiB, 0 %, 119.76 W, 1980 MHz
2026/09/27 18:43:38.251, 0, 79641 MiB, 0 %, 176.08 W, 1980 MHz
2026/09/27 18:43:38.252, 1, 79641 MiB, 0 %, 126.31 W, 1980 MHz
2026/09/27 18:43:38.252, 2, 79641 MiB, 0 %, 125.30 W, 1980 MHz
2026/09/27 18:43:38.253, 3, 79641 MiB, 0 %, 122.18 W, 1980 MHz
2026/09/27 18:43:38.254, 4, 79641 MiB, 0 %, 121.79 W, 1980 MHz
2026/09/27 18:43:38.255, 5, 79641 MiB, 0 %, 121.96 W, 1980 MHz
2026/09/27 18:43:38.255, 6, 79641 MiB, 0 %, 124.23 W, 1980 MHz
2026/09/27 18:43:38.256, 7, 79641 MiB, 0 %, 119.67 W, 1980 MHz
2026/09/27 18:43:39.257, 0, 79641 MiB, 0 %, 175.97 W, 1980 MHz
2026/09/27 18:43:39.257, 1, 79641 MiB, 0 %, 125.77 W, 1980 MHz
2026/09/27 18:43:39.258, 2, 79641 MiB, 0 %, 124.92 W, 1980 MHz
2026/09/27 18:43:39.259, 3, 79641 MiB, 0 %, 122.09 W, 1980 MHz
2026/09/27 18:43:39.260, 4, 79641 MiB, 0 %, 121.71 W, 1980 MHz
2026/09/27 18:43:39.260, 5, 79641 MiB, 0 %, 121.94 W, 1980 MHz
2026/09/27 18:43:39.261, 6, 79641 MiB, 0 %, 124.15 W, 1980 MHz
2026/09/27 18:43:39.262, 7, 79641 MiB, 0 %, 119.60 W, 1980 MHz
2026/09/27 18:43:40.263, 0, 79641 MiB, 0 %, 175.82 W, 1980 MHz
2026/09/27 18:43:40.264, 1, 79641 MiB, 0 %, 125.63 W, 1980 MHz
2026/09/27 18:43:40.264, 2, 79641 MiB, 0 %, 124.55 W, 1980 MHz
2026/09/27 18:43:40.265, 3, 79641 MiB, 0 %, 122.02 W, 1980 MHz
2026/09/27 18:43:40.266, 4, 79641 MiB, 0 %, 121.64 W, 1980 MHz
2026/09/27 18:43:40.267, 5, 79641 MiB, 0 %, 121.88 W, 1980 MHz
2026/09/27 18:43:40.267, 6, 79641 MiB, 0 %, 124.06 W, 1980 MHz
2026/09/27 18:43:40.268, 7, 79641 MiB, 0 %, 119.51 W, 1980 MHz
2026/09/27 18:43:41.268, 0, 79641 MiB, 0 %, 175.71 W, 1980 MHz
2026/09/27 18:43:41.270, 1, 79641 MiB, 0 %, 125.50 W, 1980 MHz
2026/09/27 18:43:41.270, 2, 79641 MiB, 0 %, 124.41 W, 1980 MHz
2026/09/27 18:43:41.271, 3, 79641 MiB, 0 %, 121.89 W, 1980 MHz
2026/09/27 18:43:41.272, 4, 79641 MiB, 0 %, 121.52 W, 1980 MHz
2026/09/27 18:43:41.272, 5, 79641 MiB, 0 %, 121.71 W, 1980 MHz
2026/09/27 18:43:41.273, 6, 79641 MiB, 0 %, 123.91 W, 1980 MHz
2026/09/27 18:43:41.274, 7, 79641 MiB, 0 %, 119.39 W, 1980 MHz
2026/09/27 18:43:42.275, 0, 79641 MiB, 0 %, 175.56 W, 1980 MHz
2026/09/27 18:43:42.276, 1, 79641 MiB, 0 %, 125.39 W, 1980 MHz
2026/09/27 18:43:42.277, 2, 79641 MiB, 0 %, 124.35 W, 1980 MHz
2026/09/27 18:43:42.277, 3, 79641 MiB, 0 %, 121.86 W, 1980 MHz
2026/09/27 18:43:42.278, 4, 79641 MiB, 0 %, 121.44 W, 1980 MHz
2026/09/27 18:43:42.278, 5, 79641 MiB, 0 %, 121.52 W, 1980 MHz
2026/09/27 18:43:42.279, 6, 79641 MiB, 0 %, 123.81 W, 1980 MHz
2026/09/27 18:43:42.280, 7, 79641 MiB, 0 %, 119.32 W, 1980 MHz
2026/09/27 18:43:43.280, 0, 79641 MiB, 0 %, 175.38 W, 1980 MHz
2026/09/27 18:43:43.281, 1, 79641 MiB, 0 %, 125.24 W, 1980 MHz
2026/09/27 18:43:43.282, 2, 79641 MiB, 0 %, 124.22 W, 1980 MHz
2026/09/27 18:43:43.283, 3, 79641 MiB, 0 %, 121.82 W, 1980 MHz
2026/09/27 18:43:43.283, 4, 79641 MiB, 0 %, 121.40 W, 1980 MHz
2026/09/27 18:43:43.284, 5, 79641 MiB, 0 %, 121.45 W, 1980 MHz
2026/09/27 18:43:43.285, 6, 79641 MiB, 0 %, 123.73 W, 1980 MHz
2026/09/27 18:43:43.285, 7, 79641 MiB, 0 %, 119.32 W, 1980 MHz
2026/09/27 18:43:44.286, 0, 79641 MiB, 0 %, 175.26 W, 1980 MHz
2026/09/27 18:43:44.287, 1, 79641 MiB, 0 %, 125.09 W, 1980 MHz
2026/09/27 18:43:44.288, 2, 79641 MiB, 0 %, 124.13 W, 1980 MHz
2026/09/27 18:43:44.288, 3, 79641 MiB, 0 %, 121.82 W, 1980 MHz
2026/09/27 18:43:44.289, 4, 79641 MiB, 0 %, 121.29 W, 1980 MHz
2026/09/27 18:43:44.290, 5, 79641 MiB, 0 %, 121.31 W, 1980 MHz
2026/09/27 18:43:44.291, 6, 79641 MiB, 0 %, 123.55 W, 1980 MHz
2026/09/27 18:43:44.291, 7, 79641 MiB, 0 %, 119.20 W, 1980 MHz
2026/09/27 18:43:45.292, 0, 79641 MiB, 0 %, 175.14 W, 1980 MHz
2026/09/27 18:43:45.293, 1, 79641 MiB, 0 %, 124.97 W, 1980 MHz
2026/09/27 18:43:45.294, 2, 79641 MiB, 0 %, 124.05 W, 1980 MHz
2026/09/27 18:43:45.295, 3, 79641 MiB, 0 %, 121.68 W, 1980 MHz
2026/09/27 18:43:45.296, 4, 79641 MiB, 0 %, 121.28 W, 1980 MHz
2026/09/27 18:43:45.296, 5, 79641 MiB, 0 %, 121.18 W, 1980 MHz
2026/09/27 18:43:45.297, 6, 79641 MiB, 0 %, 123.37 W, 1980 MHz
2026/09/27 18:43:45.298, 7, 79641 MiB, 0 %, 119.14 W, 1980 MHz
2026/09/27 18:43:46.298, 0, 79641 MiB, 0 %, 175.08 W, 1980 MHz
2026/09/27 18:43:46.299, 1, 79641 MiB, 0 %, 124.82 W, 1980 MHz
2026/09/27 18:43:46.300, 2, 79641 MiB, 0 %, 123.89 W, 1980 MHz
2026/09/27 18:43:46.301, 3, 79641 MiB, 0 %, 121.61 W, 1980 MHz
2026/09/27 18:43:46.301, 4, 79641 MiB, 0 %, 121.17 W, 1980 MHz
2026/09/27 18:43:46.302, 5, 79641 MiB, 0 %, 121.11 W, 1980 MHz
2026/09/27 18:43:46.303, 6, 79641 MiB, 0 %, 123.31 W, 1980 MHz
2026/09/27 18:43:46.303, 7, 79641 MiB, 0 %, 118.96 W, 1980 MHz
2026/09/27 18:43:47.304, 0, 79641 MiB, 0 %, 174.89 W, 1980 MHz
2026/09/27 18:43:47.305, 1, 79641 MiB, 0 %, 124.80 W, 1980 MHz
2026/09/27 18:43:47.306, 2, 79641 MiB, 0 %, 123.76 W, 1980 MHz
2026/09/27 18:43:47.306, 3, 79641 MiB, 0 %, 121.49 W, 1980 MHz
2026/09/27 18:43:47.307, 4, 79641 MiB, 0 %, 121.11 W, 1980 MHz
2026/09/27 18:43:47.308, 5, 79641 MiB, 0 %, 121.11 W, 1980 MHz
2026/09/27 18:43:47.308, 6, 79641 MiB, 0 %, 123.22 W, 1980 MHz
2026/09/27 18:43:47.309, 7, 79641 MiB, 0 %, 118.93 W, 1980 MHz
2026/09/27 18:43:48.310, 0, 79641 MiB, 0 %, 174.78 W, 1980 MHz
2026/09/27 18:43:48.311, 1, 79641 MiB, 0 %, 124.68 W, 1980 MHz
2026/09/27 18:43:48.311, 2, 79641 MiB, 0 %, 123.67 W, 1980 MHz
2026/09/27 18:43:48.312, 3, 79641 MiB, 0 %, 121.45 W, 1980 MHz
2026/09/27 18:43:48.313, 4, 79641 MiB, 0 %, 120.96 W, 1980 MHz
2026/09/27 18:43:48.313, 5, 79641 MiB, 0 %, 120.93 W, 1980 MHz
2026/09/27 18:43:48.314, 6, 79641 MiB, 0 %, 123.15 W, 1980 MHz
2026/09/27 18:43:48.315, 7, 79641 MiB, 0 %, 118.86 W, 1980 MHz
2026/09/27 18:43:49.315, 0, 79641 MiB, 0 %, 174.66 W, 1980 MHz
2026/09/27 18:43:49.316, 1, 79641 MiB, 0 %, 124.58 W, 1980 MHz
2026/09/27 18:43:49.317, 2, 79641 MiB, 0 %, 123.63 W, 1980 MHz
2026/09/27 18:43:49.318, 3, 79641 MiB, 0 %, 121.41 W, 1980 MHz
2026/09/27 18:43:49.318, 4, 79641 MiB, 0 %, 120.96 W, 1980 MHz
2026/09/27 18:43:49.319, 5, 79641 MiB, 0 %, 120.87 W, 1980 MHz
2026/09/27 18:43:49.320, 6, 79641 MiB, 0 %, 123.00 W, 1980 MHz
2026/09/27 18:43:49.320, 7, 79641 MiB, 0 %, 118.82 W, 1980 MHz
2026/09/27 18:43:50.321, 0, 79641 MiB, 0 %, 174.57 W, 1980 MHz
2026/09/27 18:43:50.322, 1, 79641 MiB, 0 %, 124.49 W, 1980 MHz
2026/09/27 18:43:50.323, 2, 79641 MiB, 0 %, 123.51 W, 1980 MHz
2026/09/27 18:43:50.324, 3, 79641 MiB, 0 %, 121.39 W, 1980 MHz
2026/09/27 18:43:50.325, 4, 79641 MiB, 0 %, 120.86 W, 1980 MHz
2026/09/27 18:43:50.325, 5, 79641 MiB, 0 %, 120.77 W, 1980 MHz
2026/09/27 18:43:50.326, 6, 79641 MiB, 0 %, 122.86 W, 1980 MHz
2026/09/27 18:43:50.327, 7, 79641 MiB, 0 %, 118.74 W, 1980 MHz
2026/09/27 18:43:51.327, 0, 79641 MiB, 0 %, 174.46 W, 1980 MHz
2026/09/27 18:43:51.328, 1, 79641 MiB, 0 %, 124.31 W, 1980 MHz
2026/09/27 18:43:51.329, 2, 79641 MiB, 0 %, 123.37 W, 1980 MHz
2026/09/27 18:43:51.330, 3, 79641 MiB, 0 %, 121.35 W, 1980 MHz
2026/09/27 18:43:51.330, 4, 79641 MiB, 0 %, 120.83 W, 1980 MHz
2026/09/27 18:43:51.331, 5, 79641 MiB, 0 %, 120.68 W, 1980 MHz
2026/09/27 18:43:51.332, 6, 79641 MiB, 0 %, 122.80 W, 1980 MHz
2026/09/27 18:43:51.332, 7, 79641 MiB, 0 %, 118.70 W, 1980 MHz
2026/09/27 18:43:52.333, 0, 79641 MiB, 0 %, 174.39 W, 1980 MHz
2026/09/27 18:43:52.334, 1, 79641 MiB, 0 %, 124.28 W, 1980 MHz
2026/09/27 18:43:52.335, 2, 79641 MiB, 0 %, 123.36 W, 1980 MHz
2026/09/27 18:43:52.336, 3, 79641 MiB, 0 %, 121.23 W, 1980 MHz
2026/09/27 18:43:52.336, 4, 79641 MiB, 0 %, 120.77 W, 1980 MHz
2026/09/27 18:43:52.337, 5, 79641 MiB, 0 %, 120.66 W, 1980 MHz
2026/09/27 18:43:52.338, 6, 79641 MiB, 0 %, 122.72 W, 1980 MHz
2026/09/27 18:43:52.338, 7, 79641 MiB, 0 %, 118.55 W, 1980 MHz
2026/09/27 18:43:53.339, 0, 79641 MiB, 0 %, 174.26 W, 1980 MHz
2026/09/27 18:43:53.340, 1, 79641 MiB, 0 %, 124.18 W, 1980 MHz
2026/09/27 18:43:53.341, 2, 79641 MiB, 0 %, 123.16 W, 1980 MHz
2026/09/27 18:43:53.341, 3, 79641 MiB, 0 %, 121.18 W, 1980 MHz
2026/09/27 18:43:53.342, 4, 79641 MiB, 0 %, 120.72 W, 1980 MHz
2026/09/27 18:43:53.343, 5, 79641 MiB, 0 %, 120.53 W, 1980 MHz
2026/09/27 18:43:53.344, 6, 79641 MiB, 0 %, 122.67 W, 1980 MHz
2026/09/27 18:43:53.344, 7, 79641 MiB, 0 %, 118.52 W, 1980 MHz
2026/09/27 18:43:54.345, 0, 79641 MiB, 0 %, 174.18 W, 1980 MHz
2026/09/27 18:43:54.346, 1, 79641 MiB, 0 %, 124.12 W, 1980 MHz
2026/09/27 18:43:54.347, 2, 79641 MiB, 0 %, 123.09 W, 1980 MHz
2026/09/27 18:43:54.347, 3, 79641 MiB, 0 %, 120.63 W, 1980 MHz
2026/09/27 18:43:54.348, 4, 79641 MiB, 0 %, 120.62 W, 1980 MHz
2026/09/27 18:43:54.349, 5, 79641 MiB, 0 %, 120.47 W, 1980 MHz
2026/09/27 18:43:54.350, 6, 79641 MiB, 0 %, 122.61 W, 1980 MHz
2026/09/27 18:43:54.350, 7, 79641 MiB, 0 %, 118.54 W, 1980 MHz
2026/09/27 18:43:55.351, 0, 79641 MiB, 0 %, 174.07 W, 1980 MHz
2026/09/27 18:43:55.352, 1, 79641 MiB, 0 %, 124.09 W, 1980 MHz
2026/09/27 18:43:55.353, 2, 79641 MiB, 0 %, 122.99 W, 1980 MHz
2026/09/27 18:43:55.354, 3, 79641 MiB, 0 %, 120.49 W, 1980 MHz
2026/09/27 18:43:55.354, 4, 79641 MiB, 0 %, 120.59 W, 1980 MHz
2026/09/27 18:43:55.355, 5, 79641 MiB, 0 %, 120.26 W, 1980 MHz
2026/09/27 18:43:55.356, 6, 79641 MiB, 0 %, 122.54 W, 1980 MHz
2026/09/27 18:43:55.356, 7, 79641 MiB, 0 %, 118.46 W, 1980 MHz
2026/09/27 18:43:56.357, 0, 79641 MiB, 0 %, 173.96 W, 1980 MHz
2026/09/27 18:43:56.358, 1, 79641 MiB, 0 %, 123.94 W, 1980 MHz
2026/09/27 18:43:56.359, 2, 79641 MiB, 0 %, 122.99 W, 1980 MHz
2026/09/27 18:43:56.360, 3, 79641 MiB, 0 %, 120.49 W, 1980 MHz
2026/09/27 18:43:56.360, 4, 79641 MiB, 0 %, 120.51 W, 1980 MHz
2026/09/27 18:43:56.361, 5, 79641 MiB, 0 %, 120.33 W, 1980 MHz
2026/09/27 18:43:56.362, 6, 79641 MiB, 0 %, 122.51 W, 1980 MHz
2026/09/27 18:43:56.362, 7, 79641 MiB, 0 %, 118.25 W, 1980 MHz
2026/09/27 18:43:57.363, 0, 79641 MiB, 0 %, 173.92 W, 1980 MHz
2026/09/27 18:43:57.364, 1, 79641 MiB, 0 %, 123.83 W, 1980 MHz
2026/09/27 18:43:57.366, 2, 79641 MiB, 0 %, 122.87 W, 1980 MHz
2026/09/27 18:43:57.367, 3, 79641 MiB, 0 %, 120.39 W, 1980 MHz
2026/09/27 18:43:57.369, 4, 79641 MiB, 0 %, 120.52 W, 1980 MHz
2026/09/27 18:43:57.370, 5, 79641 MiB, 0 %, 120.27 W, 1980 MHz
2026/09/27 18:43:57.371, 6, 79641 MiB, 0 %, 122.37 W, 1980 MHz
2026/09/27 18:43:57.372, 7, 79641 MiB, 0 %, 117.29 W, 1980 MHz
2026/09/27 18:43:58.374, 0, 79641 MiB, 0 %, 173.83 W, 1980 MHz
2026/09/27 18:43:58.375, 1, 79641 MiB, 0 %, 123.80 W, 1980 MHz
2026/09/27 18:43:58.375, 2, 79641 MiB, 0 %, 122.84 W, 1980 MHz
2026/09/27 18:43:58.376, 3, 79641 MiB, 0 %, 120.37 W, 1980 MHz
2026/09/27 18:43:58.377, 4, 79641 MiB, 0 %, 120.43 W, 1980 MHz
2026/09/27 18:43:58.378, 5, 79641 MiB, 0 %, 120.16 W, 1980 MHz
2026/09/27 18:43:58.378, 6, 79641 MiB, 0 %, 122.35 W, 1980 MHz
2026/09/27 18:43:58.379, 7, 79641 MiB, 0 %, 117.24 W, 1980 MHz
2026/09/27 18:43:59.379, 0, 79641 MiB, 0 %, 173.74 W, 1980 MHz
2026/09/27 18:43:59.382, 1, 79641 MiB, 0 %, 123.74 W, 1980 MHz
2026/09/27 18:43:59.383, 2, 79641 MiB, 0 %, 122.40 W, 1980 MHz
2026/09/27 18:43:59.384, 3, 79641 MiB, 0 %, 120.33 W, 1980 MHz
2026/09/27 18:43:59.385, 4, 79641 MiB, 0 %, 120.42 W, 1980 MHz
2026/09/27 18:43:59.386, 5, 79641 MiB, 0 %, 120.16 W, 1980 MHz
2026/09/27 18:43:59.387, 6, 79641 MiB, 0 %, 122.22 W, 1980 MHz
2026/09/27 18:43:59.389, 7, 79641 MiB, 0 %, 117.12 W, 1980 MHz
2026/09/27 18:44:00.390, 0, 79641 MiB, 0 %, 173.73 W, 1980 MHz
2026/09/27 18:44:00.391, 1, 79641 MiB, 0 %, 123.74 W, 1980 MHz
2026/09/27 18:44:00.392, 2, 79641 MiB, 0 %, 121.93 W, 1980 MHz
2026/09/27 18:44:00.392, 3, 79641 MiB, 0 %, 120.31 W, 1980 MHz
2026/09/27 18:44:00.393, 4, 79641 MiB, 0 %, 120.35 W, 1980 MHz
2026/09/27 18:44:00.394, 5, 79641 MiB, 0 %, 120.05 W, 1980 MHz
2026/09/27 18:44:00.394, 6, 79641 MiB, 0 %, 122.23 W, 1980 MHz
2026/09/27 18:44:00.395, 7, 79641 MiB, 0 %, 117.10 W, 1980 MHz
2026/09/27 18:44:01.396, 0, 79641 MiB, 0 %, 173.60 W, 1980 MHz
2026/09/27 18:44:01.396, 1, 79641 MiB, 0 %, 123.62 W, 1980 MHz
2026/09/27 18:44:01.397, 2, 79641 MiB, 0 %, 121.61 W, 1980 MHz
2026/09/27 18:44:01.398, 3, 79641 MiB, 0 %, 120.24 W, 1980 MHz
2026/09/27 18:44:01.399, 4, 79641 MiB, 0 %, 120.29 W, 1980 MHz
2026/09/27 18:44:01.399, 5, 79641 MiB, 0 %, 119.95 W, 1980 MHz
2026/09/27 18:44:01.400, 6, 79641 MiB, 0 %, 122.17 W, 1980 MHz
2026/09/27 18:44:01.401, 7, 79641 MiB, 0 %, 117.12 W, 1980 MHz
2026/09/27 18:44:02.401, 0, 79641 MiB, 0 %, 173.53 W, 1980 MHz
2026/09/27 18:44:02.402, 1, 79641 MiB, 0 %, 123.59 W, 1980 MHz
2026/09/27 18:44:02.403, 2, 79641 MiB, 0 %, 121.54 W, 1980 MHz
2026/09/27 18:44:02.403, 3, 79641 MiB, 0 %, 120.27 W, 1980 MHz
2026/09/27 18:44:02.404, 4, 79641 MiB, 0 %, 120.22 W, 1980 MHz
2026/09/27 18:44:02.405, 5, 79641 MiB, 0 %, 119.90 W, 1980 MHz
2026/09/27 18:44:02.405, 6, 79641 MiB, 0 %, 122.13 W, 1980 MHz
2026/09/27 18:44:02.406, 7, 79641 MiB, 0 %, 117.06 W, 1980 MHz
2026/09/27 18:44:03.407, 0, 79641 MiB, 0 %, 173.43 W, 1980 MHz
2026/09/27 18:44:03.408, 1, 79641 MiB, 0 %, 123.52 W, 1980 MHz
2026/09/27 18:44:03.408, 2, 79641 MiB, 0 %, 121.43 W, 1980 MHz
2026/09/27 18:44:03.409, 3, 79641 MiB, 0 %, 120.19 W, 1980 MHz
2026/09/27 18:44:03.410, 4, 79641 MiB, 0 %, 120.24 W, 1980 MHz
2026/09/27 18:44:03.410, 5, 79641 MiB, 0 %, 119.91 W, 1980 MHz
2026/09/27 18:44:03.411, 6, 79641 MiB, 0 %, 121.99 W, 1980 MHz
2026/09/27 18:44:03.412, 7, 79641 MiB, 0 %, 117.00 W, 1980 MHz
2026/09/27 18:44:04.412, 0, 79641 MiB, 0 %, 173.46 W, 1980 MHz
2026/09/27 18:44:04.413, 1, 79641 MiB, 0 %, 123.42 W, 1980 MHz
2026/09/27 18:44:04.414, 2, 79641 MiB, 0 %, 121.49 W, 1980 MHz
2026/09/27 18:44:04.414, 3, 79641 MiB, 0 %, 120.15 W, 1980 MHz
2026/09/27 18:44:04.415, 4, 79641 MiB, 0 %, 120.22 W, 1980 MHz
2026/09/27 18:44:04.416, 5, 79641 MiB, 0 %, 119.78 W, 1980 MHz
2026/09/27 18:44:04.416, 6, 79641 MiB, 0 %, 121.92 W, 1980 MHz
2026/09/27 18:44:04.417, 7, 79641 MiB, 0 %, 116.90 W, 1980 MHz
2026/09/27 18:44:05.418, 0, 79641 MiB, 0 %, 173.41 W, 1980 MHz
2026/09/27 18:44:05.419, 1, 79641 MiB, 0 %, 123.36 W, 1980 MHz
2026/09/27 18:44:05.419, 2, 79641 MiB, 0 %, 121.37 W, 1980 MHz
2026/09/27 18:44:05.420, 3, 79641 MiB, 0 %, 120.08 W, 1980 MHz
2026/09/27 18:44:05.421, 4, 79641 MiB, 0 %, 120.15 W, 1980 MHz
2026/09/27 18:44:05.421, 5, 79641 MiB, 0 %, 119.79 W, 1980 MHz
2026/09/27 18:44:05.422, 6, 79641 MiB, 0 %, 121.84 W, 1980 MHz
2026/09/27 18:44:05.423, 7, 79641 MiB, 0 %, 116.88 W, 1980 MHz
2026/09/27 18:44:06.423, 0, 79641 MiB, 0 %, 173.27 W, 1980 MHz
2026/09/27 18:44:06.424, 1, 79641 MiB, 0 %, 123.38 W, 1980 MHz
2026/09/27 18:44:06.425, 2, 79641 MiB, 0 %, 121.26 W, 1980 MHz
2026/09/27 18:44:06.426, 3, 79641 MiB, 0 %, 120.10 W, 1980 MHz
2026/09/27 18:44:06.426, 4, 79641 MiB, 0 %, 120.12 W, 1980 MHz
2026/09/27 18:44:06.427, 5, 79641 MiB, 0 %, 119.71 W, 1980 MHz
2026/09/27 18:44:06.428, 6, 79641 MiB, 0 %, 121.83 W, 1980 MHz
2026/09/27 18:44:06.428, 7, 79641 MiB, 0 %, 116.85 W, 1980 MHz
2026/09/27 18:44:07.429, 0, 79641 MiB, 0 %, 173.23 W, 1980 MHz
2026/09/27 18:44:07.430, 1, 79641 MiB, 0 %, 123.32 W, 1980 MHz
2026/09/27 18:44:07.431, 2, 79641 MiB, 0 %, 121.18 W, 1980 MHz
2026/09/27 18:44:07.431, 3, 79641 MiB, 0 %, 120.09 W, 1980 MHz
2026/09/27 18:44:07.432, 4, 79641 MiB, 0 %, 120.06 W, 1980 MHz
2026/09/27 18:44:07.433, 5, 79641 MiB, 0 %, 119.68 W, 1980 MHz
2026/09/27 18:44:07.433, 6, 79641 MiB, 0 %, 121.76 W, 1980 MHz
2026/09/27 18:44:07.434, 7, 79641 MiB, 0 %, 116.84 W, 1980 MHz
2026/09/27 18:44:08.434, 0, 79641 MiB, 66 %, 208.10 W, 1980 MHz
2026/09/27 18:44:08.435, 1, 79641 MiB, 24 %, 149.99 W, 1980 MHz
2026/09/27 18:44:08.436, 2, 79641 MiB, 0 %, 164.59 W, 1980 MHz
2026/09/27 18:44:08.437, 3, 79641 MiB, 0 %, 157.84 W, 1980 MHz
2026/09/27 18:44:08.437, 4, 79641 MiB, 47 %, 143.79 W, 1980 MHz
2026/09/27 18:44:08.438, 5, 79641 MiB, 90 %, 175.75 W, 1980 MHz
2026/09/27 18:44:08.439, 6, 79641 MiB, 55 %, 170.30 W, 1980 MHz
2026/09/27 18:44:08.439, 7, 79641 MiB, 0 %, 138.19 W, 1980 MHz
2026/09/27 18:44:09.440, 0, 79641 MiB, 100 %, 603.58 W, 1980 MHz
2026/09/27 18:44:09.441, 1, 79641 MiB, 100 %, 527.87 W, 1980 MHz
2026/09/27 18:44:09.442, 2, 79641 MiB, 100 %, 516.28 W, 1980 MHz
2026/09/27 18:44:09.442, 3, 79641 MiB, 100 %, 524.26 W, 1980 MHz
2026/09/27 18:44:09.443, 4, 79641 MiB, 100 %, 507.30 W, 1980 MHz
2026/09/27 18:44:09.443, 5, 79641 MiB, 100 %, 536.90 W, 1980 MHz
2026/09/27 18:44:09.444, 6, 79641 MiB, 100 %, 536.17 W, 1980 MHz
2026/09/27 18:44:09.445, 7, 79641 MiB, 100 %, 505.07 W, 1980 MHz
2026/09/27 18:44:10.445, 0, 79641 MiB, 100 %, 604.64 W, 1980 MHz
2026/09/27 18:44:10.446, 1, 79641 MiB, 100 %, 541.89 W, 1980 MHz
2026/09/27 18:44:10.447, 2, 79641 MiB, 100 %, 531.07 W, 1980 MHz
2026/09/27 18:44:10.448, 3, 79641 MiB, 100 %, 526.53 W, 1980 MHz
2026/09/27 18:44:10.448, 4, 79641 MiB, 100 %, 520.65 W, 1980 MHz
2026/09/27 18:44:10.449, 5, 79641 MiB, 100 %, 549.42 W, 1980 MHz
2026/09/27 18:44:10.450, 6, 79641 MiB, 100 %, 535.14 W, 1980 MHz
2026/09/27 18:44:10.450, 7, 79641 MiB, 100 %, 526.69 W, 1980 MHz
2026/09/27 18:44:11.451, 0, 79641 MiB, 100 %, 611.03 W, 1980 MHz
2026/09/27 18:44:11.452, 1, 79641 MiB, 100 %, 535.43 W, 1980 MHz
2026/09/27 18:44:11.453, 2, 79641 MiB, 100 %, 522.76 W, 1980 MHz
2026/09/27 18:44:11.453, 3, 79641 MiB, 100 %, 529.99 W, 1980 MHz
2026/09/27 18:44:11.454, 4, 79641 MiB, 100 %, 529.59 W, 1980 MHz
2026/09/27 18:44:11.455, 5, 79641 MiB, 100 %, 547.96 W, 1980 MHz
2026/09/27 18:44:11.455, 6, 79641 MiB, 100 %, 543.66 W, 1980 MHz
2026/09/27 18:44:11.456, 7, 79641 MiB, 100 %, 521.98 W, 1980 MHz
2026/09/27 18:44:12.457, 0, 79641 MiB, 100 %, 628.98 W, 1980 MHz
2026/09/27 18:44:12.458, 1, 79641 MiB, 100 %, 560.18 W, 1980 MHz
2026/09/27 18:44:12.458, 2, 79641 MiB, 100 %, 544.61 W, 1980 MHz
2026/09/27 18:44:12.459, 3, 79641 MiB, 100 %, 548.00 W, 1980 MHz
2026/09/27 18:44:12.460, 4, 79641 MiB, 100 %, 538.26 W, 1980 MHz
2026/09/27 18:44:12.460, 5, 79641 MiB, 100 %, 565.57 W, 1980 MHz
2026/09/27 18:44:12.461, 6, 79641 MiB, 100 %, 561.51 W, 1980 MHz
2026/09/27 18:44:12.462, 7, 79641 MiB, 100 %, 534.48 W, 1980 MHz
2026/09/27 18:44:13.463, 0, 79641 MiB, 100 %, 630.22 W, 1980 MHz
2026/09/27 18:44:13.463, 1, 79641 MiB, 100 %, 566.76 W, 1980 MHz
2026/09/27 18:44:13.464, 2, 79641 MiB, 100 %, 556.23 W, 1980 MHz
2026/09/27 18:44:13.465, 3, 79641 MiB, 100 %, 553.53 W, 1980 MHz
2026/09/27 18:44:13.465, 4, 79641 MiB, 100 %, 546.52 W, 1980 MHz
2026/09/27 18:44:13.466, 5, 79641 MiB, 100 %, 563.41 W, 1980 MHz
2026/09/27 18:44:13.467, 6, 79641 MiB, 100 %, 564.50 W, 1980 MHz
2026/09/27 18:44:13.467, 7, 79641 MiB, 100 %, 553.27 W, 1980 MHz
2026/09/27 18:44:14.468, 0, 79641 MiB, 100 %, 602.47 W, 1920 MHz
2026/09/27 18:44:14.469, 1, 79641 MiB, 100 %, 565.47 W, 1980 MHz
2026/09/27 18:44:14.470, 2, 79641 MiB, 100 %, 549.47 W, 1980 MHz
2026/09/27 18:44:14.470, 3, 79641 MiB, 100 %, 548.28 W, 1980 MHz
2026/09/27 18:44:14.471, 4, 79641 MiB, 100 %, 542.64 W, 1980 MHz
2026/09/27 18:44:14.472, 5, 79641 MiB, 100 %, 563.58 W, 1980 MHz
2026/09/27 18:44:14.472, 6, 79641 MiB, 100 %, 563.73 W, 1980 MHz
2026/09/27 18:44:14.473, 7, 79641 MiB, 100 %, 550.98 W, 1980 MHz
2026/09/27 18:44:15.474, 0, 79641 MiB, 100 %, 608.76 W, 1935 MHz
2026/09/27 18:44:15.475, 1, 79641 MiB, 100 %, 564.51 W, 1980 MHz
2026/09/27 18:44:15.475, 2, 79641 MiB, 100 %, 562.15 W, 1965 MHz
2026/09/27 18:44:15.476, 3, 79641 MiB, 100 %, 552.57 W, 1980 MHz
2026/09/27 18:44:15.476, 4, 79641 MiB, 100 %, 552.63 W, 1980 MHz
2026/09/27 18:44:15.477, 5, 79641 MiB, 100 %, 570.60 W, 1980 MHz
2026/09/27 18:44:15.478, 6, 79641 MiB, 100 %, 578.22 W, 1980 MHz
2026/09/27 18:44:15.478, 7, 79641 MiB, 100 %, 561.99 W, 1980 MHz
2026/09/27 18:44:16.479, 0, 79641 MiB, 100 %, 577.95 W, 1740 MHz
2026/09/27 18:44:16.480, 1, 79641 MiB, 100 %, 567.74 W, 1980 MHz
2026/09/27 18:44:16.481, 2, 79641 MiB, 100 %, 563.20 W, 1980 MHz
2026/09/27 18:44:16.481, 3, 79641 MiB, 100 %, 566.41 W, 1980 MHz
2026/09/27 18:44:16.482, 4, 79641 MiB, 100 %, 550.07 W, 1980 MHz
2026/09/27 18:44:16.483, 5, 79641 MiB, 100 %, 561.43 W, 1980 MHz
2026/09/27 18:44:16.483, 6, 79641 MiB, 100 %, 563.32 W, 1980 MHz
2026/09/27 18:44:16.484, 7, 79641 MiB, 100 %, 558.61 W, 1980 MHz
2026/09/27 18:44:17.485, 0, 79641 MiB, 100 %, 569.94 W, 1770 MHz
2026/09/27 18:44:17.485, 1, 79641 MiB, 100 %, 559.97 W, 1980 MHz
2026/09/27 18:44:17.486, 2, 79641 MiB, 100 %, 557.22 W, 1980 MHz
2026/09/27 18:44:17.487, 3, 79641 MiB, 100 %, 562.42 W, 1980 MHz
2026/09/27 18:44:17.487, 4, 79641 MiB, 100 %, 541.62 W, 1980 MHz
2026/09/27 18:44:17.488, 5, 79641 MiB, 100 %, 555.99 W, 1980 MHz
2026/09/27 18:44:17.489, 6, 79641 MiB, 100 %, 561.26 W, 1980 MHz
2026/09/27 18:44:17.489, 7, 79641 MiB, 100 %, 562.00 W, 1980 MHz
2026/09/27 18:44:18.490, 0, 79641 MiB, 100 %, 579.29 W, 1875 MHz
2026/09/27 18:44:18.491, 1, 79641 MiB, 100 %, 572.03 W, 1980 MHz
2026/09/27 18:44:18.491, 2, 79641 MiB, 100 %, 565.98 W, 1980 MHz
2026/09/27 18:44:18.492, 3, 79641 MiB, 100 %, 565.17 W, 1980 MHz
2026/09/27 18:44:18.493, 4, 79641 MiB, 100 %, 549.96 W, 1980 MHz
2026/09/27 18:44:18.494, 5, 79641 MiB, 100 %, 563.49 W, 1980 MHz
2026/09/27 18:44:18.494, 6, 79641 MiB, 100 %, 560.97 W, 1980 MHz
2026/09/27 18:44:18.495, 7, 79641 MiB, 100 %, 561.93 W, 1980 MHz
2026/09/27 18:44:19.496, 0, 79641 MiB, 100 %, 594.25 W, 1905 MHz
2026/09/27 18:44:19.496, 1, 79641 MiB, 100 %, 553.85 W, 1980 MHz
2026/09/27 18:44:19.497, 2, 79641 MiB, 100 %, 564.24 W, 1980 MHz
2026/09/27 18:44:19.497, 3, 79641 MiB, 100 %, 566.42 W, 1980 MHz
2026/09/27 18:44:19.498, 4, 79641 MiB, 100 %, 546.79 W, 1980 MHz
2026/09/27 18:44:19.499, 5, 79641 MiB, 100 %, 559.53 W, 1980 MHz
2026/09/27 18:44:19.500, 6, 79641 MiB, 100 %, 566.92 W, 1980 MHz
2026/09/27 18:44:19.500, 7, 79641 MiB, 100 %, 557.92 W, 1980 MHz
2026/09/27 18:44:20.501, 0, 79641 MiB, 100 %, 606.47 W, 1740 MHz
2026/09/27 18:44:20.502, 1, 79641 MiB, 100 %, 565.16 W, 1980 MHz
2026/09/27 18:44:20.502, 2, 79641 MiB, 100 %, 558.34 W, 1980 MHz
2026/09/27 18:44:20.503, 3, 79641 MiB, 100 %, 576.41 W, 1980 MHz
2026/09/27 18:44:20.504, 4, 79641 MiB, 100 %, 544.91 W, 1980 MHz
2026/09/27 18:44:20.504, 5, 79641 MiB, 100 %, 555.98 W, 1980 MHz
2026/09/27 18:44:20.505, 6, 79641 MiB, 100 %, 567.83 W, 1980 MHz
2026/09/27 18:44:20.506, 7, 79641 MiB, 100 %, 561.27 W, 1980 MHz
2026/09/27 18:44:21.506, 0, 79641 MiB, 100 %, 559.26 W, 1800 MHz
2026/09/27 18:44:21.507, 1, 79641 MiB, 100 %, 551.01 W, 1980 MHz
2026/09/27 18:44:21.508, 2, 79641 MiB, 100 %, 549.75 W, 1980 MHz
2026/09/27 18:44:21.509, 3, 79641 MiB, 100 %, 557.38 W, 1980 MHz
2026/09/27 18:44:21.509, 4, 79641 MiB, 100 %, 537.02 W, 1980 MHz
2026/09/27 18:44:21.510, 5, 79641 MiB, 100 %, 551.72 W, 1980 MHz
2026/09/27 18:44:21.511, 6, 79641 MiB, 100 %, 553.71 W, 1980 MHz
2026/09/27 18:44:21.511, 7, 79641 MiB, 100 %, 540.60 W, 1980 MHz
2026/09/27 18:44:22.512, 0, 79641 MiB, 100 %, 570.76 W, 1935 MHz
2026/09/27 18:44:22.513, 1, 79641 MiB, 100 %, 549.66 W, 1980 MHz
2026/09/27 18:44:22.514, 2, 79641 MiB, 100 %, 539.80 W, 1980 MHz
2026/09/27 18:44:22.515, 3, 79641 MiB, 100 %, 551.32 W, 1980 MHz
2026/09/27 18:44:22.515, 4, 79641 MiB, 100 %, 535.41 W, 1980 MHz
2026/09/27 18:44:22.516, 5, 79641 MiB, 100 %, 549.99 W, 1980 MHz
2026/09/27 18:44:22.516, 6, 79641 MiB, 100 %, 558.69 W, 1980 MHz
2026/09/27 18:44:22.517, 7, 79641 MiB, 100 %, 545.52 W, 1980 MHz
2026/09/27 18:44:23.518, 0, 79641 MiB, 100 %, 581.29 W, 1785 MHz
2026/09/27 18:44:23.519, 1, 79641 MiB, 100 %, 552.90 W, 1980 MHz
2026/09/27 18:44:23.519, 2, 79641 MiB, 100 %, 553.42 W, 1980 MHz
2026/09/27 18:44:23.520, 3, 79641 MiB, 100 %, 549.27 W, 1980 MHz
2026/09/27 18:44:23.521, 4, 79641 MiB, 100 %, 531.53 W, 1980 MHz
2026/09/27 18:44:23.521, 5, 79641 MiB, 100 %, 542.08 W, 1980 MHz
2026/09/27 18:44:23.522, 6, 79641 MiB, 100 %, 546.83 W, 1980 MHz
2026/09/27 18:44:23.522, 7, 79641 MiB, 100 %, 541.69 W, 1980 MHz
2026/09/27 18:44:24.523, 0, 79641 MiB, 100 %, 540.36 W, 1530 MHz
2026/09/27 18:44:24.524, 1, 79641 MiB, 100 %, 567.79 W, 1980 MHz
2026/09/27 18:44:24.525, 2, 79641 MiB, 100 %, 560.57 W, 1965 MHz
2026/09/27 18:44:24.525, 3, 79641 MiB, 100 %, 571.76 W, 1980 MHz
2026/09/27 18:44:24.526, 4, 79641 MiB, 100 %, 553.33 W, 1980 MHz
2026/09/27 18:44:24.527, 5, 79641 MiB, 100 %, 564.99 W, 1980 MHz
2026/09/27 18:44:24.527, 6, 79641 MiB, 100 %, 579.32 W, 1965 MHz
2026/09/27 18:44:24.528, 7, 79641 MiB, 100 %, 562.46 W, 1980 MHz
2026/09/27 18:44:25.528, 0, 79641 MiB, 100 %, 508.86 W, 1725 MHz
2026/09/27 18:44:25.529, 1, 79641 MiB, 100 %, 543.57 W, 1980 MHz
2026/09/27 18:44:25.530, 2, 79641 MiB, 100 %, 531.31 W, 1980 MHz
2026/09/27 18:44:25.531, 3, 79641 MiB, 100 %, 526.97 W, 1980 MHz
2026/09/27 18:44:25.531, 4, 79641 MiB, 100 %, 517.15 W, 1980 MHz
2026/09/27 18:44:25.532, 5, 79641 MiB, 100 %, 539.99 W, 1980 MHz
2026/09/27 18:44:25.532, 6, 79641 MiB, 100 %, 529.13 W, 1980 MHz
2026/09/27 18:44:25.533, 7, 79641 MiB, 100 %, 522.52 W, 1980 MHz
2026/09/27 18:44:26.534, 0, 79641 MiB, 100 %, 523.41 W, 1725 MHz
2026/09/27 18:44:26.535, 1, 79641 MiB, 100 %, 522.16 W, 1980 MHz
2026/09/27 18:44:26.535, 2, 79641 MiB, 100 %, 525.32 W, 1980 MHz
2026/09/27 18:44:26.536, 3, 79641 MiB, 100 %, 525.74 W, 1980 MHz
2026/09/27 18:44:26.537, 4, 79641 MiB, 100 %, 514.57 W, 1980 MHz
2026/09/27 18:44:26.537, 5, 79641 MiB, 100 %, 537.79 W, 1980 MHz
2026/09/27 18:44:26.538, 6, 79641 MiB, 100 %, 536.43 W, 1980 MHz
2026/09/27 18:44:26.539, 7, 79641 MiB, 100 %, 515.19 W, 1980 MHz
2026/09/27 18:44:27.539, 0, 79641 MiB, 100 %, 533.16 W, 1800 MHz
2026/09/27 18:44:27.540, 1, 79641 MiB, 100 %, 535.62 W, 1980 MHz
2026/09/27 18:44:27.541, 2, 79641 MiB, 100 %, 530.72 W, 1980 MHz
2026/09/27 18:44:27.542, 3, 79641 MiB, 100 %, 528.14 W, 1980 MHz
2026/09/27 18:44:27.542, 4, 79641 MiB, 100 %, 526.15 W, 1980 MHz
2026/09/27 18:44:27.543, 5, 79641 MiB, 100 %, 539.52 W, 1980 MHz
2026/09/27 18:44:27.544, 6, 79641 MiB, 100 %, 553.21 W, 1980 MHz
2026/09/27 18:44:27.544, 7, 79641 MiB, 100 %, 529.75 W, 1980 MHz
2026/09/27 18:44:28.545, 0, 79641 MiB, 100 %, 544.37 W, 1740 MHz
2026/09/27 18:44:28.546, 1, 79641 MiB, 100 %, 548.57 W, 1980 MHz
2026/09/27 18:44:28.547, 2, 79641 MiB, 100 %, 541.35 W, 1980 MHz
2026/09/27 18:44:28.547, 3, 79641 MiB, 100 %, 549.05 W, 1980 MHz
2026/09/27 18:44:28.548, 4, 79641 MiB, 100 %, 533.59 W, 1980 MHz
2026/09/27 18:44:28.549, 5, 79641 MiB, 100 %, 555.59 W, 1980 MHz
2026/09/27 18:44:28.549, 6, 79641 MiB, 100 %, 553.02 W, 1980 MHz
2026/09/27 18:44:28.550, 7, 79641 MiB, 100 %, 541.17 W, 1980 MHz
2026/09/27 18:44:29.551, 0, 79641 MiB, 100 %, 555.93 W, 1890 MHz
2026/09/27 18:44:29.551, 1, 79641 MiB, 100 %, 558.93 W, 1980 MHz
2026/09/27 18:44:29.552, 2, 79641 MiB, 100 %, 554.30 W, 1980 MHz
2026/09/27 18:44:29.553, 3, 79641 MiB, 100 %, 554.96 W, 1980 MHz
2026/09/27 18:44:29.553, 4, 79641 MiB, 100 %, 537.45 W, 1980 MHz
2026/09/27 18:44:29.554, 5, 79641 MiB, 100 %, 549.89 W, 1980 MHz
2026/09/27 18:44:29.555, 6, 79641 MiB, 100 %, 561.72 W, 1980 MHz
2026/09/27 18:44:29.555, 7, 79641 MiB, 100 %, 541.17 W, 1980 MHz
2026/09/27 18:44:30.556, 0, 79641 MiB, 100 %, 553.65 W, 1740 MHz
2026/09/27 18:44:30.557, 1, 79641 MiB, 100 %, 553.05 W, 1980 MHz
2026/09/27 18:44:30.558, 2, 79641 MiB, 100 %, 554.88 W, 1980 MHz
2026/09/27 18:44:30.559, 3, 79641 MiB, 100 %, 553.23 W, 1980 MHz
2026/09/27 18:44:30.559, 4, 79641 MiB, 100 %, 536.24 W, 1980 MHz
2026/09/27 18:44:30.560, 5, 79641 MiB, 100 %, 551.02 W, 1980 MHz
2026/09/27 18:44:30.560, 6, 79641 MiB, 100 %, 561.39 W, 1980 MHz
2026/09/27 18:44:30.561, 7, 79641 MiB, 100 %, 546.08 W, 1980 MHz
2026/09/27 18:44:31.562, 0, 79641 MiB, 100 %, 525.06 W, 1785 MHz
2026/09/27 18:44:31.562, 1, 79641 MiB, 100 %, 545.65 W, 1980 MHz
2026/09/27 18:44:31.563, 2, 79641 MiB, 100 %, 539.45 W, 1980 MHz
2026/09/27 18:44:31.564, 3, 79641 MiB, 100 %, 546.30 W, 1980 MHz
2026/09/27 18:44:31.564, 4, 79641 MiB, 100 %, 534.87 W, 1980 MHz
2026/09/27 18:44:31.565, 5, 79641 MiB, 100 %, 552.49 W, 1980 MHz
2026/09/27 18:44:31.565, 6, 79641 MiB, 100 %, 552.56 W, 1980 MHz
2026/09/27 18:44:31.566, 7, 79641 MiB, 100 %, 535.16 W, 1980 MHz
2026/09/27 18:44:32.567, 0, 79641 MiB, 100 %, 534.82 W, 1500 MHz
2026/09/27 18:44:32.568, 1, 79641 MiB, 100 %, 562.56 W, 1980 MHz
2026/09/27 18:44:32.568, 2, 79641 MiB, 100 %, 561.38 W, 1980 MHz
2026/09/27 18:44:32.569, 3, 79641 MiB, 100 %, 561.33 W, 1980 MHz
2026/09/27 18:44:32.570, 4, 79641 MiB, 100 %, 538.30 W, 1980 MHz
2026/09/27 18:44:32.570, 5, 79641 MiB, 100 %, 559.76 W, 1980 MHz
2026/09/27 18:44:32.571, 6, 79641 MiB, 100 %, 561.78 W, 1980 MHz
2026/09/27 18:44:32.572, 7, 79641 MiB, 100 %, 549.47 W, 1980 MHz
2026/09/27 18:44:33.573, 0, 79641 MiB, 100 %, 557.05 W, 1680 MHz
2026/09/27 18:44:33.573, 1, 79641 MiB, 100 %, 561.59 W, 1980 MHz
2026/09/27 18:44:33.574, 2, 79641 MiB, 100 %, 565.41 W, 1980 MHz
2026/09/27 18:44:33.575, 3, 79641 MiB, 100 %, 561.59 W, 1980 MHz
2026/09/27 18:44:33.575, 4, 79641 MiB, 100 %, 548.96 W, 1980 MHz
2026/09/27 18:44:33.576, 5, 79641 MiB, 100 %, 559.32 W, 1980 MHz
2026/09/27 18:44:33.576, 6, 79641 MiB, 100 %, 565.58 W, 1980 MHz
2026/09/27 18:44:33.577, 7, 79641 MiB, 100 %, 554.25 W, 1980 MHz
2026/09/27 18:44:34.578, 0, 79641 MiB, 100 %, 568.49 W, 1725 MHz
2026/09/27 18:44:34.578, 1, 79641 MiB, 100 %, 565.03 W, 1980 MHz
2026/09/27 18:44:34.579, 2, 79641 MiB, 100 %, 559.91 W, 1980 MHz
2026/09/27 18:44:34.580, 3, 79641 MiB, 100 %, 564.41 W, 1980 MHz
2026/09/27 18:44:34.580, 4, 79641 MiB, 100 %, 551.80 W, 1980 MHz
2026/09/27 18:44:34.581, 5, 79641 MiB, 100 %, 548.47 W, 1980 MHz
2026/09/27 18:44:34.582, 6, 79641 MiB, 100 %, 565.91 W, 1980 MHz
2026/09/27 18:44:34.582, 7, 79641 MiB, 100 %, 562.54 W, 1980 MHz
2026/09/27 18:44:35.583, 0, 79641 MiB, 100 %, 588.82 W, 1920 MHz
2026/09/27 18:44:35.584, 1, 79641 MiB, 100 %, 564.66 W, 1980 MHz
2026/09/27 18:44:35.584, 2, 79641 MiB, 100 %, 559.12 W, 1980 MHz
2026/09/27 18:44:35.585, 3, 79641 MiB, 100 %, 572.20 W, 1980 MHz
2026/09/27 18:44:35.586, 4, 79641 MiB, 100 %, 552.03 W, 1980 MHz
2026/09/27 18:44:35.586, 5, 79641 MiB, 100 %, 559.94 W, 1980 MHz
2026/09/27 18:44:35.587, 6, 79641 MiB, 100 %, 584.33 W, 1980 MHz
2026/09/27 18:44:35.588, 7, 79641 MiB, 100 %, 566.89 W, 1980 MHz
2026/09/27 18:44:36.588, 0, 79641 MiB, 100 %, 576.15 W, 1905 MHz
2026/09/27 18:44:36.589, 1, 79641 MiB, 100 %, 569.42 W, 1980 MHz
2026/09/27 18:44:36.590, 2, 79641 MiB, 100 %, 564.98 W, 1980 MHz
2026/09/27 18:44:36.590, 3, 79641 MiB, 100 %, 565.04 W, 1980 MHz
2026/09/27 18:44:36.591, 4, 79641 MiB, 100 %, 549.66 W, 1980 MHz
2026/09/27 18:44:36.592, 5, 79641 MiB, 100 %, 556.96 W, 1980 MHz
2026/09/27 18:44:36.593, 6, 79641 MiB, 100 %, 565.62 W, 1980 MHz
2026/09/27 18:44:36.593, 7, 79641 MiB, 100 %, 561.15 W, 1980 MHz
2026/09/27 18:44:37.594, 0, 79641 MiB, 100 %, 542.22 W, 1770 MHz
2026/09/27 18:44:37.595, 1, 79641 MiB, 100 %, 553.83 W, 1980 MHz
2026/09/27 18:44:37.595, 2, 79641 MiB, 100 %, 549.18 W, 1980 MHz
2026/09/27 18:44:37.596, 3, 79641 MiB, 100 %, 549.60 W, 1980 MHz
2026/09/27 18:44:37.597, 4, 79641 MiB, 100 %, 537.63 W, 1980 MHz
2026/09/27 18:44:37.597, 5, 79641 MiB, 100 %, 542.73 W, 1980 MHz
2026/09/27 18:44:37.598, 6, 79641 MiB, 100 %, 555.52 W, 1980 MHz
2026/09/27 18:44:37.599, 7, 79641 MiB, 100 %, 541.16 W, 1980 MHz
2026/09/27 18:44:38.599, 0, 79641 MiB, 100 %, 541.53 W, 1770 MHz
2026/09/27 18:44:38.600, 1, 79641 MiB, 100 %, 549.96 W, 1980 MHz
2026/09/27 18:44:38.601, 2, 79641 MiB, 100 %, 538.62 W, 1980 MHz
2026/09/27 18:44:38.602, 3, 79641 MiB, 100 %, 548.76 W, 1980 MHz
2026/09/27 18:44:38.602, 4, 79641 MiB, 100 %, 536.31 W, 1980 MHz
2026/09/27 18:44:38.603, 5, 79641 MiB, 100 %, 539.02 W, 1980 MHz
2026/09/27 18:44:38.604, 6, 79641 MiB, 100 %, 549.25 W, 1980 MHz
2026/09/27 18:44:38.604, 7, 79641 MiB, 100 %, 543.92 W, 1980 MHz
2026/09/27 18:44:39.605, 0, 79641 MiB, 100 %, 546.78 W, 1785 MHz
2026/09/27 18:44:39.606, 1, 79641 MiB, 100 %, 542.95 W, 1980 MHz
2026/09/27 18:44:39.606, 2, 79641 MiB, 100 %, 537.90 W, 1980 MHz
2026/09/27 18:44:39.607, 3, 79641 MiB, 100 %, 543.39 W, 1980 MHz
2026/09/27 18:44:39.608, 4, 79641 MiB, 100 %, 532.12 W, 1980 MHz
2026/09/27 18:44:39.608, 5, 79641 MiB, 100 %, 543.91 W, 1980 MHz
2026/09/27 18:44:39.609, 6, 79641 MiB, 100 %, 543.41 W, 1980 MHz
2026/09/27 18:44:39.610, 7, 79641 MiB, 100 %, 532.97 W, 1980 MHz
2026/09/27 18:44:40.610, 0, 79641 MiB, 100 %, 547.22 W, 1875 MHz
2026/09/27 18:44:40.611, 1, 79641 MiB, 100 %, 557.28 W, 1965 MHz
2026/09/27 18:44:40.612, 2, 79641 MiB, 100 %, 538.63 W, 1980 MHz
2026/09/27 18:44:40.612, 3, 79641 MiB, 100 %, 556.46 W, 1965 MHz
2026/09/27 18:44:40.613, 4, 79641 MiB, 100 %, 533.52 W, 1980 MHz
2026/09/27 18:44:40.613, 5, 79641 MiB, 100 %, 543.03 W, 1980 MHz
2026/09/27 18:44:40.614, 6, 79641 MiB, 100 %, 551.57 W, 1980 MHz
2026/09/27 18:44:40.615, 7, 79641 MiB, 100 %, 538.72 W, 1980 MHz
2026/09/27 18:44:41.615, 0, 79641 MiB, 100 %, 567.18 W, 1635 MHz
2026/09/27 18:44:41.617, 1, 79641 MiB, 100 %, 567.46 W, 1980 MHz
2026/09/27 18:44:41.617, 2, 79641 MiB, 100 %, 563.26 W, 1980 MHz
2026/09/27 18:44:41.618, 3, 79641 MiB, 100 %, 570.86 W, 1980 MHz
2026/09/27 18:44:41.619, 4, 79641 MiB, 100 %, 557.75 W, 1980 MHz
2026/09/27 18:44:41.619, 5, 79641 MiB, 100 %, 562.65 W, 1980 MHz
2026/09/27 18:44:41.620, 6, 79641 MiB, 100 %, 571.33 W, 1980 MHz
2026/09/27 18:44:41.620, 7, 79641 MiB, 100 %, 553.36 W, 1980 MHz
2026/09/27 18:44:42.621, 0, 79641 MiB, 100 %, 533.46 W, 1710 MHz
2026/09/27 18:44:42.622, 1, 79641 MiB, 100 %, 544.56 W, 1980 MHz
2026/09/27 18:44:42.623, 2, 79641 MiB, 100 %, 524.58 W, 1980 MHz
2026/09/27 18:44:42.623, 3, 79641 MiB, 100 %, 534.08 W, 1980 MHz
2026/09/27 18:44:42.624, 4, 79641 MiB, 100 %, 516.06 W, 1980 MHz
2026/09/27 18:44:42.625, 5, 79641 MiB, 100 %, 536.77 W, 1980 MHz
2026/09/27 18:44:42.625, 6, 79641 MiB, 100 %, 541.83 W, 1980 MHz
2026/09/27 18:44:42.626, 7, 79641 MiB, 100 %, 525.20 W, 1980 MHz
2026/09/27 18:44:43.626, 0, 79641 MiB, 100 %, 524.03 W, 1740 MHz
2026/09/27 18:44:43.627, 1, 79641 MiB, 100 %, 544.46 W, 1980 MHz
2026/09/27 18:44:43.628, 2, 79641 MiB, 100 %, 543.28 W, 1980 MHz
2026/09/27 18:44:43.629, 3, 79641 MiB, 100 %, 535.90 W, 1980 MHz
2026/09/27 18:44:43.630, 4, 79641 MiB, 100 %, 524.78 W, 1980 MHz
2026/09/27 18:44:43.630, 5, 79641 MiB, 100 %, 542.44 W, 1980 MHz
2026/09/27 18:44:43.631, 6, 79641 MiB, 100 %, 539.84 W, 1980 MHz
2026/09/27 18:44:43.631, 7, 79641 MiB, 100 %, 532.04 W, 1980 MHz
2026/09/27 18:44:44.632, 0, 79641 MiB, 100 %, 520.85 W, 1770 MHz
2026/09/27 18:44:44.633, 1, 79641 MiB, 100 %, 542.75 W, 1980 MHz
2026/09/27 18:44:44.634, 2, 79641 MiB, 100 %, 536.82 W, 1980 MHz
2026/09/27 18:44:44.635, 3, 79641 MiB, 100 %, 537.82 W, 1980 MHz
2026/09/27 18:44:44.635, 4, 79641 MiB, 100 %, 528.15 W, 1980 MHz
2026/09/27 18:44:44.636, 5, 79641 MiB, 100 %, 547.67 W, 1980 MHz
2026/09/27 18:44:44.636, 6, 79641 MiB, 100 %, 541.30 W, 1980 MHz
2026/09/27 18:44:44.637, 7, 79641 MiB, 100 %, 530.53 W, 1980 MHz
2026/09/27 18:44:45.638, 0, 79641 MiB, 100 %, 539.20 W, 1725 MHz
2026/09/27 18:44:45.639, 1, 79641 MiB, 100 %, 552.25 W, 1980 MHz
2026/09/27 18:44:45.639, 2, 79641 MiB, 100 %, 540.58 W, 1980 MHz
2026/09/27 18:44:45.640, 3, 79641 MiB, 100 %, 547.36 W, 1980 MHz
2026/09/27 18:44:45.641, 4, 79641 MiB, 100 %, 537.03 W, 1980 MHz
2026/09/27 18:44:45.642, 5, 79641 MiB, 100 %, 551.54 W, 1980 MHz
2026/09/27 18:44:45.642, 6, 79641 MiB, 100 %, 555.58 W, 1980 MHz
2026/09/27 18:44:45.643, 7, 79641 MiB, 100 %, 542.60 W, 1980 MHz
2026/09/27 18:44:46.643, 0, 79641 MiB, 100 %, 541.32 W, 1770 MHz
2026/09/27 18:44:46.645, 1, 79641 MiB, 100 %, 553.85 W, 1980 MHz
2026/09/27 18:44:46.645, 2, 79641 MiB, 100 %, 555.81 W, 1980 MHz
2026/09/27 18:44:46.646, 3, 79641 MiB, 100 %, 548.15 W, 1980 MHz
2026/09/27 18:44:46.647, 4, 79641 MiB, 100 %, 545.03 W, 1980 MHz
2026/09/27 18:44:46.647, 5, 79641 MiB, 100 %, 554.22 W, 1980 MHz
2026/09/27 18:44:46.648, 6, 79641 MiB, 100 %, 556.90 W, 1980 MHz
2026/09/27 18:44:46.648, 7, 79641 MiB, 100 %, 555.31 W, 1980 MHz
2026/09/27 18:44:47.649, 0, 79641 MiB, 100 %, 508.71 W, 1470 MHz
2026/09/27 18:44:47.650, 1, 79641 MiB, 100 %, 550.13 W, 1980 MHz
2026/09/27 18:44:47.651, 2, 79641 MiB, 100 %, 533.89 W, 1980 MHz
2026/09/27 18:44:47.651, 3, 79641 MiB, 100 %, 539.12 W, 1980 MHz
2026/09/27 18:44:47.652, 4, 79641 MiB, 100 %, 533.71 W, 1980 MHz
2026/09/27 18:44:47.652, 5, 79641 MiB, 100 %, 547.66 W, 1980 MHz
2026/09/27 18:44:47.653, 6, 79641 MiB, 100 %, 544.22 W, 1980 MHz
2026/09/27 18:44:47.654, 7, 79641 MiB, 100 %, 533.97 W, 1980 MHz
2026/09/27 18:44:48.654, 0, 79641 MiB, 100 %, 494.60 W, 1545 MHz
2026/09/27 18:44:48.655, 1, 79641 MiB, 100 %, 548.49 W, 1980 MHz
2026/09/27 18:44:48.656, 2, 79641 MiB, 100 %, 545.31 W, 1980 MHz
2026/09/27 18:44:48.656, 3, 79641 MiB, 100 %, 549.20 W, 1980 MHz
2026/09/27 18:44:48.657, 4, 79641 MiB, 100 %, 531.68 W, 1980 MHz
2026/09/27 18:44:48.658, 5, 79641 MiB, 100 %, 552.02 W, 1980 MHz
2026/09/27 18:44:48.658, 6, 79641 MiB, 100 %, 546.78 W, 1980 MHz
2026/09/27 18:44:48.659, 7, 79641 MiB, 100 %, 538.02 W, 1980 MHz
2026/09/27 18:44:49.659, 0, 79641 MiB, 100 %, 512.64 W, 1755 MHz
2026/09/27 18:44:49.660, 1, 79641 MiB, 100 %, 559.39 W, 1980 MHz
2026/09/27 18:44:49.661, 2, 79641 MiB, 100 %, 551.05 W, 1980 MHz
2026/09/27 18:44:49.662, 3, 79641 MiB, 100 %, 557.25 W, 1980 MHz
2026/09/27 18:44:49.662, 4, 79641 MiB, 100 %, 536.64 W, 1980 MHz
2026/09/27 18:44:49.663, 5, 79641 MiB, 100 %, 557.15 W, 1980 MHz
2026/09/27 18:44:49.663, 6, 79641 MiB, 100 %, 561.52 W, 1980 MHz
2026/09/27 18:44:49.664, 7, 79641 MiB, 100 %, 552.63 W, 1980 MHz
2026/09/27 18:44:50.665, 0, 79641 MiB, 100 %, 538.46 W, 1635 MHz
2026/09/27 18:44:50.666, 1, 79641 MiB, 100 %, 565.07 W, 1980 MHz
2026/09/27 18:44:50.666, 2, 79641 MiB, 100 %, 550.59 W, 1980 MHz
2026/09/27 18:44:50.667, 3, 79641 MiB, 100 %, 561.41 W, 1980 MHz
2026/09/27 18:44:50.668, 4, 79641 MiB, 100 %, 533.39 W, 1980 MHz
2026/09/27 18:44:50.668, 5, 79641 MiB, 100 %, 550.92 W, 1980 MHz
2026/09/27 18:44:50.669, 6, 79641 MiB, 100 %, 560.46 W, 1980 MHz
2026/09/27 18:44:50.669, 7, 79641 MiB, 100 %, 557.63 W, 1980 MHz
2026/09/27 18:44:51.670, 0, 79641 MiB, 100 %, 536.89 W, 1710 MHz
2026/09/27 18:44:51.671, 1, 79641 MiB, 100 %, 557.61 W, 1980 MHz
2026/09/27 18:44:51.672, 2, 79641 MiB, 100 %, 554.50 W, 1980 MHz
2026/09/27 18:44:51.673, 3, 79641 MiB, 100 %, 561.88 W, 1980 MHz
2026/09/27 18:44:51.673, 4, 79641 MiB, 100 %, 550.19 W, 1980 MHz
2026/09/27 18:44:51.674, 5, 79641 MiB, 100 %, 554.67 W, 1980 MHz
2026/09/27 18:44:51.674, 6, 79641 MiB, 100 %, 547.35 W, 1980 MHz
2026/09/27 18:44:51.675, 7, 79641 MiB, 100 %, 557.47 W, 1980 MHz
2026/09/27 18:44:52.676, 0, 79641 MiB, 100 %, 538.97 W, 1830 MHz
2026/09/27 18:44:52.677, 1, 79641 MiB, 100 %, 559.33 W, 1980 MHz
2026/09/27 18:44:52.677, 2, 79641 MiB, 100 %, 550.92 W, 1980 MHz
2026/09/27 18:44:52.678, 3, 79641 MiB, 100 %, 560.46 W, 1980 MHz
2026/09/27 18:44:52.679, 4, 79641 MiB, 100 %, 537.44 W, 1980 MHz
2026/09/27 18:44:52.679, 5, 79641 MiB, 100 %, 551.16 W, 1980 MHz
2026/09/27 18:44:52.680, 6, 79641 MiB, 100 %, 561.48 W, 1980 MHz
2026/09/27 18:44:52.681, 7, 79641 MiB, 100 %, 551.34 W, 1980 MHz
2026/09/27 18:44:53.681, 0, 79641 MiB, 100 %, 557.08 W, 1890 MHz
2026/09/27 18:44:53.682, 1, 79641 MiB, 100 %, 563.09 W, 1980 MHz
2026/09/27 18:44:53.683, 2, 79641 MiB, 100 %, 561.04 W, 1980 MHz
2026/09/27 18:44:53.684, 3, 79641 MiB, 100 %, 559.77 W, 1980 MHz
2026/09/27 18:44:53.684, 4, 79641 MiB, 100 %, 542.06 W, 1980 MHz
2026/09/27 18:44:53.685, 5, 79641 MiB, 100 %, 551.24 W, 1980 MHz
2026/09/27 18:44:53.685, 6, 79641 MiB, 100 %, 556.08 W, 1980 MHz
2026/09/27 18:44:53.686, 7, 79641 MiB, 100 %, 551.95 W, 1980 MHz
2026/09/27 18:44:54.687, 0, 79641 MiB, 100 %, 573.60 W, 1740 MHz
2026/09/27 18:44:54.687, 1, 79641 MiB, 100 %, 564.88 W, 1980 MHz
2026/09/27 18:44:54.688, 2, 79641 MiB, 100 %, 563.70 W, 1980 MHz
2026/09/27 18:44:54.689, 3, 79641 MiB, 100 %, 561.65 W, 1980 MHz
2026/09/27 18:44:54.689, 4, 79641 MiB, 100 %, 545.11 W, 1980 MHz
2026/09/27 18:44:54.690, 5, 79641 MiB, 100 %, 550.57 W, 1980 MHz
2026/09/27 18:44:54.690, 6, 79641 MiB, 100 %, 554.72 W, 1980 MHz
2026/09/27 18:44:54.691, 7, 79641 MiB, 100 %, 554.38 W, 1980 MHz
2026/09/27 18:44:55.692, 0, 79641 MiB, 100 %, 555.84 W, 1710 MHz
2026/09/27 18:44:55.692, 1, 79641 MiB, 100 %, 555.03 W, 1980 MHz
2026/09/27 18:44:55.693, 2, 79641 MiB, 100 %, 549.66 W, 1980 MHz
2026/09/27 18:44:55.694, 3, 79641 MiB, 100 %, 546.69 W, 1980 MHz
2026/09/27 18:44:55.694, 4, 79641 MiB, 100 %, 535.23 W, 1980 MHz
2026/09/27 18:44:55.695, 5, 79641 MiB, 100 %, 547.14 W, 1980 MHz
2026/09/27 18:44:55.696, 6, 79641 MiB, 100 %, 551.11 W, 1980 MHz
2026/09/27 18:44:55.696, 7, 79641 MiB, 100 %, 539.91 W, 1980 MHz
2026/09/27 18:44:56.697, 0, 79641 MiB, 100 %, 521.95 W, 1770 MHz
2026/09/27 18:44:56.698, 1, 79641 MiB, 100 %, 540.39 W, 1980 MHz
2026/09/27 18:44:56.699, 2, 79641 MiB, 100 %, 540.72 W, 1980 MHz
2026/09/27 18:44:56.699, 3, 79641 MiB, 100 %, 546.95 W, 1980 MHz
2026/09/27 18:44:56.700, 4, 79641 MiB, 100 %, 524.53 W, 1980 MHz
2026/09/27 18:44:56.701, 5, 79641 MiB, 100 %, 535.36 W, 1980 MHz
2026/09/27 18:44:56.701, 6, 79641 MiB, 100 %, 534.48 W, 1980 MHz
2026/09/27 18:44:56.702, 7, 79641 MiB, 100 %, 535.36 W, 1980 MHz
2026/09/27 18:44:57.703, 0, 79641 MiB, 100 %, 523.26 W, 1545 MHz
2026/09/27 18:44:57.704, 1, 79641 MiB, 100 %, 550.60 W, 1965 MHz
2026/09/27 18:44:57.704, 2, 79641 MiB, 100 %, 548.53 W, 1965 MHz
2026/09/27 18:44:57.705, 3, 79641 MiB, 100 %, 535.80 W, 1965 MHz
2026/09/27 18:44:57.705, 4, 79641 MiB, 100 %, 544.95 W, 1965 MHz
2026/09/27 18:44:57.706, 5, 79641 MiB, 100 %, 548.24 W, 1980 MHz
2026/09/27 18:44:57.707, 6, 79641 MiB, 100 %, 562.76 W, 1965 MHz
2026/09/27 18:44:57.707, 7, 79641 MiB, 100 %, 546.85 W, 1965 MHz
2026/09/27 18:44:58.708, 0, 79641 MiB, 100 %, 535.96 W, 1710 MHz
2026/09/27 18:44:58.709, 1, 79641 MiB, 100 %, 554.25 W, 1980 MHz
2026/09/27 18:44:58.710, 2, 79641 MiB, 100 %, 536.18 W, 1980 MHz
2026/09/27 18:44:58.710, 3, 79641 MiB, 100 %, 551.26 W, 1980 MHz
2026/09/27 18:44:58.711, 4, 79641 MiB, 100 %, 534.52 W, 1980 MHz
2026/09/27 18:44:58.712, 5, 79641 MiB, 100 %, 551.67 W, 1980 MHz
2026/09/27 18:44:58.712, 6, 79641 MiB, 100 %, 542.59 W, 1980 MHz
2026/09/27 18:44:58.713, 7, 79641 MiB, 100 %, 540.56 W, 1980 MHz
2026/09/27 18:44:59.714, 0, 79641 MiB, 100 %, 506.93 W, 1710 MHz
2026/09/27 18:44:59.714, 1, 79641 MiB, 100 %, 535.05 W, 1980 MHz
2026/09/27 18:44:59.715, 2, 79641 MiB, 100 %, 529.03 W, 1980 MHz
2026/09/27 18:44:59.715, 3, 79641 MiB, 100 %, 531.08 W, 1980 MHz
2026/09/27 18:44:59.716, 4, 79641 MiB, 100 %, 510.73 W, 1980 MHz
2026/09/27 18:44:59.717, 5, 79641 MiB, 100 %, 533.09 W, 1980 MHz
2026/09/27 18:44:59.717, 6, 79641 MiB, 100 %, 521.45 W, 1980 MHz
2026/09/27 18:44:59.718, 7, 79641 MiB, 100 %, 520.71 W, 1980 MHz
2026/09/27 18:45:00.719, 0, 79641 MiB, 100 %, 494.35 W, 1530 MHz
2026/09/27 18:45:00.720, 1, 79641 MiB, 100 %, 536.42 W, 1980 MHz
2026/09/27 18:45:00.720, 2, 79641 MiB, 100 %, 511.82 W, 1980 MHz
2026/09/27 18:45:00.721, 3, 79641 MiB, 100 %, 516.03 W, 1980 MHz
2026/09/27 18:45:00.722, 4, 79641 MiB, 100 %, 520.72 W, 1980 MHz
2026/09/27 18:45:00.722, 5, 79641 MiB, 100 %, 535.75 W, 1980 MHz
2026/09/27 18:45:00.723, 6, 79641 MiB, 100 %, 532.61 W, 1980 MHz
2026/09/27 18:45:00.723, 7, 79641 MiB, 100 %, 525.19 W, 1980 MHz
2026/09/27 18:45:01.724, 0, 79641 MiB, 100 %, 478.58 W, 1680 MHz
2026/09/27 18:45:01.726, 1, 79641 MiB, 100 %, 537.74 W, 1980 MHz
2026/09/27 18:45:01.726, 2, 79641 MiB, 100 %, 527.91 W, 1980 MHz
2026/09/27 18:45:01.727, 3, 79641 MiB, 100 %, 524.20 W, 1980 MHz
2026/09/27 18:45:01.728, 4, 79641 MiB, 100 %, 521.23 W, 1980 MHz
2026/09/27 18:45:01.729, 5, 79641 MiB, 100 %, 535.77 W, 1980 MHz
2026/09/27 18:45:01.729, 6, 79641 MiB, 100 %, 534.48 W, 1980 MHz
2026/09/27 18:45:01.730, 7, 79641 MiB, 100 %, 529.79 W, 1980 MHz
2026/09/27 18:45:02.731, 0, 79641 MiB, 100 %, 497.22 W, 1620 MHz
2026/09/27 18:45:02.731, 1, 79641 MiB, 100 %, 545.41 W, 1980 MHz
2026/09/27 18:45:02.732, 2, 79641 MiB, 100 %, 541.89 W, 1980 MHz
2026/09/27 18:45:02.733, 3, 79641 MiB, 100 %, 531.91 W, 1980 MHz
2026/09/27 18:45:02.733, 4, 79641 MiB, 100 %, 527.95 W, 1980 MHz
2026/09/27 18:45:02.734, 5, 79641 MiB, 100 %, 556.66 W, 1980 MHz
2026/09/27 18:45:02.735, 6, 79641 MiB, 100 %, 540.33 W, 1980 MHz
2026/09/27 18:45:02.735, 7, 79641 MiB, 100 %, 535.84 W, 1980 MHz
2026/09/27 18:45:03.736, 0, 79641 MiB, 100 %, 517.12 W, 1635 MHz
2026/09/27 18:45:03.737, 1, 79641 MiB, 100 %, 549.29 W, 1980 MHz
2026/09/27 18:45:03.737, 2, 79641 MiB, 100 %, 549.59 W, 1980 MHz
2026/09/27 18:45:03.738, 3, 79641 MiB, 100 %, 542.31 W, 1980 MHz
2026/09/27 18:45:03.739, 4, 79641 MiB, 100 %, 535.09 W, 1980 MHz
2026/09/27 18:45:03.739, 5, 79641 MiB, 100 %, 554.08 W, 1980 MHz
2026/09/27 18:45:03.740, 6, 79641 MiB, 100 %, 546.40 W, 1980 MHz
2026/09/27 18:45:03.740, 7, 79641 MiB, 100 %, 540.22 W, 1980 MHz
2026/09/27 18:45:04.741, 0, 79641 MiB, 100 %, 532.23 W, 1575 MHz
2026/09/27 18:45:04.742, 1, 79641 MiB, 100 %, 552.45 W, 1980 MHz
2026/09/27 18:45:04.743, 2, 79641 MiB, 100 %, 544.52 W, 1980 MHz
2026/09/27 18:45:04.743, 3, 79641 MiB, 100 %, 546.47 W, 1980 MHz
2026/09/27 18:45:04.744, 4, 79641 MiB, 100 %, 540.20 W, 1980 MHz
2026/09/27 18:45:04.744, 5, 79641 MiB, 100 %, 556.47 W, 1980 MHz
2026/09/27 18:45:04.745, 6, 79641 MiB, 100 %, 556.29 W, 1980 MHz
2026/09/27 18:45:04.746, 7, 79641 MiB, 100 %, 539.31 W, 1980 MHz
2026/09/27 18:45:05.746, 0, 79641 MiB, 100 %, 493.70 W, 1515 MHz
2026/09/27 18:45:05.747, 1, 79641 MiB, 100 %, 557.36 W, 1980 MHz
2026/09/27 18:45:05.748, 2, 79641 MiB, 100 %, 543.41 W, 1980 MHz
2026/09/27 18:45:05.749, 3, 79641 MiB, 100 %, 551.61 W, 1980 MHz
2026/09/27 18:45:05.749, 4, 79641 MiB, 100 %, 538.94 W, 1980 MHz
2026/09/27 18:45:05.750, 5, 79641 MiB, 100 %, 552.77 W, 1980 MHz
2026/09/27 18:45:05.750, 6, 79641 MiB, 100 %, 541.16 W, 1980 MHz
2026/09/27 18:45:05.751, 7, 79641 MiB, 100 %, 533.96 W, 1980 MHz
2026/09/27 18:45:06.752, 0, 79641 MiB, 100 %, 517.70 W, 1740 MHz
2026/09/27 18:45:06.753, 1, 79641 MiB, 100 %, 561.93 W, 1980 MHz
2026/09/27 18:45:06.753, 2, 79641 MiB, 100 %, 549.70 W, 1980 MHz
2026/09/27 18:45:06.754, 3, 79641 MiB, 100 %, 557.81 W, 1980 MHz
2026/09/27 18:45:06.755, 4, 79641 MiB, 100 %, 538.43 W, 1980 MHz
2026/09/27 18:45:06.755, 5, 79641 MiB, 100 %, 558.17 W, 1980 MHz
2026/09/27 18:45:06.756, 6, 79641 MiB, 100 %, 566.03 W, 1980 MHz
2026/09/27 18:45:06.757, 7, 79641 MiB, 100 %, 556.62 W, 1980 MHz
2026/09/27 18:45:07.757, 0, 79641 MiB, 100 %, 481.80 W, 1470 MHz
2026/09/27 18:45:07.758, 1, 79641 MiB, 100 %, 545.76 W, 1980 MHz
2026/09/27 18:45:07.759, 2, 79641 MiB, 100 %, 535.71 W, 1980 MHz
2026/09/27 18:45:07.759, 3, 79641 MiB, 100 %, 547.76 W, 1980 MHz
2026/09/27 18:45:07.760, 4, 79641 MiB, 100 %, 530.02 W, 1980 MHz
2026/09/27 18:45:07.761, 5, 79641 MiB, 100 %, 536.59 W, 1980 MHz
2026/09/27 18:45:07.761, 6, 79641 MiB, 100 %, 531.21 W, 1980 MHz
2026/09/27 18:45:07.762, 7, 79641 MiB, 100 %, 537.37 W, 1980 MHz
2026/09/27 18:45:08.763, 0, 79641 MiB, 100 %, 482.54 W, 1530 MHz
2026/09/27 18:45:08.764, 1, 79641 MiB, 100 %, 555.01 W, 1980 MHz
2026/09/27 18:45:08.765, 2, 79641 MiB, 100 %, 538.07 W, 1980 MHz
2026/09/27 18:45:08.767, 3, 79641 MiB, 100 %, 547.26 W, 1980 MHz
2026/09/27 18:45:08.769, 4, 79641 MiB, 100 %, 530.08 W, 1980 MHz
2026/09/27 18:45:08.770, 5, 79641 MiB, 100 %, 549.65 W, 1980 MHz
2026/09/27 18:45:08.771, 6, 79641 MiB, 100 %, 543.10 W, 1980 MHz
2026/09/27 18:45:08.772, 7, 79641 MiB, 100 %, 546.14 W, 1980 MHz
2026/09/27 18:45:09.775, 0, 79641 MiB, 100 %, 503.94 W, 1620 MHz
2026/09/27 18:45:09.776, 1, 79641 MiB, 100 %, 548.92 W, 1980 MHz
2026/09/27 18:45:09.776, 2, 79641 MiB, 100 %, 550.38 W, 1980 MHz
2026/09/27 18:45:09.777, 3, 79641 MiB, 100 %, 549.82 W, 1980 MHz
2026/09/27 18:45:09.778, 4, 79641 MiB, 100 %, 523.59 W, 1980 MHz
2026/09/27 18:45:09.778, 5, 79641 MiB, 100 %, 546.89 W, 1980 MHz
2026/09/27 18:45:09.779, 6, 79641 MiB, 100 %, 544.34 W, 1980 MHz
2026/09/27 18:45:09.780, 7, 79641 MiB, 100 %, 538.68 W, 1980 MHz
2026/09/27 18:45:10.780, 0, 79641 MiB, 100 %, 512.26 W, 1650 MHz
2026/09/27 18:45:10.781, 1, 79641 MiB, 100 %, 555.05 W, 1980 MHz
2026/09/27 18:45:10.783, 2, 79641 MiB, 100 %, 543.41 W, 1980 MHz
2026/09/27 18:45:10.784, 3, 79641 MiB, 100 %, 554.84 W, 1980 MHz
2026/09/27 18:45:10.786, 4, 79641 MiB, 100 %, 530.60 W, 1980 MHz
2026/09/27 18:45:10.788, 5, 79641 MiB, 100 %, 540.50 W, 1980 MHz
2026/09/27 18:45:10.789, 6, 79641 MiB, 100 %, 544.21 W, 1980 MHz
2026/09/27 18:45:10.790, 7, 79641 MiB, 100 %, 533.57 W, 1980 MHz
2026/09/27 18:45:11.792, 0, 79641 MiB, 100 %, 542.50 W, 1770 MHz
2026/09/27 18:45:11.793, 1, 79641 MiB, 100 %, 560.91 W, 1980 MHz
2026/09/27 18:45:11.794, 2, 79641 MiB, 100 %, 552.18 W, 1980 MHz
2026/09/27 18:45:11.795, 3, 79641 MiB, 100 %, 555.21 W, 1980 MHz
2026/09/27 18:45:11.795, 4, 79641 MiB, 100 %, 534.17 W, 1980 MHz
2026/09/27 18:45:11.796, 5, 79641 MiB, 100 %, 550.14 W, 1980 MHz
2026/09/27 18:45:11.796, 6, 79641 MiB, 100 %, 546.94 W, 1980 MHz
2026/09/27 18:45:11.797, 7, 79641 MiB, 100 %, 545.97 W, 1980 MHz
2026/09/27 18:45:12.798, 0, 79641 MiB, 100 %, 532.64 W, 1680 MHz
2026/09/27 18:45:12.798, 1, 79641 MiB, 100 %, 549.27 W, 1980 MHz
2026/09/27 18:45:12.799, 2, 79641 MiB, 100 %, 541.57 W, 1980 MHz
2026/09/27 18:45:12.800, 3, 79641 MiB, 100 %, 548.21 W, 1980 MHz
2026/09/27 18:45:12.800, 4, 79641 MiB, 100 %, 531.21 W, 1980 MHz
2026/09/27 18:45:12.801, 5, 79641 MiB, 100 %, 542.24 W, 1980 MHz
2026/09/27 18:45:12.801, 6, 79641 MiB, 100 %, 550.05 W, 1980 MHz
2026/09/27 18:45:12.802, 7, 79641 MiB, 100 %, 537.15 W, 1980 MHz
2026/09/27 18:45:13.803, 0, 79641 MiB, 100 %, 539.29 W, 1740 MHz
2026/09/27 18:45:13.804, 1, 79641 MiB, 100 %, 543.29 W, 1980 MHz
2026/09/27 18:45:13.804, 2, 79641 MiB, 100 %, 541.53 W, 1980 MHz
2026/09/27 18:45:13.805, 3, 79641 MiB, 100 %, 545.04 W, 1980 MHz
2026/09/27 18:45:13.806, 4, 79641 MiB, 100 %, 533.41 W, 1980 MHz
2026/09/27 18:45:13.806, 5, 79641 MiB, 100 %, 545.46 W, 1980 MHz
2026/09/27 18:45:13.807, 6, 79641 MiB, 100 %, 535.98 W, 1980 MHz
2026/09/27 18:45:13.808, 7, 79641 MiB, 100 %, 532.77 W, 1980 MHz
2026/09/27 18:45:14.808, 0, 79641 MiB, 100 %, 546.87 W, 1740 MHz
2026/09/27 18:45:14.809, 1, 79641 MiB, 100 %, 555.66 W, 1935 MHz
2026/09/27 18:45:14.810, 2, 79641 MiB, 100 %, 547.44 W, 1935 MHz
2026/09/27 18:45:14.811, 3, 79641 MiB, 100 %, 548.82 W, 1980 MHz
2026/09/27 18:45:14.811, 4, 79641 MiB, 100 %, 536.53 W, 1950 MHz
2026/09/27 18:45:14.812, 5, 79641 MiB, 100 %, 558.52 W, 1965 MHz
2026/09/27 18:45:14.813, 6, 79641 MiB, 100 %, 557.05 W, 1950 MHz
2026/09/27 18:45:14.813, 7, 79641 MiB, 100 %, 545.92 W, 1980 MHz
2026/09/27 18:45:15.814, 0, 79641 MiB, 100 %, 521.84 W, 1785 MHz
2026/09/27 18:45:15.815, 1, 79641 MiB, 100 %, 546.03 W, 1980 MHz
2026/09/27 18:45:15.816, 2, 79641 MiB, 100 %, 539.68 W, 1980 MHz
2026/09/27 18:45:15.816, 3, 79641 MiB, 100 %, 540.99 W, 1980 MHz
2026/09/27 18:45:15.817, 4, 79641 MiB, 100 %, 524.79 W, 1980 MHz
2026/09/27 18:45:15.818, 5, 79641 MiB, 100 %, 548.57 W, 1980 MHz
2026/09/27 18:45:15.818, 6, 79641 MiB, 100 %, 546.46 W, 1980 MHz
2026/09/27 18:45:15.819, 7, 79641 MiB, 100 %, 532.98 W, 1980 MHz
2026/09/27 18:45:16.819, 0, 79641 MiB, 100 %, 504.49 W, 1470 MHz
2026/09/27 18:45:16.821, 1, 79641 MiB, 100 %, 532.32 W, 1980 MHz
2026/09/27 18:45:16.822, 2, 79641 MiB, 100 %, 523.71 W, 1980 MHz
2026/09/27 18:45:16.823, 3, 79641 MiB, 100 %, 528.09 W, 1980 MHz
2026/09/27 18:45:16.823, 4, 79641 MiB, 100 %, 514.87 W, 1980 MHz
2026/09/27 18:45:16.824, 5, 79641 MiB, 100 %, 536.38 W, 1980 MHz
2026/09/27 18:45:16.825, 6, 79641 MiB, 100 %, 531.01 W, 1980 MHz
2026/09/27 18:45:16.825, 7, 79641 MiB, 100 %, 520.43 W, 1980 MHz
2026/09/27 18:45:17.826, 0, 79641 MiB, 100 %, 490.48 W, 1695 MHz
2026/09/27 18:45:17.827, 1, 79641 MiB, 100 %, 526.55 W, 1980 MHz
2026/09/27 18:45:17.828, 2, 79641 MiB, 100 %, 522.21 W, 1980 MHz
2026/09/27 18:45:17.828, 3, 79641 MiB, 100 %, 520.93 W, 1980 MHz
2026/09/27 18:45:17.829, 4, 79641 MiB, 100 %, 511.01 W, 1980 MHz
2026/09/27 18:45:17.830, 5, 79641 MiB, 100 %, 538.34 W, 1980 MHz
2026/09/27 18:45:17.830, 6, 79641 MiB, 100 %, 532.01 W, 1980 MHz
2026/09/27 18:45:17.831, 7, 79641 MiB, 100 %, 517.77 W, 1980 MHz
2026/09/27 18:45:18.831, 0, 79641 MiB, 100 %, 503.11 W, 1635 MHz
2026/09/27 18:45:18.832, 1, 79641 MiB, 100 %, 539.69 W, 1980 MHz
2026/09/27 18:45:18.833, 2, 79641 MiB, 100 %, 529.72 W, 1980 MHz
2026/09/27 18:45:18.833, 3, 79641 MiB, 100 %, 533.71 W, 1980 MHz
2026/09/27 18:45:18.834, 4, 79641 MiB, 100 %, 522.69 W, 1980 MHz
2026/09/27 18:45:18.834, 5, 79641 MiB, 100 %, 544.83 W, 1980 MHz
2026/09/27 18:45:18.835, 6, 79641 MiB, 100 %, 539.22 W, 1980 MHz
2026/09/27 18:45:18.836, 7, 79641 MiB, 100 %, 534.09 W, 1980 MHz
2026/09/27 18:45:19.836, 0, 79641 MiB, 100 %, 506.45 W, 1530 MHz
2026/09/27 18:45:19.837, 1, 79641 MiB, 100 %, 546.08 W, 1980 MHz
2026/09/27 18:45:19.838, 2, 79641 MiB, 100 %, 536.67 W, 1980 MHz
2026/09/27 18:45:19.838, 3, 79641 MiB, 100 %, 532.19 W, 1980 MHz
2026/09/27 18:45:19.839, 4, 79641 MiB, 100 %, 531.11 W, 1980 MHz
2026/09/27 18:45:19.839, 5, 79641 MiB, 100 %, 556.80 W, 1980 MHz
2026/09/27 18:45:19.840, 6, 79641 MiB, 100 %, 544.14 W, 1980 MHz
2026/09/27 18:45:19.841, 7, 79641 MiB, 100 %, 539.15 W, 1980 MHz
2026/09/27 18:45:20.841, 0, 79641 MiB, 100 %, 514.18 W, 1650 MHz
2026/09/27 18:45:20.842, 1, 79641 MiB, 100 %, 557.95 W, 1980 MHz
2026/09/27 18:45:20.843, 2, 79641 MiB, 100 %, 538.80 W, 1980 MHz
2026/09/27 18:45:20.843, 3, 79641 MiB, 100 %, 544.01 W, 1980 MHz
2026/09/27 18:45:20.844, 4, 79641 MiB, 100 %, 537.32 W, 1980 MHz
2026/09/27 18:45:20.845, 5, 79641 MiB, 100 %, 556.89 W, 1980 MHz
2026/09/27 18:45:20.845, 6, 79641 MiB, 100 %, 553.44 W, 1980 MHz
2026/09/27 18:45:20.846, 7, 79641 MiB, 100 %, 532.78 W, 1980 MHz
2026/09/27 18:45:21.846, 0, 79641 MiB, 100 %, 524.15 W, 1605 MHz
2026/09/27 18:45:21.847, 1, 79641 MiB, 100 %, 548.28 W, 1980 MHz
2026/09/27 18:45:21.848, 2, 79641 MiB, 100 %, 541.49 W, 1980 MHz
2026/09/27 18:45:21.849, 3, 79641 MiB, 100 %, 538.38 W, 1980 MHz
2026/09/27 18:45:21.849, 4, 79641 MiB, 100 %, 536.38 W, 1980 MHz
2026/09/27 18:45:21.850, 5, 79641 MiB, 100 %, 561.73 W, 1980 MHz
2026/09/27 18:45:21.851, 6, 79641 MiB, 100 %, 546.84 W, 1980 MHz
2026/09/27 18:45:21.851, 7, 79641 MiB, 100 %, 541.14 W, 1980 MHz
2026/09/27 18:45:22.852, 0, 79641 MiB, 100 %, 572.80 W, 1680 MHz
2026/09/27 18:45:22.853, 1, 79641 MiB, 100 %, 567.03 W, 1980 MHz
2026/09/27 18:45:22.853, 2, 79641 MiB, 100 %, 567.59 W, 1980 MHz
2026/09/27 18:45:22.854, 3, 79641 MiB, 100 %, 554.59 W, 1980 MHz
2026/09/27 18:45:22.855, 4, 79641 MiB, 100 %, 554.28 W, 1980 MHz
2026/09/27 18:45:22.855, 5, 79641 MiB, 100 %, 571.21 W, 1980 MHz
2026/09/27 18:45:22.856, 6, 79641 MiB, 100 %, 570.34 W, 1980 MHz
2026/09/27 18:45:22.856, 7, 79641 MiB, 100 %, 564.37 W, 1980 MHz
2026/09/27 18:45:23.857, 0, 79641 MiB, 100 %, 548.49 W, 1635 MHz
2026/09/27 18:45:23.858, 1, 79641 MiB, 100 %, 569.84 W, 1980 MHz
2026/09/27 18:45:23.859, 2, 79641 MiB, 100 %, 557.78 W, 1980 MHz
2026/09/27 18:45:23.859, 3, 79641 MiB, 100 %, 566.87 W, 1980 MHz
2026/09/27 18:45:23.860, 4, 79641 MiB, 100 %, 547.33 W, 1980 MHz
2026/09/27 18:45:23.860, 5, 79641 MiB, 100 %, 566.19 W, 1980 MHz
2026/09/27 18:45:23.861, 6, 79641 MiB, 100 %, 555.42 W, 1980 MHz
2026/09/27 18:45:23.862, 7, 79641 MiB, 100 %, 558.43 W, 1980 MHz
2026/09/27 18:45:24.862, 0, 79641 MiB, 100 %, 509.23 W, 1545 MHz
2026/09/27 18:45:24.863, 1, 79641 MiB, 100 %, 548.58 W, 1980 MHz
2026/09/27 18:45:24.864, 2, 79641 MiB, 100 %, 556.08 W, 1980 MHz
2026/09/27 18:45:24.865, 3, 79641 MiB, 100 %, 557.18 W, 1980 MHz
2026/09/27 18:45:24.865, 4, 79641 MiB, 100 %, 534.25 W, 1980 MHz
2026/09/27 18:45:24.866, 5, 79641 MiB, 100 %, 548.13 W, 1980 MHz
2026/09/27 18:45:24.866, 6, 79641 MiB, 100 %, 542.32 W, 1980 MHz
2026/09/27 18:45:24.867, 7, 79641 MiB, 100 %, 547.25 W, 1980 MHz
2026/09/27 18:45:25.868, 0, 79641 MiB, 100 %, 508.94 W, 1575 MHz
2026/09/27 18:45:25.869, 1, 79641 MiB, 100 %, 554.66 W, 1980 MHz
2026/09/27 18:45:25.869, 2, 79641 MiB, 100 %, 549.53 W, 1980 MHz
2026/09/27 18:45:25.870, 3, 79641 MiB, 100 %, 563.54 W, 1980 MHz
2026/09/27 18:45:25.871, 4, 79641 MiB, 100 %, 534.23 W, 1980 MHz
2026/09/27 18:45:25.871, 5, 79641 MiB, 100 %, 542.04 W, 1980 MHz
2026/09/27 18:45:25.872, 6, 79641 MiB, 100 %, 545.77 W, 1980 MHz
2026/09/27 18:45:25.872, 7, 79641 MiB, 100 %, 542.59 W, 1980 MHz
2026/09/27 18:45:26.873, 0, 79641 MiB, 100 %, 509.59 W, 1650 MHz
2026/09/27 18:45:26.874, 1, 79641 MiB, 100 %, 550.95 W, 1980 MHz
2026/09/27 18:45:26.875, 2, 79641 MiB, 100 %, 545.35 W, 1980 MHz
2026/09/27 18:45:26.876, 3, 79641 MiB, 100 %, 547.30 W, 1980 MHz
2026/09/27 18:45:26.876, 4, 79641 MiB, 100 %, 532.21 W, 1980 MHz
2026/09/27 18:45:26.877, 5, 79641 MiB, 100 %, 545.78 W, 1980 MHz
2026/09/27 18:45:26.878, 6, 79641 MiB, 100 %, 550.68 W, 1980 MHz
2026/09/27 18:45:26.878, 7, 79641 MiB, 100 %, 543.42 W, 1980 MHz
2026/09/27 18:45:27.879, 0, 79641 MiB, 100 %, 508.04 W, 1470 MHz
2026/09/27 18:45:27.880, 1, 79641 MiB, 100 %, 553.46 W, 1980 MHz
2026/09/27 18:45:27.881, 2, 79641 MiB, 100 %, 541.08 W, 1980 MHz
2026/09/27 18:45:27.882, 3, 79641 MiB, 100 %, 555.94 W, 1980 MHz
2026/09/27 18:45:27.884, 4, 79641 MiB, 100 %, 537.93 W, 1980 MHz
2026/09/27 18:45:27.884, 5, 79641 MiB, 100 %, 535.62 W, 1980 MHz
2026/09/27 18:45:27.885, 6, 79641 MiB, 100 %, 539.71 W, 1980 MHz
2026/09/27 18:45:27.886, 7, 79641 MiB, 100 %, 538.90 W, 1980 MHz
2026/09/27 18:45:28.886, 0, 79641 MiB, 100 %, 493.56 W, 1545 MHz
2026/09/27 18:45:28.887, 1, 79641 MiB, 100 %, 537.68 W, 1980 MHz
2026/09/27 18:45:28.888, 2, 79641 MiB, 100 %, 537.31 W, 1980 MHz
2026/09/27 18:45:28.889, 3, 79641 MiB, 100 %, 526.53 W, 1980 MHz
2026/09/27 18:45:28.889, 4, 79641 MiB, 100 %, 513.19 W, 1980 MHz
2026/09/27 18:45:28.890, 5, 79641 MiB, 100 %, 525.16 W, 1980 MHz
2026/09/27 18:45:28.891, 6, 79641 MiB, 100 %, 534.96 W, 1980 MHz
2026/09/27 18:45:28.891, 7, 79641 MiB, 100 %, 538.34 W, 1980 MHz
2026/09/27 18:45:29.892, 0, 79641 MiB, 100 %, 511.23 W, 1500 MHz
2026/09/27 18:45:29.893, 1, 79641 MiB, 100 %, 534.20 W, 1980 MHz
2026/09/27 18:45:29.893, 2, 79641 MiB, 100 %, 533.00 W, 1980 MHz
2026/09/27 18:45:29.894, 3, 79641 MiB, 100 %, 540.02 W, 1980 MHz
2026/09/27 18:45:29.895, 4, 79641 MiB, 100 %, 512.93 W, 1980 MHz
2026/09/27 18:45:29.895, 5, 79641 MiB, 100 %, 537.06 W, 1980 MHz
2026/09/27 18:45:29.896, 6, 79641 MiB, 100 %, 534.85 W, 1980 MHz
2026/09/27 18:45:29.896, 7, 79641 MiB, 100 %, 535.77 W, 1980 MHz
2026/09/27 18:45:30.897, 0, 79641 MiB, 100 %, 514.67 W, 1725 MHz
2026/09/27 18:45:30.898, 1, 79641 MiB, 100 %, 529.40 W, 1980 MHz
2026/09/27 18:45:30.899, 2, 79641 MiB, 100 %, 533.33 W, 1980 MHz
2026/09/27 18:45:30.899, 3, 79641 MiB, 100 %, 530.20 W, 1980 MHz
2026/09/27 18:45:30.900, 4, 79641 MiB, 100 %, 520.19 W, 1980 MHz
2026/09/27 18:45:30.901, 5, 79641 MiB, 100 %, 531.24 W, 1980 MHz
2026/09/27 18:45:30.901, 6, 79641 MiB, 100 %, 537.89 W, 1980 MHz
2026/09/27 18:45:30.902, 7, 79641 MiB, 100 %, 532.99 W, 1980 MHz
2026/09/27 18:45:31.903, 0, 79641 MiB, 100 %, 518.99 W, 1515 MHz
2026/09/27 18:45:31.904, 1, 79641 MiB, 100 %, 564.34 W, 1965 MHz
2026/09/27 18:45:31.905, 2, 79641 MiB, 100 %, 563.52 W, 1965 MHz
2026/09/27 18:45:31.905, 3, 79641 MiB, 100 %, 571.48 W, 1980 MHz
2026/09/27 18:45:31.906, 4, 79641 MiB, 100 %, 544.13 W, 1965 MHz
2026/09/27 18:45:31.906, 5, 79641 MiB, 100 %, 556.83 W, 1980 MHz
2026/09/27 18:45:31.907, 6, 79641 MiB, 100 %, 559.64 W, 1965 MHz
2026/09/27 18:45:31.908, 7, 79641 MiB, 100 %, 558.45 W, 1965 MHz
2026/09/27 18:45:32.908, 0, 79641 MiB, 100 %, 478.06 W, 1680 MHz
2026/09/27 18:45:32.910, 1, 79641 MiB, 100 %, 541.43 W, 1980 MHz
2026/09/27 18:45:32.911, 2, 79641 MiB, 100 %, 521.53 W, 1980 MHz
2026/09/27 18:45:32.913, 3, 79641 MiB, 100 %, 531.74 W, 1980 MHz
2026/09/27 18:45:32.914, 4, 79641 MiB, 100 %, 521.01 W, 1980 MHz
2026/09/27 18:45:32.914, 5, 79641 MiB, 100 %, 535.00 W, 1980 MHz
2026/09/27 18:45:32.916, 6, 79641 MiB, 100 %, 534.28 W, 1980 MHz
2026/09/27 18:45:32.918, 7, 79641 MiB, 100 %, 529.92 W, 1980 MHz
2026/09/27 18:45:33.919, 0, 79641 MiB, 100 %, 493.51 W, 1620 MHz
2026/09/27 18:45:33.920, 1, 79641 MiB, 100 %, 530.47 W, 1980 MHz
2026/09/27 18:45:33.921, 2, 79641 MiB, 100 %, 531.83 W, 1980 MHz
2026/09/27 18:45:33.921, 3, 79641 MiB, 100 %, 521.59 W, 1980 MHz
2026/09/27 18:45:33.922, 4, 79641 MiB, 100 %, 517.16 W, 1980 MHz
2026/09/27 18:45:33.923, 5, 79641 MiB, 100 %, 538.51 W, 1980 MHz
2026/09/27 18:45:33.923, 6, 79641 MiB, 100 %, 532.74 W, 1980 MHz
2026/09/27 18:45:33.924, 7, 79641 MiB, 100 %, 516.47 W, 1980 MHz
2026/09/27 18:45:34.925, 0, 79641 MiB, 100 %, 504.04 W, 1800 MHz
2026/09/27 18:45:34.925, 1, 79641 MiB, 100 %, 545.29 W, 1980 MHz
2026/09/27 18:45:34.926, 2, 79641 MiB, 100 %, 527.09 W, 1980 MHz
2026/09/27 18:45:34.927, 3, 79641 MiB, 100 %, 534.16 W, 1980 MHz
2026/09/27 18:45:34.927, 4, 79641 MiB, 100 %, 516.71 W, 1980 MHz
2026/09/27 18:45:34.928, 5, 79641 MiB, 100 %, 543.60 W, 1980 MHz
2026/09/27 18:45:34.929, 6, 79641 MiB, 100 %, 536.89 W, 1980 MHz
2026/09/27 18:45:34.929, 7, 79641 MiB, 100 %, 528.09 W, 1980 MHz
2026/09/27 18:45:35.930, 0, 79641 MiB, 100 %, 508.88 W, 1500 MHz
2026/09/27 18:45:35.931, 1, 79641 MiB, 100 %, 531.91 W, 1980 MHz
2026/09/27 18:45:35.932, 2, 79641 MiB, 100 %, 531.40 W, 1980 MHz
2026/09/27 18:45:35.932, 3, 79641 MiB, 100 %, 535.23 W, 1980 MHz
2026/09/27 18:45:35.933, 4, 79641 MiB, 100 %, 522.95 W, 1980 MHz
2026/09/27 18:45:35.933, 5, 79641 MiB, 100 %, 549.54 W, 1980 MHz
2026/09/27 18:45:35.934, 6, 79641 MiB, 100 %, 537.38 W, 1980 MHz
2026/09/27 18:45:35.935, 7, 79641 MiB, 100 %, 530.57 W, 1980 MHz
2026/09/27 18:45:36.935, 0, 79641 MiB, 100 %, 484.71 W, 1635 MHz
2026/09/27 18:45:36.936, 1, 79641 MiB, 100 %, 531.57 W, 1980 MHz
2026/09/27 18:45:36.937, 2, 79641 MiB, 100 %, 533.86 W, 1980 MHz
2026/09/27 18:45:36.938, 3, 79641 MiB, 100 %, 524.56 W, 1980 MHz
2026/09/27 18:45:36.938, 4, 79641 MiB, 100 %, 515.16 W, 1980 MHz
2026/09/27 18:45:36.939, 5, 79641 MiB, 100 %, 542.15 W, 1980 MHz
2026/09/27 18:45:36.940, 6, 79641 MiB, 100 %, 543.00 W, 1980 MHz
2026/09/27 18:45:36.940, 7, 79641 MiB, 100 %, 531.44 W, 1980 MHz
2026/09/27 18:45:37.941, 0, 79641 MiB, 100 %, 499.49 W, 1560 MHz
2026/09/27 18:45:37.942, 1, 79641 MiB, 100 %, 551.62 W, 1980 MHz
2026/09/27 18:45:37.943, 2, 79641 MiB, 100 %, 548.54 W, 1980 MHz
2026/09/27 18:45:37.943, 3, 79641 MiB, 100 %, 544.57 W, 1980 MHz
2026/09/27 18:45:37.944, 4, 79641 MiB, 100 %, 531.12 W, 1980 MHz
2026/09/27 18:45:37.944, 5, 79641 MiB, 100 %, 548.32 W, 1980 MHz
2026/09/27 18:45:37.945, 6, 79641 MiB, 100 %, 544.79 W, 1980 MHz
2026/09/27 18:45:37.946, 7, 79641 MiB, 100 %, 528.99 W, 1980 MHz
2026/09/27 18:45:38.946, 0, 79641 MiB, 100 %, 507.61 W, 1620 MHz
2026/09/27 18:45:38.947, 1, 79641 MiB, 100 %, 554.53 W, 1980 MHz
2026/09/27 18:45:38.948, 2, 79641 MiB, 100 %, 544.61 W, 1980 MHz
2026/09/27 18:45:38.949, 3, 79641 MiB, 100 %, 540.42 W, 1980 MHz
2026/09/27 18:45:38.949, 4, 79641 MiB, 100 %, 540.75 W, 1980 MHz
2026/09/27 18:45:38.950, 5, 79641 MiB, 100 %, 552.99 W, 1980 MHz
2026/09/27 18:45:38.950, 6, 79641 MiB, 100 %, 539.20 W, 1980 MHz
2026/09/27 18:45:38.951, 7, 79641 MiB, 100 %, 532.55 W, 1980 MHz
2026/09/27 18:45:39.952, 0, 79641 MiB, 100 %, 524.84 W, 1515 MHz
2026/09/27 18:45:39.953, 1, 79641 MiB, 100 %, 568.98 W, 1980 MHz
2026/09/27 18:45:39.954, 2, 79641 MiB, 100 %, 552.53 W, 1980 MHz
2026/09/27 18:45:39.954, 3, 79641 MiB, 100 %, 560.98 W, 1980 MHz
2026/09/27 18:45:39.955, 4, 79641 MiB, 100 %, 539.03 W, 1980 MHz
2026/09/27 18:45:39.955, 5, 79641 MiB, 100 %, 566.05 W, 1980 MHz
2026/09/27 18:45:39.956, 6, 79641 MiB, 100 %, 549.33 W, 1980 MHz
2026/09/27 18:45:39.957, 7, 79641 MiB, 100 %, 545.96 W, 1980 MHz
2026/09/27 18:45:40.957, 0, 79641 MiB, 100 %, 526.22 W, 1635 MHz
2026/09/27 18:45:40.958, 1, 79641 MiB, 100 %, 564.71 W, 1980 MHz
2026/09/27 18:45:40.959, 2, 79641 MiB, 100 %, 547.84 W, 1980 MHz
2026/09/27 18:45:40.960, 3, 79641 MiB, 100 %, 566.41 W, 1980 MHz
2026/09/27 18:45:40.960, 4, 79641 MiB, 100 %, 543.61 W, 1980 MHz
2026/09/27 18:45:40.961, 5, 79641 MiB, 100 %, 556.01 W, 1980 MHz
2026/09/27 18:45:40.962, 6, 79641 MiB, 100 %, 565.20 W, 1980 MHz
2026/09/27 18:45:40.962, 7, 79641 MiB, 100 %, 566.12 W, 1980 MHz
2026/09/27 18:45:41.963, 0, 79641 MiB, 100 %, 529.13 W, 1560 MHz
2026/09/27 18:45:41.964, 1, 79641 MiB, 100 %, 559.29 W, 1980 MHz
2026/09/27 18:45:41.965, 2, 79641 MiB, 100 %, 558.73 W, 1980 MHz
2026/09/27 18:45:41.965, 3, 79641 MiB, 100 %, 558.33 W, 1980 MHz
2026/09/27 18:45:41.966, 4, 79641 MiB, 100 %, 539.46 W, 1980 MHz
2026/09/27 18:45:41.967, 5, 79641 MiB, 100 %, 554.40 W, 1980 MHz
2026/09/27 18:45:41.967, 6, 79641 MiB, 100 %, 552.82 W, 1980 MHz
2026/09/27 18:45:41.968, 7, 79641 MiB, 100 %, 546.04 W, 1980 MHz
2026/09/27 18:45:42.969, 0, 79641 MiB, 100 %, 581.31 W, 1680 MHz
2026/09/27 18:45:42.970, 1, 79641 MiB, 100 %, 574.67 W, 1980 MHz
2026/09/27 18:45:42.970, 2, 79641 MiB, 100 %, 558.75 W, 1980 MHz
2026/09/27 18:45:42.971, 3, 79641 MiB, 100 %, 579.84 W, 1980 MHz
2026/09/27 18:45:42.972, 4, 79641 MiB, 100 %, 554.61 W, 1980 MHz
2026/09/27 18:45:42.972, 5, 79641 MiB, 100 %, 554.88 W, 1980 MHz
2026/09/27 18:45:42.973, 6, 79641 MiB, 100 %, 571.64 W, 1980 MHz
2026/09/27 18:45:42.974, 7, 79641 MiB, 100 %, 569.99 W, 1980 MHz
2026/09/27 18:45:43.974, 0, 79641 MiB, 100 %, 547.31 W, 1830 MHz
2026/09/27 18:45:43.975, 1, 79641 MiB, 100 %, 565.86 W, 1980 MHz
2026/09/27 18:45:43.976, 2, 79641 MiB, 100 %, 550.35 W, 1980 MHz
2026/09/27 18:45:43.977, 3, 79641 MiB, 100 %, 559.63 W, 1980 MHz
2026/09/27 18:45:43.977, 4, 79641 MiB, 100 %, 545.97 W, 1980 MHz
2026/09/27 18:45:43.978, 5, 79641 MiB, 100 %, 553.06 W, 1980 MHz
2026/09/27 18:45:43.979, 6, 79641 MiB, 100 %, 555.54 W, 1980 MHz
2026/09/27 18:45:43.979, 7, 79641 MiB, 100 %, 544.07 W, 1980 MHz
2026/09/27 18:45:44.980, 0, 79641 MiB, 100 %, 563.81 W, 1740 MHz
2026/09/27 18:45:44.981, 1, 79641 MiB, 100 %, 560.68 W, 1980 MHz
2026/09/27 18:45:44.982, 2, 79641 MiB, 100 %, 566.65 W, 1980 MHz
2026/09/27 18:45:44.982, 3, 79641 MiB, 100 %, 567.73 W, 1980 MHz
2026/09/27 18:45:44.983, 4, 79641 MiB, 100 %, 544.26 W, 1980 MHz
2026/09/27 18:45:44.983, 5, 79641 MiB, 100 %, 555.42 W, 1980 MHz
2026/09/27 18:45:44.984, 6, 79641 MiB, 100 %, 562.69 W, 1980 MHz
2026/09/27 18:45:44.985, 7, 79641 MiB, 100 %, 552.29 W, 1980 MHz
2026/09/27 18:45:45.985, 0, 79641 MiB, 100 %, 537.50 W, 1740 MHz
2026/09/27 18:45:45.986, 1, 79641 MiB, 100 %, 549.93 W, 1980 MHz
2026/09/27 18:45:45.987, 2, 79641 MiB, 100 %, 544.76 W, 1980 MHz
2026/09/27 18:45:45.988, 3, 79641 MiB, 100 %, 543.49 W, 1980 MHz
2026/09/27 18:45:45.988, 4, 79641 MiB, 100 %, 532.39 W, 1980 MHz
2026/09/27 18:45:45.989, 5, 79641 MiB, 100 %, 548.55 W, 1980 MHz
2026/09/27 18:45:45.990, 6, 79641 MiB, 100 %, 554.53 W, 1980 MHz
2026/09/27 18:45:45.990, 7, 79641 MiB, 100 %, 544.86 W, 1980 MHz
2026/09/27 18:45:46.991, 0, 79641 MiB, 100 %, 529.33 W, 1755 MHz
2026/09/27 18:45:46.992, 1, 79641 MiB, 100 %, 542.76 W, 1980 MHz
2026/09/27 18:45:46.993, 2, 79641 MiB, 100 %, 549.04 W, 1980 MHz
2026/09/27 18:45:46.994, 3, 79641 MiB, 100 %, 548.19 W, 1980 MHz
2026/09/27 18:45:46.994, 4, 79641 MiB, 100 %, 515.08 W, 1980 MHz
2026/09/27 18:45:46.995, 5, 79641 MiB, 100 %, 536.42 W, 1980 MHz
2026/09/27 18:45:46.996, 6, 79641 MiB, 100 %, 539.26 W, 1980 MHz
2026/09/27 18:45:46.996, 7, 79641 MiB, 100 %, 540.09 W, 1980 MHz
2026/09/27 18:45:47.997, 0, 79641 MiB, 100 %, 522.60 W, 1755 MHz
2026/09/27 18:45:47.998, 1, 79641 MiB, 100 %, 543.26 W, 1980 MHz
2026/09/27 18:45:47.999, 2, 79641 MiB, 100 %, 535.05 W, 1980 MHz
2026/09/27 18:45:47.999, 3, 79641 MiB, 100 %, 540.96 W, 1980 MHz
2026/09/27 18:45:48.000, 4, 79641 MiB, 100 %, 528.18 W, 1980 MHz
2026/09/27 18:45:48.001, 5, 79641 MiB, 100 %, 543.44 W, 1980 MHz
2026/09/27 18:45:48.001, 6, 79641 MiB, 100 %, 534.87 W, 1980 MHz
2026/09/27 18:45:48.002, 7, 79641 MiB, 100 %, 525.55 W, 1980 MHz
2026/09/27 18:45:49.003, 0, 79641 MiB, 100 %, 489.78 W, 1335 MHz
2026/09/27 18:45:49.004, 1, 79641 MiB, 100 %, 548.67 W, 1965 MHz
2026/09/27 18:45:49.004, 2, 79641 MiB, 100 %, 547.82 W, 1965 MHz
2026/09/27 18:45:49.005, 3, 79641 MiB, 100 %, 550.26 W, 1965 MHz
2026/09/27 18:45:49.006, 4, 79641 MiB, 100 %, 539.72 W, 1965 MHz
2026/09/27 18:45:49.007, 5, 79641 MiB, 100 %, 555.68 W, 1980 MHz
2026/09/27 18:45:49.007, 6, 79641 MiB, 100 %, 555.54 W, 1980 MHz
2026/09/27 18:45:49.008, 7, 79641 MiB, 100 %, 539.78 W, 1980 MHz
2026/09/27 18:45:50.009, 0, 79641 MiB, 100 %, 441.27 W, 1590 MHz
2026/09/27 18:45:50.010, 1, 79641 MiB, 100 %, 520.30 W, 1980 MHz
2026/09/27 18:45:50.010, 2, 79641 MiB, 100 %, 506.97 W, 1980 MHz
2026/09/27 18:45:50.011, 3, 79641 MiB, 100 %, 523.57 W, 1980 MHz
2026/09/27 18:45:50.012, 4, 79641 MiB, 100 %, 517.80 W, 1980 MHz
2026/09/27 18:45:50.012, 5, 79641 MiB, 100 %, 531.33 W, 1980 MHz
2026/09/27 18:45:50.013, 6, 79641 MiB, 100 %, 519.93 W, 1980 MHz
2026/09/27 18:45:50.013, 7, 79641 MiB, 100 %, 509.14 W, 1980 MHz
2026/09/27 18:45:51.014, 0, 79641 MiB, 100 %, 469.51 W, 1500 MHz
2026/09/27 18:45:51.015, 1, 79641 MiB, 100 %, 521.58 W, 1980 MHz
2026/09/27 18:45:51.016, 2, 79641 MiB, 100 %, 522.36 W, 1980 MHz
2026/09/27 18:45:51.016, 3, 79641 MiB, 100 %, 521.26 W, 1980 MHz
2026/09/27 18:45:51.017, 4, 79641 MiB, 100 %, 500.32 W, 1980 MHz
2026/09/27 18:45:51.018, 5, 79641 MiB, 100 %, 536.13 W, 1980 MHz
2026/09/27 18:45:51.018, 6, 79641 MiB, 100 %, 529.38 W, 1980 MHz
2026/09/27 18:45:51.019, 7, 79641 MiB, 100 %, 517.55 W, 1980 MHz
2026/09/27 18:45:52.020, 0, 79641 MiB, 100 %, 488.36 W, 1575 MHz
2026/09/27 18:45:52.021, 1, 79641 MiB, 100 %, 547.88 W, 1980 MHz
2026/09/27 18:45:52.021, 2, 79641 MiB, 100 %, 533.39 W, 1980 MHz
2026/09/27 18:45:52.022, 3, 79641 MiB, 100 %, 537.56 W, 1980 MHz
2026/09/27 18:45:52.023, 4, 79641 MiB, 100 %, 519.69 W, 1980 MHz
2026/09/27 18:45:52.023, 5, 79641 MiB, 100 %, 541.24 W, 1980 MHz
2026/09/27 18:45:52.024, 6, 79641 MiB, 100 %, 535.23 W, 1980 MHz
2026/09/27 18:45:52.024, 7, 79641 MiB, 100 %, 528.17 W, 1980 MHz
2026/09/27 18:45:53.025, 0, 79641 MiB, 100 %, 507.82 W, 1665 MHz
2026/09/27 18:45:53.026, 1, 79641 MiB, 100 %, 546.29 W, 1980 MHz
2026/09/27 18:45:53.027, 2, 79641 MiB, 100 %, 534.80 W, 1980 MHz
2026/09/27 18:45:53.028, 3, 79641 MiB, 100 %, 540.16 W, 1980 MHz
2026/09/27 18:45:53.028, 4, 79641 MiB, 100 %, 526.73 W, 1980 MHz
2026/09/27 18:45:53.029, 5, 79641 MiB, 100 %, 552.70 W, 1980 MHz
2026/09/27 18:45:53.030, 6, 79641 MiB, 100 %, 545.48 W, 1980 MHz
2026/09/27 18:45:53.030, 7, 79641 MiB, 100 %, 529.40 W, 1980 MHz
2026/09/27 18:45:54.031, 0, 79641 MiB, 100 %, 517.95 W, 1575 MHz
2026/09/27 18:45:54.032, 1, 79641 MiB, 100 %, 550.81 W, 1980 MHz
2026/09/27 18:45:54.033, 2, 79641 MiB, 100 %, 541.01 W, 1980 MHz
2026/09/27 18:45:54.033, 3, 79641 MiB, 100 %, 541.83 W, 1980 MHz
2026/09/27 18:45:54.034, 4, 79641 MiB, 100 %, 532.52 W, 1980 MHz
2026/09/27 18:45:54.035, 5, 79641 MiB, 100 %, 554.50 W, 1980 MHz
2026/09/27 18:45:54.035, 6, 79641 MiB, 100 %, 552.22 W, 1980 MHz
2026/09/27 18:45:54.036, 7, 79641 MiB, 100 %, 543.55 W, 1980 MHz
2026/09/27 18:45:55.037, 0, 79641 MiB, 100 %, 517.98 W, 1650 MHz
2026/09/27 18:45:55.038, 1, 79641 MiB, 100 %, 547.95 W, 1980 MHz
2026/09/27 18:45:55.038, 2, 79641 MiB, 100 %, 549.86 W, 1980 MHz
2026/09/27 18:45:55.039, 3, 79641 MiB, 100 %, 545.99 W, 1980 MHz
2026/09/27 18:45:55.040, 4, 79641 MiB, 100 %, 537.82 W, 1980 MHz
2026/09/27 18:45:55.040, 5, 79641 MiB, 100 %, 565.89 W, 1980 MHz
2026/09/27 18:45:55.041, 6, 79641 MiB, 100 %, 554.34 W, 1980 MHz
2026/09/27 18:45:55.042, 7, 79641 MiB, 100 %, 549.55 W, 1980 MHz
2026/09/27 18:45:56.042, 0, 79641 MiB, 100 %, 491.51 W, 1605 MHz
2026/09/27 18:45:56.043, 1, 79641 MiB, 100 %, 537.71 W, 1980 MHz
2026/09/27 18:45:56.044, 2, 79641 MiB, 100 %, 538.40 W, 1980 MHz
2026/09/27 18:45:56.045, 3, 79641 MiB, 100 %, 531.00 W, 1980 MHz
2026/09/27 18:45:56.045, 4, 79641 MiB, 100 %, 524.49 W, 1980 MHz
2026/09/27 18:45:56.046, 5, 79641 MiB, 100 %, 544.93 W, 1980 MHz
2026/09/27 18:45:56.047, 6, 79641 MiB, 100 %, 546.16 W, 1980 MHz
2026/09/27 18:45:56.047, 7, 79641 MiB, 100 %, 528.43 W, 1980 MHz
2026/09/27 18:45:57.048, 0, 79641 MiB, 100 %, 478.41 W, 1635 MHz
2026/09/27 18:45:57.049, 1, 79641 MiB, 100 %, 547.65 W, 1980 MHz
2026/09/27 18:45:57.050, 2, 79641 MiB, 100 %, 543.90 W, 1980 MHz
2026/09/27 18:45:57.051, 3, 79641 MiB, 100 %, 539.22 W, 1980 MHz
2026/09/27 18:45:57.051, 4, 79641 MiB, 100 %, 531.62 W, 1980 MHz
2026/09/27 18:45:57.052, 5, 79641 MiB, 100 %, 549.57 W, 1980 MHz
2026/09/27 18:45:57.053, 6, 79641 MiB, 100 %, 549.49 W, 1980 MHz
2026/09/27 18:45:57.053, 7, 79641 MiB, 100 %, 538.35 W, 1980 MHz
2026/09/27 18:45:58.054, 0, 79641 MiB, 100 %, 499.13 W, 1500 MHz
2026/09/27 18:45:58.056, 1, 79641 MiB, 100 %, 555.91 W, 1980 MHz
2026/09/27 18:45:58.056, 2, 79641 MiB, 100 %, 550.03 W, 1980 MHz
2026/09/27 18:45:58.057, 3, 79641 MiB, 100 %, 551.71 W, 1980 MHz
2026/09/27 18:45:58.057, 4, 79641 MiB, 100 %, 533.94 W, 1980 MHz
2026/09/27 18:45:58.058, 5, 79641 MiB, 100 %, 551.48 W, 1980 MHz
2026/09/27 18:45:58.059, 6, 79641 MiB, 100 %, 562.54 W, 1980 MHz
2026/09/27 18:45:58.059, 7, 79641 MiB, 100 %, 547.01 W, 1980 MHz
2026/09/27 18:45:59.060, 0, 79641 MiB, 100 %, 515.46 W, 1635 MHz
2026/09/27 18:45:59.061, 1, 79641 MiB, 100 %, 553.78 W, 1980 MHz
2026/09/27 18:45:59.061, 2, 79641 MiB, 100 %, 548.11 W, 1980 MHz
2026/09/27 18:45:59.062, 3, 79641 MiB, 100 %, 559.79 W, 1980 MHz
2026/09/27 18:45:59.063, 4, 79641 MiB, 100 %, 539.44 W, 1980 MHz
2026/09/27 18:45:59.063, 5, 79641 MiB, 100 %, 550.68 W, 1980 MHz
2026/09/27 18:45:59.064, 6, 79641 MiB, 100 %, 555.22 W, 1980 MHz
2026/09/27 18:45:59.065, 7, 79641 MiB, 100 %, 544.33 W, 1980 MHz
2026/09/27 18:46:00.065, 0, 79641 MiB, 100 %, 529.97 W, 1695 MHz
2026/09/27 18:46:00.066, 1, 79641 MiB, 100 %, 562.61 W, 1980 MHz
2026/09/27 18:46:00.067, 2, 79641 MiB, 100 %, 547.80 W, 1980 MHz
2026/09/27 18:46:00.068, 3, 79641 MiB, 100 %, 563.23 W, 1980 MHz
2026/09/27 18:46:00.068, 4, 79641 MiB, 100 %, 539.18 W, 1980 MHz
2026/09/27 18:46:00.069, 5, 79641 MiB, 100 %, 563.01 W, 1980 MHz
2026/09/27 18:46:00.069, 6, 79641 MiB, 100 %, 557.24 W, 1980 MHz
2026/09/27 18:46:00.070, 7, 79641 MiB, 100 %, 546.54 W, 1980 MHz
2026/09/27 18:46:01.071, 0, 79641 MiB, 100 %, 535.24 W, 1560 MHz
2026/09/27 18:46:01.072, 1, 79641 MiB, 100 %, 565.49 W, 1980 MHz
2026/09/27 18:46:01.072, 2, 79641 MiB, 100 %, 556.94 W, 1980 MHz
2026/09/27 18:46:01.073, 3, 79641 MiB, 100 %, 563.39 W, 1980 MHz
2026/09/27 18:46:01.074, 4, 79641 MiB, 100 %, 543.87 W, 1980 MHz
2026/09/27 18:46:01.074, 5, 79641 MiB, 100 %, 557.82 W, 1980 MHz
2026/09/27 18:46:01.075, 6, 79641 MiB, 100 %, 557.30 W, 1980 MHz
2026/09/27 18:46:01.075, 7, 79641 MiB, 100 %, 555.51 W, 1980 MHz
2026/09/27 18:46:02.076, 0, 79641 MiB, 100 %, 514.95 W, 1545 MHz
2026/09/27 18:46:02.077, 1, 79641 MiB, 100 %, 551.15 W, 1980 MHz
2026/09/27 18:46:02.078, 2, 79641 MiB, 100 %, 548.65 W, 1980 MHz
2026/09/27 18:46:02.079, 3, 79641 MiB, 100 %, 548.37 W, 1980 MHz
2026/09/27 18:46:02.079, 4, 79641 MiB, 100 %, 532.58 W, 1980 MHz
2026/09/27 18:46:02.080, 5, 79641 MiB, 100 %, 548.41 W, 1980 MHz
2026/09/27 18:46:02.081, 6, 79641 MiB, 100 %, 554.27 W, 1980 MHz
2026/09/27 18:46:02.081, 7, 79641 MiB, 100 %, 541.31 W, 1980 MHz
2026/09/27 18:46:03.082, 0, 79641 MiB, 100 %, 499.19 W, 1560 MHz
2026/09/27 18:46:03.083, 1, 79641 MiB, 100 %, 538.38 W, 1980 MHz
2026/09/27 18:46:03.084, 2, 79641 MiB, 100 %, 525.73 W, 1980 MHz
2026/09/27 18:46:03.085, 3, 79641 MiB, 100 %, 541.02 W, 1980 MHz
2026/09/27 18:46:03.086, 4, 79641 MiB, 100 %, 523.31 W, 1980 MHz
2026/09/27 18:46:03.086, 5, 79641 MiB, 100 %, 546.73 W, 1980 MHz
2026/09/27 18:46:03.087, 6, 79641 MiB, 100 %, 542.65 W, 1980 MHz
2026/09/27 18:46:03.088, 7, 79641 MiB, 100 %, 529.80 W, 1980 MHz
2026/09/27 18:46:04.088, 0, 79641 MiB, 100 %, 489.96 W, 1605 MHz
2026/09/27 18:46:04.089, 1, 79641 MiB, 100 %, 538.02 W, 1980 MHz
2026/09/27 18:46:04.090, 2, 79641 MiB, 100 %, 536.16 W, 1980 MHz
2026/09/27 18:46:04.091, 3, 79641 MiB, 100 %, 545.07 W, 1980 MHz
2026/09/27 18:46:04.091, 4, 79641 MiB, 100 %, 508.27 W, 1980 MHz
2026/09/27 18:46:04.092, 5, 79641 MiB, 100 %, 523.17 W, 1980 MHz
2026/09/27 18:46:04.093, 6, 79641 MiB, 100 %, 526.86 W, 1980 MHz
2026/09/27 18:46:04.093, 7, 79641 MiB, 100 %, 524.17 W, 1980 MHz
2026/09/27 18:46:05.094, 0, 79641 MiB, 100 %, 502.40 W, 1650 MHz
2026/09/27 18:46:05.095, 1, 79641 MiB, 100 %, 531.36 W, 1980 MHz
2026/09/27 18:46:05.095, 2, 79641 MiB, 100 %, 529.23 W, 1980 MHz
2026/09/27 18:46:05.096, 3, 79641 MiB, 100 %, 533.80 W, 1980 MHz
2026/09/27 18:46:05.097, 4, 79641 MiB, 100 %, 527.12 W, 1980 MHz
2026/09/27 18:46:05.097, 5, 79641 MiB, 100 %, 536.84 W, 1980 MHz
2026/09/27 18:46:05.098, 6, 79641 MiB, 100 %, 533.34 W, 1980 MHz
2026/09/27 18:46:05.099, 7, 79641 MiB, 100 %, 520.55 W, 1980 MHz
2026/09/27 18:46:06.099, 0, 79641 MiB, 100 %, 518.42 W, 1530 MHz
2026/09/27 18:46:06.101, 1, 79641 MiB, 100 %, 559.24 W, 1965 MHz
2026/09/27 18:46:06.101, 2, 79641 MiB, 100 %, 546.29 W, 1965 MHz
2026/09/27 18:46:06.102, 3, 79641 MiB, 100 %, 560.85 W, 1950 MHz
2026/09/27 18:46:06.102, 4, 79641 MiB, 100 %, 547.85 W, 1965 MHz
2026/09/27 18:46:06.103, 5, 79641 MiB, 100 %, 544.11 W, 1980 MHz
2026/09/27 18:46:06.104, 6, 79641 MiB, 100 %, 546.09 W, 1965 MHz
2026/09/27 18:46:06.104, 7, 79641 MiB, 100 %, 540.98 W, 1965 MHz
2026/09/27 18:46:07.105, 0, 79641 MiB, 100 %, 540.76 W, 1830 MHz
2026/09/27 18:46:07.106, 1, 79641 MiB, 100 %, 544.49 W, 1980 MHz
2026/09/27 18:46:07.107, 2, 79641 MiB, 100 %, 542.59 W, 1980 MHz
2026/09/27 18:46:07.107, 3, 79641 MiB, 100 %, 536.48 W, 1980 MHz
2026/09/27 18:46:07.108, 4, 79641 MiB, 100 %, 533.84 W, 1980 MHz
2026/09/27 18:46:07.109, 5, 79641 MiB, 100 %, 556.53 W, 1980 MHz
2026/09/27 18:46:07.109, 6, 79641 MiB, 100 %, 541.49 W, 1980 MHz
2026/09/27 18:46:07.110, 7, 79641 MiB, 100 %, 543.19 W, 1980 MHz
2026/09/27 18:46:08.110, 0, 79641 MiB, 100 %, 514.02 W, 1800 MHz
2026/09/27 18:46:08.112, 1, 79641 MiB, 100 %, 531.02 W, 1980 MHz
2026/09/27 18:46:08.112, 2, 79641 MiB, 100 %, 518.97 W, 1980 MHz
2026/09/27 18:46:08.113, 3, 79641 MiB, 100 %, 524.71 W, 1980 MHz
2026/09/27 18:46:08.114, 4, 79641 MiB, 100 %, 514.11 W, 1980 MHz
2026/09/27 18:46:08.114, 5, 79641 MiB, 100 %, 535.34 W, 1980 MHz
2026/09/27 18:46:08.115, 6, 79641 MiB, 100 %, 536.44 W, 1980 MHz
2026/09/27 18:46:08.115, 7, 79641 MiB, 100 %, 516.09 W, 1980 MHz
2026/09/27 18:46:09.116, 0, 79641 MiB, 100 %, 505.84 W, 1575 MHz
2026/09/27 18:46:09.117, 1, 79641 MiB, 100 %, 532.33 W, 1980 MHz
2026/09/27 18:46:09.118, 2, 79641 MiB, 100 %, 521.74 W, 1980 MHz
2026/09/27 18:46:09.118, 3, 79641 MiB, 100 %, 537.05 W, 1980 MHz
2026/09/27 18:46:09.119, 4, 79641 MiB, 100 %, 525.52 W, 1980 MHz
2026/09/27 18:46:09.120, 5, 79641 MiB, 100 %, 541.49 W, 1980 MHz
2026/09/27 18:46:09.120, 6, 79641 MiB, 100 %, 536.62 W, 1980 MHz
2026/09/27 18:46:09.121, 7, 79641 MiB, 100 %, 531.16 W, 1980 MHz
2026/09/27 18:46:10.122, 0, 79641 MiB, 100 %, 505.16 W, 1605 MHz
2026/09/27 18:46:10.123, 1, 79641 MiB, 100 %, 548.14 W, 1980 MHz
2026/09/27 18:46:10.123, 2, 79641 MiB, 100 %, 527.23 W, 1980 MHz
2026/09/27 18:46:10.124, 3, 79641 MiB, 100 %, 540.54 W, 1980 MHz
2026/09/27 18:46:10.124, 4, 79641 MiB, 100 %, 535.60 W, 1980 MHz
2026/09/27 18:46:10.125, 5, 79641 MiB, 100 %, 548.74 W, 1980 MHz
2026/09/27 18:46:10.126, 6, 79641 MiB, 100 %, 543.41 W, 1980 MHz
2026/09/27 18:46:10.126, 7, 79641 MiB, 100 %, 536.57 W, 1980 MHz
2026/09/27 18:46:11.127, 0, 79641 MiB, 100 %, 554.26 W, 1860 MHz
2026/09/27 18:46:11.128, 1, 79641 MiB, 100 %, 562.77 W, 1980 MHz
2026/09/27 18:46:11.129, 2, 79641 MiB, 100 %, 548.90 W, 1980 MHz
2026/09/27 18:46:11.129, 3, 79641 MiB, 100 %, 548.03 W, 1980 MHz
2026/09/27 18:46:11.130, 4, 79641 MiB, 100 %, 542.87 W, 1980 MHz
2026/09/27 18:46:11.130, 5, 79641 MiB, 100 %, 567.13 W, 1980 MHz
2026/09/27 18:46:11.131, 6, 79641 MiB, 100 %, 557.97 W, 1980 MHz
2026/09/27 18:46:11.132, 7, 79641 MiB, 100 %, 551.74 W, 1980 MHz
2026/09/27 18:46:12.132, 0, 79641 MiB, 100 %, 481.34 W, 1470 MHz
2026/09/27 18:46:12.133, 1, 79641 MiB, 100 %, 545.25 W, 1980 MHz
2026/09/27 18:46:12.134, 2, 79641 MiB, 100 %, 538.56 W, 1980 MHz
2026/09/27 18:46:12.135, 3, 79641 MiB, 100 %, 530.73 W, 1980 MHz
2026/09/27 18:46:12.135, 4, 79641 MiB, 100 %, 529.07 W, 1980 MHz
2026/09/27 18:46:12.136, 5, 79641 MiB, 100 %, 550.02 W, 1980 MHz
2026/09/27 18:46:12.137, 6, 79641 MiB, 100 %, 546.03 W, 1980 MHz
2026/09/27 18:46:12.137, 7, 79641 MiB, 100 %, 536.39 W, 1980 MHz
2026/09/27 18:46:13.138, 0, 79641 MiB, 100 %, 498.07 W, 1545 MHz
2026/09/27 18:46:13.139, 1, 79641 MiB, 100 %, 541.73 W, 1980 MHz
2026/09/27 18:46:13.140, 2, 79641 MiB, 100 %, 540.30 W, 1980 MHz
2026/09/27 18:46:13.141, 3, 79641 MiB, 100 %, 537.09 W, 1980 MHz
2026/09/27 18:46:13.141, 4, 79641 MiB, 100 %, 531.24 W, 1980 MHz
2026/09/27 18:46:13.142, 5, 79641 MiB, 100 %, 559.85 W, 1980 MHz
2026/09/27 18:46:13.143, 6, 79641 MiB, 100 %, 551.79 W, 1980 MHz
2026/09/27 18:46:13.143, 7, 79641 MiB, 100 %, 537.76 W, 1980 MHz
2026/09/27 18:46:14.144, 0, 79641 MiB, 100 %, 503.39 W, 1500 MHz
2026/09/27 18:46:14.145, 1, 79641 MiB, 100 %, 563.31 W, 1980 MHz
2026/09/27 18:46:14.146, 2, 79641 MiB, 100 %, 558.70 W, 1980 MHz
2026/09/27 18:46:14.146, 3, 79641 MiB, 100 %, 557.22 W, 1980 MHz
2026/09/27 18:46:14.147, 4, 79641 MiB, 100 %, 544.64 W, 1980 MHz
2026/09/27 18:46:14.147, 5, 79641 MiB, 100 %, 559.85 W, 1980 MHz
2026/09/27 18:46:14.148, 6, 79641 MiB, 100 %, 566.91 W, 1980 MHz
2026/09/27 18:46:14.149, 7, 79641 MiB, 100 %, 557.21 W, 1980 MHz
2026/09/27 18:46:15.149, 0, 79641 MiB, 100 %, 520.73 W, 1755 MHz
2026/09/27 18:46:15.150, 1, 79641 MiB, 100 %, 551.11 W, 1980 MHz
2026/09/27 18:46:15.151, 2, 79641 MiB, 100 %, 566.51 W, 1980 MHz
2026/09/27 18:46:15.152, 3, 79641 MiB, 100 %, 551.28 W, 1980 MHz
2026/09/27 18:46:15.152, 4, 79641 MiB, 100 %, 539.33 W, 1980 MHz
2026/09/27 18:46:15.153, 5, 79641 MiB, 100 %, 548.40 W, 1980 MHz
2026/09/27 18:46:15.153, 6, 79641 MiB, 100 %, 565.69 W, 1980 MHz
2026/09/27 18:46:15.154, 7, 79641 MiB, 100 %, 555.33 W, 1980 MHz
2026/09/27 18:46:16.155, 0, 79641 MiB, 100 %, 546.38 W, 1500 MHz
2026/09/27 18:46:16.155, 1, 79641 MiB, 100 %, 560.01 W, 1980 MHz
2026/09/27 18:46:16.156, 2, 79641 MiB, 100 %, 560.39 W, 1980 MHz
2026/09/27 18:46:16.157, 3, 79641 MiB, 100 %, 567.69 W, 1980 MHz
2026/09/27 18:46:16.157, 4, 79641 MiB, 100 %, 544.69 W, 1980 MHz
2026/09/27 18:46:16.158, 5, 79641 MiB, 100 %, 563.47 W, 1980 MHz
2026/09/27 18:46:16.159, 6, 79641 MiB, 100 %, 561.42 W, 1980 MHz
2026/09/27 18:46:16.159, 7, 79641 MiB, 100 %, 550.87 W, 1980 MHz
2026/09/27 18:46:17.160, 0, 79641 MiB, 100 %, 547.90 W, 1605 MHz
2026/09/27 18:46:17.161, 1, 79641 MiB, 100 %, 576.74 W, 1980 MHz
2026/09/27 18:46:17.162, 2, 79641 MiB, 100 %, 561.96 W, 1980 MHz
2026/09/27 18:46:17.162, 3, 79641 MiB, 100 %, 570.87 W, 1980 MHz
2026/09/27 18:46:17.163, 4, 79641 MiB, 100 %, 544.36 W, 1980 MHz
2026/09/27 18:46:17.164, 5, 79641 MiB, 100 %, 554.92 W, 1980 MHz
2026/09/27 18:46:17.164, 6, 79641 MiB, 100 %, 563.06 W, 1980 MHz
2026/09/27 18:46:17.165, 7, 79641 MiB, 100 %, 561.99 W, 1980 MHz
2026/09/27 18:46:18.165, 0, 79641 MiB, 100 %, 529.53 W, 1485 MHz
2026/09/27 18:46:18.167, 1, 79641 MiB, 100 %, 559.87 W, 1980 MHz
2026/09/27 18:46:18.167, 2, 79641 MiB, 100 %, 550.97 W, 1980 MHz
2026/09/27 18:46:18.168, 3, 79641 MiB, 100 %, 557.13 W, 1980 MHz
2026/09/27 18:46:18.169, 4, 79641 MiB, 100 %, 535.93 W, 1980 MHz
2026/09/27 18:46:18.169, 5, 79641 MiB, 100 %, 545.15 W, 1980 MHz
2026/09/27 18:46:18.170, 6, 79641 MiB, 100 %, 558.17 W, 1980 MHz
2026/09/27 18:46:18.170, 7, 79641 MiB, 100 %, 549.17 W, 1980 MHz
2026/09/27 18:46:19.171, 0, 79641 MiB, 100 %, 495.14 W, 1575 MHz
2026/09/27 18:46:19.172, 1, 79641 MiB, 100 %, 541.57 W, 1980 MHz
2026/09/27 18:46:19.173, 2, 79641 MiB, 100 %, 537.04 W, 1980 MHz
2026/09/27 18:46:19.173, 3, 79641 MiB, 100 %, 546.99 W, 1980 MHz
2026/09/27 18:46:19.174, 4, 79641 MiB, 100 %, 528.13 W, 1980 MHz
2026/09/27 18:46:19.175, 5, 79641 MiB, 100 %, 539.00 W, 1980 MHz
2026/09/27 18:46:19.175, 6, 79641 MiB, 100 %, 540.28 W, 1980 MHz
2026/09/27 18:46:19.176, 7, 79641 MiB, 100 %, 534.02 W, 1980 MHz
2026/09/27 18:46:20.176, 0, 79641 MiB, 100 %, 504.60 W, 1455 MHz
2026/09/27 18:46:20.178, 1, 79641 MiB, 100 %, 548.05 W, 1980 MHz
2026/09/27 18:46:20.179, 2, 79641 MiB, 100 %, 533.29 W, 1980 MHz
2026/09/27 18:46:20.180, 3, 79641 MiB, 100 %, 544.28 W, 1980 MHz
2026/09/27 18:46:20.183, 4, 79641 MiB, 100 %, 526.97 W, 1980 MHz
2026/09/27 18:46:20.184, 5, 79641 MiB, 100 %, 537.70 W, 1980 MHz
2026/09/27 18:46:20.185, 6, 79641 MiB, 100 %, 540.97 W, 1980 MHz
2026/09/27 18:46:20.187, 7, 79641 MiB, 100 %, 534.29 W, 1980 MHz
2026/09/27 18:46:21.188, 0, 79641 MiB, 100 %, 505.93 W, 1695 MHz
2026/09/27 18:46:21.189, 1, 79641 MiB, 100 %, 543.36 W, 1980 MHz
2026/09/27 18:46:21.190, 2, 79641 MiB, 100 %, 540.33 W, 1980 MHz
2026/09/27 18:46:21.191, 3, 79641 MiB, 100 %, 546.02 W, 1980 MHz
2026/09/27 18:46:21.191, 4, 79641 MiB, 100 %, 526.40 W, 1980 MHz
2026/09/27 18:46:21.192, 5, 79641 MiB, 100 %, 535.55 W, 1980 MHz
2026/09/27 18:46:21.193, 6, 79641 MiB, 100 %, 535.17 W, 1980 MHz
2026/09/27 18:46:21.193, 7, 79641 MiB, 100 %, 527.38 W, 1980 MHz
2026/09/27 18:46:22.194, 0, 79641 MiB, 100 %, 510.59 W, 1395 MHz
2026/09/27 18:46:22.195, 1, 79641 MiB, 100 %, 538.50 W, 1980 MHz
2026/09/27 18:46:22.195, 2, 79641 MiB, 100 %, 537.96 W, 1980 MHz
2026/09/27 18:46:22.196, 3, 79641 MiB, 100 %, 535.36 W, 1980 MHz
2026/09/27 18:46:22.197, 4, 79641 MiB, 100 %, 523.57 W, 1980 MHz
2026/09/27 18:46:22.197, 5, 79641 MiB, 100 %, 545.31 W, 1980 MHz
2026/09/27 18:46:22.198, 6, 79641 MiB, 100 %, 544.48 W, 1980 MHz
2026/09/27 18:46:22.201, 7, 79641 MiB, 100 %, 529.12 W, 1980 MHz
2026/09/27 18:46:23.202, 0, 79641 MiB, 100 %, 451.24 W, 1320 MHz
2026/09/27 18:46:23.202, 1, 79641 MiB, 100 %, 538.63 W, 1950 MHz
2026/09/27 18:46:23.203, 2, 79641 MiB, 100 %, 513.38 W, 1980 MHz
2026/09/27 18:46:23.204, 3, 79641 MiB, 100 %, 533.74 W, 1950 MHz
2026/09/27 18:46:23.204, 4, 79641 MiB, 100 %, 511.46 W, 1950 MHz
2026/09/27 18:46:23.205, 5, 79641 MiB, 100 %, 528.05 W, 1950 MHz
2026/09/27 18:46:23.206, 6, 79641 MiB, 100 %, 526.84 W, 1980 MHz
2026/09/27 18:46:23.206, 7, 79641 MiB, 100 %, 514.30 W, 1980 MHz
2026/09/27 18:46:24.207, 0, 79641 MiB, 100 %, 398.01 W, 1980 MHz
2026/09/27 18:46:24.208, 1, 79641 MiB, 100 %, 393.51 W, 1980 MHz
2026/09/27 18:46:24.209, 2, 79641 MiB, 98 %, 385.49 W, 1980 MHz
2026/09/27 18:46:24.210, 3, 79641 MiB, 100 %, 385.94 W, 1980 MHz
2026/09/27 18:46:24.210, 4, 79641 MiB, 100 %, 383.82 W, 1980 MHz
2026/09/27 18:46:24.211, 5, 79641 MiB, 100 %, 403.48 W, 1980 MHz
2026/09/27 18:46:24.212, 6, 79641 MiB, 100 %, 378.80 W, 1980 MHz
2026/09/27 18:46:24.212, 7, 79641 MiB, 100 %, 376.01 W, 1980 MHz
2026/09/27 18:46:25.213, 0, 79641 MiB, 100 %, 463.17 W, 1980 MHz
2026/09/27 18:46:25.214, 1, 79641 MiB, 100 %, 395.72 W, 1980 MHz
2026/09/27 18:46:25.215, 2, 79641 MiB, 100 %, 380.71 W, 1980 MHz
2026/09/27 18:46:25.215, 3, 79641 MiB, 100 %, 399.58 W, 1980 MHz
2026/09/27 18:46:25.216, 4, 79641 MiB, 100 %, 380.86 W, 1980 MHz
2026/09/27 18:46:25.217, 5, 79641 MiB, 100 %, 385.02 W, 1980 MHz
2026/09/27 18:46:25.218, 6, 79641 MiB, 100 %, 402.93 W, 1980 MHz
2026/09/27 18:46:25.218, 7, 79641 MiB, 100 %, 386.39 W, 1980 MHz
2026/09/27 18:46:26.219, 0, 79641 MiB, 100 %, 558.39 W, 1875 MHz
2026/09/27 18:46:26.220, 1, 79641 MiB, 100 %, 546.01 W, 1980 MHz
2026/09/27 18:46:26.221, 2, 79641 MiB, 100 %, 542.46 W, 1980 MHz
2026/09/27 18:46:26.222, 3, 79641 MiB, 100 %, 530.60 W, 1980 MHz
2026/09/27 18:46:26.222, 4, 79641 MiB, 100 %, 532.41 W, 1980 MHz
2026/09/27 18:46:26.223, 5, 79641 MiB, 100 %, 555.85 W, 1980 MHz
2026/09/27 18:46:26.224, 6, 79641 MiB, 100 %, 536.23 W, 1980 MHz
2026/09/27 18:46:26.224, 7, 79641 MiB, 100 %, 534.45 W, 1980 MHz
2026/09/27 18:46:27.225, 0, 79641 MiB, 100 %, 508.93 W, 1740 MHz
2026/09/27 18:46:27.226, 1, 79641 MiB, 100 %, 537.46 W, 1980 MHz
2026/09/27 18:46:27.227, 2, 79641 MiB, 100 %, 527.60 W, 1980 MHz
2026/09/27 18:46:27.228, 3, 79641 MiB, 100 %, 530.03 W, 1980 MHz
2026/09/27 18:46:27.229, 4, 79641 MiB, 100 %, 515.31 W, 1980 MHz
2026/09/27 18:46:27.229, 5, 79641 MiB, 100 %, 534.32 W, 1980 MHz
2026/09/27 18:46:27.230, 6, 79641 MiB, 100 %, 539.26 W, 1980 MHz
2026/09/27 18:46:27.231, 7, 79641 MiB, 100 %, 522.05 W, 1980 MHz
2026/09/27 18:46:28.232, 0, 79641 MiB, 100 %, 507.23 W, 1425 MHz
2026/09/27 18:46:28.233, 1, 79641 MiB, 100 %, 541.37 W, 1980 MHz
2026/09/27 18:46:28.234, 2, 79641 MiB, 100 %, 533.56 W, 1980 MHz
2026/09/27 18:46:28.235, 3, 79641 MiB, 100 %, 545.41 W, 1980 MHz
2026/09/27 18:46:28.235, 4, 79641 MiB, 100 %, 530.50 W, 1980 MHz
2026/09/27 18:46:28.236, 5, 79641 MiB, 100 %, 549.49 W, 1980 MHz
2026/09/27 18:46:28.237, 6, 79641 MiB, 100 %, 548.71 W, 1980 MHz
2026/09/27 18:46:28.237, 7, 79641 MiB, 100 %, 531.74 W, 1980 MHz
2026/09/27 18:46:29.238, 0, 79641 MiB, 100 %, 456.19 W, 1440 MHz
2026/09/27 18:46:29.239, 1, 79641 MiB, 100 %, 533.64 W, 1980 MHz
2026/09/27 18:46:29.240, 2, 79641 MiB, 100 %, 515.83 W, 1980 MHz
2026/09/27 18:46:29.241, 3, 79641 MiB, 100 %, 522.97 W, 1980 MHz
2026/09/27 18:46:29.241, 4, 79641 MiB, 100 %, 517.78 W, 1980 MHz
2026/09/27 18:46:29.242, 5, 79641 MiB, 100 %, 537.38 W, 1980 MHz
2026/09/27 18:46:29.242, 6, 79641 MiB, 100 %, 524.69 W, 1980 MHz
2026/09/27 18:46:29.243, 7, 79641 MiB, 100 %, 521.83 W, 1980 MHz
2026/09/27 18:46:30.244, 0, 79641 MiB, 100 %, 481.81 W, 1470 MHz
2026/09/27 18:46:30.245, 1, 79641 MiB, 100 %, 543.94 W, 1980 MHz
2026/09/27 18:46:30.245, 2, 79641 MiB, 100 %, 531.79 W, 1980 MHz
2026/09/27 18:46:30.246, 3, 79641 MiB, 100 %, 537.59 W, 1980 MHz
2026/09/27 18:46:30.246, 4, 79641 MiB, 100 %, 528.95 W, 1980 MHz
2026/09/27 18:46:30.247, 5, 79641 MiB, 100 %, 543.91 W, 1980 MHz
2026/09/27 18:46:30.248, 6, 79641 MiB, 100 %, 534.90 W, 1980 MHz
2026/09/27 18:46:30.248, 7, 79641 MiB, 100 %, 531.94 W, 1980 MHz
2026/09/27 18:46:31.249, 0, 79641 MiB, 100 %, 491.58 W, 1515 MHz
2026/09/27 18:46:31.250, 1, 79641 MiB, 100 %, 544.20 W, 1980 MHz
2026/09/27 18:46:31.251, 2, 79641 MiB, 100 %, 543.42 W, 1980 MHz
2026/09/27 18:46:31.251, 3, 79641 MiB, 100 %, 543.33 W, 1980 MHz
2026/09/27 18:46:31.252, 4, 79641 MiB, 100 %, 532.77 W, 1980 MHz
2026/09/27 18:46:31.252, 5, 79641 MiB, 100 %, 550.67 W, 1980 MHz
2026/09/27 18:46:31.253, 6, 79641 MiB, 100 %, 540.09 W, 1980 MHz
2026/09/27 18:46:31.254, 7, 79641 MiB, 100 %, 530.01 W, 1980 MHz
2026/09/27 18:46:32.254, 0, 79641 MiB, 100 %, 492.36 W, 1425 MHz
2026/09/27 18:46:32.256, 1, 79641 MiB, 100 %, 545.01 W, 1980 MHz
2026/09/27 18:46:32.256, 2, 79641 MiB, 100 %, 546.59 W, 1980 MHz
2026/09/27 18:46:32.257, 3, 79641 MiB, 100 %, 547.96 W, 1980 MHz
2026/09/27 18:46:32.258, 4, 79641 MiB, 100 %, 531.20 W, 1980 MHz
2026/09/27 18:46:32.258, 5, 79641 MiB, 100 %, 550.16 W, 1980 MHz
2026/09/27 18:46:32.259, 6, 79641 MiB, 100 %, 546.66 W, 1980 MHz
2026/09/27 18:46:32.260, 7, 79641 MiB, 100 %, 533.88 W, 1980 MHz
2026/09/27 18:46:33.260, 0, 79641 MiB, 100 %, 500.55 W, 1455 MHz
2026/09/27 18:46:33.262, 1, 79641 MiB, 100 %, 549.26 W, 1980 MHz
2026/09/27 18:46:33.262, 2, 79641 MiB, 100 %, 551.89 W, 1980 MHz
2026/09/27 18:46:33.263, 3, 79641 MiB, 100 %, 556.28 W, 1980 MHz
2026/09/27 18:46:33.264, 4, 79641 MiB, 100 %, 527.48 W, 1980 MHz
2026/09/27 18:46:33.264, 5, 79641 MiB, 100 %, 558.82 W, 1980 MHz
2026/09/27 18:46:33.265, 6, 79641 MiB, 100 %, 561.74 W, 1980 MHz
2026/09/27 18:46:33.265, 7, 79641 MiB, 100 %, 553.47 W, 1980 MHz
2026/09/27 18:46:34.266, 0, 79641 MiB, 100 %, 512.12 W, 1695 MHz
2026/09/27 18:46:34.267, 1, 79641 MiB, 100 %, 561.21 W, 1980 MHz
2026/09/27 18:46:34.268, 2, 79641 MiB, 100 %, 544.58 W, 1980 MHz
2026/09/27 18:46:34.268, 3, 79641 MiB, 100 %, 562.62 W, 1980 MHz
2026/09/27 18:46:34.269, 4, 79641 MiB, 100 %, 535.53 W, 1980 MHz
2026/09/27 18:46:34.270, 5, 79641 MiB, 100 %, 550.04 W, 1980 MHz
2026/09/27 18:46:34.270, 6, 79641 MiB, 100 %, 551.86 W, 1980 MHz
2026/09/27 18:46:34.271, 7, 79641 MiB, 100 %, 552.91 W, 1980 MHz
2026/09/27 18:46:35.272, 0, 79641 MiB, 100 %, 543.05 W, 1785 MHz
2026/09/27 18:46:35.273, 1, 79641 MiB, 100 %, 560.42 W, 1980 MHz
2026/09/27 18:46:35.273, 2, 79641 MiB, 100 %, 568.60 W, 1980 MHz
2026/09/27 18:46:35.274, 3, 79641 MiB, 100 %, 570.08 W, 1980 MHz
2026/09/27 18:46:35.275, 4, 79641 MiB, 100 %, 544.46 W, 1980 MHz
2026/09/27 18:46:35.275, 5, 79641 MiB, 100 %, 564.34 W, 1980 MHz
2026/09/27 18:46:35.276, 6, 79641 MiB, 100 %, 566.93 W, 1980 MHz
2026/09/27 18:46:35.277, 7, 79641 MiB, 100 %, 559.26 W, 1980 MHz
2026/09/27 18:46:36.278, 0, 79641 MiB, 100 %, 582.49 W, 1785 MHz
2026/09/27 18:46:36.278, 1, 79641 MiB, 100 %, 573.01 W, 1980 MHz
2026/09/27 18:46:36.279, 2, 79641 MiB, 100 %, 561.14 W, 1980 MHz
2026/09/27 18:46:36.280, 3, 79641 MiB, 100 %, 575.91 W, 1980 MHz
2026/09/27 18:46:36.280, 4, 79641 MiB, 100 %, 553.04 W, 1980 MHz
2026/09/27 18:46:36.281, 5, 79641 MiB, 100 %, 562.81 W, 1980 MHz
2026/09/27 18:46:36.282, 6, 79641 MiB, 100 %, 563.85 W, 1980 MHz
2026/09/27 18:46:36.282, 7, 79641 MiB, 100 %, 570.73 W, 1980 MHz
2026/09/27 18:46:37.283, 0, 79641 MiB, 100 %, 494.87 W, 1530 MHz
2026/09/27 18:46:37.284, 1, 79641 MiB, 100 %, 544.31 W, 1980 MHz
2026/09/27 18:46:37.285, 2, 79641 MiB, 100 %, 526.02 W, 1980 MHz
2026/09/27 18:46:37.285, 3, 79641 MiB, 100 %, 547.98 W, 1980 MHz
2026/09/27 18:46:37.286, 4, 79641 MiB, 100 %, 527.94 W, 1980 MHz
2026/09/27 18:46:37.287, 5, 79641 MiB, 100 %, 540.62 W, 1980 MHz
2026/09/27 18:46:37.287, 6, 79641 MiB, 100 %, 538.79 W, 1980 MHz
2026/09/27 18:46:37.288, 7, 79641 MiB, 100 %, 526.44 W, 1980 MHz
2026/09/27 18:46:38.289, 0, 79641 MiB, 100 %, 506.80 W, 1635 MHz
2026/09/27 18:46:38.289, 1, 79641 MiB, 100 %, 547.37 W, 1980 MHz
2026/09/27 18:46:38.290, 2, 79641 MiB, 100 %, 551.21 W, 1980 MHz
2026/09/27 18:46:38.291, 3, 79641 MiB, 100 %, 548.80 W, 1980 MHz
2026/09/27 18:46:38.291, 4, 79641 MiB, 100 %, 524.97 W, 1980 MHz
2026/09/27 18:46:38.292, 5, 79641 MiB, 100 %, 535.79 W, 1980 MHz
2026/09/27 18:46:38.293, 6, 79641 MiB, 100 %, 543.45 W, 1980 MHz
2026/09/27 18:46:38.293, 7, 79641 MiB, 100 %, 543.25 W, 1980 MHz
2026/09/27 18:46:39.294, 0, 79641 MiB, 100 %, 512.29 W, 1650 MHz
2026/09/27 18:46:39.295, 1, 79641 MiB, 100 %, 542.08 W, 1980 MHz
2026/09/27 18:46:39.296, 2, 79641 MiB, 100 %, 542.15 W, 1980 MHz
2026/09/27 18:46:39.296, 3, 79641 MiB, 100 %, 550.51 W, 1980 MHz
2026/09/27 18:46:39.297, 4, 79641 MiB, 100 %, 520.47 W, 1980 MHz
2026/09/27 18:46:39.298, 5, 79641 MiB, 100 %, 541.10 W, 1980 MHz
2026/09/27 18:46:39.298, 6, 79641 MiB, 100 %, 544.61 W, 1980 MHz
2026/09/27 18:46:39.299, 7, 79641 MiB, 100 %, 534.72 W, 1980 MHz
2026/09/27 18:46:40.299, 0, 79641 MiB, 100 %, 515.45 W, 1590 MHz
2026/09/27 18:46:40.300, 1, 79641 MiB, 100 %, 536.28 W, 1980 MHz
2026/09/27 18:46:40.301, 2, 79641 MiB, 100 %, 540.93 W, 1980 MHz
2026/09/27 18:46:40.302, 3, 79641 MiB, 100 %, 538.80 W, 1980 MHz
2026/09/27 18:46:40.302, 4, 79641 MiB, 100 %, 521.14 W, 1980 MHz
2026/09/27 18:46:40.303, 5, 79641 MiB, 100 %, 532.97 W, 1980 MHz
2026/09/27 18:46:40.304, 6, 79641 MiB, 100 %, 540.00 W, 1980 MHz
2026/09/27 18:46:40.304, 7, 79641 MiB, 100 %, 535.03 W, 1980 MHz
2026/09/27 18:46:41.305, 0, 79641 MiB, 100 %, 520.49 W, 1545 MHz
2026/09/27 18:46:41.306, 1, 79641 MiB, 100 %, 547.21 W, 1935 MHz
2026/09/27 18:46:41.307, 2, 79641 MiB, 100 %, 546.70 W, 1965 MHz
2026/09/27 18:46:41.307, 3, 79641 MiB, 100 %, 549.48 W, 1965 MHz
2026/09/27 18:46:41.308, 4, 79641 MiB, 100 %, 539.73 W, 1965 MHz
2026/09/27 18:46:41.309, 5, 79641 MiB, 100 %, 538.84 W, 1965 MHz
2026/09/27 18:46:41.309, 6, 79641 MiB, 100 %, 547.54 W, 1965 MHz
2026/09/27 18:46:41.310, 7, 79641 MiB, 100 %, 540.07 W, 1965 MHz
2026/09/27 18:46:42.311, 0, 79641 MiB, 100 %, 529.75 W, 1680 MHz
2026/09/27 18:46:42.312, 1, 79641 MiB, 100 %, 566.66 W, 1980 MHz
2026/09/27 18:46:42.313, 2, 79641 MiB, 100 %, 556.76 W, 1980 MHz
2026/09/27 18:46:42.313, 3, 79641 MiB, 100 %, 570.29 W, 1980 MHz
2026/09/27 18:46:42.314, 4, 79641 MiB, 100 %, 551.28 W, 1980 MHz
2026/09/27 18:46:42.315, 5, 79641 MiB, 100 %, 561.14 W, 1965 MHz
2026/09/27 18:46:42.315, 6, 79641 MiB, 100 %, 558.10 W, 1980 MHz
2026/09/27 18:46:42.316, 7, 79641 MiB, 100 %, 551.59 W, 1980 MHz
2026/09/27 18:46:43.317, 0, 79641 MiB, 100 %, 536.04 W, 1815 MHz
2026/09/27 18:46:43.318, 1, 79641 MiB, 100 %, 538.25 W, 1980 MHz
2026/09/27 18:46:43.319, 2, 79641 MiB, 100 %, 534.05 W, 1980 MHz
2026/09/27 18:46:43.319, 3, 79641 MiB, 100 %, 531.13 W, 1980 MHz
2026/09/27 18:46:43.320, 4, 79641 MiB, 100 %, 525.88 W, 1980 MHz
2026/09/27 18:46:43.321, 5, 79641 MiB, 100 %, 549.23 W, 1980 MHz
2026/09/27 18:46:43.321, 6, 79641 MiB, 100 %, 536.14 W, 1980 MHz
2026/09/27 18:46:43.322, 7, 79641 MiB, 100 %, 535.44 W, 1980 MHz
2026/09/27 18:46:44.323, 0, 79641 MiB, 100 %, 538.00 W, 1665 MHz
2026/09/27 18:46:44.324, 1, 79641 MiB, 100 %, 536.09 W, 1980 MHz
2026/09/27 18:46:44.325, 2, 79641 MiB, 100 %, 524.83 W, 1980 MHz
2026/09/27 18:46:44.325, 3, 79641 MiB, 100 %, 530.68 W, 1980 MHz
2026/09/27 18:46:44.326, 4, 79641 MiB, 100 %, 519.20 W, 1980 MHz
2026/09/27 18:46:44.327, 5, 79641 MiB, 100 %, 546.54 W, 1980 MHz
2026/09/27 18:46:44.327, 6, 79641 MiB, 100 %, 541.86 W, 1980 MHz
2026/09/27 18:46:44.328, 7, 79641 MiB, 100 %, 525.84 W, 1980 MHz
2026/09/27 18:46:45.329, 0, 79641 MiB, 100 %, 540.44 W, 1845 MHz
2026/09/27 18:46:45.330, 1, 79641 MiB, 100 %, 550.15 W, 1980 MHz
2026/09/27 18:46:45.331, 2, 79641 MiB, 100 %, 535.05 W, 1980 MHz
2026/09/27 18:46:45.331, 3, 79641 MiB, 100 %, 549.43 W, 1980 MHz
2026/09/27 18:46:45.332, 4, 79641 MiB, 100 %, 534.08 W, 1980 MHz
2026/09/27 18:46:45.332, 5, 79641 MiB, 100 %, 550.86 W, 1980 MHz
2026/09/27 18:46:45.333, 6, 79641 MiB, 100 %, 554.02 W, 1980 MHz
2026/09/27 18:46:45.334, 7, 79641 MiB, 100 %, 536.87 W, 1980 MHz
2026/09/27 18:46:46.334, 0, 79641 MiB, 100 %, 490.90 W, 1590 MHz
2026/09/27 18:46:46.335, 1, 79641 MiB, 100 %, 538.36 W, 1980 MHz
2026/09/27 18:46:46.336, 2, 79641 MiB, 100 %, 540.61 W, 1980 MHz
2026/09/27 18:46:46.337, 3, 79641 MiB, 100 %, 534.34 W, 1980 MHz
2026/09/27 18:46:46.337, 4, 79641 MiB, 100 %, 519.70 W, 1980 MHz
2026/09/27 18:46:46.338, 5, 79641 MiB, 100 %, 538.39 W, 1980 MHz
2026/09/27 18:46:46.339, 6, 79641 MiB, 100 %, 540.72 W, 1980 MHz
2026/09/27 18:46:46.339, 7, 79641 MiB, 100 %, 532.30 W, 1980 MHz
2026/09/27 18:46:47.340, 0, 79641 MiB, 100 %, 504.30 W, 1485 MHz
2026/09/27 18:46:47.341, 1, 79641 MiB, 100 %, 548.49 W, 1980 MHz
2026/09/27 18:46:47.342, 2, 79641 MiB, 100 %, 543.42 W, 1980 MHz
2026/09/27 18:46:47.342, 3, 79641 MiB, 100 %, 546.66 W, 1980 MHz
2026/09/27 18:46:47.343, 4, 79641 MiB, 100 %, 528.39 W, 1980 MHz
2026/09/27 18:46:47.344, 5, 79641 MiB, 100 %, 555.08 W, 1980 MHz
2026/09/27 18:46:47.344, 6, 79641 MiB, 100 %, 547.76 W, 1980 MHz
2026/09/27 18:46:47.345, 7, 79641 MiB, 100 %, 543.88 W, 1980 MHz
2026/09/27 18:46:48.346, 0, 79641 MiB, 100 %, 505.65 W, 1665 MHz
2026/09/27 18:46:48.346, 1, 79641 MiB, 100 %, 545.51 W, 1980 MHz
2026/09/27 18:46:48.347, 2, 79641 MiB, 100 %, 543.48 W, 1980 MHz
2026/09/27 18:46:48.348, 3, 79641 MiB, 100 %, 547.24 W, 1980 MHz
2026/09/27 18:46:48.348, 4, 79641 MiB, 100 %, 528.09 W, 1980 MHz
2026/09/27 18:46:48.349, 5, 79641 MiB, 100 %, 549.61 W, 1980 MHz
2026/09/27 18:46:48.350, 6, 79641 MiB, 100 %, 557.13 W, 1980 MHz
2026/09/27 18:46:48.350, 7, 79641 MiB, 100 %, 545.28 W, 1980 MHz
2026/09/27 18:46:49.351, 0, 79641 MiB, 100 %, 492.36 W, 1515 MHz
2026/09/27 18:46:49.352, 1, 79641 MiB, 100 %, 535.08 W, 1980 MHz
2026/09/27 18:46:49.353, 2, 79641 MiB, 100 %, 548.41 W, 1980 MHz
2026/09/27 18:46:49.354, 3, 79641 MiB, 100 %, 532.14 W, 1980 MHz
2026/09/27 18:46:49.354, 4, 79641 MiB, 100 %, 527.91 W, 1980 MHz
2026/09/27 18:46:49.355, 5, 79641 MiB, 100 %, 549.88 W, 1980 MHz
2026/09/27 18:46:49.356, 6, 79641 MiB, 100 %, 546.04 W, 1980 MHz
2026/09/27 18:46:49.356, 7, 79641 MiB, 100 %, 536.66 W, 1980 MHz
2026/09/27 18:46:50.357, 0, 79641 MiB, 100 %, 498.07 W, 1710 MHz
2026/09/27 18:46:50.358, 1, 79641 MiB, 100 %, 570.32 W, 1980 MHz
2026/09/27 18:46:50.358, 2, 79641 MiB, 100 %, 549.36 W, 1980 MHz
2026/09/27 18:46:50.359, 3, 79641 MiB, 100 %, 564.55 W, 1980 MHz
2026/09/27 18:46:50.360, 4, 79641 MiB, 100 %, 530.14 W, 1980 MHz
2026/09/27 18:46:50.360, 5, 79641 MiB, 100 %, 545.41 W, 1980 MHz
2026/09/27 18:46:50.361, 6, 79641 MiB, 100 %, 543.25 W, 1980 MHz
2026/09/27 18:46:50.362, 7, 79641 MiB, 100 %, 543.21 W, 1980 MHz
2026/09/27 18:46:51.362, 0, 79641 MiB, 100 %, 514.92 W, 1545 MHz
2026/09/27 18:46:51.363, 1, 79641 MiB, 100 %, 559.77 W, 1980 MHz
2026/09/27 18:46:51.364, 2, 79641 MiB, 100 %, 547.91 W, 1980 MHz
2026/09/27 18:46:51.365, 3, 79641 MiB, 100 %, 560.88 W, 1980 MHz
2026/09/27 18:46:51.365, 4, 79641 MiB, 100 %, 537.16 W, 1980 MHz
2026/09/27 18:46:51.366, 5, 79641 MiB, 100 %, 550.40 W, 1980 MHz
2026/09/27 18:46:51.367, 6, 79641 MiB, 100 %, 547.97 W, 1980 MHz
2026/09/27 18:46:51.367, 7, 79641 MiB, 100 %, 543.17 W, 1980 MHz
2026/09/27 18:46:52.368, 0, 79641 MiB, 100 %, 554.85 W, 1770 MHz
2026/09/27 18:46:52.369, 1, 79641 MiB, 100 %, 563.89 W, 1980 MHz
2026/09/27 18:46:52.370, 2, 79641 MiB, 100 %, 569.91 W, 1980 MHz
2026/09/27 18:46:52.370, 3, 79641 MiB, 100 %, 564.78 W, 1980 MHz
2026/09/27 18:46:52.371, 4, 79641 MiB, 100 %, 554.61 W, 1980 MHz
2026/09/27 18:46:52.372, 5, 79641 MiB, 100 %, 563.06 W, 1980 MHz
2026/09/27 18:46:52.372, 6, 79641 MiB, 100 %, 556.80 W, 1980 MHz
2026/09/27 18:46:52.373, 7, 79641 MiB, 100 %, 559.13 W, 1980 MHz
2026/09/27 18:46:53.374, 0, 79641 MiB, 100 %, 554.14 W, 1695 MHz
2026/09/27 18:46:53.375, 1, 79641 MiB, 100 %, 564.72 W, 1980 MHz
2026/09/27 18:46:53.375, 2, 79641 MiB, 100 %, 565.63 W, 1980 MHz
2026/09/27 18:46:53.376, 3, 79641 MiB, 100 %, 567.21 W, 1980 MHz
2026/09/27 18:46:53.377, 4, 79641 MiB, 100 %, 552.38 W, 1980 MHz
2026/09/27 18:46:53.377, 5, 79641 MiB, 100 %, 563.53 W, 1980 MHz
2026/09/27 18:46:53.378, 6, 79641 MiB, 100 %, 556.88 W, 1980 MHz
2026/09/27 18:46:53.378, 7, 79641 MiB, 100 %, 549.47 W, 1980 MHz
2026/09/27 18:46:54.379, 0, 79641 MiB, 100 %, 522.31 W, 1620 MHz
2026/09/27 18:46:54.380, 1, 79641 MiB, 100 %, 546.84 W, 1980 MHz
2026/09/27 18:46:54.381, 2, 79641 MiB, 100 %, 543.28 W, 1980 MHz
2026/09/27 18:46:54.381, 3, 79641 MiB, 100 %, 551.77 W, 1980 MHz
2026/09/27 18:46:54.382, 4, 79641 MiB, 100 %, 531.43 W, 1980 MHz
2026/09/27 18:46:54.382, 5, 79641 MiB, 100 %, 542.11 W, 1980 MHz
2026/09/27 18:46:54.383, 6, 79641 MiB, 100 %, 549.87 W, 1980 MHz
2026/09/27 18:46:54.384, 7, 79641 MiB, 100 %, 535.60 W, 1980 MHz
2026/09/27 18:46:55.384, 0, 79641 MiB, 100 %, 497.19 W, 1515 MHz
2026/09/27 18:46:55.385, 1, 79641 MiB, 100 %, 548.06 W, 1980 MHz
2026/09/27 18:46:55.386, 2, 79641 MiB, 100 %, 541.91 W, 1980 MHz
2026/09/27 18:46:55.386, 3, 79641 MiB, 100 %, 545.67 W, 1980 MHz
2026/09/27 18:46:55.387, 4, 79641 MiB, 100 %, 525.53 W, 1980 MHz
2026/09/27 18:46:55.387, 5, 79641 MiB, 100 %, 529.96 W, 1980 MHz
2026/09/27 18:46:55.388, 6, 79641 MiB, 100 %, 529.19 W, 1980 MHz
2026/09/27 18:46:55.389, 7, 79641 MiB, 100 %, 534.69 W, 1980 MHz
2026/09/27 18:46:56.389, 0, 79641 MiB, 100 %, 498.21 W, 1620 MHz
2026/09/27 18:46:56.390, 1, 79641 MiB, 100 %, 540.77 W, 1980 MHz
2026/09/27 18:46:56.391, 2, 79641 MiB, 100 %, 534.61 W, 1980 MHz
2026/09/27 18:46:56.392, 3, 79641 MiB, 100 %, 549.28 W, 1980 MHz
2026/09/27 18:46:56.392, 4, 79641 MiB, 100 %, 523.20 W, 1980 MHz
2026/09/27 18:46:56.393, 5, 79641 MiB, 100 %, 531.48 W, 1980 MHz
2026/09/27 18:46:56.394, 6, 79641 MiB, 100 %, 533.18 W, 1980 MHz
2026/09/27 18:46:56.394, 7, 79641 MiB, 100 %, 527.74 W, 1980 MHz
2026/09/27 18:46:57.395, 0, 79641 MiB, 100 %, 511.16 W, 1680 MHz
2026/09/27 18:46:57.396, 1, 79641 MiB, 100 %, 532.94 W, 1980 MHz
2026/09/27 18:46:57.397, 2, 79641 MiB, 100 %, 536.95 W, 1980 MHz
2026/09/27 18:46:57.397, 3, 79641 MiB, 100 %, 531.70 W, 1980 MHz
2026/09/27 18:46:57.398, 4, 79641 MiB, 100 %, 521.07 W, 1980 MHz
2026/09/27 18:46:57.399, 5, 79641 MiB, 100 %, 529.08 W, 1980 MHz
2026/09/27 18:46:57.399, 6, 79641 MiB, 100 %, 540.12 W, 1980 MHz
2026/09/27 18:46:57.400, 7, 79641 MiB, 100 %, 532.76 W, 1980 MHz
2026/09/27 18:46:58.401, 0, 79641 MiB, 100 %, 546.14 W, 1590 MHz
2026/09/27 18:46:58.402, 1, 79641 MiB, 100 %, 556.54 W, 1980 MHz
2026/09/27 18:46:58.402, 2, 79641 MiB, 100 %, 541.57 W, 1965 MHz
2026/09/27 18:46:58.403, 3, 79641 MiB, 100 %, 555.17 W, 1965 MHz
2026/09/27 18:46:58.404, 4, 79641 MiB, 100 %, 536.35 W, 1980 MHz
2026/09/27 18:46:58.404, 5, 79641 MiB, 100 %, 556.96 W, 1965 MHz
2026/09/27 18:46:58.405, 6, 79641 MiB, 100 %, 554.26 W, 1965 MHz
2026/09/27 18:46:58.406, 7, 79641 MiB, 100 %, 543.35 W, 1965 MHz
2026/09/27 18:46:59.406, 0, 79641 MiB, 100 %, 545.72 W, 1575 MHz
2026/09/27 18:46:59.407, 1, 79641 MiB, 100 %, 572.31 W, 1980 MHz
2026/09/27 18:46:59.408, 2, 79641 MiB, 100 %, 556.42 W, 1980 MHz
2026/09/27 18:46:59.409, 3, 79641 MiB, 100 %, 567.52 W, 1980 MHz
2026/09/27 18:46:59.410, 4, 79641 MiB, 100 %, 550.95 W, 1980 MHz
2026/09/27 18:46:59.410, 5, 79641 MiB, 100 %, 570.22 W, 1980 MHz
2026/09/27 18:46:59.411, 6, 79641 MiB, 100 %, 562.60 W, 1980 MHz
2026/09/27 18:46:59.412, 7, 79641 MiB, 100 %, 556.90 W, 1980 MHz
2026/09/27 18:47:00.412, 0, 79641 MiB, 100 %, 485.33 W, 1530 MHz
2026/09/27 18:47:00.413, 1, 79641 MiB, 100 %, 536.56 W, 1980 MHz
2026/09/27 18:47:00.414, 2, 79641 MiB, 100 %, 520.32 W, 1980 MHz
2026/09/27 18:47:00.415, 3, 79641 MiB, 100 %, 524.48 W, 1980 MHz
2026/09/27 18:47:00.415, 4, 79641 MiB, 100 %, 510.52 W, 1980 MHz
2026/09/27 18:47:00.416, 5, 79641 MiB, 100 %, 533.19 W, 1980 MHz
2026/09/27 18:47:00.417, 6, 79641 MiB, 100 %, 523.41 W, 1980 MHz
2026/09/27 18:47:00.418, 7, 79641 MiB, 100 %, 523.13 W, 1980 MHz
2026/09/27 18:47:01.418, 0, 79641 MiB, 100 %, 499.68 W, 1815 MHz
2026/09/27 18:47:01.419, 1, 79641 MiB, 100 %, 531.45 W, 1980 MHz
2026/09/27 18:47:01.420, 2, 79641 MiB, 100 %, 525.42 W, 1980 MHz
2026/09/27 18:47:01.420, 3, 79641 MiB, 100 %, 531.00 W, 1980 MHz
2026/09/27 18:47:01.421, 4, 79641 MiB, 100 %, 519.14 W, 1980 MHz
2026/09/27 18:47:01.422, 5, 79641 MiB, 100 %, 548.22 W, 1980 MHz
2026/09/27 18:47:01.422, 6, 79641 MiB, 100 %, 540.09 W, 1980 MHz
2026/09/27 18:47:01.423, 7, 79641 MiB, 100 %, 526.39 W, 1980 MHz
2026/09/27 18:47:02.424, 0, 79641 MiB, 100 %, 505.94 W, 1665 MHz
2026/09/27 18:47:02.425, 1, 79641 MiB, 100 %, 539.17 W, 1980 MHz
2026/09/27 18:47:02.425, 2, 79641 MiB, 100 %, 524.92 W, 1980 MHz
2026/09/27 18:47:02.426, 3, 79641 MiB, 100 %, 529.36 W, 1980 MHz
2026/09/27 18:47:02.427, 4, 79641 MiB, 100 %, 523.24 W, 1980 MHz
2026/09/27 18:47:02.427, 5, 79641 MiB, 100 %, 543.78 W, 1980 MHz
2026/09/27 18:47:02.428, 6, 79641 MiB, 100 %, 541.05 W, 1980 MHz
2026/09/27 18:47:02.428, 7, 79641 MiB, 100 %, 532.01 W, 1980 MHz
2026/09/27 18:47:03.429, 0, 79641 MiB, 100 %, 515.29 W, 1500 MHz
2026/09/27 18:47:03.430, 1, 79641 MiB, 100 %, 550.72 W, 1980 MHz
2026/09/27 18:47:03.431, 2, 79641 MiB, 100 %, 538.30 W, 1980 MHz
2026/09/27 18:47:03.432, 3, 79641 MiB, 100 %, 544.80 W, 1980 MHz
2026/09/27 18:47:03.432, 4, 79641 MiB, 100 %, 536.78 W, 1980 MHz
2026/09/27 18:47:03.433, 5, 79641 MiB, 100 %, 557.24 W, 1980 MHz
2026/09/27 18:47:03.434, 6, 79641 MiB, 100 %, 550.90 W, 1980 MHz
2026/09/27 18:47:03.434, 7, 79641 MiB, 100 %, 533.48 W, 1980 MHz
2026/09/27 18:47:04.435, 0, 79641 MiB, 100 %, 488.68 W, 1455 MHz
2026/09/27 18:47:04.436, 1, 79641 MiB, 100 %, 551.30 W, 1980 MHz
2026/09/27 18:47:04.437, 2, 79641 MiB, 100 %, 538.11 W, 1980 MHz
2026/09/27 18:47:04.437, 3, 79641 MiB, 100 %, 539.75 W, 1980 MHz
2026/09/27 18:47:04.438, 4, 79641 MiB, 100 %, 536.57 W, 1980 MHz
2026/09/27 18:47:04.439, 5, 79641 MiB, 100 %, 560.46 W, 1980 MHz
2026/09/27 18:47:04.439, 6, 79641 MiB, 100 %, 541.42 W, 1980 MHz
2026/09/27 18:47:04.440, 7, 79641 MiB, 100 %, 533.39 W, 1980 MHz
2026/09/27 18:47:05.441, 0, 79641 MiB, 100 %, 472.09 W, 1590 MHz
2026/09/27 18:47:05.442, 1, 79641 MiB, 100 %, 546.84 W, 1980 MHz
2026/09/27 18:47:05.442, 2, 79641 MiB, 100 %, 531.94 W, 1980 MHz
2026/09/27 18:47:05.443, 3, 79641 MiB, 100 %, 534.14 W, 1980 MHz
2026/09/27 18:47:05.444, 4, 79641 MiB, 100 %, 516.49 W, 1980 MHz
2026/09/27 18:47:05.444, 5, 79641 MiB, 100 %, 535.01 W, 1980 MHz
2026/09/27 18:47:05.445, 6, 79641 MiB, 100 %, 540.69 W, 1980 MHz
2026/09/27 18:47:05.446, 7, 79641 MiB, 100 %, 527.13 W, 1980 MHz
2026/09/27 18:47:06.446, 0, 79641 MiB, 100 %, 497.71 W, 1605 MHz
2026/09/27 18:47:06.447, 1, 79641 MiB, 100 %, 546.60 W, 1980 MHz
2026/09/27 18:47:06.448, 2, 79641 MiB, 100 %, 535.35 W, 1980 MHz
2026/09/27 18:47:06.449, 3, 79641 MiB, 100 %, 539.94 W, 1980 MHz
2026/09/27 18:47:06.449, 4, 79641 MiB, 100 %, 529.09 W, 1980 MHz
2026/09/27 18:47:06.450, 5, 79641 MiB, 100 %, 550.39 W, 1980 MHz
2026/09/27 18:47:06.451, 6, 79641 MiB, 100 %, 545.61 W, 1980 MHz
2026/09/27 18:47:06.451, 7, 79641 MiB, 100 %, 536.87 W, 1980 MHz
2026/09/27 18:47:07.452, 0, 79641 MiB, 100 %, 517.89 W, 1500 MHz
2026/09/27 18:47:07.453, 1, 79641 MiB, 100 %, 571.21 W, 1980 MHz
2026/09/27 18:47:07.454, 2, 79641 MiB, 100 %, 559.17 W, 1980 MHz
2026/09/27 18:47:07.454, 3, 79641 MiB, 100 %, 565.00 W, 1980 MHz
2026/09/27 18:47:07.455, 4, 79641 MiB, 100 %, 539.63 W, 1980 MHz
2026/09/27 18:47:07.456, 5, 79641 MiB, 100 %, 551.37 W, 1980 MHz
2026/09/27 18:47:07.456, 6, 79641 MiB, 100 %, 555.24 W, 1980 MHz
2026/09/27 18:47:07.457, 7, 79641 MiB, 100 %, 550.09 W, 1980 MHz
2026/09/27 18:47:08.458, 0, 79641 MiB, 100 %, 497.80 W, 1380 MHz
2026/09/27 18:47:08.459, 1, 79641 MiB, 100 %, 557.20 W, 1980 MHz
2026/09/27 18:47:08.459, 2, 79641 MiB, 100 %, 544.68 W, 1980 MHz
2026/09/27 18:47:08.460, 3, 79641 MiB, 100 %, 554.57 W, 1980 MHz
2026/09/27 18:47:08.461, 4, 79641 MiB, 100 %, 538.12 W, 1980 MHz
2026/09/27 18:47:08.461, 5, 79641 MiB, 100 %, 553.44 W, 1980 MHz
2026/09/27 18:47:08.462, 6, 79641 MiB, 100 %, 544.78 W, 1980 MHz
2026/09/27 18:47:08.463, 7, 79641 MiB, 100 %, 544.43 W, 1980 MHz
2026/09/27 18:47:09.463, 0, 79641 MiB, 100 %, 449.75 W, 1425 MHz
2026/09/27 18:47:09.464, 1, 79641 MiB, 100 %, 526.14 W, 1980 MHz
2026/09/27 18:47:09.465, 2, 79641 MiB, 100 %, 541.26 W, 1980 MHz
2026/09/27 18:47:09.466, 3, 79641 MiB, 100 %, 530.80 W, 1980 MHz
2026/09/27 18:47:09.467, 4, 79641 MiB, 100 %, 517.64 W, 1980 MHz
2026/09/27 18:47:09.467, 5, 79641 MiB, 100 %, 532.73 W, 1980 MHz
2026/09/27 18:47:09.468, 6, 79641 MiB, 100 %, 531.73 W, 1980 MHz
2026/09/27 18:47:09.468, 7, 79641 MiB, 100 %, 522.07 W, 1980 MHz
2026/09/27 18:47:10.469, 0, 79641 MiB, 100 %, 465.61 W, 1500 MHz
2026/09/27 18:47:10.470, 1, 79641 MiB, 100 %, 533.42 W, 1980 MHz
2026/09/27 18:47:10.471, 2, 79641 MiB, 100 %, 531.41 W, 1980 MHz
2026/09/27 18:47:10.472, 3, 79641 MiB, 100 %, 547.25 W, 1980 MHz
2026/09/27 18:47:10.472, 4, 79641 MiB, 100 %, 521.86 W, 1980 MHz
2026/09/27 18:47:10.473, 5, 79641 MiB, 100 %, 538.26 W, 1980 MHz
2026/09/27 18:47:10.474, 6, 79641 MiB, 100 %, 543.93 W, 1980 MHz
2026/09/27 18:47:10.474, 7, 79641 MiB, 100 %, 531.35 W, 1980 MHz
2026/09/27 18:47:11.475, 0, 79641 MiB, 100 %, 493.92 W, 1575 MHz
2026/09/27 18:47:11.476, 1, 79641 MiB, 100 %, 548.22 W, 1980 MHz
2026/09/27 18:47:11.477, 2, 79641 MiB, 100 %, 539.46 W, 1980 MHz
2026/09/27 18:47:11.478, 3, 79641 MiB, 100 %, 547.62 W, 1980 MHz
2026/09/27 18:47:11.478, 4, 79641 MiB, 100 %, 534.10 W, 1980 MHz
2026/09/27 18:47:11.479, 5, 79641 MiB, 100 %, 537.62 W, 1980 MHz
2026/09/27 18:47:11.480, 6, 79641 MiB, 100 %, 541.00 W, 1980 MHz
2026/09/27 18:47:11.480, 7, 79641 MiB, 100 %, 537.06 W, 1980 MHz
2026/09/27 18:47:12.481, 0, 79641 MiB, 100 %, 511.14 W, 1575 MHz
2026/09/27 18:47:12.482, 1, 79641 MiB, 100 %, 540.48 W, 1980 MHz
2026/09/27 18:47:12.483, 2, 79641 MiB, 100 %, 541.67 W, 1980 MHz
2026/09/27 18:47:12.483, 3, 79641 MiB, 100 %, 547.37 W, 1980 MHz
2026/09/27 18:47:12.484, 4, 79641 MiB, 100 %, 532.26 W, 1980 MHz
2026/09/27 18:47:12.485, 5, 79641 MiB, 100 %, 542.26 W, 1980 MHz
2026/09/27 18:47:12.485, 6, 79641 MiB, 100 %, 555.05 W, 1980 MHz
2026/09/27 18:47:12.486, 7, 79641 MiB, 100 %, 536.95 W, 1980 MHz
2026/09/27 18:47:13.486, 0, 79641 MiB, 100 %, 518.69 W, 1800 MHz
2026/09/27 18:47:13.487, 1, 79641 MiB, 100 %, 547.87 W, 1980 MHz
2026/09/27 18:47:13.488, 2, 79641 MiB, 100 %, 545.16 W, 1980 MHz
2026/09/27 18:47:13.489, 3, 79641 MiB, 100 %, 547.71 W, 1980 MHz
2026/09/27 18:47:13.490, 4, 79641 MiB, 100 %, 533.52 W, 1980 MHz
2026/09/27 18:47:13.490, 5, 79641 MiB, 100 %, 536.71 W, 1980 MHz
2026/09/27 18:47:13.491, 6, 79641 MiB, 100 %, 544.74 W, 1980 MHz
2026/09/27 18:47:13.491, 7, 79641 MiB, 100 %, 538.08 W, 1980 MHz
2026/09/27 18:47:14.492, 0, 79641 MiB, 100 %, 536.16 W, 1695 MHz
2026/09/27 18:47:14.493, 1, 79641 MiB, 100 %, 538.26 W, 1980 MHz
2026/09/27 18:47:14.494, 2, 79641 MiB, 100 %, 537.98 W, 1980 MHz
2026/09/27 18:47:14.495, 3, 79641 MiB, 100 %, 552.91 W, 1980 MHz
2026/09/27 18:47:14.496, 4, 79641 MiB, 100 %, 533.27 W, 1980 MHz
2026/09/27 18:47:14.496, 5, 79641 MiB, 100 %, 547.83 W, 1980 MHz
2026/09/27 18:47:14.497, 6, 79641 MiB, 100 %, 544.89 W, 1980 MHz
2026/09/27 18:47:14.498, 7, 79641 MiB, 100 %, 529.44 W, 1980 MHz
2026/09/27 18:47:15.498, 0, 79641 MiB, 100 %, 507.70 W, 1740 MHz
2026/09/27 18:47:15.499, 1, 79641 MiB, 100 %, 541.57 W, 1980 MHz
2026/09/27 18:47:15.500, 2, 79641 MiB, 100 %, 532.92 W, 1980 MHz
2026/09/27 18:47:15.501, 3, 79641 MiB, 100 %, 536.07 W, 1980 MHz
2026/09/27 18:47:15.501, 4, 79641 MiB, 100 %, 518.72 W, 1980 MHz
2026/09/27 18:47:15.502, 5, 79641 MiB, 100 %, 524.99 W, 1980 MHz
2026/09/27 18:47:15.503, 6, 79641 MiB, 100 %, 534.98 W, 1980 MHz
2026/09/27 18:47:15.503, 7, 79641 MiB, 100 %, 538.26 W, 1980 MHz
2026/09/27 18:47:16.504, 0, 79641 MiB, 100 %, 519.52 W, 1575 MHz
2026/09/27 18:47:16.505, 1, 79641 MiB, 100 %, 559.20 W, 1980 MHz
2026/09/27 18:47:16.506, 2, 79641 MiB, 100 %, 555.60 W, 1980 MHz
2026/09/27 18:47:16.507, 3, 79641 MiB, 100 %, 557.74 W, 1980 MHz
2026/09/27 18:47:16.508, 4, 79641 MiB, 100 %, 548.19 W, 1980 MHz
2026/09/27 18:47:16.508, 5, 79641 MiB, 100 %, 567.71 W, 1980 MHz
2026/09/27 18:47:16.509, 6, 79641 MiB, 100 %, 570.79 W, 1980 MHz
2026/09/27 18:47:16.510, 7, 79641 MiB, 100 %, 558.12 W, 1980 MHz
2026/09/27 18:47:17.510, 0, 79641 MiB, 100 %, 491.57 W, 1605 MHz
2026/09/27 18:47:17.512, 1, 79641 MiB, 100 %, 518.09 W, 1980 MHz
2026/09/27 18:47:17.512, 2, 79641 MiB, 100 %, 511.92 W, 1980 MHz
2026/09/27 18:47:17.513, 3, 79641 MiB, 100 %, 527.47 W, 1980 MHz
2026/09/27 18:47:17.514, 4, 79641 MiB, 100 %, 504.15 W, 1980 MHz
2026/09/27 18:47:17.514, 5, 79641 MiB, 100 %, 534.28 W, 1980 MHz
2026/09/27 18:47:17.515, 6, 79641 MiB, 100 %, 534.73 W, 1980 MHz
2026/09/27 18:47:17.515, 7, 79641 MiB, 100 %, 519.16 W, 1980 MHz
2026/09/27 18:47:18.516, 0, 79641 MiB, 100 %, 509.25 W, 1590 MHz
2026/09/27 18:47:18.517, 1, 79641 MiB, 100 %, 529.67 W, 1980 MHz
2026/09/27 18:47:18.518, 2, 79641 MiB, 100 %, 524.72 W, 1980 MHz
2026/09/27 18:47:18.519, 3, 79641 MiB, 100 %, 531.94 W, 1980 MHz
2026/09/27 18:47:18.519, 4, 79641 MiB, 100 %, 522.69 W, 1980 MHz
2026/09/27 18:47:18.520, 5, 79641 MiB, 100 %, 538.37 W, 1980 MHz
2026/09/27 18:47:18.520, 6, 79641 MiB, 100 %, 542.06 W, 1980 MHz
2026/09/27 18:47:18.521, 7, 79641 MiB, 100 %, 521.89 W, 1980 MHz
2026/09/27 18:47:19.522, 0, 79641 MiB, 100 %, 507.32 W, 1620 MHz
2026/09/27 18:47:19.523, 1, 79641 MiB, 100 %, 544.80 W, 1980 MHz
2026/09/27 18:47:19.524, 2, 79641 MiB, 100 %, 532.34 W, 1980 MHz
2026/09/27 18:47:19.524, 3, 79641 MiB, 100 %, 538.27 W, 1980 MHz
2026/09/27 18:47:19.525, 4, 79641 MiB, 100 %, 526.15 W, 1980 MHz
2026/09/27 18:47:19.526, 5, 79641 MiB, 100 %, 550.18 W, 1980 MHz
2026/09/27 18:47:19.526, 6, 79641 MiB, 100 %, 543.62 W, 1980 MHz
2026/09/27 18:47:19.527, 7, 79641 MiB, 100 %, 535.07 W, 1980 MHz
2026/09/27 18:47:20.528, 0, 79641 MiB, 100 %, 541.01 W, 1695 MHz
2026/09/27 18:47:20.529, 1, 79641 MiB, 100 %, 562.12 W, 1980 MHz
2026/09/27 18:47:20.529, 2, 79641 MiB, 100 %, 546.72 W, 1980 MHz
2026/09/27 18:47:20.530, 3, 79641 MiB, 100 %, 548.46 W, 1980 MHz
2026/09/27 18:47:20.531, 4, 79641 MiB, 100 %, 534.12 W, 1980 MHz
2026/09/27 18:47:20.531, 5, 79641 MiB, 100 %, 556.35 W, 1980 MHz
2026/09/27 18:47:20.532, 6, 79641 MiB, 100 %, 551.10 W, 1980 MHz
2026/09/27 18:47:20.533, 7, 79641 MiB, 100 %, 543.55 W, 1980 MHz
2026/09/27 18:47:21.533, 0, 79641 MiB, 100 %, 533.66 W, 1800 MHz
2026/09/27 18:47:21.534, 1, 79641 MiB, 100 %, 552.67 W, 1980 MHz
2026/09/27 18:47:21.535, 2, 79641 MiB, 100 %, 554.95 W, 1980 MHz
2026/09/27 18:47:21.536, 3, 79641 MiB, 100 %, 545.54 W, 1980 MHz
2026/09/27 18:47:21.536, 4, 79641 MiB, 100 %, 543.99 W, 1980 MHz
2026/09/27 18:47:21.537, 5, 79641 MiB, 100 %, 563.62 W, 1980 MHz
2026/09/27 18:47:21.538, 6, 79641 MiB, 100 %, 553.19 W, 1980 MHz
2026/09/27 18:47:21.538, 7, 79641 MiB, 100 %, 552.23 W, 1980 MHz
2026/09/27 18:47:22.539, 0, 79641 MiB, 100 %, 538.16 W, 1635 MHz
2026/09/27 18:47:22.540, 1, 79641 MiB, 100 %, 559.29 W, 1980 MHz
2026/09/27 18:47:22.541, 2, 79641 MiB, 100 %, 551.73 W, 1980 MHz
2026/09/27 18:47:22.542, 3, 79641 MiB, 100 %, 550.55 W, 1980 MHz
2026/09/27 18:47:22.542, 4, 79641 MiB, 100 %, 540.61 W, 1980 MHz
2026/09/27 18:47:22.543, 5, 79641 MiB, 100 %, 564.82 W, 1980 MHz
2026/09/27 18:47:22.544, 6, 79641 MiB, 100 %, 555.22 W, 1980 MHz
2026/09/27 18:47:22.544, 7, 79641 MiB, 100 %, 552.19 W, 1980 MHz
2026/09/27 18:47:23.545, 0, 79641 MiB, 100 %, 484.98 W, 1425 MHz
2026/09/27 18:47:23.546, 1, 79641 MiB, 100 %, 542.22 W, 1980 MHz
2026/09/27 18:47:23.547, 2, 79641 MiB, 100 %, 535.87 W, 1980 MHz
2026/09/27 18:47:23.547, 3, 79641 MiB, 100 %, 538.97 W, 1980 MHz
2026/09/27 18:47:23.548, 4, 79641 MiB, 100 %, 534.26 W, 1980 MHz
2026/09/27 18:47:23.549, 5, 79641 MiB, 100 %, 554.75 W, 1980 MHz
2026/09/27 18:47:23.549, 6, 79641 MiB, 100 %, 554.21 W, 1980 MHz
2026/09/27 18:47:23.550, 7, 79641 MiB, 100 %, 537.75 W, 1980 MHz
2026/09/27 18:47:24.551, 0, 79641 MiB, 100 %, 497.49 W, 1440 MHz
2026/09/27 18:47:24.552, 1, 79641 MiB, 100 %, 550.52 W, 1980 MHz
2026/09/27 18:47:24.552, 2, 79641 MiB, 100 %, 543.34 W, 1980 MHz
2026/09/27 18:47:24.553, 3, 79641 MiB, 100 %, 558.45 W, 1980 MHz
2026/09/27 18:47:24.554, 4, 79641 MiB, 100 %, 540.49 W, 1980 MHz
2026/09/27 18:47:24.555, 5, 79641 MiB, 100 %, 557.78 W, 1980 MHz
2026/09/27 18:47:24.555, 6, 79641 MiB, 100 %, 561.75 W, 1980 MHz
2026/09/27 18:47:24.556, 7, 79641 MiB, 100 %, 543.16 W, 1980 MHz
2026/09/27 18:47:25.556, 0, 79641 MiB, 100 %, 506.93 W, 1530 MHz
2026/09/27 18:47:25.557, 1, 79641 MiB, 100 %, 553.09 W, 1980 MHz
2026/09/27 18:47:25.558, 2, 79641 MiB, 100 %, 558.44 W, 1980 MHz
2026/09/27 18:47:25.559, 3, 79641 MiB, 100 %, 553.57 W, 1980 MHz
2026/09/27 18:47:25.559, 4, 79641 MiB, 100 %, 537.97 W, 1980 MHz
2026/09/27 18:47:25.560, 5, 79641 MiB, 100 %, 562.58 W, 1980 MHz
2026/09/27 18:47:25.561, 6, 79641 MiB, 100 %, 549.94 W, 1980 MHz
2026/09/27 18:47:25.561, 7, 79641 MiB, 100 %, 547.86 W, 1980 MHz
2026/09/27 18:47:26.562, 0, 79641 MiB, 100 %, 521.53 W, 1815 MHz
2026/09/27 18:47:26.563, 1, 79641 MiB, 100 %, 557.66 W, 1980 MHz
2026/09/27 18:47:26.564, 2, 79641 MiB, 100 %, 555.64 W, 1980 MHz
2026/09/27 18:47:26.564, 3, 79641 MiB, 100 %, 566.87 W, 1980 MHz
2026/09/27 18:47:26.565, 4, 79641 MiB, 100 %, 543.61 W, 1980 MHz
2026/09/27 18:47:26.566, 5, 79641 MiB, 100 %, 553.47 W, 1980 MHz
2026/09/27 18:47:26.566, 6, 79641 MiB, 100 %, 560.32 W, 1980 MHz
2026/09/27 18:47:26.567, 7, 79641 MiB, 100 %, 552.37 W, 1980 MHz
2026/09/27 18:47:27.568, 0, 79641 MiB, 100 %, 512.14 W, 1500 MHz
2026/09/27 18:47:27.568, 1, 79641 MiB, 100 %, 552.22 W, 1980 MHz
2026/09/27 18:47:27.569, 2, 79641 MiB, 100 %, 555.57 W, 1980 MHz
2026/09/27 18:47:27.570, 3, 79641 MiB, 100 %, 558.99 W, 1980 MHz
2026/09/27 18:47:27.571, 4, 79641 MiB, 100 %, 534.95 W, 1980 MHz
2026/09/27 18:47:27.571, 5, 79641 MiB, 100 %, 542.07 W, 1980 MHz
2026/09/27 18:47:27.572, 6, 79641 MiB, 100 %, 554.11 W, 1980 MHz
2026/09/27 18:47:27.572, 7, 79641 MiB, 100 %, 554.46 W, 1980 MHz
2026/09/27 18:47:28.573, 0, 79641 MiB, 100 %, 480.78 W, 1485 MHz
2026/09/27 18:47:28.574, 1, 79641 MiB, 100 %, 540.98 W, 1980 MHz
2026/09/27 18:47:28.575, 2, 79641 MiB, 100 %, 540.62 W, 1980 MHz
2026/09/27 18:47:28.576, 3, 79641 MiB, 100 %, 540.91 W, 1980 MHz
2026/09/27 18:47:28.576, 4, 79641 MiB, 100 %, 523.01 W, 1980 MHz
2026/09/27 18:47:28.577, 5, 79641 MiB, 100 %, 536.72 W, 1980 MHz
2026/09/27 18:47:28.577, 6, 79641 MiB, 100 %, 541.39 W, 1980 MHz
2026/09/27 18:47:28.578, 7, 79641 MiB, 100 %, 526.21 W, 1980 MHz
2026/09/27 18:47:29.579, 0, 79641 MiB, 100 %, 502.10 W, 1545 MHz
2026/09/27 18:47:29.579, 1, 79641 MiB, 100 %, 547.31 W, 1980 MHz
2026/09/27 18:47:29.580, 2, 79641 MiB, 100 %, 534.58 W, 1980 MHz
2026/09/27 18:47:29.581, 3, 79641 MiB, 100 %, 553.79 W, 1980 MHz
2026/09/27 18:47:29.581, 4, 79641 MiB, 100 %, 524.47 W, 1980 MHz
2026/09/27 18:47:29.582, 5, 79641 MiB, 100 %, 538.58 W, 1980 MHz
2026/09/27 18:47:29.583, 6, 79641 MiB, 100 %, 529.26 W, 1980 MHz
2026/09/27 18:47:29.583, 7, 79641 MiB, 100 %, 531.93 W, 1980 MHz
2026/09/27 18:47:30.584, 0, 79641 MiB, 100 %, 506.41 W, 1590 MHz
2026/09/27 18:47:30.585, 1, 79641 MiB, 100 %, 542.03 W, 1980 MHz
2026/09/27 18:47:30.585, 2, 79641 MiB, 100 %, 536.35 W, 1980 MHz
2026/09/27 18:47:30.586, 3, 79641 MiB, 100 %, 540.54 W, 1980 MHz
2026/09/27 18:47:30.587, 4, 79641 MiB, 100 %, 533.52 W, 1980 MHz
2026/09/27 18:47:30.587, 5, 79641 MiB, 100 %, 538.71 W, 1980 MHz
2026/09/27 18:47:30.588, 6, 79641 MiB, 100 %, 539.22 W, 1980 MHz
2026/09/27 18:47:30.589, 7, 79641 MiB, 100 %, 530.84 W, 1980 MHz
2026/09/27 18:47:31.590, 0, 79641 MiB, 100 %, 512.01 W, 1665 MHz
2026/09/27 18:47:31.592, 1, 79641 MiB, 100 %, 543.31 W, 1980 MHz
2026/09/27 18:47:31.593, 2, 79641 MiB, 100 %, 533.84 W, 1980 MHz
2026/09/27 18:47:31.594, 3, 79641 MiB, 100 %, 545.62 W, 1980 MHz
2026/09/27 18:47:31.596, 4, 79641 MiB, 100 %, 521.12 W, 1980 MHz
2026/09/27 18:47:31.597, 5, 79641 MiB, 100 %, 538.20 W, 1980 MHz
2026/09/27 18:47:31.598, 6, 79641 MiB, 100 %, 532.27 W, 1980 MHz
2026/09/27 18:47:31.600, 7, 79641 MiB, 100 %, 530.32 W, 1980 MHz
2026/09/27 18:47:32.602, 0, 79641 MiB, 100 %, 513.21 W, 1695 MHz
2026/09/27 18:47:32.603, 1, 79641 MiB, 100 %, 537.45 W, 1980 MHz
2026/09/27 18:47:32.604, 2, 79641 MiB, 100 %, 534.40 W, 1980 MHz
2026/09/27 18:47:32.605, 3, 79641 MiB, 100 %, 533.49 W, 1980 MHz
2026/09/27 18:47:32.605, 4, 79641 MiB, 100 %, 523.04 W, 1980 MHz
2026/09/27 18:47:32.606, 5, 79641 MiB, 100 %, 527.23 W, 1980 MHz
2026/09/27 18:47:32.607, 6, 79641 MiB, 100 %, 534.62 W, 1980 MHz
2026/09/27 18:47:32.607, 7, 79641 MiB, 100 %, 517.25 W, 1980 MHz
2026/09/27 18:47:33.608, 0, 79641 MiB, 100 %, 458.61 W, 1935 MHz
2026/09/27 18:47:33.610, 1, 79641 MiB, 100 %, 540.74 W, 1980 MHz
2026/09/27 18:47:33.610, 2, 79641 MiB, 100 %, 530.51 W, 1965 MHz
2026/09/27 18:47:33.611, 3, 79641 MiB, 100 %, 547.91 W, 1980 MHz
2026/09/27 18:47:33.612, 4, 79641 MiB, 100 %, 522.57 W, 1980 MHz
2026/09/27 18:47:33.612, 5, 79641 MiB, 100 %, 527.66 W, 1980 MHz
2026/09/27 18:47:33.613, 6, 79641 MiB, 100 %, 532.71 W, 1965 MHz
2026/09/27 18:47:33.614, 7, 79641 MiB, 100 %, 526.35 W, 1980 MHz
2026/09/27 18:47:34.614, 0, 79641 MiB, 100 %, 563.65 W, 1920 MHz
2026/09/27 18:47:34.616, 1, 79641 MiB, 100 %, 548.70 W, 1980 MHz
2026/09/27 18:47:34.616, 2, 79641 MiB, 100 %, 526.73 W, 1980 MHz
2026/09/27 18:47:34.617, 3, 79641 MiB, 100 %, 536.76 W, 1980 MHz
2026/09/27 18:47:34.618, 4, 79641 MiB, 100 %, 524.77 W, 1980 MHz
2026/09/27 18:47:34.618, 5, 79641 MiB, 100 %, 537.43 W, 1980 MHz
2026/09/27 18:47:34.619, 6, 79641 MiB, 100 %, 545.65 W, 1980 MHz
2026/09/27 18:47:34.620, 7, 79641 MiB, 100 %, 536.97 W, 1980 MHz
2026/09/27 18:47:35.620, 0, 79641 MiB, 100 %, 528.78 W, 1725 MHz
2026/09/27 18:47:35.621, 1, 79641 MiB, 100 %, 538.98 W, 1980 MHz
2026/09/27 18:47:35.622, 2, 79641 MiB, 100 %, 536.45 W, 1980 MHz
2026/09/27 18:47:35.623, 3, 79641 MiB, 100 %, 535.72 W, 1980 MHz
2026/09/27 18:47:35.623, 4, 79641 MiB, 100 %, 521.69 W, 1980 MHz
2026/09/27 18:47:35.624, 5, 79641 MiB, 100 %, 547.31 W, 1980 MHz
2026/09/27 18:47:35.625, 6, 79641 MiB, 100 %, 543.83 W, 1980 MHz
2026/09/27 18:47:35.625, 7, 79641 MiB, 100 %, 532.98 W, 1980 MHz
2026/09/27 18:47:36.626, 0, 79641 MiB, 100 %, 507.51 W, 1500 MHz
2026/09/27 18:47:36.627, 1, 79641 MiB, 100 %, 538.35 W, 1980 MHz
2026/09/27 18:47:36.627, 2, 79641 MiB, 100 %, 531.00 W, 1980 MHz
2026/09/27 18:47:36.628, 3, 79641 MiB, 100 %, 537.72 W, 1980 MHz
2026/09/27 18:47:36.629, 4, 79641 MiB, 100 %, 526.97 W, 1980 MHz
2026/09/27 18:47:36.629, 5, 79641 MiB, 100 %, 549.73 W, 1980 MHz
2026/09/27 18:47:36.630, 6, 79641 MiB, 100 %, 546.55 W, 1980 MHz
2026/09/27 18:47:36.631, 7, 79641 MiB, 100 %, 530.35 W, 1980 MHz
2026/09/27 18:47:37.632, 0, 79641 MiB, 100 %, 508.27 W, 1545 MHz
2026/09/27 18:47:37.633, 1, 79641 MiB, 100 %, 550.83 W, 1980 MHz
2026/09/27 18:47:37.633, 2, 79641 MiB, 100 %, 535.76 W, 1980 MHz
2026/09/27 18:47:37.634, 3, 79641 MiB, 100 %, 535.11 W, 1980 MHz
2026/09/27 18:47:37.635, 4, 79641 MiB, 100 %, 529.66 W, 1980 MHz
2026/09/27 18:47:37.636, 5, 79641 MiB, 100 %, 551.96 W, 1980 MHz
2026/09/27 18:47:37.637, 6, 79641 MiB, 100 %, 545.62 W, 1980 MHz
2026/09/27 18:47:37.637, 7, 79641 MiB, 100 %, 542.23 W, 1980 MHz
2026/09/27 18:47:38.638, 0, 79641 MiB, 100 %, 516.29 W, 1560 MHz
2026/09/27 18:47:38.639, 1, 79641 MiB, 100 %, 545.02 W, 1980 MHz
2026/09/27 18:47:38.640, 2, 79641 MiB, 100 %, 545.72 W, 1980 MHz
2026/09/27 18:47:38.641, 3, 79641 MiB, 100 %, 543.03 W, 1980 MHz
2026/09/27 18:47:38.642, 4, 79641 MiB, 100 %, 530.94 W, 1980 MHz
2026/09/27 18:47:38.642, 5, 79641 MiB, 100 %, 554.72 W, 1980 MHz
2026/09/27 18:47:38.643, 6, 79641 MiB, 100 %, 559.42 W, 1980 MHz
2026/09/27 18:47:38.644, 7, 79641 MiB, 100 %, 551.06 W, 1980 MHz
2026/09/27 18:47:39.645, 0, 79641 MiB, 100 %, 554.29 W, 1830 MHz
2026/09/27 18:47:39.645, 1, 79641 MiB, 100 %, 560.64 W, 1980 MHz
2026/09/27 18:47:39.646, 2, 79641 MiB, 100 %, 554.54 W, 1980 MHz
2026/09/27 18:47:39.647, 3, 79641 MiB, 100 %, 554.09 W, 1980 MHz
2026/09/27 18:47:39.648, 4, 79641 MiB, 100 %, 542.24 W, 1980 MHz
2026/09/27 18:47:39.648, 5, 79641 MiB, 100 %, 559.76 W, 1980 MHz
2026/09/27 18:47:39.649, 6, 79641 MiB, 100 %, 559.26 W, 1980 MHz
2026/09/27 18:47:39.650, 7, 79641 MiB, 100 %, 547.42 W, 1980 MHz
2026/09/27 18:47:40.650, 0, 79641 MiB, 100 %, 476.85 W, 1365 MHz
2026/09/27 18:47:40.651, 1, 79641 MiB, 100 %, 543.45 W, 1980 MHz
2026/09/27 18:47:40.652, 2, 79641 MiB, 100 %, 534.96 W, 1980 MHz
2026/09/27 18:47:40.653, 3, 79641 MiB, 100 %, 538.80 W, 1980 MHz
2026/09/27 18:47:40.653, 4, 79641 MiB, 100 %, 521.75 W, 1980 MHz
2026/09/27 18:47:40.654, 5, 79641 MiB, 100 %, 535.20 W, 1980 MHz
2026/09/27 18:47:40.655, 6, 79641 MiB, 100 %, 539.49 W, 1980 MHz
2026/09/27 18:47:40.655, 7, 79641 MiB, 100 %, 534.05 W, 1980 MHz
2026/09/27 18:47:41.656, 0, 79641 MiB, 100 %, 480.07 W, 1500 MHz
2026/09/27 18:47:41.657, 1, 79641 MiB, 100 %, 544.59 W, 1980 MHz
2026/09/27 18:47:41.657, 2, 79641 MiB, 100 %, 547.18 W, 1980 MHz
2026/09/27 18:47:41.658, 3, 79641 MiB, 100 %, 544.04 W, 1980 MHz
2026/09/27 18:47:41.659, 4, 79641 MiB, 100 %, 525.62 W, 1980 MHz
2026/09/27 18:47:41.659, 5, 79641 MiB, 100 %, 552.92 W, 1980 MHz
2026/09/27 18:47:41.660, 6, 79641 MiB, 100 %, 552.72 W, 1980 MHz
2026/09/27 18:47:41.661, 7, 79641 MiB, 100 %, 545.25 W, 1980 MHz
2026/09/27 18:47:42.661, 0, 79641 MiB, 100 %, 491.59 W, 1590 MHz
2026/09/27 18:47:42.662, 1, 79641 MiB, 100 %, 548.49 W, 1980 MHz
2026/09/27 18:47:42.663, 2, 79641 MiB, 100 %, 552.34 W, 1980 MHz
2026/09/27 18:47:42.664, 3, 79641 MiB, 100 %, 557.22 W, 1980 MHz
2026/09/27 18:47:42.664, 4, 79641 MiB, 100 %, 534.55 W, 1980 MHz
2026/09/27 18:47:42.665, 5, 79641 MiB, 100 %, 543.53 W, 1980 MHz
2026/09/27 18:47:42.665, 6, 79641 MiB, 100 %, 544.25 W, 1980 MHz
2026/09/27 18:47:42.666, 7, 79641 MiB, 100 %, 550.66 W, 1980 MHz
2026/09/27 18:47:43.667, 0, 79641 MiB, 100 %, 506.56 W, 1620 MHz
2026/09/27 18:47:43.668, 1, 79641 MiB, 100 %, 562.78 W, 1980 MHz
2026/09/27 18:47:43.669, 2, 79641 MiB, 100 %, 556.85 W, 1980 MHz
2026/09/27 18:47:43.669, 3, 79641 MiB, 100 %, 557.45 W, 1980 MHz
2026/09/27 18:47:43.670, 4, 79641 MiB, 100 %, 540.58 W, 1980 MHz
2026/09/27 18:47:43.671, 5, 79641 MiB, 100 %, 550.94 W, 1980 MHz
2026/09/27 18:47:43.671, 6, 79641 MiB, 100 %, 554.14 W, 1980 MHz
2026/09/27 18:47:43.672, 7, 79641 MiB, 100 %, 544.60 W, 1980 MHz
2026/09/27 18:47:44.673, 0, 79641 MiB, 100 %, 512.60 W, 1545 MHz
2026/09/27 18:47:44.674, 1, 79641 MiB, 100 %, 556.15 W, 1980 MHz
2026/09/27 18:47:44.674, 2, 79641 MiB, 100 %, 552.30 W, 1980 MHz
2026/09/27 18:47:44.675, 3, 79641 MiB, 100 %, 551.90 W, 1980 MHz
2026/09/27 18:47:44.676, 4, 79641 MiB, 100 %, 532.84 W, 1980 MHz
2026/09/27 18:47:44.676, 5, 79641 MiB, 100 %, 557.18 W, 1980 MHz
2026/09/27 18:47:44.677, 6, 79641 MiB, 100 %, 552.84 W, 1980 MHz
2026/09/27 18:47:44.678, 7, 79641 MiB, 100 %, 555.07 W, 1980 MHz
2026/09/27 18:47:45.679, 0, 79641 MiB, 100 %, 477.31 W, 1395 MHz
2026/09/27 18:47:45.679, 1, 79641 MiB, 100 %, 546.28 W, 1980 MHz
2026/09/27 18:47:45.680, 2, 79641 MiB, 100 %, 532.91 W, 1980 MHz
2026/09/27 18:47:45.681, 3, 79641 MiB, 100 %, 549.54 W, 1980 MHz
2026/09/27 18:47:45.682, 4, 79641 MiB, 100 %, 527.41 W, 1980 MHz
2026/09/27 18:47:45.682, 5, 79641 MiB, 100 %, 528.52 W, 1980 MHz
2026/09/27 18:47:45.683, 6, 79641 MiB, 100 %, 528.59 W, 1980 MHz
2026/09/27 18:47:45.684, 7, 79641 MiB, 100 %, 528.76 W, 1980 MHz
2026/09/27 18:47:46.684, 0, 79641 MiB, 100 %, 484.44 W, 1515 MHz
2026/09/27 18:47:46.685, 1, 79641 MiB, 100 %, 541.01 W, 1980 MHz
2026/09/27 18:47:46.686, 2, 79641 MiB, 100 %, 540.08 W, 1980 MHz
2026/09/27 18:47:46.687, 3, 79641 MiB, 100 %, 539.12 W, 1980 MHz
2026/09/27 18:47:46.687, 4, 79641 MiB, 100 %, 516.37 W, 1980 MHz
2026/09/27 18:47:46.688, 5, 79641 MiB, 100 %, 531.15 W, 1980 MHz
2026/09/27 18:47:46.689, 6, 79641 MiB, 100 %, 531.86 W, 1980 MHz
2026/09/27 18:47:46.689, 7, 79641 MiB, 100 %, 523.57 W, 1980 MHz
2026/09/27 18:47:47.690, 0, 79641 MiB, 100 %, 495.93 W, 1680 MHz
2026/09/27 18:47:47.691, 1, 79641 MiB, 100 %, 540.82 W, 1980 MHz
2026/09/27 18:47:47.692, 2, 79641 MiB, 100 %, 528.97 W, 1980 MHz
2026/09/27 18:47:47.693, 3, 79641 MiB, 100 %, 544.51 W, 1980 MHz
2026/09/27 18:47:47.694, 4, 79641 MiB, 100 %, 530.30 W, 1980 MHz
2026/09/27 18:47:47.694, 5, 79641 MiB, 100 %, 542.18 W, 1980 MHz
2026/09/27 18:47:47.695, 6, 79641 MiB, 100 %, 542.24 W, 1980 MHz
2026/09/27 18:47:47.696, 7, 79641 MiB, 100 %, 521.69 W, 1980 MHz
2026/09/27 18:47:48.696, 0, 79641 MiB, 100 %, 502.58 W, 1620 MHz
2026/09/27 18:47:48.698, 1, 79641 MiB, 100 %, 539.03 W, 1980 MHz
2026/09/27 18:47:48.698, 2, 79641 MiB, 100 %, 535.43 W, 1980 MHz
2026/09/27 18:47:48.699, 3, 79641 MiB, 100 %, 541.29 W, 1980 MHz
2026/09/27 18:47:48.700, 4, 79641 MiB, 100 %, 529.31 W, 1980 MHz
2026/09/27 18:47:48.700, 5, 79641 MiB, 100 %, 542.28 W, 1980 MHz
2026/09/27 18:47:48.701, 6, 79641 MiB, 100 %, 531.29 W, 1980 MHz
2026/09/27 18:47:48.701, 7, 79641 MiB, 100 %, 518.60 W, 1980 MHz
2026/09/27 18:47:49.702, 0, 79641 MiB, 100 %, 515.83 W, 1560 MHz
2026/09/27 18:47:49.703, 1, 79641 MiB, 100 %, 532.95 W, 1980 MHz
2026/09/27 18:47:49.703, 2, 79641 MiB, 100 %, 516.45 W, 1980 MHz
2026/09/27 18:47:49.704, 3, 79641 MiB, 100 %, 532.54 W, 1980 MHz
2026/09/27 18:47:49.705, 4, 79641 MiB, 100 %, 527.57 W, 1980 MHz
2026/09/27 18:47:49.705, 5, 79641 MiB, 100 %, 531.47 W, 1980 MHz
2026/09/27 18:47:49.706, 6, 79641 MiB, 100 %, 539.80 W, 1980 MHz
2026/09/27 18:47:49.706, 7, 79641 MiB, 100 %, 525.89 W, 1980 MHz
2026/09/27 18:47:50.707, 0, 79641 MiB, 100 %, 527.13 W, 1560 MHz
2026/09/27 18:47:50.708, 1, 79641 MiB, 100 %, 555.26 W, 1965 MHz
2026/09/27 18:47:50.709, 2, 79641 MiB, 100 %, 558.49 W, 1950 MHz
2026/09/27 18:47:50.709, 3, 79641 MiB, 100 %, 555.63 W, 1965 MHz
2026/09/27 18:47:50.710, 4, 79641 MiB, 100 %, 543.89 W, 1980 MHz
2026/09/27 18:47:50.711, 5, 79641 MiB, 100 %, 549.17 W, 1965 MHz
2026/09/27 18:47:50.711, 6, 79641 MiB, 100 %, 551.46 W, 1965 MHz
2026/09/27 18:47:50.712, 7, 79641 MiB, 100 %, 548.87 W, 1980 MHz
2026/09/27 18:47:51.713, 0, 79641 MiB, 100 %, 547.23 W, 1800 MHz
2026/09/27 18:47:51.714, 1, 79641 MiB, 100 %, 537.76 W, 1980 MHz
2026/09/27 18:47:51.714, 2, 79641 MiB, 100 %, 521.32 W, 1980 MHz
2026/09/27 18:47:51.715, 3, 79641 MiB, 100 %, 530.45 W, 1980 MHz
2026/09/27 18:47:51.716, 4, 79641 MiB, 100 %, 515.77 W, 1980 MHz
2026/09/27 18:47:51.716, 5, 79641 MiB, 100 %, 540.83 W, 1980 MHz
2026/09/27 18:47:51.717, 6, 79641 MiB, 100 %, 531.70 W, 1980 MHz
2026/09/27 18:47:51.717, 7, 79641 MiB, 100 %, 526.90 W, 1980 MHz
2026/09/27 18:47:52.718, 0, 79641 MiB, 100 %, 491.88 W, 1575 MHz
2026/09/27 18:47:52.719, 1, 79641 MiB, 100 %, 536.66 W, 1980 MHz
2026/09/27 18:47:52.720, 2, 79641 MiB, 100 %, 519.03 W, 1980 MHz
2026/09/27 18:47:52.720, 3, 79641 MiB, 100 %, 525.46 W, 1980 MHz
2026/09/27 18:47:52.721, 4, 79641 MiB, 100 %, 512.77 W, 1980 MHz
2026/09/27 18:47:52.722, 5, 79641 MiB, 100 %, 541.63 W, 1980 MHz
2026/09/27 18:47:52.723, 6, 79641 MiB, 100 %, 540.81 W, 1980 MHz
2026/09/27 18:47:52.723, 7, 79641 MiB, 100 %, 525.86 W, 1980 MHz
2026/09/27 18:47:53.724, 0, 79641 MiB, 100 %, 494.66 W, 1725 MHz
2026/09/27 18:47:53.725, 1, 79641 MiB, 100 %, 543.30 W, 1980 MHz
2026/09/27 18:47:53.726, 2, 79641 MiB, 100 %, 535.53 W, 1980 MHz
2026/09/27 18:47:53.726, 3, 79641 MiB, 100 %, 525.12 W, 1980 MHz
2026/09/27 18:47:53.727, 4, 79641 MiB, 100 %, 522.11 W, 1980 MHz
2026/09/27 18:47:53.728, 5, 79641 MiB, 100 %, 554.53 W, 1980 MHz
2026/09/27 18:47:53.728, 6, 79641 MiB, 100 %, 531.39 W, 1980 MHz
2026/09/27 18:47:53.729, 7, 79641 MiB, 100 %, 535.77 W, 1980 MHz
2026/09/27 18:47:54.730, 0, 79641 MiB, 100 %, 512.95 W, 1830 MHz
2026/09/27 18:47:54.730, 1, 79641 MiB, 100 %, 551.45 W, 1980 MHz
2026/09/27 18:47:54.731, 2, 79641 MiB, 100 %, 536.99 W, 1980 MHz
2026/09/27 18:47:54.732, 3, 79641 MiB, 100 %, 541.72 W, 1980 MHz
2026/09/27 18:47:54.733, 4, 79641 MiB, 100 %, 529.42 W, 1980 MHz
2026/09/27 18:47:54.733, 5, 79641 MiB, 100 %, 552.57 W, 1980 MHz
2026/09/27 18:47:54.734, 6, 79641 MiB, 100 %, 542.19 W, 1980 MHz
2026/09/27 18:47:54.734, 7, 79641 MiB, 100 %, 537.58 W, 1980 MHz
2026/09/27 18:47:55.735, 0, 79641 MiB, 100 %, 477.77 W, 1635 MHz
2026/09/27 18:47:55.736, 1, 79641 MiB, 100 %, 530.01 W, 1980 MHz
2026/09/27 18:47:55.737, 2, 79641 MiB, 100 %, 530.19 W, 1980 MHz
2026/09/27 18:47:55.737, 3, 79641 MiB, 100 %, 530.27 W, 1980 MHz
2026/09/27 18:47:55.738, 4, 79641 MiB, 100 %, 516.26 W, 1980 MHz
2026/09/27 18:47:55.739, 5, 79641 MiB, 100 %, 545.29 W, 1980 MHz
2026/09/27 18:47:55.739, 6, 79641 MiB, 100 %, 538.93 W, 1980 MHz
2026/09/27 18:47:55.740, 7, 79641 MiB, 100 %, 521.63 W, 1980 MHz
2026/09/27 18:47:56.741, 0, 79641 MiB, 100 %, 478.07 W, 1560 MHz
2026/09/27 18:47:56.742, 1, 79641 MiB, 100 %, 539.94 W, 1980 MHz
2026/09/27 18:47:56.742, 2, 79641 MiB, 100 %, 526.69 W, 1980 MHz
2026/09/27 18:47:56.743, 3, 79641 MiB, 100 %, 540.51 W, 1980 MHz
2026/09/27 18:47:56.744, 4, 79641 MiB, 100 %, 525.96 W, 1980 MHz
2026/09/27 18:47:56.744, 5, 79641 MiB, 100 %, 549.91 W, 1980 MHz
2026/09/27 18:47:56.745, 6, 79641 MiB, 100 %, 538.57 W, 1980 MHz
2026/09/27 18:47:56.745, 7, 79641 MiB, 100 %, 521.47 W, 1980 MHz
2026/09/27 18:47:57.746, 0, 79641 MiB, 100 %, 494.30 W, 1785 MHz
2026/09/27 18:47:57.747, 1, 79641 MiB, 100 %, 548.75 W, 1980 MHz
2026/09/27 18:47:57.747, 2, 79641 MiB, 100 %, 537.27 W, 1980 MHz
2026/09/27 18:47:57.748, 3, 79641 MiB, 100 %, 541.05 W, 1980 MHz
2026/09/27 18:47:57.749, 4, 79641 MiB, 100 %, 536.98 W, 1980 MHz
2026/09/27 18:47:57.749, 5, 79641 MiB, 100 %, 548.97 W, 1980 MHz
2026/09/27 18:47:57.750, 6, 79641 MiB, 100 %, 547.68 W, 1980 MHz
2026/09/27 18:47:57.751, 7, 79641 MiB, 100 %, 534.73 W, 1980 MHz
2026/09/27 18:47:58.751, 0, 79641 MiB, 100 %, 509.12 W, 1440 MHz
2026/09/27 18:47:58.752, 1, 79641 MiB, 100 %, 553.69 W, 1980 MHz
2026/09/27 18:47:58.753, 2, 79641 MiB, 100 %, 556.60 W, 1980 MHz
2026/09/27 18:47:58.754, 3, 79641 MiB, 100 %, 569.13 W, 1980 MHz
2026/09/27 18:47:58.754, 4, 79641 MiB, 100 %, 528.80 W, 1980 MHz
2026/09/27 18:47:58.755, 5, 79641 MiB, 100 %, 551.03 W, 1980 MHz
2026/09/27 18:47:58.756, 6, 79641 MiB, 100 %, 550.97 W, 1980 MHz
2026/09/27 18:47:58.756, 7, 79641 MiB, 100 %, 546.08 W, 1980 MHz
2026/09/27 18:47:59.757, 0, 79641 MiB, 100 %, 472.82 W, 1560 MHz
2026/09/27 18:47:59.758, 1, 79641 MiB, 100 %, 535.26 W, 1980 MHz
2026/09/27 18:47:59.758, 2, 79641 MiB, 100 %, 536.19 W, 1980 MHz
2026/09/27 18:47:59.759, 3, 79641 MiB, 100 %, 547.93 W, 1980 MHz
2026/09/27 18:47:59.760, 4, 79641 MiB, 100 %, 519.17 W, 1980 MHz
2026/09/27 18:47:59.760, 5, 79641 MiB, 100 %, 542.39 W, 1980 MHz
2026/09/27 18:47:59.761, 6, 79641 MiB, 100 %, 546.01 W, 1980 MHz
2026/09/27 18:47:59.761, 7, 79641 MiB, 100 %, 533.70 W, 1980 MHz
2026/09/27 18:48:00.762, 0, 79641 MiB, 100 %, 492.73 W, 1740 MHz
2026/09/27 18:48:00.763, 1, 79641 MiB, 100 %, 550.38 W, 1980 MHz
2026/09/27 18:48:00.764, 2, 79641 MiB, 100 %, 540.48 W, 1980 MHz
2026/09/27 18:48:00.764, 3, 79641 MiB, 100 %, 548.29 W, 1980 MHz
2026/09/27 18:48:00.765, 4, 79641 MiB, 100 %, 529.35 W, 1980 MHz
2026/09/27 18:48:00.766, 5, 79641 MiB, 100 %, 541.60 W, 1980 MHz
2026/09/27 18:48:00.766, 6, 79641 MiB, 100 %, 540.56 W, 1980 MHz
2026/09/27 18:48:00.767, 7, 79641 MiB, 100 %, 533.95 W, 1980 MHz
2026/09/27 18:48:01.768, 0, 79641 MiB, 100 %, 513.41 W, 1635 MHz
2026/09/27 18:48:01.768, 1, 79641 MiB, 100 %, 553.13 W, 1980 MHz
2026/09/27 18:48:01.769, 2, 79641 MiB, 100 %, 550.74 W, 1980 MHz
2026/09/27 18:48:01.770, 3, 79641 MiB, 100 %, 566.69 W, 1980 MHz
2026/09/27 18:48:01.770, 4, 79641 MiB, 100 %, 536.13 W, 1980 MHz
2026/09/27 18:48:01.771, 5, 79641 MiB, 100 %, 546.99 W, 1980 MHz
2026/09/27 18:48:01.772, 6, 79641 MiB, 100 %, 554.00 W, 1980 MHz
2026/09/27 18:48:01.772, 7, 79641 MiB, 100 %, 547.87 W, 1980 MHz
2026/09/27 18:48:02.773, 0, 79641 MiB, 100 %, 528.24 W, 1485 MHz
2026/09/27 18:48:02.774, 1, 79641 MiB, 100 %, 553.95 W, 1980 MHz
2026/09/27 18:48:02.775, 2, 79641 MiB, 100 %, 555.40 W, 1980 MHz
2026/09/27 18:48:02.775, 3, 79641 MiB, 100 %, 554.22 W, 1980 MHz
2026/09/27 18:48:02.776, 4, 79641 MiB, 100 %, 541.28 W, 1980 MHz
2026/09/27 18:48:02.777, 5, 79641 MiB, 100 %, 557.88 W, 1980 MHz
2026/09/27 18:48:02.777, 6, 79641 MiB, 100 %, 550.79 W, 1980 MHz
2026/09/27 18:48:02.778, 7, 79641 MiB, 100 %, 543.74 W, 1980 MHz
2026/09/27 18:48:03.779, 0, 79641 MiB, 100 %, 511.88 W, 1725 MHz
2026/09/27 18:48:03.780, 1, 79641 MiB, 100 %, 545.82 W, 1980 MHz
2026/09/27 18:48:03.781, 2, 79641 MiB, 100 %, 538.06 W, 1980 MHz
2026/09/27 18:48:03.781, 3, 79641 MiB, 100 %, 547.94 W, 1980 MHz
2026/09/27 18:48:03.782, 4, 79641 MiB, 100 %, 532.73 W, 1980 MHz
2026/09/27 18:48:03.783, 5, 79641 MiB, 100 %, 550.28 W, 1980 MHz
2026/09/27 18:48:03.783, 6, 79641 MiB, 100 %, 548.39 W, 1980 MHz
2026/09/27 18:48:03.784, 7, 79641 MiB, 100 %, 536.99 W, 1980 MHz
2026/09/27 18:48:04.785, 0, 79641 MiB, 100 %, 532.36 W, 1710 MHz
2026/09/27 18:48:04.786, 1, 79641 MiB, 100 %, 546.33 W, 1980 MHz
2026/09/27 18:48:04.786, 2, 79641 MiB, 100 %, 543.22 W, 1980 MHz
2026/09/27 18:48:04.787, 3, 79641 MiB, 100 %, 549.75 W, 1980 MHz
2026/09/27 18:48:04.788, 4, 79641 MiB, 100 %, 536.29 W, 1980 MHz
2026/09/27 18:48:04.788, 5, 79641 MiB, 100 %, 541.53 W, 1980 MHz
2026/09/27 18:48:04.789, 6, 79641 MiB, 100 %, 544.30 W, 1980 MHz
2026/09/27 18:48:04.790, 7, 79641 MiB, 100 %, 539.81 W, 1980 MHz
2026/09/27 18:48:05.790, 0, 79641 MiB, 100 %, 526.12 W, 1665 MHz
2026/09/27 18:48:05.791, 1, 79641 MiB, 100 %, 536.12 W, 1980 MHz
2026/09/27 18:48:05.792, 2, 79641 MiB, 100 %, 536.64 W, 1980 MHz
2026/09/27 18:48:05.793, 3, 79641 MiB, 100 %, 541.14 W, 1980 MHz
2026/09/27 18:48:05.793, 4, 79641 MiB, 100 %, 520.46 W, 1980 MHz
2026/09/27 18:48:05.794, 5, 79641 MiB, 100 %, 535.87 W, 1980 MHz
2026/09/27 18:48:05.795, 6, 79641 MiB, 100 %, 547.84 W, 1980 MHz
2026/09/27 18:48:05.795, 7, 79641 MiB, 100 %, 535.39 W, 1980 MHz
2026/09/27 18:48:06.796, 0, 79641 MiB, 100 %, 519.73 W, 1695 MHz
2026/09/27 18:48:06.797, 1, 79641 MiB, 100 %, 543.67 W, 1980 MHz
2026/09/27 18:48:06.798, 2, 79641 MiB, 100 %, 534.63 W, 1980 MHz
2026/09/27 18:48:06.798, 3, 79641 MiB, 100 %, 541.29 W, 1980 MHz
2026/09/27 18:48:06.799, 4, 79641 MiB, 100 %, 529.16 W, 1980 MHz
2026/09/27 18:48:06.800, 5, 79641 MiB, 100 %, 529.05 W, 1980 MHz
2026/09/27 18:48:06.800, 6, 79641 MiB, 100 %, 535.65 W, 1980 MHz
2026/09/27 18:48:06.801, 7, 79641 MiB, 100 %, 525.87 W, 1980 MHz
2026/09/27 18:48:07.802, 0, 79641 MiB, 100 %, 508.32 W, 1455 MHz
2026/09/27 18:48:07.803, 1, 79641 MiB, 100 %, 567.84 W, 1980 MHz
2026/09/27 18:48:07.803, 2, 79641 MiB, 100 %, 561.42 W, 1980 MHz
2026/09/27 18:48:07.804, 3, 79641 MiB, 100 %, 565.51 W, 1980 MHz
2026/09/27 18:48:07.804, 4, 79641 MiB, 100 %, 558.19 W, 1980 MHz
2026/09/27 18:48:07.805, 5, 79641 MiB, 100 %, 572.72 W, 1980 MHz
2026/09/27 18:48:07.806, 6, 79641 MiB, 100 %, 571.82 W, 1980 MHz
2026/09/27 18:48:07.806, 7, 79641 MiB, 100 %, 555.43 W, 1980 MHz
2026/09/27 18:48:08.807, 0, 79641 MiB, 100 %, 531.10 W, 1695 MHz
2026/09/27 18:48:08.808, 1, 79641 MiB, 100 %, 526.91 W, 1980 MHz
2026/09/27 18:48:08.809, 2, 79641 MiB, 100 %, 533.09 W, 1980 MHz
2026/09/27 18:48:08.810, 3, 79641 MiB, 100 %, 536.28 W, 1980 MHz
2026/09/27 18:48:08.810, 4, 79641 MiB, 100 %, 521.48 W, 1980 MHz
2026/09/27 18:48:08.811, 5, 79641 MiB, 100 %, 548.63 W, 1980 MHz
2026/09/27 18:48:08.811, 6, 79641 MiB, 100 %, 546.60 W, 1980 MHz
2026/09/27 18:48:08.812, 7, 79641 MiB, 100 %, 531.19 W, 1980 MHz
2026/09/27 18:48:09.813, 0, 79641 MiB, 100 %, 541.10 W, 1725 MHz
2026/09/27 18:48:09.814, 1, 79641 MiB, 100 %, 528.74 W, 1980 MHz
2026/09/27 18:48:09.814, 2, 79641 MiB, 100 %, 530.08 W, 1980 MHz
2026/09/27 18:48:09.815, 3, 79641 MiB, 100 %, 524.83 W, 1980 MHz
2026/09/27 18:48:09.816, 4, 79641 MiB, 100 %, 526.34 W, 1980 MHz
2026/09/27 18:48:09.816, 5, 79641 MiB, 100 %, 556.04 W, 1980 MHz
2026/09/27 18:48:09.817, 6, 79641 MiB, 100 %, 543.12 W, 1980 MHz
2026/09/27 18:48:09.818, 7, 79641 MiB, 100 %, 524.67 W, 1980 MHz
2026/09/27 18:48:10.819, 0, 79641 MiB, 100 %, 559.99 W, 1680 MHz
2026/09/27 18:48:10.820, 1, 79641 MiB, 100 %, 555.35 W, 1980 MHz
2026/09/27 18:48:10.820, 2, 79641 MiB, 100 %, 540.05 W, 1980 MHz
2026/09/27 18:48:10.821, 3, 79641 MiB, 100 %, 544.31 W, 1980 MHz
2026/09/27 18:48:10.822, 4, 79641 MiB, 100 %, 533.78 W, 1980 MHz
2026/09/27 18:48:10.822, 5, 79641 MiB, 100 %, 555.02 W, 1980 MHz
2026/09/27 18:48:10.823, 6, 79641 MiB, 100 %, 555.53 W, 1980 MHz
2026/09/27 18:48:10.824, 7, 79641 MiB, 100 %, 543.07 W, 1980 MHz
2026/09/27 18:48:11.825, 0, 79641 MiB, 100 %, 524.09 W, 1725 MHz
2026/09/27 18:48:11.826, 1, 79641 MiB, 100 %, 549.69 W, 1980 MHz
2026/09/27 18:48:11.826, 2, 79641 MiB, 100 %, 543.18 W, 1980 MHz
2026/09/27 18:48:11.827, 3, 79641 MiB, 100 %, 538.08 W, 1980 MHz
2026/09/27 18:48:11.828, 4, 79641 MiB, 100 %, 529.98 W, 1980 MHz
2026/09/27 18:48:11.828, 5, 79641 MiB, 100 %, 555.49 W, 1980 MHz
2026/09/27 18:48:11.829, 6, 79641 MiB, 100 %, 553.13 W, 1980 MHz
2026/09/27 18:48:11.830, 7, 79641 MiB, 100 %, 539.04 W, 1980 MHz
2026/09/27 18:48:12.831, 0, 79641 MiB, 100 %, 529.67 W, 1785 MHz
2026/09/27 18:48:12.832, 1, 79641 MiB, 100 %, 558.93 W, 1980 MHz
2026/09/27 18:48:12.832, 2, 79641 MiB, 100 %, 549.29 W, 1980 MHz
2026/09/27 18:48:12.833, 3, 79641 MiB, 100 %, 548.31 W, 1980 MHz
2026/09/27 18:48:12.834, 4, 79641 MiB, 100 %, 545.09 W, 1980 MHz
2026/09/27 18:48:12.834, 5, 79641 MiB, 100 %, 566.60 W, 1980 MHz
2026/09/27 18:48:12.835, 6, 79641 MiB, 100 %, 554.73 W, 1980 MHz
2026/09/27 18:48:12.835, 7, 79641 MiB, 100 %, 543.73 W, 1980 MHz
2026/09/27 18:48:13.836, 0, 79641 MiB, 100 %, 518.85 W, 1890 MHz
2026/09/27 18:48:13.837, 1, 79641 MiB, 100 %, 551.05 W, 1980 MHz
2026/09/27 18:48:13.838, 2, 79641 MiB, 100 %, 550.57 W, 1980 MHz
2026/09/27 18:48:13.838, 3, 79641 MiB, 100 %, 539.54 W, 1980 MHz
2026/09/27 18:48:13.839, 4, 79641 MiB, 100 %, 526.60 W, 1980 MHz
2026/09/27 18:48:13.840, 5, 79641 MiB, 100 %, 560.25 W, 1980 MHz
2026/09/27 18:48:13.840, 6, 79641 MiB, 100 %, 550.82 W, 1980 MHz
2026/09/27 18:48:13.841, 7, 79641 MiB, 100 %, 550.02 W, 1980 MHz
2026/09/27 18:48:14.842, 0, 79641 MiB, 100 %, 519.63 W, 1620 MHz
2026/09/27 18:48:14.842, 1, 79641 MiB, 100 %, 548.49 W, 1980 MHz
2026/09/27 18:48:14.843, 2, 79641 MiB, 100 %, 554.28 W, 1980 MHz
2026/09/27 18:48:14.844, 3, 79641 MiB, 100 %, 544.05 W, 1980 MHz
2026/09/27 18:48:14.844, 4, 79641 MiB, 100 %, 538.73 W, 1980 MHz
2026/09/27 18:48:14.845, 5, 79641 MiB, 100 %, 551.73 W, 1980 MHz
2026/09/27 18:48:14.846, 6, 79641 MiB, 100 %, 555.98 W, 1980 MHz
2026/09/27 18:48:14.846, 7, 79641 MiB, 100 %, 543.86 W, 1980 MHz
2026/09/27 18:48:15.847, 0, 79641 MiB, 100 %, 514.87 W, 1410 MHz
2026/09/27 18:48:15.848, 1, 79641 MiB, 100 %, 566.28 W, 1980 MHz
2026/09/27 18:48:15.849, 2, 79641 MiB, 100 %, 554.58 W, 1980 MHz
2026/09/27 18:48:15.849, 3, 79641 MiB, 100 %, 553.74 W, 1980 MHz
2026/09/27 18:48:15.850, 4, 79641 MiB, 100 %, 545.84 W, 1980 MHz
2026/09/27 18:48:15.851, 5, 79641 MiB, 100 %, 565.74 W, 1980 MHz
2026/09/27 18:48:15.851, 6, 79641 MiB, 100 %, 558.87 W, 1980 MHz
2026/09/27 18:48:15.852, 7, 79641 MiB, 100 %, 550.76 W, 1980 MHz
2026/09/27 18:48:16.853, 0, 79641 MiB, 100 %, 475.14 W, 1440 MHz
2026/09/27 18:48:16.853, 1, 79641 MiB, 100 %, 537.03 W, 1980 MHz
2026/09/27 18:48:16.854, 2, 79641 MiB, 100 %, 536.08 W, 1980 MHz
2026/09/27 18:48:16.855, 3, 79641 MiB, 100 %, 550.39 W, 1980 MHz
2026/09/27 18:48:16.855, 4, 79641 MiB, 100 %, 530.74 W, 1980 MHz
2026/09/27 18:48:16.856, 5, 79641 MiB, 100 %, 544.81 W, 1980 MHz
2026/09/27 18:48:16.857, 6, 79641 MiB, 100 %, 549.81 W, 1980 MHz
2026/09/27 18:48:16.857, 7, 79641 MiB, 100 %, 539.67 W, 1980 MHz
2026/09/27 18:48:17.858, 0, 79641 MiB, 100 %, 499.77 W, 1485 MHz
2026/09/27 18:48:17.859, 1, 79641 MiB, 100 %, 563.56 W, 1980 MHz
2026/09/27 18:48:17.860, 2, 79641 MiB, 100 %, 541.67 W, 1980 MHz
2026/09/27 18:48:17.861, 3, 79641 MiB, 100 %, 553.74 W, 1980 MHz
2026/09/27 18:48:17.861, 4, 79641 MiB, 100 %, 534.71 W, 1980 MHz
2026/09/27 18:48:17.862, 5, 79641 MiB, 100 %, 545.67 W, 1980 MHz
2026/09/27 18:48:17.863, 6, 79641 MiB, 100 %, 550.48 W, 1980 MHz
2026/09/27 18:48:17.863, 7, 79641 MiB, 100 %, 542.38 W, 1980 MHz
2026/09/27 18:48:18.864, 0, 79641 MiB, 100 %, 507.22 W, 1440 MHz
2026/09/27 18:48:18.865, 1, 79641 MiB, 100 %, 551.06 W, 1980 MHz
2026/09/27 18:48:18.866, 2, 79641 MiB, 100 %, 550.53 W, 1980 MHz
2026/09/27 18:48:18.866, 3, 79641 MiB, 100 %, 561.98 W, 1980 MHz
2026/09/27 18:48:18.867, 4, 79641 MiB, 100 %, 538.60 W, 1980 MHz
2026/09/27 18:48:18.868, 5, 79641 MiB, 100 %, 554.62 W, 1980 MHz
2026/09/27 18:48:18.868, 6, 79641 MiB, 100 %, 551.35 W, 1980 MHz
2026/09/27 18:48:18.869, 7, 79641 MiB, 100 %, 552.63 W, 1980 MHz
2026/09/27 18:48:19.870, 0, 79641 MiB, 100 %, 448.45 W, 1455 MHz
2026/09/27 18:48:19.870, 1, 79641 MiB, 100 %, 525.31 W, 1980 MHz
2026/09/27 18:48:19.871, 2, 79641 MiB, 100 %, 534.69 W, 1980 MHz
2026/09/27 18:48:19.872, 3, 79641 MiB, 100 %, 521.76 W, 1980 MHz
2026/09/27 18:48:19.873, 4, 79641 MiB, 100 %, 505.63 W, 1980 MHz
2026/09/27 18:48:19.873, 5, 79641 MiB, 100 %, 527.18 W, 1980 MHz
2026/09/27 18:48:19.874, 6, 79641 MiB, 100 %, 532.55 W, 1980 MHz
2026/09/27 18:48:19.874, 7, 79641 MiB, 100 %, 532.03 W, 1980 MHz
2026/09/27 18:48:20.875, 0, 79641 MiB, 100 %, 462.02 W, 1455 MHz
2026/09/27 18:48:20.876, 1, 79641 MiB, 100 %, 543.02 W, 1980 MHz
2026/09/27 18:48:20.877, 2, 79641 MiB, 100 %, 528.51 W, 1980 MHz
2026/09/27 18:48:20.877, 3, 79641 MiB, 100 %, 540.96 W, 1980 MHz
2026/09/27 18:48:20.878, 4, 79641 MiB, 100 %, 513.82 W, 1980 MHz
2026/09/27 18:48:20.879, 5, 79641 MiB, 100 %, 519.60 W, 1980 MHz
2026/09/27 18:48:20.879, 6, 79641 MiB, 100 %, 531.77 W, 1980 MHz
2026/09/27 18:48:20.880, 7, 79641 MiB, 100 %, 532.22 W, 1980 MHz
2026/09/27 18:48:21.880, 0, 79641 MiB, 100 %, 486.93 W, 1575 MHz
2026/09/27 18:48:21.881, 1, 79641 MiB, 100 %, 529.87 W, 1980 MHz
2026/09/27 18:48:21.882, 2, 79641 MiB, 100 %, 535.53 W, 1980 MHz
2026/09/27 18:48:21.883, 3, 79641 MiB, 100 %, 523.94 W, 1980 MHz
2026/09/27 18:48:21.883, 4, 79641 MiB, 100 %, 515.80 W, 1980 MHz
2026/09/27 18:48:21.884, 5, 79641 MiB, 100 %, 536.92 W, 1980 MHz
2026/09/27 18:48:21.884, 6, 79641 MiB, 100 %, 541.35 W, 1980 MHz
2026/09/27 18:48:21.885, 7, 79641 MiB, 100 %, 531.95 W, 1980 MHz
2026/09/27 18:48:22.886, 0, 79641 MiB, 100 %, 511.13 W, 1530 MHz
2026/09/27 18:48:22.887, 1, 79641 MiB, 100 %, 545.10 W, 1980 MHz
2026/09/27 18:48:22.887, 2, 79641 MiB, 100 %, 522.57 W, 1980 MHz
2026/09/27 18:48:22.888, 3, 79641 MiB, 100 %, 538.14 W, 1980 MHz
2026/09/27 18:48:22.889, 4, 79641 MiB, 100 %, 522.45 W, 1980 MHz
2026/09/27 18:48:22.889, 5, 79641 MiB, 100 %, 537.65 W, 1980 MHz
2026/09/27 18:48:22.890, 6, 79641 MiB, 100 %, 536.44 W, 1980 MHz
2026/09/27 18:48:22.891, 7, 79641 MiB, 100 %, 522.15 W, 1980 MHz
2026/09/27 18:48:23.891, 0, 79641 MiB, 100 %, 515.88 W, 1785 MHz
2026/09/27 18:48:23.892, 1, 79641 MiB, 100 %, 533.69 W, 1980 MHz
2026/09/27 18:48:23.893, 2, 79641 MiB, 100 %, 535.60 W, 1980 MHz
2026/09/27 18:48:23.894, 3, 79641 MiB, 100 %, 545.55 W, 1980 MHz
2026/09/27 18:48:23.894, 4, 79641 MiB, 100 %, 518.97 W, 1980 MHz
2026/09/27 18:48:23.895, 5, 79641 MiB, 100 %, 521.19 W, 1980 MHz
2026/09/27 18:48:23.896, 6, 79641 MiB, 100 %, 540.33 W, 1980 MHz
2026/09/27 18:48:23.896, 7, 79641 MiB, 100 %, 530.68 W, 1980 MHz
2026/09/27 18:48:24.897, 0, 79641 MiB, 100 %, 529.43 W, 1620 MHz
2026/09/27 18:48:24.898, 1, 79641 MiB, 100 %, 556.74 W, 1965 MHz
2026/09/27 18:48:24.899, 2, 79641 MiB, 100 %, 557.89 W, 1965 MHz
2026/09/27 18:48:24.899, 3, 79641 MiB, 100 %, 559.12 W, 1965 MHz
2026/09/27 18:48:24.900, 4, 79641 MiB, 100 %, 549.75 W, 1965 MHz
2026/09/27 18:48:24.901, 5, 79641 MiB, 100 %, 561.41 W, 1965 MHz
2026/09/27 18:48:24.901, 6, 79641 MiB, 100 %, 562.25 W, 1965 MHz
2026/09/27 18:48:24.902, 7, 79641 MiB, 100 %, 551.66 W, 1965 MHz
2026/09/27 18:48:25.903, 0, 79641 MiB, 100 %, 500.62 W, 1560 MHz
2026/09/27 18:48:25.904, 1, 79641 MiB, 100 %, 541.51 W, 1980 MHz
2026/09/27 18:48:25.904, 2, 79641 MiB, 100 %, 537.28 W, 1980 MHz
2026/09/27 18:48:25.905, 3, 79641 MiB, 100 %, 527.27 W, 1980 MHz
2026/09/27 18:48:25.906, 4, 79641 MiB, 100 %, 521.16 W, 1980 MHz
2026/09/27 18:48:25.906, 5, 79641 MiB, 100 %, 544.39 W, 1980 MHz
2026/09/27 18:48:25.907, 6, 79641 MiB, 100 %, 543.63 W, 1980 MHz
2026/09/27 18:48:25.908, 7, 79641 MiB, 100 %, 539.31 W, 1980 MHz
2026/09/27 18:48:26.908, 0, 79641 MiB, 100 %, 513.99 W, 1590 MHz
2026/09/27 18:48:26.910, 1, 79641 MiB, 100 %, 539.28 W, 1980 MHz
2026/09/27 18:48:26.910, 2, 79641 MiB, 100 %, 522.00 W, 1980 MHz
2026/09/27 18:48:26.911, 3, 79641 MiB, 100 %, 533.92 W, 1980 MHz
2026/09/27 18:48:26.912, 4, 79641 MiB, 100 %, 516.79 W, 1980 MHz
2026/09/27 18:48:26.912, 5, 79641 MiB, 100 %, 544.79 W, 1980 MHz
2026/09/27 18:48:26.913, 6, 79641 MiB, 100 %, 534.95 W, 1980 MHz
2026/09/27 18:48:26.914, 7, 79641 MiB, 100 %, 523.03 W, 1980 MHz
2026/09/27 18:48:27.914, 0, 79641 MiB, 100 %, 521.39 W, 1740 MHz
2026/09/27 18:48:27.915, 1, 79641 MiB, 100 %, 538.91 W, 1980 MHz
2026/09/27 18:48:27.916, 2, 79641 MiB, 100 %, 534.60 W, 1980 MHz
2026/09/27 18:48:27.917, 3, 79641 MiB, 100 %, 539.22 W, 1980 MHz
2026/09/27 18:48:27.918, 4, 79641 MiB, 100 %, 522.68 W, 1980 MHz
2026/09/27 18:48:27.919, 5, 79641 MiB, 100 %, 548.43 W, 1980 MHz
2026/09/27 18:48:27.919, 6, 79641 MiB, 100 %, 540.23 W, 1980 MHz
2026/09/27 18:48:27.920, 7, 79641 MiB, 100 %, 532.30 W, 1980 MHz
2026/09/27 18:48:28.920, 0, 79641 MiB, 100 %, 533.05 W, 1890 MHz
2026/09/27 18:48:28.922, 1, 79641 MiB, 100 %, 546.44 W, 1980 MHz
2026/09/27 18:48:28.922, 2, 79641 MiB, 100 %, 536.45 W, 1980 MHz
2026/09/27 18:48:28.923, 3, 79641 MiB, 100 %, 539.23 W, 1980 MHz
2026/09/27 18:48:28.924, 4, 79641 MiB, 100 %, 535.56 W, 1980 MHz
2026/09/27 18:48:28.924, 5, 79641 MiB, 100 %, 554.21 W, 1980 MHz
2026/09/27 18:48:28.925, 6, 79641 MiB, 100 %, 548.42 W, 1980 MHz
2026/09/27 18:48:28.926, 7, 79641 MiB, 100 %, 535.62 W, 1980 MHz
2026/09/27 18:48:29.926, 0, 79641 MiB, 100 %, 560.54 W, 1815 MHz
2026/09/27 18:48:29.927, 1, 79641 MiB, 100 %, 555.20 W, 1980 MHz
2026/09/27 18:48:29.928, 2, 79641 MiB, 100 %, 547.05 W, 1980 MHz
2026/09/27 18:48:29.928, 3, 79641 MiB, 100 %, 561.49 W, 1980 MHz
2026/09/27 18:48:29.929, 4, 79641 MiB, 100 %, 543.55 W, 1980 MHz
2026/09/27 18:48:29.930, 5, 79641 MiB, 100 %, 563.90 W, 1980 MHz
2026/09/27 18:48:29.930, 6, 79641 MiB, 100 %, 565.07 W, 1980 MHz
2026/09/27 18:48:29.931, 7, 79641 MiB, 100 %, 561.41 W, 1980 MHz
2026/09/27 18:48:30.932, 0, 79641 MiB, 100 %, 477.44 W, 1470 MHz
2026/09/27 18:48:30.933, 1, 79641 MiB, 100 %, 546.72 W, 1980 MHz
2026/09/27 18:48:30.933, 2, 79641 MiB, 100 %, 535.99 W, 1980 MHz
2026/09/27 18:48:30.934, 3, 79641 MiB, 100 %, 536.93 W, 1980 MHz
2026/09/27 18:48:30.935, 4, 79641 MiB, 100 %, 522.25 W, 1980 MHz
2026/09/27 18:48:30.935, 5, 79641 MiB, 100 %, 546.34 W, 1980 MHz
2026/09/27 18:48:30.936, 6, 79641 MiB, 100 %, 547.79 W, 1980 MHz
2026/09/27 18:48:30.936, 7, 79641 MiB, 100 %, 534.22 W, 1980 MHz
2026/09/27 18:48:31.937, 0, 79641 MiB, 100 %, 494.72 W, 1485 MHz
2026/09/27 18:48:31.938, 1, 79641 MiB, 100 %, 548.50 W, 1980 MHz
2026/09/27 18:48:31.939, 2, 79641 MiB, 100 %, 534.96 W, 1980 MHz
2026/09/27 18:48:31.939, 3, 79641 MiB, 100 %, 539.93 W, 1980 MHz
2026/09/27 18:48:31.940, 4, 79641 MiB, 100 %, 532.40 W, 1980 MHz
2026/09/27 18:48:31.940, 5, 79641 MiB, 100 %, 545.72 W, 1980 MHz
2026/09/27 18:48:31.941, 6, 79641 MiB, 100 %, 535.87 W, 1980 MHz
2026/09/27 18:48:31.942, 7, 79641 MiB, 100 %, 524.57 W, 1980 MHz
2026/09/27 18:48:32.942, 0, 79641 MiB, 100 %, 513.39 W, 1740 MHz
2026/09/27 18:48:32.943, 1, 79641 MiB, 100 %, 568.46 W, 1980 MHz
2026/09/27 18:48:32.944, 2, 79641 MiB, 100 %, 557.83 W, 1980 MHz
2026/09/27 18:48:32.945, 3, 79641 MiB, 100 %, 566.08 W, 1980 MHz
2026/09/27 18:48:32.945, 4, 79641 MiB, 100 %, 535.54 W, 1980 MHz
2026/09/27 18:48:32.946, 5, 79641 MiB, 100 %, 564.24 W, 1980 MHz
2026/09/27 18:48:32.947, 6, 79641 MiB, 100 %, 553.61 W, 1980 MHz
2026/09/27 18:48:32.947, 7, 79641 MiB, 100 %, 548.44 W, 1980 MHz
2026/09/27 18:48:33.948, 0, 79641 MiB, 100 %, 514.98 W, 1575 MHz
2026/09/27 18:48:33.949, 1, 79641 MiB, 100 %, 557.83 W, 1980 MHz
2026/09/27 18:48:33.950, 2, 79641 MiB, 100 %, 549.50 W, 1980 MHz
2026/09/27 18:48:33.951, 3, 79641 MiB, 100 %, 561.66 W, 1980 MHz
2026/09/27 18:48:33.951, 4, 79641 MiB, 100 %, 542.79 W, 1980 MHz
2026/09/27 18:48:33.952, 5, 79641 MiB, 100 %, 556.21 W, 1980 MHz
2026/09/27 18:48:33.953, 6, 79641 MiB, 100 %, 549.65 W, 1980 MHz
2026/09/27 18:48:33.953, 7, 79641 MiB, 100 %, 545.15 W, 1980 MHz
2026/09/27 18:48:34.954, 0, 79641 MiB, 100 %, 528.51 W, 1710 MHz
2026/09/27 18:48:34.955, 1, 79641 MiB, 100 %, 563.43 W, 1980 MHz
2026/09/27 18:48:34.956, 2, 79641 MiB, 100 %, 550.40 W, 1980 MHz
2026/09/27 18:48:34.956, 3, 79641 MiB, 100 %, 558.89 W, 1980 MHz
2026/09/27 18:48:34.957, 4, 79641 MiB, 100 %, 540.93 W, 1980 MHz
2026/09/27 18:48:34.958, 5, 79641 MiB, 100 %, 559.18 W, 1980 MHz
2026/09/27 18:48:34.958, 6, 79641 MiB, 100 %, 561.86 W, 1980 MHz
2026/09/27 18:48:34.959, 7, 79641 MiB, 100 %, 555.08 W, 1980 MHz
2026/09/27 18:48:35.960, 0, 79641 MiB, 100 %, 534.45 W, 1665 MHz
2026/09/27 18:48:35.960, 1, 79641 MiB, 100 %, 558.77 W, 1980 MHz
2026/09/27 18:48:35.961, 2, 79641 MiB, 100 %, 556.09 W, 1980 MHz
2026/09/27 18:48:35.962, 3, 79641 MiB, 100 %, 564.80 W, 1980 MHz
2026/09/27 18:48:35.962, 4, 79641 MiB, 100 %, 542.91 W, 1980 MHz
2026/09/27 18:48:35.963, 5, 79641 MiB, 100 %, 554.17 W, 1980 MHz
2026/09/27 18:48:35.964, 6, 79641 MiB, 100 %, 558.63 W, 1980 MHz
2026/09/27 18:48:35.964, 7, 79641 MiB, 100 %, 545.73 W, 1980 MHz
2026/09/27 18:48:36.965, 0, 79641 MiB, 100 %, 475.66 W, 1590 MHz
2026/09/27 18:48:36.966, 1, 79641 MiB, 100 %, 546.84 W, 1980 MHz
2026/09/27 18:48:36.966, 2, 79641 MiB, 100 %, 529.23 W, 1980 MHz
2026/09/27 18:48:36.967, 3, 79641 MiB, 100 %, 541.41 W, 1980 MHz
2026/09/27 18:48:36.968, 4, 79641 MiB, 100 %, 526.18 W, 1980 MHz
2026/09/27 18:48:36.968, 5, 79641 MiB, 100 %, 541.33 W, 1980 MHz
2026/09/27 18:48:36.969, 6, 79641 MiB, 100 %, 541.73 W, 1980 MHz
2026/09/27 18:48:36.970, 7, 79641 MiB, 100 %, 535.32 W, 1980 MHz
2026/09/27 18:48:37.970, 0, 79641 MiB, 100 %, 492.56 W, 1575 MHz
2026/09/27 18:48:37.971, 1, 79641 MiB, 100 %, 544.34 W, 1980 MHz
2026/09/27 18:48:37.972, 2, 79641 MiB, 100 %, 531.54 W, 1980 MHz
2026/09/27 18:48:37.972, 3, 79641 MiB, 100 %, 553.24 W, 1980 MHz
2026/09/27 18:48:37.973, 4, 79641 MiB, 100 %, 524.73 W, 1980 MHz
2026/09/27 18:48:37.974, 5, 79641 MiB, 100 %, 530.77 W, 1980 MHz
2026/09/27 18:48:37.974, 6, 79641 MiB, 100 %, 528.64 W, 1980 MHz
2026/09/27 18:48:37.975, 7, 79641 MiB, 100 %, 529.13 W, 1980 MHz
2026/09/27 18:48:38.976, 0, 79641 MiB, 100 %, 511.28 W, 1695 MHz
2026/09/27 18:48:38.977, 1, 79641 MiB, 100 %, 545.85 W, 1980 MHz
2026/09/27 18:48:38.977, 2, 79641 MiB, 100 %, 542.14 W, 1980 MHz
2026/09/27 18:48:38.978, 3, 79641 MiB, 100 %, 545.48 W, 1980 MHz
2026/09/27 18:48:38.979, 4, 79641 MiB, 100 %, 529.68 W, 1980 MHz
2026/09/27 18:48:38.979, 5, 79641 MiB, 100 %, 542.25 W, 1980 MHz
2026/09/27 18:48:38.980, 6, 79641 MiB, 100 %, 546.33 W, 1980 MHz
2026/09/27 18:48:38.981, 7, 79641 MiB, 100 %, 533.30 W, 1980 MHz
2026/09/27 18:48:39.981, 0, 79641 MiB, 100 %, 495.69 W, 1605 MHz
2026/09/27 18:48:39.982, 1, 79641 MiB, 100 %, 541.55 W, 1980 MHz
2026/09/27 18:48:39.983, 2, 79641 MiB, 100 %, 530.71 W, 1980 MHz
2026/09/27 18:48:39.984, 3, 79641 MiB, 100 %, 539.88 W, 1980 MHz
2026/09/27 18:48:39.984, 4, 79641 MiB, 100 %, 522.51 W, 1980 MHz
2026/09/27 18:48:39.985, 5, 79641 MiB, 100 %, 530.67 W, 1980 MHz
2026/09/27 18:48:39.985, 6, 79641 MiB, 100 %, 526.35 W, 1980 MHz
2026/09/27 18:48:39.986, 7, 79641 MiB, 100 %, 516.70 W, 1980 MHz
2026/09/27 18:48:40.987, 0, 79641 MiB, 100 %, 523.69 W, 1515 MHz
2026/09/27 18:48:40.990, 1, 79641 MiB, 100 %, 542.31 W, 1980 MHz
2026/09/27 18:48:40.991, 2, 79641 MiB, 100 %, 542.83 W, 1980 MHz
2026/09/27 18:48:40.992, 3, 79641 MiB, 100 %, 537.45 W, 1980 MHz
2026/09/27 18:48:40.994, 4, 79641 MiB, 100 %, 530.87 W, 1980 MHz
2026/09/27 18:48:40.995, 5, 79641 MiB, 100 %, 544.13 W, 1980 MHz
2026/09/27 18:48:40.996, 6, 79641 MiB, 100 %, 536.49 W, 1980 MHz
2026/09/27 18:48:40.998, 7, 79641 MiB, 100 %, 534.47 W, 1980 MHz
2026/09/27 18:48:41.999, 0, 79641 MiB, 100 %, 486.39 W, 1380 MHz
2026/09/27 18:48:42.000, 1, 79641 MiB, 100 %, 544.56 W, 1965 MHz
2026/09/27 18:48:42.000, 2, 79641 MiB, 100 %, 546.84 W, 1965 MHz
2026/09/27 18:48:42.001, 3, 79641 MiB, 100 %, 546.77 W, 1965 MHz
2026/09/27 18:48:42.002, 4, 79641 MiB, 100 %, 529.17 W, 1965 MHz
2026/09/27 18:48:42.002, 5, 79641 MiB, 100 %, 550.82 W, 1965 MHz
2026/09/27 18:48:42.003, 6, 79641 MiB, 100 %, 549.03 W, 1950 MHz
2026/09/27 18:48:42.004, 7, 79641 MiB, 100 %, 538.48 W, 1965 MHz
2026/09/27 18:48:43.004, 0, 79641 MiB, 100 %, 401.11 W, 1980 MHz
2026/09/27 18:48:43.007, 1, 79641 MiB, 98 %, 346.45 W, 1980 MHz
2026/09/27 18:48:43.008, 2, 79641 MiB, 100 %, 339.57 W, 1980 MHz
2026/09/27 18:48:43.008, 3, 79641 MiB, 100 %, 338.79 W, 1980 MHz
2026/09/27 18:48:43.009, 4, 79641 MiB, 100 %, 331.37 W, 1980 MHz
2026/09/27 18:48:43.011, 5, 79641 MiB, 100 %, 339.04 W, 1980 MHz
2026/09/27 18:48:43.013, 6, 79641 MiB, 100 %, 344.59 W, 1980 MHz
2026/09/27 18:48:43.014, 7, 79641 MiB, 100 %, 335.52 W, 1980 MHz
2026/09/27 18:48:44.016, 0, 79641 MiB, 100 %, 379.43 W, 1980 MHz
2026/09/27 18:48:44.017, 1, 79641 MiB, 100 %, 318.76 W, 1980 MHz
2026/09/27 18:48:44.018, 2, 79641 MiB, 100 %, 319.23 W, 1980 MHz
2026/09/27 18:48:44.019, 3, 79641 MiB, 97 %, 313.04 W, 1980 MHz
2026/09/27 18:48:44.019, 4, 79641 MiB, 100 %, 306.73 W, 1980 MHz
2026/09/27 18:48:44.020, 5, 79641 MiB, 100 %, 316.31 W, 1980 MHz
2026/09/27 18:48:44.021, 6, 79641 MiB, 100 %, 324.64 W, 1980 MHz
2026/09/27 18:48:44.021, 7, 79641 MiB, 100 %, 306.15 W, 1980 MHz
2026/09/27 18:48:45.022, 0, 79641 MiB, 0 %, 262.03 W, 1980 MHz
2026/09/27 18:48:45.023, 1, 79641 MiB, 0 %, 197.51 W, 1980 MHz
2026/09/27 18:48:45.023, 2, 79641 MiB, 0 %, 197.69 W, 1980 MHz
2026/09/27 18:48:45.024, 3, 79641 MiB, 0 %, 198.84 W, 1980 MHz
2026/09/27 18:48:45.025, 4, 79641 MiB, 0 %, 187.62 W, 1980 MHz
2026/09/27 18:48:45.025, 5, 79641 MiB, 0 %, 194.24 W, 1980 MHz
2026/09/27 18:48:45.026, 6, 79641 MiB, 0 %, 203.45 W, 1980 MHz
2026/09/27 18:48:45.027, 7, 79641 MiB, 0 %, 190.59 W, 1980 MHz
