timestamp, index, memory.used [MiB], utilization.gpu [%], power.draw [W], clocks.current.sm [MHz]
2026/09/28 06:10:47.764, 0, 75845 MiB, 0 %, 183.98 W, 1980 MHz
2026/09/28 06:10:47.772, 1, 75845 MiB, 0 %, 130.49 W, 1980 MHz
2026/09/28 06:10:47.780, 2, 75845 MiB, 0 %, 129.76 W, 1980 MHz
2026/09/28 06:10:47.788, 3, 75845 MiB, 0 %, 125.19 W, 1980 MHz
2026/09/28 06:10:47.795, 4, 75845 MiB, 0 %, 124.01 W, 1980 MHz
2026/09/28 06:10:47.803, 5, 75845 MiB, 0 %, 125.77 W, 1980 MHz
2026/09/28 06:10:47.811, 6, 75845 MiB, 0 %, 127.97 W, 1980 MHz
2026/09/28 06:10:47.818, 7, 75845 MiB, 0 %, 124.23 W, 1980 MHz
2026/09/28 06:10:48.826, 0, 75845 MiB, 0 %, 182.13 W, 1980 MHz
2026/09/28 06:10:48.827, 1, 75845 MiB, 0 %, 129.33 W, 1980 MHz
2026/09/28 06:10:48.827, 2, 75845 MiB, 0 %, 127.76 W, 1980 MHz
2026/09/28 06:10:48.828, 3, 75845 MiB, 0 %, 124.80 W, 1980 MHz
2026/09/28 06:10:48.829, 4, 75845 MiB, 0 %, 123.48 W, 1980 MHz
2026/09/28 06:10:48.829, 5, 75845 MiB, 0 %, 125.26 W, 1980 MHz
2026/09/28 06:10:48.830, 6, 75845 MiB, 0 %, 126.78 W, 1980 MHz
2026/09/28 06:10:48.831, 7, 75845 MiB, 0 %, 122.92 W, 1980 MHz
2026/09/28 06:10:49.831, 0, 75845 MiB, 0 %, 181.37 W, 1980 MHz
2026/09/28 06:10:49.832, 1, 75845 MiB, 0 %, 128.65 W, 1980 MHz
2026/09/28 06:10:49.833, 2, 75845 MiB, 0 %, 125.88 W, 1980 MHz
2026/09/28 06:10:49.833, 3, 75845 MiB, 0 %, 123.75 W, 1980 MHz
2026/09/28 06:10:49.834, 4, 75845 MiB, 0 %, 123.10 W, 1980 MHz
2026/09/28 06:10:49.835, 5, 75845 MiB, 0 %, 124.83 W, 1980 MHz
2026/09/28 06:10:49.835, 6, 75845 MiB, 0 %, 126.28 W, 1980 MHz
2026/09/28 06:10:49.836, 7, 75845 MiB, 0 %, 122.49 W, 1980 MHz
2026/09/28 06:10:50.836, 0, 75845 MiB, 0 %, 180.83 W, 1980 MHz
2026/09/28 06:10:50.837, 1, 75845 MiB, 0 %, 128.24 W, 1980 MHz
2026/09/28 06:10:50.838, 2, 75845 MiB, 0 %, 125.57 W, 1980 MHz
2026/09/28 06:10:50.839, 3, 75845 MiB, 0 %, 123.25 W, 1980 MHz
2026/09/28 06:10:50.839, 4, 75845 MiB, 0 %, 122.78 W, 1980 MHz
2026/09/28 06:10:50.840, 5, 75845 MiB, 0 %, 124.44 W, 1980 MHz
2026/09/28 06:10:50.841, 6, 75845 MiB, 0 %, 125.98 W, 1980 MHz
2026/09/28 06:10:50.841, 7, 75845 MiB, 0 %, 122.15 W, 1980 MHz
2026/09/28 06:10:51.842, 0, 75845 MiB, 0 %, 180.24 W, 1980 MHz
2026/09/28 06:10:51.843, 1, 75845 MiB, 0 %, 127.67 W, 1980 MHz
2026/09/28 06:10:51.844, 2, 75845 MiB, 0 %, 125.17 W, 1980 MHz
2026/09/28 06:10:51.844, 3, 75845 MiB, 0 %, 122.90 W, 1980 MHz
2026/09/28 06:10:51.845, 4, 75845 MiB, 0 %, 122.51 W, 1980 MHz
2026/09/28 06:10:51.846, 5, 75845 MiB, 0 %, 124.20 W, 1980 MHz
2026/09/28 06:10:51.846, 6, 75845 MiB, 0 %, 125.62 W, 1980 MHz
2026/09/28 06:10:51.847, 7, 75845 MiB, 0 %, 121.90 W, 1980 MHz
2026/09/28 06:10:52.847, 0, 75845 MiB, 0 %, 179.85 W, 1980 MHz
2026/09/28 06:10:52.848, 1, 75845 MiB, 0 %, 127.09 W, 1980 MHz
2026/09/28 06:10:52.849, 2, 75845 MiB, 0 %, 124.95 W, 1980 MHz
2026/09/28 06:10:52.850, 3, 75845 MiB, 0 %, 122.68 W, 1980 MHz
2026/09/28 06:10:52.850, 4, 75845 MiB, 0 %, 122.27 W, 1980 MHz
2026/09/28 06:10:52.851, 5, 75845 MiB, 0 %, 123.90 W, 1980 MHz
2026/09/28 06:10:52.852, 6, 75845 MiB, 0 %, 124.77 W, 1980 MHz
2026/09/28 06:10:52.852, 7, 75845 MiB, 0 %, 121.57 W, 1980 MHz
2026/09/28 06:10:53.853, 0, 75845 MiB, 0 %, 178.91 W, 1980 MHz
2026/09/28 06:10:53.854, 1, 75845 MiB, 0 %, 126.83 W, 1980 MHz
2026/09/28 06:10:53.854, 2, 75845 MiB, 0 %, 124.69 W, 1980 MHz
2026/09/28 06:10:53.855, 3, 75845 MiB, 0 %, 122.50 W, 1980 MHz
2026/09/28 06:10:53.856, 4, 75845 MiB, 0 %, 121.95 W, 1980 MHz
2026/09/28 06:10:53.857, 5, 75845 MiB, 0 %, 123.75 W, 1980 MHz
2026/09/28 06:10:53.857, 6, 75845 MiB, 0 %, 124.27 W, 1980 MHz
2026/09/28 06:10:53.858, 7, 75845 MiB, 0 %, 121.40 W, 1980 MHz
2026/09/28 06:10:54.859, 0, 75845 MiB, 0 %, 178.52 W, 1980 MHz
2026/09/28 06:10:54.859, 1, 75845 MiB, 0 %, 126.51 W, 1980 MHz
2026/09/28 06:10:54.860, 2, 75845 MiB, 0 %, 124.55 W, 1980 MHz
2026/09/28 06:10:54.861, 3, 75845 MiB, 0 %, 122.34 W, 1980 MHz
2026/09/28 06:10:54.861, 4, 75845 MiB, 0 %, 121.81 W, 1980 MHz
2026/09/28 06:10:54.862, 5, 75845 MiB, 0 %, 123.76 W, 1980 MHz
2026/09/28 06:10:54.863, 6, 75845 MiB, 0 %, 123.99 W, 1980 MHz
2026/09/28 06:10:54.863, 7, 75845 MiB, 0 %, 121.16 W, 1980 MHz
2026/09/28 06:10:55.864, 0, 75845 MiB, 0 %, 178.21 W, 1980 MHz
2026/09/28 06:10:55.865, 1, 75845 MiB, 0 %, 126.20 W, 1980 MHz
2026/09/28 06:10:55.866, 2, 75845 MiB, 0 %, 124.36 W, 1980 MHz
2026/09/28 06:10:55.866, 3, 75845 MiB, 0 %, 122.16 W, 1980 MHz
2026/09/28 06:10:55.867, 4, 75845 MiB, 0 %, 121.66 W, 1980 MHz
2026/09/28 06:10:55.868, 5, 75845 MiB, 0 %, 123.54 W, 1980 MHz
2026/09/28 06:10:55.868, 6, 75845 MiB, 0 %, 123.81 W, 1980 MHz
2026/09/28 06:10:55.869, 7, 75845 MiB, 0 %, 120.97 W, 1980 MHz
2026/09/28 06:10:56.870, 0, 75845 MiB, 0 %, 177.90 W, 1980 MHz
2026/09/28 06:10:56.870, 1, 75845 MiB, 0 %, 125.94 W, 1980 MHz
2026/09/28 06:10:56.871, 2, 75845 MiB, 0 %, 124.40 W, 1980 MHz
2026/09/28 06:10:56.872, 3, 75845 MiB, 0 %, 122.06 W, 1980 MHz
2026/09/28 06:10:56.872, 4, 75845 MiB, 0 %, 121.51 W, 1980 MHz
2026/09/28 06:10:56.873, 5, 75845 MiB, 0 %, 123.38 W, 1980 MHz
2026/09/28 06:10:56.874, 6, 75845 MiB, 0 %, 123.59 W, 1980 MHz
2026/09/28 06:10:56.874, 7, 75845 MiB, 0 %, 120.88 W, 1980 MHz
2026/09/28 06:10:57.875, 0, 75845 MiB, 0 %, 177.66 W, 1980 MHz
2026/09/28 06:10:57.876, 1, 75845 MiB, 0 %, 125.73 W, 1980 MHz
2026/09/28 06:10:57.876, 2, 75845 MiB, 0 %, 124.88 W, 1980 MHz
2026/09/28 06:10:57.877, 3, 75845 MiB, 0 %, 121.88 W, 1980 MHz
2026/09/28 06:10:57.878, 4, 75845 MiB, 0 %, 121.34 W, 1980 MHz
2026/09/28 06:10:57.879, 5, 75845 MiB, 0 %, 123.10 W, 1980 MHz
2026/09/28 06:10:57.879, 6, 75845 MiB, 0 %, 123.41 W, 1980 MHz
2026/09/28 06:10:57.880, 7, 75845 MiB, 0 %, 120.69 W, 1980 MHz
2026/09/28 06:10:58.881, 0, 75845 MiB, 0 %, 177.43 W, 1980 MHz
2026/09/28 06:10:58.881, 1, 75845 MiB, 0 %, 125.54 W, 1980 MHz
2026/09/28 06:10:58.882, 2, 75845 MiB, 0 %, 124.78 W, 1980 MHz
2026/09/28 06:10:58.883, 3, 75845 MiB, 0 %, 121.69 W, 1980 MHz
2026/09/28 06:10:58.883, 4, 75845 MiB, 0 %, 121.24 W, 1980 MHz
2026/09/28 06:10:58.884, 5, 75845 MiB, 0 %, 123.02 W, 1980 MHz
2026/09/28 06:10:58.885, 6, 75845 MiB, 0 %, 123.17 W, 1980 MHz
2026/09/28 06:10:58.885, 7, 75845 MiB, 0 %, 120.50 W, 1980 MHz
2026/09/28 06:10:59.886, 0, 75845 MiB, 0 %, 177.19 W, 1980 MHz
2026/09/28 06:10:59.887, 1, 75845 MiB, 0 %, 125.37 W, 1980 MHz
2026/09/28 06:10:59.887, 2, 75845 MiB, 0 %, 124.60 W, 1980 MHz
2026/09/28 06:10:59.888, 3, 75845 MiB, 0 %, 121.58 W, 1980 MHz
2026/09/28 06:10:59.888, 4, 75845 MiB, 0 %, 121.07 W, 1980 MHz
2026/09/28 06:10:59.889, 5, 75845 MiB, 0 %, 122.82 W, 1980 MHz
2026/09/28 06:10:59.889, 6, 75845 MiB, 0 %, 123.06 W, 1980 MHz
2026/09/28 06:10:59.890, 7, 75845 MiB, 0 %, 120.42 W, 1980 MHz
2026/09/28 06:11:00.891, 0, 75845 MiB, 0 %, 176.95 W, 1980 MHz
2026/09/28 06:11:00.891, 1, 75845 MiB, 0 %, 125.21 W, 1980 MHz
2026/09/28 06:11:00.892, 2, 75845 MiB, 0 %, 124.44 W, 1980 MHz
2026/09/28 06:11:00.893, 3, 75845 MiB, 0 %, 121.46 W, 1980 MHz
2026/09/28 06:11:00.893, 4, 75845 MiB, 0 %, 120.92 W, 1980 MHz
2026/09/28 06:11:00.894, 5, 75845 MiB, 0 %, 122.68 W, 1980 MHz
2026/09/28 06:11:00.895, 6, 75845 MiB, 0 %, 122.84 W, 1980 MHz
2026/09/28 06:11:00.895, 7, 75845 MiB, 0 %, 120.18 W, 1980 MHz
2026/09/28 06:11:01.896, 0, 75845 MiB, 0 %, 176.71 W, 1980 MHz
2026/09/28 06:11:01.897, 1, 75845 MiB, 0 %, 124.96 W, 1980 MHz
2026/09/28 06:11:01.897, 2, 75845 MiB, 0 %, 124.31 W, 1980 MHz
2026/09/28 06:11:01.898, 3, 75845 MiB, 0 %, 121.40 W, 1980 MHz
2026/09/28 06:11:01.899, 4, 75845 MiB, 0 %, 120.84 W, 1980 MHz
2026/09/28 06:11:01.899, 5, 75845 MiB, 0 %, 122.55 W, 1980 MHz
2026/09/28 06:11:01.900, 6, 75845 MiB, 0 %, 122.70 W, 1980 MHz
2026/09/28 06:11:01.900, 7, 75845 MiB, 0 %, 120.06 W, 1980 MHz
2026/09/28 06:11:02.901, 0, 75845 MiB, 0 %, 176.48 W, 1980 MHz
2026/09/28 06:11:02.902, 1, 75845 MiB, 0 %, 124.72 W, 1980 MHz
2026/09/28 06:11:02.903, 2, 75845 MiB, 0 %, 123.96 W, 1980 MHz
2026/09/28 06:11:02.903, 3, 75845 MiB, 0 %, 121.25 W, 1980 MHz
2026/09/28 06:11:02.904, 4, 75845 MiB, 0 %, 120.74 W, 1980 MHz
2026/09/28 06:11:02.905, 5, 75845 MiB, 0 %, 122.39 W, 1980 MHz
2026/09/28 06:11:02.905, 6, 75845 MiB, 0 %, 122.55 W, 1980 MHz
2026/09/28 06:11:02.906, 7, 75845 MiB, 0 %, 120.00 W, 1980 MHz
2026/09/28 06:11:03.907, 0, 75845 MiB, 0 %, 176.31 W, 1980 MHz
2026/09/28 06:11:03.907, 1, 75845 MiB, 0 %, 124.57 W, 1980 MHz
2026/09/28 06:11:03.908, 2, 75845 MiB, 0 %, 123.57 W, 1980 MHz
2026/09/28 06:11:03.909, 3, 75845 MiB, 0 %, 121.17 W, 1980 MHz
2026/09/28 06:11:03.909, 4, 75845 MiB, 0 %, 120.66 W, 1980 MHz
2026/09/28 06:11:03.910, 5, 75845 MiB, 0 %, 122.19 W, 1980 MHz
2026/09/28 06:11:03.910, 6, 75845 MiB, 0 %, 122.43 W, 1980 MHz
2026/09/28 06:11:03.911, 7, 75845 MiB, 0 %, 119.95 W, 1980 MHz
2026/09/28 06:11:04.912, 0, 75845 MiB, 0 %, 176.19 W, 1980 MHz
2026/09/28 06:11:04.913, 1, 75845 MiB, 0 %, 124.40 W, 1980 MHz
2026/09/28 06:11:04.913, 2, 75845 MiB, 0 %, 123.36 W, 1980 MHz
2026/09/28 06:11:04.914, 3, 75845 MiB, 0 %, 121.07 W, 1980 MHz
2026/09/28 06:11:04.914, 4, 75845 MiB, 0 %, 120.54 W, 1980 MHz
2026/09/28 06:11:04.915, 5, 75845 MiB, 0 %, 122.14 W, 1980 MHz
2026/09/28 06:11:04.916, 6, 75845 MiB, 0 %, 122.29 W, 1980 MHz
2026/09/28 06:11:04.916, 7, 75845 MiB, 0 %, 119.83 W, 1980 MHz
2026/09/28 06:11:05.917, 0, 75845 MiB, 0 %, 175.98 W, 1980 MHz
2026/09/28 06:11:05.918, 1, 75845 MiB, 0 %, 124.30 W, 1980 MHz
2026/09/28 06:11:05.918, 2, 75845 MiB, 0 %, 123.22 W, 1980 MHz
2026/09/28 06:11:05.919, 3, 75845 MiB, 0 %, 120.93 W, 1980 MHz
2026/09/28 06:11:05.920, 4, 75845 MiB, 0 %, 120.49 W, 1980 MHz
2026/09/28 06:11:05.920, 5, 75845 MiB, 0 %, 121.99 W, 1980 MHz
2026/09/28 06:11:05.921, 6, 75845 MiB, 0 %, 122.19 W, 1980 MHz
2026/09/28 06:11:05.921, 7, 75845 MiB, 0 %, 119.71 W, 1980 MHz
2026/09/28 06:11:06.922, 0, 75845 MiB, 0 %, 175.77 W, 1980 MHz
2026/09/28 06:11:06.923, 1, 75845 MiB, 0 %, 124.11 W, 1980 MHz
2026/09/28 06:11:06.924, 2, 75845 MiB, 0 %, 123.12 W, 1980 MHz
2026/09/28 06:11:06.924, 3, 75845 MiB, 0 %, 120.89 W, 1980 MHz
2026/09/28 06:11:06.925, 4, 75845 MiB, 0 %, 120.36 W, 1980 MHz
2026/09/28 06:11:06.925, 5, 75845 MiB, 0 %, 121.88 W, 1980 MHz
2026/09/28 06:11:06.926, 6, 75845 MiB, 0 %, 122.04 W, 1980 MHz
2026/09/28 06:11:06.927, 7, 75845 MiB, 0 %, 119.65 W, 1980 MHz
2026/09/28 06:11:07.927, 0, 75845 MiB, 0 %, 175.65 W, 1980 MHz
2026/09/28 06:11:07.928, 1, 75845 MiB, 0 %, 124.03 W, 1980 MHz
2026/09/28 06:11:07.929, 2, 75845 MiB, 0 %, 123.05 W, 1980 MHz
2026/09/28 06:11:07.929, 3, 75845 MiB, 0 %, 120.84 W, 1980 MHz
2026/09/28 06:11:07.930, 4, 75845 MiB, 0 %, 120.27 W, 1980 MHz
2026/09/28 06:11:07.931, 5, 75845 MiB, 0 %, 121.81 W, 1980 MHz
2026/09/28 06:11:07.931, 6, 75845 MiB, 0 %, 121.89 W, 1980 MHz
2026/09/28 06:11:07.932, 7, 75845 MiB, 0 %, 119.52 W, 1980 MHz
2026/09/28 06:11:08.933, 0, 75845 MiB, 0 %, 175.50 W, 1980 MHz
2026/09/28 06:11:08.934, 1, 75845 MiB, 0 %, 123.79 W, 1980 MHz
2026/09/28 06:11:08.934, 2, 75845 MiB, 0 %, 122.72 W, 1980 MHz
2026/09/28 06:11:08.935, 3, 75845 MiB, 0 %, 120.34 W, 1980 MHz
2026/09/28 06:11:08.935, 4, 75845 MiB, 0 %, 120.16 W, 1980 MHz
2026/09/28 06:11:08.936, 5, 75845 MiB, 0 %, 121.73 W, 1980 MHz
2026/09/28 06:11:08.937, 6, 75845 MiB, 0 %, 121.79 W, 1980 MHz
2026/09/28 06:11:08.937, 7, 75845 MiB, 0 %, 119.46 W, 1980 MHz
2026/09/28 06:11:09.938, 0, 75845 MiB, 0 %, 175.38 W, 1980 MHz
2026/09/28 06:11:09.939, 1, 75845 MiB, 0 %, 123.70 W, 1980 MHz
2026/09/28 06:11:09.939, 2, 75845 MiB, 0 %, 122.48 W, 1980 MHz
2026/09/28 06:11:09.940, 3, 75845 MiB, 0 %, 120.09 W, 1980 MHz
2026/09/28 06:11:09.941, 4, 75845 MiB, 0 %, 120.14 W, 1980 MHz
2026/09/28 06:11:09.941, 5, 75845 MiB, 0 %, 121.56 W, 1980 MHz
2026/09/28 06:11:09.942, 6, 75845 MiB, 0 %, 121.71 W, 1980 MHz
2026/09/28 06:11:09.942, 7, 75845 MiB, 0 %, 119.41 W, 1980 MHz
2026/09/28 06:11:10.943, 0, 75845 MiB, 0 %, 175.25 W, 1980 MHz
2026/09/28 06:11:10.944, 1, 75845 MiB, 0 %, 123.54 W, 1980 MHz
2026/09/28 06:11:10.945, 2, 75845 MiB, 0 %, 122.34 W, 1980 MHz
2026/09/28 06:11:10.945, 3, 75845 MiB, 0 %, 120.06 W, 1980 MHz
2026/09/28 06:11:10.946, 4, 75845 MiB, 0 %, 120.11 W, 1980 MHz
2026/09/28 06:11:10.947, 5, 75845 MiB, 0 %, 121.47 W, 1980 MHz
2026/09/28 06:11:10.947, 6, 75845 MiB, 0 %, 121.62 W, 1980 MHz
2026/09/28 06:11:10.948, 7, 75845 MiB, 0 %, 119.37 W, 1980 MHz
2026/09/28 06:11:11.949, 0, 75845 MiB, 0 %, 175.10 W, 1980 MHz
2026/09/28 06:11:11.950, 1, 75845 MiB, 0 %, 123.47 W, 1980 MHz
2026/09/28 06:11:11.951, 2, 75845 MiB, 0 %, 122.23 W, 1980 MHz
2026/09/28 06:11:11.952, 3, 75845 MiB, 0 %, 119.98 W, 1980 MHz
2026/09/28 06:11:11.953, 4, 75845 MiB, 0 %, 120.04 W, 1980 MHz
2026/09/28 06:11:11.954, 5, 75845 MiB, 0 %, 121.40 W, 1980 MHz
2026/09/28 06:11:11.954, 6, 75845 MiB, 0 %, 121.56 W, 1980 MHz
2026/09/28 06:11:11.955, 7, 75845 MiB, 0 %, 119.34 W, 1980 MHz
2026/09/28 06:11:12.956, 0, 75845 MiB, 0 %, 174.95 W, 1980 MHz
2026/09/28 06:11:12.960, 1, 75845 MiB, 0 %, 123.38 W, 1980 MHz
2026/09/28 06:11:12.961, 2, 75845 MiB, 0 %, 122.12 W, 1980 MHz
2026/09/28 06:11:12.964, 3, 75845 MiB, 0 %, 119.88 W, 1980 MHz
2026/09/28 06:11:12.964, 4, 75845 MiB, 0 %, 119.91 W, 1980 MHz
2026/09/28 06:11:12.965, 5, 75845 MiB, 0 %, 121.34 W, 1980 MHz
2026/09/28 06:11:12.966, 6, 75845 MiB, 0 %, 121.12 W, 1980 MHz
2026/09/28 06:11:12.966, 7, 75845 MiB, 0 %, 119.32 W, 1980 MHz
2026/09/28 06:11:13.967, 0, 75845 MiB, 0 %, 174.83 W, 1980 MHz
2026/09/28 06:11:13.968, 1, 75845 MiB, 0 %, 123.23 W, 1980 MHz
2026/09/28 06:11:13.969, 2, 75845 MiB, 0 %, 122.01 W, 1980 MHz
2026/09/28 06:11:13.970, 3, 75845 MiB, 0 %, 119.83 W, 1980 MHz
2026/09/28 06:11:13.971, 4, 75845 MiB, 0 %, 119.90 W, 1980 MHz
2026/09/28 06:11:13.973, 5, 75845 MiB, 0 %, 121.23 W, 1980 MHz
2026/09/28 06:11:13.974, 6, 75845 MiB, 0 %, 120.75 W, 1980 MHz
2026/09/28 06:11:13.975, 7, 75845 MiB, 0 %, 119.22 W, 1980 MHz
2026/09/28 06:11:14.976, 0, 75845 MiB, 0 %, 174.74 W, 1980 MHz
2026/09/28 06:11:14.977, 1, 75845 MiB, 0 %, 123.15 W, 1980 MHz
2026/09/28 06:11:14.978, 2, 75845 MiB, 0 %, 121.90 W, 1980 MHz
2026/09/28 06:11:14.979, 3, 75845 MiB, 0 %, 119.86 W, 1980 MHz
2026/09/28 06:11:14.979, 4, 75845 MiB, 0 %, 119.90 W, 1980 MHz
2026/09/28 06:11:14.980, 5, 75845 MiB, 0 %, 121.13 W, 1980 MHz
2026/09/28 06:11:14.980, 6, 75845 MiB, 0 %, 120.70 W, 1980 MHz
2026/09/28 06:11:14.981, 7, 75845 MiB, 0 %, 119.17 W, 1980 MHz
2026/09/28 06:11:15.982, 0, 75845 MiB, 0 %, 174.60 W, 1980 MHz
2026/09/28 06:11:15.982, 1, 75845 MiB, 0 %, 123.05 W, 1980 MHz
2026/09/28 06:11:15.983, 2, 75845 MiB, 0 %, 121.90 W, 1980 MHz
2026/09/28 06:11:15.984, 3, 75845 MiB, 0 %, 119.84 W, 1980 MHz
2026/09/28 06:11:15.984, 4, 75845 MiB, 0 %, 119.83 W, 1980 MHz
2026/09/28 06:11:15.985, 5, 75845 MiB, 0 %, 121.15 W, 1980 MHz
2026/09/28 06:11:15.985, 6, 75845 MiB, 0 %, 120.63 W, 1980 MHz
2026/09/28 06:11:15.986, 7, 75845 MiB, 0 %, 119.16 W, 1980 MHz
2026/09/28 06:11:16.987, 0, 75845 MiB, 0 %, 174.54 W, 1980 MHz
2026/09/28 06:11:16.987, 1, 75845 MiB, 0 %, 123.16 W, 1980 MHz
2026/09/28 06:11:16.988, 2, 75845 MiB, 0 %, 121.82 W, 1980 MHz
2026/09/28 06:11:16.989, 3, 75845 MiB, 0 %, 119.73 W, 1980 MHz
2026/09/28 06:11:16.989, 4, 75845 MiB, 0 %, 119.82 W, 1980 MHz
2026/09/28 06:11:16.990, 5, 75845 MiB, 0 %, 120.72 W, 1980 MHz
2026/09/28 06:11:16.991, 6, 75845 MiB, 0 %, 120.57 W, 1980 MHz
2026/09/28 06:11:16.991, 7, 75845 MiB, 0 %, 119.15 W, 1980 MHz
2026/09/28 06:11:17.992, 0, 75845 MiB, 0 %, 174.49 W, 1980 MHz
2026/09/28 06:11:17.993, 1, 75845 MiB, 0 %, 123.54 W, 1980 MHz
2026/09/28 06:11:17.993, 2, 75845 MiB, 0 %, 121.63 W, 1980 MHz
2026/09/28 06:11:17.994, 3, 75845 MiB, 0 %, 119.66 W, 1980 MHz
2026/09/28 06:11:17.995, 4, 75845 MiB, 0 %, 119.79 W, 1980 MHz
2026/09/28 06:11:17.995, 5, 75845 MiB, 0 %, 120.47 W, 1980 MHz
2026/09/28 06:11:17.996, 6, 75845 MiB, 0 %, 120.53 W, 1980 MHz
2026/09/28 06:11:17.996, 7, 75845 MiB, 0 %, 118.94 W, 1980 MHz
2026/09/28 06:11:18.997, 0, 75845 MiB, 0 %, 174.40 W, 1980 MHz
2026/09/28 06:11:18.998, 1, 75845 MiB, 0 %, 123.47 W, 1980 MHz
2026/09/28 06:11:18.999, 2, 75845 MiB, 0 %, 121.57 W, 1980 MHz
2026/09/28 06:11:18.999, 3, 75845 MiB, 0 %, 119.69 W, 1980 MHz
2026/09/28 06:11:19.000, 4, 75845 MiB, 0 %, 119.74 W, 1980 MHz
2026/09/28 06:11:19.001, 5, 75845 MiB, 0 %, 120.55 W, 1980 MHz
2026/09/28 06:11:19.001, 6, 75845 MiB, 0 %, 120.47 W, 1980 MHz
2026/09/28 06:11:19.002, 7, 75845 MiB, 0 %, 118.07 W, 1980 MHz
2026/09/28 06:11:20.002, 0, 75845 MiB, 0 %, 174.25 W, 1980 MHz
2026/09/28 06:11:20.003, 1, 75845 MiB, 0 %, 123.45 W, 1980 MHz
2026/09/28 06:11:20.004, 2, 75845 MiB, 0 %, 121.59 W, 1980 MHz
2026/09/28 06:11:20.005, 3, 75845 MiB, 0 %, 119.65 W, 1980 MHz
2026/09/28 06:11:20.005, 4, 75845 MiB, 0 %, 119.65 W, 1980 MHz
2026/09/28 06:11:20.006, 5, 75845 MiB, 0 %, 120.49 W, 1980 MHz
2026/09/28 06:11:20.006, 6, 75845 MiB, 0 %, 120.34 W, 1980 MHz
2026/09/28 06:11:20.007, 7, 75845 MiB, 0 %, 118.06 W, 1980 MHz
2026/09/28 06:11:21.008, 0, 75845 MiB, 0 %, 174.21 W, 1980 MHz
2026/09/28 06:11:21.009, 1, 75845 MiB, 0 %, 123.41 W, 1980 MHz
2026/09/28 06:11:21.009, 2, 75845 MiB, 0 %, 121.47 W, 1980 MHz
2026/09/28 06:11:21.010, 3, 75845 MiB, 0 %, 119.64 W, 1980 MHz
2026/09/28 06:11:21.010, 4, 75845 MiB, 0 %, 119.66 W, 1980 MHz
2026/09/28 06:11:21.011, 5, 75845 MiB, 0 %, 120.39 W, 1980 MHz
2026/09/28 06:11:21.012, 6, 75845 MiB, 0 %, 120.29 W, 1980 MHz
2026/09/28 06:11:21.012, 7, 75845 MiB, 0 %, 118.03 W, 1980 MHz
2026/09/28 06:11:22.013, 0, 75845 MiB, 0 %, 174.12 W, 1980 MHz
2026/09/28 06:11:22.014, 1, 75845 MiB, 0 %, 123.29 W, 1980 MHz
2026/09/28 06:11:22.014, 2, 75845 MiB, 0 %, 121.51 W, 1980 MHz
2026/09/28 06:11:22.015, 3, 75845 MiB, 0 %, 119.60 W, 1980 MHz
2026/09/28 06:11:22.016, 4, 75845 MiB, 0 %, 119.70 W, 1980 MHz
2026/09/28 06:11:22.016, 5, 75845 MiB, 0 %, 120.34 W, 1980 MHz
2026/09/28 06:11:22.017, 6, 75845 MiB, 0 %, 120.28 W, 1980 MHz
2026/09/28 06:11:22.018, 7, 75845 MiB, 0 %, 117.97 W, 1980 MHz
2026/09/28 06:11:23.018, 0, 75845 MiB, 0 %, 174.05 W, 1980 MHz
2026/09/28 06:11:23.019, 1, 75845 MiB, 0 %, 122.98 W, 1980 MHz
2026/09/28 06:11:23.020, 2, 75845 MiB, 0 %, 121.35 W, 1980 MHz
2026/09/28 06:11:23.020, 3, 75845 MiB, 0 %, 119.59 W, 1980 MHz
2026/09/28 06:11:23.021, 4, 75845 MiB, 0 %, 119.68 W, 1980 MHz
2026/09/28 06:11:23.022, 5, 75845 MiB, 0 %, 120.30 W, 1980 MHz
2026/09/28 06:11:23.022, 6, 75845 MiB, 0 %, 120.19 W, 1980 MHz
2026/09/28 06:11:23.023, 7, 75845 MiB, 0 %, 117.96 W, 1980 MHz
2026/09/28 06:11:24.024, 0, 75845 MiB, 0 %, 174.00 W, 1980 MHz
2026/09/28 06:11:24.024, 1, 75845 MiB, 0 %, 122.48 W, 1980 MHz
2026/09/28 06:11:24.025, 2, 75845 MiB, 0 %, 121.28 W, 1980 MHz
2026/09/28 06:11:24.026, 3, 75845 MiB, 0 %, 119.51 W, 1980 MHz
2026/09/28 06:11:24.026, 4, 75845 MiB, 0 %, 119.60 W, 1980 MHz
2026/09/28 06:11:24.027, 5, 75845 MiB, 0 %, 120.19 W, 1980 MHz
2026/09/28 06:11:24.028, 6, 75845 MiB, 0 %, 120.13 W, 1980 MHz
2026/09/28 06:11:24.028, 7, 75845 MiB, 0 %, 117.95 W, 1980 MHz
2026/09/28 06:11:25.029, 0, 75845 MiB, 0 %, 173.87 W, 1980 MHz
2026/09/28 06:11:25.030, 1, 75845 MiB, 0 %, 122.84 W, 1980 MHz
2026/09/28 06:11:25.030, 2, 75845 MiB, 0 %, 121.23 W, 1980 MHz
2026/09/28 06:11:25.031, 3, 75845 MiB, 0 %, 119.47 W, 1980 MHz
2026/09/28 06:11:25.032, 4, 75845 MiB, 0 %, 119.56 W, 1980 MHz
2026/09/28 06:11:25.032, 5, 75845 MiB, 0 %, 120.26 W, 1980 MHz
2026/09/28 06:11:25.033, 6, 75845 MiB, 0 %, 120.09 W, 1980 MHz
2026/09/28 06:11:25.033, 7, 75845 MiB, 0 %, 117.91 W, 1980 MHz
2026/09/28 06:11:26.034, 0, 75845 MiB, 0 %, 173.80 W, 1980 MHz
2026/09/28 06:11:26.035, 1, 75845 MiB, 0 %, 123.04 W, 1980 MHz
2026/09/28 06:11:26.036, 2, 75845 MiB, 0 %, 121.21 W, 1980 MHz
2026/09/28 06:11:26.036, 3, 75845 MiB, 0 %, 119.48 W, 1980 MHz
2026/09/28 06:11:26.037, 4, 75845 MiB, 0 %, 119.54 W, 1980 MHz
2026/09/28 06:11:26.037, 5, 75845 MiB, 0 %, 120.14 W, 1980 MHz
2026/09/28 06:11:26.038, 6, 75845 MiB, 0 %, 120.05 W, 1980 MHz
2026/09/28 06:11:26.039, 7, 75845 MiB, 0 %, 117.83 W, 1980 MHz
2026/09/28 06:11:27.039, 0, 75845 MiB, 0 %, 173.69 W, 1980 MHz
2026/09/28 06:11:27.040, 1, 75845 MiB, 0 %, 123.06 W, 1980 MHz
2026/09/28 06:11:27.041, 2, 75845 MiB, 0 %, 121.16 W, 1980 MHz
2026/09/28 06:11:27.042, 3, 75845 MiB, 0 %, 119.48 W, 1980 MHz
2026/09/28 06:11:27.042, 4, 75845 MiB, 0 %, 119.47 W, 1980 MHz
2026/09/28 06:11:27.043, 5, 75845 MiB, 0 %, 120.12 W, 1980 MHz
2026/09/28 06:11:27.043, 6, 75845 MiB, 0 %, 120.02 W, 1980 MHz
2026/09/28 06:11:27.044, 7, 75845 MiB, 0 %, 117.77 W, 1980 MHz
2026/09/28 06:11:28.045, 0, 75845 MiB, 0 %, 173.64 W, 1980 MHz
2026/09/28 06:11:28.046, 1, 75845 MiB, 0 %, 122.92 W, 1980 MHz
2026/09/28 06:11:28.046, 2, 75845 MiB, 0 %, 121.12 W, 1980 MHz
2026/09/28 06:11:28.047, 3, 75845 MiB, 0 %, 119.40 W, 1980 MHz
2026/09/28 06:11:28.048, 4, 75845 MiB, 0 %, 119.50 W, 1980 MHz
2026/09/28 06:11:28.048, 5, 75845 MiB, 0 %, 120.14 W, 1980 MHz
2026/09/28 06:11:28.049, 6, 75845 MiB, 0 %, 120.02 W, 1980 MHz
2026/09/28 06:11:28.049, 7, 75845 MiB, 0 %, 117.79 W, 1980 MHz
2026/09/28 06:11:29.050, 0, 75845 MiB, 0 %, 173.59 W, 1980 MHz
2026/09/28 06:11:29.051, 1, 75845 MiB, 0 %, 122.85 W, 1980 MHz
2026/09/28 06:11:29.052, 2, 75845 MiB, 0 %, 121.12 W, 1980 MHz
2026/09/28 06:11:29.052, 3, 75845 MiB, 0 %, 119.37 W, 1980 MHz
2026/09/28 06:11:29.053, 4, 75845 MiB, 0 %, 119.46 W, 1980 MHz
2026/09/28 06:11:29.053, 5, 75845 MiB, 0 %, 120.02 W, 1980 MHz
2026/09/28 06:11:29.054, 6, 75845 MiB, 0 %, 119.99 W, 1980 MHz
2026/09/28 06:11:29.054, 7, 75845 MiB, 0 %, 117.83 W, 1980 MHz
2026/09/28 06:11:30.055, 0, 75845 MiB, 0 %, 173.46 W, 1980 MHz
2026/09/28 06:11:30.056, 1, 75845 MiB, 0 %, 122.84 W, 1980 MHz
2026/09/28 06:11:30.056, 2, 75845 MiB, 0 %, 121.01 W, 1980 MHz
2026/09/28 06:11:30.057, 3, 75845 MiB, 0 %, 119.35 W, 1980 MHz
2026/09/28 06:11:30.058, 4, 75845 MiB, 0 %, 119.44 W, 1980 MHz
2026/09/28 06:11:30.058, 5, 75845 MiB, 0 %, 119.94 W, 1980 MHz
2026/09/28 06:11:30.059, 6, 75845 MiB, 0 %, 119.99 W, 1980 MHz
2026/09/28 06:11:30.059, 7, 75845 MiB, 0 %, 117.84 W, 1980 MHz
2026/09/28 06:11:31.060, 0, 75845 MiB, 0 %, 173.42 W, 1980 MHz
2026/09/28 06:11:31.061, 1, 75845 MiB, 0 %, 122.79 W, 1980 MHz
2026/09/28 06:11:31.062, 2, 75845 MiB, 0 %, 120.99 W, 1980 MHz
2026/09/28 06:11:31.062, 3, 75845 MiB, 0 %, 119.30 W, 1980 MHz
2026/09/28 06:11:31.063, 4, 75845 MiB, 0 %, 119.44 W, 1980 MHz
2026/09/28 06:11:31.064, 5, 75845 MiB, 0 %, 119.96 W, 1980 MHz
2026/09/28 06:11:31.064, 6, 75845 MiB, 0 %, 119.95 W, 1980 MHz
2026/09/28 06:11:31.065, 7, 75845 MiB, 0 %, 117.81 W, 1980 MHz
2026/09/28 06:11:32.065, 0, 75845 MiB, 100 %, 449.32 W, 1980 MHz
2026/09/28 06:11:32.066, 1, 75845 MiB, 100 %, 447.01 W, 1980 MHz
2026/09/28 06:11:32.067, 2, 75845 MiB, 100 %, 403.41 W, 1980 MHz
2026/09/28 06:11:32.068, 3, 75845 MiB, 100 %, 422.74 W, 1980 MHz
2026/09/28 06:11:32.068, 4, 75845 MiB, 100 %, 418.53 W, 1980 MHz
2026/09/28 06:11:32.069, 5, 75845 MiB, 100 %, 413.21 W, 1980 MHz
2026/09/28 06:11:32.070, 6, 75845 MiB, 100 %, 411.62 W, 1980 MHz
2026/09/28 06:11:32.070, 7, 75845 MiB, 100 %, 420.73 W, 1980 MHz
2026/09/28 06:11:33.071, 0, 75845 MiB, 100 %, 593.85 W, 1980 MHz
2026/09/28 06:11:33.072, 1, 75845 MiB, 100 %, 545.00 W, 1980 MHz
2026/09/28 06:11:33.073, 2, 75845 MiB, 100 %, 526.67 W, 1980 MHz
2026/09/28 06:11:33.074, 3, 75845 MiB, 100 %, 521.45 W, 1980 MHz
2026/09/28 06:11:33.075, 4, 75845 MiB, 100 %, 528.59 W, 1980 MHz
2026/09/28 06:11:33.076, 5, 75845 MiB, 100 %, 521.44 W, 1980 MHz
2026/09/28 06:11:33.077, 6, 75845 MiB, 100 %, 543.73 W, 1980 MHz
2026/09/28 06:11:33.078, 7, 75845 MiB, 100 %, 517.46 W, 1980 MHz
2026/09/28 06:11:34.078, 0, 75845 MiB, 100 %, 589.16 W, 1980 MHz
2026/09/28 06:11:34.079, 1, 75845 MiB, 100 %, 537.24 W, 1980 MHz
2026/09/28 06:11:34.080, 2, 75845 MiB, 100 %, 514.60 W, 1980 MHz
2026/09/28 06:11:34.081, 3, 75845 MiB, 100 %, 530.84 W, 1980 MHz
2026/09/28 06:11:34.082, 4, 75845 MiB, 100 %, 521.70 W, 1980 MHz
2026/09/28 06:11:34.083, 5, 75845 MiB, 100 %, 520.25 W, 1980 MHz
2026/09/28 06:11:34.084, 6, 75845 MiB, 100 %, 546.42 W, 1980 MHz
2026/09/28 06:11:34.084, 7, 75845 MiB, 100 %, 516.65 W, 1980 MHz
2026/09/28 06:11:35.085, 0, 75845 MiB, 100 %, 601.91 W, 1980 MHz
2026/09/28 06:11:35.086, 1, 75845 MiB, 100 %, 560.61 W, 1980 MHz
2026/09/28 06:11:35.087, 2, 75845 MiB, 100 %, 516.75 W, 1980 MHz
2026/09/28 06:11:35.088, 3, 75845 MiB, 100 %, 532.85 W, 1980 MHz
2026/09/28 06:11:35.088, 4, 75845 MiB, 100 %, 525.09 W, 1980 MHz
2026/09/28 06:11:35.089, 5, 75845 MiB, 100 %, 525.53 W, 1980 MHz
2026/09/28 06:11:35.090, 6, 75845 MiB, 100 %, 550.09 W, 1980 MHz
2026/09/28 06:11:35.090, 7, 75845 MiB, 100 %, 523.41 W, 1980 MHz
2026/09/28 06:11:36.091, 0, 75845 MiB, 100 %, 599.65 W, 1980 MHz
2026/09/28 06:11:36.092, 1, 75845 MiB, 100 %, 550.12 W, 1980 MHz
2026/09/28 06:11:36.093, 2, 75845 MiB, 100 %, 520.91 W, 1980 MHz
2026/09/28 06:11:36.094, 3, 75845 MiB, 100 %, 533.75 W, 1980 MHz
2026/09/28 06:11:36.094, 4, 75845 MiB, 100 %, 524.60 W, 1980 MHz
2026/09/28 06:11:36.095, 5, 75845 MiB, 100 %, 523.42 W, 1980 MHz
2026/09/28 06:11:36.096, 6, 75845 MiB, 100 %, 558.16 W, 1980 MHz
2026/09/28 06:11:36.096, 7, 75845 MiB, 100 %, 522.91 W, 1980 MHz
2026/09/28 06:11:37.097, 0, 75845 MiB, 100 %, 604.11 W, 1980 MHz
2026/09/28 06:11:37.098, 1, 75845 MiB, 100 %, 552.50 W, 1980 MHz
2026/09/28 06:11:37.099, 2, 75845 MiB, 100 %, 520.51 W, 1980 MHz
2026/09/28 06:11:37.099, 3, 75845 MiB, 100 %, 529.26 W, 1980 MHz
2026/09/28 06:11:37.100, 4, 75845 MiB, 100 %, 526.17 W, 1980 MHz
2026/09/28 06:11:37.100, 5, 75845 MiB, 100 %, 528.48 W, 1980 MHz
2026/09/28 06:11:37.101, 6, 75845 MiB, 100 %, 547.39 W, 1980 MHz
2026/09/28 06:11:37.102, 7, 75845 MiB, 100 %, 518.90 W, 1980 MHz
2026/09/28 06:11:38.102, 0, 75845 MiB, 100 %, 600.08 W, 1980 MHz
2026/09/28 06:11:38.103, 1, 75845 MiB, 100 %, 545.89 W, 1980 MHz
2026/09/28 06:11:38.104, 2, 75845 MiB, 100 %, 524.79 W, 1980 MHz
2026/09/28 06:11:38.105, 3, 75845 MiB, 100 %, 537.16 W, 1980 MHz
2026/09/28 06:11:38.105, 4, 75845 MiB, 100 %, 519.07 W, 1980 MHz
2026/09/28 06:11:38.106, 5, 75845 MiB, 100 %, 520.10 W, 1980 MHz
2026/09/28 06:11:38.106, 6, 75845 MiB, 100 %, 545.81 W, 1980 MHz
2026/09/28 06:11:38.107, 7, 75845 MiB, 100 %, 525.13 W, 1980 MHz
2026/09/28 06:11:39.108, 0, 75845 MiB, 100 %, 603.20 W, 1980 MHz
2026/09/28 06:11:39.109, 1, 75845 MiB, 100 %, 553.28 W, 1980 MHz
2026/09/28 06:11:39.109, 2, 75845 MiB, 100 %, 528.25 W, 1980 MHz
2026/09/28 06:11:39.110, 3, 75845 MiB, 100 %, 521.02 W, 1980 MHz
2026/09/28 06:11:39.110, 4, 75845 MiB, 100 %, 525.23 W, 1980 MHz
2026/09/28 06:11:39.111, 5, 75845 MiB, 100 %, 524.14 W, 1980 MHz
2026/09/28 06:11:39.112, 6, 75845 MiB, 100 %, 550.93 W, 1980 MHz
2026/09/28 06:11:39.112, 7, 75845 MiB, 100 %, 519.73 W, 1980 MHz
2026/09/28 06:11:40.113, 0, 75845 MiB, 100 %, 595.33 W, 1980 MHz
2026/09/28 06:11:40.114, 1, 75845 MiB, 100 %, 558.60 W, 1980 MHz
2026/09/28 06:11:40.115, 2, 75845 MiB, 100 %, 524.18 W, 1980 MHz
2026/09/28 06:11:40.115, 3, 75845 MiB, 100 %, 540.04 W, 1980 MHz
2026/09/28 06:11:40.116, 4, 75845 MiB, 100 %, 522.72 W, 1980 MHz
2026/09/28 06:11:40.116, 5, 75845 MiB, 100 %, 527.99 W, 1980 MHz
2026/09/28 06:11:40.117, 6, 75845 MiB, 100 %, 552.53 W, 1980 MHz
2026/09/28 06:11:40.118, 7, 75845 MiB, 100 %, 528.81 W, 1980 MHz
2026/09/28 06:11:41.118, 0, 75845 MiB, 100 %, 602.09 W, 1980 MHz
2026/09/28 06:11:41.119, 1, 75845 MiB, 100 %, 559.02 W, 1980 MHz
2026/09/28 06:11:41.120, 2, 75845 MiB, 100 %, 529.49 W, 1980 MHz
2026/09/28 06:11:41.121, 3, 75845 MiB, 100 %, 530.45 W, 1980 MHz
2026/09/28 06:11:41.121, 4, 75845 MiB, 100 %, 527.18 W, 1980 MHz
2026/09/28 06:11:41.122, 5, 75845 MiB, 100 %, 531.09 W, 1980 MHz
2026/09/28 06:11:41.122, 6, 75845 MiB, 100 %, 553.02 W, 1980 MHz
2026/09/28 06:11:41.123, 7, 75845 MiB, 100 %, 517.51 W, 1980 MHz
2026/09/28 06:11:42.124, 0, 75845 MiB, 100 %, 600.59 W, 1980 MHz
2026/09/28 06:11:42.125, 1, 75845 MiB, 100 %, 558.86 W, 1980 MHz
2026/09/28 06:11:42.126, 2, 75845 MiB, 100 %, 528.22 W, 1980 MHz
2026/09/28 06:11:42.126, 3, 75845 MiB, 100 %, 524.49 W, 1980 MHz
2026/09/28 06:11:42.127, 4, 75845 MiB, 100 %, 528.57 W, 1980 MHz
2026/09/28 06:11:42.128, 5, 75845 MiB, 100 %, 531.51 W, 1980 MHz
2026/09/28 06:11:42.129, 6, 75845 MiB, 100 %, 554.32 W, 1980 MHz
2026/09/28 06:11:42.129, 7, 75845 MiB, 100 %, 522.71 W, 1980 MHz
2026/09/28 06:11:43.130, 0, 75845 MiB, 100 %, 607.15 W, 1980 MHz
2026/09/28 06:11:43.131, 1, 75845 MiB, 100 %, 565.88 W, 1980 MHz
2026/09/28 06:11:43.132, 2, 75845 MiB, 100 %, 535.80 W, 1980 MHz
2026/09/28 06:11:43.133, 3, 75845 MiB, 100 %, 530.88 W, 1980 MHz
2026/09/28 06:11:43.133, 4, 75845 MiB, 100 %, 523.76 W, 1980 MHz
2026/09/28 06:11:43.134, 5, 75845 MiB, 100 %, 534.79 W, 1980 MHz
2026/09/28 06:11:43.135, 6, 75845 MiB, 100 %, 556.96 W, 1980 MHz
2026/09/28 06:11:43.136, 7, 75845 MiB, 100 %, 514.00 W, 1980 MHz
2026/09/28 06:11:44.137, 0, 75845 MiB, 100 %, 608.46 W, 1980 MHz
2026/09/28 06:11:44.138, 1, 75845 MiB, 100 %, 564.76 W, 1980 MHz
2026/09/28 06:11:44.139, 2, 75845 MiB, 100 %, 534.97 W, 1980 MHz
2026/09/28 06:11:44.139, 3, 75845 MiB, 100 %, 533.85 W, 1980 MHz
2026/09/28 06:11:44.140, 4, 75845 MiB, 100 %, 523.01 W, 1980 MHz
2026/09/28 06:11:44.141, 5, 75845 MiB, 100 %, 527.64 W, 1980 MHz
2026/09/28 06:11:44.142, 6, 75845 MiB, 100 %, 558.84 W, 1980 MHz
2026/09/28 06:11:44.142, 7, 75845 MiB, 100 %, 526.72 W, 1980 MHz
2026/09/28 06:11:45.143, 0, 75845 MiB, 100 %, 564.72 W, 1920 MHz
2026/09/28 06:11:45.144, 1, 75845 MiB, 100 %, 564.84 W, 1980 MHz
2026/09/28 06:11:45.145, 2, 75845 MiB, 100 %, 524.43 W, 1980 MHz
2026/09/28 06:11:45.145, 3, 75845 MiB, 100 %, 532.23 W, 1980 MHz
2026/09/28 06:11:45.146, 4, 75845 MiB, 100 %, 523.76 W, 1980 MHz
2026/09/28 06:11:45.147, 5, 75845 MiB, 100 %, 521.76 W, 1980 MHz
2026/09/28 06:11:45.147, 6, 75845 MiB, 100 %, 555.83 W, 1980 MHz
2026/09/28 06:11:45.148, 7, 75845 MiB, 100 %, 527.33 W, 1980 MHz
2026/09/28 06:11:46.148, 0, 75845 MiB, 100 %, 571.05 W, 1935 MHz
2026/09/28 06:11:46.149, 1, 75845 MiB, 100 %, 561.92 W, 1980 MHz
2026/09/28 06:11:46.150, 2, 75845 MiB, 100 %, 525.75 W, 1980 MHz
2026/09/28 06:11:46.151, 3, 75845 MiB, 100 %, 525.99 W, 1980 MHz
2026/09/28 06:11:46.151, 4, 75845 MiB, 100 %, 518.44 W, 1980 MHz
2026/09/28 06:11:46.152, 5, 75845 MiB, 100 %, 522.43 W, 1980 MHz
2026/09/28 06:11:46.152, 6, 75845 MiB, 100 %, 558.36 W, 1980 MHz
2026/09/28 06:11:46.153, 7, 75845 MiB, 100 %, 522.65 W, 1980 MHz
2026/09/28 06:11:47.154, 0, 75845 MiB, 100 %, 579.76 W, 1935 MHz
2026/09/28 06:11:47.154, 1, 75845 MiB, 100 %, 564.56 W, 1980 MHz
2026/09/28 06:11:47.155, 2, 75845 MiB, 100 %, 533.88 W, 1980 MHz
2026/09/28 06:11:47.156, 3, 75845 MiB, 100 %, 533.45 W, 1980 MHz
2026/09/28 06:11:47.156, 4, 75845 MiB, 100 %, 523.45 W, 1980 MHz
2026/09/28 06:11:47.157, 5, 75845 MiB, 100 %, 528.17 W, 1980 MHz
2026/09/28 06:11:47.158, 6, 75845 MiB, 100 %, 556.17 W, 1980 MHz
2026/09/28 06:11:47.158, 7, 75845 MiB, 100 %, 527.12 W, 1980 MHz
2026/09/28 06:11:48.159, 0, 75845 MiB, 100 %, 581.19 W, 1875 MHz
2026/09/28 06:11:48.160, 1, 75845 MiB, 100 %, 565.23 W, 1980 MHz
2026/09/28 06:11:48.160, 2, 75845 MiB, 100 %, 527.89 W, 1980 MHz
2026/09/28 06:11:48.161, 3, 75845 MiB, 100 %, 538.44 W, 1980 MHz
2026/09/28 06:11:48.162, 4, 75845 MiB, 100 %, 534.25 W, 1980 MHz
2026/09/28 06:11:48.162, 5, 75845 MiB, 100 %, 533.88 W, 1980 MHz
2026/09/28 06:11:48.163, 6, 75845 MiB, 100 %, 555.95 W, 1980 MHz
2026/09/28 06:11:48.164, 7, 75845 MiB, 100 %, 529.04 W, 1980 MHz
2026/09/28 06:11:49.164, 0, 75845 MiB, 100 %, 582.57 W, 1935 MHz
2026/09/28 06:11:49.165, 1, 75845 MiB, 100 %, 566.53 W, 1980 MHz
2026/09/28 06:11:49.166, 2, 75845 MiB, 100 %, 527.46 W, 1980 MHz
2026/09/28 06:11:49.167, 3, 75845 MiB, 100 %, 541.25 W, 1980 MHz
2026/09/28 06:11:49.168, 4, 75845 MiB, 100 %, 521.38 W, 1980 MHz
2026/09/28 06:11:49.168, 5, 75845 MiB, 100 %, 532.64 W, 1980 MHz
2026/09/28 06:11:49.169, 6, 75845 MiB, 100 %, 551.40 W, 1980 MHz
2026/09/28 06:11:49.170, 7, 75845 MiB, 100 %, 536.28 W, 1980 MHz
2026/09/28 06:11:50.171, 0, 75845 MiB, 100 %, 589.53 W, 1890 MHz
2026/09/28 06:11:50.172, 1, 75845 MiB, 100 %, 565.99 W, 1980 MHz
2026/09/28 06:11:50.172, 2, 75845 MiB, 100 %, 527.62 W, 1980 MHz
2026/09/28 06:11:50.173, 3, 75845 MiB, 100 %, 537.90 W, 1980 MHz
2026/09/28 06:11:50.174, 4, 75845 MiB, 100 %, 530.85 W, 1980 MHz
2026/09/28 06:11:50.175, 5, 75845 MiB, 100 %, 534.33 W, 1980 MHz
2026/09/28 06:11:50.176, 6, 75845 MiB, 100 %, 559.68 W, 1980 MHz
2026/09/28 06:11:50.176, 7, 75845 MiB, 100 %, 527.94 W, 1980 MHz
2026/09/28 06:11:51.177, 0, 75845 MiB, 100 %, 567.93 W, 1650 MHz
2026/09/28 06:11:51.178, 1, 75845 MiB, 100 %, 565.12 W, 1980 MHz
2026/09/28 06:11:51.179, 2, 75845 MiB, 100 %, 529.24 W, 1980 MHz
2026/09/28 06:11:51.180, 3, 75845 MiB, 100 %, 527.89 W, 1980 MHz
2026/09/28 06:11:51.181, 4, 75845 MiB, 100 %, 531.65 W, 1980 MHz
2026/09/28 06:11:51.181, 5, 75845 MiB, 100 %, 529.21 W, 1980 MHz
2026/09/28 06:11:51.182, 6, 75845 MiB, 100 %, 553.86 W, 1980 MHz
2026/09/28 06:11:51.183, 7, 75845 MiB, 100 %, 527.04 W, 1980 MHz
2026/09/28 06:11:52.184, 0, 75845 MiB, 100 %, 542.79 W, 1860 MHz
2026/09/28 06:11:52.185, 1, 75845 MiB, 100 %, 563.03 W, 1980 MHz
2026/09/28 06:11:52.186, 2, 75845 MiB, 100 %, 528.60 W, 1980 MHz
2026/09/28 06:11:52.186, 3, 75845 MiB, 100 %, 517.05 W, 1980 MHz
2026/09/28 06:11:52.187, 4, 75845 MiB, 100 %, 518.95 W, 1980 MHz
2026/09/28 06:11:52.188, 5, 75845 MiB, 100 %, 524.39 W, 1980 MHz
2026/09/28 06:11:52.188, 6, 75845 MiB, 100 %, 544.88 W, 1980 MHz
2026/09/28 06:11:52.189, 7, 75845 MiB, 100 %, 523.70 W, 1980 MHz
2026/09/28 06:11:53.190, 0, 75845 MiB, 100 %, 569.80 W, 1920 MHz
2026/09/28 06:11:53.191, 1, 75845 MiB, 100 %, 561.27 W, 1980 MHz
2026/09/28 06:11:53.192, 2, 75845 MiB, 100 %, 531.84 W, 1980 MHz
2026/09/28 06:11:53.193, 3, 75845 MiB, 100 %, 536.56 W, 1980 MHz
2026/09/28 06:11:53.193, 4, 75845 MiB, 100 %, 527.88 W, 1980 MHz
2026/09/28 06:11:53.194, 5, 75845 MiB, 100 %, 534.89 W, 1980 MHz
2026/09/28 06:11:53.195, 6, 75845 MiB, 100 %, 563.31 W, 1980 MHz
2026/09/28 06:11:53.195, 7, 75845 MiB, 100 %, 526.37 W, 1980 MHz
2026/09/28 06:11:54.196, 0, 75845 MiB, 100 %, 563.22 W, 1800 MHz
2026/09/28 06:11:54.197, 1, 75845 MiB, 100 %, 567.18 W, 1980 MHz
2026/09/28 06:11:54.198, 2, 75845 MiB, 100 %, 528.59 W, 1980 MHz
2026/09/28 06:11:54.199, 3, 75845 MiB, 100 %, 537.69 W, 1980 MHz
2026/09/28 06:11:54.200, 4, 75845 MiB, 100 %, 515.47 W, 1980 MHz
2026/09/28 06:11:54.200, 5, 75845 MiB, 100 %, 535.29 W, 1980 MHz
2026/09/28 06:11:54.201, 6, 75845 MiB, 100 %, 560.03 W, 1980 MHz
2026/09/28 06:11:54.202, 7, 75845 MiB, 100 %, 524.50 W, 1980 MHz
2026/09/28 06:11:55.203, 0, 75845 MiB, 100 %, 545.32 W, 1875 MHz
2026/09/28 06:11:55.204, 1, 75845 MiB, 100 %, 568.78 W, 1980 MHz
2026/09/28 06:11:55.205, 2, 75845 MiB, 100 %, 533.67 W, 1980 MHz
2026/09/28 06:11:55.205, 3, 75845 MiB, 100 %, 527.78 W, 1980 MHz
2026/09/28 06:11:55.206, 4, 75845 MiB, 100 %, 529.74 W, 1980 MHz
2026/09/28 06:11:55.207, 5, 75845 MiB, 100 %, 535.48 W, 1980 MHz
2026/09/28 06:11:55.208, 6, 75845 MiB, 100 %, 556.26 W, 1980 MHz
2026/09/28 06:11:55.208, 7, 75845 MiB, 100 %, 525.07 W, 1980 MHz
2026/09/28 06:11:56.209, 0, 75845 MiB, 100 %, 558.71 W, 1740 MHz
2026/09/28 06:11:56.210, 1, 75845 MiB, 100 %, 561.83 W, 1980 MHz
2026/09/28 06:11:56.211, 2, 75845 MiB, 100 %, 536.97 W, 1980 MHz
2026/09/28 06:11:56.212, 3, 75845 MiB, 100 %, 532.07 W, 1980 MHz
2026/09/28 06:11:56.212, 4, 75845 MiB, 100 %, 529.96 W, 1980 MHz
2026/09/28 06:11:56.213, 5, 75845 MiB, 100 %, 535.28 W, 1980 MHz
2026/09/28 06:11:56.214, 6, 75845 MiB, 100 %, 558.45 W, 1980 MHz
2026/09/28 06:11:56.215, 7, 75845 MiB, 100 %, 523.48 W, 1980 MHz
2026/09/28 06:11:57.216, 0, 75845 MiB, 100 %, 551.80 W, 1845 MHz
2026/09/28 06:11:57.217, 1, 75845 MiB, 100 %, 557.48 W, 1980 MHz
2026/09/28 06:11:57.217, 2, 75845 MiB, 100 %, 535.46 W, 1980 MHz
2026/09/28 06:11:57.218, 3, 75845 MiB, 100 %, 534.84 W, 1980 MHz
2026/09/28 06:11:57.219, 4, 75845 MiB, 100 %, 521.04 W, 1980 MHz
2026/09/28 06:11:57.220, 5, 75845 MiB, 100 %, 528.09 W, 1980 MHz
2026/09/28 06:11:57.221, 6, 75845 MiB, 100 %, 552.91 W, 1980 MHz
2026/09/28 06:11:57.221, 7, 75845 MiB, 100 %, 521.41 W, 1980 MHz
2026/09/28 06:11:58.222, 0, 75845 MiB, 100 %, 556.71 W, 1905 MHz
2026/09/28 06:11:58.223, 1, 75845 MiB, 100 %, 565.66 W, 1980 MHz
2026/09/28 06:11:58.224, 2, 75845 MiB, 100 %, 532.93 W, 1980 MHz
2026/09/28 06:11:58.225, 3, 75845 MiB, 100 %, 522.95 W, 1980 MHz
2026/09/28 06:11:58.225, 4, 75845 MiB, 100 %, 528.77 W, 1980 MHz
2026/09/28 06:11:58.226, 5, 75845 MiB, 100 %, 535.50 W, 1980 MHz
2026/09/28 06:11:58.227, 6, 75845 MiB, 100 %, 553.22 W, 1980 MHz
2026/09/28 06:11:58.228, 7, 75845 MiB, 100 %, 533.10 W, 1980 MHz
2026/09/28 06:11:59.228, 0, 75845 MiB, 100 %, 572.92 W, 1875 MHz
2026/09/28 06:11:59.229, 1, 75845 MiB, 100 %, 565.80 W, 1980 MHz
2026/09/28 06:11:59.230, 2, 75845 MiB, 100 %, 537.17 W, 1980 MHz
2026/09/28 06:11:59.231, 3, 75845 MiB, 100 %, 533.66 W, 1980 MHz
2026/09/28 06:11:59.232, 4, 75845 MiB, 100 %, 520.77 W, 1980 MHz
2026/09/28 06:11:59.233, 5, 75845 MiB, 100 %, 532.95 W, 1980 MHz
2026/09/28 06:11:59.233, 6, 75845 MiB, 100 %, 559.99 W, 1980 MHz
2026/09/28 06:11:59.234, 7, 75845 MiB, 100 %, 524.48 W, 1980 MHz
2026/09/28 06:12:00.235, 0, 75845 MiB, 100 %, 549.24 W, 1800 MHz
2026/09/28 06:12:00.236, 1, 75845 MiB, 100 %, 563.15 W, 1980 MHz
2026/09/28 06:12:00.237, 2, 75845 MiB, 100 %, 530.69 W, 1980 MHz
2026/09/28 06:12:00.238, 3, 75845 MiB, 100 %, 538.61 W, 1980 MHz
2026/09/28 06:12:00.238, 4, 75845 MiB, 100 %, 537.03 W, 1980 MHz
2026/09/28 06:12:00.239, 5, 75845 MiB, 100 %, 528.29 W, 1980 MHz
2026/09/28 06:12:00.240, 6, 75845 MiB, 100 %, 560.65 W, 1980 MHz
2026/09/28 06:12:00.241, 7, 75845 MiB, 100 %, 534.02 W, 1980 MHz
2026/09/28 06:12:01.241, 0, 75845 MiB, 100 %, 548.13 W, 1830 MHz
2026/09/28 06:12:01.242, 1, 75845 MiB, 100 %, 568.25 W, 1980 MHz
2026/09/28 06:12:01.243, 2, 75845 MiB, 100 %, 529.74 W, 1980 MHz
2026/09/28 06:12:01.244, 3, 75845 MiB, 100 %, 536.22 W, 1980 MHz
2026/09/28 06:12:01.245, 4, 75845 MiB, 100 %, 522.45 W, 1980 MHz
2026/09/28 06:12:01.245, 5, 75845 MiB, 100 %, 529.90 W, 1980 MHz
2026/09/28 06:12:01.246, 6, 75845 MiB, 100 %, 556.02 W, 1980 MHz
2026/09/28 06:12:01.247, 7, 75845 MiB, 100 %, 518.30 W, 1980 MHz
2026/09/28 06:12:02.248, 0, 75845 MiB, 100 %, 539.43 W, 1905 MHz
2026/09/28 06:12:02.249, 1, 75845 MiB, 100 %, 560.06 W, 1980 MHz
2026/09/28 06:12:02.250, 2, 75845 MiB, 100 %, 531.99 W, 1980 MHz
2026/09/28 06:12:02.251, 3, 75845 MiB, 100 %, 535.47 W, 1980 MHz
2026/09/28 06:12:02.251, 4, 75845 MiB, 100 %, 519.23 W, 1980 MHz
2026/09/28 06:12:02.252, 5, 75845 MiB, 100 %, 527.72 W, 1980 MHz
2026/09/28 06:12:02.252, 6, 75845 MiB, 100 %, 553.15 W, 1980 MHz
2026/09/28 06:12:02.253, 7, 75845 MiB, 100 %, 527.51 W, 1980 MHz
2026/09/28 06:12:03.254, 0, 75845 MiB, 100 %, 539.16 W, 1740 MHz
2026/09/28 06:12:03.254, 1, 75845 MiB, 100 %, 568.35 W, 1980 MHz
2026/09/28 06:12:03.255, 2, 75845 MiB, 100 %, 535.86 W, 1980 MHz
2026/09/28 06:12:03.256, 3, 75845 MiB, 100 %, 531.55 W, 1980 MHz
2026/09/28 06:12:03.256, 4, 75845 MiB, 100 %, 522.92 W, 1980 MHz
2026/09/28 06:12:03.257, 5, 75845 MiB, 100 %, 531.75 W, 1980 MHz
2026/09/28 06:12:03.258, 6, 75845 MiB, 100 %, 556.83 W, 1980 MHz
2026/09/28 06:12:03.258, 7, 75845 MiB, 100 %, 530.84 W, 1980 MHz
2026/09/28 06:12:04.259, 0, 75845 MiB, 100 %, 545.05 W, 1860 MHz
2026/09/28 06:12:04.260, 1, 75845 MiB, 100 %, 559.55 W, 1980 MHz
2026/09/28 06:12:04.261, 2, 75845 MiB, 100 %, 530.77 W, 1980 MHz
2026/09/28 06:12:04.261, 3, 75845 MiB, 100 %, 530.97 W, 1980 MHz
2026/09/28 06:12:04.262, 4, 75845 MiB, 100 %, 521.47 W, 1980 MHz
2026/09/28 06:12:04.262, 5, 75845 MiB, 100 %, 529.31 W, 1980 MHz
2026/09/28 06:12:04.263, 6, 75845 MiB, 100 %, 560.30 W, 1980 MHz
2026/09/28 06:12:04.264, 7, 75845 MiB, 100 %, 523.47 W, 1980 MHz
2026/09/28 06:12:05.264, 0, 75845 MiB, 100 %, 564.91 W, 1890 MHz
2026/09/28 06:12:05.265, 1, 75845 MiB, 100 %, 562.54 W, 1980 MHz
2026/09/28 06:12:05.267, 2, 75845 MiB, 100 %, 537.27 W, 1980 MHz
2026/09/28 06:12:05.269, 3, 75845 MiB, 100 %, 534.16 W, 1980 MHz
2026/09/28 06:12:05.270, 4, 75845 MiB, 100 %, 535.42 W, 1980 MHz
2026/09/28 06:12:05.271, 5, 75845 MiB, 100 %, 532.12 W, 1980 MHz
2026/09/28 06:12:05.273, 6, 75845 MiB, 100 %, 557.87 W, 1980 MHz
2026/09/28 06:12:05.275, 7, 75845 MiB, 100 %, 532.74 W, 1980 MHz
2026/09/28 06:12:06.276, 0, 75845 MiB, 100 %, 521.04 W, 1830 MHz
2026/09/28 06:12:06.277, 1, 75845 MiB, 100 %, 556.78 W, 1980 MHz
2026/09/28 06:12:06.278, 2, 75845 MiB, 100 %, 522.90 W, 1980 MHz
2026/09/28 06:12:06.279, 3, 75845 MiB, 100 %, 529.80 W, 1980 MHz
2026/09/28 06:12:06.280, 4, 75845 MiB, 100 %, 521.10 W, 1980 MHz
2026/09/28 06:12:06.281, 5, 75845 MiB, 100 %, 533.34 W, 1980 MHz
2026/09/28 06:12:06.282, 6, 75845 MiB, 100 %, 554.78 W, 1980 MHz
2026/09/28 06:12:06.283, 7, 75845 MiB, 100 %, 523.79 W, 1980 MHz
2026/09/28 06:12:07.283, 0, 75845 MiB, 100 %, 536.47 W, 1785 MHz
2026/09/28 06:12:07.285, 1, 75845 MiB, 100 %, 558.78 W, 1980 MHz
2026/09/28 06:12:07.285, 2, 75845 MiB, 100 %, 535.63 W, 1980 MHz
2026/09/28 06:12:07.286, 3, 75845 MiB, 100 %, 533.02 W, 1980 MHz
2026/09/28 06:12:07.287, 4, 75845 MiB, 100 %, 529.28 W, 1980 MHz
2026/09/28 06:12:07.288, 5, 75845 MiB, 100 %, 538.81 W, 1980 MHz
2026/09/28 06:12:07.289, 6, 75845 MiB, 100 %, 547.95 W, 1980 MHz
2026/09/28 06:12:07.293, 7, 75845 MiB, 100 %, 530.22 W, 1980 MHz
2026/09/28 06:12:08.295, 0, 75845 MiB, 100 %, 545.19 W, 1875 MHz
2026/09/28 06:12:08.296, 1, 75845 MiB, 100 %, 561.46 W, 1980 MHz
2026/09/28 06:12:08.297, 2, 75845 MiB, 100 %, 533.87 W, 1980 MHz
2026/09/28 06:12:08.298, 3, 75845 MiB, 100 %, 526.09 W, 1980 MHz
2026/09/28 06:12:08.299, 4, 75845 MiB, 100 %, 521.73 W, 1980 MHz
2026/09/28 06:12:08.300, 5, 75845 MiB, 100 %, 533.78 W, 1980 MHz
2026/09/28 06:12:08.301, 6, 75845 MiB, 100 %, 559.30 W, 1980 MHz
2026/09/28 06:12:08.301, 7, 75845 MiB, 100 %, 530.01 W, 1980 MHz
2026/09/28 06:12:09.302, 0, 75845 MiB, 100 %, 554.60 W, 1800 MHz
2026/09/28 06:12:09.303, 1, 75845 MiB, 100 %, 567.29 W, 1980 MHz
2026/09/28 06:12:09.304, 2, 75845 MiB, 100 %, 536.07 W, 1980 MHz
2026/09/28 06:12:09.305, 3, 75845 MiB, 100 %, 534.62 W, 1980 MHz
2026/09/28 06:12:09.306, 4, 75845 MiB, 100 %, 532.33 W, 1980 MHz
2026/09/28 06:12:09.307, 5, 75845 MiB, 100 %, 532.29 W, 1980 MHz
2026/09/28 06:12:09.307, 6, 75845 MiB, 100 %, 557.96 W, 1980 MHz
2026/09/28 06:12:09.308, 7, 75845 MiB, 100 %, 528.40 W, 1980 MHz
2026/09/28 06:12:10.308, 0, 75845 MiB, 100 %, 547.03 W, 1830 MHz
2026/09/28 06:12:10.309, 1, 75845 MiB, 100 %, 560.53 W, 1980 MHz
2026/09/28 06:12:10.310, 2, 75845 MiB, 100 %, 538.81 W, 1980 MHz
2026/09/28 06:12:10.311, 3, 75845 MiB, 100 %, 533.59 W, 1980 MHz
2026/09/28 06:12:10.311, 4, 75845 MiB, 100 %, 530.37 W, 1980 MHz
2026/09/28 06:12:10.312, 5, 75845 MiB, 100 %, 533.01 W, 1980 MHz
2026/09/28 06:12:10.313, 6, 75845 MiB, 100 %, 553.72 W, 1980 MHz
2026/09/28 06:12:10.313, 7, 75845 MiB, 100 %, 523.41 W, 1980 MHz
2026/09/28 06:12:11.314, 0, 75845 MiB, 100 %, 544.91 W, 1830 MHz
2026/09/28 06:12:11.315, 1, 75845 MiB, 100 %, 567.09 W, 1980 MHz
2026/09/28 06:12:11.316, 2, 75845 MiB, 100 %, 536.27 W, 1980 MHz
2026/09/28 06:12:11.316, 3, 75845 MiB, 100 %, 525.85 W, 1980 MHz
2026/09/28 06:12:11.317, 4, 75845 MiB, 100 %, 526.78 W, 1980 MHz
2026/09/28 06:12:11.318, 5, 75845 MiB, 100 %, 535.55 W, 1980 MHz
2026/09/28 06:12:11.318, 6, 75845 MiB, 100 %, 559.27 W, 1980 MHz
2026/09/28 06:12:11.319, 7, 75845 MiB, 100 %, 531.23 W, 1980 MHz
2026/09/28 06:12:12.320, 0, 75845 MiB, 100 %, 566.92 W, 1860 MHz
2026/09/28 06:12:12.321, 1, 75845 MiB, 100 %, 567.84 W, 1980 MHz
2026/09/28 06:12:12.322, 2, 75845 MiB, 100 %, 538.27 W, 1980 MHz
2026/09/28 06:12:12.322, 3, 75845 MiB, 100 %, 537.61 W, 1980 MHz
2026/09/28 06:12:12.323, 4, 75845 MiB, 100 %, 522.10 W, 1980 MHz
2026/09/28 06:12:12.324, 5, 75845 MiB, 100 %, 533.61 W, 1980 MHz
2026/09/28 06:12:12.324, 6, 75845 MiB, 100 %, 557.81 W, 1980 MHz
2026/09/28 06:12:12.325, 7, 75845 MiB, 100 %, 528.22 W, 1980 MHz
2026/09/28 06:12:13.326, 0, 75845 MiB, 100 %, 523.94 W, 1680 MHz
2026/09/28 06:12:13.327, 1, 75845 MiB, 100 %, 567.12 W, 1980 MHz
2026/09/28 06:12:13.327, 2, 75845 MiB, 100 %, 530.95 W, 1980 MHz
2026/09/28 06:12:13.328, 3, 75845 MiB, 100 %, 535.60 W, 1980 MHz
2026/09/28 06:12:13.329, 4, 75845 MiB, 100 %, 525.20 W, 1980 MHz
2026/09/28 06:12:13.329, 5, 75845 MiB, 100 %, 536.95 W, 1980 MHz
2026/09/28 06:12:13.330, 6, 75845 MiB, 100 %, 554.96 W, 1980 MHz
2026/09/28 06:12:13.331, 7, 75845 MiB, 100 %, 527.66 W, 1980 MHz
2026/09/28 06:12:14.331, 0, 75845 MiB, 100 %, 536.08 W, 1800 MHz
2026/09/28 06:12:14.332, 1, 75845 MiB, 100 %, 562.33 W, 1980 MHz
2026/09/28 06:12:14.333, 2, 75845 MiB, 100 %, 533.67 W, 1980 MHz
2026/09/28 06:12:14.334, 3, 75845 MiB, 100 %, 537.82 W, 1980 MHz
2026/09/28 06:12:14.334, 4, 75845 MiB, 100 %, 519.59 W, 1980 MHz
2026/09/28 06:12:14.335, 5, 75845 MiB, 100 %, 539.31 W, 1980 MHz
2026/09/28 06:12:14.336, 6, 75845 MiB, 100 %, 550.25 W, 1980 MHz
2026/09/28 06:12:14.336, 7, 75845 MiB, 100 %, 523.34 W, 1980 MHz
2026/09/28 06:12:15.337, 0, 75845 MiB, 100 %, 531.89 W, 1800 MHz
2026/09/28 06:12:15.338, 1, 75845 MiB, 100 %, 563.30 W, 1980 MHz
2026/09/28 06:12:15.339, 2, 75845 MiB, 100 %, 528.74 W, 1980 MHz
2026/09/28 06:12:15.340, 3, 75845 MiB, 100 %, 531.36 W, 1980 MHz
2026/09/28 06:12:15.340, 4, 75845 MiB, 100 %, 525.78 W, 1980 MHz
2026/09/28 06:12:15.341, 5, 75845 MiB, 100 %, 524.16 W, 1980 MHz
2026/09/28 06:12:15.342, 6, 75845 MiB, 100 %, 555.98 W, 1980 MHz
2026/09/28 06:12:15.342, 7, 75845 MiB, 100 %, 528.97 W, 1980 MHz
2026/09/28 06:12:16.343, 0, 75845 MiB, 100 %, 544.56 W, 1935 MHz
2026/09/28 06:12:16.344, 1, 75845 MiB, 100 %, 562.90 W, 1980 MHz
2026/09/28 06:12:16.345, 2, 75845 MiB, 100 %, 533.91 W, 1980 MHz
2026/09/28 06:12:16.345, 3, 75845 MiB, 100 %, 532.62 W, 1980 MHz
2026/09/28 06:12:16.346, 4, 75845 MiB, 100 %, 524.00 W, 1980 MHz
2026/09/28 06:12:16.347, 5, 75845 MiB, 100 %, 534.75 W, 1980 MHz
2026/09/28 06:12:16.347, 6, 75845 MiB, 100 %, 556.19 W, 1980 MHz
2026/09/28 06:12:16.348, 7, 75845 MiB, 100 %, 529.80 W, 1980 MHz
2026/09/28 06:12:17.348, 0, 75845 MiB, 100 %, 556.05 W, 1845 MHz
2026/09/28 06:12:17.349, 1, 75845 MiB, 100 %, 567.24 W, 1980 MHz
2026/09/28 06:12:17.350, 2, 75845 MiB, 100 %, 530.40 W, 1980 MHz
2026/09/28 06:12:17.351, 3, 75845 MiB, 100 %, 534.26 W, 1980 MHz
2026/09/28 06:12:17.351, 4, 75845 MiB, 100 %, 526.88 W, 1980 MHz
2026/09/28 06:12:17.352, 5, 75845 MiB, 100 %, 536.44 W, 1980 MHz
2026/09/28 06:12:17.353, 6, 75845 MiB, 100 %, 552.22 W, 1980 MHz
2026/09/28 06:12:17.353, 7, 75845 MiB, 100 %, 534.10 W, 1980 MHz
2026/09/28 06:12:18.354, 0, 75845 MiB, 100 %, 523.69 W, 1665 MHz
2026/09/28 06:12:18.355, 1, 75845 MiB, 100 %, 554.77 W, 1980 MHz
2026/09/28 06:12:18.356, 2, 75845 MiB, 100 %, 532.51 W, 1980 MHz
2026/09/28 06:12:18.356, 3, 75845 MiB, 100 %, 532.28 W, 1980 MHz
2026/09/28 06:12:18.357, 4, 75845 MiB, 100 %, 525.42 W, 1980 MHz
2026/09/28 06:12:18.358, 5, 75845 MiB, 100 %, 528.83 W, 1980 MHz
2026/09/28 06:12:18.358, 6, 75845 MiB, 100 %, 552.94 W, 1980 MHz
2026/09/28 06:12:18.359, 7, 75845 MiB, 100 %, 527.92 W, 1980 MHz
2026/09/28 06:12:19.360, 0, 75845 MiB, 100 %, 520.45 W, 1785 MHz
2026/09/28 06:12:19.361, 1, 75845 MiB, 100 %, 562.07 W, 1980 MHz
2026/09/28 06:12:19.361, 2, 75845 MiB, 100 %, 534.78 W, 1980 MHz
2026/09/28 06:12:19.362, 3, 75845 MiB, 100 %, 526.70 W, 1980 MHz
2026/09/28 06:12:19.363, 4, 75845 MiB, 100 %, 521.70 W, 1980 MHz
2026/09/28 06:12:19.363, 5, 75845 MiB, 100 %, 543.63 W, 1980 MHz
2026/09/28 06:12:19.364, 6, 75845 MiB, 100 %, 558.74 W, 1980 MHz
2026/09/28 06:12:19.365, 7, 75845 MiB, 100 %, 520.52 W, 1980 MHz
2026/09/28 06:12:20.365, 0, 75845 MiB, 100 %, 536.21 W, 1785 MHz
2026/09/28 06:12:20.366, 1, 75845 MiB, 100 %, 558.32 W, 1980 MHz
2026/09/28 06:12:20.367, 2, 75845 MiB, 100 %, 522.29 W, 1980 MHz
2026/09/28 06:12:20.368, 3, 75845 MiB, 100 %, 527.50 W, 1980 MHz
2026/09/28 06:12:20.368, 4, 75845 MiB, 100 %, 525.06 W, 1980 MHz
2026/09/28 06:12:20.369, 5, 75845 MiB, 100 %, 525.23 W, 1980 MHz
2026/09/28 06:12:20.370, 6, 75845 MiB, 100 %, 559.74 W, 1980 MHz
2026/09/28 06:12:20.370, 7, 75845 MiB, 100 %, 525.49 W, 1980 MHz
2026/09/28 06:12:21.371, 0, 75845 MiB, 100 %, 534.85 W, 1755 MHz
2026/09/28 06:12:21.372, 1, 75845 MiB, 100 %, 554.02 W, 1980 MHz
2026/09/28 06:12:21.373, 2, 75845 MiB, 100 %, 534.33 W, 1980 MHz
2026/09/28 06:12:21.373, 3, 75845 MiB, 100 %, 530.68 W, 1980 MHz
2026/09/28 06:12:21.374, 4, 75845 MiB, 100 %, 521.84 W, 1980 MHz
2026/09/28 06:12:21.375, 5, 75845 MiB, 100 %, 536.44 W, 1980 MHz
2026/09/28 06:12:21.376, 6, 75845 MiB, 100 %, 556.27 W, 1980 MHz
2026/09/28 06:12:21.376, 7, 75845 MiB, 100 %, 524.77 W, 1980 MHz
2026/09/28 06:12:22.377, 0, 75845 MiB, 100 %, 537.15 W, 1740 MHz
2026/09/28 06:12:22.378, 1, 75845 MiB, 100 %, 564.57 W, 1980 MHz
2026/09/28 06:12:22.379, 2, 75845 MiB, 100 %, 529.84 W, 1980 MHz
2026/09/28 06:12:22.380, 3, 75845 MiB, 100 %, 533.27 W, 1980 MHz
2026/09/28 06:12:22.380, 4, 75845 MiB, 100 %, 515.66 W, 1980 MHz
2026/09/28 06:12:22.381, 5, 75845 MiB, 100 %, 532.93 W, 1980 MHz
2026/09/28 06:12:22.382, 6, 75845 MiB, 100 %, 557.12 W, 1980 MHz
2026/09/28 06:12:22.382, 7, 75845 MiB, 100 %, 531.14 W, 1980 MHz
2026/09/28 06:12:23.383, 0, 75845 MiB, 100 %, 540.48 W, 1860 MHz
2026/09/28 06:12:23.384, 1, 75845 MiB, 100 %, 564.90 W, 1980 MHz
2026/09/28 06:12:23.385, 2, 75845 MiB, 100 %, 539.71 W, 1980 MHz
2026/09/28 06:12:23.386, 3, 75845 MiB, 100 %, 535.84 W, 1980 MHz
2026/09/28 06:12:23.386, 4, 75845 MiB, 100 %, 523.22 W, 1980 MHz
2026/09/28 06:12:23.387, 5, 75845 MiB, 100 %, 539.69 W, 1980 MHz
2026/09/28 06:12:23.388, 6, 75845 MiB, 100 %, 555.03 W, 1980 MHz
2026/09/28 06:12:23.389, 7, 75845 MiB, 100 %, 526.48 W, 1980 MHz
2026/09/28 06:12:24.390, 0, 75845 MiB, 100 %, 539.65 W, 1845 MHz
2026/09/28 06:12:24.391, 1, 75845 MiB, 100 %, 559.89 W, 1980 MHz
2026/09/28 06:12:24.391, 2, 75845 MiB, 100 %, 534.18 W, 1980 MHz
2026/09/28 06:12:24.392, 3, 75845 MiB, 100 %, 535.17 W, 1980 MHz
2026/09/28 06:12:24.393, 4, 75845 MiB, 100 %, 521.85 W, 1980 MHz
2026/09/28 06:12:24.393, 5, 75845 MiB, 100 %, 530.41 W, 1980 MHz
2026/09/28 06:12:24.394, 6, 75845 MiB, 100 %, 555.14 W, 1980 MHz
2026/09/28 06:12:24.394, 7, 75845 MiB, 100 %, 529.06 W, 1980 MHz
2026/09/28 06:12:25.395, 0, 75845 MiB, 100 %, 553.47 W, 1845 MHz
2026/09/28 06:12:25.396, 1, 75845 MiB, 100 %, 576.55 W, 1980 MHz
2026/09/28 06:12:25.397, 2, 75845 MiB, 100 %, 525.25 W, 1980 MHz
2026/09/28 06:12:25.397, 3, 75845 MiB, 100 %, 541.19 W, 1980 MHz
2026/09/28 06:12:25.398, 4, 75845 MiB, 100 %, 530.35 W, 1980 MHz
2026/09/28 06:12:25.399, 5, 75845 MiB, 100 %, 530.80 W, 1980 MHz
2026/09/28 06:12:25.400, 6, 75845 MiB, 100 %, 563.48 W, 1980 MHz
2026/09/28 06:12:25.400, 7, 75845 MiB, 100 %, 535.62 W, 1980 MHz
2026/09/28 06:12:26.401, 0, 75845 MiB, 100 %, 556.21 W, 1965 MHz
2026/09/28 06:12:26.402, 1, 75845 MiB, 100 %, 570.14 W, 1980 MHz
2026/09/28 06:12:26.403, 2, 75845 MiB, 100 %, 538.42 W, 1980 MHz
2026/09/28 06:12:26.404, 3, 75845 MiB, 100 %, 524.32 W, 1980 MHz
2026/09/28 06:12:26.404, 4, 75845 MiB, 100 %, 524.45 W, 1980 MHz
2026/09/28 06:12:26.405, 5, 75845 MiB, 100 %, 538.63 W, 1980 MHz
2026/09/28 06:12:26.406, 6, 75845 MiB, 100 %, 555.81 W, 1980 MHz
2026/09/28 06:12:26.406, 7, 75845 MiB, 100 %, 532.83 W, 1980 MHz
2026/09/28 06:12:27.407, 0, 75845 MiB, 100 %, 546.73 W, 1695 MHz
2026/09/28 06:12:27.408, 1, 75845 MiB, 100 %, 558.61 W, 1980 MHz
2026/09/28 06:12:27.409, 2, 75845 MiB, 100 %, 538.88 W, 1980 MHz
2026/09/28 06:12:27.410, 3, 75845 MiB, 100 %, 530.52 W, 1980 MHz
2026/09/28 06:12:27.410, 4, 75845 MiB, 100 %, 531.98 W, 1980 MHz
2026/09/28 06:12:27.411, 5, 75845 MiB, 100 %, 528.59 W, 1980 MHz
2026/09/28 06:12:27.412, 6, 75845 MiB, 100 %, 558.49 W, 1980 MHz
2026/09/28 06:12:27.412, 7, 75845 MiB, 100 %, 529.11 W, 1980 MHz
2026/09/28 06:12:28.413, 0, 75845 MiB, 100 %, 535.90 W, 1770 MHz
2026/09/28 06:12:28.414, 1, 75845 MiB, 100 %, 564.95 W, 1980 MHz
2026/09/28 06:12:28.415, 2, 75845 MiB, 100 %, 540.85 W, 1980 MHz
2026/09/28 06:12:28.416, 3, 75845 MiB, 100 %, 533.13 W, 1980 MHz
2026/09/28 06:12:28.416, 4, 75845 MiB, 100 %, 525.70 W, 1980 MHz
2026/09/28 06:12:28.417, 5, 75845 MiB, 100 %, 538.76 W, 1980 MHz
2026/09/28 06:12:28.418, 6, 75845 MiB, 100 %, 560.29 W, 1980 MHz
2026/09/28 06:12:28.418, 7, 75845 MiB, 100 %, 533.47 W, 1980 MHz
2026/09/28 06:12:29.419, 0, 75845 MiB, 100 %, 535.58 W, 1785 MHz
2026/09/28 06:12:29.420, 1, 75845 MiB, 100 %, 561.40 W, 1980 MHz
2026/09/28 06:12:29.421, 2, 75845 MiB, 100 %, 536.88 W, 1980 MHz
2026/09/28 06:12:29.421, 3, 75845 MiB, 100 %, 537.60 W, 1980 MHz
2026/09/28 06:12:29.422, 4, 75845 MiB, 100 %, 529.60 W, 1980 MHz
2026/09/28 06:12:29.423, 5, 75845 MiB, 100 %, 531.36 W, 1980 MHz
2026/09/28 06:12:29.424, 6, 75845 MiB, 100 %, 557.82 W, 1980 MHz
2026/09/28 06:12:29.424, 7, 75845 MiB, 100 %, 526.11 W, 1980 MHz
2026/09/28 06:12:30.425, 0, 75845 MiB, 100 %, 531.15 W, 1875 MHz
2026/09/28 06:12:30.426, 1, 75845 MiB, 100 %, 562.77 W, 1980 MHz
2026/09/28 06:12:30.427, 2, 75845 MiB, 100 %, 536.76 W, 1980 MHz
2026/09/28 06:12:30.427, 3, 75845 MiB, 100 %, 524.81 W, 1980 MHz
2026/09/28 06:12:30.428, 4, 75845 MiB, 100 %, 527.64 W, 1980 MHz
2026/09/28 06:12:30.429, 5, 75845 MiB, 100 %, 537.38 W, 1980 MHz
2026/09/28 06:12:30.429, 6, 75845 MiB, 100 %, 546.45 W, 1980 MHz
2026/09/28 06:12:30.430, 7, 75845 MiB, 100 %, 523.86 W, 1980 MHz
2026/09/28 06:12:31.431, 0, 75845 MiB, 100 %, 536.63 W, 1710 MHz
2026/09/28 06:12:31.432, 1, 75845 MiB, 100 %, 564.48 W, 1980 MHz
2026/09/28 06:12:31.432, 2, 75845 MiB, 100 %, 527.57 W, 1980 MHz
2026/09/28 06:12:31.433, 3, 75845 MiB, 100 %, 531.08 W, 1980 MHz
2026/09/28 06:12:31.434, 4, 75845 MiB, 100 %, 529.18 W, 1980 MHz
2026/09/28 06:12:31.435, 5, 75845 MiB, 100 %, 539.42 W, 1980 MHz
2026/09/28 06:12:31.435, 6, 75845 MiB, 100 %, 556.67 W, 1980 MHz
2026/09/28 06:12:31.436, 7, 75845 MiB, 100 %, 529.49 W, 1980 MHz
2026/09/28 06:12:32.437, 0, 75845 MiB, 100 %, 536.50 W, 1785 MHz
2026/09/28 06:12:32.438, 1, 75845 MiB, 100 %, 569.20 W, 1980 MHz
2026/09/28 06:12:32.439, 2, 75845 MiB, 100 %, 535.41 W, 1980 MHz
2026/09/28 06:12:32.439, 3, 75845 MiB, 100 %, 532.28 W, 1980 MHz
2026/09/28 06:12:32.440, 4, 75845 MiB, 100 %, 529.76 W, 1980 MHz
2026/09/28 06:12:32.441, 5, 75845 MiB, 100 %, 526.66 W, 1980 MHz
2026/09/28 06:12:32.441, 6, 75845 MiB, 100 %, 552.91 W, 1980 MHz
2026/09/28 06:12:32.442, 7, 75845 MiB, 100 %, 524.78 W, 1980 MHz
2026/09/28 06:12:33.442, 0, 75845 MiB, 100 %, 535.96 W, 1770 MHz
2026/09/28 06:12:33.443, 1, 75845 MiB, 100 %, 572.75 W, 1980 MHz
2026/09/28 06:12:33.444, 2, 75845 MiB, 100 %, 534.58 W, 1980 MHz
2026/09/28 06:12:33.445, 3, 75845 MiB, 100 %, 536.25 W, 1980 MHz
2026/09/28 06:12:33.445, 4, 75845 MiB, 100 %, 514.87 W, 1980 MHz
2026/09/28 06:12:33.446, 5, 75845 MiB, 100 %, 539.04 W, 1980 MHz
2026/09/28 06:12:33.447, 6, 75845 MiB, 100 %, 549.10 W, 1980 MHz
2026/09/28 06:12:33.447, 7, 75845 MiB, 100 %, 527.33 W, 1980 MHz
2026/09/28 06:12:34.448, 0, 75845 MiB, 100 %, 524.33 W, 1860 MHz
2026/09/28 06:12:34.449, 1, 75845 MiB, 100 %, 561.69 W, 1980 MHz
2026/09/28 06:12:34.450, 2, 75845 MiB, 100 %, 525.62 W, 1980 MHz
2026/09/28 06:12:34.450, 3, 75845 MiB, 100 %, 532.78 W, 1980 MHz
2026/09/28 06:12:34.451, 4, 75845 MiB, 100 %, 518.80 W, 1980 MHz
2026/09/28 06:12:34.451, 5, 75845 MiB, 100 %, 536.79 W, 1980 MHz
2026/09/28 06:12:34.452, 6, 75845 MiB, 100 %, 555.42 W, 1980 MHz
2026/09/28 06:12:34.453, 7, 75845 MiB, 100 %, 527.11 W, 1980 MHz
2026/09/28 06:12:35.453, 0, 75845 MiB, 100 %, 534.35 W, 1725 MHz
2026/09/28 06:12:35.454, 1, 75845 MiB, 100 %, 563.19 W, 1980 MHz
2026/09/28 06:12:35.455, 2, 75845 MiB, 100 %, 536.51 W, 1980 MHz
2026/09/28 06:12:35.456, 3, 75845 MiB, 100 %, 541.85 W, 1980 MHz
2026/09/28 06:12:35.456, 4, 75845 MiB, 100 %, 525.62 W, 1980 MHz
2026/09/28 06:12:35.457, 5, 75845 MiB, 100 %, 531.08 W, 1980 MHz
2026/09/28 06:12:35.458, 6, 75845 MiB, 100 %, 554.81 W, 1980 MHz
2026/09/28 06:12:35.458, 7, 75845 MiB, 100 %, 528.38 W, 1980 MHz
2026/09/28 06:12:36.459, 0, 75845 MiB, 100 %, 535.90 W, 1785 MHz
2026/09/28 06:12:36.460, 1, 75845 MiB, 100 %, 564.67 W, 1980 MHz
2026/09/28 06:12:36.461, 2, 75845 MiB, 100 %, 536.91 W, 1980 MHz
2026/09/28 06:12:36.461, 3, 75845 MiB, 100 %, 526.83 W, 1980 MHz
2026/09/28 06:12:36.462, 4, 75845 MiB, 100 %, 519.27 W, 1980 MHz
2026/09/28 06:12:36.463, 5, 75845 MiB, 100 %, 533.78 W, 1980 MHz
2026/09/28 06:12:36.463, 6, 75845 MiB, 100 %, 554.12 W, 1980 MHz
2026/09/28 06:12:36.464, 7, 75845 MiB, 100 %, 526.42 W, 1980 MHz
2026/09/28 06:12:37.465, 0, 75845 MiB, 100 %, 529.16 W, 1785 MHz
2026/09/28 06:12:37.466, 1, 75845 MiB, 100 %, 570.39 W, 1980 MHz
2026/09/28 06:12:37.467, 2, 75845 MiB, 100 %, 536.20 W, 1980 MHz
2026/09/28 06:12:37.467, 3, 75845 MiB, 100 %, 531.77 W, 1980 MHz
2026/09/28 06:12:37.468, 4, 75845 MiB, 100 %, 526.28 W, 1980 MHz
2026/09/28 06:12:37.469, 5, 75845 MiB, 100 %, 533.16 W, 1980 MHz
2026/09/28 06:12:37.469, 6, 75845 MiB, 100 %, 548.47 W, 1980 MHz
2026/09/28 06:12:37.470, 7, 75845 MiB, 100 %, 530.53 W, 1980 MHz
2026/09/28 06:12:38.471, 0, 75845 MiB, 100 %, 531.00 W, 1785 MHz
2026/09/28 06:12:38.472, 1, 75845 MiB, 100 %, 571.56 W, 1980 MHz
2026/09/28 06:12:38.473, 2, 75845 MiB, 100 %, 530.54 W, 1980 MHz
2026/09/28 06:12:38.473, 3, 75845 MiB, 100 %, 538.79 W, 1980 MHz
2026/09/28 06:12:38.474, 4, 75845 MiB, 100 %, 528.42 W, 1980 MHz
2026/09/28 06:12:38.475, 5, 75845 MiB, 100 %, 539.56 W, 1980 MHz
2026/09/28 06:12:38.475, 6, 75845 MiB, 100 %, 551.79 W, 1980 MHz
2026/09/28 06:12:38.476, 7, 75845 MiB, 100 %, 525.20 W, 1980 MHz
2026/09/28 06:12:39.477, 0, 75845 MiB, 100 %, 533.35 W, 1755 MHz
2026/09/28 06:12:39.478, 1, 75845 MiB, 100 %, 556.84 W, 1980 MHz
2026/09/28 06:12:39.478, 2, 75845 MiB, 100 %, 533.58 W, 1980 MHz
2026/09/28 06:12:39.479, 3, 75845 MiB, 100 %, 532.74 W, 1980 MHz
2026/09/28 06:12:39.480, 4, 75845 MiB, 100 %, 514.97 W, 1980 MHz
2026/09/28 06:12:39.480, 5, 75845 MiB, 100 %, 531.22 W, 1980 MHz
2026/09/28 06:12:39.481, 6, 75845 MiB, 100 %, 553.42 W, 1980 MHz
2026/09/28 06:12:39.482, 7, 75845 MiB, 100 %, 524.41 W, 1980 MHz
2026/09/28 06:12:40.483, 0, 75845 MiB, 100 %, 533.63 W, 1860 MHz
2026/09/28 06:12:40.483, 1, 75845 MiB, 100 %, 563.46 W, 1980 MHz
2026/09/28 06:12:40.484, 2, 75845 MiB, 100 %, 535.23 W, 1980 MHz
2026/09/28 06:12:40.485, 3, 75845 MiB, 100 %, 535.16 W, 1980 MHz
2026/09/28 06:12:40.485, 4, 75845 MiB, 100 %, 523.11 W, 1980 MHz
2026/09/28 06:12:40.486, 5, 75845 MiB, 100 %, 533.75 W, 1980 MHz
2026/09/28 06:12:40.486, 6, 75845 MiB, 100 %, 557.02 W, 1980 MHz
2026/09/28 06:12:40.487, 7, 75845 MiB, 100 %, 533.29 W, 1980 MHz
2026/09/28 06:12:41.488, 0, 75845 MiB, 100 %, 534.91 W, 1740 MHz
2026/09/28 06:12:41.489, 1, 75845 MiB, 100 %, 561.52 W, 1980 MHz
2026/09/28 06:12:41.489, 2, 75845 MiB, 100 %, 535.92 W, 1980 MHz
2026/09/28 06:12:41.490, 3, 75845 MiB, 100 %, 533.09 W, 1980 MHz
2026/09/28 06:12:41.491, 4, 75845 MiB, 100 %, 525.60 W, 1980 MHz
2026/09/28 06:12:41.491, 5, 75845 MiB, 100 %, 526.65 W, 1980 MHz
2026/09/28 06:12:41.492, 6, 75845 MiB, 100 %, 554.17 W, 1980 MHz
2026/09/28 06:12:41.493, 7, 75845 MiB, 100 %, 524.94 W, 1980 MHz
2026/09/28 06:12:42.493, 0, 75845 MiB, 100 %, 536.41 W, 1800 MHz
2026/09/28 06:12:42.495, 1, 75845 MiB, 100 %, 562.77 W, 1980 MHz
2026/09/28 06:12:42.495, 2, 75845 MiB, 100 %, 536.71 W, 1980 MHz
2026/09/28 06:12:42.496, 3, 75845 MiB, 100 %, 538.09 W, 1980 MHz
2026/09/28 06:12:42.497, 4, 75845 MiB, 100 %, 528.09 W, 1980 MHz
2026/09/28 06:12:42.497, 5, 75845 MiB, 100 %, 541.00 W, 1980 MHz
2026/09/28 06:12:42.498, 6, 75845 MiB, 100 %, 552.10 W, 1980 MHz
2026/09/28 06:12:42.499, 7, 75845 MiB, 100 %, 532.30 W, 1980 MHz
2026/09/28 06:12:43.499, 0, 75845 MiB, 100 %, 519.55 W, 1770 MHz
2026/09/28 06:12:43.500, 1, 75845 MiB, 100 %, 561.28 W, 1980 MHz
2026/09/28 06:12:43.501, 2, 75845 MiB, 100 %, 533.55 W, 1980 MHz
2026/09/28 06:12:43.501, 3, 75845 MiB, 100 %, 525.97 W, 1980 MHz
2026/09/28 06:12:43.502, 4, 75845 MiB, 100 %, 528.58 W, 1980 MHz
2026/09/28 06:12:43.503, 5, 75845 MiB, 100 %, 520.62 W, 1980 MHz
2026/09/28 06:12:43.503, 6, 75845 MiB, 100 %, 547.15 W, 1980 MHz
2026/09/28 06:12:43.504, 7, 75845 MiB, 100 %, 521.76 W, 1980 MHz
2026/09/28 06:12:44.505, 0, 75845 MiB, 100 %, 537.96 W, 1845 MHz
2026/09/28 06:12:44.506, 1, 75845 MiB, 100 %, 562.24 W, 1980 MHz
2026/09/28 06:12:44.506, 2, 75845 MiB, 100 %, 539.51 W, 1980 MHz
2026/09/28 06:12:44.507, 3, 75845 MiB, 100 %, 524.41 W, 1980 MHz
2026/09/28 06:12:44.508, 4, 75845 MiB, 100 %, 526.55 W, 1980 MHz
2026/09/28 06:12:44.508, 5, 75845 MiB, 100 %, 536.41 W, 1980 MHz
2026/09/28 06:12:44.509, 6, 75845 MiB, 100 %, 546.25 W, 1980 MHz
2026/09/28 06:12:44.509, 7, 75845 MiB, 100 %, 519.86 W, 1980 MHz
2026/09/28 06:12:45.510, 0, 75845 MiB, 100 %, 552.11 W, 1860 MHz
2026/09/28 06:12:45.511, 1, 75845 MiB, 100 %, 569.43 W, 1980 MHz
2026/09/28 06:12:45.512, 2, 75845 MiB, 100 %, 527.91 W, 1980 MHz
2026/09/28 06:12:45.512, 3, 75845 MiB, 100 %, 532.57 W, 1980 MHz
2026/09/28 06:12:45.513, 4, 75845 MiB, 100 %, 526.35 W, 1980 MHz
2026/09/28 06:12:45.514, 5, 75845 MiB, 100 %, 544.27 W, 1980 MHz
2026/09/28 06:12:45.514, 6, 75845 MiB, 100 %, 557.28 W, 1980 MHz
2026/09/28 06:12:45.515, 7, 75845 MiB, 100 %, 523.64 W, 1980 MHz
2026/09/28 06:12:46.516, 0, 75845 MiB, 100 %, 544.09 W, 1755 MHz
2026/09/28 06:12:46.516, 1, 75845 MiB, 100 %, 564.38 W, 1980 MHz
2026/09/28 06:12:46.517, 2, 75845 MiB, 100 %, 535.63 W, 1980 MHz
2026/09/28 06:12:46.518, 3, 75845 MiB, 100 %, 538.43 W, 1980 MHz
2026/09/28 06:12:46.518, 4, 75845 MiB, 100 %, 530.42 W, 1980 MHz
2026/09/28 06:12:46.519, 5, 75845 MiB, 100 %, 535.96 W, 1980 MHz
2026/09/28 06:12:46.520, 6, 75845 MiB, 100 %, 565.20 W, 1980 MHz
2026/09/28 06:12:46.520, 7, 75845 MiB, 100 %, 532.34 W, 1980 MHz
2026/09/28 06:12:47.521, 0, 75845 MiB, 100 %, 537.93 W, 1755 MHz
2026/09/28 06:12:47.522, 1, 75845 MiB, 100 %, 556.63 W, 1980 MHz
2026/09/28 06:12:47.523, 2, 75845 MiB, 100 %, 540.24 W, 1980 MHz
2026/09/28 06:12:47.524, 3, 75845 MiB, 100 %, 538.32 W, 1980 MHz
2026/09/28 06:12:47.525, 4, 75845 MiB, 100 %, 523.07 W, 1980 MHz
2026/09/28 06:12:47.525, 5, 75845 MiB, 100 %, 533.22 W, 1980 MHz
2026/09/28 06:12:47.526, 6, 75845 MiB, 100 %, 556.65 W, 1980 MHz
2026/09/28 06:12:47.526, 7, 75845 MiB, 100 %, 521.28 W, 1980 MHz
2026/09/28 06:12:48.527, 0, 75845 MiB, 100 %, 542.41 W, 1890 MHz
2026/09/28 06:12:48.528, 1, 75845 MiB, 100 %, 570.33 W, 1980 MHz
2026/09/28 06:12:48.529, 2, 75845 MiB, 100 %, 528.63 W, 1980 MHz
2026/09/28 06:12:48.529, 3, 75845 MiB, 100 %, 537.62 W, 1980 MHz
2026/09/28 06:12:48.530, 4, 75845 MiB, 100 %, 526.49 W, 1980 MHz
2026/09/28 06:12:48.531, 5, 75845 MiB, 100 %, 535.96 W, 1980 MHz
2026/09/28 06:12:48.531, 6, 75845 MiB, 100 %, 558.36 W, 1980 MHz
2026/09/28 06:12:48.532, 7, 75845 MiB, 100 %, 528.63 W, 1980 MHz
2026/09/28 06:12:49.533, 0, 75845 MiB, 100 %, 539.01 W, 1755 MHz
2026/09/28 06:12:49.534, 1, 75845 MiB, 100 %, 566.48 W, 1980 MHz
2026/09/28 06:12:49.534, 2, 75845 MiB, 100 %, 543.54 W, 1980 MHz
2026/09/28 06:12:49.535, 3, 75845 MiB, 100 %, 525.30 W, 1980 MHz
2026/09/28 06:12:49.536, 4, 75845 MiB, 100 %, 527.94 W, 1980 MHz
2026/09/28 06:12:49.536, 5, 75845 MiB, 100 %, 538.39 W, 1980 MHz
2026/09/28 06:12:49.537, 6, 75845 MiB, 100 %, 554.46 W, 1980 MHz
2026/09/28 06:12:49.538, 7, 75845 MiB, 100 %, 520.89 W, 1980 MHz
2026/09/28 06:12:50.538, 0, 75845 MiB, 100 %, 538.64 W, 1800 MHz
2026/09/28 06:12:50.539, 1, 75845 MiB, 100 %, 559.51 W, 1980 MHz
2026/09/28 06:12:50.540, 2, 75845 MiB, 100 %, 537.07 W, 1980 MHz
2026/09/28 06:12:50.541, 3, 75845 MiB, 100 %, 531.95 W, 1980 MHz
2026/09/28 06:12:50.541, 4, 75845 MiB, 100 %, 525.65 W, 1980 MHz
2026/09/28 06:12:50.542, 5, 75845 MiB, 100 %, 540.16 W, 1980 MHz
2026/09/28 06:12:50.543, 6, 75845 MiB, 100 %, 546.33 W, 1980 MHz
2026/09/28 06:12:50.543, 7, 75845 MiB, 100 %, 527.76 W, 1980 MHz
2026/09/28 06:12:51.544, 0, 75845 MiB, 100 %, 544.45 W, 1770 MHz
2026/09/28 06:12:51.545, 1, 75845 MiB, 100 %, 561.72 W, 1980 MHz
2026/09/28 06:12:51.546, 2, 75845 MiB, 100 %, 535.50 W, 1980 MHz
2026/09/28 06:12:51.546, 3, 75845 MiB, 100 %, 538.20 W, 1980 MHz
2026/09/28 06:12:51.547, 4, 75845 MiB, 100 %, 529.10 W, 1980 MHz
2026/09/28 06:12:51.548, 5, 75845 MiB, 100 %, 544.31 W, 1980 MHz
2026/09/28 06:12:51.548, 6, 75845 MiB, 100 %, 554.67 W, 1980 MHz
2026/09/28 06:12:51.549, 7, 75845 MiB, 100 %, 530.27 W, 1980 MHz
2026/09/28 06:12:52.550, 0, 75845 MiB, 100 %, 544.66 W, 1890 MHz
2026/09/28 06:12:52.551, 1, 75845 MiB, 100 %, 574.06 W, 1980 MHz
2026/09/28 06:12:52.551, 2, 75845 MiB, 100 %, 533.54 W, 1980 MHz
2026/09/28 06:12:52.552, 3, 75845 MiB, 100 %, 528.09 W, 1980 MHz
2026/09/28 06:12:52.553, 4, 75845 MiB, 100 %, 527.54 W, 1980 MHz
2026/09/28 06:12:52.554, 5, 75845 MiB, 100 %, 533.87 W, 1980 MHz
2026/09/28 06:12:52.554, 6, 75845 MiB, 100 %, 556.05 W, 1980 MHz
2026/09/28 06:12:52.555, 7, 75845 MiB, 100 %, 526.55 W, 1980 MHz
2026/09/28 06:12:53.556, 0, 75845 MiB, 100 %, 530.06 W, 1485 MHz
2026/09/28 06:12:53.557, 1, 75845 MiB, 100 %, 569.87 W, 1980 MHz
2026/09/28 06:12:53.557, 2, 75845 MiB, 100 %, 531.52 W, 1980 MHz
2026/09/28 06:12:53.558, 3, 75845 MiB, 100 %, 524.25 W, 1980 MHz
2026/09/28 06:12:53.559, 4, 75845 MiB, 100 %, 526.61 W, 1980 MHz
2026/09/28 06:12:53.559, 5, 75845 MiB, 100 %, 531.95 W, 1980 MHz
2026/09/28 06:12:53.560, 6, 75845 MiB, 100 %, 549.39 W, 1980 MHz
2026/09/28 06:12:53.561, 7, 75845 MiB, 100 %, 523.80 W, 1980 MHz
2026/09/28 06:12:54.561, 0, 75845 MiB, 100 %, 462.34 W, 1470 MHz
2026/09/28 06:12:54.563, 1, 75845 MiB, 100 %, 548.72 W, 1980 MHz
2026/09/28 06:12:54.564, 2, 75845 MiB, 100 %, 518.22 W, 1980 MHz
2026/09/28 06:12:54.565, 3, 75845 MiB, 100 %, 513.27 W, 1980 MHz
2026/09/28 06:12:54.567, 4, 75845 MiB, 100 %, 511.75 W, 1980 MHz
2026/09/28 06:12:54.568, 5, 75845 MiB, 100 %, 524.81 W, 1980 MHz
2026/09/28 06:12:54.569, 6, 75845 MiB, 100 %, 549.96 W, 1980 MHz
2026/09/28 06:12:54.571, 7, 75845 MiB, 100 %, 511.71 W, 1980 MHz
2026/09/28 06:12:55.573, 0, 75845 MiB, 100 %, 487.71 W, 1650 MHz
2026/09/28 06:12:55.575, 1, 75845 MiB, 100 %, 548.13 W, 1980 MHz
2026/09/28 06:12:55.575, 2, 75845 MiB, 100 %, 528.13 W, 1980 MHz
2026/09/28 06:12:55.576, 3, 75845 MiB, 100 %, 522.99 W, 1980 MHz
2026/09/28 06:12:55.577, 4, 75845 MiB, 100 %, 513.98 W, 1980 MHz
2026/09/28 06:12:55.577, 5, 75845 MiB, 100 %, 527.84 W, 1980 MHz
2026/09/28 06:12:55.578, 6, 75845 MiB, 100 %, 544.51 W, 1980 MHz
2026/09/28 06:12:55.579, 7, 75845 MiB, 100 %, 518.21 W, 1980 MHz
2026/09/28 06:12:56.579, 0, 75845 MiB, 100 %, 502.96 W, 1665 MHz
2026/09/28 06:12:56.580, 1, 75845 MiB, 100 %, 561.39 W, 1980 MHz
2026/09/28 06:12:56.581, 2, 75845 MiB, 100 %, 532.69 W, 1980 MHz
2026/09/28 06:12:56.582, 3, 75845 MiB, 100 %, 522.46 W, 1980 MHz
2026/09/28 06:12:56.583, 4, 75845 MiB, 100 %, 520.66 W, 1980 MHz
2026/09/28 06:12:56.583, 5, 75845 MiB, 100 %, 530.13 W, 1980 MHz
2026/09/28 06:12:56.584, 6, 75845 MiB, 100 %, 552.76 W, 1980 MHz
2026/09/28 06:12:56.584, 7, 75845 MiB, 100 %, 514.94 W, 1980 MHz
2026/09/28 06:12:57.585, 0, 75845 MiB, 100 %, 519.73 W, 1815 MHz
2026/09/28 06:12:57.586, 1, 75845 MiB, 100 %, 564.38 W, 1980 MHz
2026/09/28 06:12:57.587, 2, 75845 MiB, 100 %, 528.57 W, 1980 MHz
2026/09/28 06:12:57.588, 3, 75845 MiB, 100 %, 527.32 W, 1980 MHz
2026/09/28 06:12:57.588, 4, 75845 MiB, 100 %, 519.97 W, 1980 MHz
2026/09/28 06:12:57.589, 5, 75845 MiB, 100 %, 528.29 W, 1980 MHz
2026/09/28 06:12:57.590, 6, 75845 MiB, 100 %, 549.40 W, 1980 MHz
2026/09/28 06:12:57.590, 7, 75845 MiB, 100 %, 522.28 W, 1980 MHz
2026/09/28 06:12:58.591, 0, 75845 MiB, 100 %, 520.41 W, 1845 MHz
2026/09/28 06:12:58.592, 1, 75845 MiB, 100 %, 570.98 W, 1980 MHz
2026/09/28 06:12:58.593, 2, 75845 MiB, 100 %, 536.90 W, 1980 MHz
2026/09/28 06:12:58.593, 3, 75845 MiB, 100 %, 529.74 W, 1980 MHz
2026/09/28 06:12:58.594, 4, 75845 MiB, 100 %, 525.20 W, 1980 MHz
2026/09/28 06:12:58.595, 5, 75845 MiB, 100 %, 537.20 W, 1980 MHz
2026/09/28 06:12:58.595, 6, 75845 MiB, 100 %, 551.23 W, 1980 MHz
2026/09/28 06:12:58.596, 7, 75845 MiB, 100 %, 527.38 W, 1980 MHz
2026/09/28 06:12:59.597, 0, 75845 MiB, 100 %, 529.18 W, 1740 MHz
2026/09/28 06:12:59.598, 1, 75845 MiB, 100 %, 566.09 W, 1980 MHz
2026/09/28 06:12:59.598, 2, 75845 MiB, 100 %, 536.35 W, 1980 MHz
2026/09/28 06:12:59.599, 3, 75845 MiB, 100 %, 530.52 W, 1980 MHz
2026/09/28 06:12:59.599, 4, 75845 MiB, 100 %, 525.98 W, 1980 MHz
2026/09/28 06:12:59.600, 5, 75845 MiB, 100 %, 531.70 W, 1980 MHz
2026/09/28 06:12:59.601, 6, 75845 MiB, 100 %, 560.84 W, 1980 MHz
2026/09/28 06:12:59.601, 7, 75845 MiB, 100 %, 530.59 W, 1980 MHz
2026/09/28 06:13:00.602, 0, 75845 MiB, 100 %, 540.54 W, 1890 MHz
2026/09/28 06:13:00.603, 1, 75845 MiB, 100 %, 562.95 W, 1980 MHz
2026/09/28 06:13:00.604, 2, 75845 MiB, 100 %, 537.24 W, 1980 MHz
2026/09/28 06:13:00.604, 3, 75845 MiB, 100 %, 535.69 W, 1980 MHz
2026/09/28 06:13:00.605, 4, 75845 MiB, 100 %, 526.10 W, 1980 MHz
2026/09/28 06:13:00.606, 5, 75845 MiB, 100 %, 530.42 W, 1980 MHz
2026/09/28 06:13:00.606, 6, 75845 MiB, 100 %, 561.25 W, 1980 MHz
2026/09/28 06:13:00.607, 7, 75845 MiB, 100 %, 524.57 W, 1980 MHz
2026/09/28 06:13:01.608, 0, 75845 MiB, 100 %, 545.30 W, 1830 MHz
2026/09/28 06:13:01.609, 1, 75845 MiB, 100 %, 564.15 W, 1980 MHz
2026/09/28 06:13:01.609, 2, 75845 MiB, 100 %, 533.50 W, 1980 MHz
2026/09/28 06:13:01.610, 3, 75845 MiB, 100 %, 528.44 W, 1980 MHz
2026/09/28 06:13:01.611, 4, 75845 MiB, 100 %, 527.62 W, 1980 MHz
2026/09/28 06:13:01.611, 5, 75845 MiB, 100 %, 532.54 W, 1980 MHz
2026/09/28 06:13:01.612, 6, 75845 MiB, 100 %, 552.27 W, 1980 MHz
2026/09/28 06:13:01.613, 7, 75845 MiB, 100 %, 528.42 W, 1980 MHz
2026/09/28 06:13:02.613, 0, 75845 MiB, 100 %, 535.71 W, 1770 MHz
2026/09/28 06:13:02.614, 1, 75845 MiB, 100 %, 561.55 W, 1980 MHz
2026/09/28 06:13:02.615, 2, 75845 MiB, 100 %, 536.10 W, 1980 MHz
2026/09/28 06:13:02.616, 3, 75845 MiB, 100 %, 529.56 W, 1980 MHz
2026/09/28 06:13:02.617, 4, 75845 MiB, 100 %, 524.44 W, 1980 MHz
2026/09/28 06:13:02.617, 5, 75845 MiB, 100 %, 536.41 W, 1980 MHz
2026/09/28 06:13:02.618, 6, 75845 MiB, 100 %, 563.94 W, 1980 MHz
2026/09/28 06:13:02.618, 7, 75845 MiB, 100 %, 526.15 W, 1980 MHz
2026/09/28 06:13:03.619, 0, 75845 MiB, 100 %, 519.24 W, 1740 MHz
2026/09/28 06:13:03.620, 1, 75845 MiB, 100 %, 560.88 W, 1980 MHz
2026/09/28 06:13:03.621, 2, 75845 MiB, 100 %, 533.50 W, 1980 MHz
2026/09/28 06:13:03.621, 3, 75845 MiB, 100 %, 530.02 W, 1980 MHz
2026/09/28 06:13:03.622, 4, 75845 MiB, 100 %, 524.47 W, 1980 MHz
2026/09/28 06:13:03.623, 5, 75845 MiB, 100 %, 532.43 W, 1980 MHz
2026/09/28 06:13:03.623, 6, 75845 MiB, 100 %, 544.41 W, 1980 MHz
2026/09/28 06:13:03.624, 7, 75845 MiB, 100 %, 520.48 W, 1980 MHz
2026/09/28 06:13:04.624, 0, 75845 MiB, 100 %, 530.40 W, 1845 MHz
2026/09/28 06:13:04.625, 1, 75845 MiB, 100 %, 567.31 W, 1980 MHz
2026/09/28 06:13:04.626, 2, 75845 MiB, 100 %, 530.35 W, 1980 MHz
2026/09/28 06:13:04.627, 3, 75845 MiB, 100 %, 527.42 W, 1980 MHz
2026/09/28 06:13:04.627, 4, 75845 MiB, 100 %, 517.77 W, 1980 MHz
2026/09/28 06:13:04.628, 5, 75845 MiB, 100 %, 530.06 W, 1980 MHz
2026/09/28 06:13:04.629, 6, 75845 MiB, 100 %, 551.69 W, 1980 MHz
2026/09/28 06:13:04.629, 7, 75845 MiB, 100 %, 529.69 W, 1980 MHz
2026/09/28 06:13:05.630, 0, 75845 MiB, 100 %, 542.52 W, 1845 MHz
2026/09/28 06:13:05.631, 1, 75845 MiB, 100 %, 571.46 W, 1980 MHz
2026/09/28 06:13:05.632, 2, 75845 MiB, 100 %, 538.61 W, 1980 MHz
2026/09/28 06:13:05.632, 3, 75845 MiB, 100 %, 523.59 W, 1980 MHz
2026/09/28 06:13:05.633, 4, 75845 MiB, 100 %, 523.01 W, 1980 MHz
2026/09/28 06:13:05.634, 5, 75845 MiB, 100 %, 534.90 W, 1980 MHz
2026/09/28 06:13:05.634, 6, 75845 MiB, 100 %, 554.09 W, 1980 MHz
2026/09/28 06:13:05.635, 7, 75845 MiB, 100 %, 523.68 W, 1980 MHz
2026/09/28 06:13:06.636, 0, 75845 MiB, 100 %, 546.98 W, 1875 MHz
2026/09/28 06:13:06.636, 1, 75845 MiB, 100 %, 567.66 W, 1980 MHz
2026/09/28 06:13:06.637, 2, 75845 MiB, 100 %, 534.67 W, 1980 MHz
2026/09/28 06:13:06.638, 3, 75845 MiB, 100 %, 532.11 W, 1980 MHz
2026/09/28 06:13:06.638, 4, 75845 MiB, 100 %, 528.80 W, 1980 MHz
2026/09/28 06:13:06.639, 5, 75845 MiB, 100 %, 541.94 W, 1980 MHz
2026/09/28 06:13:06.640, 6, 75845 MiB, 100 %, 552.77 W, 1980 MHz
2026/09/28 06:13:06.640, 7, 75845 MiB, 100 %, 522.72 W, 1980 MHz
2026/09/28 06:13:07.641, 0, 75845 MiB, 100 %, 549.34 W, 1710 MHz
2026/09/28 06:13:07.642, 1, 75845 MiB, 100 %, 569.97 W, 1980 MHz
2026/09/28 06:13:07.643, 2, 75845 MiB, 100 %, 530.05 W, 1980 MHz
2026/09/28 06:13:07.643, 3, 75845 MiB, 100 %, 535.66 W, 1980 MHz
2026/09/28 06:13:07.644, 4, 75845 MiB, 100 %, 523.99 W, 1980 MHz
2026/09/28 06:13:07.645, 5, 75845 MiB, 100 %, 540.49 W, 1980 MHz
2026/09/28 06:13:07.645, 6, 75845 MiB, 100 %, 554.11 W, 1980 MHz
2026/09/28 06:13:07.646, 7, 75845 MiB, 100 %, 529.82 W, 1980 MHz
2026/09/28 06:13:08.647, 0, 75845 MiB, 100 %, 537.66 W, 1890 MHz
2026/09/28 06:13:08.647, 1, 75845 MiB, 100 %, 571.22 W, 1980 MHz
2026/09/28 06:13:08.648, 2, 75845 MiB, 100 %, 541.02 W, 1980 MHz
2026/09/28 06:13:08.649, 3, 75845 MiB, 100 %, 527.60 W, 1980 MHz
2026/09/28 06:13:08.649, 4, 75845 MiB, 100 %, 538.98 W, 1980 MHz
2026/09/28 06:13:08.650, 5, 75845 MiB, 100 %, 535.41 W, 1980 MHz
2026/09/28 06:13:08.651, 6, 75845 MiB, 100 %, 557.32 W, 1980 MHz
2026/09/28 06:13:08.651, 7, 75845 MiB, 100 %, 527.10 W, 1980 MHz
2026/09/28 06:13:09.652, 0, 75845 MiB, 100 %, 567.36 W, 1800 MHz
2026/09/28 06:13:09.653, 1, 75845 MiB, 100 %, 575.56 W, 1980 MHz
2026/09/28 06:13:09.653, 2, 75845 MiB, 100 %, 535.15 W, 1980 MHz
2026/09/28 06:13:09.654, 3, 75845 MiB, 100 %, 534.89 W, 1980 MHz
2026/09/28 06:13:09.655, 4, 75845 MiB, 100 %, 533.15 W, 1980 MHz
2026/09/28 06:13:09.655, 5, 75845 MiB, 100 %, 539.38 W, 1980 MHz
2026/09/28 06:13:09.656, 6, 75845 MiB, 100 %, 569.58 W, 1980 MHz
2026/09/28 06:13:09.657, 7, 75845 MiB, 100 %, 536.41 W, 1980 MHz
2026/09/28 06:13:10.658, 0, 75845 MiB, 100 %, 481.51 W, 1695 MHz
2026/09/28 06:13:10.658, 1, 75845 MiB, 100 %, 550.34 W, 1980 MHz
2026/09/28 06:13:10.659, 2, 75845 MiB, 100 %, 523.12 W, 1980 MHz
2026/09/28 06:13:10.660, 3, 75845 MiB, 100 %, 515.20 W, 1980 MHz
2026/09/28 06:13:10.661, 4, 75845 MiB, 100 %, 520.96 W, 1980 MHz
2026/09/28 06:13:10.661, 5, 75845 MiB, 100 %, 517.98 W, 1980 MHz
2026/09/28 06:13:10.662, 6, 75845 MiB, 100 %, 553.48 W, 1980 MHz
2026/09/28 06:13:10.662, 7, 75845 MiB, 100 %, 512.59 W, 1980 MHz
2026/09/28 06:13:11.663, 0, 75845 MiB, 100 %, 499.50 W, 1680 MHz
2026/09/28 06:13:11.664, 1, 75845 MiB, 100 %, 561.90 W, 1980 MHz
2026/09/28 06:13:11.665, 2, 75845 MiB, 100 %, 533.19 W, 1980 MHz
2026/09/28 06:13:11.666, 3, 75845 MiB, 100 %, 523.82 W, 1980 MHz
2026/09/28 06:13:11.666, 4, 75845 MiB, 100 %, 521.03 W, 1980 MHz
2026/09/28 06:13:11.667, 5, 75845 MiB, 100 %, 531.33 W, 1980 MHz
2026/09/28 06:13:11.668, 6, 75845 MiB, 100 %, 552.93 W, 1980 MHz
2026/09/28 06:13:11.668, 7, 75845 MiB, 100 %, 515.55 W, 1980 MHz
2026/09/28 06:13:12.669, 0, 75845 MiB, 100 %, 513.27 W, 1740 MHz
2026/09/28 06:13:12.671, 1, 75845 MiB, 100 %, 560.17 W, 1980 MHz
2026/09/28 06:13:12.672, 2, 75845 MiB, 100 %, 532.55 W, 1980 MHz
2026/09/28 06:13:12.672, 3, 75845 MiB, 100 %, 522.50 W, 1980 MHz
2026/09/28 06:13:12.674, 4, 75845 MiB, 100 %, 515.64 W, 1980 MHz
2026/09/28 06:13:12.675, 5, 75845 MiB, 100 %, 526.18 W, 1980 MHz
2026/09/28 06:13:12.675, 6, 75845 MiB, 100 %, 543.90 W, 1980 MHz
2026/09/28 06:13:12.676, 7, 75845 MiB, 100 %, 526.66 W, 1980 MHz
2026/09/28 06:13:13.676, 0, 75845 MiB, 100 %, 518.09 W, 1815 MHz
2026/09/28 06:13:13.677, 1, 75845 MiB, 100 %, 563.12 W, 1980 MHz
2026/09/28 06:13:13.678, 2, 75845 MiB, 100 %, 537.57 W, 1980 MHz
2026/09/28 06:13:13.679, 3, 75845 MiB, 100 %, 527.54 W, 1980 MHz
2026/09/28 06:13:13.679, 4, 75845 MiB, 100 %, 527.70 W, 1980 MHz
2026/09/28 06:13:13.680, 5, 75845 MiB, 100 %, 531.23 W, 1980 MHz
2026/09/28 06:13:13.681, 6, 75845 MiB, 100 %, 564.57 W, 1980 MHz
2026/09/28 06:13:13.681, 7, 75845 MiB, 100 %, 524.91 W, 1980 MHz
2026/09/28 06:13:14.682, 0, 75845 MiB, 100 %, 524.28 W, 1695 MHz
2026/09/28 06:13:14.683, 1, 75845 MiB, 100 %, 559.63 W, 1980 MHz
2026/09/28 06:13:14.683, 2, 75845 MiB, 100 %, 530.62 W, 1980 MHz
2026/09/28 06:13:14.684, 3, 75845 MiB, 100 %, 532.28 W, 1980 MHz
2026/09/28 06:13:14.685, 4, 75845 MiB, 100 %, 527.38 W, 1980 MHz
2026/09/28 06:13:14.685, 5, 75845 MiB, 100 %, 531.16 W, 1980 MHz
2026/09/28 06:13:14.686, 6, 75845 MiB, 100 %, 562.39 W, 1980 MHz
2026/09/28 06:13:14.686, 7, 75845 MiB, 100 %, 528.56 W, 1980 MHz
2026/09/28 06:13:15.687, 0, 75845 MiB, 100 %, 524.55 W, 1785 MHz
2026/09/28 06:13:15.688, 1, 75845 MiB, 100 %, 572.43 W, 1980 MHz
2026/09/28 06:13:15.689, 2, 75845 MiB, 100 %, 533.52 W, 1980 MHz
2026/09/28 06:13:15.689, 3, 75845 MiB, 100 %, 535.94 W, 1980 MHz
2026/09/28 06:13:15.690, 4, 75845 MiB, 100 %, 528.24 W, 1980 MHz
2026/09/28 06:13:15.690, 5, 75845 MiB, 100 %, 533.28 W, 1980 MHz
2026/09/28 06:13:15.691, 6, 75845 MiB, 100 %, 560.12 W, 1980 MHz
2026/09/28 06:13:15.692, 7, 75845 MiB, 100 %, 524.20 W, 1980 MHz
2026/09/28 06:13:16.692, 0, 75845 MiB, 100 %, 524.91 W, 1710 MHz
2026/09/28 06:13:16.693, 1, 75845 MiB, 100 %, 554.90 W, 1980 MHz
2026/09/28 06:13:16.694, 2, 75845 MiB, 100 %, 534.06 W, 1980 MHz
2026/09/28 06:13:16.695, 3, 75845 MiB, 100 %, 528.70 W, 1980 MHz
2026/09/28 06:13:16.695, 4, 75845 MiB, 100 %, 517.35 W, 1980 MHz
2026/09/28 06:13:16.696, 5, 75845 MiB, 100 %, 530.61 W, 1980 MHz
2026/09/28 06:13:16.696, 6, 75845 MiB, 100 %, 546.58 W, 1980 MHz
2026/09/28 06:13:16.697, 7, 75845 MiB, 100 %, 528.79 W, 1980 MHz
2026/09/28 06:13:17.698, 0, 75845 MiB, 100 %, 522.19 W, 1845 MHz
2026/09/28 06:13:17.699, 1, 75845 MiB, 100 %, 560.89 W, 1980 MHz
2026/09/28 06:13:17.700, 2, 75845 MiB, 100 %, 526.30 W, 1980 MHz
2026/09/28 06:13:17.700, 3, 75845 MiB, 100 %, 534.11 W, 1980 MHz
2026/09/28 06:13:17.701, 4, 75845 MiB, 100 %, 524.22 W, 1980 MHz
2026/09/28 06:13:17.702, 5, 75845 MiB, 100 %, 530.83 W, 1980 MHz
2026/09/28 06:13:17.702, 6, 75845 MiB, 100 %, 550.91 W, 1980 MHz
2026/09/28 06:13:17.703, 7, 75845 MiB, 100 %, 529.70 W, 1980 MHz
2026/09/28 06:13:18.704, 0, 75845 MiB, 100 %, 531.73 W, 1695 MHz
2026/09/28 06:13:18.705, 1, 75845 MiB, 100 %, 562.30 W, 1980 MHz
2026/09/28 06:13:18.705, 2, 75845 MiB, 100 %, 532.26 W, 1980 MHz
2026/09/28 06:13:18.706, 3, 75845 MiB, 100 %, 521.01 W, 1980 MHz
2026/09/28 06:13:18.707, 4, 75845 MiB, 100 %, 523.87 W, 1980 MHz
2026/09/28 06:13:18.707, 5, 75845 MiB, 100 %, 539.74 W, 1980 MHz
2026/09/28 06:13:18.708, 6, 75845 MiB, 100 %, 557.52 W, 1980 MHz
2026/09/28 06:13:18.709, 7, 75845 MiB, 100 %, 529.65 W, 1980 MHz
2026/09/28 06:13:19.709, 0, 75845 MiB, 100 %, 521.16 W, 1785 MHz
2026/09/28 06:13:19.710, 1, 75845 MiB, 100 %, 566.17 W, 1980 MHz
2026/09/28 06:13:19.711, 2, 75845 MiB, 100 %, 537.32 W, 1980 MHz
2026/09/28 06:13:19.711, 3, 75845 MiB, 100 %, 528.13 W, 1980 MHz
2026/09/28 06:13:19.712, 4, 75845 MiB, 100 %, 523.94 W, 1980 MHz
2026/09/28 06:13:19.713, 5, 75845 MiB, 100 %, 533.24 W, 1980 MHz
2026/09/28 06:13:19.713, 6, 75845 MiB, 100 %, 554.58 W, 1980 MHz
2026/09/28 06:13:19.714, 7, 75845 MiB, 100 %, 530.16 W, 1980 MHz
2026/09/28 06:13:20.714, 0, 75845 MiB, 100 %, 526.77 W, 1830 MHz
2026/09/28 06:13:20.715, 1, 75845 MiB, 100 %, 562.84 W, 1980 MHz
2026/09/28 06:13:20.716, 2, 75845 MiB, 100 %, 529.71 W, 1980 MHz
2026/09/28 06:13:20.716, 3, 75845 MiB, 100 %, 532.39 W, 1980 MHz
2026/09/28 06:13:20.717, 4, 75845 MiB, 100 %, 520.51 W, 1980 MHz
2026/09/28 06:13:20.718, 5, 75845 MiB, 100 %, 529.93 W, 1980 MHz
2026/09/28 06:13:20.718, 6, 75845 MiB, 100 %, 550.15 W, 1980 MHz
2026/09/28 06:13:20.719, 7, 75845 MiB, 100 %, 529.86 W, 1980 MHz
2026/09/28 06:13:21.720, 0, 75845 MiB, 100 %, 534.75 W, 1725 MHz
2026/09/28 06:13:21.721, 1, 75845 MiB, 100 %, 564.57 W, 1980 MHz
2026/09/28 06:13:21.721, 2, 75845 MiB, 100 %, 531.23 W, 1980 MHz
2026/09/28 06:13:21.722, 3, 75845 MiB, 100 %, 532.30 W, 1980 MHz
2026/09/28 06:13:21.723, 4, 75845 MiB, 100 %, 528.84 W, 1980 MHz
2026/09/28 06:13:21.723, 5, 75845 MiB, 100 %, 534.50 W, 1980 MHz
2026/09/28 06:13:21.724, 6, 75845 MiB, 100 %, 557.73 W, 1980 MHz
2026/09/28 06:13:21.724, 7, 75845 MiB, 100 %, 523.74 W, 1980 MHz
2026/09/28 06:13:22.725, 0, 75845 MiB, 100 %, 541.41 W, 1785 MHz
2026/09/28 06:13:22.727, 1, 75845 MiB, 100 %, 562.20 W, 1980 MHz
2026/09/28 06:13:22.727, 2, 75845 MiB, 100 %, 544.02 W, 1980 MHz
2026/09/28 06:13:22.728, 3, 75845 MiB, 100 %, 531.50 W, 1980 MHz
2026/09/28 06:13:22.729, 4, 75845 MiB, 100 %, 529.58 W, 1980 MHz
2026/09/28 06:13:22.730, 5, 75845 MiB, 100 %, 536.41 W, 1980 MHz
2026/09/28 06:13:22.730, 6, 75845 MiB, 100 %, 561.37 W, 1980 MHz
2026/09/28 06:13:22.731, 7, 75845 MiB, 100 %, 525.70 W, 1980 MHz
2026/09/28 06:13:23.733, 0, 75845 MiB, 100 %, 535.92 W, 1845 MHz
2026/09/28 06:13:23.734, 1, 75845 MiB, 100 %, 568.16 W, 1980 MHz
2026/09/28 06:13:23.735, 2, 75845 MiB, 100 %, 533.32 W, 1980 MHz
2026/09/28 06:13:23.736, 3, 75845 MiB, 100 %, 529.43 W, 1980 MHz
2026/09/28 06:13:23.736, 4, 75845 MiB, 100 %, 525.75 W, 1980 MHz
2026/09/28 06:13:23.737, 5, 75845 MiB, 100 %, 539.59 W, 1980 MHz
2026/09/28 06:13:23.738, 6, 75845 MiB, 100 %, 555.08 W, 1980 MHz
2026/09/28 06:13:23.738, 7, 75845 MiB, 100 %, 530.08 W, 1980 MHz
2026/09/28 06:13:24.739, 0, 75845 MiB, 100 %, 541.64 W, 1890 MHz
2026/09/28 06:13:24.740, 1, 75845 MiB, 100 %, 566.98 W, 1980 MHz
2026/09/28 06:13:24.741, 2, 75845 MiB, 100 %, 537.67 W, 1980 MHz
2026/09/28 06:13:24.742, 3, 75845 MiB, 100 %, 535.83 W, 1980 MHz
2026/09/28 06:13:24.742, 4, 75845 MiB, 100 %, 521.65 W, 1980 MHz
2026/09/28 06:13:24.743, 5, 75845 MiB, 100 %, 532.44 W, 1980 MHz
2026/09/28 06:13:24.744, 6, 75845 MiB, 100 %, 560.73 W, 1980 MHz
2026/09/28 06:13:24.745, 7, 75845 MiB, 100 %, 535.28 W, 1980 MHz
2026/09/28 06:13:25.745, 0, 75845 MiB, 100 %, 546.70 W, 1740 MHz
2026/09/28 06:13:25.746, 1, 75845 MiB, 100 %, 560.52 W, 1980 MHz
2026/09/28 06:13:25.747, 2, 75845 MiB, 100 %, 542.56 W, 1980 MHz
2026/09/28 06:13:25.748, 3, 75845 MiB, 100 %, 536.60 W, 1980 MHz
2026/09/28 06:13:25.749, 4, 75845 MiB, 100 %, 530.82 W, 1980 MHz
2026/09/28 06:13:25.750, 5, 75845 MiB, 100 %, 541.65 W, 1980 MHz
2026/09/28 06:13:25.750, 6, 75845 MiB, 100 %, 557.31 W, 1980 MHz
2026/09/28 06:13:25.751, 7, 75845 MiB, 100 %, 532.76 W, 1980 MHz
2026/09/28 06:13:26.752, 0, 75845 MiB, 100 %, 544.13 W, 1455 MHz
2026/09/28 06:13:26.753, 1, 75845 MiB, 100 %, 563.99 W, 1980 MHz
2026/09/28 06:13:26.754, 2, 75845 MiB, 100 %, 538.97 W, 1980 MHz
2026/09/28 06:13:26.755, 3, 75845 MiB, 100 %, 540.65 W, 1980 MHz
2026/09/28 06:13:26.755, 4, 75845 MiB, 100 %, 527.22 W, 1980 MHz
2026/09/28 06:13:26.756, 5, 75845 MiB, 100 %, 537.67 W, 1980 MHz
2026/09/28 06:13:26.757, 6, 75845 MiB, 100 %, 557.95 W, 1980 MHz
2026/09/28 06:13:26.758, 7, 75845 MiB, 100 %, 529.89 W, 1980 MHz
2026/09/28 06:13:27.759, 0, 75845 MiB, 100 %, 455.42 W, 1440 MHz
2026/09/28 06:13:27.760, 1, 75845 MiB, 100 %, 551.61 W, 1980 MHz
2026/09/28 06:13:27.761, 2, 75845 MiB, 100 %, 514.92 W, 1980 MHz
2026/09/28 06:13:27.761, 3, 75845 MiB, 100 %, 523.76 W, 1980 MHz
2026/09/28 06:13:27.762, 4, 75845 MiB, 100 %, 515.24 W, 1980 MHz
2026/09/28 06:13:27.763, 5, 75845 MiB, 100 %, 515.69 W, 1980 MHz
2026/09/28 06:13:27.764, 6, 75845 MiB, 100 %, 533.38 W, 1980 MHz
2026/09/28 06:13:27.764, 7, 75845 MiB, 100 %, 523.36 W, 1980 MHz
2026/09/28 06:13:28.765, 0, 75845 MiB, 100 %, 480.70 W, 1650 MHz
2026/09/28 06:13:28.766, 1, 75845 MiB, 100 %, 551.10 W, 1980 MHz
2026/09/28 06:13:28.767, 2, 75845 MiB, 100 %, 524.45 W, 1980 MHz
2026/09/28 06:13:28.768, 3, 75845 MiB, 100 %, 514.33 W, 1980 MHz
2026/09/28 06:13:28.769, 4, 75845 MiB, 100 %, 516.11 W, 1980 MHz
2026/09/28 06:13:28.769, 5, 75845 MiB, 100 %, 528.04 W, 1980 MHz
2026/09/28 06:13:28.770, 6, 75845 MiB, 100 %, 552.34 W, 1980 MHz
2026/09/28 06:13:28.771, 7, 75845 MiB, 100 %, 514.22 W, 1980 MHz
2026/09/28 06:13:29.772, 0, 75845 MiB, 100 %, 495.44 W, 1740 MHz
2026/09/28 06:13:29.773, 1, 75845 MiB, 100 %, 560.82 W, 1980 MHz
2026/09/28 06:13:29.774, 2, 75845 MiB, 100 %, 538.79 W, 1980 MHz
2026/09/28 06:13:29.774, 3, 75845 MiB, 100 %, 528.22 W, 1980 MHz
2026/09/28 06:13:29.775, 4, 75845 MiB, 100 %, 524.09 W, 1980 MHz
2026/09/28 06:13:29.776, 5, 75845 MiB, 100 %, 535.95 W, 1980 MHz
2026/09/28 06:13:29.776, 6, 75845 MiB, 100 %, 551.05 W, 1980 MHz
2026/09/28 06:13:29.777, 7, 75845 MiB, 100 %, 514.84 W, 1980 MHz
2026/09/28 06:13:30.778, 0, 75845 MiB, 100 %, 517.62 W, 1665 MHz
2026/09/28 06:13:30.779, 1, 75845 MiB, 100 %, 558.70 W, 1980 MHz
2026/09/28 06:13:30.779, 2, 75845 MiB, 100 %, 532.30 W, 1980 MHz
2026/09/28 06:13:30.780, 3, 75845 MiB, 100 %, 521.18 W, 1980 MHz
2026/09/28 06:13:30.781, 4, 75845 MiB, 100 %, 518.31 W, 1980 MHz
2026/09/28 06:13:30.781, 5, 75845 MiB, 100 %, 535.27 W, 1980 MHz
2026/09/28 06:13:30.782, 6, 75845 MiB, 100 %, 550.01 W, 1980 MHz
2026/09/28 06:13:30.783, 7, 75845 MiB, 100 %, 526.77 W, 1980 MHz
2026/09/28 06:13:31.783, 0, 75845 MiB, 100 %, 530.71 W, 1785 MHz
2026/09/28 06:13:31.784, 1, 75845 MiB, 100 %, 552.19 W, 1980 MHz
2026/09/28 06:13:31.785, 2, 75845 MiB, 100 %, 537.58 W, 1980 MHz
2026/09/28 06:13:31.785, 3, 75845 MiB, 100 %, 528.33 W, 1980 MHz
2026/09/28 06:13:31.786, 4, 75845 MiB, 100 %, 524.24 W, 1980 MHz
2026/09/28 06:13:31.787, 5, 75845 MiB, 100 %, 534.61 W, 1980 MHz
2026/09/28 06:13:31.787, 6, 75845 MiB, 100 %, 554.61 W, 1980 MHz
2026/09/28 06:13:31.788, 7, 75845 MiB, 100 %, 527.64 W, 1980 MHz
2026/09/28 06:13:32.789, 0, 75845 MiB, 100 %, 530.73 W, 1800 MHz
2026/09/28 06:13:32.790, 1, 75845 MiB, 100 %, 567.15 W, 1980 MHz
2026/09/28 06:13:32.790, 2, 75845 MiB, 100 %, 544.59 W, 1980 MHz
2026/09/28 06:13:32.791, 3, 75845 MiB, 100 %, 532.49 W, 1980 MHz
2026/09/28 06:13:32.792, 4, 75845 MiB, 100 %, 523.44 W, 1980 MHz
2026/09/28 06:13:32.792, 5, 75845 MiB, 100 %, 539.68 W, 1980 MHz
2026/09/28 06:13:32.793, 6, 75845 MiB, 100 %, 559.07 W, 1980 MHz
2026/09/28 06:13:32.794, 7, 75845 MiB, 100 %, 528.69 W, 1980 MHz
2026/09/28 06:13:33.794, 0, 75845 MiB, 100 %, 538.87 W, 1860 MHz
2026/09/28 06:13:33.795, 1, 75845 MiB, 100 %, 571.12 W, 1980 MHz
2026/09/28 06:13:33.796, 2, 75845 MiB, 100 %, 529.74 W, 1980 MHz
2026/09/28 06:13:33.797, 3, 75845 MiB, 100 %, 528.30 W, 1980 MHz
2026/09/28 06:13:33.797, 4, 75845 MiB, 100 %, 530.97 W, 1980 MHz
2026/09/28 06:13:33.798, 5, 75845 MiB, 100 %, 540.21 W, 1980 MHz
2026/09/28 06:13:33.799, 6, 75845 MiB, 100 %, 561.00 W, 1980 MHz
2026/09/28 06:13:33.799, 7, 75845 MiB, 100 %, 525.57 W, 1980 MHz
2026/09/28 06:13:34.800, 0, 75845 MiB, 100 %, 545.37 W, 1740 MHz
2026/09/28 06:13:34.801, 1, 75845 MiB, 100 %, 567.06 W, 1980 MHz
2026/09/28 06:13:34.802, 2, 75845 MiB, 100 %, 536.15 W, 1980 MHz
2026/09/28 06:13:34.803, 3, 75845 MiB, 100 %, 536.50 W, 1980 MHz
2026/09/28 06:13:34.803, 4, 75845 MiB, 100 %, 531.68 W, 1980 MHz
2026/09/28 06:13:34.804, 5, 75845 MiB, 100 %, 533.68 W, 1980 MHz
2026/09/28 06:13:34.805, 6, 75845 MiB, 100 %, 560.89 W, 1980 MHz
2026/09/28 06:13:34.805, 7, 75845 MiB, 100 %, 524.55 W, 1980 MHz
2026/09/28 06:13:35.806, 0, 75845 MiB, 100 %, 556.49 W, 1740 MHz
2026/09/28 06:13:35.807, 1, 75845 MiB, 100 %, 568.95 W, 1980 MHz
2026/09/28 06:13:35.807, 2, 75845 MiB, 100 %, 545.12 W, 1980 MHz
2026/09/28 06:13:35.808, 3, 75845 MiB, 100 %, 545.76 W, 1980 MHz
2026/09/28 06:13:35.809, 4, 75845 MiB, 100 %, 538.09 W, 1980 MHz
2026/09/28 06:13:35.810, 5, 75845 MiB, 100 %, 545.69 W, 1980 MHz
2026/09/28 06:13:35.810, 6, 75845 MiB, 100 %, 573.77 W, 1980 MHz
2026/09/28 06:13:35.811, 7, 75845 MiB, 100 %, 534.63 W, 1980 MHz
2026/09/28 06:13:36.812, 0, 75845 MiB, 100 %, 526.70 W, 1815 MHz
2026/09/28 06:13:36.813, 1, 75845 MiB, 100 %, 566.00 W, 1980 MHz
2026/09/28 06:13:36.814, 2, 75845 MiB, 100 %, 536.37 W, 1980 MHz
2026/09/28 06:13:36.815, 3, 75845 MiB, 100 %, 527.44 W, 1980 MHz
2026/09/28 06:13:36.815, 4, 75845 MiB, 100 %, 527.55 W, 1980 MHz
2026/09/28 06:13:36.816, 5, 75845 MiB, 100 %, 527.83 W, 1980 MHz
2026/09/28 06:13:36.817, 6, 75845 MiB, 100 %, 555.25 W, 1980 MHz
2026/09/28 06:13:36.817, 7, 75845 MiB, 100 %, 524.40 W, 1980 MHz
2026/09/28 06:13:37.818, 0, 75845 MiB, 100 %, 527.74 W, 1800 MHz
2026/09/28 06:13:37.819, 1, 75845 MiB, 100 %, 559.04 W, 1980 MHz
2026/09/28 06:13:37.820, 2, 75845 MiB, 100 %, 525.32 W, 1980 MHz
2026/09/28 06:13:37.821, 3, 75845 MiB, 100 %, 529.60 W, 1980 MHz
2026/09/28 06:13:37.821, 4, 75845 MiB, 100 %, 532.01 W, 1980 MHz
2026/09/28 06:13:37.822, 5, 75845 MiB, 100 %, 531.84 W, 1980 MHz
2026/09/28 06:13:37.823, 6, 75845 MiB, 100 %, 559.09 W, 1980 MHz
2026/09/28 06:13:37.824, 7, 75845 MiB, 100 %, 524.29 W, 1980 MHz
2026/09/28 06:13:38.824, 0, 75845 MiB, 100 %, 534.72 W, 1770 MHz
2026/09/28 06:13:38.825, 1, 75845 MiB, 100 %, 562.68 W, 1980 MHz
2026/09/28 06:13:38.826, 2, 75845 MiB, 100 %, 531.98 W, 1980 MHz
2026/09/28 06:13:38.826, 3, 75845 MiB, 100 %, 534.76 W, 1980 MHz
2026/09/28 06:13:38.827, 4, 75845 MiB, 100 %, 532.34 W, 1980 MHz
2026/09/28 06:13:38.828, 5, 75845 MiB, 100 %, 531.86 W, 1980 MHz
2026/09/28 06:13:38.828, 6, 75845 MiB, 100 %, 558.05 W, 1980 MHz
2026/09/28 06:13:38.829, 7, 75845 MiB, 100 %, 527.31 W, 1980 MHz
2026/09/28 06:13:39.829, 0, 75845 MiB, 100 %, 528.63 W, 1800 MHz
2026/09/28 06:13:39.830, 1, 75845 MiB, 100 %, 569.42 W, 1980 MHz
2026/09/28 06:13:39.831, 2, 75845 MiB, 100 %, 521.32 W, 1980 MHz
2026/09/28 06:13:39.832, 3, 75845 MiB, 100 %, 533.31 W, 1980 MHz
2026/09/28 06:13:39.832, 4, 75845 MiB, 100 %, 523.08 W, 1980 MHz
2026/09/28 06:13:39.833, 5, 75845 MiB, 100 %, 531.10 W, 1980 MHz
2026/09/28 06:13:39.833, 6, 75845 MiB, 100 %, 565.37 W, 1980 MHz
2026/09/28 06:13:39.834, 7, 75845 MiB, 100 %, 530.85 W, 1980 MHz
2026/09/28 06:13:40.835, 0, 75845 MiB, 100 %, 537.32 W, 1800 MHz
2026/09/28 06:13:40.836, 1, 75845 MiB, 100 %, 570.59 W, 1980 MHz
2026/09/28 06:13:40.836, 2, 75845 MiB, 100 %, 529.78 W, 1980 MHz
2026/09/28 06:13:40.837, 3, 75845 MiB, 100 %, 526.70 W, 1980 MHz
2026/09/28 06:13:40.837, 4, 75845 MiB, 100 %, 531.32 W, 1980 MHz
2026/09/28 06:13:40.838, 5, 75845 MiB, 100 %, 534.63 W, 1980 MHz
2026/09/28 06:13:40.839, 6, 75845 MiB, 100 %, 567.88 W, 1980 MHz
2026/09/28 06:13:40.839, 7, 75845 MiB, 100 %, 526.12 W, 1980 MHz
2026/09/28 06:13:41.840, 0, 75845 MiB, 100 %, 537.42 W, 1830 MHz
2026/09/28 06:13:41.841, 1, 75845 MiB, 100 %, 563.41 W, 1980 MHz
2026/09/28 06:13:41.842, 2, 75845 MiB, 100 %, 529.22 W, 1980 MHz
2026/09/28 06:13:41.843, 3, 75845 MiB, 100 %, 534.57 W, 1980 MHz
2026/09/28 06:13:41.844, 4, 75845 MiB, 100 %, 525.29 W, 1980 MHz
2026/09/28 06:13:41.844, 5, 75845 MiB, 100 %, 534.13 W, 1980 MHz
2026/09/28 06:13:41.845, 6, 75845 MiB, 100 %, 542.91 W, 1980 MHz
2026/09/28 06:13:41.846, 7, 75845 MiB, 100 %, 520.99 W, 1980 MHz
2026/09/28 06:13:42.847, 0, 75845 MiB, 100 %, 539.95 W, 1800 MHz
2026/09/28 06:13:42.849, 1, 75845 MiB, 100 %, 566.83 W, 1980 MHz
2026/09/28 06:13:42.850, 2, 75845 MiB, 100 %, 527.55 W, 1980 MHz
2026/09/28 06:13:42.850, 3, 75845 MiB, 100 %, 537.05 W, 1980 MHz
2026/09/28 06:13:42.851, 4, 75845 MiB, 100 %, 522.08 W, 1980 MHz
2026/09/28 06:13:42.852, 5, 75845 MiB, 100 %, 537.92 W, 1980 MHz
2026/09/28 06:13:42.853, 6, 75845 MiB, 100 %, 559.40 W, 1980 MHz
2026/09/28 06:13:42.853, 7, 75845 MiB, 100 %, 526.70 W, 1980 MHz
2026/09/28 06:13:43.855, 0, 75845 MiB, 100 %, 542.70 W, 1755 MHz
2026/09/28 06:13:43.856, 1, 75845 MiB, 100 %, 571.35 W, 1980 MHz
2026/09/28 06:13:43.857, 2, 75845 MiB, 100 %, 530.87 W, 1980 MHz
2026/09/28 06:13:43.859, 3, 75845 MiB, 100 %, 528.31 W, 1980 MHz
2026/09/28 06:13:43.860, 4, 75845 MiB, 100 %, 525.59 W, 1980 MHz
2026/09/28 06:13:43.861, 5, 75845 MiB, 100 %, 533.47 W, 1980 MHz
2026/09/28 06:13:43.863, 6, 75845 MiB, 100 %, 549.35 W, 1980 MHz
2026/09/28 06:13:43.865, 7, 75845 MiB, 100 %, 521.97 W, 1980 MHz
2026/09/28 06:13:44.866, 0, 75845 MiB, 100 %, 546.23 W, 1785 MHz
2026/09/28 06:13:44.868, 1, 75845 MiB, 100 %, 569.30 W, 1980 MHz
2026/09/28 06:13:44.868, 2, 75845 MiB, 100 %, 533.45 W, 1980 MHz
2026/09/28 06:13:44.869, 3, 75845 MiB, 100 %, 538.18 W, 1980 MHz
2026/09/28 06:13:44.870, 4, 75845 MiB, 100 %, 521.47 W, 1980 MHz
2026/09/28 06:13:44.871, 5, 75845 MiB, 100 %, 538.57 W, 1980 MHz
2026/09/28 06:13:44.872, 6, 75845 MiB, 100 %, 558.73 W, 1980 MHz
2026/09/28 06:13:44.872, 7, 75845 MiB, 100 %, 524.03 W, 1980 MHz
2026/09/28 06:13:45.873, 0, 75845 MiB, 100 %, 536.05 W, 1740 MHz
2026/09/28 06:13:45.874, 1, 75845 MiB, 100 %, 559.17 W, 1980 MHz
2026/09/28 06:13:45.875, 2, 75845 MiB, 100 %, 538.67 W, 1980 MHz
2026/09/28 06:13:45.876, 3, 75845 MiB, 100 %, 535.96 W, 1980 MHz
2026/09/28 06:13:45.877, 4, 75845 MiB, 100 %, 531.88 W, 1980 MHz
2026/09/28 06:13:45.877, 5, 75845 MiB, 100 %, 537.99 W, 1980 MHz
2026/09/28 06:13:45.878, 6, 75845 MiB, 100 %, 561.92 W, 1980 MHz
2026/09/28 06:13:45.879, 7, 75845 MiB, 100 %, 529.44 W, 1980 MHz
2026/09/28 06:13:46.880, 0, 75845 MiB, 100 %, 531.93 W, 1770 MHz
2026/09/28 06:13:46.881, 1, 75845 MiB, 100 %, 558.25 W, 1980 MHz
2026/09/28 06:13:46.882, 2, 75845 MiB, 100 %, 534.07 W, 1980 MHz
2026/09/28 06:13:46.882, 3, 75845 MiB, 100 %, 527.36 W, 1980 MHz
2026/09/28 06:13:46.883, 4, 75845 MiB, 100 %, 521.40 W, 1980 MHz
2026/09/28 06:13:46.884, 5, 75845 MiB, 100 %, 527.71 W, 1980 MHz
2026/09/28 06:13:46.884, 6, 75845 MiB, 100 %, 544.62 W, 1980 MHz
2026/09/28 06:13:46.885, 7, 75845 MiB, 100 %, 532.16 W, 1980 MHz
2026/09/28 06:13:47.886, 0, 75845 MiB, 100 %, 544.16 W, 1875 MHz
2026/09/28 06:13:47.887, 1, 75845 MiB, 100 %, 560.21 W, 1980 MHz
2026/09/28 06:13:47.887, 2, 75845 MiB, 100 %, 530.79 W, 1980 MHz
2026/09/28 06:13:47.888, 3, 75845 MiB, 100 %, 534.15 W, 1980 MHz
2026/09/28 06:13:47.889, 4, 75845 MiB, 100 %, 525.86 W, 1980 MHz
2026/09/28 06:13:47.889, 5, 75845 MiB, 100 %, 534.69 W, 1980 MHz
2026/09/28 06:13:47.890, 6, 75845 MiB, 100 %, 553.41 W, 1980 MHz
2026/09/28 06:13:47.891, 7, 75845 MiB, 100 %, 534.07 W, 1980 MHz
2026/09/28 06:13:48.891, 0, 75845 MiB, 100 %, 534.85 W, 1740 MHz
2026/09/28 06:13:48.892, 1, 75845 MiB, 100 %, 562.97 W, 1980 MHz
2026/09/28 06:13:48.893, 2, 75845 MiB, 100 %, 537.53 W, 1980 MHz
2026/09/28 06:13:48.893, 3, 75845 MiB, 100 %, 537.24 W, 1980 MHz
2026/09/28 06:13:48.894, 4, 75845 MiB, 100 %, 517.98 W, 1980 MHz
2026/09/28 06:13:48.895, 5, 75845 MiB, 100 %, 538.92 W, 1980 MHz
2026/09/28 06:13:48.895, 6, 75845 MiB, 100 %, 553.00 W, 1980 MHz
2026/09/28 06:13:48.896, 7, 75845 MiB, 100 %, 532.85 W, 1980 MHz
2026/09/28 06:13:49.897, 0, 75845 MiB, 100 %, 554.57 W, 1860 MHz
2026/09/28 06:13:49.898, 1, 75845 MiB, 100 %, 561.35 W, 1980 MHz
2026/09/28 06:13:49.899, 2, 75845 MiB, 100 %, 533.19 W, 1980 MHz
2026/09/28 06:13:49.899, 3, 75845 MiB, 100 %, 536.28 W, 1980 MHz
2026/09/28 06:13:49.900, 4, 75845 MiB, 100 %, 525.99 W, 1980 MHz
2026/09/28 06:13:49.901, 5, 75845 MiB, 100 %, 538.12 W, 1980 MHz
2026/09/28 06:13:49.902, 6, 75845 MiB, 100 %, 551.27 W, 1980 MHz
2026/09/28 06:13:49.902, 7, 75845 MiB, 100 %, 533.94 W, 1980 MHz
2026/09/28 06:13:50.903, 0, 75845 MiB, 100 %, 540.70 W, 1785 MHz
2026/09/28 06:13:50.904, 1, 75845 MiB, 100 %, 573.56 W, 1980 MHz
2026/09/28 06:13:50.905, 2, 75845 MiB, 100 %, 533.88 W, 1980 MHz
2026/09/28 06:13:50.906, 3, 75845 MiB, 100 %, 530.58 W, 1980 MHz
2026/09/28 06:13:50.907, 4, 75845 MiB, 100 %, 518.84 W, 1980 MHz
2026/09/28 06:13:50.907, 5, 75845 MiB, 100 %, 525.29 W, 1980 MHz
2026/09/28 06:13:50.908, 6, 75845 MiB, 100 %, 563.17 W, 1980 MHz
2026/09/28 06:13:50.909, 7, 75845 MiB, 100 %, 526.14 W, 1980 MHz
2026/09/28 06:13:51.909, 0, 75845 MiB, 100 %, 517.50 W, 1845 MHz
2026/09/28 06:13:51.910, 1, 75845 MiB, 100 %, 559.99 W, 1980 MHz
2026/09/28 06:13:51.911, 2, 75845 MiB, 100 %, 527.88 W, 1980 MHz
2026/09/28 06:13:51.912, 3, 75845 MiB, 100 %, 517.54 W, 1980 MHz
2026/09/28 06:13:51.913, 4, 75845 MiB, 100 %, 516.62 W, 1980 MHz
2026/09/28 06:13:51.913, 5, 75845 MiB, 100 %, 528.05 W, 1980 MHz
2026/09/28 06:13:51.914, 6, 75845 MiB, 100 %, 553.64 W, 1980 MHz
2026/09/28 06:13:51.915, 7, 75845 MiB, 100 %, 522.89 W, 1980 MHz
2026/09/28 06:13:52.916, 0, 75845 MiB, 100 %, 527.86 W, 1695 MHz
2026/09/28 06:13:52.917, 1, 75845 MiB, 100 %, 564.52 W, 1980 MHz
2026/09/28 06:13:52.918, 2, 75845 MiB, 100 %, 533.53 W, 1980 MHz
2026/09/28 06:13:52.918, 3, 75845 MiB, 100 %, 535.98 W, 1980 MHz
2026/09/28 06:13:52.919, 4, 75845 MiB, 100 %, 521.66 W, 1980 MHz
2026/09/28 06:13:52.920, 5, 75845 MiB, 100 %, 534.26 W, 1980 MHz
2026/09/28 06:13:52.921, 6, 75845 MiB, 100 %, 561.02 W, 1980 MHz
2026/09/28 06:13:52.921, 7, 75845 MiB, 100 %, 523.74 W, 1980 MHz
2026/09/28 06:13:53.922, 0, 75845 MiB, 100 %, 532.96 W, 1830 MHz
2026/09/28 06:13:53.923, 1, 75845 MiB, 100 %, 566.53 W, 1980 MHz
2026/09/28 06:13:53.924, 2, 75845 MiB, 100 %, 536.84 W, 1980 MHz
2026/09/28 06:13:53.925, 3, 75845 MiB, 100 %, 529.28 W, 1980 MHz
2026/09/28 06:13:53.926, 4, 75845 MiB, 100 %, 518.34 W, 1980 MHz
2026/09/28 06:13:53.927, 5, 75845 MiB, 100 %, 536.37 W, 1980 MHz
2026/09/28 06:13:53.927, 6, 75845 MiB, 100 %, 553.56 W, 1980 MHz
2026/09/28 06:13:53.928, 7, 75845 MiB, 100 %, 527.46 W, 1980 MHz
2026/09/28 06:13:54.929, 0, 75845 MiB, 100 %, 543.09 W, 1845 MHz
2026/09/28 06:13:54.930, 1, 75845 MiB, 100 %, 573.51 W, 1980 MHz
2026/09/28 06:13:54.931, 2, 75845 MiB, 100 %, 532.78 W, 1980 MHz
2026/09/28 06:13:54.931, 3, 75845 MiB, 100 %, 528.01 W, 1980 MHz
2026/09/28 06:13:54.932, 4, 75845 MiB, 100 %, 531.64 W, 1980 MHz
2026/09/28 06:13:54.933, 5, 75845 MiB, 100 %, 538.71 W, 1980 MHz
2026/09/28 06:13:54.933, 6, 75845 MiB, 100 %, 556.34 W, 1980 MHz
2026/09/28 06:13:54.934, 7, 75845 MiB, 100 %, 525.93 W, 1980 MHz
2026/09/28 06:13:55.935, 0, 75845 MiB, 100 %, 543.47 W, 1845 MHz
2026/09/28 06:13:55.936, 1, 75845 MiB, 100 %, 557.34 W, 1980 MHz
2026/09/28 06:13:55.937, 2, 75845 MiB, 100 %, 533.54 W, 1980 MHz
2026/09/28 06:13:55.937, 3, 75845 MiB, 100 %, 532.29 W, 1980 MHz
2026/09/28 06:13:55.938, 4, 75845 MiB, 100 %, 532.71 W, 1980 MHz
2026/09/28 06:13:55.939, 5, 75845 MiB, 100 %, 530.30 W, 1980 MHz
2026/09/28 06:13:55.940, 6, 75845 MiB, 100 %, 558.10 W, 1980 MHz
2026/09/28 06:13:55.940, 7, 75845 MiB, 100 %, 523.79 W, 1980 MHz
2026/09/28 06:13:56.941, 0, 75845 MiB, 100 %, 536.44 W, 1800 MHz
2026/09/28 06:13:56.943, 1, 75845 MiB, 100 %, 560.27 W, 1980 MHz
2026/09/28 06:13:56.944, 2, 75845 MiB, 100 %, 537.61 W, 1980 MHz
2026/09/28 06:13:56.944, 3, 75845 MiB, 100 %, 531.16 W, 1980 MHz
2026/09/28 06:13:56.945, 4, 75845 MiB, 100 %, 523.77 W, 1980 MHz
2026/09/28 06:13:56.946, 5, 75845 MiB, 100 %, 531.27 W, 1980 MHz
2026/09/28 06:13:56.946, 6, 75845 MiB, 100 %, 556.69 W, 1980 MHz
2026/09/28 06:13:56.947, 7, 75845 MiB, 100 %, 534.32 W, 1980 MHz
2026/09/28 06:13:57.948, 0, 75845 MiB, 100 %, 539.12 W, 1815 MHz
2026/09/28 06:13:57.949, 1, 75845 MiB, 100 %, 570.57 W, 1980 MHz
2026/09/28 06:13:57.950, 2, 75845 MiB, 100 %, 531.37 W, 1980 MHz
2026/09/28 06:13:57.950, 3, 75845 MiB, 100 %, 521.99 W, 1980 MHz
2026/09/28 06:13:57.951, 4, 75845 MiB, 100 %, 525.14 W, 1980 MHz
2026/09/28 06:13:57.952, 5, 75845 MiB, 100 %, 532.95 W, 1980 MHz
2026/09/28 06:13:57.952, 6, 75845 MiB, 100 %, 556.03 W, 1980 MHz
2026/09/28 06:13:57.953, 7, 75845 MiB, 100 %, 519.45 W, 1980 MHz
2026/09/28 06:13:58.954, 0, 75845 MiB, 100 %, 524.30 W, 1800 MHz
2026/09/28 06:13:58.955, 1, 75845 MiB, 100 %, 566.32 W, 1980 MHz
2026/09/28 06:13:58.956, 2, 75845 MiB, 100 %, 529.96 W, 1980 MHz
2026/09/28 06:13:58.956, 3, 75845 MiB, 100 %, 534.04 W, 1980 MHz
2026/09/28 06:13:58.957, 4, 75845 MiB, 100 %, 526.25 W, 1980 MHz
2026/09/28 06:13:58.957, 5, 75845 MiB, 100 %, 534.86 W, 1980 MHz
2026/09/28 06:13:58.958, 6, 75845 MiB, 100 %, 560.40 W, 1980 MHz
2026/09/28 06:13:58.959, 7, 75845 MiB, 100 %, 525.96 W, 1980 MHz
2026/09/28 06:13:59.959, 0, 75845 MiB, 100 %, 529.55 W, 1785 MHz
2026/09/28 06:13:59.960, 1, 75845 MiB, 100 %, 573.16 W, 1980 MHz
2026/09/28 06:13:59.961, 2, 75845 MiB, 100 %, 530.30 W, 1980 MHz
2026/09/28 06:13:59.962, 3, 75845 MiB, 100 %, 533.65 W, 1980 MHz
2026/09/28 06:13:59.963, 4, 75845 MiB, 100 %, 520.00 W, 1980 MHz
2026/09/28 06:13:59.963, 5, 75845 MiB, 100 %, 530.52 W, 1980 MHz
2026/09/28 06:13:59.964, 6, 75845 MiB, 100 %, 551.80 W, 1980 MHz
2026/09/28 06:13:59.964, 7, 75845 MiB, 100 %, 526.54 W, 1980 MHz
2026/09/28 06:14:00.965, 0, 75845 MiB, 100 %, 534.07 W, 1755 MHz
2026/09/28 06:14:00.966, 1, 75845 MiB, 100 %, 573.58 W, 1980 MHz
2026/09/28 06:14:00.967, 2, 75845 MiB, 100 %, 529.52 W, 1980 MHz
2026/09/28 06:14:00.967, 3, 75845 MiB, 100 %, 536.40 W, 1980 MHz
2026/09/28 06:14:00.968, 4, 75845 MiB, 100 %, 525.22 W, 1980 MHz
2026/09/28 06:14:00.969, 5, 75845 MiB, 100 %, 532.83 W, 1980 MHz
2026/09/28 06:14:00.969, 6, 75845 MiB, 100 %, 560.13 W, 1980 MHz
2026/09/28 06:14:00.970, 7, 75845 MiB, 100 %, 524.66 W, 1980 MHz
2026/09/28 06:14:01.970, 0, 75845 MiB, 100 %, 531.46 W, 1845 MHz
2026/09/28 06:14:01.972, 1, 75845 MiB, 100 %, 569.26 W, 1980 MHz
2026/09/28 06:14:01.972, 2, 75845 MiB, 100 %, 536.29 W, 1980 MHz
2026/09/28 06:14:01.973, 3, 75845 MiB, 100 %, 533.27 W, 1980 MHz
2026/09/28 06:14:01.974, 4, 75845 MiB, 100 %, 521.07 W, 1980 MHz
2026/09/28 06:14:01.975, 5, 75845 MiB, 100 %, 535.76 W, 1980 MHz
2026/09/28 06:14:01.975, 6, 75845 MiB, 100 %, 553.53 W, 1980 MHz
2026/09/28 06:14:01.976, 7, 75845 MiB, 100 %, 521.63 W, 1980 MHz
2026/09/28 06:14:02.977, 0, 75845 MiB, 100 %, 534.57 W, 1770 MHz
2026/09/28 06:14:02.978, 1, 75845 MiB, 100 %, 568.30 W, 1980 MHz
2026/09/28 06:14:02.979, 2, 75845 MiB, 100 %, 529.17 W, 1980 MHz
2026/09/28 06:14:02.979, 3, 75845 MiB, 100 %, 533.68 W, 1980 MHz
2026/09/28 06:14:02.980, 4, 75845 MiB, 100 %, 518.87 W, 1980 MHz
2026/09/28 06:14:02.981, 5, 75845 MiB, 100 %, 529.19 W, 1980 MHz
2026/09/28 06:14:02.981, 6, 75845 MiB, 100 %, 552.57 W, 1980 MHz
2026/09/28 06:14:02.982, 7, 75845 MiB, 100 %, 529.91 W, 1980 MHz
2026/09/28 06:14:03.983, 0, 75845 MiB, 100 %, 538.78 W, 1830 MHz
2026/09/28 06:14:03.984, 1, 75845 MiB, 100 %, 566.92 W, 1980 MHz
2026/09/28 06:14:03.984, 2, 75845 MiB, 100 %, 539.64 W, 1980 MHz
2026/09/28 06:14:03.985, 3, 75845 MiB, 100 %, 538.34 W, 1980 MHz
2026/09/28 06:14:03.986, 4, 75845 MiB, 100 %, 530.77 W, 1980 MHz
2026/09/28 06:14:03.986, 5, 75845 MiB, 100 %, 532.88 W, 1980 MHz
2026/09/28 06:14:03.987, 6, 75845 MiB, 100 %, 557.41 W, 1980 MHz
2026/09/28 06:14:03.988, 7, 75845 MiB, 100 %, 522.70 W, 1980 MHz
2026/09/28 06:14:04.988, 0, 75845 MiB, 100 %, 534.83 W, 1740 MHz
2026/09/28 06:14:04.989, 1, 75845 MiB, 100 %, 559.37 W, 1980 MHz
2026/09/28 06:14:04.990, 2, 75845 MiB, 100 %, 536.10 W, 1980 MHz
2026/09/28 06:14:04.991, 3, 75845 MiB, 100 %, 526.15 W, 1980 MHz
2026/09/28 06:14:04.991, 4, 75845 MiB, 100 %, 518.91 W, 1980 MHz
2026/09/28 06:14:04.992, 5, 75845 MiB, 100 %, 534.54 W, 1980 MHz
2026/09/28 06:14:04.993, 6, 75845 MiB, 100 %, 551.58 W, 1980 MHz
2026/09/28 06:14:04.993, 7, 75845 MiB, 100 %, 526.92 W, 1980 MHz
2026/09/28 06:14:05.994, 0, 75845 MiB, 100 %, 540.30 W, 1890 MHz
2026/09/28 06:14:05.995, 1, 75845 MiB, 100 %, 566.87 W, 1980 MHz
2026/09/28 06:14:05.996, 2, 75845 MiB, 100 %, 532.72 W, 1980 MHz
2026/09/28 06:14:05.997, 3, 75845 MiB, 100 %, 537.53 W, 1980 MHz
2026/09/28 06:14:05.997, 4, 75845 MiB, 100 %, 520.75 W, 1980 MHz
2026/09/28 06:14:05.998, 5, 75845 MiB, 100 %, 533.01 W, 1980 MHz
2026/09/28 06:14:05.998, 6, 75845 MiB, 100 %, 551.09 W, 1980 MHz
2026/09/28 06:14:05.999, 7, 75845 MiB, 100 %, 533.26 W, 1980 MHz
2026/09/28 06:14:07.000, 0, 75845 MiB, 100 %, 543.13 W, 1725 MHz
2026/09/28 06:14:07.001, 1, 75845 MiB, 100 %, 570.76 W, 1980 MHz
2026/09/28 06:14:07.001, 2, 75845 MiB, 100 %, 534.78 W, 1980 MHz
2026/09/28 06:14:07.002, 3, 75845 MiB, 100 %, 527.86 W, 1980 MHz
2026/09/28 06:14:07.003, 4, 75845 MiB, 100 %, 530.78 W, 1980 MHz
2026/09/28 06:14:07.003, 5, 75845 MiB, 100 %, 530.54 W, 1980 MHz
2026/09/28 06:14:07.004, 6, 75845 MiB, 100 %, 559.76 W, 1980 MHz
2026/09/28 06:14:07.005, 7, 75845 MiB, 100 %, 529.77 W, 1980 MHz
2026/09/28 06:14:08.006, 0, 75845 MiB, 100 %, 535.85 W, 1845 MHz
2026/09/28 06:14:08.007, 1, 75845 MiB, 100 %, 557.33 W, 1980 MHz
2026/09/28 06:14:08.008, 2, 75845 MiB, 100 %, 527.33 W, 1980 MHz
2026/09/28 06:14:08.008, 3, 75845 MiB, 100 %, 535.12 W, 1980 MHz
2026/09/28 06:14:08.009, 4, 75845 MiB, 100 %, 525.51 W, 1980 MHz
2026/09/28 06:14:08.010, 5, 75845 MiB, 100 %, 532.81 W, 1980 MHz
2026/09/28 06:14:08.011, 6, 75845 MiB, 100 %, 554.73 W, 1980 MHz
2026/09/28 06:14:08.011, 7, 75845 MiB, 100 %, 530.87 W, 1980 MHz
2026/09/28 06:14:09.012, 0, 75845 MiB, 100 %, 544.09 W, 1710 MHz
2026/09/28 06:14:09.013, 1, 75845 MiB, 100 %, 564.62 W, 1980 MHz
2026/09/28 06:14:09.014, 2, 75845 MiB, 100 %, 539.35 W, 1980 MHz
2026/09/28 06:14:09.015, 3, 75845 MiB, 100 %, 533.76 W, 1980 MHz
2026/09/28 06:14:09.016, 4, 75845 MiB, 100 %, 524.41 W, 1980 MHz
2026/09/28 06:14:09.016, 5, 75845 MiB, 100 %, 535.82 W, 1980 MHz
2026/09/28 06:14:09.017, 6, 75845 MiB, 100 %, 561.64 W, 1980 MHz
2026/09/28 06:14:09.018, 7, 75845 MiB, 100 %, 525.69 W, 1980 MHz
2026/09/28 06:14:10.019, 0, 75845 MiB, 100 %, 542.09 W, 1920 MHz
2026/09/28 06:14:10.020, 1, 75845 MiB, 100 %, 560.96 W, 1980 MHz
2026/09/28 06:14:10.020, 2, 75845 MiB, 100 %, 533.57 W, 1980 MHz
2026/09/28 06:14:10.021, 3, 75845 MiB, 100 %, 532.33 W, 1980 MHz
2026/09/28 06:14:10.022, 4, 75845 MiB, 100 %, 533.74 W, 1980 MHz
2026/09/28 06:14:10.022, 5, 75845 MiB, 100 %, 526.03 W, 1980 MHz
2026/09/28 06:14:10.023, 6, 75845 MiB, 100 %, 561.10 W, 1980 MHz
2026/09/28 06:14:10.023, 7, 75845 MiB, 100 %, 530.95 W, 1980 MHz
2026/09/28 06:14:11.024, 0, 75845 MiB, 100 %, 558.21 W, 1755 MHz
2026/09/28 06:14:11.025, 1, 75845 MiB, 100 %, 569.69 W, 1980 MHz
2026/09/28 06:14:11.026, 2, 75845 MiB, 100 %, 537.74 W, 1980 MHz
2026/09/28 06:14:11.026, 3, 75845 MiB, 100 %, 543.18 W, 1980 MHz
2026/09/28 06:14:11.027, 4, 75845 MiB, 100 %, 527.30 W, 1980 MHz
2026/09/28 06:14:11.028, 5, 75845 MiB, 100 %, 535.69 W, 1980 MHz
2026/09/28 06:14:11.028, 6, 75845 MiB, 100 %, 561.53 W, 1980 MHz
2026/09/28 06:14:11.029, 7, 75845 MiB, 100 %, 530.07 W, 1980 MHz
2026/09/28 06:14:12.030, 0, 75845 MiB, 100 %, 529.69 W, 1785 MHz
2026/09/28 06:14:12.031, 1, 75845 MiB, 100 %, 562.16 W, 1980 MHz
2026/09/28 06:14:12.031, 2, 75845 MiB, 100 %, 529.51 W, 1980 MHz
2026/09/28 06:14:12.032, 3, 75845 MiB, 100 %, 530.12 W, 1980 MHz
2026/09/28 06:14:12.033, 4, 75845 MiB, 100 %, 520.62 W, 1980 MHz
2026/09/28 06:14:12.033, 5, 75845 MiB, 100 %, 533.67 W, 1980 MHz
2026/09/28 06:14:12.034, 6, 75845 MiB, 100 %, 545.82 W, 1980 MHz
2026/09/28 06:14:12.034, 7, 75845 MiB, 100 %, 525.45 W, 1980 MHz
2026/09/28 06:14:13.035, 0, 75845 MiB, 100 %, 538.01 W, 1830 MHz
2026/09/28 06:14:13.036, 1, 75845 MiB, 100 %, 572.31 W, 1980 MHz
2026/09/28 06:14:13.037, 2, 75845 MiB, 100 %, 532.39 W, 1980 MHz
2026/09/28 06:14:13.038, 3, 75845 MiB, 100 %, 527.55 W, 1980 MHz
2026/09/28 06:14:13.038, 4, 75845 MiB, 100 %, 517.89 W, 1980 MHz
2026/09/28 06:14:13.039, 5, 75845 MiB, 100 %, 534.87 W, 1980 MHz
2026/09/28 06:14:13.039, 6, 75845 MiB, 100 %, 551.01 W, 1980 MHz
2026/09/28 06:14:13.040, 7, 75845 MiB, 100 %, 527.32 W, 1980 MHz
2026/09/28 06:14:14.041, 0, 75845 MiB, 100 %, 535.80 W, 1740 MHz
2026/09/28 06:14:14.042, 1, 75845 MiB, 100 %, 564.14 W, 1980 MHz
2026/09/28 06:14:14.042, 2, 75845 MiB, 100 %, 529.03 W, 1980 MHz
2026/09/28 06:14:14.043, 3, 75845 MiB, 100 %, 529.24 W, 1980 MHz
2026/09/28 06:14:14.044, 4, 75845 MiB, 100 %, 537.24 W, 1980 MHz
2026/09/28 06:14:14.045, 5, 75845 MiB, 100 %, 534.48 W, 1980 MHz
2026/09/28 06:14:14.045, 6, 75845 MiB, 100 %, 561.04 W, 1980 MHz
2026/09/28 06:14:14.046, 7, 75845 MiB, 100 %, 524.90 W, 1980 MHz
2026/09/28 06:14:15.047, 0, 75845 MiB, 100 %, 550.44 W, 1770 MHz
2026/09/28 06:14:15.047, 1, 75845 MiB, 100 %, 561.40 W, 1980 MHz
2026/09/28 06:14:15.048, 2, 75845 MiB, 100 %, 537.31 W, 1980 MHz
2026/09/28 06:14:15.049, 3, 75845 MiB, 100 %, 536.21 W, 1980 MHz
2026/09/28 06:14:15.049, 4, 75845 MiB, 100 %, 520.56 W, 1980 MHz
2026/09/28 06:14:15.050, 5, 75845 MiB, 100 %, 538.68 W, 1980 MHz
2026/09/28 06:14:15.051, 6, 75845 MiB, 100 %, 558.45 W, 1980 MHz
2026/09/28 06:14:15.051, 7, 75845 MiB, 100 %, 525.78 W, 1980 MHz
2026/09/28 06:14:16.052, 0, 75845 MiB, 100 %, 532.28 W, 1950 MHz
2026/09/28 06:14:16.053, 1, 75845 MiB, 100 %, 530.81 W, 1980 MHz
2026/09/28 06:14:16.054, 2, 75845 MiB, 100 %, 495.02 W, 1980 MHz
2026/09/28 06:14:16.054, 3, 75845 MiB, 100 %, 501.39 W, 1980 MHz
2026/09/28 06:14:16.055, 4, 75845 MiB, 100 %, 493.29 W, 1980 MHz
2026/09/28 06:14:16.056, 5, 75845 MiB, 100 %, 501.68 W, 1980 MHz
2026/09/28 06:14:16.057, 6, 75845 MiB, 100 %, 523.49 W, 1980 MHz
2026/09/28 06:14:16.058, 7, 75845 MiB, 100 %, 495.46 W, 1980 MHz
2026/09/28 06:14:17.058, 0, 75845 MiB, 100 %, 517.15 W, 1980 MHz
2026/09/28 06:14:17.060, 1, 75845 MiB, 100 %, 447.67 W, 1980 MHz
2026/09/28 06:14:17.061, 2, 75845 MiB, 100 %, 441.16 W, 1980 MHz
2026/09/28 06:14:17.061, 3, 75845 MiB, 100 %, 440.70 W, 1980 MHz
2026/09/28 06:14:17.062, 4, 75845 MiB, 100 %, 426.90 W, 1980 MHz
2026/09/28 06:14:17.063, 5, 75845 MiB, 100 %, 444.91 W, 1980 MHz
2026/09/28 06:14:17.064, 6, 75845 MiB, 100 %, 455.10 W, 1980 MHz
2026/09/28 06:14:17.064, 7, 75845 MiB, 100 %, 430.25 W, 1980 MHz
2026/09/28 06:14:18.065, 0, 75845 MiB, 0 %, 278.73 W, 1980 MHz
2026/09/28 06:14:18.066, 1, 75845 MiB, 0 %, 221.05 W, 1980 MHz
2026/09/28 06:14:18.067, 2, 75845 MiB, 0 %, 207.10 W, 1980 MHz
2026/09/28 06:14:18.068, 3, 75845 MiB, 0 %, 212.98 W, 1980 MHz
2026/09/28 06:14:18.069, 4, 75845 MiB, 0 %, 209.70 W, 1980 MHz
2026/09/28 06:14:18.069, 5, 75845 MiB, 0 %, 231.44 W, 1980 MHz
2026/09/28 06:14:18.070, 6, 75845 MiB, 0 %, 208.74 W, 1980 MHz
2026/09/28 06:14:18.071, 7, 75845 MiB, 0 %, 211.10 W, 1980 MHz
