timestamp, index, memory.used [MiB], utilization.gpu [%], power.draw [W], clocks.current.sm [MHz], utilization.memory [%], temperature.gpu
2026/10/10 13:47:32.890, 0, 77409 MiB, 0 %, 229.86 W, 1980 MHz, 0 %, 33
2026/10/10 13:47:32.904, 1, 77409 MiB, 0 %, 244.77 W, 1980 MHz, 0 %, 57
2026/10/10 13:47:32.912, 2, 77409 MiB, 0 %, 232.32 W, 1980 MHz, 0 %, 38
2026/10/10 13:47:32.920, 3, 77409 MiB, 0 %, 225.03 W, 1980 MHz, 0 %, 33
2026/10/10 13:47:32.928, 4, 77409 MiB, 0 %, 223.31 W, 1980 MHz, 0 %, 33
2026/10/10 13:47:32.936, 5, 77409 MiB, 0 %, 230.00 W, 1980 MHz, 0 %, 37
2026/10/10 13:47:32.944, 6, 77409 MiB, 0 %, 221.36 W, 1980 MHz, 0 %, 35
2026/10/10 13:47:32.952, 7, 77409 MiB, 0 %, 253.74 W, 1980 MHz, 0 %, 68
2026/10/10 13:47:33.960, 0, 77409 MiB, 0 %, 122.27 W, 1980 MHz, 0 %, 32
2026/10/10 13:47:33.960, 1, 77409 MiB, 0 %, 136.61 W, 1980 MHz, 0 %, 56
2026/10/10 13:47:33.960, 2, 77409 MiB, 0 %, 123.89 W, 1980 MHz, 0 %, 36
2026/10/10 13:47:33.960, 3, 77409 MiB, 0 %, 119.21 W, 1980 MHz, 0 %, 31
2026/10/10 13:47:33.960, 4, 77409 MiB, 0 %, 117.02 W, 1980 MHz, 0 %, 31
2026/10/10 13:47:33.960, 5, 77409 MiB, 0 %, 121.96 W, 1980 MHz, 0 %, 35
2026/10/10 13:47:33.960, 6, 77409 MiB, 0 %, 115.67 W, 1980 MHz, 0 %, 33
2026/10/10 13:47:33.960, 7, 77409 MiB, 0 %, 144.26 W, 1980 MHz, 0 %, 67
2026/10/10 13:47:34.960, 0, 77409 MiB, 0 %, 121.72 W, 1980 MHz, 0 %, 31
2026/10/10 13:47:34.960, 1, 77409 MiB, 0 %, 136.10 W, 1980 MHz, 0 %, 56
2026/10/10 13:47:34.960, 2, 77409 MiB, 0 %, 123.13 W, 1980 MHz, 0 %, 36
2026/10/10 13:47:34.960, 3, 77409 MiB, 0 %, 118.53 W, 1980 MHz, 0 %, 30
2026/10/10 13:47:34.961, 4, 77409 MiB, 0 %, 116.50 W, 1980 MHz, 0 %, 30
2026/10/10 13:47:34.961, 5, 77409 MiB, 0 %, 121.35 W, 1980 MHz, 0 %, 34
2026/10/10 13:47:34.961, 6, 77409 MiB, 0 %, 115.11 W, 1980 MHz, 0 %, 32
2026/10/10 13:47:34.961, 7, 77409 MiB, 0 %, 143.16 W, 1980 MHz, 0 %, 67
2026/10/10 13:47:35.961, 0, 77409 MiB, 0 %, 121.41 W, 1980 MHz, 0 %, 31
2026/10/10 13:47:35.961, 1, 77409 MiB, 0 %, 135.81 W, 1980 MHz, 0 %, 55
2026/10/10 13:47:35.961, 2, 77409 MiB, 0 %, 122.26 W, 1980 MHz, 0 %, 36
2026/10/10 13:47:35.961, 3, 77409 MiB, 0 %, 118.20 W, 1980 MHz, 0 %, 30
2026/10/10 13:47:35.961, 4, 77409 MiB, 0 %, 116.18 W, 1980 MHz, 0 %, 30
2026/10/10 13:47:35.961, 5, 77409 MiB, 0 %, 120.96 W, 1980 MHz, 0 %, 34
2026/10/10 13:47:35.961, 6, 77409 MiB, 0 %, 114.82 W, 1980 MHz, 0 %, 31
2026/10/10 13:47:35.961, 7, 77409 MiB, 0 %, 142.54 W, 1980 MHz, 0 %, 66
2026/10/10 13:47:36.962, 0, 77409 MiB, 0 %, 121.11 W, 1980 MHz, 0 %, 30
2026/10/10 13:47:36.962, 1, 77409 MiB, 0 %, 135.62 W, 1980 MHz, 0 %, 55
2026/10/10 13:47:36.962, 2, 77409 MiB, 0 %, 122.14 W, 1980 MHz, 0 %, 35
2026/10/10 13:47:36.962, 3, 77409 MiB, 0 %, 118.03 W, 1980 MHz, 0 %, 29
2026/10/10 13:47:36.962, 4, 77409 MiB, 0 %, 115.97 W, 1980 MHz, 0 %, 30
2026/10/10 13:47:36.962, 5, 77409 MiB, 0 %, 120.74 W, 1980 MHz, 0 %, 33
2026/10/10 13:47:36.962, 6, 77409 MiB, 0 %, 114.62 W, 1980 MHz, 0 %, 31
2026/10/10 13:47:36.962, 7, 77409 MiB, 0 %, 142.20 W, 1980 MHz, 0 %, 66
2026/10/10 13:47:37.962, 0, 77409 MiB, 0 %, 120.95 W, 1980 MHz, 0 %, 30
2026/10/10 13:47:37.962, 1, 77409 MiB, 0 %, 135.50 W, 1980 MHz, 0 %, 55
2026/10/10 13:47:37.962, 2, 77409 MiB, 0 %, 121.97 W, 1980 MHz, 0 %, 35
2026/10/10 13:47:37.962, 3, 77409 MiB, 0 %, 117.82 W, 1980 MHz, 0 %, 29
2026/10/10 13:47:37.962, 4, 77409 MiB, 0 %, 115.82 W, 1980 MHz, 0 %, 29
2026/10/10 13:47:37.962, 5, 77409 MiB, 0 %, 120.51 W, 1980 MHz, 0 %, 33
2026/10/10 13:47:37.963, 6, 77409 MiB, 0 %, 114.42 W, 1980 MHz, 0 %, 31
2026/10/10 13:47:37.963, 7, 77409 MiB, 0 %, 141.95 W, 1980 MHz, 0 %, 66
2026/10/10 13:47:38.963, 0, 77409 MiB, 0 %, 120.78 W, 1980 MHz, 0 %, 30
2026/10/10 13:47:38.963, 1, 77409 MiB, 0 %, 135.35 W, 1980 MHz, 0 %, 55
2026/10/10 13:47:38.963, 2, 77409 MiB, 0 %, 121.85 W, 1980 MHz, 0 %, 35
2026/10/10 13:47:38.963, 3, 77409 MiB, 0 %, 117.67 W, 1980 MHz, 0 %, 29
2026/10/10 13:47:38.963, 4, 77409 MiB, 0 %, 115.72 W, 1980 MHz, 0 %, 29
2026/10/10 13:47:38.963, 5, 77409 MiB, 0 %, 120.33 W, 1980 MHz, 0 %, 33
2026/10/10 13:47:38.963, 6, 77409 MiB, 0 %, 114.35 W, 1980 MHz, 0 %, 30
2026/10/10 13:47:38.963, 7, 77409 MiB, 0 %, 141.80 W, 1980 MHz, 0 %, 66
2026/10/10 13:47:39.963, 0, 77409 MiB, 0 %, 120.58 W, 1980 MHz, 0 %, 29
2026/10/10 13:47:39.964, 1, 77409 MiB, 0 %, 135.24 W, 1980 MHz, 0 %, 55
2026/10/10 13:47:39.964, 2, 77409 MiB, 0 %, 121.76 W, 1980 MHz, 0 %, 35
2026/10/10 13:47:39.964, 3, 77409 MiB, 0 %, 117.52 W, 1980 MHz, 0 %, 28
2026/10/10 13:47:39.964, 4, 77409 MiB, 0 %, 115.65 W, 1980 MHz, 0 %, 29
2026/10/10 13:47:39.964, 5, 77409 MiB, 0 %, 120.24 W, 1980 MHz, 0 %, 33
2026/10/10 13:47:39.964, 6, 77409 MiB, 0 %, 114.25 W, 1980 MHz, 0 %, 30
2026/10/10 13:47:39.964, 7, 77409 MiB, 0 %, 141.69 W, 1980 MHz, 0 %, 66
2026/10/10 13:47:40.964, 0, 77409 MiB, 0 %, 120.54 W, 1980 MHz, 0 %, 29
2026/10/10 13:47:40.964, 1, 77409 MiB, 0 %, 135.21 W, 1980 MHz, 0 %, 55
2026/10/10 13:47:40.964, 2, 77409 MiB, 0 %, 121.62 W, 1980 MHz, 0 %, 35
2026/10/10 13:47:40.964, 3, 77409 MiB, 0 %, 117.42 W, 1980 MHz, 0 %, 28
2026/10/10 13:47:40.964, 4, 77409 MiB, 0 %, 115.57 W, 1980 MHz, 0 %, 29
2026/10/10 13:47:40.964, 5, 77409 MiB, 0 %, 120.13 W, 1980 MHz, 0 %, 32
2026/10/10 13:47:40.964, 6, 77409 MiB, 0 %, 114.16 W, 1980 MHz, 0 %, 30
2026/10/10 13:47:40.964, 7, 77409 MiB, 0 %, 141.51 W, 1980 MHz, 0 %, 66
2026/10/10 13:47:41.965, 0, 77409 MiB, 0 %, 120.45 W, 1980 MHz, 0 %, 29
2026/10/10 13:47:41.965, 1, 77409 MiB, 0 %, 135.11 W, 1980 MHz, 0 %, 55
2026/10/10 13:47:41.965, 2, 77409 MiB, 0 %, 121.61 W, 1980 MHz, 0 %, 34
2026/10/10 13:47:41.965, 3, 77409 MiB, 0 %, 117.36 W, 1980 MHz, 0 %, 28
2026/10/10 13:47:41.965, 4, 77409 MiB, 0 %, 115.22 W, 1980 MHz, 0 %, 28
2026/10/10 13:47:41.965, 5, 77409 MiB, 0 %, 120.05 W, 1980 MHz, 0 %, 32
2026/10/10 13:47:41.965, 6, 77409 MiB, 0 %, 114.12 W, 1980 MHz, 0 %, 30
2026/10/10 13:47:41.965, 7, 77409 MiB, 0 %, 141.36 W, 1980 MHz, 0 %, 65
2026/10/10 13:47:42.965, 0, 77409 MiB, 100 %, 438.96 W, 1980 MHz, 15 %, 34
2026/10/10 13:47:42.965, 1, 77409 MiB, 100 %, 453.09 W, 1980 MHz, 15 %, 59
2026/10/10 13:47:42.965, 2, 77409 MiB, 100 %, 435.30 W, 1980 MHz, 15 %, 39
2026/10/10 13:47:42.965, 3, 77409 MiB, 100 %, 444.05 W, 1980 MHz, 15 %, 33
2026/10/10 13:47:42.966, 4, 77409 MiB, 100 %, 432.56 W, 1980 MHz, 15 %, 34
2026/10/10 13:47:42.966, 5, 77409 MiB, 100 %, 437.29 W, 1980 MHz, 15 %, 38
2026/10/10 13:47:42.966, 6, 77409 MiB, 100 %, 418.14 W, 1980 MHz, 15 %, 36
2026/10/10 13:47:42.966, 7, 77409 MiB, 100 %, 446.11 W, 1980 MHz, 15 %, 70
2026/10/10 13:47:43.966, 0, 77409 MiB, 100 %, 247.48 W, 1980 MHz, 15 %, 34
2026/10/10 13:47:43.966, 1, 77409 MiB, 100 %, 265.60 W, 1980 MHz, 15 %, 58
2026/10/10 13:47:43.966, 2, 77409 MiB, 100 %, 247.49 W, 1980 MHz, 15 %, 38
2026/10/10 13:47:43.966, 3, 77409 MiB, 100 %, 246.60 W, 1980 MHz, 15 %, 32
2026/10/10 13:47:43.966, 4, 77409 MiB, 100 %, 242.47 W, 1980 MHz, 15 %, 33
2026/10/10 13:47:43.966, 5, 77409 MiB, 100 %, 247.60 W, 1980 MHz, 15 %, 37
2026/10/10 13:47:43.966, 6, 77409 MiB, 100 %, 241.17 W, 1980 MHz, 15 %, 34
2026/10/10 13:47:43.966, 7, 77409 MiB, 100 %, 277.22 W, 1980 MHz, 15 %, 69
2026/10/10 13:47:44.966, 0, 77409 MiB, 100 %, 247.64 W, 1980 MHz, 15 %, 34
2026/10/10 13:47:44.967, 1, 77409 MiB, 100 %, 265.22 W, 1980 MHz, 15 %, 58
2026/10/10 13:47:44.967, 2, 77409 MiB, 100 %, 246.51 W, 1980 MHz, 15 %, 38
2026/10/10 13:47:44.967, 3, 77409 MiB, 100 %, 246.93 W, 1980 MHz, 15 %, 32
2026/10/10 13:47:44.967, 4, 77409 MiB, 100 %, 241.74 W, 1980 MHz, 15 %, 33
2026/10/10 13:47:44.967, 5, 77409 MiB, 100 %, 246.43 W, 1980 MHz, 15 %, 36
2026/10/10 13:47:44.967, 6, 77409 MiB, 100 %, 242.27 W, 1980 MHz, 16 %, 34
2026/10/10 13:47:44.967, 7, 77409 MiB, 100 %, 277.72 W, 1980 MHz, 15 %, 69
2026/10/10 13:47:45.967, 0, 77409 MiB, 100 %, 249.12 W, 1980 MHz, 15 %, 34
2026/10/10 13:47:45.967, 1, 77409 MiB, 100 %, 265.62 W, 1980 MHz, 15 %, 58
2026/10/10 13:47:45.967, 2, 77409 MiB, 100 %, 247.63 W, 1980 MHz, 15 %, 38
2026/10/10 13:47:45.967, 3, 77409 MiB, 100 %, 246.34 W, 1980 MHz, 15 %, 32
2026/10/10 13:47:45.967, 4, 77409 MiB, 100 %, 241.29 W, 1980 MHz, 15 %, 32
2026/10/10 13:47:45.967, 5, 77409 MiB, 100 %, 247.86 W, 1980 MHz, 15 %, 36
2026/10/10 13:47:45.967, 6, 77409 MiB, 100 %, 242.53 W, 1980 MHz, 16 %, 34
2026/10/10 13:47:45.968, 7, 77409 MiB, 100 %, 277.06 W, 1980 MHz, 15 %, 69
2026/10/10 13:47:46.968, 0, 77409 MiB, 100 %, 248.36 W, 1980 MHz, 15 %, 33
2026/10/10 13:47:46.968, 1, 77409 MiB, 100 %, 268.03 W, 1980 MHz, 15 %, 58
2026/10/10 13:47:46.968, 2, 77409 MiB, 100 %, 250.92 W, 1980 MHz, 15 %, 38
2026/10/10 13:47:46.968, 3, 77409 MiB, 100 %, 247.78 W, 1980 MHz, 15 %, 32
2026/10/10 13:47:46.968, 4, 77409 MiB, 100 %, 242.03 W, 1980 MHz, 15 %, 32
2026/10/10 13:47:46.968, 5, 77409 MiB, 100 %, 248.90 W, 1980 MHz, 15 %, 36
2026/10/10 13:47:46.968, 6, 77409 MiB, 100 %, 242.24 W, 1980 MHz, 16 %, 34
2026/10/10 13:47:46.968, 7, 77409 MiB, 100 %, 276.28 W, 1980 MHz, 15 %, 69
2026/10/10 13:47:47.968, 0, 77409 MiB, 100 %, 249.87 W, 1980 MHz, 16 %, 34
2026/10/10 13:47:47.968, 1, 77409 MiB, 100 %, 266.54 W, 1980 MHz, 15 %, 58
2026/10/10 13:47:47.968, 2, 77409 MiB, 100 %, 248.95 W, 1980 MHz, 15 %, 38
2026/10/10 13:47:47.968, 3, 77409 MiB, 100 %, 247.08 W, 1980 MHz, 16 %, 32
2026/10/10 13:47:47.969, 4, 77409 MiB, 100 %, 242.52 W, 1980 MHz, 15 %, 32
2026/10/10 13:47:47.969, 5, 77409 MiB, 100 %, 246.48 W, 1980 MHz, 15 %, 36
2026/10/10 13:47:47.969, 6, 77409 MiB, 100 %, 239.13 W, 1980 MHz, 15 %, 34
2026/10/10 13:47:47.969, 7, 77409 MiB, 100 %, 275.91 W, 1980 MHz, 15 %, 69
2026/10/10 13:47:48.969, 0, 77409 MiB, 100 %, 248.80 W, 1980 MHz, 15 %, 34
2026/10/10 13:47:48.969, 1, 77409 MiB, 100 %, 266.48 W, 1980 MHz, 15 %, 58
2026/10/10 13:47:48.969, 2, 77409 MiB, 100 %, 248.41 W, 1980 MHz, 15 %, 38
2026/10/10 13:47:48.969, 3, 77409 MiB, 100 %, 245.62 W, 1980 MHz, 15 %, 32
2026/10/10 13:47:48.969, 4, 77409 MiB, 100 %, 242.35 W, 1980 MHz, 15 %, 32
2026/10/10 13:47:48.969, 5, 77409 MiB, 100 %, 247.49 W, 1980 MHz, 15 %, 36
2026/10/10 13:47:48.969, 6, 77409 MiB, 100 %, 239.87 W, 1980 MHz, 15 %, 34
2026/10/10 13:47:48.969, 7, 77409 MiB, 100 %, 275.91 W, 1980 MHz, 15 %, 69
2026/10/10 13:47:49.970, 0, 77409 MiB, 100 %, 249.17 W, 1980 MHz, 15 %, 34
2026/10/10 13:47:49.970, 1, 77409 MiB, 100 %, 266.64 W, 1980 MHz, 15 %, 58
2026/10/10 13:47:49.970, 2, 77409 MiB, 100 %, 249.01 W, 1980 MHz, 15 %, 38
2026/10/10 13:47:49.970, 3, 77409 MiB, 100 %, 247.52 W, 1980 MHz, 16 %, 32
2026/10/10 13:47:49.970, 4, 77409 MiB, 100 %, 242.85 W, 1980 MHz, 16 %, 32
2026/10/10 13:47:49.970, 5, 77409 MiB, 100 %, 248.22 W, 1980 MHz, 15 %, 36
2026/10/10 13:47:49.970, 6, 77409 MiB, 100 %, 241.55 W, 1980 MHz, 16 %, 34
2026/10/10 13:47:49.970, 7, 77409 MiB, 100 %, 276.80 W, 1980 MHz, 15 %, 69
2026/10/10 13:47:50.970, 0, 77409 MiB, 100 %, 250.09 W, 1980 MHz, 16 %, 34
2026/10/10 13:47:50.970, 1, 77409 MiB, 100 %, 264.78 W, 1980 MHz, 15 %, 58
2026/10/10 13:47:50.970, 2, 77409 MiB, 100 %, 248.90 W, 1980 MHz, 15 %, 38
2026/10/10 13:47:50.970, 3, 77409 MiB, 100 %, 246.64 W, 1980 MHz, 15 %, 32
2026/10/10 13:47:50.970, 4, 77409 MiB, 100 %, 243.15 W, 1980 MHz, 15 %, 32
2026/10/10 13:47:50.971, 5, 77409 MiB, 100 %, 247.38 W, 1980 MHz, 15 %, 36
2026/10/10 13:47:50.971, 6, 77409 MiB, 100 %, 239.73 W, 1980 MHz, 15 %, 34
2026/10/10 13:47:50.971, 7, 77409 MiB, 100 %, 274.23 W, 1980 MHz, 15 %, 69
2026/10/10 13:47:51.971, 0, 77409 MiB, 100 %, 248.54 W, 1980 MHz, 16 %, 34
2026/10/10 13:47:51.971, 1, 77409 MiB, 100 %, 268.41 W, 1980 MHz, 15 %, 58
2026/10/10 13:47:51.971, 2, 77409 MiB, 100 %, 249.31 W, 1980 MHz, 15 %, 38
2026/10/10 13:47:51.971, 3, 77409 MiB, 100 %, 246.55 W, 1980 MHz, 15 %, 32
2026/10/10 13:47:51.971, 4, 77409 MiB, 100 %, 240.54 W, 1980 MHz, 15 %, 32
2026/10/10 13:47:51.971, 5, 77409 MiB, 100 %, 248.15 W, 1980 MHz, 15 %, 36
2026/10/10 13:47:51.971, 6, 77409 MiB, 100 %, 241.02 W, 1980 MHz, 15 %, 34
2026/10/10 13:47:51.971, 7, 77409 MiB, 100 %, 277.24 W, 1980 MHz, 16 %, 69
2026/10/10 13:47:52.971, 0, 77409 MiB, 100 %, 249.54 W, 1980 MHz, 15 %, 34
2026/10/10 13:47:52.971, 1, 77409 MiB, 100 %, 267.33 W, 1980 MHz, 15 %, 58
2026/10/10 13:47:52.972, 2, 77409 MiB, 100 %, 247.72 W, 1980 MHz, 15 %, 38
2026/10/10 13:47:52.972, 3, 77409 MiB, 100 %, 246.34 W, 1980 MHz, 16 %, 32
2026/10/10 13:47:52.972, 4, 77409 MiB, 100 %, 243.30 W, 1980 MHz, 15 %, 32
2026/10/10 13:47:52.972, 5, 77409 MiB, 100 %, 249.21 W, 1980 MHz, 15 %, 36
2026/10/10 13:47:52.972, 6, 77409 MiB, 100 %, 239.85 W, 1980 MHz, 15 %, 34
2026/10/10 13:47:52.972, 7, 77409 MiB, 100 %, 277.30 W, 1980 MHz, 15 %, 69
2026/10/10 13:47:53.972, 0, 77409 MiB, 100 %, 248.71 W, 1980 MHz, 16 %, 34
2026/10/10 13:47:53.972, 1, 77409 MiB, 100 %, 267.22 W, 1980 MHz, 15 %, 58
2026/10/10 13:47:53.972, 2, 77409 MiB, 100 %, 247.71 W, 1980 MHz, 15 %, 38
2026/10/10 13:47:53.972, 3, 77409 MiB, 100 %, 246.58 W, 1980 MHz, 16 %, 32
2026/10/10 13:47:53.972, 4, 77409 MiB, 100 %, 242.50 W, 1980 MHz, 15 %, 32
2026/10/10 13:47:53.972, 5, 77409 MiB, 100 %, 248.55 W, 1980 MHz, 15 %, 36
2026/10/10 13:47:53.972, 6, 77409 MiB, 100 %, 242.57 W, 1980 MHz, 15 %, 34
2026/10/10 13:47:53.972, 7, 77409 MiB, 100 %, 277.49 W, 1980 MHz, 15 %, 69
2026/10/10 13:47:54.973, 0, 77409 MiB, 100 %, 248.78 W, 1980 MHz, 15 %, 34
2026/10/10 13:47:54.973, 1, 77409 MiB, 100 %, 267.60 W, 1980 MHz, 15 %, 58
2026/10/10 13:47:54.973, 2, 77409 MiB, 100 %, 248.23 W, 1980 MHz, 15 %, 38
2026/10/10 13:47:54.973, 3, 77409 MiB, 100 %, 246.86 W, 1980 MHz, 16 %, 32
2026/10/10 13:47:54.973, 4, 77409 MiB, 100 %, 242.52 W, 1980 MHz, 16 %, 32
2026/10/10 13:47:54.973, 5, 77409 MiB, 100 %, 247.22 W, 1980 MHz, 15 %, 36
2026/10/10 13:47:54.973, 6, 77409 MiB, 100 %, 239.41 W, 1980 MHz, 15 %, 34
2026/10/10 13:47:54.973, 7, 77409 MiB, 100 %, 277.78 W, 1980 MHz, 15 %, 69
2026/10/10 13:47:55.973, 0, 77409 MiB, 100 %, 248.57 W, 1980 MHz, 15 %, 34
2026/10/10 13:47:55.973, 1, 77409 MiB, 100 %, 267.22 W, 1980 MHz, 15 %, 58
2026/10/10 13:47:55.973, 2, 77409 MiB, 100 %, 247.39 W, 1980 MHz, 15 %, 38
2026/10/10 13:47:55.973, 3, 77409 MiB, 100 %, 247.42 W, 1980 MHz, 16 %, 32
2026/10/10 13:47:55.973, 4, 77409 MiB, 100 %, 242.34 W, 1980 MHz, 15 %, 32
2026/10/10 13:47:55.974, 5, 77409 MiB, 100 %, 246.72 W, 1980 MHz, 15 %, 36
2026/10/10 13:47:55.974, 6, 77409 MiB, 100 %, 240.76 W, 1980 MHz, 15 %, 34
2026/10/10 13:47:55.974, 7, 77409 MiB, 100 %, 277.46 W, 1980 MHz, 15 %, 69
2026/10/10 13:47:56.974, 0, 77409 MiB, 100 %, 250.18 W, 1980 MHz, 15 %, 34
2026/10/10 13:47:56.974, 1, 77409 MiB, 100 %, 269.05 W, 1980 MHz, 15 %, 58
2026/10/10 13:47:56.974, 2, 77409 MiB, 100 %, 248.67 W, 1980 MHz, 15 %, 38
2026/10/10 13:47:56.974, 3, 77409 MiB, 100 %, 248.22 W, 1980 MHz, 15 %, 32
2026/10/10 13:47:56.974, 4, 77409 MiB, 100 %, 241.99 W, 1980 MHz, 15 %, 32
2026/10/10 13:47:56.974, 5, 77409 MiB, 100 %, 247.90 W, 1980 MHz, 15 %, 36
2026/10/10 13:47:56.974, 6, 77409 MiB, 100 %, 240.13 W, 1980 MHz, 15 %, 34
2026/10/10 13:47:56.974, 7, 77409 MiB, 100 %, 277.10 W, 1980 MHz, 15 %, 69
2026/10/10 13:47:57.974, 0, 77409 MiB, 100 %, 248.48 W, 1980 MHz, 15 %, 34
2026/10/10 13:47:57.974, 1, 77409 MiB, 100 %, 266.72 W, 1980 MHz, 15 %, 58
2026/10/10 13:47:57.975, 2, 77409 MiB, 100 %, 248.06 W, 1980 MHz, 15 %, 38
2026/10/10 13:47:57.975, 3, 77409 MiB, 100 %, 247.92 W, 1980 MHz, 16 %, 32
2026/10/10 13:47:57.975, 4, 77409 MiB, 100 %, 242.85 W, 1980 MHz, 15 %, 32
2026/10/10 13:47:57.975, 5, 77409 MiB, 100 %, 248.04 W, 1980 MHz, 15 %, 36
2026/10/10 13:47:57.975, 6, 77409 MiB, 100 %, 238.58 W, 1980 MHz, 15 %, 34
2026/10/10 13:47:57.975, 7, 77409 MiB, 100 %, 277.79 W, 1980 MHz, 15 %, 69
2026/10/10 13:47:58.975, 0, 77409 MiB, 100 %, 250.55 W, 1980 MHz, 15 %, 34
2026/10/10 13:47:58.976, 1, 77409 MiB, 100 %, 270.18 W, 1980 MHz, 15 %, 58
2026/10/10 13:47:58.976, 2, 77409 MiB, 100 %, 246.24 W, 1980 MHz, 15 %, 38
2026/10/10 13:47:58.976, 3, 77409 MiB, 100 %, 248.05 W, 1980 MHz, 16 %, 32
2026/10/10 13:47:58.976, 4, 77409 MiB, 100 %, 243.14 W, 1980 MHz, 16 %, 32
2026/10/10 13:47:58.976, 5, 77409 MiB, 100 %, 245.56 W, 1980 MHz, 15 %, 36
2026/10/10 13:47:58.976, 6, 77409 MiB, 100 %, 240.85 W, 1980 MHz, 15 %, 34
2026/10/10 13:47:58.976, 7, 77409 MiB, 100 %, 277.40 W, 1980 MHz, 15 %, 69
2026/10/10 13:47:59.977, 0, 77409 MiB, 100 %, 249.58 W, 1980 MHz, 16 %, 34
2026/10/10 13:47:59.977, 1, 77409 MiB, 100 %, 269.19 W, 1980 MHz, 15 %, 58
2026/10/10 13:47:59.977, 2, 77409 MiB, 100 %, 247.93 W, 1980 MHz, 15 %, 38
2026/10/10 13:47:59.977, 3, 77409 MiB, 100 %, 246.69 W, 1980 MHz, 16 %, 32
2026/10/10 13:47:59.977, 4, 77409 MiB, 100 %, 243.10 W, 1980 MHz, 15 %, 32
2026/10/10 13:47:59.977, 5, 77409 MiB, 100 %, 247.73 W, 1980 MHz, 15 %, 36
2026/10/10 13:47:59.977, 6, 77409 MiB, 100 %, 240.99 W, 1980 MHz, 15 %, 34
2026/10/10 13:47:59.977, 7, 77409 MiB, 100 %, 274.95 W, 1980 MHz, 15 %, 69
2026/10/10 13:48:00.977, 0, 77409 MiB, 100 %, 248.93 W, 1980 MHz, 15 %, 34
2026/10/10 13:48:00.977, 1, 77409 MiB, 100 %, 269.50 W, 1980 MHz, 15 %, 58
2026/10/10 13:48:00.977, 2, 77409 MiB, 100 %, 249.38 W, 1980 MHz, 16 %, 38
2026/10/10 13:48:00.977, 3, 77409 MiB, 100 %, 246.65 W, 1980 MHz, 15 %, 32
2026/10/10 13:48:00.977, 4, 77409 MiB, 100 %, 242.52 W, 1980 MHz, 15 %, 32
2026/10/10 13:48:00.977, 5, 77409 MiB, 100 %, 247.54 W, 1980 MHz, 15 %, 36
2026/10/10 13:48:00.977, 6, 77409 MiB, 100 %, 240.44 W, 1980 MHz, 15 %, 34
2026/10/10 13:48:00.978, 7, 77409 MiB, 100 %, 277.29 W, 1980 MHz, 15 %, 69
2026/10/10 13:48:01.978, 0, 77409 MiB, 100 %, 459.51 W, 1980 MHz, 16 %, 35
2026/10/10 13:48:01.978, 1, 77409 MiB, 100 %, 467.41 W, 1980 MHz, 15 %, 59
2026/10/10 13:48:01.978, 2, 77409 MiB, 100 %, 450.14 W, 1980 MHz, 15 %, 39
2026/10/10 13:48:01.978, 3, 77409 MiB, 100 %, 451.81 W, 1980 MHz, 15 %, 34
2026/10/10 13:48:01.978, 4, 77409 MiB, 100 %, 441.39 W, 1980 MHz, 16 %, 35
2026/10/10 13:48:01.978, 5, 77409 MiB, 100 %, 444.68 W, 1980 MHz, 15 %, 39
2026/10/10 13:48:01.978, 6, 77409 MiB, 100 %, 446.67 W, 1980 MHz, 16 %, 37
2026/10/10 13:48:01.978, 7, 77409 MiB, 100 %, 471.60 W, 1980 MHz, 15 %, 71
2026/10/10 13:48:02.978, 0, 77409 MiB, 100 %, 250.59 W, 1980 MHz, 16 %, 34
2026/10/10 13:48:02.978, 1, 77409 MiB, 100 %, 265.04 W, 1980 MHz, 15 %, 58
2026/10/10 13:48:02.978, 2, 77409 MiB, 100 %, 248.55 W, 1980 MHz, 15 %, 38
2026/10/10 13:48:02.979, 3, 77409 MiB, 100 %, 242.54 W, 1980 MHz, 15 %, 33
2026/10/10 13:48:02.979, 4, 77409 MiB, 100 %, 245.43 W, 1980 MHz, 15 %, 33
2026/10/10 13:48:02.979, 5, 77409 MiB, 100 %, 250.90 W, 1980 MHz, 15 %, 37
2026/10/10 13:48:02.979, 6, 77409 MiB, 100 %, 241.90 W, 1980 MHz, 16 %, 35
2026/10/10 13:48:02.979, 7, 77409 MiB, 100 %, 278.47 W, 1980 MHz, 15 %, 70
2026/10/10 13:48:03.979, 0, 77409 MiB, 100 %, 250.74 W, 1980 MHz, 15 %, 34
2026/10/10 13:48:03.979, 1, 77409 MiB, 100 %, 264.35 W, 1980 MHz, 15 %, 58
2026/10/10 13:48:03.979, 2, 77409 MiB, 100 %, 250.42 W, 1980 MHz, 15 %, 38
2026/10/10 13:48:03.979, 3, 77409 MiB, 100 %, 246.59 W, 1980 MHz, 15 %, 32
2026/10/10 13:48:03.979, 4, 77409 MiB, 100 %, 245.96 W, 1980 MHz, 15 %, 33
2026/10/10 13:48:03.979, 5, 77409 MiB, 100 %, 248.81 W, 1980 MHz, 15 %, 37
2026/10/10 13:48:03.979, 6, 77409 MiB, 100 %, 241.64 W, 1980 MHz, 16 %, 34
2026/10/10 13:48:03.979, 7, 77409 MiB, 100 %, 274.96 W, 1980 MHz, 15 %, 69
2026/10/10 13:48:04.980, 0, 77409 MiB, 100 %, 249.39 W, 1980 MHz, 15 %, 34
2026/10/10 13:48:04.980, 1, 77409 MiB, 100 %, 265.52 W, 1980 MHz, 15 %, 58
2026/10/10 13:48:04.980, 2, 77409 MiB, 100 %, 247.99 W, 1980 MHz, 15 %, 38
2026/10/10 13:48:04.980, 3, 77409 MiB, 100 %, 244.33 W, 1980 MHz, 15 %, 32
2026/10/10 13:48:04.980, 4, 77409 MiB, 100 %, 245.35 W, 1980 MHz, 15 %, 33
2026/10/10 13:48:04.980, 5, 77409 MiB, 100 %, 248.44 W, 1980 MHz, 15 %, 36
2026/10/10 13:48:04.980, 6, 77409 MiB, 100 %, 242.85 W, 1980 MHz, 16 %, 34
2026/10/10 13:48:04.980, 7, 77409 MiB, 100 %, 275.36 W, 1980 MHz, 15 %, 69
2026/10/10 13:48:05.980, 0, 77409 MiB, 100 %, 250.42 W, 1980 MHz, 16 %, 34
2026/10/10 13:48:05.980, 1, 77409 MiB, 100 %, 263.73 W, 1980 MHz, 15 %, 58
2026/10/10 13:48:05.980, 2, 77409 MiB, 100 %, 251.08 W, 1980 MHz, 15 %, 38
2026/10/10 13:48:05.980, 3, 77409 MiB, 100 %, 245.69 W, 1980 MHz, 15 %, 32
2026/10/10 13:48:05.980, 4, 77409 MiB, 100 %, 244.57 W, 1980 MHz, 15 %, 33
2026/10/10 13:48:05.980, 5, 77409 MiB, 100 %, 246.18 W, 1980 MHz, 15 %, 36
2026/10/10 13:48:05.981, 6, 77409 MiB, 100 %, 242.80 W, 1980 MHz, 16 %, 34
2026/10/10 13:48:05.981, 7, 77409 MiB, 100 %, 275.16 W, 1980 MHz, 15 %, 69
2026/10/10 13:48:06.981, 0, 77409 MiB, 100 %, 249.84 W, 1980 MHz, 15 %, 34
2026/10/10 13:48:06.981, 1, 77409 MiB, 100 %, 264.25 W, 1980 MHz, 15 %, 58
2026/10/10 13:48:06.981, 2, 77409 MiB, 100 %, 249.84 W, 1980 MHz, 15 %, 38
2026/10/10 13:48:06.981, 3, 77409 MiB, 100 %, 243.76 W, 1980 MHz, 15 %, 32
2026/10/10 13:48:06.981, 4, 77409 MiB, 100 %, 244.10 W, 1980 MHz, 15 %, 33
2026/10/10 13:48:06.981, 5, 77409 MiB, 100 %, 249.43 W, 1980 MHz, 15 %, 36
2026/10/10 13:48:06.981, 6, 77409 MiB, 100 %, 241.26 W, 1980 MHz, 16 %, 34
2026/10/10 13:48:06.981, 7, 77409 MiB, 100 %, 274.79 W, 1980 MHz, 15 %, 69
2026/10/10 13:48:07.981, 0, 77409 MiB, 100 %, 249.98 W, 1980 MHz, 16 %, 34
2026/10/10 13:48:07.981, 1, 77409 MiB, 100 %, 266.07 W, 1980 MHz, 15 %, 58
2026/10/10 13:48:07.981, 2, 77409 MiB, 100 %, 249.43 W, 1980 MHz, 15 %, 38
2026/10/10 13:48:07.982, 3, 77409 MiB, 100 %, 245.37 W, 1980 MHz, 15 %, 32
2026/10/10 13:48:07.982, 4, 77409 MiB, 100 %, 245.93 W, 1980 MHz, 16 %, 33
2026/10/10 13:48:07.982, 5, 77409 MiB, 100 %, 251.04 W, 1980 MHz, 15 %, 36
2026/10/10 13:48:07.982, 6, 77409 MiB, 100 %, 240.09 W, 1980 MHz, 15 %, 34
2026/10/10 13:48:07.982, 7, 77409 MiB, 100 %, 274.97 W, 1980 MHz, 15 %, 69
2026/10/10 13:48:08.982, 0, 77409 MiB, 100 %, 250.84 W, 1980 MHz, 15 %, 34
2026/10/10 13:48:08.982, 1, 77409 MiB, 100 %, 265.14 W, 1980 MHz, 15 %, 58
2026/10/10 13:48:08.982, 2, 77409 MiB, 100 %, 249.92 W, 1980 MHz, 15 %, 38
2026/10/10 13:48:08.982, 3, 77409 MiB, 100 %, 246.03 W, 1980 MHz, 15 %, 32
2026/10/10 13:48:08.982, 4, 77409 MiB, 100 %, 244.99 W, 1980 MHz, 16 %, 33
2026/10/10 13:48:08.982, 5, 77409 MiB, 100 %, 250.03 W, 1980 MHz, 15 %, 36
2026/10/10 13:48:08.982, 6, 77409 MiB, 100 %, 242.01 W, 1980 MHz, 15 %, 34
2026/10/10 13:48:08.982, 7, 77409 MiB, 100 %, 276.91 W, 1980 MHz, 15 %, 69
2026/10/10 13:48:09.983, 0, 77409 MiB, 100 %, 249.44 W, 1980 MHz, 15 %, 34
2026/10/10 13:48:09.983, 1, 77409 MiB, 100 %, 264.78 W, 1980 MHz, 15 %, 58
2026/10/10 13:48:09.983, 2, 77409 MiB, 100 %, 249.37 W, 1980 MHz, 15 %, 38
2026/10/10 13:48:09.983, 3, 77409 MiB, 100 %, 242.77 W, 1980 MHz, 15 %, 32
2026/10/10 13:48:09.983, 4, 77409 MiB, 100 %, 245.26 W, 1980 MHz, 15 %, 33
2026/10/10 13:48:09.983, 5, 77409 MiB, 100 %, 252.19 W, 1980 MHz, 16 %, 36
2026/10/10 13:48:09.983, 6, 77409 MiB, 100 %, 241.11 W, 1980 MHz, 15 %, 34
2026/10/10 13:48:09.983, 7, 77409 MiB, 100 %, 275.25 W, 1980 MHz, 15 %, 69
2026/10/10 13:48:10.983, 0, 77409 MiB, 100 %, 250.23 W, 1980 MHz, 15 %, 34
2026/10/10 13:48:10.983, 1, 77409 MiB, 100 %, 265.59 W, 1980 MHz, 15 %, 58
2026/10/10 13:48:10.983, 2, 77409 MiB, 100 %, 249.32 W, 1980 MHz, 15 %, 38
2026/10/10 13:48:10.983, 3, 77409 MiB, 100 %, 242.93 W, 1980 MHz, 15 %, 32
2026/10/10 13:48:10.984, 4, 77409 MiB, 100 %, 245.69 W, 1980 MHz, 16 %, 33
2026/10/10 13:48:10.984, 5, 77409 MiB, 100 %, 251.97 W, 1980 MHz, 16 %, 36
2026/10/10 13:48:10.984, 6, 77409 MiB, 100 %, 241.94 W, 1980 MHz, 16 %, 34
2026/10/10 13:48:10.984, 7, 77409 MiB, 100 %, 274.78 W, 1980 MHz, 15 %, 69
2026/10/10 13:48:11.984, 0, 77409 MiB, 100 %, 249.92 W, 1980 MHz, 15 %, 34
2026/10/10 13:48:11.984, 1, 77409 MiB, 100 %, 265.17 W, 1980 MHz, 15 %, 58
2026/10/10 13:48:11.984, 2, 77409 MiB, 100 %, 248.42 W, 1980 MHz, 15 %, 38
2026/10/10 13:48:11.984, 3, 77409 MiB, 100 %, 242.27 W, 1980 MHz, 15 %, 32
2026/10/10 13:48:11.984, 4, 77409 MiB, 100 %, 246.46 W, 1980 MHz, 16 %, 33
2026/10/10 13:48:11.984, 5, 77409 MiB, 100 %, 252.79 W, 1980 MHz, 16 %, 36
2026/10/10 13:48:11.984, 6, 77409 MiB, 100 %, 241.68 W, 1980 MHz, 16 %, 34
2026/10/10 13:48:11.984, 7, 77409 MiB, 100 %, 274.24 W, 1980 MHz, 15 %, 69
2026/10/10 13:48:12.984, 0, 77409 MiB, 100 %, 248.80 W, 1980 MHz, 15 %, 34
2026/10/10 13:48:12.985, 1, 77409 MiB, 100 %, 264.70 W, 1980 MHz, 15 %, 58
2026/10/10 13:48:12.985, 2, 77409 MiB, 100 %, 249.24 W, 1980 MHz, 15 %, 38
2026/10/10 13:48:12.985, 3, 77409 MiB, 100 %, 245.21 W, 1980 MHz, 15 %, 32
2026/10/10 13:48:12.985, 4, 77409 MiB, 100 %, 245.01 W, 1980 MHz, 15 %, 33
2026/10/10 13:48:12.985, 5, 77409 MiB, 100 %, 250.14 W, 1980 MHz, 16 %, 36
2026/10/10 13:48:12.985, 6, 77409 MiB, 100 %, 241.21 W, 1980 MHz, 16 %, 34
2026/10/10 13:48:12.985, 7, 77409 MiB, 100 %, 274.74 W, 1980 MHz, 15 %, 69
2026/10/10 13:48:13.985, 0, 77409 MiB, 100 %, 247.45 W, 1980 MHz, 15 %, 34
2026/10/10 13:48:13.985, 1, 77409 MiB, 100 %, 264.39 W, 1980 MHz, 15 %, 58
2026/10/10 13:48:13.985, 2, 77409 MiB, 100 %, 249.00 W, 1980 MHz, 16 %, 38
2026/10/10 13:48:13.985, 3, 77409 MiB, 100 %, 245.37 W, 1980 MHz, 15 %, 32
2026/10/10 13:48:13.985, 4, 77409 MiB, 100 %, 244.88 W, 1980 MHz, 16 %, 33
2026/10/10 13:48:13.985, 5, 77409 MiB, 100 %, 250.06 W, 1980 MHz, 15 %, 36
2026/10/10 13:48:13.985, 6, 77409 MiB, 100 %, 240.45 W, 1980 MHz, 16 %, 34
2026/10/10 13:48:13.985, 7, 77409 MiB, 100 %, 276.43 W, 1980 MHz, 15 %, 69
2026/10/10 13:48:14.986, 0, 77409 MiB, 100 %, 249.14 W, 1980 MHz, 16 %, 34
2026/10/10 13:48:14.986, 1, 77409 MiB, 100 %, 267.64 W, 1980 MHz, 15 %, 58
2026/10/10 13:48:14.986, 2, 77409 MiB, 100 %, 252.03 W, 1980 MHz, 15 %, 38
2026/10/10 13:48:14.986, 3, 77409 MiB, 100 %, 244.56 W, 1980 MHz, 15 %, 32
2026/10/10 13:48:14.986, 4, 77409 MiB, 100 %, 244.50 W, 1980 MHz, 15 %, 33
2026/10/10 13:48:14.986, 5, 77409 MiB, 100 %, 250.73 W, 1980 MHz, 16 %, 36
2026/10/10 13:48:14.986, 6, 77409 MiB, 100 %, 242.10 W, 1980 MHz, 15 %, 34
2026/10/10 13:48:14.986, 7, 77409 MiB, 100 %, 275.51 W, 1980 MHz, 15 %, 69
2026/10/10 13:48:15.986, 0, 77409 MiB, 100 %, 250.36 W, 1980 MHz, 16 %, 34
2026/10/10 13:48:15.986, 1, 77409 MiB, 100 %, 267.25 W, 1980 MHz, 15 %, 58
2026/10/10 13:48:15.986, 2, 77409 MiB, 100 %, 253.19 W, 1980 MHz, 15 %, 38
2026/10/10 13:48:15.986, 3, 77409 MiB, 100 %, 244.81 W, 1980 MHz, 15 %, 32
2026/10/10 13:48:15.987, 4, 77409 MiB, 100 %, 245.84 W, 1980 MHz, 16 %, 33
2026/10/10 13:48:15.987, 5, 77409 MiB, 100 %, 248.81 W, 1980 MHz, 15 %, 36
2026/10/10 13:48:15.987, 6, 77409 MiB, 100 %, 241.12 W, 1980 MHz, 15 %, 34
2026/10/10 13:48:15.987, 7, 77409 MiB, 100 %, 275.08 W, 1980 MHz, 15 %, 69
2026/10/10 13:48:16.987, 0, 77409 MiB, 100 %, 249.87 W, 1980 MHz, 15 %, 34
2026/10/10 13:48:16.987, 1, 77409 MiB, 100 %, 266.17 W, 1980 MHz, 15 %, 58
2026/10/10 13:48:16.987, 2, 77409 MiB, 100 %, 251.71 W, 1980 MHz, 15 %, 38
2026/10/10 13:48:16.987, 3, 77409 MiB, 100 %, 244.88 W, 1980 MHz, 15 %, 32
2026/10/10 13:48:16.987, 4, 77409 MiB, 100 %, 245.17 W, 1980 MHz, 16 %, 33
2026/10/10 13:48:16.987, 5, 77409 MiB, 100 %, 250.01 W, 1980 MHz, 15 %, 36
2026/10/10 13:48:16.987, 6, 77409 MiB, 100 %, 242.03 W, 1980 MHz, 15 %, 34
2026/10/10 13:48:16.987, 7, 77409 MiB, 100 %, 275.00 W, 1980 MHz, 15 %, 69
2026/10/10 13:48:17.987, 0, 77409 MiB, 100 %, 248.33 W, 1980 MHz, 15 %, 34
2026/10/10 13:48:17.988, 1, 77409 MiB, 100 %, 267.04 W, 1980 MHz, 15 %, 58
2026/10/10 13:48:17.988, 2, 77409 MiB, 100 %, 251.72 W, 1980 MHz, 15 %, 38
2026/10/10 13:48:17.988, 3, 77409 MiB, 100 %, 245.78 W, 1980 MHz, 15 %, 32
2026/10/10 13:48:17.988, 4, 77409 MiB, 100 %, 245.85 W, 1980 MHz, 16 %, 33
2026/10/10 13:48:17.988, 5, 77409 MiB, 100 %, 250.24 W, 1980 MHz, 15 %, 36
2026/10/10 13:48:17.988, 6, 77409 MiB, 100 %, 240.84 W, 1980 MHz, 15 %, 34
2026/10/10 13:48:17.988, 7, 77409 MiB, 100 %, 276.14 W, 1980 MHz, 15 %, 69
2026/10/10 13:48:18.988, 0, 77409 MiB, 100 %, 249.66 W, 1980 MHz, 15 %, 34
2026/10/10 13:48:18.988, 1, 77409 MiB, 100 %, 268.37 W, 1980 MHz, 15 %, 58
2026/10/10 13:48:18.988, 2, 77409 MiB, 100 %, 251.91 W, 1980 MHz, 15 %, 38
2026/10/10 13:48:18.988, 3, 77409 MiB, 100 %, 245.25 W, 1980 MHz, 15 %, 32
2026/10/10 13:48:18.988, 4, 77409 MiB, 100 %, 245.42 W, 1980 MHz, 15 %, 33
2026/10/10 13:48:18.988, 5, 77409 MiB, 100 %, 250.43 W, 1980 MHz, 16 %, 36
2026/10/10 13:48:18.988, 6, 77409 MiB, 100 %, 239.61 W, 1980 MHz, 15 %, 34
2026/10/10 13:48:18.989, 7, 77409 MiB, 100 %, 276.26 W, 1980 MHz, 15 %, 69
2026/10/10 13:48:19.989, 0, 77409 MiB, 100 %, 250.24 W, 1980 MHz, 15 %, 34
2026/10/10 13:48:19.989, 1, 77409 MiB, 100 %, 266.97 W, 1980 MHz, 15 %, 58
2026/10/10 13:48:19.989, 2, 77409 MiB, 100 %, 252.82 W, 1980 MHz, 15 %, 38
2026/10/10 13:48:19.989, 3, 77409 MiB, 100 %, 244.81 W, 1980 MHz, 15 %, 32
2026/10/10 13:48:19.989, 4, 77409 MiB, 100 %, 245.13 W, 1980 MHz, 16 %, 33
2026/10/10 13:48:19.989, 5, 77409 MiB, 100 %, 249.69 W, 1980 MHz, 15 %, 36
2026/10/10 13:48:19.989, 6, 77409 MiB, 100 %, 240.76 W, 1980 MHz, 15 %, 34
2026/10/10 13:48:19.989, 7, 77409 MiB, 100 %, 275.98 W, 1980 MHz, 15 %, 69
2026/10/10 13:48:20.989, 0, 77409 MiB, 100 %, 451.23 W, 1980 MHz, 15 %, 36
2026/10/10 13:48:20.989, 1, 77409 MiB, 100 %, 475.89 W, 1980 MHz, 15 %, 59
2026/10/10 13:48:20.989, 2, 77409 MiB, 100 %, 442.27 W, 1980 MHz, 15 %, 39
2026/10/10 13:48:20.989, 3, 77409 MiB, 100 %, 449.56 W, 1980 MHz, 15 %, 35
2026/10/10 13:48:20.990, 4, 77409 MiB, 100 %, 443.41 W, 1980 MHz, 15 %, 35
2026/10/10 13:48:20.990, 5, 77409 MiB, 100 %, 450.33 W, 1980 MHz, 15 %, 39
2026/10/10 13:48:20.990, 6, 77409 MiB, 100 %, 444.26 W, 1980 MHz, 15 %, 37
2026/10/10 13:48:20.990, 7, 77409 MiB, 100 %, 469.78 W, 1980 MHz, 16 %, 71
2026/10/10 13:48:21.990, 0, 77409 MiB, 100 %, 248.50 W, 1980 MHz, 15 %, 34
2026/10/10 13:48:21.990, 1, 77409 MiB, 100 %, 269.89 W, 1980 MHz, 15 %, 58
2026/10/10 13:48:21.990, 2, 77409 MiB, 100 %, 249.78 W, 1980 MHz, 15 %, 38
2026/10/10 13:48:21.990, 3, 77409 MiB, 100 %, 245.09 W, 1980 MHz, 15 %, 33
2026/10/10 13:48:21.990, 4, 77409 MiB, 100 %, 241.02 W, 1980 MHz, 15 %, 33
2026/10/10 13:48:21.990, 5, 77409 MiB, 100 %, 251.84 W, 1980 MHz, 16 %, 37
2026/10/10 13:48:21.990, 6, 77409 MiB, 100 %, 241.39 W, 1980 MHz, 15 %, 35
2026/10/10 13:48:21.990, 7, 77409 MiB, 100 %, 278.95 W, 1980 MHz, 15 %, 70
2026/10/10 13:48:22.990, 0, 77409 MiB, 100 %, 247.28 W, 1980 MHz, 15 %, 34
2026/10/10 13:48:22.991, 1, 77409 MiB, 100 %, 269.17 W, 1980 MHz, 16 %, 58
2026/10/10 13:48:22.991, 2, 77409 MiB, 100 %, 248.40 W, 1980 MHz, 15 %, 38
2026/10/10 13:48:22.991, 3, 77409 MiB, 100 %, 245.35 W, 1980 MHz, 15 %, 32
2026/10/10 13:48:22.991, 4, 77409 MiB, 100 %, 241.44 W, 1980 MHz, 15 %, 33
2026/10/10 13:48:22.991, 5, 77409 MiB, 100 %, 250.88 W, 1980 MHz, 15 %, 37
2026/10/10 13:48:22.991, 6, 77409 MiB, 100 %, 242.28 W, 1980 MHz, 15 %, 34
2026/10/10 13:48:22.991, 7, 77409 MiB, 100 %, 277.04 W, 1980 MHz, 15 %, 70
2026/10/10 13:48:23.991, 0, 77409 MiB, 100 %, 247.12 W, 1980 MHz, 15 %, 34
2026/10/10 13:48:23.991, 1, 77409 MiB, 100 %, 271.56 W, 1980 MHz, 16 %, 58
2026/10/10 13:48:23.991, 2, 77409 MiB, 100 %, 248.62 W, 1980 MHz, 15 %, 38
2026/10/10 13:48:23.991, 3, 77409 MiB, 100 %, 243.48 W, 1980 MHz, 15 %, 32
2026/10/10 13:48:23.991, 4, 77409 MiB, 100 %, 242.57 W, 1980 MHz, 15 %, 33
2026/10/10 13:48:23.991, 5, 77409 MiB, 100 %, 248.16 W, 1980 MHz, 15 %, 37
2026/10/10 13:48:23.991, 6, 77409 MiB, 100 %, 241.33 W, 1980 MHz, 15 %, 34
2026/10/10 13:48:23.991, 7, 77409 MiB, 100 %, 279.04 W, 1980 MHz, 16 %, 70
2026/10/10 13:48:24.992, 0, 77409 MiB, 100 %, 245.74 W, 1980 MHz, 15 %, 34
2026/10/10 13:48:24.992, 1, 77409 MiB, 100 %, 271.71 W, 1980 MHz, 16 %, 58
2026/10/10 13:48:24.992, 2, 77409 MiB, 100 %, 249.60 W, 1980 MHz, 15 %, 38
2026/10/10 13:48:24.992, 3, 77409 MiB, 100 %, 245.05 W, 1980 MHz, 15 %, 32
2026/10/10 13:48:24.992, 4, 77409 MiB, 100 %, 240.93 W, 1980 MHz, 15 %, 33
2026/10/10 13:48:24.992, 5, 77409 MiB, 100 %, 247.46 W, 1980 MHz, 15 %, 37
2026/10/10 13:48:24.992, 6, 77409 MiB, 100 %, 242.10 W, 1980 MHz, 15 %, 34
2026/10/10 13:48:24.992, 7, 77409 MiB, 100 %, 278.85 W, 1980 MHz, 15 %, 70
2026/10/10 13:48:25.992, 0, 77409 MiB, 100 %, 246.66 W, 1980 MHz, 15 %, 34
2026/10/10 13:48:25.992, 1, 77409 MiB, 100 %, 269.38 W, 1980 MHz, 15 %, 58
2026/10/10 13:48:25.992, 2, 77409 MiB, 100 %, 247.91 W, 1980 MHz, 15 %, 38
2026/10/10 13:48:25.992, 3, 77409 MiB, 100 %, 244.73 W, 1980 MHz, 15 %, 32
2026/10/10 13:48:25.992, 4, 77409 MiB, 100 %, 241.94 W, 1980 MHz, 15 %, 33
2026/10/10 13:48:25.993, 5, 77409 MiB, 100 %, 249.41 W, 1980 MHz, 15 %, 36
2026/10/10 13:48:25.993, 6, 77409 MiB, 100 %, 241.93 W, 1980 MHz, 15 %, 34
2026/10/10 13:48:25.993, 7, 77409 MiB, 100 %, 277.27 W, 1980 MHz, 15 %, 70
2026/10/10 13:48:26.993, 0, 77409 MiB, 100 %, 247.88 W, 1980 MHz, 15 %, 34
2026/10/10 13:48:26.993, 1, 77409 MiB, 100 %, 269.07 W, 1980 MHz, 16 %, 58
2026/10/10 13:48:26.993, 2, 77409 MiB, 100 %, 247.86 W, 1980 MHz, 15 %, 38
2026/10/10 13:48:26.993, 3, 77409 MiB, 100 %, 244.28 W, 1980 MHz, 15 %, 32
2026/10/10 13:48:26.993, 4, 77409 MiB, 100 %, 241.41 W, 1980 MHz, 15 %, 33
2026/10/10 13:48:26.993, 5, 77409 MiB, 100 %, 249.42 W, 1980 MHz, 15 %, 36
2026/10/10 13:48:26.993, 6, 77409 MiB, 100 %, 242.08 W, 1980 MHz, 16 %, 34
2026/10/10 13:48:26.993, 7, 77409 MiB, 100 %, 277.68 W, 1980 MHz, 16 %, 70
2026/10/10 13:48:27.993, 0, 77409 MiB, 100 %, 247.03 W, 1980 MHz, 15 %, 34
2026/10/10 13:48:27.993, 1, 77409 MiB, 100 %, 268.62 W, 1980 MHz, 15 %, 58
2026/10/10 13:48:27.994, 2, 77409 MiB, 100 %, 248.48 W, 1980 MHz, 15 %, 38
2026/10/10 13:48:27.994, 3, 77409 MiB, 100 %, 246.12 W, 1980 MHz, 15 %, 32
2026/10/10 13:48:27.994, 4, 77409 MiB, 100 %, 243.95 W, 1980 MHz, 15 %, 33
2026/10/10 13:48:27.994, 5, 77409 MiB, 100 %, 249.32 W, 1980 MHz, 15 %, 36
2026/10/10 13:48:27.994, 6, 77409 MiB, 100 %, 241.56 W, 1980 MHz, 15 %, 34
2026/10/10 13:48:27.994, 7, 77409 MiB, 100 %, 276.09 W, 1980 MHz, 15 %, 70
2026/10/10 13:48:28.994, 0, 77409 MiB, 100 %, 245.51 W, 1980 MHz, 15 %, 34
2026/10/10 13:48:28.994, 1, 77409 MiB, 100 %, 268.17 W, 1980 MHz, 15 %, 58
2026/10/10 13:48:28.994, 2, 77409 MiB, 100 %, 249.46 W, 1980 MHz, 15 %, 38
2026/10/10 13:48:28.994, 3, 77409 MiB, 100 %, 244.81 W, 1980 MHz, 15 %, 32
2026/10/10 13:48:28.994, 4, 77409 MiB, 100 %, 244.61 W, 1980 MHz, 16 %, 33
2026/10/10 13:48:28.994, 5, 77409 MiB, 100 %, 248.75 W, 1980 MHz, 15 %, 36
2026/10/10 13:48:28.994, 6, 77409 MiB, 100 %, 242.79 W, 1980 MHz, 15 %, 34
2026/10/10 13:48:28.994, 7, 77409 MiB, 100 %, 277.75 W, 1980 MHz, 15 %, 69
2026/10/10 13:48:29.994, 0, 77409 MiB, 100 %, 247.42 W, 1980 MHz, 15 %, 34
2026/10/10 13:48:29.995, 1, 77409 MiB, 100 %, 270.31 W, 1980 MHz, 16 %, 58
2026/10/10 13:48:29.995, 2, 77409 MiB, 100 %, 249.37 W, 1980 MHz, 15 %, 38
2026/10/10 13:48:29.995, 3, 77409 MiB, 100 %, 246.33 W, 1980 MHz, 15 %, 32
2026/10/10 13:48:29.995, 4, 77409 MiB, 100 %, 242.80 W, 1980 MHz, 15 %, 33
2026/10/10 13:48:29.995, 5, 77409 MiB, 100 %, 248.21 W, 1980 MHz, 15 %, 36
2026/10/10 13:48:29.995, 6, 77409 MiB, 100 %, 242.37 W, 1980 MHz, 16 %, 34
2026/10/10 13:48:29.995, 7, 77409 MiB, 100 %, 277.56 W, 1980 MHz, 15 %, 69
2026/10/10 13:48:30.995, 0, 77409 MiB, 100 %, 246.55 W, 1980 MHz, 15 %, 34
2026/10/10 13:48:30.995, 1, 77409 MiB, 100 %, 267.58 W, 1980 MHz, 15 %, 58
2026/10/10 13:48:30.995, 2, 77409 MiB, 100 %, 249.07 W, 1980 MHz, 15 %, 38
2026/10/10 13:48:30.995, 3, 77409 MiB, 100 %, 246.46 W, 1980 MHz, 15 %, 32
2026/10/10 13:48:30.995, 4, 77409 MiB, 100 %, 244.04 W, 1980 MHz, 15 %, 33
2026/10/10 13:48:30.995, 5, 77409 MiB, 100 %, 246.87 W, 1980 MHz, 15 %, 36
2026/10/10 13:48:30.995, 6, 77409 MiB, 100 %, 242.60 W, 1980 MHz, 16 %, 34
2026/10/10 13:48:30.996, 7, 77409 MiB, 100 %, 277.86 W, 1980 MHz, 15 %, 69
2026/10/10 13:48:31.996, 0, 77409 MiB, 100 %, 247.86 W, 1980 MHz, 16 %, 34
2026/10/10 13:48:31.996, 1, 77409 MiB, 100 %, 270.26 W, 1980 MHz, 15 %, 58
2026/10/10 13:48:31.996, 2, 77409 MiB, 100 %, 249.20 W, 1980 MHz, 15 %, 38
2026/10/10 13:48:31.996, 3, 77409 MiB, 100 %, 244.60 W, 1980 MHz, 15 %, 32
2026/10/10 13:48:31.996, 4, 77409 MiB, 100 %, 242.35 W, 1980 MHz, 15 %, 33
2026/10/10 13:48:31.996, 5, 77409 MiB, 100 %, 248.93 W, 1980 MHz, 15 %, 36
2026/10/10 13:48:31.996, 6, 77409 MiB, 100 %, 240.72 W, 1980 MHz, 15 %, 34
2026/10/10 13:48:31.996, 7, 77409 MiB, 100 %, 279.28 W, 1980 MHz, 15 %, 70
2026/10/10 13:48:32.996, 0, 77409 MiB, 100 %, 248.01 W, 1980 MHz, 15 %, 34
2026/10/10 13:48:32.996, 1, 77409 MiB, 100 %, 267.78 W, 1980 MHz, 15 %, 58
2026/10/10 13:48:32.996, 2, 77409 MiB, 100 %, 248.03 W, 1980 MHz, 15 %, 38
2026/10/10 13:48:32.996, 3, 77409 MiB, 100 %, 246.33 W, 1980 MHz, 15 %, 32
2026/10/10 13:48:32.997, 4, 77409 MiB, 100 %, 243.55 W, 1980 MHz, 15 %, 33
2026/10/10 13:48:32.997, 5, 77409 MiB, 100 %, 250.83 W, 1980 MHz, 16 %, 36
2026/10/10 13:48:32.997, 6, 77409 MiB, 100 %, 240.53 W, 1980 MHz, 15 %, 34
2026/10/10 13:48:32.997, 7, 77409 MiB, 100 %, 278.60 W, 1980 MHz, 15 %, 70
2026/10/10 13:48:33.997, 0, 77409 MiB, 100 %, 245.74 W, 1980 MHz, 15 %, 34
2026/10/10 13:48:33.997, 1, 77409 MiB, 100 %, 265.53 W, 1980 MHz, 15 %, 58
2026/10/10 13:48:33.997, 2, 77409 MiB, 100 %, 247.80 W, 1980 MHz, 15 %, 38
2026/10/10 13:48:33.997, 3, 77409 MiB, 100 %, 246.88 W, 1980 MHz, 15 %, 32
2026/10/10 13:48:33.997, 4, 77409 MiB, 100 %, 244.01 W, 1980 MHz, 15 %, 33
2026/10/10 13:48:33.997, 5, 77409 MiB, 100 %, 251.45 W, 1980 MHz, 16 %, 36
2026/10/10 13:48:33.997, 6, 77409 MiB, 100 %, 241.11 W, 1980 MHz, 15 %, 34
2026/10/10 13:48:33.997, 7, 77409 MiB, 100 %, 278.08 W, 1980 MHz, 16 %, 69
2026/10/10 13:48:34.997, 0, 77409 MiB, 100 %, 246.41 W, 1980 MHz, 15 %, 34
2026/10/10 13:48:34.998, 1, 77409 MiB, 100 %, 265.25 W, 1980 MHz, 15 %, 58
2026/10/10 13:48:34.998, 2, 77409 MiB, 100 %, 247.95 W, 1980 MHz, 15 %, 38
2026/10/10 13:48:34.998, 3, 77409 MiB, 100 %, 245.98 W, 1980 MHz, 15 %, 32
2026/10/10 13:48:34.998, 4, 77409 MiB, 100 %, 242.52 W, 1980 MHz, 15 %, 33
2026/10/10 13:48:34.998, 5, 77409 MiB, 100 %, 251.54 W, 1980 MHz, 15 %, 36
2026/10/10 13:48:34.998, 6, 77409 MiB, 100 %, 241.98 W, 1980 MHz, 15 %, 34
2026/10/10 13:48:34.998, 7, 77409 MiB, 100 %, 278.38 W, 1980 MHz, 15 %, 70
2026/10/10 13:48:35.998, 0, 77409 MiB, 100 %, 247.73 W, 1980 MHz, 15 %, 34
2026/10/10 13:48:35.998, 1, 77409 MiB, 100 %, 267.13 W, 1980 MHz, 15 %, 58
2026/10/10 13:48:35.998, 2, 77409 MiB, 100 %, 246.59 W, 1980 MHz, 15 %, 38
2026/10/10 13:48:35.998, 3, 77409 MiB, 100 %, 247.12 W, 1980 MHz, 15 %, 32
2026/10/10 13:48:35.998, 4, 77409 MiB, 100 %, 244.60 W, 1980 MHz, 15 %, 33
2026/10/10 13:48:35.998, 5, 77409 MiB, 100 %, 249.59 W, 1980 MHz, 15 %, 36
2026/10/10 13:48:35.998, 6, 77409 MiB, 100 %, 241.74 W, 1980 MHz, 15 %, 34
2026/10/10 13:48:35.998, 7, 77409 MiB, 100 %, 277.67 W, 1980 MHz, 15 %, 70
2026/10/10 13:48:36.999, 0, 77409 MiB, 100 %, 246.38 W, 1980 MHz, 15 %, 34
2026/10/10 13:48:36.999, 1, 77409 MiB, 100 %, 264.20 W, 1980 MHz, 15 %, 58
2026/10/10 13:48:36.999, 2, 77409 MiB, 100 %, 247.83 W, 1980 MHz, 15 %, 38
2026/10/10 13:48:36.999, 3, 77409 MiB, 100 %, 245.67 W, 1980 MHz, 15 %, 32
2026/10/10 13:48:36.999, 4, 77409 MiB, 100 %, 244.06 W, 1980 MHz, 15 %, 33
2026/10/10 13:48:36.999, 5, 77409 MiB, 100 %, 250.70 W, 1980 MHz, 16 %, 36
2026/10/10 13:48:36.999, 6, 77409 MiB, 100 %, 242.28 W, 1980 MHz, 15 %, 34
2026/10/10 13:48:36.999, 7, 77409 MiB, 100 %, 279.17 W, 1980 MHz, 16 %, 69
2026/10/10 13:48:37.999, 0, 77409 MiB, 100 %, 245.61 W, 1980 MHz, 15 %, 34
2026/10/10 13:48:37.999, 1, 77409 MiB, 100 %, 266.82 W, 1980 MHz, 15 %, 58
2026/10/10 13:48:37.999, 2, 77409 MiB, 100 %, 247.18 W, 1980 MHz, 15 %, 38
2026/10/10 13:48:37.999, 3, 77409 MiB, 100 %, 247.04 W, 1980 MHz, 15 %, 32
2026/10/10 13:48:38.000, 4, 77409 MiB, 100 %, 243.51 W, 1980 MHz, 15 %, 33
2026/10/10 13:48:38.000, 5, 77409 MiB, 100 %, 252.14 W, 1980 MHz, 16 %, 36
2026/10/10 13:48:38.000, 6, 77409 MiB, 100 %, 242.07 W, 1980 MHz, 16 %, 34
2026/10/10 13:48:38.000, 7, 77409 MiB, 100 %, 278.06 W, 1980 MHz, 15 %, 69
2026/10/10 13:48:39.000, 0, 77409 MiB, 100 %, 248.82 W, 1980 MHz, 15 %, 34
2026/10/10 13:48:39.000, 1, 77409 MiB, 100 %, 265.07 W, 1980 MHz, 15 %, 58
2026/10/10 13:48:39.000, 2, 77409 MiB, 100 %, 247.64 W, 1980 MHz, 15 %, 38
2026/10/10 13:48:39.000, 3, 77409 MiB, 100 %, 245.67 W, 1980 MHz, 15 %, 32
2026/10/10 13:48:39.000, 4, 77409 MiB, 100 %, 244.65 W, 1980 MHz, 15 %, 33
2026/10/10 13:48:39.000, 5, 77409 MiB, 100 %, 251.44 W, 1980 MHz, 16 %, 36
2026/10/10 13:48:39.000, 6, 77409 MiB, 100 %, 242.15 W, 1980 MHz, 15 %, 34
2026/10/10 13:48:39.000, 7, 77409 MiB, 100 %, 277.73 W, 1980 MHz, 15 %, 69
2026/10/10 13:48:40.000, 0, 77409 MiB, 100 %, 451.36 W, 1980 MHz, 16 %, 36
2026/10/10 13:48:40.001, 1, 77409 MiB, 100 %, 462.16 W, 1980 MHz, 15 %, 59
2026/10/10 13:48:40.001, 2, 77409 MiB, 100 %, 446.53 W, 1980 MHz, 15 %, 39
2026/10/10 13:48:40.001, 3, 77409 MiB, 100 %, 444.87 W, 1980 MHz, 15 %, 35
2026/10/10 13:48:40.001, 4, 77409 MiB, 100 %, 438.46 W, 1980 MHz, 15 %, 35
2026/10/10 13:48:40.001, 5, 77409 MiB, 100 %, 446.60 W, 1980 MHz, 15 %, 39
2026/10/10 13:48:40.001, 6, 77409 MiB, 100 %, 440.80 W, 1980 MHz, 15 %, 37
2026/10/10 13:48:40.001, 7, 77409 MiB, 100 %, 471.00 W, 1980 MHz, 15 %, 71
2026/10/10 13:48:41.001, 0, 77409 MiB, 100 %, 250.01 W, 1980 MHz, 15 %, 34
2026/10/10 13:48:41.001, 1, 77409 MiB, 100 %, 265.45 W, 1980 MHz, 15 %, 58
2026/10/10 13:48:41.001, 2, 77409 MiB, 100 %, 251.20 W, 1980 MHz, 15 %, 38
2026/10/10 13:48:41.001, 3, 77409 MiB, 100 %, 247.54 W, 1980 MHz, 15 %, 33
2026/10/10 13:48:41.002, 4, 77409 MiB, 100 %, 243.45 W, 1980 MHz, 15 %, 33
2026/10/10 13:48:41.002, 5, 77409 MiB, 100 %, 250.99 W, 1980 MHz, 16 %, 37
2026/10/10 13:48:41.002, 6, 77409 MiB, 100 %, 239.94 W, 1980 MHz, 16 %, 35
2026/10/10 13:48:41.002, 7, 77409 MiB, 100 %, 278.66 W, 1980 MHz, 15 %, 70
2026/10/10 13:48:42.002, 0, 77409 MiB, 100 %, 249.39 W, 1980 MHz, 15 %, 34
2026/10/10 13:48:42.002, 1, 77409 MiB, 100 %, 264.02 W, 1980 MHz, 15 %, 58
2026/10/10 13:48:42.002, 2, 77409 MiB, 100 %, 249.55 W, 1980 MHz, 15 %, 38
2026/10/10 13:48:42.002, 3, 77409 MiB, 100 %, 248.43 W, 1980 MHz, 15 %, 33
2026/10/10 13:48:42.002, 4, 77409 MiB, 100 %, 240.75 W, 1980 MHz, 15 %, 33
2026/10/10 13:48:42.002, 5, 77409 MiB, 100 %, 248.95 W, 1980 MHz, 15 %, 37
2026/10/10 13:48:42.002, 6, 77409 MiB, 100 %, 239.52 W, 1980 MHz, 15 %, 34
2026/10/10 13:48:42.002, 7, 77409 MiB, 100 %, 278.64 W, 1980 MHz, 15 %, 70
2026/10/10 13:48:43.002, 0, 77409 MiB, 100 %, 248.38 W, 1980 MHz, 15 %, 34
2026/10/10 13:48:43.003, 1, 77409 MiB, 100 %, 264.48 W, 1980 MHz, 15 %, 58
2026/10/10 13:48:43.003, 2, 77409 MiB, 100 %, 250.37 W, 1980 MHz, 15 %, 38
2026/10/10 13:48:43.003, 3, 77409 MiB, 100 %, 250.66 W, 1980 MHz, 16 %, 33
2026/10/10 13:48:43.003, 4, 77409 MiB, 100 %, 243.59 W, 1980 MHz, 15 %, 33
2026/10/10 13:48:43.003, 5, 77409 MiB, 100 %, 246.69 W, 1980 MHz, 16 %, 37
2026/10/10 13:48:43.003, 6, 77409 MiB, 100 %, 239.19 W, 1980 MHz, 15 %, 34
2026/10/10 13:48:43.003, 7, 77409 MiB, 100 %, 278.09 W, 1980 MHz, 15 %, 70
2026/10/10 13:48:44.003, 0, 77409 MiB, 100 %, 248.32 W, 1980 MHz, 15 %, 34
2026/10/10 13:48:44.003, 1, 77409 MiB, 100 %, 266.13 W, 1980 MHz, 15 %, 58
2026/10/10 13:48:44.003, 2, 77409 MiB, 100 %, 250.46 W, 1980 MHz, 15 %, 38
2026/10/10 13:48:44.003, 3, 77409 MiB, 100 %, 248.59 W, 1980 MHz, 16 %, 32
2026/10/10 13:48:44.003, 4, 77409 MiB, 100 %, 243.95 W, 1980 MHz, 16 %, 33
2026/10/10 13:48:44.003, 5, 77409 MiB, 100 %, 247.49 W, 1980 MHz, 15 %, 37
2026/10/10 13:48:44.003, 6, 77409 MiB, 100 %, 239.40 W, 1980 MHz, 15 %, 34
2026/10/10 13:48:44.003, 7, 77409 MiB, 100 %, 279.41 W, 1980 MHz, 15 %, 70
2026/10/10 13:48:45.004, 0, 77409 MiB, 100 %, 249.86 W, 1980 MHz, 15 %, 34
2026/10/10 13:48:45.004, 1, 77409 MiB, 100 %, 267.25 W, 1980 MHz, 15 %, 58
2026/10/10 13:48:45.004, 2, 77409 MiB, 100 %, 250.57 W, 1980 MHz, 15 %, 38
2026/10/10 13:48:45.004, 3, 77409 MiB, 100 %, 250.63 W, 1980 MHz, 16 %, 32
2026/10/10 13:48:45.004, 4, 77409 MiB, 100 %, 244.92 W, 1980 MHz, 15 %, 33
2026/10/10 13:48:45.004, 5, 77409 MiB, 100 %, 248.60 W, 1980 MHz, 15 %, 37
2026/10/10 13:48:45.004, 6, 77409 MiB, 100 %, 239.70 W, 1980 MHz, 15 %, 34
2026/10/10 13:48:45.004, 7, 77409 MiB, 100 %, 276.12 W, 1980 MHz, 15 %, 70
2026/10/10 13:48:46.004, 0, 77409 MiB, 100 %, 249.01 W, 1980 MHz, 15 %, 34
2026/10/10 13:48:46.004, 1, 77409 MiB, 100 %, 264.92 W, 1980 MHz, 15 %, 58
2026/10/10 13:48:46.004, 2, 77409 MiB, 100 %, 250.70 W, 1980 MHz, 15 %, 38
2026/10/10 13:48:46.005, 3, 77409 MiB, 100 %, 250.41 W, 1980 MHz, 15 %, 32
2026/10/10 13:48:46.005, 4, 77409 MiB, 100 %, 243.41 W, 1980 MHz, 16 %, 33
2026/10/10 13:48:46.005, 5, 77409 MiB, 100 %, 247.76 W, 1980 MHz, 15 %, 37
2026/10/10 13:48:46.005, 6, 77409 MiB, 100 %, 240.87 W, 1980 MHz, 15 %, 34
2026/10/10 13:48:46.005, 7, 77409 MiB, 100 %, 276.49 W, 1980 MHz, 15 %, 70
2026/10/10 13:48:47.005, 0, 77409 MiB, 100 %, 248.24 W, 1980 MHz, 15 %, 34
2026/10/10 13:48:47.005, 1, 77409 MiB, 100 %, 265.75 W, 1980 MHz, 15 %, 58
2026/10/10 13:48:47.005, 2, 77409 MiB, 100 %, 248.72 W, 1980 MHz, 15 %, 38
2026/10/10 13:48:47.005, 3, 77409 MiB, 100 %, 252.05 W, 1980 MHz, 15 %, 32
2026/10/10 13:48:47.005, 4, 77409 MiB, 100 %, 246.02 W, 1980 MHz, 15 %, 33
2026/10/10 13:48:47.005, 5, 77409 MiB, 100 %, 248.24 W, 1980 MHz, 15 %, 36
2026/10/10 13:48:47.005, 6, 77409 MiB, 100 %, 239.52 W, 1980 MHz, 15 %, 34
2026/10/10 13:48:47.005, 7, 77409 MiB, 100 %, 277.12 W, 1980 MHz, 15 %, 70
2026/10/10 13:48:48.006, 0, 77409 MiB, 100 %, 250.75 W, 1980 MHz, 15 %, 34
2026/10/10 13:48:48.006, 1, 77409 MiB, 100 %, 266.20 W, 1980 MHz, 15 %, 58
2026/10/10 13:48:48.006, 2, 77409 MiB, 100 %, 250.11 W, 1980 MHz, 15 %, 38
2026/10/10 13:48:48.006, 3, 77409 MiB, 100 %, 249.83 W, 1980 MHz, 15 %, 32
2026/10/10 13:48:48.006, 4, 77409 MiB, 100 %, 243.94 W, 1980 MHz, 16 %, 33
2026/10/10 13:48:48.006, 5, 77409 MiB, 100 %, 247.38 W, 1980 MHz, 15 %, 36
2026/10/10 13:48:48.006, 6, 77409 MiB, 100 %, 240.08 W, 1980 MHz, 15 %, 34
2026/10/10 13:48:48.006, 7, 77409 MiB, 100 %, 278.88 W, 1980 MHz, 15 %, 70
2026/10/10 13:48:49.006, 0, 77409 MiB, 100 %, 249.26 W, 1980 MHz, 15 %, 34
2026/10/10 13:48:49.006, 1, 77409 MiB, 100 %, 265.90 W, 1980 MHz, 15 %, 58
2026/10/10 13:48:49.006, 2, 77409 MiB, 100 %, 251.07 W, 1980 MHz, 15 %, 38
2026/10/10 13:48:49.006, 3, 77409 MiB, 100 %, 249.40 W, 1980 MHz, 15 %, 32
2026/10/10 13:48:49.007, 4, 77409 MiB, 100 %, 243.36 W, 1980 MHz, 15 %, 33
2026/10/10 13:48:49.007, 5, 77409 MiB, 100 %, 247.60 W, 1980 MHz, 15 %, 36
2026/10/10 13:48:49.007, 6, 77409 MiB, 100 %, 239.88 W, 1980 MHz, 15 %, 34
2026/10/10 13:48:49.007, 7, 77409 MiB, 100 %, 277.87 W, 1980 MHz, 15 %, 70
2026/10/10 13:48:50.007, 0, 77409 MiB, 100 %, 247.95 W, 1980 MHz, 15 %, 34
2026/10/10 13:48:50.007, 1, 77409 MiB, 100 %, 265.58 W, 1980 MHz, 15 %, 58
2026/10/10 13:48:50.007, 2, 77409 MiB, 100 %, 250.94 W, 1980 MHz, 15 %, 38
2026/10/10 13:48:50.007, 3, 77409 MiB, 100 %, 248.87 W, 1980 MHz, 16 %, 32
2026/10/10 13:48:50.007, 4, 77409 MiB, 100 %, 243.49 W, 1980 MHz, 15 %, 33
2026/10/10 13:48:50.007, 5, 77409 MiB, 100 %, 247.63 W, 1980 MHz, 15 %, 36
2026/10/10 13:48:50.007, 6, 77409 MiB, 100 %, 240.26 W, 1980 MHz, 15 %, 34
2026/10/10 13:48:50.007, 7, 77409 MiB, 100 %, 278.05 W, 1980 MHz, 15 %, 69
2026/10/10 13:48:51.007, 0, 77409 MiB, 100 %, 249.73 W, 1980 MHz, 16 %, 34
2026/10/10 13:48:51.008, 1, 77409 MiB, 100 %, 266.55 W, 1980 MHz, 15 %, 58
2026/10/10 13:48:51.008, 2, 77409 MiB, 100 %, 250.54 W, 1980 MHz, 15 %, 38
2026/10/10 13:48:51.008, 3, 77409 MiB, 100 %, 248.18 W, 1980 MHz, 16 %, 32
2026/10/10 13:48:51.008, 4, 77409 MiB, 100 %, 243.26 W, 1980 MHz, 15 %, 33
2026/10/10 13:48:51.008, 5, 77409 MiB, 100 %, 249.16 W, 1980 MHz, 15 %, 36
2026/10/10 13:48:51.008, 6, 77409 MiB, 100 %, 240.02 W, 1980 MHz, 15 %, 34
2026/10/10 13:48:51.008, 7, 77409 MiB, 100 %, 276.22 W, 1980 MHz, 15 %, 69
2026/10/10 13:48:52.008, 0, 77409 MiB, 100 %, 248.23 W, 1980 MHz, 15 %, 34
2026/10/10 13:48:52.008, 1, 77409 MiB, 100 %, 267.60 W, 1980 MHz, 16 %, 58
2026/10/10 13:48:52.008, 2, 77409 MiB, 100 %, 250.53 W, 1980 MHz, 15 %, 38
2026/10/10 13:48:52.008, 3, 77409 MiB, 100 %, 248.83 W, 1980 MHz, 15 %, 32
2026/10/10 13:48:52.008, 4, 77409 MiB, 100 %, 241.93 W, 1980 MHz, 15 %, 33
2026/10/10 13:48:52.008, 5, 77409 MiB, 100 %, 246.21 W, 1980 MHz, 15 %, 36
2026/10/10 13:48:52.008, 6, 77409 MiB, 100 %, 240.37 W, 1980 MHz, 15 %, 34
2026/10/10 13:48:52.009, 7, 77409 MiB, 100 %, 277.90 W, 1980 MHz, 15 %, 69
2026/10/10 13:48:53.009, 0, 77409 MiB, 100 %, 248.77 W, 1980 MHz, 15 %, 34
2026/10/10 13:48:53.009, 1, 77409 MiB, 100 %, 268.17 W, 1980 MHz, 15 %, 58
2026/10/10 13:48:53.009, 2, 77409 MiB, 100 %, 250.55 W, 1980 MHz, 15 %, 38
2026/10/10 13:48:53.009, 3, 77409 MiB, 100 %, 249.40 W, 1980 MHz, 15 %, 32
2026/10/10 13:48:53.009, 4, 77409 MiB, 100 %, 243.62 W, 1980 MHz, 15 %, 33
2026/10/10 13:48:53.009, 5, 77409 MiB, 100 %, 247.83 W, 1980 MHz, 15 %, 36
2026/10/10 13:48:53.009, 6, 77409 MiB, 100 %, 239.64 W, 1980 MHz, 15 %, 34
2026/10/10 13:48:53.009, 7, 77409 MiB, 100 %, 277.42 W, 1980 MHz, 15 %, 70
2026/10/10 13:48:54.009, 0, 77409 MiB, 100 %, 247.93 W, 1980 MHz, 15 %, 34
2026/10/10 13:48:54.009, 1, 77409 MiB, 100 %, 266.53 W, 1980 MHz, 15 %, 58
2026/10/10 13:48:54.009, 2, 77409 MiB, 100 %, 251.29 W, 1980 MHz, 15 %, 38
2026/10/10 13:48:54.010, 3, 77409 MiB, 100 %, 250.32 W, 1980 MHz, 16 %, 32
2026/10/10 13:48:54.010, 4, 77409 MiB, 100 %, 242.47 W, 1980 MHz, 15 %, 33
2026/10/10 13:48:54.010, 5, 77409 MiB, 100 %, 246.80 W, 1980 MHz, 15 %, 36
2026/10/10 13:48:54.010, 6, 77409 MiB, 100 %, 240.26 W, 1980 MHz, 15 %, 34
2026/10/10 13:48:54.010, 7, 77409 MiB, 100 %, 276.54 W, 1980 MHz, 15 %, 69
2026/10/10 13:48:55.010, 0, 77409 MiB, 100 %, 249.50 W, 1980 MHz, 15 %, 34
2026/10/10 13:48:55.010, 1, 77409 MiB, 100 %, 268.07 W, 1980 MHz, 15 %, 58
2026/10/10 13:48:55.010, 2, 77409 MiB, 100 %, 251.73 W, 1980 MHz, 15 %, 38
2026/10/10 13:48:55.010, 3, 77409 MiB, 100 %, 248.05 W, 1980 MHz, 15 %, 32
2026/10/10 13:48:55.010, 4, 77409 MiB, 100 %, 244.82 W, 1980 MHz, 15 %, 33
2026/10/10 13:48:55.010, 5, 77409 MiB, 100 %, 247.16 W, 1980 MHz, 15 %, 36
2026/10/10 13:48:55.010, 6, 77409 MiB, 100 %, 238.28 W, 1980 MHz, 15 %, 34
2026/10/10 13:48:55.010, 7, 77409 MiB, 100 %, 276.64 W, 1980 MHz, 15 %, 69
2026/10/10 13:48:56.011, 0, 77409 MiB, 100 %, 249.08 W, 1980 MHz, 15 %, 34
2026/10/10 13:48:56.011, 1, 77409 MiB, 100 %, 265.17 W, 1980 MHz, 15 %, 58
2026/10/10 13:48:56.011, 2, 77409 MiB, 100 %, 250.85 W, 1980 MHz, 15 %, 38
2026/10/10 13:48:56.011, 3, 77409 MiB, 100 %, 250.04 W, 1980 MHz, 16 %, 32
2026/10/10 13:48:56.011, 4, 77409 MiB, 100 %, 244.99 W, 1980 MHz, 16 %, 33
2026/10/10 13:48:56.011, 5, 77409 MiB, 100 %, 248.97 W, 1980 MHz, 15 %, 36
2026/10/10 13:48:56.011, 6, 77409 MiB, 100 %, 238.37 W, 1980 MHz, 15 %, 34
2026/10/10 13:48:56.011, 7, 77409 MiB, 100 %, 277.13 W, 1980 MHz, 15 %, 69
2026/10/10 13:48:57.011, 0, 77409 MiB, 100 %, 251.41 W, 1980 MHz, 15 %, 34
2026/10/10 13:48:57.011, 1, 77409 MiB, 100 %, 265.85 W, 1980 MHz, 15 %, 58
2026/10/10 13:48:57.011, 2, 77409 MiB, 100 %, 251.57 W, 1980 MHz, 15 %, 38
2026/10/10 13:48:57.011, 3, 77409 MiB, 100 %, 248.76 W, 1980 MHz, 15 %, 32
2026/10/10 13:48:57.011, 4, 77409 MiB, 100 %, 243.66 W, 1980 MHz, 15 %, 33
2026/10/10 13:48:57.012, 5, 77409 MiB, 100 %, 248.53 W, 1980 MHz, 15 %, 36
2026/10/10 13:48:57.012, 6, 77409 MiB, 100 %, 239.33 W, 1980 MHz, 15 %, 34
2026/10/10 13:48:57.012, 7, 77409 MiB, 100 %, 276.35 W, 1980 MHz, 15 %, 69
2026/10/10 13:48:58.012, 0, 77409 MiB, 100 %, 250.65 W, 1980 MHz, 15 %, 34
2026/10/10 13:48:58.012, 1, 77409 MiB, 100 %, 264.22 W, 1980 MHz, 15 %, 58
2026/10/10 13:48:58.012, 2, 77409 MiB, 100 %, 251.89 W, 1980 MHz, 15 %, 38
2026/10/10 13:48:58.012, 3, 77409 MiB, 100 %, 248.71 W, 1980 MHz, 15 %, 32
2026/10/10 13:48:58.012, 4, 77409 MiB, 100 %, 243.59 W, 1980 MHz, 15 %, 33
2026/10/10 13:48:58.012, 5, 77409 MiB, 100 %, 248.04 W, 1980 MHz, 15 %, 36
2026/10/10 13:48:58.012, 6, 77409 MiB, 100 %, 239.26 W, 1980 MHz, 15 %, 34
2026/10/10 13:48:58.012, 7, 77409 MiB, 100 %, 277.56 W, 1980 MHz, 15 %, 69
2026/10/10 13:48:59.012, 0, 77409 MiB, 100 %, 457.26 W, 1980 MHz, 16 %, 36
2026/10/10 13:48:59.013, 1, 77409 MiB, 100 %, 473.77 W, 1980 MHz, 15 %, 59
2026/10/10 13:48:59.013, 2, 77409 MiB, 100 %, 450.11 W, 1980 MHz, 15 %, 39
2026/10/10 13:48:59.013, 3, 77409 MiB, 100 %, 454.74 W, 1980 MHz, 15 %, 35
2026/10/10 13:48:59.013, 4, 77409 MiB, 100 %, 452.92 W, 1980 MHz, 15 %, 35
2026/10/10 13:48:59.013, 5, 77409 MiB, 100 %, 452.73 W, 1980 MHz, 15 %, 39
2026/10/10 13:48:59.013, 6, 77409 MiB, 100 %, 451.49 W, 1980 MHz, 15 %, 37
2026/10/10 13:48:59.013, 7, 77409 MiB, 100 %, 476.85 W, 1980 MHz, 15 %, 71
2026/10/10 13:49:00.013, 0, 77409 MiB, 100 %, 250.09 W, 1980 MHz, 15 %, 34
2026/10/10 13:49:00.013, 1, 77409 MiB, 100 %, 264.52 W, 1980 MHz, 15 %, 58
2026/10/10 13:49:00.013, 2, 77409 MiB, 100 %, 250.95 W, 1980 MHz, 15 %, 38
2026/10/10 13:49:00.013, 3, 77409 MiB, 100 %, 245.62 W, 1980 MHz, 15 %, 33
2026/10/10 13:49:00.014, 4, 77409 MiB, 100 %, 246.55 W, 1980 MHz, 15 %, 34
2026/10/10 13:49:00.014, 5, 77409 MiB, 100 %, 250.00 W, 1980 MHz, 15 %, 37
2026/10/10 13:49:00.014, 6, 77409 MiB, 100 %, 241.21 W, 1980 MHz, 16 %, 35
2026/10/10 13:49:00.014, 7, 77409 MiB, 100 %, 277.52 W, 1980 MHz, 15 %, 70
2026/10/10 13:49:01.014, 0, 77409 MiB, 100 %, 251.23 W, 1980 MHz, 15 %, 34
2026/10/10 13:49:01.014, 1, 77409 MiB, 100 %, 265.39 W, 1980 MHz, 15 %, 58
2026/10/10 13:49:01.014, 2, 77409 MiB, 100 %, 252.56 W, 1980 MHz, 15 %, 38
2026/10/10 13:49:01.014, 3, 77409 MiB, 100 %, 246.52 W, 1980 MHz, 15 %, 33
2026/10/10 13:49:01.014, 4, 77409 MiB, 100 %, 245.28 W, 1980 MHz, 16 %, 33
2026/10/10 13:49:01.014, 5, 77409 MiB, 100 %, 248.41 W, 1980 MHz, 15 %, 37
2026/10/10 13:49:01.014, 6, 77409 MiB, 100 %, 241.46 W, 1980 MHz, 15 %, 34
2026/10/10 13:49:01.014, 7, 77409 MiB, 100 %, 275.98 W, 1980 MHz, 15 %, 70
2026/10/10 13:49:02.015, 0, 77409 MiB, 100 %, 248.41 W, 1980 MHz, 15 %, 34
2026/10/10 13:49:02.015, 1, 77409 MiB, 100 %, 264.45 W, 1980 MHz, 15 %, 58
2026/10/10 13:49:02.015, 2, 77409 MiB, 100 %, 251.30 W, 1980 MHz, 15 %, 38
2026/10/10 13:49:02.015, 3, 77409 MiB, 100 %, 245.13 W, 1980 MHz, 16 %, 33
2026/10/10 13:49:02.015, 4, 77409 MiB, 100 %, 246.43 W, 1980 MHz, 15 %, 33
2026/10/10 13:49:02.015, 5, 77409 MiB, 100 %, 248.20 W, 1980 MHz, 15 %, 37
2026/10/10 13:49:02.015, 6, 77409 MiB, 100 %, 241.10 W, 1980 MHz, 16 %, 34
2026/10/10 13:49:02.015, 7, 77409 MiB, 100 %, 276.29 W, 1980 MHz, 15 %, 70
2026/10/10 13:49:03.015, 0, 77409 MiB, 100 %, 249.05 W, 1980 MHz, 15 %, 34
2026/10/10 13:49:03.015, 1, 77409 MiB, 100 %, 267.05 W, 1980 MHz, 15 %, 58
2026/10/10 13:49:03.015, 2, 77409 MiB, 100 %, 250.24 W, 1980 MHz, 15 %, 38
2026/10/10 13:49:03.015, 3, 77409 MiB, 100 %, 243.89 W, 1980 MHz, 15 %, 32
2026/10/10 13:49:03.016, 4, 77409 MiB, 100 %, 245.49 W, 1980 MHz, 15 %, 33
2026/10/10 13:49:03.016, 5, 77409 MiB, 100 %, 250.47 W, 1980 MHz, 15 %, 37
2026/10/10 13:49:03.016, 6, 77409 MiB, 100 %, 241.23 W, 1980 MHz, 15 %, 34
2026/10/10 13:49:03.016, 7, 77409 MiB, 100 %, 278.16 W, 1980 MHz, 15 %, 70
2026/10/10 13:49:04.016, 0, 77409 MiB, 100 %, 249.51 W, 1980 MHz, 15 %, 34
2026/10/10 13:49:04.016, 1, 77409 MiB, 100 %, 265.90 W, 1980 MHz, 15 %, 58
2026/10/10 13:49:04.016, 2, 77409 MiB, 100 %, 252.21 W, 1980 MHz, 15 %, 38
2026/10/10 13:49:04.016, 3, 77409 MiB, 100 %, 245.62 W, 1980 MHz, 15 %, 32
2026/10/10 13:49:04.016, 4, 77409 MiB, 100 %, 245.03 W, 1980 MHz, 15 %, 33
2026/10/10 13:49:04.016, 5, 77409 MiB, 100 %, 250.27 W, 1980 MHz, 15 %, 37
2026/10/10 13:49:04.016, 6, 77409 MiB, 100 %, 240.48 W, 1980 MHz, 15 %, 34
2026/10/10 13:49:04.016, 7, 77409 MiB, 100 %, 277.59 W, 1980 MHz, 15 %, 70
2026/10/10 13:49:05.017, 0, 77409 MiB, 100 %, 248.52 W, 1980 MHz, 15 %, 34
2026/10/10 13:49:05.017, 1, 77409 MiB, 100 %, 267.96 W, 1980 MHz, 15 %, 58
2026/10/10 13:49:05.017, 2, 77409 MiB, 100 %, 250.96 W, 1980 MHz, 15 %, 38
2026/10/10 13:49:05.017, 3, 77409 MiB, 100 %, 245.56 W, 1980 MHz, 15 %, 32
2026/10/10 13:49:05.017, 4, 77409 MiB, 100 %, 244.87 W, 1980 MHz, 16 %, 33
2026/10/10 13:49:05.017, 5, 77409 MiB, 100 %, 250.71 W, 1980 MHz, 16 %, 37
2026/10/10 13:49:05.017, 6, 77409 MiB, 100 %, 241.46 W, 1980 MHz, 15 %, 34
2026/10/10 13:49:05.017, 7, 77409 MiB, 100 %, 278.19 W, 1980 MHz, 15 %, 70
2026/10/10 13:49:06.017, 0, 77409 MiB, 100 %, 248.98 W, 1980 MHz, 16 %, 34
2026/10/10 13:49:06.017, 1, 77409 MiB, 100 %, 267.23 W, 1980 MHz, 15 %, 58
2026/10/10 13:49:06.017, 2, 77409 MiB, 100 %, 250.92 W, 1980 MHz, 15 %, 38
2026/10/10 13:49:06.017, 3, 77409 MiB, 100 %, 244.26 W, 1980 MHz, 15 %, 32
2026/10/10 13:49:06.018, 4, 77409 MiB, 100 %, 245.28 W, 1980 MHz, 15 %, 33
2026/10/10 13:49:06.018, 5, 77409 MiB, 100 %, 250.03 W, 1980 MHz, 15 %, 37
2026/10/10 13:49:06.018, 6, 77409 MiB, 100 %, 240.10 W, 1980 MHz, 15 %, 34
2026/10/10 13:49:06.018, 7, 77409 MiB, 100 %, 278.44 W, 1980 MHz, 15 %, 70
2026/10/10 13:49:07.018, 0, 77409 MiB, 100 %, 250.15 W, 1980 MHz, 15 %, 34
2026/10/10 13:49:07.018, 1, 77409 MiB, 100 %, 267.48 W, 1980 MHz, 15 %, 58
2026/10/10 13:49:07.018, 2, 77409 MiB, 100 %, 249.16 W, 1980 MHz, 15 %, 38
2026/10/10 13:49:07.018, 3, 77409 MiB, 100 %, 244.78 W, 1980 MHz, 15 %, 32
2026/10/10 13:49:07.018, 4, 77409 MiB, 100 %, 245.70 W, 1980 MHz, 16 %, 33
2026/10/10 13:49:07.018, 5, 77409 MiB, 100 %, 250.09 W, 1980 MHz, 15 %, 37
2026/10/10 13:49:07.018, 6, 77409 MiB, 100 %, 241.83 W, 1980 MHz, 15 %, 34
2026/10/10 13:49:07.018, 7, 77409 MiB, 100 %, 278.45 W, 1980 MHz, 15 %, 70
2026/10/10 13:49:08.018, 0, 77409 MiB, 100 %, 250.67 W, 1980 MHz, 15 %, 34
2026/10/10 13:49:08.019, 1, 77409 MiB, 100 %, 267.75 W, 1980 MHz, 15 %, 58
2026/10/10 13:49:08.019, 2, 77409 MiB, 100 %, 249.81 W, 1980 MHz, 15 %, 38
2026/10/10 13:49:08.019, 3, 77409 MiB, 100 %, 245.07 W, 1980 MHz, 15 %, 32
2026/10/10 13:49:08.019, 4, 77409 MiB, 100 %, 244.73 W, 1980 MHz, 15 %, 33
2026/10/10 13:49:08.019, 5, 77409 MiB, 100 %, 250.07 W, 1980 MHz, 15 %, 37
2026/10/10 13:49:08.019, 6, 77409 MiB, 100 %, 240.84 W, 1980 MHz, 15 %, 34
2026/10/10 13:49:08.019, 7, 77409 MiB, 100 %, 279.62 W, 1980 MHz, 15 %, 70
2026/10/10 13:49:09.019, 0, 77409 MiB, 100 %, 250.42 W, 1980 MHz, 16 %, 34
2026/10/10 13:49:09.019, 1, 77409 MiB, 100 %, 273.45 W, 1980 MHz, 15 %, 58
2026/10/10 13:49:09.019, 2, 77409 MiB, 100 %, 248.90 W, 1980 MHz, 15 %, 38
2026/10/10 13:49:09.019, 3, 77409 MiB, 100 %, 245.04 W, 1980 MHz, 15 %, 32
2026/10/10 13:49:09.019, 4, 77409 MiB, 100 %, 243.77 W, 1980 MHz, 15 %, 33
2026/10/10 13:49:09.019, 5, 77409 MiB, 100 %, 250.71 W, 1980 MHz, 15 %, 37
2026/10/10 13:49:09.020, 6, 77409 MiB, 100 %, 240.78 W, 1980 MHz, 15 %, 34
2026/10/10 13:49:09.020, 7, 77409 MiB, 100 %, 282.86 W, 1980 MHz, 16 %, 70
2026/10/10 13:49:10.020, 0, 77409 MiB, 100 %, 249.92 W, 1980 MHz, 15 %, 34
2026/10/10 13:49:10.020, 1, 77409 MiB, 100 %, 268.58 W, 1980 MHz, 15 %, 58
2026/10/10 13:49:10.020, 2, 77409 MiB, 100 %, 248.68 W, 1980 MHz, 15 %, 38
2026/10/10 13:49:10.020, 3, 77409 MiB, 100 %, 244.11 W, 1980 MHz, 15 %, 32
2026/10/10 13:49:10.020, 4, 77409 MiB, 100 %, 243.56 W, 1980 MHz, 15 %, 33
2026/10/10 13:49:10.020, 5, 77409 MiB, 100 %, 249.47 W, 1980 MHz, 15 %, 37
2026/10/10 13:49:10.020, 6, 77409 MiB, 100 %, 240.31 W, 1980 MHz, 15 %, 34
2026/10/10 13:49:10.020, 7, 77409 MiB, 100 %, 282.18 W, 1980 MHz, 16 %, 70
2026/10/10 13:49:11.020, 0, 77409 MiB, 100 %, 248.74 W, 1980 MHz, 15 %, 34
2026/10/10 13:49:11.021, 1, 77409 MiB, 100 %, 268.49 W, 1980 MHz, 15 %, 58
2026/10/10 13:49:11.021, 2, 77409 MiB, 100 %, 249.23 W, 1980 MHz, 15 %, 38
2026/10/10 13:49:11.021, 3, 77409 MiB, 100 %, 245.58 W, 1980 MHz, 15 %, 32
2026/10/10 13:49:11.021, 4, 77409 MiB, 100 %, 245.28 W, 1980 MHz, 15 %, 33
2026/10/10 13:49:11.021, 5, 77409 MiB, 100 %, 250.06 W, 1980 MHz, 16 %, 37
2026/10/10 13:49:11.021, 6, 77409 MiB, 100 %, 241.12 W, 1980 MHz, 15 %, 34
2026/10/10 13:49:11.021, 7, 77409 MiB, 100 %, 282.39 W, 1980 MHz, 15 %, 70
2026/10/10 13:49:12.021, 0, 77409 MiB, 100 %, 248.78 W, 1980 MHz, 15 %, 34
2026/10/10 13:49:12.021, 1, 77409 MiB, 100 %, 266.08 W, 1980 MHz, 15 %, 58
2026/10/10 13:49:12.021, 2, 77409 MiB, 100 %, 250.10 W, 1980 MHz, 15 %, 38
2026/10/10 13:49:12.021, 3, 77409 MiB, 100 %, 244.98 W, 1980 MHz, 15 %, 32
2026/10/10 13:49:12.021, 4, 77409 MiB, 100 %, 243.80 W, 1980 MHz, 15 %, 33
2026/10/10 13:49:12.021, 5, 77409 MiB, 100 %, 250.14 W, 1980 MHz, 15 %, 37
2026/10/10 13:49:12.021, 6, 77409 MiB, 100 %, 240.37 W, 1980 MHz, 15 %, 34
2026/10/10 13:49:12.022, 7, 77409 MiB, 100 %, 284.33 W, 1980 MHz, 16 %, 70
2026/10/10 13:49:13.022, 0, 77409 MiB, 100 %, 248.90 W, 1980 MHz, 15 %, 34
2026/10/10 13:49:13.022, 1, 77409 MiB, 100 %, 269.74 W, 1980 MHz, 15 %, 58
2026/10/10 13:49:13.022, 2, 77409 MiB, 100 %, 249.20 W, 1980 MHz, 15 %, 38
2026/10/10 13:49:13.022, 3, 77409 MiB, 100 %, 245.13 W, 1980 MHz, 15 %, 32
2026/10/10 13:49:13.022, 4, 77409 MiB, 100 %, 244.76 W, 1980 MHz, 15 %, 33
2026/10/10 13:49:13.022, 5, 77409 MiB, 100 %, 249.23 W, 1980 MHz, 15 %, 37
2026/10/10 13:49:13.022, 6, 77409 MiB, 100 %, 241.37 W, 1980 MHz, 15 %, 34
2026/10/10 13:49:13.022, 7, 77409 MiB, 100 %, 282.74 W, 1980 MHz, 16 %, 70
2026/10/10 13:49:14.022, 0, 77409 MiB, 100 %, 249.67 W, 1980 MHz, 15 %, 34
2026/10/10 13:49:14.022, 1, 77409 MiB, 100 %, 269.66 W, 1980 MHz, 15 %, 58
2026/10/10 13:49:14.023, 2, 77409 MiB, 100 %, 250.38 W, 1980 MHz, 15 %, 38
2026/10/10 13:49:14.023, 3, 77409 MiB, 100 %, 244.72 W, 1980 MHz, 15 %, 32
2026/10/10 13:49:14.023, 4, 77409 MiB, 100 %, 246.41 W, 1980 MHz, 15 %, 33
2026/10/10 13:49:14.023, 5, 77409 MiB, 100 %, 248.81 W, 1980 MHz, 15 %, 36
2026/10/10 13:49:14.023, 6, 77409 MiB, 100 %, 240.27 W, 1980 MHz, 15 %, 34
2026/10/10 13:49:14.023, 7, 77409 MiB, 100 %, 283.04 W, 1980 MHz, 16 %, 70
2026/10/10 13:49:15.023, 0, 77409 MiB, 100 %, 249.60 W, 1980 MHz, 15 %, 34
2026/10/10 13:49:15.023, 1, 77409 MiB, 100 %, 268.74 W, 1980 MHz, 15 %, 58
2026/10/10 13:49:15.023, 2, 77409 MiB, 100 %, 249.16 W, 1980 MHz, 15 %, 38
2026/10/10 13:49:15.023, 3, 77409 MiB, 100 %, 245.21 W, 1980 MHz, 15 %, 32
2026/10/10 13:49:15.023, 4, 77409 MiB, 100 %, 243.09 W, 1980 MHz, 15 %, 33
2026/10/10 13:49:15.023, 5, 77409 MiB, 100 %, 250.09 W, 1980 MHz, 15 %, 36
2026/10/10 13:49:15.023, 6, 77409 MiB, 100 %, 240.78 W, 1980 MHz, 15 %, 34
2026/10/10 13:49:15.023, 7, 77409 MiB, 100 %, 282.80 W, 1980 MHz, 16 %, 70
2026/10/10 13:49:16.024, 0, 77409 MiB, 100 %, 249.13 W, 1980 MHz, 15 %, 34
2026/10/10 13:49:16.024, 1, 77409 MiB, 100 %, 268.79 W, 1980 MHz, 15 %, 58
2026/10/10 13:49:16.024, 2, 77409 MiB, 100 %, 249.44 W, 1980 MHz, 15 %, 38
2026/10/10 13:49:16.024, 3, 77409 MiB, 100 %, 244.61 W, 1980 MHz, 15 %, 32
2026/10/10 13:49:16.024, 4, 77409 MiB, 100 %, 245.44 W, 1980 MHz, 15 %, 33
2026/10/10 13:49:16.024, 5, 77409 MiB, 100 %, 248.95 W, 1980 MHz, 15 %, 36
2026/10/10 13:49:16.024, 6, 77409 MiB, 100 %, 240.63 W, 1980 MHz, 15 %, 34
2026/10/10 13:49:16.024, 7, 77409 MiB, 100 %, 283.55 W, 1980 MHz, 16 %, 70
2026/10/10 13:49:17.024, 0, 77409 MiB, 100 %, 250.39 W, 1980 MHz, 15 %, 34
2026/10/10 13:49:17.024, 1, 77409 MiB, 100 %, 268.73 W, 1980 MHz, 16 %, 58
2026/10/10 13:49:17.024, 2, 77409 MiB, 100 %, 249.30 W, 1980 MHz, 15 %, 38
2026/10/10 13:49:17.025, 3, 77409 MiB, 100 %, 245.26 W, 1980 MHz, 15 %, 32
2026/10/10 13:49:17.025, 4, 77409 MiB, 100 %, 247.28 W, 1980 MHz, 16 %, 33
2026/10/10 13:49:17.025, 5, 77409 MiB, 100 %, 249.22 W, 1980 MHz, 15 %, 36
2026/10/10 13:49:17.025, 6, 77409 MiB, 100 %, 240.76 W, 1980 MHz, 15 %, 34
2026/10/10 13:49:17.025, 7, 77409 MiB, 100 %, 283.35 W, 1980 MHz, 16 %, 70
2026/10/10 13:49:18.025, 0, 77409 MiB, 100 %, 447.85 W, 1980 MHz, 15 %, 36
2026/10/10 13:49:18.025, 1, 77409 MiB, 100 %, 466.93 W, 1980 MHz, 15 %, 59
2026/10/10 13:49:18.025, 2, 77409 MiB, 100 %, 452.80 W, 1980 MHz, 15 %, 39
2026/10/10 13:49:18.025, 3, 77409 MiB, 100 %, 454.85 W, 1980 MHz, 15 %, 34
2026/10/10 13:49:18.025, 4, 77409 MiB, 100 %, 445.55 W, 1980 MHz, 15 %, 35
2026/10/10 13:49:18.025, 5, 77409 MiB, 100 %, 445.45 W, 1980 MHz, 15 %, 39
2026/10/10 13:49:18.025, 6, 77409 MiB, 100 %, 446.04 W, 1980 MHz, 16 %, 37
2026/10/10 13:49:18.025, 7, 77409 MiB, 100 %, 472.34 W, 1980 MHz, 15 %, 71
2026/10/10 13:49:19.026, 0, 77409 MiB, 100 %, 249.54 W, 1980 MHz, 16 %, 34
2026/10/10 13:49:19.026, 1, 77409 MiB, 100 %, 268.69 W, 1980 MHz, 15 %, 59
2026/10/10 13:49:19.026, 2, 77409 MiB, 100 %, 248.02 W, 1980 MHz, 15 %, 38
2026/10/10 13:49:19.026, 3, 77409 MiB, 100 %, 247.59 W, 1980 MHz, 15 %, 33
2026/10/10 13:49:19.026, 4, 77409 MiB, 100 %, 240.61 W, 1980 MHz, 15 %, 33
2026/10/10 13:49:19.026, 5, 77409 MiB, 100 %, 251.39 W, 1980 MHz, 16 %, 37
2026/10/10 13:49:19.026, 6, 77409 MiB, 100 %, 240.39 W, 1980 MHz, 15 %, 35
2026/10/10 13:49:19.026, 7, 77409 MiB, 100 %, 277.77 W, 1980 MHz, 15 %, 70
2026/10/10 13:49:20.026, 0, 77409 MiB, 100 %, 249.30 W, 1980 MHz, 15 %, 34
2026/10/10 13:49:20.026, 1, 77409 MiB, 100 %, 268.64 W, 1980 MHz, 15 %, 58
2026/10/10 13:49:20.026, 2, 77409 MiB, 100 %, 248.92 W, 1980 MHz, 15 %, 38
2026/10/10 13:49:20.026, 3, 77409 MiB, 100 %, 247.43 W, 1980 MHz, 15 %, 33
2026/10/10 13:49:20.027, 4, 77409 MiB, 100 %, 240.39 W, 1980 MHz, 15 %, 33
2026/10/10 13:49:20.027, 5, 77409 MiB, 100 %, 248.65 W, 1980 MHz, 15 %, 37
2026/10/10 13:49:20.027, 6, 77409 MiB, 100 %, 241.70 W, 1980 MHz, 15 %, 35
2026/10/10 13:49:20.027, 7, 77409 MiB, 100 %, 279.69 W, 1980 MHz, 16 %, 70
2026/10/10 13:49:21.027, 0, 77409 MiB, 100 %, 247.68 W, 1980 MHz, 15 %, 34
2026/10/10 13:49:21.027, 1, 77409 MiB, 100 %, 266.73 W, 1980 MHz, 16 %, 58
2026/10/10 13:49:21.027, 2, 77409 MiB, 100 %, 254.18 W, 1980 MHz, 15 %, 38
2026/10/10 13:49:21.027, 3, 77409 MiB, 100 %, 248.63 W, 1980 MHz, 15 %, 33
2026/10/10 13:49:21.027, 4, 77409 MiB, 100 %, 238.88 W, 1980 MHz, 16 %, 33
2026/10/10 13:49:21.027, 5, 77409 MiB, 100 %, 248.43 W, 1980 MHz, 15 %, 37
2026/10/10 13:49:21.027, 6, 77409 MiB, 100 %, 240.79 W, 1980 MHz, 15 %, 34
2026/10/10 13:49:21.027, 7, 77409 MiB, 100 %, 281.74 W, 1980 MHz, 15 %, 70
2026/10/10 13:49:22.027, 0, 77409 MiB, 100 %, 248.87 W, 1980 MHz, 15 %, 34
2026/10/10 13:49:22.027, 1, 77409 MiB, 100 %, 266.24 W, 1980 MHz, 15 %, 58
2026/10/10 13:49:22.028, 2, 77409 MiB, 100 %, 250.90 W, 1980 MHz, 15 %, 38
2026/10/10 13:49:22.028, 3, 77409 MiB, 100 %, 247.42 W, 1980 MHz, 15 %, 32
2026/10/10 13:49:22.028, 4, 77409 MiB, 100 %, 241.84 W, 1980 MHz, 15 %, 33
2026/10/10 13:49:22.028, 5, 77409 MiB, 100 %, 249.91 W, 1980 MHz, 15 %, 37
2026/10/10 13:49:22.028, 6, 77409 MiB, 100 %, 241.53 W, 1980 MHz, 16 %, 34
2026/10/10 13:49:22.028, 7, 77409 MiB, 100 %, 281.09 W, 1980 MHz, 15 %, 70
2026/10/10 13:49:23.028, 0, 77409 MiB, 100 %, 251.98 W, 1980 MHz, 15 %, 34
2026/10/10 13:49:23.028, 1, 77409 MiB, 100 %, 269.40 W, 1980 MHz, 15 %, 58
2026/10/10 13:49:23.028, 2, 77409 MiB, 100 %, 252.67 W, 1980 MHz, 15 %, 38
2026/10/10 13:49:23.028, 3, 77409 MiB, 100 %, 246.18 W, 1980 MHz, 15 %, 32
2026/10/10 13:49:23.028, 4, 77409 MiB, 100 %, 240.11 W, 1980 MHz, 15 %, 33
2026/10/10 13:49:23.028, 5, 77409 MiB, 100 %, 251.58 W, 1980 MHz, 16 %, 37
2026/10/10 13:49:23.028, 6, 77409 MiB, 100 %, 240.38 W, 1980 MHz, 15 %, 34
2026/10/10 13:49:23.028, 7, 77409 MiB, 100 %, 281.09 W, 1980 MHz, 15 %, 70
2026/10/10 13:49:24.028, 0, 77409 MiB, 100 %, 249.62 W, 1980 MHz, 15 %, 34
2026/10/10 13:49:24.028, 1, 77409 MiB, 100 %, 267.94 W, 1980 MHz, 15 %, 58
2026/10/10 13:49:24.029, 2, 77409 MiB, 100 %, 252.42 W, 1980 MHz, 16 %, 38
2026/10/10 13:49:24.029, 3, 77409 MiB, 100 %, 247.11 W, 1980 MHz, 15 %, 32
2026/10/10 13:49:24.029, 4, 77409 MiB, 100 %, 239.72 W, 1980 MHz, 15 %, 33
2026/10/10 13:49:24.029, 5, 77409 MiB, 100 %, 250.71 W, 1980 MHz, 15 %, 37
2026/10/10 13:49:24.029, 6, 77409 MiB, 100 %, 240.82 W, 1980 MHz, 15 %, 34
2026/10/10 13:49:24.029, 7, 77409 MiB, 100 %, 282.43 W, 1980 MHz, 15 %, 70
2026/10/10 13:49:25.029, 0, 77409 MiB, 100 %, 249.00 W, 1980 MHz, 15 %, 34
2026/10/10 13:49:25.029, 1, 77409 MiB, 100 %, 269.80 W, 1980 MHz, 15 %, 58
2026/10/10 13:49:25.029, 2, 77409 MiB, 100 %, 252.93 W, 1980 MHz, 15 %, 38
2026/10/10 13:49:25.029, 3, 77409 MiB, 100 %, 248.02 W, 1980 MHz, 15 %, 32
2026/10/10 13:49:25.029, 4, 77409 MiB, 100 %, 240.57 W, 1980 MHz, 15 %, 33
2026/10/10 13:49:25.029, 5, 77409 MiB, 100 %, 249.38 W, 1980 MHz, 15 %, 37
2026/10/10 13:49:25.029, 6, 77409 MiB, 100 %, 240.10 W, 1980 MHz, 15 %, 34
2026/10/10 13:49:25.029, 7, 77409 MiB, 100 %, 281.23 W, 1980 MHz, 16 %, 70
2026/10/10 13:49:26.029, 0, 77409 MiB, 100 %, 249.71 W, 1980 MHz, 15 %, 34
2026/10/10 13:49:26.029, 1, 77409 MiB, 100 %, 267.92 W, 1980 MHz, 15 %, 58
2026/10/10 13:49:26.029, 2, 77409 MiB, 100 %, 251.83 W, 1980 MHz, 15 %, 38
2026/10/10 13:49:26.030, 3, 77409 MiB, 100 %, 246.38 W, 1980 MHz, 15 %, 32
2026/10/10 13:49:26.030, 4, 77409 MiB, 100 %, 239.82 W, 1980 MHz, 15 %, 33
2026/10/10 13:49:26.030, 5, 77409 MiB, 100 %, 251.26 W, 1980 MHz, 16 %, 37
2026/10/10 13:49:26.030, 6, 77409 MiB, 100 %, 240.61 W, 1980 MHz, 15 %, 34
2026/10/10 13:49:26.030, 7, 77409 MiB, 100 %, 281.09 W, 1980 MHz, 15 %, 70
2026/10/10 13:49:27.030, 0, 77409 MiB, 100 %, 250.25 W, 1980 MHz, 15 %, 34
2026/10/10 13:49:27.030, 1, 77409 MiB, 100 %, 268.27 W, 1980 MHz, 15 %, 58
2026/10/10 13:49:27.030, 2, 77409 MiB, 100 %, 251.41 W, 1980 MHz, 15 %, 38
2026/10/10 13:49:27.030, 3, 77409 MiB, 100 %, 246.54 W, 1980 MHz, 15 %, 32
2026/10/10 13:49:27.030, 4, 77409 MiB, 100 %, 240.74 W, 1980 MHz, 15 %, 33
2026/10/10 13:49:27.030, 5, 77409 MiB, 100 %, 251.28 W, 1980 MHz, 16 %, 37
2026/10/10 13:49:27.030, 6, 77409 MiB, 100 %, 240.36 W, 1980 MHz, 15 %, 34
2026/10/10 13:49:27.030, 7, 77409 MiB, 100 %, 281.27 W, 1980 MHz, 15 %, 70
2026/10/10 13:49:28.030, 0, 77409 MiB, 100 %, 247.47 W, 1980 MHz, 15 %, 34
2026/10/10 13:49:28.030, 1, 77409 MiB, 100 %, 266.40 W, 1980 MHz, 15 %, 58
2026/10/10 13:49:28.031, 2, 77409 MiB, 100 %, 253.77 W, 1980 MHz, 15 %, 38
2026/10/10 13:49:28.031, 3, 77409 MiB, 100 %, 247.33 W, 1980 MHz, 15 %, 32
2026/10/10 13:49:28.031, 4, 77409 MiB, 100 %, 239.96 W, 1980 MHz, 15 %, 33
2026/10/10 13:49:28.031, 5, 77409 MiB, 100 %, 248.36 W, 1980 MHz, 15 %, 37
2026/10/10 13:49:28.031, 6, 77409 MiB, 100 %, 239.20 W, 1980 MHz, 15 %, 34
2026/10/10 13:49:28.031, 7, 77409 MiB, 100 %, 283.11 W, 1980 MHz, 15 %, 70
2026/10/10 13:49:29.031, 0, 77409 MiB, 100 %, 249.41 W, 1980 MHz, 15 %, 34
2026/10/10 13:49:29.031, 1, 77409 MiB, 100 %, 267.89 W, 1980 MHz, 15 %, 58
2026/10/10 13:49:29.031, 2, 77409 MiB, 100 %, 251.35 W, 1980 MHz, 15 %, 38
2026/10/10 13:49:29.031, 3, 77409 MiB, 100 %, 248.62 W, 1980 MHz, 15 %, 32
2026/10/10 13:49:29.031, 4, 77409 MiB, 100 %, 241.01 W, 1980 MHz, 15 %, 33
2026/10/10 13:49:29.031, 5, 77409 MiB, 100 %, 250.76 W, 1980 MHz, 15 %, 37
2026/10/10 13:49:29.031, 6, 77409 MiB, 100 %, 240.48 W, 1980 MHz, 15 %, 34
2026/10/10 13:49:29.031, 7, 77409 MiB, 100 %, 281.90 W, 1980 MHz, 15 %, 70
2026/10/10 13:49:30.032, 0, 77409 MiB, 100 %, 251.84 W, 1980 MHz, 16 %, 34
2026/10/10 13:49:30.032, 1, 77409 MiB, 100 %, 267.02 W, 1980 MHz, 15 %, 58
2026/10/10 13:49:30.032, 2, 77409 MiB, 100 %, 251.78 W, 1980 MHz, 16 %, 38
2026/10/10 13:49:30.032, 3, 77409 MiB, 100 %, 247.10 W, 1980 MHz, 15 %, 32
2026/10/10 13:49:30.032, 4, 77409 MiB, 100 %, 240.73 W, 1980 MHz, 15 %, 33
2026/10/10 13:49:30.032, 5, 77409 MiB, 100 %, 251.28 W, 1980 MHz, 16 %, 37
2026/10/10 13:49:30.032, 6, 77409 MiB, 100 %, 241.02 W, 1980 MHz, 15 %, 34
2026/10/10 13:49:30.032, 7, 77409 MiB, 100 %, 280.56 W, 1980 MHz, 15 %, 70
2026/10/10 13:49:31.032, 0, 77409 MiB, 100 %, 250.11 W, 1980 MHz, 16 %, 34
2026/10/10 13:49:31.032, 1, 77409 MiB, 100 %, 268.74 W, 1980 MHz, 15 %, 58
2026/10/10 13:49:31.032, 2, 77409 MiB, 100 %, 251.53 W, 1980 MHz, 16 %, 38
2026/10/10 13:49:31.032, 3, 77409 MiB, 100 %, 247.86 W, 1980 MHz, 15 %, 32
2026/10/10 13:49:31.032, 4, 77409 MiB, 100 %, 239.83 W, 1980 MHz, 15 %, 33
2026/10/10 13:49:31.032, 5, 77409 MiB, 100 %, 250.90 W, 1980 MHz, 15 %, 37
2026/10/10 13:49:31.033, 6, 77409 MiB, 100 %, 241.41 W, 1980 MHz, 15 %, 34
2026/10/10 13:49:31.033, 7, 77409 MiB, 100 %, 281.38 W, 1980 MHz, 16 %, 70
2026/10/10 13:49:32.033, 0, 77409 MiB, 100 %, 249.52 W, 1980 MHz, 15 %, 34
2026/10/10 13:49:32.033, 1, 77409 MiB, 100 %, 267.48 W, 1980 MHz, 15 %, 58
2026/10/10 13:49:32.033, 2, 77409 MiB, 100 %, 252.97 W, 1980 MHz, 15 %, 38
2026/10/10 13:49:32.033, 3, 77409 MiB, 100 %, 248.66 W, 1980 MHz, 15 %, 32
2026/10/10 13:49:32.033, 4, 77409 MiB, 100 %, 240.51 W, 1980 MHz, 15 %, 33
2026/10/10 13:49:32.033, 5, 77409 MiB, 100 %, 249.43 W, 1980 MHz, 16 %, 37
2026/10/10 13:49:32.033, 6, 77409 MiB, 100 %, 240.48 W, 1980 MHz, 15 %, 34
2026/10/10 13:49:32.033, 7, 77409 MiB, 100 %, 282.10 W, 1980 MHz, 15 %, 70
2026/10/10 13:49:33.033, 0, 77409 MiB, 100 %, 248.68 W, 1980 MHz, 16 %, 34
2026/10/10 13:49:33.033, 1, 77409 MiB, 100 %, 270.30 W, 1980 MHz, 15 %, 58
2026/10/10 13:49:33.033, 2, 77409 MiB, 100 %, 250.91 W, 1980 MHz, 16 %, 38
2026/10/10 13:49:33.034, 3, 77409 MiB, 100 %, 246.86 W, 1980 MHz, 15 %, 32
2026/10/10 13:49:33.034, 4, 77409 MiB, 100 %, 240.63 W, 1980 MHz, 15 %, 33
2026/10/10 13:49:33.034, 5, 77409 MiB, 100 %, 249.49 W, 1980 MHz, 16 %, 37
2026/10/10 13:49:33.034, 6, 77409 MiB, 100 %, 239.57 W, 1980 MHz, 15 %, 34
2026/10/10 13:49:33.034, 7, 77409 MiB, 100 %, 280.63 W, 1980 MHz, 15 %, 70
2026/10/10 13:49:34.034, 0, 77409 MiB, 100 %, 250.93 W, 1980 MHz, 16 %, 34
2026/10/10 13:49:34.034, 1, 77409 MiB, 100 %, 267.53 W, 1980 MHz, 15 %, 58
2026/10/10 13:49:34.034, 2, 77409 MiB, 100 %, 251.98 W, 1980 MHz, 15 %, 38
2026/10/10 13:49:34.034, 3, 77409 MiB, 100 %, 245.20 W, 1980 MHz, 15 %, 32
2026/10/10 13:49:34.034, 4, 77409 MiB, 100 %, 239.95 W, 1980 MHz, 15 %, 33
2026/10/10 13:49:34.034, 5, 77409 MiB, 100 %, 250.77 W, 1980 MHz, 16 %, 37
2026/10/10 13:49:34.034, 6, 77409 MiB, 100 %, 241.17 W, 1980 MHz, 15 %, 34
2026/10/10 13:49:34.034, 7, 77409 MiB, 100 %, 280.68 W, 1980 MHz, 15 %, 70
2026/10/10 13:49:35.035, 0, 77409 MiB, 100 %, 249.43 W, 1980 MHz, 15 %, 34
2026/10/10 13:49:35.035, 1, 77409 MiB, 100 %, 268.49 W, 1980 MHz, 15 %, 58
2026/10/10 13:49:35.035, 2, 77409 MiB, 100 %, 251.41 W, 1980 MHz, 15 %, 38
2026/10/10 13:49:35.035, 3, 77409 MiB, 100 %, 247.99 W, 1980 MHz, 15 %, 32
2026/10/10 13:49:35.035, 4, 77409 MiB, 100 %, 241.04 W, 1980 MHz, 15 %, 33
2026/10/10 13:49:35.035, 5, 77409 MiB, 100 %, 250.70 W, 1980 MHz, 16 %, 37
2026/10/10 13:49:35.035, 6, 77409 MiB, 100 %, 239.85 W, 1980 MHz, 15 %, 34
2026/10/10 13:49:35.035, 7, 77409 MiB, 100 %, 281.72 W, 1980 MHz, 16 %, 70
2026/10/10 13:49:36.035, 0, 77409 MiB, 100 %, 249.95 W, 1980 MHz, 15 %, 33
2026/10/10 13:49:36.035, 1, 77409 MiB, 100 %, 268.38 W, 1980 MHz, 15 %, 58
2026/10/10 13:49:36.035, 2, 77409 MiB, 100 %, 254.08 W, 1980 MHz, 15 %, 38
2026/10/10 13:49:36.035, 3, 77409 MiB, 100 %, 248.18 W, 1980 MHz, 15 %, 32
2026/10/10 13:49:36.035, 4, 77409 MiB, 100 %, 240.23 W, 1980 MHz, 15 %, 33
2026/10/10 13:49:36.035, 5, 77409 MiB, 89 %, 250.94 W, 1980 MHz, 14 %, 37
2026/10/10 13:49:36.035, 6, 77409 MiB, 100 %, 241.07 W, 1980 MHz, 15 %, 34
2026/10/10 13:49:36.036, 7, 77409 MiB, 100 %, 281.15 W, 1980 MHz, 15 %, 70
2026/10/10 13:49:37.036, 0, 77409 MiB, 100 %, 462.86 W, 1980 MHz, 15 %, 35
2026/10/10 13:49:37.036, 1, 77409 MiB, 100 %, 469.70 W, 1980 MHz, 15 %, 59
2026/10/10 13:49:37.036, 2, 77409 MiB, 100 %, 446.34 W, 1980 MHz, 15 %, 39
2026/10/10 13:49:37.036, 3, 77409 MiB, 100 %, 455.01 W, 1980 MHz, 15 %, 34
2026/10/10 13:49:37.036, 4, 77409 MiB, 100 %, 445.06 W, 1980 MHz, 15 %, 35
2026/10/10 13:49:37.036, 5, 77409 MiB, 100 %, 450.31 W, 1980 MHz, 15 %, 39
2026/10/10 13:49:37.036, 6, 77409 MiB, 100 %, 444.90 W, 1980 MHz, 16 %, 37
2026/10/10 13:49:37.036, 7, 77409 MiB, 100 %, 466.20 W, 1980 MHz, 15 %, 71
2026/10/10 13:49:38.036, 0, 77409 MiB, 100 %, 248.54 W, 1980 MHz, 15 %, 34
2026/10/10 13:49:38.036, 1, 77409 MiB, 100 %, 268.66 W, 1980 MHz, 15 %, 59
2026/10/10 13:49:38.036, 2, 77409 MiB, 100 %, 249.73 W, 1980 MHz, 15 %, 38
2026/10/10 13:49:38.037, 3, 77409 MiB, 100 %, 246.26 W, 1980 MHz, 15 %, 33
2026/10/10 13:49:38.037, 4, 77409 MiB, 100 %, 241.79 W, 1980 MHz, 15 %, 33
2026/10/10 13:49:38.037, 5, 77409 MiB, 100 %, 248.77 W, 1980 MHz, 15 %, 37
2026/10/10 13:49:38.037, 6, 77409 MiB, 100 %, 240.84 W, 1980 MHz, 15 %, 35
2026/10/10 13:49:38.037, 7, 77409 MiB, 100 %, 279.81 W, 1980 MHz, 16 %, 70
2026/10/10 13:49:39.037, 0, 77409 MiB, 100 %, 248.99 W, 1980 MHz, 15 %, 34
2026/10/10 13:49:39.037, 1, 77409 MiB, 100 %, 268.13 W, 1980 MHz, 15 %, 58
2026/10/10 13:49:39.037, 2, 77409 MiB, 100 %, 248.48 W, 1980 MHz, 15 %, 38
2026/10/10 13:49:39.037, 3, 77409 MiB, 100 %, 246.46 W, 1980 MHz, 15 %, 33
2026/10/10 13:49:39.037, 4, 77409 MiB, 100 %, 241.64 W, 1980 MHz, 15 %, 33
2026/10/10 13:49:39.037, 5, 77409 MiB, 100 %, 250.02 W, 1980 MHz, 15 %, 37
2026/10/10 13:49:39.037, 6, 77409 MiB, 100 %, 240.74 W, 1980 MHz, 16 %, 35
2026/10/10 13:49:39.037, 7, 77409 MiB, 100 %, 278.93 W, 1980 MHz, 15 %, 70
2026/10/10 13:49:40.037, 0, 77409 MiB, 100 %, 248.27 W, 1980 MHz, 15 %, 34
2026/10/10 13:49:40.038, 1, 77409 MiB, 100 %, 268.76 W, 1980 MHz, 15 %, 58
2026/10/10 13:49:40.038, 2, 77409 MiB, 100 %, 248.55 W, 1980 MHz, 15 %, 38
2026/10/10 13:49:40.038, 3, 77409 MiB, 100 %, 248.18 W, 1980 MHz, 16 %, 33
2026/10/10 13:49:40.038, 4, 77409 MiB, 100 %, 241.19 W, 1980 MHz, 15 %, 33
2026/10/10 13:49:40.038, 5, 77409 MiB, 100 %, 249.49 W, 1980 MHz, 15 %, 37
2026/10/10 13:49:40.038, 6, 77409 MiB, 100 %, 242.81 W, 1980 MHz, 16 %, 35
2026/10/10 13:49:40.038, 7, 77409 MiB, 100 %, 277.56 W, 1980 MHz, 15 %, 70
2026/10/10 13:49:41.038, 0, 77409 MiB, 100 %, 249.05 W, 1980 MHz, 15 %, 34
2026/10/10 13:49:41.038, 1, 77409 MiB, 100 %, 268.11 W, 1980 MHz, 15 %, 58
2026/10/10 13:49:41.038, 2, 77409 MiB, 100 %, 248.02 W, 1980 MHz, 15 %, 38
2026/10/10 13:49:41.038, 3, 77409 MiB, 100 %, 250.30 W, 1980 MHz, 16 %, 33
2026/10/10 13:49:41.038, 4, 77409 MiB, 100 %, 241.95 W, 1980 MHz, 15 %, 33
2026/10/10 13:49:41.038, 5, 77409 MiB, 100 %, 247.73 W, 1980 MHz, 15 %, 37
2026/10/10 13:49:41.038, 6, 77409 MiB, 100 %, 243.49 W, 1980 MHz, 16 %, 34
2026/10/10 13:49:41.038, 7, 77409 MiB, 100 %, 277.46 W, 1980 MHz, 15 %, 70
2026/10/10 13:49:42.039, 0, 77409 MiB, 100 %, 249.21 W, 1980 MHz, 15 %, 34
2026/10/10 13:49:42.039, 1, 77409 MiB, 100 %, 269.79 W, 1980 MHz, 15 %, 58
2026/10/10 13:49:42.039, 2, 77409 MiB, 100 %, 247.05 W, 1980 MHz, 15 %, 38
2026/10/10 13:49:42.039, 3, 77409 MiB, 100 %, 249.41 W, 1980 MHz, 15 %, 32
2026/10/10 13:49:42.039, 4, 77409 MiB, 100 %, 241.05 W, 1980 MHz, 15 %, 33
2026/10/10 13:49:42.039, 5, 77409 MiB, 100 %, 247.82 W, 1980 MHz, 15 %, 37
2026/10/10 13:49:42.039, 6, 77409 MiB, 100 %, 242.41 W, 1980 MHz, 16 %, 34
2026/10/10 13:49:42.039, 7, 77409 MiB, 100 %, 277.69 W, 1980 MHz, 15 %, 70
2026/10/10 13:49:43.039, 0, 77409 MiB, 100 %, 248.75 W, 1980 MHz, 16 %, 34
2026/10/10 13:49:43.039, 1, 77409 MiB, 100 %, 266.23 W, 1980 MHz, 15 %, 58
2026/10/10 13:49:43.039, 2, 77409 MiB, 100 %, 248.94 W, 1980 MHz, 15 %, 38
2026/10/10 13:49:43.039, 3, 77409 MiB, 100 %, 247.92 W, 1980 MHz, 16 %, 32
2026/10/10 13:49:43.039, 4, 77409 MiB, 100 %, 240.94 W, 1980 MHz, 15 %, 33
2026/10/10 13:49:43.039, 5, 77409 MiB, 100 %, 248.33 W, 1980 MHz, 15 %, 37
2026/10/10 13:49:43.040, 6, 77409 MiB, 100 %, 241.49 W, 1980 MHz, 15 %, 34
2026/10/10 13:49:43.040, 7, 77409 MiB, 100 %, 276.49 W, 1980 MHz, 15 %, 70
2026/10/10 13:49:44.040, 0, 77409 MiB, 100 %, 246.54 W, 1980 MHz, 15 %, 34
2026/10/10 13:49:44.040, 1, 77409 MiB, 100 %, 266.29 W, 1980 MHz, 15 %, 58
2026/10/10 13:49:44.040, 2, 77409 MiB, 100 %, 249.27 W, 1980 MHz, 15 %, 38
2026/10/10 13:49:44.040, 3, 77409 MiB, 100 %, 249.54 W, 1980 MHz, 16 %, 32
2026/10/10 13:49:44.040, 4, 77409 MiB, 100 %, 241.06 W, 1980 MHz, 15 %, 33
2026/10/10 13:49:44.040, 5, 77409 MiB, 100 %, 249.02 W, 1980 MHz, 15 %, 37
2026/10/10 13:49:44.040, 6, 77409 MiB, 100 %, 241.74 W, 1980 MHz, 16 %, 34
2026/10/10 13:49:44.040, 7, 77409 MiB, 100 %, 276.75 W, 1980 MHz, 15 %, 70
2026/10/10 13:49:45.040, 0, 77409 MiB, 100 %, 249.62 W, 1980 MHz, 15 %, 34
2026/10/10 13:49:45.040, 1, 77409 MiB, 100 %, 267.38 W, 1980 MHz, 15 %, 58
2026/10/10 13:49:45.040, 2, 77409 MiB, 100 %, 250.51 W, 1980 MHz, 15 %, 38
2026/10/10 13:49:45.041, 3, 77409 MiB, 100 %, 249.58 W, 1980 MHz, 16 %, 32
2026/10/10 13:49:45.041, 4, 77409 MiB, 100 %, 240.68 W, 1980 MHz, 15 %, 33
2026/10/10 13:49:45.041, 5, 77409 MiB, 100 %, 248.57 W, 1980 MHz, 15 %, 37
2026/10/10 13:49:45.041, 6, 77409 MiB, 100 %, 243.11 W, 1980 MHz, 16 %, 34
2026/10/10 13:49:45.041, 7, 77409 MiB, 100 %, 276.63 W, 1980 MHz, 15 %, 70
2026/10/10 13:49:46.041, 0, 77409 MiB, 100 %, 248.08 W, 1980 MHz, 15 %, 34
2026/10/10 13:49:46.041, 1, 77409 MiB, 100 %, 268.65 W, 1980 MHz, 15 %, 58
2026/10/10 13:49:46.041, 2, 77409 MiB, 100 %, 248.82 W, 1980 MHz, 15 %, 38
2026/10/10 13:49:46.041, 3, 77409 MiB, 100 %, 248.89 W, 1980 MHz, 15 %, 32
2026/10/10 13:49:46.041, 4, 77409 MiB, 100 %, 241.49 W, 1980 MHz, 15 %, 33
2026/10/10 13:49:46.041, 5, 77409 MiB, 100 %, 249.78 W, 1980 MHz, 15 %, 37
2026/10/10 13:49:46.041, 6, 77409 MiB, 100 %, 241.54 W, 1980 MHz, 16 %, 34
2026/10/10 13:49:46.041, 7, 77409 MiB, 100 %, 277.88 W, 1980 MHz, 15 %, 70
2026/10/10 13:49:47.041, 0, 77409 MiB, 100 %, 248.29 W, 1980 MHz, 15 %, 34
2026/10/10 13:49:47.042, 1, 77409 MiB, 100 %, 266.75 W, 1980 MHz, 15 %, 58
2026/10/10 13:49:47.042, 2, 77409 MiB, 100 %, 249.86 W, 1980 MHz, 15 %, 38
2026/10/10 13:49:47.042, 3, 77409 MiB, 100 %, 247.80 W, 1980 MHz, 15 %, 32
2026/10/10 13:49:47.042, 4, 77409 MiB, 100 %, 240.45 W, 1980 MHz, 15 %, 33
2026/10/10 13:49:47.042, 5, 77409 MiB, 100 %, 249.10 W, 1980 MHz, 16 %, 37
2026/10/10 13:49:47.042, 6, 77409 MiB, 100 %, 242.43 W, 1980 MHz, 15 %, 34
2026/10/10 13:49:47.042, 7, 77409 MiB, 100 %, 277.77 W, 1980 MHz, 15 %, 70
2026/10/10 13:49:48.042, 0, 77409 MiB, 100 %, 249.51 W, 1980 MHz, 15 %, 34
2026/10/10 13:49:48.042, 1, 77409 MiB, 100 %, 267.22 W, 1980 MHz, 15 %, 58
2026/10/10 13:49:48.042, 2, 77409 MiB, 100 %, 250.40 W, 1980 MHz, 15 %, 38
2026/10/10 13:49:48.042, 3, 77409 MiB, 100 %, 249.37 W, 1980 MHz, 16 %, 32
2026/10/10 13:49:48.042, 4, 77409 MiB, 100 %, 241.66 W, 1980 MHz, 16 %, 33
2026/10/10 13:49:48.042, 5, 77409 MiB, 100 %, 248.66 W, 1980 MHz, 15 %, 37
2026/10/10 13:49:48.043, 6, 77409 MiB, 100 %, 242.24 W, 1980 MHz, 16 %, 34
2026/10/10 13:49:48.043, 7, 77409 MiB, 100 %, 277.87 W, 1980 MHz, 15 %, 70
2026/10/10 13:49:49.043, 0, 77409 MiB, 100 %, 248.46 W, 1980 MHz, 15 %, 34
2026/10/10 13:49:49.043, 1, 77409 MiB, 100 %, 267.65 W, 1980 MHz, 15 %, 58
2026/10/10 13:49:49.043, 2, 77409 MiB, 100 %, 250.65 W, 1980 MHz, 15 %, 38
2026/10/10 13:49:49.043, 3, 77409 MiB, 100 %, 249.91 W, 1980 MHz, 15 %, 32
2026/10/10 13:49:49.043, 4, 77409 MiB, 100 %, 242.28 W, 1980 MHz, 15 %, 33
2026/10/10 13:49:49.043, 5, 77409 MiB, 100 %, 248.03 W, 1980 MHz, 15 %, 37
2026/10/10 13:49:49.043, 6, 77409 MiB, 100 %, 242.77 W, 1980 MHz, 15 %, 34
2026/10/10 13:49:49.043, 7, 77409 MiB, 100 %, 276.36 W, 1980 MHz, 15 %, 70
2026/10/10 13:49:50.043, 0, 77409 MiB, 100 %, 249.82 W, 1980 MHz, 15 %, 34
2026/10/10 13:49:50.044, 1, 77409 MiB, 100 %, 266.89 W, 1980 MHz, 15 %, 58
2026/10/10 13:49:50.044, 2, 77409 MiB, 100 %, 247.00 W, 1980 MHz, 15 %, 38
2026/10/10 13:49:50.044, 3, 77409 MiB, 100 %, 250.28 W, 1980 MHz, 15 %, 32
2026/10/10 13:49:50.044, 4, 77409 MiB, 100 %, 242.06 W, 1980 MHz, 15 %, 33
2026/10/10 13:49:50.044, 5, 77409 MiB, 100 %, 246.69 W, 1980 MHz, 15 %, 37
2026/10/10 13:49:50.044, 6, 77409 MiB, 100 %, 243.02 W, 1980 MHz, 15 %, 34
2026/10/10 13:49:50.044, 7, 77409 MiB, 100 %, 277.98 W, 1980 MHz, 15 %, 70
2026/10/10 13:49:51.044, 0, 77409 MiB, 100 %, 249.54 W, 1980 MHz, 15 %, 34
2026/10/10 13:49:51.044, 1, 77409 MiB, 100 %, 267.76 W, 1980 MHz, 15 %, 58
2026/10/10 13:49:51.044, 2, 77409 MiB, 100 %, 249.59 W, 1980 MHz, 15 %, 38
2026/10/10 13:49:51.044, 3, 77409 MiB, 100 %, 248.65 W, 1980 MHz, 15 %, 32
2026/10/10 13:49:51.044, 4, 77409 MiB, 100 %, 240.71 W, 1980 MHz, 15 %, 33
2026/10/10 13:49:51.044, 5, 77409 MiB, 100 %, 246.40 W, 1980 MHz, 15 %, 36
2026/10/10 13:49:51.044, 6, 77409 MiB, 100 %, 243.71 W, 1980 MHz, 16 %, 34
2026/10/10 13:49:51.044, 7, 77409 MiB, 100 %, 278.44 W, 1980 MHz, 15 %, 70
2026/10/10 13:49:52.044, 0, 77409 MiB, 100 %, 248.50 W, 1980 MHz, 15 %, 34
2026/10/10 13:49:52.045, 1, 77409 MiB, 100 %, 267.13 W, 1980 MHz, 15 %, 58
2026/10/10 13:49:52.045, 2, 77409 MiB, 100 %, 250.16 W, 1980 MHz, 15 %, 38
2026/10/10 13:49:52.045, 3, 77409 MiB, 100 %, 247.69 W, 1980 MHz, 16 %, 32
2026/10/10 13:49:52.045, 4, 77409 MiB, 100 %, 242.11 W, 1980 MHz, 15 %, 33
2026/10/10 13:49:52.045, 5, 77409 MiB, 100 %, 247.17 W, 1980 MHz, 15 %, 36
2026/10/10 13:49:52.045, 6, 77409 MiB, 100 %, 242.88 W, 1980 MHz, 15 %, 34
2026/10/10 13:49:52.045, 7, 77409 MiB, 100 %, 277.00 W, 1980 MHz, 15 %, 70
2026/10/10 13:49:53.045, 0, 77409 MiB, 100 %, 247.83 W, 1980 MHz, 15 %, 34
2026/10/10 13:49:53.045, 1, 77409 MiB, 100 %, 267.62 W, 1980 MHz, 15 %, 58
2026/10/10 13:49:53.045, 2, 77409 MiB, 100 %, 250.06 W, 1980 MHz, 15 %, 38
2026/10/10 13:49:53.045, 3, 77409 MiB, 100 %, 247.86 W, 1980 MHz, 15 %, 32
2026/10/10 13:49:53.045, 4, 77409 MiB, 100 %, 241.67 W, 1980 MHz, 15 %, 33
2026/10/10 13:49:53.045, 5, 77409 MiB, 100 %, 247.51 W, 1980 MHz, 15 %, 36
2026/10/10 13:49:53.045, 6, 77409 MiB, 100 %, 241.70 W, 1980 MHz, 15 %, 34
2026/10/10 13:49:53.045, 7, 77409 MiB, 100 %, 277.64 W, 1980 MHz, 15 %, 70
2026/10/10 13:49:54.045, 0, 77409 MiB, 100 %, 250.13 W, 1980 MHz, 15 %, 34
2026/10/10 13:49:54.045, 1, 77409 MiB, 100 %, 266.62 W, 1980 MHz, 15 %, 58
2026/10/10 13:49:54.046, 2, 77409 MiB, 100 %, 252.29 W, 1980 MHz, 15 %, 38
2026/10/10 13:49:54.046, 3, 77409 MiB, 100 %, 247.21 W, 1980 MHz, 15 %, 32
2026/10/10 13:49:54.046, 4, 77409 MiB, 100 %, 241.91 W, 1980 MHz, 16 %, 33
2026/10/10 13:49:54.046, 5, 77409 MiB, 100 %, 247.95 W, 1980 MHz, 15 %, 36
2026/10/10 13:49:54.046, 6, 77409 MiB, 100 %, 240.72 W, 1980 MHz, 15 %, 34
2026/10/10 13:49:54.046, 7, 77409 MiB, 100 %, 275.98 W, 1980 MHz, 15 %, 70
2026/10/10 13:49:55.046, 0, 77409 MiB, 100 %, 251.88 W, 1980 MHz, 15 %, 33
2026/10/10 13:49:55.046, 1, 77409 MiB, 100 %, 266.29 W, 1980 MHz, 15 %, 58
2026/10/10 13:49:55.046, 2, 77409 MiB, 100 %, 252.57 W, 1980 MHz, 15 %, 38
2026/10/10 13:49:55.046, 3, 77409 MiB, 100 %, 250.06 W, 1980 MHz, 15 %, 32
2026/10/10 13:49:55.046, 4, 77409 MiB, 100 %, 240.96 W, 1980 MHz, 15 %, 33
2026/10/10 13:49:55.046, 5, 77409 MiB, 85 %, 246.97 W, 1980 MHz, 13 %, 36
2026/10/10 13:49:55.046, 6, 77409 MiB, 100 %, 240.42 W, 1980 MHz, 15 %, 34
2026/10/10 13:49:55.046, 7, 77409 MiB, 77 %, 274.42 W, 1980 MHz, 12 %, 70
2026/10/10 13:49:56.046, 0, 77409 MiB, 100 %, 460.10 W, 1980 MHz, 15 %, 35
2026/10/10 13:49:56.047, 1, 77409 MiB, 100 %, 465.90 W, 1980 MHz, 15 %, 59
2026/10/10 13:49:56.047, 2, 77409 MiB, 100 %, 447.61 W, 1980 MHz, 15 %, 39
2026/10/10 13:49:56.047, 3, 77409 MiB, 100 %, 458.54 W, 1980 MHz, 15 %, 34
2026/10/10 13:49:56.047, 4, 77409 MiB, 100 %, 445.42 W, 1980 MHz, 16 %, 35
2026/10/10 13:49:56.047, 5, 77409 MiB, 100 %, 460.10 W, 1980 MHz, 15 %, 39
2026/10/10 13:49:56.047, 6, 77409 MiB, 100 %, 448.32 W, 1980 MHz, 15 %, 37
2026/10/10 13:49:56.047, 7, 77409 MiB, 100 %, 466.82 W, 1980 MHz, 15 %, 71
2026/10/10 13:49:57.047, 0, 77409 MiB, 100 %, 252.01 W, 1980 MHz, 16 %, 35
2026/10/10 13:49:57.047, 1, 77409 MiB, 100 %, 263.71 W, 1980 MHz, 15 %, 58
2026/10/10 13:49:57.047, 2, 77409 MiB, 100 %, 249.44 W, 1980 MHz, 15 %, 38
2026/10/10 13:49:57.047, 3, 77409 MiB, 100 %, 248.83 W, 1980 MHz, 15 %, 33
2026/10/10 13:49:57.047, 4, 77409 MiB, 100 %, 243.21 W, 1980 MHz, 15 %, 33
2026/10/10 13:49:57.048, 5, 77409 MiB, 100 %, 247.77 W, 1980 MHz, 15 %, 37
2026/10/10 13:49:57.048, 6, 77409 MiB, 100 %, 243.24 W, 1980 MHz, 16 %, 35
2026/10/10 13:49:57.048, 7, 77409 MiB, 100 %, 273.96 W, 1980 MHz, 15 %, 70
2026/10/10 13:49:58.048, 0, 77409 MiB, 100 %, 252.80 W, 1980 MHz, 16 %, 34
2026/10/10 13:49:58.048, 1, 77409 MiB, 100 %, 266.35 W, 1980 MHz, 15 %, 58
2026/10/10 13:49:58.048, 2, 77409 MiB, 100 %, 247.64 W, 1980 MHz, 15 %, 38
2026/10/10 13:49:58.048, 3, 77409 MiB, 100 %, 246.19 W, 1980 MHz, 15 %, 33
2026/10/10 13:49:58.048, 4, 77409 MiB, 100 %, 243.31 W, 1980 MHz, 16 %, 33
2026/10/10 13:49:58.048, 5, 77409 MiB, 100 %, 249.95 W, 1980 MHz, 15 %, 37
2026/10/10 13:49:58.048, 6, 77409 MiB, 100 %, 242.21 W, 1980 MHz, 16 %, 35
2026/10/10 13:49:58.048, 7, 77409 MiB, 100 %, 275.20 W, 1980 MHz, 15 %, 70
2026/10/10 13:49:59.048, 0, 77409 MiB, 100 %, 253.09 W, 1980 MHz, 16 %, 34
2026/10/10 13:49:59.048, 1, 77409 MiB, 100 %, 265.03 W, 1980 MHz, 15 %, 58
2026/10/10 13:49:59.048, 2, 77409 MiB, 100 %, 250.71 W, 1980 MHz, 15 %, 38
2026/10/10 13:49:59.049, 3, 77409 MiB, 100 %, 247.06 W, 1980 MHz, 15 %, 33
2026/10/10 13:49:59.049, 4, 77409 MiB, 100 %, 243.06 W, 1980 MHz, 15 %, 33
2026/10/10 13:49:59.049, 5, 77409 MiB, 100 %, 247.19 W, 1980 MHz, 15 %, 37
2026/10/10 13:49:59.049, 6, 77409 MiB, 100 %, 241.21 W, 1980 MHz, 15 %, 35
2026/10/10 13:49:59.049, 7, 77409 MiB, 100 %, 275.47 W, 1980 MHz, 15 %, 70
2026/10/10 13:50:00.049, 0, 77409 MiB, 100 %, 252.55 W, 1980 MHz, 15 %, 34
2026/10/10 13:50:00.049, 1, 77409 MiB, 100 %, 266.21 W, 1980 MHz, 15 %, 58
2026/10/10 13:50:00.049, 2, 77409 MiB, 100 %, 252.17 W, 1980 MHz, 15 %, 38
2026/10/10 13:50:00.049, 3, 77409 MiB, 100 %, 246.05 W, 1980 MHz, 15 %, 33
2026/10/10 13:50:00.049, 4, 77409 MiB, 100 %, 243.06 W, 1980 MHz, 16 %, 33
2026/10/10 13:50:00.049, 5, 77409 MiB, 100 %, 250.05 W, 1980 MHz, 15 %, 37
2026/10/10 13:50:00.049, 6, 77409 MiB, 100 %, 241.37 W, 1980 MHz, 15 %, 34
2026/10/10 13:50:00.049, 7, 77409 MiB, 100 %, 273.93 W, 1980 MHz, 15 %, 70
2026/10/10 13:50:01.049, 0, 77409 MiB, 100 %, 251.56 W, 1980 MHz, 15 %, 34
2026/10/10 13:50:01.050, 1, 77409 MiB, 100 %, 267.38 W, 1980 MHz, 15 %, 58
2026/10/10 13:50:01.050, 2, 77409 MiB, 100 %, 254.15 W, 1980 MHz, 15 %, 38
2026/10/10 13:50:01.050, 3, 77409 MiB, 100 %, 246.23 W, 1980 MHz, 15 %, 32
2026/10/10 13:50:01.050, 4, 77409 MiB, 100 %, 242.96 W, 1980 MHz, 16 %, 33
2026/10/10 13:50:01.050, 5, 77409 MiB, 100 %, 249.06 W, 1980 MHz, 15 %, 37
2026/10/10 13:50:01.050, 6, 77409 MiB, 100 %, 241.81 W, 1980 MHz, 15 %, 34
2026/10/10 13:50:01.050, 7, 77409 MiB, 100 %, 274.48 W, 1980 MHz, 15 %, 70
2026/10/10 13:50:02.050, 0, 77409 MiB, 100 %, 252.47 W, 1980 MHz, 16 %, 34
2026/10/10 13:50:02.050, 1, 77409 MiB, 100 %, 269.56 W, 1980 MHz, 15 %, 58
2026/10/10 13:50:02.050, 2, 77409 MiB, 100 %, 252.28 W, 1980 MHz, 15 %, 38
2026/10/10 13:50:02.050, 3, 77409 MiB, 100 %, 244.81 W, 1980 MHz, 15 %, 32
2026/10/10 13:50:02.050, 4, 77409 MiB, 100 %, 242.54 W, 1980 MHz, 15 %, 33
2026/10/10 13:50:02.050, 5, 77409 MiB, 100 %, 250.91 W, 1980 MHz, 15 %, 37
2026/10/10 13:50:02.050, 6, 77409 MiB, 100 %, 241.05 W, 1980 MHz, 15 %, 34
2026/10/10 13:50:02.050, 7, 77409 MiB, 100 %, 275.10 W, 1980 MHz, 15 %, 70
2026/10/10 13:50:03.051, 0, 77409 MiB, 100 %, 252.90 W, 1980 MHz, 16 %, 34
2026/10/10 13:50:03.051, 1, 77409 MiB, 100 %, 265.93 W, 1980 MHz, 16 %, 58
2026/10/10 13:50:03.051, 2, 77409 MiB, 100 %, 252.69 W, 1980 MHz, 15 %, 38
2026/10/10 13:50:03.051, 3, 77409 MiB, 100 %, 246.11 W, 1980 MHz, 15 %, 32
2026/10/10 13:50:03.051, 4, 77409 MiB, 100 %, 241.82 W, 1980 MHz, 14 %, 33
2026/10/10 13:50:03.051, 5, 77409 MiB, 100 %, 249.19 W, 1980 MHz, 15 %, 37
2026/10/10 13:50:03.051, 6, 77409 MiB, 100 %, 240.94 W, 1980 MHz, 15 %, 34
2026/10/10 13:50:03.051, 7, 77409 MiB, 100 %, 275.18 W, 1980 MHz, 15 %, 70
2026/10/10 13:50:04.051, 0, 77409 MiB, 100 %, 251.05 W, 1980 MHz, 16 %, 34
2026/10/10 13:50:04.051, 1, 77409 MiB, 100 %, 268.50 W, 1980 MHz, 15 %, 58
2026/10/10 13:50:04.051, 2, 77409 MiB, 100 %, 251.36 W, 1980 MHz, 16 %, 38
2026/10/10 13:50:04.052, 3, 77409 MiB, 100 %, 246.96 W, 1980 MHz, 15 %, 32
2026/10/10 13:50:04.052, 4, 77409 MiB, 100 %, 239.34 W, 1980 MHz, 15 %, 33
2026/10/10 13:50:04.052, 5, 77409 MiB, 100 %, 249.86 W, 1980 MHz, 15 %, 37
2026/10/10 13:50:04.052, 6, 77409 MiB, 100 %, 242.14 W, 1980 MHz, 16 %, 34
2026/10/10 13:50:04.052, 7, 77409 MiB, 100 %, 278.36 W, 1980 MHz, 16 %, 70
2026/10/10 13:50:05.052, 0, 77409 MiB, 100 %, 251.84 W, 1980 MHz, 16 %, 34
2026/10/10 13:50:05.052, 1, 77409 MiB, 100 %, 268.58 W, 1980 MHz, 15 %, 58
2026/10/10 13:50:05.052, 2, 77409 MiB, 100 %, 251.20 W, 1980 MHz, 15 %, 38
2026/10/10 13:50:05.052, 3, 77409 MiB, 100 %, 244.17 W, 1980 MHz, 15 %, 32
2026/10/10 13:50:05.052, 4, 77409 MiB, 100 %, 240.88 W, 1980 MHz, 16 %, 33
2026/10/10 13:50:05.052, 5, 77409 MiB, 100 %, 250.47 W, 1980 MHz, 15 %, 37
2026/10/10 13:50:05.052, 6, 77409 MiB, 100 %, 242.53 W, 1980 MHz, 15 %, 34
2026/10/10 13:50:05.052, 7, 77409 MiB, 100 %, 282.65 W, 1980 MHz, 16 %, 70
2026/10/10 13:50:06.053, 0, 77409 MiB, 100 %, 251.06 W, 1980 MHz, 15 %, 34
2026/10/10 13:50:06.053, 1, 77409 MiB, 100 %, 266.04 W, 1980 MHz, 15 %, 58
2026/10/10 13:50:06.053, 2, 77409 MiB, 100 %, 249.95 W, 1980 MHz, 15 %, 38
2026/10/10 13:50:06.053, 3, 77409 MiB, 100 %, 246.34 W, 1980 MHz, 15 %, 32
2026/10/10 13:50:06.053, 4, 77409 MiB, 100 %, 240.93 W, 1980 MHz, 15 %, 33
2026/10/10 13:50:06.053, 5, 77409 MiB, 100 %, 249.63 W, 1980 MHz, 15 %, 37
2026/10/10 13:50:06.053, 6, 77409 MiB, 100 %, 241.99 W, 1980 MHz, 15 %, 34
2026/10/10 13:50:06.053, 7, 77409 MiB, 100 %, 282.87 W, 1980 MHz, 16 %, 70
2026/10/10 13:50:07.053, 0, 77409 MiB, 100 %, 251.63 W, 1980 MHz, 15 %, 34
2026/10/10 13:50:07.053, 1, 77409 MiB, 100 %, 264.97 W, 1980 MHz, 15 %, 58
2026/10/10 13:50:07.053, 2, 77409 MiB, 100 %, 250.38 W, 1980 MHz, 15 %, 38
2026/10/10 13:50:07.053, 3, 77409 MiB, 100 %, 245.19 W, 1980 MHz, 15 %, 32
2026/10/10 13:50:07.053, 4, 77409 MiB, 100 %, 242.02 W, 1980 MHz, 15 %, 33
2026/10/10 13:50:07.053, 5, 77409 MiB, 100 %, 250.66 W, 1980 MHz, 16 %, 37
2026/10/10 13:50:07.054, 6, 77409 MiB, 100 %, 241.33 W, 1980 MHz, 15 %, 34
2026/10/10 13:50:07.054, 7, 77409 MiB, 100 %, 282.29 W, 1980 MHz, 16 %, 70
2026/10/10 13:50:08.054, 0, 77409 MiB, 100 %, 249.80 W, 1980 MHz, 15 %, 34
2026/10/10 13:50:08.054, 1, 77409 MiB, 100 %, 266.53 W, 1980 MHz, 15 %, 58
2026/10/10 13:50:08.054, 2, 77409 MiB, 100 %, 250.43 W, 1980 MHz, 15 %, 38
2026/10/10 13:50:08.054, 3, 77409 MiB, 100 %, 245.18 W, 1980 MHz, 15 %, 32
2026/10/10 13:50:08.054, 4, 77409 MiB, 100 %, 241.89 W, 1980 MHz, 15 %, 33
2026/10/10 13:50:08.054, 5, 77409 MiB, 100 %, 251.59 W, 1980 MHz, 16 %, 37
2026/10/10 13:50:08.054, 6, 77409 MiB, 100 %, 242.15 W, 1980 MHz, 15 %, 34
2026/10/10 13:50:08.054, 7, 77409 MiB, 100 %, 281.07 W, 1980 MHz, 16 %, 70
2026/10/10 13:50:09.054, 0, 77409 MiB, 100 %, 251.04 W, 1980 MHz, 15 %, 34
2026/10/10 13:50:09.055, 1, 77409 MiB, 100 %, 265.58 W, 1980 MHz, 15 %, 58
2026/10/10 13:50:09.055, 2, 77409 MiB, 100 %, 251.72 W, 1980 MHz, 15 %, 38
2026/10/10 13:50:09.055, 3, 77409 MiB, 100 %, 246.26 W, 1980 MHz, 15 %, 32
2026/10/10 13:50:09.055, 4, 77409 MiB, 100 %, 242.49 W, 1980 MHz, 16 %, 33
2026/10/10 13:50:09.055, 5, 77409 MiB, 100 %, 251.13 W, 1980 MHz, 16 %, 37
2026/10/10 13:50:09.055, 6, 77409 MiB, 100 %, 241.74 W, 1980 MHz, 15 %, 34
2026/10/10 13:50:09.055, 7, 77409 MiB, 100 %, 281.16 W, 1980 MHz, 16 %, 70
2026/10/10 13:50:10.055, 0, 77409 MiB, 100 %, 251.85 W, 1980 MHz, 15 %, 34
2026/10/10 13:50:10.055, 1, 77409 MiB, 100 %, 263.69 W, 1980 MHz, 15 %, 58
2026/10/10 13:50:10.055, 2, 77409 MiB, 100 %, 250.26 W, 1980 MHz, 15 %, 38
2026/10/10 13:50:10.055, 3, 77409 MiB, 100 %, 244.11 W, 1980 MHz, 15 %, 32
2026/10/10 13:50:10.055, 4, 77409 MiB, 100 %, 242.54 W, 1980 MHz, 15 %, 33
2026/10/10 13:50:10.055, 5, 77409 MiB, 100 %, 250.65 W, 1980 MHz, 15 %, 37
2026/10/10 13:50:10.055, 6, 77409 MiB, 100 %, 241.85 W, 1980 MHz, 15 %, 34
2026/10/10 13:50:10.055, 7, 77409 MiB, 100 %, 281.03 W, 1980 MHz, 16 %, 70
2026/10/10 13:50:11.056, 0, 77409 MiB, 100 %, 250.95 W, 1980 MHz, 15 %, 34
2026/10/10 13:50:11.056, 1, 77409 MiB, 100 %, 267.36 W, 1980 MHz, 15 %, 58
2026/10/10 13:50:11.056, 2, 77409 MiB, 100 %, 250.72 W, 1980 MHz, 15 %, 38
2026/10/10 13:50:11.056, 3, 77409 MiB, 100 %, 245.16 W, 1980 MHz, 15 %, 32
2026/10/10 13:50:11.056, 4, 77409 MiB, 100 %, 241.60 W, 1980 MHz, 15 %, 33
2026/10/10 13:50:11.056, 5, 77409 MiB, 100 %, 252.11 W, 1980 MHz, 16 %, 37
2026/10/10 13:50:11.056, 6, 77409 MiB, 100 %, 241.58 W, 1980 MHz, 15 %, 34
2026/10/10 13:50:11.056, 7, 77409 MiB, 100 %, 281.50 W, 1980 MHz, 16 %, 70
2026/10/10 13:50:12.056, 0, 77409 MiB, 100 %, 249.79 W, 1980 MHz, 15 %, 34
2026/10/10 13:50:12.056, 1, 77409 MiB, 100 %, 268.25 W, 1980 MHz, 15 %, 58
2026/10/10 13:50:12.056, 2, 77409 MiB, 100 %, 249.67 W, 1980 MHz, 15 %, 38
2026/10/10 13:50:12.056, 3, 77409 MiB, 100 %, 243.66 W, 1980 MHz, 15 %, 32
2026/10/10 13:50:12.056, 4, 77409 MiB, 100 %, 241.16 W, 1980 MHz, 15 %, 33
2026/10/10 13:50:12.057, 5, 77409 MiB, 100 %, 251.84 W, 1980 MHz, 15 %, 37
2026/10/10 13:50:12.057, 6, 77409 MiB, 100 %, 242.39 W, 1980 MHz, 15 %, 34
2026/10/10 13:50:12.057, 7, 77409 MiB, 100 %, 281.61 W, 1980 MHz, 16 %, 70
2026/10/10 13:50:13.057, 0, 77409 MiB, 100 %, 252.52 W, 1980 MHz, 15 %, 34
2026/10/10 13:50:13.057, 1, 77409 MiB, 100 %, 266.51 W, 1980 MHz, 15 %, 58
2026/10/10 13:50:13.057, 2, 77409 MiB, 100 %, 249.47 W, 1980 MHz, 15 %, 38
2026/10/10 13:50:13.057, 3, 77409 MiB, 100 %, 244.87 W, 1980 MHz, 15 %, 32
2026/10/10 13:50:13.057, 4, 77409 MiB, 100 %, 241.04 W, 1980 MHz, 15 %, 33
2026/10/10 13:50:13.057, 5, 77409 MiB, 100 %, 251.01 W, 1980 MHz, 15 %, 37
2026/10/10 13:50:13.057, 6, 77409 MiB, 100 %, 240.95 W, 1980 MHz, 15 %, 34
2026/10/10 13:50:13.057, 7, 77409 MiB, 100 %, 281.98 W, 1980 MHz, 16 %, 70
2026/10/10 13:50:14.057, 0, 77409 MiB, 100 %, 245.26 W, 1980 MHz, 15 %, 33
2026/10/10 13:50:14.057, 1, 77409 MiB, 100 %, 267.60 W, 1980 MHz, 15 %, 58
2026/10/10 13:50:14.058, 2, 77409 MiB, 100 %, 249.75 W, 1980 MHz, 15 %, 38
2026/10/10 13:50:14.058, 3, 77409 MiB, 100 %, 241.95 W, 1980 MHz, 15 %, 35
2026/10/10 13:50:14.058, 4, 77409 MiB, 100 %, 240.59 W, 1980 MHz, 15 %, 33
2026/10/10 13:50:14.058, 5, 77409 MiB, 95 %, 250.08 W, 1980 MHz, 15 %, 37
2026/10/10 13:50:14.058, 6, 77409 MiB, 100 %, 242.49 W, 1980 MHz, 16 %, 34
2026/10/10 13:50:14.058, 7, 77409 MiB, 87 %, 279.55 W, 1980 MHz, 14 %, 70
2026/10/10 13:50:15.058, 0, 77409 MiB, 100 %, 456.44 W, 1980 MHz, 16 %, 35
2026/10/10 13:50:15.058, 1, 77409 MiB, 100 %, 470.13 W, 1980 MHz, 15 %, 59
2026/10/10 13:50:15.058, 2, 77409 MiB, 100 %, 447.84 W, 1980 MHz, 15 %, 39
2026/10/10 13:50:15.058, 3, 77409 MiB, 100 %, 455.16 W, 1980 MHz, 15 %, 34
2026/10/10 13:50:15.058, 4, 77409 MiB, 100 %, 446.11 W, 1980 MHz, 15 %, 35
2026/10/10 13:50:15.058, 5, 77409 MiB, 100 %, 442.82 W, 1980 MHz, 15 %, 39
2026/10/10 13:50:15.058, 6, 77409 MiB, 100 %, 444.22 W, 1980 MHz, 16 %, 37
2026/10/10 13:50:15.058, 7, 77409 MiB, 100 %, 471.48 W, 1980 MHz, 15 %, 71
2026/10/10 13:50:16.059, 0, 77409 MiB, 100 %, 249.97 W, 1980 MHz, 15 %, 35
2026/10/10 13:50:16.059, 1, 77409 MiB, 100 %, 264.31 W, 1980 MHz, 15 %, 58
2026/10/10 13:50:16.059, 2, 77409 MiB, 100 %, 247.18 W, 1980 MHz, 15 %, 38
2026/10/10 13:50:16.059, 3, 77409 MiB, 100 %, 246.69 W, 1980 MHz, 15 %, 33
2026/10/10 13:50:16.059, 4, 77409 MiB, 100 %, 241.37 W, 1980 MHz, 15 %, 33
2026/10/10 13:50:16.059, 5, 77409 MiB, 100 %, 250.58 W, 1980 MHz, 15 %, 37
2026/10/10 13:50:16.059, 6, 77409 MiB, 100 %, 241.21 W, 1980 MHz, 15 %, 35
2026/10/10 13:50:16.059, 7, 77409 MiB, 100 %, 279.34 W, 1980 MHz, 15 %, 70
2026/10/10 13:50:17.059, 0, 77409 MiB, 100 %, 249.63 W, 1980 MHz, 15 %, 34
2026/10/10 13:50:17.059, 1, 77409 MiB, 100 %, 264.42 W, 1980 MHz, 15 %, 58
2026/10/10 13:50:17.059, 2, 77409 MiB, 100 %, 247.82 W, 1980 MHz, 15 %, 38
2026/10/10 13:50:17.059, 3, 77409 MiB, 100 %, 246.70 W, 1980 MHz, 15 %, 33
2026/10/10 13:50:17.060, 4, 77409 MiB, 100 %, 239.38 W, 1980 MHz, 15 %, 33
2026/10/10 13:50:17.060, 5, 77409 MiB, 100 %, 251.31 W, 1980 MHz, 16 %, 37
2026/10/10 13:50:17.060, 6, 77409 MiB, 100 %, 242.72 W, 1980 MHz, 16 %, 35
2026/10/10 13:50:17.060, 7, 77409 MiB, 100 %, 279.44 W, 1980 MHz, 15 %, 70
2026/10/10 13:50:18.060, 0, 77409 MiB, 100 %, 248.82 W, 1980 MHz, 15 %, 34
2026/10/10 13:50:18.060, 1, 77409 MiB, 100 %, 267.56 W, 1980 MHz, 15 %, 58
2026/10/10 13:50:18.060, 2, 77409 MiB, 100 %, 249.46 W, 1980 MHz, 15 %, 38
2026/10/10 13:50:18.060, 3, 77409 MiB, 100 %, 246.39 W, 1980 MHz, 16 %, 33
2026/10/10 13:50:18.060, 4, 77409 MiB, 100 %, 242.51 W, 1980 MHz, 15 %, 33
2026/10/10 13:50:18.060, 5, 77409 MiB, 100 %, 249.25 W, 1980 MHz, 15 %, 37
2026/10/10 13:50:18.060, 6, 77409 MiB, 100 %, 241.45 W, 1980 MHz, 15 %, 35
2026/10/10 13:50:18.060, 7, 77409 MiB, 100 %, 275.99 W, 1980 MHz, 15 %, 70
2026/10/10 13:50:19.060, 0, 77409 MiB, 100 %, 248.91 W, 1980 MHz, 15 %, 34
2026/10/10 13:50:19.061, 1, 77409 MiB, 100 %, 267.10 W, 1980 MHz, 15 %, 58
2026/10/10 13:50:19.061, 2, 77409 MiB, 100 %, 250.53 W, 1980 MHz, 15 %, 38
2026/10/10 13:50:19.061, 3, 77409 MiB, 100 %, 246.72 W, 1980 MHz, 16 %, 33
2026/10/10 13:50:19.061, 4, 77409 MiB, 100 %, 243.66 W, 1980 MHz, 15 %, 33
2026/10/10 13:50:19.061, 5, 77409 MiB, 100 %, 249.19 W, 1980 MHz, 15 %, 37
2026/10/10 13:50:19.061, 6, 77409 MiB, 100 %, 241.37 W, 1980 MHz, 15 %, 34
2026/10/10 13:50:19.061, 7, 77409 MiB, 100 %, 275.68 W, 1980 MHz, 15 %, 70
2026/10/10 13:50:20.061, 0, 77409 MiB, 100 %, 249.28 W, 1980 MHz, 15 %, 34
2026/10/10 13:50:20.061, 1, 77409 MiB, 100 %, 267.51 W, 1980 MHz, 15 %, 58
2026/10/10 13:50:20.061, 2, 77409 MiB, 100 %, 248.70 W, 1980 MHz, 15 %, 38
2026/10/10 13:50:20.061, 3, 77409 MiB, 100 %, 247.40 W, 1980 MHz, 15 %, 32
2026/10/10 13:50:20.061, 4, 77409 MiB, 100 %, 243.44 W, 1980 MHz, 15 %, 33
2026/10/10 13:50:20.061, 5, 77409 MiB, 100 %, 249.53 W, 1980 MHz, 15 %, 37
2026/10/10 13:50:20.061, 6, 77409 MiB, 100 %, 241.33 W, 1980 MHz, 15 %, 34
2026/10/10 13:50:20.061, 7, 77409 MiB, 100 %, 276.58 W, 1980 MHz, 15 %, 70
2026/10/10 13:50:21.062, 0, 77409 MiB, 100 %, 249.72 W, 1980 MHz, 15 %, 34
2026/10/10 13:50:21.062, 1, 77409 MiB, 100 %, 267.82 W, 1980 MHz, 15 %, 58
2026/10/10 13:50:21.062, 2, 77409 MiB, 100 %, 250.28 W, 1980 MHz, 15 %, 38
2026/10/10 13:50:21.062, 3, 77409 MiB, 100 %, 245.26 W, 1980 MHz, 15 %, 32
2026/10/10 13:50:21.062, 4, 77409 MiB, 100 %, 244.11 W, 1980 MHz, 15 %, 33
2026/10/10 13:50:21.062, 5, 77409 MiB, 100 %, 247.94 W, 1980 MHz, 15 %, 37
2026/10/10 13:50:21.062, 6, 77409 MiB, 100 %, 242.13 W, 1980 MHz, 16 %, 34
2026/10/10 13:50:21.062, 7, 77409 MiB, 100 %, 275.46 W, 1980 MHz, 15 %, 70
2026/10/10 13:50:22.062, 0, 77409 MiB, 100 %, 250.40 W, 1980 MHz, 16 %, 34
2026/10/10 13:50:22.062, 1, 77409 MiB, 100 %, 269.98 W, 1980 MHz, 15 %, 58
2026/10/10 13:50:22.062, 2, 77409 MiB, 100 %, 249.90 W, 1980 MHz, 15 %, 38
2026/10/10 13:50:22.063, 3, 77409 MiB, 100 %, 245.59 W, 1980 MHz, 15 %, 32
2026/10/10 13:50:22.063, 4, 77409 MiB, 100 %, 245.10 W, 1980 MHz, 15 %, 33
2026/10/10 13:50:22.063, 5, 77409 MiB, 100 %, 249.42 W, 1980 MHz, 15 %, 37
2026/10/10 13:50:22.063, 6, 77409 MiB, 100 %, 241.11 W, 1980 MHz, 15 %, 34
2026/10/10 13:50:22.063, 7, 77409 MiB, 100 %, 276.63 W, 1980 MHz, 15 %, 70
2026/10/10 13:50:23.063, 0, 77409 MiB, 100 %, 251.73 W, 1980 MHz, 16 %, 34
2026/10/10 13:50:23.063, 1, 77409 MiB, 100 %, 270.14 W, 1980 MHz, 16 %, 58
2026/10/10 13:50:23.063, 2, 77409 MiB, 100 %, 248.44 W, 1980 MHz, 15 %, 38
2026/10/10 13:50:23.063, 3, 77409 MiB, 100 %, 246.06 W, 1980 MHz, 15 %, 32
2026/10/10 13:50:23.063, 4, 77409 MiB, 100 %, 244.61 W, 1980 MHz, 15 %, 33
2026/10/10 13:50:23.063, 5, 77409 MiB, 100 %, 248.60 W, 1980 MHz, 15 %, 37
2026/10/10 13:50:23.063, 6, 77409 MiB, 100 %, 240.68 W, 1980 MHz, 15 %, 34
2026/10/10 13:50:23.063, 7, 77409 MiB, 100 %, 278.20 W, 1980 MHz, 16 %, 70
2026/10/10 13:50:24.063, 0, 77409 MiB, 100 %, 252.82 W, 1980 MHz, 16 %, 34
2026/10/10 13:50:24.064, 1, 77409 MiB, 100 %, 268.66 W, 1980 MHz, 15 %, 58
2026/10/10 13:50:24.064, 2, 77409 MiB, 100 %, 248.68 W, 1980 MHz, 15 %, 38
2026/10/10 13:50:24.064, 3, 77409 MiB, 100 %, 244.69 W, 1980 MHz, 15 %, 32
2026/10/10 13:50:24.064, 4, 77409 MiB, 100 %, 244.38 W, 1980 MHz, 15 %, 33
2026/10/10 13:50:24.064, 5, 77409 MiB, 100 %, 249.64 W, 1980 MHz, 15 %, 37
2026/10/10 13:50:24.064, 6, 77409 MiB, 100 %, 240.37 W, 1980 MHz, 15 %, 34
2026/10/10 13:50:24.064, 7, 77409 MiB, 100 %, 278.84 W, 1980 MHz, 15 %, 70
2026/10/10 13:50:25.064, 0, 77409 MiB, 100 %, 252.91 W, 1980 MHz, 16 %, 34
2026/10/10 13:50:25.064, 1, 77409 MiB, 100 %, 269.80 W, 1980 MHz, 15 %, 58
2026/10/10 13:50:25.064, 2, 77409 MiB, 100 %, 247.77 W, 1980 MHz, 15 %, 38
2026/10/10 13:50:25.064, 3, 77409 MiB, 100 %, 245.93 W, 1980 MHz, 15 %, 32
2026/10/10 13:50:25.064, 4, 77409 MiB, 100 %, 243.57 W, 1980 MHz, 15 %, 33
2026/10/10 13:50:25.064, 5, 77409 MiB, 100 %, 248.88 W, 1980 MHz, 15 %, 37
2026/10/10 13:50:25.064, 6, 77409 MiB, 100 %, 240.45 W, 1980 MHz, 15 %, 34
2026/10/10 13:50:25.064, 7, 77409 MiB, 100 %, 279.87 W, 1980 MHz, 16 %, 70
2026/10/10 13:50:26.065, 0, 77409 MiB, 100 %, 253.18 W, 1980 MHz, 15 %, 34
2026/10/10 13:50:26.065, 1, 77409 MiB, 100 %, 269.31 W, 1980 MHz, 15 %, 58
2026/10/10 13:50:26.065, 2, 77409 MiB, 100 %, 248.90 W, 1980 MHz, 15 %, 38
2026/10/10 13:50:26.065, 3, 77409 MiB, 100 %, 245.71 W, 1980 MHz, 15 %, 32
2026/10/10 13:50:26.065, 4, 77409 MiB, 100 %, 244.29 W, 1980 MHz, 15 %, 33
2026/10/10 13:50:26.065, 5, 77409 MiB, 100 %, 248.92 W, 1980 MHz, 15 %, 37
2026/10/10 13:50:26.065, 6, 77409 MiB, 100 %, 240.93 W, 1980 MHz, 15 %, 34
2026/10/10 13:50:26.065, 7, 77409 MiB, 100 %, 283.02 W, 1980 MHz, 16 %, 70
2026/10/10 13:50:27.065, 0, 77409 MiB, 100 %, 252.57 W, 1980 MHz, 15 %, 34
2026/10/10 13:50:27.065, 1, 77409 MiB, 100 %, 268.52 W, 1980 MHz, 15 %, 58
2026/10/10 13:50:27.065, 2, 77409 MiB, 100 %, 248.97 W, 1980 MHz, 15 %, 38
2026/10/10 13:50:27.065, 3, 77409 MiB, 100 %, 246.12 W, 1980 MHz, 15 %, 32
2026/10/10 13:50:27.065, 4, 77409 MiB, 100 %, 243.93 W, 1980 MHz, 16 %, 33
2026/10/10 13:50:27.066, 5, 77409 MiB, 100 %, 249.20 W, 1980 MHz, 15 %, 37
2026/10/10 13:50:27.066, 6, 77409 MiB, 100 %, 239.92 W, 1980 MHz, 15 %, 34
2026/10/10 13:50:27.066, 7, 77409 MiB, 100 %, 283.17 W, 1980 MHz, 15 %, 70
2026/10/10 13:50:28.066, 0, 77409 MiB, 100 %, 251.93 W, 1980 MHz, 16 %, 34
2026/10/10 13:50:28.066, 1, 77409 MiB, 100 %, 269.31 W, 1980 MHz, 15 %, 58
2026/10/10 13:50:28.066, 2, 77409 MiB, 100 %, 250.49 W, 1980 MHz, 15 %, 38
2026/10/10 13:50:28.066, 3, 77409 MiB, 100 %, 244.00 W, 1980 MHz, 15 %, 32
2026/10/10 13:50:28.066, 4, 77409 MiB, 100 %, 243.40 W, 1980 MHz, 15 %, 33
2026/10/10 13:50:28.066, 5, 77409 MiB, 100 %, 249.99 W, 1980 MHz, 16 %, 37
2026/10/10 13:50:28.066, 6, 77409 MiB, 100 %, 240.67 W, 1980 MHz, 15 %, 34
2026/10/10 13:50:28.066, 7, 77409 MiB, 100 %, 280.95 W, 1980 MHz, 15 %, 70
2026/10/10 13:50:29.066, 0, 77409 MiB, 100 %, 251.36 W, 1980 MHz, 16 %, 34
2026/10/10 13:50:29.067, 1, 77409 MiB, 100 %, 268.91 W, 1980 MHz, 15 %, 58
2026/10/10 13:50:29.067, 2, 77409 MiB, 100 %, 248.69 W, 1980 MHz, 15 %, 38
2026/10/10 13:50:29.067, 3, 77409 MiB, 100 %, 244.40 W, 1980 MHz, 15 %, 32
2026/10/10 13:50:29.067, 4, 77409 MiB, 100 %, 243.60 W, 1980 MHz, 15 %, 33
2026/10/10 13:50:29.067, 5, 77409 MiB, 100 %, 248.44 W, 1980 MHz, 16 %, 37
2026/10/10 13:50:29.067, 6, 77409 MiB, 100 %, 242.02 W, 1980 MHz, 15 %, 34
2026/10/10 13:50:29.067, 7, 77409 MiB, 100 %, 282.08 W, 1980 MHz, 15 %, 70
2026/10/10 13:50:30.067, 0, 77409 MiB, 100 %, 251.01 W, 1980 MHz, 16 %, 34
2026/10/10 13:50:30.067, 1, 77409 MiB, 100 %, 267.07 W, 1980 MHz, 15 %, 58
2026/10/10 13:50:30.067, 2, 77409 MiB, 100 %, 248.03 W, 1980 MHz, 15 %, 38
2026/10/10 13:50:30.067, 3, 77409 MiB, 100 %, 247.00 W, 1980 MHz, 15 %, 32
2026/10/10 13:50:30.067, 4, 77409 MiB, 100 %, 243.08 W, 1980 MHz, 15 %, 33
2026/10/10 13:50:30.067, 5, 77409 MiB, 100 %, 250.04 W, 1980 MHz, 15 %, 37
2026/10/10 13:50:30.067, 6, 77409 MiB, 100 %, 240.74 W, 1980 MHz, 15 %, 34
2026/10/10 13:50:30.067, 7, 77409 MiB, 100 %, 280.99 W, 1980 MHz, 16 %, 70
2026/10/10 13:50:31.068, 0, 77409 MiB, 100 %, 252.38 W, 1980 MHz, 16 %, 34
2026/10/10 13:50:31.068, 1, 77409 MiB, 100 %, 268.18 W, 1980 MHz, 15 %, 58
2026/10/10 13:50:31.068, 2, 77409 MiB, 100 %, 249.19 W, 1980 MHz, 15 %, 38
2026/10/10 13:50:31.068, 3, 77409 MiB, 100 %, 245.31 W, 1980 MHz, 15 %, 32
2026/10/10 13:50:31.068, 4, 77409 MiB, 100 %, 242.68 W, 1980 MHz, 15 %, 33
2026/10/10 13:50:31.068, 5, 77409 MiB, 100 %, 250.94 W, 1980 MHz, 15 %, 37
2026/10/10 13:50:31.068, 6, 77409 MiB, 100 %, 241.25 W, 1980 MHz, 15 %, 34
2026/10/10 13:50:31.068, 7, 77409 MiB, 100 %, 281.06 W, 1980 MHz, 16 %, 70
2026/10/10 13:50:32.068, 0, 77409 MiB, 100 %, 252.54 W, 1980 MHz, 15 %, 34
2026/10/10 13:50:32.068, 1, 77409 MiB, 100 %, 268.84 W, 1980 MHz, 15 %, 58
2026/10/10 13:50:32.068, 2, 77409 MiB, 100 %, 249.28 W, 1980 MHz, 15 %, 38
2026/10/10 13:50:32.068, 3, 77409 MiB, 100 %, 246.10 W, 1980 MHz, 15 %, 32
2026/10/10 13:50:32.068, 4, 77409 MiB, 100 %, 243.66 W, 1980 MHz, 15 %, 33
2026/10/10 13:50:32.069, 5, 77409 MiB, 100 %, 250.63 W, 1980 MHz, 15 %, 37
2026/10/10 13:50:32.069, 6, 77409 MiB, 100 %, 240.30 W, 1980 MHz, 15 %, 34
2026/10/10 13:50:32.069, 7, 77409 MiB, 100 %, 281.46 W, 1980 MHz, 16 %, 70
2026/10/10 13:50:33.069, 0, 77409 MiB, 100 %, 250.84 W, 1980 MHz, 16 %, 33
2026/10/10 13:50:33.069, 1, 77409 MiB, 100 %, 265.75 W, 1980 MHz, 15 %, 58
2026/10/10 13:50:33.069, 2, 77409 MiB, 100 %, 255.34 W, 1980 MHz, 15 %, 37
2026/10/10 13:50:33.069, 3, 77409 MiB, 100 %, 247.24 W, 1980 MHz, 15 %, 36
2026/10/10 13:50:33.069, 4, 77409 MiB, 100 %, 243.67 W, 1980 MHz, 15 %, 33
2026/10/10 13:50:33.069, 5, 77409 MiB, 80 %, 248.54 W, 1980 MHz, 13 %, 37
2026/10/10 13:50:33.069, 6, 77409 MiB, 100 %, 240.59 W, 1980 MHz, 15 %, 34
2026/10/10 13:50:33.069, 7, 77409 MiB, 74 %, 279.24 W, 1980 MHz, 11 %, 70
2026/10/10 13:50:34.069, 0, 77409 MiB, 100 %, 455.15 W, 1980 MHz, 15 %, 35
2026/10/10 13:50:34.070, 1, 77409 MiB, 100 %, 469.76 W, 1980 MHz, 15 %, 59
2026/10/10 13:50:34.070, 2, 77409 MiB, 100 %, 447.28 W, 1980 MHz, 15 %, 39
2026/10/10 13:50:34.070, 3, 77409 MiB, 100 %, 453.29 W, 1980 MHz, 15 %, 34
2026/10/10 13:50:34.070, 4, 77409 MiB, 100 %, 439.32 W, 1980 MHz, 15 %, 35
2026/10/10 13:50:34.070, 5, 77409 MiB, 100 %, 445.66 W, 1980 MHz, 15 %, 39
2026/10/10 13:50:34.070, 6, 77409 MiB, 100 %, 443.82 W, 1980 MHz, 15 %, 37
2026/10/10 13:50:34.070, 7, 77409 MiB, 100 %, 476.83 W, 1980 MHz, 15 %, 71
2026/10/10 13:50:35.070, 0, 77409 MiB, 100 %, 248.85 W, 1980 MHz, 15 %, 34
2026/10/10 13:50:35.070, 1, 77409 MiB, 100 %, 269.36 W, 1980 MHz, 15 %, 59
2026/10/10 13:50:35.070, 2, 77409 MiB, 100 %, 248.43 W, 1980 MHz, 15 %, 38
2026/10/10 13:50:35.070, 3, 77409 MiB, 100 %, 248.20 W, 1980 MHz, 15 %, 33
2026/10/10 13:50:35.070, 4, 77409 MiB, 100 %, 241.99 W, 1980 MHz, 15 %, 33
2026/10/10 13:50:35.070, 5, 77409 MiB, 100 %, 247.58 W, 1980 MHz, 15 %, 37
2026/10/10 13:50:35.070, 6, 77409 MiB, 100 %, 238.91 W, 1980 MHz, 15 %, 35
2026/10/10 13:50:35.070, 7, 77409 MiB, 100 %, 277.51 W, 1980 MHz, 15 %, 70
2026/10/10 13:50:36.071, 0, 77409 MiB, 100 %, 248.87 W, 1980 MHz, 15 %, 34
2026/10/10 13:50:36.071, 1, 77409 MiB, 100 %, 267.05 W, 1980 MHz, 15 %, 58
2026/10/10 13:50:36.071, 2, 77409 MiB, 100 %, 248.04 W, 1980 MHz, 15 %, 38
2026/10/10 13:50:36.071, 3, 77409 MiB, 100 %, 251.01 W, 1980 MHz, 16 %, 33
2026/10/10 13:50:36.071, 4, 77409 MiB, 100 %, 244.45 W, 1980 MHz, 16 %, 33
2026/10/10 13:50:36.071, 5, 77409 MiB, 100 %, 248.75 W, 1980 MHz, 15 %, 37
2026/10/10 13:50:36.071, 6, 77409 MiB, 100 %, 238.20 W, 1980 MHz, 15 %, 35
2026/10/10 13:50:36.071, 7, 77409 MiB, 100 %, 277.44 W, 1980 MHz, 15 %, 70
2026/10/10 13:50:37.071, 0, 77409 MiB, 100 %, 247.54 W, 1980 MHz, 15 %, 34
2026/10/10 13:50:37.071, 1, 77409 MiB, 100 %, 266.92 W, 1980 MHz, 15 %, 58
2026/10/10 13:50:37.071, 2, 77409 MiB, 100 %, 248.61 W, 1980 MHz, 15 %, 38
2026/10/10 13:50:37.071, 3, 77409 MiB, 100 %, 249.29 W, 1980 MHz, 15 %, 33
2026/10/10 13:50:37.071, 4, 77409 MiB, 100 %, 244.73 W, 1980 MHz, 15 %, 33
2026/10/10 13:50:37.072, 5, 77409 MiB, 100 %, 247.11 W, 1980 MHz, 15 %, 37
2026/10/10 13:50:37.072, 6, 77409 MiB, 100 %, 238.62 W, 1980 MHz, 15 %, 34
2026/10/10 13:50:37.072, 7, 77409 MiB, 100 %, 277.55 W, 1980 MHz, 15 %, 70
2026/10/10 13:50:38.072, 0, 77409 MiB, 100 %, 249.62 W, 1980 MHz, 15 %, 34
2026/10/10 13:50:38.072, 1, 77409 MiB, 100 %, 267.93 W, 1980 MHz, 15 %, 58
2026/10/10 13:50:38.072, 2, 77409 MiB, 100 %, 249.34 W, 1980 MHz, 15 %, 38
2026/10/10 13:50:38.072, 3, 77409 MiB, 100 %, 250.11 W, 1980 MHz, 16 %, 33
2026/10/10 13:50:38.072, 4, 77409 MiB, 100 %, 244.55 W, 1980 MHz, 15 %, 33
2026/10/10 13:50:38.072, 5, 77409 MiB, 100 %, 248.84 W, 1980 MHz, 15 %, 37
2026/10/10 13:50:38.072, 6, 77409 MiB, 100 %, 238.51 W, 1980 MHz, 15 %, 34
2026/10/10 13:50:38.072, 7, 77409 MiB, 100 %, 276.82 W, 1980 MHz, 15 %, 70
2026/10/10 13:50:39.072, 0, 77409 MiB, 100 %, 248.93 W, 1980 MHz, 15 %, 34
2026/10/10 13:50:39.072, 1, 77409 MiB, 100 %, 265.98 W, 1980 MHz, 15 %, 58
2026/10/10 13:50:39.073, 2, 77409 MiB, 100 %, 248.84 W, 1980 MHz, 15 %, 38
2026/10/10 13:50:39.073, 3, 77409 MiB, 100 %, 249.80 W, 1980 MHz, 16 %, 33
2026/10/10 13:50:39.073, 4, 77409 MiB, 100 %, 243.53 W, 1980 MHz, 15 %, 33
2026/10/10 13:50:39.073, 5, 77409 MiB, 100 %, 248.05 W, 1980 MHz, 15 %, 37
2026/10/10 13:50:39.073, 6, 77409 MiB, 100 %, 239.89 W, 1980 MHz, 15 %, 34
2026/10/10 13:50:39.073, 7, 77409 MiB, 100 %, 277.81 W, 1980 MHz, 15 %, 70
2026/10/10 13:50:40.073, 0, 77409 MiB, 100 %, 248.89 W, 1980 MHz, 16 %, 34
2026/10/10 13:50:40.073, 1, 77409 MiB, 100 %, 269.02 W, 1980 MHz, 15 %, 58
2026/10/10 13:50:40.073, 2, 77409 MiB, 100 %, 248.04 W, 1980 MHz, 15 %, 38
2026/10/10 13:50:40.073, 3, 77409 MiB, 100 %, 249.70 W, 1980 MHz, 16 %, 33
2026/10/10 13:50:40.073, 4, 77409 MiB, 100 %, 244.75 W, 1980 MHz, 15 %, 33
2026/10/10 13:50:40.073, 5, 77409 MiB, 100 %, 248.93 W, 1980 MHz, 15 %, 37
2026/10/10 13:50:40.073, 6, 77409 MiB, 100 %, 238.29 W, 1980 MHz, 15 %, 34
2026/10/10 13:50:40.073, 7, 77409 MiB, 100 %, 276.32 W, 1980 MHz, 15 %, 70
2026/10/10 13:50:41.073, 0, 77409 MiB, 100 %, 247.23 W, 1980 MHz, 15 %, 34
2026/10/10 13:50:41.074, 1, 77409 MiB, 100 %, 267.59 W, 1980 MHz, 15 %, 58
2026/10/10 13:50:41.074, 2, 77409 MiB, 100 %, 248.49 W, 1980 MHz, 15 %, 38
2026/10/10 13:50:41.074, 3, 77409 MiB, 100 %, 249.68 W, 1980 MHz, 16 %, 33
2026/10/10 13:50:41.074, 4, 77409 MiB, 100 %, 243.43 W, 1980 MHz, 15 %, 33
2026/10/10 13:50:41.074, 5, 77409 MiB, 100 %, 248.28 W, 1980 MHz, 15 %, 37
2026/10/10 13:50:41.074, 6, 77409 MiB, 100 %, 239.56 W, 1980 MHz, 15 %, 34
2026/10/10 13:50:41.074, 7, 77409 MiB, 100 %, 277.04 W, 1980 MHz, 15 %, 70
2026/10/10 13:50:42.074, 0, 77409 MiB, 100 %, 250.12 W, 1980 MHz, 15 %, 34
2026/10/10 13:50:42.074, 1, 77409 MiB, 100 %, 267.62 W, 1980 MHz, 15 %, 58
2026/10/10 13:50:42.074, 2, 77409 MiB, 100 %, 249.78 W, 1980 MHz, 15 %, 38
2026/10/10 13:50:42.074, 3, 77409 MiB, 100 %, 249.44 W, 1980 MHz, 15 %, 32
2026/10/10 13:50:42.074, 4, 77409 MiB, 100 %, 245.21 W, 1980 MHz, 15 %, 33
2026/10/10 13:50:42.074, 5, 77409 MiB, 100 %, 247.55 W, 1980 MHz, 15 %, 37
2026/10/10 13:50:42.075, 6, 77409 MiB, 100 %, 238.87 W, 1980 MHz, 15 %, 34
2026/10/10 13:50:42.075, 7, 77409 MiB, 100 %, 277.99 W, 1980 MHz, 15 %, 70
2026/10/10 13:50:43.075, 0, 77409 MiB, 100 %, 248.74 W, 1980 MHz, 15 %, 34
2026/10/10 13:50:43.075, 1, 77409 MiB, 100 %, 266.87 W, 1980 MHz, 15 %, 58
2026/10/10 13:50:43.075, 2, 77409 MiB, 100 %, 249.12 W, 1980 MHz, 15 %, 38
2026/10/10 13:50:43.075, 3, 77409 MiB, 100 %, 250.09 W, 1980 MHz, 16 %, 33
2026/10/10 13:50:43.075, 4, 77409 MiB, 100 %, 244.85 W, 1980 MHz, 15 %, 33
2026/10/10 13:50:43.075, 5, 77409 MiB, 100 %, 247.16 W, 1980 MHz, 15 %, 37
2026/10/10 13:50:43.075, 6, 77409 MiB, 100 %, 239.30 W, 1980 MHz, 15 %, 34
2026/10/10 13:50:43.075, 7, 77409 MiB, 100 %, 279.37 W, 1980 MHz, 15 %, 70
2026/10/10 13:50:44.075, 0, 77409 MiB, 100 %, 249.43 W, 1980 MHz, 15 %, 34
2026/10/10 13:50:44.075, 1, 77409 MiB, 100 %, 267.50 W, 1980 MHz, 15 %, 58
2026/10/10 13:50:44.076, 2, 77409 MiB, 100 %, 249.97 W, 1980 MHz, 15 %, 38
2026/10/10 13:50:44.076, 3, 77409 MiB, 100 %, 249.15 W, 1980 MHz, 15 %, 32
2026/10/10 13:50:44.076, 4, 77409 MiB, 100 %, 244.98 W, 1980 MHz, 15 %, 33
2026/10/10 13:50:44.076, 5, 77409 MiB, 100 %, 246.89 W, 1980 MHz, 15 %, 37
2026/10/10 13:50:44.076, 6, 77409 MiB, 100 %, 240.61 W, 1980 MHz, 15 %, 34
2026/10/10 13:50:44.076, 7, 77409 MiB, 100 %, 277.83 W, 1980 MHz, 15 %, 70
2026/10/10 13:50:45.076, 0, 77409 MiB, 100 %, 249.98 W, 1980 MHz, 15 %, 34
2026/10/10 13:50:45.076, 1, 77409 MiB, 100 %, 266.99 W, 1980 MHz, 15 %, 58
2026/10/10 13:50:45.076, 2, 77409 MiB, 100 %, 248.08 W, 1980 MHz, 15 %, 38
2026/10/10 13:50:45.076, 3, 77409 MiB, 100 %, 249.53 W, 1980 MHz, 15 %, 32
2026/10/10 13:50:45.076, 4, 77409 MiB, 100 %, 244.36 W, 1980 MHz, 16 %, 33
2026/10/10 13:50:45.076, 5, 77409 MiB, 100 %, 247.40 W, 1980 MHz, 15 %, 36
2026/10/10 13:50:45.076, 6, 77409 MiB, 100 %, 239.17 W, 1980 MHz, 15 %, 34
2026/10/10 13:50:45.076, 7, 77409 MiB, 100 %, 278.20 W, 1980 MHz, 15 %, 70
2026/10/10 13:50:46.076, 0, 77409 MiB, 100 %, 249.38 W, 1980 MHz, 15 %, 34
2026/10/10 13:50:46.077, 1, 77409 MiB, 100 %, 266.01 W, 1980 MHz, 15 %, 58
2026/10/10 13:50:46.077, 2, 77409 MiB, 100 %, 248.66 W, 1980 MHz, 15 %, 38
2026/10/10 13:50:46.077, 3, 77409 MiB, 100 %, 249.81 W, 1980 MHz, 15 %, 32
2026/10/10 13:50:46.077, 4, 77409 MiB, 100 %, 244.65 W, 1980 MHz, 15 %, 33
2026/10/10 13:50:46.077, 5, 77409 MiB, 100 %, 249.45 W, 1980 MHz, 15 %, 37
2026/10/10 13:50:46.077, 6, 77409 MiB, 100 %, 239.49 W, 1980 MHz, 15 %, 34
2026/10/10 13:50:46.077, 7, 77409 MiB, 100 %, 278.42 W, 1980 MHz, 15 %, 70
2026/10/10 13:50:47.077, 0, 77409 MiB, 100 %, 249.88 W, 1980 MHz, 16 %, 34
2026/10/10 13:50:47.077, 1, 77409 MiB, 100 %, 267.07 W, 1980 MHz, 15 %, 58
2026/10/10 13:50:47.077, 2, 77409 MiB, 100 %, 248.67 W, 1980 MHz, 15 %, 38
2026/10/10 13:50:47.077, 3, 77409 MiB, 100 %, 248.98 W, 1980 MHz, 15 %, 33
2026/10/10 13:50:47.077, 4, 77409 MiB, 100 %, 243.78 W, 1980 MHz, 15 %, 33
2026/10/10 13:50:47.077, 5, 77409 MiB, 100 %, 246.92 W, 1980 MHz, 15 %, 36
2026/10/10 13:50:47.077, 6, 77409 MiB, 100 %, 238.00 W, 1980 MHz, 15 %, 34
2026/10/10 13:50:47.077, 7, 77409 MiB, 100 %, 277.26 W, 1980 MHz, 15 %, 70
2026/10/10 13:50:48.078, 0, 77409 MiB, 100 %, 249.00 W, 1980 MHz, 15 %, 34
2026/10/10 13:50:48.078, 1, 77409 MiB, 100 %, 265.67 W, 1980 MHz, 15 %, 58
2026/10/10 13:50:48.078, 2, 77409 MiB, 100 %, 247.75 W, 1980 MHz, 15 %, 38
2026/10/10 13:50:48.078, 3, 77409 MiB, 100 %, 248.68 W, 1980 MHz, 15 %, 32
2026/10/10 13:50:48.078, 4, 77409 MiB, 100 %, 244.78 W, 1980 MHz, 15 %, 33
2026/10/10 13:50:48.078, 5, 77409 MiB, 100 %, 248.92 W, 1980 MHz, 15 %, 36
2026/10/10 13:50:48.078, 6, 77409 MiB, 100 %, 239.02 W, 1980 MHz, 15 %, 34
2026/10/10 13:50:48.078, 7, 77409 MiB, 100 %, 277.20 W, 1980 MHz, 15 %, 70
2026/10/10 13:50:49.078, 0, 77409 MiB, 100 %, 249.50 W, 1980 MHz, 15 %, 34
2026/10/10 13:50:49.078, 1, 77409 MiB, 100 %, 268.21 W, 1980 MHz, 15 %, 58
2026/10/10 13:50:49.078, 2, 77409 MiB, 100 %, 248.40 W, 1980 MHz, 15 %, 38
2026/10/10 13:50:49.078, 3, 77409 MiB, 100 %, 248.44 W, 1980 MHz, 15 %, 32
2026/10/10 13:50:49.078, 4, 77409 MiB, 100 %, 244.15 W, 1980 MHz, 16 %, 33
2026/10/10 13:50:49.079, 5, 77409 MiB, 100 %, 247.45 W, 1980 MHz, 15 %, 36
2026/10/10 13:50:49.079, 6, 77409 MiB, 100 %, 240.12 W, 1980 MHz, 15 %, 34
2026/10/10 13:50:49.079, 7, 77409 MiB, 100 %, 280.81 W, 1980 MHz, 15 %, 70
2026/10/10 13:50:50.079, 0, 77409 MiB, 100 %, 249.28 W, 1980 MHz, 15 %, 34
2026/10/10 13:50:50.079, 1, 77409 MiB, 100 %, 267.10 W, 1980 MHz, 15 %, 58
2026/10/10 13:50:50.079, 2, 77409 MiB, 100 %, 249.26 W, 1980 MHz, 15 %, 38
2026/10/10 13:50:50.079, 3, 77409 MiB, 100 %, 248.93 W, 1980 MHz, 15 %, 32
2026/10/10 13:50:50.079, 4, 77409 MiB, 100 %, 246.77 W, 1980 MHz, 15 %, 33
2026/10/10 13:50:50.079, 5, 77409 MiB, 100 %, 247.59 W, 1980 MHz, 15 %, 36
2026/10/10 13:50:50.079, 6, 77409 MiB, 100 %, 239.06 W, 1980 MHz, 15 %, 34
2026/10/10 13:50:50.079, 7, 77409 MiB, 100 %, 282.13 W, 1980 MHz, 15 %, 70
2026/10/10 13:50:51.079, 0, 77409 MiB, 100 %, 249.79 W, 1980 MHz, 15 %, 34
2026/10/10 13:50:51.079, 1, 77409 MiB, 100 %, 268.47 W, 1980 MHz, 15 %, 58
2026/10/10 13:50:51.080, 2, 77409 MiB, 100 %, 248.87 W, 1980 MHz, 15 %, 38
2026/10/10 13:50:51.080, 3, 77409 MiB, 100 %, 247.94 W, 1980 MHz, 16 %, 32
2026/10/10 13:50:51.080, 4, 77409 MiB, 100 %, 246.63 W, 1980 MHz, 16 %, 33
2026/10/10 13:50:51.080, 5, 77409 MiB, 100 %, 247.05 W, 1980 MHz, 15 %, 36
2026/10/10 13:50:51.080, 6, 77409 MiB, 100 %, 240.11 W, 1980 MHz, 15 %, 34
2026/10/10 13:50:51.080, 7, 77409 MiB, 100 %, 279.88 W, 1980 MHz, 15 %, 70
2026/10/10 13:50:52.080, 0, 77409 MiB, 100 %, 245.41 W, 1980 MHz, 15 %, 33
2026/10/10 13:50:52.080, 1, 77409 MiB, 100 %, 274.49 W, 1980 MHz, 15 %, 57
2026/10/10 13:50:52.080, 2, 77409 MiB, 100 %, 250.27 W, 1980 MHz, 15 %, 38
2026/10/10 13:50:52.080, 3, 77409 MiB, 100 %, 245.01 W, 1980 MHz, 16 %, 34
2026/10/10 13:50:52.080, 4, 77409 MiB, 100 %, 249.37 W, 1980 MHz, 16 %, 32
2026/10/10 13:50:52.080, 5, 77409 MiB, 98 %, 246.10 W, 1980 MHz, 15 %, 36
2026/10/10 13:50:52.080, 6, 77409 MiB, 100 %, 249.90 W, 1980 MHz, 15 %, 40
2026/10/10 13:50:52.080, 7, 77409 MiB, 90 %, 279.87 W, 1980 MHz, 14 %, 70
2026/10/10 13:50:53.081, 0, 77409 MiB, 100 %, 466.26 W, 1980 MHz, 15 %, 35
2026/10/10 13:50:53.081, 1, 77409 MiB, 100 %, 466.00 W, 1980 MHz, 15 %, 59
2026/10/10 13:50:53.081, 2, 77409 MiB, 100 %, 448.42 W, 1980 MHz, 15 %, 39
2026/10/10 13:50:53.081, 3, 77409 MiB, 100 %, 460.00 W, 1980 MHz, 15 %, 34
2026/10/10 13:50:53.081, 4, 77409 MiB, 100 %, 443.91 W, 1980 MHz, 15 %, 35
2026/10/10 13:50:53.081, 5, 77409 MiB, 100 %, 455.61 W, 1980 MHz, 15 %, 39
2026/10/10 13:50:53.081, 6, 77409 MiB, 100 %, 447.67 W, 1980 MHz, 15 %, 36
2026/10/10 13:50:53.081, 7, 77409 MiB, 100 %, 470.57 W, 1980 MHz, 15 %, 71
2026/10/10 13:50:54.081, 0, 77409 MiB, 100 %, 250.70 W, 1980 MHz, 15 %, 35
2026/10/10 13:50:54.081, 1, 77409 MiB, 100 %, 264.74 W, 1980 MHz, 15 %, 58
2026/10/10 13:50:54.081, 2, 77409 MiB, 100 %, 252.83 W, 1980 MHz, 16 %, 38
2026/10/10 13:50:54.081, 3, 77409 MiB, 100 %, 245.18 W, 1980 MHz, 15 %, 33
2026/10/10 13:50:54.081, 4, 77409 MiB, 100 %, 245.69 W, 1980 MHz, 16 %, 34
2026/10/10 13:50:54.082, 5, 77409 MiB, 100 %, 249.38 W, 1980 MHz, 15 %, 37
2026/10/10 13:50:54.082, 6, 77409 MiB, 100 %, 241.60 W, 1980 MHz, 15 %, 35
2026/10/10 13:50:54.082, 7, 77409 MiB, 100 %, 276.43 W, 1980 MHz, 15 %, 70
2026/10/10 13:50:55.082, 0, 77409 MiB, 100 %, 249.43 W, 1980 MHz, 15 %, 34
2026/10/10 13:50:55.082, 1, 77409 MiB, 100 %, 263.51 W, 1980 MHz, 15 %, 58
2026/10/10 13:50:55.082, 2, 77409 MiB, 100 %, 252.88 W, 1980 MHz, 16 %, 38
2026/10/10 13:50:55.082, 3, 77409 MiB, 100 %, 245.58 W, 1980 MHz, 15 %, 33
2026/10/10 13:50:55.082, 4, 77409 MiB, 100 %, 246.21 W, 1980 MHz, 16 %, 33
2026/10/10 13:50:55.082, 5, 77409 MiB, 100 %, 247.84 W, 1980 MHz, 15 %, 37
2026/10/10 13:50:55.082, 6, 77409 MiB, 100 %, 241.70 W, 1980 MHz, 15 %, 35
2026/10/10 13:50:55.082, 7, 77409 MiB, 100 %, 276.05 W, 1980 MHz, 15 %, 70
2026/10/10 13:50:56.083, 0, 77409 MiB, 100 %, 250.97 W, 1980 MHz, 15 %, 34
2026/10/10 13:50:56.083, 1, 77409 MiB, 100 %, 264.20 W, 1980 MHz, 15 %, 58
2026/10/10 13:50:56.083, 2, 77409 MiB, 100 %, 253.32 W, 1980 MHz, 16 %, 38
2026/10/10 13:50:56.083, 3, 77409 MiB, 100 %, 245.63 W, 1980 MHz, 15 %, 33
2026/10/10 13:50:56.083, 4, 77409 MiB, 100 %, 246.16 W, 1980 MHz, 16 %, 33
2026/10/10 13:50:56.083, 5, 77409 MiB, 100 %, 246.89 W, 1980 MHz, 15 %, 37
2026/10/10 13:50:56.083, 6, 77409 MiB, 100 %, 242.24 W, 1980 MHz, 15 %, 35
2026/10/10 13:50:56.083, 7, 77409 MiB, 100 %, 276.87 W, 1980 MHz, 15 %, 70
2026/10/10 13:50:57.083, 0, 77409 MiB, 100 %, 248.77 W, 1980 MHz, 15 %, 34
2026/10/10 13:50:57.083, 1, 77409 MiB, 100 %, 265.96 W, 1980 MHz, 15 %, 58
2026/10/10 13:50:57.083, 2, 77409 MiB, 100 %, 251.53 W, 1980 MHz, 15 %, 38
2026/10/10 13:50:57.083, 3, 77409 MiB, 100 %, 244.80 W, 1980 MHz, 15 %, 32
2026/10/10 13:50:57.084, 4, 77409 MiB, 100 %, 245.58 W, 1980 MHz, 16 %, 33
2026/10/10 13:50:57.084, 5, 77409 MiB, 100 %, 247.84 W, 1980 MHz, 15 %, 37
2026/10/10 13:50:57.084, 6, 77409 MiB, 100 %, 240.69 W, 1980 MHz, 15 %, 34
2026/10/10 13:50:57.084, 7, 77409 MiB, 100 %, 280.36 W, 1980 MHz, 15 %, 70
2026/10/10 13:50:58.084, 0, 77409 MiB, 100 %, 250.82 W, 1980 MHz, 15 %, 34
2026/10/10 13:50:58.084, 1, 77409 MiB, 100 %, 264.62 W, 1980 MHz, 15 %, 58
2026/10/10 13:50:58.084, 2, 77409 MiB, 100 %, 251.42 W, 1980 MHz, 15 %, 38
2026/10/10 13:50:58.084, 3, 77409 MiB, 100 %, 245.26 W, 1980 MHz, 15 %, 32
2026/10/10 13:50:58.084, 4, 77409 MiB, 100 %, 246.35 W, 1980 MHz, 16 %, 33
2026/10/10 13:50:58.084, 5, 77409 MiB, 100 %, 245.73 W, 1980 MHz, 15 %, 37
2026/10/10 13:50:58.084, 6, 77409 MiB, 100 %, 241.04 W, 1980 MHz, 15 %, 34
2026/10/10 13:50:58.084, 7, 77409 MiB, 100 %, 280.25 W, 1980 MHz, 15 %, 70
2026/10/10 13:50:59.085, 0, 77409 MiB, 100 %, 249.76 W, 1980 MHz, 16 %, 34
2026/10/10 13:50:59.085, 1, 77409 MiB, 100 %, 265.76 W, 1980 MHz, 15 %, 58
2026/10/10 13:50:59.086, 2, 77409 MiB, 100 %, 251.18 W, 1980 MHz, 15 %, 38
2026/10/10 13:50:59.087, 3, 77409 MiB, 100 %, 245.52 W, 1980 MHz, 15 %, 32
2026/10/10 13:50:59.088, 4, 77409 MiB, 100 %, 246.38 W, 1980 MHz, 15 %, 33
2026/10/10 13:50:59.088, 5, 77409 MiB, 100 %, 247.62 W, 1980 MHz, 15 %, 37
2026/10/10 13:50:59.088, 6, 77409 MiB, 100 %, 242.22 W, 1980 MHz, 15 %, 34
2026/10/10 13:50:59.088, 7, 77409 MiB, 100 %, 278.12 W, 1980 MHz, 15 %, 70
2026/10/10 13:51:00.088, 0, 77409 MiB, 100 %, 247.59 W, 1980 MHz, 15 %, 34
2026/10/10 13:51:00.089, 1, 77409 MiB, 100 %, 267.65 W, 1980 MHz, 15 %, 58
2026/10/10 13:51:00.089, 2, 77409 MiB, 100 %, 252.04 W, 1980 MHz, 15 %, 38
2026/10/10 13:51:00.089, 3, 77409 MiB, 100 %, 244.99 W, 1980 MHz, 15 %, 32
2026/10/10 13:51:00.089, 4, 77409 MiB, 100 %, 246.67 W, 1980 MHz, 15 %, 33
2026/10/10 13:51:00.089, 5, 77409 MiB, 100 %, 245.54 W, 1980 MHz, 15 %, 37
2026/10/10 13:51:00.094, 6, 77409 MiB, 100 %, 241.67 W, 1980 MHz, 15 %, 34
2026/10/10 13:51:00.095, 7, 77409 MiB, 100 %, 279.77 W, 1980 MHz, 15 %, 70
2026/10/10 13:51:01.095, 0, 77409 MiB, 100 %, 248.72 W, 1980 MHz, 15 %, 34
2026/10/10 13:51:01.095, 1, 77409 MiB, 100 %, 268.93 W, 1980 MHz, 15 %, 58
2026/10/10 13:51:01.095, 2, 77409 MiB, 100 %, 250.79 W, 1980 MHz, 15 %, 38
2026/10/10 13:51:01.095, 3, 77409 MiB, 100 %, 245.21 W, 1980 MHz, 15 %, 32
2026/10/10 13:51:01.095, 4, 77409 MiB, 100 %, 246.75 W, 1980 MHz, 16 %, 33
2026/10/10 13:51:01.095, 5, 77409 MiB, 100 %, 246.28 W, 1980 MHz, 15 %, 37
2026/10/10 13:51:01.095, 6, 77409 MiB, 100 %, 241.10 W, 1980 MHz, 15 %, 34
2026/10/10 13:51:01.096, 7, 77409 MiB, 100 %, 280.38 W, 1980 MHz, 16 %, 70
2026/10/10 13:51:02.096, 0, 77409 MiB, 100 %, 250.72 W, 1980 MHz, 16 %, 34
2026/10/10 13:51:02.096, 1, 77409 MiB, 100 %, 267.11 W, 1980 MHz, 15 %, 58
2026/10/10 13:51:02.096, 2, 77409 MiB, 100 %, 251.79 W, 1980 MHz, 15 %, 38
2026/10/10 13:51:02.096, 3, 77409 MiB, 100 %, 246.03 W, 1980 MHz, 15 %, 32
2026/10/10 13:51:02.096, 4, 77409 MiB, 100 %, 247.14 W, 1980 MHz, 16 %, 33
2026/10/10 13:51:02.096, 5, 77409 MiB, 100 %, 248.74 W, 1980 MHz, 15 %, 37
2026/10/10 13:51:02.096, 6, 77409 MiB, 100 %, 239.84 W, 1980 MHz, 15 %, 34
2026/10/10 13:51:02.096, 7, 77409 MiB, 100 %, 279.65 W, 1980 MHz, 15 %, 70
2026/10/10 13:51:03.096, 0, 77409 MiB, 100 %, 249.51 W, 1980 MHz, 16 %, 34
2026/10/10 13:51:03.096, 1, 77409 MiB, 100 %, 267.19 W, 1980 MHz, 15 %, 58
2026/10/10 13:51:03.097, 2, 77409 MiB, 100 %, 251.34 W, 1980 MHz, 15 %, 38
2026/10/10 13:51:03.097, 3, 77409 MiB, 100 %, 245.10 W, 1980 MHz, 15 %, 32
2026/10/10 13:51:03.097, 4, 77409 MiB, 100 %, 245.99 W, 1980 MHz, 15 %, 33
2026/10/10 13:51:03.097, 5, 77409 MiB, 100 %, 248.04 W, 1980 MHz, 15 %, 37
2026/10/10 13:51:03.097, 6, 77409 MiB, 100 %, 240.36 W, 1980 MHz, 15 %, 34
2026/10/10 13:51:03.097, 7, 77409 MiB, 100 %, 279.08 W, 1980 MHz, 15 %, 70
2026/10/10 13:51:04.097, 0, 77409 MiB, 100 %, 248.39 W, 1980 MHz, 15 %, 34
2026/10/10 13:51:04.097, 1, 77409 MiB, 100 %, 268.56 W, 1980 MHz, 15 %, 58
2026/10/10 13:51:04.097, 2, 77409 MiB, 100 %, 251.83 W, 1980 MHz, 15 %, 38
2026/10/10 13:51:04.097, 3, 77409 MiB, 100 %, 245.16 W, 1980 MHz, 15 %, 32
2026/10/10 13:51:04.097, 4, 77409 MiB, 100 %, 247.22 W, 1980 MHz, 16 %, 33
2026/10/10 13:51:04.097, 5, 77409 MiB, 100 %, 248.27 W, 1980 MHz, 15 %, 37
2026/10/10 13:51:04.097, 6, 77409 MiB, 100 %, 240.14 W, 1980 MHz, 15 %, 34
2026/10/10 13:51:04.098, 7, 77409 MiB, 100 %, 281.38 W, 1980 MHz, 15 %, 70
2026/10/10 13:51:05.098, 0, 77409 MiB, 100 %, 249.81 W, 1980 MHz, 15 %, 34
2026/10/10 13:51:05.098, 1, 77409 MiB, 100 %, 268.11 W, 1980 MHz, 15 %, 58
2026/10/10 13:51:05.098, 2, 77409 MiB, 100 %, 251.55 W, 1980 MHz, 15 %, 38
2026/10/10 13:51:05.098, 3, 77409 MiB, 100 %, 243.95 W, 1980 MHz, 15 %, 32
2026/10/10 13:51:05.098, 4, 77409 MiB, 100 %, 247.52 W, 1980 MHz, 16 %, 33
2026/10/10 13:51:05.098, 5, 77409 MiB, 100 %, 248.39 W, 1980 MHz, 15 %, 37
2026/10/10 13:51:05.098, 6, 77409 MiB, 100 %, 241.22 W, 1980 MHz, 15 %, 34
2026/10/10 13:51:05.098, 7, 77409 MiB, 100 %, 281.45 W, 1980 MHz, 15 %, 70
2026/10/10 13:51:06.098, 0, 77409 MiB, 100 %, 249.43 W, 1980 MHz, 15 %, 34
2026/10/10 13:51:06.098, 1, 77409 MiB, 100 %, 269.99 W, 1980 MHz, 15 %, 58
2026/10/10 13:51:06.099, 2, 77409 MiB, 100 %, 252.08 W, 1980 MHz, 15 %, 38
2026/10/10 13:51:06.099, 3, 77409 MiB, 100 %, 245.09 W, 1980 MHz, 15 %, 32
2026/10/10 13:51:06.099, 4, 77409 MiB, 100 %, 246.09 W, 1980 MHz, 16 %, 33
2026/10/10 13:51:06.099, 5, 77409 MiB, 100 %, 248.83 W, 1980 MHz, 15 %, 37
2026/10/10 13:51:06.099, 6, 77409 MiB, 100 %, 240.76 W, 1980 MHz, 15 %, 34
2026/10/10 13:51:06.099, 7, 77409 MiB, 100 %, 278.60 W, 1980 MHz, 15 %, 70
2026/10/10 13:51:07.099, 0, 77409 MiB, 100 %, 249.03 W, 1980 MHz, 15 %, 34
2026/10/10 13:51:07.099, 1, 77409 MiB, 100 %, 267.97 W, 1980 MHz, 15 %, 58
2026/10/10 13:51:07.099, 2, 77409 MiB, 100 %, 252.85 W, 1980 MHz, 15 %, 38
2026/10/10 13:51:07.099, 3, 77409 MiB, 100 %, 244.93 W, 1980 MHz, 15 %, 32
2026/10/10 13:51:07.099, 4, 77409 MiB, 100 %, 246.93 W, 1980 MHz, 16 %, 33
2026/10/10 13:51:07.099, 5, 77409 MiB, 100 %, 248.57 W, 1980 MHz, 15 %, 37
2026/10/10 13:51:07.099, 6, 77409 MiB, 100 %, 241.03 W, 1980 MHz, 15 %, 34
2026/10/10 13:51:07.099, 7, 77409 MiB, 100 %, 278.75 W, 1980 MHz, 15 %, 70
2026/10/10 13:51:08.100, 0, 77409 MiB, 100 %, 249.61 W, 1980 MHz, 15 %, 34
2026/10/10 13:51:08.100, 1, 77409 MiB, 100 %, 269.13 W, 1980 MHz, 15 %, 58
2026/10/10 13:51:08.100, 2, 77409 MiB, 100 %, 251.16 W, 1980 MHz, 15 %, 38
2026/10/10 13:51:08.100, 3, 77409 MiB, 100 %, 244.55 W, 1980 MHz, 15 %, 32
2026/10/10 13:51:08.100, 4, 77409 MiB, 100 %, 246.54 W, 1980 MHz, 16 %, 33
2026/10/10 13:51:08.100, 5, 77409 MiB, 100 %, 249.31 W, 1980 MHz, 15 %, 37
2026/10/10 13:51:08.100, 6, 77409 MiB, 100 %, 241.08 W, 1980 MHz, 15 %, 34
2026/10/10 13:51:08.100, 7, 77409 MiB, 100 %, 280.17 W, 1980 MHz, 16 %, 70
2026/10/10 13:51:09.100, 0, 77409 MiB, 100 %, 249.56 W, 1980 MHz, 15 %, 34
2026/10/10 13:51:09.100, 1, 77409 MiB, 100 %, 269.16 W, 1980 MHz, 15 %, 58
2026/10/10 13:51:09.100, 2, 77409 MiB, 100 %, 251.88 W, 1980 MHz, 15 %, 38
2026/10/10 13:51:09.101, 3, 77409 MiB, 100 %, 244.47 W, 1980 MHz, 15 %, 32
2026/10/10 13:51:09.101, 4, 77409 MiB, 100 %, 247.20 W, 1980 MHz, 16 %, 33
2026/10/10 13:51:09.101, 5, 77409 MiB, 100 %, 248.29 W, 1980 MHz, 15 %, 37
2026/10/10 13:51:09.101, 6, 77409 MiB, 100 %, 241.08 W, 1980 MHz, 15 %, 34
2026/10/10 13:51:09.101, 7, 77409 MiB, 100 %, 280.00 W, 1980 MHz, 15 %, 70
2026/10/10 13:51:10.101, 0, 77409 MiB, 100 %, 250.49 W, 1980 MHz, 16 %, 34
2026/10/10 13:51:10.102, 1, 77409 MiB, 100 %, 268.36 W, 1980 MHz, 15 %, 58
2026/10/10 13:51:10.102, 2, 77409 MiB, 100 %, 252.62 W, 1980 MHz, 15 %, 38
2026/10/10 13:51:10.102, 3, 77409 MiB, 100 %, 245.74 W, 1980 MHz, 15 %, 32
2026/10/10 13:51:10.102, 4, 77409 MiB, 100 %, 247.00 W, 1980 MHz, 15 %, 33
2026/10/10 13:51:10.102, 5, 77409 MiB, 100 %, 247.37 W, 1980 MHz, 15 %, 37
2026/10/10 13:51:10.102, 6, 77409 MiB, 100 %, 240.67 W, 1980 MHz, 15 %, 34
2026/10/10 13:51:10.102, 7, 77409 MiB, 100 %, 278.12 W, 1980 MHz, 15 %, 70
2026/10/10 13:51:11.102, 0, 77409 MiB, 100 %, 242.74 W, 1980 MHz, 15 %, 34
2026/10/10 13:51:11.103, 1, 77409 MiB, 84 %, 265.45 W, 1980 MHz, 13 %, 58
2026/10/10 13:51:11.103, 2, 77409 MiB, 100 %, 255.66 W, 1980 MHz, 15 %, 43
2026/10/10 13:51:11.103, 3, 77409 MiB, 100 %, 241.98 W, 1980 MHz, 15 %, 31
2026/10/10 13:51:11.103, 4, 77409 MiB, 93 %, 243.46 W, 1980 MHz, 15 %, 33
2026/10/10 13:51:11.103, 5, 77409 MiB, 100 %, 249.41 W, 1980 MHz, 15 %, 37
2026/10/10 13:51:11.103, 6, 77409 MiB, 100 %, 242.49 W, 1980 MHz, 15 %, 39
2026/10/10 13:51:11.103, 7, 77409 MiB, 97 %, 276.78 W, 1980 MHz, 15 %, 69
2026/10/10 13:51:12.103, 0, 77409 MiB, 100 %, 458.88 W, 1980 MHz, 15 %, 35
2026/10/10 13:51:12.103, 1, 77409 MiB, 100 %, 464.28 W, 1980 MHz, 15 %, 59
2026/10/10 13:51:12.103, 2, 77409 MiB, 100 %, 452.32 W, 1980 MHz, 15 %, 39
2026/10/10 13:51:12.103, 3, 77409 MiB, 100 %, 450.05 W, 1980 MHz, 15 %, 34
2026/10/10 13:51:12.103, 4, 77409 MiB, 100 %, 443.89 W, 1980 MHz, 15 %, 35
2026/10/10 13:51:12.103, 5, 77409 MiB, 100 %, 440.51 W, 1980 MHz, 15 %, 39
2026/10/10 13:51:12.103, 6, 77409 MiB, 100 %, 443.68 W, 1980 MHz, 15 %, 36
2026/10/10 13:51:12.103, 7, 77409 MiB, 100 %, 465.43 W, 1980 MHz, 15 %, 71
2026/10/10 13:51:13.104, 0, 77409 MiB, 100 %, 250.42 W, 1980 MHz, 16 %, 35
2026/10/10 13:51:13.104, 1, 77409 MiB, 100 %, 266.74 W, 1980 MHz, 15 %, 59
2026/10/10 13:51:13.104, 2, 77409 MiB, 100 %, 247.21 W, 1980 MHz, 15 %, 38
2026/10/10 13:51:13.104, 3, 77409 MiB, 100 %, 248.58 W, 1980 MHz, 15 %, 33
2026/10/10 13:51:13.104, 4, 77409 MiB, 100 %, 241.60 W, 1980 MHz, 15 %, 34
2026/10/10 13:51:13.104, 5, 77409 MiB, 100 %, 250.12 W, 1980 MHz, 15 %, 37
2026/10/10 13:51:13.104, 6, 77409 MiB, 100 %, 240.00 W, 1980 MHz, 15 %, 35
2026/10/10 13:51:13.104, 7, 77409 MiB, 100 %, 280.00 W, 1980 MHz, 15 %, 70
2026/10/10 13:51:14.104, 0, 77409 MiB, 100 %, 250.08 W, 1980 MHz, 15 %, 34
2026/10/10 13:51:14.105, 1, 77409 MiB, 100 %, 265.53 W, 1980 MHz, 15 %, 58
2026/10/10 13:51:14.105, 2, 77409 MiB, 100 %, 250.04 W, 1980 MHz, 15 %, 38
2026/10/10 13:51:14.105, 3, 77409 MiB, 100 %, 248.04 W, 1980 MHz, 15 %, 33
2026/10/10 13:51:14.105, 4, 77409 MiB, 100 %, 241.59 W, 1980 MHz, 15 %, 33
2026/10/10 13:51:14.105, 5, 77409 MiB, 100 %, 250.22 W, 1980 MHz, 15 %, 37
2026/10/10 13:51:14.105, 6, 77409 MiB, 100 %, 239.90 W, 1980 MHz, 16 %, 35
2026/10/10 13:51:14.105, 7, 77409 MiB, 100 %, 277.95 W, 1980 MHz, 15 %, 70
2026/10/10 13:51:15.105, 0, 77409 MiB, 100 %, 248.20 W, 1980 MHz, 15 %, 34
2026/10/10 13:51:15.106, 1, 77409 MiB, 100 %, 264.91 W, 1980 MHz, 15 %, 58
2026/10/10 13:51:15.106, 2, 77409 MiB, 100 %, 248.43 W, 1980 MHz, 15 %, 38
2026/10/10 13:51:15.106, 3, 77409 MiB, 100 %, 247.70 W, 1980 MHz, 15 %, 33
2026/10/10 13:51:15.107, 4, 77409 MiB, 100 %, 239.90 W, 1980 MHz, 15 %, 33
2026/10/10 13:51:15.107, 5, 77409 MiB, 100 %, 249.87 W, 1980 MHz, 16 %, 37
2026/10/10 13:51:15.107, 6, 77409 MiB, 100 %, 241.07 W, 1980 MHz, 15 %, 35
2026/10/10 13:51:15.107, 7, 77409 MiB, 100 %, 279.34 W, 1980 MHz, 15 %, 70
2026/10/10 13:51:16.107, 0, 77409 MiB, 100 %, 249.24 W, 1980 MHz, 15 %, 34
2026/10/10 13:51:16.107, 1, 77409 MiB, 100 %, 266.76 W, 1980 MHz, 15 %, 58
2026/10/10 13:51:16.107, 2, 77409 MiB, 100 %, 247.28 W, 1980 MHz, 15 %, 38
2026/10/10 13:51:16.107, 3, 77409 MiB, 100 %, 248.34 W, 1980 MHz, 15 %, 33
2026/10/10 13:51:16.107, 4, 77409 MiB, 100 %, 241.98 W, 1980 MHz, 15 %, 33
2026/10/10 13:51:16.107, 5, 77409 MiB, 100 %, 250.12 W, 1980 MHz, 15 %, 37
2026/10/10 13:51:16.107, 6, 77409 MiB, 100 %, 243.73 W, 1980 MHz, 16 %, 35
2026/10/10 13:51:16.107, 7, 77409 MiB, 100 %, 279.85 W, 1980 MHz, 15 %, 70
2026/10/10 13:51:17.107, 0, 77409 MiB, 100 %, 247.84 W, 1980 MHz, 15 %, 34
2026/10/10 13:51:17.108, 1, 77409 MiB, 100 %, 267.27 W, 1980 MHz, 15 %, 58
2026/10/10 13:51:17.108, 2, 77409 MiB, 100 %, 247.04 W, 1980 MHz, 15 %, 38
2026/10/10 13:51:17.108, 3, 77409 MiB, 100 %, 247.07 W, 1980 MHz, 15 %, 33
2026/10/10 13:51:17.108, 4, 77409 MiB, 100 %, 240.93 W, 1980 MHz, 15 %, 33
2026/10/10 13:51:17.108, 5, 77409 MiB, 100 %, 250.32 W, 1980 MHz, 15 %, 37
2026/10/10 13:51:17.108, 6, 77409 MiB, 100 %, 243.18 W, 1980 MHz, 15 %, 34
2026/10/10 13:51:17.108, 7, 77409 MiB, 100 %, 278.49 W, 1980 MHz, 16 %, 70
2026/10/10 13:51:18.108, 0, 77409 MiB, 100 %, 249.90 W, 1980 MHz, 15 %, 34
2026/10/10 13:51:18.108, 1, 77409 MiB, 100 %, 266.09 W, 1980 MHz, 15 %, 58
2026/10/10 13:51:18.108, 2, 77409 MiB, 100 %, 246.79 W, 1980 MHz, 15 %, 38
2026/10/10 13:51:18.108, 3, 77409 MiB, 100 %, 249.52 W, 1980 MHz, 16 %, 33
2026/10/10 13:51:18.108, 4, 77409 MiB, 100 %, 242.08 W, 1980 MHz, 15 %, 33
2026/10/10 13:51:18.108, 5, 77409 MiB, 100 %, 249.51 W, 1980 MHz, 15 %, 37
2026/10/10 13:51:18.108, 6, 77409 MiB, 100 %, 242.40 W, 1980 MHz, 15 %, 34
2026/10/10 13:51:18.109, 7, 77409 MiB, 100 %, 279.18 W, 1980 MHz, 15 %, 70
2026/10/10 13:51:19.109, 0, 77409 MiB, 100 %, 249.26 W, 1980 MHz, 15 %, 34
2026/10/10 13:51:19.109, 1, 77409 MiB, 100 %, 266.40 W, 1980 MHz, 15 %, 58
2026/10/10 13:51:19.109, 2, 77409 MiB, 100 %, 249.96 W, 1980 MHz, 15 %, 38
2026/10/10 13:51:19.109, 3, 77409 MiB, 100 %, 248.23 W, 1980 MHz, 15 %, 32
2026/10/10 13:51:19.109, 4, 77409 MiB, 100 %, 241.73 W, 1980 MHz, 15 %, 33
2026/10/10 13:51:19.109, 5, 77409 MiB, 100 %, 250.97 W, 1980 MHz, 15 %, 37
2026/10/10 13:51:19.109, 6, 77409 MiB, 100 %, 242.11 W, 1980 MHz, 15 %, 34
2026/10/10 13:51:19.109, 7, 77409 MiB, 100 %, 277.92 W, 1980 MHz, 15 %, 70
2026/10/10 13:51:20.109, 0, 77409 MiB, 100 %, 248.84 W, 1980 MHz, 15 %, 34
2026/10/10 13:51:20.109, 1, 77409 MiB, 100 %, 267.15 W, 1980 MHz, 15 %, 58
2026/10/10 13:51:20.110, 2, 77409 MiB, 100 %, 250.91 W, 1980 MHz, 15 %, 38
2026/10/10 13:51:20.110, 3, 77409 MiB, 100 %, 248.71 W, 1980 MHz, 16 %, 32
2026/10/10 13:51:20.110, 4, 77409 MiB, 100 %, 242.84 W, 1980 MHz, 15 %, 33
2026/10/10 13:51:20.110, 5, 77409 MiB, 100 %, 248.42 W, 1980 MHz, 15 %, 37
2026/10/10 13:51:20.110, 6, 77409 MiB, 100 %, 241.46 W, 1980 MHz, 15 %, 34
2026/10/10 13:51:20.110, 7, 77409 MiB, 100 %, 278.18 W, 1980 MHz, 15 %, 70
2026/10/10 13:51:21.110, 0, 77409 MiB, 100 %, 253.12 W, 1980 MHz, 15 %, 34
2026/10/10 13:51:21.110, 1, 77409 MiB, 100 %, 265.71 W, 1980 MHz, 15 %, 58
2026/10/10 13:51:21.110, 2, 77409 MiB, 100 %, 249.27 W, 1980 MHz, 15 %, 38
2026/10/10 13:51:21.110, 3, 77409 MiB, 100 %, 248.89 W, 1980 MHz, 15 %, 32
2026/10/10 13:51:21.110, 4, 77409 MiB, 100 %, 242.78 W, 1980 MHz, 15 %, 33
2026/10/10 13:51:21.110, 5, 77409 MiB, 100 %, 249.51 W, 1980 MHz, 15 %, 37
2026/10/10 13:51:21.110, 6, 77409 MiB, 100 %, 240.55 W, 1980 MHz, 15 %, 34
2026/10/10 13:51:21.110, 7, 77409 MiB, 100 %, 277.80 W, 1980 MHz, 15 %, 70
2026/10/10 13:51:22.111, 0, 77409 MiB, 100 %, 250.21 W, 1980 MHz, 15 %, 34
2026/10/10 13:51:22.111, 1, 77409 MiB, 100 %, 265.72 W, 1980 MHz, 15 %, 58
2026/10/10 13:51:22.111, 2, 77409 MiB, 100 %, 250.12 W, 1980 MHz, 15 %, 38
2026/10/10 13:51:22.111, 3, 77409 MiB, 100 %, 248.21 W, 1980 MHz, 15 %, 32
2026/10/10 13:51:22.111, 4, 77409 MiB, 100 %, 242.82 W, 1980 MHz, 15 %, 33
2026/10/10 13:51:22.111, 5, 77409 MiB, 100 %, 249.11 W, 1980 MHz, 15 %, 37
2026/10/10 13:51:22.111, 6, 77409 MiB, 100 %, 240.04 W, 1980 MHz, 15 %, 34
2026/10/10 13:51:22.111, 7, 77409 MiB, 100 %, 276.92 W, 1980 MHz, 15 %, 70
2026/10/10 13:51:23.111, 0, 77409 MiB, 100 %, 251.71 W, 1980 MHz, 16 %, 34
2026/10/10 13:51:23.111, 1, 77409 MiB, 100 %, 267.09 W, 1980 MHz, 15 %, 58
2026/10/10 13:51:23.111, 2, 77409 MiB, 100 %, 253.58 W, 1980 MHz, 15 %, 38
2026/10/10 13:51:23.111, 3, 77409 MiB, 100 %, 249.63 W, 1980 MHz, 15 %, 32
2026/10/10 13:51:23.111, 4, 77409 MiB, 100 %, 243.60 W, 1980 MHz, 15 %, 33
2026/10/10 13:51:23.111, 5, 77409 MiB, 100 %, 250.03 W, 1980 MHz, 15 %, 37
2026/10/10 13:51:23.111, 6, 77409 MiB, 100 %, 240.30 W, 1980 MHz, 15 %, 34
2026/10/10 13:51:23.112, 7, 77409 MiB, 100 %, 276.96 W, 1980 MHz, 15 %, 70
2026/10/10 13:51:24.112, 0, 77409 MiB, 100 %, 251.33 W, 1980 MHz, 15 %, 34
2026/10/10 13:51:24.112, 1, 77409 MiB, 100 %, 267.50 W, 1980 MHz, 15 %, 58
2026/10/10 13:51:24.112, 2, 77409 MiB, 100 %, 252.13 W, 1980 MHz, 16 %, 38
2026/10/10 13:51:24.112, 3, 77409 MiB, 100 %, 248.06 W, 1980 MHz, 15 %, 32
2026/10/10 13:51:24.112, 4, 77409 MiB, 100 %, 244.32 W, 1980 MHz, 15 %, 33
2026/10/10 13:51:24.112, 5, 77409 MiB, 100 %, 247.67 W, 1980 MHz, 15 %, 37
2026/10/10 13:51:24.112, 6, 77409 MiB, 100 %, 241.02 W, 1980 MHz, 16 %, 34
2026/10/10 13:51:24.112, 7, 77409 MiB, 100 %, 275.17 W, 1980 MHz, 15 %, 70
2026/10/10 13:51:25.112, 0, 77409 MiB, 100 %, 251.42 W, 1980 MHz, 15 %, 34
2026/10/10 13:51:25.112, 1, 77409 MiB, 100 %, 265.91 W, 1980 MHz, 15 %, 58
2026/10/10 13:51:25.112, 2, 77409 MiB, 100 %, 252.24 W, 1980 MHz, 15 %, 38
2026/10/10 13:51:25.113, 3, 77409 MiB, 100 %, 248.85 W, 1980 MHz, 15 %, 32
2026/10/10 13:51:25.113, 4, 77409 MiB, 100 %, 243.43 W, 1980 MHz, 15 %, 33
2026/10/10 13:51:25.113, 5, 77409 MiB, 100 %, 248.26 W, 1980 MHz, 15 %, 37
2026/10/10 13:51:25.113, 6, 77409 MiB, 100 %, 242.55 W, 1980 MHz, 15 %, 34
2026/10/10 13:51:25.113, 7, 77409 MiB, 100 %, 276.62 W, 1980 MHz, 15 %, 70
2026/10/10 13:51:26.113, 0, 77409 MiB, 100 %, 251.22 W, 1980 MHz, 16 %, 34
2026/10/10 13:51:26.113, 1, 77409 MiB, 100 %, 267.87 W, 1980 MHz, 15 %, 58
2026/10/10 13:51:26.113, 2, 77409 MiB, 100 %, 250.99 W, 1980 MHz, 15 %, 38
2026/10/10 13:51:26.113, 3, 77409 MiB, 100 %, 247.70 W, 1980 MHz, 15 %, 32
2026/10/10 13:51:26.113, 4, 77409 MiB, 100 %, 243.71 W, 1980 MHz, 15 %, 33
2026/10/10 13:51:26.113, 5, 77409 MiB, 100 %, 250.49 W, 1980 MHz, 15 %, 37
2026/10/10 13:51:26.113, 6, 77409 MiB, 100 %, 239.91 W, 1980 MHz, 15 %, 34
2026/10/10 13:51:26.113, 7, 77409 MiB, 100 %, 279.43 W, 1980 MHz, 15 %, 70
2026/10/10 13:51:27.113, 0, 77409 MiB, 100 %, 251.41 W, 1980 MHz, 15 %, 34
2026/10/10 13:51:27.114, 1, 77409 MiB, 100 %, 267.84 W, 1980 MHz, 15 %, 58
2026/10/10 13:51:27.114, 2, 77409 MiB, 100 %, 251.84 W, 1980 MHz, 15 %, 38
2026/10/10 13:51:27.114, 3, 77409 MiB, 100 %, 247.43 W, 1980 MHz, 15 %, 32
2026/10/10 13:51:27.114, 4, 77409 MiB, 100 %, 244.69 W, 1980 MHz, 15 %, 33
2026/10/10 13:51:27.114, 5, 77409 MiB, 100 %, 248.37 W, 1980 MHz, 15 %, 37
2026/10/10 13:51:27.114, 6, 77409 MiB, 100 %, 240.73 W, 1980 MHz, 15 %, 34
2026/10/10 13:51:27.114, 7, 77409 MiB, 100 %, 279.40 W, 1980 MHz, 16 %, 70
2026/10/10 13:51:28.114, 0, 77409 MiB, 100 %, 252.72 W, 1980 MHz, 16 %, 34
2026/10/10 13:51:28.114, 1, 77409 MiB, 100 %, 267.81 W, 1980 MHz, 15 %, 58
2026/10/10 13:51:28.114, 2, 77409 MiB, 100 %, 250.93 W, 1980 MHz, 15 %, 38
2026/10/10 13:51:28.114, 3, 77409 MiB, 100 %, 246.56 W, 1980 MHz, 15 %, 32
2026/10/10 13:51:28.114, 4, 77409 MiB, 100 %, 244.69 W, 1980 MHz, 15 %, 33
2026/10/10 13:51:28.115, 5, 77409 MiB, 100 %, 249.93 W, 1980 MHz, 15 %, 37
2026/10/10 13:51:28.115, 6, 77409 MiB, 100 %, 240.09 W, 1980 MHz, 15 %, 34
2026/10/10 13:51:28.115, 7, 77409 MiB, 100 %, 281.56 W, 1980 MHz, 15 %, 70
2026/10/10 13:51:29.115, 0, 77409 MiB, 100 %, 252.58 W, 1980 MHz, 15 %, 34
2026/10/10 13:51:29.115, 1, 77409 MiB, 100 %, 266.83 W, 1980 MHz, 15 %, 58
2026/10/10 13:51:29.115, 2, 77409 MiB, 100 %, 250.71 W, 1980 MHz, 15 %, 38
2026/10/10 13:51:29.115, 3, 77409 MiB, 100 %, 248.53 W, 1980 MHz, 15 %, 32
2026/10/10 13:51:29.115, 4, 77409 MiB, 100 %, 243.17 W, 1980 MHz, 15 %, 33
2026/10/10 13:51:29.115, 5, 77409 MiB, 100 %, 250.66 W, 1980 MHz, 15 %, 37
2026/10/10 13:51:29.115, 6, 77409 MiB, 100 %, 240.09 W, 1980 MHz, 15 %, 34
2026/10/10 13:51:29.115, 7, 77409 MiB, 100 %, 281.29 W, 1980 MHz, 15 %, 70
2026/10/10 13:51:30.115, 0, 77409 MiB, 100 %, 247.84 W, 1980 MHz, 16 %, 34
2026/10/10 13:51:30.116, 1, 77409 MiB, 93 %, 266.22 W, 1980 MHz, 14 %, 58
2026/10/10 13:51:30.116, 2, 77409 MiB, 100 %, 242.32 W, 1980 MHz, 15 %, 37
2026/10/10 13:51:30.116, 3, 77409 MiB, 100 %, 241.94 W, 1980 MHz, 15 %, 32
2026/10/10 13:51:30.116, 4, 77409 MiB, 100 %, 240.62 W, 1980 MHz, 15 %, 33
2026/10/10 13:51:30.116, 5, 77409 MiB, 100 %, 249.76 W, 1980 MHz, 15 %, 36
2026/10/10 13:51:30.116, 6, 77409 MiB, 100 %, 233.74 W, 1980 MHz, 15 %, 33
2026/10/10 13:51:30.116, 7, 77409 MiB, 100 %, 278.87 W, 1980 MHz, 16 %, 69
