timestamp, index, memory.used [MiB], utilization.gpu [%], power.draw [W], clocks.current.sm [MHz]
2026/09/27 21:32:40.719, 0, 76993 MiB, 0 %, 180.15 W, 1980 MHz
2026/09/27 21:32:40.725, 1, 76993 MiB, 0 %, 133.39 W, 1980 MHz
2026/09/27 21:32:40.731, 2, 76993 MiB, 0 %, 128.47 W, 1980 MHz
2026/09/27 21:32:40.736, 3, 76993 MiB, 0 %, 125.92 W, 1980 MHz
2026/09/27 21:32:40.742, 4, 76993 MiB, 0 %, 125.69 W, 1980 MHz
2026/09/27 21:32:40.747, 5, 76993 MiB, 0 %, 127.57 W, 1980 MHz
2026/09/27 21:32:40.753, 6, 76993 MiB, 0 %, 128.98 W, 1980 MHz
2026/09/27 21:32:40.758, 7, 76993 MiB, 0 %, 123.74 W, 1980 MHz
2026/09/27 21:32:41.764, 0, 76993 MiB, 0 %, 178.77 W, 1980 MHz
2026/09/27 21:32:41.765, 1, 76993 MiB, 0 %, 132.59 W, 1980 MHz
2026/09/27 21:32:41.766, 2, 76993 MiB, 0 %, 127.74 W, 1980 MHz
2026/09/27 21:32:41.766, 3, 76993 MiB, 0 %, 125.42 W, 1980 MHz
2026/09/27 21:32:41.767, 4, 76993 MiB, 0 %, 125.12 W, 1980 MHz
2026/09/27 21:32:41.767, 5, 76993 MiB, 0 %, 126.98 W, 1980 MHz
2026/09/27 21:32:41.770, 6, 76993 MiB, 0 %, 128.32 W, 1980 MHz
2026/09/27 21:32:41.771, 7, 76993 MiB, 0 %, 122.96 W, 1980 MHz
2026/09/27 21:32:42.772, 0, 76993 MiB, 0 %, 178.00 W, 1980 MHz
2026/09/27 21:32:42.773, 1, 76993 MiB, 0 %, 132.07 W, 1980 MHz
2026/09/27 21:32:42.774, 2, 76993 MiB, 0 %, 127.31 W, 1980 MHz
2026/09/27 21:32:42.774, 3, 76993 MiB, 0 %, 125.04 W, 1980 MHz
2026/09/27 21:32:42.775, 4, 76993 MiB, 0 %, 124.68 W, 1980 MHz
2026/09/27 21:32:42.775, 5, 76993 MiB, 0 %, 126.23 W, 1980 MHz
2026/09/27 21:32:42.776, 6, 76993 MiB, 0 %, 127.85 W, 1980 MHz
2026/09/27 21:32:42.777, 7, 76993 MiB, 0 %, 122.55 W, 1980 MHz
2026/09/27 21:32:43.777, 0, 76993 MiB, 0 %, 177.47 W, 1980 MHz
2026/09/27 21:32:43.778, 1, 76993 MiB, 0 %, 131.57 W, 1980 MHz
2026/09/27 21:32:43.779, 2, 76993 MiB, 0 %, 126.90 W, 1980 MHz
2026/09/27 21:32:43.779, 3, 76993 MiB, 0 %, 124.77 W, 1980 MHz
2026/09/27 21:32:43.780, 4, 76993 MiB, 0 %, 124.39 W, 1980 MHz
2026/09/27 21:32:43.781, 5, 76993 MiB, 0 %, 124.97 W, 1980 MHz
2026/09/27 21:32:43.781, 6, 76993 MiB, 0 %, 127.50 W, 1980 MHz
2026/09/27 21:32:43.782, 7, 76993 MiB, 0 %, 122.24 W, 1980 MHz
2026/09/27 21:32:44.783, 0, 76993 MiB, 0 %, 177.02 W, 1980 MHz
2026/09/27 21:32:44.784, 1, 76993 MiB, 0 %, 131.14 W, 1980 MHz
2026/09/27 21:32:44.784, 2, 76993 MiB, 0 %, 126.58 W, 1980 MHz
2026/09/27 21:32:44.785, 3, 76993 MiB, 0 %, 123.75 W, 1980 MHz
2026/09/27 21:32:44.786, 4, 76993 MiB, 0 %, 124.15 W, 1980 MHz
2026/09/27 21:32:44.786, 5, 76993 MiB, 0 %, 124.67 W, 1980 MHz
2026/09/27 21:32:44.787, 6, 76993 MiB, 0 %, 127.11 W, 1980 MHz
2026/09/27 21:32:44.788, 7, 76993 MiB, 0 %, 121.95 W, 1980 MHz
2026/09/27 21:32:45.788, 0, 76993 MiB, 0 %, 176.60 W, 1980 MHz
2026/09/27 21:32:45.789, 1, 76993 MiB, 0 %, 130.83 W, 1980 MHz
2026/09/27 21:32:45.790, 2, 76993 MiB, 0 %, 126.22 W, 1980 MHz
2026/09/27 21:32:45.790, 3, 76993 MiB, 0 %, 123.41 W, 1980 MHz
2026/09/27 21:32:45.791, 4, 76993 MiB, 0 %, 122.45 W, 1980 MHz
2026/09/27 21:32:45.792, 5, 76993 MiB, 0 %, 124.41 W, 1980 MHz
2026/09/27 21:32:45.792, 6, 76993 MiB, 0 %, 126.83 W, 1980 MHz
2026/09/27 21:32:45.793, 7, 76993 MiB, 0 %, 121.67 W, 1980 MHz
2026/09/27 21:32:46.794, 0, 76993 MiB, 0 %, 176.29 W, 1980 MHz
2026/09/27 21:32:46.795, 1, 76993 MiB, 0 %, 130.47 W, 1980 MHz
2026/09/27 21:32:46.796, 2, 76993 MiB, 0 %, 125.95 W, 1980 MHz
2026/09/27 21:32:46.798, 3, 76993 MiB, 0 %, 123.21 W, 1980 MHz
2026/09/27 21:32:46.799, 4, 76993 MiB, 0 %, 121.65 W, 1980 MHz
2026/09/27 21:32:46.802, 5, 76993 MiB, 0 %, 124.20 W, 1980 MHz
2026/09/27 21:32:46.803, 6, 76993 MiB, 0 %, 126.53 W, 1980 MHz
2026/09/27 21:32:46.804, 7, 76993 MiB, 0 %, 121.49 W, 1980 MHz
2026/09/27 21:32:47.806, 0, 76993 MiB, 0 %, 175.97 W, 1980 MHz
2026/09/27 21:32:47.806, 1, 76993 MiB, 0 %, 130.21 W, 1980 MHz
2026/09/27 21:32:47.807, 2, 76993 MiB, 0 %, 125.66 W, 1980 MHz
2026/09/27 21:32:47.808, 3, 76993 MiB, 0 %, 123.00 W, 1980 MHz
2026/09/27 21:32:47.808, 4, 76993 MiB, 0 %, 121.40 W, 1980 MHz
2026/09/27 21:32:47.809, 5, 76993 MiB, 0 %, 123.94 W, 1980 MHz
2026/09/27 21:32:47.810, 6, 76993 MiB, 0 %, 126.27 W, 1980 MHz
2026/09/27 21:32:47.810, 7, 76993 MiB, 0 %, 121.25 W, 1980 MHz
2026/09/27 21:32:48.811, 0, 76993 MiB, 0 %, 175.57 W, 1980 MHz
2026/09/27 21:32:48.812, 1, 76993 MiB, 0 %, 129.89 W, 1980 MHz
2026/09/27 21:32:48.813, 2, 76993 MiB, 0 %, 125.42 W, 1980 MHz
2026/09/27 21:32:48.813, 3, 76993 MiB, 0 %, 122.81 W, 1980 MHz
2026/09/27 21:32:48.814, 4, 76993 MiB, 0 %, 121.21 W, 1980 MHz
2026/09/27 21:32:48.815, 5, 76993 MiB, 0 %, 123.75 W, 1980 MHz
2026/09/27 21:32:48.815, 6, 76993 MiB, 0 %, 126.00 W, 1980 MHz
2026/09/27 21:32:48.816, 7, 76993 MiB, 0 %, 121.06 W, 1980 MHz
2026/09/27 21:32:49.817, 0, 76993 MiB, 0 %, 175.31 W, 1980 MHz
2026/09/27 21:32:49.818, 1, 76993 MiB, 0 %, 129.61 W, 1980 MHz
2026/09/27 21:32:49.818, 2, 76993 MiB, 0 %, 125.25 W, 1980 MHz
2026/09/27 21:32:49.819, 3, 76993 MiB, 0 %, 122.65 W, 1980 MHz
2026/09/27 21:32:49.820, 4, 76993 MiB, 0 %, 121.05 W, 1980 MHz
2026/09/27 21:32:49.820, 5, 76993 MiB, 0 %, 123.43 W, 1980 MHz
2026/09/27 21:32:49.821, 6, 76993 MiB, 0 %, 125.79 W, 1980 MHz
2026/09/27 21:32:49.822, 7, 76993 MiB, 0 %, 120.80 W, 1980 MHz
2026/09/27 21:32:50.822, 0, 76993 MiB, 0 %, 175.05 W, 1980 MHz
2026/09/27 21:32:50.823, 1, 76993 MiB, 0 %, 129.25 W, 1980 MHz
2026/09/27 21:32:50.824, 2, 76993 MiB, 0 %, 124.94 W, 1980 MHz
2026/09/27 21:32:50.824, 3, 76993 MiB, 0 %, 122.52 W, 1980 MHz
2026/09/27 21:32:50.825, 4, 76993 MiB, 0 %, 120.91 W, 1980 MHz
2026/09/27 21:32:50.826, 5, 76993 MiB, 0 %, 123.17 W, 1980 MHz
2026/09/27 21:32:50.826, 6, 76993 MiB, 0 %, 125.56 W, 1980 MHz
2026/09/27 21:32:50.827, 7, 76993 MiB, 0 %, 120.61 W, 1980 MHz
2026/09/27 21:32:51.828, 0, 76993 MiB, 0 %, 174.81 W, 1980 MHz
2026/09/27 21:32:51.829, 1, 76993 MiB, 0 %, 128.61 W, 1980 MHz
2026/09/27 21:32:51.829, 2, 76993 MiB, 0 %, 124.75 W, 1980 MHz
2026/09/27 21:32:51.830, 3, 76993 MiB, 0 %, 122.39 W, 1980 MHz
2026/09/27 21:32:51.831, 4, 76993 MiB, 0 %, 120.71 W, 1980 MHz
2026/09/27 21:32:51.832, 5, 76993 MiB, 0 %, 123.28 W, 1980 MHz
2026/09/27 21:32:51.832, 6, 76993 MiB, 0 %, 125.32 W, 1980 MHz
2026/09/27 21:32:51.833, 7, 76993 MiB, 0 %, 120.46 W, 1980 MHz
2026/09/27 21:32:52.834, 0, 76993 MiB, 0 %, 174.54 W, 1980 MHz
2026/09/27 21:32:52.835, 1, 76993 MiB, 0 %, 128.41 W, 1980 MHz
2026/09/27 21:32:52.835, 2, 76993 MiB, 0 %, 124.54 W, 1980 MHz
2026/09/27 21:32:52.836, 3, 76993 MiB, 0 %, 122.23 W, 1980 MHz
2026/09/27 21:32:52.836, 4, 76993 MiB, 0 %, 120.61 W, 1980 MHz
2026/09/27 21:32:52.837, 5, 76993 MiB, 0 %, 123.49 W, 1980 MHz
2026/09/27 21:32:52.837, 6, 76993 MiB, 0 %, 125.09 W, 1980 MHz
2026/09/27 21:32:52.838, 7, 76993 MiB, 0 %, 120.38 W, 1980 MHz
2026/09/27 21:32:53.839, 0, 76993 MiB, 0 %, 174.33 W, 1980 MHz
2026/09/27 21:32:53.839, 1, 76993 MiB, 0 %, 128.17 W, 1980 MHz
2026/09/27 21:32:53.840, 2, 76993 MiB, 0 %, 124.31 W, 1980 MHz
2026/09/27 21:32:53.840, 3, 76993 MiB, 0 %, 122.07 W, 1980 MHz
2026/09/27 21:32:53.841, 4, 76993 MiB, 0 %, 120.42 W, 1980 MHz
2026/09/27 21:32:53.842, 5, 76993 MiB, 0 %, 123.27 W, 1980 MHz
2026/09/27 21:32:53.842, 6, 76993 MiB, 0 %, 124.90 W, 1980 MHz
2026/09/27 21:32:53.843, 7, 76993 MiB, 0 %, 120.18 W, 1980 MHz
2026/09/27 21:32:54.844, 0, 76993 MiB, 0 %, 174.04 W, 1980 MHz
2026/09/27 21:32:54.845, 1, 76993 MiB, 0 %, 127.97 W, 1980 MHz
2026/09/27 21:32:54.845, 2, 76993 MiB, 0 %, 124.11 W, 1980 MHz
2026/09/27 21:32:54.846, 3, 76993 MiB, 0 %, 121.97 W, 1980 MHz
2026/09/27 21:32:54.847, 4, 76993 MiB, 0 %, 120.25 W, 1980 MHz
2026/09/27 21:32:54.847, 5, 76993 MiB, 0 %, 123.03 W, 1980 MHz
2026/09/27 21:32:54.848, 6, 76993 MiB, 0 %, 124.74 W, 1980 MHz
2026/09/27 21:32:54.849, 7, 76993 MiB, 0 %, 120.03 W, 1980 MHz
2026/09/27 21:32:55.849, 0, 76993 MiB, 0 %, 173.86 W, 1980 MHz
2026/09/27 21:32:55.850, 1, 76993 MiB, 0 %, 127.82 W, 1980 MHz
2026/09/27 21:32:55.851, 2, 76993 MiB, 0 %, 123.94 W, 1980 MHz
2026/09/27 21:32:55.851, 3, 76993 MiB, 0 %, 121.81 W, 1980 MHz
2026/09/27 21:32:55.852, 4, 76993 MiB, 0 %, 120.14 W, 1980 MHz
2026/09/27 21:32:55.853, 5, 76993 MiB, 0 %, 122.85 W, 1980 MHz
2026/09/27 21:32:55.853, 6, 76993 MiB, 0 %, 124.47 W, 1980 MHz
2026/09/27 21:32:55.854, 7, 76993 MiB, 0 %, 119.89 W, 1980 MHz
2026/09/27 21:32:56.855, 0, 76993 MiB, 0 %, 173.65 W, 1980 MHz
2026/09/27 21:32:56.855, 1, 76993 MiB, 0 %, 127.58 W, 1980 MHz
2026/09/27 21:32:56.856, 2, 76993 MiB, 0 %, 123.75 W, 1980 MHz
2026/09/27 21:32:56.857, 3, 76993 MiB, 0 %, 121.73 W, 1980 MHz
2026/09/27 21:32:56.857, 4, 76993 MiB, 0 %, 120.01 W, 1980 MHz
2026/09/27 21:32:56.858, 5, 76993 MiB, 0 %, 122.66 W, 1980 MHz
2026/09/27 21:32:56.858, 6, 76993 MiB, 0 %, 123.99 W, 1980 MHz
2026/09/27 21:32:56.859, 7, 76993 MiB, 0 %, 119.70 W, 1980 MHz
2026/09/27 21:32:57.860, 0, 76993 MiB, 0 %, 173.50 W, 1980 MHz
2026/09/27 21:32:57.860, 1, 76993 MiB, 0 %, 127.41 W, 1980 MHz
2026/09/27 21:32:57.861, 2, 76993 MiB, 0 %, 123.59 W, 1980 MHz
2026/09/27 21:32:57.862, 3, 76993 MiB, 0 %, 121.57 W, 1980 MHz
2026/09/27 21:32:57.862, 4, 76993 MiB, 0 %, 119.90 W, 1980 MHz
2026/09/27 21:32:57.863, 5, 76993 MiB, 0 %, 122.51 W, 1980 MHz
2026/09/27 21:32:57.863, 6, 76993 MiB, 0 %, 123.81 W, 1980 MHz
2026/09/27 21:32:57.864, 7, 76993 MiB, 0 %, 119.63 W, 1980 MHz
2026/09/27 21:32:58.865, 0, 76993 MiB, 0 %, 173.31 W, 1980 MHz
2026/09/27 21:32:58.865, 1, 76993 MiB, 0 %, 127.20 W, 1980 MHz
2026/09/27 21:32:58.866, 2, 76993 MiB, 0 %, 123.41 W, 1980 MHz
2026/09/27 21:32:58.867, 3, 76993 MiB, 0 %, 121.52 W, 1980 MHz
2026/09/27 21:32:58.867, 4, 76993 MiB, 0 %, 119.81 W, 1980 MHz
2026/09/27 21:32:58.868, 5, 76993 MiB, 0 %, 122.45 W, 1980 MHz
2026/09/27 21:32:58.868, 6, 76993 MiB, 0 %, 123.65 W, 1980 MHz
2026/09/27 21:32:58.869, 7, 76993 MiB, 0 %, 119.56 W, 1980 MHz
2026/09/27 21:32:59.870, 0, 76993 MiB, 0 %, 173.16 W, 1980 MHz
2026/09/27 21:32:59.870, 1, 76993 MiB, 0 %, 127.03 W, 1980 MHz
2026/09/27 21:32:59.871, 2, 76993 MiB, 0 %, 123.25 W, 1980 MHz
2026/09/27 21:32:59.871, 3, 76993 MiB, 0 %, 121.33 W, 1980 MHz
2026/09/27 21:32:59.872, 4, 76993 MiB, 0 %, 119.69 W, 1980 MHz
2026/09/27 21:32:59.873, 5, 76993 MiB, 0 %, 122.31 W, 1980 MHz
2026/09/27 21:32:59.873, 6, 76993 MiB, 0 %, 123.45 W, 1980 MHz
2026/09/27 21:32:59.874, 7, 76993 MiB, 0 %, 119.47 W, 1980 MHz
2026/09/27 21:33:00.874, 0, 76993 MiB, 0 %, 173.02 W, 1980 MHz
2026/09/27 21:33:00.875, 1, 76993 MiB, 0 %, 126.90 W, 1980 MHz
2026/09/27 21:33:00.876, 2, 76993 MiB, 0 %, 122.79 W, 1980 MHz
2026/09/27 21:33:00.876, 3, 76993 MiB, 0 %, 121.31 W, 1980 MHz
2026/09/27 21:33:00.877, 4, 76993 MiB, 0 %, 119.62 W, 1980 MHz
2026/09/27 21:33:00.877, 5, 76993 MiB, 0 %, 122.14 W, 1980 MHz
2026/09/27 21:33:00.878, 6, 76993 MiB, 0 %, 123.32 W, 1980 MHz
2026/09/27 21:33:00.879, 7, 76993 MiB, 0 %, 119.35 W, 1980 MHz
2026/09/27 21:33:01.879, 0, 76993 MiB, 0 %, 172.87 W, 1980 MHz
2026/09/27 21:33:01.880, 1, 76993 MiB, 0 %, 126.79 W, 1980 MHz
2026/09/27 21:33:01.881, 2, 76993 MiB, 0 %, 122.63 W, 1980 MHz
2026/09/27 21:33:01.882, 3, 76993 MiB, 0 %, 121.24 W, 1980 MHz
2026/09/27 21:33:01.882, 4, 76993 MiB, 0 %, 119.55 W, 1980 MHz
2026/09/27 21:33:01.883, 5, 76993 MiB, 0 %, 122.04 W, 1980 MHz
2026/09/27 21:33:01.883, 6, 76993 MiB, 0 %, 123.24 W, 1980 MHz
2026/09/27 21:33:01.884, 7, 76993 MiB, 0 %, 119.23 W, 1980 MHz
2026/09/27 21:33:02.885, 0, 76993 MiB, 0 %, 172.78 W, 1980 MHz
2026/09/27 21:33:02.886, 1, 76993 MiB, 0 %, 126.20 W, 1980 MHz
2026/09/27 21:33:02.886, 2, 76993 MiB, 0 %, 122.44 W, 1980 MHz
2026/09/27 21:33:02.887, 3, 76993 MiB, 0 %, 121.18 W, 1980 MHz
2026/09/27 21:33:02.887, 4, 76993 MiB, 0 %, 119.49 W, 1980 MHz
2026/09/27 21:33:02.888, 5, 76993 MiB, 0 %, 121.82 W, 1980 MHz
2026/09/27 21:33:02.889, 6, 76993 MiB, 0 %, 123.10 W, 1980 MHz
2026/09/27 21:33:02.889, 7, 76993 MiB, 0 %, 119.18 W, 1980 MHz
2026/09/27 21:33:03.890, 0, 76993 MiB, 0 %, 172.64 W, 1980 MHz
2026/09/27 21:33:03.891, 1, 76993 MiB, 0 %, 125.59 W, 1980 MHz
2026/09/27 21:33:03.891, 2, 76993 MiB, 0 %, 122.34 W, 1980 MHz
2026/09/27 21:33:03.892, 3, 76993 MiB, 0 %, 121.16 W, 1980 MHz
2026/09/27 21:33:03.892, 4, 76993 MiB, 0 %, 119.38 W, 1980 MHz
2026/09/27 21:33:03.893, 5, 76993 MiB, 0 %, 121.78 W, 1980 MHz
2026/09/27 21:33:03.893, 6, 76993 MiB, 0 %, 122.98 W, 1980 MHz
2026/09/27 21:33:03.894, 7, 76993 MiB, 0 %, 119.11 W, 1980 MHz
2026/09/27 21:33:04.895, 0, 76993 MiB, 0 %, 172.54 W, 1980 MHz
2026/09/27 21:33:04.895, 1, 76993 MiB, 0 %, 125.42 W, 1980 MHz
2026/09/27 21:33:04.896, 2, 76993 MiB, 0 %, 122.25 W, 1980 MHz
2026/09/27 21:33:04.897, 3, 76993 MiB, 0 %, 121.06 W, 1980 MHz
2026/09/27 21:33:04.897, 4, 76993 MiB, 0 %, 119.39 W, 1980 MHz
2026/09/27 21:33:04.898, 5, 76993 MiB, 0 %, 121.69 W, 1980 MHz
2026/09/27 21:33:04.898, 6, 76993 MiB, 0 %, 122.86 W, 1980 MHz
2026/09/27 21:33:04.899, 7, 76993 MiB, 0 %, 119.03 W, 1980 MHz
2026/09/27 21:33:05.900, 0, 76993 MiB, 0 %, 172.40 W, 1980 MHz
2026/09/27 21:33:05.900, 1, 76993 MiB, 0 %, 125.30 W, 1980 MHz
2026/09/27 21:33:05.901, 2, 76993 MiB, 0 %, 122.00 W, 1980 MHz
2026/09/27 21:33:05.902, 3, 76993 MiB, 0 %, 120.99 W, 1980 MHz
2026/09/27 21:33:05.902, 4, 76993 MiB, 0 %, 119.34 W, 1980 MHz
2026/09/27 21:33:05.903, 5, 76993 MiB, 0 %, 121.54 W, 1980 MHz
2026/09/27 21:33:05.903, 6, 76993 MiB, 0 %, 122.73 W, 1980 MHz
2026/09/27 21:33:05.904, 7, 76993 MiB, 0 %, 119.02 W, 1980 MHz
2026/09/27 21:33:06.905, 0, 76993 MiB, 0 %, 172.31 W, 1980 MHz
2026/09/27 21:33:06.905, 1, 76993 MiB, 0 %, 125.18 W, 1980 MHz
2026/09/27 21:33:06.906, 2, 76993 MiB, 0 %, 121.98 W, 1980 MHz
2026/09/27 21:33:06.906, 3, 76993 MiB, 0 %, 120.88 W, 1980 MHz
2026/09/27 21:33:06.907, 4, 76993 MiB, 0 %, 119.24 W, 1980 MHz
2026/09/27 21:33:06.908, 5, 76993 MiB, 0 %, 121.40 W, 1980 MHz
2026/09/27 21:33:06.908, 6, 76993 MiB, 0 %, 122.04 W, 1980 MHz
2026/09/27 21:33:06.909, 7, 76993 MiB, 0 %, 118.89 W, 1980 MHz
2026/09/27 21:33:07.909, 0, 76993 MiB, 0 %, 172.13 W, 1980 MHz
2026/09/27 21:33:07.910, 1, 76993 MiB, 0 %, 125.08 W, 1980 MHz
2026/09/27 21:33:07.911, 2, 76993 MiB, 0 %, 121.87 W, 1980 MHz
2026/09/27 21:33:07.911, 3, 76993 MiB, 0 %, 120.68 W, 1980 MHz
2026/09/27 21:33:07.912, 4, 76993 MiB, 0 %, 119.13 W, 1980 MHz
2026/09/27 21:33:07.913, 5, 76993 MiB, 0 %, 121.33 W, 1980 MHz
2026/09/27 21:33:07.913, 6, 76993 MiB, 0 %, 121.93 W, 1980 MHz
2026/09/27 21:33:07.914, 7, 76993 MiB, 0 %, 118.83 W, 1980 MHz
2026/09/27 21:33:08.914, 0, 76993 MiB, 0 %, 172.00 W, 1980 MHz
2026/09/27 21:33:08.915, 1, 76993 MiB, 0 %, 125.03 W, 1980 MHz
2026/09/27 21:33:08.916, 2, 76993 MiB, 0 %, 121.80 W, 1980 MHz
2026/09/27 21:33:08.917, 3, 76993 MiB, 0 %, 120.22 W, 1980 MHz
2026/09/27 21:33:08.917, 4, 76993 MiB, 0 %, 119.07 W, 1980 MHz
2026/09/27 21:33:08.918, 5, 76993 MiB, 0 %, 121.19 W, 1980 MHz
2026/09/27 21:33:08.918, 6, 76993 MiB, 0 %, 121.88 W, 1980 MHz
2026/09/27 21:33:08.919, 7, 76993 MiB, 0 %, 118.74 W, 1980 MHz
2026/09/27 21:33:09.920, 0, 76993 MiB, 0 %, 171.96 W, 1980 MHz
2026/09/27 21:33:09.920, 1, 76993 MiB, 0 %, 124.86 W, 1980 MHz
2026/09/27 21:33:09.921, 2, 76993 MiB, 0 %, 121.65 W, 1980 MHz
2026/09/27 21:33:09.922, 3, 76993 MiB, 0 %, 120.16 W, 1980 MHz
2026/09/27 21:33:09.922, 4, 76993 MiB, 0 %, 118.99 W, 1980 MHz
2026/09/27 21:33:09.923, 5, 76993 MiB, 0 %, 121.08 W, 1980 MHz
2026/09/27 21:33:09.923, 6, 76993 MiB, 0 %, 121.77 W, 1980 MHz
2026/09/27 21:33:09.924, 7, 76993 MiB, 0 %, 118.67 W, 1980 MHz
2026/09/27 21:33:10.925, 0, 76993 MiB, 0 %, 171.86 W, 1980 MHz
2026/09/27 21:33:10.925, 1, 76993 MiB, 0 %, 124.75 W, 1980 MHz
2026/09/27 21:33:10.926, 2, 76993 MiB, 0 %, 121.61 W, 1980 MHz
2026/09/27 21:33:10.927, 3, 76993 MiB, 0 %, 120.06 W, 1980 MHz
2026/09/27 21:33:10.927, 4, 76993 MiB, 0 %, 118.94 W, 1980 MHz
2026/09/27 21:33:10.928, 5, 76993 MiB, 0 %, 121.03 W, 1980 MHz
2026/09/27 21:33:10.928, 6, 76993 MiB, 0 %, 121.64 W, 1980 MHz
2026/09/27 21:33:10.929, 7, 76993 MiB, 0 %, 118.68 W, 1980 MHz
2026/09/27 21:33:11.929, 0, 76993 MiB, 0 %, 171.76 W, 1980 MHz
2026/09/27 21:33:11.930, 1, 76993 MiB, 0 %, 124.59 W, 1980 MHz
2026/09/27 21:33:11.931, 2, 76993 MiB, 0 %, 121.50 W, 1980 MHz
2026/09/27 21:33:11.932, 3, 76993 MiB, 0 %, 120.02 W, 1980 MHz
2026/09/27 21:33:11.932, 4, 76993 MiB, 0 %, 118.92 W, 1980 MHz
2026/09/27 21:33:11.933, 5, 76993 MiB, 0 %, 121.02 W, 1980 MHz
2026/09/27 21:33:11.934, 6, 76993 MiB, 0 %, 121.55 W, 1980 MHz
2026/09/27 21:33:11.934, 7, 76993 MiB, 0 %, 118.58 W, 1980 MHz
2026/09/27 21:33:12.935, 0, 76993 MiB, 0 %, 171.65 W, 1980 MHz
2026/09/27 21:33:12.936, 1, 76993 MiB, 0 %, 124.54 W, 1980 MHz
2026/09/27 21:33:12.936, 2, 76993 MiB, 0 %, 121.41 W, 1980 MHz
2026/09/27 21:33:12.937, 3, 76993 MiB, 0 %, 119.93 W, 1980 MHz
2026/09/27 21:33:12.938, 4, 76993 MiB, 0 %, 118.86 W, 1980 MHz
2026/09/27 21:33:12.938, 5, 76993 MiB, 0 %, 120.89 W, 1980 MHz
2026/09/27 21:33:12.939, 6, 76993 MiB, 0 %, 121.44 W, 1980 MHz
2026/09/27 21:33:12.939, 7, 76993 MiB, 0 %, 118.57 W, 1980 MHz
2026/09/27 21:33:13.940, 0, 76993 MiB, 0 %, 171.53 W, 1980 MHz
2026/09/27 21:33:13.941, 1, 76993 MiB, 0 %, 124.46 W, 1980 MHz
2026/09/27 21:33:13.942, 2, 76993 MiB, 0 %, 121.26 W, 1980 MHz
2026/09/27 21:33:13.942, 3, 76993 MiB, 0 %, 119.86 W, 1980 MHz
2026/09/27 21:33:13.943, 4, 76993 MiB, 0 %, 118.78 W, 1980 MHz
2026/09/27 21:33:13.943, 5, 76993 MiB, 0 %, 120.80 W, 1980 MHz
2026/09/27 21:33:13.944, 6, 76993 MiB, 0 %, 121.35 W, 1980 MHz
2026/09/27 21:33:13.944, 7, 76993 MiB, 0 %, 118.41 W, 1980 MHz
2026/09/27 21:33:14.945, 0, 76993 MiB, 0 %, 171.47 W, 1980 MHz
2026/09/27 21:33:14.946, 1, 76993 MiB, 0 %, 124.37 W, 1980 MHz
2026/09/27 21:33:14.946, 2, 76993 MiB, 0 %, 121.13 W, 1980 MHz
2026/09/27 21:33:14.947, 3, 76993 MiB, 0 %, 119.85 W, 1980 MHz
2026/09/27 21:33:14.948, 4, 76993 MiB, 0 %, 118.67 W, 1980 MHz
2026/09/27 21:33:14.948, 5, 76993 MiB, 0 %, 120.76 W, 1980 MHz
2026/09/27 21:33:14.949, 6, 76993 MiB, 0 %, 121.30 W, 1980 MHz
2026/09/27 21:33:14.949, 7, 76993 MiB, 0 %, 118.35 W, 1980 MHz
2026/09/27 21:33:15.950, 0, 76993 MiB, 0 %, 171.35 W, 1980 MHz
2026/09/27 21:33:15.951, 1, 76993 MiB, 0 %, 124.31 W, 1980 MHz
2026/09/27 21:33:15.951, 2, 76993 MiB, 0 %, 121.23 W, 1980 MHz
2026/09/27 21:33:15.952, 3, 76993 MiB, 0 %, 119.88 W, 1980 MHz
2026/09/27 21:33:15.953, 4, 76993 MiB, 0 %, 118.66 W, 1980 MHz
2026/09/27 21:33:15.953, 5, 76993 MiB, 0 %, 120.55 W, 1980 MHz
2026/09/27 21:33:15.954, 6, 76993 MiB, 0 %, 121.19 W, 1980 MHz
2026/09/27 21:33:15.954, 7, 76993 MiB, 0 %, 118.36 W, 1980 MHz
2026/09/27 21:33:16.955, 0, 76993 MiB, 0 %, 171.30 W, 1980 MHz
2026/09/27 21:33:16.956, 1, 76993 MiB, 0 %, 123.54 W, 1980 MHz
2026/09/27 21:33:16.957, 2, 76993 MiB, 0 %, 121.06 W, 1980 MHz
2026/09/27 21:33:16.957, 3, 76993 MiB, 0 %, 119.79 W, 1980 MHz
2026/09/27 21:33:16.958, 4, 76993 MiB, 0 %, 118.63 W, 1980 MHz
2026/09/27 21:33:16.958, 5, 76993 MiB, 0 %, 120.60 W, 1980 MHz
2026/09/27 21:33:16.959, 6, 76993 MiB, 0 %, 121.15 W, 1980 MHz
2026/09/27 21:33:16.959, 7, 76993 MiB, 0 %, 118.34 W, 1980 MHz
2026/09/27 21:33:17.960, 0, 76993 MiB, 0 %, 171.23 W, 1980 MHz
2026/09/27 21:33:17.961, 1, 76993 MiB, 0 %, 123.43 W, 1980 MHz
2026/09/27 21:33:17.962, 2, 76993 MiB, 0 %, 120.99 W, 1980 MHz
2026/09/27 21:33:17.962, 3, 76993 MiB, 0 %, 119.74 W, 1980 MHz
2026/09/27 21:33:17.963, 4, 76993 MiB, 0 %, 118.61 W, 1980 MHz
2026/09/27 21:33:17.963, 5, 76993 MiB, 0 %, 120.53 W, 1980 MHz
2026/09/27 21:33:17.964, 6, 76993 MiB, 0 %, 121.04 W, 1980 MHz
2026/09/27 21:33:17.965, 7, 76993 MiB, 0 %, 118.22 W, 1980 MHz
2026/09/27 21:33:18.965, 0, 76993 MiB, 0 %, 171.14 W, 1980 MHz
2026/09/27 21:33:18.966, 1, 76993 MiB, 0 %, 123.36 W, 1980 MHz
2026/09/27 21:33:18.967, 2, 76993 MiB, 0 %, 120.87 W, 1980 MHz
2026/09/27 21:33:18.967, 3, 76993 MiB, 0 %, 119.73 W, 1980 MHz
2026/09/27 21:33:18.968, 4, 76993 MiB, 0 %, 118.54 W, 1980 MHz
2026/09/27 21:33:18.969, 5, 76993 MiB, 0 %, 120.43 W, 1980 MHz
2026/09/27 21:33:18.969, 6, 76993 MiB, 0 %, 120.99 W, 1980 MHz
2026/09/27 21:33:18.970, 7, 76993 MiB, 0 %, 118.20 W, 1980 MHz
2026/09/27 21:33:19.971, 0, 76993 MiB, 0 %, 171.05 W, 1980 MHz
2026/09/27 21:33:19.971, 1, 76993 MiB, 0 %, 123.33 W, 1980 MHz
2026/09/27 21:33:19.972, 2, 76993 MiB, 0 %, 120.86 W, 1980 MHz
2026/09/27 21:33:19.973, 3, 76993 MiB, 0 %, 119.63 W, 1980 MHz
2026/09/27 21:33:19.973, 4, 76993 MiB, 0 %, 118.52 W, 1980 MHz
2026/09/27 21:33:19.974, 5, 76993 MiB, 0 %, 120.46 W, 1980 MHz
2026/09/27 21:33:19.974, 6, 76993 MiB, 0 %, 120.91 W, 1980 MHz
2026/09/27 21:33:19.975, 7, 76993 MiB, 0 %, 118.17 W, 1980 MHz
2026/09/27 21:33:20.976, 0, 76993 MiB, 0 %, 170.99 W, 1980 MHz
2026/09/27 21:33:20.977, 1, 76993 MiB, 0 %, 123.26 W, 1980 MHz
2026/09/27 21:33:20.977, 2, 76993 MiB, 0 %, 120.79 W, 1980 MHz
2026/09/27 21:33:20.978, 3, 76993 MiB, 0 %, 119.63 W, 1980 MHz
2026/09/27 21:33:20.979, 4, 76993 MiB, 0 %, 118.40 W, 1980 MHz
2026/09/27 21:33:20.979, 5, 76993 MiB, 0 %, 120.35 W, 1980 MHz
2026/09/27 21:33:20.980, 6, 76993 MiB, 0 %, 120.86 W, 1980 MHz
2026/09/27 21:33:20.980, 7, 76993 MiB, 0 %, 118.04 W, 1980 MHz
2026/09/27 21:33:21.981, 0, 76993 MiB, 0 %, 170.88 W, 1980 MHz
2026/09/27 21:33:21.982, 1, 76993 MiB, 0 %, 123.24 W, 1980 MHz
2026/09/27 21:33:21.982, 2, 76993 MiB, 0 %, 120.70 W, 1980 MHz
2026/09/27 21:33:21.983, 3, 76993 MiB, 0 %, 119.67 W, 1980 MHz
2026/09/27 21:33:21.983, 4, 76993 MiB, 0 %, 118.39 W, 1980 MHz
2026/09/27 21:33:21.984, 5, 76993 MiB, 0 %, 120.27 W, 1980 MHz
2026/09/27 21:33:21.985, 6, 76993 MiB, 0 %, 121.29 W, 1980 MHz
2026/09/27 21:33:21.985, 7, 76993 MiB, 0 %, 118.04 W, 1980 MHz
2026/09/27 21:33:22.986, 0, 76993 MiB, 0 %, 170.89 W, 1980 MHz
2026/09/27 21:33:22.987, 1, 76993 MiB, 0 %, 123.20 W, 1980 MHz
2026/09/27 21:33:22.987, 2, 76993 MiB, 0 %, 120.67 W, 1980 MHz
2026/09/27 21:33:22.988, 3, 76993 MiB, 0 %, 119.60 W, 1980 MHz
2026/09/27 21:33:22.989, 4, 76993 MiB, 0 %, 118.39 W, 1980 MHz
2026/09/27 21:33:22.990, 5, 76993 MiB, 0 %, 120.17 W, 1980 MHz
2026/09/27 21:33:22.990, 6, 76993 MiB, 0 %, 121.36 W, 1980 MHz
2026/09/27 21:33:22.991, 7, 76993 MiB, 0 %, 118.05 W, 1980 MHz
2026/09/27 21:33:23.992, 0, 76993 MiB, 0 %, 170.85 W, 1980 MHz
2026/09/27 21:33:23.992, 1, 76993 MiB, 0 %, 123.15 W, 1980 MHz
2026/09/27 21:33:23.993, 2, 76993 MiB, 0 %, 120.62 W, 1980 MHz
2026/09/27 21:33:23.994, 3, 76993 MiB, 0 %, 119.60 W, 1980 MHz
2026/09/27 21:33:23.994, 4, 76993 MiB, 0 %, 118.42 W, 1980 MHz
2026/09/27 21:33:23.995, 5, 76993 MiB, 0 %, 120.19 W, 1980 MHz
2026/09/27 21:33:23.996, 6, 76993 MiB, 0 %, 121.29 W, 1980 MHz
2026/09/27 21:33:23.996, 7, 76993 MiB, 0 %, 118.01 W, 1980 MHz
2026/09/27 21:33:24.997, 0, 76993 MiB, 0 %, 170.75 W, 1980 MHz
2026/09/27 21:33:24.998, 1, 76993 MiB, 0 %, 123.08 W, 1980 MHz
2026/09/27 21:33:24.999, 2, 76993 MiB, 0 %, 120.56 W, 1980 MHz
2026/09/27 21:33:24.999, 3, 76993 MiB, 0 %, 119.56 W, 1980 MHz
2026/09/27 21:33:25.000, 4, 76993 MiB, 0 %, 118.41 W, 1980 MHz
2026/09/27 21:33:25.001, 5, 76993 MiB, 0 %, 120.14 W, 1980 MHz
2026/09/27 21:33:25.001, 6, 76993 MiB, 0 %, 121.21 W, 1980 MHz
2026/09/27 21:33:25.002, 7, 76993 MiB, 0 %, 117.99 W, 1980 MHz
2026/09/27 21:33:26.003, 0, 76993 MiB, 100 %, 487.61 W, 1980 MHz
2026/09/27 21:33:26.004, 1, 76993 MiB, 100 %, 387.66 W, 1980 MHz
2026/09/27 21:33:26.004, 2, 76993 MiB, 100 %, 414.23 W, 1980 MHz
2026/09/27 21:33:26.005, 3, 76993 MiB, 100 %, 413.86 W, 1980 MHz
2026/09/27 21:33:26.006, 4, 76993 MiB, 100 %, 376.74 W, 1980 MHz
2026/09/27 21:33:26.006, 5, 76993 MiB, 100 %, 396.46 W, 1980 MHz
2026/09/27 21:33:26.007, 6, 76993 MiB, 100 %, 407.60 W, 1980 MHz
2026/09/27 21:33:26.008, 7, 76993 MiB, 100 %, 381.88 W, 1980 MHz
2026/09/27 21:33:27.008, 0, 76993 MiB, 100 %, 585.47 W, 1980 MHz
2026/09/27 21:33:27.009, 1, 76993 MiB, 100 %, 527.08 W, 1980 MHz
2026/09/27 21:33:27.010, 2, 76993 MiB, 100 %, 517.49 W, 1980 MHz
2026/09/27 21:33:27.011, 3, 76993 MiB, 100 %, 512.90 W, 1980 MHz
2026/09/27 21:33:27.011, 4, 76993 MiB, 100 %, 513.46 W, 1980 MHz
2026/09/27 21:33:27.012, 5, 76993 MiB, 100 %, 529.66 W, 1980 MHz
2026/09/27 21:33:27.012, 6, 76993 MiB, 100 %, 530.00 W, 1980 MHz
2026/09/27 21:33:27.013, 7, 76993 MiB, 100 %, 511.04 W, 1980 MHz
2026/09/27 21:33:28.014, 0, 76993 MiB, 100 %, 594.49 W, 1980 MHz
2026/09/27 21:33:28.015, 1, 76993 MiB, 100 %, 526.20 W, 1980 MHz
2026/09/27 21:33:28.015, 2, 76993 MiB, 100 %, 529.22 W, 1980 MHz
2026/09/27 21:33:28.016, 3, 76993 MiB, 100 %, 522.50 W, 1980 MHz
2026/09/27 21:33:28.016, 4, 76993 MiB, 100 %, 511.96 W, 1980 MHz
2026/09/27 21:33:28.017, 5, 76993 MiB, 100 %, 532.55 W, 1980 MHz
2026/09/27 21:33:28.018, 6, 76993 MiB, 100 %, 538.80 W, 1980 MHz
2026/09/27 21:33:28.018, 7, 76993 MiB, 100 %, 515.34 W, 1980 MHz
2026/09/27 21:33:29.019, 0, 76993 MiB, 100 %, 592.58 W, 1980 MHz
2026/09/27 21:33:29.020, 1, 76993 MiB, 100 %, 527.11 W, 1980 MHz
2026/09/27 21:33:29.021, 2, 76993 MiB, 100 %, 521.74 W, 1980 MHz
2026/09/27 21:33:29.021, 3, 76993 MiB, 100 %, 514.42 W, 1980 MHz
2026/09/27 21:33:29.022, 4, 76993 MiB, 100 %, 520.28 W, 1980 MHz
2026/09/27 21:33:29.023, 5, 76993 MiB, 100 %, 535.67 W, 1980 MHz
2026/09/27 21:33:29.023, 6, 76993 MiB, 100 %, 535.42 W, 1980 MHz
2026/09/27 21:33:29.024, 7, 76993 MiB, 100 %, 518.13 W, 1980 MHz
2026/09/27 21:33:30.024, 0, 76993 MiB, 100 %, 588.30 W, 1980 MHz
2026/09/27 21:33:30.025, 1, 76993 MiB, 100 %, 530.22 W, 1980 MHz
2026/09/27 21:33:30.026, 2, 76993 MiB, 100 %, 517.01 W, 1980 MHz
2026/09/27 21:33:30.026, 3, 76993 MiB, 100 %, 519.59 W, 1980 MHz
2026/09/27 21:33:30.027, 4, 76993 MiB, 100 %, 527.31 W, 1980 MHz
2026/09/27 21:33:30.027, 5, 76993 MiB, 100 %, 526.92 W, 1980 MHz
2026/09/27 21:33:30.028, 6, 76993 MiB, 100 %, 543.53 W, 1980 MHz
2026/09/27 21:33:30.029, 7, 76993 MiB, 100 %, 522.69 W, 1980 MHz
2026/09/27 21:33:31.029, 0, 76993 MiB, 100 %, 592.48 W, 1980 MHz
2026/09/27 21:33:31.030, 1, 76993 MiB, 100 %, 522.69 W, 1980 MHz
2026/09/27 21:33:31.031, 2, 76993 MiB, 100 %, 513.72 W, 1980 MHz
2026/09/27 21:33:31.031, 3, 76993 MiB, 100 %, 518.48 W, 1980 MHz
2026/09/27 21:33:31.032, 4, 76993 MiB, 100 %, 513.73 W, 1980 MHz
2026/09/27 21:33:31.032, 5, 76993 MiB, 100 %, 530.60 W, 1980 MHz
2026/09/27 21:33:31.033, 6, 76993 MiB, 100 %, 530.82 W, 1980 MHz
2026/09/27 21:33:31.034, 7, 76993 MiB, 100 %, 512.97 W, 1980 MHz
2026/09/27 21:33:32.034, 0, 76993 MiB, 100 %, 599.51 W, 1980 MHz
2026/09/27 21:33:32.035, 1, 76993 MiB, 100 %, 532.10 W, 1980 MHz
2026/09/27 21:33:32.036, 2, 76993 MiB, 100 %, 531.13 W, 1980 MHz
2026/09/27 21:33:32.036, 3, 76993 MiB, 100 %, 525.17 W, 1980 MHz
2026/09/27 21:33:32.037, 4, 76993 MiB, 100 %, 505.72 W, 1980 MHz
2026/09/27 21:33:32.037, 5, 76993 MiB, 100 %, 535.59 W, 1980 MHz
2026/09/27 21:33:32.038, 6, 76993 MiB, 100 %, 532.86 W, 1980 MHz
2026/09/27 21:33:32.039, 7, 76993 MiB, 100 %, 517.28 W, 1980 MHz
2026/09/27 21:33:33.039, 0, 76993 MiB, 100 %, 596.29 W, 1980 MHz
2026/09/27 21:33:33.040, 1, 76993 MiB, 100 %, 525.31 W, 1980 MHz
2026/09/27 21:33:33.041, 2, 76993 MiB, 100 %, 527.42 W, 1980 MHz
2026/09/27 21:33:33.041, 3, 76993 MiB, 100 %, 520.47 W, 1980 MHz
2026/09/27 21:33:33.042, 4, 76993 MiB, 100 %, 519.41 W, 1980 MHz
2026/09/27 21:33:33.043, 5, 76993 MiB, 100 %, 545.76 W, 1980 MHz
2026/09/27 21:33:33.043, 6, 76993 MiB, 100 %, 529.64 W, 1980 MHz
2026/09/27 21:33:33.044, 7, 76993 MiB, 100 %, 519.92 W, 1980 MHz
2026/09/27 21:33:34.044, 0, 76993 MiB, 100 %, 603.28 W, 1920 MHz
2026/09/27 21:33:34.045, 1, 76993 MiB, 100 %, 526.66 W, 1980 MHz
2026/09/27 21:33:34.046, 2, 76993 MiB, 100 %, 535.71 W, 1980 MHz
2026/09/27 21:33:34.046, 3, 76993 MiB, 100 %, 521.49 W, 1980 MHz
2026/09/27 21:33:34.047, 4, 76993 MiB, 100 %, 518.22 W, 1980 MHz
2026/09/27 21:33:34.048, 5, 76993 MiB, 100 %, 542.21 W, 1980 MHz
2026/09/27 21:33:34.048, 6, 76993 MiB, 100 %, 538.82 W, 1980 MHz
2026/09/27 21:33:34.049, 7, 76993 MiB, 100 %, 527.81 W, 1980 MHz
2026/09/27 21:33:35.049, 0, 76993 MiB, 100 %, 570.35 W, 1830 MHz
2026/09/27 21:33:35.050, 1, 76993 MiB, 100 %, 516.97 W, 1980 MHz
2026/09/27 21:33:35.051, 2, 76993 MiB, 100 %, 515.34 W, 1980 MHz
2026/09/27 21:33:35.051, 3, 76993 MiB, 100 %, 513.64 W, 1980 MHz
2026/09/27 21:33:35.052, 4, 76993 MiB, 100 %, 516.55 W, 1980 MHz
2026/09/27 21:33:35.053, 5, 76993 MiB, 100 %, 533.20 W, 1980 MHz
2026/09/27 21:33:35.053, 6, 76993 MiB, 100 %, 538.92 W, 1980 MHz
2026/09/27 21:33:35.054, 7, 76993 MiB, 100 %, 515.14 W, 1980 MHz
2026/09/27 21:33:36.054, 0, 76993 MiB, 100 %, 553.43 W, 1770 MHz
2026/09/27 21:33:36.055, 1, 76993 MiB, 100 %, 530.69 W, 1980 MHz
2026/09/27 21:33:36.056, 2, 76993 MiB, 100 %, 523.13 W, 1980 MHz
2026/09/27 21:33:36.057, 3, 76993 MiB, 100 %, 522.50 W, 1980 MHz
2026/09/27 21:33:36.057, 4, 76993 MiB, 100 %, 509.15 W, 1980 MHz
2026/09/27 21:33:36.058, 5, 76993 MiB, 100 %, 534.94 W, 1980 MHz
2026/09/27 21:33:36.058, 6, 76993 MiB, 100 %, 531.59 W, 1980 MHz
2026/09/27 21:33:36.059, 7, 76993 MiB, 100 %, 515.20 W, 1980 MHz
2026/09/27 21:33:37.060, 0, 76993 MiB, 100 %, 552.74 W, 1845 MHz
2026/09/27 21:33:37.061, 1, 76993 MiB, 100 %, 522.41 W, 1980 MHz
2026/09/27 21:33:37.061, 2, 76993 MiB, 100 %, 526.07 W, 1980 MHz
2026/09/27 21:33:37.062, 3, 76993 MiB, 100 %, 523.76 W, 1980 MHz
2026/09/27 21:33:37.062, 4, 76993 MiB, 100 %, 516.09 W, 1980 MHz
2026/09/27 21:33:37.063, 5, 76993 MiB, 100 %, 535.85 W, 1980 MHz
2026/09/27 21:33:37.064, 6, 76993 MiB, 100 %, 533.67 W, 1980 MHz
2026/09/27 21:33:37.064, 7, 76993 MiB, 100 %, 522.55 W, 1980 MHz
2026/09/27 21:33:38.065, 0, 76993 MiB, 100 %, 568.16 W, 1845 MHz
2026/09/27 21:33:38.066, 1, 76993 MiB, 100 %, 536.23 W, 1980 MHz
2026/09/27 21:33:38.066, 2, 76993 MiB, 100 %, 527.09 W, 1980 MHz
2026/09/27 21:33:38.067, 3, 76993 MiB, 100 %, 526.30 W, 1980 MHz
2026/09/27 21:33:38.067, 4, 76993 MiB, 100 %, 529.71 W, 1980 MHz
2026/09/27 21:33:38.068, 5, 76993 MiB, 100 %, 542.35 W, 1980 MHz
2026/09/27 21:33:38.069, 6, 76993 MiB, 100 %, 529.83 W, 1980 MHz
2026/09/27 21:33:38.069, 7, 76993 MiB, 100 %, 524.37 W, 1980 MHz
2026/09/27 21:33:39.070, 0, 76993 MiB, 100 %, 585.86 W, 1950 MHz
2026/09/27 21:33:39.071, 1, 76993 MiB, 100 %, 519.23 W, 1980 MHz
2026/09/27 21:33:39.071, 2, 76993 MiB, 100 %, 511.79 W, 1980 MHz
2026/09/27 21:33:39.072, 3, 76993 MiB, 100 %, 527.07 W, 1980 MHz
2026/09/27 21:33:39.072, 4, 76993 MiB, 100 %, 517.51 W, 1980 MHz
2026/09/27 21:33:39.073, 5, 76993 MiB, 100 %, 544.48 W, 1980 MHz
2026/09/27 21:33:39.074, 6, 76993 MiB, 100 %, 532.88 W, 1980 MHz
2026/09/27 21:33:39.074, 7, 76993 MiB, 100 %, 512.41 W, 1980 MHz
2026/09/27 21:33:40.075, 0, 76993 MiB, 100 %, 587.79 W, 1965 MHz
2026/09/27 21:33:40.076, 1, 76993 MiB, 100 %, 540.03 W, 1980 MHz
2026/09/27 21:33:40.076, 2, 76993 MiB, 100 %, 546.66 W, 1980 MHz
2026/09/27 21:33:40.077, 3, 76993 MiB, 100 %, 527.96 W, 1980 MHz
2026/09/27 21:33:40.077, 4, 76993 MiB, 100 %, 528.35 W, 1980 MHz
2026/09/27 21:33:40.078, 5, 76993 MiB, 100 %, 537.93 W, 1980 MHz
2026/09/27 21:33:40.079, 6, 76993 MiB, 100 %, 541.80 W, 1980 MHz
2026/09/27 21:33:40.079, 7, 76993 MiB, 100 %, 533.53 W, 1980 MHz
2026/09/27 21:33:41.080, 0, 76993 MiB, 100 %, 561.14 W, 1860 MHz
2026/09/27 21:33:41.081, 1, 76993 MiB, 100 %, 535.42 W, 1980 MHz
2026/09/27 21:33:41.081, 2, 76993 MiB, 100 %, 530.41 W, 1980 MHz
2026/09/27 21:33:41.082, 3, 76993 MiB, 100 %, 526.12 W, 1980 MHz
2026/09/27 21:33:41.083, 4, 76993 MiB, 100 %, 506.37 W, 1980 MHz
2026/09/27 21:33:41.083, 5, 76993 MiB, 100 %, 538.22 W, 1980 MHz
2026/09/27 21:33:41.084, 6, 76993 MiB, 100 %, 529.77 W, 1980 MHz
2026/09/27 21:33:41.084, 7, 76993 MiB, 100 %, 520.43 W, 1980 MHz
2026/09/27 21:33:42.085, 0, 76993 MiB, 100 %, 561.04 W, 1950 MHz
2026/09/27 21:33:42.086, 1, 76993 MiB, 100 %, 541.00 W, 1980 MHz
2026/09/27 21:33:42.086, 2, 76993 MiB, 100 %, 539.54 W, 1980 MHz
2026/09/27 21:33:42.087, 3, 76993 MiB, 100 %, 530.43 W, 1980 MHz
2026/09/27 21:33:42.088, 4, 76993 MiB, 100 %, 524.69 W, 1980 MHz
2026/09/27 21:33:42.088, 5, 76993 MiB, 100 %, 539.35 W, 1980 MHz
2026/09/27 21:33:42.089, 6, 76993 MiB, 100 %, 535.07 W, 1980 MHz
2026/09/27 21:33:42.089, 7, 76993 MiB, 100 %, 528.98 W, 1980 MHz
2026/09/27 21:33:43.090, 0, 76993 MiB, 100 %, 560.60 W, 1875 MHz
2026/09/27 21:33:43.091, 1, 76993 MiB, 100 %, 526.89 W, 1980 MHz
2026/09/27 21:33:43.091, 2, 76993 MiB, 100 %, 519.97 W, 1980 MHz
2026/09/27 21:33:43.092, 3, 76993 MiB, 100 %, 522.57 W, 1980 MHz
2026/09/27 21:33:43.093, 4, 76993 MiB, 100 %, 509.79 W, 1980 MHz
2026/09/27 21:33:43.093, 5, 76993 MiB, 100 %, 535.42 W, 1980 MHz
2026/09/27 21:33:43.094, 6, 76993 MiB, 100 %, 536.66 W, 1980 MHz
2026/09/27 21:33:43.095, 7, 76993 MiB, 100 %, 516.60 W, 1980 MHz
2026/09/27 21:33:44.095, 0, 76993 MiB, 100 %, 528.84 W, 1890 MHz
2026/09/27 21:33:44.096, 1, 76993 MiB, 100 %, 527.48 W, 1980 MHz
2026/09/27 21:33:44.097, 2, 76993 MiB, 100 %, 527.19 W, 1980 MHz
2026/09/27 21:33:44.097, 3, 76993 MiB, 100 %, 531.19 W, 1980 MHz
2026/09/27 21:33:44.098, 4, 76993 MiB, 100 %, 509.31 W, 1980 MHz
2026/09/27 21:33:44.099, 5, 76993 MiB, 100 %, 530.13 W, 1980 MHz
2026/09/27 21:33:44.099, 6, 76993 MiB, 100 %, 533.10 W, 1980 MHz
2026/09/27 21:33:44.100, 7, 76993 MiB, 100 %, 521.12 W, 1980 MHz
2026/09/27 21:33:45.101, 0, 76993 MiB, 100 %, 543.40 W, 1830 MHz
2026/09/27 21:33:45.102, 1, 76993 MiB, 100 %, 528.69 W, 1980 MHz
2026/09/27 21:33:45.102, 2, 76993 MiB, 100 %, 519.26 W, 1980 MHz
2026/09/27 21:33:45.103, 3, 76993 MiB, 100 %, 520.09 W, 1980 MHz
2026/09/27 21:33:45.104, 4, 76993 MiB, 100 %, 510.48 W, 1980 MHz
2026/09/27 21:33:45.104, 5, 76993 MiB, 100 %, 532.44 W, 1980 MHz
2026/09/27 21:33:45.105, 6, 76993 MiB, 100 %, 535.44 W, 1980 MHz
2026/09/27 21:33:45.105, 7, 76993 MiB, 100 %, 516.51 W, 1980 MHz
2026/09/27 21:33:46.106, 0, 76993 MiB, 100 %, 543.15 W, 1860 MHz
2026/09/27 21:33:46.107, 1, 76993 MiB, 100 %, 535.37 W, 1980 MHz
2026/09/27 21:33:46.107, 2, 76993 MiB, 100 %, 529.84 W, 1980 MHz
2026/09/27 21:33:46.108, 3, 76993 MiB, 100 %, 527.12 W, 1980 MHz
2026/09/27 21:33:46.109, 4, 76993 MiB, 100 %, 518.66 W, 1980 MHz
2026/09/27 21:33:46.109, 5, 76993 MiB, 100 %, 544.61 W, 1980 MHz
2026/09/27 21:33:46.110, 6, 76993 MiB, 100 %, 535.71 W, 1980 MHz
2026/09/27 21:33:46.111, 7, 76993 MiB, 100 %, 522.80 W, 1980 MHz
2026/09/27 21:33:47.111, 0, 76993 MiB, 100 %, 579.05 W, 1815 MHz
2026/09/27 21:33:47.112, 1, 76993 MiB, 100 %, 535.53 W, 1980 MHz
2026/09/27 21:33:47.113, 2, 76993 MiB, 100 %, 523.02 W, 1980 MHz
2026/09/27 21:33:47.114, 3, 76993 MiB, 100 %, 526.75 W, 1980 MHz
2026/09/27 21:33:47.115, 4, 76993 MiB, 100 %, 506.19 W, 1980 MHz
2026/09/27 21:33:47.115, 5, 76993 MiB, 100 %, 542.79 W, 1980 MHz
2026/09/27 21:33:47.116, 6, 76993 MiB, 100 %, 537.07 W, 1980 MHz
2026/09/27 21:33:47.116, 7, 76993 MiB, 100 %, 521.44 W, 1980 MHz
2026/09/27 21:33:48.117, 0, 76993 MiB, 100 %, 534.95 W, 1680 MHz
2026/09/27 21:33:48.118, 1, 76993 MiB, 100 %, 532.30 W, 1980 MHz
2026/09/27 21:33:48.119, 2, 76993 MiB, 100 %, 525.11 W, 1980 MHz
2026/09/27 21:33:48.119, 3, 76993 MiB, 100 %, 523.11 W, 1980 MHz
2026/09/27 21:33:48.120, 4, 76993 MiB, 100 %, 508.35 W, 1980 MHz
2026/09/27 21:33:48.120, 5, 76993 MiB, 100 %, 538.24 W, 1980 MHz
2026/09/27 21:33:48.121, 6, 76993 MiB, 100 %, 531.29 W, 1980 MHz
2026/09/27 21:33:48.122, 7, 76993 MiB, 100 %, 524.16 W, 1980 MHz
2026/09/27 21:33:49.123, 0, 76993 MiB, 100 %, 533.47 W, 1785 MHz
2026/09/27 21:33:49.123, 1, 76993 MiB, 100 %, 521.29 W, 1980 MHz
2026/09/27 21:33:49.124, 2, 76993 MiB, 100 %, 514.01 W, 1980 MHz
2026/09/27 21:33:49.125, 3, 76993 MiB, 100 %, 518.52 W, 1980 MHz
2026/09/27 21:33:49.125, 4, 76993 MiB, 100 %, 506.62 W, 1980 MHz
2026/09/27 21:33:49.126, 5, 76993 MiB, 100 %, 527.10 W, 1980 MHz
2026/09/27 21:33:49.127, 6, 76993 MiB, 100 %, 522.55 W, 1980 MHz
2026/09/27 21:33:49.127, 7, 76993 MiB, 100 %, 512.96 W, 1980 MHz
2026/09/27 21:33:50.128, 0, 76993 MiB, 100 %, 551.85 W, 1815 MHz
2026/09/27 21:33:50.129, 1, 76993 MiB, 100 %, 535.25 W, 1980 MHz
2026/09/27 21:33:50.129, 2, 76993 MiB, 100 %, 522.42 W, 1980 MHz
2026/09/27 21:33:50.130, 3, 76993 MiB, 100 %, 525.24 W, 1980 MHz
2026/09/27 21:33:50.131, 4, 76993 MiB, 100 %, 522.29 W, 1980 MHz
2026/09/27 21:33:50.131, 5, 76993 MiB, 100 %, 542.16 W, 1980 MHz
2026/09/27 21:33:50.132, 6, 76993 MiB, 100 %, 537.90 W, 1980 MHz
2026/09/27 21:33:50.132, 7, 76993 MiB, 100 %, 517.81 W, 1980 MHz
2026/09/27 21:33:51.133, 0, 76993 MiB, 100 %, 558.88 W, 1845 MHz
2026/09/27 21:33:51.134, 1, 76993 MiB, 100 %, 531.26 W, 1980 MHz
2026/09/27 21:33:51.135, 2, 76993 MiB, 100 %, 536.99 W, 1980 MHz
2026/09/27 21:33:51.135, 3, 76993 MiB, 100 %, 525.10 W, 1980 MHz
2026/09/27 21:33:51.136, 4, 76993 MiB, 100 %, 512.10 W, 1980 MHz
2026/09/27 21:33:51.136, 5, 76993 MiB, 100 %, 533.10 W, 1980 MHz
2026/09/27 21:33:51.137, 6, 76993 MiB, 100 %, 536.39 W, 1980 MHz
2026/09/27 21:33:51.138, 7, 76993 MiB, 100 %, 524.08 W, 1980 MHz
2026/09/27 21:33:52.138, 0, 76993 MiB, 100 %, 540.88 W, 1800 MHz
2026/09/27 21:33:52.139, 1, 76993 MiB, 100 %, 540.87 W, 1980 MHz
2026/09/27 21:33:52.140, 2, 76993 MiB, 100 %, 529.28 W, 1980 MHz
2026/09/27 21:33:52.140, 3, 76993 MiB, 100 %, 525.31 W, 1980 MHz
2026/09/27 21:33:52.141, 4, 76993 MiB, 100 %, 514.08 W, 1980 MHz
2026/09/27 21:33:52.142, 5, 76993 MiB, 100 %, 543.04 W, 1980 MHz
2026/09/27 21:33:52.143, 6, 76993 MiB, 100 %, 533.88 W, 1980 MHz
2026/09/27 21:33:52.143, 7, 76993 MiB, 100 %, 523.85 W, 1980 MHz
2026/09/27 21:33:53.144, 0, 76993 MiB, 100 %, 542.17 W, 1905 MHz
2026/09/27 21:33:53.145, 1, 76993 MiB, 100 %, 533.88 W, 1980 MHz
2026/09/27 21:33:53.146, 2, 76993 MiB, 100 %, 527.21 W, 1980 MHz
2026/09/27 21:33:53.146, 3, 76993 MiB, 100 %, 525.42 W, 1980 MHz
2026/09/27 21:33:53.147, 4, 76993 MiB, 100 %, 518.06 W, 1980 MHz
2026/09/27 21:33:53.147, 5, 76993 MiB, 100 %, 541.90 W, 1980 MHz
2026/09/27 21:33:53.148, 6, 76993 MiB, 100 %, 536.08 W, 1980 MHz
2026/09/27 21:33:53.149, 7, 76993 MiB, 100 %, 517.65 W, 1980 MHz
2026/09/27 21:33:54.149, 0, 76993 MiB, 100 %, 548.59 W, 1830 MHz
2026/09/27 21:33:54.150, 1, 76993 MiB, 100 %, 543.72 W, 1980 MHz
2026/09/27 21:33:54.151, 2, 76993 MiB, 100 %, 527.17 W, 1980 MHz
2026/09/27 21:33:54.152, 3, 76993 MiB, 100 %, 520.10 W, 1980 MHz
2026/09/27 21:33:54.152, 4, 76993 MiB, 100 %, 515.57 W, 1980 MHz
2026/09/27 21:33:54.153, 5, 76993 MiB, 100 %, 550.59 W, 1980 MHz
2026/09/27 21:33:54.154, 6, 76993 MiB, 100 %, 541.26 W, 1980 MHz
2026/09/27 21:33:54.154, 7, 76993 MiB, 100 %, 525.70 W, 1980 MHz
2026/09/27 21:33:55.155, 0, 76993 MiB, 100 %, 556.76 W, 1920 MHz
2026/09/27 21:33:55.156, 1, 76993 MiB, 100 %, 525.01 W, 1980 MHz
2026/09/27 21:33:55.156, 2, 76993 MiB, 100 %, 529.40 W, 1980 MHz
2026/09/27 21:33:55.157, 3, 76993 MiB, 100 %, 530.38 W, 1980 MHz
2026/09/27 21:33:55.158, 4, 76993 MiB, 100 %, 509.71 W, 1980 MHz
2026/09/27 21:33:55.158, 5, 76993 MiB, 100 %, 535.22 W, 1980 MHz
2026/09/27 21:33:55.159, 6, 76993 MiB, 100 %, 531.48 W, 1980 MHz
2026/09/27 21:33:55.159, 7, 76993 MiB, 100 %, 513.45 W, 1980 MHz
2026/09/27 21:33:56.160, 0, 76993 MiB, 100 %, 556.38 W, 1785 MHz
2026/09/27 21:33:56.161, 1, 76993 MiB, 100 %, 531.96 W, 1980 MHz
2026/09/27 21:33:56.162, 2, 76993 MiB, 100 %, 527.65 W, 1980 MHz
2026/09/27 21:33:56.162, 3, 76993 MiB, 100 %, 530.10 W, 1980 MHz
2026/09/27 21:33:56.163, 4, 76993 MiB, 100 %, 519.70 W, 1980 MHz
2026/09/27 21:33:56.164, 5, 76993 MiB, 100 %, 540.81 W, 1980 MHz
2026/09/27 21:33:56.164, 6, 76993 MiB, 100 %, 542.14 W, 1980 MHz
2026/09/27 21:33:56.165, 7, 76993 MiB, 100 %, 524.23 W, 1980 MHz
2026/09/27 21:33:57.166, 0, 76993 MiB, 100 %, 555.82 W, 1935 MHz
2026/09/27 21:33:57.168, 1, 76993 MiB, 100 %, 532.47 W, 1980 MHz
2026/09/27 21:33:57.169, 2, 76993 MiB, 100 %, 541.60 W, 1980 MHz
2026/09/27 21:33:57.170, 3, 76993 MiB, 100 %, 522.76 W, 1980 MHz
2026/09/27 21:33:57.172, 4, 76993 MiB, 100 %, 517.96 W, 1980 MHz
2026/09/27 21:33:57.173, 5, 76993 MiB, 100 %, 543.10 W, 1980 MHz
2026/09/27 21:33:57.174, 6, 76993 MiB, 100 %, 544.29 W, 1980 MHz
2026/09/27 21:33:57.176, 7, 76993 MiB, 100 %, 525.64 W, 1980 MHz
2026/09/27 21:33:58.177, 0, 76993 MiB, 100 %, 555.90 W, 1830 MHz
2026/09/27 21:33:58.178, 1, 76993 MiB, 100 %, 521.07 W, 1980 MHz
2026/09/27 21:33:58.179, 2, 76993 MiB, 100 %, 524.18 W, 1980 MHz
2026/09/27 21:33:58.180, 3, 76993 MiB, 100 %, 534.80 W, 1980 MHz
2026/09/27 21:33:58.180, 4, 76993 MiB, 100 %, 515.96 W, 1980 MHz
2026/09/27 21:33:58.181, 5, 76993 MiB, 100 %, 539.06 W, 1980 MHz
2026/09/27 21:33:58.181, 6, 76993 MiB, 100 %, 536.68 W, 1980 MHz
2026/09/27 21:33:58.182, 7, 76993 MiB, 100 %, 516.80 W, 1980 MHz
2026/09/27 21:33:59.183, 0, 76993 MiB, 100 %, 560.08 W, 1965 MHz
2026/09/27 21:33:59.184, 1, 76993 MiB, 100 %, 541.72 W, 1980 MHz
2026/09/27 21:33:59.186, 2, 76993 MiB, 100 %, 529.34 W, 1980 MHz
2026/09/27 21:33:59.187, 3, 76993 MiB, 100 %, 526.23 W, 1980 MHz
2026/09/27 21:33:59.188, 4, 76993 MiB, 100 %, 514.25 W, 1980 MHz
2026/09/27 21:33:59.191, 5, 76993 MiB, 100 %, 542.57 W, 1980 MHz
2026/09/27 21:33:59.192, 6, 76993 MiB, 100 %, 538.91 W, 1980 MHz
2026/09/27 21:33:59.193, 7, 76993 MiB, 100 %, 522.74 W, 1980 MHz
2026/09/27 21:34:00.195, 0, 76993 MiB, 100 %, 561.65 W, 1860 MHz
2026/09/27 21:34:00.196, 1, 76993 MiB, 100 %, 532.78 W, 1980 MHz
2026/09/27 21:34:00.197, 2, 76993 MiB, 100 %, 524.15 W, 1980 MHz
2026/09/27 21:34:00.198, 3, 76993 MiB, 100 %, 523.07 W, 1980 MHz
2026/09/27 21:34:00.198, 4, 76993 MiB, 100 %, 514.63 W, 1980 MHz
2026/09/27 21:34:00.199, 5, 76993 MiB, 100 %, 544.39 W, 1980 MHz
2026/09/27 21:34:00.200, 6, 76993 MiB, 100 %, 543.67 W, 1980 MHz
2026/09/27 21:34:00.200, 7, 76993 MiB, 100 %, 521.53 W, 1980 MHz
2026/09/27 21:34:01.201, 0, 76993 MiB, 100 %, 485.42 W, 1650 MHz
2026/09/27 21:34:01.202, 1, 76993 MiB, 100 %, 530.97 W, 1980 MHz
2026/09/27 21:34:01.202, 2, 76993 MiB, 100 %, 520.88 W, 1980 MHz
2026/09/27 21:34:01.203, 3, 76993 MiB, 100 %, 516.65 W, 1980 MHz
2026/09/27 21:34:01.204, 4, 76993 MiB, 100 %, 507.00 W, 1980 MHz
2026/09/27 21:34:01.204, 5, 76993 MiB, 100 %, 532.50 W, 1980 MHz
2026/09/27 21:34:01.205, 6, 76993 MiB, 100 %, 529.66 W, 1980 MHz
2026/09/27 21:34:01.206, 7, 76993 MiB, 100 %, 514.74 W, 1980 MHz
2026/09/27 21:34:02.206, 0, 76993 MiB, 100 %, 502.58 W, 1725 MHz
2026/09/27 21:34:02.207, 1, 76993 MiB, 100 %, 516.92 W, 1980 MHz
2026/09/27 21:34:02.208, 2, 76993 MiB, 100 %, 518.69 W, 1980 MHz
2026/09/27 21:34:02.209, 3, 76993 MiB, 100 %, 517.91 W, 1980 MHz
2026/09/27 21:34:02.209, 4, 76993 MiB, 100 %, 510.20 W, 1980 MHz
2026/09/27 21:34:02.210, 5, 76993 MiB, 100 %, 529.27 W, 1980 MHz
2026/09/27 21:34:02.210, 6, 76993 MiB, 100 %, 532.25 W, 1980 MHz
2026/09/27 21:34:02.211, 7, 76993 MiB, 100 %, 507.43 W, 1980 MHz
2026/09/27 21:34:03.212, 0, 76993 MiB, 100 %, 523.53 W, 1635 MHz
2026/09/27 21:34:03.213, 1, 76993 MiB, 100 %, 528.69 W, 1980 MHz
2026/09/27 21:34:03.214, 2, 76993 MiB, 100 %, 532.76 W, 1980 MHz
2026/09/27 21:34:03.214, 3, 76993 MiB, 100 %, 520.86 W, 1980 MHz
2026/09/27 21:34:03.215, 4, 76993 MiB, 100 %, 517.70 W, 1980 MHz
2026/09/27 21:34:03.215, 5, 76993 MiB, 100 %, 534.40 W, 1980 MHz
2026/09/27 21:34:03.216, 6, 76993 MiB, 100 %, 530.70 W, 1980 MHz
2026/09/27 21:34:03.217, 7, 76993 MiB, 100 %, 519.33 W, 1980 MHz
2026/09/27 21:34:04.217, 0, 76993 MiB, 100 %, 537.80 W, 1800 MHz
2026/09/27 21:34:04.218, 1, 76993 MiB, 100 %, 533.01 W, 1980 MHz
2026/09/27 21:34:04.219, 2, 76993 MiB, 100 %, 524.36 W, 1980 MHz
2026/09/27 21:34:04.220, 3, 76993 MiB, 100 %, 516.23 W, 1980 MHz
2026/09/27 21:34:04.220, 4, 76993 MiB, 100 %, 507.58 W, 1980 MHz
2026/09/27 21:34:04.221, 5, 76993 MiB, 100 %, 532.59 W, 1980 MHz
2026/09/27 21:34:04.222, 6, 76993 MiB, 100 %, 533.62 W, 1980 MHz
2026/09/27 21:34:04.222, 7, 76993 MiB, 100 %, 516.07 W, 1980 MHz
2026/09/27 21:34:05.223, 0, 76993 MiB, 100 %, 542.60 W, 1815 MHz
2026/09/27 21:34:05.224, 1, 76993 MiB, 100 %, 538.60 W, 1980 MHz
2026/09/27 21:34:05.225, 2, 76993 MiB, 100 %, 534.76 W, 1980 MHz
2026/09/27 21:34:05.225, 3, 76993 MiB, 100 %, 532.68 W, 1980 MHz
2026/09/27 21:34:05.226, 4, 76993 MiB, 100 %, 521.69 W, 1980 MHz
2026/09/27 21:34:05.226, 5, 76993 MiB, 100 %, 538.54 W, 1980 MHz
2026/09/27 21:34:05.227, 6, 76993 MiB, 100 %, 544.72 W, 1980 MHz
2026/09/27 21:34:05.228, 7, 76993 MiB, 100 %, 521.00 W, 1980 MHz
2026/09/27 21:34:06.228, 0, 76993 MiB, 100 %, 554.84 W, 1800 MHz
2026/09/27 21:34:06.229, 1, 76993 MiB, 100 %, 534.55 W, 1980 MHz
2026/09/27 21:34:06.230, 2, 76993 MiB, 100 %, 528.48 W, 1980 MHz
2026/09/27 21:34:06.231, 3, 76993 MiB, 100 %, 532.01 W, 1980 MHz
2026/09/27 21:34:06.231, 4, 76993 MiB, 100 %, 521.37 W, 1980 MHz
2026/09/27 21:34:06.232, 5, 76993 MiB, 100 %, 535.12 W, 1980 MHz
2026/09/27 21:34:06.233, 6, 76993 MiB, 100 %, 533.91 W, 1980 MHz
2026/09/27 21:34:06.233, 7, 76993 MiB, 100 %, 530.27 W, 1980 MHz
2026/09/27 21:34:07.234, 0, 76993 MiB, 100 %, 548.90 W, 1635 MHz
2026/09/27 21:34:07.235, 1, 76993 MiB, 100 %, 537.46 W, 1980 MHz
2026/09/27 21:34:07.235, 2, 76993 MiB, 100 %, 527.86 W, 1980 MHz
2026/09/27 21:34:07.236, 3, 76993 MiB, 100 %, 522.68 W, 1980 MHz
2026/09/27 21:34:07.237, 4, 76993 MiB, 100 %, 515.67 W, 1980 MHz
2026/09/27 21:34:07.237, 5, 76993 MiB, 100 %, 543.80 W, 1980 MHz
2026/09/27 21:34:07.238, 6, 76993 MiB, 100 %, 547.96 W, 1980 MHz
2026/09/27 21:34:07.239, 7, 76993 MiB, 100 %, 520.65 W, 1980 MHz
2026/09/27 21:34:08.239, 0, 76993 MiB, 100 %, 502.98 W, 1725 MHz
2026/09/27 21:34:08.240, 1, 76993 MiB, 100 %, 525.69 W, 1980 MHz
2026/09/27 21:34:08.241, 2, 76993 MiB, 100 %, 515.10 W, 1980 MHz
2026/09/27 21:34:08.242, 3, 76993 MiB, 100 %, 528.22 W, 1980 MHz
2026/09/27 21:34:08.243, 4, 76993 MiB, 100 %, 510.77 W, 1980 MHz
2026/09/27 21:34:08.243, 5, 76993 MiB, 100 %, 531.34 W, 1980 MHz
2026/09/27 21:34:08.244, 6, 76993 MiB, 100 %, 525.93 W, 1980 MHz
2026/09/27 21:34:08.245, 7, 76993 MiB, 100 %, 515.53 W, 1980 MHz
2026/09/27 21:34:09.245, 0, 76993 MiB, 100 %, 533.25 W, 1695 MHz
2026/09/27 21:34:09.246, 1, 76993 MiB, 100 %, 538.10 W, 1980 MHz
2026/09/27 21:34:09.247, 2, 76993 MiB, 100 %, 522.43 W, 1980 MHz
2026/09/27 21:34:09.247, 3, 76993 MiB, 100 %, 519.28 W, 1980 MHz
2026/09/27 21:34:09.248, 4, 76993 MiB, 100 %, 509.73 W, 1980 MHz
2026/09/27 21:34:09.249, 5, 76993 MiB, 100 %, 541.74 W, 1980 MHz
2026/09/27 21:34:09.249, 6, 76993 MiB, 100 %, 535.62 W, 1980 MHz
2026/09/27 21:34:09.250, 7, 76993 MiB, 100 %, 521.82 W, 1980 MHz
2026/09/27 21:34:10.251, 0, 76993 MiB, 100 %, 546.37 W, 1845 MHz
2026/09/27 21:34:10.251, 1, 76993 MiB, 100 %, 544.62 W, 1980 MHz
2026/09/27 21:34:10.252, 2, 76993 MiB, 100 %, 535.41 W, 1980 MHz
2026/09/27 21:34:10.253, 3, 76993 MiB, 100 %, 528.55 W, 1980 MHz
2026/09/27 21:34:10.253, 4, 76993 MiB, 100 %, 514.95 W, 1980 MHz
2026/09/27 21:34:10.254, 5, 76993 MiB, 100 %, 539.06 W, 1980 MHz
2026/09/27 21:34:10.255, 6, 76993 MiB, 100 %, 537.32 W, 1980 MHz
2026/09/27 21:34:10.255, 7, 76993 MiB, 100 %, 526.60 W, 1980 MHz
2026/09/27 21:34:11.256, 0, 76993 MiB, 100 %, 559.78 W, 1800 MHz
2026/09/27 21:34:11.257, 1, 76993 MiB, 100 %, 535.48 W, 1980 MHz
2026/09/27 21:34:11.257, 2, 76993 MiB, 100 %, 520.95 W, 1980 MHz
2026/09/27 21:34:11.258, 3, 76993 MiB, 100 %, 524.12 W, 1980 MHz
2026/09/27 21:34:11.259, 4, 76993 MiB, 100 %, 514.05 W, 1980 MHz
2026/09/27 21:34:11.259, 5, 76993 MiB, 100 %, 539.97 W, 1980 MHz
2026/09/27 21:34:11.260, 6, 76993 MiB, 100 %, 536.11 W, 1980 MHz
2026/09/27 21:34:11.260, 7, 76993 MiB, 100 %, 515.82 W, 1980 MHz
2026/09/27 21:34:12.261, 0, 76993 MiB, 100 %, 543.20 W, 1770 MHz
2026/09/27 21:34:12.262, 1, 76993 MiB, 100 %, 539.50 W, 1980 MHz
2026/09/27 21:34:12.263, 2, 76993 MiB, 100 %, 529.13 W, 1980 MHz
2026/09/27 21:34:12.263, 3, 76993 MiB, 100 %, 527.22 W, 1980 MHz
2026/09/27 21:34:12.264, 4, 76993 MiB, 100 %, 517.63 W, 1980 MHz
2026/09/27 21:34:12.265, 5, 76993 MiB, 100 %, 539.92 W, 1980 MHz
2026/09/27 21:34:12.265, 6, 76993 MiB, 100 %, 541.15 W, 1980 MHz
2026/09/27 21:34:12.266, 7, 76993 MiB, 100 %, 528.01 W, 1980 MHz
2026/09/27 21:34:13.267, 0, 76993 MiB, 100 %, 538.78 W, 1830 MHz
2026/09/27 21:34:13.268, 1, 76993 MiB, 100 %, 539.70 W, 1980 MHz
2026/09/27 21:34:13.269, 2, 76993 MiB, 100 %, 524.89 W, 1980 MHz
2026/09/27 21:34:13.269, 3, 76993 MiB, 100 %, 520.37 W, 1980 MHz
2026/09/27 21:34:13.270, 4, 76993 MiB, 100 %, 513.35 W, 1980 MHz
2026/09/27 21:34:13.270, 5, 76993 MiB, 100 %, 539.31 W, 1980 MHz
2026/09/27 21:34:13.271, 6, 76993 MiB, 100 %, 527.15 W, 1980 MHz
2026/09/27 21:34:13.272, 7, 76993 MiB, 100 %, 514.63 W, 1980 MHz
2026/09/27 21:34:14.272, 0, 76993 MiB, 100 %, 482.34 W, 1650 MHz
2026/09/27 21:34:14.273, 1, 76993 MiB, 100 %, 527.90 W, 1980 MHz
2026/09/27 21:34:14.274, 2, 76993 MiB, 100 %, 522.20 W, 1980 MHz
2026/09/27 21:34:14.275, 3, 76993 MiB, 100 %, 514.51 W, 1980 MHz
2026/09/27 21:34:14.275, 4, 76993 MiB, 100 %, 508.78 W, 1980 MHz
2026/09/27 21:34:14.276, 5, 76993 MiB, 100 %, 523.26 W, 1980 MHz
2026/09/27 21:34:14.276, 6, 76993 MiB, 100 %, 526.02 W, 1980 MHz
2026/09/27 21:34:14.277, 7, 76993 MiB, 100 %, 506.08 W, 1980 MHz
2026/09/27 21:34:15.278, 0, 76993 MiB, 100 %, 493.79 W, 1785 MHz
2026/09/27 21:34:15.278, 1, 76993 MiB, 100 %, 517.95 W, 1980 MHz
2026/09/27 21:34:15.279, 2, 76993 MiB, 100 %, 520.38 W, 1980 MHz
2026/09/27 21:34:15.280, 3, 76993 MiB, 100 %, 517.14 W, 1980 MHz
2026/09/27 21:34:15.280, 4, 76993 MiB, 100 %, 508.73 W, 1980 MHz
2026/09/27 21:34:15.281, 5, 76993 MiB, 100 %, 533.31 W, 1980 MHz
2026/09/27 21:34:15.282, 6, 76993 MiB, 100 %, 536.85 W, 1980 MHz
2026/09/27 21:34:15.282, 7, 76993 MiB, 100 %, 508.47 W, 1980 MHz
2026/09/27 21:34:16.283, 0, 76993 MiB, 100 %, 510.30 W, 1650 MHz
2026/09/27 21:34:16.284, 1, 76993 MiB, 100 %, 535.46 W, 1980 MHz
2026/09/27 21:34:16.285, 2, 76993 MiB, 100 %, 521.65 W, 1980 MHz
2026/09/27 21:34:16.285, 3, 76993 MiB, 100 %, 520.76 W, 1980 MHz
2026/09/27 21:34:16.286, 4, 76993 MiB, 100 %, 513.60 W, 1980 MHz
2026/09/27 21:34:16.287, 5, 76993 MiB, 100 %, 538.18 W, 1980 MHz
2026/09/27 21:34:16.287, 6, 76993 MiB, 100 %, 535.88 W, 1980 MHz
2026/09/27 21:34:16.288, 7, 76993 MiB, 100 %, 517.24 W, 1980 MHz
2026/09/27 21:34:17.288, 0, 76993 MiB, 100 %, 507.71 W, 1680 MHz
2026/09/27 21:34:17.289, 1, 76993 MiB, 100 %, 536.71 W, 1980 MHz
2026/09/27 21:34:17.290, 2, 76993 MiB, 100 %, 527.50 W, 1980 MHz
2026/09/27 21:34:17.291, 3, 76993 MiB, 100 %, 521.19 W, 1980 MHz
2026/09/27 21:34:17.292, 4, 76993 MiB, 100 %, 512.80 W, 1980 MHz
2026/09/27 21:34:17.292, 5, 76993 MiB, 100 %, 535.38 W, 1980 MHz
2026/09/27 21:34:17.293, 6, 76993 MiB, 100 %, 521.93 W, 1980 MHz
2026/09/27 21:34:17.293, 7, 76993 MiB, 100 %, 516.00 W, 1980 MHz
2026/09/27 21:34:18.294, 0, 76993 MiB, 100 %, 487.06 W, 1980 MHz
2026/09/27 21:34:18.295, 1, 76993 MiB, 100 %, 439.22 W, 1980 MHz
2026/09/27 21:34:18.296, 2, 76993 MiB, 100 %, 432.27 W, 1980 MHz
2026/09/27 21:34:18.296, 3, 76993 MiB, 100 %, 430.26 W, 1980 MHz
2026/09/27 21:34:18.297, 4, 76993 MiB, 100 %, 423.84 W, 1980 MHz
2026/09/27 21:34:18.298, 5, 76993 MiB, 100 %, 430.00 W, 1980 MHz
2026/09/27 21:34:18.298, 6, 76993 MiB, 100 %, 442.66 W, 1980 MHz
2026/09/27 21:34:18.299, 7, 76993 MiB, 100 %, 420.37 W, 1980 MHz
2026/09/27 21:34:19.299, 0, 76993 MiB, 100 %, 488.23 W, 1980 MHz
2026/09/27 21:34:19.300, 1, 76993 MiB, 100 %, 423.14 W, 1980 MHz
2026/09/27 21:34:19.301, 2, 76993 MiB, 100 %, 416.75 W, 1980 MHz
2026/09/27 21:34:19.302, 3, 76993 MiB, 100 %, 416.93 W, 1980 MHz
2026/09/27 21:34:19.302, 4, 76993 MiB, 100 %, 413.30 W, 1980 MHz
2026/09/27 21:34:19.303, 5, 76993 MiB, 100 %, 405.52 W, 1980 MHz
2026/09/27 21:34:19.304, 6, 76993 MiB, 100 %, 428.00 W, 1980 MHz
2026/09/27 21:34:19.304, 7, 76993 MiB, 100 %, 415.61 W, 1980 MHz
2026/09/27 21:34:20.305, 0, 76993 MiB, 100 %, 509.50 W, 1875 MHz
2026/09/27 21:34:20.306, 1, 76993 MiB, 100 %, 448.91 W, 1980 MHz
2026/09/27 21:34:20.306, 2, 76993 MiB, 100 %, 442.56 W, 1980 MHz
2026/09/27 21:34:20.307, 3, 76993 MiB, 100 %, 454.10 W, 1980 MHz
2026/09/27 21:34:20.308, 4, 76993 MiB, 100 %, 433.39 W, 1980 MHz
2026/09/27 21:34:20.308, 5, 76993 MiB, 100 %, 435.31 W, 1980 MHz
2026/09/27 21:34:20.309, 6, 76993 MiB, 100 %, 461.00 W, 1980 MHz
2026/09/27 21:34:20.310, 7, 76993 MiB, 100 %, 438.63 W, 1980 MHz
2026/09/27 21:34:21.310, 0, 76993 MiB, 100 %, 547.52 W, 1845 MHz
2026/09/27 21:34:21.311, 1, 76993 MiB, 100 %, 538.34 W, 1980 MHz
2026/09/27 21:34:21.312, 2, 76993 MiB, 100 %, 535.22 W, 1980 MHz
2026/09/27 21:34:21.312, 3, 76993 MiB, 100 %, 530.23 W, 1980 MHz
2026/09/27 21:34:21.313, 4, 76993 MiB, 100 %, 515.58 W, 1980 MHz
2026/09/27 21:34:21.314, 5, 76993 MiB, 100 %, 546.11 W, 1980 MHz
2026/09/27 21:34:21.314, 6, 76993 MiB, 100 %, 533.59 W, 1980 MHz
2026/09/27 21:34:21.315, 7, 76993 MiB, 100 %, 524.20 W, 1980 MHz
2026/09/27 21:34:22.316, 0, 76993 MiB, 100 %, 532.92 W, 1680 MHz
2026/09/27 21:34:22.317, 1, 76993 MiB, 100 %, 533.11 W, 1980 MHz
2026/09/27 21:34:22.317, 2, 76993 MiB, 100 %, 521.56 W, 1980 MHz
2026/09/27 21:34:22.318, 3, 76993 MiB, 100 %, 527.17 W, 1980 MHz
2026/09/27 21:34:22.319, 4, 76993 MiB, 100 %, 512.45 W, 1980 MHz
2026/09/27 21:34:22.319, 5, 76993 MiB, 100 %, 537.54 W, 1980 MHz
2026/09/27 21:34:22.320, 6, 76993 MiB, 100 %, 539.84 W, 1980 MHz
2026/09/27 21:34:22.321, 7, 76993 MiB, 100 %, 518.56 W, 1980 MHz
2026/09/27 21:34:23.321, 0, 76993 MiB, 100 %, 509.30 W, 1605 MHz
2026/09/27 21:34:23.322, 1, 76993 MiB, 100 %, 532.23 W, 1980 MHz
2026/09/27 21:34:23.323, 2, 76993 MiB, 100 %, 525.38 W, 1980 MHz
2026/09/27 21:34:23.323, 3, 76993 MiB, 100 %, 530.48 W, 1980 MHz
2026/09/27 21:34:23.324, 4, 76993 MiB, 100 %, 510.30 W, 1980 MHz
2026/09/27 21:34:23.325, 5, 76993 MiB, 100 %, 535.52 W, 1980 MHz
2026/09/27 21:34:23.325, 6, 76993 MiB, 100 %, 535.68 W, 1980 MHz
2026/09/27 21:34:23.326, 7, 76993 MiB, 100 %, 517.85 W, 1980 MHz
2026/09/27 21:34:24.327, 0, 76993 MiB, 100 %, 513.83 W, 1650 MHz
2026/09/27 21:34:24.328, 1, 76993 MiB, 100 %, 533.46 W, 1980 MHz
2026/09/27 21:34:24.328, 2, 76993 MiB, 100 %, 521.58 W, 1980 MHz
2026/09/27 21:34:24.329, 3, 76993 MiB, 100 %, 522.02 W, 1980 MHz
2026/09/27 21:34:24.330, 4, 76993 MiB, 100 %, 501.76 W, 1980 MHz
2026/09/27 21:34:24.330, 5, 76993 MiB, 100 %, 532.34 W, 1980 MHz
2026/09/27 21:34:24.331, 6, 76993 MiB, 100 %, 525.27 W, 1980 MHz
2026/09/27 21:34:24.331, 7, 76993 MiB, 100 %, 514.25 W, 1980 MHz
2026/09/27 21:34:25.332, 0, 76993 MiB, 100 %, 517.91 W, 1680 MHz
2026/09/27 21:34:25.333, 1, 76993 MiB, 100 %, 530.32 W, 1980 MHz
2026/09/27 21:34:25.334, 2, 76993 MiB, 100 %, 527.83 W, 1980 MHz
2026/09/27 21:34:25.334, 3, 76993 MiB, 100 %, 519.41 W, 1980 MHz
2026/09/27 21:34:25.335, 4, 76993 MiB, 100 %, 512.98 W, 1980 MHz
2026/09/27 21:34:25.336, 5, 76993 MiB, 100 %, 538.81 W, 1980 MHz
2026/09/27 21:34:25.336, 6, 76993 MiB, 100 %, 539.34 W, 1980 MHz
2026/09/27 21:34:25.337, 7, 76993 MiB, 100 %, 516.43 W, 1980 MHz
2026/09/27 21:34:26.337, 0, 76993 MiB, 100 %, 522.83 W, 1815 MHz
2026/09/27 21:34:26.338, 1, 76993 MiB, 100 %, 534.80 W, 1980 MHz
2026/09/27 21:34:26.339, 2, 76993 MiB, 100 %, 529.57 W, 1980 MHz
2026/09/27 21:34:26.340, 3, 76993 MiB, 100 %, 523.89 W, 1980 MHz
2026/09/27 21:34:26.340, 4, 76993 MiB, 100 %, 504.65 W, 1980 MHz
2026/09/27 21:34:26.341, 5, 76993 MiB, 100 %, 534.11 W, 1980 MHz
2026/09/27 21:34:26.341, 6, 76993 MiB, 100 %, 538.94 W, 1980 MHz
2026/09/27 21:34:26.342, 7, 76993 MiB, 100 %, 515.37 W, 1980 MHz
2026/09/27 21:34:27.343, 0, 76993 MiB, 100 %, 523.13 W, 1665 MHz
2026/09/27 21:34:27.344, 1, 76993 MiB, 100 %, 536.96 W, 1980 MHz
2026/09/27 21:34:27.344, 2, 76993 MiB, 100 %, 527.31 W, 1980 MHz
2026/09/27 21:34:27.345, 3, 76993 MiB, 100 %, 520.48 W, 1980 MHz
2026/09/27 21:34:27.345, 4, 76993 MiB, 100 %, 516.09 W, 1980 MHz
2026/09/27 21:34:27.346, 5, 76993 MiB, 100 %, 539.91 W, 1980 MHz
2026/09/27 21:34:27.347, 6, 76993 MiB, 100 %, 540.64 W, 1980 MHz
2026/09/27 21:34:27.347, 7, 76993 MiB, 100 %, 517.98 W, 1980 MHz
2026/09/27 21:34:28.348, 0, 76993 MiB, 100 %, 535.22 W, 1800 MHz
2026/09/27 21:34:28.349, 1, 76993 MiB, 100 %, 537.48 W, 1980 MHz
2026/09/27 21:34:28.350, 2, 76993 MiB, 100 %, 532.65 W, 1980 MHz
2026/09/27 21:34:28.350, 3, 76993 MiB, 100 %, 531.52 W, 1980 MHz
2026/09/27 21:34:28.351, 4, 76993 MiB, 100 %, 515.12 W, 1980 MHz
2026/09/27 21:34:28.351, 5, 76993 MiB, 100 %, 536.33 W, 1980 MHz
2026/09/27 21:34:28.352, 6, 76993 MiB, 100 %, 530.08 W, 1980 MHz
2026/09/27 21:34:28.353, 7, 76993 MiB, 100 %, 517.47 W, 1980 MHz
2026/09/27 21:34:29.353, 0, 76993 MiB, 100 %, 533.62 W, 1755 MHz
2026/09/27 21:34:29.354, 1, 76993 MiB, 100 %, 530.30 W, 1980 MHz
2026/09/27 21:34:29.355, 2, 76993 MiB, 100 %, 524.32 W, 1980 MHz
2026/09/27 21:34:29.355, 3, 76993 MiB, 100 %, 524.27 W, 1980 MHz
2026/09/27 21:34:29.356, 4, 76993 MiB, 100 %, 514.32 W, 1980 MHz
2026/09/27 21:34:29.357, 5, 76993 MiB, 100 %, 539.81 W, 1980 MHz
2026/09/27 21:34:29.357, 6, 76993 MiB, 100 %, 531.54 W, 1980 MHz
2026/09/27 21:34:29.358, 7, 76993 MiB, 100 %, 519.45 W, 1980 MHz
2026/09/27 21:34:30.359, 0, 76993 MiB, 100 %, 531.62 W, 1680 MHz
2026/09/27 21:34:30.360, 1, 76993 MiB, 100 %, 534.69 W, 1980 MHz
2026/09/27 21:34:30.360, 2, 76993 MiB, 100 %, 537.62 W, 1980 MHz
2026/09/27 21:34:30.361, 3, 76993 MiB, 100 %, 522.70 W, 1980 MHz
2026/09/27 21:34:30.362, 4, 76993 MiB, 100 %, 516.46 W, 1980 MHz
2026/09/27 21:34:30.362, 5, 76993 MiB, 100 %, 534.39 W, 1980 MHz
2026/09/27 21:34:30.363, 6, 76993 MiB, 100 %, 535.85 W, 1980 MHz
2026/09/27 21:34:30.364, 7, 76993 MiB, 100 %, 526.43 W, 1980 MHz
2026/09/27 21:34:31.364, 0, 76993 MiB, 100 %, 549.60 W, 1590 MHz
2026/09/27 21:34:31.365, 1, 76993 MiB, 100 %, 532.15 W, 1980 MHz
2026/09/27 21:34:31.366, 2, 76993 MiB, 100 %, 533.96 W, 1980 MHz
2026/09/27 21:34:31.367, 3, 76993 MiB, 100 %, 519.53 W, 1980 MHz
2026/09/27 21:34:31.367, 4, 76993 MiB, 100 %, 516.35 W, 1980 MHz
2026/09/27 21:34:31.368, 5, 76993 MiB, 100 %, 536.62 W, 1980 MHz
2026/09/27 21:34:31.368, 6, 76993 MiB, 100 %, 541.78 W, 1980 MHz
2026/09/27 21:34:31.369, 7, 76993 MiB, 100 %, 518.74 W, 1980 MHz
2026/09/27 21:34:32.370, 0, 76993 MiB, 100 %, 517.69 W, 1680 MHz
2026/09/27 21:34:32.371, 1, 76993 MiB, 100 %, 539.00 W, 1980 MHz
2026/09/27 21:34:32.371, 2, 76993 MiB, 100 %, 517.87 W, 1980 MHz
2026/09/27 21:34:32.372, 3, 76993 MiB, 100 %, 531.36 W, 1980 MHz
2026/09/27 21:34:32.373, 4, 76993 MiB, 100 %, 510.12 W, 1980 MHz
2026/09/27 21:34:32.373, 5, 76993 MiB, 100 %, 537.19 W, 1980 MHz
2026/09/27 21:34:32.374, 6, 76993 MiB, 100 %, 536.48 W, 1980 MHz
2026/09/27 21:34:32.375, 7, 76993 MiB, 100 %, 514.52 W, 1980 MHz
2026/09/27 21:34:33.375, 0, 76993 MiB, 100 %, 539.85 W, 1680 MHz
2026/09/27 21:34:33.376, 1, 76993 MiB, 100 %, 534.34 W, 1980 MHz
2026/09/27 21:34:33.377, 2, 76993 MiB, 100 %, 520.43 W, 1980 MHz
2026/09/27 21:34:33.378, 3, 76993 MiB, 100 %, 522.86 W, 1980 MHz
2026/09/27 21:34:33.378, 4, 76993 MiB, 100 %, 518.06 W, 1980 MHz
2026/09/27 21:34:33.379, 5, 76993 MiB, 100 %, 542.03 W, 1980 MHz
2026/09/27 21:34:33.379, 6, 76993 MiB, 100 %, 531.27 W, 1980 MHz
2026/09/27 21:34:33.380, 7, 76993 MiB, 100 %, 517.89 W, 1980 MHz
2026/09/27 21:34:34.381, 0, 76993 MiB, 100 %, 572.42 W, 1845 MHz
2026/09/27 21:34:34.382, 1, 76993 MiB, 100 %, 543.26 W, 1980 MHz
2026/09/27 21:34:34.382, 2, 76993 MiB, 100 %, 536.02 W, 1980 MHz
2026/09/27 21:34:34.383, 3, 76993 MiB, 100 %, 531.69 W, 1980 MHz
2026/09/27 21:34:34.383, 4, 76993 MiB, 100 %, 522.10 W, 1980 MHz
2026/09/27 21:34:34.384, 5, 76993 MiB, 100 %, 548.93 W, 1980 MHz
2026/09/27 21:34:34.385, 6, 76993 MiB, 100 %, 546.35 W, 1980 MHz
2026/09/27 21:34:34.385, 7, 76993 MiB, 100 %, 522.08 W, 1980 MHz
2026/09/27 21:34:35.386, 0, 76993 MiB, 100 %, 543.91 W, 1680 MHz
2026/09/27 21:34:35.387, 1, 76993 MiB, 100 %, 539.35 W, 1980 MHz
2026/09/27 21:34:35.388, 2, 76993 MiB, 100 %, 533.91 W, 1980 MHz
2026/09/27 21:34:35.388, 3, 76993 MiB, 100 %, 523.99 W, 1980 MHz
2026/09/27 21:34:35.389, 4, 76993 MiB, 100 %, 509.11 W, 1980 MHz
2026/09/27 21:34:35.389, 5, 76993 MiB, 100 %, 540.78 W, 1980 MHz
2026/09/27 21:34:35.390, 6, 76993 MiB, 100 %, 542.63 W, 1980 MHz
2026/09/27 21:34:35.391, 7, 76993 MiB, 100 %, 516.07 W, 1980 MHz
2026/09/27 21:34:36.391, 0, 76993 MiB, 100 %, 519.33 W, 1620 MHz
2026/09/27 21:34:36.392, 1, 76993 MiB, 100 %, 529.78 W, 1980 MHz
2026/09/27 21:34:36.393, 2, 76993 MiB, 100 %, 526.56 W, 1980 MHz
2026/09/27 21:34:36.394, 3, 76993 MiB, 100 %, 522.66 W, 1980 MHz
2026/09/27 21:34:36.394, 4, 76993 MiB, 100 %, 514.76 W, 1980 MHz
2026/09/27 21:34:36.395, 5, 76993 MiB, 100 %, 538.84 W, 1980 MHz
2026/09/27 21:34:36.395, 6, 76993 MiB, 100 %, 537.69 W, 1980 MHz
2026/09/27 21:34:36.396, 7, 76993 MiB, 100 %, 515.19 W, 1980 MHz
2026/09/27 21:34:37.397, 0, 76993 MiB, 100 %, 529.56 W, 1710 MHz
2026/09/27 21:34:37.398, 1, 76993 MiB, 100 %, 533.64 W, 1980 MHz
2026/09/27 21:34:37.398, 2, 76993 MiB, 100 %, 528.06 W, 1980 MHz
2026/09/27 21:34:37.399, 3, 76993 MiB, 100 %, 525.75 W, 1980 MHz
2026/09/27 21:34:37.400, 4, 76993 MiB, 100 %, 506.60 W, 1980 MHz
2026/09/27 21:34:37.400, 5, 76993 MiB, 100 %, 537.26 W, 1980 MHz
2026/09/27 21:34:37.401, 6, 76993 MiB, 100 %, 532.56 W, 1980 MHz
2026/09/27 21:34:37.401, 7, 76993 MiB, 100 %, 522.01 W, 1980 MHz
2026/09/27 21:34:38.402, 0, 76993 MiB, 100 %, 550.13 W, 1920 MHz
2026/09/27 21:34:38.403, 1, 76993 MiB, 100 %, 529.57 W, 1980 MHz
2026/09/27 21:34:38.403, 2, 76993 MiB, 100 %, 521.74 W, 1980 MHz
2026/09/27 21:34:38.404, 3, 76993 MiB, 100 %, 525.91 W, 1980 MHz
2026/09/27 21:34:38.405, 4, 76993 MiB, 100 %, 504.13 W, 1980 MHz
2026/09/27 21:34:38.405, 5, 76993 MiB, 100 %, 533.49 W, 1980 MHz
2026/09/27 21:34:38.406, 6, 76993 MiB, 100 %, 545.64 W, 1980 MHz
2026/09/27 21:34:38.407, 7, 76993 MiB, 100 %, 510.83 W, 1980 MHz
2026/09/27 21:34:39.407, 0, 76993 MiB, 100 %, 545.91 W, 1785 MHz
2026/09/27 21:34:39.408, 1, 76993 MiB, 100 %, 542.58 W, 1980 MHz
2026/09/27 21:34:39.409, 2, 76993 MiB, 100 %, 533.82 W, 1980 MHz
2026/09/27 21:34:39.410, 3, 76993 MiB, 100 %, 522.06 W, 1980 MHz
2026/09/27 21:34:39.410, 4, 76993 MiB, 100 %, 520.20 W, 1980 MHz
2026/09/27 21:34:39.411, 5, 76993 MiB, 100 %, 544.07 W, 1980 MHz
2026/09/27 21:34:39.412, 6, 76993 MiB, 100 %, 539.78 W, 1980 MHz
2026/09/27 21:34:39.412, 7, 76993 MiB, 100 %, 525.57 W, 1980 MHz
2026/09/27 21:34:40.413, 0, 76993 MiB, 100 %, 541.24 W, 1890 MHz
2026/09/27 21:34:40.414, 1, 76993 MiB, 100 %, 534.98 W, 1980 MHz
2026/09/27 21:34:40.414, 2, 76993 MiB, 100 %, 535.04 W, 1980 MHz
2026/09/27 21:34:40.415, 3, 76993 MiB, 100 %, 524.33 W, 1980 MHz
2026/09/27 21:34:40.416, 4, 76993 MiB, 100 %, 513.62 W, 1980 MHz
2026/09/27 21:34:40.416, 5, 76993 MiB, 100 %, 533.57 W, 1980 MHz
2026/09/27 21:34:40.417, 6, 76993 MiB, 100 %, 539.78 W, 1980 MHz
2026/09/27 21:34:40.418, 7, 76993 MiB, 100 %, 521.69 W, 1980 MHz
2026/09/27 21:34:41.418, 0, 76993 MiB, 100 %, 525.85 W, 1770 MHz
2026/09/27 21:34:41.419, 1, 76993 MiB, 100 %, 537.62 W, 1980 MHz
2026/09/27 21:34:41.420, 2, 76993 MiB, 100 %, 529.45 W, 1980 MHz
2026/09/27 21:34:41.421, 3, 76993 MiB, 100 %, 525.43 W, 1980 MHz
2026/09/27 21:34:41.421, 4, 76993 MiB, 100 %, 518.80 W, 1980 MHz
2026/09/27 21:34:41.422, 5, 76993 MiB, 100 %, 535.30 W, 1980 MHz
2026/09/27 21:34:41.422, 6, 76993 MiB, 100 %, 541.42 W, 1980 MHz
2026/09/27 21:34:41.423, 7, 76993 MiB, 100 %, 518.39 W, 1980 MHz
2026/09/27 21:34:42.424, 0, 76993 MiB, 100 %, 512.59 W, 1650 MHz
2026/09/27 21:34:42.424, 1, 76993 MiB, 100 %, 520.81 W, 1980 MHz
2026/09/27 21:34:42.425, 2, 76993 MiB, 100 %, 519.81 W, 1980 MHz
2026/09/27 21:34:42.426, 3, 76993 MiB, 100 %, 517.39 W, 1980 MHz
2026/09/27 21:34:42.426, 4, 76993 MiB, 100 %, 509.40 W, 1980 MHz
2026/09/27 21:34:42.427, 5, 76993 MiB, 100 %, 530.23 W, 1980 MHz
2026/09/27 21:34:42.428, 6, 76993 MiB, 100 %, 546.68 W, 1980 MHz
2026/09/27 21:34:42.428, 7, 76993 MiB, 100 %, 507.63 W, 1980 MHz
2026/09/27 21:34:43.429, 0, 76993 MiB, 100 %, 515.27 W, 1695 MHz
2026/09/27 21:34:43.430, 1, 76993 MiB, 100 %, 538.08 W, 1980 MHz
2026/09/27 21:34:43.430, 2, 76993 MiB, 100 %, 531.06 W, 1980 MHz
2026/09/27 21:34:43.431, 3, 76993 MiB, 100 %, 524.80 W, 1980 MHz
2026/09/27 21:34:43.432, 4, 76993 MiB, 100 %, 515.26 W, 1980 MHz
2026/09/27 21:34:43.432, 5, 76993 MiB, 100 %, 541.76 W, 1980 MHz
2026/09/27 21:34:43.433, 6, 76993 MiB, 100 %, 538.23 W, 1980 MHz
2026/09/27 21:34:43.433, 7, 76993 MiB, 100 %, 514.77 W, 1980 MHz
2026/09/27 21:34:44.434, 0, 76993 MiB, 100 %, 516.43 W, 1605 MHz
2026/09/27 21:34:44.435, 1, 76993 MiB, 100 %, 536.63 W, 1980 MHz
2026/09/27 21:34:44.435, 2, 76993 MiB, 100 %, 526.25 W, 1980 MHz
2026/09/27 21:34:44.436, 3, 76993 MiB, 100 %, 521.74 W, 1980 MHz
2026/09/27 21:34:44.436, 4, 76993 MiB, 100 %, 512.03 W, 1980 MHz
2026/09/27 21:34:44.437, 5, 76993 MiB, 100 %, 534.45 W, 1980 MHz
2026/09/27 21:34:44.438, 6, 76993 MiB, 100 %, 527.66 W, 1980 MHz
2026/09/27 21:34:44.438, 7, 76993 MiB, 100 %, 521.32 W, 1980 MHz
2026/09/27 21:34:45.439, 0, 76993 MiB, 100 %, 516.96 W, 1695 MHz
2026/09/27 21:34:45.440, 1, 76993 MiB, 100 %, 530.81 W, 1980 MHz
2026/09/27 21:34:45.441, 2, 76993 MiB, 100 %, 529.14 W, 1980 MHz
2026/09/27 21:34:45.441, 3, 76993 MiB, 100 %, 519.00 W, 1980 MHz
2026/09/27 21:34:45.442, 4, 76993 MiB, 100 %, 516.95 W, 1980 MHz
2026/09/27 21:34:45.442, 5, 76993 MiB, 100 %, 541.17 W, 1980 MHz
2026/09/27 21:34:45.443, 6, 76993 MiB, 100 %, 539.57 W, 1980 MHz
2026/09/27 21:34:45.444, 7, 76993 MiB, 100 %, 520.06 W, 1980 MHz
2026/09/27 21:34:46.444, 0, 76993 MiB, 100 %, 522.84 W, 1785 MHz
2026/09/27 21:34:46.445, 1, 76993 MiB, 100 %, 529.91 W, 1980 MHz
2026/09/27 21:34:46.446, 2, 76993 MiB, 100 %, 529.12 W, 1980 MHz
2026/09/27 21:34:46.446, 3, 76993 MiB, 100 %, 522.92 W, 1980 MHz
2026/09/27 21:34:46.447, 4, 76993 MiB, 100 %, 516.54 W, 1980 MHz
2026/09/27 21:34:46.448, 5, 76993 MiB, 100 %, 532.22 W, 1980 MHz
2026/09/27 21:34:46.448, 6, 76993 MiB, 100 %, 524.22 W, 1980 MHz
2026/09/27 21:34:46.449, 7, 76993 MiB, 100 %, 523.16 W, 1980 MHz
2026/09/27 21:34:47.449, 0, 76993 MiB, 100 %, 524.28 W, 1725 MHz
2026/09/27 21:34:47.450, 1, 76993 MiB, 100 %, 531.95 W, 1980 MHz
2026/09/27 21:34:47.451, 2, 76993 MiB, 100 %, 514.99 W, 1980 MHz
2026/09/27 21:34:47.452, 3, 76993 MiB, 100 %, 523.12 W, 1980 MHz
2026/09/27 21:34:47.452, 4, 76993 MiB, 100 %, 510.63 W, 1980 MHz
2026/09/27 21:34:47.453, 5, 76993 MiB, 100 %, 542.45 W, 1980 MHz
2026/09/27 21:34:47.454, 6, 76993 MiB, 100 %, 544.69 W, 1980 MHz
2026/09/27 21:34:47.454, 7, 76993 MiB, 100 %, 516.19 W, 1980 MHz
2026/09/27 21:34:48.455, 0, 76993 MiB, 100 %, 525.74 W, 1635 MHz
2026/09/27 21:34:48.456, 1, 76993 MiB, 100 %, 539.12 W, 1980 MHz
2026/09/27 21:34:48.456, 2, 76993 MiB, 100 %, 526.14 W, 1980 MHz
2026/09/27 21:34:48.457, 3, 76993 MiB, 100 %, 528.23 W, 1980 MHz
2026/09/27 21:34:48.458, 4, 76993 MiB, 100 %, 513.79 W, 1980 MHz
2026/09/27 21:34:48.458, 5, 76993 MiB, 100 %, 538.12 W, 1980 MHz
2026/09/27 21:34:48.459, 6, 76993 MiB, 100 %, 535.74 W, 1980 MHz
2026/09/27 21:34:48.459, 7, 76993 MiB, 100 %, 521.55 W, 1980 MHz
2026/09/27 21:34:49.460, 0, 76993 MiB, 100 %, 519.73 W, 1695 MHz
2026/09/27 21:34:49.461, 1, 76993 MiB, 100 %, 528.21 W, 1980 MHz
2026/09/27 21:34:49.461, 2, 76993 MiB, 100 %, 516.59 W, 1980 MHz
2026/09/27 21:34:49.462, 3, 76993 MiB, 100 %, 522.02 W, 1980 MHz
2026/09/27 21:34:49.463, 4, 76993 MiB, 100 %, 516.34 W, 1980 MHz
2026/09/27 21:34:49.463, 5, 76993 MiB, 100 %, 531.65 W, 1980 MHz
2026/09/27 21:34:49.464, 6, 76993 MiB, 100 %, 536.84 W, 1980 MHz
2026/09/27 21:34:49.464, 7, 76993 MiB, 100 %, 519.24 W, 1980 MHz
2026/09/27 21:34:50.465, 0, 76993 MiB, 100 %, 495.86 W, 1575 MHz
2026/09/27 21:34:50.466, 1, 76993 MiB, 100 %, 532.76 W, 1980 MHz
2026/09/27 21:34:50.466, 2, 76993 MiB, 100 %, 515.01 W, 1980 MHz
2026/09/27 21:34:50.467, 3, 76993 MiB, 100 %, 524.11 W, 1980 MHz
2026/09/27 21:34:50.468, 4, 76993 MiB, 100 %, 515.11 W, 1980 MHz
2026/09/27 21:34:50.468, 5, 76993 MiB, 100 %, 533.23 W, 1980 MHz
2026/09/27 21:34:50.469, 6, 76993 MiB, 100 %, 548.49 W, 1980 MHz
2026/09/27 21:34:50.469, 7, 76993 MiB, 100 %, 519.43 W, 1980 MHz
2026/09/27 21:34:51.470, 0, 76993 MiB, 100 %, 489.74 W, 1710 MHz
2026/09/27 21:34:51.472, 1, 76993 MiB, 100 %, 515.83 W, 1980 MHz
2026/09/27 21:34:51.473, 2, 76993 MiB, 100 %, 523.41 W, 1980 MHz
2026/09/27 21:34:51.474, 3, 76993 MiB, 100 %, 518.90 W, 1980 MHz
2026/09/27 21:34:51.475, 4, 76993 MiB, 100 %, 511.58 W, 1980 MHz
2026/09/27 21:34:51.475, 5, 76993 MiB, 100 %, 524.62 W, 1980 MHz
2026/09/27 21:34:51.476, 6, 76993 MiB, 100 %, 533.32 W, 1980 MHz
2026/09/27 21:34:51.477, 7, 76993 MiB, 100 %, 511.69 W, 1980 MHz
2026/09/27 21:34:52.477, 0, 76993 MiB, 100 %, 512.58 W, 1695 MHz
2026/09/27 21:34:52.478, 1, 76993 MiB, 100 %, 526.58 W, 1980 MHz
2026/09/27 21:34:52.479, 2, 76993 MiB, 100 %, 509.59 W, 1980 MHz
2026/09/27 21:34:52.480, 3, 76993 MiB, 100 %, 518.16 W, 1980 MHz
2026/09/27 21:34:52.480, 4, 76993 MiB, 100 %, 513.33 W, 1980 MHz
2026/09/27 21:34:52.481, 5, 76993 MiB, 100 %, 531.96 W, 1980 MHz
2026/09/27 21:34:52.481, 6, 76993 MiB, 100 %, 537.87 W, 1980 MHz
2026/09/27 21:34:52.482, 7, 76993 MiB, 100 %, 512.67 W, 1980 MHz
2026/09/27 21:34:53.483, 0, 76993 MiB, 100 %, 527.02 W, 1665 MHz
2026/09/27 21:34:53.484, 1, 76993 MiB, 100 %, 541.47 W, 1980 MHz
2026/09/27 21:34:53.484, 2, 76993 MiB, 100 %, 526.40 W, 1980 MHz
2026/09/27 21:34:53.485, 3, 76993 MiB, 100 %, 526.11 W, 1980 MHz
2026/09/27 21:34:53.485, 4, 76993 MiB, 100 %, 514.64 W, 1980 MHz
2026/09/27 21:34:53.486, 5, 76993 MiB, 100 %, 544.19 W, 1980 MHz
2026/09/27 21:34:53.487, 6, 76993 MiB, 100 %, 533.64 W, 1980 MHz
2026/09/27 21:34:53.487, 7, 76993 MiB, 100 %, 521.28 W, 1980 MHz
2026/09/27 21:34:54.488, 0, 76993 MiB, 100 %, 500.80 W, 1620 MHz
2026/09/27 21:34:54.489, 1, 76993 MiB, 100 %, 530.37 W, 1980 MHz
2026/09/27 21:34:54.489, 2, 76993 MiB, 100 %, 515.65 W, 1980 MHz
2026/09/27 21:34:54.490, 3, 76993 MiB, 100 %, 515.46 W, 1980 MHz
2026/09/27 21:34:54.491, 4, 76993 MiB, 100 %, 507.78 W, 1980 MHz
2026/09/27 21:34:54.491, 5, 76993 MiB, 100 %, 534.83 W, 1980 MHz
2026/09/27 21:34:54.492, 6, 76993 MiB, 100 %, 525.95 W, 1980 MHz
2026/09/27 21:34:54.492, 7, 76993 MiB, 100 %, 514.28 W, 1980 MHz
2026/09/27 21:34:55.493, 0, 76993 MiB, 100 %, 510.40 W, 1650 MHz
2026/09/27 21:34:55.494, 1, 76993 MiB, 100 %, 540.11 W, 1980 MHz
2026/09/27 21:34:55.495, 2, 76993 MiB, 100 %, 516.99 W, 1980 MHz
2026/09/27 21:34:55.496, 3, 76993 MiB, 100 %, 522.70 W, 1980 MHz
2026/09/27 21:34:55.496, 4, 76993 MiB, 100 %, 511.98 W, 1980 MHz
2026/09/27 21:34:55.497, 5, 76993 MiB, 100 %, 542.12 W, 1980 MHz
2026/09/27 21:34:55.497, 6, 76993 MiB, 100 %, 536.09 W, 1980 MHz
2026/09/27 21:34:55.498, 7, 76993 MiB, 100 %, 517.86 W, 1980 MHz
2026/09/27 21:34:56.499, 0, 76993 MiB, 100 %, 515.64 W, 1665 MHz
2026/09/27 21:34:56.500, 1, 76993 MiB, 100 %, 531.17 W, 1980 MHz
2026/09/27 21:34:56.500, 2, 76993 MiB, 100 %, 521.41 W, 1980 MHz
2026/09/27 21:34:56.501, 3, 76993 MiB, 100 %, 520.80 W, 1980 MHz
2026/09/27 21:34:56.502, 4, 76993 MiB, 100 %, 511.50 W, 1980 MHz
2026/09/27 21:34:56.502, 5, 76993 MiB, 100 %, 535.47 W, 1980 MHz
2026/09/27 21:34:56.503, 6, 76993 MiB, 100 %, 542.36 W, 1980 MHz
2026/09/27 21:34:56.503, 7, 76993 MiB, 100 %, 509.69 W, 1980 MHz
2026/09/27 21:34:57.504, 0, 76993 MiB, 100 %, 519.07 W, 1635 MHz
2026/09/27 21:34:57.505, 1, 76993 MiB, 100 %, 529.02 W, 1980 MHz
2026/09/27 21:34:57.505, 2, 76993 MiB, 100 %, 517.88 W, 1980 MHz
2026/09/27 21:34:57.506, 3, 76993 MiB, 100 %, 524.60 W, 1980 MHz
2026/09/27 21:34:57.507, 4, 76993 MiB, 100 %, 511.25 W, 1980 MHz
2026/09/27 21:34:57.507, 5, 76993 MiB, 100 %, 537.30 W, 1980 MHz
2026/09/27 21:34:57.508, 6, 76993 MiB, 100 %, 536.00 W, 1980 MHz
2026/09/27 21:34:57.508, 7, 76993 MiB, 100 %, 521.57 W, 1980 MHz
2026/09/27 21:34:58.509, 0, 76993 MiB, 100 %, 550.15 W, 1875 MHz
2026/09/27 21:34:58.510, 1, 76993 MiB, 100 %, 538.16 W, 1980 MHz
2026/09/27 21:34:58.511, 2, 76993 MiB, 100 %, 534.33 W, 1980 MHz
2026/09/27 21:34:58.511, 3, 76993 MiB, 100 %, 527.10 W, 1980 MHz
2026/09/27 21:34:58.512, 4, 76993 MiB, 100 %, 514.51 W, 1980 MHz
2026/09/27 21:34:58.513, 5, 76993 MiB, 100 %, 538.62 W, 1980 MHz
2026/09/27 21:34:58.513, 6, 76993 MiB, 100 %, 538.87 W, 1980 MHz
2026/09/27 21:34:58.514, 7, 76993 MiB, 100 %, 530.54 W, 1980 MHz
2026/09/27 21:34:59.514, 0, 76993 MiB, 100 %, 503.85 W, 1650 MHz
2026/09/27 21:34:59.515, 1, 76993 MiB, 100 %, 529.04 W, 1980 MHz
2026/09/27 21:34:59.516, 2, 76993 MiB, 100 %, 517.32 W, 1980 MHz
2026/09/27 21:34:59.516, 3, 76993 MiB, 100 %, 530.38 W, 1980 MHz
2026/09/27 21:34:59.517, 4, 76993 MiB, 100 %, 511.85 W, 1980 MHz
2026/09/27 21:34:59.517, 5, 76993 MiB, 100 %, 534.32 W, 1980 MHz
2026/09/27 21:34:59.518, 6, 76993 MiB, 100 %, 534.00 W, 1980 MHz
2026/09/27 21:34:59.519, 7, 76993 MiB, 100 %, 515.56 W, 1980 MHz
2026/09/27 21:35:00.519, 0, 76993 MiB, 100 %, 508.05 W, 1710 MHz
2026/09/27 21:35:00.520, 1, 76993 MiB, 100 %, 540.15 W, 1980 MHz
2026/09/27 21:35:00.521, 2, 76993 MiB, 100 %, 518.84 W, 1980 MHz
2026/09/27 21:35:00.522, 3, 76993 MiB, 100 %, 519.56 W, 1980 MHz
2026/09/27 21:35:00.522, 4, 76993 MiB, 100 %, 513.03 W, 1980 MHz
2026/09/27 21:35:00.523, 5, 76993 MiB, 100 %, 540.43 W, 1980 MHz
2026/09/27 21:35:00.523, 6, 76993 MiB, 100 %, 530.97 W, 1980 MHz
2026/09/27 21:35:00.524, 7, 76993 MiB, 100 %, 512.19 W, 1980 MHz
2026/09/27 21:35:01.525, 0, 76993 MiB, 100 %, 514.16 W, 1605 MHz
2026/09/27 21:35:01.526, 1, 76993 MiB, 100 %, 532.28 W, 1980 MHz
2026/09/27 21:35:01.526, 2, 76993 MiB, 100 %, 509.16 W, 1980 MHz
2026/09/27 21:35:01.527, 3, 76993 MiB, 100 %, 526.59 W, 1980 MHz
2026/09/27 21:35:01.527, 4, 76993 MiB, 100 %, 509.75 W, 1980 MHz
2026/09/27 21:35:01.528, 5, 76993 MiB, 100 %, 529.60 W, 1980 MHz
2026/09/27 21:35:01.529, 6, 76993 MiB, 100 %, 527.32 W, 1980 MHz
2026/09/27 21:35:01.529, 7, 76993 MiB, 100 %, 517.13 W, 1980 MHz
2026/09/27 21:35:02.530, 0, 76993 MiB, 100 %, 513.08 W, 1710 MHz
2026/09/27 21:35:02.531, 1, 76993 MiB, 100 %, 542.49 W, 1980 MHz
2026/09/27 21:35:02.531, 2, 76993 MiB, 100 %, 519.36 W, 1980 MHz
2026/09/27 21:35:02.532, 3, 76993 MiB, 100 %, 528.56 W, 1980 MHz
2026/09/27 21:35:02.533, 4, 76993 MiB, 100 %, 512.36 W, 1980 MHz
2026/09/27 21:35:02.533, 5, 76993 MiB, 100 %, 544.10 W, 1980 MHz
2026/09/27 21:35:02.534, 6, 76993 MiB, 100 %, 521.41 W, 1980 MHz
2026/09/27 21:35:02.535, 7, 76993 MiB, 100 %, 518.62 W, 1980 MHz
2026/09/27 21:35:03.535, 0, 76993 MiB, 100 %, 518.61 W, 1650 MHz
2026/09/27 21:35:03.536, 1, 76993 MiB, 100 %, 532.71 W, 1980 MHz
2026/09/27 21:35:03.537, 2, 76993 MiB, 100 %, 522.55 W, 1980 MHz
2026/09/27 21:35:03.538, 3, 76993 MiB, 100 %, 519.84 W, 1980 MHz
2026/09/27 21:35:03.538, 4, 76993 MiB, 100 %, 512.83 W, 1980 MHz
2026/09/27 21:35:03.539, 5, 76993 MiB, 100 %, 535.37 W, 1980 MHz
2026/09/27 21:35:03.539, 6, 76993 MiB, 100 %, 535.47 W, 1980 MHz
2026/09/27 21:35:03.540, 7, 76993 MiB, 100 %, 519.81 W, 1980 MHz
2026/09/27 21:35:04.541, 0, 76993 MiB, 100 %, 531.58 W, 1620 MHz
2026/09/27 21:35:04.541, 1, 76993 MiB, 100 %, 535.05 W, 1980 MHz
2026/09/27 21:35:04.542, 2, 76993 MiB, 100 %, 522.25 W, 1980 MHz
2026/09/27 21:35:04.543, 3, 76993 MiB, 100 %, 525.47 W, 1980 MHz
2026/09/27 21:35:04.543, 4, 76993 MiB, 100 %, 520.83 W, 1980 MHz
2026/09/27 21:35:04.544, 5, 76993 MiB, 100 %, 541.67 W, 1980 MHz
2026/09/27 21:35:04.544, 6, 76993 MiB, 100 %, 533.39 W, 1980 MHz
2026/09/27 21:35:04.545, 7, 76993 MiB, 100 %, 518.29 W, 1980 MHz
2026/09/27 21:35:05.546, 0, 76993 MiB, 100 %, 524.47 W, 1590 MHz
2026/09/27 21:35:05.547, 1, 76993 MiB, 100 %, 535.47 W, 1980 MHz
2026/09/27 21:35:05.547, 2, 76993 MiB, 100 %, 517.98 W, 1980 MHz
2026/09/27 21:35:05.548, 3, 76993 MiB, 100 %, 529.72 W, 1980 MHz
2026/09/27 21:35:05.549, 4, 76993 MiB, 100 %, 521.22 W, 1980 MHz
2026/09/27 21:35:05.549, 5, 76993 MiB, 100 %, 532.66 W, 1980 MHz
2026/09/27 21:35:05.550, 6, 76993 MiB, 100 %, 530.28 W, 1980 MHz
2026/09/27 21:35:05.550, 7, 76993 MiB, 100 %, 520.49 W, 1980 MHz
2026/09/27 21:35:06.551, 0, 76993 MiB, 100 %, 525.87 W, 1680 MHz
2026/09/27 21:35:06.553, 1, 76993 MiB, 100 %, 536.25 W, 1980 MHz
2026/09/27 21:35:06.554, 2, 76993 MiB, 100 %, 522.17 W, 1980 MHz
2026/09/27 21:35:06.555, 3, 76993 MiB, 100 %, 522.67 W, 1980 MHz
2026/09/27 21:35:06.558, 4, 76993 MiB, 100 %, 514.91 W, 1980 MHz
2026/09/27 21:35:06.559, 5, 76993 MiB, 100 %, 543.22 W, 1980 MHz
2026/09/27 21:35:06.560, 6, 76993 MiB, 100 %, 539.89 W, 1980 MHz
2026/09/27 21:35:06.563, 7, 76993 MiB, 100 %, 516.56 W, 1980 MHz
2026/09/27 21:35:07.564, 0, 76993 MiB, 100 %, 535.58 W, 1800 MHz
2026/09/27 21:35:07.565, 1, 76993 MiB, 100 %, 529.61 W, 1980 MHz
2026/09/27 21:35:07.565, 2, 76993 MiB, 100 %, 524.49 W, 1980 MHz
2026/09/27 21:35:07.566, 3, 76993 MiB, 100 %, 530.09 W, 1980 MHz
2026/09/27 21:35:07.567, 4, 76993 MiB, 100 %, 517.72 W, 1980 MHz
2026/09/27 21:35:07.567, 5, 76993 MiB, 100 %, 540.05 W, 1980 MHz
2026/09/27 21:35:07.568, 6, 76993 MiB, 100 %, 526.99 W, 1980 MHz
2026/09/27 21:35:07.568, 7, 76993 MiB, 100 %, 525.88 W, 1980 MHz
2026/09/27 21:35:08.569, 0, 76993 MiB, 100 %, 548.10 W, 1785 MHz
2026/09/27 21:35:08.570, 1, 76993 MiB, 100 %, 539.28 W, 1980 MHz
2026/09/27 21:35:08.571, 2, 76993 MiB, 100 %, 522.72 W, 1980 MHz
2026/09/27 21:35:08.571, 3, 76993 MiB, 100 %, 527.63 W, 1980 MHz
2026/09/27 21:35:08.572, 4, 76993 MiB, 100 %, 515.31 W, 1980 MHz
2026/09/27 21:35:08.572, 5, 76993 MiB, 100 %, 540.26 W, 1980 MHz
2026/09/27 21:35:08.573, 6, 76993 MiB, 100 %, 538.11 W, 1980 MHz
2026/09/27 21:35:08.574, 7, 76993 MiB, 100 %, 517.93 W, 1980 MHz
2026/09/27 21:35:09.574, 0, 76993 MiB, 100 %, 523.29 W, 1845 MHz
2026/09/27 21:35:09.575, 1, 76993 MiB, 100 %, 535.90 W, 1980 MHz
2026/09/27 21:35:09.576, 2, 76993 MiB, 100 %, 531.91 W, 1980 MHz
2026/09/27 21:35:09.576, 3, 76993 MiB, 100 %, 527.06 W, 1980 MHz
2026/09/27 21:35:09.577, 4, 76993 MiB, 100 %, 515.82 W, 1980 MHz
2026/09/27 21:35:09.578, 5, 76993 MiB, 100 %, 535.51 W, 1980 MHz
2026/09/27 21:35:09.578, 6, 76993 MiB, 100 %, 530.89 W, 1980 MHz
2026/09/27 21:35:09.579, 7, 76993 MiB, 100 %, 525.11 W, 1980 MHz
2026/09/27 21:35:10.579, 0, 76993 MiB, 100 %, 528.77 W, 1770 MHz
2026/09/27 21:35:10.580, 1, 76993 MiB, 100 %, 538.67 W, 1980 MHz
2026/09/27 21:35:10.581, 2, 76993 MiB, 100 %, 523.00 W, 1980 MHz
2026/09/27 21:35:10.582, 3, 76993 MiB, 100 %, 518.62 W, 1980 MHz
2026/09/27 21:35:10.582, 4, 76993 MiB, 100 %, 519.93 W, 1980 MHz
2026/09/27 21:35:10.583, 5, 76993 MiB, 100 %, 538.66 W, 1980 MHz
2026/09/27 21:35:10.584, 6, 76993 MiB, 100 %, 531.17 W, 1980 MHz
2026/09/27 21:35:10.584, 7, 76993 MiB, 100 %, 521.14 W, 1980 MHz
2026/09/27 21:35:11.585, 0, 76993 MiB, 100 %, 529.38 W, 1545 MHz
2026/09/27 21:35:11.586, 1, 76993 MiB, 100 %, 544.81 W, 1980 MHz
2026/09/27 21:35:11.587, 2, 76993 MiB, 100 %, 526.64 W, 1980 MHz
2026/09/27 21:35:11.588, 3, 76993 MiB, 100 %, 526.33 W, 1980 MHz
2026/09/27 21:35:11.588, 4, 76993 MiB, 100 %, 520.13 W, 1980 MHz
2026/09/27 21:35:11.589, 5, 76993 MiB, 100 %, 546.74 W, 1980 MHz
2026/09/27 21:35:11.590, 6, 76993 MiB, 100 %, 537.88 W, 1980 MHz
2026/09/27 21:35:11.590, 7, 76993 MiB, 100 %, 525.70 W, 1980 MHz
2026/09/27 21:35:12.591, 0, 76993 MiB, 100 %, 508.90 W, 1710 MHz
2026/09/27 21:35:12.592, 1, 76993 MiB, 100 %, 528.92 W, 1980 MHz
2026/09/27 21:35:12.592, 2, 76993 MiB, 100 %, 519.50 W, 1980 MHz
2026/09/27 21:35:12.593, 3, 76993 MiB, 100 %, 511.19 W, 1980 MHz
2026/09/27 21:35:12.594, 4, 76993 MiB, 100 %, 512.61 W, 1980 MHz
2026/09/27 21:35:12.594, 5, 76993 MiB, 100 %, 530.89 W, 1980 MHz
2026/09/27 21:35:12.595, 6, 76993 MiB, 100 %, 527.80 W, 1980 MHz
2026/09/27 21:35:12.595, 7, 76993 MiB, 100 %, 509.91 W, 1980 MHz
2026/09/27 21:35:13.596, 0, 76993 MiB, 100 %, 499.25 W, 1965 MHz
2026/09/27 21:35:13.597, 1, 76993 MiB, 100 %, 493.57 W, 1980 MHz
2026/09/27 21:35:13.598, 2, 76993 MiB, 100 %, 491.55 W, 1980 MHz
2026/09/27 21:35:13.598, 3, 76993 MiB, 100 %, 477.35 W, 1980 MHz
2026/09/27 21:35:13.599, 4, 76993 MiB, 100 %, 483.34 W, 1980 MHz
2026/09/27 21:35:13.600, 5, 76993 MiB, 100 %, 492.26 W, 1980 MHz
2026/09/27 21:35:13.600, 6, 76993 MiB, 100 %, 495.66 W, 1980 MHz
2026/09/27 21:35:13.601, 7, 76993 MiB, 100 %, 480.71 W, 1980 MHz
2026/09/27 21:35:14.601, 0, 76993 MiB, 100 %, 497.79 W, 1980 MHz
2026/09/27 21:35:14.602, 1, 76993 MiB, 100 %, 425.10 W, 1980 MHz
2026/09/27 21:35:14.603, 2, 76993 MiB, 100 %, 417.75 W, 1980 MHz
2026/09/27 21:35:14.604, 3, 76993 MiB, 100 %, 412.58 W, 1980 MHz
2026/09/27 21:35:14.604, 4, 76993 MiB, 100 %, 410.41 W, 1980 MHz
2026/09/27 21:35:14.605, 5, 76993 MiB, 100 %, 417.54 W, 1980 MHz
2026/09/27 21:35:14.605, 6, 76993 MiB, 100 %, 434.39 W, 1980 MHz
2026/09/27 21:35:14.606, 7, 76993 MiB, 100 %, 408.28 W, 1980 MHz
2026/09/27 21:35:15.606, 0, 76993 MiB, 100 %, 493.76 W, 1980 MHz
2026/09/27 21:35:15.607, 1, 76993 MiB, 100 %, 420.50 W, 1980 MHz
2026/09/27 21:35:15.608, 2, 76993 MiB, 100 %, 416.30 W, 1980 MHz
2026/09/27 21:35:15.609, 3, 76993 MiB, 100 %, 419.93 W, 1980 MHz
2026/09/27 21:35:15.609, 4, 76993 MiB, 100 %, 418.26 W, 1980 MHz
2026/09/27 21:35:15.610, 5, 76993 MiB, 100 %, 423.79 W, 1980 MHz
2026/09/27 21:35:15.610, 6, 76993 MiB, 100 %, 427.29 W, 1980 MHz
2026/09/27 21:35:15.611, 7, 76993 MiB, 100 %, 420.46 W, 1980 MHz
2026/09/27 21:35:16.611, 0, 76993 MiB, 100 %, 518.34 W, 1455 MHz
2026/09/27 21:35:16.613, 1, 76993 MiB, 100 %, 503.71 W, 1980 MHz
2026/09/27 21:35:16.613, 2, 76993 MiB, 100 %, 487.64 W, 1980 MHz
2026/09/27 21:35:16.614, 3, 76993 MiB, 100 %, 497.22 W, 1980 MHz
2026/09/27 21:35:16.615, 4, 76993 MiB, 100 %, 487.34 W, 1980 MHz
2026/09/27 21:35:16.615, 5, 76993 MiB, 100 %, 513.86 W, 1980 MHz
2026/09/27 21:35:16.616, 6, 76993 MiB, 100 %, 508.22 W, 1980 MHz
2026/09/27 21:35:16.616, 7, 76993 MiB, 100 %, 489.10 W, 1980 MHz
2026/09/27 21:35:17.617, 0, 76993 MiB, 100 %, 491.28 W, 1680 MHz
2026/09/27 21:35:17.618, 1, 76993 MiB, 100 %, 522.70 W, 1980 MHz
2026/09/27 21:35:17.619, 2, 76993 MiB, 100 %, 528.22 W, 1980 MHz
2026/09/27 21:35:17.619, 3, 76993 MiB, 100 %, 510.83 W, 1980 MHz
2026/09/27 21:35:17.620, 4, 76993 MiB, 100 %, 501.81 W, 1980 MHz
2026/09/27 21:35:17.621, 5, 76993 MiB, 100 %, 525.16 W, 1980 MHz
2026/09/27 21:35:17.621, 6, 76993 MiB, 100 %, 528.05 W, 1980 MHz
2026/09/27 21:35:17.622, 7, 76993 MiB, 100 %, 505.48 W, 1980 MHz
2026/09/27 21:35:18.622, 0, 76993 MiB, 100 %, 505.77 W, 1635 MHz
2026/09/27 21:35:18.623, 1, 76993 MiB, 100 %, 522.07 W, 1980 MHz
2026/09/27 21:35:18.624, 2, 76993 MiB, 100 %, 509.79 W, 1980 MHz
2026/09/27 21:35:18.624, 3, 76993 MiB, 100 %, 518.56 W, 1980 MHz
2026/09/27 21:35:18.625, 4, 76993 MiB, 100 %, 500.80 W, 1980 MHz
2026/09/27 21:35:18.626, 5, 76993 MiB, 100 %, 528.57 W, 1980 MHz
2026/09/27 21:35:18.626, 6, 76993 MiB, 100 %, 534.80 W, 1980 MHz
2026/09/27 21:35:18.627, 7, 76993 MiB, 100 %, 514.23 W, 1980 MHz
2026/09/27 21:35:19.628, 0, 76993 MiB, 100 %, 504.02 W, 1785 MHz
2026/09/27 21:35:19.628, 1, 76993 MiB, 100 %, 525.22 W, 1980 MHz
2026/09/27 21:35:19.629, 2, 76993 MiB, 100 %, 529.20 W, 1980 MHz
2026/09/27 21:35:19.630, 3, 76993 MiB, 100 %, 524.32 W, 1980 MHz
2026/09/27 21:35:19.631, 4, 76993 MiB, 100 %, 515.99 W, 1980 MHz
2026/09/27 21:35:19.631, 5, 76993 MiB, 100 %, 532.70 W, 1980 MHz
2026/09/27 21:35:19.632, 6, 76993 MiB, 100 %, 539.08 W, 1980 MHz
2026/09/27 21:35:19.632, 7, 76993 MiB, 100 %, 525.80 W, 1980 MHz
2026/09/27 21:35:20.633, 0, 76993 MiB, 100 %, 521.33 W, 1725 MHz
2026/09/27 21:35:20.634, 1, 76993 MiB, 100 %, 528.88 W, 1980 MHz
2026/09/27 21:35:20.634, 2, 76993 MiB, 100 %, 515.12 W, 1980 MHz
2026/09/27 21:35:20.635, 3, 76993 MiB, 100 %, 525.33 W, 1980 MHz
2026/09/27 21:35:20.635, 4, 76993 MiB, 100 %, 516.22 W, 1980 MHz
2026/09/27 21:35:20.636, 5, 76993 MiB, 100 %, 539.54 W, 1980 MHz
2026/09/27 21:35:20.637, 6, 76993 MiB, 100 %, 525.53 W, 1980 MHz
2026/09/27 21:35:20.637, 7, 76993 MiB, 100 %, 514.13 W, 1980 MHz
2026/09/27 21:35:21.638, 0, 76993 MiB, 100 %, 516.52 W, 1560 MHz
2026/09/27 21:35:21.639, 1, 76993 MiB, 100 %, 532.49 W, 1980 MHz
2026/09/27 21:35:21.640, 2, 76993 MiB, 100 %, 524.22 W, 1980 MHz
2026/09/27 21:35:21.640, 3, 76993 MiB, 100 %, 527.78 W, 1980 MHz
2026/09/27 21:35:21.641, 4, 76993 MiB, 100 %, 523.02 W, 1980 MHz
2026/09/27 21:35:21.641, 5, 76993 MiB, 100 %, 540.20 W, 1980 MHz
2026/09/27 21:35:21.642, 6, 76993 MiB, 100 %, 530.29 W, 1980 MHz
2026/09/27 21:35:21.643, 7, 76993 MiB, 100 %, 522.23 W, 1980 MHz
2026/09/27 21:35:22.643, 0, 76993 MiB, 100 %, 521.74 W, 1620 MHz
2026/09/27 21:35:22.644, 1, 76993 MiB, 100 %, 539.01 W, 1980 MHz
2026/09/27 21:35:22.645, 2, 76993 MiB, 100 %, 514.28 W, 1980 MHz
2026/09/27 21:35:22.646, 3, 76993 MiB, 100 %, 519.17 W, 1980 MHz
2026/09/27 21:35:22.646, 4, 76993 MiB, 100 %, 509.55 W, 1980 MHz
2026/09/27 21:35:22.647, 5, 76993 MiB, 100 %, 536.03 W, 1980 MHz
2026/09/27 21:35:22.648, 6, 76993 MiB, 100 %, 524.75 W, 1980 MHz
2026/09/27 21:35:22.648, 7, 76993 MiB, 100 %, 518.97 W, 1980 MHz
2026/09/27 21:35:23.649, 0, 76993 MiB, 100 %, 504.36 W, 1680 MHz
2026/09/27 21:35:23.650, 1, 76993 MiB, 100 %, 526.93 W, 1980 MHz
2026/09/27 21:35:23.650, 2, 76993 MiB, 100 %, 522.91 W, 1980 MHz
2026/09/27 21:35:23.651, 3, 76993 MiB, 100 %, 508.24 W, 1980 MHz
2026/09/27 21:35:23.651, 4, 76993 MiB, 100 %, 514.05 W, 1980 MHz
2026/09/27 21:35:23.652, 5, 76993 MiB, 100 %, 533.45 W, 1980 MHz
2026/09/27 21:35:23.653, 6, 76993 MiB, 100 %, 524.30 W, 1980 MHz
2026/09/27 21:35:23.653, 7, 76993 MiB, 100 %, 518.00 W, 1980 MHz
2026/09/27 21:35:24.654, 0, 76993 MiB, 100 %, 503.49 W, 1665 MHz
2026/09/27 21:35:24.655, 1, 76993 MiB, 100 %, 534.47 W, 1980 MHz
2026/09/27 21:35:24.656, 2, 76993 MiB, 100 %, 522.48 W, 1980 MHz
2026/09/27 21:35:24.656, 3, 76993 MiB, 100 %, 510.11 W, 1980 MHz
2026/09/27 21:35:24.657, 4, 76993 MiB, 100 %, 513.23 W, 1980 MHz
2026/09/27 21:35:24.657, 5, 76993 MiB, 100 %, 534.06 W, 1980 MHz
2026/09/27 21:35:24.658, 6, 76993 MiB, 100 %, 522.15 W, 1980 MHz
2026/09/27 21:35:24.658, 7, 76993 MiB, 100 %, 516.50 W, 1980 MHz
2026/09/27 21:35:25.659, 0, 76993 MiB, 100 %, 501.32 W, 1785 MHz
2026/09/27 21:35:25.660, 1, 76993 MiB, 100 %, 517.28 W, 1980 MHz
2026/09/27 21:35:25.661, 2, 76993 MiB, 100 %, 514.92 W, 1980 MHz
2026/09/27 21:35:25.661, 3, 76993 MiB, 100 %, 515.54 W, 1980 MHz
2026/09/27 21:35:25.662, 4, 76993 MiB, 100 %, 509.45 W, 1980 MHz
2026/09/27 21:35:25.662, 5, 76993 MiB, 100 %, 530.32 W, 1980 MHz
2026/09/27 21:35:25.663, 6, 76993 MiB, 100 %, 524.60 W, 1980 MHz
2026/09/27 21:35:25.664, 7, 76993 MiB, 100 %, 509.43 W, 1980 MHz
2026/09/27 21:35:26.664, 0, 76993 MiB, 100 %, 585.63 W, 1815 MHz
2026/09/27 21:35:26.665, 1, 76993 MiB, 100 %, 544.34 W, 1980 MHz
2026/09/27 21:35:26.666, 2, 76993 MiB, 100 %, 543.14 W, 1980 MHz
2026/09/27 21:35:26.667, 3, 76993 MiB, 100 %, 532.54 W, 1980 MHz
2026/09/27 21:35:26.667, 4, 76993 MiB, 100 %, 526.60 W, 1980 MHz
2026/09/27 21:35:26.668, 5, 76993 MiB, 100 %, 547.44 W, 1980 MHz
2026/09/27 21:35:26.669, 6, 76993 MiB, 100 %, 538.80 W, 1980 MHz
2026/09/27 21:35:26.669, 7, 76993 MiB, 100 %, 534.61 W, 1980 MHz
2026/09/27 21:35:27.670, 0, 76993 MiB, 100 %, 509.38 W, 1680 MHz
2026/09/27 21:35:27.671, 1, 76993 MiB, 100 %, 522.01 W, 1980 MHz
2026/09/27 21:35:27.672, 2, 76993 MiB, 100 %, 514.59 W, 1980 MHz
2026/09/27 21:35:27.672, 3, 76993 MiB, 100 %, 520.72 W, 1980 MHz
2026/09/27 21:35:27.673, 4, 76993 MiB, 100 %, 511.10 W, 1980 MHz
2026/09/27 21:35:27.674, 5, 76993 MiB, 100 %, 534.17 W, 1980 MHz
2026/09/27 21:35:27.674, 6, 76993 MiB, 100 %, 531.30 W, 1980 MHz
2026/09/27 21:35:27.675, 7, 76993 MiB, 100 %, 519.72 W, 1980 MHz
2026/09/27 21:35:28.675, 0, 76993 MiB, 100 %, 567.82 W, 1725 MHz
2026/09/27 21:35:28.676, 1, 76993 MiB, 100 %, 542.02 W, 1980 MHz
2026/09/27 21:35:28.677, 2, 76993 MiB, 100 %, 526.83 W, 1980 MHz
2026/09/27 21:35:28.677, 3, 76993 MiB, 100 %, 538.91 W, 1980 MHz
2026/09/27 21:35:28.678, 4, 76993 MiB, 100 %, 527.84 W, 1980 MHz
2026/09/27 21:35:28.679, 5, 76993 MiB, 100 %, 545.44 W, 1980 MHz
2026/09/27 21:35:28.679, 6, 76993 MiB, 100 %, 536.70 W, 1980 MHz
2026/09/27 21:35:28.680, 7, 76993 MiB, 100 %, 531.11 W, 1980 MHz
2026/09/27 21:35:29.680, 0, 76993 MiB, 100 %, 515.01 W, 1605 MHz
2026/09/27 21:35:29.681, 1, 76993 MiB, 100 %, 528.17 W, 1980 MHz
2026/09/27 21:35:29.682, 2, 76993 MiB, 100 %, 519.86 W, 1980 MHz
2026/09/27 21:35:29.682, 3, 76993 MiB, 100 %, 525.94 W, 1980 MHz
2026/09/27 21:35:29.683, 4, 76993 MiB, 100 %, 508.46 W, 1980 MHz
2026/09/27 21:35:29.684, 5, 76993 MiB, 100 %, 534.46 W, 1980 MHz
2026/09/27 21:35:29.684, 6, 76993 MiB, 100 %, 521.25 W, 1980 MHz
2026/09/27 21:35:29.685, 7, 76993 MiB, 100 %, 508.12 W, 1980 MHz
2026/09/27 21:35:30.685, 0, 76993 MiB, 100 %, 480.24 W, 1620 MHz
2026/09/27 21:35:30.686, 1, 76993 MiB, 100 %, 525.16 W, 1980 MHz
2026/09/27 21:35:30.687, 2, 76993 MiB, 100 %, 513.74 W, 1980 MHz
2026/09/27 21:35:30.687, 3, 76993 MiB, 100 %, 520.46 W, 1980 MHz
2026/09/27 21:35:30.688, 4, 76993 MiB, 100 %, 515.27 W, 1980 MHz
2026/09/27 21:35:30.689, 5, 76993 MiB, 100 %, 523.83 W, 1980 MHz
2026/09/27 21:35:30.689, 6, 76993 MiB, 100 %, 530.56 W, 1980 MHz
2026/09/27 21:35:30.690, 7, 76993 MiB, 100 %, 515.32 W, 1980 MHz
2026/09/27 21:35:31.690, 0, 76993 MiB, 100 %, 496.73 W, 1740 MHz
2026/09/27 21:35:31.691, 1, 76993 MiB, 100 %, 529.21 W, 1980 MHz
2026/09/27 21:35:31.692, 2, 76993 MiB, 100 %, 526.39 W, 1980 MHz
2026/09/27 21:35:31.693, 3, 76993 MiB, 100 %, 519.41 W, 1980 MHz
2026/09/27 21:35:31.693, 4, 76993 MiB, 100 %, 515.83 W, 1980 MHz
2026/09/27 21:35:31.694, 5, 76993 MiB, 100 %, 524.75 W, 1980 MHz
2026/09/27 21:35:31.694, 6, 76993 MiB, 100 %, 536.83 W, 1980 MHz
2026/09/27 21:35:31.695, 7, 76993 MiB, 100 %, 518.06 W, 1980 MHz
2026/09/27 21:35:32.696, 0, 76993 MiB, 100 %, 507.32 W, 1680 MHz
2026/09/27 21:35:32.697, 1, 76993 MiB, 100 %, 522.73 W, 1980 MHz
2026/09/27 21:35:32.697, 2, 76993 MiB, 100 %, 511.42 W, 1980 MHz
2026/09/27 21:35:32.698, 3, 76993 MiB, 100 %, 524.11 W, 1980 MHz
2026/09/27 21:35:32.699, 4, 76993 MiB, 100 %, 513.10 W, 1980 MHz
2026/09/27 21:35:32.699, 5, 76993 MiB, 100 %, 529.50 W, 1980 MHz
2026/09/27 21:35:32.700, 6, 76993 MiB, 100 %, 530.15 W, 1980 MHz
2026/09/27 21:35:32.700, 7, 76993 MiB, 100 %, 510.72 W, 1980 MHz
2026/09/27 21:35:33.701, 0, 76993 MiB, 100 %, 528.83 W, 1800 MHz
2026/09/27 21:35:33.702, 1, 76993 MiB, 100 %, 538.14 W, 1980 MHz
2026/09/27 21:35:33.702, 2, 76993 MiB, 100 %, 530.42 W, 1980 MHz
2026/09/27 21:35:33.703, 3, 76993 MiB, 100 %, 518.40 W, 1980 MHz
2026/09/27 21:35:33.704, 4, 76993 MiB, 100 %, 513.72 W, 1980 MHz
2026/09/27 21:35:33.704, 5, 76993 MiB, 100 %, 538.91 W, 1980 MHz
2026/09/27 21:35:33.705, 6, 76993 MiB, 100 %, 530.51 W, 1980 MHz
2026/09/27 21:35:33.705, 7, 76993 MiB, 100 %, 526.13 W, 1980 MHz
2026/09/27 21:35:34.706, 0, 76993 MiB, 100 %, 514.58 W, 1650 MHz
2026/09/27 21:35:34.707, 1, 76993 MiB, 100 %, 522.13 W, 1980 MHz
2026/09/27 21:35:34.707, 2, 76993 MiB, 100 %, 512.12 W, 1980 MHz
2026/09/27 21:35:34.708, 3, 76993 MiB, 100 %, 520.51 W, 1980 MHz
2026/09/27 21:35:34.709, 4, 76993 MiB, 100 %, 495.76 W, 1980 MHz
2026/09/27 21:35:34.709, 5, 76993 MiB, 100 %, 526.09 W, 1980 MHz
2026/09/27 21:35:34.710, 6, 76993 MiB, 100 %, 528.80 W, 1980 MHz
2026/09/27 21:35:34.710, 7, 76993 MiB, 100 %, 509.90 W, 1980 MHz
2026/09/27 21:35:35.711, 0, 76993 MiB, 100 %, 492.95 W, 1560 MHz
2026/09/27 21:35:35.712, 1, 76993 MiB, 100 %, 529.54 W, 1980 MHz
2026/09/27 21:35:35.712, 2, 76993 MiB, 100 %, 521.27 W, 1980 MHz
2026/09/27 21:35:35.713, 3, 76993 MiB, 100 %, 513.53 W, 1980 MHz
2026/09/27 21:35:35.714, 4, 76993 MiB, 100 %, 515.21 W, 1980 MHz
2026/09/27 21:35:35.714, 5, 76993 MiB, 100 %, 538.21 W, 1980 MHz
2026/09/27 21:35:35.715, 6, 76993 MiB, 100 %, 524.39 W, 1980 MHz
2026/09/27 21:35:35.715, 7, 76993 MiB, 100 %, 513.52 W, 1980 MHz
2026/09/27 21:35:36.716, 0, 76993 MiB, 100 %, 506.74 W, 1695 MHz
2026/09/27 21:35:36.717, 1, 76993 MiB, 100 %, 538.77 W, 1980 MHz
2026/09/27 21:35:36.718, 2, 76993 MiB, 100 %, 528.23 W, 1980 MHz
2026/09/27 21:35:36.718, 3, 76993 MiB, 100 %, 522.32 W, 1980 MHz
2026/09/27 21:35:36.719, 4, 76993 MiB, 100 %, 507.23 W, 1980 MHz
2026/09/27 21:35:36.719, 5, 76993 MiB, 100 %, 538.39 W, 1980 MHz
2026/09/27 21:35:36.720, 6, 76993 MiB, 100 %, 526.99 W, 1980 MHz
2026/09/27 21:35:36.721, 7, 76993 MiB, 100 %, 516.98 W, 1980 MHz
2026/09/27 21:35:37.721, 0, 76993 MiB, 100 %, 509.69 W, 1605 MHz
2026/09/27 21:35:37.722, 1, 76993 MiB, 100 %, 528.10 W, 1980 MHz
2026/09/27 21:35:37.722, 2, 76993 MiB, 100 %, 522.12 W, 1980 MHz
2026/09/27 21:35:37.723, 3, 76993 MiB, 100 %, 511.68 W, 1980 MHz
2026/09/27 21:35:37.724, 4, 76993 MiB, 100 %, 510.26 W, 1980 MHz
2026/09/27 21:35:37.724, 5, 76993 MiB, 100 %, 534.56 W, 1980 MHz
2026/09/27 21:35:37.725, 6, 76993 MiB, 100 %, 533.01 W, 1980 MHz
2026/09/27 21:35:37.725, 7, 76993 MiB, 100 %, 514.32 W, 1980 MHz
2026/09/27 21:35:38.726, 0, 76993 MiB, 100 %, 509.61 W, 1770 MHz
2026/09/27 21:35:38.727, 1, 76993 MiB, 100 %, 541.32 W, 1980 MHz
2026/09/27 21:35:38.727, 2, 76993 MiB, 100 %, 524.19 W, 1980 MHz
2026/09/27 21:35:38.728, 3, 76993 MiB, 100 %, 522.28 W, 1980 MHz
2026/09/27 21:35:38.728, 4, 76993 MiB, 100 %, 517.06 W, 1980 MHz
2026/09/27 21:35:38.729, 5, 76993 MiB, 100 %, 538.72 W, 1980 MHz
2026/09/27 21:35:38.730, 6, 76993 MiB, 100 %, 526.21 W, 1980 MHz
2026/09/27 21:35:38.730, 7, 76993 MiB, 100 %, 523.21 W, 1980 MHz
2026/09/27 21:35:39.731, 0, 76993 MiB, 100 %, 500.07 W, 1665 MHz
2026/09/27 21:35:39.732, 1, 76993 MiB, 100 %, 519.58 W, 1980 MHz
2026/09/27 21:35:39.732, 2, 76993 MiB, 100 %, 514.92 W, 1980 MHz
2026/09/27 21:35:39.733, 3, 76993 MiB, 100 %, 522.18 W, 1980 MHz
2026/09/27 21:35:39.733, 4, 76993 MiB, 100 %, 507.66 W, 1980 MHz
2026/09/27 21:35:39.734, 5, 76993 MiB, 100 %, 523.39 W, 1980 MHz
2026/09/27 21:35:39.734, 6, 76993 MiB, 100 %, 538.60 W, 1980 MHz
2026/09/27 21:35:39.735, 7, 76993 MiB, 100 %, 511.16 W, 1980 MHz
2026/09/27 21:35:40.736, 0, 76993 MiB, 100 %, 511.10 W, 1620 MHz
2026/09/27 21:35:40.736, 1, 76993 MiB, 100 %, 541.89 W, 1980 MHz
2026/09/27 21:35:40.737, 2, 76993 MiB, 100 %, 514.34 W, 1980 MHz
2026/09/27 21:35:40.738, 3, 76993 MiB, 100 %, 522.06 W, 1980 MHz
2026/09/27 21:35:40.738, 4, 76993 MiB, 100 %, 510.59 W, 1980 MHz
2026/09/27 21:35:40.739, 5, 76993 MiB, 100 %, 535.57 W, 1980 MHz
2026/09/27 21:35:40.739, 6, 76993 MiB, 100 %, 522.44 W, 1980 MHz
2026/09/27 21:35:40.740, 7, 76993 MiB, 100 %, 518.09 W, 1980 MHz
2026/09/27 21:35:41.740, 0, 76993 MiB, 100 %, 504.15 W, 1800 MHz
2026/09/27 21:35:41.742, 1, 76993 MiB, 100 %, 534.39 W, 1980 MHz
2026/09/27 21:35:41.742, 2, 76993 MiB, 100 %, 513.91 W, 1980 MHz
2026/09/27 21:35:41.743, 3, 76993 MiB, 100 %, 521.96 W, 1980 MHz
2026/09/27 21:35:41.744, 4, 76993 MiB, 100 %, 515.26 W, 1980 MHz
2026/09/27 21:35:41.744, 5, 76993 MiB, 100 %, 529.25 W, 1980 MHz
2026/09/27 21:35:41.745, 6, 76993 MiB, 100 %, 531.01 W, 1980 MHz
2026/09/27 21:35:41.745, 7, 76993 MiB, 100 %, 518.39 W, 1980 MHz
2026/09/27 21:35:42.746, 0, 76993 MiB, 100 %, 512.18 W, 1710 MHz
2026/09/27 21:35:42.747, 1, 76993 MiB, 100 %, 533.51 W, 1980 MHz
2026/09/27 21:35:42.748, 2, 76993 MiB, 100 %, 515.62 W, 1980 MHz
2026/09/27 21:35:42.748, 3, 76993 MiB, 100 %, 521.82 W, 1980 MHz
2026/09/27 21:35:42.749, 4, 76993 MiB, 100 %, 512.45 W, 1980 MHz
2026/09/27 21:35:42.749, 5, 76993 MiB, 100 %, 536.52 W, 1980 MHz
2026/09/27 21:35:42.750, 6, 76993 MiB, 100 %, 531.55 W, 1980 MHz
2026/09/27 21:35:42.751, 7, 76993 MiB, 100 %, 512.08 W, 1980 MHz
2026/09/27 21:35:43.751, 0, 76993 MiB, 100 %, 508.80 W, 1800 MHz
2026/09/27 21:35:43.752, 1, 76993 MiB, 100 %, 545.19 W, 1980 MHz
2026/09/27 21:35:43.753, 2, 76993 MiB, 100 %, 520.44 W, 1980 MHz
2026/09/27 21:35:43.753, 3, 76993 MiB, 100 %, 527.96 W, 1980 MHz
2026/09/27 21:35:43.754, 4, 76993 MiB, 100 %, 512.46 W, 1980 MHz
2026/09/27 21:35:43.754, 5, 76993 MiB, 100 %, 542.84 W, 1980 MHz
2026/09/27 21:35:43.755, 6, 76993 MiB, 100 %, 529.04 W, 1980 MHz
2026/09/27 21:35:43.756, 7, 76993 MiB, 100 %, 519.61 W, 1980 MHz
2026/09/27 21:35:44.756, 0, 76993 MiB, 100 %, 507.05 W, 1680 MHz
2026/09/27 21:35:44.757, 1, 76993 MiB, 100 %, 525.43 W, 1980 MHz
2026/09/27 21:35:44.758, 2, 76993 MiB, 100 %, 509.44 W, 1980 MHz
2026/09/27 21:35:44.758, 3, 76993 MiB, 100 %, 520.82 W, 1980 MHz
2026/09/27 21:35:44.759, 4, 76993 MiB, 100 %, 507.45 W, 1980 MHz
2026/09/27 21:35:44.760, 5, 76993 MiB, 100 %, 536.32 W, 1980 MHz
2026/09/27 21:35:44.760, 6, 76993 MiB, 100 %, 529.39 W, 1980 MHz
2026/09/27 21:35:44.761, 7, 76993 MiB, 100 %, 510.28 W, 1980 MHz
2026/09/27 21:35:45.761, 0, 76993 MiB, 100 %, 516.75 W, 1740 MHz
2026/09/27 21:35:45.762, 1, 76993 MiB, 100 %, 540.00 W, 1980 MHz
2026/09/27 21:35:45.763, 2, 76993 MiB, 100 %, 523.41 W, 1980 MHz
2026/09/27 21:35:45.763, 3, 76993 MiB, 100 %, 520.14 W, 1980 MHz
2026/09/27 21:35:45.764, 4, 76993 MiB, 100 %, 512.42 W, 1980 MHz
2026/09/27 21:35:45.764, 5, 76993 MiB, 100 %, 541.24 W, 1980 MHz
2026/09/27 21:35:45.765, 6, 76993 MiB, 100 %, 536.39 W, 1980 MHz
2026/09/27 21:35:45.765, 7, 76993 MiB, 100 %, 524.43 W, 1980 MHz
2026/09/27 21:35:46.766, 0, 76993 MiB, 100 %, 481.96 W, 1725 MHz
2026/09/27 21:35:46.767, 1, 76993 MiB, 100 %, 523.84 W, 1980 MHz
2026/09/27 21:35:46.768, 2, 76993 MiB, 100 %, 513.15 W, 1980 MHz
2026/09/27 21:35:46.768, 3, 76993 MiB, 100 %, 512.64 W, 1980 MHz
2026/09/27 21:35:46.769, 4, 76993 MiB, 100 %, 508.93 W, 1980 MHz
2026/09/27 21:35:46.769, 5, 76993 MiB, 100 %, 530.38 W, 1980 MHz
2026/09/27 21:35:46.770, 6, 76993 MiB, 100 %, 523.58 W, 1980 MHz
2026/09/27 21:35:46.770, 7, 76993 MiB, 100 %, 517.82 W, 1980 MHz
2026/09/27 21:35:47.771, 0, 76993 MiB, 100 %, 492.57 W, 1620 MHz
2026/09/27 21:35:47.772, 1, 76993 MiB, 100 %, 528.85 W, 1980 MHz
2026/09/27 21:35:47.773, 2, 76993 MiB, 100 %, 517.93 W, 1980 MHz
2026/09/27 21:35:47.773, 3, 76993 MiB, 100 %, 510.55 W, 1980 MHz
2026/09/27 21:35:47.774, 4, 76993 MiB, 100 %, 509.02 W, 1980 MHz
2026/09/27 21:35:47.775, 5, 76993 MiB, 100 %, 533.18 W, 1980 MHz
2026/09/27 21:35:47.775, 6, 76993 MiB, 100 %, 530.70 W, 1980 MHz
2026/09/27 21:35:47.776, 7, 76993 MiB, 100 %, 512.21 W, 1980 MHz
2026/09/27 21:35:48.776, 0, 76993 MiB, 100 %, 514.33 W, 1755 MHz
2026/09/27 21:35:48.777, 1, 76993 MiB, 100 %, 535.19 W, 1980 MHz
2026/09/27 21:35:48.778, 2, 76993 MiB, 100 %, 526.20 W, 1980 MHz
2026/09/27 21:35:48.779, 3, 76993 MiB, 100 %, 522.05 W, 1980 MHz
2026/09/27 21:35:48.779, 4, 76993 MiB, 100 %, 513.64 W, 1980 MHz
2026/09/27 21:35:48.780, 5, 76993 MiB, 100 %, 541.53 W, 1980 MHz
2026/09/27 21:35:48.780, 6, 76993 MiB, 100 %, 528.67 W, 1980 MHz
2026/09/27 21:35:48.781, 7, 76993 MiB, 100 %, 516.81 W, 1980 MHz
2026/09/27 21:35:49.781, 0, 76993 MiB, 100 %, 511.66 W, 1665 MHz
2026/09/27 21:35:49.782, 1, 76993 MiB, 100 %, 535.16 W, 1980 MHz
2026/09/27 21:35:49.783, 2, 76993 MiB, 100 %, 512.45 W, 1980 MHz
2026/09/27 21:35:49.784, 3, 76993 MiB, 100 %, 521.52 W, 1980 MHz
2026/09/27 21:35:49.784, 4, 76993 MiB, 100 %, 512.40 W, 1980 MHz
2026/09/27 21:35:49.785, 5, 76993 MiB, 100 %, 538.41 W, 1980 MHz
2026/09/27 21:35:49.785, 6, 76993 MiB, 100 %, 527.55 W, 1980 MHz
2026/09/27 21:35:49.786, 7, 76993 MiB, 100 %, 516.50 W, 1980 MHz
2026/09/27 21:35:50.787, 0, 76993 MiB, 100 %, 512.11 W, 1650 MHz
2026/09/27 21:35:50.788, 1, 76993 MiB, 100 %, 540.43 W, 1980 MHz
2026/09/27 21:35:50.788, 2, 76993 MiB, 100 %, 524.62 W, 1980 MHz
2026/09/27 21:35:50.789, 3, 76993 MiB, 100 %, 523.52 W, 1980 MHz
2026/09/27 21:35:50.790, 4, 76993 MiB, 100 %, 512.31 W, 1980 MHz
2026/09/27 21:35:50.790, 5, 76993 MiB, 100 %, 539.72 W, 1980 MHz
2026/09/27 21:35:50.791, 6, 76993 MiB, 100 %, 531.73 W, 1980 MHz
2026/09/27 21:35:50.791, 7, 76993 MiB, 100 %, 521.55 W, 1980 MHz
2026/09/27 21:35:51.792, 0, 76993 MiB, 100 %, 505.61 W, 1620 MHz
2026/09/27 21:35:51.793, 1, 76993 MiB, 100 %, 524.68 W, 1980 MHz
2026/09/27 21:35:51.794, 2, 76993 MiB, 100 %, 517.73 W, 1980 MHz
2026/09/27 21:35:51.794, 3, 76993 MiB, 100 %, 522.06 W, 1980 MHz
2026/09/27 21:35:51.795, 4, 76993 MiB, 100 %, 511.62 W, 1980 MHz
2026/09/27 21:35:51.796, 5, 76993 MiB, 100 %, 541.10 W, 1980 MHz
2026/09/27 21:35:51.796, 6, 76993 MiB, 100 %, 523.52 W, 1980 MHz
2026/09/27 21:35:51.797, 7, 76993 MiB, 100 %, 511.67 W, 1980 MHz
2026/09/27 21:35:52.797, 0, 76993 MiB, 100 %, 515.53 W, 1635 MHz
2026/09/27 21:35:52.799, 1, 76993 MiB, 100 %, 538.05 W, 1980 MHz
2026/09/27 21:35:52.799, 2, 76993 MiB, 100 %, 524.38 W, 1980 MHz
2026/09/27 21:35:52.800, 3, 76993 MiB, 100 %, 526.54 W, 1980 MHz
2026/09/27 21:35:52.800, 4, 76993 MiB, 100 %, 516.51 W, 1980 MHz
2026/09/27 21:35:52.801, 5, 76993 MiB, 100 %, 541.51 W, 1980 MHz
2026/09/27 21:35:52.802, 6, 76993 MiB, 100 %, 534.56 W, 1980 MHz
2026/09/27 21:35:52.802, 7, 76993 MiB, 100 %, 521.99 W, 1980 MHz
2026/09/27 21:35:53.803, 0, 76993 MiB, 100 %, 548.99 W, 1875 MHz
2026/09/27 21:35:53.804, 1, 76993 MiB, 100 %, 531.16 W, 1980 MHz
2026/09/27 21:35:53.804, 2, 76993 MiB, 100 %, 528.09 W, 1980 MHz
2026/09/27 21:35:53.805, 3, 76993 MiB, 100 %, 528.46 W, 1980 MHz
2026/09/27 21:35:53.806, 4, 76993 MiB, 100 %, 506.71 W, 1980 MHz
2026/09/27 21:35:53.806, 5, 76993 MiB, 100 %, 540.41 W, 1980 MHz
2026/09/27 21:35:53.807, 6, 76993 MiB, 100 %, 530.85 W, 1980 MHz
2026/09/27 21:35:53.808, 7, 76993 MiB, 100 %, 522.43 W, 1980 MHz
2026/09/27 21:35:54.808, 0, 76993 MiB, 100 %, 530.18 W, 1620 MHz
2026/09/27 21:35:54.809, 1, 76993 MiB, 100 %, 526.88 W, 1980 MHz
2026/09/27 21:35:54.810, 2, 76993 MiB, 100 %, 523.57 W, 1980 MHz
2026/09/27 21:35:54.811, 3, 76993 MiB, 100 %, 520.38 W, 1980 MHz
2026/09/27 21:35:54.811, 4, 76993 MiB, 100 %, 514.13 W, 1980 MHz
2026/09/27 21:35:54.812, 5, 76993 MiB, 100 %, 533.88 W, 1980 MHz
2026/09/27 21:35:54.812, 6, 76993 MiB, 100 %, 532.04 W, 1980 MHz
2026/09/27 21:35:54.813, 7, 76993 MiB, 100 %, 519.51 W, 1980 MHz
2026/09/27 21:35:55.814, 0, 76993 MiB, 100 %, 476.54 W, 1500 MHz
2026/09/27 21:35:55.814, 1, 76993 MiB, 100 %, 527.89 W, 1980 MHz
2026/09/27 21:35:55.815, 2, 76993 MiB, 100 %, 515.73 W, 1980 MHz
2026/09/27 21:35:55.816, 3, 76993 MiB, 100 %, 522.01 W, 1980 MHz
2026/09/27 21:35:55.816, 4, 76993 MiB, 100 %, 511.75 W, 1980 MHz
2026/09/27 21:35:55.817, 5, 76993 MiB, 100 %, 530.84 W, 1980 MHz
2026/09/27 21:35:55.817, 6, 76993 MiB, 100 %, 532.54 W, 1980 MHz
2026/09/27 21:35:55.818, 7, 76993 MiB, 100 %, 515.38 W, 1980 MHz
2026/09/27 21:35:56.818, 0, 76993 MiB, 100 %, 508.66 W, 1680 MHz
2026/09/27 21:35:56.820, 1, 76993 MiB, 100 %, 520.96 W, 1980 MHz
2026/09/27 21:35:56.820, 2, 76993 MiB, 100 %, 509.32 W, 1980 MHz
2026/09/27 21:35:56.821, 3, 76993 MiB, 100 %, 519.89 W, 1980 MHz
2026/09/27 21:35:56.821, 4, 76993 MiB, 100 %, 505.54 W, 1980 MHz
2026/09/27 21:35:56.822, 5, 76993 MiB, 100 %, 531.80 W, 1980 MHz
2026/09/27 21:35:56.823, 6, 76993 MiB, 100 %, 532.54 W, 1980 MHz
2026/09/27 21:35:56.823, 7, 76993 MiB, 100 %, 508.19 W, 1980 MHz
2026/09/27 21:35:57.824, 0, 76993 MiB, 100 %, 510.31 W, 1710 MHz
2026/09/27 21:35:57.825, 1, 76993 MiB, 100 %, 537.70 W, 1980 MHz
2026/09/27 21:35:57.825, 2, 76993 MiB, 100 %, 528.87 W, 1980 MHz
2026/09/27 21:35:57.826, 3, 76993 MiB, 100 %, 524.94 W, 1980 MHz
2026/09/27 21:35:57.827, 4, 76993 MiB, 100 %, 511.26 W, 1980 MHz
2026/09/27 21:35:57.827, 5, 76993 MiB, 100 %, 540.07 W, 1980 MHz
2026/09/27 21:35:57.828, 6, 76993 MiB, 100 %, 531.11 W, 1980 MHz
2026/09/27 21:35:57.828, 7, 76993 MiB, 100 %, 523.99 W, 1980 MHz
2026/09/27 21:35:58.829, 0, 76993 MiB, 100 %, 517.74 W, 1680 MHz
2026/09/27 21:35:58.830, 1, 76993 MiB, 100 %, 535.97 W, 1980 MHz
2026/09/27 21:35:58.831, 2, 76993 MiB, 100 %, 525.58 W, 1980 MHz
2026/09/27 21:35:58.831, 3, 76993 MiB, 100 %, 519.97 W, 1980 MHz
2026/09/27 21:35:58.832, 4, 76993 MiB, 100 %, 507.57 W, 1980 MHz
2026/09/27 21:35:58.832, 5, 76993 MiB, 100 %, 538.59 W, 1980 MHz
2026/09/27 21:35:58.833, 6, 76993 MiB, 100 %, 521.21 W, 1980 MHz
2026/09/27 21:35:58.833, 7, 76993 MiB, 100 %, 510.43 W, 1980 MHz
2026/09/27 21:35:59.834, 0, 76993 MiB, 100 %, 537.83 W, 1875 MHz
2026/09/27 21:35:59.835, 1, 76993 MiB, 100 %, 543.92 W, 1980 MHz
2026/09/27 21:35:59.836, 2, 76993 MiB, 100 %, 527.28 W, 1980 MHz
2026/09/27 21:35:59.837, 3, 76993 MiB, 100 %, 523.06 W, 1980 MHz
2026/09/27 21:35:59.837, 4, 76993 MiB, 100 %, 523.14 W, 1980 MHz
2026/09/27 21:35:59.838, 5, 76993 MiB, 100 %, 546.69 W, 1980 MHz
2026/09/27 21:35:59.838, 6, 76993 MiB, 100 %, 536.74 W, 1980 MHz
2026/09/27 21:35:59.839, 7, 76993 MiB, 100 %, 523.22 W, 1980 MHz
2026/09/27 21:36:00.839, 0, 76993 MiB, 100 %, 534.44 W, 1710 MHz
2026/09/27 21:36:00.840, 1, 76993 MiB, 100 %, 531.65 W, 1980 MHz
2026/09/27 21:36:00.841, 2, 76993 MiB, 100 %, 528.93 W, 1980 MHz
2026/09/27 21:36:00.841, 3, 76993 MiB, 100 %, 527.45 W, 1980 MHz
2026/09/27 21:36:00.842, 4, 76993 MiB, 100 %, 515.51 W, 1980 MHz
2026/09/27 21:36:00.843, 5, 76993 MiB, 100 %, 531.52 W, 1980 MHz
2026/09/27 21:36:00.843, 6, 76993 MiB, 100 %, 533.16 W, 1980 MHz
2026/09/27 21:36:00.844, 7, 76993 MiB, 100 %, 529.56 W, 1980 MHz
2026/09/27 21:36:01.844, 0, 76993 MiB, 100 %, 494.91 W, 1605 MHz
2026/09/27 21:36:01.845, 1, 76993 MiB, 100 %, 524.08 W, 1980 MHz
2026/09/27 21:36:01.846, 2, 76993 MiB, 100 %, 516.82 W, 1980 MHz
2026/09/27 21:36:01.847, 3, 76993 MiB, 100 %, 506.74 W, 1980 MHz
2026/09/27 21:36:01.847, 4, 76993 MiB, 100 %, 508.47 W, 1980 MHz
2026/09/27 21:36:01.848, 5, 76993 MiB, 100 %, 538.04 W, 1980 MHz
2026/09/27 21:36:01.848, 6, 76993 MiB, 100 %, 522.93 W, 1980 MHz
2026/09/27 21:36:01.849, 7, 76993 MiB, 100 %, 510.60 W, 1980 MHz
2026/09/27 21:36:02.850, 0, 76993 MiB, 100 %, 506.06 W, 1770 MHz
2026/09/27 21:36:02.850, 1, 76993 MiB, 100 %, 545.47 W, 1980 MHz
2026/09/27 21:36:02.851, 2, 76993 MiB, 100 %, 520.59 W, 1980 MHz
2026/09/27 21:36:02.852, 3, 76993 MiB, 100 %, 525.58 W, 1980 MHz
2026/09/27 21:36:02.853, 4, 76993 MiB, 100 %, 509.92 W, 1980 MHz
2026/09/27 21:36:02.853, 5, 76993 MiB, 100 %, 539.76 W, 1980 MHz
2026/09/27 21:36:02.854, 6, 76993 MiB, 100 %, 519.84 W, 1980 MHz
2026/09/27 21:36:02.854, 7, 76993 MiB, 100 %, 518.37 W, 1980 MHz
2026/09/27 21:36:03.855, 0, 76993 MiB, 100 %, 519.34 W, 1710 MHz
2026/09/27 21:36:03.856, 1, 76993 MiB, 100 %, 527.16 W, 1980 MHz
2026/09/27 21:36:03.857, 2, 76993 MiB, 100 %, 519.42 W, 1980 MHz
2026/09/27 21:36:03.857, 3, 76993 MiB, 100 %, 519.27 W, 1980 MHz
2026/09/27 21:36:03.858, 4, 76993 MiB, 100 %, 518.20 W, 1980 MHz
2026/09/27 21:36:03.858, 5, 76993 MiB, 100 %, 537.00 W, 1980 MHz
2026/09/27 21:36:03.859, 6, 76993 MiB, 100 %, 528.40 W, 1980 MHz
2026/09/27 21:36:03.860, 7, 76993 MiB, 100 %, 517.67 W, 1980 MHz
2026/09/27 21:36:04.860, 0, 76993 MiB, 100 %, 522.29 W, 1725 MHz
2026/09/27 21:36:04.861, 1, 76993 MiB, 100 %, 545.91 W, 1980 MHz
2026/09/27 21:36:04.862, 2, 76993 MiB, 100 %, 529.78 W, 1980 MHz
2026/09/27 21:36:04.862, 3, 76993 MiB, 100 %, 523.44 W, 1980 MHz
2026/09/27 21:36:04.863, 4, 76993 MiB, 100 %, 516.58 W, 1980 MHz
2026/09/27 21:36:04.864, 5, 76993 MiB, 100 %, 543.71 W, 1980 MHz
2026/09/27 21:36:04.864, 6, 76993 MiB, 100 %, 529.84 W, 1980 MHz
2026/09/27 21:36:04.865, 7, 76993 MiB, 100 %, 523.18 W, 1980 MHz
2026/09/27 21:36:05.865, 0, 76993 MiB, 100 %, 531.39 W, 1725 MHz
2026/09/27 21:36:05.866, 1, 76993 MiB, 100 %, 535.78 W, 1980 MHz
2026/09/27 21:36:05.867, 2, 76993 MiB, 100 %, 519.89 W, 1980 MHz
2026/09/27 21:36:05.868, 3, 76993 MiB, 100 %, 527.78 W, 1980 MHz
2026/09/27 21:36:05.868, 4, 76993 MiB, 100 %, 506.49 W, 1980 MHz
2026/09/27 21:36:05.869, 5, 76993 MiB, 100 %, 536.88 W, 1980 MHz
2026/09/27 21:36:05.869, 6, 76993 MiB, 100 %, 524.53 W, 1980 MHz
2026/09/27 21:36:05.870, 7, 76993 MiB, 100 %, 516.47 W, 1980 MHz
2026/09/27 21:36:06.871, 0, 76993 MiB, 100 %, 535.57 W, 1755 MHz
2026/09/27 21:36:06.872, 1, 76993 MiB, 100 %, 532.17 W, 1980 MHz
2026/09/27 21:36:06.872, 2, 76993 MiB, 100 %, 525.81 W, 1980 MHz
2026/09/27 21:36:06.873, 3, 76993 MiB, 100 %, 526.31 W, 1980 MHz
2026/09/27 21:36:06.874, 4, 76993 MiB, 100 %, 520.40 W, 1980 MHz
2026/09/27 21:36:06.874, 5, 76993 MiB, 100 %, 537.58 W, 1980 MHz
2026/09/27 21:36:06.875, 6, 76993 MiB, 100 %, 535.97 W, 1980 MHz
2026/09/27 21:36:06.876, 7, 76993 MiB, 100 %, 518.83 W, 1980 MHz
2026/09/27 21:36:07.876, 0, 76993 MiB, 100 %, 533.43 W, 1755 MHz
2026/09/27 21:36:07.877, 1, 76993 MiB, 100 %, 534.40 W, 1980 MHz
2026/09/27 21:36:07.878, 2, 76993 MiB, 100 %, 522.30 W, 1980 MHz
2026/09/27 21:36:07.878, 3, 76993 MiB, 100 %, 524.34 W, 1980 MHz
2026/09/27 21:36:07.879, 4, 76993 MiB, 100 %, 514.46 W, 1980 MHz
2026/09/27 21:36:07.879, 5, 76993 MiB, 100 %, 537.03 W, 1980 MHz
2026/09/27 21:36:07.880, 6, 76993 MiB, 100 %, 531.90 W, 1980 MHz
2026/09/27 21:36:07.881, 7, 76993 MiB, 100 %, 521.37 W, 1980 MHz
2026/09/27 21:36:08.881, 0, 76993 MiB, 100 %, 534.11 W, 1740 MHz
2026/09/27 21:36:08.882, 1, 76993 MiB, 100 %, 539.41 W, 1980 MHz
2026/09/27 21:36:08.883, 2, 76993 MiB, 100 %, 532.75 W, 1980 MHz
2026/09/27 21:36:08.883, 3, 76993 MiB, 100 %, 525.50 W, 1980 MHz
2026/09/27 21:36:08.884, 4, 76993 MiB, 100 %, 517.49 W, 1980 MHz
2026/09/27 21:36:08.884, 5, 76993 MiB, 100 %, 546.44 W, 1980 MHz
2026/09/27 21:36:08.885, 6, 76993 MiB, 100 %, 539.65 W, 1980 MHz
2026/09/27 21:36:08.886, 7, 76993 MiB, 100 %, 520.91 W, 1980 MHz
2026/09/27 21:36:09.886, 0, 76993 MiB, 100 %, 508.00 W, 1980 MHz
2026/09/27 21:36:09.887, 1, 76993 MiB, 100 %, 476.32 W, 1980 MHz
2026/09/27 21:36:09.888, 2, 76993 MiB, 100 %, 476.75 W, 1980 MHz
2026/09/27 21:36:09.889, 3, 76993 MiB, 100 %, 472.77 W, 1980 MHz
2026/09/27 21:36:09.889, 4, 76993 MiB, 100 %, 472.74 W, 1980 MHz
2026/09/27 21:36:09.890, 5, 76993 MiB, 100 %, 471.05 W, 1980 MHz
2026/09/27 21:36:09.890, 6, 76993 MiB, 100 %, 474.58 W, 1980 MHz
2026/09/27 21:36:09.891, 7, 76993 MiB, 100 %, 459.20 W, 1980 MHz
2026/09/27 21:36:10.892, 0, 76993 MiB, 100 %, 485.75 W, 1980 MHz
2026/09/27 21:36:10.892, 1, 76993 MiB, 100 %, 416.39 W, 1980 MHz
2026/09/27 21:36:10.893, 2, 76993 MiB, 100 %, 422.23 W, 1980 MHz
2026/09/27 21:36:10.893, 3, 76993 MiB, 100 %, 419.32 W, 1980 MHz
2026/09/27 21:36:10.894, 4, 76993 MiB, 100 %, 409.32 W, 1980 MHz
2026/09/27 21:36:10.895, 5, 76993 MiB, 100 %, 409.66 W, 1980 MHz
2026/09/27 21:36:10.895, 6, 76993 MiB, 100 %, 426.45 W, 1980 MHz
2026/09/27 21:36:10.896, 7, 76993 MiB, 100 %, 403.59 W, 1980 MHz
2026/09/27 21:36:11.896, 0, 76993 MiB, 100 %, 491.83 W, 1980 MHz
2026/09/27 21:36:11.897, 1, 76993 MiB, 100 %, 416.52 W, 1980 MHz
2026/09/27 21:36:11.898, 2, 76993 MiB, 100 %, 425.43 W, 1980 MHz
2026/09/27 21:36:11.899, 3, 76993 MiB, 100 %, 417.27 W, 1980 MHz
2026/09/27 21:36:11.899, 4, 76993 MiB, 100 %, 409.24 W, 1980 MHz
2026/09/27 21:36:11.900, 5, 76993 MiB, 100 %, 410.42 W, 1980 MHz
2026/09/27 21:36:11.900, 6, 76993 MiB, 100 %, 429.22 W, 1980 MHz
2026/09/27 21:36:11.901, 7, 76993 MiB, 100 %, 398.25 W, 1980 MHz
2026/09/27 21:36:12.902, 0, 76993 MiB, 100 %, 526.81 W, 1890 MHz
2026/09/27 21:36:12.902, 1, 76993 MiB, 100 %, 516.17 W, 1980 MHz
2026/09/27 21:36:12.903, 2, 76993 MiB, 100 %, 514.29 W, 1980 MHz
2026/09/27 21:36:12.904, 3, 76993 MiB, 100 %, 510.14 W, 1980 MHz
2026/09/27 21:36:12.904, 4, 76993 MiB, 100 %, 506.08 W, 1980 MHz
2026/09/27 21:36:12.905, 5, 76993 MiB, 100 %, 526.86 W, 1980 MHz
2026/09/27 21:36:12.906, 6, 76993 MiB, 100 %, 521.75 W, 1980 MHz
2026/09/27 21:36:12.906, 7, 76993 MiB, 100 %, 511.76 W, 1980 MHz
2026/09/27 21:36:13.907, 0, 76993 MiB, 100 %, 529.58 W, 1725 MHz
2026/09/27 21:36:13.908, 1, 76993 MiB, 100 %, 531.09 W, 1980 MHz
2026/09/27 21:36:13.909, 2, 76993 MiB, 100 %, 523.63 W, 1980 MHz
2026/09/27 21:36:13.909, 3, 76993 MiB, 100 %, 525.57 W, 1980 MHz
2026/09/27 21:36:13.910, 4, 76993 MiB, 100 %, 516.04 W, 1980 MHz
2026/09/27 21:36:13.910, 5, 76993 MiB, 100 %, 533.77 W, 1980 MHz
2026/09/27 21:36:13.911, 6, 76993 MiB, 100 %, 540.35 W, 1980 MHz
2026/09/27 21:36:13.912, 7, 76993 MiB, 100 %, 523.22 W, 1980 MHz
2026/09/27 21:36:14.912, 0, 76993 MiB, 100 %, 519.15 W, 1770 MHz
2026/09/27 21:36:14.913, 1, 76993 MiB, 100 %, 531.29 W, 1980 MHz
2026/09/27 21:36:14.914, 2, 76993 MiB, 100 %, 529.73 W, 1980 MHz
2026/09/27 21:36:14.915, 3, 76993 MiB, 100 %, 517.71 W, 1980 MHz
2026/09/27 21:36:14.915, 4, 76993 MiB, 100 %, 522.61 W, 1980 MHz
2026/09/27 21:36:14.916, 5, 76993 MiB, 100 %, 539.62 W, 1980 MHz
2026/09/27 21:36:14.916, 6, 76993 MiB, 100 %, 535.44 W, 1980 MHz
2026/09/27 21:36:14.917, 7, 76993 MiB, 100 %, 519.37 W, 1980 MHz
2026/09/27 21:36:15.917, 0, 76993 MiB, 100 %, 516.14 W, 1725 MHz
2026/09/27 21:36:15.918, 1, 76993 MiB, 100 %, 533.68 W, 1980 MHz
2026/09/27 21:36:15.919, 2, 76993 MiB, 100 %, 512.46 W, 1980 MHz
2026/09/27 21:36:15.921, 3, 76993 MiB, 100 %, 520.45 W, 1980 MHz
2026/09/27 21:36:15.922, 4, 76993 MiB, 100 %, 508.91 W, 1980 MHz
2026/09/27 21:36:15.922, 5, 76993 MiB, 100 %, 533.02 W, 1980 MHz
2026/09/27 21:36:15.923, 6, 76993 MiB, 100 %, 537.66 W, 1980 MHz
2026/09/27 21:36:15.926, 7, 76993 MiB, 100 %, 509.51 W, 1980 MHz
2026/09/27 21:36:16.926, 0, 76993 MiB, 100 %, 514.93 W, 1785 MHz
2026/09/27 21:36:16.927, 1, 76993 MiB, 100 %, 532.85 W, 1980 MHz
2026/09/27 21:36:16.928, 2, 76993 MiB, 100 %, 517.68 W, 1980 MHz
2026/09/27 21:36:16.928, 3, 76993 MiB, 100 %, 516.58 W, 1980 MHz
2026/09/27 21:36:16.929, 4, 76993 MiB, 100 %, 513.95 W, 1980 MHz
2026/09/27 21:36:16.930, 5, 76993 MiB, 100 %, 538.12 W, 1980 MHz
2026/09/27 21:36:16.930, 6, 76993 MiB, 100 %, 532.59 W, 1980 MHz
2026/09/27 21:36:16.931, 7, 76993 MiB, 100 %, 516.29 W, 1980 MHz
2026/09/27 21:36:17.932, 0, 76993 MiB, 100 %, 522.73 W, 1800 MHz
2026/09/27 21:36:17.933, 1, 76993 MiB, 100 %, 533.35 W, 1980 MHz
2026/09/27 21:36:17.933, 2, 76993 MiB, 100 %, 518.91 W, 1980 MHz
2026/09/27 21:36:17.934, 3, 76993 MiB, 100 %, 526.15 W, 1980 MHz
2026/09/27 21:36:17.935, 4, 76993 MiB, 100 %, 504.05 W, 1980 MHz
2026/09/27 21:36:17.935, 5, 76993 MiB, 100 %, 540.69 W, 1980 MHz
2026/09/27 21:36:17.936, 6, 76993 MiB, 100 %, 534.64 W, 1980 MHz
2026/09/27 21:36:17.936, 7, 76993 MiB, 100 %, 513.21 W, 1980 MHz
2026/09/27 21:36:18.937, 0, 76993 MiB, 100 %, 519.31 W, 1560 MHz
2026/09/27 21:36:18.938, 1, 76993 MiB, 100 %, 530.55 W, 1980 MHz
2026/09/27 21:36:18.939, 2, 76993 MiB, 100 %, 512.12 W, 1980 MHz
2026/09/27 21:36:18.939, 3, 76993 MiB, 100 %, 523.50 W, 1980 MHz
2026/09/27 21:36:18.940, 4, 76993 MiB, 100 %, 514.32 W, 1980 MHz
2026/09/27 21:36:18.941, 5, 76993 MiB, 100 %, 537.22 W, 1980 MHz
2026/09/27 21:36:18.941, 6, 76993 MiB, 100 %, 540.36 W, 1980 MHz
2026/09/27 21:36:18.942, 7, 76993 MiB, 100 %, 519.61 W, 1980 MHz
2026/09/27 21:36:19.942, 0, 76993 MiB, 100 %, 510.23 W, 1740 MHz
2026/09/27 21:36:19.943, 1, 76993 MiB, 100 %, 537.91 W, 1980 MHz
2026/09/27 21:36:19.944, 2, 76993 MiB, 100 %, 518.49 W, 1980 MHz
2026/09/27 21:36:19.945, 3, 76993 MiB, 100 %, 521.46 W, 1980 MHz
2026/09/27 21:36:19.945, 4, 76993 MiB, 100 %, 506.08 W, 1980 MHz
2026/09/27 21:36:19.946, 5, 76993 MiB, 100 %, 539.75 W, 1980 MHz
2026/09/27 21:36:19.946, 6, 76993 MiB, 100 %, 521.60 W, 1980 MHz
2026/09/27 21:36:19.947, 7, 76993 MiB, 100 %, 521.12 W, 1980 MHz
2026/09/27 21:36:20.948, 0, 76993 MiB, 100 %, 534.74 W, 1680 MHz
2026/09/27 21:36:20.949, 1, 76993 MiB, 100 %, 529.30 W, 1980 MHz
2026/09/27 21:36:20.949, 2, 76993 MiB, 100 %, 523.68 W, 1980 MHz
2026/09/27 21:36:20.950, 3, 76993 MiB, 100 %, 528.80 W, 1980 MHz
2026/09/27 21:36:20.950, 4, 76993 MiB, 100 %, 513.49 W, 1980 MHz
2026/09/27 21:36:20.951, 5, 76993 MiB, 100 %, 539.33 W, 1980 MHz
2026/09/27 21:36:20.951, 6, 76993 MiB, 100 %, 532.05 W, 1980 MHz
2026/09/27 21:36:20.952, 7, 76993 MiB, 100 %, 519.94 W, 1980 MHz
2026/09/27 21:36:21.953, 0, 76993 MiB, 100 %, 535.30 W, 1860 MHz
2026/09/27 21:36:21.954, 1, 76993 MiB, 100 %, 535.50 W, 1980 MHz
2026/09/27 21:36:21.954, 2, 76993 MiB, 100 %, 527.24 W, 1980 MHz
2026/09/27 21:36:21.955, 3, 76993 MiB, 100 %, 528.84 W, 1980 MHz
2026/09/27 21:36:21.956, 4, 76993 MiB, 100 %, 519.02 W, 1980 MHz
2026/09/27 21:36:21.956, 5, 76993 MiB, 100 %, 536.20 W, 1980 MHz
2026/09/27 21:36:21.957, 6, 76993 MiB, 100 %, 526.14 W, 1980 MHz
2026/09/27 21:36:21.957, 7, 76993 MiB, 100 %, 523.40 W, 1980 MHz
2026/09/27 21:36:22.958, 0, 76993 MiB, 100 %, 546.46 W, 1770 MHz
2026/09/27 21:36:22.959, 1, 76993 MiB, 100 %, 533.35 W, 1980 MHz
2026/09/27 21:36:22.960, 2, 76993 MiB, 100 %, 519.78 W, 1980 MHz
2026/09/27 21:36:22.961, 3, 76993 MiB, 100 %, 521.66 W, 1980 MHz
2026/09/27 21:36:22.961, 4, 76993 MiB, 100 %, 516.05 W, 1980 MHz
2026/09/27 21:36:22.962, 5, 76993 MiB, 100 %, 545.46 W, 1980 MHz
2026/09/27 21:36:22.962, 6, 76993 MiB, 100 %, 543.44 W, 1980 MHz
2026/09/27 21:36:22.963, 7, 76993 MiB, 100 %, 519.93 W, 1980 MHz
2026/09/27 21:36:23.964, 0, 76993 MiB, 100 %, 513.79 W, 1740 MHz
2026/09/27 21:36:23.964, 1, 76993 MiB, 100 %, 535.83 W, 1980 MHz
2026/09/27 21:36:23.965, 2, 76993 MiB, 100 %, 519.12 W, 1980 MHz
2026/09/27 21:36:23.966, 3, 76993 MiB, 100 %, 515.72 W, 1980 MHz
2026/09/27 21:36:23.966, 4, 76993 MiB, 100 %, 521.54 W, 1980 MHz
2026/09/27 21:36:23.967, 5, 76993 MiB, 100 %, 541.78 W, 1980 MHz
2026/09/27 21:36:23.967, 6, 76993 MiB, 100 %, 526.67 W, 1980 MHz
2026/09/27 21:36:23.968, 7, 76993 MiB, 100 %, 522.33 W, 1980 MHz
2026/09/27 21:36:24.968, 0, 76993 MiB, 100 %, 505.51 W, 1590 MHz
2026/09/27 21:36:24.969, 1, 76993 MiB, 100 %, 530.12 W, 1980 MHz
2026/09/27 21:36:24.970, 2, 76993 MiB, 100 %, 510.46 W, 1980 MHz
2026/09/27 21:36:24.970, 3, 76993 MiB, 100 %, 526.74 W, 1980 MHz
2026/09/27 21:36:24.971, 4, 76993 MiB, 100 %, 501.30 W, 1980 MHz
2026/09/27 21:36:24.972, 5, 76993 MiB, 100 %, 529.49 W, 1980 MHz
2026/09/27 21:36:24.972, 6, 76993 MiB, 100 %, 522.63 W, 1980 MHz
2026/09/27 21:36:24.973, 7, 76993 MiB, 100 %, 510.89 W, 1980 MHz
2026/09/27 21:36:25.973, 0, 76993 MiB, 100 %, 511.51 W, 1680 MHz
2026/09/27 21:36:25.974, 1, 76993 MiB, 100 %, 532.76 W, 1980 MHz
2026/09/27 21:36:25.975, 2, 76993 MiB, 100 %, 514.94 W, 1980 MHz
2026/09/27 21:36:25.975, 3, 76993 MiB, 100 %, 526.39 W, 1980 MHz
2026/09/27 21:36:25.976, 4, 76993 MiB, 100 %, 514.53 W, 1980 MHz
2026/09/27 21:36:25.976, 5, 76993 MiB, 100 %, 538.05 W, 1980 MHz
2026/09/27 21:36:25.977, 6, 76993 MiB, 100 %, 526.92 W, 1980 MHz
2026/09/27 21:36:25.977, 7, 76993 MiB, 100 %, 519.56 W, 1980 MHz
2026/09/27 21:36:26.978, 0, 76993 MiB, 100 %, 511.43 W, 1815 MHz
2026/09/27 21:36:26.979, 1, 76993 MiB, 100 %, 527.31 W, 1980 MHz
2026/09/27 21:36:26.980, 2, 76993 MiB, 100 %, 518.65 W, 1980 MHz
2026/09/27 21:36:26.980, 3, 76993 MiB, 100 %, 529.69 W, 1980 MHz
2026/09/27 21:36:26.981, 4, 76993 MiB, 100 %, 510.32 W, 1980 MHz
2026/09/27 21:36:26.982, 5, 76993 MiB, 100 %, 531.56 W, 1980 MHz
2026/09/27 21:36:26.982, 6, 76993 MiB, 100 %, 522.94 W, 1980 MHz
2026/09/27 21:36:26.983, 7, 76993 MiB, 100 %, 517.01 W, 1980 MHz
2026/09/27 21:36:27.983, 0, 76993 MiB, 100 %, 557.38 W, 1815 MHz
2026/09/27 21:36:27.984, 1, 76993 MiB, 100 %, 525.43 W, 1980 MHz
2026/09/27 21:36:27.985, 2, 76993 MiB, 100 %, 525.62 W, 1980 MHz
2026/09/27 21:36:27.985, 3, 76993 MiB, 100 %, 524.29 W, 1980 MHz
2026/09/27 21:36:27.986, 4, 76993 MiB, 100 %, 512.96 W, 1980 MHz
2026/09/27 21:36:27.987, 5, 76993 MiB, 100 %, 541.03 W, 1980 MHz
2026/09/27 21:36:27.987, 6, 76993 MiB, 100 %, 541.11 W, 1980 MHz
2026/09/27 21:36:27.988, 7, 76993 MiB, 100 %, 522.53 W, 1980 MHz
2026/09/27 21:36:28.988, 0, 76993 MiB, 100 %, 553.06 W, 1890 MHz
2026/09/27 21:36:28.989, 1, 76993 MiB, 100 %, 541.19 W, 1980 MHz
2026/09/27 21:36:28.990, 2, 76993 MiB, 100 %, 521.01 W, 1980 MHz
2026/09/27 21:36:28.990, 3, 76993 MiB, 100 %, 531.78 W, 1980 MHz
2026/09/27 21:36:28.991, 4, 76993 MiB, 100 %, 526.53 W, 1980 MHz
2026/09/27 21:36:28.992, 5, 76993 MiB, 100 %, 543.94 W, 1980 MHz
2026/09/27 21:36:28.992, 6, 76993 MiB, 100 %, 539.28 W, 1980 MHz
2026/09/27 21:36:28.993, 7, 76993 MiB, 100 %, 524.97 W, 1980 MHz
2026/09/27 21:36:29.993, 0, 76993 MiB, 100 %, 545.89 W, 1680 MHz
2026/09/27 21:36:29.994, 1, 76993 MiB, 100 %, 533.68 W, 1980 MHz
2026/09/27 21:36:29.995, 2, 76993 MiB, 100 %, 525.33 W, 1980 MHz
2026/09/27 21:36:29.996, 3, 76993 MiB, 100 %, 527.93 W, 1980 MHz
2026/09/27 21:36:29.996, 4, 76993 MiB, 100 %, 515.14 W, 1980 MHz
2026/09/27 21:36:29.997, 5, 76993 MiB, 100 %, 539.99 W, 1980 MHz
2026/09/27 21:36:29.997, 6, 76993 MiB, 100 %, 530.03 W, 1980 MHz
2026/09/27 21:36:29.998, 7, 76993 MiB, 100 %, 520.82 W, 1980 MHz
2026/09/27 21:36:30.999, 0, 76993 MiB, 100 %, 516.27 W, 1770 MHz
2026/09/27 21:36:30.999, 1, 76993 MiB, 100 %, 537.09 W, 1980 MHz
2026/09/27 21:36:31.000, 2, 76993 MiB, 100 %, 527.18 W, 1980 MHz
2026/09/27 21:36:31.001, 3, 76993 MiB, 100 %, 522.15 W, 1980 MHz
2026/09/27 21:36:31.001, 4, 76993 MiB, 100 %, 508.66 W, 1980 MHz
2026/09/27 21:36:31.002, 5, 76993 MiB, 100 %, 536.42 W, 1980 MHz
2026/09/27 21:36:31.002, 6, 76993 MiB, 100 %, 529.93 W, 1980 MHz
2026/09/27 21:36:31.003, 7, 76993 MiB, 100 %, 521.84 W, 1980 MHz
2026/09/27 21:36:32.004, 0, 76993 MiB, 100 %, 580.86 W, 1620 MHz
2026/09/27 21:36:32.005, 1, 76993 MiB, 100 %, 541.52 W, 1980 MHz
2026/09/27 21:36:32.005, 2, 76993 MiB, 100 %, 529.62 W, 1980 MHz
2026/09/27 21:36:32.006, 3, 76993 MiB, 100 %, 524.62 W, 1980 MHz
2026/09/27 21:36:32.006, 4, 76993 MiB, 100 %, 524.46 W, 1980 MHz
2026/09/27 21:36:32.007, 5, 76993 MiB, 100 %, 545.94 W, 1980 MHz
2026/09/27 21:36:32.008, 6, 76993 MiB, 100 %, 544.05 W, 1980 MHz
2026/09/27 21:36:32.008, 7, 76993 MiB, 100 %, 526.71 W, 1980 MHz
2026/09/27 21:36:33.009, 0, 76993 MiB, 100 %, 482.65 W, 1650 MHz
2026/09/27 21:36:33.010, 1, 76993 MiB, 100 %, 530.26 W, 1980 MHz
2026/09/27 21:36:33.011, 2, 76993 MiB, 100 %, 520.05 W, 1980 MHz
2026/09/27 21:36:33.012, 3, 76993 MiB, 100 %, 512.05 W, 1980 MHz
2026/09/27 21:36:33.012, 4, 76993 MiB, 100 %, 501.41 W, 1980 MHz
2026/09/27 21:36:33.013, 5, 76993 MiB, 100 %, 528.63 W, 1980 MHz
2026/09/27 21:36:33.014, 6, 76993 MiB, 100 %, 531.67 W, 1980 MHz
2026/09/27 21:36:33.014, 7, 76993 MiB, 100 %, 508.52 W, 1980 MHz
2026/09/27 21:36:34.015, 0, 76993 MiB, 100 %, 507.53 W, 1725 MHz
2026/09/27 21:36:34.016, 1, 76993 MiB, 100 %, 531.71 W, 1980 MHz
2026/09/27 21:36:34.017, 2, 76993 MiB, 100 %, 515.44 W, 1980 MHz
2026/09/27 21:36:34.017, 3, 76993 MiB, 100 %, 522.18 W, 1980 MHz
2026/09/27 21:36:34.018, 4, 76993 MiB, 100 %, 508.53 W, 1980 MHz
2026/09/27 21:36:34.019, 5, 76993 MiB, 100 %, 540.09 W, 1980 MHz
2026/09/27 21:36:34.019, 6, 76993 MiB, 100 %, 525.23 W, 1980 MHz
2026/09/27 21:36:34.020, 7, 76993 MiB, 100 %, 510.37 W, 1980 MHz
2026/09/27 21:36:35.021, 0, 76993 MiB, 100 %, 509.59 W, 1650 MHz
2026/09/27 21:36:35.022, 1, 76993 MiB, 100 %, 528.56 W, 1980 MHz
2026/09/27 21:36:35.022, 2, 76993 MiB, 100 %, 513.54 W, 1980 MHz
2026/09/27 21:36:35.023, 3, 76993 MiB, 100 %, 527.31 W, 1980 MHz
2026/09/27 21:36:35.024, 4, 76993 MiB, 100 %, 510.40 W, 1980 MHz
2026/09/27 21:36:35.024, 5, 76993 MiB, 100 %, 536.20 W, 1980 MHz
2026/09/27 21:36:35.025, 6, 76993 MiB, 100 %, 532.33 W, 1980 MHz
2026/09/27 21:36:35.026, 7, 76993 MiB, 100 %, 516.79 W, 1980 MHz
2026/09/27 21:36:36.026, 0, 76993 MiB, 100 %, 508.39 W, 1785 MHz
2026/09/27 21:36:36.027, 1, 76993 MiB, 100 %, 532.14 W, 1980 MHz
2026/09/27 21:36:36.028, 2, 76993 MiB, 100 %, 520.23 W, 1980 MHz
2026/09/27 21:36:36.029, 3, 76993 MiB, 100 %, 522.84 W, 1980 MHz
2026/09/27 21:36:36.029, 4, 76993 MiB, 100 %, 511.80 W, 1980 MHz
2026/09/27 21:36:36.030, 5, 76993 MiB, 100 %, 531.91 W, 1980 MHz
2026/09/27 21:36:36.031, 6, 76993 MiB, 100 %, 522.70 W, 1980 MHz
2026/09/27 21:36:36.031, 7, 76993 MiB, 100 %, 515.13 W, 1980 MHz
2026/09/27 21:36:37.032, 0, 76993 MiB, 100 %, 523.17 W, 1665 MHz
2026/09/27 21:36:37.033, 1, 76993 MiB, 100 %, 534.01 W, 1980 MHz
2026/09/27 21:36:37.034, 2, 76993 MiB, 100 %, 519.66 W, 1980 MHz
2026/09/27 21:36:37.035, 3, 76993 MiB, 100 %, 526.14 W, 1980 MHz
2026/09/27 21:36:37.035, 4, 76993 MiB, 100 %, 507.97 W, 1980 MHz
2026/09/27 21:36:37.036, 5, 76993 MiB, 100 %, 539.36 W, 1980 MHz
2026/09/27 21:36:37.037, 6, 76993 MiB, 100 %, 534.57 W, 1980 MHz
2026/09/27 21:36:37.037, 7, 76993 MiB, 100 %, 516.09 W, 1980 MHz
2026/09/27 21:36:38.038, 0, 76993 MiB, 100 %, 528.93 W, 1830 MHz
2026/09/27 21:36:38.039, 1, 76993 MiB, 100 %, 535.63 W, 1980 MHz
2026/09/27 21:36:38.040, 2, 76993 MiB, 100 %, 528.93 W, 1980 MHz
2026/09/27 21:36:38.041, 3, 76993 MiB, 100 %, 522.97 W, 1980 MHz
2026/09/27 21:36:38.041, 4, 76993 MiB, 100 %, 515.86 W, 1980 MHz
2026/09/27 21:36:38.042, 5, 76993 MiB, 100 %, 540.29 W, 1980 MHz
2026/09/27 21:36:38.043, 6, 76993 MiB, 100 %, 531.78 W, 1980 MHz
2026/09/27 21:36:38.044, 7, 76993 MiB, 100 %, 521.02 W, 1980 MHz
2026/09/27 21:36:39.044, 0, 76993 MiB, 100 %, 554.29 W, 1665 MHz
2026/09/27 21:36:39.045, 1, 76993 MiB, 100 %, 531.44 W, 1980 MHz
2026/09/27 21:36:39.046, 2, 76993 MiB, 100 %, 522.90 W, 1980 MHz
2026/09/27 21:36:39.047, 3, 76993 MiB, 100 %, 527.93 W, 1980 MHz
2026/09/27 21:36:39.048, 4, 76993 MiB, 100 %, 520.16 W, 1980 MHz
2026/09/27 21:36:39.048, 5, 76993 MiB, 100 %, 540.10 W, 1980 MHz
2026/09/27 21:36:39.049, 6, 76993 MiB, 100 %, 539.91 W, 1980 MHz
2026/09/27 21:36:39.050, 7, 76993 MiB, 100 %, 523.53 W, 1980 MHz
2026/09/27 21:36:40.050, 0, 76993 MiB, 100 %, 533.52 W, 1860 MHz
2026/09/27 21:36:40.051, 1, 76993 MiB, 100 %, 539.09 W, 1980 MHz
2026/09/27 21:36:40.052, 2, 76993 MiB, 100 %, 530.96 W, 1980 MHz
2026/09/27 21:36:40.053, 3, 76993 MiB, 100 %, 530.90 W, 1980 MHz
2026/09/27 21:36:40.053, 4, 76993 MiB, 100 %, 517.90 W, 1980 MHz
2026/09/27 21:36:40.054, 5, 76993 MiB, 100 %, 540.48 W, 1980 MHz
2026/09/27 21:36:40.055, 6, 76993 MiB, 100 %, 537.64 W, 1980 MHz
2026/09/27 21:36:40.055, 7, 76993 MiB, 100 %, 525.84 W, 1980 MHz
2026/09/27 21:36:41.056, 0, 76993 MiB, 100 %, 536.10 W, 1845 MHz
2026/09/27 21:36:41.057, 1, 76993 MiB, 100 %, 531.25 W, 1980 MHz
2026/09/27 21:36:41.058, 2, 76993 MiB, 100 %, 523.51 W, 1980 MHz
2026/09/27 21:36:41.058, 3, 76993 MiB, 100 %, 526.09 W, 1980 MHz
2026/09/27 21:36:41.059, 4, 76993 MiB, 100 %, 514.54 W, 1980 MHz
2026/09/27 21:36:41.059, 5, 76993 MiB, 100 %, 535.06 W, 1980 MHz
2026/09/27 21:36:41.060, 6, 76993 MiB, 100 %, 537.86 W, 1980 MHz
2026/09/27 21:36:41.061, 7, 76993 MiB, 100 %, 517.55 W, 1980 MHz
2026/09/27 21:36:42.061, 0, 76993 MiB, 100 %, 533.84 W, 1725 MHz
2026/09/27 21:36:42.062, 1, 76993 MiB, 100 %, 536.81 W, 1980 MHz
2026/09/27 21:36:42.063, 2, 76993 MiB, 100 %, 536.87 W, 1980 MHz
2026/09/27 21:36:42.064, 3, 76993 MiB, 100 %, 528.05 W, 1980 MHz
2026/09/27 21:36:42.064, 4, 76993 MiB, 100 %, 523.27 W, 1980 MHz
2026/09/27 21:36:42.065, 5, 76993 MiB, 100 %, 539.08 W, 1980 MHz
2026/09/27 21:36:42.066, 6, 76993 MiB, 100 %, 537.41 W, 1980 MHz
2026/09/27 21:36:42.067, 7, 76993 MiB, 100 %, 525.80 W, 1980 MHz
2026/09/27 21:36:43.067, 0, 76993 MiB, 100 %, 523.62 W, 1665 MHz
2026/09/27 21:36:43.068, 1, 76993 MiB, 100 %, 527.05 W, 1980 MHz
2026/09/27 21:36:43.069, 2, 76993 MiB, 100 %, 511.97 W, 1980 MHz
2026/09/27 21:36:43.070, 3, 76993 MiB, 100 %, 523.02 W, 1980 MHz
2026/09/27 21:36:43.070, 4, 76993 MiB, 100 %, 510.04 W, 1980 MHz
2026/09/27 21:36:43.071, 5, 76993 MiB, 100 %, 539.19 W, 1980 MHz
2026/09/27 21:36:43.071, 6, 76993 MiB, 100 %, 527.07 W, 1980 MHz
2026/09/27 21:36:43.072, 7, 76993 MiB, 100 %, 513.14 W, 1980 MHz
2026/09/27 21:36:44.073, 0, 76993 MiB, 100 %, 505.80 W, 1650 MHz
2026/09/27 21:36:44.074, 1, 76993 MiB, 100 %, 526.10 W, 1980 MHz
2026/09/27 21:36:44.075, 2, 76993 MiB, 100 %, 514.80 W, 1980 MHz
2026/09/27 21:36:44.075, 3, 76993 MiB, 100 %, 530.51 W, 1980 MHz
2026/09/27 21:36:44.076, 4, 76993 MiB, 100 %, 504.87 W, 1980 MHz
2026/09/27 21:36:44.077, 5, 76993 MiB, 100 %, 533.50 W, 1980 MHz
2026/09/27 21:36:44.077, 6, 76993 MiB, 100 %, 538.84 W, 1980 MHz
2026/09/27 21:36:44.078, 7, 76993 MiB, 100 %, 518.43 W, 1980 MHz
2026/09/27 21:36:45.079, 0, 76993 MiB, 100 %, 519.28 W, 1740 MHz
2026/09/27 21:36:45.080, 1, 76993 MiB, 100 %, 546.14 W, 1980 MHz
2026/09/27 21:36:45.080, 2, 76993 MiB, 100 %, 518.05 W, 1980 MHz
2026/09/27 21:36:45.081, 3, 76993 MiB, 100 %, 520.33 W, 1980 MHz
2026/09/27 21:36:45.082, 4, 76993 MiB, 100 %, 513.53 W, 1980 MHz
2026/09/27 21:36:45.083, 5, 76993 MiB, 100 %, 543.45 W, 1980 MHz
2026/09/27 21:36:45.083, 6, 76993 MiB, 100 %, 526.58 W, 1980 MHz
2026/09/27 21:36:45.084, 7, 76993 MiB, 100 %, 519.59 W, 1980 MHz
2026/09/27 21:36:46.085, 0, 76993 MiB, 100 %, 526.59 W, 1620 MHz
2026/09/27 21:36:46.086, 1, 76993 MiB, 100 %, 530.61 W, 1980 MHz
2026/09/27 21:36:46.086, 2, 76993 MiB, 100 %, 521.09 W, 1980 MHz
2026/09/27 21:36:46.087, 3, 76993 MiB, 100 %, 522.77 W, 1980 MHz
2026/09/27 21:36:46.088, 4, 76993 MiB, 100 %, 511.91 W, 1980 MHz
2026/09/27 21:36:46.088, 5, 76993 MiB, 100 %, 536.60 W, 1980 MHz
2026/09/27 21:36:46.089, 6, 76993 MiB, 100 %, 534.15 W, 1980 MHz
2026/09/27 21:36:46.090, 7, 76993 MiB, 100 %, 520.35 W, 1980 MHz
2026/09/27 21:36:47.090, 0, 76993 MiB, 100 %, 533.61 W, 1770 MHz
2026/09/27 21:36:47.092, 1, 76993 MiB, 100 %, 542.95 W, 1980 MHz
2026/09/27 21:36:47.092, 2, 76993 MiB, 100 %, 532.06 W, 1980 MHz
2026/09/27 21:36:47.093, 3, 76993 MiB, 100 %, 528.87 W, 1980 MHz
2026/09/27 21:36:47.094, 4, 76993 MiB, 100 %, 521.21 W, 1980 MHz
2026/09/27 21:36:47.094, 5, 76993 MiB, 100 %, 537.58 W, 1980 MHz
2026/09/27 21:36:47.095, 6, 76993 MiB, 100 %, 532.23 W, 1980 MHz
2026/09/27 21:36:47.095, 7, 76993 MiB, 100 %, 526.39 W, 1980 MHz
2026/09/27 21:36:48.096, 0, 76993 MiB, 100 %, 529.06 W, 1680 MHz
2026/09/27 21:36:48.097, 1, 76993 MiB, 100 %, 525.98 W, 1980 MHz
2026/09/27 21:36:48.097, 2, 76993 MiB, 100 %, 518.87 W, 1980 MHz
2026/09/27 21:36:48.098, 3, 76993 MiB, 100 %, 523.22 W, 1980 MHz
2026/09/27 21:36:48.099, 4, 76993 MiB, 100 %, 511.17 W, 1980 MHz
2026/09/27 21:36:48.099, 5, 76993 MiB, 100 %, 542.16 W, 1980 MHz
2026/09/27 21:36:48.100, 6, 76993 MiB, 100 %, 531.95 W, 1980 MHz
2026/09/27 21:36:48.100, 7, 76993 MiB, 100 %, 522.48 W, 1980 MHz
2026/09/27 21:36:49.101, 0, 76993 MiB, 100 %, 531.73 W, 1650 MHz
2026/09/27 21:36:49.102, 1, 76993 MiB, 100 %, 537.40 W, 1980 MHz
2026/09/27 21:36:49.103, 2, 76993 MiB, 100 %, 525.28 W, 1980 MHz
2026/09/27 21:36:49.103, 3, 76993 MiB, 100 %, 528.90 W, 1980 MHz
2026/09/27 21:36:49.104, 4, 76993 MiB, 100 %, 515.08 W, 1980 MHz
2026/09/27 21:36:49.104, 5, 76993 MiB, 100 %, 539.64 W, 1980 MHz
2026/09/27 21:36:49.105, 6, 76993 MiB, 100 %, 534.72 W, 1980 MHz
2026/09/27 21:36:49.106, 7, 76993 MiB, 100 %, 523.01 W, 1980 MHz
2026/09/27 21:36:50.106, 0, 76993 MiB, 100 %, 529.11 W, 1650 MHz
2026/09/27 21:36:50.107, 1, 76993 MiB, 100 %, 527.24 W, 1980 MHz
2026/09/27 21:36:50.108, 2, 76993 MiB, 100 %, 515.69 W, 1980 MHz
2026/09/27 21:36:50.109, 3, 76993 MiB, 100 %, 525.83 W, 1980 MHz
2026/09/27 21:36:50.109, 4, 76993 MiB, 100 %, 517.68 W, 1980 MHz
2026/09/27 21:36:50.110, 5, 76993 MiB, 100 %, 536.42 W, 1980 MHz
2026/09/27 21:36:50.111, 6, 76993 MiB, 100 %, 526.88 W, 1980 MHz
2026/09/27 21:36:50.111, 7, 76993 MiB, 100 %, 515.76 W, 1980 MHz
2026/09/27 21:36:51.112, 0, 76993 MiB, 100 %, 531.22 W, 1785 MHz
2026/09/27 21:36:51.115, 1, 76993 MiB, 100 %, 534.22 W, 1980 MHz
2026/09/27 21:36:51.116, 2, 76993 MiB, 100 %, 525.15 W, 1980 MHz
2026/09/27 21:36:51.118, 3, 76993 MiB, 100 %, 519.67 W, 1980 MHz
2026/09/27 21:36:51.118, 4, 76993 MiB, 100 %, 518.83 W, 1980 MHz
2026/09/27 21:36:51.119, 5, 76993 MiB, 100 %, 538.77 W, 1980 MHz
2026/09/27 21:36:51.119, 6, 76993 MiB, 100 %, 535.10 W, 1980 MHz
2026/09/27 21:36:51.120, 7, 76993 MiB, 100 %, 522.41 W, 1980 MHz
2026/09/27 21:36:52.121, 0, 76993 MiB, 100 %, 533.46 W, 1845 MHz
2026/09/27 21:36:52.122, 1, 76993 MiB, 100 %, 529.09 W, 1980 MHz
2026/09/27 21:36:52.123, 2, 76993 MiB, 100 %, 519.55 W, 1980 MHz
2026/09/27 21:36:52.123, 3, 76993 MiB, 100 %, 526.31 W, 1980 MHz
2026/09/27 21:36:52.124, 4, 76993 MiB, 100 %, 513.64 W, 1980 MHz
2026/09/27 21:36:52.125, 5, 76993 MiB, 100 %, 539.70 W, 1980 MHz
2026/09/27 21:36:52.125, 6, 76993 MiB, 100 %, 526.40 W, 1980 MHz
2026/09/27 21:36:52.126, 7, 76993 MiB, 100 %, 516.74 W, 1980 MHz
2026/09/27 21:36:53.127, 0, 76993 MiB, 100 %, 543.30 W, 1725 MHz
2026/09/27 21:36:53.127, 1, 76993 MiB, 100 %, 547.20 W, 1980 MHz
2026/09/27 21:36:53.128, 2, 76993 MiB, 100 %, 521.79 W, 1980 MHz
2026/09/27 21:36:53.129, 3, 76993 MiB, 100 %, 529.18 W, 1980 MHz
2026/09/27 21:36:53.130, 4, 76993 MiB, 100 %, 523.19 W, 1980 MHz
2026/09/27 21:36:53.130, 5, 76993 MiB, 100 %, 542.64 W, 1980 MHz
2026/09/27 21:36:53.131, 6, 76993 MiB, 100 %, 530.83 W, 1980 MHz
2026/09/27 21:36:53.132, 7, 76993 MiB, 100 %, 517.34 W, 1980 MHz
2026/09/27 21:36:54.132, 0, 76993 MiB, 100 %, 535.54 W, 1860 MHz
2026/09/27 21:36:54.133, 1, 76993 MiB, 100 %, 534.76 W, 1980 MHz
2026/09/27 21:36:54.134, 2, 76993 MiB, 100 %, 520.13 W, 1980 MHz
2026/09/27 21:36:54.134, 3, 76993 MiB, 100 %, 527.09 W, 1980 MHz
2026/09/27 21:36:54.135, 4, 76993 MiB, 100 %, 513.63 W, 1980 MHz
2026/09/27 21:36:54.136, 5, 76993 MiB, 100 %, 534.55 W, 1980 MHz
2026/09/27 21:36:54.136, 6, 76993 MiB, 100 %, 534.18 W, 1980 MHz
2026/09/27 21:36:54.137, 7, 76993 MiB, 100 %, 521.43 W, 1980 MHz
2026/09/27 21:36:55.137, 0, 76993 MiB, 100 %, 520.83 W, 1725 MHz
2026/09/27 21:36:55.138, 1, 76993 MiB, 100 %, 527.18 W, 1980 MHz
2026/09/27 21:36:55.139, 2, 76993 MiB, 100 %, 513.31 W, 1980 MHz
2026/09/27 21:36:55.140, 3, 76993 MiB, 100 %, 524.46 W, 1980 MHz
2026/09/27 21:36:55.140, 4, 76993 MiB, 100 %, 513.35 W, 1980 MHz
2026/09/27 21:36:55.141, 5, 76993 MiB, 100 %, 540.12 W, 1980 MHz
2026/09/27 21:36:55.141, 6, 76993 MiB, 100 %, 531.90 W, 1980 MHz
2026/09/27 21:36:55.142, 7, 76993 MiB, 100 %, 516.64 W, 1980 MHz
2026/09/27 21:36:56.143, 0, 76993 MiB, 100 %, 537.70 W, 1740 MHz
2026/09/27 21:36:56.143, 1, 76993 MiB, 100 %, 543.94 W, 1980 MHz
2026/09/27 21:36:56.144, 2, 76993 MiB, 100 %, 522.02 W, 1980 MHz
2026/09/27 21:36:56.145, 3, 76993 MiB, 100 %, 519.83 W, 1980 MHz
2026/09/27 21:36:56.145, 4, 76993 MiB, 100 %, 518.50 W, 1980 MHz
2026/09/27 21:36:56.146, 5, 76993 MiB, 100 %, 543.62 W, 1980 MHz
2026/09/27 21:36:56.146, 6, 76993 MiB, 100 %, 526.99 W, 1980 MHz
2026/09/27 21:36:56.147, 7, 76993 MiB, 100 %, 520.67 W, 1980 MHz
2026/09/27 21:36:57.148, 0, 76993 MiB, 100 %, 544.08 W, 1800 MHz
2026/09/27 21:36:57.148, 1, 76993 MiB, 100 %, 529.40 W, 1980 MHz
2026/09/27 21:36:57.149, 2, 76993 MiB, 100 %, 519.41 W, 1980 MHz
2026/09/27 21:36:57.150, 3, 76993 MiB, 100 %, 520.84 W, 1980 MHz
2026/09/27 21:36:57.151, 4, 76993 MiB, 100 %, 518.21 W, 1980 MHz
2026/09/27 21:36:57.151, 5, 76993 MiB, 100 %, 540.39 W, 1980 MHz
2026/09/27 21:36:57.152, 6, 76993 MiB, 100 %, 537.04 W, 1980 MHz
2026/09/27 21:36:57.153, 7, 76993 MiB, 100 %, 518.17 W, 1980 MHz
2026/09/27 21:36:58.153, 0, 76993 MiB, 100 %, 520.78 W, 1740 MHz
2026/09/27 21:36:58.154, 1, 76993 MiB, 100 %, 541.17 W, 1980 MHz
2026/09/27 21:36:58.155, 2, 76993 MiB, 100 %, 523.56 W, 1980 MHz
2026/09/27 21:36:58.155, 3, 76993 MiB, 100 %, 521.74 W, 1980 MHz
2026/09/27 21:36:58.156, 4, 76993 MiB, 100 %, 511.59 W, 1980 MHz
2026/09/27 21:36:58.157, 5, 76993 MiB, 100 %, 540.25 W, 1980 MHz
2026/09/27 21:36:58.157, 6, 76993 MiB, 100 %, 532.32 W, 1980 MHz
2026/09/27 21:36:58.158, 7, 76993 MiB, 100 %, 521.66 W, 1980 MHz
2026/09/27 21:36:59.159, 0, 76993 MiB, 100 %, 524.47 W, 1635 MHz
2026/09/27 21:36:59.159, 1, 76993 MiB, 100 %, 529.39 W, 1980 MHz
2026/09/27 21:36:59.160, 2, 76993 MiB, 100 %, 517.92 W, 1980 MHz
2026/09/27 21:36:59.161, 3, 76993 MiB, 100 %, 520.90 W, 1980 MHz
2026/09/27 21:36:59.161, 4, 76993 MiB, 100 %, 515.87 W, 1980 MHz
2026/09/27 21:36:59.162, 5, 76993 MiB, 100 %, 537.95 W, 1980 MHz
2026/09/27 21:36:59.162, 6, 76993 MiB, 100 %, 521.56 W, 1980 MHz
2026/09/27 21:36:59.163, 7, 76993 MiB, 100 %, 518.08 W, 1980 MHz
2026/09/27 21:37:00.164, 0, 76993 MiB, 100 %, 525.51 W, 1680 MHz
2026/09/27 21:37:00.165, 1, 76993 MiB, 100 %, 537.32 W, 1980 MHz
2026/09/27 21:37:00.165, 2, 76993 MiB, 100 %, 526.65 W, 1980 MHz
2026/09/27 21:37:00.166, 3, 76993 MiB, 100 %, 526.66 W, 1980 MHz
2026/09/27 21:37:00.166, 4, 76993 MiB, 100 %, 515.58 W, 1980 MHz
2026/09/27 21:37:00.167, 5, 76993 MiB, 100 %, 534.59 W, 1980 MHz
2026/09/27 21:37:00.168, 6, 76993 MiB, 100 %, 536.78 W, 1980 MHz
2026/09/27 21:37:00.168, 7, 76993 MiB, 100 %, 517.91 W, 1980 MHz
2026/09/27 21:37:01.169, 0, 76993 MiB, 100 %, 520.06 W, 1650 MHz
2026/09/27 21:37:01.170, 1, 76993 MiB, 100 %, 534.24 W, 1980 MHz
2026/09/27 21:37:01.171, 2, 76993 MiB, 100 %, 524.53 W, 1980 MHz
2026/09/27 21:37:01.171, 3, 76993 MiB, 100 %, 522.27 W, 1980 MHz
2026/09/27 21:37:01.172, 4, 76993 MiB, 100 %, 511.28 W, 1980 MHz
2026/09/27 21:37:01.172, 5, 76993 MiB, 100 %, 533.89 W, 1980 MHz
2026/09/27 21:37:01.173, 6, 76993 MiB, 100 %, 532.81 W, 1980 MHz
2026/09/27 21:37:01.174, 7, 76993 MiB, 100 %, 516.46 W, 1980 MHz
2026/09/27 21:37:02.174, 0, 76993 MiB, 100 %, 534.73 W, 1785 MHz
2026/09/27 21:37:02.175, 1, 76993 MiB, 100 %, 537.53 W, 1980 MHz
2026/09/27 21:37:02.176, 2, 76993 MiB, 100 %, 512.51 W, 1980 MHz
2026/09/27 21:37:02.177, 3, 76993 MiB, 100 %, 523.79 W, 1980 MHz
2026/09/27 21:37:02.177, 4, 76993 MiB, 100 %, 513.50 W, 1980 MHz
2026/09/27 21:37:02.178, 5, 76993 MiB, 100 %, 543.56 W, 1980 MHz
2026/09/27 21:37:02.179, 6, 76993 MiB, 100 %, 530.18 W, 1980 MHz
2026/09/27 21:37:02.179, 7, 76993 MiB, 100 %, 514.56 W, 1980 MHz
2026/09/27 21:37:03.180, 0, 76993 MiB, 100 %, 547.18 W, 1755 MHz
2026/09/27 21:37:03.181, 1, 76993 MiB, 100 %, 540.64 W, 1980 MHz
2026/09/27 21:37:03.182, 2, 76993 MiB, 100 %, 526.73 W, 1980 MHz
2026/09/27 21:37:03.182, 3, 76993 MiB, 100 %, 528.41 W, 1980 MHz
2026/09/27 21:37:03.183, 4, 76993 MiB, 100 %, 515.82 W, 1980 MHz
2026/09/27 21:37:03.183, 5, 76993 MiB, 100 %, 540.46 W, 1980 MHz
2026/09/27 21:37:03.184, 6, 76993 MiB, 100 %, 528.54 W, 1980 MHz
2026/09/27 21:37:03.185, 7, 76993 MiB, 100 %, 519.34 W, 1980 MHz
2026/09/27 21:37:04.185, 0, 76993 MiB, 100 %, 519.15 W, 1815 MHz
2026/09/27 21:37:04.186, 1, 76993 MiB, 100 %, 521.46 W, 1980 MHz
2026/09/27 21:37:04.187, 2, 76993 MiB, 100 %, 511.49 W, 1980 MHz
2026/09/27 21:37:04.187, 3, 76993 MiB, 100 %, 518.94 W, 1980 MHz
2026/09/27 21:37:04.188, 4, 76993 MiB, 100 %, 515.18 W, 1980 MHz
2026/09/27 21:37:04.189, 5, 76993 MiB, 100 %, 533.71 W, 1980 MHz
2026/09/27 21:37:04.189, 6, 76993 MiB, 100 %, 535.04 W, 1980 MHz
2026/09/27 21:37:04.190, 7, 76993 MiB, 100 %, 520.81 W, 1980 MHz
2026/09/27 21:37:05.190, 0, 76993 MiB, 100 %, 522.37 W, 1725 MHz
2026/09/27 21:37:05.191, 1, 76993 MiB, 100 %, 531.99 W, 1980 MHz
2026/09/27 21:37:05.192, 2, 76993 MiB, 100 %, 523.51 W, 1980 MHz
2026/09/27 21:37:05.192, 3, 76993 MiB, 100 %, 526.42 W, 1980 MHz
2026/09/27 21:37:05.193, 4, 76993 MiB, 100 %, 515.48 W, 1980 MHz
2026/09/27 21:37:05.194, 5, 76993 MiB, 100 %, 532.94 W, 1980 MHz
2026/09/27 21:37:05.194, 6, 76993 MiB, 100 %, 530.83 W, 1980 MHz
2026/09/27 21:37:05.195, 7, 76993 MiB, 100 %, 521.91 W, 1980 MHz
2026/09/27 21:37:06.196, 0, 76993 MiB, 100 %, 484.03 W, 1980 MHz
2026/09/27 21:37:06.196, 1, 76993 MiB, 100 %, 420.00 W, 1980 MHz
2026/09/27 21:37:06.197, 2, 76993 MiB, 100 %, 419.76 W, 1980 MHz
2026/09/27 21:37:06.198, 3, 76993 MiB, 100 %, 415.58 W, 1980 MHz
2026/09/27 21:37:06.198, 4, 76993 MiB, 100 %, 422.89 W, 1980 MHz
2026/09/27 21:37:06.199, 5, 76993 MiB, 100 %, 413.39 W, 1980 MHz
2026/09/27 21:37:06.199, 6, 76993 MiB, 100 %, 424.91 W, 1980 MHz
2026/09/27 21:37:06.200, 7, 76993 MiB, 100 %, 411.18 W, 1980 MHz
2026/09/27 21:37:07.201, 0, 76993 MiB, 100 %, 486.14 W, 1980 MHz
2026/09/27 21:37:07.202, 1, 76993 MiB, 100 %, 424.75 W, 1980 MHz
2026/09/27 21:37:07.202, 2, 76993 MiB, 100 %, 423.35 W, 1980 MHz
2026/09/27 21:37:07.203, 3, 76993 MiB, 100 %, 423.40 W, 1980 MHz
2026/09/27 21:37:07.203, 4, 76993 MiB, 100 %, 415.17 W, 1980 MHz
2026/09/27 21:37:07.204, 5, 76993 MiB, 100 %, 420.65 W, 1980 MHz
2026/09/27 21:37:07.205, 6, 76993 MiB, 100 %, 436.21 W, 1980 MHz
2026/09/27 21:37:07.205, 7, 76993 MiB, 100 %, 403.80 W, 1980 MHz
2026/09/27 21:37:08.206, 0, 76993 MiB, 100 %, 494.34 W, 1980 MHz
2026/09/27 21:37:08.207, 1, 76993 MiB, 100 %, 425.07 W, 1980 MHz
2026/09/27 21:37:08.207, 2, 76993 MiB, 100 %, 420.80 W, 1980 MHz
2026/09/27 21:37:08.208, 3, 76993 MiB, 100 %, 419.77 W, 1980 MHz
2026/09/27 21:37:08.209, 4, 76993 MiB, 100 %, 424.00 W, 1980 MHz
2026/09/27 21:37:08.209, 5, 76993 MiB, 100 %, 412.10 W, 1980 MHz
2026/09/27 21:37:08.210, 6, 76993 MiB, 100 %, 424.13 W, 1980 MHz
2026/09/27 21:37:08.210, 7, 76993 MiB, 100 %, 408.71 W, 1980 MHz
2026/09/27 21:37:09.211, 0, 76993 MiB, 100 %, 489.78 W, 1980 MHz
2026/09/27 21:37:09.212, 1, 76993 MiB, 100 %, 418.23 W, 1980 MHz
2026/09/27 21:37:09.213, 2, 76993 MiB, 100 %, 417.57 W, 1980 MHz
2026/09/27 21:37:09.214, 3, 76993 MiB, 100 %, 421.70 W, 1980 MHz
2026/09/27 21:37:09.214, 4, 76993 MiB, 100 %, 402.49 W, 1980 MHz
2026/09/27 21:37:09.215, 5, 76993 MiB, 100 %, 410.64 W, 1980 MHz
2026/09/27 21:37:09.215, 6, 76993 MiB, 100 %, 416.35 W, 1980 MHz
2026/09/27 21:37:09.216, 7, 76993 MiB, 100 %, 402.62 W, 1980 MHz
2026/09/27 21:37:10.217, 0, 76993 MiB, 0 %, 272.05 W, 1980 MHz
2026/09/27 21:37:10.218, 1, 76993 MiB, 0 %, 198.71 W, 1980 MHz
2026/09/27 21:37:10.218, 2, 76993 MiB, 0 %, 209.98 W, 1980 MHz
2026/09/27 21:37:10.219, 3, 76993 MiB, 0 %, 210.26 W, 1980 MHz
2026/09/27 21:37:10.220, 4, 76993 MiB, 0 %, 189.89 W, 1980 MHz
2026/09/27 21:37:10.220, 5, 76993 MiB, 0 %, 192.77 W, 1980 MHz
2026/09/27 21:37:10.221, 6, 76993 MiB, 0 %, 215.21 W, 1980 MHz
2026/09/27 21:37:10.222, 7, 76993 MiB, 0 %, 186.53 W, 1980 MHz
