timestamp, index, memory.used [MiB], utilization.gpu [%], power.draw [W], clocks.current.sm [MHz], utilization.memory [%], temperature.gpu
2026/10/10 13:09:20.888, 0, 76805 MiB, 0 %, 121.75 W, 1980 MHz, 0 %, 33
2026/10/10 13:09:20.901, 1, 76805 MiB, 0 %, 135.99 W, 1980 MHz, 0 %, 57
2026/10/10 13:09:20.909, 2, 76805 MiB, 0 %, 122.66 W, 1980 MHz, 0 %, 38
2026/10/10 13:09:20.918, 3, 76805 MiB, 0 %, 120.03 W, 1980 MHz, 0 %, 32
2026/10/10 13:09:20.927, 4, 76805 MiB, 0 %, 115.92 W, 1980 MHz, 0 %, 32
2026/10/10 13:09:20.936, 5, 76805 MiB, 0 %, 121.47 W, 1980 MHz, 0 %, 37
2026/10/10 13:09:20.944, 6, 76805 MiB, 0 %, 114.66 W, 1980 MHz, 0 %, 35
2026/10/10 13:09:20.953, 7, 76805 MiB, 0 %, 144.47 W, 1980 MHz, 0 %, 68
2026/10/10 13:09:21.961, 0, 76805 MiB, 0 %, 121.17 W, 1980 MHz, 0 %, 32
2026/10/10 13:09:21.961, 1, 76805 MiB, 0 %, 135.59 W, 1980 MHz, 0 %, 56
2026/10/10 13:09:21.961, 2, 76805 MiB, 0 %, 122.35 W, 1980 MHz, 0 %, 38
2026/10/10 13:09:21.961, 3, 76805 MiB, 0 %, 119.59 W, 1980 MHz, 0 %, 31
2026/10/10 13:09:21.962, 4, 76805 MiB, 0 %, 115.62 W, 1980 MHz, 0 %, 31
2026/10/10 13:09:21.962, 5, 76805 MiB, 0 %, 120.92 W, 1980 MHz, 0 %, 36
2026/10/10 13:09:21.962, 6, 76805 MiB, 0 %, 113.98 W, 1980 MHz, 0 %, 34
2026/10/10 13:09:21.962, 7, 76805 MiB, 0 %, 143.70 W, 1980 MHz, 0 %, 68
2026/10/10 13:09:22.962, 0, 76805 MiB, 0 %, 120.93 W, 1980 MHz, 0 %, 31
2026/10/10 13:09:22.962, 1, 76805 MiB, 0 %, 135.32 W, 1980 MHz, 0 %, 56
2026/10/10 13:09:22.962, 2, 76805 MiB, 0 %, 122.15 W, 1980 MHz, 0 %, 37
2026/10/10 13:09:22.962, 3, 76805 MiB, 0 %, 119.36 W, 1980 MHz, 0 %, 31
2026/10/10 13:09:22.962, 4, 76805 MiB, 0 %, 115.40 W, 1980 MHz, 0 %, 31
2026/10/10 13:09:22.962, 5, 76805 MiB, 0 %, 120.56 W, 1980 MHz, 0 %, 36
2026/10/10 13:09:22.962, 6, 76805 MiB, 0 %, 113.76 W, 1980 MHz, 0 %, 34
2026/10/10 13:09:22.962, 7, 76805 MiB, 0 %, 143.27 W, 1980 MHz, 0 %, 67
2026/10/10 13:09:23.962, 0, 76805 MiB, 0 %, 120.68 W, 1980 MHz, 0 %, 31
2026/10/10 13:09:23.963, 1, 76805 MiB, 0 %, 135.11 W, 1980 MHz, 0 %, 56
2026/10/10 13:09:23.963, 2, 76805 MiB, 0 %, 121.85 W, 1980 MHz, 0 %, 37
2026/10/10 13:09:23.963, 3, 76805 MiB, 0 %, 119.17 W, 1980 MHz, 0 %, 30
2026/10/10 13:09:23.963, 4, 76805 MiB, 0 %, 115.13 W, 1980 MHz, 0 %, 31
2026/10/10 13:09:23.963, 5, 76805 MiB, 0 %, 120.34 W, 1980 MHz, 0 %, 35
2026/10/10 13:09:23.963, 6, 76805 MiB, 0 %, 113.60 W, 1980 MHz, 0 %, 33
2026/10/10 13:09:23.963, 7, 76805 MiB, 0 %, 142.90 W, 1980 MHz, 0 %, 67
2026/10/10 13:09:24.963, 0, 76805 MiB, 0 %, 120.52 W, 1980 MHz, 0 %, 31
2026/10/10 13:09:24.963, 1, 76805 MiB, 0 %, 134.93 W, 1980 MHz, 0 %, 56
2026/10/10 13:09:24.963, 2, 76805 MiB, 0 %, 121.71 W, 1980 MHz, 0 %, 37
2026/10/10 13:09:24.963, 3, 76805 MiB, 0 %, 118.97 W, 1980 MHz, 0 %, 30
2026/10/10 13:09:24.963, 4, 76805 MiB, 0 %, 114.99 W, 1980 MHz, 0 %, 30
2026/10/10 13:09:24.963, 5, 76805 MiB, 0 %, 120.12 W, 1980 MHz, 0 %, 35
2026/10/10 13:09:24.963, 6, 76805 MiB, 0 %, 113.47 W, 1980 MHz, 0 %, 33
2026/10/10 13:09:24.963, 7, 76805 MiB, 0 %, 142.68 W, 1980 MHz, 0 %, 67
2026/10/10 13:09:25.964, 0, 76805 MiB, 0 %, 120.34 W, 1980 MHz, 0 %, 30
2026/10/10 13:09:25.964, 1, 76805 MiB, 0 %, 134.75 W, 1980 MHz, 0 %, 56
2026/10/10 13:09:25.964, 2, 76805 MiB, 0 %, 121.55 W, 1980 MHz, 0 %, 37
2026/10/10 13:09:25.964, 3, 76805 MiB, 0 %, 118.81 W, 1980 MHz, 0 %, 30
2026/10/10 13:09:25.964, 4, 76805 MiB, 0 %, 114.91 W, 1980 MHz, 0 %, 30
2026/10/10 13:09:25.964, 5, 76805 MiB, 0 %, 119.94 W, 1980 MHz, 0 %, 35
2026/10/10 13:09:25.964, 6, 76805 MiB, 0 %, 113.32 W, 1980 MHz, 0 %, 33
2026/10/10 13:09:25.964, 7, 76805 MiB, 0 %, 142.48 W, 1980 MHz, 0 %, 67
2026/10/10 13:09:26.964, 0, 76805 MiB, 0 %, 120.19 W, 1980 MHz, 0 %, 30
2026/10/10 13:09:26.964, 1, 76805 MiB, 0 %, 134.61 W, 1980 MHz, 0 %, 55
2026/10/10 13:09:26.965, 2, 76805 MiB, 0 %, 121.45 W, 1980 MHz, 0 %, 36
2026/10/10 13:09:26.965, 3, 76805 MiB, 0 %, 118.64 W, 1980 MHz, 0 %, 29
2026/10/10 13:09:26.965, 4, 76805 MiB, 0 %, 114.82 W, 1980 MHz, 0 %, 30
2026/10/10 13:09:26.965, 5, 76805 MiB, 0 %, 119.80 W, 1980 MHz, 0 %, 35
2026/10/10 13:09:26.965, 6, 76805 MiB, 0 %, 113.20 W, 1980 MHz, 0 %, 32
2026/10/10 13:09:26.965, 7, 76805 MiB, 0 %, 142.30 W, 1980 MHz, 0 %, 67
2026/10/10 13:09:27.965, 0, 76805 MiB, 0 %, 120.01 W, 1980 MHz, 0 %, 30
2026/10/10 13:09:27.965, 1, 76805 MiB, 0 %, 134.51 W, 1980 MHz, 0 %, 55
2026/10/10 13:09:27.965, 2, 76805 MiB, 0 %, 121.25 W, 1980 MHz, 0 %, 36
2026/10/10 13:09:27.965, 3, 76805 MiB, 0 %, 117.81 W, 1980 MHz, 0 %, 29
2026/10/10 13:09:27.965, 4, 76805 MiB, 0 %, 114.74 W, 1980 MHz, 0 %, 30
2026/10/10 13:09:27.965, 5, 76805 MiB, 0 %, 119.65 W, 1980 MHz, 0 %, 34
2026/10/10 13:09:27.965, 6, 76805 MiB, 0 %, 113.09 W, 1980 MHz, 0 %, 32
2026/10/10 13:09:27.965, 7, 76805 MiB, 0 %, 142.13 W, 1980 MHz, 0 %, 67
2026/10/10 13:09:28.966, 0, 76805 MiB, 0 %, 119.84 W, 1980 MHz, 0 %, 30
2026/10/10 13:09:28.966, 1, 76805 MiB, 0 %, 134.40 W, 1980 MHz, 0 %, 55
2026/10/10 13:09:28.966, 2, 76805 MiB, 0 %, 121.19 W, 1980 MHz, 0 %, 36
2026/10/10 13:09:28.966, 3, 76805 MiB, 0 %, 116.43 W, 1980 MHz, 0 %, 29
2026/10/10 13:09:28.966, 4, 76805 MiB, 0 %, 114.64 W, 1980 MHz, 0 %, 29
2026/10/10 13:09:28.966, 5, 76805 MiB, 0 %, 119.54 W, 1980 MHz, 0 %, 34
2026/10/10 13:09:28.966, 6, 76805 MiB, 0 %, 113.03 W, 1980 MHz, 0 %, 32
2026/10/10 13:09:28.966, 7, 76805 MiB, 0 %, 141.94 W, 1980 MHz, 0 %, 67
2026/10/10 13:09:29.966, 0, 76805 MiB, 0 %, 119.83 W, 1980 MHz, 0 %, 30
2026/10/10 13:09:29.966, 1, 76805 MiB, 0 %, 134.29 W, 1980 MHz, 0 %, 55
2026/10/10 13:09:29.967, 2, 76805 MiB, 0 %, 121.08 W, 1980 MHz, 0 %, 36
2026/10/10 13:09:29.967, 3, 76805 MiB, 0 %, 116.38 W, 1980 MHz, 0 %, 29
2026/10/10 13:09:29.967, 4, 76805 MiB, 0 %, 114.54 W, 1980 MHz, 0 %, 29
2026/10/10 13:09:29.967, 5, 76805 MiB, 0 %, 119.41 W, 1980 MHz, 0 %, 34
2026/10/10 13:09:29.967, 6, 76805 MiB, 0 %, 112.95 W, 1980 MHz, 0 %, 32
2026/10/10 13:09:29.967, 7, 76805 MiB, 0 %, 141.85 W, 1980 MHz, 0 %, 66
2026/10/10 13:09:30.967, 0, 76805 MiB, 0 %, 119.73 W, 1980 MHz, 0 %, 29
2026/10/10 13:09:30.967, 1, 76805 MiB, 0 %, 134.22 W, 1980 MHz, 0 %, 55
2026/10/10 13:09:30.967, 2, 76805 MiB, 0 %, 120.91 W, 1980 MHz, 0 %, 36
2026/10/10 13:09:30.967, 3, 76805 MiB, 0 %, 116.32 W, 1980 MHz, 0 %, 29
2026/10/10 13:09:30.967, 4, 76805 MiB, 0 %, 114.46 W, 1980 MHz, 0 %, 29
2026/10/10 13:09:30.967, 5, 76805 MiB, 0 %, 119.33 W, 1980 MHz, 0 %, 34
2026/10/10 13:09:30.967, 6, 76805 MiB, 0 %, 112.85 W, 1980 MHz, 0 %, 31
2026/10/10 13:09:30.968, 7, 76805 MiB, 0 %, 141.62 W, 1980 MHz, 0 %, 66
2026/10/10 13:09:31.968, 0, 76805 MiB, 100 %, 588.81 W, 1980 MHz, 47 %, 45
2026/10/10 13:09:31.968, 1, 76805 MiB, 100 %, 624.36 W, 1920 MHz, 47 %, 69
2026/10/10 13:09:31.968, 2, 76805 MiB, 100 %, 603.18 W, 1965 MHz, 48 %, 50
2026/10/10 13:09:31.968, 3, 76805 MiB, 100 %, 622.87 W, 1950 MHz, 46 %, 45
2026/10/10 13:09:31.968, 4, 76805 MiB, 100 %, 617.04 W, 1965 MHz, 47 %, 46
2026/10/10 13:09:31.968, 5, 76805 MiB, 100 %, 640.41 W, 1830 MHz, 48 %, 49
2026/10/10 13:09:31.968, 6, 76805 MiB, 100 %, 602.72 W, 1980 MHz, 45 %, 48
2026/10/10 13:09:31.968, 7, 76805 MiB, 100 %, 602.96 W, 1920 MHz, 48 %, 81
2026/10/10 13:09:32.968, 0, 76805 MiB, 100 %, 670.23 W, 1980 MHz, 44 %, 48
2026/10/10 13:09:32.969, 1, 76805 MiB, 100 %, 689.54 W, 1920 MHz, 44 %, 68
2026/10/10 13:09:32.969, 2, 76805 MiB, 100 %, 676.93 W, 1980 MHz, 45 %, 50
2026/10/10 13:09:32.969, 3, 76805 MiB, 100 %, 686.32 W, 1935 MHz, 47 %, 48
2026/10/10 13:09:32.969, 4, 76805 MiB, 100 %, 686.79 W, 1950 MHz, 46 %, 49
2026/10/10 13:09:32.969, 5, 76805 MiB, 100 %, 686.46 W, 1920 MHz, 46 %, 53
2026/10/10 13:09:32.969, 6, 76805 MiB, 100 %, 674.88 W, 1980 MHz, 47 %, 51
2026/10/10 13:09:32.969, 7, 76805 MiB, 100 %, 688.89 W, 1845 MHz, 44 %, 82
2026/10/10 13:09:33.969, 0, 76805 MiB, 100 %, 672.46 W, 1980 MHz, 42 %, 49
2026/10/10 13:09:33.969, 1, 76805 MiB, 100 %, 696.59 W, 1830 MHz, 42 %, 69
2026/10/10 13:09:33.969, 2, 76805 MiB, 100 %, 675.68 W, 1965 MHz, 42 %, 50
2026/10/10 13:09:33.969, 3, 76805 MiB, 100 %, 687.90 W, 1875 MHz, 42 %, 48
2026/10/10 13:09:33.969, 4, 76805 MiB, 100 %, 689.07 W, 1935 MHz, 42 %, 51
2026/10/10 13:09:33.969, 5, 76805 MiB, 100 %, 687.08 W, 1830 MHz, 42 %, 54
2026/10/10 13:09:33.969, 6, 76805 MiB, 100 %, 676.53 W, 1980 MHz, 42 %, 54
2026/10/10 13:09:33.970, 7, 76805 MiB, 100 %, 670.21 W, 1740 MHz, 45 %, 82
2026/10/10 13:09:34.970, 0, 76805 MiB, 100 %, 338.27 W, 1980 MHz, 17 %, 37
2026/10/10 13:09:34.970, 1, 76805 MiB, 100 %, 349.81 W, 1980 MHz, 16 %, 60
2026/10/10 13:09:34.970, 2, 76805 MiB, 100 %, 335.02 W, 1980 MHz, 16 %, 40
2026/10/10 13:09:34.970, 3, 76805 MiB, 100 %, 325.20 W, 1980 MHz, 17 %, 36
2026/10/10 13:09:34.970, 4, 76805 MiB, 100 %, 330.22 W, 1980 MHz, 17 %, 37
2026/10/10 13:09:34.970, 5, 76805 MiB, 100 %, 329.78 W, 1980 MHz, 16 %, 41
2026/10/10 13:09:34.970, 6, 76805 MiB, 100 %, 322.15 W, 1980 MHz, 16 %, 40
2026/10/10 13:09:34.970, 7, 76805 MiB, 100 %, 374.54 W, 1980 MHz, 17 %, 72
2026/10/10 13:09:35.970, 0, 76805 MiB, 100 %, 251.79 W, 1980 MHz, 17 %, 36
2026/10/10 13:09:35.970, 1, 76805 MiB, 100 %, 269.80 W, 1980 MHz, 17 %, 59
2026/10/10 13:09:35.970, 2, 76805 MiB, 100 %, 250.39 W, 1980 MHz, 16 %, 40
2026/10/10 13:09:35.970, 3, 76805 MiB, 100 %, 249.19 W, 1980 MHz, 17 %, 35
2026/10/10 13:09:35.970, 4, 76805 MiB, 100 %, 243.38 W, 1980 MHz, 17 %, 35
2026/10/10 13:09:35.971, 5, 76805 MiB, 100 %, 251.02 W, 1980 MHz, 17 %, 40
2026/10/10 13:09:35.971, 6, 76805 MiB, 100 %, 241.81 W, 1980 MHz, 16 %, 38
2026/10/10 13:09:35.971, 7, 76805 MiB, 100 %, 283.55 W, 1980 MHz, 17 %, 71
2026/10/10 13:09:36.971, 0, 76805 MiB, 100 %, 250.79 W, 1980 MHz, 16 %, 36
2026/10/10 13:09:36.971, 1, 76805 MiB, 100 %, 267.62 W, 1980 MHz, 16 %, 59
2026/10/10 13:09:36.971, 2, 76805 MiB, 100 %, 249.69 W, 1980 MHz, 17 %, 39
2026/10/10 13:09:36.971, 3, 76805 MiB, 100 %, 249.21 W, 1980 MHz, 17 %, 34
2026/10/10 13:09:36.971, 4, 76805 MiB, 100 %, 242.40 W, 1980 MHz, 16 %, 35
2026/10/10 13:09:36.971, 5, 76805 MiB, 100 %, 250.92 W, 1980 MHz, 17 %, 39
2026/10/10 13:09:36.971, 6, 76805 MiB, 100 %, 240.81 W, 1980 MHz, 16 %, 37
2026/10/10 13:09:36.971, 7, 76805 MiB, 100 %, 280.59 W, 1980 MHz, 17 %, 71
2026/10/10 13:09:37.971, 0, 76805 MiB, 100 %, 251.58 W, 1980 MHz, 17 %, 35
2026/10/10 13:09:37.971, 1, 76805 MiB, 100 %, 268.17 W, 1980 MHz, 17 %, 59
2026/10/10 13:09:37.971, 2, 76805 MiB, 100 %, 250.47 W, 1980 MHz, 16 %, 39
2026/10/10 13:09:37.972, 3, 76805 MiB, 100 %, 249.07 W, 1980 MHz, 17 %, 34
2026/10/10 13:09:37.972, 4, 76805 MiB, 100 %, 242.07 W, 1980 MHz, 16 %, 34
2026/10/10 13:09:37.972, 5, 76805 MiB, 100 %, 250.39 W, 1980 MHz, 16 %, 39
2026/10/10 13:09:37.972, 6, 76805 MiB, 100 %, 242.19 W, 1980 MHz, 17 %, 37
2026/10/10 13:09:37.972, 7, 76805 MiB, 100 %, 282.18 W, 1980 MHz, 17 %, 71
2026/10/10 13:09:38.972, 0, 76805 MiB, 100 %, 250.57 W, 1980 MHz, 17 %, 35
2026/10/10 13:09:38.972, 1, 76805 MiB, 100 %, 267.77 W, 1980 MHz, 17 %, 59
2026/10/10 13:09:38.972, 2, 76805 MiB, 100 %, 249.96 W, 1980 MHz, 16 %, 39
2026/10/10 13:09:38.972, 3, 76805 MiB, 100 %, 249.15 W, 1980 MHz, 16 %, 34
2026/10/10 13:09:38.972, 4, 76805 MiB, 100 %, 242.18 W, 1980 MHz, 16 %, 34
2026/10/10 13:09:38.972, 5, 76805 MiB, 100 %, 248.71 W, 1980 MHz, 17 %, 39
2026/10/10 13:09:38.972, 6, 76805 MiB, 100 %, 240.75 W, 1980 MHz, 16 %, 37
2026/10/10 13:09:38.972, 7, 76805 MiB, 100 %, 280.99 W, 1980 MHz, 17 %, 70
2026/10/10 13:09:39.973, 0, 76805 MiB, 100 %, 251.23 W, 1980 MHz, 17 %, 35
2026/10/10 13:09:39.973, 1, 76805 MiB, 100 %, 268.40 W, 1980 MHz, 17 %, 59
2026/10/10 13:09:39.973, 2, 76805 MiB, 100 %, 251.12 W, 1980 MHz, 17 %, 39
2026/10/10 13:09:39.973, 3, 76805 MiB, 100 %, 248.75 W, 1980 MHz, 17 %, 34
2026/10/10 13:09:39.973, 4, 76805 MiB, 100 %, 242.22 W, 1980 MHz, 16 %, 34
2026/10/10 13:09:39.973, 5, 76805 MiB, 100 %, 250.19 W, 1980 MHz, 16 %, 39
2026/10/10 13:09:39.973, 6, 76805 MiB, 100 %, 241.52 W, 1980 MHz, 16 %, 36
2026/10/10 13:09:39.973, 7, 76805 MiB, 100 %, 280.47 W, 1980 MHz, 17 %, 70
2026/10/10 13:09:40.973, 0, 76805 MiB, 100 %, 250.80 W, 1980 MHz, 17 %, 35
2026/10/10 13:09:40.973, 1, 76805 MiB, 100 %, 267.99 W, 1980 MHz, 17 %, 59
2026/10/10 13:09:40.973, 2, 76805 MiB, 100 %, 250.70 W, 1980 MHz, 16 %, 39
2026/10/10 13:09:40.973, 3, 76805 MiB, 100 %, 248.32 W, 1980 MHz, 16 %, 33
2026/10/10 13:09:40.973, 4, 76805 MiB, 100 %, 242.15 W, 1980 MHz, 16 %, 34
2026/10/10 13:09:40.973, 5, 76805 MiB, 100 %, 248.74 W, 1980 MHz, 17 %, 38
2026/10/10 13:09:40.974, 6, 76805 MiB, 100 %, 241.84 W, 1980 MHz, 17 %, 36
2026/10/10 13:09:40.974, 7, 76805 MiB, 100 %, 281.38 W, 1980 MHz, 17 %, 70
2026/10/10 13:09:41.974, 0, 76805 MiB, 100 %, 250.82 W, 1980 MHz, 17 %, 35
2026/10/10 13:09:41.974, 1, 76805 MiB, 100 %, 267.42 W, 1980 MHz, 16 %, 59
2026/10/10 13:09:41.974, 2, 76805 MiB, 100 %, 248.97 W, 1980 MHz, 16 %, 39
2026/10/10 13:09:41.974, 3, 76805 MiB, 100 %, 247.82 W, 1980 MHz, 16 %, 33
2026/10/10 13:09:41.974, 4, 76805 MiB, 100 %, 241.82 W, 1980 MHz, 16 %, 34
2026/10/10 13:09:41.974, 5, 76805 MiB, 100 %, 249.45 W, 1980 MHz, 16 %, 38
2026/10/10 13:09:41.974, 6, 76805 MiB, 100 %, 240.70 W, 1980 MHz, 16 %, 36
2026/10/10 13:09:41.974, 7, 76805 MiB, 100 %, 280.23 W, 1980 MHz, 17 %, 70
2026/10/10 13:09:42.974, 0, 76805 MiB, 100 %, 250.07 W, 1980 MHz, 16 %, 35
2026/10/10 13:09:42.975, 1, 76805 MiB, 100 %, 268.02 W, 1980 MHz, 16 %, 59
2026/10/10 13:09:42.975, 2, 76805 MiB, 100 %, 250.20 W, 1980 MHz, 17 %, 39
2026/10/10 13:09:42.975, 3, 76805 MiB, 100 %, 247.75 W, 1980 MHz, 17 %, 33
2026/10/10 13:09:42.975, 4, 76805 MiB, 100 %, 242.95 W, 1980 MHz, 16 %, 34
2026/10/10 13:09:42.975, 5, 76805 MiB, 100 %, 249.63 W, 1980 MHz, 17 %, 38
2026/10/10 13:09:42.975, 6, 76805 MiB, 100 %, 239.05 W, 1980 MHz, 17 %, 36
2026/10/10 13:09:42.975, 7, 76805 MiB, 100 %, 283.45 W, 1980 MHz, 17 %, 70
2026/10/10 13:09:43.975, 0, 76805 MiB, 100 %, 251.13 W, 1980 MHz, 17 %, 35
2026/10/10 13:09:43.975, 1, 76805 MiB, 100 %, 268.50 W, 1980 MHz, 16 %, 59
2026/10/10 13:09:43.975, 2, 76805 MiB, 100 %, 248.75 W, 1980 MHz, 16 %, 39
2026/10/10 13:09:43.975, 3, 76805 MiB, 100 %, 248.48 W, 1980 MHz, 16 %, 33
2026/10/10 13:09:43.975, 4, 76805 MiB, 100 %, 241.64 W, 1980 MHz, 16 %, 34
2026/10/10 13:09:43.975, 5, 76805 MiB, 100 %, 249.02 W, 1980 MHz, 16 %, 38
2026/10/10 13:09:43.975, 6, 76805 MiB, 100 %, 239.95 W, 1980 MHz, 16 %, 36
2026/10/10 13:09:43.975, 7, 76805 MiB, 100 %, 279.68 W, 1980 MHz, 17 %, 70
2026/10/10 13:09:44.976, 0, 76805 MiB, 100 %, 250.00 W, 1980 MHz, 16 %, 35
2026/10/10 13:09:44.976, 1, 76805 MiB, 100 %, 266.13 W, 1980 MHz, 16 %, 59
2026/10/10 13:09:44.976, 2, 76805 MiB, 100 %, 251.09 W, 1980 MHz, 16 %, 39
2026/10/10 13:09:44.976, 3, 76805 MiB, 100 %, 247.58 W, 1980 MHz, 16 %, 33
2026/10/10 13:09:44.976, 4, 76805 MiB, 100 %, 242.74 W, 1980 MHz, 17 %, 34
2026/10/10 13:09:44.976, 5, 76805 MiB, 100 %, 249.59 W, 1980 MHz, 16 %, 38
2026/10/10 13:09:44.976, 6, 76805 MiB, 100 %, 241.25 W, 1980 MHz, 16 %, 36
2026/10/10 13:09:44.976, 7, 76805 MiB, 100 %, 280.65 W, 1980 MHz, 17 %, 70
2026/10/10 13:09:45.976, 0, 76805 MiB, 100 %, 249.24 W, 1980 MHz, 16 %, 35
2026/10/10 13:09:45.976, 1, 76805 MiB, 100 %, 266.99 W, 1980 MHz, 16 %, 59
2026/10/10 13:09:45.976, 2, 76805 MiB, 100 %, 250.76 W, 1980 MHz, 17 %, 39
2026/10/10 13:09:45.976, 3, 76805 MiB, 100 %, 247.28 W, 1980 MHz, 17 %, 33
2026/10/10 13:09:45.976, 4, 76805 MiB, 100 %, 242.21 W, 1980 MHz, 16 %, 34
2026/10/10 13:09:45.977, 5, 76805 MiB, 100 %, 248.86 W, 1980 MHz, 16 %, 38
2026/10/10 13:09:45.977, 6, 76805 MiB, 100 %, 240.82 W, 1980 MHz, 16 %, 36
2026/10/10 13:09:45.977, 7, 76805 MiB, 100 %, 280.84 W, 1980 MHz, 17 %, 70
2026/10/10 13:09:46.977, 0, 76805 MiB, 100 %, 249.51 W, 1980 MHz, 16 %, 35
2026/10/10 13:09:46.977, 1, 76805 MiB, 100 %, 266.98 W, 1980 MHz, 16 %, 59
2026/10/10 13:09:46.977, 2, 76805 MiB, 100 %, 249.21 W, 1980 MHz, 16 %, 39
2026/10/10 13:09:46.977, 3, 76805 MiB, 100 %, 248.12 W, 1980 MHz, 16 %, 33
2026/10/10 13:09:46.977, 4, 76805 MiB, 100 %, 241.37 W, 1980 MHz, 17 %, 34
2026/10/10 13:09:46.977, 5, 76805 MiB, 100 %, 248.90 W, 1980 MHz, 17 %, 38
2026/10/10 13:09:46.977, 6, 76805 MiB, 100 %, 240.57 W, 1980 MHz, 16 %, 36
2026/10/10 13:09:46.977, 7, 76805 MiB, 100 %, 281.22 W, 1980 MHz, 17 %, 70
2026/10/10 13:09:47.977, 0, 76805 MiB, 100 %, 248.82 W, 1980 MHz, 16 %, 35
2026/10/10 13:09:47.977, 1, 76805 MiB, 100 %, 266.95 W, 1980 MHz, 16 %, 59
2026/10/10 13:09:47.978, 2, 76805 MiB, 100 %, 249.99 W, 1980 MHz, 17 %, 39
2026/10/10 13:09:47.978, 3, 76805 MiB, 100 %, 246.23 W, 1980 MHz, 16 %, 33
2026/10/10 13:09:47.978, 4, 76805 MiB, 100 %, 241.78 W, 1980 MHz, 16 %, 34
2026/10/10 13:09:47.978, 5, 76805 MiB, 100 %, 249.40 W, 1980 MHz, 16 %, 38
2026/10/10 13:09:47.978, 6, 76805 MiB, 100 %, 239.28 W, 1980 MHz, 17 %, 36
2026/10/10 13:09:47.978, 7, 76805 MiB, 100 %, 280.59 W, 1980 MHz, 17 %, 70
2026/10/10 13:09:48.978, 0, 76805 MiB, 100 %, 250.43 W, 1980 MHz, 17 %, 35
2026/10/10 13:09:48.978, 1, 76805 MiB, 100 %, 268.27 W, 1980 MHz, 16 %, 59
2026/10/10 13:09:48.978, 2, 76805 MiB, 100 %, 250.24 W, 1980 MHz, 16 %, 39
2026/10/10 13:09:48.978, 3, 76805 MiB, 100 %, 248.69 W, 1980 MHz, 16 %, 33
2026/10/10 13:09:48.978, 4, 76805 MiB, 100 %, 241.72 W, 1980 MHz, 16 %, 34
2026/10/10 13:09:48.978, 5, 76805 MiB, 100 %, 247.53 W, 1980 MHz, 16 %, 38
2026/10/10 13:09:48.978, 6, 76805 MiB, 100 %, 241.49 W, 1980 MHz, 16 %, 36
2026/10/10 13:09:48.978, 7, 76805 MiB, 100 %, 281.42 W, 1980 MHz, 17 %, 70
2026/10/10 13:09:49.978, 0, 76805 MiB, 100 %, 250.38 W, 1980 MHz, 17 %, 35
2026/10/10 13:09:49.979, 1, 76805 MiB, 100 %, 267.33 W, 1980 MHz, 17 %, 59
2026/10/10 13:09:49.979, 2, 76805 MiB, 100 %, 249.94 W, 1980 MHz, 16 %, 39
2026/10/10 13:09:49.979, 3, 76805 MiB, 100 %, 247.40 W, 1980 MHz, 17 %, 33
2026/10/10 13:09:49.979, 4, 76805 MiB, 100 %, 240.78 W, 1980 MHz, 16 %, 33
2026/10/10 13:09:49.979, 5, 76805 MiB, 100 %, 248.33 W, 1980 MHz, 16 %, 38
2026/10/10 13:09:49.979, 6, 76805 MiB, 100 %, 239.58 W, 1980 MHz, 16 %, 35
2026/10/10 13:09:49.979, 7, 76805 MiB, 100 %, 279.64 W, 1980 MHz, 17 %, 70
2026/10/10 13:09:50.979, 0, 76805 MiB, 100 %, 450.54 W, 1980 MHz, 48 %, 46
2026/10/10 13:09:50.979, 1, 76805 MiB, 100 %, 487.45 W, 1860 MHz, 49 %, 69
2026/10/10 13:09:50.979, 2, 76805 MiB, 100 %, 454.62 W, 1980 MHz, 49 %, 49
2026/10/10 13:09:50.979, 3, 76805 MiB, 100 %, 474.27 W, 1965 MHz, 48 %, 45
2026/10/10 13:09:50.979, 4, 76805 MiB, 100 %, 480.10 W, 1965 MHz, 49 %, 47
2026/10/10 13:09:50.979, 5, 76805 MiB, 100 %, 487.26 W, 1965 MHz, 48 %, 50
2026/10/10 13:09:50.979, 6, 76805 MiB, 100 %, 463.74 W, 1980 MHz, 48 %, 48
2026/10/10 13:09:50.980, 7, 76805 MiB, 100 %, 514.24 W, 1905 MHz, 48 %, 81
2026/10/10 13:09:51.980, 0, 76805 MiB, 100 %, 673.22 W, 1980 MHz, 49 %, 49
2026/10/10 13:09:51.980, 1, 76805 MiB, 100 %, 693.23 W, 1935 MHz, 49 %, 70
2026/10/10 13:09:51.980, 2, 76805 MiB, 100 %, 676.49 W, 1965 MHz, 48 %, 50
2026/10/10 13:09:51.980, 3, 76805 MiB, 100 %, 692.27 W, 1920 MHz, 49 %, 47
2026/10/10 13:09:51.980, 4, 76805 MiB, 100 %, 687.87 W, 1950 MHz, 49 %, 50
2026/10/10 13:09:51.980, 5, 76805 MiB, 100 %, 693.53 W, 1875 MHz, 49 %, 53
2026/10/10 13:09:51.980, 6, 76805 MiB, 100 %, 679.18 W, 1980 MHz, 45 %, 52
2026/10/10 13:09:51.980, 7, 76805 MiB, 100 %, 692.33 W, 1890 MHz, 49 %, 84
2026/10/10 13:09:52.980, 0, 76805 MiB, 100 %, 667.97 W, 1980 MHz, 42 %, 50
2026/10/10 13:09:52.981, 1, 76805 MiB, 100 %, 691.27 W, 1965 MHz, 42 %, 70
2026/10/10 13:09:52.981, 2, 76805 MiB, 100 %, 676.99 W, 1980 MHz, 43 %, 51
2026/10/10 13:09:52.981, 3, 76805 MiB, 100 %, 684.26 W, 1950 MHz, 42 %, 49
2026/10/10 13:09:52.981, 4, 76805 MiB, 100 %, 688.34 W, 1950 MHz, 42 %, 51
2026/10/10 13:09:52.981, 5, 76805 MiB, 100 %, 682.16 W, 1965 MHz, 43 %, 55
2026/10/10 13:09:52.981, 6, 76805 MiB, 100 %, 667.36 W, 1980 MHz, 43 %, 54
2026/10/10 13:09:52.981, 7, 76805 MiB, 100 %, 660.68 W, 1770 MHz, 42 %, 82
2026/10/10 13:09:53.981, 0, 76805 MiB, 100 %, 489.02 W, 1980 MHz, 17 %, 39
2026/10/10 13:09:53.981, 1, 76805 MiB, 100 %, 507.81 W, 1980 MHz, 16 %, 60
2026/10/10 13:09:53.981, 2, 76805 MiB, 100 %, 501.81 W, 1980 MHz, 16 %, 42
2026/10/10 13:09:53.981, 3, 76805 MiB, 100 %, 504.78 W, 1980 MHz, 16 %, 38
2026/10/10 13:09:53.981, 4, 76805 MiB, 100 %, 485.16 W, 1980 MHz, 17 %, 39
2026/10/10 13:09:53.981, 5, 76805 MiB, 100 %, 486.79 W, 1980 MHz, 16 %, 43
2026/10/10 13:09:53.981, 6, 76805 MiB, 100 %, 474.43 W, 1980 MHz, 16 %, 42
2026/10/10 13:09:53.982, 7, 76805 MiB, 100 %, 457.44 W, 1980 MHz, 17 %, 73
2026/10/10 13:09:54.982, 0, 76805 MiB, 100 %, 252.90 W, 1980 MHz, 17 %, 37
2026/10/10 13:09:54.982, 1, 76805 MiB, 100 %, 266.51 W, 1980 MHz, 16 %, 59
2026/10/10 13:09:54.982, 2, 76805 MiB, 100 %, 254.20 W, 1980 MHz, 17 %, 40
2026/10/10 13:09:54.982, 3, 76805 MiB, 100 %, 251.13 W, 1980 MHz, 17 %, 36
2026/10/10 13:09:54.982, 4, 76805 MiB, 100 %, 245.75 W, 1980 MHz, 17 %, 36
2026/10/10 13:09:54.982, 5, 76805 MiB, 100 %, 252.19 W, 1980 MHz, 16 %, 40
2026/10/10 13:09:54.982, 6, 76805 MiB, 100 %, 243.31 W, 1980 MHz, 16 %, 39
2026/10/10 13:09:54.982, 7, 76805 MiB, 100 %, 280.54 W, 1980 MHz, 16 %, 71
2026/10/10 13:09:55.982, 0, 76805 MiB, 100 %, 251.75 W, 1980 MHz, 16 %, 36
2026/10/10 13:09:55.982, 1, 76805 MiB, 100 %, 267.64 W, 1980 MHz, 16 %, 59
2026/10/10 13:09:55.982, 2, 76805 MiB, 100 %, 251.87 W, 1980 MHz, 17 %, 40
2026/10/10 13:09:55.982, 3, 76805 MiB, 100 %, 250.08 W, 1980 MHz, 17 %, 35
2026/10/10 13:09:55.982, 4, 76805 MiB, 100 %, 244.41 W, 1980 MHz, 16 %, 35
2026/10/10 13:09:55.983, 5, 76805 MiB, 100 %, 251.22 W, 1980 MHz, 17 %, 40
2026/10/10 13:09:55.983, 6, 76805 MiB, 100 %, 242.41 W, 1980 MHz, 16 %, 38
2026/10/10 13:09:55.983, 7, 76805 MiB, 100 %, 279.35 W, 1980 MHz, 16 %, 71
2026/10/10 13:09:56.983, 0, 76805 MiB, 100 %, 251.45 W, 1980 MHz, 17 %, 36
2026/10/10 13:09:56.983, 1, 76805 MiB, 100 %, 267.82 W, 1980 MHz, 16 %, 59
2026/10/10 13:09:56.983, 2, 76805 MiB, 100 %, 250.24 W, 1980 MHz, 16 %, 39
2026/10/10 13:09:56.983, 3, 76805 MiB, 100 %, 249.75 W, 1980 MHz, 17 %, 34
2026/10/10 13:09:56.983, 4, 76805 MiB, 100 %, 243.51 W, 1980 MHz, 16 %, 35
2026/10/10 13:09:56.983, 5, 76805 MiB, 100 %, 250.13 W, 1980 MHz, 16 %, 39
2026/10/10 13:09:56.983, 6, 76805 MiB, 100 %, 243.21 W, 1980 MHz, 16 %, 37
2026/10/10 13:09:56.983, 7, 76805 MiB, 100 %, 280.63 W, 1980 MHz, 16 %, 71
2026/10/10 13:09:57.983, 0, 76805 MiB, 100 %, 251.60 W, 1980 MHz, 17 %, 36
2026/10/10 13:09:57.983, 1, 76805 MiB, 100 %, 270.52 W, 1980 MHz, 17 %, 59
2026/10/10 13:09:57.983, 2, 76805 MiB, 100 %, 249.68 W, 1980 MHz, 16 %, 39
2026/10/10 13:09:57.983, 3, 76805 MiB, 100 %, 249.52 W, 1980 MHz, 16 %, 34
2026/10/10 13:09:57.983, 4, 76805 MiB, 100 %, 239.99 W, 1980 MHz, 16 %, 35
2026/10/10 13:09:57.984, 5, 76805 MiB, 100 %, 249.85 W, 1980 MHz, 17 %, 39
2026/10/10 13:09:57.984, 6, 76805 MiB, 100 %, 242.88 W, 1980 MHz, 16 %, 37
2026/10/10 13:09:57.984, 7, 76805 MiB, 100 %, 278.62 W, 1980 MHz, 16 %, 71
2026/10/10 13:09:58.984, 0, 76805 MiB, 100 %, 250.48 W, 1980 MHz, 16 %, 36
2026/10/10 13:09:58.984, 1, 76805 MiB, 100 %, 268.40 W, 1980 MHz, 16 %, 59
2026/10/10 13:09:58.984, 2, 76805 MiB, 100 %, 249.53 W, 1980 MHz, 16 %, 39
2026/10/10 13:09:58.984, 3, 76805 MiB, 100 %, 246.94 W, 1980 MHz, 16 %, 34
2026/10/10 13:09:58.984, 4, 76805 MiB, 100 %, 240.46 W, 1980 MHz, 16 %, 34
2026/10/10 13:09:58.984, 5, 76805 MiB, 100 %, 250.90 W, 1980 MHz, 17 %, 39
2026/10/10 13:09:58.984, 6, 76805 MiB, 100 %, 241.59 W, 1980 MHz, 17 %, 37
2026/10/10 13:09:58.984, 7, 76805 MiB, 100 %, 278.60 W, 1980 MHz, 16 %, 71
2026/10/10 13:09:59.984, 0, 76805 MiB, 100 %, 249.22 W, 1980 MHz, 16 %, 35
2026/10/10 13:09:59.984, 1, 76805 MiB, 100 %, 267.94 W, 1980 MHz, 16 %, 59
2026/10/10 13:09:59.984, 2, 76805 MiB, 100 %, 250.60 W, 1980 MHz, 16 %, 39
2026/10/10 13:09:59.984, 3, 76805 MiB, 100 %, 247.43 W, 1980 MHz, 16 %, 34
2026/10/10 13:09:59.984, 4, 76805 MiB, 100 %, 241.62 W, 1980 MHz, 16 %, 34
2026/10/10 13:09:59.985, 5, 76805 MiB, 100 %, 251.51 W, 1980 MHz, 17 %, 39
2026/10/10 13:09:59.985, 6, 76805 MiB, 100 %, 241.36 W, 1980 MHz, 17 %, 36
2026/10/10 13:09:59.985, 7, 76805 MiB, 100 %, 278.77 W, 1980 MHz, 16 %, 71
2026/10/10 13:10:00.985, 0, 76805 MiB, 100 %, 248.29 W, 1980 MHz, 16 %, 35
2026/10/10 13:10:00.985, 1, 76805 MiB, 100 %, 266.89 W, 1980 MHz, 16 %, 59
2026/10/10 13:10:00.985, 2, 76805 MiB, 100 %, 251.38 W, 1980 MHz, 17 %, 39
2026/10/10 13:10:00.985, 3, 76805 MiB, 100 %, 247.20 W, 1980 MHz, 16 %, 34
2026/10/10 13:10:00.985, 4, 76805 MiB, 100 %, 240.41 W, 1980 MHz, 16 %, 34
2026/10/10 13:10:00.985, 5, 76805 MiB, 100 %, 250.80 W, 1980 MHz, 17 %, 39
2026/10/10 13:10:00.985, 6, 76805 MiB, 100 %, 241.39 W, 1980 MHz, 16 %, 36
2026/10/10 13:10:00.985, 7, 76805 MiB, 100 %, 278.09 W, 1980 MHz, 16 %, 70
2026/10/10 13:10:01.985, 0, 76805 MiB, 100 %, 248.98 W, 1980 MHz, 16 %, 35
2026/10/10 13:10:01.985, 1, 76805 MiB, 100 %, 265.58 W, 1980 MHz, 16 %, 59
2026/10/10 13:10:01.985, 2, 76805 MiB, 100 %, 251.31 W, 1980 MHz, 16 %, 39
2026/10/10 13:10:01.986, 3, 76805 MiB, 100 %, 246.91 W, 1980 MHz, 16 %, 34
2026/10/10 13:10:01.986, 4, 76805 MiB, 100 %, 240.43 W, 1980 MHz, 16 %, 34
2026/10/10 13:10:01.986, 5, 76805 MiB, 100 %, 250.67 W, 1980 MHz, 17 %, 38
2026/10/10 13:10:01.986, 6, 76805 MiB, 100 %, 241.76 W, 1980 MHz, 17 %, 36
2026/10/10 13:10:01.986, 7, 76805 MiB, 100 %, 278.97 W, 1980 MHz, 16 %, 70
2026/10/10 13:10:02.986, 0, 76805 MiB, 100 %, 249.75 W, 1980 MHz, 16 %, 35
2026/10/10 13:10:02.986, 1, 76805 MiB, 100 %, 265.27 W, 1980 MHz, 16 %, 59
2026/10/10 13:10:02.986, 2, 76805 MiB, 100 %, 250.97 W, 1980 MHz, 17 %, 39
2026/10/10 13:10:02.986, 3, 76805 MiB, 100 %, 247.43 W, 1980 MHz, 16 %, 34
2026/10/10 13:10:02.986, 4, 76805 MiB, 100 %, 241.05 W, 1980 MHz, 16 %, 34
2026/10/10 13:10:02.986, 5, 76805 MiB, 100 %, 250.98 W, 1980 MHz, 17 %, 38
2026/10/10 13:10:02.986, 6, 76805 MiB, 100 %, 241.00 W, 1980 MHz, 17 %, 36
2026/10/10 13:10:02.986, 7, 76805 MiB, 100 %, 278.19 W, 1980 MHz, 16 %, 70
2026/10/10 13:10:03.986, 0, 76805 MiB, 100 %, 247.35 W, 1980 MHz, 16 %, 35
2026/10/10 13:10:03.986, 1, 76805 MiB, 100 %, 266.39 W, 1980 MHz, 16 %, 59
2026/10/10 13:10:03.987, 2, 76805 MiB, 100 %, 251.88 W, 1980 MHz, 16 %, 39
2026/10/10 13:10:03.987, 3, 76805 MiB, 100 %, 246.85 W, 1980 MHz, 16 %, 33
2026/10/10 13:10:03.987, 4, 76805 MiB, 100 %, 242.04 W, 1980 MHz, 16 %, 34
2026/10/10 13:10:03.987, 5, 76805 MiB, 100 %, 251.22 W, 1980 MHz, 17 %, 38
2026/10/10 13:10:03.987, 6, 76805 MiB, 100 %, 240.62 W, 1980 MHz, 16 %, 36
2026/10/10 13:10:03.987, 7, 76805 MiB, 100 %, 277.80 W, 1980 MHz, 16 %, 70
2026/10/10 13:10:04.987, 0, 76805 MiB, 100 %, 248.21 W, 1980 MHz, 16 %, 35
2026/10/10 13:10:04.987, 1, 76805 MiB, 100 %, 267.13 W, 1980 MHz, 16 %, 59
2026/10/10 13:10:04.987, 2, 76805 MiB, 100 %, 251.11 W, 1980 MHz, 16 %, 39
2026/10/10 13:10:04.987, 3, 76805 MiB, 100 %, 247.12 W, 1980 MHz, 16 %, 33
2026/10/10 13:10:04.987, 4, 76805 MiB, 100 %, 241.63 W, 1980 MHz, 16 %, 34
2026/10/10 13:10:04.987, 5, 76805 MiB, 100 %, 251.16 W, 1980 MHz, 17 %, 38
2026/10/10 13:10:04.987, 6, 76805 MiB, 100 %, 241.56 W, 1980 MHz, 17 %, 36
2026/10/10 13:10:04.987, 7, 76805 MiB, 100 %, 278.60 W, 1980 MHz, 16 %, 70
2026/10/10 13:10:05.987, 0, 76805 MiB, 100 %, 247.58 W, 1980 MHz, 16 %, 35
2026/10/10 13:10:05.988, 1, 76805 MiB, 100 %, 267.03 W, 1980 MHz, 16 %, 59
2026/10/10 13:10:05.988, 2, 76805 MiB, 100 %, 251.08 W, 1980 MHz, 17 %, 39
2026/10/10 13:10:05.988, 3, 76805 MiB, 100 %, 246.45 W, 1980 MHz, 16 %, 33
2026/10/10 13:10:05.988, 4, 76805 MiB, 100 %, 241.56 W, 1980 MHz, 16 %, 34
2026/10/10 13:10:05.988, 5, 76805 MiB, 100 %, 250.62 W, 1980 MHz, 17 %, 38
2026/10/10 13:10:05.988, 6, 76805 MiB, 100 %, 241.59 W, 1980 MHz, 17 %, 36
2026/10/10 13:10:05.988, 7, 76805 MiB, 100 %, 278.26 W, 1980 MHz, 16 %, 70
2026/10/10 13:10:06.988, 0, 76805 MiB, 100 %, 248.67 W, 1980 MHz, 16 %, 35
2026/10/10 13:10:06.988, 1, 76805 MiB, 100 %, 265.72 W, 1980 MHz, 16 %, 59
2026/10/10 13:10:06.988, 2, 76805 MiB, 100 %, 250.61 W, 1980 MHz, 17 %, 39
2026/10/10 13:10:06.988, 3, 76805 MiB, 100 %, 247.71 W, 1980 MHz, 16 %, 33
2026/10/10 13:10:06.988, 4, 76805 MiB, 100 %, 242.20 W, 1980 MHz, 16 %, 34
2026/10/10 13:10:06.988, 5, 76805 MiB, 100 %, 251.20 W, 1980 MHz, 17 %, 38
2026/10/10 13:10:06.988, 6, 76805 MiB, 100 %, 241.12 W, 1980 MHz, 17 %, 36
2026/10/10 13:10:06.988, 7, 76805 MiB, 100 %, 277.80 W, 1980 MHz, 16 %, 70
2026/10/10 13:10:07.988, 0, 76805 MiB, 100 %, 247.30 W, 1980 MHz, 16 %, 35
2026/10/10 13:10:07.989, 1, 76805 MiB, 100 %, 266.66 W, 1980 MHz, 16 %, 59
2026/10/10 13:10:07.989, 2, 76805 MiB, 100 %, 251.59 W, 1980 MHz, 17 %, 39
2026/10/10 13:10:07.989, 3, 76805 MiB, 100 %, 247.00 W, 1980 MHz, 16 %, 33
2026/10/10 13:10:07.989, 4, 76805 MiB, 100 %, 240.61 W, 1980 MHz, 16 %, 34
2026/10/10 13:10:07.989, 5, 76805 MiB, 100 %, 250.95 W, 1980 MHz, 17 %, 38
2026/10/10 13:10:07.989, 6, 76805 MiB, 100 %, 241.09 W, 1980 MHz, 17 %, 36
2026/10/10 13:10:07.989, 7, 76805 MiB, 100 %, 278.32 W, 1980 MHz, 16 %, 70
2026/10/10 13:10:08.989, 0, 76805 MiB, 100 %, 248.21 W, 1980 MHz, 16 %, 35
2026/10/10 13:10:08.989, 1, 76805 MiB, 100 %, 267.47 W, 1980 MHz, 16 %, 59
2026/10/10 13:10:08.989, 2, 76805 MiB, 100 %, 251.06 W, 1980 MHz, 17 %, 39
2026/10/10 13:10:08.989, 3, 76805 MiB, 100 %, 246.39 W, 1980 MHz, 16 %, 33
2026/10/10 13:10:08.989, 4, 76805 MiB, 100 %, 240.66 W, 1980 MHz, 16 %, 34
2026/10/10 13:10:08.989, 5, 76805 MiB, 100 %, 251.23 W, 1980 MHz, 17 %, 38
2026/10/10 13:10:08.989, 6, 76805 MiB, 100 %, 241.13 W, 1980 MHz, 17 %, 36
2026/10/10 13:10:08.989, 7, 76805 MiB, 100 %, 279.04 W, 1980 MHz, 16 %, 70
2026/10/10 13:10:09.990, 0, 76805 MiB, 52 %, 258.62 W, 1980 MHz, 28 %, 41
2026/10/10 13:10:09.990, 1, 76805 MiB, 60 %, 282.58 W, 1935 MHz, 32 %, 65
2026/10/10 13:10:09.990, 2, 76805 MiB, 29 %, 269.92 W, 1980 MHz, 16 %, 44
2026/10/10 13:10:09.990, 3, 76805 MiB, 100 %, 272.07 W, 1980 MHz, 50 %, 37
2026/10/10 13:10:09.990, 4, 76805 MiB, 76 %, 272.06 W, 1980 MHz, 40 %, 41
2026/10/10 13:10:09.990, 5, 76805 MiB, 74 %, 283.78 W, 1950 MHz, 38 %, 45
2026/10/10 13:10:09.990, 6, 76805 MiB, 39 %, 270.52 W, 1980 MHz, 21 %, 42
2026/10/10 13:10:09.990, 7, 76805 MiB, 79 %, 319.94 W, 1905 MHz, 41 %, 77
2026/10/10 13:10:10.990, 0, 76805 MiB, 100 %, 675.38 W, 1980 MHz, 44 %, 47
2026/10/10 13:10:10.990, 1, 76805 MiB, 100 %, 699.42 W, 1845 MHz, 44 %, 66
2026/10/10 13:10:10.990, 2, 76805 MiB, 100 %, 676.62 W, 1980 MHz, 43 %, 49
2026/10/10 13:10:10.990, 3, 76805 MiB, 100 %, 694.34 W, 1950 MHz, 48 %, 47
2026/10/10 13:10:10.991, 4, 76805 MiB, 100 %, 692.85 W, 1965 MHz, 45 %, 48
2026/10/10 13:10:10.991, 5, 76805 MiB, 100 %, 694.29 W, 1950 MHz, 45 %, 52
2026/10/10 13:10:10.991, 6, 76805 MiB, 100 %, 665.68 W, 1980 MHz, 48 %, 50
2026/10/10 13:10:10.991, 7, 76805 MiB, 100 %, 699.67 W, 1845 MHz, 44 %, 81
2026/10/10 13:10:11.991, 0, 76805 MiB, 100 %, 674.78 W, 1980 MHz, 43 %, 50
2026/10/10 13:10:11.991, 1, 76805 MiB, 100 %, 692.71 W, 1845 MHz, 44 %, 68
2026/10/10 13:10:11.991, 2, 76805 MiB, 100 %, 678.52 W, 1980 MHz, 43 %, 50
2026/10/10 13:10:11.991, 3, 76805 MiB, 100 %, 686.53 W, 1890 MHz, 43 %, 48
2026/10/10 13:10:11.991, 4, 76805 MiB, 100 %, 683.22 W, 1965 MHz, 43 %, 51
2026/10/10 13:10:11.991, 5, 76805 MiB, 100 %, 692.08 W, 1860 MHz, 43 %, 53
2026/10/10 13:10:11.991, 6, 76805 MiB, 100 %, 671.38 W, 1980 MHz, 43 %, 53
2026/10/10 13:10:11.991, 7, 76805 MiB, 100 %, 678.96 W, 1785 MHz, 43 %, 82
2026/10/10 13:10:12.991, 0, 76805 MiB, 100 %, 668.44 W, 1980 MHz, 42 %, 51
2026/10/10 13:10:12.992, 1, 76805 MiB, 100 %, 695.71 W, 1815 MHz, 42 %, 68
2026/10/10 13:10:12.992, 2, 76805 MiB, 100 %, 676.36 W, 1980 MHz, 42 %, 52
2026/10/10 13:10:12.992, 3, 76805 MiB, 100 %, 690.56 W, 1875 MHz, 39 %, 49
2026/10/10 13:10:12.992, 4, 76805 MiB, 100 %, 675.15 W, 1965 MHz, 42 %, 48
2026/10/10 13:10:12.992, 5, 76805 MiB, 100 %, 672.49 W, 1935 MHz, 42 %, 51
2026/10/10 13:10:12.992, 6, 76805 MiB, 100 %, 651.40 W, 1980 MHz, 30 %, 55
2026/10/10 13:10:12.992, 7, 76805 MiB, 100 %, 631.52 W, 1920 MHz, 43 %, 78
2026/10/10 13:10:13.992, 0, 76805 MiB, 100 %, 263.23 W, 1980 MHz, 16 %, 37
2026/10/10 13:10:13.992, 1, 76805 MiB, 100 %, 275.33 W, 1980 MHz, 17 %, 60
2026/10/10 13:10:13.992, 2, 76805 MiB, 100 %, 257.61 W, 1980 MHz, 16 %, 41
2026/10/10 13:10:13.992, 3, 76805 MiB, 100 %, 249.50 W, 1980 MHz, 16 %, 36
2026/10/10 13:10:13.992, 4, 76805 MiB, 100 %, 244.11 W, 1980 MHz, 16 %, 37
2026/10/10 13:10:13.992, 5, 76805 MiB, 100 %, 254.07 W, 1980 MHz, 16 %, 41
2026/10/10 13:10:13.992, 6, 76805 MiB, 100 %, 243.65 W, 1980 MHz, 17 %, 40
2026/10/10 13:10:13.992, 7, 76805 MiB, 100 %, 282.04 W, 1980 MHz, 17 %, 72
2026/10/10 13:10:14.993, 0, 76805 MiB, 100 %, 249.82 W, 1980 MHz, 17 %, 37
2026/10/10 13:10:14.993, 1, 76805 MiB, 100 %, 267.88 W, 1980 MHz, 16 %, 59
2026/10/10 13:10:14.993, 2, 76805 MiB, 100 %, 252.15 W, 1980 MHz, 16 %, 40
2026/10/10 13:10:14.993, 3, 76805 MiB, 100 %, 249.70 W, 1980 MHz, 16 %, 35
2026/10/10 13:10:14.993, 4, 76805 MiB, 100 %, 244.68 W, 1980 MHz, 16 %, 36
2026/10/10 13:10:14.993, 5, 76805 MiB, 100 %, 250.95 W, 1980 MHz, 17 %, 40
2026/10/10 13:10:14.993, 6, 76805 MiB, 100 %, 243.69 W, 1980 MHz, 16 %, 38
2026/10/10 13:10:14.993, 7, 76805 MiB, 100 %, 282.62 W, 1980 MHz, 16 %, 71
2026/10/10 13:10:15.993, 0, 76805 MiB, 100 %, 248.96 W, 1980 MHz, 16 %, 36
2026/10/10 13:10:15.993, 1, 76805 MiB, 100 %, 270.67 W, 1980 MHz, 17 %, 59
2026/10/10 13:10:15.993, 2, 76805 MiB, 100 %, 251.32 W, 1980 MHz, 17 %, 40
2026/10/10 13:10:15.993, 3, 76805 MiB, 100 %, 247.62 W, 1980 MHz, 16 %, 35
2026/10/10 13:10:15.993, 4, 76805 MiB, 100 %, 242.65 W, 1980 MHz, 16 %, 35
2026/10/10 13:10:15.993, 5, 76805 MiB, 100 %, 249.87 W, 1980 MHz, 16 %, 40
2026/10/10 13:10:15.993, 6, 76805 MiB, 100 %, 242.98 W, 1980 MHz, 16 %, 37
2026/10/10 13:10:15.994, 7, 76805 MiB, 100 %, 280.87 W, 1980 MHz, 16 %, 71
2026/10/10 13:10:16.994, 0, 76805 MiB, 100 %, 251.60 W, 1980 MHz, 17 %, 36
2026/10/10 13:10:16.994, 1, 76805 MiB, 100 %, 268.88 W, 1980 MHz, 17 %, 59
2026/10/10 13:10:16.994, 2, 76805 MiB, 100 %, 250.92 W, 1980 MHz, 17 %, 39
2026/10/10 13:10:16.994, 3, 76805 MiB, 100 %, 247.77 W, 1980 MHz, 16 %, 34
2026/10/10 13:10:16.994, 4, 76805 MiB, 100 %, 245.21 W, 1980 MHz, 17 %, 35
2026/10/10 13:10:16.994, 5, 76805 MiB, 100 %, 249.53 W, 1980 MHz, 16 %, 39
2026/10/10 13:10:16.994, 6, 76805 MiB, 100 %, 241.12 W, 1980 MHz, 16 %, 37
2026/10/10 13:10:16.994, 7, 76805 MiB, 100 %, 278.30 W, 1980 MHz, 16 %, 71
2026/10/10 13:10:17.994, 0, 76805 MiB, 100 %, 251.02 W, 1980 MHz, 17 %, 36
2026/10/10 13:10:17.994, 1, 76805 MiB, 100 %, 268.42 W, 1980 MHz, 17 %, 59
2026/10/10 13:10:17.994, 2, 76805 MiB, 100 %, 250.79 W, 1980 MHz, 16 %, 39
2026/10/10 13:10:17.994, 3, 76805 MiB, 100 %, 245.77 W, 1980 MHz, 16 %, 34
2026/10/10 13:10:17.994, 4, 76805 MiB, 100 %, 244.23 W, 1980 MHz, 17 %, 35
2026/10/10 13:10:17.994, 5, 76805 MiB, 100 %, 249.64 W, 1980 MHz, 16 %, 39
2026/10/10 13:10:17.995, 6, 76805 MiB, 100 %, 241.41 W, 1980 MHz, 16 %, 37
2026/10/10 13:10:17.995, 7, 76805 MiB, 100 %, 279.21 W, 1980 MHz, 17 %, 71
2026/10/10 13:10:18.995, 0, 76805 MiB, 100 %, 251.26 W, 1980 MHz, 17 %, 36
2026/10/10 13:10:18.995, 1, 76805 MiB, 100 %, 268.55 W, 1980 MHz, 17 %, 59
2026/10/10 13:10:18.995, 2, 76805 MiB, 100 %, 250.57 W, 1980 MHz, 16 %, 39
2026/10/10 13:10:18.995, 3, 76805 MiB, 100 %, 247.25 W, 1980 MHz, 17 %, 34
2026/10/10 13:10:18.995, 4, 76805 MiB, 100 %, 243.82 W, 1980 MHz, 16 %, 35
2026/10/10 13:10:18.995, 5, 76805 MiB, 100 %, 249.60 W, 1980 MHz, 16 %, 39
2026/10/10 13:10:18.995, 6, 76805 MiB, 100 %, 241.36 W, 1980 MHz, 16 %, 37
2026/10/10 13:10:18.995, 7, 76805 MiB, 100 %, 279.11 W, 1980 MHz, 16 %, 71
2026/10/10 13:10:19.995, 0, 76805 MiB, 100 %, 251.62 W, 1980 MHz, 17 %, 35
2026/10/10 13:10:19.995, 1, 76805 MiB, 100 %, 268.62 W, 1980 MHz, 16 %, 59
2026/10/10 13:10:19.995, 2, 76805 MiB, 100 %, 251.39 W, 1980 MHz, 17 %, 39
2026/10/10 13:10:19.995, 3, 76805 MiB, 100 %, 247.12 W, 1980 MHz, 17 %, 34
2026/10/10 13:10:19.996, 4, 76805 MiB, 100 %, 243.61 W, 1980 MHz, 17 %, 35
2026/10/10 13:10:19.996, 5, 76805 MiB, 100 %, 250.04 W, 1980 MHz, 16 %, 39
2026/10/10 13:10:19.996, 6, 76805 MiB, 100 %, 241.79 W, 1980 MHz, 16 %, 36
2026/10/10 13:10:19.996, 7, 76805 MiB, 100 %, 278.67 W, 1980 MHz, 16 %, 71
2026/10/10 13:10:20.996, 0, 76805 MiB, 100 %, 250.73 W, 1980 MHz, 17 %, 35
2026/10/10 13:10:20.996, 1, 76805 MiB, 100 %, 267.77 W, 1980 MHz, 17 %, 59
2026/10/10 13:10:20.996, 2, 76805 MiB, 100 %, 250.64 W, 1980 MHz, 16 %, 39
2026/10/10 13:10:20.996, 3, 76805 MiB, 100 %, 246.48 W, 1980 MHz, 17 %, 34
2026/10/10 13:10:20.996, 4, 76805 MiB, 100 %, 242.98 W, 1980 MHz, 17 %, 34
2026/10/10 13:10:20.996, 5, 76805 MiB, 100 %, 249.08 W, 1980 MHz, 16 %, 39
2026/10/10 13:10:20.996, 6, 76805 MiB, 100 %, 242.45 W, 1980 MHz, 17 %, 36
2026/10/10 13:10:20.996, 7, 76805 MiB, 100 %, 278.52 W, 1980 MHz, 16 %, 70
2026/10/10 13:10:21.996, 0, 76805 MiB, 100 %, 249.76 W, 1980 MHz, 17 %, 35
2026/10/10 13:10:21.996, 1, 76805 MiB, 100 %, 269.77 W, 1980 MHz, 17 %, 59
2026/10/10 13:10:21.997, 2, 76805 MiB, 100 %, 250.78 W, 1980 MHz, 17 %, 39
2026/10/10 13:10:21.997, 3, 76805 MiB, 100 %, 246.55 W, 1980 MHz, 16 %, 34
2026/10/10 13:10:21.997, 4, 76805 MiB, 100 %, 244.15 W, 1980 MHz, 17 %, 34
2026/10/10 13:10:21.997, 5, 76805 MiB, 100 %, 249.30 W, 1980 MHz, 16 %, 39
2026/10/10 13:10:21.997, 6, 76805 MiB, 100 %, 241.40 W, 1980 MHz, 16 %, 36
2026/10/10 13:10:21.997, 7, 76805 MiB, 100 %, 279.40 W, 1980 MHz, 16 %, 70
2026/10/10 13:10:22.997, 0, 76805 MiB, 100 %, 249.85 W, 1980 MHz, 17 %, 35
2026/10/10 13:10:22.997, 1, 76805 MiB, 100 %, 268.30 W, 1980 MHz, 17 %, 59
2026/10/10 13:10:22.997, 2, 76805 MiB, 100 %, 250.93 W, 1980 MHz, 17 %, 39
2026/10/10 13:10:22.997, 3, 76805 MiB, 100 %, 247.11 W, 1980 MHz, 16 %, 34
2026/10/10 13:10:22.997, 4, 76805 MiB, 100 %, 242.44 W, 1980 MHz, 16 %, 34
2026/10/10 13:10:22.997, 5, 76805 MiB, 100 %, 250.79 W, 1980 MHz, 16 %, 38
2026/10/10 13:10:22.997, 6, 76805 MiB, 100 %, 239.87 W, 1980 MHz, 16 %, 36
2026/10/10 13:10:22.997, 7, 76805 MiB, 100 %, 279.93 W, 1980 MHz, 17 %, 70
2026/10/10 13:10:23.998, 0, 76805 MiB, 100 %, 250.52 W, 1980 MHz, 17 %, 35
2026/10/10 13:10:23.998, 1, 76805 MiB, 100 %, 268.38 W, 1980 MHz, 17 %, 59
2026/10/10 13:10:23.998, 2, 76805 MiB, 100 %, 250.93 W, 1980 MHz, 16 %, 39
2026/10/10 13:10:23.998, 3, 76805 MiB, 100 %, 245.82 W, 1980 MHz, 16 %, 33
2026/10/10 13:10:23.998, 4, 76805 MiB, 100 %, 242.28 W, 1980 MHz, 16 %, 34
2026/10/10 13:10:23.998, 5, 76805 MiB, 100 %, 249.93 W, 1980 MHz, 16 %, 38
2026/10/10 13:10:23.998, 6, 76805 MiB, 100 %, 242.26 W, 1980 MHz, 17 %, 36
2026/10/10 13:10:23.998, 7, 76805 MiB, 100 %, 277.71 W, 1980 MHz, 17 %, 70
2026/10/10 13:10:24.998, 0, 76805 MiB, 100 %, 250.48 W, 1980 MHz, 17 %, 35
2026/10/10 13:10:24.998, 1, 76805 MiB, 100 %, 267.12 W, 1980 MHz, 17 %, 59
2026/10/10 13:10:24.998, 2, 76805 MiB, 100 %, 250.62 W, 1980 MHz, 17 %, 39
2026/10/10 13:10:24.998, 3, 76805 MiB, 100 %, 247.20 W, 1980 MHz, 16 %, 33
2026/10/10 13:10:24.999, 4, 76805 MiB, 100 %, 243.32 W, 1980 MHz, 17 %, 34
2026/10/10 13:10:24.999, 5, 76805 MiB, 100 %, 249.55 W, 1980 MHz, 16 %, 38
2026/10/10 13:10:24.999, 6, 76805 MiB, 100 %, 241.09 W, 1980 MHz, 16 %, 36
2026/10/10 13:10:24.999, 7, 76805 MiB, 100 %, 278.90 W, 1980 MHz, 16 %, 70
2026/10/10 13:10:25.999, 0, 76805 MiB, 100 %, 250.71 W, 1980 MHz, 17 %, 35
2026/10/10 13:10:25.999, 1, 76805 MiB, 100 %, 268.02 W, 1980 MHz, 17 %, 59
2026/10/10 13:10:25.999, 2, 76805 MiB, 100 %, 250.69 W, 1980 MHz, 16 %, 39
2026/10/10 13:10:25.999, 3, 76805 MiB, 100 %, 245.39 W, 1980 MHz, 16 %, 33
2026/10/10 13:10:25.999, 4, 76805 MiB, 100 %, 244.34 W, 1980 MHz, 16 %, 34
2026/10/10 13:10:25.999, 5, 76805 MiB, 100 %, 249.15 W, 1980 MHz, 16 %, 38
2026/10/10 13:10:25.999, 6, 76805 MiB, 100 %, 240.29 W, 1980 MHz, 16 %, 36
2026/10/10 13:10:25.999, 7, 76805 MiB, 100 %, 277.23 W, 1980 MHz, 16 %, 70
2026/10/10 13:10:26.999, 0, 76805 MiB, 100 %, 250.45 W, 1980 MHz, 17 %, 35
2026/10/10 13:10:26.999, 1, 76805 MiB, 100 %, 267.71 W, 1980 MHz, 17 %, 59
2026/10/10 13:10:27.000, 2, 76805 MiB, 100 %, 250.08 W, 1980 MHz, 16 %, 39
2026/10/10 13:10:27.000, 3, 76805 MiB, 100 %, 246.05 W, 1980 MHz, 16 %, 33
2026/10/10 13:10:27.000, 4, 76805 MiB, 100 %, 243.66 W, 1980 MHz, 17 %, 34
2026/10/10 13:10:27.000, 5, 76805 MiB, 100 %, 248.75 W, 1980 MHz, 16 %, 38
2026/10/10 13:10:27.000, 6, 76805 MiB, 100 %, 240.81 W, 1980 MHz, 16 %, 36
2026/10/10 13:10:27.000, 7, 76805 MiB, 100 %, 277.88 W, 1980 MHz, 16 %, 70
2026/10/10 13:10:28.000, 0, 76805 MiB, 100 %, 251.33 W, 1980 MHz, 17 %, 35
2026/10/10 13:10:28.000, 1, 76805 MiB, 100 %, 267.27 W, 1980 MHz, 16 %, 59
2026/10/10 13:10:28.000, 2, 76805 MiB, 100 %, 251.91 W, 1980 MHz, 17 %, 39
2026/10/10 13:10:28.000, 3, 76805 MiB, 100 %, 245.87 W, 1980 MHz, 16 %, 33
2026/10/10 13:10:28.000, 4, 76805 MiB, 100 %, 242.49 W, 1980 MHz, 16 %, 34
2026/10/10 13:10:28.000, 5, 76805 MiB, 100 %, 249.82 W, 1980 MHz, 17 %, 38
2026/10/10 13:10:28.000, 6, 76805 MiB, 100 %, 239.32 W, 1980 MHz, 16 %, 36
2026/10/10 13:10:28.000, 7, 76805 MiB, 100 %, 278.66 W, 1980 MHz, 16 %, 70
2026/10/10 13:10:29.000, 0, 76805 MiB, 100 %, 250.54 W, 1980 MHz, 16 %, 35
2026/10/10 13:10:29.001, 1, 76805 MiB, 100 %, 267.55 W, 1980 MHz, 17 %, 59
2026/10/10 13:10:29.001, 2, 76805 MiB, 100 %, 251.84 W, 1980 MHz, 17 %, 39
2026/10/10 13:10:29.001, 3, 76805 MiB, 100 %, 245.85 W, 1980 MHz, 16 %, 33
2026/10/10 13:10:29.001, 4, 76805 MiB, 100 %, 241.96 W, 1980 MHz, 17 %, 34
2026/10/10 13:10:29.001, 5, 76805 MiB, 100 %, 248.29 W, 1980 MHz, 16 %, 38
2026/10/10 13:10:29.001, 6, 76805 MiB, 100 %, 240.75 W, 1980 MHz, 16 %, 36
2026/10/10 13:10:29.001, 7, 76805 MiB, 100 %, 277.98 W, 1980 MHz, 16 %, 70
2026/10/10 13:10:30.001, 0, 76805 MiB, 100 %, 535.58 W, 1980 MHz, 48 %, 47
2026/10/10 13:10:30.001, 1, 76805 MiB, 100 %, 571.65 W, 1935 MHz, 48 %, 69
2026/10/10 13:10:30.001, 2, 76805 MiB, 100 %, 548.16 W, 1965 MHz, 48 %, 49
2026/10/10 13:10:30.001, 3, 76805 MiB, 100 %, 552.85 W, 1920 MHz, 50 %, 46
2026/10/10 13:10:30.001, 4, 76805 MiB, 100 %, 571.48 W, 1965 MHz, 49 %, 48
2026/10/10 13:10:30.001, 5, 76805 MiB, 100 %, 575.44 W, 1950 MHz, 49 %, 51
2026/10/10 13:10:30.001, 6, 76805 MiB, 100 %, 545.12 W, 1980 MHz, 49 %, 49
2026/10/10 13:10:30.001, 7, 76805 MiB, 100 %, 599.63 W, 1950 MHz, 50 %, 82
2026/10/10 13:10:31.001, 0, 76805 MiB, 100 %, 669.44 W, 1980 MHz, 45 %, 50
2026/10/10 13:10:31.002, 1, 76805 MiB, 100 %, 692.97 W, 1845 MHz, 46 %, 69
2026/10/10 13:10:31.002, 2, 76805 MiB, 100 %, 670.44 W, 1965 MHz, 45 %, 50
2026/10/10 13:10:31.002, 3, 76805 MiB, 100 %, 694.88 W, 1890 MHz, 44 %, 49
2026/10/10 13:10:31.002, 4, 76805 MiB, 100 %, 683.93 W, 1965 MHz, 46 %, 50
2026/10/10 13:10:31.002, 5, 76805 MiB, 100 %, 686.37 W, 1965 MHz, 46 %, 54
2026/10/10 13:10:31.002, 6, 76805 MiB, 100 %, 672.10 W, 1965 MHz, 45 %, 53
2026/10/10 13:10:31.002, 7, 76805 MiB, 100 %, 693.24 W, 1860 MHz, 46 %, 83
2026/10/10 13:10:32.002, 0, 76805 MiB, 100 %, 674.23 W, 1980 MHz, 44 %, 50
2026/10/10 13:10:32.002, 1, 76805 MiB, 100 %, 683.05 W, 1935 MHz, 44 %, 70
2026/10/10 13:10:32.002, 2, 76805 MiB, 100 %, 674.97 W, 1980 MHz, 42 %, 51
2026/10/10 13:10:32.002, 3, 76805 MiB, 100 %, 682.35 W, 1965 MHz, 44 %, 50
2026/10/10 13:10:32.002, 4, 76805 MiB, 100 %, 684.24 W, 1980 MHz, 44 %, 51
2026/10/10 13:10:32.002, 5, 76805 MiB, 100 %, 691.10 W, 1965 MHz, 45 %, 55
2026/10/10 13:10:32.002, 6, 76805 MiB, 100 %, 672.20 W, 1980 MHz, 45 %, 54
2026/10/10 13:10:32.003, 7, 76805 MiB, 100 %, 636.84 W, 1650 MHz, 45 %, 81
2026/10/10 13:10:33.003, 0, 76805 MiB, 100 %, 401.15 W, 1980 MHz, 17 %, 38
2026/10/10 13:10:33.003, 1, 76805 MiB, 100 %, 430.90 W, 1980 MHz, 16 %, 60
2026/10/10 13:10:33.003, 2, 76805 MiB, 100 %, 408.71 W, 1980 MHz, 16 %, 42
2026/10/10 13:10:33.003, 3, 76805 MiB, 100 %, 417.37 W, 1980 MHz, 17 %, 38
2026/10/10 13:10:33.003, 4, 76805 MiB, 100 %, 411.28 W, 1980 MHz, 16 %, 38
2026/10/10 13:10:33.003, 5, 76805 MiB, 100 %, 395.34 W, 1980 MHz, 16 %, 43
2026/10/10 13:10:33.003, 6, 76805 MiB, 100 %, 376.21 W, 1980 MHz, 16 %, 41
2026/10/10 13:10:33.003, 7, 76805 MiB, 100 %, 393.95 W, 1980 MHz, 17 %, 73
2026/10/10 13:10:34.003, 0, 76805 MiB, 100 %, 253.17 W, 1980 MHz, 17 %, 37
2026/10/10 13:10:34.003, 1, 76805 MiB, 100 %, 269.93 W, 1980 MHz, 17 %, 60
2026/10/10 13:10:34.003, 2, 76805 MiB, 100 %, 250.40 W, 1980 MHz, 16 %, 40
2026/10/10 13:10:34.004, 3, 76805 MiB, 100 %, 248.90 W, 1980 MHz, 16 %, 36
2026/10/10 13:10:34.004, 4, 76805 MiB, 100 %, 245.02 W, 1980 MHz, 16 %, 36
2026/10/10 13:10:34.004, 5, 76805 MiB, 100 %, 251.17 W, 1980 MHz, 16 %, 40
2026/10/10 13:10:34.004, 6, 76805 MiB, 100 %, 244.06 W, 1980 MHz, 17 %, 39
2026/10/10 13:10:34.004, 7, 76805 MiB, 100 %, 283.47 W, 1980 MHz, 17 %, 72
2026/10/10 13:10:35.004, 0, 76805 MiB, 100 %, 252.71 W, 1980 MHz, 16 %, 36
2026/10/10 13:10:35.004, 1, 76805 MiB, 100 %, 268.40 W, 1980 MHz, 16 %, 59
2026/10/10 13:10:35.004, 2, 76805 MiB, 100 %, 250.63 W, 1980 MHz, 17 %, 40
2026/10/10 13:10:35.004, 3, 76805 MiB, 100 %, 247.78 W, 1980 MHz, 16 %, 35
2026/10/10 13:10:35.004, 4, 76805 MiB, 100 %, 244.20 W, 1980 MHz, 16 %, 36
2026/10/10 13:10:35.004, 5, 76805 MiB, 100 %, 250.21 W, 1980 MHz, 17 %, 40
2026/10/10 13:10:35.004, 6, 76805 MiB, 100 %, 242.77 W, 1980 MHz, 16 %, 38
2026/10/10 13:10:35.004, 7, 76805 MiB, 100 %, 283.01 W, 1980 MHz, 17 %, 71
2026/10/10 13:10:36.004, 0, 76805 MiB, 100 %, 252.13 W, 1980 MHz, 17 %, 36
2026/10/10 13:10:36.005, 1, 76805 MiB, 100 %, 267.91 W, 1980 MHz, 17 %, 59
2026/10/10 13:10:36.005, 2, 76805 MiB, 100 %, 249.52 W, 1980 MHz, 17 %, 40
2026/10/10 13:10:36.005, 3, 76805 MiB, 100 %, 249.90 W, 1980 MHz, 16 %, 35
2026/10/10 13:10:36.005, 4, 76805 MiB, 100 %, 243.65 W, 1980 MHz, 16 %, 35
2026/10/10 13:10:36.005, 5, 76805 MiB, 100 %, 249.51 W, 1980 MHz, 16 %, 39
2026/10/10 13:10:36.005, 6, 76805 MiB, 100 %, 241.89 W, 1980 MHz, 16 %, 37
2026/10/10 13:10:36.005, 7, 76805 MiB, 100 %, 280.19 W, 1980 MHz, 17 %, 71
2026/10/10 13:10:37.005, 0, 76805 MiB, 100 %, 250.59 W, 1980 MHz, 16 %, 36
2026/10/10 13:10:37.005, 1, 76805 MiB, 100 %, 269.78 W, 1980 MHz, 17 %, 59
2026/10/10 13:10:37.005, 2, 76805 MiB, 100 %, 250.38 W, 1980 MHz, 16 %, 39
2026/10/10 13:10:37.005, 3, 76805 MiB, 100 %, 246.79 W, 1980 MHz, 16 %, 34
2026/10/10 13:10:37.005, 4, 76805 MiB, 100 %, 243.58 W, 1980 MHz, 16 %, 35
2026/10/10 13:10:37.005, 5, 76805 MiB, 100 %, 249.22 W, 1980 MHz, 17 %, 39
2026/10/10 13:10:37.005, 6, 76805 MiB, 100 %, 240.39 W, 1980 MHz, 16 %, 37
2026/10/10 13:10:37.005, 7, 76805 MiB, 100 %, 280.64 W, 1980 MHz, 17 %, 71
2026/10/10 13:10:38.006, 0, 76805 MiB, 100 %, 250.15 W, 1980 MHz, 17 %, 36
2026/10/10 13:10:38.006, 1, 76805 MiB, 100 %, 267.25 W, 1980 MHz, 16 %, 59
2026/10/10 13:10:38.006, 2, 76805 MiB, 100 %, 251.56 W, 1980 MHz, 17 %, 39
2026/10/10 13:10:38.006, 3, 76805 MiB, 100 %, 247.21 W, 1980 MHz, 16 %, 34
2026/10/10 13:10:38.006, 4, 76805 MiB, 100 %, 242.37 W, 1980 MHz, 16 %, 35
2026/10/10 13:10:38.006, 5, 76805 MiB, 100 %, 249.11 W, 1980 MHz, 16 %, 39
2026/10/10 13:10:38.006, 6, 76805 MiB, 100 %, 240.42 W, 1980 MHz, 16 %, 37
2026/10/10 13:10:38.006, 7, 76805 MiB, 100 %, 282.31 W, 1980 MHz, 17 %, 71
2026/10/10 13:10:39.006, 0, 76805 MiB, 100 %, 251.16 W, 1980 MHz, 17 %, 36
2026/10/10 13:10:39.006, 1, 76805 MiB, 100 %, 267.72 W, 1980 MHz, 17 %, 59
2026/10/10 13:10:39.006, 2, 76805 MiB, 100 %, 250.74 W, 1980 MHz, 16 %, 39
2026/10/10 13:10:39.006, 3, 76805 MiB, 100 %, 247.88 W, 1980 MHz, 16 %, 34
2026/10/10 13:10:39.006, 4, 76805 MiB, 100 %, 243.76 W, 1980 MHz, 17 %, 35
2026/10/10 13:10:39.006, 5, 76805 MiB, 100 %, 249.05 W, 1980 MHz, 16 %, 39
2026/10/10 13:10:39.006, 6, 76805 MiB, 100 %, 240.24 W, 1980 MHz, 16 %, 36
2026/10/10 13:10:39.006, 7, 76805 MiB, 100 %, 281.33 W, 1980 MHz, 17 %, 71
2026/10/10 13:10:40.007, 0, 76805 MiB, 100 %, 250.49 W, 1980 MHz, 17 %, 35
2026/10/10 13:10:40.007, 1, 76805 MiB, 100 %, 268.02 W, 1980 MHz, 16 %, 59
2026/10/10 13:10:40.007, 2, 76805 MiB, 100 %, 250.76 W, 1980 MHz, 17 %, 39
2026/10/10 13:10:40.007, 3, 76805 MiB, 100 %, 247.62 W, 1980 MHz, 16 %, 34
2026/10/10 13:10:40.007, 4, 76805 MiB, 100 %, 244.38 W, 1980 MHz, 16 %, 35
2026/10/10 13:10:40.007, 5, 76805 MiB, 100 %, 250.11 W, 1980 MHz, 17 %, 39
2026/10/10 13:10:40.007, 6, 76805 MiB, 100 %, 240.22 W, 1980 MHz, 16 %, 36
2026/10/10 13:10:40.007, 7, 76805 MiB, 100 %, 280.87 W, 1980 MHz, 17 %, 71
2026/10/10 13:10:41.007, 0, 76805 MiB, 100 %, 249.73 W, 1980 MHz, 16 %, 35
2026/10/10 13:10:41.007, 1, 76805 MiB, 100 %, 268.95 W, 1980 MHz, 17 %, 59
2026/10/10 13:10:41.007, 2, 76805 MiB, 100 %, 251.63 W, 1980 MHz, 17 %, 39
2026/10/10 13:10:41.007, 3, 76805 MiB, 100 %, 247.29 W, 1980 MHz, 16 %, 34
2026/10/10 13:10:41.007, 4, 76805 MiB, 100 %, 242.74 W, 1980 MHz, 16 %, 34
2026/10/10 13:10:41.007, 5, 76805 MiB, 100 %, 249.44 W, 1980 MHz, 17 %, 39
2026/10/10 13:10:41.007, 6, 76805 MiB, 100 %, 238.62 W, 1980 MHz, 16 %, 36
2026/10/10 13:10:41.008, 7, 76805 MiB, 100 %, 281.79 W, 1980 MHz, 17 %, 71
2026/10/10 13:10:42.008, 0, 76805 MiB, 100 %, 249.63 W, 1980 MHz, 16 %, 35
2026/10/10 13:10:42.008, 1, 76805 MiB, 100 %, 268.73 W, 1980 MHz, 17 %, 59
2026/10/10 13:10:42.008, 2, 76805 MiB, 100 %, 249.24 W, 1980 MHz, 16 %, 39
2026/10/10 13:10:42.008, 3, 76805 MiB, 100 %, 247.97 W, 1980 MHz, 16 %, 34
2026/10/10 13:10:42.008, 4, 76805 MiB, 100 %, 243.32 W, 1980 MHz, 16 %, 34
2026/10/10 13:10:42.008, 5, 76805 MiB, 100 %, 248.90 W, 1980 MHz, 17 %, 39
2026/10/10 13:10:42.008, 6, 76805 MiB, 100 %, 240.34 W, 1980 MHz, 16 %, 36
2026/10/10 13:10:42.008, 7, 76805 MiB, 100 %, 281.44 W, 1980 MHz, 17 %, 70
2026/10/10 13:10:43.008, 0, 76805 MiB, 100 %, 249.01 W, 1980 MHz, 17 %, 35
2026/10/10 13:10:43.008, 1, 76805 MiB, 100 %, 268.72 W, 1980 MHz, 17 %, 59
2026/10/10 13:10:43.008, 2, 76805 MiB, 100 %, 251.56 W, 1980 MHz, 16 %, 39
2026/10/10 13:10:43.008, 3, 76805 MiB, 100 %, 247.18 W, 1980 MHz, 16 %, 34
2026/10/10 13:10:43.009, 4, 76805 MiB, 100 %, 243.32 W, 1980 MHz, 16 %, 34
2026/10/10 13:10:43.009, 5, 76805 MiB, 100 %, 249.45 W, 1980 MHz, 17 %, 38
2026/10/10 13:10:43.009, 6, 76805 MiB, 100 %, 240.17 W, 1980 MHz, 16 %, 36
2026/10/10 13:10:43.009, 7, 76805 MiB, 100 %, 279.97 W, 1980 MHz, 17 %, 70
2026/10/10 13:10:44.009, 0, 76805 MiB, 100 %, 249.90 W, 1980 MHz, 16 %, 35
2026/10/10 13:10:44.009, 1, 76805 MiB, 100 %, 268.33 W, 1980 MHz, 16 %, 59
2026/10/10 13:10:44.009, 2, 76805 MiB, 100 %, 250.74 W, 1980 MHz, 17 %, 39
2026/10/10 13:10:44.009, 3, 76805 MiB, 100 %, 246.89 W, 1980 MHz, 16 %, 33
2026/10/10 13:10:44.009, 4, 76805 MiB, 100 %, 242.37 W, 1980 MHz, 16 %, 34
2026/10/10 13:10:44.009, 5, 76805 MiB, 100 %, 251.04 W, 1980 MHz, 17 %, 38
2026/10/10 13:10:44.009, 6, 76805 MiB, 100 %, 241.45 W, 1980 MHz, 16 %, 36
2026/10/10 13:10:44.009, 7, 76805 MiB, 100 %, 280.52 W, 1980 MHz, 17 %, 70
2026/10/10 13:10:45.009, 0, 76805 MiB, 100 %, 249.99 W, 1980 MHz, 17 %, 35
2026/10/10 13:10:45.009, 1, 76805 MiB, 100 %, 267.09 W, 1980 MHz, 16 %, 59
2026/10/10 13:10:45.009, 2, 76805 MiB, 100 %, 251.49 W, 1980 MHz, 16 %, 39
2026/10/10 13:10:45.010, 3, 76805 MiB, 100 %, 247.75 W, 1980 MHz, 16 %, 33
2026/10/10 13:10:45.010, 4, 76805 MiB, 100 %, 243.29 W, 1980 MHz, 17 %, 34
2026/10/10 13:10:45.010, 5, 76805 MiB, 100 %, 249.77 W, 1980 MHz, 17 %, 38
2026/10/10 13:10:45.010, 6, 76805 MiB, 100 %, 240.15 W, 1980 MHz, 16 %, 36
2026/10/10 13:10:45.010, 7, 76805 MiB, 100 %, 280.55 W, 1980 MHz, 17 %, 70
2026/10/10 13:10:46.010, 0, 76805 MiB, 100 %, 248.41 W, 1980 MHz, 16 %, 35
2026/10/10 13:10:46.010, 1, 76805 MiB, 100 %, 268.53 W, 1980 MHz, 17 %, 59
2026/10/10 13:10:46.010, 2, 76805 MiB, 100 %, 250.61 W, 1980 MHz, 16 %, 39
2026/10/10 13:10:46.010, 3, 76805 MiB, 100 %, 246.99 W, 1980 MHz, 17 %, 33
2026/10/10 13:10:46.010, 4, 76805 MiB, 100 %, 243.15 W, 1980 MHz, 16 %, 34
2026/10/10 13:10:46.010, 5, 76805 MiB, 100 %, 249.90 W, 1980 MHz, 17 %, 38
2026/10/10 13:10:46.010, 6, 76805 MiB, 100 %, 240.17 W, 1980 MHz, 17 %, 36
2026/10/10 13:10:46.010, 7, 76805 MiB, 100 %, 281.67 W, 1980 MHz, 17 %, 70
2026/10/10 13:10:47.010, 0, 76805 MiB, 100 %, 250.12 W, 1980 MHz, 17 %, 35
2026/10/10 13:10:47.011, 1, 76805 MiB, 100 %, 268.54 W, 1980 MHz, 17 %, 59
2026/10/10 13:10:47.011, 2, 76805 MiB, 100 %, 249.62 W, 1980 MHz, 16 %, 39
2026/10/10 13:10:47.011, 3, 76805 MiB, 100 %, 248.05 W, 1980 MHz, 16 %, 33
2026/10/10 13:10:47.011, 4, 76805 MiB, 100 %, 242.70 W, 1980 MHz, 16 %, 34
2026/10/10 13:10:47.011, 5, 76805 MiB, 100 %, 249.87 W, 1980 MHz, 17 %, 38
2026/10/10 13:10:47.011, 6, 76805 MiB, 100 %, 240.90 W, 1980 MHz, 17 %, 36
2026/10/10 13:10:47.011, 7, 76805 MiB, 100 %, 279.10 W, 1980 MHz, 17 %, 70
2026/10/10 13:10:48.011, 0, 76805 MiB, 100 %, 249.72 W, 1980 MHz, 17 %, 35
2026/10/10 13:10:48.011, 1, 76805 MiB, 100 %, 268.28 W, 1980 MHz, 17 %, 59
2026/10/10 13:10:48.011, 2, 76805 MiB, 100 %, 250.10 W, 1980 MHz, 16 %, 39
2026/10/10 13:10:48.011, 3, 76805 MiB, 100 %, 246.96 W, 1980 MHz, 17 %, 33
2026/10/10 13:10:48.011, 4, 76805 MiB, 100 %, 242.70 W, 1980 MHz, 16 %, 34
2026/10/10 13:10:48.011, 5, 76805 MiB, 100 %, 250.23 W, 1980 MHz, 17 %, 38
2026/10/10 13:10:48.011, 6, 76805 MiB, 100 %, 238.82 W, 1980 MHz, 17 %, 36
2026/10/10 13:10:48.011, 7, 76805 MiB, 100 %, 279.26 W, 1980 MHz, 16 %, 70
2026/10/10 13:10:49.012, 0, 76805 MiB, 100 %, 384.63 W, 1980 MHz, 50 %, 45
2026/10/10 13:10:49.012, 1, 76805 MiB, 100 %, 399.58 W, 1935 MHz, 49 %, 68
2026/10/10 13:10:49.012, 2, 76805 MiB, 100 %, 378.98 W, 1980 MHz, 49 %, 48
2026/10/10 13:10:49.012, 3, 76805 MiB, 100 %, 389.26 W, 1920 MHz, 51 %, 44
2026/10/10 13:10:49.012, 4, 76805 MiB, 100 %, 391.18 W, 1980 MHz, 49 %, 44
2026/10/10 13:10:49.012, 5, 76805 MiB, 100 %, 400.00 W, 1965 MHz, 49 %, 47
2026/10/10 13:10:49.012, 6, 76805 MiB, 100 %, 391.07 W, 1980 MHz, 51 %, 46
2026/10/10 13:10:49.012, 7, 76805 MiB, 100 %, 430.33 W, 1935 MHz, 49 %, 80
2026/10/10 13:10:50.012, 0, 76805 MiB, 100 %, 660.49 W, 1965 MHz, 46 %, 49
2026/10/10 13:10:50.012, 1, 76805 MiB, 100 %, 689.14 W, 1920 MHz, 46 %, 69
2026/10/10 13:10:50.013, 2, 76805 MiB, 100 %, 675.17 W, 1980 MHz, 47 %, 50
2026/10/10 13:10:50.013, 3, 76805 MiB, 100 %, 692.59 W, 1890 MHz, 46 %, 48
2026/10/10 13:10:50.013, 4, 76805 MiB, 100 %, 688.05 W, 1920 MHz, 46 %, 50
2026/10/10 13:10:50.013, 5, 76805 MiB, 100 %, 689.76 W, 1950 MHz, 46 %, 53
2026/10/10 13:10:50.013, 6, 76805 MiB, 100 %, 668.23 W, 1980 MHz, 47 %, 52
2026/10/10 13:10:50.013, 7, 76805 MiB, 100 %, 690.88 W, 1890 MHz, 46 %, 83
2026/10/10 13:10:51.013, 0, 76805 MiB, 100 %, 678.45 W, 1980 MHz, 47 %, 50
2026/10/10 13:10:51.013, 1, 76805 MiB, 100 %, 689.30 W, 1905 MHz, 47 %, 70
2026/10/10 13:10:51.013, 2, 76805 MiB, 100 %, 678.42 W, 1980 MHz, 47 %, 51
2026/10/10 13:10:51.013, 3, 76805 MiB, 100 %, 692.00 W, 1890 MHz, 44 %, 49
2026/10/10 13:10:51.013, 4, 76805 MiB, 100 %, 690.32 W, 1965 MHz, 47 %, 51
2026/10/10 13:10:51.013, 5, 76805 MiB, 100 %, 690.61 W, 1965 MHz, 46 %, 55
2026/10/10 13:10:51.013, 6, 76805 MiB, 100 %, 672.53 W, 1980 MHz, 43 %, 54
2026/10/10 13:10:51.013, 7, 76805 MiB, 100 %, 672.45 W, 1785 MHz, 47 %, 82
2026/10/10 13:10:52.014, 0, 76805 MiB, 100 %, 572.67 W, 1980 MHz, 17 %, 40
2026/10/10 13:10:52.014, 1, 76805 MiB, 100 %, 590.01 W, 1965 MHz, 16 %, 61
2026/10/10 13:10:52.014, 2, 76805 MiB, 100 %, 570.41 W, 1980 MHz, 16 %, 44
2026/10/10 13:10:52.014, 3, 76805 MiB, 100 %, 562.43 W, 1965 MHz, 17 %, 41
2026/10/10 13:10:52.014, 4, 76805 MiB, 100 %, 563.66 W, 1980 MHz, 16 %, 41
2026/10/10 13:10:52.014, 5, 76805 MiB, 100 %, 573.95 W, 1980 MHz, 16 %, 45
2026/10/10 13:10:52.014, 6, 76805 MiB, 100 %, 547.34 W, 1980 MHz, 16 %, 45
2026/10/10 13:10:52.014, 7, 76805 MiB, 100 %, 525.89 W, 1965 MHz, 16 %, 74
2026/10/10 13:10:53.014, 0, 76805 MiB, 100 %, 250.91 W, 1980 MHz, 16 %, 37
2026/10/10 13:10:53.014, 1, 76805 MiB, 100 %, 268.36 W, 1980 MHz, 16 %, 60
2026/10/10 13:10:53.014, 2, 76805 MiB, 100 %, 254.38 W, 1980 MHz, 17 %, 41
2026/10/10 13:10:53.014, 3, 76805 MiB, 100 %, 252.33 W, 1980 MHz, 17 %, 36
2026/10/10 13:10:53.014, 4, 76805 MiB, 100 %, 246.32 W, 1980 MHz, 17 %, 37
2026/10/10 13:10:53.014, 5, 76805 MiB, 100 %, 254.02 W, 1980 MHz, 17 %, 41
2026/10/10 13:10:53.015, 6, 76805 MiB, 100 %, 242.24 W, 1980 MHz, 16 %, 39
2026/10/10 13:10:53.015, 7, 76805 MiB, 100 %, 280.87 W, 1980 MHz, 16 %, 72
2026/10/10 13:10:54.015, 0, 76805 MiB, 100 %, 251.04 W, 1980 MHz, 17 %, 37
2026/10/10 13:10:54.015, 1, 76805 MiB, 100 %, 269.23 W, 1980 MHz, 17 %, 59
2026/10/10 13:10:54.015, 2, 76805 MiB, 100 %, 250.66 W, 1980 MHz, 16 %, 40
2026/10/10 13:10:54.015, 3, 76805 MiB, 100 %, 250.72 W, 1980 MHz, 16 %, 35
2026/10/10 13:10:54.015, 4, 76805 MiB, 100 %, 244.48 W, 1980 MHz, 16 %, 36
2026/10/10 13:10:54.015, 5, 76805 MiB, 100 %, 250.47 W, 1980 MHz, 17 %, 40
2026/10/10 13:10:54.015, 6, 76805 MiB, 100 %, 242.96 W, 1980 MHz, 16 %, 38
2026/10/10 13:10:54.015, 7, 76805 MiB, 100 %, 280.56 W, 1980 MHz, 16 %, 71
2026/10/10 13:10:55.015, 0, 76805 MiB, 100 %, 251.42 W, 1980 MHz, 17 %, 36
2026/10/10 13:10:55.015, 1, 76805 MiB, 100 %, 268.91 W, 1980 MHz, 17 %, 59
2026/10/10 13:10:55.015, 2, 76805 MiB, 100 %, 249.75 W, 1980 MHz, 16 %, 40
2026/10/10 13:10:55.015, 3, 76805 MiB, 100 %, 250.30 W, 1980 MHz, 17 %, 35
2026/10/10 13:10:55.016, 4, 76805 MiB, 100 %, 242.97 W, 1980 MHz, 16 %, 35
2026/10/10 13:10:55.016, 5, 76805 MiB, 100 %, 250.83 W, 1980 MHz, 17 %, 40
2026/10/10 13:10:55.016, 6, 76805 MiB, 100 %, 241.44 W, 1980 MHz, 16 %, 37
2026/10/10 13:10:55.016, 7, 76805 MiB, 100 %, 278.92 W, 1980 MHz, 16 %, 71
2026/10/10 13:10:56.016, 0, 76805 MiB, 100 %, 250.48 W, 1980 MHz, 16 %, 36
2026/10/10 13:10:56.016, 1, 76805 MiB, 100 %, 269.13 W, 1980 MHz, 17 %, 59
2026/10/10 13:10:56.016, 2, 76805 MiB, 100 %, 250.13 W, 1980 MHz, 16 %, 39
2026/10/10 13:10:56.016, 3, 76805 MiB, 100 %, 250.41 W, 1980 MHz, 17 %, 34
2026/10/10 13:10:56.016, 4, 76805 MiB, 100 %, 242.51 W, 1980 MHz, 16 %, 35
2026/10/10 13:10:56.016, 5, 76805 MiB, 100 %, 250.98 W, 1980 MHz, 17 %, 39
2026/10/10 13:10:56.016, 6, 76805 MiB, 100 %, 239.74 W, 1980 MHz, 16 %, 37
2026/10/10 13:10:56.016, 7, 76805 MiB, 100 %, 279.92 W, 1980 MHz, 16 %, 71
2026/10/10 13:10:57.016, 0, 76805 MiB, 100 %, 250.58 W, 1980 MHz, 17 %, 36
2026/10/10 13:10:57.016, 1, 76805 MiB, 100 %, 266.55 W, 1980 MHz, 17 %, 59
2026/10/10 13:10:57.017, 2, 76805 MiB, 100 %, 250.18 W, 1980 MHz, 16 %, 39
2026/10/10 13:10:57.017, 3, 76805 MiB, 100 %, 251.20 W, 1980 MHz, 17 %, 34
2026/10/10 13:10:57.017, 4, 76805 MiB, 100 %, 241.79 W, 1980 MHz, 16 %, 35
2026/10/10 13:10:57.017, 5, 76805 MiB, 100 %, 250.82 W, 1980 MHz, 17 %, 39
2026/10/10 13:10:57.017, 6, 76805 MiB, 100 %, 240.47 W, 1980 MHz, 16 %, 37
2026/10/10 13:10:57.017, 7, 76805 MiB, 100 %, 279.19 W, 1980 MHz, 16 %, 71
2026/10/10 13:10:58.017, 0, 76805 MiB, 100 %, 249.23 W, 1980 MHz, 17 %, 36
2026/10/10 13:10:58.017, 1, 76805 MiB, 100 %, 268.20 W, 1980 MHz, 17 %, 59
2026/10/10 13:10:58.017, 2, 76805 MiB, 100 %, 250.74 W, 1980 MHz, 16 %, 39
2026/10/10 13:10:58.017, 3, 76805 MiB, 100 %, 250.03 W, 1980 MHz, 17 %, 34
2026/10/10 13:10:58.017, 4, 76805 MiB, 100 %, 241.11 W, 1980 MHz, 16 %, 35
2026/10/10 13:10:58.017, 5, 76805 MiB, 100 %, 250.29 W, 1980 MHz, 17 %, 39
2026/10/10 13:10:58.017, 6, 76805 MiB, 100 %, 240.48 W, 1980 MHz, 16 %, 37
2026/10/10 13:10:58.017, 7, 76805 MiB, 100 %, 279.28 W, 1980 MHz, 16 %, 71
2026/10/10 13:10:59.018, 0, 76805 MiB, 100 %, 250.31 W, 1980 MHz, 16 %, 35
2026/10/10 13:10:59.018, 1, 76805 MiB, 100 %, 267.26 W, 1980 MHz, 16 %, 59
2026/10/10 13:10:59.018, 2, 76805 MiB, 100 %, 251.21 W, 1980 MHz, 16 %, 39
2026/10/10 13:10:59.018, 3, 76805 MiB, 100 %, 249.45 W, 1980 MHz, 17 %, 34
2026/10/10 13:10:59.018, 4, 76805 MiB, 100 %, 241.53 W, 1980 MHz, 16 %, 35
2026/10/10 13:10:59.018, 5, 76805 MiB, 100 %, 249.64 W, 1980 MHz, 17 %, 39
2026/10/10 13:10:59.018, 6, 76805 MiB, 100 %, 240.65 W, 1980 MHz, 16 %, 36
2026/10/10 13:10:59.018, 7, 76805 MiB, 100 %, 278.76 W, 1980 MHz, 16 %, 71
2026/10/10 13:11:00.018, 0, 76805 MiB, 100 %, 250.01 W, 1980 MHz, 16 %, 35
2026/10/10 13:11:00.018, 1, 76805 MiB, 100 %, 268.08 W, 1980 MHz, 16 %, 59
2026/10/10 13:11:00.018, 2, 76805 MiB, 100 %, 250.87 W, 1980 MHz, 16 %, 39
2026/10/10 13:11:00.018, 3, 76805 MiB, 100 %, 249.09 W, 1980 MHz, 17 %, 34
2026/10/10 13:11:00.018, 4, 76805 MiB, 100 %, 241.60 W, 1980 MHz, 16 %, 34
2026/10/10 13:11:00.018, 5, 76805 MiB, 100 %, 250.75 W, 1980 MHz, 17 %, 39
2026/10/10 13:11:00.018, 6, 76805 MiB, 100 %, 240.68 W, 1980 MHz, 17 %, 36
2026/10/10 13:11:00.018, 7, 76805 MiB, 100 %, 279.14 W, 1980 MHz, 16 %, 71
2026/10/10 13:11:01.019, 0, 76805 MiB, 100 %, 249.77 W, 1980 MHz, 16 %, 35
2026/10/10 13:11:01.019, 1, 76805 MiB, 100 %, 267.51 W, 1980 MHz, 16 %, 59
2026/10/10 13:11:01.019, 2, 76805 MiB, 100 %, 250.09 W, 1980 MHz, 17 %, 39
2026/10/10 13:11:01.019, 3, 76805 MiB, 100 %, 249.83 W, 1980 MHz, 16 %, 34
2026/10/10 13:11:01.019, 4, 76805 MiB, 100 %, 240.30 W, 1980 MHz, 16 %, 34
2026/10/10 13:11:01.019, 5, 76805 MiB, 100 %, 249.71 W, 1980 MHz, 17 %, 39
2026/10/10 13:11:01.019, 6, 76805 MiB, 100 %, 240.24 W, 1980 MHz, 16 %, 36
2026/10/10 13:11:01.019, 7, 76805 MiB, 100 %, 279.27 W, 1980 MHz, 16 %, 70
2026/10/10 13:11:02.019, 0, 76805 MiB, 100 %, 249.70 W, 1980 MHz, 16 %, 35
2026/10/10 13:11:02.019, 1, 76805 MiB, 100 %, 267.96 W, 1980 MHz, 16 %, 59
2026/10/10 13:11:02.019, 2, 76805 MiB, 100 %, 250.69 W, 1980 MHz, 16 %, 39
2026/10/10 13:11:02.019, 3, 76805 MiB, 100 %, 249.66 W, 1980 MHz, 17 %, 34
2026/10/10 13:11:02.019, 4, 76805 MiB, 100 %, 240.68 W, 1980 MHz, 16 %, 34
2026/10/10 13:11:02.019, 5, 76805 MiB, 100 %, 249.43 W, 1980 MHz, 17 %, 39
2026/10/10 13:11:02.020, 6, 76805 MiB, 100 %, 240.20 W, 1980 MHz, 16 %, 36
2026/10/10 13:11:02.020, 7, 76805 MiB, 100 %, 280.68 W, 1980 MHz, 16 %, 70
2026/10/10 13:11:03.020, 0, 76805 MiB, 100 %, 249.75 W, 1980 MHz, 16 %, 35
2026/10/10 13:11:03.020, 1, 76805 MiB, 100 %, 268.23 W, 1980 MHz, 16 %, 59
2026/10/10 13:11:03.020, 2, 76805 MiB, 100 %, 250.22 W, 1980 MHz, 17 %, 39
2026/10/10 13:11:03.020, 3, 76805 MiB, 100 %, 249.34 W, 1980 MHz, 17 %, 34
2026/10/10 13:11:03.020, 4, 76805 MiB, 100 %, 241.45 W, 1980 MHz, 16 %, 34
2026/10/10 13:11:03.020, 5, 76805 MiB, 100 %, 250.64 W, 1980 MHz, 17 %, 38
2026/10/10 13:11:03.020, 6, 76805 MiB, 100 %, 240.67 W, 1980 MHz, 16 %, 36
2026/10/10 13:11:03.020, 7, 76805 MiB, 100 %, 278.66 W, 1980 MHz, 16 %, 70
2026/10/10 13:11:04.020, 0, 76805 MiB, 100 %, 249.48 W, 1980 MHz, 16 %, 35
2026/10/10 13:11:04.020, 1, 76805 MiB, 100 %, 267.81 W, 1980 MHz, 16 %, 59
2026/10/10 13:11:04.021, 2, 76805 MiB, 100 %, 250.00 W, 1980 MHz, 17 %, 39
2026/10/10 13:11:04.021, 3, 76805 MiB, 100 %, 249.98 W, 1980 MHz, 17 %, 34
2026/10/10 13:11:04.021, 4, 76805 MiB, 100 %, 241.07 W, 1980 MHz, 16 %, 34
2026/10/10 13:11:04.021, 5, 76805 MiB, 100 %, 250.55 W, 1980 MHz, 17 %, 38
2026/10/10 13:11:04.021, 6, 76805 MiB, 100 %, 240.99 W, 1980 MHz, 17 %, 36
2026/10/10 13:11:04.021, 7, 76805 MiB, 100 %, 279.20 W, 1980 MHz, 16 %, 70
2026/10/10 13:11:05.021, 0, 76805 MiB, 100 %, 250.23 W, 1980 MHz, 16 %, 35
2026/10/10 13:11:05.021, 1, 76805 MiB, 100 %, 267.45 W, 1980 MHz, 16 %, 59
2026/10/10 13:11:05.021, 2, 76805 MiB, 100 %, 251.02 W, 1980 MHz, 17 %, 39
2026/10/10 13:11:05.021, 3, 76805 MiB, 100 %, 249.49 W, 1980 MHz, 17 %, 34
2026/10/10 13:11:05.021, 4, 76805 MiB, 100 %, 240.90 W, 1980 MHz, 16 %, 34
2026/10/10 13:11:05.021, 5, 76805 MiB, 100 %, 249.87 W, 1980 MHz, 17 %, 38
2026/10/10 13:11:05.021, 6, 76805 MiB, 100 %, 240.29 W, 1980 MHz, 17 %, 36
2026/10/10 13:11:05.021, 7, 76805 MiB, 100 %, 279.41 W, 1980 MHz, 16 %, 70
2026/10/10 13:11:06.021, 0, 76805 MiB, 100 %, 249.22 W, 1980 MHz, 16 %, 35
2026/10/10 13:11:06.022, 1, 76805 MiB, 100 %, 267.31 W, 1980 MHz, 17 %, 59
2026/10/10 13:11:06.022, 2, 76805 MiB, 100 %, 251.56 W, 1980 MHz, 17 %, 39
2026/10/10 13:11:06.022, 3, 76805 MiB, 100 %, 249.03 W, 1980 MHz, 17 %, 33
2026/10/10 13:11:06.022, 4, 76805 MiB, 100 %, 240.20 W, 1980 MHz, 16 %, 34
2026/10/10 13:11:06.022, 5, 76805 MiB, 100 %, 251.17 W, 1980 MHz, 17 %, 38
2026/10/10 13:11:06.022, 6, 76805 MiB, 100 %, 240.66 W, 1980 MHz, 16 %, 36
2026/10/10 13:11:06.022, 7, 76805 MiB, 100 %, 278.83 W, 1980 MHz, 16 %, 70
2026/10/10 13:11:07.022, 0, 76805 MiB, 100 %, 248.95 W, 1980 MHz, 17 %, 35
2026/10/10 13:11:07.022, 1, 76805 MiB, 100 %, 267.34 W, 1980 MHz, 16 %, 59
2026/10/10 13:11:07.022, 2, 76805 MiB, 100 %, 250.78 W, 1980 MHz, 16 %, 39
2026/10/10 13:11:07.022, 3, 76805 MiB, 100 %, 249.32 W, 1980 MHz, 17 %, 33
2026/10/10 13:11:07.022, 4, 76805 MiB, 100 %, 240.33 W, 1980 MHz, 16 %, 34
2026/10/10 13:11:07.022, 5, 76805 MiB, 100 %, 249.80 W, 1980 MHz, 17 %, 38
2026/10/10 13:11:07.022, 6, 76805 MiB, 100 %, 240.03 W, 1980 MHz, 16 %, 36
2026/10/10 13:11:07.022, 7, 76805 MiB, 100 %, 278.20 W, 1980 MHz, 17 %, 70
2026/10/10 13:11:08.023, 0, 76805 MiB, 56 %, 240.48 W, 1980 MHz, 9 %, 33
2026/10/10 13:11:08.023, 1, 76805 MiB, 47 %, 256.87 W, 1980 MHz, 8 %, 57
2026/10/10 13:11:08.023, 2, 76805 MiB, 64 %, 239.99 W, 1980 MHz, 11 %, 38
2026/10/10 13:11:08.023, 3, 76805 MiB, 6 %, 239.49 W, 1980 MHz, 1 %, 33
2026/10/10 13:11:08.023, 4, 76805 MiB, 32 %, 228.47 W, 1980 MHz, 5 %, 32
2026/10/10 13:11:08.023, 5, 76805 MiB, 36 %, 235.59 W, 1980 MHz, 6 %, 37
2026/10/10 13:11:08.023, 6, 76805 MiB, 0 %, 225.90 W, 1980 MHz, 0 %, 35
2026/10/10 13:11:08.023, 7, 76805 MiB, 29 %, 264.13 W, 1980 MHz, 5 %, 69
2026/10/10 13:11:09.023, 0, 76805 MiB, 100 %, 633.77 W, 1980 MHz, 45 %, 47
2026/10/10 13:11:09.024, 1, 76805 MiB, 100 %, 676.31 W, 1695 MHz, 44 %, 67
2026/10/10 13:11:09.024, 2, 76805 MiB, 100 %, 643.90 W, 1965 MHz, 46 %, 49
2026/10/10 13:11:09.024, 3, 76805 MiB, 100 %, 665.95 W, 1920 MHz, 43 %, 47
2026/10/10 13:11:09.024, 4, 76805 MiB, 100 %, 661.26 W, 1965 MHz, 44 %, 48
2026/10/10 13:11:09.024, 5, 76805 MiB, 100 %, 685.73 W, 1920 MHz, 44 %, 51
2026/10/10 13:11:09.024, 6, 76805 MiB, 100 %, 649.04 W, 1980 MHz, 43 %, 50
2026/10/10 13:11:09.024, 7, 76805 MiB, 100 %, 683.16 W, 1725 MHz, 43 %, 80
2026/10/10 13:11:10.024, 0, 76805 MiB, 100 %, 665.99 W, 1980 MHz, 47 %, 50
2026/10/10 13:11:10.024, 1, 76805 MiB, 100 %, 694.05 W, 1770 MHz, 47 %, 69
2026/10/10 13:11:10.024, 2, 76805 MiB, 100 %, 683.40 W, 1965 MHz, 47 %, 50
2026/10/10 13:11:10.024, 3, 76805 MiB, 100 %, 688.60 W, 1935 MHz, 44 %, 49
2026/10/10 13:11:10.024, 4, 76805 MiB, 100 %, 688.07 W, 1935 MHz, 46 %, 50
2026/10/10 13:11:10.024, 5, 76805 MiB, 100 %, 685.43 W, 1950 MHz, 47 %, 54
2026/10/10 13:11:10.024, 6, 76805 MiB, 100 %, 664.48 W, 1980 MHz, 43 %, 53
2026/10/10 13:11:10.024, 7, 76805 MiB, 100 %, 682.11 W, 1755 MHz, 47 %, 82
2026/10/10 13:11:11.025, 0, 76805 MiB, 100 %, 674.83 W, 1980 MHz, 41 %, 51
2026/10/10 13:11:11.025, 1, 76805 MiB, 100 %, 686.29 W, 1860 MHz, 42 %, 70
2026/10/10 13:11:11.025, 2, 76805 MiB, 100 %, 682.55 W, 1965 MHz, 42 %, 52
2026/10/10 13:11:11.025, 3, 76805 MiB, 100 %, 683.71 W, 1950 MHz, 41 %, 50
2026/10/10 13:11:11.025, 4, 76805 MiB, 100 %, 683.93 W, 1980 MHz, 41 %, 52
2026/10/10 13:11:11.025, 5, 76805 MiB, 100 %, 686.57 W, 1965 MHz, 42 %, 55
2026/10/10 13:11:11.025, 6, 76805 MiB, 100 %, 672.16 W, 1980 MHz, 42 %, 55
2026/10/10 13:11:11.025, 7, 76805 MiB, 100 %, 636.23 W, 1725 MHz, 42 %, 82
2026/10/10 13:11:12.025, 0, 76805 MiB, 100 %, 318.01 W, 1980 MHz, 17 %, 38
2026/10/10 13:11:12.025, 1, 76805 MiB, 100 %, 322.22 W, 1980 MHz, 16 %, 60
2026/10/10 13:11:12.025, 2, 76805 MiB, 100 %, 307.42 W, 1980 MHz, 16 %, 42
2026/10/10 13:11:12.025, 3, 76805 MiB, 100 %, 304.12 W, 1980 MHz, 16 %, 37
2026/10/10 13:11:12.026, 4, 76805 MiB, 100 %, 294.12 W, 1980 MHz, 17 %, 38
2026/10/10 13:11:12.026, 5, 76805 MiB, 100 %, 304.09 W, 1980 MHz, 17 %, 42
2026/10/10 13:11:12.026, 6, 76805 MiB, 100 %, 287.72 W, 1980 MHz, 17 %, 40
2026/10/10 13:11:12.026, 7, 76805 MiB, 100 %, 318.83 W, 1980 MHz, 16 %, 72
2026/10/10 13:11:13.026, 0, 76805 MiB, 100 %, 251.97 W, 1980 MHz, 17 %, 37
2026/10/10 13:11:13.026, 1, 76805 MiB, 100 %, 268.29 W, 1980 MHz, 16 %, 59
2026/10/10 13:11:13.026, 2, 76805 MiB, 100 %, 252.27 W, 1980 MHz, 16 %, 40
2026/10/10 13:11:13.026, 3, 76805 MiB, 100 %, 247.98 W, 1980 MHz, 16 %, 35
2026/10/10 13:11:13.026, 4, 76805 MiB, 100 %, 244.69 W, 1980 MHz, 16 %, 36
2026/10/10 13:11:13.026, 5, 76805 MiB, 100 %, 252.12 W, 1980 MHz, 17 %, 40
2026/10/10 13:11:13.026, 6, 76805 MiB, 100 %, 243.76 W, 1980 MHz, 16 %, 38
2026/10/10 13:11:13.026, 7, 76805 MiB, 100 %, 281.55 W, 1980 MHz, 16 %, 71
2026/10/10 13:11:14.026, 0, 76805 MiB, 100 %, 249.51 W, 1980 MHz, 16 %, 36
2026/10/10 13:11:14.026, 1, 76805 MiB, 100 %, 268.51 W, 1980 MHz, 16 %, 59
2026/10/10 13:11:14.026, 2, 76805 MiB, 100 %, 251.07 W, 1980 MHz, 16 %, 40
2026/10/10 13:11:14.027, 3, 76805 MiB, 100 %, 248.91 W, 1980 MHz, 17 %, 35
2026/10/10 13:11:14.027, 4, 76805 MiB, 100 %, 244.30 W, 1980 MHz, 16 %, 35
2026/10/10 13:11:14.027, 5, 76805 MiB, 100 %, 253.12 W, 1980 MHz, 17 %, 40
2026/10/10 13:11:14.027, 6, 76805 MiB, 100 %, 243.91 W, 1980 MHz, 16 %, 38
2026/10/10 13:11:14.027, 7, 76805 MiB, 100 %, 280.48 W, 1980 MHz, 16 %, 71
2026/10/10 13:11:15.027, 0, 76805 MiB, 100 %, 249.74 W, 1980 MHz, 17 %, 36
2026/10/10 13:11:15.027, 1, 76805 MiB, 100 %, 267.81 W, 1980 MHz, 16 %, 59
2026/10/10 13:11:15.027, 2, 76805 MiB, 100 %, 250.71 W, 1980 MHz, 16 %, 40
2026/10/10 13:11:15.027, 3, 76805 MiB, 100 %, 247.61 W, 1980 MHz, 16 %, 34
2026/10/10 13:11:15.027, 4, 76805 MiB, 100 %, 243.56 W, 1980 MHz, 16 %, 35
2026/10/10 13:11:15.027, 5, 76805 MiB, 100 %, 250.24 W, 1980 MHz, 16 %, 39
2026/10/10 13:11:15.027, 6, 76805 MiB, 100 %, 243.09 W, 1980 MHz, 17 %, 37
2026/10/10 13:11:15.027, 7, 76805 MiB, 100 %, 280.70 W, 1980 MHz, 16 %, 71
2026/10/10 13:11:16.027, 0, 76805 MiB, 100 %, 250.68 W, 1980 MHz, 16 %, 36
2026/10/10 13:11:16.028, 1, 76805 MiB, 100 %, 267.08 W, 1980 MHz, 16 %, 59
2026/10/10 13:11:16.028, 2, 76805 MiB, 100 %, 250.14 W, 1980 MHz, 16 %, 39
2026/10/10 13:11:16.028, 3, 76805 MiB, 100 %, 248.05 W, 1980 MHz, 16 %, 34
2026/10/10 13:11:16.028, 4, 76805 MiB, 100 %, 243.51 W, 1980 MHz, 16 %, 35
2026/10/10 13:11:16.028, 5, 76805 MiB, 100 %, 249.37 W, 1980 MHz, 16 %, 39
2026/10/10 13:11:16.028, 6, 76805 MiB, 100 %, 240.79 W, 1980 MHz, 17 %, 37
2026/10/10 13:11:16.028, 7, 76805 MiB, 100 %, 281.67 W, 1980 MHz, 16 %, 71
2026/10/10 13:11:17.028, 0, 76805 MiB, 100 %, 250.87 W, 1980 MHz, 17 %, 36
2026/10/10 13:11:17.028, 1, 76805 MiB, 100 %, 268.84 W, 1980 MHz, 17 %, 59
2026/10/10 13:11:17.028, 2, 76805 MiB, 100 %, 250.85 W, 1980 MHz, 16 %, 39
2026/10/10 13:11:17.028, 3, 76805 MiB, 100 %, 247.68 W, 1980 MHz, 17 %, 34
2026/10/10 13:11:17.028, 4, 76805 MiB, 100 %, 242.90 W, 1980 MHz, 17 %, 35
2026/10/10 13:11:17.028, 5, 76805 MiB, 100 %, 251.27 W, 1980 MHz, 16 %, 39
2026/10/10 13:11:17.028, 6, 76805 MiB, 100 %, 241.02 W, 1980 MHz, 17 %, 37
2026/10/10 13:11:17.028, 7, 76805 MiB, 100 %, 280.23 W, 1980 MHz, 16 %, 71
2026/10/10 13:11:18.029, 0, 76805 MiB, 100 %, 249.93 W, 1980 MHz, 16 %, 36
2026/10/10 13:11:18.029, 1, 76805 MiB, 100 %, 267.57 W, 1980 MHz, 17 %, 59
2026/10/10 13:11:18.029, 2, 76805 MiB, 100 %, 250.85 W, 1980 MHz, 17 %, 39
2026/10/10 13:11:18.029, 3, 76805 MiB, 100 %, 246.10 W, 1980 MHz, 16 %, 34
2026/10/10 13:11:18.029, 4, 76805 MiB, 100 %, 242.40 W, 1980 MHz, 16 %, 35
2026/10/10 13:11:18.029, 5, 76805 MiB, 100 %, 250.84 W, 1980 MHz, 17 %, 39
2026/10/10 13:11:18.029, 6, 76805 MiB, 100 %, 241.64 W, 1980 MHz, 17 %, 37
2026/10/10 13:11:18.029, 7, 76805 MiB, 100 %, 279.38 W, 1980 MHz, 16 %, 71
2026/10/10 13:11:19.029, 0, 76805 MiB, 100 %, 249.59 W, 1980 MHz, 17 %, 35
2026/10/10 13:11:19.029, 1, 76805 MiB, 100 %, 267.56 W, 1980 MHz, 16 %, 59
2026/10/10 13:11:19.029, 2, 76805 MiB, 100 %, 250.10 W, 1980 MHz, 16 %, 39
2026/10/10 13:11:19.029, 3, 76805 MiB, 100 %, 246.60 W, 1980 MHz, 16 %, 34
2026/10/10 13:11:19.029, 4, 76805 MiB, 100 %, 243.81 W, 1980 MHz, 16 %, 34
2026/10/10 13:11:19.029, 5, 76805 MiB, 100 %, 251.58 W, 1980 MHz, 17 %, 39
2026/10/10 13:11:19.030, 6, 76805 MiB, 100 %, 241.85 W, 1980 MHz, 16 %, 36
2026/10/10 13:11:19.030, 7, 76805 MiB, 100 %, 279.58 W, 1980 MHz, 16 %, 71
2026/10/10 13:11:20.030, 0, 76805 MiB, 100 %, 249.02 W, 1980 MHz, 16 %, 35
2026/10/10 13:11:20.030, 1, 76805 MiB, 100 %, 266.87 W, 1980 MHz, 17 %, 59
2026/10/10 13:11:20.030, 2, 76805 MiB, 100 %, 250.71 W, 1980 MHz, 16 %, 39
2026/10/10 13:11:20.030, 3, 76805 MiB, 100 %, 247.15 W, 1980 MHz, 16 %, 34
2026/10/10 13:11:20.030, 4, 76805 MiB, 100 %, 242.24 W, 1980 MHz, 16 %, 34
2026/10/10 13:11:20.030, 5, 76805 MiB, 100 %, 251.99 W, 1980 MHz, 17 %, 39
2026/10/10 13:11:20.030, 6, 76805 MiB, 100 %, 240.59 W, 1980 MHz, 17 %, 36
2026/10/10 13:11:20.030, 7, 76805 MiB, 100 %, 279.90 W, 1980 MHz, 16 %, 71
2026/10/10 13:11:21.030, 0, 76805 MiB, 100 %, 249.11 W, 1980 MHz, 17 %, 35
2026/10/10 13:11:21.030, 1, 76805 MiB, 100 %, 267.42 W, 1980 MHz, 16 %, 59
2026/10/10 13:11:21.030, 2, 76805 MiB, 100 %, 250.40 W, 1980 MHz, 17 %, 39
2026/10/10 13:11:21.030, 3, 76805 MiB, 100 %, 246.74 W, 1980 MHz, 16 %, 34
2026/10/10 13:11:21.031, 4, 76805 MiB, 100 %, 243.48 W, 1980 MHz, 16 %, 34
2026/10/10 13:11:21.031, 5, 76805 MiB, 100 %, 251.63 W, 1980 MHz, 17 %, 39
2026/10/10 13:11:21.031, 6, 76805 MiB, 100 %, 240.80 W, 1980 MHz, 17 %, 36
2026/10/10 13:11:21.031, 7, 76805 MiB, 100 %, 279.63 W, 1980 MHz, 17 %, 70
2026/10/10 13:11:22.031, 0, 76805 MiB, 100 %, 248.59 W, 1980 MHz, 16 %, 35
2026/10/10 13:11:22.031, 1, 76805 MiB, 100 %, 268.20 W, 1980 MHz, 16 %, 59
2026/10/10 13:11:22.031, 2, 76805 MiB, 100 %, 250.53 W, 1980 MHz, 16 %, 39
2026/10/10 13:11:22.031, 3, 76805 MiB, 100 %, 245.70 W, 1980 MHz, 16 %, 34
2026/10/10 13:11:22.031, 4, 76805 MiB, 100 %, 242.20 W, 1980 MHz, 16 %, 34
2026/10/10 13:11:22.031, 5, 76805 MiB, 100 %, 251.57 W, 1980 MHz, 17 %, 39
2026/10/10 13:11:22.031, 6, 76805 MiB, 100 %, 240.25 W, 1980 MHz, 17 %, 36
2026/10/10 13:11:22.031, 7, 76805 MiB, 100 %, 280.16 W, 1980 MHz, 16 %, 70
2026/10/10 13:11:23.031, 0, 76805 MiB, 100 %, 248.70 W, 1980 MHz, 16 %, 35
2026/10/10 13:11:23.031, 1, 76805 MiB, 100 %, 269.03 W, 1980 MHz, 17 %, 59
2026/10/10 13:11:23.032, 2, 76805 MiB, 100 %, 249.46 W, 1980 MHz, 16 %, 39
2026/10/10 13:11:23.032, 3, 76805 MiB, 100 %, 246.49 W, 1980 MHz, 16 %, 33
2026/10/10 13:11:23.032, 4, 76805 MiB, 100 %, 242.88 W, 1980 MHz, 16 %, 34
2026/10/10 13:11:23.032, 5, 76805 MiB, 100 %, 251.20 W, 1980 MHz, 17 %, 38
2026/10/10 13:11:23.032, 6, 76805 MiB, 100 %, 241.26 W, 1980 MHz, 16 %, 36
2026/10/10 13:11:23.032, 7, 76805 MiB, 100 %, 279.43 W, 1980 MHz, 17 %, 70
2026/10/10 13:11:24.032, 0, 76805 MiB, 100 %, 250.69 W, 1980 MHz, 17 %, 35
2026/10/10 13:11:24.032, 1, 76805 MiB, 100 %, 267.67 W, 1980 MHz, 16 %, 59
2026/10/10 13:11:24.032, 2, 76805 MiB, 100 %, 249.54 W, 1980 MHz, 16 %, 39
2026/10/10 13:11:24.032, 3, 76805 MiB, 100 %, 245.96 W, 1980 MHz, 16 %, 33
2026/10/10 13:11:24.032, 4, 76805 MiB, 100 %, 243.78 W, 1980 MHz, 16 %, 34
2026/10/10 13:11:24.032, 5, 76805 MiB, 100 %, 251.98 W, 1980 MHz, 17 %, 38
2026/10/10 13:11:24.032, 6, 76805 MiB, 100 %, 240.06 W, 1980 MHz, 16 %, 36
2026/10/10 13:11:24.032, 7, 76805 MiB, 100 %, 279.98 W, 1980 MHz, 17 %, 70
2026/10/10 13:11:25.032, 0, 76805 MiB, 100 %, 249.29 W, 1980 MHz, 16 %, 35
2026/10/10 13:11:25.033, 1, 76805 MiB, 100 %, 266.44 W, 1980 MHz, 17 %, 59
2026/10/10 13:11:25.033, 2, 76805 MiB, 100 %, 249.60 W, 1980 MHz, 16 %, 39
2026/10/10 13:11:25.033, 3, 76805 MiB, 100 %, 247.00 W, 1980 MHz, 16 %, 33
2026/10/10 13:11:25.033, 4, 76805 MiB, 100 %, 242.35 W, 1980 MHz, 16 %, 34
2026/10/10 13:11:25.033, 5, 76805 MiB, 100 %, 250.15 W, 1980 MHz, 17 %, 38
2026/10/10 13:11:25.033, 6, 76805 MiB, 100 %, 240.88 W, 1980 MHz, 17 %, 36
2026/10/10 13:11:25.033, 7, 76805 MiB, 100 %, 280.21 W, 1980 MHz, 17 %, 70
2026/10/10 13:11:26.033, 0, 76805 MiB, 100 %, 249.04 W, 1980 MHz, 16 %, 35
2026/10/10 13:11:26.033, 1, 76805 MiB, 100 %, 267.49 W, 1980 MHz, 17 %, 59
2026/10/10 13:11:26.033, 2, 76805 MiB, 100 %, 249.21 W, 1980 MHz, 16 %, 39
2026/10/10 13:11:26.033, 3, 76805 MiB, 100 %, 245.65 W, 1980 MHz, 16 %, 33
2026/10/10 13:11:26.033, 4, 76805 MiB, 100 %, 242.60 W, 1980 MHz, 16 %, 34
2026/10/10 13:11:26.034, 5, 76805 MiB, 100 %, 250.87 W, 1980 MHz, 17 %, 38
2026/10/10 13:11:26.034, 6, 76805 MiB, 100 %, 241.32 W, 1980 MHz, 17 %, 36
2026/10/10 13:11:26.034, 7, 76805 MiB, 100 %, 280.21 W, 1980 MHz, 16 %, 70
2026/10/10 13:11:27.034, 0, 76805 MiB, 100 %, 249.75 W, 1980 MHz, 16 %, 35
2026/10/10 13:11:27.034, 1, 76805 MiB, 100 %, 267.68 W, 1980 MHz, 17 %, 59
2026/10/10 13:11:27.034, 2, 76805 MiB, 100 %, 249.68 W, 1980 MHz, 16 %, 39
2026/10/10 13:11:27.034, 3, 76805 MiB, 100 %, 245.11 W, 1980 MHz, 16 %, 33
2026/10/10 13:11:27.034, 4, 76805 MiB, 100 %, 242.47 W, 1980 MHz, 16 %, 34
2026/10/10 13:11:27.034, 5, 76805 MiB, 100 %, 250.98 W, 1980 MHz, 17 %, 38
2026/10/10 13:11:27.034, 6, 76805 MiB, 100 %, 239.92 W, 1980 MHz, 16 %, 36
2026/10/10 13:11:27.034, 7, 76805 MiB, 100 %, 278.92 W, 1980 MHz, 16 %, 70
2026/10/10 13:11:28.035, 0, 76805 MiB, 100 %, 468.51 W, 1950 MHz, 49 %, 47
2026/10/10 13:11:28.035, 1, 76805 MiB, 100 %, 499.37 W, 1875 MHz, 49 %, 69
2026/10/10 13:11:28.035, 2, 76805 MiB, 100 %, 478.92 W, 1965 MHz, 49 %, 49
2026/10/10 13:11:28.035, 3, 76805 MiB, 100 %, 489.23 W, 1950 MHz, 48 %, 45
2026/10/10 13:11:28.035, 4, 76805 MiB, 100 %, 487.80 W, 1965 MHz, 48 %, 47
2026/10/10 13:11:28.035, 5, 76805 MiB, 100 %, 505.62 W, 1965 MHz, 48 %, 50
2026/10/10 13:11:28.035, 6, 76805 MiB, 100 %, 478.83 W, 1980 MHz, 48 %, 48
2026/10/10 13:11:28.035, 7, 76805 MiB, 100 %, 527.54 W, 1875 MHz, 49 %, 81
2026/10/10 13:11:29.035, 0, 76805 MiB, 100 %, 669.67 W, 1980 MHz, 48 %, 49
2026/10/10 13:11:29.035, 1, 76805 MiB, 100 %, 685.09 W, 1935 MHz, 48 %, 69
2026/10/10 13:11:29.036, 2, 76805 MiB, 100 %, 678.45 W, 1965 MHz, 49 %, 50
2026/10/10 13:11:29.036, 3, 76805 MiB, 100 %, 689.51 W, 1905 MHz, 46 %, 48
2026/10/10 13:11:29.036, 4, 76805 MiB, 100 %, 691.73 W, 1890 MHz, 48 %, 50
2026/10/10 13:11:29.036, 5, 76805 MiB, 100 %, 690.98 W, 1920 MHz, 48 %, 54
2026/10/10 13:11:29.036, 6, 76805 MiB, 100 %, 671.18 W, 1980 MHz, 46 %, 53
2026/10/10 13:11:29.036, 7, 76805 MiB, 100 %, 692.77 W, 1830 MHz, 48 %, 83
2026/10/10 13:11:30.036, 0, 76805 MiB, 100 %, 675.43 W, 1980 MHz, 42 %, 50
2026/10/10 13:11:30.036, 1, 76805 MiB, 100 %, 686.28 W, 1965 MHz, 42 %, 70
2026/10/10 13:11:30.036, 2, 76805 MiB, 100 %, 671.03 W, 1965 MHz, 42 %, 52
2026/10/10 13:11:30.036, 3, 76805 MiB, 100 %, 684.08 W, 1965 MHz, 42 %, 50
2026/10/10 13:11:30.036, 4, 76805 MiB, 100 %, 692.27 W, 1965 MHz, 42 %, 51
2026/10/10 13:11:30.036, 5, 76805 MiB, 100 %, 690.66 W, 1950 MHz, 41 %, 54
2026/10/10 13:11:30.036, 6, 76805 MiB, 100 %, 680.21 W, 1965 MHz, 42 %, 54
2026/10/10 13:11:30.036, 7, 76805 MiB, 100 %, 664.96 W, 1740 MHz, 42 %, 82
2026/10/10 13:11:31.037, 0, 76805 MiB, 100 %, 475.38 W, 1980 MHz, 17 %, 39
2026/10/10 13:11:31.037, 1, 76805 MiB, 100 %, 500.65 W, 1980 MHz, 16 %, 60
2026/10/10 13:11:31.037, 2, 76805 MiB, 100 %, 469.89 W, 1980 MHz, 16 %, 43
2026/10/10 13:11:31.037, 3, 76805 MiB, 100 %, 479.42 W, 1980 MHz, 16 %, 39
2026/10/10 13:11:31.037, 4, 76805 MiB, 100 %, 472.79 W, 1980 MHz, 16 %, 39
2026/10/10 13:11:31.037, 5, 76805 MiB, 100 %, 465.47 W, 1980 MHz, 16 %, 43
2026/10/10 13:11:31.037, 6, 76805 MiB, 100 %, 451.80 W, 1980 MHz, 16 %, 43
2026/10/10 13:11:31.037, 7, 76805 MiB, 100 %, 447.82 W, 1980 MHz, 17 %, 73
2026/10/10 13:11:32.037, 0, 76805 MiB, 100 %, 251.38 W, 1980 MHz, 16 %, 37
2026/10/10 13:11:32.037, 1, 76805 MiB, 100 %, 268.14 W, 1980 MHz, 16 %, 60
2026/10/10 13:11:32.037, 2, 76805 MiB, 100 %, 252.14 W, 1980 MHz, 17 %, 41
2026/10/10 13:11:32.037, 3, 76805 MiB, 100 %, 250.75 W, 1980 MHz, 17 %, 36
2026/10/10 13:11:32.037, 4, 76805 MiB, 100 %, 245.72 W, 1980 MHz, 17 %, 36
2026/10/10 13:11:32.038, 5, 76805 MiB, 100 %, 250.95 W, 1980 MHz, 16 %, 41
2026/10/10 13:11:32.038, 6, 76805 MiB, 100 %, 244.24 W, 1980 MHz, 16 %, 39
2026/10/10 13:11:32.038, 7, 76805 MiB, 100 %, 283.05 W, 1980 MHz, 17 %, 72
2026/10/10 13:11:33.038, 0, 76805 MiB, 100 %, 250.77 W, 1980 MHz, 17 %, 36
2026/10/10 13:11:33.038, 1, 76805 MiB, 100 %, 270.08 W, 1980 MHz, 17 %, 59
2026/10/10 13:11:33.038, 2, 76805 MiB, 100 %, 251.05 W, 1980 MHz, 17 %, 40
2026/10/10 13:11:33.038, 3, 76805 MiB, 100 %, 249.52 W, 1980 MHz, 17 %, 35
2026/10/10 13:11:33.038, 4, 76805 MiB, 100 %, 244.71 W, 1980 MHz, 16 %, 36
2026/10/10 13:11:33.038, 5, 76805 MiB, 100 %, 248.94 W, 1980 MHz, 16 %, 40
2026/10/10 13:11:33.038, 6, 76805 MiB, 100 %, 243.36 W, 1980 MHz, 16 %, 38
2026/10/10 13:11:33.038, 7, 76805 MiB, 100 %, 282.30 W, 1980 MHz, 16 %, 71
2026/10/10 13:11:34.038, 0, 76805 MiB, 100 %, 249.81 W, 1980 MHz, 17 %, 36
2026/10/10 13:11:34.039, 1, 76805 MiB, 100 %, 268.29 W, 1980 MHz, 17 %, 59
2026/10/10 13:11:34.039, 2, 76805 MiB, 100 %, 250.51 W, 1980 MHz, 16 %, 40
2026/10/10 13:11:34.039, 3, 76805 MiB, 100 %, 250.00 W, 1980 MHz, 16 %, 35
2026/10/10 13:11:34.039, 4, 76805 MiB, 100 %, 245.21 W, 1980 MHz, 17 %, 35
2026/10/10 13:11:34.039, 5, 76805 MiB, 100 %, 250.28 W, 1980 MHz, 16 %, 39
2026/10/10 13:11:34.039, 6, 76805 MiB, 100 %, 241.39 W, 1980 MHz, 16 %, 37
2026/10/10 13:11:34.039, 7, 76805 MiB, 100 %, 280.28 W, 1980 MHz, 17 %, 71
2026/10/10 13:11:35.039, 0, 76805 MiB, 100 %, 249.78 W, 1980 MHz, 16 %, 36
2026/10/10 13:11:35.039, 1, 76805 MiB, 100 %, 267.36 W, 1980 MHz, 17 %, 59
2026/10/10 13:11:35.039, 2, 76805 MiB, 100 %, 251.11 W, 1980 MHz, 16 %, 39
2026/10/10 13:11:35.039, 3, 76805 MiB, 100 %, 249.09 W, 1980 MHz, 17 %, 34
2026/10/10 13:11:35.039, 4, 76805 MiB, 100 %, 244.38 W, 1980 MHz, 16 %, 35
2026/10/10 13:11:35.039, 5, 76805 MiB, 100 %, 249.35 W, 1980 MHz, 16 %, 39
2026/10/10 13:11:35.039, 6, 76805 MiB, 100 %, 241.35 W, 1980 MHz, 17 %, 37
2026/10/10 13:11:35.040, 7, 76805 MiB, 100 %, 281.85 W, 1980 MHz, 16 %, 71
2026/10/10 13:11:36.040, 0, 76805 MiB, 100 %, 249.95 W, 1980 MHz, 16 %, 36
2026/10/10 13:11:36.040, 1, 76805 MiB, 100 %, 269.39 W, 1980 MHz, 17 %, 59
2026/10/10 13:11:36.040, 2, 76805 MiB, 100 %, 250.47 W, 1980 MHz, 17 %, 39
2026/10/10 13:11:36.040, 3, 76805 MiB, 100 %, 248.26 W, 1980 MHz, 16 %, 34
2026/10/10 13:11:36.040, 4, 76805 MiB, 100 %, 245.21 W, 1980 MHz, 16 %, 35
2026/10/10 13:11:36.040, 5, 76805 MiB, 100 %, 248.12 W, 1980 MHz, 16 %, 39
2026/10/10 13:11:36.040, 6, 76805 MiB, 100 %, 241.30 W, 1980 MHz, 16 %, 37
2026/10/10 13:11:36.040, 7, 76805 MiB, 100 %, 280.62 W, 1980 MHz, 17 %, 71
2026/10/10 13:11:37.040, 0, 76805 MiB, 100 %, 250.64 W, 1980 MHz, 16 %, 36
2026/10/10 13:11:37.040, 1, 76805 MiB, 100 %, 269.86 W, 1980 MHz, 17 %, 59
2026/10/10 13:11:37.040, 2, 76805 MiB, 100 %, 250.46 W, 1980 MHz, 16 %, 39
2026/10/10 13:11:37.041, 3, 76805 MiB, 100 %, 248.36 W, 1980 MHz, 16 %, 34
2026/10/10 13:11:37.041, 4, 76805 MiB, 100 %, 243.50 W, 1980 MHz, 16 %, 35
2026/10/10 13:11:37.041, 5, 76805 MiB, 100 %, 249.57 W, 1980 MHz, 16 %, 39
2026/10/10 13:11:37.041, 6, 76805 MiB, 100 %, 240.62 W, 1980 MHz, 17 %, 37
2026/10/10 13:11:37.041, 7, 76805 MiB, 100 %, 282.07 W, 1980 MHz, 17 %, 71
2026/10/10 13:11:38.041, 0, 76805 MiB, 100 %, 249.69 W, 1980 MHz, 17 %, 35
2026/10/10 13:11:38.041, 1, 76805 MiB, 100 %, 268.70 W, 1980 MHz, 16 %, 59
2026/10/10 13:11:38.041, 2, 76805 MiB, 100 %, 250.10 W, 1980 MHz, 16 %, 39
2026/10/10 13:11:38.041, 3, 76805 MiB, 100 %, 247.79 W, 1980 MHz, 16 %, 34
2026/10/10 13:11:38.041, 4, 76805 MiB, 100 %, 244.50 W, 1980 MHz, 16 %, 35
2026/10/10 13:11:38.041, 5, 76805 MiB, 100 %, 249.38 W, 1980 MHz, 16 %, 39
2026/10/10 13:11:38.041, 6, 76805 MiB, 100 %, 238.85 W, 1980 MHz, 16 %, 36
2026/10/10 13:11:38.041, 7, 76805 MiB, 100 %, 279.95 W, 1980 MHz, 17 %, 71
2026/10/10 13:11:39.041, 0, 76805 MiB, 100 %, 250.37 W, 1980 MHz, 17 %, 35
2026/10/10 13:11:39.042, 1, 76805 MiB, 100 %, 267.94 W, 1980 MHz, 17 %, 59
2026/10/10 13:11:39.042, 2, 76805 MiB, 100 %, 250.31 W, 1980 MHz, 17 %, 39
2026/10/10 13:11:39.042, 3, 76805 MiB, 100 %, 247.65 W, 1980 MHz, 16 %, 34
2026/10/10 13:11:39.042, 4, 76805 MiB, 100 %, 243.60 W, 1980 MHz, 16 %, 34
2026/10/10 13:11:39.042, 5, 76805 MiB, 100 %, 249.08 W, 1980 MHz, 16 %, 39
2026/10/10 13:11:39.042, 6, 76805 MiB, 100 %, 239.48 W, 1980 MHz, 16 %, 36
2026/10/10 13:11:39.042, 7, 76805 MiB, 100 %, 282.59 W, 1980 MHz, 17 %, 71
2026/10/10 13:11:40.042, 0, 76805 MiB, 100 %, 250.56 W, 1980 MHz, 16 %, 35
2026/10/10 13:11:40.042, 1, 76805 MiB, 100 %, 267.51 W, 1980 MHz, 17 %, 59
2026/10/10 13:11:40.042, 2, 76805 MiB, 100 %, 249.22 W, 1980 MHz, 17 %, 39
2026/10/10 13:11:40.042, 3, 76805 MiB, 100 %, 249.51 W, 1980 MHz, 16 %, 34
2026/10/10 13:11:40.042, 4, 76805 MiB, 100 %, 242.97 W, 1980 MHz, 17 %, 34
2026/10/10 13:11:40.042, 5, 76805 MiB, 100 %, 249.55 W, 1980 MHz, 17 %, 39
2026/10/10 13:11:40.042, 6, 76805 MiB, 100 %, 242.40 W, 1980 MHz, 16 %, 36
2026/10/10 13:11:40.042, 7, 76805 MiB, 100 %, 281.13 W, 1980 MHz, 17 %, 71
2026/10/10 13:11:41.043, 0, 76805 MiB, 100 %, 250.50 W, 1980 MHz, 17 %, 35
2026/10/10 13:11:41.043, 1, 76805 MiB, 100 %, 268.01 W, 1980 MHz, 17 %, 59
2026/10/10 13:11:41.043, 2, 76805 MiB, 100 %, 249.31 W, 1980 MHz, 17 %, 39
2026/10/10 13:11:41.043, 3, 76805 MiB, 100 %, 247.65 W, 1980 MHz, 16 %, 34
2026/10/10 13:11:41.043, 4, 76805 MiB, 100 %, 244.24 W, 1980 MHz, 16 %, 34
2026/10/10 13:11:41.043, 5, 76805 MiB, 100 %, 249.77 W, 1980 MHz, 16 %, 39
2026/10/10 13:11:41.043, 6, 76805 MiB, 100 %, 240.42 W, 1980 MHz, 17 %, 36
2026/10/10 13:11:41.043, 7, 76805 MiB, 100 %, 282.00 W, 1980 MHz, 17 %, 71
2026/10/10 13:11:42.043, 0, 76805 MiB, 100 %, 250.14 W, 1980 MHz, 16 %, 35
2026/10/10 13:11:42.043, 1, 76805 MiB, 100 %, 267.32 W, 1980 MHz, 17 %, 59
2026/10/10 13:11:42.043, 2, 76805 MiB, 100 %, 250.00 W, 1980 MHz, 16 %, 39
2026/10/10 13:11:42.043, 3, 76805 MiB, 100 %, 248.14 W, 1980 MHz, 17 %, 34
2026/10/10 13:11:42.043, 4, 76805 MiB, 100 %, 243.69 W, 1980 MHz, 16 %, 34
2026/10/10 13:11:42.043, 5, 76805 MiB, 100 %, 249.51 W, 1980 MHz, 17 %, 38
2026/10/10 13:11:42.044, 6, 76805 MiB, 100 %, 242.11 W, 1980 MHz, 16 %, 36
2026/10/10 13:11:42.044, 7, 76805 MiB, 100 %, 280.52 W, 1980 MHz, 17 %, 70
2026/10/10 13:11:43.044, 0, 76805 MiB, 100 %, 250.68 W, 1980 MHz, 16 %, 35
2026/10/10 13:11:43.044, 1, 76805 MiB, 100 %, 267.28 W, 1980 MHz, 16 %, 59
2026/10/10 13:11:43.044, 2, 76805 MiB, 100 %, 250.59 W, 1980 MHz, 17 %, 39
2026/10/10 13:11:43.044, 3, 76805 MiB, 100 %, 248.03 W, 1980 MHz, 17 %, 33
2026/10/10 13:11:43.044, 4, 76805 MiB, 100 %, 244.45 W, 1980 MHz, 16 %, 34
2026/10/10 13:11:43.044, 5, 76805 MiB, 100 %, 248.89 W, 1980 MHz, 16 %, 38
2026/10/10 13:11:43.044, 6, 76805 MiB, 100 %, 241.59 W, 1980 MHz, 16 %, 36
2026/10/10 13:11:43.044, 7, 76805 MiB, 100 %, 279.43 W, 1980 MHz, 17 %, 70
2026/10/10 13:11:44.044, 0, 76805 MiB, 100 %, 250.24 W, 1980 MHz, 16 %, 35
2026/10/10 13:11:44.044, 1, 76805 MiB, 100 %, 265.88 W, 1980 MHz, 16 %, 59
2026/10/10 13:11:44.044, 2, 76805 MiB, 100 %, 250.01 W, 1980 MHz, 17 %, 39
2026/10/10 13:11:44.044, 3, 76805 MiB, 100 %, 248.72 W, 1980 MHz, 17 %, 33
2026/10/10 13:11:44.045, 4, 76805 MiB, 100 %, 243.71 W, 1980 MHz, 16 %, 34
2026/10/10 13:11:44.045, 5, 76805 MiB, 100 %, 248.89 W, 1980 MHz, 16 %, 38
2026/10/10 13:11:44.045, 6, 76805 MiB, 100 %, 241.24 W, 1980 MHz, 17 %, 36
2026/10/10 13:11:44.045, 7, 76805 MiB, 100 %, 280.62 W, 1980 MHz, 16 %, 70
2026/10/10 13:11:45.045, 0, 76805 MiB, 100 %, 249.77 W, 1980 MHz, 16 %, 35
2026/10/10 13:11:45.045, 1, 76805 MiB, 100 %, 267.06 W, 1980 MHz, 16 %, 59
2026/10/10 13:11:45.045, 2, 76805 MiB, 100 %, 249.80 W, 1980 MHz, 16 %, 39
2026/10/10 13:11:45.045, 3, 76805 MiB, 100 %, 248.77 W, 1980 MHz, 17 %, 33
2026/10/10 13:11:45.045, 4, 76805 MiB, 100 %, 243.48 W, 1980 MHz, 16 %, 34
2026/10/10 13:11:45.045, 5, 76805 MiB, 100 %, 248.76 W, 1980 MHz, 17 %, 38
2026/10/10 13:11:45.045, 6, 76805 MiB, 100 %, 240.09 W, 1980 MHz, 17 %, 36
2026/10/10 13:11:45.045, 7, 76805 MiB, 100 %, 279.76 W, 1980 MHz, 17 %, 70
2026/10/10 13:11:46.045, 0, 76805 MiB, 100 %, 249.26 W, 1980 MHz, 17 %, 35
2026/10/10 13:11:46.045, 1, 76805 MiB, 100 %, 267.69 W, 1980 MHz, 16 %, 59
2026/10/10 13:11:46.045, 2, 76805 MiB, 100 %, 250.82 W, 1980 MHz, 16 %, 39
2026/10/10 13:11:46.046, 3, 76805 MiB, 100 %, 248.35 W, 1980 MHz, 17 %, 33
2026/10/10 13:11:46.046, 4, 76805 MiB, 100 %, 243.43 W, 1980 MHz, 17 %, 34
2026/10/10 13:11:46.046, 5, 76805 MiB, 100 %, 248.80 W, 1980 MHz, 16 %, 38
2026/10/10 13:11:46.046, 6, 76805 MiB, 100 %, 241.81 W, 1980 MHz, 17 %, 36
2026/10/10 13:11:46.046, 7, 76805 MiB, 100 %, 281.24 W, 1980 MHz, 17 %, 70
2026/10/10 13:11:47.046, 0, 76805 MiB, 100 %, 324.14 W, 1980 MHz, 50 %, 44
2026/10/10 13:11:47.046, 1, 76805 MiB, 100 %, 381.95 W, 1950 MHz, 50 %, 68
2026/10/10 13:11:47.046, 2, 76805 MiB, 100 %, 322.11 W, 1980 MHz, 50 %, 46
2026/10/10 13:11:47.046, 3, 76805 MiB, 100 %, 336.53 W, 1920 MHz, 49 %, 41
2026/10/10 13:11:47.046, 4, 76805 MiB, 100 %, 324.65 W, 1965 MHz, 49 %, 43
2026/10/10 13:11:47.046, 5, 76805 MiB, 100 %, 340.16 W, 1965 MHz, 49 %, 47
2026/10/10 13:11:47.046, 6, 76805 MiB, 100 %, 319.78 W, 1980 MHz, 49 %, 44
2026/10/10 13:11:47.046, 7, 76805 MiB, 100 %, 369.81 W, 1935 MHz, 49 %, 79
2026/10/10 13:11:48.047, 0, 76805 MiB, 100 %, 670.12 W, 1980 MHz, 49 %, 48
2026/10/10 13:11:48.047, 1, 76805 MiB, 100 %, 695.43 W, 1890 MHz, 49 %, 69
2026/10/10 13:11:48.047, 2, 76805 MiB, 100 %, 682.67 W, 1980 MHz, 49 %, 50
2026/10/10 13:11:48.047, 3, 76805 MiB, 100 %, 692.33 W, 1950 MHz, 46 %, 47
2026/10/10 13:11:48.047, 4, 76805 MiB, 100 %, 689.89 W, 1950 MHz, 49 %, 49
2026/10/10 13:11:48.047, 5, 76805 MiB, 100 %, 690.44 W, 1950 MHz, 49 %, 53
2026/10/10 13:11:48.047, 6, 76805 MiB, 100 %, 670.32 W, 1980 MHz, 46 %, 51
2026/10/10 13:11:48.047, 7, 76805 MiB, 100 %, 699.40 W, 1830 MHz, 49 %, 82
2026/10/10 13:11:49.047, 0, 76805 MiB, 100 %, 669.20 W, 1980 MHz, 43 %, 50
2026/10/10 13:11:49.047, 1, 76805 MiB, 100 %, 692.65 W, 1965 MHz, 43 %, 69
2026/10/10 13:11:49.047, 2, 76805 MiB, 100 %, 680.53 W, 1965 MHz, 43 %, 50
2026/10/10 13:11:49.047, 3, 76805 MiB, 100 %, 686.70 W, 1950 MHz, 42 %, 49
2026/10/10 13:11:49.047, 4, 76805 MiB, 100 %, 686.72 W, 1965 MHz, 42 %, 51
2026/10/10 13:11:49.048, 5, 76805 MiB, 100 %, 692.82 W, 1890 MHz, 42 %, 54
2026/10/10 13:11:49.048, 6, 76805 MiB, 100 %, 670.48 W, 1980 MHz, 42 %, 53
2026/10/10 13:11:49.048, 7, 76805 MiB, 100 %, 673.16 W, 1665 MHz, 43 %, 82
2026/10/10 13:11:50.048, 0, 76805 MiB, 100 %, 612.83 W, 1980 MHz, 30 %, 43
2026/10/10 13:11:50.048, 1, 76805 MiB, 100 %, 620.04 W, 1965 MHz, 27 %, 62
2026/10/10 13:11:50.048, 2, 76805 MiB, 100 %, 629.92 W, 1980 MHz, 35 %, 47
2026/10/10 13:11:50.048, 3, 76805 MiB, 100 %, 643.58 W, 1965 MHz, 18 %, 45
2026/10/10 13:11:50.048, 4, 76805 MiB, 100 %, 627.77 W, 1980 MHz, 23 %, 43
2026/10/10 13:11:50.048, 5, 76805 MiB, 100 %, 629.53 W, 1965 MHz, 24 %, 48
2026/10/10 13:11:50.048, 6, 76805 MiB, 100 %, 602.93 W, 1980 MHz, 16 %, 48
2026/10/10 13:11:50.048, 7, 76805 MiB, 100 %, 562.92 W, 1965 MHz, 23 %, 75
2026/10/10 13:11:51.048, 0, 76805 MiB, 100 %, 252.78 W, 1980 MHz, 16 %, 38
2026/10/10 13:11:51.048, 1, 76805 MiB, 100 %, 267.11 W, 1980 MHz, 16 %, 60
2026/10/10 13:11:51.049, 2, 76805 MiB, 100 %, 253.58 W, 1980 MHz, 17 %, 41
2026/10/10 13:11:51.049, 3, 76805 MiB, 100 %, 250.51 W, 1980 MHz, 17 %, 36
2026/10/10 13:11:51.049, 4, 76805 MiB, 100 %, 244.77 W, 1980 MHz, 16 %, 37
2026/10/10 13:11:51.049, 5, 76805 MiB, 100 %, 254.65 W, 1980 MHz, 17 %, 41
2026/10/10 13:11:51.049, 6, 76805 MiB, 100 %, 242.74 W, 1980 MHz, 16 %, 40
2026/10/10 13:11:51.049, 7, 76805 MiB, 100 %, 280.82 W, 1980 MHz, 16 %, 72
2026/10/10 13:11:52.049, 0, 76805 MiB, 100 %, 250.73 W, 1980 MHz, 16 %, 37
2026/10/10 13:11:52.049, 1, 76805 MiB, 100 %, 267.63 W, 1980 MHz, 16 %, 59
2026/10/10 13:11:52.049, 2, 76805 MiB, 100 %, 253.83 W, 1980 MHz, 17 %, 40
2026/10/10 13:11:52.049, 3, 76805 MiB, 100 %, 251.19 W, 1980 MHz, 17 %, 35
2026/10/10 13:11:52.049, 4, 76805 MiB, 100 %, 244.60 W, 1980 MHz, 17 %, 36
2026/10/10 13:11:52.049, 5, 76805 MiB, 100 %, 251.83 W, 1980 MHz, 17 %, 40
2026/10/10 13:11:52.049, 6, 76805 MiB, 100 %, 241.04 W, 1980 MHz, 16 %, 38
2026/10/10 13:11:52.049, 7, 76805 MiB, 100 %, 277.51 W, 1980 MHz, 16 %, 71
2026/10/10 13:11:53.050, 0, 76805 MiB, 100 %, 251.60 W, 1980 MHz, 17 %, 36
2026/10/10 13:11:53.050, 1, 76805 MiB, 100 %, 266.90 W, 1980 MHz, 17 %, 59
2026/10/10 13:11:53.050, 2, 76805 MiB, 100 %, 251.17 W, 1980 MHz, 16 %, 40
2026/10/10 13:11:53.050, 3, 76805 MiB, 100 %, 250.62 W, 1980 MHz, 17 %, 35
2026/10/10 13:11:53.050, 4, 76805 MiB, 100 %, 243.64 W, 1980 MHz, 16 %, 35
2026/10/10 13:11:53.050, 5, 76805 MiB, 100 %, 249.67 W, 1980 MHz, 16 %, 40
2026/10/10 13:11:53.050, 6, 76805 MiB, 100 %, 241.74 W, 1980 MHz, 16 %, 38
2026/10/10 13:11:53.050, 7, 76805 MiB, 100 %, 277.62 W, 1980 MHz, 17 %, 71
2026/10/10 13:11:54.050, 0, 76805 MiB, 100 %, 253.58 W, 1980 MHz, 17 %, 36
2026/10/10 13:11:54.050, 1, 76805 MiB, 100 %, 268.49 W, 1980 MHz, 17 %, 59
2026/10/10 13:11:54.050, 2, 76805 MiB, 100 %, 250.11 W, 1980 MHz, 16 %, 40
2026/10/10 13:11:54.050, 3, 76805 MiB, 100 %, 249.29 W, 1980 MHz, 16 %, 34
2026/10/10 13:11:54.050, 4, 76805 MiB, 100 %, 240.86 W, 1980 MHz, 16 %, 35
2026/10/10 13:11:54.050, 5, 76805 MiB, 100 %, 250.48 W, 1980 MHz, 17 %, 39
2026/10/10 13:11:54.051, 6, 76805 MiB, 100 %, 243.01 W, 1980 MHz, 16 %, 37
2026/10/10 13:11:54.051, 7, 76805 MiB, 100 %, 278.18 W, 1980 MHz, 16 %, 71
2026/10/10 13:11:55.051, 0, 76805 MiB, 100 %, 251.45 W, 1980 MHz, 17 %, 36
2026/10/10 13:11:55.051, 1, 76805 MiB, 100 %, 268.92 W, 1980 MHz, 17 %, 59
2026/10/10 13:11:55.051, 2, 76805 MiB, 100 %, 252.78 W, 1980 MHz, 17 %, 39
2026/10/10 13:11:55.051, 3, 76805 MiB, 100 %, 245.71 W, 1980 MHz, 16 %, 34
2026/10/10 13:11:55.051, 4, 76805 MiB, 100 %, 240.49 W, 1980 MHz, 16 %, 35
2026/10/10 13:11:55.051, 5, 76805 MiB, 100 %, 250.31 W, 1980 MHz, 17 %, 39
2026/10/10 13:11:55.051, 6, 76805 MiB, 100 %, 242.45 W, 1980 MHz, 16 %, 37
2026/10/10 13:11:55.051, 7, 76805 MiB, 100 %, 280.22 W, 1980 MHz, 17 %, 71
2026/10/10 13:11:56.051, 0, 76805 MiB, 100 %, 250.59 W, 1980 MHz, 16 %, 36
2026/10/10 13:11:56.051, 1, 76805 MiB, 100 %, 267.78 W, 1980 MHz, 17 %, 59
2026/10/10 13:11:56.051, 2, 76805 MiB, 100 %, 252.31 W, 1980 MHz, 17 %, 39
2026/10/10 13:11:56.051, 3, 76805 MiB, 100 %, 246.78 W, 1980 MHz, 16 %, 34
2026/10/10 13:11:56.052, 4, 76805 MiB, 100 %, 241.10 W, 1980 MHz, 16 %, 35
2026/10/10 13:11:56.052, 5, 76805 MiB, 100 %, 251.74 W, 1980 MHz, 17 %, 39
2026/10/10 13:11:56.052, 6, 76805 MiB, 100 %, 239.87 W, 1980 MHz, 16 %, 37
2026/10/10 13:11:56.052, 7, 76805 MiB, 100 %, 279.85 W, 1980 MHz, 17 %, 71
2026/10/10 13:11:57.052, 0, 76805 MiB, 100 %, 250.44 W, 1980 MHz, 16 %, 36
2026/10/10 13:11:57.052, 1, 76805 MiB, 100 %, 267.24 W, 1980 MHz, 16 %, 59
2026/10/10 13:11:57.052, 2, 76805 MiB, 100 %, 251.20 W, 1980 MHz, 17 %, 39
2026/10/10 13:11:57.052, 3, 76805 MiB, 100 %, 246.58 W, 1980 MHz, 16 %, 34
2026/10/10 13:11:57.052, 4, 76805 MiB, 100 %, 242.18 W, 1980 MHz, 16 %, 34
2026/10/10 13:11:57.052, 5, 76805 MiB, 100 %, 250.60 W, 1980 MHz, 17 %, 39
2026/10/10 13:11:57.052, 6, 76805 MiB, 100 %, 241.20 W, 1980 MHz, 16 %, 37
2026/10/10 13:11:57.052, 7, 76805 MiB, 100 %, 278.78 W, 1980 MHz, 17 %, 71
2026/10/10 13:11:58.052, 0, 76805 MiB, 100 %, 249.86 W, 1980 MHz, 16 %, 35
2026/10/10 13:11:58.052, 1, 76805 MiB, 100 %, 267.85 W, 1980 MHz, 16 %, 59
2026/10/10 13:11:58.053, 2, 76805 MiB, 100 %, 251.62 W, 1980 MHz, 17 %, 39
2026/10/10 13:11:58.053, 3, 76805 MiB, 100 %, 245.46 W, 1980 MHz, 16 %, 34
2026/10/10 13:11:58.053, 4, 76805 MiB, 100 %, 241.18 W, 1980 MHz, 16 %, 34
2026/10/10 13:11:58.053, 5, 76805 MiB, 100 %, 250.96 W, 1980 MHz, 17 %, 39
2026/10/10 13:11:58.053, 6, 76805 MiB, 100 %, 239.98 W, 1980 MHz, 16 %, 36
2026/10/10 13:11:58.053, 7, 76805 MiB, 100 %, 278.82 W, 1980 MHz, 17 %, 71
2026/10/10 13:11:59.053, 0, 76805 MiB, 100 %, 251.42 W, 1980 MHz, 16 %, 35
2026/10/10 13:11:59.053, 1, 76805 MiB, 100 %, 267.19 W, 1980 MHz, 17 %, 59
2026/10/10 13:11:59.053, 2, 76805 MiB, 100 %, 252.36 W, 1980 MHz, 17 %, 39
2026/10/10 13:11:59.053, 3, 76805 MiB, 100 %, 245.77 W, 1980 MHz, 16 %, 34
2026/10/10 13:11:59.053, 4, 76805 MiB, 100 %, 240.66 W, 1980 MHz, 16 %, 34
2026/10/10 13:11:59.053, 5, 76805 MiB, 100 %, 250.11 W, 1980 MHz, 17 %, 39
2026/10/10 13:11:59.053, 6, 76805 MiB, 100 %, 240.34 W, 1980 MHz, 16 %, 36
2026/10/10 13:11:59.053, 7, 76805 MiB, 100 %, 278.80 W, 1980 MHz, 17 %, 70
2026/10/10 13:12:00.054, 0, 76805 MiB, 100 %, 250.33 W, 1980 MHz, 16 %, 35
2026/10/10 13:12:00.054, 1, 76805 MiB, 100 %, 266.71 W, 1980 MHz, 17 %, 59
2026/10/10 13:12:00.054, 2, 76805 MiB, 100 %, 250.89 W, 1980 MHz, 17 %, 39
2026/10/10 13:12:00.054, 3, 76805 MiB, 100 %, 246.06 W, 1980 MHz, 16 %, 34
2026/10/10 13:12:00.054, 4, 76805 MiB, 100 %, 240.39 W, 1980 MHz, 16 %, 34
2026/10/10 13:12:00.054, 5, 76805 MiB, 100 %, 250.87 W, 1980 MHz, 17 %, 39
2026/10/10 13:12:00.054, 6, 76805 MiB, 100 %, 239.68 W, 1980 MHz, 16 %, 36
2026/10/10 13:12:00.054, 7, 76805 MiB, 100 %, 278.94 W, 1980 MHz, 17 %, 70
2026/10/10 13:12:01.054, 0, 76805 MiB, 100 %, 250.92 W, 1980 MHz, 17 %, 35
2026/10/10 13:12:01.054, 1, 76805 MiB, 100 %, 267.38 W, 1980 MHz, 16 %, 59
2026/10/10 13:12:01.054, 2, 76805 MiB, 100 %, 252.24 W, 1980 MHz, 17 %, 39
2026/10/10 13:12:01.054, 3, 76805 MiB, 100 %, 245.81 W, 1980 MHz, 16 %, 34
2026/10/10 13:12:01.054, 4, 76805 MiB, 100 %, 241.59 W, 1980 MHz, 16 %, 34
2026/10/10 13:12:01.054, 5, 76805 MiB, 100 %, 251.49 W, 1980 MHz, 17 %, 38
2026/10/10 13:12:01.054, 6, 76805 MiB, 100 %, 240.46 W, 1980 MHz, 16 %, 36
2026/10/10 13:12:01.054, 7, 76805 MiB, 100 %, 278.00 W, 1980 MHz, 17 %, 70
2026/10/10 13:12:02.055, 0, 76805 MiB, 100 %, 250.29 W, 1980 MHz, 17 %, 35
2026/10/10 13:12:02.055, 1, 76805 MiB, 100 %, 266.26 W, 1980 MHz, 17 %, 59
2026/10/10 13:12:02.055, 2, 76805 MiB, 100 %, 250.95 W, 1980 MHz, 17 %, 39
2026/10/10 13:12:02.055, 3, 76805 MiB, 100 %, 246.22 W, 1980 MHz, 16 %, 33
2026/10/10 13:12:02.055, 4, 76805 MiB, 100 %, 240.43 W, 1980 MHz, 16 %, 34
2026/10/10 13:12:02.055, 5, 76805 MiB, 100 %, 250.12 W, 1980 MHz, 17 %, 38
2026/10/10 13:12:02.055, 6, 76805 MiB, 100 %, 238.64 W, 1980 MHz, 16 %, 36
2026/10/10 13:12:02.055, 7, 76805 MiB, 100 %, 278.48 W, 1980 MHz, 17 %, 70
2026/10/10 13:12:03.055, 0, 76805 MiB, 100 %, 250.00 W, 1980 MHz, 17 %, 35
2026/10/10 13:12:03.055, 1, 76805 MiB, 100 %, 268.10 W, 1980 MHz, 17 %, 59
2026/10/10 13:12:03.055, 2, 76805 MiB, 100 %, 251.29 W, 1980 MHz, 17 %, 39
2026/10/10 13:12:03.055, 3, 76805 MiB, 100 %, 247.05 W, 1980 MHz, 16 %, 33
2026/10/10 13:12:03.055, 4, 76805 MiB, 100 %, 240.70 W, 1980 MHz, 16 %, 34
2026/10/10 13:12:03.056, 5, 76805 MiB, 100 %, 250.40 W, 1980 MHz, 17 %, 38
2026/10/10 13:12:03.056, 6, 76805 MiB, 100 %, 240.39 W, 1980 MHz, 16 %, 36
2026/10/10 13:12:03.056, 7, 76805 MiB, 100 %, 278.43 W, 1980 MHz, 17 %, 70
2026/10/10 13:12:04.056, 0, 76805 MiB, 100 %, 250.55 W, 1980 MHz, 16 %, 35
2026/10/10 13:12:04.056, 1, 76805 MiB, 100 %, 268.38 W, 1980 MHz, 17 %, 59
2026/10/10 13:12:04.056, 2, 76805 MiB, 100 %, 251.52 W, 1980 MHz, 17 %, 39
2026/10/10 13:12:04.056, 3, 76805 MiB, 100 %, 246.15 W, 1980 MHz, 16 %, 33
2026/10/10 13:12:04.056, 4, 76805 MiB, 100 %, 240.93 W, 1980 MHz, 16 %, 34
2026/10/10 13:12:04.056, 5, 76805 MiB, 100 %, 249.53 W, 1980 MHz, 17 %, 38
2026/10/10 13:12:04.056, 6, 76805 MiB, 100 %, 240.28 W, 1980 MHz, 16 %, 36
2026/10/10 13:12:04.056, 7, 76805 MiB, 100 %, 279.23 W, 1980 MHz, 17 %, 70
2026/10/10 13:12:05.056, 0, 76805 MiB, 100 %, 250.58 W, 1980 MHz, 17 %, 35
2026/10/10 13:12:05.056, 1, 76805 MiB, 100 %, 268.67 W, 1980 MHz, 17 %, 59
2026/10/10 13:12:05.057, 2, 76805 MiB, 100 %, 251.36 W, 1980 MHz, 17 %, 39
2026/10/10 13:12:05.057, 3, 76805 MiB, 100 %, 247.04 W, 1980 MHz, 16 %, 33
2026/10/10 13:12:05.057, 4, 76805 MiB, 100 %, 240.77 W, 1980 MHz, 16 %, 34
2026/10/10 13:12:05.057, 5, 76805 MiB, 100 %, 249.51 W, 1980 MHz, 16 %, 38
2026/10/10 13:12:05.057, 6, 76805 MiB, 100 %, 238.89 W, 1980 MHz, 16 %, 36
2026/10/10 13:12:05.057, 7, 76805 MiB, 100 %, 278.67 W, 1980 MHz, 17 %, 70
2026/10/10 13:12:06.057, 0, 76805 MiB, 100 %, 250.93 W, 1980 MHz, 16 %, 35
2026/10/10 13:12:06.057, 1, 76805 MiB, 100 %, 266.12 W, 1980 MHz, 17 %, 58
2026/10/10 13:12:06.057, 2, 76805 MiB, 100 %, 248.73 W, 1980 MHz, 17 %, 39
2026/10/10 13:12:06.057, 3, 76805 MiB, 100 %, 246.32 W, 1980 MHz, 16 %, 33
2026/10/10 13:12:06.057, 4, 76805 MiB, 100 %, 240.49 W, 1980 MHz, 16 %, 34
2026/10/10 13:12:06.057, 5, 76805 MiB, 100 %, 250.28 W, 1980 MHz, 16 %, 38
2026/10/10 13:12:06.057, 6, 76805 MiB, 100 %, 239.00 W, 1980 MHz, 16 %, 36
2026/10/10 13:12:06.057, 7, 76805 MiB, 100 %, 278.74 W, 1980 MHz, 17 %, 70
2026/10/10 13:12:07.058, 0, 76805 MiB, 100 %, 556.09 W, 1980 MHz, 50 %, 48
2026/10/10 13:12:07.058, 1, 76805 MiB, 100 %, 630.53 W, 1740 MHz, 50 %, 69
2026/10/10 13:12:07.058, 2, 76805 MiB, 100 %, 607.44 W, 1965 MHz, 48 %, 49
2026/10/10 13:12:07.058, 3, 76805 MiB, 100 %, 580.20 W, 1905 MHz, 50 %, 47
2026/10/10 13:12:07.058, 4, 76805 MiB, 100 %, 574.01 W, 1965 MHz, 50 %, 48
2026/10/10 13:12:07.058, 5, 76805 MiB, 100 %, 602.90 W, 1950 MHz, 50 %, 52
2026/10/10 13:12:07.058, 6, 76805 MiB, 100 %, 567.67 W, 1980 MHz, 50 %, 49
2026/10/10 13:12:07.058, 7, 76805 MiB, 100 %, 618.69 W, 1860 MHz, 50 %, 82
2026/10/10 13:12:08.058, 0, 76805 MiB, 100 %, 680.94 W, 1965 MHz, 45 %, 49
2026/10/10 13:12:08.058, 1, 76805 MiB, 100 %, 683.49 W, 1830 MHz, 45 %, 68
2026/10/10 13:12:08.058, 2, 76805 MiB, 100 %, 678.21 W, 1980 MHz, 45 %, 51
2026/10/10 13:12:08.059, 3, 76805 MiB, 100 %, 684.01 W, 1965 MHz, 44 %, 49
2026/10/10 13:12:08.059, 4, 76805 MiB, 100 %, 688.43 W, 1965 MHz, 45 %, 50
2026/10/10 13:12:08.059, 5, 76805 MiB, 100 %, 692.45 W, 1815 MHz, 45 %, 54
2026/10/10 13:12:08.059, 6, 76805 MiB, 100 %, 672.22 W, 1980 MHz, 44 %, 53
2026/10/10 13:12:08.059, 7, 76805 MiB, 100 %, 686.85 W, 1815 MHz, 45 %, 82
2026/10/10 13:12:09.059, 0, 76805 MiB, 100 %, 672.57 W, 1980 MHz, 46 %, 51
2026/10/10 13:12:09.059, 1, 76805 MiB, 100 %, 689.97 W, 1890 MHz, 46 %, 70
2026/10/10 13:12:09.059, 2, 76805 MiB, 100 %, 678.12 W, 1980 MHz, 46 %, 52
2026/10/10 13:12:09.059, 3, 76805 MiB, 100 %, 685.24 W, 1965 MHz, 43 %, 50
2026/10/10 13:12:09.059, 4, 76805 MiB, 100 %, 688.57 W, 1950 MHz, 45 %, 52
2026/10/10 13:12:09.059, 5, 76805 MiB, 100 %, 688.07 W, 1965 MHz, 45 %, 55
2026/10/10 13:12:09.059, 6, 76805 MiB, 100 %, 675.60 W, 1980 MHz, 42 %, 54
2026/10/10 13:12:09.059, 7, 76805 MiB, 100 %, 656.87 W, 1740 MHz, 45 %, 82
2026/10/10 13:12:10.060, 0, 76805 MiB, 100 %, 386.89 W, 1980 MHz, 16 %, 38
2026/10/10 13:12:10.060, 1, 76805 MiB, 100 %, 358.22 W, 1980 MHz, 16 %, 60
2026/10/10 13:12:10.060, 2, 76805 MiB, 100 %, 342.00 W, 1980 MHz, 16 %, 42
2026/10/10 13:12:10.060, 3, 76805 MiB, 100 %, 384.91 W, 1980 MHz, 16 %, 37
2026/10/10 13:12:10.060, 4, 76805 MiB, 100 %, 377.46 W, 1980 MHz, 16 %, 38
2026/10/10 13:12:10.060, 5, 76805 MiB, 100 %, 370.46 W, 1980 MHz, 17 %, 43
2026/10/10 13:12:10.060, 6, 76805 MiB, 100 %, 370.23 W, 1980 MHz, 17 %, 41
2026/10/10 13:12:10.060, 7, 76805 MiB, 100 %, 377.02 W, 1980 MHz, 17 %, 73
2026/10/10 13:12:11.060, 0, 76805 MiB, 100 %, 252.39 W, 1980 MHz, 17 %, 37
2026/10/10 13:12:11.060, 1, 76805 MiB, 100 %, 267.82 W, 1980 MHz, 16 %, 59
2026/10/10 13:12:11.060, 2, 76805 MiB, 100 %, 252.85 W, 1980 MHz, 16 %, 41
2026/10/10 13:12:11.060, 3, 76805 MiB, 100 %, 250.57 W, 1980 MHz, 17 %, 35
2026/10/10 13:12:11.060, 4, 76805 MiB, 100 %, 244.95 W, 1980 MHz, 17 %, 36
2026/10/10 13:12:11.060, 5, 76805 MiB, 100 %, 253.22 W, 1980 MHz, 16 %, 40
2026/10/10 13:12:11.061, 6, 76805 MiB, 100 %, 243.17 W, 1980 MHz, 16 %, 39
2026/10/10 13:12:11.061, 7, 76805 MiB, 100 %, 282.69 W, 1980 MHz, 17 %, 72
2026/10/10 13:12:12.061, 0, 76805 MiB, 100 %, 251.24 W, 1980 MHz, 16 %, 36
2026/10/10 13:12:12.061, 1, 76805 MiB, 100 %, 266.69 W, 1980 MHz, 16 %, 59
2026/10/10 13:12:12.061, 2, 76805 MiB, 100 %, 251.25 W, 1980 MHz, 17 %, 40
2026/10/10 13:12:12.061, 3, 76805 MiB, 100 %, 251.00 W, 1980 MHz, 17 %, 35
2026/10/10 13:12:12.061, 4, 76805 MiB, 100 %, 243.74 W, 1980 MHz, 16 %, 36
2026/10/10 13:12:12.061, 5, 76805 MiB, 100 %, 253.09 W, 1980 MHz, 16 %, 40
2026/10/10 13:12:12.061, 6, 76805 MiB, 100 %, 240.80 W, 1980 MHz, 16 %, 38
2026/10/10 13:12:12.061, 7, 76805 MiB, 100 %, 281.41 W, 1980 MHz, 17 %, 71
2026/10/10 13:12:13.061, 0, 76805 MiB, 100 %, 250.76 W, 1980 MHz, 17 %, 36
2026/10/10 13:12:13.061, 1, 76805 MiB, 100 %, 266.34 W, 1980 MHz, 17 %, 59
2026/10/10 13:12:13.061, 2, 76805 MiB, 100 %, 250.77 W, 1980 MHz, 16 %, 40
2026/10/10 13:12:13.062, 3, 76805 MiB, 100 %, 250.26 W, 1980 MHz, 16 %, 35
2026/10/10 13:12:13.062, 4, 76805 MiB, 100 %, 243.25 W, 1980 MHz, 16 %, 35
2026/10/10 13:12:13.062, 5, 76805 MiB, 100 %, 251.12 W, 1980 MHz, 16 %, 40
2026/10/10 13:12:13.062, 6, 76805 MiB, 100 %, 240.67 W, 1980 MHz, 17 %, 37
2026/10/10 13:12:13.062, 7, 76805 MiB, 100 %, 280.38 W, 1980 MHz, 16 %, 71
2026/10/10 13:12:14.062, 0, 76805 MiB, 100 %, 251.56 W, 1980 MHz, 17 %, 36
2026/10/10 13:12:14.062, 1, 76805 MiB, 100 %, 267.27 W, 1980 MHz, 16 %, 59
2026/10/10 13:12:14.062, 2, 76805 MiB, 100 %, 251.75 W, 1980 MHz, 16 %, 40
2026/10/10 13:12:14.062, 3, 76805 MiB, 100 %, 248.15 W, 1980 MHz, 16 %, 34
2026/10/10 13:12:14.062, 4, 76805 MiB, 100 %, 240.55 W, 1980 MHz, 16 %, 35
2026/10/10 13:12:14.062, 5, 76805 MiB, 100 %, 250.10 W, 1980 MHz, 16 %, 39
2026/10/10 13:12:14.062, 6, 76805 MiB, 100 %, 242.32 W, 1980 MHz, 17 %, 37
2026/10/10 13:12:14.062, 7, 76805 MiB, 100 %, 280.11 W, 1980 MHz, 17 %, 71
2026/10/10 13:12:15.062, 0, 76805 MiB, 100 %, 251.22 W, 1980 MHz, 17 %, 36
2026/10/10 13:12:15.063, 1, 76805 MiB, 100 %, 264.96 W, 1980 MHz, 16 %, 59
2026/10/10 13:12:15.063, 2, 76805 MiB, 100 %, 252.09 W, 1980 MHz, 16 %, 39
2026/10/10 13:12:15.063, 3, 76805 MiB, 100 %, 248.48 W, 1980 MHz, 16 %, 34
2026/10/10 13:12:15.063, 4, 76805 MiB, 100 %, 241.85 W, 1980 MHz, 16 %, 35
2026/10/10 13:12:15.063, 5, 76805 MiB, 100 %, 250.15 W, 1980 MHz, 17 %, 39
2026/10/10 13:12:15.063, 6, 76805 MiB, 100 %, 243.64 W, 1980 MHz, 17 %, 37
2026/10/10 13:12:15.063, 7, 76805 MiB, 100 %, 279.86 W, 1980 MHz, 16 %, 71
2026/10/10 13:12:16.063, 0, 76805 MiB, 100 %, 250.39 W, 1980 MHz, 17 %, 36
2026/10/10 13:12:16.063, 1, 76805 MiB, 100 %, 265.99 W, 1980 MHz, 16 %, 59
2026/10/10 13:12:16.063, 2, 76805 MiB, 100 %, 252.31 W, 1980 MHz, 16 %, 39
2026/10/10 13:12:16.063, 3, 76805 MiB, 100 %, 248.92 W, 1980 MHz, 16 %, 34
2026/10/10 13:12:16.063, 4, 76805 MiB, 100 %, 240.95 W, 1980 MHz, 16 %, 35
2026/10/10 13:12:16.063, 5, 76805 MiB, 100 %, 250.10 W, 1980 MHz, 17 %, 39
2026/10/10 13:12:16.063, 6, 76805 MiB, 100 %, 241.65 W, 1980 MHz, 17 %, 37
2026/10/10 13:12:16.063, 7, 76805 MiB, 100 %, 279.54 W, 1980 MHz, 16 %, 71
2026/10/10 13:12:17.064, 0, 76805 MiB, 100 %, 251.01 W, 1980 MHz, 17 %, 35
2026/10/10 13:12:17.064, 1, 76805 MiB, 100 %, 267.15 W, 1980 MHz, 17 %, 59
2026/10/10 13:12:17.064, 2, 76805 MiB, 100 %, 250.67 W, 1980 MHz, 16 %, 39
2026/10/10 13:12:17.064, 3, 76805 MiB, 100 %, 247.70 W, 1980 MHz, 16 %, 34
2026/10/10 13:12:17.064, 4, 76805 MiB, 100 %, 241.62 W, 1980 MHz, 16 %, 34
2026/10/10 13:12:17.064, 5, 76805 MiB, 100 %, 249.23 W, 1980 MHz, 16 %, 39
2026/10/10 13:12:17.064, 6, 76805 MiB, 100 %, 242.12 W, 1980 MHz, 17 %, 36
2026/10/10 13:12:17.064, 7, 76805 MiB, 100 %, 278.41 W, 1980 MHz, 16 %, 71
2026/10/10 13:12:18.064, 0, 76805 MiB, 100 %, 251.38 W, 1980 MHz, 17 %, 35
2026/10/10 13:12:18.064, 1, 76805 MiB, 100 %, 267.52 W, 1980 MHz, 17 %, 59
2026/10/10 13:12:18.064, 2, 76805 MiB, 100 %, 250.91 W, 1980 MHz, 16 %, 39
2026/10/10 13:12:18.064, 3, 76805 MiB, 100 %, 248.06 W, 1980 MHz, 16 %, 34
2026/10/10 13:12:18.064, 4, 76805 MiB, 100 %, 241.92 W, 1980 MHz, 16 %, 34
2026/10/10 13:12:18.064, 5, 76805 MiB, 100 %, 250.35 W, 1980 MHz, 17 %, 39
2026/10/10 13:12:18.065, 6, 76805 MiB, 100 %, 241.12 W, 1980 MHz, 16 %, 36
2026/10/10 13:12:18.065, 7, 76805 MiB, 100 %, 279.80 W, 1980 MHz, 17 %, 71
2026/10/10 13:12:19.065, 0, 76805 MiB, 100 %, 248.81 W, 1980 MHz, 17 %, 35
2026/10/10 13:12:19.065, 1, 76805 MiB, 100 %, 266.22 W, 1980 MHz, 16 %, 59
2026/10/10 13:12:19.065, 2, 76805 MiB, 100 %, 249.74 W, 1980 MHz, 16 %, 39
2026/10/10 13:12:19.065, 3, 76805 MiB, 100 %, 246.23 W, 1980 MHz, 16 %, 34
2026/10/10 13:12:19.065, 4, 76805 MiB, 100 %, 240.22 W, 1980 MHz, 16 %, 34
2026/10/10 13:12:19.065, 5, 76805 MiB, 100 %, 250.18 W, 1980 MHz, 17 %, 39
2026/10/10 13:12:19.065, 6, 76805 MiB, 100 %, 240.44 W, 1980 MHz, 16 %, 36
2026/10/10 13:12:19.065, 7, 76805 MiB, 100 %, 279.96 W, 1980 MHz, 17 %, 71
2026/10/10 13:12:20.065, 0, 76805 MiB, 100 %, 250.45 W, 1980 MHz, 17 %, 35
2026/10/10 13:12:20.065, 1, 76805 MiB, 100 %, 266.25 W, 1980 MHz, 16 %, 59
2026/10/10 13:12:20.065, 2, 76805 MiB, 100 %, 250.03 W, 1980 MHz, 16 %, 39
2026/10/10 13:12:20.065, 3, 76805 MiB, 100 %, 246.88 W, 1980 MHz, 16 %, 34
2026/10/10 13:12:20.065, 4, 76805 MiB, 100 %, 240.75 W, 1980 MHz, 16 %, 34
2026/10/10 13:12:20.066, 5, 76805 MiB, 100 %, 251.43 W, 1980 MHz, 17 %, 39
2026/10/10 13:12:20.066, 6, 76805 MiB, 100 %, 240.71 W, 1980 MHz, 16 %, 36
2026/10/10 13:12:20.066, 7, 76805 MiB, 100 %, 280.71 W, 1980 MHz, 17 %, 70
2026/10/10 13:12:21.066, 0, 76805 MiB, 100 %, 250.96 W, 1980 MHz, 17 %, 35
2026/10/10 13:12:21.066, 1, 76805 MiB, 100 %, 266.47 W, 1980 MHz, 16 %, 59
2026/10/10 13:12:21.066, 2, 76805 MiB, 100 %, 250.47 W, 1980 MHz, 16 %, 39
2026/10/10 13:12:21.066, 3, 76805 MiB, 100 %, 246.29 W, 1980 MHz, 16 %, 34
2026/10/10 13:12:21.066, 4, 76805 MiB, 100 %, 241.38 W, 1980 MHz, 16 %, 34
2026/10/10 13:12:21.066, 5, 76805 MiB, 100 %, 250.67 W, 1980 MHz, 17 %, 38
2026/10/10 13:12:21.066, 6, 76805 MiB, 100 %, 241.28 W, 1980 MHz, 16 %, 36
2026/10/10 13:12:21.066, 7, 76805 MiB, 100 %, 281.97 W, 1980 MHz, 17 %, 70
2026/10/10 13:12:22.066, 0, 76805 MiB, 100 %, 250.55 W, 1980 MHz, 16 %, 35
2026/10/10 13:12:22.066, 1, 76805 MiB, 100 %, 265.78 W, 1980 MHz, 16 %, 59
2026/10/10 13:12:22.066, 2, 76805 MiB, 100 %, 249.66 W, 1980 MHz, 17 %, 39
2026/10/10 13:12:22.066, 3, 76805 MiB, 100 %, 246.22 W, 1980 MHz, 16 %, 33
2026/10/10 13:12:22.066, 4, 76805 MiB, 100 %, 240.57 W, 1980 MHz, 16 %, 34
2026/10/10 13:12:22.067, 5, 76805 MiB, 100 %, 251.39 W, 1980 MHz, 17 %, 38
2026/10/10 13:12:22.067, 6, 76805 MiB, 100 %, 240.42 W, 1980 MHz, 16 %, 36
2026/10/10 13:12:22.067, 7, 76805 MiB, 100 %, 279.99 W, 1980 MHz, 17 %, 70
2026/10/10 13:12:23.067, 0, 76805 MiB, 100 %, 250.69 W, 1980 MHz, 17 %, 35
2026/10/10 13:12:23.067, 1, 76805 MiB, 100 %, 265.73 W, 1980 MHz, 16 %, 59
2026/10/10 13:12:23.067, 2, 76805 MiB, 100 %, 250.35 W, 1980 MHz, 16 %, 39
2026/10/10 13:12:23.067, 3, 76805 MiB, 100 %, 246.16 W, 1980 MHz, 16 %, 33
2026/10/10 13:12:23.067, 4, 76805 MiB, 100 %, 240.52 W, 1980 MHz, 16 %, 34
2026/10/10 13:12:23.067, 5, 76805 MiB, 100 %, 250.80 W, 1980 MHz, 17 %, 38
2026/10/10 13:12:23.067, 6, 76805 MiB, 100 %, 239.43 W, 1980 MHz, 16 %, 36
2026/10/10 13:12:23.067, 7, 76805 MiB, 100 %, 279.91 W, 1980 MHz, 17 %, 70
2026/10/10 13:12:24.067, 0, 76805 MiB, 100 %, 250.31 W, 1980 MHz, 17 %, 35
2026/10/10 13:12:24.067, 1, 76805 MiB, 100 %, 265.60 W, 1980 MHz, 16 %, 59
2026/10/10 13:12:24.068, 2, 76805 MiB, 100 %, 250.27 W, 1980 MHz, 16 %, 39
2026/10/10 13:12:24.068, 3, 76805 MiB, 100 %, 245.84 W, 1980 MHz, 16 %, 33
2026/10/10 13:12:24.068, 4, 76805 MiB, 100 %, 241.23 W, 1980 MHz, 16 %, 34
2026/10/10 13:12:24.068, 5, 76805 MiB, 100 %, 251.29 W, 1980 MHz, 17 %, 38
2026/10/10 13:12:24.068, 6, 76805 MiB, 100 %, 240.35 W, 1980 MHz, 16 %, 36
2026/10/10 13:12:24.068, 7, 76805 MiB, 100 %, 279.77 W, 1980 MHz, 17 %, 70
2026/10/10 13:12:25.068, 0, 76805 MiB, 100 %, 250.11 W, 1980 MHz, 17 %, 35
2026/10/10 13:12:25.068, 1, 76805 MiB, 100 %, 264.61 W, 1980 MHz, 16 %, 59
2026/10/10 13:12:25.068, 2, 76805 MiB, 100 %, 250.40 W, 1980 MHz, 16 %, 39
2026/10/10 13:12:25.068, 3, 76805 MiB, 100 %, 246.44 W, 1980 MHz, 16 %, 33
2026/10/10 13:12:25.068, 4, 76805 MiB, 100 %, 240.94 W, 1980 MHz, 16 %, 34
2026/10/10 13:12:25.068, 5, 76805 MiB, 100 %, 250.04 W, 1980 MHz, 17 %, 38
2026/10/10 13:12:25.068, 6, 76805 MiB, 100 %, 240.36 W, 1980 MHz, 16 %, 36
2026/10/10 13:12:25.068, 7, 76805 MiB, 100 %, 280.01 W, 1980 MHz, 17 %, 70
2026/10/10 13:12:26.068, 0, 76805 MiB, 100 %, 426.89 W, 1980 MHz, 49 %, 46
2026/10/10 13:12:26.069, 1, 76805 MiB, 100 %, 456.94 W, 1920 MHz, 49 %, 68
2026/10/10 13:12:26.069, 2, 76805 MiB, 100 %, 433.54 W, 1980 MHz, 49 %, 49
2026/10/10 13:12:26.069, 3, 76805 MiB, 100 %, 398.51 W, 1965 MHz, 51 %, 44
2026/10/10 13:12:26.069, 4, 76805 MiB, 100 %, 407.44 W, 1965 MHz, 49 %, 45
2026/10/10 13:12:26.069, 5, 76805 MiB, 100 %, 416.57 W, 1965 MHz, 48 %, 49
2026/10/10 13:12:26.069, 6, 76805 MiB, 100 %, 385.29 W, 1980 MHz, 51 %, 46
2026/10/10 13:12:26.069, 7, 76805 MiB, 100 %, 445.47 W, 1950 MHz, 48 %, 80
2026/10/10 13:12:27.069, 0, 76805 MiB, 100 %, 674.23 W, 1980 MHz, 47 %, 49
2026/10/10 13:12:27.069, 1, 76805 MiB, 100 %, 693.79 W, 1950 MHz, 47 %, 68
2026/10/10 13:12:27.069, 2, 76805 MiB, 100 %, 679.06 W, 1965 MHz, 46 %, 50
2026/10/10 13:12:27.069, 3, 76805 MiB, 100 %, 689.30 W, 1875 MHz, 46 %, 48
2026/10/10 13:12:27.069, 4, 76805 MiB, 100 %, 688.90 W, 1950 MHz, 47 %, 49
2026/10/10 13:12:27.069, 5, 76805 MiB, 100 %, 694.99 W, 1935 MHz, 46 %, 53
2026/10/10 13:12:27.069, 6, 76805 MiB, 100 %, 675.01 W, 1980 MHz, 46 %, 52
2026/10/10 13:12:27.070, 7, 76805 MiB, 100 %, 692.48 W, 1875 MHz, 47 %, 83
2026/10/10 13:12:28.070, 0, 76805 MiB, 100 %, 670.18 W, 1980 MHz, 45 %, 50
2026/10/10 13:12:28.070, 1, 76805 MiB, 100 %, 689.69 W, 1965 MHz, 45 %, 70
2026/10/10 13:12:28.070, 2, 76805 MiB, 100 %, 669.76 W, 1980 MHz, 45 %, 51
2026/10/10 13:12:28.070, 3, 76805 MiB, 100 %, 688.26 W, 1965 MHz, 42 %, 49
2026/10/10 13:12:28.070, 4, 76805 MiB, 100 %, 687.65 W, 1965 MHz, 45 %, 51
2026/10/10 13:12:28.070, 5, 76805 MiB, 100 %, 683.77 W, 1965 MHz, 45 %, 55
2026/10/10 13:12:28.070, 6, 76805 MiB, 100 %, 666.90 W, 1980 MHz, 42 %, 53
2026/10/10 13:12:28.070, 7, 76805 MiB, 100 %, 650.68 W, 1725 MHz, 46 %, 81
2026/10/10 13:12:29.070, 0, 76805 MiB, 100 %, 505.02 W, 1980 MHz, 17 %, 40
2026/10/10 13:12:29.070, 1, 76805 MiB, 100 %, 538.26 W, 1980 MHz, 16 %, 61
2026/10/10 13:12:29.070, 2, 76805 MiB, 100 %, 506.92 W, 1980 MHz, 16 %, 43
2026/10/10 13:12:29.071, 3, 76805 MiB, 100 %, 565.07 W, 1965 MHz, 16 %, 39
2026/10/10 13:12:29.071, 4, 76805 MiB, 100 %, 547.08 W, 1980 MHz, 16 %, 41
2026/10/10 13:12:29.071, 5, 76805 MiB, 100 %, 546.52 W, 1965 MHz, 16 %, 45
2026/10/10 13:12:29.071, 6, 76805 MiB, 100 %, 532.02 W, 1980 MHz, 17 %, 44
2026/10/10 13:12:29.071, 7, 76805 MiB, 100 %, 521.85 W, 1965 MHz, 16 %, 74
2026/10/10 13:12:30.071, 0, 76805 MiB, 100 %, 251.39 W, 1980 MHz, 16 %, 37
2026/10/10 13:12:30.071, 1, 76805 MiB, 100 %, 268.74 W, 1980 MHz, 17 %, 60
2026/10/10 13:12:30.071, 2, 76805 MiB, 100 %, 253.08 W, 1980 MHz, 17 %, 41
2026/10/10 13:12:30.071, 3, 76805 MiB, 100 %, 249.88 W, 1980 MHz, 16 %, 36
2026/10/10 13:12:30.071, 4, 76805 MiB, 100 %, 245.51 W, 1980 MHz, 17 %, 37
2026/10/10 13:12:30.071, 5, 76805 MiB, 100 %, 252.61 W, 1980 MHz, 17 %, 41
2026/10/10 13:12:30.071, 6, 76805 MiB, 100 %, 245.01 W, 1980 MHz, 16 %, 39
2026/10/10 13:12:30.071, 7, 76805 MiB, 100 %, 284.51 W, 1980 MHz, 17 %, 72
2026/10/10 13:12:31.071, 0, 76805 MiB, 100 %, 250.49 W, 1980 MHz, 17 %, 37
2026/10/10 13:12:31.072, 1, 76805 MiB, 100 %, 269.20 W, 1980 MHz, 16 %, 59
2026/10/10 13:12:31.072, 2, 76805 MiB, 100 %, 251.34 W, 1980 MHz, 16 %, 40
2026/10/10 13:12:31.072, 3, 76805 MiB, 100 %, 248.36 W, 1980 MHz, 16 %, 35
2026/10/10 13:12:31.072, 4, 76805 MiB, 100 %, 244.18 W, 1980 MHz, 16 %, 36
2026/10/10 13:12:31.072, 5, 76805 MiB, 100 %, 251.63 W, 1980 MHz, 16 %, 40
2026/10/10 13:12:31.072, 6, 76805 MiB, 100 %, 241.59 W, 1980 MHz, 17 %, 38
2026/10/10 13:12:31.072, 7, 76805 MiB, 100 %, 281.76 W, 1980 MHz, 16 %, 71
2026/10/10 13:12:32.072, 0, 76805 MiB, 100 %, 250.12 W, 1980 MHz, 16 %, 36
2026/10/10 13:12:32.072, 1, 76805 MiB, 100 %, 269.58 W, 1980 MHz, 17 %, 59
2026/10/10 13:12:32.072, 2, 76805 MiB, 100 %, 249.80 W, 1980 MHz, 16 %, 40
2026/10/10 13:12:32.072, 3, 76805 MiB, 100 %, 248.24 W, 1980 MHz, 16 %, 35
2026/10/10 13:12:32.072, 4, 76805 MiB, 100 %, 243.87 W, 1980 MHz, 16 %, 35
2026/10/10 13:12:32.072, 5, 76805 MiB, 100 %, 250.52 W, 1980 MHz, 16 %, 40
2026/10/10 13:12:32.072, 6, 76805 MiB, 100 %, 241.41 W, 1980 MHz, 17 %, 37
2026/10/10 13:12:32.072, 7, 76805 MiB, 100 %, 283.04 W, 1980 MHz, 16 %, 71
2026/10/10 13:12:33.073, 0, 76805 MiB, 100 %, 249.84 W, 1980 MHz, 16 %, 36
2026/10/10 13:12:33.073, 1, 76805 MiB, 100 %, 268.14 W, 1980 MHz, 17 %, 59
2026/10/10 13:12:33.073, 2, 76805 MiB, 100 %, 250.03 W, 1980 MHz, 16 %, 40
2026/10/10 13:12:33.073, 3, 76805 MiB, 100 %, 248.42 W, 1980 MHz, 16 %, 34
2026/10/10 13:12:33.073, 4, 76805 MiB, 100 %, 242.21 W, 1980 MHz, 17 %, 35
2026/10/10 13:12:33.073, 5, 76805 MiB, 100 %, 250.71 W, 1980 MHz, 17 %, 39
2026/10/10 13:12:33.073, 6, 76805 MiB, 100 %, 239.75 W, 1980 MHz, 17 %, 37
2026/10/10 13:12:33.073, 7, 76805 MiB, 100 %, 280.62 W, 1980 MHz, 17 %, 71
2026/10/10 13:12:34.073, 0, 76805 MiB, 100 %, 249.85 W, 1980 MHz, 17 %, 36
2026/10/10 13:12:34.073, 1, 76805 MiB, 100 %, 268.79 W, 1980 MHz, 17 %, 59
2026/10/10 13:12:34.073, 2, 76805 MiB, 100 %, 249.30 W, 1980 MHz, 16 %, 39
2026/10/10 13:12:34.073, 3, 76805 MiB, 100 %, 248.16 W, 1980 MHz, 17 %, 34
2026/10/10 13:12:34.073, 4, 76805 MiB, 100 %, 242.72 W, 1980 MHz, 16 %, 35
2026/10/10 13:12:34.073, 5, 76805 MiB, 100 %, 249.91 W, 1980 MHz, 16 %, 39
2026/10/10 13:12:34.074, 6, 76805 MiB, 100 %, 241.38 W, 1980 MHz, 17 %, 37
2026/10/10 13:12:34.074, 7, 76805 MiB, 100 %, 281.48 W, 1980 MHz, 16 %, 71
2026/10/10 13:12:35.074, 0, 76805 MiB, 100 %, 249.70 W, 1980 MHz, 17 %, 36
2026/10/10 13:12:35.074, 1, 76805 MiB, 100 %, 269.33 W, 1980 MHz, 17 %, 59
2026/10/10 13:12:35.074, 2, 76805 MiB, 100 %, 249.55 W, 1980 MHz, 16 %, 39
2026/10/10 13:12:35.074, 3, 76805 MiB, 100 %, 247.25 W, 1980 MHz, 16 %, 34
2026/10/10 13:12:35.074, 4, 76805 MiB, 100 %, 243.58 W, 1980 MHz, 16 %, 35
2026/10/10 13:12:35.074, 5, 76805 MiB, 100 %, 250.80 W, 1980 MHz, 17 %, 39
2026/10/10 13:12:35.074, 6, 76805 MiB, 100 %, 240.79 W, 1980 MHz, 16 %, 37
2026/10/10 13:12:35.074, 7, 76805 MiB, 100 %, 279.58 W, 1980 MHz, 17 %, 71
2026/10/10 13:12:36.074, 0, 76805 MiB, 100 %, 249.58 W, 1980 MHz, 16 %, 35
2026/10/10 13:12:36.074, 1, 76805 MiB, 100 %, 268.82 W, 1980 MHz, 17 %, 59
2026/10/10 13:12:36.074, 2, 76805 MiB, 100 %, 251.64 W, 1980 MHz, 16 %, 39
2026/10/10 13:12:36.075, 3, 76805 MiB, 100 %, 247.74 W, 1980 MHz, 16 %, 34
2026/10/10 13:12:36.075, 4, 76805 MiB, 100 %, 241.78 W, 1980 MHz, 16 %, 34
2026/10/10 13:12:36.075, 5, 76805 MiB, 100 %, 250.49 W, 1980 MHz, 17 %, 39
2026/10/10 13:12:36.075, 6, 76805 MiB, 100 %, 240.04 W, 1980 MHz, 16 %, 36
2026/10/10 13:12:36.075, 7, 76805 MiB, 100 %, 281.48 W, 1980 MHz, 16 %, 71
2026/10/10 13:12:37.075, 0, 76805 MiB, 100 %, 249.30 W, 1980 MHz, 16 %, 35
2026/10/10 13:12:37.075, 1, 76805 MiB, 100 %, 268.23 W, 1980 MHz, 16 %, 59
2026/10/10 13:12:37.075, 2, 76805 MiB, 100 %, 250.98 W, 1980 MHz, 16 %, 39
2026/10/10 13:12:37.075, 3, 76805 MiB, 100 %, 247.90 W, 1980 MHz, 16 %, 34
2026/10/10 13:12:37.075, 4, 76805 MiB, 100 %, 243.40 W, 1980 MHz, 16 %, 34
2026/10/10 13:12:37.075, 5, 76805 MiB, 100 %, 250.33 W, 1980 MHz, 17 %, 39
2026/10/10 13:12:37.075, 6, 76805 MiB, 100 %, 239.56 W, 1980 MHz, 16 %, 36
2026/10/10 13:12:37.075, 7, 76805 MiB, 100 %, 281.23 W, 1980 MHz, 17 %, 71
2026/10/10 13:12:38.075, 0, 76805 MiB, 100 %, 249.07 W, 1980 MHz, 16 %, 35
2026/10/10 13:12:38.076, 1, 76805 MiB, 100 %, 268.54 W, 1980 MHz, 17 %, 59
2026/10/10 13:12:38.076, 2, 76805 MiB, 100 %, 251.14 W, 1980 MHz, 16 %, 39
2026/10/10 13:12:38.076, 3, 76805 MiB, 100 %, 248.00 W, 1980 MHz, 16 %, 34
2026/10/10 13:12:38.076, 4, 76805 MiB, 100 %, 244.01 W, 1980 MHz, 16 %, 34
2026/10/10 13:12:38.076, 5, 76805 MiB, 100 %, 250.91 W, 1980 MHz, 17 %, 39
2026/10/10 13:12:38.076, 6, 76805 MiB, 100 %, 239.24 W, 1980 MHz, 16 %, 36
2026/10/10 13:12:38.076, 7, 76805 MiB, 100 %, 279.53 W, 1980 MHz, 17 %, 71
2026/10/10 13:12:39.076, 0, 76805 MiB, 100 %, 249.76 W, 1980 MHz, 16 %, 35
2026/10/10 13:12:39.076, 1, 76805 MiB, 100 %, 268.09 W, 1980 MHz, 17 %, 59
2026/10/10 13:12:39.076, 2, 76805 MiB, 100 %, 250.70 W, 1980 MHz, 16 %, 39
2026/10/10 13:12:39.076, 3, 76805 MiB, 100 %, 247.51 W, 1980 MHz, 16 %, 34
2026/10/10 13:12:39.076, 4, 76805 MiB, 100 %, 242.87 W, 1980 MHz, 17 %, 34
2026/10/10 13:12:39.076, 5, 76805 MiB, 100 %, 250.14 W, 1980 MHz, 16 %, 39
2026/10/10 13:12:39.076, 6, 76805 MiB, 100 %, 240.59 W, 1980 MHz, 16 %, 36
2026/10/10 13:12:39.076, 7, 76805 MiB, 100 %, 279.96 W, 1980 MHz, 16 %, 71
2026/10/10 13:12:40.077, 0, 76805 MiB, 100 %, 250.63 W, 1980 MHz, 16 %, 35
2026/10/10 13:12:40.077, 1, 76805 MiB, 100 %, 267.64 W, 1980 MHz, 16 %, 59
2026/10/10 13:12:40.077, 2, 76805 MiB, 100 %, 249.94 W, 1980 MHz, 16 %, 39
2026/10/10 13:12:40.077, 3, 76805 MiB, 100 %, 247.72 W, 1980 MHz, 17 %, 34
2026/10/10 13:12:40.077, 4, 76805 MiB, 100 %, 243.13 W, 1980 MHz, 16 %, 34
2026/10/10 13:12:40.077, 5, 76805 MiB, 100 %, 250.49 W, 1980 MHz, 16 %, 38
2026/10/10 13:12:40.077, 6, 76805 MiB, 100 %, 240.67 W, 1980 MHz, 16 %, 36
2026/10/10 13:12:40.077, 7, 76805 MiB, 100 %, 280.74 W, 1980 MHz, 17 %, 70
2026/10/10 13:12:41.077, 0, 76805 MiB, 100 %, 249.12 W, 1980 MHz, 16 %, 35
2026/10/10 13:12:41.077, 1, 76805 MiB, 100 %, 268.99 W, 1980 MHz, 17 %, 59
2026/10/10 13:12:41.077, 2, 76805 MiB, 100 %, 250.70 W, 1980 MHz, 16 %, 39
2026/10/10 13:12:41.077, 3, 76805 MiB, 100 %, 247.76 W, 1980 MHz, 16 %, 33
2026/10/10 13:12:41.077, 4, 76805 MiB, 100 %, 243.45 W, 1980 MHz, 17 %, 34
2026/10/10 13:12:41.078, 5, 76805 MiB, 100 %, 249.51 W, 1980 MHz, 17 %, 38
2026/10/10 13:12:41.078, 6, 76805 MiB, 100 %, 240.16 W, 1980 MHz, 16 %, 36
2026/10/10 13:12:41.078, 7, 76805 MiB, 100 %, 279.95 W, 1980 MHz, 17 %, 70
2026/10/10 13:12:42.078, 0, 76805 MiB, 100 %, 249.97 W, 1980 MHz, 17 %, 35
2026/10/10 13:12:42.078, 1, 76805 MiB, 100 %, 267.52 W, 1980 MHz, 17 %, 59
2026/10/10 13:12:42.078, 2, 76805 MiB, 100 %, 249.47 W, 1980 MHz, 16 %, 39
2026/10/10 13:12:42.078, 3, 76805 MiB, 100 %, 247.20 W, 1980 MHz, 16 %, 33
2026/10/10 13:12:42.078, 4, 76805 MiB, 100 %, 242.55 W, 1980 MHz, 16 %, 34
2026/10/10 13:12:42.078, 5, 76805 MiB, 100 %, 248.45 W, 1980 MHz, 17 %, 38
2026/10/10 13:12:42.078, 6, 76805 MiB, 100 %, 241.65 W, 1980 MHz, 16 %, 36
2026/10/10 13:12:42.078, 7, 76805 MiB, 100 %, 281.41 W, 1980 MHz, 17 %, 70
2026/10/10 13:12:43.078, 0, 76805 MiB, 100 %, 249.84 W, 1980 MHz, 16 %, 35
2026/10/10 13:12:43.078, 1, 76805 MiB, 100 %, 269.49 W, 1980 MHz, 17 %, 59
2026/10/10 13:12:43.078, 2, 76805 MiB, 100 %, 250.49 W, 1980 MHz, 16 %, 39
2026/10/10 13:12:43.078, 3, 76805 MiB, 100 %, 247.46 W, 1980 MHz, 16 %, 33
2026/10/10 13:12:43.079, 4, 76805 MiB, 100 %, 243.40 W, 1980 MHz, 17 %, 34
2026/10/10 13:12:43.079, 5, 76805 MiB, 100 %, 249.85 W, 1980 MHz, 17 %, 38
2026/10/10 13:12:43.079, 6, 76805 MiB, 100 %, 239.45 W, 1980 MHz, 16 %, 36
2026/10/10 13:12:43.079, 7, 76805 MiB, 100 %, 278.44 W, 1980 MHz, 16 %, 70
2026/10/10 13:12:44.079, 0, 76805 MiB, 100 %, 249.38 W, 1980 MHz, 16 %, 35
2026/10/10 13:12:44.079, 1, 76805 MiB, 100 %, 268.34 W, 1980 MHz, 17 %, 59
2026/10/10 13:12:44.080, 2, 76805 MiB, 100 %, 248.76 W, 1980 MHz, 16 %, 39
2026/10/10 13:12:44.080, 3, 76805 MiB, 100 %, 246.92 W, 1980 MHz, 16 %, 33
2026/10/10 13:12:44.080, 4, 76805 MiB, 100 %, 242.92 W, 1980 MHz, 16 %, 34
2026/10/10 13:12:44.080, 5, 76805 MiB, 100 %, 249.42 W, 1980 MHz, 16 %, 38
2026/10/10 13:12:44.080, 6, 76805 MiB, 100 %, 240.10 W, 1980 MHz, 17 %, 36
2026/10/10 13:12:44.080, 7, 76805 MiB, 100 %, 280.65 W, 1980 MHz, 17 %, 70
2026/10/10 13:12:45.080, 0, 76805 MiB, 19 %, 284.03 W, 1980 MHz, 3 %, 42
2026/10/10 13:12:45.080, 1, 76805 MiB, 9 %, 301.11 W, 1935 MHz, 2 %, 66
2026/10/10 13:12:45.080, 2, 76805 MiB, 43 %, 282.58 W, 1980 MHz, 7 %, 44
2026/10/10 13:12:45.080, 3, 76805 MiB, 4 %, 256.11 W, 1980 MHz, 4 %, 37
2026/10/10 13:12:45.080, 4, 76805 MiB, 0 %, 243.90 W, 1980 MHz, 0 %, 34
2026/10/10 13:12:45.080, 5, 76805 MiB, 0 %, 255.36 W, 1980 MHz, 0 %, 37
2026/10/10 13:12:45.080, 6, 76805 MiB, 38 %, 242.18 W, 1980 MHz, 21 %, 34
2026/10/10 13:12:45.080, 7, 76805 MiB, 0 %, 292.26 W, 1965 MHz, 0 %, 72
2026/10/10 13:12:46.081, 0, 76805 MiB, 100 %, 664.11 W, 1980 MHz, 43 %, 47
2026/10/10 13:12:46.081, 1, 76805 MiB, 100 %, 698.16 W, 1905 MHz, 43 %, 67
2026/10/10 13:12:46.081, 2, 76805 MiB, 100 %, 672.48 W, 1980 MHz, 43 %, 49
2026/10/10 13:12:46.081, 3, 76805 MiB, 100 %, 697.52 W, 1965 MHz, 44 %, 47
2026/10/10 13:12:46.081, 4, 76805 MiB, 100 %, 694.71 W, 1860 MHz, 42 %, 48
2026/10/10 13:12:46.081, 5, 76805 MiB, 100 %, 691.26 W, 1950 MHz, 46 %, 52
2026/10/10 13:12:46.081, 6, 76805 MiB, 100 %, 666.28 W, 1980 MHz, 45 %, 50
2026/10/10 13:12:46.081, 7, 76805 MiB, 100 %, 698.26 W, 1845 MHz, 43 %, 80
2026/10/10 13:12:47.081, 0, 76805 MiB, 100 %, 680.47 W, 1980 MHz, 43 %, 50
2026/10/10 13:12:47.081, 1, 76805 MiB, 100 %, 695.66 W, 1830 MHz, 43 %, 69
2026/10/10 13:12:47.081, 2, 76805 MiB, 100 %, 680.38 W, 1980 MHz, 46 %, 51
2026/10/10 13:12:47.081, 3, 76805 MiB, 100 %, 687.33 W, 1965 MHz, 42 %, 49
2026/10/10 13:12:47.081, 4, 76805 MiB, 100 %, 689.87 W, 1965 MHz, 43 %, 51
2026/10/10 13:12:47.082, 5, 76805 MiB, 100 %, 693.98 W, 1890 MHz, 43 %, 54
2026/10/10 13:12:47.082, 6, 76805 MiB, 100 %, 676.88 W, 1980 MHz, 42 %, 53
2026/10/10 13:12:47.082, 7, 76805 MiB, 100 %, 692.62 W, 1755 MHz, 43 %, 81
2026/10/10 13:12:48.082, 0, 76805 MiB, 100 %, 657.72 W, 1980 MHz, 42 %, 51
2026/10/10 13:12:48.082, 1, 76805 MiB, 100 %, 680.49 W, 1905 MHz, 42 %, 70
2026/10/10 13:12:48.082, 2, 76805 MiB, 100 %, 672.58 W, 1980 MHz, 41 %, 53
2026/10/10 13:12:48.082, 3, 76805 MiB, 100 %, 685.84 W, 1845 MHz, 42 %, 49
2026/10/10 13:12:48.082, 4, 76805 MiB, 100 %, 685.34 W, 1950 MHz, 42 %, 53
2026/10/10 13:12:48.082, 5, 76805 MiB, 100 %, 689.27 W, 1965 MHz, 42 %, 55
2026/10/10 13:12:48.082, 6, 76805 MiB, 100 %, 649.16 W, 1980 MHz, 42 %, 55
2026/10/10 13:12:48.082, 7, 76805 MiB, 100 %, 639.56 W, 1725 MHz, 42 %, 82
2026/10/10 13:12:49.082, 0, 76805 MiB, 100 %, 252.26 W, 1980 MHz, 16 %, 38
2026/10/10 13:12:49.083, 1, 76805 MiB, 100 %, 269.04 W, 1980 MHz, 17 %, 60
2026/10/10 13:12:49.083, 2, 76805 MiB, 100 %, 255.32 W, 1980 MHz, 17 %, 41
2026/10/10 13:12:49.083, 3, 76805 MiB, 100 %, 249.60 W, 1980 MHz, 17 %, 37
2026/10/10 13:12:49.083, 4, 76805 MiB, 100 %, 277.61 W, 1980 MHz, 17 %, 37
2026/10/10 13:12:49.083, 5, 76805 MiB, 100 %, 271.22 W, 1980 MHz, 16 %, 42
2026/10/10 13:12:49.083, 6, 76805 MiB, 100 %, 241.52 W, 1980 MHz, 16 %, 40
2026/10/10 13:12:49.083, 7, 76805 MiB, 100 %, 289.95 W, 1980 MHz, 16 %, 72
2026/10/10 13:12:50.083, 0, 76805 MiB, 100 %, 250.51 W, 1980 MHz, 17 %, 37
2026/10/10 13:12:50.083, 1, 76805 MiB, 100 %, 266.83 W, 1980 MHz, 16 %, 59
2026/10/10 13:12:50.083, 2, 76805 MiB, 100 %, 253.72 W, 1980 MHz, 17 %, 40
2026/10/10 13:12:50.083, 3, 76805 MiB, 100 %, 250.54 W, 1980 MHz, 16 %, 35
2026/10/10 13:12:50.083, 4, 76805 MiB, 100 %, 245.05 W, 1980 MHz, 17 %, 36
2026/10/10 13:12:50.083, 5, 76805 MiB, 100 %, 252.37 W, 1980 MHz, 17 %, 40
2026/10/10 13:12:50.083, 6, 76805 MiB, 100 %, 243.16 W, 1980 MHz, 16 %, 38
2026/10/10 13:12:50.083, 7, 76805 MiB, 100 %, 281.09 W, 1980 MHz, 16 %, 71
2026/10/10 13:12:51.083, 0, 76805 MiB, 100 %, 249.49 W, 1980 MHz, 16 %, 36
2026/10/10 13:12:51.084, 1, 76805 MiB, 100 %, 267.63 W, 1980 MHz, 16 %, 59
2026/10/10 13:12:51.084, 2, 76805 MiB, 100 %, 252.52 W, 1980 MHz, 17 %, 40
2026/10/10 13:12:51.084, 3, 76805 MiB, 100 %, 248.69 W, 1980 MHz, 16 %, 35
2026/10/10 13:12:51.084, 4, 76805 MiB, 100 %, 244.46 W, 1980 MHz, 16 %, 35
2026/10/10 13:12:51.084, 5, 76805 MiB, 100 %, 252.60 W, 1980 MHz, 17 %, 40
2026/10/10 13:12:51.084, 6, 76805 MiB, 100 %, 241.71 W, 1980 MHz, 16 %, 37
2026/10/10 13:12:51.084, 7, 76805 MiB, 100 %, 279.34 W, 1980 MHz, 17 %, 71
2026/10/10 13:12:52.084, 0, 76805 MiB, 100 %, 250.07 W, 1980 MHz, 16 %, 36
2026/10/10 13:12:52.084, 1, 76805 MiB, 100 %, 268.53 W, 1980 MHz, 17 %, 59
2026/10/10 13:12:52.084, 2, 76805 MiB, 100 %, 248.73 W, 1980 MHz, 16 %, 40
2026/10/10 13:12:52.084, 3, 76805 MiB, 100 %, 250.07 W, 1980 MHz, 17 %, 34
2026/10/10 13:12:52.084, 4, 76805 MiB, 100 %, 244.04 W, 1980 MHz, 16 %, 35
2026/10/10 13:12:52.084, 5, 76805 MiB, 100 %, 250.47 W, 1980 MHz, 17 %, 39
2026/10/10 13:12:52.084, 6, 76805 MiB, 100 %, 243.52 W, 1980 MHz, 17 %, 37
2026/10/10 13:12:52.084, 7, 76805 MiB, 100 %, 280.28 W, 1980 MHz, 17 %, 71
2026/10/10 13:12:53.085, 0, 76805 MiB, 100 %, 251.06 W, 1980 MHz, 17 %, 36
2026/10/10 13:12:53.085, 1, 76805 MiB, 100 %, 268.96 W, 1980 MHz, 17 %, 59
2026/10/10 13:12:53.085, 2, 76805 MiB, 100 %, 249.00 W, 1980 MHz, 16 %, 39
2026/10/10 13:12:53.085, 3, 76805 MiB, 100 %, 248.44 W, 1980 MHz, 17 %, 34
2026/10/10 13:12:53.085, 4, 76805 MiB, 100 %, 242.80 W, 1980 MHz, 16 %, 35
2026/10/10 13:12:53.085, 5, 76805 MiB, 100 %, 250.84 W, 1980 MHz, 17 %, 39
2026/10/10 13:12:53.085, 6, 76805 MiB, 100 %, 241.07 W, 1980 MHz, 16 %, 37
2026/10/10 13:12:53.085, 7, 76805 MiB, 100 %, 280.56 W, 1980 MHz, 16 %, 71
2026/10/10 13:12:54.085, 0, 76805 MiB, 100 %, 249.46 W, 1980 MHz, 16 %, 36
2026/10/10 13:12:54.085, 1, 76805 MiB, 100 %, 266.83 W, 1980 MHz, 17 %, 59
2026/10/10 13:12:54.085, 2, 76805 MiB, 100 %, 249.01 W, 1980 MHz, 16 %, 39
2026/10/10 13:12:54.085, 3, 76805 MiB, 100 %, 249.78 W, 1980 MHz, 17 %, 34
2026/10/10 13:12:54.085, 4, 76805 MiB, 100 %, 241.28 W, 1980 MHz, 16 %, 35
2026/10/10 13:12:54.085, 5, 76805 MiB, 100 %, 251.49 W, 1980 MHz, 16 %, 39
2026/10/10 13:12:54.085, 6, 76805 MiB, 100 %, 241.94 W, 1980 MHz, 16 %, 37
2026/10/10 13:12:54.086, 7, 76805 MiB, 100 %, 280.51 W, 1980 MHz, 17 %, 71
2026/10/10 13:12:55.086, 0, 76805 MiB, 100 %, 248.91 W, 1980 MHz, 16 %, 35
2026/10/10 13:12:55.086, 1, 76805 MiB, 100 %, 267.87 W, 1980 MHz, 17 %, 59
2026/10/10 13:12:55.086, 2, 76805 MiB, 100 %, 249.47 W, 1980 MHz, 16 %, 39
2026/10/10 13:12:55.086, 3, 76805 MiB, 100 %, 247.88 W, 1980 MHz, 17 %, 34
2026/10/10 13:12:55.086, 4, 76805 MiB, 100 %, 242.00 W, 1980 MHz, 16 %, 34
2026/10/10 13:12:55.086, 5, 76805 MiB, 100 %, 250.47 W, 1980 MHz, 17 %, 39
2026/10/10 13:12:55.086, 6, 76805 MiB, 100 %, 243.41 W, 1980 MHz, 16 %, 37
2026/10/10 13:12:55.086, 7, 76805 MiB, 100 %, 280.21 W, 1980 MHz, 16 %, 71
2026/10/10 13:12:56.086, 0, 76805 MiB, 100 %, 249.24 W, 1980 MHz, 16 %, 35
2026/10/10 13:12:56.086, 1, 76805 MiB, 100 %, 268.29 W, 1980 MHz, 16 %, 59
2026/10/10 13:12:56.086, 2, 76805 MiB, 100 %, 250.05 W, 1980 MHz, 16 %, 39
2026/10/10 13:12:56.086, 3, 76805 MiB, 100 %, 248.80 W, 1980 MHz, 17 %, 34
2026/10/10 13:12:56.086, 4, 76805 MiB, 100 %, 240.42 W, 1980 MHz, 16 %, 34
2026/10/10 13:12:56.086, 5, 76805 MiB, 100 %, 251.16 W, 1980 MHz, 17 %, 39
2026/10/10 13:12:56.087, 6, 76805 MiB, 100 %, 242.10 W, 1980 MHz, 16 %, 36
2026/10/10 13:12:56.087, 7, 76805 MiB, 100 %, 281.27 W, 1980 MHz, 17 %, 71
2026/10/10 13:12:57.087, 0, 76805 MiB, 100 %, 248.07 W, 1980 MHz, 16 %, 35
2026/10/10 13:12:57.087, 1, 76805 MiB, 100 %, 269.34 W, 1980 MHz, 17 %, 59
2026/10/10 13:12:57.087, 2, 76805 MiB, 100 %, 249.52 W, 1980 MHz, 16 %, 39
2026/10/10 13:12:57.087, 3, 76805 MiB, 100 %, 248.77 W, 1980 MHz, 17 %, 34
2026/10/10 13:12:57.087, 4, 76805 MiB, 100 %, 241.12 W, 1980 MHz, 16 %, 34
2026/10/10 13:12:57.087, 5, 76805 MiB, 100 %, 252.36 W, 1980 MHz, 17 %, 39
2026/10/10 13:12:57.087, 6, 76805 MiB, 100 %, 241.94 W, 1980 MHz, 16 %, 36
2026/10/10 13:12:57.087, 7, 76805 MiB, 100 %, 280.26 W, 1980 MHz, 17 %, 71
2026/10/10 13:12:58.087, 0, 76805 MiB, 100 %, 249.67 W, 1980 MHz, 16 %, 35
2026/10/10 13:12:58.087, 1, 76805 MiB, 100 %, 268.02 W, 1980 MHz, 16 %, 59
2026/10/10 13:12:58.087, 2, 76805 MiB, 100 %, 250.30 W, 1980 MHz, 16 %, 39
2026/10/10 13:12:58.087, 3, 76805 MiB, 100 %, 248.07 W, 1980 MHz, 17 %, 34
2026/10/10 13:12:58.087, 4, 76805 MiB, 100 %, 241.24 W, 1980 MHz, 16 %, 34
2026/10/10 13:12:58.087, 5, 76805 MiB, 100 %, 250.02 W, 1980 MHz, 17 %, 39
2026/10/10 13:12:58.088, 6, 76805 MiB, 100 %, 241.58 W, 1980 MHz, 16 %, 36
2026/10/10 13:12:58.088, 7, 76805 MiB, 100 %, 280.23 W, 1980 MHz, 17 %, 71
2026/10/10 13:12:59.088, 0, 76805 MiB, 100 %, 249.19 W, 1980 MHz, 16 %, 35
2026/10/10 13:12:59.088, 1, 76805 MiB, 100 %, 266.94 W, 1980 MHz, 17 %, 59
2026/10/10 13:12:59.088, 2, 76805 MiB, 100 %, 250.31 W, 1980 MHz, 16 %, 39
2026/10/10 13:12:59.088, 3, 76805 MiB, 100 %, 248.38 W, 1980 MHz, 17 %, 34
2026/10/10 13:12:59.088, 4, 76805 MiB, 100 %, 240.18 W, 1980 MHz, 16 %, 34
2026/10/10 13:12:59.088, 5, 76805 MiB, 100 %, 250.16 W, 1980 MHz, 17 %, 39
2026/10/10 13:12:59.088, 6, 76805 MiB, 100 %, 242.01 W, 1980 MHz, 17 %, 36
2026/10/10 13:12:59.088, 7, 76805 MiB, 100 %, 279.04 W, 1980 MHz, 17 %, 70
2026/10/10 13:13:00.088, 0, 76805 MiB, 100 %, 248.83 W, 1980 MHz, 16 %, 35
2026/10/10 13:13:00.088, 1, 76805 MiB, 100 %, 267.34 W, 1980 MHz, 16 %, 59
2026/10/10 13:13:00.088, 2, 76805 MiB, 100 %, 249.32 W, 1980 MHz, 16 %, 39
2026/10/10 13:13:00.088, 3, 76805 MiB, 100 %, 247.69 W, 1980 MHz, 17 %, 34
2026/10/10 13:13:00.088, 4, 76805 MiB, 100 %, 241.36 W, 1980 MHz, 16 %, 34
2026/10/10 13:13:00.089, 5, 76805 MiB, 100 %, 250.51 W, 1980 MHz, 17 %, 38
2026/10/10 13:13:00.089, 6, 76805 MiB, 100 %, 242.20 W, 1980 MHz, 17 %, 36
2026/10/10 13:13:00.089, 7, 76805 MiB, 100 %, 279.26 W, 1980 MHz, 17 %, 70
2026/10/10 13:13:01.089, 0, 76805 MiB, 100 %, 249.90 W, 1980 MHz, 17 %, 35
2026/10/10 13:13:01.089, 1, 76805 MiB, 100 %, 267.29 W, 1980 MHz, 16 %, 59
2026/10/10 13:13:01.089, 2, 76805 MiB, 100 %, 249.17 W, 1980 MHz, 16 %, 39
2026/10/10 13:13:01.089, 3, 76805 MiB, 100 %, 248.24 W, 1980 MHz, 17 %, 33
2026/10/10 13:13:01.089, 4, 76805 MiB, 100 %, 241.37 W, 1980 MHz, 16 %, 34
2026/10/10 13:13:01.089, 5, 76805 MiB, 100 %, 250.63 W, 1980 MHz, 17 %, 38
2026/10/10 13:13:01.089, 6, 76805 MiB, 100 %, 242.72 W, 1980 MHz, 17 %, 36
2026/10/10 13:13:01.089, 7, 76805 MiB, 100 %, 279.92 W, 1980 MHz, 16 %, 70
2026/10/10 13:13:02.089, 0, 76805 MiB, 100 %, 249.73 W, 1980 MHz, 17 %, 35
2026/10/10 13:13:02.089, 1, 76805 MiB, 100 %, 267.20 W, 1980 MHz, 17 %, 59
2026/10/10 13:13:02.090, 2, 76805 MiB, 100 %, 250.31 W, 1980 MHz, 16 %, 39
2026/10/10 13:13:02.090, 3, 76805 MiB, 100 %, 248.82 W, 1980 MHz, 17 %, 33
2026/10/10 13:13:02.090, 4, 76805 MiB, 100 %, 240.52 W, 1980 MHz, 16 %, 34
2026/10/10 13:13:02.090, 5, 76805 MiB, 100 %, 250.90 W, 1980 MHz, 17 %, 38
2026/10/10 13:13:02.090, 6, 76805 MiB, 100 %, 243.28 W, 1980 MHz, 17 %, 36
2026/10/10 13:13:02.090, 7, 76805 MiB, 100 %, 281.17 W, 1980 MHz, 17 %, 70
2026/10/10 13:13:03.090, 0, 76805 MiB, 100 %, 249.81 W, 1980 MHz, 17 %, 35
2026/10/10 13:13:03.090, 1, 76805 MiB, 100 %, 266.42 W, 1980 MHz, 16 %, 59
2026/10/10 13:13:03.090, 2, 76805 MiB, 100 %, 249.20 W, 1980 MHz, 16 %, 39
2026/10/10 13:13:03.090, 3, 76805 MiB, 100 %, 247.33 W, 1980 MHz, 17 %, 33
2026/10/10 13:13:03.090, 4, 76805 MiB, 100 %, 241.24 W, 1980 MHz, 16 %, 34
2026/10/10 13:13:03.090, 5, 76805 MiB, 100 %, 249.52 W, 1980 MHz, 17 %, 38
2026/10/10 13:13:03.090, 6, 76805 MiB, 100 %, 241.83 W, 1980 MHz, 17 %, 36
2026/10/10 13:13:03.090, 7, 76805 MiB, 100 %, 279.68 W, 1980 MHz, 17 %, 70
2026/10/10 13:13:04.090, 0, 76805 MiB, 100 %, 250.21 W, 1980 MHz, 16 %, 35
2026/10/10 13:13:04.091, 1, 76805 MiB, 100 %, 268.07 W, 1980 MHz, 17 %, 59
2026/10/10 13:13:04.091, 2, 76805 MiB, 100 %, 249.68 W, 1980 MHz, 16 %, 39
2026/10/10 13:13:04.091, 3, 76805 MiB, 100 %, 247.59 W, 1980 MHz, 17 %, 33
2026/10/10 13:13:04.091, 4, 76805 MiB, 100 %, 240.97 W, 1980 MHz, 16 %, 34
2026/10/10 13:13:04.091, 5, 76805 MiB, 100 %, 250.41 W, 1980 MHz, 17 %, 38
2026/10/10 13:13:04.091, 6, 76805 MiB, 100 %, 240.94 W, 1980 MHz, 17 %, 36
2026/10/10 13:13:04.091, 7, 76805 MiB, 100 %, 281.06 W, 1980 MHz, 17 %, 70
2026/10/10 13:13:05.091, 0, 76805 MiB, 100 %, 541.38 W, 1980 MHz, 48 %, 47
2026/10/10 13:13:05.091, 1, 76805 MiB, 100 %, 568.34 W, 1860 MHz, 49 %, 68
2026/10/10 13:13:05.091, 2, 76805 MiB, 100 %, 527.08 W, 1980 MHz, 48 %, 49
2026/10/10 13:13:05.091, 3, 76805 MiB, 100 %, 573.07 W, 1965 MHz, 49 %, 46
2026/10/10 13:13:05.091, 4, 76805 MiB, 100 %, 563.34 W, 1965 MHz, 48 %, 47
2026/10/10 13:13:05.092, 5, 76805 MiB, 100 %, 528.13 W, 1965 MHz, 48 %, 51
2026/10/10 13:13:05.092, 6, 76805 MiB, 100 %, 540.13 W, 1980 MHz, 48 %, 49
2026/10/10 13:13:05.092, 7, 76805 MiB, 100 %, 559.68 W, 1905 MHz, 49 %, 82
2026/10/10 13:13:06.092, 0, 76805 MiB, 100 %, 681.08 W, 1980 MHz, 46 %, 50
2026/10/10 13:13:06.092, 1, 76805 MiB, 100 %, 686.09 W, 1905 MHz, 46 %, 70
2026/10/10 13:13:06.092, 2, 76805 MiB, 100 %, 672.70 W, 1965 MHz, 48 %, 50
2026/10/10 13:13:06.092, 3, 76805 MiB, 100 %, 689.69 W, 1965 MHz, 46 %, 49
2026/10/10 13:13:06.092, 4, 76805 MiB, 100 %, 682.79 W, 1965 MHz, 46 %, 50
2026/10/10 13:13:06.092, 5, 76805 MiB, 100 %, 688.02 W, 1920 MHz, 46 %, 53
2026/10/10 13:13:06.092, 6, 76805 MiB, 100 %, 671.18 W, 1965 MHz, 46 %, 53
2026/10/10 13:13:06.092, 7, 76805 MiB, 100 %, 691.96 W, 1845 MHz, 46 %, 84
2026/10/10 13:13:07.092, 0, 76805 MiB, 100 %, 663.80 W, 1980 MHz, 42 %, 50
2026/10/10 13:13:07.093, 1, 76805 MiB, 100 %, 686.76 W, 1950 MHz, 42 %, 70
2026/10/10 13:13:07.093, 2, 76805 MiB, 100 %, 673.33 W, 1980 MHz, 42 %, 50
2026/10/10 13:13:07.093, 3, 76805 MiB, 100 %, 680.33 W, 1965 MHz, 42 %, 50
2026/10/10 13:13:07.093, 4, 76805 MiB, 100 %, 679.96 W, 1980 MHz, 42 %, 51
2026/10/10 13:13:07.093, 5, 76805 MiB, 100 %, 679.86 W, 1965 MHz, 45 %, 55
2026/10/10 13:13:07.093, 6, 76805 MiB, 100 %, 668.11 W, 1980 MHz, 42 %, 53
2026/10/10 13:13:07.093, 7, 76805 MiB, 100 %, 640.89 W, 1725 MHz, 42 %, 82
2026/10/10 13:13:08.093, 0, 76805 MiB, 100 %, 402.42 W, 1980 MHz, 16 %, 38
2026/10/10 13:13:08.093, 1, 76805 MiB, 100 %, 432.13 W, 1980 MHz, 16 %, 60
2026/10/10 13:13:08.093, 2, 76805 MiB, 100 %, 409.56 W, 1980 MHz, 16 %, 42
2026/10/10 13:13:08.093, 3, 76805 MiB, 100 %, 397.81 W, 1980 MHz, 16 %, 37
2026/10/10 13:13:08.093, 4, 76805 MiB, 100 %, 403.87 W, 1980 MHz, 16 %, 38
2026/10/10 13:13:08.093, 5, 76805 MiB, 100 %, 441.64 W, 1980 MHz, 16 %, 43
2026/10/10 13:13:08.093, 6, 76805 MiB, 100 %, 399.57 W, 1980 MHz, 17 %, 41
2026/10/10 13:13:08.093, 7, 76805 MiB, 100 %, 418.81 W, 1980 MHz, 16 %, 73
2026/10/10 13:13:09.094, 0, 76805 MiB, 100 %, 251.19 W, 1980 MHz, 17 %, 37
2026/10/10 13:13:09.094, 1, 76805 MiB, 100 %, 267.94 W, 1980 MHz, 16 %, 60
2026/10/10 13:13:09.094, 2, 76805 MiB, 100 %, 252.32 W, 1980 MHz, 16 %, 41
2026/10/10 13:13:09.094, 3, 76805 MiB, 100 %, 250.26 W, 1980 MHz, 16 %, 35
2026/10/10 13:13:09.094, 4, 76805 MiB, 100 %, 245.66 W, 1980 MHz, 16 %, 36
2026/10/10 13:13:09.094, 5, 76805 MiB, 100 %, 252.70 W, 1980 MHz, 17 %, 41
2026/10/10 13:13:09.094, 6, 76805 MiB, 100 %, 243.71 W, 1980 MHz, 16 %, 39
2026/10/10 13:13:09.094, 7, 76805 MiB, 100 %, 283.21 W, 1980 MHz, 17 %, 72
2026/10/10 13:13:10.094, 0, 76805 MiB, 100 %, 248.99 W, 1980 MHz, 16 %, 36
2026/10/10 13:13:10.094, 1, 76805 MiB, 100 %, 269.28 W, 1980 MHz, 17 %, 59
2026/10/10 13:13:10.094, 2, 76805 MiB, 100 %, 250.17 W, 1980 MHz, 16 %, 40
2026/10/10 13:13:10.094, 3, 76805 MiB, 100 %, 249.99 W, 1980 MHz, 16 %, 35
2026/10/10 13:13:10.094, 4, 76805 MiB, 100 %, 245.26 W, 1980 MHz, 16 %, 36
2026/10/10 13:13:10.095, 5, 76805 MiB, 100 %, 251.49 W, 1980 MHz, 17 %, 40
2026/10/10 13:13:10.095, 6, 76805 MiB, 100 %, 242.79 W, 1980 MHz, 16 %, 38
2026/10/10 13:13:10.095, 7, 76805 MiB, 100 %, 282.00 W, 1980 MHz, 17 %, 71
2026/10/10 13:13:11.095, 0, 76805 MiB, 100 %, 247.85 W, 1980 MHz, 16 %, 36
2026/10/10 13:13:11.095, 1, 76805 MiB, 100 %, 269.15 W, 1980 MHz, 17 %, 59
2026/10/10 13:13:11.095, 2, 76805 MiB, 100 %, 251.11 W, 1980 MHz, 16 %, 40
2026/10/10 13:13:11.095, 3, 76805 MiB, 100 %, 248.30 W, 1980 MHz, 16 %, 35
2026/10/10 13:13:11.095, 4, 76805 MiB, 100 %, 243.74 W, 1980 MHz, 16 %, 35
2026/10/10 13:13:11.095, 5, 76805 MiB, 100 %, 251.72 W, 1980 MHz, 17 %, 40
2026/10/10 13:13:11.095, 6, 76805 MiB, 100 %, 243.23 W, 1980 MHz, 17 %, 37
2026/10/10 13:13:11.095, 7, 76805 MiB, 100 %, 281.59 W, 1980 MHz, 16 %, 71
2026/10/10 13:13:12.095, 0, 76805 MiB, 100 %, 248.04 W, 1980 MHz, 16 %, 36
2026/10/10 13:13:12.095, 1, 76805 MiB, 100 %, 267.83 W, 1980 MHz, 16 %, 59
2026/10/10 13:13:12.096, 2, 76805 MiB, 100 %, 250.85 W, 1980 MHz, 17 %, 39
2026/10/10 13:13:12.096, 3, 76805 MiB, 100 %, 247.61 W, 1980 MHz, 16 %, 34
2026/10/10 13:13:12.096, 4, 76805 MiB, 100 %, 244.32 W, 1980 MHz, 16 %, 35
2026/10/10 13:13:12.096, 5, 76805 MiB, 100 %, 250.62 W, 1980 MHz, 17 %, 39
2026/10/10 13:13:12.096, 6, 76805 MiB, 100 %, 242.88 W, 1980 MHz, 17 %, 37
2026/10/10 13:13:12.096, 7, 76805 MiB, 100 %, 280.95 W, 1980 MHz, 16 %, 71
2026/10/10 13:13:13.096, 0, 76805 MiB, 100 %, 247.65 W, 1980 MHz, 16 %, 36
2026/10/10 13:13:13.096, 1, 76805 MiB, 100 %, 268.45 W, 1980 MHz, 17 %, 59
2026/10/10 13:13:13.096, 2, 76805 MiB, 100 %, 251.12 W, 1980 MHz, 17 %, 39
2026/10/10 13:13:13.096, 3, 76805 MiB, 100 %, 248.24 W, 1980 MHz, 17 %, 34
2026/10/10 13:13:13.096, 4, 76805 MiB, 100 %, 244.02 W, 1980 MHz, 16 %, 35
2026/10/10 13:13:13.096, 5, 76805 MiB, 100 %, 250.37 W, 1980 MHz, 17 %, 39
2026/10/10 13:13:13.096, 6, 76805 MiB, 100 %, 242.47 W, 1980 MHz, 16 %, 37
2026/10/10 13:13:13.096, 7, 76805 MiB, 100 %, 281.37 W, 1980 MHz, 17 %, 71
2026/10/10 13:13:14.096, 0, 76805 MiB, 100 %, 248.11 W, 1980 MHz, 16 %, 35
2026/10/10 13:13:14.097, 1, 76805 MiB, 100 %, 268.32 W, 1980 MHz, 17 %, 59
2026/10/10 13:13:14.097, 2, 76805 MiB, 100 %, 251.31 W, 1980 MHz, 16 %, 39
2026/10/10 13:13:14.097, 3, 76805 MiB, 100 %, 249.03 W, 1980 MHz, 17 %, 34
2026/10/10 13:13:14.097, 4, 76805 MiB, 100 %, 243.27 W, 1980 MHz, 17 %, 35
2026/10/10 13:13:14.097, 5, 76805 MiB, 100 %, 250.19 W, 1980 MHz, 17 %, 39
2026/10/10 13:13:14.097, 6, 76805 MiB, 100 %, 242.15 W, 1980 MHz, 16 %, 37
2026/10/10 13:13:14.097, 7, 76805 MiB, 100 %, 280.82 W, 1980 MHz, 17 %, 71
2026/10/10 13:13:15.097, 0, 76805 MiB, 100 %, 247.72 W, 1980 MHz, 16 %, 35
2026/10/10 13:13:15.097, 1, 76805 MiB, 100 %, 268.52 W, 1980 MHz, 16 %, 59
2026/10/10 13:13:15.097, 2, 76805 MiB, 100 %, 251.02 W, 1980 MHz, 16 %, 39
2026/10/10 13:13:15.097, 3, 76805 MiB, 100 %, 247.96 W, 1980 MHz, 17 %, 34
2026/10/10 13:13:15.097, 4, 76805 MiB, 100 %, 244.22 W, 1980 MHz, 16 %, 35
2026/10/10 13:13:15.098, 5, 76805 MiB, 100 %, 250.44 W, 1980 MHz, 16 %, 39
2026/10/10 13:13:15.098, 6, 76805 MiB, 100 %, 243.34 W, 1980 MHz, 16 %, 36
2026/10/10 13:13:15.098, 7, 76805 MiB, 100 %, 281.36 W, 1980 MHz, 17 %, 71
2026/10/10 13:13:16.098, 0, 76805 MiB, 100 %, 246.99 W, 1980 MHz, 16 %, 35
2026/10/10 13:13:16.098, 1, 76805 MiB, 100 %, 268.46 W, 1980 MHz, 17 %, 59
2026/10/10 13:13:16.098, 2, 76805 MiB, 100 %, 248.69 W, 1980 MHz, 16 %, 39
2026/10/10 13:13:16.098, 3, 76805 MiB, 100 %, 248.88 W, 1980 MHz, 17 %, 34
2026/10/10 13:13:16.098, 4, 76805 MiB, 100 %, 243.59 W, 1980 MHz, 16 %, 34
2026/10/10 13:13:16.098, 5, 76805 MiB, 100 %, 250.87 W, 1980 MHz, 17 %, 39
2026/10/10 13:13:16.098, 6, 76805 MiB, 100 %, 241.83 W, 1980 MHz, 16 %, 36
2026/10/10 13:13:16.098, 7, 76805 MiB, 100 %, 280.32 W, 1980 MHz, 17 %, 71
2026/10/10 13:13:17.098, 0, 76805 MiB, 100 %, 248.45 W, 1980 MHz, 16 %, 35
2026/10/10 13:13:17.099, 1, 76805 MiB, 100 %, 268.51 W, 1980 MHz, 17 %, 59
2026/10/10 13:13:17.099, 2, 76805 MiB, 100 %, 249.54 W, 1980 MHz, 17 %, 39
2026/10/10 13:13:17.099, 3, 76805 MiB, 100 %, 247.99 W, 1980 MHz, 16 %, 34
2026/10/10 13:13:17.099, 4, 76805 MiB, 100 %, 242.64 W, 1980 MHz, 16 %, 34
2026/10/10 13:13:17.099, 5, 76805 MiB, 100 %, 250.80 W, 1980 MHz, 17 %, 39
2026/10/10 13:13:17.099, 6, 76805 MiB, 100 %, 241.32 W, 1980 MHz, 16 %, 36
2026/10/10 13:13:17.099, 7, 76805 MiB, 100 %, 280.81 W, 1980 MHz, 17 %, 71
2026/10/10 13:13:18.099, 0, 76805 MiB, 100 %, 247.38 W, 1980 MHz, 16 %, 35
2026/10/10 13:13:18.099, 1, 76805 MiB, 100 %, 267.85 W, 1980 MHz, 16 %, 59
2026/10/10 13:13:18.099, 2, 76805 MiB, 100 %, 250.02 W, 1980 MHz, 17 %, 39
2026/10/10 13:13:18.099, 3, 76805 MiB, 100 %, 247.28 W, 1980 MHz, 16 %, 33
2026/10/10 13:13:18.099, 4, 76805 MiB, 100 %, 241.90 W, 1980 MHz, 16 %, 34
2026/10/10 13:13:18.099, 5, 76805 MiB, 100 %, 249.53 W, 1980 MHz, 17 %, 38
2026/10/10 13:13:18.099, 6, 76805 MiB, 100 %, 240.94 W, 1980 MHz, 16 %, 36
2026/10/10 13:13:18.100, 7, 76805 MiB, 100 %, 280.79 W, 1980 MHz, 17 %, 71
2026/10/10 13:13:19.100, 0, 76805 MiB, 100 %, 247.86 W, 1980 MHz, 17 %, 35
2026/10/10 13:13:19.100, 1, 76805 MiB, 100 %, 268.04 W, 1980 MHz, 16 %, 59
2026/10/10 13:13:19.100, 2, 76805 MiB, 100 %, 249.44 W, 1980 MHz, 17 %, 39
2026/10/10 13:13:19.100, 3, 76805 MiB, 100 %, 246.56 W, 1980 MHz, 16 %, 33
2026/10/10 13:13:19.100, 4, 76805 MiB, 100 %, 243.02 W, 1980 MHz, 16 %, 34
2026/10/10 13:13:19.100, 5, 76805 MiB, 100 %, 248.98 W, 1980 MHz, 17 %, 38
2026/10/10 13:13:19.100, 6, 76805 MiB, 100 %, 243.40 W, 1980 MHz, 17 %, 36
2026/10/10 13:13:19.100, 7, 76805 MiB, 100 %, 279.29 W, 1980 MHz, 16 %, 70
2026/10/10 13:13:20.100, 0, 76805 MiB, 100 %, 248.20 W, 1980 MHz, 16 %, 35
2026/10/10 13:13:20.100, 1, 76805 MiB, 100 %, 267.33 W, 1980 MHz, 16 %, 59
2026/10/10 13:13:20.100, 2, 76805 MiB, 100 %, 250.52 W, 1980 MHz, 16 %, 39
2026/10/10 13:13:20.100, 3, 76805 MiB, 100 %, 247.04 W, 1980 MHz, 16 %, 33
2026/10/10 13:13:20.101, 4, 76805 MiB, 100 %, 243.15 W, 1980 MHz, 16 %, 34
2026/10/10 13:13:20.101, 5, 76805 MiB, 100 %, 249.82 W, 1980 MHz, 17 %, 38
2026/10/10 13:13:20.101, 6, 76805 MiB, 100 %, 241.83 W, 1980 MHz, 17 %, 36
2026/10/10 13:13:20.101, 7, 76805 MiB, 100 %, 280.43 W, 1980 MHz, 17 %, 70
2026/10/10 13:13:21.101, 0, 76805 MiB, 100 %, 247.92 W, 1980 MHz, 17 %, 35
2026/10/10 13:13:21.101, 1, 76805 MiB, 100 %, 267.70 W, 1980 MHz, 17 %, 59
2026/10/10 13:13:21.101, 2, 76805 MiB, 100 %, 250.62 W, 1980 MHz, 16 %, 39
2026/10/10 13:13:21.101, 3, 76805 MiB, 100 %, 247.95 W, 1980 MHz, 16 %, 33
2026/10/10 13:13:21.101, 4, 76805 MiB, 100 %, 242.73 W, 1980 MHz, 16 %, 34
2026/10/10 13:13:21.101, 5, 76805 MiB, 100 %, 248.62 W, 1980 MHz, 17 %, 38
2026/10/10 13:13:21.101, 6, 76805 MiB, 100 %, 241.93 W, 1980 MHz, 17 %, 36
2026/10/10 13:13:21.101, 7, 76805 MiB, 100 %, 280.35 W, 1980 MHz, 17 %, 70
2026/10/10 13:13:22.101, 0, 76805 MiB, 100 %, 248.25 W, 1980 MHz, 16 %, 35
2026/10/10 13:13:22.101, 1, 76805 MiB, 100 %, 267.25 W, 1980 MHz, 17 %, 59
2026/10/10 13:13:22.102, 2, 76805 MiB, 100 %, 250.17 W, 1980 MHz, 17 %, 39
2026/10/10 13:13:22.102, 3, 76805 MiB, 100 %, 249.79 W, 1980 MHz, 17 %, 33
2026/10/10 13:13:22.102, 4, 76805 MiB, 100 %, 242.65 W, 1980 MHz, 17 %, 34
2026/10/10 13:13:22.102, 5, 76805 MiB, 100 %, 249.66 W, 1980 MHz, 16 %, 38
2026/10/10 13:13:22.102, 6, 76805 MiB, 100 %, 241.69 W, 1980 MHz, 17 %, 36
2026/10/10 13:13:22.102, 7, 76805 MiB, 100 %, 279.36 W, 1980 MHz, 16 %, 70
2026/10/10 13:13:23.102, 0, 76805 MiB, 100 %, 249.66 W, 1980 MHz, 16 %, 35
2026/10/10 13:13:23.102, 1, 76805 MiB, 100 %, 267.71 W, 1980 MHz, 16 %, 59
2026/10/10 13:13:23.102, 2, 76805 MiB, 100 %, 249.82 W, 1980 MHz, 16 %, 39
2026/10/10 13:13:23.102, 3, 76805 MiB, 100 %, 248.05 W, 1980 MHz, 16 %, 33
2026/10/10 13:13:23.102, 4, 76805 MiB, 100 %, 242.31 W, 1980 MHz, 16 %, 34
2026/10/10 13:13:23.102, 5, 76805 MiB, 100 %, 250.25 W, 1980 MHz, 17 %, 38
2026/10/10 13:13:23.102, 6, 76805 MiB, 100 %, 241.04 W, 1980 MHz, 17 %, 36
2026/10/10 13:13:23.102, 7, 76805 MiB, 100 %, 279.73 W, 1980 MHz, 17 %, 70
