timestamp, index, memory.used [MiB], utilization.gpu [%], power.draw [W], clocks.current.sm [MHz]
2026/09/28 00:00:20.126, 0, 78919 MiB, 0 %, 183.32 W, 1980 MHz
2026/09/28 00:00:20.133, 1, 78919 MiB, 0 %, 133.89 W, 1980 MHz
2026/09/28 00:00:20.139, 2, 78919 MiB, 0 %, 130.10 W, 1980 MHz
2026/09/28 00:00:20.144, 3, 78919 MiB, 0 %, 127.00 W, 1980 MHz
2026/09/28 00:00:20.150, 4, 78919 MiB, 0 %, 125.83 W, 1980 MHz
2026/09/28 00:00:20.156, 5, 78919 MiB, 0 %, 128.34 W, 1980 MHz
2026/09/28 00:00:20.162, 6, 78919 MiB, 0 %, 131.43 W, 1980 MHz
2026/09/28 00:00:20.167, 7, 78919 MiB, 0 %, 125.76 W, 1980 MHz
2026/09/28 00:00:21.173, 0, 78919 MiB, 0 %, 182.15 W, 1980 MHz
2026/09/28 00:00:21.174, 1, 78919 MiB, 0 %, 133.04 W, 1980 MHz
2026/09/28 00:00:21.174, 2, 78919 MiB, 0 %, 128.59 W, 1980 MHz
2026/09/28 00:00:21.175, 3, 78919 MiB, 0 %, 126.39 W, 1980 MHz
2026/09/28 00:00:21.176, 4, 78919 MiB, 0 %, 125.19 W, 1980 MHz
2026/09/28 00:00:21.176, 5, 78919 MiB, 0 %, 127.75 W, 1980 MHz
2026/09/28 00:00:21.177, 6, 78919 MiB, 0 %, 130.53 W, 1980 MHz
2026/09/28 00:00:21.177, 7, 78919 MiB, 0 %, 124.61 W, 1980 MHz
2026/09/28 00:00:22.178, 0, 78919 MiB, 0 %, 181.42 W, 1980 MHz
2026/09/28 00:00:22.179, 1, 78919 MiB, 0 %, 132.41 W, 1980 MHz
2026/09/28 00:00:22.180, 2, 78919 MiB, 0 %, 128.08 W, 1980 MHz
2026/09/28 00:00:22.180, 3, 78919 MiB, 0 %, 125.96 W, 1980 MHz
2026/09/28 00:00:22.181, 4, 78919 MiB, 0 %, 124.82 W, 1980 MHz
2026/09/28 00:00:22.181, 5, 78919 MiB, 0 %, 127.30 W, 1980 MHz
2026/09/28 00:00:22.182, 6, 78919 MiB, 0 %, 130.00 W, 1980 MHz
2026/09/28 00:00:22.183, 7, 78919 MiB, 0 %, 124.24 W, 1980 MHz
2026/09/28 00:00:23.183, 0, 78919 MiB, 0 %, 181.01 W, 1980 MHz
2026/09/28 00:00:23.184, 1, 78919 MiB, 0 %, 131.96 W, 1980 MHz
2026/09/28 00:00:23.185, 2, 78919 MiB, 0 %, 127.71 W, 1980 MHz
2026/09/28 00:00:23.185, 3, 78919 MiB, 0 %, 125.66 W, 1980 MHz
2026/09/28 00:00:23.186, 4, 78919 MiB, 0 %, 124.50 W, 1980 MHz
2026/09/28 00:00:23.186, 5, 78919 MiB, 0 %, 126.43 W, 1980 MHz
2026/09/28 00:00:23.187, 6, 78919 MiB, 0 %, 129.44 W, 1980 MHz
2026/09/28 00:00:23.188, 7, 78919 MiB, 0 %, 123.89 W, 1980 MHz
2026/09/28 00:00:24.188, 0, 78919 MiB, 0 %, 179.99 W, 1980 MHz
2026/09/28 00:00:24.189, 1, 78919 MiB, 0 %, 131.51 W, 1980 MHz
2026/09/28 00:00:24.190, 2, 78919 MiB, 0 %, 127.27 W, 1980 MHz
2026/09/28 00:00:24.190, 3, 78919 MiB, 0 %, 125.38 W, 1980 MHz
2026/09/28 00:00:24.191, 4, 78919 MiB, 0 %, 124.21 W, 1980 MHz
2026/09/28 00:00:24.191, 5, 78919 MiB, 0 %, 126.25 W, 1980 MHz
2026/09/28 00:00:24.192, 6, 78919 MiB, 0 %, 128.69 W, 1980 MHz
2026/09/28 00:00:24.193, 7, 78919 MiB, 0 %, 123.60 W, 1980 MHz
2026/09/28 00:00:25.193, 0, 78919 MiB, 0 %, 179.53 W, 1980 MHz
2026/09/28 00:00:25.194, 1, 78919 MiB, 0 %, 131.24 W, 1980 MHz
2026/09/28 00:00:25.195, 2, 78919 MiB, 0 %, 126.96 W, 1980 MHz
2026/09/28 00:00:25.195, 3, 78919 MiB, 0 %, 125.15 W, 1980 MHz
2026/09/28 00:00:25.196, 4, 78919 MiB, 0 %, 123.45 W, 1980 MHz
2026/09/28 00:00:25.196, 5, 78919 MiB, 0 %, 125.97 W, 1980 MHz
2026/09/28 00:00:25.197, 6, 78919 MiB, 0 %, 128.37 W, 1980 MHz
2026/09/28 00:00:25.198, 7, 78919 MiB, 0 %, 123.29 W, 1980 MHz
2026/09/28 00:00:26.198, 0, 78919 MiB, 0 %, 179.24 W, 1980 MHz
2026/09/28 00:00:26.200, 1, 78919 MiB, 0 %, 130.90 W, 1980 MHz
2026/09/28 00:00:26.201, 2, 78919 MiB, 0 %, 126.72 W, 1980 MHz
2026/09/28 00:00:26.202, 3, 78919 MiB, 0 %, 124.85 W, 1980 MHz
2026/09/28 00:00:26.204, 4, 78919 MiB, 0 %, 123.14 W, 1980 MHz
2026/09/28 00:00:26.204, 5, 78919 MiB, 0 %, 125.65 W, 1980 MHz
2026/09/28 00:00:26.205, 6, 78919 MiB, 0 %, 128.06 W, 1980 MHz
2026/09/28 00:00:26.206, 7, 78919 MiB, 0 %, 123.10 W, 1980 MHz
2026/09/28 00:00:27.206, 0, 78919 MiB, 0 %, 178.89 W, 1980 MHz
2026/09/28 00:00:27.207, 1, 78919 MiB, 0 %, 130.58 W, 1980 MHz
2026/09/28 00:00:27.208, 2, 78919 MiB, 0 %, 126.89 W, 1980 MHz
2026/09/28 00:00:27.208, 3, 78919 MiB, 0 %, 124.66 W, 1980 MHz
2026/09/28 00:00:27.209, 4, 78919 MiB, 0 %, 122.88 W, 1980 MHz
2026/09/28 00:00:27.209, 5, 78919 MiB, 0 %, 125.35 W, 1980 MHz
2026/09/28 00:00:27.210, 6, 78919 MiB, 0 %, 127.77 W, 1980 MHz
2026/09/28 00:00:27.210, 7, 78919 MiB, 0 %, 122.83 W, 1980 MHz
2026/09/28 00:00:28.211, 0, 78919 MiB, 0 %, 178.59 W, 1980 MHz
2026/09/28 00:00:28.213, 1, 78919 MiB, 0 %, 130.21 W, 1980 MHz
2026/09/28 00:00:28.214, 2, 78919 MiB, 0 %, 126.53 W, 1980 MHz
2026/09/28 00:00:28.215, 3, 78919 MiB, 0 %, 124.01 W, 1980 MHz
2026/09/28 00:00:28.216, 4, 78919 MiB, 0 %, 122.70 W, 1980 MHz
2026/09/28 00:00:28.217, 5, 78919 MiB, 0 %, 125.10 W, 1980 MHz
2026/09/28 00:00:28.218, 6, 78919 MiB, 0 %, 127.47 W, 1980 MHz
2026/09/28 00:00:28.219, 7, 78919 MiB, 0 %, 122.58 W, 1980 MHz
2026/09/28 00:00:29.220, 0, 78919 MiB, 0 %, 178.29 W, 1980 MHz
2026/09/28 00:00:29.221, 1, 78919 MiB, 0 %, 129.98 W, 1980 MHz
2026/09/28 00:00:29.222, 2, 78919 MiB, 0 %, 126.26 W, 1980 MHz
2026/09/28 00:00:29.222, 3, 78919 MiB, 0 %, 123.48 W, 1980 MHz
2026/09/28 00:00:29.223, 4, 78919 MiB, 0 %, 122.50 W, 1980 MHz
2026/09/28 00:00:29.224, 5, 78919 MiB, 0 %, 124.86 W, 1980 MHz
2026/09/28 00:00:29.224, 6, 78919 MiB, 0 %, 127.19 W, 1980 MHz
2026/09/28 00:00:29.225, 7, 78919 MiB, 0 %, 122.44 W, 1980 MHz
2026/09/28 00:00:30.225, 0, 78919 MiB, 0 %, 178.12 W, 1980 MHz
2026/09/28 00:00:30.226, 1, 78919 MiB, 0 %, 129.61 W, 1980 MHz
2026/09/28 00:00:30.227, 2, 78919 MiB, 0 %, 125.74 W, 1980 MHz
2026/09/28 00:00:30.227, 3, 78919 MiB, 0 %, 123.29 W, 1980 MHz
2026/09/28 00:00:30.228, 4, 78919 MiB, 0 %, 122.34 W, 1980 MHz
2026/09/28 00:00:30.229, 5, 78919 MiB, 0 %, 124.63 W, 1980 MHz
2026/09/28 00:00:30.229, 6, 78919 MiB, 0 %, 126.70 W, 1980 MHz
2026/09/28 00:00:30.230, 7, 78919 MiB, 0 %, 122.23 W, 1980 MHz
2026/09/28 00:00:31.231, 0, 78919 MiB, 0 %, 177.80 W, 1980 MHz
2026/09/28 00:00:31.231, 1, 78919 MiB, 0 %, 129.37 W, 1980 MHz
2026/09/28 00:00:31.232, 2, 78919 MiB, 0 %, 125.31 W, 1980 MHz
2026/09/28 00:00:31.233, 3, 78919 MiB, 0 %, 123.12 W, 1980 MHz
2026/09/28 00:00:31.233, 4, 78919 MiB, 0 %, 122.17 W, 1980 MHz
2026/09/28 00:00:31.234, 5, 78919 MiB, 0 %, 124.46 W, 1980 MHz
2026/09/28 00:00:31.234, 6, 78919 MiB, 0 %, 125.84 W, 1980 MHz
2026/09/28 00:00:31.235, 7, 78919 MiB, 0 %, 121.96 W, 1980 MHz
2026/09/28 00:00:32.236, 0, 78919 MiB, 0 %, 177.59 W, 1980 MHz
2026/09/28 00:00:32.237, 1, 78919 MiB, 0 %, 129.10 W, 1980 MHz
2026/09/28 00:00:32.237, 2, 78919 MiB, 0 %, 125.60 W, 1980 MHz
2026/09/28 00:00:32.238, 3, 78919 MiB, 0 %, 122.96 W, 1980 MHz
2026/09/28 00:00:32.239, 4, 78919 MiB, 0 %, 122.03 W, 1980 MHz
2026/09/28 00:00:32.239, 5, 78919 MiB, 0 %, 124.26 W, 1980 MHz
2026/09/28 00:00:32.240, 6, 78919 MiB, 0 %, 125.64 W, 1980 MHz
2026/09/28 00:00:32.241, 7, 78919 MiB, 0 %, 121.31 W, 1980 MHz
2026/09/28 00:00:33.241, 0, 78919 MiB, 0 %, 177.36 W, 1980 MHz
2026/09/28 00:00:33.242, 1, 78919 MiB, 0 %, 128.86 W, 1980 MHz
2026/09/28 00:00:33.243, 2, 78919 MiB, 0 %, 125.96 W, 1980 MHz
2026/09/28 00:00:33.243, 3, 78919 MiB, 0 %, 122.89 W, 1980 MHz
2026/09/28 00:00:33.244, 4, 78919 MiB, 0 %, 121.85 W, 1980 MHz
2026/09/28 00:00:33.245, 5, 78919 MiB, 0 %, 124.04 W, 1980 MHz
2026/09/28 00:00:33.245, 6, 78919 MiB, 0 %, 125.35 W, 1980 MHz
2026/09/28 00:00:33.246, 7, 78919 MiB, 0 %, 121.05 W, 1980 MHz
2026/09/28 00:00:34.247, 0, 78919 MiB, 0 %, 177.12 W, 1980 MHz
2026/09/28 00:00:34.248, 1, 78919 MiB, 0 %, 128.61 W, 1980 MHz
2026/09/28 00:00:34.248, 2, 78919 MiB, 0 %, 125.77 W, 1980 MHz
2026/09/28 00:00:34.249, 3, 78919 MiB, 0 %, 122.73 W, 1980 MHz
2026/09/28 00:00:34.250, 4, 78919 MiB, 0 %, 121.69 W, 1980 MHz
2026/09/28 00:00:34.250, 5, 78919 MiB, 0 %, 123.75 W, 1980 MHz
2026/09/28 00:00:34.251, 6, 78919 MiB, 0 %, 125.15 W, 1980 MHz
2026/09/28 00:00:34.252, 7, 78919 MiB, 0 %, 120.91 W, 1980 MHz
2026/09/28 00:00:35.252, 0, 78919 MiB, 0 %, 176.96 W, 1980 MHz
2026/09/28 00:00:35.253, 1, 78919 MiB, 0 %, 128.40 W, 1980 MHz
2026/09/28 00:00:35.254, 2, 78919 MiB, 0 %, 125.52 W, 1980 MHz
2026/09/28 00:00:35.255, 3, 78919 MiB, 0 %, 122.57 W, 1980 MHz
2026/09/28 00:00:35.255, 4, 78919 MiB, 0 %, 121.56 W, 1980 MHz
2026/09/28 00:00:35.256, 5, 78919 MiB, 0 %, 123.58 W, 1980 MHz
2026/09/28 00:00:35.257, 6, 78919 MiB, 0 %, 124.93 W, 1980 MHz
2026/09/28 00:00:35.257, 7, 78919 MiB, 0 %, 120.73 W, 1980 MHz
2026/09/28 00:00:36.258, 0, 78919 MiB, 0 %, 176.77 W, 1980 MHz
2026/09/28 00:00:36.259, 1, 78919 MiB, 0 %, 128.17 W, 1980 MHz
2026/09/28 00:00:36.260, 2, 78919 MiB, 0 %, 125.28 W, 1980 MHz
2026/09/28 00:00:36.261, 3, 78919 MiB, 0 %, 122.47 W, 1980 MHz
2026/09/28 00:00:36.261, 4, 78919 MiB, 0 %, 121.41 W, 1980 MHz
2026/09/28 00:00:36.262, 5, 78919 MiB, 0 %, 123.45 W, 1980 MHz
2026/09/28 00:00:36.263, 6, 78919 MiB, 0 %, 124.79 W, 1980 MHz
2026/09/28 00:00:36.263, 7, 78919 MiB, 0 %, 120.68 W, 1980 MHz
2026/09/28 00:00:37.264, 0, 78919 MiB, 0 %, 176.64 W, 1980 MHz
2026/09/28 00:00:37.265, 1, 78919 MiB, 0 %, 128.00 W, 1980 MHz
2026/09/28 00:00:37.266, 2, 78919 MiB, 0 %, 125.13 W, 1980 MHz
2026/09/28 00:00:37.266, 3, 78919 MiB, 0 %, 122.37 W, 1980 MHz
2026/09/28 00:00:37.267, 4, 78919 MiB, 0 %, 121.30 W, 1980 MHz
2026/09/28 00:00:37.268, 5, 78919 MiB, 0 %, 123.39 W, 1980 MHz
2026/09/28 00:00:37.268, 6, 78919 MiB, 0 %, 124.63 W, 1980 MHz
2026/09/28 00:00:37.269, 7, 78919 MiB, 0 %, 120.51 W, 1980 MHz
2026/09/28 00:00:38.269, 0, 78919 MiB, 0 %, 176.43 W, 1980 MHz
2026/09/28 00:00:38.270, 1, 78919 MiB, 0 %, 127.87 W, 1980 MHz
2026/09/28 00:00:38.271, 2, 78919 MiB, 0 %, 124.99 W, 1980 MHz
2026/09/28 00:00:38.272, 3, 78919 MiB, 0 %, 122.25 W, 1980 MHz
2026/09/28 00:00:38.272, 4, 78919 MiB, 0 %, 121.22 W, 1980 MHz
2026/09/28 00:00:38.273, 5, 78919 MiB, 0 %, 123.22 W, 1980 MHz
2026/09/28 00:00:38.274, 6, 78919 MiB, 0 %, 124.40 W, 1980 MHz
2026/09/28 00:00:38.274, 7, 78919 MiB, 0 %, 120.40 W, 1980 MHz
2026/09/28 00:00:39.275, 0, 78919 MiB, 0 %, 176.28 W, 1980 MHz
2026/09/28 00:00:39.276, 1, 78919 MiB, 0 %, 127.67 W, 1980 MHz
2026/09/28 00:00:39.277, 2, 78919 MiB, 0 %, 124.86 W, 1980 MHz
2026/09/28 00:00:39.278, 3, 78919 MiB, 0 %, 122.17 W, 1980 MHz
2026/09/28 00:00:39.278, 4, 78919 MiB, 0 %, 121.12 W, 1980 MHz
2026/09/28 00:00:39.279, 5, 78919 MiB, 0 %, 123.07 W, 1980 MHz
2026/09/28 00:00:39.280, 6, 78919 MiB, 0 %, 124.28 W, 1980 MHz
2026/09/28 00:00:39.280, 7, 78919 MiB, 0 %, 120.30 W, 1980 MHz
2026/09/28 00:00:40.281, 0, 78919 MiB, 0 %, 176.19 W, 1980 MHz
2026/09/28 00:00:40.282, 1, 78919 MiB, 0 %, 127.47 W, 1980 MHz
2026/09/28 00:00:40.283, 2, 78919 MiB, 0 %, 124.50 W, 1980 MHz
2026/09/28 00:00:40.283, 3, 78919 MiB, 0 %, 122.12 W, 1980 MHz
2026/09/28 00:00:40.284, 4, 78919 MiB, 0 %, 121.06 W, 1980 MHz
2026/09/28 00:00:40.285, 5, 78919 MiB, 0 %, 122.87 W, 1980 MHz
2026/09/28 00:00:40.285, 6, 78919 MiB, 0 %, 124.13 W, 1980 MHz
2026/09/28 00:00:40.286, 7, 78919 MiB, 0 %, 120.15 W, 1980 MHz
2026/09/28 00:00:41.287, 0, 78919 MiB, 0 %, 175.99 W, 1980 MHz
2026/09/28 00:00:41.288, 1, 78919 MiB, 0 %, 127.26 W, 1980 MHz
2026/09/28 00:00:41.288, 2, 78919 MiB, 0 %, 124.05 W, 1980 MHz
2026/09/28 00:00:41.289, 3, 78919 MiB, 0 %, 122.01 W, 1980 MHz
2026/09/28 00:00:41.290, 4, 78919 MiB, 0 %, 120.92 W, 1980 MHz
2026/09/28 00:00:41.290, 5, 78919 MiB, 0 %, 122.68 W, 1980 MHz
2026/09/28 00:00:41.291, 6, 78919 MiB, 0 %, 124.03 W, 1980 MHz
2026/09/28 00:00:41.292, 7, 78919 MiB, 0 %, 120.08 W, 1980 MHz
2026/09/28 00:00:42.292, 0, 78919 MiB, 0 %, 175.91 W, 1980 MHz
2026/09/28 00:00:42.294, 1, 78919 MiB, 0 %, 126.76 W, 1980 MHz
2026/09/28 00:00:42.294, 2, 78919 MiB, 0 %, 124.08 W, 1980 MHz
2026/09/28 00:00:42.295, 3, 78919 MiB, 0 %, 121.94 W, 1980 MHz
2026/09/28 00:00:42.296, 4, 78919 MiB, 0 %, 120.87 W, 1980 MHz
2026/09/28 00:00:42.296, 5, 78919 MiB, 0 %, 122.59 W, 1980 MHz
2026/09/28 00:00:42.297, 6, 78919 MiB, 0 %, 123.90 W, 1980 MHz
2026/09/28 00:00:42.298, 7, 78919 MiB, 0 %, 120.08 W, 1980 MHz
2026/09/28 00:00:43.299, 0, 78919 MiB, 0 %, 175.76 W, 1980 MHz
2026/09/28 00:00:43.299, 1, 78919 MiB, 0 %, 126.63 W, 1980 MHz
2026/09/28 00:00:43.300, 2, 78919 MiB, 0 %, 124.25 W, 1980 MHz
2026/09/28 00:00:43.301, 3, 78919 MiB, 0 %, 121.87 W, 1980 MHz
2026/09/28 00:00:43.302, 4, 78919 MiB, 0 %, 120.85 W, 1980 MHz
2026/09/28 00:00:43.302, 5, 78919 MiB, 0 %, 122.56 W, 1980 MHz
2026/09/28 00:00:43.303, 6, 78919 MiB, 0 %, 123.81 W, 1980 MHz
2026/09/28 00:00:43.303, 7, 78919 MiB, 0 %, 120.04 W, 1980 MHz
2026/09/28 00:00:44.304, 0, 78919 MiB, 0 %, 175.71 W, 1980 MHz
2026/09/28 00:00:44.305, 1, 78919 MiB, 0 %, 126.51 W, 1980 MHz
2026/09/28 00:00:44.306, 2, 78919 MiB, 0 %, 124.12 W, 1980 MHz
2026/09/28 00:00:44.307, 3, 78919 MiB, 0 %, 121.82 W, 1980 MHz
2026/09/28 00:00:44.307, 4, 78919 MiB, 0 %, 120.81 W, 1980 MHz
2026/09/28 00:00:44.308, 5, 78919 MiB, 0 %, 122.42 W, 1980 MHz
2026/09/28 00:00:44.309, 6, 78919 MiB, 0 %, 123.71 W, 1980 MHz
2026/09/28 00:00:44.309, 7, 78919 MiB, 0 %, 120.06 W, 1980 MHz
2026/09/28 00:00:45.310, 0, 78919 MiB, 0 %, 175.52 W, 1980 MHz
2026/09/28 00:00:45.311, 1, 78919 MiB, 0 %, 126.43 W, 1980 MHz
2026/09/28 00:00:45.312, 2, 78919 MiB, 0 %, 124.02 W, 1980 MHz
2026/09/28 00:00:45.312, 3, 78919 MiB, 0 %, 121.77 W, 1980 MHz
2026/09/28 00:00:45.313, 4, 78919 MiB, 0 %, 120.77 W, 1980 MHz
2026/09/28 00:00:45.314, 5, 78919 MiB, 0 %, 122.28 W, 1980 MHz
2026/09/28 00:00:45.314, 6, 78919 MiB, 0 %, 123.56 W, 1980 MHz
2026/09/28 00:00:45.315, 7, 78919 MiB, 0 %, 119.91 W, 1980 MHz
2026/09/28 00:00:46.316, 0, 78919 MiB, 0 %, 175.43 W, 1980 MHz
2026/09/28 00:00:46.317, 1, 78919 MiB, 0 %, 126.28 W, 1980 MHz
2026/09/28 00:00:46.317, 2, 78919 MiB, 0 %, 123.90 W, 1980 MHz
2026/09/28 00:00:46.318, 3, 78919 MiB, 0 %, 121.68 W, 1980 MHz
2026/09/28 00:00:46.319, 4, 78919 MiB, 0 %, 120.64 W, 1980 MHz
2026/09/28 00:00:46.319, 5, 78919 MiB, 0 %, 122.23 W, 1980 MHz
2026/09/28 00:00:46.320, 6, 78919 MiB, 0 %, 123.53 W, 1980 MHz
2026/09/28 00:00:46.321, 7, 78919 MiB, 0 %, 119.82 W, 1980 MHz
2026/09/28 00:00:47.321, 0, 78919 MiB, 0 %, 175.34 W, 1980 MHz
2026/09/28 00:00:47.323, 1, 78919 MiB, 0 %, 126.13 W, 1980 MHz
2026/09/28 00:00:47.323, 2, 78919 MiB, 0 %, 123.81 W, 1980 MHz
2026/09/28 00:00:47.324, 3, 78919 MiB, 0 %, 121.69 W, 1980 MHz
2026/09/28 00:00:47.325, 4, 78919 MiB, 0 %, 120.59 W, 1980 MHz
2026/09/28 00:00:47.325, 5, 78919 MiB, 0 %, 122.10 W, 1980 MHz
2026/09/28 00:00:47.326, 6, 78919 MiB, 0 %, 123.35 W, 1980 MHz
2026/09/28 00:00:47.327, 7, 78919 MiB, 0 %, 119.71 W, 1980 MHz
2026/09/28 00:00:48.327, 0, 78919 MiB, 0 %, 175.22 W, 1980 MHz
2026/09/28 00:00:48.328, 1, 78919 MiB, 0 %, 126.00 W, 1980 MHz
2026/09/28 00:00:48.329, 2, 78919 MiB, 0 %, 123.52 W, 1980 MHz
2026/09/28 00:00:48.330, 3, 78919 MiB, 0 %, 121.63 W, 1980 MHz
2026/09/28 00:00:48.330, 4, 78919 MiB, 0 %, 120.51 W, 1980 MHz
2026/09/28 00:00:48.331, 5, 78919 MiB, 0 %, 121.93 W, 1980 MHz
2026/09/28 00:00:48.332, 6, 78919 MiB, 0 %, 123.31 W, 1980 MHz
2026/09/28 00:00:48.332, 7, 78919 MiB, 0 %, 119.72 W, 1980 MHz
2026/09/28 00:00:49.333, 0, 78919 MiB, 0 %, 175.11 W, 1980 MHz
2026/09/28 00:00:49.334, 1, 78919 MiB, 0 %, 125.91 W, 1980 MHz
2026/09/28 00:00:49.335, 2, 78919 MiB, 0 %, 122.75 W, 1980 MHz
2026/09/28 00:00:49.335, 3, 78919 MiB, 0 %, 121.47 W, 1980 MHz
2026/09/28 00:00:49.336, 4, 78919 MiB, 0 %, 120.46 W, 1980 MHz
2026/09/28 00:00:49.337, 5, 78919 MiB, 0 %, 121.91 W, 1980 MHz
2026/09/28 00:00:49.337, 6, 78919 MiB, 0 %, 123.21 W, 1980 MHz
2026/09/28 00:00:49.338, 7, 78919 MiB, 0 %, 119.72 W, 1980 MHz
2026/09/28 00:00:50.339, 0, 78919 MiB, 0 %, 175.04 W, 1980 MHz
2026/09/28 00:00:50.340, 1, 78919 MiB, 0 %, 125.87 W, 1980 MHz
2026/09/28 00:00:50.341, 2, 78919 MiB, 0 %, 122.71 W, 1980 MHz
2026/09/28 00:00:50.341, 3, 78919 MiB, 0 %, 121.47 W, 1980 MHz
2026/09/28 00:00:50.342, 4, 78919 MiB, 0 %, 120.41 W, 1980 MHz
2026/09/28 00:00:50.343, 5, 78919 MiB, 0 %, 121.89 W, 1980 MHz
2026/09/28 00:00:50.343, 6, 78919 MiB, 0 %, 123.12 W, 1980 MHz
2026/09/28 00:00:50.344, 7, 78919 MiB, 0 %, 119.67 W, 1980 MHz
2026/09/28 00:00:51.345, 0, 78919 MiB, 0 %, 174.89 W, 1980 MHz
2026/09/28 00:00:51.346, 1, 78919 MiB, 0 %, 125.74 W, 1980 MHz
2026/09/28 00:00:51.346, 2, 78919 MiB, 0 %, 122.58 W, 1980 MHz
2026/09/28 00:00:51.347, 3, 78919 MiB, 0 %, 121.36 W, 1980 MHz
2026/09/28 00:00:51.348, 4, 78919 MiB, 0 %, 120.41 W, 1980 MHz
2026/09/28 00:00:51.348, 5, 78919 MiB, 0 %, 121.78 W, 1980 MHz
2026/09/28 00:00:51.349, 6, 78919 MiB, 0 %, 123.04 W, 1980 MHz
2026/09/28 00:00:51.350, 7, 78919 MiB, 0 %, 119.63 W, 1980 MHz
2026/09/28 00:00:52.350, 0, 78919 MiB, 0 %, 174.80 W, 1980 MHz
2026/09/28 00:00:52.352, 1, 78919 MiB, 0 %, 125.71 W, 1980 MHz
2026/09/28 00:00:52.352, 2, 78919 MiB, 0 %, 122.47 W, 1980 MHz
2026/09/28 00:00:52.353, 3, 78919 MiB, 0 %, 121.36 W, 1980 MHz
2026/09/28 00:00:52.354, 4, 78919 MiB, 0 %, 120.29 W, 1980 MHz
2026/09/28 00:00:52.354, 5, 78919 MiB, 0 %, 121.63 W, 1980 MHz
2026/09/28 00:00:52.355, 6, 78919 MiB, 0 %, 122.93 W, 1980 MHz
2026/09/28 00:00:52.356, 7, 78919 MiB, 0 %, 119.45 W, 1980 MHz
2026/09/28 00:00:53.356, 0, 78919 MiB, 0 %, 174.70 W, 1980 MHz
2026/09/28 00:00:53.357, 1, 78919 MiB, 0 %, 125.58 W, 1980 MHz
2026/09/28 00:00:53.358, 2, 78919 MiB, 0 %, 122.45 W, 1980 MHz
2026/09/28 00:00:53.359, 3, 78919 MiB, 0 %, 121.31 W, 1980 MHz
2026/09/28 00:00:53.359, 4, 78919 MiB, 0 %, 120.25 W, 1980 MHz
2026/09/28 00:00:53.360, 5, 78919 MiB, 0 %, 121.64 W, 1980 MHz
2026/09/28 00:00:53.361, 6, 78919 MiB, 0 %, 121.76 W, 1980 MHz
2026/09/28 00:00:53.361, 7, 78919 MiB, 0 %, 119.42 W, 1980 MHz
2026/09/28 00:00:54.362, 0, 78919 MiB, 0 %, 174.61 W, 1980 MHz
2026/09/28 00:00:54.363, 1, 78919 MiB, 0 %, 125.45 W, 1980 MHz
2026/09/28 00:00:54.364, 2, 78919 MiB, 0 %, 122.36 W, 1980 MHz
2026/09/28 00:00:54.365, 3, 78919 MiB, 0 %, 121.27 W, 1980 MHz
2026/09/28 00:00:54.365, 4, 78919 MiB, 0 %, 120.14 W, 1980 MHz
2026/09/28 00:00:54.366, 5, 78919 MiB, 0 %, 121.43 W, 1980 MHz
2026/09/28 00:00:54.367, 6, 78919 MiB, 0 %, 121.50 W, 1980 MHz
2026/09/28 00:00:54.367, 7, 78919 MiB, 0 %, 119.39 W, 1980 MHz
2026/09/28 00:00:55.368, 0, 78919 MiB, 0 %, 174.55 W, 1980 MHz
2026/09/28 00:00:55.369, 1, 78919 MiB, 0 %, 125.39 W, 1980 MHz
2026/09/28 00:00:55.370, 2, 78919 MiB, 0 %, 122.23 W, 1980 MHz
2026/09/28 00:00:55.370, 3, 78919 MiB, 0 %, 121.21 W, 1980 MHz
2026/09/28 00:00:55.371, 4, 78919 MiB, 0 %, 120.07 W, 1980 MHz
2026/09/28 00:00:55.372, 5, 78919 MiB, 0 %, 121.43 W, 1980 MHz
2026/09/28 00:00:55.372, 6, 78919 MiB, 0 %, 121.41 W, 1980 MHz
2026/09/28 00:00:55.373, 7, 78919 MiB, 0 %, 119.35 W, 1980 MHz
2026/09/28 00:00:56.374, 0, 78919 MiB, 0 %, 174.44 W, 1980 MHz
2026/09/28 00:00:56.375, 1, 78919 MiB, 0 %, 125.28 W, 1980 MHz
2026/09/28 00:00:56.375, 2, 78919 MiB, 0 %, 122.12 W, 1980 MHz
2026/09/28 00:00:56.376, 3, 78919 MiB, 0 %, 121.06 W, 1980 MHz
2026/09/28 00:00:56.377, 4, 78919 MiB, 0 %, 120.02 W, 1980 MHz
2026/09/28 00:00:56.378, 5, 78919 MiB, 0 %, 121.38 W, 1980 MHz
2026/09/28 00:00:56.378, 6, 78919 MiB, 0 %, 121.35 W, 1980 MHz
2026/09/28 00:00:56.379, 7, 78919 MiB, 0 %, 119.27 W, 1980 MHz
2026/09/28 00:00:57.380, 0, 78919 MiB, 0 %, 174.37 W, 1980 MHz
2026/09/28 00:00:57.381, 1, 78919 MiB, 0 %, 125.19 W, 1980 MHz
2026/09/28 00:00:57.381, 2, 78919 MiB, 0 %, 122.02 W, 1980 MHz
2026/09/28 00:00:57.382, 3, 78919 MiB, 0 %, 121.11 W, 1980 MHz
2026/09/28 00:00:57.383, 4, 78919 MiB, 0 %, 119.98 W, 1980 MHz
2026/09/28 00:00:57.383, 5, 78919 MiB, 0 %, 121.22 W, 1980 MHz
2026/09/28 00:00:57.384, 6, 78919 MiB, 0 %, 121.31 W, 1980 MHz
2026/09/28 00:00:57.385, 7, 78919 MiB, 0 %, 119.25 W, 1980 MHz
2026/09/28 00:00:58.385, 0, 78919 MiB, 0 %, 174.26 W, 1980 MHz
2026/09/28 00:00:58.386, 1, 78919 MiB, 0 %, 125.20 W, 1980 MHz
2026/09/28 00:00:58.387, 2, 78919 MiB, 0 %, 121.93 W, 1980 MHz
2026/09/28 00:00:58.388, 3, 78919 MiB, 0 %, 121.04 W, 1980 MHz
2026/09/28 00:00:58.388, 4, 78919 MiB, 0 %, 119.91 W, 1980 MHz
2026/09/28 00:00:58.389, 5, 78919 MiB, 0 %, 121.21 W, 1980 MHz
2026/09/28 00:00:58.390, 6, 78919 MiB, 0 %, 121.24 W, 1980 MHz
2026/09/28 00:00:58.390, 7, 78919 MiB, 0 %, 119.11 W, 1980 MHz
2026/09/28 00:00:59.391, 0, 78919 MiB, 0 %, 174.20 W, 1980 MHz
2026/09/28 00:00:59.392, 1, 78919 MiB, 0 %, 125.06 W, 1980 MHz
2026/09/28 00:00:59.393, 2, 78919 MiB, 0 %, 121.94 W, 1980 MHz
2026/09/28 00:00:59.393, 3, 78919 MiB, 0 %, 121.01 W, 1980 MHz
2026/09/28 00:00:59.394, 4, 78919 MiB, 0 %, 119.88 W, 1980 MHz
2026/09/28 00:00:59.395, 5, 78919 MiB, 0 %, 121.18 W, 1980 MHz
2026/09/28 00:00:59.396, 6, 78919 MiB, 0 %, 121.73 W, 1980 MHz
2026/09/28 00:00:59.396, 7, 78919 MiB, 0 %, 119.02 W, 1980 MHz
2026/09/28 00:01:00.397, 0, 78919 MiB, 0 %, 174.05 W, 1980 MHz
2026/09/28 00:01:00.398, 1, 78919 MiB, 0 %, 124.94 W, 1980 MHz
2026/09/28 00:01:00.399, 2, 78919 MiB, 0 %, 121.82 W, 1980 MHz
2026/09/28 00:01:00.399, 3, 78919 MiB, 0 %, 121.03 W, 1980 MHz
2026/09/28 00:01:00.400, 4, 78919 MiB, 0 %, 119.80 W, 1980 MHz
2026/09/28 00:01:00.401, 5, 78919 MiB, 0 %, 121.08 W, 1980 MHz
2026/09/28 00:01:00.401, 6, 78919 MiB, 0 %, 121.64 W, 1980 MHz
2026/09/28 00:01:00.402, 7, 78919 MiB, 0 %, 119.07 W, 1980 MHz
2026/09/28 00:01:01.414, 0, 78919 MiB, 0 %, 174.01 W, 1980 MHz
2026/09/28 00:01:01.415, 1, 78919 MiB, 0 %, 124.90 W, 1980 MHz
2026/09/28 00:01:01.417, 2, 78919 MiB, 0 %, 121.72 W, 1980 MHz
2026/09/28 00:01:01.417, 3, 78919 MiB, 0 %, 120.88 W, 1980 MHz
2026/09/28 00:01:01.418, 4, 78919 MiB, 0 %, 119.75 W, 1980 MHz
2026/09/28 00:01:01.420, 5, 78919 MiB, 0 %, 120.82 W, 1980 MHz
2026/09/28 00:01:01.421, 6, 78919 MiB, 0 %, 121.56 W, 1980 MHz
2026/09/28 00:01:01.421, 7, 78919 MiB, 0 %, 119.00 W, 1980 MHz
2026/09/28 00:01:02.422, 0, 78919 MiB, 0 %, 173.94 W, 1980 MHz
2026/09/28 00:01:02.423, 1, 78919 MiB, 0 %, 124.86 W, 1980 MHz
2026/09/28 00:01:02.424, 2, 78919 MiB, 0 %, 121.63 W, 1980 MHz
2026/09/28 00:01:02.424, 3, 78919 MiB, 0 %, 120.78 W, 1980 MHz
2026/09/28 00:01:02.425, 4, 78919 MiB, 0 %, 119.67 W, 1980 MHz
2026/09/28 00:01:02.426, 5, 78919 MiB, 0 %, 120.16 W, 1980 MHz
2026/09/28 00:01:02.426, 6, 78919 MiB, 0 %, 121.53 W, 1980 MHz
2026/09/28 00:01:02.427, 7, 78919 MiB, 0 %, 119.00 W, 1980 MHz
2026/09/28 00:01:03.428, 0, 78919 MiB, 0 %, 173.87 W, 1980 MHz
2026/09/28 00:01:03.429, 1, 78919 MiB, 0 %, 124.82 W, 1980 MHz
2026/09/28 00:01:03.429, 2, 78919 MiB, 0 %, 121.60 W, 1980 MHz
2026/09/28 00:01:03.430, 3, 78919 MiB, 0 %, 120.78 W, 1980 MHz
2026/09/28 00:01:03.431, 4, 78919 MiB, 0 %, 119.64 W, 1980 MHz
2026/09/28 00:01:03.431, 5, 78919 MiB, 0 %, 120.12 W, 1980 MHz
2026/09/28 00:01:03.432, 6, 78919 MiB, 0 %, 121.46 W, 1980 MHz
2026/09/28 00:01:03.433, 7, 78919 MiB, 0 %, 118.90 W, 1980 MHz
2026/09/28 00:01:04.433, 0, 78919 MiB, 0 %, 173.72 W, 1980 MHz
2026/09/28 00:01:04.434, 1, 78919 MiB, 0 %, 124.77 W, 1980 MHz
2026/09/28 00:01:04.435, 2, 78919 MiB, 0 %, 121.59 W, 1980 MHz
2026/09/28 00:01:04.435, 3, 78919 MiB, 0 %, 120.18 W, 1980 MHz
2026/09/28 00:01:04.436, 4, 78919 MiB, 0 %, 119.62 W, 1980 MHz
2026/09/28 00:01:04.437, 5, 78919 MiB, 0 %, 120.07 W, 1980 MHz
2026/09/28 00:01:04.437, 6, 78919 MiB, 0 %, 121.41 W, 1980 MHz
2026/09/28 00:01:04.438, 7, 78919 MiB, 0 %, 118.90 W, 1980 MHz
2026/09/28 00:01:05.439, 0, 78919 MiB, 0 %, 173.64 W, 1980 MHz
2026/09/28 00:01:05.440, 1, 78919 MiB, 0 %, 124.67 W, 1980 MHz
2026/09/28 00:01:05.440, 2, 78919 MiB, 0 %, 121.47 W, 1980 MHz
2026/09/28 00:01:05.441, 3, 78919 MiB, 0 %, 120.20 W, 1980 MHz
2026/09/28 00:01:05.442, 4, 78919 MiB, 0 %, 119.59 W, 1980 MHz
2026/09/28 00:01:05.442, 5, 78919 MiB, 0 %, 119.61 W, 1980 MHz
2026/09/28 00:01:05.443, 6, 78919 MiB, 0 %, 121.31 W, 1980 MHz
2026/09/28 00:01:05.444, 7, 78919 MiB, 0 %, 118.82 W, 1980 MHz
2026/09/28 00:01:06.444, 0, 78919 MiB, 0 %, 173.59 W, 1980 MHz
2026/09/28 00:01:06.445, 1, 78919 MiB, 0 %, 124.60 W, 1980 MHz
2026/09/28 00:01:06.446, 2, 78919 MiB, 0 %, 121.42 W, 1980 MHz
2026/09/28 00:01:06.447, 3, 78919 MiB, 0 %, 120.12 W, 1980 MHz
2026/09/28 00:01:06.447, 4, 78919 MiB, 0 %, 119.55 W, 1980 MHz
2026/09/28 00:01:06.448, 5, 78919 MiB, 0 %, 119.52 W, 1980 MHz
2026/09/28 00:01:06.449, 6, 78919 MiB, 0 %, 121.29 W, 1980 MHz
2026/09/28 00:01:06.449, 7, 78919 MiB, 0 %, 118.77 W, 1980 MHz
2026/09/28 00:01:07.450, 0, 78919 MiB, 0 %, 173.52 W, 1980 MHz
2026/09/28 00:01:07.451, 1, 78919 MiB, 0 %, 124.08 W, 1980 MHz
2026/09/28 00:01:07.452, 2, 78919 MiB, 0 %, 121.41 W, 1980 MHz
2026/09/28 00:01:07.452, 3, 78919 MiB, 0 %, 120.10 W, 1980 MHz
2026/09/28 00:01:07.453, 4, 78919 MiB, 0 %, 119.51 W, 1980 MHz
2026/09/28 00:01:07.454, 5, 78919 MiB, 0 %, 119.43 W, 1980 MHz
2026/09/28 00:01:07.454, 6, 78919 MiB, 0 %, 121.22 W, 1980 MHz
2026/09/28 00:01:07.455, 7, 78919 MiB, 0 %, 118.80 W, 1980 MHz
2026/09/28 00:01:08.456, 0, 78919 MiB, 0 %, 173.47 W, 1980 MHz
2026/09/28 00:01:08.457, 1, 78919 MiB, 0 %, 123.63 W, 1980 MHz
2026/09/28 00:01:08.457, 2, 78919 MiB, 0 %, 121.32 W, 1980 MHz
2026/09/28 00:01:08.458, 3, 78919 MiB, 0 %, 120.02 W, 1980 MHz
2026/09/28 00:01:08.459, 4, 78919 MiB, 0 %, 119.45 W, 1980 MHz
2026/09/28 00:01:08.459, 5, 78919 MiB, 0 %, 119.44 W, 1980 MHz
2026/09/28 00:01:08.460, 6, 78919 MiB, 0 %, 121.22 W, 1980 MHz
2026/09/28 00:01:08.461, 7, 78919 MiB, 0 %, 118.74 W, 1980 MHz
2026/09/28 00:01:09.462, 0, 78919 MiB, 0 %, 173.46 W, 1980 MHz
2026/09/28 00:01:09.462, 1, 78919 MiB, 0 %, 123.58 W, 1980 MHz
2026/09/28 00:01:09.463, 2, 78919 MiB, 0 %, 121.24 W, 1980 MHz
2026/09/28 00:01:09.464, 3, 78919 MiB, 0 %, 120.04 W, 1980 MHz
2026/09/28 00:01:09.464, 4, 78919 MiB, 0 %, 119.45 W, 1980 MHz
2026/09/28 00:01:09.465, 5, 78919 MiB, 0 %, 119.36 W, 1980 MHz
2026/09/28 00:01:09.466, 6, 78919 MiB, 0 %, 121.20 W, 1980 MHz
2026/09/28 00:01:09.466, 7, 78919 MiB, 0 %, 118.71 W, 1980 MHz
2026/09/28 00:01:10.467, 0, 78919 MiB, 0 %, 173.34 W, 1980 MHz
2026/09/28 00:01:10.468, 1, 78919 MiB, 0 %, 123.54 W, 1980 MHz
2026/09/28 00:01:10.469, 2, 78919 MiB, 0 %, 121.28 W, 1980 MHz
2026/09/28 00:01:10.469, 3, 78919 MiB, 0 %, 120.06 W, 1980 MHz
2026/09/28 00:01:10.470, 4, 78919 MiB, 0 %, 119.48 W, 1980 MHz
2026/09/28 00:01:10.470, 5, 78919 MiB, 0 %, 119.36 W, 1980 MHz
2026/09/28 00:01:10.471, 6, 78919 MiB, 0 %, 121.15 W, 1980 MHz
2026/09/28 00:01:10.472, 7, 78919 MiB, 0 %, 118.72 W, 1980 MHz
2026/09/28 00:01:11.472, 0, 78919 MiB, 100 %, 418.83 W, 1980 MHz
2026/09/28 00:01:11.474, 1, 78919 MiB, 100 %, 378.48 W, 1980 MHz
2026/09/28 00:01:11.474, 2, 78919 MiB, 100 %, 339.18 W, 1980 MHz
2026/09/28 00:01:11.475, 3, 78919 MiB, 100 %, 360.68 W, 1980 MHz
2026/09/28 00:01:11.476, 4, 78919 MiB, 100 %, 344.11 W, 1980 MHz
2026/09/28 00:01:11.477, 5, 78919 MiB, 100 %, 333.65 W, 1980 MHz
2026/09/28 00:01:11.477, 6, 78919 MiB, 100 %, 369.15 W, 1980 MHz
2026/09/28 00:01:11.478, 7, 78919 MiB, 100 %, 337.90 W, 1980 MHz
2026/09/28 00:01:12.479, 0, 78919 MiB, 100 %, 611.73 W, 1980 MHz
2026/09/28 00:01:12.480, 1, 78919 MiB, 100 %, 577.80 W, 1980 MHz
2026/09/28 00:01:12.481, 2, 78919 MiB, 100 %, 556.43 W, 1980 MHz
2026/09/28 00:01:12.481, 3, 78919 MiB, 100 %, 556.51 W, 1980 MHz
2026/09/28 00:01:12.482, 4, 78919 MiB, 100 %, 549.60 W, 1980 MHz
2026/09/28 00:01:12.483, 5, 78919 MiB, 100 %, 553.77 W, 1980 MHz
2026/09/28 00:01:12.484, 6, 78919 MiB, 100 %, 572.14 W, 1980 MHz
2026/09/28 00:01:12.484, 7, 78919 MiB, 100 %, 537.19 W, 1980 MHz
2026/09/28 00:01:13.485, 0, 78919 MiB, 100 %, 650.26 W, 1980 MHz
2026/09/28 00:01:13.486, 1, 78919 MiB, 100 %, 600.02 W, 1980 MHz
2026/09/28 00:01:13.487, 2, 78919 MiB, 100 %, 577.35 W, 1980 MHz
2026/09/28 00:01:13.488, 3, 78919 MiB, 100 %, 573.54 W, 1980 MHz
2026/09/28 00:01:13.488, 4, 78919 MiB, 100 %, 569.17 W, 1980 MHz
2026/09/28 00:01:13.489, 5, 78919 MiB, 100 %, 580.16 W, 1980 MHz
2026/09/28 00:01:13.490, 6, 78919 MiB, 100 %, 587.62 W, 1980 MHz
2026/09/28 00:01:13.490, 7, 78919 MiB, 100 %, 565.66 W, 1980 MHz
2026/09/28 00:01:14.491, 0, 78919 MiB, 100 %, 663.85 W, 1965 MHz
2026/09/28 00:01:14.492, 1, 78919 MiB, 100 %, 616.91 W, 1980 MHz
2026/09/28 00:01:14.493, 2, 78919 MiB, 100 %, 598.48 W, 1980 MHz
2026/09/28 00:01:14.494, 3, 78919 MiB, 100 %, 590.08 W, 1980 MHz
2026/09/28 00:01:14.494, 4, 78919 MiB, 100 %, 574.00 W, 1980 MHz
2026/09/28 00:01:14.495, 5, 78919 MiB, 100 %, 590.47 W, 1980 MHz
2026/09/28 00:01:14.496, 6, 78919 MiB, 100 %, 612.44 W, 1980 MHz
2026/09/28 00:01:14.496, 7, 78919 MiB, 100 %, 588.32 W, 1980 MHz
2026/09/28 00:01:15.497, 0, 78919 MiB, 100 %, 627.84 W, 1800 MHz
2026/09/28 00:01:15.498, 1, 78919 MiB, 100 %, 614.11 W, 1980 MHz
2026/09/28 00:01:15.499, 2, 78919 MiB, 100 %, 591.95 W, 1980 MHz
2026/09/28 00:01:15.499, 3, 78919 MiB, 100 %, 595.31 W, 1980 MHz
2026/09/28 00:01:15.500, 4, 78919 MiB, 100 %, 591.79 W, 1980 MHz
2026/09/28 00:01:15.501, 5, 78919 MiB, 100 %, 612.23 W, 1980 MHz
2026/09/28 00:01:15.501, 6, 78919 MiB, 100 %, 609.12 W, 1980 MHz
2026/09/28 00:01:15.502, 7, 78919 MiB, 100 %, 592.59 W, 1980 MHz
2026/09/28 00:01:16.503, 0, 78919 MiB, 100 %, 619.54 W, 1755 MHz
2026/09/28 00:01:16.504, 1, 78919 MiB, 100 %, 652.37 W, 1980 MHz
2026/09/28 00:01:16.505, 2, 78919 MiB, 100 %, 633.64 W, 1980 MHz
2026/09/28 00:01:16.505, 3, 78919 MiB, 100 %, 613.36 W, 1980 MHz
2026/09/28 00:01:16.506, 4, 78919 MiB, 100 %, 607.41 W, 1980 MHz
2026/09/28 00:01:16.507, 5, 78919 MiB, 100 %, 596.57 W, 1980 MHz
2026/09/28 00:01:16.508, 6, 78919 MiB, 100 %, 652.92 W, 1980 MHz
2026/09/28 00:01:16.508, 7, 78919 MiB, 100 %, 585.13 W, 1980 MHz
2026/09/28 00:01:17.509, 0, 78919 MiB, 100 %, 593.76 W, 1665 MHz
2026/09/28 00:01:17.510, 1, 78919 MiB, 100 %, 627.86 W, 1980 MHz
2026/09/28 00:01:17.511, 2, 78919 MiB, 100 %, 621.76 W, 1980 MHz
2026/09/28 00:01:17.511, 3, 78919 MiB, 100 %, 611.88 W, 1980 MHz
2026/09/28 00:01:17.512, 4, 78919 MiB, 100 %, 608.98 W, 1980 MHz
2026/09/28 00:01:17.513, 5, 78919 MiB, 100 %, 613.90 W, 1980 MHz
2026/09/28 00:01:17.513, 6, 78919 MiB, 100 %, 629.91 W, 1980 MHz
2026/09/28 00:01:17.514, 7, 78919 MiB, 100 %, 604.03 W, 1980 MHz
2026/09/28 00:01:18.515, 0, 78919 MiB, 100 %, 605.91 W, 1755 MHz
2026/09/28 00:01:18.516, 1, 78919 MiB, 100 %, 640.54 W, 1980 MHz
2026/09/28 00:01:18.516, 2, 78919 MiB, 100 %, 627.08 W, 1980 MHz
2026/09/28 00:01:18.517, 3, 78919 MiB, 100 %, 626.85 W, 1980 MHz
2026/09/28 00:01:18.518, 4, 78919 MiB, 100 %, 608.01 W, 1980 MHz
2026/09/28 00:01:18.518, 5, 78919 MiB, 100 %, 621.00 W, 1980 MHz
2026/09/28 00:01:18.519, 6, 78919 MiB, 100 %, 635.26 W, 1980 MHz
2026/09/28 00:01:18.519, 7, 78919 MiB, 100 %, 605.84 W, 1980 MHz
2026/09/28 00:01:19.520, 0, 78919 MiB, 100 %, 613.16 W, 1680 MHz
2026/09/28 00:01:19.521, 1, 78919 MiB, 100 %, 642.58 W, 1965 MHz
2026/09/28 00:01:19.522, 2, 78919 MiB, 100 %, 634.52 W, 1965 MHz
2026/09/28 00:01:19.522, 3, 78919 MiB, 100 %, 630.72 W, 1980 MHz
2026/09/28 00:01:19.523, 4, 78919 MiB, 100 %, 624.68 W, 1980 MHz
2026/09/28 00:01:19.524, 5, 78919 MiB, 100 %, 637.27 W, 1965 MHz
2026/09/28 00:01:19.524, 6, 78919 MiB, 100 %, 641.29 W, 1965 MHz
2026/09/28 00:01:19.525, 7, 78919 MiB, 100 %, 622.11 W, 1980 MHz
2026/09/28 00:01:20.526, 0, 78919 MiB, 100 %, 586.73 W, 1500 MHz
2026/09/28 00:01:20.527, 1, 78919 MiB, 100 %, 625.37 W, 1965 MHz
2026/09/28 00:01:20.527, 2, 78919 MiB, 100 %, 628.11 W, 1980 MHz
2026/09/28 00:01:20.528, 3, 78919 MiB, 100 %, 628.49 W, 1980 MHz
2026/09/28 00:01:20.529, 4, 78919 MiB, 100 %, 608.61 W, 1965 MHz
2026/09/28 00:01:20.529, 5, 78919 MiB, 100 %, 625.13 W, 1980 MHz
2026/09/28 00:01:20.530, 6, 78919 MiB, 100 %, 624.18 W, 1965 MHz
2026/09/28 00:01:20.531, 7, 78919 MiB, 100 %, 615.60 W, 1980 MHz
2026/09/28 00:01:21.531, 0, 78919 MiB, 100 %, 581.79 W, 1620 MHz
2026/09/28 00:01:21.532, 1, 78919 MiB, 100 %, 630.11 W, 1965 MHz
2026/09/28 00:01:21.533, 2, 78919 MiB, 100 %, 618.14 W, 1965 MHz
2026/09/28 00:01:21.533, 3, 78919 MiB, 100 %, 616.51 W, 1980 MHz
2026/09/28 00:01:21.534, 4, 78919 MiB, 100 %, 612.05 W, 1980 MHz
2026/09/28 00:01:21.535, 5, 78919 MiB, 100 %, 639.45 W, 1965 MHz
2026/09/28 00:01:21.535, 6, 78919 MiB, 100 %, 625.75 W, 1965 MHz
2026/09/28 00:01:21.536, 7, 78919 MiB, 100 %, 623.61 W, 1965 MHz
2026/09/28 00:01:22.537, 0, 78919 MiB, 100 %, 589.65 W, 1530 MHz
2026/09/28 00:01:22.538, 1, 78919 MiB, 100 %, 638.28 W, 1950 MHz
2026/09/28 00:01:22.539, 2, 78919 MiB, 100 %, 622.72 W, 1965 MHz
2026/09/28 00:01:22.539, 3, 78919 MiB, 100 %, 622.06 W, 1950 MHz
2026/09/28 00:01:22.540, 4, 78919 MiB, 100 %, 610.79 W, 1980 MHz
2026/09/28 00:01:22.541, 5, 78919 MiB, 100 %, 640.11 W, 1965 MHz
2026/09/28 00:01:22.541, 6, 78919 MiB, 100 %, 638.40 W, 1965 MHz
2026/09/28 00:01:22.542, 7, 78919 MiB, 100 %, 623.15 W, 1965 MHz
2026/09/28 00:01:23.543, 0, 78919 MiB, 100 %, 572.87 W, 1470 MHz
2026/09/28 00:01:23.543, 1, 78919 MiB, 100 %, 635.13 W, 1965 MHz
2026/09/28 00:01:23.544, 2, 78919 MiB, 100 %, 624.11 W, 1980 MHz
2026/09/28 00:01:23.545, 3, 78919 MiB, 100 %, 616.90 W, 1965 MHz
2026/09/28 00:01:23.546, 4, 78919 MiB, 100 %, 608.87 W, 1965 MHz
2026/09/28 00:01:23.546, 5, 78919 MiB, 100 %, 629.12 W, 1920 MHz
2026/09/28 00:01:23.547, 6, 78919 MiB, 100 %, 638.56 W, 1980 MHz
2026/09/28 00:01:23.548, 7, 78919 MiB, 100 %, 611.03 W, 1965 MHz
2026/09/28 00:01:24.548, 0, 78919 MiB, 100 %, 561.59 W, 1560 MHz
2026/09/28 00:01:24.549, 1, 78919 MiB, 100 %, 628.11 W, 1965 MHz
2026/09/28 00:01:24.550, 2, 78919 MiB, 100 %, 620.29 W, 1965 MHz
2026/09/28 00:01:24.551, 3, 78919 MiB, 100 %, 617.73 W, 1980 MHz
2026/09/28 00:01:24.552, 4, 78919 MiB, 100 %, 613.68 W, 1965 MHz
2026/09/28 00:01:24.552, 5, 78919 MiB, 100 %, 617.35 W, 1965 MHz
2026/09/28 00:01:24.553, 6, 78919 MiB, 100 %, 629.99 W, 1965 MHz
2026/09/28 00:01:24.554, 7, 78919 MiB, 100 %, 614.07 W, 1980 MHz
2026/09/28 00:01:25.554, 0, 78919 MiB, 100 %, 568.77 W, 1875 MHz
2026/09/28 00:01:25.555, 1, 78919 MiB, 100 %, 590.51 W, 1980 MHz
2026/09/28 00:01:25.556, 2, 78919 MiB, 100 %, 562.29 W, 1980 MHz
2026/09/28 00:01:25.556, 3, 78919 MiB, 100 %, 564.67 W, 1980 MHz
2026/09/28 00:01:25.557, 4, 78919 MiB, 100 %, 552.71 W, 1980 MHz
2026/09/28 00:01:25.558, 5, 78919 MiB, 100 %, 569.76 W, 1980 MHz
2026/09/28 00:01:25.558, 6, 78919 MiB, 100 %, 584.86 W, 1980 MHz
2026/09/28 00:01:25.559, 7, 78919 MiB, 100 %, 561.72 W, 1980 MHz
2026/09/28 00:01:26.560, 0, 78919 MiB, 100 %, 585.78 W, 1875 MHz
2026/09/28 00:01:26.561, 1, 78919 MiB, 100 %, 594.33 W, 1980 MHz
2026/09/28 00:01:26.562, 2, 78919 MiB, 100 %, 562.22 W, 1980 MHz
2026/09/28 00:01:26.562, 3, 78919 MiB, 100 %, 552.52 W, 1980 MHz
2026/09/28 00:01:26.563, 4, 78919 MiB, 100 %, 541.16 W, 1980 MHz
2026/09/28 00:01:26.564, 5, 78919 MiB, 100 %, 553.92 W, 1980 MHz
2026/09/28 00:01:26.564, 6, 78919 MiB, 100 %, 582.56 W, 1980 MHz
2026/09/28 00:01:26.565, 7, 78919 MiB, 100 %, 555.12 W, 1980 MHz
2026/09/28 00:01:27.566, 0, 78919 MiB, 100 %, 588.42 W, 1725 MHz
2026/09/28 00:01:27.566, 1, 78919 MiB, 100 %, 599.90 W, 1980 MHz
2026/09/28 00:01:27.567, 2, 78919 MiB, 100 %, 575.59 W, 1980 MHz
2026/09/28 00:01:27.568, 3, 78919 MiB, 100 %, 574.63 W, 1980 MHz
2026/09/28 00:01:27.568, 4, 78919 MiB, 100 %, 572.30 W, 1980 MHz
2026/09/28 00:01:27.569, 5, 78919 MiB, 100 %, 570.77 W, 1980 MHz
2026/09/28 00:01:27.570, 6, 78919 MiB, 100 %, 595.29 W, 1980 MHz
2026/09/28 00:01:27.570, 7, 78919 MiB, 100 %, 558.62 W, 1980 MHz
2026/09/28 00:01:28.571, 0, 78919 MiB, 100 %, 581.80 W, 1590 MHz
2026/09/28 00:01:28.572, 1, 78919 MiB, 100 %, 615.18 W, 1980 MHz
2026/09/28 00:01:28.572, 2, 78919 MiB, 100 %, 586.51 W, 1980 MHz
2026/09/28 00:01:28.573, 3, 78919 MiB, 100 %, 587.63 W, 1980 MHz
2026/09/28 00:01:28.574, 4, 78919 MiB, 100 %, 570.62 W, 1980 MHz
2026/09/28 00:01:28.575, 5, 78919 MiB, 100 %, 579.66 W, 1980 MHz
2026/09/28 00:01:28.575, 6, 78919 MiB, 100 %, 611.15 W, 1980 MHz
2026/09/28 00:01:28.576, 7, 78919 MiB, 100 %, 577.21 W, 1980 MHz
2026/09/28 00:01:29.577, 0, 78919 MiB, 100 %, 531.80 W, 1665 MHz
2026/09/28 00:01:29.577, 1, 78919 MiB, 100 %, 593.40 W, 1980 MHz
2026/09/28 00:01:29.578, 2, 78919 MiB, 100 %, 590.15 W, 1980 MHz
2026/09/28 00:01:29.579, 3, 78919 MiB, 100 %, 568.60 W, 1980 MHz
2026/09/28 00:01:29.579, 4, 78919 MiB, 100 %, 582.96 W, 1980 MHz
2026/09/28 00:01:29.580, 5, 78919 MiB, 100 %, 597.80 W, 1980 MHz
2026/09/28 00:01:29.581, 6, 78919 MiB, 100 %, 588.02 W, 1980 MHz
2026/09/28 00:01:29.581, 7, 78919 MiB, 100 %, 580.70 W, 1980 MHz
2026/09/28 00:01:30.582, 0, 78919 MiB, 100 %, 538.90 W, 1545 MHz
2026/09/28 00:01:30.583, 1, 78919 MiB, 100 %, 627.85 W, 1980 MHz
2026/09/28 00:01:30.584, 2, 78919 MiB, 100 %, 613.84 W, 1980 MHz
2026/09/28 00:01:30.584, 3, 78919 MiB, 100 %, 588.45 W, 1980 MHz
2026/09/28 00:01:30.585, 4, 78919 MiB, 100 %, 590.53 W, 1980 MHz
2026/09/28 00:01:30.586, 5, 78919 MiB, 100 %, 598.37 W, 1980 MHz
2026/09/28 00:01:30.586, 6, 78919 MiB, 100 %, 620.18 W, 1980 MHz
2026/09/28 00:01:30.587, 7, 78919 MiB, 100 %, 580.20 W, 1980 MHz
2026/09/28 00:01:31.588, 0, 78919 MiB, 100 %, 537.17 W, 1575 MHz
2026/09/28 00:01:31.589, 1, 78919 MiB, 100 %, 616.06 W, 1980 MHz
2026/09/28 00:01:31.589, 2, 78919 MiB, 100 %, 606.20 W, 1980 MHz
2026/09/28 00:01:31.590, 3, 78919 MiB, 100 %, 591.10 W, 1980 MHz
2026/09/28 00:01:31.591, 4, 78919 MiB, 100 %, 577.69 W, 1980 MHz
2026/09/28 00:01:31.591, 5, 78919 MiB, 100 %, 600.82 W, 1980 MHz
2026/09/28 00:01:31.592, 6, 78919 MiB, 100 %, 607.01 W, 1980 MHz
2026/09/28 00:01:31.593, 7, 78919 MiB, 100 %, 586.35 W, 1980 MHz
2026/09/28 00:01:32.593, 0, 78919 MiB, 100 %, 552.62 W, 1590 MHz
2026/09/28 00:01:32.594, 1, 78919 MiB, 100 %, 622.03 W, 1980 MHz
2026/09/28 00:01:32.595, 2, 78919 MiB, 100 %, 606.44 W, 1980 MHz
2026/09/28 00:01:32.596, 3, 78919 MiB, 100 %, 609.52 W, 1980 MHz
2026/09/28 00:01:32.596, 4, 78919 MiB, 100 %, 585.07 W, 1980 MHz
2026/09/28 00:01:32.597, 5, 78919 MiB, 100 %, 615.63 W, 1980 MHz
2026/09/28 00:01:32.598, 6, 78919 MiB, 100 %, 615.08 W, 1980 MHz
2026/09/28 00:01:32.598, 7, 78919 MiB, 100 %, 598.63 W, 1980 MHz
2026/09/28 00:01:33.599, 0, 78919 MiB, 100 %, 553.27 W, 1455 MHz
2026/09/28 00:01:33.600, 1, 78919 MiB, 100 %, 623.53 W, 1980 MHz
2026/09/28 00:01:33.601, 2, 78919 MiB, 100 %, 609.10 W, 1980 MHz
2026/09/28 00:01:33.601, 3, 78919 MiB, 100 %, 604.22 W, 1980 MHz
2026/09/28 00:01:33.602, 4, 78919 MiB, 100 %, 597.54 W, 1980 MHz
2026/09/28 00:01:33.603, 5, 78919 MiB, 100 %, 615.07 W, 1965 MHz
2026/09/28 00:01:33.603, 6, 78919 MiB, 100 %, 620.36 W, 1965 MHz
2026/09/28 00:01:33.604, 7, 78919 MiB, 100 %, 599.50 W, 1980 MHz
2026/09/28 00:01:34.605, 0, 78919 MiB, 100 %, 527.97 W, 1440 MHz
2026/09/28 00:01:34.606, 1, 78919 MiB, 100 %, 620.06 W, 1980 MHz
2026/09/28 00:01:34.606, 2, 78919 MiB, 100 %, 597.89 W, 1980 MHz
2026/09/28 00:01:34.607, 3, 78919 MiB, 100 %, 605.56 W, 1980 MHz
2026/09/28 00:01:34.608, 4, 78919 MiB, 100 %, 581.80 W, 1980 MHz
2026/09/28 00:01:34.608, 5, 78919 MiB, 100 %, 611.34 W, 1965 MHz
2026/09/28 00:01:34.609, 6, 78919 MiB, 100 %, 614.68 W, 1965 MHz
2026/09/28 00:01:34.610, 7, 78919 MiB, 100 %, 593.60 W, 1980 MHz
2026/09/28 00:01:35.610, 0, 78919 MiB, 100 %, 540.89 W, 1545 MHz
2026/09/28 00:01:35.611, 1, 78919 MiB, 100 %, 623.73 W, 1980 MHz
2026/09/28 00:01:35.612, 2, 78919 MiB, 100 %, 611.02 W, 1965 MHz
2026/09/28 00:01:35.613, 3, 78919 MiB, 100 %, 606.40 W, 1965 MHz
2026/09/28 00:01:35.613, 4, 78919 MiB, 100 %, 595.90 W, 1965 MHz
2026/09/28 00:01:35.614, 5, 78919 MiB, 100 %, 612.80 W, 1980 MHz
2026/09/28 00:01:35.615, 6, 78919 MiB, 100 %, 623.15 W, 1965 MHz
2026/09/28 00:01:35.615, 7, 78919 MiB, 100 %, 606.57 W, 1980 MHz
2026/09/28 00:01:36.616, 0, 78919 MiB, 100 %, 547.71 W, 1620 MHz
2026/09/28 00:01:36.617, 1, 78919 MiB, 100 %, 619.59 W, 1965 MHz
2026/09/28 00:01:36.618, 2, 78919 MiB, 100 %, 630.90 W, 1950 MHz
2026/09/28 00:01:36.618, 3, 78919 MiB, 100 %, 615.31 W, 1980 MHz
2026/09/28 00:01:36.619, 4, 78919 MiB, 100 %, 603.16 W, 1980 MHz
2026/09/28 00:01:36.620, 5, 78919 MiB, 100 %, 624.51 W, 1965 MHz
2026/09/28 00:01:36.620, 6, 78919 MiB, 100 %, 622.93 W, 1965 MHz
2026/09/28 00:01:36.621, 7, 78919 MiB, 100 %, 615.22 W, 1965 MHz
2026/09/28 00:01:37.622, 0, 78919 MiB, 100 %, 523.73 W, 1425 MHz
2026/09/28 00:01:37.623, 1, 78919 MiB, 100 %, 627.26 W, 1965 MHz
2026/09/28 00:01:37.623, 2, 78919 MiB, 100 %, 617.53 W, 1980 MHz
2026/09/28 00:01:37.624, 3, 78919 MiB, 100 %, 607.62 W, 1980 MHz
2026/09/28 00:01:37.625, 4, 78919 MiB, 100 %, 600.17 W, 1980 MHz
2026/09/28 00:01:37.625, 5, 78919 MiB, 100 %, 620.16 W, 1965 MHz
2026/09/28 00:01:37.626, 6, 78919 MiB, 100 %, 621.78 W, 1965 MHz
2026/09/28 00:01:37.627, 7, 78919 MiB, 100 %, 615.06 W, 1980 MHz
2026/09/28 00:01:38.627, 0, 78919 MiB, 100 %, 535.43 W, 1455 MHz
2026/09/28 00:01:38.628, 1, 78919 MiB, 100 %, 623.93 W, 1965 MHz
2026/09/28 00:01:38.629, 2, 78919 MiB, 100 %, 619.33 W, 1965 MHz
2026/09/28 00:01:38.630, 3, 78919 MiB, 100 %, 612.97 W, 1965 MHz
2026/09/28 00:01:38.631, 4, 78919 MiB, 100 %, 606.43 W, 1980 MHz
2026/09/28 00:01:38.631, 5, 78919 MiB, 100 %, 622.95 W, 1965 MHz
2026/09/28 00:01:38.632, 6, 78919 MiB, 100 %, 624.50 W, 1950 MHz
2026/09/28 00:01:38.633, 7, 78919 MiB, 100 %, 605.11 W, 1965 MHz
2026/09/28 00:01:39.633, 0, 78919 MiB, 100 %, 540.38 W, 1800 MHz
2026/09/28 00:01:39.634, 1, 78919 MiB, 100 %, 606.97 W, 1980 MHz
2026/09/28 00:01:39.635, 2, 78919 MiB, 100 %, 594.65 W, 1980 MHz
2026/09/28 00:01:39.636, 3, 78919 MiB, 100 %, 576.50 W, 1980 MHz
2026/09/28 00:01:39.636, 4, 78919 MiB, 100 %, 568.97 W, 1980 MHz
2026/09/28 00:01:39.637, 5, 78919 MiB, 100 %, 591.43 W, 1980 MHz
2026/09/28 00:01:39.638, 6, 78919 MiB, 100 %, 599.43 W, 1980 MHz
2026/09/28 00:01:39.639, 7, 78919 MiB, 100 %, 574.09 W, 1980 MHz
2026/09/28 00:01:40.639, 0, 78919 MiB, 100 %, 552.04 W, 1710 MHz
2026/09/28 00:01:40.640, 1, 78919 MiB, 100 %, 574.30 W, 1980 MHz
2026/09/28 00:01:40.641, 2, 78919 MiB, 100 %, 554.72 W, 1980 MHz
2026/09/28 00:01:40.642, 3, 78919 MiB, 100 %, 550.21 W, 1980 MHz
2026/09/28 00:01:40.643, 4, 78919 MiB, 100 %, 545.70 W, 1980 MHz
2026/09/28 00:01:40.643, 5, 78919 MiB, 100 %, 551.25 W, 1980 MHz
2026/09/28 00:01:40.644, 6, 78919 MiB, 100 %, 584.26 W, 1980 MHz
2026/09/28 00:01:40.644, 7, 78919 MiB, 100 %, 540.84 W, 1980 MHz
2026/09/28 00:01:41.645, 0, 78919 MiB, 100 %, 551.76 W, 1815 MHz
2026/09/28 00:01:41.646, 1, 78919 MiB, 100 %, 584.18 W, 1980 MHz
2026/09/28 00:01:41.647, 2, 78919 MiB, 100 %, 571.29 W, 1980 MHz
2026/09/28 00:01:41.648, 3, 78919 MiB, 100 %, 564.91 W, 1980 MHz
2026/09/28 00:01:41.648, 4, 78919 MiB, 100 %, 557.72 W, 1980 MHz
2026/09/28 00:01:41.649, 5, 78919 MiB, 100 %, 564.90 W, 1980 MHz
2026/09/28 00:01:41.650, 6, 78919 MiB, 100 %, 585.38 W, 1980 MHz
2026/09/28 00:01:41.650, 7, 78919 MiB, 100 %, 558.53 W, 1980 MHz
2026/09/28 00:01:42.651, 0, 78919 MiB, 100 %, 533.55 W, 1605 MHz
2026/09/28 00:01:42.652, 1, 78919 MiB, 100 %, 584.54 W, 1980 MHz
2026/09/28 00:01:42.653, 2, 78919 MiB, 100 %, 569.51 W, 1980 MHz
2026/09/28 00:01:42.654, 3, 78919 MiB, 100 %, 572.46 W, 1980 MHz
2026/09/28 00:01:42.655, 4, 78919 MiB, 100 %, 556.95 W, 1980 MHz
2026/09/28 00:01:42.655, 5, 78919 MiB, 100 %, 576.26 W, 1980 MHz
2026/09/28 00:01:42.656, 6, 78919 MiB, 100 %, 582.30 W, 1980 MHz
2026/09/28 00:01:42.657, 7, 78919 MiB, 100 %, 570.00 W, 1980 MHz
2026/09/28 00:01:43.657, 0, 78919 MiB, 100 %, 543.41 W, 1545 MHz
2026/09/28 00:01:43.658, 1, 78919 MiB, 100 %, 584.81 W, 1980 MHz
2026/09/28 00:01:43.661, 2, 78919 MiB, 100 %, 581.90 W, 1980 MHz
2026/09/28 00:01:43.662, 3, 78919 MiB, 100 %, 575.98 W, 1980 MHz
2026/09/28 00:01:43.664, 4, 78919 MiB, 100 %, 567.41 W, 1980 MHz
2026/09/28 00:01:43.666, 5, 78919 MiB, 100 %, 593.05 W, 1980 MHz
2026/09/28 00:01:43.667, 6, 78919 MiB, 100 %, 585.63 W, 1980 MHz
2026/09/28 00:01:43.668, 7, 78919 MiB, 100 %, 583.07 W, 1980 MHz
2026/09/28 00:01:44.670, 0, 78919 MiB, 100 %, 547.55 W, 1650 MHz
2026/09/28 00:01:44.671, 1, 78919 MiB, 100 %, 615.04 W, 1980 MHz
2026/09/28 00:01:44.672, 2, 78919 MiB, 100 %, 606.34 W, 1980 MHz
2026/09/28 00:01:44.673, 3, 78919 MiB, 100 %, 572.62 W, 1980 MHz
2026/09/28 00:01:44.674, 4, 78919 MiB, 100 %, 594.12 W, 1980 MHz
2026/09/28 00:01:44.674, 5, 78919 MiB, 100 %, 595.51 W, 1980 MHz
2026/09/28 00:01:44.675, 6, 78919 MiB, 100 %, 612.96 W, 1980 MHz
2026/09/28 00:01:44.676, 7, 78919 MiB, 100 %, 585.69 W, 1980 MHz
2026/09/28 00:01:45.676, 0, 78919 MiB, 100 %, 551.71 W, 1545 MHz
2026/09/28 00:01:45.677, 1, 78919 MiB, 100 %, 618.17 W, 1980 MHz
2026/09/28 00:01:45.678, 2, 78919 MiB, 100 %, 607.69 W, 1980 MHz
2026/09/28 00:01:45.679, 3, 78919 MiB, 100 %, 594.40 W, 1980 MHz
2026/09/28 00:01:45.679, 4, 78919 MiB, 100 %, 603.81 W, 1980 MHz
2026/09/28 00:01:45.680, 5, 78919 MiB, 100 %, 616.99 W, 1980 MHz
2026/09/28 00:01:45.681, 6, 78919 MiB, 100 %, 614.16 W, 1980 MHz
2026/09/28 00:01:45.681, 7, 78919 MiB, 100 %, 581.81 W, 1980 MHz
2026/09/28 00:01:46.682, 0, 78919 MiB, 100 %, 531.88 W, 1425 MHz
2026/09/28 00:01:46.683, 1, 78919 MiB, 100 %, 610.07 W, 1980 MHz
2026/09/28 00:01:46.684, 2, 78919 MiB, 100 %, 603.96 W, 1980 MHz
2026/09/28 00:01:46.685, 3, 78919 MiB, 100 %, 598.91 W, 1980 MHz
2026/09/28 00:01:46.685, 4, 78919 MiB, 100 %, 578.84 W, 1980 MHz
2026/09/28 00:01:46.686, 5, 78919 MiB, 100 %, 611.18 W, 1980 MHz
2026/09/28 00:01:46.687, 6, 78919 MiB, 100 %, 608.08 W, 1980 MHz
2026/09/28 00:01:46.687, 7, 78919 MiB, 100 %, 601.04 W, 1980 MHz
2026/09/28 00:01:47.688, 0, 78919 MiB, 100 %, 530.60 W, 1425 MHz
2026/09/28 00:01:47.690, 1, 78919 MiB, 100 %, 619.14 W, 1980 MHz
2026/09/28 00:01:47.690, 2, 78919 MiB, 100 %, 612.16 W, 1980 MHz
2026/09/28 00:01:47.691, 3, 78919 MiB, 100 %, 603.18 W, 1980 MHz
2026/09/28 00:01:47.692, 4, 78919 MiB, 100 %, 593.92 W, 1980 MHz
2026/09/28 00:01:47.692, 5, 78919 MiB, 100 %, 613.91 W, 1980 MHz
2026/09/28 00:01:47.693, 6, 78919 MiB, 100 %, 620.59 W, 1980 MHz
2026/09/28 00:01:47.694, 7, 78919 MiB, 100 %, 599.33 W, 1980 MHz
2026/09/28 00:01:48.695, 0, 78919 MiB, 100 %, 531.32 W, 1500 MHz
2026/09/28 00:01:48.696, 1, 78919 MiB, 100 %, 618.99 W, 1965 MHz
2026/09/28 00:01:48.696, 2, 78919 MiB, 100 %, 611.50 W, 1980 MHz
2026/09/28 00:01:48.697, 3, 78919 MiB, 100 %, 606.32 W, 1980 MHz
2026/09/28 00:01:48.698, 4, 78919 MiB, 100 %, 596.20 W, 1980 MHz
2026/09/28 00:01:48.698, 5, 78919 MiB, 100 %, 614.06 W, 1965 MHz
2026/09/28 00:01:48.699, 6, 78919 MiB, 100 %, 617.03 W, 1980 MHz
2026/09/28 00:01:48.700, 7, 78919 MiB, 100 %, 604.72 W, 1980 MHz
2026/09/28 00:01:49.700, 0, 78919 MiB, 100 %, 538.46 W, 1440 MHz
2026/09/28 00:01:49.701, 1, 78919 MiB, 100 %, 624.67 W, 1980 MHz
2026/09/28 00:01:49.702, 2, 78919 MiB, 100 %, 611.49 W, 1980 MHz
2026/09/28 00:01:49.703, 3, 78919 MiB, 100 %, 609.44 W, 1965 MHz
2026/09/28 00:01:49.703, 4, 78919 MiB, 100 %, 603.66 W, 1980 MHz
2026/09/28 00:01:49.704, 5, 78919 MiB, 100 %, 622.16 W, 1980 MHz
2026/09/28 00:01:49.705, 6, 78919 MiB, 100 %, 620.16 W, 1980 MHz
2026/09/28 00:01:49.705, 7, 78919 MiB, 100 %, 608.18 W, 1980 MHz
2026/09/28 00:01:50.706, 0, 78919 MiB, 100 %, 510.34 W, 1440 MHz
2026/09/28 00:01:50.707, 1, 78919 MiB, 100 %, 613.40 W, 1950 MHz
2026/09/28 00:01:50.708, 2, 78919 MiB, 100 %, 611.26 W, 1965 MHz
2026/09/28 00:01:50.708, 3, 78919 MiB, 100 %, 598.03 W, 1980 MHz
2026/09/28 00:01:50.709, 4, 78919 MiB, 100 %, 590.03 W, 1965 MHz
2026/09/28 00:01:50.710, 5, 78919 MiB, 100 %, 608.45 W, 1980 MHz
2026/09/28 00:01:50.710, 6, 78919 MiB, 100 %, 608.78 W, 1980 MHz
2026/09/28 00:01:50.711, 7, 78919 MiB, 100 %, 590.89 W, 1980 MHz
2026/09/28 00:01:51.712, 0, 78919 MiB, 100 %, 516.13 W, 1425 MHz
2026/09/28 00:01:51.713, 1, 78919 MiB, 100 %, 618.90 W, 1965 MHz
2026/09/28 00:01:51.714, 2, 78919 MiB, 100 %, 609.52 W, 1965 MHz
2026/09/28 00:01:51.714, 3, 78919 MiB, 100 %, 602.91 W, 1965 MHz
2026/09/28 00:01:51.715, 4, 78919 MiB, 100 %, 596.10 W, 1980 MHz
2026/09/28 00:01:51.716, 5, 78919 MiB, 100 %, 618.74 W, 1980 MHz
2026/09/28 00:01:51.717, 6, 78919 MiB, 100 %, 611.65 W, 1965 MHz
2026/09/28 00:01:51.717, 7, 78919 MiB, 100 %, 599.10 W, 1965 MHz
2026/09/28 00:01:52.718, 0, 78919 MiB, 100 %, 528.35 W, 1500 MHz
2026/09/28 00:01:52.719, 1, 78919 MiB, 100 %, 618.22 W, 1980 MHz
2026/09/28 00:01:52.720, 2, 78919 MiB, 100 %, 610.88 W, 1965 MHz
2026/09/28 00:01:52.721, 3, 78919 MiB, 100 %, 603.29 W, 1980 MHz
2026/09/28 00:01:52.721, 4, 78919 MiB, 100 %, 600.97 W, 1965 MHz
2026/09/28 00:01:52.722, 5, 78919 MiB, 100 %, 616.10 W, 1965 MHz
2026/09/28 00:01:52.723, 6, 78919 MiB, 100 %, 611.78 W, 1965 MHz
2026/09/28 00:01:52.723, 7, 78919 MiB, 100 %, 607.02 W, 1965 MHz
2026/09/28 00:01:53.724, 0, 78919 MiB, 100 %, 538.95 W, 1620 MHz
2026/09/28 00:01:53.725, 1, 78919 MiB, 100 %, 617.86 W, 1965 MHz
2026/09/28 00:01:53.726, 2, 78919 MiB, 100 %, 615.79 W, 1965 MHz
2026/09/28 00:01:53.727, 3, 78919 MiB, 100 %, 608.66 W, 1965 MHz
2026/09/28 00:01:53.727, 4, 78919 MiB, 100 %, 602.75 W, 1965 MHz
2026/09/28 00:01:53.728, 5, 78919 MiB, 100 %, 616.61 W, 1965 MHz
2026/09/28 00:01:53.729, 6, 78919 MiB, 100 %, 617.16 W, 1965 MHz
2026/09/28 00:01:53.729, 7, 78919 MiB, 100 %, 611.54 W, 1965 MHz
2026/09/28 00:01:54.730, 0, 78919 MiB, 100 %, 541.85 W, 1680 MHz
2026/09/28 00:01:54.731, 1, 78919 MiB, 100 %, 575.62 W, 1980 MHz
2026/09/28 00:01:54.732, 2, 78919 MiB, 100 %, 553.03 W, 1980 MHz
2026/09/28 00:01:54.733, 3, 78919 MiB, 100 %, 546.29 W, 1980 MHz
2026/09/28 00:01:54.733, 4, 78919 MiB, 100 %, 535.19 W, 1980 MHz
2026/09/28 00:01:54.734, 5, 78919 MiB, 100 %, 553.19 W, 1980 MHz
2026/09/28 00:01:54.735, 6, 78919 MiB, 100 %, 568.19 W, 1980 MHz
2026/09/28 00:01:54.735, 7, 78919 MiB, 100 %, 543.12 W, 1980 MHz
2026/09/28 00:01:55.736, 0, 78919 MiB, 100 %, 545.80 W, 1740 MHz
2026/09/28 00:01:55.737, 1, 78919 MiB, 100 %, 580.55 W, 1980 MHz
2026/09/28 00:01:55.738, 2, 78919 MiB, 100 %, 554.47 W, 1980 MHz
2026/09/28 00:01:55.738, 3, 78919 MiB, 100 %, 554.64 W, 1980 MHz
2026/09/28 00:01:55.739, 4, 78919 MiB, 100 %, 541.94 W, 1980 MHz
2026/09/28 00:01:55.740, 5, 78919 MiB, 100 %, 552.38 W, 1980 MHz
2026/09/28 00:01:55.740, 6, 78919 MiB, 100 %, 569.31 W, 1980 MHz
2026/09/28 00:01:55.741, 7, 78919 MiB, 100 %, 554.96 W, 1980 MHz
2026/09/28 00:01:56.742, 0, 78919 MiB, 100 %, 544.90 W, 1770 MHz
2026/09/28 00:01:56.743, 1, 78919 MiB, 100 %, 603.82 W, 1980 MHz
2026/09/28 00:01:56.744, 2, 78919 MiB, 100 %, 575.56 W, 1980 MHz
2026/09/28 00:01:56.744, 3, 78919 MiB, 100 %, 566.65 W, 1980 MHz
2026/09/28 00:01:56.745, 4, 78919 MiB, 100 %, 569.67 W, 1980 MHz
2026/09/28 00:01:56.746, 5, 78919 MiB, 100 %, 577.50 W, 1980 MHz
2026/09/28 00:01:56.746, 6, 78919 MiB, 100 %, 597.98 W, 1980 MHz
2026/09/28 00:01:56.747, 7, 78919 MiB, 100 %, 559.34 W, 1980 MHz
2026/09/28 00:01:57.748, 0, 78919 MiB, 100 %, 543.49 W, 1605 MHz
2026/09/28 00:01:57.749, 1, 78919 MiB, 100 %, 597.87 W, 1980 MHz
2026/09/28 00:01:57.750, 2, 78919 MiB, 100 %, 583.88 W, 1980 MHz
2026/09/28 00:01:57.750, 3, 78919 MiB, 100 %, 576.51 W, 1980 MHz
2026/09/28 00:01:57.751, 4, 78919 MiB, 100 %, 565.52 W, 1980 MHz
2026/09/28 00:01:57.752, 5, 78919 MiB, 100 %, 586.95 W, 1980 MHz
2026/09/28 00:01:57.752, 6, 78919 MiB, 100 %, 586.78 W, 1980 MHz
2026/09/28 00:01:57.753, 7, 78919 MiB, 100 %, 580.91 W, 1980 MHz
2026/09/28 00:01:58.754, 0, 78919 MiB, 100 %, 559.76 W, 1605 MHz
2026/09/28 00:01:58.755, 1, 78919 MiB, 100 %, 616.39 W, 1980 MHz
2026/09/28 00:01:58.755, 2, 78919 MiB, 100 %, 573.24 W, 1980 MHz
2026/09/28 00:01:58.756, 3, 78919 MiB, 100 %, 602.79 W, 1980 MHz
2026/09/28 00:01:58.757, 4, 78919 MiB, 100 %, 554.91 W, 1980 MHz
2026/09/28 00:01:58.757, 5, 78919 MiB, 100 %, 586.53 W, 1980 MHz
2026/09/28 00:01:58.758, 6, 78919 MiB, 100 %, 600.38 W, 1980 MHz
2026/09/28 00:01:58.759, 7, 78919 MiB, 100 %, 595.73 W, 1980 MHz
2026/09/28 00:01:59.759, 0, 78919 MiB, 100 %, 557.69 W, 1500 MHz
2026/09/28 00:01:59.760, 1, 78919 MiB, 100 %, 635.67 W, 1980 MHz
2026/09/28 00:01:59.761, 2, 78919 MiB, 100 %, 610.73 W, 1980 MHz
2026/09/28 00:01:59.762, 3, 78919 MiB, 100 %, 611.02 W, 1980 MHz
2026/09/28 00:01:59.763, 4, 78919 MiB, 100 %, 584.98 W, 1980 MHz
2026/09/28 00:01:59.763, 5, 78919 MiB, 100 %, 587.85 W, 1980 MHz
2026/09/28 00:01:59.764, 6, 78919 MiB, 100 %, 639.46 W, 1980 MHz
2026/09/28 00:01:59.764, 7, 78919 MiB, 100 %, 578.58 W, 1980 MHz
2026/09/28 00:02:00.765, 0, 78919 MiB, 100 %, 540.27 W, 1515 MHz
2026/09/28 00:02:00.766, 1, 78919 MiB, 100 %, 612.09 W, 1965 MHz
2026/09/28 00:02:00.767, 2, 78919 MiB, 100 %, 606.71 W, 1980 MHz
2026/09/28 00:02:00.768, 3, 78919 MiB, 100 %, 596.86 W, 1980 MHz
2026/09/28 00:02:00.769, 4, 78919 MiB, 100 %, 592.26 W, 1980 MHz
2026/09/28 00:02:00.769, 5, 78919 MiB, 100 %, 604.72 W, 1980 MHz
2026/09/28 00:02:00.770, 6, 78919 MiB, 100 %, 612.65 W, 1980 MHz
2026/09/28 00:02:00.771, 7, 78919 MiB, 100 %, 596.90 W, 1980 MHz
2026/09/28 00:02:01.772, 0, 78919 MiB, 100 %, 550.13 W, 1560 MHz
2026/09/28 00:02:01.773, 1, 78919 MiB, 100 %, 625.11 W, 1980 MHz
2026/09/28 00:02:01.774, 2, 78919 MiB, 100 %, 610.28 W, 1980 MHz
2026/09/28 00:02:01.775, 3, 78919 MiB, 100 %, 603.48 W, 1980 MHz
2026/09/28 00:02:01.775, 4, 78919 MiB, 100 %, 600.79 W, 1980 MHz
2026/09/28 00:02:01.776, 5, 78919 MiB, 100 %, 613.66 W, 1980 MHz
2026/09/28 00:02:01.777, 6, 78919 MiB, 100 %, 622.65 W, 1980 MHz
2026/09/28 00:02:01.778, 7, 78919 MiB, 100 %, 600.35 W, 1980 MHz
2026/09/28 00:02:02.778, 0, 78919 MiB, 100 %, 551.01 W, 1515 MHz
2026/09/28 00:02:02.779, 1, 78919 MiB, 100 %, 623.49 W, 1980 MHz
2026/09/28 00:02:02.780, 2, 78919 MiB, 100 %, 617.47 W, 1980 MHz
2026/09/28 00:02:02.781, 3, 78919 MiB, 100 %, 610.31 W, 1980 MHz
2026/09/28 00:02:02.782, 4, 78919 MiB, 100 %, 602.15 W, 1980 MHz
2026/09/28 00:02:02.783, 5, 78919 MiB, 100 %, 621.61 W, 1965 MHz
2026/09/28 00:02:02.783, 6, 78919 MiB, 100 %, 622.14 W, 1980 MHz
2026/09/28 00:02:02.784, 7, 78919 MiB, 100 %, 604.52 W, 1980 MHz
2026/09/28 00:02:03.785, 0, 78919 MiB, 100 %, 556.40 W, 1500 MHz
2026/09/28 00:02:03.786, 1, 78919 MiB, 100 %, 622.93 W, 1980 MHz
2026/09/28 00:02:03.786, 2, 78919 MiB, 100 %, 618.78 W, 1980 MHz
2026/09/28 00:02:03.787, 3, 78919 MiB, 100 %, 613.11 W, 1965 MHz
2026/09/28 00:02:03.788, 4, 78919 MiB, 100 %, 604.48 W, 1980 MHz
2026/09/28 00:02:03.789, 5, 78919 MiB, 100 %, 626.07 W, 1980 MHz
2026/09/28 00:02:03.789, 6, 78919 MiB, 100 %, 624.99 W, 1965 MHz
2026/09/28 00:02:03.790, 7, 78919 MiB, 100 %, 606.04 W, 1980 MHz
2026/09/28 00:02:04.791, 0, 78919 MiB, 100 %, 528.82 W, 1410 MHz
2026/09/28 00:02:04.792, 1, 78919 MiB, 100 %, 615.74 W, 1980 MHz
2026/09/28 00:02:04.792, 2, 78919 MiB, 100 %, 616.07 W, 1965 MHz
2026/09/28 00:02:04.793, 3, 78919 MiB, 100 %, 598.89 W, 1965 MHz
2026/09/28 00:02:04.794, 4, 78919 MiB, 100 %, 599.84 W, 1980 MHz
2026/09/28 00:02:04.795, 5, 78919 MiB, 100 %, 618.67 W, 1965 MHz
2026/09/28 00:02:04.795, 6, 78919 MiB, 100 %, 623.46 W, 1965 MHz
2026/09/28 00:02:04.796, 7, 78919 MiB, 100 %, 605.41 W, 1980 MHz
2026/09/28 00:02:05.797, 0, 78919 MiB, 100 %, 528.80 W, 1395 MHz
2026/09/28 00:02:05.798, 1, 78919 MiB, 100 %, 616.82 W, 1965 MHz
2026/09/28 00:02:05.799, 2, 78919 MiB, 100 %, 606.99 W, 1965 MHz
2026/09/28 00:02:05.799, 3, 78919 MiB, 100 %, 602.98 W, 1965 MHz
2026/09/28 00:02:05.800, 4, 78919 MiB, 100 %, 600.42 W, 1980 MHz
2026/09/28 00:02:05.801, 5, 78919 MiB, 100 %, 617.77 W, 1965 MHz
2026/09/28 00:02:05.801, 6, 78919 MiB, 100 %, 614.03 W, 1965 MHz
2026/09/28 00:02:05.802, 7, 78919 MiB, 100 %, 599.52 W, 1965 MHz
2026/09/28 00:02:06.803, 0, 78919 MiB, 100 %, 527.78 W, 1425 MHz
2026/09/28 00:02:06.804, 1, 78919 MiB, 100 %, 621.86 W, 1965 MHz
2026/09/28 00:02:06.805, 2, 78919 MiB, 100 %, 614.55 W, 1965 MHz
2026/09/28 00:02:06.805, 3, 78919 MiB, 100 %, 607.11 W, 1980 MHz
2026/09/28 00:02:06.806, 4, 78919 MiB, 100 %, 605.92 W, 1965 MHz
2026/09/28 00:02:06.807, 5, 78919 MiB, 100 %, 625.07 W, 1980 MHz
2026/09/28 00:02:06.807, 6, 78919 MiB, 100 %, 619.43 W, 1950 MHz
2026/09/28 00:02:06.808, 7, 78919 MiB, 100 %, 605.63 W, 1980 MHz
2026/09/28 00:02:07.808, 0, 78919 MiB, 100 %, 471.89 W, 1335 MHz
2026/09/28 00:02:07.810, 1, 78919 MiB, 100 %, 592.79 W, 1965 MHz
2026/09/28 00:02:07.811, 2, 78919 MiB, 100 %, 597.08 W, 1950 MHz
2026/09/28 00:02:07.812, 3, 78919 MiB, 100 %, 602.41 W, 1965 MHz
2026/09/28 00:02:07.812, 4, 78919 MiB, 100 %, 586.43 W, 1980 MHz
2026/09/28 00:02:07.813, 5, 78919 MiB, 100 %, 597.24 W, 1950 MHz
2026/09/28 00:02:07.814, 6, 78919 MiB, 100 %, 598.46 W, 1965 MHz
2026/09/28 00:02:07.814, 7, 78919 MiB, 100 %, 591.83 W, 1980 MHz
2026/09/28 00:02:08.815, 0, 78919 MiB, 100 %, 480.41 W, 1695 MHz
2026/09/28 00:02:08.816, 1, 78919 MiB, 100 %, 582.63 W, 1980 MHz
2026/09/28 00:02:08.817, 2, 78919 MiB, 100 %, 570.28 W, 1980 MHz
2026/09/28 00:02:08.818, 3, 78919 MiB, 100 %, 557.26 W, 1980 MHz
2026/09/28 00:02:08.818, 4, 78919 MiB, 100 %, 564.65 W, 1980 MHz
2026/09/28 00:02:08.819, 5, 78919 MiB, 100 %, 577.69 W, 1980 MHz
2026/09/28 00:02:08.820, 6, 78919 MiB, 100 %, 570.36 W, 1980 MHz
2026/09/28 00:02:08.820, 7, 78919 MiB, 100 %, 567.34 W, 1980 MHz
2026/09/28 00:02:09.821, 0, 78919 MiB, 100 %, 510.09 W, 1695 MHz
2026/09/28 00:02:09.822, 1, 78919 MiB, 100 %, 562.20 W, 1980 MHz
2026/09/28 00:02:09.823, 2, 78919 MiB, 100 %, 556.52 W, 1980 MHz
2026/09/28 00:02:09.823, 3, 78919 MiB, 100 %, 540.59 W, 1980 MHz
2026/09/28 00:02:09.824, 4, 78919 MiB, 100 %, 535.57 W, 1980 MHz
2026/09/28 00:02:09.825, 5, 78919 MiB, 100 %, 544.54 W, 1980 MHz
2026/09/28 00:02:09.825, 6, 78919 MiB, 100 %, 564.79 W, 1980 MHz
2026/09/28 00:02:09.826, 7, 78919 MiB, 100 %, 544.87 W, 1980 MHz
2026/09/28 00:02:10.826, 0, 78919 MiB, 100 %, 529.61 W, 1725 MHz
2026/09/28 00:02:10.828, 1, 78919 MiB, 100 %, 586.52 W, 1980 MHz
2026/09/28 00:02:10.829, 2, 78919 MiB, 100 %, 555.45 W, 1980 MHz
2026/09/28 00:02:10.829, 3, 78919 MiB, 100 %, 560.26 W, 1980 MHz
2026/09/28 00:02:10.830, 4, 78919 MiB, 100 %, 547.24 W, 1980 MHz
2026/09/28 00:02:10.831, 5, 78919 MiB, 100 %, 555.88 W, 1980 MHz
2026/09/28 00:02:10.831, 6, 78919 MiB, 100 %, 584.83 W, 1980 MHz
2026/09/28 00:02:10.832, 7, 78919 MiB, 100 %, 554.97 W, 1980 MHz
2026/09/28 00:02:11.833, 0, 78919 MiB, 100 %, 537.88 W, 1620 MHz
2026/09/28 00:02:11.834, 1, 78919 MiB, 100 %, 599.09 W, 1980 MHz
2026/09/28 00:02:11.835, 2, 78919 MiB, 100 %, 573.46 W, 1980 MHz
2026/09/28 00:02:11.835, 3, 78919 MiB, 100 %, 566.90 W, 1980 MHz
2026/09/28 00:02:11.836, 4, 78919 MiB, 100 %, 562.95 W, 1980 MHz
2026/09/28 00:02:11.837, 5, 78919 MiB, 100 %, 579.52 W, 1980 MHz
2026/09/28 00:02:11.837, 6, 78919 MiB, 100 %, 586.22 W, 1980 MHz
2026/09/28 00:02:11.838, 7, 78919 MiB, 100 %, 573.38 W, 1980 MHz
2026/09/28 00:02:12.839, 0, 78919 MiB, 100 %, 543.98 W, 1755 MHz
2026/09/28 00:02:12.840, 1, 78919 MiB, 100 %, 616.76 W, 1980 MHz
2026/09/28 00:02:12.840, 2, 78919 MiB, 100 %, 595.02 W, 1980 MHz
2026/09/28 00:02:12.841, 3, 78919 MiB, 100 %, 589.95 W, 1980 MHz
2026/09/28 00:02:12.842, 4, 78919 MiB, 100 %, 564.46 W, 1980 MHz
2026/09/28 00:02:12.842, 5, 78919 MiB, 100 %, 595.47 W, 1980 MHz
2026/09/28 00:02:12.843, 6, 78919 MiB, 100 %, 606.25 W, 1980 MHz
2026/09/28 00:02:12.844, 7, 78919 MiB, 100 %, 574.68 W, 1980 MHz
2026/09/28 00:02:13.844, 0, 78919 MiB, 100 %, 546.54 W, 1590 MHz
2026/09/28 00:02:13.845, 1, 78919 MiB, 100 %, 618.04 W, 1980 MHz
2026/09/28 00:02:13.846, 2, 78919 MiB, 100 %, 604.88 W, 1980 MHz
2026/09/28 00:02:13.846, 3, 78919 MiB, 100 %, 581.39 W, 1980 MHz
2026/09/28 00:02:13.847, 4, 78919 MiB, 100 %, 581.91 W, 1980 MHz
2026/09/28 00:02:13.848, 5, 78919 MiB, 100 %, 608.62 W, 1980 MHz
2026/09/28 00:02:13.848, 6, 78919 MiB, 100 %, 620.62 W, 1980 MHz
2026/09/28 00:02:13.849, 7, 78919 MiB, 100 %, 585.89 W, 1980 MHz
2026/09/28 00:02:14.850, 0, 78919 MiB, 100 %, 548.30 W, 1455 MHz
2026/09/28 00:02:14.851, 1, 78919 MiB, 100 %, 619.04 W, 1980 MHz
2026/09/28 00:02:14.851, 2, 78919 MiB, 100 %, 605.11 W, 1980 MHz
2026/09/28 00:02:14.852, 3, 78919 MiB, 100 %, 610.42 W, 1980 MHz
2026/09/28 00:02:14.853, 4, 78919 MiB, 100 %, 588.70 W, 1980 MHz
2026/09/28 00:02:14.853, 5, 78919 MiB, 100 %, 606.40 W, 1980 MHz
2026/09/28 00:02:14.854, 6, 78919 MiB, 100 %, 619.06 W, 1980 MHz
2026/09/28 00:02:14.854, 7, 78919 MiB, 100 %, 581.03 W, 1980 MHz
2026/09/28 00:02:15.855, 0, 78919 MiB, 100 %, 499.86 W, 1395 MHz
2026/09/28 00:02:15.856, 1, 78919 MiB, 100 %, 600.55 W, 1980 MHz
2026/09/28 00:02:15.857, 2, 78919 MiB, 100 %, 597.43 W, 1980 MHz
2026/09/28 00:02:15.857, 3, 78919 MiB, 100 %, 588.45 W, 1980 MHz
2026/09/28 00:02:15.858, 4, 78919 MiB, 100 %, 574.87 W, 1980 MHz
2026/09/28 00:02:15.859, 5, 78919 MiB, 100 %, 603.68 W, 1980 MHz
2026/09/28 00:02:15.859, 6, 78919 MiB, 100 %, 603.08 W, 1980 MHz
2026/09/28 00:02:15.860, 7, 78919 MiB, 100 %, 588.37 W, 1980 MHz
2026/09/28 00:02:16.861, 0, 78919 MiB, 100 %, 518.93 W, 1485 MHz
2026/09/28 00:02:16.862, 1, 78919 MiB, 100 %, 612.55 W, 1980 MHz
2026/09/28 00:02:16.862, 2, 78919 MiB, 100 %, 608.33 W, 1980 MHz
2026/09/28 00:02:16.863, 3, 78919 MiB, 100 %, 599.44 W, 1980 MHz
2026/09/28 00:02:16.864, 4, 78919 MiB, 100 %, 587.29 W, 1980 MHz
2026/09/28 00:02:16.864, 5, 78919 MiB, 100 %, 607.90 W, 1980 MHz
2026/09/28 00:02:16.865, 6, 78919 MiB, 100 %, 613.75 W, 1980 MHz
2026/09/28 00:02:16.866, 7, 78919 MiB, 100 %, 591.34 W, 1980 MHz
2026/09/28 00:02:17.866, 0, 78919 MiB, 100 %, 487.29 W, 1365 MHz
2026/09/28 00:02:17.867, 1, 78919 MiB, 100 %, 600.15 W, 1980 MHz
2026/09/28 00:02:17.868, 2, 78919 MiB, 100 %, 598.17 W, 1980 MHz
2026/09/28 00:02:17.869, 3, 78919 MiB, 100 %, 584.49 W, 1980 MHz
2026/09/28 00:02:17.869, 4, 78919 MiB, 100 %, 576.29 W, 1980 MHz
2026/09/28 00:02:17.870, 5, 78919 MiB, 100 %, 605.22 W, 1980 MHz
2026/09/28 00:02:17.871, 6, 78919 MiB, 100 %, 601.85 W, 1980 MHz
2026/09/28 00:02:17.871, 7, 78919 MiB, 100 %, 589.36 W, 1980 MHz
2026/09/28 00:02:18.872, 0, 78919 MiB, 100 %, 487.88 W, 1485 MHz
2026/09/28 00:02:18.873, 1, 78919 MiB, 100 %, 605.33 W, 1980 MHz
2026/09/28 00:02:18.874, 2, 78919 MiB, 100 %, 600.09 W, 1980 MHz
2026/09/28 00:02:18.874, 3, 78919 MiB, 100 %, 587.73 W, 1980 MHz
2026/09/28 00:02:18.875, 4, 78919 MiB, 100 %, 576.72 W, 1980 MHz
2026/09/28 00:02:18.876, 5, 78919 MiB, 100 %, 608.18 W, 1965 MHz
2026/09/28 00:02:18.876, 6, 78919 MiB, 100 %, 603.43 W, 1980 MHz
2026/09/28 00:02:18.877, 7, 78919 MiB, 100 %, 589.83 W, 1980 MHz
2026/09/28 00:02:19.878, 0, 78919 MiB, 100 %, 506.99 W, 1395 MHz
2026/09/28 00:02:19.879, 1, 78919 MiB, 100 %, 615.94 W, 1965 MHz
2026/09/28 00:02:19.879, 2, 78919 MiB, 100 %, 608.21 W, 1980 MHz
2026/09/28 00:02:19.880, 3, 78919 MiB, 100 %, 605.13 W, 1980 MHz
2026/09/28 00:02:19.881, 4, 78919 MiB, 100 %, 589.59 W, 1980 MHz
2026/09/28 00:02:19.881, 5, 78919 MiB, 100 %, 612.23 W, 1980 MHz
2026/09/28 00:02:19.882, 6, 78919 MiB, 100 %, 619.11 W, 1965 MHz
2026/09/28 00:02:19.883, 7, 78919 MiB, 100 %, 602.36 W, 1965 MHz
2026/09/28 00:02:20.883, 0, 78919 MiB, 100 %, 514.29 W, 1395 MHz
2026/09/28 00:02:20.884, 1, 78919 MiB, 100 %, 606.75 W, 1965 MHz
2026/09/28 00:02:20.885, 2, 78919 MiB, 100 %, 615.50 W, 1965 MHz
2026/09/28 00:02:20.885, 3, 78919 MiB, 100 %, 609.27 W, 1980 MHz
2026/09/28 00:02:20.886, 4, 78919 MiB, 100 %, 597.34 W, 1980 MHz
2026/09/28 00:02:20.887, 5, 78919 MiB, 100 %, 615.10 W, 1965 MHz
2026/09/28 00:02:20.887, 6, 78919 MiB, 100 %, 620.68 W, 1965 MHz
2026/09/28 00:02:20.888, 7, 78919 MiB, 100 %, 602.99 W, 1980 MHz
2026/09/28 00:02:21.888, 0, 78919 MiB, 100 %, 513.03 W, 1470 MHz
2026/09/28 00:02:21.889, 1, 78919 MiB, 100 %, 616.29 W, 1980 MHz
2026/09/28 00:02:21.890, 2, 78919 MiB, 100 %, 606.66 W, 1965 MHz
2026/09/28 00:02:21.891, 3, 78919 MiB, 100 %, 608.69 W, 1965 MHz
2026/09/28 00:02:21.891, 4, 78919 MiB, 100 %, 596.66 W, 1980 MHz
2026/09/28 00:02:21.892, 5, 78919 MiB, 100 %, 615.78 W, 1965 MHz
2026/09/28 00:02:21.893, 6, 78919 MiB, 100 %, 618.03 W, 1980 MHz
2026/09/28 00:02:21.893, 7, 78919 MiB, 100 %, 603.49 W, 1980 MHz
2026/09/28 00:02:22.894, 0, 78919 MiB, 100 %, 507.13 W, 1455 MHz
2026/09/28 00:02:22.895, 1, 78919 MiB, 100 %, 606.15 W, 1980 MHz
2026/09/28 00:02:22.896, 2, 78919 MiB, 100 %, 617.61 W, 1980 MHz
2026/09/28 00:02:22.896, 3, 78919 MiB, 100 %, 597.07 W, 1965 MHz
2026/09/28 00:02:22.897, 4, 78919 MiB, 100 %, 595.69 W, 1980 MHz
2026/09/28 00:02:22.898, 5, 78919 MiB, 100 %, 609.30 W, 1965 MHz
2026/09/28 00:02:22.898, 6, 78919 MiB, 100 %, 605.24 W, 1980 MHz
2026/09/28 00:02:22.899, 7, 78919 MiB, 100 %, 603.68 W, 1980 MHz
2026/09/28 00:02:23.900, 0, 78919 MiB, 100 %, 531.56 W, 1725 MHz
2026/09/28 00:02:23.901, 1, 78919 MiB, 100 %, 578.80 W, 1980 MHz
2026/09/28 00:02:23.901, 2, 78919 MiB, 100 %, 562.98 W, 1980 MHz
2026/09/28 00:02:23.902, 3, 78919 MiB, 100 %, 553.16 W, 1980 MHz
2026/09/28 00:02:23.903, 4, 78919 MiB, 100 %, 552.65 W, 1980 MHz
2026/09/28 00:02:23.903, 5, 78919 MiB, 100 %, 571.37 W, 1980 MHz
2026/09/28 00:02:23.904, 6, 78919 MiB, 100 %, 576.86 W, 1980 MHz
2026/09/28 00:02:23.904, 7, 78919 MiB, 100 %, 557.73 W, 1980 MHz
2026/09/28 00:02:24.905, 0, 78919 MiB, 100 %, 543.57 W, 1695 MHz
2026/09/28 00:02:24.906, 1, 78919 MiB, 100 %, 574.15 W, 1980 MHz
2026/09/28 00:02:24.907, 2, 78919 MiB, 100 %, 571.32 W, 1980 MHz
2026/09/28 00:02:24.908, 3, 78919 MiB, 100 %, 552.60 W, 1980 MHz
2026/09/28 00:02:24.908, 4, 78919 MiB, 100 %, 548.36 W, 1980 MHz
2026/09/28 00:02:24.909, 5, 78919 MiB, 100 %, 554.30 W, 1980 MHz
2026/09/28 00:02:24.909, 6, 78919 MiB, 100 %, 578.32 W, 1980 MHz
2026/09/28 00:02:24.910, 7, 78919 MiB, 100 %, 547.51 W, 1980 MHz
2026/09/28 00:02:25.911, 0, 78919 MiB, 100 %, 552.34 W, 1755 MHz
2026/09/28 00:02:25.911, 1, 78919 MiB, 100 %, 594.29 W, 1980 MHz
2026/09/28 00:02:25.912, 2, 78919 MiB, 100 %, 576.46 W, 1980 MHz
2026/09/28 00:02:25.913, 3, 78919 MiB, 100 %, 574.04 W, 1980 MHz
2026/09/28 00:02:25.913, 4, 78919 MiB, 100 %, 556.93 W, 1980 MHz
2026/09/28 00:02:25.914, 5, 78919 MiB, 100 %, 569.95 W, 1980 MHz
2026/09/28 00:02:25.915, 6, 78919 MiB, 100 %, 596.91 W, 1980 MHz
2026/09/28 00:02:25.915, 7, 78919 MiB, 100 %, 565.83 W, 1980 MHz
2026/09/28 00:02:26.916, 0, 78919 MiB, 100 %, 560.12 W, 1740 MHz
2026/09/28 00:02:26.917, 1, 78919 MiB, 100 %, 605.50 W, 1980 MHz
2026/09/28 00:02:26.918, 2, 78919 MiB, 100 %, 581.63 W, 1980 MHz
2026/09/28 00:02:26.918, 3, 78919 MiB, 100 %, 585.95 W, 1980 MHz
2026/09/28 00:02:26.919, 4, 78919 MiB, 100 %, 567.01 W, 1980 MHz
2026/09/28 00:02:26.920, 5, 78919 MiB, 100 %, 580.35 W, 1980 MHz
2026/09/28 00:02:26.920, 6, 78919 MiB, 100 %, 605.09 W, 1980 MHz
2026/09/28 00:02:26.921, 7, 78919 MiB, 100 %, 580.82 W, 1980 MHz
2026/09/28 00:02:27.922, 0, 78919 MiB, 100 %, 525.34 W, 1680 MHz
2026/09/28 00:02:27.923, 1, 78919 MiB, 100 %, 591.53 W, 1980 MHz
2026/09/28 00:02:27.923, 2, 78919 MiB, 100 %, 595.18 W, 1980 MHz
2026/09/28 00:02:27.924, 3, 78919 MiB, 100 %, 569.58 W, 1980 MHz
2026/09/28 00:02:27.925, 4, 78919 MiB, 100 %, 572.74 W, 1980 MHz
2026/09/28 00:02:27.925, 5, 78919 MiB, 100 %, 606.29 W, 1980 MHz
2026/09/28 00:02:27.926, 6, 78919 MiB, 100 %, 590.09 W, 1980 MHz
2026/09/28 00:02:27.926, 7, 78919 MiB, 100 %, 568.10 W, 1980 MHz
2026/09/28 00:02:28.927, 0, 78919 MiB, 100 %, 526.32 W, 1530 MHz
2026/09/28 00:02:28.928, 1, 78919 MiB, 100 %, 618.36 W, 1980 MHz
2026/09/28 00:02:28.929, 2, 78919 MiB, 100 %, 594.34 W, 1980 MHz
2026/09/28 00:02:28.929, 3, 78919 MiB, 100 %, 585.91 W, 1980 MHz
2026/09/28 00:02:28.930, 4, 78919 MiB, 100 %, 575.57 W, 1980 MHz
2026/09/28 00:02:28.930, 5, 78919 MiB, 100 %, 605.60 W, 1980 MHz
2026/09/28 00:02:28.931, 6, 78919 MiB, 100 %, 610.63 W, 1980 MHz
2026/09/28 00:02:28.932, 7, 78919 MiB, 100 %, 578.39 W, 1980 MHz
2026/09/28 00:02:29.932, 0, 78919 MiB, 100 %, 536.53 W, 1575 MHz
2026/09/28 00:02:29.933, 1, 78919 MiB, 100 %, 617.09 W, 1980 MHz
2026/09/28 00:02:29.934, 2, 78919 MiB, 100 %, 605.97 W, 1980 MHz
2026/09/28 00:02:29.934, 3, 78919 MiB, 100 %, 594.92 W, 1980 MHz
2026/09/28 00:02:29.935, 4, 78919 MiB, 100 %, 583.39 W, 1980 MHz
2026/09/28 00:02:29.936, 5, 78919 MiB, 100 %, 602.06 W, 1980 MHz
2026/09/28 00:02:29.936, 6, 78919 MiB, 100 %, 608.57 W, 1980 MHz
2026/09/28 00:02:29.937, 7, 78919 MiB, 100 %, 587.16 W, 1980 MHz
2026/09/28 00:02:30.938, 0, 78919 MiB, 100 %, 538.43 W, 1650 MHz
2026/09/28 00:02:30.938, 1, 78919 MiB, 100 %, 617.94 W, 1980 MHz
2026/09/28 00:02:30.939, 2, 78919 MiB, 100 %, 604.35 W, 1980 MHz
2026/09/28 00:02:30.940, 3, 78919 MiB, 100 %, 603.08 W, 1980 MHz
2026/09/28 00:02:30.940, 4, 78919 MiB, 100 %, 590.70 W, 1980 MHz
2026/09/28 00:02:30.941, 5, 78919 MiB, 100 %, 606.94 W, 1980 MHz
2026/09/28 00:02:30.942, 6, 78919 MiB, 100 %, 614.53 W, 1980 MHz
2026/09/28 00:02:30.942, 7, 78919 MiB, 100 %, 588.79 W, 1980 MHz
2026/09/28 00:02:31.943, 0, 78919 MiB, 100 %, 529.08 W, 1515 MHz
2026/09/28 00:02:31.944, 1, 78919 MiB, 100 %, 621.14 W, 1980 MHz
2026/09/28 00:02:31.944, 2, 78919 MiB, 100 %, 612.39 W, 1980 MHz
2026/09/28 00:02:31.945, 3, 78919 MiB, 100 %, 604.86 W, 1980 MHz
2026/09/28 00:02:31.946, 4, 78919 MiB, 100 %, 597.69 W, 1980 MHz
2026/09/28 00:02:31.946, 5, 78919 MiB, 100 %, 612.75 W, 1980 MHz
2026/09/28 00:02:31.947, 6, 78919 MiB, 100 %, 616.68 W, 1980 MHz
2026/09/28 00:02:31.948, 7, 78919 MiB, 100 %, 597.75 W, 1980 MHz
2026/09/28 00:02:32.948, 0, 78919 MiB, 100 %, 539.55 W, 1470 MHz
2026/09/28 00:02:32.949, 1, 78919 MiB, 100 %, 626.88 W, 1980 MHz
2026/09/28 00:02:32.950, 2, 78919 MiB, 100 %, 620.66 W, 1980 MHz
2026/09/28 00:02:32.951, 3, 78919 MiB, 100 %, 611.39 W, 1965 MHz
2026/09/28 00:02:32.951, 4, 78919 MiB, 100 %, 601.85 W, 1980 MHz
2026/09/28 00:02:32.952, 5, 78919 MiB, 100 %, 630.07 W, 1980 MHz
2026/09/28 00:02:32.952, 6, 78919 MiB, 100 %, 627.40 W, 1965 MHz
2026/09/28 00:02:32.953, 7, 78919 MiB, 100 %, 604.21 W, 1980 MHz
2026/09/28 00:02:33.954, 0, 78919 MiB, 100 %, 541.27 W, 1485 MHz
2026/09/28 00:02:33.955, 1, 78919 MiB, 100 %, 619.98 W, 1980 MHz
2026/09/28 00:02:33.955, 2, 78919 MiB, 100 %, 621.80 W, 1965 MHz
2026/09/28 00:02:33.956, 3, 78919 MiB, 100 %, 604.47 W, 1980 MHz
2026/09/28 00:02:33.957, 4, 78919 MiB, 100 %, 609.35 W, 1980 MHz
2026/09/28 00:02:33.957, 5, 78919 MiB, 100 %, 619.69 W, 1965 MHz
2026/09/28 00:02:33.958, 6, 78919 MiB, 100 %, 627.02 W, 1980 MHz
2026/09/28 00:02:33.959, 7, 78919 MiB, 100 %, 603.76 W, 1980 MHz
2026/09/28 00:02:34.959, 0, 78919 MiB, 100 %, 545.78 W, 1470 MHz
2026/09/28 00:02:34.960, 1, 78919 MiB, 100 %, 624.83 W, 1980 MHz
2026/09/28 00:02:34.961, 2, 78919 MiB, 100 %, 616.49 W, 1980 MHz
2026/09/28 00:02:34.962, 3, 78919 MiB, 100 %, 615.06 W, 1965 MHz
2026/09/28 00:02:34.962, 4, 78919 MiB, 100 %, 601.21 W, 1980 MHz
2026/09/28 00:02:34.963, 5, 78919 MiB, 100 %, 617.50 W, 1965 MHz
2026/09/28 00:02:34.963, 6, 78919 MiB, 100 %, 625.84 W, 1965 MHz
2026/09/28 00:02:34.964, 7, 78919 MiB, 100 %, 604.08 W, 1980 MHz
2026/09/28 00:02:35.965, 0, 78919 MiB, 100 %, 533.30 W, 1395 MHz
2026/09/28 00:02:35.966, 1, 78919 MiB, 100 %, 621.30 W, 1965 MHz
2026/09/28 00:02:35.966, 2, 78919 MiB, 100 %, 622.18 W, 1980 MHz
2026/09/28 00:02:35.967, 3, 78919 MiB, 100 %, 611.93 W, 1980 MHz
2026/09/28 00:02:35.968, 4, 78919 MiB, 100 %, 607.78 W, 1980 MHz
2026/09/28 00:02:35.968, 5, 78919 MiB, 100 %, 624.43 W, 1950 MHz
2026/09/28 00:02:35.969, 6, 78919 MiB, 100 %, 622.77 W, 1965 MHz
2026/09/28 00:02:35.969, 7, 78919 MiB, 100 %, 605.08 W, 1980 MHz
2026/09/28 00:02:36.970, 0, 78919 MiB, 100 %, 530.33 W, 1410 MHz
2026/09/28 00:02:36.971, 1, 78919 MiB, 100 %, 627.25 W, 1890 MHz
2026/09/28 00:02:36.972, 2, 78919 MiB, 100 %, 618.92 W, 1965 MHz
2026/09/28 00:02:36.972, 3, 78919 MiB, 100 %, 613.37 W, 1950 MHz
2026/09/28 00:02:36.973, 4, 78919 MiB, 100 %, 602.20 W, 1980 MHz
2026/09/28 00:02:36.974, 5, 78919 MiB, 100 %, 615.07 W, 1965 MHz
2026/09/28 00:02:36.974, 6, 78919 MiB, 100 %, 620.52 W, 1965 MHz
2026/09/28 00:02:36.975, 7, 78919 MiB, 100 %, 609.35 W, 1965 MHz
2026/09/28 00:02:37.976, 0, 78919 MiB, 100 %, 526.30 W, 1710 MHz
2026/09/28 00:02:37.977, 1, 78919 MiB, 100 %, 607.66 W, 1980 MHz
2026/09/28 00:02:37.977, 2, 78919 MiB, 100 %, 603.89 W, 1980 MHz
2026/09/28 00:02:37.978, 3, 78919 MiB, 100 %, 588.20 W, 1980 MHz
2026/09/28 00:02:37.979, 4, 78919 MiB, 100 %, 591.04 W, 1980 MHz
2026/09/28 00:02:37.979, 5, 78919 MiB, 100 %, 608.13 W, 1980 MHz
2026/09/28 00:02:37.980, 6, 78919 MiB, 100 %, 606.68 W, 1980 MHz
2026/09/28 00:02:37.980, 7, 78919 MiB, 100 %, 593.14 W, 1980 MHz
2026/09/28 00:02:38.981, 0, 78919 MiB, 100 %, 538.90 W, 1710 MHz
2026/09/28 00:02:38.982, 1, 78919 MiB, 100 %, 573.55 W, 1980 MHz
2026/09/28 00:02:38.983, 2, 78919 MiB, 100 %, 544.97 W, 1980 MHz
2026/09/28 00:02:38.984, 3, 78919 MiB, 100 %, 542.65 W, 1980 MHz
2026/09/28 00:02:38.984, 4, 78919 MiB, 100 %, 535.37 W, 1980 MHz
2026/09/28 00:02:38.985, 5, 78919 MiB, 100 %, 544.81 W, 1980 MHz
2026/09/28 00:02:38.986, 6, 78919 MiB, 100 %, 568.82 W, 1980 MHz
2026/09/28 00:02:38.986, 7, 78919 MiB, 100 %, 540.45 W, 1980 MHz
2026/09/28 00:02:39.987, 0, 78919 MiB, 100 %, 542.57 W, 1695 MHz
2026/09/28 00:02:39.988, 1, 78919 MiB, 100 %, 588.05 W, 1980 MHz
2026/09/28 00:02:39.988, 2, 78919 MiB, 100 %, 566.26 W, 1980 MHz
2026/09/28 00:02:39.989, 3, 78919 MiB, 100 %, 558.63 W, 1980 MHz
2026/09/28 00:02:39.990, 4, 78919 MiB, 100 %, 550.83 W, 1980 MHz
2026/09/28 00:02:39.990, 5, 78919 MiB, 100 %, 561.66 W, 1980 MHz
2026/09/28 00:02:39.991, 6, 78919 MiB, 100 %, 591.03 W, 1980 MHz
2026/09/28 00:02:39.991, 7, 78919 MiB, 100 %, 550.83 W, 1980 MHz
2026/09/28 00:02:40.992, 0, 78919 MiB, 100 %, 541.12 W, 1725 MHz
2026/09/28 00:02:40.993, 1, 78919 MiB, 100 %, 592.41 W, 1980 MHz
2026/09/28 00:02:40.994, 2, 78919 MiB, 100 %, 579.88 W, 1980 MHz
2026/09/28 00:02:40.994, 3, 78919 MiB, 100 %, 577.19 W, 1980 MHz
2026/09/28 00:02:40.995, 4, 78919 MiB, 100 %, 566.29 W, 1980 MHz
2026/09/28 00:02:40.996, 5, 78919 MiB, 100 %, 581.89 W, 1980 MHz
2026/09/28 00:02:40.996, 6, 78919 MiB, 100 %, 592.81 W, 1980 MHz
2026/09/28 00:02:40.997, 7, 78919 MiB, 100 %, 569.73 W, 1980 MHz
2026/09/28 00:02:41.997, 0, 78919 MiB, 100 %, 557.62 W, 1575 MHz
2026/09/28 00:02:41.998, 1, 78919 MiB, 100 %, 618.76 W, 1980 MHz
2026/09/28 00:02:41.999, 2, 78919 MiB, 100 %, 608.37 W, 1980 MHz
2026/09/28 00:02:42.000, 3, 78919 MiB, 100 %, 583.33 W, 1980 MHz
2026/09/28 00:02:42.000, 4, 78919 MiB, 100 %, 587.10 W, 1980 MHz
2026/09/28 00:02:42.001, 5, 78919 MiB, 100 %, 585.37 W, 1980 MHz
2026/09/28 00:02:42.002, 6, 78919 MiB, 100 %, 612.01 W, 1980 MHz
2026/09/28 00:02:42.002, 7, 78919 MiB, 100 %, 581.27 W, 1980 MHz
2026/09/28 00:02:43.003, 0, 78919 MiB, 100 %, 515.92 W, 1545 MHz
2026/09/28 00:02:43.004, 1, 78919 MiB, 100 %, 607.70 W, 1980 MHz
2026/09/28 00:02:43.005, 2, 78919 MiB, 100 %, 590.01 W, 1980 MHz
2026/09/28 00:02:43.006, 3, 78919 MiB, 100 %, 578.53 W, 1980 MHz
2026/09/28 00:02:43.006, 4, 78919 MiB, 100 %, 576.27 W, 1980 MHz
2026/09/28 00:02:43.007, 5, 78919 MiB, 100 %, 608.24 W, 1980 MHz
2026/09/28 00:02:43.007, 6, 78919 MiB, 100 %, 596.00 W, 1980 MHz
2026/09/28 00:02:43.008, 7, 78919 MiB, 100 %, 572.93 W, 1980 MHz
2026/09/28 00:02:44.009, 0, 78919 MiB, 100 %, 522.48 W, 1425 MHz
2026/09/28 00:02:44.010, 1, 78919 MiB, 100 %, 620.45 W, 1980 MHz
2026/09/28 00:02:44.010, 2, 78919 MiB, 100 %, 593.79 W, 1980 MHz
2026/09/28 00:02:44.011, 3, 78919 MiB, 100 %, 598.76 W, 1980 MHz
2026/09/28 00:02:44.012, 4, 78919 MiB, 100 %, 575.20 W, 1980 MHz
2026/09/28 00:02:44.012, 5, 78919 MiB, 100 %, 590.54 W, 1980 MHz
2026/09/28 00:02:44.013, 6, 78919 MiB, 100 %, 620.34 W, 1980 MHz
2026/09/28 00:02:44.014, 7, 78919 MiB, 100 %, 579.47 W, 1980 MHz
2026/09/28 00:02:45.014, 0, 78919 MiB, 100 %, 516.50 W, 1485 MHz
2026/09/28 00:02:45.015, 1, 78919 MiB, 100 %, 604.34 W, 1980 MHz
2026/09/28 00:02:45.016, 2, 78919 MiB, 100 %, 601.27 W, 1980 MHz
2026/09/28 00:02:45.016, 3, 78919 MiB, 100 %, 588.24 W, 1980 MHz
2026/09/28 00:02:45.017, 4, 78919 MiB, 100 %, 582.72 W, 1980 MHz
2026/09/28 00:02:45.018, 5, 78919 MiB, 100 %, 606.66 W, 1980 MHz
2026/09/28 00:02:45.018, 6, 78919 MiB, 100 %, 604.42 W, 1980 MHz
2026/09/28 00:02:45.019, 7, 78919 MiB, 100 %, 593.72 W, 1980 MHz
2026/09/28 00:02:46.019, 0, 78919 MiB, 100 %, 491.35 W, 1380 MHz
2026/09/28 00:02:46.020, 1, 78919 MiB, 100 %, 611.35 W, 1980 MHz
2026/09/28 00:02:46.021, 2, 78919 MiB, 100 %, 595.05 W, 1980 MHz
2026/09/28 00:02:46.022, 3, 78919 MiB, 100 %, 587.68 W, 1980 MHz
2026/09/28 00:02:46.022, 4, 78919 MiB, 100 %, 582.56 W, 1980 MHz
2026/09/28 00:02:46.023, 5, 78919 MiB, 100 %, 600.83 W, 1980 MHz
2026/09/28 00:02:46.023, 6, 78919 MiB, 100 %, 604.56 W, 1980 MHz
2026/09/28 00:02:46.024, 7, 78919 MiB, 100 %, 584.55 W, 1980 MHz
2026/09/28 00:02:47.025, 0, 78919 MiB, 100 %, 498.77 W, 1485 MHz
2026/09/28 00:02:47.026, 1, 78919 MiB, 100 %, 598.24 W, 1980 MHz
2026/09/28 00:02:47.026, 2, 78919 MiB, 100 %, 601.54 W, 1980 MHz
2026/09/28 00:02:47.027, 3, 78919 MiB, 100 %, 591.97 W, 1980 MHz
2026/09/28 00:02:47.028, 4, 78919 MiB, 100 %, 579.99 W, 1980 MHz
2026/09/28 00:02:47.028, 5, 78919 MiB, 100 %, 607.86 W, 1980 MHz
2026/09/28 00:02:47.029, 6, 78919 MiB, 100 %, 609.53 W, 1980 MHz
2026/09/28 00:02:47.030, 7, 78919 MiB, 100 %, 596.26 W, 1980 MHz
2026/09/28 00:02:48.030, 0, 78919 MiB, 100 %, 533.23 W, 1530 MHz
2026/09/28 00:02:48.032, 1, 78919 MiB, 100 %, 619.02 W, 1980 MHz
2026/09/28 00:02:48.032, 2, 78919 MiB, 100 %, 614.78 W, 1950 MHz
2026/09/28 00:02:48.033, 3, 78919 MiB, 100 %, 604.80 W, 1980 MHz
2026/09/28 00:02:48.034, 4, 78919 MiB, 100 %, 595.47 W, 1980 MHz
2026/09/28 00:02:48.034, 5, 78919 MiB, 100 %, 622.35 W, 1965 MHz
2026/09/28 00:02:48.035, 6, 78919 MiB, 100 %, 619.84 W, 1980 MHz
2026/09/28 00:02:48.035, 7, 78919 MiB, 100 %, 598.14 W, 1980 MHz
2026/09/28 00:02:49.036, 0, 78919 MiB, 100 %, 551.18 W, 1485 MHz
2026/09/28 00:02:49.038, 1, 78919 MiB, 100 %, 630.86 W, 1965 MHz
2026/09/28 00:02:49.038, 2, 78919 MiB, 100 %, 617.89 W, 1980 MHz
2026/09/28 00:02:49.039, 3, 78919 MiB, 100 %, 614.20 W, 1980 MHz
2026/09/28 00:02:49.042, 4, 78919 MiB, 100 %, 609.07 W, 1965 MHz
2026/09/28 00:02:49.043, 5, 78919 MiB, 100 %, 629.88 W, 1965 MHz
2026/09/28 00:02:49.044, 6, 78919 MiB, 100 %, 630.27 W, 1980 MHz
2026/09/28 00:02:49.046, 7, 78919 MiB, 100 %, 611.31 W, 1965 MHz
2026/09/28 00:02:50.048, 0, 78919 MiB, 100 %, 561.23 W, 1440 MHz
2026/09/28 00:02:50.048, 1, 78919 MiB, 100 %, 638.48 W, 1965 MHz
2026/09/28 00:02:50.049, 2, 78919 MiB, 100 %, 622.03 W, 1980 MHz
2026/09/28 00:02:50.050, 3, 78919 MiB, 100 %, 619.97 W, 1965 MHz
2026/09/28 00:02:50.050, 4, 78919 MiB, 100 %, 607.70 W, 1980 MHz
2026/09/28 00:02:50.051, 5, 78919 MiB, 100 %, 619.62 W, 1950 MHz
2026/09/28 00:02:50.052, 6, 78919 MiB, 100 %, 628.66 W, 1980 MHz
2026/09/28 00:02:50.052, 7, 78919 MiB, 100 %, 620.80 W, 1980 MHz
2026/09/28 00:02:51.053, 0, 78919 MiB, 100 %, 532.57 W, 1455 MHz
2026/09/28 00:02:51.054, 1, 78919 MiB, 100 %, 627.39 W, 1965 MHz
2026/09/28 00:02:51.055, 2, 78919 MiB, 100 %, 624.55 W, 1980 MHz
2026/09/28 00:02:51.055, 3, 78919 MiB, 100 %, 608.50 W, 1965 MHz
2026/09/28 00:02:51.056, 4, 78919 MiB, 100 %, 608.42 W, 1980 MHz
2026/09/28 00:02:51.057, 5, 78919 MiB, 100 %, 633.91 W, 1965 MHz
2026/09/28 00:02:51.057, 6, 78919 MiB, 100 %, 625.46 W, 1965 MHz
2026/09/28 00:02:51.058, 7, 78919 MiB, 100 %, 612.24 W, 1980 MHz
2026/09/28 00:02:52.060, 0, 78919 MiB, 100 %, 526.04 W, 1440 MHz
2026/09/28 00:02:52.061, 1, 78919 MiB, 100 %, 629.16 W, 1950 MHz
2026/09/28 00:02:52.062, 2, 78919 MiB, 100 %, 622.61 W, 1965 MHz
2026/09/28 00:02:52.063, 3, 78919 MiB, 100 %, 609.35 W, 1980 MHz
2026/09/28 00:02:52.063, 4, 78919 MiB, 100 %, 609.15 W, 1965 MHz
2026/09/28 00:02:52.064, 5, 78919 MiB, 100 %, 623.99 W, 1965 MHz
2026/09/28 00:02:52.065, 6, 78919 MiB, 100 %, 625.97 W, 1965 MHz
2026/09/28 00:02:52.065, 7, 78919 MiB, 100 %, 606.60 W, 1965 MHz
2026/09/28 00:02:53.066, 0, 78919 MiB, 100 %, 520.88 W, 1830 MHz
2026/09/28 00:02:53.067, 1, 78919 MiB, 100 %, 583.28 W, 1980 MHz
2026/09/28 00:02:53.068, 2, 78919 MiB, 100 %, 580.56 W, 1980 MHz
2026/09/28 00:02:53.069, 3, 78919 MiB, 100 %, 552.99 W, 1980 MHz
2026/09/28 00:02:53.069, 4, 78919 MiB, 100 %, 557.30 W, 1980 MHz
2026/09/28 00:02:53.070, 5, 78919 MiB, 100 %, 559.21 W, 1980 MHz
2026/09/28 00:02:53.070, 6, 78919 MiB, 100 %, 575.19 W, 1980 MHz
2026/09/28 00:02:53.071, 7, 78919 MiB, 100 %, 552.51 W, 1980 MHz
2026/09/28 00:02:54.072, 0, 78919 MiB, 100 %, 531.90 W, 1740 MHz
2026/09/28 00:02:54.073, 1, 78919 MiB, 100 %, 575.21 W, 1980 MHz
2026/09/28 00:02:54.073, 2, 78919 MiB, 100 %, 559.51 W, 1980 MHz
2026/09/28 00:02:54.074, 3, 78919 MiB, 100 %, 547.25 W, 1980 MHz
2026/09/28 00:02:54.075, 4, 78919 MiB, 100 %, 546.24 W, 1980 MHz
2026/09/28 00:02:54.075, 5, 78919 MiB, 100 %, 553.82 W, 1980 MHz
2026/09/28 00:02:54.076, 6, 78919 MiB, 100 %, 577.34 W, 1980 MHz
2026/09/28 00:02:54.076, 7, 78919 MiB, 100 %, 543.00 W, 1980 MHz
2026/09/28 00:02:55.077, 0, 78919 MiB, 100 %, 543.72 W, 1650 MHz
2026/09/28 00:02:55.078, 1, 78919 MiB, 100 %, 595.37 W, 1980 MHz
2026/09/28 00:02:55.079, 2, 78919 MiB, 100 %, 566.67 W, 1980 MHz
2026/09/28 00:02:55.079, 3, 78919 MiB, 100 %, 570.47 W, 1980 MHz
2026/09/28 00:02:55.080, 4, 78919 MiB, 100 %, 549.58 W, 1980 MHz
2026/09/28 00:02:55.081, 5, 78919 MiB, 100 %, 568.39 W, 1980 MHz
2026/09/28 00:02:55.081, 6, 78919 MiB, 100 %, 591.88 W, 1980 MHz
2026/09/28 00:02:55.082, 7, 78919 MiB, 100 %, 563.35 W, 1980 MHz
2026/09/28 00:02:56.083, 0, 78919 MiB, 100 %, 520.33 W, 1425 MHz
2026/09/28 00:02:56.084, 1, 78919 MiB, 100 %, 590.88 W, 1980 MHz
2026/09/28 00:02:56.084, 2, 78919 MiB, 100 %, 573.55 W, 1980 MHz
2026/09/28 00:02:56.085, 3, 78919 MiB, 100 %, 571.80 W, 1980 MHz
2026/09/28 00:02:56.085, 4, 78919 MiB, 100 %, 557.04 W, 1980 MHz
2026/09/28 00:02:56.086, 5, 78919 MiB, 100 %, 578.57 W, 1980 MHz
2026/09/28 00:02:56.087, 6, 78919 MiB, 100 %, 590.02 W, 1980 MHz
2026/09/28 00:02:56.087, 7, 78919 MiB, 100 %, 569.53 W, 1980 MHz
2026/09/28 00:02:57.088, 0, 78919 MiB, 100 %, 501.43 W, 1545 MHz
2026/09/28 00:02:57.089, 1, 78919 MiB, 100 %, 594.94 W, 1980 MHz
2026/09/28 00:02:57.090, 2, 78919 MiB, 100 %, 569.62 W, 1980 MHz
2026/09/28 00:02:57.090, 3, 78919 MiB, 100 %, 574.59 W, 1980 MHz
2026/09/28 00:02:57.091, 4, 78919 MiB, 100 %, 556.68 W, 1980 MHz
2026/09/28 00:02:57.092, 5, 78919 MiB, 100 %, 593.78 W, 1980 MHz
2026/09/28 00:02:57.092, 6, 78919 MiB, 100 %, 582.45 W, 1980 MHz
2026/09/28 00:02:57.093, 7, 78919 MiB, 100 %, 577.78 W, 1980 MHz
2026/09/28 00:02:58.094, 0, 78919 MiB, 100 %, 516.96 W, 1560 MHz
2026/09/28 00:02:58.095, 1, 78919 MiB, 100 %, 622.86 W, 1980 MHz
2026/09/28 00:02:58.095, 2, 78919 MiB, 100 %, 595.80 W, 1980 MHz
2026/09/28 00:02:58.096, 3, 78919 MiB, 100 %, 589.27 W, 1980 MHz
2026/09/28 00:02:58.097, 4, 78919 MiB, 100 %, 572.74 W, 1980 MHz
2026/09/28 00:02:58.097, 5, 78919 MiB, 100 %, 590.15 W, 1980 MHz
2026/09/28 00:02:58.098, 6, 78919 MiB, 100 %, 619.15 W, 1980 MHz
2026/09/28 00:02:58.099, 7, 78919 MiB, 100 %, 571.38 W, 1980 MHz
2026/09/28 00:02:59.099, 0, 78919 MiB, 100 %, 517.99 W, 1530 MHz
2026/09/28 00:02:59.100, 1, 78919 MiB, 100 %, 617.23 W, 1980 MHz
2026/09/28 00:02:59.101, 2, 78919 MiB, 100 %, 598.95 W, 1980 MHz
2026/09/28 00:02:59.102, 3, 78919 MiB, 100 %, 596.65 W, 1980 MHz
2026/09/28 00:02:59.102, 4, 78919 MiB, 100 %, 579.16 W, 1980 MHz
2026/09/28 00:02:59.103, 5, 78919 MiB, 100 %, 599.21 W, 1980 MHz
2026/09/28 00:02:59.103, 6, 78919 MiB, 100 %, 616.62 W, 1980 MHz
2026/09/28 00:02:59.104, 7, 78919 MiB, 100 %, 587.92 W, 1980 MHz
2026/09/28 00:03:00.105, 0, 78919 MiB, 100 %, 531.34 W, 1485 MHz
2026/09/28 00:03:00.106, 1, 78919 MiB, 100 %, 615.48 W, 1980 MHz
2026/09/28 00:03:00.106, 2, 78919 MiB, 100 %, 612.18 W, 1980 MHz
2026/09/28 00:03:00.107, 3, 78919 MiB, 100 %, 602.26 W, 1980 MHz
2026/09/28 00:03:00.108, 4, 78919 MiB, 100 %, 582.90 W, 1980 MHz
2026/09/28 00:03:00.108, 5, 78919 MiB, 100 %, 614.03 W, 1980 MHz
2026/09/28 00:03:00.109, 6, 78919 MiB, 100 %, 610.03 W, 1965 MHz
2026/09/28 00:03:00.109, 7, 78919 MiB, 100 %, 593.59 W, 1980 MHz
2026/09/28 00:03:01.110, 0, 78919 MiB, 100 %, 531.71 W, 1530 MHz
2026/09/28 00:03:01.113, 1, 78919 MiB, 100 %, 617.18 W, 1980 MHz
2026/09/28 00:03:01.115, 2, 78919 MiB, 100 %, 620.32 W, 1980 MHz
2026/09/28 00:03:01.118, 3, 78919 MiB, 100 %, 605.26 W, 1980 MHz
2026/09/28 00:03:01.119, 4, 78919 MiB, 100 %, 589.37 W, 1980 MHz
2026/09/28 00:03:01.120, 5, 78919 MiB, 100 %, 622.10 W, 1980 MHz
2026/09/28 00:03:01.121, 6, 78919 MiB, 100 %, 618.19 W, 1965 MHz
2026/09/28 00:03:01.122, 7, 78919 MiB, 100 %, 601.12 W, 1980 MHz
2026/09/28 00:03:02.123, 0, 78919 MiB, 100 %, 534.94 W, 1500 MHz
2026/09/28 00:03:02.124, 1, 78919 MiB, 100 %, 622.89 W, 1965 MHz
2026/09/28 00:03:02.125, 2, 78919 MiB, 100 %, 616.18 W, 1980 MHz
2026/09/28 00:03:02.125, 3, 78919 MiB, 100 %, 611.20 W, 1965 MHz
2026/09/28 00:03:02.126, 4, 78919 MiB, 100 %, 594.49 W, 1980 MHz
2026/09/28 00:03:02.127, 5, 78919 MiB, 100 %, 619.54 W, 1980 MHz
2026/09/28 00:03:02.127, 6, 78919 MiB, 100 %, 617.40 W, 1965 MHz
2026/09/28 00:03:02.129, 7, 78919 MiB, 100 %, 605.83 W, 1980 MHz
2026/09/28 00:03:03.130, 0, 78919 MiB, 100 %, 535.90 W, 1545 MHz
2026/09/28 00:03:03.131, 1, 78919 MiB, 100 %, 623.62 W, 1965 MHz
2026/09/28 00:03:03.132, 2, 78919 MiB, 100 %, 615.94 W, 1965 MHz
2026/09/28 00:03:03.132, 3, 78919 MiB, 100 %, 609.48 W, 1965 MHz
2026/09/28 00:03:03.133, 4, 78919 MiB, 100 %, 594.31 W, 1980 MHz
2026/09/28 00:03:03.134, 5, 78919 MiB, 100 %, 618.72 W, 1980 MHz
2026/09/28 00:03:03.134, 6, 78919 MiB, 100 %, 617.76 W, 1965 MHz
2026/09/28 00:03:03.135, 7, 78919 MiB, 100 %, 606.65 W, 1980 MHz
2026/09/28 00:03:04.136, 0, 78919 MiB, 100 %, 542.60 W, 1455 MHz
2026/09/28 00:03:04.137, 1, 78919 MiB, 100 %, 629.65 W, 1965 MHz
2026/09/28 00:03:04.137, 2, 78919 MiB, 100 %, 620.52 W, 1965 MHz
2026/09/28 00:03:04.138, 3, 78919 MiB, 100 %, 607.97 W, 1965 MHz
2026/09/28 00:03:04.139, 4, 78919 MiB, 100 %, 604.72 W, 1980 MHz
2026/09/28 00:03:04.139, 5, 78919 MiB, 100 %, 619.27 W, 1980 MHz
2026/09/28 00:03:04.140, 6, 78919 MiB, 100 %, 624.21 W, 1965 MHz
2026/09/28 00:03:04.140, 7, 78919 MiB, 100 %, 611.90 W, 1980 MHz
2026/09/28 00:03:05.141, 0, 78919 MiB, 100 %, 531.98 W, 1470 MHz
2026/09/28 00:03:05.142, 1, 78919 MiB, 100 %, 617.77 W, 1980 MHz
2026/09/28 00:03:05.143, 2, 78919 MiB, 100 %, 619.41 W, 1980 MHz
2026/09/28 00:03:05.143, 3, 78919 MiB, 100 %, 606.20 W, 1965 MHz
2026/09/28 00:03:05.144, 4, 78919 MiB, 100 %, 604.89 W, 1980 MHz
2026/09/28 00:03:05.145, 5, 78919 MiB, 100 %, 628.50 W, 1965 MHz
2026/09/28 00:03:05.145, 6, 78919 MiB, 100 %, 626.91 W, 1980 MHz
2026/09/28 00:03:05.146, 7, 78919 MiB, 100 %, 612.75 W, 1965 MHz
2026/09/28 00:03:06.147, 0, 78919 MiB, 100 %, 514.84 W, 1485 MHz
2026/09/28 00:03:06.148, 1, 78919 MiB, 100 %, 619.38 W, 1965 MHz
2026/09/28 00:03:06.148, 2, 78919 MiB, 100 %, 624.31 W, 1980 MHz
2026/09/28 00:03:06.149, 3, 78919 MiB, 100 %, 594.95 W, 1965 MHz
2026/09/28 00:03:06.150, 4, 78919 MiB, 100 %, 608.71 W, 1980 MHz
2026/09/28 00:03:06.150, 5, 78919 MiB, 100 %, 613.93 W, 1965 MHz
2026/09/28 00:03:06.151, 6, 78919 MiB, 100 %, 620.97 W, 1965 MHz
2026/09/28 00:03:06.152, 7, 78919 MiB, 100 %, 606.56 W, 1980 MHz
2026/09/28 00:03:07.152, 0, 78919 MiB, 100 %, 503.21 W, 1950 MHz
2026/09/28 00:03:07.153, 1, 78919 MiB, 100 %, 589.40 W, 1965 MHz
2026/09/28 00:03:07.154, 2, 78919 MiB, 90 %, 576.70 W, 1980 MHz
2026/09/28 00:03:07.155, 3, 78919 MiB, 72 %, 577.13 W, 1980 MHz
2026/09/28 00:03:07.155, 4, 78919 MiB, 83 %, 587.02 W, 1980 MHz
2026/09/28 00:03:07.156, 5, 78919 MiB, 37 %, 574.50 W, 1965 MHz
2026/09/28 00:03:07.157, 6, 78919 MiB, 100 %, 586.26 W, 1965 MHz
2026/09/28 00:03:07.157, 7, 78919 MiB, 100 %, 587.12 W, 1965 MHz
2026/09/28 00:03:08.158, 0, 78919 MiB, 100 %, 391.36 W, 1980 MHz
2026/09/28 00:03:08.159, 1, 78919 MiB, 100 %, 337.21 W, 1980 MHz
2026/09/28 00:03:08.160, 2, 78919 MiB, 96 %, 347.69 W, 1980 MHz
2026/09/28 00:03:08.161, 3, 78919 MiB, 96 %, 343.53 W, 1980 MHz
2026/09/28 00:03:08.161, 4, 78919 MiB, 96 %, 323.11 W, 1980 MHz
2026/09/28 00:03:08.162, 5, 78919 MiB, 100 %, 337.67 W, 1980 MHz
2026/09/28 00:03:08.162, 6, 78919 MiB, 100 %, 340.50 W, 1980 MHz
2026/09/28 00:03:08.163, 7, 78919 MiB, 100 %, 328.88 W, 1980 MHz
2026/09/28 00:03:09.164, 0, 78919 MiB, 100 %, 511.48 W, 1770 MHz
2026/09/28 00:03:09.165, 1, 78919 MiB, 100 %, 471.85 W, 1980 MHz
2026/09/28 00:03:09.166, 2, 78919 MiB, 100 %, 469.20 W, 1980 MHz
2026/09/28 00:03:09.166, 3, 78919 MiB, 100 %, 464.62 W, 1980 MHz
2026/09/28 00:03:09.167, 4, 78919 MiB, 100 %, 467.59 W, 1980 MHz
2026/09/28 00:03:09.168, 5, 78919 MiB, 100 %, 464.14 W, 1980 MHz
2026/09/28 00:03:09.168, 6, 78919 MiB, 100 %, 482.54 W, 1980 MHz
2026/09/28 00:03:09.169, 7, 78919 MiB, 100 %, 469.08 W, 1980 MHz
2026/09/28 00:03:10.169, 0, 78919 MiB, 100 %, 547.23 W, 1710 MHz
2026/09/28 00:03:10.170, 1, 78919 MiB, 100 %, 577.40 W, 1980 MHz
2026/09/28 00:03:10.171, 2, 78919 MiB, 100 %, 558.50 W, 1980 MHz
2026/09/28 00:03:10.172, 3, 78919 MiB, 100 %, 549.56 W, 1980 MHz
2026/09/28 00:03:10.172, 4, 78919 MiB, 100 %, 543.51 W, 1980 MHz
2026/09/28 00:03:10.173, 5, 78919 MiB, 100 %, 554.26 W, 1980 MHz
2026/09/28 00:03:10.174, 6, 78919 MiB, 100 %, 571.78 W, 1980 MHz
2026/09/28 00:03:10.174, 7, 78919 MiB, 100 %, 551.96 W, 1980 MHz
2026/09/28 00:03:11.175, 0, 78919 MiB, 100 %, 536.47 W, 1515 MHz
2026/09/28 00:03:11.176, 1, 78919 MiB, 100 %, 591.35 W, 1980 MHz
2026/09/28 00:03:11.177, 2, 78919 MiB, 100 %, 568.50 W, 1980 MHz
2026/09/28 00:03:11.177, 3, 78919 MiB, 100 %, 561.27 W, 1980 MHz
2026/09/28 00:03:11.178, 4, 78919 MiB, 100 %, 557.52 W, 1980 MHz
2026/09/28 00:03:11.179, 5, 78919 MiB, 100 %, 572.30 W, 1980 MHz
2026/09/28 00:03:11.179, 6, 78919 MiB, 100 %, 584.81 W, 1980 MHz
2026/09/28 00:03:11.180, 7, 78919 MiB, 100 %, 561.01 W, 1980 MHz
2026/09/28 00:03:12.180, 0, 78919 MiB, 100 %, 502.49 W, 1455 MHz
2026/09/28 00:03:12.181, 1, 78919 MiB, 100 %, 596.42 W, 1980 MHz
2026/09/28 00:03:12.182, 2, 78919 MiB, 100 %, 572.72 W, 1980 MHz
2026/09/28 00:03:12.183, 3, 78919 MiB, 100 %, 563.28 W, 1980 MHz
2026/09/28 00:03:12.183, 4, 78919 MiB, 100 %, 560.80 W, 1980 MHz
2026/09/28 00:03:12.184, 5, 78919 MiB, 100 %, 581.60 W, 1980 MHz
2026/09/28 00:03:12.185, 6, 78919 MiB, 100 %, 582.69 W, 1980 MHz
2026/09/28 00:03:12.185, 7, 78919 MiB, 100 %, 568.39 W, 1980 MHz
2026/09/28 00:03:13.186, 0, 78919 MiB, 100 %, 517.99 W, 1485 MHz
2026/09/28 00:03:13.187, 1, 78919 MiB, 100 %, 600.42 W, 1980 MHz
2026/09/28 00:03:13.188, 2, 78919 MiB, 100 %, 598.53 W, 1980 MHz
2026/09/28 00:03:13.188, 3, 78919 MiB, 100 %, 573.01 W, 1980 MHz
2026/09/28 00:03:13.189, 4, 78919 MiB, 100 %, 589.50 W, 1980 MHz
2026/09/28 00:03:13.189, 5, 78919 MiB, 100 %, 582.49 W, 1980 MHz
2026/09/28 00:03:13.190, 6, 78919 MiB, 100 %, 600.96 W, 1980 MHz
2026/09/28 00:03:13.191, 7, 78919 MiB, 100 %, 556.05 W, 1980 MHz
2026/09/28 00:03:14.191, 0, 78919 MiB, 100 %, 529.08 W, 1380 MHz
2026/09/28 00:03:14.192, 1, 78919 MiB, 100 %, 617.20 W, 1980 MHz
2026/09/28 00:03:14.193, 2, 78919 MiB, 100 %, 594.60 W, 1980 MHz
2026/09/28 00:03:14.194, 3, 78919 MiB, 100 %, 600.69 W, 1980 MHz
2026/09/28 00:03:14.195, 4, 78919 MiB, 100 %, 570.59 W, 1980 MHz
2026/09/28 00:03:14.195, 5, 78919 MiB, 100 %, 581.14 W, 1980 MHz
2026/09/28 00:03:14.196, 6, 78919 MiB, 100 %, 619.13 W, 1980 MHz
2026/09/28 00:03:14.196, 7, 78919 MiB, 100 %, 570.93 W, 1980 MHz
2026/09/28 00:03:15.197, 0, 78919 MiB, 100 %, 504.16 W, 1440 MHz
2026/09/28 00:03:15.198, 1, 78919 MiB, 100 %, 603.60 W, 1980 MHz
2026/09/28 00:03:15.199, 2, 78919 MiB, 100 %, 598.11 W, 1980 MHz
2026/09/28 00:03:15.199, 3, 78919 MiB, 100 %, 585.76 W, 1980 MHz
2026/09/28 00:03:15.200, 4, 78919 MiB, 100 %, 577.02 W, 1980 MHz
2026/09/28 00:03:15.201, 5, 78919 MiB, 100 %, 597.14 W, 1980 MHz
2026/09/28 00:03:15.201, 6, 78919 MiB, 100 %, 598.81 W, 1980 MHz
2026/09/28 00:03:15.202, 7, 78919 MiB, 100 %, 585.01 W, 1980 MHz
2026/09/28 00:03:16.203, 0, 78919 MiB, 100 %, 520.54 W, 1515 MHz
2026/09/28 00:03:16.204, 1, 78919 MiB, 100 %, 608.27 W, 1980 MHz
2026/09/28 00:03:16.204, 2, 78919 MiB, 100 %, 599.24 W, 1980 MHz
2026/09/28 00:03:16.205, 3, 78919 MiB, 100 %, 593.74 W, 1980 MHz
2026/09/28 00:03:16.205, 4, 78919 MiB, 100 %, 582.81 W, 1980 MHz
2026/09/28 00:03:16.206, 5, 78919 MiB, 100 %, 612.11 W, 1980 MHz
2026/09/28 00:03:16.207, 6, 78919 MiB, 100 %, 607.82 W, 1980 MHz
2026/09/28 00:03:16.207, 7, 78919 MiB, 100 %, 590.93 W, 1980 MHz
2026/09/28 00:03:17.208, 0, 78919 MiB, 100 %, 536.69 W, 1530 MHz
2026/09/28 00:03:17.209, 1, 78919 MiB, 100 %, 615.97 W, 1980 MHz
2026/09/28 00:03:17.209, 2, 78919 MiB, 100 %, 611.51 W, 1980 MHz
2026/09/28 00:03:17.210, 3, 78919 MiB, 100 %, 605.78 W, 1980 MHz
2026/09/28 00:03:17.211, 4, 78919 MiB, 100 %, 593.44 W, 1980 MHz
2026/09/28 00:03:17.211, 5, 78919 MiB, 100 %, 617.96 W, 1980 MHz
2026/09/28 00:03:17.212, 6, 78919 MiB, 100 %, 615.03 W, 1980 MHz
2026/09/28 00:03:17.212, 7, 78919 MiB, 100 %, 603.44 W, 1980 MHz
2026/09/28 00:03:18.213, 0, 78919 MiB, 100 %, 538.89 W, 1485 MHz
2026/09/28 00:03:18.214, 1, 78919 MiB, 100 %, 622.58 W, 1980 MHz
2026/09/28 00:03:18.215, 2, 78919 MiB, 100 %, 617.69 W, 1965 MHz
2026/09/28 00:03:18.215, 3, 78919 MiB, 100 %, 605.33 W, 1980 MHz
2026/09/28 00:03:18.216, 4, 78919 MiB, 100 %, 592.58 W, 1980 MHz
2026/09/28 00:03:18.216, 5, 78919 MiB, 100 %, 620.01 W, 1980 MHz
2026/09/28 00:03:18.217, 6, 78919 MiB, 100 %, 619.59 W, 1980 MHz
2026/09/28 00:03:18.218, 7, 78919 MiB, 100 %, 595.71 W, 1980 MHz
2026/09/28 00:03:19.218, 0, 78919 MiB, 100 %, 512.37 W, 1440 MHz
2026/09/28 00:03:19.219, 1, 78919 MiB, 100 %, 615.00 W, 1965 MHz
2026/09/28 00:03:19.220, 2, 78919 MiB, 100 %, 600.48 W, 1980 MHz
2026/09/28 00:03:19.221, 3, 78919 MiB, 100 %, 596.25 W, 1980 MHz
2026/09/28 00:03:19.221, 4, 78919 MiB, 100 %, 595.13 W, 1980 MHz
2026/09/28 00:03:19.222, 5, 78919 MiB, 100 %, 621.53 W, 1980 MHz
2026/09/28 00:03:19.222, 6, 78919 MiB, 100 %, 614.77 W, 1980 MHz
2026/09/28 00:03:19.223, 7, 78919 MiB, 100 %, 609.46 W, 1980 MHz
2026/09/28 00:03:20.224, 0, 78919 MiB, 100 %, 520.20 W, 1410 MHz
2026/09/28 00:03:20.224, 1, 78919 MiB, 100 %, 618.71 W, 1965 MHz
2026/09/28 00:03:20.225, 2, 78919 MiB, 100 %, 618.28 W, 1965 MHz
2026/09/28 00:03:20.226, 3, 78919 MiB, 100 %, 602.75 W, 1980 MHz
2026/09/28 00:03:20.226, 4, 78919 MiB, 100 %, 602.62 W, 1980 MHz
2026/09/28 00:03:20.227, 5, 78919 MiB, 100 %, 623.97 W, 1980 MHz
2026/09/28 00:03:20.227, 6, 78919 MiB, 100 %, 610.65 W, 1965 MHz
2026/09/28 00:03:20.228, 7, 78919 MiB, 100 %, 600.14 W, 1965 MHz
2026/09/28 00:03:21.229, 0, 78919 MiB, 100 %, 559.56 W, 1590 MHz
2026/09/28 00:03:21.230, 1, 78919 MiB, 100 %, 635.09 W, 1965 MHz
2026/09/28 00:03:21.230, 2, 78919 MiB, 100 %, 625.98 W, 1980 MHz
2026/09/28 00:03:21.231, 3, 78919 MiB, 100 %, 614.78 W, 1965 MHz
2026/09/28 00:03:21.232, 4, 78919 MiB, 100 %, 616.53 W, 1965 MHz
2026/09/28 00:03:21.232, 5, 78919 MiB, 100 %, 635.12 W, 1965 MHz
2026/09/28 00:03:21.233, 6, 78919 MiB, 100 %, 634.76 W, 1965 MHz
2026/09/28 00:03:21.233, 7, 78919 MiB, 100 %, 618.68 W, 1980 MHz
2026/09/28 00:03:22.234, 0, 78919 MiB, 100 %, 553.40 W, 1455 MHz
2026/09/28 00:03:22.235, 1, 78919 MiB, 100 %, 631.01 W, 1965 MHz
2026/09/28 00:03:22.236, 2, 78919 MiB, 100 %, 623.01 W, 1965 MHz
2026/09/28 00:03:22.236, 3, 78919 MiB, 100 %, 613.25 W, 1965 MHz
2026/09/28 00:03:22.237, 4, 78919 MiB, 100 %, 609.28 W, 1965 MHz
2026/09/28 00:03:22.237, 5, 78919 MiB, 100 %, 622.60 W, 1980 MHz
2026/09/28 00:03:22.238, 6, 78919 MiB, 100 %, 624.98 W, 1965 MHz
2026/09/28 00:03:22.239, 7, 78919 MiB, 100 %, 615.77 W, 1980 MHz
2026/09/28 00:03:23.239, 0, 78919 MiB, 100 %, 503.29 W, 1500 MHz
2026/09/28 00:03:23.241, 1, 78919 MiB, 100 %, 611.85 W, 1980 MHz
2026/09/28 00:03:23.242, 2, 78919 MiB, 100 %, 615.44 W, 1980 MHz
2026/09/28 00:03:23.242, 3, 78919 MiB, 100 %, 590.90 W, 1980 MHz
2026/09/28 00:03:23.243, 4, 78919 MiB, 100 %, 596.45 W, 1980 MHz
2026/09/28 00:03:23.244, 5, 78919 MiB, 100 %, 606.26 W, 1965 MHz
2026/09/28 00:03:23.244, 6, 78919 MiB, 100 %, 612.38 W, 1980 MHz
2026/09/28 00:03:23.245, 7, 78919 MiB, 100 %, 604.54 W, 1980 MHz
2026/09/28 00:03:24.245, 0, 78919 MiB, 100 %, 481.19 W, 1545 MHz
2026/09/28 00:03:24.246, 1, 78919 MiB, 100 %, 561.88 W, 1980 MHz
2026/09/28 00:03:24.247, 2, 78919 MiB, 100 %, 539.10 W, 1980 MHz
2026/09/28 00:03:24.248, 3, 78919 MiB, 100 %, 530.84 W, 1980 MHz
2026/09/28 00:03:24.248, 4, 78919 MiB, 100 %, 526.03 W, 1980 MHz
2026/09/28 00:03:24.249, 5, 78919 MiB, 100 %, 530.86 W, 1980 MHz
2026/09/28 00:03:24.250, 6, 78919 MiB, 100 %, 561.00 W, 1980 MHz
2026/09/28 00:03:24.250, 7, 78919 MiB, 100 %, 527.18 W, 1980 MHz
2026/09/28 00:03:25.251, 0, 78919 MiB, 100 %, 511.06 W, 1575 MHz
2026/09/28 00:03:25.252, 1, 78919 MiB, 100 %, 581.66 W, 1980 MHz
2026/09/28 00:03:25.253, 2, 78919 MiB, 100 %, 562.82 W, 1980 MHz
2026/09/28 00:03:25.253, 3, 78919 MiB, 100 %, 548.34 W, 1980 MHz
2026/09/28 00:03:25.254, 4, 78919 MiB, 100 %, 542.00 W, 1980 MHz
2026/09/28 00:03:25.254, 5, 78919 MiB, 100 %, 561.41 W, 1980 MHz
2026/09/28 00:03:25.255, 6, 78919 MiB, 100 %, 574.86 W, 1980 MHz
2026/09/28 00:03:25.256, 7, 78919 MiB, 100 %, 541.95 W, 1980 MHz
2026/09/28 00:03:26.256, 0, 78919 MiB, 100 %, 520.90 W, 1545 MHz
2026/09/28 00:03:26.257, 1, 78919 MiB, 100 %, 596.40 W, 1980 MHz
2026/09/28 00:03:26.258, 2, 78919 MiB, 100 %, 576.06 W, 1980 MHz
2026/09/28 00:03:26.259, 3, 78919 MiB, 100 %, 564.99 W, 1980 MHz
2026/09/28 00:03:26.259, 4, 78919 MiB, 100 %, 562.05 W, 1980 MHz
2026/09/28 00:03:26.260, 5, 78919 MiB, 100 %, 575.23 W, 1980 MHz
2026/09/28 00:03:26.260, 6, 78919 MiB, 100 %, 583.10 W, 1980 MHz
2026/09/28 00:03:26.261, 7, 78919 MiB, 100 %, 553.75 W, 1980 MHz
2026/09/28 00:03:27.262, 0, 78919 MiB, 100 %, 532.35 W, 1680 MHz
2026/09/28 00:03:27.263, 1, 78919 MiB, 100 %, 595.79 W, 1980 MHz
2026/09/28 00:03:27.263, 2, 78919 MiB, 100 %, 592.99 W, 1980 MHz
2026/09/28 00:03:27.264, 3, 78919 MiB, 100 %, 577.36 W, 1980 MHz
2026/09/28 00:03:27.265, 4, 78919 MiB, 100 %, 572.66 W, 1980 MHz
2026/09/28 00:03:27.266, 5, 78919 MiB, 100 %, 580.53 W, 1980 MHz
2026/09/28 00:03:27.266, 6, 78919 MiB, 100 %, 599.89 W, 1980 MHz
2026/09/28 00:03:27.267, 7, 78919 MiB, 100 %, 573.71 W, 1980 MHz
2026/09/28 00:03:28.267, 0, 78919 MiB, 100 %, 528.30 W, 1755 MHz
2026/09/28 00:03:28.269, 1, 78919 MiB, 100 %, 603.77 W, 1980 MHz
2026/09/28 00:03:28.269, 2, 78919 MiB, 100 %, 580.89 W, 1980 MHz
2026/09/28 00:03:28.270, 3, 78919 MiB, 100 %, 574.39 W, 1980 MHz
2026/09/28 00:03:28.271, 4, 78919 MiB, 100 %, 566.52 W, 1980 MHz
2026/09/28 00:03:28.271, 5, 78919 MiB, 100 %, 608.01 W, 1980 MHz
2026/09/28 00:03:28.272, 6, 78919 MiB, 100 %, 603.47 W, 1980 MHz
2026/09/28 00:03:28.273, 7, 78919 MiB, 100 %, 582.38 W, 1980 MHz
2026/09/28 00:03:29.273, 0, 78919 MiB, 100 %, 518.74 W, 1485 MHz
2026/09/28 00:03:29.274, 1, 78919 MiB, 100 %, 611.52 W, 1980 MHz
2026/09/28 00:03:29.275, 2, 78919 MiB, 100 %, 600.72 W, 1980 MHz
2026/09/28 00:03:29.276, 3, 78919 MiB, 100 %, 584.86 W, 1980 MHz
2026/09/28 00:03:29.276, 4, 78919 MiB, 100 %, 575.55 W, 1980 MHz
2026/09/28 00:03:29.277, 5, 78919 MiB, 100 %, 595.60 W, 1980 MHz
2026/09/28 00:03:29.278, 6, 78919 MiB, 100 %, 609.24 W, 1980 MHz
2026/09/28 00:03:29.278, 7, 78919 MiB, 100 %, 576.15 W, 1980 MHz
2026/09/28 00:03:30.279, 0, 78919 MiB, 100 %, 516.09 W, 1485 MHz
2026/09/28 00:03:30.280, 1, 78919 MiB, 100 %, 606.77 W, 1980 MHz
2026/09/28 00:03:30.281, 2, 78919 MiB, 100 %, 605.04 W, 1980 MHz
2026/09/28 00:03:30.281, 3, 78919 MiB, 100 %, 580.99 W, 1980 MHz
2026/09/28 00:03:30.282, 4, 78919 MiB, 100 %, 586.80 W, 1980 MHz
2026/09/28 00:03:30.283, 5, 78919 MiB, 100 %, 597.26 W, 1980 MHz
2026/09/28 00:03:30.283, 6, 78919 MiB, 100 %, 609.63 W, 1980 MHz
2026/09/28 00:03:30.284, 7, 78919 MiB, 100 %, 581.32 W, 1980 MHz
2026/09/28 00:03:31.284, 0, 78919 MiB, 100 %, 519.13 W, 1485 MHz
2026/09/28 00:03:31.285, 1, 78919 MiB, 100 %, 616.01 W, 1980 MHz
2026/09/28 00:03:31.286, 2, 78919 MiB, 100 %, 602.88 W, 1980 MHz
2026/09/28 00:03:31.287, 3, 78919 MiB, 100 %, 590.33 W, 1980 MHz
2026/09/28 00:03:31.287, 4, 78919 MiB, 100 %, 594.98 W, 1980 MHz
2026/09/28 00:03:31.288, 5, 78919 MiB, 100 %, 602.90 W, 1980 MHz
2026/09/28 00:03:31.289, 6, 78919 MiB, 100 %, 615.97 W, 1980 MHz
2026/09/28 00:03:31.289, 7, 78919 MiB, 100 %, 591.95 W, 1980 MHz
2026/09/28 00:03:32.290, 0, 78919 MiB, 100 %, 509.88 W, 1365 MHz
2026/09/28 00:03:32.291, 1, 78919 MiB, 100 %, 610.59 W, 1980 MHz
2026/09/28 00:03:32.292, 2, 78919 MiB, 100 %, 610.64 W, 1980 MHz
2026/09/28 00:03:32.292, 3, 78919 MiB, 100 %, 589.47 W, 1980 MHz
2026/09/28 00:03:32.293, 4, 78919 MiB, 100 %, 594.31 W, 1980 MHz
2026/09/28 00:03:32.294, 5, 78919 MiB, 100 %, 621.17 W, 1980 MHz
2026/09/28 00:03:32.294, 6, 78919 MiB, 100 %, 607.72 W, 1980 MHz
2026/09/28 00:03:32.295, 7, 78919 MiB, 100 %, 594.80 W, 1980 MHz
2026/09/28 00:03:33.296, 0, 78919 MiB, 100 %, 464.59 W, 1380 MHz
2026/09/28 00:03:33.297, 1, 78919 MiB, 100 %, 602.70 W, 1980 MHz
2026/09/28 00:03:33.298, 2, 78919 MiB, 100 %, 596.35 W, 1980 MHz
2026/09/28 00:03:33.298, 3, 78919 MiB, 100 %, 578.72 W, 1980 MHz
2026/09/28 00:03:33.299, 4, 78919 MiB, 100 %, 584.55 W, 1980 MHz
2026/09/28 00:03:33.299, 5, 78919 MiB, 100 %, 604.70 W, 1980 MHz
2026/09/28 00:03:33.300, 6, 78919 MiB, 100 %, 600.84 W, 1980 MHz
2026/09/28 00:03:33.301, 7, 78919 MiB, 100 %, 578.03 W, 1980 MHz
2026/09/28 00:03:34.301, 0, 78919 MiB, 100 %, 491.22 W, 1425 MHz
2026/09/28 00:03:34.302, 1, 78919 MiB, 100 %, 613.74 W, 1980 MHz
2026/09/28 00:03:34.303, 2, 78919 MiB, 100 %, 605.55 W, 1980 MHz
2026/09/28 00:03:34.304, 3, 78919 MiB, 100 %, 597.47 W, 1980 MHz
2026/09/28 00:03:34.304, 4, 78919 MiB, 100 %, 597.01 W, 1980 MHz
2026/09/28 00:03:34.305, 5, 78919 MiB, 100 %, 603.51 W, 1980 MHz
2026/09/28 00:03:34.305, 6, 78919 MiB, 100 %, 612.67 W, 1965 MHz
2026/09/28 00:03:34.306, 7, 78919 MiB, 100 %, 599.42 W, 1980 MHz
2026/09/28 00:03:35.307, 0, 78919 MiB, 100 %, 507.19 W, 1365 MHz
2026/09/28 00:03:35.308, 1, 78919 MiB, 100 %, 617.76 W, 1950 MHz
2026/09/28 00:03:35.308, 2, 78919 MiB, 100 %, 609.38 W, 1980 MHz
2026/09/28 00:03:35.309, 3, 78919 MiB, 100 %, 596.71 W, 1965 MHz
2026/09/28 00:03:35.310, 4, 78919 MiB, 100 %, 596.31 W, 1980 MHz
2026/09/28 00:03:35.310, 5, 78919 MiB, 100 %, 614.86 W, 1950 MHz
2026/09/28 00:03:35.311, 6, 78919 MiB, 100 %, 612.44 W, 1980 MHz
2026/09/28 00:03:35.311, 7, 78919 MiB, 100 %, 598.16 W, 1965 MHz
2026/09/28 00:03:36.312, 0, 78919 MiB, 100 %, 486.01 W, 1350 MHz
2026/09/28 00:03:36.313, 1, 78919 MiB, 100 %, 612.74 W, 1965 MHz
2026/09/28 00:03:36.314, 2, 78919 MiB, 100 %, 610.97 W, 1980 MHz
2026/09/28 00:03:36.314, 3, 78919 MiB, 100 %, 595.09 W, 1965 MHz
2026/09/28 00:03:36.315, 4, 78919 MiB, 100 %, 597.54 W, 1980 MHz
2026/09/28 00:03:36.316, 5, 78919 MiB, 100 %, 611.84 W, 1980 MHz
2026/09/28 00:03:36.316, 6, 78919 MiB, 100 %, 610.80 W, 1935 MHz
2026/09/28 00:03:36.317, 7, 78919 MiB, 100 %, 595.60 W, 1980 MHz
2026/09/28 00:03:37.318, 0, 78919 MiB, 100 %, 490.94 W, 1455 MHz
2026/09/28 00:03:37.318, 1, 78919 MiB, 100 %, 608.92 W, 1965 MHz
2026/09/28 00:03:37.319, 2, 78919 MiB, 100 %, 617.96 W, 1965 MHz
2026/09/28 00:03:37.320, 3, 78919 MiB, 100 %, 590.16 W, 1965 MHz
2026/09/28 00:03:37.320, 4, 78919 MiB, 100 %, 600.53 W, 1980 MHz
2026/09/28 00:03:37.321, 5, 78919 MiB, 100 %, 601.00 W, 1965 MHz
2026/09/28 00:03:37.322, 6, 78919 MiB, 100 %, 605.96 W, 1965 MHz
2026/09/28 00:03:37.322, 7, 78919 MiB, 100 %, 606.66 W, 1980 MHz
2026/09/28 00:03:38.323, 0, 78921 MiB, 100 %, 519.65 W, 1770 MHz
2026/09/28 00:03:38.324, 1, 78921 MiB, 100 %, 607.95 W, 1980 MHz
2026/09/28 00:03:38.325, 2, 78921 MiB, 100 %, 601.87 W, 1980 MHz
2026/09/28 00:03:38.326, 3, 78921 MiB, 100 %, 574.02 W, 1980 MHz
2026/09/28 00:03:38.327, 4, 78921 MiB, 100 %, 585.41 W, 1980 MHz
2026/09/28 00:03:38.327, 5, 78921 MiB, 100 %, 598.18 W, 1980 MHz
2026/09/28 00:03:38.328, 6, 78921 MiB, 100 %, 600.70 W, 1980 MHz
2026/09/28 00:03:38.328, 7, 78921 MiB, 100 %, 583.88 W, 1980 MHz
2026/09/28 00:03:39.329, 0, 78921 MiB, 100 %, 523.18 W, 1785 MHz
2026/09/28 00:03:39.330, 1, 78921 MiB, 100 %, 570.42 W, 1980 MHz
2026/09/28 00:03:39.331, 2, 78921 MiB, 100 %, 551.58 W, 1980 MHz
2026/09/28 00:03:39.331, 3, 78921 MiB, 100 %, 538.18 W, 1980 MHz
2026/09/28 00:03:39.332, 4, 78921 MiB, 100 %, 536.96 W, 1980 MHz
2026/09/28 00:03:39.333, 5, 78921 MiB, 100 %, 547.16 W, 1980 MHz
2026/09/28 00:03:39.333, 6, 78921 MiB, 100 %, 560.89 W, 1980 MHz
2026/09/28 00:03:39.334, 7, 78921 MiB, 100 %, 539.25 W, 1980 MHz
2026/09/28 00:03:40.335, 0, 78921 MiB, 100 %, 530.12 W, 1755 MHz
2026/09/28 00:03:40.335, 1, 78921 MiB, 100 %, 589.01 W, 1980 MHz
2026/09/28 00:03:40.336, 2, 78921 MiB, 100 %, 572.69 W, 1980 MHz
2026/09/28 00:03:40.337, 3, 78921 MiB, 100 %, 555.82 W, 1980 MHz
2026/09/28 00:03:40.337, 4, 78921 MiB, 100 %, 561.02 W, 1980 MHz
2026/09/28 00:03:40.338, 5, 78921 MiB, 100 %, 571.60 W, 1980 MHz
2026/09/28 00:03:40.338, 6, 78921 MiB, 100 %, 586.73 W, 1980 MHz
2026/09/28 00:03:40.339, 7, 78921 MiB, 100 %, 554.68 W, 1980 MHz
2026/09/28 00:03:41.340, 0, 78921 MiB, 100 %, 536.84 W, 1530 MHz
2026/09/28 00:03:41.341, 1, 78921 MiB, 100 %, 594.27 W, 1980 MHz
2026/09/28 00:03:41.341, 2, 78921 MiB, 100 %, 573.73 W, 1980 MHz
2026/09/28 00:03:41.342, 3, 78921 MiB, 100 %, 577.84 W, 1980 MHz
2026/09/28 00:03:41.342, 4, 78921 MiB, 100 %, 561.33 W, 1980 MHz
2026/09/28 00:03:41.343, 5, 78921 MiB, 100 %, 568.89 W, 1980 MHz
2026/09/28 00:03:41.344, 6, 78921 MiB, 100 %, 594.87 W, 1980 MHz
2026/09/28 00:03:41.344, 7, 78921 MiB, 100 %, 568.18 W, 1980 MHz
2026/09/28 00:03:42.345, 0, 78921 MiB, 100 %, 528.78 W, 1695 MHz
2026/09/28 00:03:42.346, 1, 78921 MiB, 100 %, 612.89 W, 1980 MHz
2026/09/28 00:03:42.346, 2, 78921 MiB, 100 %, 585.75 W, 1980 MHz
2026/09/28 00:03:42.347, 3, 78921 MiB, 100 %, 575.06 W, 1980 MHz
2026/09/28 00:03:42.348, 4, 78921 MiB, 100 %, 571.16 W, 1980 MHz
2026/09/28 00:03:42.348, 5, 78921 MiB, 100 %, 573.21 W, 1980 MHz
2026/09/28 00:03:42.349, 6, 78921 MiB, 100 %, 603.33 W, 1980 MHz
2026/09/28 00:03:42.349, 7, 78921 MiB, 100 %, 579.54 W, 1980 MHz
2026/09/28 00:03:43.350, 0, 78921 MiB, 100 %, 519.88 W, 1695 MHz
2026/09/28 00:03:43.351, 1, 78921 MiB, 100 %, 609.87 W, 1980 MHz
2026/09/28 00:03:43.352, 2, 78921 MiB, 100 %, 617.79 W, 1980 MHz
2026/09/28 00:03:43.352, 3, 78921 MiB, 100 %, 577.30 W, 1980 MHz
2026/09/28 00:03:43.353, 4, 78921 MiB, 100 %, 604.82 W, 1980 MHz
2026/09/28 00:03:43.353, 5, 78921 MiB, 100 %, 593.05 W, 1980 MHz
2026/09/28 00:03:43.354, 6, 78921 MiB, 100 %, 612.48 W, 1980 MHz
2026/09/28 00:03:43.355, 7, 78921 MiB, 100 %, 565.95 W, 1980 MHz
2026/09/28 00:03:44.355, 0, 78921 MiB, 100 %, 532.33 W, 1440 MHz
2026/09/28 00:03:44.356, 1, 78921 MiB, 100 %, 620.29 W, 1980 MHz
2026/09/28 00:03:44.357, 2, 78921 MiB, 100 %, 611.79 W, 1980 MHz
2026/09/28 00:03:44.358, 3, 78921 MiB, 100 %, 591.52 W, 1980 MHz
2026/09/28 00:03:44.358, 4, 78921 MiB, 100 %, 598.26 W, 1980 MHz
2026/09/28 00:03:44.359, 5, 78921 MiB, 100 %, 605.30 W, 1980 MHz
2026/09/28 00:03:44.359, 6, 78921 MiB, 100 %, 615.92 W, 1980 MHz
2026/09/28 00:03:44.360, 7, 78921 MiB, 100 %, 584.04 W, 1980 MHz
2026/09/28 00:03:45.361, 0, 78921 MiB, 100 %, 528.59 W, 1470 MHz
2026/09/28 00:03:45.362, 1, 78921 MiB, 100 %, 608.17 W, 1980 MHz
2026/09/28 00:03:45.362, 2, 78921 MiB, 100 %, 602.28 W, 1980 MHz
2026/09/28 00:03:45.363, 3, 78921 MiB, 100 %, 588.90 W, 1980 MHz
2026/09/28 00:03:45.364, 4, 78921 MiB, 100 %, 590.17 W, 1980 MHz
2026/09/28 00:03:45.364, 5, 78921 MiB, 100 %, 615.19 W, 1980 MHz
2026/09/28 00:03:45.365, 6, 78921 MiB, 100 %, 604.89 W, 1980 MHz
2026/09/28 00:03:45.365, 7, 78921 MiB, 100 %, 595.42 W, 1980 MHz
2026/09/28 00:03:46.366, 0, 78921 MiB, 100 %, 541.57 W, 1500 MHz
2026/09/28 00:03:46.367, 1, 78921 MiB, 100 %, 617.65 W, 1965 MHz
2026/09/28 00:03:46.367, 2, 78921 MiB, 100 %, 607.59 W, 1980 MHz
2026/09/28 00:03:46.368, 3, 78921 MiB, 100 %, 599.07 W, 1980 MHz
2026/09/28 00:03:46.369, 4, 78921 MiB, 100 %, 599.47 W, 1980 MHz
2026/09/28 00:03:46.369, 5, 78921 MiB, 100 %, 615.64 W, 1980 MHz
2026/09/28 00:03:46.370, 6, 78921 MiB, 100 %, 620.61 W, 1965 MHz
2026/09/28 00:03:46.371, 7, 78921 MiB, 100 %, 604.83 W, 1980 MHz
2026/09/28 00:03:47.371, 0, 78921 MiB, 100 %, 504.18 W, 1350 MHz
2026/09/28 00:03:47.372, 1, 78921 MiB, 100 %, 610.72 W, 1980 MHz
2026/09/28 00:03:47.373, 2, 78921 MiB, 100 %, 607.54 W, 1980 MHz
2026/09/28 00:03:47.374, 3, 78921 MiB, 100 %, 597.36 W, 1980 MHz
2026/09/28 00:03:47.374, 4, 78921 MiB, 100 %, 593.34 W, 1980 MHz
2026/09/28 00:03:47.375, 5, 78921 MiB, 100 %, 612.83 W, 1980 MHz
2026/09/28 00:03:47.375, 6, 78921 MiB, 100 %, 608.15 W, 1980 MHz
2026/09/28 00:03:47.376, 7, 78921 MiB, 100 %, 588.02 W, 1980 MHz
2026/09/28 00:03:48.377, 0, 78921 MiB, 100 %, 491.35 W, 1395 MHz
2026/09/28 00:03:48.377, 1, 78921 MiB, 100 %, 613.72 W, 1965 MHz
2026/09/28 00:03:48.378, 2, 78921 MiB, 100 %, 605.14 W, 1980 MHz
2026/09/28 00:03:48.379, 3, 78921 MiB, 100 %, 589.15 W, 1980 MHz
2026/09/28 00:03:48.379, 4, 78921 MiB, 100 %, 586.25 W, 1980 MHz
2026/09/28 00:03:48.380, 5, 78921 MiB, 100 %, 611.04 W, 1980 MHz
2026/09/28 00:03:48.380, 6, 78921 MiB, 100 %, 603.29 W, 1965 MHz
2026/09/28 00:03:48.381, 7, 78921 MiB, 100 %, 595.26 W, 1965 MHz
2026/09/28 00:03:49.382, 0, 78921 MiB, 100 %, 510.21 W, 1395 MHz
2026/09/28 00:03:49.382, 1, 78921 MiB, 100 %, 608.16 W, 1965 MHz
2026/09/28 00:03:49.383, 2, 78921 MiB, 100 %, 608.96 W, 1980 MHz
2026/09/28 00:03:49.384, 3, 78921 MiB, 100 %, 593.48 W, 1965 MHz
2026/09/28 00:03:49.384, 4, 78921 MiB, 100 %, 596.72 W, 1980 MHz
2026/09/28 00:03:49.385, 5, 78921 MiB, 100 %, 613.60 W, 1965 MHz
2026/09/28 00:03:49.385, 6, 78921 MiB, 100 %, 609.67 W, 1965 MHz
2026/09/28 00:03:49.386, 7, 78921 MiB, 100 %, 601.03 W, 1965 MHz
2026/09/28 00:03:50.387, 0, 78921 MiB, 100 %, 473.49 W, 1395 MHz
2026/09/28 00:03:50.387, 1, 78921 MiB, 100 %, 602.57 W, 1980 MHz
2026/09/28 00:03:50.388, 2, 78921 MiB, 100 %, 597.42 W, 1965 MHz
2026/09/28 00:03:50.389, 3, 78921 MiB, 100 %, 592.34 W, 1980 MHz
2026/09/28 00:03:50.389, 4, 78921 MiB, 100 %, 587.01 W, 1980 MHz
2026/09/28 00:03:50.390, 5, 78921 MiB, 100 %, 595.99 W, 1980 MHz
2026/09/28 00:03:50.391, 6, 78921 MiB, 100 %, 600.72 W, 1965 MHz
2026/09/28 00:03:50.391, 7, 78921 MiB, 100 %, 589.32 W, 1980 MHz
2026/09/28 00:03:51.392, 0, 78921 MiB, 100 %, 469.54 W, 1305 MHz
2026/09/28 00:03:51.393, 1, 78921 MiB, 100 %, 612.62 W, 1965 MHz
2026/09/28 00:03:51.393, 2, 78921 MiB, 100 %, 598.46 W, 1980 MHz
2026/09/28 00:03:51.394, 3, 78921 MiB, 100 %, 585.55 W, 1980 MHz
2026/09/28 00:03:51.395, 4, 78921 MiB, 100 %, 588.30 W, 1980 MHz
2026/09/28 00:03:51.395, 5, 78921 MiB, 100 %, 608.45 W, 1980 MHz
2026/09/28 00:03:51.396, 6, 78921 MiB, 100 %, 611.79 W, 1980 MHz
2026/09/28 00:03:51.396, 7, 78921 MiB, 100 %, 588.41 W, 1980 MHz
2026/09/28 00:03:52.397, 0, 78921 MiB, 100 %, 489.37 W, 1320 MHz
2026/09/28 00:03:52.398, 1, 78921 MiB, 100 %, 615.57 W, 1965 MHz
2026/09/28 00:03:52.399, 2, 78921 MiB, 100 %, 597.89 W, 1950 MHz
2026/09/28 00:03:52.399, 3, 78921 MiB, 100 %, 599.62 W, 1935 MHz
2026/09/28 00:03:52.400, 4, 78921 MiB, 100 %, 596.11 W, 1965 MHz
2026/09/28 00:03:52.401, 5, 78921 MiB, 100 %, 614.42 W, 1980 MHz
2026/09/28 00:03:52.401, 6, 78921 MiB, 100 %, 599.51 W, 1965 MHz
2026/09/28 00:03:52.402, 7, 78921 MiB, 100 %, 599.79 W, 1965 MHz
2026/09/28 00:03:53.402, 0, 78921 MiB, 100 %, 504.56 W, 1680 MHz
2026/09/28 00:03:53.404, 1, 78921 MiB, 100 %, 580.50 W, 1980 MHz
2026/09/28 00:03:53.404, 2, 78921 MiB, 100 %, 572.81 W, 1980 MHz
2026/09/28 00:03:53.405, 3, 78921 MiB, 100 %, 553.17 W, 1980 MHz
2026/09/28 00:03:53.406, 4, 78921 MiB, 100 %, 556.44 W, 1980 MHz
2026/09/28 00:03:53.406, 5, 78921 MiB, 100 %, 580.05 W, 1980 MHz
2026/09/28 00:03:53.407, 6, 78921 MiB, 100 %, 582.47 W, 1980 MHz
2026/09/28 00:03:53.408, 7, 78921 MiB, 100 %, 555.96 W, 1980 MHz
2026/09/28 00:03:54.408, 0, 78921 MiB, 100 %, 514.00 W, 1725 MHz
2026/09/28 00:03:54.409, 1, 78921 MiB, 100 %, 579.15 W, 1980 MHz
2026/09/28 00:03:54.411, 2, 78921 MiB, 100 %, 554.80 W, 1980 MHz
2026/09/28 00:03:54.412, 3, 78921 MiB, 100 %, 543.13 W, 1980 MHz
2026/09/28 00:03:54.414, 4, 78921 MiB, 100 %, 538.01 W, 1980 MHz
2026/09/28 00:03:54.414, 5, 78921 MiB, 100 %, 549.79 W, 1980 MHz
2026/09/28 00:03:54.415, 6, 78921 MiB, 100 %, 580.18 W, 1980 MHz
2026/09/28 00:03:54.416, 7, 78921 MiB, 100 %, 542.33 W, 1980 MHz
2026/09/28 00:03:55.416, 0, 78921 MiB, 100 %, 531.28 W, 1590 MHz
2026/09/28 00:03:55.417, 1, 78921 MiB, 100 %, 580.39 W, 1980 MHz
2026/09/28 00:03:55.418, 2, 78921 MiB, 100 %, 572.07 W, 1980 MHz
2026/09/28 00:03:55.418, 3, 78921 MiB, 100 %, 555.24 W, 1980 MHz
2026/09/28 00:03:55.419, 4, 78921 MiB, 100 %, 554.82 W, 1980 MHz
2026/09/28 00:03:55.420, 5, 78921 MiB, 100 %, 569.22 W, 1980 MHz
2026/09/28 00:03:55.420, 6, 78921 MiB, 100 %, 587.20 W, 1980 MHz
2026/09/28 00:03:55.421, 7, 78921 MiB, 100 %, 562.52 W, 1980 MHz
2026/09/28 00:03:56.422, 0, 78921 MiB, 100 %, 536.33 W, 1710 MHz
2026/09/28 00:03:56.423, 1, 78921 MiB, 100 %, 599.96 W, 1980 MHz
2026/09/28 00:03:56.424, 2, 78921 MiB, 100 %, 579.33 W, 1980 MHz
2026/09/28 00:03:56.426, 3, 78921 MiB, 100 %, 569.00 W, 1980 MHz
2026/09/28 00:03:56.428, 4, 78921 MiB, 100 %, 564.66 W, 1980 MHz
2026/09/28 00:03:56.428, 5, 78921 MiB, 100 %, 556.38 W, 1980 MHz
2026/09/28 00:03:56.429, 6, 78921 MiB, 100 %, 591.06 W, 1980 MHz
2026/09/28 00:03:56.430, 7, 78921 MiB, 100 %, 566.86 W, 1980 MHz
2026/09/28 00:03:57.433, 0, 78921 MiB, 100 %, 508.52 W, 1605 MHz
2026/09/28 00:03:57.433, 1, 78921 MiB, 100 %, 582.75 W, 1980 MHz
2026/09/28 00:03:57.434, 2, 78921 MiB, 100 %, 578.32 W, 1980 MHz
2026/09/28 00:03:57.435, 3, 78921 MiB, 100 %, 547.42 W, 1980 MHz
2026/09/28 00:03:57.435, 4, 78921 MiB, 100 %, 559.86 W, 1980 MHz
2026/09/28 00:03:57.436, 5, 78921 MiB, 100 %, 614.68 W, 1980 MHz
2026/09/28 00:03:57.437, 6, 78921 MiB, 100 %, 585.47 W, 1980 MHz
2026/09/28 00:03:57.437, 7, 78921 MiB, 100 %, 584.58 W, 1980 MHz
2026/09/28 00:03:58.438, 0, 78921 MiB, 100 %, 527.17 W, 1575 MHz
2026/09/28 00:03:58.439, 1, 78921 MiB, 100 %, 614.23 W, 1980 MHz
2026/09/28 00:03:58.439, 2, 78921 MiB, 100 %, 616.12 W, 1980 MHz
2026/09/28 00:03:58.440, 3, 78921 MiB, 100 %, 580.23 W, 1980 MHz
2026/09/28 00:03:58.440, 4, 78921 MiB, 100 %, 613.18 W, 1980 MHz
2026/09/28 00:03:58.441, 5, 78921 MiB, 100 %, 573.36 W, 1980 MHz
2026/09/28 00:03:58.442, 6, 78921 MiB, 100 %, 623.89 W, 1980 MHz
2026/09/28 00:03:58.442, 7, 78921 MiB, 100 %, 569.18 W, 1980 MHz
2026/09/28 00:03:59.443, 0, 78921 MiB, 100 %, 526.83 W, 1485 MHz
2026/09/28 00:03:59.444, 1, 78921 MiB, 100 %, 611.55 W, 1980 MHz
2026/09/28 00:03:59.445, 2, 78921 MiB, 100 %, 610.64 W, 1980 MHz
2026/09/28 00:03:59.445, 3, 78921 MiB, 100 %, 580.21 W, 1980 MHz
2026/09/28 00:03:59.446, 4, 78921 MiB, 100 %, 588.84 W, 1980 MHz
2026/09/28 00:03:59.447, 5, 78921 MiB, 100 %, 603.87 W, 1980 MHz
2026/09/28 00:03:59.447, 6, 78921 MiB, 100 %, 604.75 W, 1980 MHz
2026/09/28 00:03:59.448, 7, 78921 MiB, 100 %, 593.84 W, 1980 MHz
2026/09/28 00:04:00.448, 0, 78921 MiB, 100 %, 489.55 W, 1470 MHz
2026/09/28 00:04:00.449, 1, 78921 MiB, 100 %, 604.65 W, 1980 MHz
2026/09/28 00:04:00.450, 2, 78921 MiB, 100 %, 601.54 W, 1980 MHz
2026/09/28 00:04:00.451, 3, 78921 MiB, 100 %, 581.93 W, 1980 MHz
2026/09/28 00:04:00.451, 4, 78921 MiB, 100 %, 574.19 W, 1980 MHz
2026/09/28 00:04:00.452, 5, 78921 MiB, 100 %, 598.77 W, 1980 MHz
2026/09/28 00:04:00.452, 6, 78921 MiB, 100 %, 604.52 W, 1980 MHz
2026/09/28 00:04:00.453, 7, 78921 MiB, 100 %, 583.77 W, 1980 MHz
2026/09/28 00:04:01.454, 0, 78921 MiB, 100 %, 490.82 W, 1350 MHz
2026/09/28 00:04:01.455, 1, 78921 MiB, 100 %, 604.60 W, 1980 MHz
2026/09/28 00:04:01.455, 2, 78921 MiB, 100 %, 602.28 W, 1980 MHz
2026/09/28 00:04:01.456, 3, 78921 MiB, 100 %, 588.60 W, 1980 MHz
2026/09/28 00:04:01.457, 4, 78921 MiB, 100 %, 586.46 W, 1980 MHz
2026/09/28 00:04:01.457, 5, 78921 MiB, 100 %, 605.53 W, 1980 MHz
2026/09/28 00:04:01.458, 6, 78921 MiB, 100 %, 602.79 W, 1980 MHz
2026/09/28 00:04:01.459, 7, 78921 MiB, 100 %, 587.41 W, 1980 MHz
2026/09/28 00:04:02.459, 0, 78921 MiB, 100 %, 471.82 W, 1410 MHz
2026/09/28 00:04:02.460, 1, 78921 MiB, 100 %, 597.91 W, 1980 MHz
2026/09/28 00:04:02.461, 2, 78921 MiB, 100 %, 598.70 W, 1980 MHz
2026/09/28 00:04:02.462, 3, 78921 MiB, 100 %, 582.68 W, 1980 MHz
2026/09/28 00:04:02.462, 4, 78921 MiB, 100 %, 582.77 W, 1980 MHz
2026/09/28 00:04:02.463, 5, 78921 MiB, 100 %, 596.44 W, 1980 MHz
2026/09/28 00:04:02.464, 6, 78921 MiB, 100 %, 600.20 W, 1980 MHz
2026/09/28 00:04:02.464, 7, 78921 MiB, 100 %, 584.29 W, 1980 MHz
2026/09/28 00:04:03.465, 0, 78921 MiB, 100 %, 493.92 W, 1380 MHz
2026/09/28 00:04:03.466, 1, 78921 MiB, 100 %, 604.45 W, 1980 MHz
2026/09/28 00:04:03.467, 2, 78921 MiB, 100 %, 599.94 W, 1965 MHz
2026/09/28 00:04:03.467, 3, 78921 MiB, 100 %, 589.48 W, 1980 MHz
2026/09/28 00:04:03.468, 4, 78921 MiB, 100 %, 591.74 W, 1965 MHz
2026/09/28 00:04:03.468, 5, 78921 MiB, 100 %, 611.37 W, 1980 MHz
2026/09/28 00:04:03.469, 6, 78921 MiB, 100 %, 612.10 W, 1965 MHz
2026/09/28 00:04:03.469, 7, 78921 MiB, 100 %, 588.57 W, 1980 MHz
2026/09/28 00:04:04.470, 0, 78921 MiB, 100 %, 512.33 W, 1470 MHz
2026/09/28 00:04:04.471, 1, 78921 MiB, 100 %, 621.97 W, 1980 MHz
2026/09/28 00:04:04.472, 2, 78921 MiB, 100 %, 614.25 W, 1965 MHz
2026/09/28 00:04:04.472, 3, 78921 MiB, 100 %, 595.77 W, 1980 MHz
2026/09/28 00:04:04.473, 4, 78921 MiB, 100 %, 598.16 W, 1980 MHz
2026/09/28 00:04:04.473, 5, 78921 MiB, 100 %, 610.94 W, 1980 MHz
2026/09/28 00:04:04.474, 6, 78921 MiB, 100 %, 612.73 W, 1980 MHz
2026/09/28 00:04:04.474, 7, 78921 MiB, 100 %, 597.90 W, 1965 MHz
2026/09/28 00:04:05.475, 0, 78921 MiB, 100 %, 526.28 W, 1425 MHz
2026/09/28 00:04:05.476, 1, 78921 MiB, 100 %, 626.67 W, 1965 MHz
2026/09/28 00:04:05.477, 2, 78921 MiB, 100 %, 622.03 W, 1980 MHz
2026/09/28 00:04:05.477, 3, 78921 MiB, 100 %, 612.34 W, 1965 MHz
2026/09/28 00:04:05.478, 4, 78921 MiB, 100 %, 607.96 W, 1980 MHz
2026/09/28 00:04:05.478, 5, 78921 MiB, 100 %, 621.02 W, 1920 MHz
2026/09/28 00:04:05.479, 6, 78921 MiB, 100 %, 618.82 W, 1965 MHz
2026/09/28 00:04:05.480, 7, 78921 MiB, 100 %, 613.94 W, 1965 MHz
2026/09/28 00:04:06.480, 0, 78921 MiB, 100 %, 471.68 W, 1380 MHz
2026/09/28 00:04:06.481, 1, 78921 MiB, 100 %, 607.07 W, 1980 MHz
2026/09/28 00:04:06.482, 2, 78921 MiB, 100 %, 598.16 W, 1980 MHz
2026/09/28 00:04:06.482, 3, 78921 MiB, 100 %, 589.36 W, 1980 MHz
2026/09/28 00:04:06.483, 4, 78921 MiB, 100 %, 583.05 W, 1965 MHz
2026/09/28 00:04:06.483, 5, 78921 MiB, 100 %, 604.64 W, 1980 MHz
2026/09/28 00:04:06.484, 6, 78921 MiB, 100 %, 606.32 W, 1965 MHz
2026/09/28 00:04:06.485, 7, 78921 MiB, 100 %, 586.78 W, 1980 MHz
2026/09/28 00:04:07.485, 0, 78921 MiB, 100 %, 475.66 W, 1365 MHz
2026/09/28 00:04:07.486, 1, 78921 MiB, 100 %, 614.09 W, 1965 MHz
2026/09/28 00:04:07.487, 2, 78921 MiB, 100 %, 599.45 W, 1965 MHz
2026/09/28 00:04:07.487, 3, 78921 MiB, 100 %, 588.49 W, 1965 MHz
2026/09/28 00:04:07.488, 4, 78921 MiB, 100 %, 593.86 W, 1965 MHz
2026/09/28 00:04:07.489, 5, 78921 MiB, 100 %, 607.56 W, 1965 MHz
2026/09/28 00:04:07.489, 6, 78921 MiB, 100 %, 612.39 W, 1965 MHz
2026/09/28 00:04:07.490, 7, 78921 MiB, 100 %, 582.84 W, 1950 MHz
2026/09/28 00:04:08.491, 0, 78921 MiB, 100 %, 482.32 W, 1635 MHz
2026/09/28 00:04:08.492, 1, 78921 MiB, 100 %, 572.31 W, 1980 MHz
2026/09/28 00:04:08.492, 2, 78921 MiB, 100 %, 545.73 W, 1980 MHz
2026/09/28 00:04:08.493, 3, 78921 MiB, 100 %, 543.39 W, 1980 MHz
2026/09/28 00:04:08.494, 4, 78921 MiB, 100 %, 532.90 W, 1980 MHz
2026/09/28 00:04:08.494, 5, 78921 MiB, 100 %, 556.36 W, 1980 MHz
2026/09/28 00:04:08.495, 6, 78921 MiB, 100 %, 564.79 W, 1980 MHz
2026/09/28 00:04:08.496, 7, 78921 MiB, 100 %, 545.93 W, 1980 MHz
2026/09/28 00:04:09.496, 0, 78921 MiB, 100 %, 511.79 W, 1605 MHz
2026/09/28 00:04:09.497, 1, 78921 MiB, 100 %, 573.98 W, 1980 MHz
2026/09/28 00:04:09.498, 2, 78921 MiB, 100 %, 565.12 W, 1980 MHz
2026/09/28 00:04:09.499, 3, 78921 MiB, 100 %, 546.12 W, 1980 MHz
2026/09/28 00:04:09.499, 4, 78921 MiB, 100 %, 542.57 W, 1980 MHz
2026/09/28 00:04:09.500, 5, 78921 MiB, 100 %, 545.91 W, 1980 MHz
2026/09/28 00:04:09.500, 6, 78921 MiB, 100 %, 576.10 W, 1980 MHz
2026/09/28 00:04:09.501, 7, 78921 MiB, 100 %, 542.31 W, 1980 MHz
2026/09/28 00:04:10.502, 0, 78921 MiB, 100 %, 527.46 W, 1740 MHz
2026/09/28 00:04:10.503, 1, 78921 MiB, 100 %, 596.95 W, 1980 MHz
2026/09/28 00:04:10.503, 2, 78921 MiB, 100 %, 571.78 W, 1980 MHz
2026/09/28 00:04:10.504, 3, 78921 MiB, 100 %, 554.52 W, 1980 MHz
2026/09/28 00:04:10.505, 4, 78921 MiB, 100 %, 567.11 W, 1980 MHz
2026/09/28 00:04:10.505, 5, 78921 MiB, 100 %, 578.35 W, 1980 MHz
2026/09/28 00:04:10.506, 6, 78921 MiB, 100 %, 586.10 W, 1980 MHz
2026/09/28 00:04:10.506, 7, 78921 MiB, 100 %, 561.88 W, 1980 MHz
2026/09/28 00:04:11.507, 0, 78921 MiB, 100 %, 533.16 W, 1650 MHz
2026/09/28 00:04:11.508, 1, 78921 MiB, 100 %, 603.22 W, 1980 MHz
2026/09/28 00:04:11.509, 2, 78921 MiB, 100 %, 587.48 W, 1980 MHz
2026/09/28 00:04:11.509, 3, 78921 MiB, 100 %, 574.54 W, 1980 MHz
2026/09/28 00:04:11.510, 4, 78921 MiB, 100 %, 565.62 W, 1980 MHz
2026/09/28 00:04:11.510, 5, 78921 MiB, 100 %, 579.07 W, 1980 MHz
2026/09/28 00:04:11.511, 6, 78921 MiB, 100 %, 594.03 W, 1980 MHz
2026/09/28 00:04:11.512, 7, 78921 MiB, 100 %, 574.27 W, 1980 MHz
2026/09/28 00:04:12.512, 0, 78921 MiB, 100 %, 532.18 W, 1485 MHz
2026/09/28 00:04:12.513, 1, 78921 MiB, 100 %, 579.38 W, 1980 MHz
2026/09/28 00:04:12.514, 2, 78921 MiB, 100 %, 578.58 W, 1980 MHz
2026/09/28 00:04:12.514, 3, 78921 MiB, 100 %, 566.42 W, 1980 MHz
2026/09/28 00:04:12.515, 4, 78921 MiB, 100 %, 560.09 W, 1980 MHz
2026/09/28 00:04:12.516, 5, 78921 MiB, 100 %, 605.76 W, 1980 MHz
2026/09/28 00:04:12.516, 6, 78921 MiB, 100 %, 588.42 W, 1980 MHz
2026/09/28 00:04:12.517, 7, 78921 MiB, 100 %, 602.69 W, 1980 MHz
2026/09/28 00:04:13.517, 0, 78921 MiB, 100 %, 547.65 W, 1530 MHz
2026/09/28 00:04:13.518, 1, 78921 MiB, 100 %, 622.94 W, 1980 MHz
2026/09/28 00:04:13.519, 2, 78921 MiB, 100 %, 597.28 W, 1980 MHz
2026/09/28 00:04:13.520, 3, 78921 MiB, 100 %, 586.35 W, 1980 MHz
2026/09/28 00:04:13.520, 4, 78921 MiB, 100 %, 586.92 W, 1980 MHz
2026/09/28 00:04:13.521, 5, 78921 MiB, 100 %, 606.65 W, 1980 MHz
2026/09/28 00:04:13.521, 6, 78921 MiB, 100 %, 608.63 W, 1980 MHz
2026/09/28 00:04:13.522, 7, 78921 MiB, 100 %, 578.19 W, 1980 MHz
2026/09/28 00:04:14.523, 0, 78921 MiB, 100 %, 522.20 W, 1530 MHz
2026/09/28 00:04:14.523, 1, 78921 MiB, 100 %, 615.86 W, 1980 MHz
2026/09/28 00:04:14.524, 2, 78921 MiB, 100 %, 618.50 W, 1980 MHz
2026/09/28 00:04:14.525, 3, 78921 MiB, 100 %, 584.08 W, 1980 MHz
2026/09/28 00:04:14.525, 4, 78921 MiB, 100 %, 597.15 W, 1980 MHz
2026/09/28 00:04:14.526, 5, 78921 MiB, 100 %, 606.73 W, 1980 MHz
2026/09/28 00:04:14.526, 6, 78921 MiB, 100 %, 613.65 W, 1980 MHz
2026/09/28 00:04:14.527, 7, 78921 MiB, 100 %, 583.08 W, 1980 MHz
2026/09/28 00:04:15.528, 0, 78921 MiB, 100 %, 507.40 W, 1470 MHz
2026/09/28 00:04:15.529, 1, 78921 MiB, 100 %, 604.05 W, 1980 MHz
2026/09/28 00:04:15.529, 2, 78921 MiB, 100 %, 611.48 W, 1965 MHz
2026/09/28 00:04:15.530, 3, 78921 MiB, 100 %, 584.59 W, 1980 MHz
2026/09/28 00:04:15.531, 4, 78921 MiB, 100 %, 594.94 W, 1980 MHz
2026/09/28 00:04:15.531, 5, 78921 MiB, 100 %, 605.62 W, 1980 MHz
2026/09/28 00:04:15.532, 6, 78921 MiB, 100 %, 603.23 W, 1980 MHz
2026/09/28 00:04:15.533, 7, 78921 MiB, 100 %, 591.72 W, 1980 MHz
2026/09/28 00:04:16.533, 0, 78921 MiB, 100 %, 509.54 W, 1395 MHz
2026/09/28 00:04:16.534, 1, 78921 MiB, 100 %, 612.07 W, 1965 MHz
2026/09/28 00:04:16.535, 2, 78921 MiB, 100 %, 608.39 W, 1980 MHz
2026/09/28 00:04:16.535, 3, 78921 MiB, 100 %, 594.45 W, 1980 MHz
2026/09/28 00:04:16.536, 4, 78921 MiB, 100 %, 597.90 W, 1980 MHz
2026/09/28 00:04:16.537, 5, 78921 MiB, 100 %, 603.58 W, 1980 MHz
2026/09/28 00:04:16.537, 6, 78921 MiB, 100 %, 611.72 W, 1980 MHz
2026/09/28 00:04:16.538, 7, 78921 MiB, 100 %, 594.90 W, 1980 MHz
2026/09/28 00:04:17.539, 0, 78921 MiB, 100 %, 499.98 W, 1440 MHz
2026/09/28 00:04:17.540, 1, 78921 MiB, 100 %, 609.85 W, 1980 MHz
2026/09/28 00:04:17.540, 2, 78921 MiB, 100 %, 606.56 W, 1980 MHz
2026/09/28 00:04:17.541, 3, 78921 MiB, 100 %, 588.77 W, 1980 MHz
2026/09/28 00:04:17.541, 4, 78921 MiB, 100 %, 586.55 W, 1980 MHz
2026/09/28 00:04:17.542, 5, 78921 MiB, 100 %, 612.50 W, 1965 MHz
2026/09/28 00:04:17.543, 6, 78921 MiB, 100 %, 609.57 W, 1980 MHz
2026/09/28 00:04:17.543, 7, 78921 MiB, 100 %, 594.23 W, 1980 MHz
2026/09/28 00:04:18.544, 0, 78921 MiB, 100 %, 498.25 W, 1320 MHz
2026/09/28 00:04:18.545, 1, 78921 MiB, 100 %, 614.65 W, 1965 MHz
2026/09/28 00:04:18.546, 2, 78921 MiB, 100 %, 606.72 W, 1980 MHz
2026/09/28 00:04:18.546, 3, 78921 MiB, 100 %, 598.11 W, 1980 MHz
2026/09/28 00:04:18.547, 4, 78921 MiB, 100 %, 594.80 W, 1980 MHz
2026/09/28 00:04:18.547, 5, 78921 MiB, 100 %, 612.67 W, 1965 MHz
2026/09/28 00:04:18.548, 6, 78921 MiB, 100 %, 619.85 W, 1980 MHz
2026/09/28 00:04:18.549, 7, 78921 MiB, 100 %, 598.80 W, 1980 MHz
2026/09/28 00:04:19.549, 0, 78921 MiB, 100 %, 497.58 W, 1365 MHz
2026/09/28 00:04:19.550, 1, 78921 MiB, 100 %, 609.46 W, 1965 MHz
2026/09/28 00:04:19.551, 2, 78921 MiB, 100 %, 598.48 W, 1965 MHz
2026/09/28 00:04:19.551, 3, 78921 MiB, 100 %, 595.98 W, 1980 MHz
2026/09/28 00:04:19.552, 4, 78921 MiB, 100 %, 592.58 W, 1980 MHz
2026/09/28 00:04:19.553, 5, 78921 MiB, 100 %, 612.09 W, 1965 MHz
2026/09/28 00:04:19.553, 6, 78921 MiB, 100 %, 608.99 W, 1965 MHz
2026/09/28 00:04:19.554, 7, 78921 MiB, 100 %, 601.45 W, 1965 MHz
2026/09/28 00:04:20.554, 0, 78921 MiB, 100 %, 502.44 W, 1350 MHz
2026/09/28 00:04:20.555, 1, 78921 MiB, 100 %, 612.42 W, 1965 MHz
2026/09/28 00:04:20.556, 2, 78921 MiB, 100 %, 613.21 W, 1965 MHz
2026/09/28 00:04:20.557, 3, 78921 MiB, 100 %, 598.33 W, 1965 MHz
2026/09/28 00:04:20.557, 4, 78921 MiB, 100 %, 598.48 W, 1980 MHz
2026/09/28 00:04:20.558, 5, 78921 MiB, 100 %, 615.78 W, 1980 MHz
2026/09/28 00:04:20.558, 6, 78921 MiB, 100 %, 617.49 W, 1965 MHz
2026/09/28 00:04:20.559, 7, 78921 MiB, 100 %, 601.07 W, 1980 MHz
2026/09/28 00:04:21.560, 0, 78921 MiB, 100 %, 481.19 W, 1380 MHz
2026/09/28 00:04:21.560, 1, 78921 MiB, 100 %, 610.22 W, 1965 MHz
2026/09/28 00:04:21.561, 2, 78921 MiB, 100 %, 613.46 W, 1980 MHz
2026/09/28 00:04:21.562, 3, 78921 MiB, 100 %, 585.25 W, 1950 MHz
2026/09/28 00:04:21.562, 4, 78921 MiB, 100 %, 602.82 W, 1965 MHz
2026/09/28 00:04:21.563, 5, 78921 MiB, 100 %, 608.47 W, 1965 MHz
2026/09/28 00:04:21.563, 6, 78921 MiB, 100 %, 609.48 W, 1965 MHz
2026/09/28 00:04:21.564, 7, 78921 MiB, 100 %, 603.09 W, 1980 MHz
2026/09/28 00:04:22.565, 0, 78921 MiB, 100 %, 501.83 W, 1440 MHz
2026/09/28 00:04:22.565, 1, 78921 MiB, 100 %, 620.70 W, 1965 MHz
2026/09/28 00:04:22.566, 2, 78921 MiB, 100 %, 604.56 W, 1980 MHz
2026/09/28 00:04:22.567, 3, 78921 MiB, 100 %, 591.53 W, 1980 MHz
2026/09/28 00:04:22.567, 4, 78921 MiB, 100 %, 592.31 W, 1980 MHz
2026/09/28 00:04:22.568, 5, 78921 MiB, 100 %, 615.40 W, 1980 MHz
2026/09/28 00:04:22.569, 6, 78921 MiB, 100 %, 621.92 W, 1980 MHz
2026/09/28 00:04:22.569, 7, 78921 MiB, 100 %, 598.69 W, 1980 MHz
2026/09/28 00:04:23.570, 0, 78921 MiB, 100 %, 513.46 W, 1620 MHz
2026/09/28 00:04:23.571, 1, 78921 MiB, 100 %, 587.35 W, 1980 MHz
2026/09/28 00:04:23.571, 2, 78921 MiB, 100 %, 544.37 W, 1980 MHz
2026/09/28 00:04:23.572, 3, 78921 MiB, 100 %, 534.31 W, 1980 MHz
2026/09/28 00:04:23.573, 4, 78921 MiB, 100 %, 535.10 W, 1980 MHz
2026/09/28 00:04:23.573, 5, 78921 MiB, 100 %, 563.11 W, 1980 MHz
2026/09/28 00:04:23.574, 6, 78921 MiB, 100 %, 568.91 W, 1980 MHz
2026/09/28 00:04:23.575, 7, 78921 MiB, 100 %, 543.54 W, 1980 MHz
2026/09/28 00:04:24.575, 0, 78921 MiB, 100 %, 518.40 W, 1635 MHz
2026/09/28 00:04:24.576, 1, 78921 MiB, 100 %, 585.30 W, 1980 MHz
2026/09/28 00:04:24.577, 2, 78921 MiB, 100 %, 557.79 W, 1980 MHz
2026/09/28 00:04:24.577, 3, 78921 MiB, 100 %, 547.65 W, 1980 MHz
2026/09/28 00:04:24.578, 4, 78921 MiB, 100 %, 554.20 W, 1980 MHz
2026/09/28 00:04:24.579, 5, 78921 MiB, 100 %, 553.61 W, 1980 MHz
2026/09/28 00:04:24.579, 6, 78921 MiB, 100 %, 584.64 W, 1980 MHz
2026/09/28 00:04:24.580, 7, 78921 MiB, 100 %, 545.07 W, 1980 MHz
2026/09/28 00:04:25.580, 0, 78921 MiB, 100 %, 529.90 W, 1665 MHz
2026/09/28 00:04:25.581, 1, 78921 MiB, 100 %, 588.97 W, 1980 MHz
2026/09/28 00:04:25.582, 2, 78921 MiB, 100 %, 566.93 W, 1980 MHz
2026/09/28 00:04:25.583, 3, 78921 MiB, 100 %, 562.23 W, 1980 MHz
2026/09/28 00:04:25.583, 4, 78921 MiB, 100 %, 554.15 W, 1980 MHz
2026/09/28 00:04:25.584, 5, 78921 MiB, 100 %, 570.42 W, 1980 MHz
2026/09/28 00:04:25.585, 6, 78921 MiB, 100 %, 586.61 W, 1980 MHz
2026/09/28 00:04:25.585, 7, 78921 MiB, 100 %, 564.79 W, 1980 MHz
2026/09/28 00:04:26.586, 0, 78921 MiB, 100 %, 520.85 W, 1590 MHz
2026/09/28 00:04:26.587, 1, 78921 MiB, 100 %, 599.48 W, 1980 MHz
2026/09/28 00:04:26.587, 2, 78921 MiB, 100 %, 581.11 W, 1980 MHz
2026/09/28 00:04:26.588, 3, 78921 MiB, 100 %, 561.71 W, 1980 MHz
2026/09/28 00:04:26.589, 4, 78921 MiB, 100 %, 569.52 W, 1980 MHz
2026/09/28 00:04:26.589, 5, 78921 MiB, 100 %, 583.17 W, 1980 MHz
2026/09/28 00:04:26.590, 6, 78921 MiB, 100 %, 591.51 W, 1980 MHz
2026/09/28 00:04:26.591, 7, 78921 MiB, 100 %, 572.95 W, 1980 MHz
2026/09/28 00:04:27.591, 0, 78921 MiB, 100 %, 510.04 W, 1470 MHz
2026/09/28 00:04:27.592, 1, 78921 MiB, 100 %, 610.09 W, 1980 MHz
2026/09/28 00:04:27.593, 2, 78921 MiB, 100 %, 588.83 W, 1980 MHz
2026/09/28 00:04:27.593, 3, 78921 MiB, 100 %, 575.99 W, 1980 MHz
2026/09/28 00:04:27.594, 4, 78921 MiB, 100 %, 586.37 W, 1980 MHz
2026/09/28 00:04:27.594, 5, 78921 MiB, 100 %, 579.44 W, 1980 MHz
2026/09/28 00:04:27.595, 6, 78921 MiB, 100 %, 608.17 W, 1980 MHz
2026/09/28 00:04:27.596, 7, 78921 MiB, 100 %, 566.54 W, 1980 MHz
2026/09/28 00:04:28.596, 0, 78921 MiB, 100 %, 505.95 W, 1500 MHz
2026/09/28 00:04:28.597, 1, 78921 MiB, 100 %, 620.63 W, 1980 MHz
2026/09/28 00:04:28.598, 2, 78921 MiB, 100 %, 593.92 W, 1980 MHz
2026/09/28 00:04:28.598, 3, 78921 MiB, 100 %, 582.55 W, 1980 MHz
2026/09/28 00:04:28.599, 4, 78921 MiB, 100 %, 583.48 W, 1980 MHz
2026/09/28 00:04:28.599, 5, 78921 MiB, 100 %, 589.52 W, 1980 MHz
2026/09/28 00:04:28.600, 6, 78921 MiB, 100 %, 613.10 W, 1980 MHz
2026/09/28 00:04:28.601, 7, 78921 MiB, 100 %, 572.65 W, 1980 MHz
2026/09/28 00:04:29.601, 0, 78921 MiB, 100 %, 506.40 W, 1410 MHz
2026/09/28 00:04:29.602, 1, 78921 MiB, 100 %, 618.13 W, 1965 MHz
2026/09/28 00:04:29.603, 2, 78921 MiB, 100 %, 605.27 W, 1980 MHz
2026/09/28 00:04:29.603, 3, 78921 MiB, 100 %, 585.87 W, 1980 MHz
2026/09/28 00:04:29.604, 4, 78921 MiB, 100 %, 576.32 W, 1980 MHz
2026/09/28 00:04:29.605, 5, 78921 MiB, 100 %, 600.53 W, 1980 MHz
2026/09/28 00:04:29.605, 6, 78921 MiB, 100 %, 623.78 W, 1980 MHz
2026/09/28 00:04:29.606, 7, 78921 MiB, 100 %, 582.50 W, 1980 MHz
2026/09/28 00:04:30.607, 0, 78921 MiB, 100 %, 493.28 W, 1485 MHz
2026/09/28 00:04:30.608, 1, 78921 MiB, 100 %, 614.12 W, 1980 MHz
2026/09/28 00:04:30.608, 2, 78921 MiB, 100 %, 604.20 W, 1980 MHz
2026/09/28 00:04:30.609, 3, 78921 MiB, 100 %, 582.26 W, 1980 MHz
2026/09/28 00:04:30.610, 4, 78921 MiB, 100 %, 591.09 W, 1980 MHz
2026/09/28 00:04:30.610, 5, 78921 MiB, 100 %, 604.54 W, 1980 MHz
2026/09/28 00:04:30.611, 6, 78921 MiB, 100 %, 601.24 W, 1980 MHz
2026/09/28 00:04:30.611, 7, 78921 MiB, 100 %, 587.52 W, 1980 MHz
2026/09/28 00:04:31.612, 0, 78921 MiB, 100 %, 493.39 W, 1425 MHz
2026/09/28 00:04:31.613, 1, 78921 MiB, 100 %, 616.30 W, 1980 MHz
2026/09/28 00:04:31.614, 2, 78921 MiB, 100 %, 588.06 W, 1980 MHz
2026/09/28 00:04:31.614, 3, 78921 MiB, 100 %, 590.11 W, 1980 MHz
2026/09/28 00:04:31.615, 4, 78921 MiB, 100 %, 579.78 W, 1980 MHz
2026/09/28 00:04:31.615, 5, 78921 MiB, 100 %, 600.14 W, 1980 MHz
2026/09/28 00:04:31.616, 6, 78921 MiB, 100 %, 609.44 W, 1980 MHz
2026/09/28 00:04:31.617, 7, 78921 MiB, 100 %, 587.43 W, 1980 MHz
2026/09/28 00:04:32.617, 0, 78921 MiB, 100 %, 477.51 W, 1350 MHz
2026/09/28 00:04:32.618, 1, 78921 MiB, 100 %, 610.26 W, 1980 MHz
2026/09/28 00:04:32.619, 2, 78921 MiB, 100 %, 598.92 W, 1965 MHz
2026/09/28 00:04:32.619, 3, 78921 MiB, 100 %, 583.55 W, 1980 MHz
2026/09/28 00:04:32.620, 4, 78921 MiB, 100 %, 584.63 W, 1980 MHz
2026/09/28 00:04:32.621, 5, 78921 MiB, 100 %, 599.09 W, 1965 MHz
2026/09/28 00:04:32.621, 6, 78921 MiB, 100 %, 601.57 W, 1980 MHz
2026/09/28 00:04:32.622, 7, 78921 MiB, 100 %, 588.93 W, 1980 MHz
2026/09/28 00:04:33.623, 0, 78921 MiB, 100 %, 494.86 W, 1425 MHz
2026/09/28 00:04:33.624, 1, 78921 MiB, 100 %, 627.17 W, 1965 MHz
2026/09/28 00:04:33.624, 2, 78921 MiB, 100 %, 606.12 W, 1980 MHz
2026/09/28 00:04:33.625, 3, 78921 MiB, 100 %, 596.88 W, 1980 MHz
2026/09/28 00:04:33.626, 4, 78921 MiB, 100 %, 596.47 W, 1980 MHz
2026/09/28 00:04:33.626, 5, 78921 MiB, 100 %, 613.77 W, 1980 MHz
2026/09/28 00:04:33.627, 6, 78921 MiB, 100 %, 609.87 W, 1965 MHz
2026/09/28 00:04:33.627, 7, 78921 MiB, 100 %, 592.61 W, 1980 MHz
2026/09/28 00:04:34.628, 0, 78921 MiB, 100 %, 499.25 W, 1425 MHz
2026/09/28 00:04:34.629, 1, 78921 MiB, 100 %, 619.67 W, 1965 MHz
2026/09/28 00:04:34.630, 2, 78921 MiB, 100 %, 609.73 W, 1965 MHz
2026/09/28 00:04:34.630, 3, 78921 MiB, 100 %, 593.33 W, 1980 MHz
2026/09/28 00:04:34.631, 4, 78921 MiB, 100 %, 592.43 W, 1965 MHz
2026/09/28 00:04:34.632, 5, 78921 MiB, 100 %, 616.60 W, 1935 MHz
2026/09/28 00:04:34.632, 6, 78921 MiB, 100 %, 607.33 W, 1965 MHz
2026/09/28 00:04:34.633, 7, 78921 MiB, 100 %, 600.72 W, 1980 MHz
2026/09/28 00:04:35.634, 0, 78921 MiB, 100 %, 515.81 W, 1395 MHz
2026/09/28 00:04:35.635, 1, 78921 MiB, 100 %, 627.82 W, 1950 MHz
2026/09/28 00:04:35.635, 2, 78921 MiB, 100 %, 617.44 W, 1965 MHz
2026/09/28 00:04:35.636, 3, 78921 MiB, 100 %, 602.31 W, 1965 MHz
2026/09/28 00:04:35.637, 4, 78921 MiB, 100 %, 602.82 W, 1980 MHz
2026/09/28 00:04:35.637, 5, 78921 MiB, 100 %, 623.29 W, 1965 MHz
2026/09/28 00:04:35.638, 6, 78921 MiB, 100 %, 617.55 W, 1950 MHz
2026/09/28 00:04:35.638, 7, 78921 MiB, 100 %, 606.92 W, 1980 MHz
2026/09/28 00:04:36.639, 0, 78921 MiB, 100 %, 519.26 W, 1260 MHz
2026/09/28 00:04:36.640, 1, 78921 MiB, 100 %, 624.74 W, 1965 MHz
2026/09/28 00:04:36.641, 2, 78921 MiB, 100 %, 613.13 W, 1920 MHz
2026/09/28 00:04:36.641, 3, 78921 MiB, 100 %, 604.09 W, 1965 MHz
2026/09/28 00:04:36.642, 4, 78921 MiB, 100 %, 608.49 W, 1965 MHz
2026/09/28 00:04:36.642, 5, 78921 MiB, 100 %, 619.82 W, 1965 MHz
2026/09/28 00:04:36.643, 6, 78921 MiB, 100 %, 625.54 W, 1965 MHz
2026/09/28 00:04:36.644, 7, 78921 MiB, 100 %, 607.22 W, 1965 MHz
2026/09/28 00:04:37.644, 0, 78921 MiB, 100 %, 469.62 W, 1440 MHz
2026/09/28 00:04:37.645, 1, 78921 MiB, 100 %, 615.12 W, 1980 MHz
2026/09/28 00:04:37.646, 2, 78921 MiB, 100 %, 598.05 W, 1980 MHz
2026/09/28 00:04:37.646, 3, 78921 MiB, 100 %, 577.54 W, 1980 MHz
2026/09/28 00:04:37.647, 4, 78921 MiB, 100 %, 582.80 W, 1980 MHz
2026/09/28 00:04:37.648, 5, 78921 MiB, 100 %, 595.16 W, 1980 MHz
2026/09/28 00:04:37.648, 6, 78921 MiB, 100 %, 607.15 W, 1980 MHz
2026/09/28 00:04:37.649, 7, 78921 MiB, 100 %, 586.42 W, 1980 MHz
2026/09/28 00:04:38.650, 0, 78921 MiB, 100 %, 494.08 W, 1665 MHz
2026/09/28 00:04:38.651, 1, 78921 MiB, 100 %, 569.28 W, 1980 MHz
2026/09/28 00:04:38.651, 2, 78921 MiB, 100 %, 542.70 W, 1980 MHz
2026/09/28 00:04:38.652, 3, 78921 MiB, 100 %, 528.34 W, 1980 MHz
2026/09/28 00:04:38.653, 4, 78921 MiB, 100 %, 526.25 W, 1980 MHz
2026/09/28 00:04:38.653, 5, 78921 MiB, 100 %, 535.09 W, 1980 MHz
2026/09/28 00:04:38.654, 6, 78921 MiB, 100 %, 551.52 W, 1980 MHz
2026/09/28 00:04:38.655, 7, 78921 MiB, 100 %, 526.17 W, 1980 MHz
2026/09/28 00:04:39.655, 0, 78921 MiB, 100 %, 508.23 W, 1680 MHz
2026/09/28 00:04:39.656, 1, 78921 MiB, 100 %, 591.17 W, 1980 MHz
2026/09/28 00:04:39.657, 2, 78921 MiB, 100 %, 567.94 W, 1980 MHz
2026/09/28 00:04:39.658, 3, 78921 MiB, 100 %, 551.17 W, 1980 MHz
2026/09/28 00:04:39.658, 4, 78921 MiB, 100 %, 542.70 W, 1980 MHz
2026/09/28 00:04:39.659, 5, 78921 MiB, 100 %, 558.70 W, 1980 MHz
2026/09/28 00:04:39.659, 6, 78921 MiB, 100 %, 583.66 W, 1980 MHz
2026/09/28 00:04:39.660, 7, 78921 MiB, 100 %, 544.77 W, 1980 MHz
2026/09/28 00:04:40.661, 0, 78921 MiB, 100 %, 516.07 W, 1710 MHz
2026/09/28 00:04:40.661, 1, 78921 MiB, 100 %, 600.90 W, 1980 MHz
2026/09/28 00:04:40.662, 2, 78921 MiB, 100 %, 575.41 W, 1980 MHz
2026/09/28 00:04:40.663, 3, 78921 MiB, 100 %, 569.32 W, 1980 MHz
2026/09/28 00:04:40.664, 4, 78921 MiB, 100 %, 563.71 W, 1980 MHz
2026/09/28 00:04:40.664, 5, 78921 MiB, 100 %, 566.92 W, 1980 MHz
2026/09/28 00:04:40.665, 6, 78921 MiB, 100 %, 595.08 W, 1980 MHz
2026/09/28 00:04:40.665, 7, 78921 MiB, 100 %, 560.17 W, 1980 MHz
2026/09/28 00:04:41.666, 0, 78921 MiB, 100 %, 513.89 W, 1545 MHz
2026/09/28 00:04:41.667, 1, 78921 MiB, 100 %, 580.93 W, 1980 MHz
2026/09/28 00:04:41.668, 2, 78921 MiB, 100 %, 572.85 W, 1980 MHz
2026/09/28 00:04:41.669, 3, 78921 MiB, 100 %, 552.54 W, 1980 MHz
2026/09/28 00:04:41.669, 4, 78921 MiB, 100 %, 550.84 W, 1980 MHz
2026/09/28 00:04:41.670, 5, 78921 MiB, 100 %, 594.97 W, 1980 MHz
2026/09/28 00:04:41.670, 6, 78921 MiB, 100 %, 579.01 W, 1980 MHz
2026/09/28 00:04:41.671, 7, 78921 MiB, 100 %, 582.49 W, 1980 MHz
2026/09/28 00:04:42.672, 0, 78921 MiB, 100 %, 504.23 W, 1620 MHz
2026/09/28 00:04:42.673, 1, 78921 MiB, 100 %, 601.72 W, 1980 MHz
2026/09/28 00:04:42.673, 2, 78921 MiB, 100 %, 600.86 W, 1980 MHz
2026/09/28 00:04:42.674, 3, 78921 MiB, 100 %, 565.81 W, 1980 MHz
2026/09/28 00:04:42.675, 4, 78921 MiB, 100 %, 580.16 W, 1980 MHz
2026/09/28 00:04:42.675, 5, 78921 MiB, 100 %, 595.49 W, 1980 MHz
2026/09/28 00:04:42.676, 6, 78921 MiB, 100 %, 605.80 W, 1980 MHz
2026/09/28 00:04:42.676, 7, 78921 MiB, 100 %, 560.87 W, 1980 MHz
2026/09/28 00:04:43.677, 0, 78921 MiB, 100 %, 506.93 W, 1455 MHz
2026/09/28 00:04:43.678, 1, 78921 MiB, 100 %, 608.53 W, 1980 MHz
2026/09/28 00:04:43.678, 2, 78921 MiB, 100 %, 605.85 W, 1980 MHz
2026/09/28 00:04:43.679, 3, 78921 MiB, 100 %, 574.10 W, 1980 MHz
2026/09/28 00:04:43.680, 4, 78921 MiB, 100 %, 590.84 W, 1980 MHz
2026/09/28 00:04:43.680, 5, 78921 MiB, 100 %, 595.67 W, 1980 MHz
2026/09/28 00:04:43.681, 6, 78921 MiB, 100 %, 607.70 W, 1980 MHz
2026/09/28 00:04:43.681, 7, 78921 MiB, 100 %, 574.58 W, 1980 MHz
2026/09/28 00:04:44.682, 0, 78921 MiB, 100 %, 510.69 W, 1470 MHz
2026/09/28 00:04:44.683, 1, 78921 MiB, 100 %, 617.17 W, 1965 MHz
2026/09/28 00:04:44.683, 2, 78921 MiB, 100 %, 597.67 W, 1980 MHz
2026/09/28 00:04:44.684, 3, 78921 MiB, 100 %, 588.49 W, 1980 MHz
2026/09/28 00:04:44.685, 4, 78921 MiB, 100 %, 582.21 W, 1980 MHz
2026/09/28 00:04:44.685, 5, 78921 MiB, 100 %, 603.37 W, 1980 MHz
2026/09/28 00:04:44.686, 6, 78921 MiB, 100 %, 602.23 W, 1980 MHz
2026/09/28 00:04:44.687, 7, 78921 MiB, 100 %, 583.71 W, 1980 MHz
2026/09/28 00:04:45.687, 0, 78921 MiB, 100 %, 495.11 W, 1350 MHz
2026/09/28 00:04:45.688, 1, 78921 MiB, 100 %, 610.42 W, 1980 MHz
2026/09/28 00:04:45.689, 2, 78921 MiB, 100 %, 601.39 W, 1980 MHz
2026/09/28 00:04:45.689, 3, 78921 MiB, 100 %, 580.94 W, 1980 MHz
2026/09/28 00:04:45.690, 4, 78921 MiB, 100 %, 589.76 W, 1980 MHz
2026/09/28 00:04:45.691, 5, 78921 MiB, 100 %, 599.80 W, 1980 MHz
2026/09/28 00:04:45.691, 6, 78921 MiB, 100 %, 608.42 W, 1980 MHz
2026/09/28 00:04:45.692, 7, 78921 MiB, 100 %, 592.34 W, 1980 MHz
2026/09/28 00:04:46.692, 0, 78921 MiB, 100 %, 479.62 W, 1350 MHz
2026/09/28 00:04:46.693, 1, 78921 MiB, 100 %, 606.49 W, 1980 MHz
2026/09/28 00:04:46.694, 2, 78921 MiB, 100 %, 602.76 W, 1980 MHz
2026/09/28 00:04:46.695, 3, 78921 MiB, 100 %, 581.36 W, 1980 MHz
2026/09/28 00:04:46.695, 4, 78921 MiB, 100 %, 580.10 W, 1980 MHz
2026/09/28 00:04:46.696, 5, 78921 MiB, 100 %, 596.53 W, 1980 MHz
2026/09/28 00:04:46.696, 6, 78921 MiB, 100 %, 604.04 W, 1980 MHz
2026/09/28 00:04:46.697, 7, 78921 MiB, 100 %, 580.11 W, 1980 MHz
2026/09/28 00:04:47.698, 0, 78921 MiB, 100 %, 494.88 W, 1395 MHz
2026/09/28 00:04:47.699, 1, 78921 MiB, 100 %, 624.24 W, 1965 MHz
2026/09/28 00:04:47.699, 2, 78921 MiB, 100 %, 604.53 W, 1980 MHz
2026/09/28 00:04:47.700, 3, 78921 MiB, 100 %, 589.96 W, 1980 MHz
2026/09/28 00:04:47.701, 4, 78921 MiB, 100 %, 589.07 W, 1980 MHz
2026/09/28 00:04:47.701, 5, 78921 MiB, 100 %, 608.26 W, 1965 MHz
2026/09/28 00:04:47.702, 6, 78921 MiB, 100 %, 607.20 W, 1980 MHz
2026/09/28 00:04:47.702, 7, 78921 MiB, 100 %, 587.38 W, 1980 MHz
2026/09/28 00:04:48.703, 0, 78921 MiB, 100 %, 507.12 W, 1455 MHz
2026/09/28 00:04:48.704, 1, 78921 MiB, 100 %, 622.37 W, 1980 MHz
2026/09/28 00:04:48.705, 2, 78921 MiB, 100 %, 615.70 W, 1950 MHz
2026/09/28 00:04:48.705, 3, 78921 MiB, 100 %, 591.44 W, 1980 MHz
2026/09/28 00:04:48.706, 4, 78921 MiB, 100 %, 598.79 W, 1965 MHz
2026/09/28 00:04:48.707, 5, 78921 MiB, 100 %, 623.70 W, 1965 MHz
2026/09/28 00:04:48.707, 6, 78921 MiB, 100 %, 620.65 W, 1980 MHz
2026/09/28 00:04:48.708, 7, 78921 MiB, 100 %, 600.24 W, 1980 MHz
2026/09/28 00:04:49.709, 0, 78921 MiB, 100 %, 518.71 W, 1455 MHz
2026/09/28 00:04:49.709, 1, 78921 MiB, 100 %, 625.37 W, 1965 MHz
2026/09/28 00:04:49.710, 2, 78921 MiB, 100 %, 608.62 W, 1965 MHz
2026/09/28 00:04:49.711, 3, 78921 MiB, 100 %, 599.02 W, 1980 MHz
2026/09/28 00:04:49.712, 4, 78921 MiB, 100 %, 594.16 W, 1980 MHz
2026/09/28 00:04:49.712, 5, 78921 MiB, 100 %, 620.24 W, 1965 MHz
2026/09/28 00:04:49.713, 6, 78921 MiB, 100 %, 610.78 W, 1965 MHz
2026/09/28 00:04:49.713, 7, 78921 MiB, 100 %, 593.73 W, 1965 MHz
2026/09/28 00:04:50.714, 0, 78921 MiB, 100 %, 517.43 W, 1485 MHz
2026/09/28 00:04:50.715, 1, 78921 MiB, 100 %, 630.06 W, 1950 MHz
2026/09/28 00:04:50.716, 2, 78921 MiB, 100 %, 612.46 W, 1965 MHz
2026/09/28 00:04:50.716, 3, 78921 MiB, 100 %, 609.94 W, 1965 MHz
2026/09/28 00:04:50.717, 4, 78921 MiB, 100 %, 599.68 W, 1980 MHz
2026/09/28 00:04:50.717, 5, 78921 MiB, 100 %, 617.55 W, 1965 MHz
2026/09/28 00:04:50.718, 6, 78921 MiB, 100 %, 622.66 W, 1965 MHz
2026/09/28 00:04:50.718, 7, 78921 MiB, 100 %, 605.38 W, 1965 MHz
2026/09/28 00:04:51.719, 0, 78921 MiB, 100 %, 516.76 W, 1440 MHz
2026/09/28 00:04:51.720, 1, 78921 MiB, 100 %, 620.67 W, 1920 MHz
2026/09/28 00:04:51.721, 2, 78921 MiB, 100 %, 627.42 W, 1950 MHz
2026/09/28 00:04:51.721, 3, 78921 MiB, 100 %, 600.58 W, 1965 MHz
2026/09/28 00:04:51.722, 4, 78921 MiB, 100 %, 612.71 W, 1965 MHz
2026/09/28 00:04:51.722, 5, 78921 MiB, 100 %, 617.49 W, 1965 MHz
2026/09/28 00:04:51.723, 6, 78921 MiB, 100 %, 616.90 W, 1965 MHz
2026/09/28 00:04:51.724, 7, 78921 MiB, 100 %, 608.11 W, 1965 MHz
2026/09/28 00:04:52.724, 0, 78921 MiB, 100 %, 554.66 W, 1800 MHz
2026/09/28 00:04:52.725, 1, 78921 MiB, 100 %, 623.88 W, 1980 MHz
2026/09/28 00:04:52.726, 2, 78921 MiB, 100 %, 613.09 W, 1980 MHz
2026/09/28 00:04:52.727, 3, 78921 MiB, 100 %, 588.75 W, 1980 MHz
2026/09/28 00:04:52.727, 4, 78921 MiB, 100 %, 593.41 W, 1980 MHz
2026/09/28 00:04:52.728, 5, 78921 MiB, 100 %, 608.48 W, 1980 MHz
2026/09/28 00:04:52.728, 6, 78921 MiB, 100 %, 615.49 W, 1980 MHz
2026/09/28 00:04:52.729, 7, 78921 MiB, 100 %, 594.39 W, 1980 MHz
2026/09/28 00:04:53.730, 0, 78921 MiB, 100 %, 531.73 W, 1680 MHz
2026/09/28 00:04:53.731, 1, 78921 MiB, 100 %, 586.16 W, 1980 MHz
2026/09/28 00:04:53.731, 2, 78921 MiB, 100 %, 561.39 W, 1980 MHz
2026/09/28 00:04:53.732, 3, 78921 MiB, 100 %, 541.46 W, 1980 MHz
2026/09/28 00:04:53.733, 4, 78921 MiB, 100 %, 543.39 W, 1980 MHz
2026/09/28 00:04:53.733, 5, 78921 MiB, 100 %, 555.27 W, 1980 MHz
2026/09/28 00:04:53.734, 6, 78921 MiB, 100 %, 581.26 W, 1980 MHz
2026/09/28 00:04:53.735, 7, 78921 MiB, 100 %, 542.48 W, 1980 MHz
2026/09/28 00:04:54.735, 0, 78921 MiB, 100 %, 543.51 W, 1755 MHz
2026/09/28 00:04:54.736, 1, 78921 MiB, 100 %, 591.80 W, 1980 MHz
2026/09/28 00:04:54.737, 2, 78921 MiB, 100 %, 565.16 W, 1980 MHz
2026/09/28 00:04:54.737, 3, 78921 MiB, 100 %, 555.59 W, 1980 MHz
2026/09/28 00:04:54.738, 4, 78921 MiB, 100 %, 552.22 W, 1980 MHz
2026/09/28 00:04:54.739, 5, 78921 MiB, 100 %, 562.06 W, 1980 MHz
2026/09/28 00:04:54.739, 6, 78921 MiB, 100 %, 594.58 W, 1980 MHz
2026/09/28 00:04:54.740, 7, 78921 MiB, 100 %, 563.62 W, 1980 MHz
2026/09/28 00:04:55.740, 0, 78921 MiB, 100 %, 505.67 W, 1575 MHz
2026/09/28 00:04:55.741, 1, 78921 MiB, 100 %, 596.58 W, 1980 MHz
2026/09/28 00:04:55.742, 2, 78921 MiB, 100 %, 580.26 W, 1980 MHz
2026/09/28 00:04:55.743, 3, 78921 MiB, 100 %, 561.33 W, 1980 MHz
2026/09/28 00:04:55.743, 4, 78921 MiB, 100 %, 566.99 W, 1980 MHz
2026/09/28 00:04:55.744, 5, 78921 MiB, 100 %, 567.13 W, 1980 MHz
2026/09/28 00:04:55.745, 6, 78921 MiB, 100 %, 594.81 W, 1980 MHz
2026/09/28 00:04:55.745, 7, 78921 MiB, 100 %, 553.35 W, 1980 MHz
2026/09/28 00:04:56.746, 0, 78921 MiB, 100 %, 514.51 W, 1620 MHz
2026/09/28 00:04:56.747, 1, 78921 MiB, 100 %, 599.96 W, 1980 MHz
2026/09/28 00:04:56.748, 2, 78921 MiB, 100 %, 595.76 W, 1980 MHz
2026/09/28 00:04:56.749, 3, 78921 MiB, 100 %, 567.58 W, 1980 MHz
2026/09/28 00:04:56.749, 4, 78921 MiB, 100 %, 581.32 W, 1980 MHz
2026/09/28 00:04:56.750, 5, 78921 MiB, 100 %, 580.89 W, 1980 MHz
2026/09/28 00:04:56.751, 6, 78921 MiB, 100 %, 598.52 W, 1980 MHz
2026/09/28 00:04:56.751, 7, 78921 MiB, 100 %, 565.07 W, 1980 MHz
2026/09/28 00:04:57.752, 0, 78921 MiB, 100 %, 517.91 W, 1470 MHz
2026/09/28 00:04:57.753, 1, 78921 MiB, 100 %, 623.01 W, 1980 MHz
2026/09/28 00:04:57.753, 2, 78921 MiB, 100 %, 603.06 W, 1980 MHz
2026/09/28 00:04:57.754, 3, 78921 MiB, 100 %, 579.31 W, 1980 MHz
2026/09/28 00:04:57.755, 4, 78921 MiB, 100 %, 597.50 W, 1980 MHz
2026/09/28 00:04:57.755, 5, 78921 MiB, 100 %, 588.26 W, 1980 MHz
2026/09/28 00:04:57.756, 6, 78921 MiB, 100 %, 631.39 W, 1980 MHz
2026/09/28 00:04:57.757, 7, 78921 MiB, 100 %, 559.39 W, 1980 MHz
2026/09/28 00:04:58.757, 0, 78921 MiB, 100 %, 499.94 W, 1440 MHz
2026/09/28 00:04:58.758, 1, 78921 MiB, 100 %, 607.29 W, 1980 MHz
2026/09/28 00:04:58.759, 2, 78921 MiB, 100 %, 593.25 W, 1980 MHz
2026/09/28 00:04:58.760, 3, 78921 MiB, 100 %, 581.39 W, 1980 MHz
2026/09/28 00:04:58.760, 4, 78921 MiB, 100 %, 581.67 W, 1980 MHz
2026/09/28 00:04:58.761, 5, 78921 MiB, 100 %, 600.08 W, 1980 MHz
2026/09/28 00:04:58.761, 6, 78921 MiB, 100 %, 609.07 W, 1980 MHz
2026/09/28 00:04:58.762, 7, 78921 MiB, 100 %, 576.55 W, 1980 MHz
2026/09/28 00:04:59.763, 0, 78921 MiB, 100 %, 485.24 W, 1350 MHz
2026/09/28 00:04:59.764, 1, 78921 MiB, 100 %, 609.38 W, 1980 MHz
2026/09/28 00:04:59.765, 2, 78921 MiB, 100 %, 596.62 W, 1980 MHz
2026/09/28 00:04:59.767, 3, 78921 MiB, 100 %, 583.14 W, 1980 MHz
2026/09/28 00:04:59.769, 4, 78921 MiB, 100 %, 577.82 W, 1980 MHz
2026/09/28 00:04:59.769, 5, 78921 MiB, 100 %, 589.49 W, 1980 MHz
2026/09/28 00:04:59.770, 6, 78921 MiB, 100 %, 597.03 W, 1980 MHz
2026/09/28 00:04:59.771, 7, 78921 MiB, 100 %, 583.76 W, 1980 MHz
2026/09/28 00:05:00.773, 0, 78921 MiB, 100 %, 493.88 W, 1380 MHz
2026/09/28 00:05:00.779, 1, 78921 MiB, 100 %, 615.82 W, 1980 MHz
2026/09/28 00:05:00.781, 2, 78921 MiB, 100 %, 606.14 W, 1965 MHz
2026/09/28 00:05:00.782, 3, 78921 MiB, 100 %, 589.12 W, 1980 MHz
2026/09/28 00:05:00.783, 4, 78921 MiB, 100 %, 586.06 W, 1980 MHz
2026/09/28 00:05:00.784, 5, 78921 MiB, 100 %, 606.79 W, 1980 MHz
2026/09/28 00:05:00.787, 6, 78921 MiB, 100 %, 609.01 W, 1980 MHz
2026/09/28 00:05:00.789, 7, 78921 MiB, 100 %, 594.20 W, 1980 MHz
2026/09/28 00:05:01.790, 0, 78921 MiB, 100 %, 506.88 W, 1365 MHz
2026/09/28 00:05:01.792, 1, 78921 MiB, 100 %, 618.15 W, 1965 MHz
2026/09/28 00:05:01.793, 2, 78921 MiB, 100 %, 594.74 W, 1965 MHz
2026/09/28 00:05:01.794, 3, 78921 MiB, 100 %, 588.85 W, 1980 MHz
2026/09/28 00:05:01.796, 4, 78921 MiB, 100 %, 589.59 W, 1980 MHz
2026/09/28 00:05:01.797, 5, 78921 MiB, 100 %, 611.39 W, 1980 MHz
2026/09/28 00:05:01.798, 6, 78921 MiB, 100 %, 612.43 W, 1980 MHz
2026/09/28 00:05:01.800, 7, 78921 MiB, 100 %, 588.32 W, 1980 MHz
2026/09/28 00:05:02.801, 0, 78921 MiB, 100 %, 467.70 W, 1350 MHz
2026/09/28 00:05:02.802, 1, 78921 MiB, 100 %, 600.28 W, 1965 MHz
2026/09/28 00:05:02.803, 2, 78921 MiB, 100 %, 592.70 W, 1980 MHz
2026/09/28 00:05:02.803, 3, 78921 MiB, 100 %, 579.88 W, 1980 MHz
2026/09/28 00:05:02.804, 4, 78921 MiB, 100 %, 580.70 W, 1980 MHz
2026/09/28 00:05:02.805, 5, 78921 MiB, 100 %, 600.44 W, 1980 MHz
2026/09/28 00:05:02.805, 6, 78921 MiB, 100 %, 603.38 W, 1980 MHz
2026/09/28 00:05:02.806, 7, 78921 MiB, 100 %, 581.17 W, 1980 MHz
2026/09/28 00:05:03.807, 0, 78921 MiB, 100 %, 483.82 W, 1380 MHz
2026/09/28 00:05:03.808, 1, 78921 MiB, 100 %, 609.34 W, 1965 MHz
2026/09/28 00:05:03.809, 2, 78921 MiB, 100 %, 603.40 W, 1980 MHz
2026/09/28 00:05:03.809, 3, 78921 MiB, 100 %, 586.10 W, 1980 MHz
2026/09/28 00:05:03.810, 4, 78921 MiB, 100 %, 581.84 W, 1980 MHz
2026/09/28 00:05:03.810, 5, 78921 MiB, 100 %, 608.86 W, 1965 MHz
2026/09/28 00:05:03.811, 6, 78921 MiB, 100 %, 607.96 W, 1980 MHz
2026/09/28 00:05:03.812, 7, 78921 MiB, 100 %, 596.38 W, 1980 MHz
2026/09/28 00:05:04.812, 0, 78921 MiB, 100 %, 501.32 W, 1365 MHz
2026/09/28 00:05:04.814, 1, 78921 MiB, 100 %, 617.39 W, 1965 MHz
2026/09/28 00:05:04.814, 2, 78921 MiB, 100 %, 615.10 W, 1980 MHz
2026/09/28 00:05:04.815, 3, 78921 MiB, 100 %, 598.35 W, 1980 MHz
2026/09/28 00:05:04.816, 4, 78921 MiB, 100 %, 601.30 W, 1980 MHz
2026/09/28 00:05:04.816, 5, 78921 MiB, 100 %, 621.25 W, 1965 MHz
2026/09/28 00:05:04.817, 6, 78921 MiB, 100 %, 616.14 W, 1965 MHz
2026/09/28 00:05:04.818, 7, 78921 MiB, 100 %, 597.61 W, 1980 MHz
2026/09/28 00:05:05.818, 0, 78921 MiB, 100 %, 500.94 W, 1350 MHz
2026/09/28 00:05:05.819, 1, 78921 MiB, 100 %, 624.43 W, 1965 MHz
2026/09/28 00:05:05.820, 2, 78921 MiB, 100 %, 615.82 W, 1980 MHz
2026/09/28 00:05:05.821, 3, 78921 MiB, 100 %, 597.20 W, 1980 MHz
2026/09/28 00:05:05.821, 4, 78921 MiB, 100 %, 600.88 W, 1980 MHz
2026/09/28 00:05:05.822, 5, 78921 MiB, 100 %, 623.01 W, 1950 MHz
2026/09/28 00:05:05.823, 6, 78921 MiB, 100 %, 616.34 W, 1935 MHz
2026/09/28 00:05:05.823, 7, 78921 MiB, 100 %, 605.41 W, 1980 MHz
2026/09/28 00:05:06.824, 0, 78921 MiB, 100 %, 477.96 W, 1335 MHz
2026/09/28 00:05:06.825, 1, 78921 MiB, 100 %, 609.94 W, 1980 MHz
2026/09/28 00:05:06.825, 2, 78921 MiB, 100 %, 599.21 W, 1920 MHz
2026/09/28 00:05:06.826, 3, 78921 MiB, 100 %, 592.75 W, 1965 MHz
2026/09/28 00:05:06.827, 4, 78921 MiB, 100 %, 590.61 W, 1965 MHz
2026/09/28 00:05:06.827, 5, 78921 MiB, 100 %, 611.30 W, 1965 MHz
2026/09/28 00:05:06.828, 6, 78921 MiB, 100 %, 610.95 W, 1965 MHz
2026/09/28 00:05:06.829, 7, 78921 MiB, 100 %, 583.46 W, 1980 MHz
2026/09/28 00:05:07.829, 0, 78921 MiB, 100 %, 431.27 W, 1980 MHz
2026/09/28 00:05:07.830, 1, 78921 MiB, 98 %, 459.67 W, 1980 MHz
2026/09/28 00:05:07.831, 2, 78921 MiB, 98 %, 472.61 W, 1980 MHz
2026/09/28 00:05:07.831, 3, 78921 MiB, 97 %, 447.95 W, 1980 MHz
2026/09/28 00:05:07.832, 4, 78921 MiB, 100 %, 453.74 W, 1980 MHz
2026/09/28 00:05:07.833, 5, 78921 MiB, 98 %, 478.35 W, 1980 MHz
2026/09/28 00:05:07.833, 6, 78921 MiB, 100 %, 489.40 W, 1980 MHz
2026/09/28 00:05:07.834, 7, 78921 MiB, 100 %, 464.30 W, 1980 MHz
2026/09/28 00:05:08.835, 0, 78921 MiB, 97 %, 387.19 W, 1980 MHz
2026/09/28 00:05:08.836, 1, 78921 MiB, 100 %, 327.55 W, 1980 MHz
2026/09/28 00:05:08.836, 2, 78921 MiB, 100 %, 339.21 W, 1980 MHz
2026/09/28 00:05:08.837, 3, 78921 MiB, 100 %, 333.59 W, 1980 MHz
2026/09/28 00:05:08.838, 4, 78921 MiB, 99 %, 319.60 W, 1980 MHz
2026/09/28 00:05:08.838, 5, 78921 MiB, 100 %, 325.52 W, 1980 MHz
2026/09/28 00:05:08.839, 6, 78921 MiB, 97 %, 329.91 W, 1980 MHz
2026/09/28 00:05:08.839, 7, 78921 MiB, 100 %, 319.31 W, 1980 MHz
2026/09/28 00:05:09.840, 0, 78921 MiB, 0 %, 296.51 W, 1980 MHz
2026/09/28 00:05:09.841, 1, 78921 MiB, 0 %, 244.59 W, 1980 MHz
2026/09/28 00:05:09.842, 2, 78921 MiB, 0 %, 252.32 W, 1980 MHz
2026/09/28 00:05:09.842, 3, 78921 MiB, 7 %, 235.84 W, 1980 MHz
2026/09/28 00:05:09.843, 4, 78921 MiB, 33 %, 235.76 W, 1980 MHz
2026/09/28 00:05:09.844, 5, 78921 MiB, 0 %, 251.86 W, 1980 MHz
2026/09/28 00:05:09.844, 6, 78921 MiB, 0 %, 240.03 W, 1980 MHz
2026/09/28 00:05:09.845, 7, 78921 MiB, 0 %, 236.48 W, 1980 MHz
