timestamp, index, memory.used [MiB], utilization.gpu [%], power.draw [W], clocks.current.sm [MHz]
2026/09/28 08:35:03.666, 0, 75313 MiB, 0 %, 184.80 W, 1980 MHz
2026/09/28 08:35:03.674, 1, 75313 MiB, 0 %, 132.49 W, 1980 MHz
2026/09/28 08:35:03.679, 2, 75313 MiB, 0 %, 130.50 W, 1980 MHz
2026/09/28 08:35:03.684, 3, 75313 MiB, 0 %, 127.71 W, 1980 MHz
2026/09/28 08:35:03.690, 4, 75313 MiB, 0 %, 126.93 W, 1980 MHz
2026/09/28 08:35:03.695, 5, 75313 MiB, 0 %, 128.04 W, 1980 MHz
2026/09/28 08:35:03.700, 6, 75313 MiB, 0 %, 130.50 W, 1980 MHz
2026/09/28 08:35:03.705, 7, 75313 MiB, 0 %, 124.38 W, 1980 MHz
2026/09/28 08:35:04.710, 0, 75313 MiB, 0 %, 183.49 W, 1980 MHz
2026/09/28 08:35:04.711, 1, 75313 MiB, 0 %, 131.41 W, 1980 MHz
2026/09/28 08:35:04.712, 2, 75313 MiB, 0 %, 129.15 W, 1980 MHz
2026/09/28 08:35:04.712, 3, 75313 MiB, 0 %, 126.84 W, 1980 MHz
2026/09/28 08:35:04.713, 4, 75313 MiB, 0 %, 126.08 W, 1980 MHz
2026/09/28 08:35:04.713, 5, 75313 MiB, 0 %, 127.44 W, 1980 MHz
2026/09/28 08:35:04.714, 6, 75313 MiB, 0 %, 129.68 W, 1980 MHz
2026/09/28 08:35:04.715, 7, 75313 MiB, 0 %, 122.99 W, 1980 MHz
2026/09/28 08:35:05.715, 0, 75313 MiB, 0 %, 182.67 W, 1980 MHz
2026/09/28 08:35:05.716, 1, 75313 MiB, 0 %, 130.79 W, 1980 MHz
2026/09/28 08:35:05.716, 2, 75313 MiB, 0 %, 128.62 W, 1980 MHz
2026/09/28 08:35:05.717, 3, 75313 MiB, 0 %, 126.36 W, 1980 MHz
2026/09/28 08:35:05.718, 4, 75313 MiB, 0 %, 124.91 W, 1980 MHz
2026/09/28 08:35:05.718, 5, 75313 MiB, 0 %, 126.83 W, 1980 MHz
2026/09/28 08:35:05.719, 6, 75313 MiB, 0 %, 129.19 W, 1980 MHz
2026/09/28 08:35:05.720, 7, 75313 MiB, 0 %, 122.57 W, 1980 MHz
2026/09/28 08:35:06.720, 0, 75313 MiB, 0 %, 182.09 W, 1980 MHz
2026/09/28 08:35:06.721, 1, 75313 MiB, 0 %, 130.30 W, 1980 MHz
2026/09/28 08:35:06.722, 2, 75313 MiB, 0 %, 128.21 W, 1980 MHz
2026/09/28 08:35:06.722, 3, 75313 MiB, 0 %, 126.03 W, 1980 MHz
2026/09/28 08:35:06.723, 4, 75313 MiB, 0 %, 124.63 W, 1980 MHz
2026/09/28 08:35:06.724, 5, 75313 MiB, 0 %, 126.24 W, 1980 MHz
2026/09/28 08:35:06.724, 6, 75313 MiB, 0 %, 129.01 W, 1980 MHz
2026/09/28 08:35:06.725, 7, 75313 MiB, 0 %, 122.25 W, 1980 MHz
2026/09/28 08:35:07.726, 0, 75313 MiB, 0 %, 181.68 W, 1980 MHz
2026/09/28 08:35:07.727, 1, 75313 MiB, 0 %, 129.90 W, 1980 MHz
2026/09/28 08:35:07.727, 2, 75313 MiB, 0 %, 127.88 W, 1980 MHz
2026/09/28 08:35:07.728, 3, 75313 MiB, 0 %, 125.71 W, 1980 MHz
2026/09/28 08:35:07.729, 4, 75313 MiB, 0 %, 124.37 W, 1980 MHz
2026/09/28 08:35:07.729, 5, 75313 MiB, 0 %, 125.78 W, 1980 MHz
2026/09/28 08:35:07.730, 6, 75313 MiB, 0 %, 128.59 W, 1980 MHz
2026/09/28 08:35:07.730, 7, 75313 MiB, 0 %, 121.92 W, 1980 MHz
2026/09/28 08:35:08.731, 0, 75313 MiB, 0 %, 181.28 W, 1980 MHz
2026/09/28 08:35:08.732, 1, 75313 MiB, 0 %, 129.51 W, 1980 MHz
2026/09/28 08:35:08.733, 2, 75313 MiB, 0 %, 127.56 W, 1980 MHz
2026/09/28 08:35:08.733, 3, 75313 MiB, 0 %, 125.38 W, 1980 MHz
2026/09/28 08:35:08.734, 4, 75313 MiB, 0 %, 124.05 W, 1980 MHz
2026/09/28 08:35:08.735, 5, 75313 MiB, 0 %, 125.57 W, 1980 MHz
2026/09/28 08:35:08.736, 6, 75313 MiB, 0 %, 128.24 W, 1980 MHz
2026/09/28 08:35:08.736, 7, 75313 MiB, 0 %, 121.62 W, 1980 MHz
2026/09/28 08:35:09.737, 0, 75313 MiB, 0 %, 180.95 W, 1980 MHz
2026/09/28 08:35:09.738, 1, 75313 MiB, 0 %, 129.21 W, 1980 MHz
2026/09/28 08:35:09.739, 2, 75313 MiB, 0 %, 127.74 W, 1980 MHz
2026/09/28 08:35:09.739, 3, 75313 MiB, 0 %, 125.19 W, 1980 MHz
2026/09/28 08:35:09.740, 4, 75313 MiB, 0 %, 123.78 W, 1980 MHz
2026/09/28 08:35:09.741, 5, 75313 MiB, 0 %, 125.31 W, 1980 MHz
2026/09/28 08:35:09.742, 6, 75313 MiB, 0 %, 127.94 W, 1980 MHz
2026/09/28 08:35:09.742, 7, 75313 MiB, 0 %, 121.42 W, 1980 MHz
2026/09/28 08:35:10.743, 0, 75313 MiB, 0 %, 180.58 W, 1980 MHz
2026/09/28 08:35:10.744, 1, 75313 MiB, 0 %, 128.85 W, 1980 MHz
2026/09/28 08:35:10.744, 2, 75313 MiB, 0 %, 127.79 W, 1980 MHz
2026/09/28 08:35:10.745, 3, 75313 MiB, 0 %, 124.95 W, 1980 MHz
2026/09/28 08:35:10.746, 4, 75313 MiB, 0 %, 123.59 W, 1980 MHz
2026/09/28 08:35:10.747, 5, 75313 MiB, 0 %, 125.04 W, 1980 MHz
2026/09/28 08:35:10.747, 6, 75313 MiB, 0 %, 127.67 W, 1980 MHz
2026/09/28 08:35:10.748, 7, 75313 MiB, 0 %, 121.20 W, 1980 MHz
2026/09/28 08:35:11.749, 0, 75313 MiB, 0 %, 180.29 W, 1980 MHz
2026/09/28 08:35:11.750, 1, 75313 MiB, 0 %, 128.45 W, 1980 MHz
2026/09/28 08:35:11.750, 2, 75313 MiB, 0 %, 127.44 W, 1980 MHz
2026/09/28 08:35:11.751, 3, 75313 MiB, 0 %, 124.15 W, 1980 MHz
2026/09/28 08:35:11.752, 4, 75313 MiB, 0 %, 123.40 W, 1980 MHz
2026/09/28 08:35:11.752, 5, 75313 MiB, 0 %, 124.77 W, 1980 MHz
2026/09/28 08:35:11.753, 6, 75313 MiB, 0 %, 127.41 W, 1980 MHz
2026/09/28 08:35:11.754, 7, 75313 MiB, 0 %, 121.01 W, 1980 MHz
2026/09/28 08:35:12.754, 0, 75313 MiB, 0 %, 179.96 W, 1980 MHz
2026/09/28 08:35:12.755, 1, 75313 MiB, 0 %, 128.16 W, 1980 MHz
2026/09/28 08:35:12.756, 2, 75313 MiB, 0 %, 127.32 W, 1980 MHz
2026/09/28 08:35:12.756, 3, 75313 MiB, 0 %, 123.68 W, 1980 MHz
2026/09/28 08:35:12.757, 4, 75313 MiB, 0 %, 123.22 W, 1980 MHz
2026/09/28 08:35:12.758, 5, 75313 MiB, 0 %, 124.54 W, 1980 MHz
2026/09/28 08:35:12.758, 6, 75313 MiB, 0 %, 127.14 W, 1980 MHz
2026/09/28 08:35:12.759, 7, 75313 MiB, 0 %, 120.85 W, 1980 MHz
2026/09/28 08:35:13.760, 0, 75313 MiB, 0 %, 179.71 W, 1980 MHz
2026/09/28 08:35:13.761, 1, 75313 MiB, 0 %, 127.93 W, 1980 MHz
2026/09/28 08:35:13.762, 2, 75313 MiB, 0 %, 127.35 W, 1980 MHz
2026/09/28 08:35:13.762, 3, 75313 MiB, 0 %, 123.46 W, 1980 MHz
2026/09/28 08:35:13.763, 4, 75313 MiB, 0 %, 123.01 W, 1980 MHz
2026/09/28 08:35:13.764, 5, 75313 MiB, 0 %, 124.32 W, 1980 MHz
2026/09/28 08:35:13.765, 6, 75313 MiB, 0 %, 126.93 W, 1980 MHz
2026/09/28 08:35:13.765, 7, 75313 MiB, 0 %, 120.65 W, 1980 MHz
2026/09/28 08:35:14.766, 0, 75313 MiB, 0 %, 179.44 W, 1980 MHz
2026/09/28 08:35:14.767, 1, 75313 MiB, 0 %, 127.68 W, 1980 MHz
2026/09/28 08:35:14.768, 2, 75313 MiB, 0 %, 127.11 W, 1980 MHz
2026/09/28 08:35:14.768, 3, 75313 MiB, 0 %, 123.32 W, 1980 MHz
2026/09/28 08:35:14.769, 4, 75313 MiB, 0 %, 122.84 W, 1980 MHz
2026/09/28 08:35:14.770, 5, 75313 MiB, 0 %, 124.13 W, 1980 MHz
2026/09/28 08:35:14.770, 6, 75313 MiB, 0 %, 126.72 W, 1980 MHz
2026/09/28 08:35:14.771, 7, 75313 MiB, 0 %, 120.49 W, 1980 MHz
2026/09/28 08:35:15.771, 0, 75313 MiB, 0 %, 179.17 W, 1980 MHz
2026/09/28 08:35:15.772, 1, 75313 MiB, 0 %, 127.43 W, 1980 MHz
2026/09/28 08:35:15.773, 2, 75313 MiB, 0 %, 126.94 W, 1980 MHz
2026/09/28 08:35:15.774, 3, 75313 MiB, 0 %, 123.16 W, 1980 MHz
2026/09/28 08:35:15.774, 4, 75313 MiB, 0 %, 122.71 W, 1980 MHz
2026/09/28 08:35:15.775, 5, 75313 MiB, 0 %, 124.00 W, 1980 MHz
2026/09/28 08:35:15.776, 6, 75313 MiB, 0 %, 126.51 W, 1980 MHz
2026/09/28 08:35:15.776, 7, 75313 MiB, 0 %, 120.24 W, 1980 MHz
2026/09/28 08:35:16.777, 0, 75313 MiB, 0 %, 178.95 W, 1980 MHz
2026/09/28 08:35:16.778, 1, 75313 MiB, 0 %, 127.21 W, 1980 MHz
2026/09/28 08:35:16.779, 2, 75313 MiB, 0 %, 126.71 W, 1980 MHz
2026/09/28 08:35:16.779, 3, 75313 MiB, 0 %, 123.02 W, 1980 MHz
2026/09/28 08:35:16.780, 4, 75313 MiB, 0 %, 122.54 W, 1980 MHz
2026/09/28 08:35:16.781, 5, 75313 MiB, 0 %, 123.80 W, 1980 MHz
2026/09/28 08:35:16.781, 6, 75313 MiB, 0 %, 126.21 W, 1980 MHz
2026/09/28 08:35:16.782, 7, 75313 MiB, 0 %, 120.18 W, 1980 MHz
2026/09/28 08:35:17.783, 0, 75313 MiB, 0 %, 178.69 W, 1980 MHz
2026/09/28 08:35:17.784, 1, 75313 MiB, 0 %, 126.97 W, 1980 MHz
2026/09/28 08:35:17.784, 2, 75313 MiB, 0 %, 126.45 W, 1980 MHz
2026/09/28 08:35:17.785, 3, 75313 MiB, 0 %, 122.94 W, 1980 MHz
2026/09/28 08:35:17.786, 4, 75313 MiB, 0 %, 122.41 W, 1980 MHz
2026/09/28 08:35:17.787, 5, 75313 MiB, 0 %, 123.59 W, 1980 MHz
2026/09/28 08:35:17.787, 6, 75313 MiB, 0 %, 126.10 W, 1980 MHz
2026/09/28 08:35:17.788, 7, 75313 MiB, 0 %, 119.99 W, 1980 MHz
2026/09/28 08:35:18.789, 0, 75313 MiB, 0 %, 178.52 W, 1980 MHz
2026/09/28 08:35:18.789, 1, 75313 MiB, 0 %, 126.71 W, 1980 MHz
2026/09/28 08:35:18.790, 2, 75313 MiB, 0 %, 126.22 W, 1980 MHz
2026/09/28 08:35:18.791, 3, 75313 MiB, 0 %, 122.79 W, 1980 MHz
2026/09/28 08:35:18.791, 4, 75313 MiB, 0 %, 122.28 W, 1980 MHz
2026/09/28 08:35:18.792, 5, 75313 MiB, 0 %, 123.42 W, 1980 MHz
2026/09/28 08:35:18.793, 6, 75313 MiB, 0 %, 125.91 W, 1980 MHz
2026/09/28 08:35:18.793, 7, 75313 MiB, 0 %, 119.87 W, 1980 MHz
2026/09/28 08:35:19.794, 0, 75313 MiB, 0 %, 178.30 W, 1980 MHz
2026/09/28 08:35:19.795, 1, 75313 MiB, 0 %, 126.50 W, 1980 MHz
2026/09/28 08:35:19.796, 2, 75313 MiB, 0 %, 126.04 W, 1980 MHz
2026/09/28 08:35:19.797, 3, 75313 MiB, 0 %, 122.57 W, 1980 MHz
2026/09/28 08:35:19.797, 4, 75313 MiB, 0 %, 122.12 W, 1980 MHz
2026/09/28 08:35:19.798, 5, 75313 MiB, 0 %, 123.26 W, 1980 MHz
2026/09/28 08:35:19.798, 6, 75313 MiB, 0 %, 125.37 W, 1980 MHz
2026/09/28 08:35:19.799, 7, 75313 MiB, 0 %, 119.72 W, 1980 MHz
2026/09/28 08:35:20.800, 0, 75313 MiB, 0 %, 178.12 W, 1980 MHz
2026/09/28 08:35:20.801, 1, 75313 MiB, 0 %, 126.25 W, 1980 MHz
2026/09/28 08:35:20.801, 2, 75313 MiB, 0 %, 125.89 W, 1980 MHz
2026/09/28 08:35:20.802, 3, 75313 MiB, 0 %, 122.49 W, 1980 MHz
2026/09/28 08:35:20.803, 4, 75313 MiB, 0 %, 121.93 W, 1980 MHz
2026/09/28 08:35:20.803, 5, 75313 MiB, 0 %, 123.01 W, 1980 MHz
2026/09/28 08:35:20.804, 6, 75313 MiB, 0 %, 125.15 W, 1980 MHz
2026/09/28 08:35:20.804, 7, 75313 MiB, 0 %, 119.59 W, 1980 MHz
2026/09/28 08:35:21.805, 0, 75313 MiB, 0 %, 177.94 W, 1980 MHz
2026/09/28 08:35:21.806, 1, 75313 MiB, 0 %, 126.11 W, 1980 MHz
2026/09/28 08:35:21.807, 2, 75313 MiB, 0 %, 125.73 W, 1980 MHz
2026/09/28 08:35:21.808, 3, 75313 MiB, 0 %, 122.37 W, 1980 MHz
2026/09/28 08:35:21.808, 4, 75313 MiB, 0 %, 121.83 W, 1980 MHz
2026/09/28 08:35:21.809, 5, 75313 MiB, 0 %, 122.92 W, 1980 MHz
2026/09/28 08:35:21.810, 6, 75313 MiB, 0 %, 125.00 W, 1980 MHz
2026/09/28 08:35:21.810, 7, 75313 MiB, 0 %, 119.44 W, 1980 MHz
2026/09/28 08:35:22.811, 0, 75313 MiB, 0 %, 177.79 W, 1980 MHz
2026/09/28 08:35:22.812, 1, 75313 MiB, 0 %, 125.99 W, 1980 MHz
2026/09/28 08:35:22.813, 2, 75313 MiB, 0 %, 125.50 W, 1980 MHz
2026/09/28 08:35:22.813, 3, 75313 MiB, 0 %, 122.29 W, 1980 MHz
2026/09/28 08:35:22.814, 4, 75313 MiB, 0 %, 121.71 W, 1980 MHz
2026/09/28 08:35:22.814, 5, 75313 MiB, 0 %, 122.83 W, 1980 MHz
2026/09/28 08:35:22.815, 6, 75313 MiB, 0 %, 124.84 W, 1980 MHz
2026/09/28 08:35:22.816, 7, 75313 MiB, 0 %, 119.37 W, 1980 MHz
2026/09/28 08:35:23.817, 0, 75313 MiB, 0 %, 177.61 W, 1980 MHz
2026/09/28 08:35:23.817, 1, 75313 MiB, 0 %, 125.82 W, 1980 MHz
2026/09/28 08:35:23.818, 2, 75313 MiB, 0 %, 125.30 W, 1980 MHz
2026/09/28 08:35:23.819, 3, 75313 MiB, 0 %, 122.18 W, 1980 MHz
2026/09/28 08:35:23.819, 4, 75313 MiB, 0 %, 121.60 W, 1980 MHz
2026/09/28 08:35:23.820, 5, 75313 MiB, 0 %, 122.12 W, 1980 MHz
2026/09/28 08:35:23.821, 6, 75313 MiB, 0 %, 124.74 W, 1980 MHz
2026/09/28 08:35:23.821, 7, 75313 MiB, 0 %, 119.40 W, 1980 MHz
2026/09/28 08:35:24.822, 0, 75313 MiB, 0 %, 177.45 W, 1980 MHz
2026/09/28 08:35:24.823, 1, 75313 MiB, 0 %, 125.57 W, 1980 MHz
2026/09/28 08:35:24.824, 2, 75313 MiB, 0 %, 125.20 W, 1980 MHz
2026/09/28 08:35:24.824, 3, 75313 MiB, 0 %, 122.05 W, 1980 MHz
2026/09/28 08:35:24.825, 4, 75313 MiB, 0 %, 121.56 W, 1980 MHz
2026/09/28 08:35:24.826, 5, 75313 MiB, 0 %, 121.66 W, 1980 MHz
2026/09/28 08:35:24.826, 6, 75313 MiB, 0 %, 124.64 W, 1980 MHz
2026/09/28 08:35:24.827, 7, 75313 MiB, 0 %, 119.23 W, 1980 MHz
2026/09/28 08:35:25.828, 0, 75313 MiB, 0 %, 177.30 W, 1980 MHz
2026/09/28 08:35:25.829, 1, 75313 MiB, 0 %, 125.47 W, 1980 MHz
2026/09/28 08:35:25.829, 2, 75313 MiB, 0 %, 124.44 W, 1980 MHz
2026/09/28 08:35:25.830, 3, 75313 MiB, 0 %, 122.08 W, 1980 MHz
2026/09/28 08:35:25.831, 4, 75313 MiB, 0 %, 121.42 W, 1980 MHz
2026/09/28 08:35:25.831, 5, 75313 MiB, 0 %, 121.57 W, 1980 MHz
2026/09/28 08:35:25.832, 6, 75313 MiB, 0 %, 124.50 W, 1980 MHz
2026/09/28 08:35:25.833, 7, 75313 MiB, 0 %, 119.15 W, 1980 MHz
2026/09/28 08:35:26.833, 0, 75313 MiB, 0 %, 177.14 W, 1980 MHz
2026/09/28 08:35:26.834, 1, 75313 MiB, 0 %, 125.57 W, 1980 MHz
2026/09/28 08:35:26.835, 2, 75313 MiB, 0 %, 124.11 W, 1980 MHz
2026/09/28 08:35:26.836, 3, 75313 MiB, 0 %, 121.85 W, 1980 MHz
2026/09/28 08:35:26.836, 4, 75313 MiB, 0 %, 121.33 W, 1980 MHz
2026/09/28 08:35:26.837, 5, 75313 MiB, 0 %, 121.37 W, 1980 MHz
2026/09/28 08:35:26.838, 6, 75313 MiB, 0 %, 124.37 W, 1980 MHz
2026/09/28 08:35:26.838, 7, 75313 MiB, 0 %, 119.08 W, 1980 MHz
2026/09/28 08:35:27.839, 0, 75313 MiB, 0 %, 177.01 W, 1980 MHz
2026/09/28 08:35:27.840, 1, 75313 MiB, 0 %, 125.45 W, 1980 MHz
2026/09/28 08:35:27.841, 2, 75313 MiB, 0 %, 123.99 W, 1980 MHz
2026/09/28 08:35:27.842, 3, 75313 MiB, 0 %, 121.83 W, 1980 MHz
2026/09/28 08:35:27.842, 4, 75313 MiB, 0 %, 121.24 W, 1980 MHz
2026/09/28 08:35:27.843, 5, 75313 MiB, 0 %, 121.35 W, 1980 MHz
2026/09/28 08:35:27.843, 6, 75313 MiB, 0 %, 124.25 W, 1980 MHz
2026/09/28 08:35:27.844, 7, 75313 MiB, 0 %, 118.90 W, 1980 MHz
2026/09/28 08:35:28.845, 0, 75313 MiB, 0 %, 176.90 W, 1980 MHz
2026/09/28 08:35:28.846, 1, 75313 MiB, 0 %, 125.33 W, 1980 MHz
2026/09/28 08:35:28.846, 2, 75313 MiB, 0 %, 123.83 W, 1980 MHz
2026/09/28 08:35:28.847, 3, 75313 MiB, 0 %, 121.79 W, 1980 MHz
2026/09/28 08:35:28.847, 4, 75313 MiB, 0 %, 121.17 W, 1980 MHz
2026/09/28 08:35:28.848, 5, 75313 MiB, 0 %, 121.24 W, 1980 MHz
2026/09/28 08:35:28.849, 6, 75313 MiB, 0 %, 124.10 W, 1980 MHz
2026/09/28 08:35:28.849, 7, 75313 MiB, 0 %, 118.94 W, 1980 MHz
2026/09/28 08:35:29.850, 0, 75313 MiB, 0 %, 176.73 W, 1980 MHz
2026/09/28 08:35:29.851, 1, 75313 MiB, 0 %, 125.16 W, 1980 MHz
2026/09/28 08:35:29.852, 2, 75313 MiB, 0 %, 123.71 W, 1980 MHz
2026/09/28 08:35:29.852, 3, 75313 MiB, 0 %, 121.71 W, 1980 MHz
2026/09/28 08:35:29.853, 4, 75313 MiB, 0 %, 121.10 W, 1980 MHz
2026/09/28 08:35:29.854, 5, 75313 MiB, 0 %, 121.10 W, 1980 MHz
2026/09/28 08:35:29.854, 6, 75313 MiB, 0 %, 124.02 W, 1980 MHz
2026/09/28 08:35:29.855, 7, 75313 MiB, 0 %, 118.84 W, 1980 MHz
2026/09/28 08:35:30.856, 0, 75313 MiB, 0 %, 176.61 W, 1980 MHz
2026/09/28 08:35:30.857, 1, 75313 MiB, 0 %, 125.05 W, 1980 MHz
2026/09/28 08:35:30.857, 2, 75313 MiB, 0 %, 123.57 W, 1980 MHz
2026/09/28 08:35:30.858, 3, 75313 MiB, 0 %, 121.65 W, 1980 MHz
2026/09/28 08:35:30.859, 4, 75313 MiB, 0 %, 121.03 W, 1980 MHz
2026/09/28 08:35:30.859, 5, 75313 MiB, 0 %, 120.97 W, 1980 MHz
2026/09/28 08:35:30.860, 6, 75313 MiB, 0 %, 123.88 W, 1980 MHz
2026/09/28 08:35:30.862, 7, 75313 MiB, 0 %, 118.75 W, 1980 MHz
2026/09/28 08:35:31.863, 0, 75313 MiB, 0 %, 176.53 W, 1980 MHz
2026/09/28 08:35:31.864, 1, 75313 MiB, 0 %, 124.88 W, 1980 MHz
2026/09/28 08:35:31.865, 2, 75313 MiB, 0 %, 123.51 W, 1980 MHz
2026/09/28 08:35:31.866, 3, 75313 MiB, 0 %, 121.60 W, 1980 MHz
2026/09/28 08:35:31.868, 4, 75313 MiB, 0 %, 120.94 W, 1980 MHz
2026/09/28 08:35:31.869, 5, 75313 MiB, 0 %, 120.89 W, 1980 MHz
2026/09/28 08:35:31.870, 6, 75313 MiB, 0 %, 123.80 W, 1980 MHz
2026/09/28 08:35:31.871, 7, 75313 MiB, 0 %, 118.67 W, 1980 MHz
2026/09/28 08:35:32.872, 0, 75313 MiB, 0 %, 176.43 W, 1980 MHz
2026/09/28 08:35:32.873, 1, 75313 MiB, 0 %, 124.75 W, 1980 MHz
2026/09/28 08:35:32.874, 2, 75313 MiB, 0 %, 123.40 W, 1980 MHz
2026/09/28 08:35:32.875, 3, 75313 MiB, 0 %, 121.46 W, 1980 MHz
2026/09/28 08:35:32.875, 4, 75313 MiB, 0 %, 120.91 W, 1980 MHz
2026/09/28 08:35:32.876, 5, 75313 MiB, 0 %, 120.86 W, 1980 MHz
2026/09/28 08:35:32.877, 6, 75313 MiB, 0 %, 123.71 W, 1980 MHz
2026/09/28 08:35:32.878, 7, 75313 MiB, 0 %, 118.60 W, 1980 MHz
2026/09/28 08:35:33.878, 0, 75313 MiB, 0 %, 176.30 W, 1980 MHz
2026/09/28 08:35:33.880, 1, 75313 MiB, 0 %, 124.70 W, 1980 MHz
2026/09/28 08:35:33.880, 2, 75313 MiB, 0 %, 123.25 W, 1980 MHz
2026/09/28 08:35:33.882, 3, 75313 MiB, 0 %, 121.40 W, 1980 MHz
2026/09/28 08:35:33.883, 4, 75313 MiB, 0 %, 120.82 W, 1980 MHz
2026/09/28 08:35:33.884, 5, 75313 MiB, 0 %, 120.70 W, 1980 MHz
2026/09/28 08:35:33.885, 6, 75313 MiB, 0 %, 123.62 W, 1980 MHz
2026/09/28 08:35:33.887, 7, 75313 MiB, 0 %, 118.52 W, 1980 MHz
2026/09/28 08:35:34.888, 0, 75313 MiB, 0 %, 176.21 W, 1980 MHz
2026/09/28 08:35:34.888, 1, 75313 MiB, 0 %, 124.59 W, 1980 MHz
2026/09/28 08:35:34.889, 2, 75313 MiB, 0 %, 123.15 W, 1980 MHz
2026/09/28 08:35:34.890, 3, 75313 MiB, 0 %, 121.38 W, 1980 MHz
2026/09/28 08:35:34.891, 4, 75313 MiB, 0 %, 120.75 W, 1980 MHz
2026/09/28 08:35:34.891, 5, 75313 MiB, 0 %, 120.68 W, 1980 MHz
2026/09/28 08:35:34.892, 6, 75313 MiB, 0 %, 123.49 W, 1980 MHz
2026/09/28 08:35:34.893, 7, 75313 MiB, 0 %, 118.42 W, 1980 MHz
2026/09/28 08:35:35.894, 0, 75313 MiB, 0 %, 176.14 W, 1980 MHz
2026/09/28 08:35:35.895, 1, 75313 MiB, 0 %, 124.53 W, 1980 MHz
2026/09/28 08:35:35.895, 2, 75313 MiB, 0 %, 123.05 W, 1980 MHz
2026/09/28 08:35:35.896, 3, 75313 MiB, 0 %, 121.31 W, 1980 MHz
2026/09/28 08:35:35.897, 4, 75313 MiB, 0 %, 120.66 W, 1980 MHz
2026/09/28 08:35:35.897, 5, 75313 MiB, 0 %, 120.59 W, 1980 MHz
2026/09/28 08:35:35.898, 6, 75313 MiB, 0 %, 123.40 W, 1980 MHz
2026/09/28 08:35:35.899, 7, 75313 MiB, 0 %, 118.42 W, 1980 MHz
2026/09/28 08:35:36.899, 0, 75313 MiB, 0 %, 176.02 W, 1980 MHz
2026/09/28 08:35:36.900, 1, 75313 MiB, 0 %, 124.44 W, 1980 MHz
2026/09/28 08:35:36.901, 2, 75313 MiB, 0 %, 122.93 W, 1980 MHz
2026/09/28 08:35:36.901, 3, 75313 MiB, 0 %, 121.25 W, 1980 MHz
2026/09/28 08:35:36.902, 4, 75313 MiB, 0 %, 120.64 W, 1980 MHz
2026/09/28 08:35:36.903, 5, 75313 MiB, 0 %, 120.49 W, 1980 MHz
2026/09/28 08:35:36.903, 6, 75313 MiB, 0 %, 123.29 W, 1980 MHz
2026/09/28 08:35:36.904, 7, 75313 MiB, 0 %, 118.43 W, 1980 MHz
2026/09/28 08:35:37.905, 0, 75313 MiB, 0 %, 175.89 W, 1980 MHz
2026/09/28 08:35:37.905, 1, 75313 MiB, 0 %, 124.29 W, 1980 MHz
2026/09/28 08:35:37.906, 2, 75313 MiB, 0 %, 122.87 W, 1980 MHz
2026/09/28 08:35:37.907, 3, 75313 MiB, 0 %, 121.25 W, 1980 MHz
2026/09/28 08:35:37.907, 4, 75313 MiB, 0 %, 120.60 W, 1980 MHz
2026/09/28 08:35:37.908, 5, 75313 MiB, 0 %, 120.32 W, 1980 MHz
2026/09/28 08:35:37.909, 6, 75313 MiB, 0 %, 123.27 W, 1980 MHz
2026/09/28 08:35:37.909, 7, 75313 MiB, 0 %, 118.41 W, 1980 MHz
2026/09/28 08:35:38.910, 0, 75313 MiB, 0 %, 175.78 W, 1980 MHz
2026/09/28 08:35:38.911, 1, 75313 MiB, 0 %, 124.22 W, 1980 MHz
2026/09/28 08:35:38.912, 2, 75313 MiB, 0 %, 122.81 W, 1980 MHz
2026/09/28 08:35:38.912, 3, 75313 MiB, 0 %, 121.15 W, 1980 MHz
2026/09/28 08:35:38.913, 4, 75313 MiB, 0 %, 120.58 W, 1980 MHz
2026/09/28 08:35:38.914, 5, 75313 MiB, 0 %, 120.34 W, 1980 MHz
2026/09/28 08:35:38.914, 6, 75313 MiB, 0 %, 123.21 W, 1980 MHz
2026/09/28 08:35:38.915, 7, 75313 MiB, 0 %, 118.23 W, 1980 MHz
2026/09/28 08:35:39.916, 0, 75313 MiB, 0 %, 175.70 W, 1980 MHz
2026/09/28 08:35:39.917, 1, 75313 MiB, 0 %, 124.09 W, 1980 MHz
2026/09/28 08:35:39.918, 2, 75313 MiB, 0 %, 122.69 W, 1980 MHz
2026/09/28 08:35:39.918, 3, 75313 MiB, 0 %, 120.93 W, 1980 MHz
2026/09/28 08:35:39.919, 4, 75313 MiB, 0 %, 120.49 W, 1980 MHz
2026/09/28 08:35:39.920, 5, 75313 MiB, 0 %, 120.23 W, 1980 MHz
2026/09/28 08:35:39.920, 6, 75313 MiB, 0 %, 123.11 W, 1980 MHz
2026/09/28 08:35:39.921, 7, 75313 MiB, 0 %, 118.18 W, 1980 MHz
2026/09/28 08:35:40.921, 0, 75313 MiB, 0 %, 175.58 W, 1980 MHz
2026/09/28 08:35:40.922, 1, 75313 MiB, 0 %, 124.09 W, 1980 MHz
2026/09/28 08:35:40.923, 2, 75313 MiB, 0 %, 122.64 W, 1980 MHz
2026/09/28 08:35:40.924, 3, 75313 MiB, 0 %, 120.45 W, 1980 MHz
2026/09/28 08:35:40.924, 4, 75313 MiB, 0 %, 120.42 W, 1980 MHz
2026/09/28 08:35:40.925, 5, 75313 MiB, 0 %, 120.24 W, 1980 MHz
2026/09/28 08:35:40.926, 6, 75313 MiB, 0 %, 122.79 W, 1980 MHz
2026/09/28 08:35:40.926, 7, 75313 MiB, 0 %, 118.18 W, 1980 MHz
2026/09/28 08:35:41.927, 0, 75313 MiB, 0 %, 175.51 W, 1980 MHz
2026/09/28 08:35:41.928, 1, 75313 MiB, 0 %, 123.98 W, 1980 MHz
2026/09/28 08:35:41.929, 2, 75313 MiB, 0 %, 122.60 W, 1980 MHz
2026/09/28 08:35:41.929, 3, 75313 MiB, 0 %, 120.44 W, 1980 MHz
2026/09/28 08:35:41.930, 4, 75313 MiB, 0 %, 120.36 W, 1980 MHz
2026/09/28 08:35:41.931, 5, 75313 MiB, 0 %, 120.12 W, 1980 MHz
2026/09/28 08:35:41.932, 6, 75313 MiB, 0 %, 122.69 W, 1980 MHz
2026/09/28 08:35:41.932, 7, 75313 MiB, 0 %, 118.18 W, 1980 MHz
2026/09/28 08:35:42.933, 0, 75313 MiB, 0 %, 175.46 W, 1980 MHz
2026/09/28 08:35:42.934, 1, 75313 MiB, 0 %, 123.99 W, 1980 MHz
2026/09/28 08:35:42.934, 2, 75313 MiB, 0 %, 122.49 W, 1980 MHz
2026/09/28 08:35:42.935, 3, 75313 MiB, 0 %, 120.41 W, 1980 MHz
2026/09/28 08:35:42.936, 4, 75313 MiB, 0 %, 120.32 W, 1980 MHz
2026/09/28 08:35:42.936, 5, 75313 MiB, 0 %, 120.12 W, 1980 MHz
2026/09/28 08:35:42.937, 6, 75313 MiB, 0 %, 122.67 W, 1980 MHz
2026/09/28 08:35:42.938, 7, 75313 MiB, 0 %, 118.23 W, 1980 MHz
2026/09/28 08:35:43.939, 0, 75313 MiB, 0 %, 175.33 W, 1980 MHz
2026/09/28 08:35:43.939, 1, 75313 MiB, 0 %, 123.84 W, 1980 MHz
2026/09/28 08:35:43.940, 2, 75313 MiB, 0 %, 122.42 W, 1980 MHz
2026/09/28 08:35:43.941, 3, 75313 MiB, 0 %, 120.39 W, 1980 MHz
2026/09/28 08:35:43.942, 4, 75313 MiB, 0 %, 120.35 W, 1980 MHz
2026/09/28 08:35:43.942, 5, 75313 MiB, 0 %, 120.01 W, 1980 MHz
2026/09/28 08:35:43.943, 6, 75313 MiB, 0 %, 122.63 W, 1980 MHz
2026/09/28 08:35:43.943, 7, 75313 MiB, 0 %, 118.14 W, 1980 MHz
2026/09/28 08:35:44.944, 0, 75313 MiB, 0 %, 175.28 W, 1980 MHz
2026/09/28 08:35:44.945, 1, 75313 MiB, 0 %, 123.79 W, 1980 MHz
2026/09/28 08:35:44.946, 2, 75313 MiB, 0 %, 122.37 W, 1980 MHz
2026/09/28 08:35:44.946, 3, 75313 MiB, 0 %, 120.29 W, 1980 MHz
2026/09/28 08:35:44.947, 4, 75313 MiB, 0 %, 120.24 W, 1980 MHz
2026/09/28 08:35:44.948, 5, 75313 MiB, 0 %, 119.96 W, 1980 MHz
2026/09/28 08:35:44.948, 6, 75313 MiB, 0 %, 122.55 W, 1980 MHz
2026/09/28 08:35:44.949, 7, 75313 MiB, 0 %, 118.07 W, 1980 MHz
2026/09/28 08:35:45.950, 0, 75313 MiB, 0 %, 175.20 W, 1980 MHz
2026/09/28 08:35:45.950, 1, 75313 MiB, 0 %, 123.72 W, 1980 MHz
2026/09/28 08:35:45.951, 2, 75313 MiB, 0 %, 122.31 W, 1980 MHz
2026/09/28 08:35:45.952, 3, 75313 MiB, 0 %, 120.27 W, 1980 MHz
2026/09/28 08:35:45.952, 4, 75313 MiB, 0 %, 120.22 W, 1980 MHz
2026/09/28 08:35:45.953, 5, 75313 MiB, 0 %, 119.87 W, 1980 MHz
2026/09/28 08:35:45.954, 6, 75313 MiB, 0 %, 122.52 W, 1980 MHz
2026/09/28 08:35:45.954, 7, 75313 MiB, 0 %, 117.97 W, 1980 MHz
2026/09/28 08:35:46.955, 0, 75313 MiB, 0 %, 175.09 W, 1980 MHz
2026/09/28 08:35:46.956, 1, 75313 MiB, 0 %, 123.72 W, 1980 MHz
2026/09/28 08:35:46.957, 2, 75313 MiB, 0 %, 122.27 W, 1980 MHz
2026/09/28 08:35:46.957, 3, 75313 MiB, 0 %, 120.18 W, 1980 MHz
2026/09/28 08:35:46.958, 4, 75313 MiB, 0 %, 120.19 W, 1980 MHz
2026/09/28 08:35:46.959, 5, 75313 MiB, 0 %, 119.88 W, 1980 MHz
2026/09/28 08:35:46.959, 6, 75313 MiB, 0 %, 122.46 W, 1980 MHz
2026/09/28 08:35:46.960, 7, 75313 MiB, 0 %, 117.95 W, 1980 MHz
2026/09/28 08:35:47.961, 0, 75313 MiB, 0 %, 175.04 W, 1980 MHz
2026/09/28 08:35:47.961, 1, 75313 MiB, 0 %, 123.62 W, 1980 MHz
2026/09/28 08:35:47.962, 2, 75313 MiB, 0 %, 122.17 W, 1980 MHz
2026/09/28 08:35:47.963, 3, 75313 MiB, 0 %, 120.23 W, 1980 MHz
2026/09/28 08:35:47.963, 4, 75313 MiB, 0 %, 120.15 W, 1980 MHz
2026/09/28 08:35:47.964, 5, 75313 MiB, 0 %, 119.82 W, 1980 MHz
2026/09/28 08:35:47.965, 6, 75313 MiB, 0 %, 122.40 W, 1980 MHz
2026/09/28 08:35:47.965, 7, 75313 MiB, 0 %, 117.98 W, 1980 MHz
2026/09/28 08:35:48.966, 0, 75313 MiB, 0 %, 175.01 W, 1980 MHz
2026/09/28 08:35:48.967, 1, 75313 MiB, 0 %, 123.64 W, 1980 MHz
2026/09/28 08:35:48.968, 2, 75313 MiB, 0 %, 122.13 W, 1980 MHz
2026/09/28 08:35:48.968, 3, 75313 MiB, 0 %, 120.21 W, 1980 MHz
2026/09/28 08:35:48.969, 4, 75313 MiB, 0 %, 120.10 W, 1980 MHz
2026/09/28 08:35:48.970, 5, 75313 MiB, 0 %, 119.77 W, 1980 MHz
2026/09/28 08:35:48.970, 6, 75313 MiB, 0 %, 122.35 W, 1980 MHz
2026/09/28 08:35:48.971, 7, 75313 MiB, 0 %, 117.97 W, 1980 MHz
2026/09/28 08:35:49.972, 0, 75313 MiB, 0 %, 174.89 W, 1980 MHz
2026/09/28 08:35:49.973, 1, 75313 MiB, 0 %, 123.54 W, 1980 MHz
2026/09/28 08:35:49.973, 2, 75313 MiB, 0 %, 122.01 W, 1980 MHz
2026/09/28 08:35:49.974, 3, 75313 MiB, 0 %, 120.13 W, 1980 MHz
2026/09/28 08:35:49.975, 4, 75313 MiB, 0 %, 120.17 W, 1980 MHz
2026/09/28 08:35:49.976, 5, 75313 MiB, 0 %, 119.56 W, 1980 MHz
2026/09/28 08:35:49.976, 6, 75313 MiB, 0 %, 122.35 W, 1980 MHz
2026/09/28 08:35:49.977, 7, 75313 MiB, 0 %, 117.96 W, 1980 MHz
2026/09/28 08:35:50.978, 0, 75313 MiB, 0 %, 174.81 W, 1980 MHz
2026/09/28 08:35:50.979, 1, 75313 MiB, 0 %, 123.44 W, 1980 MHz
2026/09/28 08:35:50.979, 2, 75313 MiB, 0 %, 121.99 W, 1980 MHz
2026/09/28 08:35:50.980, 3, 75313 MiB, 0 %, 120.07 W, 1980 MHz
2026/09/28 08:35:50.981, 4, 75313 MiB, 0 %, 120.11 W, 1980 MHz
2026/09/28 08:35:50.981, 5, 75313 MiB, 0 %, 119.26 W, 1980 MHz
2026/09/28 08:35:50.982, 6, 75313 MiB, 0 %, 122.25 W, 1980 MHz
2026/09/28 08:35:50.983, 7, 75313 MiB, 0 %, 117.55 W, 1980 MHz
2026/09/28 08:35:51.984, 0, 75313 MiB, 0 %, 174.76 W, 1980 MHz
2026/09/28 08:35:51.984, 1, 75313 MiB, 0 %, 123.35 W, 1980 MHz
2026/09/28 08:35:51.985, 2, 75313 MiB, 0 %, 121.93 W, 1980 MHz
2026/09/28 08:35:51.986, 3, 75313 MiB, 0 %, 120.05 W, 1980 MHz
2026/09/28 08:35:51.987, 4, 75313 MiB, 0 %, 120.04 W, 1980 MHz
2026/09/28 08:35:51.988, 5, 75313 MiB, 0 %, 119.20 W, 1980 MHz
2026/09/28 08:35:51.988, 6, 75313 MiB, 0 %, 122.20 W, 1980 MHz
2026/09/28 08:35:51.989, 7, 75313 MiB, 0 %, 116.75 W, 1980 MHz
2026/09/28 08:35:52.989, 0, 75313 MiB, 4 %, 207.30 W, 1980 MHz
2026/09/28 08:35:52.990, 1, 75313 MiB, 72 %, 152.51 W, 1980 MHz
2026/09/28 08:35:52.991, 2, 75313 MiB, 100 %, 175.99 W, 1980 MHz
2026/09/28 08:35:52.992, 3, 75313 MiB, 0 %, 160.67 W, 1980 MHz
2026/09/28 08:35:52.993, 4, 75313 MiB, 22 %, 153.48 W, 1980 MHz
2026/09/28 08:35:52.993, 5, 75313 MiB, 100 %, 179.55 W, 1980 MHz
2026/09/28 08:35:52.994, 6, 75313 MiB, 0 %, 162.57 W, 1980 MHz
2026/09/28 08:35:52.995, 7, 75313 MiB, 79 %, 165.53 W, 1980 MHz
2026/09/28 08:35:53.995, 0, 75313 MiB, 100 %, 542.35 W, 1980 MHz
2026/09/28 08:35:53.996, 1, 75313 MiB, 100 %, 496.59 W, 1980 MHz
2026/09/28 08:35:53.997, 2, 75313 MiB, 100 %, 502.15 W, 1980 MHz
2026/09/28 08:35:53.998, 3, 75313 MiB, 100 %, 497.39 W, 1980 MHz
2026/09/28 08:35:53.999, 4, 75313 MiB, 100 %, 472.69 W, 1980 MHz
2026/09/28 08:35:53.999, 5, 75313 MiB, 100 %, 483.87 W, 1980 MHz
2026/09/28 08:35:54.000, 6, 75313 MiB, 100 %, 521.92 W, 1980 MHz
2026/09/28 08:35:54.001, 7, 75313 MiB, 100 %, 466.53 W, 1980 MHz
2026/09/28 08:35:55.001, 0, 75313 MiB, 100 %, 582.52 W, 1980 MHz
2026/09/28 08:35:55.002, 1, 75313 MiB, 100 %, 523.55 W, 1980 MHz
2026/09/28 08:35:55.003, 2, 75313 MiB, 100 %, 549.99 W, 1980 MHz
2026/09/28 08:35:55.004, 3, 75313 MiB, 100 %, 515.16 W, 1980 MHz
2026/09/28 08:35:55.005, 4, 75313 MiB, 100 %, 509.04 W, 1980 MHz
2026/09/28 08:35:55.005, 5, 75313 MiB, 100 %, 527.68 W, 1980 MHz
2026/09/28 08:35:55.006, 6, 75313 MiB, 100 %, 559.11 W, 1980 MHz
2026/09/28 08:35:55.007, 7, 75313 MiB, 100 %, 515.80 W, 1980 MHz
2026/09/28 08:35:56.007, 0, 75313 MiB, 100 %, 610.58 W, 1905 MHz
2026/09/28 08:35:56.008, 1, 75313 MiB, 100 %, 578.74 W, 1980 MHz
2026/09/28 08:35:56.009, 2, 75313 MiB, 100 %, 572.03 W, 1980 MHz
2026/09/28 08:35:56.010, 3, 75313 MiB, 100 %, 558.41 W, 1980 MHz
2026/09/28 08:35:56.010, 4, 75313 MiB, 100 %, 550.68 W, 1980 MHz
2026/09/28 08:35:56.011, 5, 75313 MiB, 100 %, 557.88 W, 1980 MHz
2026/09/28 08:35:56.012, 6, 75313 MiB, 100 %, 578.47 W, 1980 MHz
2026/09/28 08:35:56.013, 7, 75313 MiB, 100 %, 547.17 W, 1980 MHz
2026/09/28 08:35:57.013, 0, 75313 MiB, 100 %, 602.88 W, 1965 MHz
2026/09/28 08:35:57.014, 1, 75313 MiB, 100 %, 574.76 W, 1965 MHz
2026/09/28 08:35:57.015, 2, 75313 MiB, 100 %, 578.62 W, 1965 MHz
2026/09/28 08:35:57.016, 3, 75313 MiB, 100 %, 558.00 W, 1965 MHz
2026/09/28 08:35:57.017, 4, 75313 MiB, 100 %, 568.92 W, 1965 MHz
2026/09/28 08:35:57.017, 5, 75313 MiB, 100 %, 564.45 W, 1965 MHz
2026/09/28 08:35:57.018, 6, 75313 MiB, 100 %, 597.67 W, 1965 MHz
2026/09/28 08:35:57.019, 7, 75313 MiB, 100 %, 554.36 W, 1965 MHz
2026/09/28 08:35:58.019, 0, 75313 MiB, 100 %, 590.90 W, 1650 MHz
2026/09/28 08:35:58.020, 1, 75313 MiB, 100 %, 598.55 W, 1965 MHz
2026/09/28 08:35:58.021, 2, 75313 MiB, 100 %, 587.21 W, 1965 MHz
2026/09/28 08:35:58.022, 3, 75313 MiB, 100 %, 562.20 W, 1965 MHz
2026/09/28 08:35:58.023, 4, 75313 MiB, 100 %, 581.17 W, 1980 MHz
2026/09/28 08:35:58.023, 5, 75313 MiB, 100 %, 600.79 W, 1965 MHz
2026/09/28 08:35:58.024, 6, 75313 MiB, 100 %, 591.92 W, 1965 MHz
2026/09/28 08:35:58.025, 7, 75313 MiB, 100 %, 581.39 W, 1980 MHz
2026/09/28 08:35:59.026, 0, 75313 MiB, 100 %, 576.89 W, 1785 MHz
2026/09/28 08:35:59.026, 1, 75313 MiB, 100 %, 608.20 W, 1890 MHz
2026/09/28 08:35:59.027, 2, 75313 MiB, 100 %, 608.45 W, 1965 MHz
2026/09/28 08:35:59.028, 3, 75313 MiB, 100 %, 591.23 W, 1965 MHz
2026/09/28 08:35:59.029, 4, 75313 MiB, 100 %, 582.86 W, 1980 MHz
2026/09/28 08:35:59.029, 5, 75313 MiB, 100 %, 594.61 W, 1935 MHz
2026/09/28 08:35:59.030, 6, 75313 MiB, 100 %, 593.79 W, 1965 MHz
2026/09/28 08:35:59.031, 7, 75313 MiB, 100 %, 578.16 W, 1980 MHz
2026/09/28 08:36:00.032, 0, 75313 MiB, 100 %, 595.41 W, 1695 MHz
2026/09/28 08:36:00.033, 1, 75313 MiB, 100 %, 604.89 W, 1965 MHz
2026/09/28 08:36:00.033, 2, 75313 MiB, 100 %, 614.65 W, 1905 MHz
2026/09/28 08:36:00.034, 3, 75313 MiB, 100 %, 617.17 W, 1965 MHz
2026/09/28 08:36:00.035, 4, 75313 MiB, 100 %, 574.70 W, 1965 MHz
2026/09/28 08:36:00.035, 5, 75313 MiB, 100 %, 599.43 W, 1965 MHz
2026/09/28 08:36:00.036, 6, 75313 MiB, 100 %, 615.43 W, 1935 MHz
2026/09/28 08:36:00.037, 7, 75313 MiB, 100 %, 568.96 W, 1950 MHz
2026/09/28 08:36:01.037, 0, 75313 MiB, 100 %, 551.78 W, 1365 MHz
2026/09/28 08:36:01.038, 1, 75313 MiB, 100 %, 607.45 W, 1935 MHz
2026/09/28 08:36:01.039, 2, 75313 MiB, 100 %, 601.25 W, 1845 MHz
2026/09/28 08:36:01.040, 3, 75313 MiB, 100 %, 602.04 W, 1920 MHz
2026/09/28 08:36:01.041, 4, 75313 MiB, 100 %, 596.40 W, 1905 MHz
2026/09/28 08:36:01.041, 5, 75313 MiB, 100 %, 604.03 W, 1965 MHz
2026/09/28 08:36:01.042, 6, 75313 MiB, 100 %, 615.05 W, 1890 MHz
2026/09/28 08:36:01.043, 7, 75313 MiB, 100 %, 588.19 W, 1905 MHz
2026/09/28 08:36:02.043, 0, 75313 MiB, 100 %, 490.55 W, 1305 MHz
2026/09/28 08:36:02.045, 1, 75313 MiB, 100 %, 596.58 W, 1965 MHz
2026/09/28 08:36:02.045, 2, 75313 MiB, 100 %, 608.96 W, 1965 MHz
2026/09/28 08:36:02.046, 3, 75313 MiB, 100 %, 609.81 W, 1770 MHz
2026/09/28 08:36:02.047, 4, 75313 MiB, 100 %, 579.30 W, 1935 MHz
2026/09/28 08:36:02.047, 5, 75313 MiB, 100 %, 590.52 W, 1950 MHz
2026/09/28 08:36:02.048, 6, 75313 MiB, 100 %, 607.46 W, 1815 MHz
2026/09/28 08:36:02.049, 7, 75313 MiB, 100 %, 574.48 W, 1890 MHz
2026/09/28 08:36:03.049, 0, 75313 MiB, 100 %, 522.27 W, 1965 MHz
2026/09/28 08:36:03.050, 1, 75313 MiB, 100 %, 582.28 W, 1965 MHz
2026/09/28 08:36:03.051, 2, 75313 MiB, 100 %, 580.33 W, 1980 MHz
2026/09/28 08:36:03.052, 3, 75313 MiB, 100 %, 561.15 W, 1965 MHz
2026/09/28 08:36:03.053, 4, 75313 MiB, 100 %, 551.08 W, 1980 MHz
2026/09/28 08:36:03.053, 5, 75313 MiB, 100 %, 584.18 W, 1965 MHz
2026/09/28 08:36:03.054, 6, 75313 MiB, 100 %, 563.47 W, 1980 MHz
2026/09/28 08:36:03.054, 7, 75313 MiB, 100 %, 553.42 W, 1980 MHz
2026/09/28 08:36:04.055, 0, 75313 MiB, 100 %, 527.10 W, 1980 MHz
2026/09/28 08:36:04.056, 1, 75313 MiB, 100 %, 489.14 W, 1980 MHz
2026/09/28 08:36:04.057, 2, 75313 MiB, 100 %, 487.43 W, 1980 MHz
2026/09/28 08:36:04.057, 3, 75313 MiB, 100 %, 480.26 W, 1980 MHz
2026/09/28 08:36:04.058, 4, 75313 MiB, 100 %, 466.65 W, 1980 MHz
2026/09/28 08:36:04.059, 5, 75313 MiB, 100 %, 479.59 W, 1980 MHz
2026/09/28 08:36:04.060, 6, 75313 MiB, 100 %, 504.98 W, 1980 MHz
2026/09/28 08:36:04.060, 7, 75313 MiB, 100 %, 457.44 W, 1980 MHz
2026/09/28 08:36:05.061, 0, 75313 MiB, 100 %, 572.83 W, 1905 MHz
2026/09/28 08:36:05.062, 1, 75313 MiB, 100 %, 542.12 W, 1980 MHz
2026/09/28 08:36:05.063, 2, 75313 MiB, 100 %, 534.82 W, 1980 MHz
2026/09/28 08:36:05.063, 3, 75313 MiB, 100 %, 539.81 W, 1980 MHz
2026/09/28 08:36:05.064, 4, 75313 MiB, 100 %, 521.99 W, 1980 MHz
2026/09/28 08:36:05.065, 5, 75313 MiB, 100 %, 521.88 W, 1980 MHz
2026/09/28 08:36:05.065, 6, 75313 MiB, 100 %, 552.05 W, 1980 MHz
2026/09/28 08:36:05.066, 7, 75313 MiB, 100 %, 499.63 W, 1980 MHz
2026/09/28 08:36:06.067, 0, 75313 MiB, 100 %, 568.28 W, 1620 MHz
2026/09/28 08:36:06.068, 1, 75313 MiB, 100 %, 561.45 W, 1920 MHz
2026/09/28 08:36:06.069, 2, 75313 MiB, 100 %, 581.24 W, 1980 MHz
2026/09/28 08:36:06.069, 3, 75313 MiB, 100 %, 560.97 W, 1980 MHz
2026/09/28 08:36:06.070, 4, 75313 MiB, 100 %, 547.36 W, 1980 MHz
2026/09/28 08:36:06.071, 5, 75313 MiB, 100 %, 554.71 W, 1980 MHz
2026/09/28 08:36:06.072, 6, 75313 MiB, 100 %, 594.84 W, 1980 MHz
2026/09/28 08:36:06.072, 7, 75313 MiB, 100 %, 530.87 W, 1980 MHz
2026/09/28 08:36:07.073, 0, 75313 MiB, 100 %, 541.98 W, 1740 MHz
2026/09/28 08:36:07.074, 1, 75313 MiB, 100 %, 569.72 W, 1965 MHz
2026/09/28 08:36:07.075, 2, 75313 MiB, 100 %, 584.56 W, 1965 MHz
2026/09/28 08:36:07.075, 3, 75313 MiB, 100 %, 567.41 W, 1965 MHz
2026/09/28 08:36:07.076, 4, 75313 MiB, 100 %, 546.20 W, 1980 MHz
2026/09/28 08:36:07.077, 5, 75313 MiB, 100 %, 564.85 W, 1965 MHz
2026/09/28 08:36:07.077, 6, 75313 MiB, 100 %, 593.41 W, 1950 MHz
2026/09/28 08:36:07.078, 7, 75313 MiB, 100 %, 557.58 W, 1980 MHz
2026/09/28 08:36:08.079, 0, 75313 MiB, 100 %, 554.35 W, 1680 MHz
2026/09/28 08:36:08.080, 1, 75313 MiB, 100 %, 614.95 W, 1965 MHz
2026/09/28 08:36:08.081, 2, 75313 MiB, 100 %, 584.42 W, 1965 MHz
2026/09/28 08:36:08.081, 3, 75313 MiB, 100 %, 587.89 W, 1965 MHz
2026/09/28 08:36:08.082, 4, 75313 MiB, 100 %, 559.60 W, 1965 MHz
2026/09/28 08:36:08.083, 5, 75313 MiB, 100 %, 611.04 W, 1950 MHz
2026/09/28 08:36:08.083, 6, 75313 MiB, 100 %, 597.73 W, 1965 MHz
2026/09/28 08:36:08.084, 7, 75313 MiB, 100 %, 567.52 W, 1980 MHz
2026/09/28 08:36:09.085, 0, 75313 MiB, 100 %, 571.27 W, 1965 MHz
2026/09/28 08:36:09.085, 1, 75313 MiB, 100 %, 608.79 W, 1890 MHz
2026/09/28 08:36:09.086, 2, 75313 MiB, 100 %, 612.40 W, 1965 MHz
2026/09/28 08:36:09.087, 3, 75313 MiB, 100 %, 604.36 W, 1950 MHz
2026/09/28 08:36:09.087, 4, 75313 MiB, 100 %, 579.46 W, 1965 MHz
2026/09/28 08:36:09.088, 5, 75313 MiB, 100 %, 592.88 W, 1920 MHz
2026/09/28 08:36:09.089, 6, 75313 MiB, 100 %, 616.11 W, 1965 MHz
2026/09/28 08:36:09.089, 7, 75313 MiB, 100 %, 577.25 W, 1965 MHz
2026/09/28 08:36:10.090, 0, 75313 MiB, 100 %, 607.67 W, 1440 MHz
2026/09/28 08:36:10.091, 1, 75313 MiB, 100 %, 622.36 W, 1950 MHz
2026/09/28 08:36:10.091, 2, 75313 MiB, 100 %, 618.82 W, 1965 MHz
2026/09/28 08:36:10.092, 3, 75313 MiB, 100 %, 610.74 W, 1950 MHz
2026/09/28 08:36:10.093, 4, 75313 MiB, 100 %, 594.59 W, 1965 MHz
2026/09/28 08:36:10.094, 5, 75313 MiB, 100 %, 608.37 W, 1935 MHz
2026/09/28 08:36:10.094, 6, 75313 MiB, 100 %, 608.79 W, 1950 MHz
2026/09/28 08:36:10.095, 7, 75313 MiB, 100 %, 586.21 W, 1965 MHz
2026/09/28 08:36:11.096, 0, 75313 MiB, 100 %, 543.31 W, 1575 MHz
2026/09/28 08:36:11.096, 1, 75313 MiB, 100 %, 611.39 W, 1815 MHz
2026/09/28 08:36:11.097, 2, 75313 MiB, 100 %, 611.66 W, 1890 MHz
2026/09/28 08:36:11.098, 3, 75313 MiB, 100 %, 603.89 W, 1725 MHz
2026/09/28 08:36:11.099, 4, 75313 MiB, 100 %, 601.14 W, 1950 MHz
2026/09/28 08:36:11.099, 5, 75313 MiB, 100 %, 609.47 W, 1860 MHz
2026/09/28 08:36:11.100, 6, 75313 MiB, 100 %, 606.23 W, 1785 MHz
2026/09/28 08:36:11.101, 7, 75313 MiB, 100 %, 586.96 W, 1965 MHz
2026/09/28 08:36:12.101, 0, 75313 MiB, 100 %, 551.76 W, 1485 MHz
2026/09/28 08:36:12.102, 1, 75313 MiB, 100 %, 605.91 W, 1920 MHz
2026/09/28 08:36:12.103, 2, 75313 MiB, 100 %, 610.42 W, 1905 MHz
2026/09/28 08:36:12.104, 3, 75313 MiB, 100 %, 607.28 W, 1875 MHz
2026/09/28 08:36:12.104, 4, 75313 MiB, 100 %, 602.33 W, 1950 MHz
2026/09/28 08:36:12.105, 5, 75313 MiB, 100 %, 598.42 W, 1965 MHz
2026/09/28 08:36:12.106, 6, 75313 MiB, 100 %, 613.24 W, 1770 MHz
2026/09/28 08:36:12.106, 7, 75313 MiB, 100 %, 584.23 W, 1965 MHz
2026/09/28 08:36:13.107, 0, 75313 MiB, 100 %, 563.99 W, 1965 MHz
2026/09/28 08:36:13.108, 1, 75313 MiB, 100 %, 566.74 W, 1980 MHz
2026/09/28 08:36:13.109, 2, 75313 MiB, 100 %, 588.79 W, 1980 MHz
2026/09/28 08:36:13.110, 3, 75313 MiB, 100 %, 569.09 W, 1980 MHz
2026/09/28 08:36:13.110, 4, 75313 MiB, 100 %, 575.31 W, 1980 MHz
2026/09/28 08:36:13.111, 5, 75313 MiB, 100 %, 562.55 W, 1980 MHz
2026/09/28 08:36:13.112, 6, 75313 MiB, 100 %, 591.37 W, 1980 MHz
2026/09/28 08:36:13.113, 7, 75313 MiB, 100 %, 545.19 W, 1980 MHz
2026/09/28 08:36:14.114, 0, 75313 MiB, 100 %, 539.71 W, 1980 MHz
2026/09/28 08:36:14.114, 1, 75313 MiB, 100 %, 500.33 W, 1980 MHz
2026/09/28 08:36:14.115, 2, 75313 MiB, 100 %, 494.18 W, 1980 MHz
2026/09/28 08:36:14.116, 3, 75313 MiB, 100 %, 496.71 W, 1980 MHz
2026/09/28 08:36:14.116, 4, 75313 MiB, 100 %, 478.92 W, 1980 MHz
2026/09/28 08:36:14.117, 5, 75313 MiB, 100 %, 490.34 W, 1980 MHz
2026/09/28 08:36:14.118, 6, 75313 MiB, 100 %, 505.46 W, 1980 MHz
2026/09/28 08:36:14.118, 7, 75313 MiB, 100 %, 456.32 W, 1980 MHz
2026/09/28 08:36:15.119, 0, 75313 MiB, 100 %, 571.67 W, 1950 MHz
2026/09/28 08:36:15.120, 1, 75313 MiB, 100 %, 543.26 W, 1965 MHz
2026/09/28 08:36:15.121, 2, 75313 MiB, 100 %, 545.73 W, 1980 MHz
2026/09/28 08:36:15.121, 3, 75313 MiB, 100 %, 527.55 W, 1980 MHz
2026/09/28 08:36:15.122, 4, 75313 MiB, 100 %, 513.68 W, 1980 MHz
2026/09/28 08:36:15.123, 5, 75313 MiB, 100 %, 533.35 W, 1965 MHz
2026/09/28 08:36:15.124, 6, 75313 MiB, 100 %, 569.30 W, 1980 MHz
2026/09/28 08:36:15.124, 7, 75313 MiB, 100 %, 515.28 W, 1980 MHz
2026/09/28 08:36:16.125, 0, 75313 MiB, 100 %, 509.88 W, 1440 MHz
2026/09/28 08:36:16.126, 1, 75313 MiB, 100 %, 582.29 W, 1980 MHz
2026/09/28 08:36:16.127, 2, 75313 MiB, 100 %, 567.83 W, 1965 MHz
2026/09/28 08:36:16.127, 3, 75313 MiB, 100 %, 548.47 W, 1980 MHz
2026/09/28 08:36:16.128, 4, 75313 MiB, 100 %, 534.14 W, 1950 MHz
2026/09/28 08:36:16.128, 5, 75313 MiB, 100 %, 557.03 W, 1980 MHz
2026/09/28 08:36:16.129, 6, 75313 MiB, 100 %, 586.56 W, 1965 MHz
2026/09/28 08:36:16.130, 7, 75313 MiB, 100 %, 536.20 W, 1980 MHz
2026/09/28 08:36:17.130, 0, 75313 MiB, 100 %, 503.64 W, 1575 MHz
2026/09/28 08:36:17.131, 1, 75313 MiB, 100 %, 566.97 W, 1950 MHz
2026/09/28 08:36:17.132, 2, 75313 MiB, 100 %, 586.36 W, 1965 MHz
2026/09/28 08:36:17.132, 3, 75313 MiB, 100 %, 573.73 W, 1890 MHz
2026/09/28 08:36:17.133, 4, 75313 MiB, 100 %, 559.11 W, 1980 MHz
2026/09/28 08:36:17.134, 5, 75313 MiB, 100 %, 562.68 W, 1965 MHz
2026/09/28 08:36:17.134, 6, 75313 MiB, 100 %, 583.05 W, 1950 MHz
2026/09/28 08:36:17.135, 7, 75313 MiB, 100 %, 549.70 W, 1980 MHz
2026/09/28 08:36:18.136, 0, 75313 MiB, 100 %, 527.24 W, 1515 MHz
2026/09/28 08:36:18.136, 1, 75313 MiB, 100 %, 608.53 W, 1965 MHz
2026/09/28 08:36:18.137, 2, 75313 MiB, 100 %, 577.84 W, 1950 MHz
2026/09/28 08:36:18.138, 3, 75313 MiB, 100 %, 571.38 W, 1965 MHz
2026/09/28 08:36:18.138, 4, 75313 MiB, 100 %, 572.32 W, 1950 MHz
2026/09/28 08:36:18.139, 5, 75313 MiB, 100 %, 602.79 W, 1965 MHz
2026/09/28 08:36:18.140, 6, 75313 MiB, 100 %, 574.33 W, 1935 MHz
2026/09/28 08:36:18.140, 7, 75313 MiB, 100 %, 560.32 W, 1980 MHz
2026/09/28 08:36:19.141, 0, 75313 MiB, 100 %, 544.81 W, 1830 MHz
2026/09/28 08:36:19.142, 1, 75313 MiB, 100 %, 612.07 W, 1965 MHz
2026/09/28 08:36:19.142, 2, 75313 MiB, 100 %, 591.25 W, 1905 MHz
2026/09/28 08:36:19.143, 3, 75313 MiB, 100 %, 594.05 W, 1800 MHz
2026/09/28 08:36:19.144, 4, 75313 MiB, 100 %, 572.91 W, 1935 MHz
2026/09/28 08:36:19.144, 5, 75313 MiB, 100 %, 596.54 W, 1950 MHz
2026/09/28 08:36:19.145, 6, 75313 MiB, 100 %, 600.38 W, 1830 MHz
2026/09/28 08:36:19.146, 7, 75313 MiB, 100 %, 569.25 W, 1965 MHz
2026/09/28 08:36:20.146, 0, 75313 MiB, 100 %, 515.54 W, 1380 MHz
2026/09/28 08:36:20.147, 1, 75313 MiB, 100 %, 594.97 W, 1920 MHz
2026/09/28 08:36:20.148, 2, 75313 MiB, 100 %, 598.45 W, 1965 MHz
2026/09/28 08:36:20.150, 3, 75313 MiB, 100 %, 585.28 W, 1950 MHz
2026/09/28 08:36:20.150, 4, 75313 MiB, 100 %, 583.00 W, 1935 MHz
2026/09/28 08:36:20.152, 5, 75313 MiB, 100 %, 585.65 W, 1920 MHz
2026/09/28 08:36:20.153, 6, 75313 MiB, 100 %, 596.61 W, 1965 MHz
2026/09/28 08:36:20.153, 7, 75313 MiB, 100 %, 573.31 W, 1785 MHz
2026/09/28 08:36:21.154, 0, 75313 MiB, 100 %, 519.99 W, 1650 MHz
2026/09/28 08:36:21.155, 1, 75313 MiB, 100 %, 591.68 W, 1875 MHz
2026/09/28 08:36:21.156, 2, 75313 MiB, 100 %, 604.18 W, 1890 MHz
2026/09/28 08:36:21.156, 3, 75313 MiB, 100 %, 595.20 W, 1965 MHz
2026/09/28 08:36:21.157, 4, 75313 MiB, 100 %, 561.13 W, 1950 MHz
2026/09/28 08:36:21.158, 5, 75313 MiB, 100 %, 595.92 W, 1965 MHz
2026/09/28 08:36:21.159, 6, 75313 MiB, 100 %, 601.71 W, 1935 MHz
2026/09/28 08:36:21.159, 7, 75313 MiB, 100 %, 569.39 W, 1965 MHz
2026/09/28 08:36:22.160, 0, 75313 MiB, 100 %, 526.85 W, 1845 MHz
2026/09/28 08:36:22.161, 1, 75313 MiB, 100 %, 601.65 W, 1950 MHz
2026/09/28 08:36:22.161, 2, 75313 MiB, 100 %, 603.57 W, 1740 MHz
2026/09/28 08:36:22.162, 3, 75313 MiB, 100 %, 618.09 W, 1755 MHz
2026/09/28 08:36:22.163, 4, 75313 MiB, 100 %, 590.52 W, 1905 MHz
2026/09/28 08:36:22.163, 5, 75313 MiB, 100 %, 602.33 W, 1875 MHz
2026/09/28 08:36:22.164, 6, 75313 MiB, 100 %, 614.60 W, 1755 MHz
2026/09/28 08:36:22.165, 7, 75313 MiB, 100 %, 584.31 W, 1905 MHz
2026/09/28 08:36:23.166, 0, 75313 MiB, 100 %, 588.54 W, 1725 MHz
2026/09/28 08:36:23.167, 1, 75313 MiB, 100 %, 607.58 W, 1965 MHz
2026/09/28 08:36:23.167, 2, 75313 MiB, 100 %, 602.33 W, 1965 MHz
2026/09/28 08:36:23.168, 3, 75313 MiB, 100 %, 597.43 W, 1980 MHz
2026/09/28 08:36:23.169, 4, 75313 MiB, 100 %, 577.05 W, 1965 MHz
2026/09/28 08:36:23.169, 5, 75313 MiB, 100 %, 596.74 W, 1965 MHz
2026/09/28 08:36:23.170, 6, 75313 MiB, 100 %, 591.37 W, 1965 MHz
2026/09/28 08:36:23.171, 7, 75313 MiB, 100 %, 585.18 W, 1965 MHz
2026/09/28 08:36:24.172, 0, 75313 MiB, 100 %, 492.68 W, 1845 MHz
2026/09/28 08:36:24.173, 1, 75313 MiB, 100 %, 487.91 W, 1980 MHz
2026/09/28 08:36:24.173, 2, 75313 MiB, 100 %, 491.83 W, 1980 MHz
2026/09/28 08:36:24.174, 3, 75313 MiB, 100 %, 487.70 W, 1980 MHz
2026/09/28 08:36:24.175, 4, 75313 MiB, 100 %, 475.72 W, 1980 MHz
2026/09/28 08:36:24.175, 5, 75313 MiB, 100 %, 484.41 W, 1980 MHz
2026/09/28 08:36:24.176, 6, 75313 MiB, 100 %, 504.93 W, 1980 MHz
2026/09/28 08:36:24.176, 7, 75313 MiB, 100 %, 451.20 W, 1980 MHz
2026/09/28 08:36:25.177, 0, 75313 MiB, 100 %, 519.09 W, 1890 MHz
2026/09/28 08:36:25.178, 1, 75313 MiB, 100 %, 548.42 W, 1980 MHz
2026/09/28 08:36:25.179, 2, 75313 MiB, 100 %, 544.42 W, 1980 MHz
2026/09/28 08:36:25.179, 3, 75313 MiB, 100 %, 532.99 W, 1980 MHz
2026/09/28 08:36:25.180, 4, 75313 MiB, 100 %, 527.26 W, 1980 MHz
2026/09/28 08:36:25.181, 5, 75313 MiB, 100 %, 509.89 W, 1980 MHz
2026/09/28 08:36:25.181, 6, 75313 MiB, 100 %, 550.61 W, 1980 MHz
2026/09/28 08:36:25.182, 7, 75313 MiB, 100 %, 499.21 W, 1980 MHz
2026/09/28 08:36:26.182, 0, 75313 MiB, 100 %, 527.36 W, 1500 MHz
2026/09/28 08:36:26.183, 1, 75313 MiB, 100 %, 566.60 W, 1980 MHz
2026/09/28 08:36:26.184, 2, 75313 MiB, 100 %, 568.89 W, 1965 MHz
2026/09/28 08:36:26.185, 3, 75313 MiB, 100 %, 569.88 W, 1980 MHz
2026/09/28 08:36:26.185, 4, 75313 MiB, 100 %, 541.77 W, 1965 MHz
2026/09/28 08:36:26.186, 5, 75313 MiB, 100 %, 558.96 W, 1980 MHz
2026/09/28 08:36:26.187, 6, 75313 MiB, 100 %, 587.77 W, 1980 MHz
2026/09/28 08:36:26.187, 7, 75313 MiB, 100 %, 532.52 W, 1965 MHz
2026/09/28 08:36:27.188, 0, 75313 MiB, 100 %, 527.20 W, 1740 MHz
2026/09/28 08:36:27.189, 1, 75313 MiB, 100 %, 564.41 W, 1965 MHz
2026/09/28 08:36:27.190, 2, 75313 MiB, 100 %, 582.22 W, 1965 MHz
2026/09/28 08:36:27.190, 3, 75313 MiB, 100 %, 558.40 W, 1965 MHz
2026/09/28 08:36:27.191, 4, 75313 MiB, 100 %, 557.91 W, 1980 MHz
2026/09/28 08:36:27.191, 5, 75313 MiB, 100 %, 556.87 W, 1965 MHz
2026/09/28 08:36:27.192, 6, 75313 MiB, 100 %, 589.74 W, 1965 MHz
2026/09/28 08:36:27.193, 7, 75313 MiB, 100 %, 550.77 W, 1965 MHz
2026/09/28 08:36:28.193, 0, 75313 MiB, 100 %, 546.27 W, 1440 MHz
2026/09/28 08:36:28.194, 1, 75313 MiB, 100 %, 588.81 W, 1965 MHz
2026/09/28 08:36:28.195, 2, 75313 MiB, 100 %, 609.89 W, 1965 MHz
2026/09/28 08:36:28.195, 3, 75313 MiB, 100 %, 582.19 W, 1965 MHz
2026/09/28 08:36:28.196, 4, 75313 MiB, 100 %, 569.09 W, 1965 MHz
2026/09/28 08:36:28.197, 5, 75313 MiB, 100 %, 587.97 W, 1980 MHz
2026/09/28 08:36:28.198, 6, 75313 MiB, 100 %, 612.78 W, 1920 MHz
2026/09/28 08:36:28.198, 7, 75313 MiB, 100 %, 567.75 W, 1980 MHz
2026/09/28 08:36:29.199, 0, 75313 MiB, 100 %, 543.25 W, 1860 MHz
2026/09/28 08:36:29.200, 1, 75313 MiB, 100 %, 614.93 W, 1905 MHz
2026/09/28 08:36:29.200, 2, 75313 MiB, 100 %, 602.59 W, 1965 MHz
2026/09/28 08:36:29.201, 3, 75313 MiB, 100 %, 617.75 W, 1965 MHz
2026/09/28 08:36:29.202, 4, 75313 MiB, 100 %, 577.12 W, 1965 MHz
2026/09/28 08:36:29.202, 5, 75313 MiB, 100 %, 608.13 W, 1935 MHz
2026/09/28 08:36:29.203, 6, 75313 MiB, 100 %, 618.43 W, 1965 MHz
2026/09/28 08:36:29.204, 7, 75313 MiB, 100 %, 570.53 W, 1965 MHz
2026/09/28 08:36:30.204, 0, 75313 MiB, 100 %, 539.70 W, 1440 MHz
2026/09/28 08:36:30.205, 1, 75313 MiB, 100 %, 611.81 W, 1965 MHz
2026/09/28 08:36:30.206, 2, 75313 MiB, 100 %, 606.05 W, 1965 MHz
2026/09/28 08:36:30.207, 3, 75313 MiB, 100 %, 613.39 W, 1965 MHz
2026/09/28 08:36:30.207, 4, 75313 MiB, 100 %, 590.51 W, 1965 MHz
2026/09/28 08:36:30.208, 5, 75313 MiB, 100 %, 598.87 W, 1950 MHz
2026/09/28 08:36:30.209, 6, 75313 MiB, 100 %, 608.92 W, 1950 MHz
2026/09/28 08:36:30.209, 7, 75313 MiB, 100 %, 583.14 W, 1950 MHz
2026/09/28 08:36:31.210, 0, 75313 MiB, 100 %, 512.64 W, 1740 MHz
2026/09/28 08:36:31.211, 1, 75313 MiB, 100 %, 595.43 W, 1890 MHz
2026/09/28 08:36:31.211, 2, 75313 MiB, 100 %, 609.15 W, 1890 MHz
2026/09/28 08:36:31.212, 3, 75313 MiB, 100 %, 613.55 W, 1875 MHz
2026/09/28 08:36:31.213, 4, 75313 MiB, 100 %, 588.09 W, 1905 MHz
2026/09/28 08:36:31.214, 5, 75313 MiB, 100 %, 596.46 W, 1965 MHz
2026/09/28 08:36:31.214, 6, 75313 MiB, 100 %, 601.72 W, 1830 MHz
2026/09/28 08:36:31.215, 7, 75313 MiB, 100 %, 573.45 W, 1890 MHz
2026/09/28 08:36:32.216, 0, 75313 MiB, 100 %, 525.93 W, 1350 MHz
2026/09/28 08:36:32.217, 1, 75313 MiB, 100 %, 599.24 W, 1920 MHz
2026/09/28 08:36:32.218, 2, 75313 MiB, 100 %, 604.75 W, 1950 MHz
2026/09/28 08:36:32.218, 3, 75313 MiB, 100 %, 600.87 W, 1920 MHz
2026/09/28 08:36:32.219, 4, 75313 MiB, 100 %, 594.37 W, 1950 MHz
2026/09/28 08:36:32.220, 5, 75313 MiB, 100 %, 584.51 W, 1965 MHz
2026/09/28 08:36:32.220, 6, 75313 MiB, 100 %, 600.85 W, 1935 MHz
2026/09/28 08:36:32.221, 7, 75313 MiB, 100 %, 574.78 W, 1890 MHz
2026/09/28 08:36:33.222, 0, 75313 MiB, 100 %, 519.45 W, 1245 MHz
2026/09/28 08:36:33.223, 1, 75313 MiB, 100 %, 585.23 W, 1965 MHz
2026/09/28 08:36:33.224, 2, 75313 MiB, 100 %, 598.95 W, 1950 MHz
2026/09/28 08:36:33.224, 3, 75313 MiB, 100 %, 595.97 W, 1920 MHz
2026/09/28 08:36:33.225, 4, 75313 MiB, 100 %, 570.92 W, 1965 MHz
2026/09/28 08:36:33.226, 5, 75313 MiB, 100 %, 586.83 W, 1965 MHz
2026/09/28 08:36:33.226, 6, 75313 MiB, 100 %, 600.29 W, 1890 MHz
2026/09/28 08:36:33.227, 7, 75313 MiB, 100 %, 570.61 W, 1965 MHz
2026/09/28 08:36:34.227, 0, 75313 MiB, 100 %, 512.65 W, 1980 MHz
2026/09/28 08:36:34.228, 1, 75313 MiB, 100 %, 483.04 W, 1980 MHz
2026/09/28 08:36:34.229, 2, 75313 MiB, 100 %, 473.02 W, 1980 MHz
2026/09/28 08:36:34.229, 3, 75313 MiB, 100 %, 472.92 W, 1980 MHz
2026/09/28 08:36:34.230, 4, 75313 MiB, 100 %, 470.13 W, 1980 MHz
2026/09/28 08:36:34.231, 5, 75313 MiB, 100 %, 460.08 W, 1980 MHz
2026/09/28 08:36:34.231, 6, 75313 MiB, 100 %, 490.21 W, 1980 MHz
2026/09/28 08:36:34.232, 7, 75313 MiB, 100 %, 443.47 W, 1980 MHz
2026/09/28 08:36:35.233, 0, 75313 MiB, 100 %, 525.00 W, 1635 MHz
2026/09/28 08:36:35.234, 1, 75313 MiB, 100 %, 521.60 W, 1980 MHz
2026/09/28 08:36:35.234, 2, 75313 MiB, 100 %, 532.21 W, 1980 MHz
2026/09/28 08:36:35.235, 3, 75313 MiB, 100 %, 523.05 W, 1980 MHz
2026/09/28 08:36:35.236, 4, 75313 MiB, 100 %, 501.07 W, 1980 MHz
2026/09/28 08:36:35.236, 5, 75313 MiB, 100 %, 526.92 W, 1980 MHz
2026/09/28 08:36:35.237, 6, 75313 MiB, 100 %, 545.81 W, 1980 MHz
2026/09/28 08:36:35.237, 7, 75313 MiB, 100 %, 496.48 W, 1980 MHz
2026/09/28 08:36:36.238, 0, 75313 MiB, 100 %, 513.11 W, 1755 MHz
2026/09/28 08:36:36.239, 1, 75313 MiB, 100 %, 554.55 W, 1965 MHz
2026/09/28 08:36:36.240, 2, 75313 MiB, 100 %, 569.29 W, 1980 MHz
2026/09/28 08:36:36.241, 3, 75313 MiB, 100 %, 544.37 W, 1980 MHz
2026/09/28 08:36:36.241, 4, 75313 MiB, 100 %, 532.95 W, 1980 MHz
2026/09/28 08:36:36.242, 5, 75313 MiB, 100 %, 549.37 W, 1965 MHz
2026/09/28 08:36:36.242, 6, 75313 MiB, 100 %, 585.24 W, 1980 MHz
2026/09/28 08:36:36.243, 7, 75313 MiB, 100 %, 540.06 W, 1980 MHz
2026/09/28 08:36:37.244, 0, 75313 MiB, 100 %, 488.47 W, 1275 MHz
2026/09/28 08:36:37.245, 1, 75313 MiB, 100 %, 574.79 W, 1980 MHz
2026/09/28 08:36:37.245, 2, 75313 MiB, 100 %, 582.19 W, 1965 MHz
2026/09/28 08:36:37.246, 3, 75313 MiB, 100 %, 559.89 W, 1980 MHz
2026/09/28 08:36:37.247, 4, 75313 MiB, 100 %, 548.43 W, 1980 MHz
2026/09/28 08:36:37.247, 5, 75313 MiB, 100 %, 567.65 W, 1965 MHz
2026/09/28 08:36:37.248, 6, 75313 MiB, 100 %, 603.10 W, 1980 MHz
2026/09/28 08:36:37.249, 7, 75313 MiB, 100 %, 534.99 W, 1980 MHz
2026/09/28 08:36:38.249, 0, 75313 MiB, 100 %, 453.76 W, 1410 MHz
2026/09/28 08:36:38.250, 1, 75313 MiB, 100 %, 589.00 W, 1950 MHz
2026/09/28 08:36:38.251, 2, 75313 MiB, 100 %, 559.37 W, 1965 MHz
2026/09/28 08:36:38.251, 3, 75313 MiB, 100 %, 574.89 W, 1965 MHz
2026/09/28 08:36:38.252, 4, 75313 MiB, 100 %, 548.93 W, 1965 MHz
2026/09/28 08:36:38.253, 5, 75313 MiB, 100 %, 582.08 W, 1965 MHz
2026/09/28 08:36:38.253, 6, 75313 MiB, 100 %, 583.10 W, 1965 MHz
2026/09/28 08:36:38.254, 7, 75313 MiB, 100 %, 542.47 W, 1980 MHz
2026/09/28 08:36:39.255, 0, 75313 MiB, 100 %, 485.34 W, 1560 MHz
2026/09/28 08:36:39.255, 1, 75313 MiB, 100 %, 606.20 W, 1965 MHz
2026/09/28 08:36:39.256, 2, 75313 MiB, 100 %, 581.00 W, 1965 MHz
2026/09/28 08:36:39.257, 3, 75313 MiB, 100 %, 586.40 W, 1965 MHz
2026/09/28 08:36:39.257, 4, 75313 MiB, 100 %, 561.27 W, 1965 MHz
2026/09/28 08:36:39.258, 5, 75313 MiB, 100 %, 585.34 W, 1950 MHz
2026/09/28 08:36:39.259, 6, 75313 MiB, 100 %, 586.07 W, 1965 MHz
2026/09/28 08:36:39.259, 7, 75313 MiB, 100 %, 560.76 W, 1980 MHz
2026/09/28 08:36:40.260, 0, 75313 MiB, 100 %, 495.04 W, 1575 MHz
2026/09/28 08:36:40.261, 1, 75313 MiB, 100 %, 572.38 W, 1905 MHz
2026/09/28 08:36:40.262, 2, 75313 MiB, 100 %, 603.32 W, 1950 MHz
2026/09/28 08:36:40.262, 3, 75313 MiB, 100 %, 588.53 W, 1965 MHz
2026/09/28 08:36:40.263, 4, 75313 MiB, 100 %, 599.59 W, 1965 MHz
2026/09/28 08:36:40.264, 5, 75313 MiB, 100 %, 575.10 W, 1905 MHz
2026/09/28 08:36:40.264, 6, 75313 MiB, 100 %, 603.73 W, 1965 MHz
2026/09/28 08:36:40.265, 7, 75313 MiB, 100 %, 572.25 W, 1965 MHz
2026/09/28 08:36:41.266, 0, 75313 MiB, 100 %, 487.80 W, 1695 MHz
2026/09/28 08:36:41.267, 1, 75313 MiB, 100 %, 586.69 W, 1920 MHz
2026/09/28 08:36:41.267, 2, 75313 MiB, 100 %, 585.39 W, 1920 MHz
2026/09/28 08:36:41.268, 3, 75313 MiB, 100 %, 588.91 W, 1845 MHz
2026/09/28 08:36:41.269, 4, 75313 MiB, 100 %, 578.69 W, 1875 MHz
2026/09/28 08:36:41.269, 5, 75313 MiB, 100 %, 576.89 W, 1935 MHz
2026/09/28 08:36:41.270, 6, 75313 MiB, 100 %, 586.51 W, 1860 MHz
2026/09/28 08:36:41.271, 7, 75313 MiB, 100 %, 559.16 W, 1965 MHz
2026/09/28 08:36:42.271, 0, 75313 MiB, 100 %, 513.02 W, 1605 MHz
2026/09/28 08:36:42.272, 1, 75313 MiB, 100 %, 595.32 W, 1860 MHz
2026/09/28 08:36:42.273, 2, 75313 MiB, 100 %, 594.96 W, 1965 MHz
2026/09/28 08:36:42.274, 3, 75313 MiB, 100 %, 594.45 W, 1935 MHz
2026/09/28 08:36:42.274, 4, 75313 MiB, 100 %, 564.44 W, 1950 MHz
2026/09/28 08:36:42.275, 5, 75313 MiB, 100 %, 601.85 W, 1965 MHz
2026/09/28 08:36:42.276, 6, 75313 MiB, 100 %, 599.96 W, 1920 MHz
2026/09/28 08:36:42.276, 7, 75313 MiB, 100 %, 581.60 W, 1935 MHz
2026/09/28 08:36:43.277, 0, 75313 MiB, 100 %, 525.57 W, 1500 MHz
2026/09/28 08:36:43.278, 1, 75313 MiB, 100 %, 586.42 W, 1965 MHz
2026/09/28 08:36:43.279, 2, 75313 MiB, 100 %, 601.01 W, 1920 MHz
2026/09/28 08:36:43.279, 3, 75313 MiB, 100 %, 606.31 W, 1680 MHz
2026/09/28 08:36:43.280, 4, 75313 MiB, 100 %, 581.05 W, 1905 MHz
2026/09/28 08:36:43.281, 5, 75313 MiB, 100 %, 594.74 W, 1950 MHz
2026/09/28 08:36:43.281, 6, 75313 MiB, 100 %, 598.59 W, 1770 MHz
2026/09/28 08:36:43.282, 7, 75313 MiB, 100 %, 572.01 W, 1830 MHz
2026/09/28 08:36:44.283, 0, 75313 MiB, 100 %, 504.02 W, 1875 MHz
2026/09/28 08:36:44.284, 1, 75313 MiB, 100 %, 521.62 W, 1980 MHz
2026/09/28 08:36:44.284, 2, 75313 MiB, 100 %, 510.62 W, 1980 MHz
2026/09/28 08:36:44.285, 3, 75313 MiB, 100 %, 512.70 W, 1980 MHz
2026/09/28 08:36:44.286, 4, 75313 MiB, 100 %, 480.60 W, 1980 MHz
2026/09/28 08:36:44.286, 5, 75313 MiB, 100 %, 520.48 W, 1980 MHz
2026/09/28 08:36:44.287, 6, 75313 MiB, 100 %, 532.37 W, 1980 MHz
2026/09/28 08:36:44.288, 7, 75313 MiB, 100 %, 508.71 W, 1980 MHz
2026/09/28 08:36:45.288, 0, 75313 MiB, 100 %, 523.82 W, 1695 MHz
2026/09/28 08:36:45.289, 1, 75313 MiB, 100 %, 511.63 W, 1980 MHz
2026/09/28 08:36:45.290, 2, 75313 MiB, 100 %, 529.81 W, 1980 MHz
2026/09/28 08:36:45.290, 3, 75313 MiB, 100 %, 507.31 W, 1980 MHz
2026/09/28 08:36:45.291, 4, 75313 MiB, 100 %, 480.90 W, 1980 MHz
2026/09/28 08:36:45.292, 5, 75313 MiB, 100 %, 513.78 W, 1980 MHz
2026/09/28 08:36:45.292, 6, 75313 MiB, 100 %, 537.31 W, 1980 MHz
2026/09/28 08:36:45.293, 7, 75313 MiB, 100 %, 488.38 W, 1980 MHz
2026/09/28 08:36:46.294, 0, 75313 MiB, 100 %, 529.74 W, 1920 MHz
2026/09/28 08:36:46.294, 1, 75313 MiB, 100 %, 554.81 W, 1980 MHz
2026/09/28 08:36:46.295, 2, 75313 MiB, 100 %, 551.31 W, 1980 MHz
2026/09/28 08:36:46.296, 3, 75313 MiB, 100 %, 534.22 W, 1980 MHz
2026/09/28 08:36:46.296, 4, 75313 MiB, 100 %, 537.78 W, 1980 MHz
2026/09/28 08:36:46.297, 5, 75313 MiB, 100 %, 550.99 W, 1965 MHz
2026/09/28 08:36:46.298, 6, 75313 MiB, 100 %, 563.11 W, 1980 MHz
2026/09/28 08:36:46.298, 7, 75313 MiB, 100 %, 523.30 W, 1980 MHz
2026/09/28 08:36:47.299, 0, 75313 MiB, 100 %, 520.18 W, 1890 MHz
2026/09/28 08:36:47.300, 1, 75313 MiB, 100 %, 565.53 W, 1980 MHz
2026/09/28 08:36:47.301, 2, 75313 MiB, 100 %, 575.02 W, 1935 MHz
2026/09/28 08:36:47.302, 3, 75313 MiB, 100 %, 563.27 W, 1935 MHz
2026/09/28 08:36:47.302, 4, 75313 MiB, 100 %, 552.61 W, 1950 MHz
2026/09/28 08:36:47.303, 5, 75313 MiB, 100 %, 558.63 W, 1980 MHz
2026/09/28 08:36:47.304, 6, 75313 MiB, 100 %, 593.17 W, 1950 MHz
2026/09/28 08:36:47.304, 7, 75313 MiB, 100 %, 539.61 W, 1965 MHz
2026/09/28 08:36:48.305, 0, 75313 MiB, 100 %, 533.18 W, 1635 MHz
2026/09/28 08:36:48.306, 1, 75313 MiB, 100 %, 572.70 W, 1980 MHz
2026/09/28 08:36:48.306, 2, 75313 MiB, 100 %, 598.03 W, 1965 MHz
2026/09/28 08:36:48.307, 3, 75313 MiB, 100 %, 591.03 W, 1965 MHz
2026/09/28 08:36:48.308, 4, 75313 MiB, 100 %, 569.82 W, 1980 MHz
2026/09/28 08:36:48.308, 5, 75313 MiB, 100 %, 558.30 W, 1965 MHz
2026/09/28 08:36:48.309, 6, 75313 MiB, 100 %, 616.84 W, 1875 MHz
2026/09/28 08:36:48.309, 7, 75313 MiB, 100 %, 527.14 W, 1965 MHz
2026/09/28 08:36:49.310, 0, 75313 MiB, 100 %, 550.14 W, 1710 MHz
2026/09/28 08:36:49.311, 1, 75313 MiB, 100 %, 602.91 W, 1965 MHz
2026/09/28 08:36:49.312, 2, 75313 MiB, 100 %, 596.80 W, 1965 MHz
2026/09/28 08:36:49.312, 3, 75313 MiB, 100 %, 587.98 W, 1935 MHz
2026/09/28 08:36:49.313, 4, 75313 MiB, 100 %, 568.95 W, 1965 MHz
2026/09/28 08:36:49.314, 5, 75313 MiB, 100 %, 595.64 W, 1965 MHz
2026/09/28 08:36:49.314, 6, 75313 MiB, 100 %, 602.58 W, 1905 MHz
2026/09/28 08:36:49.315, 7, 75313 MiB, 100 %, 579.49 W, 1965 MHz
2026/09/28 08:36:50.316, 0, 75313 MiB, 100 %, 522.21 W, 1335 MHz
2026/09/28 08:36:50.316, 1, 75313 MiB, 100 %, 589.85 W, 1965 MHz
2026/09/28 08:36:50.317, 2, 75313 MiB, 100 %, 592.42 W, 1920 MHz
2026/09/28 08:36:50.318, 3, 75313 MiB, 100 %, 601.13 W, 1965 MHz
2026/09/28 08:36:50.318, 4, 75313 MiB, 100 %, 565.55 W, 1920 MHz
2026/09/28 08:36:50.319, 5, 75313 MiB, 100 %, 586.94 W, 1965 MHz
2026/09/28 08:36:50.320, 6, 75313 MiB, 100 %, 604.75 W, 1815 MHz
2026/09/28 08:36:50.320, 7, 75313 MiB, 100 %, 571.94 W, 1965 MHz
2026/09/28 08:36:51.321, 0, 75313 MiB, 100 %, 441.64 W, 1245 MHz
2026/09/28 08:36:51.322, 1, 75313 MiB, 100 %, 580.92 W, 1890 MHz
2026/09/28 08:36:51.322, 2, 75313 MiB, 100 %, 583.09 W, 1965 MHz
2026/09/28 08:36:51.323, 3, 75313 MiB, 100 %, 578.84 W, 1920 MHz
2026/09/28 08:36:51.324, 4, 75313 MiB, 100 %, 548.78 W, 1965 MHz
2026/09/28 08:36:51.324, 5, 75313 MiB, 100 %, 563.34 W, 1965 MHz
2026/09/28 08:36:51.325, 6, 75313 MiB, 100 %, 585.78 W, 1965 MHz
2026/09/28 08:36:51.326, 7, 75313 MiB, 100 %, 552.91 W, 1965 MHz
2026/09/28 08:36:52.326, 0, 75313 MiB, 100 %, 417.80 W, 1770 MHz
2026/09/28 08:36:52.327, 1, 75313 MiB, 100 %, 581.11 W, 1875 MHz
2026/09/28 08:36:52.328, 2, 75313 MiB, 100 %, 585.43 W, 1965 MHz
2026/09/28 08:36:52.329, 3, 75313 MiB, 100 %, 577.29 W, 1890 MHz
2026/09/28 08:36:52.329, 4, 75313 MiB, 100 %, 585.70 W, 1935 MHz
2026/09/28 08:36:52.330, 5, 75313 MiB, 100 %, 576.08 W, 1845 MHz
2026/09/28 08:36:52.331, 6, 75313 MiB, 100 %, 584.07 W, 1905 MHz
2026/09/28 08:36:52.331, 7, 75313 MiB, 100 %, 565.63 W, 1800 MHz
2026/09/28 08:36:53.332, 0, 75313 MiB, 100 %, 567.74 W, 1665 MHz
2026/09/28 08:36:53.333, 1, 75313 MiB, 100 %, 608.70 W, 1965 MHz
2026/09/28 08:36:53.334, 2, 75313 MiB, 100 %, 611.42 W, 1845 MHz
2026/09/28 08:36:53.334, 3, 75313 MiB, 100 %, 604.98 W, 1890 MHz
2026/09/28 08:36:53.335, 4, 75313 MiB, 100 %, 602.78 W, 1830 MHz
2026/09/28 08:36:53.335, 5, 75313 MiB, 100 %, 606.03 W, 1965 MHz
2026/09/28 08:36:53.336, 6, 75313 MiB, 100 %, 614.49 W, 1905 MHz
2026/09/28 08:36:53.337, 7, 75313 MiB, 100 %, 582.67 W, 1890 MHz
2026/09/28 08:36:54.337, 0, 75313 MiB, 100 %, 546.11 W, 1860 MHz
2026/09/28 08:36:54.339, 1, 75313 MiB, 100 %, 559.87 W, 1980 MHz
2026/09/28 08:36:54.339, 2, 75313 MiB, 100 %, 587.29 W, 1980 MHz
2026/09/28 08:36:54.340, 3, 75313 MiB, 100 %, 579.86 W, 1980 MHz
2026/09/28 08:36:54.341, 4, 75313 MiB, 100 %, 550.05 W, 1980 MHz
2026/09/28 08:36:54.341, 5, 75313 MiB, 100 %, 552.64 W, 1980 MHz
2026/09/28 08:36:54.342, 6, 75313 MiB, 100 %, 588.65 W, 1980 MHz
2026/09/28 08:36:54.343, 7, 75313 MiB, 100 %, 545.36 W, 1980 MHz
2026/09/28 08:36:55.343, 0, 75313 MiB, 100 %, 478.79 W, 1755 MHz
2026/09/28 08:36:55.344, 1, 75313 MiB, 100 %, 485.84 W, 1980 MHz
2026/09/28 08:36:55.346, 2, 75313 MiB, 100 %, 509.19 W, 1980 MHz
2026/09/28 08:36:55.347, 3, 75313 MiB, 100 %, 490.82 W, 1980 MHz
2026/09/28 08:36:55.348, 4, 75313 MiB, 100 %, 466.53 W, 1980 MHz
2026/09/28 08:36:55.349, 5, 75313 MiB, 100 %, 496.88 W, 1980 MHz
2026/09/28 08:36:55.349, 6, 75313 MiB, 100 %, 508.96 W, 1980 MHz
2026/09/28 08:36:55.350, 7, 75313 MiB, 100 %, 475.33 W, 1980 MHz
2026/09/28 08:36:56.351, 0, 75313 MiB, 100 %, 495.58 W, 1665 MHz
2026/09/28 08:36:56.353, 1, 75313 MiB, 100 %, 542.28 W, 1980 MHz
2026/09/28 08:36:56.354, 2, 75313 MiB, 100 %, 551.55 W, 1965 MHz
2026/09/28 08:36:56.356, 3, 75313 MiB, 100 %, 523.81 W, 1980 MHz
2026/09/28 08:36:56.357, 4, 75313 MiB, 100 %, 509.92 W, 1980 MHz
2026/09/28 08:36:56.358, 5, 75313 MiB, 100 %, 525.44 W, 1980 MHz
2026/09/28 08:36:56.358, 6, 75313 MiB, 100 %, 565.01 W, 1980 MHz
2026/09/28 08:36:56.359, 7, 75313 MiB, 100 %, 514.79 W, 1980 MHz
2026/09/28 08:36:57.360, 0, 75313 MiB, 100 %, 503.90 W, 1665 MHz
2026/09/28 08:36:57.361, 1, 75313 MiB, 100 %, 547.80 W, 1980 MHz
2026/09/28 08:36:57.364, 2, 75313 MiB, 100 %, 560.65 W, 1980 MHz
2026/09/28 08:36:57.365, 3, 75313 MiB, 100 %, 538.11 W, 1980 MHz
2026/09/28 08:36:57.366, 4, 75313 MiB, 100 %, 545.03 W, 1980 MHz
2026/09/28 08:36:57.368, 5, 75313 MiB, 100 %, 535.28 W, 1980 MHz
2026/09/28 08:36:57.369, 6, 75313 MiB, 100 %, 574.60 W, 1980 MHz
2026/09/28 08:36:57.370, 7, 75313 MiB, 100 %, 527.64 W, 1980 MHz
2026/09/28 08:36:58.372, 0, 75313 MiB, 100 %, 496.31 W, 1530 MHz
2026/09/28 08:36:58.373, 1, 75313 MiB, 100 %, 588.90 W, 1965 MHz
2026/09/28 08:36:58.374, 2, 75313 MiB, 100 %, 576.27 W, 1980 MHz
2026/09/28 08:36:58.374, 3, 75313 MiB, 100 %, 573.34 W, 1965 MHz
2026/09/28 08:36:58.375, 4, 75313 MiB, 100 %, 553.07 W, 1965 MHz
2026/09/28 08:36:58.376, 5, 75313 MiB, 100 %, 568.82 W, 1980 MHz
2026/09/28 08:36:58.376, 6, 75313 MiB, 100 %, 589.69 W, 1935 MHz
2026/09/28 08:36:58.377, 7, 75313 MiB, 100 %, 536.16 W, 1980 MHz
2026/09/28 08:36:59.378, 0, 75313 MiB, 100 %, 479.33 W, 1335 MHz
2026/09/28 08:36:59.379, 1, 75313 MiB, 100 %, 573.17 W, 1965 MHz
2026/09/28 08:36:59.379, 2, 75313 MiB, 100 %, 576.73 W, 1950 MHz
2026/09/28 08:36:59.380, 3, 75313 MiB, 100 %, 563.46 W, 1980 MHz
2026/09/28 08:36:59.381, 4, 75313 MiB, 100 %, 572.65 W, 1980 MHz
2026/09/28 08:36:59.381, 5, 75313 MiB, 100 %, 574.33 W, 1965 MHz
2026/09/28 08:36:59.382, 6, 75313 MiB, 100 %, 595.76 W, 1875 MHz
2026/09/28 08:36:59.383, 7, 75313 MiB, 100 %, 561.35 W, 1965 MHz
2026/09/28 08:37:00.383, 0, 75313 MiB, 100 %, 488.06 W, 1590 MHz
2026/09/28 08:37:00.384, 1, 75313 MiB, 100 %, 573.38 W, 1920 MHz
2026/09/28 08:37:00.385, 2, 75313 MiB, 100 %, 591.10 W, 1965 MHz
2026/09/28 08:37:00.386, 3, 75313 MiB, 100 %, 579.79 W, 1965 MHz
2026/09/28 08:37:00.387, 4, 75313 MiB, 100 %, 571.69 W, 1965 MHz
2026/09/28 08:37:00.387, 5, 75313 MiB, 100 %, 574.97 W, 1875 MHz
2026/09/28 08:37:00.388, 6, 75313 MiB, 100 %, 600.59 W, 1965 MHz
2026/09/28 08:37:00.389, 7, 75313 MiB, 100 %, 559.75 W, 1965 MHz
2026/09/28 08:37:01.389, 0, 75313 MiB, 100 %, 554.54 W, 1635 MHz
2026/09/28 08:37:01.390, 1, 75313 MiB, 100 %, 584.49 W, 1935 MHz
2026/09/28 08:37:01.391, 2, 75313 MiB, 100 %, 600.92 W, 1935 MHz
2026/09/28 08:37:01.392, 3, 75313 MiB, 100 %, 595.37 W, 1965 MHz
2026/09/28 08:37:01.392, 4, 75313 MiB, 100 %, 577.68 W, 1965 MHz
2026/09/28 08:37:01.393, 5, 75313 MiB, 100 %, 579.79 W, 1920 MHz
2026/09/28 08:37:01.394, 6, 75313 MiB, 100 %, 619.84 W, 1875 MHz
2026/09/28 08:37:01.394, 7, 75313 MiB, 100 %, 579.09 W, 1890 MHz
2026/09/28 08:37:02.395, 0, 75313 MiB, 100 %, 492.99 W, 1305 MHz
2026/09/28 08:37:02.396, 1, 75313 MiB, 100 %, 594.06 W, 1770 MHz
2026/09/28 08:37:02.397, 2, 75313 MiB, 100 %, 605.83 W, 1935 MHz
2026/09/28 08:37:02.398, 3, 75313 MiB, 100 %, 600.69 W, 1935 MHz
2026/09/28 08:37:02.398, 4, 75313 MiB, 100 %, 570.55 W, 1965 MHz
2026/09/28 08:37:02.399, 5, 75313 MiB, 100 %, 584.27 W, 1950 MHz
2026/09/28 08:37:02.400, 6, 75313 MiB, 100 %, 608.00 W, 1965 MHz
2026/09/28 08:37:02.401, 7, 75313 MiB, 100 %, 584.48 W, 1965 MHz
2026/09/28 08:37:03.402, 0, 75313 MiB, 100 %, 472.19 W, 1335 MHz
2026/09/28 08:37:03.403, 1, 75313 MiB, 100 %, 591.35 W, 1950 MHz
2026/09/28 08:37:03.404, 2, 75313 MiB, 100 %, 585.75 W, 1950 MHz
2026/09/28 08:37:03.404, 3, 75313 MiB, 100 %, 579.93 W, 1875 MHz
2026/09/28 08:37:03.405, 4, 75313 MiB, 100 %, 593.48 W, 1950 MHz
2026/09/28 08:37:03.406, 5, 75313 MiB, 100 %, 585.67 W, 1950 MHz
2026/09/28 08:37:03.406, 6, 75313 MiB, 100 %, 592.19 W, 1920 MHz
2026/09/28 08:37:03.407, 7, 75313 MiB, 100 %, 579.35 W, 1860 MHz
2026/09/28 08:37:04.408, 0, 75313 MiB, 100 %, 510.21 W, 1740 MHz
2026/09/28 08:37:04.409, 1, 75313 MiB, 100 %, 606.14 W, 1770 MHz
2026/09/28 08:37:04.409, 2, 75313 MiB, 100 %, 597.37 W, 1950 MHz
2026/09/28 08:37:04.410, 3, 75313 MiB, 100 %, 603.87 W, 1920 MHz
2026/09/28 08:37:04.411, 4, 75313 MiB, 100 %, 591.12 W, 1920 MHz
2026/09/28 08:37:04.411, 5, 75313 MiB, 100 %, 591.40 W, 1965 MHz
2026/09/28 08:37:04.412, 6, 75313 MiB, 100 %, 606.72 W, 1920 MHz
2026/09/28 08:37:04.413, 7, 75313 MiB, 100 %, 573.92 W, 1965 MHz
2026/09/28 08:37:05.414, 0, 75313 MiB, 100 %, 531.17 W, 1980 MHz
2026/09/28 08:37:05.415, 1, 75313 MiB, 100 %, 498.34 W, 1980 MHz
2026/09/28 08:37:05.415, 2, 75313 MiB, 100 %, 501.60 W, 1980 MHz
2026/09/28 08:37:05.416, 3, 75313 MiB, 100 %, 492.46 W, 1980 MHz
2026/09/28 08:37:05.417, 4, 75313 MiB, 100 %, 485.94 W, 1980 MHz
2026/09/28 08:37:05.417, 5, 75313 MiB, 100 %, 489.77 W, 1980 MHz
2026/09/28 08:37:05.418, 6, 75313 MiB, 100 %, 509.78 W, 1980 MHz
2026/09/28 08:37:05.419, 7, 75313 MiB, 100 %, 456.05 W, 1980 MHz
2026/09/28 08:37:06.419, 0, 75313 MiB, 100 %, 510.52 W, 1605 MHz
2026/09/28 08:37:06.421, 1, 75313 MiB, 100 %, 517.95 W, 1980 MHz
2026/09/28 08:37:06.421, 2, 75313 MiB, 100 %, 533.38 W, 1980 MHz
2026/09/28 08:37:06.422, 3, 75313 MiB, 100 %, 520.63 W, 1980 MHz
2026/09/28 08:37:06.423, 4, 75313 MiB, 100 %, 499.21 W, 1980 MHz
2026/09/28 08:37:06.424, 5, 75313 MiB, 100 %, 518.24 W, 1980 MHz
2026/09/28 08:37:06.424, 6, 75313 MiB, 100 %, 548.99 W, 1980 MHz
2026/09/28 08:37:06.425, 7, 75313 MiB, 100 %, 497.21 W, 1980 MHz
2026/09/28 08:37:07.426, 0, 75313 MiB, 100 %, 505.73 W, 1755 MHz
2026/09/28 08:37:07.427, 1, 75313 MiB, 100 %, 546.36 W, 1980 MHz
2026/09/28 08:37:07.427, 2, 75313 MiB, 100 %, 560.79 W, 1980 MHz
2026/09/28 08:37:07.428, 3, 75313 MiB, 100 %, 549.19 W, 1980 MHz
2026/09/28 08:37:07.429, 4, 75313 MiB, 100 %, 519.90 W, 1980 MHz
2026/09/28 08:37:07.430, 5, 75313 MiB, 100 %, 534.29 W, 1980 MHz
2026/09/28 08:37:07.430, 6, 75313 MiB, 100 %, 574.49 W, 1980 MHz
2026/09/28 08:37:07.431, 7, 75313 MiB, 100 %, 532.94 W, 1980 MHz
2026/09/28 08:37:08.432, 0, 75313 MiB, 100 %, 497.75 W, 1920 MHz
2026/09/28 08:37:08.433, 1, 75313 MiB, 100 %, 583.93 W, 1980 MHz
2026/09/28 08:37:08.433, 2, 75313 MiB, 100 %, 584.72 W, 1965 MHz
2026/09/28 08:37:08.434, 3, 75313 MiB, 100 %, 564.59 W, 1980 MHz
2026/09/28 08:37:08.435, 4, 75313 MiB, 100 %, 546.76 W, 1965 MHz
2026/09/28 08:37:08.435, 5, 75313 MiB, 100 %, 563.71 W, 1950 MHz
2026/09/28 08:37:08.436, 6, 75313 MiB, 100 %, 592.01 W, 1980 MHz
2026/09/28 08:37:08.437, 7, 75313 MiB, 100 %, 538.20 W, 1980 MHz
2026/09/28 08:37:09.437, 0, 75313 MiB, 100 %, 499.22 W, 1590 MHz
2026/09/28 08:37:09.438, 1, 75313 MiB, 100 %, 609.94 W, 1965 MHz
2026/09/28 08:37:09.439, 2, 75313 MiB, 100 %, 565.00 W, 1965 MHz
2026/09/28 08:37:09.440, 3, 75313 MiB, 100 %, 587.95 W, 1965 MHz
2026/09/28 08:37:09.441, 4, 75313 MiB, 100 %, 548.83 W, 1965 MHz
2026/09/28 08:37:09.441, 5, 75313 MiB, 100 %, 596.07 W, 1965 MHz
2026/09/28 08:37:09.442, 6, 75313 MiB, 100 %, 587.66 W, 1965 MHz
2026/09/28 08:37:09.443, 7, 75313 MiB, 100 %, 538.05 W, 1980 MHz
2026/09/28 08:37:10.443, 0, 75313 MiB, 100 %, 498.12 W, 1530 MHz
2026/09/28 08:37:10.444, 1, 75313 MiB, 100 %, 596.17 W, 1965 MHz
2026/09/28 08:37:10.445, 2, 75313 MiB, 100 %, 585.28 W, 1965 MHz
2026/09/28 08:37:10.446, 3, 75313 MiB, 100 %, 575.79 W, 1920 MHz
2026/09/28 08:37:10.446, 4, 75313 MiB, 100 %, 565.50 W, 1965 MHz
2026/09/28 08:37:10.447, 5, 75313 MiB, 100 %, 584.23 W, 1965 MHz
2026/09/28 08:37:10.448, 6, 75313 MiB, 100 %, 602.43 W, 1950 MHz
2026/09/28 08:37:10.449, 7, 75313 MiB, 100 %, 569.08 W, 1965 MHz
2026/09/28 08:37:11.449, 0, 75313 MiB, 100 %, 545.20 W, 1620 MHz
2026/09/28 08:37:11.451, 1, 75313 MiB, 100 %, 609.77 W, 1845 MHz
2026/09/28 08:37:11.452, 2, 75313 MiB, 100 %, 594.48 W, 1935 MHz
2026/09/28 08:37:11.452, 3, 75313 MiB, 100 %, 605.96 W, 1890 MHz
2026/09/28 08:37:11.453, 4, 75313 MiB, 100 %, 575.69 W, 1965 MHz
2026/09/28 08:37:11.454, 5, 75313 MiB, 100 %, 608.63 W, 1950 MHz
2026/09/28 08:37:11.454, 6, 75313 MiB, 100 %, 596.42 W, 1875 MHz
2026/09/28 08:37:11.455, 7, 75313 MiB, 100 %, 573.38 W, 1965 MHz
2026/09/28 08:37:12.456, 0, 75313 MiB, 100 %, 569.08 W, 1440 MHz
2026/09/28 08:37:12.457, 1, 75313 MiB, 100 %, 611.89 W, 1950 MHz
2026/09/28 08:37:12.457, 2, 75313 MiB, 100 %, 606.32 W, 1725 MHz
2026/09/28 08:37:12.458, 3, 75313 MiB, 100 %, 622.90 W, 1935 MHz
2026/09/28 08:37:12.459, 4, 75313 MiB, 100 %, 584.59 W, 1890 MHz
2026/09/28 08:37:12.459, 5, 75313 MiB, 100 %, 613.19 W, 1965 MHz
2026/09/28 08:37:12.460, 6, 75313 MiB, 100 %, 615.16 W, 1845 MHz
2026/09/28 08:37:12.461, 7, 75313 MiB, 100 %, 587.18 W, 1905 MHz
2026/09/28 08:37:13.461, 0, 75313 MiB, 100 %, 537.84 W, 1350 MHz
2026/09/28 08:37:13.462, 1, 75313 MiB, 100 %, 594.03 W, 1890 MHz
2026/09/28 08:37:13.463, 2, 75313 MiB, 100 %, 602.23 W, 1965 MHz
2026/09/28 08:37:13.463, 3, 75313 MiB, 100 %, 603.15 W, 1965 MHz
2026/09/28 08:37:13.464, 4, 75313 MiB, 100 %, 574.49 W, 1920 MHz
2026/09/28 08:37:13.465, 5, 75313 MiB, 100 %, 588.72 W, 1935 MHz
2026/09/28 08:37:13.466, 6, 75313 MiB, 100 %, 604.54 W, 1950 MHz
2026/09/28 08:37:13.466, 7, 75313 MiB, 100 %, 571.05 W, 1965 MHz
2026/09/28 08:37:14.467, 0, 75313 MiB, 100 %, 470.77 W, 1230 MHz
2026/09/28 08:37:14.468, 1, 75313 MiB, 100 %, 591.52 W, 1860 MHz
2026/09/28 08:37:14.468, 2, 75313 MiB, 100 %, 586.03 W, 1965 MHz
2026/09/28 08:37:14.469, 3, 75313 MiB, 100 %, 603.64 W, 1830 MHz
2026/09/28 08:37:14.470, 4, 75313 MiB, 100 %, 566.28 W, 1875 MHz
2026/09/28 08:37:14.470, 5, 75313 MiB, 100 %, 578.82 W, 1920 MHz
2026/09/28 08:37:14.471, 6, 75313 MiB, 100 %, 601.10 W, 1920 MHz
2026/09/28 08:37:14.472, 7, 75313 MiB, 100 %, 581.35 W, 1890 MHz
2026/09/28 08:37:15.472, 0, 75313 MiB, 100 %, 513.10 W, 1890 MHz
2026/09/28 08:37:15.473, 1, 75313 MiB, 97 %, 549.85 W, 1980 MHz
2026/09/28 08:37:15.474, 2, 75313 MiB, 100 %, 558.32 W, 1980 MHz
2026/09/28 08:37:15.475, 3, 75313 MiB, 100 %, 542.86 W, 1980 MHz
2026/09/28 08:37:15.476, 4, 75313 MiB, 100 %, 530.31 W, 1980 MHz
2026/09/28 08:37:15.476, 5, 75313 MiB, 100 %, 549.91 W, 1980 MHz
2026/09/28 08:37:15.477, 6, 75313 MiB, 100 %, 554.55 W, 1980 MHz
2026/09/28 08:37:15.478, 7, 75313 MiB, 97 %, 536.47 W, 1980 MHz
2026/09/28 08:37:16.478, 0, 75313 MiB, 100 %, 522.03 W, 1980 MHz
2026/09/28 08:37:16.479, 1, 75313 MiB, 100 %, 486.44 W, 1980 MHz
2026/09/28 08:37:16.480, 2, 75313 MiB, 100 %, 494.13 W, 1980 MHz
2026/09/28 08:37:16.481, 3, 75313 MiB, 100 %, 475.71 W, 1980 MHz
2026/09/28 08:37:16.482, 4, 75313 MiB, 100 %, 465.83 W, 1980 MHz
2026/09/28 08:37:16.482, 5, 75313 MiB, 100 %, 474.05 W, 1980 MHz
2026/09/28 08:37:16.483, 6, 75313 MiB, 100 %, 492.36 W, 1980 MHz
2026/09/28 08:37:16.484, 7, 75313 MiB, 100 %, 461.92 W, 1980 MHz
2026/09/28 08:37:17.484, 0, 75313 MiB, 100 %, 528.98 W, 1980 MHz
2026/09/28 08:37:17.486, 1, 75313 MiB, 100 %, 489.88 W, 1980 MHz
2026/09/28 08:37:17.486, 2, 75313 MiB, 100 %, 502.09 W, 1980 MHz
2026/09/28 08:37:17.487, 3, 75313 MiB, 100 %, 492.52 W, 1980 MHz
2026/09/28 08:37:17.488, 4, 75313 MiB, 100 %, 471.88 W, 1980 MHz
2026/09/28 08:37:17.489, 5, 75313 MiB, 100 %, 485.36 W, 1980 MHz
2026/09/28 08:37:17.489, 6, 75313 MiB, 100 %, 516.32 W, 1980 MHz
2026/09/28 08:37:17.490, 7, 75313 MiB, 100 %, 460.40 W, 1980 MHz
2026/09/28 08:37:18.491, 0, 75313 MiB, 100 %, 510.94 W, 1665 MHz
2026/09/28 08:37:18.492, 1, 75313 MiB, 100 %, 538.20 W, 1980 MHz
2026/09/28 08:37:18.493, 2, 75313 MiB, 100 %, 541.84 W, 1980 MHz
2026/09/28 08:37:18.493, 3, 75313 MiB, 100 %, 532.77 W, 1965 MHz
2026/09/28 08:37:18.494, 4, 75313 MiB, 100 %, 527.83 W, 1980 MHz
2026/09/28 08:37:18.495, 5, 75313 MiB, 100 %, 521.04 W, 1980 MHz
2026/09/28 08:37:18.496, 6, 75313 MiB, 100 %, 557.83 W, 1980 MHz
2026/09/28 08:37:18.496, 7, 75313 MiB, 100 %, 506.39 W, 1980 MHz
2026/09/28 08:37:19.497, 0, 75313 MiB, 100 %, 515.57 W, 1665 MHz
2026/09/28 08:37:19.498, 1, 75313 MiB, 100 %, 551.68 W, 1980 MHz
2026/09/28 08:37:19.499, 2, 75313 MiB, 100 %, 566.41 W, 1950 MHz
2026/09/28 08:37:19.499, 3, 75313 MiB, 100 %, 553.70 W, 1965 MHz
2026/09/28 08:37:19.500, 4, 75313 MiB, 100 %, 529.74 W, 1980 MHz
2026/09/28 08:37:19.500, 5, 75313 MiB, 100 %, 541.07 W, 1980 MHz
2026/09/28 08:37:19.501, 6, 75313 MiB, 100 %, 575.89 W, 1965 MHz
2026/09/28 08:37:19.502, 7, 75313 MiB, 100 %, 531.22 W, 1980 MHz
2026/09/28 08:37:20.502, 0, 75313 MiB, 100 %, 507.13 W, 1530 MHz
2026/09/28 08:37:20.503, 1, 75313 MiB, 100 %, 570.33 W, 1950 MHz
2026/09/28 08:37:20.504, 2, 75313 MiB, 100 %, 583.89 W, 1965 MHz
2026/09/28 08:37:20.504, 3, 75313 MiB, 100 %, 562.88 W, 1965 MHz
2026/09/28 08:37:20.505, 4, 75313 MiB, 100 %, 556.07 W, 1980 MHz
2026/09/28 08:37:20.506, 5, 75313 MiB, 100 %, 580.03 W, 1980 MHz
2026/09/28 08:37:20.506, 6, 75313 MiB, 100 %, 596.93 W, 1965 MHz
2026/09/28 08:37:20.507, 7, 75313 MiB, 100 %, 552.74 W, 1980 MHz
2026/09/28 08:37:21.508, 0, 75313 MiB, 100 %, 459.83 W, 1350 MHz
2026/09/28 08:37:21.509, 1, 75313 MiB, 100 %, 604.71 W, 1965 MHz
2026/09/28 08:37:21.510, 2, 75313 MiB, 100 %, 569.20 W, 1965 MHz
2026/09/28 08:37:21.510, 3, 75313 MiB, 100 %, 561.53 W, 1965 MHz
2026/09/28 08:37:21.511, 4, 75313 MiB, 100 %, 538.14 W, 1965 MHz
2026/09/28 08:37:21.512, 5, 75313 MiB, 100 %, 581.43 W, 1965 MHz
2026/09/28 08:37:21.512, 6, 75313 MiB, 100 %, 574.89 W, 1935 MHz
2026/09/28 08:37:21.513, 7, 75313 MiB, 100 %, 559.81 W, 1965 MHz
2026/09/28 08:37:22.514, 0, 75313 MiB, 100 %, 557.97 W, 1620 MHz
2026/09/28 08:37:22.515, 1, 75313 MiB, 100 %, 621.47 W, 1965 MHz
2026/09/28 08:37:22.515, 2, 75313 MiB, 100 %, 601.07 W, 1965 MHz
2026/09/28 08:37:22.516, 3, 75313 MiB, 100 %, 587.67 W, 1950 MHz
2026/09/28 08:37:22.517, 4, 75313 MiB, 100 %, 569.25 W, 1965 MHz
2026/09/28 08:37:22.518, 5, 75313 MiB, 100 %, 611.61 W, 1935 MHz
2026/09/28 08:37:22.518, 6, 75313 MiB, 100 %, 598.33 W, 1965 MHz
2026/09/28 08:37:22.519, 7, 75313 MiB, 100 %, 592.75 W, 1965 MHz
2026/09/28 08:37:23.520, 0, 75313 MiB, 100 %, 509.36 W, 1545 MHz
2026/09/28 08:37:23.521, 1, 75313 MiB, 100 %, 578.36 W, 1770 MHz
2026/09/28 08:37:23.521, 2, 75313 MiB, 100 %, 605.81 W, 1935 MHz
2026/09/28 08:37:23.522, 3, 75313 MiB, 100 %, 593.73 W, 1755 MHz
2026/09/28 08:37:23.523, 4, 75313 MiB, 100 %, 578.79 W, 1965 MHz
2026/09/28 08:37:23.524, 5, 75313 MiB, 100 %, 583.19 W, 1950 MHz
2026/09/28 08:37:23.524, 6, 75313 MiB, 100 %, 601.43 W, 1815 MHz
2026/09/28 08:37:23.525, 7, 75313 MiB, 100 %, 565.91 W, 1965 MHz
2026/09/28 08:37:24.526, 0, 75313 MiB, 100 %, 462.81 W, 1290 MHz
2026/09/28 08:37:24.527, 1, 75313 MiB, 100 %, 588.35 W, 1965 MHz
2026/09/28 08:37:24.527, 2, 75313 MiB, 100 %, 602.08 W, 1965 MHz
2026/09/28 08:37:24.528, 3, 75313 MiB, 100 %, 580.38 W, 1935 MHz
2026/09/28 08:37:24.529, 4, 75313 MiB, 100 %, 572.42 W, 1950 MHz
2026/09/28 08:37:24.530, 5, 75313 MiB, 100 %, 582.79 W, 1965 MHz
2026/09/28 08:37:24.530, 6, 75313 MiB, 100 %, 590.22 W, 1965 MHz
2026/09/28 08:37:24.531, 7, 75313 MiB, 100 %, 553.90 W, 1920 MHz
2026/09/28 08:37:25.532, 0, 75313 MiB, 100 %, 450.16 W, 1260 MHz
2026/09/28 08:37:25.533, 1, 75313 MiB, 100 %, 586.57 W, 1920 MHz
2026/09/28 08:37:25.533, 2, 75313 MiB, 100 %, 592.97 W, 1965 MHz
2026/09/28 08:37:25.534, 3, 75313 MiB, 100 %, 587.85 W, 1905 MHz
2026/09/28 08:37:25.535, 4, 75313 MiB, 100 %, 572.84 W, 1950 MHz
2026/09/28 08:37:25.535, 5, 75313 MiB, 100 %, 584.06 W, 1785 MHz
2026/09/28 08:37:25.536, 6, 75313 MiB, 100 %, 593.16 W, 1920 MHz
2026/09/28 08:37:25.536, 7, 75313 MiB, 100 %, 578.08 W, 1965 MHz
2026/09/28 08:37:26.537, 0, 75313 MiB, 100 %, 493.80 W, 1665 MHz
2026/09/28 08:37:26.539, 1, 75313 MiB, 100 %, 596.86 W, 1905 MHz
2026/09/28 08:37:26.540, 2, 75313 MiB, 100 %, 601.32 W, 1905 MHz
2026/09/28 08:37:26.541, 3, 75313 MiB, 100 %, 580.08 W, 1875 MHz
2026/09/28 08:37:26.541, 4, 75313 MiB, 100 %, 583.47 W, 1950 MHz
2026/09/28 08:37:26.542, 5, 75313 MiB, 100 %, 584.56 W, 1965 MHz
2026/09/28 08:37:26.543, 6, 75313 MiB, 100 %, 596.19 W, 1830 MHz
2026/09/28 08:37:26.543, 7, 75313 MiB, 100 %, 566.40 W, 1965 MHz
2026/09/28 08:37:27.544, 0, 75313 MiB, 100 %, 504.37 W, 1860 MHz
2026/09/28 08:37:27.545, 1, 75313 MiB, 100 %, 487.98 W, 1980 MHz
2026/09/28 08:37:27.546, 2, 75313 MiB, 100 %, 502.07 W, 1980 MHz
2026/09/28 08:37:27.547, 3, 75313 MiB, 100 %, 499.69 W, 1980 MHz
2026/09/28 08:37:27.547, 4, 75313 MiB, 100 %, 482.51 W, 1980 MHz
2026/09/28 08:37:27.548, 5, 75313 MiB, 100 %, 484.50 W, 1980 MHz
2026/09/28 08:37:27.549, 6, 75313 MiB, 100 %, 521.34 W, 1980 MHz
2026/09/28 08:37:27.549, 7, 75313 MiB, 100 %, 461.30 W, 1980 MHz
2026/09/28 08:37:28.550, 0, 75313 MiB, 100 %, 509.70 W, 1755 MHz
2026/09/28 08:37:28.551, 1, 75313 MiB, 100 %, 516.06 W, 1980 MHz
2026/09/28 08:37:28.552, 2, 75313 MiB, 100 %, 525.15 W, 1980 MHz
2026/09/28 08:37:28.552, 3, 75313 MiB, 100 %, 514.37 W, 1980 MHz
2026/09/28 08:37:28.553, 4, 75313 MiB, 100 %, 510.85 W, 1980 MHz
2026/09/28 08:37:28.554, 5, 75313 MiB, 100 %, 504.24 W, 1980 MHz
2026/09/28 08:37:28.554, 6, 75313 MiB, 100 %, 530.55 W, 1980 MHz
2026/09/28 08:37:28.555, 7, 75313 MiB, 100 %, 484.83 W, 1980 MHz
2026/09/28 08:37:29.556, 0, 75313 MiB, 100 %, 513.78 W, 1770 MHz
2026/09/28 08:37:29.557, 1, 75313 MiB, 100 %, 546.94 W, 1980 MHz
2026/09/28 08:37:29.557, 2, 75313 MiB, 100 %, 571.20 W, 1965 MHz
2026/09/28 08:37:29.558, 3, 75313 MiB, 100 %, 538.89 W, 1965 MHz
2026/09/28 08:37:29.559, 4, 75313 MiB, 100 %, 528.52 W, 1980 MHz
2026/09/28 08:37:29.559, 5, 75313 MiB, 100 %, 540.68 W, 1980 MHz
2026/09/28 08:37:29.560, 6, 75313 MiB, 100 %, 567.13 W, 1980 MHz
2026/09/28 08:37:29.561, 7, 75313 MiB, 100 %, 524.42 W, 1980 MHz
2026/09/28 08:37:30.561, 0, 75313 MiB, 100 %, 523.74 W, 1620 MHz
2026/09/28 08:37:30.562, 1, 75313 MiB, 100 %, 580.92 W, 1980 MHz
2026/09/28 08:37:30.563, 2, 75313 MiB, 100 %, 581.03 W, 1965 MHz
2026/09/28 08:37:30.564, 3, 75313 MiB, 100 %, 564.69 W, 1965 MHz
2026/09/28 08:37:30.564, 4, 75313 MiB, 100 %, 550.75 W, 1980 MHz
2026/09/28 08:37:30.565, 5, 75313 MiB, 100 %, 575.14 W, 1980 MHz
2026/09/28 08:37:30.565, 6, 75313 MiB, 100 %, 601.88 W, 1965 MHz
2026/09/28 08:37:30.566, 7, 75313 MiB, 100 %, 542.56 W, 1980 MHz
2026/09/28 08:37:31.567, 0, 75313 MiB, 100 %, 538.82 W, 1590 MHz
2026/09/28 08:37:31.568, 1, 75313 MiB, 100 %, 571.58 W, 1980 MHz
2026/09/28 08:37:31.569, 2, 75313 MiB, 100 %, 612.99 W, 1965 MHz
2026/09/28 08:37:31.569, 3, 75313 MiB, 100 %, 581.58 W, 1980 MHz
2026/09/28 08:37:31.570, 4, 75313 MiB, 100 %, 595.67 W, 1965 MHz
2026/09/28 08:37:31.571, 5, 75313 MiB, 100 %, 558.09 W, 1950 MHz
2026/09/28 08:37:31.571, 6, 75313 MiB, 100 %, 608.81 W, 1875 MHz
2026/09/28 08:37:31.572, 7, 75313 MiB, 100 %, 567.61 W, 1965 MHz
2026/09/28 08:37:32.573, 0, 75313 MiB, 100 %, 512.27 W, 1320 MHz
2026/09/28 08:37:32.573, 1, 75313 MiB, 100 %, 606.15 W, 1800 MHz
2026/09/28 08:37:32.574, 2, 75313 MiB, 100 %, 591.66 W, 1965 MHz
2026/09/28 08:37:32.575, 3, 75313 MiB, 100 %, 584.70 W, 1950 MHz
2026/09/28 08:37:32.576, 4, 75313 MiB, 100 %, 574.39 W, 1965 MHz
2026/09/28 08:37:32.576, 5, 75313 MiB, 100 %, 594.74 W, 1875 MHz
2026/09/28 08:37:32.577, 6, 75313 MiB, 100 %, 589.49 W, 1965 MHz
2026/09/28 08:37:32.578, 7, 75313 MiB, 100 %, 571.54 W, 1905 MHz
2026/09/28 08:37:33.578, 0, 75313 MiB, 100 %, 487.24 W, 1500 MHz
2026/09/28 08:37:33.579, 1, 75313 MiB, 100 %, 596.42 W, 1950 MHz
2026/09/28 08:37:33.580, 2, 75313 MiB, 100 %, 580.10 W, 1965 MHz
2026/09/28 08:37:33.581, 3, 75313 MiB, 100 %, 589.08 W, 1965 MHz
2026/09/28 08:37:33.581, 4, 75313 MiB, 100 %, 576.66 W, 1965 MHz
2026/09/28 08:37:33.582, 5, 75313 MiB, 100 %, 601.14 W, 1935 MHz
2026/09/28 08:37:33.583, 6, 75313 MiB, 100 %, 593.61 W, 1965 MHz
2026/09/28 08:37:33.584, 7, 75313 MiB, 100 %, 571.44 W, 1845 MHz
2026/09/28 08:37:34.584, 0, 75313 MiB, 100 %, 502.96 W, 1815 MHz
2026/09/28 08:37:34.585, 1, 75313 MiB, 100 %, 592.61 W, 1950 MHz
2026/09/28 08:37:34.586, 2, 75313 MiB, 100 %, 601.99 W, 1965 MHz
2026/09/28 08:37:34.587, 3, 75313 MiB, 100 %, 598.91 W, 1920 MHz
2026/09/28 08:37:34.588, 4, 75313 MiB, 100 %, 583.04 W, 1875 MHz
2026/09/28 08:37:34.588, 5, 75313 MiB, 100 %, 601.60 W, 1890 MHz
2026/09/28 08:37:34.589, 6, 75313 MiB, 100 %, 602.08 W, 1830 MHz
2026/09/28 08:37:34.590, 7, 75313 MiB, 100 %, 570.48 W, 1935 MHz
2026/09/28 08:37:35.590, 0, 75313 MiB, 100 %, 537.99 W, 1545 MHz
2026/09/28 08:37:35.591, 1, 75313 MiB, 100 %, 608.14 W, 1965 MHz
2026/09/28 08:37:35.592, 2, 75313 MiB, 100 %, 600.10 W, 1785 MHz
2026/09/28 08:37:35.592, 3, 75313 MiB, 100 %, 614.17 W, 1875 MHz
2026/09/28 08:37:35.593, 4, 75313 MiB, 100 %, 593.08 W, 1830 MHz
2026/09/28 08:37:35.594, 5, 75313 MiB, 100 %, 601.42 W, 1950 MHz
2026/09/28 08:37:35.594, 6, 75313 MiB, 100 %, 616.83 W, 1875 MHz
2026/09/28 08:37:35.595, 7, 75313 MiB, 100 %, 586.05 W, 1935 MHz
2026/09/28 08:37:36.596, 0, 75313 MiB, 100 %, 565.26 W, 1410 MHz
2026/09/28 08:37:36.597, 1, 75313 MiB, 100 %, 606.66 W, 1950 MHz
2026/09/28 08:37:36.598, 2, 75313 MiB, 100 %, 610.96 W, 1950 MHz
2026/09/28 08:37:36.598, 3, 75313 MiB, 100 %, 617.29 W, 1935 MHz
2026/09/28 08:37:36.599, 4, 75313 MiB, 100 %, 594.18 W, 1785 MHz
2026/09/28 08:37:36.600, 5, 75313 MiB, 100 %, 600.81 W, 1890 MHz
2026/09/28 08:37:36.600, 6, 75313 MiB, 100 %, 612.84 W, 1860 MHz
2026/09/28 08:37:36.601, 7, 75313 MiB, 100 %, 594.33 W, 1890 MHz
2026/09/28 08:37:37.602, 0, 75313 MiB, 100 %, 465.41 W, 1800 MHz
2026/09/28 08:37:37.603, 1, 75313 MiB, 100 %, 524.11 W, 1980 MHz
2026/09/28 08:37:37.604, 2, 75313 MiB, 100 %, 509.28 W, 1980 MHz
2026/09/28 08:37:37.604, 3, 75313 MiB, 100 %, 507.26 W, 1980 MHz
2026/09/28 08:37:37.605, 4, 75313 MiB, 100 %, 489.23 W, 1980 MHz
2026/09/28 08:37:37.606, 5, 75313 MiB, 100 %, 509.71 W, 1980 MHz
2026/09/28 08:37:37.606, 6, 75313 MiB, 100 %, 517.41 W, 1980 MHz
2026/09/28 08:37:37.607, 7, 75313 MiB, 100 %, 496.58 W, 1980 MHz
2026/09/28 08:37:38.608, 0, 75313 MiB, 100 %, 470.87 W, 1635 MHz
2026/09/28 08:37:38.609, 1, 75313 MiB, 100 %, 490.35 W, 1980 MHz
2026/09/28 08:37:38.610, 2, 75313 MiB, 100 %, 517.61 W, 1980 MHz
2026/09/28 08:37:38.610, 3, 75313 MiB, 100 %, 506.01 W, 1980 MHz
2026/09/28 08:37:38.611, 4, 75313 MiB, 100 %, 473.93 W, 1980 MHz
2026/09/28 08:37:38.612, 5, 75313 MiB, 100 %, 492.32 W, 1980 MHz
2026/09/28 08:37:38.612, 6, 75313 MiB, 100 %, 515.31 W, 1980 MHz
2026/09/28 08:37:38.613, 7, 75313 MiB, 100 %, 473.92 W, 1980 MHz
2026/09/28 08:37:39.614, 0, 75313 MiB, 100 %, 496.88 W, 1650 MHz
2026/09/28 08:37:39.615, 1, 75313 MiB, 100 %, 545.86 W, 1980 MHz
2026/09/28 08:37:39.615, 2, 75313 MiB, 100 %, 565.08 W, 1965 MHz
2026/09/28 08:37:39.616, 3, 75313 MiB, 100 %, 542.10 W, 1980 MHz
2026/09/28 08:37:39.617, 4, 75313 MiB, 100 %, 512.53 W, 1980 MHz
2026/09/28 08:37:39.617, 5, 75313 MiB, 100 %, 551.52 W, 1980 MHz
2026/09/28 08:37:39.618, 6, 75313 MiB, 100 %, 571.84 W, 1980 MHz
2026/09/28 08:37:39.619, 7, 75313 MiB, 100 %, 520.09 W, 1980 MHz
2026/09/28 08:37:40.620, 0, 75313 MiB, 100 %, 500.52 W, 1650 MHz
2026/09/28 08:37:40.620, 1, 75313 MiB, 100 %, 569.86 W, 1965 MHz
2026/09/28 08:37:40.621, 2, 75313 MiB, 100 %, 563.23 W, 1980 MHz
2026/09/28 08:37:40.622, 3, 75313 MiB, 100 %, 564.49 W, 1965 MHz
2026/09/28 08:37:40.623, 4, 75313 MiB, 100 %, 546.92 W, 1980 MHz
2026/09/28 08:37:40.623, 5, 75313 MiB, 100 %, 557.42 W, 1965 MHz
2026/09/28 08:37:40.624, 6, 75313 MiB, 100 %, 581.47 W, 1980 MHz
2026/09/28 08:37:40.625, 7, 75313 MiB, 100 %, 535.40 W, 1980 MHz
2026/09/28 08:37:41.625, 0, 75313 MiB, 100 %, 492.57 W, 1560 MHz
2026/09/28 08:37:41.627, 1, 75313 MiB, 100 %, 582.25 W, 1965 MHz
2026/09/28 08:37:41.628, 2, 75313 MiB, 100 %, 567.03 W, 1965 MHz
2026/09/28 08:37:41.628, 3, 75313 MiB, 100 %, 560.65 W, 1965 MHz
2026/09/28 08:37:41.629, 4, 75313 MiB, 100 %, 561.08 W, 1965 MHz
2026/09/28 08:37:41.630, 5, 75313 MiB, 100 %, 578.90 W, 1965 MHz
2026/09/28 08:37:41.631, 6, 75313 MiB, 100 %, 577.20 W, 1965 MHz
2026/09/28 08:37:41.631, 7, 75313 MiB, 100 %, 549.28 W, 1980 MHz
2026/09/28 08:37:42.632, 0, 75313 MiB, 100 %, 512.26 W, 1470 MHz
2026/09/28 08:37:42.633, 1, 75313 MiB, 100 %, 598.91 W, 1965 MHz
2026/09/28 08:37:42.634, 2, 75313 MiB, 100 %, 584.73 W, 1965 MHz
2026/09/28 08:37:42.635, 3, 75313 MiB, 100 %, 582.60 W, 1965 MHz
2026/09/28 08:37:42.635, 4, 75313 MiB, 100 %, 567.10 W, 1965 MHz
2026/09/28 08:37:42.636, 5, 75313 MiB, 100 %, 594.24 W, 1965 MHz
2026/09/28 08:37:42.637, 6, 75313 MiB, 100 %, 586.68 W, 1935 MHz
2026/09/28 08:37:42.637, 7, 75313 MiB, 100 %, 567.80 W, 1965 MHz
2026/09/28 08:37:43.638, 0, 75313 MiB, 100 %, 508.05 W, 1455 MHz
2026/09/28 08:37:43.639, 1, 75313 MiB, 100 %, 594.06 W, 1905 MHz
2026/09/28 08:37:43.640, 2, 75313 MiB, 100 %, 597.95 W, 1965 MHz
2026/09/28 08:37:43.641, 3, 75313 MiB, 100 %, 599.56 W, 1950 MHz
2026/09/28 08:37:43.641, 4, 75313 MiB, 100 %, 584.78 W, 1950 MHz
2026/09/28 08:37:43.642, 5, 75313 MiB, 100 %, 589.78 W, 1920 MHz
2026/09/28 08:37:43.643, 6, 75313 MiB, 100 %, 608.78 W, 1950 MHz
2026/09/28 08:37:43.643, 7, 75313 MiB, 100 %, 576.90 W, 1965 MHz
2026/09/28 08:37:44.644, 0, 75313 MiB, 100 %, 448.34 W, 1350 MHz
2026/09/28 08:37:44.645, 1, 75313 MiB, 100 %, 561.09 W, 1920 MHz
2026/09/28 08:37:44.646, 2, 75313 MiB, 100 %, 590.66 W, 1920 MHz
2026/09/28 08:37:44.646, 3, 75313 MiB, 100 %, 584.19 W, 1965 MHz
2026/09/28 08:37:44.647, 4, 75313 MiB, 100 %, 570.66 W, 1965 MHz
2026/09/28 08:37:44.648, 5, 75313 MiB, 100 %, 564.88 W, 1875 MHz
2026/09/28 08:37:44.648, 6, 75313 MiB, 100 %, 588.55 W, 1830 MHz
2026/09/28 08:37:44.649, 7, 75313 MiB, 100 %, 563.72 W, 1965 MHz
2026/09/28 08:37:45.649, 0, 75313 MiB, 100 %, 501.51 W, 1350 MHz
2026/09/28 08:37:45.650, 1, 75313 MiB, 100 %, 596.50 W, 1830 MHz
2026/09/28 08:37:45.651, 2, 75313 MiB, 100 %, 580.43 W, 1950 MHz
2026/09/28 08:37:45.652, 3, 75313 MiB, 100 %, 590.77 W, 1965 MHz
2026/09/28 08:37:45.653, 4, 75313 MiB, 100 %, 569.66 W, 1965 MHz
2026/09/28 08:37:45.653, 5, 75313 MiB, 100 %, 591.36 W, 1965 MHz
2026/09/28 08:37:45.654, 6, 75313 MiB, 100 %, 598.70 W, 1965 MHz
2026/09/28 08:37:45.654, 7, 75313 MiB, 100 %, 589.72 W, 1965 MHz
2026/09/28 08:37:46.655, 0, 75313 MiB, 100 %, 516.69 W, 1440 MHz
2026/09/28 08:37:46.656, 1, 75313 MiB, 100 %, 602.08 W, 1950 MHz
2026/09/28 08:37:46.657, 2, 75313 MiB, 100 %, 615.71 W, 1845 MHz
2026/09/28 08:37:46.657, 3, 75313 MiB, 100 %, 615.97 W, 1920 MHz
2026/09/28 08:37:46.658, 4, 75313 MiB, 100 %, 594.50 W, 1785 MHz
2026/09/28 08:37:46.659, 5, 75313 MiB, 100 %, 597.19 W, 1905 MHz
2026/09/28 08:37:46.659, 6, 75313 MiB, 100 %, 596.57 W, 1875 MHz
2026/09/28 08:37:46.660, 7, 75313 MiB, 100 %, 590.36 W, 1875 MHz
2026/09/28 08:37:47.661, 0, 75313 MiB, 100 %, 516.52 W, 1770 MHz
2026/09/28 08:37:47.662, 1, 75313 MiB, 100 %, 574.22 W, 1980 MHz
2026/09/28 08:37:47.663, 2, 75313 MiB, 100 %, 577.17 W, 1980 MHz
2026/09/28 08:37:47.663, 3, 75313 MiB, 100 %, 570.11 W, 1965 MHz
2026/09/28 08:37:47.664, 4, 75313 MiB, 100 %, 550.18 W, 1980 MHz
2026/09/28 08:37:47.665, 5, 75313 MiB, 100 %, 559.11 W, 1980 MHz
2026/09/28 08:37:47.665, 6, 75313 MiB, 100 %, 575.16 W, 1965 MHz
2026/09/28 08:37:47.666, 7, 75313 MiB, 100 %, 550.35 W, 1980 MHz
2026/09/28 08:37:48.667, 0, 75313 MiB, 100 %, 485.15 W, 1770 MHz
2026/09/28 08:37:48.668, 1, 75313 MiB, 100 %, 477.67 W, 1980 MHz
2026/09/28 08:37:48.668, 2, 75313 MiB, 100 %, 495.45 W, 1980 MHz
2026/09/28 08:37:48.669, 3, 75313 MiB, 100 %, 473.75 W, 1980 MHz
2026/09/28 08:37:48.670, 4, 75313 MiB, 100 %, 454.76 W, 1980 MHz
2026/09/28 08:37:48.670, 5, 75313 MiB, 100 %, 478.34 W, 1980 MHz
2026/09/28 08:37:48.671, 6, 75313 MiB, 100 %, 498.88 W, 1980 MHz
2026/09/28 08:37:48.672, 7, 75313 MiB, 100 %, 452.76 W, 1980 MHz
2026/09/28 08:37:49.672, 0, 75313 MiB, 100 %, 490.83 W, 1680 MHz
2026/09/28 08:37:49.673, 1, 75313 MiB, 100 %, 531.64 W, 1980 MHz
2026/09/28 08:37:49.674, 2, 75313 MiB, 100 %, 539.78 W, 1980 MHz
2026/09/28 08:37:49.675, 3, 75313 MiB, 100 %, 512.27 W, 1980 MHz
2026/09/28 08:37:49.676, 4, 75313 MiB, 100 %, 510.21 W, 1980 MHz
2026/09/28 08:37:49.676, 5, 75313 MiB, 100 %, 525.13 W, 1980 MHz
2026/09/28 08:37:49.677, 6, 75313 MiB, 100 %, 552.02 W, 1980 MHz
2026/09/28 08:37:49.678, 7, 75313 MiB, 100 %, 508.33 W, 1980 MHz
2026/09/28 08:37:50.678, 0, 75313 MiB, 100 %, 488.78 W, 1290 MHz
2026/09/28 08:37:50.679, 1, 75313 MiB, 100 %, 563.09 W, 1980 MHz
2026/09/28 08:37:50.680, 2, 75313 MiB, 100 %, 564.04 W, 1980 MHz
2026/09/28 08:37:50.681, 3, 75313 MiB, 100 %, 556.24 W, 1980 MHz
2026/09/28 08:37:50.682, 4, 75313 MiB, 100 %, 548.74 W, 1980 MHz
2026/09/28 08:37:50.682, 5, 75313 MiB, 100 %, 541.49 W, 1980 MHz
2026/09/28 08:37:50.683, 6, 75313 MiB, 100 %, 572.24 W, 1980 MHz
2026/09/28 08:37:50.684, 7, 75313 MiB, 100 %, 530.00 W, 1980 MHz
2026/09/28 08:37:51.684, 0, 75313 MiB, 100 %, 530.85 W, 1455 MHz
2026/09/28 08:37:51.686, 1, 75313 MiB, 100 %, 583.72 W, 1965 MHz
2026/09/28 08:37:51.687, 2, 75313 MiB, 100 %, 590.06 W, 1965 MHz
2026/09/28 08:37:51.687, 3, 75313 MiB, 100 %, 572.03 W, 1965 MHz
2026/09/28 08:37:51.688, 4, 75313 MiB, 100 %, 573.32 W, 1980 MHz
2026/09/28 08:37:51.689, 5, 75313 MiB, 100 %, 562.89 W, 1965 MHz
2026/09/28 08:37:51.689, 6, 75313 MiB, 100 %, 583.77 W, 1965 MHz
2026/09/28 08:37:51.690, 7, 75313 MiB, 100 %, 551.66 W, 1980 MHz
2026/09/28 08:37:52.690, 0, 75313 MiB, 100 %, 436.11 W, 1380 MHz
2026/09/28 08:37:52.691, 1, 75313 MiB, 100 %, 575.00 W, 1965 MHz
2026/09/28 08:37:52.692, 2, 75313 MiB, 100 %, 575.27 W, 1950 MHz
2026/09/28 08:37:52.693, 3, 75313 MiB, 100 %, 564.97 W, 1950 MHz
2026/09/28 08:37:52.693, 4, 75313 MiB, 100 %, 543.67 W, 1980 MHz
2026/09/28 08:37:52.694, 5, 75313 MiB, 100 %, 569.06 W, 1965 MHz
2026/09/28 08:37:52.695, 6, 75313 MiB, 100 %, 575.99 W, 1965 MHz
2026/09/28 08:37:52.695, 7, 75313 MiB, 100 %, 545.58 W, 1980 MHz
2026/09/28 08:37:53.696, 0, 75313 MiB, 100 %, 454.88 W, 1650 MHz
2026/09/28 08:37:53.697, 1, 75313 MiB, 100 %, 579.34 W, 1965 MHz
2026/09/28 08:37:53.698, 2, 75313 MiB, 100 %, 589.35 W, 1920 MHz
2026/09/28 08:37:53.698, 3, 75313 MiB, 100 %, 582.42 W, 1965 MHz
2026/09/28 08:37:53.699, 4, 75313 MiB, 100 %, 559.94 W, 1905 MHz
2026/09/28 08:37:53.700, 5, 75313 MiB, 100 %, 575.16 W, 1965 MHz
2026/09/28 08:37:53.700, 6, 75313 MiB, 100 %, 593.38 W, 1905 MHz
2026/09/28 08:37:53.701, 7, 75313 MiB, 100 %, 553.32 W, 1965 MHz
2026/09/28 08:37:54.702, 0, 75313 MiB, 100 %, 563.66 W, 1305 MHz
2026/09/28 08:37:54.703, 1, 75313 MiB, 100 %, 608.84 W, 1860 MHz
2026/09/28 08:37:54.703, 2, 75313 MiB, 100 %, 597.53 W, 1965 MHz
2026/09/28 08:37:54.704, 3, 75313 MiB, 100 %, 612.88 W, 1845 MHz
2026/09/28 08:37:54.705, 4, 75313 MiB, 100 %, 569.57 W, 1905 MHz
2026/09/28 08:37:54.705, 5, 75313 MiB, 100 %, 597.94 W, 1935 MHz
2026/09/28 08:37:54.706, 6, 75313 MiB, 100 %, 597.90 W, 1905 MHz
2026/09/28 08:37:54.706, 7, 75313 MiB, 100 %, 572.38 W, 1950 MHz
2026/09/28 08:37:55.707, 0, 75313 MiB, 100 %, 501.78 W, 1560 MHz
2026/09/28 08:37:55.708, 1, 75313 MiB, 100 %, 594.37 W, 1965 MHz
2026/09/28 08:37:55.709, 2, 75313 MiB, 100 %, 585.49 W, 1965 MHz
2026/09/28 08:37:55.709, 3, 75313 MiB, 100 %, 597.90 W, 1950 MHz
2026/09/28 08:37:55.710, 4, 75313 MiB, 100 %, 571.90 W, 1920 MHz
2026/09/28 08:37:55.711, 5, 75313 MiB, 100 %, 591.17 W, 1965 MHz
2026/09/28 08:37:55.711, 6, 75313 MiB, 100 %, 606.80 W, 1935 MHz
2026/09/28 08:37:55.712, 7, 75313 MiB, 100 %, 579.49 W, 1935 MHz
2026/09/28 08:37:56.713, 0, 75313 MiB, 100 %, 493.48 W, 1335 MHz
2026/09/28 08:37:56.714, 1, 75313 MiB, 100 %, 615.35 W, 1830 MHz
2026/09/28 08:37:56.715, 2, 75313 MiB, 100 %, 616.03 W, 1935 MHz
2026/09/28 08:37:56.715, 3, 75313 MiB, 100 %, 603.46 W, 1920 MHz
2026/09/28 08:37:56.716, 4, 75313 MiB, 100 %, 585.08 W, 1965 MHz
2026/09/28 08:37:56.717, 5, 75313 MiB, 100 %, 610.96 W, 1950 MHz
2026/09/28 08:37:56.717, 6, 75313 MiB, 100 %, 602.90 W, 1890 MHz
2026/09/28 08:37:56.718, 7, 75313 MiB, 100 %, 560.97 W, 1965 MHz
2026/09/28 08:37:57.719, 0, 75313 MiB, 100 %, 498.68 W, 1455 MHz
2026/09/28 08:37:57.720, 1, 75313 MiB, 100 %, 610.57 W, 1965 MHz
2026/09/28 08:37:57.721, 2, 75313 MiB, 100 %, 603.07 W, 1950 MHz
2026/09/28 08:37:57.721, 3, 75313 MiB, 100 %, 597.18 W, 1950 MHz
2026/09/28 08:37:57.722, 4, 75313 MiB, 100 %, 592.78 W, 1920 MHz
2026/09/28 08:37:57.723, 5, 75313 MiB, 100 %, 597.81 W, 1950 MHz
2026/09/28 08:37:57.724, 6, 75313 MiB, 100 %, 594.91 W, 1875 MHz
2026/09/28 08:37:57.724, 7, 75313 MiB, 100 %, 587.03 W, 1935 MHz
2026/09/28 08:37:58.725, 0, 75313 MiB, 100 %, 507.46 W, 1920 MHz
2026/09/28 08:37:58.726, 1, 75313 MiB, 100 %, 492.67 W, 1980 MHz
2026/09/28 08:37:58.727, 2, 75313 MiB, 100 %, 497.05 W, 1980 MHz
2026/09/28 08:37:58.728, 3, 75313 MiB, 100 %, 497.02 W, 1980 MHz
2026/09/28 08:37:58.728, 4, 75313 MiB, 100 %, 468.48 W, 1980 MHz
2026/09/28 08:37:58.729, 5, 75313 MiB, 100 %, 479.64 W, 1980 MHz
2026/09/28 08:37:58.730, 6, 75313 MiB, 100 %, 506.39 W, 1980 MHz
2026/09/28 08:37:58.731, 7, 75313 MiB, 100 %, 450.01 W, 1980 MHz
2026/09/28 08:37:59.731, 0, 75313 MiB, 100 %, 529.59 W, 1860 MHz
2026/09/28 08:37:59.732, 1, 75313 MiB, 100 %, 508.09 W, 1980 MHz
2026/09/28 08:37:59.733, 2, 75313 MiB, 100 %, 529.81 W, 1980 MHz
2026/09/28 08:37:59.734, 3, 75313 MiB, 100 %, 518.96 W, 1980 MHz
2026/09/28 08:37:59.734, 4, 75313 MiB, 100 %, 492.83 W, 1980 MHz
2026/09/28 08:37:59.735, 5, 75313 MiB, 100 %, 516.09 W, 1980 MHz
2026/09/28 08:37:59.736, 6, 75313 MiB, 100 %, 540.35 W, 1980 MHz
2026/09/28 08:37:59.736, 7, 75313 MiB, 100 %, 488.52 W, 1980 MHz
2026/09/28 08:38:00.737, 0, 75313 MiB, 100 %, 533.43 W, 1845 MHz
2026/09/28 08:38:00.738, 1, 75313 MiB, 100 %, 551.83 W, 1980 MHz
2026/09/28 08:38:00.738, 2, 75313 MiB, 100 %, 561.05 W, 1965 MHz
2026/09/28 08:38:00.739, 3, 75313 MiB, 100 %, 542.72 W, 1980 MHz
2026/09/28 08:38:00.740, 4, 75313 MiB, 100 %, 524.09 W, 1980 MHz
2026/09/28 08:38:00.740, 5, 75313 MiB, 100 %, 558.45 W, 1980 MHz
2026/09/28 08:38:00.741, 6, 75313 MiB, 100 %, 576.06 W, 1980 MHz
2026/09/28 08:38:00.742, 7, 75313 MiB, 100 %, 529.29 W, 1980 MHz
2026/09/28 08:38:01.742, 0, 75313 MiB, 100 %, 546.40 W, 1830 MHz
2026/09/28 08:38:01.743, 1, 75313 MiB, 100 %, 576.62 W, 1965 MHz
2026/09/28 08:38:01.744, 2, 75313 MiB, 100 %, 593.27 W, 1965 MHz
2026/09/28 08:38:01.744, 3, 75313 MiB, 100 %, 571.85 W, 1980 MHz
2026/09/28 08:38:01.745, 4, 75313 MiB, 100 %, 553.71 W, 1980 MHz
2026/09/28 08:38:01.746, 5, 75313 MiB, 100 %, 572.78 W, 1965 MHz
2026/09/28 08:38:01.746, 6, 75313 MiB, 100 %, 588.99 W, 1965 MHz
2026/09/28 08:38:01.747, 7, 75313 MiB, 100 %, 559.38 W, 1980 MHz
2026/09/28 08:38:02.747, 0, 75313 MiB, 100 %, 498.82 W, 1395 MHz
2026/09/28 08:38:02.748, 1, 75313 MiB, 100 %, 584.21 W, 1965 MHz
2026/09/28 08:38:02.749, 2, 75313 MiB, 100 %, 590.05 W, 1965 MHz
2026/09/28 08:38:02.750, 3, 75313 MiB, 100 %, 585.79 W, 1920 MHz
2026/09/28 08:38:02.751, 4, 75313 MiB, 100 %, 570.23 W, 1965 MHz
2026/09/28 08:38:02.751, 5, 75313 MiB, 100 %, 573.69 W, 1980 MHz
2026/09/28 08:38:02.752, 6, 75313 MiB, 100 %, 609.31 W, 1905 MHz
2026/09/28 08:38:02.753, 7, 75313 MiB, 100 %, 541.31 W, 1980 MHz
2026/09/28 08:38:03.753, 0, 75313 MiB, 100 %, 473.62 W, 1395 MHz
2026/09/28 08:38:03.754, 1, 75313 MiB, 100 %, 586.29 W, 1965 MHz
2026/09/28 08:38:03.755, 2, 75313 MiB, 100 %, 580.93 W, 1890 MHz
2026/09/28 08:38:03.756, 3, 75313 MiB, 100 %, 569.41 W, 1845 MHz
2026/09/28 08:38:03.757, 4, 75313 MiB, 100 %, 559.57 W, 1965 MHz
2026/09/28 08:38:03.758, 5, 75313 MiB, 100 %, 579.68 W, 1950 MHz
2026/09/28 08:38:03.759, 6, 75313 MiB, 100 %, 583.69 W, 1935 MHz
2026/09/28 08:38:03.760, 7, 75313 MiB, 100 %, 556.77 W, 1980 MHz
2026/09/28 08:38:04.761, 0, 75313 MiB, 100 %, 583.51 W, 1365 MHz
2026/09/28 08:38:04.761, 1, 75313 MiB, 100 %, 608.70 W, 1965 MHz
2026/09/28 08:38:04.762, 2, 75313 MiB, 100 %, 623.00 W, 1845 MHz
2026/09/28 08:38:04.763, 3, 75313 MiB, 100 %, 610.81 W, 1965 MHz
2026/09/28 08:38:04.764, 4, 75313 MiB, 100 %, 602.61 W, 1950 MHz
2026/09/28 08:38:04.764, 5, 75313 MiB, 100 %, 601.40 W, 1965 MHz
2026/09/28 08:38:04.765, 6, 75313 MiB, 100 %, 601.44 W, 1920 MHz
2026/09/28 08:38:04.765, 7, 75313 MiB, 100 %, 595.94 W, 1920 MHz
2026/09/28 08:38:05.766, 0, 75313 MiB, 100 %, 512.74 W, 1320 MHz
2026/09/28 08:38:05.767, 1, 75313 MiB, 100 %, 613.63 W, 1965 MHz
2026/09/28 08:38:05.768, 2, 75313 MiB, 100 %, 607.79 W, 1860 MHz
2026/09/28 08:38:05.769, 3, 75313 MiB, 100 %, 599.59 W, 1965 MHz
2026/09/28 08:38:05.769, 4, 75313 MiB, 100 %, 581.37 W, 1950 MHz
2026/09/28 08:38:05.770, 5, 75313 MiB, 100 %, 590.84 W, 1965 MHz
2026/09/28 08:38:05.771, 6, 75313 MiB, 100 %, 603.06 W, 1965 MHz
2026/09/28 08:38:05.772, 7, 75313 MiB, 100 %, 574.97 W, 1845 MHz
2026/09/28 08:38:06.772, 0, 75313 MiB, 100 %, 437.68 W, 1635 MHz
2026/09/28 08:38:06.773, 1, 75313 MiB, 100 %, 566.92 W, 1965 MHz
2026/09/28 08:38:06.774, 2, 75313 MiB, 100 %, 587.10 W, 1860 MHz
2026/09/28 08:38:06.775, 3, 75313 MiB, 100 %, 592.84 W, 1950 MHz
2026/09/28 08:38:06.776, 4, 75313 MiB, 100 %, 562.82 W, 1920 MHz
2026/09/28 08:38:06.776, 5, 75313 MiB, 100 %, 567.36 W, 1965 MHz
2026/09/28 08:38:06.777, 6, 75313 MiB, 100 %, 591.91 W, 1770 MHz
2026/09/28 08:38:06.777, 7, 75313 MiB, 100 %, 567.93 W, 1950 MHz
2026/09/28 08:38:07.778, 0, 75313 MiB, 100 %, 503.89 W, 1425 MHz
2026/09/28 08:38:07.779, 1, 75313 MiB, 100 %, 595.31 W, 1950 MHz
2026/09/28 08:38:07.780, 2, 75313 MiB, 100 %, 590.59 W, 1920 MHz
2026/09/28 08:38:07.780, 3, 75313 MiB, 100 %, 601.12 W, 1860 MHz
2026/09/28 08:38:07.781, 4, 75313 MiB, 100 %, 589.07 W, 1935 MHz
2026/09/28 08:38:07.782, 5, 75313 MiB, 100 %, 607.00 W, 1950 MHz
2026/09/28 08:38:07.782, 6, 75313 MiB, 100 %, 600.59 W, 1935 MHz
2026/09/28 08:38:07.783, 7, 75313 MiB, 100 %, 579.08 W, 1935 MHz
2026/09/28 08:38:08.784, 0, 75313 MiB, 100 %, 488.34 W, 1950 MHz
2026/09/28 08:38:08.785, 1, 75313 MiB, 100 %, 515.93 W, 1980 MHz
2026/09/28 08:38:08.786, 2, 75313 MiB, 100 %, 530.06 W, 1980 MHz
2026/09/28 08:38:08.786, 3, 75313 MiB, 100 %, 527.02 W, 1980 MHz
2026/09/28 08:38:08.787, 4, 75313 MiB, 100 %, 499.38 W, 1980 MHz
2026/09/28 08:38:08.788, 5, 75313 MiB, 100 %, 515.25 W, 1980 MHz
2026/09/28 08:38:08.788, 6, 75313 MiB, 100 %, 523.19 W, 1980 MHz
2026/09/28 08:38:08.789, 7, 75313 MiB, 100 %, 511.81 W, 1980 MHz
2026/09/28 08:38:09.790, 0, 75313 MiB, 100 %, 515.69 W, 1665 MHz
2026/09/28 08:38:09.790, 1, 75313 MiB, 100 %, 507.66 W, 1980 MHz
2026/09/28 08:38:09.791, 2, 75313 MiB, 100 %, 521.05 W, 1980 MHz
2026/09/28 08:38:09.792, 3, 75313 MiB, 100 %, 500.68 W, 1980 MHz
2026/09/28 08:38:09.792, 4, 75313 MiB, 100 %, 481.96 W, 1980 MHz
2026/09/28 08:38:09.793, 5, 75313 MiB, 100 %, 518.54 W, 1980 MHz
2026/09/28 08:38:09.794, 6, 75313 MiB, 100 %, 538.12 W, 1980 MHz
2026/09/28 08:38:09.794, 7, 75313 MiB, 100 %, 491.61 W, 1980 MHz
2026/09/28 08:38:10.795, 0, 75313 MiB, 100 %, 508.55 W, 1455 MHz
2026/09/28 08:38:10.796, 1, 75313 MiB, 100 %, 547.47 W, 1980 MHz
2026/09/28 08:38:10.797, 2, 75313 MiB, 100 %, 556.34 W, 1980 MHz
2026/09/28 08:38:10.797, 3, 75313 MiB, 100 %, 538.81 W, 1980 MHz
2026/09/28 08:38:10.798, 4, 75313 MiB, 100 %, 526.58 W, 1980 MHz
2026/09/28 08:38:10.799, 5, 75313 MiB, 100 %, 529.33 W, 1980 MHz
2026/09/28 08:38:10.799, 6, 75313 MiB, 100 %, 564.34 W, 1980 MHz
2026/09/28 08:38:10.800, 7, 75313 MiB, 100 %, 512.94 W, 1980 MHz
2026/09/28 08:38:11.801, 0, 75313 MiB, 100 %, 488.14 W, 1485 MHz
2026/09/28 08:38:11.802, 1, 75313 MiB, 100 %, 559.47 W, 1965 MHz
2026/09/28 08:38:11.803, 2, 75313 MiB, 100 %, 568.54 W, 1980 MHz
2026/09/28 08:38:11.803, 3, 75313 MiB, 100 %, 551.32 W, 1965 MHz
2026/09/28 08:38:11.804, 4, 75313 MiB, 100 %, 541.58 W, 1980 MHz
2026/09/28 08:38:11.805, 5, 75313 MiB, 100 %, 554.59 W, 1965 MHz
2026/09/28 08:38:11.805, 6, 75313 MiB, 100 %, 575.76 W, 1980 MHz
2026/09/28 08:38:11.806, 7, 75313 MiB, 100 %, 527.42 W, 1980 MHz
2026/09/28 08:38:12.807, 0, 75313 MiB, 100 %, 504.05 W, 1485 MHz
2026/09/28 08:38:12.807, 1, 75313 MiB, 100 %, 573.23 W, 1980 MHz
2026/09/28 08:38:12.808, 2, 75313 MiB, 100 %, 574.87 W, 1965 MHz
2026/09/28 08:38:12.809, 3, 75313 MiB, 100 %, 597.16 W, 1965 MHz
2026/09/28 08:38:12.809, 4, 75313 MiB, 100 %, 562.69 W, 1980 MHz
2026/09/28 08:38:12.810, 5, 75313 MiB, 100 %, 566.68 W, 1980 MHz
2026/09/28 08:38:12.811, 6, 75313 MiB, 100 %, 596.74 W, 1965 MHz
2026/09/28 08:38:12.811, 7, 75313 MiB, 100 %, 527.31 W, 1965 MHz
2026/09/28 08:38:13.812, 0, 75313 MiB, 100 %, 514.08 W, 1710 MHz
2026/09/28 08:38:13.813, 1, 75313 MiB, 100 %, 604.38 W, 1950 MHz
2026/09/28 08:38:13.814, 2, 75313 MiB, 100 %, 591.48 W, 1965 MHz
2026/09/28 08:38:13.815, 3, 75313 MiB, 100 %, 583.17 W, 1965 MHz
2026/09/28 08:38:13.815, 4, 75313 MiB, 100 %, 554.63 W, 1965 MHz
2026/09/28 08:38:13.816, 5, 75313 MiB, 100 %, 589.52 W, 1950 MHz
2026/09/28 08:38:13.817, 6, 75313 MiB, 100 %, 595.10 W, 1965 MHz
2026/09/28 08:38:13.817, 7, 75313 MiB, 100 %, 559.06 W, 1965 MHz
2026/09/28 08:38:14.818, 0, 75313 MiB, 100 %, 504.58 W, 1800 MHz
2026/09/28 08:38:14.819, 1, 75313 MiB, 100 %, 580.92 W, 1920 MHz
2026/09/28 08:38:14.820, 2, 75313 MiB, 100 %, 595.55 W, 1965 MHz
2026/09/28 08:38:14.820, 3, 75313 MiB, 100 %, 575.23 W, 1965 MHz
2026/09/28 08:38:14.821, 4, 75313 MiB, 100 %, 564.61 W, 1950 MHz
2026/09/28 08:38:14.822, 5, 75313 MiB, 100 %, 584.24 W, 1965 MHz
2026/09/28 08:38:14.822, 6, 75313 MiB, 100 %, 585.70 W, 1965 MHz
2026/09/28 08:38:14.823, 7, 75313 MiB, 100 %, 573.04 W, 1965 MHz
2026/09/28 08:38:15.824, 0, 75313 MiB, 100 %, 528.68 W, 1275 MHz
2026/09/28 08:38:15.824, 1, 75313 MiB, 100 %, 598.61 W, 1905 MHz
2026/09/28 08:38:15.825, 2, 75313 MiB, 100 %, 608.75 W, 1830 MHz
2026/09/28 08:38:15.826, 3, 75313 MiB, 100 %, 612.96 W, 1965 MHz
2026/09/28 08:38:15.826, 4, 75313 MiB, 100 %, 577.86 W, 1965 MHz
2026/09/28 08:38:15.827, 5, 75313 MiB, 100 %, 597.94 W, 1965 MHz
2026/09/28 08:38:15.828, 6, 75313 MiB, 100 %, 605.99 W, 1965 MHz
2026/09/28 08:38:15.828, 7, 75313 MiB, 100 %, 580.45 W, 1965 MHz
2026/09/28 08:38:16.829, 0, 75313 MiB, 100 %, 469.59 W, 1425 MHz
2026/09/28 08:38:16.830, 1, 75313 MiB, 100 %, 602.04 W, 1950 MHz
2026/09/28 08:38:16.831, 2, 75313 MiB, 100 %, 602.50 W, 1800 MHz
2026/09/28 08:38:16.831, 3, 75313 MiB, 100 %, 583.91 W, 1830 MHz
2026/09/28 08:38:16.832, 4, 75313 MiB, 100 %, 576.00 W, 1965 MHz
2026/09/28 08:38:16.833, 5, 75313 MiB, 100 %, 596.63 W, 1920 MHz
2026/09/28 08:38:16.833, 6, 75313 MiB, 100 %, 599.05 W, 1800 MHz
2026/09/28 08:38:16.834, 7, 75313 MiB, 100 %, 561.47 W, 1935 MHz
2026/09/28 08:38:17.834, 0, 75313 MiB, 100 %, 489.73 W, 1260 MHz
2026/09/28 08:38:17.835, 1, 75313 MiB, 100 %, 606.35 W, 1920 MHz
2026/09/28 08:38:17.836, 2, 75313 MiB, 100 %, 600.96 W, 1905 MHz
2026/09/28 08:38:17.837, 3, 75313 MiB, 100 %, 598.96 W, 1965 MHz
2026/09/28 08:38:17.837, 4, 75313 MiB, 100 %, 585.87 W, 1950 MHz
2026/09/28 08:38:17.838, 5, 75313 MiB, 100 %, 598.39 W, 1815 MHz
2026/09/28 08:38:17.839, 6, 75313 MiB, 100 %, 602.93 W, 1875 MHz
2026/09/28 08:38:17.839, 7, 75313 MiB, 100 %, 570.47 W, 1965 MHz
2026/09/28 08:38:18.840, 0, 75313 MiB, 100 %, 501.64 W, 1425 MHz
2026/09/28 08:38:18.843, 1, 75313 MiB, 100 %, 585.96 W, 1965 MHz
2026/09/28 08:38:18.843, 2, 75313 MiB, 100 %, 583.11 W, 1950 MHz
2026/09/28 08:38:18.844, 3, 75313 MiB, 100 %, 583.00 W, 1965 MHz
2026/09/28 08:38:18.846, 4, 75313 MiB, 100 %, 562.55 W, 1965 MHz
2026/09/28 08:38:18.847, 5, 75313 MiB, 100 %, 565.26 W, 1965 MHz
2026/09/28 08:38:18.848, 6, 75313 MiB, 100 %, 594.49 W, 1965 MHz
2026/09/28 08:38:18.851, 7, 75313 MiB, 100 %, 552.50 W, 1980 MHz
2026/09/28 08:38:19.852, 0, 75313 MiB, 100 %, 456.86 W, 1845 MHz
2026/09/28 08:38:19.853, 1, 75313 MiB, 100 %, 485.39 W, 1980 MHz
2026/09/28 08:38:19.853, 2, 75313 MiB, 100 %, 486.42 W, 1980 MHz
2026/09/28 08:38:19.854, 3, 75313 MiB, 100 %, 477.24 W, 1980 MHz
2026/09/28 08:38:19.855, 4, 75313 MiB, 100 %, 475.98 W, 1980 MHz
2026/09/28 08:38:19.855, 5, 75313 MiB, 100 %, 470.88 W, 1980 MHz
2026/09/28 08:38:19.856, 6, 75313 MiB, 100 %, 499.28 W, 1980 MHz
2026/09/28 08:38:19.857, 7, 75313 MiB, 100 %, 449.54 W, 1980 MHz
2026/09/28 08:38:20.857, 0, 75313 MiB, 100 %, 484.10 W, 1635 MHz
2026/09/28 08:38:20.858, 1, 75313 MiB, 100 %, 519.59 W, 1980 MHz
2026/09/28 08:38:20.859, 2, 75313 MiB, 100 %, 525.61 W, 1980 MHz
2026/09/28 08:38:20.860, 3, 75313 MiB, 100 %, 520.08 W, 1980 MHz
2026/09/28 08:38:20.861, 4, 75313 MiB, 100 %, 502.37 W, 1980 MHz
2026/09/28 08:38:20.862, 5, 75313 MiB, 100 %, 513.03 W, 1980 MHz
2026/09/28 08:38:20.862, 6, 75313 MiB, 100 %, 542.04 W, 1980 MHz
2026/09/28 08:38:20.863, 7, 75313 MiB, 100 %, 493.86 W, 1980 MHz
2026/09/28 08:38:21.864, 0, 75313 MiB, 100 %, 502.81 W, 1470 MHz
2026/09/28 08:38:21.865, 1, 75313 MiB, 100 %, 552.64 W, 1980 MHz
2026/09/28 08:38:21.866, 2, 75313 MiB, 100 %, 556.74 W, 1965 MHz
2026/09/28 08:38:21.867, 3, 75313 MiB, 100 %, 542.76 W, 1980 MHz
2026/09/28 08:38:21.867, 4, 75313 MiB, 100 %, 523.79 W, 1980 MHz
2026/09/28 08:38:21.868, 5, 75313 MiB, 100 %, 545.76 W, 1980 MHz
2026/09/28 08:38:21.869, 6, 75313 MiB, 100 %, 567.90 W, 1965 MHz
2026/09/28 08:38:21.869, 7, 75313 MiB, 100 %, 529.64 W, 1980 MHz
2026/09/28 08:38:22.870, 0, 75313 MiB, 100 %, 514.29 W, 1590 MHz
2026/09/28 08:38:22.871, 1, 75313 MiB, 100 %, 560.77 W, 1965 MHz
2026/09/28 08:38:22.872, 2, 75313 MiB, 100 %, 582.71 W, 1965 MHz
2026/09/28 08:38:22.873, 3, 75313 MiB, 100 %, 572.27 W, 1965 MHz
2026/09/28 08:38:22.873, 4, 75313 MiB, 100 %, 562.24 W, 1935 MHz
2026/09/28 08:38:22.874, 5, 75313 MiB, 100 %, 565.48 W, 1980 MHz
2026/09/28 08:38:22.875, 6, 75313 MiB, 100 %, 596.21 W, 1965 MHz
2026/09/28 08:38:22.875, 7, 75313 MiB, 100 %, 538.15 W, 1980 MHz
2026/09/28 08:38:23.876, 0, 75313 MiB, 100 %, 556.49 W, 1815 MHz
2026/09/28 08:38:23.877, 1, 75313 MiB, 100 %, 559.19 W, 1965 MHz
2026/09/28 08:38:23.878, 2, 75313 MiB, 100 %, 609.84 W, 1875 MHz
2026/09/28 08:38:23.878, 3, 75313 MiB, 100 %, 603.94 W, 1920 MHz
2026/09/28 08:38:23.879, 4, 75313 MiB, 100 %, 587.86 W, 1965 MHz
2026/09/28 08:38:23.880, 5, 75313 MiB, 100 %, 555.33 W, 1965 MHz
2026/09/28 08:38:23.880, 6, 75313 MiB, 100 %, 635.54 W, 1935 MHz
2026/09/28 08:38:23.881, 7, 75313 MiB, 100 %, 528.51 W, 1965 MHz
2026/09/28 08:38:24.882, 0, 75313 MiB, 100 %, 558.48 W, 1500 MHz
2026/09/28 08:38:24.883, 1, 75313 MiB, 100 %, 606.88 W, 1965 MHz
2026/09/28 08:38:24.883, 2, 75313 MiB, 100 %, 604.62 W, 1950 MHz
2026/09/28 08:38:24.884, 3, 75313 MiB, 100 %, 601.81 W, 1950 MHz
2026/09/28 08:38:24.885, 4, 75313 MiB, 100 %, 572.89 W, 1965 MHz
2026/09/28 08:38:24.885, 5, 75313 MiB, 100 %, 597.13 W, 1965 MHz
2026/09/28 08:38:24.886, 6, 75313 MiB, 100 %, 607.43 W, 1920 MHz
2026/09/28 08:38:24.887, 7, 75313 MiB, 100 %, 567.49 W, 1965 MHz
2026/09/28 08:38:25.887, 0, 75313 MiB, 100 %, 474.25 W, 1215 MHz
2026/09/28 08:38:25.888, 1, 75313 MiB, 100 %, 587.53 W, 1890 MHz
2026/09/28 08:38:25.889, 2, 75313 MiB, 100 %, 591.45 W, 1935 MHz
2026/09/28 08:38:25.890, 3, 75313 MiB, 100 %, 587.17 W, 1875 MHz
2026/09/28 08:38:25.890, 4, 75313 MiB, 100 %, 577.60 W, 1965 MHz
2026/09/28 08:38:25.891, 5, 75313 MiB, 100 %, 581.87 W, 1965 MHz
2026/09/28 08:38:25.892, 6, 75313 MiB, 100 %, 595.82 W, 1965 MHz
2026/09/28 08:38:25.892, 7, 75313 MiB, 100 %, 568.18 W, 1965 MHz
2026/09/28 08:38:26.893, 0, 75313 MiB, 100 %, 592.69 W, 1440 MHz
2026/09/28 08:38:26.894, 1, 75313 MiB, 100 %, 608.81 W, 1890 MHz
2026/09/28 08:38:26.895, 2, 75313 MiB, 100 %, 611.38 W, 1905 MHz
2026/09/28 08:38:26.896, 3, 75313 MiB, 100 %, 607.61 W, 1965 MHz
2026/09/28 08:38:26.896, 4, 75313 MiB, 100 %, 591.18 W, 1965 MHz
2026/09/28 08:38:26.897, 5, 75313 MiB, 100 %, 613.59 W, 1935 MHz
2026/09/28 08:38:26.898, 6, 75313 MiB, 100 %, 620.36 W, 1965 MHz
2026/09/28 08:38:26.898, 7, 75313 MiB, 100 %, 574.88 W, 1965 MHz
2026/09/28 08:38:27.899, 0, 75313 MiB, 100 %, 468.34 W, 1260 MHz
2026/09/28 08:38:27.900, 1, 75313 MiB, 100 %, 589.78 W, 1950 MHz
2026/09/28 08:38:27.901, 2, 75313 MiB, 100 %, 595.06 W, 1965 MHz
2026/09/28 08:38:27.901, 3, 75313 MiB, 100 %, 597.86 W, 1890 MHz
2026/09/28 08:38:27.902, 4, 75313 MiB, 100 %, 580.73 W, 1830 MHz
2026/09/28 08:38:27.903, 5, 75313 MiB, 100 %, 583.69 W, 1890 MHz
2026/09/28 08:38:27.903, 6, 75313 MiB, 100 %, 599.44 W, 1875 MHz
2026/09/28 08:38:27.904, 7, 75313 MiB, 100 %, 568.46 W, 1890 MHz
2026/09/28 08:38:28.905, 0, 75313 MiB, 100 %, 428.38 W, 1065 MHz
2026/09/28 08:38:28.906, 1, 75313 MiB, 100 %, 576.21 W, 1875 MHz
2026/09/28 08:38:28.907, 2, 75313 MiB, 100 %, 575.72 W, 1755 MHz
2026/09/28 08:38:28.907, 3, 75313 MiB, 100 %, 575.69 W, 1965 MHz
2026/09/28 08:38:28.908, 4, 75313 MiB, 100 %, 550.80 W, 1950 MHz
2026/09/28 08:38:28.909, 5, 75313 MiB, 100 %, 570.15 W, 1965 MHz
2026/09/28 08:38:28.910, 6, 75313 MiB, 100 %, 576.81 W, 1965 MHz
2026/09/28 08:38:28.910, 7, 75313 MiB, 100 %, 573.52 W, 1920 MHz
2026/09/28 08:38:29.911, 0, 75313 MiB, 100 %, 511.23 W, 1830 MHz
2026/09/28 08:38:29.912, 1, 75313 MiB, 100 %, 521.13 W, 1980 MHz
2026/09/28 08:38:29.913, 2, 75313 MiB, 100 %, 520.08 W, 1980 MHz
2026/09/28 08:38:29.914, 3, 75313 MiB, 100 %, 512.71 W, 1980 MHz
2026/09/28 08:38:29.914, 4, 75313 MiB, 100 %, 487.92 W, 1980 MHz
2026/09/28 08:38:29.915, 5, 75313 MiB, 100 %, 517.26 W, 1980 MHz
2026/09/28 08:38:29.916, 6, 75313 MiB, 100 %, 527.00 W, 1980 MHz
2026/09/28 08:38:29.916, 7, 75313 MiB, 100 %, 496.85 W, 1980 MHz
2026/09/28 08:38:30.917, 0, 75313 MiB, 100 %, 506.86 W, 1740 MHz
2026/09/28 08:38:30.918, 1, 75313 MiB, 100 %, 514.36 W, 1980 MHz
2026/09/28 08:38:30.919, 2, 75313 MiB, 100 %, 527.23 W, 1980 MHz
2026/09/28 08:38:30.920, 3, 75313 MiB, 100 %, 495.90 W, 1980 MHz
2026/09/28 08:38:30.920, 4, 75313 MiB, 100 %, 486.27 W, 1980 MHz
2026/09/28 08:38:30.921, 5, 75313 MiB, 100 %, 507.33 W, 1980 MHz
2026/09/28 08:38:30.922, 6, 75313 MiB, 100 %, 538.77 W, 1980 MHz
2026/09/28 08:38:30.922, 7, 75313 MiB, 100 %, 494.01 W, 1980 MHz
2026/09/28 08:38:31.923, 0, 75313 MiB, 100 %, 467.57 W, 1455 MHz
2026/09/28 08:38:31.924, 1, 75313 MiB, 100 %, 535.91 W, 1980 MHz
2026/09/28 08:38:31.925, 2, 75313 MiB, 100 %, 555.68 W, 1980 MHz
2026/09/28 08:38:31.926, 3, 75313 MiB, 100 %, 541.23 W, 1965 MHz
2026/09/28 08:38:31.926, 4, 75313 MiB, 100 %, 526.68 W, 1980 MHz
2026/09/28 08:38:31.927, 5, 75313 MiB, 100 %, 523.05 W, 1980 MHz
2026/09/28 08:38:31.928, 6, 75313 MiB, 100 %, 550.37 W, 1980 MHz
2026/09/28 08:38:31.928, 7, 75313 MiB, 100 %, 511.39 W, 1980 MHz
2026/09/28 08:38:32.929, 0, 75313 MiB, 100 %, 475.21 W, 1425 MHz
2026/09/28 08:38:32.930, 1, 75313 MiB, 100 %, 553.37 W, 1980 MHz
2026/09/28 08:38:32.931, 2, 75313 MiB, 100 %, 562.57 W, 1965 MHz
2026/09/28 08:38:32.931, 3, 75313 MiB, 100 %, 545.33 W, 1965 MHz
2026/09/28 08:38:32.932, 4, 75313 MiB, 100 %, 543.05 W, 1980 MHz
2026/09/28 08:38:32.933, 5, 75313 MiB, 100 %, 545.97 W, 1980 MHz
2026/09/28 08:38:32.934, 6, 75313 MiB, 100 %, 579.79 W, 1965 MHz
2026/09/28 08:38:32.934, 7, 75313 MiB, 100 %, 510.91 W, 1980 MHz
2026/09/28 08:38:33.935, 0, 75313 MiB, 100 %, 491.49 W, 1650 MHz
2026/09/28 08:38:33.936, 1, 75313 MiB, 100 %, 544.76 W, 1980 MHz
2026/09/28 08:38:33.937, 2, 75313 MiB, 100 %, 590.84 W, 1980 MHz
2026/09/28 08:38:33.937, 3, 75313 MiB, 100 %, 569.11 W, 1935 MHz
2026/09/28 08:38:33.938, 4, 75313 MiB, 100 %, 575.32 W, 1980 MHz
2026/09/28 08:38:33.939, 5, 75313 MiB, 100 %, 555.22 W, 1965 MHz
2026/09/28 08:38:33.940, 6, 75313 MiB, 100 %, 605.55 W, 1965 MHz
2026/09/28 08:38:33.940, 7, 75313 MiB, 100 %, 532.26 W, 1965 MHz
2026/09/28 08:38:34.941, 0, 75313 MiB, 100 %, 520.20 W, 1410 MHz
2026/09/28 08:38:34.942, 1, 75313 MiB, 100 %, 596.48 W, 1980 MHz
2026/09/28 08:38:34.943, 2, 75313 MiB, 100 %, 603.93 W, 1920 MHz
2026/09/28 08:38:34.943, 3, 75313 MiB, 100 %, 584.45 W, 1965 MHz
2026/09/28 08:38:34.944, 4, 75313 MiB, 100 %, 568.70 W, 1935 MHz
2026/09/28 08:38:34.945, 5, 75313 MiB, 100 %, 589.98 W, 1980 MHz
2026/09/28 08:38:34.945, 6, 75313 MiB, 100 %, 604.57 W, 1920 MHz
2026/09/28 08:38:34.946, 7, 75313 MiB, 100 %, 561.17 W, 1965 MHz
2026/09/28 08:38:35.947, 0, 75313 MiB, 100 %, 544.86 W, 1755 MHz
2026/09/28 08:38:35.948, 1, 75313 MiB, 100 %, 606.93 W, 1950 MHz
2026/09/28 08:38:35.948, 2, 75313 MiB, 100 %, 589.84 W, 1965 MHz
2026/09/28 08:38:35.949, 3, 75313 MiB, 100 %, 593.19 W, 1935 MHz
2026/09/28 08:38:35.950, 4, 75313 MiB, 100 %, 553.48 W, 1980 MHz
2026/09/28 08:38:35.951, 5, 75313 MiB, 100 %, 606.35 W, 1845 MHz
2026/09/28 08:38:35.951, 6, 75313 MiB, 100 %, 591.16 W, 1965 MHz
2026/09/28 08:38:35.952, 7, 75313 MiB, 100 %, 584.10 W, 1965 MHz
2026/09/28 08:38:36.953, 0, 75313 MiB, 100 %, 520.93 W, 1170 MHz
2026/09/28 08:38:36.954, 1, 75313 MiB, 100 %, 606.12 W, 1845 MHz
2026/09/28 08:38:36.954, 2, 75313 MiB, 100 %, 597.66 W, 1965 MHz
2026/09/28 08:38:36.955, 3, 75313 MiB, 100 %, 600.25 W, 1950 MHz
2026/09/28 08:38:36.956, 4, 75313 MiB, 100 %, 574.71 W, 1965 MHz
2026/09/28 08:38:36.957, 5, 75313 MiB, 100 %, 592.24 W, 1905 MHz
2026/09/28 08:38:36.957, 6, 75313 MiB, 100 %, 596.72 W, 1965 MHz
2026/09/28 08:38:36.958, 7, 75313 MiB, 100 %, 587.17 W, 1890 MHz
2026/09/28 08:38:37.959, 0, 75313 MiB, 100 %, 426.45 W, 1230 MHz
2026/09/28 08:38:37.960, 1, 75313 MiB, 100 %, 584.27 W, 1965 MHz
2026/09/28 08:38:37.960, 2, 75313 MiB, 100 %, 576.14 W, 1905 MHz
2026/09/28 08:38:37.961, 3, 75313 MiB, 100 %, 580.90 W, 1965 MHz
2026/09/28 08:38:37.962, 4, 75313 MiB, 100 %, 562.48 W, 1965 MHz
2026/09/28 08:38:37.963, 5, 75313 MiB, 100 %, 573.77 W, 1965 MHz
2026/09/28 08:38:37.963, 6, 75313 MiB, 100 %, 586.87 W, 1965 MHz
2026/09/28 08:38:37.964, 7, 75313 MiB, 100 %, 568.60 W, 1950 MHz
2026/09/28 08:38:38.965, 0, 75313 MiB, 100 %, 474.63 W, 1830 MHz
2026/09/28 08:38:38.966, 1, 75313 MiB, 100 %, 598.00 W, 1740 MHz
2026/09/28 08:38:38.967, 2, 75313 MiB, 100 %, 606.71 W, 1860 MHz
2026/09/28 08:38:38.967, 3, 75313 MiB, 100 %, 595.69 W, 1875 MHz
2026/09/28 08:38:38.968, 4, 75313 MiB, 100 %, 593.47 W, 1935 MHz
2026/09/28 08:38:38.969, 5, 75313 MiB, 100 %, 597.20 W, 1845 MHz
2026/09/28 08:38:38.969, 6, 75313 MiB, 100 %, 594.46 W, 1800 MHz
2026/09/28 08:38:38.970, 7, 75313 MiB, 100 %, 575.49 W, 1965 MHz
2026/09/28 08:38:39.971, 0, 75313 MiB, 100 %, 577.85 W, 1905 MHz
2026/09/28 08:38:39.972, 1, 75313 MiB, 100 %, 589.66 W, 1965 MHz
2026/09/28 08:38:39.972, 2, 75313 MiB, 100 %, 593.91 W, 1965 MHz
2026/09/28 08:38:39.973, 3, 75313 MiB, 100 %, 607.85 W, 1965 MHz
2026/09/28 08:38:39.974, 4, 75313 MiB, 100 %, 579.55 W, 1965 MHz
2026/09/28 08:38:39.974, 5, 75313 MiB, 96 %, 586.62 W, 1965 MHz
2026/09/28 08:38:39.975, 6, 75313 MiB, 95 %, 597.02 W, 1965 MHz
2026/09/28 08:38:39.976, 7, 75313 MiB, 100 %, 566.58 W, 1965 MHz
2026/09/28 08:38:40.977, 0, 75313 MiB, 100 %, 557.58 W, 1965 MHz
2026/09/28 08:38:40.978, 1, 75313 MiB, 100 %, 506.51 W, 1980 MHz
2026/09/28 08:38:40.978, 2, 75313 MiB, 96 %, 518.05 W, 1980 MHz
2026/09/28 08:38:40.979, 3, 75313 MiB, 100 %, 511.08 W, 1980 MHz
2026/09/28 08:38:40.980, 4, 75313 MiB, 100 %, 493.17 W, 1980 MHz
2026/09/28 08:38:40.980, 5, 75313 MiB, 100 %, 506.20 W, 1980 MHz
2026/09/28 08:38:40.981, 6, 75313 MiB, 96 %, 519.94 W, 1980 MHz
2026/09/28 08:38:40.982, 7, 75313 MiB, 100 %, 491.32 W, 1980 MHz
2026/09/28 08:38:41.982, 0, 75313 MiB, 100 %, 425.37 W, 1980 MHz
2026/09/28 08:38:41.983, 1, 75313 MiB, 100 %, 362.86 W, 1980 MHz
2026/09/28 08:38:41.984, 2, 75313 MiB, 94 %, 376.56 W, 1980 MHz
2026/09/28 08:38:41.985, 3, 75313 MiB, 100 %, 381.41 W, 1980 MHz
2026/09/28 08:38:41.985, 4, 75313 MiB, 99 %, 352.84 W, 1980 MHz
2026/09/28 08:38:41.986, 5, 75313 MiB, 100 %, 346.87 W, 1980 MHz
2026/09/28 08:38:41.987, 6, 75313 MiB, 95 %, 387.07 W, 1980 MHz
2026/09/28 08:38:41.987, 7, 75313 MiB, 100 %, 353.30 W, 1980 MHz
