timestamp, index, memory.used [MiB], utilization.gpu [%], power.draw [W], clocks.current.sm [MHz]
2026/09/27 19:11:20.309, 0, 79641 MiB, 0 %, 169.17 W, 1980 MHz
2026/09/27 19:11:20.317, 1, 79641 MiB, 0 %, 122.66 W, 1980 MHz
2026/09/27 19:11:20.323, 2, 79641 MiB, 0 %, 118.31 W, 1980 MHz
2026/09/27 19:11:20.328, 3, 79641 MiB, 0 %, 119.95 W, 1980 MHz
2026/09/27 19:11:20.334, 4, 79641 MiB, 0 %, 119.22 W, 1980 MHz
2026/09/27 19:11:20.339, 5, 79641 MiB, 0 %, 118.42 W, 1980 MHz
2026/09/27 19:11:20.345, 6, 79641 MiB, 0 %, 118.97 W, 1980 MHz
2026/09/27 19:11:20.350, 7, 79641 MiB, 0 %, 118.41 W, 1980 MHz
2026/09/27 19:11:21.356, 0, 79641 MiB, 0 %, 169.15 W, 1980 MHz
2026/09/27 19:11:21.356, 1, 79641 MiB, 0 %, 122.66 W, 1980 MHz
2026/09/27 19:11:21.357, 2, 79641 MiB, 0 %, 118.27 W, 1980 MHz
2026/09/27 19:11:21.358, 3, 79641 MiB, 0 %, 119.93 W, 1980 MHz
2026/09/27 19:11:21.358, 4, 79641 MiB, 0 %, 119.26 W, 1980 MHz
2026/09/27 19:11:21.359, 5, 79641 MiB, 0 %, 118.41 W, 1980 MHz
2026/09/27 19:11:21.360, 6, 79641 MiB, 0 %, 118.94 W, 1980 MHz
2026/09/27 19:11:21.360, 7, 79641 MiB, 0 %, 118.32 W, 1980 MHz
2026/09/27 19:11:22.361, 0, 79641 MiB, 0 %, 169.07 W, 1980 MHz
2026/09/27 19:11:22.362, 1, 79641 MiB, 0 %, 122.65 W, 1980 MHz
2026/09/27 19:11:22.362, 2, 79641 MiB, 0 %, 118.28 W, 1980 MHz
2026/09/27 19:11:22.363, 3, 79641 MiB, 0 %, 119.86 W, 1980 MHz
2026/09/27 19:11:22.364, 4, 79641 MiB, 0 %, 119.23 W, 1980 MHz
2026/09/27 19:11:22.364, 5, 79641 MiB, 0 %, 118.41 W, 1980 MHz
2026/09/27 19:11:22.365, 6, 79641 MiB, 0 %, 118.89 W, 1980 MHz
2026/09/27 19:11:22.366, 7, 79641 MiB, 0 %, 118.25 W, 1980 MHz
2026/09/27 19:11:23.366, 0, 79641 MiB, 0 %, 169.10 W, 1980 MHz
2026/09/27 19:11:23.370, 1, 79641 MiB, 0 %, 122.65 W, 1980 MHz
2026/09/27 19:11:23.371, 2, 79641 MiB, 0 %, 118.34 W, 1980 MHz
2026/09/27 19:11:23.372, 3, 79641 MiB, 0 %, 119.89 W, 1980 MHz
2026/09/27 19:11:23.373, 4, 79641 MiB, 0 %, 119.26 W, 1980 MHz
2026/09/27 19:11:23.374, 5, 79641 MiB, 0 %, 118.37 W, 1980 MHz
2026/09/27 19:11:23.375, 6, 79641 MiB, 0 %, 118.90 W, 1980 MHz
2026/09/27 19:11:23.376, 7, 79641 MiB, 0 %, 118.28 W, 1980 MHz
2026/09/27 19:11:24.376, 0, 79641 MiB, 0 %, 169.07 W, 1980 MHz
2026/09/27 19:11:24.377, 1, 79641 MiB, 0 %, 122.60 W, 1980 MHz
2026/09/27 19:11:24.378, 2, 79641 MiB, 0 %, 118.36 W, 1980 MHz
2026/09/27 19:11:24.379, 3, 79641 MiB, 0 %, 119.89 W, 1980 MHz
2026/09/27 19:11:24.379, 4, 79641 MiB, 0 %, 119.18 W, 1980 MHz
2026/09/27 19:11:24.380, 5, 79641 MiB, 0 %, 118.38 W, 1980 MHz
2026/09/27 19:11:24.381, 6, 79641 MiB, 0 %, 118.91 W, 1980 MHz
2026/09/27 19:11:24.381, 7, 79641 MiB, 0 %, 118.20 W, 1980 MHz
2026/09/27 19:11:25.382, 0, 79641 MiB, 0 %, 168.99 W, 1980 MHz
2026/09/27 19:11:25.383, 1, 79641 MiB, 0 %, 122.59 W, 1980 MHz
2026/09/27 19:11:25.384, 2, 79641 MiB, 0 %, 118.33 W, 1980 MHz
2026/09/27 19:11:25.385, 3, 79641 MiB, 0 %, 119.82 W, 1980 MHz
2026/09/27 19:11:25.385, 4, 79641 MiB, 0 %, 119.18 W, 1980 MHz
2026/09/27 19:11:25.386, 5, 79641 MiB, 0 %, 118.44 W, 1980 MHz
2026/09/27 19:11:25.387, 6, 79641 MiB, 0 %, 118.87 W, 1980 MHz
2026/09/27 19:11:25.387, 7, 79641 MiB, 0 %, 118.15 W, 1980 MHz
2026/09/27 19:11:26.388, 0, 79641 MiB, 0 %, 168.98 W, 1980 MHz
2026/09/27 19:11:26.389, 1, 79641 MiB, 0 %, 122.63 W, 1980 MHz
2026/09/27 19:11:26.390, 2, 79641 MiB, 0 %, 118.34 W, 1980 MHz
2026/09/27 19:11:26.391, 3, 79641 MiB, 0 %, 119.83 W, 1980 MHz
2026/09/27 19:11:26.391, 4, 79641 MiB, 0 %, 119.09 W, 1980 MHz
2026/09/27 19:11:26.392, 5, 79641 MiB, 0 %, 118.38 W, 1980 MHz
2026/09/27 19:11:26.392, 6, 79641 MiB, 0 %, 118.87 W, 1980 MHz
2026/09/27 19:11:26.393, 7, 79641 MiB, 0 %, 118.25 W, 1980 MHz
2026/09/27 19:11:27.394, 0, 79641 MiB, 0 %, 168.93 W, 1980 MHz
2026/09/27 19:11:27.395, 1, 79641 MiB, 0 %, 122.64 W, 1980 MHz
2026/09/27 19:11:27.396, 2, 79641 MiB, 0 %, 118.29 W, 1980 MHz
2026/09/27 19:11:27.396, 3, 79641 MiB, 0 %, 119.83 W, 1980 MHz
2026/09/27 19:11:27.397, 4, 79641 MiB, 0 %, 119.19 W, 1980 MHz
2026/09/27 19:11:27.398, 5, 79641 MiB, 0 %, 118.34 W, 1980 MHz
2026/09/27 19:11:27.398, 6, 79641 MiB, 0 %, 118.91 W, 1980 MHz
2026/09/27 19:11:27.399, 7, 79641 MiB, 0 %, 118.29 W, 1980 MHz
2026/09/27 19:11:28.400, 0, 79641 MiB, 0 %, 168.90 W, 1980 MHz
2026/09/27 19:11:28.401, 1, 79641 MiB, 0 %, 122.63 W, 1980 MHz
2026/09/27 19:11:28.401, 2, 79641 MiB, 0 %, 118.27 W, 1980 MHz
2026/09/27 19:11:28.402, 3, 79641 MiB, 0 %, 119.86 W, 1980 MHz
2026/09/27 19:11:28.403, 4, 79641 MiB, 0 %, 119.18 W, 1980 MHz
2026/09/27 19:11:28.403, 5, 79641 MiB, 0 %, 118.35 W, 1980 MHz
2026/09/27 19:11:28.404, 6, 79641 MiB, 0 %, 118.90 W, 1980 MHz
2026/09/27 19:11:28.404, 7, 79641 MiB, 0 %, 118.25 W, 1980 MHz
2026/09/27 19:11:29.405, 0, 79641 MiB, 0 %, 168.88 W, 1980 MHz
2026/09/27 19:11:29.406, 1, 79641 MiB, 0 %, 122.61 W, 1980 MHz
2026/09/27 19:11:29.407, 2, 79641 MiB, 0 %, 118.29 W, 1980 MHz
2026/09/27 19:11:29.407, 3, 79641 MiB, 0 %, 119.81 W, 1980 MHz
2026/09/27 19:11:29.408, 4, 79641 MiB, 0 %, 119.22 W, 1980 MHz
2026/09/27 19:11:29.408, 5, 79641 MiB, 0 %, 118.36 W, 1980 MHz
2026/09/27 19:11:29.409, 6, 79641 MiB, 0 %, 118.91 W, 1980 MHz
2026/09/27 19:11:29.410, 7, 79641 MiB, 0 %, 118.25 W, 1980 MHz
2026/09/27 19:11:30.410, 0, 79641 MiB, 0 %, 168.90 W, 1980 MHz
2026/09/27 19:11:30.411, 1, 79641 MiB, 0 %, 122.57 W, 1980 MHz
2026/09/27 19:11:30.412, 2, 79641 MiB, 0 %, 118.26 W, 1980 MHz
2026/09/27 19:11:30.413, 3, 79641 MiB, 0 %, 119.91 W, 1980 MHz
2026/09/27 19:11:30.413, 4, 79641 MiB, 0 %, 119.24 W, 1980 MHz
2026/09/27 19:11:30.414, 5, 79641 MiB, 0 %, 118.34 W, 1980 MHz
2026/09/27 19:11:30.415, 6, 79641 MiB, 0 %, 118.96 W, 1980 MHz
2026/09/27 19:11:30.415, 7, 79641 MiB, 0 %, 118.31 W, 1980 MHz
2026/09/27 19:11:31.416, 0, 79641 MiB, 0 %, 168.84 W, 1980 MHz
2026/09/27 19:11:31.417, 1, 79641 MiB, 0 %, 122.60 W, 1980 MHz
2026/09/27 19:11:31.418, 2, 79641 MiB, 0 %, 118.29 W, 1980 MHz
2026/09/27 19:11:31.419, 3, 79641 MiB, 0 %, 119.88 W, 1980 MHz
2026/09/27 19:11:31.419, 4, 79641 MiB, 0 %, 119.20 W, 1980 MHz
2026/09/27 19:11:31.420, 5, 79641 MiB, 0 %, 118.37 W, 1980 MHz
2026/09/27 19:11:31.421, 6, 79641 MiB, 0 %, 118.94 W, 1980 MHz
2026/09/27 19:11:31.421, 7, 79641 MiB, 0 %, 118.32 W, 1980 MHz
2026/09/27 19:11:32.422, 0, 79641 MiB, 0 %, 168.80 W, 1980 MHz
2026/09/27 19:11:32.423, 1, 79641 MiB, 0 %, 122.62 W, 1980 MHz
2026/09/27 19:11:32.424, 2, 79641 MiB, 0 %, 118.32 W, 1980 MHz
2026/09/27 19:11:32.424, 3, 79641 MiB, 0 %, 119.84 W, 1980 MHz
2026/09/27 19:11:32.425, 4, 79641 MiB, 0 %, 119.18 W, 1980 MHz
2026/09/27 19:11:32.426, 5, 79641 MiB, 0 %, 118.38 W, 1980 MHz
2026/09/27 19:11:32.426, 6, 79641 MiB, 0 %, 118.99 W, 1980 MHz
2026/09/27 19:11:32.427, 7, 79641 MiB, 0 %, 118.39 W, 1980 MHz
2026/09/27 19:11:33.428, 0, 79641 MiB, 0 %, 168.72 W, 1980 MHz
2026/09/27 19:11:33.429, 1, 79641 MiB, 0 %, 122.60 W, 1980 MHz
2026/09/27 19:11:33.429, 2, 79641 MiB, 0 %, 118.28 W, 1980 MHz
2026/09/27 19:11:33.430, 3, 79641 MiB, 0 %, 119.87 W, 1980 MHz
2026/09/27 19:11:33.431, 4, 79641 MiB, 0 %, 119.19 W, 1980 MHz
2026/09/27 19:11:33.431, 5, 79641 MiB, 0 %, 118.38 W, 1980 MHz
2026/09/27 19:11:33.432, 6, 79641 MiB, 0 %, 119.04 W, 1980 MHz
2026/09/27 19:11:33.433, 7, 79641 MiB, 0 %, 118.47 W, 1980 MHz
2026/09/27 19:11:34.433, 0, 79641 MiB, 0 %, 168.65 W, 1980 MHz
2026/09/27 19:11:34.434, 1, 79641 MiB, 0 %, 122.65 W, 1980 MHz
2026/09/27 19:11:34.435, 2, 79641 MiB, 0 %, 118.29 W, 1980 MHz
2026/09/27 19:11:34.435, 3, 79641 MiB, 0 %, 119.89 W, 1980 MHz
2026/09/27 19:11:34.436, 4, 79641 MiB, 0 %, 119.23 W, 1980 MHz
2026/09/27 19:11:34.437, 5, 79641 MiB, 0 %, 118.30 W, 1980 MHz
2026/09/27 19:11:34.437, 6, 79641 MiB, 0 %, 118.96 W, 1980 MHz
2026/09/27 19:11:34.438, 7, 79641 MiB, 0 %, 118.41 W, 1980 MHz
2026/09/27 19:11:35.439, 0, 79641 MiB, 0 %, 168.69 W, 1980 MHz
2026/09/27 19:11:35.440, 1, 79641 MiB, 0 %, 122.66 W, 1980 MHz
2026/09/27 19:11:35.440, 2, 79641 MiB, 0 %, 118.29 W, 1980 MHz
2026/09/27 19:11:35.441, 3, 79641 MiB, 0 %, 119.88 W, 1980 MHz
2026/09/27 19:11:35.442, 4, 79641 MiB, 0 %, 119.29 W, 1980 MHz
2026/09/27 19:11:35.443, 5, 79641 MiB, 0 %, 118.33 W, 1980 MHz
2026/09/27 19:11:35.443, 6, 79641 MiB, 0 %, 118.99 W, 1980 MHz
2026/09/27 19:11:35.444, 7, 79641 MiB, 0 %, 118.35 W, 1980 MHz
2026/09/27 19:11:36.445, 0, 79641 MiB, 0 %, 168.64 W, 1980 MHz
2026/09/27 19:11:36.446, 1, 79641 MiB, 0 %, 122.59 W, 1980 MHz
2026/09/27 19:11:36.446, 2, 79641 MiB, 0 %, 118.29 W, 1980 MHz
2026/09/27 19:11:36.447, 3, 79641 MiB, 0 %, 119.93 W, 1980 MHz
2026/09/27 19:11:36.448, 4, 79641 MiB, 0 %, 119.26 W, 1980 MHz
2026/09/27 19:11:36.448, 5, 79641 MiB, 0 %, 118.38 W, 1980 MHz
2026/09/27 19:11:36.449, 6, 79641 MiB, 0 %, 118.89 W, 1980 MHz
2026/09/27 19:11:36.450, 7, 79641 MiB, 0 %, 118.31 W, 1980 MHz
2026/09/27 19:11:37.450, 0, 79641 MiB, 0 %, 168.61 W, 1980 MHz
2026/09/27 19:11:37.451, 1, 79641 MiB, 0 %, 122.55 W, 1980 MHz
2026/09/27 19:11:37.452, 2, 79641 MiB, 0 %, 118.32 W, 1980 MHz
2026/09/27 19:11:37.452, 3, 79641 MiB, 0 %, 119.86 W, 1980 MHz
2026/09/27 19:11:37.453, 4, 79641 MiB, 0 %, 119.30 W, 1980 MHz
2026/09/27 19:11:37.454, 5, 79641 MiB, 0 %, 118.40 W, 1980 MHz
2026/09/27 19:11:37.454, 6, 79641 MiB, 0 %, 118.93 W, 1980 MHz
2026/09/27 19:11:37.455, 7, 79641 MiB, 0 %, 118.24 W, 1980 MHz
2026/09/27 19:11:38.456, 0, 79641 MiB, 0 %, 168.52 W, 1980 MHz
2026/09/27 19:11:38.457, 1, 79641 MiB, 0 %, 122.55 W, 1980 MHz
2026/09/27 19:11:38.457, 2, 79641 MiB, 0 %, 118.30 W, 1980 MHz
2026/09/27 19:11:38.458, 3, 79641 MiB, 0 %, 119.90 W, 1980 MHz
2026/09/27 19:11:38.459, 4, 79641 MiB, 0 %, 119.24 W, 1980 MHz
2026/09/27 19:11:38.459, 5, 79641 MiB, 0 %, 118.30 W, 1980 MHz
2026/09/27 19:11:38.460, 6, 79641 MiB, 0 %, 118.94 W, 1980 MHz
2026/09/27 19:11:38.460, 7, 79641 MiB, 0 %, 118.28 W, 1980 MHz
2026/09/27 19:11:39.461, 0, 79641 MiB, 0 %, 168.55 W, 1980 MHz
2026/09/27 19:11:39.462, 1, 79641 MiB, 0 %, 122.57 W, 1980 MHz
2026/09/27 19:11:39.463, 2, 79641 MiB, 0 %, 118.26 W, 1980 MHz
2026/09/27 19:11:39.463, 3, 79641 MiB, 0 %, 119.84 W, 1980 MHz
2026/09/27 19:11:39.464, 4, 79641 MiB, 0 %, 119.22 W, 1980 MHz
2026/09/27 19:11:39.465, 5, 79641 MiB, 0 %, 118.37 W, 1980 MHz
2026/09/27 19:11:39.465, 6, 79641 MiB, 0 %, 118.92 W, 1980 MHz
2026/09/27 19:11:39.466, 7, 79641 MiB, 0 %, 118.32 W, 1980 MHz
2026/09/27 19:11:40.467, 0, 79641 MiB, 0 %, 168.49 W, 1980 MHz
2026/09/27 19:11:40.468, 1, 79641 MiB, 0 %, 122.56 W, 1980 MHz
2026/09/27 19:11:40.468, 2, 79641 MiB, 0 %, 118.29 W, 1980 MHz
2026/09/27 19:11:40.469, 3, 79641 MiB, 0 %, 119.88 W, 1980 MHz
2026/09/27 19:11:40.469, 4, 79641 MiB, 0 %, 119.20 W, 1980 MHz
2026/09/27 19:11:40.470, 5, 79641 MiB, 0 %, 118.32 W, 1980 MHz
2026/09/27 19:11:40.471, 6, 79641 MiB, 0 %, 118.84 W, 1980 MHz
2026/09/27 19:11:40.471, 7, 79641 MiB, 0 %, 118.25 W, 1980 MHz
2026/09/27 19:11:41.472, 0, 79641 MiB, 0 %, 168.41 W, 1980 MHz
2026/09/27 19:11:41.473, 1, 79641 MiB, 0 %, 122.60 W, 1980 MHz
2026/09/27 19:11:41.474, 2, 79641 MiB, 0 %, 118.30 W, 1980 MHz
2026/09/27 19:11:41.474, 3, 79641 MiB, 0 %, 119.82 W, 1980 MHz
2026/09/27 19:11:41.475, 4, 79641 MiB, 0 %, 119.20 W, 1980 MHz
2026/09/27 19:11:41.476, 5, 79641 MiB, 0 %, 118.27 W, 1980 MHz
2026/09/27 19:11:41.476, 6, 79641 MiB, 0 %, 118.82 W, 1980 MHz
2026/09/27 19:11:41.477, 7, 79641 MiB, 0 %, 118.28 W, 1980 MHz
2026/09/27 19:11:42.478, 0, 79641 MiB, 0 %, 168.42 W, 1980 MHz
2026/09/27 19:11:42.478, 1, 79641 MiB, 0 %, 122.53 W, 1980 MHz
2026/09/27 19:11:42.479, 2, 79641 MiB, 0 %, 118.29 W, 1980 MHz
2026/09/27 19:11:42.480, 3, 79641 MiB, 0 %, 119.89 W, 1980 MHz
2026/09/27 19:11:42.480, 4, 79641 MiB, 0 %, 119.19 W, 1980 MHz
2026/09/27 19:11:42.481, 5, 79641 MiB, 0 %, 118.33 W, 1980 MHz
2026/09/27 19:11:42.482, 6, 79641 MiB, 0 %, 118.84 W, 1980 MHz
2026/09/27 19:11:42.482, 7, 79641 MiB, 0 %, 118.14 W, 1980 MHz
2026/09/27 19:11:43.483, 0, 79641 MiB, 0 %, 168.36 W, 1980 MHz
2026/09/27 19:11:43.484, 1, 79641 MiB, 0 %, 122.55 W, 1980 MHz
2026/09/27 19:11:43.485, 2, 79641 MiB, 0 %, 118.27 W, 1980 MHz
2026/09/27 19:11:43.485, 3, 79641 MiB, 0 %, 119.89 W, 1980 MHz
2026/09/27 19:11:43.486, 4, 79641 MiB, 0 %, 119.15 W, 1980 MHz
2026/09/27 19:11:43.487, 5, 79641 MiB, 0 %, 118.33 W, 1980 MHz
2026/09/27 19:11:43.487, 6, 79641 MiB, 0 %, 118.88 W, 1980 MHz
2026/09/27 19:11:43.488, 7, 79641 MiB, 0 %, 118.14 W, 1980 MHz
2026/09/27 19:11:44.489, 0, 79641 MiB, 0 %, 168.37 W, 1980 MHz
2026/09/27 19:11:44.489, 1, 79641 MiB, 0 %, 122.50 W, 1980 MHz
2026/09/27 19:11:44.490, 2, 79641 MiB, 0 %, 118.27 W, 1980 MHz
2026/09/27 19:11:44.491, 3, 79641 MiB, 0 %, 119.79 W, 1980 MHz
2026/09/27 19:11:44.491, 4, 79641 MiB, 0 %, 119.16 W, 1980 MHz
2026/09/27 19:11:44.492, 5, 79641 MiB, 0 %, 118.29 W, 1980 MHz
2026/09/27 19:11:44.493, 6, 79641 MiB, 0 %, 118.85 W, 1980 MHz
2026/09/27 19:11:44.493, 7, 79641 MiB, 0 %, 118.21 W, 1980 MHz
2026/09/27 19:11:45.494, 0, 79641 MiB, 0 %, 168.31 W, 1980 MHz
2026/09/27 19:11:45.495, 1, 79641 MiB, 0 %, 122.54 W, 1980 MHz
2026/09/27 19:11:45.495, 2, 79641 MiB, 0 %, 118.22 W, 1980 MHz
2026/09/27 19:11:45.496, 3, 79641 MiB, 0 %, 119.86 W, 1980 MHz
2026/09/27 19:11:45.497, 4, 79641 MiB, 0 %, 119.13 W, 1980 MHz
2026/09/27 19:11:45.497, 5, 79641 MiB, 0 %, 118.32 W, 1980 MHz
2026/09/27 19:11:45.498, 6, 79641 MiB, 0 %, 118.88 W, 1980 MHz
2026/09/27 19:11:45.499, 7, 79641 MiB, 0 %, 118.26 W, 1980 MHz
2026/09/27 19:11:46.499, 0, 79641 MiB, 0 %, 168.23 W, 1980 MHz
2026/09/27 19:11:46.500, 1, 79641 MiB, 0 %, 122.47 W, 1980 MHz
2026/09/27 19:11:46.501, 2, 79641 MiB, 0 %, 118.22 W, 1980 MHz
2026/09/27 19:11:46.502, 3, 79641 MiB, 0 %, 119.83 W, 1980 MHz
2026/09/27 19:11:46.502, 4, 79641 MiB, 0 %, 119.23 W, 1980 MHz
2026/09/27 19:11:46.503, 5, 79641 MiB, 0 %, 118.33 W, 1980 MHz
2026/09/27 19:11:46.504, 6, 79641 MiB, 0 %, 118.86 W, 1980 MHz
2026/09/27 19:11:46.504, 7, 79641 MiB, 0 %, 118.26 W, 1980 MHz
2026/09/27 19:11:47.505, 0, 79641 MiB, 0 %, 168.19 W, 1980 MHz
2026/09/27 19:11:47.506, 1, 79641 MiB, 0 %, 122.51 W, 1980 MHz
2026/09/27 19:11:47.506, 2, 79641 MiB, 0 %, 118.29 W, 1980 MHz
2026/09/27 19:11:47.507, 3, 79641 MiB, 0 %, 119.87 W, 1980 MHz
2026/09/27 19:11:47.508, 4, 79641 MiB, 0 %, 119.17 W, 1980 MHz
2026/09/27 19:11:47.508, 5, 79641 MiB, 0 %, 118.32 W, 1980 MHz
2026/09/27 19:11:47.509, 6, 79641 MiB, 0 %, 118.79 W, 1980 MHz
2026/09/27 19:11:47.510, 7, 79641 MiB, 0 %, 118.27 W, 1980 MHz
2026/09/27 19:11:48.510, 0, 79641 MiB, 0 %, 168.17 W, 1980 MHz
2026/09/27 19:11:48.511, 1, 79641 MiB, 0 %, 122.51 W, 1980 MHz
2026/09/27 19:11:48.512, 2, 79641 MiB, 0 %, 118.26 W, 1980 MHz
2026/09/27 19:11:48.513, 3, 79641 MiB, 0 %, 119.87 W, 1980 MHz
2026/09/27 19:11:48.513, 4, 79641 MiB, 0 %, 119.15 W, 1980 MHz
2026/09/27 19:11:48.514, 5, 79641 MiB, 0 %, 118.34 W, 1980 MHz
2026/09/27 19:11:48.515, 6, 79641 MiB, 0 %, 118.85 W, 1980 MHz
2026/09/27 19:11:48.515, 7, 79641 MiB, 0 %, 118.20 W, 1980 MHz
2026/09/27 19:11:49.516, 0, 79641 MiB, 100 %, 408.71 W, 1980 MHz
2026/09/27 19:11:49.517, 1, 79641 MiB, 100 %, 374.20 W, 1980 MHz
2026/09/27 19:11:49.518, 2, 79641 MiB, 100 %, 343.39 W, 1980 MHz
2026/09/27 19:11:49.519, 3, 79641 MiB, 100 %, 344.22 W, 1980 MHz
2026/09/27 19:11:49.520, 4, 79641 MiB, 100 %, 370.98 W, 1980 MHz
2026/09/27 19:11:49.520, 5, 79641 MiB, 100 %, 371.48 W, 1980 MHz
2026/09/27 19:11:49.521, 6, 79641 MiB, 100 %, 361.08 W, 1980 MHz
2026/09/27 19:11:49.522, 7, 79641 MiB, 100 %, 365.75 W, 1980 MHz
2026/09/27 19:11:50.522, 0, 79641 MiB, 100 %, 603.39 W, 1980 MHz
2026/09/27 19:11:50.523, 1, 79641 MiB, 100 %, 539.73 W, 1980 MHz
2026/09/27 19:11:50.524, 2, 79641 MiB, 100 %, 527.44 W, 1980 MHz
2026/09/27 19:11:50.525, 3, 79641 MiB, 100 %, 533.02 W, 1980 MHz
2026/09/27 19:11:50.526, 4, 79641 MiB, 100 %, 517.42 W, 1980 MHz
2026/09/27 19:11:50.526, 5, 79641 MiB, 100 %, 530.13 W, 1980 MHz
2026/09/27 19:11:50.527, 6, 79641 MiB, 100 %, 535.60 W, 1980 MHz
2026/09/27 19:11:50.528, 7, 79641 MiB, 100 %, 517.77 W, 1980 MHz
2026/09/27 19:11:51.528, 0, 79641 MiB, 100 %, 599.16 W, 1980 MHz
2026/09/27 19:11:51.529, 1, 79641 MiB, 100 %, 534.79 W, 1980 MHz
2026/09/27 19:11:51.530, 2, 79641 MiB, 100 %, 525.65 W, 1980 MHz
2026/09/27 19:11:51.531, 3, 79641 MiB, 100 %, 531.75 W, 1980 MHz
2026/09/27 19:11:51.532, 4, 79641 MiB, 100 %, 523.67 W, 1980 MHz
2026/09/27 19:11:51.532, 5, 79641 MiB, 100 %, 535.69 W, 1980 MHz
2026/09/27 19:11:51.533, 6, 79641 MiB, 100 %, 541.31 W, 1980 MHz
2026/09/27 19:11:51.534, 7, 79641 MiB, 100 %, 522.42 W, 1980 MHz
2026/09/27 19:11:52.534, 0, 79641 MiB, 100 %, 603.85 W, 1980 MHz
2026/09/27 19:11:52.535, 1, 79641 MiB, 100 %, 544.74 W, 1980 MHz
2026/09/27 19:11:52.536, 2, 79641 MiB, 100 %, 538.92 W, 1980 MHz
2026/09/27 19:11:52.537, 3, 79641 MiB, 100 %, 538.85 W, 1980 MHz
2026/09/27 19:11:52.538, 4, 79641 MiB, 100 %, 531.87 W, 1980 MHz
2026/09/27 19:11:52.538, 5, 79641 MiB, 100 %, 549.15 W, 1980 MHz
2026/09/27 19:11:52.539, 6, 79641 MiB, 100 %, 549.33 W, 1980 MHz
2026/09/27 19:11:52.540, 7, 79641 MiB, 100 %, 537.02 W, 1980 MHz
2026/09/27 19:11:53.540, 0, 79641 MiB, 100 %, 593.43 W, 1980 MHz
2026/09/27 19:11:53.541, 1, 79641 MiB, 100 %, 540.78 W, 1980 MHz
2026/09/27 19:11:53.542, 2, 79641 MiB, 100 %, 526.60 W, 1980 MHz
2026/09/27 19:11:53.543, 3, 79641 MiB, 100 %, 524.51 W, 1980 MHz
2026/09/27 19:11:53.543, 4, 79641 MiB, 100 %, 523.55 W, 1980 MHz
2026/09/27 19:11:53.544, 5, 79641 MiB, 100 %, 537.91 W, 1980 MHz
2026/09/27 19:11:53.545, 6, 79641 MiB, 100 %, 529.20 W, 1980 MHz
2026/09/27 19:11:53.545, 7, 79641 MiB, 100 %, 512.59 W, 1980 MHz
2026/09/27 19:11:54.546, 0, 79641 MiB, 100 %, 599.20 W, 1980 MHz
2026/09/27 19:11:54.547, 1, 79641 MiB, 100 %, 538.42 W, 1980 MHz
2026/09/27 19:11:54.548, 2, 79641 MiB, 100 %, 524.39 W, 1980 MHz
2026/09/27 19:11:54.548, 3, 79641 MiB, 100 %, 532.14 W, 1980 MHz
2026/09/27 19:11:54.549, 4, 79641 MiB, 100 %, 526.75 W, 1980 MHz
2026/09/27 19:11:54.550, 5, 79641 MiB, 100 %, 542.82 W, 1980 MHz
2026/09/27 19:11:54.550, 6, 79641 MiB, 100 %, 538.60 W, 1980 MHz
2026/09/27 19:11:54.551, 7, 79641 MiB, 100 %, 528.75 W, 1980 MHz
2026/09/27 19:11:55.552, 0, 79641 MiB, 100 %, 611.00 W, 1980 MHz
2026/09/27 19:11:55.553, 1, 79641 MiB, 100 %, 549.82 W, 1980 MHz
2026/09/27 19:11:55.554, 2, 79641 MiB, 100 %, 548.72 W, 1980 MHz
2026/09/27 19:11:55.554, 3, 79641 MiB, 100 %, 537.61 W, 1980 MHz
2026/09/27 19:11:55.555, 4, 79641 MiB, 100 %, 531.17 W, 1980 MHz
2026/09/27 19:11:55.556, 5, 79641 MiB, 100 %, 554.76 W, 1980 MHz
2026/09/27 19:11:55.556, 6, 79641 MiB, 100 %, 549.64 W, 1980 MHz
2026/09/27 19:11:55.557, 7, 79641 MiB, 100 %, 536.36 W, 1980 MHz
2026/09/27 19:11:56.558, 0, 79641 MiB, 100 %, 602.42 W, 1980 MHz
2026/09/27 19:11:56.559, 1, 79641 MiB, 100 %, 530.78 W, 1980 MHz
2026/09/27 19:11:56.559, 2, 79641 MiB, 100 %, 526.61 W, 1980 MHz
2026/09/27 19:11:56.560, 3, 79641 MiB, 100 %, 526.29 W, 1980 MHz
2026/09/27 19:11:56.561, 4, 79641 MiB, 100 %, 519.30 W, 1980 MHz
2026/09/27 19:11:56.562, 5, 79641 MiB, 100 %, 536.76 W, 1980 MHz
2026/09/27 19:11:56.562, 6, 79641 MiB, 100 %, 533.10 W, 1980 MHz
2026/09/27 19:11:56.563, 7, 79641 MiB, 100 %, 515.29 W, 1980 MHz
2026/09/27 19:11:57.564, 0, 79641 MiB, 100 %, 598.69 W, 1980 MHz
2026/09/27 19:11:57.565, 1, 79641 MiB, 100 %, 550.35 W, 1980 MHz
2026/09/27 19:11:57.565, 2, 79641 MiB, 100 %, 528.60 W, 1980 MHz
2026/09/27 19:11:57.566, 3, 79641 MiB, 100 %, 542.14 W, 1980 MHz
2026/09/27 19:11:57.567, 4, 79641 MiB, 100 %, 534.03 W, 1980 MHz
2026/09/27 19:11:57.567, 5, 79641 MiB, 100 %, 547.89 W, 1980 MHz
2026/09/27 19:11:57.568, 6, 79641 MiB, 100 %, 538.99 W, 1980 MHz
2026/09/27 19:11:57.569, 7, 79641 MiB, 100 %, 525.32 W, 1980 MHz
2026/09/27 19:11:58.570, 0, 79641 MiB, 100 %, 601.95 W, 1980 MHz
2026/09/27 19:11:58.571, 1, 79641 MiB, 100 %, 546.88 W, 1980 MHz
2026/09/27 19:11:58.571, 2, 79641 MiB, 100 %, 540.07 W, 1980 MHz
2026/09/27 19:11:58.572, 3, 79641 MiB, 100 %, 540.01 W, 1980 MHz
2026/09/27 19:11:58.573, 4, 79641 MiB, 100 %, 532.65 W, 1980 MHz
2026/09/27 19:11:58.574, 5, 79641 MiB, 100 %, 543.16 W, 1980 MHz
2026/09/27 19:11:58.574, 6, 79641 MiB, 100 %, 536.80 W, 1980 MHz
2026/09/27 19:11:58.575, 7, 79641 MiB, 100 %, 530.71 W, 1980 MHz
2026/09/27 19:11:59.576, 0, 79641 MiB, 100 %, 613.04 W, 1980 MHz
2026/09/27 19:11:59.577, 1, 79641 MiB, 100 %, 541.74 W, 1980 MHz
2026/09/27 19:11:59.577, 2, 79641 MiB, 100 %, 541.22 W, 1980 MHz
2026/09/27 19:11:59.578, 3, 79641 MiB, 100 %, 535.81 W, 1980 MHz
2026/09/27 19:11:59.579, 4, 79641 MiB, 100 %, 538.88 W, 1980 MHz
2026/09/27 19:11:59.579, 5, 79641 MiB, 100 %, 553.31 W, 1980 MHz
2026/09/27 19:11:59.580, 6, 79641 MiB, 100 %, 545.13 W, 1980 MHz
2026/09/27 19:11:59.581, 7, 79641 MiB, 100 %, 529.53 W, 1980 MHz
2026/09/27 19:12:00.582, 0, 79641 MiB, 100 %, 603.21 W, 1980 MHz
2026/09/27 19:12:00.583, 1, 79641 MiB, 100 %, 538.64 W, 1980 MHz
2026/09/27 19:12:00.584, 2, 79641 MiB, 100 %, 540.55 W, 1980 MHz
2026/09/27 19:12:00.585, 3, 79641 MiB, 100 %, 531.67 W, 1980 MHz
2026/09/27 19:12:00.585, 4, 79641 MiB, 100 %, 527.66 W, 1980 MHz
2026/09/27 19:12:00.586, 5, 79641 MiB, 100 %, 539.45 W, 1980 MHz
2026/09/27 19:12:00.587, 6, 79641 MiB, 100 %, 527.50 W, 1980 MHz
2026/09/27 19:12:00.587, 7, 79641 MiB, 100 %, 532.35 W, 1980 MHz
2026/09/27 19:12:01.588, 0, 79641 MiB, 100 %, 613.13 W, 1980 MHz
2026/09/27 19:12:01.589, 1, 79641 MiB, 100 %, 538.30 W, 1980 MHz
2026/09/27 19:12:01.590, 2, 79641 MiB, 100 %, 537.17 W, 1980 MHz
2026/09/27 19:12:01.591, 3, 79641 MiB, 100 %, 530.53 W, 1980 MHz
2026/09/27 19:12:01.592, 4, 79641 MiB, 100 %, 527.23 W, 1980 MHz
2026/09/27 19:12:01.593, 5, 79641 MiB, 100 %, 548.80 W, 1980 MHz
2026/09/27 19:12:01.593, 6, 79641 MiB, 100 %, 552.49 W, 1980 MHz
2026/09/27 19:12:01.594, 7, 79641 MiB, 100 %, 526.59 W, 1980 MHz
2026/09/27 19:12:02.595, 0, 79641 MiB, 100 %, 619.25 W, 1980 MHz
2026/09/27 19:12:02.596, 1, 79641 MiB, 100 %, 555.26 W, 1980 MHz
2026/09/27 19:12:02.596, 2, 79641 MiB, 100 %, 556.32 W, 1980 MHz
2026/09/27 19:12:02.597, 3, 79641 MiB, 100 %, 548.61 W, 1980 MHz
2026/09/27 19:12:02.598, 4, 79641 MiB, 100 %, 541.71 W, 1980 MHz
2026/09/27 19:12:02.598, 5, 79641 MiB, 100 %, 562.89 W, 1980 MHz
2026/09/27 19:12:02.599, 6, 79641 MiB, 100 %, 555.64 W, 1980 MHz
2026/09/27 19:12:02.600, 7, 79641 MiB, 100 %, 541.64 W, 1980 MHz
2026/09/27 19:12:03.600, 0, 79641 MiB, 100 %, 599.95 W, 1980 MHz
2026/09/27 19:12:03.601, 1, 79641 MiB, 100 %, 537.45 W, 1980 MHz
2026/09/27 19:12:03.602, 2, 79641 MiB, 100 %, 531.25 W, 1980 MHz
2026/09/27 19:12:03.603, 3, 79641 MiB, 100 %, 520.80 W, 1980 MHz
2026/09/27 19:12:03.603, 4, 79641 MiB, 100 %, 527.31 W, 1980 MHz
2026/09/27 19:12:03.604, 5, 79641 MiB, 100 %, 536.52 W, 1980 MHz
2026/09/27 19:12:03.605, 6, 79641 MiB, 100 %, 529.04 W, 1980 MHz
2026/09/27 19:12:03.605, 7, 79641 MiB, 100 %, 522.21 W, 1980 MHz
2026/09/27 19:12:04.606, 0, 79641 MiB, 100 %, 615.10 W, 1980 MHz
2026/09/27 19:12:04.607, 1, 79641 MiB, 100 %, 540.29 W, 1980 MHz
2026/09/27 19:12:04.608, 2, 79641 MiB, 100 %, 544.41 W, 1980 MHz
2026/09/27 19:12:04.608, 3, 79641 MiB, 100 %, 534.96 W, 1980 MHz
2026/09/27 19:12:04.609, 4, 79641 MiB, 100 %, 533.81 W, 1980 MHz
2026/09/27 19:12:04.610, 5, 79641 MiB, 100 %, 557.01 W, 1980 MHz
2026/09/27 19:12:04.611, 6, 79641 MiB, 100 %, 547.74 W, 1980 MHz
2026/09/27 19:12:04.611, 7, 79641 MiB, 100 %, 536.51 W, 1980 MHz
2026/09/27 19:12:05.612, 0, 79641 MiB, 100 %, 576.52 W, 1920 MHz
2026/09/27 19:12:05.613, 1, 79641 MiB, 100 %, 543.21 W, 1980 MHz
2026/09/27 19:12:05.614, 2, 79641 MiB, 100 %, 539.33 W, 1980 MHz
2026/09/27 19:12:05.615, 3, 79641 MiB, 100 %, 536.76 W, 1980 MHz
2026/09/27 19:12:05.615, 4, 79641 MiB, 100 %, 523.74 W, 1980 MHz
2026/09/27 19:12:05.616, 5, 79641 MiB, 100 %, 551.36 W, 1980 MHz
2026/09/27 19:12:05.617, 6, 79641 MiB, 100 %, 542.72 W, 1980 MHz
2026/09/27 19:12:05.617, 7, 79641 MiB, 100 %, 541.19 W, 1980 MHz
2026/09/27 19:12:06.618, 0, 79641 MiB, 100 %, 571.66 W, 1950 MHz
2026/09/27 19:12:06.619, 1, 79641 MiB, 100 %, 539.35 W, 1980 MHz
2026/09/27 19:12:06.620, 2, 79641 MiB, 100 %, 537.42 W, 1980 MHz
2026/09/27 19:12:06.620, 3, 79641 MiB, 100 %, 526.26 W, 1980 MHz
2026/09/27 19:12:06.621, 4, 79641 MiB, 100 %, 522.60 W, 1980 MHz
2026/09/27 19:12:06.622, 5, 79641 MiB, 100 %, 547.45 W, 1980 MHz
2026/09/27 19:12:06.623, 6, 79641 MiB, 100 %, 541.47 W, 1980 MHz
2026/09/27 19:12:06.623, 7, 79641 MiB, 100 %, 531.66 W, 1980 MHz
2026/09/27 19:12:07.624, 0, 79641 MiB, 100 %, 592.07 W, 1815 MHz
2026/09/27 19:12:07.625, 1, 79641 MiB, 100 %, 542.70 W, 1980 MHz
2026/09/27 19:12:07.626, 2, 79641 MiB, 100 %, 535.92 W, 1980 MHz
2026/09/27 19:12:07.626, 3, 79641 MiB, 100 %, 530.52 W, 1980 MHz
2026/09/27 19:12:07.627, 4, 79641 MiB, 100 %, 521.20 W, 1980 MHz
2026/09/27 19:12:07.628, 5, 79641 MiB, 100 %, 548.05 W, 1980 MHz
2026/09/27 19:12:07.629, 6, 79641 MiB, 100 %, 547.54 W, 1980 MHz
2026/09/27 19:12:07.629, 7, 79641 MiB, 100 %, 528.79 W, 1980 MHz
2026/09/27 19:12:08.630, 0, 79641 MiB, 100 %, 590.33 W, 1860 MHz
2026/09/27 19:12:08.631, 1, 79641 MiB, 100 %, 539.56 W, 1980 MHz
2026/09/27 19:12:08.632, 2, 79641 MiB, 100 %, 541.58 W, 1980 MHz
2026/09/27 19:12:08.633, 3, 79641 MiB, 100 %, 532.87 W, 1980 MHz
2026/09/27 19:12:08.633, 4, 79641 MiB, 100 %, 530.35 W, 1980 MHz
2026/09/27 19:12:08.634, 5, 79641 MiB, 100 %, 547.89 W, 1980 MHz
2026/09/27 19:12:08.635, 6, 79641 MiB, 100 %, 541.53 W, 1980 MHz
2026/09/27 19:12:08.635, 7, 79641 MiB, 100 %, 530.13 W, 1980 MHz
2026/09/27 19:12:09.636, 0, 79641 MiB, 100 %, 589.71 W, 1935 MHz
2026/09/27 19:12:09.637, 1, 79641 MiB, 100 %, 546.68 W, 1980 MHz
2026/09/27 19:12:09.638, 2, 79641 MiB, 100 %, 541.46 W, 1980 MHz
2026/09/27 19:12:09.638, 3, 79641 MiB, 100 %, 536.69 W, 1980 MHz
2026/09/27 19:12:09.639, 4, 79641 MiB, 100 %, 528.93 W, 1980 MHz
2026/09/27 19:12:09.640, 5, 79641 MiB, 100 %, 556.26 W, 1980 MHz
2026/09/27 19:12:09.641, 6, 79641 MiB, 100 %, 547.25 W, 1980 MHz
2026/09/27 19:12:09.641, 7, 79641 MiB, 100 %, 539.98 W, 1980 MHz
2026/09/27 19:12:10.642, 0, 79641 MiB, 100 %, 562.72 W, 1920 MHz
2026/09/27 19:12:10.643, 1, 79641 MiB, 100 %, 534.23 W, 1980 MHz
2026/09/27 19:12:10.644, 2, 79641 MiB, 100 %, 530.49 W, 1980 MHz
2026/09/27 19:12:10.645, 3, 79641 MiB, 100 %, 530.66 W, 1980 MHz
2026/09/27 19:12:10.645, 4, 79641 MiB, 100 %, 517.67 W, 1980 MHz
2026/09/27 19:12:10.646, 5, 79641 MiB, 100 %, 538.60 W, 1980 MHz
2026/09/27 19:12:10.647, 6, 79641 MiB, 100 %, 529.13 W, 1980 MHz
2026/09/27 19:12:10.647, 7, 79641 MiB, 100 %, 523.84 W, 1980 MHz
2026/09/27 19:12:11.648, 0, 79641 MiB, 100 %, 566.57 W, 1905 MHz
2026/09/27 19:12:11.649, 1, 79641 MiB, 100 %, 532.97 W, 1980 MHz
2026/09/27 19:12:11.650, 2, 79641 MiB, 100 %, 531.91 W, 1980 MHz
2026/09/27 19:12:11.650, 3, 79641 MiB, 100 %, 528.98 W, 1980 MHz
2026/09/27 19:12:11.651, 4, 79641 MiB, 100 %, 518.21 W, 1980 MHz
2026/09/27 19:12:11.652, 5, 79641 MiB, 100 %, 537.25 W, 1980 MHz
2026/09/27 19:12:11.652, 6, 79641 MiB, 100 %, 539.78 W, 1980 MHz
2026/09/27 19:12:11.653, 7, 79641 MiB, 100 %, 527.79 W, 1980 MHz
2026/09/27 19:12:12.654, 0, 79641 MiB, 100 %, 577.28 W, 1845 MHz
2026/09/27 19:12:12.655, 1, 79641 MiB, 100 %, 548.36 W, 1980 MHz
2026/09/27 19:12:12.656, 2, 79641 MiB, 100 %, 545.43 W, 1980 MHz
2026/09/27 19:12:12.656, 3, 79641 MiB, 100 %, 548.80 W, 1980 MHz
2026/09/27 19:12:12.657, 4, 79641 MiB, 100 %, 528.66 W, 1980 MHz
2026/09/27 19:12:12.658, 5, 79641 MiB, 100 %, 558.74 W, 1980 MHz
2026/09/27 19:12:12.659, 6, 79641 MiB, 100 %, 550.37 W, 1980 MHz
2026/09/27 19:12:12.659, 7, 79641 MiB, 100 %, 538.88 W, 1980 MHz
2026/09/27 19:12:13.660, 0, 79641 MiB, 100 %, 563.37 W, 1920 MHz
2026/09/27 19:12:13.661, 1, 79641 MiB, 100 %, 540.17 W, 1980 MHz
2026/09/27 19:12:13.661, 2, 79641 MiB, 100 %, 532.62 W, 1980 MHz
2026/09/27 19:12:13.662, 3, 79641 MiB, 100 %, 527.45 W, 1980 MHz
2026/09/27 19:12:13.663, 4, 79641 MiB, 100 %, 521.48 W, 1980 MHz
2026/09/27 19:12:13.663, 5, 79641 MiB, 100 %, 543.11 W, 1980 MHz
2026/09/27 19:12:13.664, 6, 79641 MiB, 100 %, 544.96 W, 1980 MHz
2026/09/27 19:12:13.665, 7, 79641 MiB, 100 %, 530.12 W, 1980 MHz
2026/09/27 19:12:14.665, 0, 79641 MiB, 100 %, 572.67 W, 1905 MHz
2026/09/27 19:12:14.667, 1, 79641 MiB, 100 %, 535.20 W, 1980 MHz
2026/09/27 19:12:14.668, 2, 79641 MiB, 100 %, 525.40 W, 1980 MHz
2026/09/27 19:12:14.670, 3, 79641 MiB, 100 %, 533.65 W, 1980 MHz
2026/09/27 19:12:14.670, 4, 79641 MiB, 100 %, 523.39 W, 1980 MHz
2026/09/27 19:12:14.671, 5, 79641 MiB, 100 %, 537.96 W, 1980 MHz
2026/09/27 19:12:14.672, 6, 79641 MiB, 100 %, 549.66 W, 1980 MHz
2026/09/27 19:12:14.672, 7, 79641 MiB, 100 %, 522.53 W, 1980 MHz
2026/09/27 19:12:15.673, 0, 79641 MiB, 100 %, 572.88 W, 1935 MHz
2026/09/27 19:12:15.674, 1, 79641 MiB, 100 %, 563.52 W, 1980 MHz
2026/09/27 19:12:15.675, 2, 79641 MiB, 100 %, 546.60 W, 1980 MHz
2026/09/27 19:12:15.675, 3, 79641 MiB, 100 %, 539.11 W, 1980 MHz
2026/09/27 19:12:15.676, 4, 79641 MiB, 100 %, 534.45 W, 1980 MHz
2026/09/27 19:12:15.677, 5, 79641 MiB, 100 %, 557.02 W, 1980 MHz
2026/09/27 19:12:15.677, 6, 79641 MiB, 100 %, 547.84 W, 1980 MHz
2026/09/27 19:12:15.678, 7, 79641 MiB, 100 %, 537.83 W, 1980 MHz
2026/09/27 19:12:16.679, 0, 79641 MiB, 100 %, 553.19 W, 1965 MHz
2026/09/27 19:12:16.680, 1, 79641 MiB, 100 %, 526.82 W, 1980 MHz
2026/09/27 19:12:16.681, 2, 79641 MiB, 100 %, 513.32 W, 1980 MHz
2026/09/27 19:12:16.683, 3, 79641 MiB, 100 %, 513.55 W, 1980 MHz
2026/09/27 19:12:16.685, 4, 79641 MiB, 100 %, 508.12 W, 1980 MHz
2026/09/27 19:12:16.686, 5, 79641 MiB, 100 %, 520.38 W, 1980 MHz
2026/09/27 19:12:16.688, 6, 79641 MiB, 100 %, 517.95 W, 1980 MHz
2026/09/27 19:12:16.689, 7, 79641 MiB, 100 %, 517.32 W, 1980 MHz
2026/09/27 19:12:17.690, 0, 79641 MiB, 100 %, 388.45 W, 1980 MHz
2026/09/27 19:12:17.691, 1, 79641 MiB, 100 %, 323.19 W, 1980 MHz
2026/09/27 19:12:17.692, 2, 79641 MiB, 100 %, 318.81 W, 1980 MHz
2026/09/27 19:12:17.693, 3, 79641 MiB, 100 %, 322.64 W, 1980 MHz
2026/09/27 19:12:17.693, 4, 79641 MiB, 100 %, 320.61 W, 1980 MHz
2026/09/27 19:12:17.694, 5, 79641 MiB, 100 %, 321.01 W, 1980 MHz
2026/09/27 19:12:17.695, 6, 79641 MiB, 100 %, 327.96 W, 1980 MHz
2026/09/27 19:12:17.695, 7, 79641 MiB, 100 %, 317.54 W, 1980 MHz
2026/09/27 19:12:18.696, 0, 79641 MiB, 100 %, 388.87 W, 1980 MHz
2026/09/27 19:12:18.697, 1, 79641 MiB, 100 %, 325.67 W, 1980 MHz
2026/09/27 19:12:18.698, 2, 79641 MiB, 100 %, 319.39 W, 1980 MHz
2026/09/27 19:12:18.698, 3, 79641 MiB, 100 %, 319.89 W, 1980 MHz
2026/09/27 19:12:18.699, 4, 79641 MiB, 100 %, 321.34 W, 1980 MHz
2026/09/27 19:12:18.700, 5, 79641 MiB, 100 %, 317.97 W, 1980 MHz
2026/09/27 19:12:18.700, 6, 79641 MiB, 100 %, 327.11 W, 1980 MHz
2026/09/27 19:12:18.701, 7, 79641 MiB, 100 %, 315.53 W, 1980 MHz
2026/09/27 19:12:19.702, 0, 79641 MiB, 100 %, 567.62 W, 1875 MHz
2026/09/27 19:12:19.703, 1, 79641 MiB, 100 %, 501.41 W, 1980 MHz
2026/09/27 19:12:19.703, 2, 79641 MiB, 100 %, 516.02 W, 1980 MHz
2026/09/27 19:12:19.704, 3, 79641 MiB, 100 %, 502.34 W, 1980 MHz
2026/09/27 19:12:19.705, 4, 79641 MiB, 100 %, 495.85 W, 1980 MHz
2026/09/27 19:12:19.705, 5, 79641 MiB, 100 %, 524.18 W, 1980 MHz
2026/09/27 19:12:19.706, 6, 79641 MiB, 100 %, 510.58 W, 1980 MHz
2026/09/27 19:12:19.707, 7, 79641 MiB, 100 %, 502.21 W, 1980 MHz
2026/09/27 19:12:20.707, 0, 79641 MiB, 100 %, 566.47 W, 1950 MHz
2026/09/27 19:12:20.708, 1, 79641 MiB, 100 %, 531.52 W, 1980 MHz
2026/09/27 19:12:20.709, 2, 79641 MiB, 100 %, 532.40 W, 1980 MHz
2026/09/27 19:12:20.709, 3, 79641 MiB, 100 %, 524.79 W, 1980 MHz
2026/09/27 19:12:20.710, 4, 79641 MiB, 100 %, 525.70 W, 1980 MHz
2026/09/27 19:12:20.711, 5, 79641 MiB, 100 %, 552.08 W, 1980 MHz
2026/09/27 19:12:20.711, 6, 79641 MiB, 100 %, 548.73 W, 1980 MHz
2026/09/27 19:12:20.712, 7, 79641 MiB, 100 %, 522.83 W, 1980 MHz
2026/09/27 19:12:21.713, 0, 79641 MiB, 100 %, 564.65 W, 1845 MHz
2026/09/27 19:12:21.714, 1, 79641 MiB, 100 %, 553.38 W, 1980 MHz
2026/09/27 19:12:21.714, 2, 79641 MiB, 100 %, 547.97 W, 1980 MHz
2026/09/27 19:12:21.715, 3, 79641 MiB, 100 %, 537.40 W, 1980 MHz
2026/09/27 19:12:21.716, 4, 79641 MiB, 100 %, 540.28 W, 1980 MHz
2026/09/27 19:12:21.717, 5, 79641 MiB, 100 %, 545.10 W, 1980 MHz
2026/09/27 19:12:21.717, 6, 79641 MiB, 100 %, 546.66 W, 1980 MHz
2026/09/27 19:12:21.718, 7, 79641 MiB, 100 %, 538.20 W, 1980 MHz
2026/09/27 19:12:22.719, 0, 79641 MiB, 100 %, 558.97 W, 1875 MHz
2026/09/27 19:12:22.720, 1, 79641 MiB, 100 %, 538.56 W, 1980 MHz
2026/09/27 19:12:22.720, 2, 79641 MiB, 100 %, 534.47 W, 1980 MHz
2026/09/27 19:12:22.721, 3, 79641 MiB, 100 %, 537.95 W, 1980 MHz
2026/09/27 19:12:22.722, 4, 79641 MiB, 100 %, 522.74 W, 1980 MHz
2026/09/27 19:12:22.723, 5, 79641 MiB, 100 %, 541.76 W, 1980 MHz
2026/09/27 19:12:22.723, 6, 79641 MiB, 100 %, 545.23 W, 1980 MHz
2026/09/27 19:12:22.724, 7, 79641 MiB, 100 %, 530.04 W, 1980 MHz
2026/09/27 19:12:23.725, 0, 79641 MiB, 100 %, 572.65 W, 1905 MHz
2026/09/27 19:12:23.726, 1, 79641 MiB, 100 %, 547.14 W, 1980 MHz
2026/09/27 19:12:23.726, 2, 79641 MiB, 100 %, 538.89 W, 1980 MHz
2026/09/27 19:12:23.727, 3, 79641 MiB, 100 %, 525.75 W, 1980 MHz
2026/09/27 19:12:23.728, 4, 79641 MiB, 100 %, 533.07 W, 1980 MHz
2026/09/27 19:12:23.729, 5, 79641 MiB, 100 %, 545.83 W, 1980 MHz
2026/09/27 19:12:23.729, 6, 79641 MiB, 100 %, 545.15 W, 1980 MHz
2026/09/27 19:12:23.730, 7, 79641 MiB, 100 %, 531.05 W, 1980 MHz
2026/09/27 19:12:24.731, 0, 79641 MiB, 100 %, 573.97 W, 1950 MHz
2026/09/27 19:12:24.732, 1, 79641 MiB, 100 %, 548.04 W, 1980 MHz
2026/09/27 19:12:24.732, 2, 79641 MiB, 100 %, 541.20 W, 1980 MHz
2026/09/27 19:12:24.733, 3, 79641 MiB, 100 %, 542.15 W, 1980 MHz
2026/09/27 19:12:24.734, 4, 79641 MiB, 100 %, 530.47 W, 1980 MHz
2026/09/27 19:12:24.734, 5, 79641 MiB, 100 %, 550.86 W, 1980 MHz
2026/09/27 19:12:24.735, 6, 79641 MiB, 100 %, 545.54 W, 1980 MHz
2026/09/27 19:12:24.736, 7, 79641 MiB, 100 %, 534.84 W, 1980 MHz
2026/09/27 19:12:25.736, 0, 79641 MiB, 100 %, 570.61 W, 1950 MHz
2026/09/27 19:12:25.737, 1, 79641 MiB, 100 %, 552.26 W, 1980 MHz
2026/09/27 19:12:25.738, 2, 79641 MiB, 100 %, 541.63 W, 1980 MHz
2026/09/27 19:12:25.739, 3, 79641 MiB, 100 %, 536.50 W, 1980 MHz
2026/09/27 19:12:25.739, 4, 79641 MiB, 100 %, 537.75 W, 1980 MHz
2026/09/27 19:12:25.740, 5, 79641 MiB, 100 %, 551.57 W, 1980 MHz
2026/09/27 19:12:25.741, 6, 79641 MiB, 100 %, 551.29 W, 1980 MHz
2026/09/27 19:12:25.741, 7, 79641 MiB, 100 %, 533.93 W, 1980 MHz
2026/09/27 19:12:26.742, 0, 79641 MiB, 100 %, 566.81 W, 1845 MHz
2026/09/27 19:12:26.743, 1, 79641 MiB, 100 %, 544.94 W, 1980 MHz
2026/09/27 19:12:26.744, 2, 79641 MiB, 100 %, 534.49 W, 1980 MHz
2026/09/27 19:12:26.744, 3, 79641 MiB, 100 %, 525.66 W, 1980 MHz
2026/09/27 19:12:26.745, 4, 79641 MiB, 100 %, 523.38 W, 1980 MHz
2026/09/27 19:12:26.746, 5, 79641 MiB, 100 %, 550.47 W, 1980 MHz
2026/09/27 19:12:26.746, 6, 79641 MiB, 100 %, 543.31 W, 1980 MHz
2026/09/27 19:12:26.747, 7, 79641 MiB, 100 %, 525.13 W, 1980 MHz
2026/09/27 19:12:27.748, 0, 79641 MiB, 100 %, 554.12 W, 1920 MHz
2026/09/27 19:12:27.748, 1, 79641 MiB, 100 %, 535.55 W, 1980 MHz
2026/09/27 19:12:27.749, 2, 79641 MiB, 100 %, 536.20 W, 1980 MHz
2026/09/27 19:12:27.750, 3, 79641 MiB, 100 %, 526.89 W, 1980 MHz
2026/09/27 19:12:27.751, 4, 79641 MiB, 100 %, 519.23 W, 1980 MHz
2026/09/27 19:12:27.751, 5, 79641 MiB, 100 %, 544.85 W, 1980 MHz
2026/09/27 19:12:27.752, 6, 79641 MiB, 100 %, 538.82 W, 1980 MHz
2026/09/27 19:12:27.753, 7, 79641 MiB, 100 %, 530.72 W, 1980 MHz
2026/09/27 19:12:28.753, 0, 79641 MiB, 100 %, 557.44 W, 1920 MHz
2026/09/27 19:12:28.754, 1, 79641 MiB, 100 %, 546.11 W, 1980 MHz
2026/09/27 19:12:28.755, 2, 79641 MiB, 100 %, 537.68 W, 1980 MHz
2026/09/27 19:12:28.756, 3, 79641 MiB, 100 %, 532.84 W, 1980 MHz
2026/09/27 19:12:28.756, 4, 79641 MiB, 100 %, 529.43 W, 1980 MHz
2026/09/27 19:12:28.757, 5, 79641 MiB, 100 %, 546.75 W, 1980 MHz
2026/09/27 19:12:28.758, 6, 79641 MiB, 100 %, 550.76 W, 1980 MHz
2026/09/27 19:12:28.758, 7, 79641 MiB, 100 %, 540.56 W, 1980 MHz
2026/09/27 19:12:29.759, 0, 79641 MiB, 100 %, 529.27 W, 1785 MHz
2026/09/27 19:12:29.760, 1, 79641 MiB, 100 %, 542.15 W, 1980 MHz
2026/09/27 19:12:29.761, 2, 79641 MiB, 100 %, 537.56 W, 1980 MHz
2026/09/27 19:12:29.762, 3, 79641 MiB, 100 %, 524.92 W, 1980 MHz
2026/09/27 19:12:29.762, 4, 79641 MiB, 100 %, 519.35 W, 1980 MHz
2026/09/27 19:12:29.763, 5, 79641 MiB, 100 %, 544.69 W, 1980 MHz
2026/09/27 19:12:29.764, 6, 79641 MiB, 100 %, 536.61 W, 1980 MHz
2026/09/27 19:12:29.764, 7, 79641 MiB, 100 %, 525.05 W, 1980 MHz
2026/09/27 19:12:30.765, 0, 79641 MiB, 100 %, 538.68 W, 1785 MHz
2026/09/27 19:12:30.766, 1, 79641 MiB, 100 %, 537.29 W, 1980 MHz
2026/09/27 19:12:30.767, 2, 79641 MiB, 100 %, 534.05 W, 1980 MHz
2026/09/27 19:12:30.768, 3, 79641 MiB, 100 %, 523.42 W, 1980 MHz
2026/09/27 19:12:30.768, 4, 79641 MiB, 100 %, 523.24 W, 1980 MHz
2026/09/27 19:12:30.769, 5, 79641 MiB, 100 %, 536.90 W, 1980 MHz
2026/09/27 19:12:30.770, 6, 79641 MiB, 100 %, 534.93 W, 1980 MHz
2026/09/27 19:12:30.770, 7, 79641 MiB, 100 %, 516.15 W, 1980 MHz
2026/09/27 19:12:31.771, 0, 79641 MiB, 100 %, 551.69 W, 1755 MHz
2026/09/27 19:12:31.772, 1, 79641 MiB, 100 %, 541.60 W, 1980 MHz
2026/09/27 19:12:31.773, 2, 79641 MiB, 100 %, 532.66 W, 1980 MHz
2026/09/27 19:12:31.773, 3, 79641 MiB, 100 %, 535.35 W, 1980 MHz
2026/09/27 19:12:31.774, 4, 79641 MiB, 100 %, 531.27 W, 1980 MHz
2026/09/27 19:12:31.775, 5, 79641 MiB, 100 %, 547.70 W, 1980 MHz
2026/09/27 19:12:31.776, 6, 79641 MiB, 100 %, 547.11 W, 1980 MHz
2026/09/27 19:12:31.776, 7, 79641 MiB, 100 %, 535.40 W, 1980 MHz
2026/09/27 19:12:32.777, 0, 79641 MiB, 100 %, 554.01 W, 1920 MHz
2026/09/27 19:12:32.778, 1, 79641 MiB, 100 %, 559.45 W, 1980 MHz
2026/09/27 19:12:32.779, 2, 79641 MiB, 100 %, 545.19 W, 1980 MHz
2026/09/27 19:12:32.779, 3, 79641 MiB, 100 %, 538.38 W, 1980 MHz
2026/09/27 19:12:32.780, 4, 79641 MiB, 100 %, 536.92 W, 1980 MHz
2026/09/27 19:12:32.781, 5, 79641 MiB, 100 %, 558.68 W, 1980 MHz
2026/09/27 19:12:32.781, 6, 79641 MiB, 100 %, 554.82 W, 1980 MHz
2026/09/27 19:12:32.782, 7, 79641 MiB, 100 %, 540.29 W, 1980 MHz
2026/09/27 19:12:33.783, 0, 79641 MiB, 100 %, 510.52 W, 1620 MHz
2026/09/27 19:12:33.784, 1, 79641 MiB, 100 %, 527.10 W, 1980 MHz
2026/09/27 19:12:33.785, 2, 79641 MiB, 100 %, 520.92 W, 1980 MHz
2026/09/27 19:12:33.785, 3, 79641 MiB, 100 %, 513.36 W, 1980 MHz
2026/09/27 19:12:33.786, 4, 79641 MiB, 100 %, 506.94 W, 1980 MHz
2026/09/27 19:12:33.787, 5, 79641 MiB, 100 %, 535.71 W, 1980 MHz
2026/09/27 19:12:33.787, 6, 79641 MiB, 100 %, 519.05 W, 1980 MHz
2026/09/27 19:12:33.788, 7, 79641 MiB, 100 %, 513.39 W, 1980 MHz
2026/09/27 19:12:34.789, 0, 79641 MiB, 100 %, 512.44 W, 1710 MHz
2026/09/27 19:12:34.789, 1, 79641 MiB, 100 %, 534.47 W, 1980 MHz
2026/09/27 19:12:34.790, 2, 79641 MiB, 100 %, 531.90 W, 1980 MHz
2026/09/27 19:12:34.791, 3, 79641 MiB, 100 %, 524.09 W, 1980 MHz
2026/09/27 19:12:34.792, 4, 79641 MiB, 100 %, 518.22 W, 1980 MHz
2026/09/27 19:12:34.792, 5, 79641 MiB, 100 %, 540.64 W, 1980 MHz
2026/09/27 19:12:34.793, 6, 79641 MiB, 100 %, 542.24 W, 1980 MHz
2026/09/27 19:12:34.793, 7, 79641 MiB, 100 %, 516.55 W, 1980 MHz
2026/09/27 19:12:35.794, 0, 79641 MiB, 100 %, 525.02 W, 1680 MHz
2026/09/27 19:12:35.795, 1, 79641 MiB, 100 %, 556.24 W, 1980 MHz
2026/09/27 19:12:35.796, 2, 79641 MiB, 100 %, 537.94 W, 1980 MHz
2026/09/27 19:12:35.796, 3, 79641 MiB, 100 %, 540.24 W, 1980 MHz
2026/09/27 19:12:35.797, 4, 79641 MiB, 100 %, 532.67 W, 1980 MHz
2026/09/27 19:12:35.798, 5, 79641 MiB, 100 %, 548.45 W, 1980 MHz
2026/09/27 19:12:35.798, 6, 79641 MiB, 100 %, 547.36 W, 1980 MHz
2026/09/27 19:12:35.799, 7, 79641 MiB, 100 %, 528.42 W, 1980 MHz
2026/09/27 19:12:36.800, 0, 79641 MiB, 100 %, 540.54 W, 1755 MHz
2026/09/27 19:12:36.801, 1, 79641 MiB, 100 %, 534.98 W, 1980 MHz
2026/09/27 19:12:36.801, 2, 79641 MiB, 100 %, 533.38 W, 1980 MHz
2026/09/27 19:12:36.802, 3, 79641 MiB, 100 %, 525.51 W, 1980 MHz
2026/09/27 19:12:36.803, 4, 79641 MiB, 100 %, 522.61 W, 1980 MHz
2026/09/27 19:12:36.803, 5, 79641 MiB, 100 %, 542.61 W, 1980 MHz
2026/09/27 19:12:36.804, 6, 79641 MiB, 100 %, 540.98 W, 1980 MHz
2026/09/27 19:12:36.805, 7, 79641 MiB, 100 %, 527.33 W, 1980 MHz
2026/09/27 19:12:37.805, 0, 79641 MiB, 100 %, 541.43 W, 1800 MHz
2026/09/27 19:12:37.806, 1, 79641 MiB, 100 %, 540.10 W, 1980 MHz
2026/09/27 19:12:37.807, 2, 79641 MiB, 100 %, 536.46 W, 1980 MHz
2026/09/27 19:12:37.807, 3, 79641 MiB, 100 %, 529.07 W, 1980 MHz
2026/09/27 19:12:37.808, 4, 79641 MiB, 100 %, 515.26 W, 1980 MHz
2026/09/27 19:12:37.809, 5, 79641 MiB, 100 %, 542.37 W, 1980 MHz
2026/09/27 19:12:37.809, 6, 79641 MiB, 100 %, 544.16 W, 1980 MHz
2026/09/27 19:12:37.810, 7, 79641 MiB, 100 %, 523.89 W, 1980 MHz
2026/09/27 19:12:38.811, 0, 79641 MiB, 100 %, 556.38 W, 1890 MHz
2026/09/27 19:12:38.812, 1, 79641 MiB, 100 %, 548.42 W, 1980 MHz
2026/09/27 19:12:38.812, 2, 79641 MiB, 100 %, 545.46 W, 1980 MHz
2026/09/27 19:12:38.813, 3, 79641 MiB, 100 %, 538.43 W, 1980 MHz
2026/09/27 19:12:38.814, 4, 79641 MiB, 100 %, 528.31 W, 1980 MHz
2026/09/27 19:12:38.814, 5, 79641 MiB, 100 %, 548.48 W, 1980 MHz
2026/09/27 19:12:38.815, 6, 79641 MiB, 100 %, 545.18 W, 1980 MHz
2026/09/27 19:12:38.816, 7, 79641 MiB, 100 %, 530.65 W, 1980 MHz
2026/09/27 19:12:39.816, 0, 79641 MiB, 100 %, 541.26 W, 1650 MHz
2026/09/27 19:12:39.817, 1, 79641 MiB, 100 %, 552.00 W, 1980 MHz
2026/09/27 19:12:39.818, 2, 79641 MiB, 100 %, 537.00 W, 1980 MHz
2026/09/27 19:12:39.819, 3, 79641 MiB, 100 %, 540.53 W, 1980 MHz
2026/09/27 19:12:39.819, 4, 79641 MiB, 100 %, 531.22 W, 1980 MHz
2026/09/27 19:12:39.820, 5, 79641 MiB, 100 %, 552.49 W, 1980 MHz
2026/09/27 19:12:39.820, 6, 79641 MiB, 100 %, 544.23 W, 1980 MHz
2026/09/27 19:12:39.821, 7, 79641 MiB, 100 %, 537.66 W, 1980 MHz
2026/09/27 19:12:40.822, 0, 79641 MiB, 100 %, 539.67 W, 1800 MHz
2026/09/27 19:12:40.823, 1, 79641 MiB, 100 %, 532.10 W, 1980 MHz
2026/09/27 19:12:40.824, 2, 79641 MiB, 100 %, 528.61 W, 1980 MHz
2026/09/27 19:12:40.824, 3, 79641 MiB, 100 %, 522.77 W, 1980 MHz
2026/09/27 19:12:40.825, 4, 79641 MiB, 100 %, 515.31 W, 1980 MHz
2026/09/27 19:12:40.826, 5, 79641 MiB, 100 %, 543.33 W, 1980 MHz
2026/09/27 19:12:40.826, 6, 79641 MiB, 100 %, 547.43 W, 1980 MHz
2026/09/27 19:12:40.827, 7, 79641 MiB, 100 %, 522.61 W, 1980 MHz
2026/09/27 19:12:41.828, 0, 79641 MiB, 100 %, 539.91 W, 1920 MHz
2026/09/27 19:12:41.829, 1, 79641 MiB, 100 %, 545.88 W, 1980 MHz
2026/09/27 19:12:41.829, 2, 79641 MiB, 100 %, 540.69 W, 1980 MHz
2026/09/27 19:12:41.830, 3, 79641 MiB, 100 %, 537.20 W, 1980 MHz
2026/09/27 19:12:41.831, 4, 79641 MiB, 100 %, 529.41 W, 1980 MHz
2026/09/27 19:12:41.831, 5, 79641 MiB, 100 %, 539.64 W, 1980 MHz
2026/09/27 19:12:41.832, 6, 79641 MiB, 100 %, 541.17 W, 1980 MHz
2026/09/27 19:12:41.833, 7, 79641 MiB, 100 %, 528.50 W, 1980 MHz
2026/09/27 19:12:42.833, 0, 79641 MiB, 100 %, 557.09 W, 1725 MHz
2026/09/27 19:12:42.834, 1, 79641 MiB, 100 %, 540.82 W, 1980 MHz
2026/09/27 19:12:42.835, 2, 79641 MiB, 100 %, 536.70 W, 1980 MHz
2026/09/27 19:12:42.836, 3, 79641 MiB, 100 %, 535.82 W, 1980 MHz
2026/09/27 19:12:42.836, 4, 79641 MiB, 100 %, 525.23 W, 1980 MHz
2026/09/27 19:12:42.837, 5, 79641 MiB, 100 %, 551.87 W, 1980 MHz
2026/09/27 19:12:42.838, 6, 79641 MiB, 100 %, 546.99 W, 1980 MHz
2026/09/27 19:12:42.838, 7, 79641 MiB, 100 %, 530.65 W, 1980 MHz
2026/09/27 19:12:43.839, 0, 79641 MiB, 100 %, 533.71 W, 1785 MHz
2026/09/27 19:12:43.840, 1, 79641 MiB, 100 %, 542.75 W, 1980 MHz
2026/09/27 19:12:43.841, 2, 79641 MiB, 100 %, 535.69 W, 1980 MHz
2026/09/27 19:12:43.841, 3, 79641 MiB, 100 %, 535.31 W, 1980 MHz
2026/09/27 19:12:43.842, 4, 79641 MiB, 100 %, 526.26 W, 1980 MHz
2026/09/27 19:12:43.843, 5, 79641 MiB, 100 %, 548.09 W, 1980 MHz
2026/09/27 19:12:43.843, 6, 79641 MiB, 100 %, 550.71 W, 1980 MHz
2026/09/27 19:12:43.844, 7, 79641 MiB, 100 %, 534.29 W, 1980 MHz
2026/09/27 19:12:44.845, 0, 79641 MiB, 100 %, 572.23 W, 1935 MHz
2026/09/27 19:12:44.845, 1, 79641 MiB, 100 %, 548.06 W, 1980 MHz
2026/09/27 19:12:44.846, 2, 79641 MiB, 100 %, 547.19 W, 1980 MHz
2026/09/27 19:12:44.847, 3, 79641 MiB, 100 %, 536.94 W, 1980 MHz
2026/09/27 19:12:44.847, 4, 79641 MiB, 100 %, 521.14 W, 1980 MHz
2026/09/27 19:12:44.848, 5, 79641 MiB, 100 %, 543.90 W, 1980 MHz
2026/09/27 19:12:44.849, 6, 79641 MiB, 100 %, 543.51 W, 1980 MHz
2026/09/27 19:12:44.849, 7, 79641 MiB, 100 %, 533.87 W, 1980 MHz
2026/09/27 19:12:45.850, 0, 79641 MiB, 100 %, 575.11 W, 1755 MHz
2026/09/27 19:12:45.851, 1, 79641 MiB, 100 %, 548.16 W, 1980 MHz
2026/09/27 19:12:45.852, 2, 79641 MiB, 100 %, 542.35 W, 1980 MHz
2026/09/27 19:12:45.853, 3, 79641 MiB, 100 %, 538.10 W, 1980 MHz
2026/09/27 19:12:45.853, 4, 79641 MiB, 100 %, 526.75 W, 1980 MHz
2026/09/27 19:12:45.854, 5, 79641 MiB, 100 %, 550.62 W, 1980 MHz
2026/09/27 19:12:45.855, 6, 79641 MiB, 100 %, 553.50 W, 1980 MHz
2026/09/27 19:12:45.855, 7, 79641 MiB, 100 %, 535.53 W, 1980 MHz
2026/09/27 19:12:46.856, 0, 79641 MiB, 100 %, 531.04 W, 1755 MHz
2026/09/27 19:12:46.857, 1, 79641 MiB, 100 %, 548.80 W, 1980 MHz
2026/09/27 19:12:46.858, 2, 79641 MiB, 100 %, 542.02 W, 1980 MHz
2026/09/27 19:12:46.858, 3, 79641 MiB, 100 %, 537.24 W, 1980 MHz
2026/09/27 19:12:46.859, 4, 79641 MiB, 100 %, 533.40 W, 1980 MHz
2026/09/27 19:12:46.860, 5, 79641 MiB, 100 %, 551.18 W, 1980 MHz
2026/09/27 19:12:46.860, 6, 79641 MiB, 100 %, 551.44 W, 1980 MHz
2026/09/27 19:12:46.861, 7, 79641 MiB, 100 %, 538.29 W, 1980 MHz
2026/09/27 19:12:47.862, 0, 79641 MiB, 100 %, 404.35 W, 1980 MHz
2026/09/27 19:12:47.863, 1, 79641 MiB, 100 %, 350.23 W, 1980 MHz
2026/09/27 19:12:47.863, 2, 79641 MiB, 100 %, 353.01 W, 1980 MHz
2026/09/27 19:12:47.864, 3, 79641 MiB, 100 %, 330.28 W, 1980 MHz
2026/09/27 19:12:47.865, 4, 79641 MiB, 100 %, 336.92 W, 1980 MHz
2026/09/27 19:12:47.865, 5, 79641 MiB, 100 %, 347.69 W, 1980 MHz
2026/09/27 19:12:47.866, 6, 79641 MiB, 100 %, 340.19 W, 1980 MHz
2026/09/27 19:12:47.867, 7, 79641 MiB, 100 %, 330.27 W, 1980 MHz
2026/09/27 19:12:48.867, 0, 79641 MiB, 100 %, 393.49 W, 1980 MHz
2026/09/27 19:12:48.868, 1, 79641 MiB, 100 %, 333.80 W, 1980 MHz
2026/09/27 19:12:48.869, 2, 79641 MiB, 100 %, 332.85 W, 1980 MHz
2026/09/27 19:12:48.870, 3, 79641 MiB, 100 %, 324.56 W, 1980 MHz
2026/09/27 19:12:48.870, 4, 79641 MiB, 100 %, 326.65 W, 1980 MHz
2026/09/27 19:12:48.871, 5, 79641 MiB, 100 %, 325.65 W, 1980 MHz
2026/09/27 19:12:48.872, 6, 79641 MiB, 100 %, 332.81 W, 1980 MHz
2026/09/27 19:12:48.872, 7, 79641 MiB, 100 %, 322.70 W, 1980 MHz
2026/09/27 19:12:49.873, 0, 79641 MiB, 100 %, 524.89 W, 1965 MHz
2026/09/27 19:12:49.874, 1, 79641 MiB, 100 %, 450.82 W, 1980 MHz
2026/09/27 19:12:49.875, 2, 79641 MiB, 100 %, 437.20 W, 1980 MHz
2026/09/27 19:12:49.875, 3, 79641 MiB, 100 %, 452.48 W, 1980 MHz
2026/09/27 19:12:49.876, 4, 79641 MiB, 100 %, 441.37 W, 1980 MHz
2026/09/27 19:12:49.876, 5, 79641 MiB, 100 %, 445.61 W, 1980 MHz
2026/09/27 19:12:49.877, 6, 79641 MiB, 100 %, 463.98 W, 1980 MHz
2026/09/27 19:12:49.878, 7, 79641 MiB, 100 %, 432.07 W, 1980 MHz
2026/09/27 19:12:50.878, 0, 79641 MiB, 100 %, 557.83 W, 1875 MHz
2026/09/27 19:12:50.879, 1, 79641 MiB, 100 %, 545.53 W, 1980 MHz
2026/09/27 19:12:50.880, 2, 79641 MiB, 100 %, 537.15 W, 1980 MHz
2026/09/27 19:12:50.881, 3, 79641 MiB, 100 %, 533.02 W, 1980 MHz
2026/09/27 19:12:50.881, 4, 79641 MiB, 100 %, 528.24 W, 1980 MHz
2026/09/27 19:12:50.882, 5, 79641 MiB, 100 %, 548.23 W, 1980 MHz
2026/09/27 19:12:50.882, 6, 79641 MiB, 100 %, 540.84 W, 1980 MHz
2026/09/27 19:12:50.883, 7, 79641 MiB, 100 %, 530.06 W, 1980 MHz
2026/09/27 19:12:51.884, 0, 79641 MiB, 100 %, 559.78 W, 1860 MHz
2026/09/27 19:12:51.885, 1, 79641 MiB, 100 %, 542.54 W, 1980 MHz
2026/09/27 19:12:51.885, 2, 79641 MiB, 100 %, 539.30 W, 1980 MHz
2026/09/27 19:12:51.886, 3, 79641 MiB, 100 %, 529.52 W, 1980 MHz
2026/09/27 19:12:51.887, 4, 79641 MiB, 100 %, 524.85 W, 1980 MHz
2026/09/27 19:12:51.887, 5, 79641 MiB, 100 %, 548.83 W, 1980 MHz
2026/09/27 19:12:51.888, 6, 79641 MiB, 100 %, 547.70 W, 1980 MHz
2026/09/27 19:12:51.889, 7, 79641 MiB, 100 %, 535.75 W, 1980 MHz
2026/09/27 19:12:52.889, 0, 79641 MiB, 100 %, 558.28 W, 1830 MHz
2026/09/27 19:12:52.890, 1, 79641 MiB, 100 %, 547.49 W, 1980 MHz
2026/09/27 19:12:52.891, 2, 79641 MiB, 100 %, 536.94 W, 1980 MHz
2026/09/27 19:12:52.892, 3, 79641 MiB, 100 %, 536.37 W, 1980 MHz
2026/09/27 19:12:52.892, 4, 79641 MiB, 100 %, 531.41 W, 1980 MHz
2026/09/27 19:12:52.893, 5, 79641 MiB, 100 %, 554.65 W, 1980 MHz
2026/09/27 19:12:52.894, 6, 79641 MiB, 100 %, 557.22 W, 1980 MHz
2026/09/27 19:12:52.894, 7, 79641 MiB, 100 %, 528.40 W, 1980 MHz
2026/09/27 19:12:53.895, 0, 79641 MiB, 100 %, 543.71 W, 1785 MHz
2026/09/27 19:12:53.896, 1, 79641 MiB, 100 %, 541.22 W, 1980 MHz
2026/09/27 19:12:53.897, 2, 79641 MiB, 100 %, 537.53 W, 1980 MHz
2026/09/27 19:12:53.898, 3, 79641 MiB, 100 %, 530.98 W, 1980 MHz
2026/09/27 19:12:53.898, 4, 79641 MiB, 100 %, 519.96 W, 1980 MHz
2026/09/27 19:12:53.899, 5, 79641 MiB, 100 %, 541.79 W, 1980 MHz
2026/09/27 19:12:53.900, 6, 79641 MiB, 100 %, 532.65 W, 1980 MHz
2026/09/27 19:12:53.900, 7, 79641 MiB, 100 %, 519.39 W, 1980 MHz
2026/09/27 19:12:54.901, 0, 79641 MiB, 100 %, 528.18 W, 1800 MHz
2026/09/27 19:12:54.902, 1, 79641 MiB, 100 %, 532.16 W, 1980 MHz
2026/09/27 19:12:54.902, 2, 79641 MiB, 100 %, 526.13 W, 1980 MHz
2026/09/27 19:12:54.903, 3, 79641 MiB, 100 %, 526.24 W, 1980 MHz
2026/09/27 19:12:54.904, 4, 79641 MiB, 100 %, 516.10 W, 1980 MHz
2026/09/27 19:12:54.905, 5, 79641 MiB, 100 %, 545.88 W, 1980 MHz
2026/09/27 19:12:54.905, 6, 79641 MiB, 100 %, 541.04 W, 1980 MHz
2026/09/27 19:12:54.906, 7, 79641 MiB, 100 %, 520.76 W, 1980 MHz
2026/09/27 19:12:55.907, 0, 79641 MiB, 100 %, 545.02 W, 1890 MHz
2026/09/27 19:12:55.908, 1, 79641 MiB, 100 %, 543.28 W, 1980 MHz
2026/09/27 19:12:55.909, 2, 79641 MiB, 100 %, 547.57 W, 1980 MHz
2026/09/27 19:12:55.909, 3, 79641 MiB, 100 %, 543.23 W, 1980 MHz
2026/09/27 19:12:55.910, 4, 79641 MiB, 100 %, 529.90 W, 1980 MHz
2026/09/27 19:12:55.910, 5, 79641 MiB, 100 %, 557.22 W, 1980 MHz
2026/09/27 19:12:55.911, 6, 79641 MiB, 100 %, 551.29 W, 1980 MHz
2026/09/27 19:12:55.912, 7, 79641 MiB, 100 %, 527.00 W, 1980 MHz
2026/09/27 19:12:56.912, 0, 79641 MiB, 100 %, 540.54 W, 1815 MHz
2026/09/27 19:12:56.913, 1, 79641 MiB, 100 %, 539.55 W, 1980 MHz
2026/09/27 19:12:56.914, 2, 79641 MiB, 100 %, 538.72 W, 1980 MHz
2026/09/27 19:12:56.915, 3, 79641 MiB, 100 %, 533.32 W, 1980 MHz
2026/09/27 19:12:56.915, 4, 79641 MiB, 100 %, 522.64 W, 1980 MHz
2026/09/27 19:12:56.916, 5, 79641 MiB, 100 %, 543.20 W, 1980 MHz
2026/09/27 19:12:56.917, 6, 79641 MiB, 100 %, 544.72 W, 1980 MHz
2026/09/27 19:12:56.917, 7, 79641 MiB, 100 %, 530.66 W, 1980 MHz
2026/09/27 19:12:57.918, 0, 79641 MiB, 100 %, 546.94 W, 1875 MHz
2026/09/27 19:12:57.919, 1, 79641 MiB, 100 %, 534.23 W, 1980 MHz
2026/09/27 19:12:57.919, 2, 79641 MiB, 100 %, 533.69 W, 1980 MHz
2026/09/27 19:12:57.920, 3, 79641 MiB, 100 %, 521.10 W, 1980 MHz
2026/09/27 19:12:57.921, 4, 79641 MiB, 100 %, 516.24 W, 1980 MHz
2026/09/27 19:12:57.921, 5, 79641 MiB, 100 %, 540.70 W, 1980 MHz
2026/09/27 19:12:57.922, 6, 79641 MiB, 100 %, 541.50 W, 1980 MHz
2026/09/27 19:12:57.922, 7, 79641 MiB, 100 %, 526.28 W, 1980 MHz
2026/09/27 19:12:58.923, 0, 79641 MiB, 100 %, 558.01 W, 1830 MHz
2026/09/27 19:12:58.924, 1, 79641 MiB, 100 %, 553.09 W, 1980 MHz
2026/09/27 19:12:58.925, 2, 79641 MiB, 100 %, 543.42 W, 1980 MHz
2026/09/27 19:12:58.925, 3, 79641 MiB, 100 %, 541.36 W, 1980 MHz
2026/09/27 19:12:58.926, 4, 79641 MiB, 100 %, 531.77 W, 1980 MHz
2026/09/27 19:12:58.927, 5, 79641 MiB, 100 %, 552.17 W, 1980 MHz
2026/09/27 19:12:58.927, 6, 79641 MiB, 100 %, 552.41 W, 1980 MHz
2026/09/27 19:12:58.928, 7, 79641 MiB, 100 %, 528.41 W, 1980 MHz
2026/09/27 19:12:59.929, 0, 79641 MiB, 100 %, 549.25 W, 1590 MHz
2026/09/27 19:12:59.929, 1, 79641 MiB, 100 %, 556.06 W, 1980 MHz
2026/09/27 19:12:59.930, 2, 79641 MiB, 100 %, 549.21 W, 1980 MHz
2026/09/27 19:12:59.931, 3, 79641 MiB, 100 %, 540.67 W, 1980 MHz
2026/09/27 19:12:59.931, 4, 79641 MiB, 100 %, 531.08 W, 1980 MHz
2026/09/27 19:12:59.932, 5, 79641 MiB, 100 %, 552.15 W, 1980 MHz
2026/09/27 19:12:59.933, 6, 79641 MiB, 100 %, 553.17 W, 1980 MHz
2026/09/27 19:12:59.933, 7, 79641 MiB, 100 %, 538.17 W, 1980 MHz
2026/09/27 19:13:00.934, 0, 79641 MiB, 100 %, 551.80 W, 1875 MHz
2026/09/27 19:13:00.935, 1, 79641 MiB, 100 %, 537.04 W, 1980 MHz
2026/09/27 19:13:00.936, 2, 79641 MiB, 100 %, 533.35 W, 1980 MHz
2026/09/27 19:13:00.937, 3, 79641 MiB, 100 %, 525.39 W, 1980 MHz
2026/09/27 19:13:00.937, 4, 79641 MiB, 100 %, 513.29 W, 1980 MHz
2026/09/27 19:13:00.938, 5, 79641 MiB, 100 %, 542.55 W, 1980 MHz
2026/09/27 19:13:00.938, 6, 79641 MiB, 100 %, 534.53 W, 1980 MHz
2026/09/27 19:13:00.939, 7, 79641 MiB, 100 %, 519.86 W, 1980 MHz
2026/09/27 19:13:01.940, 0, 79641 MiB, 100 %, 537.47 W, 1560 MHz
2026/09/27 19:13:01.941, 1, 79641 MiB, 100 %, 544.26 W, 1980 MHz
2026/09/27 19:13:01.941, 2, 79641 MiB, 100 %, 535.73 W, 1980 MHz
2026/09/27 19:13:01.942, 3, 79641 MiB, 100 %, 529.59 W, 1980 MHz
2026/09/27 19:13:01.943, 4, 79641 MiB, 100 %, 520.77 W, 1980 MHz
2026/09/27 19:13:01.943, 5, 79641 MiB, 100 %, 554.24 W, 1980 MHz
2026/09/27 19:13:01.944, 6, 79641 MiB, 100 %, 557.13 W, 1980 MHz
2026/09/27 19:13:01.945, 7, 79641 MiB, 100 %, 532.20 W, 1980 MHz
2026/09/27 19:13:02.945, 0, 79641 MiB, 100 %, 531.86 W, 1695 MHz
2026/09/27 19:13:02.946, 1, 79641 MiB, 100 %, 548.44 W, 1980 MHz
2026/09/27 19:13:02.947, 2, 79641 MiB, 100 %, 545.92 W, 1980 MHz
2026/09/27 19:13:02.948, 3, 79641 MiB, 100 %, 534.34 W, 1980 MHz
2026/09/27 19:13:02.948, 4, 79641 MiB, 100 %, 527.05 W, 1980 MHz
2026/09/27 19:13:02.949, 5, 79641 MiB, 100 %, 555.33 W, 1980 MHz
2026/09/27 19:13:02.950, 6, 79641 MiB, 100 %, 551.29 W, 1980 MHz
2026/09/27 19:13:02.950, 7, 79641 MiB, 100 %, 528.37 W, 1980 MHz
2026/09/27 19:13:03.951, 0, 79641 MiB, 100 %, 543.74 W, 1800 MHz
2026/09/27 19:13:03.952, 1, 79641 MiB, 100 %, 535.48 W, 1980 MHz
2026/09/27 19:13:03.953, 2, 79641 MiB, 100 %, 533.90 W, 1980 MHz
2026/09/27 19:13:03.953, 3, 79641 MiB, 100 %, 531.18 W, 1980 MHz
2026/09/27 19:13:03.954, 4, 79641 MiB, 100 %, 521.54 W, 1980 MHz
2026/09/27 19:13:03.955, 5, 79641 MiB, 100 %, 545.68 W, 1980 MHz
2026/09/27 19:13:03.955, 6, 79641 MiB, 100 %, 547.22 W, 1980 MHz
2026/09/27 19:13:03.956, 7, 79641 MiB, 100 %, 527.55 W, 1980 MHz
2026/09/27 19:13:04.956, 0, 79641 MiB, 100 %, 538.74 W, 1785 MHz
2026/09/27 19:13:04.957, 1, 79641 MiB, 100 %, 540.53 W, 1980 MHz
2026/09/27 19:13:04.958, 2, 79641 MiB, 100 %, 536.80 W, 1980 MHz
2026/09/27 19:13:04.959, 3, 79641 MiB, 100 %, 530.53 W, 1980 MHz
2026/09/27 19:13:04.959, 4, 79641 MiB, 100 %, 523.25 W, 1980 MHz
2026/09/27 19:13:04.960, 5, 79641 MiB, 100 %, 540.74 W, 1980 MHz
2026/09/27 19:13:04.961, 6, 79641 MiB, 100 %, 541.42 W, 1980 MHz
2026/09/27 19:13:04.961, 7, 79641 MiB, 100 %, 528.57 W, 1980 MHz
2026/09/27 19:13:05.962, 0, 79641 MiB, 100 %, 538.81 W, 1830 MHz
2026/09/27 19:13:05.963, 1, 79641 MiB, 100 %, 551.38 W, 1980 MHz
2026/09/27 19:13:05.964, 2, 79641 MiB, 100 %, 534.41 W, 1980 MHz
2026/09/27 19:13:05.964, 3, 79641 MiB, 100 %, 539.02 W, 1980 MHz
2026/09/27 19:13:05.965, 4, 79641 MiB, 100 %, 527.89 W, 1980 MHz
2026/09/27 19:13:05.965, 5, 79641 MiB, 100 %, 548.97 W, 1980 MHz
2026/09/27 19:13:05.966, 6, 79641 MiB, 100 %, 547.11 W, 1980 MHz
2026/09/27 19:13:05.967, 7, 79641 MiB, 100 %, 529.47 W, 1980 MHz
2026/09/27 19:13:06.967, 0, 79641 MiB, 100 %, 547.12 W, 1875 MHz
2026/09/27 19:13:06.968, 1, 79641 MiB, 100 %, 544.43 W, 1980 MHz
2026/09/27 19:13:06.969, 2, 79641 MiB, 100 %, 537.22 W, 1980 MHz
2026/09/27 19:13:06.970, 3, 79641 MiB, 100 %, 538.21 W, 1980 MHz
2026/09/27 19:13:06.970, 4, 79641 MiB, 100 %, 527.42 W, 1980 MHz
2026/09/27 19:13:06.971, 5, 79641 MiB, 100 %, 554.62 W, 1980 MHz
2026/09/27 19:13:06.972, 6, 79641 MiB, 100 %, 548.62 W, 1980 MHz
2026/09/27 19:13:06.972, 7, 79641 MiB, 100 %, 542.05 W, 1980 MHz
2026/09/27 19:13:07.973, 0, 79641 MiB, 100 %, 547.25 W, 1680 MHz
2026/09/27 19:13:07.974, 1, 79641 MiB, 100 %, 536.75 W, 1980 MHz
2026/09/27 19:13:07.974, 2, 79641 MiB, 100 %, 530.95 W, 1980 MHz
2026/09/27 19:13:07.975, 3, 79641 MiB, 100 %, 519.87 W, 1980 MHz
2026/09/27 19:13:07.976, 4, 79641 MiB, 100 %, 525.31 W, 1980 MHz
2026/09/27 19:13:07.976, 5, 79641 MiB, 100 %, 544.49 W, 1980 MHz
2026/09/27 19:13:07.977, 6, 79641 MiB, 100 %, 543.20 W, 1980 MHz
2026/09/27 19:13:07.978, 7, 79641 MiB, 100 %, 531.01 W, 1980 MHz
2026/09/27 19:13:08.978, 0, 79641 MiB, 100 %, 519.35 W, 1620 MHz
2026/09/27 19:13:08.979, 1, 79641 MiB, 100 %, 538.02 W, 1980 MHz
2026/09/27 19:13:08.980, 2, 79641 MiB, 100 %, 534.40 W, 1980 MHz
2026/09/27 19:13:08.981, 3, 79641 MiB, 100 %, 530.48 W, 1980 MHz
2026/09/27 19:13:08.982, 4, 79641 MiB, 100 %, 524.59 W, 1980 MHz
2026/09/27 19:13:08.982, 5, 79641 MiB, 100 %, 536.29 W, 1980 MHz
2026/09/27 19:13:08.983, 6, 79641 MiB, 100 %, 535.30 W, 1980 MHz
2026/09/27 19:13:08.984, 7, 79641 MiB, 100 %, 526.61 W, 1980 MHz
2026/09/27 19:13:09.985, 0, 79641 MiB, 100 %, 544.98 W, 1740 MHz
2026/09/27 19:13:09.986, 1, 79641 MiB, 100 %, 551.00 W, 1980 MHz
2026/09/27 19:13:09.987, 2, 79641 MiB, 100 %, 543.09 W, 1980 MHz
2026/09/27 19:13:09.987, 3, 79641 MiB, 100 %, 544.48 W, 1980 MHz
2026/09/27 19:13:09.988, 4, 79641 MiB, 100 %, 535.87 W, 1980 MHz
2026/09/27 19:13:09.989, 5, 79641 MiB, 100 %, 552.77 W, 1980 MHz
2026/09/27 19:13:09.989, 6, 79641 MiB, 100 %, 555.05 W, 1980 MHz
2026/09/27 19:13:09.990, 7, 79641 MiB, 100 %, 528.45 W, 1980 MHz
2026/09/27 19:13:10.991, 0, 79641 MiB, 100 %, 549.47 W, 1860 MHz
2026/09/27 19:13:10.992, 1, 79641 MiB, 100 %, 547.40 W, 1980 MHz
2026/09/27 19:13:10.993, 2, 79641 MiB, 100 %, 537.23 W, 1980 MHz
2026/09/27 19:13:10.994, 3, 79641 MiB, 100 %, 535.30 W, 1980 MHz
2026/09/27 19:13:10.995, 4, 79641 MiB, 100 %, 530.07 W, 1980 MHz
2026/09/27 19:13:10.996, 5, 79641 MiB, 100 %, 548.43 W, 1980 MHz
2026/09/27 19:13:10.996, 6, 79641 MiB, 100 %, 547.11 W, 1980 MHz
2026/09/27 19:13:10.997, 7, 79641 MiB, 100 %, 531.30 W, 1980 MHz
2026/09/27 19:13:11.998, 0, 79641 MiB, 100 %, 543.55 W, 1815 MHz
2026/09/27 19:13:11.999, 1, 79641 MiB, 100 %, 544.82 W, 1980 MHz
2026/09/27 19:13:12.000, 2, 79641 MiB, 100 %, 529.18 W, 1980 MHz
2026/09/27 19:13:12.001, 3, 79641 MiB, 100 %, 535.38 W, 1980 MHz
2026/09/27 19:13:12.001, 4, 79641 MiB, 100 %, 528.79 W, 1980 MHz
2026/09/27 19:13:12.002, 5, 79641 MiB, 100 %, 545.75 W, 1980 MHz
2026/09/27 19:13:12.003, 6, 79641 MiB, 100 %, 549.75 W, 1980 MHz
2026/09/27 19:13:12.003, 7, 79641 MiB, 100 %, 521.76 W, 1980 MHz
2026/09/27 19:13:13.004, 0, 79641 MiB, 100 %, 531.29 W, 1710 MHz
2026/09/27 19:13:13.005, 1, 79641 MiB, 100 %, 541.77 W, 1980 MHz
2026/09/27 19:13:13.006, 2, 79641 MiB, 100 %, 540.60 W, 1980 MHz
2026/09/27 19:13:13.007, 3, 79641 MiB, 100 %, 531.37 W, 1980 MHz
2026/09/27 19:13:13.007, 4, 79641 MiB, 100 %, 520.52 W, 1980 MHz
2026/09/27 19:13:13.008, 5, 79641 MiB, 100 %, 548.81 W, 1980 MHz
2026/09/27 19:13:13.009, 6, 79641 MiB, 100 %, 548.26 W, 1980 MHz
2026/09/27 19:13:13.009, 7, 79641 MiB, 100 %, 527.53 W, 1980 MHz
2026/09/27 19:13:14.010, 0, 79641 MiB, 100 %, 534.57 W, 1800 MHz
2026/09/27 19:13:14.011, 1, 79641 MiB, 100 %, 544.38 W, 1980 MHz
2026/09/27 19:13:14.012, 2, 79641 MiB, 100 %, 547.31 W, 1980 MHz
2026/09/27 19:13:14.013, 3, 79641 MiB, 100 %, 538.76 W, 1980 MHz
2026/09/27 19:13:14.013, 4, 79641 MiB, 100 %, 524.96 W, 1980 MHz
2026/09/27 19:13:14.014, 5, 79641 MiB, 100 %, 552.33 W, 1980 MHz
2026/09/27 19:13:14.015, 6, 79641 MiB, 100 %, 554.01 W, 1980 MHz
2026/09/27 19:13:14.015, 7, 79641 MiB, 100 %, 531.00 W, 1980 MHz
2026/09/27 19:13:15.016, 0, 79641 MiB, 100 %, 535.48 W, 1860 MHz
2026/09/27 19:13:15.017, 1, 79641 MiB, 100 %, 545.71 W, 1980 MHz
2026/09/27 19:13:15.018, 2, 79641 MiB, 100 %, 529.50 W, 1980 MHz
2026/09/27 19:13:15.019, 3, 79641 MiB, 100 %, 529.91 W, 1980 MHz
2026/09/27 19:13:15.020, 4, 79641 MiB, 100 %, 517.87 W, 1980 MHz
2026/09/27 19:13:15.020, 5, 79641 MiB, 100 %, 541.31 W, 1980 MHz
2026/09/27 19:13:15.021, 6, 79641 MiB, 100 %, 532.96 W, 1980 MHz
2026/09/27 19:13:15.022, 7, 79641 MiB, 100 %, 526.94 W, 1980 MHz
2026/09/27 19:13:16.022, 0, 79641 MiB, 100 %, 542.84 W, 1755 MHz
2026/09/27 19:13:16.024, 1, 79641 MiB, 100 %, 535.57 W, 1980 MHz
2026/09/27 19:13:16.025, 2, 79641 MiB, 100 %, 533.55 W, 1980 MHz
2026/09/27 19:13:16.025, 3, 79641 MiB, 100 %, 531.74 W, 1980 MHz
2026/09/27 19:13:16.026, 4, 79641 MiB, 100 %, 523.79 W, 1980 MHz
2026/09/27 19:13:16.027, 5, 79641 MiB, 100 %, 549.99 W, 1980 MHz
2026/09/27 19:13:16.028, 6, 79641 MiB, 100 %, 548.91 W, 1980 MHz
2026/09/27 19:13:16.029, 7, 79641 MiB, 100 %, 525.82 W, 1980 MHz
2026/09/27 19:13:17.029, 0, 79641 MiB, 100 %, 513.20 W, 1575 MHz
2026/09/27 19:13:17.030, 1, 79641 MiB, 100 %, 541.98 W, 1980 MHz
2026/09/27 19:13:17.031, 2, 79641 MiB, 100 %, 542.21 W, 1980 MHz
2026/09/27 19:13:17.032, 3, 79641 MiB, 100 %, 532.39 W, 1980 MHz
2026/09/27 19:13:17.033, 4, 79641 MiB, 100 %, 528.88 W, 1980 MHz
2026/09/27 19:13:17.034, 5, 79641 MiB, 100 %, 544.75 W, 1980 MHz
2026/09/27 19:13:17.035, 6, 79641 MiB, 100 %, 548.29 W, 1980 MHz
2026/09/27 19:13:17.035, 7, 79641 MiB, 100 %, 527.33 W, 1980 MHz
2026/09/27 19:13:18.036, 0, 79641 MiB, 100 %, 445.30 W, 1980 MHz
2026/09/27 19:13:18.037, 1, 79641 MiB, 100 %, 463.39 W, 1980 MHz
2026/09/27 19:13:18.038, 2, 79641 MiB, 100 %, 440.05 W, 1980 MHz
2026/09/27 19:13:18.039, 3, 79641 MiB, 100 %, 443.09 W, 1980 MHz
2026/09/27 19:13:18.039, 4, 79641 MiB, 100 %, 426.70 W, 1980 MHz
2026/09/27 19:13:18.040, 5, 79641 MiB, 100 %, 447.02 W, 1980 MHz
2026/09/27 19:13:18.041, 6, 79641 MiB, 100 %, 452.10 W, 1980 MHz
2026/09/27 19:13:18.042, 7, 79641 MiB, 100 %, 445.48 W, 1980 MHz
2026/09/27 19:13:19.042, 0, 79641 MiB, 100 %, 392.91 W, 1980 MHz
2026/09/27 19:13:19.043, 1, 79641 MiB, 100 %, 332.15 W, 1980 MHz
2026/09/27 19:13:19.044, 2, 79641 MiB, 100 %, 324.19 W, 1980 MHz
2026/09/27 19:13:19.045, 3, 79641 MiB, 100 %, 321.02 W, 1980 MHz
2026/09/27 19:13:19.046, 4, 79641 MiB, 100 %, 324.20 W, 1980 MHz
2026/09/27 19:13:19.047, 5, 79641 MiB, 100 %, 321.97 W, 1980 MHz
2026/09/27 19:13:19.047, 6, 79641 MiB, 100 %, 332.77 W, 1980 MHz
2026/09/27 19:13:19.048, 7, 79641 MiB, 100 %, 319.66 W, 1980 MHz
2026/09/27 19:13:20.049, 0, 79641 MiB, 100 %, 431.55 W, 1980 MHz
2026/09/27 19:13:20.050, 1, 79641 MiB, 100 %, 369.73 W, 1980 MHz
2026/09/27 19:13:20.050, 2, 79641 MiB, 93 %, 367.49 W, 1980 MHz
2026/09/27 19:13:20.051, 3, 79641 MiB, 94 %, 361.54 W, 1980 MHz
2026/09/27 19:13:20.052, 4, 79641 MiB, 93 %, 358.82 W, 1980 MHz
2026/09/27 19:13:20.052, 5, 79641 MiB, 100 %, 362.83 W, 1980 MHz
2026/09/27 19:13:20.053, 6, 79641 MiB, 100 %, 364.66 W, 1980 MHz
2026/09/27 19:13:20.054, 7, 79641 MiB, 100 %, 368.41 W, 1980 MHz
2026/09/27 19:13:21.054, 0, 79641 MiB, 100 %, 586.38 W, 1860 MHz
2026/09/27 19:13:21.055, 1, 79641 MiB, 100 %, 545.18 W, 1980 MHz
2026/09/27 19:13:21.056, 2, 79641 MiB, 100 %, 535.30 W, 1980 MHz
2026/09/27 19:13:21.057, 3, 79641 MiB, 100 %, 531.67 W, 1980 MHz
2026/09/27 19:13:21.058, 4, 79641 MiB, 100 %, 525.52 W, 1980 MHz
2026/09/27 19:13:21.058, 5, 79641 MiB, 100 %, 545.03 W, 1980 MHz
2026/09/27 19:13:21.059, 6, 79641 MiB, 100 %, 545.24 W, 1980 MHz
2026/09/27 19:13:21.060, 7, 79641 MiB, 100 %, 520.96 W, 1980 MHz
2026/09/27 19:13:22.060, 0, 79641 MiB, 100 %, 546.43 W, 1755 MHz
2026/09/27 19:13:22.061, 1, 79641 MiB, 100 %, 538.82 W, 1980 MHz
2026/09/27 19:13:22.062, 2, 79641 MiB, 100 %, 533.33 W, 1980 MHz
2026/09/27 19:13:22.063, 3, 79641 MiB, 100 %, 526.35 W, 1980 MHz
2026/09/27 19:13:22.063, 4, 79641 MiB, 100 %, 524.57 W, 1980 MHz
2026/09/27 19:13:22.064, 5, 79641 MiB, 100 %, 538.97 W, 1980 MHz
2026/09/27 19:13:22.065, 6, 79641 MiB, 100 %, 546.32 W, 1980 MHz
2026/09/27 19:13:22.065, 7, 79641 MiB, 100 %, 523.55 W, 1980 MHz
2026/09/27 19:13:23.066, 0, 79641 MiB, 100 %, 523.73 W, 1560 MHz
2026/09/27 19:13:23.067, 1, 79641 MiB, 100 %, 547.44 W, 1980 MHz
2026/09/27 19:13:23.067, 2, 79641 MiB, 100 %, 538.84 W, 1980 MHz
2026/09/27 19:13:23.068, 3, 79641 MiB, 100 %, 531.83 W, 1980 MHz
2026/09/27 19:13:23.069, 4, 79641 MiB, 100 %, 531.58 W, 1980 MHz
2026/09/27 19:13:23.069, 5, 79641 MiB, 100 %, 545.51 W, 1980 MHz
2026/09/27 19:13:23.070, 6, 79641 MiB, 100 %, 550.87 W, 1980 MHz
2026/09/27 19:13:23.071, 7, 79641 MiB, 100 %, 534.36 W, 1980 MHz
2026/09/27 19:13:24.071, 0, 79641 MiB, 100 %, 532.11 W, 1740 MHz
2026/09/27 19:13:24.072, 1, 79641 MiB, 100 %, 537.14 W, 1980 MHz
2026/09/27 19:13:24.073, 2, 79641 MiB, 100 %, 534.74 W, 1980 MHz
2026/09/27 19:13:24.074, 3, 79641 MiB, 100 %, 529.11 W, 1980 MHz
2026/09/27 19:13:24.076, 4, 79641 MiB, 100 %, 520.49 W, 1980 MHz
2026/09/27 19:13:24.076, 5, 79641 MiB, 100 %, 539.71 W, 1980 MHz
2026/09/27 19:13:24.077, 6, 79641 MiB, 100 %, 539.43 W, 1980 MHz
2026/09/27 19:13:24.078, 7, 79641 MiB, 100 %, 520.38 W, 1980 MHz
2026/09/27 19:13:25.078, 0, 79641 MiB, 100 %, 532.82 W, 1740 MHz
2026/09/27 19:13:25.079, 1, 79641 MiB, 100 %, 525.96 W, 1980 MHz
2026/09/27 19:13:25.080, 2, 79641 MiB, 100 %, 533.08 W, 1980 MHz
2026/09/27 19:13:25.081, 3, 79641 MiB, 100 %, 529.08 W, 1980 MHz
2026/09/27 19:13:25.081, 4, 79641 MiB, 100 %, 514.62 W, 1980 MHz
2026/09/27 19:13:25.082, 5, 79641 MiB, 100 %, 540.31 W, 1980 MHz
2026/09/27 19:13:25.083, 6, 79641 MiB, 100 %, 532.68 W, 1980 MHz
2026/09/27 19:13:25.083, 7, 79641 MiB, 100 %, 523.82 W, 1980 MHz
2026/09/27 19:13:26.084, 0, 79641 MiB, 100 %, 556.40 W, 1815 MHz
2026/09/27 19:13:26.086, 1, 79641 MiB, 100 %, 554.69 W, 1980 MHz
2026/09/27 19:13:26.087, 2, 79641 MiB, 100 %, 541.88 W, 1980 MHz
2026/09/27 19:13:26.089, 3, 79641 MiB, 100 %, 543.11 W, 1980 MHz
2026/09/27 19:13:26.090, 4, 79641 MiB, 100 %, 534.82 W, 1980 MHz
2026/09/27 19:13:26.091, 5, 79641 MiB, 100 %, 550.31 W, 1980 MHz
2026/09/27 19:13:26.093, 6, 79641 MiB, 100 %, 552.67 W, 1980 MHz
2026/09/27 19:13:26.095, 7, 79641 MiB, 100 %, 536.80 W, 1980 MHz
2026/09/27 19:13:27.096, 0, 79641 MiB, 100 %, 552.17 W, 1935 MHz
2026/09/27 19:13:27.097, 1, 79641 MiB, 100 %, 559.96 W, 1980 MHz
2026/09/27 19:13:27.098, 2, 79641 MiB, 100 %, 550.03 W, 1980 MHz
2026/09/27 19:13:27.098, 3, 79641 MiB, 100 %, 541.17 W, 1980 MHz
2026/09/27 19:13:27.099, 4, 79641 MiB, 100 %, 534.79 W, 1980 MHz
2026/09/27 19:13:27.099, 5, 79641 MiB, 100 %, 556.60 W, 1980 MHz
2026/09/27 19:13:27.100, 6, 79641 MiB, 100 %, 553.58 W, 1980 MHz
2026/09/27 19:13:27.101, 7, 79641 MiB, 100 %, 536.98 W, 1980 MHz
2026/09/27 19:13:28.101, 0, 79641 MiB, 100 %, 554.62 W, 1830 MHz
2026/09/27 19:13:28.102, 1, 79641 MiB, 100 %, 534.68 W, 1980 MHz
2026/09/27 19:13:28.103, 2, 79641 MiB, 100 %, 538.07 W, 1980 MHz
2026/09/27 19:13:28.103, 3, 79641 MiB, 100 %, 528.73 W, 1980 MHz
2026/09/27 19:13:28.104, 4, 79641 MiB, 100 %, 516.50 W, 1980 MHz
2026/09/27 19:13:28.105, 5, 79641 MiB, 100 %, 540.51 W, 1980 MHz
2026/09/27 19:13:28.105, 6, 79641 MiB, 100 %, 541.32 W, 1980 MHz
2026/09/27 19:13:28.106, 7, 79641 MiB, 100 %, 522.51 W, 1980 MHz
2026/09/27 19:13:29.106, 0, 79641 MiB, 100 %, 563.65 W, 1800 MHz
2026/09/27 19:13:29.107, 1, 79641 MiB, 100 %, 550.46 W, 1980 MHz
2026/09/27 19:13:29.108, 2, 79641 MiB, 100 %, 550.24 W, 1980 MHz
2026/09/27 19:13:29.109, 3, 79641 MiB, 100 %, 546.61 W, 1980 MHz
2026/09/27 19:13:29.109, 4, 79641 MiB, 100 %, 529.96 W, 1980 MHz
2026/09/27 19:13:29.110, 5, 79641 MiB, 100 %, 552.86 W, 1980 MHz
2026/09/27 19:13:29.110, 6, 79641 MiB, 100 %, 547.32 W, 1980 MHz
2026/09/27 19:13:29.111, 7, 79641 MiB, 100 %, 534.54 W, 1980 MHz
2026/09/27 19:13:30.112, 0, 79641 MiB, 100 %, 526.89 W, 1695 MHz
2026/09/27 19:13:30.113, 1, 79641 MiB, 100 %, 545.11 W, 1980 MHz
2026/09/27 19:13:30.114, 2, 79641 MiB, 100 %, 539.67 W, 1980 MHz
2026/09/27 19:13:30.114, 3, 79641 MiB, 100 %, 537.59 W, 1980 MHz
2026/09/27 19:13:30.115, 4, 79641 MiB, 100 %, 525.30 W, 1980 MHz
2026/09/27 19:13:30.115, 5, 79641 MiB, 100 %, 545.69 W, 1980 MHz
2026/09/27 19:13:30.116, 6, 79641 MiB, 100 %, 548.76 W, 1980 MHz
2026/09/27 19:13:30.117, 7, 79641 MiB, 100 %, 534.66 W, 1980 MHz
2026/09/27 19:13:31.117, 0, 79641 MiB, 100 %, 530.46 W, 1860 MHz
2026/09/27 19:13:31.118, 1, 79641 MiB, 100 %, 536.73 W, 1980 MHz
2026/09/27 19:13:31.119, 2, 79641 MiB, 100 %, 529.89 W, 1980 MHz
2026/09/27 19:13:31.120, 3, 79641 MiB, 100 %, 526.88 W, 1980 MHz
2026/09/27 19:13:31.121, 4, 79641 MiB, 100 %, 520.06 W, 1980 MHz
2026/09/27 19:13:31.121, 5, 79641 MiB, 100 %, 543.25 W, 1980 MHz
2026/09/27 19:13:31.122, 6, 79641 MiB, 100 %, 545.21 W, 1980 MHz
2026/09/27 19:13:31.122, 7, 79641 MiB, 100 %, 521.61 W, 1980 MHz
2026/09/27 19:13:32.123, 0, 79641 MiB, 100 %, 545.91 W, 1605 MHz
2026/09/27 19:13:32.124, 1, 79641 MiB, 100 %, 543.36 W, 1980 MHz
2026/09/27 19:13:32.125, 2, 79641 MiB, 100 %, 539.74 W, 1980 MHz
2026/09/27 19:13:32.125, 3, 79641 MiB, 100 %, 527.74 W, 1980 MHz
2026/09/27 19:13:32.126, 4, 79641 MiB, 100 %, 524.49 W, 1980 MHz
2026/09/27 19:13:32.127, 5, 79641 MiB, 100 %, 553.61 W, 1980 MHz
2026/09/27 19:13:32.127, 6, 79641 MiB, 100 %, 552.19 W, 1980 MHz
2026/09/27 19:13:32.128, 7, 79641 MiB, 100 %, 531.29 W, 1980 MHz
2026/09/27 19:13:33.129, 0, 79641 MiB, 100 %, 543.91 W, 1905 MHz
2026/09/27 19:13:33.129, 1, 79641 MiB, 100 %, 548.04 W, 1980 MHz
2026/09/27 19:13:33.130, 2, 79641 MiB, 100 %, 537.42 W, 1980 MHz
2026/09/27 19:13:33.131, 3, 79641 MiB, 100 %, 541.04 W, 1980 MHz
2026/09/27 19:13:33.131, 4, 79641 MiB, 100 %, 530.72 W, 1980 MHz
2026/09/27 19:13:33.132, 5, 79641 MiB, 100 %, 547.38 W, 1980 MHz
2026/09/27 19:13:33.133, 6, 79641 MiB, 100 %, 548.17 W, 1980 MHz
2026/09/27 19:13:33.133, 7, 79641 MiB, 100 %, 537.76 W, 1980 MHz
2026/09/27 19:13:34.134, 0, 79641 MiB, 100 %, 550.79 W, 1950 MHz
2026/09/27 19:13:34.135, 1, 79641 MiB, 100 %, 550.65 W, 1980 MHz
2026/09/27 19:13:34.136, 2, 79641 MiB, 100 %, 540.70 W, 1980 MHz
2026/09/27 19:13:34.136, 3, 79641 MiB, 100 %, 537.85 W, 1980 MHz
2026/09/27 19:13:34.137, 4, 79641 MiB, 100 %, 529.03 W, 1980 MHz
2026/09/27 19:13:34.138, 5, 79641 MiB, 100 %, 556.30 W, 1980 MHz
2026/09/27 19:13:34.138, 6, 79641 MiB, 100 %, 558.54 W, 1980 MHz
2026/09/27 19:13:34.139, 7, 79641 MiB, 100 %, 533.20 W, 1980 MHz
2026/09/27 19:13:35.140, 0, 79641 MiB, 100 %, 572.75 W, 1665 MHz
2026/09/27 19:13:35.141, 1, 79641 MiB, 100 %, 547.31 W, 1980 MHz
2026/09/27 19:13:35.141, 2, 79641 MiB, 100 %, 534.95 W, 1980 MHz
2026/09/27 19:13:35.142, 3, 79641 MiB, 100 %, 542.85 W, 1980 MHz
2026/09/27 19:13:35.142, 4, 79641 MiB, 100 %, 532.40 W, 1980 MHz
2026/09/27 19:13:35.143, 5, 79641 MiB, 100 %, 548.17 W, 1980 MHz
2026/09/27 19:13:35.144, 6, 79641 MiB, 100 %, 543.21 W, 1980 MHz
2026/09/27 19:13:35.144, 7, 79641 MiB, 100 %, 525.51 W, 1980 MHz
2026/09/27 19:13:36.145, 0, 79641 MiB, 100 %, 557.73 W, 1755 MHz
2026/09/27 19:13:36.146, 1, 79641 MiB, 100 %, 538.52 W, 1980 MHz
2026/09/27 19:13:36.147, 2, 79641 MiB, 100 %, 538.64 W, 1980 MHz
2026/09/27 19:13:36.147, 3, 79641 MiB, 100 %, 534.74 W, 1980 MHz
2026/09/27 19:13:36.148, 4, 79641 MiB, 100 %, 528.17 W, 1980 MHz
2026/09/27 19:13:36.149, 5, 79641 MiB, 100 %, 546.84 W, 1980 MHz
2026/09/27 19:13:36.149, 6, 79641 MiB, 100 %, 540.32 W, 1980 MHz
2026/09/27 19:13:36.150, 7, 79641 MiB, 100 %, 527.20 W, 1980 MHz
2026/09/27 19:13:37.151, 0, 79641 MiB, 100 %, 552.49 W, 1500 MHz
2026/09/27 19:13:37.151, 1, 79641 MiB, 100 %, 546.76 W, 1980 MHz
2026/09/27 19:13:37.152, 2, 79641 MiB, 100 %, 547.83 W, 1980 MHz
2026/09/27 19:13:37.153, 3, 79641 MiB, 100 %, 536.52 W, 1980 MHz
2026/09/27 19:13:37.153, 4, 79641 MiB, 100 %, 526.71 W, 1980 MHz
2026/09/27 19:13:37.154, 5, 79641 MiB, 100 %, 555.33 W, 1980 MHz
2026/09/27 19:13:37.155, 6, 79641 MiB, 100 %, 553.66 W, 1980 MHz
2026/09/27 19:13:37.155, 7, 79641 MiB, 100 %, 538.51 W, 1980 MHz
2026/09/27 19:13:38.156, 0, 79641 MiB, 100 %, 489.02 W, 1560 MHz
2026/09/27 19:13:38.157, 1, 79641 MiB, 100 %, 536.18 W, 1980 MHz
2026/09/27 19:13:38.157, 2, 79641 MiB, 100 %, 525.71 W, 1980 MHz
2026/09/27 19:13:38.158, 3, 79641 MiB, 100 %, 525.59 W, 1980 MHz
2026/09/27 19:13:38.159, 4, 79641 MiB, 100 %, 514.21 W, 1980 MHz
2026/09/27 19:13:38.159, 5, 79641 MiB, 100 %, 539.59 W, 1980 MHz
2026/09/27 19:13:38.160, 6, 79641 MiB, 100 %, 532.85 W, 1980 MHz
2026/09/27 19:13:38.161, 7, 79641 MiB, 100 %, 513.35 W, 1980 MHz
2026/09/27 19:13:39.161, 0, 79641 MiB, 100 %, 504.99 W, 1755 MHz
2026/09/27 19:13:39.162, 1, 79641 MiB, 100 %, 529.45 W, 1980 MHz
2026/09/27 19:13:39.163, 2, 79641 MiB, 100 %, 534.08 W, 1980 MHz
2026/09/27 19:13:39.164, 3, 79641 MiB, 100 %, 528.91 W, 1980 MHz
2026/09/27 19:13:39.164, 4, 79641 MiB, 100 %, 519.03 W, 1980 MHz
2026/09/27 19:13:39.165, 5, 79641 MiB, 100 %, 530.45 W, 1980 MHz
2026/09/27 19:13:39.166, 6, 79641 MiB, 100 %, 526.39 W, 1980 MHz
2026/09/27 19:13:39.166, 7, 79641 MiB, 100 %, 515.08 W, 1980 MHz
2026/09/27 19:13:40.167, 0, 79641 MiB, 100 %, 522.10 W, 1740 MHz
2026/09/27 19:13:40.168, 1, 79641 MiB, 100 %, 540.67 W, 1980 MHz
2026/09/27 19:13:40.169, 2, 79641 MiB, 100 %, 531.52 W, 1980 MHz
2026/09/27 19:13:40.169, 3, 79641 MiB, 100 %, 526.20 W, 1980 MHz
2026/09/27 19:13:40.170, 4, 79641 MiB, 100 %, 520.32 W, 1980 MHz
2026/09/27 19:13:40.170, 5, 79641 MiB, 100 %, 554.14 W, 1980 MHz
2026/09/27 19:13:40.171, 6, 79641 MiB, 100 %, 542.44 W, 1980 MHz
2026/09/27 19:13:40.172, 7, 79641 MiB, 100 %, 530.81 W, 1980 MHz
2026/09/27 19:13:41.172, 0, 79641 MiB, 100 %, 502.18 W, 1485 MHz
2026/09/27 19:13:41.174, 1, 79641 MiB, 100 %, 544.98 W, 1980 MHz
2026/09/27 19:13:41.174, 2, 79641 MiB, 100 %, 532.71 W, 1980 MHz
2026/09/27 19:13:41.175, 3, 79641 MiB, 100 %, 531.69 W, 1980 MHz
2026/09/27 19:13:41.176, 4, 79641 MiB, 100 %, 522.46 W, 1980 MHz
2026/09/27 19:13:41.176, 5, 79641 MiB, 100 %, 543.25 W, 1980 MHz
2026/09/27 19:13:41.177, 6, 79641 MiB, 100 %, 544.14 W, 1980 MHz
2026/09/27 19:13:41.177, 7, 79641 MiB, 100 %, 531.09 W, 1980 MHz
2026/09/27 19:13:42.178, 0, 79641 MiB, 100 %, 482.90 W, 1725 MHz
2026/09/27 19:13:42.179, 1, 79641 MiB, 100 %, 525.16 W, 1980 MHz
2026/09/27 19:13:42.180, 2, 79641 MiB, 100 %, 526.36 W, 1980 MHz
2026/09/27 19:13:42.180, 3, 79641 MiB, 100 %, 515.67 W, 1980 MHz
2026/09/27 19:13:42.181, 4, 79641 MiB, 100 %, 503.11 W, 1980 MHz
2026/09/27 19:13:42.182, 5, 79641 MiB, 100 %, 527.37 W, 1980 MHz
2026/09/27 19:13:42.182, 6, 79641 MiB, 100 %, 523.54 W, 1980 MHz
2026/09/27 19:13:42.183, 7, 79641 MiB, 100 %, 523.57 W, 1980 MHz
2026/09/27 19:13:43.184, 0, 79641 MiB, 100 %, 502.61 W, 1680 MHz
2026/09/27 19:13:43.185, 1, 79641 MiB, 100 %, 538.84 W, 1980 MHz
2026/09/27 19:13:43.185, 2, 79641 MiB, 100 %, 529.68 W, 1980 MHz
2026/09/27 19:13:43.186, 3, 79641 MiB, 100 %, 523.67 W, 1980 MHz
2026/09/27 19:13:43.187, 4, 79641 MiB, 100 %, 519.12 W, 1980 MHz
2026/09/27 19:13:43.187, 5, 79641 MiB, 100 %, 542.61 W, 1980 MHz
2026/09/27 19:13:43.188, 6, 79641 MiB, 100 %, 543.70 W, 1980 MHz
2026/09/27 19:13:43.188, 7, 79641 MiB, 100 %, 516.96 W, 1980 MHz
2026/09/27 19:13:44.189, 0, 79641 MiB, 100 %, 528.17 W, 1725 MHz
2026/09/27 19:13:44.190, 1, 79641 MiB, 100 %, 553.46 W, 1980 MHz
2026/09/27 19:13:44.190, 2, 79641 MiB, 100 %, 536.68 W, 1980 MHz
2026/09/27 19:13:44.191, 3, 79641 MiB, 100 %, 539.10 W, 1980 MHz
2026/09/27 19:13:44.191, 4, 79641 MiB, 100 %, 534.79 W, 1980 MHz
2026/09/27 19:13:44.192, 5, 79641 MiB, 100 %, 552.41 W, 1980 MHz
2026/09/27 19:13:44.193, 6, 79641 MiB, 100 %, 549.48 W, 1980 MHz
2026/09/27 19:13:44.193, 7, 79641 MiB, 100 %, 528.60 W, 1980 MHz
2026/09/27 19:13:45.194, 0, 79641 MiB, 100 %, 502.44 W, 1710 MHz
2026/09/27 19:13:45.195, 1, 79641 MiB, 100 %, 542.21 W, 1980 MHz
2026/09/27 19:13:45.196, 2, 79641 MiB, 100 %, 536.72 W, 1980 MHz
2026/09/27 19:13:45.196, 3, 79641 MiB, 100 %, 528.63 W, 1980 MHz
2026/09/27 19:13:45.197, 4, 79641 MiB, 100 %, 518.15 W, 1980 MHz
2026/09/27 19:13:45.197, 5, 79641 MiB, 100 %, 545.05 W, 1980 MHz
2026/09/27 19:13:45.198, 6, 79641 MiB, 100 %, 537.09 W, 1980 MHz
2026/09/27 19:13:45.199, 7, 79641 MiB, 100 %, 524.59 W, 1980 MHz
2026/09/27 19:13:46.199, 0, 79641 MiB, 100 %, 497.10 W, 1635 MHz
2026/09/27 19:13:46.201, 1, 79641 MiB, 100 %, 525.94 W, 1980 MHz
2026/09/27 19:13:46.201, 2, 79641 MiB, 100 %, 525.97 W, 1980 MHz
2026/09/27 19:13:46.202, 3, 79641 MiB, 100 %, 522.12 W, 1980 MHz
2026/09/27 19:13:46.203, 4, 79641 MiB, 100 %, 507.87 W, 1980 MHz
2026/09/27 19:13:46.203, 5, 79641 MiB, 100 %, 534.00 W, 1980 MHz
2026/09/27 19:13:46.204, 6, 79641 MiB, 100 %, 529.31 W, 1980 MHz
2026/09/27 19:13:46.205, 7, 79641 MiB, 100 %, 512.29 W, 1980 MHz
2026/09/27 19:13:47.205, 0, 79641 MiB, 100 %, 516.36 W, 1755 MHz
2026/09/27 19:13:47.206, 1, 79641 MiB, 100 %, 542.57 W, 1980 MHz
2026/09/27 19:13:47.207, 2, 79641 MiB, 100 %, 527.40 W, 1980 MHz
2026/09/27 19:13:47.207, 3, 79641 MiB, 100 %, 535.06 W, 1980 MHz
2026/09/27 19:13:47.208, 4, 79641 MiB, 100 %, 523.10 W, 1980 MHz
2026/09/27 19:13:47.209, 5, 79641 MiB, 100 %, 547.83 W, 1980 MHz
2026/09/27 19:13:47.209, 6, 79641 MiB, 100 %, 544.52 W, 1980 MHz
2026/09/27 19:13:47.210, 7, 79641 MiB, 100 %, 521.18 W, 1980 MHz
2026/09/27 19:13:48.210, 0, 79641 MiB, 100 %, 527.72 W, 1725 MHz
2026/09/27 19:13:48.211, 1, 79641 MiB, 100 %, 554.99 W, 1980 MHz
2026/09/27 19:13:48.212, 2, 79641 MiB, 100 %, 541.14 W, 1980 MHz
2026/09/27 19:13:48.212, 3, 79641 MiB, 100 %, 543.70 W, 1980 MHz
2026/09/27 19:13:48.213, 4, 79641 MiB, 100 %, 526.54 W, 1980 MHz
2026/09/27 19:13:48.214, 5, 79641 MiB, 100 %, 552.96 W, 1980 MHz
2026/09/27 19:13:48.214, 6, 79641 MiB, 100 %, 551.76 W, 1980 MHz
2026/09/27 19:13:48.215, 7, 79641 MiB, 100 %, 532.77 W, 1980 MHz
2026/09/27 19:13:49.215, 0, 79641 MiB, 100 %, 397.47 W, 1980 MHz
2026/09/27 19:13:49.216, 1, 79641 MiB, 100 %, 354.85 W, 1980 MHz
2026/09/27 19:13:49.217, 2, 79641 MiB, 100 %, 332.86 W, 1980 MHz
2026/09/27 19:13:49.218, 3, 79641 MiB, 100 %, 335.38 W, 1980 MHz
2026/09/27 19:13:49.218, 4, 79641 MiB, 100 %, 339.47 W, 1980 MHz
2026/09/27 19:13:49.219, 5, 79641 MiB, 100 %, 328.71 W, 1980 MHz
2026/09/27 19:13:49.219, 6, 79641 MiB, 100 %, 350.50 W, 1980 MHz
2026/09/27 19:13:49.220, 7, 79641 MiB, 100 %, 341.02 W, 1980 MHz
2026/09/27 19:13:50.221, 0, 79641 MiB, 100 %, 396.57 W, 1980 MHz
2026/09/27 19:13:50.221, 1, 79641 MiB, 100 %, 335.03 W, 1980 MHz
2026/09/27 19:13:50.222, 2, 79641 MiB, 100 %, 333.51 W, 1980 MHz
2026/09/27 19:13:50.223, 3, 79641 MiB, 100 %, 329.61 W, 1980 MHz
2026/09/27 19:13:50.223, 4, 79641 MiB, 100 %, 327.61 W, 1980 MHz
2026/09/27 19:13:50.224, 5, 79641 MiB, 100 %, 326.22 W, 1980 MHz
2026/09/27 19:13:50.225, 6, 79641 MiB, 100 %, 336.26 W, 1980 MHz
2026/09/27 19:13:50.225, 7, 79641 MiB, 100 %, 323.59 W, 1980 MHz
2026/09/27 19:13:51.226, 0, 79641 MiB, 100 %, 527.07 W, 1965 MHz
2026/09/27 19:13:51.227, 1, 79641 MiB, 100 %, 462.90 W, 1980 MHz
2026/09/27 19:13:51.228, 2, 79641 MiB, 100 %, 464.64 W, 1980 MHz
2026/09/27 19:13:51.228, 3, 79641 MiB, 100 %, 462.34 W, 1980 MHz
2026/09/27 19:13:51.229, 4, 79641 MiB, 100 %, 447.43 W, 1980 MHz
2026/09/27 19:13:51.230, 5, 79641 MiB, 100 %, 488.06 W, 1980 MHz
2026/09/27 19:13:51.230, 6, 79641 MiB, 100 %, 473.67 W, 1980 MHz
2026/09/27 19:13:51.231, 7, 79641 MiB, 100 %, 447.21 W, 1980 MHz
2026/09/27 19:13:52.232, 0, 79641 MiB, 100 %, 570.46 W, 1965 MHz
2026/09/27 19:13:52.232, 1, 79641 MiB, 100 %, 550.57 W, 1980 MHz
2026/09/27 19:13:52.233, 2, 79641 MiB, 100 %, 534.96 W, 1980 MHz
2026/09/27 19:13:52.234, 3, 79641 MiB, 100 %, 536.29 W, 1980 MHz
2026/09/27 19:13:52.234, 4, 79641 MiB, 100 %, 529.88 W, 1980 MHz
2026/09/27 19:13:52.235, 5, 79641 MiB, 100 %, 546.46 W, 1980 MHz
2026/09/27 19:13:52.235, 6, 79641 MiB, 100 %, 541.36 W, 1980 MHz
2026/09/27 19:13:52.236, 7, 79641 MiB, 100 %, 533.69 W, 1980 MHz
2026/09/27 19:13:53.237, 0, 79641 MiB, 100 %, 545.74 W, 1860 MHz
2026/09/27 19:13:53.238, 1, 79641 MiB, 100 %, 544.10 W, 1980 MHz
2026/09/27 19:13:53.238, 2, 79641 MiB, 100 %, 534.23 W, 1980 MHz
2026/09/27 19:13:53.239, 3, 79641 MiB, 100 %, 532.52 W, 1980 MHz
2026/09/27 19:13:53.239, 4, 79641 MiB, 100 %, 525.60 W, 1980 MHz
2026/09/27 19:13:53.240, 5, 79641 MiB, 100 %, 548.38 W, 1980 MHz
2026/09/27 19:13:53.241, 6, 79641 MiB, 100 %, 545.06 W, 1980 MHz
2026/09/27 19:13:53.241, 7, 79641 MiB, 100 %, 530.05 W, 1980 MHz
2026/09/27 19:13:54.242, 0, 79641 MiB, 100 %, 543.00 W, 1845 MHz
2026/09/27 19:13:54.243, 1, 79641 MiB, 100 %, 550.28 W, 1980 MHz
2026/09/27 19:13:54.243, 2, 79641 MiB, 100 %, 545.06 W, 1980 MHz
2026/09/27 19:13:54.244, 3, 79641 MiB, 100 %, 536.18 W, 1980 MHz
2026/09/27 19:13:54.245, 4, 79641 MiB, 100 %, 530.81 W, 1980 MHz
2026/09/27 19:13:54.245, 5, 79641 MiB, 100 %, 561.54 W, 1980 MHz
2026/09/27 19:13:54.246, 6, 79641 MiB, 100 %, 550.68 W, 1980 MHz
2026/09/27 19:13:54.246, 7, 79641 MiB, 100 %, 534.65 W, 1980 MHz
2026/09/27 19:13:55.247, 0, 79641 MiB, 100 %, 556.35 W, 1965 MHz
2026/09/27 19:13:55.248, 1, 79641 MiB, 100 %, 537.07 W, 1980 MHz
2026/09/27 19:13:55.249, 2, 79641 MiB, 100 %, 532.51 W, 1980 MHz
2026/09/27 19:13:55.249, 3, 79641 MiB, 100 %, 532.42 W, 1980 MHz
2026/09/27 19:13:55.250, 4, 79641 MiB, 100 %, 522.73 W, 1980 MHz
2026/09/27 19:13:55.251, 5, 79641 MiB, 100 %, 534.87 W, 1980 MHz
2026/09/27 19:13:55.251, 6, 79641 MiB, 100 %, 536.98 W, 1980 MHz
2026/09/27 19:13:55.252, 7, 79641 MiB, 100 %, 528.12 W, 1980 MHz
2026/09/27 19:13:56.252, 0, 79641 MiB, 100 %, 552.15 W, 1890 MHz
2026/09/27 19:13:56.254, 1, 79641 MiB, 100 %, 544.12 W, 1980 MHz
2026/09/27 19:13:56.254, 2, 79641 MiB, 100 %, 537.52 W, 1980 MHz
2026/09/27 19:13:56.255, 3, 79641 MiB, 100 %, 535.41 W, 1980 MHz
2026/09/27 19:13:56.255, 4, 79641 MiB, 100 %, 528.06 W, 1980 MHz
2026/09/27 19:13:56.256, 5, 79641 MiB, 100 %, 541.11 W, 1980 MHz
2026/09/27 19:13:56.257, 6, 79641 MiB, 100 %, 546.69 W, 1980 MHz
2026/09/27 19:13:56.257, 7, 79641 MiB, 100 %, 528.53 W, 1980 MHz
2026/09/27 19:13:57.258, 0, 79641 MiB, 100 %, 543.18 W, 1725 MHz
2026/09/27 19:13:57.259, 1, 79641 MiB, 100 %, 558.71 W, 1980 MHz
2026/09/27 19:13:57.259, 2, 79641 MiB, 100 %, 550.95 W, 1980 MHz
2026/09/27 19:13:57.260, 3, 79641 MiB, 100 %, 536.11 W, 1980 MHz
2026/09/27 19:13:57.261, 4, 79641 MiB, 100 %, 532.93 W, 1980 MHz
2026/09/27 19:13:57.261, 5, 79641 MiB, 100 %, 553.89 W, 1980 MHz
2026/09/27 19:13:57.262, 6, 79641 MiB, 100 %, 549.79 W, 1980 MHz
2026/09/27 19:13:57.262, 7, 79641 MiB, 100 %, 537.21 W, 1980 MHz
2026/09/27 19:13:58.263, 0, 79641 MiB, 100 %, 548.12 W, 1950 MHz
2026/09/27 19:13:58.264, 1, 79641 MiB, 100 %, 536.11 W, 1980 MHz
2026/09/27 19:13:58.265, 2, 79641 MiB, 100 %, 534.74 W, 1980 MHz
2026/09/27 19:13:58.265, 3, 79641 MiB, 100 %, 533.95 W, 1980 MHz
2026/09/27 19:13:58.266, 4, 79641 MiB, 100 %, 516.70 W, 1980 MHz
2026/09/27 19:13:58.267, 5, 79641 MiB, 100 %, 541.52 W, 1980 MHz
2026/09/27 19:13:58.267, 6, 79641 MiB, 100 %, 536.81 W, 1980 MHz
2026/09/27 19:13:58.268, 7, 79641 MiB, 100 %, 520.97 W, 1980 MHz
2026/09/27 19:13:59.269, 0, 79641 MiB, 100 %, 551.31 W, 1800 MHz
2026/09/27 19:13:59.270, 1, 79641 MiB, 100 %, 547.61 W, 1980 MHz
2026/09/27 19:13:59.270, 2, 79641 MiB, 100 %, 527.12 W, 1980 MHz
2026/09/27 19:13:59.271, 3, 79641 MiB, 100 %, 531.08 W, 1980 MHz
2026/09/27 19:13:59.271, 4, 79641 MiB, 100 %, 525.99 W, 1980 MHz
2026/09/27 19:13:59.272, 5, 79641 MiB, 100 %, 551.06 W, 1980 MHz
2026/09/27 19:13:59.273, 6, 79641 MiB, 100 %, 540.42 W, 1980 MHz
2026/09/27 19:13:59.273, 7, 79641 MiB, 100 %, 526.37 W, 1980 MHz
2026/09/27 19:14:00.274, 0, 79641 MiB, 100 %, 544.14 W, 1755 MHz
2026/09/27 19:14:00.275, 1, 79641 MiB, 100 %, 550.10 W, 1980 MHz
2026/09/27 19:14:00.275, 2, 79641 MiB, 100 %, 549.24 W, 1980 MHz
2026/09/27 19:14:00.276, 3, 79641 MiB, 100 %, 539.49 W, 1980 MHz
2026/09/27 19:14:00.277, 4, 79641 MiB, 100 %, 531.48 W, 1980 MHz
2026/09/27 19:14:00.277, 5, 79641 MiB, 100 %, 554.00 W, 1980 MHz
2026/09/27 19:14:00.278, 6, 79641 MiB, 100 %, 553.09 W, 1980 MHz
2026/09/27 19:14:00.278, 7, 79641 MiB, 100 %, 541.15 W, 1980 MHz
2026/09/27 19:14:01.279, 0, 79641 MiB, 100 %, 532.97 W, 1875 MHz
2026/09/27 19:14:01.280, 1, 79641 MiB, 100 %, 540.50 W, 1980 MHz
2026/09/27 19:14:01.281, 2, 79641 MiB, 100 %, 547.09 W, 1980 MHz
2026/09/27 19:14:01.282, 3, 79641 MiB, 100 %, 533.30 W, 1980 MHz
2026/09/27 19:14:01.282, 4, 79641 MiB, 100 %, 524.45 W, 1980 MHz
2026/09/27 19:14:01.283, 5, 79641 MiB, 100 %, 541.41 W, 1980 MHz
2026/09/27 19:14:01.283, 6, 79641 MiB, 100 %, 552.00 W, 1980 MHz
2026/09/27 19:14:01.284, 7, 79641 MiB, 100 %, 530.06 W, 1980 MHz
2026/09/27 19:14:02.285, 0, 79641 MiB, 100 %, 544.39 W, 1680 MHz
2026/09/27 19:14:02.286, 1, 79641 MiB, 100 %, 530.39 W, 1980 MHz
2026/09/27 19:14:02.286, 2, 79641 MiB, 100 %, 527.15 W, 1980 MHz
2026/09/27 19:14:02.287, 3, 79641 MiB, 100 %, 535.05 W, 1980 MHz
2026/09/27 19:14:02.287, 4, 79641 MiB, 100 %, 513.87 W, 1980 MHz
2026/09/27 19:14:02.288, 5, 79641 MiB, 100 %, 536.64 W, 1980 MHz
2026/09/27 19:14:02.289, 6, 79641 MiB, 100 %, 538.99 W, 1980 MHz
2026/09/27 19:14:02.289, 7, 79641 MiB, 100 %, 517.86 W, 1980 MHz
2026/09/27 19:14:03.290, 0, 79641 MiB, 100 %, 549.22 W, 1605 MHz
2026/09/27 19:14:03.291, 1, 79641 MiB, 100 %, 545.22 W, 1980 MHz
2026/09/27 19:14:03.291, 2, 79641 MiB, 100 %, 543.25 W, 1980 MHz
2026/09/27 19:14:03.292, 3, 79641 MiB, 100 %, 535.29 W, 1980 MHz
2026/09/27 19:14:03.293, 4, 79641 MiB, 100 %, 526.29 W, 1980 MHz
2026/09/27 19:14:03.293, 5, 79641 MiB, 100 %, 557.42 W, 1980 MHz
2026/09/27 19:14:03.294, 6, 79641 MiB, 100 %, 542.82 W, 1980 MHz
2026/09/27 19:14:03.294, 7, 79641 MiB, 100 %, 528.47 W, 1980 MHz
2026/09/27 19:14:04.295, 0, 79641 MiB, 100 %, 534.47 W, 1710 MHz
2026/09/27 19:14:04.296, 1, 79641 MiB, 100 %, 543.34 W, 1980 MHz
2026/09/27 19:14:04.297, 2, 79641 MiB, 100 %, 550.55 W, 1980 MHz
2026/09/27 19:14:04.297, 3, 79641 MiB, 100 %, 538.12 W, 1980 MHz
2026/09/27 19:14:04.298, 4, 79641 MiB, 100 %, 523.82 W, 1980 MHz
2026/09/27 19:14:04.298, 5, 79641 MiB, 100 %, 552.87 W, 1980 MHz
2026/09/27 19:14:04.299, 6, 79641 MiB, 100 %, 547.25 W, 1980 MHz
2026/09/27 19:14:04.300, 7, 79641 MiB, 100 %, 538.65 W, 1980 MHz
2026/09/27 19:14:05.300, 0, 79641 MiB, 100 %, 544.61 W, 1665 MHz
2026/09/27 19:14:05.301, 1, 79641 MiB, 100 %, 539.80 W, 1980 MHz
2026/09/27 19:14:05.302, 2, 79641 MiB, 100 %, 536.81 W, 1980 MHz
2026/09/27 19:14:05.303, 3, 79641 MiB, 100 %, 527.58 W, 1980 MHz
2026/09/27 19:14:05.303, 4, 79641 MiB, 100 %, 521.05 W, 1980 MHz
2026/09/27 19:14:05.304, 5, 79641 MiB, 100 %, 545.72 W, 1980 MHz
2026/09/27 19:14:05.304, 6, 79641 MiB, 100 %, 545.54 W, 1980 MHz
2026/09/27 19:14:05.305, 7, 79641 MiB, 100 %, 517.93 W, 1980 MHz
2026/09/27 19:14:06.306, 0, 79641 MiB, 100 %, 533.38 W, 1845 MHz
2026/09/27 19:14:06.307, 1, 79641 MiB, 100 %, 547.37 W, 1980 MHz
2026/09/27 19:14:06.308, 2, 79641 MiB, 100 %, 542.08 W, 1980 MHz
2026/09/27 19:14:06.308, 3, 79641 MiB, 100 %, 528.11 W, 1980 MHz
2026/09/27 19:14:06.309, 4, 79641 MiB, 100 %, 524.28 W, 1980 MHz
2026/09/27 19:14:06.310, 5, 79641 MiB, 100 %, 546.72 W, 1980 MHz
2026/09/27 19:14:06.310, 6, 79641 MiB, 100 %, 539.70 W, 1980 MHz
2026/09/27 19:14:06.311, 7, 79641 MiB, 100 %, 527.43 W, 1980 MHz
2026/09/27 19:14:07.312, 0, 79641 MiB, 100 %, 550.28 W, 1785 MHz
2026/09/27 19:14:07.312, 1, 79641 MiB, 100 %, 549.79 W, 1980 MHz
2026/09/27 19:14:07.313, 2, 79641 MiB, 100 %, 546.12 W, 1980 MHz
2026/09/27 19:14:07.314, 3, 79641 MiB, 100 %, 540.52 W, 1980 MHz
2026/09/27 19:14:07.314, 4, 79641 MiB, 100 %, 522.26 W, 1980 MHz
2026/09/27 19:14:07.315, 5, 79641 MiB, 100 %, 543.82 W, 1980 MHz
2026/09/27 19:14:07.315, 6, 79641 MiB, 100 %, 550.87 W, 1980 MHz
2026/09/27 19:14:07.316, 7, 79641 MiB, 100 %, 529.30 W, 1980 MHz
2026/09/27 19:14:08.317, 0, 79641 MiB, 100 %, 509.26 W, 1605 MHz
2026/09/27 19:14:08.317, 1, 79641 MiB, 100 %, 543.20 W, 1980 MHz
2026/09/27 19:14:08.318, 2, 79641 MiB, 100 %, 537.61 W, 1980 MHz
2026/09/27 19:14:08.319, 3, 79641 MiB, 100 %, 534.56 W, 1980 MHz
2026/09/27 19:14:08.319, 4, 79641 MiB, 100 %, 526.55 W, 1980 MHz
2026/09/27 19:14:08.320, 5, 79641 MiB, 100 %, 542.69 W, 1980 MHz
2026/09/27 19:14:08.320, 6, 79641 MiB, 100 %, 545.70 W, 1980 MHz
2026/09/27 19:14:08.321, 7, 79641 MiB, 100 %, 526.12 W, 1980 MHz
2026/09/27 19:14:09.322, 0, 79641 MiB, 100 %, 483.36 W, 1650 MHz
2026/09/27 19:14:09.323, 1, 79641 MiB, 100 %, 535.25 W, 1980 MHz
2026/09/27 19:14:09.323, 2, 79641 MiB, 100 %, 528.53 W, 1980 MHz
2026/09/27 19:14:09.324, 3, 79641 MiB, 100 %, 512.11 W, 1980 MHz
2026/09/27 19:14:09.324, 4, 79641 MiB, 100 %, 512.70 W, 1980 MHz
2026/09/27 19:14:09.325, 5, 79641 MiB, 100 %, 532.96 W, 1980 MHz
2026/09/27 19:14:09.326, 6, 79641 MiB, 100 %, 527.70 W, 1980 MHz
2026/09/27 19:14:09.326, 7, 79641 MiB, 100 %, 521.11 W, 1980 MHz
2026/09/27 19:14:10.327, 0, 79641 MiB, 100 %, 515.73 W, 1620 MHz
2026/09/27 19:14:10.328, 1, 79641 MiB, 100 %, 534.52 W, 1980 MHz
2026/09/27 19:14:10.328, 2, 79641 MiB, 100 %, 529.32 W, 1980 MHz
2026/09/27 19:14:10.329, 3, 79641 MiB, 100 %, 520.09 W, 1980 MHz
2026/09/27 19:14:10.329, 4, 79641 MiB, 100 %, 520.36 W, 1980 MHz
2026/09/27 19:14:10.330, 5, 79641 MiB, 100 %, 538.41 W, 1980 MHz
2026/09/27 19:14:10.331, 6, 79641 MiB, 100 %, 533.49 W, 1980 MHz
2026/09/27 19:14:10.331, 7, 79641 MiB, 100 %, 520.73 W, 1980 MHz
2026/09/27 19:14:11.332, 0, 79641 MiB, 100 %, 514.88 W, 1785 MHz
2026/09/27 19:14:11.333, 1, 79641 MiB, 100 %, 539.57 W, 1980 MHz
2026/09/27 19:14:11.334, 2, 79641 MiB, 100 %, 531.47 W, 1980 MHz
2026/09/27 19:14:11.334, 3, 79641 MiB, 100 %, 530.01 W, 1980 MHz
2026/09/27 19:14:11.335, 4, 79641 MiB, 100 %, 518.57 W, 1980 MHz
2026/09/27 19:14:11.336, 5, 79641 MiB, 100 %, 549.92 W, 1980 MHz
2026/09/27 19:14:11.336, 6, 79641 MiB, 100 %, 547.80 W, 1980 MHz
2026/09/27 19:14:11.337, 7, 79641 MiB, 100 %, 524.14 W, 1980 MHz
2026/09/27 19:14:12.337, 0, 79641 MiB, 100 %, 528.85 W, 1770 MHz
2026/09/27 19:14:12.338, 1, 79641 MiB, 100 %, 544.72 W, 1980 MHz
2026/09/27 19:14:12.339, 2, 79641 MiB, 100 %, 536.11 W, 1980 MHz
2026/09/27 19:14:12.340, 3, 79641 MiB, 100 %, 536.66 W, 1980 MHz
2026/09/27 19:14:12.340, 4, 79641 MiB, 100 %, 526.99 W, 1980 MHz
2026/09/27 19:14:12.341, 5, 79641 MiB, 100 %, 550.39 W, 1980 MHz
2026/09/27 19:14:12.342, 6, 79641 MiB, 100 %, 543.08 W, 1980 MHz
2026/09/27 19:14:12.342, 7, 79641 MiB, 100 %, 528.73 W, 1980 MHz
2026/09/27 19:14:13.343, 0, 79641 MiB, 100 %, 530.09 W, 1800 MHz
2026/09/27 19:14:13.344, 1, 79641 MiB, 100 %, 550.40 W, 1980 MHz
2026/09/27 19:14:13.344, 2, 79641 MiB, 100 %, 531.57 W, 1980 MHz
2026/09/27 19:14:13.345, 3, 79641 MiB, 100 %, 531.95 W, 1980 MHz
2026/09/27 19:14:13.346, 4, 79641 MiB, 100 %, 529.44 W, 1980 MHz
2026/09/27 19:14:13.346, 5, 79641 MiB, 100 %, 537.24 W, 1980 MHz
2026/09/27 19:14:13.347, 6, 79641 MiB, 100 %, 541.59 W, 1980 MHz
2026/09/27 19:14:13.347, 7, 79641 MiB, 100 %, 527.18 W, 1980 MHz
2026/09/27 19:14:14.348, 0, 79641 MiB, 100 %, 535.27 W, 1800 MHz
2026/09/27 19:14:14.349, 1, 79641 MiB, 100 %, 546.91 W, 1980 MHz
2026/09/27 19:14:14.350, 2, 79641 MiB, 100 %, 534.88 W, 1980 MHz
2026/09/27 19:14:14.351, 3, 79641 MiB, 100 %, 533.31 W, 1980 MHz
2026/09/27 19:14:14.351, 4, 79641 MiB, 100 %, 522.88 W, 1980 MHz
2026/09/27 19:14:14.352, 5, 79641 MiB, 100 %, 548.77 W, 1980 MHz
2026/09/27 19:14:14.352, 6, 79641 MiB, 100 %, 549.20 W, 1980 MHz
2026/09/27 19:14:14.353, 7, 79641 MiB, 100 %, 528.63 W, 1980 MHz
2026/09/27 19:14:15.354, 0, 79641 MiB, 100 %, 540.50 W, 1620 MHz
2026/09/27 19:14:15.355, 1, 79641 MiB, 100 %, 552.72 W, 1980 MHz
2026/09/27 19:14:15.355, 2, 79641 MiB, 100 %, 553.82 W, 1980 MHz
2026/09/27 19:14:15.356, 3, 79641 MiB, 100 %, 537.15 W, 1980 MHz
2026/09/27 19:14:15.357, 4, 79641 MiB, 100 %, 532.08 W, 1980 MHz
2026/09/27 19:14:15.357, 5, 79641 MiB, 100 %, 554.86 W, 1980 MHz
2026/09/27 19:14:15.358, 6, 79641 MiB, 100 %, 555.15 W, 1980 MHz
2026/09/27 19:14:15.358, 7, 79641 MiB, 100 %, 536.24 W, 1980 MHz
2026/09/27 19:14:16.359, 0, 79641 MiB, 100 %, 507.52 W, 1725 MHz
2026/09/27 19:14:16.361, 1, 79641 MiB, 100 %, 530.35 W, 1980 MHz
2026/09/27 19:14:16.361, 2, 79641 MiB, 100 %, 532.23 W, 1980 MHz
2026/09/27 19:14:16.362, 3, 79641 MiB, 100 %, 517.78 W, 1980 MHz
2026/09/27 19:14:16.363, 4, 79641 MiB, 100 %, 513.58 W, 1980 MHz
2026/09/27 19:14:16.363, 5, 79641 MiB, 100 %, 536.63 W, 1980 MHz
2026/09/27 19:14:16.364, 6, 79641 MiB, 100 %, 535.27 W, 1980 MHz
2026/09/27 19:14:16.364, 7, 79641 MiB, 100 %, 518.67 W, 1980 MHz
2026/09/27 19:14:17.365, 0, 79641 MiB, 100 %, 520.50 W, 1860 MHz
2026/09/27 19:14:17.366, 1, 79641 MiB, 100 %, 536.30 W, 1980 MHz
2026/09/27 19:14:17.367, 2, 79641 MiB, 100 %, 531.15 W, 1980 MHz
2026/09/27 19:14:17.367, 3, 79641 MiB, 100 %, 521.05 W, 1980 MHz
2026/09/27 19:14:17.368, 4, 79641 MiB, 100 %, 524.99 W, 1980 MHz
2026/09/27 19:14:17.368, 5, 79641 MiB, 100 %, 541.63 W, 1980 MHz
2026/09/27 19:14:17.369, 6, 79641 MiB, 100 %, 540.96 W, 1980 MHz
2026/09/27 19:14:17.370, 7, 79641 MiB, 100 %, 526.65 W, 1980 MHz
2026/09/27 19:14:18.370, 0, 79641 MiB, 100 %, 519.86 W, 1740 MHz
2026/09/27 19:14:18.371, 1, 79641 MiB, 100 %, 549.27 W, 1980 MHz
2026/09/27 19:14:18.372, 2, 79641 MiB, 100 %, 547.01 W, 1980 MHz
2026/09/27 19:14:18.372, 3, 79641 MiB, 100 %, 530.19 W, 1980 MHz
2026/09/27 19:14:18.373, 4, 79641 MiB, 100 %, 526.37 W, 1980 MHz
2026/09/27 19:14:18.374, 5, 79641 MiB, 100 %, 552.44 W, 1980 MHz
2026/09/27 19:14:18.374, 6, 79641 MiB, 100 %, 548.46 W, 1980 MHz
2026/09/27 19:14:18.375, 7, 79641 MiB, 100 %, 536.03 W, 1980 MHz
2026/09/27 19:14:19.375, 0, 79641 MiB, 100 %, 470.11 W, 1980 MHz
2026/09/27 19:14:19.376, 1, 79641 MiB, 100 %, 451.39 W, 1980 MHz
2026/09/27 19:14:19.377, 2, 79641 MiB, 100 %, 451.39 W, 1980 MHz
2026/09/27 19:14:19.378, 3, 79641 MiB, 100 %, 453.42 W, 1980 MHz
2026/09/27 19:14:19.378, 4, 79641 MiB, 100 %, 439.47 W, 1980 MHz
2026/09/27 19:14:19.379, 5, 79641 MiB, 100 %, 457.56 W, 1980 MHz
2026/09/27 19:14:19.379, 6, 79641 MiB, 100 %, 463.84 W, 1980 MHz
2026/09/27 19:14:19.380, 7, 79641 MiB, 100 %, 433.82 W, 1980 MHz
2026/09/27 19:14:20.381, 0, 79641 MiB, 100 %, 393.78 W, 1980 MHz
2026/09/27 19:14:20.382, 1, 79641 MiB, 100 %, 333.58 W, 1980 MHz
2026/09/27 19:14:20.382, 2, 79641 MiB, 100 %, 329.64 W, 1980 MHz
2026/09/27 19:14:20.383, 3, 79641 MiB, 100 %, 326.01 W, 1980 MHz
2026/09/27 19:14:20.383, 4, 79641 MiB, 100 %, 323.73 W, 1980 MHz
2026/09/27 19:14:20.384, 5, 79641 MiB, 100 %, 321.98 W, 1980 MHz
2026/09/27 19:14:20.385, 6, 79641 MiB, 100 %, 335.06 W, 1980 MHz
2026/09/27 19:14:20.385, 7, 79641 MiB, 100 %, 320.91 W, 1980 MHz
2026/09/27 19:14:21.386, 0, 79641 MiB, 93 %, 426.21 W, 1980 MHz
2026/09/27 19:14:21.387, 1, 79641 MiB, 100 %, 366.52 W, 1980 MHz
2026/09/27 19:14:21.388, 2, 79641 MiB, 100 %, 356.25 W, 1980 MHz
2026/09/27 19:14:21.389, 3, 79641 MiB, 100 %, 377.07 W, 1980 MHz
2026/09/27 19:14:21.390, 4, 79641 MiB, 100 %, 357.12 W, 1980 MHz
2026/09/27 19:14:21.390, 5, 79641 MiB, 92 %, 356.08 W, 1980 MHz
2026/09/27 19:14:21.391, 6, 79641 MiB, 93 %, 361.12 W, 1980 MHz
2026/09/27 19:14:21.392, 7, 79641 MiB, 98 %, 361.81 W, 1980 MHz
2026/09/27 19:14:22.392, 0, 79641 MiB, 100 %, 547.50 W, 1680 MHz
2026/09/27 19:14:22.393, 1, 79641 MiB, 100 %, 540.41 W, 1980 MHz
2026/09/27 19:14:22.394, 2, 79641 MiB, 100 %, 535.01 W, 1980 MHz
2026/09/27 19:14:22.395, 3, 79641 MiB, 100 %, 521.68 W, 1980 MHz
2026/09/27 19:14:22.395, 4, 79641 MiB, 100 %, 517.94 W, 1980 MHz
2026/09/27 19:14:22.396, 5, 79641 MiB, 100 %, 546.28 W, 1980 MHz
2026/09/27 19:14:22.397, 6, 79641 MiB, 100 %, 537.93 W, 1980 MHz
2026/09/27 19:14:22.397, 7, 79641 MiB, 100 %, 519.95 W, 1980 MHz
2026/09/27 19:14:23.398, 0, 79641 MiB, 100 %, 510.49 W, 1755 MHz
2026/09/27 19:14:23.399, 1, 79641 MiB, 100 %, 531.20 W, 1980 MHz
2026/09/27 19:14:23.400, 2, 79641 MiB, 100 %, 529.72 W, 1980 MHz
2026/09/27 19:14:23.400, 3, 79641 MiB, 100 %, 515.66 W, 1980 MHz
2026/09/27 19:14:23.401, 4, 79641 MiB, 100 %, 514.00 W, 1980 MHz
2026/09/27 19:14:23.401, 5, 79641 MiB, 100 %, 531.96 W, 1980 MHz
2026/09/27 19:14:23.402, 6, 79641 MiB, 100 %, 543.12 W, 1980 MHz
2026/09/27 19:14:23.403, 7, 79641 MiB, 100 %, 518.03 W, 1980 MHz
2026/09/27 19:14:24.403, 0, 79641 MiB, 100 %, 532.31 W, 1695 MHz
2026/09/27 19:14:24.405, 1, 79641 MiB, 100 %, 548.81 W, 1980 MHz
2026/09/27 19:14:24.405, 2, 79641 MiB, 100 %, 534.15 W, 1980 MHz
2026/09/27 19:14:24.406, 3, 79641 MiB, 100 %, 537.94 W, 1980 MHz
2026/09/27 19:14:24.407, 4, 79641 MiB, 100 %, 526.98 W, 1980 MHz
2026/09/27 19:14:24.407, 5, 79641 MiB, 100 %, 544.71 W, 1980 MHz
2026/09/27 19:14:24.408, 6, 79641 MiB, 100 %, 556.50 W, 1980 MHz
2026/09/27 19:14:24.408, 7, 79641 MiB, 100 %, 535.94 W, 1980 MHz
2026/09/27 19:14:25.409, 0, 79641 MiB, 100 %, 535.14 W, 1785 MHz
2026/09/27 19:14:25.410, 1, 79641 MiB, 100 %, 542.62 W, 1980 MHz
2026/09/27 19:14:25.411, 2, 79641 MiB, 100 %, 539.14 W, 1980 MHz
2026/09/27 19:14:25.411, 3, 79641 MiB, 100 %, 526.46 W, 1980 MHz
2026/09/27 19:14:25.412, 4, 79641 MiB, 100 %, 523.12 W, 1980 MHz
2026/09/27 19:14:25.412, 5, 79641 MiB, 100 %, 552.33 W, 1980 MHz
2026/09/27 19:14:25.413, 6, 79641 MiB, 100 %, 543.57 W, 1980 MHz
2026/09/27 19:14:25.414, 7, 79641 MiB, 100 %, 534.77 W, 1980 MHz
2026/09/27 19:14:26.414, 0, 79641 MiB, 100 %, 553.12 W, 1860 MHz
2026/09/27 19:14:26.416, 1, 79641 MiB, 100 %, 545.05 W, 1980 MHz
2026/09/27 19:14:26.416, 2, 79641 MiB, 100 %, 534.87 W, 1980 MHz
2026/09/27 19:14:26.417, 3, 79641 MiB, 100 %, 531.47 W, 1980 MHz
2026/09/27 19:14:26.418, 4, 79641 MiB, 100 %, 518.92 W, 1980 MHz
2026/09/27 19:14:26.418, 5, 79641 MiB, 100 %, 545.80 W, 1980 MHz
2026/09/27 19:14:26.419, 6, 79641 MiB, 100 %, 547.49 W, 1980 MHz
2026/09/27 19:14:26.419, 7, 79641 MiB, 100 %, 529.19 W, 1980 MHz
2026/09/27 19:14:27.420, 0, 79641 MiB, 100 %, 535.58 W, 1680 MHz
2026/09/27 19:14:27.421, 1, 79641 MiB, 100 %, 543.99 W, 1980 MHz
2026/09/27 19:14:27.422, 2, 79641 MiB, 100 %, 532.63 W, 1980 MHz
2026/09/27 19:14:27.422, 3, 79641 MiB, 100 %, 539.71 W, 1980 MHz
2026/09/27 19:14:27.423, 4, 79641 MiB, 100 %, 525.03 W, 1980 MHz
2026/09/27 19:14:27.424, 5, 79641 MiB, 100 %, 558.18 W, 1980 MHz
2026/09/27 19:14:27.424, 6, 79641 MiB, 100 %, 554.21 W, 1980 MHz
2026/09/27 19:14:27.425, 7, 79641 MiB, 100 %, 527.01 W, 1980 MHz
2026/09/27 19:14:28.425, 0, 79641 MiB, 100 %, 546.30 W, 1575 MHz
2026/09/27 19:14:28.426, 1, 79641 MiB, 100 %, 550.88 W, 1980 MHz
2026/09/27 19:14:28.427, 2, 79641 MiB, 100 %, 543.41 W, 1980 MHz
2026/09/27 19:14:28.428, 3, 79641 MiB, 100 %, 540.15 W, 1980 MHz
2026/09/27 19:14:28.428, 4, 79641 MiB, 100 %, 526.10 W, 1980 MHz
2026/09/27 19:14:28.429, 5, 79641 MiB, 100 %, 555.18 W, 1980 MHz
2026/09/27 19:14:28.429, 6, 79641 MiB, 100 %, 552.86 W, 1980 MHz
2026/09/27 19:14:28.430, 7, 79641 MiB, 100 %, 542.13 W, 1980 MHz
2026/09/27 19:14:29.431, 0, 79641 MiB, 100 %, 506.14 W, 1710 MHz
2026/09/27 19:14:29.432, 1, 79641 MiB, 100 %, 535.62 W, 1980 MHz
2026/09/27 19:14:29.432, 2, 79641 MiB, 100 %, 521.99 W, 1980 MHz
2026/09/27 19:14:29.433, 3, 79641 MiB, 100 %, 524.09 W, 1980 MHz
2026/09/27 19:14:29.434, 4, 79641 MiB, 100 %, 510.49 W, 1980 MHz
2026/09/27 19:14:29.434, 5, 79641 MiB, 100 %, 534.24 W, 1980 MHz
2026/09/27 19:14:29.435, 6, 79641 MiB, 100 %, 528.41 W, 1980 MHz
2026/09/27 19:14:29.436, 7, 79641 MiB, 100 %, 515.99 W, 1980 MHz
2026/09/27 19:14:30.436, 0, 79641 MiB, 100 %, 506.93 W, 1710 MHz
2026/09/27 19:14:30.437, 1, 79641 MiB, 100 %, 532.18 W, 1980 MHz
2026/09/27 19:14:30.438, 2, 79641 MiB, 100 %, 536.00 W, 1980 MHz
2026/09/27 19:14:30.439, 3, 79641 MiB, 100 %, 523.53 W, 1980 MHz
2026/09/27 19:14:30.439, 4, 79641 MiB, 100 %, 514.70 W, 1980 MHz
2026/09/27 19:14:30.440, 5, 79641 MiB, 100 %, 540.50 W, 1980 MHz
2026/09/27 19:14:30.441, 6, 79641 MiB, 100 %, 541.42 W, 1980 MHz
2026/09/27 19:14:30.441, 7, 79641 MiB, 100 %, 522.49 W, 1980 MHz
2026/09/27 19:14:31.442, 0, 79641 MiB, 100 %, 544.42 W, 1785 MHz
2026/09/27 19:14:31.443, 1, 79641 MiB, 100 %, 552.43 W, 1980 MHz
2026/09/27 19:14:31.444, 2, 79641 MiB, 100 %, 544.96 W, 1980 MHz
2026/09/27 19:14:31.444, 3, 79641 MiB, 100 %, 543.90 W, 1980 MHz
2026/09/27 19:14:31.445, 4, 79641 MiB, 100 %, 535.10 W, 1980 MHz
2026/09/27 19:14:31.446, 5, 79641 MiB, 100 %, 554.37 W, 1980 MHz
2026/09/27 19:14:31.446, 6, 79641 MiB, 100 %, 547.02 W, 1980 MHz
2026/09/27 19:14:31.447, 7, 79641 MiB, 100 %, 537.19 W, 1980 MHz
2026/09/27 19:14:32.447, 0, 79641 MiB, 100 %, 503.61 W, 1710 MHz
2026/09/27 19:14:32.448, 1, 79641 MiB, 100 %, 537.46 W, 1980 MHz
2026/09/27 19:14:32.449, 2, 79641 MiB, 100 %, 533.18 W, 1980 MHz
2026/09/27 19:14:32.450, 3, 79641 MiB, 100 %, 524.05 W, 1980 MHz
2026/09/27 19:14:32.450, 4, 79641 MiB, 100 %, 517.99 W, 1980 MHz
2026/09/27 19:14:32.451, 5, 79641 MiB, 100 %, 528.21 W, 1980 MHz
2026/09/27 19:14:32.451, 6, 79641 MiB, 100 %, 536.61 W, 1980 MHz
2026/09/27 19:14:32.452, 7, 79641 MiB, 100 %, 519.66 W, 1980 MHz
2026/09/27 19:14:33.453, 0, 79641 MiB, 100 %, 495.02 W, 1710 MHz
2026/09/27 19:14:33.454, 1, 79641 MiB, 100 %, 523.75 W, 1980 MHz
2026/09/27 19:14:33.455, 2, 79641 MiB, 100 %, 521.56 W, 1980 MHz
2026/09/27 19:14:33.455, 3, 79641 MiB, 100 %, 521.52 W, 1980 MHz
2026/09/27 19:14:33.458, 4, 79641 MiB, 100 %, 503.08 W, 1980 MHz
2026/09/27 19:14:33.459, 5, 79641 MiB, 100 %, 536.53 W, 1980 MHz
2026/09/27 19:14:33.460, 6, 79641 MiB, 100 %, 533.46 W, 1980 MHz
2026/09/27 19:14:33.462, 7, 79641 MiB, 100 %, 517.86 W, 1980 MHz
2026/09/27 19:14:34.464, 0, 79641 MiB, 100 %, 511.70 W, 1650 MHz
2026/09/27 19:14:34.464, 1, 79641 MiB, 100 %, 552.57 W, 1980 MHz
2026/09/27 19:14:34.465, 2, 79641 MiB, 100 %, 544.31 W, 1980 MHz
2026/09/27 19:14:34.466, 3, 79641 MiB, 100 %, 524.54 W, 1980 MHz
2026/09/27 19:14:34.466, 4, 79641 MiB, 100 %, 529.81 W, 1980 MHz
2026/09/27 19:14:34.467, 5, 79641 MiB, 100 %, 545.90 W, 1980 MHz
2026/09/27 19:14:34.467, 6, 79641 MiB, 100 %, 546.43 W, 1980 MHz
2026/09/27 19:14:34.468, 7, 79641 MiB, 100 %, 533.25 W, 1980 MHz
2026/09/27 19:14:35.469, 0, 79641 MiB, 100 %, 562.59 W, 1890 MHz
2026/09/27 19:14:35.470, 1, 79641 MiB, 100 %, 558.55 W, 1980 MHz
2026/09/27 19:14:35.472, 2, 79641 MiB, 100 %, 555.94 W, 1980 MHz
2026/09/27 19:14:35.473, 3, 79641 MiB, 100 %, 547.80 W, 1980 MHz
2026/09/27 19:14:35.474, 4, 79641 MiB, 100 %, 534.66 W, 1980 MHz
2026/09/27 19:14:35.476, 5, 79641 MiB, 100 %, 555.91 W, 1980 MHz
2026/09/27 19:14:35.477, 6, 79641 MiB, 100 %, 556.07 W, 1980 MHz
2026/09/27 19:14:35.477, 7, 79641 MiB, 100 %, 540.02 W, 1980 MHz
2026/09/27 19:14:36.479, 0, 79641 MiB, 100 %, 534.27 W, 1875 MHz
2026/09/27 19:14:36.480, 1, 79641 MiB, 100 %, 539.32 W, 1980 MHz
2026/09/27 19:14:36.480, 2, 79641 MiB, 100 %, 519.20 W, 1980 MHz
2026/09/27 19:14:36.481, 3, 79641 MiB, 100 %, 523.68 W, 1980 MHz
2026/09/27 19:14:36.481, 4, 79641 MiB, 100 %, 520.46 W, 1980 MHz
2026/09/27 19:14:36.482, 5, 79641 MiB, 100 %, 541.06 W, 1980 MHz
2026/09/27 19:14:36.483, 6, 79641 MiB, 100 %, 536.42 W, 1980 MHz
2026/09/27 19:14:36.483, 7, 79641 MiB, 100 %, 516.34 W, 1980 MHz
2026/09/27 19:14:37.484, 0, 79641 MiB, 100 %, 550.10 W, 1845 MHz
2026/09/27 19:14:37.485, 1, 79641 MiB, 100 %, 556.38 W, 1980 MHz
2026/09/27 19:14:37.486, 2, 79641 MiB, 100 %, 547.83 W, 1980 MHz
2026/09/27 19:14:37.486, 3, 79641 MiB, 100 %, 537.66 W, 1980 MHz
2026/09/27 19:14:37.487, 4, 79641 MiB, 100 %, 533.33 W, 1980 MHz
2026/09/27 19:14:37.487, 5, 79641 MiB, 100 %, 551.41 W, 1980 MHz
2026/09/27 19:14:37.488, 6, 79641 MiB, 100 %, 551.81 W, 1980 MHz
2026/09/27 19:14:37.489, 7, 79641 MiB, 100 %, 532.24 W, 1980 MHz
2026/09/27 19:14:38.489, 0, 79641 MiB, 100 %, 556.37 W, 1665 MHz
2026/09/27 19:14:38.490, 1, 79641 MiB, 100 %, 544.76 W, 1980 MHz
2026/09/27 19:14:38.491, 2, 79641 MiB, 100 %, 549.84 W, 1980 MHz
2026/09/27 19:14:38.492, 3, 79641 MiB, 100 %, 539.02 W, 1980 MHz
2026/09/27 19:14:38.492, 4, 79641 MiB, 100 %, 529.33 W, 1980 MHz
2026/09/27 19:14:38.493, 5, 79641 MiB, 100 %, 548.05 W, 1980 MHz
2026/09/27 19:14:38.494, 6, 79641 MiB, 100 %, 553.53 W, 1980 MHz
2026/09/27 19:14:38.494, 7, 79641 MiB, 100 %, 538.88 W, 1980 MHz
2026/09/27 19:14:39.495, 0, 79641 MiB, 100 %, 525.72 W, 1725 MHz
2026/09/27 19:14:39.496, 1, 79641 MiB, 100 %, 542.15 W, 1980 MHz
2026/09/27 19:14:39.497, 2, 79641 MiB, 100 %, 530.35 W, 1980 MHz
2026/09/27 19:14:39.497, 3, 79641 MiB, 100 %, 533.67 W, 1980 MHz
2026/09/27 19:14:39.498, 4, 79641 MiB, 100 %, 519.06 W, 1980 MHz
2026/09/27 19:14:39.498, 5, 79641 MiB, 100 %, 546.11 W, 1980 MHz
2026/09/27 19:14:39.499, 6, 79641 MiB, 100 %, 546.16 W, 1980 MHz
2026/09/27 19:14:39.500, 7, 79641 MiB, 100 %, 527.34 W, 1980 MHz
2026/09/27 19:14:40.500, 0, 79641 MiB, 100 %, 542.14 W, 1650 MHz
2026/09/27 19:14:40.501, 1, 79641 MiB, 100 %, 548.39 W, 1980 MHz
2026/09/27 19:14:40.502, 2, 79641 MiB, 100 %, 539.14 W, 1980 MHz
2026/09/27 19:14:40.502, 3, 79641 MiB, 100 %, 532.66 W, 1980 MHz
2026/09/27 19:14:40.503, 4, 79641 MiB, 100 %, 523.19 W, 1980 MHz
2026/09/27 19:14:40.504, 5, 79641 MiB, 100 %, 546.45 W, 1980 MHz
2026/09/27 19:14:40.504, 6, 79641 MiB, 100 %, 541.43 W, 1980 MHz
2026/09/27 19:14:40.505, 7, 79641 MiB, 100 %, 529.67 W, 1980 MHz
2026/09/27 19:14:41.505, 0, 79641 MiB, 100 %, 528.66 W, 1710 MHz
2026/09/27 19:14:41.507, 1, 79641 MiB, 100 %, 544.15 W, 1980 MHz
2026/09/27 19:14:41.507, 2, 79641 MiB, 100 %, 543.19 W, 1980 MHz
2026/09/27 19:14:41.508, 3, 79641 MiB, 100 %, 539.26 W, 1980 MHz
2026/09/27 19:14:41.509, 4, 79641 MiB, 100 %, 524.73 W, 1980 MHz
2026/09/27 19:14:41.509, 5, 79641 MiB, 100 %, 543.91 W, 1980 MHz
2026/09/27 19:14:41.510, 6, 79641 MiB, 100 %, 546.07 W, 1980 MHz
2026/09/27 19:14:41.510, 7, 79641 MiB, 100 %, 528.29 W, 1980 MHz
2026/09/27 19:14:42.511, 0, 79641 MiB, 100 %, 534.58 W, 1740 MHz
2026/09/27 19:14:42.512, 1, 79641 MiB, 100 %, 542.76 W, 1980 MHz
2026/09/27 19:14:42.513, 2, 79641 MiB, 100 %, 545.25 W, 1980 MHz
2026/09/27 19:14:42.513, 3, 79641 MiB, 100 %, 533.64 W, 1980 MHz
2026/09/27 19:14:42.514, 4, 79641 MiB, 100 %, 529.17 W, 1980 MHz
2026/09/27 19:14:42.515, 5, 79641 MiB, 100 %, 544.19 W, 1980 MHz
2026/09/27 19:14:42.515, 6, 79641 MiB, 100 %, 556.01 W, 1980 MHz
2026/09/27 19:14:42.516, 7, 79641 MiB, 100 %, 531.87 W, 1980 MHz
2026/09/27 19:14:43.516, 0, 79641 MiB, 100 %, 541.01 W, 1770 MHz
2026/09/27 19:14:43.517, 1, 79641 MiB, 100 %, 545.56 W, 1980 MHz
2026/09/27 19:14:43.518, 2, 79641 MiB, 100 %, 537.34 W, 1980 MHz
2026/09/27 19:14:43.519, 3, 79641 MiB, 100 %, 530.91 W, 1980 MHz
2026/09/27 19:14:43.519, 4, 79641 MiB, 100 %, 520.47 W, 1980 MHz
2026/09/27 19:14:43.520, 5, 79641 MiB, 100 %, 545.76 W, 1980 MHz
2026/09/27 19:14:43.520, 6, 79641 MiB, 100 %, 547.17 W, 1980 MHz
2026/09/27 19:14:43.521, 7, 79641 MiB, 100 %, 527.11 W, 1980 MHz
2026/09/27 19:14:44.522, 0, 79641 MiB, 100 %, 556.93 W, 1665 MHz
2026/09/27 19:14:44.522, 1, 79641 MiB, 100 %, 543.79 W, 1980 MHz
2026/09/27 19:14:44.523, 2, 79641 MiB, 100 %, 540.27 W, 1980 MHz
2026/09/27 19:14:44.524, 3, 79641 MiB, 100 %, 533.21 W, 1980 MHz
2026/09/27 19:14:44.524, 4, 79641 MiB, 100 %, 522.84 W, 1980 MHz
2026/09/27 19:14:44.525, 5, 79641 MiB, 100 %, 546.50 W, 1980 MHz
2026/09/27 19:14:44.525, 6, 79641 MiB, 100 %, 546.32 W, 1980 MHz
2026/09/27 19:14:44.526, 7, 79641 MiB, 100 %, 520.14 W, 1980 MHz
2026/09/27 19:14:45.527, 0, 79641 MiB, 100 %, 510.96 W, 1590 MHz
2026/09/27 19:14:45.528, 1, 79641 MiB, 100 %, 544.46 W, 1980 MHz
2026/09/27 19:14:45.528, 2, 79641 MiB, 100 %, 540.59 W, 1980 MHz
2026/09/27 19:14:45.529, 3, 79641 MiB, 100 %, 530.42 W, 1980 MHz
2026/09/27 19:14:45.530, 4, 79641 MiB, 100 %, 529.05 W, 1980 MHz
2026/09/27 19:14:45.530, 5, 79641 MiB, 100 %, 544.91 W, 1980 MHz
2026/09/27 19:14:45.531, 6, 79641 MiB, 100 %, 547.29 W, 1980 MHz
2026/09/27 19:14:45.531, 7, 79641 MiB, 100 %, 527.66 W, 1980 MHz
2026/09/27 19:14:46.532, 0, 79641 MiB, 100 %, 527.70 W, 1755 MHz
2026/09/27 19:14:46.533, 1, 79641 MiB, 100 %, 543.99 W, 1980 MHz
2026/09/27 19:14:46.534, 2, 79641 MiB, 100 %, 548.23 W, 1980 MHz
2026/09/27 19:14:46.534, 3, 79641 MiB, 100 %, 530.41 W, 1980 MHz
2026/09/27 19:14:46.535, 4, 79641 MiB, 100 %, 532.29 W, 1980 MHz
2026/09/27 19:14:46.535, 5, 79641 MiB, 100 %, 550.41 W, 1980 MHz
2026/09/27 19:14:46.536, 6, 79641 MiB, 100 %, 544.95 W, 1980 MHz
2026/09/27 19:14:46.537, 7, 79641 MiB, 100 %, 538.57 W, 1980 MHz
2026/09/27 19:14:47.538, 0, 79641 MiB, 100 %, 530.61 W, 1725 MHz
2026/09/27 19:14:47.539, 1, 79641 MiB, 100 %, 538.41 W, 1980 MHz
2026/09/27 19:14:47.539, 2, 79641 MiB, 100 %, 532.71 W, 1980 MHz
2026/09/27 19:14:47.540, 3, 79641 MiB, 100 %, 528.25 W, 1980 MHz
2026/09/27 19:14:47.541, 4, 79641 MiB, 100 %, 523.56 W, 1980 MHz
2026/09/27 19:14:47.541, 5, 79641 MiB, 100 %, 541.08 W, 1980 MHz
2026/09/27 19:14:47.542, 6, 79641 MiB, 100 %, 543.42 W, 1980 MHz
2026/09/27 19:14:47.542, 7, 79641 MiB, 100 %, 522.57 W, 1980 MHz
2026/09/27 19:14:48.543, 0, 79641 MiB, 100 %, 528.81 W, 1695 MHz
2026/09/27 19:14:48.544, 1, 79641 MiB, 100 %, 543.23 W, 1980 MHz
2026/09/27 19:14:48.545, 2, 79641 MiB, 100 %, 537.88 W, 1980 MHz
2026/09/27 19:14:48.546, 3, 79641 MiB, 100 %, 532.03 W, 1980 MHz
2026/09/27 19:14:48.546, 4, 79641 MiB, 100 %, 524.33 W, 1980 MHz
2026/09/27 19:14:48.547, 5, 79641 MiB, 100 %, 547.96 W, 1980 MHz
2026/09/27 19:14:48.548, 6, 79641 MiB, 100 %, 547.02 W, 1980 MHz
2026/09/27 19:14:48.548, 7, 79641 MiB, 100 %, 521.59 W, 1980 MHz
2026/09/27 19:14:49.549, 0, 79641 MiB, 100 %, 543.19 W, 1740 MHz
2026/09/27 19:14:49.550, 1, 79641 MiB, 100 %, 552.43 W, 1980 MHz
2026/09/27 19:14:49.550, 2, 79641 MiB, 100 %, 547.33 W, 1980 MHz
2026/09/27 19:14:49.551, 3, 79641 MiB, 100 %, 546.59 W, 1980 MHz
2026/09/27 19:14:49.552, 4, 79641 MiB, 100 %, 532.96 W, 1980 MHz
2026/09/27 19:14:49.553, 5, 79641 MiB, 100 %, 553.01 W, 1980 MHz
2026/09/27 19:14:49.553, 6, 79641 MiB, 100 %, 558.76 W, 1980 MHz
2026/09/27 19:14:49.554, 7, 79641 MiB, 100 %, 539.28 W, 1980 MHz
2026/09/27 19:14:50.555, 0, 79641 MiB, 100 %, 400.17 W, 1980 MHz
2026/09/27 19:14:50.555, 1, 79641 MiB, 100 %, 363.79 W, 1980 MHz
2026/09/27 19:14:50.556, 2, 79641 MiB, 100 %, 351.57 W, 1980 MHz
2026/09/27 19:14:50.557, 3, 79641 MiB, 100 %, 350.14 W, 1980 MHz
2026/09/27 19:14:50.558, 4, 79641 MiB, 100 %, 350.25 W, 1980 MHz
2026/09/27 19:14:50.558, 5, 79641 MiB, 100 %, 337.02 W, 1980 MHz
2026/09/27 19:14:50.559, 6, 79641 MiB, 100 %, 357.79 W, 1980 MHz
2026/09/27 19:14:50.560, 7, 79641 MiB, 100 %, 355.51 W, 1980 MHz
2026/09/27 19:14:51.560, 0, 79641 MiB, 100 %, 392.15 W, 1980 MHz
2026/09/27 19:14:51.561, 1, 79641 MiB, 100 %, 336.45 W, 1980 MHz
2026/09/27 19:14:51.562, 2, 79641 MiB, 100 %, 327.68 W, 1980 MHz
2026/09/27 19:14:51.563, 3, 79641 MiB, 100 %, 322.33 W, 1980 MHz
2026/09/27 19:14:51.563, 4, 79641 MiB, 100 %, 322.93 W, 1980 MHz
2026/09/27 19:14:51.564, 5, 79641 MiB, 100 %, 323.50 W, 1980 MHz
2026/09/27 19:14:51.565, 6, 79641 MiB, 100 %, 331.67 W, 1980 MHz
2026/09/27 19:14:51.565, 7, 79641 MiB, 100 %, 319.61 W, 1980 MHz
2026/09/27 19:14:52.566, 0, 79641 MiB, 100 %, 537.89 W, 1875 MHz
2026/09/27 19:14:52.567, 1, 79641 MiB, 100 %, 456.62 W, 1980 MHz
2026/09/27 19:14:52.568, 2, 79641 MiB, 100 %, 465.64 W, 1980 MHz
2026/09/27 19:14:52.569, 3, 79641 MiB, 100 %, 455.46 W, 1980 MHz
2026/09/27 19:14:52.570, 4, 79641 MiB, 100 %, 462.52 W, 1980 MHz
2026/09/27 19:14:52.570, 5, 79641 MiB, 100 %, 482.83 W, 1980 MHz
2026/09/27 19:14:52.571, 6, 79641 MiB, 100 %, 481.08 W, 1980 MHz
2026/09/27 19:14:52.572, 7, 79641 MiB, 100 %, 445.87 W, 1980 MHz
2026/09/27 19:14:53.572, 0, 79641 MiB, 100 %, 560.27 W, 1950 MHz
2026/09/27 19:14:53.573, 1, 79641 MiB, 100 %, 542.44 W, 1980 MHz
2026/09/27 19:14:53.574, 2, 79641 MiB, 100 %, 533.42 W, 1980 MHz
2026/09/27 19:14:53.575, 3, 79641 MiB, 100 %, 533.61 W, 1980 MHz
2026/09/27 19:14:53.576, 4, 79641 MiB, 100 %, 521.76 W, 1980 MHz
2026/09/27 19:14:53.576, 5, 79641 MiB, 100 %, 535.00 W, 1980 MHz
2026/09/27 19:14:53.577, 6, 79641 MiB, 100 %, 545.40 W, 1980 MHz
2026/09/27 19:14:53.578, 7, 79641 MiB, 100 %, 526.04 W, 1980 MHz
2026/09/27 19:14:54.579, 0, 79641 MiB, 100 %, 547.83 W, 1650 MHz
2026/09/27 19:14:54.579, 1, 79641 MiB, 100 %, 547.75 W, 1980 MHz
2026/09/27 19:14:54.580, 2, 79641 MiB, 100 %, 541.42 W, 1980 MHz
2026/09/27 19:14:54.581, 3, 79641 MiB, 100 %, 534.48 W, 1980 MHz
2026/09/27 19:14:54.582, 4, 79641 MiB, 100 %, 533.68 W, 1980 MHz
2026/09/27 19:14:54.582, 5, 79641 MiB, 100 %, 553.27 W, 1980 MHz
2026/09/27 19:14:54.583, 6, 79641 MiB, 100 %, 552.80 W, 1980 MHz
2026/09/27 19:14:54.584, 7, 79641 MiB, 100 %, 538.31 W, 1980 MHz
2026/09/27 19:14:55.584, 0, 79641 MiB, 100 %, 491.30 W, 1635 MHz
2026/09/27 19:14:55.585, 1, 79641 MiB, 100 %, 530.69 W, 1980 MHz
2026/09/27 19:14:55.586, 2, 79641 MiB, 100 %, 540.70 W, 1980 MHz
2026/09/27 19:14:55.587, 3, 79641 MiB, 100 %, 519.47 W, 1980 MHz
2026/09/27 19:14:55.587, 4, 79641 MiB, 100 %, 517.83 W, 1980 MHz
2026/09/27 19:14:55.588, 5, 79641 MiB, 100 %, 542.42 W, 1980 MHz
2026/09/27 19:14:55.588, 6, 79641 MiB, 100 %, 539.11 W, 1980 MHz
2026/09/27 19:14:55.589, 7, 79641 MiB, 100 %, 527.33 W, 1980 MHz
2026/09/27 19:14:56.590, 0, 79641 MiB, 100 %, 513.20 W, 1785 MHz
2026/09/27 19:14:56.591, 1, 79641 MiB, 100 %, 532.35 W, 1980 MHz
2026/09/27 19:14:56.591, 2, 79641 MiB, 100 %, 528.20 W, 1980 MHz
2026/09/27 19:14:56.592, 3, 79641 MiB, 100 %, 519.56 W, 1980 MHz
2026/09/27 19:14:56.593, 4, 79641 MiB, 100 %, 515.59 W, 1980 MHz
2026/09/27 19:14:56.594, 5, 79641 MiB, 100 %, 540.33 W, 1980 MHz
2026/09/27 19:14:56.594, 6, 79641 MiB, 100 %, 538.66 W, 1980 MHz
2026/09/27 19:14:56.595, 7, 79641 MiB, 100 %, 524.92 W, 1980 MHz
2026/09/27 19:14:57.596, 0, 79641 MiB, 100 %, 524.31 W, 1695 MHz
2026/09/27 19:14:57.596, 1, 79641 MiB, 100 %, 538.40 W, 1980 MHz
2026/09/27 19:14:57.597, 2, 79641 MiB, 100 %, 533.99 W, 1980 MHz
2026/09/27 19:14:57.598, 3, 79641 MiB, 100 %, 524.04 W, 1980 MHz
2026/09/27 19:14:57.598, 4, 79641 MiB, 100 %, 519.95 W, 1980 MHz
2026/09/27 19:14:57.599, 5, 79641 MiB, 100 %, 542.80 W, 1980 MHz
2026/09/27 19:14:57.600, 6, 79641 MiB, 100 %, 545.50 W, 1980 MHz
2026/09/27 19:14:57.600, 7, 79641 MiB, 100 %, 529.74 W, 1980 MHz
2026/09/27 19:14:58.601, 0, 79641 MiB, 100 %, 515.20 W, 1530 MHz
2026/09/27 19:14:58.602, 1, 79641 MiB, 100 %, 550.12 W, 1980 MHz
2026/09/27 19:14:58.603, 2, 79641 MiB, 100 %, 541.02 W, 1980 MHz
2026/09/27 19:14:58.604, 3, 79641 MiB, 100 %, 536.87 W, 1980 MHz
2026/09/27 19:14:58.604, 4, 79641 MiB, 100 %, 523.10 W, 1980 MHz
2026/09/27 19:14:58.605, 5, 79641 MiB, 100 %, 547.20 W, 1980 MHz
2026/09/27 19:14:58.606, 6, 79641 MiB, 100 %, 543.83 W, 1980 MHz
2026/09/27 19:14:58.606, 7, 79641 MiB, 100 %, 531.23 W, 1980 MHz
2026/09/27 19:14:59.607, 0, 79641 MiB, 100 %, 511.62 W, 1620 MHz
2026/09/27 19:14:59.608, 1, 79641 MiB, 100 %, 535.52 W, 1980 MHz
2026/09/27 19:14:59.609, 2, 79641 MiB, 100 %, 535.66 W, 1980 MHz
2026/09/27 19:14:59.609, 3, 79641 MiB, 100 %, 526.34 W, 1980 MHz
2026/09/27 19:14:59.610, 4, 79641 MiB, 100 %, 510.40 W, 1980 MHz
2026/09/27 19:14:59.611, 5, 79641 MiB, 100 %, 534.52 W, 1980 MHz
2026/09/27 19:14:59.611, 6, 79641 MiB, 100 %, 533.71 W, 1980 MHz
2026/09/27 19:14:59.612, 7, 79641 MiB, 100 %, 524.40 W, 1980 MHz
2026/09/27 19:15:00.613, 0, 79641 MiB, 100 %, 522.57 W, 1635 MHz
2026/09/27 19:15:00.613, 1, 79641 MiB, 100 %, 535.84 W, 1980 MHz
2026/09/27 19:15:00.614, 2, 79641 MiB, 100 %, 535.13 W, 1980 MHz
2026/09/27 19:15:00.615, 3, 79641 MiB, 100 %, 516.26 W, 1980 MHz
2026/09/27 19:15:00.615, 4, 79641 MiB, 100 %, 517.60 W, 1980 MHz
2026/09/27 19:15:00.616, 5, 79641 MiB, 100 %, 540.98 W, 1980 MHz
2026/09/27 19:15:00.617, 6, 79641 MiB, 100 %, 544.52 W, 1980 MHz
2026/09/27 19:15:00.618, 7, 79641 MiB, 100 %, 526.18 W, 1980 MHz
2026/09/27 19:15:01.618, 0, 79641 MiB, 100 %, 493.61 W, 1500 MHz
2026/09/27 19:15:01.619, 1, 79641 MiB, 100 %, 534.32 W, 1980 MHz
2026/09/27 19:15:01.620, 2, 79641 MiB, 100 %, 523.08 W, 1980 MHz
2026/09/27 19:15:01.621, 3, 79641 MiB, 100 %, 527.16 W, 1980 MHz
2026/09/27 19:15:01.622, 4, 79641 MiB, 100 %, 517.84 W, 1980 MHz
2026/09/27 19:15:01.622, 5, 79641 MiB, 100 %, 539.12 W, 1980 MHz
2026/09/27 19:15:01.623, 6, 79641 MiB, 100 %, 540.89 W, 1980 MHz
2026/09/27 19:15:01.624, 7, 79641 MiB, 100 %, 520.16 W, 1980 MHz
2026/09/27 19:15:02.624, 0, 79641 MiB, 100 %, 509.43 W, 1500 MHz
2026/09/27 19:15:02.625, 1, 79641 MiB, 100 %, 542.54 W, 1980 MHz
2026/09/27 19:15:02.626, 2, 79641 MiB, 100 %, 543.29 W, 1980 MHz
2026/09/27 19:15:02.627, 3, 79641 MiB, 100 %, 533.03 W, 1980 MHz
2026/09/27 19:15:02.628, 4, 79641 MiB, 100 %, 521.40 W, 1980 MHz
2026/09/27 19:15:02.628, 5, 79641 MiB, 100 %, 549.25 W, 1980 MHz
2026/09/27 19:15:02.629, 6, 79641 MiB, 100 %, 546.22 W, 1980 MHz
2026/09/27 19:15:02.629, 7, 79641 MiB, 100 %, 532.70 W, 1980 MHz
2026/09/27 19:15:03.630, 0, 79641 MiB, 100 %, 520.22 W, 1815 MHz
2026/09/27 19:15:03.631, 1, 79641 MiB, 100 %, 541.33 W, 1980 MHz
2026/09/27 19:15:03.632, 2, 79641 MiB, 100 %, 535.40 W, 1980 MHz
2026/09/27 19:15:03.633, 3, 79641 MiB, 100 %, 519.48 W, 1980 MHz
2026/09/27 19:15:03.633, 4, 79641 MiB, 100 %, 514.38 W, 1980 MHz
2026/09/27 19:15:03.634, 5, 79641 MiB, 100 %, 537.54 W, 1980 MHz
2026/09/27 19:15:03.635, 6, 79641 MiB, 100 %, 531.55 W, 1980 MHz
2026/09/27 19:15:03.635, 7, 79641 MiB, 100 %, 515.68 W, 1980 MHz
2026/09/27 19:15:04.636, 0, 79641 MiB, 100 %, 529.25 W, 1590 MHz
2026/09/27 19:15:04.637, 1, 79641 MiB, 100 %, 537.26 W, 1980 MHz
2026/09/27 19:15:04.638, 2, 79641 MiB, 100 %, 532.06 W, 1980 MHz
2026/09/27 19:15:04.639, 3, 79641 MiB, 100 %, 527.98 W, 1980 MHz
2026/09/27 19:15:04.639, 4, 79641 MiB, 100 %, 512.90 W, 1980 MHz
2026/09/27 19:15:04.640, 5, 79641 MiB, 100 %, 547.81 W, 1980 MHz
2026/09/27 19:15:04.641, 6, 79641 MiB, 100 %, 549.78 W, 1980 MHz
2026/09/27 19:15:04.641, 7, 79641 MiB, 100 %, 521.44 W, 1980 MHz
2026/09/27 19:15:05.642, 0, 79641 MiB, 100 %, 513.65 W, 1575 MHz
2026/09/27 19:15:05.643, 1, 79641 MiB, 100 %, 548.93 W, 1980 MHz
2026/09/27 19:15:05.644, 2, 79641 MiB, 100 %, 546.28 W, 1980 MHz
2026/09/27 19:15:05.644, 3, 79641 MiB, 100 %, 538.16 W, 1980 MHz
2026/09/27 19:15:05.645, 4, 79641 MiB, 100 %, 535.56 W, 1980 MHz
2026/09/27 19:15:05.646, 5, 79641 MiB, 100 %, 541.93 W, 1980 MHz
2026/09/27 19:15:05.646, 6, 79641 MiB, 100 %, 551.79 W, 1980 MHz
2026/09/27 19:15:05.647, 7, 79641 MiB, 100 %, 527.93 W, 1980 MHz
2026/09/27 19:15:06.648, 0, 79641 MiB, 100 %, 520.65 W, 1740 MHz
2026/09/27 19:15:06.650, 1, 79641 MiB, 100 %, 544.98 W, 1980 MHz
2026/09/27 19:15:06.652, 2, 79641 MiB, 100 %, 538.26 W, 1980 MHz
2026/09/27 19:15:06.653, 3, 79641 MiB, 100 %, 529.80 W, 1980 MHz
2026/09/27 19:15:06.654, 4, 79641 MiB, 100 %, 522.93 W, 1980 MHz
2026/09/27 19:15:06.655, 5, 79641 MiB, 100 %, 537.59 W, 1980 MHz
2026/09/27 19:15:06.657, 6, 79641 MiB, 100 %, 537.74 W, 1980 MHz
2026/09/27 19:15:06.657, 7, 79641 MiB, 100 %, 531.23 W, 1980 MHz
2026/09/27 19:15:07.658, 0, 79641 MiB, 100 %, 524.10 W, 1710 MHz
2026/09/27 19:15:07.660, 1, 79641 MiB, 100 %, 535.24 W, 1980 MHz
2026/09/27 19:15:07.661, 2, 79641 MiB, 100 %, 522.42 W, 1980 MHz
2026/09/27 19:15:07.661, 3, 79641 MiB, 100 %, 523.22 W, 1980 MHz
2026/09/27 19:15:07.662, 4, 79641 MiB, 100 %, 518.47 W, 1980 MHz
2026/09/27 19:15:07.663, 5, 79641 MiB, 100 %, 545.47 W, 1980 MHz
2026/09/27 19:15:07.663, 6, 79641 MiB, 100 %, 547.63 W, 1980 MHz
2026/09/27 19:15:07.664, 7, 79641 MiB, 100 %, 511.59 W, 1980 MHz
2026/09/27 19:15:08.665, 0, 79641 MiB, 100 %, 534.40 W, 1605 MHz
2026/09/27 19:15:08.666, 1, 79641 MiB, 100 %, 542.84 W, 1980 MHz
2026/09/27 19:15:08.666, 2, 79641 MiB, 100 %, 540.64 W, 1980 MHz
2026/09/27 19:15:08.667, 3, 79641 MiB, 100 %, 538.66 W, 1980 MHz
2026/09/27 19:15:08.669, 4, 79641 MiB, 100 %, 522.23 W, 1980 MHz
2026/09/27 19:15:08.670, 5, 79641 MiB, 100 %, 547.72 W, 1980 MHz
2026/09/27 19:15:08.670, 6, 79641 MiB, 100 %, 548.63 W, 1980 MHz
2026/09/27 19:15:08.671, 7, 79641 MiB, 100 %, 531.24 W, 1980 MHz
2026/09/27 19:15:09.672, 0, 79641 MiB, 100 %, 511.04 W, 1680 MHz
2026/09/27 19:15:09.673, 1, 79641 MiB, 100 %, 552.27 W, 1980 MHz
2026/09/27 19:15:09.674, 2, 79641 MiB, 100 %, 539.03 W, 1980 MHz
2026/09/27 19:15:09.674, 3, 79641 MiB, 100 %, 538.50 W, 1980 MHz
2026/09/27 19:15:09.675, 4, 79641 MiB, 100 %, 523.85 W, 1980 MHz
2026/09/27 19:15:09.676, 5, 79641 MiB, 100 %, 543.06 W, 1980 MHz
2026/09/27 19:15:09.676, 6, 79641 MiB, 100 %, 544.26 W, 1980 MHz
2026/09/27 19:15:09.677, 7, 79641 MiB, 100 %, 541.93 W, 1980 MHz
2026/09/27 19:15:10.678, 0, 79641 MiB, 100 %, 514.18 W, 1710 MHz
2026/09/27 19:15:10.679, 1, 79641 MiB, 100 %, 535.72 W, 1980 MHz
2026/09/27 19:15:10.679, 2, 79641 MiB, 100 %, 521.22 W, 1980 MHz
2026/09/27 19:15:10.680, 3, 79641 MiB, 100 %, 517.59 W, 1980 MHz
2026/09/27 19:15:10.681, 4, 79641 MiB, 100 %, 517.76 W, 1980 MHz
2026/09/27 19:15:10.681, 5, 79641 MiB, 100 %, 539.18 W, 1980 MHz
2026/09/27 19:15:10.682, 6, 79641 MiB, 100 %, 547.31 W, 1980 MHz
2026/09/27 19:15:10.683, 7, 79641 MiB, 100 %, 517.74 W, 1980 MHz
2026/09/27 19:15:11.684, 0, 79641 MiB, 100 %, 530.37 W, 1665 MHz
2026/09/27 19:15:11.685, 1, 79641 MiB, 100 %, 554.35 W, 1980 MHz
2026/09/27 19:15:11.686, 2, 79641 MiB, 100 %, 545.26 W, 1980 MHz
2026/09/27 19:15:11.686, 3, 79641 MiB, 100 %, 531.33 W, 1980 MHz
2026/09/27 19:15:11.687, 4, 79641 MiB, 100 %, 525.73 W, 1980 MHz
2026/09/27 19:15:11.688, 5, 79641 MiB, 100 %, 549.12 W, 1980 MHz
2026/09/27 19:15:11.688, 6, 79641 MiB, 100 %, 545.04 W, 1980 MHz
2026/09/27 19:15:11.689, 7, 79641 MiB, 100 %, 532.53 W, 1980 MHz
2026/09/27 19:15:12.690, 0, 79641 MiB, 100 %, 518.39 W, 1710 MHz
2026/09/27 19:15:12.690, 1, 79641 MiB, 100 %, 539.34 W, 1980 MHz
2026/09/27 19:15:12.691, 2, 79641 MiB, 100 %, 540.61 W, 1980 MHz
2026/09/27 19:15:12.692, 3, 79641 MiB, 100 %, 531.39 W, 1980 MHz
2026/09/27 19:15:12.693, 4, 79641 MiB, 100 %, 528.33 W, 1980 MHz
2026/09/27 19:15:12.693, 5, 79641 MiB, 100 %, 547.80 W, 1980 MHz
2026/09/27 19:15:12.694, 6, 79641 MiB, 100 %, 547.89 W, 1980 MHz
2026/09/27 19:15:12.695, 7, 79641 MiB, 100 %, 529.10 W, 1980 MHz
2026/09/27 19:15:13.695, 0, 79641 MiB, 100 %, 499.82 W, 1710 MHz
2026/09/27 19:15:13.696, 1, 79641 MiB, 100 %, 535.81 W, 1980 MHz
2026/09/27 19:15:13.697, 2, 79641 MiB, 100 %, 532.83 W, 1980 MHz
2026/09/27 19:15:13.698, 3, 79641 MiB, 100 %, 531.75 W, 1980 MHz
2026/09/27 19:15:13.698, 4, 79641 MiB, 100 %, 519.92 W, 1980 MHz
2026/09/27 19:15:13.699, 5, 79641 MiB, 100 %, 543.54 W, 1980 MHz
2026/09/27 19:15:13.700, 6, 79641 MiB, 100 %, 541.43 W, 1980 MHz
2026/09/27 19:15:13.701, 7, 79641 MiB, 100 %, 523.23 W, 1980 MHz
2026/09/27 19:15:14.701, 0, 79641 MiB, 100 %, 516.46 W, 1605 MHz
2026/09/27 19:15:14.702, 1, 79641 MiB, 100 %, 543.84 W, 1980 MHz
2026/09/27 19:15:14.703, 2, 79641 MiB, 100 %, 531.70 W, 1980 MHz
2026/09/27 19:15:14.704, 3, 79641 MiB, 100 %, 522.85 W, 1980 MHz
2026/09/27 19:15:14.704, 4, 79641 MiB, 100 %, 520.70 W, 1980 MHz
2026/09/27 19:15:14.705, 5, 79641 MiB, 100 %, 540.66 W, 1980 MHz
2026/09/27 19:15:14.706, 6, 79641 MiB, 100 %, 543.57 W, 1980 MHz
2026/09/27 19:15:14.706, 7, 79641 MiB, 100 %, 523.09 W, 1980 MHz
2026/09/27 19:15:15.707, 0, 79641 MiB, 100 %, 515.51 W, 1710 MHz
2026/09/27 19:15:15.708, 1, 79641 MiB, 100 %, 546.48 W, 1980 MHz
2026/09/27 19:15:15.709, 2, 79641 MiB, 100 %, 538.66 W, 1980 MHz
2026/09/27 19:15:15.709, 3, 79641 MiB, 100 %, 539.58 W, 1980 MHz
2026/09/27 19:15:15.710, 4, 79641 MiB, 100 %, 523.65 W, 1980 MHz
2026/09/27 19:15:15.711, 5, 79641 MiB, 100 %, 544.96 W, 1980 MHz
2026/09/27 19:15:15.711, 6, 79641 MiB, 100 %, 540.08 W, 1980 MHz
2026/09/27 19:15:15.712, 7, 79641 MiB, 100 %, 532.67 W, 1980 MHz
2026/09/27 19:15:16.713, 0, 79641 MiB, 100 %, 525.53 W, 1875 MHz
2026/09/27 19:15:16.714, 1, 79641 MiB, 100 %, 551.46 W, 1980 MHz
2026/09/27 19:15:16.714, 2, 79641 MiB, 100 %, 536.10 W, 1980 MHz
2026/09/27 19:15:16.715, 3, 79641 MiB, 100 %, 538.24 W, 1980 MHz
2026/09/27 19:15:16.716, 4, 79641 MiB, 100 %, 526.50 W, 1980 MHz
2026/09/27 19:15:16.716, 5, 79641 MiB, 100 %, 555.29 W, 1980 MHz
2026/09/27 19:15:16.717, 6, 79641 MiB, 100 %, 552.02 W, 1980 MHz
2026/09/27 19:15:16.718, 7, 79641 MiB, 100 %, 528.90 W, 1980 MHz
2026/09/27 19:15:17.719, 0, 79641 MiB, 100 %, 529.06 W, 1650 MHz
2026/09/27 19:15:17.720, 1, 79641 MiB, 100 %, 542.87 W, 1980 MHz
2026/09/27 19:15:17.720, 2, 79641 MiB, 100 %, 527.39 W, 1980 MHz
2026/09/27 19:15:17.721, 3, 79641 MiB, 100 %, 533.21 W, 1980 MHz
2026/09/27 19:15:17.722, 4, 79641 MiB, 100 %, 522.47 W, 1980 MHz
2026/09/27 19:15:17.722, 5, 79641 MiB, 100 %, 538.78 W, 1980 MHz
2026/09/27 19:15:17.723, 6, 79641 MiB, 100 %, 547.52 W, 1980 MHz
2026/09/27 19:15:17.724, 7, 79641 MiB, 100 %, 526.18 W, 1980 MHz
2026/09/27 19:15:18.725, 0, 79641 MiB, 100 %, 535.00 W, 1905 MHz
2026/09/27 19:15:18.726, 1, 79641 MiB, 100 %, 551.14 W, 1980 MHz
2026/09/27 19:15:18.726, 2, 79641 MiB, 100 %, 530.95 W, 1980 MHz
2026/09/27 19:15:18.727, 3, 79641 MiB, 100 %, 534.65 W, 1980 MHz
2026/09/27 19:15:18.728, 4, 79641 MiB, 100 %, 534.25 W, 1980 MHz
2026/09/27 19:15:18.729, 5, 79641 MiB, 100 %, 542.22 W, 1980 MHz
2026/09/27 19:15:18.729, 6, 79641 MiB, 100 %, 536.98 W, 1980 MHz
2026/09/27 19:15:18.730, 7, 79641 MiB, 100 %, 525.33 W, 1980 MHz
2026/09/27 19:15:19.731, 0, 79641 MiB, 100 %, 549.10 W, 1860 MHz
2026/09/27 19:15:19.732, 1, 79641 MiB, 100 %, 540.86 W, 1980 MHz
2026/09/27 19:15:19.733, 2, 79641 MiB, 100 %, 543.95 W, 1980 MHz
2026/09/27 19:15:19.733, 3, 79641 MiB, 100 %, 533.79 W, 1980 MHz
2026/09/27 19:15:19.734, 4, 79641 MiB, 100 %, 523.97 W, 1980 MHz
2026/09/27 19:15:19.734, 5, 79641 MiB, 100 %, 556.70 W, 1980 MHz
2026/09/27 19:15:19.735, 6, 79641 MiB, 100 %, 550.95 W, 1980 MHz
2026/09/27 19:15:19.736, 7, 79641 MiB, 100 %, 530.10 W, 1980 MHz
2026/09/27 19:15:20.737, 0, 79641 MiB, 93 %, 475.65 W, 1965 MHz
2026/09/27 19:15:20.737, 1, 79641 MiB, 98 %, 497.66 W, 1980 MHz
2026/09/27 19:15:20.738, 2, 79641 MiB, 100 %, 503.00 W, 1980 MHz
2026/09/27 19:15:20.739, 3, 79641 MiB, 100 %, 483.70 W, 1980 MHz
2026/09/27 19:15:20.739, 4, 79641 MiB, 99 %, 479.60 W, 1980 MHz
2026/09/27 19:15:20.740, 5, 79641 MiB, 95 %, 488.66 W, 1980 MHz
2026/09/27 19:15:20.741, 6, 79641 MiB, 100 %, 488.83 W, 1980 MHz
2026/09/27 19:15:20.741, 7, 79641 MiB, 100 %, 485.07 W, 1980 MHz
2026/09/27 19:15:21.742, 0, 79641 MiB, 100 %, 391.70 W, 1980 MHz
2026/09/27 19:15:21.743, 1, 79641 MiB, 100 %, 331.92 W, 1980 MHz
2026/09/27 19:15:21.744, 2, 79641 MiB, 100 %, 327.31 W, 1980 MHz
2026/09/27 19:15:21.745, 3, 79641 MiB, 100 %, 322.10 W, 1980 MHz
2026/09/27 19:15:21.745, 4, 79641 MiB, 100 %, 320.50 W, 1980 MHz
2026/09/27 19:15:21.746, 5, 79641 MiB, 100 %, 318.76 W, 1980 MHz
2026/09/27 19:15:21.747, 6, 79641 MiB, 100 %, 331.92 W, 1980 MHz
2026/09/27 19:15:21.747, 7, 79641 MiB, 100 %, 318.41 W, 1980 MHz
2026/09/27 19:15:22.748, 0, 79641 MiB, 100 %, 404.98 W, 1980 MHz
2026/09/27 19:15:22.749, 1, 79641 MiB, 100 %, 333.45 W, 1980 MHz
2026/09/27 19:15:22.750, 2, 79641 MiB, 89 %, 341.46 W, 1980 MHz
2026/09/27 19:15:22.751, 3, 79641 MiB, 89 %, 338.12 W, 1980 MHz
2026/09/27 19:15:22.751, 4, 79641 MiB, 100 %, 328.27 W, 1980 MHz
2026/09/27 19:15:22.752, 5, 79641 MiB, 100 %, 339.58 W, 1980 MHz
2026/09/27 19:15:22.753, 6, 79641 MiB, 100 %, 344.88 W, 1980 MHz
2026/09/27 19:15:22.754, 7, 79641 MiB, 91 %, 327.61 W, 1980 MHz
2026/09/27 19:15:23.754, 0, 79641 MiB, 100 %, 544.36 W, 1680 MHz
2026/09/27 19:15:23.755, 1, 79641 MiB, 100 %, 530.66 W, 1980 MHz
2026/09/27 19:15:23.756, 2, 79641 MiB, 100 %, 530.61 W, 1980 MHz
2026/09/27 19:15:23.757, 3, 79641 MiB, 100 %, 512.02 W, 1980 MHz
2026/09/27 19:15:23.757, 4, 79641 MiB, 100 %, 516.04 W, 1980 MHz
2026/09/27 19:15:23.758, 5, 79641 MiB, 100 %, 538.62 W, 1980 MHz
2026/09/27 19:15:23.759, 6, 79641 MiB, 100 %, 544.10 W, 1980 MHz
2026/09/27 19:15:23.759, 7, 79641 MiB, 100 %, 523.15 W, 1980 MHz
2026/09/27 19:15:24.760, 0, 79641 MiB, 100 %, 517.83 W, 1665 MHz
2026/09/27 19:15:24.761, 1, 79641 MiB, 100 %, 540.58 W, 1980 MHz
2026/09/27 19:15:24.762, 2, 79641 MiB, 100 %, 530.87 W, 1980 MHz
2026/09/27 19:15:24.763, 3, 79641 MiB, 100 %, 522.57 W, 1980 MHz
2026/09/27 19:15:24.763, 4, 79641 MiB, 100 %, 523.49 W, 1980 MHz
2026/09/27 19:15:24.764, 5, 79641 MiB, 100 %, 543.55 W, 1980 MHz
2026/09/27 19:15:24.765, 6, 79641 MiB, 100 %, 542.75 W, 1980 MHz
2026/09/27 19:15:24.765, 7, 79641 MiB, 100 %, 532.60 W, 1980 MHz
2026/09/27 19:15:25.766, 0, 79641 MiB, 100 %, 506.95 W, 1755 MHz
2026/09/27 19:15:25.767, 1, 79641 MiB, 100 %, 545.64 W, 1980 MHz
2026/09/27 19:15:25.768, 2, 79641 MiB, 100 %, 532.36 W, 1980 MHz
2026/09/27 19:15:25.769, 3, 79641 MiB, 100 %, 536.64 W, 1980 MHz
2026/09/27 19:15:25.770, 4, 79641 MiB, 100 %, 522.52 W, 1980 MHz
2026/09/27 19:15:25.770, 5, 79641 MiB, 100 %, 538.52 W, 1980 MHz
2026/09/27 19:15:25.771, 6, 79641 MiB, 100 %, 544.72 W, 1980 MHz
2026/09/27 19:15:25.771, 7, 79641 MiB, 100 %, 526.81 W, 1980 MHz
2026/09/27 19:15:26.772, 0, 79641 MiB, 100 %, 504.70 W, 1890 MHz
2026/09/27 19:15:26.774, 1, 79641 MiB, 100 %, 530.11 W, 1980 MHz
2026/09/27 19:15:26.775, 2, 79641 MiB, 100 %, 531.97 W, 1980 MHz
2026/09/27 19:15:26.776, 3, 79641 MiB, 100 %, 519.66 W, 1980 MHz
2026/09/27 19:15:26.776, 4, 79641 MiB, 100 %, 515.59 W, 1980 MHz
2026/09/27 19:15:26.777, 5, 79641 MiB, 100 %, 537.92 W, 1980 MHz
2026/09/27 19:15:26.778, 6, 79641 MiB, 100 %, 542.94 W, 1980 MHz
2026/09/27 19:15:26.778, 7, 79641 MiB, 100 %, 517.25 W, 1980 MHz
2026/09/27 19:15:27.779, 0, 79641 MiB, 100 %, 565.87 W, 1860 MHz
2026/09/27 19:15:27.780, 1, 79641 MiB, 100 %, 547.22 W, 1980 MHz
2026/09/27 19:15:27.780, 2, 79641 MiB, 100 %, 543.88 W, 1980 MHz
2026/09/27 19:15:27.781, 3, 79641 MiB, 100 %, 537.01 W, 1980 MHz
2026/09/27 19:15:27.782, 4, 79641 MiB, 100 %, 527.41 W, 1980 MHz
2026/09/27 19:15:27.782, 5, 79641 MiB, 100 %, 549.19 W, 1980 MHz
2026/09/27 19:15:27.783, 6, 79641 MiB, 100 %, 554.65 W, 1980 MHz
2026/09/27 19:15:27.783, 7, 79641 MiB, 100 %, 532.53 W, 1980 MHz
2026/09/27 19:15:28.784, 0, 79641 MiB, 100 %, 524.09 W, 1725 MHz
2026/09/27 19:15:28.785, 1, 79641 MiB, 100 %, 537.19 W, 1980 MHz
2026/09/27 19:15:28.788, 2, 79641 MiB, 100 %, 534.52 W, 1980 MHz
2026/09/27 19:15:28.789, 3, 79641 MiB, 100 %, 530.74 W, 1980 MHz
2026/09/27 19:15:28.790, 4, 79641 MiB, 100 %, 515.73 W, 1980 MHz
2026/09/27 19:15:28.792, 5, 79641 MiB, 100 %, 544.00 W, 1980 MHz
2026/09/27 19:15:28.794, 6, 79641 MiB, 100 %, 539.28 W, 1980 MHz
2026/09/27 19:15:28.795, 7, 79641 MiB, 100 %, 527.14 W, 1980 MHz
2026/09/27 19:15:29.797, 0, 79641 MiB, 100 %, 510.22 W, 1680 MHz
2026/09/27 19:15:29.798, 1, 79641 MiB, 100 %, 547.62 W, 1980 MHz
2026/09/27 19:15:29.799, 2, 79641 MiB, 100 %, 536.87 W, 1980 MHz
2026/09/27 19:15:29.800, 3, 79641 MiB, 100 %, 533.78 W, 1980 MHz
2026/09/27 19:15:29.800, 4, 79641 MiB, 100 %, 520.35 W, 1980 MHz
2026/09/27 19:15:29.801, 5, 79641 MiB, 100 %, 548.49 W, 1980 MHz
2026/09/27 19:15:29.801, 6, 79641 MiB, 100 %, 550.56 W, 1980 MHz
2026/09/27 19:15:29.802, 7, 79641 MiB, 100 %, 521.60 W, 1980 MHz
2026/09/27 19:15:30.803, 0, 79641 MiB, 100 %, 515.81 W, 1680 MHz
2026/09/27 19:15:30.804, 1, 79641 MiB, 100 %, 539.77 W, 1980 MHz
2026/09/27 19:15:30.804, 2, 79641 MiB, 100 %, 531.88 W, 1980 MHz
2026/09/27 19:15:30.805, 3, 79641 MiB, 100 %, 529.79 W, 1980 MHz
2026/09/27 19:15:30.806, 4, 79641 MiB, 100 %, 520.25 W, 1980 MHz
2026/09/27 19:15:30.806, 5, 79641 MiB, 100 %, 544.63 W, 1980 MHz
2026/09/27 19:15:30.807, 6, 79641 MiB, 100 %, 541.44 W, 1980 MHz
2026/09/27 19:15:30.808, 7, 79641 MiB, 100 %, 529.71 W, 1980 MHz
2026/09/27 19:15:31.808, 0, 79641 MiB, 100 %, 519.98 W, 1860 MHz
2026/09/27 19:15:31.809, 1, 79641 MiB, 100 %, 538.43 W, 1980 MHz
2026/09/27 19:15:31.810, 2, 79641 MiB, 100 %, 535.39 W, 1980 MHz
2026/09/27 19:15:31.810, 3, 79641 MiB, 100 %, 530.56 W, 1980 MHz
2026/09/27 19:15:31.811, 4, 79641 MiB, 100 %, 513.60 W, 1980 MHz
2026/09/27 19:15:31.812, 5, 79641 MiB, 100 %, 536.16 W, 1980 MHz
2026/09/27 19:15:31.812, 6, 79641 MiB, 100 %, 538.71 W, 1980 MHz
2026/09/27 19:15:31.813, 7, 79641 MiB, 100 %, 523.00 W, 1980 MHz
2026/09/27 19:15:32.814, 0, 79641 MiB, 100 %, 526.78 W, 1665 MHz
2026/09/27 19:15:32.814, 1, 79641 MiB, 100 %, 541.55 W, 1980 MHz
2026/09/27 19:15:32.815, 2, 79641 MiB, 100 %, 536.42 W, 1980 MHz
2026/09/27 19:15:32.816, 3, 79641 MiB, 100 %, 533.73 W, 1980 MHz
2026/09/27 19:15:32.816, 4, 79641 MiB, 100 %, 522.03 W, 1980 MHz
2026/09/27 19:15:32.817, 5, 79641 MiB, 100 %, 550.85 W, 1980 MHz
2026/09/27 19:15:32.818, 6, 79641 MiB, 100 %, 548.99 W, 1980 MHz
2026/09/27 19:15:32.818, 7, 79641 MiB, 100 %, 524.40 W, 1980 MHz
2026/09/27 19:15:33.819, 0, 79641 MiB, 100 %, 521.18 W, 1770 MHz
2026/09/27 19:15:33.820, 1, 79641 MiB, 100 %, 540.53 W, 1980 MHz
2026/09/27 19:15:33.820, 2, 79641 MiB, 100 %, 539.39 W, 1980 MHz
2026/09/27 19:15:33.821, 3, 79641 MiB, 100 %, 522.33 W, 1980 MHz
2026/09/27 19:15:33.822, 4, 79641 MiB, 100 %, 523.22 W, 1980 MHz
2026/09/27 19:15:33.822, 5, 79641 MiB, 100 %, 546.14 W, 1980 MHz
2026/09/27 19:15:33.823, 6, 79641 MiB, 100 %, 549.85 W, 1980 MHz
2026/09/27 19:15:33.823, 7, 79641 MiB, 100 %, 528.48 W, 1980 MHz
2026/09/27 19:15:34.824, 0, 79641 MiB, 100 %, 500.60 W, 1695 MHz
2026/09/27 19:15:34.825, 1, 79641 MiB, 100 %, 528.47 W, 1980 MHz
2026/09/27 19:15:34.826, 2, 79641 MiB, 100 %, 525.60 W, 1980 MHz
2026/09/27 19:15:34.826, 3, 79641 MiB, 100 %, 523.56 W, 1980 MHz
2026/09/27 19:15:34.827, 4, 79641 MiB, 100 %, 509.64 W, 1980 MHz
2026/09/27 19:15:34.828, 5, 79641 MiB, 100 %, 529.13 W, 1980 MHz
2026/09/27 19:15:34.828, 6, 79641 MiB, 100 %, 537.17 W, 1980 MHz
2026/09/27 19:15:34.829, 7, 79641 MiB, 100 %, 509.36 W, 1980 MHz
2026/09/27 19:15:35.829, 0, 79641 MiB, 100 %, 493.29 W, 1590 MHz
2026/09/27 19:15:35.830, 1, 79641 MiB, 100 %, 531.46 W, 1980 MHz
2026/09/27 19:15:35.831, 2, 79641 MiB, 100 %, 527.18 W, 1980 MHz
2026/09/27 19:15:35.831, 3, 79641 MiB, 100 %, 530.49 W, 1980 MHz
2026/09/27 19:15:35.832, 4, 79641 MiB, 100 %, 515.53 W, 1980 MHz
2026/09/27 19:15:35.833, 5, 79641 MiB, 100 %, 541.92 W, 1980 MHz
2026/09/27 19:15:35.833, 6, 79641 MiB, 100 %, 540.65 W, 1980 MHz
2026/09/27 19:15:35.834, 7, 79641 MiB, 100 %, 518.63 W, 1980 MHz
2026/09/27 19:15:36.834, 0, 79641 MiB, 100 %, 505.70 W, 1800 MHz
2026/09/27 19:15:36.835, 1, 79641 MiB, 100 %, 543.86 W, 1980 MHz
2026/09/27 19:15:36.836, 2, 79641 MiB, 100 %, 537.25 W, 1980 MHz
2026/09/27 19:15:36.837, 3, 79641 MiB, 100 %, 535.29 W, 1980 MHz
2026/09/27 19:15:36.837, 4, 79641 MiB, 100 %, 527.79 W, 1980 MHz
2026/09/27 19:15:36.838, 5, 79641 MiB, 100 %, 545.54 W, 1980 MHz
2026/09/27 19:15:36.839, 6, 79641 MiB, 100 %, 543.78 W, 1980 MHz
2026/09/27 19:15:36.839, 7, 79641 MiB, 100 %, 531.34 W, 1980 MHz
2026/09/27 19:15:37.840, 0, 79641 MiB, 100 %, 530.76 W, 1755 MHz
2026/09/27 19:15:37.841, 1, 79641 MiB, 100 %, 549.07 W, 1980 MHz
2026/09/27 19:15:37.841, 2, 79641 MiB, 100 %, 536.20 W, 1980 MHz
2026/09/27 19:15:37.842, 3, 79641 MiB, 100 %, 525.37 W, 1980 MHz
2026/09/27 19:15:37.842, 4, 79641 MiB, 100 %, 522.10 W, 1980 MHz
2026/09/27 19:15:37.843, 5, 79641 MiB, 100 %, 549.63 W, 1980 MHz
2026/09/27 19:15:37.844, 6, 79641 MiB, 100 %, 545.95 W, 1980 MHz
2026/09/27 19:15:37.844, 7, 79641 MiB, 100 %, 524.69 W, 1980 MHz
2026/09/27 19:15:38.845, 0, 79641 MiB, 100 %, 511.32 W, 1680 MHz
2026/09/27 19:15:38.846, 1, 79641 MiB, 100 %, 531.13 W, 1980 MHz
2026/09/27 19:15:38.846, 2, 79641 MiB, 100 %, 535.53 W, 1980 MHz
2026/09/27 19:15:38.847, 3, 79641 MiB, 100 %, 522.72 W, 1980 MHz
2026/09/27 19:15:38.848, 4, 79641 MiB, 100 %, 508.90 W, 1980 MHz
2026/09/27 19:15:38.848, 5, 79641 MiB, 100 %, 533.18 W, 1980 MHz
2026/09/27 19:15:38.849, 6, 79641 MiB, 100 %, 533.66 W, 1980 MHz
2026/09/27 19:15:38.849, 7, 79641 MiB, 100 %, 523.53 W, 1980 MHz
2026/09/27 19:15:39.850, 0, 79641 MiB, 100 %, 518.59 W, 1635 MHz
2026/09/27 19:15:39.851, 1, 79641 MiB, 100 %, 549.04 W, 1980 MHz
2026/09/27 19:15:39.852, 2, 79641 MiB, 100 %, 533.28 W, 1980 MHz
2026/09/27 19:15:39.852, 3, 79641 MiB, 100 %, 531.11 W, 1980 MHz
2026/09/27 19:15:39.853, 4, 79641 MiB, 100 %, 527.27 W, 1980 MHz
2026/09/27 19:15:39.854, 5, 79641 MiB, 100 %, 544.31 W, 1980 MHz
2026/09/27 19:15:39.854, 6, 79641 MiB, 100 %, 546.41 W, 1980 MHz
2026/09/27 19:15:39.855, 7, 79641 MiB, 100 %, 530.54 W, 1980 MHz
2026/09/27 19:15:40.855, 0, 79641 MiB, 100 %, 528.26 W, 1575 MHz
2026/09/27 19:15:40.856, 1, 79641 MiB, 100 %, 555.05 W, 1980 MHz
2026/09/27 19:15:40.857, 2, 79641 MiB, 100 %, 539.09 W, 1980 MHz
2026/09/27 19:15:40.858, 3, 79641 MiB, 100 %, 541.98 W, 1980 MHz
2026/09/27 19:15:40.858, 4, 79641 MiB, 100 %, 524.23 W, 1980 MHz
2026/09/27 19:15:40.859, 5, 79641 MiB, 100 %, 553.98 W, 1980 MHz
2026/09/27 19:15:40.860, 6, 79641 MiB, 100 %, 556.75 W, 1980 MHz
2026/09/27 19:15:40.860, 7, 79641 MiB, 100 %, 533.28 W, 1980 MHz
2026/09/27 19:15:41.861, 0, 79641 MiB, 100 %, 558.30 W, 1935 MHz
2026/09/27 19:15:41.862, 1, 79641 MiB, 100 %, 539.26 W, 1980 MHz
2026/09/27 19:15:41.863, 2, 79641 MiB, 100 %, 538.64 W, 1980 MHz
2026/09/27 19:15:41.863, 3, 79641 MiB, 100 %, 526.62 W, 1980 MHz
2026/09/27 19:15:41.864, 4, 79641 MiB, 100 %, 517.46 W, 1980 MHz
2026/09/27 19:15:41.865, 5, 79641 MiB, 100 %, 541.62 W, 1980 MHz
2026/09/27 19:15:41.865, 6, 79641 MiB, 100 %, 545.51 W, 1980 MHz
2026/09/27 19:15:41.866, 7, 79641 MiB, 100 %, 519.80 W, 1980 MHz
2026/09/27 19:15:42.866, 0, 79641 MiB, 100 %, 546.48 W, 1680 MHz
2026/09/27 19:15:42.867, 1, 79641 MiB, 100 %, 542.45 W, 1980 MHz
2026/09/27 19:15:42.868, 2, 79641 MiB, 100 %, 533.75 W, 1980 MHz
2026/09/27 19:15:42.868, 3, 79641 MiB, 100 %, 539.60 W, 1980 MHz
2026/09/27 19:15:42.869, 4, 79641 MiB, 100 %, 525.80 W, 1980 MHz
2026/09/27 19:15:42.870, 5, 79641 MiB, 100 %, 551.59 W, 1980 MHz
2026/09/27 19:15:42.870, 6, 79641 MiB, 100 %, 548.56 W, 1980 MHz
2026/09/27 19:15:42.871, 7, 79641 MiB, 100 %, 539.62 W, 1980 MHz
2026/09/27 19:15:43.872, 0, 79641 MiB, 100 %, 511.27 W, 1590 MHz
2026/09/27 19:15:43.872, 1, 79641 MiB, 100 %, 541.24 W, 1980 MHz
2026/09/27 19:15:43.873, 2, 79641 MiB, 100 %, 549.31 W, 1980 MHz
2026/09/27 19:15:43.874, 3, 79641 MiB, 100 %, 533.88 W, 1980 MHz
2026/09/27 19:15:43.874, 4, 79641 MiB, 100 %, 525.64 W, 1980 MHz
2026/09/27 19:15:43.875, 5, 79641 MiB, 100 %, 550.03 W, 1980 MHz
2026/09/27 19:15:43.876, 6, 79641 MiB, 100 %, 542.44 W, 1980 MHz
2026/09/27 19:15:43.876, 7, 79641 MiB, 100 %, 536.21 W, 1980 MHz
2026/09/27 19:15:44.877, 0, 79641 MiB, 100 %, 524.88 W, 1710 MHz
2026/09/27 19:15:44.878, 1, 79641 MiB, 100 %, 539.67 W, 1980 MHz
2026/09/27 19:15:44.878, 2, 79641 MiB, 100 %, 532.61 W, 1980 MHz
2026/09/27 19:15:44.879, 3, 79641 MiB, 100 %, 531.70 W, 1980 MHz
2026/09/27 19:15:44.880, 4, 79641 MiB, 100 %, 522.06 W, 1980 MHz
2026/09/27 19:15:44.880, 5, 79641 MiB, 100 %, 542.58 W, 1980 MHz
2026/09/27 19:15:44.881, 6, 79641 MiB, 100 %, 536.58 W, 1980 MHz
2026/09/27 19:15:44.881, 7, 79641 MiB, 100 %, 524.86 W, 1980 MHz
2026/09/27 19:15:45.882, 0, 79641 MiB, 100 %, 527.22 W, 1860 MHz
2026/09/27 19:15:45.883, 1, 79641 MiB, 100 %, 538.83 W, 1980 MHz
2026/09/27 19:15:45.884, 2, 79641 MiB, 100 %, 535.58 W, 1980 MHz
2026/09/27 19:15:45.884, 3, 79641 MiB, 100 %, 533.79 W, 1980 MHz
2026/09/27 19:15:45.885, 4, 79641 MiB, 100 %, 518.58 W, 1980 MHz
2026/09/27 19:15:45.885, 5, 79641 MiB, 100 %, 537.92 W, 1980 MHz
2026/09/27 19:15:45.886, 6, 79641 MiB, 100 %, 540.82 W, 1980 MHz
2026/09/27 19:15:45.887, 7, 79641 MiB, 100 %, 515.74 W, 1980 MHz
2026/09/27 19:15:46.887, 0, 79641 MiB, 100 %, 534.90 W, 1680 MHz
2026/09/27 19:15:46.888, 1, 79641 MiB, 100 %, 547.87 W, 1980 MHz
2026/09/27 19:15:46.889, 2, 79641 MiB, 100 %, 547.85 W, 1980 MHz
2026/09/27 19:15:46.889, 3, 79641 MiB, 100 %, 532.20 W, 1980 MHz
2026/09/27 19:15:46.890, 4, 79641 MiB, 100 %, 528.03 W, 1980 MHz
2026/09/27 19:15:46.891, 5, 79641 MiB, 100 %, 549.88 W, 1980 MHz
2026/09/27 19:15:46.891, 6, 79641 MiB, 100 %, 549.40 W, 1980 MHz
2026/09/27 19:15:46.892, 7, 79641 MiB, 100 %, 540.53 W, 1980 MHz
2026/09/27 19:15:47.892, 0, 79641 MiB, 100 %, 544.09 W, 1755 MHz
2026/09/27 19:15:47.893, 1, 79641 MiB, 100 %, 551.21 W, 1980 MHz
2026/09/27 19:15:47.894, 2, 79641 MiB, 100 %, 543.16 W, 1980 MHz
2026/09/27 19:15:47.895, 3, 79641 MiB, 100 %, 542.18 W, 1980 MHz
2026/09/27 19:15:47.895, 4, 79641 MiB, 100 %, 535.40 W, 1980 MHz
2026/09/27 19:15:47.896, 5, 79641 MiB, 100 %, 548.91 W, 1980 MHz
2026/09/27 19:15:47.897, 6, 79641 MiB, 100 %, 546.16 W, 1980 MHz
2026/09/27 19:15:47.897, 7, 79641 MiB, 100 %, 536.73 W, 1980 MHz
2026/09/27 19:15:48.898, 0, 79641 MiB, 100 %, 510.60 W, 1590 MHz
2026/09/27 19:15:48.899, 1, 79641 MiB, 100 %, 529.94 W, 1980 MHz
2026/09/27 19:15:48.900, 2, 79641 MiB, 100 %, 527.15 W, 1980 MHz
2026/09/27 19:15:48.900, 3, 79641 MiB, 100 %, 527.28 W, 1980 MHz
2026/09/27 19:15:48.901, 4, 79641 MiB, 100 %, 508.86 W, 1980 MHz
2026/09/27 19:15:48.902, 5, 79641 MiB, 100 %, 538.70 W, 1980 MHz
2026/09/27 19:15:48.902, 6, 79641 MiB, 100 %, 537.18 W, 1980 MHz
2026/09/27 19:15:48.903, 7, 79641 MiB, 100 %, 513.47 W, 1980 MHz
2026/09/27 19:15:49.903, 0, 79641 MiB, 100 %, 512.35 W, 1590 MHz
2026/09/27 19:15:49.904, 1, 79641 MiB, 100 %, 545.67 W, 1980 MHz
2026/09/27 19:15:49.905, 2, 79641 MiB, 100 %, 541.53 W, 1980 MHz
2026/09/27 19:15:49.906, 3, 79641 MiB, 100 %, 536.88 W, 1980 MHz
2026/09/27 19:15:49.906, 4, 79641 MiB, 100 %, 525.17 W, 1980 MHz
2026/09/27 19:15:49.907, 5, 79641 MiB, 100 %, 542.20 W, 1980 MHz
2026/09/27 19:15:49.908, 6, 79641 MiB, 100 %, 539.85 W, 1980 MHz
2026/09/27 19:15:49.908, 7, 79641 MiB, 100 %, 526.39 W, 1980 MHz
2026/09/27 19:15:50.909, 0, 79641 MiB, 100 %, 517.39 W, 1890 MHz
2026/09/27 19:15:50.910, 1, 79641 MiB, 100 %, 542.86 W, 1980 MHz
2026/09/27 19:15:50.910, 2, 79641 MiB, 100 %, 540.18 W, 1980 MHz
2026/09/27 19:15:50.911, 3, 79641 MiB, 100 %, 533.30 W, 1980 MHz
2026/09/27 19:15:50.912, 4, 79641 MiB, 100 %, 520.57 W, 1980 MHz
2026/09/27 19:15:50.912, 5, 79641 MiB, 100 %, 552.57 W, 1980 MHz
2026/09/27 19:15:50.913, 6, 79641 MiB, 100 %, 551.44 W, 1980 MHz
2026/09/27 19:15:50.913, 7, 79641 MiB, 100 %, 532.99 W, 1980 MHz
2026/09/27 19:15:51.914, 0, 79641 MiB, 100 %, 470.14 W, 1980 MHz
2026/09/27 19:15:51.915, 1, 79641 MiB, 100 %, 413.52 W, 1980 MHz
2026/09/27 19:15:51.916, 2, 79641 MiB, 100 %, 411.17 W, 1980 MHz
2026/09/27 19:15:51.916, 3, 79641 MiB, 100 %, 413.59 W, 1980 MHz
2026/09/27 19:15:51.917, 4, 79641 MiB, 100 %, 395.54 W, 1980 MHz
2026/09/27 19:15:51.918, 5, 79641 MiB, 100 %, 415.17 W, 1980 MHz
2026/09/27 19:15:51.918, 6, 79641 MiB, 100 %, 428.79 W, 1980 MHz
2026/09/27 19:15:51.919, 7, 79641 MiB, 100 %, 419.23 W, 1980 MHz
2026/09/27 19:15:52.920, 0, 79641 MiB, 100 %, 392.27 W, 1980 MHz
2026/09/27 19:15:52.921, 1, 79641 MiB, 100 %, 334.83 W, 1980 MHz
2026/09/27 19:15:52.921, 2, 79641 MiB, 100 %, 326.83 W, 1980 MHz
2026/09/27 19:15:52.922, 3, 79641 MiB, 100 %, 321.37 W, 1980 MHz
2026/09/27 19:15:52.923, 4, 79641 MiB, 100 %, 320.86 W, 1980 MHz
2026/09/27 19:15:52.923, 5, 79641 MiB, 100 %, 326.15 W, 1980 MHz
2026/09/27 19:15:52.924, 6, 79641 MiB, 100 %, 333.08 W, 1980 MHz
2026/09/27 19:15:52.925, 7, 79641 MiB, 100 %, 321.24 W, 1980 MHz
2026/09/27 19:15:53.925, 0, 79641 MiB, 36 %, 352.88 W, 1980 MHz
2026/09/27 19:15:53.927, 1, 79641 MiB, 67 %, 280.36 W, 1980 MHz
2026/09/27 19:15:53.928, 2, 79641 MiB, 52 %, 282.15 W, 1980 MHz
2026/09/27 19:15:53.928, 3, 79641 MiB, 65 %, 286.01 W, 1980 MHz
2026/09/27 19:15:53.929, 4, 79641 MiB, 46 %, 269.35 W, 1980 MHz
2026/09/27 19:15:53.929, 5, 79641 MiB, 19 %, 280.59 W, 1980 MHz
2026/09/27 19:15:53.930, 6, 79641 MiB, 0 %, 290.01 W, 1980 MHz
2026/09/27 19:15:53.931, 7, 79641 MiB, 0 %, 265.56 W, 1980 MHz
