timestamp, index, memory.used [MiB], utilization.gpu [%], power.draw [W], clocks.current.sm [MHz], utilization.memory [%], temperature.gpu
2026/10/10 14:25:07.932, 0, 76045 MiB, 0 %, 121.83 W, 1980 MHz, 0 %, 30
2026/10/10 14:25:07.943, 1, 76045 MiB, 0 %, 134.95 W, 1980 MHz, 0 %, 55
2026/10/10 14:25:07.951, 2, 76045 MiB, 0 %, 121.15 W, 1980 MHz, 0 %, 35
2026/10/10 14:25:07.959, 3, 76045 MiB, 0 %, 117.80 W, 1980 MHz, 0 %, 29
2026/10/10 14:25:07.967, 4, 76045 MiB, 0 %, 115.89 W, 1980 MHz, 0 %, 30
2026/10/10 14:25:07.975, 5, 76045 MiB, 0 %, 119.90 W, 1980 MHz, 0 %, 34
2026/10/10 14:25:07.983, 6, 76045 MiB, 0 %, 114.06 W, 1980 MHz, 0 %, 31
2026/10/10 14:25:07.991, 7, 76045 MiB, 0 %, 143.23 W, 1980 MHz, 0 %, 67
2026/10/10 14:25:08.998, 0, 76045 MiB, 0 %, 121.53 W, 1980 MHz, 0 %, 30
2026/10/10 14:25:08.999, 1, 76045 MiB, 0 %, 134.86 W, 1980 MHz, 0 %, 55
2026/10/10 14:25:08.999, 2, 76045 MiB, 0 %, 120.88 W, 1980 MHz, 0 %, 35
2026/10/10 14:25:08.999, 3, 76045 MiB, 0 %, 117.51 W, 1980 MHz, 0 %, 29
2026/10/10 14:25:08.999, 4, 76045 MiB, 0 %, 115.75 W, 1980 MHz, 0 %, 29
2026/10/10 14:25:08.999, 5, 76045 MiB, 0 %, 119.61 W, 1980 MHz, 0 %, 33
2026/10/10 14:25:08.999, 6, 76045 MiB, 0 %, 113.93 W, 1980 MHz, 0 %, 31
2026/10/10 14:25:08.999, 7, 76045 MiB, 0 %, 142.85 W, 1980 MHz, 0 %, 67
2026/10/10 14:25:09.999, 0, 76045 MiB, 0 %, 120.80 W, 1980 MHz, 0 %, 29
2026/10/10 14:25:09.999, 1, 76045 MiB, 0 %, 134.79 W, 1980 MHz, 0 %, 55
2026/10/10 14:25:09.999, 2, 76045 MiB, 0 %, 120.74 W, 1980 MHz, 0 %, 35
2026/10/10 14:25:09.999, 3, 76045 MiB, 0 %, 117.40 W, 1980 MHz, 0 %, 29
2026/10/10 14:25:09.999, 4, 76045 MiB, 0 %, 115.65 W, 1980 MHz, 0 %, 29
2026/10/10 14:25:09.999, 5, 76045 MiB, 0 %, 119.54 W, 1980 MHz, 0 %, 33
2026/10/10 14:25:10.000, 6, 76045 MiB, 0 %, 113.85 W, 1980 MHz, 0 %, 31
2026/10/10 14:25:10.000, 7, 76045 MiB, 0 %, 142.58 W, 1980 MHz, 0 %, 66
2026/10/10 14:25:11.000, 0, 76045 MiB, 0 %, 120.51 W, 1980 MHz, 0 %, 29
2026/10/10 14:25:11.000, 1, 76045 MiB, 0 %, 134.82 W, 1980 MHz, 0 %, 55
2026/10/10 14:25:11.000, 2, 76045 MiB, 0 %, 120.83 W, 1980 MHz, 0 %, 35
2026/10/10 14:25:11.000, 3, 76045 MiB, 0 %, 117.36 W, 1980 MHz, 0 %, 28
2026/10/10 14:25:11.000, 4, 76045 MiB, 0 %, 115.17 W, 1980 MHz, 0 %, 29
2026/10/10 14:25:11.000, 5, 76045 MiB, 0 %, 119.43 W, 1980 MHz, 0 %, 33
2026/10/10 14:25:11.000, 6, 76045 MiB, 0 %, 113.81 W, 1980 MHz, 0 %, 30
2026/10/10 14:25:11.000, 7, 76045 MiB, 0 %, 142.49 W, 1980 MHz, 0 %, 66
2026/10/10 14:25:12.000, 0, 76045 MiB, 0 %, 120.49 W, 1980 MHz, 0 %, 29
2026/10/10 14:25:12.001, 1, 76045 MiB, 0 %, 134.70 W, 1980 MHz, 0 %, 55
2026/10/10 14:25:12.001, 2, 76045 MiB, 0 %, 120.69 W, 1980 MHz, 0 %, 35
2026/10/10 14:25:12.001, 3, 76045 MiB, 0 %, 117.33 W, 1980 MHz, 0 %, 28
2026/10/10 14:25:12.001, 4, 76045 MiB, 0 %, 114.38 W, 1980 MHz, 0 %, 29
2026/10/10 14:25:12.001, 5, 76045 MiB, 0 %, 119.34 W, 1980 MHz, 0 %, 33
2026/10/10 14:25:12.001, 6, 76045 MiB, 0 %, 112.68 W, 1980 MHz, 0 %, 30
2026/10/10 14:25:12.001, 7, 76045 MiB, 0 %, 142.34 W, 1980 MHz, 0 %, 66
2026/10/10 14:25:13.001, 0, 76045 MiB, 0 %, 120.38 W, 1980 MHz, 0 %, 29
2026/10/10 14:25:13.001, 1, 76045 MiB, 0 %, 134.63 W, 1980 MHz, 0 %, 55
2026/10/10 14:25:13.001, 2, 76045 MiB, 0 %, 120.64 W, 1980 MHz, 0 %, 35
2026/10/10 14:25:13.001, 3, 76045 MiB, 0 %, 117.25 W, 1980 MHz, 0 %, 28
2026/10/10 14:25:13.001, 4, 76045 MiB, 0 %, 114.32 W, 1980 MHz, 0 %, 28
2026/10/10 14:25:13.001, 5, 76045 MiB, 0 %, 119.25 W, 1980 MHz, 0 %, 32
2026/10/10 14:25:13.002, 6, 76045 MiB, 0 %, 112.39 W, 1980 MHz, 0 %, 30
2026/10/10 14:25:13.002, 7, 76045 MiB, 0 %, 142.21 W, 1980 MHz, 0 %, 66
2026/10/10 14:25:14.002, 0, 76045 MiB, 0 %, 120.32 W, 1980 MHz, 0 %, 29
2026/10/10 14:25:14.002, 1, 76045 MiB, 0 %, 134.51 W, 1980 MHz, 0 %, 54
2026/10/10 14:25:14.002, 2, 76045 MiB, 0 %, 120.58 W, 1980 MHz, 0 %, 34
2026/10/10 14:25:14.002, 3, 76045 MiB, 0 %, 117.21 W, 1980 MHz, 0 %, 28
2026/10/10 14:25:14.002, 4, 76045 MiB, 0 %, 114.24 W, 1980 MHz, 0 %, 28
2026/10/10 14:25:14.002, 5, 76045 MiB, 0 %, 119.15 W, 1980 MHz, 0 %, 32
2026/10/10 14:25:14.002, 6, 76045 MiB, 0 %, 112.34 W, 1980 MHz, 0 %, 30
2026/10/10 14:25:14.002, 7, 76045 MiB, 0 %, 142.11 W, 1980 MHz, 0 %, 66
2026/10/10 14:25:15.002, 0, 76045 MiB, 0 %, 120.21 W, 1980 MHz, 0 %, 29
2026/10/10 14:25:15.003, 1, 76045 MiB, 0 %, 134.44 W, 1980 MHz, 0 %, 54
2026/10/10 14:25:15.003, 2, 76045 MiB, 0 %, 120.45 W, 1980 MHz, 0 %, 34
2026/10/10 14:25:15.003, 3, 76045 MiB, 0 %, 117.09 W, 1980 MHz, 0 %, 28
2026/10/10 14:25:15.003, 4, 76045 MiB, 0 %, 114.22 W, 1980 MHz, 0 %, 28
2026/10/10 14:25:15.003, 5, 76045 MiB, 0 %, 119.13 W, 1980 MHz, 0 %, 32
2026/10/10 14:25:15.003, 6, 76045 MiB, 0 %, 112.25 W, 1980 MHz, 0 %, 30
2026/10/10 14:25:15.003, 7, 76045 MiB, 0 %, 142.00 W, 1980 MHz, 0 %, 66
2026/10/10 14:25:16.003, 0, 76045 MiB, 0 %, 120.13 W, 1980 MHz, 0 %, 28
2026/10/10 14:25:16.003, 1, 76045 MiB, 0 %, 134.41 W, 1980 MHz, 0 %, 54
2026/10/10 14:25:16.003, 2, 76045 MiB, 0 %, 120.44 W, 1980 MHz, 0 %, 34
2026/10/10 14:25:16.003, 3, 76045 MiB, 0 %, 117.01 W, 1980 MHz, 0 %, 28
2026/10/10 14:25:16.003, 4, 76045 MiB, 0 %, 114.16 W, 1980 MHz, 0 %, 28
2026/10/10 14:25:16.003, 5, 76045 MiB, 0 %, 119.09 W, 1980 MHz, 0 %, 32
2026/10/10 14:25:16.004, 6, 76045 MiB, 0 %, 112.25 W, 1980 MHz, 0 %, 29
2026/10/10 14:25:16.004, 7, 76045 MiB, 0 %, 141.92 W, 1980 MHz, 0 %, 66
2026/10/10 14:25:17.004, 0, 76045 MiB, 0 %, 120.13 W, 1980 MHz, 0 %, 28
2026/10/10 14:25:17.004, 1, 76045 MiB, 0 %, 134.37 W, 1980 MHz, 0 %, 54
2026/10/10 14:25:17.004, 2, 76045 MiB, 0 %, 120.37 W, 1980 MHz, 0 %, 34
2026/10/10 14:25:17.004, 3, 76045 MiB, 0 %, 116.94 W, 1980 MHz, 0 %, 28
2026/10/10 14:25:17.004, 4, 76045 MiB, 0 %, 114.08 W, 1980 MHz, 0 %, 28
2026/10/10 14:25:17.004, 5, 76045 MiB, 0 %, 118.93 W, 1980 MHz, 0 %, 32
2026/10/10 14:25:17.004, 6, 76045 MiB, 0 %, 112.20 W, 1980 MHz, 0 %, 29
2026/10/10 14:25:17.004, 7, 76045 MiB, 0 %, 141.74 W, 1980 MHz, 0 %, 66
2026/10/10 14:25:18.004, 0, 76045 MiB, 0 %, 120.07 W, 1980 MHz, 0 %, 28
2026/10/10 14:25:18.005, 1, 76045 MiB, 0 %, 134.31 W, 1980 MHz, 0 %, 54
2026/10/10 14:25:18.005, 2, 76045 MiB, 0 %, 120.30 W, 1980 MHz, 0 %, 34
2026/10/10 14:25:18.005, 3, 76045 MiB, 0 %, 116.89 W, 1980 MHz, 0 %, 27
2026/10/10 14:25:18.005, 4, 76045 MiB, 0 %, 114.03 W, 1980 MHz, 0 %, 28
2026/10/10 14:25:18.005, 5, 76045 MiB, 0 %, 118.84 W, 1980 MHz, 0 %, 32
2026/10/10 14:25:18.005, 6, 76045 MiB, 0 %, 112.17 W, 1980 MHz, 0 %, 29
2026/10/10 14:25:18.005, 7, 76045 MiB, 0 %, 141.70 W, 1980 MHz, 0 %, 66
2026/10/10 14:25:19.005, 0, 76045 MiB, 0 %, 119.94 W, 1980 MHz, 0 %, 28
2026/10/10 14:25:19.005, 1, 76045 MiB, 0 %, 134.23 W, 1980 MHz, 0 %, 54
2026/10/10 14:25:19.005, 2, 76045 MiB, 0 %, 120.23 W, 1980 MHz, 0 %, 34
2026/10/10 14:25:19.005, 3, 76045 MiB, 0 %, 116.86 W, 1980 MHz, 0 %, 27
2026/10/10 14:25:19.006, 4, 76045 MiB, 0 %, 114.07 W, 1980 MHz, 0 %, 28
2026/10/10 14:25:19.006, 5, 76045 MiB, 0 %, 118.83 W, 1980 MHz, 0 %, 32
2026/10/10 14:25:19.006, 6, 76045 MiB, 0 %, 112.11 W, 1980 MHz, 0 %, 29
2026/10/10 14:25:19.006, 7, 76045 MiB, 0 %, 141.60 W, 1980 MHz, 0 %, 66
2026/10/10 14:25:20.006, 0, 76045 MiB, 0 %, 119.94 W, 1980 MHz, 0 %, 28
2026/10/10 14:25:20.006, 1, 76045 MiB, 0 %, 134.19 W, 1980 MHz, 0 %, 54
2026/10/10 14:25:20.006, 2, 76045 MiB, 0 %, 120.09 W, 1980 MHz, 0 %, 34
2026/10/10 14:25:20.006, 3, 76045 MiB, 0 %, 116.81 W, 1980 MHz, 0 %, 27
2026/10/10 14:25:20.006, 4, 76045 MiB, 0 %, 114.56 W, 1980 MHz, 0 %, 28
2026/10/10 14:25:20.006, 5, 76045 MiB, 0 %, 118.75 W, 1980 MHz, 0 %, 31
2026/10/10 14:25:20.006, 6, 76045 MiB, 0 %, 112.03 W, 1980 MHz, 0 %, 29
2026/10/10 14:25:20.006, 7, 76045 MiB, 0 %, 141.53 W, 1980 MHz, 0 %, 65
2026/10/10 14:25:21.007, 0, 76045 MiB, 0 %, 119.91 W, 1980 MHz, 0 %, 28
2026/10/10 14:25:21.007, 1, 76045 MiB, 0 %, 134.13 W, 1980 MHz, 0 %, 54
2026/10/10 14:25:21.007, 2, 76045 MiB, 0 %, 120.10 W, 1980 MHz, 0 %, 34
2026/10/10 14:25:21.007, 3, 76045 MiB, 0 %, 116.78 W, 1980 MHz, 0 %, 27
2026/10/10 14:25:21.007, 4, 76045 MiB, 0 %, 114.51 W, 1980 MHz, 0 %, 28
2026/10/10 14:25:21.007, 5, 76045 MiB, 0 %, 118.72 W, 1980 MHz, 0 %, 31
2026/10/10 14:25:21.007, 6, 76045 MiB, 0 %, 112.02 W, 1980 MHz, 0 %, 29
2026/10/10 14:25:21.007, 7, 76045 MiB, 0 %, 141.45 W, 1980 MHz, 0 %, 65
2026/10/10 14:25:22.007, 0, 76045 MiB, 100 %, 309.44 W, 1980 MHz, 49 %, 39
2026/10/10 14:25:22.008, 1, 76045 MiB, 100 %, 336.12 W, 1980 MHz, 52 %, 64
2026/10/10 14:25:22.008, 2, 76045 MiB, 100 %, 300.19 W, 1980 MHz, 49 %, 43
2026/10/10 14:25:22.008, 3, 76045 MiB, 100 %, 305.41 W, 1980 MHz, 51 %, 37
2026/10/10 14:25:22.008, 4, 76045 MiB, 100 %, 297.01 W, 1980 MHz, 48 %, 39
2026/10/10 14:25:22.008, 5, 76045 MiB, 100 %, 319.67 W, 1980 MHz, 49 %, 42
2026/10/10 14:25:22.008, 6, 76045 MiB, 100 %, 323.80 W, 1980 MHz, 50 %, 40
2026/10/10 14:25:22.008, 7, 76045 MiB, 100 %, 305.66 W, 1980 MHz, 50 %, 75
2026/10/10 14:25:23.008, 0, 76045 MiB, 100 %, 603.13 W, 1980 MHz, 48 %, 43
2026/10/10 14:25:23.008, 1, 76045 MiB, 100 %, 623.81 W, 1980 MHz, 49 %, 66
2026/10/10 14:25:23.008, 2, 76045 MiB, 100 %, 599.16 W, 1980 MHz, 48 %, 45
2026/10/10 14:25:23.009, 3, 76045 MiB, 100 %, 609.86 W, 1980 MHz, 50 %, 42
2026/10/10 14:25:23.009, 4, 76045 MiB, 100 %, 590.58 W, 1980 MHz, 49 %, 42
2026/10/10 14:25:23.009, 5, 76045 MiB, 100 %, 599.90 W, 1980 MHz, 48 %, 46
2026/10/10 14:25:23.009, 6, 76045 MiB, 100 %, 593.23 W, 1980 MHz, 48 %, 44
2026/10/10 14:25:23.009, 7, 76045 MiB, 100 %, 638.36 W, 1980 MHz, 48 %, 78
2026/10/10 14:25:24.009, 0, 76045 MiB, 100 %, 604.84 W, 1980 MHz, 50 %, 44
2026/10/10 14:25:24.009, 1, 76045 MiB, 100 %, 631.31 W, 1980 MHz, 50 %, 66
2026/10/10 14:25:24.009, 2, 76045 MiB, 100 %, 596.86 W, 1980 MHz, 50 %, 46
2026/10/10 14:25:24.009, 3, 76045 MiB, 100 %, 597.43 W, 1980 MHz, 49 %, 43
2026/10/10 14:25:24.009, 4, 76045 MiB, 100 %, 587.60 W, 1980 MHz, 50 %, 44
2026/10/10 14:25:24.010, 5, 76045 MiB, 100 %, 608.68 W, 1980 MHz, 50 %, 48
2026/10/10 14:25:24.010, 6, 76045 MiB, 100 %, 601.09 W, 1980 MHz, 49 %, 47
2026/10/10 14:25:24.010, 7, 76045 MiB, 100 %, 631.22 W, 1980 MHz, 50 %, 79
2026/10/10 14:25:25.010, 0, 76045 MiB, 100 %, 603.88 W, 1980 MHz, 52 %, 45
2026/10/10 14:25:25.010, 1, 76045 MiB, 100 %, 621.72 W, 1980 MHz, 50 %, 66
2026/10/10 14:25:25.010, 2, 76045 MiB, 100 %, 604.40 W, 1980 MHz, 49 %, 47
2026/10/10 14:25:25.010, 3, 76045 MiB, 100 %, 611.35 W, 1980 MHz, 50 %, 44
2026/10/10 14:25:25.010, 4, 76045 MiB, 100 %, 602.35 W, 1980 MHz, 49 %, 46
2026/10/10 14:25:25.011, 5, 76045 MiB, 100 %, 610.88 W, 1980 MHz, 50 %, 49
2026/10/10 14:25:25.011, 6, 76045 MiB, 100 %, 594.88 W, 1980 MHz, 52 %, 49
2026/10/10 14:25:25.011, 7, 76045 MiB, 100 %, 638.41 W, 1980 MHz, 49 %, 80
2026/10/10 14:25:26.011, 0, 76045 MiB, 100 %, 603.22 W, 1980 MHz, 49 %, 45
2026/10/10 14:25:26.011, 1, 76045 MiB, 100 %, 629.51 W, 1980 MHz, 50 %, 67
2026/10/10 14:25:26.011, 2, 76045 MiB, 100 %, 616.89 W, 1980 MHz, 51 %, 46
2026/10/10 14:25:26.011, 3, 76045 MiB, 100 %, 608.62 W, 1980 MHz, 50 %, 45
2026/10/10 14:25:26.011, 4, 76045 MiB, 100 %, 604.19 W, 1980 MHz, 50 %, 46
2026/10/10 14:25:26.011, 5, 76045 MiB, 100 %, 616.18 W, 1980 MHz, 50 %, 49
2026/10/10 14:25:26.012, 6, 76045 MiB, 100 %, 609.27 W, 1980 MHz, 49 %, 49
2026/10/10 14:25:26.012, 7, 76045 MiB, 100 %, 645.46 W, 1980 MHz, 51 %, 81
2026/10/10 14:25:27.012, 0, 76045 MiB, 100 %, 606.69 W, 1980 MHz, 48 %, 46
2026/10/10 14:25:27.012, 1, 76045 MiB, 100 %, 632.15 W, 1980 MHz, 49 %, 67
2026/10/10 14:25:27.012, 2, 76045 MiB, 100 %, 599.70 W, 1980 MHz, 47 %, 48
2026/10/10 14:25:27.012, 3, 76045 MiB, 100 %, 606.93 W, 1980 MHz, 48 %, 45
2026/10/10 14:25:27.012, 4, 76045 MiB, 100 %, 601.68 W, 1980 MHz, 49 %, 47
2026/10/10 14:25:27.012, 5, 76045 MiB, 100 %, 621.72 W, 1980 MHz, 48 %, 51
2026/10/10 14:25:27.013, 6, 76045 MiB, 100 %, 606.81 W, 1980 MHz, 48 %, 49
2026/10/10 14:25:27.013, 7, 76045 MiB, 100 %, 651.14 W, 1980 MHz, 51 %, 81
2026/10/10 14:25:28.013, 0, 76045 MiB, 100 %, 596.53 W, 1980 MHz, 48 %, 47
2026/10/10 14:25:28.013, 1, 76045 MiB, 100 %, 637.24 W, 1980 MHz, 49 %, 67
2026/10/10 14:25:28.013, 2, 76045 MiB, 100 %, 599.80 W, 1980 MHz, 48 %, 48
2026/10/10 14:25:28.013, 3, 76045 MiB, 100 %, 602.53 W, 1980 MHz, 48 %, 45
2026/10/10 14:25:28.013, 4, 76045 MiB, 100 %, 601.58 W, 1980 MHz, 49 %, 46
2026/10/10 14:25:28.013, 5, 76045 MiB, 100 %, 599.38 W, 1980 MHz, 49 %, 50
2026/10/10 14:25:28.013, 6, 76045 MiB, 100 %, 590.43 W, 1980 MHz, 48 %, 50
2026/10/10 14:25:28.014, 7, 76045 MiB, 100 %, 641.69 W, 1980 MHz, 49 %, 81
2026/10/10 14:25:29.014, 0, 76045 MiB, 100 %, 610.13 W, 1980 MHz, 50 %, 47
2026/10/10 14:25:29.014, 1, 76045 MiB, 100 %, 635.73 W, 1980 MHz, 48 %, 67
2026/10/10 14:25:29.014, 2, 76045 MiB, 100 %, 609.51 W, 1980 MHz, 49 %, 49
2026/10/10 14:25:29.014, 3, 76045 MiB, 100 %, 599.97 W, 1980 MHz, 47 %, 45
2026/10/10 14:25:29.014, 4, 76045 MiB, 100 %, 606.71 W, 1980 MHz, 50 %, 47
2026/10/10 14:25:29.014, 5, 76045 MiB, 100 %, 607.28 W, 1980 MHz, 50 %, 50
2026/10/10 14:25:29.014, 6, 76045 MiB, 100 %, 590.09 W, 1980 MHz, 50 %, 50
2026/10/10 14:25:29.014, 7, 76045 MiB, 100 %, 627.28 W, 1875 MHz, 48 %, 81
2026/10/10 14:25:30.015, 0, 76045 MiB, 100 %, 615.75 W, 1980 MHz, 49 %, 48
2026/10/10 14:25:30.015, 1, 76045 MiB, 100 %, 630.92 W, 1980 MHz, 51 %, 68
2026/10/10 14:25:30.015, 2, 76045 MiB, 100 %, 600.06 W, 1980 MHz, 49 %, 50
2026/10/10 14:25:30.015, 3, 76045 MiB, 100 %, 609.35 W, 1980 MHz, 52 %, 46
2026/10/10 14:25:30.015, 4, 76045 MiB, 100 %, 597.17 W, 1980 MHz, 50 %, 47
2026/10/10 14:25:30.015, 5, 76045 MiB, 100 %, 605.12 W, 1980 MHz, 48 %, 51
2026/10/10 14:25:30.015, 6, 76045 MiB, 100 %, 593.54 W, 1980 MHz, 49 %, 50
2026/10/10 14:25:30.015, 7, 76045 MiB, 100 %, 647.34 W, 1980 MHz, 48 %, 82
2026/10/10 14:25:31.016, 0, 76045 MiB, 100 %, 622.64 W, 1980 MHz, 51 %, 48
2026/10/10 14:25:31.016, 1, 76045 MiB, 100 %, 638.52 W, 1980 MHz, 53 %, 68
2026/10/10 14:25:31.016, 2, 76045 MiB, 100 %, 611.40 W, 1980 MHz, 51 %, 51
2026/10/10 14:25:31.016, 3, 76045 MiB, 100 %, 617.27 W, 1980 MHz, 52 %, 47
2026/10/10 14:25:31.016, 4, 76045 MiB, 100 %, 604.83 W, 1980 MHz, 51 %, 49
2026/10/10 14:25:31.016, 5, 76045 MiB, 100 %, 609.75 W, 1980 MHz, 51 %, 52
2026/10/10 14:25:31.016, 6, 76045 MiB, 100 %, 593.22 W, 1980 MHz, 51 %, 52
2026/10/10 14:25:31.016, 7, 76045 MiB, 100 %, 653.18 W, 1980 MHz, 53 %, 82
2026/10/10 14:25:32.017, 0, 76045 MiB, 100 %, 598.47 W, 1980 MHz, 51 %, 48
2026/10/10 14:25:32.017, 1, 76045 MiB, 100 %, 633.91 W, 1980 MHz, 49 %, 68
2026/10/10 14:25:32.017, 2, 76045 MiB, 100 %, 602.92 W, 1980 MHz, 49 %, 51
2026/10/10 14:25:32.017, 3, 76045 MiB, 100 %, 608.66 W, 1980 MHz, 48 %, 47
2026/10/10 14:25:32.017, 4, 76045 MiB, 100 %, 599.34 W, 1980 MHz, 49 %, 49
2026/10/10 14:25:32.017, 5, 76045 MiB, 100 %, 629.51 W, 1980 MHz, 49 %, 52
2026/10/10 14:25:32.017, 6, 76045 MiB, 100 %, 596.66 W, 1980 MHz, 51 %, 52
2026/10/10 14:25:32.017, 7, 76045 MiB, 100 %, 636.88 W, 1980 MHz, 50 %, 82
2026/10/10 14:25:33.017, 0, 76045 MiB, 100 %, 611.24 W, 1980 MHz, 50 %, 48
2026/10/10 14:25:33.018, 1, 76045 MiB, 100 %, 635.95 W, 1980 MHz, 50 %, 68
2026/10/10 14:25:33.018, 2, 76045 MiB, 100 %, 609.17 W, 1980 MHz, 49 %, 51
2026/10/10 14:25:33.018, 3, 76045 MiB, 100 %, 620.45 W, 1980 MHz, 50 %, 48
2026/10/10 14:25:33.018, 4, 76045 MiB, 100 %, 603.83 W, 1980 MHz, 49 %, 49
2026/10/10 14:25:33.018, 5, 76045 MiB, 100 %, 613.71 W, 1980 MHz, 50 %, 52
2026/10/10 14:25:33.018, 6, 76045 MiB, 100 %, 605.93 W, 1980 MHz, 51 %, 51
2026/10/10 14:25:33.018, 7, 76045 MiB, 100 %, 644.66 W, 1920 MHz, 48 %, 81
2026/10/10 14:25:34.019, 0, 76045 MiB, 100 %, 609.93 W, 1980 MHz, 48 %, 50
2026/10/10 14:25:34.019, 1, 76045 MiB, 100 %, 631.01 W, 1980 MHz, 50 %, 69
2026/10/10 14:25:34.019, 2, 76045 MiB, 100 %, 599.88 W, 1980 MHz, 50 %, 51
2026/10/10 14:25:34.019, 3, 76045 MiB, 100 %, 614.01 W, 1980 MHz, 51 %, 48
2026/10/10 14:25:34.019, 4, 76045 MiB, 100 %, 603.01 W, 1980 MHz, 49 %, 49
2026/10/10 14:25:34.020, 5, 76045 MiB, 100 %, 606.30 W, 1980 MHz, 50 %, 52
2026/10/10 14:25:34.020, 6, 76045 MiB, 100 %, 596.15 W, 1980 MHz, 49 %, 52
2026/10/10 14:25:34.020, 7, 76045 MiB, 100 %, 620.52 W, 1965 MHz, 48 %, 82
2026/10/10 14:25:35.020, 0, 76045 MiB, 100 %, 594.01 W, 1980 MHz, 50 %, 48
2026/10/10 14:25:35.020, 1, 76045 MiB, 100 %, 617.29 W, 1980 MHz, 48 %, 68
2026/10/10 14:25:35.020, 2, 76045 MiB, 100 %, 602.17 W, 1980 MHz, 48 %, 52
2026/10/10 14:25:35.020, 3, 76045 MiB, 100 %, 620.02 W, 1980 MHz, 48 %, 47
2026/10/10 14:25:35.020, 4, 76045 MiB, 100 %, 593.22 W, 1980 MHz, 49 %, 49
2026/10/10 14:25:35.020, 5, 76045 MiB, 100 %, 607.72 W, 1980 MHz, 48 %, 53
2026/10/10 14:25:35.021, 6, 76045 MiB, 100 %, 594.83 W, 1980 MHz, 49 %, 53
2026/10/10 14:25:35.021, 7, 76045 MiB, 100 %, 628.40 W, 1950 MHz, 49 %, 82
2026/10/10 14:25:36.021, 0, 76045 MiB, 100 %, 600.17 W, 1980 MHz, 50 %, 49
2026/10/10 14:25:36.021, 1, 76045 MiB, 100 %, 640.89 W, 1980 MHz, 48 %, 69
2026/10/10 14:25:36.021, 2, 76045 MiB, 100 %, 610.07 W, 1980 MHz, 50 %, 52
2026/10/10 14:25:36.021, 3, 76045 MiB, 100 %, 615.65 W, 1980 MHz, 49 %, 48
2026/10/10 14:25:36.021, 4, 76045 MiB, 100 %, 597.36 W, 1980 MHz, 50 %, 49
2026/10/10 14:25:36.021, 5, 76045 MiB, 100 %, 608.51 W, 1980 MHz, 50 %, 53
2026/10/10 14:25:36.021, 6, 76045 MiB, 100 %, 604.58 W, 1980 MHz, 50 %, 53
2026/10/10 14:25:36.022, 7, 76045 MiB, 100 %, 635.96 W, 1950 MHz, 49 %, 82
2026/10/10 14:25:37.022, 0, 76045 MiB, 100 %, 605.18 W, 1980 MHz, 49 %, 50
2026/10/10 14:25:37.022, 1, 76045 MiB, 100 %, 637.80 W, 1980 MHz, 52 %, 69
2026/10/10 14:25:37.022, 2, 76045 MiB, 100 %, 613.19 W, 1980 MHz, 50 %, 52
2026/10/10 14:25:37.022, 3, 76045 MiB, 100 %, 617.12 W, 1980 MHz, 51 %, 48
2026/10/10 14:25:37.022, 4, 76045 MiB, 100 %, 609.60 W, 1980 MHz, 49 %, 49
2026/10/10 14:25:37.022, 5, 76045 MiB, 100 %, 609.67 W, 1980 MHz, 50 %, 53
2026/10/10 14:25:37.022, 6, 76045 MiB, 100 %, 601.66 W, 1980 MHz, 50 %, 53
2026/10/10 14:25:37.022, 7, 76045 MiB, 100 %, 638.09 W, 1935 MHz, 50 %, 83
2026/10/10 14:25:38.023, 0, 76045 MiB, 100 %, 615.16 W, 1980 MHz, 52 %, 49
2026/10/10 14:25:38.023, 1, 76045 MiB, 100 %, 622.87 W, 1980 MHz, 50 %, 69
2026/10/10 14:25:38.023, 2, 76045 MiB, 100 %, 616.97 W, 1980 MHz, 49 %, 53
2026/10/10 14:25:38.023, 3, 76045 MiB, 100 %, 617.64 W, 1980 MHz, 49 %, 48
2026/10/10 14:25:38.023, 4, 76045 MiB, 100 %, 613.40 W, 1980 MHz, 48 %, 51
2026/10/10 14:25:38.023, 5, 76045 MiB, 100 %, 613.06 W, 1980 MHz, 49 %, 54
2026/10/10 14:25:38.023, 6, 76045 MiB, 100 %, 611.97 W, 1980 MHz, 51 %, 54
2026/10/10 14:25:38.023, 7, 76045 MiB, 100 %, 647.65 W, 1860 MHz, 49 %, 82
2026/10/10 14:25:39.023, 0, 76045 MiB, 100 %, 595.47 W, 1980 MHz, 47 %, 49
2026/10/10 14:25:39.024, 1, 76045 MiB, 100 %, 626.57 W, 1980 MHz, 50 %, 69
2026/10/10 14:25:39.024, 2, 76045 MiB, 100 %, 596.97 W, 1980 MHz, 46 %, 54
2026/10/10 14:25:39.024, 3, 76045 MiB, 100 %, 608.14 W, 1980 MHz, 49 %, 48
2026/10/10 14:25:39.024, 4, 76045 MiB, 100 %, 584.89 W, 1980 MHz, 46 %, 50
2026/10/10 14:25:39.024, 5, 76045 MiB, 100 %, 615.87 W, 1980 MHz, 47 %, 53
2026/10/10 14:25:39.024, 6, 76045 MiB, 100 %, 591.28 W, 1980 MHz, 48 %, 53
2026/10/10 14:25:39.024, 7, 76045 MiB, 100 %, 602.88 W, 1845 MHz, 49 %, 82
2026/10/10 14:25:40.025, 0, 76045 MiB, 100 %, 612.49 W, 1980 MHz, 49 %, 50
2026/10/10 14:25:40.025, 1, 76045 MiB, 100 %, 628.51 W, 1980 MHz, 47 %, 69
2026/10/10 14:25:40.025, 2, 76045 MiB, 100 %, 608.32 W, 1980 MHz, 46 %, 53
2026/10/10 14:25:40.025, 3, 76045 MiB, 100 %, 611.24 W, 1980 MHz, 47 %, 48
2026/10/10 14:25:40.025, 4, 76045 MiB, 100 %, 601.85 W, 1980 MHz, 47 %, 51
2026/10/10 14:25:40.025, 5, 76045 MiB, 100 %, 600.78 W, 1980 MHz, 48 %, 54
2026/10/10 14:25:40.025, 6, 76045 MiB, 100 %, 596.78 W, 1980 MHz, 49 %, 54
2026/10/10 14:25:40.025, 7, 76045 MiB, 100 %, 602.71 W, 1845 MHz, 50 %, 82
2026/10/10 14:25:41.026, 0, 76045 MiB, 100 %, 602.71 W, 1980 MHz, 50 %, 49
2026/10/10 14:25:41.026, 1, 76045 MiB, 100 %, 628.38 W, 1980 MHz, 48 %, 69
2026/10/10 14:25:41.026, 2, 76045 MiB, 100 %, 601.74 W, 1980 MHz, 50 %, 54
2026/10/10 14:25:41.026, 3, 76045 MiB, 100 %, 609.86 W, 1980 MHz, 47 %, 49
2026/10/10 14:25:41.026, 4, 76045 MiB, 100 %, 619.26 W, 1980 MHz, 50 %, 50
2026/10/10 14:25:41.026, 5, 76045 MiB, 100 %, 611.07 W, 1980 MHz, 52 %, 55
2026/10/10 14:25:41.026, 6, 76045 MiB, 100 %, 607.33 W, 1980 MHz, 51 %, 54
2026/10/10 14:25:41.026, 7, 76045 MiB, 100 %, 627.88 W, 1935 MHz, 50 %, 82
2026/10/10 14:25:42.026, 0, 76045 MiB, 100 %, 604.58 W, 1980 MHz, 50 %, 51
2026/10/10 14:25:42.027, 1, 76045 MiB, 100 %, 627.98 W, 1980 MHz, 50 %, 70
2026/10/10 14:25:42.027, 2, 76045 MiB, 100 %, 597.81 W, 1980 MHz, 50 %, 53
2026/10/10 14:25:42.027, 3, 76045 MiB, 100 %, 616.40 W, 1980 MHz, 49 %, 49
2026/10/10 14:25:42.027, 4, 76045 MiB, 100 %, 598.27 W, 1980 MHz, 52 %, 50
2026/10/10 14:25:42.027, 5, 76045 MiB, 100 %, 619.02 W, 1980 MHz, 50 %, 54
2026/10/10 14:25:42.027, 6, 76045 MiB, 100 %, 601.76 W, 1980 MHz, 48 %, 53
2026/10/10 14:25:42.027, 7, 76045 MiB, 100 %, 600.74 W, 1755 MHz, 50 %, 81
2026/10/10 14:25:43.027, 0, 76045 MiB, 100 %, 593.20 W, 1980 MHz, 48 %, 50
2026/10/10 14:25:43.028, 1, 76045 MiB, 100 %, 632.22 W, 1980 MHz, 52 %, 70
2026/10/10 14:25:43.028, 2, 76045 MiB, 100 %, 605.97 W, 1980 MHz, 48 %, 53
2026/10/10 14:25:43.028, 3, 76045 MiB, 100 %, 617.34 W, 1980 MHz, 50 %, 49
2026/10/10 14:25:43.028, 4, 76045 MiB, 100 %, 593.41 W, 1980 MHz, 48 %, 51
2026/10/10 14:25:43.028, 5, 76045 MiB, 100 %, 602.32 W, 1980 MHz, 48 %, 54
2026/10/10 14:25:43.028, 6, 76045 MiB, 100 %, 599.74 W, 1980 MHz, 49 %, 54
2026/10/10 14:25:43.028, 7, 76045 MiB, 100 %, 623.65 W, 1920 MHz, 50 %, 83
2026/10/10 14:25:44.028, 0, 76045 MiB, 100 %, 600.79 W, 1980 MHz, 52 %, 50
2026/10/10 14:25:44.028, 1, 76045 MiB, 100 %, 634.42 W, 1980 MHz, 51 %, 70
2026/10/10 14:25:44.029, 2, 76045 MiB, 100 %, 614.36 W, 1980 MHz, 50 %, 54
2026/10/10 14:25:44.029, 3, 76045 MiB, 100 %, 613.17 W, 1980 MHz, 52 %, 49
2026/10/10 14:25:44.029, 4, 76045 MiB, 100 %, 610.67 W, 1980 MHz, 50 %, 52
2026/10/10 14:25:44.029, 5, 76045 MiB, 100 %, 611.26 W, 1980 MHz, 49 %, 55
2026/10/10 14:25:44.029, 6, 76045 MiB, 100 %, 602.75 W, 1980 MHz, 51 %, 55
2026/10/10 14:25:44.029, 7, 76045 MiB, 100 %, 609.36 W, 1860 MHz, 51 %, 82
2026/10/10 14:25:45.029, 0, 76045 MiB, 100 %, 597.59 W, 1980 MHz, 48 %, 51
2026/10/10 14:25:45.029, 1, 76045 MiB, 100 %, 623.68 W, 1980 MHz, 50 %, 71
2026/10/10 14:25:45.029, 2, 76045 MiB, 100 %, 602.22 W, 1980 MHz, 48 %, 54
2026/10/10 14:25:45.030, 3, 76045 MiB, 100 %, 601.08 W, 1980 MHz, 51 %, 49
2026/10/10 14:25:45.030, 4, 76045 MiB, 100 %, 599.83 W, 1980 MHz, 50 %, 50
2026/10/10 14:25:45.030, 5, 76045 MiB, 100 %, 610.02 W, 1980 MHz, 49 %, 55
2026/10/10 14:25:45.030, 6, 76045 MiB, 100 %, 595.95 W, 1980 MHz, 48 %, 54
2026/10/10 14:25:45.030, 7, 76045 MiB, 100 %, 605.20 W, 1875 MHz, 50 %, 83
2026/10/10 14:25:46.030, 0, 76045 MiB, 100 %, 609.25 W, 1980 MHz, 49 %, 50
2026/10/10 14:25:46.030, 1, 76045 MiB, 100 %, 626.07 W, 1980 MHz, 49 %, 71
2026/10/10 14:25:46.030, 2, 76045 MiB, 100 %, 615.97 W, 1980 MHz, 48 %, 54
2026/10/10 14:25:46.030, 3, 76045 MiB, 100 %, 613.21 W, 1980 MHz, 48 %, 50
2026/10/10 14:25:46.031, 4, 76045 MiB, 100 %, 602.71 W, 1980 MHz, 50 %, 51
2026/10/10 14:25:46.031, 5, 76045 MiB, 100 %, 609.48 W, 1980 MHz, 48 %, 55
2026/10/10 14:25:46.031, 6, 76045 MiB, 100 %, 604.59 W, 1980 MHz, 48 %, 54
2026/10/10 14:25:46.031, 7, 76045 MiB, 100 %, 625.59 W, 1905 MHz, 51 %, 83
2026/10/10 14:25:47.031, 0, 76045 MiB, 100 %, 604.92 W, 1980 MHz, 50 %, 50
2026/10/10 14:25:47.031, 1, 76045 MiB, 100 %, 654.32 W, 1980 MHz, 48 %, 70
2026/10/10 14:25:47.031, 2, 76045 MiB, 100 %, 621.33 W, 1980 MHz, 49 %, 55
2026/10/10 14:25:47.031, 3, 76045 MiB, 100 %, 620.37 W, 1980 MHz, 47 %, 49
2026/10/10 14:25:47.032, 4, 76045 MiB, 100 %, 593.84 W, 1980 MHz, 48 %, 51
2026/10/10 14:25:47.032, 5, 76045 MiB, 100 %, 610.55 W, 1980 MHz, 49 %, 56
2026/10/10 14:25:47.032, 6, 76045 MiB, 100 %, 604.33 W, 1980 MHz, 49 %, 55
2026/10/10 14:25:47.032, 7, 76045 MiB, 100 %, 608.57 W, 1785 MHz, 48 %, 82
2026/10/10 14:25:48.032, 0, 76045 MiB, 100 %, 614.30 W, 1980 MHz, 51 %, 51
2026/10/10 14:25:48.032, 1, 76045 MiB, 100 %, 628.74 W, 1980 MHz, 51 %, 70
2026/10/10 14:25:48.032, 2, 76045 MiB, 100 %, 618.23 W, 1980 MHz, 49 %, 55
2026/10/10 14:25:48.032, 3, 76045 MiB, 100 %, 614.45 W, 1980 MHz, 51 %, 50
2026/10/10 14:25:48.032, 4, 76045 MiB, 100 %, 608.22 W, 1980 MHz, 49 %, 51
2026/10/10 14:25:48.033, 5, 76045 MiB, 100 %, 615.82 W, 1980 MHz, 50 %, 56
2026/10/10 14:25:48.033, 6, 76045 MiB, 100 %, 600.63 W, 1980 MHz, 51 %, 55
2026/10/10 14:25:48.033, 7, 76045 MiB, 100 %, 622.17 W, 1980 MHz, 49 %, 83
2026/10/10 14:25:49.033, 0, 76045 MiB, 100 %, 596.97 W, 1980 MHz, 46 %, 51
2026/10/10 14:25:49.033, 1, 76045 MiB, 100 %, 631.47 W, 1980 MHz, 50 %, 71
2026/10/10 14:25:49.033, 2, 76045 MiB, 100 %, 604.62 W, 1980 MHz, 48 %, 55
2026/10/10 14:25:49.033, 3, 76045 MiB, 100 %, 612.30 W, 1980 MHz, 50 %, 50
2026/10/10 14:25:49.033, 4, 76045 MiB, 100 %, 606.02 W, 1980 MHz, 48 %, 51
2026/10/10 14:25:49.034, 5, 76045 MiB, 100 %, 611.56 W, 1980 MHz, 48 %, 56
2026/10/10 14:25:49.034, 6, 76045 MiB, 100 %, 597.93 W, 1980 MHz, 47 %, 55
2026/10/10 14:25:49.034, 7, 76045 MiB, 100 %, 608.20 W, 1830 MHz, 48 %, 82
2026/10/10 14:25:50.034, 0, 76045 MiB, 100 %, 598.54 W, 1980 MHz, 48 %, 51
2026/10/10 14:25:50.035, 1, 76045 MiB, 100 %, 627.70 W, 1980 MHz, 49 %, 71
2026/10/10 14:25:50.035, 2, 76045 MiB, 100 %, 608.47 W, 1980 MHz, 49 %, 55
2026/10/10 14:25:50.035, 3, 76045 MiB, 100 %, 623.75 W, 1980 MHz, 51 %, 50
2026/10/10 14:25:50.035, 4, 76045 MiB, 100 %, 606.86 W, 1980 MHz, 50 %, 51
2026/10/10 14:25:50.035, 5, 76045 MiB, 100 %, 610.04 W, 1980 MHz, 49 %, 56
2026/10/10 14:25:50.035, 6, 76045 MiB, 100 %, 606.00 W, 1980 MHz, 48 %, 55
2026/10/10 14:25:50.035, 7, 76045 MiB, 100 %, 596.70 W, 1875 MHz, 48 %, 83
2026/10/10 14:25:51.035, 0, 76045 MiB, 100 %, 600.71 W, 1980 MHz, 50 %, 51
2026/10/10 14:25:51.035, 1, 76045 MiB, 100 %, 644.33 W, 1980 MHz, 50 %, 71
2026/10/10 14:25:51.036, 2, 76045 MiB, 100 %, 614.56 W, 1980 MHz, 48 %, 55
2026/10/10 14:25:51.036, 3, 76045 MiB, 100 %, 631.89 W, 1980 MHz, 48 %, 50
2026/10/10 14:25:51.036, 4, 76045 MiB, 100 %, 594.18 W, 1980 MHz, 49 %, 52
2026/10/10 14:25:51.036, 5, 76045 MiB, 100 %, 598.54 W, 1980 MHz, 49 %, 56
2026/10/10 14:25:51.036, 6, 76045 MiB, 100 %, 601.15 W, 1980 MHz, 50 %, 56
2026/10/10 14:25:51.036, 7, 76045 MiB, 100 %, 610.74 W, 1845 MHz, 51 %, 83
2026/10/10 14:25:52.036, 0, 76045 MiB, 100 %, 488.27 W, 1980 MHz, 49 %, 44
2026/10/10 14:25:52.036, 1, 76045 MiB, 100 %, 512.77 W, 1980 MHz, 52 %, 65
2026/10/10 14:25:52.036, 2, 76045 MiB, 100 %, 487.80 W, 1980 MHz, 51 %, 49
2026/10/10 14:25:52.036, 3, 76045 MiB, 100 %, 486.31 W, 1980 MHz, 53 %, 43
2026/10/10 14:25:52.037, 4, 76045 MiB, 100 %, 474.48 W, 1980 MHz, 51 %, 44
2026/10/10 14:25:52.037, 5, 76045 MiB, 100 %, 483.60 W, 1980 MHz, 51 %, 49
2026/10/10 14:25:52.037, 6, 76045 MiB, 100 %, 474.36 W, 1980 MHz, 51 %, 48
2026/10/10 14:25:52.037, 7, 76045 MiB, 100 %, 495.13 W, 1980 MHz, 51 %, 77
2026/10/10 14:25:53.037, 0, 76045 MiB, 100 %, 378.54 W, 1980 MHz, 50 %, 43
2026/10/10 14:25:53.037, 1, 76045 MiB, 100 %, 403.02 W, 1980 MHz, 50 %, 64
2026/10/10 14:25:53.037, 2, 76045 MiB, 100 %, 387.49 W, 1980 MHz, 52 %, 47
2026/10/10 14:25:53.037, 3, 76045 MiB, 100 %, 387.83 W, 1980 MHz, 52 %, 41
2026/10/10 14:25:53.037, 4, 76045 MiB, 100 %, 378.84 W, 1980 MHz, 50 %, 42
2026/10/10 14:25:53.038, 5, 76045 MiB, 100 %, 386.94 W, 1980 MHz, 50 %, 48
2026/10/10 14:25:53.038, 6, 76045 MiB, 100 %, 383.05 W, 1980 MHz, 52 %, 46
2026/10/10 14:25:53.038, 7, 76045 MiB, 100 %, 420.40 W, 1980 MHz, 50 %, 76
2026/10/10 14:25:54.038, 0, 76045 MiB, 100 %, 383.46 W, 1980 MHz, 50 %, 42
2026/10/10 14:25:54.038, 1, 76045 MiB, 100 %, 398.39 W, 1980 MHz, 52 %, 64
2026/10/10 14:25:54.038, 2, 76045 MiB, 100 %, 386.05 W, 1980 MHz, 51 %, 47
2026/10/10 14:25:54.038, 3, 76045 MiB, 100 %, 385.50 W, 1980 MHz, 52 %, 41
2026/10/10 14:25:54.038, 4, 76045 MiB, 100 %, 374.45 W, 1980 MHz, 51 %, 42
2026/10/10 14:25:54.039, 5, 76045 MiB, 100 %, 390.01 W, 1980 MHz, 51 %, 47
2026/10/10 14:25:54.039, 6, 76045 MiB, 100 %, 376.59 W, 1980 MHz, 53 %, 45
2026/10/10 14:25:54.039, 7, 76045 MiB, 100 %, 415.20 W, 1980 MHz, 51 %, 75
2026/10/10 14:25:55.039, 0, 76045 MiB, 100 %, 384.45 W, 1980 MHz, 53 %, 42
2026/10/10 14:25:55.039, 1, 76045 MiB, 100 %, 407.99 W, 1980 MHz, 52 %, 64
2026/10/10 14:25:55.039, 2, 76045 MiB, 100 %, 386.28 W, 1980 MHz, 52 %, 47
2026/10/10 14:25:55.039, 3, 76045 MiB, 100 %, 379.04 W, 1980 MHz, 52 %, 41
2026/10/10 14:25:55.039, 4, 76045 MiB, 100 %, 379.09 W, 1980 MHz, 51 %, 41
2026/10/10 14:25:55.040, 5, 76045 MiB, 100 %, 394.74 W, 1980 MHz, 52 %, 47
2026/10/10 14:25:55.040, 6, 76045 MiB, 100 %, 383.40 W, 1980 MHz, 52 %, 45
2026/10/10 14:25:55.040, 7, 76045 MiB, 100 %, 419.73 W, 1980 MHz, 51 %, 75
2026/10/10 14:25:56.040, 0, 76045 MiB, 100 %, 383.42 W, 1980 MHz, 52 %, 42
2026/10/10 14:25:56.040, 1, 76045 MiB, 100 %, 406.07 W, 1980 MHz, 52 %, 64
2026/10/10 14:25:56.040, 2, 76045 MiB, 100 %, 389.80 W, 1980 MHz, 52 %, 46
2026/10/10 14:25:56.040, 3, 76045 MiB, 100 %, 386.96 W, 1980 MHz, 52 %, 40
2026/10/10 14:25:56.040, 4, 76045 MiB, 100 %, 377.24 W, 1980 MHz, 52 %, 41
2026/10/10 14:25:56.040, 5, 76045 MiB, 100 %, 392.50 W, 1980 MHz, 52 %, 47
2026/10/10 14:25:56.041, 6, 76045 MiB, 100 %, 382.76 W, 1980 MHz, 53 %, 45
2026/10/10 14:25:56.041, 7, 76045 MiB, 100 %, 412.61 W, 1980 MHz, 52 %, 75
2026/10/10 14:25:57.041, 0, 76045 MiB, 100 %, 381.69 W, 1980 MHz, 51 %, 42
2026/10/10 14:25:57.041, 1, 76045 MiB, 100 %, 405.98 W, 1980 MHz, 52 %, 63
2026/10/10 14:25:57.041, 2, 76045 MiB, 100 %, 391.53 W, 1980 MHz, 54 %, 46
2026/10/10 14:25:57.041, 3, 76045 MiB, 100 %, 387.13 W, 1980 MHz, 52 %, 40
2026/10/10 14:25:57.041, 4, 76045 MiB, 100 %, 377.31 W, 1980 MHz, 51 %, 41
2026/10/10 14:25:57.041, 5, 76045 MiB, 100 %, 387.85 W, 1980 MHz, 52 %, 46
2026/10/10 14:25:57.041, 6, 76045 MiB, 100 %, 380.31 W, 1980 MHz, 53 %, 45
2026/10/10 14:25:57.041, 7, 76045 MiB, 100 %, 411.16 W, 1980 MHz, 51 %, 75
2026/10/10 14:25:58.042, 0, 76045 MiB, 100 %, 384.60 W, 1980 MHz, 51 %, 42
2026/10/10 14:25:58.042, 1, 76045 MiB, 100 %, 402.07 W, 1980 MHz, 52 %, 63
2026/10/10 14:25:58.042, 2, 76045 MiB, 100 %, 388.60 W, 1980 MHz, 52 %, 46
2026/10/10 14:25:58.042, 3, 76045 MiB, 100 %, 386.87 W, 1980 MHz, 53 %, 40
2026/10/10 14:25:58.042, 4, 76045 MiB, 100 %, 376.58 W, 1980 MHz, 52 %, 41
2026/10/10 14:25:58.042, 5, 76045 MiB, 100 %, 390.42 W, 1980 MHz, 53 %, 46
2026/10/10 14:25:58.042, 6, 76045 MiB, 100 %, 380.74 W, 1980 MHz, 53 %, 45
2026/10/10 14:25:58.042, 7, 76045 MiB, 100 %, 417.45 W, 1980 MHz, 52 %, 75
2026/10/10 14:25:59.043, 0, 76045 MiB, 100 %, 383.41 W, 1980 MHz, 53 %, 42
2026/10/10 14:25:59.043, 1, 76045 MiB, 100 %, 405.07 W, 1980 MHz, 54 %, 63
2026/10/10 14:25:59.043, 2, 76045 MiB, 100 %, 387.15 W, 1980 MHz, 54 %, 46
2026/10/10 14:25:59.043, 3, 76045 MiB, 100 %, 383.79 W, 1980 MHz, 53 %, 40
2026/10/10 14:25:59.043, 4, 76045 MiB, 100 %, 375.24 W, 1980 MHz, 52 %, 41
2026/10/10 14:25:59.043, 5, 76045 MiB, 100 %, 388.74 W, 1980 MHz, 53 %, 46
2026/10/10 14:25:59.043, 6, 76045 MiB, 100 %, 382.76 W, 1980 MHz, 54 %, 44
2026/10/10 14:25:59.043, 7, 76045 MiB, 100 %, 414.13 W, 1980 MHz, 51 %, 75
2026/10/10 14:26:00.044, 0, 76045 MiB, 100 %, 381.60 W, 1980 MHz, 52 %, 41
2026/10/10 14:26:00.044, 1, 76045 MiB, 100 %, 403.96 W, 1980 MHz, 52 %, 63
2026/10/10 14:26:00.044, 2, 76045 MiB, 100 %, 388.58 W, 1980 MHz, 54 %, 46
2026/10/10 14:26:00.044, 3, 76045 MiB, 100 %, 384.33 W, 1980 MHz, 53 %, 40
2026/10/10 14:26:00.044, 4, 76045 MiB, 100 %, 376.19 W, 1980 MHz, 52 %, 40
2026/10/10 14:26:00.044, 5, 76045 MiB, 100 %, 395.26 W, 1980 MHz, 53 %, 46
2026/10/10 14:26:00.044, 6, 76045 MiB, 100 %, 378.49 W, 1980 MHz, 52 %, 44
2026/10/10 14:26:00.044, 7, 76045 MiB, 100 %, 416.10 W, 1980 MHz, 52 %, 75
2026/10/10 14:26:01.045, 0, 76045 MiB, 100 %, 380.65 W, 1980 MHz, 51 %, 41
2026/10/10 14:26:01.045, 1, 76045 MiB, 100 %, 405.00 W, 1980 MHz, 52 %, 63
2026/10/10 14:26:01.045, 2, 76045 MiB, 100 %, 387.87 W, 1980 MHz, 52 %, 46
2026/10/10 14:26:01.045, 3, 76045 MiB, 100 %, 385.88 W, 1980 MHz, 53 %, 40
2026/10/10 14:26:01.045, 4, 76045 MiB, 100 %, 371.40 W, 1980 MHz, 52 %, 40
2026/10/10 14:26:01.045, 5, 76045 MiB, 100 %, 393.80 W, 1980 MHz, 52 %, 46
2026/10/10 14:26:01.045, 6, 76045 MiB, 100 %, 378.89 W, 1980 MHz, 52 %, 44
2026/10/10 14:26:01.045, 7, 76045 MiB, 100 %, 417.68 W, 1980 MHz, 51 %, 74
2026/10/10 14:26:02.046, 0, 76045 MiB, 100 %, 377.76 W, 1980 MHz, 51 %, 41
2026/10/10 14:26:02.046, 1, 76045 MiB, 100 %, 404.02 W, 1980 MHz, 53 %, 63
2026/10/10 14:26:02.046, 2, 76045 MiB, 100 %, 391.30 W, 1980 MHz, 53 %, 46
2026/10/10 14:26:02.046, 3, 76045 MiB, 100 %, 387.61 W, 1980 MHz, 52 %, 40
2026/10/10 14:26:02.046, 4, 76045 MiB, 100 %, 376.22 W, 1980 MHz, 53 %, 40
2026/10/10 14:26:02.046, 5, 76045 MiB, 100 %, 390.25 W, 1980 MHz, 53 %, 46
2026/10/10 14:26:02.046, 6, 76045 MiB, 100 %, 378.99 W, 1980 MHz, 53 %, 44
2026/10/10 14:26:02.046, 7, 76045 MiB, 100 %, 413.27 W, 1980 MHz, 51 %, 74
2026/10/10 14:26:03.046, 0, 76045 MiB, 100 %, 382.25 W, 1980 MHz, 53 %, 41
2026/10/10 14:26:03.047, 1, 76045 MiB, 100 %, 404.57 W, 1980 MHz, 53 %, 63
2026/10/10 14:26:03.047, 2, 76045 MiB, 100 %, 391.41 W, 1980 MHz, 53 %, 45
2026/10/10 14:26:03.047, 3, 76045 MiB, 100 %, 386.24 W, 1980 MHz, 53 %, 39
2026/10/10 14:26:03.047, 4, 76045 MiB, 100 %, 378.83 W, 1980 MHz, 51 %, 40
2026/10/10 14:26:03.047, 5, 76045 MiB, 100 %, 394.02 W, 1980 MHz, 53 %, 46
2026/10/10 14:26:03.047, 6, 76045 MiB, 100 %, 383.95 W, 1980 MHz, 53 %, 44
2026/10/10 14:26:03.047, 7, 76045 MiB, 100 %, 415.23 W, 1980 MHz, 52 %, 74
2026/10/10 14:26:04.047, 0, 76045 MiB, 100 %, 382.08 W, 1980 MHz, 53 %, 41
2026/10/10 14:26:04.048, 1, 76045 MiB, 100 %, 406.58 W, 1980 MHz, 52 %, 63
2026/10/10 14:26:04.048, 2, 76045 MiB, 100 %, 391.46 W, 1980 MHz, 53 %, 45
2026/10/10 14:26:04.048, 3, 76045 MiB, 100 %, 384.68 W, 1980 MHz, 53 %, 39
2026/10/10 14:26:04.048, 4, 76045 MiB, 100 %, 377.92 W, 1980 MHz, 51 %, 40
2026/10/10 14:26:04.048, 5, 76045 MiB, 100 %, 388.61 W, 1980 MHz, 52 %, 46
2026/10/10 14:26:04.048, 6, 76045 MiB, 100 %, 382.76 W, 1980 MHz, 53 %, 44
2026/10/10 14:26:04.048, 7, 76045 MiB, 100 %, 412.50 W, 1980 MHz, 52 %, 74
2026/10/10 14:26:05.048, 0, 76045 MiB, 100 %, 379.85 W, 1980 MHz, 51 %, 41
2026/10/10 14:26:05.049, 1, 76045 MiB, 100 %, 405.91 W, 1980 MHz, 51 %, 63
2026/10/10 14:26:05.049, 2, 76045 MiB, 100 %, 392.26 W, 1980 MHz, 53 %, 45
2026/10/10 14:26:05.049, 3, 76045 MiB, 100 %, 380.70 W, 1980 MHz, 52 %, 39
2026/10/10 14:26:05.049, 4, 76045 MiB, 100 %, 381.20 W, 1980 MHz, 52 %, 40
2026/10/10 14:26:05.049, 5, 76045 MiB, 100 %, 390.71 W, 1980 MHz, 52 %, 46
2026/10/10 14:26:05.049, 6, 76045 MiB, 100 %, 382.63 W, 1980 MHz, 53 %, 44
2026/10/10 14:26:05.049, 7, 76045 MiB, 100 %, 415.24 W, 1980 MHz, 51 %, 74
2026/10/10 14:26:06.049, 0, 76045 MiB, 100 %, 380.21 W, 1980 MHz, 51 %, 41
2026/10/10 14:26:06.049, 1, 76045 MiB, 100 %, 402.63 W, 1980 MHz, 53 %, 63
2026/10/10 14:26:06.050, 2, 76045 MiB, 100 %, 389.62 W, 1980 MHz, 53 %, 45
2026/10/10 14:26:06.050, 3, 76045 MiB, 100 %, 384.29 W, 1980 MHz, 52 %, 39
2026/10/10 14:26:06.050, 4, 76045 MiB, 100 %, 376.77 W, 1980 MHz, 51 %, 40
2026/10/10 14:26:06.050, 5, 76045 MiB, 100 %, 390.38 W, 1980 MHz, 52 %, 46
2026/10/10 14:26:06.050, 6, 76045 MiB, 100 %, 378.73 W, 1980 MHz, 52 %, 44
2026/10/10 14:26:06.050, 7, 76045 MiB, 100 %, 413.75 W, 1980 MHz, 51 %, 74
2026/10/10 14:26:07.050, 0, 76045 MiB, 100 %, 377.00 W, 1980 MHz, 52 %, 41
2026/10/10 14:26:07.050, 1, 76045 MiB, 100 %, 405.92 W, 1980 MHz, 53 %, 63
2026/10/10 14:26:07.050, 2, 76045 MiB, 100 %, 387.45 W, 1980 MHz, 52 %, 45
2026/10/10 14:26:07.051, 3, 76045 MiB, 100 %, 380.78 W, 1980 MHz, 53 %, 39
2026/10/10 14:26:07.051, 4, 76045 MiB, 100 %, 375.81 W, 1980 MHz, 50 %, 40
2026/10/10 14:26:07.051, 5, 76045 MiB, 100 %, 387.08 W, 1980 MHz, 52 %, 46
2026/10/10 14:26:07.051, 6, 76045 MiB, 100 %, 382.80 W, 1980 MHz, 54 %, 44
2026/10/10 14:26:07.051, 7, 76045 MiB, 100 %, 412.71 W, 1980 MHz, 51 %, 74
2026/10/10 14:26:08.051, 0, 76045 MiB, 100 %, 376.46 W, 1980 MHz, 52 %, 41
2026/10/10 14:26:08.051, 1, 76045 MiB, 100 %, 403.47 W, 1980 MHz, 53 %, 63
2026/10/10 14:26:08.051, 2, 76045 MiB, 100 %, 387.94 W, 1980 MHz, 53 %, 45
2026/10/10 14:26:08.052, 3, 76045 MiB, 100 %, 387.62 W, 1980 MHz, 53 %, 39
2026/10/10 14:26:08.052, 4, 76045 MiB, 100 %, 374.26 W, 1980 MHz, 52 %, 40
2026/10/10 14:26:08.052, 5, 76045 MiB, 100 %, 387.41 W, 1980 MHz, 53 %, 46
2026/10/10 14:26:08.052, 6, 76045 MiB, 100 %, 382.47 W, 1980 MHz, 53 %, 44
2026/10/10 14:26:08.052, 7, 76045 MiB, 100 %, 413.24 W, 1980 MHz, 51 %, 74
2026/10/10 14:26:09.052, 0, 76045 MiB, 100 %, 377.17 W, 1980 MHz, 52 %, 40
2026/10/10 14:26:09.052, 1, 76045 MiB, 100 %, 404.04 W, 1980 MHz, 53 %, 63
2026/10/10 14:26:09.052, 2, 76045 MiB, 100 %, 386.25 W, 1980 MHz, 53 %, 45
2026/10/10 14:26:09.052, 3, 76045 MiB, 100 %, 387.34 W, 1980 MHz, 53 %, 39
2026/10/10 14:26:09.052, 4, 76045 MiB, 100 %, 373.91 W, 1980 MHz, 51 %, 40
2026/10/10 14:26:09.053, 5, 76045 MiB, 100 %, 388.23 W, 1980 MHz, 52 %, 45
2026/10/10 14:26:09.053, 6, 76045 MiB, 100 %, 379.00 W, 1980 MHz, 53 %, 44
2026/10/10 14:26:09.053, 7, 76045 MiB, 100 %, 416.87 W, 1980 MHz, 51 %, 74
2026/10/10 14:26:10.053, 0, 76045 MiB, 100 %, 378.69 W, 1980 MHz, 51 %, 40
2026/10/10 14:26:10.053, 1, 76045 MiB, 100 %, 405.83 W, 1980 MHz, 54 %, 63
2026/10/10 14:26:10.053, 2, 76045 MiB, 100 %, 386.91 W, 1980 MHz, 53 %, 45
2026/10/10 14:26:10.053, 3, 76045 MiB, 100 %, 384.94 W, 1980 MHz, 53 %, 39
2026/10/10 14:26:10.053, 4, 76045 MiB, 100 %, 375.35 W, 1980 MHz, 52 %, 40
2026/10/10 14:26:10.053, 5, 76045 MiB, 100 %, 389.83 W, 1980 MHz, 52 %, 45
2026/10/10 14:26:10.054, 6, 76045 MiB, 100 %, 381.53 W, 1980 MHz, 53 %, 44
2026/10/10 14:26:10.054, 7, 76045 MiB, 100 %, 415.60 W, 1980 MHz, 51 %, 74
2026/10/10 14:26:11.054, 0, 76045 MiB, 100 %, 379.42 W, 1980 MHz, 50 %, 40
2026/10/10 14:26:11.054, 1, 76045 MiB, 100 %, 403.68 W, 1980 MHz, 53 %, 63
2026/10/10 14:26:11.054, 2, 76045 MiB, 100 %, 388.27 W, 1980 MHz, 52 %, 45
2026/10/10 14:26:11.054, 3, 76045 MiB, 100 %, 385.89 W, 1980 MHz, 53 %, 39
2026/10/10 14:26:11.054, 4, 76045 MiB, 100 %, 377.34 W, 1980 MHz, 53 %, 40
2026/10/10 14:26:11.054, 5, 76045 MiB, 100 %, 387.42 W, 1980 MHz, 52 %, 45
2026/10/10 14:26:11.054, 6, 76045 MiB, 100 %, 381.99 W, 1980 MHz, 53 %, 43
2026/10/10 14:26:11.054, 7, 76045 MiB, 100 %, 415.32 W, 1980 MHz, 51 %, 74
2026/10/10 14:26:12.055, 0, 76045 MiB, 100 %, 379.79 W, 1980 MHz, 52 %, 40
2026/10/10 14:26:12.055, 1, 76045 MiB, 100 %, 401.94 W, 1980 MHz, 52 %, 63
2026/10/10 14:26:12.055, 2, 76045 MiB, 100 %, 388.79 W, 1980 MHz, 52 %, 45
2026/10/10 14:26:12.055, 3, 76045 MiB, 100 %, 387.26 W, 1980 MHz, 53 %, 39
2026/10/10 14:26:12.055, 4, 76045 MiB, 100 %, 376.74 W, 1980 MHz, 52 %, 40
2026/10/10 14:26:12.055, 5, 76045 MiB, 100 %, 387.48 W, 1980 MHz, 53 %, 45
2026/10/10 14:26:12.055, 6, 76045 MiB, 100 %, 383.21 W, 1980 MHz, 53 %, 43
2026/10/10 14:26:12.055, 7, 76045 MiB, 100 %, 411.06 W, 1980 MHz, 50 %, 74
2026/10/10 14:26:13.056, 0, 76045 MiB, 100 %, 380.85 W, 1980 MHz, 53 %, 40
2026/10/10 14:26:13.056, 1, 76045 MiB, 100 %, 404.14 W, 1980 MHz, 53 %, 63
2026/10/10 14:26:13.056, 2, 76045 MiB, 100 %, 385.73 W, 1980 MHz, 53 %, 45
2026/10/10 14:26:13.056, 3, 76045 MiB, 100 %, 386.50 W, 1980 MHz, 53 %, 39
2026/10/10 14:26:13.056, 4, 76045 MiB, 100 %, 376.23 W, 1980 MHz, 52 %, 39
2026/10/10 14:26:13.056, 5, 76045 MiB, 100 %, 387.75 W, 1980 MHz, 52 %, 45
2026/10/10 14:26:13.056, 6, 76045 MiB, 100 %, 382.60 W, 1980 MHz, 53 %, 43
2026/10/10 14:26:13.056, 7, 76045 MiB, 100 %, 410.65 W, 1980 MHz, 50 %, 74
2026/10/10 14:26:14.056, 0, 76045 MiB, 100 %, 380.34 W, 1980 MHz, 53 %, 40
2026/10/10 14:26:14.057, 1, 76045 MiB, 100 %, 401.68 W, 1980 MHz, 52 %, 63
2026/10/10 14:26:14.057, 2, 76045 MiB, 100 %, 384.66 W, 1980 MHz, 52 %, 45
2026/10/10 14:26:14.057, 3, 76045 MiB, 100 %, 379.53 W, 1980 MHz, 53 %, 39
2026/10/10 14:26:14.057, 4, 76045 MiB, 100 %, 377.20 W, 1980 MHz, 52 %, 39
2026/10/10 14:26:14.057, 5, 76045 MiB, 100 %, 390.45 W, 1980 MHz, 53 %, 45
2026/10/10 14:26:14.057, 6, 76045 MiB, 100 %, 385.73 W, 1980 MHz, 53 %, 43
2026/10/10 14:26:14.057, 7, 76045 MiB, 100 %, 413.81 W, 1980 MHz, 52 %, 74
2026/10/10 14:26:15.057, 0, 76045 MiB, 100 %, 380.95 W, 1980 MHz, 51 %, 40
2026/10/10 14:26:15.057, 1, 76045 MiB, 100 %, 404.10 W, 1980 MHz, 52 %, 63
2026/10/10 14:26:15.057, 2, 76045 MiB, 100 %, 385.11 W, 1980 MHz, 53 %, 45
2026/10/10 14:26:15.058, 3, 76045 MiB, 100 %, 384.26 W, 1980 MHz, 53 %, 39
2026/10/10 14:26:15.058, 4, 76045 MiB, 100 %, 378.11 W, 1980 MHz, 52 %, 39
2026/10/10 14:26:15.058, 5, 76045 MiB, 100 %, 392.41 W, 1980 MHz, 53 %, 45
2026/10/10 14:26:15.058, 6, 76045 MiB, 100 %, 381.28 W, 1980 MHz, 53 %, 43
2026/10/10 14:26:15.058, 7, 76045 MiB, 100 %, 413.33 W, 1980 MHz, 50 %, 74
2026/10/10 14:26:16.058, 0, 76045 MiB, 99 %, 408.20 W, 1980 MHz, 52 %, 43
2026/10/10 14:26:16.058, 1, 76045 MiB, 98 %, 425.53 W, 1980 MHz, 48 %, 66
2026/10/10 14:26:16.058, 2, 76045 MiB, 98 %, 405.75 W, 1980 MHz, 50 %, 49
2026/10/10 14:26:16.059, 3, 76045 MiB, 98 %, 409.10 W, 1980 MHz, 47 %, 42
2026/10/10 14:26:16.059, 4, 76045 MiB, 100 %, 398.81 W, 1980 MHz, 51 %, 43
2026/10/10 14:26:16.059, 5, 76045 MiB, 100 %, 413.04 W, 1980 MHz, 51 %, 49
2026/10/10 14:26:16.059, 6, 76045 MiB, 98 %, 405.33 W, 1980 MHz, 49 %, 47
2026/10/10 14:26:16.059, 7, 76045 MiB, 100 %, 447.52 W, 1980 MHz, 51 %, 78
2026/10/10 14:26:17.059, 0, 76045 MiB, 100 %, 606.66 W, 1980 MHz, 49 %, 49
2026/10/10 14:26:17.059, 1, 76045 MiB, 100 %, 636.42 W, 1980 MHz, 50 %, 69
2026/10/10 14:26:17.060, 2, 76045 MiB, 100 %, 602.47 W, 1980 MHz, 50 %, 52
2026/10/10 14:26:17.060, 3, 76045 MiB, 100 %, 610.62 W, 1980 MHz, 51 %, 47
2026/10/10 14:26:17.060, 4, 76045 MiB, 100 %, 606.70 W, 1980 MHz, 49 %, 48
2026/10/10 14:26:17.060, 5, 76045 MiB, 100 %, 621.98 W, 1980 MHz, 49 %, 53
2026/10/10 14:26:17.060, 6, 76045 MiB, 100 %, 581.30 W, 1980 MHz, 49 %, 52
2026/10/10 14:26:17.060, 7, 76045 MiB, 100 %, 645.22 W, 1980 MHz, 47 %, 82
2026/10/10 14:26:18.060, 0, 76045 MiB, 100 %, 612.47 W, 1980 MHz, 51 %, 49
2026/10/10 14:26:18.060, 1, 76045 MiB, 100 %, 633.96 W, 1980 MHz, 52 %, 68
2026/10/10 14:26:18.060, 2, 76045 MiB, 100 %, 604.84 W, 1980 MHz, 50 %, 53
2026/10/10 14:26:18.061, 3, 76045 MiB, 100 %, 615.47 W, 1980 MHz, 51 %, 47
2026/10/10 14:26:18.061, 4, 76045 MiB, 100 %, 599.46 W, 1980 MHz, 51 %, 50
2026/10/10 14:26:18.061, 5, 76045 MiB, 100 %, 605.76 W, 1980 MHz, 51 %, 54
2026/10/10 14:26:18.061, 6, 76045 MiB, 100 %, 604.21 W, 1980 MHz, 50 %, 54
2026/10/10 14:26:18.061, 7, 76045 MiB, 100 %, 627.59 W, 1965 MHz, 51 %, 82
2026/10/10 14:26:19.061, 0, 76045 MiB, 100 %, 595.68 W, 1980 MHz, 49 %, 49
2026/10/10 14:26:19.061, 1, 76045 MiB, 100 %, 626.44 W, 1980 MHz, 48 %, 69
2026/10/10 14:26:19.061, 2, 76045 MiB, 100 %, 615.96 W, 1980 MHz, 50 %, 54
2026/10/10 14:26:19.061, 3, 76045 MiB, 100 %, 620.71 W, 1980 MHz, 50 %, 49
2026/10/10 14:26:19.061, 4, 76045 MiB, 100 %, 603.41 W, 1980 MHz, 52 %, 49
2026/10/10 14:26:19.062, 5, 76045 MiB, 100 %, 613.78 W, 1980 MHz, 51 %, 55
2026/10/10 14:26:19.062, 6, 76045 MiB, 100 %, 606.04 W, 1980 MHz, 50 %, 54
2026/10/10 14:26:19.062, 7, 76045 MiB, 100 %, 662.63 W, 1815 MHz, 49 %, 82
2026/10/10 14:26:20.062, 0, 76045 MiB, 100 %, 612.02 W, 1980 MHz, 52 %, 49
2026/10/10 14:26:20.062, 1, 76045 MiB, 100 %, 637.56 W, 1980 MHz, 51 %, 69
2026/10/10 14:26:20.062, 2, 76045 MiB, 100 %, 600.34 W, 1980 MHz, 51 %, 54
2026/10/10 14:26:20.062, 3, 76045 MiB, 100 %, 614.21 W, 1980 MHz, 52 %, 48
2026/10/10 14:26:20.062, 4, 76045 MiB, 100 %, 599.56 W, 1980 MHz, 50 %, 50
2026/10/10 14:26:20.062, 5, 76045 MiB, 100 %, 620.93 W, 1980 MHz, 51 %, 55
2026/10/10 14:26:20.063, 6, 76045 MiB, 100 %, 597.98 W, 1980 MHz, 52 %, 55
2026/10/10 14:26:20.063, 7, 76045 MiB, 100 %, 600.65 W, 1890 MHz, 50 %, 82
2026/10/10 14:26:21.063, 0, 76045 MiB, 100 %, 594.31 W, 1980 MHz, 49 %, 50
2026/10/10 14:26:21.063, 1, 76045 MiB, 100 %, 630.89 W, 1980 MHz, 52 %, 70
2026/10/10 14:26:21.063, 2, 76045 MiB, 100 %, 604.82 W, 1980 MHz, 49 %, 54
2026/10/10 14:26:21.063, 3, 76045 MiB, 100 %, 609.62 W, 1980 MHz, 51 %, 49
2026/10/10 14:26:21.063, 4, 76045 MiB, 100 %, 591.80 W, 1980 MHz, 49 %, 50
2026/10/10 14:26:21.063, 5, 76045 MiB, 100 %, 612.42 W, 1980 MHz, 47 %, 55
2026/10/10 14:26:21.063, 6, 76045 MiB, 100 %, 602.49 W, 1980 MHz, 49 %, 54
2026/10/10 14:26:21.063, 7, 76045 MiB, 100 %, 605.72 W, 1935 MHz, 49 %, 82
2026/10/10 14:26:22.063, 0, 76045 MiB, 100 %, 605.43 W, 1980 MHz, 48 %, 50
2026/10/10 14:26:22.064, 1, 76045 MiB, 100 %, 625.89 W, 1980 MHz, 49 %, 69
2026/10/10 14:26:22.064, 2, 76045 MiB, 100 %, 602.18 W, 1980 MHz, 49 %, 55
2026/10/10 14:26:22.064, 3, 76045 MiB, 100 %, 615.70 W, 1980 MHz, 49 %, 49
2026/10/10 14:26:22.064, 4, 76045 MiB, 100 %, 601.88 W, 1980 MHz, 49 %, 50
2026/10/10 14:26:22.064, 5, 76045 MiB, 100 %, 610.37 W, 1980 MHz, 49 %, 55
2026/10/10 14:26:22.064, 6, 76045 MiB, 100 %, 600.55 W, 1980 MHz, 49 %, 54
2026/10/10 14:26:22.064, 7, 76045 MiB, 100 %, 644.36 W, 1965 MHz, 47 %, 82
2026/10/10 14:26:23.064, 0, 76045 MiB, 100 %, 606.77 W, 1980 MHz, 50 %, 50
2026/10/10 14:26:23.064, 1, 76045 MiB, 100 %, 628.91 W, 1980 MHz, 47 %, 69
2026/10/10 14:26:23.064, 2, 76045 MiB, 100 %, 604.60 W, 1980 MHz, 49 %, 54
2026/10/10 14:26:23.064, 3, 76045 MiB, 100 %, 618.42 W, 1980 MHz, 49 %, 49
2026/10/10 14:26:23.064, 4, 76045 MiB, 100 %, 608.65 W, 1980 MHz, 49 %, 51
2026/10/10 14:26:23.064, 5, 76045 MiB, 100 %, 609.84 W, 1980 MHz, 50 %, 56
2026/10/10 14:26:23.064, 6, 76045 MiB, 100 %, 590.51 W, 1980 MHz, 49 %, 55
2026/10/10 14:26:23.064, 7, 76045 MiB, 100 %, 615.67 W, 1905 MHz, 49 %, 83
2026/10/10 14:26:24.065, 0, 76045 MiB, 100 %, 607.83 W, 1980 MHz, 49 %, 50
2026/10/10 14:26:24.065, 1, 76045 MiB, 100 %, 642.87 W, 1980 MHz, 52 %, 70
2026/10/10 14:26:24.065, 2, 76045 MiB, 100 %, 614.64 W, 1980 MHz, 49 %, 55
2026/10/10 14:26:24.065, 3, 76045 MiB, 100 %, 608.58 W, 1980 MHz, 50 %, 49
2026/10/10 14:26:24.065, 4, 76045 MiB, 100 %, 622.32 W, 1980 MHz, 50 %, 51
2026/10/10 14:26:24.065, 5, 76045 MiB, 100 %, 628.77 W, 1980 MHz, 50 %, 55
2026/10/10 14:26:24.065, 6, 76045 MiB, 100 %, 610.66 W, 1980 MHz, 49 %, 55
2026/10/10 14:26:24.065, 7, 76045 MiB, 100 %, 637.58 W, 1890 MHz, 52 %, 83
2026/10/10 14:26:25.065, 0, 76045 MiB, 100 %, 602.07 W, 1980 MHz, 49 %, 51
2026/10/10 14:26:25.065, 1, 76045 MiB, 100 %, 621.07 W, 1980 MHz, 50 %, 70
2026/10/10 14:26:25.065, 2, 76045 MiB, 100 %, 602.49 W, 1980 MHz, 49 %, 55
2026/10/10 14:26:25.065, 3, 76045 MiB, 100 %, 608.65 W, 1980 MHz, 48 %, 49
2026/10/10 14:26:25.066, 4, 76045 MiB, 100 %, 605.63 W, 1980 MHz, 49 %, 52
2026/10/10 14:26:25.066, 5, 76045 MiB, 100 %, 612.81 W, 1980 MHz, 49 %, 56
2026/10/10 14:26:25.066, 6, 76045 MiB, 100 %, 601.06 W, 1980 MHz, 49 %, 55
2026/10/10 14:26:25.066, 7, 76045 MiB, 100 %, 599.46 W, 1875 MHz, 51 %, 83
2026/10/10 14:26:26.066, 0, 76045 MiB, 100 %, 601.23 W, 1980 MHz, 51 %, 50
2026/10/10 14:26:26.066, 1, 76045 MiB, 100 %, 631.53 W, 1980 MHz, 49 %, 70
2026/10/10 14:26:26.066, 2, 76045 MiB, 100 %, 603.10 W, 1980 MHz, 48 %, 56
2026/10/10 14:26:26.066, 3, 76045 MiB, 100 %, 618.03 W, 1980 MHz, 48 %, 49
2026/10/10 14:26:26.066, 4, 76045 MiB, 100 %, 605.41 W, 1980 MHz, 49 %, 51
2026/10/10 14:26:26.066, 5, 76045 MiB, 100 %, 622.65 W, 1980 MHz, 49 %, 57
2026/10/10 14:26:26.066, 6, 76045 MiB, 100 %, 606.76 W, 1980 MHz, 51 %, 56
2026/10/10 14:26:26.066, 7, 76045 MiB, 100 %, 615.61 W, 1965 MHz, 48 %, 83
2026/10/10 14:26:27.066, 0, 76045 MiB, 100 %, 607.87 W, 1980 MHz, 49 %, 51
2026/10/10 14:26:27.067, 1, 76045 MiB, 100 %, 632.89 W, 1980 MHz, 48 %, 71
2026/10/10 14:26:27.067, 2, 76045 MiB, 100 %, 604.36 W, 1980 MHz, 46 %, 54
2026/10/10 14:26:27.067, 3, 76045 MiB, 100 %, 590.97 W, 1980 MHz, 47 %, 49
2026/10/10 14:26:27.067, 4, 76045 MiB, 100 %, 591.51 W, 1980 MHz, 47 %, 52
2026/10/10 14:26:27.067, 5, 76045 MiB, 100 %, 597.51 W, 1980 MHz, 45 %, 56
2026/10/10 14:26:27.067, 6, 76045 MiB, 100 %, 591.39 W, 1980 MHz, 48 %, 55
2026/10/10 14:26:27.067, 7, 76045 MiB, 100 %, 597.04 W, 1875 MHz, 47 %, 81
2026/10/10 14:26:28.067, 0, 76045 MiB, 100 %, 601.41 W, 1980 MHz, 47 %, 51
2026/10/10 14:26:28.067, 1, 76045 MiB, 100 %, 631.70 W, 1980 MHz, 50 %, 71
2026/10/10 14:26:28.067, 2, 76045 MiB, 100 %, 601.55 W, 1980 MHz, 47 %, 55
2026/10/10 14:26:28.067, 3, 76045 MiB, 100 %, 613.95 W, 1980 MHz, 51 %, 49
2026/10/10 14:26:28.067, 4, 76045 MiB, 100 %, 584.05 W, 1980 MHz, 48 %, 51
2026/10/10 14:26:28.068, 5, 76045 MiB, 100 %, 607.95 W, 1980 MHz, 46 %, 56
2026/10/10 14:26:28.068, 6, 76045 MiB, 100 %, 593.65 W, 1980 MHz, 48 %, 55
2026/10/10 14:26:28.068, 7, 76045 MiB, 100 %, 628.66 W, 1905 MHz, 49 %, 83
2026/10/10 14:26:29.068, 0, 76045 MiB, 100 %, 598.80 W, 1980 MHz, 48 %, 50
2026/10/10 14:26:29.068, 1, 76045 MiB, 100 %, 618.27 W, 1980 MHz, 47 %, 71
2026/10/10 14:26:29.068, 2, 76045 MiB, 100 %, 607.43 W, 1980 MHz, 46 %, 55
2026/10/10 14:26:29.068, 3, 76045 MiB, 100 %, 600.20 W, 1980 MHz, 46 %, 49
2026/10/10 14:26:29.068, 4, 76045 MiB, 100 %, 599.04 W, 1980 MHz, 48 %, 52
2026/10/10 14:26:29.068, 5, 76045 MiB, 100 %, 614.35 W, 1980 MHz, 46 %, 56
2026/10/10 14:26:29.068, 6, 76045 MiB, 100 %, 598.87 W, 1980 MHz, 47 %, 56
2026/10/10 14:26:29.068, 7, 76045 MiB, 100 %, 592.02 W, 1920 MHz, 48 %, 83
2026/10/10 14:26:30.068, 0, 76045 MiB, 100 %, 597.04 W, 1980 MHz, 48 %, 51
2026/10/10 14:26:30.069, 1, 76045 MiB, 100 %, 621.74 W, 1980 MHz, 47 %, 71
2026/10/10 14:26:30.069, 2, 76045 MiB, 100 %, 620.44 W, 1980 MHz, 50 %, 56
2026/10/10 14:26:30.069, 3, 76045 MiB, 100 %, 613.53 W, 1980 MHz, 49 %, 50
2026/10/10 14:26:30.069, 4, 76045 MiB, 100 %, 619.13 W, 1980 MHz, 51 %, 51
2026/10/10 14:26:30.069, 5, 76045 MiB, 100 %, 619.35 W, 1980 MHz, 51 %, 57
2026/10/10 14:26:30.069, 6, 76045 MiB, 100 %, 608.41 W, 1980 MHz, 49 %, 56
2026/10/10 14:26:30.069, 7, 76045 MiB, 100 %, 608.61 W, 1860 MHz, 48 %, 82
2026/10/10 14:26:31.069, 0, 76045 MiB, 100 %, 610.39 W, 1980 MHz, 50 %, 51
2026/10/10 14:26:31.069, 1, 76045 MiB, 100 %, 636.27 W, 1980 MHz, 49 %, 71
2026/10/10 14:26:31.069, 2, 76045 MiB, 100 %, 612.59 W, 1980 MHz, 49 %, 56
2026/10/10 14:26:31.069, 3, 76045 MiB, 100 %, 615.60 W, 1980 MHz, 48 %, 50
2026/10/10 14:26:31.069, 4, 76045 MiB, 100 %, 594.25 W, 1980 MHz, 49 %, 52
2026/10/10 14:26:31.069, 5, 76045 MiB, 100 %, 611.05 W, 1980 MHz, 49 %, 57
2026/10/10 14:26:31.069, 6, 76045 MiB, 100 %, 601.32 W, 1980 MHz, 49 %, 56
2026/10/10 14:26:31.069, 7, 76045 MiB, 100 %, 601.83 W, 1815 MHz, 51 %, 83
2026/10/10 14:26:32.070, 0, 76045 MiB, 100 %, 607.74 W, 1980 MHz, 48 %, 51
2026/10/10 14:26:32.070, 1, 76045 MiB, 100 %, 623.56 W, 1980 MHz, 48 %, 71
2026/10/10 14:26:32.070, 2, 76045 MiB, 100 %, 611.56 W, 1980 MHz, 50 %, 56
2026/10/10 14:26:32.070, 3, 76045 MiB, 100 %, 606.96 W, 1980 MHz, 50 %, 51
2026/10/10 14:26:32.070, 4, 76045 MiB, 100 %, 596.34 W, 1980 MHz, 50 %, 51
2026/10/10 14:26:32.070, 5, 76045 MiB, 100 %, 610.33 W, 1980 MHz, 49 %, 57
2026/10/10 14:26:32.070, 6, 76045 MiB, 100 %, 605.74 W, 1980 MHz, 49 %, 56
2026/10/10 14:26:32.070, 7, 76045 MiB, 100 %, 611.08 W, 1965 MHz, 47 %, 83
2026/10/10 14:26:33.070, 0, 76045 MiB, 100 %, 609.35 W, 1980 MHz, 49 %, 51
2026/10/10 14:26:33.070, 1, 76045 MiB, 100 %, 615.88 W, 1980 MHz, 48 %, 71
2026/10/10 14:26:33.071, 2, 76045 MiB, 100 %, 600.22 W, 1980 MHz, 49 %, 55
2026/10/10 14:26:33.071, 3, 76045 MiB, 100 %, 600.22 W, 1980 MHz, 48 %, 50
2026/10/10 14:26:33.071, 4, 76045 MiB, 100 %, 600.52 W, 1980 MHz, 46 %, 52
2026/10/10 14:26:33.071, 5, 76045 MiB, 100 %, 608.43 W, 1980 MHz, 48 %, 56
2026/10/10 14:26:33.071, 6, 76045 MiB, 100 %, 596.03 W, 1980 MHz, 49 %, 57
2026/10/10 14:26:33.071, 7, 76045 MiB, 100 %, 606.47 W, 1845 MHz, 47 %, 83
2026/10/10 14:26:34.071, 0, 76045 MiB, 100 %, 603.15 W, 1980 MHz, 50 %, 51
2026/10/10 14:26:34.071, 1, 76045 MiB, 100 %, 625.62 W, 1980 MHz, 47 %, 71
2026/10/10 14:26:34.071, 2, 76045 MiB, 100 %, 600.83 W, 1980 MHz, 47 %, 56
2026/10/10 14:26:34.071, 3, 76045 MiB, 100 %, 599.40 W, 1980 MHz, 47 %, 49
2026/10/10 14:26:34.071, 4, 76045 MiB, 100 %, 587.91 W, 1980 MHz, 48 %, 52
2026/10/10 14:26:34.071, 5, 76045 MiB, 100 %, 592.53 W, 1980 MHz, 47 %, 57
2026/10/10 14:26:34.071, 6, 76045 MiB, 100 %, 599.49 W, 1980 MHz, 48 %, 57
2026/10/10 14:26:34.071, 7, 76045 MiB, 100 %, 602.44 W, 1965 MHz, 49 %, 83
2026/10/10 14:26:35.072, 0, 76045 MiB, 100 %, 614.70 W, 1980 MHz, 47 %, 52
2026/10/10 14:26:35.072, 1, 76045 MiB, 100 %, 625.87 W, 1980 MHz, 49 %, 71
2026/10/10 14:26:35.072, 2, 76045 MiB, 100 %, 613.13 W, 1980 MHz, 49 %, 57
2026/10/10 14:26:35.072, 3, 76045 MiB, 100 %, 615.43 W, 1980 MHz, 49 %, 51
2026/10/10 14:26:35.072, 4, 76045 MiB, 100 %, 607.20 W, 1980 MHz, 48 %, 52
2026/10/10 14:26:35.072, 5, 76045 MiB, 100 %, 620.42 W, 1980 MHz, 48 %, 58
2026/10/10 14:26:35.072, 6, 76045 MiB, 100 %, 615.75 W, 1980 MHz, 47 %, 56
2026/10/10 14:26:35.072, 7, 76045 MiB, 100 %, 639.07 W, 1815 MHz, 47 %, 83
2026/10/10 14:26:36.072, 0, 76045 MiB, 100 %, 604.45 W, 1980 MHz, 50 %, 51
2026/10/10 14:26:36.072, 1, 76045 MiB, 100 %, 625.98 W, 1980 MHz, 48 %, 71
2026/10/10 14:26:36.072, 2, 76045 MiB, 100 %, 602.76 W, 1980 MHz, 47 %, 56
2026/10/10 14:26:36.073, 3, 76045 MiB, 100 %, 617.38 W, 1980 MHz, 47 %, 50
2026/10/10 14:26:36.073, 4, 76045 MiB, 100 %, 604.88 W, 1980 MHz, 49 %, 53
2026/10/10 14:26:36.073, 5, 76045 MiB, 100 %, 608.97 W, 1980 MHz, 48 %, 57
2026/10/10 14:26:36.073, 6, 76045 MiB, 100 %, 598.74 W, 1980 MHz, 49 %, 57
2026/10/10 14:26:36.073, 7, 76045 MiB, 100 %, 592.25 W, 1830 MHz, 51 %, 82
2026/10/10 14:26:37.073, 0, 76045 MiB, 100 %, 604.80 W, 1980 MHz, 52 %, 51
2026/10/10 14:26:37.073, 1, 76045 MiB, 100 %, 621.46 W, 1980 MHz, 47 %, 71
2026/10/10 14:26:37.073, 2, 76045 MiB, 100 %, 609.21 W, 1980 MHz, 49 %, 57
2026/10/10 14:26:37.073, 3, 76045 MiB, 100 %, 609.00 W, 1980 MHz, 47 %, 50
2026/10/10 14:26:37.073, 4, 76045 MiB, 100 %, 602.74 W, 1980 MHz, 51 %, 53
2026/10/10 14:26:37.073, 5, 76045 MiB, 100 %, 620.69 W, 1980 MHz, 51 %, 58
2026/10/10 14:26:37.073, 6, 76045 MiB, 100 %, 603.83 W, 1980 MHz, 51 %, 57
2026/10/10 14:26:37.073, 7, 76045 MiB, 100 %, 602.62 W, 1860 MHz, 50 %, 83
2026/10/10 14:26:38.074, 0, 76045 MiB, 100 %, 600.31 W, 1980 MHz, 49 %, 52
2026/10/10 14:26:38.074, 1, 76045 MiB, 100 %, 629.93 W, 1980 MHz, 50 %, 72
2026/10/10 14:26:38.074, 2, 76045 MiB, 100 %, 611.04 W, 1980 MHz, 50 %, 57
2026/10/10 14:26:38.074, 3, 76045 MiB, 100 %, 608.48 W, 1980 MHz, 50 %, 51
2026/10/10 14:26:38.074, 4, 76045 MiB, 100 %, 594.60 W, 1980 MHz, 50 %, 52
2026/10/10 14:26:38.074, 5, 76045 MiB, 100 %, 600.54 W, 1980 MHz, 50 %, 57
2026/10/10 14:26:38.074, 6, 76045 MiB, 100 %, 601.50 W, 1980 MHz, 48 %, 56
2026/10/10 14:26:38.074, 7, 76045 MiB, 100 %, 612.51 W, 1935 MHz, 48 %, 83
2026/10/10 14:26:39.074, 0, 76045 MiB, 100 %, 610.50 W, 1980 MHz, 52 %, 52
2026/10/10 14:26:39.074, 1, 76045 MiB, 97 %, 634.31 W, 1980 MHz, 49 %, 71
2026/10/10 14:26:39.074, 2, 76045 MiB, 100 %, 596.13 W, 1980 MHz, 51 %, 57
2026/10/10 14:26:39.075, 3, 76045 MiB, 97 %, 622.74 W, 1980 MHz, 47 %, 50
2026/10/10 14:26:39.075, 4, 76045 MiB, 100 %, 587.85 W, 1980 MHz, 52 %, 53
2026/10/10 14:26:39.075, 5, 76045 MiB, 100 %, 596.76 W, 1980 MHz, 52 %, 58
2026/10/10 14:26:39.075, 6, 76045 MiB, 97 %, 597.98 W, 1980 MHz, 51 %, 58
2026/10/10 14:26:39.075, 7, 76045 MiB, 100 %, 624.77 W, 1845 MHz, 51 %, 83
2026/10/10 14:26:40.075, 0, 76045 MiB, 100 %, 610.10 W, 1980 MHz, 48 %, 52
2026/10/10 14:26:40.075, 1, 76045 MiB, 100 %, 626.19 W, 1980 MHz, 51 %, 72
2026/10/10 14:26:40.075, 2, 76045 MiB, 100 %, 597.48 W, 1980 MHz, 48 %, 56
2026/10/10 14:26:40.075, 3, 76045 MiB, 100 %, 612.46 W, 1980 MHz, 51 %, 51
2026/10/10 14:26:40.075, 4, 76045 MiB, 100 %, 604.15 W, 1980 MHz, 49 %, 52
2026/10/10 14:26:40.075, 5, 76045 MiB, 100 %, 612.13 W, 1980 MHz, 48 %, 57
2026/10/10 14:26:40.075, 6, 76045 MiB, 100 %, 600.87 W, 1980 MHz, 48 %, 57
2026/10/10 14:26:40.075, 7, 76045 MiB, 100 %, 595.89 W, 1875 MHz, 48 %, 83
2026/10/10 14:26:41.076, 0, 76045 MiB, 100 %, 629.46 W, 1980 MHz, 53 %, 52
2026/10/10 14:26:41.076, 1, 76045 MiB, 100 %, 641.19 W, 1980 MHz, 51 %, 71
2026/10/10 14:26:41.076, 2, 76045 MiB, 100 %, 609.17 W, 1980 MHz, 50 %, 57
2026/10/10 14:26:41.076, 3, 76045 MiB, 100 %, 621.02 W, 1980 MHz, 51 %, 51
2026/10/10 14:26:41.076, 4, 76045 MiB, 100 %, 609.78 W, 1980 MHz, 51 %, 53
2026/10/10 14:26:41.076, 5, 76045 MiB, 100 %, 606.56 W, 1980 MHz, 50 %, 59
2026/10/10 14:26:41.076, 6, 76045 MiB, 100 %, 608.56 W, 1980 MHz, 52 %, 57
2026/10/10 14:26:41.076, 7, 76045 MiB, 100 %, 623.34 W, 1920 MHz, 51 %, 83
2026/10/10 14:26:42.076, 0, 76045 MiB, 100 %, 605.82 W, 1980 MHz, 48 %, 51
2026/10/10 14:26:42.076, 1, 76045 MiB, 100 %, 642.59 W, 1980 MHz, 48 %, 71
2026/10/10 14:26:42.076, 2, 76045 MiB, 100 %, 614.92 W, 1980 MHz, 46 %, 57
2026/10/10 14:26:42.076, 3, 76045 MiB, 100 %, 616.06 W, 1980 MHz, 47 %, 50
2026/10/10 14:26:42.077, 4, 76045 MiB, 100 %, 605.42 W, 1980 MHz, 48 %, 53
2026/10/10 14:26:42.077, 5, 76045 MiB, 100 %, 615.85 W, 1980 MHz, 47 %, 57
2026/10/10 14:26:42.077, 6, 76045 MiB, 100 %, 603.98 W, 1980 MHz, 48 %, 57
2026/10/10 14:26:42.077, 7, 76045 MiB, 100 %, 618.90 W, 1725 MHz, 49 %, 82
2026/10/10 14:26:43.077, 0, 76045 MiB, 100 %, 613.04 W, 1980 MHz, 50 %, 53
2026/10/10 14:26:43.077, 1, 76045 MiB, 100 %, 620.69 W, 1980 MHz, 52 %, 72
2026/10/10 14:26:43.077, 2, 76045 MiB, 100 %, 604.49 W, 1980 MHz, 51 %, 57
2026/10/10 14:26:43.077, 3, 76045 MiB, 100 %, 608.75 W, 1980 MHz, 50 %, 51
2026/10/10 14:26:43.077, 4, 76045 MiB, 100 %, 592.93 W, 1980 MHz, 51 %, 52
2026/10/10 14:26:43.077, 5, 76045 MiB, 100 %, 615.39 W, 1980 MHz, 51 %, 58
2026/10/10 14:26:43.077, 6, 76045 MiB, 100 %, 604.80 W, 1980 MHz, 51 %, 57
2026/10/10 14:26:43.077, 7, 76045 MiB, 100 %, 594.74 W, 1965 MHz, 51 %, 84
2026/10/10 14:26:44.078, 0, 76045 MiB, 100 %, 606.66 W, 1980 MHz, 48 %, 53
2026/10/10 14:26:44.078, 1, 76045 MiB, 100 %, 637.04 W, 1980 MHz, 50 %, 72
2026/10/10 14:26:44.078, 2, 76045 MiB, 100 %, 602.19 W, 1980 MHz, 49 %, 57
2026/10/10 14:26:44.078, 3, 76045 MiB, 100 %, 617.60 W, 1980 MHz, 47 %, 51
2026/10/10 14:26:44.078, 4, 76045 MiB, 100 %, 607.06 W, 1980 MHz, 49 %, 52
2026/10/10 14:26:44.078, 5, 76045 MiB, 100 %, 606.95 W, 1980 MHz, 49 %, 58
2026/10/10 14:26:44.078, 6, 76045 MiB, 100 %, 594.85 W, 1980 MHz, 47 %, 57
2026/10/10 14:26:44.078, 7, 76045 MiB, 100 %, 624.54 W, 1950 MHz, 48 %, 83
2026/10/10 14:26:45.078, 0, 76045 MiB, 100 %, 607.74 W, 1980 MHz, 49 %, 52
2026/10/10 14:26:45.079, 1, 76045 MiB, 100 %, 645.67 W, 1980 MHz, 48 %, 71
2026/10/10 14:26:45.079, 2, 76045 MiB, 100 %, 604.40 W, 1980 MHz, 47 %, 56
2026/10/10 14:26:45.079, 3, 76045 MiB, 100 %, 597.48 W, 1980 MHz, 49 %, 50
2026/10/10 14:26:45.079, 4, 76045 MiB, 100 %, 594.85 W, 1980 MHz, 47 %, 53
2026/10/10 14:26:45.079, 5, 76045 MiB, 100 %, 594.05 W, 1980 MHz, 47 %, 57
2026/10/10 14:26:45.079, 6, 76045 MiB, 100 %, 590.94 W, 1980 MHz, 49 %, 57
2026/10/10 14:26:45.079, 7, 76045 MiB, 100 %, 586.66 W, 1710 MHz, 49 %, 81
2026/10/10 14:26:46.079, 0, 76045 MiB, 100 %, 602.75 W, 1980 MHz, 49 %, 52
2026/10/10 14:26:46.079, 1, 76045 MiB, 100 %, 622.86 W, 1980 MHz, 47 %, 71
2026/10/10 14:26:46.079, 2, 76045 MiB, 100 %, 604.38 W, 1980 MHz, 49 %, 58
2026/10/10 14:26:46.079, 3, 76045 MiB, 100 %, 621.94 W, 1980 MHz, 48 %, 51
2026/10/10 14:26:46.079, 4, 76045 MiB, 100 %, 599.15 W, 1980 MHz, 48 %, 52
2026/10/10 14:26:46.079, 5, 76045 MiB, 100 %, 609.73 W, 1980 MHz, 49 %, 59
2026/10/10 14:26:46.079, 6, 76045 MiB, 100 %, 596.92 W, 1980 MHz, 49 %, 58
2026/10/10 14:26:46.079, 7, 76045 MiB, 100 %, 621.03 W, 1860 MHz, 47 %, 83
2026/10/10 14:26:47.080, 0, 76045 MiB, 100 %, 545.04 W, 1980 MHz, 49 %, 47
2026/10/10 14:26:47.080, 1, 76045 MiB, 100 %, 599.10 W, 1980 MHz, 52 %, 67
2026/10/10 14:26:47.080, 2, 76045 MiB, 100 %, 574.72 W, 1980 MHz, 51 %, 52
2026/10/10 14:26:47.080, 3, 76045 MiB, 100 %, 576.03 W, 1980 MHz, 51 %, 46
2026/10/10 14:26:47.080, 4, 76045 MiB, 100 %, 564.69 W, 1980 MHz, 51 %, 48
2026/10/10 14:26:47.080, 5, 76045 MiB, 100 %, 563.67 W, 1980 MHz, 50 %, 53
2026/10/10 14:26:47.080, 6, 76045 MiB, 100 %, 556.62 W, 1980 MHz, 51 %, 52
2026/10/10 14:26:47.080, 7, 76045 MiB, 100 %, 552.88 W, 1965 MHz, 50 %, 78
2026/10/10 14:26:48.080, 0, 76045 MiB, 100 %, 378.23 W, 1980 MHz, 50 %, 44
2026/10/10 14:26:48.081, 1, 76045 MiB, 100 %, 404.50 W, 1980 MHz, 51 %, 65
2026/10/10 14:26:48.081, 2, 76045 MiB, 100 %, 390.55 W, 1980 MHz, 51 %, 50
2026/10/10 14:26:48.081, 3, 76045 MiB, 100 %, 394.82 W, 1980 MHz, 52 %, 43
2026/10/10 14:26:48.081, 4, 76045 MiB, 100 %, 377.44 W, 1980 MHz, 52 %, 44
2026/10/10 14:26:48.081, 5, 76045 MiB, 100 %, 390.48 W, 1980 MHz, 51 %, 50
2026/10/10 14:26:48.081, 6, 76045 MiB, 100 %, 382.13 W, 1980 MHz, 52 %, 48
2026/10/10 14:26:48.081, 7, 76045 MiB, 100 %, 423.32 W, 1980 MHz, 50 %, 77
2026/10/10 14:26:49.081, 0, 76045 MiB, 100 %, 381.68 W, 1980 MHz, 51 %, 44
2026/10/10 14:26:49.082, 1, 76045 MiB, 100 %, 402.65 W, 1980 MHz, 52 %, 65
2026/10/10 14:26:49.082, 2, 76045 MiB, 100 %, 388.59 W, 1980 MHz, 52 %, 49
2026/10/10 14:26:49.082, 3, 76045 MiB, 100 %, 380.98 W, 1980 MHz, 52 %, 42
2026/10/10 14:26:49.082, 4, 76045 MiB, 100 %, 376.17 W, 1980 MHz, 51 %, 43
2026/10/10 14:26:49.082, 5, 76045 MiB, 100 %, 385.36 W, 1980 MHz, 51 %, 49
2026/10/10 14:26:49.082, 6, 76045 MiB, 100 %, 380.59 W, 1980 MHz, 52 %, 48
2026/10/10 14:26:49.082, 7, 76045 MiB, 100 %, 411.44 W, 1980 MHz, 52 %, 76
2026/10/10 14:26:50.082, 0, 76045 MiB, 100 %, 383.24 W, 1980 MHz, 51 %, 43
2026/10/10 14:26:50.082, 1, 76045 MiB, 100 %, 403.46 W, 1980 MHz, 53 %, 64
2026/10/10 14:26:50.082, 2, 76045 MiB, 100 %, 392.57 W, 1980 MHz, 53 %, 49
2026/10/10 14:26:50.082, 3, 76045 MiB, 100 %, 384.46 W, 1980 MHz, 52 %, 42
2026/10/10 14:26:50.082, 4, 76045 MiB, 100 %, 378.76 W, 1980 MHz, 52 %, 43
2026/10/10 14:26:50.082, 5, 76045 MiB, 100 %, 389.99 W, 1980 MHz, 52 %, 49
2026/10/10 14:26:50.083, 6, 76045 MiB, 100 %, 381.32 W, 1980 MHz, 53 %, 47
2026/10/10 14:26:50.083, 7, 76045 MiB, 100 %, 416.61 W, 1980 MHz, 51 %, 76
2026/10/10 14:26:51.083, 0, 76045 MiB, 100 %, 383.13 W, 1980 MHz, 53 %, 43
2026/10/10 14:26:51.083, 1, 76045 MiB, 100 %, 403.33 W, 1980 MHz, 52 %, 64
2026/10/10 14:26:51.083, 2, 76045 MiB, 100 %, 390.65 W, 1980 MHz, 53 %, 48
2026/10/10 14:26:51.083, 3, 76045 MiB, 100 %, 386.28 W, 1980 MHz, 52 %, 41
2026/10/10 14:26:51.083, 4, 76045 MiB, 100 %, 380.49 W, 1980 MHz, 52 %, 42
2026/10/10 14:26:51.083, 5, 76045 MiB, 100 %, 392.32 W, 1980 MHz, 52 %, 49
2026/10/10 14:26:51.083, 6, 76045 MiB, 100 %, 380.50 W, 1980 MHz, 53 %, 47
2026/10/10 14:26:51.083, 7, 76045 MiB, 100 %, 418.32 W, 1980 MHz, 51 %, 76
2026/10/10 14:26:52.083, 0, 76045 MiB, 100 %, 384.02 W, 1980 MHz, 52 %, 43
2026/10/10 14:26:52.084, 1, 76045 MiB, 100 %, 404.17 W, 1980 MHz, 51 %, 64
2026/10/10 14:26:52.084, 2, 76045 MiB, 100 %, 390.57 W, 1980 MHz, 53 %, 48
2026/10/10 14:26:52.084, 3, 76045 MiB, 100 %, 390.94 W, 1980 MHz, 52 %, 41
2026/10/10 14:26:52.084, 4, 76045 MiB, 100 %, 379.97 W, 1980 MHz, 51 %, 42
2026/10/10 14:26:52.084, 5, 76045 MiB, 100 %, 388.52 W, 1980 MHz, 53 %, 48
2026/10/10 14:26:52.084, 6, 76045 MiB, 100 %, 380.87 W, 1980 MHz, 53 %, 46
2026/10/10 14:26:52.084, 7, 76045 MiB, 100 %, 420.13 W, 1980 MHz, 53 %, 75
2026/10/10 14:26:53.084, 0, 76045 MiB, 100 %, 385.47 W, 1980 MHz, 52 %, 43
2026/10/10 14:26:53.084, 1, 76045 MiB, 100 %, 403.50 W, 1980 MHz, 52 %, 64
2026/10/10 14:26:53.084, 2, 76045 MiB, 100 %, 387.65 W, 1980 MHz, 52 %, 48
2026/10/10 14:26:53.084, 3, 76045 MiB, 100 %, 386.92 W, 1980 MHz, 52 %, 41
2026/10/10 14:26:53.084, 4, 76045 MiB, 100 %, 381.17 W, 1980 MHz, 53 %, 42
2026/10/10 14:26:53.084, 5, 76045 MiB, 100 %, 389.68 W, 1980 MHz, 52 %, 48
2026/10/10 14:26:53.084, 6, 76045 MiB, 100 %, 381.70 W, 1980 MHz, 53 %, 46
2026/10/10 14:26:53.085, 7, 76045 MiB, 100 %, 418.91 W, 1980 MHz, 51 %, 75
2026/10/10 14:26:54.085, 0, 76045 MiB, 100 %, 385.54 W, 1980 MHz, 52 %, 42
2026/10/10 14:26:54.085, 1, 76045 MiB, 100 %, 403.14 W, 1980 MHz, 52 %, 64
2026/10/10 14:26:54.085, 2, 76045 MiB, 100 %, 389.40 W, 1980 MHz, 51 %, 48
2026/10/10 14:26:54.085, 3, 76045 MiB, 100 %, 384.49 W, 1980 MHz, 53 %, 41
2026/10/10 14:26:54.085, 4, 76045 MiB, 100 %, 382.93 W, 1980 MHz, 52 %, 42
2026/10/10 14:26:54.085, 5, 76045 MiB, 100 %, 394.58 W, 1980 MHz, 52 %, 48
2026/10/10 14:26:54.085, 6, 76045 MiB, 100 %, 381.18 W, 1980 MHz, 52 %, 46
2026/10/10 14:26:54.085, 7, 76045 MiB, 100 %, 416.57 W, 1980 MHz, 53 %, 75
2026/10/10 14:26:55.085, 0, 76045 MiB, 100 %, 385.67 W, 1980 MHz, 53 %, 42
2026/10/10 14:26:55.085, 1, 76045 MiB, 100 %, 401.36 W, 1980 MHz, 52 %, 64
2026/10/10 14:26:55.086, 2, 76045 MiB, 100 %, 388.55 W, 1980 MHz, 52 %, 48
2026/10/10 14:26:55.086, 3, 76045 MiB, 100 %, 392.39 W, 1980 MHz, 54 %, 41
2026/10/10 14:26:55.086, 4, 76045 MiB, 100 %, 379.71 W, 1980 MHz, 53 %, 42
2026/10/10 14:26:55.086, 5, 76045 MiB, 100 %, 395.07 W, 1980 MHz, 53 %, 48
2026/10/10 14:26:55.086, 6, 76045 MiB, 100 %, 382.48 W, 1980 MHz, 52 %, 46
2026/10/10 14:26:55.086, 7, 76045 MiB, 100 %, 420.86 W, 1980 MHz, 52 %, 75
2026/10/10 14:26:56.086, 0, 76045 MiB, 100 %, 385.26 W, 1980 MHz, 52 %, 42
2026/10/10 14:26:56.086, 1, 76045 MiB, 100 %, 407.19 W, 1980 MHz, 52 %, 64
2026/10/10 14:26:56.086, 2, 76045 MiB, 100 %, 390.59 W, 1980 MHz, 52 %, 47
2026/10/10 14:26:56.086, 3, 76045 MiB, 100 %, 388.93 W, 1980 MHz, 54 %, 41
2026/10/10 14:26:56.086, 4, 76045 MiB, 100 %, 381.02 W, 1980 MHz, 52 %, 41
2026/10/10 14:26:56.086, 5, 76045 MiB, 100 %, 393.15 W, 1980 MHz, 52 %, 48
2026/10/10 14:26:56.086, 6, 76045 MiB, 100 %, 380.51 W, 1980 MHz, 54 %, 46
2026/10/10 14:26:56.086, 7, 76045 MiB, 100 %, 417.34 W, 1980 MHz, 52 %, 75
2026/10/10 14:26:57.087, 0, 76045 MiB, 100 %, 382.62 W, 1980 MHz, 52 %, 42
2026/10/10 14:26:57.087, 1, 76045 MiB, 100 %, 403.08 W, 1980 MHz, 52 %, 64
2026/10/10 14:26:57.087, 2, 76045 MiB, 100 %, 390.92 W, 1980 MHz, 53 %, 47
2026/10/10 14:26:57.087, 3, 76045 MiB, 100 %, 386.24 W, 1980 MHz, 53 %, 40
2026/10/10 14:26:57.087, 4, 76045 MiB, 100 %, 378.50 W, 1980 MHz, 52 %, 41
2026/10/10 14:26:57.087, 5, 76045 MiB, 100 %, 391.84 W, 1980 MHz, 53 %, 48
2026/10/10 14:26:57.087, 6, 76045 MiB, 100 %, 381.38 W, 1980 MHz, 53 %, 46
2026/10/10 14:26:57.087, 7, 76045 MiB, 100 %, 418.46 W, 1980 MHz, 52 %, 75
2026/10/10 14:26:58.087, 0, 76045 MiB, 100 %, 379.80 W, 1980 MHz, 51 %, 42
2026/10/10 14:26:58.087, 1, 76045 MiB, 100 %, 405.60 W, 1980 MHz, 52 %, 64
2026/10/10 14:26:58.088, 2, 76045 MiB, 100 %, 388.41 W, 1980 MHz, 52 %, 47
2026/10/10 14:26:58.088, 3, 76045 MiB, 100 %, 384.73 W, 1980 MHz, 52 %, 40
2026/10/10 14:26:58.088, 4, 76045 MiB, 100 %, 379.15 W, 1980 MHz, 52 %, 41
2026/10/10 14:26:58.088, 5, 76045 MiB, 100 %, 394.66 W, 1980 MHz, 53 %, 48
2026/10/10 14:26:58.088, 6, 76045 MiB, 100 %, 382.51 W, 1980 MHz, 53 %, 45
2026/10/10 14:26:58.088, 7, 76045 MiB, 100 %, 422.06 W, 1980 MHz, 51 %, 75
2026/10/10 14:26:59.088, 0, 76045 MiB, 100 %, 380.93 W, 1980 MHz, 52 %, 42
2026/10/10 14:26:59.088, 1, 76045 MiB, 100 %, 404.30 W, 1980 MHz, 52 %, 63
2026/10/10 14:26:59.088, 2, 76045 MiB, 100 %, 387.19 W, 1980 MHz, 52 %, 47
2026/10/10 14:26:59.088, 3, 76045 MiB, 100 %, 383.89 W, 1980 MHz, 51 %, 40
2026/10/10 14:26:59.088, 4, 76045 MiB, 100 %, 377.88 W, 1980 MHz, 53 %, 41
2026/10/10 14:26:59.088, 5, 76045 MiB, 100 %, 391.73 W, 1980 MHz, 52 %, 47
2026/10/10 14:26:59.088, 6, 76045 MiB, 100 %, 377.01 W, 1980 MHz, 52 %, 45
2026/10/10 14:26:59.088, 7, 76045 MiB, 100 %, 417.06 W, 1980 MHz, 52 %, 75
2026/10/10 14:27:00.089, 0, 76045 MiB, 100 %, 385.81 W, 1980 MHz, 52 %, 42
2026/10/10 14:27:00.089, 1, 76045 MiB, 100 %, 401.62 W, 1980 MHz, 52 %, 63
2026/10/10 14:27:00.089, 2, 76045 MiB, 100 %, 386.60 W, 1980 MHz, 52 %, 47
2026/10/10 14:27:00.089, 3, 76045 MiB, 100 %, 382.03 W, 1980 MHz, 52 %, 40
2026/10/10 14:27:00.089, 4, 76045 MiB, 100 %, 381.15 W, 1980 MHz, 53 %, 41
2026/10/10 14:27:00.089, 5, 76045 MiB, 100 %, 386.96 W, 1980 MHz, 53 %, 47
2026/10/10 14:27:00.089, 6, 76045 MiB, 100 %, 382.40 W, 1980 MHz, 52 %, 45
2026/10/10 14:27:00.089, 7, 76045 MiB, 100 %, 417.47 W, 1980 MHz, 52 %, 75
2026/10/10 14:27:01.089, 0, 76045 MiB, 100 %, 382.66 W, 1980 MHz, 52 %, 42
2026/10/10 14:27:01.089, 1, 76045 MiB, 100 %, 404.83 W, 1980 MHz, 51 %, 63
2026/10/10 14:27:01.089, 2, 76045 MiB, 100 %, 389.14 W, 1980 MHz, 53 %, 47
2026/10/10 14:27:01.089, 3, 76045 MiB, 100 %, 382.94 W, 1980 MHz, 52 %, 40
2026/10/10 14:27:01.089, 4, 76045 MiB, 100 %, 377.95 W, 1980 MHz, 51 %, 41
2026/10/10 14:27:01.089, 5, 76045 MiB, 100 %, 391.46 W, 1980 MHz, 52 %, 47
2026/10/10 14:27:01.090, 6, 76045 MiB, 100 %, 380.40 W, 1980 MHz, 52 %, 45
2026/10/10 14:27:01.090, 7, 76045 MiB, 100 %, 417.27 W, 1980 MHz, 51 %, 75
2026/10/10 14:27:02.090, 0, 76045 MiB, 100 %, 379.85 W, 1980 MHz, 52 %, 41
2026/10/10 14:27:02.090, 1, 76045 MiB, 100 %, 404.63 W, 1980 MHz, 52 %, 63
2026/10/10 14:27:02.090, 2, 76045 MiB, 100 %, 388.98 W, 1980 MHz, 51 %, 47
2026/10/10 14:27:02.090, 3, 76045 MiB, 100 %, 384.86 W, 1980 MHz, 52 %, 40
2026/10/10 14:27:02.090, 4, 76045 MiB, 100 %, 379.27 W, 1980 MHz, 52 %, 41
2026/10/10 14:27:02.090, 5, 76045 MiB, 100 %, 389.45 W, 1980 MHz, 51 %, 47
2026/10/10 14:27:02.090, 6, 76045 MiB, 100 %, 382.39 W, 1980 MHz, 53 %, 45
2026/10/10 14:27:02.090, 7, 76045 MiB, 100 %, 413.90 W, 1980 MHz, 52 %, 75
2026/10/10 14:27:03.090, 0, 76045 MiB, 100 %, 383.64 W, 1980 MHz, 52 %, 41
2026/10/10 14:27:03.091, 1, 76045 MiB, 100 %, 406.96 W, 1980 MHz, 53 %, 63
2026/10/10 14:27:03.091, 2, 76045 MiB, 100 %, 387.29 W, 1980 MHz, 52 %, 46
2026/10/10 14:27:03.091, 3, 76045 MiB, 100 %, 383.91 W, 1980 MHz, 52 %, 40
2026/10/10 14:27:03.091, 4, 76045 MiB, 100 %, 380.91 W, 1980 MHz, 52 %, 41
2026/10/10 14:27:03.091, 5, 76045 MiB, 100 %, 393.93 W, 1980 MHz, 52 %, 47
2026/10/10 14:27:03.091, 6, 76045 MiB, 100 %, 385.77 W, 1980 MHz, 53 %, 45
2026/10/10 14:27:03.091, 7, 76045 MiB, 100 %, 418.33 W, 1980 MHz, 52 %, 75
2026/10/10 14:27:04.091, 0, 76045 MiB, 100 %, 382.47 W, 1980 MHz, 52 %, 41
2026/10/10 14:27:04.091, 1, 76045 MiB, 100 %, 404.07 W, 1980 MHz, 53 %, 63
2026/10/10 14:27:04.091, 2, 76045 MiB, 100 %, 388.48 W, 1980 MHz, 52 %, 46
2026/10/10 14:27:04.091, 3, 76045 MiB, 100 %, 384.76 W, 1980 MHz, 53 %, 40
2026/10/10 14:27:04.092, 4, 76045 MiB, 100 %, 379.56 W, 1980 MHz, 54 %, 41
2026/10/10 14:27:04.092, 5, 76045 MiB, 100 %, 393.47 W, 1980 MHz, 52 %, 47
2026/10/10 14:27:04.092, 6, 76045 MiB, 100 %, 382.13 W, 1980 MHz, 54 %, 45
2026/10/10 14:27:04.092, 7, 76045 MiB, 100 %, 414.92 W, 1980 MHz, 51 %, 75
2026/10/10 14:27:05.092, 0, 76045 MiB, 100 %, 377.44 W, 1980 MHz, 53 %, 41
2026/10/10 14:27:05.092, 1, 76045 MiB, 100 %, 402.50 W, 1980 MHz, 52 %, 63
2026/10/10 14:27:05.092, 2, 76045 MiB, 100 %, 387.85 W, 1980 MHz, 53 %, 46
2026/10/10 14:27:05.092, 3, 76045 MiB, 100 %, 386.72 W, 1980 MHz, 52 %, 40
2026/10/10 14:27:05.092, 4, 76045 MiB, 100 %, 377.88 W, 1980 MHz, 53 %, 40
2026/10/10 14:27:05.092, 5, 76045 MiB, 100 %, 389.04 W, 1980 MHz, 52 %, 47
2026/10/10 14:27:05.092, 6, 76045 MiB, 100 %, 379.77 W, 1980 MHz, 53 %, 45
2026/10/10 14:27:05.092, 7, 76045 MiB, 100 %, 413.96 W, 1980 MHz, 52 %, 75
2026/10/10 14:27:06.092, 0, 76045 MiB, 100 %, 380.78 W, 1980 MHz, 52 %, 41
2026/10/10 14:27:06.092, 1, 76045 MiB, 100 %, 400.51 W, 1980 MHz, 52 %, 63
2026/10/10 14:27:06.093, 2, 76045 MiB, 100 %, 387.47 W, 1980 MHz, 52 %, 46
2026/10/10 14:27:06.093, 3, 76045 MiB, 100 %, 383.32 W, 1980 MHz, 53 %, 40
2026/10/10 14:27:06.093, 4, 76045 MiB, 100 %, 378.84 W, 1980 MHz, 53 %, 40
2026/10/10 14:27:06.093, 5, 76045 MiB, 100 %, 387.34 W, 1980 MHz, 53 %, 47
2026/10/10 14:27:06.093, 6, 76045 MiB, 100 %, 383.55 W, 1980 MHz, 53 %, 45
2026/10/10 14:27:06.093, 7, 76045 MiB, 100 %, 415.34 W, 1980 MHz, 52 %, 75
2026/10/10 14:27:07.093, 0, 76045 MiB, 100 %, 380.08 W, 1980 MHz, 50 %, 41
2026/10/10 14:27:07.093, 1, 76045 MiB, 100 %, 402.74 W, 1980 MHz, 53 %, 63
2026/10/10 14:27:07.093, 2, 76045 MiB, 100 %, 388.92 W, 1980 MHz, 52 %, 46
2026/10/10 14:27:07.093, 3, 76045 MiB, 100 %, 384.09 W, 1980 MHz, 53 %, 39
2026/10/10 14:27:07.093, 4, 76045 MiB, 100 %, 376.83 W, 1980 MHz, 53 %, 40
2026/10/10 14:27:07.093, 5, 76045 MiB, 100 %, 390.53 W, 1980 MHz, 52 %, 46
2026/10/10 14:27:07.093, 6, 76045 MiB, 100 %, 377.98 W, 1980 MHz, 52 %, 44
2026/10/10 14:27:07.093, 7, 76045 MiB, 100 %, 414.21 W, 1980 MHz, 52 %, 75
2026/10/10 14:27:08.093, 0, 76045 MiB, 100 %, 377.57 W, 1980 MHz, 52 %, 41
2026/10/10 14:27:08.094, 1, 76045 MiB, 100 %, 402.70 W, 1980 MHz, 52 %, 63
2026/10/10 14:27:08.094, 2, 76045 MiB, 100 %, 386.77 W, 1980 MHz, 53 %, 46
2026/10/10 14:27:08.094, 3, 76045 MiB, 100 %, 379.53 W, 1980 MHz, 52 %, 39
2026/10/10 14:27:08.094, 4, 76045 MiB, 100 %, 379.98 W, 1980 MHz, 52 %, 40
2026/10/10 14:27:08.094, 5, 76045 MiB, 100 %, 392.55 W, 1980 MHz, 52 %, 46
2026/10/10 14:27:08.094, 6, 76045 MiB, 100 %, 380.26 W, 1980 MHz, 54 %, 44
2026/10/10 14:27:08.094, 7, 76045 MiB, 100 %, 417.39 W, 1980 MHz, 52 %, 75
2026/10/10 14:27:09.094, 0, 76045 MiB, 100 %, 381.21 W, 1980 MHz, 52 %, 41
2026/10/10 14:27:09.094, 1, 76045 MiB, 100 %, 403.12 W, 1980 MHz, 53 %, 63
2026/10/10 14:27:09.094, 2, 76045 MiB, 100 %, 385.95 W, 1980 MHz, 51 %, 46
2026/10/10 14:27:09.094, 3, 76045 MiB, 100 %, 385.29 W, 1980 MHz, 53 %, 39
2026/10/10 14:27:09.094, 4, 76045 MiB, 100 %, 381.94 W, 1980 MHz, 52 %, 40
2026/10/10 14:27:09.094, 5, 76045 MiB, 100 %, 386.35 W, 1980 MHz, 52 %, 46
2026/10/10 14:27:09.095, 6, 76045 MiB, 100 %, 381.78 W, 1980 MHz, 54 %, 44
2026/10/10 14:27:09.095, 7, 76045 MiB, 100 %, 416.61 W, 1980 MHz, 51 %, 75
2026/10/10 14:27:10.095, 0, 76045 MiB, 100 %, 383.59 W, 1980 MHz, 52 %, 41
2026/10/10 14:27:10.095, 1, 76045 MiB, 100 %, 400.95 W, 1980 MHz, 52 %, 63
2026/10/10 14:27:10.095, 2, 76045 MiB, 100 %, 391.29 W, 1980 MHz, 53 %, 46
2026/10/10 14:27:10.095, 3, 76045 MiB, 100 %, 384.85 W, 1980 MHz, 53 %, 39
2026/10/10 14:27:10.095, 4, 76045 MiB, 100 %, 378.56 W, 1980 MHz, 52 %, 40
2026/10/10 14:27:10.095, 5, 76045 MiB, 100 %, 391.00 W, 1980 MHz, 52 %, 46
2026/10/10 14:27:10.095, 6, 76045 MiB, 100 %, 378.67 W, 1980 MHz, 53 %, 44
2026/10/10 14:27:10.095, 7, 76045 MiB, 100 %, 414.82 W, 1980 MHz, 52 %, 75
2026/10/10 14:27:11.095, 0, 76045 MiB, 100 %, 384.77 W, 1980 MHz, 52 %, 41
2026/10/10 14:27:11.095, 1, 76045 MiB, 100 %, 405.11 W, 1980 MHz, 53 %, 63
2026/10/10 14:27:11.095, 2, 76045 MiB, 100 %, 388.32 W, 1980 MHz, 53 %, 46
2026/10/10 14:27:11.096, 3, 76045 MiB, 100 %, 386.24 W, 1980 MHz, 52 %, 39
2026/10/10 14:27:11.096, 4, 76045 MiB, 100 %, 378.34 W, 1980 MHz, 53 %, 40
2026/10/10 14:27:11.096, 5, 76045 MiB, 100 %, 389.85 W, 1980 MHz, 52 %, 46
2026/10/10 14:27:11.096, 6, 76045 MiB, 100 %, 379.00 W, 1980 MHz, 53 %, 44
2026/10/10 14:27:11.096, 7, 76045 MiB, 100 %, 416.91 W, 1980 MHz, 52 %, 75
2026/10/10 14:27:12.096, 0, 76045 MiB, 100 %, 570.99 W, 1980 MHz, 49 %, 48
2026/10/10 14:27:12.096, 1, 76045 MiB, 100 %, 592.10 W, 1980 MHz, 51 %, 70
2026/10/10 14:27:12.096, 2, 76045 MiB, 100 %, 568.10 W, 1980 MHz, 49 %, 53
2026/10/10 14:27:12.096, 3, 76045 MiB, 100 %, 547.63 W, 1980 MHz, 51 %, 46
2026/10/10 14:27:12.096, 4, 76045 MiB, 100 %, 546.21 W, 1980 MHz, 50 %, 47
2026/10/10 14:27:12.096, 5, 76045 MiB, 100 %, 554.70 W, 1980 MHz, 49 %, 54
2026/10/10 14:27:12.096, 6, 76045 MiB, 100 %, 527.05 W, 1980 MHz, 49 %, 52
2026/10/10 14:27:12.096, 7, 76045 MiB, 100 %, 580.87 W, 1980 MHz, 50 %, 82
2026/10/10 14:27:13.097, 0, 76045 MiB, 100 %, 619.51 W, 1980 MHz, 50 %, 49
2026/10/10 14:27:13.097, 1, 76045 MiB, 100 %, 644.11 W, 1980 MHz, 50 %, 70
2026/10/10 14:27:13.097, 2, 76045 MiB, 100 %, 607.66 W, 1980 MHz, 49 %, 55
2026/10/10 14:27:13.097, 3, 76045 MiB, 100 %, 621.18 W, 1980 MHz, 51 %, 48
2026/10/10 14:27:13.097, 4, 76045 MiB, 100 %, 610.76 W, 1980 MHz, 50 %, 50
2026/10/10 14:27:13.097, 5, 76045 MiB, 100 %, 619.44 W, 1980 MHz, 50 %, 55
2026/10/10 14:27:13.097, 6, 76045 MiB, 100 %, 607.39 W, 1980 MHz, 49 %, 54
2026/10/10 14:27:13.097, 7, 76045 MiB, 100 %, 653.28 W, 1980 MHz, 52 %, 84
2026/10/10 14:27:14.097, 0, 76045 MiB, 100 %, 607.01 W, 1980 MHz, 48 %, 49
2026/10/10 14:27:14.097, 1, 76045 MiB, 100 %, 618.81 W, 1980 MHz, 49 %, 69
2026/10/10 14:27:14.098, 2, 76045 MiB, 100 %, 604.59 W, 1980 MHz, 50 %, 54
2026/10/10 14:27:14.098, 3, 76045 MiB, 100 %, 609.20 W, 1980 MHz, 48 %, 49
2026/10/10 14:27:14.098, 4, 76045 MiB, 100 %, 597.96 W, 1980 MHz, 49 %, 49
2026/10/10 14:27:14.098, 5, 76045 MiB, 100 %, 591.58 W, 1980 MHz, 49 %, 56
2026/10/10 14:27:14.098, 6, 76045 MiB, 100 %, 595.01 W, 1980 MHz, 49 %, 54
2026/10/10 14:27:14.098, 7, 76045 MiB, 100 %, 616.35 W, 1950 MHz, 46 %, 82
2026/10/10 14:27:15.098, 0, 76045 MiB, 100 %, 608.81 W, 1980 MHz, 50 %, 50
2026/10/10 14:27:15.098, 1, 76045 MiB, 100 %, 612.12 W, 1980 MHz, 49 %, 69
2026/10/10 14:27:15.098, 2, 76045 MiB, 100 %, 596.72 W, 1980 MHz, 51 %, 54
2026/10/10 14:27:15.098, 3, 76045 MiB, 100 %, 610.60 W, 1980 MHz, 50 %, 49
2026/10/10 14:27:15.098, 4, 76045 MiB, 100 %, 597.44 W, 1980 MHz, 50 %, 50
2026/10/10 14:27:15.098, 5, 76045 MiB, 100 %, 601.67 W, 1980 MHz, 51 %, 56
2026/10/10 14:27:15.098, 6, 76045 MiB, 100 %, 594.86 W, 1980 MHz, 50 %, 55
2026/10/10 14:27:15.099, 7, 76045 MiB, 100 %, 614.19 W, 1965 MHz, 48 %, 82
2026/10/10 14:27:16.099, 0, 76045 MiB, 100 %, 612.97 W, 1980 MHz, 50 %, 51
2026/10/10 14:27:16.099, 1, 76045 MiB, 100 %, 627.11 W, 1980 MHz, 48 %, 70
2026/10/10 14:27:16.099, 2, 76045 MiB, 100 %, 612.59 W, 1980 MHz, 49 %, 54
2026/10/10 14:27:16.099, 3, 76045 MiB, 100 %, 621.09 W, 1980 MHz, 49 %, 49
2026/10/10 14:27:16.099, 4, 76045 MiB, 100 %, 607.00 W, 1980 MHz, 49 %, 51
2026/10/10 14:27:16.099, 5, 76045 MiB, 100 %, 611.62 W, 1980 MHz, 50 %, 57
2026/10/10 14:27:16.099, 6, 76045 MiB, 100 %, 599.82 W, 1980 MHz, 50 %, 55
2026/10/10 14:27:16.099, 7, 76045 MiB, 100 %, 634.44 W, 1965 MHz, 49 %, 83
2026/10/10 14:27:17.099, 0, 76045 MiB, 100 %, 610.37 W, 1980 MHz, 48 %, 50
2026/10/10 14:27:17.100, 1, 76045 MiB, 100 %, 634.89 W, 1980 MHz, 49 %, 69
2026/10/10 14:27:17.100, 2, 76045 MiB, 100 %, 604.59 W, 1980 MHz, 48 %, 55
2026/10/10 14:27:17.100, 3, 76045 MiB, 100 %, 625.16 W, 1980 MHz, 48 %, 50
2026/10/10 14:27:17.100, 4, 76045 MiB, 100 %, 608.29 W, 1980 MHz, 49 %, 51
2026/10/10 14:27:17.100, 5, 76045 MiB, 100 %, 610.35 W, 1980 MHz, 49 %, 56
2026/10/10 14:27:17.100, 6, 76045 MiB, 100 %, 608.59 W, 1980 MHz, 48 %, 56
2026/10/10 14:27:17.100, 7, 76045 MiB, 100 %, 618.26 W, 1890 MHz, 47 %, 82
2026/10/10 14:27:18.100, 0, 76045 MiB, 100 %, 602.54 W, 1980 MHz, 48 %, 50
2026/10/10 14:27:18.100, 1, 76045 MiB, 100 %, 628.10 W, 1980 MHz, 50 %, 70
2026/10/10 14:27:18.100, 2, 76045 MiB, 100 %, 611.82 W, 1980 MHz, 49 %, 56
2026/10/10 14:27:18.100, 3, 76045 MiB, 100 %, 623.19 W, 1980 MHz, 49 %, 50
2026/10/10 14:27:18.101, 4, 76045 MiB, 100 %, 599.41 W, 1980 MHz, 51 %, 51
2026/10/10 14:27:18.101, 5, 76045 MiB, 100 %, 615.07 W, 1980 MHz, 49 %, 56
2026/10/10 14:27:18.101, 6, 76045 MiB, 100 %, 600.88 W, 1980 MHz, 48 %, 55
2026/10/10 14:27:18.101, 7, 76045 MiB, 100 %, 643.24 W, 1890 MHz, 50 %, 83
2026/10/10 14:27:19.101, 0, 76045 MiB, 100 %, 600.56 W, 1980 MHz, 50 %, 51
2026/10/10 14:27:19.101, 1, 76045 MiB, 100 %, 616.40 W, 1980 MHz, 46 %, 70
2026/10/10 14:27:19.101, 2, 76045 MiB, 100 %, 592.75 W, 1980 MHz, 49 %, 55
2026/10/10 14:27:19.101, 3, 76045 MiB, 100 %, 602.27 W, 1980 MHz, 49 %, 49
2026/10/10 14:27:19.101, 4, 76045 MiB, 100 %, 595.48 W, 1980 MHz, 49 %, 52
2026/10/10 14:27:19.101, 5, 76045 MiB, 100 %, 603.99 W, 1980 MHz, 51 %, 57
2026/10/10 14:27:19.101, 6, 76045 MiB, 100 %, 597.85 W, 1980 MHz, 49 %, 56
2026/10/10 14:27:19.101, 7, 76045 MiB, 100 %, 595.61 W, 1965 MHz, 49 %, 82
2026/10/10 14:27:20.101, 0, 76045 MiB, 100 %, 610.11 W, 1980 MHz, 49 %, 50
2026/10/10 14:27:20.102, 1, 76045 MiB, 100 %, 627.12 W, 1980 MHz, 50 %, 70
2026/10/10 14:27:20.102, 2, 76045 MiB, 100 %, 600.81 W, 1980 MHz, 49 %, 56
2026/10/10 14:27:20.102, 3, 76045 MiB, 100 %, 605.41 W, 1980 MHz, 49 %, 49
2026/10/10 14:27:20.102, 4, 76045 MiB, 100 %, 595.53 W, 1980 MHz, 47 %, 51
2026/10/10 14:27:20.102, 5, 76045 MiB, 100 %, 609.71 W, 1980 MHz, 48 %, 56
2026/10/10 14:27:20.102, 6, 76045 MiB, 100 %, 592.15 W, 1980 MHz, 49 %, 56
2026/10/10 14:27:20.102, 7, 76045 MiB, 100 %, 634.27 W, 1830 MHz, 50 %, 83
2026/10/10 14:27:21.102, 0, 76045 MiB, 100 %, 596.59 W, 1980 MHz, 51 %, 51
2026/10/10 14:27:21.103, 1, 76045 MiB, 100 %, 621.65 W, 1980 MHz, 50 %, 71
2026/10/10 14:27:21.103, 2, 76045 MiB, 100 %, 606.67 W, 1980 MHz, 51 %, 56
2026/10/10 14:27:21.103, 3, 76045 MiB, 100 %, 598.21 W, 1980 MHz, 50 %, 50
2026/10/10 14:27:21.103, 4, 76045 MiB, 100 %, 609.89 W, 1980 MHz, 51 %, 51
2026/10/10 14:27:21.103, 5, 76045 MiB, 100 %, 607.20 W, 1980 MHz, 51 %, 56
2026/10/10 14:27:21.103, 6, 76045 MiB, 100 %, 609.73 W, 1980 MHz, 51 %, 56
2026/10/10 14:27:21.103, 7, 76045 MiB, 100 %, 601.41 W, 1935 MHz, 50 %, 83
2026/10/10 14:27:22.103, 0, 76045 MiB, 100 %, 603.40 W, 1980 MHz, 50 %, 52
2026/10/10 14:27:22.103, 1, 76045 MiB, 100 %, 632.00 W, 1980 MHz, 48 %, 71
2026/10/10 14:27:22.103, 2, 76045 MiB, 100 %, 608.87 W, 1980 MHz, 49 %, 56
2026/10/10 14:27:22.103, 3, 76045 MiB, 100 %, 604.48 W, 1980 MHz, 49 %, 50
2026/10/10 14:27:22.103, 4, 76045 MiB, 100 %, 600.47 W, 1980 MHz, 48 %, 52
2026/10/10 14:27:22.103, 5, 76045 MiB, 100 %, 614.74 W, 1980 MHz, 50 %, 58
2026/10/10 14:27:22.103, 6, 76045 MiB, 100 %, 612.10 W, 1980 MHz, 50 %, 56
2026/10/10 14:27:22.104, 7, 76045 MiB, 100 %, 622.46 W, 1890 MHz, 48 %, 83
2026/10/10 14:27:23.104, 0, 76045 MiB, 100 %, 612.32 W, 1980 MHz, 51 %, 51
2026/10/10 14:27:23.104, 1, 76045 MiB, 100 %, 625.70 W, 1980 MHz, 51 %, 71
2026/10/10 14:27:23.104, 2, 76045 MiB, 100 %, 608.96 W, 1980 MHz, 51 %, 57
2026/10/10 14:27:23.104, 3, 76045 MiB, 100 %, 612.63 W, 1980 MHz, 52 %, 51
2026/10/10 14:27:23.104, 4, 76045 MiB, 100 %, 612.15 W, 1980 MHz, 52 %, 52
2026/10/10 14:27:23.104, 5, 76045 MiB, 100 %, 618.33 W, 1980 MHz, 53 %, 57
2026/10/10 14:27:23.104, 6, 76045 MiB, 100 %, 608.40 W, 1980 MHz, 51 %, 56
2026/10/10 14:27:23.104, 7, 76045 MiB, 100 %, 595.69 W, 1965 MHz, 51 %, 84
2026/10/10 14:27:24.104, 0, 76045 MiB, 100 %, 600.28 W, 1980 MHz, 47 %, 51
2026/10/10 14:27:24.104, 1, 76045 MiB, 100 %, 629.77 W, 1980 MHz, 47 %, 70
2026/10/10 14:27:24.105, 2, 76045 MiB, 100 %, 604.69 W, 1980 MHz, 45 %, 55
2026/10/10 14:27:24.105, 3, 76045 MiB, 100 %, 598.23 W, 1980 MHz, 48 %, 49
2026/10/10 14:27:24.105, 4, 76045 MiB, 100 %, 588.26 W, 1980 MHz, 47 %, 52
2026/10/10 14:27:24.105, 5, 76045 MiB, 100 %, 611.26 W, 1980 MHz, 45 %, 57
2026/10/10 14:27:24.105, 6, 76045 MiB, 100 %, 591.70 W, 1980 MHz, 48 %, 56
2026/10/10 14:27:24.105, 7, 76045 MiB, 100 %, 621.00 W, 1605 MHz, 47 %, 81
2026/10/10 14:27:25.105, 0, 76045 MiB, 100 %, 601.29 W, 1980 MHz, 52 %, 52
2026/10/10 14:27:25.105, 1, 76045 MiB, 100 %, 628.96 W, 1980 MHz, 51 %, 71
2026/10/10 14:27:25.105, 2, 76045 MiB, 100 %, 617.02 W, 1980 MHz, 50 %, 56
2026/10/10 14:27:25.105, 3, 76045 MiB, 100 %, 607.83 W, 1980 MHz, 49 %, 50
2026/10/10 14:27:25.105, 4, 76045 MiB, 100 %, 608.75 W, 1980 MHz, 49 %, 53
2026/10/10 14:27:25.105, 5, 76045 MiB, 100 %, 626.23 W, 1980 MHz, 51 %, 58
2026/10/10 14:27:25.105, 6, 76045 MiB, 100 %, 607.57 W, 1980 MHz, 53 %, 57
2026/10/10 14:27:25.105, 7, 76045 MiB, 100 %, 624.67 W, 1920 MHz, 49 %, 83
2026/10/10 14:27:26.106, 0, 76045 MiB, 100 %, 605.44 W, 1980 MHz, 48 %, 51
2026/10/10 14:27:26.106, 1, 76045 MiB, 100 %, 627.06 W, 1980 MHz, 50 %, 71
2026/10/10 14:27:26.106, 2, 76045 MiB, 100 %, 599.74 W, 1980 MHz, 47 %, 57
2026/10/10 14:27:26.106, 3, 76045 MiB, 100 %, 611.65 W, 1980 MHz, 48 %, 50
2026/10/10 14:27:26.106, 4, 76045 MiB, 100 %, 594.21 W, 1980 MHz, 48 %, 52
2026/10/10 14:27:26.106, 5, 76045 MiB, 100 %, 597.44 W, 1980 MHz, 48 %, 57
2026/10/10 14:27:26.106, 6, 76045 MiB, 100 %, 592.01 W, 1980 MHz, 47 %, 56
2026/10/10 14:27:26.106, 7, 76045 MiB, 100 %, 586.14 W, 1830 MHz, 50 %, 83
2026/10/10 14:27:27.106, 0, 76045 MiB, 100 %, 602.88 W, 1980 MHz, 48 %, 51
2026/10/10 14:27:27.107, 1, 76045 MiB, 100 %, 637.81 W, 1980 MHz, 51 %, 71
2026/10/10 14:27:27.107, 2, 76045 MiB, 100 %, 614.25 W, 1980 MHz, 49 %, 57
2026/10/10 14:27:27.107, 3, 76045 MiB, 100 %, 614.82 W, 1980 MHz, 48 %, 50
2026/10/10 14:27:27.107, 4, 76045 MiB, 100 %, 588.75 W, 1980 MHz, 50 %, 52
2026/10/10 14:27:27.107, 5, 76045 MiB, 100 %, 606.22 W, 1980 MHz, 48 %, 57
2026/10/10 14:27:27.107, 6, 76045 MiB, 100 %, 603.46 W, 1980 MHz, 49 %, 56
2026/10/10 14:27:27.107, 7, 76045 MiB, 100 %, 603.64 W, 1890 MHz, 49 %, 83
2026/10/10 14:27:28.107, 0, 76045 MiB, 100 %, 613.51 W, 1980 MHz, 48 %, 52
2026/10/10 14:27:28.107, 1, 76045 MiB, 100 %, 624.50 W, 1980 MHz, 50 %, 71
2026/10/10 14:27:28.107, 2, 76045 MiB, 100 %, 601.79 W, 1980 MHz, 48 %, 57
2026/10/10 14:27:28.107, 3, 76045 MiB, 100 %, 620.86 W, 1980 MHz, 48 %, 50
2026/10/10 14:27:28.107, 4, 76045 MiB, 100 %, 584.34 W, 1980 MHz, 48 %, 52
2026/10/10 14:27:28.107, 5, 76045 MiB, 100 %, 612.16 W, 1980 MHz, 47 %, 57
2026/10/10 14:27:28.107, 6, 76045 MiB, 100 %, 600.97 W, 1980 MHz, 48 %, 57
2026/10/10 14:27:28.107, 7, 76045 MiB, 100 %, 630.06 W, 1875 MHz, 49 %, 83
2026/10/10 14:27:29.108, 0, 76045 MiB, 100 %, 608.59 W, 1980 MHz, 47 %, 51
2026/10/10 14:27:29.108, 1, 76045 MiB, 100 %, 622.30 W, 1980 MHz, 50 %, 71
2026/10/10 14:27:29.108, 2, 76045 MiB, 100 %, 614.38 W, 1980 MHz, 47 %, 57
2026/10/10 14:27:29.108, 3, 76045 MiB, 100 %, 609.95 W, 1980 MHz, 48 %, 50
2026/10/10 14:27:29.108, 4, 76045 MiB, 100 %, 606.39 W, 1980 MHz, 49 %, 52
2026/10/10 14:27:29.108, 5, 76045 MiB, 100 %, 623.53 W, 1980 MHz, 47 %, 57
2026/10/10 14:27:29.108, 6, 76045 MiB, 100 %, 603.98 W, 1980 MHz, 47 %, 56
2026/10/10 14:27:29.108, 7, 76045 MiB, 100 %, 600.14 W, 1770 MHz, 49 %, 83
2026/10/10 14:27:30.108, 0, 76045 MiB, 100 %, 606.90 W, 1980 MHz, 48 %, 51
2026/10/10 14:27:30.108, 1, 76045 MiB, 100 %, 614.42 W, 1980 MHz, 47 %, 71
2026/10/10 14:27:30.109, 2, 76045 MiB, 100 %, 609.20 W, 1980 MHz, 48 %, 56
2026/10/10 14:27:30.109, 3, 76045 MiB, 100 %, 599.93 W, 1980 MHz, 48 %, 51
2026/10/10 14:27:30.109, 4, 76045 MiB, 100 %, 603.07 W, 1980 MHz, 49 %, 52
2026/10/10 14:27:30.109, 5, 76045 MiB, 100 %, 609.63 W, 1980 MHz, 48 %, 59
2026/10/10 14:27:30.109, 6, 76045 MiB, 100 %, 609.18 W, 1980 MHz, 47 %, 57
2026/10/10 14:27:30.109, 7, 76045 MiB, 100 %, 598.36 W, 1740 MHz, 46 %, 82
2026/10/10 14:27:31.109, 0, 76045 MiB, 100 %, 619.44 W, 1980 MHz, 48 %, 52
2026/10/10 14:27:31.109, 1, 76045 MiB, 100 %, 630.17 W, 1980 MHz, 50 %, 71
2026/10/10 14:27:31.109, 2, 76045 MiB, 100 %, 612.53 W, 1980 MHz, 50 %, 57
2026/10/10 14:27:31.109, 3, 76045 MiB, 100 %, 605.72 W, 1980 MHz, 48 %, 51
2026/10/10 14:27:31.109, 4, 76045 MiB, 100 %, 608.03 W, 1980 MHz, 50 %, 52
2026/10/10 14:27:31.109, 5, 76045 MiB, 100 %, 610.99 W, 1980 MHz, 49 %, 58
2026/10/10 14:27:31.109, 6, 76045 MiB, 100 %, 605.09 W, 1980 MHz, 49 %, 57
2026/10/10 14:27:31.109, 7, 76045 MiB, 100 %, 619.27 W, 1830 MHz, 49 %, 83
2026/10/10 14:27:32.110, 0, 76045 MiB, 100 %, 614.42 W, 1980 MHz, 50 %, 52
2026/10/10 14:27:32.110, 1, 76045 MiB, 100 %, 628.05 W, 1980 MHz, 48 %, 72
2026/10/10 14:27:32.110, 2, 76045 MiB, 100 %, 608.45 W, 1980 MHz, 51 %, 57
2026/10/10 14:27:32.110, 3, 76045 MiB, 100 %, 615.17 W, 1980 MHz, 49 %, 51
2026/10/10 14:27:32.110, 4, 76045 MiB, 100 %, 611.34 W, 1980 MHz, 49 %, 53
2026/10/10 14:27:32.110, 5, 76045 MiB, 100 %, 615.33 W, 1980 MHz, 50 %, 59
2026/10/10 14:27:32.110, 6, 76045 MiB, 100 %, 618.33 W, 1980 MHz, 51 %, 58
2026/10/10 14:27:32.110, 7, 76045 MiB, 100 %, 597.25 W, 1815 MHz, 48 %, 83
2026/10/10 14:27:33.110, 0, 76045 MiB, 100 %, 610.85 W, 1980 MHz, 48 %, 52
2026/10/10 14:27:33.110, 1, 76045 MiB, 100 %, 638.21 W, 1980 MHz, 49 %, 71
2026/10/10 14:27:33.110, 2, 76045 MiB, 100 %, 608.22 W, 1980 MHz, 47 %, 58
2026/10/10 14:27:33.111, 3, 76045 MiB, 100 %, 604.62 W, 1980 MHz, 49 %, 51
2026/10/10 14:27:33.111, 4, 76045 MiB, 100 %, 600.04 W, 1980 MHz, 48 %, 52
2026/10/10 14:27:33.111, 5, 76045 MiB, 100 %, 606.43 W, 1980 MHz, 48 %, 57
2026/10/10 14:27:33.111, 6, 76045 MiB, 100 %, 596.75 W, 1980 MHz, 48 %, 58
2026/10/10 14:27:33.111, 7, 76045 MiB, 100 %, 625.45 W, 1785 MHz, 49 %, 83
2026/10/10 14:27:34.111, 0, 76045 MiB, 100 %, 616.50 W, 1980 MHz, 50 %, 52
2026/10/10 14:27:34.111, 1, 76045 MiB, 100 %, 627.26 W, 1980 MHz, 49 %, 72
2026/10/10 14:27:34.111, 2, 76045 MiB, 100 %, 606.89 W, 1980 MHz, 48 %, 57
2026/10/10 14:27:34.111, 3, 76045 MiB, 100 %, 626.08 W, 1980 MHz, 49 %, 51
2026/10/10 14:27:34.111, 4, 76045 MiB, 100 %, 604.65 W, 1980 MHz, 46 %, 52
2026/10/10 14:27:34.111, 5, 76045 MiB, 100 %, 616.03 W, 1980 MHz, 48 %, 58
2026/10/10 14:27:34.111, 6, 76045 MiB, 100 %, 607.77 W, 1980 MHz, 50 %, 59
2026/10/10 14:27:34.111, 7, 76045 MiB, 100 %, 610.66 W, 1815 MHz, 48 %, 83
2026/10/10 14:27:35.112, 0, 76045 MiB, 100 %, 596.14 W, 1980 MHz, 49 %, 52
2026/10/10 14:27:35.112, 1, 76045 MiB, 100 %, 636.59 W, 1980 MHz, 47 %, 72
2026/10/10 14:27:35.112, 2, 76045 MiB, 100 %, 602.37 W, 1980 MHz, 48 %, 57
2026/10/10 14:27:35.112, 3, 76045 MiB, 100 %, 609.09 W, 1980 MHz, 48 %, 50
2026/10/10 14:27:35.112, 4, 76045 MiB, 100 %, 592.53 W, 1980 MHz, 48 %, 53
2026/10/10 14:27:35.112, 5, 76045 MiB, 100 %, 608.12 W, 1980 MHz, 49 %, 59
2026/10/10 14:27:35.112, 6, 76045 MiB, 100 %, 602.50 W, 1980 MHz, 49 %, 58
2026/10/10 14:27:35.112, 7, 76045 MiB, 100 %, 605.80 W, 1845 MHz, 47 %, 83
2026/10/10 14:27:36.112, 0, 76045 MiB, 100 %, 610.12 W, 1980 MHz, 48 %, 52
2026/10/10 14:27:36.112, 1, 76045 MiB, 100 %, 646.05 W, 1980 MHz, 50 %, 72
2026/10/10 14:27:36.113, 2, 76045 MiB, 100 %, 619.78 W, 1980 MHz, 49 %, 58
2026/10/10 14:27:36.113, 3, 76045 MiB, 100 %, 628.76 W, 1980 MHz, 50 %, 51
2026/10/10 14:27:36.113, 4, 76045 MiB, 100 %, 605.20 W, 1980 MHz, 50 %, 53
2026/10/10 14:27:36.113, 5, 76045 MiB, 100 %, 615.67 W, 1980 MHz, 48 %, 59
2026/10/10 14:27:36.113, 6, 76045 MiB, 100 %, 613.85 W, 1980 MHz, 48 %, 58
2026/10/10 14:27:36.113, 7, 76045 MiB, 100 %, 614.04 W, 1920 MHz, 51 %, 84
2026/10/10 14:27:37.113, 0, 76045 MiB, 100 %, 613.63 W, 1980 MHz, 48 %, 52
2026/10/10 14:27:37.113, 1, 76045 MiB, 100 %, 632.39 W, 1980 MHz, 50 %, 71
2026/10/10 14:27:37.113, 2, 76045 MiB, 100 %, 606.48 W, 1980 MHz, 50 %, 57
2026/10/10 14:27:37.113, 3, 76045 MiB, 100 %, 606.53 W, 1980 MHz, 49 %, 52
2026/10/10 14:27:37.113, 4, 76045 MiB, 100 %, 604.85 W, 1980 MHz, 51 %, 53
2026/10/10 14:27:37.113, 5, 76045 MiB, 100 %, 614.56 W, 1980 MHz, 50 %, 58
2026/10/10 14:27:37.113, 6, 76045 MiB, 100 %, 609.85 W, 1980 MHz, 48 %, 58
2026/10/10 14:27:37.113, 7, 76045 MiB, 100 %, 614.79 W, 1905 MHz, 48 %, 83
2026/10/10 14:27:38.114, 0, 76045 MiB, 100 %, 624.90 W, 1980 MHz, 52 %, 52
2026/10/10 14:27:38.114, 1, 76045 MiB, 100 %, 643.86 W, 1980 MHz, 51 %, 72
2026/10/10 14:27:38.114, 2, 76045 MiB, 100 %, 613.68 W, 1980 MHz, 52 %, 58
2026/10/10 14:27:38.114, 3, 76045 MiB, 100 %, 610.95 W, 1980 MHz, 52 %, 51
2026/10/10 14:27:38.114, 4, 76045 MiB, 100 %, 612.71 W, 1980 MHz, 52 %, 53
2026/10/10 14:27:38.114, 5, 76045 MiB, 100 %, 621.90 W, 1980 MHz, 52 %, 59
2026/10/10 14:27:38.114, 6, 76045 MiB, 100 %, 614.86 W, 1980 MHz, 52 %, 58
2026/10/10 14:27:38.114, 7, 76045 MiB, 100 %, 614.98 W, 1935 MHz, 51 %, 83
2026/10/10 14:27:39.114, 0, 76045 MiB, 100 %, 604.50 W, 1980 MHz, 51 %, 52
2026/10/10 14:27:39.114, 1, 76045 MiB, 100 %, 634.86 W, 1980 MHz, 49 %, 73
2026/10/10 14:27:39.114, 2, 76045 MiB, 100 %, 615.98 W, 1980 MHz, 48 %, 58
2026/10/10 14:27:39.115, 3, 76045 MiB, 100 %, 612.01 W, 1980 MHz, 50 %, 51
2026/10/10 14:27:39.115, 4, 76045 MiB, 100 %, 603.83 W, 1980 MHz, 48 %, 53
2026/10/10 14:27:39.115, 5, 76045 MiB, 100 %, 613.59 W, 1980 MHz, 48 %, 59
2026/10/10 14:27:39.115, 6, 76045 MiB, 100 %, 600.41 W, 1980 MHz, 50 %, 59
2026/10/10 14:27:39.115, 7, 76045 MiB, 100 %, 622.84 W, 1860 MHz, 49 %, 84
2026/10/10 14:27:40.115, 0, 76045 MiB, 100 %, 608.77 W, 1980 MHz, 50 %, 52
2026/10/10 14:27:40.115, 1, 76045 MiB, 100 %, 641.98 W, 1980 MHz, 50 %, 72
2026/10/10 14:27:40.115, 2, 76045 MiB, 100 %, 609.49 W, 1980 MHz, 51 %, 58
2026/10/10 14:27:40.115, 3, 76045 MiB, 100 %, 611.09 W, 1980 MHz, 50 %, 52
2026/10/10 14:27:40.115, 4, 76045 MiB, 100 %, 606.79 W, 1980 MHz, 51 %, 53
2026/10/10 14:27:40.115, 5, 76045 MiB, 100 %, 619.21 W, 1980 MHz, 52 %, 59
2026/10/10 14:27:40.115, 6, 76045 MiB, 100 %, 606.56 W, 1980 MHz, 51 %, 58
2026/10/10 14:27:40.115, 7, 76045 MiB, 100 %, 591.49 W, 1830 MHz, 50 %, 82
2026/10/10 14:27:41.116, 0, 76045 MiB, 100 %, 606.62 W, 1980 MHz, 50 %, 52
2026/10/10 14:27:41.116, 1, 76045 MiB, 100 %, 630.91 W, 1980 MHz, 47 %, 72
2026/10/10 14:27:41.116, 2, 76045 MiB, 100 %, 605.49 W, 1980 MHz, 48 %, 58
2026/10/10 14:27:41.116, 3, 76045 MiB, 100 %, 615.66 W, 1980 MHz, 50 %, 51
2026/10/10 14:27:41.116, 4, 76045 MiB, 100 %, 597.17 W, 1980 MHz, 48 %, 53
2026/10/10 14:27:41.116, 5, 76045 MiB, 100 %, 615.30 W, 1980 MHz, 49 %, 59
2026/10/10 14:27:41.116, 6, 76045 MiB, 100 %, 602.19 W, 1980 MHz, 49 %, 59
2026/10/10 14:27:41.116, 7, 76045 MiB, 100 %, 633.53 W, 1740 MHz, 49 %, 83
2026/10/10 14:27:42.116, 0, 76045 MiB, 100 %, 541.09 W, 1980 MHz, 49 %, 46
2026/10/10 14:27:42.116, 1, 76045 MiB, 100 %, 559.76 W, 1980 MHz, 51 %, 67
2026/10/10 14:27:42.116, 2, 76045 MiB, 100 %, 537.00 W, 1980 MHz, 51 %, 52
2026/10/10 14:27:42.116, 3, 76045 MiB, 100 %, 564.38 W, 1980 MHz, 52 %, 46
2026/10/10 14:27:42.117, 4, 76045 MiB, 100 %, 533.66 W, 1980 MHz, 51 %, 47
2026/10/10 14:27:42.117, 5, 76045 MiB, 100 %, 556.92 W, 1980 MHz, 51 %, 54
2026/10/10 14:27:42.117, 6, 76045 MiB, 100 %, 559.59 W, 1980 MHz, 52 %, 53
2026/10/10 14:27:42.117, 7, 76045 MiB, 100 %, 541.94 W, 1965 MHz, 51 %, 78
2026/10/10 14:27:43.117, 0, 76045 MiB, 100 %, 380.11 W, 1980 MHz, 50 %, 44
2026/10/10 14:27:43.117, 1, 76045 MiB, 100 %, 401.44 W, 1980 MHz, 51 %, 65
2026/10/10 14:27:43.117, 2, 76045 MiB, 100 %, 386.25 W, 1980 MHz, 51 %, 50
2026/10/10 14:27:43.117, 3, 76045 MiB, 100 %, 388.60 W, 1980 MHz, 53 %, 43
2026/10/10 14:27:43.117, 4, 76045 MiB, 100 %, 372.26 W, 1980 MHz, 50 %, 44
2026/10/10 14:27:43.117, 5, 76045 MiB, 100 %, 387.45 W, 1980 MHz, 51 %, 51
2026/10/10 14:27:43.117, 6, 76045 MiB, 100 %, 380.07 W, 1980 MHz, 52 %, 49
2026/10/10 14:27:43.117, 7, 76045 MiB, 100 %, 422.39 W, 1980 MHz, 51 %, 77
2026/10/10 14:27:44.117, 0, 76045 MiB, 100 %, 378.26 W, 1980 MHz, 50 %, 44
2026/10/10 14:27:44.118, 1, 76045 MiB, 100 %, 400.94 W, 1980 MHz, 51 %, 65
2026/10/10 14:27:44.118, 2, 76045 MiB, 100 %, 389.73 W, 1980 MHz, 52 %, 49
2026/10/10 14:27:44.118, 3, 76045 MiB, 100 %, 388.62 W, 1980 MHz, 52 %, 42
2026/10/10 14:27:44.118, 4, 76045 MiB, 100 %, 377.64 W, 1980 MHz, 51 %, 43
2026/10/10 14:27:44.118, 5, 76045 MiB, 100 %, 397.23 W, 1980 MHz, 52 %, 50
2026/10/10 14:27:44.118, 6, 76045 MiB, 100 %, 382.61 W, 1980 MHz, 52 %, 48
2026/10/10 14:27:44.118, 7, 76045 MiB, 100 %, 413.48 W, 1980 MHz, 51 %, 76
2026/10/10 14:27:45.118, 0, 76045 MiB, 100 %, 383.76 W, 1980 MHz, 52 %, 44
2026/10/10 14:27:45.118, 1, 76045 MiB, 100 %, 406.46 W, 1980 MHz, 51 %, 65
2026/10/10 14:27:45.118, 2, 76045 MiB, 100 %, 391.02 W, 1980 MHz, 53 %, 49
2026/10/10 14:27:45.118, 3, 76045 MiB, 100 %, 387.73 W, 1980 MHz, 54 %, 42
2026/10/10 14:27:45.118, 4, 76045 MiB, 100 %, 381.12 W, 1980 MHz, 51 %, 43
2026/10/10 14:27:45.118, 5, 76045 MiB, 100 %, 391.22 W, 1980 MHz, 53 %, 49
2026/10/10 14:27:45.118, 6, 76045 MiB, 100 %, 380.75 W, 1980 MHz, 52 %, 48
2026/10/10 14:27:45.118, 7, 76045 MiB, 100 %, 417.40 W, 1980 MHz, 51 %, 76
2026/10/10 14:27:46.119, 0, 76045 MiB, 100 %, 386.29 W, 1980 MHz, 52 %, 43
2026/10/10 14:27:46.119, 1, 76045 MiB, 100 %, 402.23 W, 1980 MHz, 52 %, 64
2026/10/10 14:27:46.119, 2, 76045 MiB, 100 %, 393.72 W, 1980 MHz, 53 %, 49
2026/10/10 14:27:46.119, 3, 76045 MiB, 100 %, 388.12 W, 1980 MHz, 53 %, 42
2026/10/10 14:27:46.119, 4, 76045 MiB, 100 %, 381.26 W, 1980 MHz, 51 %, 43
2026/10/10 14:27:46.119, 5, 76045 MiB, 100 %, 393.54 W, 1980 MHz, 53 %, 49
2026/10/10 14:27:46.119, 6, 76045 MiB, 100 %, 381.79 W, 1980 MHz, 53 %, 47
2026/10/10 14:27:46.119, 7, 76045 MiB, 100 %, 419.48 W, 1980 MHz, 51 %, 76
2026/10/10 14:27:47.119, 0, 76045 MiB, 100 %, 389.00 W, 1980 MHz, 53 %, 43
2026/10/10 14:27:47.119, 1, 76045 MiB, 100 %, 407.39 W, 1980 MHz, 52 %, 64
2026/10/10 14:27:47.119, 2, 76045 MiB, 100 %, 392.20 W, 1980 MHz, 53 %, 49
2026/10/10 14:27:47.119, 3, 76045 MiB, 100 %, 386.19 W, 1980 MHz, 53 %, 41
2026/10/10 14:27:47.120, 4, 76045 MiB, 100 %, 379.09 W, 1980 MHz, 52 %, 42
2026/10/10 14:27:47.120, 5, 76045 MiB, 100 %, 394.71 W, 1980 MHz, 52 %, 49
2026/10/10 14:27:47.120, 6, 76045 MiB, 100 %, 382.05 W, 1980 MHz, 52 %, 47
2026/10/10 14:27:47.120, 7, 76045 MiB, 100 %, 415.53 W, 1980 MHz, 52 %, 76
2026/10/10 14:27:48.120, 0, 76045 MiB, 100 %, 383.79 W, 1980 MHz, 52 %, 43
2026/10/10 14:27:48.120, 1, 76045 MiB, 100 %, 408.02 W, 1980 MHz, 53 %, 64
2026/10/10 14:27:48.120, 2, 76045 MiB, 100 %, 390.53 W, 1980 MHz, 52 %, 48
2026/10/10 14:27:48.120, 3, 76045 MiB, 100 %, 386.35 W, 1980 MHz, 53 %, 41
2026/10/10 14:27:48.120, 4, 76045 MiB, 100 %, 381.07 W, 1980 MHz, 52 %, 42
2026/10/10 14:27:48.120, 5, 76045 MiB, 100 %, 394.63 W, 1980 MHz, 53 %, 49
2026/10/10 14:27:48.120, 6, 76045 MiB, 100 %, 381.01 W, 1980 MHz, 53 %, 47
2026/10/10 14:27:48.120, 7, 76045 MiB, 100 %, 418.32 W, 1980 MHz, 52 %, 75
2026/10/10 14:27:49.120, 0, 76045 MiB, 100 %, 383.92 W, 1980 MHz, 52 %, 43
2026/10/10 14:27:49.121, 1, 76045 MiB, 100 %, 403.29 W, 1980 MHz, 53 %, 64
2026/10/10 14:27:49.121, 2, 76045 MiB, 100 %, 393.60 W, 1980 MHz, 52 %, 48
2026/10/10 14:27:49.121, 3, 76045 MiB, 100 %, 388.83 W, 1980 MHz, 54 %, 41
2026/10/10 14:27:49.121, 4, 76045 MiB, 100 %, 380.96 W, 1980 MHz, 52 %, 42
2026/10/10 14:27:49.121, 5, 76045 MiB, 100 %, 392.83 W, 1980 MHz, 52 %, 49
2026/10/10 14:27:49.121, 6, 76045 MiB, 100 %, 379.75 W, 1980 MHz, 53 %, 46
2026/10/10 14:27:49.121, 7, 76045 MiB, 100 %, 418.64 W, 1980 MHz, 51 %, 75
2026/10/10 14:27:50.121, 0, 76045 MiB, 100 %, 383.29 W, 1980 MHz, 52 %, 43
2026/10/10 14:27:50.121, 1, 76045 MiB, 100 %, 410.00 W, 1980 MHz, 51 %, 64
2026/10/10 14:27:50.121, 2, 76045 MiB, 100 %, 394.77 W, 1980 MHz, 52 %, 48
2026/10/10 14:27:50.121, 3, 76045 MiB, 100 %, 390.21 W, 1980 MHz, 53 %, 41
2026/10/10 14:27:50.121, 4, 76045 MiB, 100 %, 381.77 W, 1980 MHz, 51 %, 42
2026/10/10 14:27:50.121, 5, 76045 MiB, 100 %, 391.90 W, 1980 MHz, 51 %, 48
2026/10/10 14:27:50.121, 6, 76045 MiB, 100 %, 380.71 W, 1980 MHz, 52 %, 46
2026/10/10 14:27:50.121, 7, 76045 MiB, 100 %, 418.33 W, 1980 MHz, 52 %, 75
2026/10/10 14:27:51.122, 0, 76045 MiB, 100 %, 384.67 W, 1980 MHz, 53 %, 42
2026/10/10 14:27:51.122, 1, 76045 MiB, 100 %, 405.44 W, 1980 MHz, 52 %, 64
2026/10/10 14:27:51.122, 2, 76045 MiB, 100 %, 389.36 W, 1980 MHz, 52 %, 48
2026/10/10 14:27:51.122, 3, 76045 MiB, 100 %, 386.67 W, 1980 MHz, 53 %, 41
2026/10/10 14:27:51.122, 4, 76045 MiB, 100 %, 381.12 W, 1980 MHz, 52 %, 42
2026/10/10 14:27:51.122, 5, 76045 MiB, 100 %, 394.04 W, 1980 MHz, 53 %, 48
2026/10/10 14:27:51.122, 6, 76045 MiB, 100 %, 380.92 W, 1980 MHz, 53 %, 46
2026/10/10 14:27:51.122, 7, 76045 MiB, 100 %, 418.51 W, 1980 MHz, 53 %, 75
2026/10/10 14:27:52.122, 0, 76045 MiB, 100 %, 382.68 W, 1980 MHz, 51 %, 42
2026/10/10 14:27:52.122, 1, 76045 MiB, 100 %, 407.82 W, 1980 MHz, 53 %, 64
2026/10/10 14:27:52.122, 2, 76045 MiB, 100 %, 389.94 W, 1980 MHz, 51 %, 48
2026/10/10 14:27:52.123, 3, 76045 MiB, 100 %, 387.05 W, 1980 MHz, 54 %, 41
2026/10/10 14:27:52.123, 4, 76045 MiB, 100 %, 380.26 W, 1980 MHz, 52 %, 42
2026/10/10 14:27:52.123, 5, 76045 MiB, 100 %, 392.08 W, 1980 MHz, 53 %, 48
2026/10/10 14:27:52.123, 6, 76045 MiB, 100 %, 384.17 W, 1980 MHz, 52 %, 46
2026/10/10 14:27:52.123, 7, 76045 MiB, 100 %, 415.32 W, 1980 MHz, 53 %, 75
2026/10/10 14:27:53.123, 0, 76045 MiB, 100 %, 381.08 W, 1980 MHz, 52 %, 42
2026/10/10 14:27:53.123, 1, 76045 MiB, 100 %, 404.47 W, 1980 MHz, 52 %, 64
2026/10/10 14:27:53.123, 2, 76045 MiB, 100 %, 388.05 W, 1980 MHz, 52 %, 48
2026/10/10 14:27:53.123, 3, 76045 MiB, 100 %, 387.33 W, 1980 MHz, 53 %, 41
2026/10/10 14:27:53.123, 4, 76045 MiB, 100 %, 380.32 W, 1980 MHz, 52 %, 41
2026/10/10 14:27:53.123, 5, 76045 MiB, 100 %, 389.98 W, 1980 MHz, 52 %, 48
2026/10/10 14:27:53.123, 6, 76045 MiB, 100 %, 379.70 W, 1980 MHz, 52 %, 46
2026/10/10 14:27:53.123, 7, 76045 MiB, 100 %, 415.71 W, 1980 MHz, 52 %, 75
2026/10/10 14:27:54.123, 0, 76045 MiB, 100 %, 382.00 W, 1980 MHz, 52 %, 42
2026/10/10 14:27:54.124, 1, 76045 MiB, 100 %, 410.78 W, 1980 MHz, 53 %, 64
2026/10/10 14:27:54.124, 2, 76045 MiB, 100 %, 391.03 W, 1980 MHz, 52 %, 47
2026/10/10 14:27:54.124, 3, 76045 MiB, 100 %, 387.98 W, 1980 MHz, 53 %, 40
2026/10/10 14:27:54.124, 4, 76045 MiB, 100 %, 378.68 W, 1980 MHz, 52 %, 41
2026/10/10 14:27:54.124, 5, 76045 MiB, 100 %, 393.95 W, 1980 MHz, 53 %, 48
2026/10/10 14:27:54.124, 6, 76045 MiB, 100 %, 379.84 W, 1980 MHz, 52 %, 46
2026/10/10 14:27:54.124, 7, 76045 MiB, 100 %, 420.52 W, 1980 MHz, 52 %, 75
2026/10/10 14:27:55.124, 0, 76045 MiB, 100 %, 383.18 W, 1980 MHz, 51 %, 42
2026/10/10 14:27:55.124, 1, 76045 MiB, 100 %, 405.67 W, 1980 MHz, 53 %, 64
2026/10/10 14:27:55.124, 2, 76045 MiB, 100 %, 389.48 W, 1980 MHz, 52 %, 47
2026/10/10 14:27:55.124, 3, 76045 MiB, 100 %, 389.18 W, 1980 MHz, 53 %, 40
2026/10/10 14:27:55.124, 4, 76045 MiB, 100 %, 382.10 W, 1980 MHz, 52 %, 41
2026/10/10 14:27:55.124, 5, 76045 MiB, 100 %, 394.13 W, 1980 MHz, 52 %, 48
2026/10/10 14:27:55.124, 6, 76045 MiB, 100 %, 381.09 W, 1980 MHz, 53 %, 46
2026/10/10 14:27:55.124, 7, 76045 MiB, 100 %, 415.47 W, 1980 MHz, 52 %, 75
2026/10/10 14:27:56.125, 0, 76045 MiB, 100 %, 379.37 W, 1980 MHz, 52 %, 42
2026/10/10 14:27:56.125, 1, 76045 MiB, 100 %, 404.87 W, 1980 MHz, 52 %, 63
2026/10/10 14:27:56.125, 2, 76045 MiB, 100 %, 386.65 W, 1980 MHz, 52 %, 47
2026/10/10 14:27:56.125, 3, 76045 MiB, 100 %, 390.28 W, 1980 MHz, 54 %, 40
2026/10/10 14:27:56.125, 4, 76045 MiB, 100 %, 378.39 W, 1980 MHz, 52 %, 41
2026/10/10 14:27:56.125, 5, 76045 MiB, 100 %, 392.63 W, 1980 MHz, 52 %, 48
2026/10/10 14:27:56.125, 6, 76045 MiB, 100 %, 380.54 W, 1980 MHz, 53 %, 45
2026/10/10 14:27:56.125, 7, 76045 MiB, 100 %, 417.07 W, 1980 MHz, 51 %, 75
2026/10/10 14:27:57.125, 0, 76045 MiB, 100 %, 382.37 W, 1980 MHz, 51 %, 42
2026/10/10 14:27:57.125, 1, 76045 MiB, 100 %, 407.44 W, 1980 MHz, 52 %, 63
2026/10/10 14:27:57.125, 2, 76045 MiB, 100 %, 391.97 W, 1980 MHz, 53 %, 47
2026/10/10 14:27:57.126, 3, 76045 MiB, 100 %, 389.93 W, 1980 MHz, 54 %, 40
2026/10/10 14:27:57.126, 4, 76045 MiB, 100 %, 379.45 W, 1980 MHz, 52 %, 41
2026/10/10 14:27:57.126, 5, 76045 MiB, 100 %, 390.94 W, 1980 MHz, 52 %, 48
2026/10/10 14:27:57.126, 6, 76045 MiB, 100 %, 378.59 W, 1980 MHz, 54 %, 45
2026/10/10 14:27:57.126, 7, 76045 MiB, 100 %, 414.67 W, 1980 MHz, 52 %, 75
2026/10/10 14:27:58.126, 0, 76045 MiB, 100 %, 380.00 W, 1980 MHz, 52 %, 42
2026/10/10 14:27:58.126, 1, 76045 MiB, 100 %, 405.02 W, 1980 MHz, 52 %, 63
2026/10/10 14:27:58.126, 2, 76045 MiB, 100 %, 391.14 W, 1980 MHz, 52 %, 47
2026/10/10 14:27:58.126, 3, 76045 MiB, 100 %, 388.10 W, 1980 MHz, 54 %, 40
2026/10/10 14:27:58.126, 4, 76045 MiB, 100 %, 378.71 W, 1980 MHz, 53 %, 41
2026/10/10 14:27:58.126, 5, 76045 MiB, 100 %, 388.47 W, 1980 MHz, 51 %, 47
2026/10/10 14:27:58.126, 6, 76045 MiB, 100 %, 380.01 W, 1980 MHz, 52 %, 45
2026/10/10 14:27:58.126, 7, 76045 MiB, 100 %, 417.44 W, 1980 MHz, 52 %, 75
2026/10/10 14:27:59.127, 0, 76045 MiB, 100 %, 381.92 W, 1980 MHz, 51 %, 41
2026/10/10 14:27:59.127, 1, 76045 MiB, 100 %, 406.22 W, 1980 MHz, 52 %, 63
2026/10/10 14:27:59.127, 2, 76045 MiB, 100 %, 386.97 W, 1980 MHz, 53 %, 47
2026/10/10 14:27:59.127, 3, 76045 MiB, 100 %, 387.97 W, 1980 MHz, 54 %, 40
2026/10/10 14:27:59.127, 4, 76045 MiB, 100 %, 377.17 W, 1980 MHz, 52 %, 41
2026/10/10 14:27:59.127, 5, 76045 MiB, 100 %, 389.54 W, 1980 MHz, 52 %, 47
2026/10/10 14:27:59.127, 6, 76045 MiB, 100 %, 381.42 W, 1980 MHz, 53 %, 45
2026/10/10 14:27:59.127, 7, 76045 MiB, 100 %, 418.75 W, 1980 MHz, 51 %, 75
2026/10/10 14:28:00.127, 0, 76045 MiB, 100 %, 379.65 W, 1980 MHz, 52 %, 41
2026/10/10 14:28:00.127, 1, 76045 MiB, 100 %, 399.52 W, 1980 MHz, 54 %, 63
2026/10/10 14:28:00.127, 2, 76045 MiB, 100 %, 385.67 W, 1980 MHz, 53 %, 47
2026/10/10 14:28:00.127, 3, 76045 MiB, 100 %, 386.26 W, 1980 MHz, 53 %, 40
2026/10/10 14:28:00.128, 4, 76045 MiB, 100 %, 378.31 W, 1980 MHz, 52 %, 41
2026/10/10 14:28:00.128, 5, 76045 MiB, 100 %, 390.21 W, 1980 MHz, 52 %, 47
2026/10/10 14:28:00.128, 6, 76045 MiB, 100 %, 382.02 W, 1980 MHz, 54 %, 45
2026/10/10 14:28:00.128, 7, 76045 MiB, 100 %, 416.28 W, 1980 MHz, 51 %, 75
2026/10/10 14:28:01.128, 0, 76045 MiB, 100 %, 380.74 W, 1980 MHz, 51 %, 41
2026/10/10 14:28:01.128, 1, 76045 MiB, 100 %, 404.91 W, 1980 MHz, 53 %, 63
2026/10/10 14:28:01.128, 2, 76045 MiB, 100 %, 391.04 W, 1980 MHz, 54 %, 47
2026/10/10 14:28:01.128, 3, 76045 MiB, 100 %, 389.00 W, 1980 MHz, 52 %, 40
2026/10/10 14:28:01.128, 4, 76045 MiB, 100 %, 379.66 W, 1980 MHz, 52 %, 41
2026/10/10 14:28:01.128, 5, 76045 MiB, 100 %, 392.36 W, 1980 MHz, 52 %, 47
2026/10/10 14:28:01.128, 6, 76045 MiB, 100 %, 385.11 W, 1980 MHz, 54 %, 45
2026/10/10 14:28:01.128, 7, 76045 MiB, 100 %, 417.00 W, 1980 MHz, 52 %, 75
2026/10/10 14:28:02.128, 0, 76045 MiB, 100 %, 380.76 W, 1980 MHz, 52 %, 41
2026/10/10 14:28:02.129, 1, 76045 MiB, 100 %, 405.72 W, 1980 MHz, 52 %, 63
2026/10/10 14:28:02.129, 2, 76045 MiB, 100 %, 387.94 W, 1980 MHz, 52 %, 46
2026/10/10 14:28:02.129, 3, 76045 MiB, 100 %, 385.86 W, 1980 MHz, 54 %, 40
2026/10/10 14:28:02.129, 4, 76045 MiB, 100 %, 379.51 W, 1980 MHz, 54 %, 41
2026/10/10 14:28:02.129, 5, 76045 MiB, 100 %, 388.42 W, 1980 MHz, 52 %, 47
2026/10/10 14:28:02.129, 6, 76045 MiB, 100 %, 381.91 W, 1980 MHz, 53 %, 45
2026/10/10 14:28:02.129, 7, 76045 MiB, 100 %, 413.19 W, 1980 MHz, 52 %, 75
2026/10/10 14:28:03.129, 0, 76045 MiB, 100 %, 381.11 W, 1980 MHz, 51 %, 41
2026/10/10 14:28:03.129, 1, 76045 MiB, 100 %, 405.32 W, 1980 MHz, 53 %, 63
2026/10/10 14:28:03.129, 2, 76045 MiB, 100 %, 389.66 W, 1980 MHz, 52 %, 46
2026/10/10 14:28:03.129, 3, 76045 MiB, 100 %, 387.61 W, 1980 MHz, 54 %, 40
2026/10/10 14:28:03.130, 4, 76045 MiB, 100 %, 381.09 W, 1980 MHz, 52 %, 40
2026/10/10 14:28:03.130, 5, 76045 MiB, 100 %, 389.12 W, 1980 MHz, 51 %, 47
2026/10/10 14:28:03.130, 6, 76045 MiB, 100 %, 382.73 W, 1980 MHz, 52 %, 45
2026/10/10 14:28:03.130, 7, 76045 MiB, 100 %, 415.40 W, 1980 MHz, 52 %, 75
2026/10/10 14:28:04.130, 0, 76045 MiB, 100 %, 380.77 W, 1980 MHz, 51 %, 41
2026/10/10 14:28:04.130, 1, 76045 MiB, 100 %, 404.71 W, 1980 MHz, 52 %, 63
2026/10/10 14:28:04.130, 2, 76045 MiB, 100 %, 384.99 W, 1980 MHz, 52 %, 46
2026/10/10 14:28:04.130, 3, 76045 MiB, 100 %, 389.95 W, 1980 MHz, 54 %, 40
2026/10/10 14:28:04.130, 4, 76045 MiB, 100 %, 380.72 W, 1980 MHz, 52 %, 40
2026/10/10 14:28:04.130, 5, 76045 MiB, 100 %, 389.61 W, 1980 MHz, 52 %, 47
2026/10/10 14:28:04.130, 6, 76045 MiB, 100 %, 381.10 W, 1980 MHz, 54 %, 45
2026/10/10 14:28:04.130, 7, 76045 MiB, 100 %, 414.73 W, 1980 MHz, 52 %, 75
2026/10/10 14:28:05.131, 0, 76045 MiB, 100 %, 382.40 W, 1980 MHz, 52 %, 41
2026/10/10 14:28:05.131, 1, 76045 MiB, 100 %, 404.52 W, 1980 MHz, 52 %, 63
2026/10/10 14:28:05.131, 2, 76045 MiB, 100 %, 386.56 W, 1980 MHz, 52 %, 46
2026/10/10 14:28:05.131, 3, 76045 MiB, 100 %, 386.72 W, 1980 MHz, 53 %, 40
2026/10/10 14:28:05.131, 4, 76045 MiB, 100 %, 381.89 W, 1980 MHz, 52 %, 40
2026/10/10 14:28:05.131, 5, 76045 MiB, 100 %, 387.81 W, 1980 MHz, 52 %, 47
2026/10/10 14:28:05.131, 6, 76045 MiB, 100 %, 379.05 W, 1980 MHz, 53 %, 45
2026/10/10 14:28:05.131, 7, 76045 MiB, 100 %, 414.88 W, 1980 MHz, 53 %, 75
2026/10/10 14:28:06.131, 0, 76045 MiB, 100 %, 382.08 W, 1980 MHz, 53 %, 41
2026/10/10 14:28:06.131, 1, 76045 MiB, 100 %, 405.10 W, 1980 MHz, 53 %, 63
2026/10/10 14:28:06.131, 2, 76045 MiB, 100 %, 388.89 W, 1980 MHz, 52 %, 46
2026/10/10 14:28:06.131, 3, 76045 MiB, 100 %, 387.12 W, 1980 MHz, 53 %, 39
2026/10/10 14:28:06.131, 4, 76045 MiB, 100 %, 380.34 W, 1980 MHz, 53 %, 40
2026/10/10 14:28:06.132, 5, 76045 MiB, 100 %, 393.00 W, 1980 MHz, 52 %, 47
2026/10/10 14:28:06.132, 6, 76045 MiB, 100 %, 377.32 W, 1980 MHz, 53 %, 44
2026/10/10 14:28:06.132, 7, 76045 MiB, 100 %, 416.82 W, 1980 MHz, 53 %, 75
2026/10/10 14:28:07.132, 0, 76045 MiB, 100 %, 380.75 W, 1980 MHz, 40 %, 40
2026/10/10 14:28:07.132, 1, 76045 MiB, 100 %, 369.07 W, 1980 MHz, 40 %, 62
2026/10/10 14:28:07.132, 2, 76045 MiB, 100 %, 350.74 W, 1980 MHz, 41 %, 45
2026/10/10 14:28:07.132, 3, 76045 MiB, 100 %, 349.53 W, 1980 MHz, 41 %, 38
2026/10/10 14:28:07.132, 4, 76045 MiB, 100 %, 342.48 W, 1980 MHz, 41 %, 39
2026/10/10 14:28:07.132, 5, 76045 MiB, 100 %, 353.91 W, 1980 MHz, 41 %, 46
2026/10/10 14:28:07.132, 6, 76045 MiB, 100 %, 343.70 W, 1980 MHz, 41 %, 43
2026/10/10 14:28:07.132, 7, 76045 MiB, 100 %, 380.73 W, 1980 MHz, 41 %, 74
