timestamp, index, memory.used [MiB], utilization.gpu [%], power.draw [W], clocks.current.sm [MHz]
2026/09/28 08:21:08.551, 0, 75313 MiB, 0 %, 187.44 W, 1980 MHz
2026/09/28 08:21:08.562, 1, 75313 MiB, 0 %, 133.87 W, 1980 MHz
2026/09/28 08:21:08.567, 2, 75313 MiB, 0 %, 132.97 W, 1980 MHz
2026/09/28 08:21:08.572, 3, 75313 MiB, 0 %, 131.59 W, 1980 MHz
2026/09/28 08:21:08.577, 4, 75313 MiB, 0 %, 125.60 W, 1980 MHz
2026/09/28 08:21:08.582, 5, 75313 MiB, 0 %, 129.86 W, 1980 MHz
2026/09/28 08:21:08.587, 6, 75313 MiB, 0 %, 132.90 W, 1980 MHz
2026/09/28 08:21:08.593, 7, 75313 MiB, 0 %, 124.91 W, 1980 MHz
2026/09/28 08:21:09.598, 0, 75313 MiB, 0 %, 181.73 W, 1980 MHz
2026/09/28 08:21:09.599, 1, 75313 MiB, 0 %, 132.57 W, 1980 MHz
2026/09/28 08:21:09.599, 2, 75313 MiB, 0 %, 129.80 W, 1980 MHz
2026/09/28 08:21:09.600, 3, 75313 MiB, 0 %, 126.58 W, 1980 MHz
2026/09/28 08:21:09.601, 4, 75313 MiB, 0 %, 123.75 W, 1980 MHz
2026/09/28 08:21:09.601, 5, 75313 MiB, 0 %, 126.94 W, 1980 MHz
2026/09/28 08:21:09.602, 6, 75313 MiB, 0 %, 129.29 W, 1980 MHz
2026/09/28 08:21:09.603, 7, 75313 MiB, 0 %, 123.34 W, 1980 MHz
2026/09/28 08:21:10.603, 0, 75313 MiB, 0 %, 180.90 W, 1980 MHz
2026/09/28 08:21:10.604, 1, 75313 MiB, 0 %, 131.91 W, 1980 MHz
2026/09/28 08:21:10.605, 2, 75313 MiB, 0 %, 129.21 W, 1980 MHz
2026/09/28 08:21:10.606, 3, 75313 MiB, 0 %, 126.17 W, 1980 MHz
2026/09/28 08:21:10.606, 4, 75313 MiB, 0 %, 123.24 W, 1980 MHz
2026/09/28 08:21:10.607, 5, 75313 MiB, 0 %, 126.12 W, 1980 MHz
2026/09/28 08:21:10.608, 6, 75313 MiB, 0 %, 128.63 W, 1980 MHz
2026/09/28 08:21:10.608, 7, 75313 MiB, 0 %, 122.86 W, 1980 MHz
2026/09/28 08:21:11.609, 0, 75313 MiB, 0 %, 180.30 W, 1980 MHz
2026/09/28 08:21:11.610, 1, 75313 MiB, 0 %, 131.38 W, 1980 MHz
2026/09/28 08:21:11.611, 2, 75313 MiB, 0 %, 128.64 W, 1980 MHz
2026/09/28 08:21:11.611, 3, 75313 MiB, 0 %, 125.75 W, 1980 MHz
2026/09/28 08:21:11.612, 4, 75313 MiB, 0 %, 122.95 W, 1980 MHz
2026/09/28 08:21:11.613, 5, 75313 MiB, 0 %, 125.83 W, 1980 MHz
2026/09/28 08:21:11.614, 6, 75313 MiB, 0 %, 127.99 W, 1980 MHz
2026/09/28 08:21:11.614, 7, 75313 MiB, 0 %, 122.42 W, 1980 MHz
2026/09/28 08:21:12.615, 0, 75313 MiB, 0 %, 179.85 W, 1980 MHz
2026/09/28 08:21:12.617, 1, 75313 MiB, 0 %, 130.99 W, 1980 MHz
2026/09/28 08:21:12.618, 2, 75313 MiB, 0 %, 128.30 W, 1980 MHz
2026/09/28 08:21:12.619, 3, 75313 MiB, 0 %, 125.44 W, 1980 MHz
2026/09/28 08:21:12.621, 4, 75313 MiB, 0 %, 122.61 W, 1980 MHz
2026/09/28 08:21:12.622, 5, 75313 MiB, 0 %, 125.56 W, 1980 MHz
2026/09/28 08:21:12.622, 6, 75313 MiB, 0 %, 127.42 W, 1980 MHz
2026/09/28 08:21:12.624, 7, 75313 MiB, 0 %, 122.11 W, 1980 MHz
2026/09/28 08:21:13.625, 0, 75313 MiB, 0 %, 179.46 W, 1980 MHz
2026/09/28 08:21:13.626, 1, 75313 MiB, 0 %, 130.76 W, 1980 MHz
2026/09/28 08:21:13.626, 2, 75313 MiB, 0 %, 127.92 W, 1980 MHz
2026/09/28 08:21:13.627, 3, 75313 MiB, 0 %, 124.79 W, 1980 MHz
2026/09/28 08:21:13.628, 4, 75313 MiB, 0 %, 122.35 W, 1980 MHz
2026/09/28 08:21:13.628, 5, 75313 MiB, 0 %, 125.26 W, 1980 MHz
2026/09/28 08:21:13.629, 6, 75313 MiB, 0 %, 127.12 W, 1980 MHz
2026/09/28 08:21:13.630, 7, 75313 MiB, 0 %, 121.88 W, 1980 MHz
2026/09/28 08:21:14.631, 0, 75313 MiB, 0 %, 179.15 W, 1980 MHz
2026/09/28 08:21:14.632, 1, 75313 MiB, 0 %, 130.41 W, 1980 MHz
2026/09/28 08:21:14.633, 2, 75313 MiB, 0 %, 127.72 W, 1980 MHz
2026/09/28 08:21:14.634, 3, 75313 MiB, 0 %, 124.17 W, 1980 MHz
2026/09/28 08:21:14.636, 4, 75313 MiB, 0 %, 122.23 W, 1980 MHz
2026/09/28 08:21:14.637, 5, 75313 MiB, 0 %, 125.00 W, 1980 MHz
2026/09/28 08:21:14.638, 6, 75313 MiB, 0 %, 126.80 W, 1980 MHz
2026/09/28 08:21:14.639, 7, 75313 MiB, 0 %, 121.73 W, 1980 MHz
2026/09/28 08:21:15.640, 0, 75313 MiB, 0 %, 178.77 W, 1980 MHz
2026/09/28 08:21:15.641, 1, 75313 MiB, 0 %, 130.12 W, 1980 MHz
2026/09/28 08:21:15.642, 2, 75313 MiB, 0 %, 127.49 W, 1980 MHz
2026/09/28 08:21:15.642, 3, 75313 MiB, 0 %, 124.00 W, 1980 MHz
2026/09/28 08:21:15.643, 4, 75313 MiB, 0 %, 122.57 W, 1980 MHz
2026/09/28 08:21:15.644, 5, 75313 MiB, 0 %, 124.72 W, 1980 MHz
2026/09/28 08:21:15.644, 6, 75313 MiB, 0 %, 126.64 W, 1980 MHz
2026/09/28 08:21:15.645, 7, 75313 MiB, 0 %, 121.54 W, 1980 MHz
2026/09/28 08:21:16.646, 0, 75313 MiB, 0 %, 178.50 W, 1980 MHz
2026/09/28 08:21:16.647, 1, 75313 MiB, 0 %, 129.86 W, 1980 MHz
2026/09/28 08:21:16.647, 2, 75313 MiB, 0 %, 127.18 W, 1980 MHz
2026/09/28 08:21:16.648, 3, 75313 MiB, 0 %, 123.82 W, 1980 MHz
2026/09/28 08:21:16.649, 4, 75313 MiB, 0 %, 122.42 W, 1980 MHz
2026/09/28 08:21:16.649, 5, 75313 MiB, 0 %, 124.49 W, 1980 MHz
2026/09/28 08:21:16.650, 6, 75313 MiB, 0 %, 126.41 W, 1980 MHz
2026/09/28 08:21:16.651, 7, 75313 MiB, 0 %, 121.31 W, 1980 MHz
2026/09/28 08:21:17.651, 0, 75313 MiB, 0 %, 178.23 W, 1980 MHz
2026/09/28 08:21:17.652, 1, 75313 MiB, 0 %, 129.59 W, 1980 MHz
2026/09/28 08:21:17.653, 2, 75313 MiB, 0 %, 126.91 W, 1980 MHz
2026/09/28 08:21:17.653, 3, 75313 MiB, 0 %, 123.64 W, 1980 MHz
2026/09/28 08:21:17.654, 4, 75313 MiB, 0 %, 122.41 W, 1980 MHz
2026/09/28 08:21:17.655, 5, 75313 MiB, 0 %, 124.29 W, 1980 MHz
2026/09/28 08:21:17.655, 6, 75313 MiB, 0 %, 126.21 W, 1980 MHz
2026/09/28 08:21:17.656, 7, 75313 MiB, 0 %, 121.18 W, 1980 MHz
2026/09/28 08:21:18.657, 0, 75313 MiB, 0 %, 177.95 W, 1980 MHz
2026/09/28 08:21:18.658, 1, 75313 MiB, 0 %, 129.31 W, 1980 MHz
2026/09/28 08:21:18.659, 2, 75313 MiB, 0 %, 126.65 W, 1980 MHz
2026/09/28 08:21:18.661, 3, 75313 MiB, 0 %, 123.47 W, 1980 MHz
2026/09/28 08:21:18.662, 4, 75313 MiB, 0 %, 122.29 W, 1980 MHz
2026/09/28 08:21:18.662, 5, 75313 MiB, 0 %, 124.07 W, 1980 MHz
2026/09/28 08:21:18.664, 6, 75313 MiB, 0 %, 125.95 W, 1980 MHz
2026/09/28 08:21:18.664, 7, 75313 MiB, 0 %, 121.01 W, 1980 MHz
2026/09/28 08:21:19.665, 0, 75313 MiB, 0 %, 177.79 W, 1980 MHz
2026/09/28 08:21:19.666, 1, 75313 MiB, 0 %, 129.02 W, 1980 MHz
2026/09/28 08:21:19.667, 2, 75313 MiB, 0 %, 126.19 W, 1980 MHz
2026/09/28 08:21:19.667, 3, 75313 MiB, 0 %, 123.32 W, 1980 MHz
2026/09/28 08:21:19.668, 4, 75313 MiB, 0 %, 122.09 W, 1980 MHz
2026/09/28 08:21:19.668, 5, 75313 MiB, 0 %, 123.90 W, 1980 MHz
2026/09/28 08:21:19.669, 6, 75313 MiB, 0 %, 125.72 W, 1980 MHz
2026/09/28 08:21:19.670, 7, 75313 MiB, 0 %, 120.88 W, 1980 MHz
2026/09/28 08:21:20.670, 0, 75313 MiB, 0 %, 177.57 W, 1980 MHz
2026/09/28 08:21:20.671, 1, 75313 MiB, 0 %, 128.81 W, 1980 MHz
2026/09/28 08:21:20.672, 2, 75313 MiB, 0 %, 125.89 W, 1980 MHz
2026/09/28 08:21:20.672, 3, 75313 MiB, 0 %, 123.27 W, 1980 MHz
2026/09/28 08:21:20.673, 4, 75313 MiB, 0 %, 122.01 W, 1980 MHz
2026/09/28 08:21:20.674, 5, 75313 MiB, 0 %, 123.80 W, 1980 MHz
2026/09/28 08:21:20.674, 6, 75313 MiB, 0 %, 125.55 W, 1980 MHz
2026/09/28 08:21:20.675, 7, 75313 MiB, 0 %, 120.78 W, 1980 MHz
2026/09/28 08:21:21.675, 0, 75313 MiB, 0 %, 177.36 W, 1980 MHz
2026/09/28 08:21:21.676, 1, 75313 MiB, 0 %, 128.65 W, 1980 MHz
2026/09/28 08:21:21.677, 2, 75313 MiB, 0 %, 125.67 W, 1980 MHz
2026/09/28 08:21:21.677, 3, 75313 MiB, 0 %, 123.15 W, 1980 MHz
2026/09/28 08:21:21.678, 4, 75313 MiB, 0 %, 121.95 W, 1980 MHz
2026/09/28 08:21:21.679, 5, 75313 MiB, 0 %, 123.61 W, 1980 MHz
2026/09/28 08:21:21.679, 6, 75313 MiB, 0 %, 125.37 W, 1980 MHz
2026/09/28 08:21:21.680, 7, 75313 MiB, 0 %, 120.67 W, 1980 MHz
2026/09/28 08:21:22.680, 0, 75313 MiB, 0 %, 177.17 W, 1980 MHz
2026/09/28 08:21:22.681, 1, 75313 MiB, 0 %, 128.52 W, 1980 MHz
2026/09/28 08:21:22.682, 2, 75313 MiB, 0 %, 125.29 W, 1980 MHz
2026/09/28 08:21:22.683, 3, 75313 MiB, 0 %, 123.03 W, 1980 MHz
2026/09/28 08:21:22.684, 4, 75313 MiB, 0 %, 121.82 W, 1980 MHz
2026/09/28 08:21:22.684, 5, 75313 MiB, 0 %, 123.44 W, 1980 MHz
2026/09/28 08:21:22.685, 6, 75313 MiB, 0 %, 125.21 W, 1980 MHz
2026/09/28 08:21:22.685, 7, 75313 MiB, 0 %, 120.57 W, 1980 MHz
2026/09/28 08:21:23.686, 0, 75313 MiB, 0 %, 177.01 W, 1980 MHz
2026/09/28 08:21:23.687, 1, 75313 MiB, 0 %, 128.31 W, 1980 MHz
2026/09/28 08:21:23.688, 2, 75313 MiB, 0 %, 124.04 W, 1980 MHz
2026/09/28 08:21:23.688, 3, 75313 MiB, 0 %, 122.96 W, 1980 MHz
2026/09/28 08:21:23.689, 4, 75313 MiB, 0 %, 121.76 W, 1980 MHz
2026/09/28 08:21:23.690, 5, 75313 MiB, 0 %, 123.28 W, 1980 MHz
2026/09/28 08:21:23.690, 6, 75313 MiB, 0 %, 125.05 W, 1980 MHz
2026/09/28 08:21:23.691, 7, 75313 MiB, 0 %, 120.41 W, 1980 MHz
2026/09/28 08:21:24.692, 0, 75313 MiB, 0 %, 176.88 W, 1980 MHz
2026/09/28 08:21:24.693, 1, 75313 MiB, 0 %, 128.08 W, 1980 MHz
2026/09/28 08:21:24.693, 2, 75313 MiB, 0 %, 123.84 W, 1980 MHz
2026/09/28 08:21:24.694, 3, 75313 MiB, 0 %, 122.78 W, 1980 MHz
2026/09/28 08:21:24.694, 4, 75313 MiB, 0 %, 120.79 W, 1980 MHz
2026/09/28 08:21:24.695, 5, 75313 MiB, 0 %, 123.11 W, 1980 MHz
2026/09/28 08:21:24.696, 6, 75313 MiB, 0 %, 124.85 W, 1980 MHz
2026/09/28 08:21:24.696, 7, 75313 MiB, 0 %, 120.32 W, 1980 MHz
2026/09/28 08:21:25.697, 0, 75313 MiB, 0 %, 176.69 W, 1980 MHz
2026/09/28 08:21:25.698, 1, 75313 MiB, 0 %, 127.92 W, 1980 MHz
2026/09/28 08:21:25.699, 2, 75313 MiB, 0 %, 123.69 W, 1980 MHz
2026/09/28 08:21:25.699, 3, 75313 MiB, 0 %, 122.75 W, 1980 MHz
2026/09/28 08:21:25.700, 4, 75313 MiB, 0 %, 120.10 W, 1980 MHz
2026/09/28 08:21:25.700, 5, 75313 MiB, 0 %, 122.99 W, 1980 MHz
2026/09/28 08:21:25.701, 6, 75313 MiB, 0 %, 124.64 W, 1980 MHz
2026/09/28 08:21:25.702, 7, 75313 MiB, 0 %, 120.22 W, 1980 MHz
2026/09/28 08:21:26.702, 0, 75313 MiB, 0 %, 176.56 W, 1980 MHz
2026/09/28 08:21:26.703, 1, 75313 MiB, 0 %, 127.75 W, 1980 MHz
2026/09/28 08:21:26.704, 2, 75313 MiB, 0 %, 123.63 W, 1980 MHz
2026/09/28 08:21:26.705, 3, 75313 MiB, 0 %, 122.60 W, 1980 MHz
2026/09/28 08:21:26.705, 4, 75313 MiB, 0 %, 120.01 W, 1980 MHz
2026/09/28 08:21:26.706, 5, 75313 MiB, 0 %, 122.89 W, 1980 MHz
2026/09/28 08:21:26.706, 6, 75313 MiB, 0 %, 124.56 W, 1980 MHz
2026/09/28 08:21:26.707, 7, 75313 MiB, 0 %, 120.07 W, 1980 MHz
2026/09/28 08:21:27.708, 0, 75313 MiB, 0 %, 176.41 W, 1980 MHz
2026/09/28 08:21:27.709, 1, 75313 MiB, 0 %, 127.58 W, 1980 MHz
2026/09/28 08:21:27.709, 2, 75313 MiB, 0 %, 123.41 W, 1980 MHz
2026/09/28 08:21:27.710, 3, 75313 MiB, 0 %, 122.56 W, 1980 MHz
2026/09/28 08:21:27.710, 4, 75313 MiB, 0 %, 119.88 W, 1980 MHz
2026/09/28 08:21:27.711, 5, 75313 MiB, 0 %, 122.74 W, 1980 MHz
2026/09/28 08:21:27.712, 6, 75313 MiB, 0 %, 124.39 W, 1980 MHz
2026/09/28 08:21:27.712, 7, 75313 MiB, 0 %, 120.05 W, 1980 MHz
2026/09/28 08:21:28.713, 0, 75313 MiB, 0 %, 176.24 W, 1980 MHz
2026/09/28 08:21:28.714, 1, 75313 MiB, 0 %, 127.50 W, 1980 MHz
2026/09/28 08:21:28.714, 2, 75313 MiB, 0 %, 123.32 W, 1980 MHz
2026/09/28 08:21:28.715, 3, 75313 MiB, 0 %, 122.42 W, 1980 MHz
2026/09/28 08:21:28.716, 4, 75313 MiB, 0 %, 119.83 W, 1980 MHz
2026/09/28 08:21:28.716, 5, 75313 MiB, 0 %, 122.53 W, 1980 MHz
2026/09/28 08:21:28.717, 6, 75313 MiB, 0 %, 124.25 W, 1980 MHz
2026/09/28 08:21:28.717, 7, 75313 MiB, 0 %, 119.93 W, 1980 MHz
2026/09/28 08:21:29.718, 0, 75313 MiB, 0 %, 176.10 W, 1980 MHz
2026/09/28 08:21:29.719, 1, 75313 MiB, 0 %, 127.37 W, 1980 MHz
2026/09/28 08:21:29.720, 2, 75313 MiB, 0 %, 123.24 W, 1980 MHz
2026/09/28 08:21:29.720, 3, 75313 MiB, 0 %, 122.39 W, 1980 MHz
2026/09/28 08:21:29.721, 4, 75313 MiB, 0 %, 119.74 W, 1980 MHz
2026/09/28 08:21:29.722, 5, 75313 MiB, 0 %, 122.42 W, 1980 MHz
2026/09/28 08:21:29.722, 6, 75313 MiB, 0 %, 124.18 W, 1980 MHz
2026/09/28 08:21:29.723, 7, 75313 MiB, 0 %, 119.78 W, 1980 MHz
2026/09/28 08:21:30.724, 0, 75313 MiB, 0 %, 175.95 W, 1980 MHz
2026/09/28 08:21:30.724, 1, 75313 MiB, 0 %, 127.26 W, 1980 MHz
2026/09/28 08:21:30.725, 2, 75313 MiB, 0 %, 123.58 W, 1980 MHz
2026/09/28 08:21:30.726, 3, 75313 MiB, 0 %, 122.34 W, 1980 MHz
2026/09/28 08:21:30.727, 4, 75313 MiB, 0 %, 119.68 W, 1980 MHz
2026/09/28 08:21:30.727, 5, 75313 MiB, 0 %, 122.40 W, 1980 MHz
2026/09/28 08:21:30.728, 6, 75313 MiB, 0 %, 124.06 W, 1980 MHz
2026/09/28 08:21:30.728, 7, 75313 MiB, 0 %, 119.77 W, 1980 MHz
2026/09/28 08:21:31.729, 0, 75313 MiB, 0 %, 175.84 W, 1980 MHz
2026/09/28 08:21:31.730, 1, 75313 MiB, 0 %, 126.88 W, 1980 MHz
2026/09/28 08:21:31.731, 2, 75313 MiB, 0 %, 123.65 W, 1980 MHz
2026/09/28 08:21:31.731, 3, 75313 MiB, 0 %, 122.18 W, 1980 MHz
2026/09/28 08:21:31.732, 4, 75313 MiB, 0 %, 119.54 W, 1980 MHz
2026/09/28 08:21:31.733, 5, 75313 MiB, 0 %, 121.72 W, 1980 MHz
2026/09/28 08:21:31.733, 6, 75313 MiB, 0 %, 123.92 W, 1980 MHz
2026/09/28 08:21:31.734, 7, 75313 MiB, 0 %, 119.72 W, 1980 MHz
2026/09/28 08:21:32.735, 0, 75313 MiB, 0 %, 175.75 W, 1980 MHz
2026/09/28 08:21:32.736, 1, 75313 MiB, 0 %, 126.52 W, 1980 MHz
2026/09/28 08:21:32.736, 2, 75313 MiB, 0 %, 123.44 W, 1980 MHz
2026/09/28 08:21:32.737, 3, 75313 MiB, 0 %, 122.19 W, 1980 MHz
2026/09/28 08:21:32.738, 4, 75313 MiB, 0 %, 119.53 W, 1980 MHz
2026/09/28 08:21:32.738, 5, 75313 MiB, 0 %, 121.37 W, 1980 MHz
2026/09/28 08:21:32.739, 6, 75313 MiB, 0 %, 123.89 W, 1980 MHz
2026/09/28 08:21:32.740, 7, 75313 MiB, 0 %, 119.65 W, 1980 MHz
2026/09/28 08:21:33.740, 0, 75313 MiB, 0 %, 175.60 W, 1980 MHz
2026/09/28 08:21:33.741, 1, 75313 MiB, 0 %, 126.43 W, 1980 MHz
2026/09/28 08:21:33.742, 2, 75313 MiB, 0 %, 123.32 W, 1980 MHz
2026/09/28 08:21:33.742, 3, 75313 MiB, 0 %, 122.11 W, 1980 MHz
2026/09/28 08:21:33.743, 4, 75313 MiB, 0 %, 119.43 W, 1980 MHz
2026/09/28 08:21:33.744, 5, 75313 MiB, 0 %, 121.25 W, 1980 MHz
2026/09/28 08:21:33.744, 6, 75313 MiB, 0 %, 123.79 W, 1980 MHz
2026/09/28 08:21:33.745, 7, 75313 MiB, 0 %, 119.65 W, 1980 MHz
2026/09/28 08:21:34.746, 0, 75313 MiB, 0 %, 175.43 W, 1980 MHz
2026/09/28 08:21:34.746, 1, 75313 MiB, 0 %, 126.29 W, 1980 MHz
2026/09/28 08:21:34.747, 2, 75313 MiB, 0 %, 123.16 W, 1980 MHz
2026/09/28 08:21:34.748, 3, 75313 MiB, 0 %, 122.05 W, 1980 MHz
2026/09/28 08:21:34.748, 4, 75313 MiB, 0 %, 119.44 W, 1980 MHz
2026/09/28 08:21:34.749, 5, 75313 MiB, 0 %, 121.18 W, 1980 MHz
2026/09/28 08:21:34.750, 6, 75313 MiB, 0 %, 123.77 W, 1980 MHz
2026/09/28 08:21:34.750, 7, 75313 MiB, 0 %, 119.62 W, 1980 MHz
2026/09/28 08:21:35.751, 0, 75313 MiB, 0 %, 175.37 W, 1980 MHz
2026/09/28 08:21:35.752, 1, 75313 MiB, 0 %, 126.25 W, 1980 MHz
2026/09/28 08:21:35.752, 2, 75313 MiB, 0 %, 123.08 W, 1980 MHz
2026/09/28 08:21:35.753, 3, 75313 MiB, 0 %, 122.01 W, 1980 MHz
2026/09/28 08:21:35.754, 4, 75313 MiB, 0 %, 119.39 W, 1980 MHz
2026/09/28 08:21:35.754, 5, 75313 MiB, 0 %, 121.05 W, 1980 MHz
2026/09/28 08:21:35.755, 6, 75313 MiB, 0 %, 123.62 W, 1980 MHz
2026/09/28 08:21:35.755, 7, 75313 MiB, 0 %, 119.50 W, 1980 MHz
2026/09/28 08:21:36.756, 0, 75313 MiB, 0 %, 175.22 W, 1980 MHz
2026/09/28 08:21:36.757, 1, 75313 MiB, 0 %, 125.46 W, 1980 MHz
2026/09/28 08:21:36.758, 2, 75313 MiB, 0 %, 123.01 W, 1980 MHz
2026/09/28 08:21:36.758, 3, 75313 MiB, 0 %, 121.93 W, 1980 MHz
2026/09/28 08:21:36.759, 4, 75313 MiB, 0 %, 119.40 W, 1980 MHz
2026/09/28 08:21:36.760, 5, 75313 MiB, 0 %, 121.01 W, 1980 MHz
2026/09/28 08:21:36.760, 6, 75313 MiB, 0 %, 123.56 W, 1980 MHz
2026/09/28 08:21:36.761, 7, 75313 MiB, 0 %, 119.42 W, 1980 MHz
2026/09/28 08:21:37.761, 0, 75313 MiB, 0 %, 175.19 W, 1980 MHz
2026/09/28 08:21:37.762, 1, 75313 MiB, 0 %, 125.14 W, 1980 MHz
2026/09/28 08:21:37.763, 2, 75313 MiB, 0 %, 122.89 W, 1980 MHz
2026/09/28 08:21:37.764, 3, 75313 MiB, 0 %, 121.93 W, 1980 MHz
2026/09/28 08:21:37.764, 4, 75313 MiB, 0 %, 119.31 W, 1980 MHz
2026/09/28 08:21:37.765, 5, 75313 MiB, 0 %, 120.95 W, 1980 MHz
2026/09/28 08:21:37.766, 6, 75313 MiB, 0 %, 123.46 W, 1980 MHz
2026/09/28 08:21:37.766, 7, 75313 MiB, 0 %, 119.43 W, 1980 MHz
2026/09/28 08:21:38.767, 0, 75313 MiB, 0 %, 175.06 W, 1980 MHz
2026/09/28 08:21:38.768, 1, 75313 MiB, 0 %, 125.05 W, 1980 MHz
2026/09/28 08:21:38.768, 2, 75313 MiB, 0 %, 122.79 W, 1980 MHz
2026/09/28 08:21:38.769, 3, 75313 MiB, 0 %, 121.83 W, 1980 MHz
2026/09/28 08:21:38.770, 4, 75313 MiB, 0 %, 119.26 W, 1980 MHz
2026/09/28 08:21:38.770, 5, 75313 MiB, 0 %, 120.87 W, 1980 MHz
2026/09/28 08:21:38.771, 6, 75313 MiB, 0 %, 123.36 W, 1980 MHz
2026/09/28 08:21:38.772, 7, 75313 MiB, 0 %, 119.44 W, 1980 MHz
2026/09/28 08:21:39.772, 0, 75313 MiB, 0 %, 174.98 W, 1980 MHz
2026/09/28 08:21:39.773, 1, 75313 MiB, 0 %, 124.96 W, 1980 MHz
2026/09/28 08:21:39.774, 2, 75313 MiB, 0 %, 122.72 W, 1980 MHz
2026/09/28 08:21:39.774, 3, 75313 MiB, 0 %, 121.82 W, 1980 MHz
2026/09/28 08:21:39.775, 4, 75313 MiB, 0 %, 119.21 W, 1980 MHz
2026/09/28 08:21:39.776, 5, 75313 MiB, 0 %, 120.83 W, 1980 MHz
2026/09/28 08:21:39.776, 6, 75313 MiB, 0 %, 123.36 W, 1980 MHz
2026/09/28 08:21:39.777, 7, 75313 MiB, 0 %, 119.44 W, 1980 MHz
2026/09/28 08:21:40.778, 0, 75313 MiB, 0 %, 174.87 W, 1980 MHz
2026/09/28 08:21:40.779, 1, 75313 MiB, 0 %, 124.87 W, 1980 MHz
2026/09/28 08:21:40.779, 2, 75313 MiB, 0 %, 122.73 W, 1980 MHz
2026/09/28 08:21:40.780, 3, 75313 MiB, 0 %, 121.78 W, 1980 MHz
2026/09/28 08:21:40.781, 4, 75313 MiB, 0 %, 119.21 W, 1980 MHz
2026/09/28 08:21:40.782, 5, 75313 MiB, 0 %, 120.78 W, 1980 MHz
2026/09/28 08:21:40.782, 6, 75313 MiB, 0 %, 123.29 W, 1980 MHz
2026/09/28 08:21:40.783, 7, 75313 MiB, 0 %, 119.37 W, 1980 MHz
2026/09/28 08:21:41.783, 0, 75313 MiB, 0 %, 174.73 W, 1980 MHz
2026/09/28 08:21:41.784, 1, 75313 MiB, 0 %, 124.80 W, 1980 MHz
2026/09/28 08:21:41.785, 2, 75313 MiB, 0 %, 122.59 W, 1980 MHz
2026/09/28 08:21:41.786, 3, 75313 MiB, 0 %, 121.68 W, 1980 MHz
2026/09/28 08:21:41.786, 4, 75313 MiB, 0 %, 119.17 W, 1980 MHz
2026/09/28 08:21:41.787, 5, 75313 MiB, 0 %, 120.71 W, 1980 MHz
2026/09/28 08:21:41.788, 6, 75313 MiB, 0 %, 123.27 W, 1980 MHz
2026/09/28 08:21:41.788, 7, 75313 MiB, 0 %, 119.29 W, 1980 MHz
2026/09/28 08:21:42.789, 0, 75313 MiB, 0 %, 174.62 W, 1980 MHz
2026/09/28 08:21:42.790, 1, 75313 MiB, 0 %, 124.74 W, 1980 MHz
2026/09/28 08:21:42.790, 2, 75313 MiB, 0 %, 122.53 W, 1980 MHz
2026/09/28 08:21:42.791, 3, 75313 MiB, 0 %, 121.62 W, 1980 MHz
2026/09/28 08:21:42.792, 4, 75313 MiB, 0 %, 119.14 W, 1980 MHz
2026/09/28 08:21:42.792, 5, 75313 MiB, 0 %, 120.63 W, 1980 MHz
2026/09/28 08:21:42.793, 6, 75313 MiB, 0 %, 123.17 W, 1980 MHz
2026/09/28 08:21:42.794, 7, 75313 MiB, 0 %, 119.28 W, 1980 MHz
2026/09/28 08:21:43.794, 0, 75313 MiB, 0 %, 174.52 W, 1980 MHz
2026/09/28 08:21:43.795, 1, 75313 MiB, 0 %, 124.64 W, 1980 MHz
2026/09/28 08:21:43.796, 2, 75313 MiB, 0 %, 122.39 W, 1980 MHz
2026/09/28 08:21:43.796, 3, 75313 MiB, 0 %, 121.58 W, 1980 MHz
2026/09/28 08:21:43.797, 4, 75313 MiB, 0 %, 119.06 W, 1980 MHz
2026/09/28 08:21:43.797, 5, 75313 MiB, 0 %, 120.55 W, 1980 MHz
2026/09/28 08:21:43.798, 6, 75313 MiB, 0 %, 123.05 W, 1980 MHz
2026/09/28 08:21:43.799, 7, 75313 MiB, 0 %, 119.26 W, 1980 MHz
2026/09/28 08:21:44.799, 0, 75313 MiB, 0 %, 174.43 W, 1980 MHz
2026/09/28 08:21:44.800, 1, 75313 MiB, 0 %, 124.54 W, 1980 MHz
2026/09/28 08:21:44.801, 2, 75313 MiB, 0 %, 122.38 W, 1980 MHz
2026/09/28 08:21:44.802, 3, 75313 MiB, 0 %, 121.52 W, 1980 MHz
2026/09/28 08:21:44.802, 4, 75313 MiB, 0 %, 118.98 W, 1980 MHz
2026/09/28 08:21:44.803, 5, 75313 MiB, 0 %, 120.56 W, 1980 MHz
2026/09/28 08:21:44.803, 6, 75313 MiB, 0 %, 122.97 W, 1980 MHz
2026/09/28 08:21:44.804, 7, 75313 MiB, 0 %, 119.21 W, 1980 MHz
2026/09/28 08:21:45.805, 0, 75313 MiB, 0 %, 174.34 W, 1980 MHz
2026/09/28 08:21:45.806, 1, 75313 MiB, 0 %, 124.43 W, 1980 MHz
2026/09/28 08:21:45.806, 2, 75313 MiB, 0 %, 122.26 W, 1980 MHz
2026/09/28 08:21:45.807, 3, 75313 MiB, 0 %, 121.07 W, 1980 MHz
2026/09/28 08:21:45.808, 4, 75313 MiB, 0 %, 118.88 W, 1980 MHz
2026/09/28 08:21:45.808, 5, 75313 MiB, 0 %, 120.41 W, 1980 MHz
2026/09/28 08:21:45.809, 6, 75313 MiB, 0 %, 122.93 W, 1980 MHz
2026/09/28 08:21:45.809, 7, 75313 MiB, 0 %, 119.19 W, 1980 MHz
2026/09/28 08:21:46.810, 0, 75313 MiB, 0 %, 174.24 W, 1980 MHz
2026/09/28 08:21:46.811, 1, 75313 MiB, 0 %, 124.37 W, 1980 MHz
2026/09/28 08:21:46.812, 2, 75313 MiB, 0 %, 122.18 W, 1980 MHz
2026/09/28 08:21:46.812, 3, 75313 MiB, 0 %, 120.68 W, 1980 MHz
2026/09/28 08:21:46.813, 4, 75313 MiB, 0 %, 118.86 W, 1980 MHz
2026/09/28 08:21:46.814, 5, 75313 MiB, 0 %, 120.38 W, 1980 MHz
2026/09/28 08:21:46.814, 6, 75313 MiB, 0 %, 122.84 W, 1980 MHz
2026/09/28 08:21:46.815, 7, 75313 MiB, 0 %, 119.14 W, 1980 MHz
2026/09/28 08:21:47.816, 0, 75313 MiB, 0 %, 174.15 W, 1980 MHz
2026/09/28 08:21:47.816, 1, 75313 MiB, 0 %, 124.27 W, 1980 MHz
2026/09/28 08:21:47.817, 2, 75313 MiB, 0 %, 122.15 W, 1980 MHz
2026/09/28 08:21:47.818, 3, 75313 MiB, 0 %, 120.63 W, 1980 MHz
2026/09/28 08:21:47.818, 4, 75313 MiB, 0 %, 118.87 W, 1980 MHz
2026/09/28 08:21:47.819, 5, 75313 MiB, 0 %, 120.28 W, 1980 MHz
2026/09/28 08:21:47.820, 6, 75313 MiB, 0 %, 122.85 W, 1980 MHz
2026/09/28 08:21:47.820, 7, 75313 MiB, 0 %, 119.07 W, 1980 MHz
2026/09/28 08:21:48.821, 0, 75313 MiB, 0 %, 174.09 W, 1980 MHz
2026/09/28 08:21:48.822, 1, 75313 MiB, 0 %, 124.26 W, 1980 MHz
2026/09/28 08:21:48.823, 2, 75313 MiB, 0 %, 122.09 W, 1980 MHz
2026/09/28 08:21:48.823, 3, 75313 MiB, 0 %, 120.56 W, 1980 MHz
2026/09/28 08:21:48.824, 4, 75313 MiB, 0 %, 118.79 W, 1980 MHz
2026/09/28 08:21:48.825, 5, 75313 MiB, 0 %, 120.22 W, 1980 MHz
2026/09/28 08:21:48.825, 6, 75313 MiB, 0 %, 122.75 W, 1980 MHz
2026/09/28 08:21:48.826, 7, 75313 MiB, 0 %, 118.95 W, 1980 MHz
2026/09/28 08:21:49.826, 0, 75313 MiB, 0 %, 173.97 W, 1980 MHz
2026/09/28 08:21:49.827, 1, 75313 MiB, 0 %, 124.20 W, 1980 MHz
2026/09/28 08:21:49.828, 2, 75313 MiB, 0 %, 121.99 W, 1980 MHz
2026/09/28 08:21:49.829, 3, 75313 MiB, 0 %, 120.50 W, 1980 MHz
2026/09/28 08:21:49.829, 4, 75313 MiB, 0 %, 118.77 W, 1980 MHz
2026/09/28 08:21:49.830, 5, 75313 MiB, 0 %, 120.18 W, 1980 MHz
2026/09/28 08:21:49.831, 6, 75313 MiB, 0 %, 122.72 W, 1980 MHz
2026/09/28 08:21:49.831, 7, 75313 MiB, 0 %, 118.93 W, 1980 MHz
2026/09/28 08:21:50.832, 0, 75313 MiB, 0 %, 173.82 W, 1980 MHz
2026/09/28 08:21:50.833, 1, 75313 MiB, 0 %, 124.13 W, 1980 MHz
2026/09/28 08:21:50.834, 2, 75313 MiB, 0 %, 121.87 W, 1980 MHz
2026/09/28 08:21:50.834, 3, 75313 MiB, 0 %, 120.49 W, 1980 MHz
2026/09/28 08:21:50.835, 4, 75313 MiB, 0 %, 118.71 W, 1980 MHz
2026/09/28 08:21:50.835, 5, 75313 MiB, 0 %, 120.11 W, 1980 MHz
2026/09/28 08:21:50.836, 6, 75313 MiB, 0 %, 122.60 W, 1980 MHz
2026/09/28 08:21:50.837, 7, 75313 MiB, 0 %, 118.92 W, 1980 MHz
2026/09/28 08:21:51.837, 0, 75313 MiB, 0 %, 173.84 W, 1980 MHz
2026/09/28 08:21:51.838, 1, 75313 MiB, 0 %, 124.01 W, 1980 MHz
2026/09/28 08:21:51.839, 2, 75313 MiB, 0 %, 121.86 W, 1980 MHz
2026/09/28 08:21:51.839, 3, 75313 MiB, 0 %, 120.46 W, 1980 MHz
2026/09/28 08:21:51.840, 4, 75313 MiB, 0 %, 118.61 W, 1980 MHz
2026/09/28 08:21:51.841, 5, 75313 MiB, 0 %, 120.13 W, 1980 MHz
2026/09/28 08:21:51.841, 6, 75313 MiB, 0 %, 122.54 W, 1980 MHz
2026/09/28 08:21:51.842, 7, 75313 MiB, 0 %, 118.88 W, 1980 MHz
2026/09/28 08:21:52.843, 0, 75313 MiB, 0 %, 173.73 W, 1980 MHz
2026/09/28 08:21:52.844, 1, 75313 MiB, 0 %, 123.98 W, 1980 MHz
2026/09/28 08:21:52.844, 2, 75313 MiB, 0 %, 121.76 W, 1980 MHz
2026/09/28 08:21:52.845, 3, 75313 MiB, 0 %, 120.43 W, 1980 MHz
2026/09/28 08:21:52.846, 4, 75313 MiB, 0 %, 118.60 W, 1980 MHz
2026/09/28 08:21:52.846, 5, 75313 MiB, 0 %, 120.10 W, 1980 MHz
2026/09/28 08:21:52.847, 6, 75313 MiB, 0 %, 122.50 W, 1980 MHz
2026/09/28 08:21:52.847, 7, 75313 MiB, 0 %, 118.87 W, 1980 MHz
2026/09/28 08:21:53.848, 0, 75313 MiB, 0 %, 173.67 W, 1980 MHz
2026/09/28 08:21:53.849, 1, 75313 MiB, 0 %, 123.90 W, 1980 MHz
2026/09/28 08:21:53.850, 2, 75313 MiB, 0 %, 121.75 W, 1980 MHz
2026/09/28 08:21:53.850, 3, 75313 MiB, 0 %, 120.38 W, 1980 MHz
2026/09/28 08:21:53.851, 4, 75313 MiB, 0 %, 118.57 W, 1980 MHz
2026/09/28 08:21:53.852, 5, 75313 MiB, 0 %, 120.04 W, 1980 MHz
2026/09/28 08:21:53.852, 6, 75313 MiB, 0 %, 122.46 W, 1980 MHz
2026/09/28 08:21:53.853, 7, 75313 MiB, 0 %, 118.85 W, 1980 MHz
2026/09/28 08:21:54.854, 0, 75313 MiB, 0 %, 173.57 W, 1980 MHz
2026/09/28 08:21:54.854, 1, 75313 MiB, 0 %, 123.92 W, 1980 MHz
2026/09/28 08:21:54.855, 2, 75313 MiB, 0 %, 121.71 W, 1980 MHz
2026/09/28 08:21:54.856, 3, 75313 MiB, 0 %, 120.43 W, 1980 MHz
2026/09/28 08:21:54.856, 4, 75313 MiB, 0 %, 118.55 W, 1980 MHz
2026/09/28 08:21:54.857, 5, 75313 MiB, 0 %, 119.91 W, 1980 MHz
2026/09/28 08:21:54.858, 6, 75313 MiB, 0 %, 122.44 W, 1980 MHz
2026/09/28 08:21:54.858, 7, 75313 MiB, 0 %, 118.87 W, 1980 MHz
2026/09/28 08:21:55.859, 0, 75313 MiB, 0 %, 173.51 W, 1980 MHz
2026/09/28 08:21:55.860, 1, 75313 MiB, 0 %, 123.87 W, 1980 MHz
2026/09/28 08:21:55.861, 2, 75313 MiB, 0 %, 121.62 W, 1980 MHz
2026/09/28 08:21:55.861, 3, 75313 MiB, 0 %, 120.40 W, 1980 MHz
2026/09/28 08:21:55.862, 4, 75313 MiB, 0 %, 118.55 W, 1980 MHz
2026/09/28 08:21:55.863, 5, 75313 MiB, 0 %, 119.90 W, 1980 MHz
2026/09/28 08:21:55.863, 6, 75313 MiB, 0 %, 122.40 W, 1980 MHz
2026/09/28 08:21:55.864, 7, 75313 MiB, 0 %, 118.78 W, 1980 MHz
2026/09/28 08:21:56.865, 0, 75313 MiB, 0 %, 173.47 W, 1980 MHz
2026/09/28 08:21:56.866, 1, 75313 MiB, 0 %, 123.80 W, 1980 MHz
2026/09/28 08:21:56.867, 2, 75313 MiB, 0 %, 120.92 W, 1980 MHz
2026/09/28 08:21:56.867, 3, 75313 MiB, 0 %, 120.27 W, 1980 MHz
2026/09/28 08:21:56.868, 4, 75313 MiB, 0 %, 118.56 W, 1980 MHz
2026/09/28 08:21:56.869, 5, 75313 MiB, 0 %, 119.85 W, 1980 MHz
2026/09/28 08:21:56.869, 6, 75313 MiB, 0 %, 122.36 W, 1980 MHz
2026/09/28 08:21:56.870, 7, 75313 MiB, 0 %, 118.73 W, 1980 MHz
2026/09/28 08:21:57.871, 0, 75313 MiB, 100 %, 351.92 W, 1980 MHz
2026/09/28 08:21:57.872, 1, 75313 MiB, 100 %, 319.95 W, 1980 MHz
2026/09/28 08:21:57.873, 2, 75313 MiB, 100 %, 314.95 W, 1980 MHz
2026/09/28 08:21:57.873, 3, 75313 MiB, 100 %, 292.34 W, 1980 MHz
2026/09/28 08:21:57.874, 4, 75313 MiB, 100 %, 311.05 W, 1980 MHz
2026/09/28 08:21:57.875, 5, 75313 MiB, 100 %, 306.34 W, 1980 MHz
2026/09/28 08:21:57.875, 6, 75313 MiB, 100 %, 313.62 W, 1980 MHz
2026/09/28 08:21:57.876, 7, 75313 MiB, 100 %, 307.04 W, 1980 MHz
2026/09/28 08:21:58.877, 0, 75313 MiB, 100 %, 572.68 W, 1980 MHz
2026/09/28 08:21:58.878, 1, 75313 MiB, 100 %, 519.92 W, 1980 MHz
2026/09/28 08:21:58.879, 2, 75313 MiB, 100 %, 521.43 W, 1980 MHz
2026/09/28 08:21:58.879, 3, 75313 MiB, 100 %, 512.20 W, 1980 MHz
2026/09/28 08:21:58.880, 4, 75313 MiB, 100 %, 494.98 W, 1980 MHz
2026/09/28 08:21:58.881, 5, 75313 MiB, 100 %, 519.61 W, 1980 MHz
2026/09/28 08:21:58.881, 6, 75313 MiB, 100 %, 538.19 W, 1980 MHz
2026/09/28 08:21:58.882, 7, 75313 MiB, 100 %, 495.17 W, 1980 MHz
2026/09/28 08:21:59.883, 0, 75313 MiB, 100 %, 592.12 W, 1965 MHz
2026/09/28 08:21:59.884, 1, 75313 MiB, 100 %, 555.90 W, 1980 MHz
2026/09/28 08:21:59.885, 2, 75313 MiB, 100 %, 551.65 W, 1980 MHz
2026/09/28 08:21:59.885, 3, 75313 MiB, 100 %, 531.32 W, 1980 MHz
2026/09/28 08:21:59.886, 4, 75313 MiB, 100 %, 545.74 W, 1980 MHz
2026/09/28 08:21:59.887, 5, 75313 MiB, 100 %, 543.41 W, 1980 MHz
2026/09/28 08:21:59.887, 6, 75313 MiB, 100 %, 560.52 W, 1965 MHz
2026/09/28 08:21:59.888, 7, 75313 MiB, 100 %, 515.86 W, 1980 MHz
2026/09/28 08:22:00.889, 0, 75313 MiB, 100 %, 598.92 W, 1965 MHz
2026/09/28 08:22:00.890, 1, 75313 MiB, 100 %, 566.96 W, 1980 MHz
2026/09/28 08:22:00.891, 2, 75313 MiB, 100 %, 564.74 W, 1980 MHz
2026/09/28 08:22:00.891, 3, 75313 MiB, 100 %, 561.98 W, 1980 MHz
2026/09/28 08:22:00.892, 4, 75313 MiB, 100 %, 555.94 W, 1965 MHz
2026/09/28 08:22:00.893, 5, 75313 MiB, 100 %, 558.13 W, 1965 MHz
2026/09/28 08:22:00.894, 6, 75313 MiB, 100 %, 578.83 W, 1980 MHz
2026/09/28 08:22:00.894, 7, 75313 MiB, 100 %, 534.82 W, 1980 MHz
2026/09/28 08:22:01.895, 0, 75313 MiB, 100 %, 603.59 W, 1965 MHz
2026/09/28 08:22:01.896, 1, 75313 MiB, 100 %, 593.59 W, 1860 MHz
2026/09/28 08:22:01.897, 2, 75313 MiB, 100 %, 589.05 W, 1965 MHz
2026/09/28 08:22:01.897, 3, 75313 MiB, 100 %, 565.51 W, 1965 MHz
2026/09/28 08:22:01.898, 4, 75313 MiB, 100 %, 575.65 W, 1980 MHz
2026/09/28 08:22:01.899, 5, 75313 MiB, 100 %, 564.89 W, 1965 MHz
2026/09/28 08:22:01.902, 6, 75313 MiB, 100 %, 605.17 W, 1965 MHz
2026/09/28 08:22:01.910, 7, 75313 MiB, 100 %, 563.67 W, 1920 MHz
2026/09/28 08:22:02.912, 0, 75313 MiB, 100 %, 577.41 W, 1830 MHz
2026/09/28 08:22:02.913, 1, 75313 MiB, 100 %, 572.84 W, 1905 MHz
2026/09/28 08:22:02.913, 2, 75313 MiB, 100 %, 588.78 W, 1935 MHz
2026/09/28 08:22:02.914, 3, 75313 MiB, 100 %, 594.31 W, 1905 MHz
2026/09/28 08:22:02.915, 4, 75313 MiB, 100 %, 595.32 W, 1935 MHz
2026/09/28 08:22:02.915, 5, 75313 MiB, 100 %, 610.31 W, 1890 MHz
2026/09/28 08:22:02.916, 6, 75313 MiB, 100 %, 591.40 W, 1965 MHz
2026/09/28 08:22:02.917, 7, 75313 MiB, 100 %, 554.68 W, 1950 MHz
2026/09/28 08:22:03.918, 0, 75313 MiB, 100 %, 602.19 W, 1770 MHz
2026/09/28 08:22:03.919, 1, 75313 MiB, 100 %, 592.17 W, 1770 MHz
2026/09/28 08:22:03.919, 2, 75313 MiB, 100 %, 598.15 W, 1950 MHz
2026/09/28 08:22:03.920, 3, 75313 MiB, 100 %, 598.97 W, 1920 MHz
2026/09/28 08:22:03.921, 4, 75313 MiB, 100 %, 587.38 W, 1965 MHz
2026/09/28 08:22:03.921, 5, 75313 MiB, 100 %, 595.21 W, 1965 MHz
2026/09/28 08:22:03.922, 6, 75313 MiB, 100 %, 596.45 W, 1920 MHz
2026/09/28 08:22:03.922, 7, 75313 MiB, 100 %, 569.58 W, 1800 MHz
2026/09/28 08:22:04.923, 0, 75313 MiB, 100 %, 591.55 W, 1665 MHz
2026/09/28 08:22:04.924, 1, 75313 MiB, 100 %, 607.66 W, 1950 MHz
2026/09/28 08:22:04.925, 2, 75313 MiB, 100 %, 619.88 W, 1860 MHz
2026/09/28 08:22:04.925, 3, 75313 MiB, 100 %, 620.15 W, 1965 MHz
2026/09/28 08:22:04.926, 4, 75313 MiB, 100 %, 583.44 W, 1890 MHz
2026/09/28 08:22:04.927, 5, 75313 MiB, 100 %, 616.06 W, 1965 MHz
2026/09/28 08:22:04.927, 6, 75313 MiB, 100 %, 617.56 W, 1965 MHz
2026/09/28 08:22:04.928, 7, 75313 MiB, 100 %, 580.39 W, 1965 MHz
2026/09/28 08:22:05.929, 0, 75313 MiB, 100 %, 565.84 W, 1950 MHz
2026/09/28 08:22:05.930, 1, 75313 MiB, 100 %, 620.87 W, 1920 MHz
2026/09/28 08:22:05.930, 2, 75313 MiB, 100 %, 613.34 W, 1935 MHz
2026/09/28 08:22:05.931, 3, 75313 MiB, 100 %, 611.35 W, 1905 MHz
2026/09/28 08:22:05.932, 4, 75313 MiB, 100 %, 598.34 W, 1905 MHz
2026/09/28 08:22:05.932, 5, 75313 MiB, 100 %, 608.48 W, 1965 MHz
2026/09/28 08:22:05.933, 6, 75313 MiB, 100 %, 598.67 W, 1905 MHz
2026/09/28 08:22:05.933, 7, 75313 MiB, 100 %, 594.61 W, 1935 MHz
2026/09/28 08:22:06.934, 0, 75313 MiB, 100 %, 559.34 W, 1575 MHz
2026/09/28 08:22:06.935, 1, 75313 MiB, 100 %, 613.45 W, 1950 MHz
2026/09/28 08:22:06.936, 2, 75313 MiB, 100 %, 618.19 W, 1965 MHz
2026/09/28 08:22:06.936, 3, 75313 MiB, 100 %, 611.83 W, 1920 MHz
2026/09/28 08:22:06.937, 4, 75313 MiB, 100 %, 593.88 W, 1845 MHz
2026/09/28 08:22:06.938, 5, 75313 MiB, 100 %, 609.64 W, 1950 MHz
2026/09/28 08:22:06.938, 6, 75313 MiB, 100 %, 609.14 W, 1890 MHz
2026/09/28 08:22:06.939, 7, 75313 MiB, 100 %, 584.68 W, 1965 MHz
2026/09/28 08:22:07.940, 0, 75313 MiB, 100 %, 519.27 W, 1980 MHz
2026/09/28 08:22:07.941, 1, 75313 MiB, 100 %, 508.95 W, 1980 MHz
2026/09/28 08:22:07.941, 2, 75313 MiB, 100 %, 499.85 W, 1980 MHz
2026/09/28 08:22:07.942, 3, 75313 MiB, 100 %, 493.23 W, 1980 MHz
2026/09/28 08:22:07.943, 4, 75313 MiB, 100 %, 490.92 W, 1980 MHz
2026/09/28 08:22:07.943, 5, 75313 MiB, 100 %, 502.13 W, 1980 MHz
2026/09/28 08:22:07.944, 6, 75313 MiB, 100 %, 519.31 W, 1980 MHz
2026/09/28 08:22:07.944, 7, 75313 MiB, 100 %, 488.50 W, 1980 MHz
2026/09/28 08:22:08.945, 0, 75313 MiB, 100 %, 551.16 W, 1920 MHz
2026/09/28 08:22:08.946, 1, 75313 MiB, 100 %, 518.58 W, 1980 MHz
2026/09/28 08:22:08.946, 2, 75313 MiB, 100 %, 517.89 W, 1980 MHz
2026/09/28 08:22:08.947, 3, 75313 MiB, 100 %, 494.02 W, 1980 MHz
2026/09/28 08:22:08.948, 4, 75313 MiB, 100 %, 498.09 W, 1980 MHz
2026/09/28 08:22:08.948, 5, 75313 MiB, 100 %, 513.14 W, 1980 MHz
2026/09/28 08:22:08.949, 6, 75313 MiB, 100 %, 532.03 W, 1980 MHz
2026/09/28 08:22:08.950, 7, 75313 MiB, 100 %, 477.22 W, 1980 MHz
2026/09/28 08:22:09.950, 0, 75313 MiB, 100 %, 570.05 W, 1755 MHz
2026/09/28 08:22:09.951, 1, 75313 MiB, 100 %, 556.40 W, 1980 MHz
2026/09/28 08:22:09.952, 2, 75313 MiB, 100 %, 558.10 W, 1980 MHz
2026/09/28 08:22:09.952, 3, 75313 MiB, 100 %, 566.48 W, 1965 MHz
2026/09/28 08:22:09.953, 4, 75313 MiB, 100 %, 543.44 W, 1980 MHz
2026/09/28 08:22:09.954, 5, 75313 MiB, 100 %, 542.24 W, 1980 MHz
2026/09/28 08:22:09.954, 6, 75313 MiB, 100 %, 570.09 W, 1980 MHz
2026/09/28 08:22:09.955, 7, 75313 MiB, 100 %, 515.38 W, 1980 MHz
2026/09/28 08:22:10.955, 0, 75313 MiB, 100 %, 548.82 W, 1860 MHz
2026/09/28 08:22:10.956, 1, 75313 MiB, 100 %, 581.93 W, 1980 MHz
2026/09/28 08:22:10.957, 2, 75313 MiB, 100 %, 578.43 W, 1980 MHz
2026/09/28 08:22:10.958, 3, 75313 MiB, 100 %, 556.39 W, 1980 MHz
2026/09/28 08:22:10.958, 4, 75313 MiB, 100 %, 560.06 W, 1965 MHz
2026/09/28 08:22:10.959, 5, 75313 MiB, 100 %, 554.34 W, 1965 MHz
2026/09/28 08:22:10.959, 6, 75313 MiB, 100 %, 585.20 W, 1980 MHz
2026/09/28 08:22:10.960, 7, 75313 MiB, 100 %, 548.28 W, 1980 MHz
2026/09/28 08:22:11.961, 0, 75313 MiB, 100 %, 534.51 W, 1725 MHz
2026/09/28 08:22:11.961, 1, 75313 MiB, 100 %, 592.72 W, 1965 MHz
2026/09/28 08:22:11.962, 2, 75313 MiB, 100 %, 606.97 W, 1965 MHz
2026/09/28 08:22:11.963, 3, 75313 MiB, 100 %, 576.59 W, 1980 MHz
2026/09/28 08:22:11.963, 4, 75313 MiB, 100 %, 552.82 W, 1965 MHz
2026/09/28 08:22:11.964, 5, 75313 MiB, 100 %, 559.22 W, 1965 MHz
2026/09/28 08:22:11.965, 6, 75313 MiB, 100 %, 603.79 W, 1980 MHz
2026/09/28 08:22:11.965, 7, 75313 MiB, 100 %, 569.42 W, 1965 MHz
2026/09/28 08:22:12.966, 0, 75313 MiB, 100 %, 561.25 W, 1800 MHz
2026/09/28 08:22:12.967, 1, 75313 MiB, 100 %, 580.63 W, 1965 MHz
2026/09/28 08:22:12.968, 2, 75313 MiB, 100 %, 597.36 W, 1965 MHz
2026/09/28 08:22:12.968, 3, 75313 MiB, 100 %, 594.76 W, 1935 MHz
2026/09/28 08:22:12.969, 4, 75313 MiB, 100 %, 570.36 W, 1965 MHz
2026/09/28 08:22:12.970, 5, 75313 MiB, 100 %, 595.71 W, 1950 MHz
2026/09/28 08:22:12.970, 6, 75313 MiB, 100 %, 605.48 W, 1965 MHz
2026/09/28 08:22:12.971, 7, 75313 MiB, 100 %, 558.42 W, 1965 MHz
2026/09/28 08:22:13.972, 0, 75313 MiB, 100 %, 538.17 W, 1950 MHz
2026/09/28 08:22:13.972, 1, 75313 MiB, 100 %, 591.90 W, 1965 MHz
2026/09/28 08:22:13.973, 2, 75313 MiB, 100 %, 597.06 W, 1965 MHz
2026/09/28 08:22:13.974, 3, 75313 MiB, 100 %, 613.26 W, 1920 MHz
2026/09/28 08:22:13.974, 4, 75313 MiB, 100 %, 574.13 W, 1965 MHz
2026/09/28 08:22:13.975, 5, 75313 MiB, 100 %, 602.18 W, 1935 MHz
2026/09/28 08:22:13.976, 6, 75313 MiB, 100 %, 615.86 W, 1950 MHz
2026/09/28 08:22:13.976, 7, 75313 MiB, 100 %, 569.71 W, 1965 MHz
2026/09/28 08:22:14.977, 0, 75313 MiB, 100 %, 567.26 W, 1845 MHz
2026/09/28 08:22:14.978, 1, 75313 MiB, 100 %, 605.43 W, 1965 MHz
2026/09/28 08:22:14.978, 2, 75313 MiB, 100 %, 603.19 W, 1950 MHz
2026/09/28 08:22:14.979, 3, 75313 MiB, 100 %, 610.51 W, 1875 MHz
2026/09/28 08:22:14.980, 4, 75313 MiB, 100 %, 600.74 W, 1935 MHz
2026/09/28 08:22:14.980, 5, 75313 MiB, 100 %, 606.01 W, 1905 MHz
2026/09/28 08:22:14.981, 6, 75313 MiB, 100 %, 608.69 W, 1905 MHz
2026/09/28 08:22:14.982, 7, 75313 MiB, 100 %, 575.89 W, 1950 MHz
2026/09/28 08:22:15.982, 0, 75313 MiB, 100 %, 509.70 W, 1275 MHz
2026/09/28 08:22:15.983, 1, 75313 MiB, 100 %, 594.63 W, 1905 MHz
2026/09/28 08:22:15.984, 2, 75313 MiB, 100 %, 602.74 W, 1890 MHz
2026/09/28 08:22:15.984, 3, 75313 MiB, 100 %, 598.57 W, 1770 MHz
2026/09/28 08:22:15.985, 4, 75313 MiB, 100 %, 587.02 W, 1965 MHz
2026/09/28 08:22:15.986, 5, 75313 MiB, 100 %, 595.26 W, 1965 MHz
2026/09/28 08:22:15.986, 6, 75313 MiB, 100 %, 594.32 W, 1770 MHz
2026/09/28 08:22:15.987, 7, 75313 MiB, 100 %, 576.26 W, 1905 MHz
2026/09/28 08:22:16.987, 0, 75313 MiB, 100 %, 482.73 W, 1470 MHz
2026/09/28 08:22:16.988, 1, 75313 MiB, 100 %, 598.62 W, 1935 MHz
2026/09/28 08:22:16.989, 2, 75313 MiB, 100 %, 594.54 W, 1770 MHz
2026/09/28 08:22:16.990, 3, 75313 MiB, 100 %, 601.91 W, 1950 MHz
2026/09/28 08:22:16.990, 4, 75313 MiB, 100 %, 579.32 W, 1965 MHz
2026/09/28 08:22:16.991, 5, 75313 MiB, 100 %, 581.36 W, 1950 MHz
2026/09/28 08:22:16.991, 6, 75313 MiB, 100 %, 589.17 W, 1935 MHz
2026/09/28 08:22:16.992, 7, 75313 MiB, 100 %, 568.22 W, 1935 MHz
2026/09/28 08:22:17.993, 0, 75313 MiB, 100 %, 490.71 W, 1980 MHz
2026/09/28 08:22:17.994, 1, 75313 MiB, 100 %, 515.00 W, 1980 MHz
2026/09/28 08:22:17.994, 2, 75313 MiB, 100 %, 520.95 W, 1980 MHz
2026/09/28 08:22:17.995, 3, 75313 MiB, 100 %, 525.98 W, 1980 MHz
2026/09/28 08:22:17.995, 4, 75313 MiB, 100 %, 505.97 W, 1980 MHz
2026/09/28 08:22:17.996, 5, 75313 MiB, 100 %, 520.71 W, 1980 MHz
2026/09/28 08:22:17.997, 6, 75313 MiB, 100 %, 526.86 W, 1980 MHz
2026/09/28 08:22:17.997, 7, 75313 MiB, 100 %, 493.02 W, 1980 MHz
2026/09/28 08:22:18.998, 0, 75313 MiB, 100 %, 550.12 W, 1980 MHz
2026/09/28 08:22:18.999, 1, 75313 MiB, 100 %, 514.83 W, 1980 MHz
2026/09/28 08:22:19.000, 2, 75313 MiB, 100 %, 517.90 W, 1980 MHz
2026/09/28 08:22:19.000, 3, 75313 MiB, 100 %, 496.16 W, 1980 MHz
2026/09/28 08:22:19.001, 4, 75313 MiB, 100 %, 500.01 W, 1980 MHz
2026/09/28 08:22:19.001, 5, 75313 MiB, 100 %, 490.83 W, 1980 MHz
2026/09/28 08:22:19.002, 6, 75313 MiB, 100 %, 514.44 W, 1980 MHz
2026/09/28 08:22:19.003, 7, 75313 MiB, 100 %, 480.29 W, 1980 MHz
2026/09/28 08:22:20.003, 0, 75313 MiB, 100 %, 557.41 W, 1680 MHz
2026/09/28 08:22:20.004, 1, 75313 MiB, 100 %, 542.41 W, 1980 MHz
2026/09/28 08:22:20.005, 2, 75313 MiB, 100 %, 548.22 W, 1980 MHz
2026/09/28 08:22:20.006, 3, 75313 MiB, 100 %, 540.93 W, 1980 MHz
2026/09/28 08:22:20.006, 4, 75313 MiB, 100 %, 522.22 W, 1980 MHz
2026/09/28 08:22:20.007, 5, 75313 MiB, 100 %, 548.23 W, 1980 MHz
2026/09/28 08:22:20.008, 6, 75313 MiB, 100 %, 575.59 W, 1980 MHz
2026/09/28 08:22:20.008, 7, 75313 MiB, 100 %, 517.60 W, 1980 MHz
2026/09/28 08:22:21.009, 0, 75313 MiB, 100 %, 506.91 W, 1740 MHz
2026/09/28 08:22:21.010, 1, 75313 MiB, 100 %, 566.32 W, 1965 MHz
2026/09/28 08:22:21.010, 2, 75313 MiB, 100 %, 569.50 W, 1965 MHz
2026/09/28 08:22:21.011, 3, 75313 MiB, 100 %, 550.03 W, 1980 MHz
2026/09/28 08:22:21.012, 4, 75313 MiB, 100 %, 532.49 W, 1980 MHz
2026/09/28 08:22:21.012, 5, 75313 MiB, 100 %, 557.23 W, 1980 MHz
2026/09/28 08:22:21.013, 6, 75313 MiB, 100 %, 578.60 W, 1965 MHz
2026/09/28 08:22:21.013, 7, 75313 MiB, 100 %, 542.39 W, 1980 MHz
2026/09/28 08:22:22.014, 0, 75313 MiB, 100 %, 508.28 W, 1500 MHz
2026/09/28 08:22:22.015, 1, 75313 MiB, 100 %, 598.27 W, 1980 MHz
2026/09/28 08:22:22.016, 2, 75313 MiB, 100 %, 587.64 W, 1980 MHz
2026/09/28 08:22:22.017, 3, 75313 MiB, 100 %, 571.76 W, 1980 MHz
2026/09/28 08:22:22.017, 4, 75313 MiB, 100 %, 543.94 W, 1890 MHz
2026/09/28 08:22:22.018, 5, 75313 MiB, 100 %, 565.17 W, 1965 MHz
2026/09/28 08:22:22.018, 6, 75313 MiB, 100 %, 599.97 W, 1905 MHz
2026/09/28 08:22:22.019, 7, 75313 MiB, 100 %, 563.88 W, 1980 MHz
2026/09/28 08:22:23.020, 0, 75313 MiB, 100 %, 522.71 W, 1455 MHz
2026/09/28 08:22:23.020, 1, 75313 MiB, 100 %, 593.59 W, 1830 MHz
2026/09/28 08:22:23.021, 2, 75313 MiB, 100 %, 593.88 W, 1950 MHz
2026/09/28 08:22:23.022, 3, 75313 MiB, 100 %, 595.90 W, 1950 MHz
2026/09/28 08:22:23.022, 4, 75313 MiB, 100 %, 577.93 W, 1965 MHz
2026/09/28 08:22:23.023, 5, 75313 MiB, 100 %, 575.56 W, 1965 MHz
2026/09/28 08:22:23.024, 6, 75313 MiB, 100 %, 618.29 W, 1875 MHz
2026/09/28 08:22:23.024, 7, 75313 MiB, 100 %, 567.67 W, 1860 MHz
2026/09/28 08:22:24.025, 0, 75313 MiB, 100 %, 531.33 W, 1305 MHz
2026/09/28 08:22:24.026, 1, 75313 MiB, 100 %, 603.39 W, 1965 MHz
2026/09/28 08:22:24.026, 2, 75313 MiB, 100 %, 608.78 W, 1965 MHz
2026/09/28 08:22:24.027, 3, 75313 MiB, 100 %, 591.45 W, 1965 MHz
2026/09/28 08:22:24.027, 4, 75313 MiB, 100 %, 577.64 W, 1965 MHz
2026/09/28 08:22:24.028, 5, 75313 MiB, 100 %, 587.58 W, 1950 MHz
2026/09/28 08:22:24.029, 6, 75313 MiB, 100 %, 604.19 W, 1950 MHz
2026/09/28 08:22:24.029, 7, 75313 MiB, 100 %, 578.41 W, 1965 MHz
2026/09/28 08:22:25.030, 0, 75313 MiB, 100 %, 506.86 W, 1125 MHz
2026/09/28 08:22:25.031, 1, 75313 MiB, 100 %, 596.87 W, 1965 MHz
2026/09/28 08:22:25.032, 2, 75313 MiB, 100 %, 601.49 W, 1965 MHz
2026/09/28 08:22:25.032, 3, 75313 MiB, 100 %, 594.03 W, 1965 MHz
2026/09/28 08:22:25.033, 4, 75313 MiB, 100 %, 586.41 W, 1965 MHz
2026/09/28 08:22:25.033, 5, 75313 MiB, 100 %, 592.66 W, 1965 MHz
2026/09/28 08:22:25.034, 6, 75313 MiB, 100 %, 603.98 W, 1965 MHz
2026/09/28 08:22:25.035, 7, 75313 MiB, 100 %, 570.40 W, 1965 MHz
2026/09/28 08:22:26.035, 0, 75313 MiB, 100 %, 617.28 W, 1545 MHz
2026/09/28 08:22:26.036, 1, 75313 MiB, 100 %, 616.27 W, 1965 MHz
2026/09/28 08:22:26.037, 2, 75313 MiB, 100 %, 620.85 W, 1935 MHz
2026/09/28 08:22:26.037, 3, 75313 MiB, 100 %, 629.03 W, 1965 MHz
2026/09/28 08:22:26.038, 4, 75313 MiB, 100 %, 608.48 W, 1920 MHz
2026/09/28 08:22:26.038, 5, 75313 MiB, 100 %, 621.06 W, 1770 MHz
2026/09/28 08:22:26.039, 6, 75313 MiB, 100 %, 616.73 W, 1950 MHz
2026/09/28 08:22:26.040, 7, 75313 MiB, 100 %, 595.51 W, 1965 MHz
2026/09/28 08:22:27.040, 0, 75313 MiB, 100 %, 577.67 W, 1635 MHz
2026/09/28 08:22:27.041, 1, 75313 MiB, 100 %, 606.57 W, 1845 MHz
2026/09/28 08:22:27.042, 2, 75313 MiB, 100 %, 613.55 W, 1860 MHz
2026/09/28 08:22:27.042, 3, 75313 MiB, 100 %, 609.82 W, 1920 MHz
2026/09/28 08:22:27.043, 4, 75313 MiB, 100 %, 585.30 W, 1965 MHz
2026/09/28 08:22:27.044, 5, 75313 MiB, 100 %, 603.93 W, 1935 MHz
2026/09/28 08:22:27.044, 6, 75313 MiB, 100 %, 607.53 W, 1770 MHz
2026/09/28 08:22:27.045, 7, 75313 MiB, 100 %, 579.90 W, 1875 MHz
2026/09/28 08:22:28.045, 0, 75313 MiB, 100 %, 494.31 W, 1965 MHz
2026/09/28 08:22:28.046, 1, 75313 MiB, 100 %, 548.43 W, 1980 MHz
2026/09/28 08:22:28.047, 2, 75313 MiB, 100 %, 550.19 W, 1980 MHz
2026/09/28 08:22:28.048, 3, 75313 MiB, 100 %, 557.64 W, 1980 MHz
2026/09/28 08:22:28.048, 4, 75313 MiB, 100 %, 526.31 W, 1980 MHz
2026/09/28 08:22:28.049, 5, 75313 MiB, 100 %, 532.37 W, 1980 MHz
2026/09/28 08:22:28.050, 6, 75313 MiB, 100 %, 554.02 W, 1980 MHz
2026/09/28 08:22:28.050, 7, 75313 MiB, 100 %, 536.94 W, 1980 MHz
2026/09/28 08:22:29.051, 0, 75313 MiB, 100 %, 521.38 W, 1815 MHz
2026/09/28 08:22:29.052, 1, 75313 MiB, 100 %, 500.37 W, 1980 MHz
2026/09/28 08:22:29.052, 2, 75313 MiB, 100 %, 507.85 W, 1980 MHz
2026/09/28 08:22:29.053, 3, 75313 MiB, 100 %, 486.52 W, 1980 MHz
2026/09/28 08:22:29.054, 4, 75313 MiB, 100 %, 484.65 W, 1980 MHz
2026/09/28 08:22:29.054, 5, 75313 MiB, 100 %, 485.74 W, 1980 MHz
2026/09/28 08:22:29.055, 6, 75313 MiB, 100 %, 511.68 W, 1980 MHz
2026/09/28 08:22:29.055, 7, 75313 MiB, 100 %, 460.70 W, 1980 MHz
2026/09/28 08:22:30.056, 0, 75313 MiB, 100 %, 535.02 W, 1665 MHz
2026/09/28 08:22:30.057, 1, 75313 MiB, 100 %, 539.85 W, 1980 MHz
2026/09/28 08:22:30.058, 2, 75313 MiB, 100 %, 551.51 W, 1980 MHz
2026/09/28 08:22:30.058, 3, 75313 MiB, 100 %, 535.35 W, 1980 MHz
2026/09/28 08:22:30.059, 4, 75313 MiB, 100 %, 513.00 W, 1980 MHz
2026/09/28 08:22:30.059, 5, 75313 MiB, 100 %, 534.88 W, 1980 MHz
2026/09/28 08:22:30.060, 6, 75313 MiB, 100 %, 556.85 W, 1980 MHz
2026/09/28 08:22:30.061, 7, 75313 MiB, 100 %, 521.62 W, 1980 MHz
2026/09/28 08:22:31.061, 0, 75313 MiB, 100 %, 508.94 W, 1410 MHz
2026/09/28 08:22:31.062, 1, 75313 MiB, 100 %, 558.35 W, 1980 MHz
2026/09/28 08:22:31.063, 2, 75313 MiB, 100 %, 578.99 W, 1980 MHz
2026/09/28 08:22:31.063, 3, 75313 MiB, 100 %, 542.48 W, 1980 MHz
2026/09/28 08:22:31.064, 4, 75313 MiB, 100 %, 543.16 W, 1980 MHz
2026/09/28 08:22:31.064, 5, 75313 MiB, 100 %, 561.15 W, 1980 MHz
2026/09/28 08:22:31.065, 6, 75313 MiB, 100 %, 585.83 W, 1980 MHz
2026/09/28 08:22:31.066, 7, 75313 MiB, 100 %, 547.18 W, 1980 MHz
2026/09/28 08:22:32.066, 0, 75313 MiB, 100 %, 515.77 W, 1890 MHz
2026/09/28 08:22:32.067, 1, 75313 MiB, 100 %, 599.32 W, 1935 MHz
2026/09/28 08:22:32.069, 2, 75313 MiB, 100 %, 601.72 W, 1935 MHz
2026/09/28 08:22:32.069, 3, 75313 MiB, 100 %, 585.29 W, 1965 MHz
2026/09/28 08:22:32.070, 4, 75313 MiB, 100 %, 557.31 W, 1965 MHz
2026/09/28 08:22:32.070, 5, 75313 MiB, 100 %, 574.56 W, 1965 MHz
2026/09/28 08:22:32.071, 6, 75313 MiB, 100 %, 602.77 W, 1950 MHz
2026/09/28 08:22:32.072, 7, 75313 MiB, 100 %, 574.46 W, 1965 MHz
2026/09/28 08:22:33.072, 0, 75313 MiB, 100 %, 527.82 W, 1605 MHz
2026/09/28 08:22:33.073, 1, 75313 MiB, 100 %, 592.93 W, 1965 MHz
2026/09/28 08:22:33.074, 2, 75313 MiB, 100 %, 598.28 W, 1965 MHz
2026/09/28 08:22:33.074, 3, 75313 MiB, 100 %, 580.48 W, 1965 MHz
2026/09/28 08:22:33.075, 4, 75313 MiB, 100 %, 577.73 W, 1890 MHz
2026/09/28 08:22:33.076, 5, 75313 MiB, 100 %, 570.50 W, 1965 MHz
2026/09/28 08:22:33.076, 6, 75313 MiB, 100 %, 607.27 W, 1965 MHz
2026/09/28 08:22:33.077, 7, 75313 MiB, 100 %, 555.87 W, 1965 MHz
2026/09/28 08:22:34.078, 0, 75313 MiB, 100 %, 521.18 W, 1410 MHz
2026/09/28 08:22:34.078, 1, 75313 MiB, 100 %, 598.64 W, 1965 MHz
2026/09/28 08:22:34.079, 2, 75313 MiB, 100 %, 608.49 W, 1965 MHz
2026/09/28 08:22:34.080, 3, 75313 MiB, 100 %, 599.03 W, 1905 MHz
2026/09/28 08:22:34.080, 4, 75313 MiB, 100 %, 575.05 W, 1965 MHz
2026/09/28 08:22:34.081, 5, 75313 MiB, 100 %, 595.64 W, 1920 MHz
2026/09/28 08:22:34.082, 6, 75313 MiB, 100 %, 607.53 W, 1935 MHz
2026/09/28 08:22:34.082, 7, 75313 MiB, 100 %, 572.03 W, 1965 MHz
2026/09/28 08:22:35.083, 0, 75313 MiB, 100 %, 469.44 W, 1740 MHz
2026/09/28 08:22:35.084, 1, 75313 MiB, 100 %, 598.15 W, 1845 MHz
2026/09/28 08:22:35.085, 2, 75313 MiB, 100 %, 590.24 W, 1935 MHz
2026/09/28 08:22:35.085, 3, 75313 MiB, 100 %, 591.61 W, 1905 MHz
2026/09/28 08:22:35.086, 4, 75313 MiB, 100 %, 570.55 W, 1920 MHz
2026/09/28 08:22:35.087, 5, 75313 MiB, 100 %, 573.43 W, 1965 MHz
2026/09/28 08:22:35.087, 6, 75313 MiB, 100 %, 590.03 W, 1965 MHz
2026/09/28 08:22:35.088, 7, 75313 MiB, 100 %, 569.75 W, 1875 MHz
2026/09/28 08:22:36.089, 0, 75313 MiB, 100 %, 531.90 W, 1380 MHz
2026/09/28 08:22:36.089, 1, 75313 MiB, 100 %, 589.23 W, 1935 MHz
2026/09/28 08:22:36.090, 2, 75313 MiB, 100 %, 607.60 W, 1875 MHz
2026/09/28 08:22:36.091, 3, 75313 MiB, 100 %, 601.21 W, 1965 MHz
2026/09/28 08:22:36.091, 4, 75313 MiB, 100 %, 576.40 W, 1830 MHz
2026/09/28 08:22:36.092, 5, 75313 MiB, 100 %, 593.82 W, 1965 MHz
2026/09/28 08:22:36.093, 6, 75313 MiB, 100 %, 613.20 W, 1875 MHz
2026/09/28 08:22:36.093, 7, 75313 MiB, 100 %, 578.82 W, 1965 MHz
2026/09/28 08:22:37.094, 0, 75313 MiB, 100 %, 530.40 W, 1350 MHz
2026/09/28 08:22:37.095, 1, 75313 MiB, 100 %, 613.96 W, 1785 MHz
2026/09/28 08:22:37.096, 2, 75313 MiB, 100 %, 609.03 W, 1740 MHz
2026/09/28 08:22:37.096, 3, 75313 MiB, 100 %, 607.59 W, 1965 MHz
2026/09/28 08:22:37.097, 4, 75313 MiB, 100 %, 577.42 W, 1965 MHz
2026/09/28 08:22:37.098, 5, 75313 MiB, 100 %, 590.10 W, 1950 MHz
2026/09/28 08:22:37.098, 6, 75313 MiB, 100 %, 612.65 W, 1875 MHz
2026/09/28 08:22:37.099, 7, 75313 MiB, 100 %, 602.89 W, 1890 MHz
2026/09/28 08:22:38.100, 0, 75313 MiB, 100 %, 541.85 W, 1965 MHz
2026/09/28 08:22:38.101, 1, 75313 MiB, 100 %, 561.84 W, 1965 MHz
2026/09/28 08:22:38.101, 2, 75313 MiB, 100 %, 582.41 W, 1965 MHz
2026/09/28 08:22:38.102, 3, 75313 MiB, 100 %, 572.96 W, 1965 MHz
2026/09/28 08:22:38.103, 4, 75313 MiB, 100 %, 542.56 W, 1965 MHz
2026/09/28 08:22:38.103, 5, 75313 MiB, 100 %, 566.19 W, 1965 MHz
2026/09/28 08:22:38.104, 6, 75313 MiB, 100 %, 597.77 W, 1965 MHz
2026/09/28 08:22:38.104, 7, 75313 MiB, 100 %, 539.10 W, 1965 MHz
2026/09/28 08:22:39.105, 0, 75313 MiB, 100 %, 531.97 W, 1965 MHz
2026/09/28 08:22:39.106, 1, 75313 MiB, 100 %, 487.58 W, 1980 MHz
2026/09/28 08:22:39.107, 2, 75313 MiB, 100 %, 497.62 W, 1980 MHz
2026/09/28 08:22:39.107, 3, 75313 MiB, 100 %, 479.21 W, 1980 MHz
2026/09/28 08:22:39.108, 4, 75313 MiB, 100 %, 470.04 W, 1980 MHz
2026/09/28 08:22:39.109, 5, 75313 MiB, 100 %, 477.87 W, 1980 MHz
2026/09/28 08:22:39.109, 6, 75313 MiB, 100 %, 496.39 W, 1980 MHz
2026/09/28 08:22:39.110, 7, 75313 MiB, 100 %, 477.37 W, 1980 MHz
2026/09/28 08:22:40.110, 0, 75313 MiB, 100 %, 553.55 W, 1785 MHz
2026/09/28 08:22:40.113, 1, 75313 MiB, 100 %, 537.55 W, 1980 MHz
2026/09/28 08:22:40.114, 2, 75313 MiB, 100 %, 551.21 W, 1980 MHz
2026/09/28 08:22:40.116, 3, 75313 MiB, 100 %, 529.96 W, 1980 MHz
2026/09/28 08:22:40.117, 4, 75313 MiB, 100 %, 521.55 W, 1980 MHz
2026/09/28 08:22:40.118, 5, 75313 MiB, 100 %, 527.59 W, 1980 MHz
2026/09/28 08:22:40.120, 6, 75313 MiB, 100 %, 548.85 W, 1980 MHz
2026/09/28 08:22:40.121, 7, 75313 MiB, 100 %, 514.16 W, 1980 MHz
2026/09/28 08:22:41.122, 0, 75313 MiB, 100 %, 512.66 W, 1440 MHz
2026/09/28 08:22:41.123, 1, 75313 MiB, 100 %, 559.21 W, 1980 MHz
2026/09/28 08:22:41.124, 2, 75313 MiB, 100 %, 561.08 W, 1965 MHz
2026/09/28 08:22:41.124, 3, 75313 MiB, 100 %, 554.64 W, 1980 MHz
2026/09/28 08:22:41.125, 4, 75313 MiB, 100 %, 550.45 W, 1980 MHz
2026/09/28 08:22:41.126, 5, 75313 MiB, 100 %, 552.08 W, 1980 MHz
2026/09/28 08:22:41.126, 6, 75313 MiB, 100 %, 572.51 W, 1980 MHz
2026/09/28 08:22:41.127, 7, 75313 MiB, 100 %, 533.69 W, 1980 MHz
2026/09/28 08:22:42.128, 0, 75313 MiB, 100 %, 561.39 W, 1905 MHz
2026/09/28 08:22:42.130, 1, 75313 MiB, 100 %, 580.31 W, 1965 MHz
2026/09/28 08:22:42.131, 2, 75313 MiB, 100 %, 589.41 W, 1980 MHz
2026/09/28 08:22:42.131, 3, 75313 MiB, 100 %, 570.99 W, 1965 MHz
2026/09/28 08:22:42.133, 4, 75313 MiB, 100 %, 567.62 W, 1950 MHz
2026/09/28 08:22:42.134, 5, 75313 MiB, 100 %, 573.59 W, 1935 MHz
2026/09/28 08:22:42.135, 6, 75313 MiB, 100 %, 589.43 W, 1965 MHz
2026/09/28 08:22:42.137, 7, 75313 MiB, 100 %, 550.09 W, 1980 MHz
2026/09/28 08:22:43.138, 0, 75313 MiB, 100 %, 534.73 W, 1635 MHz
2026/09/28 08:22:43.139, 1, 75313 MiB, 100 %, 574.54 W, 1980 MHz
2026/09/28 08:22:43.140, 2, 75313 MiB, 100 %, 597.69 W, 1980 MHz
2026/09/28 08:22:43.141, 3, 75313 MiB, 100 %, 576.45 W, 1965 MHz
2026/09/28 08:22:43.141, 4, 75313 MiB, 100 %, 558.07 W, 1965 MHz
2026/09/28 08:22:43.142, 5, 75313 MiB, 100 %, 586.26 W, 1950 MHz
2026/09/28 08:22:43.143, 6, 75313 MiB, 100 %, 594.38 W, 1980 MHz
2026/09/28 08:22:43.144, 7, 75313 MiB, 100 %, 554.49 W, 1980 MHz
2026/09/28 08:22:44.144, 0, 75313 MiB, 100 %, 509.86 W, 1335 MHz
2026/09/28 08:22:44.145, 1, 75313 MiB, 100 %, 571.77 W, 1875 MHz
2026/09/28 08:22:44.146, 2, 75313 MiB, 100 %, 592.96 W, 1875 MHz
2026/09/28 08:22:44.147, 3, 75313 MiB, 100 %, 596.68 W, 1860 MHz
2026/09/28 08:22:44.147, 4, 75313 MiB, 100 %, 575.54 W, 1965 MHz
2026/09/28 08:22:44.148, 5, 75313 MiB, 100 %, 602.89 W, 1965 MHz
2026/09/28 08:22:44.149, 6, 75313 MiB, 100 %, 599.14 W, 1860 MHz
2026/09/28 08:22:44.150, 7, 75313 MiB, 100 %, 557.41 W, 1935 MHz
2026/09/28 08:22:45.150, 0, 75313 MiB, 100 %, 547.71 W, 1575 MHz
2026/09/28 08:22:45.152, 1, 75313 MiB, 100 %, 593.37 W, 1965 MHz
2026/09/28 08:22:45.152, 2, 75313 MiB, 100 %, 587.32 W, 1965 MHz
2026/09/28 08:22:45.153, 3, 75313 MiB, 100 %, 601.79 W, 1920 MHz
2026/09/28 08:22:45.153, 4, 75313 MiB, 100 %, 594.55 W, 1920 MHz
2026/09/28 08:22:45.154, 5, 75313 MiB, 100 %, 595.83 W, 1905 MHz
2026/09/28 08:22:45.155, 6, 75313 MiB, 100 %, 607.78 W, 1965 MHz
2026/09/28 08:22:45.155, 7, 75313 MiB, 100 %, 573.00 W, 1965 MHz
2026/09/28 08:22:46.156, 0, 75313 MiB, 100 %, 494.13 W, 1260 MHz
2026/09/28 08:22:46.157, 1, 75313 MiB, 100 %, 588.57 W, 1905 MHz
2026/09/28 08:22:46.158, 2, 75313 MiB, 100 %, 587.86 W, 1965 MHz
2026/09/28 08:22:46.158, 3, 75313 MiB, 100 %, 581.06 W, 1950 MHz
2026/09/28 08:22:46.159, 4, 75313 MiB, 100 %, 566.40 W, 1965 MHz
2026/09/28 08:22:46.160, 5, 75313 MiB, 100 %, 574.32 W, 1965 MHz
2026/09/28 08:22:46.160, 6, 75313 MiB, 100 %, 585.77 W, 1920 MHz
2026/09/28 08:22:46.161, 7, 75313 MiB, 100 %, 560.14 W, 1965 MHz
2026/09/28 08:22:47.162, 0, 75313 MiB, 100 %, 535.38 W, 1560 MHz
2026/09/28 08:22:47.163, 1, 75313 MiB, 100 %, 604.36 W, 1965 MHz
2026/09/28 08:22:47.164, 2, 75313 MiB, 100 %, 609.47 W, 1890 MHz
2026/09/28 08:22:47.164, 3, 75313 MiB, 100 %, 621.36 W, 1875 MHz
2026/09/28 08:22:47.165, 4, 75313 MiB, 100 %, 598.48 W, 1875 MHz
2026/09/28 08:22:47.165, 5, 75313 MiB, 100 %, 612.82 W, 1770 MHz
2026/09/28 08:22:47.166, 6, 75313 MiB, 100 %, 608.60 W, 1950 MHz
2026/09/28 08:22:47.167, 7, 75313 MiB, 100 %, 584.31 W, 1965 MHz
2026/09/28 08:22:48.167, 0, 75313 MiB, 100 %, 488.25 W, 1395 MHz
2026/09/28 08:22:48.168, 1, 75313 MiB, 100 %, 601.22 W, 1950 MHz
2026/09/28 08:22:48.169, 2, 75313 MiB, 100 %, 599.33 W, 1950 MHz
2026/09/28 08:22:48.170, 3, 75313 MiB, 100 %, 590.60 W, 1875 MHz
2026/09/28 08:22:48.171, 4, 75313 MiB, 100 %, 582.64 W, 1965 MHz
2026/09/28 08:22:48.172, 5, 75313 MiB, 100 %, 594.04 W, 1860 MHz
2026/09/28 08:22:48.172, 6, 75313 MiB, 100 %, 600.92 W, 1845 MHz
2026/09/28 08:22:48.173, 7, 75313 MiB, 100 %, 581.53 W, 1965 MHz
2026/09/28 08:22:49.174, 0, 75313 MiB, 100 %, 488.70 W, 1725 MHz
2026/09/28 08:22:49.175, 1, 75313 MiB, 100 %, 481.50 W, 1980 MHz
2026/09/28 08:22:49.176, 2, 75313 MiB, 100 %, 493.96 W, 1980 MHz
2026/09/28 08:22:49.176, 3, 75313 MiB, 100 %, 483.47 W, 1980 MHz
2026/09/28 08:22:49.177, 4, 75313 MiB, 100 %, 464.12 W, 1980 MHz
2026/09/28 08:22:49.178, 5, 75313 MiB, 100 %, 478.86 W, 1980 MHz
2026/09/28 08:22:49.179, 6, 75313 MiB, 100 %, 503.98 W, 1980 MHz
2026/09/28 08:22:49.179, 7, 75313 MiB, 100 %, 466.54 W, 1980 MHz
2026/09/28 08:22:50.180, 0, 75313 MiB, 100 %, 501.92 W, 1665 MHz
2026/09/28 08:22:50.181, 1, 75313 MiB, 100 %, 520.08 W, 1980 MHz
2026/09/28 08:22:50.182, 2, 75313 MiB, 100 %, 534.12 W, 1980 MHz
2026/09/28 08:22:50.183, 3, 75313 MiB, 100 %, 514.91 W, 1980 MHz
2026/09/28 08:22:50.184, 4, 75313 MiB, 100 %, 507.22 W, 1980 MHz
2026/09/28 08:22:50.184, 5, 75313 MiB, 100 %, 512.89 W, 1980 MHz
2026/09/28 08:22:50.185, 6, 75313 MiB, 100 %, 534.13 W, 1980 MHz
2026/09/28 08:22:50.186, 7, 75313 MiB, 100 %, 489.50 W, 1980 MHz
2026/09/28 08:22:51.187, 0, 75313 MiB, 100 %, 506.93 W, 1785 MHz
2026/09/28 08:22:51.187, 1, 75313 MiB, 100 %, 554.81 W, 1980 MHz
2026/09/28 08:22:51.188, 2, 75313 MiB, 100 %, 549.74 W, 1980 MHz
2026/09/28 08:22:51.189, 3, 75313 MiB, 100 %, 542.15 W, 1965 MHz
2026/09/28 08:22:51.190, 4, 75313 MiB, 100 %, 537.61 W, 1980 MHz
2026/09/28 08:22:51.190, 5, 75313 MiB, 100 %, 544.10 W, 1980 MHz
2026/09/28 08:22:51.191, 6, 75313 MiB, 100 %, 563.70 W, 1980 MHz
2026/09/28 08:22:51.192, 7, 75313 MiB, 100 %, 517.89 W, 1980 MHz
2026/09/28 08:22:52.193, 0, 75313 MiB, 100 %, 527.12 W, 1320 MHz
2026/09/28 08:22:52.194, 1, 75313 MiB, 100 %, 573.83 W, 1980 MHz
2026/09/28 08:22:52.194, 2, 75313 MiB, 100 %, 585.83 W, 1965 MHz
2026/09/28 08:22:52.195, 3, 75313 MiB, 100 %, 573.38 W, 1875 MHz
2026/09/28 08:22:52.196, 4, 75313 MiB, 100 %, 567.02 W, 1980 MHz
2026/09/28 08:22:52.197, 5, 75313 MiB, 100 %, 559.71 W, 1980 MHz
2026/09/28 08:22:52.197, 6, 75313 MiB, 100 %, 586.03 W, 1980 MHz
2026/09/28 08:22:52.198, 7, 75313 MiB, 100 %, 542.00 W, 1980 MHz
2026/09/28 08:22:53.199, 0, 75313 MiB, 100 %, 465.61 W, 1860 MHz
2026/09/28 08:22:53.200, 1, 75313 MiB, 100 %, 568.06 W, 1965 MHz
2026/09/28 08:22:53.201, 2, 75313 MiB, 100 %, 580.35 W, 1935 MHz
2026/09/28 08:22:53.201, 3, 75313 MiB, 100 %, 569.99 W, 1890 MHz
2026/09/28 08:22:53.202, 4, 75313 MiB, 100 %, 559.04 W, 1980 MHz
2026/09/28 08:22:53.203, 5, 75313 MiB, 100 %, 570.05 W, 1965 MHz
2026/09/28 08:22:53.203, 6, 75313 MiB, 100 %, 582.92 W, 1890 MHz
2026/09/28 08:22:53.204, 7, 75313 MiB, 100 %, 540.94 W, 1965 MHz
2026/09/28 08:22:54.205, 0, 75313 MiB, 100 %, 520.77 W, 1275 MHz
2026/09/28 08:22:54.206, 1, 75313 MiB, 100 %, 570.98 W, 1965 MHz
2026/09/28 08:22:54.206, 2, 75313 MiB, 100 %, 573.02 W, 1965 MHz
2026/09/28 08:22:54.207, 3, 75313 MiB, 100 %, 570.48 W, 1965 MHz
2026/09/28 08:22:54.208, 4, 75313 MiB, 100 %, 575.79 W, 1935 MHz
2026/09/28 08:22:54.209, 5, 75313 MiB, 100 %, 580.46 W, 1860 MHz
2026/09/28 08:22:54.209, 6, 75313 MiB, 100 %, 583.15 W, 1935 MHz
2026/09/28 08:22:54.210, 7, 75313 MiB, 100 %, 558.53 W, 1965 MHz
2026/09/28 08:22:55.211, 0, 75313 MiB, 100 %, 515.86 W, 1470 MHz
2026/09/28 08:22:55.212, 1, 75313 MiB, 100 %, 597.79 W, 1860 MHz
2026/09/28 08:22:55.213, 2, 75313 MiB, 100 %, 605.22 W, 1965 MHz
2026/09/28 08:22:55.213, 3, 75313 MiB, 100 %, 615.97 W, 1965 MHz
2026/09/28 08:22:55.214, 4, 75313 MiB, 100 %, 554.91 W, 1965 MHz
2026/09/28 08:22:55.215, 5, 75313 MiB, 100 %, 588.10 W, 1965 MHz
2026/09/28 08:22:55.215, 6, 75313 MiB, 100 %, 611.34 W, 1860 MHz
2026/09/28 08:22:55.216, 7, 75313 MiB, 100 %, 573.40 W, 1905 MHz
2026/09/28 08:22:56.217, 0, 75313 MiB, 100 %, 527.85 W, 1590 MHz
2026/09/28 08:22:56.218, 1, 75313 MiB, 100 %, 594.00 W, 1935 MHz
2026/09/28 08:22:56.218, 2, 75313 MiB, 100 %, 601.30 W, 1860 MHz
2026/09/28 08:22:56.219, 3, 75313 MiB, 100 %, 599.38 W, 1950 MHz
2026/09/28 08:22:56.220, 4, 75313 MiB, 100 %, 593.25 W, 1965 MHz
2026/09/28 08:22:56.220, 5, 75313 MiB, 100 %, 606.02 W, 1965 MHz
2026/09/28 08:22:56.221, 6, 75313 MiB, 100 %, 614.72 W, 1965 MHz
2026/09/28 08:22:56.222, 7, 75313 MiB, 100 %, 570.84 W, 1950 MHz
2026/09/28 08:22:57.222, 0, 75313 MiB, 100 %, 485.73 W, 1335 MHz
2026/09/28 08:22:57.223, 1, 75313 MiB, 100 %, 598.91 W, 1875 MHz
2026/09/28 08:22:57.224, 2, 75313 MiB, 100 %, 597.97 W, 1845 MHz
2026/09/28 08:22:57.225, 3, 75313 MiB, 100 %, 595.62 W, 1785 MHz
2026/09/28 08:22:57.226, 4, 75313 MiB, 100 %, 589.63 W, 1950 MHz
2026/09/28 08:22:57.226, 5, 75313 MiB, 100 %, 591.81 W, 1890 MHz
2026/09/28 08:22:57.227, 6, 75313 MiB, 100 %, 594.61 W, 1905 MHz
2026/09/28 08:22:57.228, 7, 75313 MiB, 100 %, 581.74 W, 1920 MHz
2026/09/28 08:22:58.228, 0, 75313 MiB, 100 %, 549.79 W, 1545 MHz
2026/09/28 08:22:58.229, 1, 75313 MiB, 100 %, 615.29 W, 1965 MHz
2026/09/28 08:22:58.230, 2, 75313 MiB, 100 %, 612.15 W, 1920 MHz
2026/09/28 08:22:58.231, 3, 75313 MiB, 100 %, 608.81 W, 1845 MHz
2026/09/28 08:22:58.231, 4, 75313 MiB, 100 %, 597.74 W, 1920 MHz
2026/09/28 08:22:58.232, 5, 75313 MiB, 100 %, 592.13 W, 1845 MHz
2026/09/28 08:22:58.233, 6, 75313 MiB, 100 %, 618.10 W, 1860 MHz
2026/09/28 08:22:58.234, 7, 75313 MiB, 100 %, 594.92 W, 1950 MHz
2026/09/28 08:22:59.234, 0, 75313 MiB, 100 %, 531.64 W, 1980 MHz
2026/09/28 08:22:59.235, 1, 75313 MiB, 100 %, 538.89 W, 1980 MHz
2026/09/28 08:22:59.236, 2, 75313 MiB, 100 %, 542.70 W, 1980 MHz
2026/09/28 08:22:59.237, 3, 75313 MiB, 100 %, 535.13 W, 1980 MHz
2026/09/28 08:22:59.237, 4, 75313 MiB, 100 %, 504.25 W, 1980 MHz
2026/09/28 08:22:59.238, 5, 75313 MiB, 100 %, 511.57 W, 1980 MHz
2026/09/28 08:22:59.239, 6, 75313 MiB, 100 %, 543.07 W, 1980 MHz
2026/09/28 08:22:59.240, 7, 75313 MiB, 100 %, 506.09 W, 1980 MHz
2026/09/28 08:23:00.240, 0, 75313 MiB, 100 %, 544.94 W, 1845 MHz
2026/09/28 08:23:00.242, 1, 75313 MiB, 100 %, 509.15 W, 1980 MHz
2026/09/28 08:23:00.243, 2, 75313 MiB, 100 %, 518.19 W, 1980 MHz
2026/09/28 08:23:00.243, 3, 75313 MiB, 100 %, 512.02 W, 1980 MHz
2026/09/28 08:23:00.244, 4, 75313 MiB, 100 %, 492.34 W, 1980 MHz
2026/09/28 08:23:00.245, 5, 75313 MiB, 100 %, 503.43 W, 1980 MHz
2026/09/28 08:23:00.245, 6, 75313 MiB, 100 %, 541.14 W, 1980 MHz
2026/09/28 08:23:00.246, 7, 75313 MiB, 100 %, 477.24 W, 1980 MHz
2026/09/28 08:23:01.247, 0, 75313 MiB, 100 %, 474.92 W, 1440 MHz
2026/09/28 08:23:01.248, 1, 75313 MiB, 100 %, 530.78 W, 1980 MHz
2026/09/28 08:23:01.248, 2, 75313 MiB, 100 %, 549.67 W, 1980 MHz
2026/09/28 08:23:01.249, 3, 75313 MiB, 100 %, 533.59 W, 1980 MHz
2026/09/28 08:23:01.250, 4, 75313 MiB, 100 %, 516.37 W, 1980 MHz
2026/09/28 08:23:01.250, 5, 75313 MiB, 100 %, 533.26 W, 1980 MHz
2026/09/28 08:23:01.251, 6, 75313 MiB, 100 %, 562.04 W, 1980 MHz
2026/09/28 08:23:01.251, 7, 75313 MiB, 100 %, 504.33 W, 1980 MHz
2026/09/28 08:23:02.252, 0, 75313 MiB, 100 %, 468.47 W, 1410 MHz
2026/09/28 08:23:02.253, 1, 75313 MiB, 100 %, 549.12 W, 1980 MHz
2026/09/28 08:23:02.254, 2, 75313 MiB, 100 %, 555.22 W, 1980 MHz
2026/09/28 08:23:02.255, 3, 75313 MiB, 100 %, 536.78 W, 1980 MHz
2026/09/28 08:23:02.255, 4, 75313 MiB, 100 %, 522.88 W, 1980 MHz
2026/09/28 08:23:02.256, 5, 75313 MiB, 100 %, 540.01 W, 1980 MHz
2026/09/28 08:23:02.257, 6, 75313 MiB, 100 %, 566.87 W, 1965 MHz
2026/09/28 08:23:02.257, 7, 75313 MiB, 100 %, 524.52 W, 1980 MHz
2026/09/28 08:23:03.258, 0, 75313 MiB, 100 %, 491.18 W, 1620 MHz
2026/09/28 08:23:03.259, 1, 75313 MiB, 100 %, 580.70 W, 1965 MHz
2026/09/28 08:23:03.260, 2, 75313 MiB, 100 %, 604.39 W, 1965 MHz
2026/09/28 08:23:03.260, 3, 75313 MiB, 100 %, 580.59 W, 1965 MHz
2026/09/28 08:23:03.261, 4, 75313 MiB, 100 %, 546.09 W, 1980 MHz
2026/09/28 08:23:03.262, 5, 75313 MiB, 100 %, 578.05 W, 1980 MHz
2026/09/28 08:23:03.263, 6, 75313 MiB, 100 %, 603.24 W, 1965 MHz
2026/09/28 08:23:03.263, 7, 75313 MiB, 100 %, 551.43 W, 1980 MHz
2026/09/28 08:23:04.264, 0, 75313 MiB, 100 %, 505.26 W, 1575 MHz
2026/09/28 08:23:04.265, 1, 75313 MiB, 100 %, 585.55 W, 1965 MHz
2026/09/28 08:23:04.266, 2, 75313 MiB, 100 %, 594.11 W, 1950 MHz
2026/09/28 08:23:04.266, 3, 75313 MiB, 100 %, 575.66 W, 1965 MHz
2026/09/28 08:23:04.267, 4, 75313 MiB, 100 %, 570.30 W, 1965 MHz
2026/09/28 08:23:04.268, 5, 75313 MiB, 100 %, 581.85 W, 1965 MHz
2026/09/28 08:23:04.268, 6, 75313 MiB, 100 %, 603.72 W, 1965 MHz
2026/09/28 08:23:04.269, 7, 75313 MiB, 100 %, 552.70 W, 1965 MHz
2026/09/28 08:23:05.270, 0, 75313 MiB, 100 %, 523.67 W, 1620 MHz
2026/09/28 08:23:05.271, 1, 75313 MiB, 100 %, 606.64 W, 1965 MHz
2026/09/28 08:23:05.272, 2, 75313 MiB, 100 %, 598.42 W, 1875 MHz
2026/09/28 08:23:05.272, 3, 75313 MiB, 100 %, 609.68 W, 1965 MHz
2026/09/28 08:23:05.273, 4, 75313 MiB, 100 %, 577.94 W, 1965 MHz
2026/09/28 08:23:05.274, 5, 75313 MiB, 100 %, 597.96 W, 1965 MHz
2026/09/28 08:23:05.274, 6, 75313 MiB, 100 %, 611.09 W, 1965 MHz
2026/09/28 08:23:05.275, 7, 75313 MiB, 100 %, 576.88 W, 1965 MHz
2026/09/28 08:23:06.276, 0, 75313 MiB, 100 %, 529.21 W, 1410 MHz
2026/09/28 08:23:06.277, 1, 75313 MiB, 100 %, 615.64 W, 1950 MHz
2026/09/28 08:23:06.277, 2, 75313 MiB, 100 %, 609.15 W, 1920 MHz
2026/09/28 08:23:06.278, 3, 75313 MiB, 100 %, 594.80 W, 1905 MHz
2026/09/28 08:23:06.279, 4, 75313 MiB, 100 %, 594.14 W, 1935 MHz
2026/09/28 08:23:06.279, 5, 75313 MiB, 100 %, 602.14 W, 1905 MHz
2026/09/28 08:23:06.280, 6, 75313 MiB, 100 %, 602.03 W, 1905 MHz
2026/09/28 08:23:06.281, 7, 75313 MiB, 100 %, 578.73 W, 1950 MHz
2026/09/28 08:23:07.281, 0, 75313 MiB, 100 %, 494.71 W, 1320 MHz
2026/09/28 08:23:07.282, 1, 75313 MiB, 100 %, 595.03 W, 1800 MHz
2026/09/28 08:23:07.283, 2, 75313 MiB, 100 %, 601.52 W, 1770 MHz
2026/09/28 08:23:07.284, 3, 75313 MiB, 100 %, 609.26 W, 1905 MHz
2026/09/28 08:23:07.285, 4, 75313 MiB, 100 %, 569.20 W, 1965 MHz
2026/09/28 08:23:07.285, 5, 75313 MiB, 100 %, 591.40 W, 1965 MHz
2026/09/28 08:23:07.286, 6, 75313 MiB, 100 %, 597.04 W, 1845 MHz
2026/09/28 08:23:07.287, 7, 75313 MiB, 100 %, 577.55 W, 1845 MHz
2026/09/28 08:23:08.288, 0, 75313 MiB, 100 %, 488.99 W, 1215 MHz
2026/09/28 08:23:08.289, 1, 75313 MiB, 100 %, 597.02 W, 1965 MHz
2026/09/28 08:23:08.289, 2, 75313 MiB, 100 %, 604.66 W, 1935 MHz
2026/09/28 08:23:08.290, 3, 75313 MiB, 100 %, 586.34 W, 1950 MHz
2026/09/28 08:23:08.291, 4, 75313 MiB, 100 %, 571.44 W, 1965 MHz
2026/09/28 08:23:08.292, 5, 75313 MiB, 100 %, 605.10 W, 1965 MHz
2026/09/28 08:23:08.292, 6, 75313 MiB, 100 %, 593.70 W, 1950 MHz
2026/09/28 08:23:08.293, 7, 75313 MiB, 100 %, 582.24 W, 1965 MHz
2026/09/28 08:23:09.294, 0, 75313 MiB, 100 %, 512.99 W, 1965 MHz
2026/09/28 08:23:09.295, 1, 75313 MiB, 100 %, 559.85 W, 1980 MHz
2026/09/28 08:23:09.295, 2, 75313 MiB, 100 %, 566.71 W, 1980 MHz
2026/09/28 08:23:09.296, 3, 75313 MiB, 100 %, 570.27 W, 1980 MHz
2026/09/28 08:23:09.297, 4, 75313 MiB, 100 %, 531.20 W, 1980 MHz
2026/09/28 08:23:09.297, 5, 75313 MiB, 100 %, 549.26 W, 1980 MHz
2026/09/28 08:23:09.298, 6, 75313 MiB, 100 %, 579.83 W, 1980 MHz
2026/09/28 08:23:09.299, 7, 75313 MiB, 100 %, 543.93 W, 1980 MHz
2026/09/28 08:23:10.299, 0, 75313 MiB, 100 %, 530.52 W, 1965 MHz
2026/09/28 08:23:10.301, 1, 75313 MiB, 100 %, 503.21 W, 1980 MHz
2026/09/28 08:23:10.301, 2, 75313 MiB, 100 %, 504.16 W, 1980 MHz
2026/09/28 08:23:10.302, 3, 75313 MiB, 100 %, 484.04 W, 1980 MHz
2026/09/28 08:23:10.303, 4, 75313 MiB, 100 %, 483.93 W, 1980 MHz
2026/09/28 08:23:10.303, 5, 75313 MiB, 100 %, 488.42 W, 1980 MHz
2026/09/28 08:23:10.304, 6, 75313 MiB, 100 %, 513.19 W, 1980 MHz
2026/09/28 08:23:10.305, 7, 75313 MiB, 100 %, 465.48 W, 1980 MHz
2026/09/28 08:23:11.305, 0, 75313 MiB, 100 %, 550.82 W, 1785 MHz
2026/09/28 08:23:11.306, 1, 75313 MiB, 100 %, 539.05 W, 1980 MHz
2026/09/28 08:23:11.307, 2, 75313 MiB, 100 %, 542.28 W, 1980 MHz
2026/09/28 08:23:11.307, 3, 75313 MiB, 100 %, 532.31 W, 1980 MHz
2026/09/28 08:23:11.308, 4, 75313 MiB, 100 %, 532.24 W, 1980 MHz
2026/09/28 08:23:11.309, 5, 75313 MiB, 100 %, 527.57 W, 1980 MHz
2026/09/28 08:23:11.309, 6, 75313 MiB, 100 %, 561.64 W, 1980 MHz
2026/09/28 08:23:11.310, 7, 75313 MiB, 100 %, 500.44 W, 1980 MHz
2026/09/28 08:23:12.311, 0, 75313 MiB, 100 %, 510.11 W, 1875 MHz
2026/09/28 08:23:12.312, 1, 75313 MiB, 100 %, 560.32 W, 1980 MHz
2026/09/28 08:23:12.313, 2, 75313 MiB, 100 %, 570.88 W, 1980 MHz
2026/09/28 08:23:12.314, 3, 75313 MiB, 100 %, 546.36 W, 1980 MHz
2026/09/28 08:23:12.314, 4, 75313 MiB, 100 %, 535.09 W, 1980 MHz
2026/09/28 08:23:12.315, 5, 75313 MiB, 100 %, 541.76 W, 1965 MHz
2026/09/28 08:23:12.316, 6, 75313 MiB, 100 %, 570.42 W, 1980 MHz
2026/09/28 08:23:12.316, 7, 75313 MiB, 100 %, 529.14 W, 1980 MHz
2026/09/28 08:23:13.317, 0, 75313 MiB, 100 %, 536.58 W, 1500 MHz
2026/09/28 08:23:13.318, 1, 75313 MiB, 100 %, 572.23 W, 1965 MHz
2026/09/28 08:23:13.319, 2, 75313 MiB, 100 %, 583.33 W, 1965 MHz
2026/09/28 08:23:13.319, 3, 75313 MiB, 100 %, 564.71 W, 1965 MHz
2026/09/28 08:23:13.320, 4, 75313 MiB, 100 %, 560.40 W, 1980 MHz
2026/09/28 08:23:13.320, 5, 75313 MiB, 100 %, 568.74 W, 1965 MHz
2026/09/28 08:23:13.321, 6, 75313 MiB, 100 %, 589.70 W, 1965 MHz
2026/09/28 08:23:13.322, 7, 75313 MiB, 100 %, 545.55 W, 1980 MHz
2026/09/28 08:23:14.322, 0, 75313 MiB, 100 %, 528.36 W, 1785 MHz
2026/09/28 08:23:14.323, 1, 75313 MiB, 100 %, 582.60 W, 1965 MHz
2026/09/28 08:23:14.324, 2, 75313 MiB, 100 %, 602.59 W, 1965 MHz
2026/09/28 08:23:14.325, 3, 75313 MiB, 100 %, 577.57 W, 1965 MHz
2026/09/28 08:23:14.326, 4, 75313 MiB, 100 %, 557.42 W, 1935 MHz
2026/09/28 08:23:14.326, 5, 75313 MiB, 100 %, 573.53 W, 1965 MHz
2026/09/28 08:23:14.327, 6, 75313 MiB, 100 %, 607.06 W, 1965 MHz
2026/09/28 08:23:14.328, 7, 75313 MiB, 100 %, 561.03 W, 1965 MHz
2026/09/28 08:23:15.328, 0, 75313 MiB, 100 %, 536.26 W, 1320 MHz
2026/09/28 08:23:15.329, 1, 75313 MiB, 100 %, 589.35 W, 1965 MHz
2026/09/28 08:23:15.330, 2, 75313 MiB, 100 %, 601.84 W, 1965 MHz
2026/09/28 08:23:15.331, 3, 75313 MiB, 100 %, 601.36 W, 1965 MHz
2026/09/28 08:23:15.332, 4, 75313 MiB, 100 %, 577.03 W, 1890 MHz
2026/09/28 08:23:15.332, 5, 75313 MiB, 100 %, 601.40 W, 1905 MHz
2026/09/28 08:23:15.333, 6, 75313 MiB, 100 %, 617.90 W, 1965 MHz
2026/09/28 08:23:15.334, 7, 75313 MiB, 100 %, 574.93 W, 1965 MHz
2026/09/28 08:23:16.334, 0, 75313 MiB, 100 %, 521.44 W, 1335 MHz
2026/09/28 08:23:16.335, 1, 75313 MiB, 100 %, 591.71 W, 1965 MHz
2026/09/28 08:23:16.336, 2, 75313 MiB, 100 %, 590.88 W, 1950 MHz
2026/09/28 08:23:16.337, 3, 75313 MiB, 100 %, 606.74 W, 1965 MHz
2026/09/28 08:23:16.337, 4, 75313 MiB, 100 %, 582.36 W, 1935 MHz
2026/09/28 08:23:16.338, 5, 75313 MiB, 100 %, 605.90 W, 1845 MHz
2026/09/28 08:23:16.339, 6, 75313 MiB, 100 %, 593.80 W, 1965 MHz
2026/09/28 08:23:16.339, 7, 75313 MiB, 100 %, 567.36 W, 1965 MHz
2026/09/28 08:23:17.340, 0, 75313 MiB, 100 %, 468.40 W, 1320 MHz
2026/09/28 08:23:17.341, 1, 75313 MiB, 100 %, 583.75 W, 1935 MHz
2026/09/28 08:23:17.342, 2, 75313 MiB, 100 %, 591.21 W, 1950 MHz
2026/09/28 08:23:17.342, 3, 75313 MiB, 100 %, 590.36 W, 1755 MHz
2026/09/28 08:23:17.343, 4, 75313 MiB, 100 %, 577.70 W, 1965 MHz
2026/09/28 08:23:17.344, 5, 75313 MiB, 100 %, 577.41 W, 1905 MHz
2026/09/28 08:23:17.344, 6, 75313 MiB, 100 %, 593.63 W, 1785 MHz
2026/09/28 08:23:17.345, 7, 75313 MiB, 100 %, 564.77 W, 1935 MHz
2026/09/28 08:23:18.346, 0, 75313 MiB, 100 %, 469.89 W, 1365 MHz
2026/09/28 08:23:18.347, 1, 75313 MiB, 100 %, 590.58 W, 1935 MHz
2026/09/28 08:23:18.348, 2, 75313 MiB, 100 %, 587.58 W, 1950 MHz
2026/09/28 08:23:18.348, 3, 75313 MiB, 100 %, 599.18 W, 1770 MHz
2026/09/28 08:23:18.349, 4, 75313 MiB, 100 %, 578.08 W, 1935 MHz
2026/09/28 08:23:18.350, 5, 75313 MiB, 100 %, 580.33 W, 1920 MHz
2026/09/28 08:23:18.350, 6, 75313 MiB, 100 %, 593.95 W, 1845 MHz
2026/09/28 08:23:18.351, 7, 75313 MiB, 100 %, 569.79 W, 1965 MHz
2026/09/28 08:23:19.352, 0, 75313 MiB, 100 %, 481.52 W, 1365 MHz
2026/09/28 08:23:19.353, 1, 75313 MiB, 100 %, 599.54 W, 1965 MHz
2026/09/28 08:23:19.354, 2, 75313 MiB, 100 %, 601.95 W, 1920 MHz
2026/09/28 08:23:19.354, 3, 75313 MiB, 100 %, 588.82 W, 1950 MHz
2026/09/28 08:23:19.355, 4, 75313 MiB, 100 %, 579.43 W, 1920 MHz
2026/09/28 08:23:19.356, 5, 75313 MiB, 100 %, 598.41 W, 1785 MHz
2026/09/28 08:23:19.356, 6, 75313 MiB, 100 %, 604.47 W, 1875 MHz
2026/09/28 08:23:19.357, 7, 75313 MiB, 100 %, 575.81 W, 1965 MHz
2026/09/28 08:23:20.358, 0, 75313 MiB, 93 %, 549.76 W, 1965 MHz
2026/09/28 08:23:20.359, 1, 75313 MiB, 100 %, 508.53 W, 1980 MHz
2026/09/28 08:23:20.360, 2, 75313 MiB, 100 %, 512.29 W, 1980 MHz
2026/09/28 08:23:20.360, 3, 75313 MiB, 92 %, 508.42 W, 1980 MHz
2026/09/28 08:23:20.361, 4, 75313 MiB, 93 %, 491.04 W, 1980 MHz
2026/09/28 08:23:20.362, 5, 75313 MiB, 100 %, 496.74 W, 1980 MHz
2026/09/28 08:23:20.362, 6, 75313 MiB, 93 %, 514.42 W, 1980 MHz
2026/09/28 08:23:20.363, 7, 75313 MiB, 100 %, 499.46 W, 1980 MHz
2026/09/28 08:23:21.364, 0, 75313 MiB, 100 %, 504.92 W, 1860 MHz
2026/09/28 08:23:21.365, 1, 75313 MiB, 100 %, 456.17 W, 1980 MHz
2026/09/28 08:23:21.366, 2, 75313 MiB, 100 %, 477.65 W, 1980 MHz
2026/09/28 08:23:21.366, 3, 75313 MiB, 100 %, 455.23 W, 1980 MHz
2026/09/28 08:23:21.367, 4, 75313 MiB, 100 %, 434.07 W, 1980 MHz
2026/09/28 08:23:21.368, 5, 75313 MiB, 100 %, 461.70 W, 1980 MHz
2026/09/28 08:23:21.369, 6, 75313 MiB, 100 %, 471.34 W, 1980 MHz
2026/09/28 08:23:21.369, 7, 75313 MiB, 100 %, 441.10 W, 1980 MHz
2026/09/28 08:23:22.370, 0, 75313 MiB, 100 %, 520.89 W, 1680 MHz
2026/09/28 08:23:22.372, 1, 75313 MiB, 100 %, 512.97 W, 1980 MHz
2026/09/28 08:23:22.372, 2, 75313 MiB, 100 %, 518.72 W, 1980 MHz
2026/09/28 08:23:22.373, 3, 75313 MiB, 100 %, 489.62 W, 1980 MHz
2026/09/28 08:23:22.374, 4, 75313 MiB, 100 %, 481.71 W, 1980 MHz
2026/09/28 08:23:22.375, 5, 75313 MiB, 100 %, 512.97 W, 1980 MHz
2026/09/28 08:23:22.375, 6, 75313 MiB, 100 %, 536.38 W, 1980 MHz
2026/09/28 08:23:22.376, 7, 75313 MiB, 100 %, 477.83 W, 1980 MHz
2026/09/28 08:23:23.377, 0, 75313 MiB, 100 %, 520.10 W, 1695 MHz
2026/09/28 08:23:23.378, 1, 75313 MiB, 100 %, 548.91 W, 1980 MHz
2026/09/28 08:23:23.378, 2, 75313 MiB, 100 %, 558.33 W, 1980 MHz
2026/09/28 08:23:23.379, 3, 75313 MiB, 100 %, 537.62 W, 1980 MHz
2026/09/28 08:23:23.380, 4, 75313 MiB, 100 %, 536.23 W, 1980 MHz
2026/09/28 08:23:23.381, 5, 75313 MiB, 100 %, 536.78 W, 1980 MHz
2026/09/28 08:23:23.381, 6, 75313 MiB, 100 %, 566.45 W, 1980 MHz
2026/09/28 08:23:23.382, 7, 75313 MiB, 100 %, 512.68 W, 1980 MHz
2026/09/28 08:23:24.383, 0, 75313 MiB, 100 %, 510.01 W, 1500 MHz
2026/09/28 08:23:24.384, 1, 75313 MiB, 100 %, 563.06 W, 1950 MHz
2026/09/28 08:23:24.385, 2, 75313 MiB, 100 %, 569.85 W, 1965 MHz
2026/09/28 08:23:24.386, 3, 75313 MiB, 100 %, 555.51 W, 1950 MHz
2026/09/28 08:23:24.386, 4, 75313 MiB, 100 %, 557.85 W, 1980 MHz
2026/09/28 08:23:24.387, 5, 75313 MiB, 100 %, 559.18 W, 1980 MHz
2026/09/28 08:23:24.387, 6, 75313 MiB, 100 %, 575.55 W, 1965 MHz
2026/09/28 08:23:24.388, 7, 75313 MiB, 100 %, 523.36 W, 1980 MHz
2026/09/28 08:23:25.389, 0, 75313 MiB, 100 %, 521.97 W, 1515 MHz
2026/09/28 08:23:25.390, 1, 75313 MiB, 100 %, 583.85 W, 1950 MHz
2026/09/28 08:23:25.390, 2, 75313 MiB, 100 %, 592.56 W, 1950 MHz
2026/09/28 08:23:25.391, 3, 75313 MiB, 100 %, 576.74 W, 1965 MHz
2026/09/28 08:23:25.392, 4, 75313 MiB, 100 %, 559.66 W, 1965 MHz
2026/09/28 08:23:25.392, 5, 75313 MiB, 100 %, 575.39 W, 1965 MHz
2026/09/28 08:23:25.393, 6, 75313 MiB, 100 %, 599.44 W, 1965 MHz
2026/09/28 08:23:25.394, 7, 75313 MiB, 100 %, 552.69 W, 1965 MHz
2026/09/28 08:23:26.394, 0, 75313 MiB, 100 %, 498.31 W, 1350 MHz
2026/09/28 08:23:26.395, 1, 75313 MiB, 100 %, 582.37 W, 1965 MHz
2026/09/28 08:23:26.396, 2, 75313 MiB, 100 %, 599.65 W, 1965 MHz
2026/09/28 08:23:26.397, 3, 75313 MiB, 100 %, 571.83 W, 1980 MHz
2026/09/28 08:23:26.397, 4, 75313 MiB, 100 %, 560.83 W, 1965 MHz
2026/09/28 08:23:26.398, 5, 75313 MiB, 100 %, 579.08 W, 1965 MHz
2026/09/28 08:23:26.399, 6, 75313 MiB, 100 %, 599.53 W, 1980 MHz
2026/09/28 08:23:26.400, 7, 75313 MiB, 100 %, 566.25 W, 1965 MHz
2026/09/28 08:23:27.400, 0, 75313 MiB, 100 %, 558.76 W, 1635 MHz
2026/09/28 08:23:27.401, 1, 75313 MiB, 100 %, 594.20 W, 1965 MHz
2026/09/28 08:23:27.402, 2, 75313 MiB, 100 %, 598.87 W, 1965 MHz
2026/09/28 08:23:27.403, 3, 75313 MiB, 100 %, 602.78 W, 1935 MHz
2026/09/28 08:23:27.403, 4, 75313 MiB, 100 %, 574.45 W, 1965 MHz
2026/09/28 08:23:27.404, 5, 75313 MiB, 100 %, 589.58 W, 1905 MHz
2026/09/28 08:23:27.405, 6, 75313 MiB, 100 %, 615.02 W, 1950 MHz
2026/09/28 08:23:27.405, 7, 75313 MiB, 100 %, 564.69 W, 1980 MHz
2026/09/28 08:23:28.406, 0, 75313 MiB, 100 %, 500.51 W, 1620 MHz
2026/09/28 08:23:28.407, 1, 75313 MiB, 100 %, 585.15 W, 1950 MHz
2026/09/28 08:23:28.408, 2, 75313 MiB, 100 %, 584.38 W, 1965 MHz
2026/09/28 08:23:28.409, 3, 75313 MiB, 100 %, 586.62 W, 1965 MHz
2026/09/28 08:23:28.409, 4, 75313 MiB, 100 %, 577.01 W, 1905 MHz
2026/09/28 08:23:28.410, 5, 75313 MiB, 100 %, 584.10 W, 1845 MHz
2026/09/28 08:23:28.411, 6, 75313 MiB, 100 %, 583.39 W, 1950 MHz
2026/09/28 08:23:28.411, 7, 75313 MiB, 100 %, 561.70 W, 1965 MHz
2026/09/28 08:23:29.412, 0, 75313 MiB, 100 %, 578.65 W, 1845 MHz
2026/09/28 08:23:29.413, 1, 75313 MiB, 100 %, 617.27 W, 1800 MHz
2026/09/28 08:23:29.414, 2, 75313 MiB, 100 %, 620.31 W, 1860 MHz
2026/09/28 08:23:29.414, 3, 75313 MiB, 100 %, 612.52 W, 1950 MHz
2026/09/28 08:23:29.415, 4, 75313 MiB, 100 %, 600.87 W, 1965 MHz
2026/09/28 08:23:29.416, 5, 75313 MiB, 100 %, 609.75 W, 1950 MHz
2026/09/28 08:23:29.416, 6, 75313 MiB, 100 %, 622.01 W, 1965 MHz
2026/09/28 08:23:29.417, 7, 75313 MiB, 100 %, 591.72 W, 1890 MHz
2026/09/28 08:23:30.418, 0, 75313 MiB, 100 %, 502.03 W, 1830 MHz
2026/09/28 08:23:30.419, 1, 75313 MiB, 100 %, 606.34 W, 1845 MHz
2026/09/28 08:23:30.420, 2, 75313 MiB, 100 %, 598.08 W, 1845 MHz
2026/09/28 08:23:30.420, 3, 75313 MiB, 100 %, 609.64 W, 1725 MHz
2026/09/28 08:23:30.421, 4, 75313 MiB, 100 %, 599.17 W, 1965 MHz
2026/09/28 08:23:30.422, 5, 75313 MiB, 100 %, 598.52 W, 1920 MHz
2026/09/28 08:23:30.423, 6, 75313 MiB, 100 %, 599.74 W, 1710 MHz
2026/09/28 08:23:30.423, 7, 75313 MiB, 100 %, 582.49 W, 1800 MHz
2026/09/28 08:23:31.424, 0, 75313 MiB, 100 %, 547.02 W, 1965 MHz
2026/09/28 08:23:31.425, 1, 75313 MiB, 100 %, 560.50 W, 1965 MHz
2026/09/28 08:23:31.426, 2, 75313 MiB, 100 %, 571.59 W, 1965 MHz
2026/09/28 08:23:31.426, 3, 75313 MiB, 100 %, 572.31 W, 1965 MHz
2026/09/28 08:23:31.427, 4, 75313 MiB, 100 %, 539.02 W, 1980 MHz
2026/09/28 08:23:31.428, 5, 75313 MiB, 100 %, 555.78 W, 1980 MHz
2026/09/28 08:23:31.429, 6, 75313 MiB, 100 %, 581.94 W, 1965 MHz
2026/09/28 08:23:31.429, 7, 75313 MiB, 100 %, 544.97 W, 1965 MHz
2026/09/28 08:23:32.430, 0, 75313 MiB, 100 %, 533.30 W, 1890 MHz
2026/09/28 08:23:32.431, 1, 75313 MiB, 100 %, 506.88 W, 1980 MHz
2026/09/28 08:23:32.432, 2, 75313 MiB, 100 %, 516.17 W, 1980 MHz
2026/09/28 08:23:32.432, 3, 75313 MiB, 100 %, 498.08 W, 1980 MHz
2026/09/28 08:23:32.433, 4, 75313 MiB, 100 %, 479.19 W, 1980 MHz
2026/09/28 08:23:32.434, 5, 75313 MiB, 100 %, 497.25 W, 1980 MHz
2026/09/28 08:23:32.434, 6, 75313 MiB, 100 %, 518.30 W, 1980 MHz
2026/09/28 08:23:32.435, 7, 75313 MiB, 100 %, 479.81 W, 1980 MHz
2026/09/28 08:23:33.436, 0, 75313 MiB, 100 %, 542.78 W, 1815 MHz
2026/09/28 08:23:33.437, 1, 75313 MiB, 100 %, 547.47 W, 1980 MHz
2026/09/28 08:23:33.437, 2, 75313 MiB, 100 %, 557.26 W, 1980 MHz
2026/09/28 08:23:33.438, 3, 75313 MiB, 100 %, 539.72 W, 1980 MHz
2026/09/28 08:23:33.439, 4, 75313 MiB, 100 %, 532.75 W, 1980 MHz
2026/09/28 08:23:33.440, 5, 75313 MiB, 100 %, 544.67 W, 1980 MHz
2026/09/28 08:23:33.440, 6, 75313 MiB, 100 %, 557.07 W, 1980 MHz
2026/09/28 08:23:33.441, 7, 75313 MiB, 100 %, 513.51 W, 1980 MHz
2026/09/28 08:23:34.442, 0, 75313 MiB, 100 %, 549.63 W, 1515 MHz
2026/09/28 08:23:34.443, 1, 75313 MiB, 100 %, 578.77 W, 1980 MHz
2026/09/28 08:23:34.444, 2, 75313 MiB, 100 %, 586.16 W, 1965 MHz
2026/09/28 08:23:34.444, 3, 75313 MiB, 100 %, 572.17 W, 1980 MHz
2026/09/28 08:23:34.445, 4, 75313 MiB, 100 %, 555.91 W, 1980 MHz
2026/09/28 08:23:34.446, 5, 75313 MiB, 100 %, 569.03 W, 1980 MHz
2026/09/28 08:23:34.446, 6, 75313 MiB, 100 %, 594.25 W, 1980 MHz
2026/09/28 08:23:34.447, 7, 75313 MiB, 100 %, 547.76 W, 1980 MHz
2026/09/28 08:23:35.448, 0, 75313 MiB, 100 %, 478.37 W, 1695 MHz
2026/09/28 08:23:35.449, 1, 75313 MiB, 100 %, 582.00 W, 1965 MHz
2026/09/28 08:23:35.450, 2, 75313 MiB, 100 %, 587.62 W, 1875 MHz
2026/09/28 08:23:35.450, 3, 75313 MiB, 100 %, 568.20 W, 1965 MHz
2026/09/28 08:23:35.451, 4, 75313 MiB, 100 %, 552.47 W, 1980 MHz
2026/09/28 08:23:35.452, 5, 75313 MiB, 100 %, 556.29 W, 1980 MHz
2026/09/28 08:23:35.452, 6, 75313 MiB, 100 %, 594.00 W, 1965 MHz
2026/09/28 08:23:35.453, 7, 75313 MiB, 100 %, 545.99 W, 1980 MHz
2026/09/28 08:23:36.454, 0, 75313 MiB, 100 %, 478.05 W, 1950 MHz
2026/09/28 08:23:36.455, 1, 75313 MiB, 100 %, 561.06 W, 1980 MHz
2026/09/28 08:23:36.455, 2, 75313 MiB, 100 %, 570.15 W, 1980 MHz
2026/09/28 08:23:36.456, 3, 75313 MiB, 100 %, 575.96 W, 1935 MHz
2026/09/28 08:23:36.457, 4, 75313 MiB, 100 %, 560.02 W, 1980 MHz
2026/09/28 08:23:36.457, 5, 75313 MiB, 100 %, 582.58 W, 1965 MHz
2026/09/28 08:23:36.458, 6, 75313 MiB, 100 %, 587.80 W, 1920 MHz
2026/09/28 08:23:36.459, 7, 75313 MiB, 100 %, 535.64 W, 1980 MHz
2026/09/28 08:23:37.460, 0, 75313 MiB, 100 %, 505.27 W, 1455 MHz
2026/09/28 08:23:37.460, 1, 75313 MiB, 100 %, 592.40 W, 1920 MHz
2026/09/28 08:23:37.461, 2, 75313 MiB, 100 %, 595.40 W, 1950 MHz
2026/09/28 08:23:37.462, 3, 75313 MiB, 100 %, 605.78 W, 1860 MHz
2026/09/28 08:23:37.462, 4, 75313 MiB, 100 %, 559.34 W, 1965 MHz
2026/09/28 08:23:37.463, 5, 75313 MiB, 100 %, 585.66 W, 1965 MHz
2026/09/28 08:23:37.464, 6, 75313 MiB, 100 %, 608.93 W, 1905 MHz
2026/09/28 08:23:37.465, 7, 75313 MiB, 100 %, 575.05 W, 1845 MHz
2026/09/28 08:23:38.465, 0, 75313 MiB, 100 %, 446.25 W, 1245 MHz
2026/09/28 08:23:38.466, 1, 75313 MiB, 100 %, 585.49 W, 1920 MHz
2026/09/28 08:23:38.467, 2, 75313 MiB, 100 %, 587.73 W, 1890 MHz
2026/09/28 08:23:38.468, 3, 75313 MiB, 100 %, 600.13 W, 1935 MHz
2026/09/28 08:23:38.468, 4, 75313 MiB, 100 %, 565.28 W, 1965 MHz
2026/09/28 08:23:38.469, 5, 75313 MiB, 100 %, 576.50 W, 1920 MHz
2026/09/28 08:23:38.470, 6, 75313 MiB, 100 %, 590.25 W, 1920 MHz
2026/09/28 08:23:38.471, 7, 75313 MiB, 100 %, 553.49 W, 1950 MHz
2026/09/28 08:23:39.471, 0, 75313 MiB, 100 %, 426.18 W, 1320 MHz
2026/09/28 08:23:39.472, 1, 75313 MiB, 100 %, 587.43 W, 1950 MHz
2026/09/28 08:23:39.473, 2, 75313 MiB, 100 %, 581.35 W, 1860 MHz
2026/09/28 08:23:39.474, 3, 75313 MiB, 100 %, 576.73 W, 1965 MHz
2026/09/28 08:23:39.475, 4, 75313 MiB, 100 %, 578.39 W, 1800 MHz
2026/09/28 08:23:39.475, 5, 75313 MiB, 100 %, 583.48 W, 1965 MHz
2026/09/28 08:23:39.476, 6, 75313 MiB, 100 %, 583.15 W, 1965 MHz
2026/09/28 08:23:39.477, 7, 75313 MiB, 100 %, 551.81 W, 1950 MHz
2026/09/28 08:23:40.477, 0, 75313 MiB, 100 %, 454.60 W, 1245 MHz
2026/09/28 08:23:40.478, 1, 75313 MiB, 100 %, 594.43 W, 1950 MHz
2026/09/28 08:23:40.479, 2, 75313 MiB, 100 %, 596.69 W, 1785 MHz
2026/09/28 08:23:40.480, 3, 75313 MiB, 100 %, 592.68 W, 1950 MHz
2026/09/28 08:23:40.480, 4, 75313 MiB, 100 %, 570.28 W, 1920 MHz
2026/09/28 08:23:40.481, 5, 75313 MiB, 100 %, 593.70 W, 1935 MHz
2026/09/28 08:23:40.481, 6, 75313 MiB, 100 %, 591.59 W, 1845 MHz
2026/09/28 08:23:40.482, 7, 75313 MiB, 100 %, 574.13 W, 1950 MHz
2026/09/28 08:23:41.483, 0, 75313 MiB, 100 %, 461.80 W, 1635 MHz
2026/09/28 08:23:41.484, 1, 75313 MiB, 100 %, 593.50 W, 1965 MHz
2026/09/28 08:23:41.485, 2, 75313 MiB, 100 %, 592.15 W, 1965 MHz
2026/09/28 08:23:41.486, 3, 75313 MiB, 100 %, 595.28 W, 1965 MHz
2026/09/28 08:23:41.486, 4, 75313 MiB, 100 %, 575.87 W, 1965 MHz
2026/09/28 08:23:41.487, 5, 75313 MiB, 100 %, 587.18 W, 1965 MHz
2026/09/28 08:23:41.488, 6, 75313 MiB, 100 %, 596.07 W, 1965 MHz
2026/09/28 08:23:41.488, 7, 75313 MiB, 100 %, 565.52 W, 1965 MHz
2026/09/28 08:23:42.489, 0, 75313 MiB, 100 %, 493.11 W, 1875 MHz
2026/09/28 08:23:42.490, 1, 75313 MiB, 100 %, 480.03 W, 1980 MHz
2026/09/28 08:23:42.491, 2, 75313 MiB, 100 %, 503.77 W, 1980 MHz
2026/09/28 08:23:42.492, 3, 75313 MiB, 100 %, 467.51 W, 1980 MHz
2026/09/28 08:23:42.492, 4, 75313 MiB, 100 %, 470.43 W, 1980 MHz
2026/09/28 08:23:42.493, 5, 75313 MiB, 100 %, 485.85 W, 1980 MHz
2026/09/28 08:23:42.494, 6, 75313 MiB, 100 %, 501.49 W, 1980 MHz
2026/09/28 08:23:42.494, 7, 75313 MiB, 100 %, 461.09 W, 1980 MHz
2026/09/28 08:23:43.495, 0, 75313 MiB, 100 %, 509.11 W, 1740 MHz
2026/09/28 08:23:43.496, 1, 75313 MiB, 100 %, 523.24 W, 1980 MHz
2026/09/28 08:23:43.497, 2, 75313 MiB, 100 %, 540.18 W, 1980 MHz
2026/09/28 08:23:43.498, 3, 75313 MiB, 100 %, 515.24 W, 1980 MHz
2026/09/28 08:23:43.499, 4, 75313 MiB, 100 %, 499.12 W, 1980 MHz
2026/09/28 08:23:43.499, 5, 75313 MiB, 100 %, 518.00 W, 1980 MHz
2026/09/28 08:23:43.500, 6, 75313 MiB, 100 %, 545.95 W, 1980 MHz
2026/09/28 08:23:43.501, 7, 75313 MiB, 100 %, 500.89 W, 1980 MHz
2026/09/28 08:23:44.502, 0, 75313 MiB, 100 %, 540.77 W, 1710 MHz
2026/09/28 08:23:44.503, 1, 75313 MiB, 100 %, 568.20 W, 1980 MHz
2026/09/28 08:23:44.503, 2, 75313 MiB, 100 %, 578.44 W, 1980 MHz
2026/09/28 08:23:44.504, 3, 75313 MiB, 100 %, 555.76 W, 1965 MHz
2026/09/28 08:23:44.505, 4, 75313 MiB, 100 %, 548.72 W, 1980 MHz
2026/09/28 08:23:44.505, 5, 75313 MiB, 100 %, 555.83 W, 1980 MHz
2026/09/28 08:23:44.506, 6, 75313 MiB, 100 %, 582.41 W, 1980 MHz
2026/09/28 08:23:44.507, 7, 75313 MiB, 100 %, 538.46 W, 1980 MHz
2026/09/28 08:23:45.507, 0, 75313 MiB, 100 %, 508.27 W, 1590 MHz
2026/09/28 08:23:45.508, 1, 75313 MiB, 100 %, 564.60 W, 1980 MHz
2026/09/28 08:23:45.509, 2, 75313 MiB, 100 %, 580.69 W, 1980 MHz
2026/09/28 08:23:45.510, 3, 75313 MiB, 100 %, 548.60 W, 1980 MHz
2026/09/28 08:23:45.511, 4, 75313 MiB, 100 %, 558.19 W, 1980 MHz
2026/09/28 08:23:45.511, 5, 75313 MiB, 100 %, 567.97 W, 1965 MHz
2026/09/28 08:23:45.512, 6, 75313 MiB, 100 %, 571.55 W, 1980 MHz
2026/09/28 08:23:45.513, 7, 75313 MiB, 100 %, 543.74 W, 1980 MHz
2026/09/28 08:23:46.514, 0, 75313 MiB, 100 %, 508.79 W, 1935 MHz
2026/09/28 08:23:46.515, 1, 75313 MiB, 100 %, 613.05 W, 1905 MHz
2026/09/28 08:23:46.515, 2, 75313 MiB, 100 %, 600.65 W, 1935 MHz
2026/09/28 08:23:46.516, 3, 75313 MiB, 100 %, 598.91 W, 1920 MHz
2026/09/28 08:23:46.517, 4, 75313 MiB, 100 %, 554.78 W, 1920 MHz
2026/09/28 08:23:46.518, 5, 75313 MiB, 100 %, 579.34 W, 1980 MHz
2026/09/28 08:23:46.518, 6, 75313 MiB, 100 %, 615.40 W, 1950 MHz
2026/09/28 08:23:46.519, 7, 75313 MiB, 100 %, 574.35 W, 1965 MHz
2026/09/28 08:23:47.520, 0, 75313 MiB, 100 %, 533.54 W, 1605 MHz
2026/09/28 08:23:47.521, 1, 75313 MiB, 100 %, 598.63 W, 1815 MHz
2026/09/28 08:23:47.522, 2, 75313 MiB, 100 %, 609.73 W, 1965 MHz
2026/09/28 08:23:47.522, 3, 75313 MiB, 100 %, 599.39 W, 1920 MHz
2026/09/28 08:23:47.523, 4, 75313 MiB, 100 %, 563.16 W, 1965 MHz
2026/09/28 08:23:47.524, 5, 75313 MiB, 100 %, 596.78 W, 1965 MHz
2026/09/28 08:23:47.525, 6, 75313 MiB, 100 %, 613.19 W, 1860 MHz
2026/09/28 08:23:47.525, 7, 75313 MiB, 100 %, 569.48 W, 1935 MHz
2026/09/28 08:23:48.526, 0, 75313 MiB, 100 %, 510.30 W, 1380 MHz
2026/09/28 08:23:48.527, 1, 75313 MiB, 100 %, 600.26 W, 1965 MHz
2026/09/28 08:23:48.528, 2, 75313 MiB, 100 %, 604.86 W, 1965 MHz
2026/09/28 08:23:48.528, 3, 75313 MiB, 100 %, 600.68 W, 1965 MHz
2026/09/28 08:23:48.529, 4, 75313 MiB, 100 %, 555.50 W, 1965 MHz
2026/09/28 08:23:48.530, 5, 75313 MiB, 100 %, 573.97 W, 1965 MHz
2026/09/28 08:23:48.530, 6, 75313 MiB, 100 %, 605.21 W, 1965 MHz
2026/09/28 08:23:48.531, 7, 75313 MiB, 100 %, 569.86 W, 1965 MHz
2026/09/28 08:23:49.532, 0, 75313 MiB, 100 %, 527.57 W, 1830 MHz
2026/09/28 08:23:49.533, 1, 75313 MiB, 100 %, 613.26 W, 1935 MHz
2026/09/28 08:23:49.533, 2, 75313 MiB, 100 %, 613.80 W, 1920 MHz
2026/09/28 08:23:49.534, 3, 75313 MiB, 100 %, 611.44 W, 1875 MHz
2026/09/28 08:23:49.535, 4, 75313 MiB, 100 %, 575.67 W, 1830 MHz
2026/09/28 08:23:49.535, 5, 75313 MiB, 100 %, 597.95 W, 1920 MHz
2026/09/28 08:23:49.536, 6, 75313 MiB, 100 %, 613.37 W, 1860 MHz
2026/09/28 08:23:49.537, 7, 75313 MiB, 100 %, 590.43 W, 1965 MHz
2026/09/28 08:23:50.538, 0, 75313 MiB, 100 %, 520.62 W, 1320 MHz
2026/09/28 08:23:50.539, 1, 75313 MiB, 100 %, 609.33 W, 1845 MHz
2026/09/28 08:23:50.539, 2, 75313 MiB, 100 %, 609.97 W, 1830 MHz
2026/09/28 08:23:50.540, 3, 75313 MiB, 100 %, 585.10 W, 1950 MHz
2026/09/28 08:23:50.541, 4, 75313 MiB, 100 %, 587.95 W, 1845 MHz
2026/09/28 08:23:50.541, 5, 75313 MiB, 100 %, 598.66 W, 1965 MHz
2026/09/28 08:23:50.542, 6, 75313 MiB, 100 %, 594.24 W, 1950 MHz
2026/09/28 08:23:50.543, 7, 75313 MiB, 100 %, 588.11 W, 1935 MHz
2026/09/28 08:23:51.543, 0, 75313 MiB, 100 %, 456.21 W, 1230 MHz
2026/09/28 08:23:51.544, 1, 75313 MiB, 100 %, 592.81 W, 1845 MHz
2026/09/28 08:23:51.545, 2, 75313 MiB, 100 %, 594.70 W, 1935 MHz
2026/09/28 08:23:51.546, 3, 75313 MiB, 100 %, 579.93 W, 1920 MHz
2026/09/28 08:23:51.547, 4, 75313 MiB, 100 %, 582.93 W, 1965 MHz
2026/09/28 08:23:51.547, 5, 75313 MiB, 100 %, 587.86 W, 1935 MHz
2026/09/28 08:23:51.548, 6, 75313 MiB, 100 %, 590.66 W, 1950 MHz
2026/09/28 08:23:51.548, 7, 75313 MiB, 100 %, 568.82 W, 1890 MHz
2026/09/28 08:23:52.549, 0, 75313 MiB, 100 %, 474.24 W, 1830 MHz
2026/09/28 08:23:52.550, 1, 75313 MiB, 100 %, 520.12 W, 1980 MHz
2026/09/28 08:23:52.551, 2, 75313 MiB, 100 %, 528.63 W, 1980 MHz
2026/09/28 08:23:52.552, 3, 75313 MiB, 100 %, 504.86 W, 1980 MHz
2026/09/28 08:23:52.552, 4, 75313 MiB, 100 %, 501.47 W, 1980 MHz
2026/09/28 08:23:52.553, 5, 75313 MiB, 100 %, 504.42 W, 1980 MHz
2026/09/28 08:23:52.554, 6, 75313 MiB, 100 %, 523.83 W, 1980 MHz
2026/09/28 08:23:52.554, 7, 75313 MiB, 100 %, 485.62 W, 1980 MHz
2026/09/28 08:23:53.555, 0, 75313 MiB, 100 %, 502.52 W, 1815 MHz
2026/09/28 08:23:53.556, 1, 75313 MiB, 100 %, 513.57 W, 1980 MHz
2026/09/28 08:23:53.557, 2, 75313 MiB, 100 %, 510.52 W, 1980 MHz
2026/09/28 08:23:53.558, 3, 75313 MiB, 100 %, 510.05 W, 1980 MHz
2026/09/28 08:23:53.558, 4, 75313 MiB, 100 %, 500.19 W, 1980 MHz
2026/09/28 08:23:53.559, 5, 75313 MiB, 100 %, 504.28 W, 1980 MHz
2026/09/28 08:23:53.560, 6, 75313 MiB, 100 %, 537.28 W, 1980 MHz
2026/09/28 08:23:53.560, 7, 75313 MiB, 100 %, 472.44 W, 1980 MHz
2026/09/28 08:23:54.561, 0, 75313 MiB, 100 %, 505.01 W, 1545 MHz
2026/09/28 08:23:54.562, 1, 75313 MiB, 100 %, 545.12 W, 1980 MHz
2026/09/28 08:23:54.563, 2, 75313 MiB, 100 %, 555.25 W, 1980 MHz
2026/09/28 08:23:54.564, 3, 75313 MiB, 100 %, 554.79 W, 1980 MHz
2026/09/28 08:23:54.564, 4, 75313 MiB, 100 %, 529.31 W, 1980 MHz
2026/09/28 08:23:54.565, 5, 75313 MiB, 100 %, 550.54 W, 1980 MHz
2026/09/28 08:23:54.566, 6, 75313 MiB, 100 %, 575.11 W, 1980 MHz
2026/09/28 08:23:54.567, 7, 75313 MiB, 100 %, 517.50 W, 1980 MHz
2026/09/28 08:23:55.567, 0, 75313 MiB, 100 %, 550.51 W, 1725 MHz
2026/09/28 08:23:55.568, 1, 75313 MiB, 100 %, 568.97 W, 1965 MHz
2026/09/28 08:23:55.569, 2, 75313 MiB, 100 %, 581.18 W, 1965 MHz
2026/09/28 08:23:55.570, 3, 75313 MiB, 100 %, 559.28 W, 1965 MHz
2026/09/28 08:23:55.571, 4, 75313 MiB, 100 %, 542.29 W, 1980 MHz
2026/09/28 08:23:55.571, 5, 75313 MiB, 100 %, 563.32 W, 1980 MHz
2026/09/28 08:23:55.572, 6, 75313 MiB, 100 %, 589.21 W, 1965 MHz
2026/09/28 08:23:55.573, 7, 75313 MiB, 100 %, 544.66 W, 1965 MHz
2026/09/28 08:23:56.574, 0, 75313 MiB, 100 %, 482.82 W, 1560 MHz
2026/09/28 08:23:56.575, 1, 75313 MiB, 100 %, 591.08 W, 1950 MHz
2026/09/28 08:23:56.575, 2, 75313 MiB, 100 %, 599.71 W, 1965 MHz
2026/09/28 08:23:56.576, 3, 75313 MiB, 100 %, 572.30 W, 1965 MHz
2026/09/28 08:23:56.577, 4, 75313 MiB, 100 %, 526.50 W, 1965 MHz
2026/09/28 08:23:56.577, 5, 75313 MiB, 100 %, 568.78 W, 1965 MHz
2026/09/28 08:23:56.578, 6, 75313 MiB, 100 %, 607.46 W, 1950 MHz
2026/09/28 08:23:56.579, 7, 75313 MiB, 100 %, 568.42 W, 1965 MHz
2026/09/28 08:23:57.579, 0, 75313 MiB, 100 %, 481.13 W, 1620 MHz
2026/09/28 08:23:57.580, 1, 75313 MiB, 100 %, 588.01 W, 1920 MHz
2026/09/28 08:23:57.581, 2, 75313 MiB, 100 %, 590.77 W, 1965 MHz
2026/09/28 08:23:57.582, 3, 75313 MiB, 100 %, 581.26 W, 1950 MHz
2026/09/28 08:23:57.582, 4, 75313 MiB, 100 %, 568.28 W, 1965 MHz
2026/09/28 08:23:57.583, 5, 75313 MiB, 100 %, 594.74 W, 1980 MHz
2026/09/28 08:23:57.584, 6, 75313 MiB, 100 %, 600.39 W, 1950 MHz
2026/09/28 08:23:57.584, 7, 75313 MiB, 100 %, 568.92 W, 1965 MHz
2026/09/28 08:23:58.585, 0, 75313 MiB, 100 %, 518.46 W, 1785 MHz
2026/09/28 08:23:58.586, 1, 75313 MiB, 100 %, 606.22 W, 1860 MHz
2026/09/28 08:23:58.587, 2, 75313 MiB, 100 %, 602.92 W, 1965 MHz
2026/09/28 08:23:58.587, 3, 75313 MiB, 100 %, 595.45 W, 1950 MHz
2026/09/28 08:23:58.588, 4, 75313 MiB, 100 %, 579.54 W, 1965 MHz
2026/09/28 08:23:58.589, 5, 75313 MiB, 100 %, 597.77 W, 1920 MHz
2026/09/28 08:23:58.589, 6, 75313 MiB, 100 %, 611.95 W, 1965 MHz
2026/09/28 08:23:58.590, 7, 75313 MiB, 100 %, 567.62 W, 1965 MHz
2026/09/28 08:23:59.591, 0, 75313 MiB, 100 %, 552.85 W, 1425 MHz
2026/09/28 08:23:59.592, 1, 75313 MiB, 100 %, 600.55 W, 1965 MHz
2026/09/28 08:23:59.592, 2, 75313 MiB, 100 %, 604.15 W, 1920 MHz
2026/09/28 08:23:59.593, 3, 75313 MiB, 100 %, 603.95 W, 1965 MHz
2026/09/28 08:23:59.594, 4, 75313 MiB, 100 %, 606.07 W, 1920 MHz
2026/09/28 08:23:59.594, 5, 75313 MiB, 100 %, 615.28 W, 1965 MHz
2026/09/28 08:23:59.595, 6, 75313 MiB, 100 %, 610.53 W, 1845 MHz
2026/09/28 08:23:59.596, 7, 75313 MiB, 100 %, 582.09 W, 1965 MHz
2026/09/28 08:24:00.596, 0, 75313 MiB, 100 %, 533.92 W, 1425 MHz
2026/09/28 08:24:00.597, 1, 75313 MiB, 100 %, 605.96 W, 1965 MHz
2026/09/28 08:24:00.598, 2, 75313 MiB, 100 %, 609.41 W, 1785 MHz
2026/09/28 08:24:00.598, 3, 75313 MiB, 100 %, 612.97 W, 1965 MHz
2026/09/28 08:24:00.599, 4, 75313 MiB, 100 %, 585.94 W, 1935 MHz
2026/09/28 08:24:00.600, 5, 75313 MiB, 100 %, 583.95 W, 1965 MHz
2026/09/28 08:24:00.600, 6, 75313 MiB, 100 %, 608.14 W, 1920 MHz
2026/09/28 08:24:00.601, 7, 75313 MiB, 100 %, 581.67 W, 1950 MHz
2026/09/28 08:24:01.602, 0, 75313 MiB, 100 %, 566.97 W, 1335 MHz
2026/09/28 08:24:01.603, 1, 75313 MiB, 100 %, 627.12 W, 1875 MHz
2026/09/28 08:24:01.604, 2, 75313 MiB, 100 %, 620.33 W, 1875 MHz
2026/09/28 08:24:01.606, 3, 75313 MiB, 100 %, 610.27 W, 1875 MHz
2026/09/28 08:24:01.607, 4, 75313 MiB, 100 %, 606.74 W, 1950 MHz
2026/09/28 08:24:01.608, 5, 75313 MiB, 100 %, 619.27 W, 1890 MHz
2026/09/28 08:24:01.610, 6, 75313 MiB, 100 %, 626.74 W, 1920 MHz
2026/09/28 08:24:01.611, 7, 75313 MiB, 100 %, 596.35 W, 1905 MHz
2026/09/28 08:24:02.612, 0, 75313 MiB, 100 %, 459.33 W, 1920 MHz
2026/09/28 08:24:02.613, 1, 75313 MiB, 100 %, 525.90 W, 1980 MHz
2026/09/28 08:24:02.614, 2, 75313 MiB, 100 %, 538.00 W, 1980 MHz
2026/09/28 08:24:02.615, 3, 75313 MiB, 100 %, 529.27 W, 1980 MHz
2026/09/28 08:24:02.615, 4, 75313 MiB, 100 %, 525.08 W, 1980 MHz
2026/09/28 08:24:02.616, 5, 75313 MiB, 100 %, 523.82 W, 1980 MHz
2026/09/28 08:24:02.617, 6, 75313 MiB, 100 %, 548.95 W, 1980 MHz
2026/09/28 08:24:02.618, 7, 75313 MiB, 100 %, 502.65 W, 1980 MHz
2026/09/28 08:24:03.618, 0, 75313 MiB, 100 %, 484.42 W, 1710 MHz
2026/09/28 08:24:03.619, 1, 75313 MiB, 100 %, 490.46 W, 1980 MHz
2026/09/28 08:24:03.620, 2, 75313 MiB, 100 %, 505.50 W, 1980 MHz
2026/09/28 08:24:03.621, 3, 75313 MiB, 100 %, 493.73 W, 1980 MHz
2026/09/28 08:24:03.622, 4, 75313 MiB, 100 %, 485.76 W, 1980 MHz
2026/09/28 08:24:03.622, 5, 75313 MiB, 100 %, 489.28 W, 1980 MHz
2026/09/28 08:24:03.623, 6, 75313 MiB, 100 %, 517.04 W, 1980 MHz
2026/09/28 08:24:03.624, 7, 75313 MiB, 100 %, 465.19 W, 1980 MHz
2026/09/28 08:24:04.624, 0, 75313 MiB, 100 %, 489.24 W, 1680 MHz
2026/09/28 08:24:04.625, 1, 75313 MiB, 100 %, 549.35 W, 1980 MHz
2026/09/28 08:24:04.626, 2, 75313 MiB, 100 %, 548.62 W, 1980 MHz
2026/09/28 08:24:04.627, 3, 75313 MiB, 100 %, 531.97 W, 1980 MHz
2026/09/28 08:24:04.627, 4, 75313 MiB, 100 %, 519.87 W, 1980 MHz
2026/09/28 08:24:04.628, 5, 75313 MiB, 100 %, 538.75 W, 1980 MHz
2026/09/28 08:24:04.629, 6, 75313 MiB, 100 %, 556.19 W, 1980 MHz
2026/09/28 08:24:04.629, 7, 75313 MiB, 100 %, 508.75 W, 1980 MHz
2026/09/28 08:24:05.630, 0, 75313 MiB, 100 %, 495.39 W, 1620 MHz
2026/09/28 08:24:05.631, 1, 75313 MiB, 100 %, 552.81 W, 1980 MHz
2026/09/28 08:24:05.632, 2, 75313 MiB, 100 %, 572.22 W, 1980 MHz
2026/09/28 08:24:05.632, 3, 75313 MiB, 100 %, 546.65 W, 1980 MHz
2026/09/28 08:24:05.633, 4, 75313 MiB, 100 %, 527.20 W, 1980 MHz
2026/09/28 08:24:05.633, 5, 75313 MiB, 100 %, 557.61 W, 1965 MHz
2026/09/28 08:24:05.634, 6, 75313 MiB, 100 %, 573.05 W, 1980 MHz
2026/09/28 08:24:05.635, 7, 75313 MiB, 100 %, 524.18 W, 1980 MHz
2026/09/28 08:24:06.635, 0, 75313 MiB, 100 %, 485.11 W, 1740 MHz
2026/09/28 08:24:06.636, 1, 75313 MiB, 100 %, 592.32 W, 1965 MHz
2026/09/28 08:24:06.637, 2, 75313 MiB, 100 %, 596.31 W, 1965 MHz
2026/09/28 08:24:06.638, 3, 75313 MiB, 100 %, 565.02 W, 1965 MHz
2026/09/28 08:24:06.638, 4, 75313 MiB, 100 %, 525.68 W, 1965 MHz
2026/09/28 08:24:06.639, 5, 75313 MiB, 100 %, 545.26 W, 1980 MHz
2026/09/28 08:24:06.640, 6, 75313 MiB, 100 %, 597.48 W, 1965 MHz
2026/09/28 08:24:06.640, 7, 75313 MiB, 100 %, 574.46 W, 1965 MHz
2026/09/28 08:24:07.641, 0, 75313 MiB, 100 %, 584.92 W, 1905 MHz
2026/09/28 08:24:07.642, 1, 75313 MiB, 100 %, 573.68 W, 1965 MHz
2026/09/28 08:24:07.643, 2, 75313 MiB, 100 %, 588.63 W, 1965 MHz
2026/09/28 08:24:07.643, 3, 75313 MiB, 100 %, 563.07 W, 1965 MHz
2026/09/28 08:24:07.644, 4, 75313 MiB, 100 %, 609.04 W, 1965 MHz
2026/09/28 08:24:07.645, 5, 75313 MiB, 100 %, 603.87 W, 1935 MHz
2026/09/28 08:24:07.646, 6, 75313 MiB, 100 %, 583.50 W, 1965 MHz
2026/09/28 08:24:07.646, 7, 75313 MiB, 100 %, 555.46 W, 1965 MHz
2026/09/28 08:24:08.647, 0, 75313 MiB, 100 %, 572.65 W, 1560 MHz
2026/09/28 08:24:08.648, 1, 75313 MiB, 100 %, 617.82 W, 1890 MHz
2026/09/28 08:24:08.649, 2, 75313 MiB, 100 %, 618.06 W, 1890 MHz
2026/09/28 08:24:08.650, 3, 75313 MiB, 100 %, 602.56 W, 1845 MHz
2026/09/28 08:24:08.650, 4, 75313 MiB, 100 %, 585.98 W, 1965 MHz
2026/09/28 08:24:08.651, 5, 75313 MiB, 100 %, 590.67 W, 1965 MHz
2026/09/28 08:24:08.652, 6, 75313 MiB, 100 %, 610.81 W, 1935 MHz
2026/09/28 08:24:08.653, 7, 75313 MiB, 100 %, 586.97 W, 1950 MHz
2026/09/28 08:24:09.653, 0, 75313 MiB, 100 %, 496.98 W, 1485 MHz
2026/09/28 08:24:09.654, 1, 75313 MiB, 100 %, 599.51 W, 1965 MHz
2026/09/28 08:24:09.655, 2, 75313 MiB, 100 %, 611.18 W, 1950 MHz
2026/09/28 08:24:09.656, 3, 75313 MiB, 100 %, 594.22 W, 1965 MHz
2026/09/28 08:24:09.656, 4, 75313 MiB, 100 %, 580.85 W, 1935 MHz
2026/09/28 08:24:09.657, 5, 75313 MiB, 100 %, 591.71 W, 1920 MHz
2026/09/28 08:24:09.658, 6, 75313 MiB, 100 %, 605.35 W, 1965 MHz
2026/09/28 08:24:09.659, 7, 75313 MiB, 100 %, 576.59 W, 1965 MHz
2026/09/28 08:24:10.659, 0, 75313 MiB, 100 %, 569.27 W, 1785 MHz
2026/09/28 08:24:10.660, 1, 75313 MiB, 100 %, 610.48 W, 1875 MHz
2026/09/28 08:24:10.661, 2, 75313 MiB, 100 %, 610.96 W, 1875 MHz
2026/09/28 08:24:10.662, 3, 75313 MiB, 100 %, 608.47 W, 1950 MHz
2026/09/28 08:24:10.663, 4, 75313 MiB, 100 %, 595.29 W, 1965 MHz
2026/09/28 08:24:10.664, 5, 75313 MiB, 100 %, 599.51 W, 1965 MHz
2026/09/28 08:24:10.664, 6, 75313 MiB, 100 %, 604.54 W, 1860 MHz
2026/09/28 08:24:10.665, 7, 75313 MiB, 100 %, 573.42 W, 1905 MHz
2026/09/28 08:24:11.666, 0, 75313 MiB, 100 %, 565.73 W, 1800 MHz
2026/09/28 08:24:11.667, 1, 75313 MiB, 100 %, 603.33 W, 1905 MHz
2026/09/28 08:24:11.668, 2, 75313 MiB, 100 %, 615.99 W, 1935 MHz
2026/09/28 08:24:11.669, 3, 75313 MiB, 100 %, 604.10 W, 1965 MHz
2026/09/28 08:24:11.670, 4, 75313 MiB, 100 %, 591.77 W, 1845 MHz
2026/09/28 08:24:11.670, 5, 75313 MiB, 100 %, 605.25 W, 1905 MHz
2026/09/28 08:24:11.671, 6, 75313 MiB, 100 %, 619.44 W, 1950 MHz
2026/09/28 08:24:11.672, 7, 75313 MiB, 100 %, 581.27 W, 1950 MHz
2026/09/28 08:24:12.672, 0, 75313 MiB, 100 %, 488.84 W, 1890 MHz
2026/09/28 08:24:12.674, 1, 75313 MiB, 100 %, 569.71 W, 1965 MHz
2026/09/28 08:24:12.675, 2, 75313 MiB, 100 %, 570.95 W, 1965 MHz
2026/09/28 08:24:12.676, 3, 75313 MiB, 100 %, 558.12 W, 1965 MHz
2026/09/28 08:24:12.677, 4, 75313 MiB, 100 %, 544.56 W, 1965 MHz
2026/09/28 08:24:12.677, 5, 75313 MiB, 100 %, 571.84 W, 1965 MHz
2026/09/28 08:24:12.678, 6, 75313 MiB, 100 %, 568.78 W, 1965 MHz
2026/09/28 08:24:12.679, 7, 75313 MiB, 100 %, 556.93 W, 1965 MHz
2026/09/28 08:24:13.679, 0, 75313 MiB, 100 %, 538.60 W, 1965 MHz
2026/09/28 08:24:13.680, 1, 75313 MiB, 100 %, 487.72 W, 1980 MHz
2026/09/28 08:24:13.681, 2, 75313 MiB, 100 %, 496.80 W, 1980 MHz
2026/09/28 08:24:13.682, 3, 75313 MiB, 100 %, 490.08 W, 1980 MHz
2026/09/28 08:24:13.683, 4, 75313 MiB, 100 %, 471.47 W, 1980 MHz
2026/09/28 08:24:13.684, 5, 75313 MiB, 100 %, 475.11 W, 1980 MHz
2026/09/28 08:24:13.684, 6, 75313 MiB, 100 %, 507.94 W, 1980 MHz
2026/09/28 08:24:13.685, 7, 75313 MiB, 100 %, 440.93 W, 1980 MHz
2026/09/28 08:24:14.686, 0, 75313 MiB, 100 %, 506.45 W, 1680 MHz
2026/09/28 08:24:14.687, 1, 75313 MiB, 100 %, 513.90 W, 1980 MHz
2026/09/28 08:24:14.688, 2, 75313 MiB, 100 %, 538.92 W, 1980 MHz
2026/09/28 08:24:14.688, 3, 75313 MiB, 100 %, 515.18 W, 1980 MHz
2026/09/28 08:24:14.689, 4, 75313 MiB, 100 %, 491.31 W, 1980 MHz
2026/09/28 08:24:14.690, 5, 75313 MiB, 100 %, 514.82 W, 1980 MHz
2026/09/28 08:24:14.691, 6, 75313 MiB, 100 %, 536.54 W, 1980 MHz
2026/09/28 08:24:14.691, 7, 75313 MiB, 100 %, 503.20 W, 1980 MHz
2026/09/28 08:24:15.692, 0, 75313 MiB, 100 %, 501.08 W, 1515 MHz
2026/09/28 08:24:15.694, 1, 75313 MiB, 100 %, 557.98 W, 1980 MHz
2026/09/28 08:24:15.694, 2, 75313 MiB, 100 %, 570.25 W, 1980 MHz
2026/09/28 08:24:15.695, 3, 75313 MiB, 100 %, 544.87 W, 1980 MHz
2026/09/28 08:24:15.696, 4, 75313 MiB, 100 %, 529.47 W, 1980 MHz
2026/09/28 08:24:15.697, 5, 75313 MiB, 100 %, 565.42 W, 1980 MHz
2026/09/28 08:24:15.697, 6, 75313 MiB, 100 %, 572.86 W, 1980 MHz
2026/09/28 08:24:15.698, 7, 75313 MiB, 100 %, 544.47 W, 1980 MHz
2026/09/28 08:24:16.699, 0, 75313 MiB, 100 %, 482.36 W, 1515 MHz
2026/09/28 08:24:16.700, 1, 75313 MiB, 100 %, 586.49 W, 1965 MHz
2026/09/28 08:24:16.700, 2, 75313 MiB, 100 %, 581.77 W, 1965 MHz
2026/09/28 08:24:16.701, 3, 75313 MiB, 100 %, 578.53 W, 1980 MHz
2026/09/28 08:24:16.702, 4, 75313 MiB, 100 %, 547.82 W, 1980 MHz
2026/09/28 08:24:16.703, 5, 75313 MiB, 100 %, 559.30 W, 1980 MHz
2026/09/28 08:24:16.703, 6, 75313 MiB, 100 %, 588.67 W, 1965 MHz
2026/09/28 08:24:16.704, 7, 75313 MiB, 100 %, 540.59 W, 1980 MHz
2026/09/28 08:24:17.705, 0, 75313 MiB, 100 %, 471.41 W, 1605 MHz
2026/09/28 08:24:17.706, 1, 75313 MiB, 100 %, 575.63 W, 1980 MHz
2026/09/28 08:24:17.707, 2, 75313 MiB, 100 %, 572.18 W, 1980 MHz
2026/09/28 08:24:17.708, 3, 75313 MiB, 100 %, 576.56 W, 1965 MHz
2026/09/28 08:24:17.709, 4, 75313 MiB, 100 %, 567.25 W, 1965 MHz
2026/09/28 08:24:17.709, 5, 75313 MiB, 100 %, 582.76 W, 1905 MHz
2026/09/28 08:24:17.710, 6, 75313 MiB, 100 %, 587.54 W, 1980 MHz
2026/09/28 08:24:17.711, 7, 75313 MiB, 100 %, 534.33 W, 1980 MHz
2026/09/28 08:24:18.712, 0, 75313 MiB, 100 %, 484.22 W, 1485 MHz
2026/09/28 08:24:18.713, 1, 75313 MiB, 100 %, 588.10 W, 1965 MHz
2026/09/28 08:24:18.713, 2, 75313 MiB, 100 %, 599.96 W, 1950 MHz
2026/09/28 08:24:18.714, 3, 75313 MiB, 100 %, 573.07 W, 1905 MHz
2026/09/28 08:24:18.715, 4, 75313 MiB, 100 %, 572.34 W, 1965 MHz
2026/09/28 08:24:18.716, 5, 75313 MiB, 100 %, 575.86 W, 1965 MHz
2026/09/28 08:24:18.717, 6, 75313 MiB, 100 %, 594.59 W, 1875 MHz
2026/09/28 08:24:18.717, 7, 75313 MiB, 100 %, 563.70 W, 1965 MHz
2026/09/28 08:24:19.718, 0, 75313 MiB, 100 %, 490.44 W, 1350 MHz
2026/09/28 08:24:19.719, 1, 75313 MiB, 100 %, 597.90 W, 1965 MHz
2026/09/28 08:24:19.720, 2, 75313 MiB, 100 %, 595.24 W, 1905 MHz
2026/09/28 08:24:19.721, 3, 75313 MiB, 100 %, 591.65 W, 1890 MHz
2026/09/28 08:24:19.721, 4, 75313 MiB, 100 %, 565.36 W, 1965 MHz
2026/09/28 08:24:19.722, 5, 75313 MiB, 100 %, 589.58 W, 1950 MHz
2026/09/28 08:24:19.723, 6, 75313 MiB, 100 %, 602.90 W, 1905 MHz
2026/09/28 08:24:19.724, 7, 75313 MiB, 100 %, 575.95 W, 1965 MHz
2026/09/28 08:24:20.724, 0, 75313 MiB, 100 %, 513.30 W, 1755 MHz
2026/09/28 08:24:20.725, 1, 75313 MiB, 100 %, 601.02 W, 1905 MHz
2026/09/28 08:24:20.726, 2, 75313 MiB, 100 %, 590.01 W, 1965 MHz
2026/09/28 08:24:20.727, 3, 75313 MiB, 100 %, 584.73 W, 1965 MHz
2026/09/28 08:24:20.727, 4, 75313 MiB, 100 %, 573.97 W, 1950 MHz
2026/09/28 08:24:20.728, 5, 75313 MiB, 100 %, 576.60 W, 1905 MHz
2026/09/28 08:24:20.729, 6, 75313 MiB, 100 %, 593.41 W, 1965 MHz
2026/09/28 08:24:20.729, 7, 75313 MiB, 100 %, 567.47 W, 1845 MHz
2026/09/28 08:24:21.730, 0, 75313 MiB, 100 %, 549.25 W, 1635 MHz
2026/09/28 08:24:21.731, 1, 75313 MiB, 100 %, 613.86 W, 1950 MHz
2026/09/28 08:24:21.732, 2, 75313 MiB, 100 %, 625.55 W, 1950 MHz
2026/09/28 08:24:21.734, 3, 75313 MiB, 100 %, 622.61 W, 1905 MHz
2026/09/28 08:24:21.736, 4, 75313 MiB, 100 %, 593.46 W, 1935 MHz
2026/09/28 08:24:21.736, 5, 75313 MiB, 100 %, 600.04 W, 1890 MHz
2026/09/28 08:24:21.737, 6, 75313 MiB, 100 %, 623.31 W, 1860 MHz
2026/09/28 08:24:21.738, 7, 75313 MiB, 100 %, 599.22 W, 1965 MHz
2026/09/28 08:24:22.738, 0, 75313 MiB, 100 %, 503.95 W, 1230 MHz
2026/09/28 08:24:22.739, 1, 75313 MiB, 100 %, 592.84 W, 1845 MHz
2026/09/28 08:24:22.740, 2, 75313 MiB, 100 %, 596.29 W, 1815 MHz
2026/09/28 08:24:22.741, 3, 75313 MiB, 100 %, 596.44 W, 1965 MHz
2026/09/28 08:24:22.742, 4, 75313 MiB, 100 %, 573.99 W, 1965 MHz
2026/09/28 08:24:22.742, 5, 75313 MiB, 100 %, 583.74 W, 1890 MHz
2026/09/28 08:24:22.743, 6, 75313 MiB, 100 %, 603.35 W, 1965 MHz
2026/09/28 08:24:22.744, 7, 75313 MiB, 100 %, 566.68 W, 1920 MHz
2026/09/28 08:24:23.744, 0, 75313 MiB, 100 %, 440.80 W, 1980 MHz
2026/09/28 08:24:23.745, 1, 75313 MiB, 100 %, 510.02 W, 1980 MHz
2026/09/28 08:24:23.747, 2, 75313 MiB, 100 %, 505.07 W, 1980 MHz
2026/09/28 08:24:23.747, 3, 75313 MiB, 100 %, 506.92 W, 1980 MHz
2026/09/28 08:24:23.748, 4, 75313 MiB, 100 %, 483.96 W, 1980 MHz
2026/09/28 08:24:23.748, 5, 75313 MiB, 100 %, 493.73 W, 1980 MHz
2026/09/28 08:24:23.750, 6, 75313 MiB, 100 %, 516.09 W, 1980 MHz
2026/09/28 08:24:23.750, 7, 75313 MiB, 100 %, 477.88 W, 1980 MHz
2026/09/28 08:24:24.751, 0, 75313 MiB, 100 %, 526.89 W, 1725 MHz
2026/09/28 08:24:24.752, 1, 75313 MiB, 100 %, 518.83 W, 1980 MHz
2026/09/28 08:24:24.753, 2, 75313 MiB, 100 %, 515.85 W, 1980 MHz
2026/09/28 08:24:24.753, 3, 75313 MiB, 100 %, 505.91 W, 1980 MHz
2026/09/28 08:24:24.754, 4, 75313 MiB, 100 %, 506.18 W, 1980 MHz
2026/09/28 08:24:24.755, 5, 75313 MiB, 100 %, 499.44 W, 1980 MHz
2026/09/28 08:24:24.755, 6, 75313 MiB, 100 %, 543.51 W, 1980 MHz
2026/09/28 08:24:24.756, 7, 75313 MiB, 100 %, 484.09 W, 1980 MHz
2026/09/28 08:24:25.756, 0, 75313 MiB, 100 %, 530.38 W, 1755 MHz
2026/09/28 08:24:25.758, 1, 75313 MiB, 100 %, 558.03 W, 1980 MHz
2026/09/28 08:24:25.758, 2, 75313 MiB, 100 %, 567.51 W, 1980 MHz
2026/09/28 08:24:25.759, 3, 75313 MiB, 100 %, 554.21 W, 1965 MHz
2026/09/28 08:24:25.760, 4, 75313 MiB, 100 %, 535.40 W, 1980 MHz
2026/09/28 08:24:25.760, 5, 75313 MiB, 100 %, 546.84 W, 1980 MHz
2026/09/28 08:24:25.761, 6, 75313 MiB, 100 %, 576.66 W, 1980 MHz
2026/09/28 08:24:25.762, 7, 75313 MiB, 100 %, 523.87 W, 1980 MHz
2026/09/28 08:24:26.762, 0, 75313 MiB, 100 %, 538.25 W, 1485 MHz
2026/09/28 08:24:26.763, 1, 75313 MiB, 100 %, 567.15 W, 1980 MHz
2026/09/28 08:24:26.764, 2, 75313 MiB, 100 %, 575.11 W, 1980 MHz
2026/09/28 08:24:26.765, 3, 75313 MiB, 100 %, 552.21 W, 1950 MHz
2026/09/28 08:24:26.765, 4, 75313 MiB, 100 %, 537.59 W, 1980 MHz
2026/09/28 08:24:26.766, 5, 75313 MiB, 100 %, 551.65 W, 1965 MHz
2026/09/28 08:24:26.767, 6, 75313 MiB, 100 %, 589.80 W, 1980 MHz
2026/09/28 08:24:26.768, 7, 75313 MiB, 100 %, 543.65 W, 1980 MHz
2026/09/28 08:24:27.768, 0, 75313 MiB, 100 %, 523.04 W, 1935 MHz
2026/09/28 08:24:27.769, 1, 75313 MiB, 100 %, 560.08 W, 1950 MHz
2026/09/28 08:24:27.770, 2, 75313 MiB, 100 %, 575.69 W, 1965 MHz
2026/09/28 08:24:27.771, 3, 75313 MiB, 100 %, 570.60 W, 1965 MHz
2026/09/28 08:24:27.771, 4, 75313 MiB, 100 %, 570.98 W, 1935 MHz
2026/09/28 08:24:27.772, 5, 75313 MiB, 100 %, 588.01 W, 1890 MHz
2026/09/28 08:24:27.772, 6, 75313 MiB, 100 %, 579.51 W, 1965 MHz
2026/09/28 08:24:27.773, 7, 75313 MiB, 100 %, 543.94 W, 1980 MHz
2026/09/28 08:24:28.774, 0, 75313 MiB, 100 %, 563.34 W, 1845 MHz
2026/09/28 08:24:28.774, 1, 75313 MiB, 100 %, 592.83 W, 1920 MHz
2026/09/28 08:24:28.775, 2, 75313 MiB, 100 %, 601.92 W, 1965 MHz
2026/09/28 08:24:28.776, 3, 75313 MiB, 100 %, 578.28 W, 1830 MHz
2026/09/28 08:24:28.776, 4, 75313 MiB, 100 %, 594.46 W, 1965 MHz
2026/09/28 08:24:28.777, 5, 75313 MiB, 100 %, 611.34 W, 1920 MHz
2026/09/28 08:24:28.778, 6, 75313 MiB, 100 %, 608.08 W, 1845 MHz
2026/09/28 08:24:28.778, 7, 75313 MiB, 100 %, 576.32 W, 1980 MHz
2026/09/28 08:24:29.779, 0, 75313 MiB, 100 %, 534.47 W, 1215 MHz
2026/09/28 08:24:29.780, 1, 75313 MiB, 100 %, 602.57 W, 1965 MHz
2026/09/28 08:24:29.780, 2, 75313 MiB, 100 %, 594.17 W, 1890 MHz
2026/09/28 08:24:29.781, 3, 75313 MiB, 100 %, 591.76 W, 1965 MHz
2026/09/28 08:24:29.782, 4, 75313 MiB, 100 %, 589.18 W, 1830 MHz
2026/09/28 08:24:29.782, 5, 75313 MiB, 100 %, 592.09 W, 1890 MHz
2026/09/28 08:24:29.783, 6, 75313 MiB, 100 %, 601.82 W, 1965 MHz
2026/09/28 08:24:29.784, 7, 75313 MiB, 100 %, 573.98 W, 1965 MHz
2026/09/28 08:24:30.784, 0, 75313 MiB, 100 %, 530.16 W, 1230 MHz
2026/09/28 08:24:30.785, 1, 75313 MiB, 100 %, 592.77 W, 1935 MHz
2026/09/28 08:24:30.786, 2, 75313 MiB, 100 %, 602.54 W, 1965 MHz
2026/09/28 08:24:30.787, 3, 75313 MiB, 100 %, 589.71 W, 1950 MHz
2026/09/28 08:24:30.787, 4, 75313 MiB, 100 %, 577.69 W, 1965 MHz
2026/09/28 08:24:30.788, 5, 75313 MiB, 100 %, 590.89 W, 1935 MHz
2026/09/28 08:24:30.788, 6, 75313 MiB, 100 %, 599.38 W, 1965 MHz
2026/09/28 08:24:30.789, 7, 75313 MiB, 100 %, 568.17 W, 1950 MHz
2026/09/28 08:24:31.790, 0, 75313 MiB, 100 %, 465.39 W, 1305 MHz
2026/09/28 08:24:31.791, 1, 75313 MiB, 100 %, 594.12 W, 1950 MHz
2026/09/28 08:24:31.792, 2, 75313 MiB, 100 %, 602.91 W, 1845 MHz
2026/09/28 08:24:31.792, 3, 75313 MiB, 100 %, 601.81 W, 1905 MHz
2026/09/28 08:24:31.793, 4, 75313 MiB, 100 %, 573.40 W, 1890 MHz
2026/09/28 08:24:31.793, 5, 75313 MiB, 100 %, 590.54 W, 1965 MHz
2026/09/28 08:24:31.794, 6, 75313 MiB, 100 %, 603.94 W, 1755 MHz
2026/09/28 08:24:31.795, 7, 75313 MiB, 100 %, 578.37 W, 1965 MHz
2026/09/28 08:24:32.796, 0, 75313 MiB, 100 %, 505.99 W, 1515 MHz
2026/09/28 08:24:32.796, 1, 75313 MiB, 100 %, 601.91 W, 1920 MHz
2026/09/28 08:24:32.797, 2, 75313 MiB, 100 %, 602.72 W, 1755 MHz
2026/09/28 08:24:32.798, 3, 75313 MiB, 100 %, 606.08 W, 1965 MHz
2026/09/28 08:24:32.799, 4, 75313 MiB, 100 %, 589.85 W, 1815 MHz
2026/09/28 08:24:32.799, 5, 75313 MiB, 100 %, 587.14 W, 1860 MHz
2026/09/28 08:24:32.800, 6, 75313 MiB, 100 %, 602.71 W, 1965 MHz
2026/09/28 08:24:32.800, 7, 75313 MiB, 100 %, 563.91 W, 1905 MHz
2026/09/28 08:24:33.801, 0, 75313 MiB, 100 %, 506.42 W, 1965 MHz
2026/09/28 08:24:33.802, 1, 75313 MiB, 100 %, 548.93 W, 1980 MHz
2026/09/28 08:24:33.803, 2, 75313 MiB, 100 %, 550.68 W, 1980 MHz
2026/09/28 08:24:33.804, 3, 75313 MiB, 100 %, 542.84 W, 1980 MHz
2026/09/28 08:24:33.804, 4, 75313 MiB, 100 %, 541.42 W, 1980 MHz
2026/09/28 08:24:33.805, 5, 75313 MiB, 100 %, 547.88 W, 1980 MHz
2026/09/28 08:24:33.806, 6, 75313 MiB, 100 %, 571.37 W, 1980 MHz
2026/09/28 08:24:33.806, 7, 75313 MiB, 100 %, 541.25 W, 1980 MHz
2026/09/28 08:24:34.807, 0, 75313 MiB, 100 %, 523.98 W, 1860 MHz
2026/09/28 08:24:34.808, 1, 75313 MiB, 100 %, 503.78 W, 1980 MHz
2026/09/28 08:24:34.809, 2, 75313 MiB, 100 %, 516.65 W, 1980 MHz
2026/09/28 08:24:34.810, 3, 75313 MiB, 100 %, 504.17 W, 1980 MHz
2026/09/28 08:24:34.810, 4, 75313 MiB, 100 %, 476.30 W, 1980 MHz
2026/09/28 08:24:34.811, 5, 75313 MiB, 100 %, 496.93 W, 1980 MHz
2026/09/28 08:24:34.812, 6, 75313 MiB, 100 %, 521.16 W, 1980 MHz
2026/09/28 08:24:34.813, 7, 75313 MiB, 100 %, 476.42 W, 1980 MHz
2026/09/28 08:24:35.813, 0, 75313 MiB, 100 %, 520.76 W, 1800 MHz
2026/09/28 08:24:35.814, 1, 75313 MiB, 100 %, 544.97 W, 1980 MHz
2026/09/28 08:24:35.815, 2, 75313 MiB, 100 %, 561.52 W, 1980 MHz
2026/09/28 08:24:35.816, 3, 75313 MiB, 100 %, 539.51 W, 1980 MHz
2026/09/28 08:24:35.816, 4, 75313 MiB, 100 %, 524.76 W, 1980 MHz
2026/09/28 08:24:35.817, 5, 75313 MiB, 100 %, 535.06 W, 1980 MHz
2026/09/28 08:24:35.818, 6, 75313 MiB, 100 %, 562.24 W, 1980 MHz
2026/09/28 08:24:35.818, 7, 75313 MiB, 100 %, 527.44 W, 1980 MHz
2026/09/28 08:24:36.819, 0, 75313 MiB, 100 %, 476.05 W, 1650 MHz
2026/09/28 08:24:36.820, 1, 75313 MiB, 100 %, 560.44 W, 1965 MHz
2026/09/28 08:24:36.821, 2, 75313 MiB, 100 %, 560.96 W, 1965 MHz
2026/09/28 08:24:36.822, 3, 75313 MiB, 100 %, 536.88 W, 1980 MHz
2026/09/28 08:24:36.822, 4, 75313 MiB, 100 %, 534.88 W, 1980 MHz
2026/09/28 08:24:36.823, 5, 75313 MiB, 100 %, 544.27 W, 1980 MHz
2026/09/28 08:24:36.823, 6, 75313 MiB, 100 %, 571.13 W, 1980 MHz
2026/09/28 08:24:36.824, 7, 75313 MiB, 100 %, 511.96 W, 1980 MHz
2026/09/28 08:24:37.825, 0, 75313 MiB, 100 %, 463.56 W, 1395 MHz
2026/09/28 08:24:37.826, 1, 75313 MiB, 100 %, 593.71 W, 1965 MHz
2026/09/28 08:24:37.826, 2, 75313 MiB, 100 %, 594.88 W, 1965 MHz
2026/09/28 08:24:37.827, 3, 75313 MiB, 100 %, 557.73 W, 1980 MHz
2026/09/28 08:24:37.828, 4, 75313 MiB, 100 %, 524.68 W, 1965 MHz
2026/09/28 08:24:37.828, 5, 75313 MiB, 100 %, 528.37 W, 1965 MHz
2026/09/28 08:24:37.829, 6, 75313 MiB, 100 %, 596.29 W, 1980 MHz
2026/09/28 08:24:37.829, 7, 75313 MiB, 100 %, 564.87 W, 1965 MHz
2026/09/28 08:24:38.830, 0, 75313 MiB, 100 %, 489.72 W, 1350 MHz
2026/09/28 08:24:38.831, 1, 75313 MiB, 100 %, 576.85 W, 1965 MHz
2026/09/28 08:24:38.832, 2, 75313 MiB, 100 %, 582.17 W, 1965 MHz
2026/09/28 08:24:38.832, 3, 75313 MiB, 100 %, 581.54 W, 1965 MHz
2026/09/28 08:24:38.833, 4, 75313 MiB, 100 %, 553.11 W, 1980 MHz
2026/09/28 08:24:38.834, 5, 75313 MiB, 100 %, 564.60 W, 1965 MHz
2026/09/28 08:24:38.834, 6, 75313 MiB, 100 %, 594.32 W, 1965 MHz
2026/09/28 08:24:38.835, 7, 75313 MiB, 100 %, 549.91 W, 1965 MHz
2026/09/28 08:24:39.836, 0, 75313 MiB, 100 %, 512.90 W, 1545 MHz
2026/09/28 08:24:39.837, 1, 75313 MiB, 100 %, 587.76 W, 1965 MHz
2026/09/28 08:24:39.838, 2, 75313 MiB, 100 %, 603.55 W, 1950 MHz
2026/09/28 08:24:39.838, 3, 75313 MiB, 100 %, 583.14 W, 1935 MHz
2026/09/28 08:24:39.839, 4, 75313 MiB, 100 %, 563.47 W, 1965 MHz
2026/09/28 08:24:39.840, 5, 75313 MiB, 100 %, 582.77 W, 1860 MHz
2026/09/28 08:24:39.840, 6, 75313 MiB, 100 %, 604.50 W, 1965 MHz
2026/09/28 08:24:39.841, 7, 75313 MiB, 100 %, 577.16 W, 1965 MHz
2026/09/28 08:24:40.842, 0, 75313 MiB, 100 %, 475.04 W, 1275 MHz
2026/09/28 08:24:40.842, 1, 75313 MiB, 100 %, 603.77 W, 1950 MHz
2026/09/28 08:24:40.843, 2, 75313 MiB, 100 %, 598.59 W, 1920 MHz
2026/09/28 08:24:40.844, 3, 75313 MiB, 100 %, 579.46 W, 1965 MHz
2026/09/28 08:24:40.844, 4, 75313 MiB, 100 %, 569.61 W, 1965 MHz
2026/09/28 08:24:40.845, 5, 75313 MiB, 100 %, 580.08 W, 1950 MHz
2026/09/28 08:24:40.846, 6, 75313 MiB, 100 %, 593.64 W, 1965 MHz
2026/09/28 08:24:40.846, 7, 75313 MiB, 100 %, 565.77 W, 1950 MHz
2026/09/28 08:24:41.847, 0, 75313 MiB, 100 %, 474.53 W, 1425 MHz
2026/09/28 08:24:41.848, 1, 75313 MiB, 100 %, 591.32 W, 1875 MHz
2026/09/28 08:24:41.849, 2, 75313 MiB, 100 %, 590.61 W, 1800 MHz
2026/09/28 08:24:41.849, 3, 75313 MiB, 100 %, 584.11 W, 1965 MHz
2026/09/28 08:24:41.850, 4, 75313 MiB, 100 %, 576.05 W, 1965 MHz
2026/09/28 08:24:41.851, 5, 75313 MiB, 100 %, 589.91 W, 1950 MHz
2026/09/28 08:24:41.851, 6, 75313 MiB, 100 %, 592.14 W, 1935 MHz
2026/09/28 08:24:41.852, 7, 75313 MiB, 100 %, 563.80 W, 1905 MHz
2026/09/28 08:24:42.853, 0, 75313 MiB, 100 %, 495.81 W, 1365 MHz
2026/09/28 08:24:42.854, 1, 75313 MiB, 100 %, 592.85 W, 1830 MHz
2026/09/28 08:24:42.854, 2, 75313 MiB, 100 %, 604.17 W, 1965 MHz
2026/09/28 08:24:42.855, 3, 75313 MiB, 100 %, 605.05 W, 1875 MHz
2026/09/28 08:24:42.855, 4, 75313 MiB, 100 %, 592.72 W, 1950 MHz
2026/09/28 08:24:42.856, 5, 75313 MiB, 100 %, 589.73 W, 1890 MHz
2026/09/28 08:24:42.857, 6, 75313 MiB, 100 %, 599.05 W, 1890 MHz
2026/09/28 08:24:42.857, 7, 75313 MiB, 100 %, 565.31 W, 1770 MHz
2026/09/28 08:24:43.858, 0, 75313 MiB, 100 %, 525.38 W, 1650 MHz
2026/09/28 08:24:43.859, 1, 75313 MiB, 100 %, 602.04 W, 1935 MHz
2026/09/28 08:24:43.860, 2, 75313 MiB, 100 %, 613.01 W, 1905 MHz
2026/09/28 08:24:43.860, 3, 75313 MiB, 100 %, 602.66 W, 1845 MHz
2026/09/28 08:24:43.861, 4, 75313 MiB, 100 %, 591.62 W, 1950 MHz
2026/09/28 08:24:43.861, 5, 75313 MiB, 100 %, 597.81 W, 1905 MHz
2026/09/28 08:24:43.862, 6, 75313 MiB, 100 %, 611.96 W, 1890 MHz
2026/09/28 08:24:43.863, 7, 75313 MiB, 100 %, 578.13 W, 1965 MHz
2026/09/28 08:24:44.863, 0, 75313 MiB, 100 %, 569.31 W, 1980 MHz
2026/09/28 08:24:44.864, 1, 75313 MiB, 97 %, 524.65 W, 1980 MHz
2026/09/28 08:24:44.865, 2, 75313 MiB, 100 %, 535.94 W, 1980 MHz
2026/09/28 08:24:44.866, 3, 75313 MiB, 100 %, 517.60 W, 1980 MHz
2026/09/28 08:24:44.866, 4, 75313 MiB, 100 %, 503.93 W, 1980 MHz
2026/09/28 08:24:44.867, 5, 75313 MiB, 100 %, 517.47 W, 1980 MHz
2026/09/28 08:24:44.867, 6, 75313 MiB, 100 %, 522.53 W, 1980 MHz
2026/09/28 08:24:44.868, 7, 75313 MiB, 97 %, 505.60 W, 1980 MHz
2026/09/28 08:24:45.869, 0, 75313 MiB, 100 %, 477.98 W, 1980 MHz
2026/09/28 08:24:45.870, 1, 75313 MiB, 100 %, 434.99 W, 1980 MHz
2026/09/28 08:24:45.870, 2, 75313 MiB, 95 %, 440.24 W, 1980 MHz
2026/09/28 08:24:45.871, 3, 75313 MiB, 97 %, 423.96 W, 1980 MHz
2026/09/28 08:24:45.872, 4, 75313 MiB, 95 %, 411.97 W, 1980 MHz
2026/09/28 08:24:45.872, 5, 75313 MiB, 95 %, 426.73 W, 1980 MHz
2026/09/28 08:24:45.873, 6, 75313 MiB, 100 %, 420.59 W, 1980 MHz
2026/09/28 08:24:45.874, 7, 75313 MiB, 95 %, 412.84 W, 1980 MHz
