timestamp, index, memory.used [MiB], utilization.gpu [%], power.draw [W], clocks.current.sm [MHz]
2026/09/27 18:06:20.009, 0, 76995 MiB, 0 %, 181.11 W, 1980 MHz
2026/09/27 18:06:20.016, 1, 76995 MiB, 0 %, 133.12 W, 1980 MHz
2026/09/27 18:06:20.021, 2, 76995 MiB, 0 %, 131.01 W, 1980 MHz
2026/09/27 18:06:20.026, 3, 76995 MiB, 0 %, 125.43 W, 1980 MHz
2026/09/27 18:06:20.032, 4, 76995 MiB, 0 %, 125.43 W, 1980 MHz
2026/09/27 18:06:20.037, 5, 76995 MiB, 0 %, 127.42 W, 1980 MHz
2026/09/27 18:06:20.042, 6, 76995 MiB, 0 %, 130.24 W, 1980 MHz
2026/09/27 18:06:20.049, 7, 76995 MiB, 0 %, 124.45 W, 1980 MHz
2026/09/27 18:06:21.054, 0, 76995 MiB, 0 %, 180.03 W, 1980 MHz
2026/09/27 18:06:21.055, 1, 76995 MiB, 0 %, 132.46 W, 1980 MHz
2026/09/27 18:06:21.056, 2, 76995 MiB, 0 %, 130.30 W, 1980 MHz
2026/09/27 18:06:21.056, 3, 76995 MiB, 0 %, 124.49 W, 1980 MHz
2026/09/27 18:06:21.057, 4, 76995 MiB, 0 %, 124.87 W, 1980 MHz
2026/09/27 18:06:21.058, 5, 76995 MiB, 0 %, 126.79 W, 1980 MHz
2026/09/27 18:06:21.059, 6, 76995 MiB, 0 %, 129.60 W, 1980 MHz
2026/09/27 18:06:21.059, 7, 76995 MiB, 0 %, 123.99 W, 1980 MHz
2026/09/27 18:06:22.060, 0, 76995 MiB, 0 %, 179.38 W, 1980 MHz
2026/09/27 18:06:22.061, 1, 76995 MiB, 0 %, 132.02 W, 1980 MHz
2026/09/27 18:06:22.062, 2, 76995 MiB, 0 %, 129.90 W, 1980 MHz
2026/09/27 18:06:22.062, 3, 76995 MiB, 0 %, 124.18 W, 1980 MHz
2026/09/27 18:06:22.063, 4, 76995 MiB, 0 %, 123.79 W, 1980 MHz
2026/09/27 18:06:22.064, 5, 76995 MiB, 0 %, 126.36 W, 1980 MHz
2026/09/27 18:06:22.064, 6, 76995 MiB, 0 %, 129.27 W, 1980 MHz
2026/09/27 18:06:22.065, 7, 76995 MiB, 0 %, 123.64 W, 1980 MHz
2026/09/27 18:06:23.066, 0, 76995 MiB, 0 %, 178.85 W, 1980 MHz
2026/09/27 18:06:23.067, 1, 76995 MiB, 0 %, 131.66 W, 1980 MHz
2026/09/27 18:06:23.067, 2, 76995 MiB, 0 %, 129.29 W, 1980 MHz
2026/09/27 18:06:23.068, 3, 76995 MiB, 0 %, 123.88 W, 1980 MHz
2026/09/27 18:06:23.069, 4, 76995 MiB, 0 %, 122.99 W, 1980 MHz
2026/09/27 18:06:23.070, 5, 76995 MiB, 0 %, 126.05 W, 1980 MHz
2026/09/27 18:06:23.070, 6, 76995 MiB, 0 %, 128.93 W, 1980 MHz
2026/09/27 18:06:23.071, 7, 76995 MiB, 0 %, 123.37 W, 1980 MHz
2026/09/27 18:06:24.072, 0, 76995 MiB, 0 %, 178.42 W, 1980 MHz
2026/09/27 18:06:24.072, 1, 76995 MiB, 0 %, 131.22 W, 1980 MHz
2026/09/27 18:06:24.073, 2, 76995 MiB, 0 %, 127.98 W, 1980 MHz
2026/09/27 18:06:24.074, 3, 76995 MiB, 0 %, 123.55 W, 1980 MHz
2026/09/27 18:06:24.075, 4, 76995 MiB, 0 %, 122.73 W, 1980 MHz
2026/09/27 18:06:24.076, 5, 76995 MiB, 0 %, 125.69 W, 1980 MHz
2026/09/27 18:06:24.076, 6, 76995 MiB, 0 %, 128.55 W, 1980 MHz
2026/09/27 18:06:24.077, 7, 76995 MiB, 0 %, 123.13 W, 1980 MHz
2026/09/27 18:06:25.078, 0, 76995 MiB, 0 %, 177.98 W, 1980 MHz
2026/09/27 18:06:25.079, 1, 76995 MiB, 0 %, 130.81 W, 1980 MHz
2026/09/27 18:06:25.079, 2, 76995 MiB, 0 %, 127.66 W, 1980 MHz
2026/09/27 18:06:25.080, 3, 76995 MiB, 0 %, 123.31 W, 1980 MHz
2026/09/27 18:06:25.081, 4, 76995 MiB, 0 %, 122.65 W, 1980 MHz
2026/09/27 18:06:25.081, 5, 76995 MiB, 0 %, 124.94 W, 1980 MHz
2026/09/27 18:06:25.082, 6, 76995 MiB, 0 %, 128.29 W, 1980 MHz
2026/09/27 18:06:25.083, 7, 76995 MiB, 0 %, 122.85 W, 1980 MHz
2026/09/27 18:06:26.084, 0, 76995 MiB, 0 %, 177.63 W, 1980 MHz
2026/09/27 18:06:26.084, 1, 76995 MiB, 0 %, 130.48 W, 1980 MHz
2026/09/27 18:06:26.085, 2, 76995 MiB, 0 %, 127.37 W, 1980 MHz
2026/09/27 18:06:26.086, 3, 76995 MiB, 0 %, 123.14 W, 1980 MHz
2026/09/27 18:06:26.086, 4, 76995 MiB, 0 %, 122.91 W, 1980 MHz
2026/09/27 18:06:26.087, 5, 76995 MiB, 0 %, 124.58 W, 1980 MHz
2026/09/27 18:06:26.089, 6, 76995 MiB, 0 %, 128.07 W, 1980 MHz
2026/09/27 18:06:26.089, 7, 76995 MiB, 0 %, 122.61 W, 1980 MHz
2026/09/27 18:06:27.090, 0, 76995 MiB, 0 %, 177.26 W, 1980 MHz
2026/09/27 18:06:27.091, 1, 76995 MiB, 0 %, 130.21 W, 1980 MHz
2026/09/27 18:06:27.092, 2, 76995 MiB, 0 %, 127.08 W, 1980 MHz
2026/09/27 18:06:27.093, 3, 76995 MiB, 0 %, 122.94 W, 1980 MHz
2026/09/27 18:06:27.093, 4, 76995 MiB, 0 %, 122.66 W, 1980 MHz
2026/09/27 18:06:27.094, 5, 76995 MiB, 0 %, 124.29 W, 1980 MHz
2026/09/27 18:06:27.095, 6, 76995 MiB, 0 %, 127.70 W, 1980 MHz
2026/09/27 18:06:27.096, 7, 76995 MiB, 0 %, 122.38 W, 1980 MHz
2026/09/27 18:06:28.097, 0, 76995 MiB, 0 %, 175.95 W, 1980 MHz
2026/09/27 18:06:28.097, 1, 76995 MiB, 0 %, 129.93 W, 1980 MHz
2026/09/27 18:06:28.098, 2, 76995 MiB, 0 %, 126.87 W, 1980 MHz
2026/09/27 18:06:28.099, 3, 76995 MiB, 0 %, 122.77 W, 1980 MHz
2026/09/27 18:06:28.099, 4, 76995 MiB, 0 %, 122.47 W, 1980 MHz
2026/09/27 18:06:28.100, 5, 76995 MiB, 0 %, 124.03 W, 1980 MHz
2026/09/27 18:06:28.101, 6, 76995 MiB, 0 %, 127.49 W, 1980 MHz
2026/09/27 18:06:28.101, 7, 76995 MiB, 0 %, 122.18 W, 1980 MHz
2026/09/27 18:06:29.102, 0, 76995 MiB, 0 %, 175.55 W, 1980 MHz
2026/09/27 18:06:29.103, 1, 76995 MiB, 0 %, 129.68 W, 1980 MHz
2026/09/27 18:06:29.104, 2, 76995 MiB, 0 %, 126.67 W, 1980 MHz
2026/09/27 18:06:29.104, 3, 76995 MiB, 0 %, 122.61 W, 1980 MHz
2026/09/27 18:06:29.105, 4, 76995 MiB, 0 %, 122.32 W, 1980 MHz
2026/09/27 18:06:29.106, 5, 76995 MiB, 0 %, 123.82 W, 1980 MHz
2026/09/27 18:06:29.106, 6, 76995 MiB, 0 %, 127.20 W, 1980 MHz
2026/09/27 18:06:29.107, 7, 76995 MiB, 0 %, 122.01 W, 1980 MHz
2026/09/27 18:06:30.107, 0, 76995 MiB, 0 %, 175.29 W, 1980 MHz
2026/09/27 18:06:30.108, 1, 76995 MiB, 0 %, 129.37 W, 1980 MHz
2026/09/27 18:06:30.109, 2, 76995 MiB, 0 %, 126.42 W, 1980 MHz
2026/09/27 18:06:30.110, 3, 76995 MiB, 0 %, 122.45 W, 1980 MHz
2026/09/27 18:06:30.110, 4, 76995 MiB, 0 %, 122.23 W, 1980 MHz
2026/09/27 18:06:30.111, 5, 76995 MiB, 0 %, 123.62 W, 1980 MHz
2026/09/27 18:06:30.112, 6, 76995 MiB, 0 %, 127.03 W, 1980 MHz
2026/09/27 18:06:30.112, 7, 76995 MiB, 0 %, 121.81 W, 1980 MHz
2026/09/27 18:06:31.113, 0, 76995 MiB, 0 %, 175.02 W, 1980 MHz
2026/09/27 18:06:31.114, 1, 76995 MiB, 0 %, 129.16 W, 1980 MHz
2026/09/27 18:06:31.115, 2, 76995 MiB, 0 %, 126.11 W, 1980 MHz
2026/09/27 18:06:31.115, 3, 76995 MiB, 0 %, 122.32 W, 1980 MHz
2026/09/27 18:06:31.116, 4, 76995 MiB, 0 %, 122.05 W, 1980 MHz
2026/09/27 18:06:31.117, 5, 76995 MiB, 0 %, 123.36 W, 1980 MHz
2026/09/27 18:06:31.117, 6, 76995 MiB, 0 %, 126.81 W, 1980 MHz
2026/09/27 18:06:31.118, 7, 76995 MiB, 0 %, 121.71 W, 1980 MHz
2026/09/27 18:06:32.119, 0, 76995 MiB, 0 %, 174.74 W, 1980 MHz
2026/09/27 18:06:32.120, 1, 76995 MiB, 0 %, 128.89 W, 1980 MHz
2026/09/27 18:06:32.120, 2, 76995 MiB, 0 %, 125.93 W, 1980 MHz
2026/09/27 18:06:32.121, 3, 76995 MiB, 0 %, 122.17 W, 1980 MHz
2026/09/27 18:06:32.122, 4, 76995 MiB, 0 %, 121.93 W, 1980 MHz
2026/09/27 18:06:32.123, 5, 76995 MiB, 0 %, 123.21 W, 1980 MHz
2026/09/27 18:06:32.124, 6, 76995 MiB, 0 %, 126.61 W, 1980 MHz
2026/09/27 18:06:32.124, 7, 76995 MiB, 0 %, 121.50 W, 1980 MHz
2026/09/27 18:06:33.125, 0, 76995 MiB, 0 %, 174.55 W, 1980 MHz
2026/09/27 18:06:33.126, 1, 76995 MiB, 0 %, 128.66 W, 1980 MHz
2026/09/27 18:06:33.127, 2, 76995 MiB, 0 %, 125.72 W, 1980 MHz
2026/09/27 18:06:33.127, 3, 76995 MiB, 0 %, 122.08 W, 1980 MHz
2026/09/27 18:06:33.128, 4, 76995 MiB, 0 %, 121.75 W, 1980 MHz
2026/09/27 18:06:33.129, 5, 76995 MiB, 0 %, 123.04 W, 1980 MHz
2026/09/27 18:06:33.129, 6, 76995 MiB, 0 %, 126.42 W, 1980 MHz
2026/09/27 18:06:33.130, 7, 76995 MiB, 0 %, 121.39 W, 1980 MHz
2026/09/27 18:06:34.131, 0, 76995 MiB, 0 %, 174.36 W, 1980 MHz
2026/09/27 18:06:34.132, 1, 76995 MiB, 0 %, 128.52 W, 1980 MHz
2026/09/27 18:06:34.132, 2, 76995 MiB, 0 %, 125.57 W, 1980 MHz
2026/09/27 18:06:34.133, 3, 76995 MiB, 0 %, 121.95 W, 1980 MHz
2026/09/27 18:06:34.134, 4, 76995 MiB, 0 %, 121.63 W, 1980 MHz
2026/09/27 18:06:34.135, 5, 76995 MiB, 0 %, 122.90 W, 1980 MHz
2026/09/27 18:06:34.135, 6, 76995 MiB, 0 %, 126.26 W, 1980 MHz
2026/09/27 18:06:34.136, 7, 76995 MiB, 0 %, 121.26 W, 1980 MHz
2026/09/27 18:06:35.137, 0, 76995 MiB, 0 %, 174.19 W, 1980 MHz
2026/09/27 18:06:35.138, 1, 76995 MiB, 0 %, 128.27 W, 1980 MHz
2026/09/27 18:06:35.138, 2, 76995 MiB, 0 %, 125.34 W, 1980 MHz
2026/09/27 18:06:35.139, 3, 76995 MiB, 0 %, 121.88 W, 1980 MHz
2026/09/27 18:06:35.140, 4, 76995 MiB, 0 %, 121.47 W, 1980 MHz
2026/09/27 18:06:35.140, 5, 76995 MiB, 0 %, 122.71 W, 1980 MHz
2026/09/27 18:06:35.141, 6, 76995 MiB, 0 %, 125.25 W, 1980 MHz
2026/09/27 18:06:35.142, 7, 76995 MiB, 0 %, 121.17 W, 1980 MHz
2026/09/27 18:06:36.143, 0, 76995 MiB, 0 %, 173.94 W, 1980 MHz
2026/09/27 18:06:36.144, 1, 76995 MiB, 0 %, 128.11 W, 1980 MHz
2026/09/27 18:06:36.145, 2, 76995 MiB, 0 %, 125.20 W, 1980 MHz
2026/09/27 18:06:36.145, 3, 76995 MiB, 0 %, 121.76 W, 1980 MHz
2026/09/27 18:06:36.146, 4, 76995 MiB, 0 %, 121.42 W, 1980 MHz
2026/09/27 18:06:36.147, 5, 76995 MiB, 0 %, 122.54 W, 1980 MHz
2026/09/27 18:06:36.147, 6, 76995 MiB, 0 %, 125.05 W, 1980 MHz
2026/09/27 18:06:36.148, 7, 76995 MiB, 0 %, 121.06 W, 1980 MHz
2026/09/27 18:06:37.149, 0, 76995 MiB, 0 %, 173.80 W, 1980 MHz
2026/09/27 18:06:37.150, 1, 76995 MiB, 0 %, 127.81 W, 1980 MHz
2026/09/27 18:06:37.150, 2, 76995 MiB, 0 %, 124.99 W, 1980 MHz
2026/09/27 18:06:37.151, 3, 76995 MiB, 0 %, 121.60 W, 1980 MHz
2026/09/27 18:06:37.152, 4, 76995 MiB, 0 %, 121.33 W, 1980 MHz
2026/09/27 18:06:37.152, 5, 76995 MiB, 0 %, 122.39 W, 1980 MHz
2026/09/27 18:06:37.153, 6, 76995 MiB, 0 %, 124.92 W, 1980 MHz
2026/09/27 18:06:37.153, 7, 76995 MiB, 0 %, 120.96 W, 1980 MHz
2026/09/27 18:06:38.154, 0, 76995 MiB, 0 %, 173.55 W, 1980 MHz
2026/09/27 18:06:38.155, 1, 76995 MiB, 0 %, 127.30 W, 1980 MHz
2026/09/27 18:06:38.156, 2, 76995 MiB, 0 %, 124.50 W, 1980 MHz
2026/09/27 18:06:38.157, 3, 76995 MiB, 0 %, 121.51 W, 1980 MHz
2026/09/27 18:06:38.157, 4, 76995 MiB, 0 %, 121.20 W, 1980 MHz
2026/09/27 18:06:38.158, 5, 76995 MiB, 0 %, 122.16 W, 1980 MHz
2026/09/27 18:06:38.159, 6, 76995 MiB, 0 %, 124.75 W, 1980 MHz
2026/09/27 18:06:38.159, 7, 76995 MiB, 0 %, 120.86 W, 1980 MHz
2026/09/27 18:06:39.160, 0, 76995 MiB, 0 %, 173.42 W, 1980 MHz
2026/09/27 18:06:39.161, 1, 76995 MiB, 0 %, 127.09 W, 1980 MHz
2026/09/27 18:06:39.161, 2, 76995 MiB, 0 %, 124.08 W, 1980 MHz
2026/09/27 18:06:39.162, 3, 76995 MiB, 0 %, 121.43 W, 1980 MHz
2026/09/27 18:06:39.163, 4, 76995 MiB, 0 %, 121.11 W, 1980 MHz
2026/09/27 18:06:39.164, 5, 76995 MiB, 0 %, 122.05 W, 1980 MHz
2026/09/27 18:06:39.164, 6, 76995 MiB, 0 %, 124.61 W, 1980 MHz
2026/09/27 18:06:39.165, 7, 76995 MiB, 0 %, 120.68 W, 1980 MHz
2026/09/27 18:06:40.166, 0, 76995 MiB, 0 %, 173.22 W, 1980 MHz
2026/09/27 18:06:40.167, 1, 76995 MiB, 0 %, 126.93 W, 1980 MHz
2026/09/27 18:06:40.167, 2, 76995 MiB, 0 %, 124.11 W, 1980 MHz
2026/09/27 18:06:40.168, 3, 76995 MiB, 0 %, 121.34 W, 1980 MHz
2026/09/27 18:06:40.169, 4, 76995 MiB, 0 %, 120.98 W, 1980 MHz
2026/09/27 18:06:40.170, 5, 76995 MiB, 0 %, 121.85 W, 1980 MHz
2026/09/27 18:06:40.170, 6, 76995 MiB, 0 %, 124.44 W, 1980 MHz
2026/09/27 18:06:40.171, 7, 76995 MiB, 0 %, 120.64 W, 1980 MHz
2026/09/27 18:06:41.172, 0, 76995 MiB, 0 %, 173.05 W, 1980 MHz
2026/09/27 18:06:41.173, 1, 76995 MiB, 0 %, 126.80 W, 1980 MHz
2026/09/27 18:06:41.174, 2, 76995 MiB, 0 %, 123.99 W, 1980 MHz
2026/09/27 18:06:41.174, 3, 76995 MiB, 0 %, 121.29 W, 1980 MHz
2026/09/27 18:06:41.175, 4, 76995 MiB, 0 %, 120.85 W, 1980 MHz
2026/09/27 18:06:41.176, 5, 76995 MiB, 0 %, 121.78 W, 1980 MHz
2026/09/27 18:06:41.176, 6, 76995 MiB, 0 %, 124.28 W, 1980 MHz
2026/09/27 18:06:41.177, 7, 76995 MiB, 0 %, 120.53 W, 1980 MHz
2026/09/27 18:06:42.178, 0, 76995 MiB, 0 %, 172.91 W, 1980 MHz
2026/09/27 18:06:42.179, 1, 76995 MiB, 0 %, 126.67 W, 1980 MHz
2026/09/27 18:06:42.180, 2, 76995 MiB, 0 %, 123.81 W, 1980 MHz
2026/09/27 18:06:42.180, 3, 76995 MiB, 0 %, 121.11 W, 1980 MHz
2026/09/27 18:06:42.181, 4, 76995 MiB, 0 %, 120.82 W, 1980 MHz
2026/09/27 18:06:42.182, 5, 76995 MiB, 0 %, 121.61 W, 1980 MHz
2026/09/27 18:06:42.182, 6, 76995 MiB, 0 %, 124.16 W, 1980 MHz
2026/09/27 18:06:42.183, 7, 76995 MiB, 0 %, 120.50 W, 1980 MHz
2026/09/27 18:06:43.184, 0, 76995 MiB, 0 %, 172.78 W, 1980 MHz
2026/09/27 18:06:43.185, 1, 76995 MiB, 0 %, 126.46 W, 1980 MHz
2026/09/27 18:06:43.186, 2, 76995 MiB, 0 %, 123.65 W, 1980 MHz
2026/09/27 18:06:43.186, 3, 76995 MiB, 0 %, 121.05 W, 1980 MHz
2026/09/27 18:06:43.187, 4, 76995 MiB, 0 %, 120.74 W, 1980 MHz
2026/09/27 18:06:43.188, 5, 76995 MiB, 0 %, 121.56 W, 1980 MHz
2026/09/27 18:06:43.188, 6, 76995 MiB, 0 %, 124.09 W, 1980 MHz
2026/09/27 18:06:43.189, 7, 76995 MiB, 0 %, 120.35 W, 1980 MHz
2026/09/27 18:06:44.190, 0, 76995 MiB, 0 %, 172.68 W, 1980 MHz
2026/09/27 18:06:44.191, 1, 76995 MiB, 0 %, 126.30 W, 1980 MHz
2026/09/27 18:06:44.192, 2, 76995 MiB, 0 %, 123.53 W, 1980 MHz
2026/09/27 18:06:44.193, 3, 76995 MiB, 0 %, 120.93 W, 1980 MHz
2026/09/27 18:06:44.193, 4, 76995 MiB, 0 %, 120.67 W, 1980 MHz
2026/09/27 18:06:44.194, 5, 76995 MiB, 0 %, 121.40 W, 1980 MHz
2026/09/27 18:06:44.195, 6, 76995 MiB, 0 %, 123.92 W, 1980 MHz
2026/09/27 18:06:44.195, 7, 76995 MiB, 0 %, 120.24 W, 1980 MHz
2026/09/27 18:06:45.196, 0, 76995 MiB, 0 %, 172.52 W, 1980 MHz
2026/09/27 18:06:45.197, 1, 76995 MiB, 0 %, 126.14 W, 1980 MHz
2026/09/27 18:06:45.197, 2, 76995 MiB, 0 %, 123.41 W, 1980 MHz
2026/09/27 18:06:45.198, 3, 76995 MiB, 0 %, 120.97 W, 1980 MHz
2026/09/27 18:06:45.199, 4, 76995 MiB, 0 %, 120.56 W, 1980 MHz
2026/09/27 18:06:45.199, 5, 76995 MiB, 0 %, 121.22 W, 1980 MHz
2026/09/27 18:06:45.200, 6, 76995 MiB, 0 %, 123.82 W, 1980 MHz
2026/09/27 18:06:45.201, 7, 76995 MiB, 0 %, 120.15 W, 1980 MHz
2026/09/27 18:06:46.201, 0, 76995 MiB, 0 %, 172.43 W, 1980 MHz
2026/09/27 18:06:46.202, 1, 76995 MiB, 0 %, 126.07 W, 1980 MHz
2026/09/27 18:06:46.203, 2, 76995 MiB, 0 %, 123.33 W, 1980 MHz
2026/09/27 18:06:46.203, 3, 76995 MiB, 0 %, 120.88 W, 1980 MHz
2026/09/27 18:06:46.204, 4, 76995 MiB, 0 %, 120.53 W, 1980 MHz
2026/09/27 18:06:46.205, 5, 76995 MiB, 0 %, 121.14 W, 1980 MHz
2026/09/27 18:06:46.205, 6, 76995 MiB, 0 %, 123.62 W, 1980 MHz
2026/09/27 18:06:46.206, 7, 76995 MiB, 0 %, 120.07 W, 1980 MHz
2026/09/27 18:06:47.207, 0, 76995 MiB, 0 %, 172.27 W, 1980 MHz
2026/09/27 18:06:47.207, 1, 76995 MiB, 0 %, 125.97 W, 1980 MHz
2026/09/27 18:06:47.208, 2, 76995 MiB, 0 %, 123.22 W, 1980 MHz
2026/09/27 18:06:47.209, 3, 76995 MiB, 0 %, 120.78 W, 1980 MHz
2026/09/27 18:06:47.209, 4, 76995 MiB, 0 %, 120.43 W, 1980 MHz
2026/09/27 18:06:47.210, 5, 76995 MiB, 0 %, 121.13 W, 1980 MHz
2026/09/27 18:06:47.211, 6, 76995 MiB, 0 %, 123.54 W, 1980 MHz
2026/09/27 18:06:47.211, 7, 76995 MiB, 0 %, 119.55 W, 1980 MHz
2026/09/27 18:06:48.212, 0, 76995 MiB, 0 %, 172.18 W, 1980 MHz
2026/09/27 18:06:48.214, 1, 76995 MiB, 0 %, 125.84 W, 1980 MHz
2026/09/27 18:06:48.215, 2, 76995 MiB, 0 %, 123.15 W, 1980 MHz
2026/09/27 18:06:48.216, 3, 76995 MiB, 0 %, 120.76 W, 1980 MHz
2026/09/27 18:06:48.218, 4, 76995 MiB, 0 %, 120.34 W, 1980 MHz
2026/09/27 18:06:48.219, 5, 76995 MiB, 0 %, 121.03 W, 1980 MHz
2026/09/27 18:06:48.220, 6, 76995 MiB, 0 %, 123.45 W, 1980 MHz
2026/09/27 18:06:48.222, 7, 76995 MiB, 0 %, 119.40 W, 1980 MHz
2026/09/27 18:06:49.223, 0, 76995 MiB, 0 %, 172.08 W, 1980 MHz
2026/09/27 18:06:49.224, 1, 76995 MiB, 0 %, 125.73 W, 1980 MHz
2026/09/27 18:06:49.224, 2, 76995 MiB, 0 %, 122.94 W, 1980 MHz
2026/09/27 18:06:49.225, 3, 76995 MiB, 0 %, 120.66 W, 1980 MHz
2026/09/27 18:06:49.226, 4, 76995 MiB, 0 %, 120.28 W, 1980 MHz
2026/09/27 18:06:49.226, 5, 76995 MiB, 0 %, 120.95 W, 1980 MHz
2026/09/27 18:06:49.227, 6, 76995 MiB, 0 %, 123.40 W, 1980 MHz
2026/09/27 18:06:49.228, 7, 76995 MiB, 0 %, 119.25 W, 1980 MHz
2026/09/27 18:06:50.228, 0, 76995 MiB, 0 %, 171.94 W, 1980 MHz
2026/09/27 18:06:50.230, 1, 76995 MiB, 0 %, 125.63 W, 1980 MHz
2026/09/27 18:06:50.231, 2, 76995 MiB, 0 %, 122.87 W, 1980 MHz
2026/09/27 18:06:50.232, 3, 76995 MiB, 0 %, 120.64 W, 1980 MHz
2026/09/27 18:06:50.234, 4, 76995 MiB, 0 %, 120.25 W, 1980 MHz
2026/09/27 18:06:50.235, 5, 76995 MiB, 0 %, 120.86 W, 1980 MHz
2026/09/27 18:06:50.236, 6, 76995 MiB, 0 %, 123.32 W, 1980 MHz
2026/09/27 18:06:50.238, 7, 76995 MiB, 0 %, 119.17 W, 1980 MHz
2026/09/27 18:06:51.239, 0, 76995 MiB, 0 %, 171.85 W, 1980 MHz
2026/09/27 18:06:51.240, 1, 76995 MiB, 0 %, 125.44 W, 1980 MHz
2026/09/27 18:06:51.241, 2, 76995 MiB, 0 %, 122.79 W, 1980 MHz
2026/09/27 18:06:51.242, 3, 76995 MiB, 0 %, 120.57 W, 1980 MHz
2026/09/27 18:06:51.242, 4, 76995 MiB, 0 %, 120.19 W, 1980 MHz
2026/09/27 18:06:51.243, 5, 76995 MiB, 0 %, 120.78 W, 1980 MHz
2026/09/27 18:06:51.244, 6, 76995 MiB, 0 %, 123.26 W, 1980 MHz
2026/09/27 18:06:51.244, 7, 76995 MiB, 0 %, 119.16 W, 1980 MHz
2026/09/27 18:06:52.245, 0, 76995 MiB, 0 %, 171.75 W, 1980 MHz
2026/09/27 18:06:52.246, 1, 76995 MiB, 0 %, 125.33 W, 1980 MHz
2026/09/27 18:06:52.247, 2, 76995 MiB, 0 %, 122.68 W, 1980 MHz
2026/09/27 18:06:52.247, 3, 76995 MiB, 0 %, 120.55 W, 1980 MHz
2026/09/27 18:06:52.248, 4, 76995 MiB, 0 %, 120.13 W, 1980 MHz
2026/09/27 18:06:52.249, 5, 76995 MiB, 0 %, 120.72 W, 1980 MHz
2026/09/27 18:06:52.249, 6, 76995 MiB, 0 %, 123.10 W, 1980 MHz
2026/09/27 18:06:52.250, 7, 76995 MiB, 0 %, 119.10 W, 1980 MHz
2026/09/27 18:06:53.251, 0, 76995 MiB, 0 %, 171.67 W, 1980 MHz
2026/09/27 18:06:53.252, 1, 76995 MiB, 0 %, 125.31 W, 1980 MHz
2026/09/27 18:06:53.252, 2, 76995 MiB, 0 %, 122.61 W, 1980 MHz
2026/09/27 18:06:53.253, 3, 76995 MiB, 0 %, 120.51 W, 1980 MHz
2026/09/27 18:06:53.254, 4, 76995 MiB, 0 %, 120.04 W, 1980 MHz
2026/09/27 18:06:53.254, 5, 76995 MiB, 0 %, 120.56 W, 1980 MHz
2026/09/27 18:06:53.255, 6, 76995 MiB, 0 %, 123.03 W, 1980 MHz
2026/09/27 18:06:53.255, 7, 76995 MiB, 0 %, 119.07 W, 1980 MHz
2026/09/27 18:06:54.256, 0, 76995 MiB, 0 %, 171.60 W, 1980 MHz
2026/09/27 18:06:54.257, 1, 76995 MiB, 0 %, 125.19 W, 1980 MHz
2026/09/27 18:06:54.258, 2, 76995 MiB, 0 %, 122.58 W, 1980 MHz
2026/09/27 18:06:54.259, 3, 76995 MiB, 0 %, 120.52 W, 1980 MHz
2026/09/27 18:06:54.259, 4, 76995 MiB, 0 %, 119.97 W, 1980 MHz
2026/09/27 18:06:54.260, 5, 76995 MiB, 0 %, 120.53 W, 1980 MHz
2026/09/27 18:06:54.261, 6, 76995 MiB, 0 %, 123.00 W, 1980 MHz
2026/09/27 18:06:54.261, 7, 76995 MiB, 0 %, 119.10 W, 1980 MHz
2026/09/27 18:06:55.262, 0, 76995 MiB, 0 %, 171.52 W, 1980 MHz
2026/09/27 18:06:55.263, 1, 76995 MiB, 0 %, 125.12 W, 1980 MHz
2026/09/27 18:06:55.263, 2, 76995 MiB, 0 %, 122.49 W, 1980 MHz
2026/09/27 18:06:55.264, 3, 76995 MiB, 0 %, 120.43 W, 1980 MHz
2026/09/27 18:06:55.265, 4, 76995 MiB, 0 %, 119.93 W, 1980 MHz
2026/09/27 18:06:55.265, 5, 76995 MiB, 0 %, 120.52 W, 1980 MHz
2026/09/27 18:06:55.266, 6, 76995 MiB, 0 %, 122.90 W, 1980 MHz
2026/09/27 18:06:55.267, 7, 76995 MiB, 0 %, 118.99 W, 1980 MHz
2026/09/27 18:06:56.267, 0, 76995 MiB, 0 %, 171.40 W, 1980 MHz
2026/09/27 18:06:56.268, 1, 76995 MiB, 0 %, 124.25 W, 1980 MHz
2026/09/27 18:06:56.269, 2, 76995 MiB, 0 %, 122.30 W, 1980 MHz
2026/09/27 18:06:56.270, 3, 76995 MiB, 0 %, 120.31 W, 1980 MHz
2026/09/27 18:06:56.270, 4, 76995 MiB, 0 %, 119.91 W, 1980 MHz
2026/09/27 18:06:56.271, 5, 76995 MiB, 0 %, 120.36 W, 1980 MHz
2026/09/27 18:06:56.272, 6, 76995 MiB, 0 %, 122.85 W, 1980 MHz
2026/09/27 18:06:56.272, 7, 76995 MiB, 0 %, 118.98 W, 1980 MHz
2026/09/27 18:06:57.273, 0, 76995 MiB, 0 %, 171.38 W, 1980 MHz
2026/09/27 18:06:57.274, 1, 76995 MiB, 0 %, 124.09 W, 1980 MHz
2026/09/27 18:06:57.274, 2, 76995 MiB, 0 %, 122.29 W, 1980 MHz
2026/09/27 18:06:57.275, 3, 76995 MiB, 0 %, 120.29 W, 1980 MHz
2026/09/27 18:06:57.276, 4, 76995 MiB, 0 %, 119.90 W, 1980 MHz
2026/09/27 18:06:57.276, 5, 76995 MiB, 0 %, 120.36 W, 1980 MHz
2026/09/27 18:06:57.277, 6, 76995 MiB, 0 %, 122.79 W, 1980 MHz
2026/09/27 18:06:57.278, 7, 76995 MiB, 0 %, 118.90 W, 1980 MHz
2026/09/27 18:06:58.278, 0, 76995 MiB, 0 %, 171.29 W, 1980 MHz
2026/09/27 18:06:58.279, 1, 76995 MiB, 0 %, 123.98 W, 1980 MHz
2026/09/27 18:06:58.280, 2, 76995 MiB, 0 %, 122.22 W, 1980 MHz
2026/09/27 18:06:58.281, 3, 76995 MiB, 0 %, 120.32 W, 1980 MHz
2026/09/27 18:06:58.281, 4, 76995 MiB, 0 %, 119.83 W, 1980 MHz
2026/09/27 18:06:58.282, 5, 76995 MiB, 0 %, 120.26 W, 1980 MHz
2026/09/27 18:06:58.283, 6, 76995 MiB, 0 %, 122.68 W, 1980 MHz
2026/09/27 18:06:58.283, 7, 76995 MiB, 0 %, 118.77 W, 1980 MHz
2026/09/27 18:06:59.284, 0, 76995 MiB, 0 %, 171.17 W, 1980 MHz
2026/09/27 18:06:59.285, 1, 76995 MiB, 0 %, 123.95 W, 1980 MHz
2026/09/27 18:06:59.286, 2, 76995 MiB, 0 %, 122.23 W, 1980 MHz
2026/09/27 18:06:59.286, 3, 76995 MiB, 0 %, 120.35 W, 1980 MHz
2026/09/27 18:06:59.287, 4, 76995 MiB, 0 %, 119.81 W, 1980 MHz
2026/09/27 18:06:59.288, 5, 76995 MiB, 0 %, 120.17 W, 1980 MHz
2026/09/27 18:06:59.288, 6, 76995 MiB, 0 %, 122.58 W, 1980 MHz
2026/09/27 18:06:59.289, 7, 76995 MiB, 0 %, 118.80 W, 1980 MHz
2026/09/27 18:07:00.290, 0, 76995 MiB, 0 %, 171.11 W, 1980 MHz
2026/09/27 18:07:00.291, 1, 76995 MiB, 0 %, 123.87 W, 1980 MHz
2026/09/27 18:07:00.291, 2, 76995 MiB, 0 %, 122.06 W, 1980 MHz
2026/09/27 18:07:00.292, 3, 76995 MiB, 0 %, 120.24 W, 1980 MHz
2026/09/27 18:07:00.293, 4, 76995 MiB, 0 %, 119.74 W, 1980 MHz
2026/09/27 18:07:00.294, 5, 76995 MiB, 0 %, 120.18 W, 1980 MHz
2026/09/27 18:07:00.294, 6, 76995 MiB, 0 %, 122.51 W, 1980 MHz
2026/09/27 18:07:00.295, 7, 76995 MiB, 0 %, 118.86 W, 1980 MHz
2026/09/27 18:07:01.296, 0, 76995 MiB, 0 %, 170.99 W, 1980 MHz
2026/09/27 18:07:01.296, 1, 76995 MiB, 0 %, 123.87 W, 1980 MHz
2026/09/27 18:07:01.297, 2, 76995 MiB, 0 %, 122.04 W, 1980 MHz
2026/09/27 18:07:01.298, 3, 76995 MiB, 0 %, 120.22 W, 1980 MHz
2026/09/27 18:07:01.298, 4, 76995 MiB, 0 %, 119.73 W, 1980 MHz
2026/09/27 18:07:01.299, 5, 76995 MiB, 0 %, 120.04 W, 1980 MHz
2026/09/27 18:07:01.300, 6, 76995 MiB, 0 %, 122.46 W, 1980 MHz
2026/09/27 18:07:01.300, 7, 76995 MiB, 0 %, 118.75 W, 1980 MHz
2026/09/27 18:07:02.301, 0, 76995 MiB, 0 %, 170.98 W, 1980 MHz
2026/09/27 18:07:02.302, 1, 76995 MiB, 0 %, 123.78 W, 1980 MHz
2026/09/27 18:07:02.303, 2, 76995 MiB, 0 %, 121.97 W, 1980 MHz
2026/09/27 18:07:02.303, 3, 76995 MiB, 0 %, 120.21 W, 1980 MHz
2026/09/27 18:07:02.304, 4, 76995 MiB, 0 %, 119.70 W, 1980 MHz
2026/09/27 18:07:02.305, 5, 76995 MiB, 0 %, 120.02 W, 1980 MHz
2026/09/27 18:07:02.305, 6, 76995 MiB, 0 %, 122.43 W, 1980 MHz
2026/09/27 18:07:02.306, 7, 76995 MiB, 0 %, 118.65 W, 1980 MHz
2026/09/27 18:07:03.307, 0, 76995 MiB, 0 %, 170.94 W, 1980 MHz
2026/09/27 18:07:03.308, 1, 76995 MiB, 0 %, 123.75 W, 1980 MHz
2026/09/27 18:07:03.308, 2, 76995 MiB, 0 %, 121.95 W, 1980 MHz
2026/09/27 18:07:03.309, 3, 76995 MiB, 0 %, 120.16 W, 1980 MHz
2026/09/27 18:07:03.310, 4, 76995 MiB, 0 %, 119.68 W, 1980 MHz
2026/09/27 18:07:03.310, 5, 76995 MiB, 0 %, 119.87 W, 1980 MHz
2026/09/27 18:07:03.311, 6, 76995 MiB, 0 %, 122.37 W, 1980 MHz
2026/09/27 18:07:03.312, 7, 76995 MiB, 0 %, 118.64 W, 1980 MHz
2026/09/27 18:07:04.312, 0, 76995 MiB, 100 %, 410.50 W, 1980 MHz
2026/09/27 18:07:04.313, 1, 76995 MiB, 100 %, 337.08 W, 1980 MHz
2026/09/27 18:07:04.314, 2, 76995 MiB, 100 %, 313.50 W, 1980 MHz
2026/09/27 18:07:04.315, 3, 76995 MiB, 100 %, 340.63 W, 1980 MHz
2026/09/27 18:07:04.315, 4, 76995 MiB, 100 %, 317.31 W, 1980 MHz
2026/09/27 18:07:04.316, 5, 76995 MiB, 100 %, 325.01 W, 1980 MHz
2026/09/27 18:07:04.317, 6, 76995 MiB, 100 %, 307.14 W, 1980 MHz
2026/09/27 18:07:04.318, 7, 76995 MiB, 100 %, 319.28 W, 1980 MHz
2026/09/27 18:07:05.318, 0, 76995 MiB, 100 %, 587.19 W, 1980 MHz
2026/09/27 18:07:05.319, 1, 76995 MiB, 100 %, 525.38 W, 1980 MHz
2026/09/27 18:07:05.320, 2, 76995 MiB, 100 %, 517.22 W, 1980 MHz
2026/09/27 18:07:05.321, 3, 76995 MiB, 100 %, 525.70 W, 1980 MHz
2026/09/27 18:07:05.321, 4, 76995 MiB, 100 %, 513.56 W, 1980 MHz
2026/09/27 18:07:05.322, 5, 76995 MiB, 100 %, 531.45 W, 1980 MHz
2026/09/27 18:07:05.323, 6, 76995 MiB, 100 %, 532.80 W, 1980 MHz
2026/09/27 18:07:05.324, 7, 76995 MiB, 100 %, 510.43 W, 1980 MHz
2026/09/27 18:07:06.324, 0, 76995 MiB, 100 %, 593.41 W, 1980 MHz
2026/09/27 18:07:06.325, 1, 76995 MiB, 100 %, 529.62 W, 1980 MHz
2026/09/27 18:07:06.326, 2, 76995 MiB, 100 %, 521.26 W, 1980 MHz
2026/09/27 18:07:06.327, 3, 76995 MiB, 100 %, 509.63 W, 1980 MHz
2026/09/27 18:07:06.328, 4, 76995 MiB, 100 %, 507.48 W, 1980 MHz
2026/09/27 18:07:06.328, 5, 76995 MiB, 100 %, 534.35 W, 1980 MHz
2026/09/27 18:07:06.329, 6, 76995 MiB, 100 %, 533.35 W, 1980 MHz
2026/09/27 18:07:06.330, 7, 76995 MiB, 100 %, 513.23 W, 1980 MHz
2026/09/27 18:07:07.331, 0, 76995 MiB, 100 %, 596.67 W, 1980 MHz
2026/09/27 18:07:07.332, 1, 76995 MiB, 100 %, 528.62 W, 1980 MHz
2026/09/27 18:07:07.332, 2, 76995 MiB, 100 %, 531.81 W, 1980 MHz
2026/09/27 18:07:07.333, 3, 76995 MiB, 100 %, 519.08 W, 1980 MHz
2026/09/27 18:07:07.334, 4, 76995 MiB, 100 %, 525.94 W, 1980 MHz
2026/09/27 18:07:07.334, 5, 76995 MiB, 100 %, 537.32 W, 1980 MHz
2026/09/27 18:07:07.335, 6, 76995 MiB, 100 %, 528.88 W, 1980 MHz
2026/09/27 18:07:07.336, 7, 76995 MiB, 100 %, 522.75 W, 1980 MHz
2026/09/27 18:07:08.337, 0, 76995 MiB, 100 %, 582.49 W, 1980 MHz
2026/09/27 18:07:08.338, 1, 76995 MiB, 100 %, 517.59 W, 1980 MHz
2026/09/27 18:07:08.338, 2, 76995 MiB, 100 %, 516.23 W, 1980 MHz
2026/09/27 18:07:08.339, 3, 76995 MiB, 100 %, 514.91 W, 1980 MHz
2026/09/27 18:07:08.340, 4, 76995 MiB, 100 %, 516.15 W, 1980 MHz
2026/09/27 18:07:08.341, 5, 76995 MiB, 100 %, 537.17 W, 1980 MHz
2026/09/27 18:07:08.342, 6, 76995 MiB, 100 %, 535.35 W, 1980 MHz
2026/09/27 18:07:08.342, 7, 76995 MiB, 100 %, 516.32 W, 1980 MHz
2026/09/27 18:07:09.343, 0, 76995 MiB, 100 %, 590.24 W, 1980 MHz
2026/09/27 18:07:09.344, 1, 76995 MiB, 100 %, 538.16 W, 1980 MHz
2026/09/27 18:07:09.345, 2, 76995 MiB, 100 %, 534.27 W, 1980 MHz
2026/09/27 18:07:09.345, 3, 76995 MiB, 100 %, 516.25 W, 1980 MHz
2026/09/27 18:07:09.346, 4, 76995 MiB, 100 %, 521.14 W, 1980 MHz
2026/09/27 18:07:09.347, 5, 76995 MiB, 100 %, 536.73 W, 1980 MHz
2026/09/27 18:07:09.347, 6, 76995 MiB, 100 %, 522.80 W, 1980 MHz
2026/09/27 18:07:09.348, 7, 76995 MiB, 100 %, 522.92 W, 1980 MHz
2026/09/27 18:07:10.349, 0, 76995 MiB, 100 %, 590.70 W, 1980 MHz
2026/09/27 18:07:10.350, 1, 76995 MiB, 100 %, 541.53 W, 1980 MHz
2026/09/27 18:07:10.351, 2, 76995 MiB, 100 %, 532.46 W, 1980 MHz
2026/09/27 18:07:10.351, 3, 76995 MiB, 100 %, 517.57 W, 1980 MHz
2026/09/27 18:07:10.352, 4, 76995 MiB, 100 %, 514.04 W, 1980 MHz
2026/09/27 18:07:10.353, 5, 76995 MiB, 100 %, 547.16 W, 1980 MHz
2026/09/27 18:07:10.353, 6, 76995 MiB, 100 %, 532.18 W, 1980 MHz
2026/09/27 18:07:10.354, 7, 76995 MiB, 100 %, 521.10 W, 1980 MHz
2026/09/27 18:07:11.355, 0, 76995 MiB, 100 %, 599.08 W, 1980 MHz
2026/09/27 18:07:11.356, 1, 76995 MiB, 100 %, 532.88 W, 1980 MHz
2026/09/27 18:07:11.357, 2, 76995 MiB, 100 %, 528.03 W, 1980 MHz
2026/09/27 18:07:11.357, 3, 76995 MiB, 100 %, 520.35 W, 1980 MHz
2026/09/27 18:07:11.358, 4, 76995 MiB, 100 %, 519.23 W, 1980 MHz
2026/09/27 18:07:11.359, 5, 76995 MiB, 100 %, 538.49 W, 1980 MHz
2026/09/27 18:07:11.359, 6, 76995 MiB, 100 %, 538.02 W, 1980 MHz
2026/09/27 18:07:11.360, 7, 76995 MiB, 100 %, 516.57 W, 1980 MHz
2026/09/27 18:07:12.361, 0, 76995 MiB, 100 %, 594.79 W, 1965 MHz
2026/09/27 18:07:12.362, 1, 76995 MiB, 100 %, 524.93 W, 1980 MHz
2026/09/27 18:07:12.363, 2, 76995 MiB, 100 %, 520.90 W, 1980 MHz
2026/09/27 18:07:12.363, 3, 76995 MiB, 100 %, 521.81 W, 1980 MHz
2026/09/27 18:07:12.364, 4, 76995 MiB, 100 %, 516.52 W, 1980 MHz
2026/09/27 18:07:12.365, 5, 76995 MiB, 100 %, 532.26 W, 1980 MHz
2026/09/27 18:07:12.365, 6, 76995 MiB, 100 %, 535.79 W, 1980 MHz
2026/09/27 18:07:12.366, 7, 76995 MiB, 100 %, 515.97 W, 1980 MHz
2026/09/27 18:07:13.367, 0, 76995 MiB, 100 %, 581.83 W, 1950 MHz
2026/09/27 18:07:13.368, 1, 76995 MiB, 100 %, 546.76 W, 1980 MHz
2026/09/27 18:07:13.369, 2, 76995 MiB, 100 %, 542.07 W, 1980 MHz
2026/09/27 18:07:13.369, 3, 76995 MiB, 100 %, 524.99 W, 1980 MHz
2026/09/27 18:07:13.370, 4, 76995 MiB, 100 %, 528.74 W, 1980 MHz
2026/09/27 18:07:13.371, 5, 76995 MiB, 100 %, 538.64 W, 1980 MHz
2026/09/27 18:07:13.371, 6, 76995 MiB, 100 %, 526.48 W, 1980 MHz
2026/09/27 18:07:13.372, 7, 76995 MiB, 100 %, 533.66 W, 1980 MHz
2026/09/27 18:07:14.373, 0, 76995 MiB, 100 %, 586.52 W, 1965 MHz
2026/09/27 18:07:14.374, 1, 76995 MiB, 100 %, 526.08 W, 1980 MHz
2026/09/27 18:07:14.374, 2, 76995 MiB, 100 %, 520.78 W, 1980 MHz
2026/09/27 18:07:14.375, 3, 76995 MiB, 100 %, 512.02 W, 1980 MHz
2026/09/27 18:07:14.376, 4, 76995 MiB, 100 %, 520.13 W, 1980 MHz
2026/09/27 18:07:14.376, 5, 76995 MiB, 100 %, 538.21 W, 1980 MHz
2026/09/27 18:07:14.377, 6, 76995 MiB, 100 %, 545.21 W, 1980 MHz
2026/09/27 18:07:14.378, 7, 76995 MiB, 100 %, 519.83 W, 1980 MHz
2026/09/27 18:07:15.379, 0, 76995 MiB, 100 %, 589.95 W, 1965 MHz
2026/09/27 18:07:15.379, 1, 76995 MiB, 100 %, 546.00 W, 1980 MHz
2026/09/27 18:07:15.380, 2, 76995 MiB, 100 %, 539.02 W, 1980 MHz
2026/09/27 18:07:15.381, 3, 76995 MiB, 100 %, 523.60 W, 1980 MHz
2026/09/27 18:07:15.382, 4, 76995 MiB, 100 %, 508.85 W, 1980 MHz
2026/09/27 18:07:15.382, 5, 76995 MiB, 100 %, 543.48 W, 1980 MHz
2026/09/27 18:07:15.383, 6, 76995 MiB, 100 %, 533.16 W, 1980 MHz
2026/09/27 18:07:15.384, 7, 76995 MiB, 100 %, 526.05 W, 1980 MHz
2026/09/27 18:07:16.385, 0, 76995 MiB, 100 %, 583.32 W, 1890 MHz
2026/09/27 18:07:16.385, 1, 76995 MiB, 100 %, 531.55 W, 1980 MHz
2026/09/27 18:07:16.386, 2, 76995 MiB, 100 %, 513.49 W, 1980 MHz
2026/09/27 18:07:16.387, 3, 76995 MiB, 100 %, 519.68 W, 1980 MHz
2026/09/27 18:07:16.387, 4, 76995 MiB, 100 %, 521.15 W, 1980 MHz
2026/09/27 18:07:16.388, 5, 76995 MiB, 100 %, 540.54 W, 1980 MHz
2026/09/27 18:07:16.389, 6, 76995 MiB, 100 %, 538.75 W, 1980 MHz
2026/09/27 18:07:16.389, 7, 76995 MiB, 100 %, 511.58 W, 1980 MHz
2026/09/27 18:07:17.390, 0, 76995 MiB, 100 %, 579.33 W, 1950 MHz
2026/09/27 18:07:17.391, 1, 76995 MiB, 100 %, 527.37 W, 1980 MHz
2026/09/27 18:07:17.391, 2, 76995 MiB, 100 %, 523.71 W, 1980 MHz
2026/09/27 18:07:17.392, 3, 76995 MiB, 100 %, 529.24 W, 1980 MHz
2026/09/27 18:07:17.393, 4, 76995 MiB, 100 %, 517.89 W, 1980 MHz
2026/09/27 18:07:17.393, 5, 76995 MiB, 100 %, 534.90 W, 1980 MHz
2026/09/27 18:07:17.394, 6, 76995 MiB, 100 %, 532.17 W, 1980 MHz
2026/09/27 18:07:17.395, 7, 76995 MiB, 100 %, 513.46 W, 1980 MHz
2026/09/27 18:07:18.395, 0, 76995 MiB, 100 %, 582.15 W, 1965 MHz
2026/09/27 18:07:18.396, 1, 76995 MiB, 100 %, 529.67 W, 1980 MHz
2026/09/27 18:07:18.397, 2, 76995 MiB, 100 %, 516.57 W, 1980 MHz
2026/09/27 18:07:18.398, 3, 76995 MiB, 100 %, 525.52 W, 1980 MHz
2026/09/27 18:07:18.398, 4, 76995 MiB, 100 %, 517.70 W, 1980 MHz
2026/09/27 18:07:18.399, 5, 76995 MiB, 100 %, 540.06 W, 1980 MHz
2026/09/27 18:07:18.400, 6, 76995 MiB, 100 %, 535.99 W, 1980 MHz
2026/09/27 18:07:18.400, 7, 76995 MiB, 100 %, 517.13 W, 1980 MHz
2026/09/27 18:07:19.401, 0, 76995 MiB, 100 %, 552.83 W, 1920 MHz
2026/09/27 18:07:19.402, 1, 76995 MiB, 100 %, 529.44 W, 1980 MHz
2026/09/27 18:07:19.402, 2, 76995 MiB, 100 %, 528.37 W, 1980 MHz
2026/09/27 18:07:19.403, 3, 76995 MiB, 100 %, 521.59 W, 1980 MHz
2026/09/27 18:07:19.404, 4, 76995 MiB, 100 %, 512.99 W, 1980 MHz
2026/09/27 18:07:19.404, 5, 76995 MiB, 100 %, 535.01 W, 1980 MHz
2026/09/27 18:07:19.405, 6, 76995 MiB, 100 %, 531.35 W, 1980 MHz
2026/09/27 18:07:19.406, 7, 76995 MiB, 100 %, 519.88 W, 1980 MHz
2026/09/27 18:07:20.406, 0, 76995 MiB, 100 %, 550.78 W, 1935 MHz
2026/09/27 18:07:20.407, 1, 76995 MiB, 100 %, 532.47 W, 1980 MHz
2026/09/27 18:07:20.408, 2, 76995 MiB, 100 %, 527.26 W, 1980 MHz
2026/09/27 18:07:20.408, 3, 76995 MiB, 100 %, 518.57 W, 1980 MHz
2026/09/27 18:07:20.409, 4, 76995 MiB, 100 %, 516.74 W, 1980 MHz
2026/09/27 18:07:20.410, 5, 76995 MiB, 100 %, 539.80 W, 1980 MHz
2026/09/27 18:07:20.410, 6, 76995 MiB, 100 %, 531.03 W, 1980 MHz
2026/09/27 18:07:20.411, 7, 76995 MiB, 100 %, 517.92 W, 1980 MHz
2026/09/27 18:07:21.411, 0, 76995 MiB, 100 %, 555.24 W, 1875 MHz
2026/09/27 18:07:21.412, 1, 76995 MiB, 100 %, 529.99 W, 1980 MHz
2026/09/27 18:07:21.413, 2, 76995 MiB, 100 %, 528.09 W, 1980 MHz
2026/09/27 18:07:21.414, 3, 76995 MiB, 100 %, 525.89 W, 1980 MHz
2026/09/27 18:07:21.414, 4, 76995 MiB, 100 %, 515.85 W, 1980 MHz
2026/09/27 18:07:21.415, 5, 76995 MiB, 100 %, 528.92 W, 1980 MHz
2026/09/27 18:07:21.416, 6, 76995 MiB, 100 %, 531.68 W, 1980 MHz
2026/09/27 18:07:21.416, 7, 76995 MiB, 100 %, 512.44 W, 1980 MHz
2026/09/27 18:07:22.417, 0, 76995 MiB, 100 %, 554.23 W, 1860 MHz
2026/09/27 18:07:22.418, 1, 76995 MiB, 100 %, 527.61 W, 1980 MHz
2026/09/27 18:07:22.419, 2, 76995 MiB, 100 %, 520.53 W, 1980 MHz
2026/09/27 18:07:22.419, 3, 76995 MiB, 100 %, 518.38 W, 1980 MHz
2026/09/27 18:07:22.420, 4, 76995 MiB, 100 %, 509.12 W, 1980 MHz
2026/09/27 18:07:22.421, 5, 76995 MiB, 100 %, 536.57 W, 1980 MHz
2026/09/27 18:07:22.421, 6, 76995 MiB, 100 %, 530.06 W, 1980 MHz
2026/09/27 18:07:22.422, 7, 76995 MiB, 100 %, 512.13 W, 1980 MHz
2026/09/27 18:07:23.423, 0, 76995 MiB, 100 %, 564.72 W, 1965 MHz
2026/09/27 18:07:23.423, 1, 76995 MiB, 100 %, 538.59 W, 1980 MHz
2026/09/27 18:07:23.424, 2, 76995 MiB, 100 %, 533.61 W, 1980 MHz
2026/09/27 18:07:23.425, 3, 76995 MiB, 100 %, 525.54 W, 1980 MHz
2026/09/27 18:07:23.426, 4, 76995 MiB, 100 %, 515.96 W, 1980 MHz
2026/09/27 18:07:23.426, 5, 76995 MiB, 100 %, 540.98 W, 1980 MHz
2026/09/27 18:07:23.427, 6, 76995 MiB, 100 %, 530.68 W, 1980 MHz
2026/09/27 18:07:23.428, 7, 76995 MiB, 100 %, 519.30 W, 1980 MHz
2026/09/27 18:07:24.428, 0, 76995 MiB, 100 %, 569.49 W, 1785 MHz
2026/09/27 18:07:24.429, 1, 76995 MiB, 100 %, 537.39 W, 1980 MHz
2026/09/27 18:07:24.430, 2, 76995 MiB, 100 %, 530.45 W, 1980 MHz
2026/09/27 18:07:24.431, 3, 76995 MiB, 100 %, 520.79 W, 1980 MHz
2026/09/27 18:07:24.431, 4, 76995 MiB, 100 %, 522.73 W, 1980 MHz
2026/09/27 18:07:24.432, 5, 76995 MiB, 100 %, 540.76 W, 1980 MHz
2026/09/27 18:07:24.432, 6, 76995 MiB, 100 %, 530.01 W, 1980 MHz
2026/09/27 18:07:24.433, 7, 76995 MiB, 100 %, 523.08 W, 1980 MHz
2026/09/27 18:07:25.434, 0, 76995 MiB, 100 %, 526.74 W, 1890 MHz
2026/09/27 18:07:25.435, 1, 76995 MiB, 100 %, 539.74 W, 1980 MHz
2026/09/27 18:07:25.435, 2, 76995 MiB, 100 %, 526.18 W, 1980 MHz
2026/09/27 18:07:25.436, 3, 76995 MiB, 100 %, 514.20 W, 1980 MHz
2026/09/27 18:07:25.437, 4, 76995 MiB, 100 %, 510.70 W, 1980 MHz
2026/09/27 18:07:25.437, 5, 76995 MiB, 100 %, 542.49 W, 1980 MHz
2026/09/27 18:07:25.438, 6, 76995 MiB, 100 %, 526.87 W, 1980 MHz
2026/09/27 18:07:25.439, 7, 76995 MiB, 100 %, 518.19 W, 1980 MHz
2026/09/27 18:07:26.439, 0, 76995 MiB, 100 %, 540.10 W, 1890 MHz
2026/09/27 18:07:26.440, 1, 76995 MiB, 100 %, 526.12 W, 1980 MHz
2026/09/27 18:07:26.441, 2, 76995 MiB, 100 %, 522.89 W, 1980 MHz
2026/09/27 18:07:26.442, 3, 76995 MiB, 100 %, 513.65 W, 1980 MHz
2026/09/27 18:07:26.442, 4, 76995 MiB, 100 %, 506.16 W, 1980 MHz
2026/09/27 18:07:26.443, 5, 76995 MiB, 100 %, 535.27 W, 1980 MHz
2026/09/27 18:07:26.444, 6, 76995 MiB, 100 %, 539.59 W, 1980 MHz
2026/09/27 18:07:26.444, 7, 76995 MiB, 100 %, 515.02 W, 1980 MHz
2026/09/27 18:07:27.445, 0, 76995 MiB, 100 %, 554.37 W, 1920 MHz
2026/09/27 18:07:27.446, 1, 76995 MiB, 100 %, 531.48 W, 1980 MHz
2026/09/27 18:07:27.447, 2, 76995 MiB, 100 %, 523.26 W, 1980 MHz
2026/09/27 18:07:27.448, 3, 76995 MiB, 100 %, 520.23 W, 1980 MHz
2026/09/27 18:07:27.448, 4, 76995 MiB, 100 %, 512.18 W, 1980 MHz
2026/09/27 18:07:27.449, 5, 76995 MiB, 100 %, 535.74 W, 1980 MHz
2026/09/27 18:07:27.450, 6, 76995 MiB, 100 %, 539.66 W, 1980 MHz
2026/09/27 18:07:27.450, 7, 76995 MiB, 100 %, 517.36 W, 1980 MHz
2026/09/27 18:07:28.451, 0, 76995 MiB, 100 %, 553.73 W, 1845 MHz
2026/09/27 18:07:28.452, 1, 76995 MiB, 100 %, 525.37 W, 1980 MHz
2026/09/27 18:07:28.452, 2, 76995 MiB, 100 %, 527.91 W, 1980 MHz
2026/09/27 18:07:28.453, 3, 76995 MiB, 100 %, 528.74 W, 1980 MHz
2026/09/27 18:07:28.454, 4, 76995 MiB, 100 %, 506.37 W, 1980 MHz
2026/09/27 18:07:28.454, 5, 76995 MiB, 100 %, 530.87 W, 1980 MHz
2026/09/27 18:07:28.455, 6, 76995 MiB, 100 %, 542.32 W, 1980 MHz
2026/09/27 18:07:28.456, 7, 76995 MiB, 100 %, 516.60 W, 1980 MHz
2026/09/27 18:07:29.456, 0, 76995 MiB, 100 %, 569.84 W, 1770 MHz
2026/09/27 18:07:29.457, 1, 76995 MiB, 100 %, 549.19 W, 1980 MHz
2026/09/27 18:07:29.458, 2, 76995 MiB, 100 %, 541.33 W, 1980 MHz
2026/09/27 18:07:29.459, 3, 76995 MiB, 100 %, 529.20 W, 1980 MHz
2026/09/27 18:07:29.459, 4, 76995 MiB, 100 %, 531.15 W, 1980 MHz
2026/09/27 18:07:29.460, 5, 76995 MiB, 100 %, 548.63 W, 1980 MHz
2026/09/27 18:07:29.461, 6, 76995 MiB, 100 %, 540.74 W, 1980 MHz
2026/09/27 18:07:29.461, 7, 76995 MiB, 100 %, 536.14 W, 1980 MHz
2026/09/27 18:07:30.462, 0, 76995 MiB, 100 %, 543.35 W, 1800 MHz
2026/09/27 18:07:30.463, 1, 76995 MiB, 100 %, 539.21 W, 1980 MHz
2026/09/27 18:07:30.464, 2, 76995 MiB, 100 %, 521.67 W, 1980 MHz
2026/09/27 18:07:30.464, 3, 76995 MiB, 100 %, 521.21 W, 1980 MHz
2026/09/27 18:07:30.465, 4, 76995 MiB, 100 %, 511.80 W, 1980 MHz
2026/09/27 18:07:30.466, 5, 76995 MiB, 100 %, 534.85 W, 1980 MHz
2026/09/27 18:07:30.466, 6, 76995 MiB, 100 %, 537.11 W, 1980 MHz
2026/09/27 18:07:30.467, 7, 76995 MiB, 100 %, 515.15 W, 1980 MHz
2026/09/27 18:07:31.468, 0, 76995 MiB, 100 %, 541.90 W, 1755 MHz
2026/09/27 18:07:31.469, 1, 76995 MiB, 100 %, 532.83 W, 1980 MHz
2026/09/27 18:07:31.469, 2, 76995 MiB, 100 %, 530.40 W, 1980 MHz
2026/09/27 18:07:31.470, 3, 76995 MiB, 100 %, 528.97 W, 1980 MHz
2026/09/27 18:07:31.471, 4, 76995 MiB, 100 %, 520.48 W, 1980 MHz
2026/09/27 18:07:31.471, 5, 76995 MiB, 100 %, 535.71 W, 1980 MHz
2026/09/27 18:07:31.472, 6, 76995 MiB, 100 %, 532.86 W, 1980 MHz
2026/09/27 18:07:31.473, 7, 76995 MiB, 100 %, 520.85 W, 1980 MHz
2026/09/27 18:07:32.474, 0, 76995 MiB, 100 %, 543.44 W, 1845 MHz
2026/09/27 18:07:32.475, 1, 76995 MiB, 100 %, 533.25 W, 1980 MHz
2026/09/27 18:07:32.475, 2, 76995 MiB, 100 %, 532.50 W, 1980 MHz
2026/09/27 18:07:32.476, 3, 76995 MiB, 100 %, 521.41 W, 1980 MHz
2026/09/27 18:07:32.477, 4, 76995 MiB, 100 %, 510.50 W, 1980 MHz
2026/09/27 18:07:32.478, 5, 76995 MiB, 100 %, 536.83 W, 1980 MHz
2026/09/27 18:07:32.478, 6, 76995 MiB, 100 %, 536.71 W, 1980 MHz
2026/09/27 18:07:32.479, 7, 76995 MiB, 100 %, 519.04 W, 1980 MHz
2026/09/27 18:07:33.479, 0, 76995 MiB, 100 %, 544.29 W, 1845 MHz
2026/09/27 18:07:33.480, 1, 76995 MiB, 100 %, 532.90 W, 1980 MHz
2026/09/27 18:07:33.481, 2, 76995 MiB, 100 %, 533.11 W, 1980 MHz
2026/09/27 18:07:33.482, 3, 76995 MiB, 100 %, 526.11 W, 1980 MHz
2026/09/27 18:07:33.482, 4, 76995 MiB, 100 %, 514.76 W, 1980 MHz
2026/09/27 18:07:33.483, 5, 76995 MiB, 100 %, 536.92 W, 1980 MHz
2026/09/27 18:07:33.484, 6, 76995 MiB, 100 %, 535.70 W, 1980 MHz
2026/09/27 18:07:33.484, 7, 76995 MiB, 100 %, 519.48 W, 1980 MHz
2026/09/27 18:07:34.485, 0, 76995 MiB, 100 %, 545.67 W, 1830 MHz
2026/09/27 18:07:34.486, 1, 76995 MiB, 100 %, 531.98 W, 1980 MHz
2026/09/27 18:07:34.487, 2, 76995 MiB, 100 %, 515.72 W, 1980 MHz
2026/09/27 18:07:34.487, 3, 76995 MiB, 100 %, 522.63 W, 1980 MHz
2026/09/27 18:07:34.488, 4, 76995 MiB, 100 %, 507.91 W, 1980 MHz
2026/09/27 18:07:34.488, 5, 76995 MiB, 100 %, 531.49 W, 1980 MHz
2026/09/27 18:07:34.489, 6, 76995 MiB, 100 %, 528.58 W, 1980 MHz
2026/09/27 18:07:34.490, 7, 76995 MiB, 100 %, 523.44 W, 1980 MHz
2026/09/27 18:07:35.490, 0, 76995 MiB, 100 %, 542.05 W, 1830 MHz
2026/09/27 18:07:35.491, 1, 76995 MiB, 100 %, 530.18 W, 1980 MHz
2026/09/27 18:07:35.492, 2, 76995 MiB, 100 %, 525.17 W, 1980 MHz
2026/09/27 18:07:35.493, 3, 76995 MiB, 100 %, 523.64 W, 1980 MHz
2026/09/27 18:07:35.493, 4, 76995 MiB, 100 %, 514.75 W, 1980 MHz
2026/09/27 18:07:35.494, 5, 76995 MiB, 100 %, 540.86 W, 1980 MHz
2026/09/27 18:07:35.494, 6, 76995 MiB, 100 %, 545.48 W, 1980 MHz
2026/09/27 18:07:35.495, 7, 76995 MiB, 100 %, 518.14 W, 1980 MHz
2026/09/27 18:07:36.496, 0, 76995 MiB, 100 %, 542.97 W, 1920 MHz
2026/09/27 18:07:36.497, 1, 76995 MiB, 100 %, 536.54 W, 1980 MHz
2026/09/27 18:07:36.498, 2, 76995 MiB, 100 %, 532.52 W, 1980 MHz
2026/09/27 18:07:36.498, 3, 76995 MiB, 100 %, 522.96 W, 1980 MHz
2026/09/27 18:07:36.499, 4, 76995 MiB, 100 %, 513.81 W, 1980 MHz
2026/09/27 18:07:36.500, 5, 76995 MiB, 100 %, 536.78 W, 1980 MHz
2026/09/27 18:07:36.500, 6, 76995 MiB, 100 %, 529.25 W, 1980 MHz
2026/09/27 18:07:36.501, 7, 76995 MiB, 100 %, 518.71 W, 1980 MHz
2026/09/27 18:07:37.502, 0, 76995 MiB, 100 %, 541.90 W, 1770 MHz
2026/09/27 18:07:37.503, 1, 76995 MiB, 100 %, 538.47 W, 1980 MHz
2026/09/27 18:07:37.503, 2, 76995 MiB, 100 %, 523.81 W, 1980 MHz
2026/09/27 18:07:37.504, 3, 76995 MiB, 100 %, 520.11 W, 1980 MHz
2026/09/27 18:07:37.504, 4, 76995 MiB, 100 %, 512.21 W, 1980 MHz
2026/09/27 18:07:37.505, 5, 76995 MiB, 100 %, 537.10 W, 1980 MHz
2026/09/27 18:07:37.506, 6, 76995 MiB, 100 %, 540.76 W, 1980 MHz
2026/09/27 18:07:37.506, 7, 76995 MiB, 100 %, 521.85 W, 1980 MHz
2026/09/27 18:07:38.507, 0, 76995 MiB, 100 %, 518.96 W, 1860 MHz
2026/09/27 18:07:38.508, 1, 76995 MiB, 100 %, 524.16 W, 1980 MHz
2026/09/27 18:07:38.509, 2, 76995 MiB, 100 %, 526.77 W, 1980 MHz
2026/09/27 18:07:38.509, 3, 76995 MiB, 100 %, 523.16 W, 1980 MHz
2026/09/27 18:07:38.510, 4, 76995 MiB, 100 %, 505.89 W, 1980 MHz
2026/09/27 18:07:38.511, 5, 76995 MiB, 100 %, 529.20 W, 1980 MHz
2026/09/27 18:07:38.511, 6, 76995 MiB, 100 %, 534.29 W, 1980 MHz
2026/09/27 18:07:38.512, 7, 76995 MiB, 100 %, 513.12 W, 1980 MHz
2026/09/27 18:07:39.513, 0, 76995 MiB, 100 %, 528.14 W, 1830 MHz
2026/09/27 18:07:39.514, 1, 76995 MiB, 100 %, 528.03 W, 1980 MHz
2026/09/27 18:07:39.514, 2, 76995 MiB, 100 %, 516.39 W, 1980 MHz
2026/09/27 18:07:39.515, 3, 76995 MiB, 100 %, 516.90 W, 1980 MHz
2026/09/27 18:07:39.516, 4, 76995 MiB, 100 %, 516.87 W, 1980 MHz
2026/09/27 18:07:39.517, 5, 76995 MiB, 100 %, 538.12 W, 1980 MHz
2026/09/27 18:07:39.517, 6, 76995 MiB, 100 %, 536.31 W, 1980 MHz
2026/09/27 18:07:39.518, 7, 76995 MiB, 100 %, 515.57 W, 1980 MHz
2026/09/27 18:07:40.519, 0, 76995 MiB, 100 %, 540.57 W, 1725 MHz
2026/09/27 18:07:40.520, 1, 76995 MiB, 100 %, 539.33 W, 1980 MHz
2026/09/27 18:07:40.521, 2, 76995 MiB, 100 %, 527.64 W, 1980 MHz
2026/09/27 18:07:40.521, 3, 76995 MiB, 100 %, 533.13 W, 1980 MHz
2026/09/27 18:07:40.522, 4, 76995 MiB, 100 %, 515.19 W, 1980 MHz
2026/09/27 18:07:40.523, 5, 76995 MiB, 100 %, 541.63 W, 1980 MHz
2026/09/27 18:07:40.523, 6, 76995 MiB, 100 %, 531.29 W, 1980 MHz
2026/09/27 18:07:40.524, 7, 76995 MiB, 100 %, 525.06 W, 1980 MHz
2026/09/27 18:07:41.524, 0, 76995 MiB, 100 %, 530.43 W, 1785 MHz
2026/09/27 18:07:41.525, 1, 76995 MiB, 100 %, 526.24 W, 1980 MHz
2026/09/27 18:07:41.526, 2, 76995 MiB, 100 %, 523.20 W, 1980 MHz
2026/09/27 18:07:41.526, 3, 76995 MiB, 100 %, 519.15 W, 1980 MHz
2026/09/27 18:07:41.527, 4, 76995 MiB, 100 %, 514.51 W, 1980 MHz
2026/09/27 18:07:41.528, 5, 76995 MiB, 100 %, 540.83 W, 1980 MHz
2026/09/27 18:07:41.528, 6, 76995 MiB, 100 %, 535.26 W, 1980 MHz
2026/09/27 18:07:41.529, 7, 76995 MiB, 100 %, 518.73 W, 1980 MHz
2026/09/27 18:07:42.529, 0, 76995 MiB, 100 %, 522.41 W, 1815 MHz
2026/09/27 18:07:42.530, 1, 76995 MiB, 100 %, 532.83 W, 1980 MHz
2026/09/27 18:07:42.531, 2, 76995 MiB, 100 %, 528.63 W, 1980 MHz
2026/09/27 18:07:42.532, 3, 76995 MiB, 100 %, 518.60 W, 1980 MHz
2026/09/27 18:07:42.532, 4, 76995 MiB, 100 %, 511.06 W, 1980 MHz
2026/09/27 18:07:42.533, 5, 76995 MiB, 100 %, 541.39 W, 1980 MHz
2026/09/27 18:07:42.534, 6, 76995 MiB, 100 %, 537.84 W, 1980 MHz
2026/09/27 18:07:42.534, 7, 76995 MiB, 100 %, 525.70 W, 1980 MHz
2026/09/27 18:07:43.535, 0, 76995 MiB, 100 %, 520.87 W, 1710 MHz
2026/09/27 18:07:43.536, 1, 76995 MiB, 100 %, 528.00 W, 1980 MHz
2026/09/27 18:07:43.536, 2, 76995 MiB, 100 %, 522.77 W, 1980 MHz
2026/09/27 18:07:43.537, 3, 76995 MiB, 100 %, 517.21 W, 1980 MHz
2026/09/27 18:07:43.537, 4, 76995 MiB, 100 %, 502.09 W, 1980 MHz
2026/09/27 18:07:43.538, 5, 76995 MiB, 100 %, 531.29 W, 1980 MHz
2026/09/27 18:07:43.539, 6, 76995 MiB, 100 %, 530.33 W, 1980 MHz
2026/09/27 18:07:43.539, 7, 76995 MiB, 100 %, 512.43 W, 1980 MHz
2026/09/27 18:07:44.540, 0, 76995 MiB, 100 %, 521.62 W, 1620 MHz
2026/09/27 18:07:44.541, 1, 76995 MiB, 100 %, 534.88 W, 1980 MHz
2026/09/27 18:07:44.542, 2, 76995 MiB, 100 %, 525.10 W, 1980 MHz
2026/09/27 18:07:44.542, 3, 76995 MiB, 100 %, 526.36 W, 1980 MHz
2026/09/27 18:07:44.543, 4, 76995 MiB, 100 %, 515.77 W, 1980 MHz
2026/09/27 18:07:44.543, 5, 76995 MiB, 100 %, 538.50 W, 1980 MHz
2026/09/27 18:07:44.544, 6, 76995 MiB, 100 %, 530.60 W, 1980 MHz
2026/09/27 18:07:44.545, 7, 76995 MiB, 100 %, 517.26 W, 1980 MHz
2026/09/27 18:07:45.545, 0, 76995 MiB, 100 %, 524.37 W, 1680 MHz
2026/09/27 18:07:45.546, 1, 76995 MiB, 100 %, 531.07 W, 1980 MHz
2026/09/27 18:07:45.547, 2, 76995 MiB, 100 %, 530.86 W, 1980 MHz
2026/09/27 18:07:45.547, 3, 76995 MiB, 100 %, 520.17 W, 1980 MHz
2026/09/27 18:07:45.548, 4, 76995 MiB, 100 %, 513.72 W, 1980 MHz
2026/09/27 18:07:45.549, 5, 76995 MiB, 100 %, 532.53 W, 1980 MHz
2026/09/27 18:07:45.549, 6, 76995 MiB, 100 %, 536.34 W, 1980 MHz
2026/09/27 18:07:45.550, 7, 76995 MiB, 100 %, 515.42 W, 1980 MHz
2026/09/27 18:07:46.551, 0, 76995 MiB, 100 %, 529.08 W, 1680 MHz
2026/09/27 18:07:46.551, 1, 76995 MiB, 100 %, 531.85 W, 1980 MHz
2026/09/27 18:07:46.552, 2, 76995 MiB, 100 %, 523.16 W, 1980 MHz
2026/09/27 18:07:46.553, 3, 76995 MiB, 100 %, 524.97 W, 1980 MHz
2026/09/27 18:07:46.553, 4, 76995 MiB, 100 %, 520.51 W, 1980 MHz
2026/09/27 18:07:46.554, 5, 76995 MiB, 100 %, 542.83 W, 1980 MHz
2026/09/27 18:07:46.555, 6, 76995 MiB, 100 %, 539.95 W, 1980 MHz
2026/09/27 18:07:46.555, 7, 76995 MiB, 100 %, 525.89 W, 1980 MHz
2026/09/27 18:07:47.556, 0, 76995 MiB, 100 %, 530.27 W, 1785 MHz
2026/09/27 18:07:47.557, 1, 76995 MiB, 100 %, 533.81 W, 1980 MHz
2026/09/27 18:07:47.558, 2, 76995 MiB, 100 %, 531.89 W, 1980 MHz
2026/09/27 18:07:47.558, 3, 76995 MiB, 100 %, 520.26 W, 1980 MHz
2026/09/27 18:07:47.559, 4, 76995 MiB, 100 %, 513.00 W, 1980 MHz
2026/09/27 18:07:47.560, 5, 76995 MiB, 100 %, 535.59 W, 1980 MHz
2026/09/27 18:07:47.560, 6, 76995 MiB, 100 %, 531.23 W, 1980 MHz
2026/09/27 18:07:47.561, 7, 76995 MiB, 100 %, 524.24 W, 1980 MHz
2026/09/27 18:07:48.562, 0, 76995 MiB, 100 %, 536.89 W, 1710 MHz
2026/09/27 18:07:48.562, 1, 76995 MiB, 100 %, 525.59 W, 1980 MHz
2026/09/27 18:07:48.563, 2, 76995 MiB, 100 %, 520.59 W, 1980 MHz
2026/09/27 18:07:48.564, 3, 76995 MiB, 100 %, 525.22 W, 1980 MHz
2026/09/27 18:07:48.564, 4, 76995 MiB, 100 %, 516.24 W, 1980 MHz
2026/09/27 18:07:48.565, 5, 76995 MiB, 100 %, 536.58 W, 1980 MHz
2026/09/27 18:07:48.566, 6, 76995 MiB, 100 %, 537.08 W, 1980 MHz
2026/09/27 18:07:48.566, 7, 76995 MiB, 100 %, 512.03 W, 1980 MHz
2026/09/27 18:07:49.567, 0, 76995 MiB, 100 %, 544.62 W, 1800 MHz
2026/09/27 18:07:49.568, 1, 76995 MiB, 100 %, 532.84 W, 1980 MHz
2026/09/27 18:07:49.568, 2, 76995 MiB, 100 %, 524.75 W, 1980 MHz
2026/09/27 18:07:49.569, 3, 76995 MiB, 100 %, 529.63 W, 1980 MHz
2026/09/27 18:07:49.570, 4, 76995 MiB, 100 %, 516.51 W, 1980 MHz
2026/09/27 18:07:49.570, 5, 76995 MiB, 100 %, 535.97 W, 1980 MHz
2026/09/27 18:07:49.571, 6, 76995 MiB, 100 %, 538.82 W, 1980 MHz
2026/09/27 18:07:49.572, 7, 76995 MiB, 100 %, 521.69 W, 1980 MHz
2026/09/27 18:07:50.572, 0, 76995 MiB, 100 %, 537.48 W, 1815 MHz
2026/09/27 18:07:50.573, 1, 76995 MiB, 100 %, 531.62 W, 1980 MHz
2026/09/27 18:07:50.574, 2, 76995 MiB, 100 %, 530.82 W, 1980 MHz
2026/09/27 18:07:50.575, 3, 76995 MiB, 100 %, 526.62 W, 1980 MHz
2026/09/27 18:07:50.575, 4, 76995 MiB, 100 %, 508.21 W, 1980 MHz
2026/09/27 18:07:50.576, 5, 76995 MiB, 100 %, 537.69 W, 1980 MHz
2026/09/27 18:07:50.576, 6, 76995 MiB, 100 %, 543.62 W, 1980 MHz
2026/09/27 18:07:50.577, 7, 76995 MiB, 100 %, 520.56 W, 1980 MHz
2026/09/27 18:07:51.578, 0, 76995 MiB, 100 %, 540.54 W, 1860 MHz
2026/09/27 18:07:51.579, 1, 76995 MiB, 100 %, 538.18 W, 1980 MHz
2026/09/27 18:07:51.579, 2, 76995 MiB, 100 %, 529.25 W, 1980 MHz
2026/09/27 18:07:51.580, 3, 76995 MiB, 100 %, 532.16 W, 1980 MHz
2026/09/27 18:07:51.581, 4, 76995 MiB, 100 %, 515.41 W, 1980 MHz
2026/09/27 18:07:51.581, 5, 76995 MiB, 100 %, 541.05 W, 1980 MHz
2026/09/27 18:07:51.582, 6, 76995 MiB, 100 %, 534.59 W, 1980 MHz
2026/09/27 18:07:51.582, 7, 76995 MiB, 100 %, 522.20 W, 1980 MHz
2026/09/27 18:07:52.583, 0, 76995 MiB, 100 %, 535.67 W, 1725 MHz
2026/09/27 18:07:52.584, 1, 76995 MiB, 100 %, 529.70 W, 1980 MHz
2026/09/27 18:07:52.585, 2, 76995 MiB, 100 %, 525.59 W, 1980 MHz
2026/09/27 18:07:52.586, 3, 76995 MiB, 100 %, 524.59 W, 1980 MHz
2026/09/27 18:07:52.586, 4, 76995 MiB, 100 %, 514.99 W, 1980 MHz
2026/09/27 18:07:52.587, 5, 76995 MiB, 100 %, 540.79 W, 1980 MHz
2026/09/27 18:07:52.587, 6, 76995 MiB, 100 %, 539.97 W, 1980 MHz
2026/09/27 18:07:52.588, 7, 76995 MiB, 100 %, 520.33 W, 1980 MHz
2026/09/27 18:07:53.589, 0, 76995 MiB, 100 %, 519.04 W, 1590 MHz
2026/09/27 18:07:53.589, 1, 76995 MiB, 100 %, 530.86 W, 1980 MHz
2026/09/27 18:07:53.590, 2, 76995 MiB, 100 %, 529.98 W, 1980 MHz
2026/09/27 18:07:53.591, 3, 76995 MiB, 100 %, 522.42 W, 1980 MHz
2026/09/27 18:07:53.591, 4, 76995 MiB, 100 %, 512.29 W, 1980 MHz
2026/09/27 18:07:53.592, 5, 76995 MiB, 100 %, 535.79 W, 1980 MHz
2026/09/27 18:07:53.593, 6, 76995 MiB, 100 %, 536.90 W, 1980 MHz
2026/09/27 18:07:53.593, 7, 76995 MiB, 100 %, 520.61 W, 1980 MHz
2026/09/27 18:07:54.594, 0, 76995 MiB, 100 %, 521.79 W, 1695 MHz
2026/09/27 18:07:54.595, 1, 76995 MiB, 100 %, 524.29 W, 1980 MHz
2026/09/27 18:07:54.596, 2, 76995 MiB, 100 %, 521.44 W, 1980 MHz
2026/09/27 18:07:54.596, 3, 76995 MiB, 100 %, 522.66 W, 1980 MHz
2026/09/27 18:07:54.597, 4, 76995 MiB, 100 %, 507.35 W, 1980 MHz
2026/09/27 18:07:54.598, 5, 76995 MiB, 100 %, 528.88 W, 1980 MHz
2026/09/27 18:07:54.598, 6, 76995 MiB, 100 %, 529.43 W, 1980 MHz
2026/09/27 18:07:54.599, 7, 76995 MiB, 100 %, 516.39 W, 1980 MHz
2026/09/27 18:07:55.600, 0, 76995 MiB, 100 %, 527.97 W, 1695 MHz
2026/09/27 18:07:55.600, 1, 76995 MiB, 100 %, 536.61 W, 1980 MHz
2026/09/27 18:07:55.601, 2, 76995 MiB, 100 %, 524.91 W, 1980 MHz
2026/09/27 18:07:55.602, 3, 76995 MiB, 100 %, 526.90 W, 1980 MHz
2026/09/27 18:07:55.603, 4, 76995 MiB, 100 %, 517.34 W, 1980 MHz
2026/09/27 18:07:55.603, 5, 76995 MiB, 100 %, 539.20 W, 1980 MHz
2026/09/27 18:07:55.604, 6, 76995 MiB, 100 %, 541.61 W, 1980 MHz
2026/09/27 18:07:55.605, 7, 76995 MiB, 100 %, 515.39 W, 1980 MHz
2026/09/27 18:07:56.605, 0, 76995 MiB, 100 %, 497.44 W, 1980 MHz
2026/09/27 18:07:56.607, 1, 76995 MiB, 100 %, 445.39 W, 1980 MHz
2026/09/27 18:07:56.607, 2, 76995 MiB, 100 %, 443.27 W, 1980 MHz
2026/09/27 18:07:56.608, 3, 76995 MiB, 100 %, 449.46 W, 1980 MHz
2026/09/27 18:07:56.608, 4, 76995 MiB, 100 %, 443.50 W, 1980 MHz
2026/09/27 18:07:56.609, 5, 76995 MiB, 100 %, 446.95 W, 1980 MHz
2026/09/27 18:07:56.610, 6, 76995 MiB, 100 %, 452.90 W, 1980 MHz
2026/09/27 18:07:56.610, 7, 76995 MiB, 100 %, 426.15 W, 1980 MHz
2026/09/27 18:07:57.611, 0, 76995 MiB, 100 %, 482.10 W, 1980 MHz
2026/09/27 18:07:57.612, 1, 76995 MiB, 100 %, 424.13 W, 1980 MHz
2026/09/27 18:07:57.613, 2, 76995 MiB, 100 %, 424.33 W, 1980 MHz
2026/09/27 18:07:57.613, 3, 76995 MiB, 100 %, 423.82 W, 1980 MHz
2026/09/27 18:07:57.614, 4, 76995 MiB, 100 %, 417.01 W, 1980 MHz
2026/09/27 18:07:57.614, 5, 76995 MiB, 100 %, 413.65 W, 1980 MHz
2026/09/27 18:07:57.615, 6, 76995 MiB, 100 %, 430.66 W, 1980 MHz
2026/09/27 18:07:57.616, 7, 76995 MiB, 100 %, 413.30 W, 1980 MHz
2026/09/27 18:07:58.616, 0, 76995 MiB, 100 %, 498.17 W, 1965 MHz
2026/09/27 18:07:58.617, 1, 76995 MiB, 100 %, 434.58 W, 1980 MHz
2026/09/27 18:07:58.618, 2, 76995 MiB, 100 %, 425.75 W, 1980 MHz
2026/09/27 18:07:58.618, 3, 76995 MiB, 100 %, 428.51 W, 1980 MHz
2026/09/27 18:07:58.619, 4, 76995 MiB, 100 %, 431.21 W, 1980 MHz
2026/09/27 18:07:58.620, 5, 76995 MiB, 100 %, 424.18 W, 1980 MHz
2026/09/27 18:07:58.620, 6, 76995 MiB, 100 %, 442.76 W, 1980 MHz
2026/09/27 18:07:58.621, 7, 76995 MiB, 100 %, 426.96 W, 1980 MHz
2026/09/27 18:07:59.622, 0, 76995 MiB, 100 %, 550.46 W, 1815 MHz
2026/09/27 18:07:59.623, 1, 76995 MiB, 100 %, 533.23 W, 1980 MHz
2026/09/27 18:07:59.623, 2, 76995 MiB, 100 %, 528.43 W, 1980 MHz
2026/09/27 18:07:59.624, 3, 76995 MiB, 100 %, 523.70 W, 1980 MHz
2026/09/27 18:07:59.625, 4, 76995 MiB, 100 %, 516.98 W, 1980 MHz
2026/09/27 18:07:59.625, 5, 76995 MiB, 100 %, 539.73 W, 1980 MHz
2026/09/27 18:07:59.626, 6, 76995 MiB, 100 %, 540.03 W, 1980 MHz
2026/09/27 18:07:59.626, 7, 76995 MiB, 100 %, 522.24 W, 1980 MHz
2026/09/27 18:08:00.627, 0, 76995 MiB, 100 %, 541.94 W, 1785 MHz
2026/09/27 18:08:00.628, 1, 76995 MiB, 100 %, 528.35 W, 1980 MHz
2026/09/27 18:08:00.629, 2, 76995 MiB, 100 %, 525.72 W, 1980 MHz
2026/09/27 18:08:00.629, 3, 76995 MiB, 100 %, 521.42 W, 1980 MHz
2026/09/27 18:08:00.630, 4, 76995 MiB, 100 %, 512.52 W, 1980 MHz
2026/09/27 18:08:00.631, 5, 76995 MiB, 100 %, 540.96 W, 1980 MHz
2026/09/27 18:08:00.631, 6, 76995 MiB, 100 %, 529.16 W, 1980 MHz
2026/09/27 18:08:00.632, 7, 76995 MiB, 100 %, 521.68 W, 1980 MHz
2026/09/27 18:08:01.633, 0, 76995 MiB, 100 %, 585.45 W, 1920 MHz
2026/09/27 18:08:01.634, 1, 76995 MiB, 100 %, 542.05 W, 1980 MHz
2026/09/27 18:08:01.636, 2, 76995 MiB, 100 %, 532.86 W, 1980 MHz
2026/09/27 18:08:01.637, 3, 76995 MiB, 100 %, 532.58 W, 1980 MHz
2026/09/27 18:08:01.638, 4, 76995 MiB, 100 %, 515.50 W, 1980 MHz
2026/09/27 18:08:01.640, 5, 76995 MiB, 100 %, 547.01 W, 1980 MHz
2026/09/27 18:08:01.642, 6, 76995 MiB, 100 %, 548.81 W, 1980 MHz
2026/09/27 18:08:01.643, 7, 76995 MiB, 100 %, 526.05 W, 1980 MHz
2026/09/27 18:08:02.645, 0, 76995 MiB, 100 %, 512.89 W, 1560 MHz
2026/09/27 18:08:02.646, 1, 76995 MiB, 100 %, 531.91 W, 1980 MHz
2026/09/27 18:08:02.647, 2, 76995 MiB, 100 %, 533.95 W, 1980 MHz
2026/09/27 18:08:02.647, 3, 76995 MiB, 100 %, 518.11 W, 1980 MHz
2026/09/27 18:08:02.648, 4, 76995 MiB, 100 %, 508.72 W, 1980 MHz
2026/09/27 18:08:02.649, 5, 76995 MiB, 100 %, 537.36 W, 1980 MHz
2026/09/27 18:08:02.649, 6, 76995 MiB, 100 %, 520.51 W, 1980 MHz
2026/09/27 18:08:02.650, 7, 76995 MiB, 100 %, 517.60 W, 1980 MHz
2026/09/27 18:08:03.651, 0, 76995 MiB, 100 %, 461.96 W, 1500 MHz
2026/09/27 18:08:03.652, 1, 76995 MiB, 100 %, 519.60 W, 1980 MHz
2026/09/27 18:08:03.652, 2, 76995 MiB, 100 %, 507.38 W, 1980 MHz
2026/09/27 18:08:03.653, 3, 76995 MiB, 100 %, 508.79 W, 1980 MHz
2026/09/27 18:08:03.653, 4, 76995 MiB, 100 %, 499.23 W, 1980 MHz
2026/09/27 18:08:03.654, 5, 76995 MiB, 100 %, 519.76 W, 1980 MHz
2026/09/27 18:08:03.655, 6, 76995 MiB, 100 %, 522.58 W, 1980 MHz
2026/09/27 18:08:03.655, 7, 76995 MiB, 100 %, 500.69 W, 1980 MHz
2026/09/27 18:08:04.656, 0, 76995 MiB, 100 %, 488.27 W, 1575 MHz
2026/09/27 18:08:04.657, 1, 76995 MiB, 100 %, 532.44 W, 1980 MHz
2026/09/27 18:08:04.658, 2, 76995 MiB, 100 %, 522.46 W, 1980 MHz
2026/09/27 18:08:04.658, 3, 76995 MiB, 100 %, 511.71 W, 1980 MHz
2026/09/27 18:08:04.659, 4, 76995 MiB, 100 %, 504.01 W, 1980 MHz
2026/09/27 18:08:04.659, 5, 76995 MiB, 100 %, 535.25 W, 1980 MHz
2026/09/27 18:08:04.660, 6, 76995 MiB, 100 %, 528.93 W, 1980 MHz
2026/09/27 18:08:04.661, 7, 76995 MiB, 100 %, 514.08 W, 1980 MHz
2026/09/27 18:08:05.661, 0, 76995 MiB, 100 %, 509.34 W, 1635 MHz
2026/09/27 18:08:05.662, 1, 76995 MiB, 100 %, 529.29 W, 1980 MHz
2026/09/27 18:08:05.663, 2, 76995 MiB, 100 %, 520.06 W, 1980 MHz
2026/09/27 18:08:05.664, 3, 76995 MiB, 100 %, 517.80 W, 1980 MHz
2026/09/27 18:08:05.664, 4, 76995 MiB, 100 %, 506.89 W, 1980 MHz
2026/09/27 18:08:05.665, 5, 76995 MiB, 100 %, 530.36 W, 1980 MHz
2026/09/27 18:08:05.665, 6, 76995 MiB, 100 %, 534.84 W, 1980 MHz
2026/09/27 18:08:05.666, 7, 76995 MiB, 100 %, 503.94 W, 1980 MHz
2026/09/27 18:08:06.667, 0, 76995 MiB, 100 %, 521.26 W, 1695 MHz
2026/09/27 18:08:06.668, 1, 76995 MiB, 100 %, 541.49 W, 1980 MHz
2026/09/27 18:08:06.669, 2, 76995 MiB, 100 %, 532.11 W, 1980 MHz
2026/09/27 18:08:06.669, 3, 76995 MiB, 100 %, 516.33 W, 1980 MHz
2026/09/27 18:08:06.670, 4, 76995 MiB, 100 %, 520.14 W, 1980 MHz
2026/09/27 18:08:06.671, 5, 76995 MiB, 100 %, 541.90 W, 1980 MHz
2026/09/27 18:08:06.671, 6, 76995 MiB, 100 %, 542.19 W, 1980 MHz
2026/09/27 18:08:06.672, 7, 76995 MiB, 100 %, 520.73 W, 1980 MHz
2026/09/27 18:08:07.672, 0, 76995 MiB, 100 %, 527.65 W, 1680 MHz
2026/09/27 18:08:07.673, 1, 76995 MiB, 100 %, 539.98 W, 1980 MHz
2026/09/27 18:08:07.674, 2, 76995 MiB, 100 %, 527.73 W, 1980 MHz
2026/09/27 18:08:07.675, 3, 76995 MiB, 100 %, 517.96 W, 1980 MHz
2026/09/27 18:08:07.675, 4, 76995 MiB, 100 %, 514.26 W, 1980 MHz
2026/09/27 18:08:07.676, 5, 76995 MiB, 100 %, 540.52 W, 1980 MHz
2026/09/27 18:08:07.676, 6, 76995 MiB, 100 %, 533.18 W, 1980 MHz
2026/09/27 18:08:07.677, 7, 76995 MiB, 100 %, 519.20 W, 1980 MHz
2026/09/27 18:08:08.678, 0, 76995 MiB, 100 %, 521.07 W, 1725 MHz
2026/09/27 18:08:08.679, 1, 76995 MiB, 100 %, 525.49 W, 1980 MHz
2026/09/27 18:08:08.679, 2, 76995 MiB, 100 %, 528.40 W, 1980 MHz
2026/09/27 18:08:08.680, 3, 76995 MiB, 100 %, 518.73 W, 1980 MHz
2026/09/27 18:08:08.680, 4, 76995 MiB, 100 %, 514.39 W, 1980 MHz
2026/09/27 18:08:08.681, 5, 76995 MiB, 100 %, 542.34 W, 1980 MHz
2026/09/27 18:08:08.682, 6, 76995 MiB, 100 %, 537.25 W, 1980 MHz
2026/09/27 18:08:08.682, 7, 76995 MiB, 100 %, 515.57 W, 1980 MHz
2026/09/27 18:08:09.683, 0, 76995 MiB, 100 %, 520.78 W, 1770 MHz
2026/09/27 18:08:09.684, 1, 76995 MiB, 100 %, 533.32 W, 1980 MHz
2026/09/27 18:08:09.685, 2, 76995 MiB, 100 %, 527.00 W, 1980 MHz
2026/09/27 18:08:09.685, 3, 76995 MiB, 100 %, 524.07 W, 1980 MHz
2026/09/27 18:08:09.686, 4, 76995 MiB, 100 %, 505.23 W, 1980 MHz
2026/09/27 18:08:09.686, 5, 76995 MiB, 100 %, 538.80 W, 1980 MHz
2026/09/27 18:08:09.687, 6, 76995 MiB, 100 %, 531.48 W, 1980 MHz
2026/09/27 18:08:09.688, 7, 76995 MiB, 100 %, 517.90 W, 1980 MHz
2026/09/27 18:08:10.688, 0, 76995 MiB, 100 %, 525.59 W, 1695 MHz
2026/09/27 18:08:10.690, 1, 76995 MiB, 100 %, 520.41 W, 1980 MHz
2026/09/27 18:08:10.690, 2, 76995 MiB, 100 %, 512.07 W, 1980 MHz
2026/09/27 18:08:10.691, 3, 76995 MiB, 100 %, 522.79 W, 1980 MHz
2026/09/27 18:08:10.692, 4, 76995 MiB, 100 %, 509.55 W, 1980 MHz
2026/09/27 18:08:10.692, 5, 76995 MiB, 100 %, 537.92 W, 1980 MHz
2026/09/27 18:08:10.693, 6, 76995 MiB, 100 %, 531.82 W, 1980 MHz
2026/09/27 18:08:10.693, 7, 76995 MiB, 100 %, 502.13 W, 1980 MHz
2026/09/27 18:08:11.694, 0, 76995 MiB, 100 %, 506.89 W, 1590 MHz
2026/09/27 18:08:11.696, 1, 76995 MiB, 100 %, 535.17 W, 1980 MHz
2026/09/27 18:08:11.696, 2, 76995 MiB, 100 %, 526.88 W, 1980 MHz
2026/09/27 18:08:11.697, 3, 76995 MiB, 100 %, 528.78 W, 1980 MHz
2026/09/27 18:08:11.698, 4, 76995 MiB, 100 %, 514.34 W, 1980 MHz
2026/09/27 18:08:11.698, 5, 76995 MiB, 100 %, 533.07 W, 1980 MHz
2026/09/27 18:08:11.699, 6, 76995 MiB, 100 %, 532.48 W, 1980 MHz
2026/09/27 18:08:11.700, 7, 76995 MiB, 100 %, 517.84 W, 1980 MHz
2026/09/27 18:08:12.700, 0, 76995 MiB, 100 %, 514.08 W, 1695 MHz
2026/09/27 18:08:12.701, 1, 76995 MiB, 100 %, 531.86 W, 1980 MHz
2026/09/27 18:08:12.702, 2, 76995 MiB, 100 %, 529.28 W, 1980 MHz
2026/09/27 18:08:12.702, 3, 76995 MiB, 100 %, 516.00 W, 1980 MHz
2026/09/27 18:08:12.703, 4, 76995 MiB, 100 %, 509.19 W, 1980 MHz
2026/09/27 18:08:12.704, 5, 76995 MiB, 100 %, 533.04 W, 1980 MHz
2026/09/27 18:08:12.704, 6, 76995 MiB, 100 %, 537.71 W, 1980 MHz
2026/09/27 18:08:12.705, 7, 76995 MiB, 100 %, 517.85 W, 1980 MHz
2026/09/27 18:08:13.705, 0, 76995 MiB, 100 %, 534.15 W, 1710 MHz
2026/09/27 18:08:13.706, 1, 76995 MiB, 100 %, 543.48 W, 1980 MHz
2026/09/27 18:08:13.707, 2, 76995 MiB, 100 %, 537.12 W, 1980 MHz
2026/09/27 18:08:13.708, 3, 76995 MiB, 100 %, 522.99 W, 1980 MHz
2026/09/27 18:08:13.708, 4, 76995 MiB, 100 %, 518.66 W, 1980 MHz
2026/09/27 18:08:13.709, 5, 76995 MiB, 100 %, 548.06 W, 1980 MHz
2026/09/27 18:08:13.709, 6, 76995 MiB, 100 %, 540.97 W, 1980 MHz
2026/09/27 18:08:13.710, 7, 76995 MiB, 100 %, 521.51 W, 1980 MHz
2026/09/27 18:08:14.711, 0, 76995 MiB, 100 %, 537.23 W, 1710 MHz
2026/09/27 18:08:14.712, 1, 76995 MiB, 100 %, 527.05 W, 1980 MHz
2026/09/27 18:08:14.713, 2, 76995 MiB, 100 %, 530.57 W, 1980 MHz
2026/09/27 18:08:14.713, 3, 76995 MiB, 100 %, 525.20 W, 1980 MHz
2026/09/27 18:08:14.714, 4, 76995 MiB, 100 %, 524.82 W, 1980 MHz
2026/09/27 18:08:14.714, 5, 76995 MiB, 100 %, 533.70 W, 1980 MHz
2026/09/27 18:08:14.715, 6, 76995 MiB, 100 %, 536.52 W, 1980 MHz
2026/09/27 18:08:14.716, 7, 76995 MiB, 100 %, 518.26 W, 1980 MHz
2026/09/27 18:08:15.716, 0, 76995 MiB, 100 %, 545.93 W, 1635 MHz
2026/09/27 18:08:15.717, 1, 76995 MiB, 100 %, 541.45 W, 1980 MHz
2026/09/27 18:08:15.718, 2, 76995 MiB, 100 %, 526.87 W, 1980 MHz
2026/09/27 18:08:15.719, 3, 76995 MiB, 100 %, 527.02 W, 1980 MHz
2026/09/27 18:08:15.719, 4, 76995 MiB, 100 %, 519.87 W, 1980 MHz
2026/09/27 18:08:15.720, 5, 76995 MiB, 100 %, 543.93 W, 1980 MHz
2026/09/27 18:08:15.721, 6, 76995 MiB, 100 %, 544.82 W, 1980 MHz
2026/09/27 18:08:15.721, 7, 76995 MiB, 100 %, 524.41 W, 1980 MHz
2026/09/27 18:08:16.722, 0, 76995 MiB, 100 %, 512.04 W, 1770 MHz
2026/09/27 18:08:16.723, 1, 76995 MiB, 100 %, 527.86 W, 1980 MHz
2026/09/27 18:08:16.724, 2, 76995 MiB, 100 %, 527.36 W, 1980 MHz
2026/09/27 18:08:16.724, 3, 76995 MiB, 100 %, 518.21 W, 1980 MHz
2026/09/27 18:08:16.725, 4, 76995 MiB, 100 %, 507.19 W, 1980 MHz
2026/09/27 18:08:16.726, 5, 76995 MiB, 100 %, 534.48 W, 1980 MHz
2026/09/27 18:08:16.726, 6, 76995 MiB, 100 %, 541.43 W, 1980 MHz
2026/09/27 18:08:16.727, 7, 76995 MiB, 100 %, 508.88 W, 1980 MHz
2026/09/27 18:08:17.728, 0, 76995 MiB, 100 %, 533.39 W, 1650 MHz
2026/09/27 18:08:17.729, 1, 76995 MiB, 100 %, 542.28 W, 1980 MHz
2026/09/27 18:08:17.729, 2, 76995 MiB, 100 %, 528.22 W, 1980 MHz
2026/09/27 18:08:17.730, 3, 76995 MiB, 100 %, 521.93 W, 1980 MHz
2026/09/27 18:08:17.731, 4, 76995 MiB, 100 %, 516.50 W, 1980 MHz
2026/09/27 18:08:17.731, 5, 76995 MiB, 100 %, 538.45 W, 1980 MHz
2026/09/27 18:08:17.732, 6, 76995 MiB, 100 %, 540.12 W, 1980 MHz
2026/09/27 18:08:17.732, 7, 76995 MiB, 100 %, 519.39 W, 1980 MHz
2026/09/27 18:08:18.733, 0, 76995 MiB, 100 %, 530.00 W, 1740 MHz
2026/09/27 18:08:18.734, 1, 76995 MiB, 100 %, 539.89 W, 1980 MHz
2026/09/27 18:08:18.735, 2, 76995 MiB, 100 %, 535.35 W, 1980 MHz
2026/09/27 18:08:18.736, 3, 76995 MiB, 100 %, 517.00 W, 1980 MHz
2026/09/27 18:08:18.736, 4, 76995 MiB, 100 %, 517.54 W, 1980 MHz
2026/09/27 18:08:18.737, 5, 76995 MiB, 100 %, 539.47 W, 1980 MHz
2026/09/27 18:08:18.738, 6, 76995 MiB, 100 %, 536.66 W, 1980 MHz
2026/09/27 18:08:18.738, 7, 76995 MiB, 100 %, 525.21 W, 1980 MHz
2026/09/27 18:08:19.739, 0, 76995 MiB, 100 %, 537.44 W, 1815 MHz
2026/09/27 18:08:19.740, 1, 76995 MiB, 100 %, 535.66 W, 1980 MHz
2026/09/27 18:08:19.741, 2, 76995 MiB, 100 %, 525.08 W, 1980 MHz
2026/09/27 18:08:19.742, 3, 76995 MiB, 100 %, 521.43 W, 1980 MHz
2026/09/27 18:08:19.742, 4, 76995 MiB, 100 %, 511.66 W, 1980 MHz
2026/09/27 18:08:19.743, 5, 76995 MiB, 100 %, 537.49 W, 1980 MHz
2026/09/27 18:08:19.744, 6, 76995 MiB, 100 %, 539.62 W, 1980 MHz
2026/09/27 18:08:19.744, 7, 76995 MiB, 100 %, 514.01 W, 1980 MHz
2026/09/27 18:08:20.745, 0, 76995 MiB, 100 %, 532.03 W, 1845 MHz
2026/09/27 18:08:20.746, 1, 76995 MiB, 100 %, 532.81 W, 1980 MHz
2026/09/27 18:08:20.747, 2, 76995 MiB, 100 %, 529.51 W, 1980 MHz
2026/09/27 18:08:20.747, 3, 76995 MiB, 100 %, 523.51 W, 1980 MHz
2026/09/27 18:08:20.748, 4, 76995 MiB, 100 %, 517.66 W, 1980 MHz
2026/09/27 18:08:20.748, 5, 76995 MiB, 100 %, 531.39 W, 1980 MHz
2026/09/27 18:08:20.749, 6, 76995 MiB, 100 %, 539.40 W, 1980 MHz
2026/09/27 18:08:20.750, 7, 76995 MiB, 100 %, 518.92 W, 1980 MHz
2026/09/27 18:08:21.750, 0, 76995 MiB, 100 %, 533.52 W, 1620 MHz
2026/09/27 18:08:21.752, 1, 76995 MiB, 100 %, 534.80 W, 1980 MHz
2026/09/27 18:08:21.752, 2, 76995 MiB, 100 %, 529.98 W, 1980 MHz
2026/09/27 18:08:21.753, 3, 76995 MiB, 100 %, 523.24 W, 1980 MHz
2026/09/27 18:08:21.754, 4, 76995 MiB, 100 %, 520.18 W, 1980 MHz
2026/09/27 18:08:21.754, 5, 76995 MiB, 100 %, 535.83 W, 1980 MHz
2026/09/27 18:08:21.755, 6, 76995 MiB, 100 %, 548.62 W, 1980 MHz
2026/09/27 18:08:21.756, 7, 76995 MiB, 100 %, 517.27 W, 1980 MHz
2026/09/27 18:08:22.756, 0, 76995 MiB, 100 %, 521.63 W, 1665 MHz
2026/09/27 18:08:22.757, 1, 76995 MiB, 100 %, 533.10 W, 1980 MHz
2026/09/27 18:08:22.758, 2, 76995 MiB, 100 %, 527.89 W, 1980 MHz
2026/09/27 18:08:22.759, 3, 76995 MiB, 100 %, 523.07 W, 1980 MHz
2026/09/27 18:08:22.759, 4, 76995 MiB, 100 %, 513.73 W, 1980 MHz
2026/09/27 18:08:22.760, 5, 76995 MiB, 100 %, 539.87 W, 1980 MHz
2026/09/27 18:08:22.761, 6, 76995 MiB, 100 %, 539.23 W, 1980 MHz
2026/09/27 18:08:22.761, 7, 76995 MiB, 100 %, 525.98 W, 1980 MHz
2026/09/27 18:08:23.762, 0, 76995 MiB, 100 %, 523.62 W, 1680 MHz
2026/09/27 18:08:23.763, 1, 76995 MiB, 100 %, 532.71 W, 1980 MHz
2026/09/27 18:08:23.764, 2, 76995 MiB, 100 %, 537.29 W, 1980 MHz
2026/09/27 18:08:23.764, 3, 76995 MiB, 100 %, 523.00 W, 1980 MHz
2026/09/27 18:08:23.765, 4, 76995 MiB, 100 %, 515.02 W, 1980 MHz
2026/09/27 18:08:23.766, 5, 76995 MiB, 100 %, 534.43 W, 1980 MHz
2026/09/27 18:08:23.766, 6, 76995 MiB, 100 %, 537.87 W, 1980 MHz
2026/09/27 18:08:23.767, 7, 76995 MiB, 100 %, 520.99 W, 1980 MHz
2026/09/27 18:08:24.768, 0, 76995 MiB, 100 %, 530.39 W, 1680 MHz
2026/09/27 18:08:24.769, 1, 76995 MiB, 100 %, 532.72 W, 1980 MHz
2026/09/27 18:08:24.770, 2, 76995 MiB, 100 %, 529.78 W, 1980 MHz
2026/09/27 18:08:24.770, 3, 76995 MiB, 100 %, 519.88 W, 1980 MHz
2026/09/27 18:08:24.771, 4, 76995 MiB, 100 %, 518.63 W, 1980 MHz
2026/09/27 18:08:24.771, 5, 76995 MiB, 100 %, 538.34 W, 1980 MHz
2026/09/27 18:08:24.772, 6, 76995 MiB, 100 %, 539.98 W, 1980 MHz
2026/09/27 18:08:24.773, 7, 76995 MiB, 100 %, 526.33 W, 1980 MHz
2026/09/27 18:08:25.774, 0, 76995 MiB, 100 %, 532.48 W, 1620 MHz
2026/09/27 18:08:25.775, 1, 76995 MiB, 100 %, 535.92 W, 1980 MHz
2026/09/27 18:08:25.775, 2, 76995 MiB, 100 %, 522.25 W, 1980 MHz
2026/09/27 18:08:25.776, 3, 76995 MiB, 100 %, 522.40 W, 1980 MHz
2026/09/27 18:08:25.777, 4, 76995 MiB, 100 %, 509.16 W, 1980 MHz
2026/09/27 18:08:25.777, 5, 76995 MiB, 100 %, 534.12 W, 1980 MHz
2026/09/27 18:08:25.778, 6, 76995 MiB, 100 %, 540.60 W, 1980 MHz
2026/09/27 18:08:25.779, 7, 76995 MiB, 100 %, 518.65 W, 1980 MHz
2026/09/27 18:08:26.779, 0, 76995 MiB, 100 %, 533.50 W, 1710 MHz
2026/09/27 18:08:26.781, 1, 76995 MiB, 100 %, 529.54 W, 1980 MHz
2026/09/27 18:08:26.782, 2, 76995 MiB, 100 %, 527.87 W, 1980 MHz
2026/09/27 18:08:26.782, 3, 76995 MiB, 100 %, 518.47 W, 1980 MHz
2026/09/27 18:08:26.783, 4, 76995 MiB, 100 %, 517.99 W, 1980 MHz
2026/09/27 18:08:26.784, 5, 76995 MiB, 100 %, 534.75 W, 1980 MHz
2026/09/27 18:08:26.784, 6, 76995 MiB, 100 %, 535.41 W, 1980 MHz
2026/09/27 18:08:26.785, 7, 76995 MiB, 100 %, 518.76 W, 1980 MHz
2026/09/27 18:08:27.786, 0, 76995 MiB, 100 %, 528.31 W, 1800 MHz
2026/09/27 18:08:27.787, 1, 76995 MiB, 100 %, 545.54 W, 1980 MHz
2026/09/27 18:08:27.787, 2, 76995 MiB, 100 %, 528.92 W, 1980 MHz
2026/09/27 18:08:27.788, 3, 76995 MiB, 100 %, 525.52 W, 1980 MHz
2026/09/27 18:08:27.789, 4, 76995 MiB, 100 %, 520.07 W, 1980 MHz
2026/09/27 18:08:27.789, 5, 76995 MiB, 100 %, 534.84 W, 1980 MHz
2026/09/27 18:08:27.790, 6, 76995 MiB, 100 %, 528.69 W, 1980 MHz
2026/09/27 18:08:27.791, 7, 76995 MiB, 100 %, 522.43 W, 1980 MHz
2026/09/27 18:08:28.791, 0, 76995 MiB, 100 %, 568.18 W, 1800 MHz
2026/09/27 18:08:28.792, 1, 76995 MiB, 100 %, 534.30 W, 1980 MHz
2026/09/27 18:08:28.793, 2, 76995 MiB, 100 %, 522.57 W, 1980 MHz
2026/09/27 18:08:28.793, 3, 76995 MiB, 100 %, 531.32 W, 1980 MHz
2026/09/27 18:08:28.794, 4, 76995 MiB, 100 %, 515.96 W, 1980 MHz
2026/09/27 18:08:28.795, 5, 76995 MiB, 100 %, 539.01 W, 1980 MHz
2026/09/27 18:08:28.795, 6, 76995 MiB, 100 %, 542.36 W, 1980 MHz
2026/09/27 18:08:28.796, 7, 76995 MiB, 100 %, 517.73 W, 1980 MHz
2026/09/27 18:08:29.797, 0, 76995 MiB, 100 %, 551.13 W, 1905 MHz
2026/09/27 18:08:29.798, 1, 76995 MiB, 100 %, 536.43 W, 1980 MHz
2026/09/27 18:08:29.799, 2, 76995 MiB, 100 %, 531.99 W, 1980 MHz
2026/09/27 18:08:29.799, 3, 76995 MiB, 100 %, 529.45 W, 1980 MHz
2026/09/27 18:08:29.800, 4, 76995 MiB, 100 %, 520.15 W, 1980 MHz
2026/09/27 18:08:29.801, 5, 76995 MiB, 100 %, 533.79 W, 1980 MHz
2026/09/27 18:08:29.801, 6, 76995 MiB, 100 %, 533.18 W, 1980 MHz
2026/09/27 18:08:29.802, 7, 76995 MiB, 100 %, 530.46 W, 1980 MHz
2026/09/27 18:08:30.803, 0, 76995 MiB, 100 %, 532.08 W, 1920 MHz
2026/09/27 18:08:30.804, 1, 76995 MiB, 100 %, 529.28 W, 1980 MHz
2026/09/27 18:08:30.804, 2, 76995 MiB, 100 %, 521.37 W, 1980 MHz
2026/09/27 18:08:30.805, 3, 76995 MiB, 100 %, 526.32 W, 1980 MHz
2026/09/27 18:08:30.806, 4, 76995 MiB, 100 %, 514.39 W, 1980 MHz
2026/09/27 18:08:30.806, 5, 76995 MiB, 100 %, 530.54 W, 1980 MHz
2026/09/27 18:08:30.807, 6, 76995 MiB, 100 %, 537.13 W, 1980 MHz
2026/09/27 18:08:30.808, 7, 76995 MiB, 100 %, 516.31 W, 1980 MHz
2026/09/27 18:08:31.808, 0, 76995 MiB, 100 %, 547.62 W, 1620 MHz
2026/09/27 18:08:31.810, 1, 76995 MiB, 100 %, 539.13 W, 1980 MHz
2026/09/27 18:08:31.810, 2, 76995 MiB, 100 %, 535.47 W, 1980 MHz
2026/09/27 18:08:31.811, 3, 76995 MiB, 100 %, 530.19 W, 1980 MHz
2026/09/27 18:08:31.812, 4, 76995 MiB, 100 %, 516.39 W, 1980 MHz
2026/09/27 18:08:31.812, 5, 76995 MiB, 100 %, 538.80 W, 1980 MHz
2026/09/27 18:08:31.813, 6, 76995 MiB, 100 %, 538.68 W, 1980 MHz
2026/09/27 18:08:31.813, 7, 76995 MiB, 100 %, 522.75 W, 1980 MHz
2026/09/27 18:08:32.814, 0, 76995 MiB, 100 %, 540.53 W, 1755 MHz
2026/09/27 18:08:32.815, 1, 76995 MiB, 100 %, 537.40 W, 1980 MHz
2026/09/27 18:08:32.816, 2, 76995 MiB, 100 %, 526.68 W, 1980 MHz
2026/09/27 18:08:32.817, 3, 76995 MiB, 100 %, 526.84 W, 1980 MHz
2026/09/27 18:08:32.817, 4, 76995 MiB, 100 %, 513.90 W, 1980 MHz
2026/09/27 18:08:32.818, 5, 76995 MiB, 100 %, 538.92 W, 1980 MHz
2026/09/27 18:08:32.818, 6, 76995 MiB, 100 %, 535.09 W, 1980 MHz
2026/09/27 18:08:32.819, 7, 76995 MiB, 100 %, 518.96 W, 1980 MHz
2026/09/27 18:08:33.820, 0, 76995 MiB, 100 %, 530.71 W, 1770 MHz
2026/09/27 18:08:33.821, 1, 76995 MiB, 100 %, 539.35 W, 1980 MHz
2026/09/27 18:08:33.821, 2, 76995 MiB, 100 %, 529.50 W, 1980 MHz
2026/09/27 18:08:33.822, 3, 76995 MiB, 100 %, 526.85 W, 1980 MHz
2026/09/27 18:08:33.823, 4, 76995 MiB, 100 %, 557.91 W, 1980 MHz
2026/09/27 18:08:33.823, 5, 76995 MiB, 100 %, 541.57 W, 1980 MHz
2026/09/27 18:08:33.824, 6, 76995 MiB, 100 %, 535.73 W, 1980 MHz
2026/09/27 18:08:33.825, 7, 76995 MiB, 100 %, 521.80 W, 1980 MHz
2026/09/27 18:08:34.826, 0, 76995 MiB, 100 %, 536.56 W, 1755 MHz
2026/09/27 18:08:34.827, 1, 76995 MiB, 100 %, 529.90 W, 1980 MHz
2026/09/27 18:08:34.827, 2, 76995 MiB, 100 %, 531.10 W, 1980 MHz
2026/09/27 18:08:34.828, 3, 76995 MiB, 100 %, 525.36 W, 1980 MHz
2026/09/27 18:08:34.829, 4, 76995 MiB, 100 %, 522.78 W, 1980 MHz
2026/09/27 18:08:34.829, 5, 76995 MiB, 100 %, 530.88 W, 1980 MHz
2026/09/27 18:08:34.830, 6, 76995 MiB, 100 %, 527.14 W, 1980 MHz
2026/09/27 18:08:34.831, 7, 76995 MiB, 100 %, 518.29 W, 1980 MHz
2026/09/27 18:08:35.831, 0, 76995 MiB, 100 %, 530.01 W, 1770 MHz
2026/09/27 18:08:35.832, 1, 76995 MiB, 100 %, 533.07 W, 1980 MHz
2026/09/27 18:08:35.833, 2, 76995 MiB, 100 %, 526.12 W, 1980 MHz
2026/09/27 18:08:35.834, 3, 76995 MiB, 100 %, 525.29 W, 1980 MHz
2026/09/27 18:08:35.834, 4, 76995 MiB, 100 %, 517.53 W, 1980 MHz
2026/09/27 18:08:35.835, 5, 76995 MiB, 100 %, 535.52 W, 1980 MHz
2026/09/27 18:08:35.836, 6, 76995 MiB, 100 %, 539.29 W, 1980 MHz
2026/09/27 18:08:35.836, 7, 76995 MiB, 100 %, 519.12 W, 1980 MHz
2026/09/27 18:08:36.837, 0, 76995 MiB, 100 %, 550.11 W, 1845 MHz
2026/09/27 18:08:36.838, 1, 76995 MiB, 100 %, 539.04 W, 1980 MHz
2026/09/27 18:08:36.839, 2, 76995 MiB, 100 %, 527.48 W, 1980 MHz
2026/09/27 18:08:36.840, 3, 76995 MiB, 100 %, 533.71 W, 1980 MHz
2026/09/27 18:08:36.840, 4, 76995 MiB, 100 %, 520.03 W, 1980 MHz
2026/09/27 18:08:36.841, 5, 76995 MiB, 100 %, 536.38 W, 1980 MHz
2026/09/27 18:08:36.841, 6, 76995 MiB, 100 %, 530.80 W, 1980 MHz
2026/09/27 18:08:36.842, 7, 76995 MiB, 100 %, 522.18 W, 1980 MHz
2026/09/27 18:08:37.843, 0, 76995 MiB, 100 %, 540.25 W, 1680 MHz
2026/09/27 18:08:37.843, 1, 76995 MiB, 100 %, 536.29 W, 1980 MHz
2026/09/27 18:08:37.844, 2, 76995 MiB, 100 %, 527.23 W, 1980 MHz
2026/09/27 18:08:37.845, 3, 76995 MiB, 100 %, 532.17 W, 1980 MHz
2026/09/27 18:08:37.845, 4, 76995 MiB, 100 %, 519.42 W, 1980 MHz
2026/09/27 18:08:37.846, 5, 76995 MiB, 100 %, 537.88 W, 1980 MHz
2026/09/27 18:08:37.847, 6, 76995 MiB, 100 %, 538.23 W, 1980 MHz
2026/09/27 18:08:37.847, 7, 76995 MiB, 100 %, 522.75 W, 1980 MHz
2026/09/27 18:08:38.848, 0, 76995 MiB, 100 %, 540.99 W, 1665 MHz
2026/09/27 18:08:38.849, 1, 76995 MiB, 100 %, 537.11 W, 1980 MHz
2026/09/27 18:08:38.849, 2, 76995 MiB, 100 %, 531.37 W, 1980 MHz
2026/09/27 18:08:38.850, 3, 76995 MiB, 100 %, 524.04 W, 1980 MHz
2026/09/27 18:08:38.851, 4, 76995 MiB, 100 %, 512.36 W, 1980 MHz
2026/09/27 18:08:38.851, 5, 76995 MiB, 100 %, 528.87 W, 1980 MHz
2026/09/27 18:08:38.852, 6, 76995 MiB, 100 %, 534.22 W, 1980 MHz
2026/09/27 18:08:38.853, 7, 76995 MiB, 100 %, 517.41 W, 1980 MHz
2026/09/27 18:08:39.853, 0, 76995 MiB, 100 %, 540.57 W, 1695 MHz
2026/09/27 18:08:39.854, 1, 76995 MiB, 100 %, 543.75 W, 1980 MHz
2026/09/27 18:08:39.855, 2, 76995 MiB, 100 %, 517.44 W, 1980 MHz
2026/09/27 18:08:39.856, 3, 76995 MiB, 100 %, 532.04 W, 1980 MHz
2026/09/27 18:08:39.856, 4, 76995 MiB, 100 %, 513.98 W, 1980 MHz
2026/09/27 18:08:39.857, 5, 76995 MiB, 100 %, 538.25 W, 1980 MHz
2026/09/27 18:08:39.858, 6, 76995 MiB, 100 %, 534.48 W, 1980 MHz
2026/09/27 18:08:39.858, 7, 76995 MiB, 100 %, 519.62 W, 1980 MHz
2026/09/27 18:08:40.859, 0, 76995 MiB, 100 %, 530.09 W, 1815 MHz
2026/09/27 18:08:40.860, 1, 76995 MiB, 100 %, 540.09 W, 1980 MHz
2026/09/27 18:08:40.861, 2, 76995 MiB, 100 %, 530.34 W, 1980 MHz
2026/09/27 18:08:40.861, 3, 76995 MiB, 100 %, 525.51 W, 1980 MHz
2026/09/27 18:08:40.862, 4, 76995 MiB, 100 %, 511.88 W, 1980 MHz
2026/09/27 18:08:40.863, 5, 76995 MiB, 100 %, 524.55 W, 1980 MHz
2026/09/27 18:08:40.863, 6, 76995 MiB, 100 %, 525.36 W, 1980 MHz
2026/09/27 18:08:40.864, 7, 76995 MiB, 100 %, 518.56 W, 1980 MHz
2026/09/27 18:08:41.865, 0, 76995 MiB, 100 %, 532.84 W, 1680 MHz
2026/09/27 18:08:41.866, 1, 76995 MiB, 100 %, 529.14 W, 1980 MHz
2026/09/27 18:08:41.867, 2, 76995 MiB, 100 %, 516.26 W, 1980 MHz
2026/09/27 18:08:41.867, 3, 76995 MiB, 100 %, 527.46 W, 1980 MHz
2026/09/27 18:08:41.868, 4, 76995 MiB, 100 %, 512.95 W, 1980 MHz
2026/09/27 18:08:41.869, 5, 76995 MiB, 100 %, 527.91 W, 1980 MHz
2026/09/27 18:08:41.869, 6, 76995 MiB, 100 %, 542.11 W, 1980 MHz
2026/09/27 18:08:41.870, 7, 76995 MiB, 100 %, 521.26 W, 1980 MHz
2026/09/27 18:08:42.871, 0, 76995 MiB, 100 %, 548.91 W, 1815 MHz
2026/09/27 18:08:42.871, 1, 76995 MiB, 100 %, 540.33 W, 1980 MHz
2026/09/27 18:08:42.872, 2, 76995 MiB, 100 %, 532.24 W, 1980 MHz
2026/09/27 18:08:42.873, 3, 76995 MiB, 100 %, 529.64 W, 1980 MHz
2026/09/27 18:08:42.873, 4, 76995 MiB, 100 %, 522.54 W, 1980 MHz
2026/09/27 18:08:42.874, 5, 76995 MiB, 100 %, 540.89 W, 1980 MHz
2026/09/27 18:08:42.875, 6, 76995 MiB, 100 %, 535.38 W, 1980 MHz
2026/09/27 18:08:42.876, 7, 76995 MiB, 100 %, 528.83 W, 1980 MHz
2026/09/27 18:08:43.876, 0, 76995 MiB, 100 %, 529.83 W, 1740 MHz
2026/09/27 18:08:43.877, 1, 76995 MiB, 100 %, 531.43 W, 1980 MHz
2026/09/27 18:08:43.878, 2, 76995 MiB, 100 %, 521.25 W, 1980 MHz
2026/09/27 18:08:43.878, 3, 76995 MiB, 100 %, 520.20 W, 1980 MHz
2026/09/27 18:08:43.879, 4, 76995 MiB, 100 %, 517.97 W, 1980 MHz
2026/09/27 18:08:43.880, 5, 76995 MiB, 100 %, 534.28 W, 1980 MHz
2026/09/27 18:08:43.880, 6, 76995 MiB, 100 %, 533.43 W, 1980 MHz
2026/09/27 18:08:43.881, 7, 76995 MiB, 100 %, 513.79 W, 1980 MHz
2026/09/27 18:08:44.882, 0, 76995 MiB, 100 %, 516.88 W, 1545 MHz
2026/09/27 18:08:44.882, 1, 76995 MiB, 100 %, 549.85 W, 1980 MHz
2026/09/27 18:08:44.883, 2, 76995 MiB, 100 %, 530.95 W, 1980 MHz
2026/09/27 18:08:44.884, 3, 76995 MiB, 100 %, 520.50 W, 1980 MHz
2026/09/27 18:08:44.885, 4, 76995 MiB, 100 %, 514.51 W, 1980 MHz
2026/09/27 18:08:44.885, 5, 76995 MiB, 100 %, 539.20 W, 1980 MHz
2026/09/27 18:08:44.886, 6, 76995 MiB, 100 %, 534.95 W, 1980 MHz
2026/09/27 18:08:44.886, 7, 76995 MiB, 100 %, 522.97 W, 1980 MHz
2026/09/27 18:08:45.887, 0, 76995 MiB, 100 %, 524.26 W, 1650 MHz
2026/09/27 18:08:45.888, 1, 76995 MiB, 100 %, 526.12 W, 1980 MHz
2026/09/27 18:08:45.889, 2, 76995 MiB, 100 %, 514.37 W, 1980 MHz
2026/09/27 18:08:45.890, 3, 76995 MiB, 100 %, 525.42 W, 1980 MHz
2026/09/27 18:08:45.890, 4, 76995 MiB, 100 %, 516.22 W, 1980 MHz
2026/09/27 18:08:45.891, 5, 76995 MiB, 100 %, 534.41 W, 1980 MHz
2026/09/27 18:08:45.892, 6, 76995 MiB, 100 %, 528.44 W, 1980 MHz
2026/09/27 18:08:45.892, 7, 76995 MiB, 100 %, 516.18 W, 1980 MHz
2026/09/27 18:08:46.893, 0, 76995 MiB, 100 %, 527.74 W, 1650 MHz
2026/09/27 18:08:46.894, 1, 76995 MiB, 100 %, 535.31 W, 1980 MHz
2026/09/27 18:08:46.894, 2, 76995 MiB, 100 %, 525.98 W, 1980 MHz
2026/09/27 18:08:46.895, 3, 76995 MiB, 100 %, 527.77 W, 1980 MHz
2026/09/27 18:08:46.896, 4, 76995 MiB, 100 %, 516.92 W, 1980 MHz
2026/09/27 18:08:46.896, 5, 76995 MiB, 100 %, 536.71 W, 1980 MHz
2026/09/27 18:08:46.897, 6, 76995 MiB, 100 %, 533.44 W, 1980 MHz
2026/09/27 18:08:46.898, 7, 76995 MiB, 100 %, 516.63 W, 1980 MHz
2026/09/27 18:08:47.898, 0, 76995 MiB, 100 %, 544.48 W, 1740 MHz
2026/09/27 18:08:47.899, 1, 76995 MiB, 100 %, 539.93 W, 1980 MHz
2026/09/27 18:08:47.900, 2, 76995 MiB, 100 %, 528.64 W, 1980 MHz
2026/09/27 18:08:47.900, 3, 76995 MiB, 100 %, 528.93 W, 1980 MHz
2026/09/27 18:08:47.901, 4, 76995 MiB, 100 %, 522.88 W, 1980 MHz
2026/09/27 18:08:47.902, 5, 76995 MiB, 100 %, 536.46 W, 1980 MHz
2026/09/27 18:08:47.902, 6, 76995 MiB, 100 %, 529.92 W, 1980 MHz
2026/09/27 18:08:47.903, 7, 76995 MiB, 100 %, 527.96 W, 1980 MHz
2026/09/27 18:08:48.904, 0, 76995 MiB, 100 %, 532.05 W, 1710 MHz
2026/09/27 18:08:48.905, 1, 76995 MiB, 100 %, 531.07 W, 1980 MHz
2026/09/27 18:08:48.905, 2, 76995 MiB, 100 %, 528.56 W, 1980 MHz
2026/09/27 18:08:48.906, 3, 76995 MiB, 100 %, 531.22 W, 1980 MHz
2026/09/27 18:08:48.907, 4, 76995 MiB, 100 %, 515.31 W, 1980 MHz
2026/09/27 18:08:48.907, 5, 76995 MiB, 100 %, 538.41 W, 1980 MHz
2026/09/27 18:08:48.908, 6, 76995 MiB, 100 %, 537.25 W, 1980 MHz
2026/09/27 18:08:48.908, 7, 76995 MiB, 100 %, 519.20 W, 1980 MHz
2026/09/27 18:08:49.909, 0, 76995 MiB, 100 %, 525.80 W, 1845 MHz
2026/09/27 18:08:49.910, 1, 76995 MiB, 100 %, 539.19 W, 1980 MHz
2026/09/27 18:08:49.911, 2, 76995 MiB, 100 %, 529.04 W, 1980 MHz
2026/09/27 18:08:49.911, 3, 76995 MiB, 100 %, 531.11 W, 1980 MHz
2026/09/27 18:08:49.912, 4, 76995 MiB, 100 %, 518.26 W, 1980 MHz
2026/09/27 18:08:49.913, 5, 76995 MiB, 100 %, 532.65 W, 1980 MHz
2026/09/27 18:08:49.913, 6, 76995 MiB, 100 %, 525.87 W, 1980 MHz
2026/09/27 18:08:49.914, 7, 76995 MiB, 100 %, 522.11 W, 1980 MHz
2026/09/27 18:08:50.915, 0, 76995 MiB, 100 %, 521.97 W, 1710 MHz
2026/09/27 18:08:50.916, 1, 76995 MiB, 100 %, 536.02 W, 1980 MHz
2026/09/27 18:08:50.917, 2, 76995 MiB, 100 %, 519.55 W, 1980 MHz
2026/09/27 18:08:50.917, 3, 76995 MiB, 100 %, 524.47 W, 1980 MHz
2026/09/27 18:08:50.918, 4, 76995 MiB, 100 %, 515.23 W, 1980 MHz
2026/09/27 18:08:50.919, 5, 76995 MiB, 100 %, 538.55 W, 1980 MHz
2026/09/27 18:08:50.919, 6, 76995 MiB, 100 %, 527.68 W, 1980 MHz
2026/09/27 18:08:50.920, 7, 76995 MiB, 100 %, 519.23 W, 1980 MHz
2026/09/27 18:08:51.921, 0, 76995 MiB, 100 %, 503.28 W, 1980 MHz
2026/09/27 18:08:51.922, 1, 76995 MiB, 100 %, 480.03 W, 1980 MHz
2026/09/27 18:08:51.922, 2, 76995 MiB, 100 %, 474.70 W, 1980 MHz
2026/09/27 18:08:51.923, 3, 76995 MiB, 100 %, 469.54 W, 1980 MHz
2026/09/27 18:08:51.924, 4, 76995 MiB, 100 %, 469.04 W, 1980 MHz
2026/09/27 18:08:51.924, 5, 76995 MiB, 100 %, 477.28 W, 1980 MHz
2026/09/27 18:08:51.925, 6, 76995 MiB, 100 %, 486.86 W, 1980 MHz
2026/09/27 18:08:51.926, 7, 76995 MiB, 100 %, 470.69 W, 1980 MHz
2026/09/27 18:08:52.926, 0, 76995 MiB, 100 %, 486.60 W, 1980 MHz
2026/09/27 18:08:52.927, 1, 76995 MiB, 100 %, 422.99 W, 1980 MHz
2026/09/27 18:08:52.928, 2, 76995 MiB, 100 %, 417.94 W, 1980 MHz
2026/09/27 18:08:52.928, 3, 76995 MiB, 100 %, 417.59 W, 1980 MHz
2026/09/27 18:08:52.929, 4, 76995 MiB, 100 %, 410.19 W, 1980 MHz
2026/09/27 18:08:52.930, 5, 76995 MiB, 100 %, 415.19 W, 1980 MHz
2026/09/27 18:08:52.930, 6, 76995 MiB, 100 %, 421.32 W, 1980 MHz
2026/09/27 18:08:52.931, 7, 76995 MiB, 100 %, 408.56 W, 1980 MHz
2026/09/27 18:08:53.932, 0, 76995 MiB, 100 %, 489.83 W, 1980 MHz
2026/09/27 18:08:53.932, 1, 76995 MiB, 100 %, 421.41 W, 1980 MHz
2026/09/27 18:08:53.933, 2, 76995 MiB, 100 %, 420.93 W, 1980 MHz
2026/09/27 18:08:53.934, 3, 76995 MiB, 100 %, 426.32 W, 1980 MHz
2026/09/27 18:08:53.934, 4, 76995 MiB, 100 %, 413.00 W, 1980 MHz
2026/09/27 18:08:53.935, 5, 76995 MiB, 100 %, 418.84 W, 1980 MHz
2026/09/27 18:08:53.936, 6, 76995 MiB, 100 %, 425.53 W, 1980 MHz
2026/09/27 18:08:53.936, 7, 76995 MiB, 100 %, 410.92 W, 1980 MHz
2026/09/27 18:08:54.937, 0, 76995 MiB, 100 %, 537.47 W, 1830 MHz
2026/09/27 18:08:54.938, 1, 76995 MiB, 100 %, 524.56 W, 1980 MHz
2026/09/27 18:08:54.939, 2, 76995 MiB, 100 %, 512.56 W, 1980 MHz
2026/09/27 18:08:54.939, 3, 76995 MiB, 100 %, 517.79 W, 1980 MHz
2026/09/27 18:08:54.940, 4, 76995 MiB, 100 %, 503.48 W, 1980 MHz
2026/09/27 18:08:54.940, 5, 76995 MiB, 100 %, 524.68 W, 1980 MHz
2026/09/27 18:08:54.941, 6, 76995 MiB, 100 %, 520.85 W, 1980 MHz
2026/09/27 18:08:54.942, 7, 76995 MiB, 100 %, 510.49 W, 1980 MHz
2026/09/27 18:08:55.942, 0, 76995 MiB, 100 %, 528.93 W, 1725 MHz
2026/09/27 18:08:55.943, 1, 76995 MiB, 100 %, 529.82 W, 1980 MHz
2026/09/27 18:08:55.944, 2, 76995 MiB, 100 %, 521.23 W, 1980 MHz
2026/09/27 18:08:55.945, 3, 76995 MiB, 100 %, 527.72 W, 1980 MHz
2026/09/27 18:08:55.945, 4, 76995 MiB, 100 %, 513.89 W, 1980 MHz
2026/09/27 18:08:55.946, 5, 76995 MiB, 100 %, 532.47 W, 1980 MHz
2026/09/27 18:08:55.947, 6, 76995 MiB, 100 %, 538.97 W, 1980 MHz
2026/09/27 18:08:55.947, 7, 76995 MiB, 100 %, 514.93 W, 1980 MHz
2026/09/27 18:08:56.948, 0, 76995 MiB, 100 %, 511.86 W, 1560 MHz
2026/09/27 18:08:56.949, 1, 76995 MiB, 100 %, 532.36 W, 1980 MHz
2026/09/27 18:08:56.949, 2, 76995 MiB, 100 %, 535.39 W, 1980 MHz
2026/09/27 18:08:56.950, 3, 76995 MiB, 100 %, 524.46 W, 1980 MHz
2026/09/27 18:08:56.951, 4, 76995 MiB, 100 %, 513.97 W, 1980 MHz
2026/09/27 18:08:56.951, 5, 76995 MiB, 100 %, 540.96 W, 1980 MHz
2026/09/27 18:08:56.952, 6, 76995 MiB, 100 %, 536.20 W, 1980 MHz
2026/09/27 18:08:56.953, 7, 76995 MiB, 100 %, 520.87 W, 1980 MHz
2026/09/27 18:08:57.953, 0, 76995 MiB, 100 %, 520.05 W, 1620 MHz
2026/09/27 18:08:57.954, 1, 76995 MiB, 100 %, 530.19 W, 1980 MHz
2026/09/27 18:08:57.955, 2, 76995 MiB, 100 %, 529.19 W, 1980 MHz
2026/09/27 18:08:57.955, 3, 76995 MiB, 100 %, 525.22 W, 1980 MHz
2026/09/27 18:08:57.956, 4, 76995 MiB, 100 %, 511.87 W, 1980 MHz
2026/09/27 18:08:57.957, 5, 76995 MiB, 100 %, 538.05 W, 1980 MHz
2026/09/27 18:08:57.957, 6, 76995 MiB, 100 %, 536.48 W, 1980 MHz
2026/09/27 18:08:57.958, 7, 76995 MiB, 100 %, 511.88 W, 1980 MHz
2026/09/27 18:08:58.959, 0, 76995 MiB, 100 %, 535.96 W, 1770 MHz
2026/09/27 18:08:58.960, 1, 76995 MiB, 100 %, 544.53 W, 1980 MHz
2026/09/27 18:08:58.960, 2, 76995 MiB, 100 %, 536.28 W, 1980 MHz
2026/09/27 18:08:58.961, 3, 76995 MiB, 100 %, 527.41 W, 1980 MHz
2026/09/27 18:08:58.962, 4, 76995 MiB, 100 %, 520.40 W, 1980 MHz
2026/09/27 18:08:58.962, 5, 76995 MiB, 100 %, 549.78 W, 1980 MHz
2026/09/27 18:08:58.963, 6, 76995 MiB, 100 %, 543.09 W, 1980 MHz
2026/09/27 18:08:58.964, 7, 76995 MiB, 100 %, 528.17 W, 1980 MHz
2026/09/27 18:08:59.964, 0, 76995 MiB, 100 %, 505.48 W, 1575 MHz
2026/09/27 18:08:59.965, 1, 76995 MiB, 100 %, 522.06 W, 1980 MHz
2026/09/27 18:08:59.966, 2, 76995 MiB, 100 %, 521.68 W, 1980 MHz
2026/09/27 18:08:59.967, 3, 76995 MiB, 100 %, 516.35 W, 1980 MHz
2026/09/27 18:08:59.967, 4, 76995 MiB, 100 %, 504.40 W, 1980 MHz
2026/09/27 18:08:59.968, 5, 76995 MiB, 100 %, 522.21 W, 1980 MHz
2026/09/27 18:08:59.968, 6, 76995 MiB, 100 %, 533.31 W, 1980 MHz
2026/09/27 18:08:59.969, 7, 76995 MiB, 100 %, 508.31 W, 1980 MHz
2026/09/27 18:09:00.970, 0, 76995 MiB, 100 %, 479.89 W, 1650 MHz
2026/09/27 18:09:00.971, 1, 76995 MiB, 100 %, 525.52 W, 1980 MHz
2026/09/27 18:09:00.971, 2, 76995 MiB, 100 %, 512.45 W, 1980 MHz
2026/09/27 18:09:00.972, 3, 76995 MiB, 100 %, 511.68 W, 1980 MHz
2026/09/27 18:09:00.973, 4, 76995 MiB, 100 %, 510.90 W, 1980 MHz
2026/09/27 18:09:00.973, 5, 76995 MiB, 100 %, 529.77 W, 1980 MHz
2026/09/27 18:09:00.974, 6, 76995 MiB, 100 %, 535.07 W, 1980 MHz
2026/09/27 18:09:00.975, 7, 76995 MiB, 100 %, 511.61 W, 1980 MHz
2026/09/27 18:09:01.975, 0, 76995 MiB, 100 %, 498.09 W, 1755 MHz
2026/09/27 18:09:01.976, 1, 76995 MiB, 100 %, 520.40 W, 1980 MHz
2026/09/27 18:09:01.977, 2, 76995 MiB, 100 %, 524.68 W, 1980 MHz
2026/09/27 18:09:01.978, 3, 76995 MiB, 100 %, 515.57 W, 1980 MHz
2026/09/27 18:09:01.979, 4, 76995 MiB, 100 %, 517.60 W, 1980 MHz
2026/09/27 18:09:01.979, 5, 76995 MiB, 100 %, 533.08 W, 1980 MHz
2026/09/27 18:09:01.980, 6, 76995 MiB, 100 %, 532.05 W, 1980 MHz
2026/09/27 18:09:01.981, 7, 76995 MiB, 100 %, 518.57 W, 1980 MHz
2026/09/27 18:09:02.981, 0, 76995 MiB, 100 %, 503.29 W, 1650 MHz
2026/09/27 18:09:02.982, 1, 76995 MiB, 100 %, 522.32 W, 1980 MHz
2026/09/27 18:09:02.983, 2, 76995 MiB, 100 %, 513.80 W, 1980 MHz
2026/09/27 18:09:02.984, 3, 76995 MiB, 100 %, 513.58 W, 1980 MHz
2026/09/27 18:09:02.984, 4, 76995 MiB, 100 %, 512.60 W, 1980 MHz
2026/09/27 18:09:02.985, 5, 76995 MiB, 100 %, 531.49 W, 1980 MHz
2026/09/27 18:09:02.985, 6, 76995 MiB, 100 %, 535.70 W, 1980 MHz
2026/09/27 18:09:02.986, 7, 76995 MiB, 100 %, 517.54 W, 1980 MHz
2026/09/27 18:09:03.987, 0, 76995 MiB, 100 %, 509.67 W, 1560 MHz
2026/09/27 18:09:03.988, 1, 76995 MiB, 100 %, 535.32 W, 1980 MHz
2026/09/27 18:09:03.988, 2, 76995 MiB, 100 %, 531.39 W, 1980 MHz
2026/09/27 18:09:03.989, 3, 76995 MiB, 100 %, 528.90 W, 1980 MHz
2026/09/27 18:09:03.990, 4, 76995 MiB, 100 %, 511.26 W, 1980 MHz
2026/09/27 18:09:03.990, 5, 76995 MiB, 100 %, 538.37 W, 1980 MHz
2026/09/27 18:09:03.991, 6, 76995 MiB, 100 %, 526.44 W, 1980 MHz
2026/09/27 18:09:03.992, 7, 76995 MiB, 100 %, 513.38 W, 1980 MHz
2026/09/27 18:09:04.992, 0, 76995 MiB, 100 %, 549.56 W, 1890 MHz
2026/09/27 18:09:04.993, 1, 76995 MiB, 100 %, 533.80 W, 1980 MHz
2026/09/27 18:09:04.994, 2, 76995 MiB, 100 %, 529.84 W, 1980 MHz
2026/09/27 18:09:04.995, 3, 76995 MiB, 100 %, 525.42 W, 1980 MHz
2026/09/27 18:09:04.995, 4, 76995 MiB, 100 %, 514.90 W, 1980 MHz
2026/09/27 18:09:04.996, 5, 76995 MiB, 100 %, 536.08 W, 1980 MHz
2026/09/27 18:09:04.997, 6, 76995 MiB, 100 %, 535.18 W, 1980 MHz
2026/09/27 18:09:04.997, 7, 76995 MiB, 100 %, 519.56 W, 1980 MHz
2026/09/27 18:09:05.998, 0, 76995 MiB, 100 %, 541.10 W, 1770 MHz
2026/09/27 18:09:05.999, 1, 76995 MiB, 100 %, 539.75 W, 1980 MHz
2026/09/27 18:09:06.000, 2, 76995 MiB, 100 %, 531.90 W, 1980 MHz
2026/09/27 18:09:06.001, 3, 76995 MiB, 100 %, 525.47 W, 1980 MHz
2026/09/27 18:09:06.001, 4, 76995 MiB, 100 %, 518.95 W, 1980 MHz
2026/09/27 18:09:06.002, 5, 76995 MiB, 100 %, 548.11 W, 1980 MHz
2026/09/27 18:09:06.003, 6, 76995 MiB, 100 %, 541.72 W, 1980 MHz
2026/09/27 18:09:06.003, 7, 76995 MiB, 100 %, 522.96 W, 1980 MHz
2026/09/27 18:09:07.004, 0, 76995 MiB, 100 %, 540.43 W, 1755 MHz
2026/09/27 18:09:07.005, 1, 76995 MiB, 100 %, 535.35 W, 1980 MHz
2026/09/27 18:09:07.006, 2, 76995 MiB, 100 %, 533.66 W, 1980 MHz
2026/09/27 18:09:07.007, 3, 76995 MiB, 100 %, 524.60 W, 1980 MHz
2026/09/27 18:09:07.008, 4, 76995 MiB, 100 %, 518.26 W, 1980 MHz
2026/09/27 18:09:07.008, 5, 76995 MiB, 100 %, 540.28 W, 1980 MHz
2026/09/27 18:09:07.009, 6, 76995 MiB, 100 %, 529.48 W, 1980 MHz
2026/09/27 18:09:07.010, 7, 76995 MiB, 100 %, 524.05 W, 1980 MHz
2026/09/27 18:09:08.010, 0, 76995 MiB, 100 %, 503.31 W, 1545 MHz
2026/09/27 18:09:08.011, 1, 76995 MiB, 100 %, 519.08 W, 1980 MHz
2026/09/27 18:09:08.012, 2, 76995 MiB, 100 %, 519.36 W, 1980 MHz
2026/09/27 18:09:08.013, 3, 76995 MiB, 100 %, 516.78 W, 1980 MHz
2026/09/27 18:09:08.013, 4, 76995 MiB, 100 %, 511.42 W, 1980 MHz
2026/09/27 18:09:08.014, 5, 76995 MiB, 100 %, 528.96 W, 1980 MHz
2026/09/27 18:09:08.015, 6, 76995 MiB, 100 %, 524.02 W, 1980 MHz
2026/09/27 18:09:08.015, 7, 76995 MiB, 100 %, 510.94 W, 1980 MHz
2026/09/27 18:09:09.016, 0, 76995 MiB, 100 %, 479.29 W, 1770 MHz
2026/09/27 18:09:09.017, 1, 76995 MiB, 100 %, 533.14 W, 1980 MHz
2026/09/27 18:09:09.018, 2, 76995 MiB, 100 %, 518.75 W, 1980 MHz
2026/09/27 18:09:09.018, 3, 76995 MiB, 100 %, 507.60 W, 1980 MHz
2026/09/27 18:09:09.019, 4, 76995 MiB, 100 %, 510.10 W, 1980 MHz
2026/09/27 18:09:09.020, 5, 76995 MiB, 100 %, 532.62 W, 1980 MHz
2026/09/27 18:09:09.020, 6, 76995 MiB, 100 %, 518.07 W, 1980 MHz
2026/09/27 18:09:09.021, 7, 76995 MiB, 100 %, 520.14 W, 1980 MHz
2026/09/27 18:09:10.022, 0, 76995 MiB, 100 %, 500.87 W, 1650 MHz
2026/09/27 18:09:10.023, 1, 76995 MiB, 100 %, 516.48 W, 1980 MHz
2026/09/27 18:09:10.023, 2, 76995 MiB, 100 %, 508.11 W, 1980 MHz
2026/09/27 18:09:10.024, 3, 76995 MiB, 100 %, 507.96 W, 1980 MHz
2026/09/27 18:09:10.025, 4, 76995 MiB, 100 %, 511.90 W, 1980 MHz
2026/09/27 18:09:10.026, 5, 76995 MiB, 100 %, 535.98 W, 1980 MHz
2026/09/27 18:09:10.026, 6, 76995 MiB, 100 %, 524.50 W, 1980 MHz
2026/09/27 18:09:10.027, 7, 76995 MiB, 100 %, 513.53 W, 1980 MHz
2026/09/27 18:09:11.028, 0, 76995 MiB, 100 %, 519.54 W, 1680 MHz
2026/09/27 18:09:11.030, 1, 76995 MiB, 100 %, 533.12 W, 1980 MHz
2026/09/27 18:09:11.031, 2, 76995 MiB, 100 %, 520.29 W, 1980 MHz
2026/09/27 18:09:11.032, 3, 76995 MiB, 100 %, 532.55 W, 1980 MHz
2026/09/27 18:09:11.034, 4, 76995 MiB, 100 %, 520.25 W, 1980 MHz
2026/09/27 18:09:11.035, 5, 76995 MiB, 100 %, 536.97 W, 1980 MHz
2026/09/27 18:09:11.037, 6, 76995 MiB, 100 %, 532.06 W, 1980 MHz
2026/09/27 18:09:11.040, 7, 76995 MiB, 100 %, 519.33 W, 1980 MHz
2026/09/27 18:09:12.041, 0, 76995 MiB, 100 %, 519.31 W, 1605 MHz
2026/09/27 18:09:12.042, 1, 76995 MiB, 100 %, 528.24 W, 1980 MHz
2026/09/27 18:09:12.043, 2, 76995 MiB, 100 %, 530.90 W, 1980 MHz
2026/09/27 18:09:12.044, 3, 76995 MiB, 100 %, 519.85 W, 1980 MHz
2026/09/27 18:09:12.044, 4, 76995 MiB, 100 %, 510.68 W, 1980 MHz
2026/09/27 18:09:12.045, 5, 76995 MiB, 100 %, 539.81 W, 1980 MHz
2026/09/27 18:09:12.046, 6, 76995 MiB, 100 %, 528.33 W, 1980 MHz
2026/09/27 18:09:12.046, 7, 76995 MiB, 100 %, 518.01 W, 1980 MHz
2026/09/27 18:09:13.047, 0, 76995 MiB, 100 %, 519.30 W, 1590 MHz
2026/09/27 18:09:13.048, 1, 76995 MiB, 100 %, 538.53 W, 1980 MHz
2026/09/27 18:09:13.049, 2, 76995 MiB, 100 %, 522.43 W, 1980 MHz
2026/09/27 18:09:13.049, 3, 76995 MiB, 100 %, 529.67 W, 1980 MHz
2026/09/27 18:09:13.050, 4, 76995 MiB, 100 %, 508.35 W, 1980 MHz
2026/09/27 18:09:13.051, 5, 76995 MiB, 100 %, 537.53 W, 1980 MHz
2026/09/27 18:09:13.051, 6, 76995 MiB, 100 %, 526.46 W, 1980 MHz
2026/09/27 18:09:13.052, 7, 76995 MiB, 100 %, 518.84 W, 1980 MHz
2026/09/27 18:09:14.053, 0, 76995 MiB, 100 %, 496.23 W, 1740 MHz
2026/09/27 18:09:14.053, 1, 76995 MiB, 100 %, 532.44 W, 1980 MHz
2026/09/27 18:09:14.054, 2, 76995 MiB, 100 %, 523.23 W, 1980 MHz
2026/09/27 18:09:14.055, 3, 76995 MiB, 100 %, 517.12 W, 1980 MHz
2026/09/27 18:09:14.056, 4, 76995 MiB, 100 %, 508.61 W, 1980 MHz
2026/09/27 18:09:14.056, 5, 76995 MiB, 100 %, 533.37 W, 1980 MHz
2026/09/27 18:09:14.057, 6, 76995 MiB, 100 %, 529.27 W, 1980 MHz
2026/09/27 18:09:14.057, 7, 76995 MiB, 100 %, 513.99 W, 1980 MHz
2026/09/27 18:09:15.058, 0, 76995 MiB, 100 %, 520.69 W, 1680 MHz
2026/09/27 18:09:15.059, 1, 76995 MiB, 100 %, 532.52 W, 1980 MHz
2026/09/27 18:09:15.060, 2, 76995 MiB, 100 %, 522.82 W, 1980 MHz
2026/09/27 18:09:15.061, 3, 76995 MiB, 100 %, 520.96 W, 1980 MHz
2026/09/27 18:09:15.061, 4, 76995 MiB, 100 %, 517.14 W, 1980 MHz
2026/09/27 18:09:15.062, 5, 76995 MiB, 100 %, 537.78 W, 1980 MHz
2026/09/27 18:09:15.063, 6, 76995 MiB, 100 %, 532.70 W, 1980 MHz
2026/09/27 18:09:15.063, 7, 76995 MiB, 100 %, 519.22 W, 1980 MHz
2026/09/27 18:09:16.064, 0, 76995 MiB, 100 %, 523.85 W, 1785 MHz
2026/09/27 18:09:16.065, 1, 76995 MiB, 100 %, 542.08 W, 1980 MHz
2026/09/27 18:09:16.066, 2, 76995 MiB, 100 %, 534.82 W, 1980 MHz
2026/09/27 18:09:16.067, 3, 76995 MiB, 100 %, 527.06 W, 1980 MHz
2026/09/27 18:09:16.067, 4, 76995 MiB, 100 %, 519.30 W, 1980 MHz
2026/09/27 18:09:16.068, 5, 76995 MiB, 100 %, 542.93 W, 1980 MHz
2026/09/27 18:09:16.068, 6, 76995 MiB, 100 %, 529.03 W, 1980 MHz
2026/09/27 18:09:16.069, 7, 76995 MiB, 100 %, 525.89 W, 1980 MHz
2026/09/27 18:09:17.070, 0, 76995 MiB, 100 %, 527.24 W, 1740 MHz
2026/09/27 18:09:17.071, 1, 76995 MiB, 100 %, 526.51 W, 1980 MHz
2026/09/27 18:09:17.072, 2, 76995 MiB, 100 %, 523.71 W, 1980 MHz
2026/09/27 18:09:17.073, 3, 76995 MiB, 100 %, 520.53 W, 1980 MHz
2026/09/27 18:09:17.073, 4, 76995 MiB, 100 %, 512.59 W, 1980 MHz
2026/09/27 18:09:17.074, 5, 76995 MiB, 100 %, 538.31 W, 1980 MHz
2026/09/27 18:09:17.075, 6, 76995 MiB, 100 %, 529.68 W, 1980 MHz
2026/09/27 18:09:17.075, 7, 76995 MiB, 100 %, 519.86 W, 1980 MHz
2026/09/27 18:09:18.076, 0, 76995 MiB, 100 %, 544.56 W, 1875 MHz
2026/09/27 18:09:18.077, 1, 76995 MiB, 100 %, 539.32 W, 1980 MHz
2026/09/27 18:09:18.078, 2, 76995 MiB, 100 %, 530.52 W, 1980 MHz
2026/09/27 18:09:18.078, 3, 76995 MiB, 100 %, 530.57 W, 1980 MHz
2026/09/27 18:09:18.079, 4, 76995 MiB, 100 %, 522.36 W, 1980 MHz
2026/09/27 18:09:18.080, 5, 76995 MiB, 100 %, 541.57 W, 1980 MHz
2026/09/27 18:09:18.080, 6, 76995 MiB, 100 %, 536.22 W, 1980 MHz
2026/09/27 18:09:18.081, 7, 76995 MiB, 100 %, 526.59 W, 1980 MHz
2026/09/27 18:09:19.081, 0, 76995 MiB, 100 %, 487.21 W, 1620 MHz
2026/09/27 18:09:19.082, 1, 76995 MiB, 100 %, 521.67 W, 1980 MHz
2026/09/27 18:09:19.083, 2, 76995 MiB, 100 %, 519.96 W, 1980 MHz
2026/09/27 18:09:19.084, 3, 76995 MiB, 100 %, 512.39 W, 1980 MHz
2026/09/27 18:09:19.084, 4, 76995 MiB, 100 %, 496.89 W, 1980 MHz
2026/09/27 18:09:19.085, 5, 76995 MiB, 100 %, 526.94 W, 1980 MHz
2026/09/27 18:09:19.086, 6, 76995 MiB, 100 %, 526.06 W, 1980 MHz
2026/09/27 18:09:19.086, 7, 76995 MiB, 100 %, 508.86 W, 1980 MHz
2026/09/27 18:09:20.087, 0, 76995 MiB, 100 %, 491.08 W, 1590 MHz
2026/09/27 18:09:20.088, 1, 76995 MiB, 100 %, 534.36 W, 1980 MHz
2026/09/27 18:09:20.089, 2, 76995 MiB, 100 %, 517.66 W, 1980 MHz
2026/09/27 18:09:20.089, 3, 76995 MiB, 100 %, 528.05 W, 1980 MHz
2026/09/27 18:09:20.090, 4, 76995 MiB, 100 %, 506.34 W, 1980 MHz
2026/09/27 18:09:20.091, 5, 76995 MiB, 100 %, 531.15 W, 1980 MHz
2026/09/27 18:09:20.091, 6, 76995 MiB, 100 %, 530.75 W, 1980 MHz
2026/09/27 18:09:20.092, 7, 76995 MiB, 100 %, 507.90 W, 1980 MHz
2026/09/27 18:09:21.093, 0, 76995 MiB, 100 %, 498.92 W, 1785 MHz
2026/09/27 18:09:21.094, 1, 76995 MiB, 100 %, 525.78 W, 1980 MHz
2026/09/27 18:09:21.094, 2, 76995 MiB, 100 %, 516.22 W, 1980 MHz
2026/09/27 18:09:21.095, 3, 76995 MiB, 100 %, 524.92 W, 1980 MHz
2026/09/27 18:09:21.096, 4, 76995 MiB, 100 %, 508.88 W, 1980 MHz
2026/09/27 18:09:21.096, 5, 76995 MiB, 100 %, 536.90 W, 1980 MHz
2026/09/27 18:09:21.097, 6, 76995 MiB, 100 %, 536.26 W, 1980 MHz
2026/09/27 18:09:21.098, 7, 76995 MiB, 100 %, 511.97 W, 1980 MHz
2026/09/27 18:09:22.099, 0, 76995 MiB, 100 %, 506.91 W, 1620 MHz
2026/09/27 18:09:22.100, 1, 76995 MiB, 100 %, 518.61 W, 1980 MHz
2026/09/27 18:09:22.101, 2, 76995 MiB, 100 %, 523.00 W, 1980 MHz
2026/09/27 18:09:22.101, 3, 76995 MiB, 100 %, 512.82 W, 1980 MHz
2026/09/27 18:09:22.102, 4, 76995 MiB, 100 %, 509.59 W, 1980 MHz
2026/09/27 18:09:22.103, 5, 76995 MiB, 100 %, 539.90 W, 1980 MHz
2026/09/27 18:09:22.103, 6, 76995 MiB, 100 %, 530.01 W, 1980 MHz
2026/09/27 18:09:22.104, 7, 76995 MiB, 100 %, 514.04 W, 1980 MHz
2026/09/27 18:09:23.105, 0, 76995 MiB, 100 %, 561.79 W, 1950 MHz
2026/09/27 18:09:23.106, 1, 76995 MiB, 100 %, 539.22 W, 1980 MHz
2026/09/27 18:09:23.107, 2, 76995 MiB, 100 %, 533.08 W, 1980 MHz
2026/09/27 18:09:23.107, 3, 76995 MiB, 100 %, 528.38 W, 1980 MHz
2026/09/27 18:09:23.108, 4, 76995 MiB, 100 %, 515.09 W, 1980 MHz
2026/09/27 18:09:23.108, 5, 76995 MiB, 100 %, 544.10 W, 1980 MHz
2026/09/27 18:09:23.109, 6, 76995 MiB, 100 %, 537.09 W, 1980 MHz
2026/09/27 18:09:23.110, 7, 76995 MiB, 100 %, 525.05 W, 1980 MHz
2026/09/27 18:09:24.110, 0, 76995 MiB, 100 %, 528.84 W, 1650 MHz
2026/09/27 18:09:24.111, 1, 76995 MiB, 100 %, 533.77 W, 1980 MHz
2026/09/27 18:09:24.112, 2, 76995 MiB, 100 %, 517.79 W, 1980 MHz
2026/09/27 18:09:24.113, 3, 76995 MiB, 100 %, 524.48 W, 1980 MHz
2026/09/27 18:09:24.113, 4, 76995 MiB, 100 %, 507.63 W, 1980 MHz
2026/09/27 18:09:24.114, 5, 76995 MiB, 100 %, 533.32 W, 1980 MHz
2026/09/27 18:09:24.115, 6, 76995 MiB, 100 %, 531.50 W, 1980 MHz
2026/09/27 18:09:24.115, 7, 76995 MiB, 100 %, 517.09 W, 1980 MHz
2026/09/27 18:09:25.116, 0, 76995 MiB, 100 %, 483.72 W, 1575 MHz
2026/09/27 18:09:25.117, 1, 76995 MiB, 100 %, 528.80 W, 1980 MHz
2026/09/27 18:09:25.118, 2, 76995 MiB, 100 %, 524.34 W, 1980 MHz
2026/09/27 18:09:25.118, 3, 76995 MiB, 100 %, 518.04 W, 1980 MHz
2026/09/27 18:09:25.119, 4, 76995 MiB, 100 %, 510.78 W, 1980 MHz
2026/09/27 18:09:25.119, 5, 76995 MiB, 100 %, 534.11 W, 1980 MHz
2026/09/27 18:09:25.120, 6, 76995 MiB, 100 %, 527.11 W, 1980 MHz
2026/09/27 18:09:25.121, 7, 76995 MiB, 100 %, 514.27 W, 1980 MHz
2026/09/27 18:09:26.122, 0, 76995 MiB, 100 %, 498.82 W, 1590 MHz
2026/09/27 18:09:26.122, 1, 76995 MiB, 100 %, 530.54 W, 1980 MHz
2026/09/27 18:09:26.123, 2, 76995 MiB, 100 %, 518.38 W, 1980 MHz
2026/09/27 18:09:26.124, 3, 76995 MiB, 100 %, 514.49 W, 1980 MHz
2026/09/27 18:09:26.125, 4, 76995 MiB, 100 %, 505.11 W, 1980 MHz
2026/09/27 18:09:26.125, 5, 76995 MiB, 100 %, 533.07 W, 1980 MHz
2026/09/27 18:09:26.126, 6, 76995 MiB, 100 %, 524.51 W, 1980 MHz
2026/09/27 18:09:26.127, 7, 76995 MiB, 100 %, 509.85 W, 1980 MHz
2026/09/27 18:09:27.127, 0, 76995 MiB, 100 %, 508.83 W, 1665 MHz
2026/09/27 18:09:27.128, 1, 76995 MiB, 100 %, 533.48 W, 1980 MHz
2026/09/27 18:09:27.129, 2, 76995 MiB, 100 %, 525.48 W, 1980 MHz
2026/09/27 18:09:27.130, 3, 76995 MiB, 100 %, 521.87 W, 1980 MHz
2026/09/27 18:09:27.131, 4, 76995 MiB, 100 %, 515.43 W, 1980 MHz
2026/09/27 18:09:27.131, 5, 76995 MiB, 100 %, 541.46 W, 1980 MHz
2026/09/27 18:09:27.132, 6, 76995 MiB, 100 %, 525.61 W, 1980 MHz
2026/09/27 18:09:27.133, 7, 76995 MiB, 100 %, 516.76 W, 1980 MHz
2026/09/27 18:09:28.133, 0, 76995 MiB, 100 %, 519.94 W, 1740 MHz
2026/09/27 18:09:28.134, 1, 76995 MiB, 100 %, 534.99 W, 1980 MHz
2026/09/27 18:09:28.135, 2, 76995 MiB, 100 %, 523.98 W, 1980 MHz
2026/09/27 18:09:28.136, 3, 76995 MiB, 100 %, 525.25 W, 1980 MHz
2026/09/27 18:09:28.136, 4, 76995 MiB, 100 %, 515.42 W, 1980 MHz
2026/09/27 18:09:28.137, 5, 76995 MiB, 100 %, 537.34 W, 1980 MHz
2026/09/27 18:09:28.138, 6, 76995 MiB, 100 %, 528.58 W, 1980 MHz
2026/09/27 18:09:28.138, 7, 76995 MiB, 100 %, 522.74 W, 1980 MHz
2026/09/27 18:09:29.139, 0, 76995 MiB, 100 %, 517.95 W, 1590 MHz
2026/09/27 18:09:29.140, 1, 76995 MiB, 100 %, 541.99 W, 1980 MHz
2026/09/27 18:09:29.141, 2, 76995 MiB, 100 %, 524.74 W, 1980 MHz
2026/09/27 18:09:29.141, 3, 76995 MiB, 100 %, 513.57 W, 1980 MHz
2026/09/27 18:09:29.142, 4, 76995 MiB, 100 %, 519.58 W, 1980 MHz
2026/09/27 18:09:29.143, 5, 76995 MiB, 100 %, 540.58 W, 1980 MHz
2026/09/27 18:09:29.143, 6, 76995 MiB, 100 %, 531.11 W, 1980 MHz
2026/09/27 18:09:29.144, 7, 76995 MiB, 100 %, 529.15 W, 1980 MHz
2026/09/27 18:09:30.145, 0, 76995 MiB, 100 %, 513.43 W, 1680 MHz
2026/09/27 18:09:30.146, 1, 76995 MiB, 100 %, 543.69 W, 1980 MHz
2026/09/27 18:09:30.146, 2, 76995 MiB, 100 %, 523.70 W, 1980 MHz
2026/09/27 18:09:30.147, 3, 76995 MiB, 100 %, 522.74 W, 1980 MHz
2026/09/27 18:09:30.148, 4, 76995 MiB, 100 %, 511.77 W, 1980 MHz
2026/09/27 18:09:30.149, 5, 76995 MiB, 100 %, 539.53 W, 1980 MHz
2026/09/27 18:09:30.149, 6, 76995 MiB, 100 %, 540.55 W, 1980 MHz
2026/09/27 18:09:30.150, 7, 76995 MiB, 100 %, 519.48 W, 1980 MHz
2026/09/27 18:09:31.151, 0, 76995 MiB, 100 %, 522.59 W, 1635 MHz
2026/09/27 18:09:31.152, 1, 76995 MiB, 100 %, 536.41 W, 1980 MHz
2026/09/27 18:09:31.153, 2, 76995 MiB, 100 %, 527.58 W, 1980 MHz
2026/09/27 18:09:31.153, 3, 76995 MiB, 100 %, 519.71 W, 1980 MHz
2026/09/27 18:09:31.154, 4, 76995 MiB, 100 %, 507.93 W, 1980 MHz
2026/09/27 18:09:31.155, 5, 76995 MiB, 100 %, 536.18 W, 1980 MHz
2026/09/27 18:09:31.155, 6, 76995 MiB, 100 %, 531.85 W, 1980 MHz
2026/09/27 18:09:31.156, 7, 76995 MiB, 100 %, 516.49 W, 1980 MHz
2026/09/27 18:09:32.157, 0, 76995 MiB, 100 %, 561.60 W, 1860 MHz
2026/09/27 18:09:32.158, 1, 76995 MiB, 100 %, 541.38 W, 1980 MHz
2026/09/27 18:09:32.159, 2, 76995 MiB, 100 %, 534.11 W, 1980 MHz
2026/09/27 18:09:32.159, 3, 76995 MiB, 100 %, 534.73 W, 1980 MHz
2026/09/27 18:09:32.160, 4, 76995 MiB, 100 %, 526.14 W, 1980 MHz
2026/09/27 18:09:32.161, 5, 76995 MiB, 100 %, 546.47 W, 1980 MHz
2026/09/27 18:09:32.161, 6, 76995 MiB, 100 %, 532.69 W, 1980 MHz
2026/09/27 18:09:32.162, 7, 76995 MiB, 100 %, 535.96 W, 1980 MHz
2026/09/27 18:09:33.163, 0, 76995 MiB, 100 %, 542.25 W, 1665 MHz
2026/09/27 18:09:33.164, 1, 76995 MiB, 100 %, 529.51 W, 1980 MHz
2026/09/27 18:09:33.164, 2, 76995 MiB, 100 %, 516.33 W, 1980 MHz
2026/09/27 18:09:33.165, 3, 76995 MiB, 100 %, 521.39 W, 1980 MHz
2026/09/27 18:09:33.166, 4, 76995 MiB, 100 %, 523.02 W, 1980 MHz
2026/09/27 18:09:33.166, 5, 76995 MiB, 100 %, 542.79 W, 1980 MHz
2026/09/27 18:09:33.167, 6, 76995 MiB, 100 %, 530.03 W, 1980 MHz
2026/09/27 18:09:33.168, 7, 76995 MiB, 100 %, 517.61 W, 1980 MHz
2026/09/27 18:09:34.168, 0, 76995 MiB, 100 %, 528.40 W, 1815 MHz
2026/09/27 18:09:34.169, 1, 76995 MiB, 100 %, 547.93 W, 1980 MHz
2026/09/27 18:09:34.170, 2, 76995 MiB, 100 %, 527.49 W, 1980 MHz
2026/09/27 18:09:34.171, 3, 76995 MiB, 100 %, 531.84 W, 1980 MHz
2026/09/27 18:09:34.171, 4, 76995 MiB, 100 %, 513.23 W, 1980 MHz
2026/09/27 18:09:34.172, 5, 76995 MiB, 100 %, 540.29 W, 1980 MHz
2026/09/27 18:09:34.173, 6, 76995 MiB, 100 %, 538.28 W, 1980 MHz
2026/09/27 18:09:34.173, 7, 76995 MiB, 100 %, 521.56 W, 1980 MHz
2026/09/27 18:09:35.174, 0, 76995 MiB, 100 %, 483.20 W, 1560 MHz
2026/09/27 18:09:35.175, 1, 76995 MiB, 100 %, 521.83 W, 1980 MHz
2026/09/27 18:09:35.176, 2, 76995 MiB, 100 %, 522.08 W, 1980 MHz
2026/09/27 18:09:35.176, 3, 76995 MiB, 100 %, 517.69 W, 1980 MHz
2026/09/27 18:09:35.177, 4, 76995 MiB, 100 %, 506.15 W, 1980 MHz
2026/09/27 18:09:35.178, 5, 76995 MiB, 100 %, 528.41 W, 1980 MHz
2026/09/27 18:09:35.178, 6, 76995 MiB, 100 %, 527.47 W, 1980 MHz
2026/09/27 18:09:35.179, 7, 76995 MiB, 100 %, 507.64 W, 1980 MHz
2026/09/27 18:09:36.180, 0, 76995 MiB, 100 %, 503.80 W, 1635 MHz
2026/09/27 18:09:36.181, 1, 76995 MiB, 100 %, 532.72 W, 1980 MHz
2026/09/27 18:09:36.182, 2, 76995 MiB, 100 %, 513.46 W, 1980 MHz
2026/09/27 18:09:36.183, 3, 76995 MiB, 100 %, 522.59 W, 1980 MHz
2026/09/27 18:09:36.183, 4, 76995 MiB, 100 %, 515.77 W, 1980 MHz
2026/09/27 18:09:36.184, 5, 76995 MiB, 100 %, 539.98 W, 1980 MHz
2026/09/27 18:09:36.185, 6, 76995 MiB, 100 %, 535.50 W, 1980 MHz
2026/09/27 18:09:36.185, 7, 76995 MiB, 100 %, 519.94 W, 1980 MHz
2026/09/27 18:09:37.186, 0, 76995 MiB, 100 %, 525.75 W, 1785 MHz
2026/09/27 18:09:37.188, 1, 76995 MiB, 100 %, 534.05 W, 1980 MHz
2026/09/27 18:09:37.188, 2, 76995 MiB, 100 %, 521.58 W, 1980 MHz
2026/09/27 18:09:37.189, 3, 76995 MiB, 100 %, 524.11 W, 1980 MHz
2026/09/27 18:09:37.190, 4, 76995 MiB, 100 %, 513.55 W, 1980 MHz
2026/09/27 18:09:37.191, 5, 76995 MiB, 100 %, 535.28 W, 1980 MHz
2026/09/27 18:09:37.191, 6, 76995 MiB, 100 %, 538.17 W, 1980 MHz
2026/09/27 18:09:37.192, 7, 76995 MiB, 100 %, 517.53 W, 1980 MHz
2026/09/27 18:09:38.193, 0, 76995 MiB, 100 %, 536.11 W, 1695 MHz
2026/09/27 18:09:38.194, 1, 76995 MiB, 100 %, 532.52 W, 1980 MHz
2026/09/27 18:09:38.195, 2, 76995 MiB, 100 %, 521.38 W, 1980 MHz
2026/09/27 18:09:38.196, 3, 76995 MiB, 100 %, 524.40 W, 1980 MHz
2026/09/27 18:09:38.196, 4, 76995 MiB, 100 %, 514.77 W, 1980 MHz
2026/09/27 18:09:38.197, 5, 76995 MiB, 100 %, 538.96 W, 1980 MHz
2026/09/27 18:09:38.198, 6, 76995 MiB, 100 %, 538.23 W, 1980 MHz
2026/09/27 18:09:38.199, 7, 76995 MiB, 100 %, 519.94 W, 1980 MHz
2026/09/27 18:09:39.199, 0, 76995 MiB, 100 %, 543.05 W, 1815 MHz
2026/09/27 18:09:39.200, 1, 76995 MiB, 100 %, 544.82 W, 1980 MHz
2026/09/27 18:09:39.201, 2, 76995 MiB, 100 %, 529.84 W, 1980 MHz
2026/09/27 18:09:39.202, 3, 76995 MiB, 100 %, 528.64 W, 1980 MHz
2026/09/27 18:09:39.202, 4, 76995 MiB, 100 %, 515.02 W, 1980 MHz
2026/09/27 18:09:39.203, 5, 76995 MiB, 100 %, 536.75 W, 1980 MHz
2026/09/27 18:09:39.204, 6, 76995 MiB, 100 %, 529.33 W, 1980 MHz
2026/09/27 18:09:39.204, 7, 76995 MiB, 100 %, 521.65 W, 1980 MHz
2026/09/27 18:09:40.205, 0, 76995 MiB, 100 %, 541.01 W, 1785 MHz
2026/09/27 18:09:40.206, 1, 76995 MiB, 100 %, 529.26 W, 1980 MHz
2026/09/27 18:09:40.207, 2, 76995 MiB, 100 %, 522.25 W, 1980 MHz
2026/09/27 18:09:40.207, 3, 76995 MiB, 100 %, 528.48 W, 1980 MHz
2026/09/27 18:09:40.208, 4, 76995 MiB, 100 %, 525.44 W, 1980 MHz
2026/09/27 18:09:40.209, 5, 76995 MiB, 100 %, 547.57 W, 1980 MHz
2026/09/27 18:09:40.209, 6, 76995 MiB, 100 %, 540.97 W, 1980 MHz
2026/09/27 18:09:40.210, 7, 76995 MiB, 100 %, 520.74 W, 1980 MHz
2026/09/27 18:09:41.211, 0, 76995 MiB, 100 %, 497.37 W, 1470 MHz
2026/09/27 18:09:41.212, 1, 76995 MiB, 100 %, 533.20 W, 1980 MHz
2026/09/27 18:09:41.212, 2, 76995 MiB, 100 %, 523.01 W, 1980 MHz
2026/09/27 18:09:41.213, 3, 76995 MiB, 100 %, 522.47 W, 1980 MHz
2026/09/27 18:09:41.214, 4, 76995 MiB, 100 %, 514.67 W, 1980 MHz
2026/09/27 18:09:41.214, 5, 76995 MiB, 100 %, 534.37 W, 1980 MHz
2026/09/27 18:09:41.215, 6, 76995 MiB, 100 %, 525.27 W, 1980 MHz
2026/09/27 18:09:41.216, 7, 76995 MiB, 100 %, 519.85 W, 1980 MHz
2026/09/27 18:09:42.216, 0, 76995 MiB, 100 %, 490.93 W, 1605 MHz
2026/09/27 18:09:42.217, 1, 76995 MiB, 100 %, 520.45 W, 1980 MHz
2026/09/27 18:09:42.218, 2, 76995 MiB, 100 %, 523.45 W, 1980 MHz
2026/09/27 18:09:42.219, 3, 76995 MiB, 100 %, 521.42 W, 1980 MHz
2026/09/27 18:09:42.219, 4, 76995 MiB, 100 %, 511.36 W, 1980 MHz
2026/09/27 18:09:42.220, 5, 76995 MiB, 100 %, 534.81 W, 1980 MHz
2026/09/27 18:09:42.221, 6, 76995 MiB, 100 %, 528.10 W, 1980 MHz
2026/09/27 18:09:42.221, 7, 76995 MiB, 100 %, 511.94 W, 1980 MHz
2026/09/27 18:09:43.222, 0, 76995 MiB, 100 %, 489.74 W, 1635 MHz
2026/09/27 18:09:43.223, 1, 76995 MiB, 100 %, 531.14 W, 1980 MHz
2026/09/27 18:09:43.224, 2, 76995 MiB, 100 %, 522.37 W, 1980 MHz
2026/09/27 18:09:43.224, 3, 76995 MiB, 100 %, 519.47 W, 1980 MHz
2026/09/27 18:09:43.225, 4, 76995 MiB, 100 %, 509.81 W, 1980 MHz
2026/09/27 18:09:43.226, 5, 76995 MiB, 100 %, 534.99 W, 1980 MHz
2026/09/27 18:09:43.226, 6, 76995 MiB, 100 %, 526.45 W, 1980 MHz
2026/09/27 18:09:43.227, 7, 76995 MiB, 100 %, 516.43 W, 1980 MHz
2026/09/27 18:09:44.228, 0, 76995 MiB, 100 %, 500.24 W, 1710 MHz
2026/09/27 18:09:44.229, 1, 76995 MiB, 100 %, 529.37 W, 1980 MHz
2026/09/27 18:09:44.229, 2, 76995 MiB, 100 %, 525.93 W, 1980 MHz
2026/09/27 18:09:44.230, 3, 76995 MiB, 100 %, 519.95 W, 1980 MHz
2026/09/27 18:09:44.231, 4, 76995 MiB, 100 %, 513.03 W, 1980 MHz
2026/09/27 18:09:44.231, 5, 76995 MiB, 100 %, 532.83 W, 1980 MHz
2026/09/27 18:09:44.232, 6, 76995 MiB, 100 %, 525.11 W, 1980 MHz
2026/09/27 18:09:44.233, 7, 76995 MiB, 100 %, 511.01 W, 1980 MHz
2026/09/27 18:09:45.233, 0, 76995 MiB, 100 %, 517.19 W, 1935 MHz
2026/09/27 18:09:45.234, 1, 76995 MiB, 100 %, 524.37 W, 1980 MHz
2026/09/27 18:09:45.235, 2, 76995 MiB, 100 %, 512.20 W, 1980 MHz
2026/09/27 18:09:45.236, 3, 76995 MiB, 100 %, 526.02 W, 1980 MHz
2026/09/27 18:09:45.237, 4, 76995 MiB, 100 %, 508.57 W, 1980 MHz
2026/09/27 18:09:45.238, 5, 76995 MiB, 100 %, 535.57 W, 1980 MHz
2026/09/27 18:09:45.238, 6, 76995 MiB, 100 %, 533.36 W, 1980 MHz
2026/09/27 18:09:45.239, 7, 76995 MiB, 100 %, 513.29 W, 1980 MHz
2026/09/27 18:09:46.240, 0, 76995 MiB, 100 %, 558.86 W, 1635 MHz
2026/09/27 18:09:46.241, 1, 76995 MiB, 100 %, 538.93 W, 1980 MHz
2026/09/27 18:09:46.242, 2, 76995 MiB, 100 %, 534.65 W, 1980 MHz
2026/09/27 18:09:46.243, 3, 76995 MiB, 100 %, 528.80 W, 1980 MHz
2026/09/27 18:09:46.244, 4, 76995 MiB, 100 %, 530.72 W, 1980 MHz
2026/09/27 18:09:46.244, 5, 76995 MiB, 100 %, 546.62 W, 1980 MHz
2026/09/27 18:09:46.245, 6, 76995 MiB, 100 %, 539.08 W, 1980 MHz
2026/09/27 18:09:46.246, 7, 76995 MiB, 100 %, 534.47 W, 1980 MHz
2026/09/27 18:09:47.246, 0, 76995 MiB, 100 %, 499.70 W, 1635 MHz
2026/09/27 18:09:47.247, 1, 76995 MiB, 100 %, 523.39 W, 1980 MHz
2026/09/27 18:09:47.248, 2, 76995 MiB, 100 %, 522.58 W, 1980 MHz
2026/09/27 18:09:47.249, 3, 76995 MiB, 100 %, 516.05 W, 1980 MHz
2026/09/27 18:09:47.249, 4, 76995 MiB, 100 %, 510.39 W, 1980 MHz
2026/09/27 18:09:47.250, 5, 76995 MiB, 100 %, 544.95 W, 1980 MHz
2026/09/27 18:09:47.250, 6, 76995 MiB, 100 %, 521.15 W, 1980 MHz
2026/09/27 18:09:47.251, 7, 76995 MiB, 100 %, 517.31 W, 1980 MHz
2026/09/27 18:09:48.252, 0, 76995 MiB, 100 %, 481.23 W, 1980 MHz
2026/09/27 18:09:48.253, 1, 76995 MiB, 100 %, 439.16 W, 1980 MHz
2026/09/27 18:09:48.253, 2, 76995 MiB, 100 %, 443.35 W, 1980 MHz
2026/09/27 18:09:48.254, 3, 76995 MiB, 100 %, 435.12 W, 1980 MHz
2026/09/27 18:09:48.255, 4, 76995 MiB, 100 %, 430.19 W, 1980 MHz
2026/09/27 18:09:48.255, 5, 76995 MiB, 100 %, 435.36 W, 1980 MHz
2026/09/27 18:09:48.256, 6, 76995 MiB, 100 %, 444.82 W, 1980 MHz
2026/09/27 18:09:48.256, 7, 76995 MiB, 100 %, 424.01 W, 1980 MHz
2026/09/27 18:09:49.257, 0, 76995 MiB, 100 %, 487.02 W, 1980 MHz
2026/09/27 18:09:49.258, 1, 76995 MiB, 100 %, 417.91 W, 1980 MHz
2026/09/27 18:09:49.259, 2, 76995 MiB, 100 %, 422.47 W, 1980 MHz
2026/09/27 18:09:49.259, 3, 76995 MiB, 100 %, 420.18 W, 1980 MHz
2026/09/27 18:09:49.260, 4, 76995 MiB, 100 %, 405.25 W, 1980 MHz
2026/09/27 18:09:49.261, 5, 76995 MiB, 100 %, 410.81 W, 1980 MHz
2026/09/27 18:09:49.261, 6, 76995 MiB, 100 %, 425.71 W, 1980 MHz
2026/09/27 18:09:49.262, 7, 76995 MiB, 100 %, 415.27 W, 1980 MHz
2026/09/27 18:09:50.262, 0, 76995 MiB, 100 %, 504.44 W, 1920 MHz
2026/09/27 18:09:50.263, 1, 76995 MiB, 100 %, 449.53 W, 1980 MHz
2026/09/27 18:09:50.264, 2, 76995 MiB, 100 %, 444.02 W, 1980 MHz
2026/09/27 18:09:50.265, 3, 76995 MiB, 100 %, 434.05 W, 1980 MHz
2026/09/27 18:09:50.265, 4, 76995 MiB, 100 %, 433.39 W, 1980 MHz
2026/09/27 18:09:50.266, 5, 76995 MiB, 100 %, 441.58 W, 1980 MHz
2026/09/27 18:09:50.267, 6, 76995 MiB, 100 %, 449.73 W, 1980 MHz
2026/09/27 18:09:50.267, 7, 76995 MiB, 100 %, 433.81 W, 1980 MHz
2026/09/27 18:09:51.268, 0, 76995 MiB, 100 %, 546.89 W, 1785 MHz
2026/09/27 18:09:51.269, 1, 76995 MiB, 100 %, 533.99 W, 1980 MHz
2026/09/27 18:09:51.270, 2, 76995 MiB, 100 %, 540.71 W, 1980 MHz
2026/09/27 18:09:51.270, 3, 76995 MiB, 100 %, 523.60 W, 1980 MHz
2026/09/27 18:09:51.271, 4, 76995 MiB, 100 %, 518.63 W, 1980 MHz
2026/09/27 18:09:51.272, 5, 76995 MiB, 100 %, 545.15 W, 1980 MHz
2026/09/27 18:09:51.272, 6, 76995 MiB, 100 %, 544.22 W, 1980 MHz
2026/09/27 18:09:51.273, 7, 76995 MiB, 100 %, 523.88 W, 1980 MHz
2026/09/27 18:09:52.274, 0, 76995 MiB, 100 %, 558.67 W, 1635 MHz
2026/09/27 18:09:52.275, 1, 76995 MiB, 100 %, 531.49 W, 1980 MHz
2026/09/27 18:09:52.275, 2, 76995 MiB, 100 %, 526.31 W, 1980 MHz
2026/09/27 18:09:52.276, 3, 76995 MiB, 100 %, 524.08 W, 1980 MHz
2026/09/27 18:09:52.277, 4, 76995 MiB, 100 %, 516.58 W, 1980 MHz
2026/09/27 18:09:52.277, 5, 76995 MiB, 100 %, 541.48 W, 1980 MHz
2026/09/27 18:09:52.278, 6, 76995 MiB, 100 %, 542.78 W, 1980 MHz
2026/09/27 18:09:52.279, 7, 76995 MiB, 100 %, 521.60 W, 1980 MHz
2026/09/27 18:09:53.279, 0, 76995 MiB, 100 %, 501.49 W, 1545 MHz
2026/09/27 18:09:53.280, 1, 76995 MiB, 100 %, 535.54 W, 1980 MHz
2026/09/27 18:09:53.281, 2, 76995 MiB, 100 %, 528.09 W, 1980 MHz
2026/09/27 18:09:53.282, 3, 76995 MiB, 100 %, 524.28 W, 1980 MHz
2026/09/27 18:09:53.282, 4, 76995 MiB, 100 %, 514.38 W, 1980 MHz
2026/09/27 18:09:53.283, 5, 76995 MiB, 100 %, 544.46 W, 1980 MHz
2026/09/27 18:09:53.284, 6, 76995 MiB, 100 %, 534.64 W, 1980 MHz
2026/09/27 18:09:53.284, 7, 76995 MiB, 100 %, 526.26 W, 1980 MHz
2026/09/27 18:09:54.285, 0, 76995 MiB, 100 %, 523.05 W, 1785 MHz
2026/09/27 18:09:54.286, 1, 76995 MiB, 100 %, 525.09 W, 1980 MHz
2026/09/27 18:09:54.286, 2, 76995 MiB, 100 %, 525.30 W, 1980 MHz
2026/09/27 18:09:54.287, 3, 76995 MiB, 100 %, 513.97 W, 1980 MHz
2026/09/27 18:09:54.288, 4, 76995 MiB, 100 %, 518.68 W, 1980 MHz
2026/09/27 18:09:54.289, 5, 76995 MiB, 100 %, 529.34 W, 1980 MHz
2026/09/27 18:09:54.289, 6, 76995 MiB, 100 %, 531.21 W, 1980 MHz
2026/09/27 18:09:54.290, 7, 76995 MiB, 100 %, 517.88 W, 1980 MHz
2026/09/27 18:09:55.290, 0, 76995 MiB, 100 %, 537.87 W, 1770 MHz
2026/09/27 18:09:55.291, 1, 76995 MiB, 100 %, 540.25 W, 1980 MHz
2026/09/27 18:09:55.292, 2, 76995 MiB, 100 %, 524.82 W, 1980 MHz
2026/09/27 18:09:55.293, 3, 76995 MiB, 100 %, 529.41 W, 1980 MHz
2026/09/27 18:09:55.293, 4, 76995 MiB, 100 %, 510.40 W, 1980 MHz
2026/09/27 18:09:55.294, 5, 76995 MiB, 100 %, 540.41 W, 1980 MHz
2026/09/27 18:09:55.295, 6, 76995 MiB, 100 %, 534.20 W, 1980 MHz
2026/09/27 18:09:55.295, 7, 76995 MiB, 100 %, 517.56 W, 1980 MHz
2026/09/27 18:09:56.296, 0, 76995 MiB, 100 %, 551.87 W, 1815 MHz
2026/09/27 18:09:56.297, 1, 76995 MiB, 100 %, 539.90 W, 1980 MHz
2026/09/27 18:09:56.298, 2, 76995 MiB, 100 %, 540.71 W, 1980 MHz
2026/09/27 18:09:56.299, 3, 76995 MiB, 100 %, 528.31 W, 1980 MHz
2026/09/27 18:09:56.299, 4, 76995 MiB, 100 %, 509.87 W, 1980 MHz
2026/09/27 18:09:56.300, 5, 76995 MiB, 100 %, 542.95 W, 1980 MHz
2026/09/27 18:09:56.300, 6, 76995 MiB, 100 %, 529.43 W, 1980 MHz
2026/09/27 18:09:56.301, 7, 76995 MiB, 100 %, 520.56 W, 1980 MHz
2026/09/27 18:09:57.302, 0, 76995 MiB, 100 %, 532.93 W, 1680 MHz
2026/09/27 18:09:57.303, 1, 76995 MiB, 100 %, 538.84 W, 1980 MHz
2026/09/27 18:09:57.303, 2, 76995 MiB, 100 %, 530.11 W, 1980 MHz
2026/09/27 18:09:57.304, 3, 76995 MiB, 100 %, 519.12 W, 1980 MHz
2026/09/27 18:09:57.305, 4, 76995 MiB, 100 %, 516.59 W, 1980 MHz
2026/09/27 18:09:57.306, 5, 76995 MiB, 100 %, 537.51 W, 1980 MHz
2026/09/27 18:09:57.306, 6, 76995 MiB, 100 %, 539.18 W, 1980 MHz
2026/09/27 18:09:57.307, 7, 76995 MiB, 100 %, 520.69 W, 1980 MHz
2026/09/27 18:09:58.308, 0, 76995 MiB, 100 %, 529.10 W, 1860 MHz
2026/09/27 18:09:58.309, 1, 76995 MiB, 100 %, 536.38 W, 1980 MHz
2026/09/27 18:09:58.309, 2, 76995 MiB, 100 %, 524.36 W, 1980 MHz
2026/09/27 18:09:58.310, 3, 76995 MiB, 100 %, 512.41 W, 1980 MHz
2026/09/27 18:09:58.311, 4, 76995 MiB, 100 %, 514.69 W, 1980 MHz
2026/09/27 18:09:58.311, 5, 76995 MiB, 100 %, 544.49 W, 1980 MHz
2026/09/27 18:09:58.312, 6, 76995 MiB, 100 %, 532.48 W, 1980 MHz
2026/09/27 18:09:58.313, 7, 76995 MiB, 100 %, 519.46 W, 1980 MHz
2026/09/27 18:09:59.314, 0, 76995 MiB, 100 %, 507.80 W, 1665 MHz
2026/09/27 18:09:59.314, 1, 76995 MiB, 100 %, 532.32 W, 1980 MHz
2026/09/27 18:09:59.315, 2, 76995 MiB, 100 %, 518.92 W, 1980 MHz
2026/09/27 18:09:59.316, 3, 76995 MiB, 100 %, 524.76 W, 1980 MHz
2026/09/27 18:09:59.316, 4, 76995 MiB, 100 %, 505.56 W, 1980 MHz
2026/09/27 18:09:59.317, 5, 76995 MiB, 100 %, 537.25 W, 1980 MHz
2026/09/27 18:09:59.318, 6, 76995 MiB, 100 %, 535.05 W, 1980 MHz
2026/09/27 18:09:59.319, 7, 76995 MiB, 100 %, 512.66 W, 1980 MHz
2026/09/27 18:10:00.319, 0, 76995 MiB, 100 %, 501.38 W, 1695 MHz
2026/09/27 18:10:00.321, 1, 76995 MiB, 100 %, 527.58 W, 1980 MHz
2026/09/27 18:10:00.321, 2, 76995 MiB, 100 %, 520.65 W, 1980 MHz
2026/09/27 18:10:00.322, 3, 76995 MiB, 100 %, 514.26 W, 1980 MHz
2026/09/27 18:10:00.323, 4, 76995 MiB, 100 %, 514.69 W, 1980 MHz
2026/09/27 18:10:00.323, 5, 76995 MiB, 100 %, 535.32 W, 1980 MHz
2026/09/27 18:10:00.324, 6, 76995 MiB, 100 %, 526.44 W, 1980 MHz
2026/09/27 18:10:00.325, 7, 76995 MiB, 100 %, 524.43 W, 1980 MHz
2026/09/27 18:10:01.325, 0, 76995 MiB, 100 %, 515.41 W, 1635 MHz
2026/09/27 18:10:01.326, 1, 76995 MiB, 100 %, 527.05 W, 1980 MHz
2026/09/27 18:10:01.327, 2, 76995 MiB, 100 %, 513.77 W, 1980 MHz
2026/09/27 18:10:01.328, 3, 76995 MiB, 100 %, 525.39 W, 1980 MHz
2026/09/27 18:10:01.329, 4, 76995 MiB, 100 %, 505.79 W, 1980 MHz
2026/09/27 18:10:01.329, 5, 76995 MiB, 100 %, 530.99 W, 1980 MHz
2026/09/27 18:10:01.330, 6, 76995 MiB, 100 %, 529.21 W, 1980 MHz
2026/09/27 18:10:01.331, 7, 76995 MiB, 100 %, 510.39 W, 1980 MHz
2026/09/27 18:10:02.331, 0, 76995 MiB, 100 %, 525.38 W, 1635 MHz
2026/09/27 18:10:02.333, 1, 76995 MiB, 100 %, 530.39 W, 1980 MHz
2026/09/27 18:10:02.333, 2, 76995 MiB, 100 %, 525.63 W, 1980 MHz
2026/09/27 18:10:02.334, 3, 76995 MiB, 100 %, 526.83 W, 1980 MHz
2026/09/27 18:10:02.335, 4, 76995 MiB, 100 %, 519.46 W, 1980 MHz
2026/09/27 18:10:02.335, 5, 76995 MiB, 100 %, 540.91 W, 1980 MHz
2026/09/27 18:10:02.336, 6, 76995 MiB, 100 %, 529.65 W, 1980 MHz
2026/09/27 18:10:02.337, 7, 76995 MiB, 100 %, 526.64 W, 1980 MHz
2026/09/27 18:10:03.338, 0, 76995 MiB, 100 %, 519.94 W, 1695 MHz
2026/09/27 18:10:03.338, 1, 76995 MiB, 100 %, 540.52 W, 1980 MHz
2026/09/27 18:10:03.339, 2, 76995 MiB, 100 %, 523.40 W, 1980 MHz
2026/09/27 18:10:03.340, 3, 76995 MiB, 100 %, 523.73 W, 1980 MHz
2026/09/27 18:10:03.340, 4, 76995 MiB, 100 %, 509.90 W, 1980 MHz
2026/09/27 18:10:03.341, 5, 76995 MiB, 100 %, 532.30 W, 1980 MHz
2026/09/27 18:10:03.342, 6, 76995 MiB, 100 %, 523.97 W, 1980 MHz
2026/09/27 18:10:03.342, 7, 76995 MiB, 100 %, 513.49 W, 1980 MHz
2026/09/27 18:10:04.343, 0, 76995 MiB, 100 %, 552.42 W, 1920 MHz
2026/09/27 18:10:04.344, 1, 76995 MiB, 100 %, 527.59 W, 1980 MHz
2026/09/27 18:10:04.345, 2, 76995 MiB, 100 %, 521.18 W, 1980 MHz
2026/09/27 18:10:04.345, 3, 76995 MiB, 100 %, 530.77 W, 1980 MHz
2026/09/27 18:10:04.346, 4, 76995 MiB, 100 %, 511.82 W, 1980 MHz
2026/09/27 18:10:04.346, 5, 76995 MiB, 100 %, 544.50 W, 1980 MHz
2026/09/27 18:10:04.347, 6, 76995 MiB, 100 %, 536.42 W, 1980 MHz
2026/09/27 18:10:04.348, 7, 76995 MiB, 100 %, 523.45 W, 1980 MHz
2026/09/27 18:10:05.348, 0, 76995 MiB, 100 %, 539.42 W, 1920 MHz
2026/09/27 18:10:05.349, 1, 76995 MiB, 100 %, 541.85 W, 1980 MHz
2026/09/27 18:10:05.350, 2, 76995 MiB, 100 %, 535.71 W, 1980 MHz
2026/09/27 18:10:05.351, 3, 76995 MiB, 100 %, 529.03 W, 1980 MHz
2026/09/27 18:10:05.352, 4, 76995 MiB, 100 %, 517.76 W, 1980 MHz
2026/09/27 18:10:05.352, 5, 76995 MiB, 100 %, 539.28 W, 1980 MHz
2026/09/27 18:10:05.353, 6, 76995 MiB, 100 %, 528.83 W, 1980 MHz
2026/09/27 18:10:05.354, 7, 76995 MiB, 100 %, 524.58 W, 1980 MHz
2026/09/27 18:10:06.354, 0, 76995 MiB, 100 %, 562.23 W, 1890 MHz
2026/09/27 18:10:06.355, 1, 76995 MiB, 100 %, 540.22 W, 1980 MHz
2026/09/27 18:10:06.356, 2, 76995 MiB, 100 %, 521.85 W, 1980 MHz
2026/09/27 18:10:06.357, 3, 76995 MiB, 100 %, 522.77 W, 1980 MHz
2026/09/27 18:10:06.358, 4, 76995 MiB, 100 %, 519.86 W, 1980 MHz
2026/09/27 18:10:06.358, 5, 76995 MiB, 100 %, 539.47 W, 1980 MHz
2026/09/27 18:10:06.359, 6, 76995 MiB, 100 %, 548.92 W, 1980 MHz
2026/09/27 18:10:06.360, 7, 76995 MiB, 100 %, 519.53 W, 1980 MHz
2026/09/27 18:10:07.360, 0, 76995 MiB, 100 %, 532.42 W, 1800 MHz
2026/09/27 18:10:07.361, 1, 76995 MiB, 100 %, 532.34 W, 1980 MHz
2026/09/27 18:10:07.362, 2, 76995 MiB, 100 %, 522.30 W, 1980 MHz
2026/09/27 18:10:07.363, 3, 76995 MiB, 100 %, 530.43 W, 1980 MHz
2026/09/27 18:10:07.363, 4, 76995 MiB, 100 %, 516.83 W, 1980 MHz
2026/09/27 18:10:07.364, 5, 76995 MiB, 100 %, 541.66 W, 1980 MHz
2026/09/27 18:10:07.365, 6, 76995 MiB, 100 %, 533.75 W, 1980 MHz
2026/09/27 18:10:07.365, 7, 76995 MiB, 100 %, 525.17 W, 1980 MHz
2026/09/27 18:10:08.366, 0, 76995 MiB, 100 %, 553.75 W, 1905 MHz
2026/09/27 18:10:08.367, 1, 76995 MiB, 100 %, 536.30 W, 1980 MHz
2026/09/27 18:10:08.368, 2, 76995 MiB, 100 %, 519.85 W, 1980 MHz
2026/09/27 18:10:08.368, 3, 76995 MiB, 100 %, 531.28 W, 1980 MHz
2026/09/27 18:10:08.369, 4, 76995 MiB, 100 %, 518.92 W, 1980 MHz
2026/09/27 18:10:08.370, 5, 76995 MiB, 100 %, 545.12 W, 1980 MHz
2026/09/27 18:10:08.370, 6, 76995 MiB, 100 %, 532.21 W, 1980 MHz
2026/09/27 18:10:08.371, 7, 76995 MiB, 100 %, 520.05 W, 1980 MHz
2026/09/27 18:10:09.372, 0, 76995 MiB, 100 %, 532.65 W, 1590 MHz
2026/09/27 18:10:09.373, 1, 76995 MiB, 100 %, 538.21 W, 1980 MHz
2026/09/27 18:10:09.374, 2, 76995 MiB, 100 %, 526.82 W, 1980 MHz
2026/09/27 18:10:09.375, 3, 76995 MiB, 100 %, 528.41 W, 1980 MHz
2026/09/27 18:10:09.375, 4, 76995 MiB, 100 %, 508.34 W, 1980 MHz
2026/09/27 18:10:09.376, 5, 76995 MiB, 100 %, 542.84 W, 1980 MHz
2026/09/27 18:10:09.377, 6, 76995 MiB, 100 %, 527.89 W, 1980 MHz
2026/09/27 18:10:09.378, 7, 76995 MiB, 100 %, 527.35 W, 1980 MHz
2026/09/27 18:10:10.379, 0, 76995 MiB, 100 %, 532.63 W, 1785 MHz
2026/09/27 18:10:10.379, 1, 76995 MiB, 100 %, 527.53 W, 1980 MHz
2026/09/27 18:10:10.380, 2, 76995 MiB, 100 %, 522.65 W, 1980 MHz
2026/09/27 18:10:10.381, 3, 76995 MiB, 100 %, 521.23 W, 1980 MHz
2026/09/27 18:10:10.382, 4, 76995 MiB, 100 %, 514.91 W, 1980 MHz
2026/09/27 18:10:10.382, 5, 76995 MiB, 100 %, 536.41 W, 1980 MHz
2026/09/27 18:10:10.383, 6, 76995 MiB, 100 %, 535.82 W, 1980 MHz
2026/09/27 18:10:10.384, 7, 76995 MiB, 100 %, 522.37 W, 1980 MHz
2026/09/27 18:10:11.384, 0, 76995 MiB, 100 %, 547.59 W, 1950 MHz
2026/09/27 18:10:11.385, 1, 76995 MiB, 100 %, 542.42 W, 1980 MHz
2026/09/27 18:10:11.386, 2, 76995 MiB, 100 %, 524.75 W, 1980 MHz
2026/09/27 18:10:11.387, 3, 76995 MiB, 100 %, 531.00 W, 1980 MHz
2026/09/27 18:10:11.387, 4, 76995 MiB, 100 %, 519.02 W, 1980 MHz
2026/09/27 18:10:11.388, 5, 76995 MiB, 100 %, 550.12 W, 1980 MHz
2026/09/27 18:10:11.389, 6, 76995 MiB, 100 %, 542.66 W, 1980 MHz
2026/09/27 18:10:11.389, 7, 76995 MiB, 100 %, 526.79 W, 1980 MHz
2026/09/27 18:10:12.390, 0, 76995 MiB, 100 %, 558.71 W, 1770 MHz
2026/09/27 18:10:12.391, 1, 76995 MiB, 100 %, 544.24 W, 1980 MHz
2026/09/27 18:10:12.392, 2, 76995 MiB, 100 %, 532.46 W, 1980 MHz
2026/09/27 18:10:12.393, 3, 76995 MiB, 100 %, 524.37 W, 1980 MHz
2026/09/27 18:10:12.393, 4, 76995 MiB, 100 %, 516.41 W, 1980 MHz
2026/09/27 18:10:12.394, 5, 76995 MiB, 100 %, 546.79 W, 1980 MHz
2026/09/27 18:10:12.395, 6, 76995 MiB, 100 %, 538.93 W, 1980 MHz
2026/09/27 18:10:12.395, 7, 76995 MiB, 100 %, 523.96 W, 1980 MHz
2026/09/27 18:10:13.396, 0, 76995 MiB, 100 %, 513.75 W, 1815 MHz
2026/09/27 18:10:13.397, 1, 76995 MiB, 100 %, 537.87 W, 1980 MHz
2026/09/27 18:10:13.398, 2, 76995 MiB, 100 %, 518.02 W, 1980 MHz
2026/09/27 18:10:13.398, 3, 76995 MiB, 100 %, 528.20 W, 1980 MHz
2026/09/27 18:10:13.399, 4, 76995 MiB, 100 %, 505.73 W, 1980 MHz
2026/09/27 18:10:13.400, 5, 76995 MiB, 100 %, 536.34 W, 1980 MHz
2026/09/27 18:10:13.400, 6, 76995 MiB, 100 %, 529.88 W, 1980 MHz
2026/09/27 18:10:13.401, 7, 76995 MiB, 100 %, 521.02 W, 1980 MHz
2026/09/27 18:10:14.401, 0, 76995 MiB, 100 %, 544.67 W, 1755 MHz
2026/09/27 18:10:14.402, 1, 76995 MiB, 100 %, 535.35 W, 1980 MHz
2026/09/27 18:10:14.403, 2, 76995 MiB, 100 %, 529.23 W, 1980 MHz
2026/09/27 18:10:14.404, 3, 76995 MiB, 100 %, 528.26 W, 1980 MHz
2026/09/27 18:10:14.405, 4, 76995 MiB, 100 %, 511.18 W, 1980 MHz
2026/09/27 18:10:14.405, 5, 76995 MiB, 100 %, 537.91 W, 1980 MHz
2026/09/27 18:10:14.406, 6, 76995 MiB, 100 %, 539.75 W, 1980 MHz
2026/09/27 18:10:14.407, 7, 76995 MiB, 100 %, 516.14 W, 1980 MHz
2026/09/27 18:10:15.407, 0, 76995 MiB, 100 %, 528.98 W, 1785 MHz
2026/09/27 18:10:15.409, 1, 76995 MiB, 100 %, 529.31 W, 1980 MHz
2026/09/27 18:10:15.409, 2, 76995 MiB, 100 %, 528.22 W, 1980 MHz
2026/09/27 18:10:15.410, 3, 76995 MiB, 100 %, 521.54 W, 1980 MHz
2026/09/27 18:10:15.411, 4, 76995 MiB, 100 %, 516.99 W, 1980 MHz
2026/09/27 18:10:15.411, 5, 76995 MiB, 100 %, 542.47 W, 1980 MHz
2026/09/27 18:10:15.412, 6, 76995 MiB, 100 %, 538.18 W, 1980 MHz
2026/09/27 18:10:15.412, 7, 76995 MiB, 100 %, 518.73 W, 1980 MHz
2026/09/27 18:10:16.413, 0, 76995 MiB, 100 %, 563.26 W, 1740 MHz
2026/09/27 18:10:16.414, 1, 76995 MiB, 100 %, 543.17 W, 1980 MHz
2026/09/27 18:10:16.415, 2, 76995 MiB, 100 %, 529.99 W, 1980 MHz
2026/09/27 18:10:16.415, 3, 76995 MiB, 100 %, 525.26 W, 1980 MHz
2026/09/27 18:10:16.416, 4, 76995 MiB, 100 %, 516.93 W, 1980 MHz
2026/09/27 18:10:16.417, 5, 76995 MiB, 100 %, 544.31 W, 1980 MHz
2026/09/27 18:10:16.417, 6, 76995 MiB, 100 %, 538.09 W, 1980 MHz
2026/09/27 18:10:16.418, 7, 76995 MiB, 100 %, 525.74 W, 1980 MHz
2026/09/27 18:10:17.419, 0, 76995 MiB, 100 %, 538.05 W, 1650 MHz
2026/09/27 18:10:17.420, 1, 76995 MiB, 100 %, 533.98 W, 1980 MHz
2026/09/27 18:10:17.421, 2, 76995 MiB, 100 %, 520.97 W, 1980 MHz
2026/09/27 18:10:17.421, 3, 76995 MiB, 100 %, 533.20 W, 1980 MHz
2026/09/27 18:10:17.422, 4, 76995 MiB, 100 %, 521.71 W, 1980 MHz
2026/09/27 18:10:17.423, 5, 76995 MiB, 100 %, 541.57 W, 1980 MHz
2026/09/27 18:10:17.423, 6, 76995 MiB, 100 %, 534.43 W, 1980 MHz
2026/09/27 18:10:17.424, 7, 76995 MiB, 100 %, 517.76 W, 1980 MHz
2026/09/27 18:10:18.425, 0, 76995 MiB, 100 %, 563.80 W, 1935 MHz
2026/09/27 18:10:18.426, 1, 76995 MiB, 100 %, 538.34 W, 1980 MHz
2026/09/27 18:10:18.426, 2, 76995 MiB, 100 %, 534.80 W, 1980 MHz
2026/09/27 18:10:18.427, 3, 76995 MiB, 100 %, 526.77 W, 1980 MHz
2026/09/27 18:10:18.428, 4, 76995 MiB, 100 %, 521.82 W, 1980 MHz
2026/09/27 18:10:18.428, 5, 76995 MiB, 100 %, 549.48 W, 1980 MHz
2026/09/27 18:10:18.429, 6, 76995 MiB, 100 %, 537.67 W, 1980 MHz
2026/09/27 18:10:18.430, 7, 76995 MiB, 100 %, 530.16 W, 1980 MHz
2026/09/27 18:10:19.430, 0, 76995 MiB, 100 %, 510.56 W, 1620 MHz
2026/09/27 18:10:19.431, 1, 76995 MiB, 100 %, 525.96 W, 1980 MHz
2026/09/27 18:10:19.432, 2, 76995 MiB, 100 %, 513.99 W, 1980 MHz
2026/09/27 18:10:19.432, 3, 76995 MiB, 100 %, 513.18 W, 1980 MHz
2026/09/27 18:10:19.433, 4, 76995 MiB, 100 %, 501.43 W, 1980 MHz
2026/09/27 18:10:19.434, 5, 76995 MiB, 100 %, 537.11 W, 1980 MHz
2026/09/27 18:10:19.434, 6, 76995 MiB, 100 %, 534.37 W, 1980 MHz
2026/09/27 18:10:19.435, 7, 76995 MiB, 100 %, 514.03 W, 1980 MHz
2026/09/27 18:10:20.435, 0, 76995 MiB, 100 %, 526.08 W, 1905 MHz
2026/09/27 18:10:20.436, 1, 76995 MiB, 100 %, 537.08 W, 1980 MHz
2026/09/27 18:10:20.439, 2, 76995 MiB, 100 %, 528.59 W, 1980 MHz
2026/09/27 18:10:20.440, 3, 76995 MiB, 100 %, 523.51 W, 1980 MHz
2026/09/27 18:10:20.441, 4, 76995 MiB, 100 %, 512.90 W, 1980 MHz
2026/09/27 18:10:20.443, 5, 76995 MiB, 100 %, 542.18 W, 1980 MHz
2026/09/27 18:10:20.444, 6, 76995 MiB, 100 %, 529.64 W, 1980 MHz
2026/09/27 18:10:20.444, 7, 76995 MiB, 100 %, 521.83 W, 1980 MHz
2026/09/27 18:10:21.445, 0, 76995 MiB, 100 %, 538.93 W, 1875 MHz
2026/09/27 18:10:21.446, 1, 76995 MiB, 100 %, 530.37 W, 1980 MHz
2026/09/27 18:10:21.447, 2, 76995 MiB, 100 %, 513.42 W, 1980 MHz
2026/09/27 18:10:21.447, 3, 76995 MiB, 100 %, 528.01 W, 1980 MHz
2026/09/27 18:10:21.448, 4, 76995 MiB, 100 %, 518.73 W, 1980 MHz
2026/09/27 18:10:21.449, 5, 76995 MiB, 100 %, 538.04 W, 1980 MHz
2026/09/27 18:10:21.449, 6, 76995 MiB, 100 %, 535.94 W, 1980 MHz
2026/09/27 18:10:21.450, 7, 76995 MiB, 100 %, 518.32 W, 1980 MHz
2026/09/27 18:10:22.451, 0, 76995 MiB, 100 %, 556.03 W, 1785 MHz
2026/09/27 18:10:22.453, 1, 76995 MiB, 100 %, 542.75 W, 1980 MHz
2026/09/27 18:10:22.454, 2, 76995 MiB, 100 %, 537.03 W, 1980 MHz
2026/09/27 18:10:22.455, 3, 76995 MiB, 100 %, 531.79 W, 1980 MHz
2026/09/27 18:10:22.457, 4, 76995 MiB, 100 %, 520.29 W, 1980 MHz
2026/09/27 18:10:22.458, 5, 76995 MiB, 100 %, 544.26 W, 1980 MHz
2026/09/27 18:10:22.459, 6, 76995 MiB, 100 %, 533.94 W, 1980 MHz
2026/09/27 18:10:22.460, 7, 76995 MiB, 100 %, 533.33 W, 1980 MHz
2026/09/27 18:10:23.462, 0, 76995 MiB, 100 %, 512.12 W, 1575 MHz
2026/09/27 18:10:23.463, 1, 76995 MiB, 100 %, 526.99 W, 1980 MHz
2026/09/27 18:10:23.464, 2, 76995 MiB, 100 %, 519.57 W, 1980 MHz
2026/09/27 18:10:23.465, 3, 76995 MiB, 100 %, 520.57 W, 1980 MHz
2026/09/27 18:10:23.465, 4, 76995 MiB, 100 %, 513.94 W, 1980 MHz
2026/09/27 18:10:23.466, 5, 76995 MiB, 100 %, 537.15 W, 1980 MHz
2026/09/27 18:10:23.467, 6, 76995 MiB, 100 %, 523.55 W, 1980 MHz
2026/09/27 18:10:23.467, 7, 76995 MiB, 100 %, 516.36 W, 1980 MHz
2026/09/27 18:10:24.468, 0, 76995 MiB, 100 %, 503.97 W, 1605 MHz
2026/09/27 18:10:24.469, 1, 76995 MiB, 100 %, 529.41 W, 1980 MHz
2026/09/27 18:10:24.470, 2, 76995 MiB, 100 %, 528.06 W, 1980 MHz
2026/09/27 18:10:24.470, 3, 76995 MiB, 100 %, 520.84 W, 1980 MHz
2026/09/27 18:10:24.471, 4, 76995 MiB, 100 %, 515.19 W, 1980 MHz
2026/09/27 18:10:24.472, 5, 76995 MiB, 100 %, 541.78 W, 1980 MHz
2026/09/27 18:10:24.473, 6, 76995 MiB, 100 %, 532.43 W, 1980 MHz
2026/09/27 18:10:24.473, 7, 76995 MiB, 100 %, 514.68 W, 1980 MHz
2026/09/27 18:10:25.474, 0, 76995 MiB, 100 %, 505.51 W, 1770 MHz
2026/09/27 18:10:25.475, 1, 76995 MiB, 100 %, 533.38 W, 1980 MHz
2026/09/27 18:10:25.476, 2, 76995 MiB, 100 %, 522.14 W, 1980 MHz
2026/09/27 18:10:25.476, 3, 76995 MiB, 100 %, 523.06 W, 1980 MHz
2026/09/27 18:10:25.477, 4, 76995 MiB, 100 %, 509.46 W, 1980 MHz
2026/09/27 18:10:25.478, 5, 76995 MiB, 100 %, 538.02 W, 1980 MHz
2026/09/27 18:10:25.478, 6, 76995 MiB, 100 %, 517.76 W, 1980 MHz
2026/09/27 18:10:25.479, 7, 76995 MiB, 100 %, 515.79 W, 1980 MHz
2026/09/27 18:10:26.480, 0, 76995 MiB, 100 %, 504.90 W, 1575 MHz
2026/09/27 18:10:26.481, 1, 76995 MiB, 100 %, 541.90 W, 1980 MHz
2026/09/27 18:10:26.482, 2, 76995 MiB, 100 %, 512.77 W, 1980 MHz
2026/09/27 18:10:26.482, 3, 76995 MiB, 100 %, 532.01 W, 1980 MHz
2026/09/27 18:10:26.483, 4, 76995 MiB, 100 %, 512.24 W, 1980 MHz
2026/09/27 18:10:26.484, 5, 76995 MiB, 100 %, 534.07 W, 1980 MHz
2026/09/27 18:10:26.484, 6, 76995 MiB, 100 %, 532.68 W, 1980 MHz
2026/09/27 18:10:26.485, 7, 76995 MiB, 100 %, 524.79 W, 1980 MHz
2026/09/27 18:10:27.486, 0, 76995 MiB, 100 %, 512.14 W, 1770 MHz
2026/09/27 18:10:27.487, 1, 76995 MiB, 100 %, 530.17 W, 1980 MHz
2026/09/27 18:10:27.487, 2, 76995 MiB, 100 %, 523.63 W, 1980 MHz
2026/09/27 18:10:27.488, 3, 76995 MiB, 100 %, 524.20 W, 1980 MHz
2026/09/27 18:10:27.489, 4, 76995 MiB, 100 %, 514.74 W, 1980 MHz
2026/09/27 18:10:27.489, 5, 76995 MiB, 100 %, 530.72 W, 1980 MHz
2026/09/27 18:10:27.490, 6, 76995 MiB, 100 %, 523.30 W, 1980 MHz
2026/09/27 18:10:27.491, 7, 76995 MiB, 100 %, 519.93 W, 1980 MHz
2026/09/27 18:10:28.491, 0, 76995 MiB, 100 %, 518.93 W, 1650 MHz
2026/09/27 18:10:28.492, 1, 76995 MiB, 100 %, 521.57 W, 1980 MHz
2026/09/27 18:10:28.493, 2, 76995 MiB, 100 %, 516.52 W, 1980 MHz
2026/09/27 18:10:28.494, 3, 76995 MiB, 100 %, 516.41 W, 1980 MHz
2026/09/27 18:10:28.494, 4, 76995 MiB, 100 %, 514.45 W, 1980 MHz
2026/09/27 18:10:28.495, 5, 76995 MiB, 100 %, 538.33 W, 1980 MHz
2026/09/27 18:10:28.496, 6, 76995 MiB, 100 %, 523.25 W, 1980 MHz
2026/09/27 18:10:28.496, 7, 76995 MiB, 100 %, 519.58 W, 1980 MHz
2026/09/27 18:10:29.497, 0, 76995 MiB, 100 %, 516.85 W, 1800 MHz
2026/09/27 18:10:29.498, 1, 76995 MiB, 100 %, 538.35 W, 1980 MHz
2026/09/27 18:10:29.499, 2, 76995 MiB, 100 %, 517.45 W, 1980 MHz
2026/09/27 18:10:29.499, 3, 76995 MiB, 100 %, 530.43 W, 1980 MHz
2026/09/27 18:10:29.500, 4, 76995 MiB, 100 %, 514.69 W, 1980 MHz
2026/09/27 18:10:29.501, 5, 76995 MiB, 100 %, 539.72 W, 1980 MHz
2026/09/27 18:10:29.501, 6, 76995 MiB, 100 %, 533.47 W, 1980 MHz
2026/09/27 18:10:29.502, 7, 76995 MiB, 100 %, 521.02 W, 1980 MHz
2026/09/27 18:10:30.503, 0, 76995 MiB, 100 %, 516.95 W, 1770 MHz
2026/09/27 18:10:30.504, 1, 76995 MiB, 100 %, 528.43 W, 1980 MHz
2026/09/27 18:10:30.504, 2, 76995 MiB, 100 %, 521.66 W, 1980 MHz
2026/09/27 18:10:30.505, 3, 76995 MiB, 100 %, 515.33 W, 1980 MHz
2026/09/27 18:10:30.506, 4, 76995 MiB, 100 %, 506.92 W, 1980 MHz
2026/09/27 18:10:30.506, 5, 76995 MiB, 100 %, 538.74 W, 1980 MHz
2026/09/27 18:10:30.507, 6, 76995 MiB, 100 %, 530.68 W, 1980 MHz
2026/09/27 18:10:30.508, 7, 76995 MiB, 100 %, 517.96 W, 1980 MHz
2026/09/27 18:10:31.508, 0, 76995 MiB, 100 %, 519.46 W, 1620 MHz
2026/09/27 18:10:31.509, 1, 76995 MiB, 100 %, 540.23 W, 1980 MHz
2026/09/27 18:10:31.510, 2, 76995 MiB, 100 %, 516.63 W, 1980 MHz
2026/09/27 18:10:31.511, 3, 76995 MiB, 100 %, 530.20 W, 1980 MHz
2026/09/27 18:10:31.512, 4, 76995 MiB, 100 %, 509.15 W, 1980 MHz
2026/09/27 18:10:31.512, 5, 76995 MiB, 100 %, 537.94 W, 1980 MHz
2026/09/27 18:10:31.513, 6, 76995 MiB, 100 %, 536.40 W, 1980 MHz
2026/09/27 18:10:31.514, 7, 76995 MiB, 100 %, 510.87 W, 1980 MHz
2026/09/27 18:10:32.515, 0, 76995 MiB, 100 %, 507.54 W, 1650 MHz
2026/09/27 18:10:32.516, 1, 76995 MiB, 100 %, 533.46 W, 1980 MHz
2026/09/27 18:10:32.516, 2, 76995 MiB, 100 %, 511.87 W, 1980 MHz
2026/09/27 18:10:32.517, 3, 76995 MiB, 100 %, 524.11 W, 1980 MHz
2026/09/27 18:10:32.518, 4, 76995 MiB, 100 %, 509.24 W, 1980 MHz
2026/09/27 18:10:32.519, 5, 76995 MiB, 100 %, 533.92 W, 1980 MHz
2026/09/27 18:10:32.519, 6, 76995 MiB, 100 %, 529.57 W, 1980 MHz
2026/09/27 18:10:32.520, 7, 76995 MiB, 100 %, 509.25 W, 1980 MHz
2026/09/27 18:10:33.521, 0, 76995 MiB, 100 %, 522.82 W, 1695 MHz
2026/09/27 18:10:33.522, 1, 76995 MiB, 100 %, 530.20 W, 1980 MHz
2026/09/27 18:10:33.523, 2, 76995 MiB, 100 %, 526.78 W, 1980 MHz
2026/09/27 18:10:33.523, 3, 76995 MiB, 100 %, 525.72 W, 1980 MHz
2026/09/27 18:10:33.524, 4, 76995 MiB, 100 %, 514.96 W, 1980 MHz
2026/09/27 18:10:33.525, 5, 76995 MiB, 100 %, 535.92 W, 1980 MHz
2026/09/27 18:10:33.525, 6, 76995 MiB, 100 %, 536.34 W, 1980 MHz
2026/09/27 18:10:33.526, 7, 76995 MiB, 100 %, 514.36 W, 1980 MHz
2026/09/27 18:10:34.527, 0, 76995 MiB, 100 %, 528.73 W, 1785 MHz
2026/09/27 18:10:34.528, 1, 76995 MiB, 100 %, 544.77 W, 1980 MHz
2026/09/27 18:10:34.529, 2, 76995 MiB, 100 %, 524.59 W, 1980 MHz
2026/09/27 18:10:34.529, 3, 76995 MiB, 100 %, 525.30 W, 1980 MHz
2026/09/27 18:10:34.530, 4, 76995 MiB, 100 %, 513.34 W, 1980 MHz
2026/09/27 18:10:34.531, 5, 76995 MiB, 100 %, 543.83 W, 1980 MHz
2026/09/27 18:10:34.531, 6, 76995 MiB, 100 %, 529.96 W, 1980 MHz
2026/09/27 18:10:34.532, 7, 76995 MiB, 100 %, 523.75 W, 1980 MHz
2026/09/27 18:10:35.533, 0, 76995 MiB, 100 %, 531.82 W, 1635 MHz
2026/09/27 18:10:35.534, 1, 76995 MiB, 100 %, 527.10 W, 1980 MHz
2026/09/27 18:10:35.535, 2, 76995 MiB, 100 %, 525.06 W, 1980 MHz
2026/09/27 18:10:35.535, 3, 76995 MiB, 100 %, 519.40 W, 1980 MHz
2026/09/27 18:10:35.536, 4, 76995 MiB, 100 %, 515.09 W, 1980 MHz
2026/09/27 18:10:35.536, 5, 76995 MiB, 100 %, 540.02 W, 1980 MHz
2026/09/27 18:10:35.537, 6, 76995 MiB, 100 %, 537.45 W, 1980 MHz
2026/09/27 18:10:35.538, 7, 76995 MiB, 100 %, 514.49 W, 1980 MHz
2026/09/27 18:10:36.538, 0, 76995 MiB, 100 %, 529.30 W, 1830 MHz
2026/09/27 18:10:36.539, 1, 76995 MiB, 100 %, 538.05 W, 1980 MHz
2026/09/27 18:10:36.540, 2, 76995 MiB, 100 %, 531.47 W, 1980 MHz
2026/09/27 18:10:36.541, 3, 76995 MiB, 100 %, 525.98 W, 1980 MHz
2026/09/27 18:10:36.542, 4, 76995 MiB, 100 %, 518.84 W, 1980 MHz
2026/09/27 18:10:36.542, 5, 76995 MiB, 100 %, 542.73 W, 1980 MHz
2026/09/27 18:10:36.543, 6, 76995 MiB, 100 %, 535.54 W, 1980 MHz
2026/09/27 18:10:36.544, 7, 76995 MiB, 100 %, 523.01 W, 1980 MHz
2026/09/27 18:10:37.544, 0, 76995 MiB, 100 %, 534.13 W, 1830 MHz
2026/09/27 18:10:37.545, 1, 76995 MiB, 100 %, 534.38 W, 1980 MHz
2026/09/27 18:10:37.546, 2, 76995 MiB, 100 %, 523.14 W, 1980 MHz
2026/09/27 18:10:37.547, 3, 76995 MiB, 100 %, 527.22 W, 1980 MHz
2026/09/27 18:10:37.548, 4, 76995 MiB, 100 %, 515.41 W, 1980 MHz
2026/09/27 18:10:37.548, 5, 76995 MiB, 100 %, 540.12 W, 1980 MHz
2026/09/27 18:10:37.549, 6, 76995 MiB, 100 %, 536.76 W, 1980 MHz
2026/09/27 18:10:37.550, 7, 76995 MiB, 100 %, 516.34 W, 1980 MHz
2026/09/27 18:10:38.550, 0, 76995 MiB, 100 %, 541.09 W, 1770 MHz
2026/09/27 18:10:38.551, 1, 76995 MiB, 100 %, 548.51 W, 1980 MHz
2026/09/27 18:10:38.552, 2, 76995 MiB, 100 %, 529.87 W, 1980 MHz
2026/09/27 18:10:38.553, 3, 76995 MiB, 100 %, 533.19 W, 1980 MHz
2026/09/27 18:10:38.554, 4, 76995 MiB, 100 %, 518.01 W, 1980 MHz
2026/09/27 18:10:38.554, 5, 76995 MiB, 100 %, 538.83 W, 1980 MHz
2026/09/27 18:10:38.555, 6, 76995 MiB, 100 %, 531.75 W, 1980 MHz
2026/09/27 18:10:38.556, 7, 76995 MiB, 100 %, 525.78 W, 1980 MHz
2026/09/27 18:10:39.556, 0, 76995 MiB, 100 %, 542.51 W, 1860 MHz
2026/09/27 18:10:39.557, 1, 76995 MiB, 100 %, 531.92 W, 1980 MHz
2026/09/27 18:10:39.558, 2, 76995 MiB, 100 %, 519.89 W, 1980 MHz
2026/09/27 18:10:39.559, 3, 76995 MiB, 100 %, 526.62 W, 1980 MHz
2026/09/27 18:10:39.560, 4, 76995 MiB, 100 %, 512.96 W, 1980 MHz
2026/09/27 18:10:39.560, 5, 76995 MiB, 100 %, 535.69 W, 1980 MHz
2026/09/27 18:10:39.561, 6, 76995 MiB, 100 %, 538.03 W, 1980 MHz
2026/09/27 18:10:39.562, 7, 76995 MiB, 100 %, 519.15 W, 1980 MHz
2026/09/27 18:10:40.563, 0, 76995 MiB, 100 %, 511.34 W, 1545 MHz
2026/09/27 18:10:40.564, 1, 76995 MiB, 100 %, 530.54 W, 1980 MHz
2026/09/27 18:10:40.565, 2, 76995 MiB, 100 %, 513.88 W, 1980 MHz
2026/09/27 18:10:40.565, 3, 76995 MiB, 100 %, 515.84 W, 1980 MHz
2026/09/27 18:10:40.566, 4, 76995 MiB, 100 %, 514.53 W, 1980 MHz
2026/09/27 18:10:40.567, 5, 76995 MiB, 100 %, 536.14 W, 1980 MHz
2026/09/27 18:10:40.568, 6, 76995 MiB, 100 %, 520.99 W, 1980 MHz
2026/09/27 18:10:40.568, 7, 76995 MiB, 100 %, 512.51 W, 1980 MHz
2026/09/27 18:10:41.569, 0, 76995 MiB, 100 %, 481.57 W, 1650 MHz
2026/09/27 18:10:41.570, 1, 76995 MiB, 100 %, 515.24 W, 1980 MHz
2026/09/27 18:10:41.571, 2, 76995 MiB, 100 %, 510.68 W, 1980 MHz
2026/09/27 18:10:41.572, 3, 76995 MiB, 100 %, 518.89 W, 1980 MHz
2026/09/27 18:10:41.572, 4, 76995 MiB, 100 %, 505.46 W, 1980 MHz
2026/09/27 18:10:41.573, 5, 76995 MiB, 100 %, 526.61 W, 1980 MHz
2026/09/27 18:10:41.574, 6, 76995 MiB, 100 %, 521.93 W, 1980 MHz
2026/09/27 18:10:41.574, 7, 76995 MiB, 100 %, 508.08 W, 1980 MHz
2026/09/27 18:10:42.575, 0, 76995 MiB, 100 %, 498.18 W, 1740 MHz
2026/09/27 18:10:42.576, 1, 76995 MiB, 100 %, 532.46 W, 1980 MHz
2026/09/27 18:10:42.577, 2, 76995 MiB, 100 %, 506.26 W, 1980 MHz
2026/09/27 18:10:42.577, 3, 76995 MiB, 100 %, 519.24 W, 1980 MHz
2026/09/27 18:10:42.578, 4, 76995 MiB, 100 %, 511.29 W, 1980 MHz
2026/09/27 18:10:42.579, 5, 76995 MiB, 100 %, 528.87 W, 1980 MHz
2026/09/27 18:10:42.579, 6, 76995 MiB, 100 %, 527.33 W, 1980 MHz
2026/09/27 18:10:42.580, 7, 76995 MiB, 100 %, 511.24 W, 1980 MHz
2026/09/27 18:10:43.581, 0, 76995 MiB, 100 %, 495.78 W, 1980 MHz
2026/09/27 18:10:43.582, 1, 76995 MiB, 100 %, 481.25 W, 1980 MHz
2026/09/27 18:10:43.583, 2, 76995 MiB, 100 %, 479.09 W, 1980 MHz
2026/09/27 18:10:43.584, 3, 76995 MiB, 100 %, 478.88 W, 1980 MHz
2026/09/27 18:10:43.584, 4, 76995 MiB, 100 %, 464.05 W, 1980 MHz
2026/09/27 18:10:43.585, 5, 76995 MiB, 100 %, 475.36 W, 1980 MHz
2026/09/27 18:10:43.586, 6, 76995 MiB, 100 %, 487.92 W, 1980 MHz
2026/09/27 18:10:43.586, 7, 76995 MiB, 100 %, 464.18 W, 1980 MHz
2026/09/27 18:10:44.587, 0, 76995 MiB, 100 %, 485.61 W, 1980 MHz
2026/09/27 18:10:44.588, 1, 76995 MiB, 100 %, 424.32 W, 1980 MHz
2026/09/27 18:10:44.589, 2, 76995 MiB, 100 %, 419.19 W, 1980 MHz
2026/09/27 18:10:44.589, 3, 76995 MiB, 100 %, 421.66 W, 1980 MHz
2026/09/27 18:10:44.590, 4, 76995 MiB, 100 %, 418.88 W, 1980 MHz
2026/09/27 18:10:44.591, 5, 76995 MiB, 100 %, 416.39 W, 1980 MHz
2026/09/27 18:10:44.591, 6, 76995 MiB, 100 %, 428.23 W, 1980 MHz
2026/09/27 18:10:44.592, 7, 76995 MiB, 100 %, 409.62 W, 1980 MHz
2026/09/27 18:10:45.593, 0, 76995 MiB, 100 %, 485.76 W, 1980 MHz
2026/09/27 18:10:45.594, 1, 76995 MiB, 100 %, 432.72 W, 1980 MHz
2026/09/27 18:10:45.594, 2, 76995 MiB, 100 %, 427.76 W, 1980 MHz
2026/09/27 18:10:45.595, 3, 76995 MiB, 100 %, 429.45 W, 1980 MHz
2026/09/27 18:10:45.596, 4, 76995 MiB, 100 %, 416.94 W, 1980 MHz
2026/09/27 18:10:45.597, 5, 76995 MiB, 100 %, 421.01 W, 1980 MHz
2026/09/27 18:10:45.597, 6, 76995 MiB, 100 %, 428.58 W, 1980 MHz
2026/09/27 18:10:45.598, 7, 76995 MiB, 100 %, 412.74 W, 1980 MHz
2026/09/27 18:10:46.599, 0, 76995 MiB, 100 %, 488.38 W, 1980 MHz
2026/09/27 18:10:46.600, 1, 76995 MiB, 100 %, 434.39 W, 1980 MHz
2026/09/27 18:10:46.601, 2, 76995 MiB, 100 %, 425.48 W, 1980 MHz
2026/09/27 18:10:46.601, 3, 76995 MiB, 100 %, 417.01 W, 1980 MHz
2026/09/27 18:10:46.602, 4, 76995 MiB, 100 %, 409.16 W, 1980 MHz
2026/09/27 18:10:46.603, 5, 76995 MiB, 100 %, 412.31 W, 1980 MHz
2026/09/27 18:10:46.604, 6, 76995 MiB, 100 %, 422.71 W, 1980 MHz
2026/09/27 18:10:46.604, 7, 76995 MiB, 100 %, 408.96 W, 1980 MHz
2026/09/27 18:10:47.605, 0, 76995 MiB, 0 %, 407.54 W, 1980 MHz
2026/09/27 18:10:47.606, 1, 76995 MiB, 10 %, 355.89 W, 1980 MHz
2026/09/27 18:10:47.606, 2, 76995 MiB, 50 %, 362.45 W, 1980 MHz
2026/09/27 18:10:47.607, 3, 76995 MiB, 67 %, 338.87 W, 1980 MHz
2026/09/27 18:10:47.608, 4, 76995 MiB, 0 %, 346.44 W, 1980 MHz
2026/09/27 18:10:47.609, 5, 76995 MiB, 100 %, 353.48 W, 1980 MHz
2026/09/27 18:10:47.609, 6, 76995 MiB, 0 %, 347.15 W, 1980 MHz
2026/09/27 18:10:47.610, 7, 76995 MiB, 100 %, 344.23 W, 1980 MHz
