timestamp, index, memory.used [MiB], utilization.gpu [%], power.draw [W], clocks.current.sm [MHz], utilization.memory [%], temperature.gpu
2026/10/10 17:10:27.511, 0, 76805 MiB, 0 %, 121.39 W, 1980 MHz, 0 %, 31
2026/10/10 17:10:27.520, 1, 76805 MiB, 0 %, 135.99 W, 1980 MHz, 0 %, 56
2026/10/10 17:10:27.528, 2, 76805 MiB, 0 %, 122.60 W, 1980 MHz, 0 %, 36
2026/10/10 17:10:27.536, 3, 76805 MiB, 0 %, 117.53 W, 1980 MHz, 0 %, 30
2026/10/10 17:10:27.544, 4, 76805 MiB, 0 %, 115.11 W, 1980 MHz, 0 %, 30
2026/10/10 17:10:27.552, 5, 76805 MiB, 0 %, 120.54 W, 1980 MHz, 0 %, 35
2026/10/10 17:10:27.560, 6, 76805 MiB, 0 %, 113.82 W, 1980 MHz, 0 %, 32
2026/10/10 17:10:27.568, 7, 76805 MiB, 0 %, 144.27 W, 1980 MHz, 0 %, 67
2026/10/10 17:10:28.576, 0, 76805 MiB, 0 %, 121.16 W, 1980 MHz, 0 %, 30
2026/10/10 17:10:28.577, 1, 76805 MiB, 0 %, 135.72 W, 1980 MHz, 0 %, 55
2026/10/10 17:10:28.577, 2, 76805 MiB, 0 %, 122.40 W, 1980 MHz, 0 %, 36
2026/10/10 17:10:28.577, 3, 76805 MiB, 0 %, 117.29 W, 1980 MHz, 0 %, 29
2026/10/10 17:10:28.577, 4, 76805 MiB, 0 %, 114.90 W, 1980 MHz, 0 %, 30
2026/10/10 17:10:28.577, 5, 76805 MiB, 0 %, 120.19 W, 1980 MHz, 0 %, 34
2026/10/10 17:10:28.577, 6, 76805 MiB, 0 %, 113.64 W, 1980 MHz, 0 %, 32
2026/10/10 17:10:28.577, 7, 76805 MiB, 0 %, 143.85 W, 1980 MHz, 0 %, 67
2026/10/10 17:10:29.577, 0, 76805 MiB, 0 %, 120.95 W, 1980 MHz, 0 %, 30
2026/10/10 17:10:29.577, 1, 76805 MiB, 0 %, 135.59 W, 1980 MHz, 0 %, 55
2026/10/10 17:10:29.577, 2, 76805 MiB, 0 %, 121.87 W, 1980 MHz, 0 %, 35
2026/10/10 17:10:29.577, 3, 76805 MiB, 0 %, 117.08 W, 1980 MHz, 0 %, 29
2026/10/10 17:10:29.577, 4, 76805 MiB, 0 %, 114.73 W, 1980 MHz, 0 %, 29
2026/10/10 17:10:29.577, 5, 76805 MiB, 0 %, 120.07 W, 1980 MHz, 0 %, 34
2026/10/10 17:10:29.577, 6, 76805 MiB, 0 %, 113.49 W, 1980 MHz, 0 %, 31
2026/10/10 17:10:29.578, 7, 76805 MiB, 0 %, 143.30 W, 1980 MHz, 0 %, 67
2026/10/10 17:10:30.578, 0, 76805 MiB, 0 %, 120.76 W, 1980 MHz, 0 %, 30
2026/10/10 17:10:30.578, 1, 76805 MiB, 0 %, 135.48 W, 1980 MHz, 0 %, 55
2026/10/10 17:10:30.578, 2, 76805 MiB, 0 %, 121.69 W, 1980 MHz, 0 %, 35
2026/10/10 17:10:30.578, 3, 76805 MiB, 0 %, 117.00 W, 1980 MHz, 0 %, 29
2026/10/10 17:10:30.578, 4, 76805 MiB, 0 %, 114.56 W, 1980 MHz, 0 %, 29
2026/10/10 17:10:30.578, 5, 76805 MiB, 0 %, 119.82 W, 1980 MHz, 0 %, 34
2026/10/10 17:10:30.578, 6, 76805 MiB, 0 %, 113.34 W, 1980 MHz, 0 %, 31
2026/10/10 17:10:30.578, 7, 76805 MiB, 0 %, 142.84 W, 1980 MHz, 0 %, 66
2026/10/10 17:10:31.578, 0, 76805 MiB, 0 %, 120.69 W, 1980 MHz, 0 %, 29
2026/10/10 17:10:31.579, 1, 76805 MiB, 0 %, 135.34 W, 1980 MHz, 0 %, 55
2026/10/10 17:10:31.579, 2, 76805 MiB, 0 %, 121.55 W, 1980 MHz, 0 %, 35
2026/10/10 17:10:31.579, 3, 76805 MiB, 0 %, 116.83 W, 1980 MHz, 0 %, 29
2026/10/10 17:10:31.579, 4, 76805 MiB, 0 %, 114.47 W, 1980 MHz, 0 %, 29
2026/10/10 17:10:31.579, 5, 76805 MiB, 0 %, 119.73 W, 1980 MHz, 0 %, 33
2026/10/10 17:10:31.579, 6, 76805 MiB, 0 %, 113.26 W, 1980 MHz, 0 %, 31
2026/10/10 17:10:31.579, 7, 76805 MiB, 0 %, 142.56 W, 1980 MHz, 0 %, 66
2026/10/10 17:10:32.579, 0, 76805 MiB, 0 %, 120.62 W, 1980 MHz, 0 %, 29
2026/10/10 17:10:32.579, 1, 76805 MiB, 0 %, 135.23 W, 1980 MHz, 0 %, 55
2026/10/10 17:10:32.579, 2, 76805 MiB, 0 %, 121.40 W, 1980 MHz, 0 %, 35
2026/10/10 17:10:32.579, 3, 76805 MiB, 0 %, 116.74 W, 1980 MHz, 0 %, 28
2026/10/10 17:10:32.579, 4, 76805 MiB, 0 %, 114.40 W, 1980 MHz, 0 %, 29
2026/10/10 17:10:32.579, 5, 76805 MiB, 0 %, 119.58 W, 1980 MHz, 0 %, 33
2026/10/10 17:10:32.580, 6, 76805 MiB, 0 %, 113.14 W, 1980 MHz, 0 %, 31
2026/10/10 17:10:32.580, 7, 76805 MiB, 0 %, 142.41 W, 1980 MHz, 0 %, 66
2026/10/10 17:10:33.580, 0, 76805 MiB, 0 %, 120.48 W, 1980 MHz, 0 %, 29
2026/10/10 17:10:33.580, 1, 76805 MiB, 0 %, 135.17 W, 1980 MHz, 0 %, 55
2026/10/10 17:10:33.580, 2, 76805 MiB, 0 %, 121.41 W, 1980 MHz, 0 %, 35
2026/10/10 17:10:33.580, 3, 76805 MiB, 0 %, 116.66 W, 1980 MHz, 0 %, 28
2026/10/10 17:10:33.580, 4, 76805 MiB, 0 %, 114.36 W, 1980 MHz, 0 %, 29
2026/10/10 17:10:33.580, 5, 76805 MiB, 0 %, 119.43 W, 1980 MHz, 0 %, 33
2026/10/10 17:10:33.580, 6, 76805 MiB, 0 %, 113.10 W, 1980 MHz, 0 %, 30
2026/10/10 17:10:33.580, 7, 76805 MiB, 0 %, 142.03 W, 1980 MHz, 0 %, 66
2026/10/10 17:10:34.580, 0, 76805 MiB, 0 %, 120.42 W, 1980 MHz, 0 %, 29
2026/10/10 17:10:34.581, 1, 76805 MiB, 0 %, 135.04 W, 1980 MHz, 0 %, 55
2026/10/10 17:10:34.581, 2, 76805 MiB, 0 %, 121.36 W, 1980 MHz, 0 %, 35
2026/10/10 17:10:34.581, 3, 76805 MiB, 0 %, 116.61 W, 1980 MHz, 0 %, 28
2026/10/10 17:10:34.581, 4, 76805 MiB, 0 %, 114.33 W, 1980 MHz, 0 %, 29
2026/10/10 17:10:34.581, 5, 76805 MiB, 0 %, 119.39 W, 1980 MHz, 0 %, 33
2026/10/10 17:10:34.581, 6, 76805 MiB, 0 %, 113.09 W, 1980 MHz, 0 %, 30
2026/10/10 17:10:34.581, 7, 76805 MiB, 0 %, 141.35 W, 1980 MHz, 0 %, 66
2026/10/10 17:10:35.581, 0, 76805 MiB, 0 %, 120.30 W, 1980 MHz, 0 %, 29
2026/10/10 17:10:35.581, 1, 76805 MiB, 0 %, 135.00 W, 1980 MHz, 0 %, 54
2026/10/10 17:10:35.581, 2, 76805 MiB, 0 %, 121.22 W, 1980 MHz, 0 %, 35
2026/10/10 17:10:35.581, 3, 76805 MiB, 0 %, 116.56 W, 1980 MHz, 0 %, 28
2026/10/10 17:10:35.581, 4, 76805 MiB, 0 %, 114.30 W, 1980 MHz, 0 %, 28
2026/10/10 17:10:35.581, 5, 76805 MiB, 0 %, 119.32 W, 1980 MHz, 0 %, 33
2026/10/10 17:10:35.582, 6, 76805 MiB, 0 %, 113.01 W, 1980 MHz, 0 %, 30
2026/10/10 17:10:35.582, 7, 76805 MiB, 0 %, 141.27 W, 1980 MHz, 0 %, 66
2026/10/10 17:10:36.582, 0, 76805 MiB, 0 %, 120.22 W, 1980 MHz, 0 %, 29
2026/10/10 17:10:36.582, 1, 76805 MiB, 0 %, 134.94 W, 1980 MHz, 0 %, 54
2026/10/10 17:10:36.582, 2, 76805 MiB, 0 %, 121.16 W, 1980 MHz, 0 %, 34
2026/10/10 17:10:36.582, 3, 76805 MiB, 0 %, 116.51 W, 1980 MHz, 0 %, 28
2026/10/10 17:10:36.582, 4, 76805 MiB, 0 %, 114.21 W, 1980 MHz, 0 %, 28
2026/10/10 17:10:36.582, 5, 76805 MiB, 0 %, 119.21 W, 1980 MHz, 0 %, 32
2026/10/10 17:10:36.582, 6, 76805 MiB, 0 %, 112.95 W, 1980 MHz, 0 %, 30
2026/10/10 17:10:36.582, 7, 76805 MiB, 0 %, 141.08 W, 1980 MHz, 0 %, 66
2026/10/10 17:10:37.582, 0, 76805 MiB, 0 %, 120.20 W, 1980 MHz, 0 %, 28
2026/10/10 17:10:37.583, 1, 76805 MiB, 0 %, 134.89 W, 1980 MHz, 0 %, 54
2026/10/10 17:10:37.583, 2, 76805 MiB, 0 %, 121.03 W, 1980 MHz, 0 %, 34
2026/10/10 17:10:37.583, 3, 76805 MiB, 0 %, 116.40 W, 1980 MHz, 0 %, 28
2026/10/10 17:10:37.583, 4, 76805 MiB, 0 %, 114.14 W, 1980 MHz, 0 %, 28
2026/10/10 17:10:37.583, 5, 76805 MiB, 0 %, 119.17 W, 1980 MHz, 0 %, 32
2026/10/10 17:10:37.583, 6, 76805 MiB, 0 %, 112.80 W, 1980 MHz, 0 %, 30
2026/10/10 17:10:37.583, 7, 76805 MiB, 0 %, 141.00 W, 1980 MHz, 0 %, 66
2026/10/10 17:10:38.583, 0, 76805 MiB, 0 %, 120.11 W, 1980 MHz, 0 %, 28
2026/10/10 17:10:38.583, 1, 76805 MiB, 0 %, 134.85 W, 1980 MHz, 0 %, 54
2026/10/10 17:10:38.583, 2, 76805 MiB, 0 %, 120.97 W, 1980 MHz, 0 %, 34
2026/10/10 17:10:38.583, 3, 76805 MiB, 0 %, 116.30 W, 1980 MHz, 0 %, 28
2026/10/10 17:10:38.583, 4, 76805 MiB, 0 %, 113.78 W, 1980 MHz, 0 %, 28
2026/10/10 17:10:38.583, 5, 76805 MiB, 0 %, 119.08 W, 1980 MHz, 0 %, 32
2026/10/10 17:10:38.584, 6, 76805 MiB, 0 %, 112.84 W, 1980 MHz, 0 %, 30
2026/10/10 17:10:38.584, 7, 76805 MiB, 0 %, 140.88 W, 1980 MHz, 0 %, 66
2026/10/10 17:10:39.584, 0, 76805 MiB, 0 %, 120.05 W, 1980 MHz, 0 %, 28
2026/10/10 17:10:39.584, 1, 76805 MiB, 0 %, 134.72 W, 1980 MHz, 0 %, 54
2026/10/10 17:10:39.584, 2, 76805 MiB, 0 %, 121.00 W, 1980 MHz, 0 %, 34
2026/10/10 17:10:39.584, 3, 76805 MiB, 0 %, 116.27 W, 1980 MHz, 0 %, 27
2026/10/10 17:10:39.584, 4, 76805 MiB, 0 %, 113.47 W, 1980 MHz, 0 %, 28
2026/10/10 17:10:39.584, 5, 76805 MiB, 0 %, 119.00 W, 1980 MHz, 0 %, 32
2026/10/10 17:10:39.584, 6, 76805 MiB, 0 %, 112.79 W, 1980 MHz, 0 %, 30
2026/10/10 17:10:39.584, 7, 76805 MiB, 0 %, 140.79 W, 1980 MHz, 0 %, 66
2026/10/10 17:10:40.584, 0, 76805 MiB, 0 %, 120.00 W, 1980 MHz, 0 %, 28
2026/10/10 17:10:40.585, 1, 76805 MiB, 0 %, 134.71 W, 1980 MHz, 0 %, 54
2026/10/10 17:10:40.585, 2, 76805 MiB, 0 %, 120.92 W, 1980 MHz, 0 %, 34
2026/10/10 17:10:40.585, 3, 76805 MiB, 0 %, 116.26 W, 1980 MHz, 0 %, 27
2026/10/10 17:10:40.585, 4, 76805 MiB, 0 %, 113.47 W, 1980 MHz, 0 %, 28
2026/10/10 17:10:40.585, 5, 76805 MiB, 0 %, 118.93 W, 1980 MHz, 0 %, 32
2026/10/10 17:10:40.585, 6, 76805 MiB, 0 %, 112.75 W, 1980 MHz, 0 %, 29
2026/10/10 17:10:40.585, 7, 76805 MiB, 0 %, 140.73 W, 1980 MHz, 0 %, 66
2026/10/10 17:10:41.585, 0, 76805 MiB, 68 %, 181.27 W, 1980 MHz, 36 %, 38
2026/10/10 17:10:41.585, 1, 76805 MiB, 61 %, 205.50 W, 1950 MHz, 32 %, 63
2026/10/10 17:10:41.585, 2, 76805 MiB, 96 %, 199.73 W, 1980 MHz, 49 %, 43
2026/10/10 17:10:41.585, 3, 76805 MiB, 100 %, 195.36 W, 1950 MHz, 49 %, 38
2026/10/10 17:10:41.585, 4, 76805 MiB, 100 %, 201.04 W, 1935 MHz, 49 %, 39
2026/10/10 17:10:41.585, 5, 76805 MiB, 74 %, 206.23 W, 1950 MHz, 38 %, 41
2026/10/10 17:10:41.585, 6, 76805 MiB, 100 %, 205.08 W, 1950 MHz, 49 %, 41
2026/10/10 17:10:41.586, 7, 76805 MiB, 0 %, 187.09 W, 1920 MHz, 0 %, 71
2026/10/10 17:10:42.586, 0, 76805 MiB, 100 %, 672.07 W, 1980 MHz, 44 %, 44
2026/10/10 17:10:42.586, 1, 76805 MiB, 100 %, 696.87 W, 1860 MHz, 45 %, 66
2026/10/10 17:10:42.586, 2, 76805 MiB, 100 %, 681.54 W, 1980 MHz, 47 %, 48
2026/10/10 17:10:42.586, 3, 76805 MiB, 100 %, 690.46 W, 1890 MHz, 47 %, 45
2026/10/10 17:10:42.586, 4, 76805 MiB, 100 %, 691.42 W, 1890 MHz, 48 %, 46
2026/10/10 17:10:42.586, 5, 76805 MiB, 100 %, 683.93 W, 1965 MHz, 45 %, 49
2026/10/10 17:10:42.586, 6, 76805 MiB, 100 %, 668.11 W, 1980 MHz, 48 %, 48
2026/10/10 17:10:42.586, 7, 76805 MiB, 100 %, 697.02 W, 1815 MHz, 45 %, 79
2026/10/10 17:10:43.586, 0, 76805 MiB, 100 %, 675.28 W, 1980 MHz, 43 %, 48
2026/10/10 17:10:43.586, 1, 76805 MiB, 100 %, 699.36 W, 1800 MHz, 43 %, 68
2026/10/10 17:10:43.586, 2, 76805 MiB, 100 %, 689.29 W, 1935 MHz, 43 %, 48
2026/10/10 17:10:43.587, 3, 76805 MiB, 100 %, 689.32 W, 1965 MHz, 43 %, 48
2026/10/10 17:10:43.587, 4, 76805 MiB, 100 %, 696.83 W, 1800 MHz, 44 %, 48
2026/10/10 17:10:43.587, 5, 76805 MiB, 100 %, 691.68 W, 1935 MHz, 43 %, 52
2026/10/10 17:10:43.587, 6, 76805 MiB, 100 %, 686.78 W, 1920 MHz, 44 %, 51
2026/10/10 17:10:43.587, 7, 76805 MiB, 100 %, 692.82 W, 1755 MHz, 46 %, 81
2026/10/10 17:10:44.587, 0, 76805 MiB, 100 %, 682.22 W, 1980 MHz, 42 %, 48
2026/10/10 17:10:44.587, 1, 76805 MiB, 100 %, 693.54 W, 1920 MHz, 43 %, 67
2026/10/10 17:10:44.587, 2, 76805 MiB, 100 %, 680.29 W, 1950 MHz, 45 %, 49
2026/10/10 17:10:44.587, 3, 76805 MiB, 100 %, 688.75 W, 1950 MHz, 46 %, 48
2026/10/10 17:10:44.587, 4, 76805 MiB, 100 %, 686.87 W, 1950 MHz, 47 %, 50
2026/10/10 17:10:44.587, 5, 76805 MiB, 100 %, 691.09 W, 1965 MHz, 43 %, 52
2026/10/10 17:10:44.587, 6, 76805 MiB, 100 %, 684.32 W, 1965 MHz, 47 %, 52
2026/10/10 17:10:44.587, 7, 76805 MiB, 100 %, 672.23 W, 1755 MHz, 43 %, 81
2026/10/10 17:10:45.587, 0, 76805 MiB, 100 %, 669.64 W, 1980 MHz, 46 %, 50
2026/10/10 17:10:45.588, 1, 76805 MiB, 100 %, 692.07 W, 1845 MHz, 45 %, 69
2026/10/10 17:10:45.588, 2, 76805 MiB, 100 %, 671.83 W, 1980 MHz, 46 %, 51
2026/10/10 17:10:45.588, 3, 76805 MiB, 100 %, 686.79 W, 1965 MHz, 45 %, 49
2026/10/10 17:10:45.588, 4, 76805 MiB, 100 %, 682.39 W, 1935 MHz, 45 %, 51
2026/10/10 17:10:45.588, 5, 76805 MiB, 100 %, 689.67 W, 1950 MHz, 45 %, 54
2026/10/10 17:10:45.588, 6, 76805 MiB, 100 %, 663.69 W, 1980 MHz, 45 %, 53
2026/10/10 17:10:45.588, 7, 76805 MiB, 100 %, 646.08 W, 1785 MHz, 49 %, 83
2026/10/10 17:10:46.588, 0, 76805 MiB, 100 %, 676.66 W, 1980 MHz, 46 %, 51
2026/10/10 17:10:46.588, 1, 76805 MiB, 100 %, 687.48 W, 1920 MHz, 46 %, 70
2026/10/10 17:10:46.588, 2, 76805 MiB, 100 %, 673.52 W, 1980 MHz, 45 %, 53
2026/10/10 17:10:46.588, 3, 76805 MiB, 100 %, 688.56 W, 1905 MHz, 45 %, 50
2026/10/10 17:10:46.588, 4, 76805 MiB, 100 %, 684.24 W, 1965 MHz, 43 %, 52
2026/10/10 17:10:46.588, 5, 76805 MiB, 100 %, 682.72 W, 1965 MHz, 46 %, 55
2026/10/10 17:10:46.588, 6, 76805 MiB, 100 %, 672.85 W, 1980 MHz, 43 %, 54
2026/10/10 17:10:46.589, 7, 76805 MiB, 100 %, 628.30 W, 1755 MHz, 43 %, 81
2026/10/10 17:10:47.589, 0, 76805 MiB, 100 %, 677.97 W, 1965 MHz, 41 %, 51
2026/10/10 17:10:47.589, 1, 76805 MiB, 100 %, 688.29 W, 1920 MHz, 41 %, 71
2026/10/10 17:10:47.589, 2, 76805 MiB, 100 %, 674.35 W, 1980 MHz, 41 %, 54
2026/10/10 17:10:47.589, 3, 76805 MiB, 100 %, 687.35 W, 1965 MHz, 41 %, 50
2026/10/10 17:10:47.589, 4, 76805 MiB, 100 %, 698.49 W, 1965 MHz, 41 %, 53
2026/10/10 17:10:47.589, 5, 76805 MiB, 100 %, 685.39 W, 1950 MHz, 41 %, 56
2026/10/10 17:10:47.589, 6, 76805 MiB, 100 %, 664.76 W, 1980 MHz, 41 %, 55
2026/10/10 17:10:47.589, 7, 76805 MiB, 100 %, 640.40 W, 1695 MHz, 45 %, 82
2026/10/10 17:10:48.589, 0, 76805 MiB, 100 %, 665.72 W, 1980 MHz, 47 %, 51
2026/10/10 17:10:48.589, 1, 76805 MiB, 100 %, 689.66 W, 1860 MHz, 47 %, 71
2026/10/10 17:10:48.589, 2, 76805 MiB, 100 %, 683.28 W, 1980 MHz, 47 %, 54
2026/10/10 17:10:48.590, 3, 76805 MiB, 100 %, 686.50 W, 1980 MHz, 47 %, 51
2026/10/10 17:10:48.590, 4, 76805 MiB, 100 %, 685.66 W, 1965 MHz, 47 %, 53
2026/10/10 17:10:48.590, 5, 76805 MiB, 100 %, 690.75 W, 1950 MHz, 47 %, 56
2026/10/10 17:10:48.590, 6, 76805 MiB, 100 %, 666.76 W, 1980 MHz, 45 %, 55
2026/10/10 17:10:48.590, 7, 76805 MiB, 100 %, 615.61 W, 1755 MHz, 46 %, 81
2026/10/10 17:10:49.590, 0, 76805 MiB, 100 %, 668.56 W, 1980 MHz, 44 %, 52
2026/10/10 17:10:49.590, 1, 76805 MiB, 100 %, 691.70 W, 1890 MHz, 43 %, 72
2026/10/10 17:10:49.590, 2, 76805 MiB, 100 %, 681.73 W, 1965 MHz, 43 %, 55
2026/10/10 17:10:49.590, 3, 76805 MiB, 100 %, 693.45 W, 1920 MHz, 43 %, 51
2026/10/10 17:10:49.590, 4, 76805 MiB, 100 %, 687.94 W, 1935 MHz, 43 %, 54
2026/10/10 17:10:49.590, 5, 76805 MiB, 100 %, 691.65 W, 1935 MHz, 43 %, 57
2026/10/10 17:10:49.590, 6, 76805 MiB, 100 %, 671.73 W, 1980 MHz, 43 %, 56
2026/10/10 17:10:49.590, 7, 76805 MiB, 100 %, 644.41 W, 1725 MHz, 47 %, 83
2026/10/10 17:10:50.591, 0, 76805 MiB, 100 %, 653.79 W, 1980 MHz, 43 %, 52
2026/10/10 17:10:50.591, 1, 76805 MiB, 100 %, 692.86 W, 1815 MHz, 41 %, 72
2026/10/10 17:10:50.591, 2, 76805 MiB, 100 %, 673.35 W, 1965 MHz, 45 %, 55
2026/10/10 17:10:50.591, 3, 76805 MiB, 100 %, 681.72 W, 1965 MHz, 45 %, 51
2026/10/10 17:10:50.591, 4, 76805 MiB, 100 %, 683.01 W, 1905 MHz, 44 %, 53
2026/10/10 17:10:50.591, 5, 76805 MiB, 100 %, 681.13 W, 1830 MHz, 44 %, 57
2026/10/10 17:10:50.591, 6, 76805 MiB, 100 %, 667.08 W, 1980 MHz, 45 %, 56
2026/10/10 17:10:50.591, 7, 76805 MiB, 100 %, 618.87 W, 1830 MHz, 42 %, 83
2026/10/10 17:10:51.591, 0, 76805 MiB, 100 %, 677.14 W, 1980 MHz, 45 %, 52
2026/10/10 17:10:51.591, 1, 76805 MiB, 100 %, 692.31 W, 1920 MHz, 45 %, 73
2026/10/10 17:10:51.591, 2, 76805 MiB, 100 %, 670.49 W, 1980 MHz, 45 %, 55
2026/10/10 17:10:51.591, 3, 76805 MiB, 100 %, 687.30 W, 1965 MHz, 45 %, 52
2026/10/10 17:10:51.591, 4, 76805 MiB, 100 %, 682.53 W, 1965 MHz, 45 %, 54
2026/10/10 17:10:51.591, 5, 76805 MiB, 100 %, 675.21 W, 1935 MHz, 45 %, 57
2026/10/10 17:10:51.592, 6, 76805 MiB, 100 %, 665.84 W, 1980 MHz, 45 %, 56
2026/10/10 17:10:51.592, 7, 76805 MiB, 100 %, 632.84 W, 1740 MHz, 49 %, 82
2026/10/10 17:10:52.592, 0, 76805 MiB, 100 %, 675.30 W, 1965 MHz, 47 %, 53
2026/10/10 17:10:52.592, 1, 76805 MiB, 100 %, 695.53 W, 1860 MHz, 47 %, 73
2026/10/10 17:10:52.592, 2, 76805 MiB, 100 %, 680.02 W, 1980 MHz, 47 %, 56
2026/10/10 17:10:52.592, 3, 76805 MiB, 100 %, 687.57 W, 1905 MHz, 46 %, 52
2026/10/10 17:10:52.592, 4, 76805 MiB, 100 %, 683.79 W, 1965 MHz, 44 %, 55
2026/10/10 17:10:52.592, 5, 76805 MiB, 100 %, 695.57 W, 1830 MHz, 47 %, 57
2026/10/10 17:10:52.592, 6, 76805 MiB, 100 %, 671.93 W, 1980 MHz, 44 %, 57
2026/10/10 17:10:52.592, 7, 76805 MiB, 100 %, 635.22 W, 1755 MHz, 44 %, 82
2026/10/10 17:10:53.592, 0, 76805 MiB, 100 %, 668.00 W, 1980 MHz, 41 %, 53
2026/10/10 17:10:53.593, 1, 76805 MiB, 100 %, 698.92 W, 1935 MHz, 41 %, 73
2026/10/10 17:10:53.593, 2, 76805 MiB, 100 %, 677.08 W, 1950 MHz, 41 %, 57
2026/10/10 17:10:53.593, 3, 76805 MiB, 100 %, 680.34 W, 1980 MHz, 41 %, 53
2026/10/10 17:10:53.593, 4, 76805 MiB, 100 %, 688.92 W, 1965 MHz, 41 %, 55
2026/10/10 17:10:53.593, 5, 76805 MiB, 100 %, 693.30 W, 1965 MHz, 41 %, 58
2026/10/10 17:10:53.593, 6, 76805 MiB, 100 %, 669.39 W, 1965 MHz, 41 %, 57
2026/10/10 17:10:53.593, 7, 76805 MiB, 100 %, 623.05 W, 1695 MHz, 45 %, 82
2026/10/10 17:10:54.593, 0, 76805 MiB, 100 %, 673.27 W, 1965 MHz, 45 %, 52
2026/10/10 17:10:54.594, 1, 76805 MiB, 100 %, 683.54 W, 1920 MHz, 45 %, 72
2026/10/10 17:10:54.594, 2, 76805 MiB, 100 %, 661.76 W, 1980 MHz, 47 %, 57
2026/10/10 17:10:54.594, 3, 76805 MiB, 100 %, 698.42 W, 1935 MHz, 47 %, 52
2026/10/10 17:10:54.594, 4, 76805 MiB, 100 %, 689.30 W, 1965 MHz, 47 %, 55
2026/10/10 17:10:54.594, 5, 76805 MiB, 100 %, 694.59 W, 1965 MHz, 45 %, 58
2026/10/10 17:10:54.594, 6, 76805 MiB, 100 %, 659.45 W, 1980 MHz, 47 %, 57
2026/10/10 17:10:54.594, 7, 76805 MiB, 100 %, 611.85 W, 1695 MHz, 47 %, 82
2026/10/10 17:10:55.594, 0, 76805 MiB, 100 %, 668.74 W, 1980 MHz, 44 %, 53
2026/10/10 17:10:55.594, 1, 76805 MiB, 100 %, 691.50 W, 1860 MHz, 43 %, 74
2026/10/10 17:10:55.594, 2, 76805 MiB, 100 %, 674.72 W, 1980 MHz, 43 %, 57
2026/10/10 17:10:55.595, 3, 76805 MiB, 100 %, 688.81 W, 1905 MHz, 43 %, 52
2026/10/10 17:10:55.595, 4, 76805 MiB, 100 %, 692.59 W, 1935 MHz, 43 %, 55
2026/10/10 17:10:55.595, 5, 76805 MiB, 100 %, 689.89 W, 1965 MHz, 43 %, 59
2026/10/10 17:10:55.595, 6, 76805 MiB, 100 %, 667.05 W, 1980 MHz, 43 %, 57
2026/10/10 17:10:55.595, 7, 76805 MiB, 100 %, 619.79 W, 1710 MHz, 43 %, 82
2026/10/10 17:10:56.595, 0, 76805 MiB, 100 %, 678.18 W, 1980 MHz, 41 %, 53
2026/10/10 17:10:56.595, 1, 76805 MiB, 100 %, 688.05 W, 1950 MHz, 41 %, 73
2026/10/10 17:10:56.595, 2, 76805 MiB, 100 %, 680.59 W, 1965 MHz, 44 %, 57
2026/10/10 17:10:56.595, 3, 76805 MiB, 100 %, 689.09 W, 1875 MHz, 44 %, 53
2026/10/10 17:10:56.595, 4, 76805 MiB, 100 %, 689.37 W, 1935 MHz, 44 %, 56
2026/10/10 17:10:56.595, 5, 76805 MiB, 100 %, 682.62 W, 1935 MHz, 42 %, 59
2026/10/10 17:10:56.595, 6, 76805 MiB, 100 %, 671.15 W, 1980 MHz, 44 %, 57
2026/10/10 17:10:56.595, 7, 76805 MiB, 100 %, 620.14 W, 1710 MHz, 44 %, 82
2026/10/10 17:10:57.595, 0, 76805 MiB, 100 %, 681.71 W, 1980 MHz, 46 %, 53
2026/10/10 17:10:57.596, 1, 76805 MiB, 100 %, 687.69 W, 1935 MHz, 46 %, 73
2026/10/10 17:10:57.596, 2, 76805 MiB, 100 %, 685.13 W, 1965 MHz, 45 %, 58
2026/10/10 17:10:57.596, 3, 76805 MiB, 100 %, 690.89 W, 1980 MHz, 46 %, 54
2026/10/10 17:10:57.596, 4, 76805 MiB, 100 %, 691.25 W, 1965 MHz, 46 %, 56
2026/10/10 17:10:57.596, 5, 76805 MiB, 100 %, 697.02 W, 1965 MHz, 46 %, 59
2026/10/10 17:10:57.596, 6, 76805 MiB, 100 %, 670.58 W, 1980 MHz, 46 %, 57
2026/10/10 17:10:57.596, 7, 76805 MiB, 100 %, 619.75 W, 1725 MHz, 46 %, 83
2026/10/10 17:10:58.596, 0, 76805 MiB, 100 %, 658.63 W, 1980 MHz, 43 %, 53
2026/10/10 17:10:58.596, 1, 76805 MiB, 100 %, 691.30 W, 1965 MHz, 42 %, 73
2026/10/10 17:10:58.596, 2, 76805 MiB, 100 %, 669.39 W, 1980 MHz, 45 %, 58
2026/10/10 17:10:58.596, 3, 76805 MiB, 100 %, 685.94 W, 1935 MHz, 45 %, 53
2026/10/10 17:10:58.596, 4, 76805 MiB, 100 %, 678.80 W, 1965 MHz, 45 %, 55
2026/10/10 17:10:58.596, 5, 76805 MiB, 100 %, 691.65 W, 1965 MHz, 42 %, 59
2026/10/10 17:10:58.597, 6, 76805 MiB, 100 %, 660.34 W, 1980 MHz, 45 %, 57
2026/10/10 17:10:58.597, 7, 76805 MiB, 100 %, 605.62 W, 1590 MHz, 45 %, 82
2026/10/10 17:10:59.597, 0, 76805 MiB, 100 %, 663.75 W, 1980 MHz, 41 %, 54
2026/10/10 17:10:59.597, 1, 76805 MiB, 100 %, 691.21 W, 1875 MHz, 41 %, 74
2026/10/10 17:10:59.597, 2, 76805 MiB, 100 %, 672.26 W, 1980 MHz, 41 %, 58
2026/10/10 17:10:59.597, 3, 76805 MiB, 100 %, 685.42 W, 1965 MHz, 41 %, 54
2026/10/10 17:10:59.597, 4, 76805 MiB, 100 %, 678.47 W, 1965 MHz, 41 %, 56
2026/10/10 17:10:59.597, 5, 76805 MiB, 100 %, 684.05 W, 1920 MHz, 42 %, 60
2026/10/10 17:10:59.597, 6, 76805 MiB, 100 %, 663.85 W, 1980 MHz, 41 %, 58
2026/10/10 17:10:59.597, 7, 76805 MiB, 100 %, 597.43 W, 1665 MHz, 41 %, 82
2026/10/10 17:11:00.597, 0, 76805 MiB, 100 %, 670.74 W, 1980 MHz, 41 %, 55
2026/10/10 17:11:00.598, 1, 76805 MiB, 100 %, 685.22 W, 1800 MHz, 41 %, 73
2026/10/10 17:11:00.598, 2, 76805 MiB, 100 %, 681.06 W, 1980 MHz, 41 %, 59
2026/10/10 17:11:00.598, 3, 76805 MiB, 100 %, 673.74 W, 1920 MHz, 41 %, 54
2026/10/10 17:11:00.598, 4, 76805 MiB, 100 %, 685.25 W, 1965 MHz, 41 %, 57
2026/10/10 17:11:00.598, 5, 76805 MiB, 100 %, 692.14 W, 1875 MHz, 41 %, 60
2026/10/10 17:11:00.598, 6, 76805 MiB, 100 %, 668.73 W, 1980 MHz, 41 %, 59
2026/10/10 17:11:00.598, 7, 76805 MiB, 100 %, 607.15 W, 1695 MHz, 41 %, 83
2026/10/10 17:11:01.598, 0, 76805 MiB, 100 %, 666.76 W, 1980 MHz, 43 %, 54
2026/10/10 17:11:01.598, 1, 76805 MiB, 100 %, 687.44 W, 1875 MHz, 44 %, 74
2026/10/10 17:11:01.598, 2, 76805 MiB, 100 %, 675.99 W, 1980 MHz, 43 %, 59
2026/10/10 17:11:01.598, 3, 76805 MiB, 100 %, 681.39 W, 1980 MHz, 43 %, 54
2026/10/10 17:11:01.598, 4, 76805 MiB, 100 %, 682.81 W, 1965 MHz, 43 %, 56
2026/10/10 17:11:01.598, 5, 76805 MiB, 100 %, 682.83 W, 1965 MHz, 43 %, 60
2026/10/10 17:11:01.598, 6, 76805 MiB, 100 %, 668.33 W, 1980 MHz, 43 %, 58
2026/10/10 17:11:01.599, 7, 76805 MiB, 100 %, 618.67 W, 1635 MHz, 43 %, 83
2026/10/10 17:11:02.599, 0, 76805 MiB, 100 %, 667.39 W, 1980 MHz, 42 %, 55
2026/10/10 17:11:02.599, 1, 76805 MiB, 100 %, 693.97 W, 1875 MHz, 42 %, 75
2026/10/10 17:11:02.599, 2, 76805 MiB, 100 %, 680.14 W, 1980 MHz, 42 %, 59
2026/10/10 17:11:02.599, 3, 76805 MiB, 100 %, 690.34 W, 1950 MHz, 42 %, 54
2026/10/10 17:11:02.599, 4, 76805 MiB, 100 %, 680.66 W, 1965 MHz, 41 %, 56
2026/10/10 17:11:02.599, 5, 76805 MiB, 100 %, 688.79 W, 1965 MHz, 42 %, 60
2026/10/10 17:11:02.599, 6, 76805 MiB, 100 %, 669.27 W, 1980 MHz, 42 %, 58
2026/10/10 17:11:02.599, 7, 76805 MiB, 100 %, 609.52 W, 1785 MHz, 42 %, 83
2026/10/10 17:11:03.599, 0, 76805 MiB, 100 %, 667.68 W, 1980 MHz, 43 %, 54
2026/10/10 17:11:03.599, 1, 76805 MiB, 100 %, 687.63 W, 1965 MHz, 43 %, 75
2026/10/10 17:11:03.600, 2, 76805 MiB, 100 %, 668.03 W, 1980 MHz, 43 %, 59
2026/10/10 17:11:03.600, 3, 76805 MiB, 100 %, 675.87 W, 1980 MHz, 43 %, 54
2026/10/10 17:11:03.600, 4, 76805 MiB, 100 %, 678.89 W, 1980 MHz, 41 %, 56
2026/10/10 17:11:03.600, 5, 76805 MiB, 100 %, 689.31 W, 1965 MHz, 43 %, 61
2026/10/10 17:11:03.600, 6, 76805 MiB, 100 %, 661.40 W, 1980 MHz, 40 %, 59
2026/10/10 17:11:03.600, 7, 76805 MiB, 100 %, 596.64 W, 1590 MHz, 43 %, 82
2026/10/10 17:11:04.600, 0, 76805 MiB, 100 %, 661.14 W, 1980 MHz, 44 %, 54
2026/10/10 17:11:04.600, 1, 76805 MiB, 100 %, 685.82 W, 1830 MHz, 44 %, 74
2026/10/10 17:11:04.600, 2, 76805 MiB, 100 %, 667.10 W, 1980 MHz, 44 %, 59
2026/10/10 17:11:04.600, 3, 76805 MiB, 100 %, 676.13 W, 1965 MHz, 44 %, 54
2026/10/10 17:11:04.600, 4, 76805 MiB, 100 %, 678.93 W, 1965 MHz, 44 %, 56
2026/10/10 17:11:04.600, 5, 76805 MiB, 100 %, 676.72 W, 1965 MHz, 44 %, 61
2026/10/10 17:11:04.600, 6, 76805 MiB, 100 %, 657.91 W, 1980 MHz, 45 %, 59
2026/10/10 17:11:04.600, 7, 76805 MiB, 100 %, 587.31 W, 1695 MHz, 45 %, 82
2026/10/10 17:11:05.601, 0, 76805 MiB, 100 %, 665.39 W, 1980 MHz, 46 %, 55
2026/10/10 17:11:05.601, 1, 76805 MiB, 100 %, 692.22 W, 1845 MHz, 46 %, 75
2026/10/10 17:11:05.601, 2, 76805 MiB, 100 %, 670.08 W, 1980 MHz, 45 %, 60
2026/10/10 17:11:05.601, 3, 76805 MiB, 100 %, 679.82 W, 1965 MHz, 46 %, 54
2026/10/10 17:11:05.601, 4, 76805 MiB, 100 %, 678.83 W, 1935 MHz, 46 %, 57
2026/10/10 17:11:05.601, 5, 76805 MiB, 100 %, 687.11 W, 1830 MHz, 46 %, 61
2026/10/10 17:11:05.601, 6, 76805 MiB, 100 %, 660.25 W, 1980 MHz, 43 %, 59
2026/10/10 17:11:05.601, 7, 76805 MiB, 100 %, 606.34 W, 1680 MHz, 46 %, 83
2026/10/10 17:11:06.601, 0, 76805 MiB, 100 %, 671.63 W, 1980 MHz, 42 %, 56
2026/10/10 17:11:06.601, 1, 76805 MiB, 100 %, 695.72 W, 1920 MHz, 41 %, 76
2026/10/10 17:11:06.602, 2, 76805 MiB, 100 %, 684.36 W, 1980 MHz, 42 %, 60
2026/10/10 17:11:06.602, 3, 76805 MiB, 100 %, 684.01 W, 1830 MHz, 42 %, 55
2026/10/10 17:11:06.602, 4, 76805 MiB, 100 %, 689.74 W, 1875 MHz, 42 %, 57
2026/10/10 17:11:06.602, 5, 76805 MiB, 100 %, 691.68 W, 1845 MHz, 41 %, 61
2026/10/10 17:11:06.602, 6, 76805 MiB, 100 %, 676.26 W, 1980 MHz, 42 %, 60
2026/10/10 17:11:06.602, 7, 76805 MiB, 100 %, 622.22 W, 1710 MHz, 42 %, 84
2026/10/10 17:11:07.602, 0, 76805 MiB, 100 %, 654.84 W, 1980 MHz, 44 %, 55
2026/10/10 17:11:07.602, 1, 76805 MiB, 100 %, 686.09 W, 1965 MHz, 44 %, 75
2026/10/10 17:11:07.602, 2, 76805 MiB, 100 %, 661.87 W, 1980 MHz, 44 %, 58
2026/10/10 17:11:07.602, 3, 76805 MiB, 100 %, 676.60 W, 1965 MHz, 44 %, 54
2026/10/10 17:11:07.602, 4, 76805 MiB, 100 %, 657.12 W, 1965 MHz, 46 %, 57
2026/10/10 17:11:07.602, 5, 76805 MiB, 100 %, 674.90 W, 1965 MHz, 44 %, 61
2026/10/10 17:11:07.602, 6, 76805 MiB, 100 %, 656.22 W, 1980 MHz, 46 %, 59
2026/10/10 17:11:07.602, 7, 76805 MiB, 100 %, 572.20 W, 1680 MHz, 44 %, 81
2026/10/10 17:11:08.603, 0, 76805 MiB, 100 %, 655.03 W, 1980 MHz, 42 %, 55
2026/10/10 17:11:08.603, 1, 76805 MiB, 100 %, 691.17 W, 1965 MHz, 42 %, 75
2026/10/10 17:11:08.603, 2, 76805 MiB, 100 %, 669.93 W, 1980 MHz, 42 %, 59
2026/10/10 17:11:08.603, 3, 76805 MiB, 100 %, 684.48 W, 1950 MHz, 42 %, 55
2026/10/10 17:11:08.603, 4, 76805 MiB, 100 %, 663.46 W, 1980 MHz, 42 %, 57
2026/10/10 17:11:08.603, 5, 76805 MiB, 100 %, 686.11 W, 1965 MHz, 42 %, 61
2026/10/10 17:11:08.603, 6, 76805 MiB, 100 %, 664.39 W, 1980 MHz, 41 %, 60
2026/10/10 17:11:08.603, 7, 76805 MiB, 100 %, 621.85 W, 1635 MHz, 42 %, 82
2026/10/10 17:11:09.603, 0, 76805 MiB, 100 %, 673.34 W, 1980 MHz, 42 %, 55
2026/10/10 17:11:09.603, 1, 76805 MiB, 100 %, 693.10 W, 1860 MHz, 42 %, 75
2026/10/10 17:11:09.603, 2, 76805 MiB, 100 %, 672.75 W, 1980 MHz, 41 %, 60
2026/10/10 17:11:09.604, 3, 76805 MiB, 100 %, 691.05 W, 1950 MHz, 41 %, 55
2026/10/10 17:11:09.604, 4, 76805 MiB, 100 %, 686.79 W, 1890 MHz, 42 %, 56
2026/10/10 17:11:09.604, 5, 76805 MiB, 100 %, 688.38 W, 1950 MHz, 41 %, 62
2026/10/10 17:11:09.604, 6, 76805 MiB, 100 %, 657.03 W, 1980 MHz, 41 %, 59
2026/10/10 17:11:09.604, 7, 76805 MiB, 100 %, 594.20 W, 1710 MHz, 42 %, 83
2026/10/10 17:11:10.604, 0, 76805 MiB, 100 %, 656.27 W, 1980 MHz, 43 %, 55
2026/10/10 17:11:10.604, 1, 76805 MiB, 100 %, 691.95 W, 1920 MHz, 43 %, 75
2026/10/10 17:11:10.604, 2, 76805 MiB, 100 %, 677.97 W, 1980 MHz, 45 %, 60
2026/10/10 17:11:10.604, 3, 76805 MiB, 100 %, 675.93 W, 1965 MHz, 45 %, 55
2026/10/10 17:11:10.604, 4, 76805 MiB, 100 %, 681.77 W, 1980 MHz, 47 %, 57
2026/10/10 17:11:10.604, 5, 76805 MiB, 100 %, 684.86 W, 1965 MHz, 44 %, 62
2026/10/10 17:11:10.604, 6, 76805 MiB, 100 %, 664.77 W, 1980 MHz, 44 %, 59
2026/10/10 17:11:10.604, 7, 76805 MiB, 100 %, 602.96 W, 1635 MHz, 45 %, 83
2026/10/10 17:11:11.605, 0, 76805 MiB, 100 %, 661.13 W, 1980 MHz, 44 %, 55
2026/10/10 17:11:11.605, 1, 76805 MiB, 100 %, 693.78 W, 1875 MHz, 44 %, 75
2026/10/10 17:11:11.605, 2, 76805 MiB, 100 %, 661.39 W, 1980 MHz, 44 %, 60
2026/10/10 17:11:11.605, 3, 76805 MiB, 100 %, 686.53 W, 1965 MHz, 43 %, 55
2026/10/10 17:11:11.605, 4, 76805 MiB, 100 %, 678.34 W, 1980 MHz, 43 %, 57
2026/10/10 17:11:11.605, 5, 76805 MiB, 100 %, 686.39 W, 1920 MHz, 44 %, 62
2026/10/10 17:11:11.605, 6, 76805 MiB, 100 %, 655.05 W, 1980 MHz, 43 %, 60
2026/10/10 17:11:11.605, 7, 76805 MiB, 100 %, 592.02 W, 1680 MHz, 43 %, 83
2026/10/10 17:11:12.605, 0, 76805 MiB, 100 %, 664.20 W, 1980 MHz, 44 %, 55
2026/10/10 17:11:12.605, 1, 76805 MiB, 100 %, 688.15 W, 1950 MHz, 44 %, 76
2026/10/10 17:11:12.605, 2, 76805 MiB, 100 %, 674.88 W, 1980 MHz, 44 %, 60
2026/10/10 17:11:12.605, 3, 76805 MiB, 100 %, 674.89 W, 1980 MHz, 43 %, 55
2026/10/10 17:11:12.606, 4, 76805 MiB, 100 %, 685.38 W, 1965 MHz, 41 %, 57
2026/10/10 17:11:12.606, 5, 76805 MiB, 100 %, 682.75 W, 1965 MHz, 44 %, 62
2026/10/10 17:11:12.606, 6, 76805 MiB, 100 %, 662.76 W, 1980 MHz, 40 %, 60
2026/10/10 17:11:12.606, 7, 76805 MiB, 100 %, 601.97 W, 1590 MHz, 44 %, 82
2026/10/10 17:11:13.606, 0, 76805 MiB, 100 %, 658.17 W, 1980 MHz, 39 %, 55
2026/10/10 17:11:13.606, 1, 76805 MiB, 100 %, 684.33 W, 1905 MHz, 39 %, 76
2026/10/10 17:11:13.606, 2, 76805 MiB, 100 %, 661.28 W, 1980 MHz, 40 %, 61
2026/10/10 17:11:13.606, 3, 76805 MiB, 100 %, 688.45 W, 1920 MHz, 40 %, 56
2026/10/10 17:11:13.606, 4, 76805 MiB, 100 %, 681.80 W, 1950 MHz, 40 %, 57
2026/10/10 17:11:13.606, 5, 76805 MiB, 100 %, 672.82 W, 1905 MHz, 39 %, 62
2026/10/10 17:11:13.606, 6, 76805 MiB, 100 %, 654.03 W, 1980 MHz, 40 %, 61
2026/10/10 17:11:13.606, 7, 76805 MiB, 100 %, 574.02 W, 1650 MHz, 40 %, 83
2026/10/10 17:11:14.606, 0, 76805 MiB, 100 %, 663.40 W, 1980 MHz, 45 %, 55
2026/10/10 17:11:14.607, 1, 76805 MiB, 100 %, 694.32 W, 1875 MHz, 44 %, 75
2026/10/10 17:11:14.607, 2, 76805 MiB, 100 %, 676.11 W, 1980 MHz, 44 %, 61
2026/10/10 17:11:14.607, 3, 76805 MiB, 100 %, 680.42 W, 1935 MHz, 45 %, 55
2026/10/10 17:11:14.607, 4, 76805 MiB, 100 %, 668.11 W, 1980 MHz, 47 %, 57
2026/10/10 17:11:14.607, 5, 76805 MiB, 100 %, 676.34 W, 1965 MHz, 44 %, 63
2026/10/10 17:11:14.607, 6, 76805 MiB, 100 %, 656.72 W, 1980 MHz, 47 %, 60
2026/10/10 17:11:14.607, 7, 76805 MiB, 100 %, 599.70 W, 1695 MHz, 45 %, 83
2026/10/10 17:11:15.607, 0, 76805 MiB, 100 %, 663.59 W, 1980 MHz, 42 %, 55
2026/10/10 17:11:15.607, 1, 76805 MiB, 100 %, 687.02 W, 1830 MHz, 42 %, 76
2026/10/10 17:11:15.607, 2, 76805 MiB, 100 %, 669.15 W, 1980 MHz, 42 %, 61
2026/10/10 17:11:15.607, 3, 76805 MiB, 100 %, 684.38 W, 1965 MHz, 42 %, 55
2026/10/10 17:11:15.607, 4, 76805 MiB, 100 %, 684.92 W, 1980 MHz, 41 %, 58
2026/10/10 17:11:15.608, 5, 76805 MiB, 100 %, 682.02 W, 1965 MHz, 42 %, 63
2026/10/10 17:11:15.608, 6, 76805 MiB, 100 %, 661.20 W, 1980 MHz, 42 %, 61
2026/10/10 17:11:15.608, 7, 76805 MiB, 100 %, 605.24 W, 1650 MHz, 42 %, 83
2026/10/10 17:11:16.608, 0, 76805 MiB, 100 %, 667.85 W, 1980 MHz, 41 %, 56
2026/10/10 17:11:16.608, 1, 76805 MiB, 100 %, 681.38 W, 1935 MHz, 41 %, 76
2026/10/10 17:11:16.608, 2, 76805 MiB, 100 %, 681.66 W, 1980 MHz, 41 %, 61
2026/10/10 17:11:16.608, 3, 76805 MiB, 100 %, 687.74 W, 1965 MHz, 40 %, 56
2026/10/10 17:11:16.608, 4, 76805 MiB, 100 %, 664.67 W, 1980 MHz, 40 %, 58
2026/10/10 17:11:16.608, 5, 76805 MiB, 100 %, 681.22 W, 1965 MHz, 41 %, 63
2026/10/10 17:11:16.608, 6, 76805 MiB, 100 %, 670.54 W, 1980 MHz, 40 %, 61
2026/10/10 17:11:16.608, 7, 76805 MiB, 100 %, 595.17 W, 1620 MHz, 40 %, 83
2026/10/10 17:11:17.608, 0, 76805 MiB, 100 %, 667.54 W, 1980 MHz, 47 %, 56
2026/10/10 17:11:17.609, 1, 76805 MiB, 100 %, 691.03 W, 1965 MHz, 47 %, 76
2026/10/10 17:11:17.609, 2, 76805 MiB, 100 %, 672.86 W, 1980 MHz, 47 %, 61
2026/10/10 17:11:17.609, 3, 76805 MiB, 100 %, 686.67 W, 1950 MHz, 47 %, 55
2026/10/10 17:11:17.609, 4, 76805 MiB, 100 %, 680.55 W, 1950 MHz, 45 %, 58
2026/10/10 17:11:17.609, 5, 76805 MiB, 100 %, 687.66 W, 1965 MHz, 45 %, 63
2026/10/10 17:11:17.609, 6, 76805 MiB, 100 %, 664.65 W, 1980 MHz, 45 %, 61
2026/10/10 17:11:17.609, 7, 76805 MiB, 100 %, 606.30 W, 1710 MHz, 47 %, 83
2026/10/10 17:11:18.609, 0, 76805 MiB, 100 %, 663.67 W, 1980 MHz, 43 %, 56
2026/10/10 17:11:18.609, 1, 76805 MiB, 100 %, 688.59 W, 1890 MHz, 43 %, 76
2026/10/10 17:11:18.609, 2, 76805 MiB, 100 %, 680.45 W, 1980 MHz, 43 %, 61
2026/10/10 17:11:18.609, 3, 76805 MiB, 100 %, 681.99 W, 1965 MHz, 43 %, 56
2026/10/10 17:11:18.609, 4, 76805 MiB, 100 %, 692.24 W, 1920 MHz, 43 %, 58
2026/10/10 17:11:18.609, 5, 76805 MiB, 100 %, 686.18 W, 1965 MHz, 43 %, 63
2026/10/10 17:11:18.609, 6, 76805 MiB, 100 %, 647.83 W, 1980 MHz, 43 %, 61
2026/10/10 17:11:18.609, 7, 76805 MiB, 100 %, 610.11 W, 1605 MHz, 44 %, 83
2026/10/10 17:11:19.610, 0, 76805 MiB, 100 %, 665.45 W, 1980 MHz, 43 %, 56
2026/10/10 17:11:19.610, 1, 76805 MiB, 100 %, 694.61 W, 1815 MHz, 44 %, 76
2026/10/10 17:11:19.610, 2, 76805 MiB, 100 %, 659.92 W, 1980 MHz, 44 %, 62
2026/10/10 17:11:19.610, 3, 76805 MiB, 100 %, 679.34 W, 1920 MHz, 43 %, 56
2026/10/10 17:11:19.610, 4, 76805 MiB, 100 %, 684.22 W, 1980 MHz, 43 %, 58
2026/10/10 17:11:19.610, 5, 76805 MiB, 100 %, 681.68 W, 1965 MHz, 41 %, 63
2026/10/10 17:11:19.610, 6, 76805 MiB, 100 %, 651.90 W, 1980 MHz, 44 %, 62
2026/10/10 17:11:19.610, 7, 76805 MiB, 100 %, 581.43 W, 1635 MHz, 44 %, 83
2026/10/10 17:11:20.610, 0, 77333 MiB, 100 %, 671.27 W, 1965 MHz, 45 %, 56
2026/10/10 17:11:20.610, 1, 77333 MiB, 100 %, 681.32 W, 1905 MHz, 45 %, 76
2026/10/10 17:11:20.610, 2, 77333 MiB, 100 %, 677.44 W, 1980 MHz, 46 %, 61
2026/10/10 17:11:20.611, 3, 77333 MiB, 100 %, 685.80 W, 1905 MHz, 45 %, 55
2026/10/10 17:11:20.611, 4, 77333 MiB, 100 %, 689.96 W, 1965 MHz, 45 %, 58
2026/10/10 17:11:20.611, 5, 77333 MiB, 100 %, 680.00 W, 1965 MHz, 45 %, 63
2026/10/10 17:11:20.611, 6, 77333 MiB, 100 %, 670.38 W, 1980 MHz, 44 %, 61
2026/10/10 17:11:20.611, 7, 77333 MiB, 100 %, 602.79 W, 1710 MHz, 45 %, 83
2026/10/10 17:11:21.611, 0, 77333 MiB, 100 %, 661.43 W, 1980 MHz, 43 %, 55
2026/10/10 17:11:21.611, 1, 77333 MiB, 100 %, 661.06 W, 1920 MHz, 43 %, 75
2026/10/10 17:11:21.611, 2, 77333 MiB, 100 %, 675.33 W, 1980 MHz, 46 %, 61
2026/10/10 17:11:21.611, 3, 77333 MiB, 100 %, 680.66 W, 1965 MHz, 45 %, 56
2026/10/10 17:11:21.611, 4, 77333 MiB, 100 %, 677.64 W, 1965 MHz, 46 %, 58
2026/10/10 17:11:21.611, 5, 77333 MiB, 100 %, 689.37 W, 1860 MHz, 46 %, 63
2026/10/10 17:11:21.611, 6, 77333 MiB, 100 %, 655.70 W, 1980 MHz, 46 %, 61
2026/10/10 17:11:21.611, 7, 77333 MiB, 100 %, 598.64 W, 1650 MHz, 46 %, 83
2026/10/10 17:11:22.612, 0, 77333 MiB, 100 %, 673.20 W, 1980 MHz, 40 %, 56
2026/10/10 17:11:22.612, 1, 77333 MiB, 100 %, 682.29 W, 1905 MHz, 41 %, 76
2026/10/10 17:11:22.612, 2, 77333 MiB, 100 %, 670.69 W, 1965 MHz, 41 %, 61
2026/10/10 17:11:22.612, 3, 77333 MiB, 100 %, 699.48 W, 1980 MHz, 40 %, 56
2026/10/10 17:11:22.612, 4, 77333 MiB, 100 %, 669.70 W, 1965 MHz, 41 %, 58
2026/10/10 17:11:22.612, 5, 77333 MiB, 100 %, 677.73 W, 1965 MHz, 41 %, 64
2026/10/10 17:11:22.612, 6, 77333 MiB, 100 %, 659.55 W, 1980 MHz, 40 %, 61
2026/10/10 17:11:22.612, 7, 77333 MiB, 100 %, 583.93 W, 1605 MHz, 41 %, 82
2026/10/10 17:11:23.612, 0, 77333 MiB, 100 %, 676.97 W, 1980 MHz, 39 %, 56
2026/10/10 17:11:23.612, 1, 77333 MiB, 100 %, 689.11 W, 1905 MHz, 39 %, 76
2026/10/10 17:11:23.612, 2, 77333 MiB, 100 %, 671.09 W, 1980 MHz, 39 %, 61
2026/10/10 17:11:23.612, 3, 77333 MiB, 100 %, 701.17 W, 1965 MHz, 39 %, 56
2026/10/10 17:11:23.612, 4, 77333 MiB, 100 %, 674.78 W, 1965 MHz, 39 %, 58
2026/10/10 17:11:23.613, 5, 77333 MiB, 100 %, 699.59 W, 1950 MHz, 39 %, 63
2026/10/10 17:11:23.613, 6, 77333 MiB, 100 %, 660.46 W, 1980 MHz, 39 %, 61
2026/10/10 17:11:23.613, 7, 77333 MiB, 100 %, 586.34 W, 1545 MHz, 39 %, 82
2026/10/10 17:11:24.613, 0, 77333 MiB, 100 %, 648.54 W, 1980 MHz, 47 %, 56
2026/10/10 17:11:24.613, 1, 77333 MiB, 100 %, 685.42 W, 1935 MHz, 46 %, 77
2026/10/10 17:11:24.613, 2, 77333 MiB, 100 %, 664.40 W, 1980 MHz, 47 %, 61
2026/10/10 17:11:24.613, 3, 77333 MiB, 100 %, 680.09 W, 1965 MHz, 48 %, 56
2026/10/10 17:11:24.613, 4, 77333 MiB, 100 %, 672.88 W, 1965 MHz, 44 %, 58
2026/10/10 17:11:24.613, 5, 77333 MiB, 100 %, 683.65 W, 1920 MHz, 44 %, 64
2026/10/10 17:11:24.613, 6, 77333 MiB, 100 %, 652.21 W, 1980 MHz, 44 %, 61
2026/10/10 17:11:24.613, 7, 77333 MiB, 100 %, 600.70 W, 1860 MHz, 48 %, 85
2026/10/10 17:11:25.613, 0, 77333 MiB, 100 %, 651.30 W, 1980 MHz, 40 %, 56
2026/10/10 17:11:25.614, 1, 77333 MiB, 100 %, 681.49 W, 1950 MHz, 40 %, 77
2026/10/10 17:11:25.614, 2, 77333 MiB, 100 %, 665.48 W, 1980 MHz, 40 %, 62
2026/10/10 17:11:25.614, 3, 77333 MiB, 100 %, 669.26 W, 1980 MHz, 40 %, 56
2026/10/10 17:11:25.614, 4, 77333 MiB, 100 %, 677.76 W, 1980 MHz, 40 %, 58
2026/10/10 17:11:25.614, 5, 77333 MiB, 100 %, 674.72 W, 1980 MHz, 40 %, 64
2026/10/10 17:11:25.614, 6, 77333 MiB, 100 %, 655.10 W, 1980 MHz, 40 %, 61
2026/10/10 17:11:25.614, 7, 77333 MiB, 100 %, 593.21 W, 1590 MHz, 40 %, 82
2026/10/10 17:11:26.614, 0, 77333 MiB, 100 %, 661.75 W, 1980 MHz, 41 %, 56
2026/10/10 17:11:26.614, 1, 77333 MiB, 100 %, 662.28 W, 1905 MHz, 41 %, 76
2026/10/10 17:11:26.614, 2, 77333 MiB, 100 %, 673.43 W, 1980 MHz, 41 %, 61
2026/10/10 17:11:26.614, 3, 77333 MiB, 100 %, 680.68 W, 1905 MHz, 41 %, 54
2026/10/10 17:11:26.614, 4, 77333 MiB, 100 %, 673.44 W, 1965 MHz, 41 %, 58
2026/10/10 17:11:26.614, 5, 77333 MiB, 100 %, 678.31 W, 1920 MHz, 43 %, 63
2026/10/10 17:11:26.614, 6, 77333 MiB, 100 %, 661.39 W, 1980 MHz, 43 %, 62
2026/10/10 17:11:26.615, 7, 77333 MiB, 100 %, 585.77 W, 1635 MHz, 41 %, 82
2026/10/10 17:11:27.615, 0, 77333 MiB, 100 %, 664.48 W, 1980 MHz, 45 %, 56
2026/10/10 17:11:27.615, 1, 77333 MiB, 100 %, 675.12 W, 1860 MHz, 45 %, 76
2026/10/10 17:11:27.615, 2, 77333 MiB, 100 %, 675.95 W, 1980 MHz, 45 %, 62
2026/10/10 17:11:27.615, 3, 77333 MiB, 100 %, 687.19 W, 1950 MHz, 45 %, 56
2026/10/10 17:11:27.615, 4, 77333 MiB, 100 %, 682.75 W, 1965 MHz, 44 %, 58
2026/10/10 17:11:27.615, 5, 77333 MiB, 100 %, 684.72 W, 1965 MHz, 44 %, 64
2026/10/10 17:11:27.615, 6, 77333 MiB, 100 %, 662.89 W, 1980 MHz, 44 %, 62
2026/10/10 17:11:27.615, 7, 77333 MiB, 100 %, 594.29 W, 1665 MHz, 45 %, 83
2026/10/10 17:11:28.615, 0, 77333 MiB, 100 %, 661.58 W, 1980 MHz, 40 %, 56
2026/10/10 17:11:28.616, 1, 77333 MiB, 100 %, 680.92 W, 1920 MHz, 40 %, 76
2026/10/10 17:11:28.616, 2, 77333 MiB, 100 %, 660.37 W, 1980 MHz, 40 %, 61
2026/10/10 17:11:28.616, 3, 77333 MiB, 100 %, 673.68 W, 1965 MHz, 40 %, 55
2026/10/10 17:11:28.616, 4, 77333 MiB, 100 %, 670.26 W, 1980 MHz, 40 %, 57
2026/10/10 17:11:28.616, 5, 77333 MiB, 100 %, 686.56 W, 1965 MHz, 43 %, 64
2026/10/10 17:11:28.616, 6, 77333 MiB, 100 %, 646.21 W, 1980 MHz, 40 %, 61
2026/10/10 17:11:28.616, 7, 77333 MiB, 100 %, 587.40 W, 1575 MHz, 41 %, 82
2026/10/10 17:11:29.616, 0, 77333 MiB, 100 %, 662.89 W, 1980 MHz, 43 %, 56
2026/10/10 17:11:29.616, 1, 77333 MiB, 100 %, 673.80 W, 1875 MHz, 44 %, 76
2026/10/10 17:11:29.616, 2, 77333 MiB, 100 %, 664.71 W, 1980 MHz, 43 %, 62
2026/10/10 17:11:29.616, 3, 77333 MiB, 100 %, 674.08 W, 1980 MHz, 41 %, 56
2026/10/10 17:11:29.616, 4, 77333 MiB, 100 %, 679.45 W, 1965 MHz, 40 %, 58
2026/10/10 17:11:29.616, 5, 77333 MiB, 100 %, 681.05 W, 1965 MHz, 39 %, 64
2026/10/10 17:11:29.616, 6, 77333 MiB, 100 %, 644.97 W, 1980 MHz, 39 %, 62
2026/10/10 17:11:29.616, 7, 77333 MiB, 100 %, 597.76 W, 1605 MHz, 44 %, 83
2026/10/10 17:11:30.617, 0, 77333 MiB, 100 %, 668.22 W, 1980 MHz, 44 %, 56
2026/10/10 17:11:30.617, 1, 77333 MiB, 100 %, 668.14 W, 1815 MHz, 45 %, 76
2026/10/10 17:11:30.617, 2, 77333 MiB, 100 %, 662.43 W, 1980 MHz, 45 %, 62
2026/10/10 17:11:30.617, 3, 77333 MiB, 100 %, 675.82 W, 1965 MHz, 44 %, 56
2026/10/10 17:11:30.617, 4, 77333 MiB, 100 %, 673.89 W, 1965 MHz, 45 %, 58
2026/10/10 17:11:30.617, 5, 77333 MiB, 100 %, 678.88 W, 1965 MHz, 45 %, 64
2026/10/10 17:11:30.617, 6, 77333 MiB, 100 %, 663.56 W, 1980 MHz, 44 %, 61
2026/10/10 17:11:30.617, 7, 77333 MiB, 100 %, 580.80 W, 1650 MHz, 44 %, 83
2026/10/10 17:11:31.617, 0, 77333 MiB, 100 %, 657.17 W, 1980 MHz, 44 %, 55
2026/10/10 17:11:31.617, 1, 77333 MiB, 100 %, 693.02 W, 1875 MHz, 44 %, 75
2026/10/10 17:11:31.617, 2, 77333 MiB, 100 %, 671.01 W, 1980 MHz, 46 %, 62
2026/10/10 17:11:31.617, 3, 77333 MiB, 100 %, 678.79 W, 1965 MHz, 46 %, 56
2026/10/10 17:11:31.617, 4, 77333 MiB, 100 %, 675.14 W, 1965 MHz, 46 %, 58
2026/10/10 17:11:31.617, 5, 77333 MiB, 100 %, 686.66 W, 1935 MHz, 43 %, 64
2026/10/10 17:11:31.617, 6, 77333 MiB, 100 %, 656.06 W, 1980 MHz, 46 %, 62
2026/10/10 17:11:31.618, 7, 77333 MiB, 100 %, 594.74 W, 1665 MHz, 46 %, 83
2026/10/10 17:11:32.618, 0, 77333 MiB, 100 %, 659.40 W, 1980 MHz, 41 %, 56
2026/10/10 17:11:32.618, 1, 77333 MiB, 100 %, 683.80 W, 1830 MHz, 41 %, 76
2026/10/10 17:11:32.618, 2, 77333 MiB, 100 %, 679.84 W, 1980 MHz, 41 %, 63
2026/10/10 17:11:32.618, 3, 77333 MiB, 100 %, 686.16 W, 1965 MHz, 41 %, 56
2026/10/10 17:11:32.618, 4, 77333 MiB, 100 %, 679.32 W, 1965 MHz, 40 %, 59
2026/10/10 17:11:32.618, 5, 77333 MiB, 100 %, 682.66 W, 1860 MHz, 41 %, 64
2026/10/10 17:11:32.618, 6, 77333 MiB, 100 %, 669.99 W, 1980 MHz, 41 %, 62
2026/10/10 17:11:32.618, 7, 77333 MiB, 100 %, 605.90 W, 1605 MHz, 41 %, 83
2026/10/10 17:11:33.618, 0, 77333 MiB, 100 %, 658.29 W, 1980 MHz, 38 %, 56
2026/10/10 17:11:33.618, 1, 77333 MiB, 100 %, 664.92 W, 1920 MHz, 38 %, 76
2026/10/10 17:11:33.618, 2, 77333 MiB, 100 %, 669.83 W, 1980 MHz, 38 %, 62
2026/10/10 17:11:33.619, 3, 77333 MiB, 100 %, 678.29 W, 1980 MHz, 38 %, 56
2026/10/10 17:11:33.619, 4, 77333 MiB, 100 %, 670.20 W, 1980 MHz, 38 %, 59
2026/10/10 17:11:33.619, 5, 77335 MiB, 100 %, 684.53 W, 1965 MHz, 39 %, 64
2026/10/10 17:11:33.619, 6, 77355 MiB, 100 %, 658.94 W, 1980 MHz, 39 %, 62
2026/10/10 17:11:33.620, 7, 77355 MiB, 100 %, 571.56 W, 1545 MHz, 38 %, 82
2026/10/10 17:11:34.621, 0, 77357 MiB, 100 %, 391.52 W, 1980 MHz, 26 %, 47
2026/10/10 17:11:34.621, 1, 77357 MiB, 100 %, 406.31 W, 1980 MHz, 25 %, 68
2026/10/10 17:11:34.621, 2, 77357 MiB, 100 %, 386.28 W, 1980 MHz, 26 %, 54
2026/10/10 17:11:34.621, 3, 77357 MiB, 100 %, 381.54 W, 1980 MHz, 26 %, 46
2026/10/10 17:11:34.622, 4, 77357 MiB, 100 %, 375.60 W, 1980 MHz, 25 %, 48
2026/10/10 17:11:34.622, 5, 77357 MiB, 100 %, 385.11 W, 1980 MHz, 25 %, 55
2026/10/10 17:11:34.622, 6, 77357 MiB, 100 %, 373.29 W, 1980 MHz, 25 %, 52
2026/10/10 17:11:34.622, 7, 77357 MiB, 100 %, 398.41 W, 1980 MHz, 26 %, 78
2026/10/10 17:11:35.622, 0, 77357 MiB, 100 %, 393.97 W, 1980 MHz, 26 %, 47
2026/10/10 17:11:35.622, 1, 77357 MiB, 100 %, 413.18 W, 1980 MHz, 26 %, 68
2026/10/10 17:11:35.622, 2, 77357 MiB, 100 %, 397.30 W, 1980 MHz, 25 %, 53
2026/10/10 17:11:35.622, 3, 77357 MiB, 100 %, 386.85 W, 1980 MHz, 26 %, 45
2026/10/10 17:11:35.622, 4, 77357 MiB, 100 %, 386.26 W, 1980 MHz, 26 %, 47
2026/10/10 17:11:35.622, 5, 77357 MiB, 100 %, 396.25 W, 1980 MHz, 26 %, 54
2026/10/10 17:11:35.622, 6, 77357 MiB, 100 %, 386.42 W, 1980 MHz, 26 %, 51
2026/10/10 17:11:35.622, 7, 77357 MiB, 100 %, 423.24 W, 1980 MHz, 25 %, 78
2026/10/10 17:11:36.622, 0, 77357 MiB, 100 %, 393.34 W, 1980 MHz, 26 %, 46
2026/10/10 17:11:36.623, 1, 77357 MiB, 100 %, 412.93 W, 1980 MHz, 26 %, 67
2026/10/10 17:11:36.623, 2, 77357 MiB, 100 %, 391.03 W, 1980 MHz, 26 %, 52
2026/10/10 17:11:36.623, 3, 77357 MiB, 100 %, 386.82 W, 1980 MHz, 26 %, 45
2026/10/10 17:11:36.623, 4, 77357 MiB, 100 %, 385.95 W, 1980 MHz, 26 %, 46
2026/10/10 17:11:36.623, 5, 77357 MiB, 100 %, 398.21 W, 1980 MHz, 26 %, 53
2026/10/10 17:11:36.623, 6, 77357 MiB, 100 %, 386.84 W, 1980 MHz, 26 %, 50
2026/10/10 17:11:36.623, 7, 77357 MiB, 100 %, 423.13 W, 1980 MHz, 26 %, 78
2026/10/10 17:11:37.623, 0, 77357 MiB, 100 %, 392.11 W, 1980 MHz, 26 %, 46
2026/10/10 17:11:37.623, 1, 77357 MiB, 100 %, 417.66 W, 1980 MHz, 26 %, 67
2026/10/10 17:11:37.623, 2, 77357 MiB, 100 %, 397.16 W, 1980 MHz, 26 %, 52
2026/10/10 17:11:37.623, 3, 77357 MiB, 100 %, 390.80 W, 1980 MHz, 26 %, 44
2026/10/10 17:11:37.623, 4, 77357 MiB, 100 %, 386.29 W, 1980 MHz, 26 %, 46
2026/10/10 17:11:37.623, 5, 77357 MiB, 100 %, 399.68 W, 1980 MHz, 26 %, 53
2026/10/10 17:11:37.623, 6, 77357 MiB, 100 %, 386.41 W, 1980 MHz, 26 %, 50
2026/10/10 17:11:37.623, 7, 77357 MiB, 100 %, 426.30 W, 1980 MHz, 26 %, 77
2026/10/10 17:11:38.624, 0, 77357 MiB, 100 %, 392.31 W, 1980 MHz, 26 %, 46
2026/10/10 17:11:38.624, 1, 77357 MiB, 100 %, 413.77 W, 1980 MHz, 26 %, 67
2026/10/10 17:11:38.624, 2, 77357 MiB, 100 %, 396.01 W, 1980 MHz, 26 %, 52
2026/10/10 17:11:38.624, 3, 77357 MiB, 100 %, 390.67 W, 1980 MHz, 26 %, 44
2026/10/10 17:11:38.624, 4, 77357 MiB, 100 %, 386.79 W, 1980 MHz, 26 %, 45
2026/10/10 17:11:38.624, 5, 77357 MiB, 100 %, 396.32 W, 1980 MHz, 26 %, 52
2026/10/10 17:11:38.624, 6, 77357 MiB, 100 %, 386.84 W, 1980 MHz, 26 %, 49
2026/10/10 17:11:38.624, 7, 77357 MiB, 100 %, 424.79 W, 1980 MHz, 26 %, 77
2026/10/10 17:11:39.624, 0, 77357 MiB, 100 %, 393.18 W, 1980 MHz, 26 %, 45
2026/10/10 17:11:39.624, 1, 77357 MiB, 100 %, 412.02 W, 1980 MHz, 26 %, 66
2026/10/10 17:11:39.624, 2, 77357 MiB, 100 %, 394.93 W, 1980 MHz, 25 %, 51
2026/10/10 17:11:39.624, 3, 77357 MiB, 100 %, 389.94 W, 1980 MHz, 26 %, 44
2026/10/10 17:11:39.624, 4, 77357 MiB, 100 %, 384.97 W, 1980 MHz, 26 %, 45
2026/10/10 17:11:39.625, 5, 77357 MiB, 100 %, 399.87 W, 1980 MHz, 26 %, 52
2026/10/10 17:11:39.625, 6, 77357 MiB, 100 %, 387.58 W, 1980 MHz, 26 %, 49
2026/10/10 17:11:39.625, 7, 77357 MiB, 100 %, 422.80 W, 1980 MHz, 26 %, 77
2026/10/10 17:11:40.625, 0, 77357 MiB, 100 %, 392.23 W, 1980 MHz, 26 %, 45
2026/10/10 17:11:40.625, 1, 77357 MiB, 100 %, 414.29 W, 1980 MHz, 26 %, 66
2026/10/10 17:11:40.625, 2, 77357 MiB, 100 %, 394.88 W, 1980 MHz, 26 %, 51
2026/10/10 17:11:40.625, 3, 77357 MiB, 100 %, 389.51 W, 1980 MHz, 26 %, 44
2026/10/10 17:11:40.625, 4, 77357 MiB, 100 %, 388.34 W, 1980 MHz, 26 %, 45
2026/10/10 17:11:40.625, 5, 77357 MiB, 100 %, 398.40 W, 1980 MHz, 27 %, 52
2026/10/10 17:11:40.625, 6, 77357 MiB, 100 %, 385.10 W, 1980 MHz, 26 %, 49
2026/10/10 17:11:40.625, 7, 77357 MiB, 100 %, 425.57 W, 1980 MHz, 26 %, 77
2026/10/10 17:11:41.625, 0, 77357 MiB, 100 %, 392.27 W, 1980 MHz, 26 %, 45
2026/10/10 17:11:41.626, 1, 77357 MiB, 100 %, 412.49 W, 1980 MHz, 26 %, 66
2026/10/10 17:11:41.626, 2, 77357 MiB, 100 %, 393.42 W, 1980 MHz, 26 %, 51
2026/10/10 17:11:41.626, 3, 77357 MiB, 100 %, 390.50 W, 1980 MHz, 26 %, 43
2026/10/10 17:11:41.626, 4, 77357 MiB, 100 %, 384.90 W, 1980 MHz, 26 %, 45
2026/10/10 17:11:41.626, 5, 77357 MiB, 100 %, 400.17 W, 1980 MHz, 26 %, 52
2026/10/10 17:11:41.626, 6, 77357 MiB, 100 %, 384.07 W, 1980 MHz, 26 %, 49
2026/10/10 17:11:41.626, 7, 77357 MiB, 100 %, 421.88 W, 1980 MHz, 26 %, 77
2026/10/10 17:11:42.626, 0, 77357 MiB, 100 %, 390.12 W, 1980 MHz, 26 %, 45
2026/10/10 17:11:42.626, 1, 77357 MiB, 100 %, 412.27 W, 1980 MHz, 26 %, 66
2026/10/10 17:11:42.626, 2, 77357 MiB, 100 %, 395.07 W, 1980 MHz, 26 %, 51
2026/10/10 17:11:42.626, 3, 77357 MiB, 100 %, 391.87 W, 1980 MHz, 26 %, 43
2026/10/10 17:11:42.626, 4, 77357 MiB, 100 %, 379.80 W, 1980 MHz, 26 %, 44
2026/10/10 17:11:42.626, 5, 77357 MiB, 100 %, 397.06 W, 1980 MHz, 27 %, 51
2026/10/10 17:11:42.626, 6, 77357 MiB, 100 %, 381.58 W, 1980 MHz, 26 %, 48
2026/10/10 17:11:42.626, 7, 77357 MiB, 100 %, 424.62 W, 1980 MHz, 26 %, 77
2026/10/10 17:11:43.627, 0, 77357 MiB, 100 %, 388.65 W, 1980 MHz, 26 %, 45
2026/10/10 17:11:43.627, 1, 77357 MiB, 100 %, 413.96 W, 1980 MHz, 26 %, 66
2026/10/10 17:11:43.627, 2, 77357 MiB, 100 %, 394.56 W, 1980 MHz, 26 %, 50
2026/10/10 17:11:43.627, 3, 77357 MiB, 100 %, 385.94 W, 1980 MHz, 26 %, 43
2026/10/10 17:11:43.627, 4, 77357 MiB, 100 %, 386.69 W, 1980 MHz, 26 %, 44
2026/10/10 17:11:43.627, 5, 77357 MiB, 100 %, 397.67 W, 1980 MHz, 26 %, 51
2026/10/10 17:11:43.627, 6, 77357 MiB, 100 %, 384.48 W, 1980 MHz, 26 %, 48
2026/10/10 17:11:43.627, 7, 77357 MiB, 100 %, 425.31 W, 1980 MHz, 26 %, 77
2026/10/10 17:11:44.627, 0, 77357 MiB, 100 %, 389.98 W, 1980 MHz, 26 %, 44
2026/10/10 17:11:44.627, 1, 77357 MiB, 100 %, 410.96 W, 1980 MHz, 26 %, 65
2026/10/10 17:11:44.627, 2, 77357 MiB, 100 %, 394.37 W, 1980 MHz, 26 %, 50
2026/10/10 17:11:44.628, 3, 77357 MiB, 100 %, 393.76 W, 1980 MHz, 26 %, 43
2026/10/10 17:11:44.628, 4, 77357 MiB, 100 %, 382.88 W, 1980 MHz, 26 %, 44
2026/10/10 17:11:44.628, 5, 77357 MiB, 100 %, 393.68 W, 1980 MHz, 26 %, 51
2026/10/10 17:11:44.628, 6, 77357 MiB, 100 %, 382.07 W, 1980 MHz, 26 %, 48
2026/10/10 17:11:44.628, 7, 77357 MiB, 100 %, 421.29 W, 1980 MHz, 26 %, 77
2026/10/10 17:11:45.628, 0, 77357 MiB, 100 %, 390.21 W, 1980 MHz, 26 %, 44
2026/10/10 17:11:45.628, 1, 77357 MiB, 100 %, 412.95 W, 1980 MHz, 26 %, 65
2026/10/10 17:11:45.628, 2, 77357 MiB, 100 %, 396.84 W, 1980 MHz, 26 %, 50
2026/10/10 17:11:45.628, 3, 77357 MiB, 100 %, 389.88 W, 1980 MHz, 26 %, 43
2026/10/10 17:11:45.628, 4, 77357 MiB, 100 %, 382.79 W, 1980 MHz, 26 %, 44
2026/10/10 17:11:45.628, 5, 77357 MiB, 100 %, 397.61 W, 1980 MHz, 27 %, 51
2026/10/10 17:11:45.628, 6, 77357 MiB, 100 %, 385.00 W, 1980 MHz, 26 %, 48
2026/10/10 17:11:45.628, 7, 77357 MiB, 100 %, 423.31 W, 1980 MHz, 26 %, 77
2026/10/10 17:11:46.628, 0, 77357 MiB, 100 %, 390.20 W, 1980 MHz, 26 %, 44
2026/10/10 17:11:46.629, 1, 77357 MiB, 100 %, 412.36 W, 1980 MHz, 27 %, 65
2026/10/10 17:11:46.629, 2, 77357 MiB, 100 %, 393.90 W, 1980 MHz, 26 %, 50
2026/10/10 17:11:46.629, 3, 77357 MiB, 100 %, 390.80 W, 1980 MHz, 26 %, 42
2026/10/10 17:11:46.629, 4, 77357 MiB, 100 %, 384.45 W, 1980 MHz, 26 %, 44
2026/10/10 17:11:46.629, 5, 77357 MiB, 100 %, 399.31 W, 1980 MHz, 27 %, 51
2026/10/10 17:11:46.629, 6, 77357 MiB, 100 %, 382.83 W, 1980 MHz, 26 %, 48
2026/10/10 17:11:46.629, 7, 77357 MiB, 100 %, 424.64 W, 1980 MHz, 26 %, 77
2026/10/10 17:11:47.629, 0, 77357 MiB, 100 %, 387.10 W, 1980 MHz, 26 %, 44
2026/10/10 17:11:47.629, 1, 77357 MiB, 100 %, 410.37 W, 1980 MHz, 26 %, 65
2026/10/10 17:11:47.629, 2, 77357 MiB, 100 %, 396.43 W, 1980 MHz, 26 %, 50
2026/10/10 17:11:47.629, 3, 77357 MiB, 100 %, 388.92 W, 1980 MHz, 26 %, 42
2026/10/10 17:11:47.629, 4, 77357 MiB, 100 %, 384.72 W, 1980 MHz, 26 %, 44
2026/10/10 17:11:47.629, 5, 77357 MiB, 100 %, 394.64 W, 1980 MHz, 27 %, 50
2026/10/10 17:11:47.629, 6, 77357 MiB, 100 %, 383.09 W, 1980 MHz, 26 %, 48
2026/10/10 17:11:47.629, 7, 77357 MiB, 100 %, 421.76 W, 1980 MHz, 26 %, 77
2026/10/10 17:11:48.630, 0, 77357 MiB, 100 %, 390.24 W, 1980 MHz, 26 %, 44
2026/10/10 17:11:48.630, 1, 77357 MiB, 100 %, 410.16 W, 1980 MHz, 26 %, 65
2026/10/10 17:11:48.630, 2, 77357 MiB, 100 %, 394.29 W, 1980 MHz, 26 %, 50
2026/10/10 17:11:48.630, 3, 77357 MiB, 100 %, 389.27 W, 1980 MHz, 26 %, 42
2026/10/10 17:11:48.630, 4, 77357 MiB, 100 %, 384.34 W, 1980 MHz, 26 %, 43
2026/10/10 17:11:48.630, 5, 77357 MiB, 100 %, 397.36 W, 1980 MHz, 26 %, 50
2026/10/10 17:11:48.630, 6, 77357 MiB, 100 %, 382.14 W, 1980 MHz, 26 %, 47
2026/10/10 17:11:48.630, 7, 77357 MiB, 100 %, 422.66 W, 1980 MHz, 26 %, 77
2026/10/10 17:11:49.631, 0, 77357 MiB, 100 %, 388.21 W, 1980 MHz, 26 %, 44
2026/10/10 17:11:49.631, 1, 77357 MiB, 100 %, 408.68 W, 1980 MHz, 26 %, 65
2026/10/10 17:11:49.631, 2, 77357 MiB, 100 %, 395.05 W, 1980 MHz, 26 %, 49
2026/10/10 17:11:49.631, 3, 77357 MiB, 100 %, 388.82 W, 1980 MHz, 26 %, 42
2026/10/10 17:11:49.631, 4, 77357 MiB, 100 %, 383.42 W, 1980 MHz, 26 %, 43
2026/10/10 17:11:49.631, 5, 77357 MiB, 100 %, 394.16 W, 1980 MHz, 26 %, 50
2026/10/10 17:11:49.631, 6, 77357 MiB, 100 %, 383.23 W, 1980 MHz, 26 %, 47
2026/10/10 17:11:49.631, 7, 77357 MiB, 100 %, 425.25 W, 1980 MHz, 26 %, 77
2026/10/10 17:11:50.631, 0, 77357 MiB, 100 %, 386.65 W, 1980 MHz, 26 %, 44
2026/10/10 17:11:50.631, 1, 77357 MiB, 100 %, 410.39 W, 1980 MHz, 26 %, 65
2026/10/10 17:11:50.631, 2, 77357 MiB, 100 %, 393.54 W, 1980 MHz, 26 %, 49
2026/10/10 17:11:50.631, 3, 77357 MiB, 100 %, 388.68 W, 1980 MHz, 26 %, 42
2026/10/10 17:11:50.631, 4, 77357 MiB, 100 %, 380.22 W, 1980 MHz, 26 %, 43
2026/10/10 17:11:50.631, 5, 77357 MiB, 100 %, 393.44 W, 1980 MHz, 26 %, 50
2026/10/10 17:11:50.632, 6, 77357 MiB, 100 %, 381.77 W, 1980 MHz, 26 %, 47
2026/10/10 17:11:50.632, 7, 77357 MiB, 100 %, 420.81 W, 1980 MHz, 26 %, 77
2026/10/10 17:11:51.632, 0, 77357 MiB, 100 %, 387.00 W, 1980 MHz, 26 %, 43
2026/10/10 17:11:51.632, 1, 77357 MiB, 100 %, 411.59 W, 1980 MHz, 26 %, 65
2026/10/10 17:11:51.632, 2, 77357 MiB, 100 %, 392.96 W, 1980 MHz, 26 %, 49
2026/10/10 17:11:51.632, 3, 77357 MiB, 100 %, 387.51 W, 1980 MHz, 26 %, 42
2026/10/10 17:11:51.632, 4, 77357 MiB, 100 %, 379.05 W, 1980 MHz, 26 %, 43
2026/10/10 17:11:51.632, 5, 77357 MiB, 100 %, 396.59 W, 1980 MHz, 27 %, 50
2026/10/10 17:11:51.632, 6, 77357 MiB, 100 %, 382.01 W, 1980 MHz, 26 %, 47
2026/10/10 17:11:51.632, 7, 77357 MiB, 100 %, 423.29 W, 1980 MHz, 26 %, 76
2026/10/10 17:11:52.632, 0, 77357 MiB, 100 %, 386.36 W, 1980 MHz, 26 %, 43
2026/10/10 17:11:52.632, 1, 77357 MiB, 100 %, 409.39 W, 1980 MHz, 27 %, 65
2026/10/10 17:11:52.632, 2, 77357 MiB, 100 %, 394.20 W, 1980 MHz, 26 %, 49
2026/10/10 17:11:52.633, 3, 77357 MiB, 100 %, 386.52 W, 1980 MHz, 26 %, 42
2026/10/10 17:11:52.633, 4, 77357 MiB, 100 %, 381.66 W, 1980 MHz, 26 %, 43
2026/10/10 17:11:52.633, 5, 77357 MiB, 100 %, 396.02 W, 1980 MHz, 27 %, 50
2026/10/10 17:11:52.633, 6, 77357 MiB, 100 %, 382.51 W, 1980 MHz, 26 %, 47
2026/10/10 17:11:52.633, 7, 77357 MiB, 100 %, 423.73 W, 1980 MHz, 26 %, 77
2026/10/10 17:11:53.633, 0, 77357 MiB, 100 %, 386.14 W, 1980 MHz, 26 %, 43
2026/10/10 17:11:53.633, 1, 77357 MiB, 100 %, 410.02 W, 1980 MHz, 26 %, 65
2026/10/10 17:11:53.633, 2, 77357 MiB, 100 %, 392.28 W, 1980 MHz, 26 %, 49
2026/10/10 17:11:53.633, 3, 77357 MiB, 100 %, 387.55 W, 1980 MHz, 26 %, 42
2026/10/10 17:11:53.633, 4, 77357 MiB, 100 %, 383.09 W, 1980 MHz, 26 %, 43
2026/10/10 17:11:53.634, 5, 77357 MiB, 100 %, 397.25 W, 1980 MHz, 27 %, 49
2026/10/10 17:11:53.634, 6, 77357 MiB, 100 %, 379.98 W, 1980 MHz, 26 %, 47
2026/10/10 17:11:53.634, 7, 77357 MiB, 100 %, 423.87 W, 1980 MHz, 26 %, 76
2026/10/10 17:11:54.634, 0, 77357 MiB, 100 %, 385.76 W, 1980 MHz, 26 %, 43
2026/10/10 17:11:54.634, 1, 77357 MiB, 100 %, 409.49 W, 1980 MHz, 26 %, 65
2026/10/10 17:11:54.634, 2, 77357 MiB, 100 %, 394.26 W, 1980 MHz, 26 %, 49
2026/10/10 17:11:54.634, 3, 77357 MiB, 100 %, 387.02 W, 1980 MHz, 26 %, 42
2026/10/10 17:11:54.634, 4, 77357 MiB, 100 %, 385.18 W, 1980 MHz, 26 %, 43
2026/10/10 17:11:54.634, 5, 77357 MiB, 100 %, 393.87 W, 1980 MHz, 27 %, 49
2026/10/10 17:11:54.634, 6, 77357 MiB, 100 %, 380.20 W, 1980 MHz, 26 %, 47
2026/10/10 17:11:54.634, 7, 77357 MiB, 100 %, 423.67 W, 1980 MHz, 27 %, 76
2026/10/10 17:11:55.634, 0, 77357 MiB, 100 %, 388.01 W, 1980 MHz, 26 %, 43
2026/10/10 17:11:55.635, 1, 77357 MiB, 100 %, 403.95 W, 1980 MHz, 26 %, 65
2026/10/10 17:11:55.635, 2, 77357 MiB, 100 %, 392.92 W, 1980 MHz, 26 %, 49
2026/10/10 17:11:55.635, 3, 77357 MiB, 100 %, 385.50 W, 1980 MHz, 26 %, 41
2026/10/10 17:11:55.635, 4, 77357 MiB, 100 %, 381.19 W, 1980 MHz, 26 %, 43
2026/10/10 17:11:55.635, 5, 77357 MiB, 100 %, 398.14 W, 1980 MHz, 27 %, 49
2026/10/10 17:11:55.635, 6, 77357 MiB, 100 %, 380.93 W, 1980 MHz, 26 %, 47
2026/10/10 17:11:55.635, 7, 77357 MiB, 100 %, 426.37 W, 1980 MHz, 26 %, 76
2026/10/10 17:11:56.635, 0, 77357 MiB, 100 %, 384.86 W, 1980 MHz, 26 %, 43
2026/10/10 17:11:56.635, 1, 77357 MiB, 100 %, 407.04 W, 1980 MHz, 26 %, 64
2026/10/10 17:11:56.635, 2, 77357 MiB, 100 %, 393.89 W, 1980 MHz, 26 %, 49
2026/10/10 17:11:56.635, 3, 77357 MiB, 100 %, 384.96 W, 1980 MHz, 26 %, 41
2026/10/10 17:11:56.635, 4, 77357 MiB, 100 %, 381.70 W, 1980 MHz, 26 %, 43
2026/10/10 17:11:56.635, 5, 77357 MiB, 100 %, 395.33 W, 1980 MHz, 27 %, 49
2026/10/10 17:11:56.635, 6, 77357 MiB, 100 %, 381.10 W, 1980 MHz, 27 %, 47
2026/10/10 17:11:56.636, 7, 77357 MiB, 100 %, 420.87 W, 1980 MHz, 26 %, 76
2026/10/10 17:11:57.636, 0, 77357 MiB, 100 %, 384.64 W, 1980 MHz, 26 %, 43
2026/10/10 17:11:57.636, 1, 77357 MiB, 100 %, 403.58 W, 1980 MHz, 26 %, 64
2026/10/10 17:11:57.636, 2, 77357 MiB, 100 %, 390.91 W, 1980 MHz, 26 %, 48
2026/10/10 17:11:57.636, 3, 77357 MiB, 100 %, 388.54 W, 1980 MHz, 26 %, 41
2026/10/10 17:11:57.636, 4, 77357 MiB, 100 %, 380.64 W, 1980 MHz, 25 %, 43
2026/10/10 17:11:57.636, 5, 77357 MiB, 100 %, 392.45 W, 1980 MHz, 27 %, 49
2026/10/10 17:11:57.636, 6, 77357 MiB, 100 %, 380.78 W, 1980 MHz, 26 %, 46
2026/10/10 17:11:57.636, 7, 77357 MiB, 100 %, 421.69 W, 1980 MHz, 26 %, 76
2026/10/10 17:11:58.636, 0, 77357 MiB, 100 %, 385.96 W, 1980 MHz, 26 %, 43
2026/10/10 17:11:58.636, 1, 77357 MiB, 100 %, 406.41 W, 1980 MHz, 26 %, 64
2026/10/10 17:11:58.636, 2, 77357 MiB, 100 %, 391.79 W, 1980 MHz, 26 %, 48
2026/10/10 17:11:58.636, 3, 77357 MiB, 100 %, 385.27 W, 1980 MHz, 26 %, 41
2026/10/10 17:11:58.636, 4, 77357 MiB, 100 %, 381.32 W, 1980 MHz, 26 %, 43
2026/10/10 17:11:58.637, 5, 77357 MiB, 100 %, 392.00 W, 1980 MHz, 26 %, 49
2026/10/10 17:11:58.637, 6, 77357 MiB, 100 %, 380.35 W, 1980 MHz, 26 %, 46
2026/10/10 17:11:58.637, 7, 77357 MiB, 100 %, 423.29 W, 1980 MHz, 27 %, 76
2026/10/10 17:11:59.637, 0, 77357 MiB, 100 %, 384.07 W, 1980 MHz, 26 %, 43
2026/10/10 17:11:59.637, 1, 77357 MiB, 100 %, 402.47 W, 1980 MHz, 26 %, 64
2026/10/10 17:11:59.637, 2, 77357 MiB, 100 %, 391.72 W, 1980 MHz, 26 %, 48
2026/10/10 17:11:59.637, 3, 77357 MiB, 100 %, 386.67 W, 1980 MHz, 26 %, 41
2026/10/10 17:11:59.637, 4, 77357 MiB, 100 %, 378.28 W, 1980 MHz, 26 %, 42
2026/10/10 17:11:59.637, 5, 77357 MiB, 100 %, 393.92 W, 1980 MHz, 27 %, 49
2026/10/10 17:11:59.637, 6, 77357 MiB, 100 %, 382.72 W, 1980 MHz, 26 %, 46
2026/10/10 17:11:59.637, 7, 77357 MiB, 100 %, 421.79 W, 1980 MHz, 26 %, 76
2026/10/10 17:12:00.637, 0, 77357 MiB, 100 %, 384.88 W, 1980 MHz, 26 %, 43
2026/10/10 17:12:00.638, 1, 77357 MiB, 100 %, 404.33 W, 1980 MHz, 25 %, 64
2026/10/10 17:12:00.638, 2, 77357 MiB, 100 %, 393.77 W, 1980 MHz, 26 %, 48
2026/10/10 17:12:00.638, 3, 77357 MiB, 100 %, 387.01 W, 1980 MHz, 25 %, 41
2026/10/10 17:12:00.638, 4, 77357 MiB, 100 %, 382.54 W, 1980 MHz, 26 %, 42
2026/10/10 17:12:00.638, 5, 77357 MiB, 100 %, 395.17 W, 1980 MHz, 26 %, 49
2026/10/10 17:12:00.638, 6, 77357 MiB, 100 %, 382.29 W, 1980 MHz, 26 %, 46
2026/10/10 17:12:00.638, 7, 77357 MiB, 100 %, 420.33 W, 1980 MHz, 26 %, 76
2026/10/10 17:12:01.638, 0, 77357 MiB, 100 %, 384.54 W, 1980 MHz, 26 %, 43
2026/10/10 17:12:01.638, 1, 77357 MiB, 100 %, 403.91 W, 1980 MHz, 26 %, 64
2026/10/10 17:12:01.638, 2, 77357 MiB, 100 %, 390.25 W, 1980 MHz, 26 %, 48
2026/10/10 17:12:01.638, 3, 77357 MiB, 100 %, 387.56 W, 1980 MHz, 26 %, 41
2026/10/10 17:12:01.638, 4, 77357 MiB, 100 %, 384.16 W, 1980 MHz, 25 %, 42
2026/10/10 17:12:01.639, 5, 77357 MiB, 100 %, 393.96 W, 1980 MHz, 26 %, 48
2026/10/10 17:12:01.639, 6, 77357 MiB, 100 %, 381.18 W, 1980 MHz, 26 %, 46
2026/10/10 17:12:01.639, 7, 77357 MiB, 100 %, 424.76 W, 1980 MHz, 26 %, 76
2026/10/10 17:12:02.639, 0, 77357 MiB, 100 %, 588.59 W, 1965 MHz, 46 %, 52
2026/10/10 17:12:02.639, 1, 77357 MiB, 100 %, 626.12 W, 1905 MHz, 46 %, 72
2026/10/10 17:12:02.639, 2, 77357 MiB, 100 %, 594.90 W, 1965 MHz, 45 %, 56
2026/10/10 17:12:02.639, 3, 77357 MiB, 100 %, 607.14 W, 1950 MHz, 47 %, 50
2026/10/10 17:12:02.639, 4, 77357 MiB, 100 %, 607.17 W, 1965 MHz, 46 %, 53
2026/10/10 17:12:02.639, 5, 77357 MiB, 100 %, 615.91 W, 1950 MHz, 47 %, 57
2026/10/10 17:12:02.639, 6, 77357 MiB, 100 %, 598.53 W, 1965 MHz, 45 %, 56
2026/10/10 17:12:02.639, 7, 77357 MiB, 100 %, 625.46 W, 1725 MHz, 46 %, 84
2026/10/10 17:12:03.640, 0, 77357 MiB, 100 %, 669.60 W, 1980 MHz, 43 %, 53
2026/10/10 17:12:03.640, 1, 77357 MiB, 100 %, 689.87 W, 1935 MHz, 46 %, 73
2026/10/10 17:12:03.640, 2, 77357 MiB, 100 %, 678.45 W, 1980 MHz, 43 %, 58
2026/10/10 17:12:03.640, 3, 77357 MiB, 100 %, 678.44 W, 1965 MHz, 42 %, 52
2026/10/10 17:12:03.640, 4, 77357 MiB, 100 %, 670.64 W, 1965 MHz, 42 %, 54
2026/10/10 17:12:03.640, 5, 77357 MiB, 100 %, 678.09 W, 1965 MHz, 42 %, 59
2026/10/10 17:12:03.640, 6, 77357 MiB, 100 %, 664.25 W, 1980 MHz, 42 %, 57
2026/10/10 17:12:03.640, 7, 77357 MiB, 100 %, 605.18 W, 1635 MHz, 43 %, 82
2026/10/10 17:12:04.640, 0, 77357 MiB, 100 %, 676.97 W, 1980 MHz, 41 %, 54
2026/10/10 17:12:04.640, 1, 77357 MiB, 100 %, 694.52 W, 1950 MHz, 41 %, 74
2026/10/10 17:12:04.640, 2, 77357 MiB, 100 %, 676.12 W, 1965 MHz, 41 %, 58
2026/10/10 17:12:04.641, 3, 77357 MiB, 100 %, 690.32 W, 1965 MHz, 41 %, 53
2026/10/10 17:12:04.641, 4, 77357 MiB, 100 %, 677.66 W, 1875 MHz, 41 %, 55
2026/10/10 17:12:04.641, 5, 77357 MiB, 100 %, 701.06 W, 1965 MHz, 41 %, 60
2026/10/10 17:12:04.641, 6, 77357 MiB, 100 %, 664.96 W, 1980 MHz, 41 %, 59
2026/10/10 17:12:04.641, 7, 77357 MiB, 100 %, 611.23 W, 1680 MHz, 41 %, 82
2026/10/10 17:12:05.641, 0, 77357 MiB, 100 %, 662.50 W, 1980 MHz, 47 %, 53
2026/10/10 17:12:05.641, 1, 77357 MiB, 100 %, 696.55 W, 1950 MHz, 47 %, 74
2026/10/10 17:12:05.641, 2, 77357 MiB, 100 %, 666.87 W, 1980 MHz, 47 %, 59
2026/10/10 17:12:05.641, 3, 77357 MiB, 100 %, 675.47 W, 1980 MHz, 47 %, 53
2026/10/10 17:12:05.641, 4, 77357 MiB, 100 %, 681.23 W, 1965 MHz, 47 %, 55
2026/10/10 17:12:05.641, 5, 77357 MiB, 100 %, 694.56 W, 1965 MHz, 44 %, 60
2026/10/10 17:12:05.641, 6, 77357 MiB, 100 %, 660.23 W, 1980 MHz, 47 %, 58
2026/10/10 17:12:05.641, 7, 77357 MiB, 100 %, 600.46 W, 1650 MHz, 47 %, 82
2026/10/10 17:12:06.642, 0, 77357 MiB, 100 %, 662.28 W, 1980 MHz, 43 %, 54
2026/10/10 17:12:06.642, 1, 77357 MiB, 100 %, 690.25 W, 1875 MHz, 43 %, 75
2026/10/10 17:12:06.642, 2, 77357 MiB, 100 %, 665.98 W, 1980 MHz, 43 %, 59
2026/10/10 17:12:06.642, 3, 77357 MiB, 100 %, 681.66 W, 1935 MHz, 43 %, 53
2026/10/10 17:12:06.642, 4, 77357 MiB, 100 %, 690.95 W, 1950 MHz, 44 %, 55
2026/10/10 17:12:06.642, 5, 77357 MiB, 100 %, 687.38 W, 1950 MHz, 43 %, 61
2026/10/10 17:12:06.642, 6, 77357 MiB, 100 %, 666.59 W, 1965 MHz, 43 %, 59
2026/10/10 17:12:06.642, 7, 77357 MiB, 100 %, 602.80 W, 1665 MHz, 43 %, 83
2026/10/10 17:12:07.642, 0, 77357 MiB, 100 %, 662.44 W, 1965 MHz, 42 %, 54
2026/10/10 17:12:07.643, 1, 77357 MiB, 100 %, 692.11 W, 1965 MHz, 44 %, 75
2026/10/10 17:12:07.643, 2, 77357 MiB, 100 %, 662.75 W, 1965 MHz, 46 %, 59
2026/10/10 17:12:07.643, 3, 77357 MiB, 100 %, 688.24 W, 1905 MHz, 46 %, 53
2026/10/10 17:12:07.643, 4, 77357 MiB, 100 %, 676.92 W, 1965 MHz, 45 %, 56
2026/10/10 17:12:07.643, 5, 77357 MiB, 100 %, 688.96 W, 1965 MHz, 43 %, 61
2026/10/10 17:12:07.643, 6, 77357 MiB, 100 %, 656.13 W, 1965 MHz, 46 %, 59
2026/10/10 17:12:07.643, 7, 77357 MiB, 100 %, 597.87 W, 1920 MHz, 46 %, 84
2026/10/10 17:12:08.643, 0, 77357 MiB, 100 %, 655.07 W, 1980 MHz, 46 %, 53
2026/10/10 17:12:08.643, 1, 77357 MiB, 100 %, 690.14 W, 1935 MHz, 45 %, 74
2026/10/10 17:12:08.643, 2, 77357 MiB, 100 %, 661.25 W, 1980 MHz, 44 %, 59
2026/10/10 17:12:08.643, 3, 77357 MiB, 100 %, 670.50 W, 1965 MHz, 44 %, 54
2026/10/10 17:12:08.643, 4, 77357 MiB, 100 %, 679.66 W, 1965 MHz, 44 %, 56
2026/10/10 17:12:08.643, 5, 77357 MiB, 100 %, 678.23 W, 1980 MHz, 45 %, 61
2026/10/10 17:12:08.643, 6, 77357 MiB, 100 %, 650.98 W, 1980 MHz, 44 %, 59
2026/10/10 17:12:08.644, 7, 77357 MiB, 100 %, 594.50 W, 1665 MHz, 44 %, 82
2026/10/10 17:12:09.644, 0, 77357 MiB, 100 %, 665.67 W, 1980 MHz, 44 %, 54
2026/10/10 17:12:09.644, 1, 77357 MiB, 100 %, 688.24 W, 1815 MHz, 44 %, 75
2026/10/10 17:12:09.644, 2, 77357 MiB, 100 %, 668.03 W, 1980 MHz, 44 %, 60
2026/10/10 17:12:09.644, 3, 77357 MiB, 100 %, 692.01 W, 1950 MHz, 44 %, 52
2026/10/10 17:12:09.644, 4, 77357 MiB, 100 %, 679.36 W, 1965 MHz, 44 %, 56
2026/10/10 17:12:09.644, 5, 77357 MiB, 100 %, 674.99 W, 1965 MHz, 47 %, 62
2026/10/10 17:12:09.644, 6, 77357 MiB, 100 %, 667.39 W, 1980 MHz, 45 %, 60
2026/10/10 17:12:09.644, 7, 77357 MiB, 100 %, 598.81 W, 1725 MHz, 44 %, 83
2026/10/10 17:12:10.644, 0, 77357 MiB, 100 %, 670.87 W, 1980 MHz, 42 %, 55
2026/10/10 17:12:10.644, 1, 77357 MiB, 100 %, 692.00 W, 1905 MHz, 42 %, 75
2026/10/10 17:12:10.645, 2, 77357 MiB, 100 %, 670.93 W, 1980 MHz, 42 %, 60
2026/10/10 17:12:10.645, 3, 77357 MiB, 100 %, 692.53 W, 1935 MHz, 42 %, 54
2026/10/10 17:12:10.645, 4, 77357 MiB, 100 %, 689.96 W, 1965 MHz, 42 %, 57
2026/10/10 17:12:10.645, 5, 77357 MiB, 100 %, 688.81 W, 1875 MHz, 42 %, 62
2026/10/10 17:12:10.645, 6, 77357 MiB, 100 %, 669.15 W, 1980 MHz, 42 %, 60
2026/10/10 17:12:10.645, 7, 77357 MiB, 100 %, 607.58 W, 1650 MHz, 42 %, 83
2026/10/10 17:12:11.645, 0, 77357 MiB, 100 %, 662.61 W, 1980 MHz, 41 %, 55
2026/10/10 17:12:11.645, 1, 77357 MiB, 100 %, 694.95 W, 1845 MHz, 41 %, 75
2026/10/10 17:12:11.645, 2, 77357 MiB, 100 %, 683.17 W, 1950 MHz, 41 %, 61
2026/10/10 17:12:11.645, 3, 77357 MiB, 100 %, 682.49 W, 1965 MHz, 41 %, 55
2026/10/10 17:12:11.645, 4, 77357 MiB, 100 %, 692.26 W, 1980 MHz, 41 %, 57
2026/10/10 17:12:11.645, 5, 77357 MiB, 100 %, 692.88 W, 1965 MHz, 40 %, 63
2026/10/10 17:12:11.645, 6, 77357 MiB, 100 %, 669.98 W, 1965 MHz, 41 %, 61
2026/10/10 17:12:11.645, 7, 77357 MiB, 100 %, 608.99 W, 1635 MHz, 41 %, 83
2026/10/10 17:12:12.646, 0, 77357 MiB, 100 %, 661.66 W, 1980 MHz, 47 %, 54
2026/10/10 17:12:12.646, 1, 77357 MiB, 100 %, 692.06 W, 1920 MHz, 47 %, 76
2026/10/10 17:12:12.646, 2, 77357 MiB, 100 %, 672.61 W, 1980 MHz, 45 %, 61
2026/10/10 17:12:12.646, 3, 77357 MiB, 100 %, 688.19 W, 1905 MHz, 44 %, 55
2026/10/10 17:12:12.646, 4, 77357 MiB, 100 %, 679.18 W, 1965 MHz, 44 %, 57
2026/10/10 17:12:12.646, 5, 77357 MiB, 100 %, 682.50 W, 1950 MHz, 44 %, 62
2026/10/10 17:12:12.646, 6, 77357 MiB, 100 %, 660.71 W, 1980 MHz, 44 %, 60
2026/10/10 17:12:12.646, 7, 77357 MiB, 100 %, 613.20 W, 1575 MHz, 45 %, 83
2026/10/10 17:12:13.646, 0, 77357 MiB, 100 %, 653.02 W, 1980 MHz, 44 %, 55
2026/10/10 17:12:13.646, 1, 77357 MiB, 100 %, 695.80 W, 1965 MHz, 44 %, 76
2026/10/10 17:12:13.646, 2, 77357 MiB, 100 %, 660.82 W, 1935 MHz, 43 %, 60
2026/10/10 17:12:13.646, 3, 77357 MiB, 100 %, 678.51 W, 1965 MHz, 42 %, 55
2026/10/10 17:12:13.647, 4, 77357 MiB, 100 %, 650.43 W, 1980 MHz, 41 %, 57
2026/10/10 17:12:13.647, 5, 77357 MiB, 100 %, 669.85 W, 1905 MHz, 41 %, 62
2026/10/10 17:12:13.647, 6, 77357 MiB, 100 %, 651.50 W, 1965 MHz, 41 %, 59
2026/10/10 17:12:13.647, 7, 77357 MiB, 100 %, 585.86 W, 1890 MHz, 44 %, 84
2026/10/10 17:12:14.647, 0, 77357 MiB, 100 %, 660.00 W, 1980 MHz, 40 %, 55
2026/10/10 17:12:14.647, 1, 77357 MiB, 100 %, 679.16 W, 1935 MHz, 39 %, 76
2026/10/10 17:12:14.647, 2, 77357 MiB, 100 %, 672.31 W, 1965 MHz, 40 %, 59
2026/10/10 17:12:14.647, 3, 77357 MiB, 100 %, 676.16 W, 1980 MHz, 40 %, 55
2026/10/10 17:12:14.647, 4, 77357 MiB, 100 %, 674.89 W, 1980 MHz, 42 %, 57
2026/10/10 17:12:14.647, 5, 77357 MiB, 100 %, 674.65 W, 1965 MHz, 44 %, 63
2026/10/10 17:12:14.647, 6, 77357 MiB, 100 %, 658.76 W, 1980 MHz, 44 %, 61
2026/10/10 17:12:14.647, 7, 77357 MiB, 100 %, 591.40 W, 1635 MHz, 40 %, 82
2026/10/10 17:12:15.647, 0, 77357 MiB, 100 %, 664.25 W, 1980 MHz, 45 %, 55
2026/10/10 17:12:15.648, 1, 77357 MiB, 100 %, 691.03 W, 1800 MHz, 46 %, 76
2026/10/10 17:12:15.648, 2, 77357 MiB, 100 %, 668.06 W, 1965 MHz, 46 %, 60
2026/10/10 17:12:15.648, 3, 77357 MiB, 100 %, 683.38 W, 1935 MHz, 46 %, 54
2026/10/10 17:12:15.648, 4, 77357 MiB, 100 %, 686.05 W, 1965 MHz, 47 %, 57
2026/10/10 17:12:15.648, 5, 77357 MiB, 100 %, 685.87 W, 1965 MHz, 45 %, 63
2026/10/10 17:12:15.648, 6, 77357 MiB, 100 %, 652.76 W, 1980 MHz, 47 %, 61
2026/10/10 17:12:15.648, 7, 77357 MiB, 100 %, 593.77 W, 1890 MHz, 46 %, 84
2026/10/10 17:12:16.648, 0, 77357 MiB, 100 %, 649.88 W, 1980 MHz, 41 %, 54
2026/10/10 17:12:16.648, 1, 77357 MiB, 100 %, 682.78 W, 1965 MHz, 42 %, 76
2026/10/10 17:12:16.648, 2, 77357 MiB, 100 %, 659.37 W, 1980 MHz, 41 %, 61
2026/10/10 17:12:16.648, 3, 77357 MiB, 100 %, 666.77 W, 1980 MHz, 41 %, 55
2026/10/10 17:12:16.648, 4, 77357 MiB, 100 %, 657.65 W, 1980 MHz, 41 %, 57
2026/10/10 17:12:16.648, 5, 77357 MiB, 100 %, 670.17 W, 1965 MHz, 41 %, 62
2026/10/10 17:12:16.648, 6, 77357 MiB, 100 %, 641.83 W, 1980 MHz, 41 %, 60
2026/10/10 17:12:16.649, 7, 77357 MiB, 100 %, 572.92 W, 1575 MHz, 42 %, 82
2026/10/10 17:12:17.649, 0, 77357 MiB, 100 %, 652.97 W, 1980 MHz, 44 %, 55
2026/10/10 17:12:17.649, 1, 77357 MiB, 100 %, 693.98 W, 1905 MHz, 44 %, 75
2026/10/10 17:12:17.649, 2, 77357 MiB, 100 %, 658.31 W, 1980 MHz, 44 %, 61
2026/10/10 17:12:17.649, 3, 77357 MiB, 100 %, 669.97 W, 1980 MHz, 44 %, 55
2026/10/10 17:12:17.649, 4, 77357 MiB, 100 %, 663.86 W, 1980 MHz, 44 %, 58
2026/10/10 17:12:17.649, 5, 77357 MiB, 100 %, 685.51 W, 1920 MHz, 41 %, 63
2026/10/10 17:12:17.649, 6, 77357 MiB, 100 %, 652.62 W, 1980 MHz, 44 %, 61
2026/10/10 17:12:17.649, 7, 77357 MiB, 100 %, 574.46 W, 1620 MHz, 44 %, 83
2026/10/10 17:12:18.649, 0, 77357 MiB, 100 %, 666.17 W, 1980 MHz, 44 %, 55
2026/10/10 17:12:18.649, 1, 77357 MiB, 100 %, 691.95 W, 1965 MHz, 45 %, 76
2026/10/10 17:12:18.650, 2, 77357 MiB, 100 %, 671.25 W, 1980 MHz, 44 %, 61
2026/10/10 17:12:18.650, 3, 77357 MiB, 100 %, 685.63 W, 1965 MHz, 44 %, 55
2026/10/10 17:12:18.650, 4, 77357 MiB, 100 %, 683.53 W, 1965 MHz, 44 %, 57
2026/10/10 17:12:18.650, 5, 77357 MiB, 100 %, 682.48 W, 1965 MHz, 44 %, 63
2026/10/10 17:12:18.650, 6, 77357 MiB, 100 %, 657.65 W, 1980 MHz, 44 %, 60
2026/10/10 17:12:18.650, 7, 77357 MiB, 100 %, 588.58 W, 1635 MHz, 45 %, 83
2026/10/10 17:12:19.650, 0, 77357 MiB, 100 %, 659.64 W, 1980 MHz, 43 %, 55
2026/10/10 17:12:19.650, 1, 77357 MiB, 100 %, 686.92 W, 1890 MHz, 44 %, 76
2026/10/10 17:12:19.650, 2, 77357 MiB, 100 %, 672.64 W, 1965 MHz, 44 %, 61
2026/10/10 17:12:19.650, 3, 77357 MiB, 100 %, 682.23 W, 1935 MHz, 45 %, 55
2026/10/10 17:12:19.650, 4, 77357 MiB, 100 %, 675.89 W, 1980 MHz, 45 %, 58
2026/10/10 17:12:19.650, 5, 77357 MiB, 100 %, 685.43 W, 1965 MHz, 46 %, 62
2026/10/10 17:12:19.650, 6, 77357 MiB, 100 %, 662.04 W, 1980 MHz, 46 %, 61
2026/10/10 17:12:19.650, 7, 77357 MiB, 100 %, 589.67 W, 1695 MHz, 45 %, 83
2026/10/10 17:12:20.651, 0, 77357 MiB, 100 %, 667.49 W, 1980 MHz, 42 %, 56
2026/10/10 17:12:20.651, 1, 77357 MiB, 100 %, 693.04 W, 1890 MHz, 42 %, 76
2026/10/10 17:12:20.651, 2, 77357 MiB, 100 %, 679.38 W, 1980 MHz, 42 %, 62
2026/10/10 17:12:20.651, 3, 77357 MiB, 100 %, 689.26 W, 1935 MHz, 42 %, 56
2026/10/10 17:12:20.651, 4, 77357 MiB, 100 %, 685.91 W, 1980 MHz, 42 %, 58
2026/10/10 17:12:20.651, 5, 77357 MiB, 100 %, 688.29 W, 1965 MHz, 42 %, 63
2026/10/10 17:12:20.651, 6, 77357 MiB, 100 %, 672.62 W, 1980 MHz, 42 %, 62
2026/10/10 17:12:20.651, 7, 77357 MiB, 100 %, 606.30 W, 1665 MHz, 42 %, 84
2026/10/10 17:12:21.651, 0, 77357 MiB, 100 %, 668.65 W, 1980 MHz, 40 %, 56
2026/10/10 17:12:21.651, 1, 77357 MiB, 100 %, 692.02 W, 1875 MHz, 40 %, 77
2026/10/10 17:12:21.651, 2, 77357 MiB, 100 %, 664.59 W, 1980 MHz, 40 %, 62
2026/10/10 17:12:21.652, 3, 77357 MiB, 100 %, 688.21 W, 1935 MHz, 40 %, 56
2026/10/10 17:12:21.652, 4, 77357 MiB, 100 %, 679.42 W, 1965 MHz, 40 %, 58
2026/10/10 17:12:21.652, 5, 77357 MiB, 100 %, 685.90 W, 1950 MHz, 40 %, 64
2026/10/10 17:12:21.652, 6, 77357 MiB, 100 %, 657.10 W, 1980 MHz, 40 %, 61
2026/10/10 17:12:21.652, 7, 77357 MiB, 100 %, 580.68 W, 1590 MHz, 40 %, 83
2026/10/10 17:12:22.652, 0, 77357 MiB, 100 %, 657.52 W, 1980 MHz, 46 %, 56
2026/10/10 17:12:22.652, 1, 77357 MiB, 100 %, 691.59 W, 1905 MHz, 46 %, 76
2026/10/10 17:12:22.652, 2, 77357 MiB, 100 %, 668.80 W, 1980 MHz, 46 %, 61
2026/10/10 17:12:22.652, 3, 77357 MiB, 100 %, 676.67 W, 1965 MHz, 44 %, 56
2026/10/10 17:12:22.652, 4, 77357 MiB, 100 %, 678.08 W, 1980 MHz, 44 %, 58
2026/10/10 17:12:22.652, 5, 77357 MiB, 100 %, 677.18 W, 1965 MHz, 43 %, 64
2026/10/10 17:12:22.652, 6, 77357 MiB, 100 %, 655.25 W, 1980 MHz, 44 %, 62
2026/10/10 17:12:22.652, 7, 77357 MiB, 100 %, 589.98 W, 1650 MHz, 43 %, 83
2026/10/10 17:12:23.653, 0, 77357 MiB, 100 %, 666.25 W, 1980 MHz, 42 %, 56
2026/10/10 17:12:23.653, 1, 77357 MiB, 100 %, 683.51 W, 1890 MHz, 42 %, 76
2026/10/10 17:12:23.653, 2, 77357 MiB, 100 %, 673.49 W, 1980 MHz, 42 %, 62
2026/10/10 17:12:23.653, 3, 77357 MiB, 100 %, 683.30 W, 1965 MHz, 42 %, 56
2026/10/10 17:12:23.653, 4, 77357 MiB, 100 %, 689.52 W, 1965 MHz, 42 %, 58
2026/10/10 17:12:23.653, 5, 77357 MiB, 100 %, 692.38 W, 1965 MHz, 42 %, 64
2026/10/10 17:12:23.653, 6, 77357 MiB, 100 %, 659.17 W, 1980 MHz, 42 %, 61
2026/10/10 17:12:23.653, 7, 77357 MiB, 100 %, 602.61 W, 1650 MHz, 42 %, 83
2026/10/10 17:12:24.653, 0, 77357 MiB, 100 %, 668.49 W, 1980 MHz, 41 %, 56
2026/10/10 17:12:24.653, 1, 77357 MiB, 100 %, 683.77 W, 1860 MHz, 41 %, 75
2026/10/10 17:12:24.653, 2, 77357 MiB, 100 %, 677.21 W, 1980 MHz, 44 %, 62
2026/10/10 17:12:24.653, 3, 77357 MiB, 100 %, 695.15 W, 1965 MHz, 43 %, 56
2026/10/10 17:12:24.653, 4, 77357 MiB, 100 %, 692.85 W, 1965 MHz, 43 %, 58
2026/10/10 17:12:24.654, 5, 77357 MiB, 100 %, 689.59 W, 1920 MHz, 42 %, 64
2026/10/10 17:12:24.654, 6, 77357 MiB, 100 %, 661.78 W, 1980 MHz, 43 %, 62
2026/10/10 17:12:24.654, 7, 77357 MiB, 100 %, 596.84 W, 1530 MHz, 39 %, 83
2026/10/10 17:12:25.654, 0, 77357 MiB, 100 %, 656.21 W, 1980 MHz, 44 %, 56
2026/10/10 17:12:25.654, 1, 77357 MiB, 100 %, 682.02 W, 1965 MHz, 44 %, 76
2026/10/10 17:12:25.654, 2, 77357 MiB, 100 %, 660.90 W, 1980 MHz, 44 %, 62
2026/10/10 17:12:25.654, 3, 77357 MiB, 100 %, 683.16 W, 1965 MHz, 45 %, 56
2026/10/10 17:12:25.654, 4, 77357 MiB, 100 %, 674.02 W, 1965 MHz, 44 %, 58
2026/10/10 17:12:25.654, 5, 77357 MiB, 100 %, 684.46 W, 1965 MHz, 44 %, 64
2026/10/10 17:12:25.654, 6, 77357 MiB, 100 %, 653.84 W, 1980 MHz, 44 %, 62
2026/10/10 17:12:25.654, 7, 77357 MiB, 100 %, 581.37 W, 1650 MHz, 45 %, 83
2026/10/10 17:12:26.655, 0, 77357 MiB, 100 %, 673.46 W, 1980 MHz, 43 %, 56
2026/10/10 17:12:26.655, 1, 77357 MiB, 100 %, 688.61 W, 1890 MHz, 43 %, 76
2026/10/10 17:12:26.655, 2, 77357 MiB, 100 %, 674.71 W, 1965 MHz, 43 %, 61
2026/10/10 17:12:26.655, 3, 77357 MiB, 100 %, 686.95 W, 1965 MHz, 43 %, 56
2026/10/10 17:12:26.655, 4, 77357 MiB, 100 %, 680.39 W, 1965 MHz, 45 %, 58
2026/10/10 17:12:26.655, 5, 77357 MiB, 100 %, 688.51 W, 1920 MHz, 45 %, 64
2026/10/10 17:12:26.655, 6, 77357 MiB, 100 %, 665.72 W, 1980 MHz, 46 %, 62
2026/10/10 17:12:26.655, 7, 77357 MiB, 100 %, 604.78 W, 1695 MHz, 46 %, 83
2026/10/10 17:12:27.655, 0, 77357 MiB, 100 %, 658.07 W, 1980 MHz, 44 %, 56
2026/10/10 17:12:27.655, 1, 77357 MiB, 100 %, 684.91 W, 1965 MHz, 43 %, 77
2026/10/10 17:12:27.655, 2, 77357 MiB, 100 %, 670.75 W, 1980 MHz, 41 %, 62
2026/10/10 17:12:27.656, 3, 77357 MiB, 100 %, 677.62 W, 1980 MHz, 40 %, 56
2026/10/10 17:12:27.656, 4, 77357 MiB, 100 %, 669.47 W, 1980 MHz, 41 %, 58
2026/10/10 17:12:27.656, 5, 77357 MiB, 100 %, 679.95 W, 1980 MHz, 40 %, 64
2026/10/10 17:12:27.656, 6, 77357 MiB, 100 %, 660.09 W, 1980 MHz, 41 %, 62
2026/10/10 17:12:27.656, 7, 77357 MiB, 100 %, 577.19 W, 1575 MHz, 40 %, 83
2026/10/10 17:12:28.656, 0, 77357 MiB, 100 %, 665.71 W, 1980 MHz, 45 %, 56
2026/10/10 17:12:28.656, 1, 77357 MiB, 100 %, 680.30 W, 1875 MHz, 45 %, 76
2026/10/10 17:12:28.656, 2, 77357 MiB, 100 %, 662.88 W, 1980 MHz, 45 %, 62
2026/10/10 17:12:28.656, 3, 77357 MiB, 100 %, 686.48 W, 1965 MHz, 44 %, 56
2026/10/10 17:12:28.656, 4, 77357 MiB, 100 %, 686.04 W, 1965 MHz, 45 %, 58
2026/10/10 17:12:28.656, 5, 77357 MiB, 100 %, 690.19 W, 1935 MHz, 45 %, 64
2026/10/10 17:12:28.657, 6, 77357 MiB, 100 %, 654.24 W, 1980 MHz, 44 %, 62
2026/10/10 17:12:28.657, 7, 77357 MiB, 100 %, 592.71 W, 1665 MHz, 45 %, 83
2026/10/10 17:12:29.657, 0, 77357 MiB, 100 %, 654.65 W, 1980 MHz, 45 %, 56
2026/10/10 17:12:29.657, 1, 77357 MiB, 100 %, 676.36 W, 1875 MHz, 44 %, 76
2026/10/10 17:12:29.657, 2, 77357 MiB, 100 %, 668.14 W, 1980 MHz, 45 %, 62
2026/10/10 17:12:29.657, 3, 77357 MiB, 100 %, 679.39 W, 1950 MHz, 45 %, 56
2026/10/10 17:12:29.657, 4, 77357 MiB, 100 %, 674.86 W, 1965 MHz, 45 %, 58
2026/10/10 17:12:29.657, 5, 77357 MiB, 100 %, 674.07 W, 1965 MHz, 42 %, 64
2026/10/10 17:12:29.657, 6, 77357 MiB, 100 %, 655.47 W, 1980 MHz, 45 %, 62
2026/10/10 17:12:29.657, 7, 77357 MiB, 100 %, 583.82 W, 1605 MHz, 42 %, 83
2026/10/10 17:12:30.657, 0, 77357 MiB, 100 %, 668.68 W, 1980 MHz, 40 %, 56
2026/10/10 17:12:30.658, 1, 77357 MiB, 100 %, 682.65 W, 1860 MHz, 41 %, 76
2026/10/10 17:12:30.658, 2, 77357 MiB, 100 %, 669.30 W, 1965 MHz, 40 %, 62
2026/10/10 17:12:30.658, 3, 77357 MiB, 100 %, 684.66 W, 1980 MHz, 40 %, 56
2026/10/10 17:12:30.658, 4, 77357 MiB, 100 %, 678.36 W, 1965 MHz, 40 %, 58
2026/10/10 17:12:30.658, 5, 77357 MiB, 100 %, 687.64 W, 1980 MHz, 40 %, 65
2026/10/10 17:12:30.658, 6, 77357 MiB, 100 %, 649.15 W, 1980 MHz, 40 %, 62
2026/10/10 17:12:30.658, 7, 77357 MiB, 100 %, 582.44 W, 1605 MHz, 41 %, 83
2026/10/10 17:12:31.658, 0, 77357 MiB, 100 %, 682.46 W, 1980 MHz, 40 %, 56
2026/10/10 17:12:31.658, 1, 77357 MiB, 100 %, 674.01 W, 1845 MHz, 40 %, 76
2026/10/10 17:12:31.658, 2, 77357 MiB, 100 %, 672.11 W, 1980 MHz, 40 %, 63
2026/10/10 17:12:31.658, 3, 77357 MiB, 100 %, 693.93 W, 1935 MHz, 39 %, 57
2026/10/10 17:12:31.658, 4, 77357 MiB, 100 %, 686.21 W, 1920 MHz, 40 %, 59
2026/10/10 17:12:31.658, 5, 77357 MiB, 100 %, 707.12 W, 1875 MHz, 40 %, 65
2026/10/10 17:12:31.658, 6, 77357 MiB, 100 %, 663.11 W, 1980 MHz, 40 %, 63
2026/10/10 17:12:31.658, 7, 77357 MiB, 100 %, 593.99 W, 1665 MHz, 44 %, 83
2026/10/10 17:12:32.659, 0, 77357 MiB, 100 %, 663.89 W, 1980 MHz, 44 %, 56
2026/10/10 17:12:32.659, 1, 77357 MiB, 100 %, 692.77 W, 1875 MHz, 45 %, 76
2026/10/10 17:12:32.659, 2, 77357 MiB, 100 %, 680.57 W, 1965 MHz, 44 %, 62
2026/10/10 17:12:32.659, 3, 77357 MiB, 100 %, 679.42 W, 1965 MHz, 44 %, 56
2026/10/10 17:12:32.659, 4, 77357 MiB, 100 %, 656.73 W, 1965 MHz, 43 %, 59
2026/10/10 17:12:32.659, 5, 77357 MiB, 100 %, 682.33 W, 1965 MHz, 43 %, 65
2026/10/10 17:12:32.659, 6, 77357 MiB, 100 %, 664.77 W, 1980 MHz, 43 %, 63
2026/10/10 17:12:32.659, 7, 77357 MiB, 100 %, 607.01 W, 1695 MHz, 44 %, 83
2026/10/10 17:12:33.659, 0, 77357 MiB, 100 %, 651.09 W, 1980 MHz, 41 %, 55
2026/10/10 17:12:33.659, 1, 77357 MiB, 100 %, 694.56 W, 1800 MHz, 41 %, 77
2026/10/10 17:12:33.660, 2, 77357 MiB, 100 %, 664.51 W, 1980 MHz, 41 %, 63
2026/10/10 17:12:33.660, 3, 77357 MiB, 100 %, 683.12 W, 1980 MHz, 41 %, 56
2026/10/10 17:12:33.660, 4, 77357 MiB, 100 %, 680.49 W, 1980 MHz, 40 %, 59
2026/10/10 17:12:33.660, 5, 77357 MiB, 100 %, 675.77 W, 1980 MHz, 41 %, 65
2026/10/10 17:12:33.660, 6, 77357 MiB, 100 %, 658.84 W, 1980 MHz, 41 %, 62
2026/10/10 17:12:33.660, 7, 77357 MiB, 100 %, 585.52 W, 1620 MHz, 44 %, 83
2026/10/10 17:12:34.660, 0, 77357 MiB, 100 %, 648.21 W, 1980 MHz, 40 %, 56
2026/10/10 17:12:34.660, 1, 77357 MiB, 100 %, 662.80 W, 1935 MHz, 40 %, 76
2026/10/10 17:12:34.660, 2, 77357 MiB, 100 %, 662.34 W, 1965 MHz, 43 %, 63
2026/10/10 17:12:34.660, 3, 77357 MiB, 100 %, 669.67 W, 1935 MHz, 43 %, 57
2026/10/10 17:12:34.660, 4, 77357 MiB, 100 %, 663.28 W, 1980 MHz, 43 %, 59
2026/10/10 17:12:34.660, 5, 77357 MiB, 100 %, 679.88 W, 1965 MHz, 43 %, 65
2026/10/10 17:12:34.660, 6, 77357 MiB, 100 %, 654.26 W, 1980 MHz, 43 %, 63
2026/10/10 17:12:34.660, 7, 77357 MiB, 100 %, 595.94 W, 1605 MHz, 40 %, 83
2026/10/10 17:12:35.661, 0, 77357 MiB, 100 %, 660.79 W, 1980 MHz, 44 %, 55
2026/10/10 17:12:35.661, 1, 77357 MiB, 100 %, 667.27 W, 1860 MHz, 44 %, 76
2026/10/10 17:12:35.661, 2, 77357 MiB, 100 %, 658.11 W, 1980 MHz, 43 %, 63
2026/10/10 17:12:35.661, 3, 77357 MiB, 100 %, 678.24 W, 1965 MHz, 43 %, 57
2026/10/10 17:12:35.661, 4, 77357 MiB, 100 %, 668.51 W, 1935 MHz, 44 %, 59
2026/10/10 17:12:35.661, 5, 77357 MiB, 100 %, 687.87 W, 1920 MHz, 44 %, 65
2026/10/10 17:12:35.661, 6, 77357 MiB, 100 %, 649.85 W, 1980 MHz, 44 %, 62
2026/10/10 17:12:35.661, 7, 77357 MiB, 100 %, 584.74 W, 1950 MHz, 43 %, 84
2026/10/10 17:12:36.661, 0, 77357 MiB, 100 %, 660.40 W, 1980 MHz, 43 %, 56
2026/10/10 17:12:36.662, 1, 77357 MiB, 100 %, 677.38 W, 1935 MHz, 42 %, 77
2026/10/10 17:12:36.662, 2, 77357 MiB, 100 %, 668.68 W, 1980 MHz, 43 %, 61
2026/10/10 17:12:36.662, 3, 77357 MiB, 100 %, 673.49 W, 1965 MHz, 43 %, 56
2026/10/10 17:12:36.662, 4, 77357 MiB, 100 %, 671.08 W, 1965 MHz, 45 %, 59
2026/10/10 17:12:36.662, 5, 77357 MiB, 100 %, 687.94 W, 1935 MHz, 45 %, 65
2026/10/10 17:12:36.662, 6, 77357 MiB, 100 %, 646.77 W, 1980 MHz, 45 %, 63
2026/10/10 17:12:36.662, 7, 77357 MiB, 100 %, 608.99 W, 1665 MHz, 46 %, 82
2026/10/10 17:12:37.662, 0, 77357 MiB, 100 %, 666.05 W, 1980 MHz, 44 %, 57
2026/10/10 17:12:37.662, 1, 77357 MiB, 100 %, 675.39 W, 1890 MHz, 44 %, 77
2026/10/10 17:12:37.662, 2, 77357 MiB, 100 %, 676.45 W, 1980 MHz, 41 %, 63
2026/10/10 17:12:37.662, 3, 77357 MiB, 100 %, 679.50 W, 1965 MHz, 41 %, 57
2026/10/10 17:12:37.662, 4, 77357 MiB, 100 %, 678.25 W, 1890 MHz, 41 %, 59
2026/10/10 17:12:37.662, 5, 77357 MiB, 100 %, 692.11 W, 1965 MHz, 41 %, 65
2026/10/10 17:12:37.662, 6, 77357 MiB, 100 %, 667.86 W, 1980 MHz, 41 %, 63
2026/10/10 17:12:37.663, 7, 77357 MiB, 100 %, 587.98 W, 1650 MHz, 41 %, 83
2026/10/10 17:12:38.663, 0, 77357 MiB, 100 %, 657.80 W, 1980 MHz, 43 %, 56
2026/10/10 17:12:38.663, 1, 77357 MiB, 100 %, 663.79 W, 1965 MHz, 43 %, 76
2026/10/10 17:12:38.663, 2, 77357 MiB, 100 %, 671.67 W, 1980 MHz, 43 %, 63
2026/10/10 17:12:38.663, 3, 77357 MiB, 100 %, 670.21 W, 1965 MHz, 43 %, 56
2026/10/10 17:12:38.663, 4, 77357 MiB, 100 %, 667.82 W, 1980 MHz, 43 %, 58
2026/10/10 17:12:38.663, 5, 77357 MiB, 100 %, 665.72 W, 1980 MHz, 43 %, 65
2026/10/10 17:12:38.663, 6, 77357 MiB, 100 %, 655.52 W, 1980 MHz, 43 %, 62
2026/10/10 17:12:38.663, 7, 77357 MiB, 100 %, 569.51 W, 1605 MHz, 43 %, 82
2026/10/10 17:12:39.663, 0, 77357 MiB, 100 %, 652.87 W, 1980 MHz, 45 %, 56
2026/10/10 17:12:39.663, 1, 77357 MiB, 100 %, 669.57 W, 1800 MHz, 44 %, 76
2026/10/10 17:12:39.663, 2, 77357 MiB, 100 %, 670.21 W, 1965 MHz, 45 %, 63
2026/10/10 17:12:39.664, 3, 77357 MiB, 100 %, 676.15 W, 1965 MHz, 45 %, 56
2026/10/10 17:12:39.664, 4, 77357 MiB, 100 %, 669.46 W, 1980 MHz, 45 %, 59
2026/10/10 17:12:39.664, 5, 77357 MiB, 100 %, 676.08 W, 1965 MHz, 43 %, 65
2026/10/10 17:12:39.664, 6, 77357 MiB, 100 %, 655.09 W, 1980 MHz, 46 %, 62
2026/10/10 17:12:39.664, 7, 77357 MiB, 100 %, 582.90 W, 1605 MHz, 42 %, 83
2026/10/10 17:12:40.664, 0, 77357 MiB, 100 %, 665.38 W, 1980 MHz, 41 %, 56
2026/10/10 17:12:40.664, 1, 77357 MiB, 100 %, 669.40 W, 1815 MHz, 40 %, 76
2026/10/10 17:12:40.664, 2, 77357 MiB, 100 %, 677.02 W, 1980 MHz, 40 %, 63
2026/10/10 17:12:40.664, 3, 77357 MiB, 100 %, 683.88 W, 1920 MHz, 40 %, 56
2026/10/10 17:12:40.664, 4, 77357 MiB, 100 %, 672.26 W, 1935 MHz, 40 %, 58
2026/10/10 17:12:40.664, 5, 77357 MiB, 100 %, 683.24 W, 1980 MHz, 40 %, 65
2026/10/10 17:12:40.664, 6, 77357 MiB, 100 %, 668.79 W, 1980 MHz, 40 %, 63
2026/10/10 17:12:40.664, 7, 77357 MiB, 100 %, 590.12 W, 1590 MHz, 40 %, 83
2026/10/10 17:12:41.665, 0, 77357 MiB, 100 %, 662.59 W, 1980 MHz, 40 %, 57
2026/10/10 17:12:41.665, 1, 77357 MiB, 100 %, 665.57 W, 1890 MHz, 39 %, 77
2026/10/10 17:12:41.665, 2, 77357 MiB, 100 %, 665.67 W, 1965 MHz, 40 %, 63
2026/10/10 17:12:41.665, 3, 77357 MiB, 100 %, 679.45 W, 1965 MHz, 40 %, 57
2026/10/10 17:12:41.665, 4, 77357 MiB, 100 %, 678.96 W, 1965 MHz, 39 %, 59
2026/10/10 17:12:41.665, 5, 77357 MiB, 100 %, 686.19 W, 1905 MHz, 40 %, 66
2026/10/10 17:12:41.665, 6, 77357 MiB, 100 %, 656.45 W, 1980 MHz, 39 %, 63
2026/10/10 17:12:41.665, 7, 77357 MiB, 100 %, 580.87 W, 1590 MHz, 39 %, 83
2026/10/10 17:12:42.665, 0, 77357 MiB, 100 %, 669.99 W, 1980 MHz, 46 %, 56
2026/10/10 17:12:42.665, 1, 77357 MiB, 100 %, 684.34 W, 1905 MHz, 43 %, 77
2026/10/10 17:12:42.665, 2, 77357 MiB, 100 %, 668.65 W, 1980 MHz, 44 %, 63
2026/10/10 17:12:42.666, 3, 77357 MiB, 100 %, 682.78 W, 1965 MHz, 44 %, 57
2026/10/10 17:12:42.666, 4, 77357 MiB, 100 %, 676.28 W, 1965 MHz, 44 %, 59
2026/10/10 17:12:42.666, 5, 77357 MiB, 100 %, 681.81 W, 1965 MHz, 43 %, 65
2026/10/10 17:12:42.666, 6, 77357 MiB, 100 %, 658.50 W, 1980 MHz, 44 %, 62
2026/10/10 17:12:42.666, 7, 77357 MiB, 100 %, 594.63 W, 1620 MHz, 44 %, 83
2026/10/10 17:12:43.666, 0, 77357 MiB, 100 %, 660.83 W, 1980 MHz, 42 %, 56
2026/10/10 17:12:43.666, 1, 77357 MiB, 100 %, 676.57 W, 1830 MHz, 41 %, 76
2026/10/10 17:12:43.666, 2, 77357 MiB, 100 %, 677.67 W, 1980 MHz, 42 %, 63
2026/10/10 17:12:43.666, 3, 77357 MiB, 100 %, 683.28 W, 1935 MHz, 42 %, 56
2026/10/10 17:12:43.666, 4, 77357 MiB, 100 %, 675.13 W, 1980 MHz, 42 %, 58
2026/10/10 17:12:43.666, 5, 77357 MiB, 100 %, 686.11 W, 1965 MHz, 40 %, 66
2026/10/10 17:12:43.666, 6, 77357 MiB, 100 %, 659.71 W, 1980 MHz, 41 %, 63
2026/10/10 17:12:43.666, 7, 77357 MiB, 100 %, 590.54 W, 1545 MHz, 40 %, 83
2026/10/10 17:12:44.667, 0, 77357 MiB, 100 %, 654.15 W, 1980 MHz, 41 %, 57
2026/10/10 17:12:44.667, 1, 77357 MiB, 100 %, 656.38 W, 1920 MHz, 43 %, 77
2026/10/10 17:12:44.667, 2, 77357 MiB, 100 %, 660.15 W, 1980 MHz, 41 %, 63
2026/10/10 17:12:44.667, 3, 77357 MiB, 100 %, 671.86 W, 1965 MHz, 42 %, 56
2026/10/10 17:12:44.667, 4, 77357 MiB, 100 %, 669.05 W, 1965 MHz, 43 %, 59
2026/10/10 17:12:44.667, 5, 77357 MiB, 100 %, 672.40 W, 1965 MHz, 43 %, 65
2026/10/10 17:12:44.667, 6, 77357 MiB, 100 %, 643.74 W, 1980 MHz, 43 %, 63
2026/10/10 17:12:44.667, 7, 77357 MiB, 100 %, 572.75 W, 1590 MHz, 43 %, 83
2026/10/10 17:12:45.667, 0, 77357 MiB, 100 %, 666.22 W, 1980 MHz, 45 %, 57
2026/10/10 17:12:45.667, 1, 77357 MiB, 100 %, 686.01 W, 1800 MHz, 45 %, 77
2026/10/10 17:12:45.667, 2, 77357 MiB, 100 %, 670.39 W, 1965 MHz, 45 %, 63
2026/10/10 17:12:45.668, 3, 77357 MiB, 100 %, 681.31 W, 1965 MHz, 45 %, 57
2026/10/10 17:12:45.668, 4, 77357 MiB, 100 %, 670.02 W, 1965 MHz, 45 %, 59
2026/10/10 17:12:45.668, 5, 77357 MiB, 100 %, 685.01 W, 1965 MHz, 44 %, 65
2026/10/10 17:12:45.668, 6, 77357 MiB, 100 %, 660.02 W, 1980 MHz, 44 %, 63
2026/10/10 17:12:45.668, 7, 77357 MiB, 100 %, 587.82 W, 1650 MHz, 44 %, 83
2026/10/10 17:12:46.668, 0, 77357 MiB, 100 %, 662.06 W, 1980 MHz, 43 %, 57
2026/10/10 17:12:46.668, 1, 77357 MiB, 100 %, 662.07 W, 1935 MHz, 46 %, 77
2026/10/10 17:12:46.668, 2, 77357 MiB, 100 %, 670.65 W, 1980 MHz, 43 %, 64
2026/10/10 17:12:46.668, 3, 77357 MiB, 100 %, 686.58 W, 1935 MHz, 43 %, 55
2026/10/10 17:12:46.668, 4, 77357 MiB, 100 %, 681.20 W, 1920 MHz, 43 %, 58
2026/10/10 17:12:46.668, 5, 77357 MiB, 100 %, 682.59 W, 1965 MHz, 46 %, 66
2026/10/10 17:12:46.668, 6, 77357 MiB, 100 %, 655.33 W, 1980 MHz, 43 %, 63
2026/10/10 17:12:46.668, 7, 77357 MiB, 100 %, 596.74 W, 1695 MHz, 46 %, 83
2026/10/10 17:12:47.669, 0, 77357 MiB, 100 %, 659.12 W, 1980 MHz, 43 %, 57
2026/10/10 17:12:47.669, 1, 77357 MiB, 100 %, 671.05 W, 1860 MHz, 40 %, 76
2026/10/10 17:12:47.669, 2, 77357 MiB, 100 %, 671.56 W, 1980 MHz, 40 %, 63
2026/10/10 17:12:47.669, 3, 77357 MiB, 100 %, 678.91 W, 1980 MHz, 40 %, 57
2026/10/10 17:12:47.669, 4, 77357 MiB, 100 %, 677.71 W, 1965 MHz, 40 %, 59
2026/10/10 17:12:47.669, 5, 77357 MiB, 100 %, 682.35 W, 1905 MHz, 40 %, 65
2026/10/10 17:12:47.669, 6, 77357 MiB, 100 %, 665.37 W, 1980 MHz, 40 %, 63
2026/10/10 17:12:47.669, 7, 77357 MiB, 100 %, 583.68 W, 1605 MHz, 40 %, 83
2026/10/10 17:12:48.669, 0, 77357 MiB, 100 %, 649.39 W, 1980 MHz, 43 %, 56
2026/10/10 17:12:48.669, 1, 77357 MiB, 100 %, 661.07 W, 1845 MHz, 44 %, 77
2026/10/10 17:12:48.669, 2, 77357 MiB, 100 %, 671.56 W, 1980 MHz, 44 %, 64
2026/10/10 17:12:48.670, 3, 77357 MiB, 100 %, 675.04 W, 1965 MHz, 44 %, 57
2026/10/10 17:12:48.670, 4, 77357 MiB, 100 %, 668.43 W, 1980 MHz, 43 %, 59
2026/10/10 17:12:48.670, 5, 77357 MiB, 100 %, 674.32 W, 1965 MHz, 44 %, 65
2026/10/10 17:12:48.670, 6, 77357 MiB, 100 %, 652.68 W, 1980 MHz, 44 %, 63
2026/10/10 17:12:48.670, 7, 77357 MiB, 100 %, 576.37 W, 1650 MHz, 44 %, 83
2026/10/10 17:12:49.670, 0, 77357 MiB, 100 %, 657.27 W, 1980 MHz, 41 %, 56
2026/10/10 17:12:49.670, 1, 77357 MiB, 100 %, 669.53 W, 1890 MHz, 44 %, 75
2026/10/10 17:12:49.670, 2, 77357 MiB, 100 %, 674.49 W, 1980 MHz, 44 %, 63
2026/10/10 17:12:49.670, 3, 77357 MiB, 100 %, 675.59 W, 1965 MHz, 44 %, 57
2026/10/10 17:12:49.670, 4, 77357 MiB, 100 %, 678.97 W, 1965 MHz, 44 %, 58
2026/10/10 17:12:49.670, 5, 77357 MiB, 100 %, 677.47 W, 1965 MHz, 44 %, 65
2026/10/10 17:12:49.670, 6, 77357 MiB, 100 %, 656.90 W, 1980 MHz, 44 %, 62
2026/10/10 17:12:49.670, 7, 77357 MiB, 100 %, 583.55 W, 1560 MHz, 42 %, 82
2026/10/10 17:12:50.671, 0, 77357 MiB, 100 %, 662.41 W, 1980 MHz, 40 %, 57
2026/10/10 17:12:50.671, 1, 77357 MiB, 100 %, 683.99 W, 1800 MHz, 40 %, 76
2026/10/10 17:12:50.671, 2, 77357 MiB, 100 %, 660.44 W, 1965 MHz, 40 %, 63
2026/10/10 17:12:50.671, 3, 77357 MiB, 100 %, 676.86 W, 1965 MHz, 40 %, 57
2026/10/10 17:12:50.671, 4, 77357 MiB, 100 %, 665.16 W, 1965 MHz, 40 %, 59
2026/10/10 17:12:50.671, 5, 77357 MiB, 100 %, 689.03 W, 1980 MHz, 40 %, 66
2026/10/10 17:12:50.671, 6, 77357 MiB, 100 %, 644.87 W, 1980 MHz, 40 %, 63
2026/10/10 17:12:50.671, 7, 77357 MiB, 100 %, 599.15 W, 1605 MHz, 41 %, 83
2026/10/10 17:12:51.671, 0, 77357 MiB, 100 %, 671.40 W, 1980 MHz, 40 %, 57
2026/10/10 17:12:51.671, 1, 77357 MiB, 100 %, 664.36 W, 1860 MHz, 40 %, 76
2026/10/10 17:12:51.671, 2, 77357 MiB, 100 %, 663.09 W, 1980 MHz, 40 %, 63
2026/10/10 17:12:51.672, 3, 77357 MiB, 100 %, 690.06 W, 1965 MHz, 40 %, 57
2026/10/10 17:12:51.672, 4, 77357 MiB, 100 %, 692.90 W, 1965 MHz, 40 %, 59
2026/10/10 17:12:51.672, 5, 77357 MiB, 100 %, 700.84 W, 1965 MHz, 40 %, 66
2026/10/10 17:12:51.672, 6, 77357 MiB, 100 %, 658.55 W, 1980 MHz, 40 %, 63
2026/10/10 17:12:51.672, 7, 77357 MiB, 100 %, 593.93 W, 1560 MHz, 40 %, 83
2026/10/10 17:12:52.672, 0, 77357 MiB, 100 %, 653.29 W, 1980 MHz, 46 %, 57
2026/10/10 17:12:52.672, 1, 77357 MiB, 100 %, 676.66 W, 1785 MHz, 43 %, 76
2026/10/10 17:12:52.672, 2, 77357 MiB, 100 %, 669.76 W, 1980 MHz, 46 %, 64
2026/10/10 17:12:52.672, 3, 77357 MiB, 100 %, 675.56 W, 1965 MHz, 45 %, 57
2026/10/10 17:12:52.672, 4, 77357 MiB, 100 %, 672.86 W, 1965 MHz, 43 %, 59
2026/10/10 17:12:52.672, 5, 77357 MiB, 100 %, 683.63 W, 1965 MHz, 43 %, 66
2026/10/10 17:12:52.672, 6, 77357 MiB, 100 %, 661.86 W, 1980 MHz, 43 %, 63
2026/10/10 17:12:52.672, 7, 77357 MiB, 100 %, 594.47 W, 1650 MHz, 43 %, 83
2026/10/10 17:12:53.673, 0, 77357 MiB, 100 %, 653.66 W, 1980 MHz, 41 %, 56
2026/10/10 17:12:53.673, 1, 77357 MiB, 100 %, 676.82 W, 1845 MHz, 41 %, 76
2026/10/10 17:12:53.673, 2, 77357 MiB, 100 %, 669.18 W, 1980 MHz, 41 %, 63
2026/10/10 17:12:53.673, 3, 77357 MiB, 100 %, 671.14 W, 1965 MHz, 40 %, 56
2026/10/10 17:12:53.673, 4, 77357 MiB, 100 %, 660.01 W, 1980 MHz, 40 %, 59
2026/10/10 17:12:53.673, 5, 77357 MiB, 100 %, 674.42 W, 1980 MHz, 40 %, 66
2026/10/10 17:12:53.673, 6, 77357 MiB, 100 %, 659.84 W, 1980 MHz, 40 %, 63
2026/10/10 17:12:53.673, 7, 77357 MiB, 100 %, 579.21 W, 1575 MHz, 41 %, 82
2026/10/10 17:12:54.673, 0, 77357 MiB, 100 %, 676.30 W, 1980 MHz, 40 %, 57
2026/10/10 17:12:54.673, 1, 77357 MiB, 100 %, 679.87 W, 1830 MHz, 44 %, 77
2026/10/10 17:12:54.674, 2, 77357 MiB, 100 %, 664.70 W, 1980 MHz, 40 %, 62
2026/10/10 17:12:54.674, 3, 77357 MiB, 100 %, 695.41 W, 1965 MHz, 41 %, 56
2026/10/10 17:12:54.674, 4, 77357 MiB, 100 %, 667.42 W, 1950 MHz, 42 %, 59
2026/10/10 17:12:54.674, 5, 77357 MiB, 100 %, 688.99 W, 1965 MHz, 44 %, 66
2026/10/10 17:12:54.674, 6, 77357 MiB, 100 %, 657.95 W, 1980 MHz, 44 %, 63
2026/10/10 17:12:54.674, 7, 77357 MiB, 100 %, 576.09 W, 1605 MHz, 44 %, 82
2026/10/10 17:12:55.674, 0, 77361 MiB, 100 %, 505.50 W, 1980 MHz, 26 %, 49
2026/10/10 17:12:55.674, 1, 77361 MiB, 100 %, 512.07 W, 1980 MHz, 25 %, 70
2026/10/10 17:12:55.674, 2, 77361 MiB, 100 %, 534.95 W, 1980 MHz, 26 %, 57
2026/10/10 17:12:55.674, 3, 77361 MiB, 100 %, 527.96 W, 1980 MHz, 26 %, 49
2026/10/10 17:12:55.674, 4, 77361 MiB, 100 %, 524.89 W, 1980 MHz, 26 %, 50
2026/10/10 17:12:55.674, 5, 77361 MiB, 100 %, 535.96 W, 1980 MHz, 26 %, 58
2026/10/10 17:12:55.674, 6, 77361 MiB, 100 %, 512.67 W, 1980 MHz, 26 %, 55
2026/10/10 17:12:55.675, 7, 77361 MiB, 100 %, 500.84 W, 1980 MHz, 26 %, 79
2026/10/10 17:12:56.675, 0, 77361 MiB, 100 %, 392.90 W, 1980 MHz, 27 %, 47
2026/10/10 17:12:56.675, 1, 77361 MiB, 100 %, 413.80 W, 1980 MHz, 26 %, 68
2026/10/10 17:12:56.675, 2, 77361 MiB, 100 %, 400.71 W, 1980 MHz, 26 %, 55
2026/10/10 17:12:56.675, 3, 77361 MiB, 100 %, 393.03 W, 1980 MHz, 26 %, 47
2026/10/10 17:12:56.675, 4, 77361 MiB, 100 %, 389.80 W, 1980 MHz, 26 %, 48
2026/10/10 17:12:56.675, 5, 77361 MiB, 100 %, 405.02 W, 1980 MHz, 26 %, 56
2026/10/10 17:12:56.675, 6, 77361 MiB, 100 %, 385.37 W, 1980 MHz, 26 %, 52
2026/10/10 17:12:56.675, 7, 77361 MiB, 100 %, 431.38 W, 1980 MHz, 26 %, 78
2026/10/10 17:12:57.675, 0, 77361 MiB, 100 %, 392.71 W, 1980 MHz, 26 %, 47
2026/10/10 17:12:57.675, 1, 77361 MiB, 100 %, 414.85 W, 1980 MHz, 26 %, 68
2026/10/10 17:12:57.676, 2, 77361 MiB, 100 %, 402.53 W, 1980 MHz, 26 %, 54
2026/10/10 17:12:57.676, 3, 77361 MiB, 100 %, 392.20 W, 1980 MHz, 26 %, 46
2026/10/10 17:12:57.676, 4, 77361 MiB, 100 %, 386.43 W, 1980 MHz, 26 %, 47
2026/10/10 17:12:57.676, 5, 77361 MiB, 100 %, 406.59 W, 1980 MHz, 26 %, 55
2026/10/10 17:12:57.676, 6, 77361 MiB, 100 %, 389.69 W, 1980 MHz, 26 %, 51
2026/10/10 17:12:57.676, 7, 77361 MiB, 100 %, 426.98 W, 1980 MHz, 26 %, 78
2026/10/10 17:12:58.676, 0, 77361 MiB, 100 %, 394.03 W, 1980 MHz, 27 %, 47
2026/10/10 17:12:58.676, 1, 77361 MiB, 100 %, 414.11 W, 1980 MHz, 26 %, 67
2026/10/10 17:12:58.676, 2, 77361 MiB, 100 %, 401.68 W, 1980 MHz, 27 %, 53
2026/10/10 17:12:58.676, 3, 77361 MiB, 100 %, 396.48 W, 1980 MHz, 27 %, 45
2026/10/10 17:12:58.676, 4, 77361 MiB, 100 %, 386.26 W, 1980 MHz, 26 %, 47
2026/10/10 17:12:58.676, 5, 77361 MiB, 100 %, 407.34 W, 1980 MHz, 26 %, 54
2026/10/10 17:12:58.676, 6, 77361 MiB, 100 %, 388.85 W, 1980 MHz, 26 %, 51
2026/10/10 17:12:58.676, 7, 77361 MiB, 100 %, 430.42 W, 1980 MHz, 26 %, 78
2026/10/10 17:12:59.677, 0, 77361 MiB, 100 %, 394.73 W, 1980 MHz, 26 %, 46
2026/10/10 17:12:59.677, 1, 77361 MiB, 100 %, 414.84 W, 1980 MHz, 26 %, 67
2026/10/10 17:12:59.677, 2, 77361 MiB, 100 %, 397.28 W, 1980 MHz, 26 %, 53
2026/10/10 17:12:59.677, 3, 77361 MiB, 100 %, 397.06 W, 1980 MHz, 27 %, 45
2026/10/10 17:12:59.677, 4, 77361 MiB, 100 %, 384.16 W, 1980 MHz, 26 %, 46
2026/10/10 17:12:59.677, 5, 77361 MiB, 100 %, 406.49 W, 1980 MHz, 27 %, 54
2026/10/10 17:12:59.677, 6, 77361 MiB, 100 %, 387.64 W, 1980 MHz, 26 %, 51
2026/10/10 17:12:59.677, 7, 77361 MiB, 100 %, 427.87 W, 1980 MHz, 27 %, 78
2026/10/10 17:13:00.677, 0, 77361 MiB, 100 %, 393.03 W, 1980 MHz, 26 %, 46
2026/10/10 17:13:00.677, 1, 77361 MiB, 100 %, 413.76 W, 1980 MHz, 26 %, 67
2026/10/10 17:13:00.677, 2, 77361 MiB, 100 %, 399.29 W, 1980 MHz, 26 %, 53
2026/10/10 17:13:00.678, 3, 77361 MiB, 100 %, 394.42 W, 1980 MHz, 27 %, 45
2026/10/10 17:13:00.678, 4, 77361 MiB, 100 %, 385.52 W, 1980 MHz, 26 %, 46
2026/10/10 17:13:00.678, 5, 77361 MiB, 100 %, 405.91 W, 1980 MHz, 26 %, 54
2026/10/10 17:13:00.678, 6, 77361 MiB, 100 %, 390.85 W, 1980 MHz, 27 %, 50
2026/10/10 17:13:00.678, 7, 77361 MiB, 100 %, 430.78 W, 1980 MHz, 26 %, 78
2026/10/10 17:13:01.678, 0, 77361 MiB, 100 %, 395.02 W, 1980 MHz, 26 %, 46
2026/10/10 17:13:01.678, 1, 77361 MiB, 100 %, 414.65 W, 1980 MHz, 26 %, 67
2026/10/10 17:13:01.678, 2, 77361 MiB, 100 %, 398.46 W, 1980 MHz, 26 %, 53
2026/10/10 17:13:01.678, 3, 77361 MiB, 100 %, 396.93 W, 1980 MHz, 26 %, 44
2026/10/10 17:13:01.678, 4, 77361 MiB, 100 %, 385.63 W, 1980 MHz, 26 %, 46
2026/10/10 17:13:01.678, 5, 77361 MiB, 100 %, 404.27 W, 1980 MHz, 27 %, 53
2026/10/10 17:13:01.678, 6, 77361 MiB, 100 %, 387.93 W, 1980 MHz, 26 %, 50
2026/10/10 17:13:01.678, 7, 77361 MiB, 100 %, 434.20 W, 1980 MHz, 27 %, 78
2026/10/10 17:13:02.679, 0, 77361 MiB, 100 %, 393.10 W, 1980 MHz, 26 %, 46
2026/10/10 17:13:02.679, 1, 77361 MiB, 100 %, 415.61 W, 1980 MHz, 26 %, 67
2026/10/10 17:13:02.679, 2, 77361 MiB, 100 %, 396.00 W, 1980 MHz, 26 %, 52
2026/10/10 17:13:02.679, 3, 77361 MiB, 100 %, 392.97 W, 1980 MHz, 26 %, 44
2026/10/10 17:13:02.679, 4, 77361 MiB, 100 %, 387.58 W, 1980 MHz, 26 %, 45
2026/10/10 17:13:02.679, 5, 77361 MiB, 100 %, 404.21 W, 1980 MHz, 27 %, 53
2026/10/10 17:13:02.679, 6, 77361 MiB, 100 %, 386.94 W, 1980 MHz, 26 %, 50
2026/10/10 17:13:02.679, 7, 77361 MiB, 100 %, 430.20 W, 1980 MHz, 27 %, 78
2026/10/10 17:13:03.679, 0, 77361 MiB, 100 %, 391.46 W, 1980 MHz, 26 %, 45
2026/10/10 17:13:03.680, 1, 77361 MiB, 100 %, 413.62 W, 1980 MHz, 26 %, 66
2026/10/10 17:13:03.680, 2, 77361 MiB, 100 %, 399.52 W, 1980 MHz, 27 %, 52
2026/10/10 17:13:03.680, 3, 77361 MiB, 100 %, 391.55 W, 1980 MHz, 26 %, 44
2026/10/10 17:13:03.680, 4, 77361 MiB, 100 %, 388.08 W, 1980 MHz, 26 %, 45
2026/10/10 17:13:03.680, 5, 77361 MiB, 100 %, 406.74 W, 1980 MHz, 26 %, 53
2026/10/10 17:13:03.680, 6, 77361 MiB, 100 %, 387.26 W, 1980 MHz, 26 %, 49
2026/10/10 17:13:03.680, 7, 77361 MiB, 100 %, 430.26 W, 1980 MHz, 27 %, 77
2026/10/10 17:13:04.680, 0, 77361 MiB, 100 %, 393.18 W, 1980 MHz, 26 %, 45
2026/10/10 17:13:04.680, 1, 77361 MiB, 100 %, 412.94 W, 1980 MHz, 26 %, 66
2026/10/10 17:13:04.680, 2, 77361 MiB, 100 %, 397.24 W, 1980 MHz, 26 %, 52
2026/10/10 17:13:04.680, 3, 77361 MiB, 100 %, 394.44 W, 1980 MHz, 26 %, 44
2026/10/10 17:13:04.680, 4, 77361 MiB, 100 %, 386.60 W, 1980 MHz, 26 %, 45
2026/10/10 17:13:04.680, 5, 77361 MiB, 100 %, 403.99 W, 1980 MHz, 27 %, 53
2026/10/10 17:13:04.681, 6, 77361 MiB, 100 %, 381.95 W, 1980 MHz, 26 %, 49
2026/10/10 17:13:04.681, 7, 77361 MiB, 100 %, 431.58 W, 1980 MHz, 27 %, 77
2026/10/10 17:13:05.681, 0, 77361 MiB, 100 %, 392.06 W, 1980 MHz, 26 %, 45
2026/10/10 17:13:05.681, 1, 77361 MiB, 100 %, 412.51 W, 1980 MHz, 26 %, 66
2026/10/10 17:13:05.681, 2, 77361 MiB, 100 %, 393.99 W, 1980 MHz, 27 %, 52
2026/10/10 17:13:05.681, 3, 77361 MiB, 100 %, 396.69 W, 1980 MHz, 27 %, 44
2026/10/10 17:13:05.681, 4, 77361 MiB, 100 %, 382.00 W, 1980 MHz, 26 %, 45
2026/10/10 17:13:05.681, 5, 77361 MiB, 100 %, 404.14 W, 1980 MHz, 27 %, 52
2026/10/10 17:13:05.681, 6, 77361 MiB, 100 %, 386.37 W, 1980 MHz, 26 %, 49
2026/10/10 17:13:05.681, 7, 77361 MiB, 100 %, 431.59 W, 1980 MHz, 27 %, 77
2026/10/10 17:13:06.681, 0, 77361 MiB, 100 %, 391.06 W, 1980 MHz, 27 %, 45
2026/10/10 17:13:06.682, 1, 77361 MiB, 100 %, 410.74 W, 1980 MHz, 26 %, 66
2026/10/10 17:13:06.682, 2, 77361 MiB, 100 %, 397.84 W, 1980 MHz, 27 %, 51
2026/10/10 17:13:06.682, 3, 77361 MiB, 100 %, 393.02 W, 1980 MHz, 26 %, 43
2026/10/10 17:13:06.682, 4, 77361 MiB, 100 %, 378.58 W, 1980 MHz, 26 %, 45
2026/10/10 17:13:06.682, 5, 77361 MiB, 100 %, 405.57 W, 1980 MHz, 26 %, 52
2026/10/10 17:13:06.682, 6, 77361 MiB, 100 %, 382.35 W, 1980 MHz, 26 %, 49
2026/10/10 17:13:06.682, 7, 77361 MiB, 100 %, 431.74 W, 1980 MHz, 27 %, 77
2026/10/10 17:13:07.682, 0, 77361 MiB, 100 %, 390.61 W, 1980 MHz, 26 %, 45
2026/10/10 17:13:07.682, 1, 77361 MiB, 100 %, 413.87 W, 1980 MHz, 26 %, 66
2026/10/10 17:13:07.682, 2, 77361 MiB, 100 %, 397.92 W, 1980 MHz, 26 %, 51
2026/10/10 17:13:07.682, 3, 77361 MiB, 100 %, 394.20 W, 1980 MHz, 27 %, 43
2026/10/10 17:13:07.682, 4, 77361 MiB, 100 %, 383.50 W, 1980 MHz, 27 %, 44
2026/10/10 17:13:07.682, 5, 77361 MiB, 100 %, 403.90 W, 1980 MHz, 27 %, 52
2026/10/10 17:13:07.683, 6, 77361 MiB, 100 %, 385.05 W, 1980 MHz, 26 %, 49
2026/10/10 17:13:07.683, 7, 77361 MiB, 100 %, 430.20 W, 1980 MHz, 27 %, 77
2026/10/10 17:13:08.683, 0, 77361 MiB, 100 %, 388.41 W, 1980 MHz, 26 %, 44
2026/10/10 17:13:08.683, 1, 77361 MiB, 100 %, 411.80 W, 1980 MHz, 26 %, 66
2026/10/10 17:13:08.683, 2, 77361 MiB, 100 %, 395.47 W, 1980 MHz, 26 %, 51
2026/10/10 17:13:08.683, 3, 77361 MiB, 100 %, 390.29 W, 1980 MHz, 27 %, 43
2026/10/10 17:13:08.683, 4, 77361 MiB, 100 %, 381.94 W, 1980 MHz, 26 %, 44
2026/10/10 17:13:08.683, 5, 77361 MiB, 100 %, 402.03 W, 1980 MHz, 27 %, 52
2026/10/10 17:13:08.683, 6, 77361 MiB, 100 %, 385.65 W, 1980 MHz, 26 %, 48
2026/10/10 17:13:08.683, 7, 77361 MiB, 100 %, 432.18 W, 1980 MHz, 27 %, 77
2026/10/10 17:13:09.683, 0, 77361 MiB, 100 %, 389.89 W, 1980 MHz, 26 %, 44
2026/10/10 17:13:09.684, 1, 77361 MiB, 100 %, 409.56 W, 1980 MHz, 26 %, 66
2026/10/10 17:13:09.684, 2, 77361 MiB, 100 %, 396.20 W, 1980 MHz, 26 %, 51
2026/10/10 17:13:09.684, 3, 77361 MiB, 100 %, 395.02 W, 1980 MHz, 26 %, 43
2026/10/10 17:13:09.684, 4, 77361 MiB, 100 %, 385.32 W, 1980 MHz, 26 %, 44
2026/10/10 17:13:09.684, 5, 77361 MiB, 100 %, 397.26 W, 1980 MHz, 26 %, 51
2026/10/10 17:13:09.684, 6, 77361 MiB, 100 %, 383.74 W, 1980 MHz, 26 %, 48
2026/10/10 17:13:09.684, 7, 77361 MiB, 100 %, 428.46 W, 1980 MHz, 27 %, 77
2026/10/10 17:13:10.684, 0, 77361 MiB, 100 %, 389.33 W, 1980 MHz, 26 %, 44
2026/10/10 17:13:10.684, 1, 77361 MiB, 100 %, 410.30 W, 1980 MHz, 26 %, 66
2026/10/10 17:13:10.684, 2, 77361 MiB, 100 %, 395.93 W, 1980 MHz, 26 %, 51
2026/10/10 17:13:10.685, 3, 77361 MiB, 100 %, 390.07 W, 1980 MHz, 26 %, 43
2026/10/10 17:13:10.685, 4, 77361 MiB, 100 %, 381.43 W, 1980 MHz, 26 %, 44
2026/10/10 17:13:10.685, 5, 77361 MiB, 100 %, 395.82 W, 1980 MHz, 26 %, 51
2026/10/10 17:13:10.685, 6, 77361 MiB, 100 %, 381.66 W, 1980 MHz, 26 %, 48
2026/10/10 17:13:10.685, 7, 77361 MiB, 100 %, 427.61 W, 1980 MHz, 26 %, 77
2026/10/10 17:13:11.685, 0, 77361 MiB, 100 %, 387.88 W, 1980 MHz, 26 %, 44
2026/10/10 17:13:11.685, 1, 77361 MiB, 100 %, 410.60 W, 1980 MHz, 26 %, 66
2026/10/10 17:13:11.685, 2, 77361 MiB, 100 %, 397.50 W, 1980 MHz, 26 %, 50
2026/10/10 17:13:11.685, 3, 77361 MiB, 100 %, 390.96 W, 1980 MHz, 26 %, 43
2026/10/10 17:13:11.685, 4, 77361 MiB, 100 %, 383.85 W, 1980 MHz, 26 %, 44
2026/10/10 17:13:11.685, 5, 77361 MiB, 100 %, 395.76 W, 1980 MHz, 26 %, 51
2026/10/10 17:13:11.685, 6, 77361 MiB, 100 %, 383.14 W, 1980 MHz, 26 %, 48
2026/10/10 17:13:11.686, 7, 77361 MiB, 100 %, 429.31 W, 1980 MHz, 26 %, 77
2026/10/10 17:13:12.686, 0, 77361 MiB, 100 %, 386.40 W, 1980 MHz, 26 %, 44
2026/10/10 17:13:12.686, 1, 77361 MiB, 100 %, 411.39 W, 1980 MHz, 26 %, 65
2026/10/10 17:13:12.686, 2, 77361 MiB, 100 %, 396.94 W, 1980 MHz, 26 %, 50
2026/10/10 17:13:12.686, 3, 77361 MiB, 100 %, 389.70 W, 1980 MHz, 26 %, 42
2026/10/10 17:13:12.686, 4, 77361 MiB, 100 %, 386.36 W, 1980 MHz, 26 %, 44
2026/10/10 17:13:12.686, 5, 77361 MiB, 100 %, 395.60 W, 1980 MHz, 26 %, 51
2026/10/10 17:13:12.686, 6, 77361 MiB, 100 %, 381.44 W, 1980 MHz, 26 %, 48
2026/10/10 17:13:12.686, 7, 77361 MiB, 100 %, 429.64 W, 1980 MHz, 27 %, 77
2026/10/10 17:13:13.686, 0, 77361 MiB, 100 %, 386.22 W, 1980 MHz, 26 %, 44
2026/10/10 17:13:13.687, 1, 77361 MiB, 100 %, 410.69 W, 1980 MHz, 26 %, 65
2026/10/10 17:13:13.687, 2, 77361 MiB, 100 %, 395.64 W, 1980 MHz, 26 %, 50
2026/10/10 17:13:13.687, 3, 77361 MiB, 100 %, 388.30 W, 1980 MHz, 26 %, 42
2026/10/10 17:13:13.687, 4, 77361 MiB, 100 %, 383.78 W, 1980 MHz, 26 %, 44
2026/10/10 17:13:13.687, 5, 77361 MiB, 100 %, 397.63 W, 1980 MHz, 26 %, 51
2026/10/10 17:13:13.687, 6, 77361 MiB, 100 %, 378.94 W, 1980 MHz, 26 %, 48
2026/10/10 17:13:13.687, 7, 77361 MiB, 100 %, 428.16 W, 1980 MHz, 26 %, 77
2026/10/10 17:13:14.687, 0, 77361 MiB, 100 %, 382.79 W, 1980 MHz, 26 %, 44
2026/10/10 17:13:14.687, 1, 77361 MiB, 100 %, 409.84 W, 1980 MHz, 26 %, 65
2026/10/10 17:13:14.687, 2, 77361 MiB, 100 %, 383.55 W, 1980 MHz, 26 %, 50
2026/10/10 17:13:14.687, 3, 77361 MiB, 100 %, 389.18 W, 1980 MHz, 26 %, 42
2026/10/10 17:13:14.688, 4, 77361 MiB, 100 %, 378.77 W, 1980 MHz, 26 %, 43
2026/10/10 17:13:14.688, 5, 77361 MiB, 100 %, 398.34 W, 1980 MHz, 26 %, 51
2026/10/10 17:13:14.688, 6, 77361 MiB, 100 %, 381.90 W, 1980 MHz, 26 %, 48
2026/10/10 17:13:14.688, 7, 77361 MiB, 100 %, 426.53 W, 1980 MHz, 26 %, 77
2026/10/10 17:13:15.688, 0, 77361 MiB, 100 %, 384.91 W, 1980 MHz, 26 %, 43
2026/10/10 17:13:15.688, 1, 77361 MiB, 100 %, 409.80 W, 1980 MHz, 25 %, 65
2026/10/10 17:13:15.688, 2, 77361 MiB, 100 %, 394.75 W, 1980 MHz, 26 %, 50
2026/10/10 17:13:15.688, 3, 77361 MiB, 100 %, 387.12 W, 1980 MHz, 26 %, 42
2026/10/10 17:13:15.688, 4, 77361 MiB, 100 %, 383.36 W, 1980 MHz, 26 %, 43
2026/10/10 17:13:15.688, 5, 77361 MiB, 100 %, 393.27 W, 1980 MHz, 26 %, 50
2026/10/10 17:13:15.688, 6, 77361 MiB, 100 %, 383.85 W, 1980 MHz, 26 %, 47
2026/10/10 17:13:15.688, 7, 77361 MiB, 100 %, 424.50 W, 1980 MHz, 27 %, 77
2026/10/10 17:13:16.689, 0, 77361 MiB, 100 %, 383.26 W, 1980 MHz, 26 %, 43
2026/10/10 17:13:16.689, 1, 77361 MiB, 100 %, 408.56 W, 1980 MHz, 26 %, 65
2026/10/10 17:13:16.689, 2, 77361 MiB, 100 %, 395.85 W, 1980 MHz, 26 %, 50
2026/10/10 17:13:16.689, 3, 77361 MiB, 100 %, 385.64 W, 1980 MHz, 26 %, 42
2026/10/10 17:13:16.689, 4, 77361 MiB, 100 %, 382.61 W, 1980 MHz, 25 %, 43
2026/10/10 17:13:16.689, 5, 77361 MiB, 100 %, 396.02 W, 1980 MHz, 27 %, 50
2026/10/10 17:13:16.689, 6, 77361 MiB, 100 %, 382.56 W, 1980 MHz, 26 %, 47
2026/10/10 17:13:16.689, 7, 77361 MiB, 100 %, 427.69 W, 1980 MHz, 27 %, 77
2026/10/10 17:13:17.689, 0, 77361 MiB, 100 %, 385.96 W, 1980 MHz, 26 %, 43
2026/10/10 17:13:17.689, 1, 77361 MiB, 100 %, 408.22 W, 1980 MHz, 26 %, 65
2026/10/10 17:13:17.689, 2, 77361 MiB, 100 %, 394.32 W, 1980 MHz, 26 %, 50
2026/10/10 17:13:17.689, 3, 77361 MiB, 100 %, 390.32 W, 1980 MHz, 26 %, 42
2026/10/10 17:13:17.690, 4, 77361 MiB, 100 %, 381.56 W, 1980 MHz, 26 %, 43
2026/10/10 17:13:17.690, 5, 77361 MiB, 100 %, 397.42 W, 1980 MHz, 26 %, 50
2026/10/10 17:13:17.690, 6, 77361 MiB, 100 %, 377.19 W, 1980 MHz, 26 %, 47
2026/10/10 17:13:17.690, 7, 77361 MiB, 100 %, 427.81 W, 1980 MHz, 26 %, 77
2026/10/10 17:13:18.690, 0, 77361 MiB, 100 %, 385.39 W, 1980 MHz, 26 %, 43
2026/10/10 17:13:18.690, 1, 77361 MiB, 100 %, 410.38 W, 1980 MHz, 26 %, 65
2026/10/10 17:13:18.690, 2, 77361 MiB, 100 %, 394.70 W, 1980 MHz, 26 %, 49
2026/10/10 17:13:18.690, 3, 77361 MiB, 100 %, 389.06 W, 1980 MHz, 26 %, 42
2026/10/10 17:13:18.690, 4, 77361 MiB, 100 %, 381.63 W, 1980 MHz, 26 %, 43
2026/10/10 17:13:18.690, 5, 77361 MiB, 100 %, 398.19 W, 1980 MHz, 27 %, 50
2026/10/10 17:13:18.690, 6, 77361 MiB, 100 %, 381.44 W, 1980 MHz, 26 %, 47
2026/10/10 17:13:18.691, 7, 77361 MiB, 100 %, 428.06 W, 1980 MHz, 27 %, 77
2026/10/10 17:13:19.691, 0, 77361 MiB, 100 %, 383.10 W, 1980 MHz, 26 %, 43
2026/10/10 17:13:19.691, 1, 77361 MiB, 100 %, 407.47 W, 1980 MHz, 26 %, 65
2026/10/10 17:13:19.691, 2, 77361 MiB, 100 %, 394.87 W, 1980 MHz, 26 %, 49
2026/10/10 17:13:19.691, 3, 77361 MiB, 100 %, 387.57 W, 1980 MHz, 26 %, 42
2026/10/10 17:13:19.691, 4, 77361 MiB, 100 %, 383.33 W, 1980 MHz, 26 %, 43
2026/10/10 17:13:19.691, 5, 77361 MiB, 100 %, 395.12 W, 1980 MHz, 26 %, 50
2026/10/10 17:13:19.691, 6, 77361 MiB, 100 %, 381.47 W, 1980 MHz, 26 %, 47
2026/10/10 17:13:19.691, 7, 77361 MiB, 100 %, 426.38 W, 1980 MHz, 27 %, 77
2026/10/10 17:13:20.691, 0, 77361 MiB, 100 %, 384.86 W, 1980 MHz, 26 %, 43
2026/10/10 17:13:20.691, 1, 77361 MiB, 100 %, 405.03 W, 1980 MHz, 26 %, 65
2026/10/10 17:13:20.691, 2, 77361 MiB, 100 %, 394.73 W, 1980 MHz, 26 %, 49
2026/10/10 17:13:20.692, 3, 77361 MiB, 100 %, 389.10 W, 1980 MHz, 26 %, 42
2026/10/10 17:13:20.692, 4, 77361 MiB, 100 %, 381.52 W, 1980 MHz, 26 %, 43
2026/10/10 17:13:20.692, 5, 77361 MiB, 100 %, 398.21 W, 1980 MHz, 26 %, 50
2026/10/10 17:13:20.692, 6, 77361 MiB, 100 %, 383.41 W, 1980 MHz, 26 %, 47
2026/10/10 17:13:20.692, 7, 77361 MiB, 100 %, 426.48 W, 1980 MHz, 27 %, 77
2026/10/10 17:13:21.692, 0, 77361 MiB, 100 %, 386.24 W, 1980 MHz, 25 %, 43
2026/10/10 17:13:21.692, 1, 77361 MiB, 100 %, 403.42 W, 1980 MHz, 26 %, 65
2026/10/10 17:13:21.692, 2, 77361 MiB, 100 %, 392.55 W, 1980 MHz, 26 %, 49
2026/10/10 17:13:21.692, 3, 77361 MiB, 100 %, 387.24 W, 1980 MHz, 26 %, 41
2026/10/10 17:13:21.692, 4, 77361 MiB, 100 %, 379.45 W, 1980 MHz, 25 %, 43
2026/10/10 17:13:21.692, 5, 77361 MiB, 100 %, 395.50 W, 1980 MHz, 26 %, 49
2026/10/10 17:13:21.693, 6, 77361 MiB, 100 %, 380.24 W, 1980 MHz, 26 %, 47
2026/10/10 17:13:21.693, 7, 77361 MiB, 100 %, 429.06 W, 1980 MHz, 26 %, 77
2026/10/10 17:13:22.693, 0, 77361 MiB, 100 %, 386.19 W, 1980 MHz, 26 %, 43
2026/10/10 17:13:22.693, 1, 77361 MiB, 100 %, 403.11 W, 1980 MHz, 26 %, 65
2026/10/10 17:13:22.693, 2, 77361 MiB, 100 %, 393.91 W, 1980 MHz, 26 %, 49
2026/10/10 17:13:22.693, 3, 77361 MiB, 100 %, 387.65 W, 1980 MHz, 26 %, 41
2026/10/10 17:13:22.693, 4, 77361 MiB, 100 %, 383.91 W, 1980 MHz, 26 %, 43
2026/10/10 17:13:22.693, 5, 77361 MiB, 100 %, 396.28 W, 1980 MHz, 27 %, 49
2026/10/10 17:13:22.693, 6, 77361 MiB, 100 %, 384.42 W, 1980 MHz, 26 %, 47
2026/10/10 17:13:22.693, 7, 77361 MiB, 100 %, 425.95 W, 1980 MHz, 27 %, 77
2026/10/10 17:13:23.693, 0, 77361 MiB, 100 %, 487.33 W, 1965 MHz, 49 %, 51
2026/10/10 17:13:23.693, 1, 77361 MiB, 100 %, 517.76 W, 1935 MHz, 48 %, 72
2026/10/10 17:13:23.693, 2, 77361 MiB, 100 %, 513.36 W, 1965 MHz, 49 %, 56
2026/10/10 17:13:23.694, 3, 77361 MiB, 100 %, 507.03 W, 1920 MHz, 48 %, 49
2026/10/10 17:13:23.694, 4, 77361 MiB, 100 %, 475.36 W, 1965 MHz, 48 %, 51
2026/10/10 17:13:23.694, 5, 77361 MiB, 100 %, 490.14 W, 1965 MHz, 48 %, 57
2026/10/10 17:13:23.694, 6, 77361 MiB, 100 %, 482.29 W, 1965 MHz, 48 %, 55
2026/10/10 17:13:23.694, 7, 77361 MiB, 100 %, 517.08 W, 1920 MHz, 48 %, 84
2026/10/10 17:13:24.694, 0, 77361 MiB, 100 %, 668.48 W, 1980 MHz, 46 %, 52
2026/10/10 17:13:24.694, 1, 77361 MiB, 100 %, 684.29 W, 1950 MHz, 42 %, 73
2026/10/10 17:13:24.694, 2, 77361 MiB, 100 %, 677.63 W, 1980 MHz, 45 %, 58
2026/10/10 17:13:24.694, 3, 77361 MiB, 100 %, 682.72 W, 1965 MHz, 43 %, 51
2026/10/10 17:13:24.694, 4, 77361 MiB, 100 %, 684.77 W, 1965 MHz, 43 %, 53
2026/10/10 17:13:24.694, 5, 77361 MiB, 100 %, 689.96 W, 1950 MHz, 42 %, 59
2026/10/10 17:13:24.694, 6, 77361 MiB, 100 %, 676.97 W, 1965 MHz, 42 %, 58
2026/10/10 17:13:24.694, 7, 77361 MiB, 100 %, 639.22 W, 1635 MHz, 43 %, 82
2026/10/10 17:13:25.695, 0, 77361 MiB, 100 %, 670.46 W, 1980 MHz, 41 %, 54
2026/10/10 17:13:25.695, 1, 77361 MiB, 100 %, 695.29 W, 1845 MHz, 42 %, 74
2026/10/10 17:13:25.695, 2, 77361 MiB, 100 %, 671.28 W, 1980 MHz, 42 %, 59
2026/10/10 17:13:25.695, 3, 77361 MiB, 100 %, 674.67 W, 1965 MHz, 41 %, 53
2026/10/10 17:13:25.695, 4, 77361 MiB, 100 %, 680.62 W, 1965 MHz, 41 %, 54
2026/10/10 17:13:25.695, 5, 77361 MiB, 100 %, 687.39 W, 1905 MHz, 41 %, 60
2026/10/10 17:13:25.695, 6, 77361 MiB, 100 %, 660.00 W, 1980 MHz, 42 %, 59
2026/10/10 17:13:25.695, 7, 77361 MiB, 100 %, 599.61 W, 1665 MHz, 42 %, 83
2026/10/10 17:13:26.695, 0, 77361 MiB, 100 %, 680.42 W, 1980 MHz, 39 %, 53
2026/10/10 17:13:26.695, 1, 77361 MiB, 100 %, 689.12 W, 1905 MHz, 43 %, 74
2026/10/10 17:13:26.695, 2, 77361 MiB, 100 %, 679.47 W, 1980 MHz, 39 %, 59
2026/10/10 17:13:26.695, 3, 77361 MiB, 100 %, 689.61 W, 1965 MHz, 39 %, 53
2026/10/10 17:13:26.695, 4, 77361 MiB, 100 %, 686.87 W, 1965 MHz, 39 %, 55
2026/10/10 17:13:26.695, 5, 77361 MiB, 100 %, 690.39 W, 1950 MHz, 44 %, 61
2026/10/10 17:13:26.695, 6, 77361 MiB, 100 %, 672.20 W, 1965 MHz, 40 %, 58
2026/10/10 17:13:26.695, 7, 77361 MiB, 100 %, 591.28 W, 1710 MHz, 45 %, 82
2026/10/10 17:13:27.696, 0, 77361 MiB, 100 %, 676.62 W, 1980 MHz, 44 %, 54
2026/10/10 17:13:27.696, 1, 77361 MiB, 100 %, 690.95 W, 1920 MHz, 43 %, 75
2026/10/10 17:13:27.696, 2, 77361 MiB, 100 %, 674.58 W, 1980 MHz, 44 %, 60
2026/10/10 17:13:27.696, 3, 77361 MiB, 100 %, 684.68 W, 1965 MHz, 44 %, 54
2026/10/10 17:13:27.696, 4, 77361 MiB, 100 %, 679.64 W, 1965 MHz, 44 %, 56
2026/10/10 17:13:27.696, 5, 77361 MiB, 100 %, 690.57 W, 1890 MHz, 44 %, 62
2026/10/10 17:13:27.696, 6, 77361 MiB, 100 %, 666.22 W, 1965 MHz, 44 %, 59
2026/10/10 17:13:27.696, 7, 77361 MiB, 100 %, 607.64 W, 1635 MHz, 44 %, 83
2026/10/10 17:13:28.696, 0, 77361 MiB, 100 %, 673.32 W, 1965 MHz, 40 %, 55
2026/10/10 17:13:28.696, 1, 77361 MiB, 100 %, 690.91 W, 1890 MHz, 44 %, 75
2026/10/10 17:13:28.696, 2, 77361 MiB, 100 %, 672.62 W, 1965 MHz, 40 %, 60
2026/10/10 17:13:28.696, 3, 77361 MiB, 100 %, 676.10 W, 1920 MHz, 40 %, 54
2026/10/10 17:13:28.697, 4, 77361 MiB, 100 %, 666.31 W, 1980 MHz, 43 %, 56
2026/10/10 17:13:28.697, 5, 77361 MiB, 100 %, 690.14 W, 1920 MHz, 45 %, 62
2026/10/10 17:13:28.697, 6, 77361 MiB, 100 %, 662.08 W, 1980 MHz, 43 %, 60
2026/10/10 17:13:28.697, 7, 77361 MiB, 100 %, 607.11 W, 1845 MHz, 45 %, 82
2026/10/10 17:13:29.697, 0, 77361 MiB, 100 %, 652.92 W, 1965 MHz, 42 %, 55
2026/10/10 17:13:29.697, 1, 77361 MiB, 100 %, 683.56 W, 1890 MHz, 38 %, 75
2026/10/10 17:13:29.697, 2, 77361 MiB, 100 %, 659.66 W, 1980 MHz, 42 %, 60
2026/10/10 17:13:29.697, 3, 77361 MiB, 100 %, 670.85 W, 1950 MHz, 41 %, 54
2026/10/10 17:13:29.697, 4, 77361 MiB, 100 %, 656.68 W, 1965 MHz, 38 %, 56
2026/10/10 17:13:29.698, 5, 77361 MiB, 100 %, 681.03 W, 1965 MHz, 38 %, 62
2026/10/10 17:13:29.698, 6, 77361 MiB, 100 %, 648.00 W, 1965 MHz, 38 %, 60
2026/10/10 17:13:29.698, 7, 77361 MiB, 100 %, 569.12 W, 1485 MHz, 39 %, 81
2026/10/10 17:13:30.698, 0, 77361 MiB, 100 %, 656.91 W, 1980 MHz, 44 %, 55
2026/10/10 17:13:30.698, 1, 77361 MiB, 100 %, 690.41 W, 1935 MHz, 44 %, 76
2026/10/10 17:13:30.698, 2, 77361 MiB, 100 %, 665.57 W, 1965 MHz, 45 %, 60
2026/10/10 17:13:30.698, 3, 77361 MiB, 100 %, 686.41 W, 1965 MHz, 45 %, 54
2026/10/10 17:13:30.698, 4, 77361 MiB, 100 %, 670.71 W, 1965 MHz, 44 %, 55
2026/10/10 17:13:30.698, 5, 77361 MiB, 100 %, 682.50 W, 1965 MHz, 44 %, 62
2026/10/10 17:13:30.698, 6, 77361 MiB, 100 %, 662.09 W, 1980 MHz, 45 %, 60
2026/10/10 17:13:30.698, 7, 77361 MiB, 100 %, 605.07 W, 1605 MHz, 45 %, 83
2026/10/10 17:13:31.698, 0, 77361 MiB, 100 %, 655.54 W, 1980 MHz, 42 %, 54
2026/10/10 17:13:31.698, 1, 77361 MiB, 100 %, 692.72 W, 1905 MHz, 44 %, 76
2026/10/10 17:13:31.698, 2, 77361 MiB, 100 %, 662.94 W, 1980 MHz, 44 %, 60
2026/10/10 17:13:31.699, 3, 77361 MiB, 100 %, 665.84 W, 1965 MHz, 44 %, 54
2026/10/10 17:13:31.699, 4, 77361 MiB, 100 %, 665.43 W, 1965 MHz, 44 %, 56
2026/10/10 17:13:31.699, 5, 77361 MiB, 100 %, 670.16 W, 1965 MHz, 44 %, 62
2026/10/10 17:13:31.699, 6, 77361 MiB, 100 %, 650.71 W, 1980 MHz, 43 %, 60
2026/10/10 17:13:31.699, 7, 77361 MiB, 100 %, 567.65 W, 1620 MHz, 42 %, 82
2026/10/10 17:13:32.699, 0, 77361 MiB, 100 %, 663.62 W, 1980 MHz, 40 %, 55
2026/10/10 17:13:32.699, 1, 77361 MiB, 100 %, 683.53 W, 1905 MHz, 40 %, 75
2026/10/10 17:13:32.699, 2, 77361 MiB, 100 %, 683.52 W, 1920 MHz, 40 %, 61
2026/10/10 17:13:32.699, 3, 77361 MiB, 100 %, 679.72 W, 1965 MHz, 40 %, 55
2026/10/10 17:13:32.699, 4, 77361 MiB, 100 %, 679.94 W, 1980 MHz, 40 %, 57
2026/10/10 17:13:32.699, 5, 77361 MiB, 100 %, 689.54 W, 1965 MHz, 40 %, 63
2026/10/10 17:13:32.699, 6, 77361 MiB, 100 %, 659.06 W, 1980 MHz, 40 %, 61
2026/10/10 17:13:32.699, 7, 77361 MiB, 100 %, 596.68 W, 1635 MHz, 40 %, 83
2026/10/10 17:13:33.699, 0, 77361 MiB, 100 %, 676.70 W, 1980 MHz, 44 %, 55
2026/10/10 17:13:33.700, 1, 77361 MiB, 100 %, 690.65 W, 1950 MHz, 45 %, 76
2026/10/10 17:13:33.700, 2, 77361 MiB, 100 %, 677.52 W, 1965 MHz, 45 %, 61
2026/10/10 17:13:33.700, 3, 77361 MiB, 100 %, 691.01 W, 1965 MHz, 45 %, 55
2026/10/10 17:13:33.700, 4, 77361 MiB, 100 %, 682.52 W, 1980 MHz, 45 %, 57
2026/10/10 17:13:33.700, 5, 77361 MiB, 100 %, 682.94 W, 1950 MHz, 45 %, 63
2026/10/10 17:13:33.700, 6, 77361 MiB, 100 %, 659.30 W, 1980 MHz, 45 %, 60
2026/10/10 17:13:33.700, 7, 77361 MiB, 100 %, 598.46 W, 1695 MHz, 44 %, 83
2026/10/10 17:13:34.700, 0, 77361 MiB, 100 %, 672.78 W, 1965 MHz, 45 %, 55
2026/10/10 17:13:34.700, 1, 77361 MiB, 100 %, 696.81 W, 1950 MHz, 43 %, 76
2026/10/10 17:13:34.700, 2, 77361 MiB, 100 %, 673.09 W, 1980 MHz, 43 %, 61
2026/10/10 17:13:34.700, 3, 77361 MiB, 100 %, 680.25 W, 1980 MHz, 43 %, 55
2026/10/10 17:13:34.700, 4, 77361 MiB, 100 %, 679.72 W, 1965 MHz, 43 %, 57
2026/10/10 17:13:34.700, 5, 77361 MiB, 100 %, 681.90 W, 1965 MHz, 42 %, 63
2026/10/10 17:13:34.701, 6, 77361 MiB, 100 %, 652.17 W, 1980 MHz, 42 %, 61
2026/10/10 17:13:34.701, 7, 77361 MiB, 100 %, 590.82 W, 1605 MHz, 43 %, 83
2026/10/10 17:13:35.701, 0, 77361 MiB, 100 %, 667.22 W, 1980 MHz, 41 %, 56
2026/10/10 17:13:35.701, 1, 77361 MiB, 100 %, 669.81 W, 1965 MHz, 41 %, 76
2026/10/10 17:13:35.701, 2, 77361 MiB, 100 %, 677.90 W, 1980 MHz, 42 %, 61
2026/10/10 17:13:35.701, 3, 77361 MiB, 100 %, 684.59 W, 1965 MHz, 41 %, 55
2026/10/10 17:13:35.701, 4, 77361 MiB, 100 %, 675.05 W, 1935 MHz, 41 %, 56
2026/10/10 17:13:35.701, 5, 77361 MiB, 100 %, 678.91 W, 1965 MHz, 41 %, 63
2026/10/10 17:13:35.701, 6, 77361 MiB, 100 %, 659.28 W, 1980 MHz, 41 %, 61
2026/10/10 17:13:35.701, 7, 77361 MiB, 100 %, 592.32 W, 1605 MHz, 41 %, 83
2026/10/10 17:13:36.701, 0, 77361 MiB, 100 %, 673.70 W, 1965 MHz, 40 %, 55
2026/10/10 17:13:36.701, 1, 77361 MiB, 100 %, 690.68 W, 1890 MHz, 43 %, 75
2026/10/10 17:13:36.701, 2, 77361 MiB, 100 %, 679.21 W, 1965 MHz, 40 %, 61
2026/10/10 17:13:36.701, 3, 77361 MiB, 100 %, 678.60 W, 1980 MHz, 40 %, 55
2026/10/10 17:13:36.701, 4, 77361 MiB, 100 %, 681.53 W, 1980 MHz, 40 %, 57
2026/10/10 17:13:36.702, 5, 77361 MiB, 100 %, 684.00 W, 1980 MHz, 44 %, 63
2026/10/10 17:13:36.702, 6, 77361 MiB, 100 %, 657.20 W, 1980 MHz, 39 %, 61
2026/10/10 17:13:36.702, 7, 77361 MiB, 100 %, 599.27 W, 1620 MHz, 45 %, 84
2026/10/10 17:13:37.702, 0, 77361 MiB, 100 %, 663.32 W, 1980 MHz, 44 %, 55
2026/10/10 17:13:37.702, 1, 77361 MiB, 100 %, 688.90 W, 1965 MHz, 40 %, 76
2026/10/10 17:13:37.702, 2, 77361 MiB, 100 %, 668.48 W, 1965 MHz, 42 %, 61
2026/10/10 17:13:37.702, 3, 77361 MiB, 100 %, 671.19 W, 1965 MHz, 41 %, 55
2026/10/10 17:13:37.702, 4, 77361 MiB, 100 %, 675.49 W, 1980 MHz, 40 %, 57
2026/10/10 17:13:37.702, 5, 77361 MiB, 100 %, 671.68 W, 1950 MHz, 41 %, 63
2026/10/10 17:13:37.702, 6, 77361 MiB, 100 %, 646.12 W, 1965 MHz, 40 %, 61
2026/10/10 17:13:37.702, 7, 77361 MiB, 100 %, 599.63 W, 1605 MHz, 41 %, 85
2026/10/10 17:13:38.702, 0, 77361 MiB, 100 %, 664.42 W, 1980 MHz, 41 %, 55
2026/10/10 17:13:38.702, 1, 77361 MiB, 100 %, 702.58 W, 1965 MHz, 40 %, 76
2026/10/10 17:13:38.702, 2, 77361 MiB, 100 %, 659.08 W, 1980 MHz, 40 %, 62
2026/10/10 17:13:38.702, 3, 77361 MiB, 100 %, 678.68 W, 1965 MHz, 40 %, 55
2026/10/10 17:13:38.703, 4, 77361 MiB, 100 %, 671.19 W, 1980 MHz, 41 %, 58
2026/10/10 17:13:38.703, 5, 77361 MiB, 100 %, 690.09 W, 1965 MHz, 43 %, 63
2026/10/10 17:13:38.703, 6, 77361 MiB, 100 %, 648.52 W, 1980 MHz, 41 %, 61
2026/10/10 17:13:38.703, 7, 77361 MiB, 100 %, 583.98 W, 1650 MHz, 43 %, 82
2026/10/10 17:13:39.703, 0, 77361 MiB, 100 %, 664.23 W, 1980 MHz, 43 %, 56
2026/10/10 17:13:39.703, 1, 77361 MiB, 100 %, 688.14 W, 1890 MHz, 41 %, 77
2026/10/10 17:13:39.703, 2, 77361 MiB, 100 %, 675.45 W, 1980 MHz, 44 %, 62
2026/10/10 17:13:39.703, 3, 77361 MiB, 100 %, 675.15 W, 1980 MHz, 43 %, 55
2026/10/10 17:13:39.703, 4, 77361 MiB, 100 %, 687.71 W, 1980 MHz, 44 %, 58
2026/10/10 17:13:39.703, 5, 77361 MiB, 100 %, 689.91 W, 1965 MHz, 40 %, 64
2026/10/10 17:13:39.703, 6, 77361 MiB, 100 %, 653.30 W, 1980 MHz, 44 %, 62
2026/10/10 17:13:39.703, 7, 77361 MiB, 100 %, 589.74 W, 1575 MHz, 40 %, 84
2026/10/10 17:13:40.703, 0, 77361 MiB, 100 %, 670.32 W, 1980 MHz, 44 %, 56
2026/10/10 17:13:40.703, 1, 77361 MiB, 100 %, 687.06 W, 1935 MHz, 44 %, 76
2026/10/10 17:13:40.703, 2, 77361 MiB, 100 %, 677.47 W, 1980 MHz, 44 %, 62
2026/10/10 17:13:40.704, 3, 77361 MiB, 100 %, 683.35 W, 1965 MHz, 44 %, 56
2026/10/10 17:13:40.704, 4, 77361 MiB, 100 %, 687.52 W, 1965 MHz, 44 %, 58
2026/10/10 17:13:40.704, 5, 77361 MiB, 100 %, 691.38 W, 1965 MHz, 44 %, 64
2026/10/10 17:13:40.704, 6, 77361 MiB, 100 %, 663.50 W, 1980 MHz, 44 %, 62
2026/10/10 17:13:40.704, 7, 77361 MiB, 100 %, 598.44 W, 1620 MHz, 44 %, 83
2026/10/10 17:13:41.704, 0, 77361 MiB, 100 %, 668.82 W, 1980 MHz, 41 %, 56
2026/10/10 17:13:41.704, 1, 77361 MiB, 100 %, 672.91 W, 1950 MHz, 43 %, 76
2026/10/10 17:13:41.704, 2, 77361 MiB, 100 %, 673.87 W, 1980 MHz, 43 %, 62
2026/10/10 17:13:41.704, 3, 77361 MiB, 100 %, 671.93 W, 1965 MHz, 43 %, 55
2026/10/10 17:13:41.704, 4, 77361 MiB, 100 %, 675.35 W, 1965 MHz, 43 %, 57
2026/10/10 17:13:41.704, 5, 77361 MiB, 100 %, 674.46 W, 1980 MHz, 43 %, 64
2026/10/10 17:13:41.704, 6, 77361 MiB, 100 %, 641.13 W, 1980 MHz, 43 %, 61
2026/10/10 17:13:41.704, 7, 77361 MiB, 100 %, 583.92 W, 1560 MHz, 40 %, 82
2026/10/10 17:13:42.705, 0, 77361 MiB, 100 %, 668.55 W, 1980 MHz, 40 %, 56
2026/10/10 17:13:42.705, 1, 77361 MiB, 100 %, 679.25 W, 1815 MHz, 39 %, 76
2026/10/10 17:13:42.705, 2, 77361 MiB, 100 %, 671.45 W, 1980 MHz, 39 %, 62
2026/10/10 17:13:42.705, 3, 77361 MiB, 100 %, 686.68 W, 1965 MHz, 39 %, 56
2026/10/10 17:13:42.705, 4, 77361 MiB, 100 %, 677.62 W, 1965 MHz, 39 %, 58
2026/10/10 17:13:42.705, 5, 77361 MiB, 100 %, 689.46 W, 1935 MHz, 39 %, 64
2026/10/10 17:13:42.705, 6, 77361 MiB, 100 %, 661.58 W, 1980 MHz, 39 %, 62
2026/10/10 17:13:42.705, 7, 77361 MiB, 100 %, 581.09 W, 1620 MHz, 39 %, 83
2026/10/10 17:13:43.705, 0, 77361 MiB, 100 %, 654.25 W, 1980 MHz, 43 %, 56
2026/10/10 17:13:43.705, 1, 77361 MiB, 100 %, 666.15 W, 1950 MHz, 43 %, 76
2026/10/10 17:13:43.705, 2, 77361 MiB, 100 %, 654.21 W, 1980 MHz, 43 %, 62
2026/10/10 17:13:43.705, 3, 77361 MiB, 100 %, 663.63 W, 1980 MHz, 43 %, 55
2026/10/10 17:13:43.705, 4, 77361 MiB, 100 %, 658.18 W, 1980 MHz, 43 %, 56
2026/10/10 17:13:43.705, 5, 77361 MiB, 100 %, 666.72 W, 1965 MHz, 43 %, 64
2026/10/10 17:13:43.705, 6, 77361 MiB, 100 %, 653.70 W, 1980 MHz, 43 %, 61
2026/10/10 17:13:43.705, 7, 77361 MiB, 100 %, 561.97 W, 1590 MHz, 43 %, 82
2026/10/10 17:13:44.706, 0, 77361 MiB, 100 %, 662.45 W, 1980 MHz, 44 %, 56
2026/10/10 17:13:44.706, 1, 77361 MiB, 100 %, 687.92 W, 1890 MHz, 42 %, 76
2026/10/10 17:13:44.706, 2, 77361 MiB, 100 %, 660.70 W, 1980 MHz, 44 %, 62
2026/10/10 17:13:44.706, 3, 77361 MiB, 100 %, 676.47 W, 1965 MHz, 45 %, 55
2026/10/10 17:13:44.706, 4, 77361 MiB, 100 %, 665.75 W, 1980 MHz, 44 %, 57
2026/10/10 17:13:44.706, 5, 77361 MiB, 100 %, 680.20 W, 1965 MHz, 42 %, 64
2026/10/10 17:13:44.706, 6, 77361 MiB, 100 %, 641.32 W, 1980 MHz, 44 %, 61
2026/10/10 17:13:44.706, 7, 77361 MiB, 100 %, 588.18 W, 1560 MHz, 42 %, 83
2026/10/10 17:13:45.706, 0, 77361 MiB, 100 %, 655.53 W, 1980 MHz, 41 %, 56
2026/10/10 17:13:45.706, 1, 77361 MiB, 100 %, 670.19 W, 1845 MHz, 40 %, 75
2026/10/10 17:13:45.706, 2, 77361 MiB, 100 %, 663.09 W, 1980 MHz, 40 %, 62
2026/10/10 17:13:45.706, 3, 77361 MiB, 100 %, 666.94 W, 1965 MHz, 40 %, 56
2026/10/10 17:13:45.706, 4, 77361 MiB, 100 %, 670.68 W, 1980 MHz, 40 %, 58
2026/10/10 17:13:45.706, 5, 77361 MiB, 100 %, 674.30 W, 1965 MHz, 40 %, 64
2026/10/10 17:13:45.706, 6, 77361 MiB, 100 %, 647.86 W, 1980 MHz, 40 %, 62
2026/10/10 17:13:45.706, 7, 77361 MiB, 100 %, 576.95 W, 1590 MHz, 40 %, 83
2026/10/10 17:13:46.707, 0, 77361 MiB, 100 %, 675.78 W, 1980 MHz, 39 %, 57
2026/10/10 17:13:46.707, 1, 77361 MiB, 100 %, 669.41 W, 1920 MHz, 40 %, 76
2026/10/10 17:13:46.707, 2, 77361 MiB, 100 %, 671.84 W, 1965 MHz, 39 %, 61
2026/10/10 17:13:46.707, 3, 77361 MiB, 100 %, 681.71 W, 1965 MHz, 39 %, 56
2026/10/10 17:13:46.707, 4, 77361 MiB, 100 %, 677.42 W, 1950 MHz, 40 %, 58
2026/10/10 17:13:46.707, 5, 77361 MiB, 100 %, 680.50 W, 1965 MHz, 40 %, 64
2026/10/10 17:13:46.707, 6, 77361 MiB, 100 %, 659.45 W, 1980 MHz, 40 %, 62
2026/10/10 17:13:46.707, 7, 77361 MiB, 100 %, 589.96 W, 1500 MHz, 40 %, 83
2026/10/10 17:13:47.707, 0, 77361 MiB, 100 %, 659.92 W, 1980 MHz, 46 %, 56
2026/10/10 17:13:47.707, 1, 77361 MiB, 100 %, 686.80 W, 1920 MHz, 43 %, 77
2026/10/10 17:13:47.707, 2, 77361 MiB, 100 %, 664.04 W, 1980 MHz, 45 %, 63
2026/10/10 17:13:47.708, 3, 77361 MiB, 100 %, 673.87 W, 1965 MHz, 45 %, 56
2026/10/10 17:13:47.708, 4, 77361 MiB, 100 %, 667.51 W, 1965 MHz, 44 %, 58
2026/10/10 17:13:47.708, 5, 77361 MiB, 100 %, 664.50 W, 1965 MHz, 43 %, 64
2026/10/10 17:13:47.708, 6, 77361 MiB, 100 %, 644.28 W, 1965 MHz, 43 %, 62
2026/10/10 17:13:47.708, 7, 77361 MiB, 100 %, 574.10 W, 1620 MHz, 43 %, 83
2026/10/10 17:13:48.708, 0, 77361 MiB, 100 %, 669.82 W, 1980 MHz, 41 %, 56
2026/10/10 17:13:48.708, 1, 77361 MiB, 100 %, 686.25 W, 1890 MHz, 41 %, 77
2026/10/10 17:13:48.708, 2, 77361 MiB, 100 %, 672.21 W, 1980 MHz, 41 %, 63
2026/10/10 17:13:48.708, 3, 77361 MiB, 100 %, 691.10 W, 1965 MHz, 40 %, 56
2026/10/10 17:13:48.708, 4, 77361 MiB, 100 %, 681.51 W, 1980 MHz, 40 %, 57
2026/10/10 17:13:48.708, 5, 77361 MiB, 100 %, 685.40 W, 1950 MHz, 41 %, 65
2026/10/10 17:13:48.708, 6, 77361 MiB, 100 %, 661.27 W, 1980 MHz, 41 %, 62
2026/10/10 17:13:48.708, 7, 77361 MiB, 100 %, 586.94 W, 1620 MHz, 41 %, 83
2026/10/10 17:13:49.708, 0, 77361 MiB, 100 %, 670.22 W, 1980 MHz, 39 %, 57
2026/10/10 17:13:49.709, 1, 77361 MiB, 100 %, 684.19 W, 1800 MHz, 43 %, 77
2026/10/10 17:13:49.709, 2, 77361 MiB, 100 %, 672.33 W, 1965 MHz, 40 %, 62
2026/10/10 17:13:49.709, 3, 77361 MiB, 100 %, 682.82 W, 1905 MHz, 40 %, 57
2026/10/10 17:13:49.709, 4, 77361 MiB, 100 %, 677.41 W, 1980 MHz, 40 %, 59
2026/10/10 17:13:49.709, 5, 77361 MiB, 100 %, 687.51 W, 1950 MHz, 44 %, 65
2026/10/10 17:13:49.709, 6, 77361 MiB, 100 %, 658.33 W, 1980 MHz, 42 %, 62
2026/10/10 17:13:49.709, 7, 77361 MiB, 100 %, 577.34 W, 1500 MHz, 43 %, 83
2026/10/10 17:13:50.709, 0, 77361 MiB, 100 %, 661.40 W, 1980 MHz, 47 %, 56
2026/10/10 17:13:50.709, 1, 77361 MiB, 100 %, 650.98 W, 1890 MHz, 44 %, 75
2026/10/10 17:13:50.709, 2, 77361 MiB, 100 %, 664.63 W, 1965 MHz, 44 %, 62
2026/10/10 17:13:50.709, 3, 77361 MiB, 100 %, 677.16 W, 1965 MHz, 45 %, 56
2026/10/10 17:13:50.709, 4, 77361 MiB, 100 %, 675.35 W, 1965 MHz, 45 %, 58
2026/10/10 17:13:50.709, 5, 77361 MiB, 100 %, 684.55 W, 1965 MHz, 44 %, 65
2026/10/10 17:13:50.710, 6, 77361 MiB, 100 %, 654.60 W, 1980 MHz, 44 %, 62
2026/10/10 17:13:50.710, 7, 77361 MiB, 100 %, 579.03 W, 1590 MHz, 44 %, 83
2026/10/10 17:13:51.710, 0, 77361 MiB, 100 %, 673.05 W, 1980 MHz, 42 %, 56
2026/10/10 17:13:51.710, 1, 77361 MiB, 100 %, 677.92 W, 1890 MHz, 42 %, 75
2026/10/10 17:13:51.710, 2, 77361 MiB, 100 %, 666.39 W, 1980 MHz, 41 %, 63
2026/10/10 17:13:51.710, 3, 77361 MiB, 100 %, 684.11 W, 1950 MHz, 42 %, 56
2026/10/10 17:13:51.710, 4, 77361 MiB, 100 %, 674.89 W, 1965 MHz, 41 %, 58
2026/10/10 17:13:51.710, 5, 77361 MiB, 100 %, 686.01 W, 1890 MHz, 42 %, 64
2026/10/10 17:13:51.710, 6, 77361 MiB, 100 %, 657.33 W, 1980 MHz, 42 %, 62
2026/10/10 17:13:51.710, 7, 77361 MiB, 100 %, 595.28 W, 1665 MHz, 44 %, 83
2026/10/10 17:13:52.710, 0, 77361 MiB, 100 %, 667.91 W, 1980 MHz, 44 %, 56
2026/10/10 17:13:52.711, 1, 77361 MiB, 100 %, 687.33 W, 1875 MHz, 40 %, 76
2026/10/10 17:13:52.711, 2, 77361 MiB, 100 %, 660.67 W, 1965 MHz, 44 %, 63
2026/10/10 17:13:52.711, 3, 77361 MiB, 100 %, 688.93 W, 1965 MHz, 43 %, 56
2026/10/10 17:13:52.711, 4, 77361 MiB, 100 %, 696.26 W, 1935 MHz, 43 %, 59
2026/10/10 17:13:52.711, 5, 77361 MiB, 100 %, 689.88 W, 1980 MHz, 39 %, 65
2026/10/10 17:13:52.711, 6, 77361 MiB, 100 %, 647.22 W, 1980 MHz, 44 %, 62
2026/10/10 17:13:52.711, 7, 77361 MiB, 100 %, 586.72 W, 1515 MHz, 39 %, 83
2026/10/10 17:13:53.711, 0, 77361 MiB, 100 %, 669.06 W, 1980 MHz, 44 %, 57
2026/10/10 17:13:53.711, 1, 77361 MiB, 100 %, 670.56 W, 1905 MHz, 44 %, 76
2026/10/10 17:13:53.711, 2, 77361 MiB, 100 %, 672.99 W, 1965 MHz, 44 %, 63
2026/10/10 17:13:53.711, 3, 77361 MiB, 100 %, 682.45 W, 1965 MHz, 44 %, 56
2026/10/10 17:13:53.711, 4, 77361 MiB, 100 %, 679.03 W, 1965 MHz, 43 %, 58
2026/10/10 17:13:53.711, 5, 77361 MiB, 100 %, 686.61 W, 1965 MHz, 44 %, 65
2026/10/10 17:13:53.711, 6, 77361 MiB, 100 %, 661.86 W, 1980 MHz, 44 %, 62
2026/10/10 17:13:53.712, 7, 77361 MiB, 100 %, 581.41 W, 1515 MHz, 44 %, 82
2026/10/10 17:13:54.712, 0, 77361 MiB, 100 %, 660.00 W, 1980 MHz, 42 %, 57
2026/10/10 17:13:54.712, 1, 77361 MiB, 100 %, 669.94 W, 1845 MHz, 45 %, 76
2026/10/10 17:13:54.712, 2, 77361 MiB, 100 %, 666.04 W, 1980 MHz, 42 %, 63
2026/10/10 17:13:54.712, 3, 77361 MiB, 100 %, 674.10 W, 1935 MHz, 42 %, 56
2026/10/10 17:13:54.712, 4, 77361 MiB, 100 %, 667.99 W, 1965 MHz, 42 %, 58
2026/10/10 17:13:54.712, 5, 77361 MiB, 100 %, 679.60 W, 1965 MHz, 45 %, 65
2026/10/10 17:13:54.712, 6, 77361 MiB, 100 %, 646.72 W, 1980 MHz, 42 %, 62
2026/10/10 17:13:54.712, 7, 77361 MiB, 100 %, 573.79 W, 1620 MHz, 45 %, 83
2026/10/10 17:13:55.712, 0, 77361 MiB, 100 %, 678.39 W, 1980 MHz, 45 %, 57
2026/10/10 17:13:55.713, 1, 77361 MiB, 100 %, 666.93 W, 1845 MHz, 42 %, 77
2026/10/10 17:13:55.713, 2, 77361 MiB, 100 %, 670.57 W, 1980 MHz, 42 %, 63
2026/10/10 17:13:55.713, 3, 77361 MiB, 100 %, 682.72 W, 1965 MHz, 42 %, 57
2026/10/10 17:13:55.713, 4, 77361 MiB, 100 %, 682.41 W, 1965 MHz, 41 %, 59
2026/10/10 17:13:55.713, 5, 77361 MiB, 100 %, 684.12 W, 1950 MHz, 42 %, 66
2026/10/10 17:13:55.713, 6, 77361 MiB, 100 %, 650.04 W, 1980 MHz, 41 %, 63
2026/10/10 17:13:55.713, 7, 77361 MiB, 100 %, 588.55 W, 1605 MHz, 42 %, 84
2026/10/10 17:13:56.713, 0, 77361 MiB, 100 %, 666.19 W, 1980 MHz, 39 %, 57
2026/10/10 17:13:56.713, 1, 77361 MiB, 100 %, 669.79 W, 1920 MHz, 40 %, 77
2026/10/10 17:13:56.713, 2, 77361 MiB, 100 %, 672.10 W, 1965 MHz, 40 %, 64
2026/10/10 17:13:56.713, 3, 77361 MiB, 100 %, 672.84 W, 1920 MHz, 40 %, 56
2026/10/10 17:13:56.713, 4, 77361 MiB, 100 %, 679.66 W, 1965 MHz, 40 %, 58
2026/10/10 17:13:56.713, 5, 77361 MiB, 100 %, 682.04 W, 1965 MHz, 40 %, 66
2026/10/10 17:13:56.713, 6, 77361 MiB, 100 %, 646.93 W, 1965 MHz, 41 %, 63
2026/10/10 17:13:56.714, 7, 77361 MiB, 100 %, 581.63 W, 1530 MHz, 39 %, 83
2026/10/10 17:13:57.714, 0, 77361 MiB, 100 %, 671.36 W, 1980 MHz, 43 %, 57
2026/10/10 17:13:57.714, 1, 77361 MiB, 100 %, 680.70 W, 1845 MHz, 46 %, 76
2026/10/10 17:13:57.714, 2, 77361 MiB, 100 %, 668.72 W, 1980 MHz, 46 %, 63
2026/10/10 17:13:57.714, 3, 77361 MiB, 100 %, 666.21 W, 1965 MHz, 45 %, 56
2026/10/10 17:13:57.714, 4, 77361 MiB, 100 %, 667.88 W, 1980 MHz, 45 %, 59
2026/10/10 17:13:57.714, 5, 77361 MiB, 100 %, 685.22 W, 1950 MHz, 45 %, 65
2026/10/10 17:13:57.714, 6, 77361 MiB, 100 %, 640.74 W, 1980 MHz, 45 %, 62
2026/10/10 17:13:57.714, 7, 77361 MiB, 100 %, 580.03 W, 1605 MHz, 43 %, 83
2026/10/10 17:13:58.714, 0, 77361 MiB, 100 %, 668.17 W, 1980 MHz, 41 %, 57
2026/10/10 17:13:58.714, 1, 77361 MiB, 100 %, 665.63 W, 1890 MHz, 41 %, 76
2026/10/10 17:13:58.714, 2, 77361 MiB, 100 %, 677.29 W, 1980 MHz, 42 %, 63
2026/10/10 17:13:58.715, 3, 77361 MiB, 100 %, 676.32 W, 1950 MHz, 41 %, 57
2026/10/10 17:13:58.715, 4, 77361 MiB, 100 %, 679.40 W, 1980 MHz, 41 %, 59
2026/10/10 17:13:58.715, 5, 77361 MiB, 100 %, 685.11 W, 1965 MHz, 41 %, 66
2026/10/10 17:13:58.715, 6, 77361 MiB, 100 %, 657.52 W, 1980 MHz, 41 %, 62
2026/10/10 17:13:58.715, 7, 77361 MiB, 100 %, 593.11 W, 1605 MHz, 41 %, 83
2026/10/10 17:13:59.715, 0, 77361 MiB, 100 %, 653.96 W, 1980 MHz, 38 %, 57
2026/10/10 17:13:59.715, 1, 77361 MiB, 100 %, 661.70 W, 1875 MHz, 39 %, 76
2026/10/10 17:13:59.715, 2, 77361 MiB, 100 %, 660.03 W, 1980 MHz, 38 %, 62
2026/10/10 17:13:59.715, 3, 77361 MiB, 100 %, 666.47 W, 1965 MHz, 38 %, 56
2026/10/10 17:13:59.715, 4, 77361 MiB, 100 %, 669.28 W, 1980 MHz, 39 %, 58
2026/10/10 17:13:59.715, 5, 77361 MiB, 100 %, 680.75 W, 1950 MHz, 38 %, 65
2026/10/10 17:13:59.715, 6, 77361 MiB, 100 %, 645.08 W, 1980 MHz, 38 %, 62
2026/10/10 17:13:59.715, 7, 77361 MiB, 100 %, 567.09 W, 1560 MHz, 39 %, 82
2026/10/10 17:14:00.716, 0, 77361 MiB, 100 %, 665.23 W, 1980 MHz, 44 %, 57
2026/10/10 17:14:00.716, 1, 77361 MiB, 100 %, 682.23 W, 1965 MHz, 46 %, 77
2026/10/10 17:14:00.716, 2, 77361 MiB, 100 %, 674.78 W, 1980 MHz, 47 %, 63
2026/10/10 17:14:00.716, 3, 77361 MiB, 100 %, 679.08 W, 1950 MHz, 46 %, 56
2026/10/10 17:14:00.716, 4, 77361 MiB, 100 %, 673.23 W, 1980 MHz, 47 %, 58
2026/10/10 17:14:00.716, 5, 77361 MiB, 100 %, 687.63 W, 1950 MHz, 46 %, 65
2026/10/10 17:14:00.716, 6, 77361 MiB, 100 %, 651.07 W, 1980 MHz, 46 %, 62
2026/10/10 17:14:00.716, 7, 77361 MiB, 100 %, 578.12 W, 1605 MHz, 44 %, 83
2026/10/10 17:14:01.716, 0, 77361 MiB, 100 %, 667.77 W, 1980 MHz, 42 %, 57
2026/10/10 17:14:01.716, 1, 77361 MiB, 100 %, 685.12 W, 1965 MHz, 41 %, 77
2026/10/10 17:14:01.716, 2, 77361 MiB, 100 %, 682.56 W, 1965 MHz, 41 %, 64
2026/10/10 17:14:01.716, 3, 77361 MiB, 100 %, 685.27 W, 1950 MHz, 42 %, 56
2026/10/10 17:14:01.717, 4, 77361 MiB, 100 %, 674.04 W, 1980 MHz, 42 %, 59
2026/10/10 17:14:01.717, 5, 77361 MiB, 100 %, 684.38 W, 1965 MHz, 42 %, 65
2026/10/10 17:14:01.717, 6, 77361 MiB, 100 %, 659.21 W, 1980 MHz, 42 %, 63
2026/10/10 17:14:01.717, 7, 77361 MiB, 100 %, 594.99 W, 1650 MHz, 42 %, 83
2026/10/10 17:14:02.717, 0, 77361 MiB, 100 %, 672.61 W, 1965 MHz, 41 %, 57
2026/10/10 17:14:02.717, 1, 77361 MiB, 100 %, 665.28 W, 1815 MHz, 44 %, 76
2026/10/10 17:14:02.717, 2, 77361 MiB, 100 %, 665.04 W, 1980 MHz, 44 %, 64
2026/10/10 17:14:02.717, 3, 77361 MiB, 100 %, 673.31 W, 1920 MHz, 41 %, 57
2026/10/10 17:14:02.717, 4, 77361 MiB, 100 %, 666.00 W, 1965 MHz, 41 %, 59
2026/10/10 17:14:02.717, 5, 77361 MiB, 100 %, 689.50 W, 1920 MHz, 44 %, 66
2026/10/10 17:14:02.717, 6, 77361 MiB, 100 %, 646.92 W, 1980 MHz, 41 %, 63
2026/10/10 17:14:02.717, 7, 77361 MiB, 100 %, 581.45 W, 1620 MHz, 44 %, 83
2026/10/10 17:14:03.718, 0, 77361 MiB, 100 %, 663.24 W, 1980 MHz, 42 %, 57
2026/10/10 17:14:03.718, 1, 77361 MiB, 100 %, 661.93 W, 1905 MHz, 42 %, 76
2026/10/10 17:14:03.718, 2, 77361 MiB, 100 %, 674.34 W, 1965 MHz, 43 %, 63
2026/10/10 17:14:03.718, 3, 77361 MiB, 100 %, 673.75 W, 1965 MHz, 44 %, 56
2026/10/10 17:14:03.718, 4, 77361 MiB, 100 %, 671.06 W, 1980 MHz, 45 %, 58
2026/10/10 17:14:03.718, 5, 77361 MiB, 100 %, 679.00 W, 1965 MHz, 42 %, 65
2026/10/10 17:14:03.718, 6, 77361 MiB, 100 %, 657.31 W, 1980 MHz, 42 %, 62
2026/10/10 17:14:03.718, 7, 77361 MiB, 100 %, 584.17 W, 1575 MHz, 42 %, 82
2026/10/10 17:14:04.718, 0, 77361 MiB, 100 %, 658.86 W, 1980 MHz, 42 %, 57
2026/10/10 17:14:04.718, 1, 77361 MiB, 100 %, 669.30 W, 1965 MHz, 42 %, 77
2026/10/10 17:14:04.718, 2, 77361 MiB, 100 %, 661.30 W, 1980 MHz, 42 %, 63
2026/10/10 17:14:04.718, 3, 77361 MiB, 100 %, 669.82 W, 1965 MHz, 42 %, 56
2026/10/10 17:14:04.718, 4, 77361 MiB, 100 %, 660.50 W, 1965 MHz, 42 %, 57
2026/10/10 17:14:04.719, 5, 77361 MiB, 100 %, 675.93 W, 1965 MHz, 42 %, 66
2026/10/10 17:14:04.719, 6, 77361 MiB, 100 %, 646.03 W, 1980 MHz, 42 %, 62
2026/10/10 17:14:04.719, 7, 77361 MiB, 100 %, 574.41 W, 1590 MHz, 42 %, 82
2026/10/10 17:14:05.719, 0, 77361 MiB, 100 %, 684.43 W, 1965 MHz, 41 %, 57
2026/10/10 17:14:05.719, 1, 77361 MiB, 100 %, 674.18 W, 1890 MHz, 44 %, 77
2026/10/10 17:14:05.719, 2, 77361 MiB, 100 %, 676.36 W, 1950 MHz, 41 %, 63
2026/10/10 17:14:05.719, 3, 77361 MiB, 100 %, 686.10 W, 1965 MHz, 43 %, 57
2026/10/10 17:14:05.719, 4, 77361 MiB, 100 %, 673.17 W, 1965 MHz, 43 %, 59
2026/10/10 17:14:05.719, 5, 77361 MiB, 100 %, 691.79 W, 1980 MHz, 44 %, 66
2026/10/10 17:14:05.719, 6, 77361 MiB, 100 %, 660.86 W, 1965 MHz, 44 %, 63
2026/10/10 17:14:05.719, 7, 77361 MiB, 100 %, 586.60 W, 1590 MHz, 41 %, 83
2026/10/10 17:14:06.719, 0, 77361 MiB, 100 %, 685.57 W, 1980 MHz, 40 %, 58
2026/10/10 17:14:06.719, 1, 77361 MiB, 100 %, 676.08 W, 1875 MHz, 40 %, 77
2026/10/10 17:14:06.719, 2, 77361 MiB, 100 %, 666.36 W, 1980 MHz, 40 %, 64
2026/10/10 17:14:06.719, 3, 77361 MiB, 100 %, 696.04 W, 1935 MHz, 40 %, 57
2026/10/10 17:14:06.720, 4, 77361 MiB, 100 %, 675.85 W, 1950 MHz, 39 %, 59
2026/10/10 17:14:06.720, 5, 77361 MiB, 100 %, 695.63 W, 1935 MHz, 40 %, 65
2026/10/10 17:14:06.720, 6, 77361 MiB, 100 %, 665.08 W, 1980 MHz, 39 %, 63
2026/10/10 17:14:06.720, 7, 77361 MiB, 100 %, 590.68 W, 1635 MHz, 40 %, 84
2026/10/10 17:14:07.720, 0, 77361 MiB, 100 %, 656.64 W, 1980 MHz, 42 %, 56
2026/10/10 17:14:07.720, 1, 77361 MiB, 100 %, 677.09 W, 1890 MHz, 44 %, 77
2026/10/10 17:14:07.720, 2, 77361 MiB, 100 %, 660.05 W, 1965 MHz, 46 %, 63
2026/10/10 17:14:07.720, 3, 77361 MiB, 100 %, 669.15 W, 1965 MHz, 42 %, 57
2026/10/10 17:14:07.720, 4, 77361 MiB, 100 %, 648.75 W, 1980 MHz, 43 %, 59
2026/10/10 17:14:07.720, 5, 77361 MiB, 100 %, 688.09 W, 1935 MHz, 44 %, 66
2026/10/10 17:14:07.720, 6, 77361 MiB, 100 %, 643.23 W, 1980 MHz, 42 %, 63
2026/10/10 17:14:07.720, 7, 77361 MiB, 100 %, 579.87 W, 1740 MHz, 46 %, 84
2026/10/10 17:14:08.720, 0, 77361 MiB, 100 %, 650.47 W, 1980 MHz, 43 %, 57
2026/10/10 17:14:08.721, 1, 77361 MiB, 100 %, 691.08 W, 1890 MHz, 40 %, 76
2026/10/10 17:14:08.721, 2, 77361 MiB, 100 %, 660.06 W, 1980 MHz, 40 %, 64
2026/10/10 17:14:08.721, 3, 77361 MiB, 100 %, 666.08 W, 1965 MHz, 43 %, 57
2026/10/10 17:14:08.721, 4, 77361 MiB, 100 %, 661.97 W, 1980 MHz, 40 %, 59
2026/10/10 17:14:08.721, 5, 77361 MiB, 100 %, 674.14 W, 1965 MHz, 40 %, 66
2026/10/10 17:14:08.721, 6, 77361 MiB, 100 %, 660.72 W, 1980 MHz, 41 %, 63
2026/10/10 17:14:08.721, 7, 77361 MiB, 100 %, 573.83 W, 1575 MHz, 40 %, 82
2026/10/10 17:14:09.721, 0, 77361 MiB, 100 %, 671.49 W, 1980 MHz, 40 %, 57
2026/10/10 17:14:09.721, 1, 77361 MiB, 100 %, 682.16 W, 1860 MHz, 40 %, 77
2026/10/10 17:14:09.721, 2, 77361 MiB, 100 %, 667.80 W, 1965 MHz, 40 %, 64
2026/10/10 17:14:09.721, 3, 77361 MiB, 100 %, 687.21 W, 1950 MHz, 40 %, 57
2026/10/10 17:14:09.721, 4, 77361 MiB, 100 %, 676.92 W, 1950 MHz, 39 %, 59
2026/10/10 17:14:09.721, 5, 77361 MiB, 100 %, 696.65 W, 1890 MHz, 39 %, 66
2026/10/10 17:14:09.721, 6, 77361 MiB, 100 %, 648.60 W, 1980 MHz, 39 %, 63
2026/10/10 17:14:09.721, 7, 77361 MiB, 100 %, 570.55 W, 1620 MHz, 39 %, 83
2026/10/10 17:14:10.721, 0, 77361 MiB, 100 %, 654.72 W, 1980 MHz, 42 %, 56
2026/10/10 17:14:10.722, 1, 77361 MiB, 100 %, 669.31 W, 1875 MHz, 42 %, 75
2026/10/10 17:14:10.722, 2, 77361 MiB, 100 %, 660.46 W, 1980 MHz, 45 %, 63
2026/10/10 17:14:10.722, 3, 77361 MiB, 100 %, 669.23 W, 1980 MHz, 42 %, 56
2026/10/10 17:14:10.722, 4, 77361 MiB, 100 %, 663.55 W, 1980 MHz, 42 %, 58
2026/10/10 17:14:10.722, 5, 77361 MiB, 100 %, 673.85 W, 1935 MHz, 42 %, 65
2026/10/10 17:14:10.722, 6, 77361 MiB, 100 %, 651.97 W, 1980 MHz, 42 %, 62
2026/10/10 17:14:10.722, 7, 77361 MiB, 100 %, 568.37 W, 1620 MHz, 44 %, 82
2026/10/10 17:14:11.722, 0, 77361 MiB, 100 %, 656.03 W, 1980 MHz, 45 %, 57
2026/10/10 17:14:11.722, 1, 77361 MiB, 100 %, 673.32 W, 1890 MHz, 43 %, 77
2026/10/10 17:14:11.722, 2, 77361 MiB, 100 %, 668.36 W, 1965 MHz, 42 %, 64
2026/10/10 17:14:11.722, 3, 77361 MiB, 100 %, 672.90 W, 1965 MHz, 43 %, 56
2026/10/10 17:14:11.722, 4, 77361 MiB, 100 %, 666.17 W, 1965 MHz, 43 %, 59
2026/10/10 17:14:11.722, 5, 77361 MiB, 100 %, 678.02 W, 1965 MHz, 42 %, 66
2026/10/10 17:14:11.722, 6, 77361 MiB, 100 %, 651.90 W, 1980 MHz, 42 %, 63
2026/10/10 17:14:11.722, 7, 77361 MiB, 100 %, 580.21 W, 1620 MHz, 43 %, 83
2026/10/10 17:14:12.723, 0, 77361 MiB, 100 %, 678.71 W, 1965 MHz, 41 %, 57
2026/10/10 17:14:12.723, 1, 77361 MiB, 100 %, 675.50 W, 1845 MHz, 42 %, 76
2026/10/10 17:14:12.723, 2, 77361 MiB, 100 %, 672.97 W, 1980 MHz, 41 %, 64
2026/10/10 17:14:12.723, 3, 77361 MiB, 100 %, 688.07 W, 1965 MHz, 41 %, 57
2026/10/10 17:14:12.723, 4, 77361 MiB, 100 %, 681.43 W, 1965 MHz, 41 %, 59
2026/10/10 17:14:12.723, 5, 77361 MiB, 100 %, 684.74 W, 1950 MHz, 42 %, 66
2026/10/10 17:14:12.723, 6, 77361 MiB, 100 %, 664.59 W, 1980 MHz, 42 %, 62
2026/10/10 17:14:12.723, 7, 77361 MiB, 100 %, 586.43 W, 1575 MHz, 41 %, 83
2026/10/10 17:14:13.723, 0, 77361 MiB, 100 %, 666.22 W, 1965 MHz, 41 %, 57
2026/10/10 17:14:13.723, 1, 77361 MiB, 100 %, 654.90 W, 1965 MHz, 41 %, 75
2026/10/10 17:14:13.723, 2, 77361 MiB, 100 %, 675.30 W, 1965 MHz, 44 %, 64
2026/10/10 17:14:13.723, 3, 77361 MiB, 100 %, 683.26 W, 1950 MHz, 40 %, 57
2026/10/10 17:14:13.723, 4, 77361 MiB, 100 %, 685.42 W, 1965 MHz, 40 %, 59
2026/10/10 17:14:13.723, 5, 77361 MiB, 100 %, 690.07 W, 1905 MHz, 43 %, 66
2026/10/10 17:14:13.723, 6, 77361 MiB, 100 %, 653.88 W, 1980 MHz, 40 %, 63
2026/10/10 17:14:13.724, 7, 77361 MiB, 100 %, 580.02 W, 1575 MHz, 45 %, 83
2026/10/10 17:14:14.724, 0, 77361 MiB, 100 %, 664.12 W, 1980 MHz, 43 %, 57
2026/10/10 17:14:14.724, 1, 77361 MiB, 100 %, 682.66 W, 1845 MHz, 43 %, 77
2026/10/10 17:14:14.724, 2, 77361 MiB, 100 %, 672.06 W, 1980 MHz, 43 %, 64
2026/10/10 17:14:14.724, 3, 77361 MiB, 100 %, 678.03 W, 1965 MHz, 43 %, 57
2026/10/10 17:14:14.724, 4, 77361 MiB, 100 %, 667.11 W, 1950 MHz, 43 %, 59
2026/10/10 17:14:14.724, 5, 77361 MiB, 100 %, 671.78 W, 1935 MHz, 43 %, 66
2026/10/10 17:14:14.724, 6, 77361 MiB, 100 %, 653.78 W, 1980 MHz, 43 %, 63
2026/10/10 17:14:14.724, 7, 77361 MiB, 100 %, 587.12 W, 1620 MHz, 42 %, 83
2026/10/10 17:14:15.724, 0, 77361 MiB, 100 %, 659.33 W, 1980 MHz, 40 %, 56
2026/10/10 17:14:15.724, 1, 77361 MiB, 100 %, 671.95 W, 1935 MHz, 41 %, 77
2026/10/10 17:14:15.725, 2, 77361 MiB, 100 %, 660.60 W, 1980 MHz, 41 %, 64
2026/10/10 17:14:15.725, 3, 77361 MiB, 100 %, 667.54 W, 1935 MHz, 40 %, 57
2026/10/10 17:14:15.725, 4, 77361 MiB, 100 %, 667.95 W, 1980 MHz, 40 %, 59
2026/10/10 17:14:15.725, 5, 77361 MiB, 100 %, 684.51 W, 1980 MHz, 40 %, 67
2026/10/10 17:14:15.725, 6, 77361 MiB, 100 %, 634.88 W, 1980 MHz, 41 %, 63
2026/10/10 17:14:15.725, 7, 77361 MiB, 100 %, 573.82 W, 1665 MHz, 42 %, 83
2026/10/10 17:14:16.725, 0, 77361 MiB, 100 %, 666.46 W, 1965 MHz, 39 %, 57
2026/10/10 17:14:16.725, 1, 77361 MiB, 100 %, 679.75 W, 1935 MHz, 43 %, 77
2026/10/10 17:14:16.725, 2, 77361 MiB, 100 %, 658.80 W, 1980 MHz, 39 %, 64
2026/10/10 17:14:16.725, 3, 77361 MiB, 100 %, 669.43 W, 1950 MHz, 42 %, 57
2026/10/10 17:14:16.725, 4, 77361 MiB, 100 %, 663.95 W, 1980 MHz, 43 %, 59
2026/10/10 17:14:16.725, 5, 77361 MiB, 100 %, 690.82 W, 1920 MHz, 42 %, 66
2026/10/10 17:14:16.725, 6, 77361 MiB, 100 %, 652.60 W, 1980 MHz, 43 %, 63
2026/10/10 17:14:16.725, 7, 77361 MiB, 100 %, 599.05 W, 1590 MHz, 39 %, 83
2026/10/10 17:14:17.725, 0, 77361 MiB, 100 %, 483.59 W, 1980 MHz, 26 %, 49
2026/10/10 17:14:17.726, 1, 77361 MiB, 100 %, 506.41 W, 1980 MHz, 26 %, 70
2026/10/10 17:14:17.726, 2, 77361 MiB, 100 %, 486.02 W, 1980 MHz, 26 %, 57
2026/10/10 17:14:17.726, 3, 77361 MiB, 100 %, 484.62 W, 1980 MHz, 26 %, 48
2026/10/10 17:14:17.726, 4, 77361 MiB, 100 %, 479.08 W, 1980 MHz, 26 %, 50
2026/10/10 17:14:17.726, 5, 77361 MiB, 100 %, 488.93 W, 1980 MHz, 26 %, 57
2026/10/10 17:14:17.726, 6, 77361 MiB, 100 %, 469.75 W, 1980 MHz, 25 %, 54
2026/10/10 17:14:17.726, 7, 77361 MiB, 100 %, 494.16 W, 1980 MHz, 26 %, 79
2026/10/10 17:14:18.726, 0, 77361 MiB, 100 %, 394.14 W, 1980 MHz, 26 %, 48
2026/10/10 17:14:18.726, 1, 77361 MiB, 100 %, 417.82 W, 1980 MHz, 27 %, 69
2026/10/10 17:14:18.726, 2, 77361 MiB, 100 %, 401.53 W, 1980 MHz, 26 %, 55
2026/10/10 17:14:18.726, 3, 77361 MiB, 100 %, 395.73 W, 1980 MHz, 26 %, 47
2026/10/10 17:14:18.726, 4, 77361 MiB, 100 %, 390.05 W, 1980 MHz, 26 %, 48
2026/10/10 17:14:18.726, 5, 77361 MiB, 100 %, 405.45 W, 1980 MHz, 26 %, 56
2026/10/10 17:14:18.726, 6, 77361 MiB, 100 %, 386.70 W, 1980 MHz, 26 %, 52
2026/10/10 17:14:18.726, 7, 77361 MiB, 100 %, 430.77 W, 1980 MHz, 26 %, 78
2026/10/10 17:14:19.727, 0, 77361 MiB, 100 %, 392.49 W, 1980 MHz, 27 %, 47
2026/10/10 17:14:19.727, 1, 77361 MiB, 100 %, 415.40 W, 1980 MHz, 26 %, 68
2026/10/10 17:14:19.727, 2, 77361 MiB, 100 %, 401.41 W, 1980 MHz, 27 %, 54
2026/10/10 17:14:19.727, 3, 77361 MiB, 100 %, 397.27 W, 1980 MHz, 26 %, 46
2026/10/10 17:14:19.727, 4, 77361 MiB, 100 %, 388.32 W, 1980 MHz, 27 %, 47
2026/10/10 17:14:19.727, 5, 77361 MiB, 100 %, 404.41 W, 1980 MHz, 27 %, 55
2026/10/10 17:14:19.727, 6, 77361 MiB, 100 %, 390.00 W, 1980 MHz, 26 %, 52
2026/10/10 17:14:19.727, 7, 77361 MiB, 100 %, 428.69 W, 1980 MHz, 26 %, 78
2026/10/10 17:14:20.727, 0, 77361 MiB, 100 %, 394.28 W, 1980 MHz, 26 %, 47
2026/10/10 17:14:20.727, 1, 77361 MiB, 100 %, 414.40 W, 1980 MHz, 26 %, 68
2026/10/10 17:14:20.727, 2, 77361 MiB, 100 %, 400.15 W, 1980 MHz, 26 %, 54
2026/10/10 17:14:20.727, 3, 77361 MiB, 100 %, 397.57 W, 1980 MHz, 27 %, 45
2026/10/10 17:14:20.727, 4, 77361 MiB, 100 %, 388.70 W, 1980 MHz, 26 %, 47
2026/10/10 17:14:20.727, 5, 77361 MiB, 100 %, 408.08 W, 1980 MHz, 27 %, 55
2026/10/10 17:14:20.728, 6, 77361 MiB, 100 %, 388.24 W, 1980 MHz, 26 %, 51
2026/10/10 17:14:20.728, 7, 77361 MiB, 100 %, 432.64 W, 1980 MHz, 27 %, 78
2026/10/10 17:14:21.728, 0, 77361 MiB, 100 %, 393.66 W, 1980 MHz, 27 %, 46
2026/10/10 17:14:21.728, 1, 77361 MiB, 100 %, 417.18 W, 1980 MHz, 26 %, 67
2026/10/10 17:14:21.728, 2, 77361 MiB, 100 %, 395.02 W, 1980 MHz, 27 %, 53
2026/10/10 17:14:21.728, 3, 77361 MiB, 100 %, 398.07 W, 1980 MHz, 27 %, 45
2026/10/10 17:14:21.728, 4, 77361 MiB, 100 %, 387.75 W, 1980 MHz, 27 %, 46
2026/10/10 17:14:21.728, 5, 77361 MiB, 100 %, 411.25 W, 1980 MHz, 27 %, 54
2026/10/10 17:14:21.728, 6, 77361 MiB, 100 %, 389.44 W, 1980 MHz, 26 %, 51
2026/10/10 17:14:21.728, 7, 77361 MiB, 100 %, 433.82 W, 1980 MHz, 27 %, 78
2026/10/10 17:14:22.728, 0, 77361 MiB, 100 %, 394.46 W, 1980 MHz, 27 %, 46
2026/10/10 17:14:22.729, 1, 77361 MiB, 100 %, 414.72 W, 1980 MHz, 26 %, 67
2026/10/10 17:14:22.729, 2, 77361 MiB, 100 %, 397.42 W, 1980 MHz, 26 %, 53
2026/10/10 17:14:22.729, 3, 77361 MiB, 100 %, 397.30 W, 1980 MHz, 27 %, 45
2026/10/10 17:14:22.729, 4, 77361 MiB, 100 %, 387.91 W, 1980 MHz, 27 %, 46
2026/10/10 17:14:22.729, 5, 77361 MiB, 100 %, 409.19 W, 1980 MHz, 27 %, 54
2026/10/10 17:14:22.729, 6, 77361 MiB, 100 %, 388.01 W, 1980 MHz, 26 %, 50
2026/10/10 17:14:22.729, 7, 77361 MiB, 100 %, 434.74 W, 1980 MHz, 27 %, 78
2026/10/10 17:14:23.729, 0, 77361 MiB, 100 %, 395.38 W, 1980 MHz, 27 %, 46
2026/10/10 17:14:23.729, 1, 77361 MiB, 100 %, 415.71 W, 1980 MHz, 26 %, 67
2026/10/10 17:14:23.729, 2, 77361 MiB, 100 %, 394.30 W, 1980 MHz, 27 %, 53
2026/10/10 17:14:23.729, 3, 77361 MiB, 100 %, 398.84 W, 1980 MHz, 27 %, 45
2026/10/10 17:14:23.729, 4, 77361 MiB, 100 %, 388.46 W, 1980 MHz, 27 %, 46
2026/10/10 17:14:23.729, 5, 77361 MiB, 100 %, 409.09 W, 1980 MHz, 27 %, 54
2026/10/10 17:14:23.729, 6, 77361 MiB, 100 %, 389.67 W, 1980 MHz, 26 %, 50
2026/10/10 17:14:23.730, 7, 77361 MiB, 100 %, 432.58 W, 1980 MHz, 27 %, 78
2026/10/10 17:14:24.730, 0, 77361 MiB, 100 %, 394.07 W, 1980 MHz, 27 %, 46
2026/10/10 17:14:24.730, 1, 77361 MiB, 100 %, 415.66 W, 1980 MHz, 26 %, 67
2026/10/10 17:14:24.730, 2, 77361 MiB, 100 %, 390.61 W, 1980 MHz, 26 %, 52
2026/10/10 17:14:24.730, 3, 77361 MiB, 100 %, 394.76 W, 1980 MHz, 27 %, 44
2026/10/10 17:14:24.730, 4, 77361 MiB, 100 %, 388.29 W, 1980 MHz, 26 %, 45
2026/10/10 17:14:24.730, 5, 77361 MiB, 100 %, 407.79 W, 1980 MHz, 26 %, 53
2026/10/10 17:14:24.730, 6, 77361 MiB, 100 %, 387.60 W, 1980 MHz, 27 %, 50
2026/10/10 17:14:24.730, 7, 77361 MiB, 100 %, 430.98 W, 1980 MHz, 27 %, 78
2026/10/10 17:14:25.730, 0, 77361 MiB, 100 %, 394.89 W, 1980 MHz, 26 %, 45
2026/10/10 17:14:25.730, 1, 77361 MiB, 100 %, 412.09 W, 1980 MHz, 26 %, 67
2026/10/10 17:14:25.730, 2, 77361 MiB, 100 %, 396.62 W, 1980 MHz, 26 %, 52
2026/10/10 17:14:25.730, 3, 77361 MiB, 100 %, 395.49 W, 1980 MHz, 27 %, 44
2026/10/10 17:14:25.731, 4, 77361 MiB, 100 %, 385.63 W, 1980 MHz, 26 %, 45
2026/10/10 17:14:25.731, 5, 77361 MiB, 100 %, 408.40 W, 1980 MHz, 27 %, 53
2026/10/10 17:14:25.731, 6, 77361 MiB, 100 %, 388.20 W, 1980 MHz, 26 %, 50
2026/10/10 17:14:25.731, 7, 77361 MiB, 100 %, 429.78 W, 1980 MHz, 27 %, 77
2026/10/10 17:14:26.731, 0, 77361 MiB, 100 %, 392.41 W, 1980 MHz, 26 %, 45
2026/10/10 17:14:26.731, 1, 77361 MiB, 100 %, 416.10 W, 1980 MHz, 26 %, 66
2026/10/10 17:14:26.731, 2, 77361 MiB, 100 %, 395.55 W, 1980 MHz, 27 %, 52
2026/10/10 17:14:26.731, 3, 77361 MiB, 100 %, 395.30 W, 1980 MHz, 27 %, 44
2026/10/10 17:14:26.731, 4, 77361 MiB, 100 %, 387.02 W, 1980 MHz, 26 %, 45
2026/10/10 17:14:26.731, 5, 77361 MiB, 100 %, 409.65 W, 1980 MHz, 27 %, 53
2026/10/10 17:14:26.731, 6, 77361 MiB, 100 %, 384.73 W, 1980 MHz, 26 %, 49
2026/10/10 17:14:26.731, 7, 77361 MiB, 100 %, 431.67 W, 1980 MHz, 27 %, 77
2026/10/10 17:14:27.731, 0, 77361 MiB, 100 %, 390.73 W, 1980 MHz, 27 %, 45
2026/10/10 17:14:27.732, 1, 77361 MiB, 100 %, 412.83 W, 1980 MHz, 26 %, 66
2026/10/10 17:14:27.732, 2, 77361 MiB, 100 %, 396.57 W, 1980 MHz, 26 %, 52
2026/10/10 17:14:27.732, 3, 77361 MiB, 100 %, 396.21 W, 1980 MHz, 26 %, 44
2026/10/10 17:14:27.732, 4, 77361 MiB, 100 %, 382.84 W, 1980 MHz, 26 %, 45
2026/10/10 17:14:27.732, 5, 77361 MiB, 100 %, 406.43 W, 1980 MHz, 27 %, 53
2026/10/10 17:14:27.732, 6, 77361 MiB, 100 %, 385.52 W, 1980 MHz, 26 %, 49
2026/10/10 17:14:27.732, 7, 77361 MiB, 100 %, 427.12 W, 1980 MHz, 27 %, 77
2026/10/10 17:14:28.732, 0, 77361 MiB, 100 %, 394.10 W, 1980 MHz, 26 %, 45
2026/10/10 17:14:28.732, 1, 77361 MiB, 100 %, 416.41 W, 1980 MHz, 27 %, 66
2026/10/10 17:14:28.732, 2, 77361 MiB, 100 %, 396.14 W, 1980 MHz, 26 %, 52
2026/10/10 17:14:28.732, 3, 77361 MiB, 100 %, 394.17 W, 1980 MHz, 27 %, 44
2026/10/10 17:14:28.732, 4, 77361 MiB, 100 %, 386.32 W, 1980 MHz, 26 %, 45
2026/10/10 17:14:28.732, 5, 77361 MiB, 100 %, 409.40 W, 1980 MHz, 27 %, 53
2026/10/10 17:14:28.732, 6, 77361 MiB, 100 %, 384.64 W, 1980 MHz, 26 %, 49
2026/10/10 17:14:28.732, 7, 77361 MiB, 100 %, 427.92 W, 1980 MHz, 26 %, 77
2026/10/10 17:14:29.733, 0, 77361 MiB, 100 %, 391.17 W, 1980 MHz, 26 %, 45
2026/10/10 17:14:29.733, 1, 77361 MiB, 100 %, 412.36 W, 1980 MHz, 26 %, 66
2026/10/10 17:14:29.733, 2, 77361 MiB, 100 %, 395.88 W, 1980 MHz, 27 %, 51
2026/10/10 17:14:29.733, 3, 77361 MiB, 100 %, 395.65 W, 1980 MHz, 26 %, 43
2026/10/10 17:14:29.733, 4, 77361 MiB, 100 %, 385.56 W, 1980 MHz, 26 %, 44
2026/10/10 17:14:29.733, 5, 77361 MiB, 100 %, 407.35 W, 1980 MHz, 27 %, 52
2026/10/10 17:14:29.733, 6, 77361 MiB, 100 %, 385.66 W, 1980 MHz, 26 %, 49
2026/10/10 17:14:29.733, 7, 77361 MiB, 100 %, 427.54 W, 1980 MHz, 27 %, 77
2026/10/10 17:14:30.733, 0, 77361 MiB, 100 %, 391.98 W, 1980 MHz, 27 %, 45
2026/10/10 17:14:30.733, 1, 77361 MiB, 100 %, 410.40 W, 1980 MHz, 26 %, 66
2026/10/10 17:14:30.733, 2, 77361 MiB, 100 %, 394.03 W, 1980 MHz, 26 %, 51
2026/10/10 17:14:30.733, 3, 77361 MiB, 100 %, 393.06 W, 1980 MHz, 27 %, 43
2026/10/10 17:14:30.733, 4, 77361 MiB, 100 %, 383.96 W, 1980 MHz, 26 %, 44
2026/10/10 17:14:30.733, 5, 77361 MiB, 100 %, 407.40 W, 1980 MHz, 27 %, 52
2026/10/10 17:14:30.734, 6, 77361 MiB, 100 %, 384.70 W, 1980 MHz, 26 %, 49
2026/10/10 17:14:30.734, 7, 77361 MiB, 100 %, 427.17 W, 1980 MHz, 27 %, 77
2026/10/10 17:14:31.734, 0, 77361 MiB, 100 %, 392.03 W, 1980 MHz, 26 %, 44
2026/10/10 17:14:31.734, 1, 77361 MiB, 100 %, 413.03 W, 1980 MHz, 26 %, 66
2026/10/10 17:14:31.734, 2, 77361 MiB, 100 %, 391.89 W, 1980 MHz, 27 %, 51
2026/10/10 17:14:31.734, 3, 77361 MiB, 100 %, 389.99 W, 1980 MHz, 27 %, 43
2026/10/10 17:14:31.734, 4, 77361 MiB, 100 %, 385.72 W, 1980 MHz, 26 %, 44
2026/10/10 17:14:31.734, 5, 77361 MiB, 100 %, 406.84 W, 1980 MHz, 27 %, 52
2026/10/10 17:14:31.734, 6, 77361 MiB, 100 %, 384.74 W, 1980 MHz, 26 %, 48
2026/10/10 17:14:31.734, 7, 77361 MiB, 100 %, 426.72 W, 1980 MHz, 27 %, 77
2026/10/10 17:14:32.734, 0, 77361 MiB, 100 %, 391.08 W, 1980 MHz, 27 %, 44
2026/10/10 17:14:32.734, 1, 77361 MiB, 100 %, 413.84 W, 1980 MHz, 26 %, 66
2026/10/10 17:14:32.734, 2, 77361 MiB, 100 %, 398.64 W, 1980 MHz, 26 %, 51
2026/10/10 17:14:32.734, 3, 77361 MiB, 100 %, 390.98 W, 1980 MHz, 26 %, 43
2026/10/10 17:14:32.735, 4, 77361 MiB, 100 %, 385.43 W, 1980 MHz, 26 %, 44
2026/10/10 17:14:32.735, 5, 77361 MiB, 100 %, 399.93 W, 1980 MHz, 27 %, 52
2026/10/10 17:14:32.735, 6, 77361 MiB, 100 %, 384.24 W, 1980 MHz, 26 %, 48
2026/10/10 17:14:32.735, 7, 77361 MiB, 100 %, 428.24 W, 1980 MHz, 27 %, 77
2026/10/10 17:14:33.735, 0, 77361 MiB, 100 %, 385.95 W, 1980 MHz, 26 %, 44
2026/10/10 17:14:33.735, 1, 77361 MiB, 100 %, 413.23 W, 1980 MHz, 26 %, 66
2026/10/10 17:14:33.735, 2, 77361 MiB, 100 %, 398.39 W, 1980 MHz, 26 %, 51
2026/10/10 17:14:33.735, 3, 77361 MiB, 100 %, 391.27 W, 1980 MHz, 27 %, 43
2026/10/10 17:14:33.735, 4, 77361 MiB, 100 %, 385.25 W, 1980 MHz, 26 %, 44
2026/10/10 17:14:33.735, 5, 77361 MiB, 100 %, 403.47 W, 1980 MHz, 27 %, 51
2026/10/10 17:14:33.735, 6, 77361 MiB, 100 %, 385.89 W, 1980 MHz, 26 %, 48
2026/10/10 17:14:33.735, 7, 77361 MiB, 100 %, 429.14 W, 1980 MHz, 27 %, 77
2026/10/10 17:14:34.735, 0, 77361 MiB, 100 %, 389.73 W, 1980 MHz, 26 %, 44
2026/10/10 17:14:34.735, 1, 77361 MiB, 100 %, 412.21 W, 1980 MHz, 26 %, 66
2026/10/10 17:14:34.736, 2, 77361 MiB, 100 %, 398.55 W, 1980 MHz, 26 %, 51
2026/10/10 17:14:34.736, 3, 77361 MiB, 100 %, 391.29 W, 1980 MHz, 27 %, 43
2026/10/10 17:14:34.736, 4, 77361 MiB, 100 %, 384.09 W, 1980 MHz, 26 %, 44
2026/10/10 17:14:34.736, 5, 77361 MiB, 100 %, 403.26 W, 1980 MHz, 27 %, 51
2026/10/10 17:14:34.736, 6, 77361 MiB, 100 %, 385.42 W, 1980 MHz, 26 %, 48
2026/10/10 17:14:34.736, 7, 77361 MiB, 100 %, 430.76 W, 1980 MHz, 26 %, 77
2026/10/10 17:14:35.736, 0, 77361 MiB, 100 %, 389.11 W, 1980 MHz, 26 %, 44
2026/10/10 17:14:35.736, 1, 77361 MiB, 100 %, 410.30 W, 1980 MHz, 26 %, 66
2026/10/10 17:14:35.736, 2, 77361 MiB, 100 %, 395.66 W, 1980 MHz, 26 %, 50
2026/10/10 17:14:35.736, 3, 77361 MiB, 100 %, 391.50 W, 1980 MHz, 27 %, 42
2026/10/10 17:14:35.736, 4, 77361 MiB, 100 %, 383.07 W, 1980 MHz, 27 %, 44
2026/10/10 17:14:35.736, 5, 77361 MiB, 100 %, 401.43 W, 1980 MHz, 27 %, 51
2026/10/10 17:14:35.736, 6, 77361 MiB, 100 %, 383.82 W, 1980 MHz, 26 %, 48
2026/10/10 17:14:35.736, 7, 77361 MiB, 100 %, 426.27 W, 1980 MHz, 27 %, 77
2026/10/10 17:14:36.737, 0, 77361 MiB, 100 %, 388.01 W, 1980 MHz, 26 %, 44
2026/10/10 17:14:36.737, 1, 77361 MiB, 100 %, 408.65 W, 1980 MHz, 26 %, 65
2026/10/10 17:14:36.737, 2, 77361 MiB, 100 %, 396.23 W, 1980 MHz, 26 %, 50
2026/10/10 17:14:36.737, 3, 77361 MiB, 100 %, 391.51 W, 1980 MHz, 26 %, 42
2026/10/10 17:14:36.737, 4, 77361 MiB, 100 %, 383.02 W, 1980 MHz, 26 %, 44
2026/10/10 17:14:36.737, 5, 77361 MiB, 100 %, 397.74 W, 1980 MHz, 27 %, 51
2026/10/10 17:14:36.737, 6, 77361 MiB, 100 %, 383.89 W, 1980 MHz, 26 %, 48
2026/10/10 17:14:36.737, 7, 77361 MiB, 100 %, 428.75 W, 1980 MHz, 27 %, 77
2026/10/10 17:14:37.737, 0, 77361 MiB, 100 %, 387.85 W, 1980 MHz, 26 %, 44
2026/10/10 17:14:37.737, 1, 77361 MiB, 100 %, 406.30 W, 1980 MHz, 26 %, 65
2026/10/10 17:14:37.737, 2, 77361 MiB, 100 %, 396.49 W, 1980 MHz, 26 %, 50
2026/10/10 17:14:37.737, 3, 77361 MiB, 100 %, 390.38 W, 1980 MHz, 26 %, 42
2026/10/10 17:14:37.737, 4, 77361 MiB, 100 %, 381.08 W, 1980 MHz, 26 %, 43
2026/10/10 17:14:37.737, 5, 77361 MiB, 100 %, 397.01 W, 1980 MHz, 27 %, 51
2026/10/10 17:14:37.737, 6, 77361 MiB, 100 %, 383.66 W, 1980 MHz, 26 %, 48
2026/10/10 17:14:37.737, 7, 77361 MiB, 100 %, 427.39 W, 1980 MHz, 26 %, 77
2026/10/10 17:14:38.738, 0, 77361 MiB, 100 %, 386.58 W, 1980 MHz, 26 %, 44
2026/10/10 17:14:38.738, 1, 77361 MiB, 100 %, 406.66 W, 1980 MHz, 26 %, 65
2026/10/10 17:14:38.738, 2, 77361 MiB, 100 %, 399.08 W, 1980 MHz, 26 %, 50
2026/10/10 17:14:38.738, 3, 77361 MiB, 100 %, 392.06 W, 1980 MHz, 26 %, 42
2026/10/10 17:14:38.738, 4, 77361 MiB, 100 %, 385.17 W, 1980 MHz, 26 %, 43
2026/10/10 17:14:38.738, 5, 77361 MiB, 100 %, 397.58 W, 1980 MHz, 27 %, 50
2026/10/10 17:14:38.738, 6, 77361 MiB, 100 %, 383.83 W, 1980 MHz, 26 %, 47
2026/10/10 17:14:38.738, 7, 77361 MiB, 100 %, 427.79 W, 1980 MHz, 27 %, 77
2026/10/10 17:14:39.738, 0, 77361 MiB, 100 %, 386.11 W, 1980 MHz, 26 %, 44
2026/10/10 17:14:39.738, 1, 77361 MiB, 100 %, 406.21 W, 1980 MHz, 26 %, 65
2026/10/10 17:14:39.738, 2, 77361 MiB, 100 %, 394.84 W, 1980 MHz, 26 %, 50
2026/10/10 17:14:39.738, 3, 77361 MiB, 100 %, 389.65 W, 1980 MHz, 26 %, 42
2026/10/10 17:14:39.738, 4, 77361 MiB, 100 %, 379.29 W, 1980 MHz, 26 %, 43
2026/10/10 17:14:39.739, 5, 77361 MiB, 100 %, 398.05 W, 1980 MHz, 27 %, 50
2026/10/10 17:14:39.739, 6, 77361 MiB, 100 %, 384.01 W, 1980 MHz, 26 %, 47
2026/10/10 17:14:39.739, 7, 77361 MiB, 100 %, 427.59 W, 1980 MHz, 26 %, 77
2026/10/10 17:14:40.739, 0, 77361 MiB, 100 %, 388.17 W, 1980 MHz, 26 %, 44
2026/10/10 17:14:40.739, 1, 77361 MiB, 100 %, 409.16 W, 1980 MHz, 26 %, 65
2026/10/10 17:14:40.739, 2, 77361 MiB, 100 %, 396.24 W, 1980 MHz, 26 %, 50
2026/10/10 17:14:40.739, 3, 77361 MiB, 100 %, 391.35 W, 1980 MHz, 26 %, 42
2026/10/10 17:14:40.739, 4, 77361 MiB, 100 %, 382.61 W, 1980 MHz, 26 %, 43
2026/10/10 17:14:40.739, 5, 77361 MiB, 100 %, 399.96 W, 1980 MHz, 26 %, 50
2026/10/10 17:14:40.739, 6, 77361 MiB, 100 %, 383.39 W, 1980 MHz, 26 %, 47
2026/10/10 17:14:40.739, 7, 77361 MiB, 100 %, 424.41 W, 1980 MHz, 26 %, 77
2026/10/10 17:14:41.739, 0, 77361 MiB, 100 %, 385.03 W, 1980 MHz, 26 %, 43
2026/10/10 17:14:41.740, 1, 77361 MiB, 100 %, 404.79 W, 1980 MHz, 26 %, 65
2026/10/10 17:14:41.740, 2, 77361 MiB, 100 %, 394.05 W, 1980 MHz, 26 %, 50
2026/10/10 17:14:41.740, 3, 77361 MiB, 100 %, 389.03 W, 1980 MHz, 26 %, 42
2026/10/10 17:14:41.740, 4, 77361 MiB, 100 %, 382.17 W, 1980 MHz, 26 %, 43
2026/10/10 17:14:41.740, 5, 77361 MiB, 100 %, 398.23 W, 1980 MHz, 27 %, 50
2026/10/10 17:14:41.740, 6, 77361 MiB, 100 %, 386.41 W, 1980 MHz, 26 %, 47
2026/10/10 17:14:41.740, 7, 77361 MiB, 100 %, 425.25 W, 1980 MHz, 26 %, 77
2026/10/10 17:14:42.740, 0, 77361 MiB, 100 %, 386.84 W, 1980 MHz, 26 %, 43
2026/10/10 17:14:42.740, 1, 77361 MiB, 100 %, 405.93 W, 1980 MHz, 26 %, 65
2026/10/10 17:14:42.740, 2, 77361 MiB, 100 %, 393.46 W, 1980 MHz, 26 %, 49
2026/10/10 17:14:42.740, 3, 77361 MiB, 100 %, 387.03 W, 1980 MHz, 26 %, 42
2026/10/10 17:14:42.740, 4, 77361 MiB, 100 %, 381.87 W, 1980 MHz, 26 %, 43
2026/10/10 17:14:42.740, 5, 77361 MiB, 100 %, 394.61 W, 1980 MHz, 27 %, 50
2026/10/10 17:14:42.740, 6, 77361 MiB, 100 %, 383.97 W, 1980 MHz, 26 %, 47
2026/10/10 17:14:42.740, 7, 77361 MiB, 100 %, 426.34 W, 1980 MHz, 26 %, 77
2026/10/10 17:14:43.741, 0, 77361 MiB, 100 %, 384.83 W, 1980 MHz, 26 %, 43
2026/10/10 17:14:43.741, 1, 77361 MiB, 100 %, 404.54 W, 1980 MHz, 26 %, 65
2026/10/10 17:14:43.741, 2, 77361 MiB, 100 %, 394.29 W, 1980 MHz, 26 %, 49
2026/10/10 17:14:43.741, 3, 77361 MiB, 100 %, 388.80 W, 1980 MHz, 26 %, 42
2026/10/10 17:14:43.741, 4, 77361 MiB, 100 %, 382.87 W, 1980 MHz, 26 %, 43
2026/10/10 17:14:43.741, 5, 77361 MiB, 100 %, 399.15 W, 1980 MHz, 27 %, 50
2026/10/10 17:14:43.741, 6, 77361 MiB, 100 %, 382.47 W, 1980 MHz, 26 %, 47
2026/10/10 17:14:43.741, 7, 77361 MiB, 100 %, 427.66 W, 1980 MHz, 27 %, 77
2026/10/10 17:14:44.741, 0, 77361 MiB, 100 %, 387.00 W, 1980 MHz, 26 %, 43
2026/10/10 17:14:44.741, 1, 77361 MiB, 100 %, 406.54 W, 1980 MHz, 26 %, 65
2026/10/10 17:14:44.741, 2, 77361 MiB, 100 %, 394.89 W, 1980 MHz, 26 %, 49
2026/10/10 17:14:44.741, 3, 77361 MiB, 100 %, 390.94 W, 1980 MHz, 26 %, 42
2026/10/10 17:14:44.741, 4, 77361 MiB, 100 %, 376.21 W, 1980 MHz, 26 %, 43
2026/10/10 17:14:44.741, 5, 77361 MiB, 100 %, 396.45 W, 1980 MHz, 27 %, 50
2026/10/10 17:14:44.741, 6, 77361 MiB, 100 %, 382.95 W, 1980 MHz, 26 %, 47
2026/10/10 17:14:44.742, 7, 77361 MiB, 100 %, 427.08 W, 1980 MHz, 27 %, 77
2026/10/10 17:14:45.742, 0, 77361 MiB, 100 %, 386.57 W, 1980 MHz, 26 %, 43
2026/10/10 17:14:45.742, 1, 77361 MiB, 100 %, 404.50 W, 1980 MHz, 25 %, 65
2026/10/10 17:14:45.742, 2, 77361 MiB, 100 %, 392.60 W, 1980 MHz, 26 %, 49
2026/10/10 17:14:45.742, 3, 77361 MiB, 100 %, 389.68 W, 1980 MHz, 26 %, 42
2026/10/10 17:14:45.742, 4, 77361 MiB, 100 %, 386.86 W, 1980 MHz, 26 %, 43
2026/10/10 17:14:45.742, 5, 77361 MiB, 100 %, 394.08 W, 1980 MHz, 26 %, 49
2026/10/10 17:14:45.742, 6, 77361 MiB, 100 %, 380.10 W, 1980 MHz, 26 %, 47
2026/10/10 17:14:45.742, 7, 77361 MiB, 100 %, 426.80 W, 1980 MHz, 26 %, 77
2026/10/10 17:14:46.742, 0, 77361 MiB, 100 %, 326.78 W, 1980 MHz, 17 %, 40
2026/10/10 17:14:46.742, 1, 77361 MiB, 100 %, 335.22 W, 1980 MHz, 17 %, 62
2026/10/10 17:14:46.742, 2, 77361 MiB, 100 %, 315.56 W, 1980 MHz, 19 %, 46
2026/10/10 17:14:46.742, 3, 77361 MiB, 100 %, 319.70 W, 1980 MHz, 19 %, 38
2026/10/10 17:14:46.743, 4, 77361 MiB, 100 %, 308.08 W, 1980 MHz, 18 %, 38
2026/10/10 17:14:46.743, 5, 77361 MiB, 100 %, 318.41 W, 1980 MHz, 17 %, 44
2026/10/10 17:14:46.743, 6, 77361 MiB, 100 %, 305.47 W, 1980 MHz, 18 %, 42
2026/10/10 17:14:46.743, 7, 77361 MiB, 96 %, 368.55 W, 1980 MHz, 16 %, 73
