timestamp, index, memory.used [MiB], utilization.gpu [%], power.draw [W], clocks.current.sm [MHz], utilization.memory [%], temperature.gpu
2026/10/10 16:55:44.720, 0, 76805 MiB, 0 %, 236.09 W, 1980 MHz, 0 %, 35
2026/10/10 16:55:44.735, 1, 76805 MiB, 0 %, 248.88 W, 1980 MHz, 0 %, 58
2026/10/10 16:55:44.744, 2, 76805 MiB, 0 %, 232.88 W, 1980 MHz, 0 %, 40
2026/10/10 16:55:44.753, 3, 76805 MiB, 0 %, 226.85 W, 1980 MHz, 0 %, 34
2026/10/10 16:55:44.761, 4, 76805 MiB, 0 %, 221.09 W, 1980 MHz, 0 %, 35
2026/10/10 16:55:44.769, 5, 76805 MiB, 0 %, 229.94 W, 1980 MHz, 0 %, 39
2026/10/10 16:55:44.778, 6, 76805 MiB, 0 %, 215.87 W, 1980 MHz, 0 %, 37
2026/10/10 16:55:44.787, 7, 76805 MiB, 0 %, 251.27 W, 1980 MHz, 0 %, 69
2026/10/10 16:55:45.795, 0, 76805 MiB, 0 %, 124.00 W, 1980 MHz, 0 %, 33
2026/10/10 16:55:45.795, 1, 76805 MiB, 0 %, 137.84 W, 1980 MHz, 0 %, 57
2026/10/10 16:55:45.795, 2, 76805 MiB, 0 %, 123.83 W, 1980 MHz, 0 %, 38
2026/10/10 16:55:45.795, 3, 76805 MiB, 0 %, 119.96 W, 1980 MHz, 0 %, 32
2026/10/10 16:55:45.796, 4, 76805 MiB, 0 %, 117.67 W, 1980 MHz, 0 %, 33
2026/10/10 16:55:45.796, 5, 76805 MiB, 0 %, 122.18 W, 1980 MHz, 0 %, 37
2026/10/10 16:55:45.796, 6, 76805 MiB, 0 %, 116.37 W, 1980 MHz, 0 %, 35
2026/10/10 16:55:45.796, 7, 76805 MiB, 0 %, 145.29 W, 1980 MHz, 0 %, 68
2026/10/10 16:55:46.796, 0, 76805 MiB, 0 %, 123.38 W, 1980 MHz, 0 %, 32
2026/10/10 16:55:46.796, 1, 76805 MiB, 0 %, 137.24 W, 1980 MHz, 0 %, 56
2026/10/10 16:55:46.796, 2, 76805 MiB, 0 %, 123.45 W, 1980 MHz, 0 %, 37
2026/10/10 16:55:46.796, 3, 76805 MiB, 0 %, 119.03 W, 1980 MHz, 0 %, 31
2026/10/10 16:55:46.796, 4, 76805 MiB, 0 %, 117.01 W, 1980 MHz, 0 %, 32
2026/10/10 16:55:46.796, 5, 76805 MiB, 0 %, 121.42 W, 1980 MHz, 0 %, 36
2026/10/10 16:55:46.796, 6, 76805 MiB, 0 %, 115.70 W, 1980 MHz, 0 %, 34
2026/10/10 16:55:46.796, 7, 76805 MiB, 0 %, 144.06 W, 1980 MHz, 0 %, 67
2026/10/10 16:55:47.797, 0, 76805 MiB, 0 %, 122.99 W, 1980 MHz, 0 %, 32
2026/10/10 16:55:47.797, 1, 76805 MiB, 0 %, 136.92 W, 1980 MHz, 0 %, 56
2026/10/10 16:55:47.797, 2, 76805 MiB, 0 %, 123.11 W, 1980 MHz, 0 %, 37
2026/10/10 16:55:47.797, 3, 76805 MiB, 0 %, 118.57 W, 1980 MHz, 0 %, 31
2026/10/10 16:55:47.797, 4, 76805 MiB, 0 %, 116.66 W, 1980 MHz, 0 %, 31
2026/10/10 16:55:47.797, 5, 76805 MiB, 0 %, 121.00 W, 1980 MHz, 0 %, 35
2026/10/10 16:55:47.797, 6, 76805 MiB, 0 %, 115.32 W, 1980 MHz, 0 %, 33
2026/10/10 16:55:47.797, 7, 76805 MiB, 0 %, 143.28 W, 1980 MHz, 0 %, 67
2026/10/10 16:55:48.797, 0, 76805 MiB, 0 %, 122.71 W, 1980 MHz, 0 %, 31
2026/10/10 16:55:48.797, 1, 76805 MiB, 0 %, 136.72 W, 1980 MHz, 0 %, 56
2026/10/10 16:55:48.797, 2, 76805 MiB, 0 %, 122.91 W, 1980 MHz, 0 %, 37
2026/10/10 16:55:48.797, 3, 76805 MiB, 0 %, 118.28 W, 1980 MHz, 0 %, 30
2026/10/10 16:55:48.798, 4, 76805 MiB, 0 %, 116.20 W, 1980 MHz, 0 %, 31
2026/10/10 16:55:48.798, 5, 76805 MiB, 0 %, 120.76 W, 1980 MHz, 0 %, 35
2026/10/10 16:55:48.798, 6, 76805 MiB, 0 %, 115.03 W, 1980 MHz, 0 %, 32
2026/10/10 16:55:48.798, 7, 76805 MiB, 0 %, 142.49 W, 1980 MHz, 0 %, 67
2026/10/10 16:55:49.798, 0, 76805 MiB, 0 %, 122.44 W, 1980 MHz, 0 %, 31
2026/10/10 16:55:49.798, 1, 76805 MiB, 0 %, 136.54 W, 1980 MHz, 0 %, 56
2026/10/10 16:55:49.798, 2, 76805 MiB, 0 %, 122.78 W, 1980 MHz, 0 %, 36
2026/10/10 16:55:49.798, 3, 76805 MiB, 0 %, 118.06 W, 1980 MHz, 0 %, 30
2026/10/10 16:55:49.798, 4, 76805 MiB, 0 %, 115.63 W, 1980 MHz, 0 %, 30
2026/10/10 16:55:49.798, 5, 76805 MiB, 0 %, 120.52 W, 1980 MHz, 0 %, 35
2026/10/10 16:55:49.798, 6, 76805 MiB, 0 %, 114.87 W, 1980 MHz, 0 %, 32
2026/10/10 16:55:49.798, 7, 76805 MiB, 0 %, 142.10 W, 1980 MHz, 0 %, 67
2026/10/10 16:55:50.799, 0, 76805 MiB, 0 %, 122.18 W, 1980 MHz, 0 %, 30
2026/10/10 16:55:50.799, 1, 76805 MiB, 0 %, 136.44 W, 1980 MHz, 0 %, 55
2026/10/10 16:55:50.799, 2, 76805 MiB, 0 %, 122.69 W, 1980 MHz, 0 %, 36
2026/10/10 16:55:50.799, 3, 76805 MiB, 0 %, 117.92 W, 1980 MHz, 0 %, 29
2026/10/10 16:55:50.799, 4, 76805 MiB, 0 %, 115.48 W, 1980 MHz, 0 %, 30
2026/10/10 16:55:50.799, 5, 76805 MiB, 0 %, 120.30 W, 1980 MHz, 0 %, 34
2026/10/10 16:55:50.799, 6, 76805 MiB, 0 %, 114.82 W, 1980 MHz, 0 %, 32
2026/10/10 16:55:50.799, 7, 76805 MiB, 0 %, 141.90 W, 1980 MHz, 0 %, 66
2026/10/10 16:55:51.799, 0, 76805 MiB, 0 %, 122.04 W, 1980 MHz, 0 %, 30
2026/10/10 16:55:51.799, 1, 76805 MiB, 0 %, 136.27 W, 1980 MHz, 0 %, 55
2026/10/10 16:55:51.800, 2, 76805 MiB, 0 %, 122.50 W, 1980 MHz, 0 %, 36
2026/10/10 16:55:51.800, 3, 76805 MiB, 0 %, 117.72 W, 1980 MHz, 0 %, 29
2026/10/10 16:55:51.800, 4, 76805 MiB, 0 %, 115.33 W, 1980 MHz, 0 %, 30
2026/10/10 16:55:51.800, 5, 76805 MiB, 0 %, 120.11 W, 1980 MHz, 0 %, 34
2026/10/10 16:55:51.800, 6, 76805 MiB, 0 %, 114.66 W, 1980 MHz, 0 %, 31
2026/10/10 16:55:51.800, 7, 76805 MiB, 0 %, 141.70 W, 1980 MHz, 0 %, 66
2026/10/10 16:55:52.800, 0, 76805 MiB, 0 %, 121.95 W, 1980 MHz, 0 %, 30
2026/10/10 16:55:52.800, 1, 76805 MiB, 0 %, 136.07 W, 1980 MHz, 0 %, 55
2026/10/10 16:55:52.800, 2, 76805 MiB, 0 %, 122.35 W, 1980 MHz, 0 %, 36
2026/10/10 16:55:52.800, 3, 76805 MiB, 0 %, 117.64 W, 1980 MHz, 0 %, 29
2026/10/10 16:55:52.800, 4, 76805 MiB, 0 %, 115.19 W, 1980 MHz, 0 %, 29
2026/10/10 16:55:52.800, 5, 76805 MiB, 0 %, 119.90 W, 1980 MHz, 0 %, 34
2026/10/10 16:55:52.800, 6, 76805 MiB, 0 %, 114.56 W, 1980 MHz, 0 %, 31
2026/10/10 16:55:52.800, 7, 76805 MiB, 0 %, 141.59 W, 1980 MHz, 0 %, 66
2026/10/10 16:55:53.801, 0, 76805 MiB, 100 %, 232.71 W, 1980 MHz, 49 %, 42
2026/10/10 16:55:53.801, 1, 76805 MiB, 100 %, 251.13 W, 1875 MHz, 50 %, 66
2026/10/10 16:55:53.801, 2, 76805 MiB, 100 %, 236.12 W, 1905 MHz, 50 %, 46
2026/10/10 16:55:53.801, 3, 76805 MiB, 100 %, 243.65 W, 1905 MHz, 49 %, 40
2026/10/10 16:55:53.801, 4, 76805 MiB, 100 %, 251.39 W, 1950 MHz, 49 %, 41
2026/10/10 16:55:53.801, 5, 76805 MiB, 100 %, 246.76 W, 1935 MHz, 49 %, 44
2026/10/10 16:55:53.801, 6, 76805 MiB, 0 %, 195.26 W, 1980 MHz, 0 %, 42
2026/10/10 16:55:53.801, 7, 76805 MiB, 0 %, 224.63 W, 1875 MHz, 0 %, 75
2026/10/10 16:55:54.801, 0, 76805 MiB, 100 %, 473.39 W, 1980 MHz, 17 %, 35
2026/10/10 16:55:54.801, 1, 76805 MiB, 100 %, 487.40 W, 1980 MHz, 16 %, 59
2026/10/10 16:55:54.802, 2, 76805 MiB, 100 %, 472.83 W, 1980 MHz, 16 %, 39
2026/10/10 16:55:54.802, 3, 76805 MiB, 100 %, 467.53 W, 1980 MHz, 16 %, 34
2026/10/10 16:55:54.802, 4, 76805 MiB, 100 %, 462.93 W, 1980 MHz, 16 %, 35
2026/10/10 16:55:54.802, 5, 76805 MiB, 100 %, 471.38 W, 1980 MHz, 16 %, 40
2026/10/10 16:55:54.802, 6, 76805 MiB, 100 %, 444.48 W, 1980 MHz, 16 %, 37
2026/10/10 16:55:54.802, 7, 76805 MiB, 100 %, 525.45 W, 1980 MHz, 17 %, 71
2026/10/10 16:55:55.802, 0, 76805 MiB, 100 %, 250.14 W, 1980 MHz, 16 %, 34
2026/10/10 16:55:55.802, 1, 76805 MiB, 100 %, 267.51 W, 1980 MHz, 16 %, 59
2026/10/10 16:55:55.802, 2, 76805 MiB, 100 %, 249.32 W, 1980 MHz, 16 %, 39
2026/10/10 16:55:55.802, 3, 76805 MiB, 100 %, 246.42 W, 1980 MHz, 17 %, 33
2026/10/10 16:55:55.802, 4, 76805 MiB, 100 %, 242.99 W, 1980 MHz, 16 %, 34
2026/10/10 16:55:55.802, 5, 76805 MiB, 100 %, 249.13 W, 1980 MHz, 17 %, 38
2026/10/10 16:55:55.802, 6, 76805 MiB, 100 %, 238.80 W, 1980 MHz, 16 %, 35
2026/10/10 16:55:55.802, 7, 76805 MiB, 100 %, 279.47 W, 1980 MHz, 17 %, 70
2026/10/10 16:55:56.803, 0, 76805 MiB, 100 %, 248.81 W, 1980 MHz, 16 %, 34
2026/10/10 16:55:56.803, 1, 76805 MiB, 100 %, 267.76 W, 1980 MHz, 16 %, 58
2026/10/10 16:55:56.803, 2, 76805 MiB, 100 %, 249.79 W, 1980 MHz, 17 %, 39
2026/10/10 16:55:56.803, 3, 76805 MiB, 100 %, 245.00 W, 1980 MHz, 16 %, 33
2026/10/10 16:55:56.803, 4, 76805 MiB, 100 %, 241.23 W, 1980 MHz, 16 %, 33
2026/10/10 16:55:56.803, 5, 76805 MiB, 100 %, 249.22 W, 1980 MHz, 16 %, 38
2026/10/10 16:55:56.803, 6, 76805 MiB, 100 %, 240.06 W, 1980 MHz, 17 %, 35
2026/10/10 16:55:56.803, 7, 76805 MiB, 100 %, 278.16 W, 1980 MHz, 17 %, 70
2026/10/10 16:55:57.803, 0, 76805 MiB, 100 %, 249.31 W, 1980 MHz, 17 %, 34
2026/10/10 16:55:57.804, 1, 76805 MiB, 100 %, 268.24 W, 1980 MHz, 17 %, 59
2026/10/10 16:55:57.804, 2, 76805 MiB, 100 %, 251.11 W, 1980 MHz, 16 %, 39
2026/10/10 16:55:57.804, 3, 76805 MiB, 100 %, 245.85 W, 1980 MHz, 16 %, 33
2026/10/10 16:55:57.804, 4, 76805 MiB, 100 %, 242.49 W, 1980 MHz, 17 %, 33
2026/10/10 16:55:57.804, 5, 76805 MiB, 100 %, 250.15 W, 1980 MHz, 16 %, 38
2026/10/10 16:55:57.804, 6, 76805 MiB, 100 %, 240.00 W, 1980 MHz, 16 %, 35
2026/10/10 16:55:57.804, 7, 76805 MiB, 100 %, 277.61 W, 1980 MHz, 17 %, 70
2026/10/10 16:55:58.804, 0, 76805 MiB, 100 %, 249.16 W, 1980 MHz, 17 %, 34
2026/10/10 16:55:58.804, 1, 76805 MiB, 100 %, 269.09 W, 1980 MHz, 16 %, 59
2026/10/10 16:55:58.804, 2, 76805 MiB, 100 %, 251.31 W, 1980 MHz, 17 %, 39
2026/10/10 16:55:58.804, 3, 76805 MiB, 100 %, 244.68 W, 1980 MHz, 16 %, 33
2026/10/10 16:55:58.804, 4, 76805 MiB, 100 %, 241.34 W, 1980 MHz, 16 %, 33
2026/10/10 16:55:58.804, 5, 76805 MiB, 100 %, 248.70 W, 1980 MHz, 16 %, 37
2026/10/10 16:55:58.804, 6, 76805 MiB, 100 %, 239.60 W, 1980 MHz, 16 %, 35
2026/10/10 16:55:58.804, 7, 76805 MiB, 100 %, 279.29 W, 1980 MHz, 17 %, 70
2026/10/10 16:55:59.805, 0, 76805 MiB, 100 %, 248.93 W, 1980 MHz, 16 %, 34
2026/10/10 16:55:59.805, 1, 76805 MiB, 100 %, 269.06 W, 1980 MHz, 16 %, 58
2026/10/10 16:55:59.805, 2, 76805 MiB, 100 %, 250.30 W, 1980 MHz, 16 %, 39
2026/10/10 16:55:59.805, 3, 76805 MiB, 100 %, 243.64 W, 1980 MHz, 16 %, 32
2026/10/10 16:55:59.805, 4, 76805 MiB, 100 %, 242.62 W, 1980 MHz, 16 %, 33
2026/10/10 16:55:59.805, 5, 76805 MiB, 100 %, 250.77 W, 1980 MHz, 16 %, 37
2026/10/10 16:55:59.805, 6, 76805 MiB, 100 %, 238.36 W, 1980 MHz, 16 %, 35
2026/10/10 16:55:59.805, 7, 76805 MiB, 100 %, 279.06 W, 1980 MHz, 17 %, 70
2026/10/10 16:56:00.805, 0, 76805 MiB, 100 %, 248.38 W, 1980 MHz, 17 %, 34
2026/10/10 16:56:00.805, 1, 76805 MiB, 100 %, 268.76 W, 1980 MHz, 16 %, 58
2026/10/10 16:56:00.805, 2, 76805 MiB, 100 %, 250.82 W, 1980 MHz, 17 %, 39
2026/10/10 16:56:00.806, 3, 76805 MiB, 100 %, 244.24 W, 1980 MHz, 16 %, 32
2026/10/10 16:56:00.806, 4, 76805 MiB, 100 %, 243.00 W, 1980 MHz, 16 %, 33
2026/10/10 16:56:00.806, 5, 76805 MiB, 100 %, 249.94 W, 1980 MHz, 16 %, 37
2026/10/10 16:56:00.806, 6, 76805 MiB, 100 %, 238.88 W, 1980 MHz, 16 %, 35
2026/10/10 16:56:00.806, 7, 76805 MiB, 100 %, 280.45 W, 1980 MHz, 17 %, 70
2026/10/10 16:56:01.806, 0, 76805 MiB, 100 %, 248.02 W, 1980 MHz, 17 %, 34
2026/10/10 16:56:01.806, 1, 76805 MiB, 100 %, 269.03 W, 1980 MHz, 16 %, 58
2026/10/10 16:56:01.806, 2, 76805 MiB, 100 %, 251.32 W, 1980 MHz, 16 %, 38
2026/10/10 16:56:01.806, 3, 76805 MiB, 100 %, 244.36 W, 1980 MHz, 16 %, 32
2026/10/10 16:56:01.806, 4, 76805 MiB, 100 %, 241.64 W, 1980 MHz, 16 %, 33
2026/10/10 16:56:01.806, 5, 76805 MiB, 100 %, 249.71 W, 1980 MHz, 16 %, 37
2026/10/10 16:56:01.806, 6, 76805 MiB, 100 %, 240.03 W, 1980 MHz, 16 %, 35
2026/10/10 16:56:01.806, 7, 76805 MiB, 100 %, 279.63 W, 1980 MHz, 17 %, 70
2026/10/10 16:56:02.807, 0, 76805 MiB, 100 %, 247.64 W, 1980 MHz, 16 %, 34
2026/10/10 16:56:02.807, 1, 76805 MiB, 100 %, 269.59 W, 1980 MHz, 17 %, 58
2026/10/10 16:56:02.807, 2, 76805 MiB, 100 %, 250.50 W, 1980 MHz, 16 %, 38
2026/10/10 16:56:02.807, 3, 76805 MiB, 100 %, 244.99 W, 1980 MHz, 16 %, 32
2026/10/10 16:56:02.807, 4, 76805 MiB, 100 %, 240.52 W, 1980 MHz, 16 %, 33
2026/10/10 16:56:02.807, 5, 76805 MiB, 100 %, 248.65 W, 1980 MHz, 17 %, 37
2026/10/10 16:56:02.807, 6, 76805 MiB, 100 %, 239.75 W, 1980 MHz, 16 %, 34
2026/10/10 16:56:02.807, 7, 76805 MiB, 100 %, 279.62 W, 1980 MHz, 17 %, 70
2026/10/10 16:56:03.807, 0, 76805 MiB, 100 %, 248.71 W, 1980 MHz, 17 %, 34
2026/10/10 16:56:03.807, 1, 76805 MiB, 100 %, 269.49 W, 1980 MHz, 17 %, 58
2026/10/10 16:56:03.807, 2, 76805 MiB, 100 %, 250.37 W, 1980 MHz, 16 %, 38
2026/10/10 16:56:03.807, 3, 76805 MiB, 100 %, 244.59 W, 1980 MHz, 16 %, 32
2026/10/10 16:56:03.808, 4, 76805 MiB, 100 %, 242.62 W, 1980 MHz, 16 %, 33
2026/10/10 16:56:03.808, 5, 76805 MiB, 100 %, 249.11 W, 1980 MHz, 16 %, 37
2026/10/10 16:56:03.808, 6, 76805 MiB, 100 %, 240.91 W, 1980 MHz, 16 %, 34
2026/10/10 16:56:03.808, 7, 76805 MiB, 100 %, 279.01 W, 1980 MHz, 16 %, 69
2026/10/10 16:56:04.808, 0, 76805 MiB, 100 %, 248.42 W, 1980 MHz, 16 %, 34
2026/10/10 16:56:04.808, 1, 76805 MiB, 100 %, 268.73 W, 1980 MHz, 16 %, 58
2026/10/10 16:56:04.808, 2, 76805 MiB, 100 %, 250.92 W, 1980 MHz, 17 %, 38
2026/10/10 16:56:04.808, 3, 76805 MiB, 100 %, 244.26 W, 1980 MHz, 16 %, 32
2026/10/10 16:56:04.808, 4, 76805 MiB, 100 %, 240.98 W, 1980 MHz, 16 %, 33
2026/10/10 16:56:04.808, 5, 76805 MiB, 100 %, 248.50 W, 1980 MHz, 17 %, 37
2026/10/10 16:56:04.808, 6, 76805 MiB, 100 %, 239.87 W, 1980 MHz, 17 %, 34
2026/10/10 16:56:04.808, 7, 76805 MiB, 100 %, 277.97 W, 1980 MHz, 16 %, 69
2026/10/10 16:56:05.809, 0, 76805 MiB, 100 %, 249.38 W, 1980 MHz, 17 %, 34
2026/10/10 16:56:05.809, 1, 76805 MiB, 100 %, 268.89 W, 1980 MHz, 16 %, 58
2026/10/10 16:56:05.809, 2, 76805 MiB, 100 %, 250.95 W, 1980 MHz, 17 %, 38
2026/10/10 16:56:05.809, 3, 76805 MiB, 100 %, 243.46 W, 1980 MHz, 16 %, 32
2026/10/10 16:56:05.809, 4, 76805 MiB, 100 %, 243.72 W, 1980 MHz, 17 %, 33
2026/10/10 16:56:05.809, 5, 76805 MiB, 100 %, 250.09 W, 1980 MHz, 16 %, 37
2026/10/10 16:56:05.809, 6, 76805 MiB, 100 %, 239.61 W, 1980 MHz, 16 %, 34
2026/10/10 16:56:05.809, 7, 76805 MiB, 100 %, 279.05 W, 1980 MHz, 17 %, 70
2026/10/10 16:56:06.809, 0, 76805 MiB, 100 %, 248.68 W, 1980 MHz, 16 %, 34
2026/10/10 16:56:06.809, 1, 76805 MiB, 100 %, 268.63 W, 1980 MHz, 16 %, 58
2026/10/10 16:56:06.809, 2, 76805 MiB, 100 %, 251.36 W, 1980 MHz, 17 %, 38
2026/10/10 16:56:06.810, 3, 76805 MiB, 100 %, 244.46 W, 1980 MHz, 16 %, 32
2026/10/10 16:56:06.810, 4, 76805 MiB, 100 %, 241.59 W, 1980 MHz, 16 %, 33
2026/10/10 16:56:06.810, 5, 76805 MiB, 100 %, 250.40 W, 1980 MHz, 17 %, 37
2026/10/10 16:56:06.810, 6, 76805 MiB, 100 %, 239.27 W, 1980 MHz, 16 %, 34
2026/10/10 16:56:06.810, 7, 76805 MiB, 100 %, 278.19 W, 1980 MHz, 16 %, 69
2026/10/10 16:56:07.810, 0, 76805 MiB, 100 %, 248.29 W, 1980 MHz, 16 %, 34
2026/10/10 16:56:07.810, 1, 76805 MiB, 100 %, 267.22 W, 1980 MHz, 16 %, 58
2026/10/10 16:56:07.810, 2, 76805 MiB, 100 %, 250.63 W, 1980 MHz, 16 %, 38
2026/10/10 16:56:07.810, 3, 76805 MiB, 100 %, 244.25 W, 1980 MHz, 17 %, 32
2026/10/10 16:56:07.810, 4, 76805 MiB, 100 %, 241.44 W, 1980 MHz, 17 %, 33
2026/10/10 16:56:07.810, 5, 76805 MiB, 100 %, 249.14 W, 1980 MHz, 17 %, 37
2026/10/10 16:56:07.810, 6, 76805 MiB, 100 %, 239.26 W, 1980 MHz, 16 %, 34
2026/10/10 16:56:07.810, 7, 76805 MiB, 100 %, 276.99 W, 1980 MHz, 17 %, 69
2026/10/10 16:56:08.811, 0, 76805 MiB, 100 %, 248.10 W, 1980 MHz, 17 %, 34
2026/10/10 16:56:08.811, 1, 76805 MiB, 100 %, 266.45 W, 1980 MHz, 16 %, 58
2026/10/10 16:56:08.811, 2, 76805 MiB, 100 %, 251.03 W, 1980 MHz, 16 %, 38
2026/10/10 16:56:08.811, 3, 76805 MiB, 100 %, 246.11 W, 1980 MHz, 16 %, 32
2026/10/10 16:56:08.811, 4, 76805 MiB, 100 %, 242.22 W, 1980 MHz, 16 %, 33
2026/10/10 16:56:08.811, 5, 76805 MiB, 100 %, 250.66 W, 1980 MHz, 17 %, 37
2026/10/10 16:56:08.811, 6, 76805 MiB, 100 %, 239.94 W, 1980 MHz, 17 %, 34
2026/10/10 16:56:08.811, 7, 76805 MiB, 100 %, 277.91 W, 1980 MHz, 17 %, 69
2026/10/10 16:56:09.811, 0, 76805 MiB, 100 %, 248.61 W, 1980 MHz, 17 %, 34
2026/10/10 16:56:09.811, 1, 76805 MiB, 100 %, 268.12 W, 1980 MHz, 16 %, 58
2026/10/10 16:56:09.811, 2, 76805 MiB, 100 %, 249.64 W, 1980 MHz, 16 %, 38
2026/10/10 16:56:09.811, 3, 76805 MiB, 100 %, 244.88 W, 1980 MHz, 16 %, 32
2026/10/10 16:56:09.812, 4, 76805 MiB, 100 %, 241.92 W, 1980 MHz, 16 %, 33
2026/10/10 16:56:09.812, 5, 76805 MiB, 100 %, 249.64 W, 1980 MHz, 17 %, 37
2026/10/10 16:56:09.812, 6, 76805 MiB, 100 %, 239.08 W, 1980 MHz, 16 %, 34
2026/10/10 16:56:09.812, 7, 76805 MiB, 100 %, 278.69 W, 1980 MHz, 17 %, 69
2026/10/10 16:56:10.812, 0, 76805 MiB, 100 %, 482.25 W, 1980 MHz, 48 %, 46
2026/10/10 16:56:10.813, 1, 76805 MiB, 100 %, 509.51 W, 1875 MHz, 48 %, 69
2026/10/10 16:56:10.813, 2, 76805 MiB, 100 %, 494.27 W, 1965 MHz, 48 %, 49
2026/10/10 16:56:10.813, 3, 76805 MiB, 100 %, 504.41 W, 1905 MHz, 48 %, 44
2026/10/10 16:56:10.813, 4, 76805 MiB, 100 %, 512.06 W, 1965 MHz, 48 %, 46
2026/10/10 16:56:10.813, 5, 76805 MiB, 100 %, 519.36 W, 1965 MHz, 47 %, 49
2026/10/10 16:56:10.813, 6, 76805 MiB, 100 %, 498.62 W, 1980 MHz, 47 %, 48
2026/10/10 16:56:10.813, 7, 76805 MiB, 100 %, 535.53 W, 1965 MHz, 48 %, 81
2026/10/10 16:56:11.813, 0, 76805 MiB, 100 %, 314.10 W, 1980 MHz, 17 %, 35
2026/10/10 16:56:11.813, 1, 76805 MiB, 100 %, 341.05 W, 1980 MHz, 16 %, 59
2026/10/10 16:56:11.813, 2, 76805 MiB, 100 %, 322.52 W, 1980 MHz, 17 %, 39
2026/10/10 16:56:11.813, 3, 76805 MiB, 100 %, 305.29 W, 1980 MHz, 17 %, 34
2026/10/10 16:56:11.813, 4, 76805 MiB, 100 %, 297.21 W, 1980 MHz, 17 %, 34
2026/10/10 16:56:11.813, 5, 76805 MiB, 100 %, 308.24 W, 1980 MHz, 16 %, 39
2026/10/10 16:56:11.813, 6, 76805 MiB, 100 %, 292.45 W, 1980 MHz, 16 %, 36
2026/10/10 16:56:11.814, 7, 76805 MiB, 100 %, 331.92 W, 1980 MHz, 16 %, 70
2026/10/10 16:56:12.814, 0, 76805 MiB, 100 %, 249.10 W, 1980 MHz, 17 %, 34
2026/10/10 16:56:12.814, 1, 76805 MiB, 100 %, 267.64 W, 1980 MHz, 16 %, 59
2026/10/10 16:56:12.814, 2, 76805 MiB, 100 %, 252.28 W, 1980 MHz, 17 %, 38
2026/10/10 16:56:12.814, 3, 76805 MiB, 100 %, 247.04 W, 1980 MHz, 17 %, 33
2026/10/10 16:56:12.814, 4, 76805 MiB, 100 %, 243.06 W, 1980 MHz, 16 %, 33
2026/10/10 16:56:12.814, 5, 76805 MiB, 100 %, 249.21 W, 1980 MHz, 16 %, 38
2026/10/10 16:56:12.814, 6, 76805 MiB, 100 %, 237.36 W, 1980 MHz, 17 %, 35
2026/10/10 16:56:12.814, 7, 76805 MiB, 100 %, 276.60 W, 1980 MHz, 17 %, 70
2026/10/10 16:56:13.814, 0, 76805 MiB, 100 %, 249.18 W, 1980 MHz, 17 %, 34
2026/10/10 16:56:13.814, 1, 76805 MiB, 100 %, 267.83 W, 1980 MHz, 16 %, 58
2026/10/10 16:56:13.815, 2, 76805 MiB, 100 %, 249.81 W, 1980 MHz, 16 %, 38
2026/10/10 16:56:13.815, 3, 76805 MiB, 100 %, 246.85 W, 1980 MHz, 17 %, 33
2026/10/10 16:56:13.815, 4, 76805 MiB, 100 %, 242.45 W, 1980 MHz, 16 %, 33
2026/10/10 16:56:13.815, 5, 76805 MiB, 100 %, 248.05 W, 1980 MHz, 17 %, 37
2026/10/10 16:56:13.815, 6, 76805 MiB, 100 %, 239.51 W, 1980 MHz, 16 %, 35
2026/10/10 16:56:13.815, 7, 76805 MiB, 100 %, 278.08 W, 1980 MHz, 17 %, 70
2026/10/10 16:56:14.815, 0, 76805 MiB, 100 %, 247.94 W, 1980 MHz, 16 %, 34
2026/10/10 16:56:14.815, 1, 76805 MiB, 100 %, 268.65 W, 1980 MHz, 17 %, 58
2026/10/10 16:56:14.815, 2, 76805 MiB, 100 %, 247.51 W, 1980 MHz, 16 %, 38
2026/10/10 16:56:14.815, 3, 76805 MiB, 100 %, 246.76 W, 1980 MHz, 17 %, 32
2026/10/10 16:56:14.815, 4, 76805 MiB, 100 %, 242.18 W, 1980 MHz, 16 %, 33
2026/10/10 16:56:14.815, 5, 76805 MiB, 100 %, 248.15 W, 1980 MHz, 16 %, 37
2026/10/10 16:56:14.815, 6, 76805 MiB, 100 %, 239.20 W, 1980 MHz, 17 %, 35
2026/10/10 16:56:14.815, 7, 76805 MiB, 100 %, 279.28 W, 1980 MHz, 17 %, 70
2026/10/10 16:56:15.816, 0, 76805 MiB, 100 %, 248.63 W, 1980 MHz, 16 %, 34
2026/10/10 16:56:15.816, 1, 76805 MiB, 100 %, 269.23 W, 1980 MHz, 17 %, 58
2026/10/10 16:56:15.816, 2, 76805 MiB, 100 %, 249.63 W, 1980 MHz, 16 %, 38
2026/10/10 16:56:15.816, 3, 76805 MiB, 100 %, 248.32 W, 1980 MHz, 17 %, 32
2026/10/10 16:56:15.816, 4, 76805 MiB, 100 %, 240.89 W, 1980 MHz, 16 %, 33
2026/10/10 16:56:15.816, 5, 76805 MiB, 100 %, 246.92 W, 1980 MHz, 16 %, 37
2026/10/10 16:56:15.816, 6, 76805 MiB, 100 %, 239.29 W, 1980 MHz, 17 %, 34
2026/10/10 16:56:15.816, 7, 76805 MiB, 100 %, 278.47 W, 1980 MHz, 17 %, 70
2026/10/10 16:56:16.817, 0, 76805 MiB, 100 %, 247.34 W, 1980 MHz, 16 %, 34
2026/10/10 16:56:16.817, 1, 76805 MiB, 100 %, 268.60 W, 1980 MHz, 16 %, 58
2026/10/10 16:56:16.817, 2, 76805 MiB, 100 %, 248.98 W, 1980 MHz, 16 %, 38
2026/10/10 16:56:16.817, 3, 76805 MiB, 100 %, 246.66 W, 1980 MHz, 17 %, 32
2026/10/10 16:56:16.817, 4, 76805 MiB, 100 %, 242.12 W, 1980 MHz, 16 %, 33
2026/10/10 16:56:16.817, 5, 76805 MiB, 100 %, 247.88 W, 1980 MHz, 16 %, 37
2026/10/10 16:56:16.817, 6, 76805 MiB, 100 %, 239.07 W, 1980 MHz, 16 %, 34
2026/10/10 16:56:16.817, 7, 76805 MiB, 100 %, 278.49 W, 1980 MHz, 17 %, 70
2026/10/10 16:56:17.817, 0, 76805 MiB, 100 %, 246.95 W, 1980 MHz, 16 %, 34
2026/10/10 16:56:17.817, 1, 76805 MiB, 100 %, 268.28 W, 1980 MHz, 17 %, 58
2026/10/10 16:56:17.817, 2, 76805 MiB, 100 %, 248.59 W, 1980 MHz, 16 %, 38
2026/10/10 16:56:17.818, 3, 76805 MiB, 100 %, 246.76 W, 1980 MHz, 17 %, 32
2026/10/10 16:56:17.818, 4, 76805 MiB, 100 %, 241.99 W, 1980 MHz, 16 %, 33
2026/10/10 16:56:17.818, 5, 76805 MiB, 100 %, 247.74 W, 1980 MHz, 16 %, 37
2026/10/10 16:56:17.818, 6, 76805 MiB, 100 %, 238.89 W, 1980 MHz, 16 %, 34
2026/10/10 16:56:17.818, 7, 76805 MiB, 100 %, 279.46 W, 1980 MHz, 17 %, 70
2026/10/10 16:56:18.818, 0, 76805 MiB, 100 %, 247.14 W, 1980 MHz, 16 %, 34
2026/10/10 16:56:18.818, 1, 76805 MiB, 100 %, 269.36 W, 1980 MHz, 17 %, 58
2026/10/10 16:56:18.818, 2, 76805 MiB, 100 %, 248.55 W, 1980 MHz, 16 %, 38
2026/10/10 16:56:18.818, 3, 76805 MiB, 100 %, 246.18 W, 1980 MHz, 17 %, 32
2026/10/10 16:56:18.818, 4, 76805 MiB, 100 %, 242.05 W, 1980 MHz, 16 %, 33
2026/10/10 16:56:18.818, 5, 76805 MiB, 100 %, 248.23 W, 1980 MHz, 17 %, 37
2026/10/10 16:56:18.818, 6, 76805 MiB, 100 %, 238.34 W, 1980 MHz, 16 %, 34
2026/10/10 16:56:18.818, 7, 76805 MiB, 100 %, 279.77 W, 1980 MHz, 17 %, 70
2026/10/10 16:56:19.819, 0, 76805 MiB, 100 %, 248.07 W, 1980 MHz, 16 %, 34
2026/10/10 16:56:19.819, 1, 76805 MiB, 100 %, 269.73 W, 1980 MHz, 16 %, 58
2026/10/10 16:56:19.819, 2, 76805 MiB, 100 %, 248.60 W, 1980 MHz, 16 %, 38
2026/10/10 16:56:19.819, 3, 76805 MiB, 100 %, 246.53 W, 1980 MHz, 17 %, 32
2026/10/10 16:56:19.819, 4, 76805 MiB, 100 %, 242.40 W, 1980 MHz, 16 %, 33
2026/10/10 16:56:19.819, 5, 76805 MiB, 100 %, 248.21 W, 1980 MHz, 16 %, 37
2026/10/10 16:56:19.819, 6, 76805 MiB, 100 %, 239.47 W, 1980 MHz, 17 %, 34
2026/10/10 16:56:19.819, 7, 76805 MiB, 100 %, 279.28 W, 1980 MHz, 17 %, 70
2026/10/10 16:56:20.819, 0, 76805 MiB, 100 %, 249.22 W, 1980 MHz, 17 %, 34
2026/10/10 16:56:20.820, 1, 76805 MiB, 100 %, 269.36 W, 1980 MHz, 16 %, 58
2026/10/10 16:56:20.820, 2, 76805 MiB, 100 %, 249.33 W, 1980 MHz, 16 %, 38
2026/10/10 16:56:20.820, 3, 76805 MiB, 100 %, 247.34 W, 1980 MHz, 17 %, 32
2026/10/10 16:56:20.820, 4, 76805 MiB, 100 %, 241.66 W, 1980 MHz, 16 %, 33
2026/10/10 16:56:20.820, 5, 76805 MiB, 100 %, 247.72 W, 1980 MHz, 16 %, 37
2026/10/10 16:56:20.820, 6, 76805 MiB, 100 %, 239.53 W, 1980 MHz, 17 %, 34
2026/10/10 16:56:20.820, 7, 76805 MiB, 100 %, 278.50 W, 1980 MHz, 17 %, 70
2026/10/10 16:56:21.820, 0, 76805 MiB, 100 %, 248.74 W, 1980 MHz, 16 %, 34
2026/10/10 16:56:21.820, 1, 76805 MiB, 100 %, 269.11 W, 1980 MHz, 16 %, 58
2026/10/10 16:56:21.821, 2, 76805 MiB, 100 %, 249.34 W, 1980 MHz, 16 %, 38
2026/10/10 16:56:21.821, 3, 76805 MiB, 100 %, 247.13 W, 1980 MHz, 17 %, 32
2026/10/10 16:56:21.821, 4, 76805 MiB, 100 %, 241.40 W, 1980 MHz, 16 %, 33
2026/10/10 16:56:21.821, 5, 76805 MiB, 100 %, 248.75 W, 1980 MHz, 17 %, 37
2026/10/10 16:56:21.821, 6, 76805 MiB, 100 %, 239.08 W, 1980 MHz, 16 %, 34
2026/10/10 16:56:21.821, 7, 76805 MiB, 100 %, 278.79 W, 1980 MHz, 17 %, 70
2026/10/10 16:56:22.821, 0, 76805 MiB, 100 %, 248.47 W, 1980 MHz, 17 %, 34
2026/10/10 16:56:22.821, 1, 76805 MiB, 100 %, 269.51 W, 1980 MHz, 16 %, 58
2026/10/10 16:56:22.821, 2, 76805 MiB, 100 %, 249.65 W, 1980 MHz, 16 %, 38
2026/10/10 16:56:22.821, 3, 76805 MiB, 100 %, 247.21 W, 1980 MHz, 17 %, 32
2026/10/10 16:56:22.821, 4, 76805 MiB, 100 %, 241.52 W, 1980 MHz, 16 %, 33
2026/10/10 16:56:22.821, 5, 76805 MiB, 100 %, 247.91 W, 1980 MHz, 16 %, 37
2026/10/10 16:56:22.821, 6, 76805 MiB, 100 %, 238.05 W, 1980 MHz, 16 %, 34
2026/10/10 16:56:22.822, 7, 76805 MiB, 100 %, 277.58 W, 1980 MHz, 17 %, 70
2026/10/10 16:56:23.822, 0, 76805 MiB, 100 %, 248.61 W, 1980 MHz, 16 %, 34
2026/10/10 16:56:23.822, 1, 76805 MiB, 100 %, 268.71 W, 1980 MHz, 16 %, 58
2026/10/10 16:56:23.822, 2, 76805 MiB, 100 %, 249.47 W, 1980 MHz, 16 %, 38
2026/10/10 16:56:23.822, 3, 76805 MiB, 100 %, 246.38 W, 1980 MHz, 17 %, 32
2026/10/10 16:56:23.822, 4, 76805 MiB, 100 %, 242.71 W, 1980 MHz, 16 %, 33
2026/10/10 16:56:23.822, 5, 76805 MiB, 100 %, 247.44 W, 1980 MHz, 16 %, 37
2026/10/10 16:56:23.822, 6, 76805 MiB, 100 %, 238.78 W, 1980 MHz, 17 %, 34
2026/10/10 16:56:23.822, 7, 76805 MiB, 100 %, 279.18 W, 1980 MHz, 17 %, 70
2026/10/10 16:56:24.823, 0, 76805 MiB, 100 %, 248.46 W, 1980 MHz, 17 %, 34
2026/10/10 16:56:24.823, 1, 76805 MiB, 100 %, 266.52 W, 1980 MHz, 16 %, 58
2026/10/10 16:56:24.823, 2, 76805 MiB, 100 %, 249.27 W, 1980 MHz, 16 %, 38
2026/10/10 16:56:24.823, 3, 76805 MiB, 100 %, 246.31 W, 1980 MHz, 16 %, 32
2026/10/10 16:56:24.823, 4, 76805 MiB, 100 %, 241.60 W, 1980 MHz, 16 %, 33
2026/10/10 16:56:24.823, 5, 76805 MiB, 100 %, 248.60 W, 1980 MHz, 16 %, 37
2026/10/10 16:56:24.823, 6, 76805 MiB, 100 %, 239.14 W, 1980 MHz, 16 %, 34
2026/10/10 16:56:24.823, 7, 76805 MiB, 100 %, 276.89 W, 1980 MHz, 17 %, 70
2026/10/10 16:56:25.823, 0, 76805 MiB, 100 %, 249.58 W, 1980 MHz, 17 %, 34
2026/10/10 16:56:25.824, 1, 76805 MiB, 100 %, 267.21 W, 1980 MHz, 16 %, 58
2026/10/10 16:56:25.824, 2, 76805 MiB, 100 %, 247.86 W, 1980 MHz, 16 %, 38
2026/10/10 16:56:25.824, 3, 76805 MiB, 100 %, 247.38 W, 1980 MHz, 17 %, 32
2026/10/10 16:56:25.824, 4, 76805 MiB, 100 %, 240.60 W, 1980 MHz, 16 %, 33
2026/10/10 16:56:25.824, 5, 76805 MiB, 100 %, 247.28 W, 1980 MHz, 16 %, 37
2026/10/10 16:56:25.824, 6, 76805 MiB, 100 %, 238.25 W, 1980 MHz, 17 %, 34
2026/10/10 16:56:25.824, 7, 76805 MiB, 100 %, 279.39 W, 1980 MHz, 17 %, 70
2026/10/10 16:56:26.824, 0, 76805 MiB, 100 %, 248.81 W, 1980 MHz, 17 %, 34
2026/10/10 16:56:26.824, 1, 76805 MiB, 100 %, 267.89 W, 1980 MHz, 16 %, 58
2026/10/10 16:56:26.824, 2, 76805 MiB, 100 %, 248.24 W, 1980 MHz, 16 %, 38
2026/10/10 16:56:26.824, 3, 76805 MiB, 100 %, 246.69 W, 1980 MHz, 17 %, 32
2026/10/10 16:56:26.824, 4, 76805 MiB, 100 %, 240.90 W, 1980 MHz, 16 %, 33
2026/10/10 16:56:26.824, 5, 76805 MiB, 94 %, 246.18 W, 1980 MHz, 16 %, 37
2026/10/10 16:56:26.824, 6, 76805 MiB, 100 %, 238.03 W, 1980 MHz, 17 %, 34
2026/10/10 16:56:26.824, 7, 76805 MiB, 70 %, 278.01 W, 1980 MHz, 12 %, 70
2026/10/10 16:56:27.825, 0, 76805 MiB, 100 %, 543.85 W, 1980 MHz, 16 %, 37
2026/10/10 16:56:27.825, 1, 76805 MiB, 100 %, 570.05 W, 1965 MHz, 16 %, 60
2026/10/10 16:56:27.825, 2, 76805 MiB, 100 %, 544.60 W, 1980 MHz, 16 %, 41
2026/10/10 16:56:27.825, 3, 76805 MiB, 100 %, 558.77 W, 1965 MHz, 16 %, 36
2026/10/10 16:56:27.825, 4, 76805 MiB, 100 %, 561.55 W, 1965 MHz, 16 %, 37
2026/10/10 16:56:27.825, 5, 76805 MiB, 100 %, 548.52 W, 1980 MHz, 16 %, 41
2026/10/10 16:56:27.825, 6, 76805 MiB, 100 %, 543.37 W, 1980 MHz, 16 %, 39
2026/10/10 16:56:27.825, 7, 76805 MiB, 100 %, 589.76 W, 1965 MHz, 17 %, 72
2026/10/10 16:56:28.825, 0, 76805 MiB, 100 %, 247.48 W, 1980 MHz, 17 %, 35
2026/10/10 16:56:28.825, 1, 76805 MiB, 100 %, 263.71 W, 1980 MHz, 17 %, 59
2026/10/10 16:56:28.826, 2, 76805 MiB, 100 %, 249.18 W, 1980 MHz, 16 %, 38
2026/10/10 16:56:28.826, 3, 76805 MiB, 100 %, 245.52 W, 1980 MHz, 16 %, 33
2026/10/10 16:56:28.826, 4, 76805 MiB, 100 %, 241.37 W, 1980 MHz, 16 %, 34
2026/10/10 16:56:28.826, 5, 76805 MiB, 100 %, 250.04 W, 1980 MHz, 16 %, 38
2026/10/10 16:56:28.826, 6, 76805 MiB, 100 %, 240.38 W, 1980 MHz, 16 %, 35
2026/10/10 16:56:28.826, 7, 76805 MiB, 100 %, 278.84 W, 1980 MHz, 16 %, 70
2026/10/10 16:56:29.826, 0, 76805 MiB, 100 %, 248.48 W, 1980 MHz, 16 %, 34
2026/10/10 16:56:29.826, 1, 76805 MiB, 100 %, 266.47 W, 1980 MHz, 17 %, 59
2026/10/10 16:56:29.826, 2, 76805 MiB, 100 %, 248.92 W, 1980 MHz, 16 %, 38
2026/10/10 16:56:29.826, 3, 76805 MiB, 100 %, 246.51 W, 1980 MHz, 17 %, 33
2026/10/10 16:56:29.826, 4, 76805 MiB, 100 %, 242.82 W, 1980 MHz, 16 %, 33
2026/10/10 16:56:29.826, 5, 76805 MiB, 100 %, 248.37 W, 1980 MHz, 16 %, 37
2026/10/10 16:56:29.826, 6, 76805 MiB, 100 %, 239.42 W, 1980 MHz, 17 %, 35
2026/10/10 16:56:29.826, 7, 76805 MiB, 100 %, 278.50 W, 1980 MHz, 16 %, 70
2026/10/10 16:56:30.827, 0, 76805 MiB, 100 %, 248.27 W, 1980 MHz, 17 %, 34
2026/10/10 16:56:30.827, 1, 76805 MiB, 100 %, 269.82 W, 1980 MHz, 17 %, 59
2026/10/10 16:56:30.827, 2, 76805 MiB, 100 %, 249.48 W, 1980 MHz, 16 %, 38
2026/10/10 16:56:30.827, 3, 76805 MiB, 100 %, 246.40 W, 1980 MHz, 17 %, 33
2026/10/10 16:56:30.827, 4, 76805 MiB, 100 %, 240.51 W, 1980 MHz, 16 %, 33
2026/10/10 16:56:30.827, 5, 76805 MiB, 100 %, 249.17 W, 1980 MHz, 16 %, 37
2026/10/10 16:56:30.827, 6, 76805 MiB, 100 %, 238.77 W, 1980 MHz, 16 %, 35
2026/10/10 16:56:30.827, 7, 76805 MiB, 100 %, 277.83 W, 1980 MHz, 16 %, 70
2026/10/10 16:56:31.827, 0, 76805 MiB, 100 %, 250.06 W, 1980 MHz, 17 %, 34
2026/10/10 16:56:31.828, 1, 76805 MiB, 100 %, 271.02 W, 1980 MHz, 17 %, 58
2026/10/10 16:56:31.828, 2, 76805 MiB, 100 %, 248.12 W, 1980 MHz, 16 %, 38
2026/10/10 16:56:31.828, 3, 76805 MiB, 100 %, 245.09 W, 1980 MHz, 17 %, 32
2026/10/10 16:56:31.828, 4, 76805 MiB, 100 %, 240.49 W, 1980 MHz, 16 %, 33
2026/10/10 16:56:31.828, 5, 76805 MiB, 100 %, 249.32 W, 1980 MHz, 16 %, 37
2026/10/10 16:56:31.828, 6, 76805 MiB, 100 %, 239.29 W, 1980 MHz, 17 %, 34
2026/10/10 16:56:31.828, 7, 76805 MiB, 100 %, 277.86 W, 1980 MHz, 17 %, 70
2026/10/10 16:56:32.828, 0, 76805 MiB, 100 %, 248.87 W, 1980 MHz, 16 %, 34
2026/10/10 16:56:32.828, 1, 76805 MiB, 100 %, 269.90 W, 1980 MHz, 17 %, 58
2026/10/10 16:56:32.828, 2, 76805 MiB, 100 %, 249.25 W, 1980 MHz, 17 %, 38
2026/10/10 16:56:32.828, 3, 76805 MiB, 100 %, 247.24 W, 1980 MHz, 17 %, 32
2026/10/10 16:56:32.828, 4, 76805 MiB, 100 %, 240.30 W, 1980 MHz, 16 %, 33
2026/10/10 16:56:32.829, 5, 76805 MiB, 100 %, 250.24 W, 1980 MHz, 16 %, 37
2026/10/10 16:56:32.829, 6, 76805 MiB, 100 %, 237.77 W, 1980 MHz, 16 %, 34
2026/10/10 16:56:32.829, 7, 76805 MiB, 100 %, 279.13 W, 1980 MHz, 17 %, 70
2026/10/10 16:56:33.829, 0, 76805 MiB, 100 %, 249.22 W, 1980 MHz, 16 %, 34
2026/10/10 16:56:33.829, 1, 76805 MiB, 100 %, 268.59 W, 1980 MHz, 16 %, 58
2026/10/10 16:56:33.829, 2, 76805 MiB, 100 %, 249.57 W, 1980 MHz, 16 %, 38
2026/10/10 16:56:33.829, 3, 76805 MiB, 100 %, 245.99 W, 1980 MHz, 16 %, 32
2026/10/10 16:56:33.829, 4, 76805 MiB, 100 %, 243.18 W, 1980 MHz, 16 %, 33
2026/10/10 16:56:33.829, 5, 76805 MiB, 100 %, 249.77 W, 1980 MHz, 17 %, 37
2026/10/10 16:56:33.829, 6, 76805 MiB, 100 %, 239.73 W, 1980 MHz, 17 %, 34
2026/10/10 16:56:33.829, 7, 76805 MiB, 100 %, 278.21 W, 1980 MHz, 16 %, 70
2026/10/10 16:56:34.829, 0, 76805 MiB, 100 %, 249.70 W, 1980 MHz, 17 %, 34
2026/10/10 16:56:34.830, 1, 76805 MiB, 100 %, 268.80 W, 1980 MHz, 17 %, 58
2026/10/10 16:56:34.830, 2, 76805 MiB, 100 %, 248.98 W, 1980 MHz, 17 %, 38
2026/10/10 16:56:34.830, 3, 76805 MiB, 100 %, 246.30 W, 1980 MHz, 16 %, 32
2026/10/10 16:56:34.830, 4, 76805 MiB, 100 %, 240.14 W, 1980 MHz, 16 %, 33
2026/10/10 16:56:34.830, 5, 76805 MiB, 100 %, 249.85 W, 1980 MHz, 17 %, 37
2026/10/10 16:56:34.830, 6, 76805 MiB, 100 %, 239.44 W, 1980 MHz, 17 %, 34
2026/10/10 16:56:34.830, 7, 76805 MiB, 100 %, 278.48 W, 1980 MHz, 17 %, 70
2026/10/10 16:56:35.830, 0, 76805 MiB, 100 %, 248.47 W, 1980 MHz, 16 %, 34
2026/10/10 16:56:35.830, 1, 76805 MiB, 100 %, 269.04 W, 1980 MHz, 16 %, 58
2026/10/10 16:56:35.830, 2, 76805 MiB, 100 %, 248.17 W, 1980 MHz, 16 %, 38
2026/10/10 16:56:35.830, 3, 76805 MiB, 100 %, 245.76 W, 1980 MHz, 17 %, 32
2026/10/10 16:56:35.831, 4, 76805 MiB, 100 %, 241.16 W, 1980 MHz, 16 %, 33
2026/10/10 16:56:35.831, 5, 76805 MiB, 100 %, 248.61 W, 1980 MHz, 16 %, 37
2026/10/10 16:56:35.831, 6, 76805 MiB, 100 %, 240.14 W, 1980 MHz, 17 %, 34
2026/10/10 16:56:35.831, 7, 76805 MiB, 100 %, 279.07 W, 1980 MHz, 17 %, 70
2026/10/10 16:56:36.831, 0, 76805 MiB, 100 %, 248.43 W, 1980 MHz, 17 %, 34
2026/10/10 16:56:36.831, 1, 76805 MiB, 100 %, 268.69 W, 1980 MHz, 16 %, 58
2026/10/10 16:56:36.831, 2, 76805 MiB, 100 %, 248.38 W, 1980 MHz, 16 %, 38
2026/10/10 16:56:36.831, 3, 76805 MiB, 100 %, 245.21 W, 1980 MHz, 16 %, 32
2026/10/10 16:56:36.831, 4, 76805 MiB, 100 %, 241.90 W, 1980 MHz, 16 %, 33
2026/10/10 16:56:36.831, 5, 76805 MiB, 100 %, 249.47 W, 1980 MHz, 17 %, 37
2026/10/10 16:56:36.831, 6, 76805 MiB, 100 %, 241.26 W, 1980 MHz, 17 %, 34
2026/10/10 16:56:36.831, 7, 76805 MiB, 100 %, 278.44 W, 1980 MHz, 16 %, 70
2026/10/10 16:56:37.831, 0, 76805 MiB, 100 %, 247.39 W, 1980 MHz, 17 %, 34
2026/10/10 16:56:37.832, 1, 76805 MiB, 100 %, 270.44 W, 1980 MHz, 17 %, 58
2026/10/10 16:56:37.832, 2, 76805 MiB, 100 %, 248.47 W, 1980 MHz, 16 %, 38
2026/10/10 16:56:37.832, 3, 76805 MiB, 100 %, 244.17 W, 1980 MHz, 16 %, 32
2026/10/10 16:56:37.832, 4, 76805 MiB, 100 %, 242.60 W, 1980 MHz, 16 %, 33
2026/10/10 16:56:37.832, 5, 76805 MiB, 100 %, 249.68 W, 1980 MHz, 17 %, 37
2026/10/10 16:56:37.832, 6, 76805 MiB, 100 %, 240.32 W, 1980 MHz, 16 %, 34
2026/10/10 16:56:37.832, 7, 76805 MiB, 100 %, 277.79 W, 1980 MHz, 16 %, 70
2026/10/10 16:56:38.832, 0, 76805 MiB, 100 %, 249.41 W, 1980 MHz, 17 %, 34
2026/10/10 16:56:38.832, 1, 76805 MiB, 100 %, 269.84 W, 1980 MHz, 17 %, 58
2026/10/10 16:56:38.832, 2, 76805 MiB, 100 %, 248.03 W, 1980 MHz, 16 %, 38
2026/10/10 16:56:38.832, 3, 76805 MiB, 100 %, 243.56 W, 1980 MHz, 16 %, 32
2026/10/10 16:56:38.832, 4, 76805 MiB, 100 %, 242.40 W, 1980 MHz, 17 %, 33
2026/10/10 16:56:38.833, 5, 76805 MiB, 100 %, 249.70 W, 1980 MHz, 17 %, 37
2026/10/10 16:56:38.833, 6, 76805 MiB, 100 %, 239.69 W, 1980 MHz, 16 %, 34
2026/10/10 16:56:38.833, 7, 76805 MiB, 100 %, 278.04 W, 1980 MHz, 17 %, 70
2026/10/10 16:56:39.833, 0, 76805 MiB, 100 %, 248.22 W, 1980 MHz, 16 %, 34
2026/10/10 16:56:39.833, 1, 76805 MiB, 100 %, 268.71 W, 1980 MHz, 17 %, 58
2026/10/10 16:56:39.833, 2, 76805 MiB, 100 %, 249.28 W, 1980 MHz, 16 %, 38
2026/10/10 16:56:39.833, 3, 76805 MiB, 100 %, 243.52 W, 1980 MHz, 16 %, 32
2026/10/10 16:56:39.833, 4, 76805 MiB, 100 %, 241.55 W, 1980 MHz, 16 %, 33
2026/10/10 16:56:39.833, 5, 76805 MiB, 100 %, 249.57 W, 1980 MHz, 17 %, 37
2026/10/10 16:56:39.833, 6, 76805 MiB, 100 %, 240.41 W, 1980 MHz, 17 %, 34
2026/10/10 16:56:39.833, 7, 76805 MiB, 100 %, 277.97 W, 1980 MHz, 16 %, 70
2026/10/10 16:56:40.833, 0, 76805 MiB, 100 %, 248.40 W, 1980 MHz, 17 %, 34
2026/10/10 16:56:40.834, 1, 76805 MiB, 100 %, 268.36 W, 1980 MHz, 16 %, 58
2026/10/10 16:56:40.834, 2, 76805 MiB, 100 %, 249.55 W, 1980 MHz, 16 %, 38
2026/10/10 16:56:40.834, 3, 76805 MiB, 100 %, 243.38 W, 1980 MHz, 16 %, 32
2026/10/10 16:56:40.834, 4, 76805 MiB, 100 %, 242.40 W, 1980 MHz, 16 %, 33
2026/10/10 16:56:40.834, 5, 76805 MiB, 100 %, 249.91 W, 1980 MHz, 17 %, 37
2026/10/10 16:56:40.834, 6, 76805 MiB, 100 %, 239.89 W, 1980 MHz, 16 %, 34
2026/10/10 16:56:40.834, 7, 76805 MiB, 100 %, 278.16 W, 1980 MHz, 16 %, 70
2026/10/10 16:56:41.834, 0, 76805 MiB, 100 %, 248.10 W, 1980 MHz, 17 %, 34
2026/10/10 16:56:41.834, 1, 76805 MiB, 100 %, 267.07 W, 1980 MHz, 17 %, 58
2026/10/10 16:56:41.834, 2, 76805 MiB, 100 %, 248.71 W, 1980 MHz, 16 %, 38
2026/10/10 16:56:41.834, 3, 76805 MiB, 100 %, 244.55 W, 1980 MHz, 16 %, 32
2026/10/10 16:56:41.834, 4, 76805 MiB, 100 %, 241.81 W, 1980 MHz, 16 %, 33
2026/10/10 16:56:41.834, 5, 76805 MiB, 100 %, 250.67 W, 1980 MHz, 17 %, 37
2026/10/10 16:56:41.834, 6, 76805 MiB, 100 %, 240.61 W, 1980 MHz, 17 %, 34
2026/10/10 16:56:41.835, 7, 76805 MiB, 100 %, 277.20 W, 1980 MHz, 16 %, 70
2026/10/10 16:56:42.835, 0, 76805 MiB, 100 %, 248.82 W, 1980 MHz, 17 %, 34
2026/10/10 16:56:42.835, 1, 76805 MiB, 100 %, 269.58 W, 1980 MHz, 17 %, 58
2026/10/10 16:56:42.835, 2, 76805 MiB, 100 %, 250.00 W, 1980 MHz, 16 %, 38
2026/10/10 16:56:42.835, 3, 76805 MiB, 100 %, 243.18 W, 1980 MHz, 16 %, 32
2026/10/10 16:56:42.835, 4, 76805 MiB, 100 %, 240.79 W, 1980 MHz, 16 %, 33
2026/10/10 16:56:42.835, 5, 76805 MiB, 100 %, 248.88 W, 1980 MHz, 17 %, 37
2026/10/10 16:56:42.835, 6, 76805 MiB, 100 %, 239.73 W, 1980 MHz, 16 %, 34
2026/10/10 16:56:42.835, 7, 76805 MiB, 100 %, 277.74 W, 1980 MHz, 16 %, 70
2026/10/10 16:56:43.835, 0, 76805 MiB, 100 %, 357.04 W, 1980 MHz, 48 %, 45
2026/10/10 16:56:43.835, 1, 76805 MiB, 100 %, 388.11 W, 1935 MHz, 48 %, 67
2026/10/10 16:56:43.835, 2, 76805 MiB, 100 %, 376.17 W, 1965 MHz, 48 %, 47
2026/10/10 16:56:43.835, 3, 76805 MiB, 100 %, 369.79 W, 1965 MHz, 48 %, 42
2026/10/10 16:56:43.836, 4, 76805 MiB, 100 %, 371.99 W, 1965 MHz, 48 %, 44
2026/10/10 16:56:43.836, 5, 76805 MiB, 100 %, 389.64 W, 1965 MHz, 49 %, 47
2026/10/10 16:56:43.836, 6, 76805 MiB, 100 %, 369.29 W, 1980 MHz, 49 %, 45
2026/10/10 16:56:43.836, 7, 76805 MiB, 100 %, 411.70 W, 1905 MHz, 49 %, 79
2026/10/10 16:56:44.836, 0, 76805 MiB, 100 %, 435.93 W, 1980 MHz, 17 %, 35
2026/10/10 16:56:44.836, 1, 76805 MiB, 100 %, 456.35 W, 1980 MHz, 16 %, 59
2026/10/10 16:56:44.836, 2, 76805 MiB, 100 %, 431.65 W, 1980 MHz, 16 %, 39
2026/10/10 16:56:44.836, 3, 76805 MiB, 100 %, 442.72 W, 1980 MHz, 16 %, 34
2026/10/10 16:56:44.836, 4, 76805 MiB, 100 %, 424.89 W, 1980 MHz, 16 %, 35
2026/10/10 16:56:44.836, 5, 76805 MiB, 100 %, 426.53 W, 1980 MHz, 16 %, 39
2026/10/10 16:56:44.836, 6, 76805 MiB, 100 %, 407.05 W, 1980 MHz, 17 %, 37
2026/10/10 16:56:44.836, 7, 76805 MiB, 100 %, 443.89 W, 1980 MHz, 17 %, 71
2026/10/10 16:56:45.836, 0, 76805 MiB, 100 %, 249.11 W, 1980 MHz, 17 %, 35
2026/10/10 16:56:45.837, 1, 76805 MiB, 100 %, 266.76 W, 1980 MHz, 16 %, 59
2026/10/10 16:56:45.837, 2, 76805 MiB, 100 %, 250.67 W, 1980 MHz, 16 %, 38
2026/10/10 16:56:45.837, 3, 76805 MiB, 100 %, 245.17 W, 1980 MHz, 16 %, 33
2026/10/10 16:56:45.837, 4, 76805 MiB, 100 %, 242.96 W, 1980 MHz, 16 %, 34
2026/10/10 16:56:45.837, 5, 76805 MiB, 100 %, 250.13 W, 1980 MHz, 16 %, 38
2026/10/10 16:56:45.837, 6, 76805 MiB, 100 %, 239.80 W, 1980 MHz, 16 %, 35
2026/10/10 16:56:45.837, 7, 76805 MiB, 100 %, 280.81 W, 1980 MHz, 17 %, 70
2026/10/10 16:56:46.837, 0, 76805 MiB, 100 %, 248.47 W, 1980 MHz, 17 %, 34
2026/10/10 16:56:46.837, 1, 76805 MiB, 100 %, 266.18 W, 1980 MHz, 16 %, 58
2026/10/10 16:56:46.837, 2, 76805 MiB, 100 %, 249.91 W, 1980 MHz, 17 %, 38
2026/10/10 16:56:46.837, 3, 76805 MiB, 100 %, 244.73 W, 1980 MHz, 16 %, 33
2026/10/10 16:56:46.837, 4, 76805 MiB, 100 %, 241.13 W, 1980 MHz, 16 %, 33
2026/10/10 16:56:46.837, 5, 76805 MiB, 100 %, 247.95 W, 1980 MHz, 17 %, 37
2026/10/10 16:56:46.837, 6, 76805 MiB, 100 %, 238.36 W, 1980 MHz, 16 %, 35
2026/10/10 16:56:46.838, 7, 76805 MiB, 100 %, 281.18 W, 1980 MHz, 17 %, 70
2026/10/10 16:56:47.838, 0, 76805 MiB, 100 %, 249.34 W, 1980 MHz, 17 %, 34
2026/10/10 16:56:47.838, 1, 76805 MiB, 100 %, 267.43 W, 1980 MHz, 16 %, 58
2026/10/10 16:56:47.838, 2, 76805 MiB, 100 %, 249.20 W, 1980 MHz, 16 %, 38
2026/10/10 16:56:47.838, 3, 76805 MiB, 100 %, 243.83 W, 1980 MHz, 16 %, 32
2026/10/10 16:56:47.838, 4, 76805 MiB, 100 %, 241.45 W, 1980 MHz, 16 %, 33
2026/10/10 16:56:47.838, 5, 76805 MiB, 100 %, 247.24 W, 1980 MHz, 16 %, 37
2026/10/10 16:56:47.838, 6, 76805 MiB, 100 %, 240.19 W, 1980 MHz, 17 %, 35
2026/10/10 16:56:47.838, 7, 76805 MiB, 100 %, 280.10 W, 1980 MHz, 17 %, 70
2026/10/10 16:56:48.838, 0, 76805 MiB, 100 %, 248.91 W, 1980 MHz, 16 %, 34
2026/10/10 16:56:48.838, 1, 76805 MiB, 100 %, 266.40 W, 1980 MHz, 16 %, 58
2026/10/10 16:56:48.839, 2, 76805 MiB, 100 %, 249.54 W, 1980 MHz, 16 %, 38
2026/10/10 16:56:48.839, 3, 76805 MiB, 100 %, 243.97 W, 1980 MHz, 16 %, 32
2026/10/10 16:56:48.839, 4, 76805 MiB, 100 %, 241.70 W, 1980 MHz, 17 %, 33
2026/10/10 16:56:48.839, 5, 76805 MiB, 100 %, 247.06 W, 1980 MHz, 16 %, 37
2026/10/10 16:56:48.839, 6, 76805 MiB, 100 %, 241.17 W, 1980 MHz, 17 %, 34
2026/10/10 16:56:48.839, 7, 76805 MiB, 100 %, 280.02 W, 1980 MHz, 17 %, 70
2026/10/10 16:56:49.839, 0, 76805 MiB, 100 %, 248.82 W, 1980 MHz, 16 %, 34
2026/10/10 16:56:49.839, 1, 76805 MiB, 100 %, 267.85 W, 1980 MHz, 16 %, 58
2026/10/10 16:56:49.839, 2, 76805 MiB, 100 %, 249.58 W, 1980 MHz, 16 %, 38
2026/10/10 16:56:49.839, 3, 76805 MiB, 100 %, 243.70 W, 1980 MHz, 16 %, 32
2026/10/10 16:56:49.839, 4, 76805 MiB, 100 %, 241.18 W, 1980 MHz, 16 %, 33
2026/10/10 16:56:49.839, 5, 76805 MiB, 100 %, 248.70 W, 1980 MHz, 17 %, 37
2026/10/10 16:56:49.839, 6, 76805 MiB, 100 %, 239.19 W, 1980 MHz, 16 %, 34
2026/10/10 16:56:49.839, 7, 76805 MiB, 100 %, 280.20 W, 1980 MHz, 17 %, 70
2026/10/10 16:56:50.840, 0, 76805 MiB, 100 %, 248.99 W, 1980 MHz, 16 %, 34
2026/10/10 16:56:50.840, 1, 76805 MiB, 100 %, 267.49 W, 1980 MHz, 16 %, 58
2026/10/10 16:56:50.840, 2, 76805 MiB, 100 %, 250.39 W, 1980 MHz, 17 %, 38
2026/10/10 16:56:50.840, 3, 76805 MiB, 100 %, 243.04 W, 1980 MHz, 16 %, 32
2026/10/10 16:56:50.840, 4, 76805 MiB, 100 %, 242.00 W, 1980 MHz, 16 %, 33
2026/10/10 16:56:50.840, 5, 76805 MiB, 100 %, 248.71 W, 1980 MHz, 17 %, 37
2026/10/10 16:56:50.840, 6, 76805 MiB, 100 %, 239.41 W, 1980 MHz, 16 %, 34
2026/10/10 16:56:50.840, 7, 76805 MiB, 100 %, 280.12 W, 1980 MHz, 17 %, 70
2026/10/10 16:56:51.841, 0, 76805 MiB, 100 %, 249.15 W, 1980 MHz, 16 %, 34
2026/10/10 16:56:51.841, 1, 76805 MiB, 100 %, 268.15 W, 1980 MHz, 17 %, 58
2026/10/10 16:56:51.841, 2, 76805 MiB, 100 %, 249.79 W, 1980 MHz, 17 %, 38
2026/10/10 16:56:51.841, 3, 76805 MiB, 100 %, 243.47 W, 1980 MHz, 16 %, 32
2026/10/10 16:56:51.841, 4, 76805 MiB, 100 %, 241.12 W, 1980 MHz, 16 %, 33
2026/10/10 16:56:51.841, 5, 76805 MiB, 100 %, 248.02 W, 1980 MHz, 16 %, 37
2026/10/10 16:56:51.841, 6, 76805 MiB, 100 %, 238.66 W, 1980 MHz, 16 %, 34
2026/10/10 16:56:51.841, 7, 76805 MiB, 100 %, 279.78 W, 1980 MHz, 17 %, 70
2026/10/10 16:56:52.841, 0, 76805 MiB, 100 %, 249.73 W, 1980 MHz, 16 %, 34
2026/10/10 16:56:52.841, 1, 76805 MiB, 100 %, 267.58 W, 1980 MHz, 16 %, 58
2026/10/10 16:56:52.841, 2, 76805 MiB, 100 %, 249.16 W, 1980 MHz, 16 %, 38
2026/10/10 16:56:52.841, 3, 76805 MiB, 100 %, 243.30 W, 1980 MHz, 16 %, 32
2026/10/10 16:56:52.842, 4, 76805 MiB, 100 %, 241.29 W, 1980 MHz, 16 %, 33
2026/10/10 16:56:52.842, 5, 76805 MiB, 100 %, 246.77 W, 1980 MHz, 16 %, 37
2026/10/10 16:56:52.842, 6, 76805 MiB, 100 %, 239.78 W, 1980 MHz, 16 %, 34
2026/10/10 16:56:52.842, 7, 76805 MiB, 100 %, 279.67 W, 1980 MHz, 17 %, 70
2026/10/10 16:56:53.842, 0, 76805 MiB, 100 %, 248.90 W, 1980 MHz, 16 %, 34
2026/10/10 16:56:53.842, 1, 76805 MiB, 100 %, 266.13 W, 1980 MHz, 16 %, 58
2026/10/10 16:56:53.842, 2, 76805 MiB, 100 %, 249.52 W, 1980 MHz, 16 %, 38
2026/10/10 16:56:53.842, 3, 76805 MiB, 100 %, 244.62 W, 1980 MHz, 16 %, 32
2026/10/10 16:56:53.842, 4, 76805 MiB, 100 %, 241.65 W, 1980 MHz, 16 %, 33
2026/10/10 16:56:53.842, 5, 76805 MiB, 100 %, 248.41 W, 1980 MHz, 16 %, 37
2026/10/10 16:56:53.842, 6, 76805 MiB, 100 %, 239.25 W, 1980 MHz, 16 %, 34
2026/10/10 16:56:53.843, 7, 76805 MiB, 100 %, 279.82 W, 1980 MHz, 17 %, 70
2026/10/10 16:56:54.843, 0, 76805 MiB, 100 %, 248.03 W, 1980 MHz, 17 %, 34
2026/10/10 16:56:54.843, 1, 76805 MiB, 100 %, 265.38 W, 1980 MHz, 16 %, 58
2026/10/10 16:56:54.843, 2, 76805 MiB, 100 %, 249.35 W, 1980 MHz, 16 %, 38
2026/10/10 16:56:54.843, 3, 76805 MiB, 100 %, 243.69 W, 1980 MHz, 17 %, 32
2026/10/10 16:56:54.843, 4, 76805 MiB, 100 %, 240.92 W, 1980 MHz, 16 %, 33
2026/10/10 16:56:54.843, 5, 76805 MiB, 100 %, 249.14 W, 1980 MHz, 17 %, 37
2026/10/10 16:56:54.843, 6, 76805 MiB, 100 %, 238.65 W, 1980 MHz, 17 %, 34
2026/10/10 16:56:54.843, 7, 76805 MiB, 100 %, 278.39 W, 1980 MHz, 17 %, 70
2026/10/10 16:56:55.843, 0, 76805 MiB, 100 %, 247.72 W, 1980 MHz, 17 %, 34
2026/10/10 16:56:55.843, 1, 76805 MiB, 100 %, 266.67 W, 1980 MHz, 16 %, 58
2026/10/10 16:56:55.843, 2, 76805 MiB, 100 %, 250.33 W, 1980 MHz, 16 %, 38
2026/10/10 16:56:55.844, 3, 76805 MiB, 100 %, 243.92 W, 1980 MHz, 16 %, 32
2026/10/10 16:56:55.844, 4, 76805 MiB, 100 %, 242.60 W, 1980 MHz, 16 %, 33
2026/10/10 16:56:55.844, 5, 76805 MiB, 100 %, 247.83 W, 1980 MHz, 16 %, 37
2026/10/10 16:56:55.844, 6, 76805 MiB, 100 %, 239.36 W, 1980 MHz, 16 %, 34
2026/10/10 16:56:55.844, 7, 76805 MiB, 100 %, 277.36 W, 1980 MHz, 16 %, 70
2026/10/10 16:56:56.844, 0, 76805 MiB, 100 %, 248.20 W, 1980 MHz, 16 %, 34
2026/10/10 16:56:56.844, 1, 76805 MiB, 100 %, 266.55 W, 1980 MHz, 16 %, 58
2026/10/10 16:56:56.844, 2, 76805 MiB, 100 %, 250.40 W, 1980 MHz, 16 %, 38
2026/10/10 16:56:56.844, 3, 76805 MiB, 100 %, 243.74 W, 1980 MHz, 16 %, 32
2026/10/10 16:56:56.844, 4, 76805 MiB, 100 %, 242.45 W, 1980 MHz, 16 %, 33
2026/10/10 16:56:56.844, 5, 76805 MiB, 100 %, 249.91 W, 1980 MHz, 16 %, 37
2026/10/10 16:56:56.844, 6, 76805 MiB, 100 %, 240.29 W, 1980 MHz, 17 %, 34
2026/10/10 16:56:56.844, 7, 76805 MiB, 100 %, 278.82 W, 1980 MHz, 16 %, 70
2026/10/10 16:56:57.845, 0, 76805 MiB, 100 %, 248.37 W, 1980 MHz, 17 %, 34
2026/10/10 16:56:57.845, 1, 76805 MiB, 100 %, 266.26 W, 1980 MHz, 16 %, 58
2026/10/10 16:56:57.845, 2, 76805 MiB, 100 %, 249.87 W, 1980 MHz, 16 %, 38
2026/10/10 16:56:57.845, 3, 76805 MiB, 100 %, 244.11 W, 1980 MHz, 16 %, 32
2026/10/10 16:56:57.845, 4, 76805 MiB, 100 %, 242.37 W, 1980 MHz, 16 %, 33
2026/10/10 16:56:57.845, 5, 76805 MiB, 100 %, 246.95 W, 1980 MHz, 16 %, 37
2026/10/10 16:56:57.845, 6, 76805 MiB, 100 %, 238.77 W, 1980 MHz, 16 %, 34
2026/10/10 16:56:57.845, 7, 76805 MiB, 100 %, 277.76 W, 1980 MHz, 16 %, 70
2026/10/10 16:56:58.845, 0, 76805 MiB, 100 %, 248.40 W, 1980 MHz, 17 %, 34
2026/10/10 16:56:58.845, 1, 76805 MiB, 100 %, 267.17 W, 1980 MHz, 17 %, 58
2026/10/10 16:56:58.845, 2, 76805 MiB, 100 %, 249.20 W, 1980 MHz, 16 %, 38
2026/10/10 16:56:58.846, 3, 76805 MiB, 100 %, 244.70 W, 1980 MHz, 17 %, 32
2026/10/10 16:56:58.846, 4, 76805 MiB, 100 %, 241.78 W, 1980 MHz, 16 %, 33
2026/10/10 16:56:58.846, 5, 76805 MiB, 100 %, 248.10 W, 1980 MHz, 16 %, 37
2026/10/10 16:56:58.846, 6, 76805 MiB, 100 %, 239.34 W, 1980 MHz, 16 %, 34
2026/10/10 16:56:58.846, 7, 76805 MiB, 100 %, 278.33 W, 1980 MHz, 17 %, 70
2026/10/10 16:56:59.846, 0, 76805 MiB, 100 %, 247.93 W, 1980 MHz, 16 %, 34
2026/10/10 16:56:59.846, 1, 76805 MiB, 100 %, 266.27 W, 1980 MHz, 16 %, 58
2026/10/10 16:56:59.846, 2, 76805 MiB, 100 %, 249.52 W, 1980 MHz, 17 %, 38
2026/10/10 16:56:59.846, 3, 76805 MiB, 100 %, 244.02 W, 1980 MHz, 17 %, 32
2026/10/10 16:56:59.846, 4, 76805 MiB, 100 %, 241.07 W, 1980 MHz, 16 %, 33
2026/10/10 16:56:59.846, 5, 76805 MiB, 100 %, 247.30 W, 1980 MHz, 16 %, 37
2026/10/10 16:56:59.846, 6, 76805 MiB, 100 %, 241.46 W, 1980 MHz, 17 %, 34
2026/10/10 16:56:59.846, 7, 76805 MiB, 100 %, 277.87 W, 1980 MHz, 17 %, 70
2026/10/10 16:57:00.847, 0, 76805 MiB, 100 %, 511.51 W, 1980 MHz, 48 %, 46
2026/10/10 16:57:00.847, 1, 76805 MiB, 100 %, 551.10 W, 1920 MHz, 47 %, 69
2026/10/10 16:57:00.847, 2, 76805 MiB, 100 %, 539.09 W, 1965 MHz, 48 %, 48
2026/10/10 16:57:00.847, 3, 76805 MiB, 100 %, 531.84 W, 1965 MHz, 47 %, 46
2026/10/10 16:57:00.847, 4, 76805 MiB, 100 %, 548.38 W, 1965 MHz, 48 %, 47
2026/10/10 16:57:00.847, 5, 76805 MiB, 100 %, 555.13 W, 1965 MHz, 47 %, 49
2026/10/10 16:57:00.847, 6, 76805 MiB, 100 %, 529.47 W, 1980 MHz, 47 %, 48
2026/10/10 16:57:00.847, 7, 76805 MiB, 100 %, 573.88 W, 1845 MHz, 47 %, 80
2026/10/10 16:57:01.847, 0, 76805 MiB, 100 %, 281.69 W, 1980 MHz, 16 %, 35
2026/10/10 16:57:01.847, 1, 76805 MiB, 100 %, 298.39 W, 1980 MHz, 17 %, 59
2026/10/10 16:57:01.847, 2, 76805 MiB, 100 %, 279.92 W, 1980 MHz, 17 %, 39
2026/10/10 16:57:01.847, 3, 76805 MiB, 100 %, 281.09 W, 1980 MHz, 17 %, 34
2026/10/10 16:57:01.847, 4, 76805 MiB, 100 %, 269.72 W, 1980 MHz, 16 %, 34
2026/10/10 16:57:01.848, 5, 76805 MiB, 100 %, 273.68 W, 1980 MHz, 17 %, 38
2026/10/10 16:57:01.848, 6, 76805 MiB, 100 %, 250.41 W, 1980 MHz, 16 %, 36
2026/10/10 16:57:01.848, 7, 76805 MiB, 100 %, 288.56 W, 1980 MHz, 16 %, 70
2026/10/10 16:57:02.848, 0, 76805 MiB, 100 %, 250.80 W, 1980 MHz, 17 %, 35
2026/10/10 16:57:02.848, 1, 76805 MiB, 100 %, 265.45 W, 1980 MHz, 17 %, 59
2026/10/10 16:57:02.848, 2, 76805 MiB, 100 %, 249.24 W, 1980 MHz, 16 %, 38
2026/10/10 16:57:02.848, 3, 76805 MiB, 100 %, 245.90 W, 1980 MHz, 16 %, 33
2026/10/10 16:57:02.848, 4, 76805 MiB, 100 %, 241.08 W, 1980 MHz, 16 %, 33
2026/10/10 16:57:02.848, 5, 76805 MiB, 100 %, 249.30 W, 1980 MHz, 17 %, 37
2026/10/10 16:57:02.848, 6, 76805 MiB, 100 %, 239.89 W, 1980 MHz, 17 %, 35
2026/10/10 16:57:02.848, 7, 76805 MiB, 100 %, 277.50 W, 1980 MHz, 16 %, 70
2026/10/10 16:57:03.848, 0, 76805 MiB, 100 %, 249.80 W, 1980 MHz, 17 %, 34
2026/10/10 16:57:03.849, 1, 76805 MiB, 100 %, 267.77 W, 1980 MHz, 16 %, 59
2026/10/10 16:57:03.849, 2, 76805 MiB, 100 %, 249.63 W, 1980 MHz, 16 %, 38
2026/10/10 16:57:03.849, 3, 76805 MiB, 100 %, 243.01 W, 1980 MHz, 16 %, 33
2026/10/10 16:57:03.849, 4, 76805 MiB, 100 %, 239.24 W, 1980 MHz, 16 %, 33
2026/10/10 16:57:03.849, 5, 76805 MiB, 100 %, 251.38 W, 1980 MHz, 17 %, 37
2026/10/10 16:57:03.849, 6, 76805 MiB, 100 %, 240.50 W, 1980 MHz, 16 %, 35
2026/10/10 16:57:03.849, 7, 76805 MiB, 100 %, 277.63 W, 1980 MHz, 16 %, 70
2026/10/10 16:57:04.849, 0, 76805 MiB, 100 %, 249.18 W, 1980 MHz, 16 %, 34
2026/10/10 16:57:04.849, 1, 76805 MiB, 100 %, 268.91 W, 1980 MHz, 16 %, 58
2026/10/10 16:57:04.849, 2, 76805 MiB, 100 %, 249.97 W, 1980 MHz, 17 %, 38
2026/10/10 16:57:04.849, 3, 76805 MiB, 100 %, 243.77 W, 1980 MHz, 16 %, 32
2026/10/10 16:57:04.849, 4, 76805 MiB, 100 %, 241.75 W, 1980 MHz, 16 %, 33
2026/10/10 16:57:04.850, 5, 76805 MiB, 100 %, 250.60 W, 1980 MHz, 17 %, 37
2026/10/10 16:57:04.850, 6, 76805 MiB, 100 %, 239.20 W, 1980 MHz, 16 %, 35
2026/10/10 16:57:04.850, 7, 76805 MiB, 100 %, 277.96 W, 1980 MHz, 16 %, 70
2026/10/10 16:57:05.850, 0, 76805 MiB, 100 %, 249.70 W, 1980 MHz, 16 %, 34
2026/10/10 16:57:05.850, 1, 76805 MiB, 100 %, 266.24 W, 1980 MHz, 16 %, 58
2026/10/10 16:57:05.850, 2, 76805 MiB, 100 %, 249.81 W, 1980 MHz, 17 %, 38
2026/10/10 16:57:05.850, 3, 76805 MiB, 100 %, 243.95 W, 1980 MHz, 16 %, 32
2026/10/10 16:57:05.850, 4, 76805 MiB, 100 %, 238.63 W, 1980 MHz, 16 %, 33
2026/10/10 16:57:05.850, 5, 76805 MiB, 100 %, 252.19 W, 1980 MHz, 17 %, 37
2026/10/10 16:57:05.850, 6, 76805 MiB, 100 %, 239.33 W, 1980 MHz, 16 %, 35
2026/10/10 16:57:05.850, 7, 76805 MiB, 100 %, 278.32 W, 1980 MHz, 16 %, 70
2026/10/10 16:57:06.851, 0, 76805 MiB, 100 %, 249.12 W, 1980 MHz, 16 %, 34
2026/10/10 16:57:06.851, 1, 76805 MiB, 100 %, 265.76 W, 1980 MHz, 16 %, 58
2026/10/10 16:57:06.851, 2, 76805 MiB, 100 %, 250.17 W, 1980 MHz, 17 %, 38
2026/10/10 16:57:06.851, 3, 76805 MiB, 100 %, 243.45 W, 1980 MHz, 16 %, 32
2026/10/10 16:57:06.851, 4, 76805 MiB, 100 %, 241.07 W, 1980 MHz, 16 %, 33
2026/10/10 16:57:06.851, 5, 76805 MiB, 100 %, 252.62 W, 1980 MHz, 17 %, 37
2026/10/10 16:57:06.851, 6, 76805 MiB, 100 %, 239.54 W, 1980 MHz, 16 %, 34
2026/10/10 16:57:06.851, 7, 76805 MiB, 100 %, 279.06 W, 1980 MHz, 16 %, 70
2026/10/10 16:57:07.851, 0, 76805 MiB, 100 %, 248.53 W, 1980 MHz, 16 %, 34
2026/10/10 16:57:07.851, 1, 76805 MiB, 100 %, 265.59 W, 1980 MHz, 16 %, 58
2026/10/10 16:57:07.851, 2, 76805 MiB, 100 %, 249.61 W, 1980 MHz, 17 %, 38
2026/10/10 16:57:07.851, 3, 76805 MiB, 100 %, 243.09 W, 1980 MHz, 16 %, 32
2026/10/10 16:57:07.852, 4, 76805 MiB, 100 %, 241.39 W, 1980 MHz, 16 %, 33
2026/10/10 16:57:07.852, 5, 76805 MiB, 100 %, 252.08 W, 1980 MHz, 17 %, 37
2026/10/10 16:57:07.852, 6, 76805 MiB, 100 %, 239.25 W, 1980 MHz, 16 %, 34
2026/10/10 16:57:07.852, 7, 76805 MiB, 100 %, 277.80 W, 1980 MHz, 16 %, 70
2026/10/10 16:57:08.852, 0, 76805 MiB, 100 %, 249.14 W, 1980 MHz, 17 %, 34
2026/10/10 16:57:08.852, 1, 76805 MiB, 100 %, 266.65 W, 1980 MHz, 16 %, 58
2026/10/10 16:57:08.852, 2, 76805 MiB, 100 %, 251.15 W, 1980 MHz, 17 %, 38
2026/10/10 16:57:08.852, 3, 76805 MiB, 100 %, 244.05 W, 1980 MHz, 16 %, 32
2026/10/10 16:57:08.852, 4, 76805 MiB, 100 %, 240.49 W, 1980 MHz, 16 %, 33
2026/10/10 16:57:08.852, 5, 76805 MiB, 100 %, 251.84 W, 1980 MHz, 17 %, 37
2026/10/10 16:57:08.852, 6, 76805 MiB, 100 %, 238.39 W, 1980 MHz, 16 %, 34
2026/10/10 16:57:08.852, 7, 76805 MiB, 100 %, 278.24 W, 1980 MHz, 16 %, 70
2026/10/10 16:57:09.853, 0, 76805 MiB, 100 %, 248.87 W, 1980 MHz, 16 %, 34
2026/10/10 16:57:09.853, 1, 76805 MiB, 100 %, 265.97 W, 1980 MHz, 16 %, 58
2026/10/10 16:57:09.853, 2, 76805 MiB, 100 %, 249.62 W, 1980 MHz, 17 %, 38
2026/10/10 16:57:09.853, 3, 76805 MiB, 100 %, 243.83 W, 1980 MHz, 16 %, 32
2026/10/10 16:57:09.853, 4, 76805 MiB, 100 %, 241.10 W, 1980 MHz, 16 %, 33
2026/10/10 16:57:09.853, 5, 76805 MiB, 100 %, 251.90 W, 1980 MHz, 17 %, 37
2026/10/10 16:57:09.853, 6, 76805 MiB, 100 %, 237.77 W, 1980 MHz, 16 %, 34
2026/10/10 16:57:09.853, 7, 76805 MiB, 100 %, 278.36 W, 1980 MHz, 16 %, 70
2026/10/10 16:57:10.853, 0, 76805 MiB, 100 %, 249.52 W, 1980 MHz, 16 %, 34
2026/10/10 16:57:10.853, 1, 76805 MiB, 100 %, 267.36 W, 1980 MHz, 16 %, 58
2026/10/10 16:57:10.853, 2, 76805 MiB, 100 %, 250.20 W, 1980 MHz, 17 %, 38
2026/10/10 16:57:10.853, 3, 76805 MiB, 100 %, 242.54 W, 1980 MHz, 16 %, 32
2026/10/10 16:57:10.854, 4, 76805 MiB, 100 %, 241.56 W, 1980 MHz, 16 %, 33
2026/10/10 16:57:10.854, 5, 76805 MiB, 100 %, 251.39 W, 1980 MHz, 17 %, 37
2026/10/10 16:57:10.854, 6, 76805 MiB, 100 %, 238.18 W, 1980 MHz, 16 %, 34
2026/10/10 16:57:10.854, 7, 76805 MiB, 100 %, 279.28 W, 1980 MHz, 16 %, 70
2026/10/10 16:57:11.854, 0, 76805 MiB, 100 %, 248.41 W, 1980 MHz, 16 %, 34
2026/10/10 16:57:11.854, 1, 76805 MiB, 100 %, 267.07 W, 1980 MHz, 16 %, 58
2026/10/10 16:57:11.854, 2, 76805 MiB, 100 %, 249.81 W, 1980 MHz, 17 %, 38
2026/10/10 16:57:11.854, 3, 76805 MiB, 100 %, 243.81 W, 1980 MHz, 16 %, 32
2026/10/10 16:57:11.854, 4, 76805 MiB, 100 %, 240.75 W, 1980 MHz, 16 %, 33
2026/10/10 16:57:11.854, 5, 76805 MiB, 100 %, 251.62 W, 1980 MHz, 17 %, 37
2026/10/10 16:57:11.854, 6, 76805 MiB, 100 %, 237.43 W, 1980 MHz, 16 %, 34
2026/10/10 16:57:11.854, 7, 76805 MiB, 100 %, 278.09 W, 1980 MHz, 16 %, 70
2026/10/10 16:57:12.855, 0, 76805 MiB, 100 %, 249.49 W, 1980 MHz, 17 %, 34
2026/10/10 16:57:12.855, 1, 76805 MiB, 100 %, 266.52 W, 1980 MHz, 16 %, 58
2026/10/10 16:57:12.855, 2, 76805 MiB, 100 %, 250.38 W, 1980 MHz, 17 %, 38
2026/10/10 16:57:12.855, 3, 76805 MiB, 100 %, 242.65 W, 1980 MHz, 16 %, 32
2026/10/10 16:57:12.855, 4, 76805 MiB, 100 %, 240.67 W, 1980 MHz, 16 %, 33
2026/10/10 16:57:12.855, 5, 76805 MiB, 100 %, 252.29 W, 1980 MHz, 17 %, 37
2026/10/10 16:57:12.855, 6, 76805 MiB, 100 %, 237.64 W, 1980 MHz, 16 %, 34
2026/10/10 16:57:12.855, 7, 76805 MiB, 100 %, 277.49 W, 1980 MHz, 16 %, 70
2026/10/10 16:57:13.855, 0, 76805 MiB, 100 %, 248.75 W, 1980 MHz, 16 %, 34
2026/10/10 16:57:13.856, 1, 76805 MiB, 100 %, 267.57 W, 1980 MHz, 16 %, 58
2026/10/10 16:57:13.856, 2, 76805 MiB, 100 %, 251.42 W, 1980 MHz, 17 %, 38
2026/10/10 16:57:13.856, 3, 76805 MiB, 100 %, 243.51 W, 1980 MHz, 16 %, 32
2026/10/10 16:57:13.856, 4, 76805 MiB, 100 %, 240.70 W, 1980 MHz, 16 %, 33
2026/10/10 16:57:13.856, 5, 76805 MiB, 100 %, 250.94 W, 1980 MHz, 17 %, 37
2026/10/10 16:57:13.856, 6, 76805 MiB, 100 %, 237.88 W, 1980 MHz, 16 %, 34
2026/10/10 16:57:13.856, 7, 76805 MiB, 100 %, 277.19 W, 1980 MHz, 16 %, 70
2026/10/10 16:57:14.856, 0, 76805 MiB, 100 %, 248.61 W, 1980 MHz, 16 %, 34
2026/10/10 16:57:14.856, 1, 76805 MiB, 100 %, 267.47 W, 1980 MHz, 16 %, 58
2026/10/10 16:57:14.856, 2, 76805 MiB, 100 %, 250.74 W, 1980 MHz, 17 %, 38
2026/10/10 16:57:14.856, 3, 76805 MiB, 100 %, 243.75 W, 1980 MHz, 16 %, 32
2026/10/10 16:57:14.856, 4, 76805 MiB, 100 %, 240.80 W, 1980 MHz, 16 %, 33
2026/10/10 16:57:14.856, 5, 76805 MiB, 100 %, 250.91 W, 1980 MHz, 17 %, 37
2026/10/10 16:57:14.856, 6, 76805 MiB, 100 %, 238.03 W, 1980 MHz, 16 %, 34
2026/10/10 16:57:14.856, 7, 76805 MiB, 100 %, 277.92 W, 1980 MHz, 17 %, 70
2026/10/10 16:57:15.857, 0, 76805 MiB, 100 %, 249.50 W, 1980 MHz, 16 %, 34
2026/10/10 16:57:15.857, 1, 76805 MiB, 100 %, 266.70 W, 1980 MHz, 16 %, 58
2026/10/10 16:57:15.857, 2, 76805 MiB, 100 %, 251.15 W, 1980 MHz, 17 %, 38
2026/10/10 16:57:15.857, 3, 76805 MiB, 100 %, 243.71 W, 1980 MHz, 16 %, 32
2026/10/10 16:57:15.857, 4, 76805 MiB, 100 %, 240.04 W, 1980 MHz, 16 %, 33
2026/10/10 16:57:15.857, 5, 76805 MiB, 100 %, 251.45 W, 1980 MHz, 17 %, 37
2026/10/10 16:57:15.857, 6, 76805 MiB, 100 %, 237.87 W, 1980 MHz, 16 %, 34
2026/10/10 16:57:15.857, 7, 76805 MiB, 100 %, 278.79 W, 1980 MHz, 16 %, 70
2026/10/10 16:57:16.857, 0, 76805 MiB, 100 %, 278.57 W, 1920 MHz, 17 %, 40
2026/10/10 16:57:16.857, 1, 76805 MiB, 49 %, 262.09 W, 1980 MHz, 8 %, 58
2026/10/10 16:57:16.857, 2, 76805 MiB, 100 %, 249.10 W, 1980 MHz, 17 %, 37
2026/10/10 16:57:16.858, 3, 76805 MiB, 89 %, 246.80 W, 1980 MHz, 15 %, 31
2026/10/10 16:57:16.858, 4, 76805 MiB, 73 %, 242.06 W, 1980 MHz, 12 %, 32
2026/10/10 16:57:16.858, 5, 76805 MiB, 47 %, 256.30 W, 1980 MHz, 18 %, 36
2026/10/10 16:57:16.858, 6, 76805 MiB, 60 %, 246.19 W, 1980 MHz, 10 %, 37
2026/10/10 16:57:16.858, 7, 76805 MiB, 48 %, 296.94 W, 1980 MHz, 26 %, 69
2026/10/10 16:57:17.858, 0, 76805 MiB, 100 %, 524.60 W, 1980 MHz, 16 %, 36
2026/10/10 16:57:17.858, 1, 76805 MiB, 100 %, 588.67 W, 1965 MHz, 16 %, 60
2026/10/10 16:57:17.858, 2, 76805 MiB, 100 %, 555.27 W, 1980 MHz, 16 %, 40
2026/10/10 16:57:17.858, 3, 76805 MiB, 100 %, 558.76 W, 1980 MHz, 16 %, 36
2026/10/10 16:57:17.858, 4, 76805 MiB, 100 %, 559.33 W, 1980 MHz, 16 %, 36
2026/10/10 16:57:17.858, 5, 76805 MiB, 100 %, 558.27 W, 1980 MHz, 16 %, 41
2026/10/10 16:57:17.858, 6, 76805 MiB, 100 %, 535.53 W, 1980 MHz, 17 %, 38
2026/10/10 16:57:17.858, 7, 76805 MiB, 100 %, 573.17 W, 1965 MHz, 17 %, 72
2026/10/10 16:57:18.859, 0, 76805 MiB, 100 %, 249.25 W, 1980 MHz, 16 %, 35
2026/10/10 16:57:18.859, 1, 76805 MiB, 100 %, 266.79 W, 1980 MHz, 16 %, 59
2026/10/10 16:57:18.859, 2, 76805 MiB, 100 %, 249.76 W, 1980 MHz, 17 %, 38
2026/10/10 16:57:18.859, 3, 76805 MiB, 100 %, 246.37 W, 1980 MHz, 16 %, 33
2026/10/10 16:57:18.859, 4, 76805 MiB, 100 %, 241.32 W, 1980 MHz, 16 %, 34
2026/10/10 16:57:18.859, 5, 76805 MiB, 100 %, 249.51 W, 1980 MHz, 16 %, 38
2026/10/10 16:57:18.859, 6, 76805 MiB, 100 %, 239.80 W, 1980 MHz, 17 %, 36
2026/10/10 16:57:18.859, 7, 76805 MiB, 100 %, 280.02 W, 1980 MHz, 17 %, 70
2026/10/10 16:57:19.859, 0, 76805 MiB, 100 %, 250.43 W, 1980 MHz, 16 %, 34
2026/10/10 16:57:19.859, 1, 76805 MiB, 100 %, 268.02 W, 1980 MHz, 17 %, 59
2026/10/10 16:57:19.860, 2, 76805 MiB, 100 %, 250.15 W, 1980 MHz, 16 %, 38
2026/10/10 16:57:19.860, 3, 76805 MiB, 100 %, 245.56 W, 1980 MHz, 16 %, 33
2026/10/10 16:57:19.860, 4, 76805 MiB, 100 %, 243.12 W, 1980 MHz, 16 %, 33
2026/10/10 16:57:19.860, 5, 76805 MiB, 100 %, 249.30 W, 1980 MHz, 16 %, 37
2026/10/10 16:57:19.860, 6, 76805 MiB, 100 %, 240.71 W, 1980 MHz, 17 %, 35
2026/10/10 16:57:19.860, 7, 76805 MiB, 100 %, 279.18 W, 1980 MHz, 16 %, 70
2026/10/10 16:57:20.860, 0, 76805 MiB, 100 %, 248.86 W, 1980 MHz, 16 %, 34
2026/10/10 16:57:20.860, 1, 76805 MiB, 100 %, 267.39 W, 1980 MHz, 16 %, 58
2026/10/10 16:57:20.860, 2, 76805 MiB, 100 %, 249.33 W, 1980 MHz, 16 %, 38
2026/10/10 16:57:20.860, 3, 76805 MiB, 100 %, 244.34 W, 1980 MHz, 17 %, 33
2026/10/10 16:57:20.860, 4, 76805 MiB, 100 %, 242.73 W, 1980 MHz, 16 %, 33
2026/10/10 16:57:20.860, 5, 76805 MiB, 100 %, 249.11 W, 1980 MHz, 16 %, 37
2026/10/10 16:57:20.860, 6, 76805 MiB, 100 %, 240.21 W, 1980 MHz, 16 %, 35
2026/10/10 16:57:20.860, 7, 76805 MiB, 100 %, 278.79 W, 1980 MHz, 17 %, 70
2026/10/10 16:57:21.861, 0, 76805 MiB, 100 %, 248.77 W, 1980 MHz, 16 %, 34
2026/10/10 16:57:21.861, 1, 76805 MiB, 100 %, 267.61 W, 1980 MHz, 17 %, 58
2026/10/10 16:57:21.861, 2, 76805 MiB, 100 %, 248.07 W, 1980 MHz, 16 %, 38
2026/10/10 16:57:21.861, 3, 76805 MiB, 100 %, 247.23 W, 1980 MHz, 17 %, 33
2026/10/10 16:57:21.861, 4, 76805 MiB, 100 %, 243.48 W, 1980 MHz, 17 %, 33
2026/10/10 16:57:21.861, 5, 76805 MiB, 100 %, 247.48 W, 1980 MHz, 16 %, 37
2026/10/10 16:57:21.861, 6, 76805 MiB, 100 %, 240.96 W, 1980 MHz, 17 %, 35
2026/10/10 16:57:21.861, 7, 76805 MiB, 100 %, 278.36 W, 1980 MHz, 16 %, 70
2026/10/10 16:57:22.861, 0, 76805 MiB, 100 %, 248.30 W, 1980 MHz, 16 %, 34
2026/10/10 16:57:22.861, 1, 76805 MiB, 100 %, 267.31 W, 1980 MHz, 16 %, 58
2026/10/10 16:57:22.861, 2, 76805 MiB, 100 %, 248.22 W, 1980 MHz, 16 %, 38
2026/10/10 16:57:22.861, 3, 76805 MiB, 100 %, 247.09 W, 1980 MHz, 17 %, 32
2026/10/10 16:57:22.862, 4, 76805 MiB, 100 %, 242.07 W, 1980 MHz, 16 %, 33
2026/10/10 16:57:22.862, 5, 76805 MiB, 100 %, 247.77 W, 1980 MHz, 16 %, 37
2026/10/10 16:57:22.862, 6, 76805 MiB, 100 %, 239.06 W, 1980 MHz, 17 %, 35
2026/10/10 16:57:22.862, 7, 76805 MiB, 100 %, 277.89 W, 1980 MHz, 16 %, 70
2026/10/10 16:57:23.862, 0, 76805 MiB, 100 %, 248.63 W, 1980 MHz, 16 %, 34
2026/10/10 16:57:23.862, 1, 76805 MiB, 100 %, 266.50 W, 1980 MHz, 16 %, 58
2026/10/10 16:57:23.862, 2, 76805 MiB, 100 %, 248.67 W, 1980 MHz, 16 %, 38
2026/10/10 16:57:23.862, 3, 76805 MiB, 100 %, 246.31 W, 1980 MHz, 17 %, 32
2026/10/10 16:57:23.862, 4, 76805 MiB, 100 %, 242.64 W, 1980 MHz, 17 %, 33
2026/10/10 16:57:23.862, 5, 76805 MiB, 100 %, 248.46 W, 1980 MHz, 16 %, 37
2026/10/10 16:57:23.862, 6, 76805 MiB, 100 %, 240.47 W, 1980 MHz, 17 %, 35
2026/10/10 16:57:23.862, 7, 76805 MiB, 100 %, 277.82 W, 1980 MHz, 17 %, 70
2026/10/10 16:57:24.862, 0, 76805 MiB, 100 %, 247.80 W, 1980 MHz, 16 %, 34
2026/10/10 16:57:24.863, 1, 76805 MiB, 100 %, 268.24 W, 1980 MHz, 17 %, 58
2026/10/10 16:57:24.863, 2, 76805 MiB, 100 %, 248.80 W, 1980 MHz, 16 %, 38
2026/10/10 16:57:24.863, 3, 76805 MiB, 100 %, 245.04 W, 1980 MHz, 17 %, 32
2026/10/10 16:57:24.863, 4, 76805 MiB, 100 %, 243.42 W, 1980 MHz, 17 %, 33
2026/10/10 16:57:24.863, 5, 76805 MiB, 100 %, 248.37 W, 1980 MHz, 16 %, 37
2026/10/10 16:57:24.863, 6, 76805 MiB, 100 %, 239.90 W, 1980 MHz, 16 %, 34
2026/10/10 16:57:24.863, 7, 76805 MiB, 100 %, 278.41 W, 1980 MHz, 17 %, 70
2026/10/10 16:57:25.863, 0, 76805 MiB, 100 %, 248.52 W, 1980 MHz, 16 %, 34
2026/10/10 16:57:25.863, 1, 76805 MiB, 100 %, 269.08 W, 1980 MHz, 17 %, 58
2026/10/10 16:57:25.863, 2, 76805 MiB, 100 %, 248.68 W, 1980 MHz, 16 %, 38
2026/10/10 16:57:25.863, 3, 76805 MiB, 100 %, 245.36 W, 1980 MHz, 16 %, 32
2026/10/10 16:57:25.863, 4, 76805 MiB, 100 %, 241.73 W, 1980 MHz, 16 %, 33
2026/10/10 16:57:25.863, 5, 76805 MiB, 100 %, 250.12 W, 1980 MHz, 17 %, 37
2026/10/10 16:57:25.864, 6, 76805 MiB, 100 %, 239.83 W, 1980 MHz, 16 %, 34
2026/10/10 16:57:25.864, 7, 76805 MiB, 100 %, 278.97 W, 1980 MHz, 16 %, 70
2026/10/10 16:57:26.864, 0, 76805 MiB, 100 %, 248.71 W, 1980 MHz, 16 %, 34
2026/10/10 16:57:26.864, 1, 76805 MiB, 100 %, 270.18 W, 1980 MHz, 16 %, 58
2026/10/10 16:57:26.864, 2, 76805 MiB, 100 %, 249.00 W, 1980 MHz, 16 %, 38
2026/10/10 16:57:26.864, 3, 76805 MiB, 100 %, 244.23 W, 1980 MHz, 16 %, 32
2026/10/10 16:57:26.864, 4, 76805 MiB, 100 %, 242.55 W, 1980 MHz, 16 %, 33
2026/10/10 16:57:26.864, 5, 76805 MiB, 100 %, 249.98 W, 1980 MHz, 17 %, 37
2026/10/10 16:57:26.864, 6, 76805 MiB, 100 %, 240.50 W, 1980 MHz, 17 %, 34
2026/10/10 16:57:26.864, 7, 76805 MiB, 100 %, 279.34 W, 1980 MHz, 17 %, 70
2026/10/10 16:57:27.864, 0, 76805 MiB, 100 %, 249.48 W, 1980 MHz, 17 %, 34
2026/10/10 16:57:27.864, 1, 76805 MiB, 100 %, 267.78 W, 1980 MHz, 16 %, 58
2026/10/10 16:57:27.865, 2, 76805 MiB, 100 %, 249.02 W, 1980 MHz, 16 %, 38
2026/10/10 16:57:27.865, 3, 76805 MiB, 100 %, 244.04 W, 1980 MHz, 16 %, 32
2026/10/10 16:57:27.865, 4, 76805 MiB, 100 %, 241.70 W, 1980 MHz, 16 %, 33
2026/10/10 16:57:27.865, 5, 76805 MiB, 100 %, 248.83 W, 1980 MHz, 16 %, 37
2026/10/10 16:57:27.865, 6, 76805 MiB, 100 %, 240.43 W, 1980 MHz, 16 %, 34
2026/10/10 16:57:27.865, 7, 76805 MiB, 100 %, 278.32 W, 1980 MHz, 17 %, 70
2026/10/10 16:57:28.865, 0, 76805 MiB, 100 %, 249.82 W, 1980 MHz, 17 %, 34
2026/10/10 16:57:28.865, 1, 76805 MiB, 100 %, 267.61 W, 1980 MHz, 16 %, 58
2026/10/10 16:57:28.865, 2, 76805 MiB, 100 %, 249.72 W, 1980 MHz, 16 %, 38
2026/10/10 16:57:28.865, 3, 76805 MiB, 100 %, 244.46 W, 1980 MHz, 16 %, 32
2026/10/10 16:57:28.865, 4, 76805 MiB, 100 %, 242.07 W, 1980 MHz, 16 %, 33
2026/10/10 16:57:28.865, 5, 76805 MiB, 100 %, 248.02 W, 1980 MHz, 17 %, 37
2026/10/10 16:57:28.865, 6, 76805 MiB, 100 %, 238.17 W, 1980 MHz, 16 %, 34
2026/10/10 16:57:28.865, 7, 76805 MiB, 100 %, 279.48 W, 1980 MHz, 17 %, 70
2026/10/10 16:57:29.866, 0, 76805 MiB, 100 %, 248.65 W, 1980 MHz, 16 %, 34
2026/10/10 16:57:29.866, 1, 76805 MiB, 100 %, 269.34 W, 1980 MHz, 16 %, 58
2026/10/10 16:57:29.866, 2, 76805 MiB, 100 %, 248.42 W, 1980 MHz, 16 %, 38
2026/10/10 16:57:29.866, 3, 76805 MiB, 100 %, 244.52 W, 1980 MHz, 16 %, 32
2026/10/10 16:57:29.866, 4, 76805 MiB, 100 %, 241.22 W, 1980 MHz, 16 %, 33
2026/10/10 16:57:29.866, 5, 76805 MiB, 100 %, 249.54 W, 1980 MHz, 17 %, 37
2026/10/10 16:57:29.866, 6, 76805 MiB, 100 %, 237.87 W, 1980 MHz, 16 %, 34
2026/10/10 16:57:29.866, 7, 76805 MiB, 100 %, 278.67 W, 1980 MHz, 17 %, 70
2026/10/10 16:57:30.866, 0, 76805 MiB, 100 %, 248.58 W, 1980 MHz, 16 %, 34
2026/10/10 16:57:30.866, 1, 76805 MiB, 100 %, 270.03 W, 1980 MHz, 16 %, 58
2026/10/10 16:57:30.866, 2, 76805 MiB, 100 %, 248.12 W, 1980 MHz, 16 %, 38
2026/10/10 16:57:30.866, 3, 76805 MiB, 100 %, 245.69 W, 1980 MHz, 17 %, 32
2026/10/10 16:57:30.867, 4, 76805 MiB, 100 %, 241.93 W, 1980 MHz, 16 %, 33
2026/10/10 16:57:30.867, 5, 76805 MiB, 100 %, 249.66 W, 1980 MHz, 17 %, 37
2026/10/10 16:57:30.867, 6, 76805 MiB, 100 %, 238.80 W, 1980 MHz, 16 %, 34
2026/10/10 16:57:30.867, 7, 76805 MiB, 100 %, 278.79 W, 1980 MHz, 16 %, 70
2026/10/10 16:57:31.867, 0, 76805 MiB, 100 %, 249.26 W, 1980 MHz, 16 %, 34
2026/10/10 16:57:31.867, 1, 76805 MiB, 100 %, 268.19 W, 1980 MHz, 16 %, 58
2026/10/10 16:57:31.867, 2, 76805 MiB, 100 %, 248.61 W, 1980 MHz, 16 %, 38
2026/10/10 16:57:31.867, 3, 76805 MiB, 100 %, 245.02 W, 1980 MHz, 16 %, 32
2026/10/10 16:57:31.867, 4, 76805 MiB, 100 %, 240.60 W, 1980 MHz, 16 %, 33
2026/10/10 16:57:31.867, 5, 76805 MiB, 100 %, 250.61 W, 1980 MHz, 17 %, 37
2026/10/10 16:57:31.867, 6, 76805 MiB, 100 %, 238.62 W, 1980 MHz, 16 %, 34
2026/10/10 16:57:31.867, 7, 76805 MiB, 100 %, 278.65 W, 1980 MHz, 17 %, 70
2026/10/10 16:57:32.868, 0, 76805 MiB, 100 %, 248.91 W, 1980 MHz, 17 %, 34
2026/10/10 16:57:32.868, 1, 76805 MiB, 100 %, 269.05 W, 1980 MHz, 16 %, 58
2026/10/10 16:57:32.868, 2, 76805 MiB, 100 %, 248.88 W, 1980 MHz, 16 %, 38
2026/10/10 16:57:32.868, 3, 76805 MiB, 100 %, 246.23 W, 1980 MHz, 16 %, 32
2026/10/10 16:57:32.868, 4, 76805 MiB, 100 %, 241.01 W, 1980 MHz, 16 %, 33
2026/10/10 16:57:32.868, 5, 76805 MiB, 100 %, 249.54 W, 1980 MHz, 17 %, 37
2026/10/10 16:57:32.868, 6, 76805 MiB, 100 %, 239.56 W, 1980 MHz, 16 %, 34
2026/10/10 16:57:32.868, 7, 76805 MiB, 100 %, 278.16 W, 1980 MHz, 17 %, 70
2026/10/10 16:57:33.868, 0, 76805 MiB, 100 %, 416.12 W, 1980 MHz, 49 %, 45
2026/10/10 16:57:33.868, 1, 76805 MiB, 100 %, 412.91 W, 1890 MHz, 49 %, 68
2026/10/10 16:57:33.868, 2, 76805 MiB, 100 %, 390.05 W, 1965 MHz, 49 %, 47
2026/10/10 16:57:33.868, 3, 76805 MiB, 100 %, 399.11 W, 1965 MHz, 49 %, 43
2026/10/10 16:57:33.869, 4, 76805 MiB, 100 %, 392.31 W, 1965 MHz, 49 %, 44
2026/10/10 16:57:33.869, 5, 76805 MiB, 100 %, 402.91 W, 1950 MHz, 50 %, 47
2026/10/10 16:57:33.869, 6, 76805 MiB, 100 %, 390.17 W, 1965 MHz, 48 %, 46
2026/10/10 16:57:33.869, 7, 76805 MiB, 100 %, 440.60 W, 1950 MHz, 50 %, 80
2026/10/10 16:57:34.869, 0, 76805 MiB, 100 %, 380.40 W, 1980 MHz, 17 %, 35
2026/10/10 16:57:34.869, 1, 76805 MiB, 100 %, 427.77 W, 1980 MHz, 16 %, 59
2026/10/10 16:57:34.869, 2, 76805 MiB, 100 %, 414.61 W, 1980 MHz, 16 %, 39
2026/10/10 16:57:34.869, 3, 76805 MiB, 100 %, 418.19 W, 1980 MHz, 16 %, 34
2026/10/10 16:57:34.869, 4, 76805 MiB, 100 %, 414.18 W, 1980 MHz, 16 %, 35
2026/10/10 16:57:34.869, 5, 76805 MiB, 100 %, 413.69 W, 1980 MHz, 16 %, 39
2026/10/10 16:57:34.869, 6, 76805 MiB, 100 %, 393.52 W, 1980 MHz, 16 %, 37
2026/10/10 16:57:34.869, 7, 76805 MiB, 100 %, 422.65 W, 1980 MHz, 16 %, 71
2026/10/10 16:57:35.869, 0, 76805 MiB, 100 %, 250.69 W, 1980 MHz, 17 %, 35
2026/10/10 16:57:35.870, 1, 76805 MiB, 100 %, 268.31 W, 1980 MHz, 16 %, 59
2026/10/10 16:57:35.870, 2, 76805 MiB, 100 %, 251.35 W, 1980 MHz, 17 %, 38
2026/10/10 16:57:35.870, 3, 76805 MiB, 100 %, 246.82 W, 1980 MHz, 16 %, 33
2026/10/10 16:57:35.870, 4, 76805 MiB, 100 %, 242.19 W, 1980 MHz, 16 %, 34
2026/10/10 16:57:35.870, 5, 76805 MiB, 100 %, 247.76 W, 1980 MHz, 16 %, 38
2026/10/10 16:57:35.870, 6, 76805 MiB, 100 %, 238.10 W, 1980 MHz, 16 %, 35
2026/10/10 16:57:35.870, 7, 76805 MiB, 100 %, 281.11 W, 1980 MHz, 17 %, 70
2026/10/10 16:57:36.870, 0, 76805 MiB, 100 %, 250.06 W, 1980 MHz, 17 %, 34
2026/10/10 16:57:36.870, 1, 76805 MiB, 100 %, 268.85 W, 1980 MHz, 17 %, 59
2026/10/10 16:57:36.870, 2, 76805 MiB, 100 %, 250.77 W, 1980 MHz, 16 %, 38
2026/10/10 16:57:36.870, 3, 76805 MiB, 100 %, 242.28 W, 1980 MHz, 16 %, 33
2026/10/10 16:57:36.870, 4, 76805 MiB, 100 %, 241.31 W, 1980 MHz, 16 %, 33
2026/10/10 16:57:36.870, 5, 76805 MiB, 100 %, 249.38 W, 1980 MHz, 17 %, 37
2026/10/10 16:57:36.871, 6, 76805 MiB, 100 %, 238.90 W, 1980 MHz, 16 %, 35
2026/10/10 16:57:36.871, 7, 76805 MiB, 100 %, 279.43 W, 1980 MHz, 17 %, 70
2026/10/10 16:57:37.871, 0, 76805 MiB, 100 %, 248.85 W, 1980 MHz, 16 %, 34
2026/10/10 16:57:37.871, 1, 76805 MiB, 100 %, 267.33 W, 1980 MHz, 16 %, 58
2026/10/10 16:57:37.871, 2, 76805 MiB, 100 %, 250.51 W, 1980 MHz, 16 %, 38
2026/10/10 16:57:37.871, 3, 76805 MiB, 100 %, 243.99 W, 1980 MHz, 16 %, 33
2026/10/10 16:57:37.871, 4, 76805 MiB, 100 %, 241.53 W, 1980 MHz, 16 %, 33
2026/10/10 16:57:37.871, 5, 76805 MiB, 100 %, 247.20 W, 1980 MHz, 16 %, 37
2026/10/10 16:57:37.871, 6, 76805 MiB, 100 %, 239.06 W, 1980 MHz, 17 %, 35
2026/10/10 16:57:37.871, 7, 76805 MiB, 100 %, 280.08 W, 1980 MHz, 17 %, 70
2026/10/10 16:57:38.871, 0, 76805 MiB, 100 %, 247.75 W, 1980 MHz, 17 %, 34
2026/10/10 16:57:38.872, 1, 76805 MiB, 100 %, 267.85 W, 1980 MHz, 17 %, 58
2026/10/10 16:57:38.872, 2, 76805 MiB, 100 %, 251.05 W, 1980 MHz, 16 %, 38
2026/10/10 16:57:38.872, 3, 76805 MiB, 100 %, 243.35 W, 1980 MHz, 16 %, 32
2026/10/10 16:57:38.872, 4, 76805 MiB, 100 %, 241.69 W, 1980 MHz, 16 %, 33
2026/10/10 16:57:38.872, 5, 76805 MiB, 100 %, 249.11 W, 1980 MHz, 16 %, 37
2026/10/10 16:57:38.872, 6, 76805 MiB, 100 %, 238.49 W, 1980 MHz, 16 %, 35
2026/10/10 16:57:38.872, 7, 76805 MiB, 100 %, 279.55 W, 1980 MHz, 17 %, 70
2026/10/10 16:57:39.872, 0, 76805 MiB, 100 %, 248.00 W, 1980 MHz, 16 %, 34
2026/10/10 16:57:39.872, 1, 76805 MiB, 100 %, 268.15 W, 1980 MHz, 17 %, 58
2026/10/10 16:57:39.872, 2, 76805 MiB, 100 %, 251.18 W, 1980 MHz, 16 %, 38
2026/10/10 16:57:39.872, 3, 76805 MiB, 100 %, 243.40 W, 1980 MHz, 16 %, 32
2026/10/10 16:57:39.872, 4, 76805 MiB, 100 %, 243.15 W, 1980 MHz, 16 %, 33
2026/10/10 16:57:39.872, 5, 76805 MiB, 100 %, 249.88 W, 1980 MHz, 16 %, 37
2026/10/10 16:57:39.872, 6, 76805 MiB, 100 %, 238.52 W, 1980 MHz, 16 %, 34
2026/10/10 16:57:39.872, 7, 76805 MiB, 100 %, 278.70 W, 1980 MHz, 16 %, 70
2026/10/10 16:57:40.873, 0, 76805 MiB, 100 %, 247.74 W, 1980 MHz, 16 %, 34
2026/10/10 16:57:40.873, 1, 76805 MiB, 100 %, 268.55 W, 1980 MHz, 17 %, 58
2026/10/10 16:57:40.873, 2, 76805 MiB, 100 %, 252.18 W, 1980 MHz, 17 %, 38
2026/10/10 16:57:40.873, 3, 76805 MiB, 100 %, 241.98 W, 1980 MHz, 16 %, 32
2026/10/10 16:57:40.873, 4, 76805 MiB, 100 %, 241.98 W, 1980 MHz, 16 %, 33
2026/10/10 16:57:40.873, 5, 76805 MiB, 100 %, 250.15 W, 1980 MHz, 16 %, 37
2026/10/10 16:57:40.873, 6, 76805 MiB, 100 %, 238.36 W, 1980 MHz, 16 %, 34
2026/10/10 16:57:40.873, 7, 76805 MiB, 100 %, 278.62 W, 1980 MHz, 17 %, 70
2026/10/10 16:57:41.873, 0, 76805 MiB, 100 %, 248.24 W, 1980 MHz, 17 %, 34
2026/10/10 16:57:41.873, 1, 76805 MiB, 100 %, 270.26 W, 1980 MHz, 17 %, 58
2026/10/10 16:57:41.874, 2, 76805 MiB, 100 %, 250.37 W, 1980 MHz, 16 %, 38
2026/10/10 16:57:41.874, 3, 76805 MiB, 100 %, 243.76 W, 1980 MHz, 16 %, 32
2026/10/10 16:57:41.874, 4, 76805 MiB, 100 %, 240.86 W, 1980 MHz, 16 %, 33
2026/10/10 16:57:41.874, 5, 76805 MiB, 100 %, 248.38 W, 1980 MHz, 16 %, 37
2026/10/10 16:57:41.874, 6, 76805 MiB, 100 %, 239.00 W, 1980 MHz, 17 %, 34
2026/10/10 16:57:41.874, 7, 76805 MiB, 100 %, 278.01 W, 1980 MHz, 16 %, 70
2026/10/10 16:57:42.874, 0, 76805 MiB, 100 %, 248.31 W, 1980 MHz, 16 %, 34
2026/10/10 16:57:42.874, 1, 76805 MiB, 100 %, 269.74 W, 1980 MHz, 17 %, 58
2026/10/10 16:57:42.874, 2, 76805 MiB, 100 %, 250.38 W, 1980 MHz, 16 %, 38
2026/10/10 16:57:42.874, 3, 76805 MiB, 100 %, 245.11 W, 1980 MHz, 17 %, 32
2026/10/10 16:57:42.874, 4, 76805 MiB, 100 %, 241.42 W, 1980 MHz, 16 %, 33
2026/10/10 16:57:42.874, 5, 76805 MiB, 100 %, 249.15 W, 1980 MHz, 16 %, 37
2026/10/10 16:57:42.874, 6, 76805 MiB, 100 %, 239.00 W, 1980 MHz, 17 %, 34
2026/10/10 16:57:42.874, 7, 76805 MiB, 100 %, 278.52 W, 1980 MHz, 17 %, 70
2026/10/10 16:57:43.875, 0, 76805 MiB, 100 %, 248.86 W, 1980 MHz, 16 %, 34
2026/10/10 16:57:43.875, 1, 76805 MiB, 100 %, 269.11 W, 1980 MHz, 16 %, 58
2026/10/10 16:57:43.875, 2, 76805 MiB, 100 %, 250.02 W, 1980 MHz, 16 %, 38
2026/10/10 16:57:43.875, 3, 76805 MiB, 100 %, 244.58 W, 1980 MHz, 17 %, 32
2026/10/10 16:57:43.875, 4, 76805 MiB, 100 %, 241.00 W, 1980 MHz, 16 %, 33
2026/10/10 16:57:43.875, 5, 76805 MiB, 100 %, 248.04 W, 1980 MHz, 16 %, 37
2026/10/10 16:57:43.875, 6, 76805 MiB, 100 %, 240.01 W, 1980 MHz, 17 %, 34
2026/10/10 16:57:43.875, 7, 76805 MiB, 100 %, 278.92 W, 1980 MHz, 16 %, 70
2026/10/10 16:57:44.875, 0, 76805 MiB, 100 %, 248.93 W, 1980 MHz, 17 %, 34
2026/10/10 16:57:44.875, 1, 76805 MiB, 100 %, 268.89 W, 1980 MHz, 16 %, 58
2026/10/10 16:57:44.875, 2, 76805 MiB, 100 %, 250.08 W, 1980 MHz, 16 %, 38
2026/10/10 16:57:44.875, 3, 76805 MiB, 100 %, 245.78 W, 1980 MHz, 17 %, 32
2026/10/10 16:57:44.875, 4, 76805 MiB, 100 %, 241.62 W, 1980 MHz, 16 %, 33
2026/10/10 16:57:44.876, 5, 76805 MiB, 100 %, 248.34 W, 1980 MHz, 16 %, 37
2026/10/10 16:57:44.876, 6, 76805 MiB, 100 %, 240.14 W, 1980 MHz, 16 %, 34
2026/10/10 16:57:44.876, 7, 76805 MiB, 100 %, 279.39 W, 1980 MHz, 17 %, 70
2026/10/10 16:57:45.876, 0, 76805 MiB, 100 %, 249.05 W, 1980 MHz, 17 %, 34
2026/10/10 16:57:45.876, 1, 76805 MiB, 100 %, 268.34 W, 1980 MHz, 16 %, 58
2026/10/10 16:57:45.876, 2, 76805 MiB, 100 %, 249.55 W, 1980 MHz, 16 %, 38
2026/10/10 16:57:45.876, 3, 76805 MiB, 100 %, 245.54 W, 1980 MHz, 17 %, 32
2026/10/10 16:57:45.876, 4, 76805 MiB, 100 %, 241.71 W, 1980 MHz, 16 %, 33
2026/10/10 16:57:45.876, 5, 76805 MiB, 100 %, 248.80 W, 1980 MHz, 16 %, 37
2026/10/10 16:57:45.876, 6, 76805 MiB, 100 %, 240.01 W, 1980 MHz, 17 %, 34
2026/10/10 16:57:45.876, 7, 76805 MiB, 100 %, 279.93 W, 1980 MHz, 17 %, 70
2026/10/10 16:57:46.877, 0, 76805 MiB, 100 %, 247.89 W, 1980 MHz, 16 %, 34
2026/10/10 16:57:46.877, 1, 76805 MiB, 100 %, 267.82 W, 1980 MHz, 16 %, 58
2026/10/10 16:57:46.877, 2, 76805 MiB, 100 %, 250.29 W, 1980 MHz, 17 %, 38
2026/10/10 16:57:46.877, 3, 76805 MiB, 100 %, 245.99 W, 1980 MHz, 17 %, 32
2026/10/10 16:57:46.877, 4, 76805 MiB, 100 %, 241.32 W, 1980 MHz, 16 %, 33
2026/10/10 16:57:46.877, 5, 76805 MiB, 100 %, 248.14 W, 1980 MHz, 17 %, 37
2026/10/10 16:57:46.877, 6, 76805 MiB, 100 %, 240.16 W, 1980 MHz, 17 %, 34
2026/10/10 16:57:46.877, 7, 76805 MiB, 100 %, 278.57 W, 1980 MHz, 16 %, 70
2026/10/10 16:57:47.877, 0, 76805 MiB, 100 %, 248.93 W, 1980 MHz, 16 %, 34
2026/10/10 16:57:47.877, 1, 76805 MiB, 100 %, 267.05 W, 1980 MHz, 16 %, 58
2026/10/10 16:57:47.877, 2, 76805 MiB, 100 %, 250.83 W, 1980 MHz, 16 %, 38
2026/10/10 16:57:47.878, 3, 76805 MiB, 100 %, 246.29 W, 1980 MHz, 17 %, 32
2026/10/10 16:57:47.878, 4, 76805 MiB, 100 %, 241.81 W, 1980 MHz, 16 %, 33
2026/10/10 16:57:47.878, 5, 76805 MiB, 100 %, 248.67 W, 1980 MHz, 16 %, 37
2026/10/10 16:57:47.878, 6, 76805 MiB, 100 %, 239.43 W, 1980 MHz, 16 %, 34
2026/10/10 16:57:47.878, 7, 76805 MiB, 100 %, 280.29 W, 1980 MHz, 17 %, 70
2026/10/10 16:57:48.878, 0, 76805 MiB, 100 %, 248.49 W, 1980 MHz, 17 %, 34
2026/10/10 16:57:48.878, 1, 76805 MiB, 100 %, 268.86 W, 1980 MHz, 16 %, 58
2026/10/10 16:57:48.878, 2, 76805 MiB, 100 %, 251.40 W, 1980 MHz, 17 %, 38
2026/10/10 16:57:48.878, 3, 76805 MiB, 100 %, 244.75 W, 1980 MHz, 16 %, 32
2026/10/10 16:57:48.878, 4, 76805 MiB, 100 %, 242.03 W, 1980 MHz, 16 %, 33
2026/10/10 16:57:48.878, 5, 76805 MiB, 100 %, 248.48 W, 1980 MHz, 16 %, 37
2026/10/10 16:57:48.878, 6, 76805 MiB, 100 %, 239.14 W, 1980 MHz, 17 %, 34
2026/10/10 16:57:48.878, 7, 76805 MiB, 100 %, 279.07 W, 1980 MHz, 17 %, 70
2026/10/10 16:57:49.878, 0, 76805 MiB, 100 %, 248.53 W, 1980 MHz, 16 %, 34
2026/10/10 16:57:49.879, 1, 76805 MiB, 100 %, 267.27 W, 1980 MHz, 16 %, 58
2026/10/10 16:57:49.879, 2, 76805 MiB, 100 %, 250.74 W, 1980 MHz, 17 %, 38
2026/10/10 16:57:49.879, 3, 76805 MiB, 100 %, 245.62 W, 1980 MHz, 16 %, 32
2026/10/10 16:57:49.879, 4, 76805 MiB, 100 %, 241.28 W, 1980 MHz, 16 %, 33
2026/10/10 16:57:49.879, 5, 76805 MiB, 100 %, 247.84 W, 1980 MHz, 16 %, 37
2026/10/10 16:57:49.879, 6, 76805 MiB, 100 %, 239.60 W, 1980 MHz, 17 %, 34
2026/10/10 16:57:49.879, 7, 76805 MiB, 100 %, 279.23 W, 1980 MHz, 16 %, 70
2026/10/10 16:57:50.879, 0, 76805 MiB, 100 %, 551.45 W, 1965 MHz, 47 %, 43
2026/10/10 16:57:50.879, 1, 76805 MiB, 100 %, 581.30 W, 1935 MHz, 47 %, 69
2026/10/10 16:57:50.879, 2, 76805 MiB, 100 %, 552.41 W, 1965 MHz, 47 %, 49
2026/10/10 16:57:50.879, 3, 76805 MiB, 100 %, 555.49 W, 1965 MHz, 47 %, 45
2026/10/10 16:57:50.879, 4, 76805 MiB, 100 %, 566.33 W, 1965 MHz, 47 %, 47
2026/10/10 16:57:50.880, 5, 76805 MiB, 100 %, 563.21 W, 1950 MHz, 47 %, 50
2026/10/10 16:57:50.880, 6, 76805 MiB, 100 %, 549.22 W, 1965 MHz, 47 %, 48
2026/10/10 16:57:50.880, 7, 76805 MiB, 100 %, 593.59 W, 1935 MHz, 43 %, 81
2026/10/10 16:57:51.880, 0, 76805 MiB, 100 %, 247.64 W, 1980 MHz, 17 %, 35
2026/10/10 16:57:51.880, 1, 76805 MiB, 100 %, 261.55 W, 1980 MHz, 16 %, 59
2026/10/10 16:57:51.880, 2, 76805 MiB, 100 %, 268.73 W, 1980 MHz, 17 %, 39
2026/10/10 16:57:51.880, 3, 76805 MiB, 100 %, 262.21 W, 1980 MHz, 17 %, 34
2026/10/10 16:57:51.880, 4, 76805 MiB, 100 %, 248.19 W, 1980 MHz, 17 %, 34
2026/10/10 16:57:51.880, 5, 76805 MiB, 100 %, 261.81 W, 1980 MHz, 16 %, 38
2026/10/10 16:57:51.880, 6, 76805 MiB, 100 %, 239.52 W, 1980 MHz, 16 %, 36
2026/10/10 16:57:51.880, 7, 76805 MiB, 100 %, 278.48 W, 1980 MHz, 16 %, 71
2026/10/10 16:57:52.881, 0, 76805 MiB, 100 %, 249.56 W, 1980 MHz, 17 %, 35
2026/10/10 16:57:52.881, 1, 76805 MiB, 100 %, 266.63 W, 1980 MHz, 17 %, 59
2026/10/10 16:57:52.881, 2, 76805 MiB, 100 %, 249.86 W, 1980 MHz, 16 %, 38
2026/10/10 16:57:52.881, 3, 76805 MiB, 100 %, 247.14 W, 1980 MHz, 16 %, 33
2026/10/10 16:57:52.881, 4, 76805 MiB, 100 %, 243.27 W, 1980 MHz, 16 %, 34
2026/10/10 16:57:52.881, 5, 76805 MiB, 100 %, 249.00 W, 1980 MHz, 16 %, 37
2026/10/10 16:57:52.881, 6, 76805 MiB, 100 %, 238.30 W, 1980 MHz, 17 %, 35
2026/10/10 16:57:52.881, 7, 76805 MiB, 100 %, 277.73 W, 1980 MHz, 16 %, 70
2026/10/10 16:57:53.881, 0, 76805 MiB, 100 %, 249.03 W, 1980 MHz, 16 %, 34
2026/10/10 16:57:53.881, 1, 76805 MiB, 100 %, 267.06 W, 1980 MHz, 16 %, 58
2026/10/10 16:57:53.881, 2, 76805 MiB, 100 %, 249.28 W, 1980 MHz, 16 %, 38
2026/10/10 16:57:53.881, 3, 76805 MiB, 100 %, 244.14 W, 1980 MHz, 16 %, 33
2026/10/10 16:57:53.882, 4, 76805 MiB, 100 %, 242.07 W, 1980 MHz, 16 %, 33
2026/10/10 16:57:53.882, 5, 76805 MiB, 100 %, 249.30 W, 1980 MHz, 17 %, 37
2026/10/10 16:57:53.882, 6, 76805 MiB, 100 %, 238.28 W, 1980 MHz, 16 %, 35
2026/10/10 16:57:53.882, 7, 76805 MiB, 100 %, 277.18 W, 1980 MHz, 16 %, 70
2026/10/10 16:57:54.882, 0, 76805 MiB, 100 %, 248.28 W, 1980 MHz, 16 %, 34
2026/10/10 16:57:54.882, 1, 76805 MiB, 100 %, 267.23 W, 1980 MHz, 16 %, 58
2026/10/10 16:57:54.882, 2, 76805 MiB, 100 %, 251.17 W, 1980 MHz, 17 %, 38
2026/10/10 16:57:54.882, 3, 76805 MiB, 100 %, 242.54 W, 1980 MHz, 16 %, 32
2026/10/10 16:57:54.882, 4, 76805 MiB, 100 %, 242.19 W, 1980 MHz, 16 %, 33
2026/10/10 16:57:54.882, 5, 76805 MiB, 100 %, 251.70 W, 1980 MHz, 17 %, 37
2026/10/10 16:57:54.882, 6, 76805 MiB, 100 %, 237.25 W, 1980 MHz, 16 %, 35
2026/10/10 16:57:54.882, 7, 76805 MiB, 100 %, 275.07 W, 1980 MHz, 16 %, 70
2026/10/10 16:57:55.883, 0, 76805 MiB, 100 %, 248.10 W, 1980 MHz, 16 %, 34
2026/10/10 16:57:55.883, 1, 76805 MiB, 100 %, 264.70 W, 1980 MHz, 16 %, 58
2026/10/10 16:57:55.883, 2, 76805 MiB, 100 %, 252.88 W, 1980 MHz, 17 %, 38
2026/10/10 16:57:55.883, 3, 76805 MiB, 100 %, 241.63 W, 1980 MHz, 16 %, 32
2026/10/10 16:57:55.883, 4, 76805 MiB, 100 %, 241.30 W, 1980 MHz, 16 %, 33
2026/10/10 16:57:55.883, 5, 76805 MiB, 100 %, 251.97 W, 1980 MHz, 17 %, 37
2026/10/10 16:57:55.883, 6, 76805 MiB, 100 %, 237.13 W, 1980 MHz, 16 %, 34
2026/10/10 16:57:55.883, 7, 76805 MiB, 100 %, 275.11 W, 1980 MHz, 16 %, 70
2026/10/10 16:57:56.883, 0, 76805 MiB, 100 %, 248.82 W, 1980 MHz, 17 %, 34
2026/10/10 16:57:56.883, 1, 76805 MiB, 100 %, 264.89 W, 1980 MHz, 16 %, 58
2026/10/10 16:57:56.883, 2, 76805 MiB, 100 %, 252.75 W, 1980 MHz, 17 %, 38
2026/10/10 16:57:56.883, 3, 76805 MiB, 100 %, 242.61 W, 1980 MHz, 16 %, 32
2026/10/10 16:57:56.883, 4, 76805 MiB, 100 %, 241.12 W, 1980 MHz, 16 %, 33
2026/10/10 16:57:56.883, 5, 76805 MiB, 100 %, 251.66 W, 1980 MHz, 17 %, 37
2026/10/10 16:57:56.884, 6, 76805 MiB, 100 %, 235.68 W, 1980 MHz, 16 %, 34
2026/10/10 16:57:56.884, 7, 76805 MiB, 100 %, 275.86 W, 1980 MHz, 16 %, 70
2026/10/10 16:57:57.884, 0, 76805 MiB, 100 %, 249.18 W, 1980 MHz, 17 %, 34
2026/10/10 16:57:57.884, 1, 76805 MiB, 100 %, 264.10 W, 1980 MHz, 16 %, 58
2026/10/10 16:57:57.884, 2, 76805 MiB, 100 %, 252.07 W, 1980 MHz, 17 %, 38
2026/10/10 16:57:57.884, 3, 76805 MiB, 100 %, 243.36 W, 1980 MHz, 16 %, 32
2026/10/10 16:57:57.884, 4, 76805 MiB, 100 %, 240.63 W, 1980 MHz, 16 %, 33
2026/10/10 16:57:57.884, 5, 76805 MiB, 100 %, 251.60 W, 1980 MHz, 17 %, 37
2026/10/10 16:57:57.884, 6, 76805 MiB, 100 %, 237.90 W, 1980 MHz, 16 %, 34
2026/10/10 16:57:57.884, 7, 76805 MiB, 100 %, 275.37 W, 1980 MHz, 16 %, 70
2026/10/10 16:57:58.884, 0, 76805 MiB, 100 %, 248.56 W, 1980 MHz, 17 %, 34
2026/10/10 16:57:58.885, 1, 76805 MiB, 100 %, 263.65 W, 1980 MHz, 16 %, 58
2026/10/10 16:57:58.885, 2, 76805 MiB, 100 %, 252.86 W, 1980 MHz, 17 %, 38
2026/10/10 16:57:58.885, 3, 76805 MiB, 100 %, 243.28 W, 1980 MHz, 16 %, 32
2026/10/10 16:57:58.885, 4, 76805 MiB, 100 %, 241.59 W, 1980 MHz, 16 %, 33
2026/10/10 16:57:58.885, 5, 76805 MiB, 100 %, 250.84 W, 1980 MHz, 17 %, 37
2026/10/10 16:57:58.885, 6, 76805 MiB, 100 %, 238.11 W, 1980 MHz, 16 %, 34
2026/10/10 16:57:58.885, 7, 76805 MiB, 100 %, 275.06 W, 1980 MHz, 16 %, 70
2026/10/10 16:57:59.885, 0, 76805 MiB, 100 %, 248.90 W, 1980 MHz, 16 %, 34
2026/10/10 16:57:59.885, 1, 76805 MiB, 100 %, 263.99 W, 1980 MHz, 16 %, 58
2026/10/10 16:57:59.885, 2, 76805 MiB, 100 %, 252.70 W, 1980 MHz, 17 %, 38
2026/10/10 16:57:59.885, 3, 76805 MiB, 100 %, 243.35 W, 1980 MHz, 16 %, 32
2026/10/10 16:57:59.885, 4, 76805 MiB, 100 %, 240.53 W, 1980 MHz, 16 %, 33
2026/10/10 16:57:59.885, 5, 76805 MiB, 100 %, 251.61 W, 1980 MHz, 17 %, 37
2026/10/10 16:57:59.885, 6, 76805 MiB, 100 %, 237.84 W, 1980 MHz, 16 %, 34
2026/10/10 16:57:59.885, 7, 76805 MiB, 100 %, 275.60 W, 1980 MHz, 16 %, 70
2026/10/10 16:58:00.886, 0, 76805 MiB, 100 %, 248.91 W, 1980 MHz, 17 %, 34
2026/10/10 16:58:00.886, 1, 76805 MiB, 100 %, 263.85 W, 1980 MHz, 16 %, 58
2026/10/10 16:58:00.886, 2, 76805 MiB, 100 %, 252.63 W, 1980 MHz, 17 %, 38
2026/10/10 16:58:00.886, 3, 76805 MiB, 100 %, 243.33 W, 1980 MHz, 16 %, 32
2026/10/10 16:58:00.886, 4, 76805 MiB, 100 %, 240.41 W, 1980 MHz, 16 %, 33
2026/10/10 16:58:00.886, 5, 76805 MiB, 100 %, 249.72 W, 1980 MHz, 17 %, 37
2026/10/10 16:58:00.886, 6, 76805 MiB, 100 %, 237.79 W, 1980 MHz, 16 %, 34
2026/10/10 16:58:00.886, 7, 76805 MiB, 100 %, 275.01 W, 1980 MHz, 16 %, 70
2026/10/10 16:58:01.886, 0, 76805 MiB, 100 %, 248.49 W, 1980 MHz, 17 %, 34
2026/10/10 16:58:01.886, 1, 76805 MiB, 100 %, 265.34 W, 1980 MHz, 16 %, 58
2026/10/10 16:58:01.887, 2, 76805 MiB, 100 %, 252.55 W, 1980 MHz, 17 %, 38
2026/10/10 16:58:01.887, 3, 76805 MiB, 100 %, 242.00 W, 1980 MHz, 16 %, 32
2026/10/10 16:58:01.887, 4, 76805 MiB, 100 %, 239.79 W, 1980 MHz, 16 %, 33
2026/10/10 16:58:01.887, 5, 76805 MiB, 100 %, 251.36 W, 1980 MHz, 17 %, 37
2026/10/10 16:58:01.887, 6, 76805 MiB, 100 %, 238.78 W, 1980 MHz, 17 %, 34
2026/10/10 16:58:01.887, 7, 76805 MiB, 100 %, 275.92 W, 1980 MHz, 16 %, 70
2026/10/10 16:58:02.887, 0, 76805 MiB, 100 %, 248.14 W, 1980 MHz, 17 %, 34
2026/10/10 16:58:02.887, 1, 76805 MiB, 100 %, 263.93 W, 1980 MHz, 16 %, 58
2026/10/10 16:58:02.887, 2, 76805 MiB, 100 %, 253.03 W, 1980 MHz, 17 %, 38
2026/10/10 16:58:02.887, 3, 76805 MiB, 100 %, 242.40 W, 1980 MHz, 16 %, 32
2026/10/10 16:58:02.887, 4, 76805 MiB, 100 %, 239.61 W, 1980 MHz, 16 %, 33
2026/10/10 16:58:02.887, 5, 76805 MiB, 100 %, 251.31 W, 1980 MHz, 17 %, 37
2026/10/10 16:58:02.887, 6, 76805 MiB, 100 %, 239.14 W, 1980 MHz, 17 %, 34
2026/10/10 16:58:02.887, 7, 76805 MiB, 100 %, 275.14 W, 1980 MHz, 16 %, 70
2026/10/10 16:58:03.888, 0, 76805 MiB, 100 %, 248.26 W, 1980 MHz, 16 %, 34
2026/10/10 16:58:03.888, 1, 76805 MiB, 100 %, 263.08 W, 1980 MHz, 16 %, 58
2026/10/10 16:58:03.888, 2, 76805 MiB, 100 %, 252.81 W, 1980 MHz, 17 %, 38
2026/10/10 16:58:03.888, 3, 76805 MiB, 100 %, 242.55 W, 1980 MHz, 16 %, 32
2026/10/10 16:58:03.888, 4, 76805 MiB, 100 %, 240.09 W, 1980 MHz, 16 %, 33
2026/10/10 16:58:03.888, 5, 76805 MiB, 100 %, 250.07 W, 1980 MHz, 17 %, 37
2026/10/10 16:58:03.888, 6, 76805 MiB, 100 %, 239.55 W, 1980 MHz, 16 %, 34
2026/10/10 16:58:03.888, 7, 76805 MiB, 100 %, 274.75 W, 1980 MHz, 16 %, 70
2026/10/10 16:58:04.888, 0, 76805 MiB, 100 %, 249.34 W, 1980 MHz, 17 %, 34
2026/10/10 16:58:04.888, 1, 76805 MiB, 100 %, 264.33 W, 1980 MHz, 16 %, 58
2026/10/10 16:58:04.888, 2, 76805 MiB, 100 %, 253.00 W, 1980 MHz, 17 %, 38
2026/10/10 16:58:04.889, 3, 76805 MiB, 100 %, 242.57 W, 1980 MHz, 16 %, 32
2026/10/10 16:58:04.889, 4, 76805 MiB, 100 %, 240.30 W, 1980 MHz, 16 %, 33
2026/10/10 16:58:04.889, 5, 76805 MiB, 100 %, 250.40 W, 1980 MHz, 17 %, 37
2026/10/10 16:58:04.889, 6, 76805 MiB, 100 %, 239.12 W, 1980 MHz, 16 %, 34
2026/10/10 16:58:04.889, 7, 76805 MiB, 100 %, 273.21 W, 1980 MHz, 16 %, 70
2026/10/10 16:58:05.889, 0, 76805 MiB, 100 %, 249.18 W, 1980 MHz, 17 %, 34
2026/10/10 16:58:05.889, 1, 76805 MiB, 100 %, 264.02 W, 1980 MHz, 16 %, 58
2026/10/10 16:58:05.889, 2, 76805 MiB, 100 %, 252.89 W, 1980 MHz, 17 %, 38
2026/10/10 16:58:05.889, 3, 76805 MiB, 100 %, 241.80 W, 1980 MHz, 16 %, 32
2026/10/10 16:58:05.889, 4, 76805 MiB, 100 %, 241.10 W, 1980 MHz, 16 %, 33
2026/10/10 16:58:05.889, 5, 76805 MiB, 100 %, 250.70 W, 1980 MHz, 17 %, 37
2026/10/10 16:58:05.889, 6, 76805 MiB, 100 %, 239.81 W, 1980 MHz, 17 %, 34
2026/10/10 16:58:05.889, 7, 76805 MiB, 100 %, 274.65 W, 1980 MHz, 16 %, 70
2026/10/10 16:58:06.890, 0, 76805 MiB, 100 %, 267.96 W, 1980 MHz, 16 %, 38
2026/10/10 16:58:06.890, 1, 76805 MiB, 73 %, 295.50 W, 1980 MHz, 12 %, 58
2026/10/10 16:58:06.890, 2, 76805 MiB, 100 %, 283.21 W, 1980 MHz, 17 %, 43
2026/10/10 16:58:06.890, 3, 76805 MiB, 100 %, 238.95 W, 1980 MHz, 16 %, 32
2026/10/10 16:58:06.890, 4, 76805 MiB, 97 %, 240.09 W, 1980 MHz, 16 %, 32
2026/10/10 16:58:06.890, 5, 76805 MiB, 48 %, 246.45 W, 1980 MHz, 8 %, 37
2026/10/10 16:58:06.890, 6, 76805 MiB, 85 %, 243.82 W, 1980 MHz, 14 %, 33
2026/10/10 16:58:06.890, 7, 76805 MiB, 48 %, 280.86 W, 1980 MHz, 18 %, 69
2026/10/10 16:58:07.890, 0, 76805 MiB, 100 %, 527.79 W, 1980 MHz, 16 %, 36
2026/10/10 16:58:07.890, 1, 76805 MiB, 100 %, 552.65 W, 1980 MHz, 16 %, 59
2026/10/10 16:58:07.890, 2, 76805 MiB, 100 %, 529.21 W, 1980 MHz, 16 %, 40
2026/10/10 16:58:07.891, 3, 76805 MiB, 100 %, 572.70 W, 1965 MHz, 16 %, 36
2026/10/10 16:58:07.891, 4, 76805 MiB, 100 %, 557.89 W, 1980 MHz, 16 %, 36
2026/10/10 16:58:07.891, 5, 76805 MiB, 100 %, 570.88 W, 1980 MHz, 16 %, 41
2026/10/10 16:58:07.891, 6, 76805 MiB, 100 %, 537.73 W, 1980 MHz, 16 %, 38
2026/10/10 16:58:07.891, 7, 76805 MiB, 100 %, 578.47 W, 1965 MHz, 17 %, 72
2026/10/10 16:58:08.891, 0, 76805 MiB, 100 %, 249.29 W, 1980 MHz, 17 %, 35
2026/10/10 16:58:08.891, 1, 76805 MiB, 100 %, 269.27 W, 1980 MHz, 17 %, 59
2026/10/10 16:58:08.891, 2, 76805 MiB, 100 %, 250.31 W, 1980 MHz, 16 %, 38
2026/10/10 16:58:08.891, 3, 76805 MiB, 100 %, 245.34 W, 1980 MHz, 16 %, 33
2026/10/10 16:58:08.891, 4, 76805 MiB, 100 %, 241.63 W, 1980 MHz, 16 %, 34
2026/10/10 16:58:08.891, 5, 76805 MiB, 100 %, 249.81 W, 1980 MHz, 17 %, 38
2026/10/10 16:58:08.891, 6, 76805 MiB, 100 %, 240.50 W, 1980 MHz, 17 %, 35
2026/10/10 16:58:08.891, 7, 76805 MiB, 100 %, 281.09 W, 1980 MHz, 17 %, 70
2026/10/10 16:58:09.891, 0, 76805 MiB, 100 %, 249.33 W, 1980 MHz, 16 %, 34
2026/10/10 16:58:09.892, 1, 76805 MiB, 100 %, 265.67 W, 1980 MHz, 17 %, 58
2026/10/10 16:58:09.892, 2, 76805 MiB, 100 %, 250.23 W, 1980 MHz, 17 %, 38
2026/10/10 16:58:09.892, 3, 76805 MiB, 100 %, 247.67 W, 1980 MHz, 17 %, 33
2026/10/10 16:58:09.892, 4, 76805 MiB, 100 %, 243.87 W, 1980 MHz, 16 %, 33
2026/10/10 16:58:09.892, 5, 76805 MiB, 100 %, 248.47 W, 1980 MHz, 17 %, 37
2026/10/10 16:58:09.892, 6, 76805 MiB, 100 %, 239.12 W, 1980 MHz, 16 %, 35
2026/10/10 16:58:09.892, 7, 76805 MiB, 100 %, 277.98 W, 1980 MHz, 16 %, 70
2026/10/10 16:58:10.892, 0, 76805 MiB, 100 %, 248.66 W, 1980 MHz, 16 %, 34
2026/10/10 16:58:10.892, 1, 76805 MiB, 100 %, 268.61 W, 1980 MHz, 17 %, 58
2026/10/10 16:58:10.892, 2, 76805 MiB, 100 %, 250.08 W, 1980 MHz, 16 %, 38
2026/10/10 16:58:10.892, 3, 76805 MiB, 100 %, 248.02 W, 1980 MHz, 16 %, 33
2026/10/10 16:58:10.892, 4, 76805 MiB, 100 %, 244.14 W, 1980 MHz, 17 %, 33
2026/10/10 16:58:10.892, 5, 76805 MiB, 100 %, 247.73 W, 1980 MHz, 16 %, 37
2026/10/10 16:58:10.893, 6, 76805 MiB, 100 %, 237.88 W, 1980 MHz, 16 %, 35
2026/10/10 16:58:10.893, 7, 76805 MiB, 100 %, 278.17 W, 1980 MHz, 16 %, 70
2026/10/10 16:58:11.893, 0, 76805 MiB, 100 %, 247.10 W, 1980 MHz, 16 %, 34
2026/10/10 16:58:11.893, 1, 76805 MiB, 100 %, 268.20 W, 1980 MHz, 17 %, 58
2026/10/10 16:58:11.893, 2, 76805 MiB, 100 %, 250.29 W, 1980 MHz, 16 %, 38
2026/10/10 16:58:11.893, 3, 76805 MiB, 100 %, 245.99 W, 1980 MHz, 16 %, 33
2026/10/10 16:58:11.893, 4, 76805 MiB, 100 %, 244.01 W, 1980 MHz, 16 %, 33
2026/10/10 16:58:11.893, 5, 76805 MiB, 100 %, 248.30 W, 1980 MHz, 16 %, 37
2026/10/10 16:58:11.893, 6, 76805 MiB, 100 %, 239.05 W, 1980 MHz, 17 %, 35
2026/10/10 16:58:11.893, 7, 76805 MiB, 100 %, 280.10 W, 1980 MHz, 17 %, 70
2026/10/10 16:58:12.893, 0, 76805 MiB, 100 %, 248.10 W, 1980 MHz, 16 %, 34
2026/10/10 16:58:12.893, 1, 76805 MiB, 100 %, 267.71 W, 1980 MHz, 16 %, 58
2026/10/10 16:58:12.894, 2, 76805 MiB, 100 %, 251.04 W, 1980 MHz, 16 %, 38
2026/10/10 16:58:12.894, 3, 76805 MiB, 100 %, 246.67 W, 1980 MHz, 16 %, 32
2026/10/10 16:58:12.894, 4, 76805 MiB, 100 %, 243.02 W, 1980 MHz, 17 %, 33
2026/10/10 16:58:12.894, 5, 76805 MiB, 100 %, 248.68 W, 1980 MHz, 17 %, 37
2026/10/10 16:58:12.894, 6, 76805 MiB, 100 %, 240.02 W, 1980 MHz, 16 %, 34
2026/10/10 16:58:12.894, 7, 76805 MiB, 100 %, 280.58 W, 1980 MHz, 17 %, 70
2026/10/10 16:58:13.894, 0, 76805 MiB, 100 %, 247.79 W, 1980 MHz, 16 %, 34
2026/10/10 16:58:13.894, 1, 76805 MiB, 100 %, 265.70 W, 1980 MHz, 17 %, 58
2026/10/10 16:58:13.894, 2, 76805 MiB, 100 %, 249.45 W, 1980 MHz, 17 %, 38
2026/10/10 16:58:13.894, 3, 76805 MiB, 100 %, 246.06 W, 1980 MHz, 16 %, 32
2026/10/10 16:58:13.894, 4, 76805 MiB, 100 %, 244.54 W, 1980 MHz, 17 %, 33
2026/10/10 16:58:13.894, 5, 76805 MiB, 100 %, 248.79 W, 1980 MHz, 17 %, 37
2026/10/10 16:58:13.894, 6, 76805 MiB, 100 %, 238.83 W, 1980 MHz, 16 %, 34
2026/10/10 16:58:13.894, 7, 76805 MiB, 100 %, 278.55 W, 1980 MHz, 16 %, 70
2026/10/10 16:58:14.895, 0, 76805 MiB, 100 %, 247.60 W, 1980 MHz, 17 %, 34
2026/10/10 16:58:14.895, 1, 76805 MiB, 100 %, 268.67 W, 1980 MHz, 16 %, 58
2026/10/10 16:58:14.895, 2, 76805 MiB, 100 %, 249.07 W, 1980 MHz, 16 %, 38
2026/10/10 16:58:14.895, 3, 76805 MiB, 100 %, 245.83 W, 1980 MHz, 16 %, 32
2026/10/10 16:58:14.895, 4, 76805 MiB, 100 %, 243.90 W, 1980 MHz, 17 %, 33
2026/10/10 16:58:14.895, 5, 76805 MiB, 100 %, 248.31 W, 1980 MHz, 16 %, 37
2026/10/10 16:58:14.895, 6, 76805 MiB, 100 %, 238.77 W, 1980 MHz, 16 %, 34
2026/10/10 16:58:14.895, 7, 76805 MiB, 100 %, 278.95 W, 1980 MHz, 16 %, 70
2026/10/10 16:58:15.895, 0, 76805 MiB, 100 %, 247.37 W, 1980 MHz, 16 %, 34
2026/10/10 16:58:15.895, 1, 76805 MiB, 100 %, 266.85 W, 1980 MHz, 17 %, 58
2026/10/10 16:58:15.895, 2, 76805 MiB, 100 %, 248.74 W, 1980 MHz, 16 %, 38
2026/10/10 16:58:15.896, 3, 76805 MiB, 100 %, 247.36 W, 1980 MHz, 16 %, 32
2026/10/10 16:58:15.896, 4, 76805 MiB, 100 %, 242.90 W, 1980 MHz, 16 %, 33
2026/10/10 16:58:15.896, 5, 76805 MiB, 100 %, 251.11 W, 1980 MHz, 17 %, 37
2026/10/10 16:58:15.896, 6, 76805 MiB, 100 %, 239.19 W, 1980 MHz, 16 %, 34
2026/10/10 16:58:15.896, 7, 76805 MiB, 100 %, 279.00 W, 1980 MHz, 17 %, 70
2026/10/10 16:58:16.896, 0, 76805 MiB, 100 %, 247.71 W, 1980 MHz, 16 %, 34
2026/10/10 16:58:16.896, 1, 76805 MiB, 100 %, 267.70 W, 1980 MHz, 16 %, 58
2026/10/10 16:58:16.896, 2, 76805 MiB, 100 %, 248.97 W, 1980 MHz, 16 %, 38
2026/10/10 16:58:16.896, 3, 76805 MiB, 100 %, 246.30 W, 1980 MHz, 16 %, 32
2026/10/10 16:58:16.896, 4, 76805 MiB, 100 %, 241.77 W, 1980 MHz, 16 %, 33
2026/10/10 16:58:16.896, 5, 76805 MiB, 100 %, 250.95 W, 1980 MHz, 17 %, 37
2026/10/10 16:58:16.896, 6, 76805 MiB, 100 %, 239.44 W, 1980 MHz, 16 %, 34
2026/10/10 16:58:16.896, 7, 76805 MiB, 100 %, 278.74 W, 1980 MHz, 16 %, 70
2026/10/10 16:58:17.897, 0, 76805 MiB, 100 %, 248.49 W, 1980 MHz, 17 %, 34
2026/10/10 16:58:17.897, 1, 76805 MiB, 100 %, 266.21 W, 1980 MHz, 16 %, 58
2026/10/10 16:58:17.897, 2, 76805 MiB, 100 %, 248.53 W, 1980 MHz, 16 %, 38
2026/10/10 16:58:17.897, 3, 76805 MiB, 100 %, 244.91 W, 1980 MHz, 16 %, 32
2026/10/10 16:58:17.897, 4, 76805 MiB, 100 %, 241.85 W, 1980 MHz, 16 %, 33
2026/10/10 16:58:17.897, 5, 76805 MiB, 100 %, 249.07 W, 1980 MHz, 17 %, 37
2026/10/10 16:58:17.897, 6, 76805 MiB, 100 %, 239.16 W, 1980 MHz, 17 %, 34
2026/10/10 16:58:17.897, 7, 76805 MiB, 100 %, 278.53 W, 1980 MHz, 16 %, 70
2026/10/10 16:58:18.897, 0, 76805 MiB, 100 %, 248.53 W, 1980 MHz, 17 %, 34
2026/10/10 16:58:18.897, 1, 76805 MiB, 100 %, 266.33 W, 1980 MHz, 16 %, 58
2026/10/10 16:58:18.897, 2, 76805 MiB, 100 %, 248.21 W, 1980 MHz, 16 %, 38
2026/10/10 16:58:18.897, 3, 76805 MiB, 100 %, 244.68 W, 1980 MHz, 16 %, 32
2026/10/10 16:58:18.898, 4, 76805 MiB, 100 %, 241.10 W, 1980 MHz, 16 %, 33
2026/10/10 16:58:18.898, 5, 76805 MiB, 100 %, 249.13 W, 1980 MHz, 17 %, 37
2026/10/10 16:58:18.898, 6, 76805 MiB, 100 %, 240.62 W, 1980 MHz, 17 %, 34
2026/10/10 16:58:18.898, 7, 76805 MiB, 100 %, 278.85 W, 1980 MHz, 17 %, 70
2026/10/10 16:58:19.898, 0, 76805 MiB, 100 %, 248.70 W, 1980 MHz, 16 %, 34
2026/10/10 16:58:19.898, 1, 76805 MiB, 100 %, 266.81 W, 1980 MHz, 16 %, 58
2026/10/10 16:58:19.898, 2, 76805 MiB, 100 %, 247.48 W, 1980 MHz, 16 %, 38
2026/10/10 16:58:19.898, 3, 76805 MiB, 100 %, 245.16 W, 1980 MHz, 16 %, 32
2026/10/10 16:58:19.898, 4, 76805 MiB, 100 %, 241.11 W, 1980 MHz, 16 %, 33
2026/10/10 16:58:19.898, 5, 76805 MiB, 100 %, 248.46 W, 1980 MHz, 17 %, 37
2026/10/10 16:58:19.898, 6, 76805 MiB, 100 %, 240.15 W, 1980 MHz, 17 %, 34
2026/10/10 16:58:19.898, 7, 76805 MiB, 100 %, 278.50 W, 1980 MHz, 17 %, 70
2026/10/10 16:58:20.898, 0, 76805 MiB, 100 %, 249.34 W, 1980 MHz, 16 %, 34
2026/10/10 16:58:20.899, 1, 76805 MiB, 100 %, 266.52 W, 1980 MHz, 16 %, 58
2026/10/10 16:58:20.899, 2, 76805 MiB, 100 %, 248.56 W, 1980 MHz, 16 %, 38
2026/10/10 16:58:20.899, 3, 76805 MiB, 100 %, 243.18 W, 1980 MHz, 16 %, 32
2026/10/10 16:58:20.899, 4, 76805 MiB, 100 %, 242.42 W, 1980 MHz, 16 %, 33
2026/10/10 16:58:20.899, 5, 76805 MiB, 100 %, 249.14 W, 1980 MHz, 17 %, 37
2026/10/10 16:58:20.899, 6, 76805 MiB, 100 %, 239.78 W, 1980 MHz, 16 %, 34
2026/10/10 16:58:20.899, 7, 76805 MiB, 100 %, 279.04 W, 1980 MHz, 16 %, 70
2026/10/10 16:58:21.899, 0, 76805 MiB, 100 %, 248.83 W, 1980 MHz, 16 %, 34
2026/10/10 16:58:21.899, 1, 76805 MiB, 100 %, 264.99 W, 1980 MHz, 16 %, 58
2026/10/10 16:58:21.899, 2, 76805 MiB, 100 %, 248.86 W, 1980 MHz, 16 %, 38
2026/10/10 16:58:21.899, 3, 76805 MiB, 100 %, 245.12 W, 1980 MHz, 16 %, 32
2026/10/10 16:58:21.899, 4, 76805 MiB, 100 %, 242.45 W, 1980 MHz, 16 %, 33
2026/10/10 16:58:21.899, 5, 76805 MiB, 100 %, 249.73 W, 1980 MHz, 17 %, 37
2026/10/10 16:58:21.899, 6, 76805 MiB, 100 %, 239.39 W, 1980 MHz, 17 %, 34
2026/10/10 16:58:21.900, 7, 76805 MiB, 100 %, 279.01 W, 1980 MHz, 17 %, 70
2026/10/10 16:58:22.900, 0, 76805 MiB, 100 %, 248.94 W, 1980 MHz, 17 %, 34
2026/10/10 16:58:22.900, 1, 76805 MiB, 100 %, 267.13 W, 1980 MHz, 16 %, 58
2026/10/10 16:58:22.900, 2, 76805 MiB, 100 %, 248.84 W, 1980 MHz, 16 %, 38
2026/10/10 16:58:22.900, 3, 76805 MiB, 100 %, 244.58 W, 1980 MHz, 16 %, 32
2026/10/10 16:58:22.900, 4, 76805 MiB, 100 %, 241.38 W, 1980 MHz, 16 %, 33
2026/10/10 16:58:22.900, 5, 76805 MiB, 100 %, 249.25 W, 1980 MHz, 17 %, 37
2026/10/10 16:58:22.900, 6, 76805 MiB, 100 %, 240.78 W, 1980 MHz, 16 %, 34
2026/10/10 16:58:22.900, 7, 76805 MiB, 100 %, 278.60 W, 1980 MHz, 17 %, 70
2026/10/10 16:58:23.900, 0, 76805 MiB, 100 %, 417.18 W, 1980 MHz, 48 %, 45
2026/10/10 16:58:23.900, 1, 76805 MiB, 100 %, 454.95 W, 1860 MHz, 48 %, 67
2026/10/10 16:58:23.901, 2, 76805 MiB, 100 %, 437.55 W, 1950 MHz, 48 %, 48
2026/10/10 16:58:23.901, 3, 76805 MiB, 100 %, 440.48 W, 1920 MHz, 48 %, 44
2026/10/10 16:58:23.901, 4, 76805 MiB, 100 %, 405.54 W, 1965 MHz, 48 %, 44
2026/10/10 16:58:23.901, 5, 76805 MiB, 100 %, 400.54 W, 1965 MHz, 49 %, 47
2026/10/10 16:58:23.901, 6, 76805 MiB, 100 %, 400.09 W, 1980 MHz, 49 %, 46
2026/10/10 16:58:23.901, 7, 76805 MiB, 100 %, 434.26 W, 1905 MHz, 51 %, 80
2026/10/10 16:58:24.901, 0, 76805 MiB, 100 %, 378.88 W, 1980 MHz, 16 %, 35
2026/10/10 16:58:24.901, 1, 76805 MiB, 100 %, 398.31 W, 1980 MHz, 17 %, 59
2026/10/10 16:58:24.901, 2, 76805 MiB, 100 %, 374.77 W, 1980 MHz, 17 %, 39
2026/10/10 16:58:24.901, 3, 76805 MiB, 100 %, 372.13 W, 1980 MHz, 16 %, 34
2026/10/10 16:58:24.901, 4, 76805 MiB, 100 %, 401.62 W, 1980 MHz, 17 %, 35
2026/10/10 16:58:24.901, 5, 76805 MiB, 100 %, 415.77 W, 1980 MHz, 16 %, 39
2026/10/10 16:58:24.901, 6, 76805 MiB, 100 %, 390.99 W, 1980 MHz, 16 %, 37
2026/10/10 16:58:24.901, 7, 76805 MiB, 100 %, 430.61 W, 1980 MHz, 17 %, 71
2026/10/10 16:58:25.902, 0, 76805 MiB, 100 %, 249.51 W, 1980 MHz, 16 %, 35
2026/10/10 16:58:25.902, 1, 76805 MiB, 100 %, 267.69 W, 1980 MHz, 17 %, 59
2026/10/10 16:58:25.902, 2, 76805 MiB, 100 %, 249.23 W, 1980 MHz, 16 %, 38
2026/10/10 16:58:25.902, 3, 76805 MiB, 100 %, 246.92 W, 1980 MHz, 17 %, 33
2026/10/10 16:58:25.902, 4, 76805 MiB, 100 %, 241.09 W, 1980 MHz, 17 %, 34
2026/10/10 16:58:25.902, 5, 76805 MiB, 100 %, 248.43 W, 1980 MHz, 16 %, 38
2026/10/10 16:58:25.902, 6, 76805 MiB, 100 %, 238.80 W, 1980 MHz, 16 %, 35
2026/10/10 16:58:25.902, 7, 76805 MiB, 100 %, 279.79 W, 1980 MHz, 17 %, 70
2026/10/10 16:58:26.902, 0, 76805 MiB, 100 %, 248.76 W, 1980 MHz, 17 %, 34
2026/10/10 16:58:26.902, 1, 76805 MiB, 100 %, 269.15 W, 1980 MHz, 16 %, 59
2026/10/10 16:58:26.902, 2, 76805 MiB, 100 %, 249.88 W, 1980 MHz, 16 %, 38
2026/10/10 16:58:26.903, 3, 76805 MiB, 100 %, 246.89 W, 1980 MHz, 16 %, 33
2026/10/10 16:58:26.903, 4, 76805 MiB, 100 %, 241.36 W, 1980 MHz, 16 %, 33
2026/10/10 16:58:26.903, 5, 76805 MiB, 100 %, 249.31 W, 1980 MHz, 16 %, 37
2026/10/10 16:58:26.903, 6, 76805 MiB, 100 %, 238.54 W, 1980 MHz, 16 %, 35
2026/10/10 16:58:26.903, 7, 76805 MiB, 100 %, 278.78 W, 1980 MHz, 17 %, 70
2026/10/10 16:58:27.903, 0, 76805 MiB, 100 %, 248.81 W, 1980 MHz, 17 %, 34
2026/10/10 16:58:27.903, 1, 76805 MiB, 100 %, 267.62 W, 1980 MHz, 16 %, 58
2026/10/10 16:58:27.903, 2, 76805 MiB, 100 %, 248.79 W, 1980 MHz, 16 %, 38
2026/10/10 16:58:27.903, 3, 76805 MiB, 100 %, 246.81 W, 1980 MHz, 16 %, 33
2026/10/10 16:58:27.903, 4, 76805 MiB, 100 %, 241.68 W, 1980 MHz, 16 %, 33
2026/10/10 16:58:27.903, 5, 76805 MiB, 100 %, 247.39 W, 1980 MHz, 16 %, 37
2026/10/10 16:58:27.903, 6, 76805 MiB, 100 %, 237.63 W, 1980 MHz, 16 %, 35
2026/10/10 16:58:27.903, 7, 76805 MiB, 100 %, 278.44 W, 1980 MHz, 17 %, 70
2026/10/10 16:58:28.904, 0, 76805 MiB, 100 %, 247.80 W, 1980 MHz, 16 %, 34
2026/10/10 16:58:28.904, 1, 76805 MiB, 100 %, 268.83 W, 1980 MHz, 17 %, 58
2026/10/10 16:58:28.904, 2, 76805 MiB, 100 %, 248.10 W, 1980 MHz, 16 %, 38
2026/10/10 16:58:28.904, 3, 76805 MiB, 100 %, 245.35 W, 1980 MHz, 16 %, 32
2026/10/10 16:58:28.904, 4, 76805 MiB, 100 %, 241.32 W, 1980 MHz, 16 %, 33
2026/10/10 16:58:28.904, 5, 76805 MiB, 100 %, 247.80 W, 1980 MHz, 16 %, 37
2026/10/10 16:58:28.904, 6, 76805 MiB, 100 %, 238.41 W, 1980 MHz, 17 %, 34
2026/10/10 16:58:28.904, 7, 76805 MiB, 100 %, 278.38 W, 1980 MHz, 17 %, 70
2026/10/10 16:58:29.904, 0, 76805 MiB, 100 %, 249.30 W, 1980 MHz, 16 %, 34
2026/10/10 16:58:29.904, 1, 76805 MiB, 100 %, 266.78 W, 1980 MHz, 16 %, 58
2026/10/10 16:58:29.904, 2, 76805 MiB, 100 %, 249.47 W, 1980 MHz, 17 %, 38
2026/10/10 16:58:29.904, 3, 76805 MiB, 100 %, 246.60 W, 1980 MHz, 16 %, 32
2026/10/10 16:58:29.904, 4, 76805 MiB, 100 %, 240.80 W, 1980 MHz, 16 %, 33
2026/10/10 16:58:29.904, 5, 76805 MiB, 100 %, 248.17 W, 1980 MHz, 17 %, 37
2026/10/10 16:58:29.905, 6, 76805 MiB, 100 %, 238.36 W, 1980 MHz, 16 %, 34
2026/10/10 16:58:29.905, 7, 76805 MiB, 100 %, 278.52 W, 1980 MHz, 17 %, 70
2026/10/10 16:58:30.905, 0, 76805 MiB, 100 %, 248.60 W, 1980 MHz, 17 %, 34
2026/10/10 16:58:30.905, 1, 76805 MiB, 100 %, 267.27 W, 1980 MHz, 17 %, 58
2026/10/10 16:58:30.905, 2, 76805 MiB, 100 %, 248.71 W, 1980 MHz, 17 %, 38
2026/10/10 16:58:30.905, 3, 76805 MiB, 100 %, 247.90 W, 1980 MHz, 16 %, 32
2026/10/10 16:58:30.905, 4, 76805 MiB, 100 %, 241.25 W, 1980 MHz, 16 %, 33
2026/10/10 16:58:30.905, 5, 76805 MiB, 100 %, 247.57 W, 1980 MHz, 16 %, 37
2026/10/10 16:58:30.905, 6, 76805 MiB, 100 %, 238.21 W, 1980 MHz, 16 %, 34
2026/10/10 16:58:30.905, 7, 76805 MiB, 100 %, 278.33 W, 1980 MHz, 16 %, 70
2026/10/10 16:58:31.905, 0, 76805 MiB, 100 %, 248.09 W, 1980 MHz, 16 %, 34
2026/10/10 16:58:31.905, 1, 76805 MiB, 100 %, 265.74 W, 1980 MHz, 16 %, 58
2026/10/10 16:58:31.906, 2, 76805 MiB, 100 %, 248.51 W, 1980 MHz, 16 %, 38
2026/10/10 16:58:31.906, 3, 76805 MiB, 100 %, 245.52 W, 1980 MHz, 16 %, 32
2026/10/10 16:58:31.906, 4, 76805 MiB, 100 %, 241.54 W, 1980 MHz, 16 %, 33
2026/10/10 16:58:31.906, 5, 76805 MiB, 100 %, 246.83 W, 1980 MHz, 17 %, 37
2026/10/10 16:58:31.906, 6, 76805 MiB, 100 %, 238.37 W, 1980 MHz, 16 %, 34
2026/10/10 16:58:31.906, 7, 76805 MiB, 100 %, 278.49 W, 1980 MHz, 17 %, 70
2026/10/10 16:58:32.906, 0, 76805 MiB, 100 %, 248.67 W, 1980 MHz, 16 %, 34
2026/10/10 16:58:32.906, 1, 76805 MiB, 100 %, 266.90 W, 1980 MHz, 16 %, 58
2026/10/10 16:58:32.906, 2, 76805 MiB, 100 %, 250.51 W, 1980 MHz, 16 %, 38
2026/10/10 16:58:32.906, 3, 76805 MiB, 100 %, 245.77 W, 1980 MHz, 17 %, 32
2026/10/10 16:58:32.906, 4, 76805 MiB, 100 %, 241.56 W, 1980 MHz, 16 %, 33
2026/10/10 16:58:32.906, 5, 76805 MiB, 100 %, 247.96 W, 1980 MHz, 16 %, 37
2026/10/10 16:58:32.906, 6, 76805 MiB, 100 %, 237.87 W, 1980 MHz, 17 %, 34
2026/10/10 16:58:32.906, 7, 76805 MiB, 100 %, 277.29 W, 1980 MHz, 17 %, 70
2026/10/10 16:58:33.907, 0, 76805 MiB, 100 %, 248.48 W, 1980 MHz, 16 %, 34
2026/10/10 16:58:33.907, 1, 76805 MiB, 100 %, 265.65 W, 1980 MHz, 16 %, 58
2026/10/10 16:58:33.907, 2, 76805 MiB, 100 %, 250.09 W, 1980 MHz, 17 %, 38
2026/10/10 16:58:33.907, 3, 76805 MiB, 100 %, 245.50 W, 1980 MHz, 16 %, 32
2026/10/10 16:58:33.907, 4, 76805 MiB, 100 %, 241.84 W, 1980 MHz, 17 %, 33
2026/10/10 16:58:33.907, 5, 76805 MiB, 100 %, 247.19 W, 1980 MHz, 16 %, 37
2026/10/10 16:58:33.907, 6, 76805 MiB, 100 %, 238.67 W, 1980 MHz, 16 %, 34
2026/10/10 16:58:33.907, 7, 76805 MiB, 100 %, 277.49 W, 1980 MHz, 17 %, 70
2026/10/10 16:58:34.907, 0, 76805 MiB, 100 %, 248.01 W, 1980 MHz, 16 %, 34
2026/10/10 16:58:34.907, 1, 76805 MiB, 100 %, 266.80 W, 1980 MHz, 16 %, 58
2026/10/10 16:58:34.907, 2, 76805 MiB, 100 %, 249.94 W, 1980 MHz, 17 %, 38
2026/10/10 16:58:34.908, 3, 76805 MiB, 100 %, 245.87 W, 1980 MHz, 16 %, 32
2026/10/10 16:58:34.908, 4, 76805 MiB, 100 %, 241.89 W, 1980 MHz, 16 %, 33
2026/10/10 16:58:34.908, 5, 76805 MiB, 100 %, 247.34 W, 1980 MHz, 16 %, 37
2026/10/10 16:58:34.908, 6, 76805 MiB, 100 %, 238.07 W, 1980 MHz, 17 %, 34
2026/10/10 16:58:34.908, 7, 76805 MiB, 100 %, 277.63 W, 1980 MHz, 17 %, 70
2026/10/10 16:58:35.908, 0, 76805 MiB, 100 %, 248.90 W, 1980 MHz, 17 %, 34
2026/10/10 16:58:35.908, 1, 76805 MiB, 100 %, 264.57 W, 1980 MHz, 16 %, 58
2026/10/10 16:58:35.908, 2, 76805 MiB, 100 %, 249.03 W, 1980 MHz, 17 %, 38
2026/10/10 16:58:35.908, 3, 76805 MiB, 100 %, 246.20 W, 1980 MHz, 17 %, 32
2026/10/10 16:58:35.908, 4, 76805 MiB, 100 %, 241.87 W, 1980 MHz, 16 %, 33
2026/10/10 16:58:35.908, 5, 76805 MiB, 100 %, 247.18 W, 1980 MHz, 16 %, 37
2026/10/10 16:58:35.908, 6, 76805 MiB, 100 %, 238.40 W, 1980 MHz, 16 %, 34
2026/10/10 16:58:35.908, 7, 76805 MiB, 100 %, 277.30 W, 1980 MHz, 17 %, 70
2026/10/10 16:58:36.909, 0, 76805 MiB, 100 %, 247.40 W, 1980 MHz, 16 %, 34
2026/10/10 16:58:36.909, 1, 76805 MiB, 100 %, 266.48 W, 1980 MHz, 16 %, 58
2026/10/10 16:58:36.909, 2, 76805 MiB, 100 %, 248.78 W, 1980 MHz, 17 %, 38
2026/10/10 16:58:36.909, 3, 76805 MiB, 100 %, 246.33 W, 1980 MHz, 17 %, 32
2026/10/10 16:58:36.909, 4, 76805 MiB, 100 %, 242.14 W, 1980 MHz, 16 %, 33
2026/10/10 16:58:36.909, 5, 76805 MiB, 100 %, 247.86 W, 1980 MHz, 16 %, 37
2026/10/10 16:58:36.909, 6, 76805 MiB, 100 %, 236.61 W, 1980 MHz, 16 %, 34
2026/10/10 16:58:36.909, 7, 76805 MiB, 100 %, 278.64 W, 1980 MHz, 17 %, 70
2026/10/10 16:58:37.909, 0, 76805 MiB, 100 %, 247.44 W, 1980 MHz, 16 %, 34
2026/10/10 16:58:37.909, 1, 76805 MiB, 100 %, 265.89 W, 1980 MHz, 16 %, 58
2026/10/10 16:58:37.909, 2, 76805 MiB, 100 %, 249.31 W, 1980 MHz, 17 %, 38
2026/10/10 16:58:37.909, 3, 76805 MiB, 100 %, 247.49 W, 1980 MHz, 16 %, 32
2026/10/10 16:58:37.909, 4, 76805 MiB, 100 %, 242.19 W, 1980 MHz, 16 %, 33
2026/10/10 16:58:37.909, 5, 76805 MiB, 100 %, 247.62 W, 1980 MHz, 16 %, 37
2026/10/10 16:58:37.910, 6, 76805 MiB, 100 %, 237.63 W, 1980 MHz, 16 %, 34
2026/10/10 16:58:37.910, 7, 76805 MiB, 100 %, 280.35 W, 1980 MHz, 17 %, 70
2026/10/10 16:58:38.910, 0, 76805 MiB, 100 %, 247.60 W, 1980 MHz, 16 %, 34
2026/10/10 16:58:38.910, 1, 76805 MiB, 100 %, 266.36 W, 1980 MHz, 16 %, 58
2026/10/10 16:58:38.910, 2, 76805 MiB, 100 %, 250.36 W, 1980 MHz, 17 %, 38
2026/10/10 16:58:38.910, 3, 76805 MiB, 100 %, 246.64 W, 1980 MHz, 16 %, 32
2026/10/10 16:58:38.910, 4, 76805 MiB, 100 %, 241.31 W, 1980 MHz, 16 %, 33
2026/10/10 16:58:38.910, 5, 76805 MiB, 100 %, 247.35 W, 1980 MHz, 16 %, 37
2026/10/10 16:58:38.910, 6, 76805 MiB, 100 %, 237.25 W, 1980 MHz, 16 %, 34
2026/10/10 16:58:38.910, 7, 76805 MiB, 100 %, 279.16 W, 1980 MHz, 17 %, 70
2026/10/10 16:58:39.910, 0, 76805 MiB, 100 %, 248.52 W, 1980 MHz, 17 %, 34
2026/10/10 16:58:39.910, 1, 76805 MiB, 100 %, 266.67 W, 1980 MHz, 16 %, 58
2026/10/10 16:58:39.911, 2, 76805 MiB, 100 %, 249.37 W, 1980 MHz, 16 %, 38
2026/10/10 16:58:39.911, 3, 76805 MiB, 100 %, 247.25 W, 1980 MHz, 17 %, 32
2026/10/10 16:58:39.911, 4, 76805 MiB, 100 %, 240.81 W, 1980 MHz, 16 %, 33
2026/10/10 16:58:39.911, 5, 76805 MiB, 100 %, 247.83 W, 1980 MHz, 17 %, 37
2026/10/10 16:58:39.911, 6, 76805 MiB, 100 %, 236.97 W, 1980 MHz, 16 %, 34
2026/10/10 16:58:39.911, 7, 76805 MiB, 100 %, 279.54 W, 1980 MHz, 17 %, 70
2026/10/10 16:58:40.911, 0, 76805 MiB, 100 %, 549.76 W, 1965 MHz, 47 %, 43
2026/10/10 16:58:40.911, 1, 76805 MiB, 100 %, 578.07 W, 1935 MHz, 47 %, 67
2026/10/10 16:58:40.911, 2, 76805 MiB, 100 %, 564.01 W, 1965 MHz, 47 %, 43
2026/10/10 16:58:40.911, 3, 76805 MiB, 100 %, 557.24 W, 1965 MHz, 47 %, 39
2026/10/10 16:58:40.911, 4, 76805 MiB, 100 %, 554.52 W, 1965 MHz, 47 %, 47
2026/10/10 16:58:40.911, 5, 76805 MiB, 100 %, 570.37 W, 1965 MHz, 48 %, 45
2026/10/10 16:58:40.911, 6, 76805 MiB, 100 %, 538.65 W, 1980 MHz, 48 %, 48
2026/10/10 16:58:40.911, 7, 76805 MiB, 100 %, 589.20 W, 1905 MHz, 40 %, 81
2026/10/10 16:58:41.912, 0, 76805 MiB, 100 %, 248.87 W, 1980 MHz, 16 %, 35
2026/10/10 16:58:41.912, 1, 76805 MiB, 100 %, 263.92 W, 1980 MHz, 16 %, 59
2026/10/10 16:58:41.912, 2, 76805 MiB, 100 %, 249.56 W, 1980 MHz, 17 %, 39
2026/10/10 16:58:41.912, 3, 76805 MiB, 100 %, 246.14 W, 1980 MHz, 17 %, 34
2026/10/10 16:58:41.912, 4, 76805 MiB, 100 %, 242.23 W, 1980 MHz, 17 %, 34
2026/10/10 16:58:41.912, 5, 76805 MiB, 100 %, 247.46 W, 1980 MHz, 16 %, 38
2026/10/10 16:58:41.912, 6, 76805 MiB, 100 %, 238.28 W, 1980 MHz, 16 %, 36
2026/10/10 16:58:41.912, 7, 76805 MiB, 100 %, 275.35 W, 1980 MHz, 16 %, 71
2026/10/10 16:58:42.912, 0, 76805 MiB, 100 %, 249.50 W, 1980 MHz, 16 %, 34
2026/10/10 16:58:42.912, 1, 76805 MiB, 100 %, 266.36 W, 1980 MHz, 16 %, 59
2026/10/10 16:58:42.912, 2, 76805 MiB, 100 %, 251.77 W, 1980 MHz, 17 %, 38
2026/10/10 16:58:42.913, 3, 76805 MiB, 100 %, 247.05 W, 1980 MHz, 17 %, 33
2026/10/10 16:58:42.913, 4, 76805 MiB, 100 %, 243.49 W, 1980 MHz, 17 %, 34
2026/10/10 16:58:42.913, 5, 76805 MiB, 100 %, 248.28 W, 1980 MHz, 16 %, 37
2026/10/10 16:58:42.913, 6, 76805 MiB, 100 %, 239.31 W, 1980 MHz, 16 %, 35
2026/10/10 16:58:42.913, 7, 76805 MiB, 100 %, 276.50 W, 1980 MHz, 16 %, 70
2026/10/10 16:58:43.913, 0, 76805 MiB, 100 %, 249.20 W, 1980 MHz, 17 %, 34
2026/10/10 16:58:43.913, 1, 76805 MiB, 100 %, 266.19 W, 1980 MHz, 16 %, 58
2026/10/10 16:58:43.913, 2, 76805 MiB, 100 %, 250.97 W, 1980 MHz, 17 %, 38
2026/10/10 16:58:43.913, 3, 76805 MiB, 100 %, 247.26 W, 1980 MHz, 16 %, 33
2026/10/10 16:58:43.913, 4, 76805 MiB, 100 %, 244.28 W, 1980 MHz, 16 %, 33
2026/10/10 16:58:43.913, 5, 76805 MiB, 100 %, 247.28 W, 1980 MHz, 16 %, 37
2026/10/10 16:58:43.913, 6, 76805 MiB, 100 %, 238.27 W, 1980 MHz, 16 %, 35
2026/10/10 16:58:43.913, 7, 76805 MiB, 100 %, 276.89 W, 1980 MHz, 16 %, 70
2026/10/10 16:58:44.913, 0, 76805 MiB, 100 %, 250.60 W, 1980 MHz, 17 %, 34
2026/10/10 16:58:44.914, 1, 76805 MiB, 100 %, 266.65 W, 1980 MHz, 16 %, 58
2026/10/10 16:58:44.914, 2, 76805 MiB, 100 %, 247.24 W, 1980 MHz, 16 %, 38
2026/10/10 16:58:44.914, 3, 76805 MiB, 100 %, 247.97 W, 1980 MHz, 16 %, 33
2026/10/10 16:58:44.914, 4, 76805 MiB, 100 %, 240.19 W, 1980 MHz, 16 %, 33
2026/10/10 16:58:44.914, 5, 76805 MiB, 100 %, 249.92 W, 1980 MHz, 17 %, 37
2026/10/10 16:58:44.914, 6, 76805 MiB, 100 %, 240.71 W, 1980 MHz, 17 %, 35
2026/10/10 16:58:44.914, 7, 76805 MiB, 100 %, 276.95 W, 1980 MHz, 16 %, 70
2026/10/10 16:58:45.914, 0, 76805 MiB, 100 %, 248.42 W, 1980 MHz, 16 %, 34
2026/10/10 16:58:45.914, 1, 76805 MiB, 100 %, 266.45 W, 1980 MHz, 16 %, 58
2026/10/10 16:58:45.914, 2, 76805 MiB, 100 %, 247.56 W, 1980 MHz, 16 %, 38
2026/10/10 16:58:45.914, 3, 76805 MiB, 100 %, 245.73 W, 1980 MHz, 16 %, 32
2026/10/10 16:58:45.914, 4, 76805 MiB, 100 %, 240.11 W, 1980 MHz, 16 %, 33
2026/10/10 16:58:45.914, 5, 76805 MiB, 100 %, 250.99 W, 1980 MHz, 17 %, 37
2026/10/10 16:58:45.914, 6, 76805 MiB, 100 %, 241.01 W, 1980 MHz, 17 %, 35
2026/10/10 16:58:45.914, 7, 76805 MiB, 100 %, 277.69 W, 1980 MHz, 16 %, 70
2026/10/10 16:58:46.915, 0, 76805 MiB, 100 %, 248.71 W, 1980 MHz, 17 %, 34
2026/10/10 16:58:46.915, 1, 76805 MiB, 100 %, 266.65 W, 1980 MHz, 16 %, 58
2026/10/10 16:58:46.915, 2, 76805 MiB, 100 %, 248.86 W, 1980 MHz, 16 %, 38
2026/10/10 16:58:46.915, 3, 76805 MiB, 100 %, 245.21 W, 1980 MHz, 16 %, 32
2026/10/10 16:58:46.915, 4, 76805 MiB, 100 %, 239.82 W, 1980 MHz, 16 %, 33
2026/10/10 16:58:46.915, 5, 76805 MiB, 100 %, 251.05 W, 1980 MHz, 17 %, 37
2026/10/10 16:58:46.915, 6, 76805 MiB, 100 %, 241.48 W, 1980 MHz, 17 %, 34
2026/10/10 16:58:46.915, 7, 76805 MiB, 100 %, 278.69 W, 1980 MHz, 17 %, 70
2026/10/10 16:58:47.915, 0, 76805 MiB, 100 %, 248.05 W, 1980 MHz, 16 %, 34
2026/10/10 16:58:47.915, 1, 76805 MiB, 100 %, 265.96 W, 1980 MHz, 16 %, 58
2026/10/10 16:58:47.915, 2, 76805 MiB, 100 %, 249.70 W, 1980 MHz, 16 %, 38
2026/10/10 16:58:47.915, 3, 76805 MiB, 100 %, 245.21 W, 1980 MHz, 17 %, 32
2026/10/10 16:58:47.916, 4, 76805 MiB, 100 %, 238.75 W, 1980 MHz, 16 %, 33
2026/10/10 16:58:47.916, 5, 76805 MiB, 100 %, 251.40 W, 1980 MHz, 17 %, 37
2026/10/10 16:58:47.916, 6, 76805 MiB, 100 %, 241.38 W, 1980 MHz, 17 %, 34
2026/10/10 16:58:47.916, 7, 76805 MiB, 100 %, 277.68 W, 1980 MHz, 16 %, 70
2026/10/10 16:58:48.916, 0, 76805 MiB, 100 %, 248.10 W, 1980 MHz, 16 %, 34
2026/10/10 16:58:48.916, 1, 76805 MiB, 100 %, 265.05 W, 1980 MHz, 16 %, 58
2026/10/10 16:58:48.916, 2, 76805 MiB, 100 %, 248.89 W, 1980 MHz, 16 %, 38
2026/10/10 16:58:48.916, 3, 76805 MiB, 100 %, 245.51 W, 1980 MHz, 16 %, 32
2026/10/10 16:58:48.916, 4, 76805 MiB, 100 %, 239.62 W, 1980 MHz, 16 %, 33
2026/10/10 16:58:48.916, 5, 76805 MiB, 100 %, 251.06 W, 1980 MHz, 17 %, 37
2026/10/10 16:58:48.916, 6, 76805 MiB, 100 %, 240.63 W, 1980 MHz, 17 %, 34
2026/10/10 16:58:48.916, 7, 76805 MiB, 100 %, 278.21 W, 1980 MHz, 16 %, 70
2026/10/10 16:58:49.916, 0, 76805 MiB, 100 %, 248.74 W, 1980 MHz, 16 %, 34
2026/10/10 16:58:49.917, 1, 76805 MiB, 100 %, 264.97 W, 1980 MHz, 16 %, 58
2026/10/10 16:58:49.917, 2, 76805 MiB, 100 %, 248.28 W, 1980 MHz, 16 %, 38
2026/10/10 16:58:49.917, 3, 76805 MiB, 100 %, 244.98 W, 1980 MHz, 16 %, 32
2026/10/10 16:58:49.917, 4, 76805 MiB, 100 %, 240.07 W, 1980 MHz, 16 %, 33
2026/10/10 16:58:49.917, 5, 76805 MiB, 100 %, 250.69 W, 1980 MHz, 17 %, 37
2026/10/10 16:58:49.917, 6, 76805 MiB, 100 %, 240.96 W, 1980 MHz, 17 %, 34
2026/10/10 16:58:49.917, 7, 76805 MiB, 100 %, 278.23 W, 1980 MHz, 16 %, 70
2026/10/10 16:58:50.917, 0, 76805 MiB, 100 %, 248.16 W, 1980 MHz, 16 %, 34
2026/10/10 16:58:50.919, 1, 76805 MiB, 100 %, 264.74 W, 1980 MHz, 16 %, 58
2026/10/10 16:58:50.919, 2, 76805 MiB, 100 %, 248.90 W, 1980 MHz, 16 %, 38
2026/10/10 16:58:50.921, 3, 76805 MiB, 100 %, 245.76 W, 1980 MHz, 16 %, 32
2026/10/10 16:58:50.922, 4, 76805 MiB, 100 %, 238.64 W, 1980 MHz, 16 %, 33
2026/10/10 16:58:50.923, 5, 76805 MiB, 100 %, 250.99 W, 1980 MHz, 17 %, 37
2026/10/10 16:58:50.924, 6, 76805 MiB, 100 %, 241.06 W, 1980 MHz, 17 %, 34
2026/10/10 16:58:50.926, 7, 76805 MiB, 100 %, 277.96 W, 1980 MHz, 16 %, 70
2026/10/10 16:58:51.926, 0, 76805 MiB, 100 %, 247.77 W, 1980 MHz, 16 %, 34
2026/10/10 16:58:51.927, 1, 76805 MiB, 100 %, 266.05 W, 1980 MHz, 16 %, 58
2026/10/10 16:58:51.927, 2, 76805 MiB, 100 %, 249.56 W, 1980 MHz, 16 %, 38
2026/10/10 16:58:51.927, 3, 76805 MiB, 100 %, 245.34 W, 1980 MHz, 16 %, 32
2026/10/10 16:58:51.927, 4, 76805 MiB, 100 %, 240.49 W, 1980 MHz, 16 %, 33
2026/10/10 16:58:51.927, 5, 76805 MiB, 100 %, 250.10 W, 1980 MHz, 17 %, 37
2026/10/10 16:58:51.927, 6, 76805 MiB, 100 %, 239.90 W, 1980 MHz, 17 %, 34
2026/10/10 16:58:51.927, 7, 76805 MiB, 100 %, 277.55 W, 1980 MHz, 16 %, 70
2026/10/10 16:58:52.927, 0, 76805 MiB, 100 %, 248.62 W, 1980 MHz, 16 %, 34
2026/10/10 16:58:52.927, 1, 76805 MiB, 100 %, 265.76 W, 1980 MHz, 16 %, 58
2026/10/10 16:58:52.927, 2, 76805 MiB, 100 %, 249.77 W, 1980 MHz, 16 %, 38
2026/10/10 16:58:52.927, 3, 76805 MiB, 100 %, 245.81 W, 1980 MHz, 17 %, 32
2026/10/10 16:58:52.927, 4, 76805 MiB, 100 %, 239.65 W, 1980 MHz, 16 %, 33
2026/10/10 16:58:52.928, 5, 76805 MiB, 100 %, 248.93 W, 1980 MHz, 17 %, 37
2026/10/10 16:58:52.928, 6, 76805 MiB, 100 %, 240.30 W, 1980 MHz, 17 %, 34
2026/10/10 16:58:52.928, 7, 76805 MiB, 100 %, 276.87 W, 1980 MHz, 16 %, 70
2026/10/10 16:58:53.928, 0, 76805 MiB, 100 %, 247.84 W, 1980 MHz, 16 %, 34
2026/10/10 16:58:53.928, 1, 76805 MiB, 100 %, 265.83 W, 1980 MHz, 16 %, 58
2026/10/10 16:58:53.928, 2, 76805 MiB, 100 %, 249.22 W, 1980 MHz, 16 %, 38
2026/10/10 16:58:53.928, 3, 76805 MiB, 100 %, 246.12 W, 1980 MHz, 16 %, 32
2026/10/10 16:58:53.928, 4, 76805 MiB, 100 %, 238.18 W, 1980 MHz, 16 %, 33
2026/10/10 16:58:53.928, 5, 76805 MiB, 100 %, 249.95 W, 1980 MHz, 17 %, 37
2026/10/10 16:58:53.928, 6, 76805 MiB, 100 %, 241.27 W, 1980 MHz, 17 %, 34
2026/10/10 16:58:53.928, 7, 76805 MiB, 100 %, 277.24 W, 1980 MHz, 16 %, 70
2026/10/10 16:58:54.928, 0, 76805 MiB, 100 %, 248.56 W, 1980 MHz, 17 %, 34
2026/10/10 16:58:54.929, 1, 76805 MiB, 100 %, 265.82 W, 1980 MHz, 16 %, 58
2026/10/10 16:58:54.929, 2, 76805 MiB, 100 %, 249.32 W, 1980 MHz, 16 %, 38
2026/10/10 16:58:54.929, 3, 76805 MiB, 100 %, 245.21 W, 1980 MHz, 16 %, 32
2026/10/10 16:58:54.929, 4, 76805 MiB, 100 %, 238.06 W, 1980 MHz, 16 %, 33
2026/10/10 16:58:54.929, 5, 76805 MiB, 100 %, 250.04 W, 1980 MHz, 17 %, 37
2026/10/10 16:58:54.929, 6, 76805 MiB, 100 %, 241.65 W, 1980 MHz, 17 %, 34
2026/10/10 16:58:54.929, 7, 76805 MiB, 100 %, 277.09 W, 1980 MHz, 16 %, 70
2026/10/10 16:58:55.929, 0, 76805 MiB, 100 %, 248.80 W, 1980 MHz, 17 %, 34
2026/10/10 16:58:55.929, 1, 76805 MiB, 100 %, 265.73 W, 1980 MHz, 16 %, 58
2026/10/10 16:58:55.929, 2, 76805 MiB, 100 %, 250.42 W, 1980 MHz, 16 %, 38
2026/10/10 16:58:55.929, 3, 76805 MiB, 100 %, 245.64 W, 1980 MHz, 16 %, 32
2026/10/10 16:58:55.929, 4, 76805 MiB, 100 %, 239.10 W, 1980 MHz, 16 %, 33
2026/10/10 16:58:55.929, 5, 76805 MiB, 100 %, 249.25 W, 1980 MHz, 17 %, 37
2026/10/10 16:58:55.929, 6, 76805 MiB, 100 %, 241.53 W, 1980 MHz, 17 %, 34
2026/10/10 16:58:55.930, 7, 76805 MiB, 100 %, 278.82 W, 1980 MHz, 16 %, 70
2026/10/10 16:58:56.930, 0, 76805 MiB, 100 %, 291.77 W, 1950 MHz, 17 %, 41
2026/10/10 16:58:56.930, 1, 76805 MiB, 53 %, 322.62 W, 1860 MHz, 20 %, 65
2026/10/10 16:58:56.930, 2, 76805 MiB, 81 %, 305.29 W, 1965 MHz, 13 %, 45
2026/10/10 16:58:56.930, 3, 76805 MiB, 67 %, 312.62 W, 1935 MHz, 11 %, 40
2026/10/10 16:58:56.930, 4, 76805 MiB, 54 %, 316.96 W, 1890 MHz, 12 %, 41
2026/10/10 16:58:56.930, 5, 76805 MiB, 54 %, 319.46 W, 1950 MHz, 29 %, 44
2026/10/10 16:58:56.930, 6, 76805 MiB, 53 %, 318.92 W, 1965 MHz, 16 %, 43
2026/10/10 16:58:56.930, 7, 76805 MiB, 77 %, 354.31 W, 1875 MHz, 41 %, 77
2026/10/10 16:58:57.930, 0, 76805 MiB, 100 %, 504.59 W, 1980 MHz, 16 %, 36
2026/10/10 16:58:57.930, 1, 76805 MiB, 100 %, 525.10 W, 1980 MHz, 16 %, 59
2026/10/10 16:58:57.931, 2, 76805 MiB, 100 %, 504.93 W, 1980 MHz, 16 %, 39
2026/10/10 16:58:57.931, 3, 76805 MiB, 100 %, 507.50 W, 1980 MHz, 16 %, 35
2026/10/10 16:58:57.931, 4, 76805 MiB, 100 %, 492.39 W, 1980 MHz, 16 %, 36
2026/10/10 16:58:57.931, 5, 76805 MiB, 100 %, 517.16 W, 1980 MHz, 16 %, 40
2026/10/10 16:58:57.931, 6, 76805 MiB, 100 %, 476.62 W, 1980 MHz, 16 %, 37
2026/10/10 16:58:57.931, 7, 76805 MiB, 100 %, 516.26 W, 1980 MHz, 17 %, 72
2026/10/10 16:58:58.931, 0, 76805 MiB, 100 %, 248.56 W, 1980 MHz, 17 %, 35
2026/10/10 16:58:58.931, 1, 76805 MiB, 100 %, 265.95 W, 1980 MHz, 16 %, 59
2026/10/10 16:58:58.931, 2, 76805 MiB, 100 %, 250.18 W, 1980 MHz, 17 %, 38
2026/10/10 16:58:58.931, 3, 76805 MiB, 100 %, 245.64 W, 1980 MHz, 16 %, 33
2026/10/10 16:58:58.931, 4, 76805 MiB, 100 %, 242.43 W, 1980 MHz, 16 %, 34
2026/10/10 16:58:58.931, 5, 76805 MiB, 100 %, 248.03 W, 1980 MHz, 16 %, 38
2026/10/10 16:58:58.931, 6, 76805 MiB, 100 %, 239.73 W, 1980 MHz, 17 %, 35
2026/10/10 16:58:58.931, 7, 76805 MiB, 100 %, 278.30 W, 1980 MHz, 16 %, 70
2026/10/10 16:58:59.932, 0, 76805 MiB, 100 %, 249.08 W, 1980 MHz, 17 %, 34
2026/10/10 16:58:59.932, 1, 76805 MiB, 100 %, 267.06 W, 1980 MHz, 17 %, 59
2026/10/10 16:58:59.932, 2, 76805 MiB, 100 %, 250.09 W, 1980 MHz, 17 %, 38
2026/10/10 16:58:59.932, 3, 76805 MiB, 100 %, 245.78 W, 1980 MHz, 16 %, 33
2026/10/10 16:58:59.932, 4, 76805 MiB, 100 %, 242.80 W, 1980 MHz, 17 %, 33
2026/10/10 16:58:59.932, 5, 76805 MiB, 100 %, 245.70 W, 1980 MHz, 16 %, 37
2026/10/10 16:58:59.932, 6, 76805 MiB, 100 %, 240.23 W, 1980 MHz, 16 %, 35
2026/10/10 16:58:59.932, 7, 76805 MiB, 100 %, 277.89 W, 1980 MHz, 16 %, 70
2026/10/10 16:59:00.932, 0, 76805 MiB, 100 %, 250.06 W, 1980 MHz, 17 %, 34
2026/10/10 16:59:00.932, 1, 76805 MiB, 100 %, 266.45 W, 1980 MHz, 17 %, 58
2026/10/10 16:59:00.932, 2, 76805 MiB, 100 %, 250.30 W, 1980 MHz, 16 %, 38
2026/10/10 16:59:00.932, 3, 76805 MiB, 100 %, 244.62 W, 1980 MHz, 16 %, 33
2026/10/10 16:59:00.932, 4, 76805 MiB, 100 %, 243.10 W, 1980 MHz, 17 %, 33
2026/10/10 16:59:00.933, 5, 76805 MiB, 100 %, 247.69 W, 1980 MHz, 17 %, 37
2026/10/10 16:59:00.933, 6, 76805 MiB, 100 %, 239.14 W, 1980 MHz, 16 %, 35
2026/10/10 16:59:00.933, 7, 76805 MiB, 100 %, 277.69 W, 1980 MHz, 17 %, 70
2026/10/10 16:59:01.933, 0, 76805 MiB, 100 %, 249.45 W, 1980 MHz, 16 %, 34
2026/10/10 16:59:01.933, 1, 76805 MiB, 100 %, 264.79 W, 1980 MHz, 16 %, 58
2026/10/10 16:59:01.933, 2, 76805 MiB, 100 %, 250.99 W, 1980 MHz, 17 %, 38
2026/10/10 16:59:01.933, 3, 76805 MiB, 100 %, 245.51 W, 1980 MHz, 16 %, 33
2026/10/10 16:59:01.933, 4, 76805 MiB, 100 %, 241.57 W, 1980 MHz, 16 %, 33
2026/10/10 16:59:01.933, 5, 76805 MiB, 100 %, 247.59 W, 1980 MHz, 16 %, 37
2026/10/10 16:59:01.933, 6, 76805 MiB, 100 %, 239.10 W, 1980 MHz, 16 %, 35
2026/10/10 16:59:01.933, 7, 76805 MiB, 100 %, 277.00 W, 1980 MHz, 17 %, 70
2026/10/10 16:59:02.933, 0, 76805 MiB, 100 %, 248.95 W, 1980 MHz, 17 %, 34
2026/10/10 16:59:02.934, 1, 76805 MiB, 100 %, 266.29 W, 1980 MHz, 16 %, 58
2026/10/10 16:59:02.934, 2, 76805 MiB, 100 %, 250.37 W, 1980 MHz, 16 %, 38
2026/10/10 16:59:02.934, 3, 76805 MiB, 100 %, 246.17 W, 1980 MHz, 16 %, 33
2026/10/10 16:59:02.934, 4, 76805 MiB, 100 %, 242.63 W, 1980 MHz, 17 %, 33
2026/10/10 16:59:02.934, 5, 76805 MiB, 100 %, 246.80 W, 1980 MHz, 17 %, 37
2026/10/10 16:59:02.934, 6, 76805 MiB, 100 %, 238.26 W, 1980 MHz, 16 %, 34
2026/10/10 16:59:02.934, 7, 76805 MiB, 100 %, 276.14 W, 1980 MHz, 16 %, 70
2026/10/10 16:59:03.934, 0, 76805 MiB, 100 %, 247.67 W, 1980 MHz, 16 %, 34
2026/10/10 16:59:03.934, 1, 76805 MiB, 100 %, 269.35 W, 1980 MHz, 17 %, 58
2026/10/10 16:59:03.934, 2, 76805 MiB, 100 %, 249.58 W, 1980 MHz, 17 %, 38
2026/10/10 16:59:03.934, 3, 76805 MiB, 100 %, 246.31 W, 1980 MHz, 16 %, 32
2026/10/10 16:59:03.934, 4, 76805 MiB, 100 %, 240.19 W, 1980 MHz, 16 %, 33
2026/10/10 16:59:03.934, 5, 76805 MiB, 100 %, 247.59 W, 1980 MHz, 16 %, 37
2026/10/10 16:59:03.935, 6, 76805 MiB, 100 %, 239.55 W, 1980 MHz, 17 %, 34
2026/10/10 16:59:03.935, 7, 76805 MiB, 100 %, 278.26 W, 1980 MHz, 17 %, 70
2026/10/10 16:59:04.935, 0, 76805 MiB, 100 %, 248.83 W, 1980 MHz, 17 %, 34
2026/10/10 16:59:04.935, 1, 76805 MiB, 100 %, 265.83 W, 1980 MHz, 16 %, 58
2026/10/10 16:59:04.935, 2, 76805 MiB, 100 %, 250.44 W, 1980 MHz, 17 %, 38
2026/10/10 16:59:04.935, 3, 76805 MiB, 100 %, 245.88 W, 1980 MHz, 16 %, 32
2026/10/10 16:59:04.935, 4, 76805 MiB, 100 %, 241.13 W, 1980 MHz, 17 %, 33
2026/10/10 16:59:04.935, 5, 76805 MiB, 100 %, 248.18 W, 1980 MHz, 16 %, 37
2026/10/10 16:59:04.935, 6, 76805 MiB, 100 %, 239.65 W, 1980 MHz, 16 %, 34
2026/10/10 16:59:04.935, 7, 76805 MiB, 100 %, 277.13 W, 1980 MHz, 16 %, 70
2026/10/10 16:59:05.935, 0, 76805 MiB, 100 %, 248.00 W, 1980 MHz, 16 %, 34
2026/10/10 16:59:05.935, 1, 76805 MiB, 100 %, 267.57 W, 1980 MHz, 17 %, 58
2026/10/10 16:59:05.936, 2, 76805 MiB, 100 %, 250.95 W, 1980 MHz, 17 %, 38
2026/10/10 16:59:05.936, 3, 76805 MiB, 100 %, 246.02 W, 1980 MHz, 16 %, 32
2026/10/10 16:59:05.936, 4, 76805 MiB, 100 %, 241.53 W, 1980 MHz, 16 %, 33
2026/10/10 16:59:05.936, 5, 76805 MiB, 100 %, 249.01 W, 1980 MHz, 17 %, 37
2026/10/10 16:59:05.936, 6, 76805 MiB, 100 %, 239.38 W, 1980 MHz, 16 %, 34
2026/10/10 16:59:05.936, 7, 76805 MiB, 100 %, 276.81 W, 1980 MHz, 17 %, 70
2026/10/10 16:59:06.936, 0, 76805 MiB, 100 %, 248.57 W, 1980 MHz, 17 %, 34
2026/10/10 16:59:06.936, 1, 76805 MiB, 100 %, 264.60 W, 1980 MHz, 16 %, 58
2026/10/10 16:59:06.936, 2, 76805 MiB, 100 %, 250.86 W, 1980 MHz, 17 %, 38
2026/10/10 16:59:06.936, 3, 76805 MiB, 100 %, 244.57 W, 1980 MHz, 16 %, 32
2026/10/10 16:59:06.936, 4, 76805 MiB, 100 %, 241.52 W, 1980 MHz, 16 %, 33
2026/10/10 16:59:06.936, 5, 76805 MiB, 100 %, 248.71 W, 1980 MHz, 17 %, 37
2026/10/10 16:59:06.936, 6, 76805 MiB, 100 %, 238.19 W, 1980 MHz, 16 %, 34
2026/10/10 16:59:06.936, 7, 76805 MiB, 100 %, 276.79 W, 1980 MHz, 17 %, 70
2026/10/10 16:59:07.937, 0, 76805 MiB, 100 %, 248.32 W, 1980 MHz, 17 %, 34
2026/10/10 16:59:07.937, 1, 76805 MiB, 100 %, 266.34 W, 1980 MHz, 16 %, 58
2026/10/10 16:59:07.937, 2, 76805 MiB, 100 %, 250.82 W, 1980 MHz, 17 %, 38
2026/10/10 16:59:07.937, 3, 76805 MiB, 100 %, 245.30 W, 1980 MHz, 16 %, 32
2026/10/10 16:59:07.937, 4, 76805 MiB, 100 %, 242.57 W, 1980 MHz, 17 %, 33
2026/10/10 16:59:07.937, 5, 76805 MiB, 100 %, 247.95 W, 1980 MHz, 16 %, 37
2026/10/10 16:59:07.937, 6, 76805 MiB, 100 %, 238.22 W, 1980 MHz, 17 %, 34
2026/10/10 16:59:07.937, 7, 76805 MiB, 100 %, 278.00 W, 1980 MHz, 17 %, 70
2026/10/10 16:59:08.937, 0, 76805 MiB, 100 %, 248.38 W, 1980 MHz, 16 %, 34
2026/10/10 16:59:08.938, 1, 76805 MiB, 100 %, 264.99 W, 1980 MHz, 17 %, 58
2026/10/10 16:59:08.938, 2, 76805 MiB, 100 %, 249.99 W, 1980 MHz, 16 %, 38
2026/10/10 16:59:08.938, 3, 76805 MiB, 100 %, 245.10 W, 1980 MHz, 16 %, 32
2026/10/10 16:59:08.938, 4, 76805 MiB, 100 %, 240.38 W, 1980 MHz, 17 %, 33
2026/10/10 16:59:08.938, 5, 76805 MiB, 100 %, 248.14 W, 1980 MHz, 16 %, 37
2026/10/10 16:59:08.938, 6, 76805 MiB, 100 %, 239.57 W, 1980 MHz, 17 %, 34
2026/10/10 16:59:08.938, 7, 76805 MiB, 100 %, 277.48 W, 1980 MHz, 16 %, 70
2026/10/10 16:59:09.938, 0, 76805 MiB, 100 %, 248.79 W, 1980 MHz, 17 %, 34
2026/10/10 16:59:09.938, 1, 76805 MiB, 100 %, 266.55 W, 1980 MHz, 17 %, 58
2026/10/10 16:59:09.938, 2, 76805 MiB, 100 %, 249.93 W, 1980 MHz, 17 %, 38
2026/10/10 16:59:09.938, 3, 76805 MiB, 100 %, 245.45 W, 1980 MHz, 16 %, 32
2026/10/10 16:59:09.938, 4, 76805 MiB, 100 %, 240.88 W, 1980 MHz, 16 %, 33
2026/10/10 16:59:09.938, 5, 76805 MiB, 100 %, 248.05 W, 1980 MHz, 16 %, 37
2026/10/10 16:59:09.938, 6, 76805 MiB, 100 %, 239.75 W, 1980 MHz, 17 %, 34
2026/10/10 16:59:09.938, 7, 76805 MiB, 100 %, 277.97 W, 1980 MHz, 16 %, 70
2026/10/10 16:59:10.939, 0, 76805 MiB, 100 %, 247.84 W, 1980 MHz, 16 %, 34
2026/10/10 16:59:10.939, 1, 76805 MiB, 100 %, 262.65 W, 1980 MHz, 16 %, 58
2026/10/10 16:59:10.939, 2, 76805 MiB, 100 %, 249.78 W, 1980 MHz, 17 %, 38
2026/10/10 16:59:10.939, 3, 76805 MiB, 100 %, 244.92 W, 1980 MHz, 16 %, 32
2026/10/10 16:59:10.939, 4, 76805 MiB, 100 %, 241.10 W, 1980 MHz, 16 %, 33
2026/10/10 16:59:10.939, 5, 76805 MiB, 100 %, 248.58 W, 1980 MHz, 17 %, 37
2026/10/10 16:59:10.939, 6, 76805 MiB, 100 %, 239.06 W, 1980 MHz, 17 %, 34
2026/10/10 16:59:10.939, 7, 76805 MiB, 100 %, 276.99 W, 1980 MHz, 17 %, 70
2026/10/10 16:59:11.939, 0, 76805 MiB, 100 %, 248.05 W, 1980 MHz, 17 %, 34
2026/10/10 16:59:11.939, 1, 76805 MiB, 100 %, 265.18 W, 1980 MHz, 16 %, 58
2026/10/10 16:59:11.939, 2, 76805 MiB, 100 %, 250.93 W, 1980 MHz, 17 %, 38
2026/10/10 16:59:11.940, 3, 76805 MiB, 100 %, 245.40 W, 1980 MHz, 16 %, 32
2026/10/10 16:59:11.940, 4, 76805 MiB, 100 %, 240.58 W, 1980 MHz, 16 %, 33
2026/10/10 16:59:11.940, 5, 76805 MiB, 100 %, 249.29 W, 1980 MHz, 17 %, 37
2026/10/10 16:59:11.940, 6, 76805 MiB, 100 %, 239.29 W, 1980 MHz, 17 %, 34
2026/10/10 16:59:11.940, 7, 76805 MiB, 100 %, 277.39 W, 1980 MHz, 17 %, 70
2026/10/10 16:59:12.940, 0, 76805 MiB, 100 %, 247.85 W, 1980 MHz, 16 %, 34
2026/10/10 16:59:12.940, 1, 76805 MiB, 100 %, 265.30 W, 1980 MHz, 16 %, 58
2026/10/10 16:59:12.941, 2, 76805 MiB, 100 %, 250.93 W, 1980 MHz, 17 %, 38
2026/10/10 16:59:12.941, 3, 76805 MiB, 100 %, 246.07 W, 1980 MHz, 17 %, 32
2026/10/10 16:59:12.941, 4, 76805 MiB, 100 %, 242.08 W, 1980 MHz, 16 %, 33
2026/10/10 16:59:12.941, 5, 76805 MiB, 100 %, 248.03 W, 1980 MHz, 16 %, 37
2026/10/10 16:59:12.941, 6, 76805 MiB, 100 %, 238.45 W, 1980 MHz, 16 %, 34
2026/10/10 16:59:12.941, 7, 76805 MiB, 100 %, 277.22 W, 1980 MHz, 17 %, 70
