timestamp, index, memory.used [MiB], utilization.gpu [%], power.draw [W], clocks.current.sm [MHz]
2026/09/27 21:28:10.962, 0, 76993 MiB, 0 %, 180.47 W, 1980 MHz
2026/09/27 21:28:10.967, 1, 76993 MiB, 0 %, 127.24 W, 1980 MHz
2026/09/27 21:28:10.973, 2, 76993 MiB, 0 %, 124.65 W, 1980 MHz
2026/09/27 21:28:10.979, 3, 76993 MiB, 0 %, 123.31 W, 1980 MHz
2026/09/27 21:28:10.984, 4, 76993 MiB, 0 %, 122.66 W, 1980 MHz
2026/09/27 21:28:10.990, 5, 76993 MiB, 0 %, 122.44 W, 1980 MHz
2026/09/27 21:28:10.996, 6, 76993 MiB, 0 %, 125.07 W, 1980 MHz
2026/09/27 21:28:11.001, 7, 76993 MiB, 0 %, 121.22 W, 1980 MHz
2026/09/27 21:28:12.007, 0, 76993 MiB, 0 %, 178.18 W, 1980 MHz
2026/09/27 21:28:12.008, 1, 76993 MiB, 0 %, 126.22 W, 1980 MHz
2026/09/27 21:28:12.009, 2, 76993 MiB, 0 %, 124.18 W, 1980 MHz
2026/09/27 21:28:12.009, 3, 76993 MiB, 0 %, 122.47 W, 1980 MHz
2026/09/27 21:28:12.010, 4, 76993 MiB, 0 %, 122.12 W, 1980 MHz
2026/09/27 21:28:12.011, 5, 76993 MiB, 0 %, 121.87 W, 1980 MHz
2026/09/27 21:28:12.011, 6, 76993 MiB, 0 %, 124.62 W, 1980 MHz
2026/09/27 21:28:12.012, 7, 76993 MiB, 0 %, 120.56 W, 1980 MHz
2026/09/27 21:28:13.012, 0, 76993 MiB, 0 %, 177.45 W, 1980 MHz
2026/09/27 21:28:13.013, 1, 76993 MiB, 0 %, 125.87 W, 1980 MHz
2026/09/27 21:28:13.014, 2, 76993 MiB, 0 %, 123.95 W, 1980 MHz
2026/09/27 21:28:13.015, 3, 76993 MiB, 0 %, 122.23 W, 1980 MHz
2026/09/27 21:28:13.015, 4, 76993 MiB, 0 %, 121.87 W, 1980 MHz
2026/09/27 21:28:13.016, 5, 76993 MiB, 0 %, 121.66 W, 1980 MHz
2026/09/27 21:28:13.017, 6, 76993 MiB, 0 %, 124.38 W, 1980 MHz
2026/09/27 21:28:13.017, 7, 76993 MiB, 0 %, 120.35 W, 1980 MHz
2026/09/27 21:28:14.018, 0, 76993 MiB, 0 %, 177.05 W, 1980 MHz
2026/09/27 21:28:14.019, 1, 76993 MiB, 0 %, 125.66 W, 1980 MHz
2026/09/27 21:28:14.020, 2, 76993 MiB, 0 %, 122.96 W, 1980 MHz
2026/09/27 21:28:14.020, 3, 76993 MiB, 0 %, 122.14 W, 1980 MHz
2026/09/27 21:28:14.021, 4, 76993 MiB, 0 %, 121.74 W, 1980 MHz
2026/09/27 21:28:14.022, 5, 76993 MiB, 0 %, 121.45 W, 1980 MHz
2026/09/27 21:28:14.022, 6, 76993 MiB, 0 %, 124.17 W, 1980 MHz
2026/09/27 21:28:14.023, 7, 76993 MiB, 0 %, 120.14 W, 1980 MHz
2026/09/27 21:28:15.024, 0, 76993 MiB, 0 %, 176.74 W, 1980 MHz
2026/09/27 21:28:15.025, 1, 76993 MiB, 0 %, 125.51 W, 1980 MHz
2026/09/27 21:28:15.025, 2, 76993 MiB, 0 %, 122.82 W, 1980 MHz
2026/09/27 21:28:15.026, 3, 76993 MiB, 0 %, 121.99 W, 1980 MHz
2026/09/27 21:28:15.026, 4, 76993 MiB, 0 %, 121.62 W, 1980 MHz
2026/09/27 21:28:15.027, 5, 76993 MiB, 0 %, 121.39 W, 1980 MHz
2026/09/27 21:28:15.028, 6, 76993 MiB, 0 %, 124.01 W, 1980 MHz
2026/09/27 21:28:15.028, 7, 76993 MiB, 0 %, 120.01 W, 1980 MHz
2026/09/27 21:28:16.029, 0, 76993 MiB, 0 %, 176.43 W, 1980 MHz
2026/09/27 21:28:16.030, 1, 76993 MiB, 0 %, 125.30 W, 1980 MHz
2026/09/27 21:28:16.031, 2, 76993 MiB, 0 %, 122.69 W, 1980 MHz
2026/09/27 21:28:16.031, 3, 76993 MiB, 0 %, 121.85 W, 1980 MHz
2026/09/27 21:28:16.032, 4, 76993 MiB, 0 %, 121.49 W, 1980 MHz
2026/09/27 21:28:16.032, 5, 76993 MiB, 0 %, 121.18 W, 1980 MHz
2026/09/27 21:28:16.033, 6, 76993 MiB, 0 %, 123.86 W, 1980 MHz
2026/09/27 21:28:16.034, 7, 76993 MiB, 0 %, 119.81 W, 1980 MHz
2026/09/27 21:28:17.034, 0, 76993 MiB, 0 %, 176.21 W, 1980 MHz
2026/09/27 21:28:17.035, 1, 76993 MiB, 0 %, 125.21 W, 1980 MHz
2026/09/27 21:28:17.036, 2, 76993 MiB, 0 %, 122.59 W, 1980 MHz
2026/09/27 21:28:17.037, 3, 76993 MiB, 0 %, 121.73 W, 1980 MHz
2026/09/27 21:28:17.037, 4, 76993 MiB, 0 %, 121.36 W, 1980 MHz
2026/09/27 21:28:17.038, 5, 76993 MiB, 0 %, 121.04 W, 1980 MHz
2026/09/27 21:28:17.038, 6, 76993 MiB, 0 %, 123.76 W, 1980 MHz
2026/09/27 21:28:17.039, 7, 76993 MiB, 0 %, 119.72 W, 1980 MHz
2026/09/27 21:28:18.040, 0, 76993 MiB, 0 %, 176.00 W, 1980 MHz
2026/09/27 21:28:18.041, 1, 76993 MiB, 0 %, 125.05 W, 1980 MHz
2026/09/27 21:28:18.041, 2, 76993 MiB, 0 %, 122.46 W, 1980 MHz
2026/09/27 21:28:18.042, 3, 76993 MiB, 0 %, 121.66 W, 1980 MHz
2026/09/27 21:28:18.043, 4, 76993 MiB, 0 %, 121.23 W, 1980 MHz
2026/09/27 21:28:18.043, 5, 76993 MiB, 0 %, 120.95 W, 1980 MHz
2026/09/27 21:28:18.044, 6, 76993 MiB, 0 %, 123.67 W, 1980 MHz
2026/09/27 21:28:18.045, 7, 76993 MiB, 0 %, 119.56 W, 1980 MHz
2026/09/27 21:28:19.045, 0, 76993 MiB, 0 %, 175.74 W, 1980 MHz
2026/09/27 21:28:19.046, 1, 76993 MiB, 0 %, 124.95 W, 1980 MHz
2026/09/27 21:28:19.047, 2, 76993 MiB, 0 %, 122.42 W, 1980 MHz
2026/09/27 21:28:19.048, 3, 76993 MiB, 0 %, 121.55 W, 1980 MHz
2026/09/27 21:28:19.048, 4, 76993 MiB, 0 %, 121.10 W, 1980 MHz
2026/09/27 21:28:19.049, 5, 76993 MiB, 0 %, 120.88 W, 1980 MHz
2026/09/27 21:28:19.050, 6, 76993 MiB, 0 %, 123.51 W, 1980 MHz
2026/09/27 21:28:19.050, 7, 76993 MiB, 0 %, 119.45 W, 1980 MHz
2026/09/27 21:28:20.051, 0, 76993 MiB, 0 %, 175.57 W, 1980 MHz
2026/09/27 21:28:20.052, 1, 76993 MiB, 0 %, 124.82 W, 1980 MHz
2026/09/27 21:28:20.053, 2, 76993 MiB, 0 %, 122.19 W, 1980 MHz
2026/09/27 21:28:20.053, 3, 76993 MiB, 0 %, 121.42 W, 1980 MHz
2026/09/27 21:28:20.054, 4, 76993 MiB, 0 %, 121.02 W, 1980 MHz
2026/09/27 21:28:20.055, 5, 76993 MiB, 0 %, 120.74 W, 1980 MHz
2026/09/27 21:28:20.055, 6, 76993 MiB, 0 %, 123.33 W, 1980 MHz
2026/09/27 21:28:20.056, 7, 76993 MiB, 0 %, 119.39 W, 1980 MHz
2026/09/27 21:28:21.056, 0, 76993 MiB, 0 %, 175.38 W, 1980 MHz
2026/09/27 21:28:21.057, 1, 76993 MiB, 0 %, 124.65 W, 1980 MHz
2026/09/27 21:28:21.058, 2, 76993 MiB, 0 %, 122.09 W, 1980 MHz
2026/09/27 21:28:21.059, 3, 76993 MiB, 0 %, 121.33 W, 1980 MHz
2026/09/27 21:28:21.059, 4, 76993 MiB, 0 %, 120.90 W, 1980 MHz
2026/09/27 21:28:21.060, 5, 76993 MiB, 0 %, 120.65 W, 1980 MHz
2026/09/27 21:28:21.061, 6, 76993 MiB, 0 %, 123.23 W, 1980 MHz
2026/09/27 21:28:21.061, 7, 76993 MiB, 0 %, 119.30 W, 1980 MHz
2026/09/27 21:28:22.062, 0, 76993 MiB, 0 %, 175.23 W, 1980 MHz
2026/09/27 21:28:22.063, 1, 76993 MiB, 0 %, 124.58 W, 1980 MHz
2026/09/27 21:28:22.064, 2, 76993 MiB, 0 %, 122.02 W, 1980 MHz
2026/09/27 21:28:22.064, 3, 76993 MiB, 0 %, 121.29 W, 1980 MHz
2026/09/27 21:28:22.065, 4, 76993 MiB, 0 %, 120.82 W, 1980 MHz
2026/09/27 21:28:22.065, 5, 76993 MiB, 0 %, 120.48 W, 1980 MHz
2026/09/27 21:28:22.066, 6, 76993 MiB, 0 %, 123.11 W, 1980 MHz
2026/09/27 21:28:22.067, 7, 76993 MiB, 0 %, 119.23 W, 1980 MHz
2026/09/27 21:28:23.067, 0, 76993 MiB, 0 %, 175.00 W, 1980 MHz
2026/09/27 21:28:23.068, 1, 76993 MiB, 0 %, 124.50 W, 1980 MHz
2026/09/27 21:28:23.069, 2, 76993 MiB, 0 %, 121.94 W, 1980 MHz
2026/09/27 21:28:23.070, 3, 76993 MiB, 0 %, 121.15 W, 1980 MHz
2026/09/27 21:28:23.070, 4, 76993 MiB, 0 %, 120.79 W, 1980 MHz
2026/09/27 21:28:23.071, 5, 76993 MiB, 0 %, 120.40 W, 1980 MHz
2026/09/27 21:28:23.071, 6, 76993 MiB, 0 %, 122.99 W, 1980 MHz
2026/09/27 21:28:23.072, 7, 76993 MiB, 0 %, 119.12 W, 1980 MHz
2026/09/27 21:28:24.073, 0, 76993 MiB, 0 %, 174.84 W, 1980 MHz
2026/09/27 21:28:24.073, 1, 76993 MiB, 0 %, 124.38 W, 1980 MHz
2026/09/27 21:28:24.074, 2, 76993 MiB, 0 %, 121.85 W, 1980 MHz
2026/09/27 21:28:24.075, 3, 76993 MiB, 0 %, 121.07 W, 1980 MHz
2026/09/27 21:28:24.075, 4, 76993 MiB, 0 %, 120.71 W, 1980 MHz
2026/09/27 21:28:24.076, 5, 76993 MiB, 0 %, 120.33 W, 1980 MHz
2026/09/27 21:28:24.077, 6, 76993 MiB, 0 %, 122.94 W, 1980 MHz
2026/09/27 21:28:24.077, 7, 76993 MiB, 0 %, 119.06 W, 1980 MHz
2026/09/27 21:28:25.078, 0, 76993 MiB, 0 %, 174.69 W, 1980 MHz
2026/09/27 21:28:25.079, 1, 76993 MiB, 0 %, 124.34 W, 1980 MHz
2026/09/27 21:28:25.079, 2, 76993 MiB, 0 %, 121.74 W, 1980 MHz
2026/09/27 21:28:25.080, 3, 76993 MiB, 0 %, 121.08 W, 1980 MHz
2026/09/27 21:28:25.081, 4, 76993 MiB, 0 %, 120.56 W, 1980 MHz
2026/09/27 21:28:25.081, 5, 76993 MiB, 0 %, 120.25 W, 1980 MHz
2026/09/27 21:28:25.082, 6, 76993 MiB, 0 %, 122.84 W, 1980 MHz
2026/09/27 21:28:25.083, 7, 76993 MiB, 0 %, 119.02 W, 1980 MHz
2026/09/27 21:28:26.084, 0, 76993 MiB, 0 %, 174.61 W, 1980 MHz
2026/09/27 21:28:26.085, 1, 76993 MiB, 0 %, 124.19 W, 1980 MHz
2026/09/27 21:28:26.085, 2, 76993 MiB, 0 %, 121.58 W, 1980 MHz
2026/09/27 21:28:26.086, 3, 76993 MiB, 0 %, 120.94 W, 1980 MHz
2026/09/27 21:28:26.087, 4, 76993 MiB, 0 %, 120.56 W, 1980 MHz
2026/09/27 21:28:26.088, 5, 76993 MiB, 0 %, 120.23 W, 1980 MHz
2026/09/27 21:28:26.088, 6, 76993 MiB, 0 %, 122.74 W, 1980 MHz
2026/09/27 21:28:26.089, 7, 76993 MiB, 0 %, 118.87 W, 1980 MHz
2026/09/27 21:28:27.090, 0, 76993 MiB, 0 %, 174.48 W, 1980 MHz
2026/09/27 21:28:27.091, 1, 76993 MiB, 0 %, 124.11 W, 1980 MHz
2026/09/27 21:28:27.091, 2, 76993 MiB, 0 %, 121.56 W, 1980 MHz
2026/09/27 21:28:27.092, 3, 76993 MiB, 0 %, 120.88 W, 1980 MHz
2026/09/27 21:28:27.093, 4, 76993 MiB, 0 %, 120.48 W, 1980 MHz
2026/09/27 21:28:27.093, 5, 76993 MiB, 0 %, 120.16 W, 1980 MHz
2026/09/27 21:28:27.094, 6, 76993 MiB, 0 %, 122.61 W, 1980 MHz
2026/09/27 21:28:27.095, 7, 76993 MiB, 0 %, 118.75 W, 1980 MHz
2026/09/27 21:28:28.095, 0, 76993 MiB, 0 %, 174.34 W, 1980 MHz
2026/09/27 21:28:28.096, 1, 76993 MiB, 0 %, 124.05 W, 1980 MHz
2026/09/27 21:28:28.097, 2, 76993 MiB, 0 %, 121.47 W, 1980 MHz
2026/09/27 21:28:28.098, 3, 76993 MiB, 0 %, 120.89 W, 1980 MHz
2026/09/27 21:28:28.098, 4, 76993 MiB, 0 %, 120.44 W, 1980 MHz
2026/09/27 21:28:28.099, 5, 76993 MiB, 0 %, 120.06 W, 1980 MHz
2026/09/27 21:28:28.100, 6, 76993 MiB, 0 %, 122.54 W, 1980 MHz
2026/09/27 21:28:28.100, 7, 76993 MiB, 0 %, 118.74 W, 1980 MHz
2026/09/27 21:28:29.101, 0, 76993 MiB, 0 %, 174.19 W, 1980 MHz
2026/09/27 21:28:29.102, 1, 76993 MiB, 0 %, 123.93 W, 1980 MHz
2026/09/27 21:28:29.103, 2, 76993 MiB, 0 %, 121.39 W, 1980 MHz
2026/09/27 21:28:29.103, 3, 76993 MiB, 0 %, 120.89 W, 1980 MHz
2026/09/27 21:28:29.104, 4, 76993 MiB, 0 %, 120.40 W, 1980 MHz
2026/09/27 21:28:29.105, 5, 76993 MiB, 0 %, 119.93 W, 1980 MHz
2026/09/27 21:28:29.105, 6, 76993 MiB, 0 %, 122.50 W, 1980 MHz
2026/09/27 21:28:29.106, 7, 76993 MiB, 0 %, 118.73 W, 1980 MHz
2026/09/27 21:28:30.107, 0, 76993 MiB, 0 %, 174.07 W, 1980 MHz
2026/09/27 21:28:30.108, 1, 76993 MiB, 0 %, 123.89 W, 1980 MHz
2026/09/27 21:28:30.108, 2, 76993 MiB, 0 %, 121.35 W, 1980 MHz
2026/09/27 21:28:30.109, 3, 76993 MiB, 0 %, 120.82 W, 1980 MHz
2026/09/27 21:28:30.110, 4, 76993 MiB, 0 %, 120.36 W, 1980 MHz
2026/09/27 21:28:30.110, 5, 76993 MiB, 0 %, 119.90 W, 1980 MHz
2026/09/27 21:28:30.111, 6, 76993 MiB, 0 %, 122.49 W, 1980 MHz
2026/09/27 21:28:30.111, 7, 76993 MiB, 0 %, 118.71 W, 1980 MHz
2026/09/27 21:28:31.112, 0, 76993 MiB, 0 %, 173.97 W, 1980 MHz
2026/09/27 21:28:31.113, 1, 76993 MiB, 0 %, 123.86 W, 1980 MHz
2026/09/27 21:28:31.114, 2, 76993 MiB, 0 %, 121.22 W, 1980 MHz
2026/09/27 21:28:31.114, 3, 76993 MiB, 0 %, 120.73 W, 1980 MHz
2026/09/27 21:28:31.115, 4, 76993 MiB, 0 %, 120.32 W, 1980 MHz
2026/09/27 21:28:31.116, 5, 76993 MiB, 0 %, 119.91 W, 1980 MHz
2026/09/27 21:28:31.116, 6, 76993 MiB, 0 %, 122.42 W, 1980 MHz
2026/09/27 21:28:31.117, 7, 76993 MiB, 0 %, 118.65 W, 1980 MHz
2026/09/27 21:28:32.117, 0, 76993 MiB, 0 %, 173.85 W, 1980 MHz
2026/09/27 21:28:32.118, 1, 76993 MiB, 0 %, 123.77 W, 1980 MHz
2026/09/27 21:28:32.119, 2, 76993 MiB, 0 %, 121.25 W, 1980 MHz
2026/09/27 21:28:32.120, 3, 76993 MiB, 0 %, 120.71 W, 1980 MHz
2026/09/27 21:28:32.120, 4, 76993 MiB, 0 %, 120.21 W, 1980 MHz
2026/09/27 21:28:32.121, 5, 76993 MiB, 0 %, 119.71 W, 1980 MHz
2026/09/27 21:28:32.122, 6, 76993 MiB, 0 %, 122.34 W, 1980 MHz
2026/09/27 21:28:32.122, 7, 76993 MiB, 0 %, 118.50 W, 1980 MHz
2026/09/27 21:28:33.123, 0, 76993 MiB, 0 %, 173.78 W, 1980 MHz
2026/09/27 21:28:33.124, 1, 76993 MiB, 0 %, 123.67 W, 1980 MHz
2026/09/27 21:28:33.125, 2, 76993 MiB, 0 %, 121.12 W, 1980 MHz
2026/09/27 21:28:33.125, 3, 76993 MiB, 0 %, 120.62 W, 1980 MHz
2026/09/27 21:28:33.126, 4, 76993 MiB, 0 %, 120.15 W, 1980 MHz
2026/09/27 21:28:33.127, 5, 76993 MiB, 0 %, 119.73 W, 1980 MHz
2026/09/27 21:28:33.127, 6, 76993 MiB, 0 %, 122.26 W, 1980 MHz
2026/09/27 21:28:33.128, 7, 76993 MiB, 0 %, 118.40 W, 1980 MHz
2026/09/27 21:28:34.128, 0, 76993 MiB, 0 %, 173.63 W, 1980 MHz
2026/09/27 21:28:34.129, 1, 76993 MiB, 0 %, 123.60 W, 1980 MHz
2026/09/27 21:28:34.130, 2, 76993 MiB, 0 %, 121.13 W, 1980 MHz
2026/09/27 21:28:34.131, 3, 76993 MiB, 0 %, 120.58 W, 1980 MHz
2026/09/27 21:28:34.131, 4, 76993 MiB, 0 %, 120.15 W, 1980 MHz
2026/09/27 21:28:34.132, 5, 76993 MiB, 0 %, 119.70 W, 1980 MHz
2026/09/27 21:28:34.133, 6, 76993 MiB, 0 %, 122.17 W, 1980 MHz
2026/09/27 21:28:34.134, 7, 76993 MiB, 0 %, 118.42 W, 1980 MHz
2026/09/27 21:28:35.134, 0, 76993 MiB, 0 %, 173.55 W, 1980 MHz
2026/09/27 21:28:35.135, 1, 76993 MiB, 0 %, 123.50 W, 1980 MHz
2026/09/27 21:28:35.136, 2, 76993 MiB, 0 %, 121.03 W, 1980 MHz
2026/09/27 21:28:35.137, 3, 76993 MiB, 0 %, 120.58 W, 1980 MHz
2026/09/27 21:28:35.137, 4, 76993 MiB, 0 %, 120.09 W, 1980 MHz
2026/09/27 21:28:35.138, 5, 76993 MiB, 0 %, 119.58 W, 1980 MHz
2026/09/27 21:28:35.138, 6, 76993 MiB, 0 %, 122.11 W, 1980 MHz
2026/09/27 21:28:35.139, 7, 76993 MiB, 0 %, 118.41 W, 1980 MHz
2026/09/27 21:28:36.140, 0, 76993 MiB, 0 %, 173.41 W, 1980 MHz
2026/09/27 21:28:36.141, 1, 76993 MiB, 0 %, 123.50 W, 1980 MHz
2026/09/27 21:28:36.141, 2, 76993 MiB, 0 %, 120.96 W, 1980 MHz
2026/09/27 21:28:36.142, 3, 76993 MiB, 0 %, 120.59 W, 1980 MHz
2026/09/27 21:28:36.142, 4, 76993 MiB, 0 %, 120.01 W, 1980 MHz
2026/09/27 21:28:36.143, 5, 76993 MiB, 0 %, 119.52 W, 1980 MHz
2026/09/27 21:28:36.144, 6, 76993 MiB, 0 %, 122.08 W, 1980 MHz
2026/09/27 21:28:36.144, 7, 76993 MiB, 0 %, 118.41 W, 1980 MHz
2026/09/27 21:28:37.145, 0, 76993 MiB, 0 %, 173.37 W, 1980 MHz
2026/09/27 21:28:37.146, 1, 76993 MiB, 0 %, 123.44 W, 1980 MHz
2026/09/27 21:28:37.146, 2, 76993 MiB, 0 %, 120.90 W, 1980 MHz
2026/09/27 21:28:37.147, 3, 76993 MiB, 0 %, 120.31 W, 1980 MHz
2026/09/27 21:28:37.148, 4, 76993 MiB, 0 %, 119.98 W, 1980 MHz
2026/09/27 21:28:37.148, 5, 76993 MiB, 0 %, 119.48 W, 1980 MHz
2026/09/27 21:28:37.149, 6, 76993 MiB, 0 %, 122.06 W, 1980 MHz
2026/09/27 21:28:37.150, 7, 76993 MiB, 0 %, 118.40 W, 1980 MHz
2026/09/27 21:28:38.150, 0, 76993 MiB, 0 %, 173.27 W, 1980 MHz
2026/09/27 21:28:38.151, 1, 76993 MiB, 0 %, 123.45 W, 1980 MHz
2026/09/27 21:28:38.152, 2, 76993 MiB, 0 %, 120.85 W, 1980 MHz
2026/09/27 21:28:38.153, 3, 76993 MiB, 0 %, 120.07 W, 1980 MHz
2026/09/27 21:28:38.153, 4, 76993 MiB, 0 %, 119.93 W, 1980 MHz
2026/09/27 21:28:38.154, 5, 76993 MiB, 0 %, 119.45 W, 1980 MHz
2026/09/27 21:28:38.155, 6, 76993 MiB, 0 %, 122.02 W, 1980 MHz
2026/09/27 21:28:38.155, 7, 76993 MiB, 0 %, 118.32 W, 1980 MHz
2026/09/27 21:28:39.156, 0, 76993 MiB, 0 %, 173.17 W, 1980 MHz
2026/09/27 21:28:39.157, 1, 76993 MiB, 0 %, 123.37 W, 1980 MHz
2026/09/27 21:28:39.158, 2, 76993 MiB, 0 %, 120.77 W, 1980 MHz
2026/09/27 21:28:39.158, 3, 76993 MiB, 0 %, 120.00 W, 1980 MHz
2026/09/27 21:28:39.159, 4, 76993 MiB, 0 %, 119.89 W, 1980 MHz
2026/09/27 21:28:39.159, 5, 76993 MiB, 0 %, 119.43 W, 1980 MHz
2026/09/27 21:28:39.160, 6, 76993 MiB, 0 %, 120.98 W, 1980 MHz
2026/09/27 21:28:39.161, 7, 76993 MiB, 0 %, 118.24 W, 1980 MHz
2026/09/27 21:28:40.161, 0, 76993 MiB, 0 %, 173.12 W, 1980 MHz
2026/09/27 21:28:40.162, 1, 76993 MiB, 0 %, 123.24 W, 1980 MHz
2026/09/27 21:28:40.163, 2, 76993 MiB, 0 %, 120.73 W, 1980 MHz
2026/09/27 21:28:40.163, 3, 76993 MiB, 0 %, 119.92 W, 1980 MHz
2026/09/27 21:28:40.164, 4, 76993 MiB, 0 %, 119.84 W, 1980 MHz
2026/09/27 21:28:40.165, 5, 76993 MiB, 0 %, 119.34 W, 1980 MHz
2026/09/27 21:28:40.165, 6, 76993 MiB, 0 %, 120.45 W, 1980 MHz
2026/09/27 21:28:40.166, 7, 76993 MiB, 0 %, 118.15 W, 1980 MHz
2026/09/27 21:28:41.167, 0, 76993 MiB, 0 %, 173.05 W, 1980 MHz
2026/09/27 21:28:41.167, 1, 76993 MiB, 0 %, 123.22 W, 1980 MHz
2026/09/27 21:28:41.168, 2, 76993 MiB, 0 %, 120.71 W, 1980 MHz
2026/09/27 21:28:41.169, 3, 76993 MiB, 0 %, 119.98 W, 1980 MHz
2026/09/27 21:28:41.169, 4, 76993 MiB, 0 %, 119.87 W, 1980 MHz
2026/09/27 21:28:41.170, 5, 76993 MiB, 0 %, 119.31 W, 1980 MHz
2026/09/27 21:28:41.171, 6, 76993 MiB, 0 %, 120.69 W, 1980 MHz
2026/09/27 21:28:41.171, 7, 76993 MiB, 0 %, 118.21 W, 1980 MHz
2026/09/27 21:28:42.172, 0, 76993 MiB, 0 %, 172.90 W, 1980 MHz
2026/09/27 21:28:42.173, 1, 76993 MiB, 0 %, 123.17 W, 1980 MHz
2026/09/27 21:28:42.174, 2, 76993 MiB, 0 %, 120.74 W, 1980 MHz
2026/09/27 21:28:42.174, 3, 76993 MiB, 0 %, 119.91 W, 1980 MHz
2026/09/27 21:28:42.175, 4, 76993 MiB, 0 %, 119.82 W, 1980 MHz
2026/09/27 21:28:42.175, 5, 76993 MiB, 0 %, 118.79 W, 1980 MHz
2026/09/27 21:28:42.176, 6, 76993 MiB, 0 %, 120.69 W, 1980 MHz
2026/09/27 21:28:42.177, 7, 76993 MiB, 0 %, 118.19 W, 1980 MHz
2026/09/27 21:28:43.178, 0, 76993 MiB, 0 %, 172.84 W, 1980 MHz
2026/09/27 21:28:43.179, 1, 76993 MiB, 0 %, 123.13 W, 1980 MHz
2026/09/27 21:28:43.179, 2, 76993 MiB, 0 %, 120.58 W, 1980 MHz
2026/09/27 21:28:43.180, 3, 76993 MiB, 0 %, 119.94 W, 1980 MHz
2026/09/27 21:28:43.181, 4, 76993 MiB, 0 %, 119.80 W, 1980 MHz
2026/09/27 21:28:43.181, 5, 76993 MiB, 0 %, 118.82 W, 1980 MHz
2026/09/27 21:28:43.182, 6, 76993 MiB, 0 %, 120.64 W, 1980 MHz
2026/09/27 21:28:43.183, 7, 76993 MiB, 0 %, 118.16 W, 1980 MHz
2026/09/27 21:28:44.183, 0, 76993 MiB, 0 %, 172.76 W, 1980 MHz
2026/09/27 21:28:44.184, 1, 76993 MiB, 0 %, 123.13 W, 1980 MHz
2026/09/27 21:28:44.185, 2, 76993 MiB, 0 %, 120.60 W, 1980 MHz
2026/09/27 21:28:44.185, 3, 76993 MiB, 0 %, 119.89 W, 1980 MHz
2026/09/27 21:28:44.186, 4, 76993 MiB, 0 %, 119.66 W, 1980 MHz
2026/09/27 21:28:44.187, 5, 76993 MiB, 0 %, 118.76 W, 1980 MHz
2026/09/27 21:28:44.187, 6, 76993 MiB, 0 %, 120.62 W, 1980 MHz
2026/09/27 21:28:44.188, 7, 76993 MiB, 0 %, 118.15 W, 1980 MHz
2026/09/27 21:28:45.188, 0, 76993 MiB, 0 %, 172.67 W, 1980 MHz
2026/09/27 21:28:45.189, 1, 76993 MiB, 0 %, 123.08 W, 1980 MHz
2026/09/27 21:28:45.190, 2, 76993 MiB, 0 %, 120.51 W, 1980 MHz
2026/09/27 21:28:45.191, 3, 76993 MiB, 0 %, 119.81 W, 1980 MHz
2026/09/27 21:28:45.191, 4, 76993 MiB, 0 %, 119.71 W, 1980 MHz
2026/09/27 21:28:45.192, 5, 76993 MiB, 0 %, 118.73 W, 1980 MHz
2026/09/27 21:28:45.193, 6, 76993 MiB, 0 %, 120.54 W, 1980 MHz
2026/09/27 21:28:45.193, 7, 76993 MiB, 0 %, 118.11 W, 1980 MHz
2026/09/27 21:28:46.194, 0, 76993 MiB, 0 %, 172.56 W, 1980 MHz
2026/09/27 21:28:46.195, 1, 76993 MiB, 0 %, 122.99 W, 1980 MHz
2026/09/27 21:28:46.195, 2, 76993 MiB, 0 %, 120.47 W, 1980 MHz
2026/09/27 21:28:46.196, 3, 76993 MiB, 0 %, 119.80 W, 1980 MHz
2026/09/27 21:28:46.197, 4, 76993 MiB, 0 %, 119.68 W, 1980 MHz
2026/09/27 21:28:46.197, 5, 76993 MiB, 0 %, 118.73 W, 1980 MHz
2026/09/27 21:28:46.198, 6, 76993 MiB, 0 %, 120.49 W, 1980 MHz
2026/09/27 21:28:46.198, 7, 76993 MiB, 0 %, 118.01 W, 1980 MHz
2026/09/27 21:28:47.199, 0, 76993 MiB, 0 %, 172.47 W, 1980 MHz
2026/09/27 21:28:47.200, 1, 76993 MiB, 0 %, 122.89 W, 1980 MHz
2026/09/27 21:28:47.201, 2, 76993 MiB, 0 %, 120.42 W, 1980 MHz
2026/09/27 21:28:47.202, 3, 76993 MiB, 0 %, 119.84 W, 1980 MHz
2026/09/27 21:28:47.202, 4, 76993 MiB, 0 %, 119.71 W, 1980 MHz
2026/09/27 21:28:47.203, 5, 76993 MiB, 0 %, 118.67 W, 1980 MHz
2026/09/27 21:28:47.203, 6, 76993 MiB, 0 %, 120.46 W, 1980 MHz
2026/09/27 21:28:47.204, 7, 76993 MiB, 0 %, 118.00 W, 1980 MHz
2026/09/27 21:28:48.205, 0, 76993 MiB, 0 %, 172.42 W, 1980 MHz
2026/09/27 21:28:48.206, 1, 76993 MiB, 0 %, 122.88 W, 1980 MHz
2026/09/27 21:28:48.206, 2, 76993 MiB, 0 %, 120.45 W, 1980 MHz
2026/09/27 21:28:48.207, 3, 76993 MiB, 0 %, 119.82 W, 1980 MHz
2026/09/27 21:28:48.207, 4, 76993 MiB, 0 %, 119.69 W, 1980 MHz
2026/09/27 21:28:48.208, 5, 76993 MiB, 0 %, 118.64 W, 1980 MHz
2026/09/27 21:28:48.209, 6, 76993 MiB, 0 %, 120.42 W, 1980 MHz
2026/09/27 21:28:48.209, 7, 76993 MiB, 0 %, 117.98 W, 1980 MHz
2026/09/27 21:28:49.210, 0, 76993 MiB, 0 %, 172.36 W, 1980 MHz
2026/09/27 21:28:49.211, 1, 76993 MiB, 0 %, 122.86 W, 1980 MHz
2026/09/27 21:28:49.212, 2, 76993 MiB, 0 %, 120.41 W, 1980 MHz
2026/09/27 21:28:49.212, 3, 76993 MiB, 0 %, 119.80 W, 1980 MHz
2026/09/27 21:28:49.213, 4, 76993 MiB, 0 %, 119.72 W, 1980 MHz
2026/09/27 21:28:49.214, 5, 76993 MiB, 0 %, 118.59 W, 1980 MHz
2026/09/27 21:28:49.214, 6, 76993 MiB, 0 %, 120.44 W, 1980 MHz
2026/09/27 21:28:49.215, 7, 76993 MiB, 0 %, 118.01 W, 1980 MHz
2026/09/27 21:28:50.216, 0, 76993 MiB, 0 %, 172.27 W, 1980 MHz
2026/09/27 21:28:50.216, 1, 76993 MiB, 0 %, 122.82 W, 1980 MHz
2026/09/27 21:28:50.217, 2, 76993 MiB, 0 %, 120.36 W, 1980 MHz
2026/09/27 21:28:50.218, 3, 76993 MiB, 0 %, 119.77 W, 1980 MHz
2026/09/27 21:28:50.218, 4, 76993 MiB, 0 %, 119.66 W, 1980 MHz
2026/09/27 21:28:50.219, 5, 76993 MiB, 0 %, 118.64 W, 1980 MHz
2026/09/27 21:28:50.220, 6, 76993 MiB, 0 %, 120.32 W, 1980 MHz
2026/09/27 21:28:50.220, 7, 76993 MiB, 0 %, 117.99 W, 1980 MHz
2026/09/27 21:28:51.221, 0, 76993 MiB, 0 %, 172.21 W, 1980 MHz
2026/09/27 21:28:51.222, 1, 76993 MiB, 0 %, 122.33 W, 1980 MHz
2026/09/27 21:28:51.223, 2, 76993 MiB, 0 %, 120.29 W, 1980 MHz
2026/09/27 21:28:51.223, 3, 76993 MiB, 0 %, 119.68 W, 1980 MHz
2026/09/27 21:28:51.224, 4, 76993 MiB, 0 %, 119.61 W, 1980 MHz
2026/09/27 21:28:51.225, 5, 76993 MiB, 0 %, 118.57 W, 1980 MHz
2026/09/27 21:28:51.225, 6, 76993 MiB, 0 %, 120.40 W, 1980 MHz
2026/09/27 21:28:51.226, 7, 76993 MiB, 0 %, 117.97 W, 1980 MHz
2026/09/27 21:28:52.226, 0, 76993 MiB, 0 %, 172.17 W, 1980 MHz
2026/09/27 21:28:52.227, 1, 76993 MiB, 0 %, 122.30 W, 1980 MHz
2026/09/27 21:28:52.228, 2, 76993 MiB, 0 %, 120.29 W, 1980 MHz
2026/09/27 21:28:52.229, 3, 76993 MiB, 0 %, 119.65 W, 1980 MHz
2026/09/27 21:28:52.229, 4, 76993 MiB, 0 %, 119.58 W, 1980 MHz
2026/09/27 21:28:52.230, 5, 76993 MiB, 0 %, 118.55 W, 1980 MHz
2026/09/27 21:28:52.230, 6, 76993 MiB, 0 %, 120.33 W, 1980 MHz
2026/09/27 21:28:52.231, 7, 76993 MiB, 0 %, 117.88 W, 1980 MHz
2026/09/27 21:28:53.232, 0, 76993 MiB, 0 %, 172.03 W, 1980 MHz
2026/09/27 21:28:53.233, 1, 76993 MiB, 0 %, 122.20 W, 1980 MHz
2026/09/27 21:28:53.233, 2, 76993 MiB, 0 %, 120.21 W, 1980 MHz
2026/09/27 21:28:53.234, 3, 76993 MiB, 0 %, 119.69 W, 1980 MHz
2026/09/27 21:28:53.235, 4, 76993 MiB, 0 %, 119.56 W, 1980 MHz
2026/09/27 21:28:53.235, 5, 76993 MiB, 0 %, 118.52 W, 1980 MHz
2026/09/27 21:28:53.236, 6, 76993 MiB, 0 %, 120.28 W, 1980 MHz
2026/09/27 21:28:53.236, 7, 76993 MiB, 0 %, 117.89 W, 1980 MHz
2026/09/27 21:28:54.237, 0, 76993 MiB, 0 %, 171.98 W, 1980 MHz
2026/09/27 21:28:54.238, 1, 76993 MiB, 0 %, 122.15 W, 1980 MHz
2026/09/27 21:28:54.239, 2, 76993 MiB, 0 %, 119.53 W, 1980 MHz
2026/09/27 21:28:54.240, 3, 76993 MiB, 0 %, 119.67 W, 1980 MHz
2026/09/27 21:28:54.240, 4, 76993 MiB, 0 %, 119.55 W, 1980 MHz
2026/09/27 21:28:54.241, 5, 76993 MiB, 0 %, 118.43 W, 1980 MHz
2026/09/27 21:28:54.241, 6, 76993 MiB, 0 %, 120.22 W, 1980 MHz
2026/09/27 21:28:54.242, 7, 76993 MiB, 0 %, 117.89 W, 1980 MHz
2026/09/27 21:28:55.243, 0, 76993 MiB, 0 %, 171.86 W, 1980 MHz
2026/09/27 21:28:55.244, 1, 76993 MiB, 0 %, 122.13 W, 1980 MHz
2026/09/27 21:28:55.244, 2, 76993 MiB, 0 %, 119.17 W, 1980 MHz
2026/09/27 21:28:55.245, 3, 76993 MiB, 0 %, 119.68 W, 1980 MHz
2026/09/27 21:28:55.246, 4, 76993 MiB, 0 %, 119.54 W, 1980 MHz
2026/09/27 21:28:55.246, 5, 76993 MiB, 0 %, 118.42 W, 1980 MHz
2026/09/27 21:28:55.247, 6, 76993 MiB, 0 %, 120.21 W, 1980 MHz
2026/09/27 21:28:55.248, 7, 76993 MiB, 0 %, 117.90 W, 1980 MHz
2026/09/27 21:28:56.248, 0, 76993 MiB, 100 %, 549.79 W, 1980 MHz
2026/09/27 21:28:56.249, 1, 76993 MiB, 100 %, 490.48 W, 1980 MHz
2026/09/27 21:28:56.250, 2, 76993 MiB, 100 %, 473.73 W, 1980 MHz
2026/09/27 21:28:56.251, 3, 76993 MiB, 100 %, 485.27 W, 1980 MHz
2026/09/27 21:28:56.252, 4, 76993 MiB, 100 %, 491.93 W, 1980 MHz
2026/09/27 21:28:56.252, 5, 76993 MiB, 100 %, 488.96 W, 1980 MHz
2026/09/27 21:28:56.253, 6, 76993 MiB, 100 %, 467.89 W, 1980 MHz
2026/09/27 21:28:56.254, 7, 76993 MiB, 100 %, 477.50 W, 1980 MHz
2026/09/27 21:28:57.254, 0, 76993 MiB, 100 %, 594.79 W, 1980 MHz
2026/09/27 21:28:57.255, 1, 76993 MiB, 100 %, 529.69 W, 1980 MHz
2026/09/27 21:28:57.256, 2, 76993 MiB, 100 %, 510.40 W, 1980 MHz
2026/09/27 21:28:57.257, 3, 76993 MiB, 100 %, 526.49 W, 1980 MHz
2026/09/27 21:28:57.257, 4, 76993 MiB, 100 %, 515.95 W, 1980 MHz
2026/09/27 21:28:57.258, 5, 76993 MiB, 100 %, 539.21 W, 1980 MHz
2026/09/27 21:28:57.259, 6, 76993 MiB, 100 %, 521.66 W, 1980 MHz
2026/09/27 21:28:57.259, 7, 76993 MiB, 100 %, 513.52 W, 1980 MHz
2026/09/27 21:28:58.260, 0, 76993 MiB, 100 %, 586.72 W, 1980 MHz
2026/09/27 21:28:58.261, 1, 76993 MiB, 100 %, 525.28 W, 1980 MHz
2026/09/27 21:28:58.262, 2, 76993 MiB, 100 %, 528.34 W, 1980 MHz
2026/09/27 21:28:58.262, 3, 76993 MiB, 100 %, 521.17 W, 1980 MHz
2026/09/27 21:28:58.263, 4, 76993 MiB, 100 %, 520.21 W, 1980 MHz
2026/09/27 21:28:58.264, 5, 76993 MiB, 100 %, 527.52 W, 1980 MHz
2026/09/27 21:28:58.264, 6, 76993 MiB, 100 %, 531.48 W, 1980 MHz
2026/09/27 21:28:58.265, 7, 76993 MiB, 100 %, 504.79 W, 1980 MHz
2026/09/27 21:28:59.266, 0, 76993 MiB, 100 %, 599.54 W, 1980 MHz
2026/09/27 21:28:59.267, 1, 76993 MiB, 100 %, 534.23 W, 1980 MHz
2026/09/27 21:28:59.267, 2, 76993 MiB, 100 %, 527.08 W, 1980 MHz
2026/09/27 21:28:59.268, 3, 76993 MiB, 100 %, 524.00 W, 1980 MHz
2026/09/27 21:28:59.269, 4, 76993 MiB, 100 %, 513.13 W, 1980 MHz
2026/09/27 21:28:59.269, 5, 76993 MiB, 100 %, 536.49 W, 1980 MHz
2026/09/27 21:28:59.270, 6, 76993 MiB, 100 %, 529.60 W, 1980 MHz
2026/09/27 21:28:59.270, 7, 76993 MiB, 100 %, 522.12 W, 1980 MHz
2026/09/27 21:29:00.271, 0, 76993 MiB, 100 %, 593.58 W, 1980 MHz
2026/09/27 21:29:00.272, 1, 76993 MiB, 100 %, 510.96 W, 1980 MHz
2026/09/27 21:29:00.273, 2, 76993 MiB, 100 %, 513.85 W, 1980 MHz
2026/09/27 21:29:00.273, 3, 76993 MiB, 100 %, 511.25 W, 1980 MHz
2026/09/27 21:29:00.274, 4, 76993 MiB, 100 %, 512.33 W, 1980 MHz
2026/09/27 21:29:00.274, 5, 76993 MiB, 100 %, 524.91 W, 1980 MHz
2026/09/27 21:29:00.275, 6, 76993 MiB, 100 %, 531.97 W, 1980 MHz
2026/09/27 21:29:00.276, 7, 76993 MiB, 100 %, 510.62 W, 1980 MHz
2026/09/27 21:29:01.276, 0, 76993 MiB, 100 %, 592.35 W, 1980 MHz
2026/09/27 21:29:01.277, 1, 76993 MiB, 100 %, 526.40 W, 1980 MHz
2026/09/27 21:29:01.278, 2, 76993 MiB, 100 %, 514.21 W, 1980 MHz
2026/09/27 21:29:01.279, 3, 76993 MiB, 100 %, 522.71 W, 1980 MHz
2026/09/27 21:29:01.279, 4, 76993 MiB, 100 %, 508.29 W, 1980 MHz
2026/09/27 21:29:01.280, 5, 76993 MiB, 100 %, 531.60 W, 1980 MHz
2026/09/27 21:29:01.281, 6, 76993 MiB, 100 %, 526.65 W, 1980 MHz
2026/09/27 21:29:01.281, 7, 76993 MiB, 100 %, 516.54 W, 1980 MHz
2026/09/27 21:29:02.282, 0, 76993 MiB, 100 %, 596.05 W, 1980 MHz
2026/09/27 21:29:02.283, 1, 76993 MiB, 100 %, 523.91 W, 1980 MHz
2026/09/27 21:29:02.284, 2, 76993 MiB, 100 %, 511.20 W, 1980 MHz
2026/09/27 21:29:02.284, 3, 76993 MiB, 100 %, 519.34 W, 1980 MHz
2026/09/27 21:29:02.285, 4, 76993 MiB, 100 %, 513.86 W, 1980 MHz
2026/09/27 21:29:02.286, 5, 76993 MiB, 100 %, 528.03 W, 1980 MHz
2026/09/27 21:29:02.286, 6, 76993 MiB, 100 %, 532.11 W, 1980 MHz
2026/09/27 21:29:02.287, 7, 76993 MiB, 100 %, 509.28 W, 1980 MHz
2026/09/27 21:29:03.288, 0, 76993 MiB, 100 %, 595.72 W, 1980 MHz
2026/09/27 21:29:03.289, 1, 76993 MiB, 100 %, 525.96 W, 1980 MHz
2026/09/27 21:29:03.289, 2, 76993 MiB, 100 %, 517.26 W, 1980 MHz
2026/09/27 21:29:03.290, 3, 76993 MiB, 100 %, 530.03 W, 1980 MHz
2026/09/27 21:29:03.291, 4, 76993 MiB, 100 %, 517.49 W, 1980 MHz
2026/09/27 21:29:03.291, 5, 76993 MiB, 100 %, 537.60 W, 1980 MHz
2026/09/27 21:29:03.292, 6, 76993 MiB, 100 %, 531.55 W, 1980 MHz
2026/09/27 21:29:03.292, 7, 76993 MiB, 100 %, 523.77 W, 1980 MHz
2026/09/27 21:29:04.293, 0, 76993 MiB, 100 %, 597.80 W, 1980 MHz
2026/09/27 21:29:04.294, 1, 76993 MiB, 100 %, 512.85 W, 1980 MHz
2026/09/27 21:29:04.295, 2, 76993 MiB, 100 %, 513.74 W, 1980 MHz
2026/09/27 21:29:04.295, 3, 76993 MiB, 100 %, 514.53 W, 1980 MHz
2026/09/27 21:29:04.296, 4, 76993 MiB, 100 %, 515.79 W, 1980 MHz
2026/09/27 21:29:04.297, 5, 76993 MiB, 100 %, 531.39 W, 1980 MHz
2026/09/27 21:29:04.297, 6, 76993 MiB, 100 %, 538.51 W, 1980 MHz
2026/09/27 21:29:04.298, 7, 76993 MiB, 100 %, 517.76 W, 1980 MHz
2026/09/27 21:29:05.298, 0, 76993 MiB, 100 %, 595.13 W, 1980 MHz
2026/09/27 21:29:05.299, 1, 76993 MiB, 100 %, 530.72 W, 1980 MHz
2026/09/27 21:29:05.302, 2, 76993 MiB, 100 %, 537.26 W, 1980 MHz
2026/09/27 21:29:05.303, 3, 76993 MiB, 100 %, 521.66 W, 1980 MHz
2026/09/27 21:29:05.304, 4, 76993 MiB, 100 %, 522.74 W, 1980 MHz
2026/09/27 21:29:05.306, 5, 76993 MiB, 100 %, 532.47 W, 1980 MHz
2026/09/27 21:29:05.307, 6, 76993 MiB, 100 %, 537.44 W, 1980 MHz
2026/09/27 21:29:05.308, 7, 76993 MiB, 100 %, 517.91 W, 1980 MHz
2026/09/27 21:29:06.308, 0, 76993 MiB, 100 %, 607.00 W, 1980 MHz
2026/09/27 21:29:06.309, 1, 76993 MiB, 100 %, 522.36 W, 1980 MHz
2026/09/27 21:29:06.310, 2, 76993 MiB, 100 %, 520.93 W, 1980 MHz
2026/09/27 21:29:06.311, 3, 76993 MiB, 100 %, 523.29 W, 1980 MHz
2026/09/27 21:29:06.311, 4, 76993 MiB, 100 %, 505.24 W, 1980 MHz
2026/09/27 21:29:06.312, 5, 76993 MiB, 100 %, 532.22 W, 1980 MHz
2026/09/27 21:29:06.313, 6, 76993 MiB, 100 %, 531.27 W, 1980 MHz
2026/09/27 21:29:06.313, 7, 76993 MiB, 100 %, 512.34 W, 1980 MHz
2026/09/27 21:29:07.314, 0, 76993 MiB, 100 %, 606.73 W, 1980 MHz
2026/09/27 21:29:07.316, 1, 76993 MiB, 100 %, 532.67 W, 1980 MHz
2026/09/27 21:29:07.317, 2, 76993 MiB, 100 %, 534.98 W, 1980 MHz
2026/09/27 21:29:07.318, 3, 76993 MiB, 100 %, 530.01 W, 1980 MHz
2026/09/27 21:29:07.320, 4, 76993 MiB, 100 %, 520.23 W, 1980 MHz
2026/09/27 21:29:07.322, 5, 76993 MiB, 100 %, 543.09 W, 1980 MHz
2026/09/27 21:29:07.323, 6, 76993 MiB, 100 %, 526.20 W, 1980 MHz
2026/09/27 21:29:07.324, 7, 76993 MiB, 100 %, 516.30 W, 1980 MHz
2026/09/27 21:29:08.326, 0, 76993 MiB, 100 %, 576.78 W, 1920 MHz
2026/09/27 21:29:08.327, 1, 76993 MiB, 100 %, 522.83 W, 1980 MHz
2026/09/27 21:29:08.327, 2, 76993 MiB, 100 %, 522.47 W, 1980 MHz
2026/09/27 21:29:08.328, 3, 76993 MiB, 100 %, 512.58 W, 1980 MHz
2026/09/27 21:29:08.329, 4, 76993 MiB, 100 %, 515.55 W, 1980 MHz
2026/09/27 21:29:08.329, 5, 76993 MiB, 100 %, 534.85 W, 1980 MHz
2026/09/27 21:29:08.330, 6, 76993 MiB, 100 %, 537.48 W, 1980 MHz
2026/09/27 21:29:08.331, 7, 76993 MiB, 100 %, 505.15 W, 1980 MHz
2026/09/27 21:29:09.331, 0, 76993 MiB, 100 %, 579.13 W, 1965 MHz
2026/09/27 21:29:09.332, 1, 76993 MiB, 100 %, 520.23 W, 1980 MHz
2026/09/27 21:29:09.333, 2, 76993 MiB, 100 %, 526.79 W, 1980 MHz
2026/09/27 21:29:09.334, 3, 76993 MiB, 100 %, 521.45 W, 1980 MHz
2026/09/27 21:29:09.334, 4, 76993 MiB, 100 %, 512.37 W, 1980 MHz
2026/09/27 21:29:09.335, 5, 76993 MiB, 100 %, 529.39 W, 1980 MHz
2026/09/27 21:29:09.336, 6, 76993 MiB, 100 %, 531.59 W, 1980 MHz
2026/09/27 21:29:09.336, 7, 76993 MiB, 100 %, 510.09 W, 1980 MHz
2026/09/27 21:29:10.337, 0, 76993 MiB, 100 %, 582.24 W, 1920 MHz
2026/09/27 21:29:10.338, 1, 76993 MiB, 100 %, 515.52 W, 1980 MHz
2026/09/27 21:29:10.338, 2, 76993 MiB, 100 %, 518.01 W, 1980 MHz
2026/09/27 21:29:10.339, 3, 76993 MiB, 100 %, 522.49 W, 1980 MHz
2026/09/27 21:29:10.340, 4, 76993 MiB, 100 %, 513.60 W, 1980 MHz
2026/09/27 21:29:10.340, 5, 76993 MiB, 100 %, 526.97 W, 1980 MHz
2026/09/27 21:29:10.341, 6, 76993 MiB, 100 %, 529.59 W, 1980 MHz
2026/09/27 21:29:10.342, 7, 76993 MiB, 100 %, 507.98 W, 1980 MHz
2026/09/27 21:29:11.342, 0, 76993 MiB, 100 %, 589.63 W, 1965 MHz
2026/09/27 21:29:11.343, 1, 76993 MiB, 100 %, 528.52 W, 1980 MHz
2026/09/27 21:29:11.344, 2, 76993 MiB, 100 %, 520.27 W, 1980 MHz
2026/09/27 21:29:11.345, 3, 76993 MiB, 100 %, 526.48 W, 1980 MHz
2026/09/27 21:29:11.345, 4, 76993 MiB, 100 %, 517.36 W, 1980 MHz
2026/09/27 21:29:11.346, 5, 76993 MiB, 100 %, 543.06 W, 1980 MHz
2026/09/27 21:29:11.347, 6, 76993 MiB, 100 %, 534.37 W, 1980 MHz
2026/09/27 21:29:11.347, 7, 76993 MiB, 100 %, 516.04 W, 1980 MHz
2026/09/27 21:29:12.348, 0, 76993 MiB, 100 %, 589.29 W, 1965 MHz
2026/09/27 21:29:12.349, 1, 76993 MiB, 100 %, 530.98 W, 1980 MHz
2026/09/27 21:29:12.350, 2, 76993 MiB, 100 %, 527.50 W, 1980 MHz
2026/09/27 21:29:12.351, 3, 76993 MiB, 100 %, 517.60 W, 1980 MHz
2026/09/27 21:29:12.351, 4, 76993 MiB, 100 %, 512.49 W, 1980 MHz
2026/09/27 21:29:12.352, 5, 76993 MiB, 100 %, 530.77 W, 1980 MHz
2026/09/27 21:29:12.352, 6, 76993 MiB, 100 %, 538.64 W, 1980 MHz
2026/09/27 21:29:12.353, 7, 76993 MiB, 100 %, 503.90 W, 1980 MHz
2026/09/27 21:29:13.354, 0, 76993 MiB, 100 %, 562.09 W, 1785 MHz
2026/09/27 21:29:13.355, 1, 76993 MiB, 100 %, 529.82 W, 1980 MHz
2026/09/27 21:29:13.355, 2, 76993 MiB, 100 %, 525.13 W, 1980 MHz
2026/09/27 21:29:13.356, 3, 76993 MiB, 100 %, 519.24 W, 1980 MHz
2026/09/27 21:29:13.357, 4, 76993 MiB, 100 %, 513.12 W, 1980 MHz
2026/09/27 21:29:13.357, 5, 76993 MiB, 100 %, 530.08 W, 1980 MHz
2026/09/27 21:29:13.358, 6, 76993 MiB, 100 %, 541.44 W, 1980 MHz
2026/09/27 21:29:13.359, 7, 76993 MiB, 100 %, 510.54 W, 1980 MHz
2026/09/27 21:29:14.360, 0, 76993 MiB, 100 %, 550.36 W, 1815 MHz
2026/09/27 21:29:14.360, 1, 76993 MiB, 100 %, 522.54 W, 1980 MHz
2026/09/27 21:29:14.361, 2, 76993 MiB, 100 %, 514.76 W, 1980 MHz
2026/09/27 21:29:14.362, 3, 76993 MiB, 100 %, 520.09 W, 1980 MHz
2026/09/27 21:29:14.362, 4, 76993 MiB, 100 %, 509.60 W, 1980 MHz
2026/09/27 21:29:14.363, 5, 76993 MiB, 100 %, 532.13 W, 1980 MHz
2026/09/27 21:29:14.364, 6, 76993 MiB, 100 %, 527.06 W, 1980 MHz
2026/09/27 21:29:14.364, 7, 76993 MiB, 100 %, 510.24 W, 1980 MHz
2026/09/27 21:29:15.365, 0, 76993 MiB, 100 %, 553.77 W, 1800 MHz
2026/09/27 21:29:15.366, 1, 76993 MiB, 100 %, 531.49 W, 1980 MHz
2026/09/27 21:29:15.367, 2, 76993 MiB, 100 %, 526.06 W, 1980 MHz
2026/09/27 21:29:15.368, 3, 76993 MiB, 100 %, 527.38 W, 1980 MHz
2026/09/27 21:29:15.368, 4, 76993 MiB, 100 %, 524.85 W, 1980 MHz
2026/09/27 21:29:15.369, 5, 76993 MiB, 100 %, 534.72 W, 1980 MHz
2026/09/27 21:29:15.369, 6, 76993 MiB, 100 %, 537.14 W, 1980 MHz
2026/09/27 21:29:15.370, 7, 76993 MiB, 100 %, 519.15 W, 1980 MHz
2026/09/27 21:29:16.371, 0, 76993 MiB, 100 %, 582.42 W, 1950 MHz
2026/09/27 21:29:16.372, 1, 76993 MiB, 100 %, 539.43 W, 1980 MHz
2026/09/27 21:29:16.372, 2, 76993 MiB, 100 %, 528.99 W, 1980 MHz
2026/09/27 21:29:16.373, 3, 76993 MiB, 100 %, 519.53 W, 1980 MHz
2026/09/27 21:29:16.374, 4, 76993 MiB, 100 %, 502.72 W, 1980 MHz
2026/09/27 21:29:16.374, 5, 76993 MiB, 100 %, 533.41 W, 1980 MHz
2026/09/27 21:29:16.375, 6, 76993 MiB, 100 %, 534.59 W, 1980 MHz
2026/09/27 21:29:16.376, 7, 76993 MiB, 100 %, 508.45 W, 1980 MHz
2026/09/27 21:29:17.376, 0, 76993 MiB, 100 %, 581.91 W, 1890 MHz
2026/09/27 21:29:17.377, 1, 76993 MiB, 100 %, 544.46 W, 1980 MHz
2026/09/27 21:29:17.378, 2, 76993 MiB, 100 %, 538.10 W, 1980 MHz
2026/09/27 21:29:17.379, 3, 76993 MiB, 100 %, 530.93 W, 1980 MHz
2026/09/27 21:29:17.379, 4, 76993 MiB, 100 %, 516.03 W, 1980 MHz
2026/09/27 21:29:17.380, 5, 76993 MiB, 100 %, 539.40 W, 1980 MHz
2026/09/27 21:29:17.381, 6, 76993 MiB, 100 %, 533.59 W, 1980 MHz
2026/09/27 21:29:17.381, 7, 76993 MiB, 100 %, 516.17 W, 1980 MHz
2026/09/27 21:29:18.382, 0, 76993 MiB, 100 %, 570.97 W, 1920 MHz
2026/09/27 21:29:18.383, 1, 76993 MiB, 100 %, 528.47 W, 1980 MHz
2026/09/27 21:29:18.384, 2, 76993 MiB, 100 %, 531.14 W, 1980 MHz
2026/09/27 21:29:18.384, 3, 76993 MiB, 100 %, 519.20 W, 1980 MHz
2026/09/27 21:29:18.385, 4, 76993 MiB, 100 %, 525.77 W, 1980 MHz
2026/09/27 21:29:18.386, 5, 76993 MiB, 100 %, 536.27 W, 1980 MHz
2026/09/27 21:29:18.386, 6, 76993 MiB, 100 %, 539.84 W, 1980 MHz
2026/09/27 21:29:18.387, 7, 76993 MiB, 100 %, 515.56 W, 1980 MHz
2026/09/27 21:29:19.388, 0, 76993 MiB, 100 %, 567.24 W, 1950 MHz
2026/09/27 21:29:19.389, 1, 76993 MiB, 100 %, 534.30 W, 1980 MHz
2026/09/27 21:29:19.389, 2, 76993 MiB, 100 %, 525.93 W, 1980 MHz
2026/09/27 21:29:19.390, 3, 76993 MiB, 100 %, 532.75 W, 1980 MHz
2026/09/27 21:29:19.391, 4, 76993 MiB, 100 %, 517.56 W, 1980 MHz
2026/09/27 21:29:19.391, 5, 76993 MiB, 100 %, 540.35 W, 1980 MHz
2026/09/27 21:29:19.392, 6, 76993 MiB, 100 %, 533.34 W, 1980 MHz
2026/09/27 21:29:19.393, 7, 76993 MiB, 100 %, 522.45 W, 1980 MHz
2026/09/27 21:29:20.393, 0, 76993 MiB, 100 %, 571.03 W, 1935 MHz
2026/09/27 21:29:20.394, 1, 76993 MiB, 100 %, 522.33 W, 1980 MHz
2026/09/27 21:29:20.395, 2, 76993 MiB, 100 %, 518.72 W, 1980 MHz
2026/09/27 21:29:20.396, 3, 76993 MiB, 100 %, 519.73 W, 1980 MHz
2026/09/27 21:29:20.397, 4, 76993 MiB, 100 %, 509.76 W, 1980 MHz
2026/09/27 21:29:20.397, 5, 76993 MiB, 100 %, 533.05 W, 1980 MHz
2026/09/27 21:29:20.398, 6, 76993 MiB, 100 %, 534.06 W, 1980 MHz
2026/09/27 21:29:20.398, 7, 76993 MiB, 100 %, 513.61 W, 1980 MHz
2026/09/27 21:29:21.399, 0, 76993 MiB, 100 %, 570.12 W, 1920 MHz
2026/09/27 21:29:21.400, 1, 76993 MiB, 100 %, 538.61 W, 1980 MHz
2026/09/27 21:29:21.401, 2, 76993 MiB, 100 %, 539.80 W, 1980 MHz
2026/09/27 21:29:21.402, 3, 76993 MiB, 100 %, 530.23 W, 1980 MHz
2026/09/27 21:29:21.402, 4, 76993 MiB, 100 %, 524.40 W, 1980 MHz
2026/09/27 21:29:21.403, 5, 76993 MiB, 100 %, 538.03 W, 1980 MHz
2026/09/27 21:29:21.403, 6, 76993 MiB, 100 %, 539.61 W, 1980 MHz
2026/09/27 21:29:21.404, 7, 76993 MiB, 100 %, 524.21 W, 1980 MHz
2026/09/27 21:29:22.405, 0, 76993 MiB, 100 %, 544.47 W, 1890 MHz
2026/09/27 21:29:22.406, 1, 76993 MiB, 100 %, 533.41 W, 1980 MHz
2026/09/27 21:29:22.407, 2, 76993 MiB, 100 %, 521.01 W, 1980 MHz
2026/09/27 21:29:22.408, 3, 76993 MiB, 100 %, 520.31 W, 1980 MHz
2026/09/27 21:29:22.409, 4, 76993 MiB, 100 %, 503.30 W, 1980 MHz
2026/09/27 21:29:22.409, 5, 76993 MiB, 100 %, 533.50 W, 1980 MHz
2026/09/27 21:29:22.410, 6, 76993 MiB, 100 %, 527.65 W, 1980 MHz
2026/09/27 21:29:22.411, 7, 76993 MiB, 100 %, 513.40 W, 1980 MHz
2026/09/27 21:29:23.411, 0, 76993 MiB, 100 %, 576.17 W, 1815 MHz
2026/09/27 21:29:23.412, 1, 76993 MiB, 100 %, 541.78 W, 1980 MHz
2026/09/27 21:29:23.413, 2, 76993 MiB, 100 %, 536.94 W, 1980 MHz
2026/09/27 21:29:23.414, 3, 76993 MiB, 100 %, 529.73 W, 1980 MHz
2026/09/27 21:29:23.415, 4, 76993 MiB, 100 %, 524.28 W, 1980 MHz
2026/09/27 21:29:23.415, 5, 76993 MiB, 100 %, 542.98 W, 1980 MHz
2026/09/27 21:29:23.416, 6, 76993 MiB, 100 %, 532.94 W, 1980 MHz
2026/09/27 21:29:23.417, 7, 76993 MiB, 100 %, 517.48 W, 1980 MHz
2026/09/27 21:29:24.417, 0, 76993 MiB, 100 %, 546.08 W, 1890 MHz
2026/09/27 21:29:24.418, 1, 76993 MiB, 100 %, 525.27 W, 1980 MHz
2026/09/27 21:29:24.419, 2, 76993 MiB, 100 %, 523.37 W, 1980 MHz
2026/09/27 21:29:24.419, 3, 76993 MiB, 100 %, 522.32 W, 1980 MHz
2026/09/27 21:29:24.420, 4, 76993 MiB, 100 %, 506.78 W, 1980 MHz
2026/09/27 21:29:24.421, 5, 76993 MiB, 100 %, 529.83 W, 1980 MHz
2026/09/27 21:29:24.421, 6, 76993 MiB, 100 %, 527.55 W, 1980 MHz
2026/09/27 21:29:24.422, 7, 76993 MiB, 100 %, 510.46 W, 1980 MHz
2026/09/27 21:29:25.423, 0, 76993 MiB, 100 %, 552.91 W, 1815 MHz
2026/09/27 21:29:25.424, 1, 76993 MiB, 100 %, 534.25 W, 1980 MHz
2026/09/27 21:29:25.424, 2, 76993 MiB, 100 %, 525.49 W, 1980 MHz
2026/09/27 21:29:25.425, 3, 76993 MiB, 100 %, 525.14 W, 1980 MHz
2026/09/27 21:29:25.426, 4, 76993 MiB, 100 %, 521.60 W, 1980 MHz
2026/09/27 21:29:25.426, 5, 76993 MiB, 100 %, 536.94 W, 1980 MHz
2026/09/27 21:29:25.427, 6, 76993 MiB, 100 %, 536.34 W, 1980 MHz
2026/09/27 21:29:25.427, 7, 76993 MiB, 100 %, 517.99 W, 1980 MHz
2026/09/27 21:29:26.428, 0, 76993 MiB, 100 %, 549.83 W, 1845 MHz
2026/09/27 21:29:26.429, 1, 76993 MiB, 100 %, 526.27 W, 1980 MHz
2026/09/27 21:29:26.430, 2, 76993 MiB, 100 %, 522.09 W, 1980 MHz
2026/09/27 21:29:26.430, 3, 76993 MiB, 100 %, 524.35 W, 1980 MHz
2026/09/27 21:29:26.431, 4, 76993 MiB, 100 %, 514.01 W, 1980 MHz
2026/09/27 21:29:26.432, 5, 76993 MiB, 100 %, 533.84 W, 1980 MHz
2026/09/27 21:29:26.432, 6, 76993 MiB, 100 %, 529.85 W, 1980 MHz
2026/09/27 21:29:26.433, 7, 76993 MiB, 100 %, 518.26 W, 1980 MHz
2026/09/27 21:29:27.434, 0, 76993 MiB, 100 %, 548.14 W, 1860 MHz
2026/09/27 21:29:27.435, 1, 76993 MiB, 100 %, 539.67 W, 1980 MHz
2026/09/27 21:29:27.435, 2, 76993 MiB, 100 %, 527.10 W, 1980 MHz
2026/09/27 21:29:27.436, 3, 76993 MiB, 100 %, 526.51 W, 1980 MHz
2026/09/27 21:29:27.437, 4, 76993 MiB, 100 %, 513.43 W, 1980 MHz
2026/09/27 21:29:27.437, 5, 76993 MiB, 100 %, 535.69 W, 1980 MHz
2026/09/27 21:29:27.438, 6, 76993 MiB, 100 %, 534.46 W, 1980 MHz
2026/09/27 21:29:27.439, 7, 76993 MiB, 100 %, 520.74 W, 1980 MHz
2026/09/27 21:29:28.440, 0, 76993 MiB, 100 %, 563.45 W, 1860 MHz
2026/09/27 21:29:28.441, 1, 76993 MiB, 100 %, 527.81 W, 1980 MHz
2026/09/27 21:29:28.441, 2, 76993 MiB, 100 %, 528.65 W, 1980 MHz
2026/09/27 21:29:28.442, 3, 76993 MiB, 100 %, 525.91 W, 1980 MHz
2026/09/27 21:29:28.443, 4, 76993 MiB, 100 %, 520.88 W, 1980 MHz
2026/09/27 21:29:28.443, 5, 76993 MiB, 100 %, 538.86 W, 1980 MHz
2026/09/27 21:29:28.444, 6, 76993 MiB, 100 %, 537.72 W, 1980 MHz
2026/09/27 21:29:28.445, 7, 76993 MiB, 100 %, 522.72 W, 1980 MHz
2026/09/27 21:29:29.445, 0, 76993 MiB, 100 %, 546.93 W, 1800 MHz
2026/09/27 21:29:29.446, 1, 76993 MiB, 100 %, 539.18 W, 1980 MHz
2026/09/27 21:29:29.447, 2, 76993 MiB, 100 %, 529.52 W, 1980 MHz
2026/09/27 21:29:29.447, 3, 76993 MiB, 100 %, 528.39 W, 1980 MHz
2026/09/27 21:29:29.448, 4, 76993 MiB, 100 %, 518.52 W, 1980 MHz
2026/09/27 21:29:29.449, 5, 76993 MiB, 100 %, 541.41 W, 1980 MHz
2026/09/27 21:29:29.449, 6, 76993 MiB, 100 %, 535.93 W, 1980 MHz
2026/09/27 21:29:29.450, 7, 76993 MiB, 100 %, 517.13 W, 1980 MHz
2026/09/27 21:29:30.451, 0, 76993 MiB, 100 %, 571.05 W, 1830 MHz
2026/09/27 21:29:30.451, 1, 76993 MiB, 100 %, 525.68 W, 1980 MHz
2026/09/27 21:29:30.452, 2, 76993 MiB, 100 %, 522.03 W, 1980 MHz
2026/09/27 21:29:30.453, 3, 76993 MiB, 100 %, 530.76 W, 1980 MHz
2026/09/27 21:29:30.454, 4, 76993 MiB, 100 %, 519.22 W, 1980 MHz
2026/09/27 21:29:30.454, 5, 76993 MiB, 100 %, 541.07 W, 1980 MHz
2026/09/27 21:29:30.455, 6, 76993 MiB, 100 %, 527.36 W, 1980 MHz
2026/09/27 21:29:30.456, 7, 76993 MiB, 100 %, 520.40 W, 1980 MHz
2026/09/27 21:29:31.456, 0, 76993 MiB, 100 %, 541.15 W, 1710 MHz
2026/09/27 21:29:31.457, 1, 76993 MiB, 100 %, 531.98 W, 1980 MHz
2026/09/27 21:29:31.458, 2, 76993 MiB, 100 %, 517.95 W, 1980 MHz
2026/09/27 21:29:31.459, 3, 76993 MiB, 100 %, 516.31 W, 1980 MHz
2026/09/27 21:29:31.459, 4, 76993 MiB, 100 %, 506.01 W, 1980 MHz
2026/09/27 21:29:31.460, 5, 76993 MiB, 100 %, 538.76 W, 1980 MHz
2026/09/27 21:29:31.460, 6, 76993 MiB, 100 %, 544.74 W, 1980 MHz
2026/09/27 21:29:31.461, 7, 76993 MiB, 100 %, 522.19 W, 1980 MHz
2026/09/27 21:29:32.462, 0, 76993 MiB, 100 %, 537.09 W, 1890 MHz
2026/09/27 21:29:32.463, 1, 76993 MiB, 100 %, 527.93 W, 1980 MHz
2026/09/27 21:29:32.463, 2, 76993 MiB, 100 %, 530.04 W, 1980 MHz
2026/09/27 21:29:32.464, 3, 76993 MiB, 100 %, 523.47 W, 1980 MHz
2026/09/27 21:29:32.465, 4, 76993 MiB, 100 %, 509.86 W, 1980 MHz
2026/09/27 21:29:32.465, 5, 76993 MiB, 100 %, 530.76 W, 1980 MHz
2026/09/27 21:29:32.466, 6, 76993 MiB, 100 %, 529.50 W, 1980 MHz
2026/09/27 21:29:32.466, 7, 76993 MiB, 100 %, 524.72 W, 1980 MHz
2026/09/27 21:29:33.467, 0, 76993 MiB, 100 %, 551.04 W, 1845 MHz
2026/09/27 21:29:33.468, 1, 76993 MiB, 100 %, 533.23 W, 1980 MHz
2026/09/27 21:29:33.469, 2, 76993 MiB, 100 %, 521.98 W, 1980 MHz
2026/09/27 21:29:33.469, 3, 76993 MiB, 100 %, 522.46 W, 1980 MHz
2026/09/27 21:29:33.470, 4, 76993 MiB, 100 %, 521.11 W, 1980 MHz
2026/09/27 21:29:33.471, 5, 76993 MiB, 100 %, 539.31 W, 1980 MHz
2026/09/27 21:29:33.471, 6, 76993 MiB, 100 %, 539.77 W, 1980 MHz
2026/09/27 21:29:33.472, 7, 76993 MiB, 100 %, 524.77 W, 1980 MHz
2026/09/27 21:29:34.473, 0, 76993 MiB, 100 %, 544.97 W, 1920 MHz
2026/09/27 21:29:34.473, 1, 76993 MiB, 100 %, 541.09 W, 1980 MHz
2026/09/27 21:29:34.474, 2, 76993 MiB, 100 %, 537.91 W, 1980 MHz
2026/09/27 21:29:34.475, 3, 76993 MiB, 100 %, 527.01 W, 1980 MHz
2026/09/27 21:29:34.475, 4, 76993 MiB, 100 %, 515.66 W, 1980 MHz
2026/09/27 21:29:34.476, 5, 76993 MiB, 100 %, 534.09 W, 1980 MHz
2026/09/27 21:29:34.477, 6, 76993 MiB, 100 %, 534.66 W, 1980 MHz
2026/09/27 21:29:34.477, 7, 76993 MiB, 100 %, 522.21 W, 1980 MHz
2026/09/27 21:29:35.478, 0, 76993 MiB, 100 %, 549.48 W, 1740 MHz
2026/09/27 21:29:35.479, 1, 76993 MiB, 100 %, 534.86 W, 1980 MHz
2026/09/27 21:29:35.480, 2, 76993 MiB, 100 %, 530.94 W, 1980 MHz
2026/09/27 21:29:35.480, 3, 76993 MiB, 100 %, 522.03 W, 1980 MHz
2026/09/27 21:29:35.481, 4, 76993 MiB, 100 %, 514.16 W, 1980 MHz
2026/09/27 21:29:35.482, 5, 76993 MiB, 100 %, 542.46 W, 1980 MHz
2026/09/27 21:29:35.482, 6, 76993 MiB, 100 %, 538.24 W, 1980 MHz
2026/09/27 21:29:35.483, 7, 76993 MiB, 100 %, 518.39 W, 1980 MHz
2026/09/27 21:29:36.484, 0, 76993 MiB, 100 %, 541.05 W, 1875 MHz
2026/09/27 21:29:36.485, 1, 76993 MiB, 100 %, 536.62 W, 1980 MHz
2026/09/27 21:29:36.485, 2, 76993 MiB, 100 %, 528.70 W, 1980 MHz
2026/09/27 21:29:36.486, 3, 76993 MiB, 100 %, 526.59 W, 1980 MHz
2026/09/27 21:29:36.487, 4, 76993 MiB, 100 %, 513.29 W, 1980 MHz
2026/09/27 21:29:36.487, 5, 76993 MiB, 100 %, 540.49 W, 1980 MHz
2026/09/27 21:29:36.488, 6, 76993 MiB, 100 %, 533.41 W, 1980 MHz
2026/09/27 21:29:36.488, 7, 76993 MiB, 100 %, 525.53 W, 1980 MHz
2026/09/27 21:29:37.489, 0, 76993 MiB, 100 %, 526.51 W, 1770 MHz
2026/09/27 21:29:37.490, 1, 76993 MiB, 100 %, 533.42 W, 1980 MHz
2026/09/27 21:29:37.491, 2, 76993 MiB, 100 %, 526.21 W, 1980 MHz
2026/09/27 21:29:37.491, 3, 76993 MiB, 100 %, 520.75 W, 1980 MHz
2026/09/27 21:29:37.492, 4, 76993 MiB, 100 %, 512.34 W, 1980 MHz
2026/09/27 21:29:37.493, 5, 76993 MiB, 100 %, 532.97 W, 1980 MHz
2026/09/27 21:29:37.493, 6, 76993 MiB, 100 %, 539.55 W, 1980 MHz
2026/09/27 21:29:37.494, 7, 76993 MiB, 100 %, 513.83 W, 1980 MHz
2026/09/27 21:29:38.495, 0, 76993 MiB, 100 %, 526.29 W, 1800 MHz
2026/09/27 21:29:38.496, 1, 76993 MiB, 100 %, 537.74 W, 1980 MHz
2026/09/27 21:29:38.496, 2, 76993 MiB, 100 %, 534.93 W, 1980 MHz
2026/09/27 21:29:38.497, 3, 76993 MiB, 100 %, 519.65 W, 1980 MHz
2026/09/27 21:29:38.498, 4, 76993 MiB, 100 %, 518.70 W, 1980 MHz
2026/09/27 21:29:38.499, 5, 76993 MiB, 100 %, 534.27 W, 1980 MHz
2026/09/27 21:29:38.499, 6, 76993 MiB, 100 %, 535.49 W, 1980 MHz
2026/09/27 21:29:38.500, 7, 76993 MiB, 100 %, 522.10 W, 1980 MHz
2026/09/27 21:29:39.501, 0, 76993 MiB, 100 %, 533.71 W, 1740 MHz
2026/09/27 21:29:39.502, 1, 76993 MiB, 100 %, 530.88 W, 1980 MHz
2026/09/27 21:29:39.502, 2, 76993 MiB, 100 %, 521.27 W, 1980 MHz
2026/09/27 21:29:39.503, 3, 76993 MiB, 100 %, 513.15 W, 1980 MHz
2026/09/27 21:29:39.504, 4, 76993 MiB, 100 %, 510.46 W, 1980 MHz
2026/09/27 21:29:39.504, 5, 76993 MiB, 100 %, 535.44 W, 1980 MHz
2026/09/27 21:29:39.505, 6, 76993 MiB, 100 %, 537.04 W, 1980 MHz
2026/09/27 21:29:39.506, 7, 76993 MiB, 100 %, 518.70 W, 1980 MHz
2026/09/27 21:29:40.506, 0, 76993 MiB, 100 %, 529.02 W, 1875 MHz
2026/09/27 21:29:40.507, 1, 76993 MiB, 100 %, 542.69 W, 1980 MHz
2026/09/27 21:29:40.508, 2, 76993 MiB, 100 %, 529.57 W, 1980 MHz
2026/09/27 21:29:40.508, 3, 76993 MiB, 100 %, 529.38 W, 1980 MHz
2026/09/27 21:29:40.509, 4, 76993 MiB, 100 %, 515.21 W, 1980 MHz
2026/09/27 21:29:40.510, 5, 76993 MiB, 100 %, 532.87 W, 1980 MHz
2026/09/27 21:29:40.510, 6, 76993 MiB, 100 %, 531.02 W, 1980 MHz
2026/09/27 21:29:40.511, 7, 76993 MiB, 100 %, 526.08 W, 1980 MHz
2026/09/27 21:29:41.512, 0, 76993 MiB, 100 %, 545.35 W, 1920 MHz
2026/09/27 21:29:41.512, 1, 76993 MiB, 100 %, 527.96 W, 1980 MHz
2026/09/27 21:29:41.513, 2, 76993 MiB, 100 %, 524.80 W, 1980 MHz
2026/09/27 21:29:41.514, 3, 76993 MiB, 100 %, 521.84 W, 1980 MHz
2026/09/27 21:29:41.515, 4, 76993 MiB, 100 %, 515.65 W, 1980 MHz
2026/09/27 21:29:41.515, 5, 76993 MiB, 100 %, 534.41 W, 1980 MHz
2026/09/27 21:29:41.516, 6, 76993 MiB, 100 %, 536.79 W, 1980 MHz
2026/09/27 21:29:41.517, 7, 76993 MiB, 100 %, 521.67 W, 1980 MHz
2026/09/27 21:29:42.517, 0, 76993 MiB, 100 %, 549.41 W, 1830 MHz
2026/09/27 21:29:42.518, 1, 76993 MiB, 100 %, 537.15 W, 1980 MHz
2026/09/27 21:29:42.519, 2, 76993 MiB, 100 %, 538.16 W, 1980 MHz
2026/09/27 21:29:42.520, 3, 76993 MiB, 100 %, 524.80 W, 1980 MHz
2026/09/27 21:29:42.520, 4, 76993 MiB, 100 %, 520.14 W, 1980 MHz
2026/09/27 21:29:42.521, 5, 76993 MiB, 100 %, 539.27 W, 1980 MHz
2026/09/27 21:29:42.522, 6, 76993 MiB, 100 %, 538.66 W, 1980 MHz
2026/09/27 21:29:42.522, 7, 76993 MiB, 100 %, 524.03 W, 1980 MHz
2026/09/27 21:29:43.523, 0, 76993 MiB, 100 %, 556.82 W, 1830 MHz
2026/09/27 21:29:43.524, 1, 76993 MiB, 100 %, 535.90 W, 1980 MHz
2026/09/27 21:29:43.525, 2, 76993 MiB, 100 %, 531.02 W, 1980 MHz
2026/09/27 21:29:43.525, 3, 76993 MiB, 100 %, 524.82 W, 1980 MHz
2026/09/27 21:29:43.526, 4, 76993 MiB, 100 %, 515.14 W, 1980 MHz
2026/09/27 21:29:43.527, 5, 76993 MiB, 100 %, 543.43 W, 1980 MHz
2026/09/27 21:29:43.527, 6, 76993 MiB, 100 %, 539.94 W, 1980 MHz
2026/09/27 21:29:43.528, 7, 76993 MiB, 100 %, 523.45 W, 1980 MHz
2026/09/27 21:29:44.529, 0, 76993 MiB, 100 %, 543.96 W, 1845 MHz
2026/09/27 21:29:44.529, 1, 76993 MiB, 100 %, 540.66 W, 1980 MHz
2026/09/27 21:29:44.530, 2, 76993 MiB, 100 %, 528.34 W, 1980 MHz
2026/09/27 21:29:44.531, 3, 76993 MiB, 100 %, 528.79 W, 1980 MHz
2026/09/27 21:29:44.531, 4, 76993 MiB, 100 %, 524.48 W, 1980 MHz
2026/09/27 21:29:44.532, 5, 76993 MiB, 100 %, 530.06 W, 1980 MHz
2026/09/27 21:29:44.533, 6, 76993 MiB, 100 %, 551.72 W, 1980 MHz
2026/09/27 21:29:44.533, 7, 76993 MiB, 100 %, 514.04 W, 1980 MHz
2026/09/27 21:29:45.534, 0, 76993 MiB, 100 %, 552.79 W, 1830 MHz
2026/09/27 21:29:45.535, 1, 76993 MiB, 100 %, 536.43 W, 1980 MHz
2026/09/27 21:29:45.536, 2, 76993 MiB, 100 %, 530.01 W, 1980 MHz
2026/09/27 21:29:45.536, 3, 76993 MiB, 100 %, 528.23 W, 1980 MHz
2026/09/27 21:29:45.537, 4, 76993 MiB, 100 %, 519.37 W, 1980 MHz
2026/09/27 21:29:45.538, 5, 76993 MiB, 100 %, 539.83 W, 1980 MHz
2026/09/27 21:29:45.538, 6, 76993 MiB, 100 %, 540.42 W, 1980 MHz
2026/09/27 21:29:45.539, 7, 76993 MiB, 100 %, 520.64 W, 1980 MHz
2026/09/27 21:29:46.540, 0, 76993 MiB, 100 %, 571.71 W, 1920 MHz
2026/09/27 21:29:46.541, 1, 76993 MiB, 100 %, 542.03 W, 1980 MHz
2026/09/27 21:29:46.541, 2, 76993 MiB, 100 %, 530.95 W, 1980 MHz
2026/09/27 21:29:46.542, 3, 76993 MiB, 100 %, 534.18 W, 1980 MHz
2026/09/27 21:29:46.543, 4, 76993 MiB, 100 %, 519.30 W, 1980 MHz
2026/09/27 21:29:46.543, 5, 76993 MiB, 100 %, 541.15 W, 1980 MHz
2026/09/27 21:29:46.544, 6, 76993 MiB, 100 %, 546.18 W, 1980 MHz
2026/09/27 21:29:46.545, 7, 76993 MiB, 100 %, 528.76 W, 1980 MHz
2026/09/27 21:29:47.545, 0, 76993 MiB, 100 %, 507.53 W, 1965 MHz
2026/09/27 21:29:47.546, 1, 76993 MiB, 100 %, 494.27 W, 1980 MHz
2026/09/27 21:29:47.547, 2, 76993 MiB, 100 %, 496.25 W, 1980 MHz
2026/09/27 21:29:47.548, 3, 76993 MiB, 100 %, 481.80 W, 1980 MHz
2026/09/27 21:29:47.548, 4, 76993 MiB, 100 %, 484.45 W, 1980 MHz
2026/09/27 21:29:47.549, 5, 76993 MiB, 100 %, 491.97 W, 1980 MHz
2026/09/27 21:29:47.550, 6, 76993 MiB, 100 %, 501.65 W, 1980 MHz
2026/09/27 21:29:47.550, 7, 76993 MiB, 100 %, 478.94 W, 1980 MHz
2026/09/27 21:29:48.551, 0, 76993 MiB, 100 %, 485.98 W, 1980 MHz
2026/09/27 21:29:48.552, 1, 76993 MiB, 100 %, 417.06 W, 1980 MHz
2026/09/27 21:29:48.553, 2, 76993 MiB, 100 %, 417.66 W, 1980 MHz
2026/09/27 21:29:48.553, 3, 76993 MiB, 100 %, 413.42 W, 1980 MHz
2026/09/27 21:29:48.554, 4, 76993 MiB, 100 %, 407.17 W, 1980 MHz
2026/09/27 21:29:48.554, 5, 76993 MiB, 100 %, 409.42 W, 1980 MHz
2026/09/27 21:29:48.555, 6, 76993 MiB, 100 %, 424.15 W, 1980 MHz
2026/09/27 21:29:48.556, 7, 76993 MiB, 100 %, 411.97 W, 1980 MHz
2026/09/27 21:29:49.556, 0, 76993 MiB, 100 %, 488.43 W, 1980 MHz
2026/09/27 21:29:49.557, 1, 76993 MiB, 100 %, 428.28 W, 1980 MHz
2026/09/27 21:29:49.558, 2, 76993 MiB, 100 %, 415.70 W, 1980 MHz
2026/09/27 21:29:49.559, 3, 76993 MiB, 100 %, 417.87 W, 1980 MHz
2026/09/27 21:29:49.559, 4, 76993 MiB, 100 %, 415.16 W, 1980 MHz
2026/09/27 21:29:49.560, 5, 76993 MiB, 100 %, 413.57 W, 1980 MHz
2026/09/27 21:29:49.560, 6, 76993 MiB, 100 %, 432.94 W, 1980 MHz
2026/09/27 21:29:49.561, 7, 76993 MiB, 100 %, 412.01 W, 1980 MHz
2026/09/27 21:29:50.562, 0, 76993 MiB, 100 %, 534.63 W, 1830 MHz
2026/09/27 21:29:50.563, 1, 76993 MiB, 100 %, 498.20 W, 1980 MHz
2026/09/27 21:29:50.563, 2, 76993 MiB, 100 %, 479.14 W, 1980 MHz
2026/09/27 21:29:50.564, 3, 76993 MiB, 100 %, 498.56 W, 1980 MHz
2026/09/27 21:29:50.565, 4, 76993 MiB, 100 %, 475.82 W, 1980 MHz
2026/09/27 21:29:50.565, 5, 76993 MiB, 100 %, 510.87 W, 1980 MHz
2026/09/27 21:29:50.566, 6, 76993 MiB, 100 %, 501.37 W, 1980 MHz
2026/09/27 21:29:50.567, 7, 76993 MiB, 100 %, 488.46 W, 1980 MHz
2026/09/27 21:29:51.567, 0, 76993 MiB, 100 %, 545.77 W, 1935 MHz
2026/09/27 21:29:51.569, 1, 76993 MiB, 100 %, 539.28 W, 1980 MHz
2026/09/27 21:29:51.569, 2, 76993 MiB, 100 %, 536.57 W, 1980 MHz
2026/09/27 21:29:51.570, 3, 76993 MiB, 100 %, 526.03 W, 1980 MHz
2026/09/27 21:29:51.571, 4, 76993 MiB, 100 %, 521.80 W, 1980 MHz
2026/09/27 21:29:51.571, 5, 76993 MiB, 100 %, 539.58 W, 1980 MHz
2026/09/27 21:29:51.572, 6, 76993 MiB, 100 %, 536.99 W, 1980 MHz
2026/09/27 21:29:51.572, 7, 76993 MiB, 100 %, 526.34 W, 1980 MHz
2026/09/27 21:29:52.573, 0, 76993 MiB, 100 %, 545.31 W, 1680 MHz
2026/09/27 21:29:52.574, 1, 76993 MiB, 100 %, 532.20 W, 1980 MHz
2026/09/27 21:29:52.575, 2, 76993 MiB, 100 %, 521.71 W, 1980 MHz
2026/09/27 21:29:52.576, 3, 76993 MiB, 100 %, 524.91 W, 1980 MHz
2026/09/27 21:29:52.576, 4, 76993 MiB, 100 %, 512.51 W, 1980 MHz
2026/09/27 21:29:52.577, 5, 76993 MiB, 100 %, 539.08 W, 1980 MHz
2026/09/27 21:29:52.577, 6, 76993 MiB, 100 %, 535.62 W, 1980 MHz
2026/09/27 21:29:52.578, 7, 76993 MiB, 100 %, 516.55 W, 1980 MHz
2026/09/27 21:29:53.579, 0, 76993 MiB, 100 %, 519.92 W, 1830 MHz
2026/09/27 21:29:53.580, 1, 76993 MiB, 100 %, 536.26 W, 1980 MHz
2026/09/27 21:29:53.581, 2, 76993 MiB, 100 %, 529.06 W, 1980 MHz
2026/09/27 21:29:53.581, 3, 76993 MiB, 100 %, 521.12 W, 1980 MHz
2026/09/27 21:29:53.582, 4, 76993 MiB, 100 %, 517.46 W, 1980 MHz
2026/09/27 21:29:53.582, 5, 76993 MiB, 100 %, 531.72 W, 1980 MHz
2026/09/27 21:29:53.583, 6, 76993 MiB, 100 %, 529.69 W, 1980 MHz
2026/09/27 21:29:53.584, 7, 76993 MiB, 100 %, 525.79 W, 1980 MHz
2026/09/27 21:29:54.585, 0, 76993 MiB, 100 %, 528.96 W, 1770 MHz
2026/09/27 21:29:54.586, 1, 76993 MiB, 100 %, 524.20 W, 1980 MHz
2026/09/27 21:29:54.586, 2, 76993 MiB, 100 %, 523.52 W, 1980 MHz
2026/09/27 21:29:54.587, 3, 76993 MiB, 100 %, 522.10 W, 1980 MHz
2026/09/27 21:29:54.588, 4, 76993 MiB, 100 %, 507.80 W, 1980 MHz
2026/09/27 21:29:54.588, 5, 76993 MiB, 100 %, 535.54 W, 1980 MHz
2026/09/27 21:29:54.589, 6, 76993 MiB, 100 %, 534.83 W, 1980 MHz
2026/09/27 21:29:54.590, 7, 76993 MiB, 100 %, 512.15 W, 1980 MHz
2026/09/27 21:29:55.590, 0, 76993 MiB, 100 %, 536.10 W, 1680 MHz
2026/09/27 21:29:55.591, 1, 76993 MiB, 100 %, 525.59 W, 1980 MHz
2026/09/27 21:29:55.592, 2, 76993 MiB, 100 %, 526.94 W, 1980 MHz
2026/09/27 21:29:55.592, 3, 76993 MiB, 100 %, 529.72 W, 1980 MHz
2026/09/27 21:29:55.593, 4, 76993 MiB, 100 %, 519.19 W, 1980 MHz
2026/09/27 21:29:55.594, 5, 76993 MiB, 100 %, 543.50 W, 1980 MHz
2026/09/27 21:29:55.594, 6, 76993 MiB, 100 %, 531.21 W, 1980 MHz
2026/09/27 21:29:55.595, 7, 76993 MiB, 100 %, 522.49 W, 1980 MHz
2026/09/27 21:29:56.596, 0, 76993 MiB, 100 %, 541.78 W, 1725 MHz
2026/09/27 21:29:56.597, 1, 76993 MiB, 100 %, 520.51 W, 1980 MHz
2026/09/27 21:29:56.597, 2, 76993 MiB, 100 %, 523.98 W, 1980 MHz
2026/09/27 21:29:56.598, 3, 76993 MiB, 100 %, 524.77 W, 1980 MHz
2026/09/27 21:29:56.599, 4, 76993 MiB, 100 %, 519.87 W, 1980 MHz
2026/09/27 21:29:56.599, 5, 76993 MiB, 100 %, 539.11 W, 1980 MHz
2026/09/27 21:29:56.600, 6, 76993 MiB, 100 %, 534.16 W, 1980 MHz
2026/09/27 21:29:56.600, 7, 76993 MiB, 100 %, 518.55 W, 1980 MHz
2026/09/27 21:29:57.601, 0, 76993 MiB, 100 %, 558.84 W, 1830 MHz
2026/09/27 21:29:57.602, 1, 76993 MiB, 100 %, 544.67 W, 1980 MHz
2026/09/27 21:29:57.603, 2, 76993 MiB, 100 %, 536.02 W, 1980 MHz
2026/09/27 21:29:57.604, 3, 76993 MiB, 100 %, 525.27 W, 1980 MHz
2026/09/27 21:29:57.604, 4, 76993 MiB, 100 %, 510.69 W, 1980 MHz
2026/09/27 21:29:57.605, 5, 76993 MiB, 100 %, 545.72 W, 1980 MHz
2026/09/27 21:29:57.606, 6, 76993 MiB, 100 %, 535.34 W, 1980 MHz
2026/09/27 21:29:57.606, 7, 76993 MiB, 100 %, 518.04 W, 1980 MHz
2026/09/27 21:29:58.607, 0, 76993 MiB, 100 %, 527.02 W, 1770 MHz
2026/09/27 21:29:58.608, 1, 76993 MiB, 100 %, 533.33 W, 1980 MHz
2026/09/27 21:29:58.609, 2, 76993 MiB, 100 %, 530.00 W, 1980 MHz
2026/09/27 21:29:58.610, 3, 76993 MiB, 100 %, 521.26 W, 1980 MHz
2026/09/27 21:29:58.610, 4, 76993 MiB, 100 %, 515.80 W, 1980 MHz
2026/09/27 21:29:58.611, 5, 76993 MiB, 100 %, 529.84 W, 1980 MHz
2026/09/27 21:29:58.611, 6, 76993 MiB, 100 %, 540.11 W, 1980 MHz
2026/09/27 21:29:58.612, 7, 76993 MiB, 100 %, 518.29 W, 1980 MHz
2026/09/27 21:29:59.613, 0, 76993 MiB, 100 %, 538.58 W, 1620 MHz
2026/09/27 21:29:59.614, 1, 76993 MiB, 100 %, 533.84 W, 1980 MHz
2026/09/27 21:29:59.615, 2, 76993 MiB, 100 %, 528.34 W, 1980 MHz
2026/09/27 21:29:59.615, 3, 76993 MiB, 100 %, 527.93 W, 1980 MHz
2026/09/27 21:29:59.616, 4, 76993 MiB, 100 %, 522.95 W, 1980 MHz
2026/09/27 21:29:59.617, 5, 76993 MiB, 100 %, 537.63 W, 1980 MHz
2026/09/27 21:29:59.617, 6, 76993 MiB, 100 %, 537.30 W, 1980 MHz
2026/09/27 21:29:59.618, 7, 76993 MiB, 100 %, 526.64 W, 1980 MHz
2026/09/27 21:30:00.619, 0, 76993 MiB, 100 %, 521.02 W, 1725 MHz
2026/09/27 21:30:00.620, 1, 76993 MiB, 100 %, 538.79 W, 1980 MHz
2026/09/27 21:30:00.620, 2, 76993 MiB, 100 %, 527.61 W, 1980 MHz
2026/09/27 21:30:00.621, 3, 76993 MiB, 100 %, 525.76 W, 1980 MHz
2026/09/27 21:30:00.622, 4, 76993 MiB, 100 %, 508.05 W, 1980 MHz
2026/09/27 21:30:00.622, 5, 76993 MiB, 100 %, 524.44 W, 1980 MHz
2026/09/27 21:30:00.623, 6, 76993 MiB, 100 %, 530.46 W, 1980 MHz
2026/09/27 21:30:00.624, 7, 76993 MiB, 100 %, 517.29 W, 1980 MHz
2026/09/27 21:30:01.624, 0, 76993 MiB, 100 %, 534.47 W, 1785 MHz
2026/09/27 21:30:01.625, 1, 76993 MiB, 100 %, 537.37 W, 1980 MHz
2026/09/27 21:30:01.626, 2, 76993 MiB, 100 %, 534.20 W, 1980 MHz
2026/09/27 21:30:01.627, 3, 76993 MiB, 100 %, 523.55 W, 1980 MHz
2026/09/27 21:30:01.627, 4, 76993 MiB, 100 %, 518.74 W, 1980 MHz
2026/09/27 21:30:01.628, 5, 76993 MiB, 100 %, 538.14 W, 1980 MHz
2026/09/27 21:30:01.629, 6, 76993 MiB, 100 %, 543.71 W, 1980 MHz
2026/09/27 21:30:01.629, 7, 76993 MiB, 100 %, 517.29 W, 1980 MHz
2026/09/27 21:30:02.630, 0, 76993 MiB, 100 %, 530.50 W, 1740 MHz
2026/09/27 21:30:02.631, 1, 76993 MiB, 100 %, 534.53 W, 1980 MHz
2026/09/27 21:30:02.632, 2, 76993 MiB, 100 %, 527.92 W, 1980 MHz
2026/09/27 21:30:02.632, 3, 76993 MiB, 100 %, 522.98 W, 1980 MHz
2026/09/27 21:30:02.633, 4, 76993 MiB, 100 %, 510.08 W, 1980 MHz
2026/09/27 21:30:02.634, 5, 76993 MiB, 100 %, 538.94 W, 1980 MHz
2026/09/27 21:30:02.634, 6, 76993 MiB, 100 %, 533.66 W, 1980 MHz
2026/09/27 21:30:02.635, 7, 76993 MiB, 100 %, 519.23 W, 1980 MHz
2026/09/27 21:30:03.636, 0, 76993 MiB, 100 %, 536.93 W, 1830 MHz
2026/09/27 21:30:03.637, 1, 76993 MiB, 100 %, 533.95 W, 1980 MHz
2026/09/27 21:30:03.638, 2, 76993 MiB, 100 %, 518.83 W, 1980 MHz
2026/09/27 21:30:03.638, 3, 76993 MiB, 100 %, 521.85 W, 1980 MHz
2026/09/27 21:30:03.639, 4, 76993 MiB, 100 %, 517.31 W, 1980 MHz
2026/09/27 21:30:03.639, 5, 76993 MiB, 100 %, 537.52 W, 1980 MHz
2026/09/27 21:30:03.640, 6, 76993 MiB, 100 %, 541.67 W, 1980 MHz
2026/09/27 21:30:03.641, 7, 76993 MiB, 100 %, 514.31 W, 1980 MHz
2026/09/27 21:30:04.641, 0, 76993 MiB, 100 %, 554.31 W, 1785 MHz
2026/09/27 21:30:04.642, 1, 76993 MiB, 100 %, 532.39 W, 1980 MHz
2026/09/27 21:30:04.643, 2, 76993 MiB, 100 %, 529.31 W, 1980 MHz
2026/09/27 21:30:04.644, 3, 76993 MiB, 100 %, 529.63 W, 1980 MHz
2026/09/27 21:30:04.644, 4, 76993 MiB, 100 %, 517.37 W, 1980 MHz
2026/09/27 21:30:04.645, 5, 76993 MiB, 100 %, 541.80 W, 1980 MHz
2026/09/27 21:30:04.646, 6, 76993 MiB, 100 %, 535.66 W, 1980 MHz
2026/09/27 21:30:04.646, 7, 76993 MiB, 100 %, 514.90 W, 1980 MHz
2026/09/27 21:30:05.647, 0, 76993 MiB, 100 %, 554.71 W, 1800 MHz
2026/09/27 21:30:05.648, 1, 76993 MiB, 100 %, 530.04 W, 1980 MHz
2026/09/27 21:30:05.649, 2, 76993 MiB, 100 %, 527.61 W, 1980 MHz
2026/09/27 21:30:05.649, 3, 76993 MiB, 100 %, 522.18 W, 1980 MHz
2026/09/27 21:30:05.650, 4, 76993 MiB, 100 %, 507.16 W, 1980 MHz
2026/09/27 21:30:05.651, 5, 76993 MiB, 100 %, 543.79 W, 1980 MHz
2026/09/27 21:30:05.651, 6, 76993 MiB, 100 %, 539.22 W, 1980 MHz
2026/09/27 21:30:05.652, 7, 76993 MiB, 100 %, 519.10 W, 1980 MHz
2026/09/27 21:30:06.653, 0, 76993 MiB, 100 %, 550.10 W, 1905 MHz
2026/09/27 21:30:06.654, 1, 76993 MiB, 100 %, 542.47 W, 1980 MHz
2026/09/27 21:30:06.654, 2, 76993 MiB, 100 %, 533.70 W, 1980 MHz
2026/09/27 21:30:06.655, 3, 76993 MiB, 100 %, 529.88 W, 1980 MHz
2026/09/27 21:30:06.656, 4, 76993 MiB, 100 %, 521.03 W, 1980 MHz
2026/09/27 21:30:06.656, 5, 76993 MiB, 100 %, 544.68 W, 1980 MHz
2026/09/27 21:30:06.657, 6, 76993 MiB, 100 %, 540.47 W, 1980 MHz
2026/09/27 21:30:06.657, 7, 76993 MiB, 100 %, 526.44 W, 1980 MHz
2026/09/27 21:30:07.658, 0, 76993 MiB, 100 %, 542.33 W, 1890 MHz
2026/09/27 21:30:07.659, 1, 76993 MiB, 100 %, 519.81 W, 1980 MHz
2026/09/27 21:30:07.660, 2, 76993 MiB, 100 %, 518.87 W, 1980 MHz
2026/09/27 21:30:07.660, 3, 76993 MiB, 100 %, 531.44 W, 1980 MHz
2026/09/27 21:30:07.661, 4, 76993 MiB, 100 %, 515.62 W, 1980 MHz
2026/09/27 21:30:07.662, 5, 76993 MiB, 100 %, 538.70 W, 1980 MHz
2026/09/27 21:30:07.662, 6, 76993 MiB, 100 %, 542.80 W, 1980 MHz
2026/09/27 21:30:07.663, 7, 76993 MiB, 100 %, 517.83 W, 1980 MHz
2026/09/27 21:30:08.664, 0, 76993 MiB, 100 %, 541.87 W, 1770 MHz
2026/09/27 21:30:08.665, 1, 76993 MiB, 100 %, 537.68 W, 1980 MHz
2026/09/27 21:30:08.665, 2, 76993 MiB, 100 %, 520.95 W, 1980 MHz
2026/09/27 21:30:08.666, 3, 76993 MiB, 100 %, 532.56 W, 1980 MHz
2026/09/27 21:30:08.667, 4, 76993 MiB, 100 %, 521.83 W, 1980 MHz
2026/09/27 21:30:08.667, 5, 76993 MiB, 100 %, 534.31 W, 1980 MHz
2026/09/27 21:30:08.668, 6, 76993 MiB, 100 %, 543.42 W, 1980 MHz
2026/09/27 21:30:08.668, 7, 76993 MiB, 100 %, 518.88 W, 1980 MHz
2026/09/27 21:30:09.669, 0, 76993 MiB, 100 %, 515.94 W, 1635 MHz
2026/09/27 21:30:09.670, 1, 76993 MiB, 100 %, 526.94 W, 1980 MHz
2026/09/27 21:30:09.671, 2, 76993 MiB, 100 %, 529.82 W, 1980 MHz
2026/09/27 21:30:09.671, 3, 76993 MiB, 100 %, 514.79 W, 1980 MHz
2026/09/27 21:30:09.672, 4, 76993 MiB, 100 %, 509.01 W, 1980 MHz
2026/09/27 21:30:09.673, 5, 76993 MiB, 100 %, 531.91 W, 1980 MHz
2026/09/27 21:30:09.673, 6, 76993 MiB, 100 %, 529.24 W, 1980 MHz
2026/09/27 21:30:09.674, 7, 76993 MiB, 100 %, 519.48 W, 1980 MHz
2026/09/27 21:30:10.675, 0, 76993 MiB, 100 %, 517.75 W, 1680 MHz
2026/09/27 21:30:10.676, 1, 76993 MiB, 100 %, 531.31 W, 1980 MHz
2026/09/27 21:30:10.677, 2, 76993 MiB, 100 %, 524.23 W, 1980 MHz
2026/09/27 21:30:10.677, 3, 76993 MiB, 100 %, 525.29 W, 1980 MHz
2026/09/27 21:30:10.678, 4, 76993 MiB, 100 %, 511.79 W, 1980 MHz
2026/09/27 21:30:10.678, 5, 76993 MiB, 100 %, 533.51 W, 1980 MHz
2026/09/27 21:30:10.679, 6, 76993 MiB, 100 %, 534.62 W, 1980 MHz
2026/09/27 21:30:10.680, 7, 76993 MiB, 100 %, 522.87 W, 1980 MHz
2026/09/27 21:30:11.680, 0, 76993 MiB, 100 %, 547.35 W, 1965 MHz
2026/09/27 21:30:11.681, 1, 76993 MiB, 100 %, 537.66 W, 1980 MHz
2026/09/27 21:30:11.682, 2, 76993 MiB, 100 %, 528.25 W, 1980 MHz
2026/09/27 21:30:11.683, 3, 76993 MiB, 100 %, 523.03 W, 1980 MHz
2026/09/27 21:30:11.683, 4, 76993 MiB, 100 %, 515.62 W, 1980 MHz
2026/09/27 21:30:11.684, 5, 76993 MiB, 100 %, 537.31 W, 1980 MHz
2026/09/27 21:30:11.684, 6, 76993 MiB, 100 %, 545.34 W, 1980 MHz
2026/09/27 21:30:11.685, 7, 76993 MiB, 100 %, 519.35 W, 1980 MHz
2026/09/27 21:30:12.686, 0, 76993 MiB, 100 %, 532.44 W, 1605 MHz
2026/09/27 21:30:12.687, 1, 76993 MiB, 100 %, 537.48 W, 1980 MHz
2026/09/27 21:30:12.687, 2, 76993 MiB, 100 %, 532.61 W, 1980 MHz
2026/09/27 21:30:12.688, 3, 76993 MiB, 100 %, 520.20 W, 1980 MHz
2026/09/27 21:30:12.689, 4, 76993 MiB, 100 %, 515.82 W, 1980 MHz
2026/09/27 21:30:12.689, 5, 76993 MiB, 100 %, 532.26 W, 1980 MHz
2026/09/27 21:30:12.690, 6, 76993 MiB, 100 %, 537.83 W, 1980 MHz
2026/09/27 21:30:12.691, 7, 76993 MiB, 100 %, 518.70 W, 1980 MHz
2026/09/27 21:30:13.691, 0, 76993 MiB, 100 %, 506.31 W, 1725 MHz
2026/09/27 21:30:13.692, 1, 76993 MiB, 100 %, 532.11 W, 1980 MHz
2026/09/27 21:30:13.693, 2, 76993 MiB, 100 %, 522.73 W, 1980 MHz
2026/09/27 21:30:13.694, 3, 76993 MiB, 100 %, 522.63 W, 1980 MHz
2026/09/27 21:30:13.694, 4, 76993 MiB, 100 %, 511.48 W, 1980 MHz
2026/09/27 21:30:13.695, 5, 76993 MiB, 100 %, 531.97 W, 1980 MHz
2026/09/27 21:30:13.696, 6, 76993 MiB, 100 %, 527.94 W, 1980 MHz
2026/09/27 21:30:13.696, 7, 76993 MiB, 100 %, 518.57 W, 1980 MHz
2026/09/27 21:30:14.697, 0, 76993 MiB, 100 %, 526.91 W, 1770 MHz
2026/09/27 21:30:14.699, 1, 76993 MiB, 100 %, 523.70 W, 1980 MHz
2026/09/27 21:30:14.700, 2, 76993 MiB, 100 %, 519.91 W, 1980 MHz
2026/09/27 21:30:14.701, 3, 76993 MiB, 100 %, 516.67 W, 1980 MHz
2026/09/27 21:30:14.703, 4, 76993 MiB, 100 %, 515.51 W, 1980 MHz
2026/09/27 21:30:14.704, 5, 76993 MiB, 100 %, 535.42 W, 1980 MHz
2026/09/27 21:30:14.705, 6, 76993 MiB, 100 %, 539.03 W, 1980 MHz
2026/09/27 21:30:14.705, 7, 76993 MiB, 100 %, 515.02 W, 1980 MHz
2026/09/27 21:30:15.706, 0, 76993 MiB, 100 %, 542.02 W, 1785 MHz
2026/09/27 21:30:15.707, 1, 76993 MiB, 100 %, 543.22 W, 1980 MHz
2026/09/27 21:30:15.708, 2, 76993 MiB, 100 %, 534.31 W, 1980 MHz
2026/09/27 21:30:15.708, 3, 76993 MiB, 100 %, 526.61 W, 1980 MHz
2026/09/27 21:30:15.709, 4, 76993 MiB, 100 %, 520.28 W, 1980 MHz
2026/09/27 21:30:15.710, 5, 76993 MiB, 100 %, 543.75 W, 1980 MHz
2026/09/27 21:30:15.710, 6, 76993 MiB, 100 %, 539.29 W, 1980 MHz
2026/09/27 21:30:15.711, 7, 76993 MiB, 100 %, 527.55 W, 1980 MHz
2026/09/27 21:30:16.711, 0, 76993 MiB, 100 %, 555.51 W, 1785 MHz
2026/09/27 21:30:16.713, 1, 76993 MiB, 100 %, 530.75 W, 1980 MHz
2026/09/27 21:30:16.714, 2, 76993 MiB, 100 %, 527.80 W, 1980 MHz
2026/09/27 21:30:16.715, 3, 76993 MiB, 100 %, 523.57 W, 1980 MHz
2026/09/27 21:30:16.718, 4, 76993 MiB, 100 %, 508.04 W, 1980 MHz
2026/09/27 21:30:16.719, 5, 76993 MiB, 100 %, 532.48 W, 1980 MHz
2026/09/27 21:30:16.720, 6, 76993 MiB, 100 %, 543.06 W, 1980 MHz
2026/09/27 21:30:16.722, 7, 76993 MiB, 100 %, 521.45 W, 1980 MHz
2026/09/27 21:30:17.723, 0, 76993 MiB, 100 %, 536.36 W, 1620 MHz
2026/09/27 21:30:17.724, 1, 76993 MiB, 100 %, 543.42 W, 1980 MHz
2026/09/27 21:30:17.725, 2, 76993 MiB, 100 %, 542.33 W, 1980 MHz
2026/09/27 21:30:17.726, 3, 76993 MiB, 100 %, 531.96 W, 1980 MHz
2026/09/27 21:30:17.726, 4, 76993 MiB, 100 %, 523.65 W, 1980 MHz
2026/09/27 21:30:17.727, 5, 76993 MiB, 100 %, 542.66 W, 1980 MHz
2026/09/27 21:30:17.728, 6, 76993 MiB, 100 %, 539.44 W, 1980 MHz
2026/09/27 21:30:17.728, 7, 76993 MiB, 100 %, 526.77 W, 1980 MHz
2026/09/27 21:30:18.729, 0, 76993 MiB, 100 %, 489.84 W, 1635 MHz
2026/09/27 21:30:18.730, 1, 76993 MiB, 100 %, 525.96 W, 1980 MHz
2026/09/27 21:30:18.731, 2, 76993 MiB, 100 %, 523.14 W, 1980 MHz
2026/09/27 21:30:18.732, 3, 76993 MiB, 100 %, 505.45 W, 1980 MHz
2026/09/27 21:30:18.732, 4, 76993 MiB, 100 %, 500.96 W, 1980 MHz
2026/09/27 21:30:18.733, 5, 76993 MiB, 100 %, 526.58 W, 1980 MHz
2026/09/27 21:30:18.734, 6, 76993 MiB, 100 %, 526.24 W, 1980 MHz
2026/09/27 21:30:18.734, 7, 76993 MiB, 100 %, 510.95 W, 1980 MHz
2026/09/27 21:30:19.735, 0, 76993 MiB, 100 %, 506.90 W, 1635 MHz
2026/09/27 21:30:19.736, 1, 76993 MiB, 100 %, 520.33 W, 1980 MHz
2026/09/27 21:30:19.737, 2, 76993 MiB, 100 %, 519.01 W, 1980 MHz
2026/09/27 21:30:19.738, 3, 76993 MiB, 100 %, 522.28 W, 1980 MHz
2026/09/27 21:30:19.738, 4, 76993 MiB, 100 %, 518.85 W, 1980 MHz
2026/09/27 21:30:19.739, 5, 76993 MiB, 100 %, 533.75 W, 1980 MHz
2026/09/27 21:30:19.740, 6, 76993 MiB, 100 %, 533.83 W, 1980 MHz
2026/09/27 21:30:19.740, 7, 76993 MiB, 100 %, 512.53 W, 1980 MHz
2026/09/27 21:30:20.741, 0, 76993 MiB, 100 %, 504.22 W, 1755 MHz
2026/09/27 21:30:20.742, 1, 76993 MiB, 100 %, 529.12 W, 1980 MHz
2026/09/27 21:30:20.742, 2, 76993 MiB, 100 %, 524.03 W, 1980 MHz
2026/09/27 21:30:20.743, 3, 76993 MiB, 100 %, 519.35 W, 1980 MHz
2026/09/27 21:30:20.744, 4, 76993 MiB, 100 %, 511.46 W, 1980 MHz
2026/09/27 21:30:20.744, 5, 76993 MiB, 100 %, 538.30 W, 1980 MHz
2026/09/27 21:30:20.745, 6, 76993 MiB, 100 %, 536.48 W, 1980 MHz
2026/09/27 21:30:20.746, 7, 76993 MiB, 100 %, 516.99 W, 1980 MHz
2026/09/27 21:30:21.746, 0, 76993 MiB, 100 %, 517.16 W, 1680 MHz
2026/09/27 21:30:21.747, 1, 76993 MiB, 100 %, 533.21 W, 1980 MHz
2026/09/27 21:30:21.748, 2, 76993 MiB, 100 %, 521.61 W, 1980 MHz
2026/09/27 21:30:21.749, 3, 76993 MiB, 100 %, 518.67 W, 1980 MHz
2026/09/27 21:30:21.749, 4, 76993 MiB, 100 %, 505.15 W, 1980 MHz
2026/09/27 21:30:21.750, 5, 76993 MiB, 100 %, 536.80 W, 1980 MHz
2026/09/27 21:30:21.751, 6, 76993 MiB, 100 %, 537.41 W, 1980 MHz
2026/09/27 21:30:21.751, 7, 76993 MiB, 100 %, 514.11 W, 1980 MHz
2026/09/27 21:30:22.752, 0, 76993 MiB, 100 %, 518.47 W, 1815 MHz
2026/09/27 21:30:22.754, 1, 76993 MiB, 100 %, 541.91 W, 1980 MHz
2026/09/27 21:30:22.755, 2, 76993 MiB, 100 %, 536.25 W, 1980 MHz
2026/09/27 21:30:22.756, 3, 76993 MiB, 100 %, 524.66 W, 1980 MHz
2026/09/27 21:30:22.756, 4, 76993 MiB, 100 %, 514.93 W, 1980 MHz
2026/09/27 21:30:22.757, 5, 76993 MiB, 100 %, 536.19 W, 1980 MHz
2026/09/27 21:30:22.757, 6, 76993 MiB, 100 %, 536.27 W, 1980 MHz
2026/09/27 21:30:22.758, 7, 76993 MiB, 100 %, 520.80 W, 1980 MHz
2026/09/27 21:30:23.759, 0, 76993 MiB, 100 %, 516.59 W, 1785 MHz
2026/09/27 21:30:23.760, 1, 76993 MiB, 100 %, 529.39 W, 1980 MHz
2026/09/27 21:30:23.761, 2, 76993 MiB, 100 %, 525.17 W, 1980 MHz
2026/09/27 21:30:23.761, 3, 76993 MiB, 100 %, 522.58 W, 1980 MHz
2026/09/27 21:30:23.762, 4, 76993 MiB, 100 %, 506.95 W, 1980 MHz
2026/09/27 21:30:23.763, 5, 76993 MiB, 100 %, 536.18 W, 1980 MHz
2026/09/27 21:30:23.763, 6, 76993 MiB, 100 %, 534.61 W, 1980 MHz
2026/09/27 21:30:23.764, 7, 76993 MiB, 100 %, 514.91 W, 1980 MHz
2026/09/27 21:30:24.765, 0, 76993 MiB, 100 %, 535.34 W, 1710 MHz
2026/09/27 21:30:24.766, 1, 76993 MiB, 100 %, 536.96 W, 1980 MHz
2026/09/27 21:30:24.767, 2, 76993 MiB, 100 %, 525.31 W, 1980 MHz
2026/09/27 21:30:24.767, 3, 76993 MiB, 100 %, 529.28 W, 1980 MHz
2026/09/27 21:30:24.768, 4, 76993 MiB, 100 %, 523.85 W, 1980 MHz
2026/09/27 21:30:24.769, 5, 76993 MiB, 100 %, 537.78 W, 1980 MHz
2026/09/27 21:30:24.770, 6, 76993 MiB, 100 %, 539.49 W, 1980 MHz
2026/09/27 21:30:24.770, 7, 76993 MiB, 100 %, 518.26 W, 1980 MHz
2026/09/27 21:30:25.771, 0, 76993 MiB, 100 %, 558.60 W, 1800 MHz
2026/09/27 21:30:25.772, 1, 76993 MiB, 100 %, 535.85 W, 1980 MHz
2026/09/27 21:30:25.773, 2, 76993 MiB, 100 %, 529.03 W, 1980 MHz
2026/09/27 21:30:25.774, 3, 76993 MiB, 100 %, 524.66 W, 1980 MHz
2026/09/27 21:30:25.775, 4, 76993 MiB, 100 %, 506.43 W, 1980 MHz
2026/09/27 21:30:25.775, 5, 76993 MiB, 100 %, 539.47 W, 1980 MHz
2026/09/27 21:30:25.776, 6, 76993 MiB, 100 %, 539.16 W, 1980 MHz
2026/09/27 21:30:25.777, 7, 76993 MiB, 100 %, 521.82 W, 1980 MHz
2026/09/27 21:30:26.778, 0, 76993 MiB, 100 %, 534.72 W, 1650 MHz
2026/09/27 21:30:26.779, 1, 76993 MiB, 100 %, 543.43 W, 1980 MHz
2026/09/27 21:30:26.779, 2, 76993 MiB, 100 %, 537.09 W, 1980 MHz
2026/09/27 21:30:26.780, 3, 76993 MiB, 100 %, 523.42 W, 1980 MHz
2026/09/27 21:30:26.781, 4, 76993 MiB, 100 %, 519.06 W, 1980 MHz
2026/09/27 21:30:26.781, 5, 76993 MiB, 100 %, 544.89 W, 1980 MHz
2026/09/27 21:30:26.782, 6, 76993 MiB, 100 %, 537.91 W, 1980 MHz
2026/09/27 21:30:26.783, 7, 76993 MiB, 100 %, 521.16 W, 1980 MHz
2026/09/27 21:30:27.784, 0, 76993 MiB, 100 %, 519.98 W, 1815 MHz
2026/09/27 21:30:27.785, 1, 76993 MiB, 100 %, 523.23 W, 1980 MHz
2026/09/27 21:30:27.786, 2, 76993 MiB, 100 %, 523.02 W, 1980 MHz
2026/09/27 21:30:27.786, 3, 76993 MiB, 100 %, 520.30 W, 1980 MHz
2026/09/27 21:30:27.787, 4, 76993 MiB, 100 %, 512.22 W, 1980 MHz
2026/09/27 21:30:27.788, 5, 76993 MiB, 100 %, 536.98 W, 1980 MHz
2026/09/27 21:30:27.788, 6, 76993 MiB, 100 %, 536.63 W, 1980 MHz
2026/09/27 21:30:27.789, 7, 76993 MiB, 100 %, 517.35 W, 1980 MHz
2026/09/27 21:30:28.790, 0, 76993 MiB, 100 %, 591.46 W, 1890 MHz
2026/09/27 21:30:28.791, 1, 76993 MiB, 100 %, 544.91 W, 1980 MHz
2026/09/27 21:30:28.792, 2, 76993 MiB, 100 %, 538.21 W, 1980 MHz
2026/09/27 21:30:28.793, 3, 76993 MiB, 100 %, 533.03 W, 1980 MHz
2026/09/27 21:30:28.793, 4, 76993 MiB, 100 %, 520.87 W, 1980 MHz
2026/09/27 21:30:28.794, 5, 76993 MiB, 100 %, 552.66 W, 1980 MHz
2026/09/27 21:30:28.795, 6, 76993 MiB, 100 %, 546.60 W, 1980 MHz
2026/09/27 21:30:28.795, 7, 76993 MiB, 100 %, 529.00 W, 1980 MHz
2026/09/27 21:30:29.796, 0, 76993 MiB, 100 %, 574.24 W, 1800 MHz
2026/09/27 21:30:29.797, 1, 76993 MiB, 100 %, 546.75 W, 1980 MHz
2026/09/27 21:30:29.798, 2, 76993 MiB, 100 %, 537.11 W, 1980 MHz
2026/09/27 21:30:29.799, 3, 76993 MiB, 100 %, 535.20 W, 1980 MHz
2026/09/27 21:30:29.799, 4, 76993 MiB, 100 %, 508.57 W, 1980 MHz
2026/09/27 21:30:29.800, 5, 76993 MiB, 100 %, 538.47 W, 1980 MHz
2026/09/27 21:30:29.801, 6, 76993 MiB, 100 %, 538.79 W, 1980 MHz
2026/09/27 21:30:29.801, 7, 76993 MiB, 100 %, 520.99 W, 1980 MHz
2026/09/27 21:30:30.802, 0, 76993 MiB, 100 %, 578.05 W, 1665 MHz
2026/09/27 21:30:30.803, 1, 76993 MiB, 100 %, 539.11 W, 1980 MHz
2026/09/27 21:30:30.804, 2, 76993 MiB, 100 %, 524.28 W, 1980 MHz
2026/09/27 21:30:30.804, 3, 76993 MiB, 100 %, 532.69 W, 1980 MHz
2026/09/27 21:30:30.805, 4, 76993 MiB, 100 %, 524.94 W, 1980 MHz
2026/09/27 21:30:30.806, 5, 76993 MiB, 100 %, 555.21 W, 1980 MHz
2026/09/27 21:30:30.807, 6, 76993 MiB, 100 %, 553.52 W, 1980 MHz
2026/09/27 21:30:30.807, 7, 76993 MiB, 100 %, 536.40 W, 1980 MHz
2026/09/27 21:30:31.808, 0, 76993 MiB, 100 %, 521.08 W, 1740 MHz
2026/09/27 21:30:31.809, 1, 76993 MiB, 100 %, 536.61 W, 1980 MHz
2026/09/27 21:30:31.810, 2, 76993 MiB, 100 %, 530.86 W, 1980 MHz
2026/09/27 21:30:31.811, 3, 76993 MiB, 100 %, 521.81 W, 1980 MHz
2026/09/27 21:30:31.811, 4, 76993 MiB, 100 %, 510.10 W, 1980 MHz
2026/09/27 21:30:31.812, 5, 76993 MiB, 100 %, 538.89 W, 1980 MHz
2026/09/27 21:30:31.813, 6, 76993 MiB, 100 %, 528.67 W, 1980 MHz
2026/09/27 21:30:31.814, 7, 76993 MiB, 100 %, 518.61 W, 1980 MHz
2026/09/27 21:30:32.814, 0, 76993 MiB, 100 %, 514.07 W, 1710 MHz
2026/09/27 21:30:32.815, 1, 76993 MiB, 100 %, 537.57 W, 1980 MHz
2026/09/27 21:30:32.816, 2, 76993 MiB, 100 %, 520.46 W, 1980 MHz
2026/09/27 21:30:32.817, 3, 76993 MiB, 100 %, 523.12 W, 1980 MHz
2026/09/27 21:30:32.817, 4, 76993 MiB, 100 %, 516.02 W, 1980 MHz
2026/09/27 21:30:32.818, 5, 76993 MiB, 100 %, 541.17 W, 1980 MHz
2026/09/27 21:30:32.819, 6, 76993 MiB, 100 %, 543.65 W, 1980 MHz
2026/09/27 21:30:32.820, 7, 76993 MiB, 100 %, 514.77 W, 1980 MHz
2026/09/27 21:30:33.821, 0, 76993 MiB, 100 %, 515.66 W, 1815 MHz
2026/09/27 21:30:33.822, 1, 76993 MiB, 100 %, 532.65 W, 1980 MHz
2026/09/27 21:30:33.822, 2, 76993 MiB, 100 %, 523.55 W, 1980 MHz
2026/09/27 21:30:33.823, 3, 76993 MiB, 100 %, 522.54 W, 1980 MHz
2026/09/27 21:30:33.824, 4, 76993 MiB, 100 %, 518.62 W, 1980 MHz
2026/09/27 21:30:33.825, 5, 76993 MiB, 100 %, 537.38 W, 1980 MHz
2026/09/27 21:30:33.825, 6, 76993 MiB, 100 %, 530.32 W, 1980 MHz
2026/09/27 21:30:33.826, 7, 76993 MiB, 100 %, 518.92 W, 1980 MHz
2026/09/27 21:30:34.827, 0, 76993 MiB, 100 %, 520.32 W, 1605 MHz
2026/09/27 21:30:34.828, 1, 76993 MiB, 100 %, 523.76 W, 1980 MHz
2026/09/27 21:30:34.828, 2, 76993 MiB, 100 %, 514.42 W, 1980 MHz
2026/09/27 21:30:34.829, 3, 76993 MiB, 100 %, 520.66 W, 1980 MHz
2026/09/27 21:30:34.830, 4, 76993 MiB, 100 %, 508.00 W, 1980 MHz
2026/09/27 21:30:34.830, 5, 76993 MiB, 100 %, 539.21 W, 1980 MHz
2026/09/27 21:30:34.831, 6, 76993 MiB, 100 %, 532.84 W, 1980 MHz
2026/09/27 21:30:34.832, 7, 76993 MiB, 100 %, 519.29 W, 1980 MHz
2026/09/27 21:30:35.832, 0, 76993 MiB, 100 %, 517.47 W, 1710 MHz
2026/09/27 21:30:35.833, 1, 76993 MiB, 100 %, 541.29 W, 1980 MHz
2026/09/27 21:30:35.834, 2, 76993 MiB, 100 %, 517.49 W, 1980 MHz
2026/09/27 21:30:35.835, 3, 76993 MiB, 100 %, 526.17 W, 1980 MHz
2026/09/27 21:30:35.835, 4, 76993 MiB, 100 %, 517.15 W, 1980 MHz
2026/09/27 21:30:35.836, 5, 76993 MiB, 100 %, 540.68 W, 1980 MHz
2026/09/27 21:30:35.837, 6, 76993 MiB, 100 %, 540.26 W, 1980 MHz
2026/09/27 21:30:35.837, 7, 76993 MiB, 100 %, 516.29 W, 1980 MHz
2026/09/27 21:30:36.838, 0, 76993 MiB, 100 %, 583.33 W, 1605 MHz
2026/09/27 21:30:36.839, 1, 76993 MiB, 100 %, 542.17 W, 1980 MHz
2026/09/27 21:30:36.840, 2, 76993 MiB, 100 %, 524.64 W, 1980 MHz
2026/09/27 21:30:36.840, 3, 76993 MiB, 100 %, 527.93 W, 1980 MHz
2026/09/27 21:30:36.841, 4, 76993 MiB, 100 %, 521.19 W, 1980 MHz
2026/09/27 21:30:36.842, 5, 76993 MiB, 100 %, 535.83 W, 1980 MHz
2026/09/27 21:30:36.842, 6, 76993 MiB, 100 %, 544.96 W, 1980 MHz
2026/09/27 21:30:36.843, 7, 76993 MiB, 100 %, 524.18 W, 1980 MHz
2026/09/27 21:30:37.844, 0, 76993 MiB, 100 %, 513.46 W, 1740 MHz
2026/09/27 21:30:37.845, 1, 76993 MiB, 100 %, 526.56 W, 1980 MHz
2026/09/27 21:30:37.845, 2, 76993 MiB, 100 %, 521.92 W, 1980 MHz
2026/09/27 21:30:37.846, 3, 76993 MiB, 100 %, 524.78 W, 1980 MHz
2026/09/27 21:30:37.847, 4, 76993 MiB, 100 %, 517.99 W, 1980 MHz
2026/09/27 21:30:37.847, 5, 76993 MiB, 100 %, 531.67 W, 1980 MHz
2026/09/27 21:30:37.848, 6, 76993 MiB, 100 %, 542.49 W, 1980 MHz
2026/09/27 21:30:37.849, 7, 76993 MiB, 100 %, 524.77 W, 1980 MHz
2026/09/27 21:30:38.849, 0, 76993 MiB, 100 %, 552.85 W, 1920 MHz
2026/09/27 21:30:38.850, 1, 76993 MiB, 100 %, 543.45 W, 1980 MHz
2026/09/27 21:30:38.851, 2, 76993 MiB, 100 %, 529.35 W, 1980 MHz
2026/09/27 21:30:38.852, 3, 76993 MiB, 100 %, 526.49 W, 1980 MHz
2026/09/27 21:30:38.853, 4, 76993 MiB, 100 %, 520.22 W, 1980 MHz
2026/09/27 21:30:38.853, 5, 76993 MiB, 100 %, 542.76 W, 1980 MHz
2026/09/27 21:30:38.854, 6, 76993 MiB, 100 %, 540.98 W, 1980 MHz
2026/09/27 21:30:38.855, 7, 76993 MiB, 100 %, 517.23 W, 1980 MHz
2026/09/27 21:30:39.855, 0, 76993 MiB, 100 %, 530.99 W, 1665 MHz
2026/09/27 21:30:39.856, 1, 76993 MiB, 100 %, 536.88 W, 1980 MHz
2026/09/27 21:30:39.857, 2, 76993 MiB, 100 %, 525.77 W, 1980 MHz
2026/09/27 21:30:39.858, 3, 76993 MiB, 100 %, 516.77 W, 1980 MHz
2026/09/27 21:30:39.859, 4, 76993 MiB, 100 %, 513.25 W, 1980 MHz
2026/09/27 21:30:39.859, 5, 76993 MiB, 100 %, 538.53 W, 1980 MHz
2026/09/27 21:30:39.860, 6, 76993 MiB, 100 %, 539.82 W, 1980 MHz
2026/09/27 21:30:39.861, 7, 76993 MiB, 100 %, 514.95 W, 1980 MHz
2026/09/27 21:30:40.861, 0, 76993 MiB, 100 %, 495.73 W, 1680 MHz
2026/09/27 21:30:40.862, 1, 76993 MiB, 100 %, 532.43 W, 1980 MHz
2026/09/27 21:30:40.863, 2, 76993 MiB, 100 %, 521.60 W, 1980 MHz
2026/09/27 21:30:40.864, 3, 76993 MiB, 100 %, 512.54 W, 1980 MHz
2026/09/27 21:30:40.864, 4, 76993 MiB, 100 %, 511.12 W, 1980 MHz
2026/09/27 21:30:40.865, 5, 76993 MiB, 100 %, 533.48 W, 1980 MHz
2026/09/27 21:30:40.866, 6, 76993 MiB, 100 %, 524.68 W, 1980 MHz
2026/09/27 21:30:40.866, 7, 76993 MiB, 100 %, 513.89 W, 1980 MHz
2026/09/27 21:30:41.867, 0, 76993 MiB, 100 %, 511.95 W, 1575 MHz
2026/09/27 21:30:41.868, 1, 76993 MiB, 100 %, 526.82 W, 1980 MHz
2026/09/27 21:30:41.869, 2, 76993 MiB, 100 %, 510.84 W, 1980 MHz
2026/09/27 21:30:41.870, 3, 76993 MiB, 100 %, 525.29 W, 1980 MHz
2026/09/27 21:30:41.870, 4, 76993 MiB, 100 %, 499.31 W, 1980 MHz
2026/09/27 21:30:41.871, 5, 76993 MiB, 100 %, 534.04 W, 1980 MHz
2026/09/27 21:30:41.872, 6, 76993 MiB, 100 %, 532.98 W, 1980 MHz
2026/09/27 21:30:41.872, 7, 76993 MiB, 100 %, 524.64 W, 1980 MHz
2026/09/27 21:30:42.873, 0, 76993 MiB, 100 %, 517.06 W, 1695 MHz
2026/09/27 21:30:42.874, 1, 76993 MiB, 100 %, 531.86 W, 1980 MHz
2026/09/27 21:30:42.875, 2, 76993 MiB, 100 %, 525.11 W, 1980 MHz
2026/09/27 21:30:42.875, 3, 76993 MiB, 100 %, 525.06 W, 1980 MHz
2026/09/27 21:30:42.876, 4, 76993 MiB, 100 %, 511.37 W, 1980 MHz
2026/09/27 21:30:42.877, 5, 76993 MiB, 100 %, 541.53 W, 1980 MHz
2026/09/27 21:30:42.877, 6, 76993 MiB, 100 %, 533.47 W, 1980 MHz
2026/09/27 21:30:42.878, 7, 76993 MiB, 100 %, 515.52 W, 1980 MHz
2026/09/27 21:30:43.879, 0, 76993 MiB, 100 %, 487.43 W, 1980 MHz
2026/09/27 21:30:43.880, 1, 76993 MiB, 100 %, 417.18 W, 1980 MHz
2026/09/27 21:30:43.880, 2, 76993 MiB, 100 %, 413.77 W, 1980 MHz
2026/09/27 21:30:43.881, 3, 76993 MiB, 100 %, 419.63 W, 1980 MHz
2026/09/27 21:30:43.882, 4, 76993 MiB, 100 %, 418.50 W, 1980 MHz
2026/09/27 21:30:43.882, 5, 76993 MiB, 100 %, 414.75 W, 1980 MHz
2026/09/27 21:30:43.883, 6, 76993 MiB, 100 %, 429.66 W, 1980 MHz
2026/09/27 21:30:43.884, 7, 76993 MiB, 100 %, 415.89 W, 1980 MHz
2026/09/27 21:30:44.884, 0, 76993 MiB, 100 %, 493.45 W, 1980 MHz
2026/09/27 21:30:44.885, 1, 76993 MiB, 100 %, 429.33 W, 1980 MHz
2026/09/27 21:30:44.886, 2, 76993 MiB, 100 %, 422.97 W, 1980 MHz
2026/09/27 21:30:44.887, 3, 76993 MiB, 100 %, 423.98 W, 1980 MHz
2026/09/27 21:30:44.888, 4, 76993 MiB, 100 %, 411.43 W, 1980 MHz
2026/09/27 21:30:44.888, 5, 76993 MiB, 100 %, 422.74 W, 1980 MHz
2026/09/27 21:30:44.889, 6, 76993 MiB, 100 %, 428.14 W, 1980 MHz
2026/09/27 21:30:44.890, 7, 76993 MiB, 100 %, 409.03 W, 1980 MHz
2026/09/27 21:30:45.890, 0, 76993 MiB, 100 %, 521.27 W, 1875 MHz
2026/09/27 21:30:45.891, 1, 76993 MiB, 100 %, 473.76 W, 1980 MHz
2026/09/27 21:30:45.892, 2, 76993 MiB, 100 %, 462.94 W, 1980 MHz
2026/09/27 21:30:45.893, 3, 76993 MiB, 100 %, 461.32 W, 1980 MHz
2026/09/27 21:30:45.893, 4, 76993 MiB, 100 %, 462.78 W, 1980 MHz
2026/09/27 21:30:45.894, 5, 76993 MiB, 100 %, 470.32 W, 1980 MHz
2026/09/27 21:30:45.895, 6, 76993 MiB, 100 %, 485.05 W, 1980 MHz
2026/09/27 21:30:45.895, 7, 76993 MiB, 100 %, 465.83 W, 1980 MHz
2026/09/27 21:30:46.896, 0, 76993 MiB, 100 %, 540.68 W, 1665 MHz
2026/09/27 21:30:46.897, 1, 76993 MiB, 100 %, 537.04 W, 1980 MHz
2026/09/27 21:30:46.898, 2, 76993 MiB, 100 %, 527.89 W, 1980 MHz
2026/09/27 21:30:46.898, 3, 76993 MiB, 100 %, 523.57 W, 1980 MHz
2026/09/27 21:30:46.899, 4, 76993 MiB, 100 %, 514.83 W, 1980 MHz
2026/09/27 21:30:46.900, 5, 76993 MiB, 100 %, 543.34 W, 1980 MHz
2026/09/27 21:30:46.901, 6, 76993 MiB, 100 %, 532.63 W, 1980 MHz
2026/09/27 21:30:46.901, 7, 76993 MiB, 100 %, 522.01 W, 1980 MHz
2026/09/27 21:30:47.902, 0, 76993 MiB, 100 %, 525.84 W, 1620 MHz
2026/09/27 21:30:47.903, 1, 76993 MiB, 100 %, 538.77 W, 1980 MHz
2026/09/27 21:30:47.904, 2, 76993 MiB, 100 %, 536.74 W, 1980 MHz
2026/09/27 21:30:47.904, 3, 76993 MiB, 100 %, 526.97 W, 1980 MHz
2026/09/27 21:30:47.905, 4, 76993 MiB, 100 %, 517.18 W, 1980 MHz
2026/09/27 21:30:47.906, 5, 76993 MiB, 100 %, 537.74 W, 1980 MHz
2026/09/27 21:30:47.906, 6, 76993 MiB, 100 %, 540.41 W, 1980 MHz
2026/09/27 21:30:47.907, 7, 76993 MiB, 100 %, 519.35 W, 1980 MHz
2026/09/27 21:30:48.908, 0, 76993 MiB, 100 %, 540.15 W, 1680 MHz
2026/09/27 21:30:48.909, 1, 76993 MiB, 100 %, 531.56 W, 1980 MHz
2026/09/27 21:30:48.910, 2, 76993 MiB, 100 %, 533.15 W, 1980 MHz
2026/09/27 21:30:48.910, 3, 76993 MiB, 100 %, 529.37 W, 1980 MHz
2026/09/27 21:30:48.911, 4, 76993 MiB, 100 %, 514.56 W, 1980 MHz
2026/09/27 21:30:48.912, 5, 76993 MiB, 100 %, 541.55 W, 1980 MHz
2026/09/27 21:30:48.913, 6, 76993 MiB, 100 %, 540.78 W, 1980 MHz
2026/09/27 21:30:48.913, 7, 76993 MiB, 100 %, 522.21 W, 1980 MHz
2026/09/27 21:30:49.914, 0, 76993 MiB, 100 %, 523.51 W, 1785 MHz
2026/09/27 21:30:49.915, 1, 76993 MiB, 100 %, 540.81 W, 1980 MHz
2026/09/27 21:30:49.916, 2, 76993 MiB, 100 %, 531.42 W, 1980 MHz
2026/09/27 21:30:49.917, 3, 76993 MiB, 100 %, 522.18 W, 1980 MHz
2026/09/27 21:30:49.918, 4, 76993 MiB, 100 %, 514.53 W, 1980 MHz
2026/09/27 21:30:49.919, 5, 76993 MiB, 100 %, 538.91 W, 1980 MHz
2026/09/27 21:30:49.919, 6, 76993 MiB, 100 %, 536.30 W, 1980 MHz
2026/09/27 21:30:49.920, 7, 76993 MiB, 100 %, 523.11 W, 1980 MHz
2026/09/27 21:30:50.921, 0, 76993 MiB, 100 %, 550.52 W, 1770 MHz
2026/09/27 21:30:50.922, 1, 76993 MiB, 100 %, 536.73 W, 1980 MHz
2026/09/27 21:30:50.922, 2, 76993 MiB, 100 %, 530.54 W, 1980 MHz
2026/09/27 21:30:50.923, 3, 76993 MiB, 100 %, 524.69 W, 1980 MHz
2026/09/27 21:30:50.924, 4, 76993 MiB, 100 %, 507.59 W, 1980 MHz
2026/09/27 21:30:50.924, 5, 76993 MiB, 100 %, 537.87 W, 1980 MHz
2026/09/27 21:30:50.925, 6, 76993 MiB, 100 %, 539.55 W, 1980 MHz
2026/09/27 21:30:50.926, 7, 76993 MiB, 100 %, 520.46 W, 1980 MHz
2026/09/27 21:30:51.926, 0, 76993 MiB, 100 %, 522.46 W, 1575 MHz
2026/09/27 21:30:51.927, 1, 76993 MiB, 100 %, 535.79 W, 1980 MHz
2026/09/27 21:30:51.928, 2, 76993 MiB, 100 %, 521.06 W, 1980 MHz
2026/09/27 21:30:51.929, 3, 76993 MiB, 100 %, 526.99 W, 1980 MHz
2026/09/27 21:30:51.930, 4, 76993 MiB, 100 %, 515.71 W, 1980 MHz
2026/09/27 21:30:51.930, 5, 76993 MiB, 100 %, 534.60 W, 1980 MHz
2026/09/27 21:30:51.931, 6, 76993 MiB, 100 %, 533.80 W, 1980 MHz
2026/09/27 21:30:51.931, 7, 76993 MiB, 100 %, 518.99 W, 1980 MHz
2026/09/27 21:30:52.932, 0, 76993 MiB, 100 %, 492.31 W, 1725 MHz
2026/09/27 21:30:52.933, 1, 76993 MiB, 100 %, 529.26 W, 1980 MHz
2026/09/27 21:30:52.934, 2, 76993 MiB, 100 %, 520.04 W, 1980 MHz
2026/09/27 21:30:52.935, 3, 76993 MiB, 100 %, 520.74 W, 1980 MHz
2026/09/27 21:30:52.936, 4, 76993 MiB, 100 %, 512.53 W, 1980 MHz
2026/09/27 21:30:52.936, 5, 76993 MiB, 100 %, 536.70 W, 1980 MHz
2026/09/27 21:30:52.937, 6, 76993 MiB, 100 %, 531.44 W, 1980 MHz
2026/09/27 21:30:52.938, 7, 76993 MiB, 100 %, 516.56 W, 1980 MHz
2026/09/27 21:30:53.939, 0, 76993 MiB, 100 %, 501.18 W, 1650 MHz
2026/09/27 21:30:53.940, 1, 76993 MiB, 100 %, 529.34 W, 1980 MHz
2026/09/27 21:30:53.940, 2, 76993 MiB, 100 %, 512.58 W, 1980 MHz
2026/09/27 21:30:53.941, 3, 76993 MiB, 100 %, 520.67 W, 1980 MHz
2026/09/27 21:30:53.942, 4, 76993 MiB, 100 %, 504.91 W, 1980 MHz
2026/09/27 21:30:53.943, 5, 76993 MiB, 100 %, 527.11 W, 1980 MHz
2026/09/27 21:30:53.943, 6, 76993 MiB, 100 %, 535.93 W, 1980 MHz
2026/09/27 21:30:53.944, 7, 76993 MiB, 100 %, 509.41 W, 1980 MHz
2026/09/27 21:30:54.945, 0, 76993 MiB, 100 %, 513.10 W, 1725 MHz
2026/09/27 21:30:54.946, 1, 76993 MiB, 100 %, 532.29 W, 1980 MHz
2026/09/27 21:30:54.947, 2, 76993 MiB, 100 %, 517.16 W, 1980 MHz
2026/09/27 21:30:54.947, 3, 76993 MiB, 100 %, 520.84 W, 1980 MHz
2026/09/27 21:30:54.948, 4, 76993 MiB, 100 %, 510.47 W, 1980 MHz
2026/09/27 21:30:54.948, 5, 76993 MiB, 100 %, 542.60 W, 1980 MHz
2026/09/27 21:30:54.949, 6, 76993 MiB, 100 %, 524.14 W, 1980 MHz
2026/09/27 21:30:54.950, 7, 76993 MiB, 100 %, 515.27 W, 1980 MHz
2026/09/27 21:30:55.951, 0, 76993 MiB, 100 %, 517.72 W, 1635 MHz
2026/09/27 21:30:55.952, 1, 76993 MiB, 100 %, 530.72 W, 1980 MHz
2026/09/27 21:30:55.952, 2, 76993 MiB, 100 %, 520.03 W, 1980 MHz
2026/09/27 21:30:55.953, 3, 76993 MiB, 100 %, 519.90 W, 1980 MHz
2026/09/27 21:30:55.954, 4, 76993 MiB, 100 %, 508.80 W, 1980 MHz
2026/09/27 21:30:55.954, 5, 76993 MiB, 100 %, 535.88 W, 1980 MHz
2026/09/27 21:30:55.955, 6, 76993 MiB, 100 %, 532.18 W, 1980 MHz
2026/09/27 21:30:55.956, 7, 76993 MiB, 100 %, 517.59 W, 1980 MHz
2026/09/27 21:30:56.956, 0, 76993 MiB, 100 %, 552.98 W, 1905 MHz
2026/09/27 21:30:56.958, 1, 76993 MiB, 100 %, 541.40 W, 1980 MHz
2026/09/27 21:30:56.958, 2, 76993 MiB, 100 %, 522.42 W, 1980 MHz
2026/09/27 21:30:56.959, 3, 76993 MiB, 100 %, 530.04 W, 1980 MHz
2026/09/27 21:30:56.960, 4, 76993 MiB, 100 %, 521.88 W, 1980 MHz
2026/09/27 21:30:56.961, 5, 76993 MiB, 100 %, 536.38 W, 1980 MHz
2026/09/27 21:30:56.961, 6, 76993 MiB, 100 %, 550.81 W, 1980 MHz
2026/09/27 21:30:56.962, 7, 76993 MiB, 100 %, 515.53 W, 1980 MHz
2026/09/27 21:30:57.963, 0, 76993 MiB, 100 %, 541.35 W, 1800 MHz
2026/09/27 21:30:57.964, 1, 76993 MiB, 100 %, 534.98 W, 1980 MHz
2026/09/27 21:30:57.965, 2, 76993 MiB, 100 %, 519.01 W, 1980 MHz
2026/09/27 21:30:57.965, 3, 76993 MiB, 100 %, 531.00 W, 1980 MHz
2026/09/27 21:30:57.966, 4, 76993 MiB, 100 %, 523.38 W, 1980 MHz
2026/09/27 21:30:57.967, 5, 76993 MiB, 100 %, 530.87 W, 1980 MHz
2026/09/27 21:30:57.968, 6, 76993 MiB, 100 %, 539.24 W, 1980 MHz
2026/09/27 21:30:57.968, 7, 76993 MiB, 100 %, 524.85 W, 1980 MHz
2026/09/27 21:30:58.969, 0, 76993 MiB, 100 %, 507.11 W, 1725 MHz
2026/09/27 21:30:58.970, 1, 76993 MiB, 100 %, 537.61 W, 1980 MHz
2026/09/27 21:30:58.971, 2, 76993 MiB, 100 %, 524.82 W, 1980 MHz
2026/09/27 21:30:58.971, 3, 76993 MiB, 100 %, 523.81 W, 1980 MHz
2026/09/27 21:30:58.972, 4, 76993 MiB, 100 %, 505.20 W, 1980 MHz
2026/09/27 21:30:58.973, 5, 76993 MiB, 100 %, 538.57 W, 1980 MHz
2026/09/27 21:30:58.973, 6, 76993 MiB, 100 %, 542.54 W, 1980 MHz
2026/09/27 21:30:58.974, 7, 76993 MiB, 100 %, 512.99 W, 1980 MHz
2026/09/27 21:30:59.975, 0, 76993 MiB, 100 %, 504.82 W, 1620 MHz
2026/09/27 21:30:59.976, 1, 76993 MiB, 100 %, 530.13 W, 1980 MHz
2026/09/27 21:30:59.976, 2, 76993 MiB, 100 %, 520.58 W, 1980 MHz
2026/09/27 21:30:59.977, 3, 76993 MiB, 100 %, 522.46 W, 1980 MHz
2026/09/27 21:30:59.978, 4, 76993 MiB, 100 %, 514.29 W, 1980 MHz
2026/09/27 21:30:59.978, 5, 76993 MiB, 100 %, 528.45 W, 1980 MHz
2026/09/27 21:30:59.979, 6, 76993 MiB, 100 %, 520.81 W, 1980 MHz
2026/09/27 21:30:59.980, 7, 76993 MiB, 100 %, 517.88 W, 1980 MHz
2026/09/27 21:31:00.981, 0, 76993 MiB, 100 %, 473.60 W, 1665 MHz
2026/09/27 21:31:00.982, 1, 76993 MiB, 100 %, 515.37 W, 1980 MHz
2026/09/27 21:31:00.982, 2, 76993 MiB, 100 %, 503.26 W, 1980 MHz
2026/09/27 21:31:00.983, 3, 76993 MiB, 100 %, 509.86 W, 1980 MHz
2026/09/27 21:31:00.984, 4, 76993 MiB, 100 %, 502.64 W, 1980 MHz
2026/09/27 21:31:00.984, 5, 76993 MiB, 100 %, 525.01 W, 1980 MHz
2026/09/27 21:31:00.985, 6, 76993 MiB, 100 %, 528.24 W, 1980 MHz
2026/09/27 21:31:00.986, 7, 76993 MiB, 100 %, 504.02 W, 1980 MHz
2026/09/27 21:31:01.986, 0, 76993 MiB, 100 %, 501.00 W, 1665 MHz
2026/09/27 21:31:01.987, 1, 76993 MiB, 100 %, 535.27 W, 1980 MHz
2026/09/27 21:31:01.988, 2, 76993 MiB, 100 %, 521.81 W, 1980 MHz
2026/09/27 21:31:01.989, 3, 76993 MiB, 100 %, 519.82 W, 1980 MHz
2026/09/27 21:31:01.989, 4, 76993 MiB, 100 %, 514.38 W, 1980 MHz
2026/09/27 21:31:01.990, 5, 76993 MiB, 100 %, 535.23 W, 1980 MHz
2026/09/27 21:31:01.991, 6, 76993 MiB, 100 %, 539.33 W, 1980 MHz
2026/09/27 21:31:01.991, 7, 76993 MiB, 100 %, 515.34 W, 1980 MHz
2026/09/27 21:31:02.992, 0, 76993 MiB, 100 %, 494.28 W, 1680 MHz
2026/09/27 21:31:02.993, 1, 76993 MiB, 100 %, 516.16 W, 1980 MHz
2026/09/27 21:31:02.994, 2, 76993 MiB, 100 %, 508.39 W, 1980 MHz
2026/09/27 21:31:02.995, 3, 76993 MiB, 100 %, 524.07 W, 1980 MHz
2026/09/27 21:31:02.995, 4, 76993 MiB, 100 %, 506.37 W, 1980 MHz
2026/09/27 21:31:02.996, 5, 76993 MiB, 100 %, 528.11 W, 1980 MHz
2026/09/27 21:31:02.997, 6, 76993 MiB, 100 %, 529.91 W, 1980 MHz
2026/09/27 21:31:02.997, 7, 76993 MiB, 100 %, 504.67 W, 1980 MHz
2026/09/27 21:31:03.998, 0, 76993 MiB, 100 %, 508.99 W, 1710 MHz
2026/09/27 21:31:03.999, 1, 76993 MiB, 100 %, 527.78 W, 1980 MHz
2026/09/27 21:31:04.000, 2, 76993 MiB, 100 %, 515.64 W, 1980 MHz
2026/09/27 21:31:04.001, 3, 76993 MiB, 100 %, 507.57 W, 1980 MHz
2026/09/27 21:31:04.001, 4, 76993 MiB, 100 %, 505.11 W, 1980 MHz
2026/09/27 21:31:04.002, 5, 76993 MiB, 100 %, 538.12 W, 1980 MHz
2026/09/27 21:31:04.003, 6, 76993 MiB, 100 %, 531.94 W, 1980 MHz
2026/09/27 21:31:04.003, 7, 76993 MiB, 100 %, 517.42 W, 1980 MHz
2026/09/27 21:31:05.004, 0, 76993 MiB, 100 %, 514.80 W, 1770 MHz
2026/09/27 21:31:05.005, 1, 76993 MiB, 100 %, 531.06 W, 1980 MHz
2026/09/27 21:31:05.006, 2, 76993 MiB, 100 %, 516.80 W, 1980 MHz
2026/09/27 21:31:05.007, 3, 76993 MiB, 100 %, 524.39 W, 1980 MHz
2026/09/27 21:31:05.007, 4, 76993 MiB, 100 %, 506.43 W, 1980 MHz
2026/09/27 21:31:05.008, 5, 76993 MiB, 100 %, 530.05 W, 1980 MHz
2026/09/27 21:31:05.009, 6, 76993 MiB, 100 %, 536.36 W, 1980 MHz
2026/09/27 21:31:05.009, 7, 76993 MiB, 100 %, 515.66 W, 1980 MHz
2026/09/27 21:31:06.010, 0, 76993 MiB, 100 %, 510.77 W, 1680 MHz
2026/09/27 21:31:06.011, 1, 76993 MiB, 100 %, 531.41 W, 1980 MHz
2026/09/27 21:31:06.012, 2, 76993 MiB, 100 %, 510.76 W, 1980 MHz
2026/09/27 21:31:06.012, 3, 76993 MiB, 100 %, 522.41 W, 1980 MHz
2026/09/27 21:31:06.013, 4, 76993 MiB, 100 %, 507.97 W, 1980 MHz
2026/09/27 21:31:06.014, 5, 76993 MiB, 100 %, 529.55 W, 1980 MHz
2026/09/27 21:31:06.014, 6, 76993 MiB, 100 %, 537.55 W, 1980 MHz
2026/09/27 21:31:06.015, 7, 76993 MiB, 100 %, 511.27 W, 1980 MHz
2026/09/27 21:31:07.016, 0, 76993 MiB, 100 %, 518.91 W, 1590 MHz
2026/09/27 21:31:07.017, 1, 76993 MiB, 100 %, 534.51 W, 1980 MHz
2026/09/27 21:31:07.017, 2, 76993 MiB, 100 %, 518.36 W, 1980 MHz
2026/09/27 21:31:07.018, 3, 76993 MiB, 100 %, 528.06 W, 1980 MHz
2026/09/27 21:31:07.019, 4, 76993 MiB, 100 %, 512.78 W, 1980 MHz
2026/09/27 21:31:07.020, 5, 76993 MiB, 100 %, 543.82 W, 1980 MHz
2026/09/27 21:31:07.020, 6, 76993 MiB, 100 %, 537.81 W, 1980 MHz
2026/09/27 21:31:07.021, 7, 76993 MiB, 100 %, 520.20 W, 1980 MHz
2026/09/27 21:31:08.022, 0, 76993 MiB, 100 %, 514.68 W, 1725 MHz
2026/09/27 21:31:08.022, 1, 76993 MiB, 100 %, 526.56 W, 1980 MHz
2026/09/27 21:31:08.023, 2, 76993 MiB, 100 %, 522.21 W, 1980 MHz
2026/09/27 21:31:08.024, 3, 76993 MiB, 100 %, 521.92 W, 1980 MHz
2026/09/27 21:31:08.024, 4, 76993 MiB, 100 %, 514.21 W, 1980 MHz
2026/09/27 21:31:08.025, 5, 76993 MiB, 100 %, 531.13 W, 1980 MHz
2026/09/27 21:31:08.026, 6, 76993 MiB, 100 %, 543.07 W, 1980 MHz
2026/09/27 21:31:08.026, 7, 76993 MiB, 100 %, 514.90 W, 1980 MHz
2026/09/27 21:31:09.027, 0, 76993 MiB, 100 %, 514.70 W, 1635 MHz
2026/09/27 21:31:09.028, 1, 76993 MiB, 100 %, 540.26 W, 1980 MHz
2026/09/27 21:31:09.029, 2, 76993 MiB, 100 %, 523.45 W, 1980 MHz
2026/09/27 21:31:09.029, 3, 76993 MiB, 100 %, 519.18 W, 1980 MHz
2026/09/27 21:31:09.030, 4, 76993 MiB, 100 %, 512.88 W, 1980 MHz
2026/09/27 21:31:09.031, 5, 76993 MiB, 100 %, 536.76 W, 1980 MHz
2026/09/27 21:31:09.031, 6, 76993 MiB, 100 %, 536.79 W, 1980 MHz
2026/09/27 21:31:09.032, 7, 76993 MiB, 100 %, 522.84 W, 1980 MHz
2026/09/27 21:31:10.033, 0, 76993 MiB, 100 %, 520.74 W, 1725 MHz
2026/09/27 21:31:10.034, 1, 76993 MiB, 100 %, 535.10 W, 1980 MHz
2026/09/27 21:31:10.034, 2, 76993 MiB, 100 %, 523.06 W, 1980 MHz
2026/09/27 21:31:10.035, 3, 76993 MiB, 100 %, 522.59 W, 1980 MHz
2026/09/27 21:31:10.036, 4, 76993 MiB, 100 %, 513.29 W, 1980 MHz
2026/09/27 21:31:10.036, 5, 76993 MiB, 100 %, 537.57 W, 1980 MHz
2026/09/27 21:31:10.037, 6, 76993 MiB, 100 %, 529.12 W, 1980 MHz
2026/09/27 21:31:10.038, 7, 76993 MiB, 100 %, 518.55 W, 1980 MHz
2026/09/27 21:31:11.038, 0, 76993 MiB, 100 %, 549.20 W, 1785 MHz
2026/09/27 21:31:11.039, 1, 76993 MiB, 100 %, 534.65 W, 1980 MHz
2026/09/27 21:31:11.040, 2, 76993 MiB, 100 %, 520.77 W, 1980 MHz
2026/09/27 21:31:11.041, 3, 76993 MiB, 100 %, 523.24 W, 1980 MHz
2026/09/27 21:31:11.041, 4, 76993 MiB, 100 %, 516.51 W, 1980 MHz
2026/09/27 21:31:11.042, 5, 76993 MiB, 100 %, 541.78 W, 1980 MHz
2026/09/27 21:31:11.042, 6, 76993 MiB, 100 %, 548.25 W, 1980 MHz
2026/09/27 21:31:11.043, 7, 76993 MiB, 100 %, 522.65 W, 1980 MHz
2026/09/27 21:31:12.044, 0, 76993 MiB, 100 %, 487.98 W, 1725 MHz
2026/09/27 21:31:12.045, 1, 76993 MiB, 100 %, 527.83 W, 1980 MHz
2026/09/27 21:31:12.046, 2, 76993 MiB, 100 %, 518.53 W, 1980 MHz
2026/09/27 21:31:12.047, 3, 76993 MiB, 100 %, 517.79 W, 1980 MHz
2026/09/27 21:31:12.047, 4, 76993 MiB, 100 %, 507.26 W, 1980 MHz
2026/09/27 21:31:12.048, 5, 76993 MiB, 100 %, 526.60 W, 1980 MHz
2026/09/27 21:31:12.048, 6, 76993 MiB, 100 %, 530.06 W, 1980 MHz
2026/09/27 21:31:12.049, 7, 76993 MiB, 100 %, 516.62 W, 1980 MHz
2026/09/27 21:31:13.050, 0, 76993 MiB, 100 %, 491.23 W, 1695 MHz
2026/09/27 21:31:13.051, 1, 76993 MiB, 100 %, 521.21 W, 1980 MHz
2026/09/27 21:31:13.051, 2, 76993 MiB, 100 %, 505.34 W, 1980 MHz
2026/09/27 21:31:13.052, 3, 76993 MiB, 100 %, 516.95 W, 1980 MHz
2026/09/27 21:31:13.053, 4, 76993 MiB, 100 %, 507.16 W, 1980 MHz
2026/09/27 21:31:13.053, 5, 76993 MiB, 100 %, 526.76 W, 1980 MHz
2026/09/27 21:31:13.054, 6, 76993 MiB, 100 %, 533.09 W, 1980 MHz
2026/09/27 21:31:13.055, 7, 76993 MiB, 100 %, 506.33 W, 1980 MHz
2026/09/27 21:31:14.055, 0, 76993 MiB, 100 %, 504.47 W, 1545 MHz
2026/09/27 21:31:14.056, 1, 76993 MiB, 100 %, 533.59 W, 1980 MHz
2026/09/27 21:31:14.057, 2, 76993 MiB, 100 %, 520.72 W, 1980 MHz
2026/09/27 21:31:14.058, 3, 76993 MiB, 100 %, 528.36 W, 1980 MHz
2026/09/27 21:31:14.059, 4, 76993 MiB, 100 %, 511.96 W, 1980 MHz
2026/09/27 21:31:14.059, 5, 76993 MiB, 100 %, 536.32 W, 1980 MHz
2026/09/27 21:31:14.060, 6, 76993 MiB, 100 %, 538.41 W, 1980 MHz
2026/09/27 21:31:14.060, 7, 76993 MiB, 100 %, 525.18 W, 1980 MHz
2026/09/27 21:31:15.061, 0, 76993 MiB, 100 %, 504.11 W, 1710 MHz
2026/09/27 21:31:15.062, 1, 76993 MiB, 100 %, 536.17 W, 1980 MHz
2026/09/27 21:31:15.063, 2, 76993 MiB, 100 %, 513.07 W, 1980 MHz
2026/09/27 21:31:15.064, 3, 76993 MiB, 100 %, 520.71 W, 1980 MHz
2026/09/27 21:31:15.064, 4, 76993 MiB, 100 %, 509.40 W, 1980 MHz
2026/09/27 21:31:15.065, 5, 76993 MiB, 100 %, 540.55 W, 1980 MHz
2026/09/27 21:31:15.065, 6, 76993 MiB, 100 %, 524.12 W, 1980 MHz
2026/09/27 21:31:15.066, 7, 76993 MiB, 100 %, 521.08 W, 1980 MHz
2026/09/27 21:31:16.067, 0, 76993 MiB, 100 %, 511.25 W, 1620 MHz
2026/09/27 21:31:16.068, 1, 76993 MiB, 100 %, 523.20 W, 1980 MHz
2026/09/27 21:31:16.069, 2, 76993 MiB, 100 %, 520.88 W, 1980 MHz
2026/09/27 21:31:16.070, 3, 76993 MiB, 100 %, 522.47 W, 1980 MHz
2026/09/27 21:31:16.073, 4, 76993 MiB, 100 %, 502.95 W, 1980 MHz
2026/09/27 21:31:16.073, 5, 76993 MiB, 100 %, 539.87 W, 1980 MHz
2026/09/27 21:31:16.074, 6, 76993 MiB, 100 %, 529.76 W, 1980 MHz
2026/09/27 21:31:16.074, 7, 76993 MiB, 100 %, 516.60 W, 1980 MHz
2026/09/27 21:31:17.075, 0, 76993 MiB, 100 %, 504.73 W, 1755 MHz
2026/09/27 21:31:17.077, 1, 76993 MiB, 100 %, 534.09 W, 1980 MHz
2026/09/27 21:31:17.077, 2, 76993 MiB, 100 %, 521.84 W, 1980 MHz
2026/09/27 21:31:17.078, 3, 76993 MiB, 100 %, 526.58 W, 1980 MHz
2026/09/27 21:31:17.079, 4, 76993 MiB, 100 %, 511.03 W, 1980 MHz
2026/09/27 21:31:17.079, 5, 76993 MiB, 100 %, 532.82 W, 1980 MHz
2026/09/27 21:31:17.080, 6, 76993 MiB, 100 %, 525.32 W, 1980 MHz
2026/09/27 21:31:17.080, 7, 76993 MiB, 100 %, 524.57 W, 1980 MHz
2026/09/27 21:31:18.081, 0, 76993 MiB, 100 %, 526.29 W, 1710 MHz
2026/09/27 21:31:18.083, 1, 76993 MiB, 100 %, 537.15 W, 1980 MHz
2026/09/27 21:31:18.085, 2, 76993 MiB, 100 %, 522.62 W, 1980 MHz
2026/09/27 21:31:18.086, 3, 76993 MiB, 100 %, 526.59 W, 1980 MHz
2026/09/27 21:31:18.088, 4, 76993 MiB, 100 %, 514.06 W, 1980 MHz
2026/09/27 21:31:18.089, 5, 76993 MiB, 100 %, 537.56 W, 1980 MHz
2026/09/27 21:31:18.090, 6, 76993 MiB, 100 %, 536.10 W, 1980 MHz
2026/09/27 21:31:18.091, 7, 76993 MiB, 100 %, 513.20 W, 1980 MHz
2026/09/27 21:31:19.093, 0, 76993 MiB, 100 %, 545.33 W, 1890 MHz
2026/09/27 21:31:19.094, 1, 76993 MiB, 100 %, 537.36 W, 1980 MHz
2026/09/27 21:31:19.095, 2, 76993 MiB, 100 %, 526.78 W, 1980 MHz
2026/09/27 21:31:19.096, 3, 76993 MiB, 100 %, 525.97 W, 1980 MHz
2026/09/27 21:31:19.096, 4, 76993 MiB, 100 %, 520.99 W, 1980 MHz
2026/09/27 21:31:19.097, 5, 76993 MiB, 100 %, 540.32 W, 1980 MHz
2026/09/27 21:31:19.098, 6, 76993 MiB, 100 %, 539.78 W, 1980 MHz
2026/09/27 21:31:19.098, 7, 76993 MiB, 100 %, 520.23 W, 1980 MHz
2026/09/27 21:31:20.099, 0, 76993 MiB, 100 %, 539.84 W, 1845 MHz
2026/09/27 21:31:20.100, 1, 76993 MiB, 100 %, 535.62 W, 1980 MHz
2026/09/27 21:31:20.101, 2, 76993 MiB, 100 %, 514.64 W, 1980 MHz
2026/09/27 21:31:20.102, 3, 76993 MiB, 100 %, 522.86 W, 1980 MHz
2026/09/27 21:31:20.102, 4, 76993 MiB, 100 %, 510.70 W, 1980 MHz
2026/09/27 21:31:20.103, 5, 76993 MiB, 100 %, 544.12 W, 1980 MHz
2026/09/27 21:31:20.104, 6, 76993 MiB, 100 %, 539.78 W, 1980 MHz
2026/09/27 21:31:20.104, 7, 76993 MiB, 100 %, 519.65 W, 1980 MHz
2026/09/27 21:31:21.105, 0, 76993 MiB, 100 %, 541.95 W, 1710 MHz
2026/09/27 21:31:21.106, 1, 76993 MiB, 100 %, 550.01 W, 1980 MHz
2026/09/27 21:31:21.107, 2, 76993 MiB, 100 %, 529.41 W, 1980 MHz
2026/09/27 21:31:21.107, 3, 76993 MiB, 100 %, 530.91 W, 1980 MHz
2026/09/27 21:31:21.108, 4, 76993 MiB, 100 %, 523.08 W, 1980 MHz
2026/09/27 21:31:21.109, 5, 76993 MiB, 100 %, 542.59 W, 1980 MHz
2026/09/27 21:31:21.109, 6, 76993 MiB, 100 %, 541.40 W, 1980 MHz
2026/09/27 21:31:21.110, 7, 76993 MiB, 100 %, 522.29 W, 1980 MHz
2026/09/27 21:31:22.111, 0, 76993 MiB, 100 %, 543.82 W, 1665 MHz
2026/09/27 21:31:22.111, 1, 76993 MiB, 100 %, 527.70 W, 1980 MHz
2026/09/27 21:31:22.112, 2, 76993 MiB, 100 %, 518.50 W, 1980 MHz
2026/09/27 21:31:22.113, 3, 76993 MiB, 100 %, 532.58 W, 1980 MHz
2026/09/27 21:31:22.114, 4, 76993 MiB, 100 %, 516.75 W, 1980 MHz
2026/09/27 21:31:22.114, 5, 76993 MiB, 100 %, 537.57 W, 1980 MHz
2026/09/27 21:31:22.115, 6, 76993 MiB, 100 %, 540.49 W, 1980 MHz
2026/09/27 21:31:22.115, 7, 76993 MiB, 100 %, 514.31 W, 1980 MHz
2026/09/27 21:31:23.116, 0, 76993 MiB, 100 %, 550.48 W, 1890 MHz
2026/09/27 21:31:23.117, 1, 76993 MiB, 100 %, 535.48 W, 1980 MHz
2026/09/27 21:31:23.118, 2, 76993 MiB, 100 %, 525.17 W, 1980 MHz
2026/09/27 21:31:23.118, 3, 76993 MiB, 100 %, 529.08 W, 1980 MHz
2026/09/27 21:31:23.119, 4, 76993 MiB, 100 %, 522.82 W, 1980 MHz
2026/09/27 21:31:23.119, 5, 76993 MiB, 100 %, 547.71 W, 1980 MHz
2026/09/27 21:31:23.120, 6, 76993 MiB, 100 %, 545.16 W, 1980 MHz
2026/09/27 21:31:23.121, 7, 76993 MiB, 100 %, 525.06 W, 1980 MHz
2026/09/27 21:31:24.121, 0, 76993 MiB, 100 %, 566.18 W, 1785 MHz
2026/09/27 21:31:24.122, 1, 76993 MiB, 100 %, 533.14 W, 1980 MHz
2026/09/27 21:31:24.123, 2, 76993 MiB, 100 %, 524.08 W, 1980 MHz
2026/09/27 21:31:24.124, 3, 76993 MiB, 100 %, 532.44 W, 1980 MHz
2026/09/27 21:31:24.124, 4, 76993 MiB, 100 %, 515.18 W, 1980 MHz
2026/09/27 21:31:24.125, 5, 76993 MiB, 100 %, 534.64 W, 1980 MHz
2026/09/27 21:31:24.126, 6, 76993 MiB, 100 %, 545.90 W, 1980 MHz
2026/09/27 21:31:24.126, 7, 76993 MiB, 100 %, 518.99 W, 1980 MHz
2026/09/27 21:31:25.127, 0, 76993 MiB, 100 %, 523.63 W, 1680 MHz
2026/09/27 21:31:25.128, 1, 76993 MiB, 100 %, 531.59 W, 1980 MHz
2026/09/27 21:31:25.128, 2, 76993 MiB, 100 %, 523.69 W, 1980 MHz
2026/09/27 21:31:25.129, 3, 76993 MiB, 100 %, 519.05 W, 1980 MHz
2026/09/27 21:31:25.130, 4, 76993 MiB, 100 %, 519.82 W, 1980 MHz
2026/09/27 21:31:25.130, 5, 76993 MiB, 100 %, 537.37 W, 1980 MHz
2026/09/27 21:31:25.131, 6, 76993 MiB, 100 %, 547.17 W, 1980 MHz
2026/09/27 21:31:25.132, 7, 76993 MiB, 100 %, 522.28 W, 1980 MHz
2026/09/27 21:31:26.132, 0, 76993 MiB, 100 %, 545.17 W, 1950 MHz
2026/09/27 21:31:26.133, 1, 76993 MiB, 100 %, 540.34 W, 1980 MHz
2026/09/27 21:31:26.134, 2, 76993 MiB, 100 %, 531.40 W, 1980 MHz
2026/09/27 21:31:26.135, 3, 76993 MiB, 100 %, 523.55 W, 1980 MHz
2026/09/27 21:31:26.135, 4, 76993 MiB, 100 %, 513.77 W, 1980 MHz
2026/09/27 21:31:26.136, 5, 76993 MiB, 100 %, 542.70 W, 1980 MHz
2026/09/27 21:31:26.136, 6, 76993 MiB, 100 %, 537.04 W, 1980 MHz
2026/09/27 21:31:26.137, 7, 76993 MiB, 100 %, 521.23 W, 1980 MHz
2026/09/27 21:31:27.138, 0, 76993 MiB, 100 %, 491.44 W, 1650 MHz
2026/09/27 21:31:27.139, 1, 76993 MiB, 100 %, 529.59 W, 1980 MHz
2026/09/27 21:31:27.140, 2, 76993 MiB, 100 %, 518.45 W, 1980 MHz
2026/09/27 21:31:27.141, 3, 76993 MiB, 100 %, 515.87 W, 1980 MHz
2026/09/27 21:31:27.142, 4, 76993 MiB, 100 %, 509.29 W, 1980 MHz
2026/09/27 21:31:27.142, 5, 76993 MiB, 100 %, 528.47 W, 1980 MHz
2026/09/27 21:31:27.143, 6, 76993 MiB, 100 %, 529.37 W, 1980 MHz
2026/09/27 21:31:27.144, 7, 76993 MiB, 100 %, 511.86 W, 1980 MHz
2026/09/27 21:31:28.144, 0, 76993 MiB, 100 %, 499.39 W, 1725 MHz
2026/09/27 21:31:28.145, 1, 76993 MiB, 100 %, 537.48 W, 1980 MHz
2026/09/27 21:31:28.146, 2, 76993 MiB, 100 %, 519.71 W, 1980 MHz
2026/09/27 21:31:28.147, 3, 76993 MiB, 100 %, 507.77 W, 1980 MHz
2026/09/27 21:31:28.147, 4, 76993 MiB, 100 %, 507.38 W, 1980 MHz
2026/09/27 21:31:28.148, 5, 76993 MiB, 100 %, 532.39 W, 1980 MHz
2026/09/27 21:31:28.149, 6, 76993 MiB, 100 %, 523.91 W, 1980 MHz
2026/09/27 21:31:28.150, 7, 76993 MiB, 100 %, 515.47 W, 1980 MHz
2026/09/27 21:31:29.150, 0, 76993 MiB, 100 %, 504.69 W, 1725 MHz
2026/09/27 21:31:29.151, 1, 76993 MiB, 100 %, 534.89 W, 1980 MHz
2026/09/27 21:31:29.152, 2, 76993 MiB, 100 %, 516.56 W, 1980 MHz
2026/09/27 21:31:29.153, 3, 76993 MiB, 100 %, 525.71 W, 1980 MHz
2026/09/27 21:31:29.154, 4, 76993 MiB, 100 %, 510.63 W, 1980 MHz
2026/09/27 21:31:29.154, 5, 76993 MiB, 100 %, 532.88 W, 1980 MHz
2026/09/27 21:31:29.155, 6, 76993 MiB, 100 %, 533.32 W, 1980 MHz
2026/09/27 21:31:29.156, 7, 76993 MiB, 100 %, 518.29 W, 1980 MHz
2026/09/27 21:31:30.156, 0, 76993 MiB, 100 %, 510.74 W, 1560 MHz
2026/09/27 21:31:30.157, 1, 76993 MiB, 100 %, 540.31 W, 1980 MHz
2026/09/27 21:31:30.158, 2, 76993 MiB, 100 %, 521.27 W, 1980 MHz
2026/09/27 21:31:30.159, 3, 76993 MiB, 100 %, 525.12 W, 1980 MHz
2026/09/27 21:31:30.159, 4, 76993 MiB, 100 %, 515.88 W, 1980 MHz
2026/09/27 21:31:30.160, 5, 76993 MiB, 100 %, 538.57 W, 1980 MHz
2026/09/27 21:31:30.161, 6, 76993 MiB, 100 %, 533.84 W, 1980 MHz
2026/09/27 21:31:30.161, 7, 76993 MiB, 100 %, 519.00 W, 1980 MHz
2026/09/27 21:31:31.162, 0, 76993 MiB, 100 %, 515.24 W, 1620 MHz
2026/09/27 21:31:31.163, 1, 76993 MiB, 100 %, 526.87 W, 1980 MHz
2026/09/27 21:31:31.164, 2, 76993 MiB, 100 %, 511.94 W, 1980 MHz
2026/09/27 21:31:31.164, 3, 76993 MiB, 100 %, 521.83 W, 1980 MHz
2026/09/27 21:31:31.165, 4, 76993 MiB, 100 %, 513.05 W, 1980 MHz
2026/09/27 21:31:31.166, 5, 76993 MiB, 100 %, 531.89 W, 1980 MHz
2026/09/27 21:31:31.166, 6, 76993 MiB, 100 %, 535.45 W, 1980 MHz
2026/09/27 21:31:31.167, 7, 76993 MiB, 100 %, 518.63 W, 1980 MHz
2026/09/27 21:31:32.168, 0, 76993 MiB, 100 %, 522.59 W, 1785 MHz
2026/09/27 21:31:32.169, 1, 76993 MiB, 100 %, 527.64 W, 1980 MHz
2026/09/27 21:31:32.169, 2, 76993 MiB, 100 %, 522.02 W, 1980 MHz
2026/09/27 21:31:32.170, 3, 76993 MiB, 100 %, 516.10 W, 1980 MHz
2026/09/27 21:31:32.171, 4, 76993 MiB, 100 %, 516.17 W, 1980 MHz
2026/09/27 21:31:32.172, 5, 76993 MiB, 100 %, 541.49 W, 1980 MHz
2026/09/27 21:31:32.172, 6, 76993 MiB, 100 %, 539.56 W, 1980 MHz
2026/09/27 21:31:32.173, 7, 76993 MiB, 100 %, 517.70 W, 1980 MHz
2026/09/27 21:31:33.174, 0, 76993 MiB, 100 %, 524.98 W, 1680 MHz
2026/09/27 21:31:33.174, 1, 76993 MiB, 100 %, 539.19 W, 1980 MHz
2026/09/27 21:31:33.175, 2, 76993 MiB, 100 %, 527.77 W, 1980 MHz
2026/09/27 21:31:33.176, 3, 76993 MiB, 100 %, 529.44 W, 1980 MHz
2026/09/27 21:31:33.176, 4, 76993 MiB, 100 %, 518.94 W, 1980 MHz
2026/09/27 21:31:33.177, 5, 76993 MiB, 100 %, 544.90 W, 1980 MHz
2026/09/27 21:31:33.178, 6, 76993 MiB, 100 %, 536.66 W, 1980 MHz
2026/09/27 21:31:33.178, 7, 76993 MiB, 100 %, 524.54 W, 1980 MHz
2026/09/27 21:31:34.179, 0, 76993 MiB, 100 %, 498.47 W, 1560 MHz
2026/09/27 21:31:34.180, 1, 76993 MiB, 100 %, 533.22 W, 1980 MHz
2026/09/27 21:31:34.181, 2, 76993 MiB, 100 %, 514.01 W, 1980 MHz
2026/09/27 21:31:34.182, 3, 76993 MiB, 100 %, 521.11 W, 1980 MHz
2026/09/27 21:31:34.183, 4, 76993 MiB, 100 %, 506.49 W, 1980 MHz
2026/09/27 21:31:34.183, 5, 76993 MiB, 100 %, 537.42 W, 1980 MHz
2026/09/27 21:31:34.184, 6, 76993 MiB, 100 %, 532.97 W, 1980 MHz
2026/09/27 21:31:34.185, 7, 76993 MiB, 100 %, 512.53 W, 1980 MHz
2026/09/27 21:31:35.185, 0, 76993 MiB, 100 %, 514.10 W, 1770 MHz
2026/09/27 21:31:35.186, 1, 76993 MiB, 100 %, 536.18 W, 1980 MHz
2026/09/27 21:31:35.187, 2, 76993 MiB, 100 %, 525.15 W, 1980 MHz
2026/09/27 21:31:35.188, 3, 76993 MiB, 100 %, 516.51 W, 1980 MHz
2026/09/27 21:31:35.188, 4, 76993 MiB, 100 %, 515.31 W, 1980 MHz
2026/09/27 21:31:35.189, 5, 76993 MiB, 100 %, 533.71 W, 1980 MHz
2026/09/27 21:31:35.190, 6, 76993 MiB, 100 %, 540.87 W, 1980 MHz
2026/09/27 21:31:35.190, 7, 76993 MiB, 100 %, 522.30 W, 1980 MHz
2026/09/27 21:31:36.191, 0, 76993 MiB, 100 %, 517.33 W, 1635 MHz
2026/09/27 21:31:36.192, 1, 76993 MiB, 100 %, 530.59 W, 1980 MHz
2026/09/27 21:31:36.193, 2, 76993 MiB, 100 %, 515.36 W, 1980 MHz
2026/09/27 21:31:36.193, 3, 76993 MiB, 100 %, 527.30 W, 1980 MHz
2026/09/27 21:31:36.194, 4, 76993 MiB, 100 %, 509.64 W, 1980 MHz
2026/09/27 21:31:36.195, 5, 76993 MiB, 100 %, 540.28 W, 1980 MHz
2026/09/27 21:31:36.195, 6, 76993 MiB, 100 %, 528.88 W, 1980 MHz
2026/09/27 21:31:36.196, 7, 76993 MiB, 100 %, 522.33 W, 1980 MHz
2026/09/27 21:31:37.197, 0, 76993 MiB, 100 %, 524.76 W, 1680 MHz
2026/09/27 21:31:37.198, 1, 76993 MiB, 100 %, 542.93 W, 1980 MHz
2026/09/27 21:31:37.199, 2, 76993 MiB, 100 %, 534.17 W, 1980 MHz
2026/09/27 21:31:37.200, 3, 76993 MiB, 100 %, 527.93 W, 1980 MHz
2026/09/27 21:31:37.200, 4, 76993 MiB, 100 %, 524.86 W, 1980 MHz
2026/09/27 21:31:37.201, 5, 76993 MiB, 100 %, 539.32 W, 1980 MHz
2026/09/27 21:31:37.202, 6, 76993 MiB, 100 %, 546.14 W, 1980 MHz
2026/09/27 21:31:37.203, 7, 76993 MiB, 100 %, 522.39 W, 1980 MHz
2026/09/27 21:31:38.203, 0, 76993 MiB, 100 %, 532.48 W, 1680 MHz
2026/09/27 21:31:38.204, 1, 76993 MiB, 100 %, 528.30 W, 1980 MHz
2026/09/27 21:31:38.205, 2, 76993 MiB, 100 %, 516.83 W, 1980 MHz
2026/09/27 21:31:38.206, 3, 76993 MiB, 100 %, 518.34 W, 1980 MHz
2026/09/27 21:31:38.206, 4, 76993 MiB, 100 %, 510.97 W, 1980 MHz
2026/09/27 21:31:38.207, 5, 76993 MiB, 100 %, 534.17 W, 1980 MHz
2026/09/27 21:31:38.207, 6, 76993 MiB, 100 %, 530.93 W, 1980 MHz
2026/09/27 21:31:38.208, 7, 76993 MiB, 100 %, 520.28 W, 1980 MHz
2026/09/27 21:31:39.209, 0, 76993 MiB, 100 %, 527.84 W, 1965 MHz
2026/09/27 21:31:39.210, 1, 76993 MiB, 100 %, 498.02 W, 1980 MHz
2026/09/27 21:31:39.211, 2, 76993 MiB, 100 %, 486.30 W, 1980 MHz
2026/09/27 21:31:39.211, 3, 76993 MiB, 100 %, 485.26 W, 1980 MHz
2026/09/27 21:31:39.212, 4, 76993 MiB, 100 %, 474.89 W, 1980 MHz
2026/09/27 21:31:39.213, 5, 76993 MiB, 100 %, 494.78 W, 1980 MHz
2026/09/27 21:31:39.213, 6, 76993 MiB, 100 %, 506.77 W, 1980 MHz
2026/09/27 21:31:39.214, 7, 76993 MiB, 100 %, 479.41 W, 1980 MHz
2026/09/27 21:31:40.215, 0, 76993 MiB, 100 %, 474.60 W, 1980 MHz
2026/09/27 21:31:40.215, 1, 76993 MiB, 100 %, 418.23 W, 1980 MHz
2026/09/27 21:31:40.216, 2, 76993 MiB, 100 %, 411.69 W, 1980 MHz
2026/09/27 21:31:40.217, 3, 76993 MiB, 100 %, 415.28 W, 1980 MHz
2026/09/27 21:31:40.217, 4, 76993 MiB, 100 %, 411.53 W, 1980 MHz
2026/09/27 21:31:40.218, 5, 76993 MiB, 100 %, 416.04 W, 1980 MHz
2026/09/27 21:31:40.219, 6, 76993 MiB, 100 %, 423.80 W, 1980 MHz
2026/09/27 21:31:40.219, 7, 76993 MiB, 100 %, 404.57 W, 1980 MHz
2026/09/27 21:31:41.220, 0, 76993 MiB, 100 %, 488.60 W, 1980 MHz
2026/09/27 21:31:41.221, 1, 76993 MiB, 100 %, 423.53 W, 1980 MHz
2026/09/27 21:31:41.222, 2, 76993 MiB, 100 %, 421.31 W, 1980 MHz
2026/09/27 21:31:41.222, 3, 76993 MiB, 100 %, 423.63 W, 1980 MHz
2026/09/27 21:31:41.223, 4, 76993 MiB, 100 %, 411.83 W, 1980 MHz
2026/09/27 21:31:41.224, 5, 76993 MiB, 100 %, 414.69 W, 1980 MHz
2026/09/27 21:31:41.224, 6, 76993 MiB, 100 %, 422.91 W, 1980 MHz
2026/09/27 21:31:41.225, 7, 76993 MiB, 100 %, 417.23 W, 1980 MHz
2026/09/27 21:31:42.226, 0, 76993 MiB, 100 %, 514.79 W, 1680 MHz
2026/09/27 21:31:42.227, 1, 76993 MiB, 100 %, 504.47 W, 1980 MHz
2026/09/27 21:31:42.227, 2, 76993 MiB, 100 %, 498.33 W, 1980 MHz
2026/09/27 21:31:42.228, 3, 76993 MiB, 100 %, 505.69 W, 1980 MHz
2026/09/27 21:31:42.229, 4, 76993 MiB, 100 %, 499.14 W, 1980 MHz
2026/09/27 21:31:42.229, 5, 76993 MiB, 100 %, 503.69 W, 1980 MHz
2026/09/27 21:31:42.230, 6, 76993 MiB, 100 %, 517.65 W, 1980 MHz
2026/09/27 21:31:42.231, 7, 76993 MiB, 100 %, 498.78 W, 1980 MHz
2026/09/27 21:31:43.231, 0, 76993 MiB, 100 %, 530.67 W, 1725 MHz
2026/09/27 21:31:43.232, 1, 76993 MiB, 100 %, 525.57 W, 1980 MHz
2026/09/27 21:31:43.233, 2, 76993 MiB, 100 %, 525.17 W, 1980 MHz
2026/09/27 21:31:43.234, 3, 76993 MiB, 100 %, 521.83 W, 1980 MHz
2026/09/27 21:31:43.234, 4, 76993 MiB, 100 %, 506.43 W, 1980 MHz
2026/09/27 21:31:43.235, 5, 76993 MiB, 100 %, 531.35 W, 1980 MHz
2026/09/27 21:31:43.236, 6, 76993 MiB, 100 %, 535.98 W, 1980 MHz
2026/09/27 21:31:43.236, 7, 76993 MiB, 100 %, 509.44 W, 1980 MHz
2026/09/27 21:31:44.237, 0, 76993 MiB, 100 %, 533.12 W, 1755 MHz
2026/09/27 21:31:44.238, 1, 76993 MiB, 100 %, 534.63 W, 1980 MHz
2026/09/27 21:31:44.239, 2, 76993 MiB, 100 %, 524.89 W, 1980 MHz
2026/09/27 21:31:44.239, 3, 76993 MiB, 100 %, 522.22 W, 1980 MHz
2026/09/27 21:31:44.240, 4, 76993 MiB, 100 %, 521.15 W, 1980 MHz
2026/09/27 21:31:44.241, 5, 76993 MiB, 100 %, 540.15 W, 1980 MHz
2026/09/27 21:31:44.242, 6, 76993 MiB, 100 %, 547.59 W, 1980 MHz
2026/09/27 21:31:44.242, 7, 76993 MiB, 100 %, 521.01 W, 1980 MHz
2026/09/27 21:31:45.243, 0, 76993 MiB, 100 %, 498.12 W, 1680 MHz
2026/09/27 21:31:45.244, 1, 76993 MiB, 100 %, 530.39 W, 1980 MHz
2026/09/27 21:31:45.245, 2, 76993 MiB, 100 %, 522.28 W, 1980 MHz
2026/09/27 21:31:45.245, 3, 76993 MiB, 100 %, 528.65 W, 1980 MHz
2026/09/27 21:31:45.246, 4, 76993 MiB, 100 %, 517.11 W, 1980 MHz
2026/09/27 21:31:45.247, 5, 76993 MiB, 100 %, 526.33 W, 1980 MHz
2026/09/27 21:31:45.248, 6, 76993 MiB, 100 %, 541.18 W, 1980 MHz
2026/09/27 21:31:45.248, 7, 76993 MiB, 100 %, 515.39 W, 1980 MHz
2026/09/27 21:31:46.249, 0, 76993 MiB, 100 %, 508.10 W, 1665 MHz
2026/09/27 21:31:46.250, 1, 76993 MiB, 100 %, 524.79 W, 1980 MHz
2026/09/27 21:31:46.251, 2, 76993 MiB, 100 %, 517.82 W, 1980 MHz
2026/09/27 21:31:46.251, 3, 76993 MiB, 100 %, 522.73 W, 1980 MHz
2026/09/27 21:31:46.252, 4, 76993 MiB, 100 %, 511.31 W, 1980 MHz
2026/09/27 21:31:46.252, 5, 76993 MiB, 100 %, 530.08 W, 1980 MHz
2026/09/27 21:31:46.253, 6, 76993 MiB, 100 %, 535.15 W, 1980 MHz
2026/09/27 21:31:46.254, 7, 76993 MiB, 100 %, 514.50 W, 1980 MHz
2026/09/27 21:31:47.254, 0, 76993 MiB, 100 %, 519.21 W, 1830 MHz
2026/09/27 21:31:47.256, 1, 76993 MiB, 100 %, 539.12 W, 1980 MHz
2026/09/27 21:31:47.256, 2, 76993 MiB, 100 %, 526.19 W, 1980 MHz
2026/09/27 21:31:47.257, 3, 76993 MiB, 100 %, 528.35 W, 1980 MHz
2026/09/27 21:31:47.258, 4, 76993 MiB, 100 %, 511.36 W, 1980 MHz
2026/09/27 21:31:47.258, 5, 76993 MiB, 100 %, 543.88 W, 1980 MHz
2026/09/27 21:31:47.259, 6, 76993 MiB, 100 %, 537.94 W, 1980 MHz
2026/09/27 21:31:47.260, 7, 76993 MiB, 100 %, 523.75 W, 1980 MHz
2026/09/27 21:31:48.260, 0, 76993 MiB, 100 %, 524.86 W, 1785 MHz
2026/09/27 21:31:48.261, 1, 76993 MiB, 100 %, 526.24 W, 1980 MHz
2026/09/27 21:31:48.262, 2, 76993 MiB, 100 %, 519.62 W, 1980 MHz
2026/09/27 21:31:48.263, 3, 76993 MiB, 100 %, 519.11 W, 1980 MHz
2026/09/27 21:31:48.263, 4, 76993 MiB, 100 %, 522.19 W, 1980 MHz
2026/09/27 21:31:48.264, 5, 76993 MiB, 100 %, 536.42 W, 1980 MHz
2026/09/27 21:31:48.265, 6, 76993 MiB, 100 %, 544.23 W, 1980 MHz
2026/09/27 21:31:48.265, 7, 76993 MiB, 100 %, 514.76 W, 1980 MHz
2026/09/27 21:31:49.266, 0, 76993 MiB, 100 %, 525.90 W, 1695 MHz
2026/09/27 21:31:49.267, 1, 76993 MiB, 100 %, 540.58 W, 1980 MHz
2026/09/27 21:31:49.268, 2, 76993 MiB, 100 %, 532.12 W, 1980 MHz
2026/09/27 21:31:49.268, 3, 76993 MiB, 100 %, 530.18 W, 1980 MHz
2026/09/27 21:31:49.269, 4, 76993 MiB, 100 %, 516.74 W, 1980 MHz
2026/09/27 21:31:49.269, 5, 76993 MiB, 100 %, 539.68 W, 1980 MHz
2026/09/27 21:31:49.270, 6, 76993 MiB, 100 %, 538.39 W, 1980 MHz
2026/09/27 21:31:49.271, 7, 76993 MiB, 100 %, 521.09 W, 1980 MHz
2026/09/27 21:31:50.271, 0, 76993 MiB, 100 %, 532.28 W, 1680 MHz
2026/09/27 21:31:50.272, 1, 76993 MiB, 100 %, 533.95 W, 1980 MHz
2026/09/27 21:31:50.273, 2, 76993 MiB, 100 %, 517.28 W, 1980 MHz
2026/09/27 21:31:50.274, 3, 76993 MiB, 100 %, 529.34 W, 1980 MHz
2026/09/27 21:31:50.274, 4, 76993 MiB, 100 %, 513.71 W, 1980 MHz
2026/09/27 21:31:50.275, 5, 76993 MiB, 100 %, 539.88 W, 1980 MHz
2026/09/27 21:31:50.276, 6, 76993 MiB, 100 %, 530.46 W, 1980 MHz
2026/09/27 21:31:50.276, 7, 76993 MiB, 100 %, 521.01 W, 1980 MHz
2026/09/27 21:31:51.277, 0, 76993 MiB, 100 %, 522.38 W, 1740 MHz
2026/09/27 21:31:51.278, 1, 76993 MiB, 100 %, 533.31 W, 1980 MHz
2026/09/27 21:31:51.279, 2, 76993 MiB, 100 %, 523.35 W, 1980 MHz
2026/09/27 21:31:51.279, 3, 76993 MiB, 100 %, 523.03 W, 1980 MHz
2026/09/27 21:31:51.280, 4, 76993 MiB, 100 %, 511.74 W, 1980 MHz
2026/09/27 21:31:51.281, 5, 76993 MiB, 100 %, 542.16 W, 1980 MHz
2026/09/27 21:31:51.281, 6, 76993 MiB, 100 %, 540.04 W, 1980 MHz
2026/09/27 21:31:51.282, 7, 76993 MiB, 100 %, 513.38 W, 1980 MHz
2026/09/27 21:31:52.283, 0, 76993 MiB, 100 %, 522.19 W, 1845 MHz
2026/09/27 21:31:52.284, 1, 76993 MiB, 100 %, 531.21 W, 1980 MHz
2026/09/27 21:31:52.285, 2, 76993 MiB, 100 %, 520.70 W, 1980 MHz
2026/09/27 21:31:52.285, 3, 76993 MiB, 100 %, 530.84 W, 1980 MHz
2026/09/27 21:31:52.286, 4, 76993 MiB, 100 %, 524.17 W, 1980 MHz
2026/09/27 21:31:52.287, 5, 76993 MiB, 100 %, 540.99 W, 1980 MHz
2026/09/27 21:31:52.288, 6, 76993 MiB, 100 %, 540.95 W, 1980 MHz
2026/09/27 21:31:52.288, 7, 76993 MiB, 100 %, 516.40 W, 1980 MHz
2026/09/27 21:31:53.289, 0, 76993 MiB, 100 %, 523.82 W, 1815 MHz
2026/09/27 21:31:53.290, 1, 76993 MiB, 100 %, 525.37 W, 1980 MHz
2026/09/27 21:31:53.291, 2, 76993 MiB, 100 %, 509.67 W, 1980 MHz
2026/09/27 21:31:53.291, 3, 76993 MiB, 100 %, 520.94 W, 1980 MHz
2026/09/27 21:31:53.292, 4, 76993 MiB, 100 %, 505.69 W, 1980 MHz
2026/09/27 21:31:53.293, 5, 76993 MiB, 100 %, 537.12 W, 1980 MHz
2026/09/27 21:31:53.293, 6, 76993 MiB, 100 %, 541.12 W, 1980 MHz
2026/09/27 21:31:53.294, 7, 76993 MiB, 100 %, 516.23 W, 1980 MHz
2026/09/27 21:31:54.294, 0, 76993 MiB, 100 %, 514.03 W, 1680 MHz
2026/09/27 21:31:54.295, 1, 76993 MiB, 100 %, 532.01 W, 1980 MHz
2026/09/27 21:31:54.296, 2, 76993 MiB, 100 %, 524.76 W, 1980 MHz
2026/09/27 21:31:54.297, 3, 76993 MiB, 100 %, 521.80 W, 1980 MHz
2026/09/27 21:31:54.297, 4, 76993 MiB, 100 %, 517.87 W, 1980 MHz
2026/09/27 21:31:54.298, 5, 76993 MiB, 100 %, 529.84 W, 1980 MHz
2026/09/27 21:31:54.298, 6, 76993 MiB, 100 %, 542.59 W, 1980 MHz
2026/09/27 21:31:54.299, 7, 76993 MiB, 100 %, 517.42 W, 1980 MHz
2026/09/27 21:31:55.300, 0, 76993 MiB, 100 %, 477.71 W, 1620 MHz
2026/09/27 21:31:55.301, 1, 76993 MiB, 100 %, 516.54 W, 1980 MHz
2026/09/27 21:31:55.301, 2, 76993 MiB, 100 %, 504.24 W, 1980 MHz
2026/09/27 21:31:55.302, 3, 76993 MiB, 100 %, 523.26 W, 1980 MHz
2026/09/27 21:31:55.303, 4, 76993 MiB, 100 %, 500.42 W, 1980 MHz
2026/09/27 21:31:55.303, 5, 76993 MiB, 100 %, 531.29 W, 1980 MHz
2026/09/27 21:31:55.304, 6, 76993 MiB, 100 %, 527.37 W, 1980 MHz
2026/09/27 21:31:55.305, 7, 76993 MiB, 100 %, 504.13 W, 1980 MHz
2026/09/27 21:31:56.305, 0, 76993 MiB, 100 %, 505.24 W, 1680 MHz
2026/09/27 21:31:56.306, 1, 76993 MiB, 100 %, 534.15 W, 1980 MHz
2026/09/27 21:31:56.307, 2, 76993 MiB, 100 %, 512.89 W, 1980 MHz
2026/09/27 21:31:56.307, 3, 76993 MiB, 100 %, 521.27 W, 1980 MHz
2026/09/27 21:31:56.308, 4, 76993 MiB, 100 %, 507.51 W, 1980 MHz
2026/09/27 21:31:56.309, 5, 76993 MiB, 100 %, 542.76 W, 1980 MHz
2026/09/27 21:31:56.309, 6, 76993 MiB, 100 %, 539.09 W, 1980 MHz
2026/09/27 21:31:56.310, 7, 76993 MiB, 100 %, 516.16 W, 1980 MHz
2026/09/27 21:31:57.311, 0, 76993 MiB, 100 %, 516.19 W, 1815 MHz
2026/09/27 21:31:57.312, 1, 76993 MiB, 100 %, 532.72 W, 1980 MHz
2026/09/27 21:31:57.312, 2, 76993 MiB, 100 %, 527.60 W, 1980 MHz
2026/09/27 21:31:57.313, 3, 76993 MiB, 100 %, 520.06 W, 1980 MHz
2026/09/27 21:31:57.314, 4, 76993 MiB, 100 %, 508.43 W, 1980 MHz
2026/09/27 21:31:57.314, 5, 76993 MiB, 100 %, 530.98 W, 1980 MHz
2026/09/27 21:31:57.315, 6, 76993 MiB, 100 %, 538.08 W, 1980 MHz
2026/09/27 21:31:57.316, 7, 76993 MiB, 100 %, 519.59 W, 1980 MHz
2026/09/27 21:31:58.316, 0, 76993 MiB, 100 %, 526.75 W, 1635 MHz
2026/09/27 21:31:58.317, 1, 76993 MiB, 100 %, 529.50 W, 1980 MHz
2026/09/27 21:31:58.318, 2, 76993 MiB, 100 %, 517.69 W, 1980 MHz
2026/09/27 21:31:58.319, 3, 76993 MiB, 100 %, 521.50 W, 1980 MHz
2026/09/27 21:31:58.319, 4, 76993 MiB, 100 %, 520.79 W, 1980 MHz
2026/09/27 21:31:58.320, 5, 76993 MiB, 100 %, 536.68 W, 1980 MHz
2026/09/27 21:31:58.320, 6, 76993 MiB, 100 %, 542.91 W, 1980 MHz
2026/09/27 21:31:58.321, 7, 76993 MiB, 100 %, 517.01 W, 1980 MHz
2026/09/27 21:31:59.322, 0, 76993 MiB, 100 %, 513.52 W, 1710 MHz
2026/09/27 21:31:59.323, 1, 76993 MiB, 100 %, 535.03 W, 1980 MHz
2026/09/27 21:31:59.323, 2, 76993 MiB, 100 %, 524.57 W, 1980 MHz
2026/09/27 21:31:59.324, 3, 76993 MiB, 100 %, 526.92 W, 1980 MHz
2026/09/27 21:31:59.325, 4, 76993 MiB, 100 %, 515.96 W, 1980 MHz
2026/09/27 21:31:59.325, 5, 76993 MiB, 100 %, 527.29 W, 1980 MHz
2026/09/27 21:31:59.326, 6, 76993 MiB, 100 %, 536.93 W, 1980 MHz
2026/09/27 21:31:59.326, 7, 76993 MiB, 100 %, 516.85 W, 1980 MHz
2026/09/27 21:32:00.327, 0, 76993 MiB, 100 %, 514.10 W, 1485 MHz
2026/09/27 21:32:00.328, 1, 76993 MiB, 100 %, 534.06 W, 1980 MHz
2026/09/27 21:32:00.329, 2, 76993 MiB, 100 %, 516.21 W, 1980 MHz
2026/09/27 21:32:00.329, 3, 76993 MiB, 100 %, 522.21 W, 1980 MHz
2026/09/27 21:32:00.330, 4, 76993 MiB, 100 %, 507.43 W, 1980 MHz
2026/09/27 21:32:00.331, 5, 76993 MiB, 100 %, 536.57 W, 1980 MHz
2026/09/27 21:32:00.331, 6, 76993 MiB, 100 %, 530.76 W, 1980 MHz
2026/09/27 21:32:00.332, 7, 76993 MiB, 100 %, 514.94 W, 1980 MHz
2026/09/27 21:32:01.333, 0, 76993 MiB, 100 %, 474.50 W, 1590 MHz
2026/09/27 21:32:01.334, 1, 76993 MiB, 100 %, 529.37 W, 1980 MHz
2026/09/27 21:32:01.335, 2, 76993 MiB, 100 %, 514.37 W, 1980 MHz
2026/09/27 21:32:01.335, 3, 76993 MiB, 100 %, 506.62 W, 1980 MHz
2026/09/27 21:32:01.336, 4, 76993 MiB, 100 %, 509.67 W, 1980 MHz
2026/09/27 21:32:01.337, 5, 76993 MiB, 100 %, 534.48 W, 1980 MHz
2026/09/27 21:32:01.337, 6, 76993 MiB, 100 %, 529.27 W, 1980 MHz
2026/09/27 21:32:01.338, 7, 76993 MiB, 100 %, 508.67 W, 1980 MHz
2026/09/27 21:32:02.338, 0, 76993 MiB, 100 %, 495.52 W, 1695 MHz
2026/09/27 21:32:02.340, 1, 76993 MiB, 100 %, 525.96 W, 1980 MHz
2026/09/27 21:32:02.340, 2, 76993 MiB, 100 %, 519.23 W, 1980 MHz
2026/09/27 21:32:02.341, 3, 76993 MiB, 100 %, 523.60 W, 1980 MHz
2026/09/27 21:32:02.342, 4, 76993 MiB, 100 %, 508.67 W, 1980 MHz
2026/09/27 21:32:02.342, 5, 76993 MiB, 100 %, 533.66 W, 1980 MHz
2026/09/27 21:32:02.343, 6, 76993 MiB, 100 %, 524.30 W, 1980 MHz
2026/09/27 21:32:02.343, 7, 76993 MiB, 100 %, 515.50 W, 1980 MHz
2026/09/27 21:32:03.344, 0, 76993 MiB, 100 %, 504.76 W, 1590 MHz
2026/09/27 21:32:03.345, 1, 76993 MiB, 100 %, 533.04 W, 1980 MHz
2026/09/27 21:32:03.346, 2, 76993 MiB, 100 %, 517.91 W, 1980 MHz
2026/09/27 21:32:03.346, 3, 76993 MiB, 100 %, 526.03 W, 1980 MHz
2026/09/27 21:32:03.347, 4, 76993 MiB, 100 %, 508.71 W, 1980 MHz
2026/09/27 21:32:03.348, 5, 76993 MiB, 100 %, 531.83 W, 1980 MHz
2026/09/27 21:32:03.348, 6, 76993 MiB, 100 %, 544.70 W, 1980 MHz
2026/09/27 21:32:03.349, 7, 76993 MiB, 100 %, 522.05 W, 1980 MHz
2026/09/27 21:32:04.350, 0, 76993 MiB, 100 %, 510.76 W, 1725 MHz
2026/09/27 21:32:04.350, 1, 76993 MiB, 100 %, 529.24 W, 1980 MHz
2026/09/27 21:32:04.351, 2, 76993 MiB, 100 %, 520.72 W, 1980 MHz
2026/09/27 21:32:04.352, 3, 76993 MiB, 100 %, 522.80 W, 1980 MHz
2026/09/27 21:32:04.352, 4, 76993 MiB, 100 %, 509.72 W, 1980 MHz
2026/09/27 21:32:04.353, 5, 76993 MiB, 100 %, 534.03 W, 1980 MHz
2026/09/27 21:32:04.354, 6, 76993 MiB, 100 %, 530.08 W, 1980 MHz
2026/09/27 21:32:04.354, 7, 76993 MiB, 100 %, 515.88 W, 1980 MHz
2026/09/27 21:32:05.355, 0, 76993 MiB, 100 %, 511.02 W, 1650 MHz
2026/09/27 21:32:05.356, 1, 76993 MiB, 100 %, 527.46 W, 1980 MHz
2026/09/27 21:32:05.357, 2, 76993 MiB, 100 %, 512.09 W, 1980 MHz
2026/09/27 21:32:05.357, 3, 76993 MiB, 100 %, 528.36 W, 1980 MHz
2026/09/27 21:32:05.358, 4, 76993 MiB, 100 %, 506.74 W, 1980 MHz
2026/09/27 21:32:05.359, 5, 76993 MiB, 100 %, 540.79 W, 1980 MHz
2026/09/27 21:32:05.359, 6, 76993 MiB, 100 %, 542.51 W, 1980 MHz
2026/09/27 21:32:05.360, 7, 76993 MiB, 100 %, 518.11 W, 1980 MHz
2026/09/27 21:32:06.360, 0, 76993 MiB, 100 %, 514.84 W, 1785 MHz
2026/09/27 21:32:06.362, 1, 76993 MiB, 100 %, 534.53 W, 1980 MHz
2026/09/27 21:32:06.362, 2, 76993 MiB, 100 %, 521.72 W, 1980 MHz
2026/09/27 21:32:06.363, 3, 76993 MiB, 100 %, 524.64 W, 1980 MHz
2026/09/27 21:32:06.364, 4, 76993 MiB, 100 %, 515.72 W, 1980 MHz
2026/09/27 21:32:06.364, 5, 76993 MiB, 100 %, 544.16 W, 1980 MHz
2026/09/27 21:32:06.365, 6, 76993 MiB, 100 %, 537.28 W, 1980 MHz
2026/09/27 21:32:06.366, 7, 76993 MiB, 100 %, 521.11 W, 1980 MHz
2026/09/27 21:32:07.366, 0, 76993 MiB, 100 %, 532.81 W, 1920 MHz
2026/09/27 21:32:07.367, 1, 76993 MiB, 100 %, 529.29 W, 1980 MHz
2026/09/27 21:32:07.368, 2, 76993 MiB, 100 %, 523.07 W, 1980 MHz
2026/09/27 21:32:07.369, 3, 76993 MiB, 100 %, 527.79 W, 1980 MHz
2026/09/27 21:32:07.369, 4, 76993 MiB, 100 %, 517.03 W, 1980 MHz
2026/09/27 21:32:07.370, 5, 76993 MiB, 100 %, 536.03 W, 1980 MHz
2026/09/27 21:32:07.371, 6, 76993 MiB, 100 %, 542.46 W, 1980 MHz
2026/09/27 21:32:07.371, 7, 76993 MiB, 100 %, 513.47 W, 1980 MHz
2026/09/27 21:32:08.372, 0, 76993 MiB, 100 %, 589.51 W, 1860 MHz
2026/09/27 21:32:08.373, 1, 76993 MiB, 100 %, 555.53 W, 1980 MHz
2026/09/27 21:32:08.374, 2, 76993 MiB, 100 %, 541.04 W, 1980 MHz
2026/09/27 21:32:08.374, 3, 76993 MiB, 100 %, 532.59 W, 1980 MHz
2026/09/27 21:32:08.375, 4, 76993 MiB, 100 %, 526.20 W, 1980 MHz
2026/09/27 21:32:08.376, 5, 76993 MiB, 100 %, 556.96 W, 1980 MHz
2026/09/27 21:32:08.376, 6, 76993 MiB, 100 %, 543.19 W, 1980 MHz
2026/09/27 21:32:08.377, 7, 76993 MiB, 100 %, 530.94 W, 1980 MHz
2026/09/27 21:32:09.378, 0, 76993 MiB, 100 %, 501.80 W, 1620 MHz
2026/09/27 21:32:09.379, 1, 76993 MiB, 100 %, 534.22 W, 1980 MHz
2026/09/27 21:32:09.380, 2, 76993 MiB, 100 %, 512.74 W, 1980 MHz
2026/09/27 21:32:09.380, 3, 76993 MiB, 100 %, 519.15 W, 1980 MHz
2026/09/27 21:32:09.381, 4, 76993 MiB, 100 %, 499.53 W, 1980 MHz
2026/09/27 21:32:09.382, 5, 76993 MiB, 100 %, 535.15 W, 1980 MHz
2026/09/27 21:32:09.382, 6, 76993 MiB, 100 %, 525.00 W, 1980 MHz
2026/09/27 21:32:09.383, 7, 76993 MiB, 100 %, 519.14 W, 1980 MHz
2026/09/27 21:32:10.384, 0, 76993 MiB, 100 %, 511.52 W, 1680 MHz
2026/09/27 21:32:10.385, 1, 76993 MiB, 100 %, 527.55 W, 1980 MHz
2026/09/27 21:32:10.385, 2, 76993 MiB, 100 %, 524.84 W, 1980 MHz
2026/09/27 21:32:10.386, 3, 76993 MiB, 100 %, 520.92 W, 1980 MHz
2026/09/27 21:32:10.386, 4, 76993 MiB, 100 %, 512.94 W, 1980 MHz
2026/09/27 21:32:10.387, 5, 76993 MiB, 100 %, 540.41 W, 1980 MHz
2026/09/27 21:32:10.388, 6, 76993 MiB, 100 %, 541.90 W, 1980 MHz
2026/09/27 21:32:10.388, 7, 76993 MiB, 100 %, 516.14 W, 1980 MHz
2026/09/27 21:32:11.389, 0, 76993 MiB, 100 %, 507.71 W, 1740 MHz
2026/09/27 21:32:11.390, 1, 76993 MiB, 100 %, 532.68 W, 1980 MHz
2026/09/27 21:32:11.391, 2, 76993 MiB, 100 %, 518.59 W, 1980 MHz
2026/09/27 21:32:11.391, 3, 76993 MiB, 100 %, 529.62 W, 1980 MHz
2026/09/27 21:32:11.392, 4, 76993 MiB, 100 %, 502.66 W, 1980 MHz
2026/09/27 21:32:11.392, 5, 76993 MiB, 100 %, 534.34 W, 1980 MHz
2026/09/27 21:32:11.393, 6, 76993 MiB, 100 %, 531.61 W, 1980 MHz
2026/09/27 21:32:11.394, 7, 76993 MiB, 100 %, 527.18 W, 1980 MHz
2026/09/27 21:32:12.394, 0, 76993 MiB, 100 %, 506.95 W, 1635 MHz
2026/09/27 21:32:12.395, 1, 76993 MiB, 100 %, 525.10 W, 1980 MHz
2026/09/27 21:32:12.396, 2, 76993 MiB, 100 %, 516.08 W, 1980 MHz
2026/09/27 21:32:12.396, 3, 76993 MiB, 100 %, 520.98 W, 1980 MHz
2026/09/27 21:32:12.397, 4, 76993 MiB, 100 %, 507.84 W, 1980 MHz
2026/09/27 21:32:12.398, 5, 76993 MiB, 100 %, 540.84 W, 1980 MHz
2026/09/27 21:32:12.398, 6, 76993 MiB, 100 %, 536.36 W, 1980 MHz
2026/09/27 21:32:12.399, 7, 76993 MiB, 100 %, 517.59 W, 1980 MHz
2026/09/27 21:32:13.400, 0, 76993 MiB, 100 %, 502.26 W, 1695 MHz
2026/09/27 21:32:13.400, 1, 76993 MiB, 100 %, 541.98 W, 1980 MHz
2026/09/27 21:32:13.401, 2, 76993 MiB, 100 %, 528.58 W, 1980 MHz
2026/09/27 21:32:13.402, 3, 76993 MiB, 100 %, 523.34 W, 1980 MHz
2026/09/27 21:32:13.402, 4, 76993 MiB, 100 %, 516.19 W, 1980 MHz
2026/09/27 21:32:13.403, 5, 76993 MiB, 100 %, 527.70 W, 1980 MHz
2026/09/27 21:32:13.404, 6, 76993 MiB, 100 %, 541.35 W, 1980 MHz
2026/09/27 21:32:13.404, 7, 76993 MiB, 100 %, 516.22 W, 1980 MHz
2026/09/27 21:32:14.405, 0, 76993 MiB, 100 %, 513.17 W, 1635 MHz
2026/09/27 21:32:14.406, 1, 76993 MiB, 100 %, 527.53 W, 1980 MHz
2026/09/27 21:32:14.406, 2, 76993 MiB, 100 %, 515.71 W, 1980 MHz
2026/09/27 21:32:14.407, 3, 76993 MiB, 100 %, 512.32 W, 1980 MHz
2026/09/27 21:32:14.408, 4, 76993 MiB, 100 %, 504.07 W, 1980 MHz
2026/09/27 21:32:14.408, 5, 76993 MiB, 100 %, 535.64 W, 1980 MHz
2026/09/27 21:32:14.409, 6, 76993 MiB, 100 %, 533.07 W, 1980 MHz
2026/09/27 21:32:14.410, 7, 76993 MiB, 100 %, 514.50 W, 1980 MHz
2026/09/27 21:32:15.410, 0, 76993 MiB, 100 %, 516.20 W, 1635 MHz
2026/09/27 21:32:15.411, 1, 76993 MiB, 100 %, 539.63 W, 1980 MHz
2026/09/27 21:32:15.412, 2, 76993 MiB, 100 %, 523.64 W, 1980 MHz
2026/09/27 21:32:15.412, 3, 76993 MiB, 100 %, 519.62 W, 1980 MHz
2026/09/27 21:32:15.413, 4, 76993 MiB, 100 %, 517.46 W, 1980 MHz
2026/09/27 21:32:15.414, 5, 76993 MiB, 100 %, 541.85 W, 1980 MHz
2026/09/27 21:32:15.414, 6, 76993 MiB, 100 %, 536.59 W, 1980 MHz
2026/09/27 21:32:15.415, 7, 76993 MiB, 100 %, 522.53 W, 1980 MHz
2026/09/27 21:32:16.416, 0, 76993 MiB, 100 %, 512.91 W, 1665 MHz
2026/09/27 21:32:16.417, 1, 76993 MiB, 100 %, 532.44 W, 1980 MHz
2026/09/27 21:32:16.418, 2, 76993 MiB, 100 %, 524.90 W, 1980 MHz
2026/09/27 21:32:16.418, 3, 76993 MiB, 100 %, 524.80 W, 1980 MHz
2026/09/27 21:32:16.419, 4, 76993 MiB, 100 %, 506.24 W, 1980 MHz
2026/09/27 21:32:16.420, 5, 76993 MiB, 100 %, 534.96 W, 1980 MHz
2026/09/27 21:32:16.420, 6, 76993 MiB, 100 %, 529.53 W, 1980 MHz
2026/09/27 21:32:16.421, 7, 76993 MiB, 100 %, 515.33 W, 1980 MHz
2026/09/27 21:32:17.422, 0, 76993 MiB, 100 %, 525.82 W, 1635 MHz
2026/09/27 21:32:17.423, 1, 76993 MiB, 100 %, 527.14 W, 1980 MHz
2026/09/27 21:32:17.423, 2, 76993 MiB, 100 %, 514.60 W, 1980 MHz
2026/09/27 21:32:17.424, 3, 76993 MiB, 100 %, 519.76 W, 1980 MHz
2026/09/27 21:32:17.425, 4, 76993 MiB, 100 %, 515.05 W, 1980 MHz
2026/09/27 21:32:17.425, 5, 76993 MiB, 100 %, 535.92 W, 1980 MHz
2026/09/27 21:32:17.426, 6, 76993 MiB, 100 %, 543.01 W, 1980 MHz
2026/09/27 21:32:17.427, 7, 76993 MiB, 100 %, 516.29 W, 1980 MHz
2026/09/27 21:32:18.427, 0, 76993 MiB, 100 %, 517.95 W, 1860 MHz
2026/09/27 21:32:18.428, 1, 76993 MiB, 100 %, 534.86 W, 1980 MHz
2026/09/27 21:32:18.429, 2, 76993 MiB, 100 %, 516.91 W, 1980 MHz
2026/09/27 21:32:18.430, 3, 76993 MiB, 100 %, 517.97 W, 1980 MHz
2026/09/27 21:32:18.430, 4, 76993 MiB, 100 %, 511.65 W, 1980 MHz
2026/09/27 21:32:18.431, 5, 76993 MiB, 100 %, 535.42 W, 1980 MHz
2026/09/27 21:32:18.432, 6, 76993 MiB, 100 %, 537.89 W, 1980 MHz
2026/09/27 21:32:18.432, 7, 76993 MiB, 100 %, 516.17 W, 1980 MHz
2026/09/27 21:32:19.433, 0, 76993 MiB, 100 %, 543.18 W, 1800 MHz
2026/09/27 21:32:19.434, 1, 76993 MiB, 100 %, 529.25 W, 1980 MHz
2026/09/27 21:32:19.435, 2, 76993 MiB, 100 %, 521.24 W, 1980 MHz
2026/09/27 21:32:19.435, 3, 76993 MiB, 100 %, 528.59 W, 1980 MHz
2026/09/27 21:32:19.436, 4, 76993 MiB, 100 %, 517.41 W, 1980 MHz
2026/09/27 21:32:19.436, 5, 76993 MiB, 100 %, 539.25 W, 1980 MHz
2026/09/27 21:32:19.437, 6, 76993 MiB, 100 %, 538.86 W, 1980 MHz
2026/09/27 21:32:19.438, 7, 76993 MiB, 100 %, 518.28 W, 1980 MHz
2026/09/27 21:32:20.438, 0, 76993 MiB, 100 %, 537.84 W, 1770 MHz
2026/09/27 21:32:20.439, 1, 76993 MiB, 100 %, 536.55 W, 1980 MHz
2026/09/27 21:32:20.440, 2, 76993 MiB, 100 %, 535.48 W, 1980 MHz
2026/09/27 21:32:20.441, 3, 76993 MiB, 100 %, 526.48 W, 1980 MHz
2026/09/27 21:32:20.442, 4, 76993 MiB, 100 %, 513.78 W, 1980 MHz
2026/09/27 21:32:20.442, 5, 76993 MiB, 100 %, 542.51 W, 1980 MHz
2026/09/27 21:32:20.443, 6, 76993 MiB, 100 %, 535.22 W, 1980 MHz
2026/09/27 21:32:20.443, 7, 76993 MiB, 100 %, 523.24 W, 1980 MHz
2026/09/27 21:32:21.444, 0, 76993 MiB, 100 %, 498.23 W, 1665 MHz
2026/09/27 21:32:21.445, 1, 76993 MiB, 100 %, 517.10 W, 1980 MHz
2026/09/27 21:32:21.446, 2, 76993 MiB, 100 %, 506.90 W, 1980 MHz
2026/09/27 21:32:21.446, 3, 76993 MiB, 100 %, 511.57 W, 1980 MHz
2026/09/27 21:32:21.447, 4, 76993 MiB, 100 %, 513.06 W, 1980 MHz
2026/09/27 21:32:21.448, 5, 76993 MiB, 100 %, 532.33 W, 1980 MHz
2026/09/27 21:32:21.448, 6, 76993 MiB, 100 %, 532.99 W, 1980 MHz
2026/09/27 21:32:21.449, 7, 76993 MiB, 100 %, 511.06 W, 1980 MHz
2026/09/27 21:32:22.449, 0, 76993 MiB, 100 %, 514.85 W, 1665 MHz
2026/09/27 21:32:22.450, 1, 76993 MiB, 100 %, 542.57 W, 1980 MHz
2026/09/27 21:32:22.451, 2, 76993 MiB, 100 %, 514.42 W, 1980 MHz
2026/09/27 21:32:22.452, 3, 76993 MiB, 100 %, 530.18 W, 1980 MHz
2026/09/27 21:32:22.452, 4, 76993 MiB, 100 %, 508.94 W, 1980 MHz
2026/09/27 21:32:22.453, 5, 76993 MiB, 100 %, 535.99 W, 1980 MHz
2026/09/27 21:32:22.454, 6, 76993 MiB, 100 %, 535.14 W, 1980 MHz
2026/09/27 21:32:22.454, 7, 76993 MiB, 100 %, 525.08 W, 1980 MHz
2026/09/27 21:32:23.455, 0, 76993 MiB, 100 %, 526.22 W, 1665 MHz
2026/09/27 21:32:23.456, 1, 76993 MiB, 100 %, 534.86 W, 1980 MHz
2026/09/27 21:32:23.457, 2, 76993 MiB, 100 %, 520.08 W, 1980 MHz
2026/09/27 21:32:23.457, 3, 76993 MiB, 100 %, 518.40 W, 1980 MHz
2026/09/27 21:32:23.458, 4, 76993 MiB, 100 %, 509.36 W, 1980 MHz
2026/09/27 21:32:23.459, 5, 76993 MiB, 100 %, 539.36 W, 1980 MHz
2026/09/27 21:32:23.459, 6, 76993 MiB, 100 %, 537.77 W, 1980 MHz
2026/09/27 21:32:23.460, 7, 76993 MiB, 100 %, 514.09 W, 1980 MHz
2026/09/27 21:32:24.461, 0, 76993 MiB, 100 %, 524.14 W, 1695 MHz
2026/09/27 21:32:24.462, 1, 76993 MiB, 100 %, 538.60 W, 1980 MHz
2026/09/27 21:32:24.462, 2, 76993 MiB, 100 %, 517.21 W, 1980 MHz
2026/09/27 21:32:24.463, 3, 76993 MiB, 100 %, 527.25 W, 1980 MHz
2026/09/27 21:32:24.464, 4, 76993 MiB, 100 %, 517.10 W, 1980 MHz
2026/09/27 21:32:24.464, 5, 76993 MiB, 100 %, 537.22 W, 1980 MHz
2026/09/27 21:32:24.465, 6, 76993 MiB, 100 %, 544.89 W, 1980 MHz
2026/09/27 21:32:24.466, 7, 76993 MiB, 100 %, 520.70 W, 1980 MHz
2026/09/27 21:32:25.467, 0, 76993 MiB, 100 %, 539.06 W, 1740 MHz
2026/09/27 21:32:25.468, 1, 76993 MiB, 100 %, 530.37 W, 1980 MHz
2026/09/27 21:32:25.470, 2, 76993 MiB, 100 %, 517.65 W, 1980 MHz
2026/09/27 21:32:25.473, 3, 76993 MiB, 100 %, 518.87 W, 1980 MHz
2026/09/27 21:32:25.474, 4, 76993 MiB, 100 %, 513.91 W, 1980 MHz
2026/09/27 21:32:25.475, 5, 76993 MiB, 100 %, 542.54 W, 1980 MHz
2026/09/27 21:32:25.477, 6, 76993 MiB, 100 %, 535.05 W, 1980 MHz
2026/09/27 21:32:25.478, 7, 76993 MiB, 100 %, 515.87 W, 1980 MHz
2026/09/27 21:32:26.480, 0, 76993 MiB, 100 %, 539.59 W, 1650 MHz
2026/09/27 21:32:26.480, 1, 76993 MiB, 100 %, 529.28 W, 1980 MHz
2026/09/27 21:32:26.481, 2, 76993 MiB, 100 %, 521.16 W, 1980 MHz
2026/09/27 21:32:26.482, 3, 76993 MiB, 100 %, 532.78 W, 1980 MHz
2026/09/27 21:32:26.483, 4, 76993 MiB, 100 %, 511.91 W, 1980 MHz
2026/09/27 21:32:26.484, 5, 76993 MiB, 100 %, 540.43 W, 1980 MHz
2026/09/27 21:32:26.484, 6, 76993 MiB, 100 %, 539.25 W, 1980 MHz
2026/09/27 21:32:26.485, 7, 76993 MiB, 100 %, 520.48 W, 1980 MHz
2026/09/27 21:32:27.485, 0, 76993 MiB, 100 %, 498.09 W, 1710 MHz
2026/09/27 21:32:27.486, 1, 76993 MiB, 100 %, 535.36 W, 1980 MHz
2026/09/27 21:32:27.487, 2, 76993 MiB, 100 %, 524.09 W, 1980 MHz
2026/09/27 21:32:27.489, 3, 76993 MiB, 100 %, 516.80 W, 1980 MHz
2026/09/27 21:32:27.491, 4, 76993 MiB, 100 %, 512.56 W, 1980 MHz
2026/09/27 21:32:27.492, 5, 76993 MiB, 100 %, 539.11 W, 1980 MHz
2026/09/27 21:32:27.492, 6, 76993 MiB, 100 %, 520.11 W, 1980 MHz
2026/09/27 21:32:27.493, 7, 76993 MiB, 100 %, 517.53 W, 1980 MHz
2026/09/27 21:32:28.495, 0, 76993 MiB, 100 %, 508.33 W, 1710 MHz
2026/09/27 21:32:28.496, 1, 76993 MiB, 100 %, 521.52 W, 1980 MHz
2026/09/27 21:32:28.497, 2, 76993 MiB, 100 %, 516.09 W, 1980 MHz
2026/09/27 21:32:28.497, 3, 76993 MiB, 100 %, 524.35 W, 1980 MHz
2026/09/27 21:32:28.499, 4, 76993 MiB, 100 %, 511.11 W, 1980 MHz
2026/09/27 21:32:28.499, 5, 76993 MiB, 100 %, 537.37 W, 1980 MHz
2026/09/27 21:32:28.500, 6, 76993 MiB, 100 %, 534.86 W, 1980 MHz
2026/09/27 21:32:28.500, 7, 76993 MiB, 100 %, 518.18 W, 1980 MHz
2026/09/27 21:32:29.501, 0, 76993 MiB, 100 %, 512.75 W, 1575 MHz
2026/09/27 21:32:29.502, 1, 76993 MiB, 100 %, 535.01 W, 1980 MHz
2026/09/27 21:32:29.503, 2, 76993 MiB, 100 %, 520.66 W, 1980 MHz
2026/09/27 21:32:29.503, 3, 76993 MiB, 100 %, 519.28 W, 1980 MHz
2026/09/27 21:32:29.504, 4, 76993 MiB, 100 %, 513.91 W, 1980 MHz
2026/09/27 21:32:29.504, 5, 76993 MiB, 100 %, 535.46 W, 1980 MHz
2026/09/27 21:32:29.505, 6, 76993 MiB, 100 %, 536.80 W, 1980 MHz
2026/09/27 21:32:29.506, 7, 76993 MiB, 100 %, 513.87 W, 1980 MHz
2026/09/27 21:32:30.506, 0, 76993 MiB, 100 %, 526.06 W, 1875 MHz
2026/09/27 21:32:30.507, 1, 76993 MiB, 100 %, 526.37 W, 1980 MHz
2026/09/27 21:32:30.508, 2, 76993 MiB, 100 %, 517.15 W, 1980 MHz
2026/09/27 21:32:30.508, 3, 76993 MiB, 100 %, 523.37 W, 1980 MHz
2026/09/27 21:32:30.509, 4, 76993 MiB, 100 %, 514.74 W, 1980 MHz
2026/09/27 21:32:30.510, 5, 76993 MiB, 100 %, 535.79 W, 1980 MHz
2026/09/27 21:32:30.510, 6, 76993 MiB, 100 %, 529.27 W, 1980 MHz
2026/09/27 21:32:30.511, 7, 76993 MiB, 100 %, 524.43 W, 1980 MHz
2026/09/27 21:32:31.512, 0, 76993 MiB, 100 %, 551.83 W, 1755 MHz
2026/09/27 21:32:31.513, 1, 76993 MiB, 100 %, 538.87 W, 1980 MHz
2026/09/27 21:32:31.514, 2, 76993 MiB, 100 %, 526.68 W, 1980 MHz
2026/09/27 21:32:31.514, 3, 76993 MiB, 100 %, 533.30 W, 1980 MHz
2026/09/27 21:32:31.515, 4, 76993 MiB, 100 %, 517.72 W, 1980 MHz
2026/09/27 21:32:31.516, 5, 76993 MiB, 100 %, 545.62 W, 1980 MHz
2026/09/27 21:32:31.517, 6, 76993 MiB, 100 %, 535.98 W, 1980 MHz
2026/09/27 21:32:31.518, 7, 76993 MiB, 100 %, 521.91 W, 1980 MHz
2026/09/27 21:32:32.519, 0, 76993 MiB, 100 %, 530.66 W, 1890 MHz
2026/09/27 21:32:32.519, 1, 76993 MiB, 100 %, 523.15 W, 1980 MHz
2026/09/27 21:32:32.520, 2, 76993 MiB, 100 %, 511.60 W, 1980 MHz
2026/09/27 21:32:32.521, 3, 76993 MiB, 100 %, 528.79 W, 1980 MHz
2026/09/27 21:32:32.522, 4, 76993 MiB, 100 %, 514.83 W, 1980 MHz
2026/09/27 21:32:32.522, 5, 76993 MiB, 100 %, 532.20 W, 1980 MHz
2026/09/27 21:32:32.523, 6, 76993 MiB, 100 %, 528.44 W, 1980 MHz
2026/09/27 21:32:32.524, 7, 76993 MiB, 100 %, 506.98 W, 1980 MHz
2026/09/27 21:32:33.524, 0, 76993 MiB, 100 %, 518.62 W, 1710 MHz
2026/09/27 21:32:33.525, 1, 76993 MiB, 100 %, 525.72 W, 1980 MHz
2026/09/27 21:32:33.527, 2, 76993 MiB, 100 %, 510.67 W, 1980 MHz
2026/09/27 21:32:33.527, 3, 76993 MiB, 100 %, 518.08 W, 1980 MHz
2026/09/27 21:32:33.528, 4, 76993 MiB, 100 %, 517.04 W, 1980 MHz
2026/09/27 21:32:33.529, 5, 76993 MiB, 100 %, 540.28 W, 1980 MHz
2026/09/27 21:32:33.529, 6, 76993 MiB, 100 %, 538.48 W, 1980 MHz
2026/09/27 21:32:33.530, 7, 76993 MiB, 100 %, 515.78 W, 1980 MHz
2026/09/27 21:32:34.531, 0, 76993 MiB, 100 %, 514.47 W, 1785 MHz
2026/09/27 21:32:34.531, 1, 76993 MiB, 100 %, 526.73 W, 1980 MHz
2026/09/27 21:32:34.532, 2, 76993 MiB, 100 %, 524.92 W, 1980 MHz
2026/09/27 21:32:34.533, 3, 76993 MiB, 100 %, 522.57 W, 1980 MHz
2026/09/27 21:32:34.533, 4, 76993 MiB, 100 %, 511.39 W, 1980 MHz
2026/09/27 21:32:34.534, 5, 76993 MiB, 100 %, 531.15 W, 1980 MHz
2026/09/27 21:32:34.535, 6, 76993 MiB, 100 %, 525.49 W, 1980 MHz
2026/09/27 21:32:34.535, 7, 76993 MiB, 100 %, 514.22 W, 1980 MHz
2026/09/27 21:32:35.536, 0, 76993 MiB, 100 %, 483.79 W, 1980 MHz
2026/09/27 21:32:35.537, 1, 76993 MiB, 100 %, 452.69 W, 1980 MHz
2026/09/27 21:32:35.538, 2, 76993 MiB, 100 %, 449.69 W, 1980 MHz
2026/09/27 21:32:35.538, 3, 76993 MiB, 100 %, 454.74 W, 1980 MHz
2026/09/27 21:32:35.539, 4, 76993 MiB, 100 %, 446.81 W, 1980 MHz
2026/09/27 21:32:35.540, 5, 76993 MiB, 100 %, 447.35 W, 1980 MHz
2026/09/27 21:32:35.540, 6, 76993 MiB, 100 %, 462.41 W, 1980 MHz
2026/09/27 21:32:35.541, 7, 76993 MiB, 100 %, 436.25 W, 1980 MHz
2026/09/27 21:32:36.542, 0, 76993 MiB, 100 %, 490.96 W, 1980 MHz
2026/09/27 21:32:36.542, 1, 76993 MiB, 100 %, 420.80 W, 1980 MHz
2026/09/27 21:32:36.543, 2, 76993 MiB, 100 %, 414.40 W, 1980 MHz
2026/09/27 21:32:36.544, 3, 76993 MiB, 100 %, 423.13 W, 1980 MHz
2026/09/27 21:32:36.544, 4, 76993 MiB, 100 %, 411.35 W, 1980 MHz
2026/09/27 21:32:36.545, 5, 76993 MiB, 100 %, 411.20 W, 1980 MHz
2026/09/27 21:32:36.546, 6, 76993 MiB, 100 %, 427.60 W, 1980 MHz
2026/09/27 21:32:36.546, 7, 76993 MiB, 100 %, 403.83 W, 1980 MHz
2026/09/27 21:32:37.547, 0, 76993 MiB, 100 %, 495.33 W, 1980 MHz
2026/09/27 21:32:37.548, 1, 76993 MiB, 100 %, 421.86 W, 1980 MHz
2026/09/27 21:32:37.549, 2, 76993 MiB, 100 %, 418.45 W, 1980 MHz
2026/09/27 21:32:37.549, 3, 76993 MiB, 100 %, 425.95 W, 1980 MHz
2026/09/27 21:32:37.550, 4, 76993 MiB, 100 %, 410.97 W, 1980 MHz
2026/09/27 21:32:37.551, 5, 76993 MiB, 100 %, 409.78 W, 1980 MHz
2026/09/27 21:32:37.551, 6, 76993 MiB, 100 %, 428.41 W, 1980 MHz
2026/09/27 21:32:37.552, 7, 76993 MiB, 100 %, 415.23 W, 1980 MHz
2026/09/27 21:32:38.552, 0, 76993 MiB, 100 %, 488.60 W, 1980 MHz
2026/09/27 21:32:38.553, 1, 76993 MiB, 100 %, 428.49 W, 1980 MHz
2026/09/27 21:32:38.554, 2, 76993 MiB, 100 %, 419.05 W, 1980 MHz
2026/09/27 21:32:38.555, 3, 76993 MiB, 100 %, 414.91 W, 1980 MHz
2026/09/27 21:32:38.555, 4, 76993 MiB, 100 %, 420.51 W, 1980 MHz
2026/09/27 21:32:38.556, 5, 76993 MiB, 100 %, 412.98 W, 1980 MHz
2026/09/27 21:32:38.557, 6, 76993 MiB, 100 %, 424.72 W, 1980 MHz
2026/09/27 21:32:38.557, 7, 76993 MiB, 100 %, 411.96 W, 1980 MHz
2026/09/27 21:32:39.558, 0, 76993 MiB, 0 %, 364.25 W, 1980 MHz
2026/09/27 21:32:39.560, 1, 76993 MiB, 0 %, 288.94 W, 1980 MHz
2026/09/27 21:32:39.560, 2, 76993 MiB, 0 %, 296.72 W, 1980 MHz
2026/09/27 21:32:39.561, 3, 76993 MiB, 0 %, 273.02 W, 1980 MHz
2026/09/27 21:32:39.563, 4, 76993 MiB, 0 %, 272.23 W, 1980 MHz
2026/09/27 21:32:39.563, 5, 76993 MiB, 0 %, 286.93 W, 1980 MHz
2026/09/27 21:32:39.565, 6, 76993 MiB, 0 %, 277.25 W, 1980 MHz
2026/09/27 21:32:39.566, 7, 76993 MiB, 0 %, 273.39 W, 1980 MHz
