timestamp, index, memory.used [MiB], utilization.gpu [%], power.draw [W], clocks.current.sm [MHz], utilization.memory [%], temperature.gpu
2026/10/10 13:32:27.066, 0, 75481 MiB, 0 %, 135.59 W, 1980 MHz, 0 %, 34
2026/10/10 13:32:27.075, 1, 75481 MiB, 0 %, 147.22 W, 1980 MHz, 0 %, 58
2026/10/10 13:32:27.082, 2, 75481 MiB, 0 %, 129.06 W, 1980 MHz, 0 %, 40
2026/10/10 13:32:27.089, 3, 75481 MiB, 0 %, 124.59 W, 1980 MHz, 0 %, 33
2026/10/10 13:32:27.097, 4, 75481 MiB, 0 %, 120.86 W, 1980 MHz, 0 %, 34
2026/10/10 13:32:27.104, 5, 75481 MiB, 0 %, 129.35 W, 1980 MHz, 0 %, 40
2026/10/10 13:32:27.111, 6, 75481 MiB, 0 %, 121.60 W, 1980 MHz, 0 %, 37
2026/10/10 13:32:27.118, 7, 75481 MiB, 0 %, 148.95 W, 1980 MHz, 0 %, 69
2026/10/10 13:32:28.125, 0, 75481 MiB, 0 %, 123.36 W, 1980 MHz, 0 %, 33
2026/10/10 13:32:28.126, 1, 75481 MiB, 0 %, 136.86 W, 1980 MHz, 0 %, 57
2026/10/10 13:32:28.126, 2, 75481 MiB, 0 %, 123.17 W, 1980 MHz, 0 %, 39
2026/10/10 13:32:28.126, 3, 75481 MiB, 0 %, 118.40 W, 1980 MHz, 0 %, 32
2026/10/10 13:32:28.126, 4, 75481 MiB, 0 %, 116.29 W, 1980 MHz, 0 %, 33
2026/10/10 13:32:28.126, 5, 75481 MiB, 0 %, 122.27 W, 1980 MHz, 0 %, 38
2026/10/10 13:32:28.126, 6, 75481 MiB, 0 %, 114.93 W, 1980 MHz, 0 %, 36
2026/10/10 13:32:28.126, 7, 75481 MiB, 0 %, 144.92 W, 1980 MHz, 0 %, 68
2026/10/10 13:32:29.126, 0, 75481 MiB, 0 %, 122.86 W, 1980 MHz, 0 %, 33
2026/10/10 13:32:29.126, 1, 75481 MiB, 0 %, 136.39 W, 1980 MHz, 0 %, 57
2026/10/10 13:32:29.126, 2, 75481 MiB, 0 %, 122.81 W, 1980 MHz, 0 %, 39
2026/10/10 13:32:29.126, 3, 75481 MiB, 0 %, 118.00 W, 1980 MHz, 0 %, 32
2026/10/10 13:32:29.126, 4, 75481 MiB, 0 %, 115.91 W, 1980 MHz, 0 %, 32
2026/10/10 13:32:29.126, 5, 75481 MiB, 0 %, 121.53 W, 1980 MHz, 0 %, 38
2026/10/10 13:32:29.126, 6, 75481 MiB, 0 %, 114.46 W, 1980 MHz, 0 %, 35
2026/10/10 13:32:29.127, 7, 75481 MiB, 0 %, 144.08 W, 1980 MHz, 0 %, 68
2026/10/10 13:32:30.127, 0, 75481 MiB, 0 %, 122.54 W, 1980 MHz, 0 %, 32
2026/10/10 13:32:30.127, 1, 75481 MiB, 0 %, 136.10 W, 1980 MHz, 0 %, 57
2026/10/10 13:32:30.127, 2, 75481 MiB, 0 %, 122.53 W, 1980 MHz, 0 %, 38
2026/10/10 13:32:30.127, 3, 75481 MiB, 0 %, 117.69 W, 1980 MHz, 0 %, 31
2026/10/10 13:32:30.127, 4, 75481 MiB, 0 %, 115.58 W, 1980 MHz, 0 %, 32
2026/10/10 13:32:30.127, 5, 75481 MiB, 0 %, 121.14 W, 1980 MHz, 0 %, 37
2026/10/10 13:32:30.127, 6, 75481 MiB, 0 %, 114.19 W, 1980 MHz, 0 %, 35
2026/10/10 13:32:30.127, 7, 75481 MiB, 0 %, 143.59 W, 1980 MHz, 0 %, 68
2026/10/10 13:32:31.127, 0, 75481 MiB, 0 %, 122.30 W, 1980 MHz, 0 %, 32
2026/10/10 13:32:31.128, 1, 75481 MiB, 0 %, 135.90 W, 1980 MHz, 0 %, 56
2026/10/10 13:32:31.128, 2, 75481 MiB, 0 %, 122.32 W, 1980 MHz, 0 %, 38
2026/10/10 13:32:31.128, 3, 75481 MiB, 0 %, 117.43 W, 1980 MHz, 0 %, 31
2026/10/10 13:32:31.128, 4, 75481 MiB, 0 %, 115.46 W, 1980 MHz, 0 %, 31
2026/10/10 13:32:31.128, 5, 75481 MiB, 0 %, 120.94 W, 1980 MHz, 0 %, 37
2026/10/10 13:32:31.128, 6, 75481 MiB, 0 %, 114.00 W, 1980 MHz, 0 %, 34
2026/10/10 13:32:31.128, 7, 75481 MiB, 0 %, 142.54 W, 1980 MHz, 0 %, 68
2026/10/10 13:32:32.128, 0, 75481 MiB, 0 %, 122.10 W, 1980 MHz, 0 %, 31
2026/10/10 13:32:32.128, 1, 75481 MiB, 0 %, 135.78 W, 1980 MHz, 0 %, 56
2026/10/10 13:32:32.128, 2, 75481 MiB, 0 %, 122.09 W, 1980 MHz, 0 %, 38
2026/10/10 13:32:32.128, 3, 75481 MiB, 0 %, 117.20 W, 1980 MHz, 0 %, 30
2026/10/10 13:32:32.128, 4, 75481 MiB, 0 %, 115.32 W, 1980 MHz, 0 %, 31
2026/10/10 13:32:32.128, 5, 75481 MiB, 0 %, 120.74 W, 1980 MHz, 0 %, 36
2026/10/10 13:32:32.128, 6, 75481 MiB, 0 %, 113.82 W, 1980 MHz, 0 %, 34
2026/10/10 13:32:32.128, 7, 75481 MiB, 0 %, 142.17 W, 1980 MHz, 0 %, 67
2026/10/10 13:32:33.129, 0, 75481 MiB, 0 %, 121.87 W, 1980 MHz, 0 %, 31
2026/10/10 13:32:33.129, 1, 75481 MiB, 0 %, 135.59 W, 1980 MHz, 0 %, 56
2026/10/10 13:32:33.129, 2, 75481 MiB, 0 %, 122.00 W, 1980 MHz, 0 %, 37
2026/10/10 13:32:33.129, 3, 75481 MiB, 0 %, 117.10 W, 1980 MHz, 0 %, 30
2026/10/10 13:32:33.129, 4, 75481 MiB, 0 %, 115.13 W, 1980 MHz, 0 %, 31
2026/10/10 13:32:33.129, 5, 75481 MiB, 0 %, 120.50 W, 1980 MHz, 0 %, 36
2026/10/10 13:32:33.129, 6, 75481 MiB, 0 %, 113.71 W, 1980 MHz, 0 %, 34
2026/10/10 13:32:33.129, 7, 75481 MiB, 0 %, 141.97 W, 1980 MHz, 0 %, 67
2026/10/10 13:32:34.129, 0, 75481 MiB, 0 %, 121.75 W, 1980 MHz, 0 %, 31
2026/10/10 13:32:34.129, 1, 75481 MiB, 0 %, 135.48 W, 1980 MHz, 0 %, 56
2026/10/10 13:32:34.129, 2, 75481 MiB, 0 %, 121.85 W, 1980 MHz, 0 %, 37
2026/10/10 13:32:34.130, 3, 75481 MiB, 0 %, 116.91 W, 1980 MHz, 0 %, 30
2026/10/10 13:32:34.130, 4, 75481 MiB, 0 %, 115.02 W, 1980 MHz, 0 %, 30
2026/10/10 13:32:34.130, 5, 75481 MiB, 0 %, 120.32 W, 1980 MHz, 0 %, 36
2026/10/10 13:32:34.130, 6, 75481 MiB, 0 %, 113.59 W, 1980 MHz, 0 %, 33
2026/10/10 13:32:34.130, 7, 75481 MiB, 0 %, 141.74 W, 1980 MHz, 0 %, 67
2026/10/10 13:32:35.130, 0, 75481 MiB, 0 %, 121.57 W, 1980 MHz, 0 %, 31
2026/10/10 13:32:35.130, 1, 75481 MiB, 0 %, 135.30 W, 1980 MHz, 0 %, 56
2026/10/10 13:32:35.130, 2, 75481 MiB, 0 %, 121.70 W, 1980 MHz, 0 %, 37
2026/10/10 13:32:35.130, 3, 75481 MiB, 0 %, 116.81 W, 1980 MHz, 0 %, 30
2026/10/10 13:32:35.130, 4, 75481 MiB, 0 %, 114.55 W, 1980 MHz, 0 %, 30
2026/10/10 13:32:35.130, 5, 75481 MiB, 0 %, 120.16 W, 1980 MHz, 0 %, 35
2026/10/10 13:32:35.130, 6, 75481 MiB, 0 %, 113.49 W, 1980 MHz, 0 %, 33
2026/10/10 13:32:35.130, 7, 75481 MiB, 0 %, 141.55 W, 1980 MHz, 0 %, 67
2026/10/10 13:32:36.131, 0, 75481 MiB, 0 %, 121.39 W, 1980 MHz, 0 %, 30
2026/10/10 13:32:36.131, 1, 75481 MiB, 0 %, 135.16 W, 1980 MHz, 0 %, 56
2026/10/10 13:32:36.131, 2, 75481 MiB, 0 %, 121.48 W, 1980 MHz, 0 %, 37
2026/10/10 13:32:36.131, 3, 75481 MiB, 0 %, 116.70 W, 1980 MHz, 0 %, 29
2026/10/10 13:32:36.131, 4, 75481 MiB, 0 %, 114.30 W, 1980 MHz, 0 %, 30
2026/10/10 13:32:36.131, 5, 75481 MiB, 0 %, 119.98 W, 1980 MHz, 0 %, 35
2026/10/10 13:32:36.131, 6, 75481 MiB, 0 %, 113.38 W, 1980 MHz, 0 %, 33
2026/10/10 13:32:36.131, 7, 75481 MiB, 0 %, 141.40 W, 1980 MHz, 0 %, 67
2026/10/10 13:32:37.131, 0, 75481 MiB, 0 %, 120.50 W, 1980 MHz, 0 %, 30
2026/10/10 13:32:37.131, 1, 75481 MiB, 0 %, 135.06 W, 1980 MHz, 0 %, 55
2026/10/10 13:32:37.131, 2, 75481 MiB, 0 %, 121.35 W, 1980 MHz, 0 %, 36
2026/10/10 13:32:37.131, 3, 75481 MiB, 0 %, 116.55 W, 1980 MHz, 0 %, 29
2026/10/10 13:32:37.131, 4, 75481 MiB, 0 %, 114.11 W, 1980 MHz, 0 %, 30
2026/10/10 13:32:37.131, 5, 75481 MiB, 0 %, 119.86 W, 1980 MHz, 0 %, 35
2026/10/10 13:32:37.131, 6, 75481 MiB, 0 %, 113.24 W, 1980 MHz, 0 %, 32
2026/10/10 13:32:37.132, 7, 75481 MiB, 0 %, 141.26 W, 1980 MHz, 0 %, 67
2026/10/10 13:32:38.132, 0, 75481 MiB, 0 %, 119.97 W, 1980 MHz, 0 %, 30
2026/10/10 13:32:38.132, 1, 75481 MiB, 0 %, 134.98 W, 1980 MHz, 0 %, 55
2026/10/10 13:32:38.132, 2, 75481 MiB, 0 %, 121.29 W, 1980 MHz, 0 %, 36
2026/10/10 13:32:38.132, 3, 75481 MiB, 0 %, 116.39 W, 1980 MHz, 0 %, 29
2026/10/10 13:32:38.132, 4, 75481 MiB, 0 %, 114.10 W, 1980 MHz, 0 %, 29
2026/10/10 13:32:38.132, 5, 75481 MiB, 0 %, 119.66 W, 1980 MHz, 0 %, 35
2026/10/10 13:32:38.132, 6, 75481 MiB, 0 %, 113.13 W, 1980 MHz, 0 %, 32
2026/10/10 13:32:38.132, 7, 75481 MiB, 0 %, 141.07 W, 1980 MHz, 0 %, 67
2026/10/10 13:32:39.132, 0, 75481 MiB, 100 %, 228.62 W, 1740 MHz, 31 %, 43
2026/10/10 13:32:39.133, 1, 75481 MiB, 87 %, 242.39 W, 1755 MHz, 28 %, 67
2026/10/10 13:32:39.133, 2, 75481 MiB, 100 %, 238.52 W, 1740 MHz, 31 %, 49
2026/10/10 13:32:39.133, 3, 75481 MiB, 100 %, 237.79 W, 1755 MHz, 31 %, 41
2026/10/10 13:32:39.133, 4, 75481 MiB, 100 %, 230.35 W, 1815 MHz, 31 %, 42
2026/10/10 13:32:39.133, 5, 75481 MiB, 100 %, 245.11 W, 1800 MHz, 31 %, 45
2026/10/10 13:32:39.133, 6, 75481 MiB, 0 %, 176.67 W, 1800 MHz, 0 %, 43
2026/10/10 13:32:39.133, 7, 75481 MiB, 0 %, 208.86 W, 1740 MHz, 0 %, 77
2026/10/10 13:32:40.133, 0, 75481 MiB, 100 %, 694.55 W, 1815 MHz, 29 %, 48
2026/10/10 13:32:40.133, 1, 75481 MiB, 100 %, 696.55 W, 1710 MHz, 28 %, 70
2026/10/10 13:32:40.133, 2, 75481 MiB, 100 %, 693.11 W, 1785 MHz, 28 %, 51
2026/10/10 13:32:40.133, 3, 75481 MiB, 100 %, 694.26 W, 1755 MHz, 28 %, 47
2026/10/10 13:32:40.133, 4, 75481 MiB, 100 %, 693.77 W, 1815 MHz, 29 %, 49
2026/10/10 13:32:40.133, 5, 75481 MiB, 100 %, 692.12 W, 1755 MHz, 29 %, 53
2026/10/10 13:32:40.133, 6, 75481 MiB, 100 %, 697.75 W, 1815 MHz, 25 %, 51
2026/10/10 13:32:40.134, 7, 75481 MiB, 100 %, 696.31 W, 1740 MHz, 26 %, 82
2026/10/10 13:32:41.134, 0, 75481 MiB, 100 %, 688.24 W, 1845 MHz, 26 %, 49
2026/10/10 13:32:41.134, 1, 75481 MiB, 100 %, 690.77 W, 1785 MHz, 27 %, 70
2026/10/10 13:32:41.134, 2, 75481 MiB, 100 %, 697.93 W, 1770 MHz, 26 %, 51
2026/10/10 13:32:41.134, 3, 75481 MiB, 100 %, 700.04 W, 1785 MHz, 27 %, 49
2026/10/10 13:32:41.134, 4, 75481 MiB, 100 %, 688.73 W, 1830 MHz, 26 %, 51
2026/10/10 13:32:41.134, 5, 75481 MiB, 100 %, 691.22 W, 1800 MHz, 26 %, 56
2026/10/10 13:32:41.134, 6, 75481 MiB, 100 %, 687.13 W, 1785 MHz, 27 %, 55
2026/10/10 13:32:41.134, 7, 75481 MiB, 100 %, 662.28 W, 1590 MHz, 27 %, 82
2026/10/10 13:32:42.134, 0, 75483 MiB, 100 %, 547.96 W, 1980 MHz, 18 %, 40
2026/10/10 13:32:42.134, 1, 75483 MiB, 100 %, 540.35 W, 1980 MHz, 17 %, 61
2026/10/10 13:32:42.135, 2, 75483 MiB, 100 %, 528.65 W, 1980 MHz, 17 %, 43
2026/10/10 13:32:42.135, 3, 75483 MiB, 100 %, 526.76 W, 1980 MHz, 18 %, 39
2026/10/10 13:32:42.135, 4, 75483 MiB, 100 %, 525.00 W, 1980 MHz, 17 %, 40
2026/10/10 13:32:42.135, 5, 75483 MiB, 100 %, 525.83 W, 1980 MHz, 17 %, 44
2026/10/10 13:32:42.135, 6, 75483 MiB, 100 %, 522.82 W, 1980 MHz, 17 %, 44
2026/10/10 13:32:42.135, 7, 75483 MiB, 100 %, 511.97 W, 1965 MHz, 17 %, 74
2026/10/10 13:32:43.135, 0, 75483 MiB, 100 %, 270.43 W, 1980 MHz, 18 %, 37
2026/10/10 13:32:43.135, 1, 75483 MiB, 100 %, 283.73 W, 1980 MHz, 17 %, 60
2026/10/10 13:32:43.135, 2, 75483 MiB, 100 %, 271.93 W, 1980 MHz, 17 %, 41
2026/10/10 13:32:43.135, 3, 75483 MiB, 100 %, 267.94 W, 1980 MHz, 17 %, 36
2026/10/10 13:32:43.135, 4, 75483 MiB, 100 %, 260.61 W, 1980 MHz, 18 %, 37
2026/10/10 13:32:43.135, 5, 75483 MiB, 100 %, 270.64 W, 1980 MHz, 17 %, 41
2026/10/10 13:32:43.135, 6, 75483 MiB, 100 %, 259.24 W, 1980 MHz, 17 %, 40
2026/10/10 13:32:43.135, 7, 75483 MiB, 100 %, 299.97 W, 1980 MHz, 17 %, 72
2026/10/10 13:32:44.136, 0, 75483 MiB, 100 %, 268.67 W, 1980 MHz, 18 %, 37
2026/10/10 13:32:44.136, 1, 75483 MiB, 100 %, 285.99 W, 1980 MHz, 18 %, 60
2026/10/10 13:32:44.136, 2, 75483 MiB, 100 %, 270.55 W, 1980 MHz, 18 %, 41
2026/10/10 13:32:44.136, 3, 75483 MiB, 100 %, 264.89 W, 1980 MHz, 17 %, 35
2026/10/10 13:32:44.136, 4, 75483 MiB, 100 %, 259.95 W, 1980 MHz, 17 %, 36
2026/10/10 13:32:44.136, 5, 75483 MiB, 100 %, 268.45 W, 1980 MHz, 17 %, 41
2026/10/10 13:32:44.136, 6, 75483 MiB, 100 %, 260.08 W, 1980 MHz, 18 %, 39
2026/10/10 13:32:44.136, 7, 75483 MiB, 100 %, 299.02 W, 1980 MHz, 18 %, 71
2026/10/10 13:32:45.136, 0, 75483 MiB, 100 %, 268.37 W, 1980 MHz, 17 %, 36
2026/10/10 13:32:45.136, 1, 75483 MiB, 100 %, 285.51 W, 1980 MHz, 18 %, 60
2026/10/10 13:32:45.136, 2, 75483 MiB, 100 %, 268.59 W, 1980 MHz, 18 %, 40
2026/10/10 13:32:45.137, 3, 75483 MiB, 100 %, 266.03 W, 1980 MHz, 18 %, 35
2026/10/10 13:32:45.137, 4, 75483 MiB, 100 %, 260.39 W, 1980 MHz, 18 %, 35
2026/10/10 13:32:45.137, 5, 75483 MiB, 100 %, 267.72 W, 1980 MHz, 18 %, 40
2026/10/10 13:32:45.137, 6, 75483 MiB, 100 %, 258.43 W, 1980 MHz, 18 %, 38
2026/10/10 13:32:45.137, 7, 75483 MiB, 100 %, 298.22 W, 1980 MHz, 18 %, 71
2026/10/10 13:32:46.137, 0, 75483 MiB, 100 %, 266.88 W, 1980 MHz, 18 %, 36
2026/10/10 13:32:46.137, 1, 75483 MiB, 100 %, 285.56 W, 1980 MHz, 17 %, 60
2026/10/10 13:32:46.137, 2, 75483 MiB, 100 %, 268.13 W, 1980 MHz, 18 %, 40
2026/10/10 13:32:46.137, 3, 75483 MiB, 100 %, 265.64 W, 1980 MHz, 18 %, 35
2026/10/10 13:32:46.137, 4, 75483 MiB, 100 %, 259.69 W, 1980 MHz, 17 %, 35
2026/10/10 13:32:46.137, 5, 75483 MiB, 100 %, 266.69 W, 1980 MHz, 17 %, 40
2026/10/10 13:32:46.137, 6, 75483 MiB, 100 %, 258.89 W, 1980 MHz, 18 %, 38
2026/10/10 13:32:46.137, 7, 75483 MiB, 100 %, 299.27 W, 1980 MHz, 18 %, 71
2026/10/10 13:32:47.138, 0, 75483 MiB, 100 %, 267.65 W, 1980 MHz, 17 %, 36
2026/10/10 13:32:47.138, 1, 75483 MiB, 100 %, 284.55 W, 1980 MHz, 17 %, 60
2026/10/10 13:32:47.138, 2, 75483 MiB, 100 %, 268.09 W, 1980 MHz, 18 %, 40
2026/10/10 13:32:47.138, 3, 75483 MiB, 100 %, 264.70 W, 1980 MHz, 17 %, 34
2026/10/10 13:32:47.138, 4, 75483 MiB, 100 %, 259.56 W, 1980 MHz, 17 %, 35
2026/10/10 13:32:47.138, 5, 75483 MiB, 100 %, 268.48 W, 1980 MHz, 17 %, 40
2026/10/10 13:32:47.138, 6, 75483 MiB, 100 %, 259.06 W, 1980 MHz, 18 %, 38
2026/10/10 13:32:47.138, 7, 75483 MiB, 100 %, 298.31 W, 1980 MHz, 18 %, 71
2026/10/10 13:32:48.138, 0, 75483 MiB, 100 %, 267.37 W, 1980 MHz, 18 %, 36
2026/10/10 13:32:48.138, 1, 75483 MiB, 100 %, 285.26 W, 1980 MHz, 18 %, 60
2026/10/10 13:32:48.138, 2, 75483 MiB, 100 %, 267.36 W, 1980 MHz, 18 %, 40
2026/10/10 13:32:48.139, 3, 75483 MiB, 100 %, 267.02 W, 1980 MHz, 17 %, 34
2026/10/10 13:32:48.139, 4, 75483 MiB, 100 %, 259.79 W, 1980 MHz, 18 %, 35
2026/10/10 13:32:48.139, 5, 75483 MiB, 100 %, 267.90 W, 1980 MHz, 17 %, 40
2026/10/10 13:32:48.139, 6, 75483 MiB, 100 %, 257.18 W, 1980 MHz, 17 %, 38
2026/10/10 13:32:48.139, 7, 75483 MiB, 100 %, 299.10 W, 1980 MHz, 18 %, 71
2026/10/10 13:32:49.139, 0, 75483 MiB, 100 %, 267.97 W, 1980 MHz, 17 %, 36
2026/10/10 13:32:49.139, 1, 75483 MiB, 100 %, 284.80 W, 1980 MHz, 18 %, 60
2026/10/10 13:32:49.139, 2, 75483 MiB, 100 %, 269.17 W, 1980 MHz, 18 %, 40
2026/10/10 13:32:49.139, 3, 75483 MiB, 100 %, 267.28 W, 1980 MHz, 18 %, 34
2026/10/10 13:32:49.139, 4, 75483 MiB, 100 %, 261.98 W, 1980 MHz, 18 %, 35
2026/10/10 13:32:49.139, 5, 75483 MiB, 100 %, 267.67 W, 1980 MHz, 17 %, 40
2026/10/10 13:32:49.139, 6, 75483 MiB, 100 %, 256.65 W, 1980 MHz, 18 %, 37
2026/10/10 13:32:49.139, 7, 75483 MiB, 100 %, 296.20 W, 1980 MHz, 18 %, 71
2026/10/10 13:32:50.140, 0, 75483 MiB, 100 %, 267.18 W, 1980 MHz, 18 %, 36
2026/10/10 13:32:50.140, 1, 75483 MiB, 100 %, 284.88 W, 1980 MHz, 18 %, 60
2026/10/10 13:32:50.140, 2, 75483 MiB, 100 %, 269.05 W, 1980 MHz, 17 %, 40
2026/10/10 13:32:50.140, 3, 75483 MiB, 100 %, 267.70 W, 1980 MHz, 18 %, 34
2026/10/10 13:32:50.140, 4, 75483 MiB, 100 %, 259.63 W, 1980 MHz, 18 %, 35
2026/10/10 13:32:50.140, 5, 75483 MiB, 100 %, 268.11 W, 1980 MHz, 17 %, 40
2026/10/10 13:32:50.140, 6, 75483 MiB, 100 %, 256.16 W, 1980 MHz, 18 %, 37
2026/10/10 13:32:50.140, 7, 75483 MiB, 100 %, 297.39 W, 1980 MHz, 17 %, 71
2026/10/10 13:32:51.140, 0, 75483 MiB, 100 %, 267.64 W, 1980 MHz, 18 %, 36
2026/10/10 13:32:51.140, 1, 75483 MiB, 100 %, 286.48 W, 1980 MHz, 18 %, 60
2026/10/10 13:32:51.140, 2, 75483 MiB, 100 %, 267.99 W, 1980 MHz, 18 %, 40
2026/10/10 13:32:51.140, 3, 75483 MiB, 100 %, 266.55 W, 1980 MHz, 18 %, 34
2026/10/10 13:32:51.140, 4, 75483 MiB, 100 %, 259.60 W, 1980 MHz, 17 %, 35
2026/10/10 13:32:51.140, 5, 75483 MiB, 100 %, 267.02 W, 1980 MHz, 18 %, 40
2026/10/10 13:32:51.141, 6, 75483 MiB, 100 %, 257.68 W, 1980 MHz, 17 %, 37
2026/10/10 13:32:51.141, 7, 75483 MiB, 100 %, 296.92 W, 1980 MHz, 18 %, 71
2026/10/10 13:32:52.141, 0, 75483 MiB, 100 %, 268.48 W, 1980 MHz, 17 %, 36
2026/10/10 13:32:52.141, 1, 75483 MiB, 100 %, 285.94 W, 1980 MHz, 17 %, 60
2026/10/10 13:32:52.141, 2, 75483 MiB, 100 %, 267.62 W, 1980 MHz, 18 %, 40
2026/10/10 13:32:52.141, 3, 75483 MiB, 100 %, 264.35 W, 1980 MHz, 18 %, 34
2026/10/10 13:32:52.141, 4, 75483 MiB, 100 %, 259.61 W, 1980 MHz, 18 %, 35
2026/10/10 13:32:52.141, 5, 75483 MiB, 100 %, 267.58 W, 1980 MHz, 18 %, 39
2026/10/10 13:32:52.141, 6, 75483 MiB, 100 %, 257.29 W, 1980 MHz, 18 %, 37
2026/10/10 13:32:52.141, 7, 75483 MiB, 100 %, 298.09 W, 1980 MHz, 18 %, 71
2026/10/10 13:32:53.141, 0, 75483 MiB, 100 %, 266.43 W, 1980 MHz, 18 %, 36
2026/10/10 13:32:53.142, 1, 75483 MiB, 100 %, 285.80 W, 1980 MHz, 18 %, 59
2026/10/10 13:32:53.142, 2, 75483 MiB, 100 %, 267.82 W, 1980 MHz, 17 %, 40
2026/10/10 13:32:53.142, 3, 75483 MiB, 100 %, 264.65 W, 1980 MHz, 17 %, 34
2026/10/10 13:32:53.142, 4, 75483 MiB, 100 %, 259.45 W, 1980 MHz, 17 %, 35
2026/10/10 13:32:53.142, 5, 75483 MiB, 100 %, 267.57 W, 1980 MHz, 18 %, 39
2026/10/10 13:32:53.142, 6, 75483 MiB, 100 %, 256.45 W, 1980 MHz, 18 %, 37
2026/10/10 13:32:53.142, 7, 75483 MiB, 100 %, 297.76 W, 1980 MHz, 17 %, 71
2026/10/10 13:32:54.142, 0, 75483 MiB, 100 %, 269.03 W, 1980 MHz, 17 %, 36
2026/10/10 13:32:54.142, 1, 75483 MiB, 100 %, 283.82 W, 1980 MHz, 17 %, 59
2026/10/10 13:32:54.142, 2, 75483 MiB, 100 %, 267.76 W, 1980 MHz, 18 %, 40
2026/10/10 13:32:54.142, 3, 75483 MiB, 100 %, 265.08 W, 1980 MHz, 17 %, 34
2026/10/10 13:32:54.142, 4, 75483 MiB, 97 %, 259.69 W, 1980 MHz, 17 %, 35
2026/10/10 13:32:54.142, 5, 75483 MiB, 100 %, 266.41 W, 1980 MHz, 18 %, 39
2026/10/10 13:32:54.143, 6, 75483 MiB, 100 %, 255.13 W, 1980 MHz, 17 %, 37
2026/10/10 13:32:54.143, 7, 75483 MiB, 100 %, 296.70 W, 1980 MHz, 17 %, 71
2026/10/10 13:32:55.143, 0, 75483 MiB, 100 %, 644.20 W, 1815 MHz, 29 %, 51
2026/10/10 13:32:55.143, 1, 75483 MiB, 100 %, 637.18 W, 1500 MHz, 28 %, 70
2026/10/10 13:32:55.143, 2, 75483 MiB, 100 %, 648.84 W, 1695 MHz, 29 %, 51
2026/10/10 13:32:55.143, 3, 75483 MiB, 100 %, 647.72 W, 1485 MHz, 29 %, 49
2026/10/10 13:32:55.143, 4, 75483 MiB, 100 %, 649.64 W, 1485 MHz, 28 %, 51
2026/10/10 13:32:55.143, 5, 75483 MiB, 100 %, 655.72 W, 1470 MHz, 28 %, 52
2026/10/10 13:32:55.143, 6, 75483 MiB, 100 %, 652.88 W, 1455 MHz, 30 %, 53
2026/10/10 13:32:55.143, 7, 75483 MiB, 100 %, 633.37 W, 1770 MHz, 30 %, 84
2026/10/10 13:32:56.143, 0, 75483 MiB, 100 %, 688.07 W, 1830 MHz, 25 %, 52
2026/10/10 13:32:56.144, 1, 75483 MiB, 100 %, 684.27 W, 1695 MHz, 25 %, 71
2026/10/10 13:32:56.144, 2, 75483 MiB, 100 %, 693.19 W, 1680 MHz, 25 %, 52
2026/10/10 13:32:56.144, 3, 75483 MiB, 100 %, 688.35 W, 1635 MHz, 25 %, 50
2026/10/10 13:32:56.144, 4, 75483 MiB, 100 %, 686.46 W, 1725 MHz, 25 %, 52
2026/10/10 13:32:56.144, 5, 75483 MiB, 100 %, 688.86 W, 1665 MHz, 26 %, 55
2026/10/10 13:32:56.144, 6, 75483 MiB, 100 %, 681.28 W, 1740 MHz, 26 %, 55
2026/10/10 13:32:56.144, 7, 75483 MiB, 100 %, 654.44 W, 1515 MHz, 28 %, 82
2026/10/10 13:32:57.144, 0, 75483 MiB, 100 %, 691.01 W, 1770 MHz, 25 %, 54
2026/10/10 13:32:57.144, 1, 75483 MiB, 100 %, 692.71 W, 1725 MHz, 25 %, 72
2026/10/10 13:32:57.144, 2, 75483 MiB, 100 %, 686.81 W, 1800 MHz, 25 %, 55
2026/10/10 13:32:57.144, 3, 75483 MiB, 100 %, 691.82 W, 1695 MHz, 25 %, 51
2026/10/10 13:32:57.144, 4, 75483 MiB, 100 %, 691.16 W, 1785 MHz, 25 %, 54
2026/10/10 13:32:57.144, 5, 75483 MiB, 100 %, 691.23 W, 1740 MHz, 25 %, 56
2026/10/10 13:32:57.144, 6, 75483 MiB, 100 %, 690.04 W, 1755 MHz, 25 %, 57
2026/10/10 13:32:57.144, 7, 75483 MiB, 100 %, 601.03 W, 1530 MHz, 25 %, 82
2026/10/10 13:32:58.146, 0, 75483 MiB, 100 %, 428.49 W, 1980 MHz, 18 %, 40
2026/10/10 13:32:58.146, 1, 75483 MiB, 100 %, 428.30 W, 1980 MHz, 17 %, 61
2026/10/10 13:32:58.146, 2, 75483 MiB, 100 %, 429.22 W, 1980 MHz, 17 %, 44
2026/10/10 13:32:58.146, 3, 75483 MiB, 100 %, 409.08 W, 1980 MHz, 18 %, 39
2026/10/10 13:32:58.146, 4, 75483 MiB, 100 %, 426.60 W, 1980 MHz, 17 %, 40
2026/10/10 13:32:58.146, 5, 75483 MiB, 100 %, 415.27 W, 1980 MHz, 18 %, 44
2026/10/10 13:32:58.146, 6, 75483 MiB, 100 %, 404.26 W, 1980 MHz, 18 %, 43
2026/10/10 13:32:58.146, 7, 75483 MiB, 100 %, 408.10 W, 1980 MHz, 18 %, 73
2026/10/10 13:32:59.147, 0, 75483 MiB, 100 %, 268.23 W, 1980 MHz, 17 %, 38
2026/10/10 13:32:59.147, 1, 75483 MiB, 100 %, 287.14 W, 1980 MHz, 18 %, 60
2026/10/10 13:32:59.147, 2, 75483 MiB, 100 %, 271.84 W, 1980 MHz, 18 %, 42
2026/10/10 13:32:59.147, 3, 75483 MiB, 100 %, 271.95 W, 1980 MHz, 18 %, 37
2026/10/10 13:32:59.147, 4, 75483 MiB, 100 %, 263.41 W, 1980 MHz, 17 %, 37
2026/10/10 13:32:59.147, 5, 75483 MiB, 100 %, 272.77 W, 1980 MHz, 18 %, 42
2026/10/10 13:32:59.147, 6, 75483 MiB, 100 %, 263.33 W, 1980 MHz, 18 %, 40
2026/10/10 13:32:59.147, 7, 75483 MiB, 100 %, 299.33 W, 1980 MHz, 18 %, 72
2026/10/10 13:33:00.147, 0, 75483 MiB, 100 %, 269.83 W, 1980 MHz, 18 %, 37
2026/10/10 13:33:00.147, 1, 75483 MiB, 100 %, 286.68 W, 1980 MHz, 17 %, 60
2026/10/10 13:33:00.147, 2, 75483 MiB, 100 %, 270.85 W, 1980 MHz, 18 %, 41
2026/10/10 13:33:00.148, 3, 75483 MiB, 100 %, 270.04 W, 1980 MHz, 18 %, 36
2026/10/10 13:33:00.148, 4, 75483 MiB, 100 %, 261.37 W, 1980 MHz, 18 %, 37
2026/10/10 13:33:00.148, 5, 75483 MiB, 100 %, 271.27 W, 1980 MHz, 18 %, 41
2026/10/10 13:33:00.148, 6, 75483 MiB, 100 %, 262.87 W, 1980 MHz, 18 %, 39
2026/10/10 13:33:00.148, 7, 75483 MiB, 100 %, 299.33 W, 1980 MHz, 18 %, 72
2026/10/10 13:33:01.148, 0, 75483 MiB, 100 %, 270.19 W, 1980 MHz, 18 %, 37
2026/10/10 13:33:01.148, 1, 75483 MiB, 100 %, 283.82 W, 1980 MHz, 17 %, 60
2026/10/10 13:33:01.148, 2, 75483 MiB, 100 %, 269.65 W, 1980 MHz, 18 %, 41
2026/10/10 13:33:01.148, 3, 75483 MiB, 100 %, 268.80 W, 1980 MHz, 18 %, 35
2026/10/10 13:33:01.148, 4, 75483 MiB, 100 %, 263.98 W, 1980 MHz, 18 %, 36
2026/10/10 13:33:01.148, 5, 75483 MiB, 100 %, 270.42 W, 1980 MHz, 18 %, 41
2026/10/10 13:33:01.148, 6, 75483 MiB, 100 %, 260.01 W, 1980 MHz, 18 %, 39
2026/10/10 13:33:01.148, 7, 75483 MiB, 100 %, 296.70 W, 1980 MHz, 17 %, 72
2026/10/10 13:33:02.149, 0, 75483 MiB, 100 %, 268.86 W, 1980 MHz, 17 %, 37
2026/10/10 13:33:02.149, 1, 75483 MiB, 100 %, 285.60 W, 1980 MHz, 17 %, 60
2026/10/10 13:33:02.149, 2, 75483 MiB, 100 %, 268.82 W, 1980 MHz, 18 %, 41
2026/10/10 13:33:02.149, 3, 75483 MiB, 100 %, 268.45 W, 1980 MHz, 18 %, 35
2026/10/10 13:33:02.149, 4, 75483 MiB, 100 %, 261.66 W, 1980 MHz, 18 %, 36
2026/10/10 13:33:02.149, 5, 75483 MiB, 100 %, 273.25 W, 1980 MHz, 18 %, 41
2026/10/10 13:33:02.149, 6, 75483 MiB, 100 %, 260.19 W, 1980 MHz, 18 %, 38
2026/10/10 13:33:02.149, 7, 75483 MiB, 100 %, 298.82 W, 1980 MHz, 18 %, 72
2026/10/10 13:33:03.149, 0, 75483 MiB, 100 %, 269.17 W, 1980 MHz, 18 %, 37
2026/10/10 13:33:03.149, 1, 75483 MiB, 100 %, 288.14 W, 1980 MHz, 18 %, 60
2026/10/10 13:33:03.149, 2, 75483 MiB, 100 %, 268.79 W, 1980 MHz, 18 %, 41
2026/10/10 13:33:03.150, 3, 75483 MiB, 100 %, 268.97 W, 1980 MHz, 18 %, 35
2026/10/10 13:33:03.150, 4, 75483 MiB, 100 %, 260.17 W, 1980 MHz, 18 %, 36
2026/10/10 13:33:03.150, 5, 75483 MiB, 100 %, 272.33 W, 1980 MHz, 18 %, 41
2026/10/10 13:33:03.150, 6, 75483 MiB, 100 %, 259.33 W, 1980 MHz, 18 %, 38
2026/10/10 13:33:03.150, 7, 75483 MiB, 100 %, 298.11 W, 1980 MHz, 17 %, 71
2026/10/10 13:33:04.150, 0, 75483 MiB, 100 %, 269.78 W, 1980 MHz, 18 %, 37
2026/10/10 13:33:04.150, 1, 75483 MiB, 100 %, 287.90 W, 1980 MHz, 18 %, 60
2026/10/10 13:33:04.150, 2, 75483 MiB, 100 %, 268.65 W, 1980 MHz, 18 %, 40
2026/10/10 13:33:04.150, 3, 75483 MiB, 100 %, 271.72 W, 1980 MHz, 18 %, 35
2026/10/10 13:33:04.150, 4, 75483 MiB, 100 %, 260.64 W, 1980 MHz, 18 %, 36
2026/10/10 13:33:04.150, 5, 75483 MiB, 100 %, 271.36 W, 1980 MHz, 18 %, 40
2026/10/10 13:33:04.150, 6, 75483 MiB, 100 %, 259.88 W, 1980 MHz, 18 %, 38
2026/10/10 13:33:04.150, 7, 75483 MiB, 100 %, 298.34 W, 1980 MHz, 17 %, 71
2026/10/10 13:33:05.151, 0, 75483 MiB, 100 %, 268.40 W, 1980 MHz, 17 %, 36
2026/10/10 13:33:05.151, 1, 75483 MiB, 100 %, 286.11 W, 1980 MHz, 18 %, 60
2026/10/10 13:33:05.151, 2, 75483 MiB, 100 %, 267.82 W, 1980 MHz, 17 %, 40
2026/10/10 13:33:05.151, 3, 75483 MiB, 100 %, 270.15 W, 1980 MHz, 18 %, 35
2026/10/10 13:33:05.151, 4, 75483 MiB, 100 %, 260.40 W, 1980 MHz, 17 %, 35
2026/10/10 13:33:05.151, 5, 75483 MiB, 100 %, 272.11 W, 1980 MHz, 18 %, 40
2026/10/10 13:33:05.151, 6, 75483 MiB, 100 %, 260.08 W, 1980 MHz, 18 %, 38
2026/10/10 13:33:05.151, 7, 75483 MiB, 100 %, 298.33 W, 1980 MHz, 17 %, 71
2026/10/10 13:33:06.151, 0, 75483 MiB, 100 %, 267.01 W, 1980 MHz, 17 %, 36
2026/10/10 13:33:06.151, 1, 75483 MiB, 100 %, 285.64 W, 1980 MHz, 18 %, 60
2026/10/10 13:33:06.151, 2, 75483 MiB, 100 %, 267.70 W, 1980 MHz, 17 %, 40
2026/10/10 13:33:06.151, 3, 75483 MiB, 100 %, 271.13 W, 1980 MHz, 18 %, 35
2026/10/10 13:33:06.151, 4, 75483 MiB, 100 %, 260.86 W, 1980 MHz, 18 %, 35
2026/10/10 13:33:06.152, 5, 75483 MiB, 100 %, 270.99 W, 1980 MHz, 19 %, 40
2026/10/10 13:33:06.152, 6, 75483 MiB, 100 %, 259.07 W, 1980 MHz, 18 %, 38
2026/10/10 13:33:06.152, 7, 75483 MiB, 100 %, 298.55 W, 1980 MHz, 18 %, 71
2026/10/10 13:33:07.152, 0, 75483 MiB, 100 %, 272.01 W, 1980 MHz, 18 %, 36
2026/10/10 13:33:07.152, 1, 75483 MiB, 100 %, 286.47 W, 1980 MHz, 17 %, 60
2026/10/10 13:33:07.152, 2, 75483 MiB, 100 %, 270.77 W, 1980 MHz, 18 %, 40
2026/10/10 13:33:07.152, 3, 75483 MiB, 100 %, 268.09 W, 1980 MHz, 18 %, 35
2026/10/10 13:33:07.152, 4, 75483 MiB, 100 %, 261.52 W, 1980 MHz, 18 %, 35
2026/10/10 13:33:07.152, 5, 75483 MiB, 100 %, 268.15 W, 1980 MHz, 18 %, 40
2026/10/10 13:33:07.152, 6, 75483 MiB, 100 %, 258.22 W, 1980 MHz, 18 %, 38
2026/10/10 13:33:07.152, 7, 75483 MiB, 100 %, 298.63 W, 1980 MHz, 17 %, 71
2026/10/10 13:33:08.152, 0, 75483 MiB, 100 %, 268.74 W, 1980 MHz, 18 %, 36
2026/10/10 13:33:08.153, 1, 75483 MiB, 100 %, 284.86 W, 1980 MHz, 17 %, 60
2026/10/10 13:33:08.153, 2, 75483 MiB, 100 %, 270.83 W, 1980 MHz, 18 %, 40
2026/10/10 13:33:08.153, 3, 75483 MiB, 100 %, 271.69 W, 1980 MHz, 18 %, 35
2026/10/10 13:33:08.153, 4, 75483 MiB, 100 %, 261.19 W, 1980 MHz, 18 %, 35
2026/10/10 13:33:08.153, 5, 75483 MiB, 100 %, 270.52 W, 1980 MHz, 18 %, 40
2026/10/10 13:33:08.153, 6, 75483 MiB, 100 %, 259.01 W, 1980 MHz, 18 %, 38
2026/10/10 13:33:08.153, 7, 75483 MiB, 100 %, 296.54 W, 1980 MHz, 17 %, 71
2026/10/10 13:33:09.153, 0, 75483 MiB, 100 %, 267.51 W, 1980 MHz, 18 %, 36
2026/10/10 13:33:09.153, 1, 75483 MiB, 100 %, 286.89 W, 1980 MHz, 17 %, 60
2026/10/10 13:33:09.153, 2, 75483 MiB, 100 %, 268.52 W, 1980 MHz, 18 %, 40
2026/10/10 13:33:09.153, 3, 75483 MiB, 100 %, 272.41 W, 1980 MHz, 19 %, 35
2026/10/10 13:33:09.153, 4, 75483 MiB, 100 %, 261.68 W, 1980 MHz, 18 %, 35
2026/10/10 13:33:09.153, 5, 75483 MiB, 100 %, 270.42 W, 1980 MHz, 18 %, 40
2026/10/10 13:33:09.153, 6, 75483 MiB, 100 %, 259.95 W, 1980 MHz, 18 %, 37
2026/10/10 13:33:09.154, 7, 75483 MiB, 100 %, 297.89 W, 1980 MHz, 18 %, 71
2026/10/10 13:33:10.154, 0, 75483 MiB, 26 %, 259.00 W, 1980 MHz, 5 %, 36
2026/10/10 13:33:10.154, 1, 75483 MiB, 99 %, 276.64 W, 1980 MHz, 18 %, 59
2026/10/10 13:33:10.154, 2, 75483 MiB, 44 %, 258.60 W, 1980 MHz, 8 %, 39
2026/10/10 13:33:10.154, 3, 75483 MiB, 78 %, 255.32 W, 1980 MHz, 14 %, 34
2026/10/10 13:33:10.154, 4, 75483 MiB, 0 %, 246.91 W, 1980 MHz, 0 %, 34
2026/10/10 13:33:10.154, 5, 75483 MiB, 6 %, 254.33 W, 1980 MHz, 1 %, 38
2026/10/10 13:33:10.154, 6, 75483 MiB, 47 %, 243.05 W, 1980 MHz, 8 %, 36
2026/10/10 13:33:10.154, 7, 75483 MiB, 0 %, 280.69 W, 1980 MHz, 0 %, 69
2026/10/10 13:33:11.154, 0, 75483 MiB, 100 %, 664.64 W, 1500 MHz, 26 %, 49
2026/10/10 13:33:11.155, 1, 75483 MiB, 100 %, 670.12 W, 1470 MHz, 25 %, 68
2026/10/10 13:33:11.155, 2, 75483 MiB, 100 %, 673.24 W, 1590 MHz, 26 %, 49
2026/10/10 13:33:11.155, 3, 75483 MiB, 100 %, 686.08 W, 1515 MHz, 27 %, 47
2026/10/10 13:33:11.155, 4, 75483 MiB, 100 %, 668.10 W, 1605 MHz, 25 %, 49
2026/10/10 13:33:11.155, 5, 75483 MiB, 100 %, 687.82 W, 1680 MHz, 25 %, 53
2026/10/10 13:33:11.155, 6, 75483 MiB, 100 %, 687.86 W, 1605 MHz, 26 %, 51
2026/10/10 13:33:11.155, 7, 75483 MiB, 100 %, 678.35 W, 1560 MHz, 25 %, 81
2026/10/10 13:33:12.155, 0, 75483 MiB, 100 %, 696.22 W, 1755 MHz, 26 %, 51
2026/10/10 13:33:12.155, 1, 75483 MiB, 100 %, 687.47 W, 1680 MHz, 25 %, 70
2026/10/10 13:33:12.155, 2, 75483 MiB, 100 %, 695.38 W, 1695 MHz, 26 %, 53
2026/10/10 13:33:12.155, 3, 75483 MiB, 100 %, 688.70 W, 1755 MHz, 25 %, 50
2026/10/10 13:33:12.155, 4, 75483 MiB, 100 %, 690.64 W, 1770 MHz, 26 %, 52
2026/10/10 13:33:12.155, 5, 75483 MiB, 100 %, 693.66 W, 1695 MHz, 26 %, 55
2026/10/10 13:33:12.155, 6, 75483 MiB, 100 %, 697.84 W, 1695 MHz, 25 %, 56
2026/10/10 13:33:12.155, 7, 75483 MiB, 100 %, 629.67 W, 1515 MHz, 26 %, 82
2026/10/10 13:33:13.156, 0, 75483 MiB, 100 %, 695.09 W, 1800 MHz, 25 %, 53
2026/10/10 13:33:13.156, 1, 75483 MiB, 100 %, 687.53 W, 1725 MHz, 25 %, 72
2026/10/10 13:33:13.156, 2, 75483 MiB, 100 %, 695.03 W, 1740 MHz, 25 %, 56
2026/10/10 13:33:13.156, 3, 75483 MiB, 100 %, 693.54 W, 1785 MHz, 25 %, 51
2026/10/10 13:33:13.156, 4, 75483 MiB, 100 %, 694.20 W, 1725 MHz, 25 %, 54
2026/10/10 13:33:13.156, 5, 75483 MiB, 100 %, 689.75 W, 1695 MHz, 25 %, 57
2026/10/10 13:33:13.156, 6, 75483 MiB, 100 %, 692.11 W, 1695 MHz, 25 %, 57
2026/10/10 13:33:13.156, 7, 75483 MiB, 100 %, 593.99 W, 1530 MHz, 25 %, 82
2026/10/10 13:33:14.156, 0, 75483 MiB, 100 %, 311.12 W, 1980 MHz, 18 %, 39
2026/10/10 13:33:14.156, 1, 75483 MiB, 100 %, 322.05 W, 1980 MHz, 18 %, 61
2026/10/10 13:33:14.156, 2, 75483 MiB, 100 %, 303.42 W, 1980 MHz, 18 %, 43
2026/10/10 13:33:14.156, 3, 75483 MiB, 100 %, 293.59 W, 1980 MHz, 17 %, 38
2026/10/10 13:33:14.157, 4, 75483 MiB, 100 %, 309.38 W, 1980 MHz, 18 %, 39
2026/10/10 13:33:14.157, 5, 75483 MiB, 100 %, 304.68 W, 1980 MHz, 17 %, 43
2026/10/10 13:33:14.157, 6, 75483 MiB, 100 %, 294.63 W, 1980 MHz, 18 %, 42
2026/10/10 13:33:14.157, 7, 75483 MiB, 100 %, 309.52 W, 1980 MHz, 18 %, 73
2026/10/10 13:33:15.157, 0, 75483 MiB, 100 %, 270.45 W, 1980 MHz, 18 %, 38
2026/10/10 13:33:15.157, 1, 75483 MiB, 100 %, 284.97 W, 1980 MHz, 18 %, 60
2026/10/10 13:33:15.157, 2, 75483 MiB, 100 %, 274.54 W, 1980 MHz, 18 %, 42
2026/10/10 13:33:15.157, 3, 75483 MiB, 100 %, 267.67 W, 1980 MHz, 18 %, 36
2026/10/10 13:33:15.157, 4, 75483 MiB, 100 %, 261.67 W, 1980 MHz, 17 %, 37
2026/10/10 13:33:15.157, 5, 75483 MiB, 100 %, 270.66 W, 1980 MHz, 18 %, 42
2026/10/10 13:33:15.157, 6, 75483 MiB, 100 %, 261.00 W, 1980 MHz, 18 %, 40
2026/10/10 13:33:15.157, 7, 75483 MiB, 100 %, 298.97 W, 1980 MHz, 17 %, 72
2026/10/10 13:33:16.157, 0, 75483 MiB, 100 %, 267.30 W, 1980 MHz, 18 %, 37
2026/10/10 13:33:16.158, 1, 75483 MiB, 100 %, 284.98 W, 1980 MHz, 18 %, 60
2026/10/10 13:33:16.158, 2, 75483 MiB, 100 %, 272.90 W, 1980 MHz, 18 %, 41
2026/10/10 13:33:16.158, 3, 75483 MiB, 100 %, 265.03 W, 1980 MHz, 17 %, 36
2026/10/10 13:33:16.158, 4, 75483 MiB, 100 %, 261.26 W, 1980 MHz, 17 %, 37
2026/10/10 13:33:16.158, 5, 75483 MiB, 100 %, 269.98 W, 1980 MHz, 18 %, 41
2026/10/10 13:33:16.158, 6, 75483 MiB, 100 %, 260.19 W, 1980 MHz, 18 %, 39
2026/10/10 13:33:16.158, 7, 75483 MiB, 100 %, 297.52 W, 1980 MHz, 18 %, 72
2026/10/10 13:33:17.158, 0, 75483 MiB, 100 %, 267.38 W, 1980 MHz, 18 %, 37
2026/10/10 13:33:17.158, 1, 75483 MiB, 100 %, 286.47 W, 1980 MHz, 18 %, 60
2026/10/10 13:33:17.158, 2, 75483 MiB, 100 %, 271.56 W, 1980 MHz, 18 %, 41
2026/10/10 13:33:17.158, 3, 75483 MiB, 100 %, 265.84 W, 1980 MHz, 18 %, 36
2026/10/10 13:33:17.158, 4, 75483 MiB, 100 %, 261.55 W, 1980 MHz, 18 %, 36
2026/10/10 13:33:17.158, 5, 75483 MiB, 100 %, 269.55 W, 1980 MHz, 17 %, 41
2026/10/10 13:33:17.159, 6, 75483 MiB, 100 %, 260.17 W, 1980 MHz, 18 %, 39
2026/10/10 13:33:17.159, 7, 75483 MiB, 100 %, 297.33 W, 1980 MHz, 17 %, 72
2026/10/10 13:33:18.159, 0, 75483 MiB, 100 %, 268.67 W, 1980 MHz, 17 %, 37
2026/10/10 13:33:18.159, 1, 75483 MiB, 100 %, 286.76 W, 1980 MHz, 18 %, 60
2026/10/10 13:33:18.159, 2, 75483 MiB, 100 %, 270.90 W, 1980 MHz, 18 %, 41
2026/10/10 13:33:18.159, 3, 75483 MiB, 100 %, 266.17 W, 1980 MHz, 18 %, 35
2026/10/10 13:33:18.159, 4, 75483 MiB, 100 %, 261.85 W, 1980 MHz, 18 %, 36
2026/10/10 13:33:18.159, 5, 75483 MiB, 100 %, 266.36 W, 1980 MHz, 18 %, 41
2026/10/10 13:33:18.159, 6, 75483 MiB, 100 %, 259.21 W, 1980 MHz, 18 %, 38
2026/10/10 13:33:18.159, 7, 75483 MiB, 100 %, 297.70 W, 1980 MHz, 18 %, 72
2026/10/10 13:33:19.159, 0, 75483 MiB, 100 %, 268.18 W, 1980 MHz, 18 %, 37
2026/10/10 13:33:19.159, 1, 75483 MiB, 100 %, 288.22 W, 1980 MHz, 18 %, 60
2026/10/10 13:33:19.160, 2, 75483 MiB, 100 %, 269.08 W, 1980 MHz, 18 %, 41
2026/10/10 13:33:19.160, 3, 75483 MiB, 100 %, 265.92 W, 1980 MHz, 17 %, 35
2026/10/10 13:33:19.160, 4, 75483 MiB, 100 %, 261.21 W, 1980 MHz, 18 %, 36
2026/10/10 13:33:19.160, 5, 75483 MiB, 100 %, 268.05 W, 1980 MHz, 18 %, 41
2026/10/10 13:33:19.160, 6, 75483 MiB, 100 %, 258.52 W, 1980 MHz, 18 %, 38
2026/10/10 13:33:19.160, 7, 75483 MiB, 100 %, 297.14 W, 1980 MHz, 18 %, 72
2026/10/10 13:33:20.160, 0, 75483 MiB, 100 %, 268.38 W, 1980 MHz, 18 %, 37
2026/10/10 13:33:20.160, 1, 75483 MiB, 100 %, 287.64 W, 1980 MHz, 17 %, 60
2026/10/10 13:33:20.160, 2, 75483 MiB, 100 %, 270.55 W, 1980 MHz, 18 %, 41
2026/10/10 13:33:20.160, 3, 75483 MiB, 100 %, 265.27 W, 1980 MHz, 17 %, 35
2026/10/10 13:33:20.160, 4, 75483 MiB, 100 %, 262.67 W, 1980 MHz, 18 %, 36
2026/10/10 13:33:20.160, 5, 75483 MiB, 100 %, 266.42 W, 1980 MHz, 17 %, 40
2026/10/10 13:33:20.160, 6, 75483 MiB, 100 %, 259.26 W, 1980 MHz, 18 %, 38
2026/10/10 13:33:20.160, 7, 75483 MiB, 100 %, 296.84 W, 1980 MHz, 17 %, 71
2026/10/10 13:33:21.161, 0, 75483 MiB, 100 %, 268.84 W, 1980 MHz, 18 %, 37
2026/10/10 13:33:21.161, 1, 75483 MiB, 100 %, 286.74 W, 1980 MHz, 17 %, 60
2026/10/10 13:33:21.161, 2, 75483 MiB, 100 %, 270.51 W, 1980 MHz, 18 %, 41
2026/10/10 13:33:21.161, 3, 75483 MiB, 100 %, 265.68 W, 1980 MHz, 17 %, 35
2026/10/10 13:33:21.161, 4, 75483 MiB, 100 %, 262.62 W, 1980 MHz, 18 %, 36
2026/10/10 13:33:21.161, 5, 75483 MiB, 100 %, 266.35 W, 1980 MHz, 17 %, 40
2026/10/10 13:33:21.161, 6, 75483 MiB, 100 %, 259.77 W, 1980 MHz, 18 %, 38
2026/10/10 13:33:21.161, 7, 75483 MiB, 100 %, 296.93 W, 1980 MHz, 18 %, 71
2026/10/10 13:33:22.161, 0, 75483 MiB, 100 %, 269.44 W, 1980 MHz, 18 %, 36
2026/10/10 13:33:22.161, 1, 75483 MiB, 100 %, 286.95 W, 1980 MHz, 18 %, 60
2026/10/10 13:33:22.161, 2, 75483 MiB, 100 %, 271.25 W, 1980 MHz, 18 %, 40
2026/10/10 13:33:22.161, 3, 75483 MiB, 100 %, 264.42 W, 1980 MHz, 18 %, 35
2026/10/10 13:33:22.162, 4, 75483 MiB, 100 %, 261.89 W, 1980 MHz, 18 %, 36
2026/10/10 13:33:22.162, 5, 75483 MiB, 100 %, 267.43 W, 1980 MHz, 17 %, 40
2026/10/10 13:33:22.162, 6, 75483 MiB, 100 %, 260.18 W, 1980 MHz, 18 %, 38
2026/10/10 13:33:22.162, 7, 75483 MiB, 100 %, 297.57 W, 1980 MHz, 18 %, 71
2026/10/10 13:33:23.162, 0, 75483 MiB, 100 %, 268.61 W, 1980 MHz, 17 %, 36
2026/10/10 13:33:23.162, 1, 75483 MiB, 100 %, 284.49 W, 1980 MHz, 18 %, 60
2026/10/10 13:33:23.162, 2, 75483 MiB, 100 %, 271.58 W, 1980 MHz, 18 %, 40
2026/10/10 13:33:23.162, 3, 75483 MiB, 100 %, 265.22 W, 1980 MHz, 17 %, 35
2026/10/10 13:33:23.162, 4, 75483 MiB, 100 %, 261.66 W, 1980 MHz, 18 %, 35
2026/10/10 13:33:23.162, 5, 75483 MiB, 100 %, 267.99 W, 1980 MHz, 17 %, 40
2026/10/10 13:33:23.162, 6, 75483 MiB, 100 %, 256.58 W, 1980 MHz, 18 %, 38
2026/10/10 13:33:23.162, 7, 75483 MiB, 100 %, 296.70 W, 1980 MHz, 17 %, 71
2026/10/10 13:33:24.162, 0, 75483 MiB, 100 %, 267.19 W, 1980 MHz, 18 %, 36
2026/10/10 13:33:24.163, 1, 75483 MiB, 100 %, 285.05 W, 1980 MHz, 17 %, 60
2026/10/10 13:33:24.163, 2, 75483 MiB, 100 %, 270.83 W, 1980 MHz, 18 %, 40
2026/10/10 13:33:24.163, 3, 75483 MiB, 100 %, 261.31 W, 1980 MHz, 17 %, 35
2026/10/10 13:33:24.163, 4, 75483 MiB, 100 %, 263.93 W, 1980 MHz, 18 %, 35
2026/10/10 13:33:24.163, 5, 75483 MiB, 100 %, 264.66 W, 1980 MHz, 17 %, 40
2026/10/10 13:33:24.163, 6, 75483 MiB, 100 %, 258.15 W, 1980 MHz, 18 %, 38
2026/10/10 13:33:24.163, 7, 75483 MiB, 100 %, 298.37 W, 1980 MHz, 17 %, 71
2026/10/10 13:33:25.163, 0, 75483 MiB, 100 %, 266.50 W, 1980 MHz, 18 %, 36
2026/10/10 13:33:25.163, 1, 75483 MiB, 100 %, 285.53 W, 1980 MHz, 17 %, 60
2026/10/10 13:33:25.163, 2, 75483 MiB, 100 %, 271.77 W, 1980 MHz, 18 %, 40
2026/10/10 13:33:25.163, 3, 75483 MiB, 100 %, 263.13 W, 1980 MHz, 18 %, 35
2026/10/10 13:33:25.163, 4, 75483 MiB, 100 %, 266.11 W, 1980 MHz, 18 %, 35
2026/10/10 13:33:25.163, 5, 75483 MiB, 100 %, 266.30 W, 1980 MHz, 17 %, 40
2026/10/10 13:33:25.163, 6, 75483 MiB, 100 %, 256.41 W, 1980 MHz, 18 %, 38
2026/10/10 13:33:25.164, 7, 75483 MiB, 100 %, 298.75 W, 1980 MHz, 18 %, 71
2026/10/10 13:33:26.164, 0, 75483 MiB, 100 %, 394.55 W, 1800 MHz, 30 %, 47
2026/10/10 13:33:26.164, 1, 75483 MiB, 100 %, 399.64 W, 1755 MHz, 31 %, 69
2026/10/10 13:33:26.164, 2, 75483 MiB, 100 %, 401.93 W, 1800 MHz, 31 %, 51
2026/10/10 13:33:26.164, 3, 75483 MiB, 100 %, 398.64 W, 1770 MHz, 31 %, 46
2026/10/10 13:33:26.164, 4, 75483 MiB, 100 %, 394.67 W, 1785 MHz, 31 %, 47
2026/10/10 13:33:26.164, 5, 75483 MiB, 100 %, 403.71 W, 1785 MHz, 30 %, 51
2026/10/10 13:33:26.164, 6, 75483 MiB, 100 %, 399.76 W, 1815 MHz, 30 %, 50
2026/10/10 13:33:26.164, 7, 75483 MiB, 100 %, 434.72 W, 1725 MHz, 30 %, 81
2026/10/10 13:33:27.164, 0, 75483 MiB, 100 %, 691.66 W, 1815 MHz, 28 %, 51
2026/10/10 13:33:27.164, 1, 75483 MiB, 100 %, 692.67 W, 1785 MHz, 28 %, 71
2026/10/10 13:33:27.164, 2, 75483 MiB, 100 %, 691.58 W, 1860 MHz, 28 %, 53
2026/10/10 13:33:27.165, 3, 75483 MiB, 100 %, 692.73 W, 1830 MHz, 28 %, 50
2026/10/10 13:33:27.165, 4, 75483 MiB, 100 %, 691.68 W, 1830 MHz, 28 %, 51
2026/10/10 13:33:27.165, 5, 75483 MiB, 100 %, 687.63 W, 1815 MHz, 28 %, 56
2026/10/10 13:33:27.165, 6, 75483 MiB, 100 %, 688.92 W, 1845 MHz, 29 %, 55
2026/10/10 13:33:27.165, 7, 75483 MiB, 100 %, 681.81 W, 1590 MHz, 28 %, 83
2026/10/10 13:33:28.165, 0, 75483 MiB, 100 %, 696.15 W, 1860 MHz, 25 %, 53
2026/10/10 13:33:28.165, 1, 75483 MiB, 100 %, 692.46 W, 1830 MHz, 25 %, 72
2026/10/10 13:33:28.165, 2, 75483 MiB, 100 %, 691.84 W, 1890 MHz, 25 %, 55
2026/10/10 13:33:28.165, 3, 75483 MiB, 100 %, 692.22 W, 1860 MHz, 25 %, 51
2026/10/10 13:33:28.165, 4, 75483 MiB, 100 %, 686.37 W, 1860 MHz, 25 %, 53
2026/10/10 13:33:28.165, 5, 75483 MiB, 100 %, 693.33 W, 1830 MHz, 25 %, 57
2026/10/10 13:33:28.165, 6, 75483 MiB, 100 %, 692.59 W, 1860 MHz, 25 %, 57
2026/10/10 13:33:28.165, 7, 75483 MiB, 100 %, 612.47 W, 1545 MHz, 26 %, 82
2026/10/10 13:33:29.166, 0, 75483 MiB, 100 %, 436.57 W, 1980 MHz, 17 %, 40
2026/10/10 13:33:29.166, 1, 75483 MiB, 100 %, 455.39 W, 1980 MHz, 17 %, 61
2026/10/10 13:33:29.166, 2, 75483 MiB, 100 %, 440.21 W, 1980 MHz, 17 %, 44
2026/10/10 13:33:29.166, 3, 75483 MiB, 100 %, 432.07 W, 1980 MHz, 17 %, 39
2026/10/10 13:33:29.166, 4, 75483 MiB, 100 %, 424.00 W, 1980 MHz, 17 %, 40
2026/10/10 13:33:29.166, 5, 75483 MiB, 100 %, 432.94 W, 1980 MHz, 17 %, 44
2026/10/10 13:33:29.166, 6, 75483 MiB, 100 %, 425.80 W, 1980 MHz, 18 %, 43
2026/10/10 13:33:29.166, 7, 75483 MiB, 100 %, 394.66 W, 1980 MHz, 17 %, 73
2026/10/10 13:33:30.166, 0, 75483 MiB, 100 %, 269.38 W, 1980 MHz, 18 %, 38
2026/10/10 13:33:30.166, 1, 75483 MiB, 100 %, 286.35 W, 1980 MHz, 17 %, 60
2026/10/10 13:33:30.166, 2, 75483 MiB, 100 %, 271.05 W, 1980 MHz, 18 %, 42
2026/10/10 13:33:30.166, 3, 75483 MiB, 100 %, 266.92 W, 1980 MHz, 17 %, 36
2026/10/10 13:33:30.166, 4, 75483 MiB, 100 %, 262.20 W, 1980 MHz, 17 %, 37
2026/10/10 13:33:30.167, 5, 75483 MiB, 100 %, 268.23 W, 1980 MHz, 17 %, 42
2026/10/10 13:33:30.167, 6, 75483 MiB, 100 %, 262.53 W, 1980 MHz, 18 %, 40
2026/10/10 13:33:30.167, 7, 75483 MiB, 100 %, 299.33 W, 1980 MHz, 17 %, 72
2026/10/10 13:33:31.167, 0, 75483 MiB, 100 %, 267.72 W, 1980 MHz, 18 %, 37
2026/10/10 13:33:31.167, 1, 75483 MiB, 100 %, 284.62 W, 1980 MHz, 18 %, 60
2026/10/10 13:33:31.167, 2, 75483 MiB, 100 %, 268.67 W, 1980 MHz, 18 %, 42
2026/10/10 13:33:31.167, 3, 75483 MiB, 100 %, 266.85 W, 1980 MHz, 17 %, 36
2026/10/10 13:33:31.167, 4, 75483 MiB, 100 %, 260.77 W, 1980 MHz, 18 %, 37
2026/10/10 13:33:31.167, 5, 75483 MiB, 100 %, 265.87 W, 1980 MHz, 17 %, 41
2026/10/10 13:33:31.167, 6, 75483 MiB, 100 %, 258.76 W, 1980 MHz, 17 %, 39
2026/10/10 13:33:31.167, 7, 75483 MiB, 100 %, 298.09 W, 1980 MHz, 17 %, 72
2026/10/10 13:33:32.167, 0, 75483 MiB, 100 %, 268.19 W, 1980 MHz, 18 %, 37
2026/10/10 13:33:32.167, 1, 75483 MiB, 100 %, 285.66 W, 1980 MHz, 17 %, 60
2026/10/10 13:33:32.168, 2, 75483 MiB, 100 %, 268.82 W, 1980 MHz, 17 %, 41
2026/10/10 13:33:32.168, 3, 75483 MiB, 100 %, 265.73 W, 1980 MHz, 17 %, 36
2026/10/10 13:33:32.168, 4, 75483 MiB, 100 %, 262.98 W, 1980 MHz, 18 %, 36
2026/10/10 13:33:32.168, 5, 75483 MiB, 100 %, 266.88 W, 1980 MHz, 17 %, 41
2026/10/10 13:33:32.168, 6, 75483 MiB, 100 %, 257.11 W, 1980 MHz, 17 %, 39
2026/10/10 13:33:32.168, 7, 75483 MiB, 100 %, 300.13 W, 1980 MHz, 17 %, 72
2026/10/10 13:33:33.168, 0, 75483 MiB, 100 %, 267.03 W, 1980 MHz, 18 %, 37
2026/10/10 13:33:33.168, 1, 75483 MiB, 100 %, 283.05 W, 1980 MHz, 17 %, 60
2026/10/10 13:33:33.168, 2, 75483 MiB, 100 %, 271.70 W, 1980 MHz, 18 %, 41
2026/10/10 13:33:33.168, 3, 75483 MiB, 100 %, 264.78 W, 1980 MHz, 17 %, 35
2026/10/10 13:33:33.168, 4, 75483 MiB, 100 %, 260.57 W, 1980 MHz, 17 %, 36
2026/10/10 13:33:33.168, 5, 75483 MiB, 100 %, 267.69 W, 1980 MHz, 17 %, 41
2026/10/10 13:33:33.168, 6, 75483 MiB, 100 %, 257.33 W, 1980 MHz, 18 %, 38
2026/10/10 13:33:33.168, 7, 75483 MiB, 100 %, 297.61 W, 1980 MHz, 17 %, 72
2026/10/10 13:33:34.169, 0, 75483 MiB, 100 %, 266.97 W, 1980 MHz, 18 %, 37
2026/10/10 13:33:34.169, 1, 75483 MiB, 100 %, 284.59 W, 1980 MHz, 17 %, 60
2026/10/10 13:33:34.169, 2, 75483 MiB, 100 %, 268.18 W, 1980 MHz, 18 %, 41
2026/10/10 13:33:34.169, 3, 75483 MiB, 100 %, 266.81 W, 1980 MHz, 18 %, 35
2026/10/10 13:33:34.169, 4, 75483 MiB, 100 %, 260.03 W, 1980 MHz, 17 %, 36
2026/10/10 13:33:34.169, 5, 75483 MiB, 100 %, 265.53 W, 1980 MHz, 17 %, 40
2026/10/10 13:33:34.169, 6, 75483 MiB, 100 %, 258.60 W, 1980 MHz, 17 %, 38
2026/10/10 13:33:34.169, 7, 75483 MiB, 100 %, 299.98 W, 1980 MHz, 17 %, 72
2026/10/10 13:33:35.169, 0, 75483 MiB, 100 %, 267.64 W, 1980 MHz, 18 %, 37
2026/10/10 13:33:35.169, 1, 75483 MiB, 100 %, 286.33 W, 1980 MHz, 17 %, 60
2026/10/10 13:33:35.169, 2, 75483 MiB, 100 %, 269.30 W, 1980 MHz, 17 %, 41
2026/10/10 13:33:35.170, 3, 75483 MiB, 100 %, 265.09 W, 1980 MHz, 17 %, 35
2026/10/10 13:33:35.170, 4, 75483 MiB, 100 %, 259.08 W, 1980 MHz, 17 %, 36
2026/10/10 13:33:35.170, 5, 75483 MiB, 100 %, 266.33 W, 1980 MHz, 17 %, 40
2026/10/10 13:33:35.170, 6, 75483 MiB, 100 %, 257.44 W, 1980 MHz, 18 %, 38
2026/10/10 13:33:35.170, 7, 75483 MiB, 100 %, 298.90 W, 1980 MHz, 17 %, 71
2026/10/10 13:33:36.171, 0, 75483 MiB, 100 %, 268.82 W, 1980 MHz, 17 %, 36
2026/10/10 13:33:36.171, 1, 75483 MiB, 100 %, 285.37 W, 1980 MHz, 18 %, 60
2026/10/10 13:33:36.171, 2, 75483 MiB, 100 %, 267.92 W, 1980 MHz, 17 %, 40
2026/10/10 13:33:36.171, 3, 75483 MiB, 100 %, 266.20 W, 1980 MHz, 18 %, 35
2026/10/10 13:33:36.171, 4, 75483 MiB, 100 %, 260.83 W, 1980 MHz, 17 %, 36
2026/10/10 13:33:36.171, 5, 75483 MiB, 100 %, 264.73 W, 1980 MHz, 17 %, 40
2026/10/10 13:33:36.171, 6, 75483 MiB, 100 %, 258.09 W, 1980 MHz, 18 %, 38
2026/10/10 13:33:36.171, 7, 75483 MiB, 100 %, 298.27 W, 1980 MHz, 17 %, 71
2026/10/10 13:33:37.171, 0, 75483 MiB, 100 %, 269.54 W, 1980 MHz, 17 %, 36
2026/10/10 13:33:37.171, 1, 75483 MiB, 100 %, 286.17 W, 1980 MHz, 17 %, 60
2026/10/10 13:33:37.171, 2, 75483 MiB, 100 %, 269.14 W, 1980 MHz, 18 %, 40
2026/10/10 13:33:37.171, 3, 75483 MiB, 100 %, 266.88 W, 1980 MHz, 18 %, 35
2026/10/10 13:33:37.171, 4, 75483 MiB, 100 %, 259.65 W, 1980 MHz, 18 %, 35
2026/10/10 13:33:37.172, 5, 75483 MiB, 100 %, 265.38 W, 1980 MHz, 17 %, 40
2026/10/10 13:33:37.172, 6, 75483 MiB, 100 %, 259.08 W, 1980 MHz, 18 %, 38
2026/10/10 13:33:37.172, 7, 75483 MiB, 100 %, 298.79 W, 1980 MHz, 17 %, 71
2026/10/10 13:33:38.172, 0, 75483 MiB, 100 %, 267.72 W, 1980 MHz, 18 %, 36
2026/10/10 13:33:38.172, 1, 75483 MiB, 100 %, 286.05 W, 1980 MHz, 18 %, 60
2026/10/10 13:33:38.172, 2, 75483 MiB, 100 %, 267.77 W, 1980 MHz, 18 %, 40
2026/10/10 13:33:38.172, 3, 75483 MiB, 100 %, 267.01 W, 1980 MHz, 18 %, 35
2026/10/10 13:33:38.172, 4, 75483 MiB, 100 %, 259.42 W, 1980 MHz, 17 %, 35
2026/10/10 13:33:38.172, 5, 75483 MiB, 100 %, 265.63 W, 1980 MHz, 17 %, 40
2026/10/10 13:33:38.172, 6, 75483 MiB, 100 %, 258.11 W, 1980 MHz, 18 %, 38
2026/10/10 13:33:38.172, 7, 75483 MiB, 100 %, 297.77 W, 1980 MHz, 17 %, 71
2026/10/10 13:33:39.172, 0, 75483 MiB, 100 %, 267.33 W, 1980 MHz, 18 %, 36
2026/10/10 13:33:39.172, 1, 75483 MiB, 100 %, 284.69 W, 1980 MHz, 17 %, 60
2026/10/10 13:33:39.173, 2, 75483 MiB, 100 %, 269.47 W, 1980 MHz, 18 %, 40
2026/10/10 13:33:39.173, 3, 75483 MiB, 100 %, 265.73 W, 1980 MHz, 17 %, 35
2026/10/10 13:33:39.173, 4, 75483 MiB, 100 %, 258.59 W, 1980 MHz, 18 %, 35
2026/10/10 13:33:39.173, 5, 75483 MiB, 100 %, 266.27 W, 1980 MHz, 17 %, 40
2026/10/10 13:33:39.173, 6, 75483 MiB, 100 %, 255.47 W, 1980 MHz, 17 %, 38
2026/10/10 13:33:39.173, 7, 75483 MiB, 100 %, 299.40 W, 1980 MHz, 17 %, 71
2026/10/10 13:33:40.173, 0, 75483 MiB, 100 %, 268.15 W, 1980 MHz, 18 %, 36
2026/10/10 13:33:40.173, 1, 75483 MiB, 100 %, 282.93 W, 1980 MHz, 17 %, 60
2026/10/10 13:33:40.173, 2, 75483 MiB, 100 %, 268.24 W, 1980 MHz, 18 %, 40
2026/10/10 13:33:40.174, 3, 75483 MiB, 100 %, 265.83 W, 1980 MHz, 18 %, 35
2026/10/10 13:33:40.174, 4, 75483 MiB, 100 %, 260.73 W, 1980 MHz, 18 %, 35
2026/10/10 13:33:40.174, 5, 75483 MiB, 100 %, 264.52 W, 1980 MHz, 17 %, 40
2026/10/10 13:33:40.174, 6, 75483 MiB, 100 %, 256.97 W, 1980 MHz, 18 %, 37
2026/10/10 13:33:40.174, 7, 75483 MiB, 100 %, 295.02 W, 1980 MHz, 17 %, 71
2026/10/10 13:33:41.174, 0, 75483 MiB, 95 %, 312.25 W, 1785 MHz, 30 %, 47
2026/10/10 13:33:41.175, 1, 75483 MiB, 100 %, 316.52 W, 1785 MHz, 31 %, 67
2026/10/10 13:33:41.175, 2, 75483 MiB, 78 %, 312.85 W, 1830 MHz, 24 %, 48
2026/10/10 13:33:41.175, 3, 75483 MiB, 45 %, 316.47 W, 1800 MHz, 14 %, 43
2026/10/10 13:33:41.175, 4, 75483 MiB, 100 %, 316.71 W, 1785 MHz, 31 %, 43
2026/10/10 13:33:41.175, 5, 75483 MiB, 100 %, 314.37 W, 1770 MHz, 31 %, 49
2026/10/10 13:33:41.175, 6, 75483 MiB, 87 %, 308.66 W, 1770 MHz, 28 %, 46
2026/10/10 13:33:41.175, 7, 75483 MiB, 100 %, 356.07 W, 1755 MHz, 31 %, 80
2026/10/10 13:33:42.175, 0, 75483 MiB, 100 %, 695.44 W, 1800 MHz, 28 %, 51
2026/10/10 13:33:42.175, 1, 75483 MiB, 100 %, 696.88 W, 1710 MHz, 29 %, 69
2026/10/10 13:33:42.175, 2, 75483 MiB, 100 %, 698.78 W, 1710 MHz, 28 %, 52
2026/10/10 13:33:42.175, 3, 75483 MiB, 100 %, 699.20 W, 1740 MHz, 28 %, 48
2026/10/10 13:33:42.175, 4, 75483 MiB, 100 %, 698.33 W, 1755 MHz, 28 %, 50
2026/10/10 13:33:42.175, 5, 75483 MiB, 100 %, 698.51 W, 1755 MHz, 28 %, 55
2026/10/10 13:33:42.176, 6, 75483 MiB, 100 %, 696.48 W, 1770 MHz, 28 %, 54
2026/10/10 13:33:42.176, 7, 75483 MiB, 100 %, 697.63 W, 1695 MHz, 28 %, 84
2026/10/10 13:33:43.176, 0, 75483 MiB, 100 %, 689.46 W, 1845 MHz, 25 %, 52
2026/10/10 13:33:43.176, 1, 75483 MiB, 100 %, 695.16 W, 1800 MHz, 25 %, 70
2026/10/10 13:33:43.176, 2, 75483 MiB, 100 %, 698.03 W, 1830 MHz, 25 %, 54
2026/10/10 13:33:43.176, 3, 75483 MiB, 100 %, 686.67 W, 1830 MHz, 25 %, 50
2026/10/10 13:33:43.176, 4, 75483 MiB, 100 %, 693.18 W, 1875 MHz, 25 %, 53
2026/10/10 13:33:43.176, 5, 75483 MiB, 100 %, 692.40 W, 1815 MHz, 25 %, 56
2026/10/10 13:33:43.176, 6, 75483 MiB, 100 %, 690.59 W, 1875 MHz, 25 %, 57
2026/10/10 13:33:43.176, 7, 75483 MiB, 100 %, 601.68 W, 1485 MHz, 25 %, 81
2026/10/10 13:33:44.176, 0, 75483 MiB, 100 %, 692.44 W, 1770 MHz, 27 %, 53
2026/10/10 13:33:44.176, 1, 75483 MiB, 100 %, 692.59 W, 1665 MHz, 29 %, 72
2026/10/10 13:33:44.176, 2, 75483 MiB, 100 %, 694.39 W, 1860 MHz, 26 %, 56
2026/10/10 13:33:44.177, 3, 75483 MiB, 100 %, 698.79 W, 1785 MHz, 25 %, 51
2026/10/10 13:33:44.177, 4, 75483 MiB, 100 %, 691.92 W, 1770 MHz, 28 %, 54
2026/10/10 13:33:44.177, 5, 75483 MiB, 100 %, 693.46 W, 1785 MHz, 28 %, 57
2026/10/10 13:33:44.177, 6, 75483 MiB, 100 %, 695.86 W, 1815 MHz, 26 %, 57
2026/10/10 13:33:44.177, 7, 75483 MiB, 100 %, 587.69 W, 1545 MHz, 28 %, 82
2026/10/10 13:33:45.177, 0, 75483 MiB, 100 %, 338.01 W, 1980 MHz, 17 %, 39
2026/10/10 13:33:45.177, 1, 75483 MiB, 100 %, 357.18 W, 1980 MHz, 18 %, 61
2026/10/10 13:33:45.177, 2, 75483 MiB, 100 %, 333.86 W, 1980 MHz, 18 %, 44
2026/10/10 13:33:45.178, 3, 75483 MiB, 100 %, 327.63 W, 1980 MHz, 18 %, 38
2026/10/10 13:33:45.178, 4, 75483 MiB, 100 %, 321.12 W, 1980 MHz, 17 %, 39
2026/10/10 13:33:45.178, 5, 75483 MiB, 100 %, 332.70 W, 1980 MHz, 18 %, 44
2026/10/10 13:33:45.178, 6, 75483 MiB, 100 %, 314.56 W, 1980 MHz, 18 %, 42
2026/10/10 13:33:45.178, 7, 75483 MiB, 100 %, 327.55 W, 1980 MHz, 17 %, 73
2026/10/10 13:33:46.178, 0, 75483 MiB, 100 %, 270.12 W, 1980 MHz, 17 %, 38
2026/10/10 13:33:46.178, 1, 75483 MiB, 100 %, 286.87 W, 1980 MHz, 18 %, 61
2026/10/10 13:33:46.179, 2, 75483 MiB, 100 %, 274.78 W, 1980 MHz, 18 %, 42
2026/10/10 13:33:46.179, 3, 75483 MiB, 100 %, 273.51 W, 1980 MHz, 18 %, 37
2026/10/10 13:33:46.179, 4, 75483 MiB, 100 %, 261.27 W, 1980 MHz, 17 %, 38
2026/10/10 13:33:46.179, 5, 75483 MiB, 100 %, 274.13 W, 1980 MHz, 18 %, 42
2026/10/10 13:33:46.179, 6, 75483 MiB, 100 %, 260.65 W, 1980 MHz, 18 %, 40
2026/10/10 13:33:46.179, 7, 75483 MiB, 100 %, 297.28 W, 1980 MHz, 17 %, 72
2026/10/10 13:33:47.179, 0, 75483 MiB, 100 %, 272.01 W, 1980 MHz, 18 %, 38
2026/10/10 13:33:47.179, 1, 75483 MiB, 100 %, 286.77 W, 1980 MHz, 17 %, 60
2026/10/10 13:33:47.179, 2, 75483 MiB, 100 %, 271.74 W, 1980 MHz, 18 %, 42
2026/10/10 13:33:47.179, 3, 75483 MiB, 100 %, 271.09 W, 1980 MHz, 18 %, 36
2026/10/10 13:33:47.179, 4, 75483 MiB, 100 %, 262.90 W, 1980 MHz, 18 %, 37
2026/10/10 13:33:47.179, 5, 75483 MiB, 100 %, 270.95 W, 1980 MHz, 18 %, 41
2026/10/10 13:33:47.179, 6, 75483 MiB, 100 %, 262.09 W, 1980 MHz, 18 %, 39
2026/10/10 13:33:47.179, 7, 75483 MiB, 100 %, 298.46 W, 1980 MHz, 17 %, 72
2026/10/10 13:33:48.180, 0, 75483 MiB, 100 %, 270.68 W, 1980 MHz, 17 %, 37
2026/10/10 13:33:48.180, 1, 75483 MiB, 100 %, 285.03 W, 1980 MHz, 17 %, 60
2026/10/10 13:33:48.180, 2, 75483 MiB, 100 %, 272.93 W, 1980 MHz, 18 %, 41
2026/10/10 13:33:48.180, 3, 75483 MiB, 100 %, 272.51 W, 1980 MHz, 18 %, 36
2026/10/10 13:33:48.180, 4, 75483 MiB, 100 %, 260.14 W, 1980 MHz, 17 %, 36
2026/10/10 13:33:48.180, 5, 75483 MiB, 100 %, 272.11 W, 1980 MHz, 18 %, 41
2026/10/10 13:33:48.180, 6, 75483 MiB, 100 %, 259.64 W, 1980 MHz, 18 %, 39
2026/10/10 13:33:48.180, 7, 75483 MiB, 100 %, 295.39 W, 1980 MHz, 17 %, 72
2026/10/10 13:33:49.180, 0, 75483 MiB, 100 %, 270.23 W, 1980 MHz, 18 %, 37
2026/10/10 13:33:49.180, 1, 75483 MiB, 100 %, 285.12 W, 1980 MHz, 17 %, 60
2026/10/10 13:33:49.181, 2, 75483 MiB, 100 %, 271.68 W, 1980 MHz, 18 %, 41
2026/10/10 13:33:49.181, 3, 75483 MiB, 100 %, 272.45 W, 1980 MHz, 18 %, 36
2026/10/10 13:33:49.181, 4, 75483 MiB, 100 %, 260.88 W, 1980 MHz, 18 %, 36
2026/10/10 13:33:49.181, 5, 75483 MiB, 100 %, 271.84 W, 1980 MHz, 18 %, 41
2026/10/10 13:33:49.181, 6, 75483 MiB, 100 %, 261.26 W, 1980 MHz, 18 %, 39
2026/10/10 13:33:49.181, 7, 75483 MiB, 100 %, 295.79 W, 1980 MHz, 17 %, 72
2026/10/10 13:33:50.181, 0, 75483 MiB, 100 %, 269.20 W, 1980 MHz, 18 %, 37
2026/10/10 13:33:50.181, 1, 75483 MiB, 100 %, 286.50 W, 1980 MHz, 18 %, 60
2026/10/10 13:33:50.181, 2, 75483 MiB, 100 %, 271.76 W, 1980 MHz, 18 %, 41
2026/10/10 13:33:50.181, 3, 75483 MiB, 100 %, 271.61 W, 1980 MHz, 18 %, 35
2026/10/10 13:33:50.181, 4, 75483 MiB, 100 %, 261.67 W, 1980 MHz, 18 %, 36
2026/10/10 13:33:50.181, 5, 75483 MiB, 100 %, 270.43 W, 1980 MHz, 18 %, 41
2026/10/10 13:33:50.181, 6, 75483 MiB, 100 %, 259.69 W, 1980 MHz, 18 %, 38
2026/10/10 13:33:50.181, 7, 75483 MiB, 100 %, 294.92 W, 1980 MHz, 17 %, 72
2026/10/10 13:33:51.182, 0, 75483 MiB, 100 %, 269.08 W, 1980 MHz, 18 %, 37
2026/10/10 13:33:51.182, 1, 75483 MiB, 100 %, 286.71 W, 1980 MHz, 17 %, 60
2026/10/10 13:33:51.182, 2, 75483 MiB, 100 %, 269.56 W, 1980 MHz, 18 %, 41
2026/10/10 13:33:51.182, 3, 75483 MiB, 100 %, 271.59 W, 1980 MHz, 18 %, 35
2026/10/10 13:33:51.182, 4, 75483 MiB, 100 %, 261.08 W, 1980 MHz, 17 %, 36
2026/10/10 13:33:51.182, 5, 75483 MiB, 100 %, 270.20 W, 1980 MHz, 18 %, 41
2026/10/10 13:33:51.182, 6, 75483 MiB, 100 %, 260.95 W, 1980 MHz, 18 %, 38
2026/10/10 13:33:51.182, 7, 75483 MiB, 100 %, 295.65 W, 1980 MHz, 17 %, 71
2026/10/10 13:33:52.182, 0, 75483 MiB, 100 %, 269.89 W, 1980 MHz, 18 %, 37
2026/10/10 13:33:52.182, 1, 75483 MiB, 100 %, 287.60 W, 1980 MHz, 17 %, 60
2026/10/10 13:33:52.182, 2, 75483 MiB, 100 %, 271.23 W, 1980 MHz, 18 %, 41
2026/10/10 13:33:52.183, 3, 75483 MiB, 100 %, 271.96 W, 1980 MHz, 18 %, 35
2026/10/10 13:33:52.183, 4, 75483 MiB, 100 %, 259.64 W, 1980 MHz, 17 %, 36
2026/10/10 13:33:52.183, 5, 75483 MiB, 100 %, 270.11 W, 1980 MHz, 18 %, 40
2026/10/10 13:33:52.183, 6, 75483 MiB, 100 %, 259.36 W, 1980 MHz, 18 %, 38
2026/10/10 13:33:52.183, 7, 75483 MiB, 100 %, 294.88 W, 1980 MHz, 17 %, 71
2026/10/10 13:33:53.183, 0, 75483 MiB, 100 %, 272.15 W, 1980 MHz, 18 %, 37
2026/10/10 13:33:53.183, 1, 75483 MiB, 100 %, 285.66 W, 1980 MHz, 17 %, 60
2026/10/10 13:33:53.183, 2, 75483 MiB, 100 %, 270.76 W, 1980 MHz, 18 %, 41
2026/10/10 13:33:53.183, 3, 75483 MiB, 100 %, 270.03 W, 1980 MHz, 19 %, 35
2026/10/10 13:33:53.183, 4, 75483 MiB, 100 %, 264.01 W, 1980 MHz, 18 %, 36
2026/10/10 13:33:53.183, 5, 75483 MiB, 100 %, 270.80 W, 1980 MHz, 18 %, 40
2026/10/10 13:33:53.183, 6, 75483 MiB, 100 %, 260.22 W, 1980 MHz, 18 %, 38
2026/10/10 13:33:53.183, 7, 75483 MiB, 100 %, 294.88 W, 1980 MHz, 17 %, 71
2026/10/10 13:33:54.183, 0, 75483 MiB, 100 %, 270.08 W, 1980 MHz, 18 %, 36
2026/10/10 13:33:54.184, 1, 75483 MiB, 100 %, 285.34 W, 1980 MHz, 18 %, 60
2026/10/10 13:33:54.184, 2, 75483 MiB, 100 %, 270.54 W, 1980 MHz, 18 %, 41
2026/10/10 13:33:54.184, 3, 75483 MiB, 100 %, 272.84 W, 1980 MHz, 19 %, 35
2026/10/10 13:33:54.184, 4, 75483 MiB, 100 %, 261.88 W, 1980 MHz, 18 %, 36
2026/10/10 13:33:54.184, 5, 75483 MiB, 100 %, 270.92 W, 1980 MHz, 18 %, 40
2026/10/10 13:33:54.184, 6, 75483 MiB, 100 %, 259.25 W, 1980 MHz, 18 %, 38
2026/10/10 13:33:54.184, 7, 75483 MiB, 100 %, 295.05 W, 1980 MHz, 17 %, 71
2026/10/10 13:33:55.184, 0, 75483 MiB, 100 %, 268.83 W, 1980 MHz, 18 %, 36
2026/10/10 13:33:55.184, 1, 75483 MiB, 100 %, 286.49 W, 1980 MHz, 17 %, 60
2026/10/10 13:33:55.184, 2, 75483 MiB, 100 %, 270.12 W, 1980 MHz, 18 %, 40
2026/10/10 13:33:55.184, 3, 75483 MiB, 100 %, 274.15 W, 1980 MHz, 18 %, 35
2026/10/10 13:33:55.184, 4, 75483 MiB, 100 %, 261.50 W, 1980 MHz, 18 %, 35
2026/10/10 13:33:55.185, 5, 75483 MiB, 100 %, 272.60 W, 1980 MHz, 18 %, 40
2026/10/10 13:33:55.185, 6, 75483 MiB, 100 %, 260.14 W, 1980 MHz, 18 %, 38
2026/10/10 13:33:55.185, 7, 75483 MiB, 100 %, 294.35 W, 1980 MHz, 17 %, 71
2026/10/10 13:33:56.185, 0, 75483 MiB, 100 %, 270.51 W, 1980 MHz, 18 %, 36
2026/10/10 13:33:56.185, 1, 75483 MiB, 100 %, 285.48 W, 1980 MHz, 18 %, 60
2026/10/10 13:33:56.185, 2, 75483 MiB, 100 %, 272.03 W, 1980 MHz, 18 %, 40
2026/10/10 13:33:56.185, 3, 75483 MiB, 100 %, 270.67 W, 1980 MHz, 18 %, 35
2026/10/10 13:33:56.185, 4, 75483 MiB, 100 %, 260.86 W, 1980 MHz, 18 %, 35
2026/10/10 13:33:56.185, 5, 75483 MiB, 100 %, 271.17 W, 1980 MHz, 18 %, 40
2026/10/10 13:33:56.185, 6, 75483 MiB, 100 %, 258.59 W, 1980 MHz, 18 %, 38
2026/10/10 13:33:56.185, 7, 75483 MiB, 100 %, 295.16 W, 1980 MHz, 18 %, 71
2026/10/10 13:33:57.185, 0, 75483 MiB, 100 %, 345.84 W, 1845 MHz, 31 %, 48
2026/10/10 13:33:57.186, 1, 75483 MiB, 100 %, 357.61 W, 1755 MHz, 31 %, 68
2026/10/10 13:33:57.186, 2, 75483 MiB, 100 %, 344.43 W, 1785 MHz, 31 %, 49
2026/10/10 13:33:57.186, 3, 75483 MiB, 100 %, 354.76 W, 1770 MHz, 31 %, 44
2026/10/10 13:33:57.186, 4, 75483 MiB, 100 %, 352.24 W, 1830 MHz, 31 %, 47
2026/10/10 13:33:57.186, 5, 75483 MiB, 100 %, 354.37 W, 1770 MHz, 31 %, 50
2026/10/10 13:33:57.186, 6, 75483 MiB, 100 %, 353.61 W, 1815 MHz, 31 %, 49
2026/10/10 13:33:57.186, 7, 75483 MiB, 100 %, 380.77 W, 1740 MHz, 30 %, 81
2026/10/10 13:33:58.186, 0, 75483 MiB, 100 %, 696.85 W, 1830 MHz, 29 %, 52
2026/10/10 13:33:58.186, 1, 75483 MiB, 100 %, 694.74 W, 1725 MHz, 29 %, 70
2026/10/10 13:33:58.186, 2, 75483 MiB, 100 %, 691.32 W, 1740 MHz, 28 %, 53
2026/10/10 13:33:58.186, 3, 75483 MiB, 100 %, 694.01 W, 1740 MHz, 28 %, 50
2026/10/10 13:33:58.186, 4, 75483 MiB, 100 %, 693.99 W, 1785 MHz, 29 %, 52
2026/10/10 13:33:58.186, 5, 75483 MiB, 100 %, 690.84 W, 1755 MHz, 29 %, 55
2026/10/10 13:33:58.186, 6, 75483 MiB, 100 %, 691.48 W, 1785 MHz, 28 %, 54
2026/10/10 13:33:58.187, 7, 75483 MiB, 100 %, 694.85 W, 1740 MHz, 29 %, 84
2026/10/10 13:33:59.187, 0, 75483 MiB, 100 %, 697.41 W, 1815 MHz, 25 %, 52
2026/10/10 13:33:59.187, 1, 75483 MiB, 100 %, 690.40 W, 1785 MHz, 25 %, 70
2026/10/10 13:33:59.187, 2, 75483 MiB, 100 %, 700.21 W, 1860 MHz, 25 %, 55
2026/10/10 13:33:59.187, 3, 75483 MiB, 100 %, 693.02 W, 1785 MHz, 25 %, 51
2026/10/10 13:33:59.187, 4, 75483 MiB, 100 %, 690.86 W, 1860 MHz, 25 %, 53
2026/10/10 13:33:59.187, 5, 75483 MiB, 100 %, 691.62 W, 1860 MHz, 25 %, 57
2026/10/10 13:33:59.187, 6, 75483 MiB, 100 %, 688.72 W, 1920 MHz, 26 %, 56
2026/10/10 13:33:59.187, 7, 75483 MiB, 100 %, 605.75 W, 1545 MHz, 25 %, 82
2026/10/10 13:34:00.187, 0, 75483 MiB, 100 %, 634.99 W, 1965 MHz, 18 %, 43
2026/10/10 13:34:00.188, 1, 75483 MiB, 100 %, 640.08 W, 1965 MHz, 17 %, 66
2026/10/10 13:34:00.188, 2, 75483 MiB, 100 %, 636.34 W, 1965 MHz, 17 %, 48
2026/10/10 13:34:00.188, 3, 75483 MiB, 100 %, 636.16 W, 1965 MHz, 16 %, 44
2026/10/10 13:34:00.188, 4, 75483 MiB, 100 %, 626.43 W, 1965 MHz, 17 %, 44
2026/10/10 13:34:00.188, 5, 75483 MiB, 100 %, 620.87 W, 1965 MHz, 17 %, 48
2026/10/10 13:34:00.188, 6, 75483 MiB, 100 %, 617.91 W, 1965 MHz, 16 %, 48
2026/10/10 13:34:00.188, 7, 75483 MiB, 100 %, 541.14 W, 1965 MHz, 17 %, 75
2026/10/10 13:34:01.188, 0, 75483 MiB, 100 %, 269.86 W, 1980 MHz, 18 %, 39
2026/10/10 13:34:01.188, 1, 75483 MiB, 100 %, 285.99 W, 1980 MHz, 18 %, 61
2026/10/10 13:34:01.188, 2, 75483 MiB, 100 %, 276.10 W, 1980 MHz, 18 %, 43
2026/10/10 13:34:01.188, 3, 75483 MiB, 100 %, 264.18 W, 1980 MHz, 17 %, 37
2026/10/10 13:34:01.188, 4, 75483 MiB, 100 %, 268.19 W, 1980 MHz, 19 %, 38
2026/10/10 13:34:01.188, 5, 75483 MiB, 100 %, 271.27 W, 1980 MHz, 18 %, 43
2026/10/10 13:34:01.188, 6, 75483 MiB, 100 %, 263.02 W, 1980 MHz, 17 %, 41
2026/10/10 13:34:01.189, 7, 75483 MiB, 100 %, 299.48 W, 1980 MHz, 18 %, 73
2026/10/10 13:34:02.189, 0, 75483 MiB, 100 %, 269.97 W, 1980 MHz, 18 %, 38
2026/10/10 13:34:02.189, 1, 75483 MiB, 100 %, 287.58 W, 1980 MHz, 17 %, 60
2026/10/10 13:34:02.189, 2, 75483 MiB, 100 %, 272.38 W, 1980 MHz, 18 %, 42
2026/10/10 13:34:02.189, 3, 75483 MiB, 100 %, 267.76 W, 1980 MHz, 18 %, 36
2026/10/10 13:34:02.189, 4, 75483 MiB, 100 %, 263.13 W, 1980 MHz, 18 %, 37
2026/10/10 13:34:02.189, 5, 75483 MiB, 100 %, 269.64 W, 1980 MHz, 18 %, 42
2026/10/10 13:34:02.189, 6, 75483 MiB, 100 %, 260.89 W, 1980 MHz, 17 %, 40
2026/10/10 13:34:02.190, 7, 75483 MiB, 100 %, 301.06 W, 1980 MHz, 18 %, 72
2026/10/10 13:34:03.190, 0, 75483 MiB, 100 %, 268.00 W, 1980 MHz, 17 %, 37
2026/10/10 13:34:03.190, 1, 75483 MiB, 100 %, 284.99 W, 1980 MHz, 17 %, 60
2026/10/10 13:34:03.190, 2, 75483 MiB, 100 %, 268.68 W, 1980 MHz, 17 %, 42
2026/10/10 13:34:03.190, 3, 75483 MiB, 100 %, 266.47 W, 1980 MHz, 18 %, 36
2026/10/10 13:34:03.190, 4, 75483 MiB, 100 %, 262.89 W, 1980 MHz, 18 %, 37
2026/10/10 13:34:03.190, 5, 75483 MiB, 100 %, 269.78 W, 1980 MHz, 18 %, 41
2026/10/10 13:34:03.190, 6, 75483 MiB, 100 %, 260.05 W, 1980 MHz, 17 %, 39
2026/10/10 13:34:03.190, 7, 75483 MiB, 100 %, 299.96 W, 1980 MHz, 18 %, 72
2026/10/10 13:34:04.190, 0, 75483 MiB, 100 %, 267.32 W, 1980 MHz, 18 %, 37
2026/10/10 13:34:04.190, 1, 75483 MiB, 100 %, 286.66 W, 1980 MHz, 17 %, 60
2026/10/10 13:34:04.191, 2, 75483 MiB, 100 %, 270.04 W, 1980 MHz, 18 %, 41
2026/10/10 13:34:04.191, 3, 75483 MiB, 100 %, 267.32 W, 1980 MHz, 18 %, 36
2026/10/10 13:34:04.191, 4, 75483 MiB, 100 %, 263.04 W, 1980 MHz, 18 %, 36
2026/10/10 13:34:04.191, 5, 75483 MiB, 100 %, 271.66 W, 1980 MHz, 18 %, 41
2026/10/10 13:34:04.191, 6, 75483 MiB, 100 %, 258.35 W, 1980 MHz, 18 %, 39
2026/10/10 13:34:04.191, 7, 75483 MiB, 100 %, 298.83 W, 1980 MHz, 18 %, 72
2026/10/10 13:34:05.191, 0, 75483 MiB, 100 %, 267.33 W, 1980 MHz, 18 %, 37
2026/10/10 13:34:05.191, 1, 75483 MiB, 100 %, 284.34 W, 1980 MHz, 17 %, 60
2026/10/10 13:34:05.191, 2, 75483 MiB, 100 %, 270.32 W, 1980 MHz, 18 %, 41
2026/10/10 13:34:05.191, 3, 75483 MiB, 100 %, 268.03 W, 1980 MHz, 18 %, 36
2026/10/10 13:34:05.191, 4, 75483 MiB, 100 %, 265.28 W, 1980 MHz, 18 %, 36
2026/10/10 13:34:05.191, 5, 75483 MiB, 100 %, 269.96 W, 1980 MHz, 18 %, 41
2026/10/10 13:34:05.191, 6, 75483 MiB, 100 %, 258.32 W, 1980 MHz, 18 %, 38
2026/10/10 13:34:05.191, 7, 75483 MiB, 100 %, 303.16 W, 1980 MHz, 18 %, 72
2026/10/10 13:34:06.192, 0, 75483 MiB, 100 %, 266.44 W, 1980 MHz, 17 %, 37
2026/10/10 13:34:06.192, 1, 75483 MiB, 100 %, 282.02 W, 1980 MHz, 17 %, 60
2026/10/10 13:34:06.192, 2, 75483 MiB, 100 %, 270.42 W, 1980 MHz, 18 %, 41
2026/10/10 13:34:06.192, 3, 75483 MiB, 100 %, 265.84 W, 1980 MHz, 18 %, 35
2026/10/10 13:34:06.192, 4, 75483 MiB, 100 %, 262.38 W, 1980 MHz, 18 %, 36
2026/10/10 13:34:06.192, 5, 75483 MiB, 100 %, 270.67 W, 1980 MHz, 18 %, 41
2026/10/10 13:34:06.192, 6, 75483 MiB, 100 %, 257.56 W, 1980 MHz, 18 %, 38
2026/10/10 13:34:06.192, 7, 75483 MiB, 100 %, 300.19 W, 1980 MHz, 18 %, 72
2026/10/10 13:34:07.192, 0, 75483 MiB, 100 %, 265.43 W, 1980 MHz, 17 %, 37
2026/10/10 13:34:07.192, 1, 75483 MiB, 100 %, 283.10 W, 1980 MHz, 17 %, 60
2026/10/10 13:34:07.192, 2, 75483 MiB, 100 %, 272.04 W, 1980 MHz, 18 %, 41
2026/10/10 13:34:07.192, 3, 75483 MiB, 100 %, 268.50 W, 1980 MHz, 18 %, 35
2026/10/10 13:34:07.192, 4, 75483 MiB, 100 %, 263.94 W, 1980 MHz, 18 %, 36
2026/10/10 13:34:07.193, 5, 75483 MiB, 100 %, 271.35 W, 1980 MHz, 18 %, 41
2026/10/10 13:34:07.193, 6, 75483 MiB, 100 %, 257.00 W, 1980 MHz, 17 %, 38
2026/10/10 13:34:07.193, 7, 75483 MiB, 100 %, 299.25 W, 1980 MHz, 18 %, 72
2026/10/10 13:34:08.193, 0, 75483 MiB, 100 %, 267.53 W, 1980 MHz, 17 %, 37
2026/10/10 13:34:08.193, 1, 75483 MiB, 100 %, 283.09 W, 1980 MHz, 17 %, 60
2026/10/10 13:34:08.193, 2, 75483 MiB, 100 %, 271.20 W, 1980 MHz, 18 %, 41
2026/10/10 13:34:08.193, 3, 75483 MiB, 100 %, 269.06 W, 1980 MHz, 18 %, 35
2026/10/10 13:34:08.193, 4, 75483 MiB, 100 %, 261.96 W, 1980 MHz, 18 %, 36
2026/10/10 13:34:08.193, 5, 75483 MiB, 100 %, 272.62 W, 1980 MHz, 18 %, 41
2026/10/10 13:34:08.193, 6, 75483 MiB, 100 %, 257.56 W, 1980 MHz, 18 %, 38
2026/10/10 13:34:08.193, 7, 75483 MiB, 100 %, 296.77 W, 1980 MHz, 18 %, 71
2026/10/10 13:34:09.193, 0, 75483 MiB, 100 %, 268.48 W, 1980 MHz, 17 %, 37
2026/10/10 13:34:09.194, 1, 75483 MiB, 100 %, 281.69 W, 1980 MHz, 17 %, 60
2026/10/10 13:34:09.194, 2, 75483 MiB, 100 %, 273.43 W, 1980 MHz, 18 %, 41
2026/10/10 13:34:09.194, 3, 75483 MiB, 100 %, 267.38 W, 1980 MHz, 18 %, 35
2026/10/10 13:34:09.194, 4, 75483 MiB, 100 %, 261.58 W, 1980 MHz, 18 %, 36
2026/10/10 13:34:09.194, 5, 75483 MiB, 100 %, 270.53 W, 1980 MHz, 18 %, 40
2026/10/10 13:34:09.194, 6, 75483 MiB, 100 %, 257.67 W, 1980 MHz, 18 %, 38
2026/10/10 13:34:09.194, 7, 75483 MiB, 100 %, 298.06 W, 1980 MHz, 18 %, 71
2026/10/10 13:34:10.194, 0, 75483 MiB, 100 %, 266.88 W, 1980 MHz, 17 %, 36
2026/10/10 13:34:10.194, 1, 75483 MiB, 100 %, 282.40 W, 1980 MHz, 17 %, 60
2026/10/10 13:34:10.194, 2, 75483 MiB, 100 %, 272.05 W, 1980 MHz, 18 %, 41
2026/10/10 13:34:10.194, 3, 75483 MiB, 100 %, 267.31 W, 1980 MHz, 18 %, 35
2026/10/10 13:34:10.194, 4, 75483 MiB, 100 %, 262.70 W, 1980 MHz, 18 %, 35
2026/10/10 13:34:10.194, 5, 75483 MiB, 100 %, 271.70 W, 1980 MHz, 18 %, 40
2026/10/10 13:34:10.194, 6, 75483 MiB, 100 %, 256.23 W, 1980 MHz, 17 %, 38
2026/10/10 13:34:10.194, 7, 75483 MiB, 100 %, 298.77 W, 1980 MHz, 18 %, 71
2026/10/10 13:34:11.195, 0, 75483 MiB, 100 %, 266.28 W, 1980 MHz, 18 %, 36
2026/10/10 13:34:11.195, 1, 75483 MiB, 100 %, 283.04 W, 1980 MHz, 17 %, 60
2026/10/10 13:34:11.195, 2, 75483 MiB, 100 %, 272.44 W, 1980 MHz, 18 %, 40
2026/10/10 13:34:11.195, 3, 75483 MiB, 100 %, 267.39 W, 1980 MHz, 18 %, 35
2026/10/10 13:34:11.195, 4, 75483 MiB, 100 %, 263.13 W, 1980 MHz, 18 %, 35
2026/10/10 13:34:11.195, 5, 75483 MiB, 100 %, 270.60 W, 1980 MHz, 18 %, 40
2026/10/10 13:34:11.195, 6, 75483 MiB, 100 %, 256.03 W, 1980 MHz, 17 %, 38
2026/10/10 13:34:11.195, 7, 75483 MiB, 100 %, 300.05 W, 1980 MHz, 18 %, 71
2026/10/10 13:34:12.195, 0, 75483 MiB, 100 %, 266.36 W, 1980 MHz, 18 %, 36
2026/10/10 13:34:12.195, 1, 75483 MiB, 100 %, 283.48 W, 1980 MHz, 17 %, 60
2026/10/10 13:34:12.195, 2, 75483 MiB, 100 %, 271.47 W, 1980 MHz, 18 %, 40
2026/10/10 13:34:12.196, 3, 75483 MiB, 100 %, 267.20 W, 1980 MHz, 18 %, 35
2026/10/10 13:34:12.196, 4, 75483 MiB, 100 %, 262.44 W, 1980 MHz, 18 %, 35
2026/10/10 13:34:12.196, 5, 75483 MiB, 100 %, 269.33 W, 1980 MHz, 18 %, 40
2026/10/10 13:34:12.196, 6, 75483 MiB, 100 %, 256.39 W, 1980 MHz, 17 %, 37
2026/10/10 13:34:12.196, 7, 75483 MiB, 100 %, 299.32 W, 1980 MHz, 18 %, 71
2026/10/10 13:34:13.196, 0, 75483 MiB, 100 %, 507.90 W, 1800 MHz, 30 %, 51
2026/10/10 13:34:13.196, 1, 75483 MiB, 100 %, 522.79 W, 1770 MHz, 30 %, 71
2026/10/10 13:34:13.196, 2, 75483 MiB, 100 %, 516.15 W, 1815 MHz, 30 %, 52
2026/10/10 13:34:13.196, 3, 75483 MiB, 100 %, 506.29 W, 1800 MHz, 30 %, 48
2026/10/10 13:34:13.196, 4, 75483 MiB, 100 %, 519.36 W, 1800 MHz, 30 %, 50
2026/10/10 13:34:13.196, 5, 75483 MiB, 100 %, 522.45 W, 1815 MHz, 30 %, 54
2026/10/10 13:34:13.196, 6, 75483 MiB, 100 %, 523.77 W, 1815 MHz, 30 %, 53
2026/10/10 13:34:13.196, 7, 75483 MiB, 100 %, 541.32 W, 1725 MHz, 30 %, 83
2026/10/10 13:34:14.197, 0, 75483 MiB, 100 %, 690.39 W, 1815 MHz, 26 %, 52
2026/10/10 13:34:14.197, 1, 75483 MiB, 100 %, 686.99 W, 1845 MHz, 26 %, 71
2026/10/10 13:34:14.197, 2, 75483 MiB, 100 %, 691.32 W, 1890 MHz, 26 %, 55
2026/10/10 13:34:14.197, 3, 75483 MiB, 100 %, 688.52 W, 1875 MHz, 26 %, 51
2026/10/10 13:34:14.197, 4, 75483 MiB, 100 %, 691.84 W, 1890 MHz, 26 %, 53
2026/10/10 13:34:14.197, 5, 75483 MiB, 100 %, 689.56 W, 1830 MHz, 26 %, 56
2026/10/10 13:34:14.197, 6, 75483 MiB, 100 %, 693.74 W, 1830 MHz, 26 %, 57
2026/10/10 13:34:14.197, 7, 75483 MiB, 100 %, 660.83 W, 1575 MHz, 27 %, 82
2026/10/10 13:34:15.197, 0, 75483 MiB, 100 %, 693.12 W, 1860 MHz, 26 %, 52
2026/10/10 13:34:15.197, 1, 75483 MiB, 100 %, 690.38 W, 1800 MHz, 26 %, 72
2026/10/10 13:34:15.197, 2, 75483 MiB, 100 %, 684.87 W, 1875 MHz, 26 %, 56
2026/10/10 13:34:15.197, 3, 75483 MiB, 100 %, 686.74 W, 1800 MHz, 26 %, 52
2026/10/10 13:34:15.198, 4, 75483 MiB, 100 %, 684.60 W, 1920 MHz, 25 %, 52
2026/10/10 13:34:15.198, 5, 75483 MiB, 100 %, 686.61 W, 1920 MHz, 25 %, 55
2026/10/10 13:34:15.198, 6, 75483 MiB, 100 %, 682.77 W, 1950 MHz, 26 %, 58
2026/10/10 13:34:15.198, 7, 75483 MiB, 99 %, 615.89 W, 1725 MHz, 25 %, 81
2026/10/10 13:34:16.198, 0, 75483 MiB, 100 %, 342.44 W, 1980 MHz, 17 %, 39
2026/10/10 13:34:16.198, 1, 75483 MiB, 100 %, 353.14 W, 1980 MHz, 18 %, 61
2026/10/10 13:34:16.198, 2, 75483 MiB, 100 %, 335.96 W, 1980 MHz, 17 %, 44
2026/10/10 13:34:16.198, 3, 75483 MiB, 100 %, 334.91 W, 1980 MHz, 18 %, 38
2026/10/10 13:34:16.198, 4, 75483 MiB, 100 %, 323.64 W, 1980 MHz, 17 %, 39
2026/10/10 13:34:16.198, 5, 75483 MiB, 100 %, 326.45 W, 1980 MHz, 17 %, 43
2026/10/10 13:34:16.198, 6, 75483 MiB, 100 %, 325.42 W, 1980 MHz, 17 %, 42
2026/10/10 13:34:16.198, 7, 75483 MiB, 100 %, 343.23 W, 1980 MHz, 17 %, 73
2026/10/10 13:34:17.198, 0, 75483 MiB, 100 %, 269.83 W, 1980 MHz, 18 %, 38
2026/10/10 13:34:17.199, 1, 75483 MiB, 100 %, 285.40 W, 1980 MHz, 17 %, 60
2026/10/10 13:34:17.199, 2, 75483 MiB, 100 %, 270.77 W, 1980 MHz, 18 %, 42
2026/10/10 13:34:17.199, 3, 75483 MiB, 100 %, 268.81 W, 1980 MHz, 18 %, 37
2026/10/10 13:34:17.199, 4, 75483 MiB, 100 %, 261.88 W, 1980 MHz, 18 %, 37
2026/10/10 13:34:17.199, 5, 75483 MiB, 100 %, 267.10 W, 1980 MHz, 17 %, 42
2026/10/10 13:34:17.199, 6, 75483 MiB, 100 %, 260.48 W, 1980 MHz, 17 %, 40
2026/10/10 13:34:17.199, 7, 75483 MiB, 100 %, 297.07 W, 1980 MHz, 18 %, 72
2026/10/10 13:34:18.199, 0, 75483 MiB, 100 %, 268.44 W, 1980 MHz, 18 %, 37
2026/10/10 13:34:18.199, 1, 75483 MiB, 100 %, 285.78 W, 1980 MHz, 17 %, 60
2026/10/10 13:34:18.199, 2, 75483 MiB, 100 %, 271.55 W, 1980 MHz, 18 %, 42
2026/10/10 13:34:18.199, 3, 75483 MiB, 100 %, 267.63 W, 1980 MHz, 18 %, 36
2026/10/10 13:34:18.199, 4, 75483 MiB, 100 %, 261.86 W, 1980 MHz, 17 %, 37
2026/10/10 13:34:18.199, 5, 75483 MiB, 100 %, 265.30 W, 1980 MHz, 17 %, 41
2026/10/10 13:34:18.199, 6, 75483 MiB, 100 %, 258.03 W, 1980 MHz, 18 %, 39
2026/10/10 13:34:18.199, 7, 75483 MiB, 100 %, 296.29 W, 1980 MHz, 17 %, 72
2026/10/10 13:34:19.200, 0, 75483 MiB, 100 %, 270.36 W, 1980 MHz, 17 %, 37
2026/10/10 13:34:19.200, 1, 75483 MiB, 100 %, 283.26 W, 1980 MHz, 17 %, 60
2026/10/10 13:34:19.200, 2, 75483 MiB, 100 %, 268.25 W, 1980 MHz, 18 %, 41
2026/10/10 13:34:19.200, 3, 75483 MiB, 100 %, 267.08 W, 1980 MHz, 17 %, 36
2026/10/10 13:34:19.200, 4, 75483 MiB, 100 %, 262.70 W, 1980 MHz, 18 %, 36
2026/10/10 13:34:19.200, 5, 75483 MiB, 100 %, 267.39 W, 1980 MHz, 17 %, 41
2026/10/10 13:34:19.200, 6, 75483 MiB, 100 %, 259.07 W, 1980 MHz, 17 %, 39
2026/10/10 13:34:19.200, 7, 75483 MiB, 100 %, 296.27 W, 1980 MHz, 17 %, 72
2026/10/10 13:34:20.200, 0, 75483 MiB, 100 %, 269.27 W, 1980 MHz, 17 %, 37
2026/10/10 13:34:20.200, 1, 75483 MiB, 100 %, 286.36 W, 1980 MHz, 17 %, 60
2026/10/10 13:34:20.200, 2, 75483 MiB, 100 %, 270.22 W, 1980 MHz, 18 %, 41
2026/10/10 13:34:20.200, 3, 75483 MiB, 100 %, 268.18 W, 1980 MHz, 18 %, 35
2026/10/10 13:34:20.200, 4, 75483 MiB, 100 %, 260.95 W, 1980 MHz, 18 %, 36
2026/10/10 13:34:20.201, 5, 75483 MiB, 100 %, 266.13 W, 1980 MHz, 17 %, 41
2026/10/10 13:34:20.201, 6, 75483 MiB, 100 %, 259.06 W, 1980 MHz, 17 %, 38
2026/10/10 13:34:20.201, 7, 75483 MiB, 100 %, 295.78 W, 1980 MHz, 18 %, 72
2026/10/10 13:34:21.201, 0, 75483 MiB, 100 %, 269.46 W, 1980 MHz, 18 %, 37
2026/10/10 13:34:21.201, 1, 75483 MiB, 100 %, 285.57 W, 1980 MHz, 18 %, 60
2026/10/10 13:34:21.201, 2, 75483 MiB, 100 %, 269.59 W, 1980 MHz, 17 %, 41
2026/10/10 13:34:21.201, 3, 75483 MiB, 100 %, 265.42 W, 1980 MHz, 18 %, 35
2026/10/10 13:34:21.201, 4, 75483 MiB, 100 %, 259.38 W, 1980 MHz, 18 %, 36
2026/10/10 13:34:21.201, 5, 75483 MiB, 100 %, 266.61 W, 1980 MHz, 17 %, 40
2026/10/10 13:34:21.201, 6, 75483 MiB, 100 %, 259.49 W, 1980 MHz, 18 %, 38
2026/10/10 13:34:21.201, 7, 75483 MiB, 100 %, 295.14 W, 1980 MHz, 17 %, 71
2026/10/10 13:34:22.201, 0, 75483 MiB, 100 %, 267.03 W, 1980 MHz, 17 %, 37
2026/10/10 13:34:22.202, 1, 75483 MiB, 100 %, 284.52 W, 1980 MHz, 17 %, 60
2026/10/10 13:34:22.202, 2, 75483 MiB, 100 %, 269.11 W, 1980 MHz, 18 %, 41
2026/10/10 13:34:22.202, 3, 75483 MiB, 100 %, 266.02 W, 1980 MHz, 18 %, 35
2026/10/10 13:34:22.202, 4, 75483 MiB, 100 %, 262.55 W, 1980 MHz, 18 %, 36
2026/10/10 13:34:22.202, 5, 75483 MiB, 100 %, 264.82 W, 1980 MHz, 17 %, 40
2026/10/10 13:34:22.202, 6, 75483 MiB, 100 %, 259.49 W, 1980 MHz, 18 %, 38
2026/10/10 13:34:22.202, 7, 75483 MiB, 100 %, 295.17 W, 1980 MHz, 17 %, 71
2026/10/10 13:34:23.202, 0, 75483 MiB, 100 %, 266.91 W, 1980 MHz, 17 %, 37
2026/10/10 13:34:23.202, 1, 75483 MiB, 100 %, 284.61 W, 1980 MHz, 17 %, 60
2026/10/10 13:34:23.202, 2, 75483 MiB, 100 %, 268.48 W, 1980 MHz, 17 %, 41
2026/10/10 13:34:23.202, 3, 75483 MiB, 100 %, 266.85 W, 1980 MHz, 17 %, 35
2026/10/10 13:34:23.202, 4, 75483 MiB, 100 %, 260.59 W, 1980 MHz, 18 %, 36
2026/10/10 13:34:23.202, 5, 75483 MiB, 100 %, 265.86 W, 1980 MHz, 17 %, 40
2026/10/10 13:34:23.202, 6, 75483 MiB, 100 %, 259.33 W, 1980 MHz, 18 %, 38
2026/10/10 13:34:23.202, 7, 75483 MiB, 100 %, 296.60 W, 1980 MHz, 17 %, 71
2026/10/10 13:34:24.203, 0, 75483 MiB, 100 %, 271.08 W, 1980 MHz, 18 %, 37
2026/10/10 13:34:24.203, 1, 75483 MiB, 100 %, 284.88 W, 1980 MHz, 18 %, 60
2026/10/10 13:34:24.203, 2, 75483 MiB, 100 %, 269.18 W, 1980 MHz, 17 %, 41
2026/10/10 13:34:24.203, 3, 75483 MiB, 100 %, 266.66 W, 1980 MHz, 18 %, 35
2026/10/10 13:34:24.203, 4, 75483 MiB, 100 %, 258.47 W, 1980 MHz, 18 %, 35
2026/10/10 13:34:24.203, 5, 75483 MiB, 100 %, 264.98 W, 1980 MHz, 17 %, 40
2026/10/10 13:34:24.203, 6, 75483 MiB, 100 %, 258.65 W, 1980 MHz, 18 %, 38
2026/10/10 13:34:24.203, 7, 75483 MiB, 100 %, 295.55 W, 1980 MHz, 17 %, 71
2026/10/10 13:34:25.203, 0, 75483 MiB, 100 %, 267.94 W, 1980 MHz, 18 %, 36
2026/10/10 13:34:25.203, 1, 75483 MiB, 100 %, 284.61 W, 1980 MHz, 18 %, 60
2026/10/10 13:34:25.203, 2, 75483 MiB, 100 %, 269.58 W, 1980 MHz, 18 %, 40
2026/10/10 13:34:25.203, 3, 75483 MiB, 100 %, 267.49 W, 1980 MHz, 18 %, 35
2026/10/10 13:34:25.203, 4, 75483 MiB, 100 %, 260.90 W, 1980 MHz, 17 %, 35
2026/10/10 13:34:25.204, 5, 75483 MiB, 100 %, 265.49 W, 1980 MHz, 17 %, 40
2026/10/10 13:34:25.204, 6, 75483 MiB, 100 %, 259.40 W, 1980 MHz, 18 %, 38
2026/10/10 13:34:25.204, 7, 75483 MiB, 100 %, 295.18 W, 1980 MHz, 17 %, 71
2026/10/10 13:34:26.204, 0, 75483 MiB, 100 %, 267.45 W, 1980 MHz, 17 %, 36
2026/10/10 13:34:26.204, 1, 75483 MiB, 100 %, 283.79 W, 1980 MHz, 17 %, 60
2026/10/10 13:34:26.204, 2, 75483 MiB, 100 %, 268.86 W, 1980 MHz, 17 %, 40
2026/10/10 13:34:26.204, 3, 75483 MiB, 100 %, 267.15 W, 1980 MHz, 18 %, 35
2026/10/10 13:34:26.204, 4, 75483 MiB, 100 %, 260.45 W, 1980 MHz, 18 %, 35
2026/10/10 13:34:26.204, 5, 75483 MiB, 100 %, 263.78 W, 1980 MHz, 17 %, 40
2026/10/10 13:34:26.204, 6, 75483 MiB, 100 %, 259.30 W, 1980 MHz, 17 %, 38
2026/10/10 13:34:26.204, 7, 75483 MiB, 100 %, 294.29 W, 1980 MHz, 17 %, 71
2026/10/10 13:34:27.204, 0, 75483 MiB, 100 %, 270.67 W, 1980 MHz, 17 %, 36
2026/10/10 13:34:27.204, 1, 75483 MiB, 100 %, 284.30 W, 1980 MHz, 17 %, 60
2026/10/10 13:34:27.205, 2, 75483 MiB, 100 %, 268.49 W, 1980 MHz, 17 %, 40
2026/10/10 13:34:27.205, 3, 75483 MiB, 100 %, 265.75 W, 1980 MHz, 17 %, 35
2026/10/10 13:34:27.205, 4, 75483 MiB, 100 %, 259.39 W, 1980 MHz, 18 %, 35
2026/10/10 13:34:27.205, 5, 75483 MiB, 100 %, 265.05 W, 1980 MHz, 17 %, 40
2026/10/10 13:34:27.205, 6, 75483 MiB, 100 %, 259.38 W, 1980 MHz, 18 %, 38
2026/10/10 13:34:27.205, 7, 75483 MiB, 100 %, 296.21 W, 1980 MHz, 17 %, 71
2026/10/10 13:34:28.205, 0, 75483 MiB, 100 %, 421.61 W, 1815 MHz, 31 %, 49
2026/10/10 13:34:28.205, 1, 75483 MiB, 100 %, 426.36 W, 1815 MHz, 31 %, 70
2026/10/10 13:34:28.205, 2, 75483 MiB, 100 %, 425.39 W, 1770 MHz, 31 %, 51
2026/10/10 13:34:28.205, 3, 75483 MiB, 100 %, 419.45 W, 1770 MHz, 30 %, 46
2026/10/10 13:34:28.205, 4, 75483 MiB, 100 %, 423.29 W, 1800 MHz, 31 %, 48
2026/10/10 13:34:28.205, 5, 75483 MiB, 100 %, 427.24 W, 1815 MHz, 31 %, 52
2026/10/10 13:34:28.205, 6, 75483 MiB, 100 %, 425.42 W, 1845 MHz, 31 %, 50
2026/10/10 13:34:28.206, 7, 75483 MiB, 100 %, 456.88 W, 1770 MHz, 31 %, 82
2026/10/10 13:34:29.206, 0, 75483 MiB, 100 %, 687.45 W, 1845 MHz, 27 %, 52
2026/10/10 13:34:29.206, 1, 75483 MiB, 100 %, 690.95 W, 1845 MHz, 27 %, 70
2026/10/10 13:34:29.206, 2, 75483 MiB, 100 %, 687.95 W, 1845 MHz, 27 %, 53
2026/10/10 13:34:29.206, 3, 75483 MiB, 100 %, 690.07 W, 1845 MHz, 27 %, 51
2026/10/10 13:34:29.206, 4, 75483 MiB, 100 %, 692.10 W, 1860 MHz, 27 %, 52
2026/10/10 13:34:29.206, 5, 75483 MiB, 100 %, 692.79 W, 1845 MHz, 27 %, 56
2026/10/10 13:34:29.206, 6, 75483 MiB, 100 %, 694.05 W, 1860 MHz, 27 %, 56
2026/10/10 13:34:29.206, 7, 75483 MiB, 100 %, 669.71 W, 1620 MHz, 26 %, 82
2026/10/10 13:34:30.206, 0, 75483 MiB, 100 %, 688.68 W, 1875 MHz, 25 %, 53
2026/10/10 13:34:30.206, 1, 75483 MiB, 100 %, 688.84 W, 1830 MHz, 25 %, 71
2026/10/10 13:34:30.206, 2, 75483 MiB, 100 %, 696.07 W, 1860 MHz, 25 %, 55
2026/10/10 13:34:30.207, 3, 75483 MiB, 100 %, 692.97 W, 1845 MHz, 25 %, 51
2026/10/10 13:34:30.207, 4, 75483 MiB, 100 %, 685.24 W, 1845 MHz, 25 %, 53
2026/10/10 13:34:30.207, 5, 75483 MiB, 100 %, 688.60 W, 1830 MHz, 26 %, 57
2026/10/10 13:34:30.207, 6, 75483 MiB, 100 %, 688.94 W, 1860 MHz, 25 %, 57
2026/10/10 13:34:30.207, 7, 75483 MiB, 100 %, 611.86 W, 1515 MHz, 26 %, 82
2026/10/10 13:34:31.207, 0, 75483 MiB, 100 %, 647.34 W, 1950 MHz, 21 %, 45
2026/10/10 13:34:31.207, 1, 75483 MiB, 100 %, 658.77 W, 1920 MHz, 18 %, 68
2026/10/10 13:34:31.207, 2, 75483 MiB, 100 %, 650.52 W, 1965 MHz, 23 %, 50
2026/10/10 13:34:31.207, 3, 75483 MiB, 100 %, 648.57 W, 1950 MHz, 27 %, 46
2026/10/10 13:34:31.207, 4, 75483 MiB, 100 %, 644.21 W, 1965 MHz, 18 %, 45
2026/10/10 13:34:31.207, 5, 75483 MiB, 100 %, 637.49 W, 1965 MHz, 19 %, 49
2026/10/10 13:34:31.207, 6, 75483 MiB, 100 %, 638.64 W, 1965 MHz, 24 %, 50
2026/10/10 13:34:31.207, 7, 75483 MiB, 100 %, 560.37 W, 1965 MHz, 18 %, 76
2026/10/10 13:34:32.208, 0, 75483 MiB, 100 %, 268.15 W, 1980 MHz, 17 %, 39
2026/10/10 13:34:32.208, 1, 75483 MiB, 100 %, 286.21 W, 1980 MHz, 18 %, 61
2026/10/10 13:34:32.208, 2, 75483 MiB, 100 %, 270.65 W, 1980 MHz, 17 %, 43
2026/10/10 13:34:32.208, 3, 75483 MiB, 100 %, 269.85 W, 1980 MHz, 18 %, 38
2026/10/10 13:34:32.208, 4, 75483 MiB, 100 %, 262.36 W, 1980 MHz, 18 %, 38
2026/10/10 13:34:32.208, 5, 75483 MiB, 100 %, 274.42 W, 1980 MHz, 18 %, 43
2026/10/10 13:34:32.208, 6, 75483 MiB, 100 %, 264.54 W, 1980 MHz, 18 %, 42
2026/10/10 13:34:32.208, 7, 75483 MiB, 100 %, 298.57 W, 1980 MHz, 18 %, 73
2026/10/10 13:34:33.208, 0, 75483 MiB, 100 %, 269.23 W, 1980 MHz, 17 %, 38
2026/10/10 13:34:33.208, 1, 75483 MiB, 100 %, 287.18 W, 1980 MHz, 17 %, 60
2026/10/10 13:34:33.208, 2, 75483 MiB, 100 %, 270.68 W, 1980 MHz, 17 %, 42
2026/10/10 13:34:33.208, 3, 75483 MiB, 100 %, 271.13 W, 1980 MHz, 18 %, 37
2026/10/10 13:34:33.208, 4, 75483 MiB, 100 %, 261.88 W, 1980 MHz, 18 %, 37
2026/10/10 13:34:33.209, 5, 75483 MiB, 100 %, 272.62 W, 1980 MHz, 18 %, 42
2026/10/10 13:34:33.209, 6, 75483 MiB, 100 %, 262.41 W, 1980 MHz, 18 %, 40
2026/10/10 13:34:33.209, 7, 75483 MiB, 100 %, 298.33 W, 1980 MHz, 17 %, 72
2026/10/10 13:34:34.209, 0, 75483 MiB, 100 %, 266.56 W, 1980 MHz, 18 %, 38
2026/10/10 13:34:34.209, 1, 75483 MiB, 100 %, 285.40 W, 1980 MHz, 18 %, 60
2026/10/10 13:34:34.209, 2, 75483 MiB, 100 %, 269.58 W, 1980 MHz, 18 %, 42
2026/10/10 13:34:34.209, 3, 75483 MiB, 100 %, 270.82 W, 1980 MHz, 18 %, 36
2026/10/10 13:34:34.209, 4, 75483 MiB, 100 %, 260.18 W, 1980 MHz, 18 %, 37
2026/10/10 13:34:34.209, 5, 75483 MiB, 100 %, 271.83 W, 1980 MHz, 18 %, 41
2026/10/10 13:34:34.209, 6, 75483 MiB, 100 %, 260.86 W, 1980 MHz, 18 %, 39
2026/10/10 13:34:34.209, 7, 75483 MiB, 100 %, 298.56 W, 1980 MHz, 17 %, 72
2026/10/10 13:34:35.209, 0, 75483 MiB, 100 %, 266.36 W, 1980 MHz, 17 %, 37
2026/10/10 13:34:35.210, 1, 75483 MiB, 100 %, 288.65 W, 1980 MHz, 18 %, 60
2026/10/10 13:34:35.210, 2, 75483 MiB, 100 %, 271.49 W, 1980 MHz, 18 %, 41
2026/10/10 13:34:35.210, 3, 75483 MiB, 100 %, 271.01 W, 1980 MHz, 18 %, 36
2026/10/10 13:34:35.210, 4, 75483 MiB, 100 %, 261.94 W, 1980 MHz, 18 %, 36
2026/10/10 13:34:35.210, 5, 75483 MiB, 100 %, 269.69 W, 1980 MHz, 18 %, 41
2026/10/10 13:34:35.210, 6, 75483 MiB, 100 %, 261.67 W, 1980 MHz, 18 %, 39
2026/10/10 13:34:35.210, 7, 75483 MiB, 100 %, 298.52 W, 1980 MHz, 18 %, 72
2026/10/10 13:34:36.210, 0, 75483 MiB, 100 %, 267.29 W, 1980 MHz, 18 %, 37
2026/10/10 13:34:36.210, 1, 75483 MiB, 100 %, 286.50 W, 1980 MHz, 17 %, 60
2026/10/10 13:34:36.210, 2, 75483 MiB, 100 %, 269.30 W, 1980 MHz, 17 %, 41
2026/10/10 13:34:36.210, 3, 75483 MiB, 100 %, 266.84 W, 1980 MHz, 18 %, 36
2026/10/10 13:34:36.210, 4, 75483 MiB, 100 %, 262.72 W, 1980 MHz, 18 %, 36
2026/10/10 13:34:36.210, 5, 75483 MiB, 100 %, 271.27 W, 1980 MHz, 18 %, 41
2026/10/10 13:34:36.210, 6, 75483 MiB, 100 %, 259.72 W, 1980 MHz, 18 %, 39
2026/10/10 13:34:36.211, 7, 75483 MiB, 100 %, 299.22 W, 1980 MHz, 17 %, 72
2026/10/10 13:34:37.211, 0, 75483 MiB, 100 %, 269.96 W, 1980 MHz, 18 %, 37
2026/10/10 13:34:37.211, 1, 75483 MiB, 100 %, 283.28 W, 1980 MHz, 17 %, 60
2026/10/10 13:34:37.211, 2, 75483 MiB, 100 %, 271.46 W, 1980 MHz, 18 %, 41
2026/10/10 13:34:37.211, 3, 75483 MiB, 100 %, 268.35 W, 1980 MHz, 18 %, 35
2026/10/10 13:34:37.211, 4, 75483 MiB, 100 %, 263.81 W, 1980 MHz, 18 %, 36
2026/10/10 13:34:37.211, 5, 75483 MiB, 100 %, 270.94 W, 1980 MHz, 18 %, 41
2026/10/10 13:34:37.211, 6, 75483 MiB, 100 %, 259.73 W, 1980 MHz, 18 %, 38
2026/10/10 13:34:37.211, 7, 75483 MiB, 100 %, 298.35 W, 1980 MHz, 18 %, 72
2026/10/10 13:34:38.211, 0, 75483 MiB, 100 %, 268.04 W, 1980 MHz, 18 %, 37
2026/10/10 13:34:38.211, 1, 75483 MiB, 100 %, 285.15 W, 1980 MHz, 17 %, 60
2026/10/10 13:34:38.212, 2, 75483 MiB, 100 %, 268.67 W, 1980 MHz, 18 %, 41
2026/10/10 13:34:38.212, 3, 75483 MiB, 100 %, 267.99 W, 1980 MHz, 18 %, 35
2026/10/10 13:34:38.212, 4, 75483 MiB, 100 %, 262.80 W, 1980 MHz, 18 %, 36
2026/10/10 13:34:38.212, 5, 75483 MiB, 100 %, 272.40 W, 1980 MHz, 18 %, 41
2026/10/10 13:34:38.212, 6, 75483 MiB, 100 %, 260.19 W, 1980 MHz, 18 %, 38
2026/10/10 13:34:38.212, 7, 75483 MiB, 100 %, 299.44 W, 1980 MHz, 18 %, 71
2026/10/10 13:34:39.212, 0, 75483 MiB, 100 %, 268.66 W, 1980 MHz, 18 %, 37
2026/10/10 13:34:39.212, 1, 75483 MiB, 100 %, 283.41 W, 1980 MHz, 17 %, 60
2026/10/10 13:34:39.212, 2, 75483 MiB, 100 %, 270.09 W, 1980 MHz, 18 %, 41
2026/10/10 13:34:39.212, 3, 75483 MiB, 100 %, 268.30 W, 1980 MHz, 18 %, 35
2026/10/10 13:34:39.212, 4, 75483 MiB, 100 %, 262.16 W, 1980 MHz, 18 %, 36
2026/10/10 13:34:39.212, 5, 75483 MiB, 100 %, 269.41 W, 1980 MHz, 18 %, 41
2026/10/10 13:34:39.212, 6, 75483 MiB, 100 %, 258.93 W, 1980 MHz, 18 %, 38
2026/10/10 13:34:39.212, 7, 75483 MiB, 100 %, 297.67 W, 1980 MHz, 17 %, 71
2026/10/10 13:34:40.213, 0, 75483 MiB, 100 %, 267.83 W, 1980 MHz, 18 %, 37
2026/10/10 13:34:40.213, 1, 75483 MiB, 100 %, 283.78 W, 1980 MHz, 17 %, 60
2026/10/10 13:34:40.213, 2, 75483 MiB, 100 %, 270.51 W, 1980 MHz, 18 %, 41
2026/10/10 13:34:40.213, 3, 75483 MiB, 100 %, 266.62 W, 1980 MHz, 18 %, 35
2026/10/10 13:34:40.213, 4, 75483 MiB, 100 %, 260.90 W, 1980 MHz, 17 %, 36
2026/10/10 13:34:40.213, 5, 75483 MiB, 100 %, 273.83 W, 1980 MHz, 18 %, 40
2026/10/10 13:34:40.213, 6, 75483 MiB, 100 %, 260.78 W, 1980 MHz, 18 %, 38
2026/10/10 13:34:40.213, 7, 75483 MiB, 100 %, 300.71 W, 1980 MHz, 18 %, 71
2026/10/10 13:34:41.213, 0, 75483 MiB, 100 %, 266.99 W, 1980 MHz, 18 %, 36
2026/10/10 13:34:41.213, 1, 75483 MiB, 100 %, 283.02 W, 1980 MHz, 17 %, 60
2026/10/10 13:34:41.213, 2, 75483 MiB, 100 %, 272.83 W, 1980 MHz, 18 %, 41
2026/10/10 13:34:41.213, 3, 75483 MiB, 100 %, 267.11 W, 1980 MHz, 18 %, 35
2026/10/10 13:34:41.214, 4, 75483 MiB, 100 %, 258.85 W, 1980 MHz, 17 %, 35
2026/10/10 13:34:41.214, 5, 75483 MiB, 100 %, 269.86 W, 1980 MHz, 18 %, 40
2026/10/10 13:34:41.214, 6, 75483 MiB, 100 %, 259.80 W, 1980 MHz, 18 %, 38
2026/10/10 13:34:41.214, 7, 75483 MiB, 100 %, 299.15 W, 1980 MHz, 18 %, 71
2026/10/10 13:34:42.214, 0, 75483 MiB, 100 %, 268.01 W, 1980 MHz, 18 %, 36
2026/10/10 13:34:42.214, 1, 75483 MiB, 100 %, 283.84 W, 1980 MHz, 17 %, 60
2026/10/10 13:34:42.214, 2, 75483 MiB, 100 %, 272.29 W, 1980 MHz, 18 %, 41
2026/10/10 13:34:42.214, 3, 75483 MiB, 100 %, 268.80 W, 1980 MHz, 18 %, 35
2026/10/10 13:34:42.214, 4, 75483 MiB, 100 %, 259.02 W, 1980 MHz, 17 %, 35
2026/10/10 13:34:42.214, 5, 75483 MiB, 100 %, 271.53 W, 1980 MHz, 18 %, 40
2026/10/10 13:34:42.214, 6, 75483 MiB, 100 %, 258.43 W, 1980 MHz, 18 %, 38
2026/10/10 13:34:42.214, 7, 75483 MiB, 100 %, 299.97 W, 1980 MHz, 18 %, 71
2026/10/10 13:34:43.214, 0, 75483 MiB, 100 %, 266.38 W, 1980 MHz, 18 %, 36
2026/10/10 13:34:43.215, 1, 75483 MiB, 100 %, 283.45 W, 1980 MHz, 17 %, 60
2026/10/10 13:34:43.215, 2, 75483 MiB, 100 %, 271.57 W, 1980 MHz, 18 %, 40
2026/10/10 13:34:43.215, 3, 75483 MiB, 100 %, 266.02 W, 1980 MHz, 18 %, 35
2026/10/10 13:34:43.215, 4, 75483 MiB, 100 %, 259.77 W, 1980 MHz, 17 %, 35
2026/10/10 13:34:43.215, 5, 75483 MiB, 100 %, 268.85 W, 1980 MHz, 18 %, 40
2026/10/10 13:34:43.215, 6, 75483 MiB, 100 %, 259.68 W, 1980 MHz, 18 %, 38
2026/10/10 13:34:43.215, 7, 75483 MiB, 100 %, 300.27 W, 1980 MHz, 18 %, 71
2026/10/10 13:34:44.215, 0, 75483 MiB, 100 %, 448.01 W, 1785 MHz, 31 %, 50
2026/10/10 13:34:44.215, 1, 75483 MiB, 100 %, 496.58 W, 1770 MHz, 30 %, 70
2026/10/10 13:34:44.215, 2, 75483 MiB, 100 %, 452.76 W, 1815 MHz, 31 %, 52
2026/10/10 13:34:44.215, 3, 75483 MiB, 100 %, 437.32 W, 1770 MHz, 30 %, 46
2026/10/10 13:34:44.215, 4, 75483 MiB, 100 %, 452.92 W, 1770 MHz, 30 %, 49
2026/10/10 13:34:44.215, 5, 75483 MiB, 100 %, 457.34 W, 1755 MHz, 31 %, 53
2026/10/10 13:34:44.216, 6, 75483 MiB, 100 %, 454.89 W, 1800 MHz, 30 %, 51
2026/10/10 13:34:44.216, 7, 75483 MiB, 100 %, 479.62 W, 1740 MHz, 31 %, 83
2026/10/10 13:34:45.216, 0, 75483 MiB, 100 %, 690.20 W, 1875 MHz, 27 %, 52
2026/10/10 13:34:45.216, 1, 75483 MiB, 100 %, 691.92 W, 1800 MHz, 27 %, 71
2026/10/10 13:34:45.216, 2, 75483 MiB, 100 %, 691.08 W, 1905 MHz, 28 %, 54
2026/10/10 13:34:45.216, 3, 75483 MiB, 100 %, 694.29 W, 1860 MHz, 27 %, 51
2026/10/10 13:34:45.216, 4, 75483 MiB, 100 %, 689.23 W, 1890 MHz, 27 %, 53
2026/10/10 13:34:45.216, 5, 75483 MiB, 100 %, 692.32 W, 1845 MHz, 27 %, 56
2026/10/10 13:34:45.216, 6, 75483 MiB, 100 %, 694.20 W, 1830 MHz, 28 %, 56
2026/10/10 13:34:45.216, 7, 75483 MiB, 100 %, 672.04 W, 1650 MHz, 27 %, 83
2026/10/10 13:34:46.216, 0, 75483 MiB, 100 %, 697.45 W, 1845 MHz, 25 %, 54
2026/10/10 13:34:46.217, 1, 75483 MiB, 100 %, 689.01 W, 1845 MHz, 25 %, 72
2026/10/10 13:34:46.217, 2, 75483 MiB, 100 %, 696.10 W, 1890 MHz, 25 %, 56
2026/10/10 13:34:46.217, 3, 75483 MiB, 100 %, 693.48 W, 1890 MHz, 25 %, 51
2026/10/10 13:34:46.217, 4, 75483 MiB, 100 %, 693.68 W, 1815 MHz, 25 %, 53
2026/10/10 13:34:46.217, 5, 75483 MiB, 100 %, 697.28 W, 1830 MHz, 25 %, 58
2026/10/10 13:34:46.217, 6, 75483 MiB, 100 %, 698.37 W, 1890 MHz, 25 %, 57
2026/10/10 13:34:46.217, 7, 75483 MiB, 100 %, 604.54 W, 1560 MHz, 26 %, 82
2026/10/10 13:34:47.217, 0, 75485 MiB, 100 %, 519.02 W, 1980 MHz, 17 %, 41
2026/10/10 13:34:47.217, 1, 75485 MiB, 100 %, 485.67 W, 1980 MHz, 17 %, 62
2026/10/10 13:34:47.217, 2, 75485 MiB, 100 %, 525.77 W, 1980 MHz, 18 %, 46
2026/10/10 13:34:47.217, 3, 75485 MiB, 100 %, 517.15 W, 1980 MHz, 17 %, 40
2026/10/10 13:34:47.217, 4, 75485 MiB, 100 %, 504.96 W, 1980 MHz, 18 %, 41
2026/10/10 13:34:47.217, 5, 75485 MiB, 100 %, 519.01 W, 1980 MHz, 17 %, 46
2026/10/10 13:34:47.217, 6, 75485 MiB, 100 %, 513.78 W, 1980 MHz, 18 %, 45
2026/10/10 13:34:47.217, 7, 75485 MiB, 100 %, 480.98 W, 1980 MHz, 17 %, 74
2026/10/10 13:34:48.218, 0, 75485 MiB, 100 %, 270.11 W, 1980 MHz, 18 %, 39
2026/10/10 13:34:48.218, 1, 75485 MiB, 100 %, 288.26 W, 1980 MHz, 18 %, 61
2026/10/10 13:34:48.218, 2, 75485 MiB, 100 %, 272.59 W, 1980 MHz, 18 %, 43
2026/10/10 13:34:48.218, 3, 75485 MiB, 100 %, 265.97 W, 1980 MHz, 17 %, 37
2026/10/10 13:34:48.218, 4, 75485 MiB, 100 %, 267.20 W, 1980 MHz, 18 %, 38
2026/10/10 13:34:48.218, 5, 75485 MiB, 100 %, 271.92 W, 1980 MHz, 18 %, 43
2026/10/10 13:34:48.218, 6, 75485 MiB, 100 %, 261.30 W, 1980 MHz, 18 %, 41
2026/10/10 13:34:48.218, 7, 75485 MiB, 100 %, 300.86 W, 1980 MHz, 18 %, 72
2026/10/10 13:34:49.218, 0, 75485 MiB, 100 %, 270.44 W, 1980 MHz, 17 %, 38
2026/10/10 13:34:49.218, 1, 75485 MiB, 100 %, 287.86 W, 1980 MHz, 18 %, 60
2026/10/10 13:34:49.218, 2, 75485 MiB, 100 %, 273.66 W, 1980 MHz, 18 %, 42
2026/10/10 13:34:49.219, 3, 75485 MiB, 100 %, 263.66 W, 1980 MHz, 17 %, 36
2026/10/10 13:34:49.219, 4, 75485 MiB, 100 %, 264.12 W, 1980 MHz, 18 %, 37
2026/10/10 13:34:49.219, 5, 75485 MiB, 100 %, 269.11 W, 1980 MHz, 17 %, 42
2026/10/10 13:34:49.219, 6, 75485 MiB, 100 %, 259.86 W, 1980 MHz, 17 %, 40
2026/10/10 13:34:49.219, 7, 75485 MiB, 100 %, 299.21 W, 1980 MHz, 18 %, 72
2026/10/10 13:34:50.219, 0, 75485 MiB, 100 %, 271.08 W, 1980 MHz, 18 %, 38
2026/10/10 13:34:50.219, 1, 75485 MiB, 100 %, 288.41 W, 1980 MHz, 18 %, 60
2026/10/10 13:34:50.219, 2, 75485 MiB, 100 %, 272.00 W, 1980 MHz, 18 %, 42
2026/10/10 13:34:50.219, 3, 75485 MiB, 100 %, 266.14 W, 1980 MHz, 17 %, 36
2026/10/10 13:34:50.219, 4, 75485 MiB, 100 %, 262.86 W, 1980 MHz, 19 %, 37
2026/10/10 13:34:50.219, 5, 75485 MiB, 100 %, 268.48 W, 1980 MHz, 17 %, 41
2026/10/10 13:34:50.219, 6, 75485 MiB, 100 %, 258.29 W, 1980 MHz, 18 %, 39
2026/10/10 13:34:50.219, 7, 75485 MiB, 100 %, 298.58 W, 1980 MHz, 18 %, 72
2026/10/10 13:34:51.219, 0, 75485 MiB, 100 %, 268.72 W, 1980 MHz, 17 %, 37
2026/10/10 13:34:51.220, 1, 75485 MiB, 100 %, 285.48 W, 1980 MHz, 17 %, 60
2026/10/10 13:34:51.220, 2, 75485 MiB, 100 %, 273.13 W, 1980 MHz, 18 %, 41
2026/10/10 13:34:51.220, 3, 75485 MiB, 100 %, 264.97 W, 1980 MHz, 17 %, 36
2026/10/10 13:34:51.220, 4, 75485 MiB, 100 %, 264.41 W, 1980 MHz, 18 %, 36
2026/10/10 13:34:51.220, 5, 75485 MiB, 100 %, 267.20 W, 1980 MHz, 17 %, 41
2026/10/10 13:34:51.220, 6, 75485 MiB, 100 %, 258.83 W, 1980 MHz, 17 %, 39
2026/10/10 13:34:51.220, 7, 75485 MiB, 100 %, 297.77 W, 1980 MHz, 18 %, 72
2026/10/10 13:34:52.220, 0, 75485 MiB, 100 %, 268.11 W, 1980 MHz, 18 %, 37
2026/10/10 13:34:52.220, 1, 75485 MiB, 100 %, 288.22 W, 1980 MHz, 18 %, 60
2026/10/10 13:34:52.220, 2, 75485 MiB, 100 %, 273.12 W, 1980 MHz, 18 %, 41
2026/10/10 13:34:52.220, 3, 75485 MiB, 100 %, 263.77 W, 1980 MHz, 18 %, 35
2026/10/10 13:34:52.220, 4, 75485 MiB, 100 %, 265.69 W, 1980 MHz, 18 %, 36
2026/10/10 13:34:52.220, 5, 75485 MiB, 100 %, 267.62 W, 1980 MHz, 17 %, 41
2026/10/10 13:34:52.220, 6, 75485 MiB, 100 %, 258.75 W, 1980 MHz, 18 %, 38
2026/10/10 13:34:52.220, 7, 75485 MiB, 100 %, 298.75 W, 1980 MHz, 18 %, 72
2026/10/10 13:34:53.221, 0, 75485 MiB, 100 %, 268.72 W, 1980 MHz, 18 %, 37
2026/10/10 13:34:53.221, 1, 75485 MiB, 100 %, 287.15 W, 1980 MHz, 18 %, 60
2026/10/10 13:34:53.221, 2, 75485 MiB, 100 %, 272.40 W, 1980 MHz, 18 %, 41
2026/10/10 13:34:53.221, 3, 75485 MiB, 100 %, 266.28 W, 1980 MHz, 18 %, 35
2026/10/10 13:34:53.221, 4, 75485 MiB, 100 %, 265.83 W, 1980 MHz, 19 %, 36
2026/10/10 13:34:53.221, 5, 75485 MiB, 100 %, 267.00 W, 1980 MHz, 17 %, 41
2026/10/10 13:34:53.221, 6, 75485 MiB, 100 %, 257.50 W, 1980 MHz, 18 %, 38
2026/10/10 13:34:53.221, 7, 75485 MiB, 100 %, 297.67 W, 1980 MHz, 18 %, 71
2026/10/10 13:34:54.221, 0, 75485 MiB, 100 %, 268.35 W, 1980 MHz, 18 %, 37
2026/10/10 13:34:54.221, 1, 75485 MiB, 100 %, 285.88 W, 1980 MHz, 17 %, 60
2026/10/10 13:34:54.221, 2, 75485 MiB, 100 %, 271.30 W, 1980 MHz, 18 %, 41
2026/10/10 13:34:54.221, 3, 75485 MiB, 100 %, 264.99 W, 1980 MHz, 17 %, 35
2026/10/10 13:34:54.221, 4, 75485 MiB, 100 %, 265.57 W, 1980 MHz, 18 %, 36
2026/10/10 13:34:54.221, 5, 75485 MiB, 100 %, 268.26 W, 1980 MHz, 18 %, 41
2026/10/10 13:34:54.222, 6, 75485 MiB, 100 %, 257.63 W, 1980 MHz, 18 %, 38
2026/10/10 13:34:54.222, 7, 75485 MiB, 100 %, 296.77 W, 1980 MHz, 18 %, 71
2026/10/10 13:34:55.222, 0, 75485 MiB, 100 %, 266.95 W, 1980 MHz, 17 %, 37
2026/10/10 13:34:55.222, 1, 75485 MiB, 100 %, 287.06 W, 1980 MHz, 17 %, 60
2026/10/10 13:34:55.222, 2, 75485 MiB, 100 %, 271.94 W, 1980 MHz, 18 %, 41
2026/10/10 13:34:55.222, 3, 75485 MiB, 100 %, 264.32 W, 1980 MHz, 18 %, 35
2026/10/10 13:34:55.222, 4, 75485 MiB, 100 %, 264.41 W, 1980 MHz, 18 %, 36
2026/10/10 13:34:55.222, 5, 75485 MiB, 100 %, 269.12 W, 1980 MHz, 18 %, 40
2026/10/10 13:34:55.222, 6, 75485 MiB, 100 %, 257.47 W, 1980 MHz, 18 %, 38
2026/10/10 13:34:55.222, 7, 75485 MiB, 100 %, 297.74 W, 1980 MHz, 18 %, 71
2026/10/10 13:34:56.222, 0, 75485 MiB, 100 %, 267.66 W, 1980 MHz, 18 %, 37
2026/10/10 13:34:56.222, 1, 75485 MiB, 100 %, 285.93 W, 1980 MHz, 17 %, 60
2026/10/10 13:34:56.223, 2, 75485 MiB, 100 %, 270.49 W, 1980 MHz, 18 %, 41
2026/10/10 13:34:56.223, 3, 75485 MiB, 100 %, 264.80 W, 1980 MHz, 17 %, 35
2026/10/10 13:34:56.223, 4, 75485 MiB, 100 %, 265.12 W, 1980 MHz, 18 %, 36
2026/10/10 13:34:56.223, 5, 75485 MiB, 100 %, 267.41 W, 1980 MHz, 17 %, 40
2026/10/10 13:34:56.223, 6, 75485 MiB, 100 %, 255.42 W, 1980 MHz, 18 %, 38
2026/10/10 13:34:56.223, 7, 75485 MiB, 100 %, 296.41 W, 1980 MHz, 17 %, 71
2026/10/10 13:34:57.223, 0, 75485 MiB, 100 %, 268.17 W, 1980 MHz, 18 %, 36
2026/10/10 13:34:57.223, 1, 75485 MiB, 100 %, 285.00 W, 1980 MHz, 17 %, 60
2026/10/10 13:34:57.223, 2, 75485 MiB, 100 %, 271.41 W, 1980 MHz, 18 %, 41
2026/10/10 13:34:57.223, 3, 75485 MiB, 100 %, 263.85 W, 1980 MHz, 18 %, 35
2026/10/10 13:34:57.223, 4, 75485 MiB, 100 %, 265.96 W, 1980 MHz, 19 %, 36
2026/10/10 13:34:57.223, 5, 75485 MiB, 100 %, 265.85 W, 1980 MHz, 17 %, 40
2026/10/10 13:34:57.223, 6, 75485 MiB, 100 %, 257.75 W, 1980 MHz, 17 %, 38
2026/10/10 13:34:57.223, 7, 75485 MiB, 100 %, 296.38 W, 1980 MHz, 17 %, 71
2026/10/10 13:34:58.224, 0, 75485 MiB, 100 %, 267.45 W, 1980 MHz, 17 %, 36
2026/10/10 13:34:58.224, 1, 75485 MiB, 100 %, 289.06 W, 1980 MHz, 17 %, 60
2026/10/10 13:34:58.224, 2, 75485 MiB, 100 %, 271.03 W, 1980 MHz, 18 %, 41
2026/10/10 13:34:58.224, 3, 75485 MiB, 100 %, 262.96 W, 1980 MHz, 17 %, 35
2026/10/10 13:34:58.224, 4, 75485 MiB, 100 %, 264.07 W, 1980 MHz, 18 %, 36
2026/10/10 13:34:58.224, 5, 75485 MiB, 100 %, 267.20 W, 1980 MHz, 17 %, 40
2026/10/10 13:34:58.224, 6, 75485 MiB, 100 %, 257.52 W, 1980 MHz, 17 %, 38
2026/10/10 13:34:58.224, 7, 75485 MiB, 100 %, 296.79 W, 1980 MHz, 17 %, 71
2026/10/10 13:34:59.224, 0, 75485 MiB, 100 %, 268.05 W, 1980 MHz, 18 %, 36
2026/10/10 13:34:59.224, 1, 75485 MiB, 100 %, 284.30 W, 1980 MHz, 18 %, 60
2026/10/10 13:34:59.224, 2, 75485 MiB, 100 %, 271.37 W, 1980 MHz, 18 %, 41
2026/10/10 13:34:59.224, 3, 75485 MiB, 100 %, 265.18 W, 1980 MHz, 18 %, 35
2026/10/10 13:34:59.224, 4, 75485 MiB, 100 %, 264.63 W, 1980 MHz, 18 %, 35
2026/10/10 13:34:59.225, 5, 75485 MiB, 100 %, 267.66 W, 1980 MHz, 17 %, 40
2026/10/10 13:34:59.225, 6, 75485 MiB, 100 %, 258.15 W, 1980 MHz, 18 %, 38
2026/10/10 13:34:59.225, 7, 75485 MiB, 100 %, 296.82 W, 1980 MHz, 18 %, 71
2026/10/10 13:35:00.225, 0, 75485 MiB, 100 %, 622.43 W, 1815 MHz, 30 %, 52
2026/10/10 13:35:00.225, 1, 75485 MiB, 100 %, 654.05 W, 1410 MHz, 29 %, 71
2026/10/10 13:35:00.225, 2, 75485 MiB, 100 %, 624.71 W, 1815 MHz, 30 %, 53
2026/10/10 13:35:00.225, 3, 75485 MiB, 100 %, 611.83 W, 1800 MHz, 29 %, 49
2026/10/10 13:35:00.225, 4, 75485 MiB, 100 %, 626.98 W, 1770 MHz, 30 %, 51
2026/10/10 13:35:00.225, 5, 75485 MiB, 100 %, 628.96 W, 1770 MHz, 30 %, 55
2026/10/10 13:35:00.225, 6, 75485 MiB, 100 %, 635.63 W, 1800 MHz, 29 %, 54
2026/10/10 13:35:00.225, 7, 75485 MiB, 100 %, 632.22 W, 1665 MHz, 30 %, 84
2026/10/10 13:35:01.225, 0, 75485 MiB, 100 %, 689.34 W, 1740 MHz, 26 %, 53
2026/10/10 13:35:01.226, 1, 75485 MiB, 100 %, 681.42 W, 1605 MHz, 26 %, 71
2026/10/10 13:35:01.226, 2, 75485 MiB, 100 %, 686.84 W, 1755 MHz, 26 %, 55
2026/10/10 13:35:01.226, 3, 75485 MiB, 100 %, 688.71 W, 1710 MHz, 26 %, 51
2026/10/10 13:35:01.226, 4, 75485 MiB, 100 %, 681.37 W, 1830 MHz, 25 %, 53
2026/10/10 13:35:01.226, 5, 75485 MiB, 100 %, 689.18 W, 1845 MHz, 25 %, 57
2026/10/10 13:35:01.226, 6, 75485 MiB, 100 %, 686.83 W, 1860 MHz, 26 %, 57
2026/10/10 13:35:01.226, 7, 75485 MiB, 100 %, 643.08 W, 1575 MHz, 26 %, 82
2026/10/10 13:35:02.226, 0, 75485 MiB, 100 %, 678.46 W, 1950 MHz, 26 %, 51
2026/10/10 13:35:02.226, 1, 75485 MiB, 100 %, 647.63 W, 1965 MHz, 26 %, 66
2026/10/10 13:35:02.226, 2, 75485 MiB, 100 %, 682.44 W, 1875 MHz, 26 %, 56
2026/10/10 13:35:02.226, 3, 75485 MiB, 100 %, 677.80 W, 1725 MHz, 24 %, 52
2026/10/10 13:35:02.226, 4, 75485 MiB, 100 %, 674.19 W, 1950 MHz, 26 %, 48
2026/10/10 13:35:02.227, 5, 75485 MiB, 100 %, 675.75 W, 1860 MHz, 26 %, 53
2026/10/10 13:35:02.227, 6, 75485 MiB, 100 %, 674.22 W, 1890 MHz, 26 %, 58
2026/10/10 13:35:02.227, 7, 75485 MiB, 100 %, 595.16 W, 1860 MHz, 26 %, 78
2026/10/10 13:35:03.227, 0, 75485 MiB, 100 %, 270.38 W, 1980 MHz, 18 %, 39
2026/10/10 13:35:03.227, 1, 75485 MiB, 100 %, 284.04 W, 1980 MHz, 18 %, 61
2026/10/10 13:35:03.227, 2, 75485 MiB, 100 %, 272.12 W, 1980 MHz, 17 %, 43
2026/10/10 13:35:03.227, 3, 75485 MiB, 100 %, 267.95 W, 1980 MHz, 18 %, 38
2026/10/10 13:35:03.227, 4, 75485 MiB, 100 %, 261.32 W, 1980 MHz, 18 %, 38
2026/10/10 13:35:03.227, 5, 75485 MiB, 100 %, 269.91 W, 1980 MHz, 17 %, 43
2026/10/10 13:35:03.227, 6, 75485 MiB, 100 %, 260.65 W, 1980 MHz, 17 %, 42
2026/10/10 13:35:03.227, 7, 75485 MiB, 100 %, 297.00 W, 1980 MHz, 17 %, 73
2026/10/10 13:35:04.228, 0, 75485 MiB, 100 %, 268.06 W, 1980 MHz, 18 %, 38
2026/10/10 13:35:04.228, 1, 75485 MiB, 100 %, 287.48 W, 1980 MHz, 18 %, 60
2026/10/10 13:35:04.228, 2, 75485 MiB, 100 %, 270.36 W, 1980 MHz, 18 %, 42
2026/10/10 13:35:04.228, 3, 75485 MiB, 100 %, 269.85 W, 1980 MHz, 18 %, 36
2026/10/10 13:35:04.228, 4, 75485 MiB, 100 %, 263.02 W, 1980 MHz, 17 %, 37
2026/10/10 13:35:04.228, 5, 75485 MiB, 100 %, 266.02 W, 1980 MHz, 17 %, 42
2026/10/10 13:35:04.228, 6, 75485 MiB, 100 %, 259.95 W, 1980 MHz, 18 %, 40
2026/10/10 13:35:04.228, 7, 75485 MiB, 100 %, 297.71 W, 1980 MHz, 17 %, 72
2026/10/10 13:35:05.228, 0, 75485 MiB, 100 %, 268.25 W, 1980 MHz, 18 %, 38
2026/10/10 13:35:05.228, 1, 75485 MiB, 100 %, 287.07 W, 1980 MHz, 17 %, 60
2026/10/10 13:35:05.228, 2, 75485 MiB, 100 %, 269.02 W, 1980 MHz, 18 %, 42
2026/10/10 13:35:05.228, 3, 75485 MiB, 100 %, 269.35 W, 1980 MHz, 17 %, 36
2026/10/10 13:35:05.228, 4, 75485 MiB, 100 %, 261.98 W, 1980 MHz, 17 %, 37
2026/10/10 13:35:05.229, 5, 75485 MiB, 100 %, 266.23 W, 1980 MHz, 17 %, 41
2026/10/10 13:35:05.229, 6, 75485 MiB, 100 %, 259.54 W, 1980 MHz, 17 %, 39
2026/10/10 13:35:05.229, 7, 75485 MiB, 100 %, 298.16 W, 1980 MHz, 17 %, 72
2026/10/10 13:35:06.229, 0, 75485 MiB, 100 %, 267.64 W, 1980 MHz, 18 %, 37
2026/10/10 13:35:06.229, 1, 75485 MiB, 100 %, 286.12 W, 1980 MHz, 17 %, 60
2026/10/10 13:35:06.229, 2, 75485 MiB, 100 %, 269.14 W, 1980 MHz, 18 %, 41
2026/10/10 13:35:06.229, 3, 75485 MiB, 100 %, 267.59 W, 1980 MHz, 18 %, 36
2026/10/10 13:35:06.229, 4, 75485 MiB, 100 %, 260.54 W, 1980 MHz, 18 %, 36
2026/10/10 13:35:06.229, 5, 75485 MiB, 100 %, 266.05 W, 1980 MHz, 17 %, 41
2026/10/10 13:35:06.229, 6, 75485 MiB, 100 %, 258.95 W, 1980 MHz, 18 %, 39
2026/10/10 13:35:06.229, 7, 75485 MiB, 100 %, 297.52 W, 1980 MHz, 17 %, 72
2026/10/10 13:35:07.229, 0, 75485 MiB, 100 %, 267.51 W, 1980 MHz, 17 %, 37
2026/10/10 13:35:07.230, 1, 75485 MiB, 100 %, 285.19 W, 1980 MHz, 18 %, 60
2026/10/10 13:35:07.230, 2, 75485 MiB, 100 %, 270.07 W, 1980 MHz, 17 %, 41
2026/10/10 13:35:07.230, 3, 75485 MiB, 100 %, 267.27 W, 1980 MHz, 18 %, 35
2026/10/10 13:35:07.230, 4, 75485 MiB, 100 %, 262.54 W, 1980 MHz, 18 %, 36
2026/10/10 13:35:07.230, 5, 75485 MiB, 100 %, 265.32 W, 1980 MHz, 17 %, 41
2026/10/10 13:35:07.230, 6, 75485 MiB, 100 %, 260.90 W, 1980 MHz, 18 %, 38
2026/10/10 13:35:07.230, 7, 75485 MiB, 100 %, 297.92 W, 1980 MHz, 17 %, 72
2026/10/10 13:35:08.230, 0, 75485 MiB, 100 %, 266.40 W, 1980 MHz, 17 %, 37
2026/10/10 13:35:08.230, 1, 75485 MiB, 100 %, 287.01 W, 1980 MHz, 18 %, 60
2026/10/10 13:35:08.230, 2, 75485 MiB, 100 %, 268.59 W, 1980 MHz, 18 %, 41
2026/10/10 13:35:08.230, 3, 75485 MiB, 100 %, 267.79 W, 1980 MHz, 18 %, 35
2026/10/10 13:35:08.230, 4, 75485 MiB, 100 %, 260.52 W, 1980 MHz, 17 %, 36
2026/10/10 13:35:08.230, 5, 75485 MiB, 100 %, 267.02 W, 1980 MHz, 17 %, 40
2026/10/10 13:35:08.230, 6, 75485 MiB, 100 %, 259.42 W, 1980 MHz, 17 %, 38
2026/10/10 13:35:08.230, 7, 75485 MiB, 100 %, 298.07 W, 1980 MHz, 17 %, 72
2026/10/10 13:35:09.231, 0, 75485 MiB, 100 %, 268.85 W, 1980 MHz, 18 %, 37
2026/10/10 13:35:09.231, 1, 75485 MiB, 100 %, 286.18 W, 1980 MHz, 17 %, 60
2026/10/10 13:35:09.231, 2, 75485 MiB, 100 %, 269.35 W, 1980 MHz, 18 %, 41
2026/10/10 13:35:09.231, 3, 75485 MiB, 100 %, 264.97 W, 1980 MHz, 17 %, 35
2026/10/10 13:35:09.231, 4, 75485 MiB, 100 %, 261.61 W, 1980 MHz, 18 %, 36
2026/10/10 13:35:09.231, 5, 75485 MiB, 100 %, 267.15 W, 1980 MHz, 18 %, 40
2026/10/10 13:35:09.231, 6, 75485 MiB, 100 %, 258.90 W, 1980 MHz, 18 %, 38
2026/10/10 13:35:09.231, 7, 75485 MiB, 100 %, 298.45 W, 1980 MHz, 18 %, 71
2026/10/10 13:35:10.231, 0, 75485 MiB, 100 %, 266.41 W, 1980 MHz, 18 %, 37
2026/10/10 13:35:10.231, 1, 75485 MiB, 100 %, 286.47 W, 1980 MHz, 17 %, 60
2026/10/10 13:35:10.231, 2, 75485 MiB, 100 %, 269.82 W, 1980 MHz, 18 %, 41
2026/10/10 13:35:10.232, 3, 75485 MiB, 100 %, 267.92 W, 1980 MHz, 18 %, 35
2026/10/10 13:35:10.232, 4, 75485 MiB, 100 %, 259.68 W, 1980 MHz, 18 %, 36
2026/10/10 13:35:10.232, 5, 75485 MiB, 100 %, 265.77 W, 1980 MHz, 17 %, 40
2026/10/10 13:35:10.232, 6, 75485 MiB, 100 %, 260.20 W, 1980 MHz, 18 %, 38
2026/10/10 13:35:10.232, 7, 75485 MiB, 100 %, 296.51 W, 1980 MHz, 17 %, 71
2026/10/10 13:35:11.232, 0, 75485 MiB, 100 %, 266.14 W, 1980 MHz, 17 %, 37
2026/10/10 13:35:11.232, 1, 75485 MiB, 100 %, 285.26 W, 1980 MHz, 17 %, 60
2026/10/10 13:35:11.232, 2, 75485 MiB, 100 %, 269.06 W, 1980 MHz, 18 %, 41
2026/10/10 13:35:11.232, 3, 75485 MiB, 100 %, 264.43 W, 1980 MHz, 17 %, 35
2026/10/10 13:35:11.232, 4, 75485 MiB, 100 %, 260.37 W, 1980 MHz, 17 %, 36
2026/10/10 13:35:11.232, 5, 75485 MiB, 100 %, 265.66 W, 1980 MHz, 18 %, 40
2026/10/10 13:35:11.232, 6, 75485 MiB, 100 %, 259.08 W, 1980 MHz, 18 %, 38
2026/10/10 13:35:11.232, 7, 75485 MiB, 100 %, 298.24 W, 1980 MHz, 17 %, 71
2026/10/10 13:35:12.233, 0, 75485 MiB, 100 %, 267.45 W, 1980 MHz, 18 %, 36
2026/10/10 13:35:12.233, 1, 75485 MiB, 100 %, 285.77 W, 1980 MHz, 17 %, 60
2026/10/10 13:35:12.233, 2, 75485 MiB, 100 %, 269.19 W, 1980 MHz, 18 %, 40
2026/10/10 13:35:12.233, 3, 75485 MiB, 100 %, 267.87 W, 1980 MHz, 17 %, 35
2026/10/10 13:35:12.233, 4, 75485 MiB, 100 %, 262.56 W, 1980 MHz, 18 %, 35
2026/10/10 13:35:12.233, 5, 75485 MiB, 100 %, 265.99 W, 1980 MHz, 17 %, 40
2026/10/10 13:35:12.233, 6, 75485 MiB, 100 %, 258.84 W, 1980 MHz, 18 %, 38
2026/10/10 13:35:12.233, 7, 75485 MiB, 100 %, 296.17 W, 1980 MHz, 17 %, 71
2026/10/10 13:35:13.233, 0, 75485 MiB, 100 %, 269.17 W, 1980 MHz, 18 %, 36
2026/10/10 13:35:13.233, 1, 75485 MiB, 100 %, 287.39 W, 1980 MHz, 18 %, 60
2026/10/10 13:35:13.233, 2, 75485 MiB, 100 %, 269.22 W, 1980 MHz, 18 %, 40
2026/10/10 13:35:13.233, 3, 75485 MiB, 100 %, 265.30 W, 1980 MHz, 18 %, 35
2026/10/10 13:35:13.233, 4, 75485 MiB, 100 %, 258.08 W, 1980 MHz, 17 %, 35
2026/10/10 13:35:13.233, 5, 75485 MiB, 100 %, 264.76 W, 1980 MHz, 17 %, 40
2026/10/10 13:35:13.233, 6, 75485 MiB, 100 %, 259.83 W, 1980 MHz, 18 %, 38
2026/10/10 13:35:13.234, 7, 75485 MiB, 100 %, 297.13 W, 1980 MHz, 18 %, 71
2026/10/10 13:35:14.234, 0, 75485 MiB, 100 %, 268.52 W, 1980 MHz, 18 %, 36
2026/10/10 13:35:14.234, 1, 75485 MiB, 100 %, 287.40 W, 1980 MHz, 18 %, 60
2026/10/10 13:35:14.234, 2, 75485 MiB, 100 %, 266.64 W, 1980 MHz, 17 %, 40
2026/10/10 13:35:14.234, 3, 75485 MiB, 100 %, 266.55 W, 1980 MHz, 18 %, 35
2026/10/10 13:35:14.234, 4, 75485 MiB, 100 %, 260.78 W, 1980 MHz, 18 %, 35
2026/10/10 13:35:14.234, 5, 75485 MiB, 100 %, 266.86 W, 1980 MHz, 18 %, 40
2026/10/10 13:35:14.234, 6, 75485 MiB, 100 %, 258.82 W, 1980 MHz, 18 %, 38
2026/10/10 13:35:14.234, 7, 75485 MiB, 100 %, 298.13 W, 1980 MHz, 17 %, 71
2026/10/10 13:35:15.234, 0, 75485 MiB, 100 %, 492.38 W, 1815 MHz, 30 %, 50
2026/10/10 13:35:15.235, 1, 75485 MiB, 100 %, 535.61 W, 1740 MHz, 30 %, 71
2026/10/10 13:35:15.235, 2, 75485 MiB, 100 %, 527.29 W, 1800 MHz, 30 %, 52
2026/10/10 13:35:15.235, 3, 75485 MiB, 100 %, 527.58 W, 1785 MHz, 30 %, 48
2026/10/10 13:35:15.235, 4, 75485 MiB, 100 %, 502.35 W, 1815 MHz, 30 %, 50
2026/10/10 13:35:15.235, 5, 75485 MiB, 100 %, 491.63 W, 1770 MHz, 30 %, 54
2026/10/10 13:35:15.235, 6, 75485 MiB, 100 %, 504.63 W, 1815 MHz, 30 %, 52
2026/10/10 13:35:15.235, 7, 75485 MiB, 100 %, 522.15 W, 1755 MHz, 30 %, 84
2026/10/10 13:35:16.235, 0, 75485 MiB, 100 %, 694.61 W, 1785 MHz, 27 %, 52
2026/10/10 13:35:16.235, 1, 75485 MiB, 100 %, 693.76 W, 1785 MHz, 26 %, 71
2026/10/10 13:35:16.235, 2, 75485 MiB, 100 %, 681.62 W, 1845 MHz, 27 %, 55
2026/10/10 13:35:16.235, 3, 75485 MiB, 100 %, 684.54 W, 1830 MHz, 27 %, 51
2026/10/10 13:35:16.235, 4, 75485 MiB, 100 %, 687.24 W, 1860 MHz, 26 %, 53
2026/10/10 13:35:16.235, 5, 75485 MiB, 100 %, 688.14 W, 1860 MHz, 26 %, 57
2026/10/10 13:35:16.235, 6, 75485 MiB, 100 %, 691.95 W, 1905 MHz, 27 %, 56
2026/10/10 13:35:16.235, 7, 75485 MiB, 100 %, 655.78 W, 1590 MHz, 27 %, 82
2026/10/10 13:35:17.236, 0, 75485 MiB, 100 %, 694.71 W, 1875 MHz, 25 %, 53
2026/10/10 13:35:17.236, 1, 75485 MiB, 100 %, 693.95 W, 1860 MHz, 25 %, 72
2026/10/10 13:35:17.236, 2, 75485 MiB, 100 %, 691.06 W, 1890 MHz, 25 %, 56
2026/10/10 13:35:17.236, 3, 75485 MiB, 100 %, 696.65 W, 1875 MHz, 25 %, 52
2026/10/10 13:35:17.236, 4, 75485 MiB, 100 %, 696.22 W, 1890 MHz, 25 %, 55
2026/10/10 13:35:17.236, 5, 75485 MiB, 100 %, 698.25 W, 1875 MHz, 25 %, 58
2026/10/10 13:35:17.236, 6, 75485 MiB, 100 %, 696.82 W, 1905 MHz, 25 %, 58
2026/10/10 13:35:17.236, 7, 75485 MiB, 100 %, 618.21 W, 1530 MHz, 26 %, 82
2026/10/10 13:35:18.236, 0, 75485 MiB, 100 %, 567.59 W, 1965 MHz, 18 %, 42
2026/10/10 13:35:18.236, 1, 75485 MiB, 100 %, 530.01 W, 1980 MHz, 17 %, 63
2026/10/10 13:35:18.236, 2, 75485 MiB, 100 %, 520.24 W, 1980 MHz, 18 %, 46
2026/10/10 13:35:18.236, 3, 75485 MiB, 100 %, 521.70 W, 1980 MHz, 18 %, 41
2026/10/10 13:35:18.237, 4, 75485 MiB, 100 %, 552.41 W, 1965 MHz, 17 %, 42
2026/10/10 13:35:18.237, 5, 75485 MiB, 100 %, 560.05 W, 1965 MHz, 18 %, 47
2026/10/10 13:35:18.237, 6, 75485 MiB, 100 %, 548.76 W, 1965 MHz, 18 %, 46
2026/10/10 13:35:18.237, 7, 75485 MiB, 100 %, 498.18 W, 1965 MHz, 18 %, 75
2026/10/10 13:35:19.237, 0, 75485 MiB, 100 %, 267.95 W, 1980 MHz, 17 %, 39
2026/10/10 13:35:19.237, 1, 75485 MiB, 100 %, 287.93 W, 1980 MHz, 18 %, 61
2026/10/10 13:35:19.237, 2, 75485 MiB, 100 %, 274.04 W, 1980 MHz, 18 %, 43
2026/10/10 13:35:19.237, 3, 75485 MiB, 100 %, 271.35 W, 1980 MHz, 18 %, 37
2026/10/10 13:35:19.237, 4, 75485 MiB, 100 %, 261.97 W, 1980 MHz, 18 %, 38
2026/10/10 13:35:19.237, 5, 75485 MiB, 100 %, 274.30 W, 1980 MHz, 18 %, 43
2026/10/10 13:35:19.237, 6, 75485 MiB, 100 %, 263.64 W, 1980 MHz, 18 %, 41
2026/10/10 13:35:19.237, 7, 75485 MiB, 100 %, 299.60 W, 1980 MHz, 18 %, 73
2026/10/10 13:35:20.237, 0, 75485 MiB, 100 %, 267.05 W, 1980 MHz, 17 %, 38
2026/10/10 13:35:20.238, 1, 75485 MiB, 100 %, 284.89 W, 1980 MHz, 18 %, 60
2026/10/10 13:35:20.238, 2, 75485 MiB, 100 %, 270.78 W, 1980 MHz, 18 %, 42
2026/10/10 13:35:20.238, 3, 75485 MiB, 100 %, 270.28 W, 1980 MHz, 18 %, 36
2026/10/10 13:35:20.238, 4, 75485 MiB, 100 %, 260.72 W, 1980 MHz, 18 %, 37
2026/10/10 13:35:20.238, 5, 75485 MiB, 100 %, 272.12 W, 1980 MHz, 18 %, 42
2026/10/10 13:35:20.238, 6, 75485 MiB, 100 %, 260.94 W, 1980 MHz, 18 %, 40
2026/10/10 13:35:20.238, 7, 75485 MiB, 100 %, 298.13 W, 1980 MHz, 18 %, 72
2026/10/10 13:35:21.238, 0, 75485 MiB, 100 %, 269.59 W, 1980 MHz, 18 %, 38
2026/10/10 13:35:21.238, 1, 75485 MiB, 100 %, 285.53 W, 1980 MHz, 17 %, 60
2026/10/10 13:35:21.238, 2, 75485 MiB, 100 %, 269.12 W, 1980 MHz, 18 %, 42
2026/10/10 13:35:21.238, 3, 75485 MiB, 100 %, 269.09 W, 1980 MHz, 18 %, 36
2026/10/10 13:35:21.238, 4, 75485 MiB, 100 %, 263.59 W, 1980 MHz, 18 %, 37
2026/10/10 13:35:21.238, 5, 75485 MiB, 100 %, 273.59 W, 1980 MHz, 18 %, 41
2026/10/10 13:35:21.238, 6, 75485 MiB, 100 %, 260.66 W, 1980 MHz, 18 %, 39
2026/10/10 13:35:21.238, 7, 75485 MiB, 100 %, 298.32 W, 1980 MHz, 17 %, 72
2026/10/10 13:35:22.239, 0, 75485 MiB, 100 %, 268.69 W, 1980 MHz, 18 %, 37
2026/10/10 13:35:22.239, 1, 75485 MiB, 100 %, 284.74 W, 1980 MHz, 17 %, 60
2026/10/10 13:35:22.239, 2, 75485 MiB, 100 %, 269.85 W, 1980 MHz, 18 %, 41
2026/10/10 13:35:22.239, 3, 75485 MiB, 100 %, 268.07 W, 1980 MHz, 18 %, 36
2026/10/10 13:35:22.239, 4, 75485 MiB, 100 %, 262.44 W, 1980 MHz, 18 %, 36
2026/10/10 13:35:22.239, 5, 75485 MiB, 100 %, 272.87 W, 1980 MHz, 18 %, 41
2026/10/10 13:35:22.239, 6, 75485 MiB, 100 %, 261.59 W, 1980 MHz, 18 %, 39
2026/10/10 13:35:22.239, 7, 75485 MiB, 100 %, 297.11 W, 1980 MHz, 18 %, 72
2026/10/10 13:35:23.239, 0, 75485 MiB, 100 %, 268.37 W, 1980 MHz, 18 %, 37
2026/10/10 13:35:23.239, 1, 75485 MiB, 100 %, 282.55 W, 1980 MHz, 17 %, 60
2026/10/10 13:35:23.239, 2, 75485 MiB, 100 %, 271.61 W, 1980 MHz, 18 %, 41
2026/10/10 13:35:23.239, 3, 75485 MiB, 100 %, 268.27 W, 1980 MHz, 18 %, 36
2026/10/10 13:35:23.240, 4, 75485 MiB, 100 %, 261.52 W, 1980 MHz, 18 %, 36
2026/10/10 13:35:23.240, 5, 75485 MiB, 100 %, 272.25 W, 1980 MHz, 18 %, 41
2026/10/10 13:35:23.240, 6, 75485 MiB, 100 %, 260.36 W, 1980 MHz, 18 %, 39
2026/10/10 13:35:23.240, 7, 75485 MiB, 100 %, 295.39 W, 1980 MHz, 18 %, 72
2026/10/10 13:35:24.240, 0, 75485 MiB, 100 %, 268.76 W, 1980 MHz, 17 %, 37
2026/10/10 13:35:24.240, 1, 75485 MiB, 100 %, 280.35 W, 1980 MHz, 17 %, 60
2026/10/10 13:35:24.240, 2, 75485 MiB, 100 %, 271.47 W, 1980 MHz, 18 %, 41
2026/10/10 13:35:24.240, 3, 75485 MiB, 100 %, 266.98 W, 1980 MHz, 18 %, 35
2026/10/10 13:35:24.240, 4, 75485 MiB, 100 %, 261.89 W, 1980 MHz, 18 %, 36
2026/10/10 13:35:24.240, 5, 75485 MiB, 100 %, 273.82 W, 1980 MHz, 18 %, 41
2026/10/10 13:35:24.240, 6, 75485 MiB, 100 %, 260.03 W, 1980 MHz, 18 %, 38
2026/10/10 13:35:24.240, 7, 75485 MiB, 100 %, 299.24 W, 1980 MHz, 17 %, 71
2026/10/10 13:35:25.240, 0, 75485 MiB, 100 %, 267.39 W, 1980 MHz, 18 %, 37
2026/10/10 13:35:25.241, 1, 75485 MiB, 100 %, 282.65 W, 1980 MHz, 17 %, 60
2026/10/10 13:35:25.241, 2, 75485 MiB, 100 %, 270.07 W, 1980 MHz, 18 %, 41
2026/10/10 13:35:25.241, 3, 75485 MiB, 100 %, 266.85 W, 1980 MHz, 18 %, 35
2026/10/10 13:35:25.241, 4, 75485 MiB, 100 %, 261.63 W, 1980 MHz, 18 %, 36
2026/10/10 13:35:25.241, 5, 75485 MiB, 100 %, 274.48 W, 1980 MHz, 18 %, 41
2026/10/10 13:35:25.241, 6, 75485 MiB, 100 %, 259.62 W, 1980 MHz, 18 %, 38
2026/10/10 13:35:25.241, 7, 75485 MiB, 100 %, 298.03 W, 1980 MHz, 18 %, 71
2026/10/10 13:35:26.241, 0, 75485 MiB, 100 %, 266.24 W, 1980 MHz, 18 %, 37
2026/10/10 13:35:26.241, 1, 75485 MiB, 100 %, 284.35 W, 1980 MHz, 17 %, 60
2026/10/10 13:35:26.241, 2, 75485 MiB, 100 %, 270.69 W, 1980 MHz, 18 %, 41
2026/10/10 13:35:26.241, 3, 75485 MiB, 100 %, 267.88 W, 1980 MHz, 18 %, 35
2026/10/10 13:35:26.241, 4, 75485 MiB, 100 %, 258.96 W, 1980 MHz, 17 %, 36
2026/10/10 13:35:26.241, 5, 75485 MiB, 100 %, 271.14 W, 1980 MHz, 18 %, 41
2026/10/10 13:35:26.242, 6, 75485 MiB, 100 %, 260.22 W, 1980 MHz, 18 %, 38
2026/10/10 13:35:26.242, 7, 75485 MiB, 100 %, 297.96 W, 1980 MHz, 18 %, 71
2026/10/10 13:35:27.242, 0, 75485 MiB, 100 %, 265.93 W, 1980 MHz, 17 %, 37
2026/10/10 13:35:27.242, 1, 75485 MiB, 100 %, 285.71 W, 1980 MHz, 17 %, 60
2026/10/10 13:35:27.242, 2, 75485 MiB, 100 %, 272.21 W, 1980 MHz, 18 %, 41
2026/10/10 13:35:27.242, 3, 75485 MiB, 100 %, 268.78 W, 1980 MHz, 18 %, 35
2026/10/10 13:35:27.242, 4, 75485 MiB, 100 %, 258.73 W, 1980 MHz, 17 %, 35
2026/10/10 13:35:27.242, 5, 75485 MiB, 100 %, 270.98 W, 1980 MHz, 18 %, 40
2026/10/10 13:35:27.242, 6, 75485 MiB, 100 %, 259.19 W, 1980 MHz, 18 %, 38
2026/10/10 13:35:27.242, 7, 75485 MiB, 100 %, 297.87 W, 1980 MHz, 17 %, 71
2026/10/10 13:35:28.242, 0, 75485 MiB, 100 %, 264.47 W, 1980 MHz, 17 %, 36
2026/10/10 13:35:28.242, 1, 75485 MiB, 100 %, 285.01 W, 1980 MHz, 17 %, 60
2026/10/10 13:35:28.243, 2, 75485 MiB, 100 %, 270.47 W, 1980 MHz, 18 %, 41
2026/10/10 13:35:28.243, 3, 75485 MiB, 100 %, 269.97 W, 1980 MHz, 18 %, 35
2026/10/10 13:35:28.243, 4, 75485 MiB, 100 %, 258.16 W, 1980 MHz, 17 %, 35
2026/10/10 13:35:28.243, 5, 75485 MiB, 100 %, 272.08 W, 1980 MHz, 18 %, 40
2026/10/10 13:35:28.243, 6, 75485 MiB, 100 %, 258.88 W, 1980 MHz, 18 %, 38
2026/10/10 13:35:28.243, 7, 75485 MiB, 100 %, 298.21 W, 1980 MHz, 18 %, 71
2026/10/10 13:35:29.243, 0, 75485 MiB, 100 %, 266.40 W, 1980 MHz, 17 %, 36
2026/10/10 13:35:29.243, 1, 75485 MiB, 100 %, 283.94 W, 1980 MHz, 17 %, 60
2026/10/10 13:35:29.243, 2, 75485 MiB, 100 %, 270.96 W, 1980 MHz, 18 %, 41
2026/10/10 13:35:29.243, 3, 75485 MiB, 100 %, 266.46 W, 1980 MHz, 18 %, 35
2026/10/10 13:35:29.243, 4, 75485 MiB, 100 %, 258.69 W, 1980 MHz, 17 %, 35
2026/10/10 13:35:29.243, 5, 75485 MiB, 100 %, 271.81 W, 1980 MHz, 18 %, 40
2026/10/10 13:35:29.243, 6, 75485 MiB, 100 %, 259.85 W, 1980 MHz, 18 %, 38
2026/10/10 13:35:29.243, 7, 75485 MiB, 100 %, 297.78 W, 1980 MHz, 18 %, 71
2026/10/10 13:35:30.244, 0, 75485 MiB, 100 %, 266.88 W, 1980 MHz, 18 %, 36
2026/10/10 13:35:30.244, 1, 75485 MiB, 100 %, 284.23 W, 1980 MHz, 17 %, 60
2026/10/10 13:35:30.244, 2, 75485 MiB, 100 %, 269.67 W, 1980 MHz, 18 %, 41
2026/10/10 13:35:30.244, 3, 75485 MiB, 100 %, 266.79 W, 1980 MHz, 18 %, 35
2026/10/10 13:35:30.244, 4, 75485 MiB, 100 %, 258.37 W, 1980 MHz, 17 %, 35
2026/10/10 13:35:30.244, 5, 75485 MiB, 100 %, 271.41 W, 1980 MHz, 18 %, 40
2026/10/10 13:35:30.244, 6, 75485 MiB, 100 %, 258.50 W, 1980 MHz, 18 %, 38
2026/10/10 13:35:30.244, 7, 75485 MiB, 100 %, 298.48 W, 1980 MHz, 18 %, 71
2026/10/10 13:35:31.244, 0, 75485 MiB, 100 %, 593.12 W, 1830 MHz, 30 %, 51
2026/10/10 13:35:31.244, 1, 75485 MiB, 100 %, 583.29 W, 1770 MHz, 30 %, 70
2026/10/10 13:35:31.244, 2, 75485 MiB, 100 %, 597.94 W, 1800 MHz, 30 %, 52
2026/10/10 13:35:31.245, 3, 75485 MiB, 100 %, 593.49 W, 1800 MHz, 30 %, 49
2026/10/10 13:35:31.245, 4, 75485 MiB, 100 %, 548.89 W, 1815 MHz, 30 %, 50
2026/10/10 13:35:31.245, 5, 75485 MiB, 100 %, 543.52 W, 1770 MHz, 30 %, 54
2026/10/10 13:35:31.245, 6, 75485 MiB, 100 %, 549.18 W, 1785 MHz, 29 %, 53
2026/10/10 13:35:31.245, 7, 75485 MiB, 100 %, 565.47 W, 1740 MHz, 30 %, 83
2026/10/10 13:35:32.245, 0, 75485 MiB, 100 %, 689.22 W, 1815 MHz, 26 %, 54
2026/10/10 13:35:32.245, 1, 75485 MiB, 100 %, 689.05 W, 1845 MHz, 26 %, 72
2026/10/10 13:35:32.245, 2, 75485 MiB, 100 %, 686.58 W, 1875 MHz, 27 %, 55
2026/10/10 13:35:32.245, 3, 75485 MiB, 100 %, 684.88 W, 1920 MHz, 26 %, 51
2026/10/10 13:35:32.245, 4, 75485 MiB, 100 %, 685.20 W, 1875 MHz, 25 %, 53
2026/10/10 13:35:32.245, 5, 75485 MiB, 100 %, 687.85 W, 1875 MHz, 26 %, 57
2026/10/10 13:35:32.245, 6, 75485 MiB, 100 %, 688.51 W, 1935 MHz, 26 %, 57
2026/10/10 13:35:32.245, 7, 75485 MiB, 100 %, 657.31 W, 1530 MHz, 26 %, 82
2026/10/10 13:35:33.246, 0, 75485 MiB, 100 %, 692.28 W, 1800 MHz, 25 %, 53
2026/10/10 13:35:33.246, 1, 75485 MiB, 100 %, 691.53 W, 1755 MHz, 25 %, 73
2026/10/10 13:35:33.246, 2, 75485 MiB, 100 %, 689.58 W, 1845 MHz, 25 %, 57
2026/10/10 13:35:33.246, 3, 75485 MiB, 100 %, 692.24 W, 1815 MHz, 25 %, 52
2026/10/10 13:35:33.246, 4, 75485 MiB, 100 %, 696.09 W, 1860 MHz, 25 %, 55
2026/10/10 13:35:33.246, 5, 75485 MiB, 100 %, 691.92 W, 1830 MHz, 25 %, 58
2026/10/10 13:35:33.246, 6, 75485 MiB, 100 %, 692.49 W, 1875 MHz, 26 %, 58
2026/10/10 13:35:33.246, 7, 75485 MiB, 100 %, 610.93 W, 1575 MHz, 25 %, 83
2026/10/10 13:35:34.246, 0, 75485 MiB, 100 %, 378.51 W, 1980 MHz, 18 %, 40
2026/10/10 13:35:34.246, 1, 75485 MiB, 100 %, 409.33 W, 1980 MHz, 18 %, 62
2026/10/10 13:35:34.246, 2, 75485 MiB, 100 %, 391.05 W, 1980 MHz, 18 %, 44
2026/10/10 13:35:34.246, 3, 75485 MiB, 100 %, 383.49 W, 1980 MHz, 17 %, 39
2026/10/10 13:35:34.246, 4, 75485 MiB, 100 %, 411.80 W, 1980 MHz, 18 %, 40
2026/10/10 13:35:34.247, 5, 75485 MiB, 100 %, 423.95 W, 1980 MHz, 17 %, 45
2026/10/10 13:35:34.247, 6, 75485 MiB, 100 %, 406.43 W, 1980 MHz, 18 %, 44
2026/10/10 13:35:34.247, 7, 75485 MiB, 100 %, 408.42 W, 1980 MHz, 18 %, 74
2026/10/10 13:35:35.247, 0, 75485 MiB, 100 %, 268.28 W, 1980 MHz, 17 %, 38
2026/10/10 13:35:35.247, 1, 75485 MiB, 100 %, 284.68 W, 1980 MHz, 18 %, 61
2026/10/10 13:35:35.247, 2, 75485 MiB, 100 %, 272.69 W, 1980 MHz, 18 %, 43
2026/10/10 13:35:35.247, 3, 75485 MiB, 100 %, 266.39 W, 1980 MHz, 18 %, 37
2026/10/10 13:35:35.247, 4, 75485 MiB, 100 %, 265.48 W, 1980 MHz, 18 %, 38
2026/10/10 13:35:35.247, 5, 75485 MiB, 100 %, 270.62 W, 1980 MHz, 17 %, 42
2026/10/10 13:35:35.247, 6, 75485 MiB, 100 %, 259.75 W, 1980 MHz, 17 %, 40
2026/10/10 13:35:35.247, 7, 75485 MiB, 100 %, 301.65 W, 1980 MHz, 17 %, 72
2026/10/10 13:35:36.247, 0, 75485 MiB, 100 %, 269.02 W, 1980 MHz, 18 %, 38
2026/10/10 13:35:36.248, 1, 75485 MiB, 100 %, 285.95 W, 1980 MHz, 18 %, 60
2026/10/10 13:35:36.248, 2, 75485 MiB, 100 %, 272.36 W, 1980 MHz, 18 %, 42
2026/10/10 13:35:36.248, 3, 75485 MiB, 100 %, 267.63 W, 1980 MHz, 18 %, 36
2026/10/10 13:35:36.248, 4, 75485 MiB, 100 %, 264.67 W, 1980 MHz, 17 %, 37
2026/10/10 13:35:36.248, 5, 75485 MiB, 100 %, 269.54 W, 1980 MHz, 17 %, 42
2026/10/10 13:35:36.248, 6, 75485 MiB, 100 %, 260.75 W, 1980 MHz, 18 %, 39
2026/10/10 13:35:36.248, 7, 75485 MiB, 100 %, 300.70 W, 1980 MHz, 18 %, 72
2026/10/10 13:35:37.248, 0, 75485 MiB, 100 %, 267.91 W, 1980 MHz, 17 %, 37
2026/10/10 13:35:37.248, 1, 75485 MiB, 100 %, 287.78 W, 1980 MHz, 18 %, 60
2026/10/10 13:35:37.248, 2, 75485 MiB, 100 %, 273.65 W, 1980 MHz, 18 %, 42
2026/10/10 13:35:37.248, 3, 75485 MiB, 100 %, 269.17 W, 1980 MHz, 18 %, 36
2026/10/10 13:35:37.248, 4, 75485 MiB, 100 %, 259.88 W, 1980 MHz, 18 %, 36
2026/10/10 13:35:37.248, 5, 75485 MiB, 100 %, 269.11 W, 1980 MHz, 17 %, 41
2026/10/10 13:35:37.248, 6, 75485 MiB, 100 %, 258.91 W, 1980 MHz, 18 %, 39
2026/10/10 13:35:37.249, 7, 75485 MiB, 100 %, 298.10 W, 1980 MHz, 17 %, 72
2026/10/10 13:35:38.249, 0, 75485 MiB, 100 %, 266.16 W, 1980 MHz, 18 %, 37
2026/10/10 13:35:38.249, 1, 75485 MiB, 100 %, 285.95 W, 1980 MHz, 18 %, 60
2026/10/10 13:35:38.249, 2, 75485 MiB, 100 %, 270.23 W, 1980 MHz, 18 %, 41
2026/10/10 13:35:38.249, 3, 75485 MiB, 100 %, 265.75 W, 1980 MHz, 18 %, 36
2026/10/10 13:35:38.249, 4, 75485 MiB, 100 %, 261.60 W, 1980 MHz, 18 %, 36
2026/10/10 13:35:38.249, 5, 75485 MiB, 100 %, 268.67 W, 1980 MHz, 18 %, 41
2026/10/10 13:35:38.249, 6, 75485 MiB, 100 %, 259.77 W, 1980 MHz, 18 %, 39
2026/10/10 13:35:38.249, 7, 75485 MiB, 100 %, 297.91 W, 1980 MHz, 17 %, 72
2026/10/10 13:35:39.249, 0, 75485 MiB, 100 %, 265.62 W, 1980 MHz, 18 %, 37
2026/10/10 13:35:39.249, 1, 75485 MiB, 100 %, 282.00 W, 1980 MHz, 17 %, 60
2026/10/10 13:35:39.249, 2, 75485 MiB, 100 %, 268.48 W, 1980 MHz, 17 %, 41
2026/10/10 13:35:39.250, 3, 75485 MiB, 100 %, 264.28 W, 1980 MHz, 17 %, 35
2026/10/10 13:35:39.250, 4, 75485 MiB, 100 %, 261.58 W, 1980 MHz, 18 %, 36
2026/10/10 13:35:39.250, 5, 75485 MiB, 100 %, 274.14 W, 1980 MHz, 18 %, 41
2026/10/10 13:35:39.250, 6, 75485 MiB, 100 %, 257.41 W, 1980 MHz, 17 %, 38
2026/10/10 13:35:39.250, 7, 75485 MiB, 100 %, 300.91 W, 1980 MHz, 18 %, 72
2026/10/10 13:35:40.250, 0, 75485 MiB, 100 %, 267.20 W, 1980 MHz, 17 %, 37
2026/10/10 13:35:40.250, 1, 75485 MiB, 100 %, 283.43 W, 1980 MHz, 17 %, 60
2026/10/10 13:35:40.250, 2, 75485 MiB, 100 %, 270.60 W, 1980 MHz, 18 %, 41
2026/10/10 13:35:40.250, 3, 75485 MiB, 100 %, 265.46 W, 1980 MHz, 18 %, 35
2026/10/10 13:35:40.250, 4, 75485 MiB, 100 %, 263.32 W, 1980 MHz, 18 %, 36
2026/10/10 13:35:40.250, 5, 75485 MiB, 100 %, 272.27 W, 1980 MHz, 18 %, 41
2026/10/10 13:35:40.250, 6, 75485 MiB, 100 %, 258.25 W, 1980 MHz, 18 %, 38
2026/10/10 13:35:40.250, 7, 75485 MiB, 100 %, 299.12 W, 1980 MHz, 18 %, 72
2026/10/10 13:35:41.251, 0, 75485 MiB, 100 %, 266.44 W, 1980 MHz, 17 %, 37
2026/10/10 13:35:41.251, 1, 75485 MiB, 100 %, 283.85 W, 1980 MHz, 17 %, 60
2026/10/10 13:35:41.251, 2, 75485 MiB, 100 %, 271.87 W, 1980 MHz, 18 %, 41
2026/10/10 13:35:41.251, 3, 75485 MiB, 100 %, 266.29 W, 1980 MHz, 18 %, 35
2026/10/10 13:35:41.251, 4, 75485 MiB, 100 %, 263.60 W, 1980 MHz, 18 %, 36
2026/10/10 13:35:41.251, 5, 75485 MiB, 100 %, 272.57 W, 1980 MHz, 18 %, 41
2026/10/10 13:35:41.251, 6, 75485 MiB, 100 %, 258.98 W, 1980 MHz, 18 %, 38
2026/10/10 13:35:41.251, 7, 75485 MiB, 100 %, 299.63 W, 1980 MHz, 18 %, 72
2026/10/10 13:35:42.251, 0, 75485 MiB, 100 %, 265.38 W, 1980 MHz, 17 %, 37
2026/10/10 13:35:42.251, 1, 75485 MiB, 100 %, 281.98 W, 1980 MHz, 17 %, 60
2026/10/10 13:35:42.251, 2, 75485 MiB, 100 %, 271.01 W, 1980 MHz, 18 %, 41
2026/10/10 13:35:42.251, 3, 75485 MiB, 100 %, 264.99 W, 1980 MHz, 18 %, 35
2026/10/10 13:35:42.252, 4, 75485 MiB, 100 %, 262.75 W, 1980 MHz, 18 %, 36
2026/10/10 13:35:42.252, 5, 75485 MiB, 100 %, 271.91 W, 1980 MHz, 18 %, 41
2026/10/10 13:35:42.252, 6, 75485 MiB, 100 %, 258.25 W, 1980 MHz, 17 %, 38
2026/10/10 13:35:42.252, 7, 75485 MiB, 100 %, 299.77 W, 1980 MHz, 18 %, 71
2026/10/10 13:35:43.252, 0, 75485 MiB, 100 %, 264.46 W, 1980 MHz, 17 %, 36
2026/10/10 13:35:43.252, 1, 75485 MiB, 100 %, 282.70 W, 1980 MHz, 17 %, 60
2026/10/10 13:35:43.252, 2, 75485 MiB, 100 %, 270.37 W, 1980 MHz, 18 %, 41
2026/10/10 13:35:43.252, 3, 75485 MiB, 100 %, 265.13 W, 1980 MHz, 18 %, 35
2026/10/10 13:35:43.252, 4, 75485 MiB, 100 %, 262.44 W, 1980 MHz, 18 %, 36
2026/10/10 13:35:43.252, 5, 75485 MiB, 100 %, 271.86 W, 1980 MHz, 18 %, 40
2026/10/10 13:35:43.252, 6, 75485 MiB, 100 %, 257.68 W, 1980 MHz, 17 %, 38
2026/10/10 13:35:43.252, 7, 75485 MiB, 100 %, 299.10 W, 1980 MHz, 18 %, 71
2026/10/10 13:35:44.252, 0, 75485 MiB, 100 %, 263.55 W, 1980 MHz, 17 %, 36
2026/10/10 13:35:44.253, 1, 75485 MiB, 100 %, 284.38 W, 1980 MHz, 17 %, 60
2026/10/10 13:35:44.253, 2, 75485 MiB, 100 %, 269.51 W, 1980 MHz, 18 %, 41
2026/10/10 13:35:44.253, 3, 75485 MiB, 100 %, 266.08 W, 1980 MHz, 18 %, 35
2026/10/10 13:35:44.253, 4, 75485 MiB, 100 %, 262.48 W, 1980 MHz, 18 %, 36
2026/10/10 13:35:44.253, 5, 75485 MiB, 100 %, 273.29 W, 1980 MHz, 18 %, 40
2026/10/10 13:35:44.253, 6, 75485 MiB, 100 %, 256.92 W, 1980 MHz, 18 %, 38
2026/10/10 13:35:44.253, 7, 75485 MiB, 100 %, 299.24 W, 1980 MHz, 18 %, 71
2026/10/10 13:35:45.253, 0, 75485 MiB, 100 %, 262.89 W, 1980 MHz, 17 %, 36
2026/10/10 13:35:45.253, 1, 75485 MiB, 100 %, 283.97 W, 1980 MHz, 17 %, 60
2026/10/10 13:35:45.253, 2, 75485 MiB, 100 %, 270.52 W, 1980 MHz, 18 %, 41
2026/10/10 13:35:45.253, 3, 75485 MiB, 100 %, 267.30 W, 1980 MHz, 18 %, 35
2026/10/10 13:35:45.253, 4, 75485 MiB, 100 %, 261.53 W, 1980 MHz, 18 %, 35
2026/10/10 13:35:45.253, 5, 75485 MiB, 100 %, 272.12 W, 1980 MHz, 18 %, 40
2026/10/10 13:35:45.253, 6, 75485 MiB, 100 %, 258.52 W, 1980 MHz, 18 %, 38
2026/10/10 13:35:45.254, 7, 75485 MiB, 100 %, 300.92 W, 1980 MHz, 18 %, 71
2026/10/10 13:35:46.254, 0, 75485 MiB, 0 %, 232.91 W, 1980 MHz, 0 %, 33
2026/10/10 13:35:46.254, 1, 75485 MiB, 0 %, 251.76 W, 1980 MHz, 0 %, 57
2026/10/10 13:35:46.254, 2, 75485 MiB, 16 %, 237.02 W, 1980 MHz, 3 %, 38
2026/10/10 13:35:46.254, 3, 75485 MiB, 0 %, 232.06 W, 1980 MHz, 0 %, 32
2026/10/10 13:35:46.254, 4, 75485 MiB, 0 %, 237.78 W, 1980 MHz, 0 %, 33
2026/10/10 13:35:46.254, 5, 75485 MiB, 0 %, 249.20 W, 1980 MHz, 0 %, 38
2026/10/10 13:35:46.254, 6, 75485 MiB, 0 %, 233.41 W, 1980 MHz, 0 %, 36
2026/10/10 13:35:46.254, 7, 75485 MiB, 0 %, 275.03 W, 1980 MHz, 0 %, 69
