timestamp, index, memory.used [MiB], utilization.gpu [%], power.draw [W], clocks.current.sm [MHz]
2026/09/27 23:12:33.037, 0, 75939 MiB, 0 %, 184.55 W, 1980 MHz
2026/09/27 23:12:33.046, 1, 75939 MiB, 0 %, 134.44 W, 1980 MHz
2026/09/27 23:12:33.052, 2, 75939 MiB, 0 %, 131.42 W, 1980 MHz
2026/09/27 23:12:33.058, 3, 75939 MiB, 0 %, 128.10 W, 1980 MHz
2026/09/27 23:12:33.064, 4, 75939 MiB, 0 %, 126.26 W, 1980 MHz
2026/09/27 23:12:33.069, 5, 75939 MiB, 0 %, 127.88 W, 1980 MHz
2026/09/27 23:12:33.075, 6, 75939 MiB, 0 %, 130.41 W, 1980 MHz
2026/09/27 23:12:33.081, 7, 75939 MiB, 0 %, 124.96 W, 1980 MHz
2026/09/27 23:12:34.088, 0, 75939 MiB, 0 %, 182.97 W, 1980 MHz
2026/09/27 23:12:34.088, 1, 75939 MiB, 0 %, 133.53 W, 1980 MHz
2026/09/27 23:12:34.089, 2, 75939 MiB, 0 %, 130.38 W, 1980 MHz
2026/09/27 23:12:34.090, 3, 75939 MiB, 0 %, 126.74 W, 1980 MHz
2026/09/27 23:12:34.090, 4, 75939 MiB, 0 %, 125.57 W, 1980 MHz
2026/09/27 23:12:34.091, 5, 75939 MiB, 0 %, 127.15 W, 1980 MHz
2026/09/27 23:12:34.092, 6, 75939 MiB, 0 %, 129.55 W, 1980 MHz
2026/09/27 23:12:34.092, 7, 75939 MiB, 0 %, 124.12 W, 1980 MHz
2026/09/27 23:12:35.093, 0, 75939 MiB, 0 %, 182.19 W, 1980 MHz
2026/09/27 23:12:35.094, 1, 75939 MiB, 0 %, 132.91 W, 1980 MHz
2026/09/27 23:12:35.094, 2, 75939 MiB, 0 %, 129.91 W, 1980 MHz
2026/09/27 23:12:35.095, 3, 75939 MiB, 0 %, 126.26 W, 1980 MHz
2026/09/27 23:12:35.096, 4, 75939 MiB, 0 %, 125.14 W, 1980 MHz
2026/09/27 23:12:35.096, 5, 75939 MiB, 0 %, 126.67 W, 1980 MHz
2026/09/27 23:12:35.097, 6, 75939 MiB, 0 %, 129.04 W, 1980 MHz
2026/09/27 23:12:35.098, 7, 75939 MiB, 0 %, 123.58 W, 1980 MHz
2026/09/27 23:12:36.098, 0, 75939 MiB, 0 %, 181.64 W, 1980 MHz
2026/09/27 23:12:36.099, 1, 75939 MiB, 0 %, 131.73 W, 1980 MHz
2026/09/27 23:12:36.100, 2, 75939 MiB, 0 %, 129.53 W, 1980 MHz
2026/09/27 23:12:36.101, 3, 75939 MiB, 0 %, 125.98 W, 1980 MHz
2026/09/27 23:12:36.101, 4, 75939 MiB, 0 %, 124.79 W, 1980 MHz
2026/09/27 23:12:36.102, 5, 75939 MiB, 0 %, 126.23 W, 1980 MHz
2026/09/27 23:12:36.103, 6, 75939 MiB, 0 %, 128.65 W, 1980 MHz
2026/09/27 23:12:36.103, 7, 75939 MiB, 0 %, 123.20 W, 1980 MHz
2026/09/27 23:12:37.104, 0, 75939 MiB, 0 %, 181.15 W, 1980 MHz
2026/09/27 23:12:37.105, 1, 75939 MiB, 0 %, 130.72 W, 1980 MHz
2026/09/27 23:12:37.106, 2, 75939 MiB, 0 %, 129.22 W, 1980 MHz
2026/09/27 23:12:37.106, 3, 75939 MiB, 0 %, 125.65 W, 1980 MHz
2026/09/27 23:12:37.107, 4, 75939 MiB, 0 %, 124.49 W, 1980 MHz
2026/09/27 23:12:37.108, 5, 75939 MiB, 0 %, 126.05 W, 1980 MHz
2026/09/27 23:12:37.108, 6, 75939 MiB, 0 %, 128.24 W, 1980 MHz
2026/09/27 23:12:37.109, 7, 75939 MiB, 0 %, 122.97 W, 1980 MHz
2026/09/27 23:12:38.110, 0, 75939 MiB, 0 %, 180.74 W, 1980 MHz
2026/09/27 23:12:38.111, 1, 75939 MiB, 0 %, 130.30 W, 1980 MHz
2026/09/27 23:12:38.111, 2, 75939 MiB, 0 %, 127.38 W, 1980 MHz
2026/09/27 23:12:38.112, 3, 75939 MiB, 0 %, 125.08 W, 1980 MHz
2026/09/27 23:12:38.113, 4, 75939 MiB, 0 %, 124.09 W, 1980 MHz
2026/09/27 23:12:38.113, 5, 75939 MiB, 0 %, 125.55 W, 1980 MHz
2026/09/27 23:12:38.114, 6, 75939 MiB, 0 %, 127.90 W, 1980 MHz
2026/09/27 23:12:38.115, 7, 75939 MiB, 0 %, 122.68 W, 1980 MHz
2026/09/27 23:12:39.115, 0, 75939 MiB, 0 %, 180.40 W, 1980 MHz
2026/09/27 23:12:39.116, 1, 75939 MiB, 0 %, 130.01 W, 1980 MHz
2026/09/27 23:12:39.117, 2, 75939 MiB, 0 %, 126.75 W, 1980 MHz
2026/09/27 23:12:39.118, 3, 75939 MiB, 0 %, 124.40 W, 1980 MHz
2026/09/27 23:12:39.118, 4, 75939 MiB, 0 %, 123.49 W, 1980 MHz
2026/09/27 23:12:39.119, 5, 75939 MiB, 0 %, 125.00 W, 1980 MHz
2026/09/27 23:12:39.120, 6, 75939 MiB, 0 %, 127.59 W, 1980 MHz
2026/09/27 23:12:39.120, 7, 75939 MiB, 0 %, 122.47 W, 1980 MHz
2026/09/27 23:12:40.121, 0, 75939 MiB, 0 %, 180.02 W, 1980 MHz
2026/09/27 23:12:40.122, 1, 75939 MiB, 0 %, 129.65 W, 1980 MHz
2026/09/27 23:12:40.123, 2, 75939 MiB, 0 %, 126.38 W, 1980 MHz
2026/09/27 23:12:40.123, 3, 75939 MiB, 0 %, 124.24 W, 1980 MHz
2026/09/27 23:12:40.124, 4, 75939 MiB, 0 %, 123.24 W, 1980 MHz
2026/09/27 23:12:40.124, 5, 75939 MiB, 0 %, 124.88 W, 1980 MHz
2026/09/27 23:12:40.125, 6, 75939 MiB, 0 %, 127.13 W, 1980 MHz
2026/09/27 23:12:40.126, 7, 75939 MiB, 0 %, 122.24 W, 1980 MHz
2026/09/27 23:12:41.136, 0, 75939 MiB, 0 %, 179.70 W, 1980 MHz
2026/09/27 23:12:41.137, 1, 75939 MiB, 0 %, 129.29 W, 1980 MHz
2026/09/27 23:12:41.138, 2, 75939 MiB, 0 %, 126.21 W, 1980 MHz
2026/09/27 23:12:41.138, 3, 75939 MiB, 0 %, 124.00 W, 1980 MHz
2026/09/27 23:12:41.139, 4, 75939 MiB, 0 %, 123.07 W, 1980 MHz
2026/09/27 23:12:41.140, 5, 75939 MiB, 0 %, 124.52 W, 1980 MHz
2026/09/27 23:12:41.141, 6, 75939 MiB, 0 %, 126.68 W, 1980 MHz
2026/09/27 23:12:41.141, 7, 75939 MiB, 0 %, 121.93 W, 1980 MHz
2026/09/27 23:12:42.142, 0, 75939 MiB, 0 %, 179.34 W, 1980 MHz
2026/09/27 23:12:42.143, 1, 75939 MiB, 0 %, 129.01 W, 1980 MHz
2026/09/27 23:12:42.143, 2, 75939 MiB, 0 %, 126.14 W, 1980 MHz
2026/09/27 23:12:42.144, 3, 75939 MiB, 0 %, 123.90 W, 1980 MHz
2026/09/27 23:12:42.144, 4, 75939 MiB, 0 %, 122.85 W, 1980 MHz
2026/09/27 23:12:42.145, 5, 75939 MiB, 0 %, 124.29 W, 1980 MHz
2026/09/27 23:12:42.146, 6, 75939 MiB, 0 %, 126.37 W, 1980 MHz
2026/09/27 23:12:42.146, 7, 75939 MiB, 0 %, 121.75 W, 1980 MHz
2026/09/27 23:12:43.147, 0, 75939 MiB, 0 %, 179.08 W, 1980 MHz
2026/09/27 23:12:43.148, 1, 75939 MiB, 0 %, 128.75 W, 1980 MHz
2026/09/27 23:12:43.149, 2, 75939 MiB, 0 %, 125.74 W, 1980 MHz
2026/09/27 23:12:43.149, 3, 75939 MiB, 0 %, 123.69 W, 1980 MHz
2026/09/27 23:12:43.150, 4, 75939 MiB, 0 %, 122.66 W, 1980 MHz
2026/09/27 23:12:43.150, 5, 75939 MiB, 0 %, 124.05 W, 1980 MHz
2026/09/27 23:12:43.151, 6, 75939 MiB, 0 %, 126.11 W, 1980 MHz
2026/09/27 23:12:43.152, 7, 75939 MiB, 0 %, 121.54 W, 1980 MHz
2026/09/27 23:12:44.152, 0, 75939 MiB, 0 %, 178.72 W, 1980 MHz
2026/09/27 23:12:44.153, 1, 75939 MiB, 0 %, 128.48 W, 1980 MHz
2026/09/27 23:12:44.154, 2, 75939 MiB, 0 %, 125.45 W, 1980 MHz
2026/09/27 23:12:44.154, 3, 75939 MiB, 0 %, 123.50 W, 1980 MHz
2026/09/27 23:12:44.155, 4, 75939 MiB, 0 %, 122.53 W, 1980 MHz
2026/09/27 23:12:44.156, 5, 75939 MiB, 0 %, 123.90 W, 1980 MHz
2026/09/27 23:12:44.156, 6, 75939 MiB, 0 %, 125.88 W, 1980 MHz
2026/09/27 23:12:44.157, 7, 75939 MiB, 0 %, 121.42 W, 1980 MHz
2026/09/27 23:12:45.158, 0, 75939 MiB, 0 %, 178.47 W, 1980 MHz
2026/09/27 23:12:45.158, 1, 75939 MiB, 0 %, 128.17 W, 1980 MHz
2026/09/27 23:12:45.159, 2, 75939 MiB, 0 %, 125.50 W, 1980 MHz
2026/09/27 23:12:45.160, 3, 75939 MiB, 0 %, 123.28 W, 1980 MHz
2026/09/27 23:12:45.160, 4, 75939 MiB, 0 %, 122.35 W, 1980 MHz
2026/09/27 23:12:45.161, 5, 75939 MiB, 0 %, 123.71 W, 1980 MHz
2026/09/27 23:12:45.162, 6, 75939 MiB, 0 %, 125.66 W, 1980 MHz
2026/09/27 23:12:45.162, 7, 75939 MiB, 0 %, 121.29 W, 1980 MHz
2026/09/27 23:12:46.163, 0, 75939 MiB, 0 %, 178.20 W, 1980 MHz
2026/09/27 23:12:46.164, 1, 75939 MiB, 0 %, 127.88 W, 1980 MHz
2026/09/27 23:12:46.165, 2, 75939 MiB, 0 %, 125.73 W, 1980 MHz
2026/09/27 23:12:46.165, 3, 75939 MiB, 0 %, 123.12 W, 1980 MHz
2026/09/27 23:12:46.166, 4, 75939 MiB, 0 %, 122.17 W, 1980 MHz
2026/09/27 23:12:46.167, 5, 75939 MiB, 0 %, 123.54 W, 1980 MHz
2026/09/27 23:12:46.167, 6, 75939 MiB, 0 %, 125.47 W, 1980 MHz
2026/09/27 23:12:46.168, 7, 75939 MiB, 0 %, 121.07 W, 1980 MHz
2026/09/27 23:12:47.169, 0, 75939 MiB, 0 %, 177.97 W, 1980 MHz
2026/09/27 23:12:47.170, 1, 75939 MiB, 0 %, 127.61 W, 1980 MHz
2026/09/27 23:12:47.170, 2, 75939 MiB, 0 %, 125.95 W, 1980 MHz
2026/09/27 23:12:47.171, 3, 75939 MiB, 0 %, 122.97 W, 1980 MHz
2026/09/27 23:12:47.172, 4, 75939 MiB, 0 %, 122.04 W, 1980 MHz
2026/09/27 23:12:47.172, 5, 75939 MiB, 0 %, 123.35 W, 1980 MHz
2026/09/27 23:12:47.173, 6, 75939 MiB, 0 %, 125.24 W, 1980 MHz
2026/09/27 23:12:47.174, 7, 75939 MiB, 0 %, 120.90 W, 1980 MHz
2026/09/27 23:12:48.174, 0, 75939 MiB, 0 %, 177.73 W, 1980 MHz
2026/09/27 23:12:48.175, 1, 75939 MiB, 0 %, 127.43 W, 1980 MHz
2026/09/27 23:12:48.176, 2, 75939 MiB, 0 %, 125.68 W, 1980 MHz
2026/09/27 23:12:48.177, 3, 75939 MiB, 0 %, 122.83 W, 1980 MHz
2026/09/27 23:12:48.177, 4, 75939 MiB, 0 %, 121.86 W, 1980 MHz
2026/09/27 23:12:48.178, 5, 75939 MiB, 0 %, 123.17 W, 1980 MHz
2026/09/27 23:12:48.179, 6, 75939 MiB, 0 %, 125.06 W, 1980 MHz
2026/09/27 23:12:48.179, 7, 75939 MiB, 0 %, 120.73 W, 1980 MHz
2026/09/27 23:12:49.180, 0, 75939 MiB, 0 %, 177.48 W, 1980 MHz
2026/09/27 23:12:49.181, 1, 75939 MiB, 0 %, 127.18 W, 1980 MHz
2026/09/27 23:12:49.182, 2, 75939 MiB, 0 %, 125.62 W, 1980 MHz
2026/09/27 23:12:49.182, 3, 75939 MiB, 0 %, 122.70 W, 1980 MHz
2026/09/27 23:12:49.183, 4, 75939 MiB, 0 %, 121.68 W, 1980 MHz
2026/09/27 23:12:49.184, 5, 75939 MiB, 0 %, 123.00 W, 1980 MHz
2026/09/27 23:12:49.184, 6, 75939 MiB, 0 %, 124.90 W, 1980 MHz
2026/09/27 23:12:49.185, 7, 75939 MiB, 0 %, 120.67 W, 1980 MHz
2026/09/27 23:12:50.186, 0, 75939 MiB, 0 %, 177.22 W, 1980 MHz
2026/09/27 23:12:50.187, 1, 75939 MiB, 0 %, 127.26 W, 1980 MHz
2026/09/27 23:12:50.187, 2, 75939 MiB, 0 %, 125.36 W, 1980 MHz
2026/09/27 23:12:50.188, 3, 75939 MiB, 0 %, 122.55 W, 1980 MHz
2026/09/27 23:12:50.189, 4, 75939 MiB, 0 %, 121.53 W, 1980 MHz
2026/09/27 23:12:50.189, 5, 75939 MiB, 0 %, 122.81 W, 1980 MHz
2026/09/27 23:12:50.190, 6, 75939 MiB, 0 %, 124.72 W, 1980 MHz
2026/09/27 23:12:50.191, 7, 75939 MiB, 0 %, 120.54 W, 1980 MHz
2026/09/27 23:12:51.191, 0, 75939 MiB, 0 %, 177.04 W, 1980 MHz
2026/09/27 23:12:51.192, 1, 75939 MiB, 0 %, 127.09 W, 1980 MHz
2026/09/27 23:12:51.193, 2, 75939 MiB, 0 %, 125.16 W, 1980 MHz
2026/09/27 23:12:51.193, 3, 75939 MiB, 0 %, 122.44 W, 1980 MHz
2026/09/27 23:12:51.194, 4, 75939 MiB, 0 %, 121.46 W, 1980 MHz
2026/09/27 23:12:51.195, 5, 75939 MiB, 0 %, 122.69 W, 1980 MHz
2026/09/27 23:12:51.195, 6, 75939 MiB, 0 %, 124.57 W, 1980 MHz
2026/09/27 23:12:51.196, 7, 75939 MiB, 0 %, 120.42 W, 1980 MHz
2026/09/27 23:12:52.197, 0, 75939 MiB, 0 %, 176.90 W, 1980 MHz
2026/09/27 23:12:52.198, 1, 75939 MiB, 0 %, 126.86 W, 1980 MHz
2026/09/27 23:12:52.198, 2, 75939 MiB, 0 %, 124.92 W, 1980 MHz
2026/09/27 23:12:52.199, 3, 75939 MiB, 0 %, 122.32 W, 1980 MHz
2026/09/27 23:12:52.200, 4, 75939 MiB, 0 %, 121.33 W, 1980 MHz
2026/09/27 23:12:52.200, 5, 75939 MiB, 0 %, 122.52 W, 1980 MHz
2026/09/27 23:12:52.201, 6, 75939 MiB, 0 %, 124.39 W, 1980 MHz
2026/09/27 23:12:52.202, 7, 75939 MiB, 0 %, 120.32 W, 1980 MHz
2026/09/27 23:12:53.202, 0, 75939 MiB, 0 %, 176.73 W, 1980 MHz
2026/09/27 23:12:53.203, 1, 75939 MiB, 0 %, 126.61 W, 1980 MHz
2026/09/27 23:12:53.204, 2, 75939 MiB, 0 %, 124.57 W, 1980 MHz
2026/09/27 23:12:53.205, 3, 75939 MiB, 0 %, 122.29 W, 1980 MHz
2026/09/27 23:12:53.205, 4, 75939 MiB, 0 %, 121.21 W, 1980 MHz
2026/09/27 23:12:53.206, 5, 75939 MiB, 0 %, 122.43 W, 1980 MHz
2026/09/27 23:12:53.207, 6, 75939 MiB, 0 %, 124.29 W, 1980 MHz
2026/09/27 23:12:53.207, 7, 75939 MiB, 0 %, 120.12 W, 1980 MHz
2026/09/27 23:12:54.208, 0, 75939 MiB, 0 %, 176.60 W, 1980 MHz
2026/09/27 23:12:54.209, 1, 75939 MiB, 0 %, 126.46 W, 1980 MHz
2026/09/27 23:12:54.210, 2, 75939 MiB, 0 %, 123.87 W, 1980 MHz
2026/09/27 23:12:54.210, 3, 75939 MiB, 0 %, 122.15 W, 1980 MHz
2026/09/27 23:12:54.211, 4, 75939 MiB, 0 %, 121.07 W, 1980 MHz
2026/09/27 23:12:54.212, 5, 75939 MiB, 0 %, 122.19 W, 1980 MHz
2026/09/27 23:12:54.212, 6, 75939 MiB, 0 %, 124.16 W, 1980 MHz
2026/09/27 23:12:54.213, 7, 75939 MiB, 0 %, 120.06 W, 1980 MHz
2026/09/27 23:12:55.214, 0, 75939 MiB, 0 %, 176.41 W, 1980 MHz
2026/09/27 23:12:55.215, 1, 75939 MiB, 0 %, 126.30 W, 1980 MHz
2026/09/27 23:12:55.216, 2, 75939 MiB, 0 %, 123.71 W, 1980 MHz
2026/09/27 23:12:55.216, 3, 75939 MiB, 0 %, 122.07 W, 1980 MHz
2026/09/27 23:12:55.217, 4, 75939 MiB, 0 %, 121.01 W, 1980 MHz
2026/09/27 23:12:55.218, 5, 75939 MiB, 0 %, 121.99 W, 1980 MHz
2026/09/27 23:12:55.218, 6, 75939 MiB, 0 %, 124.01 W, 1980 MHz
2026/09/27 23:12:55.219, 7, 75939 MiB, 0 %, 119.90 W, 1980 MHz
2026/09/27 23:12:56.220, 0, 75939 MiB, 0 %, 176.26 W, 1980 MHz
2026/09/27 23:12:56.220, 1, 75939 MiB, 0 %, 126.13 W, 1980 MHz
2026/09/27 23:12:56.221, 2, 75939 MiB, 0 %, 123.58 W, 1980 MHz
2026/09/27 23:12:56.222, 3, 75939 MiB, 0 %, 122.03 W, 1980 MHz
2026/09/27 23:12:56.222, 4, 75939 MiB, 0 %, 120.87 W, 1980 MHz
2026/09/27 23:12:56.223, 5, 75939 MiB, 0 %, 121.95 W, 1980 MHz
2026/09/27 23:12:56.224, 6, 75939 MiB, 0 %, 123.78 W, 1980 MHz
2026/09/27 23:12:56.224, 7, 75939 MiB, 0 %, 119.84 W, 1980 MHz
2026/09/27 23:12:57.225, 0, 75939 MiB, 0 %, 176.14 W, 1980 MHz
2026/09/27 23:12:57.226, 1, 75939 MiB, 0 %, 125.99 W, 1980 MHz
2026/09/27 23:12:57.227, 2, 75939 MiB, 0 %, 123.47 W, 1980 MHz
2026/09/27 23:12:57.228, 3, 75939 MiB, 0 %, 121.86 W, 1980 MHz
2026/09/27 23:12:57.228, 4, 75939 MiB, 0 %, 120.76 W, 1980 MHz
2026/09/27 23:12:57.229, 5, 75939 MiB, 0 %, 121.91 W, 1980 MHz
2026/09/27 23:12:57.230, 6, 75939 MiB, 0 %, 123.51 W, 1980 MHz
2026/09/27 23:12:57.230, 7, 75939 MiB, 0 %, 119.72 W, 1980 MHz
2026/09/27 23:12:58.231, 0, 75939 MiB, 0 %, 175.99 W, 1980 MHz
2026/09/27 23:12:58.232, 1, 75939 MiB, 0 %, 125.83 W, 1980 MHz
2026/09/27 23:12:58.233, 2, 75939 MiB, 0 %, 123.28 W, 1980 MHz
2026/09/27 23:12:58.233, 3, 75939 MiB, 0 %, 121.82 W, 1980 MHz
2026/09/27 23:12:58.234, 4, 75939 MiB, 0 %, 120.72 W, 1980 MHz
2026/09/27 23:12:58.235, 5, 75939 MiB, 0 %, 121.80 W, 1980 MHz
2026/09/27 23:12:58.235, 6, 75939 MiB, 0 %, 122.27 W, 1980 MHz
2026/09/27 23:12:58.236, 7, 75939 MiB, 0 %, 119.66 W, 1980 MHz
2026/09/27 23:12:59.237, 0, 75939 MiB, 0 %, 175.77 W, 1980 MHz
2026/09/27 23:12:59.238, 1, 75939 MiB, 0 %, 125.68 W, 1980 MHz
2026/09/27 23:12:59.239, 2, 75939 MiB, 0 %, 123.17 W, 1980 MHz
2026/09/27 23:12:59.241, 3, 75939 MiB, 0 %, 121.70 W, 1980 MHz
2026/09/27 23:12:59.242, 4, 75939 MiB, 0 %, 120.64 W, 1980 MHz
2026/09/27 23:12:59.243, 5, 75939 MiB, 0 %, 121.62 W, 1980 MHz
2026/09/27 23:12:59.245, 6, 75939 MiB, 0 %, 122.13 W, 1980 MHz
2026/09/27 23:12:59.246, 7, 75939 MiB, 0 %, 119.48 W, 1980 MHz
2026/09/27 23:13:00.247, 0, 75939 MiB, 0 %, 175.72 W, 1980 MHz
2026/09/27 23:13:00.248, 1, 75939 MiB, 0 %, 125.54 W, 1980 MHz
2026/09/27 23:13:00.249, 2, 75939 MiB, 0 %, 123.05 W, 1980 MHz
2026/09/27 23:13:00.250, 3, 75939 MiB, 0 %, 121.04 W, 1980 MHz
2026/09/27 23:13:00.250, 4, 75939 MiB, 0 %, 120.56 W, 1980 MHz
2026/09/27 23:13:00.251, 5, 75939 MiB, 0 %, 121.51 W, 1980 MHz
2026/09/27 23:13:00.252, 6, 75939 MiB, 0 %, 122.09 W, 1980 MHz
2026/09/27 23:13:00.252, 7, 75939 MiB, 0 %, 119.43 W, 1980 MHz
2026/09/27 23:13:01.253, 0, 75939 MiB, 0 %, 175.60 W, 1980 MHz
2026/09/27 23:13:01.255, 1, 75939 MiB, 0 %, 125.46 W, 1980 MHz
2026/09/27 23:13:01.256, 2, 75939 MiB, 0 %, 122.97 W, 1980 MHz
2026/09/27 23:13:01.257, 3, 75939 MiB, 0 %, 121.00 W, 1980 MHz
2026/09/27 23:13:01.259, 4, 75939 MiB, 0 %, 120.49 W, 1980 MHz
2026/09/27 23:13:01.259, 5, 75939 MiB, 0 %, 121.43 W, 1980 MHz
2026/09/27 23:13:01.260, 6, 75939 MiB, 0 %, 121.95 W, 1980 MHz
2026/09/27 23:13:01.261, 7, 75939 MiB, 0 %, 119.40 W, 1980 MHz
2026/09/27 23:13:02.263, 0, 75939 MiB, 0 %, 175.48 W, 1980 MHz
2026/09/27 23:13:02.264, 1, 75939 MiB, 0 %, 125.33 W, 1980 MHz
2026/09/27 23:13:02.264, 2, 75939 MiB, 0 %, 122.88 W, 1980 MHz
2026/09/27 23:13:02.265, 3, 75939 MiB, 0 %, 120.93 W, 1980 MHz
2026/09/27 23:13:02.266, 4, 75939 MiB, 0 %, 120.42 W, 1980 MHz
2026/09/27 23:13:02.266, 5, 75939 MiB, 0 %, 121.27 W, 1980 MHz
2026/09/27 23:13:02.267, 6, 75939 MiB, 0 %, 121.86 W, 1980 MHz
2026/09/27 23:13:02.268, 7, 75939 MiB, 0 %, 119.31 W, 1980 MHz
2026/09/27 23:13:03.268, 0, 75939 MiB, 0 %, 175.33 W, 1980 MHz
2026/09/27 23:13:03.269, 1, 75939 MiB, 0 %, 125.22 W, 1980 MHz
2026/09/27 23:13:03.270, 2, 75939 MiB, 0 %, 122.73 W, 1980 MHz
2026/09/27 23:13:03.271, 3, 75939 MiB, 0 %, 120.83 W, 1980 MHz
2026/09/27 23:13:03.271, 4, 75939 MiB, 0 %, 120.40 W, 1980 MHz
2026/09/27 23:13:03.272, 5, 75939 MiB, 0 %, 121.24 W, 1980 MHz
2026/09/27 23:13:03.273, 6, 75939 MiB, 0 %, 121.74 W, 1980 MHz
2026/09/27 23:13:03.274, 7, 75939 MiB, 0 %, 119.36 W, 1980 MHz
2026/09/27 23:13:04.274, 0, 75939 MiB, 0 %, 175.26 W, 1980 MHz
2026/09/27 23:13:04.275, 1, 75939 MiB, 0 %, 125.14 W, 1980 MHz
2026/09/27 23:13:04.276, 2, 75939 MiB, 0 %, 122.70 W, 1980 MHz
2026/09/27 23:13:04.277, 3, 75939 MiB, 0 %, 120.81 W, 1980 MHz
2026/09/27 23:13:04.277, 4, 75939 MiB, 0 %, 120.38 W, 1980 MHz
2026/09/27 23:13:04.278, 5, 75939 MiB, 0 %, 121.20 W, 1980 MHz
2026/09/27 23:13:04.279, 6, 75939 MiB, 0 %, 121.67 W, 1980 MHz
2026/09/27 23:13:04.279, 7, 75939 MiB, 0 %, 119.36 W, 1980 MHz
2026/09/27 23:13:05.280, 0, 75939 MiB, 0 %, 175.17 W, 1980 MHz
2026/09/27 23:13:05.281, 1, 75939 MiB, 0 %, 125.04 W, 1980 MHz
2026/09/27 23:13:05.282, 2, 75939 MiB, 0 %, 122.55 W, 1980 MHz
2026/09/27 23:13:05.283, 3, 75939 MiB, 0 %, 120.78 W, 1980 MHz
2026/09/27 23:13:05.283, 4, 75939 MiB, 0 %, 120.37 W, 1980 MHz
2026/09/27 23:13:05.284, 5, 75939 MiB, 0 %, 121.11 W, 1980 MHz
2026/09/27 23:13:05.285, 6, 75939 MiB, 0 %, 121.62 W, 1980 MHz
2026/09/27 23:13:05.285, 7, 75939 MiB, 0 %, 119.26 W, 1980 MHz
2026/09/27 23:13:06.286, 0, 75939 MiB, 0 %, 175.11 W, 1980 MHz
2026/09/27 23:13:06.287, 1, 75939 MiB, 0 %, 124.90 W, 1980 MHz
2026/09/27 23:13:06.288, 2, 75939 MiB, 0 %, 122.43 W, 1980 MHz
2026/09/27 23:13:06.288, 3, 75939 MiB, 0 %, 120.76 W, 1980 MHz
2026/09/27 23:13:06.289, 4, 75939 MiB, 0 %, 120.33 W, 1980 MHz
2026/09/27 23:13:06.290, 5, 75939 MiB, 0 %, 121.04 W, 1980 MHz
2026/09/27 23:13:06.290, 6, 75939 MiB, 0 %, 121.55 W, 1980 MHz
2026/09/27 23:13:06.291, 7, 75939 MiB, 0 %, 119.29 W, 1980 MHz
2026/09/27 23:13:07.292, 0, 75939 MiB, 0 %, 175.02 W, 1980 MHz
2026/09/27 23:13:07.292, 1, 75939 MiB, 0 %, 124.82 W, 1980 MHz
2026/09/27 23:13:07.293, 2, 75939 MiB, 0 %, 122.43 W, 1980 MHz
2026/09/27 23:13:07.294, 3, 75939 MiB, 0 %, 120.73 W, 1980 MHz
2026/09/27 23:13:07.295, 4, 75939 MiB, 0 %, 120.31 W, 1980 MHz
2026/09/27 23:13:07.295, 5, 75939 MiB, 0 %, 120.88 W, 1980 MHz
2026/09/27 23:13:07.296, 6, 75939 MiB, 0 %, 121.48 W, 1980 MHz
2026/09/27 23:13:07.297, 7, 75939 MiB, 0 %, 119.24 W, 1980 MHz
2026/09/27 23:13:08.297, 0, 75939 MiB, 0 %, 174.90 W, 1980 MHz
2026/09/27 23:13:08.298, 1, 75939 MiB, 0 %, 124.75 W, 1980 MHz
2026/09/27 23:13:08.299, 2, 75939 MiB, 0 %, 122.34 W, 1980 MHz
2026/09/27 23:13:08.300, 3, 75939 MiB, 0 %, 120.76 W, 1980 MHz
2026/09/27 23:13:08.301, 4, 75939 MiB, 0 %, 120.26 W, 1980 MHz
2026/09/27 23:13:08.301, 5, 75939 MiB, 0 %, 120.86 W, 1980 MHz
2026/09/27 23:13:08.302, 6, 75939 MiB, 0 %, 121.43 W, 1980 MHz
2026/09/27 23:13:08.303, 7, 75939 MiB, 0 %, 119.18 W, 1980 MHz
2026/09/27 23:13:09.303, 0, 75939 MiB, 0 %, 174.81 W, 1980 MHz
2026/09/27 23:13:09.304, 1, 75939 MiB, 0 %, 124.76 W, 1980 MHz
2026/09/27 23:13:09.305, 2, 75939 MiB, 0 %, 122.29 W, 1980 MHz
2026/09/27 23:13:09.306, 3, 75939 MiB, 0 %, 120.64 W, 1980 MHz
2026/09/27 23:13:09.307, 4, 75939 MiB, 0 %, 120.17 W, 1980 MHz
2026/09/27 23:13:09.307, 5, 75939 MiB, 0 %, 120.90 W, 1980 MHz
2026/09/27 23:13:09.308, 6, 75939 MiB, 0 %, 121.35 W, 1980 MHz
2026/09/27 23:13:09.308, 7, 75939 MiB, 0 %, 119.12 W, 1980 MHz
2026/09/27 23:13:10.309, 0, 75939 MiB, 0 %, 174.70 W, 1980 MHz
2026/09/27 23:13:10.310, 1, 75939 MiB, 0 %, 124.64 W, 1980 MHz
2026/09/27 23:13:10.311, 2, 75939 MiB, 0 %, 122.18 W, 1980 MHz
2026/09/27 23:13:10.312, 3, 75939 MiB, 0 %, 120.61 W, 1980 MHz
2026/09/27 23:13:10.312, 4, 75939 MiB, 0 %, 120.13 W, 1980 MHz
2026/09/27 23:13:10.313, 5, 75939 MiB, 0 %, 120.75 W, 1980 MHz
2026/09/27 23:13:10.314, 6, 75939 MiB, 0 %, 121.26 W, 1980 MHz
2026/09/27 23:13:10.314, 7, 75939 MiB, 0 %, 119.19 W, 1980 MHz
2026/09/27 23:13:11.315, 0, 75939 MiB, 0 %, 174.64 W, 1980 MHz
2026/09/27 23:13:11.316, 1, 75939 MiB, 0 %, 124.56 W, 1980 MHz
2026/09/27 23:13:11.317, 2, 75939 MiB, 0 %, 122.04 W, 1980 MHz
2026/09/27 23:13:11.317, 3, 75939 MiB, 0 %, 120.59 W, 1980 MHz
2026/09/27 23:13:11.318, 4, 75939 MiB, 0 %, 120.08 W, 1980 MHz
2026/09/27 23:13:11.319, 5, 75939 MiB, 0 %, 120.70 W, 1980 MHz
2026/09/27 23:13:11.319, 6, 75939 MiB, 0 %, 121.20 W, 1980 MHz
2026/09/27 23:13:11.320, 7, 75939 MiB, 0 %, 119.08 W, 1980 MHz
2026/09/27 23:13:12.321, 0, 75939 MiB, 0 %, 174.57 W, 1980 MHz
2026/09/27 23:13:12.322, 1, 75939 MiB, 0 %, 124.39 W, 1980 MHz
2026/09/27 23:13:12.323, 2, 75939 MiB, 0 %, 121.99 W, 1980 MHz
2026/09/27 23:13:12.323, 3, 75939 MiB, 0 %, 120.58 W, 1980 MHz
2026/09/27 23:13:12.324, 4, 75939 MiB, 0 %, 120.10 W, 1980 MHz
2026/09/27 23:13:12.325, 5, 75939 MiB, 0 %, 120.64 W, 1980 MHz
2026/09/27 23:13:12.325, 6, 75939 MiB, 0 %, 121.18 W, 1980 MHz
2026/09/27 23:13:12.326, 7, 75939 MiB, 0 %, 119.02 W, 1980 MHz
2026/09/27 23:13:13.327, 0, 75939 MiB, 0 %, 174.44 W, 1980 MHz
2026/09/27 23:13:13.328, 1, 75939 MiB, 0 %, 124.36 W, 1980 MHz
2026/09/27 23:13:13.328, 2, 75939 MiB, 0 %, 121.94 W, 1980 MHz
2026/09/27 23:13:13.329, 3, 75939 MiB, 0 %, 120.51 W, 1980 MHz
2026/09/27 23:13:13.330, 4, 75939 MiB, 0 %, 120.03 W, 1980 MHz
2026/09/27 23:13:13.331, 5, 75939 MiB, 0 %, 120.59 W, 1980 MHz
2026/09/27 23:13:13.331, 6, 75939 MiB, 0 %, 121.14 W, 1980 MHz
2026/09/27 23:13:13.332, 7, 75939 MiB, 0 %, 119.02 W, 1980 MHz
2026/09/27 23:13:14.333, 0, 75939 MiB, 0 %, 174.38 W, 1980 MHz
2026/09/27 23:13:14.333, 1, 75939 MiB, 0 %, 124.27 W, 1980 MHz
2026/09/27 23:13:14.334, 2, 75939 MiB, 0 %, 121.88 W, 1980 MHz
2026/09/27 23:13:14.335, 3, 75939 MiB, 0 %, 120.44 W, 1980 MHz
2026/09/27 23:13:14.335, 4, 75939 MiB, 0 %, 119.98 W, 1980 MHz
2026/09/27 23:13:14.336, 5, 75939 MiB, 0 %, 120.50 W, 1980 MHz
2026/09/27 23:13:14.337, 6, 75939 MiB, 0 %, 121.05 W, 1980 MHz
2026/09/27 23:13:14.337, 7, 75939 MiB, 0 %, 119.00 W, 1980 MHz
2026/09/27 23:13:15.338, 0, 75939 MiB, 0 %, 174.29 W, 1980 MHz
2026/09/27 23:13:15.339, 1, 75939 MiB, 0 %, 124.16 W, 1980 MHz
2026/09/27 23:13:15.340, 2, 75939 MiB, 0 %, 121.81 W, 1980 MHz
2026/09/27 23:13:15.340, 3, 75939 MiB, 0 %, 120.37 W, 1980 MHz
2026/09/27 23:13:15.341, 4, 75939 MiB, 0 %, 119.86 W, 1980 MHz
2026/09/27 23:13:15.342, 5, 75939 MiB, 0 %, 120.52 W, 1980 MHz
2026/09/27 23:13:15.342, 6, 75939 MiB, 0 %, 120.96 W, 1980 MHz
2026/09/27 23:13:15.343, 7, 75939 MiB, 0 %, 118.93 W, 1980 MHz
2026/09/27 23:13:16.344, 0, 75939 MiB, 0 %, 174.16 W, 1980 MHz
2026/09/27 23:13:16.345, 1, 75939 MiB, 0 %, 124.17 W, 1980 MHz
2026/09/27 23:13:16.345, 2, 75939 MiB, 0 %, 121.77 W, 1980 MHz
2026/09/27 23:13:16.346, 3, 75939 MiB, 0 %, 120.34 W, 1980 MHz
2026/09/27 23:13:16.347, 4, 75939 MiB, 0 %, 119.81 W, 1980 MHz
2026/09/27 23:13:16.347, 5, 75939 MiB, 0 %, 120.44 W, 1980 MHz
2026/09/27 23:13:16.348, 6, 75939 MiB, 0 %, 121.11 W, 1980 MHz
2026/09/27 23:13:16.349, 7, 75939 MiB, 0 %, 118.86 W, 1980 MHz
2026/09/27 23:13:17.350, 0, 75939 MiB, 100 %, 482.71 W, 1980 MHz
2026/09/27 23:13:17.350, 1, 75939 MiB, 100 %, 470.85 W, 1980 MHz
2026/09/27 23:13:17.351, 2, 75939 MiB, 100 %, 421.84 W, 1980 MHz
2026/09/27 23:13:17.352, 3, 75939 MiB, 100 %, 409.87 W, 1980 MHz
2026/09/27 23:13:17.352, 4, 75939 MiB, 100 %, 431.55 W, 1980 MHz
2026/09/27 23:13:17.353, 5, 75939 MiB, 100 %, 425.14 W, 1980 MHz
2026/09/27 23:13:17.354, 6, 75939 MiB, 100 %, 440.29 W, 1980 MHz
2026/09/27 23:13:17.355, 7, 75939 MiB, 100 %, 443.46 W, 1980 MHz
2026/09/27 23:13:18.355, 0, 75939 MiB, 100 %, 596.31 W, 1980 MHz
2026/09/27 23:13:18.356, 1, 75939 MiB, 100 %, 550.47 W, 1980 MHz
2026/09/27 23:13:18.357, 2, 75939 MiB, 100 %, 534.06 W, 1980 MHz
2026/09/27 23:13:18.358, 3, 75939 MiB, 100 %, 516.71 W, 1980 MHz
2026/09/27 23:13:18.359, 4, 75939 MiB, 100 %, 521.66 W, 1980 MHz
2026/09/27 23:13:18.360, 5, 75939 MiB, 100 %, 525.60 W, 1980 MHz
2026/09/27 23:13:18.360, 6, 75939 MiB, 100 %, 539.11 W, 1980 MHz
2026/09/27 23:13:18.361, 7, 75939 MiB, 100 %, 520.76 W, 1980 MHz
2026/09/27 23:13:19.362, 0, 75939 MiB, 100 %, 589.83 W, 1980 MHz
2026/09/27 23:13:19.363, 1, 75939 MiB, 100 %, 556.10 W, 1980 MHz
2026/09/27 23:13:19.364, 2, 75939 MiB, 100 %, 530.26 W, 1980 MHz
2026/09/27 23:13:19.365, 3, 75939 MiB, 100 %, 522.79 W, 1980 MHz
2026/09/27 23:13:19.366, 4, 75939 MiB, 100 %, 520.98 W, 1980 MHz
2026/09/27 23:13:19.367, 5, 75939 MiB, 100 %, 519.91 W, 1980 MHz
2026/09/27 23:13:19.367, 6, 75939 MiB, 100 %, 541.28 W, 1980 MHz
2026/09/27 23:13:19.368, 7, 75939 MiB, 100 %, 522.66 W, 1980 MHz
2026/09/27 23:13:20.369, 0, 75939 MiB, 100 %, 598.30 W, 1980 MHz
2026/09/27 23:13:20.370, 1, 75939 MiB, 100 %, 553.86 W, 1980 MHz
2026/09/27 23:13:20.371, 2, 75939 MiB, 100 %, 517.86 W, 1980 MHz
2026/09/27 23:13:20.372, 3, 75939 MiB, 100 %, 525.52 W, 1980 MHz
2026/09/27 23:13:20.373, 4, 75939 MiB, 100 %, 520.90 W, 1980 MHz
2026/09/27 23:13:20.373, 5, 75939 MiB, 100 %, 518.83 W, 1980 MHz
2026/09/27 23:13:20.374, 6, 75939 MiB, 100 %, 557.91 W, 1980 MHz
2026/09/27 23:13:20.375, 7, 75939 MiB, 100 %, 521.71 W, 1980 MHz
2026/09/27 23:13:21.376, 0, 75939 MiB, 100 %, 603.45 W, 1980 MHz
2026/09/27 23:13:21.377, 1, 75939 MiB, 100 %, 553.58 W, 1980 MHz
2026/09/27 23:13:21.378, 2, 75939 MiB, 100 %, 530.32 W, 1980 MHz
2026/09/27 23:13:21.379, 3, 75939 MiB, 100 %, 527.42 W, 1980 MHz
2026/09/27 23:13:21.380, 4, 75939 MiB, 100 %, 521.58 W, 1980 MHz
2026/09/27 23:13:21.380, 5, 75939 MiB, 100 %, 532.86 W, 1980 MHz
2026/09/27 23:13:21.381, 6, 75939 MiB, 100 %, 545.55 W, 1980 MHz
2026/09/27 23:13:21.382, 7, 75939 MiB, 100 %, 520.28 W, 1980 MHz
2026/09/27 23:13:22.383, 0, 75939 MiB, 100 %, 606.40 W, 1980 MHz
2026/09/27 23:13:22.384, 1, 75939 MiB, 100 %, 559.49 W, 1980 MHz
2026/09/27 23:13:22.385, 2, 75939 MiB, 100 %, 519.45 W, 1980 MHz
2026/09/27 23:13:22.385, 3, 75939 MiB, 100 %, 518.65 W, 1980 MHz
2026/09/27 23:13:22.386, 4, 75939 MiB, 100 %, 519.33 W, 1980 MHz
2026/09/27 23:13:22.387, 5, 75939 MiB, 100 %, 530.96 W, 1980 MHz
2026/09/27 23:13:22.388, 6, 75939 MiB, 100 %, 545.99 W, 1980 MHz
2026/09/27 23:13:22.389, 7, 75939 MiB, 100 %, 526.72 W, 1980 MHz
2026/09/27 23:13:23.389, 0, 75939 MiB, 100 %, 603.98 W, 1980 MHz
2026/09/27 23:13:23.391, 1, 75939 MiB, 100 %, 565.63 W, 1980 MHz
2026/09/27 23:13:23.392, 2, 75939 MiB, 100 %, 545.06 W, 1980 MHz
2026/09/27 23:13:23.392, 3, 75939 MiB, 100 %, 523.76 W, 1980 MHz
2026/09/27 23:13:23.393, 4, 75939 MiB, 100 %, 530.60 W, 1980 MHz
2026/09/27 23:13:23.394, 5, 75939 MiB, 100 %, 527.62 W, 1980 MHz
2026/09/27 23:13:23.394, 6, 75939 MiB, 100 %, 547.98 W, 1980 MHz
2026/09/27 23:13:23.395, 7, 75939 MiB, 100 %, 526.78 W, 1980 MHz
2026/09/27 23:13:24.396, 0, 75939 MiB, 100 %, 603.77 W, 1980 MHz
2026/09/27 23:13:24.397, 1, 75939 MiB, 100 %, 557.55 W, 1980 MHz
2026/09/27 23:13:24.397, 2, 75939 MiB, 100 %, 533.96 W, 1980 MHz
2026/09/27 23:13:24.398, 3, 75939 MiB, 100 %, 528.02 W, 1980 MHz
2026/09/27 23:13:24.399, 4, 75939 MiB, 100 %, 529.36 W, 1980 MHz
2026/09/27 23:13:24.399, 5, 75939 MiB, 100 %, 523.13 W, 1980 MHz
2026/09/27 23:13:24.400, 6, 75939 MiB, 100 %, 549.15 W, 1980 MHz
2026/09/27 23:13:24.401, 7, 75939 MiB, 100 %, 520.79 W, 1980 MHz
2026/09/27 23:13:25.402, 0, 75939 MiB, 100 %, 603.13 W, 1980 MHz
2026/09/27 23:13:25.402, 1, 75939 MiB, 100 %, 563.22 W, 1980 MHz
2026/09/27 23:13:25.403, 2, 75939 MiB, 100 %, 525.69 W, 1980 MHz
2026/09/27 23:13:25.404, 3, 75939 MiB, 100 %, 527.40 W, 1980 MHz
2026/09/27 23:13:25.405, 4, 75939 MiB, 100 %, 525.97 W, 1980 MHz
2026/09/27 23:13:25.405, 5, 75939 MiB, 100 %, 533.46 W, 1980 MHz
2026/09/27 23:13:25.406, 6, 75939 MiB, 100 %, 551.84 W, 1980 MHz
2026/09/27 23:13:25.406, 7, 75939 MiB, 100 %, 529.73 W, 1980 MHz
2026/09/27 23:13:26.407, 0, 75939 MiB, 100 %, 598.66 W, 1920 MHz
2026/09/27 23:13:26.408, 1, 75939 MiB, 100 %, 546.25 W, 1980 MHz
2026/09/27 23:13:26.409, 2, 75939 MiB, 100 %, 527.60 W, 1980 MHz
2026/09/27 23:13:26.409, 3, 75939 MiB, 100 %, 525.96 W, 1980 MHz
2026/09/27 23:13:26.410, 4, 75939 MiB, 100 %, 520.10 W, 1980 MHz
2026/09/27 23:13:26.411, 5, 75939 MiB, 100 %, 535.49 W, 1980 MHz
2026/09/27 23:13:26.411, 6, 75939 MiB, 100 %, 557.94 W, 1980 MHz
2026/09/27 23:13:26.412, 7, 75939 MiB, 100 %, 525.58 W, 1980 MHz
2026/09/27 23:13:27.413, 0, 75939 MiB, 100 %, 597.24 W, 1935 MHz
2026/09/27 23:13:27.414, 1, 75939 MiB, 100 %, 550.83 W, 1980 MHz
2026/09/27 23:13:27.414, 2, 75939 MiB, 100 %, 531.65 W, 1980 MHz
2026/09/27 23:13:27.415, 3, 75939 MiB, 100 %, 536.34 W, 1980 MHz
2026/09/27 23:13:27.416, 4, 75939 MiB, 100 %, 533.08 W, 1980 MHz
2026/09/27 23:13:27.416, 5, 75939 MiB, 100 %, 535.59 W, 1980 MHz
2026/09/27 23:13:27.417, 6, 75939 MiB, 100 %, 558.10 W, 1980 MHz
2026/09/27 23:13:27.418, 7, 75939 MiB, 100 %, 527.08 W, 1980 MHz
2026/09/27 23:13:28.418, 0, 75939 MiB, 100 %, 560.68 W, 1905 MHz
2026/09/27 23:13:28.419, 1, 75939 MiB, 100 %, 559.77 W, 1980 MHz
2026/09/27 23:13:28.420, 2, 75939 MiB, 100 %, 522.48 W, 1980 MHz
2026/09/27 23:13:28.420, 3, 75939 MiB, 100 %, 525.72 W, 1980 MHz
2026/09/27 23:13:28.421, 4, 75939 MiB, 100 %, 521.96 W, 1980 MHz
2026/09/27 23:13:28.422, 5, 75939 MiB, 100 %, 530.40 W, 1980 MHz
2026/09/27 23:13:28.422, 6, 75939 MiB, 100 %, 539.29 W, 1980 MHz
2026/09/27 23:13:28.423, 7, 75939 MiB, 100 %, 516.97 W, 1980 MHz
2026/09/27 23:13:29.424, 0, 75939 MiB, 100 %, 572.39 W, 1935 MHz
2026/09/27 23:13:29.425, 1, 75939 MiB, 100 %, 553.36 W, 1980 MHz
2026/09/27 23:13:29.425, 2, 75939 MiB, 100 %, 538.66 W, 1980 MHz
2026/09/27 23:13:29.426, 3, 75939 MiB, 100 %, 526.69 W, 1980 MHz
2026/09/27 23:13:29.427, 4, 75939 MiB, 100 %, 513.16 W, 1980 MHz
2026/09/27 23:13:29.427, 5, 75939 MiB, 100 %, 531.95 W, 1980 MHz
2026/09/27 23:13:29.428, 6, 75939 MiB, 100 %, 564.32 W, 1980 MHz
2026/09/27 23:13:29.429, 7, 75939 MiB, 100 %, 515.69 W, 1980 MHz
2026/09/27 23:13:30.429, 0, 75939 MiB, 100 %, 587.93 W, 1920 MHz
2026/09/27 23:13:30.430, 1, 75939 MiB, 100 %, 558.22 W, 1980 MHz
2026/09/27 23:13:30.431, 2, 75939 MiB, 100 %, 538.42 W, 1980 MHz
2026/09/27 23:13:30.431, 3, 75939 MiB, 100 %, 530.47 W, 1980 MHz
2026/09/27 23:13:30.432, 4, 75939 MiB, 100 %, 527.82 W, 1980 MHz
2026/09/27 23:13:30.433, 5, 75939 MiB, 100 %, 532.34 W, 1980 MHz
2026/09/27 23:13:30.433, 6, 75939 MiB, 100 %, 557.26 W, 1980 MHz
2026/09/27 23:13:30.434, 7, 75939 MiB, 100 %, 526.76 W, 1980 MHz
2026/09/27 23:13:31.435, 0, 75939 MiB, 100 %, 568.35 W, 1905 MHz
2026/09/27 23:13:31.436, 1, 75939 MiB, 100 %, 564.70 W, 1980 MHz
2026/09/27 23:13:31.436, 2, 75939 MiB, 100 %, 520.79 W, 1980 MHz
2026/09/27 23:13:31.437, 3, 75939 MiB, 100 %, 530.66 W, 1980 MHz
2026/09/27 23:13:31.438, 4, 75939 MiB, 100 %, 522.27 W, 1980 MHz
2026/09/27 23:13:31.438, 5, 75939 MiB, 100 %, 528.70 W, 1980 MHz
2026/09/27 23:13:31.439, 6, 75939 MiB, 100 %, 543.25 W, 1980 MHz
2026/09/27 23:13:31.440, 7, 75939 MiB, 100 %, 518.31 W, 1980 MHz
2026/09/27 23:13:32.440, 0, 75939 MiB, 100 %, 569.91 W, 1920 MHz
2026/09/27 23:13:32.441, 1, 75939 MiB, 100 %, 558.49 W, 1980 MHz
2026/09/27 23:13:32.442, 2, 75939 MiB, 100 %, 536.82 W, 1980 MHz
2026/09/27 23:13:32.443, 3, 75939 MiB, 100 %, 526.55 W, 1980 MHz
2026/09/27 23:13:32.443, 4, 75939 MiB, 100 %, 518.49 W, 1980 MHz
2026/09/27 23:13:32.444, 5, 75939 MiB, 100 %, 530.96 W, 1980 MHz
2026/09/27 23:13:32.445, 6, 75939 MiB, 100 %, 558.84 W, 1980 MHz
2026/09/27 23:13:32.445, 7, 75939 MiB, 100 %, 514.47 W, 1980 MHz
2026/09/27 23:13:33.446, 0, 75939 MiB, 100 %, 569.45 W, 1905 MHz
2026/09/27 23:13:33.447, 1, 75939 MiB, 100 %, 565.60 W, 1980 MHz
2026/09/27 23:13:33.448, 2, 75939 MiB, 100 %, 537.74 W, 1980 MHz
2026/09/27 23:13:33.448, 3, 75939 MiB, 100 %, 542.08 W, 1980 MHz
2026/09/27 23:13:33.449, 4, 75939 MiB, 100 %, 521.92 W, 1980 MHz
2026/09/27 23:13:33.450, 5, 75939 MiB, 100 %, 535.80 W, 1980 MHz
2026/09/27 23:13:33.450, 6, 75939 MiB, 100 %, 562.82 W, 1980 MHz
2026/09/27 23:13:33.451, 7, 75939 MiB, 100 %, 522.26 W, 1980 MHz
2026/09/27 23:13:34.452, 0, 75939 MiB, 100 %, 575.17 W, 1890 MHz
2026/09/27 23:13:34.452, 1, 75939 MiB, 100 %, 559.80 W, 1980 MHz
2026/09/27 23:13:34.453, 2, 75939 MiB, 100 %, 531.25 W, 1980 MHz
2026/09/27 23:13:34.454, 3, 75939 MiB, 100 %, 531.06 W, 1980 MHz
2026/09/27 23:13:34.454, 4, 75939 MiB, 100 %, 513.99 W, 1980 MHz
2026/09/27 23:13:34.455, 5, 75939 MiB, 100 %, 527.91 W, 1980 MHz
2026/09/27 23:13:34.456, 6, 75939 MiB, 100 %, 552.94 W, 1980 MHz
2026/09/27 23:13:34.456, 7, 75939 MiB, 100 %, 518.23 W, 1980 MHz
2026/09/27 23:13:35.457, 0, 75939 MiB, 100 %, 561.65 W, 1770 MHz
2026/09/27 23:13:35.458, 1, 75939 MiB, 100 %, 566.79 W, 1980 MHz
2026/09/27 23:13:35.459, 2, 75939 MiB, 100 %, 531.47 W, 1980 MHz
2026/09/27 23:13:35.459, 3, 75939 MiB, 100 %, 524.16 W, 1980 MHz
2026/09/27 23:13:35.460, 4, 75939 MiB, 100 %, 516.68 W, 1980 MHz
2026/09/27 23:13:35.461, 5, 75939 MiB, 100 %, 525.03 W, 1980 MHz
2026/09/27 23:13:35.461, 6, 75939 MiB, 100 %, 554.50 W, 1980 MHz
2026/09/27 23:13:35.462, 7, 75939 MiB, 100 %, 527.02 W, 1980 MHz
2026/09/27 23:13:36.463, 0, 75939 MiB, 100 %, 536.97 W, 1695 MHz
2026/09/27 23:13:36.463, 1, 75939 MiB, 100 %, 562.39 W, 1980 MHz
2026/09/27 23:13:36.464, 2, 75939 MiB, 100 %, 531.67 W, 1980 MHz
2026/09/27 23:13:36.465, 3, 75939 MiB, 100 %, 525.26 W, 1980 MHz
2026/09/27 23:13:36.465, 4, 75939 MiB, 100 %, 518.74 W, 1980 MHz
2026/09/27 23:13:36.466, 5, 75939 MiB, 100 %, 529.01 W, 1980 MHz
2026/09/27 23:13:36.467, 6, 75939 MiB, 100 %, 551.79 W, 1980 MHz
2026/09/27 23:13:36.467, 7, 75939 MiB, 100 %, 523.88 W, 1980 MHz
2026/09/27 23:13:37.468, 0, 75939 MiB, 100 %, 555.19 W, 1950 MHz
2026/09/27 23:13:37.469, 1, 75939 MiB, 100 %, 563.60 W, 1980 MHz
2026/09/27 23:13:37.470, 2, 75939 MiB, 100 %, 528.61 W, 1980 MHz
2026/09/27 23:13:37.470, 3, 75939 MiB, 100 %, 526.98 W, 1980 MHz
2026/09/27 23:13:37.471, 4, 75939 MiB, 100 %, 522.38 W, 1980 MHz
2026/09/27 23:13:37.472, 5, 75939 MiB, 100 %, 529.96 W, 1980 MHz
2026/09/27 23:13:37.472, 6, 75939 MiB, 100 %, 548.16 W, 1980 MHz
2026/09/27 23:13:37.473, 7, 75939 MiB, 100 %, 521.39 W, 1980 MHz
2026/09/27 23:13:38.474, 0, 75939 MiB, 100 %, 564.83 W, 1830 MHz
2026/09/27 23:13:38.474, 1, 75939 MiB, 100 %, 567.59 W, 1980 MHz
2026/09/27 23:13:38.475, 2, 75939 MiB, 100 %, 538.17 W, 1980 MHz
2026/09/27 23:13:38.476, 3, 75939 MiB, 100 %, 525.18 W, 1980 MHz
2026/09/27 23:13:38.476, 4, 75939 MiB, 100 %, 524.90 W, 1980 MHz
2026/09/27 23:13:38.477, 5, 75939 MiB, 100 %, 536.22 W, 1980 MHz
2026/09/27 23:13:38.478, 6, 75939 MiB, 100 %, 559.05 W, 1980 MHz
2026/09/27 23:13:38.478, 7, 75939 MiB, 100 %, 526.14 W, 1980 MHz
2026/09/27 23:13:39.479, 0, 75939 MiB, 100 %, 556.22 W, 1725 MHz
2026/09/27 23:13:39.480, 1, 75939 MiB, 100 %, 563.94 W, 1980 MHz
2026/09/27 23:13:39.481, 2, 75939 MiB, 100 %, 535.50 W, 1980 MHz
2026/09/27 23:13:39.481, 3, 75939 MiB, 100 %, 528.84 W, 1980 MHz
2026/09/27 23:13:39.482, 4, 75939 MiB, 100 %, 528.80 W, 1980 MHz
2026/09/27 23:13:39.483, 5, 75939 MiB, 100 %, 532.04 W, 1980 MHz
2026/09/27 23:13:39.483, 6, 75939 MiB, 100 %, 563.37 W, 1980 MHz
2026/09/27 23:13:39.484, 7, 75939 MiB, 100 %, 521.06 W, 1980 MHz
2026/09/27 23:13:40.485, 0, 75939 MiB, 100 %, 522.43 W, 1770 MHz
2026/09/27 23:13:40.486, 1, 75939 MiB, 100 %, 557.55 W, 1980 MHz
2026/09/27 23:13:40.486, 2, 75939 MiB, 100 %, 526.90 W, 1980 MHz
2026/09/27 23:13:40.487, 3, 75939 MiB, 100 %, 521.68 W, 1980 MHz
2026/09/27 23:13:40.487, 4, 75939 MiB, 100 %, 514.16 W, 1980 MHz
2026/09/27 23:13:40.488, 5, 75939 MiB, 100 %, 527.71 W, 1980 MHz
2026/09/27 23:13:40.489, 6, 75939 MiB, 100 %, 553.34 W, 1980 MHz
2026/09/27 23:13:40.489, 7, 75939 MiB, 100 %, 523.03 W, 1980 MHz
2026/09/27 23:13:41.490, 0, 75939 MiB, 100 %, 538.98 W, 1905 MHz
2026/09/27 23:13:41.491, 1, 75939 MiB, 100 %, 559.21 W, 1980 MHz
2026/09/27 23:13:41.492, 2, 75939 MiB, 100 %, 524.42 W, 1980 MHz
2026/09/27 23:13:41.492, 3, 75939 MiB, 100 %, 519.00 W, 1980 MHz
2026/09/27 23:13:41.493, 4, 75939 MiB, 100 %, 527.08 W, 1980 MHz
2026/09/27 23:13:41.494, 5, 75939 MiB, 100 %, 532.59 W, 1980 MHz
2026/09/27 23:13:41.495, 6, 75939 MiB, 100 %, 551.91 W, 1980 MHz
2026/09/27 23:13:41.495, 7, 75939 MiB, 100 %, 522.64 W, 1980 MHz
2026/09/27 23:13:42.496, 0, 75939 MiB, 100 %, 545.18 W, 1785 MHz
2026/09/27 23:13:42.497, 1, 75939 MiB, 100 %, 564.08 W, 1980 MHz
2026/09/27 23:13:42.497, 2, 75939 MiB, 100 %, 528.14 W, 1980 MHz
2026/09/27 23:13:42.498, 3, 75939 MiB, 100 %, 526.81 W, 1980 MHz
2026/09/27 23:13:42.499, 4, 75939 MiB, 100 %, 527.10 W, 1980 MHz
2026/09/27 23:13:42.499, 5, 75939 MiB, 100 %, 527.59 W, 1980 MHz
2026/09/27 23:13:42.500, 6, 75939 MiB, 100 %, 554.28 W, 1980 MHz
2026/09/27 23:13:42.501, 7, 75939 MiB, 100 %, 528.01 W, 1980 MHz
2026/09/27 23:13:43.501, 0, 75939 MiB, 100 %, 557.73 W, 1725 MHz
2026/09/27 23:13:43.502, 1, 75939 MiB, 100 %, 564.03 W, 1980 MHz
2026/09/27 23:13:43.503, 2, 75939 MiB, 100 %, 529.80 W, 1980 MHz
2026/09/27 23:13:43.504, 3, 75939 MiB, 100 %, 530.80 W, 1980 MHz
2026/09/27 23:13:43.504, 4, 75939 MiB, 100 %, 527.02 W, 1980 MHz
2026/09/27 23:13:43.505, 5, 75939 MiB, 100 %, 524.32 W, 1980 MHz
2026/09/27 23:13:43.506, 6, 75939 MiB, 100 %, 553.12 W, 1980 MHz
2026/09/27 23:13:43.506, 7, 75939 MiB, 100 %, 526.90 W, 1980 MHz
2026/09/27 23:13:44.507, 0, 75939 MiB, 100 %, 541.19 W, 1860 MHz
2026/09/27 23:13:44.508, 1, 75939 MiB, 100 %, 568.86 W, 1980 MHz
2026/09/27 23:13:44.509, 2, 75939 MiB, 100 %, 529.12 W, 1980 MHz
2026/09/27 23:13:44.509, 3, 75939 MiB, 100 %, 522.66 W, 1980 MHz
2026/09/27 23:13:44.510, 4, 75939 MiB, 100 %, 525.60 W, 1980 MHz
2026/09/27 23:13:44.511, 5, 75939 MiB, 100 %, 531.12 W, 1980 MHz
2026/09/27 23:13:44.511, 6, 75939 MiB, 100 %, 551.72 W, 1980 MHz
2026/09/27 23:13:44.512, 7, 75939 MiB, 100 %, 529.27 W, 1980 MHz
2026/09/27 23:13:45.513, 0, 75939 MiB, 100 %, 557.85 W, 1830 MHz
2026/09/27 23:13:45.514, 1, 75939 MiB, 100 %, 562.23 W, 1980 MHz
2026/09/27 23:13:45.515, 2, 75939 MiB, 100 %, 535.60 W, 1980 MHz
2026/09/27 23:13:45.515, 3, 75939 MiB, 100 %, 532.65 W, 1980 MHz
2026/09/27 23:13:45.516, 4, 75939 MiB, 100 %, 520.41 W, 1980 MHz
2026/09/27 23:13:45.517, 5, 75939 MiB, 100 %, 536.55 W, 1980 MHz
2026/09/27 23:13:45.517, 6, 75939 MiB, 100 %, 554.26 W, 1980 MHz
2026/09/27 23:13:45.518, 7, 75939 MiB, 100 %, 525.90 W, 1980 MHz
2026/09/27 23:13:46.519, 0, 75939 MiB, 100 %, 560.98 W, 1890 MHz
2026/09/27 23:13:46.519, 1, 75939 MiB, 100 %, 555.53 W, 1980 MHz
2026/09/27 23:13:46.520, 2, 75939 MiB, 100 %, 526.78 W, 1980 MHz
2026/09/27 23:13:46.521, 3, 75939 MiB, 100 %, 531.20 W, 1980 MHz
2026/09/27 23:13:46.521, 4, 75939 MiB, 100 %, 529.73 W, 1980 MHz
2026/09/27 23:13:46.522, 5, 75939 MiB, 100 %, 528.47 W, 1980 MHz
2026/09/27 23:13:46.523, 6, 75939 MiB, 100 %, 552.06 W, 1980 MHz
2026/09/27 23:13:46.523, 7, 75939 MiB, 100 %, 521.19 W, 1980 MHz
2026/09/27 23:13:47.524, 0, 75939 MiB, 100 %, 547.69 W, 1800 MHz
2026/09/27 23:13:47.525, 1, 75939 MiB, 100 %, 563.38 W, 1980 MHz
2026/09/27 23:13:47.526, 2, 75939 MiB, 100 %, 534.96 W, 1980 MHz
2026/09/27 23:13:47.526, 3, 75939 MiB, 100 %, 539.45 W, 1980 MHz
2026/09/27 23:13:47.527, 4, 75939 MiB, 100 %, 518.03 W, 1980 MHz
2026/09/27 23:13:47.528, 5, 75939 MiB, 100 %, 533.24 W, 1980 MHz
2026/09/27 23:13:47.528, 6, 75939 MiB, 100 %, 555.63 W, 1980 MHz
2026/09/27 23:13:47.529, 7, 75939 MiB, 100 %, 516.31 W, 1980 MHz
2026/09/27 23:13:48.530, 0, 75939 MiB, 100 %, 547.53 W, 1905 MHz
2026/09/27 23:13:48.531, 1, 75939 MiB, 100 %, 569.11 W, 1980 MHz
2026/09/27 23:13:48.531, 2, 75939 MiB, 100 %, 536.64 W, 1980 MHz
2026/09/27 23:13:48.532, 3, 75939 MiB, 100 %, 526.14 W, 1980 MHz
2026/09/27 23:13:48.533, 4, 75939 MiB, 100 %, 529.67 W, 1980 MHz
2026/09/27 23:13:48.533, 5, 75939 MiB, 100 %, 528.34 W, 1980 MHz
2026/09/27 23:13:48.534, 6, 75939 MiB, 100 %, 563.50 W, 1980 MHz
2026/09/27 23:13:48.535, 7, 75939 MiB, 100 %, 523.88 W, 1980 MHz
2026/09/27 23:13:49.535, 0, 75939 MiB, 100 %, 560.81 W, 1785 MHz
2026/09/27 23:13:49.536, 1, 75939 MiB, 100 %, 568.81 W, 1980 MHz
2026/09/27 23:13:49.537, 2, 75939 MiB, 100 %, 532.45 W, 1980 MHz
2026/09/27 23:13:49.538, 3, 75939 MiB, 100 %, 533.96 W, 1980 MHz
2026/09/27 23:13:49.538, 4, 75939 MiB, 100 %, 531.98 W, 1980 MHz
2026/09/27 23:13:49.539, 5, 75939 MiB, 100 %, 532.30 W, 1980 MHz
2026/09/27 23:13:49.540, 6, 75939 MiB, 100 %, 563.54 W, 1980 MHz
2026/09/27 23:13:49.540, 7, 75939 MiB, 100 %, 526.23 W, 1980 MHz
2026/09/27 23:13:50.541, 0, 75939 MiB, 100 %, 553.99 W, 1785 MHz
2026/09/27 23:13:50.542, 1, 75939 MiB, 100 %, 564.33 W, 1980 MHz
2026/09/27 23:13:50.543, 2, 75939 MiB, 100 %, 533.39 W, 1980 MHz
2026/09/27 23:13:50.543, 3, 75939 MiB, 100 %, 532.01 W, 1980 MHz
2026/09/27 23:13:50.544, 4, 75939 MiB, 100 %, 518.88 W, 1980 MHz
2026/09/27 23:13:50.545, 5, 75939 MiB, 100 %, 531.40 W, 1980 MHz
2026/09/27 23:13:50.545, 6, 75939 MiB, 100 %, 552.99 W, 1980 MHz
2026/09/27 23:13:50.546, 7, 75939 MiB, 100 %, 524.50 W, 1980 MHz
2026/09/27 23:13:51.547, 0, 75939 MiB, 100 %, 541.73 W, 1770 MHz
2026/09/27 23:13:51.547, 1, 75939 MiB, 100 %, 568.01 W, 1980 MHz
2026/09/27 23:13:51.548, 2, 75939 MiB, 100 %, 521.87 W, 1980 MHz
2026/09/27 23:13:51.549, 3, 75939 MiB, 100 %, 523.24 W, 1980 MHz
2026/09/27 23:13:51.550, 4, 75939 MiB, 100 %, 523.71 W, 1980 MHz
2026/09/27 23:13:51.550, 5, 75939 MiB, 100 %, 531.66 W, 1980 MHz
2026/09/27 23:13:51.551, 6, 75939 MiB, 100 %, 556.20 W, 1980 MHz
2026/09/27 23:13:51.552, 7, 75939 MiB, 100 %, 519.18 W, 1980 MHz
2026/09/27 23:13:52.552, 0, 75939 MiB, 100 %, 516.80 W, 1800 MHz
2026/09/27 23:13:52.553, 1, 75939 MiB, 100 %, 550.93 W, 1980 MHz
2026/09/27 23:13:52.554, 2, 75939 MiB, 100 %, 526.06 W, 1980 MHz
2026/09/27 23:13:52.555, 3, 75939 MiB, 100 %, 524.48 W, 1980 MHz
2026/09/27 23:13:52.555, 4, 75939 MiB, 100 %, 513.41 W, 1980 MHz
2026/09/27 23:13:52.556, 5, 75939 MiB, 100 %, 523.91 W, 1980 MHz
2026/09/27 23:13:52.557, 6, 75939 MiB, 100 %, 548.61 W, 1980 MHz
2026/09/27 23:13:52.558, 7, 75939 MiB, 100 %, 522.37 W, 1980 MHz
2026/09/27 23:13:53.559, 0, 75939 MiB, 100 %, 523.19 W, 1785 MHz
2026/09/27 23:13:53.560, 1, 75939 MiB, 100 %, 554.80 W, 1980 MHz
2026/09/27 23:13:53.561, 2, 75939 MiB, 100 %, 530.32 W, 1980 MHz
2026/09/27 23:13:53.562, 3, 75939 MiB, 100 %, 531.20 W, 1980 MHz
2026/09/27 23:13:53.562, 4, 75939 MiB, 100 %, 523.35 W, 1980 MHz
2026/09/27 23:13:53.563, 5, 75939 MiB, 100 %, 532.71 W, 1980 MHz
2026/09/27 23:13:53.564, 6, 75939 MiB, 100 %, 553.66 W, 1980 MHz
2026/09/27 23:13:53.564, 7, 75939 MiB, 100 %, 531.42 W, 1980 MHz
2026/09/27 23:13:54.565, 0, 75939 MiB, 100 %, 534.50 W, 1710 MHz
2026/09/27 23:13:54.566, 1, 75939 MiB, 100 %, 560.54 W, 1980 MHz
2026/09/27 23:13:54.567, 2, 75939 MiB, 100 %, 526.52 W, 1980 MHz
2026/09/27 23:13:54.567, 3, 75939 MiB, 100 %, 527.53 W, 1980 MHz
2026/09/27 23:13:54.568, 4, 75939 MiB, 100 %, 519.73 W, 1980 MHz
2026/09/27 23:13:54.569, 5, 75939 MiB, 100 %, 531.51 W, 1980 MHz
2026/09/27 23:13:54.569, 6, 75939 MiB, 100 %, 548.98 W, 1980 MHz
2026/09/27 23:13:54.570, 7, 75939 MiB, 100 %, 529.03 W, 1980 MHz
2026/09/27 23:13:55.571, 0, 75939 MiB, 100 %, 542.20 W, 1905 MHz
2026/09/27 23:13:55.572, 1, 75939 MiB, 100 %, 549.02 W, 1980 MHz
2026/09/27 23:13:55.573, 2, 75939 MiB, 100 %, 529.55 W, 1980 MHz
2026/09/27 23:13:55.573, 3, 75939 MiB, 100 %, 520.56 W, 1980 MHz
2026/09/27 23:13:55.574, 4, 75939 MiB, 100 %, 513.08 W, 1980 MHz
2026/09/27 23:13:55.575, 5, 75939 MiB, 100 %, 529.55 W, 1980 MHz
2026/09/27 23:13:55.576, 6, 75939 MiB, 100 %, 559.38 W, 1980 MHz
2026/09/27 23:13:55.577, 7, 75939 MiB, 100 %, 514.36 W, 1980 MHz
2026/09/27 23:13:56.577, 0, 75939 MiB, 100 %, 512.55 W, 1980 MHz
2026/09/27 23:13:56.579, 1, 75939 MiB, 100 %, 441.15 W, 1980 MHz
2026/09/27 23:13:56.579, 2, 75939 MiB, 100 %, 432.91 W, 1980 MHz
2026/09/27 23:13:56.580, 3, 75939 MiB, 100 %, 434.48 W, 1980 MHz
2026/09/27 23:13:56.581, 4, 75939 MiB, 100 %, 420.20 W, 1980 MHz
2026/09/27 23:13:56.582, 5, 75939 MiB, 100 %, 429.30 W, 1980 MHz
2026/09/27 23:13:56.583, 6, 75939 MiB, 100 %, 445.01 W, 1980 MHz
2026/09/27 23:13:56.584, 7, 75939 MiB, 100 %, 424.40 W, 1980 MHz
2026/09/27 23:13:57.584, 0, 75939 MiB, 100 %, 535.32 W, 1905 MHz
2026/09/27 23:13:57.585, 1, 75939 MiB, 100 %, 474.99 W, 1980 MHz
2026/09/27 23:13:57.586, 2, 75939 MiB, 100 %, 448.38 W, 1980 MHz
2026/09/27 23:13:57.587, 3, 75939 MiB, 100 %, 458.56 W, 1980 MHz
2026/09/27 23:13:57.587, 4, 75939 MiB, 100 %, 444.22 W, 1980 MHz
2026/09/27 23:13:57.588, 5, 75939 MiB, 100 %, 452.20 W, 1980 MHz
2026/09/27 23:13:57.589, 6, 75939 MiB, 100 %, 463.95 W, 1980 MHz
2026/09/27 23:13:57.589, 7, 75939 MiB, 100 %, 450.62 W, 1980 MHz
2026/09/27 23:13:58.590, 0, 75939 MiB, 100 %, 564.95 W, 1860 MHz
2026/09/27 23:13:58.591, 1, 75939 MiB, 100 %, 557.50 W, 1980 MHz
2026/09/27 23:13:58.592, 2, 75939 MiB, 100 %, 532.85 W, 1980 MHz
2026/09/27 23:13:58.593, 3, 75939 MiB, 100 %, 530.16 W, 1980 MHz
2026/09/27 23:13:58.593, 4, 75939 MiB, 100 %, 524.55 W, 1980 MHz
2026/09/27 23:13:58.594, 5, 75939 MiB, 100 %, 534.15 W, 1980 MHz
2026/09/27 23:13:58.595, 6, 75939 MiB, 100 %, 565.28 W, 1980 MHz
2026/09/27 23:13:58.596, 7, 75939 MiB, 100 %, 527.38 W, 1980 MHz
2026/09/27 23:13:59.597, 0, 75939 MiB, 100 %, 555.35 W, 1905 MHz
2026/09/27 23:13:59.598, 1, 75939 MiB, 100 %, 556.67 W, 1980 MHz
2026/09/27 23:13:59.599, 2, 75939 MiB, 100 %, 530.90 W, 1980 MHz
2026/09/27 23:13:59.599, 3, 75939 MiB, 100 %, 528.28 W, 1980 MHz
2026/09/27 23:13:59.600, 4, 75939 MiB, 100 %, 523.98 W, 1980 MHz
2026/09/27 23:13:59.601, 5, 75939 MiB, 100 %, 535.78 W, 1980 MHz
2026/09/27 23:13:59.602, 6, 75939 MiB, 100 %, 558.87 W, 1980 MHz
2026/09/27 23:13:59.603, 7, 75939 MiB, 100 %, 526.29 W, 1980 MHz
2026/09/27 23:14:00.603, 0, 75939 MiB, 100 %, 520.38 W, 1800 MHz
2026/09/27 23:14:00.605, 1, 75939 MiB, 100 %, 558.72 W, 1980 MHz
2026/09/27 23:14:00.606, 2, 75939 MiB, 100 %, 529.08 W, 1980 MHz
2026/09/27 23:14:00.606, 3, 75939 MiB, 100 %, 526.56 W, 1980 MHz
2026/09/27 23:14:00.607, 4, 75939 MiB, 100 %, 526.92 W, 1980 MHz
2026/09/27 23:14:00.608, 5, 75939 MiB, 100 %, 524.40 W, 1980 MHz
2026/09/27 23:14:00.609, 6, 75939 MiB, 100 %, 545.07 W, 1980 MHz
2026/09/27 23:14:00.610, 7, 75939 MiB, 100 %, 516.84 W, 1980 MHz
2026/09/27 23:14:01.611, 0, 75939 MiB, 100 %, 514.74 W, 1725 MHz
2026/09/27 23:14:01.612, 1, 75939 MiB, 100 %, 555.75 W, 1980 MHz
2026/09/27 23:14:01.613, 2, 75939 MiB, 100 %, 536.99 W, 1980 MHz
2026/09/27 23:14:01.613, 3, 75939 MiB, 100 %, 529.43 W, 1980 MHz
2026/09/27 23:14:01.614, 4, 75939 MiB, 100 %, 517.56 W, 1980 MHz
2026/09/27 23:14:01.615, 5, 75939 MiB, 100 %, 534.38 W, 1980 MHz
2026/09/27 23:14:01.616, 6, 75939 MiB, 100 %, 558.10 W, 1980 MHz
2026/09/27 23:14:01.616, 7, 75939 MiB, 100 %, 521.01 W, 1980 MHz
2026/09/27 23:14:02.617, 0, 75939 MiB, 100 %, 521.30 W, 1740 MHz
2026/09/27 23:14:02.618, 1, 75939 MiB, 100 %, 552.28 W, 1980 MHz
2026/09/27 23:14:02.619, 2, 75939 MiB, 100 %, 523.92 W, 1980 MHz
2026/09/27 23:14:02.620, 3, 75939 MiB, 100 %, 523.76 W, 1980 MHz
2026/09/27 23:14:02.621, 4, 75939 MiB, 100 %, 522.11 W, 1980 MHz
2026/09/27 23:14:02.621, 5, 75939 MiB, 100 %, 526.64 W, 1980 MHz
2026/09/27 23:14:02.622, 6, 75939 MiB, 100 %, 553.57 W, 1980 MHz
2026/09/27 23:14:02.623, 7, 75939 MiB, 100 %, 523.27 W, 1980 MHz
2026/09/27 23:14:03.624, 0, 75939 MiB, 100 %, 527.63 W, 1845 MHz
2026/09/27 23:14:03.625, 1, 75939 MiB, 100 %, 560.92 W, 1980 MHz
2026/09/27 23:14:03.626, 2, 75939 MiB, 100 %, 524.99 W, 1980 MHz
2026/09/27 23:14:03.626, 3, 75939 MiB, 100 %, 522.90 W, 1980 MHz
2026/09/27 23:14:03.627, 4, 75939 MiB, 100 %, 523.95 W, 1980 MHz
2026/09/27 23:14:03.628, 5, 75939 MiB, 100 %, 526.76 W, 1980 MHz
2026/09/27 23:14:03.628, 6, 75939 MiB, 100 %, 547.80 W, 1980 MHz
2026/09/27 23:14:03.629, 7, 75939 MiB, 100 %, 527.98 W, 1980 MHz
2026/09/27 23:14:04.630, 0, 75939 MiB, 100 %, 544.48 W, 1830 MHz
2026/09/27 23:14:04.631, 1, 75939 MiB, 100 %, 556.86 W, 1980 MHz
2026/09/27 23:14:04.631, 2, 75939 MiB, 100 %, 528.70 W, 1980 MHz
2026/09/27 23:14:04.632, 3, 75939 MiB, 100 %, 520.05 W, 1980 MHz
2026/09/27 23:14:04.633, 4, 75939 MiB, 100 %, 522.52 W, 1980 MHz
2026/09/27 23:14:04.633, 5, 75939 MiB, 100 %, 536.78 W, 1980 MHz
2026/09/27 23:14:04.634, 6, 75939 MiB, 100 %, 557.56 W, 1980 MHz
2026/09/27 23:14:04.635, 7, 75939 MiB, 100 %, 536.67 W, 1980 MHz
2026/09/27 23:14:05.635, 0, 75939 MiB, 100 %, 544.88 W, 1785 MHz
2026/09/27 23:14:05.636, 1, 75939 MiB, 100 %, 566.66 W, 1980 MHz
2026/09/27 23:14:05.637, 2, 75939 MiB, 100 %, 528.66 W, 1980 MHz
2026/09/27 23:14:05.638, 3, 75939 MiB, 100 %, 536.13 W, 1980 MHz
2026/09/27 23:14:05.638, 4, 75939 MiB, 100 %, 516.70 W, 1980 MHz
2026/09/27 23:14:05.639, 5, 75939 MiB, 100 %, 528.89 W, 1980 MHz
2026/09/27 23:14:05.640, 6, 75939 MiB, 100 %, 553.68 W, 1980 MHz
2026/09/27 23:14:05.640, 7, 75939 MiB, 100 %, 527.54 W, 1980 MHz
2026/09/27 23:14:06.641, 0, 75939 MiB, 100 %, 545.33 W, 1800 MHz
2026/09/27 23:14:06.644, 1, 75939 MiB, 100 %, 564.92 W, 1980 MHz
2026/09/27 23:14:06.645, 2, 75939 MiB, 100 %, 522.40 W, 1980 MHz
2026/09/27 23:14:06.646, 3, 75939 MiB, 100 %, 535.52 W, 1980 MHz
2026/09/27 23:14:06.648, 4, 75939 MiB, 100 %, 527.12 W, 1980 MHz
2026/09/27 23:14:06.650, 5, 75939 MiB, 100 %, 532.84 W, 1980 MHz
2026/09/27 23:14:06.651, 6, 75939 MiB, 100 %, 557.38 W, 1980 MHz
2026/09/27 23:14:06.653, 7, 75939 MiB, 100 %, 527.65 W, 1980 MHz
2026/09/27 23:14:07.654, 0, 75939 MiB, 100 %, 543.57 W, 1845 MHz
2026/09/27 23:14:07.655, 1, 75939 MiB, 100 %, 564.18 W, 1980 MHz
2026/09/27 23:14:07.656, 2, 75939 MiB, 100 %, 530.56 W, 1980 MHz
2026/09/27 23:14:07.656, 3, 75939 MiB, 100 %, 530.78 W, 1980 MHz
2026/09/27 23:14:07.657, 4, 75939 MiB, 100 %, 526.33 W, 1980 MHz
2026/09/27 23:14:07.658, 5, 75939 MiB, 100 %, 524.98 W, 1980 MHz
2026/09/27 23:14:07.658, 6, 75939 MiB, 100 %, 557.46 W, 1980 MHz
2026/09/27 23:14:07.659, 7, 75939 MiB, 100 %, 524.24 W, 1980 MHz
2026/09/27 23:14:08.660, 0, 75939 MiB, 100 %, 558.44 W, 1770 MHz
2026/09/27 23:14:08.663, 1, 75939 MiB, 100 %, 560.90 W, 1980 MHz
2026/09/27 23:14:08.664, 2, 75939 MiB, 100 %, 542.41 W, 1980 MHz
2026/09/27 23:14:08.665, 3, 75939 MiB, 100 %, 527.34 W, 1980 MHz
2026/09/27 23:14:08.667, 4, 75939 MiB, 100 %, 527.39 W, 1980 MHz
2026/09/27 23:14:08.669, 5, 75939 MiB, 100 %, 535.16 W, 1980 MHz
2026/09/27 23:14:08.670, 6, 75939 MiB, 100 %, 562.88 W, 1980 MHz
2026/09/27 23:14:08.672, 7, 75939 MiB, 100 %, 524.23 W, 1980 MHz
2026/09/27 23:14:09.673, 0, 75939 MiB, 100 %, 552.10 W, 1545 MHz
2026/09/27 23:14:09.673, 1, 75939 MiB, 100 %, 563.10 W, 1980 MHz
2026/09/27 23:14:09.674, 2, 75939 MiB, 100 %, 537.66 W, 1980 MHz
2026/09/27 23:14:09.675, 3, 75939 MiB, 100 %, 538.75 W, 1980 MHz
2026/09/27 23:14:09.675, 4, 75939 MiB, 100 %, 521.06 W, 1980 MHz
2026/09/27 23:14:09.676, 5, 75939 MiB, 100 %, 530.45 W, 1980 MHz
2026/09/27 23:14:09.677, 6, 75939 MiB, 100 %, 554.82 W, 1980 MHz
2026/09/27 23:14:09.677, 7, 75939 MiB, 100 %, 530.56 W, 1980 MHz
2026/09/27 23:14:10.678, 0, 75939 MiB, 100 %, 466.13 W, 1455 MHz
2026/09/27 23:14:10.679, 1, 75939 MiB, 100 %, 544.08 W, 1980 MHz
2026/09/27 23:14:10.679, 2, 75939 MiB, 100 %, 518.94 W, 1980 MHz
2026/09/27 23:14:10.680, 3, 75939 MiB, 100 %, 515.10 W, 1980 MHz
2026/09/27 23:14:10.681, 4, 75939 MiB, 100 %, 500.32 W, 1980 MHz
2026/09/27 23:14:10.682, 5, 75939 MiB, 100 %, 513.57 W, 1980 MHz
2026/09/27 23:14:10.682, 6, 75939 MiB, 100 %, 539.47 W, 1980 MHz
2026/09/27 23:14:10.683, 7, 75939 MiB, 100 %, 511.35 W, 1980 MHz
2026/09/27 23:14:11.684, 0, 75939 MiB, 100 %, 486.45 W, 1680 MHz
2026/09/27 23:14:11.685, 1, 75939 MiB, 100 %, 545.84 W, 1980 MHz
2026/09/27 23:14:11.685, 2, 75939 MiB, 100 %, 518.06 W, 1980 MHz
2026/09/27 23:14:11.686, 3, 75939 MiB, 100 %, 517.48 W, 1980 MHz
2026/09/27 23:14:11.687, 4, 75939 MiB, 100 %, 509.51 W, 1980 MHz
2026/09/27 23:14:11.687, 5, 75939 MiB, 100 %, 524.02 W, 1980 MHz
2026/09/27 23:14:11.688, 6, 75939 MiB, 100 %, 541.64 W, 1980 MHz
2026/09/27 23:14:11.689, 7, 75939 MiB, 100 %, 508.38 W, 1980 MHz
2026/09/27 23:14:12.689, 0, 75939 MiB, 100 %, 502.44 W, 1680 MHz
2026/09/27 23:14:12.690, 1, 75939 MiB, 100 %, 561.06 W, 1980 MHz
2026/09/27 23:14:12.691, 2, 75939 MiB, 100 %, 526.00 W, 1980 MHz
2026/09/27 23:14:12.692, 3, 75939 MiB, 100 %, 525.41 W, 1980 MHz
2026/09/27 23:14:12.692, 4, 75939 MiB, 100 %, 520.45 W, 1980 MHz
2026/09/27 23:14:12.693, 5, 75939 MiB, 100 %, 520.57 W, 1980 MHz
2026/09/27 23:14:12.693, 6, 75939 MiB, 100 %, 546.62 W, 1980 MHz
2026/09/27 23:14:12.694, 7, 75939 MiB, 100 %, 520.46 W, 1980 MHz
2026/09/27 23:14:13.695, 0, 75939 MiB, 100 %, 520.98 W, 1725 MHz
2026/09/27 23:14:13.696, 1, 75939 MiB, 100 %, 559.55 W, 1980 MHz
2026/09/27 23:14:13.697, 2, 75939 MiB, 100 %, 529.32 W, 1980 MHz
2026/09/27 23:14:13.697, 3, 75939 MiB, 100 %, 530.71 W, 1980 MHz
2026/09/27 23:14:13.698, 4, 75939 MiB, 100 %, 517.78 W, 1980 MHz
2026/09/27 23:14:13.699, 5, 75939 MiB, 100 %, 528.74 W, 1980 MHz
2026/09/27 23:14:13.699, 6, 75939 MiB, 100 %, 558.90 W, 1980 MHz
2026/09/27 23:14:13.700, 7, 75939 MiB, 100 %, 516.48 W, 1980 MHz
2026/09/27 23:14:14.701, 0, 75939 MiB, 100 %, 525.85 W, 1845 MHz
2026/09/27 23:14:14.702, 1, 75939 MiB, 100 %, 566.85 W, 1980 MHz
2026/09/27 23:14:14.702, 2, 75939 MiB, 100 %, 536.28 W, 1980 MHz
2026/09/27 23:14:14.703, 3, 75939 MiB, 100 %, 521.03 W, 1980 MHz
2026/09/27 23:14:14.704, 4, 75939 MiB, 100 %, 520.14 W, 1980 MHz
2026/09/27 23:14:14.704, 5, 75939 MiB, 100 %, 528.97 W, 1980 MHz
2026/09/27 23:14:14.705, 6, 75939 MiB, 100 %, 551.91 W, 1980 MHz
2026/09/27 23:14:14.706, 7, 75939 MiB, 100 %, 530.50 W, 1980 MHz
2026/09/27 23:14:15.706, 0, 75939 MiB, 100 %, 529.40 W, 1830 MHz
2026/09/27 23:14:15.707, 1, 75939 MiB, 100 %, 563.34 W, 1980 MHz
2026/09/27 23:14:15.708, 2, 75939 MiB, 100 %, 526.23 W, 1980 MHz
2026/09/27 23:14:15.708, 3, 75939 MiB, 100 %, 524.46 W, 1980 MHz
2026/09/27 23:14:15.709, 4, 75939 MiB, 100 %, 523.31 W, 1980 MHz
2026/09/27 23:14:15.710, 5, 75939 MiB, 100 %, 528.68 W, 1980 MHz
2026/09/27 23:14:15.710, 6, 75939 MiB, 100 %, 560.97 W, 1980 MHz
2026/09/27 23:14:15.711, 7, 75939 MiB, 100 %, 530.82 W, 1980 MHz
2026/09/27 23:14:16.712, 0, 75939 MiB, 100 %, 537.87 W, 1800 MHz
2026/09/27 23:14:16.713, 1, 75939 MiB, 100 %, 566.68 W, 1980 MHz
2026/09/27 23:14:16.714, 2, 75939 MiB, 100 %, 529.84 W, 1980 MHz
2026/09/27 23:14:16.714, 3, 75939 MiB, 100 %, 534.51 W, 1980 MHz
2026/09/27 23:14:16.715, 4, 75939 MiB, 100 %, 515.65 W, 1980 MHz
2026/09/27 23:14:16.716, 5, 75939 MiB, 100 %, 527.60 W, 1980 MHz
2026/09/27 23:14:16.716, 6, 75939 MiB, 100 %, 561.39 W, 1980 MHz
2026/09/27 23:14:16.717, 7, 75939 MiB, 100 %, 529.02 W, 1980 MHz
2026/09/27 23:14:17.718, 0, 75939 MiB, 100 %, 540.34 W, 1755 MHz
2026/09/27 23:14:17.718, 1, 75939 MiB, 100 %, 565.57 W, 1980 MHz
2026/09/27 23:14:17.719, 2, 75939 MiB, 100 %, 522.80 W, 1980 MHz
2026/09/27 23:14:17.720, 3, 75939 MiB, 100 %, 531.56 W, 1980 MHz
2026/09/27 23:14:17.721, 4, 75939 MiB, 100 %, 525.40 W, 1980 MHz
2026/09/27 23:14:17.721, 5, 75939 MiB, 100 %, 533.37 W, 1980 MHz
2026/09/27 23:14:17.722, 6, 75939 MiB, 100 %, 548.76 W, 1980 MHz
2026/09/27 23:14:17.722, 7, 75939 MiB, 100 %, 529.03 W, 1980 MHz
2026/09/27 23:14:18.723, 0, 75939 MiB, 100 %, 537.95 W, 1860 MHz
2026/09/27 23:14:18.724, 1, 75939 MiB, 100 %, 565.93 W, 1980 MHz
2026/09/27 23:14:18.725, 2, 75939 MiB, 100 %, 525.40 W, 1980 MHz
2026/09/27 23:14:18.725, 3, 75939 MiB, 100 %, 526.29 W, 1980 MHz
2026/09/27 23:14:18.726, 4, 75939 MiB, 100 %, 521.52 W, 1980 MHz
2026/09/27 23:14:18.727, 5, 75939 MiB, 100 %, 533.44 W, 1980 MHz
2026/09/27 23:14:18.727, 6, 75939 MiB, 100 %, 554.20 W, 1980 MHz
2026/09/27 23:14:18.728, 7, 75939 MiB, 100 %, 527.85 W, 1980 MHz
2026/09/27 23:14:19.729, 0, 75939 MiB, 100 %, 548.98 W, 1785 MHz
2026/09/27 23:14:19.730, 1, 75939 MiB, 100 %, 564.39 W, 1980 MHz
2026/09/27 23:14:19.731, 2, 75939 MiB, 100 %, 535.68 W, 1980 MHz
2026/09/27 23:14:19.731, 3, 75939 MiB, 100 %, 527.67 W, 1980 MHz
2026/09/27 23:14:19.732, 4, 75939 MiB, 100 %, 522.14 W, 1980 MHz
2026/09/27 23:14:19.732, 5, 75939 MiB, 100 %, 534.58 W, 1980 MHz
2026/09/27 23:14:19.733, 6, 75939 MiB, 100 %, 559.99 W, 1980 MHz
2026/09/27 23:14:19.734, 7, 75939 MiB, 100 %, 526.76 W, 1980 MHz
2026/09/27 23:14:20.734, 0, 75939 MiB, 100 %, 533.94 W, 1800 MHz
2026/09/27 23:14:20.735, 1, 75939 MiB, 100 %, 562.01 W, 1980 MHz
2026/09/27 23:14:20.736, 2, 75939 MiB, 100 %, 532.82 W, 1980 MHz
2026/09/27 23:14:20.737, 3, 75939 MiB, 100 %, 522.89 W, 1980 MHz
2026/09/27 23:14:20.737, 4, 75939 MiB, 100 %, 526.39 W, 1980 MHz
2026/09/27 23:14:20.738, 5, 75939 MiB, 100 %, 527.09 W, 1980 MHz
2026/09/27 23:14:20.738, 6, 75939 MiB, 100 %, 556.05 W, 1980 MHz
2026/09/27 23:14:20.739, 7, 75939 MiB, 100 %, 524.26 W, 1980 MHz
2026/09/27 23:14:21.740, 0, 75939 MiB, 100 %, 512.36 W, 1680 MHz
2026/09/27 23:14:21.741, 1, 75939 MiB, 100 %, 562.77 W, 1980 MHz
2026/09/27 23:14:21.741, 2, 75939 MiB, 100 %, 526.48 W, 1980 MHz
2026/09/27 23:14:21.742, 3, 75939 MiB, 100 %, 530.15 W, 1980 MHz
2026/09/27 23:14:21.743, 4, 75939 MiB, 100 %, 519.62 W, 1980 MHz
2026/09/27 23:14:21.743, 5, 75939 MiB, 100 %, 528.68 W, 1980 MHz
2026/09/27 23:14:21.744, 6, 75939 MiB, 100 %, 548.05 W, 1980 MHz
2026/09/27 23:14:21.745, 7, 75939 MiB, 100 %, 521.15 W, 1980 MHz
2026/09/27 23:14:22.745, 0, 75939 MiB, 100 %, 519.74 W, 1830 MHz
2026/09/27 23:14:22.746, 1, 75939 MiB, 100 %, 561.66 W, 1980 MHz
2026/09/27 23:14:22.747, 2, 75939 MiB, 100 %, 530.57 W, 1980 MHz
2026/09/27 23:14:22.748, 3, 75939 MiB, 100 %, 518.84 W, 1980 MHz
2026/09/27 23:14:22.748, 4, 75939 MiB, 100 %, 517.03 W, 1980 MHz
2026/09/27 23:14:22.749, 5, 75939 MiB, 100 %, 528.65 W, 1980 MHz
2026/09/27 23:14:22.750, 6, 75939 MiB, 100 %, 558.41 W, 1980 MHz
2026/09/27 23:14:22.750, 7, 75939 MiB, 100 %, 526.44 W, 1980 MHz
2026/09/27 23:14:23.751, 0, 75939 MiB, 100 %, 526.89 W, 1785 MHz
2026/09/27 23:14:23.752, 1, 75939 MiB, 100 %, 563.50 W, 1980 MHz
2026/09/27 23:14:23.753, 2, 75939 MiB, 100 %, 528.59 W, 1980 MHz
2026/09/27 23:14:23.753, 3, 75939 MiB, 100 %, 525.89 W, 1980 MHz
2026/09/27 23:14:23.754, 4, 75939 MiB, 100 %, 524.17 W, 1980 MHz
2026/09/27 23:14:23.754, 5, 75939 MiB, 100 %, 536.70 W, 1980 MHz
2026/09/27 23:14:23.755, 6, 75939 MiB, 100 %, 557.95 W, 1980 MHz
2026/09/27 23:14:23.756, 7, 75939 MiB, 100 %, 525.09 W, 1980 MHz
2026/09/27 23:14:24.756, 0, 75939 MiB, 100 %, 541.70 W, 1875 MHz
2026/09/27 23:14:24.758, 1, 75939 MiB, 100 %, 560.50 W, 1980 MHz
2026/09/27 23:14:24.758, 2, 75939 MiB, 100 %, 533.09 W, 1980 MHz
2026/09/27 23:14:24.759, 3, 75939 MiB, 100 %, 532.52 W, 1980 MHz
2026/09/27 23:14:24.760, 4, 75939 MiB, 100 %, 513.98 W, 1980 MHz
2026/09/27 23:14:24.760, 5, 75939 MiB, 100 %, 528.50 W, 1980 MHz
2026/09/27 23:14:24.761, 6, 75939 MiB, 100 %, 560.85 W, 1980 MHz
2026/09/27 23:14:24.761, 7, 75939 MiB, 100 %, 528.60 W, 1980 MHz
2026/09/27 23:14:25.762, 0, 75939 MiB, 100 %, 539.34 W, 1740 MHz
2026/09/27 23:14:25.763, 1, 75939 MiB, 100 %, 567.59 W, 1980 MHz
2026/09/27 23:14:25.764, 2, 75939 MiB, 100 %, 534.10 W, 1980 MHz
2026/09/27 23:14:25.764, 3, 75939 MiB, 100 %, 530.69 W, 1980 MHz
2026/09/27 23:14:25.765, 4, 75939 MiB, 100 %, 525.72 W, 1980 MHz
2026/09/27 23:14:25.765, 5, 75939 MiB, 100 %, 529.51 W, 1980 MHz
2026/09/27 23:14:25.766, 6, 75939 MiB, 100 %, 558.88 W, 1980 MHz
2026/09/27 23:14:25.767, 7, 75939 MiB, 100 %, 535.82 W, 1980 MHz
2026/09/27 23:14:26.767, 0, 75939 MiB, 100 %, 531.79 W, 1845 MHz
2026/09/27 23:14:26.768, 1, 75939 MiB, 100 %, 560.30 W, 1980 MHz
2026/09/27 23:14:26.769, 2, 75939 MiB, 100 %, 530.13 W, 1980 MHz
2026/09/27 23:14:26.770, 3, 75939 MiB, 100 %, 535.39 W, 1980 MHz
2026/09/27 23:14:26.770, 4, 75939 MiB, 100 %, 520.60 W, 1980 MHz
2026/09/27 23:14:26.771, 5, 75939 MiB, 100 %, 532.41 W, 1980 MHz
2026/09/27 23:14:26.771, 6, 75939 MiB, 100 %, 553.36 W, 1980 MHz
2026/09/27 23:14:26.772, 7, 75939 MiB, 100 %, 532.02 W, 1980 MHz
2026/09/27 23:14:27.773, 0, 75939 MiB, 100 %, 533.11 W, 1680 MHz
2026/09/27 23:14:27.774, 1, 75939 MiB, 100 %, 556.59 W, 1980 MHz
2026/09/27 23:14:27.774, 2, 75939 MiB, 100 %, 531.61 W, 1980 MHz
2026/09/27 23:14:27.775, 3, 75939 MiB, 100 %, 534.63 W, 1980 MHz
2026/09/27 23:14:27.776, 4, 75939 MiB, 100 %, 525.74 W, 1980 MHz
2026/09/27 23:14:27.776, 5, 75939 MiB, 100 %, 531.57 W, 1980 MHz
2026/09/27 23:14:27.777, 6, 75939 MiB, 100 %, 554.49 W, 1980 MHz
2026/09/27 23:14:27.777, 7, 75939 MiB, 100 %, 527.09 W, 1980 MHz
2026/09/27 23:14:28.778, 0, 75939 MiB, 100 %, 535.10 W, 1815 MHz
2026/09/27 23:14:28.779, 1, 75939 MiB, 100 %, 564.42 W, 1980 MHz
2026/09/27 23:14:28.780, 2, 75939 MiB, 100 %, 526.02 W, 1980 MHz
2026/09/27 23:14:28.780, 3, 75939 MiB, 100 %, 532.13 W, 1980 MHz
2026/09/27 23:14:28.781, 4, 75939 MiB, 100 %, 522.86 W, 1980 MHz
2026/09/27 23:14:28.782, 5, 75939 MiB, 100 %, 531.68 W, 1980 MHz
2026/09/27 23:14:28.782, 6, 75939 MiB, 100 %, 555.87 W, 1980 MHz
2026/09/27 23:14:28.783, 7, 75939 MiB, 100 %, 525.92 W, 1980 MHz
2026/09/27 23:14:29.784, 0, 75939 MiB, 100 %, 534.69 W, 1785 MHz
2026/09/27 23:14:29.785, 1, 75939 MiB, 100 %, 556.28 W, 1980 MHz
2026/09/27 23:14:29.786, 2, 75939 MiB, 100 %, 520.76 W, 1980 MHz
2026/09/27 23:14:29.787, 3, 75939 MiB, 100 %, 525.70 W, 1980 MHz
2026/09/27 23:14:29.787, 4, 75939 MiB, 100 %, 527.74 W, 1980 MHz
2026/09/27 23:14:29.788, 5, 75939 MiB, 100 %, 533.03 W, 1980 MHz
2026/09/27 23:14:29.788, 6, 75939 MiB, 100 %, 551.36 W, 1980 MHz
2026/09/27 23:14:29.789, 7, 75939 MiB, 100 %, 533.14 W, 1980 MHz
2026/09/27 23:14:30.790, 0, 75939 MiB, 100 %, 533.26 W, 1725 MHz
2026/09/27 23:14:30.791, 1, 75939 MiB, 100 %, 558.26 W, 1980 MHz
2026/09/27 23:14:30.791, 2, 75939 MiB, 100 %, 531.25 W, 1980 MHz
2026/09/27 23:14:30.792, 3, 75939 MiB, 100 %, 535.94 W, 1980 MHz
2026/09/27 23:14:30.793, 4, 75939 MiB, 100 %, 525.39 W, 1980 MHz
2026/09/27 23:14:30.793, 5, 75939 MiB, 100 %, 533.78 W, 1980 MHz
2026/09/27 23:14:30.794, 6, 75939 MiB, 100 %, 557.60 W, 1980 MHz
2026/09/27 23:14:30.795, 7, 75939 MiB, 100 %, 526.53 W, 1980 MHz
2026/09/27 23:14:31.795, 0, 75939 MiB, 100 %, 528.99 W, 1725 MHz
2026/09/27 23:14:31.796, 1, 75939 MiB, 100 %, 558.94 W, 1980 MHz
2026/09/27 23:14:31.797, 2, 75939 MiB, 100 %, 531.18 W, 1980 MHz
2026/09/27 23:14:31.798, 3, 75939 MiB, 100 %, 526.45 W, 1980 MHz
2026/09/27 23:14:31.798, 4, 75939 MiB, 100 %, 527.91 W, 1980 MHz
2026/09/27 23:14:31.799, 5, 75939 MiB, 100 %, 534.94 W, 1980 MHz
2026/09/27 23:14:31.800, 6, 75939 MiB, 100 %, 556.93 W, 1980 MHz
2026/09/27 23:14:31.800, 7, 75939 MiB, 100 %, 525.40 W, 1980 MHz
2026/09/27 23:14:32.801, 0, 75939 MiB, 100 %, 544.51 W, 1875 MHz
2026/09/27 23:14:32.802, 1, 75939 MiB, 100 %, 563.52 W, 1980 MHz
2026/09/27 23:14:32.803, 2, 75939 MiB, 100 %, 526.89 W, 1980 MHz
2026/09/27 23:14:32.804, 3, 75939 MiB, 100 %, 527.63 W, 1980 MHz
2026/09/27 23:14:32.804, 4, 75939 MiB, 100 %, 522.13 W, 1980 MHz
2026/09/27 23:14:32.805, 5, 75939 MiB, 100 %, 533.10 W, 1980 MHz
2026/09/27 23:14:32.806, 6, 75939 MiB, 100 %, 552.96 W, 1980 MHz
2026/09/27 23:14:32.806, 7, 75939 MiB, 100 %, 525.12 W, 1980 MHz
2026/09/27 23:14:33.807, 0, 75939 MiB, 100 %, 534.55 W, 1785 MHz
2026/09/27 23:14:33.808, 1, 75939 MiB, 100 %, 567.96 W, 1980 MHz
2026/09/27 23:14:33.809, 2, 75939 MiB, 100 %, 530.49 W, 1980 MHz
2026/09/27 23:14:33.809, 3, 75939 MiB, 100 %, 520.08 W, 1980 MHz
2026/09/27 23:14:33.810, 4, 75939 MiB, 100 %, 524.68 W, 1980 MHz
2026/09/27 23:14:33.811, 5, 75939 MiB, 100 %, 531.95 W, 1980 MHz
2026/09/27 23:14:33.811, 6, 75939 MiB, 100 %, 551.96 W, 1980 MHz
2026/09/27 23:14:33.812, 7, 75939 MiB, 100 %, 522.05 W, 1980 MHz
2026/09/27 23:14:34.812, 0, 75939 MiB, 100 %, 536.13 W, 1755 MHz
2026/09/27 23:14:34.814, 1, 75939 MiB, 100 %, 560.92 W, 1980 MHz
2026/09/27 23:14:34.814, 2, 75939 MiB, 100 %, 538.35 W, 1980 MHz
2026/09/27 23:14:34.815, 3, 75939 MiB, 100 %, 529.30 W, 1980 MHz
2026/09/27 23:14:34.815, 4, 75939 MiB, 100 %, 518.98 W, 1980 MHz
2026/09/27 23:14:34.816, 5, 75939 MiB, 100 %, 537.65 W, 1980 MHz
2026/09/27 23:14:34.817, 6, 75939 MiB, 100 %, 554.42 W, 1980 MHz
2026/09/27 23:14:34.817, 7, 75939 MiB, 100 %, 524.42 W, 1980 MHz
2026/09/27 23:14:35.818, 0, 75939 MiB, 100 %, 529.03 W, 1755 MHz
2026/09/27 23:14:35.819, 1, 75939 MiB, 100 %, 556.30 W, 1980 MHz
2026/09/27 23:14:35.820, 2, 75939 MiB, 100 %, 534.57 W, 1980 MHz
2026/09/27 23:14:35.820, 3, 75939 MiB, 100 %, 535.49 W, 1980 MHz
2026/09/27 23:14:35.821, 4, 75939 MiB, 100 %, 527.64 W, 1980 MHz
2026/09/27 23:14:35.822, 5, 75939 MiB, 100 %, 544.82 W, 1980 MHz
2026/09/27 23:14:35.822, 6, 75939 MiB, 100 %, 552.07 W, 1980 MHz
2026/09/27 23:14:35.823, 7, 75939 MiB, 100 %, 528.18 W, 1980 MHz
2026/09/27 23:14:36.823, 0, 75939 MiB, 100 %, 531.16 W, 1830 MHz
2026/09/27 23:14:36.825, 1, 75939 MiB, 100 %, 558.50 W, 1980 MHz
2026/09/27 23:14:36.825, 2, 75939 MiB, 100 %, 530.71 W, 1980 MHz
2026/09/27 23:14:36.826, 3, 75939 MiB, 100 %, 523.12 W, 1980 MHz
2026/09/27 23:14:36.827, 4, 75939 MiB, 100 %, 525.13 W, 1980 MHz
2026/09/27 23:14:36.827, 5, 75939 MiB, 100 %, 535.20 W, 1980 MHz
2026/09/27 23:14:36.828, 6, 75939 MiB, 100 %, 556.58 W, 1980 MHz
2026/09/27 23:14:36.828, 7, 75939 MiB, 100 %, 522.42 W, 1980 MHz
2026/09/27 23:14:37.829, 0, 75939 MiB, 100 %, 510.02 W, 1980 MHz
2026/09/27 23:14:37.830, 1, 75939 MiB, 100 %, 466.30 W, 1980 MHz
2026/09/27 23:14:37.831, 2, 75939 MiB, 100 %, 445.98 W, 1980 MHz
2026/09/27 23:14:37.831, 3, 75939 MiB, 100 %, 448.61 W, 1980 MHz
2026/09/27 23:14:37.832, 4, 75939 MiB, 100 %, 443.18 W, 1980 MHz
2026/09/27 23:14:37.833, 5, 75939 MiB, 100 %, 447.84 W, 1980 MHz
2026/09/27 23:14:37.833, 6, 75939 MiB, 100 %, 471.00 W, 1980 MHz
2026/09/27 23:14:37.834, 7, 75939 MiB, 100 %, 440.90 W, 1980 MHz
2026/09/27 23:14:38.835, 0, 75939 MiB, 100 %, 516.00 W, 1980 MHz
2026/09/27 23:14:38.836, 1, 75939 MiB, 100 %, 442.40 W, 1980 MHz
2026/09/27 23:14:38.836, 2, 75939 MiB, 100 %, 442.05 W, 1980 MHz
2026/09/27 23:14:38.837, 3, 75939 MiB, 100 %, 435.44 W, 1980 MHz
2026/09/27 23:14:38.838, 4, 75939 MiB, 100 %, 427.43 W, 1980 MHz
2026/09/27 23:14:38.838, 5, 75939 MiB, 100 %, 440.22 W, 1980 MHz
2026/09/27 23:14:38.839, 6, 75939 MiB, 100 %, 455.58 W, 1980 MHz
2026/09/27 23:14:38.840, 7, 75939 MiB, 100 %, 429.04 W, 1980 MHz
2026/09/27 23:14:39.840, 0, 75939 MiB, 100 %, 561.41 W, 1695 MHz
2026/09/27 23:14:39.842, 1, 75939 MiB, 100 %, 558.34 W, 1980 MHz
2026/09/27 23:14:39.842, 2, 75939 MiB, 100 %, 530.51 W, 1980 MHz
2026/09/27 23:14:39.843, 3, 75939 MiB, 100 %, 528.11 W, 1980 MHz
2026/09/27 23:14:39.844, 4, 75939 MiB, 100 %, 520.94 W, 1980 MHz
2026/09/27 23:14:39.844, 5, 75939 MiB, 100 %, 533.39 W, 1980 MHz
2026/09/27 23:14:39.845, 6, 75939 MiB, 100 %, 554.55 W, 1980 MHz
2026/09/27 23:14:39.846, 7, 75939 MiB, 100 %, 525.37 W, 1980 MHz
2026/09/27 23:14:40.846, 0, 75939 MiB, 100 %, 529.20 W, 1875 MHz
2026/09/27 23:14:40.847, 1, 75939 MiB, 100 %, 563.44 W, 1980 MHz
2026/09/27 23:14:40.849, 2, 75939 MiB, 100 %, 527.49 W, 1980 MHz
2026/09/27 23:14:40.849, 3, 75939 MiB, 100 %, 527.57 W, 1980 MHz
2026/09/27 23:14:40.850, 4, 75939 MiB, 100 %, 516.21 W, 1980 MHz
2026/09/27 23:14:40.851, 5, 75939 MiB, 100 %, 531.46 W, 1980 MHz
2026/09/27 23:14:40.851, 6, 75939 MiB, 100 %, 561.28 W, 1980 MHz
2026/09/27 23:14:40.852, 7, 75939 MiB, 100 %, 527.32 W, 1980 MHz
2026/09/27 23:14:41.853, 0, 75939 MiB, 100 %, 533.14 W, 1695 MHz
2026/09/27 23:14:41.854, 1, 75939 MiB, 100 %, 562.00 W, 1980 MHz
2026/09/27 23:14:41.854, 2, 75939 MiB, 100 %, 540.98 W, 1980 MHz
2026/09/27 23:14:41.855, 3, 75939 MiB, 100 %, 533.40 W, 1980 MHz
2026/09/27 23:14:41.856, 4, 75939 MiB, 100 %, 519.91 W, 1980 MHz
2026/09/27 23:14:41.856, 5, 75939 MiB, 100 %, 533.04 W, 1980 MHz
2026/09/27 23:14:41.857, 6, 75939 MiB, 100 %, 565.69 W, 1980 MHz
2026/09/27 23:14:41.858, 7, 75939 MiB, 100 %, 523.39 W, 1980 MHz
2026/09/27 23:14:42.858, 0, 75939 MiB, 100 %, 531.39 W, 1815 MHz
2026/09/27 23:14:42.859, 1, 75939 MiB, 100 %, 559.54 W, 1980 MHz
2026/09/27 23:14:42.860, 2, 75939 MiB, 100 %, 530.16 W, 1980 MHz
2026/09/27 23:14:42.861, 3, 75939 MiB, 100 %, 530.13 W, 1980 MHz
2026/09/27 23:14:42.862, 4, 75939 MiB, 100 %, 519.83 W, 1980 MHz
2026/09/27 23:14:42.863, 5, 75939 MiB, 100 %, 529.51 W, 1980 MHz
2026/09/27 23:14:42.863, 6, 75939 MiB, 100 %, 558.39 W, 1980 MHz
2026/09/27 23:14:42.864, 7, 75939 MiB, 100 %, 520.14 W, 1980 MHz
2026/09/27 23:14:43.865, 0, 75939 MiB, 100 %, 535.85 W, 1815 MHz
2026/09/27 23:14:43.866, 1, 75939 MiB, 100 %, 565.31 W, 1980 MHz
2026/09/27 23:14:43.866, 2, 75939 MiB, 100 %, 533.71 W, 1980 MHz
2026/09/27 23:14:43.867, 3, 75939 MiB, 100 %, 533.14 W, 1980 MHz
2026/09/27 23:14:43.868, 4, 75939 MiB, 100 %, 525.79 W, 1980 MHz
2026/09/27 23:14:43.868, 5, 75939 MiB, 100 %, 531.04 W, 1980 MHz
2026/09/27 23:14:43.869, 6, 75939 MiB, 100 %, 555.59 W, 1980 MHz
2026/09/27 23:14:43.870, 7, 75939 MiB, 100 %, 522.05 W, 1980 MHz
2026/09/27 23:14:44.870, 0, 75939 MiB, 100 %, 544.11 W, 1875 MHz
2026/09/27 23:14:44.872, 1, 75939 MiB, 100 %, 563.49 W, 1980 MHz
2026/09/27 23:14:44.872, 2, 75939 MiB, 100 %, 534.23 W, 1980 MHz
2026/09/27 23:14:44.873, 3, 75939 MiB, 100 %, 526.47 W, 1980 MHz
2026/09/27 23:14:44.874, 4, 75939 MiB, 100 %, 528.07 W, 1980 MHz
2026/09/27 23:14:44.874, 5, 75939 MiB, 100 %, 530.88 W, 1980 MHz
2026/09/27 23:14:44.875, 6, 75939 MiB, 100 %, 557.49 W, 1980 MHz
2026/09/27 23:14:44.875, 7, 75939 MiB, 100 %, 528.22 W, 1980 MHz
2026/09/27 23:14:45.876, 0, 75939 MiB, 100 %, 521.33 W, 1725 MHz
2026/09/27 23:14:45.877, 1, 75939 MiB, 100 %, 553.77 W, 1980 MHz
2026/09/27 23:14:45.879, 2, 75939 MiB, 100 %, 523.41 W, 1980 MHz
2026/09/27 23:14:45.879, 3, 75939 MiB, 100 %, 527.07 W, 1980 MHz
2026/09/27 23:14:45.880, 4, 75939 MiB, 100 %, 513.60 W, 1980 MHz
2026/09/27 23:14:45.881, 5, 75939 MiB, 100 %, 527.46 W, 1980 MHz
2026/09/27 23:14:45.881, 6, 75939 MiB, 100 %, 556.73 W, 1980 MHz
2026/09/27 23:14:45.882, 7, 75939 MiB, 100 %, 516.85 W, 1980 MHz
2026/09/27 23:14:46.883, 0, 75939 MiB, 100 %, 529.13 W, 1830 MHz
2026/09/27 23:14:46.884, 1, 75939 MiB, 100 %, 567.53 W, 1980 MHz
2026/09/27 23:14:46.885, 2, 75939 MiB, 100 %, 534.04 W, 1980 MHz
2026/09/27 23:14:46.885, 3, 75939 MiB, 100 %, 526.31 W, 1980 MHz
2026/09/27 23:14:46.886, 4, 75939 MiB, 100 %, 519.40 W, 1980 MHz
2026/09/27 23:14:46.887, 5, 75939 MiB, 100 %, 534.69 W, 1980 MHz
2026/09/27 23:14:46.887, 6, 75939 MiB, 100 %, 557.41 W, 1980 MHz
2026/09/27 23:14:46.888, 7, 75939 MiB, 100 %, 521.45 W, 1980 MHz
2026/09/27 23:14:47.889, 0, 75939 MiB, 100 %, 538.89 W, 1755 MHz
2026/09/27 23:14:47.890, 1, 75939 MiB, 100 %, 558.94 W, 1980 MHz
2026/09/27 23:14:47.890, 2, 75939 MiB, 100 %, 528.86 W, 1980 MHz
2026/09/27 23:14:47.891, 3, 75939 MiB, 100 %, 523.11 W, 1980 MHz
2026/09/27 23:14:47.892, 4, 75939 MiB, 100 %, 513.30 W, 1980 MHz
2026/09/27 23:14:47.893, 5, 75939 MiB, 100 %, 533.06 W, 1980 MHz
2026/09/27 23:14:47.894, 6, 75939 MiB, 100 %, 554.06 W, 1980 MHz
2026/09/27 23:14:47.895, 7, 75939 MiB, 100 %, 530.57 W, 1980 MHz
2026/09/27 23:14:48.895, 0, 75939 MiB, 100 %, 546.17 W, 1770 MHz
2026/09/27 23:14:48.897, 1, 75939 MiB, 100 %, 563.90 W, 1980 MHz
2026/09/27 23:14:48.898, 2, 75939 MiB, 100 %, 539.48 W, 1980 MHz
2026/09/27 23:14:48.899, 3, 75939 MiB, 100 %, 524.56 W, 1980 MHz
2026/09/27 23:14:48.899, 4, 75939 MiB, 100 %, 525.15 W, 1980 MHz
2026/09/27 23:14:48.900, 5, 75939 MiB, 100 %, 528.47 W, 1980 MHz
2026/09/27 23:14:48.901, 6, 75939 MiB, 100 %, 548.77 W, 1980 MHz
2026/09/27 23:14:48.902, 7, 75939 MiB, 100 %, 512.89 W, 1980 MHz
2026/09/27 23:14:49.903, 0, 75939 MiB, 100 %, 519.60 W, 1680 MHz
2026/09/27 23:14:49.904, 1, 75939 MiB, 100 %, 554.47 W, 1980 MHz
2026/09/27 23:14:49.905, 2, 75939 MiB, 100 %, 530.39 W, 1980 MHz
2026/09/27 23:14:49.905, 3, 75939 MiB, 100 %, 528.97 W, 1980 MHz
2026/09/27 23:14:49.906, 4, 75939 MiB, 100 %, 522.51 W, 1980 MHz
2026/09/27 23:14:49.907, 5, 75939 MiB, 100 %, 528.01 W, 1980 MHz
2026/09/27 23:14:49.908, 6, 75939 MiB, 100 %, 554.23 W, 1980 MHz
2026/09/27 23:14:49.909, 7, 75939 MiB, 100 %, 523.12 W, 1980 MHz
2026/09/27 23:14:50.909, 0, 75939 MiB, 100 %, 526.63 W, 1815 MHz
2026/09/27 23:14:50.911, 1, 75939 MiB, 100 %, 568.21 W, 1980 MHz
2026/09/27 23:14:50.911, 2, 75939 MiB, 100 %, 543.08 W, 1980 MHz
2026/09/27 23:14:50.912, 3, 75939 MiB, 100 %, 527.27 W, 1980 MHz
2026/09/27 23:14:50.913, 4, 75939 MiB, 100 %, 520.41 W, 1980 MHz
2026/09/27 23:14:50.914, 5, 75939 MiB, 100 %, 521.71 W, 1980 MHz
2026/09/27 23:14:50.914, 6, 75939 MiB, 100 %, 557.54 W, 1980 MHz
2026/09/27 23:14:50.915, 7, 75939 MiB, 100 %, 527.04 W, 1980 MHz
2026/09/27 23:14:51.916, 0, 75939 MiB, 100 %, 528.08 W, 1815 MHz
2026/09/27 23:14:51.917, 1, 75939 MiB, 100 %, 560.39 W, 1980 MHz
2026/09/27 23:14:51.918, 2, 75939 MiB, 100 %, 536.88 W, 1980 MHz
2026/09/27 23:14:51.919, 3, 75939 MiB, 100 %, 523.91 W, 1980 MHz
2026/09/27 23:14:51.920, 4, 75939 MiB, 100 %, 525.23 W, 1980 MHz
2026/09/27 23:14:51.921, 5, 75939 MiB, 100 %, 534.64 W, 1980 MHz
2026/09/27 23:14:51.921, 6, 75939 MiB, 100 %, 553.50 W, 1980 MHz
2026/09/27 23:14:51.922, 7, 75939 MiB, 100 %, 521.59 W, 1980 MHz
2026/09/27 23:14:52.923, 0, 75939 MiB, 100 %, 537.11 W, 1770 MHz
2026/09/27 23:14:52.924, 1, 75939 MiB, 100 %, 567.61 W, 1980 MHz
2026/09/27 23:14:52.925, 2, 75939 MiB, 100 %, 533.12 W, 1980 MHz
2026/09/27 23:14:52.926, 3, 75939 MiB, 100 %, 531.79 W, 1980 MHz
2026/09/27 23:14:52.927, 4, 75939 MiB, 100 %, 524.79 W, 1980 MHz
2026/09/27 23:14:52.928, 5, 75939 MiB, 100 %, 533.33 W, 1980 MHz
2026/09/27 23:14:52.928, 6, 75939 MiB, 100 %, 556.95 W, 1980 MHz
2026/09/27 23:14:52.929, 7, 75939 MiB, 100 %, 523.20 W, 1980 MHz
2026/09/27 23:14:53.930, 0, 75939 MiB, 100 %, 538.46 W, 1710 MHz
2026/09/27 23:14:53.931, 1, 75939 MiB, 100 %, 564.10 W, 1980 MHz
2026/09/27 23:14:53.932, 2, 75939 MiB, 100 %, 543.07 W, 1980 MHz
2026/09/27 23:14:53.933, 3, 75939 MiB, 100 %, 526.78 W, 1980 MHz
2026/09/27 23:14:53.934, 4, 75939 MiB, 100 %, 530.59 W, 1980 MHz
2026/09/27 23:14:53.934, 5, 75939 MiB, 100 %, 533.68 W, 1980 MHz
2026/09/27 23:14:53.935, 6, 75939 MiB, 100 %, 558.53 W, 1980 MHz
2026/09/27 23:14:53.936, 7, 75939 MiB, 100 %, 528.82 W, 1980 MHz
2026/09/27 23:14:54.937, 0, 75939 MiB, 100 %, 521.96 W, 1815 MHz
2026/09/27 23:14:54.938, 1, 75939 MiB, 100 %, 561.95 W, 1980 MHz
2026/09/27 23:14:54.939, 2, 75939 MiB, 100 %, 530.81 W, 1980 MHz
2026/09/27 23:14:54.939, 3, 75939 MiB, 100 %, 520.67 W, 1980 MHz
2026/09/27 23:14:54.940, 4, 75939 MiB, 100 %, 521.28 W, 1980 MHz
2026/09/27 23:14:54.941, 5, 75939 MiB, 100 %, 531.38 W, 1980 MHz
2026/09/27 23:14:54.942, 6, 75939 MiB, 100 %, 550.14 W, 1980 MHz
2026/09/27 23:14:54.942, 7, 75939 MiB, 100 %, 531.05 W, 1980 MHz
2026/09/27 23:14:55.943, 0, 75939 MiB, 100 %, 536.75 W, 1785 MHz
2026/09/27 23:14:55.944, 1, 75939 MiB, 100 %, 566.92 W, 1980 MHz
2026/09/27 23:14:55.945, 2, 75939 MiB, 100 %, 535.40 W, 1980 MHz
2026/09/27 23:14:55.946, 3, 75939 MiB, 100 %, 532.01 W, 1980 MHz
2026/09/27 23:14:55.947, 4, 75939 MiB, 100 %, 521.47 W, 1980 MHz
2026/09/27 23:14:55.947, 5, 75939 MiB, 100 %, 532.04 W, 1980 MHz
2026/09/27 23:14:55.948, 6, 75939 MiB, 100 %, 559.98 W, 1980 MHz
2026/09/27 23:14:55.949, 7, 75939 MiB, 100 %, 524.44 W, 1980 MHz
2026/09/27 23:14:56.950, 0, 75939 MiB, 100 %, 535.90 W, 1905 MHz
2026/09/27 23:14:56.951, 1, 75939 MiB, 100 %, 560.66 W, 1980 MHz
2026/09/27 23:14:56.952, 2, 75939 MiB, 100 %, 533.74 W, 1980 MHz
2026/09/27 23:14:56.953, 3, 75939 MiB, 100 %, 535.69 W, 1980 MHz
2026/09/27 23:14:56.953, 4, 75939 MiB, 100 %, 511.75 W, 1980 MHz
2026/09/27 23:14:56.954, 5, 75939 MiB, 100 %, 542.83 W, 1980 MHz
2026/09/27 23:14:56.955, 6, 75939 MiB, 100 %, 556.61 W, 1980 MHz
2026/09/27 23:14:56.955, 7, 75939 MiB, 100 %, 521.32 W, 1980 MHz
2026/09/27 23:14:57.956, 0, 75939 MiB, 100 %, 525.02 W, 1755 MHz
2026/09/27 23:14:57.957, 1, 75939 MiB, 100 %, 557.54 W, 1980 MHz
2026/09/27 23:14:57.958, 2, 75939 MiB, 100 %, 529.51 W, 1980 MHz
2026/09/27 23:14:57.959, 3, 75939 MiB, 100 %, 545.16 W, 1980 MHz
2026/09/27 23:14:57.959, 4, 75939 MiB, 100 %, 527.77 W, 1980 MHz
2026/09/27 23:14:57.960, 5, 75939 MiB, 100 %, 536.05 W, 1980 MHz
2026/09/27 23:14:57.961, 6, 75939 MiB, 100 %, 552.11 W, 1980 MHz
2026/09/27 23:14:57.962, 7, 75939 MiB, 100 %, 531.30 W, 1980 MHz
2026/09/27 23:14:58.962, 0, 75939 MiB, 100 %, 519.41 W, 1785 MHz
2026/09/27 23:14:58.963, 1, 75939 MiB, 100 %, 562.98 W, 1980 MHz
2026/09/27 23:14:58.964, 2, 75939 MiB, 100 %, 538.63 W, 1980 MHz
2026/09/27 23:14:58.965, 3, 75939 MiB, 100 %, 523.13 W, 1980 MHz
2026/09/27 23:14:58.966, 4, 75939 MiB, 100 %, 518.53 W, 1980 MHz
2026/09/27 23:14:58.966, 5, 75939 MiB, 100 %, 526.54 W, 1980 MHz
2026/09/27 23:14:58.967, 6, 75939 MiB, 100 %, 560.37 W, 1980 MHz
2026/09/27 23:14:58.968, 7, 75939 MiB, 100 %, 518.22 W, 1980 MHz
2026/09/27 23:14:59.968, 0, 75939 MiB, 100 %, 527.70 W, 1695 MHz
2026/09/27 23:14:59.970, 1, 75939 MiB, 100 %, 562.63 W, 1980 MHz
2026/09/27 23:14:59.970, 2, 75939 MiB, 100 %, 530.85 W, 1980 MHz
2026/09/27 23:14:59.971, 3, 75939 MiB, 100 %, 538.02 W, 1980 MHz
2026/09/27 23:14:59.972, 4, 75939 MiB, 100 %, 522.77 W, 1980 MHz
2026/09/27 23:14:59.972, 5, 75939 MiB, 100 %, 537.99 W, 1980 MHz
2026/09/27 23:14:59.973, 6, 75939 MiB, 100 %, 556.67 W, 1980 MHz
2026/09/27 23:14:59.974, 7, 75939 MiB, 100 %, 534.22 W, 1980 MHz
2026/09/27 23:15:00.975, 0, 75939 MiB, 100 %, 533.22 W, 1785 MHz
2026/09/27 23:15:00.976, 1, 75939 MiB, 100 %, 559.04 W, 1980 MHz
2026/09/27 23:15:00.976, 2, 75939 MiB, 100 %, 528.02 W, 1980 MHz
2026/09/27 23:15:00.977, 3, 75939 MiB, 100 %, 530.36 W, 1980 MHz
2026/09/27 23:15:00.978, 4, 75939 MiB, 100 %, 524.64 W, 1980 MHz
2026/09/27 23:15:00.978, 5, 75939 MiB, 100 %, 532.31 W, 1980 MHz
2026/09/27 23:15:00.979, 6, 75939 MiB, 100 %, 559.13 W, 1980 MHz
2026/09/27 23:15:00.980, 7, 75939 MiB, 100 %, 529.96 W, 1980 MHz
2026/09/27 23:15:01.981, 0, 75939 MiB, 100 %, 538.82 W, 1785 MHz
2026/09/27 23:15:01.982, 1, 75939 MiB, 100 %, 565.13 W, 1980 MHz
2026/09/27 23:15:01.983, 2, 75939 MiB, 100 %, 537.99 W, 1980 MHz
2026/09/27 23:15:01.984, 3, 75939 MiB, 100 %, 533.46 W, 1980 MHz
2026/09/27 23:15:01.984, 4, 75939 MiB, 100 %, 523.94 W, 1980 MHz
2026/09/27 23:15:01.985, 5, 75939 MiB, 100 %, 538.17 W, 1980 MHz
2026/09/27 23:15:01.986, 6, 75939 MiB, 100 %, 558.65 W, 1980 MHz
2026/09/27 23:15:01.987, 7, 75939 MiB, 100 %, 528.50 W, 1980 MHz
2026/09/27 23:15:02.988, 0, 75939 MiB, 100 %, 532.97 W, 1800 MHz
2026/09/27 23:15:02.989, 1, 75939 MiB, 100 %, 569.26 W, 1980 MHz
2026/09/27 23:15:02.989, 2, 75939 MiB, 100 %, 526.37 W, 1980 MHz
2026/09/27 23:15:02.990, 3, 75939 MiB, 100 %, 530.16 W, 1980 MHz
2026/09/27 23:15:02.991, 4, 75939 MiB, 100 %, 529.75 W, 1980 MHz
2026/09/27 23:15:02.991, 5, 75939 MiB, 100 %, 529.20 W, 1980 MHz
2026/09/27 23:15:02.992, 6, 75939 MiB, 100 %, 564.04 W, 1980 MHz
2026/09/27 23:15:02.993, 7, 75939 MiB, 100 %, 526.04 W, 1980 MHz
2026/09/27 23:15:03.993, 0, 75939 MiB, 100 %, 520.68 W, 1695 MHz
2026/09/27 23:15:03.994, 1, 75939 MiB, 100 %, 560.28 W, 1980 MHz
2026/09/27 23:15:03.995, 2, 75939 MiB, 100 %, 525.38 W, 1980 MHz
2026/09/27 23:15:03.996, 3, 75939 MiB, 100 %, 529.75 W, 1980 MHz
2026/09/27 23:15:03.997, 4, 75939 MiB, 100 %, 515.76 W, 1980 MHz
2026/09/27 23:15:03.997, 5, 75939 MiB, 100 %, 528.58 W, 1980 MHz
2026/09/27 23:15:03.998, 6, 75939 MiB, 100 %, 555.33 W, 1980 MHz
2026/09/27 23:15:03.999, 7, 75939 MiB, 100 %, 516.83 W, 1980 MHz
2026/09/27 23:15:04.999, 0, 75939 MiB, 100 %, 523.72 W, 1710 MHz
2026/09/27 23:15:05.000, 1, 75939 MiB, 100 %, 562.28 W, 1980 MHz
2026/09/27 23:15:05.001, 2, 75939 MiB, 100 %, 535.08 W, 1980 MHz
2026/09/27 23:15:05.001, 3, 75939 MiB, 100 %, 526.04 W, 1980 MHz
2026/09/27 23:15:05.002, 4, 75939 MiB, 100 %, 526.16 W, 1980 MHz
2026/09/27 23:15:05.003, 5, 75939 MiB, 100 %, 526.28 W, 1980 MHz
2026/09/27 23:15:05.003, 6, 75939 MiB, 100 %, 558.76 W, 1980 MHz
2026/09/27 23:15:05.004, 7, 75939 MiB, 100 %, 526.67 W, 1980 MHz
2026/09/27 23:15:06.004, 0, 75939 MiB, 100 %, 525.31 W, 1740 MHz
2026/09/27 23:15:06.005, 1, 75939 MiB, 100 %, 557.36 W, 1980 MHz
2026/09/27 23:15:06.006, 2, 75939 MiB, 100 %, 534.01 W, 1980 MHz
2026/09/27 23:15:06.006, 3, 75939 MiB, 100 %, 522.66 W, 1980 MHz
2026/09/27 23:15:06.007, 4, 75939 MiB, 100 %, 520.25 W, 1980 MHz
2026/09/27 23:15:06.008, 5, 75939 MiB, 100 %, 528.94 W, 1980 MHz
2026/09/27 23:15:06.008, 6, 75939 MiB, 100 %, 555.87 W, 1980 MHz
2026/09/27 23:15:06.009, 7, 75939 MiB, 100 %, 527.12 W, 1980 MHz
2026/09/27 23:15:07.010, 0, 75939 MiB, 100 %, 516.01 W, 1665 MHz
2026/09/27 23:15:07.011, 1, 75939 MiB, 100 %, 567.20 W, 1980 MHz
2026/09/27 23:15:07.012, 2, 75939 MiB, 100 %, 534.03 W, 1980 MHz
2026/09/27 23:15:07.012, 3, 75939 MiB, 100 %, 524.09 W, 1980 MHz
2026/09/27 23:15:07.013, 4, 75939 MiB, 100 %, 522.89 W, 1980 MHz
2026/09/27 23:15:07.013, 5, 75939 MiB, 100 %, 527.82 W, 1980 MHz
2026/09/27 23:15:07.014, 6, 75939 MiB, 100 %, 557.70 W, 1980 MHz
2026/09/27 23:15:07.015, 7, 75939 MiB, 100 %, 521.23 W, 1980 MHz
2026/09/27 23:15:08.015, 0, 75939 MiB, 100 %, 523.27 W, 1755 MHz
2026/09/27 23:15:08.016, 1, 75939 MiB, 100 %, 562.15 W, 1980 MHz
2026/09/27 23:15:08.017, 2, 75939 MiB, 100 %, 531.01 W, 1980 MHz
2026/09/27 23:15:08.017, 3, 75939 MiB, 100 %, 535.38 W, 1980 MHz
2026/09/27 23:15:08.018, 4, 75939 MiB, 100 %, 515.54 W, 1980 MHz
2026/09/27 23:15:08.018, 5, 75939 MiB, 100 %, 535.37 W, 1980 MHz
2026/09/27 23:15:08.019, 6, 75939 MiB, 100 %, 556.23 W, 1980 MHz
2026/09/27 23:15:08.020, 7, 75939 MiB, 100 %, 523.98 W, 1980 MHz
2026/09/27 23:15:09.020, 0, 75939 MiB, 100 %, 529.28 W, 1770 MHz
2026/09/27 23:15:09.021, 1, 75939 MiB, 100 %, 561.64 W, 1980 MHz
2026/09/27 23:15:09.022, 2, 75939 MiB, 100 %, 530.79 W, 1980 MHz
2026/09/27 23:15:09.023, 3, 75939 MiB, 100 %, 525.38 W, 1980 MHz
2026/09/27 23:15:09.023, 4, 75939 MiB, 100 %, 524.14 W, 1980 MHz
2026/09/27 23:15:09.024, 5, 75939 MiB, 100 %, 536.86 W, 1980 MHz
2026/09/27 23:15:09.024, 6, 75939 MiB, 100 %, 554.60 W, 1980 MHz
2026/09/27 23:15:09.025, 7, 75939 MiB, 100 %, 526.17 W, 1980 MHz
2026/09/27 23:15:10.026, 0, 75939 MiB, 100 %, 521.52 W, 1830 MHz
2026/09/27 23:15:10.027, 1, 75939 MiB, 100 %, 559.42 W, 1980 MHz
2026/09/27 23:15:10.028, 2, 75939 MiB, 100 %, 524.85 W, 1980 MHz
2026/09/27 23:15:10.028, 3, 75939 MiB, 100 %, 520.66 W, 1980 MHz
2026/09/27 23:15:10.029, 4, 75939 MiB, 100 %, 517.51 W, 1980 MHz
2026/09/27 23:15:10.029, 5, 75939 MiB, 100 %, 527.65 W, 1980 MHz
2026/09/27 23:15:10.030, 6, 75939 MiB, 100 %, 551.98 W, 1980 MHz
2026/09/27 23:15:10.031, 7, 75939 MiB, 100 %, 520.02 W, 1980 MHz
2026/09/27 23:15:11.031, 0, 75939 MiB, 100 %, 520.06 W, 1635 MHz
2026/09/27 23:15:11.032, 1, 75939 MiB, 100 %, 565.24 W, 1980 MHz
2026/09/27 23:15:11.033, 2, 75939 MiB, 100 %, 535.51 W, 1980 MHz
2026/09/27 23:15:11.033, 3, 75939 MiB, 100 %, 528.29 W, 1980 MHz
2026/09/27 23:15:11.034, 4, 75939 MiB, 100 %, 525.11 W, 1980 MHz
2026/09/27 23:15:11.035, 5, 75939 MiB, 100 %, 534.17 W, 1980 MHz
2026/09/27 23:15:11.035, 6, 75939 MiB, 100 %, 553.14 W, 1980 MHz
2026/09/27 23:15:11.036, 7, 75939 MiB, 100 %, 525.61 W, 1980 MHz
2026/09/27 23:15:12.036, 0, 75939 MiB, 100 %, 519.93 W, 1770 MHz
2026/09/27 23:15:12.037, 1, 75939 MiB, 100 %, 559.46 W, 1980 MHz
2026/09/27 23:15:12.038, 2, 75939 MiB, 100 %, 534.64 W, 1980 MHz
2026/09/27 23:15:12.039, 3, 75939 MiB, 100 %, 528.25 W, 1980 MHz
2026/09/27 23:15:12.040, 4, 75939 MiB, 100 %, 516.07 W, 1980 MHz
2026/09/27 23:15:12.041, 5, 75939 MiB, 100 %, 531.86 W, 1980 MHz
2026/09/27 23:15:12.042, 6, 75939 MiB, 100 %, 556.31 W, 1980 MHz
2026/09/27 23:15:12.042, 7, 75939 MiB, 100 %, 528.14 W, 1980 MHz
2026/09/27 23:15:13.043, 0, 75939 MiB, 100 %, 526.10 W, 1755 MHz
2026/09/27 23:15:13.044, 1, 75939 MiB, 100 %, 561.65 W, 1980 MHz
2026/09/27 23:15:13.045, 2, 75939 MiB, 100 %, 535.45 W, 1980 MHz
2026/09/27 23:15:13.046, 3, 75939 MiB, 100 %, 526.00 W, 1980 MHz
2026/09/27 23:15:13.046, 4, 75939 MiB, 100 %, 524.28 W, 1980 MHz
2026/09/27 23:15:13.047, 5, 75939 MiB, 100 %, 533.01 W, 1980 MHz
2026/09/27 23:15:13.048, 6, 75939 MiB, 100 %, 552.67 W, 1980 MHz
2026/09/27 23:15:13.048, 7, 75939 MiB, 100 %, 522.50 W, 1980 MHz
2026/09/27 23:15:14.049, 0, 75939 MiB, 100 %, 521.02 W, 1815 MHz
2026/09/27 23:15:14.050, 1, 75939 MiB, 100 %, 569.05 W, 1980 MHz
2026/09/27 23:15:14.053, 2, 75939 MiB, 100 %, 532.57 W, 1980 MHz
2026/09/27 23:15:14.054, 3, 75939 MiB, 100 %, 522.36 W, 1980 MHz
2026/09/27 23:15:14.055, 4, 75939 MiB, 100 %, 524.05 W, 1980 MHz
2026/09/27 23:15:14.057, 5, 75939 MiB, 100 %, 527.39 W, 1980 MHz
2026/09/27 23:15:14.059, 6, 75939 MiB, 100 %, 559.03 W, 1980 MHz
2026/09/27 23:15:14.060, 7, 75939 MiB, 100 %, 521.41 W, 1980 MHz
2026/09/27 23:15:15.062, 0, 75939 MiB, 100 %, 522.45 W, 1680 MHz
2026/09/27 23:15:15.063, 1, 75939 MiB, 100 %, 567.07 W, 1980 MHz
2026/09/27 23:15:15.064, 2, 75939 MiB, 100 %, 529.36 W, 1980 MHz
2026/09/27 23:15:15.065, 3, 75939 MiB, 100 %, 536.48 W, 1980 MHz
2026/09/27 23:15:15.065, 4, 75939 MiB, 100 %, 517.67 W, 1980 MHz
2026/09/27 23:15:15.066, 5, 75939 MiB, 100 %, 529.59 W, 1980 MHz
2026/09/27 23:15:15.067, 6, 75939 MiB, 100 %, 553.19 W, 1980 MHz
2026/09/27 23:15:15.067, 7, 75939 MiB, 100 %, 531.84 W, 1980 MHz
2026/09/27 23:15:16.068, 0, 75939 MiB, 100 %, 521.82 W, 1785 MHz
2026/09/27 23:15:16.069, 1, 75939 MiB, 100 %, 561.59 W, 1980 MHz
2026/09/27 23:15:16.071, 2, 75939 MiB, 100 %, 542.24 W, 1980 MHz
2026/09/27 23:15:16.072, 3, 75939 MiB, 100 %, 527.78 W, 1980 MHz
2026/09/27 23:15:16.073, 4, 75939 MiB, 100 %, 527.63 W, 1980 MHz
2026/09/27 23:15:16.075, 5, 75939 MiB, 100 %, 535.87 W, 1980 MHz
2026/09/27 23:15:16.076, 6, 75939 MiB, 100 %, 554.56 W, 1980 MHz
2026/09/27 23:15:16.078, 7, 75939 MiB, 100 %, 525.84 W, 1980 MHz
2026/09/27 23:15:17.080, 0, 75939 MiB, 100 %, 527.66 W, 1755 MHz
2026/09/27 23:15:17.081, 1, 75939 MiB, 100 %, 567.69 W, 1980 MHz
2026/09/27 23:15:17.082, 2, 75939 MiB, 100 %, 538.46 W, 1980 MHz
2026/09/27 23:15:17.083, 3, 75939 MiB, 100 %, 528.83 W, 1980 MHz
2026/09/27 23:15:17.083, 4, 75939 MiB, 100 %, 521.93 W, 1980 MHz
2026/09/27 23:15:17.084, 5, 75939 MiB, 100 %, 534.09 W, 1980 MHz
2026/09/27 23:15:17.085, 6, 75939 MiB, 100 %, 547.10 W, 1980 MHz
2026/09/27 23:15:17.086, 7, 75939 MiB, 100 %, 523.34 W, 1980 MHz
2026/09/27 23:15:18.086, 0, 75939 MiB, 100 %, 524.74 W, 1860 MHz
2026/09/27 23:15:18.087, 1, 75939 MiB, 100 %, 562.72 W, 1980 MHz
2026/09/27 23:15:18.088, 2, 75939 MiB, 100 %, 531.17 W, 1980 MHz
2026/09/27 23:15:18.089, 3, 75939 MiB, 100 %, 528.41 W, 1980 MHz
2026/09/27 23:15:18.090, 4, 75939 MiB, 100 %, 521.33 W, 1980 MHz
2026/09/27 23:15:18.090, 5, 75939 MiB, 100 %, 526.90 W, 1980 MHz
2026/09/27 23:15:18.091, 6, 75939 MiB, 100 %, 554.06 W, 1980 MHz
2026/09/27 23:15:18.091, 7, 75939 MiB, 100 %, 525.36 W, 1980 MHz
2026/09/27 23:15:19.092, 0, 75939 MiB, 100 %, 510.62 W, 1980 MHz
2026/09/27 23:15:19.093, 1, 75939 MiB, 100 %, 479.16 W, 1980 MHz
2026/09/27 23:15:19.094, 2, 75939 MiB, 100 %, 471.75 W, 1980 MHz
2026/09/27 23:15:19.095, 3, 75939 MiB, 100 %, 476.54 W, 1980 MHz
2026/09/27 23:15:19.096, 4, 75939 MiB, 100 %, 452.78 W, 1980 MHz
2026/09/27 23:15:19.096, 5, 75939 MiB, 100 %, 477.82 W, 1980 MHz
2026/09/27 23:15:19.097, 6, 75939 MiB, 100 %, 500.23 W, 1980 MHz
2026/09/27 23:15:19.098, 7, 75939 MiB, 100 %, 461.85 W, 1980 MHz
2026/09/27 23:15:20.099, 0, 75939 MiB, 100 %, 510.03 W, 1980 MHz
2026/09/27 23:15:20.100, 1, 75939 MiB, 100 %, 443.19 W, 1980 MHz
2026/09/27 23:15:20.101, 2, 75939 MiB, 100 %, 435.85 W, 1980 MHz
2026/09/27 23:15:20.102, 3, 75939 MiB, 100 %, 431.01 W, 1980 MHz
2026/09/27 23:15:20.103, 4, 75939 MiB, 100 %, 424.96 W, 1980 MHz
2026/09/27 23:15:20.103, 5, 75939 MiB, 100 %, 437.80 W, 1980 MHz
2026/09/27 23:15:20.104, 6, 75939 MiB, 100 %, 452.04 W, 1980 MHz
2026/09/27 23:15:20.105, 7, 75939 MiB, 100 %, 425.65 W, 1980 MHz
2026/09/27 23:15:21.105, 0, 75939 MiB, 100 %, 538.93 W, 1920 MHz
2026/09/27 23:15:21.106, 1, 75939 MiB, 100 %, 544.95 W, 1980 MHz
2026/09/27 23:15:21.107, 2, 75939 MiB, 100 %, 512.86 W, 1980 MHz
2026/09/27 23:15:21.108, 3, 75939 MiB, 100 %, 508.73 W, 1980 MHz
2026/09/27 23:15:21.109, 4, 75939 MiB, 100 %, 497.85 W, 1980 MHz
2026/09/27 23:15:21.109, 5, 75939 MiB, 100 %, 508.85 W, 1980 MHz
2026/09/27 23:15:21.110, 6, 75939 MiB, 100 %, 532.05 W, 1980 MHz
2026/09/27 23:15:21.111, 7, 75939 MiB, 100 %, 499.64 W, 1980 MHz
2026/09/27 23:15:22.112, 0, 75939 MiB, 100 %, 530.73 W, 1635 MHz
2026/09/27 23:15:22.113, 1, 75939 MiB, 100 %, 558.84 W, 1980 MHz
2026/09/27 23:15:22.113, 2, 75939 MiB, 100 %, 536.66 W, 1980 MHz
2026/09/27 23:15:22.114, 3, 75939 MiB, 100 %, 525.69 W, 1980 MHz
2026/09/27 23:15:22.115, 4, 75939 MiB, 100 %, 523.00 W, 1980 MHz
2026/09/27 23:15:22.115, 5, 75939 MiB, 100 %, 534.88 W, 1980 MHz
2026/09/27 23:15:22.116, 6, 75939 MiB, 100 %, 554.93 W, 1980 MHz
2026/09/27 23:15:22.117, 7, 75939 MiB, 100 %, 527.02 W, 1980 MHz
2026/09/27 23:15:23.118, 0, 75939 MiB, 100 %, 507.46 W, 1665 MHz
2026/09/27 23:15:23.119, 1, 75939 MiB, 100 %, 556.59 W, 1980 MHz
2026/09/27 23:15:23.119, 2, 75939 MiB, 100 %, 526.55 W, 1980 MHz
2026/09/27 23:15:23.120, 3, 75939 MiB, 100 %, 519.68 W, 1980 MHz
2026/09/27 23:15:23.121, 4, 75939 MiB, 100 %, 515.67 W, 1980 MHz
2026/09/27 23:15:23.122, 5, 75939 MiB, 100 %, 529.87 W, 1980 MHz
2026/09/27 23:15:23.122, 6, 75939 MiB, 100 %, 554.11 W, 1980 MHz
2026/09/27 23:15:23.123, 7, 75939 MiB, 100 %, 516.75 W, 1980 MHz
2026/09/27 23:15:24.124, 0, 75939 MiB, 100 %, 509.94 W, 1770 MHz
2026/09/27 23:15:24.125, 1, 75939 MiB, 100 %, 560.08 W, 1980 MHz
2026/09/27 23:15:24.126, 2, 75939 MiB, 100 %, 530.18 W, 1980 MHz
2026/09/27 23:15:24.126, 3, 75939 MiB, 100 %, 520.32 W, 1980 MHz
2026/09/27 23:15:24.127, 4, 75939 MiB, 100 %, 523.26 W, 1980 MHz
2026/09/27 23:15:24.128, 5, 75939 MiB, 100 %, 524.13 W, 1980 MHz
2026/09/27 23:15:24.128, 6, 75939 MiB, 100 %, 552.36 W, 1980 MHz
2026/09/27 23:15:24.129, 7, 75939 MiB, 100 %, 523.31 W, 1980 MHz
2026/09/27 23:15:25.130, 0, 75939 MiB, 100 %, 517.39 W, 1755 MHz
2026/09/27 23:15:25.131, 1, 75939 MiB, 100 %, 556.22 W, 1980 MHz
2026/09/27 23:15:25.131, 2, 75939 MiB, 100 %, 524.64 W, 1980 MHz
2026/09/27 23:15:25.132, 3, 75939 MiB, 100 %, 524.82 W, 1980 MHz
2026/09/27 23:15:25.133, 4, 75939 MiB, 100 %, 519.68 W, 1980 MHz
2026/09/27 23:15:25.133, 5, 75939 MiB, 100 %, 529.61 W, 1980 MHz
2026/09/27 23:15:25.134, 6, 75939 MiB, 100 %, 556.47 W, 1980 MHz
2026/09/27 23:15:25.134, 7, 75939 MiB, 100 %, 521.92 W, 1980 MHz
2026/09/27 23:15:26.135, 0, 75939 MiB, 100 %, 515.43 W, 1695 MHz
2026/09/27 23:15:26.136, 1, 75939 MiB, 100 %, 563.44 W, 1980 MHz
2026/09/27 23:15:26.136, 2, 75939 MiB, 100 %, 531.75 W, 1980 MHz
2026/09/27 23:15:26.137, 3, 75939 MiB, 100 %, 523.81 W, 1980 MHz
2026/09/27 23:15:26.138, 4, 75939 MiB, 100 %, 515.78 W, 1980 MHz
2026/09/27 23:15:26.138, 5, 75939 MiB, 100 %, 531.16 W, 1980 MHz
2026/09/27 23:15:26.139, 6, 75939 MiB, 100 %, 548.30 W, 1980 MHz
2026/09/27 23:15:26.139, 7, 75939 MiB, 100 %, 525.35 W, 1980 MHz
2026/09/27 23:15:27.140, 0, 75939 MiB, 100 %, 530.06 W, 1770 MHz
2026/09/27 23:15:27.141, 1, 75939 MiB, 100 %, 558.28 W, 1980 MHz
2026/09/27 23:15:27.142, 2, 75939 MiB, 100 %, 534.38 W, 1980 MHz
2026/09/27 23:15:27.143, 3, 75939 MiB, 100 %, 530.41 W, 1980 MHz
2026/09/27 23:15:27.143, 4, 75939 MiB, 100 %, 529.09 W, 1980 MHz
2026/09/27 23:15:27.144, 5, 75939 MiB, 100 %, 532.53 W, 1980 MHz
2026/09/27 23:15:27.144, 6, 75939 MiB, 100 %, 561.79 W, 1980 MHz
2026/09/27 23:15:27.145, 7, 75939 MiB, 100 %, 528.30 W, 1980 MHz
2026/09/27 23:15:28.146, 0, 75939 MiB, 100 %, 517.02 W, 1410 MHz
2026/09/27 23:15:28.147, 1, 75939 MiB, 100 %, 558.75 W, 1980 MHz
2026/09/27 23:15:28.148, 2, 75939 MiB, 100 %, 537.01 W, 1980 MHz
2026/09/27 23:15:28.149, 3, 75939 MiB, 100 %, 524.25 W, 1980 MHz
2026/09/27 23:15:28.150, 4, 75939 MiB, 100 %, 516.23 W, 1980 MHz
2026/09/27 23:15:28.151, 5, 75939 MiB, 100 %, 529.07 W, 1980 MHz
2026/09/27 23:15:28.151, 6, 75939 MiB, 100 %, 549.86 W, 1980 MHz
2026/09/27 23:15:28.152, 7, 75939 MiB, 100 %, 527.18 W, 1980 MHz
2026/09/27 23:15:29.153, 0, 75939 MiB, 100 %, 443.49 W, 1425 MHz
2026/09/27 23:15:29.154, 1, 75939 MiB, 100 %, 544.81 W, 1980 MHz
2026/09/27 23:15:29.155, 2, 75939 MiB, 100 %, 512.28 W, 1980 MHz
2026/09/27 23:15:29.156, 3, 75939 MiB, 100 %, 508.63 W, 1980 MHz
2026/09/27 23:15:29.157, 4, 75939 MiB, 100 %, 509.09 W, 1980 MHz
2026/09/27 23:15:29.157, 5, 75939 MiB, 100 %, 514.60 W, 1980 MHz
2026/09/27 23:15:29.158, 6, 75939 MiB, 100 %, 529.45 W, 1980 MHz
2026/09/27 23:15:29.158, 7, 75939 MiB, 100 %, 504.83 W, 1980 MHz
2026/09/27 23:15:30.159, 0, 75939 MiB, 100 %, 457.86 W, 1590 MHz
2026/09/27 23:15:30.160, 1, 75939 MiB, 100 %, 549.14 W, 1980 MHz
2026/09/27 23:15:30.161, 2, 75939 MiB, 100 %, 512.49 W, 1980 MHz
2026/09/27 23:15:30.161, 3, 75939 MiB, 100 %, 506.55 W, 1980 MHz
2026/09/27 23:15:30.162, 4, 75939 MiB, 100 %, 503.33 W, 1980 MHz
2026/09/27 23:15:30.163, 5, 75939 MiB, 100 %, 522.19 W, 1980 MHz
2026/09/27 23:15:30.163, 6, 75939 MiB, 100 %, 539.48 W, 1980 MHz
2026/09/27 23:15:30.164, 7, 75939 MiB, 100 %, 505.51 W, 1980 MHz
2026/09/27 23:15:31.165, 0, 75939 MiB, 100 %, 477.54 W, 1710 MHz
2026/09/27 23:15:31.166, 1, 75939 MiB, 100 %, 552.46 W, 1980 MHz
2026/09/27 23:15:31.167, 2, 75939 MiB, 100 %, 521.87 W, 1980 MHz
2026/09/27 23:15:31.167, 3, 75939 MiB, 100 %, 512.88 W, 1980 MHz
2026/09/27 23:15:31.168, 4, 75939 MiB, 100 %, 510.82 W, 1980 MHz
2026/09/27 23:15:31.169, 5, 75939 MiB, 100 %, 521.86 W, 1980 MHz
2026/09/27 23:15:31.170, 6, 75939 MiB, 100 %, 545.04 W, 1980 MHz
2026/09/27 23:15:31.171, 7, 75939 MiB, 100 %, 513.21 W, 1980 MHz
2026/09/27 23:15:32.172, 0, 75939 MiB, 100 %, 497.07 W, 1665 MHz
2026/09/27 23:15:32.173, 1, 75939 MiB, 100 %, 553.89 W, 1980 MHz
2026/09/27 23:15:32.174, 2, 75939 MiB, 100 %, 524.78 W, 1980 MHz
2026/09/27 23:15:32.175, 3, 75939 MiB, 100 %, 522.80 W, 1980 MHz
2026/09/27 23:15:32.176, 4, 75939 MiB, 100 %, 515.31 W, 1980 MHz
2026/09/27 23:15:32.176, 5, 75939 MiB, 100 %, 520.17 W, 1980 MHz
2026/09/27 23:15:32.177, 6, 75939 MiB, 100 %, 550.33 W, 1980 MHz
2026/09/27 23:15:32.178, 7, 75939 MiB, 100 %, 519.71 W, 1980 MHz
2026/09/27 23:15:33.178, 0, 75939 MiB, 100 %, 511.48 W, 1710 MHz
2026/09/27 23:15:33.179, 1, 75939 MiB, 100 %, 560.13 W, 1980 MHz
2026/09/27 23:15:33.180, 2, 75939 MiB, 100 %, 526.42 W, 1980 MHz
2026/09/27 23:15:33.181, 3, 75939 MiB, 100 %, 526.77 W, 1980 MHz
2026/09/27 23:15:33.181, 4, 75939 MiB, 100 %, 520.10 W, 1980 MHz
2026/09/27 23:15:33.182, 5, 75939 MiB, 100 %, 529.72 W, 1980 MHz
2026/09/27 23:15:33.183, 6, 75939 MiB, 100 %, 556.00 W, 1980 MHz
2026/09/27 23:15:33.183, 7, 75939 MiB, 100 %, 520.87 W, 1980 MHz
2026/09/27 23:15:34.184, 0, 75939 MiB, 100 %, 518.50 W, 1785 MHz
2026/09/27 23:15:34.185, 1, 75939 MiB, 100 %, 557.20 W, 1980 MHz
2026/09/27 23:15:34.185, 2, 75939 MiB, 100 %, 529.98 W, 1980 MHz
2026/09/27 23:15:34.186, 3, 75939 MiB, 100 %, 528.68 W, 1980 MHz
2026/09/27 23:15:34.187, 4, 75939 MiB, 100 %, 522.53 W, 1980 MHz
2026/09/27 23:15:34.188, 5, 75939 MiB, 100 %, 532.55 W, 1980 MHz
2026/09/27 23:15:34.188, 6, 75939 MiB, 100 %, 550.62 W, 1980 MHz
2026/09/27 23:15:34.189, 7, 75939 MiB, 100 %, 520.21 W, 1980 MHz
2026/09/27 23:15:35.190, 0, 75939 MiB, 100 %, 521.66 W, 1680 MHz
2026/09/27 23:15:35.191, 1, 75939 MiB, 100 %, 555.20 W, 1980 MHz
2026/09/27 23:15:35.191, 2, 75939 MiB, 100 %, 527.78 W, 1980 MHz
2026/09/27 23:15:35.192, 3, 75939 MiB, 100 %, 523.82 W, 1980 MHz
2026/09/27 23:15:35.193, 4, 75939 MiB, 100 %, 522.75 W, 1980 MHz
2026/09/27 23:15:35.193, 5, 75939 MiB, 100 %, 535.00 W, 1980 MHz
2026/09/27 23:15:35.194, 6, 75939 MiB, 100 %, 557.59 W, 1980 MHz
2026/09/27 23:15:35.195, 7, 75939 MiB, 100 %, 525.51 W, 1980 MHz
2026/09/27 23:15:36.195, 0, 75939 MiB, 100 %, 520.59 W, 1785 MHz
2026/09/27 23:15:36.196, 1, 75939 MiB, 100 %, 560.36 W, 1980 MHz
2026/09/27 23:15:36.197, 2, 75939 MiB, 100 %, 536.03 W, 1980 MHz
2026/09/27 23:15:36.198, 3, 75939 MiB, 100 %, 523.78 W, 1980 MHz
2026/09/27 23:15:36.198, 4, 75939 MiB, 100 %, 529.16 W, 1980 MHz
2026/09/27 23:15:36.199, 5, 75939 MiB, 100 %, 526.66 W, 1980 MHz
2026/09/27 23:15:36.200, 6, 75939 MiB, 100 %, 563.32 W, 1980 MHz
2026/09/27 23:15:36.200, 7, 75939 MiB, 100 %, 518.81 W, 1980 MHz
2026/09/27 23:15:37.201, 0, 75939 MiB, 100 %, 523.91 W, 1830 MHz
2026/09/27 23:15:37.202, 1, 75939 MiB, 100 %, 565.20 W, 1980 MHz
2026/09/27 23:15:37.203, 2, 75939 MiB, 100 %, 534.36 W, 1980 MHz
2026/09/27 23:15:37.203, 3, 75939 MiB, 100 %, 529.58 W, 1980 MHz
2026/09/27 23:15:37.204, 4, 75939 MiB, 100 %, 531.09 W, 1980 MHz
2026/09/27 23:15:37.204, 5, 75939 MiB, 100 %, 534.70 W, 1980 MHz
2026/09/27 23:15:37.205, 6, 75939 MiB, 100 %, 558.95 W, 1980 MHz
2026/09/27 23:15:37.206, 7, 75939 MiB, 100 %, 519.22 W, 1980 MHz
2026/09/27 23:15:38.206, 0, 75939 MiB, 100 %, 520.37 W, 1785 MHz
2026/09/27 23:15:38.207, 1, 75939 MiB, 100 %, 569.17 W, 1980 MHz
2026/09/27 23:15:38.208, 2, 75939 MiB, 100 %, 539.49 W, 1980 MHz
2026/09/27 23:15:38.209, 3, 75939 MiB, 100 %, 518.73 W, 1980 MHz
2026/09/27 23:15:38.209, 4, 75939 MiB, 100 %, 530.16 W, 1980 MHz
2026/09/27 23:15:38.210, 5, 75939 MiB, 100 %, 529.87 W, 1980 MHz
2026/09/27 23:15:38.211, 6, 75939 MiB, 100 %, 563.16 W, 1980 MHz
2026/09/27 23:15:38.211, 7, 75939 MiB, 100 %, 520.66 W, 1980 MHz
2026/09/27 23:15:39.212, 0, 75939 MiB, 100 %, 529.64 W, 1680 MHz
2026/09/27 23:15:39.213, 1, 75939 MiB, 100 %, 561.20 W, 1980 MHz
2026/09/27 23:15:39.214, 2, 75939 MiB, 100 %, 525.59 W, 1980 MHz
2026/09/27 23:15:39.214, 3, 75939 MiB, 100 %, 527.27 W, 1980 MHz
2026/09/27 23:15:39.215, 4, 75939 MiB, 100 %, 520.86 W, 1980 MHz
2026/09/27 23:15:39.215, 5, 75939 MiB, 100 %, 529.97 W, 1980 MHz
2026/09/27 23:15:39.216, 6, 75939 MiB, 100 %, 558.86 W, 1980 MHz
2026/09/27 23:15:39.217, 7, 75939 MiB, 100 %, 525.43 W, 1980 MHz
2026/09/27 23:15:40.217, 0, 75939 MiB, 100 %, 523.34 W, 1770 MHz
2026/09/27 23:15:40.218, 1, 75939 MiB, 100 %, 569.27 W, 1980 MHz
2026/09/27 23:15:40.219, 2, 75939 MiB, 100 %, 529.41 W, 1980 MHz
2026/09/27 23:15:40.220, 3, 75939 MiB, 100 %, 534.89 W, 1980 MHz
2026/09/27 23:15:40.220, 4, 75939 MiB, 100 %, 520.72 W, 1980 MHz
2026/09/27 23:15:40.221, 5, 75939 MiB, 100 %, 532.52 W, 1980 MHz
2026/09/27 23:15:40.222, 6, 75939 MiB, 100 %, 557.99 W, 1980 MHz
2026/09/27 23:15:40.222, 7, 75939 MiB, 100 %, 519.98 W, 1980 MHz
2026/09/27 23:15:41.223, 0, 75939 MiB, 100 %, 532.91 W, 1830 MHz
2026/09/27 23:15:41.224, 1, 75939 MiB, 100 %, 562.01 W, 1980 MHz
2026/09/27 23:15:41.224, 2, 75939 MiB, 100 %, 531.50 W, 1980 MHz
2026/09/27 23:15:41.225, 3, 75939 MiB, 100 %, 531.29 W, 1980 MHz
2026/09/27 23:15:41.226, 4, 75939 MiB, 100 %, 521.93 W, 1980 MHz
2026/09/27 23:15:41.226, 5, 75939 MiB, 100 %, 533.91 W, 1980 MHz
2026/09/27 23:15:41.227, 6, 75939 MiB, 100 %, 548.17 W, 1980 MHz
2026/09/27 23:15:41.228, 7, 75939 MiB, 100 %, 531.29 W, 1980 MHz
2026/09/27 23:15:42.228, 0, 75939 MiB, 100 %, 523.74 W, 1785 MHz
2026/09/27 23:15:42.230, 1, 75939 MiB, 100 %, 562.66 W, 1980 MHz
2026/09/27 23:15:42.230, 2, 75939 MiB, 100 %, 529.96 W, 1980 MHz
2026/09/27 23:15:42.231, 3, 75939 MiB, 100 %, 527.58 W, 1980 MHz
2026/09/27 23:15:42.232, 4, 75939 MiB, 100 %, 525.31 W, 1980 MHz
2026/09/27 23:15:42.232, 5, 75939 MiB, 100 %, 526.43 W, 1980 MHz
2026/09/27 23:15:42.233, 6, 75939 MiB, 100 %, 555.07 W, 1980 MHz
2026/09/27 23:15:42.234, 7, 75939 MiB, 100 %, 533.55 W, 1980 MHz
2026/09/27 23:15:43.234, 0, 75939 MiB, 100 %, 530.63 W, 1680 MHz
2026/09/27 23:15:43.235, 1, 75939 MiB, 100 %, 576.98 W, 1980 MHz
2026/09/27 23:15:43.236, 2, 75939 MiB, 100 %, 529.44 W, 1980 MHz
2026/09/27 23:15:43.237, 3, 75939 MiB, 100 %, 529.65 W, 1980 MHz
2026/09/27 23:15:43.237, 4, 75939 MiB, 100 %, 524.46 W, 1980 MHz
2026/09/27 23:15:43.238, 5, 75939 MiB, 100 %, 530.01 W, 1980 MHz
2026/09/27 23:15:43.239, 6, 75939 MiB, 100 %, 554.49 W, 1980 MHz
2026/09/27 23:15:43.239, 7, 75939 MiB, 100 %, 519.04 W, 1980 MHz
2026/09/27 23:15:44.240, 0, 75939 MiB, 100 %, 524.27 W, 1785 MHz
2026/09/27 23:15:44.241, 1, 75939 MiB, 100 %, 559.19 W, 1980 MHz
2026/09/27 23:15:44.242, 2, 75939 MiB, 100 %, 535.58 W, 1980 MHz
2026/09/27 23:15:44.243, 3, 75939 MiB, 100 %, 532.65 W, 1980 MHz
2026/09/27 23:15:44.243, 4, 75939 MiB, 100 %, 523.55 W, 1980 MHz
2026/09/27 23:15:44.244, 5, 75939 MiB, 100 %, 534.35 W, 1980 MHz
2026/09/27 23:15:44.244, 6, 75939 MiB, 100 %, 558.55 W, 1980 MHz
2026/09/27 23:15:44.245, 7, 75939 MiB, 100 %, 524.47 W, 1980 MHz
2026/09/27 23:15:45.246, 0, 75939 MiB, 100 %, 535.39 W, 1860 MHz
2026/09/27 23:15:45.247, 1, 75939 MiB, 100 %, 570.51 W, 1980 MHz
2026/09/27 23:15:45.247, 2, 75939 MiB, 100 %, 542.59 W, 1980 MHz
2026/09/27 23:15:45.248, 3, 75939 MiB, 100 %, 527.38 W, 1980 MHz
2026/09/27 23:15:45.249, 4, 75939 MiB, 100 %, 531.63 W, 1980 MHz
2026/09/27 23:15:45.249, 5, 75939 MiB, 100 %, 527.99 W, 1980 MHz
2026/09/27 23:15:45.250, 6, 75939 MiB, 100 %, 552.13 W, 1980 MHz
2026/09/27 23:15:45.251, 7, 75939 MiB, 100 %, 531.40 W, 1980 MHz
2026/09/27 23:15:46.251, 0, 75939 MiB, 100 %, 533.39 W, 1740 MHz
2026/09/27 23:15:46.252, 1, 75939 MiB, 100 %, 564.47 W, 1980 MHz
2026/09/27 23:15:46.253, 2, 75939 MiB, 100 %, 536.23 W, 1980 MHz
2026/09/27 23:15:46.254, 3, 75939 MiB, 100 %, 531.40 W, 1980 MHz
2026/09/27 23:15:46.254, 4, 75939 MiB, 100 %, 520.16 W, 1980 MHz
2026/09/27 23:15:46.255, 5, 75939 MiB, 100 %, 537.84 W, 1980 MHz
2026/09/27 23:15:46.256, 6, 75939 MiB, 100 %, 555.24 W, 1980 MHz
2026/09/27 23:15:46.256, 7, 75939 MiB, 100 %, 526.41 W, 1980 MHz
2026/09/27 23:15:47.257, 0, 75939 MiB, 100 %, 506.37 W, 1605 MHz
2026/09/27 23:15:47.259, 1, 75939 MiB, 100 %, 558.59 W, 1980 MHz
2026/09/27 23:15:47.259, 2, 75939 MiB, 100 %, 530.75 W, 1980 MHz
2026/09/27 23:15:47.260, 3, 75939 MiB, 100 %, 527.57 W, 1980 MHz
2026/09/27 23:15:47.261, 4, 75939 MiB, 100 %, 526.78 W, 1980 MHz
2026/09/27 23:15:47.261, 5, 75939 MiB, 100 %, 528.24 W, 1980 MHz
2026/09/27 23:15:47.262, 6, 75939 MiB, 100 %, 556.76 W, 1980 MHz
2026/09/27 23:15:47.263, 7, 75939 MiB, 100 %, 518.27 W, 1980 MHz
2026/09/27 23:15:48.263, 0, 75939 MiB, 100 %, 508.51 W, 1680 MHz
2026/09/27 23:15:48.265, 1, 75939 MiB, 100 %, 563.30 W, 1980 MHz
2026/09/27 23:15:48.265, 2, 75939 MiB, 100 %, 531.18 W, 1980 MHz
2026/09/27 23:15:48.266, 3, 75939 MiB, 100 %, 525.91 W, 1980 MHz
2026/09/27 23:15:48.267, 4, 75939 MiB, 100 %, 516.55 W, 1980 MHz
2026/09/27 23:15:48.267, 5, 75939 MiB, 100 %, 528.00 W, 1980 MHz
2026/09/27 23:15:48.268, 6, 75939 MiB, 100 %, 549.27 W, 1980 MHz
2026/09/27 23:15:48.269, 7, 75939 MiB, 100 %, 515.79 W, 1980 MHz
2026/09/27 23:15:49.269, 0, 75939 MiB, 100 %, 515.60 W, 1770 MHz
2026/09/27 23:15:49.270, 1, 75939 MiB, 100 %, 563.97 W, 1980 MHz
2026/09/27 23:15:49.271, 2, 75939 MiB, 100 %, 533.70 W, 1980 MHz
2026/09/27 23:15:49.272, 3, 75939 MiB, 100 %, 526.84 W, 1980 MHz
2026/09/27 23:15:49.272, 4, 75939 MiB, 100 %, 523.47 W, 1980 MHz
2026/09/27 23:15:49.273, 5, 75939 MiB, 100 %, 532.64 W, 1980 MHz
2026/09/27 23:15:49.274, 6, 75939 MiB, 100 %, 557.13 W, 1980 MHz
2026/09/27 23:15:49.274, 7, 75939 MiB, 100 %, 530.43 W, 1980 MHz
2026/09/27 23:15:50.275, 0, 75939 MiB, 100 %, 523.64 W, 1830 MHz
2026/09/27 23:15:50.276, 1, 75939 MiB, 100 %, 571.70 W, 1980 MHz
2026/09/27 23:15:50.277, 2, 75939 MiB, 100 %, 535.33 W, 1980 MHz
2026/09/27 23:15:50.277, 3, 75939 MiB, 100 %, 517.42 W, 1980 MHz
2026/09/27 23:15:50.278, 4, 75939 MiB, 100 %, 523.55 W, 1980 MHz
2026/09/27 23:15:50.279, 5, 75939 MiB, 100 %, 521.31 W, 1980 MHz
2026/09/27 23:15:50.279, 6, 75939 MiB, 100 %, 558.91 W, 1980 MHz
2026/09/27 23:15:50.280, 7, 75939 MiB, 100 %, 511.93 W, 1980 MHz
2026/09/27 23:15:51.281, 0, 75939 MiB, 100 %, 530.24 W, 1725 MHz
2026/09/27 23:15:51.282, 1, 75939 MiB, 100 %, 561.53 W, 1980 MHz
2026/09/27 23:15:51.282, 2, 75939 MiB, 100 %, 539.27 W, 1980 MHz
2026/09/27 23:15:51.283, 3, 75939 MiB, 100 %, 524.92 W, 1980 MHz
2026/09/27 23:15:51.284, 4, 75939 MiB, 100 %, 523.99 W, 1980 MHz
2026/09/27 23:15:51.284, 5, 75939 MiB, 100 %, 531.57 W, 1980 MHz
2026/09/27 23:15:51.285, 6, 75939 MiB, 100 %, 560.93 W, 1980 MHz
2026/09/27 23:15:51.286, 7, 75939 MiB, 100 %, 525.18 W, 1980 MHz
2026/09/27 23:15:52.286, 0, 75939 MiB, 100 %, 527.08 W, 1815 MHz
2026/09/27 23:15:52.288, 1, 75939 MiB, 100 %, 560.41 W, 1980 MHz
2026/09/27 23:15:52.288, 2, 75939 MiB, 100 %, 535.42 W, 1980 MHz
2026/09/27 23:15:52.289, 3, 75939 MiB, 100 %, 533.55 W, 1980 MHz
2026/09/27 23:15:52.290, 4, 75939 MiB, 100 %, 520.12 W, 1980 MHz
2026/09/27 23:15:52.290, 5, 75939 MiB, 100 %, 533.37 W, 1980 MHz
2026/09/27 23:15:52.291, 6, 75939 MiB, 100 %, 553.03 W, 1980 MHz
2026/09/27 23:15:52.292, 7, 75939 MiB, 100 %, 527.23 W, 1980 MHz
2026/09/27 23:15:53.292, 0, 75939 MiB, 100 %, 522.15 W, 1740 MHz
2026/09/27 23:15:53.293, 1, 75939 MiB, 100 %, 561.75 W, 1980 MHz
2026/09/27 23:15:53.294, 2, 75939 MiB, 100 %, 533.30 W, 1980 MHz
2026/09/27 23:15:53.295, 3, 75939 MiB, 100 %, 525.68 W, 1980 MHz
2026/09/27 23:15:53.295, 4, 75939 MiB, 100 %, 516.05 W, 1980 MHz
2026/09/27 23:15:53.296, 5, 75939 MiB, 100 %, 522.47 W, 1980 MHz
2026/09/27 23:15:53.296, 6, 75939 MiB, 100 %, 553.62 W, 1980 MHz
2026/09/27 23:15:53.297, 7, 75939 MiB, 100 %, 525.74 W, 1980 MHz
2026/09/27 23:15:54.298, 0, 75939 MiB, 100 %, 518.23 W, 1695 MHz
2026/09/27 23:15:54.299, 1, 75939 MiB, 100 %, 562.61 W, 1980 MHz
2026/09/27 23:15:54.299, 2, 75939 MiB, 100 %, 526.51 W, 1980 MHz
2026/09/27 23:15:54.300, 3, 75939 MiB, 100 %, 520.96 W, 1980 MHz
2026/09/27 23:15:54.301, 4, 75939 MiB, 100 %, 523.29 W, 1980 MHz
2026/09/27 23:15:54.301, 5, 75939 MiB, 100 %, 529.42 W, 1980 MHz
2026/09/27 23:15:54.302, 6, 75939 MiB, 100 %, 554.66 W, 1980 MHz
2026/09/27 23:15:54.303, 7, 75939 MiB, 100 %, 526.15 W, 1980 MHz
2026/09/27 23:15:55.303, 0, 75939 MiB, 100 %, 522.89 W, 1830 MHz
2026/09/27 23:15:55.304, 1, 75939 MiB, 100 %, 562.85 W, 1980 MHz
2026/09/27 23:15:55.305, 2, 75939 MiB, 100 %, 531.92 W, 1980 MHz
2026/09/27 23:15:55.305, 3, 75939 MiB, 100 %, 520.65 W, 1980 MHz
2026/09/27 23:15:55.306, 4, 75939 MiB, 100 %, 516.35 W, 1980 MHz
2026/09/27 23:15:55.307, 5, 75939 MiB, 100 %, 530.32 W, 1980 MHz
2026/09/27 23:15:55.308, 6, 75939 MiB, 100 %, 554.01 W, 1980 MHz
2026/09/27 23:15:55.308, 7, 75939 MiB, 100 %, 524.92 W, 1980 MHz
2026/09/27 23:15:56.309, 0, 75939 MiB, 100 %, 534.07 W, 1830 MHz
2026/09/27 23:15:56.310, 1, 75939 MiB, 100 %, 565.10 W, 1980 MHz
2026/09/27 23:15:56.310, 2, 75939 MiB, 100 %, 529.34 W, 1980 MHz
2026/09/27 23:15:56.311, 3, 75939 MiB, 100 %, 531.71 W, 1980 MHz
2026/09/27 23:15:56.312, 4, 75939 MiB, 100 %, 520.67 W, 1980 MHz
2026/09/27 23:15:56.312, 5, 75939 MiB, 100 %, 531.46 W, 1980 MHz
2026/09/27 23:15:56.313, 6, 75939 MiB, 100 %, 557.08 W, 1980 MHz
2026/09/27 23:15:56.314, 7, 75939 MiB, 100 %, 522.33 W, 1980 MHz
2026/09/27 23:15:57.314, 0, 75939 MiB, 100 %, 543.69 W, 1905 MHz
2026/09/27 23:15:57.315, 1, 75939 MiB, 100 %, 566.77 W, 1980 MHz
2026/09/27 23:15:57.316, 2, 75939 MiB, 100 %, 536.91 W, 1980 MHz
2026/09/27 23:15:57.316, 3, 75939 MiB, 100 %, 527.59 W, 1980 MHz
2026/09/27 23:15:57.317, 4, 75939 MiB, 100 %, 530.24 W, 1980 MHz
2026/09/27 23:15:57.318, 5, 75939 MiB, 100 %, 526.57 W, 1980 MHz
2026/09/27 23:15:57.318, 6, 75939 MiB, 100 %, 557.08 W, 1980 MHz
2026/09/27 23:15:57.319, 7, 75939 MiB, 100 %, 530.18 W, 1980 MHz
2026/09/27 23:15:58.320, 0, 75939 MiB, 100 %, 492.17 W, 1410 MHz
2026/09/27 23:15:58.321, 1, 75939 MiB, 100 %, 559.93 W, 1980 MHz
2026/09/27 23:15:58.322, 2, 75939 MiB, 100 %, 526.29 W, 1980 MHz
2026/09/27 23:15:58.322, 3, 75939 MiB, 100 %, 522.80 W, 1980 MHz
2026/09/27 23:15:58.323, 4, 75939 MiB, 100 %, 518.55 W, 1980 MHz
2026/09/27 23:15:58.324, 5, 75939 MiB, 100 %, 523.89 W, 1980 MHz
2026/09/27 23:15:58.324, 6, 75939 MiB, 100 %, 549.95 W, 1980 MHz
2026/09/27 23:15:58.325, 7, 75939 MiB, 100 %, 522.22 W, 1980 MHz
2026/09/27 23:15:59.326, 0, 75939 MiB, 100 %, 456.71 W, 1545 MHz
2026/09/27 23:15:59.327, 1, 75939 MiB, 100 %, 546.07 W, 1980 MHz
2026/09/27 23:15:59.327, 2, 75939 MiB, 100 %, 521.61 W, 1980 MHz
2026/09/27 23:15:59.328, 3, 75939 MiB, 100 %, 520.49 W, 1980 MHz
2026/09/27 23:15:59.329, 4, 75939 MiB, 100 %, 509.63 W, 1980 MHz
2026/09/27 23:15:59.330, 5, 75939 MiB, 100 %, 506.40 W, 1980 MHz
2026/09/27 23:15:59.330, 6, 75939 MiB, 100 %, 544.59 W, 1980 MHz
2026/09/27 23:15:59.331, 7, 75939 MiB, 100 %, 517.35 W, 1980 MHz
2026/09/27 23:16:00.332, 0, 75939 MiB, 100 %, 471.46 W, 1755 MHz
2026/09/27 23:16:00.332, 1, 75939 MiB, 100 %, 543.90 W, 1980 MHz
2026/09/27 23:16:00.333, 2, 75939 MiB, 100 %, 512.83 W, 1980 MHz
2026/09/27 23:16:00.334, 3, 75939 MiB, 100 %, 521.05 W, 1980 MHz
2026/09/27 23:16:00.334, 4, 75939 MiB, 100 %, 509.14 W, 1980 MHz
2026/09/27 23:16:00.335, 5, 75939 MiB, 100 %, 511.11 W, 1980 MHz
2026/09/27 23:16:00.336, 6, 75939 MiB, 100 %, 537.09 W, 1980 MHz
2026/09/27 23:16:00.336, 7, 75939 MiB, 100 %, 521.41 W, 1980 MHz
2026/09/27 23:16:01.337, 0, 75939 MiB, 100 %, 502.35 W, 1980 MHz
2026/09/27 23:16:01.338, 1, 75939 MiB, 100 %, 450.66 W, 1980 MHz
2026/09/27 23:16:01.338, 2, 75939 MiB, 100 %, 439.29 W, 1980 MHz
2026/09/27 23:16:01.339, 3, 75939 MiB, 100 %, 437.21 W, 1980 MHz
2026/09/27 23:16:01.340, 4, 75939 MiB, 100 %, 427.78 W, 1980 MHz
2026/09/27 23:16:01.340, 5, 75939 MiB, 100 %, 435.71 W, 1980 MHz
2026/09/27 23:16:01.341, 6, 75939 MiB, 100 %, 451.31 W, 1980 MHz
2026/09/27 23:16:01.342, 7, 75939 MiB, 100 %, 433.15 W, 1980 MHz
2026/09/27 23:16:02.342, 0, 75939 MiB, 100 %, 509.35 W, 1980 MHz
2026/09/27 23:16:02.343, 1, 75939 MiB, 97 %, 447.72 W, 1980 MHz
2026/09/27 23:16:02.344, 2, 75939 MiB, 100 %, 438.18 W, 1980 MHz
2026/09/27 23:16:02.345, 3, 75939 MiB, 100 %, 435.06 W, 1980 MHz
2026/09/27 23:16:02.345, 4, 75939 MiB, 100 %, 425.43 W, 1980 MHz
2026/09/27 23:16:02.346, 5, 75939 MiB, 97 %, 434.21 W, 1980 MHz
2026/09/27 23:16:02.347, 6, 75939 MiB, 97 %, 451.95 W, 1980 MHz
2026/09/27 23:16:02.347, 7, 75939 MiB, 97 %, 429.72 W, 1980 MHz
2026/09/27 23:16:03.348, 0, 75939 MiB, 100 %, 475.32 W, 1980 MHz
2026/09/27 23:16:03.349, 1, 75939 MiB, 100 %, 407.36 W, 1980 MHz
2026/09/27 23:16:03.349, 2, 75939 MiB, 100 %, 390.34 W, 1980 MHz
2026/09/27 23:16:03.350, 3, 75939 MiB, 100 %, 389.65 W, 1980 MHz
2026/09/27 23:16:03.351, 4, 75939 MiB, 100 %, 385.17 W, 1980 MHz
2026/09/27 23:16:03.351, 5, 75939 MiB, 100 %, 393.31 W, 1980 MHz
2026/09/27 23:16:03.352, 6, 75939 MiB, 100 %, 406.67 W, 1980 MHz
2026/09/27 23:16:03.353, 7, 75939 MiB, 100 %, 391.59 W, 1980 MHz
