timestamp, index, memory.used [MiB], utilization.gpu [%], power.draw [W], clocks.current.sm [MHz]
2026/09/27 19:39:46.743, 0, 79641 MiB, 0 %, 179.44 W, 1980 MHz
2026/09/27 19:39:46.752, 1, 79641 MiB, 0 %, 129.67 W, 1980 MHz
2026/09/27 19:39:46.757, 2, 79641 MiB, 0 %, 126.84 W, 1980 MHz
2026/09/27 19:39:46.763, 3, 79641 MiB, 0 %, 124.10 W, 1980 MHz
2026/09/27 19:39:46.768, 4, 79641 MiB, 0 %, 123.70 W, 1980 MHz
2026/09/27 19:39:46.774, 5, 79641 MiB, 0 %, 125.48 W, 1980 MHz
2026/09/27 19:39:46.780, 6, 79641 MiB, 0 %, 127.17 W, 1980 MHz
2026/09/27 19:39:46.785, 7, 79641 MiB, 0 %, 122.55 W, 1980 MHz
2026/09/27 19:39:47.791, 0, 79641 MiB, 0 %, 179.12 W, 1980 MHz
2026/09/27 19:39:47.794, 1, 79641 MiB, 0 %, 129.20 W, 1980 MHz
2026/09/27 19:39:47.795, 2, 79641 MiB, 0 %, 126.64 W, 1980 MHz
2026/09/27 19:39:47.796, 3, 79641 MiB, 0 %, 123.91 W, 1980 MHz
2026/09/27 19:39:47.797, 4, 79641 MiB, 0 %, 123.32 W, 1980 MHz
2026/09/27 19:39:47.799, 5, 79641 MiB, 0 %, 125.31 W, 1980 MHz
2026/09/27 19:39:47.800, 6, 79641 MiB, 0 %, 126.91 W, 1980 MHz
2026/09/27 19:39:47.801, 7, 79641 MiB, 0 %, 122.34 W, 1980 MHz
2026/09/27 19:39:48.803, 0, 79641 MiB, 0 %, 178.87 W, 1980 MHz
2026/09/27 19:39:48.804, 1, 79641 MiB, 0 %, 128.70 W, 1980 MHz
2026/09/27 19:39:48.804, 2, 79641 MiB, 0 %, 126.41 W, 1980 MHz
2026/09/27 19:39:48.805, 3, 79641 MiB, 0 %, 123.72 W, 1980 MHz
2026/09/27 19:39:48.805, 4, 79641 MiB, 0 %, 123.18 W, 1980 MHz
2026/09/27 19:39:48.806, 5, 79641 MiB, 0 %, 125.11 W, 1980 MHz
2026/09/27 19:39:48.807, 6, 79641 MiB, 0 %, 126.71 W, 1980 MHz
2026/09/27 19:39:48.807, 7, 79641 MiB, 0 %, 122.15 W, 1980 MHz
2026/09/27 19:39:49.808, 0, 79641 MiB, 0 %, 178.59 W, 1980 MHz
2026/09/27 19:39:49.809, 1, 79641 MiB, 0 %, 128.44 W, 1980 MHz
2026/09/27 19:39:49.810, 2, 79641 MiB, 0 %, 126.23 W, 1980 MHz
2026/09/27 19:39:49.810, 3, 79641 MiB, 0 %, 123.61 W, 1980 MHz
2026/09/27 19:39:49.811, 4, 79641 MiB, 0 %, 123.00 W, 1980 MHz
2026/09/27 19:39:49.812, 5, 79641 MiB, 0 %, 124.96 W, 1980 MHz
2026/09/27 19:39:49.812, 6, 79641 MiB, 0 %, 126.47 W, 1980 MHz
2026/09/27 19:39:49.813, 7, 79641 MiB, 0 %, 122.00 W, 1980 MHz
2026/09/27 19:39:50.814, 0, 79641 MiB, 0 %, 178.38 W, 1980 MHz
2026/09/27 19:39:50.815, 1, 79641 MiB, 0 %, 128.16 W, 1980 MHz
2026/09/27 19:39:50.816, 2, 79641 MiB, 0 %, 126.01 W, 1980 MHz
2026/09/27 19:39:50.816, 3, 79641 MiB, 0 %, 123.46 W, 1980 MHz
2026/09/27 19:39:50.817, 4, 79641 MiB, 0 %, 122.88 W, 1980 MHz
2026/09/27 19:39:50.818, 5, 79641 MiB, 0 %, 124.02 W, 1980 MHz
2026/09/27 19:39:50.818, 6, 79641 MiB, 0 %, 126.21 W, 1980 MHz
2026/09/27 19:39:50.819, 7, 79641 MiB, 0 %, 121.82 W, 1980 MHz
2026/09/27 19:39:51.820, 0, 79641 MiB, 0 %, 178.14 W, 1980 MHz
2026/09/27 19:39:51.821, 1, 79641 MiB, 0 %, 127.96 W, 1980 MHz
2026/09/27 19:39:51.821, 2, 79641 MiB, 0 %, 125.78 W, 1980 MHz
2026/09/27 19:39:51.822, 3, 79641 MiB, 0 %, 123.35 W, 1980 MHz
2026/09/27 19:39:51.823, 4, 79641 MiB, 0 %, 122.77 W, 1980 MHz
2026/09/27 19:39:51.823, 5, 79641 MiB, 0 %, 123.44 W, 1980 MHz
2026/09/27 19:39:51.824, 6, 79641 MiB, 0 %, 126.00 W, 1980 MHz
2026/09/27 19:39:51.825, 7, 79641 MiB, 0 %, 121.72 W, 1980 MHz
2026/09/27 19:39:52.826, 0, 79641 MiB, 0 %, 177.97 W, 1980 MHz
2026/09/27 19:39:52.828, 1, 79641 MiB, 0 %, 127.78 W, 1980 MHz
2026/09/27 19:39:52.829, 2, 79641 MiB, 0 %, 125.53 W, 1980 MHz
2026/09/27 19:39:52.829, 3, 79641 MiB, 0 %, 123.22 W, 1980 MHz
2026/09/27 19:39:52.830, 4, 79641 MiB, 0 %, 122.68 W, 1980 MHz
2026/09/27 19:39:52.831, 5, 79641 MiB, 0 %, 123.26 W, 1980 MHz
2026/09/27 19:39:52.831, 6, 79641 MiB, 0 %, 125.92 W, 1980 MHz
2026/09/27 19:39:52.832, 7, 79641 MiB, 0 %, 121.62 W, 1980 MHz
2026/09/27 19:39:53.833, 0, 79641 MiB, 0 %, 177.72 W, 1980 MHz
2026/09/27 19:39:53.834, 1, 79641 MiB, 0 %, 127.62 W, 1980 MHz
2026/09/27 19:39:53.834, 2, 79641 MiB, 0 %, 125.37 W, 1980 MHz
2026/09/27 19:39:53.835, 3, 79641 MiB, 0 %, 123.08 W, 1980 MHz
2026/09/27 19:39:53.836, 4, 79641 MiB, 0 %, 122.56 W, 1980 MHz
2026/09/27 19:39:53.836, 5, 79641 MiB, 0 %, 123.12 W, 1980 MHz
2026/09/27 19:39:53.837, 6, 79641 MiB, 0 %, 125.74 W, 1980 MHz
2026/09/27 19:39:53.838, 7, 79641 MiB, 0 %, 121.49 W, 1980 MHz
2026/09/27 19:39:54.838, 0, 79641 MiB, 0 %, 177.56 W, 1980 MHz
2026/09/27 19:39:54.839, 1, 79641 MiB, 0 %, 127.39 W, 1980 MHz
2026/09/27 19:39:54.840, 2, 79641 MiB, 0 %, 125.24 W, 1980 MHz
2026/09/27 19:39:54.841, 3, 79641 MiB, 0 %, 122.96 W, 1980 MHz
2026/09/27 19:39:54.841, 4, 79641 MiB, 0 %, 122.47 W, 1980 MHz
2026/09/27 19:39:54.842, 5, 79641 MiB, 0 %, 122.96 W, 1980 MHz
2026/09/27 19:39:54.842, 6, 79641 MiB, 0 %, 125.61 W, 1980 MHz
2026/09/27 19:39:54.844, 7, 79641 MiB, 0 %, 121.41 W, 1980 MHz
2026/09/27 19:39:55.844, 0, 79641 MiB, 0 %, 177.29 W, 1980 MHz
2026/09/27 19:39:55.847, 1, 79641 MiB, 0 %, 127.18 W, 1980 MHz
2026/09/27 19:39:55.848, 2, 79641 MiB, 0 %, 125.02 W, 1980 MHz
2026/09/27 19:39:55.848, 3, 79641 MiB, 0 %, 122.81 W, 1980 MHz
2026/09/27 19:39:55.849, 4, 79641 MiB, 0 %, 122.29 W, 1980 MHz
2026/09/27 19:39:55.850, 5, 79641 MiB, 0 %, 122.83 W, 1980 MHz
2026/09/27 19:39:55.850, 6, 79641 MiB, 0 %, 125.44 W, 1980 MHz
2026/09/27 19:39:55.851, 7, 79641 MiB, 0 %, 121.31 W, 1980 MHz
2026/09/27 19:39:56.852, 0, 79641 MiB, 0 %, 177.15 W, 1980 MHz
2026/09/27 19:39:56.852, 1, 79641 MiB, 0 %, 126.93 W, 1980 MHz
2026/09/27 19:39:56.853, 2, 79641 MiB, 0 %, 125.37 W, 1980 MHz
2026/09/27 19:39:56.854, 3, 79641 MiB, 0 %, 122.78 W, 1980 MHz
2026/09/27 19:39:56.854, 4, 79641 MiB, 0 %, 122.13 W, 1980 MHz
2026/09/27 19:39:56.855, 5, 79641 MiB, 0 %, 122.88 W, 1980 MHz
2026/09/27 19:39:56.856, 6, 79641 MiB, 0 %, 125.24 W, 1980 MHz
2026/09/27 19:39:56.856, 7, 79641 MiB, 0 %, 121.14 W, 1980 MHz
2026/09/27 19:39:57.857, 0, 79641 MiB, 0 %, 176.93 W, 1980 MHz
2026/09/27 19:39:57.858, 1, 79641 MiB, 0 %, 126.76 W, 1980 MHz
2026/09/27 19:39:57.858, 2, 79641 MiB, 0 %, 125.32 W, 1980 MHz
2026/09/27 19:39:57.859, 3, 79641 MiB, 0 %, 122.63 W, 1980 MHz
2026/09/27 19:39:57.860, 4, 79641 MiB, 0 %, 122.02 W, 1980 MHz
2026/09/27 19:39:57.860, 5, 79641 MiB, 0 %, 123.08 W, 1980 MHz
2026/09/27 19:39:57.861, 6, 79641 MiB, 0 %, 125.11 W, 1980 MHz
2026/09/27 19:39:57.862, 7, 79641 MiB, 0 %, 121.09 W, 1980 MHz
2026/09/27 19:39:58.862, 0, 79641 MiB, 0 %, 176.86 W, 1980 MHz
2026/09/27 19:39:58.863, 1, 79641 MiB, 0 %, 126.61 W, 1980 MHz
2026/09/27 19:39:58.864, 2, 79641 MiB, 0 %, 125.12 W, 1980 MHz
2026/09/27 19:39:58.865, 3, 79641 MiB, 0 %, 122.56 W, 1980 MHz
2026/09/27 19:39:58.865, 4, 79641 MiB, 0 %, 121.97 W, 1980 MHz
2026/09/27 19:39:58.866, 5, 79641 MiB, 0 %, 122.94 W, 1980 MHz
2026/09/27 19:39:58.867, 6, 79641 MiB, 0 %, 124.96 W, 1980 MHz
2026/09/27 19:39:58.867, 7, 79641 MiB, 0 %, 121.00 W, 1980 MHz
2026/09/27 19:39:59.868, 0, 79641 MiB, 0 %, 176.62 W, 1980 MHz
2026/09/27 19:39:59.869, 1, 79641 MiB, 0 %, 126.54 W, 1980 MHz
2026/09/27 19:39:59.870, 2, 79641 MiB, 0 %, 124.96 W, 1980 MHz
2026/09/27 19:39:59.870, 3, 79641 MiB, 0 %, 122.50 W, 1980 MHz
2026/09/27 19:39:59.871, 4, 79641 MiB, 0 %, 121.88 W, 1980 MHz
2026/09/27 19:39:59.872, 5, 79641 MiB, 0 %, 122.78 W, 1980 MHz
2026/09/27 19:39:59.872, 6, 79641 MiB, 0 %, 124.87 W, 1980 MHz
2026/09/27 19:39:59.873, 7, 79641 MiB, 0 %, 120.87 W, 1980 MHz
2026/09/27 19:40:00.874, 0, 79641 MiB, 0 %, 176.51 W, 1980 MHz
2026/09/27 19:40:00.875, 1, 79641 MiB, 0 %, 126.42 W, 1980 MHz
2026/09/27 19:40:00.875, 2, 79641 MiB, 0 %, 124.69 W, 1980 MHz
2026/09/27 19:40:00.876, 3, 79641 MiB, 0 %, 122.42 W, 1980 MHz
2026/09/27 19:40:00.877, 4, 79641 MiB, 0 %, 121.75 W, 1980 MHz
2026/09/27 19:40:00.878, 5, 79641 MiB, 0 %, 122.72 W, 1980 MHz
2026/09/27 19:40:00.878, 6, 79641 MiB, 0 %, 124.77 W, 1980 MHz
2026/09/27 19:40:00.879, 7, 79641 MiB, 0 %, 120.82 W, 1980 MHz
2026/09/27 19:40:01.880, 0, 79641 MiB, 0 %, 176.38 W, 1980 MHz
2026/09/27 19:40:01.881, 1, 79641 MiB, 0 %, 126.22 W, 1980 MHz
2026/09/27 19:40:01.882, 2, 79641 MiB, 0 %, 123.96 W, 1980 MHz
2026/09/27 19:40:01.882, 3, 79641 MiB, 0 %, 122.30 W, 1980 MHz
2026/09/27 19:40:01.883, 4, 79641 MiB, 0 %, 121.68 W, 1980 MHz
2026/09/27 19:40:01.884, 5, 79641 MiB, 0 %, 122.47 W, 1980 MHz
2026/09/27 19:40:01.885, 6, 79641 MiB, 0 %, 124.65 W, 1980 MHz
2026/09/27 19:40:01.885, 7, 79641 MiB, 0 %, 120.71 W, 1980 MHz
2026/09/27 19:40:02.886, 0, 79641 MiB, 0 %, 176.07 W, 1980 MHz
2026/09/27 19:40:02.887, 1, 79641 MiB, 0 %, 126.05 W, 1980 MHz
2026/09/27 19:40:02.888, 2, 79641 MiB, 0 %, 123.88 W, 1980 MHz
2026/09/27 19:40:02.889, 3, 79641 MiB, 0 %, 122.23 W, 1980 MHz
2026/09/27 19:40:02.889, 4, 79641 MiB, 0 %, 121.58 W, 1980 MHz
2026/09/27 19:40:02.890, 5, 79641 MiB, 0 %, 122.46 W, 1980 MHz
2026/09/27 19:40:02.891, 6, 79641 MiB, 0 %, 124.52 W, 1980 MHz
2026/09/27 19:40:02.891, 7, 79641 MiB, 0 %, 120.58 W, 1980 MHz
2026/09/27 19:40:03.892, 0, 79641 MiB, 0 %, 176.04 W, 1980 MHz
2026/09/27 19:40:03.893, 1, 79641 MiB, 0 %, 125.88 W, 1980 MHz
2026/09/27 19:40:03.893, 2, 79641 MiB, 0 %, 123.72 W, 1980 MHz
2026/09/27 19:40:03.894, 3, 79641 MiB, 0 %, 122.21 W, 1980 MHz
2026/09/27 19:40:03.895, 4, 79641 MiB, 0 %, 121.47 W, 1980 MHz
2026/09/27 19:40:03.896, 5, 79641 MiB, 0 %, 122.41 W, 1980 MHz
2026/09/27 19:40:03.896, 6, 79641 MiB, 0 %, 124.33 W, 1980 MHz
2026/09/27 19:40:03.897, 7, 79641 MiB, 0 %, 120.49 W, 1980 MHz
2026/09/27 19:40:04.898, 0, 79641 MiB, 0 %, 175.94 W, 1980 MHz
2026/09/27 19:40:04.899, 1, 79641 MiB, 0 %, 125.76 W, 1980 MHz
2026/09/27 19:40:04.900, 2, 79641 MiB, 0 %, 123.55 W, 1980 MHz
2026/09/27 19:40:04.900, 3, 79641 MiB, 0 %, 122.10 W, 1980 MHz
2026/09/27 19:40:04.901, 4, 79641 MiB, 0 %, 121.38 W, 1980 MHz
2026/09/27 19:40:04.902, 5, 79641 MiB, 0 %, 122.25 W, 1980 MHz
2026/09/27 19:40:04.902, 6, 79641 MiB, 0 %, 124.25 W, 1980 MHz
2026/09/27 19:40:04.903, 7, 79641 MiB, 0 %, 120.44 W, 1980 MHz
2026/09/27 19:40:05.904, 0, 79641 MiB, 0 %, 175.81 W, 1980 MHz
2026/09/27 19:40:05.905, 1, 79641 MiB, 0 %, 125.67 W, 1980 MHz
2026/09/27 19:40:05.906, 2, 79641 MiB, 0 %, 123.40 W, 1980 MHz
2026/09/27 19:40:05.906, 3, 79641 MiB, 0 %, 122.00 W, 1980 MHz
2026/09/27 19:40:05.907, 4, 79641 MiB, 0 %, 121.28 W, 1980 MHz
2026/09/27 19:40:05.908, 5, 79641 MiB, 0 %, 122.04 W, 1980 MHz
2026/09/27 19:40:05.908, 6, 79641 MiB, 0 %, 124.11 W, 1980 MHz
2026/09/27 19:40:05.909, 7, 79641 MiB, 0 %, 120.31 W, 1980 MHz
2026/09/27 19:40:06.910, 0, 79641 MiB, 0 %, 175.66 W, 1980 MHz
2026/09/27 19:40:06.911, 1, 79641 MiB, 0 %, 125.53 W, 1980 MHz
2026/09/27 19:40:06.911, 2, 79641 MiB, 0 %, 123.33 W, 1980 MHz
2026/09/27 19:40:06.912, 3, 79641 MiB, 0 %, 121.95 W, 1980 MHz
2026/09/27 19:40:06.913, 4, 79641 MiB, 0 %, 121.25 W, 1980 MHz
2026/09/27 19:40:06.914, 5, 79641 MiB, 0 %, 121.99 W, 1980 MHz
2026/09/27 19:40:06.914, 6, 79641 MiB, 0 %, 124.04 W, 1980 MHz
2026/09/27 19:40:06.915, 7, 79641 MiB, 0 %, 120.22 W, 1980 MHz
2026/09/27 19:40:07.916, 0, 79641 MiB, 0 %, 175.54 W, 1980 MHz
2026/09/27 19:40:07.917, 1, 79641 MiB, 0 %, 125.42 W, 1980 MHz
2026/09/27 19:40:07.917, 2, 79641 MiB, 0 %, 123.19 W, 1980 MHz
2026/09/27 19:40:07.918, 3, 79641 MiB, 0 %, 121.80 W, 1980 MHz
2026/09/27 19:40:07.919, 4, 79641 MiB, 0 %, 121.18 W, 1980 MHz
2026/09/27 19:40:07.920, 5, 79641 MiB, 0 %, 121.92 W, 1980 MHz
2026/09/27 19:40:07.920, 6, 79641 MiB, 0 %, 123.92 W, 1980 MHz
2026/09/27 19:40:07.921, 7, 79641 MiB, 0 %, 120.15 W, 1980 MHz
2026/09/27 19:40:08.922, 0, 79641 MiB, 0 %, 175.40 W, 1980 MHz
2026/09/27 19:40:08.923, 1, 79641 MiB, 0 %, 125.35 W, 1980 MHz
2026/09/27 19:40:08.923, 2, 79641 MiB, 0 %, 123.11 W, 1980 MHz
2026/09/27 19:40:08.924, 3, 79641 MiB, 0 %, 121.80 W, 1980 MHz
2026/09/27 19:40:08.925, 4, 79641 MiB, 0 %, 121.11 W, 1980 MHz
2026/09/27 19:40:08.925, 5, 79641 MiB, 0 %, 121.89 W, 1980 MHz
2026/09/27 19:40:08.926, 6, 79641 MiB, 0 %, 123.76 W, 1980 MHz
2026/09/27 19:40:08.927, 7, 79641 MiB, 0 %, 119.96 W, 1980 MHz
2026/09/27 19:40:09.928, 0, 79641 MiB, 0 %, 175.29 W, 1980 MHz
2026/09/27 19:40:09.928, 1, 79641 MiB, 0 %, 125.15 W, 1980 MHz
2026/09/27 19:40:09.929, 2, 79641 MiB, 0 %, 123.01 W, 1980 MHz
2026/09/27 19:40:09.930, 3, 79641 MiB, 0 %, 121.73 W, 1980 MHz
2026/09/27 19:40:09.931, 4, 79641 MiB, 0 %, 120.96 W, 1980 MHz
2026/09/27 19:40:09.931, 5, 79641 MiB, 0 %, 121.76 W, 1980 MHz
2026/09/27 19:40:09.932, 6, 79641 MiB, 0 %, 123.66 W, 1980 MHz
2026/09/27 19:40:09.933, 7, 79641 MiB, 0 %, 119.93 W, 1980 MHz
2026/09/27 19:40:10.934, 0, 79641 MiB, 0 %, 175.17 W, 1980 MHz
2026/09/27 19:40:10.934, 1, 79641 MiB, 0 %, 125.11 W, 1980 MHz
2026/09/27 19:40:10.935, 2, 79641 MiB, 0 %, 122.92 W, 1980 MHz
2026/09/27 19:40:10.936, 3, 79641 MiB, 0 %, 121.60 W, 1980 MHz
2026/09/27 19:40:10.937, 4, 79641 MiB, 0 %, 120.88 W, 1980 MHz
2026/09/27 19:40:10.937, 5, 79641 MiB, 0 %, 121.61 W, 1980 MHz
2026/09/27 19:40:10.938, 6, 79641 MiB, 0 %, 123.57 W, 1980 MHz
2026/09/27 19:40:10.939, 7, 79641 MiB, 0 %, 119.86 W, 1980 MHz
2026/09/27 19:40:11.939, 0, 79641 MiB, 0 %, 175.07 W, 1980 MHz
2026/09/27 19:40:11.940, 1, 79641 MiB, 0 %, 124.98 W, 1980 MHz
2026/09/27 19:40:11.941, 2, 79641 MiB, 0 %, 122.78 W, 1980 MHz
2026/09/27 19:40:11.942, 3, 79641 MiB, 0 %, 121.64 W, 1980 MHz
2026/09/27 19:40:11.942, 4, 79641 MiB, 0 %, 120.85 W, 1980 MHz
2026/09/27 19:40:11.943, 5, 79641 MiB, 0 %, 121.57 W, 1980 MHz
2026/09/27 19:40:11.944, 6, 79641 MiB, 0 %, 123.47 W, 1980 MHz
2026/09/27 19:40:11.944, 7, 79641 MiB, 0 %, 119.83 W, 1980 MHz
2026/09/27 19:40:12.945, 0, 79641 MiB, 0 %, 174.99 W, 1980 MHz
2026/09/27 19:40:12.946, 1, 79641 MiB, 0 %, 124.89 W, 1980 MHz
2026/09/27 19:40:12.946, 2, 79641 MiB, 0 %, 122.70 W, 1980 MHz
2026/09/27 19:40:12.947, 3, 79641 MiB, 0 %, 121.59 W, 1980 MHz
2026/09/27 19:40:12.948, 4, 79641 MiB, 0 %, 120.84 W, 1980 MHz
2026/09/27 19:40:12.949, 5, 79641 MiB, 0 %, 121.50 W, 1980 MHz
2026/09/27 19:40:12.949, 6, 79641 MiB, 0 %, 123.40 W, 1980 MHz
2026/09/27 19:40:12.950, 7, 79641 MiB, 0 %, 119.81 W, 1980 MHz
2026/09/27 19:40:13.951, 0, 79641 MiB, 0 %, 174.90 W, 1980 MHz
2026/09/27 19:40:13.952, 1, 79641 MiB, 0 %, 124.80 W, 1980 MHz
2026/09/27 19:40:13.952, 2, 79641 MiB, 0 %, 122.62 W, 1980 MHz
2026/09/27 19:40:13.953, 3, 79641 MiB, 0 %, 121.51 W, 1980 MHz
2026/09/27 19:40:13.954, 4, 79641 MiB, 0 %, 120.80 W, 1980 MHz
2026/09/27 19:40:13.954, 5, 79641 MiB, 0 %, 121.35 W, 1980 MHz
2026/09/27 19:40:13.955, 6, 79641 MiB, 0 %, 123.34 W, 1980 MHz
2026/09/27 19:40:13.956, 7, 79641 MiB, 0 %, 119.69 W, 1980 MHz
2026/09/27 19:40:14.957, 0, 79641 MiB, 0 %, 174.78 W, 1980 MHz
2026/09/27 19:40:14.957, 1, 79641 MiB, 0 %, 124.73 W, 1980 MHz
2026/09/27 19:40:14.958, 2, 79641 MiB, 0 %, 122.58 W, 1980 MHz
2026/09/27 19:40:14.959, 3, 79641 MiB, 0 %, 121.45 W, 1980 MHz
2026/09/27 19:40:14.959, 4, 79641 MiB, 0 %, 120.76 W, 1980 MHz
2026/09/27 19:40:14.960, 5, 79641 MiB, 0 %, 121.23 W, 1980 MHz
2026/09/27 19:40:14.961, 6, 79641 MiB, 0 %, 123.21 W, 1980 MHz
2026/09/27 19:40:14.962, 7, 79641 MiB, 0 %, 119.64 W, 1980 MHz
2026/09/27 19:40:15.962, 0, 79641 MiB, 100 %, 382.53 W, 1980 MHz
2026/09/27 19:40:15.964, 1, 79641 MiB, 100 %, 305.01 W, 1980 MHz
2026/09/27 19:40:15.964, 2, 79641 MiB, 100 %, 317.27 W, 1980 MHz
2026/09/27 19:40:15.965, 3, 79641 MiB, 100 %, 306.20 W, 1980 MHz
2026/09/27 19:40:15.966, 4, 79641 MiB, 100 %, 295.75 W, 1980 MHz
2026/09/27 19:40:15.967, 5, 79641 MiB, 100 %, 335.07 W, 1980 MHz
2026/09/27 19:40:15.967, 6, 79641 MiB, 100 %, 313.39 W, 1980 MHz
2026/09/27 19:40:15.968, 7, 79641 MiB, 100 %, 298.98 W, 1980 MHz
2026/09/27 19:40:16.977, 0, 79641 MiB, 100 %, 606.60 W, 1980 MHz
2026/09/27 19:40:16.978, 1, 79641 MiB, 100 %, 530.91 W, 1980 MHz
2026/09/27 19:40:16.979, 2, 79641 MiB, 100 %, 527.03 W, 1980 MHz
2026/09/27 19:40:16.980, 3, 79641 MiB, 100 %, 520.50 W, 1980 MHz
2026/09/27 19:40:16.980, 4, 79641 MiB, 100 %, 524.55 W, 1980 MHz
2026/09/27 19:40:16.981, 5, 79641 MiB, 100 %, 543.15 W, 1980 MHz
2026/09/27 19:40:16.982, 6, 79641 MiB, 100 %, 544.56 W, 1980 MHz
2026/09/27 19:40:16.983, 7, 79641 MiB, 100 %, 530.58 W, 1980 MHz
2026/09/27 19:40:17.983, 0, 79641 MiB, 100 %, 611.60 W, 1980 MHz
2026/09/27 19:40:17.984, 1, 79641 MiB, 100 %, 542.66 W, 1980 MHz
2026/09/27 19:40:17.985, 2, 79641 MiB, 100 %, 536.23 W, 1980 MHz
2026/09/27 19:40:17.986, 3, 79641 MiB, 100 %, 538.41 W, 1980 MHz
2026/09/27 19:40:17.986, 4, 79641 MiB, 100 %, 529.02 W, 1980 MHz
2026/09/27 19:40:17.987, 5, 79641 MiB, 100 %, 554.88 W, 1980 MHz
2026/09/27 19:40:17.988, 6, 79641 MiB, 100 %, 552.86 W, 1980 MHz
2026/09/27 19:40:17.988, 7, 79641 MiB, 100 %, 525.52 W, 1980 MHz
2026/09/27 19:40:18.989, 0, 79641 MiB, 100 %, 619.23 W, 1980 MHz
2026/09/27 19:40:18.990, 1, 79641 MiB, 100 %, 551.35 W, 1980 MHz
2026/09/27 19:40:18.991, 2, 79641 MiB, 100 %, 538.82 W, 1980 MHz
2026/09/27 19:40:18.992, 3, 79641 MiB, 100 %, 535.94 W, 1980 MHz
2026/09/27 19:40:18.993, 4, 79641 MiB, 100 %, 545.63 W, 1980 MHz
2026/09/27 19:40:18.993, 5, 79641 MiB, 100 %, 562.02 W, 1980 MHz
2026/09/27 19:40:18.994, 6, 79641 MiB, 100 %, 549.00 W, 1980 MHz
2026/09/27 19:40:18.995, 7, 79641 MiB, 100 %, 537.91 W, 1980 MHz
2026/09/27 19:40:19.995, 0, 79641 MiB, 100 %, 610.21 W, 1965 MHz
2026/09/27 19:40:19.996, 1, 79641 MiB, 100 %, 540.38 W, 1980 MHz
2026/09/27 19:40:19.997, 2, 79641 MiB, 100 %, 540.83 W, 1980 MHz
2026/09/27 19:40:19.998, 3, 79641 MiB, 100 %, 532.73 W, 1980 MHz
2026/09/27 19:40:19.998, 4, 79641 MiB, 100 %, 517.88 W, 1980 MHz
2026/09/27 19:40:19.999, 5, 79641 MiB, 100 %, 544.15 W, 1980 MHz
2026/09/27 19:40:20.000, 6, 79641 MiB, 100 %, 541.19 W, 1980 MHz
2026/09/27 19:40:20.000, 7, 79641 MiB, 100 %, 534.29 W, 1980 MHz
2026/09/27 19:40:21.001, 0, 79641 MiB, 100 %, 573.12 W, 1890 MHz
2026/09/27 19:40:21.002, 1, 79641 MiB, 100 %, 535.71 W, 1980 MHz
2026/09/27 19:40:21.003, 2, 79641 MiB, 100 %, 531.58 W, 1980 MHz
2026/09/27 19:40:21.004, 3, 79641 MiB, 100 %, 528.38 W, 1980 MHz
2026/09/27 19:40:21.004, 4, 79641 MiB, 100 %, 526.18 W, 1980 MHz
2026/09/27 19:40:21.005, 5, 79641 MiB, 100 %, 545.91 W, 1980 MHz
2026/09/27 19:40:21.006, 6, 79641 MiB, 100 %, 538.90 W, 1980 MHz
2026/09/27 19:40:21.006, 7, 79641 MiB, 100 %, 524.44 W, 1980 MHz
2026/09/27 19:40:22.007, 0, 79641 MiB, 100 %, 573.93 W, 1920 MHz
2026/09/27 19:40:22.007, 1, 79641 MiB, 100 %, 553.35 W, 1980 MHz
2026/09/27 19:40:22.008, 2, 79641 MiB, 100 %, 545.64 W, 1980 MHz
2026/09/27 19:40:22.009, 3, 79641 MiB, 100 %, 544.53 W, 1980 MHz
2026/09/27 19:40:22.010, 4, 79641 MiB, 100 %, 541.20 W, 1980 MHz
2026/09/27 19:40:22.010, 5, 79641 MiB, 100 %, 554.31 W, 1980 MHz
2026/09/27 19:40:22.011, 6, 79641 MiB, 100 %, 553.00 W, 1980 MHz
2026/09/27 19:40:22.012, 7, 79641 MiB, 100 %, 541.72 W, 1980 MHz
2026/09/27 19:40:23.012, 0, 79641 MiB, 100 %, 585.94 W, 1935 MHz
2026/09/27 19:40:23.013, 1, 79641 MiB, 100 %, 543.38 W, 1980 MHz
2026/09/27 19:40:23.014, 2, 79641 MiB, 100 %, 534.91 W, 1980 MHz
2026/09/27 19:40:23.015, 3, 79641 MiB, 100 %, 539.37 W, 1980 MHz
2026/09/27 19:40:23.015, 4, 79641 MiB, 100 %, 516.97 W, 1980 MHz
2026/09/27 19:40:23.016, 5, 79641 MiB, 100 %, 545.05 W, 1980 MHz
2026/09/27 19:40:23.017, 6, 79641 MiB, 100 %, 540.35 W, 1980 MHz
2026/09/27 19:40:23.017, 7, 79641 MiB, 100 %, 534.48 W, 1980 MHz
2026/09/27 19:40:24.018, 0, 79641 MiB, 100 %, 591.81 W, 1965 MHz
2026/09/27 19:40:24.019, 1, 79641 MiB, 100 %, 545.91 W, 1980 MHz
2026/09/27 19:40:24.020, 2, 79641 MiB, 100 %, 532.63 W, 1980 MHz
2026/09/27 19:40:24.020, 3, 79641 MiB, 100 %, 532.25 W, 1980 MHz
2026/09/27 19:40:24.021, 4, 79641 MiB, 100 %, 519.86 W, 1980 MHz
2026/09/27 19:40:24.022, 5, 79641 MiB, 100 %, 549.13 W, 1980 MHz
2026/09/27 19:40:24.022, 6, 79641 MiB, 100 %, 550.76 W, 1980 MHz
2026/09/27 19:40:24.023, 7, 79641 MiB, 100 %, 527.71 W, 1980 MHz
2026/09/27 19:40:25.024, 0, 79641 MiB, 100 %, 611.34 W, 1950 MHz
2026/09/27 19:40:25.025, 1, 79641 MiB, 100 %, 552.42 W, 1980 MHz
2026/09/27 19:40:25.025, 2, 79641 MiB, 100 %, 555.25 W, 1980 MHz
2026/09/27 19:40:25.026, 3, 79641 MiB, 100 %, 544.27 W, 1980 MHz
2026/09/27 19:40:25.027, 4, 79641 MiB, 100 %, 538.61 W, 1980 MHz
2026/09/27 19:40:25.028, 5, 79641 MiB, 100 %, 566.76 W, 1980 MHz
2026/09/27 19:40:25.028, 6, 79641 MiB, 100 %, 561.90 W, 1980 MHz
2026/09/27 19:40:25.029, 7, 79641 MiB, 100 %, 546.80 W, 1980 MHz
2026/09/27 19:40:26.030, 0, 79641 MiB, 100 %, 558.64 W, 1875 MHz
2026/09/27 19:40:26.031, 1, 79641 MiB, 100 %, 543.08 W, 1980 MHz
2026/09/27 19:40:26.031, 2, 79641 MiB, 100 %, 543.30 W, 1980 MHz
2026/09/27 19:40:26.032, 3, 79641 MiB, 100 %, 543.18 W, 1980 MHz
2026/09/27 19:40:26.033, 4, 79641 MiB, 100 %, 524.34 W, 1980 MHz
2026/09/27 19:40:26.033, 5, 79641 MiB, 100 %, 548.41 W, 1980 MHz
2026/09/27 19:40:26.034, 6, 79641 MiB, 100 %, 553.22 W, 1980 MHz
2026/09/27 19:40:26.035, 7, 79641 MiB, 100 %, 540.55 W, 1980 MHz
2026/09/27 19:40:27.036, 0, 79641 MiB, 100 %, 560.51 W, 1800 MHz
2026/09/27 19:40:27.037, 1, 79641 MiB, 100 %, 535.37 W, 1980 MHz
2026/09/27 19:40:27.037, 2, 79641 MiB, 100 %, 525.93 W, 1980 MHz
2026/09/27 19:40:27.038, 3, 79641 MiB, 100 %, 526.01 W, 1980 MHz
2026/09/27 19:40:27.039, 4, 79641 MiB, 100 %, 522.94 W, 1980 MHz
2026/09/27 19:40:27.039, 5, 79641 MiB, 100 %, 540.35 W, 1980 MHz
2026/09/27 19:40:27.040, 6, 79641 MiB, 100 %, 541.85 W, 1980 MHz
2026/09/27 19:40:27.041, 7, 79641 MiB, 100 %, 523.07 W, 1980 MHz
2026/09/27 19:40:28.041, 0, 79641 MiB, 100 %, 576.85 W, 1965 MHz
2026/09/27 19:40:28.042, 1, 79641 MiB, 100 %, 550.96 W, 1980 MHz
2026/09/27 19:40:28.043, 2, 79641 MiB, 100 %, 544.01 W, 1980 MHz
2026/09/27 19:40:28.044, 3, 79641 MiB, 100 %, 539.49 W, 1980 MHz
2026/09/27 19:40:28.044, 4, 79641 MiB, 100 %, 536.31 W, 1980 MHz
2026/09/27 19:40:28.045, 5, 79641 MiB, 100 %, 552.33 W, 1980 MHz
2026/09/27 19:40:28.045, 6, 79641 MiB, 100 %, 547.96 W, 1980 MHz
2026/09/27 19:40:28.046, 7, 79641 MiB, 100 %, 544.76 W, 1980 MHz
2026/09/27 19:40:29.047, 0, 79641 MiB, 100 %, 515.73 W, 1860 MHz
2026/09/27 19:40:29.047, 1, 79641 MiB, 100 %, 536.15 W, 1980 MHz
2026/09/27 19:40:29.048, 2, 79641 MiB, 100 %, 535.59 W, 1980 MHz
2026/09/27 19:40:29.049, 3, 79641 MiB, 100 %, 533.99 W, 1980 MHz
2026/09/27 19:40:29.049, 4, 79641 MiB, 100 %, 523.29 W, 1980 MHz
2026/09/27 19:40:29.050, 5, 79641 MiB, 100 %, 544.07 W, 1980 MHz
2026/09/27 19:40:29.051, 6, 79641 MiB, 100 %, 552.60 W, 1980 MHz
2026/09/27 19:40:29.051, 7, 79641 MiB, 100 %, 527.66 W, 1980 MHz
2026/09/27 19:40:30.052, 0, 79641 MiB, 100 %, 541.80 W, 1830 MHz
2026/09/27 19:40:30.053, 1, 79641 MiB, 100 %, 533.93 W, 1980 MHz
2026/09/27 19:40:30.054, 2, 79641 MiB, 100 %, 531.58 W, 1980 MHz
2026/09/27 19:40:30.054, 3, 79641 MiB, 100 %, 531.72 W, 1980 MHz
2026/09/27 19:40:30.055, 4, 79641 MiB, 100 %, 524.50 W, 1980 MHz
2026/09/27 19:40:30.056, 5, 79641 MiB, 100 %, 544.53 W, 1980 MHz
2026/09/27 19:40:30.056, 6, 79641 MiB, 100 %, 540.88 W, 1980 MHz
2026/09/27 19:40:30.057, 7, 79641 MiB, 100 %, 517.03 W, 1980 MHz
2026/09/27 19:40:31.058, 0, 79641 MiB, 100 %, 551.38 W, 1935 MHz
2026/09/27 19:40:31.059, 1, 79641 MiB, 100 %, 544.89 W, 1980 MHz
2026/09/27 19:40:31.059, 2, 79641 MiB, 100 %, 537.70 W, 1980 MHz
2026/09/27 19:40:31.060, 3, 79641 MiB, 100 %, 533.23 W, 1980 MHz
2026/09/27 19:40:31.061, 4, 79641 MiB, 100 %, 526.30 W, 1980 MHz
2026/09/27 19:40:31.061, 5, 79641 MiB, 100 %, 539.19 W, 1980 MHz
2026/09/27 19:40:31.062, 6, 79641 MiB, 100 %, 541.25 W, 1980 MHz
2026/09/27 19:40:31.063, 7, 79641 MiB, 100 %, 531.51 W, 1980 MHz
2026/09/27 19:40:32.063, 0, 79641 MiB, 100 %, 561.27 W, 1785 MHz
2026/09/27 19:40:32.064, 1, 79641 MiB, 100 %, 542.34 W, 1980 MHz
2026/09/27 19:40:32.065, 2, 79641 MiB, 100 %, 533.46 W, 1980 MHz
2026/09/27 19:40:32.066, 3, 79641 MiB, 100 %, 536.05 W, 1980 MHz
2026/09/27 19:40:32.066, 4, 79641 MiB, 100 %, 524.06 W, 1980 MHz
2026/09/27 19:40:32.067, 5, 79641 MiB, 100 %, 552.46 W, 1980 MHz
2026/09/27 19:40:32.068, 6, 79641 MiB, 100 %, 553.51 W, 1980 MHz
2026/09/27 19:40:32.068, 7, 79641 MiB, 100 %, 530.34 W, 1980 MHz
2026/09/27 19:40:33.069, 0, 79641 MiB, 100 %, 532.30 W, 1725 MHz
2026/09/27 19:40:33.070, 1, 79641 MiB, 100 %, 543.88 W, 1980 MHz
2026/09/27 19:40:33.071, 2, 79641 MiB, 100 %, 535.78 W, 1980 MHz
2026/09/27 19:40:33.071, 3, 79641 MiB, 100 %, 534.95 W, 1980 MHz
2026/09/27 19:40:33.072, 4, 79641 MiB, 100 %, 525.42 W, 1980 MHz
2026/09/27 19:40:33.073, 5, 79641 MiB, 100 %, 556.46 W, 1980 MHz
2026/09/27 19:40:33.073, 6, 79641 MiB, 100 %, 551.14 W, 1980 MHz
2026/09/27 19:40:33.074, 7, 79641 MiB, 100 %, 533.41 W, 1980 MHz
2026/09/27 19:40:34.074, 0, 79641 MiB, 100 %, 543.85 W, 1905 MHz
2026/09/27 19:40:34.075, 1, 79641 MiB, 100 %, 538.42 W, 1980 MHz
2026/09/27 19:40:34.076, 2, 79641 MiB, 100 %, 525.97 W, 1980 MHz
2026/09/27 19:40:34.077, 3, 79641 MiB, 100 %, 526.45 W, 1980 MHz
2026/09/27 19:40:34.077, 4, 79641 MiB, 100 %, 512.96 W, 1980 MHz
2026/09/27 19:40:34.078, 5, 79641 MiB, 100 %, 542.61 W, 1980 MHz
2026/09/27 19:40:34.079, 6, 79641 MiB, 100 %, 540.97 W, 1980 MHz
2026/09/27 19:40:34.079, 7, 79641 MiB, 100 %, 520.80 W, 1980 MHz
2026/09/27 19:40:35.080, 0, 79641 MiB, 100 %, 566.25 W, 1695 MHz
2026/09/27 19:40:35.081, 1, 79641 MiB, 100 %, 542.69 W, 1980 MHz
2026/09/27 19:40:35.082, 2, 79641 MiB, 100 %, 531.93 W, 1980 MHz
2026/09/27 19:40:35.082, 3, 79641 MiB, 100 %, 537.04 W, 1980 MHz
2026/09/27 19:40:35.083, 4, 79641 MiB, 100 %, 521.52 W, 1980 MHz
2026/09/27 19:40:35.084, 5, 79641 MiB, 100 %, 547.14 W, 1980 MHz
2026/09/27 19:40:35.084, 6, 79641 MiB, 100 %, 547.15 W, 1980 MHz
2026/09/27 19:40:35.085, 7, 79641 MiB, 100 %, 534.10 W, 1980 MHz
2026/09/27 19:40:36.086, 0, 79641 MiB, 100 %, 531.45 W, 1785 MHz
2026/09/27 19:40:36.086, 1, 79641 MiB, 100 %, 548.29 W, 1980 MHz
2026/09/27 19:40:36.087, 2, 79641 MiB, 100 %, 543.09 W, 1980 MHz
2026/09/27 19:40:36.088, 3, 79641 MiB, 100 %, 539.62 W, 1980 MHz
2026/09/27 19:40:36.089, 4, 79641 MiB, 100 %, 528.61 W, 1980 MHz
2026/09/27 19:40:36.089, 5, 79641 MiB, 100 %, 553.77 W, 1980 MHz
2026/09/27 19:40:36.090, 6, 79641 MiB, 100 %, 548.84 W, 1980 MHz
2026/09/27 19:40:36.091, 7, 79641 MiB, 100 %, 542.21 W, 1980 MHz
2026/09/27 19:40:37.091, 0, 79641 MiB, 100 %, 548.03 W, 1920 MHz
2026/09/27 19:40:37.092, 1, 79641 MiB, 100 %, 534.73 W, 1980 MHz
2026/09/27 19:40:37.093, 2, 79641 MiB, 100 %, 534.54 W, 1980 MHz
2026/09/27 19:40:37.093, 3, 79641 MiB, 100 %, 528.11 W, 1980 MHz
2026/09/27 19:40:37.094, 4, 79641 MiB, 100 %, 524.27 W, 1980 MHz
2026/09/27 19:40:37.095, 5, 79641 MiB, 100 %, 538.59 W, 1980 MHz
2026/09/27 19:40:37.095, 6, 79641 MiB, 100 %, 543.16 W, 1980 MHz
2026/09/27 19:40:37.096, 7, 79641 MiB, 100 %, 525.17 W, 1980 MHz
2026/09/27 19:40:38.097, 0, 79641 MiB, 100 %, 536.10 W, 1680 MHz
2026/09/27 19:40:38.097, 1, 79641 MiB, 100 %, 539.06 W, 1980 MHz
2026/09/27 19:40:38.098, 2, 79641 MiB, 100 %, 530.38 W, 1980 MHz
2026/09/27 19:40:38.099, 3, 79641 MiB, 100 %, 526.77 W, 1980 MHz
2026/09/27 19:40:38.099, 4, 79641 MiB, 100 %, 520.85 W, 1980 MHz
2026/09/27 19:40:38.100, 5, 79641 MiB, 100 %, 540.44 W, 1980 MHz
2026/09/27 19:40:38.101, 6, 79641 MiB, 100 %, 547.74 W, 1980 MHz
2026/09/27 19:40:38.101, 7, 79641 MiB, 100 %, 529.45 W, 1980 MHz
2026/09/27 19:40:39.102, 0, 79641 MiB, 100 %, 539.72 W, 1710 MHz
2026/09/27 19:40:39.103, 1, 79641 MiB, 100 %, 548.14 W, 1980 MHz
2026/09/27 19:40:39.104, 2, 79641 MiB, 100 %, 537.03 W, 1980 MHz
2026/09/27 19:40:39.104, 3, 79641 MiB, 100 %, 530.38 W, 1980 MHz
2026/09/27 19:40:39.105, 4, 79641 MiB, 100 %, 530.60 W, 1980 MHz
2026/09/27 19:40:39.105, 5, 79641 MiB, 100 %, 551.92 W, 1980 MHz
2026/09/27 19:40:39.106, 6, 79641 MiB, 100 %, 553.73 W, 1980 MHz
2026/09/27 19:40:39.107, 7, 79641 MiB, 100 %, 530.84 W, 1980 MHz
2026/09/27 19:40:40.107, 0, 79641 MiB, 100 %, 536.25 W, 1845 MHz
2026/09/27 19:40:40.108, 1, 79641 MiB, 100 %, 546.11 W, 1980 MHz
2026/09/27 19:40:40.109, 2, 79641 MiB, 100 %, 539.52 W, 1980 MHz
2026/09/27 19:40:40.110, 3, 79641 MiB, 100 %, 535.42 W, 1980 MHz
2026/09/27 19:40:40.110, 4, 79641 MiB, 100 %, 526.13 W, 1980 MHz
2026/09/27 19:40:40.111, 5, 79641 MiB, 100 %, 540.44 W, 1980 MHz
2026/09/27 19:40:40.111, 6, 79641 MiB, 100 %, 546.33 W, 1980 MHz
2026/09/27 19:40:40.112, 7, 79641 MiB, 100 %, 539.48 W, 1980 MHz
2026/09/27 19:40:41.113, 0, 79641 MiB, 100 %, 543.59 W, 1755 MHz
2026/09/27 19:40:41.114, 1, 79641 MiB, 100 %, 541.96 W, 1980 MHz
2026/09/27 19:40:41.114, 2, 79641 MiB, 100 %, 530.76 W, 1980 MHz
2026/09/27 19:40:41.115, 3, 79641 MiB, 100 %, 525.90 W, 1980 MHz
2026/09/27 19:40:41.116, 4, 79641 MiB, 100 %, 516.63 W, 1980 MHz
2026/09/27 19:40:41.116, 5, 79641 MiB, 100 %, 543.73 W, 1980 MHz
2026/09/27 19:40:41.117, 6, 79641 MiB, 100 %, 543.66 W, 1980 MHz
2026/09/27 19:40:41.117, 7, 79641 MiB, 100 %, 524.60 W, 1980 MHz
2026/09/27 19:40:42.118, 0, 79641 MiB, 100 %, 524.26 W, 1695 MHz
2026/09/27 19:40:42.119, 1, 79641 MiB, 100 %, 541.21 W, 1980 MHz
2026/09/27 19:40:42.120, 2, 79641 MiB, 100 %, 538.30 W, 1980 MHz
2026/09/27 19:40:42.120, 3, 79641 MiB, 100 %, 532.43 W, 1980 MHz
2026/09/27 19:40:42.121, 4, 79641 MiB, 100 %, 521.90 W, 1980 MHz
2026/09/27 19:40:42.122, 5, 79641 MiB, 100 %, 544.01 W, 1980 MHz
2026/09/27 19:40:42.122, 6, 79641 MiB, 100 %, 543.87 W, 1980 MHz
2026/09/27 19:40:42.123, 7, 79641 MiB, 100 %, 528.23 W, 1980 MHz
2026/09/27 19:40:43.124, 0, 79641 MiB, 100 %, 520.00 W, 1755 MHz
2026/09/27 19:40:43.124, 1, 79641 MiB, 100 %, 542.88 W, 1980 MHz
2026/09/27 19:40:43.125, 2, 79641 MiB, 100 %, 541.51 W, 1980 MHz
2026/09/27 19:40:43.126, 3, 79641 MiB, 100 %, 537.71 W, 1980 MHz
2026/09/27 19:40:43.126, 4, 79641 MiB, 100 %, 526.17 W, 1980 MHz
2026/09/27 19:40:43.127, 5, 79641 MiB, 100 %, 547.21 W, 1980 MHz
2026/09/27 19:40:43.128, 6, 79641 MiB, 100 %, 550.40 W, 1980 MHz
2026/09/27 19:40:43.128, 7, 79641 MiB, 100 %, 528.78 W, 1980 MHz
2026/09/27 19:40:44.129, 0, 79641 MiB, 100 %, 438.72 W, 1980 MHz
2026/09/27 19:40:44.130, 1, 79641 MiB, 100 %, 407.70 W, 1980 MHz
2026/09/27 19:40:44.130, 2, 79641 MiB, 100 %, 412.59 W, 1980 MHz
2026/09/27 19:40:44.131, 3, 79641 MiB, 100 %, 397.76 W, 1980 MHz
2026/09/27 19:40:44.132, 4, 79641 MiB, 100 %, 396.11 W, 1980 MHz
2026/09/27 19:40:44.132, 5, 79641 MiB, 100 %, 407.75 W, 1980 MHz
2026/09/27 19:40:44.133, 6, 79641 MiB, 100 %, 400.38 W, 1980 MHz
2026/09/27 19:40:44.133, 7, 79641 MiB, 100 %, 396.75 W, 1980 MHz
2026/09/27 19:40:45.134, 0, 79641 MiB, 100 %, 394.63 W, 1980 MHz
2026/09/27 19:40:45.135, 1, 79641 MiB, 100 %, 336.07 W, 1980 MHz
2026/09/27 19:40:45.136, 2, 79641 MiB, 100 %, 330.52 W, 1980 MHz
2026/09/27 19:40:45.136, 3, 79641 MiB, 100 %, 332.32 W, 1980 MHz
2026/09/27 19:40:45.137, 4, 79641 MiB, 100 %, 326.91 W, 1980 MHz
2026/09/27 19:40:45.138, 5, 79641 MiB, 100 %, 329.11 W, 1980 MHz
2026/09/27 19:40:45.138, 6, 79641 MiB, 100 %, 335.90 W, 1980 MHz
2026/09/27 19:40:45.139, 7, 79641 MiB, 100 %, 322.08 W, 1980 MHz
2026/09/27 19:40:46.140, 0, 79641 MiB, 100 %, 483.16 W, 1980 MHz
2026/09/27 19:40:46.140, 1, 79641 MiB, 100 %, 415.02 W, 1980 MHz
2026/09/27 19:40:46.141, 2, 79641 MiB, 100 %, 390.89 W, 1980 MHz
2026/09/27 19:40:46.142, 3, 79641 MiB, 100 %, 416.28 W, 1980 MHz
2026/09/27 19:40:46.143, 4, 79641 MiB, 100 %, 397.32 W, 1980 MHz
2026/09/27 19:40:46.143, 5, 79641 MiB, 100 %, 414.17 W, 1980 MHz
2026/09/27 19:40:46.144, 6, 79641 MiB, 100 %, 421.41 W, 1980 MHz
2026/09/27 19:40:46.145, 7, 79641 MiB, 100 %, 398.62 W, 1980 MHz
2026/09/27 19:40:47.145, 0, 79641 MiB, 100 %, 526.64 W, 1770 MHz
2026/09/27 19:40:47.146, 1, 79641 MiB, 100 %, 527.53 W, 1980 MHz
2026/09/27 19:40:47.147, 2, 79641 MiB, 100 %, 529.93 W, 1980 MHz
2026/09/27 19:40:47.148, 3, 79641 MiB, 100 %, 529.53 W, 1980 MHz
2026/09/27 19:40:47.148, 4, 79641 MiB, 100 %, 513.94 W, 1980 MHz
2026/09/27 19:40:47.149, 5, 79641 MiB, 100 %, 534.30 W, 1980 MHz
2026/09/27 19:40:47.150, 6, 79641 MiB, 100 %, 538.85 W, 1980 MHz
2026/09/27 19:40:47.150, 7, 79641 MiB, 100 %, 515.83 W, 1980 MHz
2026/09/27 19:40:48.151, 0, 79641 MiB, 100 %, 532.21 W, 1785 MHz
2026/09/27 19:40:48.152, 1, 79641 MiB, 100 %, 548.20 W, 1980 MHz
2026/09/27 19:40:48.153, 2, 79641 MiB, 100 %, 532.03 W, 1980 MHz
2026/09/27 19:40:48.153, 3, 79641 MiB, 100 %, 532.26 W, 1980 MHz
2026/09/27 19:40:48.154, 4, 79641 MiB, 100 %, 518.38 W, 1980 MHz
2026/09/27 19:40:48.154, 5, 79641 MiB, 100 %, 536.91 W, 1980 MHz
2026/09/27 19:40:48.155, 6, 79641 MiB, 100 %, 545.70 W, 1980 MHz
2026/09/27 19:40:48.156, 7, 79641 MiB, 100 %, 530.94 W, 1980 MHz
2026/09/27 19:40:49.156, 0, 79641 MiB, 100 %, 506.06 W, 1680 MHz
2026/09/27 19:40:49.157, 1, 79641 MiB, 100 %, 549.23 W, 1980 MHz
2026/09/27 19:40:49.158, 2, 79641 MiB, 100 %, 539.39 W, 1980 MHz
2026/09/27 19:40:49.159, 3, 79641 MiB, 100 %, 533.81 W, 1980 MHz
2026/09/27 19:40:49.159, 4, 79641 MiB, 100 %, 529.98 W, 1980 MHz
2026/09/27 19:40:49.160, 5, 79641 MiB, 100 %, 545.16 W, 1980 MHz
2026/09/27 19:40:49.160, 6, 79641 MiB, 100 %, 541.82 W, 1980 MHz
2026/09/27 19:40:49.161, 7, 79641 MiB, 100 %, 530.29 W, 1980 MHz
2026/09/27 19:40:50.162, 0, 79641 MiB, 100 %, 521.91 W, 1680 MHz
2026/09/27 19:40:50.163, 1, 79641 MiB, 100 %, 528.58 W, 1980 MHz
2026/09/27 19:40:50.163, 2, 79641 MiB, 100 %, 517.86 W, 1980 MHz
2026/09/27 19:40:50.164, 3, 79641 MiB, 100 %, 517.71 W, 1980 MHz
2026/09/27 19:40:50.165, 4, 79641 MiB, 100 %, 509.11 W, 1980 MHz
2026/09/27 19:40:50.166, 5, 79641 MiB, 100 %, 540.19 W, 1980 MHz
2026/09/27 19:40:50.166, 6, 79641 MiB, 100 %, 537.43 W, 1980 MHz
2026/09/27 19:40:50.167, 7, 79641 MiB, 100 %, 514.95 W, 1980 MHz
2026/09/27 19:40:51.168, 0, 79641 MiB, 100 %, 542.25 W, 1710 MHz
2026/09/27 19:40:51.168, 1, 79641 MiB, 100 %, 540.40 W, 1980 MHz
2026/09/27 19:40:51.169, 2, 79641 MiB, 100 %, 531.02 W, 1980 MHz
2026/09/27 19:40:51.170, 3, 79641 MiB, 100 %, 535.07 W, 1980 MHz
2026/09/27 19:40:51.170, 4, 79641 MiB, 100 %, 518.95 W, 1980 MHz
2026/09/27 19:40:51.171, 5, 79641 MiB, 100 %, 546.07 W, 1980 MHz
2026/09/27 19:40:51.172, 6, 79641 MiB, 100 %, 552.90 W, 1980 MHz
2026/09/27 19:40:51.172, 7, 79641 MiB, 100 %, 527.81 W, 1980 MHz
2026/09/27 19:40:52.173, 0, 79641 MiB, 100 %, 537.62 W, 1875 MHz
2026/09/27 19:40:52.174, 1, 79641 MiB, 100 %, 559.40 W, 1980 MHz
2026/09/27 19:40:52.174, 2, 79641 MiB, 100 %, 539.54 W, 1980 MHz
2026/09/27 19:40:52.175, 3, 79641 MiB, 100 %, 531.59 W, 1980 MHz
2026/09/27 19:40:52.176, 4, 79641 MiB, 100 %, 533.65 W, 1980 MHz
2026/09/27 19:40:52.176, 5, 79641 MiB, 100 %, 545.41 W, 1980 MHz
2026/09/27 19:40:52.177, 6, 79641 MiB, 100 %, 547.02 W, 1980 MHz
2026/09/27 19:40:52.177, 7, 79641 MiB, 100 %, 538.28 W, 1980 MHz
2026/09/27 19:40:53.178, 0, 79641 MiB, 100 %, 537.18 W, 1800 MHz
2026/09/27 19:40:53.179, 1, 79641 MiB, 100 %, 543.99 W, 1980 MHz
2026/09/27 19:40:53.180, 2, 79641 MiB, 100 %, 538.11 W, 1980 MHz
2026/09/27 19:40:53.180, 3, 79641 MiB, 100 %, 532.04 W, 1980 MHz
2026/09/27 19:40:53.181, 4, 79641 MiB, 100 %, 520.40 W, 1980 MHz
2026/09/27 19:40:53.182, 5, 79641 MiB, 100 %, 546.54 W, 1980 MHz
2026/09/27 19:40:53.182, 6, 79641 MiB, 100 %, 552.07 W, 1980 MHz
2026/09/27 19:40:53.183, 7, 79641 MiB, 100 %, 530.55 W, 1980 MHz
2026/09/27 19:40:54.184, 0, 79641 MiB, 100 %, 520.29 W, 1515 MHz
2026/09/27 19:40:54.185, 1, 79641 MiB, 100 %, 536.70 W, 1980 MHz
2026/09/27 19:40:54.185, 2, 79641 MiB, 100 %, 530.40 W, 1980 MHz
2026/09/27 19:40:54.186, 3, 79641 MiB, 100 %, 527.45 W, 1980 MHz
2026/09/27 19:40:54.187, 4, 79641 MiB, 100 %, 514.42 W, 1980 MHz
2026/09/27 19:40:54.187, 5, 79641 MiB, 100 %, 535.41 W, 1980 MHz
2026/09/27 19:40:54.188, 6, 79641 MiB, 100 %, 539.04 W, 1980 MHz
2026/09/27 19:40:54.189, 7, 79641 MiB, 100 %, 521.83 W, 1980 MHz
2026/09/27 19:40:55.189, 0, 79641 MiB, 100 %, 496.73 W, 1785 MHz
2026/09/27 19:40:55.190, 1, 79641 MiB, 100 %, 549.75 W, 1980 MHz
2026/09/27 19:40:55.191, 2, 79641 MiB, 100 %, 535.02 W, 1980 MHz
2026/09/27 19:40:55.192, 3, 79641 MiB, 100 %, 515.53 W, 1980 MHz
2026/09/27 19:40:55.192, 4, 79641 MiB, 100 %, 516.19 W, 1980 MHz
2026/09/27 19:40:55.193, 5, 79641 MiB, 100 %, 529.69 W, 1980 MHz
2026/09/27 19:40:55.194, 6, 79641 MiB, 100 %, 532.54 W, 1980 MHz
2026/09/27 19:40:55.194, 7, 79641 MiB, 100 %, 522.92 W, 1980 MHz
2026/09/27 19:40:56.195, 0, 79641 MiB, 100 %, 515.83 W, 1590 MHz
2026/09/27 19:40:56.196, 1, 79641 MiB, 100 %, 539.16 W, 1980 MHz
2026/09/27 19:40:56.197, 2, 79641 MiB, 100 %, 533.11 W, 1980 MHz
2026/09/27 19:40:56.197, 3, 79641 MiB, 100 %, 539.67 W, 1980 MHz
2026/09/27 19:40:56.198, 4, 79641 MiB, 100 %, 520.54 W, 1980 MHz
2026/09/27 19:40:56.199, 5, 79641 MiB, 100 %, 546.86 W, 1980 MHz
2026/09/27 19:40:56.199, 6, 79641 MiB, 100 %, 545.73 W, 1980 MHz
2026/09/27 19:40:56.200, 7, 79641 MiB, 100 %, 529.92 W, 1980 MHz
2026/09/27 19:40:57.200, 0, 79641 MiB, 100 %, 525.89 W, 1725 MHz
2026/09/27 19:40:57.201, 1, 79641 MiB, 100 %, 535.61 W, 1980 MHz
2026/09/27 19:40:57.202, 2, 79641 MiB, 100 %, 530.34 W, 1980 MHz
2026/09/27 19:40:57.203, 3, 79641 MiB, 100 %, 526.76 W, 1980 MHz
2026/09/27 19:40:57.203, 4, 79641 MiB, 100 %, 521.74 W, 1980 MHz
2026/09/27 19:40:57.204, 5, 79641 MiB, 100 %, 542.64 W, 1980 MHz
2026/09/27 19:40:57.205, 6, 79641 MiB, 100 %, 548.98 W, 1980 MHz
2026/09/27 19:40:57.205, 7, 79641 MiB, 100 %, 530.90 W, 1980 MHz
2026/09/27 19:40:58.206, 0, 79641 MiB, 100 %, 559.97 W, 1860 MHz
2026/09/27 19:40:58.207, 1, 79641 MiB, 100 %, 545.31 W, 1980 MHz
2026/09/27 19:40:58.207, 2, 79641 MiB, 100 %, 544.14 W, 1980 MHz
2026/09/27 19:40:58.208, 3, 79641 MiB, 100 %, 536.66 W, 1980 MHz
2026/09/27 19:40:58.209, 4, 79641 MiB, 100 %, 522.09 W, 1980 MHz
2026/09/27 19:40:58.210, 5, 79641 MiB, 100 %, 551.15 W, 1980 MHz
2026/09/27 19:40:58.210, 6, 79641 MiB, 100 %, 547.35 W, 1980 MHz
2026/09/27 19:40:58.211, 7, 79641 MiB, 100 %, 533.99 W, 1980 MHz
2026/09/27 19:40:59.211, 0, 79641 MiB, 100 %, 530.34 W, 1740 MHz
2026/09/27 19:40:59.214, 1, 79641 MiB, 100 %, 549.33 W, 1980 MHz
2026/09/27 19:40:59.215, 2, 79641 MiB, 100 %, 543.32 W, 1980 MHz
2026/09/27 19:40:59.216, 3, 79641 MiB, 100 %, 538.64 W, 1980 MHz
2026/09/27 19:40:59.218, 4, 79641 MiB, 100 %, 524.37 W, 1980 MHz
2026/09/27 19:40:59.219, 5, 79641 MiB, 100 %, 541.31 W, 1980 MHz
2026/09/27 19:40:59.220, 6, 79641 MiB, 100 %, 548.95 W, 1980 MHz
2026/09/27 19:40:59.221, 7, 79641 MiB, 100 %, 535.42 W, 1980 MHz
2026/09/27 19:41:00.223, 0, 79641 MiB, 100 %, 513.13 W, 1620 MHz
2026/09/27 19:41:00.224, 1, 79641 MiB, 100 %, 539.20 W, 1980 MHz
2026/09/27 19:41:00.225, 2, 79641 MiB, 100 %, 537.86 W, 1980 MHz
2026/09/27 19:41:00.225, 3, 79641 MiB, 100 %, 532.52 W, 1980 MHz
2026/09/27 19:41:00.226, 4, 79641 MiB, 100 %, 524.98 W, 1980 MHz
2026/09/27 19:41:00.226, 5, 79641 MiB, 100 %, 545.70 W, 1980 MHz
2026/09/27 19:41:00.227, 6, 79641 MiB, 100 %, 553.19 W, 1980 MHz
2026/09/27 19:41:00.228, 7, 79641 MiB, 100 %, 540.45 W, 1980 MHz
2026/09/27 19:41:01.228, 0, 79641 MiB, 100 %, 517.54 W, 1650 MHz
2026/09/27 19:41:01.230, 1, 79641 MiB, 100 %, 537.96 W, 1980 MHz
2026/09/27 19:41:01.232, 2, 79641 MiB, 100 %, 534.34 W, 1980 MHz
2026/09/27 19:41:01.233, 3, 79641 MiB, 100 %, 519.23 W, 1980 MHz
2026/09/27 19:41:01.234, 4, 79641 MiB, 100 %, 517.43 W, 1980 MHz
2026/09/27 19:41:01.236, 5, 79641 MiB, 100 %, 542.42 W, 1980 MHz
2026/09/27 19:41:01.237, 6, 79641 MiB, 100 %, 530.11 W, 1980 MHz
2026/09/27 19:41:01.238, 7, 79641 MiB, 100 %, 523.98 W, 1980 MHz
2026/09/27 19:41:02.239, 0, 79641 MiB, 100 %, 519.64 W, 1785 MHz
2026/09/27 19:41:02.240, 1, 79641 MiB, 100 %, 540.82 W, 1980 MHz
2026/09/27 19:41:02.241, 2, 79641 MiB, 100 %, 535.80 W, 1980 MHz
2026/09/27 19:41:02.241, 3, 79641 MiB, 100 %, 525.25 W, 1980 MHz
2026/09/27 19:41:02.242, 4, 79641 MiB, 100 %, 515.00 W, 1980 MHz
2026/09/27 19:41:02.243, 5, 79641 MiB, 100 %, 544.79 W, 1980 MHz
2026/09/27 19:41:02.243, 6, 79641 MiB, 100 %, 551.61 W, 1980 MHz
2026/09/27 19:41:02.244, 7, 79641 MiB, 100 %, 517.19 W, 1980 MHz
2026/09/27 19:41:03.245, 0, 79641 MiB, 100 %, 522.36 W, 1620 MHz
2026/09/27 19:41:03.246, 1, 79641 MiB, 100 %, 544.05 W, 1980 MHz
2026/09/27 19:41:03.246, 2, 79641 MiB, 100 %, 533.43 W, 1980 MHz
2026/09/27 19:41:03.247, 3, 79641 MiB, 100 %, 537.05 W, 1980 MHz
2026/09/27 19:41:03.248, 4, 79641 MiB, 100 %, 528.83 W, 1980 MHz
2026/09/27 19:41:03.248, 5, 79641 MiB, 100 %, 548.86 W, 1980 MHz
2026/09/27 19:41:03.249, 6, 79641 MiB, 100 %, 555.97 W, 1980 MHz
2026/09/27 19:41:03.250, 7, 79641 MiB, 100 %, 534.43 W, 1980 MHz
2026/09/27 19:41:04.250, 0, 79641 MiB, 100 %, 527.59 W, 1845 MHz
2026/09/27 19:41:04.251, 1, 79641 MiB, 100 %, 539.58 W, 1980 MHz
2026/09/27 19:41:04.252, 2, 79641 MiB, 100 %, 534.14 W, 1980 MHz
2026/09/27 19:41:04.253, 3, 79641 MiB, 100 %, 527.42 W, 1980 MHz
2026/09/27 19:41:04.253, 4, 79641 MiB, 100 %, 519.49 W, 1980 MHz
2026/09/27 19:41:04.254, 5, 79641 MiB, 100 %, 550.06 W, 1980 MHz
2026/09/27 19:41:04.255, 6, 79641 MiB, 100 %, 545.82 W, 1980 MHz
2026/09/27 19:41:04.255, 7, 79641 MiB, 100 %, 534.21 W, 1980 MHz
2026/09/27 19:41:05.256, 0, 79641 MiB, 100 %, 527.33 W, 1860 MHz
2026/09/27 19:41:05.257, 1, 79641 MiB, 100 %, 529.74 W, 1980 MHz
2026/09/27 19:41:05.258, 2, 79641 MiB, 100 %, 521.77 W, 1980 MHz
2026/09/27 19:41:05.259, 3, 79641 MiB, 100 %, 530.09 W, 1980 MHz
2026/09/27 19:41:05.259, 4, 79641 MiB, 100 %, 518.48 W, 1980 MHz
2026/09/27 19:41:05.260, 5, 79641 MiB, 100 %, 544.67 W, 1980 MHz
2026/09/27 19:41:05.261, 6, 79641 MiB, 100 %, 536.77 W, 1980 MHz
2026/09/27 19:41:05.261, 7, 79641 MiB, 100 %, 520.68 W, 1980 MHz
2026/09/27 19:41:06.262, 0, 79641 MiB, 100 %, 529.10 W, 1710 MHz
2026/09/27 19:41:06.263, 1, 79641 MiB, 100 %, 543.67 W, 1980 MHz
2026/09/27 19:41:06.264, 2, 79641 MiB, 100 %, 539.34 W, 1980 MHz
2026/09/27 19:41:06.265, 3, 79641 MiB, 100 %, 541.04 W, 1980 MHz
2026/09/27 19:41:06.265, 4, 79641 MiB, 100 %, 528.10 W, 1980 MHz
2026/09/27 19:41:06.266, 5, 79641 MiB, 100 %, 551.05 W, 1980 MHz
2026/09/27 19:41:06.267, 6, 79641 MiB, 100 %, 552.51 W, 1980 MHz
2026/09/27 19:41:06.267, 7, 79641 MiB, 100 %, 531.62 W, 1980 MHz
2026/09/27 19:41:07.268, 0, 79641 MiB, 100 %, 539.74 W, 1725 MHz
2026/09/27 19:41:07.269, 1, 79641 MiB, 100 %, 554.91 W, 1980 MHz
2026/09/27 19:41:07.270, 2, 79641 MiB, 100 %, 542.78 W, 1980 MHz
2026/09/27 19:41:07.270, 3, 79641 MiB, 100 %, 528.61 W, 1980 MHz
2026/09/27 19:41:07.271, 4, 79641 MiB, 100 %, 532.41 W, 1980 MHz
2026/09/27 19:41:07.271, 5, 79641 MiB, 100 %, 550.78 W, 1980 MHz
2026/09/27 19:41:07.272, 6, 79641 MiB, 100 %, 554.12 W, 1980 MHz
2026/09/27 19:41:07.273, 7, 79641 MiB, 100 %, 535.88 W, 1980 MHz
2026/09/27 19:41:08.273, 0, 79641 MiB, 100 %, 505.56 W, 1620 MHz
2026/09/27 19:41:08.274, 1, 79641 MiB, 100 %, 524.58 W, 1980 MHz
2026/09/27 19:41:08.275, 2, 79641 MiB, 100 %, 524.75 W, 1980 MHz
2026/09/27 19:41:08.276, 3, 79641 MiB, 100 %, 519.08 W, 1980 MHz
2026/09/27 19:41:08.276, 4, 79641 MiB, 100 %, 510.24 W, 1980 MHz
2026/09/27 19:41:08.277, 5, 79641 MiB, 100 %, 533.44 W, 1980 MHz
2026/09/27 19:41:08.277, 6, 79641 MiB, 100 %, 536.32 W, 1980 MHz
2026/09/27 19:41:08.278, 7, 79641 MiB, 100 %, 517.48 W, 1980 MHz
2026/09/27 19:41:09.279, 0, 79641 MiB, 100 %, 511.00 W, 1605 MHz
2026/09/27 19:41:09.280, 1, 79641 MiB, 100 %, 535.92 W, 1980 MHz
2026/09/27 19:41:09.280, 2, 79641 MiB, 100 %, 538.18 W, 1980 MHz
2026/09/27 19:41:09.281, 3, 79641 MiB, 100 %, 535.54 W, 1980 MHz
2026/09/27 19:41:09.281, 4, 79641 MiB, 100 %, 516.30 W, 1980 MHz
2026/09/27 19:41:09.282, 5, 79641 MiB, 100 %, 543.40 W, 1980 MHz
2026/09/27 19:41:09.283, 6, 79641 MiB, 100 %, 551.75 W, 1980 MHz
2026/09/27 19:41:09.283, 7, 79641 MiB, 100 %, 522.19 W, 1980 MHz
2026/09/27 19:41:10.284, 0, 79641 MiB, 100 %, 540.24 W, 1830 MHz
2026/09/27 19:41:10.285, 1, 79641 MiB, 100 %, 559.32 W, 1980 MHz
2026/09/27 19:41:10.286, 2, 79641 MiB, 100 %, 547.85 W, 1980 MHz
2026/09/27 19:41:10.286, 3, 79641 MiB, 100 %, 543.44 W, 1980 MHz
2026/09/27 19:41:10.287, 4, 79641 MiB, 100 %, 532.67 W, 1980 MHz
2026/09/27 19:41:10.288, 5, 79641 MiB, 100 %, 558.57 W, 1980 MHz
2026/09/27 19:41:10.288, 6, 79641 MiB, 100 %, 557.45 W, 1980 MHz
2026/09/27 19:41:10.289, 7, 79641 MiB, 100 %, 538.69 W, 1980 MHz
2026/09/27 19:41:11.290, 0, 79641 MiB, 100 %, 545.80 W, 1800 MHz
2026/09/27 19:41:11.291, 1, 79641 MiB, 100 %, 533.25 W, 1980 MHz
2026/09/27 19:41:11.291, 2, 79641 MiB, 100 %, 535.75 W, 1980 MHz
2026/09/27 19:41:11.292, 3, 79641 MiB, 100 %, 534.30 W, 1980 MHz
2026/09/27 19:41:11.293, 4, 79641 MiB, 100 %, 513.03 W, 1980 MHz
2026/09/27 19:41:11.293, 5, 79641 MiB, 100 %, 546.21 W, 1980 MHz
2026/09/27 19:41:11.294, 6, 79641 MiB, 100 %, 539.78 W, 1980 MHz
2026/09/27 19:41:11.295, 7, 79641 MiB, 100 %, 525.27 W, 1980 MHz
2026/09/27 19:41:12.295, 0, 79641 MiB, 100 %, 533.64 W, 1695 MHz
2026/09/27 19:41:12.296, 1, 79641 MiB, 100 %, 540.08 W, 1980 MHz
2026/09/27 19:41:12.297, 2, 79641 MiB, 100 %, 537.64 W, 1980 MHz
2026/09/27 19:41:12.297, 3, 79641 MiB, 100 %, 529.64 W, 1980 MHz
2026/09/27 19:41:12.298, 4, 79641 MiB, 100 %, 525.64 W, 1980 MHz
2026/09/27 19:41:12.299, 5, 79641 MiB, 100 %, 545.16 W, 1980 MHz
2026/09/27 19:41:12.299, 6, 79641 MiB, 100 %, 540.68 W, 1980 MHz
2026/09/27 19:41:12.300, 7, 79641 MiB, 100 %, 535.24 W, 1980 MHz
2026/09/27 19:41:13.301, 0, 79641 MiB, 100 %, 524.22 W, 1740 MHz
2026/09/27 19:41:13.301, 1, 79641 MiB, 100 %, 537.66 W, 1980 MHz
2026/09/27 19:41:13.302, 2, 79641 MiB, 100 %, 544.24 W, 1980 MHz
2026/09/27 19:41:13.303, 3, 79641 MiB, 100 %, 536.30 W, 1980 MHz
2026/09/27 19:41:13.303, 4, 79641 MiB, 100 %, 526.34 W, 1980 MHz
2026/09/27 19:41:13.304, 5, 79641 MiB, 100 %, 551.78 W, 1980 MHz
2026/09/27 19:41:13.305, 6, 79641 MiB, 100 %, 542.29 W, 1980 MHz
2026/09/27 19:41:13.305, 7, 79641 MiB, 100 %, 530.39 W, 1980 MHz
2026/09/27 19:41:14.306, 0, 79641 MiB, 100 %, 503.15 W, 1965 MHz
2026/09/27 19:41:14.307, 1, 79641 MiB, 99 %, 518.54 W, 1980 MHz
2026/09/27 19:41:14.308, 2, 79641 MiB, 100 %, 520.07 W, 1980 MHz
2026/09/27 19:41:14.308, 3, 79641 MiB, 100 %, 509.58 W, 1980 MHz
2026/09/27 19:41:14.309, 4, 79641 MiB, 99 %, 495.39 W, 1980 MHz
2026/09/27 19:41:14.310, 5, 79641 MiB, 100 %, 525.62 W, 1980 MHz
2026/09/27 19:41:14.310, 6, 79641 MiB, 100 %, 520.54 W, 1980 MHz
2026/09/27 19:41:14.311, 7, 79641 MiB, 100 %, 512.47 W, 1980 MHz
2026/09/27 19:41:15.312, 0, 79641 MiB, 100 %, 390.06 W, 1980 MHz
2026/09/27 19:41:15.313, 1, 79641 MiB, 100 %, 334.99 W, 1980 MHz
2026/09/27 19:41:15.313, 2, 79641 MiB, 100 %, 328.10 W, 1980 MHz
2026/09/27 19:41:15.314, 3, 79641 MiB, 100 %, 324.77 W, 1980 MHz
2026/09/27 19:41:15.315, 4, 79641 MiB, 100 %, 322.62 W, 1980 MHz
2026/09/27 19:41:15.315, 5, 79641 MiB, 100 %, 322.70 W, 1980 MHz
2026/09/27 19:41:15.316, 6, 79641 MiB, 100 %, 334.80 W, 1980 MHz
2026/09/27 19:41:15.317, 7, 79641 MiB, 100 %, 323.90 W, 1980 MHz
2026/09/27 19:41:16.317, 0, 79641 MiB, 100 %, 391.09 W, 1980 MHz
2026/09/27 19:41:16.318, 1, 79641 MiB, 100 %, 332.17 W, 1980 MHz
2026/09/27 19:41:16.319, 2, 79641 MiB, 100 %, 329.60 W, 1980 MHz
2026/09/27 19:41:16.320, 3, 79641 MiB, 100 %, 328.08 W, 1980 MHz
2026/09/27 19:41:16.320, 4, 79641 MiB, 100 %, 321.75 W, 1980 MHz
2026/09/27 19:41:16.321, 5, 79641 MiB, 100 %, 323.33 W, 1980 MHz
2026/09/27 19:41:16.322, 6, 79641 MiB, 100 %, 333.25 W, 1980 MHz
2026/09/27 19:41:16.322, 7, 79641 MiB, 100 %, 322.14 W, 1980 MHz
2026/09/27 19:41:17.323, 0, 79641 MiB, 100 %, 534.84 W, 1770 MHz
2026/09/27 19:41:17.324, 1, 79641 MiB, 100 %, 508.28 W, 1980 MHz
2026/09/27 19:41:17.325, 2, 79641 MiB, 100 %, 493.27 W, 1980 MHz
2026/09/27 19:41:17.325, 3, 79641 MiB, 100 %, 490.98 W, 1980 MHz
2026/09/27 19:41:17.326, 4, 79641 MiB, 100 %, 483.90 W, 1980 MHz
2026/09/27 19:41:17.326, 5, 79641 MiB, 100 %, 510.11 W, 1980 MHz
2026/09/27 19:41:17.327, 6, 79641 MiB, 100 %, 501.98 W, 1980 MHz
2026/09/27 19:41:17.328, 7, 79641 MiB, 100 %, 500.07 W, 1980 MHz
2026/09/27 19:41:18.328, 0, 79641 MiB, 100 %, 503.88 W, 1710 MHz
2026/09/27 19:41:18.329, 1, 79641 MiB, 100 %, 528.01 W, 1980 MHz
2026/09/27 19:41:18.330, 2, 79641 MiB, 100 %, 528.89 W, 1980 MHz
2026/09/27 19:41:18.331, 3, 79641 MiB, 100 %, 519.59 W, 1980 MHz
2026/09/27 19:41:18.331, 4, 79641 MiB, 100 %, 521.85 W, 1980 MHz
2026/09/27 19:41:18.332, 5, 79641 MiB, 100 %, 541.20 W, 1980 MHz
2026/09/27 19:41:18.333, 6, 79641 MiB, 100 %, 541.07 W, 1980 MHz
2026/09/27 19:41:18.333, 7, 79641 MiB, 100 %, 515.18 W, 1980 MHz
2026/09/27 19:41:19.334, 0, 79641 MiB, 100 %, 526.22 W, 1590 MHz
2026/09/27 19:41:19.335, 1, 79641 MiB, 100 %, 553.25 W, 1980 MHz
2026/09/27 19:41:19.336, 2, 79641 MiB, 100 %, 537.40 W, 1980 MHz
2026/09/27 19:41:19.336, 3, 79641 MiB, 100 %, 526.46 W, 1980 MHz
2026/09/27 19:41:19.337, 4, 79641 MiB, 100 %, 525.09 W, 1980 MHz
2026/09/27 19:41:19.337, 5, 79641 MiB, 100 %, 548.17 W, 1980 MHz
2026/09/27 19:41:19.338, 6, 79641 MiB, 100 %, 549.13 W, 1980 MHz
2026/09/27 19:41:19.339, 7, 79641 MiB, 100 %, 530.25 W, 1980 MHz
2026/09/27 19:41:20.339, 0, 79641 MiB, 100 %, 525.28 W, 1680 MHz
2026/09/27 19:41:20.340, 1, 79641 MiB, 100 %, 544.18 W, 1980 MHz
2026/09/27 19:41:20.341, 2, 79641 MiB, 100 %, 535.16 W, 1980 MHz
2026/09/27 19:41:20.342, 3, 79641 MiB, 100 %, 531.85 W, 1980 MHz
2026/09/27 19:41:20.342, 4, 79641 MiB, 100 %, 521.44 W, 1980 MHz
2026/09/27 19:41:20.343, 5, 79641 MiB, 100 %, 552.51 W, 1980 MHz
2026/09/27 19:41:20.344, 6, 79641 MiB, 100 %, 544.71 W, 1980 MHz
2026/09/27 19:41:20.344, 7, 79641 MiB, 100 %, 525.94 W, 1980 MHz
2026/09/27 19:41:21.345, 0, 79641 MiB, 100 %, 538.29 W, 1815 MHz
2026/09/27 19:41:21.346, 1, 79641 MiB, 100 %, 533.91 W, 1980 MHz
2026/09/27 19:41:21.347, 2, 79641 MiB, 100 %, 531.78 W, 1980 MHz
2026/09/27 19:41:21.348, 3, 79641 MiB, 100 %, 528.08 W, 1980 MHz
2026/09/27 19:41:21.348, 4, 79641 MiB, 100 %, 517.08 W, 1980 MHz
2026/09/27 19:41:21.349, 5, 79641 MiB, 100 %, 537.28 W, 1980 MHz
2026/09/27 19:41:21.350, 6, 79641 MiB, 100 %, 538.02 W, 1980 MHz
2026/09/27 19:41:21.351, 7, 79641 MiB, 100 %, 520.13 W, 1980 MHz
2026/09/27 19:41:22.351, 0, 79641 MiB, 100 %, 542.95 W, 1590 MHz
2026/09/27 19:41:22.352, 1, 79641 MiB, 100 %, 556.55 W, 1980 MHz
2026/09/27 19:41:22.353, 2, 79641 MiB, 100 %, 541.72 W, 1980 MHz
2026/09/27 19:41:22.354, 3, 79641 MiB, 100 %, 541.47 W, 1980 MHz
2026/09/27 19:41:22.354, 4, 79641 MiB, 100 %, 524.22 W, 1980 MHz
2026/09/27 19:41:22.355, 5, 79641 MiB, 100 %, 551.54 W, 1980 MHz
2026/09/27 19:41:22.356, 6, 79641 MiB, 100 %, 547.57 W, 1980 MHz
2026/09/27 19:41:22.356, 7, 79641 MiB, 100 %, 536.87 W, 1980 MHz
2026/09/27 19:41:23.357, 0, 79641 MiB, 100 %, 539.27 W, 1905 MHz
2026/09/27 19:41:23.358, 1, 79641 MiB, 100 %, 549.77 W, 1980 MHz
2026/09/27 19:41:23.359, 2, 79641 MiB, 100 %, 549.73 W, 1980 MHz
2026/09/27 19:41:23.359, 3, 79641 MiB, 100 %, 535.96 W, 1980 MHz
2026/09/27 19:41:23.360, 4, 79641 MiB, 100 %, 535.03 W, 1980 MHz
2026/09/27 19:41:23.361, 5, 79641 MiB, 100 %, 548.43 W, 1980 MHz
2026/09/27 19:41:23.361, 6, 79641 MiB, 100 %, 539.52 W, 1980 MHz
2026/09/27 19:41:23.362, 7, 79641 MiB, 100 %, 534.25 W, 1980 MHz
2026/09/27 19:41:24.363, 0, 79641 MiB, 100 %, 547.48 W, 1785 MHz
2026/09/27 19:41:24.364, 1, 79641 MiB, 100 %, 537.87 W, 1980 MHz
2026/09/27 19:41:24.364, 2, 79641 MiB, 100 %, 530.45 W, 1980 MHz
2026/09/27 19:41:24.365, 3, 79641 MiB, 100 %, 529.44 W, 1980 MHz
2026/09/27 19:41:24.366, 4, 79641 MiB, 100 %, 518.29 W, 1980 MHz
2026/09/27 19:41:24.366, 5, 79641 MiB, 100 %, 545.59 W, 1980 MHz
2026/09/27 19:41:24.367, 6, 79641 MiB, 100 %, 539.28 W, 1980 MHz
2026/09/27 19:41:24.367, 7, 79641 MiB, 100 %, 523.35 W, 1980 MHz
2026/09/27 19:41:25.368, 0, 79641 MiB, 100 %, 510.36 W, 1575 MHz
2026/09/27 19:41:25.369, 1, 79641 MiB, 100 %, 542.79 W, 1980 MHz
2026/09/27 19:41:25.370, 2, 79641 MiB, 100 %, 533.70 W, 1980 MHz
2026/09/27 19:41:25.370, 3, 79641 MiB, 100 %, 526.25 W, 1980 MHz
2026/09/27 19:41:25.371, 4, 79641 MiB, 100 %, 516.81 W, 1980 MHz
2026/09/27 19:41:25.371, 5, 79641 MiB, 100 %, 538.64 W, 1980 MHz
2026/09/27 19:41:25.372, 6, 79641 MiB, 100 %, 541.96 W, 1980 MHz
2026/09/27 19:41:25.373, 7, 79641 MiB, 100 %, 525.36 W, 1980 MHz
2026/09/27 19:41:26.373, 0, 79641 MiB, 100 %, 508.91 W, 1770 MHz
2026/09/27 19:41:26.375, 1, 79641 MiB, 100 %, 540.55 W, 1980 MHz
2026/09/27 19:41:26.375, 2, 79641 MiB, 100 %, 535.18 W, 1980 MHz
2026/09/27 19:41:26.376, 3, 79641 MiB, 100 %, 534.87 W, 1980 MHz
2026/09/27 19:41:26.377, 4, 79641 MiB, 100 %, 523.71 W, 1980 MHz
2026/09/27 19:41:26.377, 5, 79641 MiB, 100 %, 543.93 W, 1980 MHz
2026/09/27 19:41:26.378, 6, 79641 MiB, 100 %, 543.93 W, 1980 MHz
2026/09/27 19:41:26.379, 7, 79641 MiB, 100 %, 529.55 W, 1980 MHz
2026/09/27 19:41:27.379, 0, 79641 MiB, 100 %, 517.11 W, 1755 MHz
2026/09/27 19:41:27.380, 1, 79641 MiB, 100 %, 536.45 W, 1980 MHz
2026/09/27 19:41:27.381, 2, 79641 MiB, 100 %, 531.15 W, 1980 MHz
2026/09/27 19:41:27.381, 3, 79641 MiB, 100 %, 534.93 W, 1980 MHz
2026/09/27 19:41:27.382, 4, 79641 MiB, 100 %, 519.27 W, 1980 MHz
2026/09/27 19:41:27.383, 5, 79641 MiB, 100 %, 546.14 W, 1980 MHz
2026/09/27 19:41:27.383, 6, 79641 MiB, 100 %, 536.82 W, 1980 MHz
2026/09/27 19:41:27.384, 7, 79641 MiB, 100 %, 524.61 W, 1980 MHz
2026/09/27 19:41:28.385, 0, 79641 MiB, 100 %, 520.66 W, 1650 MHz
2026/09/27 19:41:28.385, 1, 79641 MiB, 100 %, 541.32 W, 1980 MHz
2026/09/27 19:41:28.386, 2, 79641 MiB, 100 %, 533.71 W, 1980 MHz
2026/09/27 19:41:28.387, 3, 79641 MiB, 100 %, 530.31 W, 1980 MHz
2026/09/27 19:41:28.387, 4, 79641 MiB, 100 %, 521.25 W, 1980 MHz
2026/09/27 19:41:28.388, 5, 79641 MiB, 100 %, 541.79 W, 1980 MHz
2026/09/27 19:41:28.389, 6, 79641 MiB, 100 %, 533.86 W, 1980 MHz
2026/09/27 19:41:28.389, 7, 79641 MiB, 100 %, 522.34 W, 1980 MHz
2026/09/27 19:41:29.390, 0, 79641 MiB, 100 %, 507.45 W, 1740 MHz
2026/09/27 19:41:29.391, 1, 79641 MiB, 100 %, 538.48 W, 1980 MHz
2026/09/27 19:41:29.391, 2, 79641 MiB, 100 %, 532.73 W, 1980 MHz
2026/09/27 19:41:29.392, 3, 79641 MiB, 100 %, 530.35 W, 1980 MHz
2026/09/27 19:41:29.393, 4, 79641 MiB, 100 %, 519.82 W, 1980 MHz
2026/09/27 19:41:29.393, 5, 79641 MiB, 100 %, 542.43 W, 1980 MHz
2026/09/27 19:41:29.394, 6, 79641 MiB, 100 %, 534.68 W, 1980 MHz
2026/09/27 19:41:29.395, 7, 79641 MiB, 100 %, 527.73 W, 1980 MHz
2026/09/27 19:41:30.396, 0, 79641 MiB, 100 %, 516.04 W, 1710 MHz
2026/09/27 19:41:30.396, 1, 79641 MiB, 100 %, 544.49 W, 1980 MHz
2026/09/27 19:41:30.397, 2, 79641 MiB, 100 %, 533.89 W, 1980 MHz
2026/09/27 19:41:30.398, 3, 79641 MiB, 100 %, 540.94 W, 1980 MHz
2026/09/27 19:41:30.398, 4, 79641 MiB, 100 %, 523.85 W, 1980 MHz
2026/09/27 19:41:30.399, 5, 79641 MiB, 100 %, 547.53 W, 1980 MHz
2026/09/27 19:41:30.400, 6, 79641 MiB, 100 %, 540.86 W, 1980 MHz
2026/09/27 19:41:30.400, 7, 79641 MiB, 100 %, 529.65 W, 1980 MHz
2026/09/27 19:41:31.401, 0, 79641 MiB, 100 %, 532.41 W, 1710 MHz
2026/09/27 19:41:31.402, 1, 79641 MiB, 100 %, 541.72 W, 1980 MHz
2026/09/27 19:41:31.403, 2, 79641 MiB, 100 %, 537.36 W, 1980 MHz
2026/09/27 19:41:31.403, 3, 79641 MiB, 100 %, 529.99 W, 1980 MHz
2026/09/27 19:41:31.404, 4, 79641 MiB, 100 %, 525.20 W, 1980 MHz
2026/09/27 19:41:31.405, 5, 79641 MiB, 100 %, 545.61 W, 1980 MHz
2026/09/27 19:41:31.405, 6, 79641 MiB, 100 %, 544.40 W, 1980 MHz
2026/09/27 19:41:31.406, 7, 79641 MiB, 100 %, 527.56 W, 1980 MHz
2026/09/27 19:41:32.407, 0, 79641 MiB, 100 %, 514.30 W, 1650 MHz
2026/09/27 19:41:32.408, 1, 79641 MiB, 100 %, 536.80 W, 1980 MHz
2026/09/27 19:41:32.408, 2, 79641 MiB, 100 %, 538.54 W, 1980 MHz
2026/09/27 19:41:32.409, 3, 79641 MiB, 100 %, 523.51 W, 1980 MHz
2026/09/27 19:41:32.410, 4, 79641 MiB, 100 %, 522.48 W, 1980 MHz
2026/09/27 19:41:32.410, 5, 79641 MiB, 100 %, 539.37 W, 1980 MHz
2026/09/27 19:41:32.411, 6, 79641 MiB, 100 %, 535.93 W, 1980 MHz
2026/09/27 19:41:32.412, 7, 79641 MiB, 100 %, 526.09 W, 1980 MHz
2026/09/27 19:41:33.412, 0, 79641 MiB, 100 %, 515.10 W, 1590 MHz
2026/09/27 19:41:33.413, 1, 79641 MiB, 100 %, 537.49 W, 1980 MHz
2026/09/27 19:41:33.414, 2, 79641 MiB, 100 %, 528.73 W, 1980 MHz
2026/09/27 19:41:33.415, 3, 79641 MiB, 100 %, 529.41 W, 1980 MHz
2026/09/27 19:41:33.415, 4, 79641 MiB, 100 %, 515.96 W, 1980 MHz
2026/09/27 19:41:33.416, 5, 79641 MiB, 100 %, 543.85 W, 1980 MHz
2026/09/27 19:41:33.417, 6, 79641 MiB, 100 %, 532.87 W, 1980 MHz
2026/09/27 19:41:33.417, 7, 79641 MiB, 100 %, 527.85 W, 1980 MHz
2026/09/27 19:41:34.418, 0, 79641 MiB, 100 %, 486.57 W, 1575 MHz
2026/09/27 19:41:34.419, 1, 79641 MiB, 100 %, 535.14 W, 1980 MHz
2026/09/27 19:41:34.419, 2, 79641 MiB, 100 %, 529.84 W, 1980 MHz
2026/09/27 19:41:34.420, 3, 79641 MiB, 100 %, 530.67 W, 1980 MHz
2026/09/27 19:41:34.421, 4, 79641 MiB, 100 %, 515.22 W, 1980 MHz
2026/09/27 19:41:34.421, 5, 79641 MiB, 100 %, 540.55 W, 1980 MHz
2026/09/27 19:41:34.422, 6, 79641 MiB, 100 %, 536.64 W, 1980 MHz
2026/09/27 19:41:34.422, 7, 79641 MiB, 100 %, 529.78 W, 1980 MHz
2026/09/27 19:41:35.423, 0, 79641 MiB, 100 %, 505.46 W, 1530 MHz
2026/09/27 19:41:35.424, 1, 79641 MiB, 100 %, 536.05 W, 1980 MHz
2026/09/27 19:41:35.425, 2, 79641 MiB, 100 %, 530.88 W, 1980 MHz
2026/09/27 19:41:35.426, 3, 79641 MiB, 100 %, 532.13 W, 1980 MHz
2026/09/27 19:41:35.426, 4, 79641 MiB, 100 %, 517.27 W, 1980 MHz
2026/09/27 19:41:35.427, 5, 79641 MiB, 100 %, 539.06 W, 1980 MHz
2026/09/27 19:41:35.428, 6, 79641 MiB, 100 %, 525.95 W, 1980 MHz
2026/09/27 19:41:35.428, 7, 79641 MiB, 100 %, 520.89 W, 1980 MHz
2026/09/27 19:41:36.429, 0, 79641 MiB, 100 %, 514.35 W, 1725 MHz
2026/09/27 19:41:36.430, 1, 79641 MiB, 100 %, 540.07 W, 1980 MHz
2026/09/27 19:41:36.431, 2, 79641 MiB, 100 %, 531.41 W, 1980 MHz
2026/09/27 19:41:36.432, 3, 79641 MiB, 100 %, 524.80 W, 1980 MHz
2026/09/27 19:41:36.433, 4, 79641 MiB, 100 %, 516.56 W, 1980 MHz
2026/09/27 19:41:36.433, 5, 79641 MiB, 100 %, 541.30 W, 1980 MHz
2026/09/27 19:41:36.434, 6, 79641 MiB, 100 %, 538.31 W, 1980 MHz
2026/09/27 19:41:36.435, 7, 79641 MiB, 100 %, 521.26 W, 1980 MHz
2026/09/27 19:41:37.435, 0, 79641 MiB, 100 %, 506.24 W, 1710 MHz
2026/09/27 19:41:37.436, 1, 79641 MiB, 100 %, 540.46 W, 1980 MHz
2026/09/27 19:41:37.437, 2, 79641 MiB, 100 %, 538.44 W, 1980 MHz
2026/09/27 19:41:37.438, 3, 79641 MiB, 100 %, 532.90 W, 1980 MHz
2026/09/27 19:41:37.438, 4, 79641 MiB, 100 %, 531.69 W, 1980 MHz
2026/09/27 19:41:37.439, 5, 79641 MiB, 100 %, 545.37 W, 1980 MHz
2026/09/27 19:41:37.440, 6, 79641 MiB, 100 %, 542.52 W, 1980 MHz
2026/09/27 19:41:37.440, 7, 79641 MiB, 100 %, 533.30 W, 1980 MHz
2026/09/27 19:41:38.441, 0, 79641 MiB, 100 %, 498.40 W, 1620 MHz
2026/09/27 19:41:38.442, 1, 79641 MiB, 100 %, 537.41 W, 1980 MHz
2026/09/27 19:41:38.443, 2, 79641 MiB, 100 %, 538.68 W, 1980 MHz
2026/09/27 19:41:38.443, 3, 79641 MiB, 100 %, 515.46 W, 1980 MHz
2026/09/27 19:41:38.444, 4, 79641 MiB, 100 %, 523.54 W, 1980 MHz
2026/09/27 19:41:38.444, 5, 79641 MiB, 100 %, 543.23 W, 1980 MHz
2026/09/27 19:41:38.445, 6, 79641 MiB, 100 %, 531.31 W, 1980 MHz
2026/09/27 19:41:38.446, 7, 79641 MiB, 100 %, 523.58 W, 1980 MHz
2026/09/27 19:41:39.446, 0, 79641 MiB, 100 %, 515.28 W, 1725 MHz
2026/09/27 19:41:39.447, 1, 79641 MiB, 100 %, 532.17 W, 1980 MHz
2026/09/27 19:41:39.448, 2, 79641 MiB, 100 %, 534.02 W, 1980 MHz
2026/09/27 19:41:39.448, 3, 79641 MiB, 100 %, 524.24 W, 1980 MHz
2026/09/27 19:41:39.449, 4, 79641 MiB, 100 %, 517.56 W, 1980 MHz
2026/09/27 19:41:39.449, 5, 79641 MiB, 100 %, 535.02 W, 1980 MHz
2026/09/27 19:41:39.450, 6, 79641 MiB, 100 %, 531.98 W, 1980 MHz
2026/09/27 19:41:39.451, 7, 79641 MiB, 100 %, 526.60 W, 1980 MHz
2026/09/27 19:41:40.451, 0, 79641 MiB, 100 %, 522.50 W, 1575 MHz
2026/09/27 19:41:40.452, 1, 79641 MiB, 100 %, 545.96 W, 1980 MHz
2026/09/27 19:41:40.453, 2, 79641 MiB, 100 %, 534.61 W, 1980 MHz
2026/09/27 19:41:40.454, 3, 79641 MiB, 100 %, 538.46 W, 1980 MHz
2026/09/27 19:41:40.454, 4, 79641 MiB, 100 %, 525.51 W, 1980 MHz
2026/09/27 19:41:40.455, 5, 79641 MiB, 100 %, 546.40 W, 1980 MHz
2026/09/27 19:41:40.455, 6, 79641 MiB, 100 %, 545.82 W, 1980 MHz
2026/09/27 19:41:40.456, 7, 79641 MiB, 100 %, 527.26 W, 1980 MHz
2026/09/27 19:41:41.457, 0, 79641 MiB, 100 %, 502.86 W, 1500 MHz
2026/09/27 19:41:41.458, 1, 79641 MiB, 100 %, 541.98 W, 1980 MHz
2026/09/27 19:41:41.459, 2, 79641 MiB, 100 %, 540.46 W, 1980 MHz
2026/09/27 19:41:41.459, 3, 79641 MiB, 100 %, 535.55 W, 1980 MHz
2026/09/27 19:41:41.460, 4, 79641 MiB, 100 %, 522.15 W, 1980 MHz
2026/09/27 19:41:41.461, 5, 79641 MiB, 100 %, 548.80 W, 1980 MHz
2026/09/27 19:41:41.461, 6, 79641 MiB, 100 %, 546.44 W, 1980 MHz
2026/09/27 19:41:41.462, 7, 79641 MiB, 100 %, 537.99 W, 1980 MHz
2026/09/27 19:41:42.462, 0, 79641 MiB, 100 %, 510.29 W, 1770 MHz
2026/09/27 19:41:42.463, 1, 79641 MiB, 100 %, 535.99 W, 1980 MHz
2026/09/27 19:41:42.464, 2, 79641 MiB, 100 %, 541.02 W, 1980 MHz
2026/09/27 19:41:42.465, 3, 79641 MiB, 100 %, 524.92 W, 1980 MHz
2026/09/27 19:41:42.465, 4, 79641 MiB, 100 %, 517.66 W, 1980 MHz
2026/09/27 19:41:42.466, 5, 79641 MiB, 100 %, 536.12 W, 1980 MHz
2026/09/27 19:41:42.466, 6, 79641 MiB, 100 %, 530.33 W, 1980 MHz
2026/09/27 19:41:42.467, 7, 79641 MiB, 100 %, 523.71 W, 1980 MHz
2026/09/27 19:41:43.468, 0, 79641 MiB, 100 %, 512.16 W, 1560 MHz
2026/09/27 19:41:43.469, 1, 79641 MiB, 100 %, 535.79 W, 1980 MHz
2026/09/27 19:41:43.469, 2, 79641 MiB, 100 %, 522.02 W, 1980 MHz
2026/09/27 19:41:43.470, 3, 79641 MiB, 100 %, 526.14 W, 1980 MHz
2026/09/27 19:41:43.471, 4, 79641 MiB, 100 %, 521.44 W, 1980 MHz
2026/09/27 19:41:43.471, 5, 79641 MiB, 100 %, 539.20 W, 1980 MHz
2026/09/27 19:41:43.472, 6, 79641 MiB, 100 %, 541.88 W, 1980 MHz
2026/09/27 19:41:43.472, 7, 79641 MiB, 100 %, 522.24 W, 1980 MHz
2026/09/27 19:41:44.473, 0, 79641 MiB, 100 %, 521.73 W, 1665 MHz
2026/09/27 19:41:44.474, 1, 79641 MiB, 100 %, 556.98 W, 1980 MHz
2026/09/27 19:41:44.475, 2, 79641 MiB, 100 %, 545.53 W, 1980 MHz
2026/09/27 19:41:44.475, 3, 79641 MiB, 100 %, 537.78 W, 1980 MHz
2026/09/27 19:41:44.476, 4, 79641 MiB, 100 %, 528.09 W, 1980 MHz
2026/09/27 19:41:44.476, 5, 79641 MiB, 100 %, 549.88 W, 1980 MHz
2026/09/27 19:41:44.477, 6, 79641 MiB, 100 %, 545.94 W, 1980 MHz
2026/09/27 19:41:44.478, 7, 79641 MiB, 100 %, 533.38 W, 1980 MHz
2026/09/27 19:41:45.478, 0, 79641 MiB, 100 %, 457.73 W, 1980 MHz
2026/09/27 19:41:45.479, 1, 79641 MiB, 100 %, 467.28 W, 1980 MHz
2026/09/27 19:41:45.480, 2, 79641 MiB, 100 %, 443.56 W, 1980 MHz
2026/09/27 19:41:45.481, 3, 79641 MiB, 100 %, 449.55 W, 1980 MHz
2026/09/27 19:41:45.481, 4, 79641 MiB, 100 %, 450.30 W, 1980 MHz
2026/09/27 19:41:45.482, 5, 79641 MiB, 100 %, 442.38 W, 1980 MHz
2026/09/27 19:41:45.482, 6, 79641 MiB, 100 %, 450.71 W, 1980 MHz
2026/09/27 19:41:45.483, 7, 79641 MiB, 100 %, 450.25 W, 1980 MHz
2026/09/27 19:41:46.484, 0, 79641 MiB, 100 %, 396.94 W, 1980 MHz
2026/09/27 19:41:46.485, 1, 79641 MiB, 100 %, 333.48 W, 1980 MHz
2026/09/27 19:41:46.486, 2, 79641 MiB, 100 %, 331.09 W, 1980 MHz
2026/09/27 19:41:46.486, 3, 79641 MiB, 100 %, 329.41 W, 1980 MHz
2026/09/27 19:41:46.487, 4, 79641 MiB, 100 %, 321.99 W, 1980 MHz
2026/09/27 19:41:46.488, 5, 79641 MiB, 100 %, 327.32 W, 1980 MHz
2026/09/27 19:41:46.488, 6, 79641 MiB, 100 %, 333.72 W, 1980 MHz
2026/09/27 19:41:46.489, 7, 79641 MiB, 100 %, 325.64 W, 1980 MHz
2026/09/27 19:41:47.489, 0, 79641 MiB, 93 %, 429.98 W, 1980 MHz
2026/09/27 19:41:47.491, 1, 79641 MiB, 99 %, 359.25 W, 1980 MHz
2026/09/27 19:41:47.491, 2, 79641 MiB, 100 %, 356.56 W, 1980 MHz
2026/09/27 19:41:47.492, 3, 79641 MiB, 100 %, 350.95 W, 1980 MHz
2026/09/27 19:41:47.493, 4, 79641 MiB, 93 %, 340.31 W, 1980 MHz
2026/09/27 19:41:47.493, 5, 79641 MiB, 92 %, 371.47 W, 1980 MHz
2026/09/27 19:41:47.494, 6, 79641 MiB, 93 %, 373.45 W, 1980 MHz
2026/09/27 19:41:47.494, 7, 79641 MiB, 93 %, 347.90 W, 1980 MHz
2026/09/27 19:41:48.495, 0, 79641 MiB, 100 %, 550.52 W, 1560 MHz
2026/09/27 19:41:48.496, 1, 79641 MiB, 100 %, 536.51 W, 1980 MHz
2026/09/27 19:41:48.497, 2, 79641 MiB, 100 %, 532.23 W, 1980 MHz
2026/09/27 19:41:48.497, 3, 79641 MiB, 100 %, 527.87 W, 1980 MHz
2026/09/27 19:41:48.498, 4, 79641 MiB, 100 %, 520.27 W, 1980 MHz
2026/09/27 19:41:48.499, 5, 79641 MiB, 100 %, 546.98 W, 1980 MHz
2026/09/27 19:41:48.499, 6, 79641 MiB, 100 %, 543.78 W, 1980 MHz
2026/09/27 19:41:48.500, 7, 79641 MiB, 100 %, 525.11 W, 1980 MHz
2026/09/27 19:41:49.500, 0, 79641 MiB, 100 %, 518.87 W, 1860 MHz
2026/09/27 19:41:49.501, 1, 79641 MiB, 100 %, 540.66 W, 1980 MHz
2026/09/27 19:41:49.502, 2, 79641 MiB, 100 %, 531.90 W, 1980 MHz
2026/09/27 19:41:49.503, 3, 79641 MiB, 100 %, 522.77 W, 1980 MHz
2026/09/27 19:41:49.503, 4, 79641 MiB, 100 %, 520.92 W, 1980 MHz
2026/09/27 19:41:49.504, 5, 79641 MiB, 100 %, 541.36 W, 1980 MHz
2026/09/27 19:41:49.505, 6, 79641 MiB, 100 %, 546.73 W, 1980 MHz
2026/09/27 19:41:49.505, 7, 79641 MiB, 100 %, 520.46 W, 1980 MHz
2026/09/27 19:41:50.506, 0, 79641 MiB, 100 %, 533.26 W, 1875 MHz
2026/09/27 19:41:50.507, 1, 79641 MiB, 100 %, 543.88 W, 1980 MHz
2026/09/27 19:41:50.508, 2, 79641 MiB, 100 %, 530.87 W, 1980 MHz
2026/09/27 19:41:50.508, 3, 79641 MiB, 100 %, 528.32 W, 1980 MHz
2026/09/27 19:41:50.509, 4, 79641 MiB, 100 %, 528.76 W, 1980 MHz
2026/09/27 19:41:50.510, 5, 79641 MiB, 100 %, 548.59 W, 1980 MHz
2026/09/27 19:41:50.510, 6, 79641 MiB, 100 %, 552.01 W, 1980 MHz
2026/09/27 19:41:50.511, 7, 79641 MiB, 100 %, 536.07 W, 1980 MHz
2026/09/27 19:41:51.511, 0, 79641 MiB, 100 %, 543.33 W, 1785 MHz
2026/09/27 19:41:51.513, 1, 79641 MiB, 100 %, 545.40 W, 1980 MHz
2026/09/27 19:41:51.514, 2, 79641 MiB, 100 %, 540.66 W, 1980 MHz
2026/09/27 19:41:51.514, 3, 79641 MiB, 100 %, 530.00 W, 1980 MHz
2026/09/27 19:41:51.515, 4, 79641 MiB, 100 %, 525.47 W, 1980 MHz
2026/09/27 19:41:51.515, 5, 79641 MiB, 100 %, 547.70 W, 1980 MHz
2026/09/27 19:41:51.516, 6, 79641 MiB, 100 %, 544.11 W, 1980 MHz
2026/09/27 19:41:51.517, 7, 79641 MiB, 100 %, 529.68 W, 1980 MHz
2026/09/27 19:41:52.517, 0, 79641 MiB, 100 %, 532.54 W, 1845 MHz
2026/09/27 19:41:52.518, 1, 79641 MiB, 100 %, 528.63 W, 1980 MHz
2026/09/27 19:41:52.519, 2, 79641 MiB, 100 %, 532.37 W, 1980 MHz
2026/09/27 19:41:52.520, 3, 79641 MiB, 100 %, 532.31 W, 1980 MHz
2026/09/27 19:41:52.520, 4, 79641 MiB, 100 %, 510.13 W, 1980 MHz
2026/09/27 19:41:52.521, 5, 79641 MiB, 100 %, 546.30 W, 1980 MHz
2026/09/27 19:41:52.522, 6, 79641 MiB, 100 %, 539.17 W, 1980 MHz
2026/09/27 19:41:52.522, 7, 79641 MiB, 100 %, 516.88 W, 1980 MHz
2026/09/27 19:41:53.523, 0, 79641 MiB, 100 %, 540.13 W, 1815 MHz
2026/09/27 19:41:53.524, 1, 79641 MiB, 100 %, 548.18 W, 1980 MHz
2026/09/27 19:41:53.525, 2, 79641 MiB, 100 %, 539.02 W, 1980 MHz
2026/09/27 19:41:53.525, 3, 79641 MiB, 100 %, 527.06 W, 1980 MHz
2026/09/27 19:41:53.526, 4, 79641 MiB, 100 %, 529.23 W, 1980 MHz
2026/09/27 19:41:53.527, 5, 79641 MiB, 100 %, 546.08 W, 1980 MHz
2026/09/27 19:41:53.527, 6, 79641 MiB, 100 %, 545.55 W, 1980 MHz
2026/09/27 19:41:53.528, 7, 79641 MiB, 100 %, 527.22 W, 1980 MHz
2026/09/27 19:41:54.529, 0, 79641 MiB, 100 %, 528.60 W, 1785 MHz
2026/09/27 19:41:54.529, 1, 79641 MiB, 100 %, 551.21 W, 1980 MHz
2026/09/27 19:41:54.530, 2, 79641 MiB, 100 %, 549.21 W, 1980 MHz
2026/09/27 19:41:54.531, 3, 79641 MiB, 100 %, 533.79 W, 1980 MHz
2026/09/27 19:41:54.531, 4, 79641 MiB, 100 %, 533.23 W, 1980 MHz
2026/09/27 19:41:54.532, 5, 79641 MiB, 100 %, 554.79 W, 1980 MHz
2026/09/27 19:41:54.533, 6, 79641 MiB, 100 %, 546.05 W, 1980 MHz
2026/09/27 19:41:54.533, 7, 79641 MiB, 100 %, 528.91 W, 1980 MHz
2026/09/27 19:41:55.534, 0, 79641 MiB, 100 %, 509.97 W, 1755 MHz
2026/09/27 19:41:55.535, 1, 79641 MiB, 100 %, 531.89 W, 1980 MHz
2026/09/27 19:41:55.535, 2, 79641 MiB, 100 %, 534.56 W, 1980 MHz
2026/09/27 19:41:55.536, 3, 79641 MiB, 100 %, 519.86 W, 1980 MHz
2026/09/27 19:41:55.537, 4, 79641 MiB, 100 %, 514.28 W, 1980 MHz
2026/09/27 19:41:55.537, 5, 79641 MiB, 100 %, 542.53 W, 1980 MHz
2026/09/27 19:41:55.538, 6, 79641 MiB, 100 %, 533.62 W, 1980 MHz
2026/09/27 19:41:55.539, 7, 79641 MiB, 100 %, 518.87 W, 1980 MHz
2026/09/27 19:41:56.539, 0, 79641 MiB, 100 %, 519.03 W, 1800 MHz
2026/09/27 19:41:56.541, 1, 79641 MiB, 100 %, 538.00 W, 1980 MHz
2026/09/27 19:41:56.541, 2, 79641 MiB, 100 %, 527.39 W, 1980 MHz
2026/09/27 19:41:56.542, 3, 79641 MiB, 100 %, 527.59 W, 1980 MHz
2026/09/27 19:41:56.543, 4, 79641 MiB, 100 %, 526.02 W, 1980 MHz
2026/09/27 19:41:56.543, 5, 79641 MiB, 100 %, 546.41 W, 1980 MHz
2026/09/27 19:41:56.544, 6, 79641 MiB, 100 %, 537.67 W, 1980 MHz
2026/09/27 19:41:56.544, 7, 79641 MiB, 100 %, 519.29 W, 1980 MHz
2026/09/27 19:41:57.545, 0, 79641 MiB, 100 %, 525.64 W, 1650 MHz
2026/09/27 19:41:57.546, 1, 79641 MiB, 100 %, 556.71 W, 1980 MHz
2026/09/27 19:41:57.547, 2, 79641 MiB, 100 %, 545.19 W, 1980 MHz
2026/09/27 19:41:57.547, 3, 79641 MiB, 100 %, 533.31 W, 1980 MHz
2026/09/27 19:41:57.548, 4, 79641 MiB, 100 %, 533.49 W, 1980 MHz
2026/09/27 19:41:57.548, 5, 79641 MiB, 100 %, 550.02 W, 1980 MHz
2026/09/27 19:41:57.549, 6, 79641 MiB, 100 %, 547.58 W, 1980 MHz
2026/09/27 19:41:57.550, 7, 79641 MiB, 100 %, 534.87 W, 1980 MHz
2026/09/27 19:41:58.550, 0, 79641 MiB, 100 %, 523.72 W, 1800 MHz
2026/09/27 19:41:58.551, 1, 79641 MiB, 100 %, 547.53 W, 1980 MHz
2026/09/27 19:41:58.552, 2, 79641 MiB, 100 %, 533.06 W, 1980 MHz
2026/09/27 19:41:58.553, 3, 79641 MiB, 100 %, 520.18 W, 1980 MHz
2026/09/27 19:41:58.553, 4, 79641 MiB, 100 %, 521.46 W, 1980 MHz
2026/09/27 19:41:58.554, 5, 79641 MiB, 100 %, 541.81 W, 1980 MHz
2026/09/27 19:41:58.555, 6, 79641 MiB, 100 %, 537.11 W, 1980 MHz
2026/09/27 19:41:58.555, 7, 79641 MiB, 100 %, 525.91 W, 1980 MHz
2026/09/27 19:41:59.556, 0, 79641 MiB, 100 %, 527.75 W, 1650 MHz
2026/09/27 19:41:59.557, 1, 79641 MiB, 100 %, 534.69 W, 1980 MHz
2026/09/27 19:41:59.558, 2, 79641 MiB, 100 %, 530.74 W, 1980 MHz
2026/09/27 19:41:59.558, 3, 79641 MiB, 100 %, 532.81 W, 1980 MHz
2026/09/27 19:41:59.559, 4, 79641 MiB, 100 %, 519.44 W, 1980 MHz
2026/09/27 19:41:59.559, 5, 79641 MiB, 100 %, 533.53 W, 1980 MHz
2026/09/27 19:41:59.560, 6, 79641 MiB, 100 %, 535.41 W, 1980 MHz
2026/09/27 19:41:59.561, 7, 79641 MiB, 100 %, 520.31 W, 1980 MHz
2026/09/27 19:42:00.561, 0, 79641 MiB, 100 %, 525.19 W, 1650 MHz
2026/09/27 19:42:00.562, 1, 79641 MiB, 100 %, 555.07 W, 1980 MHz
2026/09/27 19:42:00.563, 2, 79641 MiB, 100 %, 539.74 W, 1980 MHz
2026/09/27 19:42:00.563, 3, 79641 MiB, 100 %, 534.14 W, 1980 MHz
2026/09/27 19:42:00.564, 4, 79641 MiB, 100 %, 528.94 W, 1980 MHz
2026/09/27 19:42:00.565, 5, 79641 MiB, 100 %, 552.29 W, 1980 MHz
2026/09/27 19:42:00.565, 6, 79641 MiB, 100 %, 543.18 W, 1980 MHz
2026/09/27 19:42:00.566, 7, 79641 MiB, 100 %, 533.05 W, 1980 MHz
2026/09/27 19:42:01.567, 0, 79641 MiB, 100 %, 535.52 W, 1770 MHz
2026/09/27 19:42:01.568, 1, 79641 MiB, 100 %, 553.88 W, 1980 MHz
2026/09/27 19:42:01.569, 2, 79641 MiB, 100 %, 545.25 W, 1980 MHz
2026/09/27 19:42:01.569, 3, 79641 MiB, 100 %, 534.55 W, 1980 MHz
2026/09/27 19:42:01.570, 4, 79641 MiB, 100 %, 532.00 W, 1980 MHz
2026/09/27 19:42:01.571, 5, 79641 MiB, 100 %, 559.59 W, 1980 MHz
2026/09/27 19:42:01.571, 6, 79641 MiB, 100 %, 547.41 W, 1980 MHz
2026/09/27 19:42:01.572, 7, 79641 MiB, 100 %, 533.84 W, 1980 MHz
2026/09/27 19:42:02.572, 0, 79641 MiB, 100 %, 517.38 W, 1830 MHz
2026/09/27 19:42:02.573, 1, 79641 MiB, 100 %, 530.23 W, 1980 MHz
2026/09/27 19:42:02.574, 2, 79641 MiB, 100 %, 520.95 W, 1980 MHz
2026/09/27 19:42:02.575, 3, 79641 MiB, 100 %, 520.39 W, 1980 MHz
2026/09/27 19:42:02.575, 4, 79641 MiB, 100 %, 510.04 W, 1980 MHz
2026/09/27 19:42:02.576, 5, 79641 MiB, 100 %, 531.42 W, 1980 MHz
2026/09/27 19:42:02.576, 6, 79641 MiB, 100 %, 532.29 W, 1980 MHz
2026/09/27 19:42:02.577, 7, 79641 MiB, 100 %, 516.15 W, 1980 MHz
2026/09/27 19:42:03.578, 0, 79641 MiB, 100 %, 573.68 W, 1815 MHz
2026/09/27 19:42:03.579, 1, 79641 MiB, 100 %, 557.47 W, 1980 MHz
2026/09/27 19:42:03.579, 2, 79641 MiB, 100 %, 552.58 W, 1980 MHz
2026/09/27 19:42:03.580, 3, 79641 MiB, 100 %, 539.13 W, 1980 MHz
2026/09/27 19:42:03.581, 4, 79641 MiB, 100 %, 537.72 W, 1980 MHz
2026/09/27 19:42:03.581, 5, 79641 MiB, 100 %, 562.27 W, 1980 MHz
2026/09/27 19:42:03.582, 6, 79641 MiB, 100 %, 551.23 W, 1980 MHz
2026/09/27 19:42:03.582, 7, 79641 MiB, 100 %, 537.11 W, 1980 MHz
2026/09/27 19:42:04.583, 0, 79641 MiB, 100 %, 502.13 W, 1725 MHz
2026/09/27 19:42:04.584, 1, 79641 MiB, 100 %, 537.76 W, 1980 MHz
2026/09/27 19:42:04.585, 2, 79641 MiB, 100 %, 540.05 W, 1980 MHz
2026/09/27 19:42:04.585, 3, 79641 MiB, 100 %, 534.07 W, 1980 MHz
2026/09/27 19:42:04.586, 4, 79641 MiB, 100 %, 520.30 W, 1980 MHz
2026/09/27 19:42:04.587, 5, 79641 MiB, 100 %, 545.50 W, 1980 MHz
2026/09/27 19:42:04.587, 6, 79641 MiB, 100 %, 536.59 W, 1980 MHz
2026/09/27 19:42:04.588, 7, 79641 MiB, 100 %, 531.99 W, 1980 MHz
2026/09/27 19:42:05.589, 0, 79641 MiB, 100 %, 512.83 W, 1740 MHz
2026/09/27 19:42:05.590, 1, 79641 MiB, 100 %, 536.32 W, 1980 MHz
2026/09/27 19:42:05.590, 2, 79641 MiB, 100 %, 530.08 W, 1980 MHz
2026/09/27 19:42:05.591, 3, 79641 MiB, 100 %, 527.96 W, 1980 MHz
2026/09/27 19:42:05.592, 4, 79641 MiB, 100 %, 508.48 W, 1980 MHz
2026/09/27 19:42:05.592, 5, 79641 MiB, 100 %, 538.11 W, 1980 MHz
2026/09/27 19:42:05.593, 6, 79641 MiB, 100 %, 539.83 W, 1980 MHz
2026/09/27 19:42:05.594, 7, 79641 MiB, 100 %, 525.29 W, 1980 MHz
2026/09/27 19:42:06.594, 0, 79641 MiB, 100 %, 513.79 W, 1575 MHz
2026/09/27 19:42:06.597, 1, 79641 MiB, 100 %, 537.78 W, 1980 MHz
2026/09/27 19:42:06.598, 2, 79641 MiB, 100 %, 541.54 W, 1980 MHz
2026/09/27 19:42:06.601, 3, 79641 MiB, 100 %, 530.91 W, 1980 MHz
2026/09/27 19:42:06.602, 4, 79641 MiB, 100 %, 523.29 W, 1980 MHz
2026/09/27 19:42:06.603, 5, 79641 MiB, 100 %, 543.92 W, 1980 MHz
2026/09/27 19:42:06.606, 6, 79641 MiB, 100 %, 538.06 W, 1980 MHz
2026/09/27 19:42:06.607, 7, 79641 MiB, 100 %, 527.16 W, 1980 MHz
2026/09/27 19:42:07.607, 0, 79641 MiB, 100 %, 513.41 W, 1740 MHz
2026/09/27 19:42:07.608, 1, 79641 MiB, 100 %, 542.84 W, 1980 MHz
2026/09/27 19:42:07.609, 2, 79641 MiB, 100 %, 535.60 W, 1980 MHz
2026/09/27 19:42:07.610, 3, 79641 MiB, 100 %, 532.73 W, 1980 MHz
2026/09/27 19:42:07.611, 4, 79641 MiB, 100 %, 521.87 W, 1980 MHz
2026/09/27 19:42:07.611, 5, 79641 MiB, 100 %, 544.98 W, 1980 MHz
2026/09/27 19:42:07.612, 6, 79641 MiB, 100 %, 536.73 W, 1980 MHz
2026/09/27 19:42:07.613, 7, 79641 MiB, 100 %, 530.47 W, 1980 MHz
2026/09/27 19:42:08.613, 0, 79641 MiB, 100 %, 511.74 W, 1710 MHz
2026/09/27 19:42:08.615, 1, 79641 MiB, 100 %, 540.43 W, 1980 MHz
2026/09/27 19:42:08.617, 2, 79641 MiB, 100 %, 535.32 W, 1980 MHz
2026/09/27 19:42:08.618, 3, 79641 MiB, 100 %, 536.92 W, 1980 MHz
2026/09/27 19:42:08.620, 4, 79641 MiB, 100 %, 525.57 W, 1980 MHz
2026/09/27 19:42:08.621, 5, 79641 MiB, 100 %, 549.26 W, 1980 MHz
2026/09/27 19:42:08.622, 6, 79641 MiB, 100 %, 542.87 W, 1980 MHz
2026/09/27 19:42:08.625, 7, 79641 MiB, 100 %, 522.72 W, 1980 MHz
2026/09/27 19:42:09.626, 0, 79641 MiB, 100 %, 518.91 W, 1695 MHz
2026/09/27 19:42:09.627, 1, 79641 MiB, 100 %, 538.13 W, 1980 MHz
2026/09/27 19:42:09.628, 2, 79641 MiB, 100 %, 537.75 W, 1980 MHz
2026/09/27 19:42:09.629, 3, 79641 MiB, 100 %, 527.18 W, 1980 MHz
2026/09/27 19:42:09.630, 4, 79641 MiB, 100 %, 527.89 W, 1980 MHz
2026/09/27 19:42:09.631, 5, 79641 MiB, 100 %, 544.69 W, 1980 MHz
2026/09/27 19:42:09.631, 6, 79641 MiB, 100 %, 537.01 W, 1980 MHz
2026/09/27 19:42:09.632, 7, 79641 MiB, 100 %, 528.53 W, 1980 MHz
2026/09/27 19:42:10.633, 0, 79641 MiB, 100 %, 522.19 W, 1800 MHz
2026/09/27 19:42:10.634, 1, 79641 MiB, 100 %, 542.84 W, 1980 MHz
2026/09/27 19:42:10.634, 2, 79641 MiB, 100 %, 535.99 W, 1980 MHz
2026/09/27 19:42:10.635, 3, 79641 MiB, 100 %, 529.86 W, 1980 MHz
2026/09/27 19:42:10.636, 4, 79641 MiB, 100 %, 523.27 W, 1980 MHz
2026/09/27 19:42:10.636, 5, 79641 MiB, 100 %, 539.36 W, 1980 MHz
2026/09/27 19:42:10.637, 6, 79641 MiB, 100 %, 528.60 W, 1980 MHz
2026/09/27 19:42:10.638, 7, 79641 MiB, 100 %, 530.43 W, 1980 MHz
2026/09/27 19:42:11.638, 0, 79641 MiB, 100 %, 486.79 W, 1500 MHz
2026/09/27 19:42:11.640, 1, 79641 MiB, 100 %, 539.25 W, 1980 MHz
2026/09/27 19:42:11.640, 2, 79641 MiB, 100 %, 526.01 W, 1980 MHz
2026/09/27 19:42:11.641, 3, 79641 MiB, 100 %, 528.73 W, 1980 MHz
2026/09/27 19:42:11.642, 4, 79641 MiB, 100 %, 513.35 W, 1980 MHz
2026/09/27 19:42:11.642, 5, 79641 MiB, 100 %, 542.20 W, 1980 MHz
2026/09/27 19:42:11.643, 6, 79641 MiB, 100 %, 534.09 W, 1980 MHz
2026/09/27 19:42:11.644, 7, 79641 MiB, 100 %, 516.51 W, 1980 MHz
2026/09/27 19:42:12.645, 0, 79641 MiB, 100 %, 499.90 W, 1785 MHz
2026/09/27 19:42:12.646, 1, 79641 MiB, 100 %, 541.37 W, 1980 MHz
2026/09/27 19:42:12.646, 2, 79641 MiB, 100 %, 531.74 W, 1980 MHz
2026/09/27 19:42:12.647, 3, 79641 MiB, 100 %, 528.24 W, 1980 MHz
2026/09/27 19:42:12.648, 4, 79641 MiB, 100 %, 527.00 W, 1980 MHz
2026/09/27 19:42:12.648, 5, 79641 MiB, 100 %, 544.28 W, 1980 MHz
2026/09/27 19:42:12.649, 6, 79641 MiB, 100 %, 536.91 W, 1980 MHz
2026/09/27 19:42:12.650, 7, 79641 MiB, 100 %, 523.03 W, 1980 MHz
2026/09/27 19:42:13.651, 0, 79641 MiB, 100 %, 518.11 W, 1575 MHz
2026/09/27 19:42:13.652, 1, 79641 MiB, 100 %, 545.92 W, 1980 MHz
2026/09/27 19:42:13.653, 2, 79641 MiB, 100 %, 537.55 W, 1980 MHz
2026/09/27 19:42:13.653, 3, 79641 MiB, 100 %, 534.58 W, 1980 MHz
2026/09/27 19:42:13.654, 4, 79641 MiB, 100 %, 519.47 W, 1980 MHz
2026/09/27 19:42:13.655, 5, 79641 MiB, 100 %, 542.76 W, 1980 MHz
2026/09/27 19:42:13.655, 6, 79641 MiB, 100 %, 531.46 W, 1980 MHz
2026/09/27 19:42:13.656, 7, 79641 MiB, 100 %, 524.22 W, 1980 MHz
2026/09/27 19:42:14.657, 0, 79641 MiB, 100 %, 517.56 W, 1800 MHz
2026/09/27 19:42:14.658, 1, 79641 MiB, 100 %, 539.80 W, 1980 MHz
2026/09/27 19:42:14.658, 2, 79641 MiB, 100 %, 535.66 W, 1980 MHz
2026/09/27 19:42:14.659, 3, 79641 MiB, 100 %, 528.92 W, 1980 MHz
2026/09/27 19:42:14.660, 4, 79641 MiB, 100 %, 523.96 W, 1980 MHz
2026/09/27 19:42:14.660, 5, 79641 MiB, 100 %, 537.20 W, 1980 MHz
2026/09/27 19:42:14.661, 6, 79641 MiB, 100 %, 537.57 W, 1980 MHz
2026/09/27 19:42:14.662, 7, 79641 MiB, 100 %, 523.91 W, 1980 MHz
2026/09/27 19:42:15.662, 0, 79641 MiB, 100 %, 520.57 W, 1650 MHz
2026/09/27 19:42:15.663, 1, 79641 MiB, 100 %, 548.33 W, 1980 MHz
2026/09/27 19:42:15.664, 2, 79641 MiB, 100 %, 539.89 W, 1980 MHz
2026/09/27 19:42:15.665, 3, 79641 MiB, 100 %, 536.47 W, 1980 MHz
2026/09/27 19:42:15.665, 4, 79641 MiB, 100 %, 532.83 W, 1980 MHz
2026/09/27 19:42:15.666, 5, 79641 MiB, 100 %, 545.12 W, 1980 MHz
2026/09/27 19:42:15.667, 6, 79641 MiB, 100 %, 544.09 W, 1980 MHz
2026/09/27 19:42:15.668, 7, 79641 MiB, 100 %, 536.74 W, 1980 MHz
2026/09/27 19:42:16.668, 0, 79641 MiB, 100 %, 405.82 W, 1980 MHz
2026/09/27 19:42:16.670, 1, 79641 MiB, 100 %, 383.17 W, 1980 MHz
2026/09/27 19:42:16.671, 2, 79641 MiB, 100 %, 393.27 W, 1980 MHz
2026/09/27 19:42:16.672, 3, 79641 MiB, 100 %, 362.35 W, 1980 MHz
2026/09/27 19:42:16.672, 4, 79641 MiB, 100 %, 367.72 W, 1980 MHz
2026/09/27 19:42:16.673, 5, 79641 MiB, 100 %, 385.48 W, 1980 MHz
2026/09/27 19:42:16.674, 6, 79641 MiB, 100 %, 371.98 W, 1980 MHz
2026/09/27 19:42:16.675, 7, 79641 MiB, 100 %, 368.68 W, 1980 MHz
2026/09/27 19:42:17.676, 0, 79641 MiB, 100 %, 393.02 W, 1980 MHz
2026/09/27 19:42:17.677, 1, 79641 MiB, 100 %, 334.18 W, 1980 MHz
2026/09/27 19:42:17.678, 2, 79641 MiB, 100 %, 331.13 W, 1980 MHz
2026/09/27 19:42:17.678, 3, 79641 MiB, 100 %, 327.71 W, 1980 MHz
2026/09/27 19:42:17.679, 4, 79641 MiB, 100 %, 325.20 W, 1980 MHz
2026/09/27 19:42:17.680, 5, 79641 MiB, 100 %, 328.51 W, 1980 MHz
2026/09/27 19:42:17.681, 6, 79641 MiB, 100 %, 337.73 W, 1980 MHz
2026/09/27 19:42:17.681, 7, 79641 MiB, 100 %, 325.46 W, 1980 MHz
2026/09/27 19:42:18.682, 0, 79641 MiB, 100 %, 510.78 W, 1965 MHz
2026/09/27 19:42:18.683, 1, 79641 MiB, 100 %, 441.86 W, 1980 MHz
2026/09/27 19:42:18.684, 2, 79641 MiB, 100 %, 452.69 W, 1980 MHz
2026/09/27 19:42:18.684, 3, 79641 MiB, 100 %, 446.56 W, 1980 MHz
2026/09/27 19:42:18.685, 4, 79641 MiB, 100 %, 430.27 W, 1980 MHz
2026/09/27 19:42:18.686, 5, 79641 MiB, 100 %, 457.06 W, 1980 MHz
2026/09/27 19:42:18.686, 6, 79641 MiB, 100 %, 449.29 W, 1980 MHz
2026/09/27 19:42:18.687, 7, 79641 MiB, 100 %, 426.55 W, 1980 MHz
2026/09/27 19:42:19.688, 0, 79641 MiB, 100 %, 573.93 W, 1680 MHz
2026/09/27 19:42:19.688, 1, 79641 MiB, 100 %, 543.28 W, 1980 MHz
2026/09/27 19:42:19.689, 2, 79641 MiB, 100 %, 553.30 W, 1980 MHz
2026/09/27 19:42:19.690, 3, 79641 MiB, 100 %, 534.75 W, 1980 MHz
2026/09/27 19:42:19.690, 4, 79641 MiB, 100 %, 531.85 W, 1980 MHz
2026/09/27 19:42:19.691, 5, 79641 MiB, 100 %, 551.80 W, 1980 MHz
2026/09/27 19:42:19.692, 6, 79641 MiB, 100 %, 551.55 W, 1980 MHz
2026/09/27 19:42:19.692, 7, 79641 MiB, 100 %, 539.20 W, 1980 MHz
2026/09/27 19:42:20.693, 0, 79641 MiB, 100 %, 533.76 W, 1800 MHz
2026/09/27 19:42:20.694, 1, 79641 MiB, 100 %, 549.20 W, 1980 MHz
2026/09/27 19:42:20.694, 2, 79641 MiB, 100 %, 533.26 W, 1980 MHz
2026/09/27 19:42:20.695, 3, 79641 MiB, 100 %, 537.97 W, 1980 MHz
2026/09/27 19:42:20.696, 4, 79641 MiB, 100 %, 523.80 W, 1980 MHz
2026/09/27 19:42:20.696, 5, 79641 MiB, 100 %, 539.90 W, 1980 MHz
2026/09/27 19:42:20.697, 6, 79641 MiB, 100 %, 543.87 W, 1980 MHz
2026/09/27 19:42:20.698, 7, 79641 MiB, 100 %, 534.27 W, 1980 MHz
2026/09/27 19:42:21.698, 0, 79641 MiB, 100 %, 536.38 W, 1875 MHz
2026/09/27 19:42:21.700, 1, 79641 MiB, 100 %, 548.25 W, 1980 MHz
2026/09/27 19:42:21.700, 2, 79641 MiB, 100 %, 540.44 W, 1980 MHz
2026/09/27 19:42:21.701, 3, 79641 MiB, 100 %, 530.93 W, 1980 MHz
2026/09/27 19:42:21.702, 4, 79641 MiB, 100 %, 530.07 W, 1980 MHz
2026/09/27 19:42:21.702, 5, 79641 MiB, 100 %, 553.07 W, 1980 MHz
2026/09/27 19:42:21.703, 6, 79641 MiB, 100 %, 548.96 W, 1980 MHz
2026/09/27 19:42:21.704, 7, 79641 MiB, 100 %, 535.87 W, 1980 MHz
2026/09/27 19:42:22.704, 0, 79641 MiB, 100 %, 537.18 W, 1545 MHz
2026/09/27 19:42:22.705, 1, 79641 MiB, 100 %, 537.58 W, 1980 MHz
2026/09/27 19:42:22.706, 2, 79641 MiB, 100 %, 540.34 W, 1980 MHz
2026/09/27 19:42:22.707, 3, 79641 MiB, 100 %, 530.55 W, 1980 MHz
2026/09/27 19:42:22.708, 4, 79641 MiB, 100 %, 523.74 W, 1980 MHz
2026/09/27 19:42:22.708, 5, 79641 MiB, 100 %, 540.42 W, 1980 MHz
2026/09/27 19:42:22.709, 6, 79641 MiB, 100 %, 537.38 W, 1980 MHz
2026/09/27 19:42:22.709, 7, 79641 MiB, 100 %, 529.01 W, 1980 MHz
2026/09/27 19:42:23.710, 0, 79641 MiB, 100 %, 504.33 W, 1785 MHz
2026/09/27 19:42:23.711, 1, 79641 MiB, 100 %, 542.82 W, 1980 MHz
2026/09/27 19:42:23.712, 2, 79641 MiB, 100 %, 534.07 W, 1980 MHz
2026/09/27 19:42:23.712, 3, 79641 MiB, 100 %, 527.14 W, 1980 MHz
2026/09/27 19:42:23.713, 4, 79641 MiB, 100 %, 521.05 W, 1980 MHz
2026/09/27 19:42:23.714, 5, 79641 MiB, 100 %, 534.66 W, 1980 MHz
2026/09/27 19:42:23.714, 6, 79641 MiB, 100 %, 525.31 W, 1980 MHz
2026/09/27 19:42:23.715, 7, 79641 MiB, 100 %, 517.11 W, 1980 MHz
2026/09/27 19:42:24.716, 0, 79641 MiB, 100 %, 512.21 W, 1680 MHz
2026/09/27 19:42:24.717, 1, 79641 MiB, 100 %, 540.54 W, 1980 MHz
2026/09/27 19:42:24.718, 2, 79641 MiB, 100 %, 535.47 W, 1980 MHz
2026/09/27 19:42:24.719, 3, 79641 MiB, 100 %, 531.36 W, 1980 MHz
2026/09/27 19:42:24.719, 4, 79641 MiB, 100 %, 519.06 W, 1980 MHz
2026/09/27 19:42:24.720, 5, 79641 MiB, 100 %, 546.07 W, 1980 MHz
2026/09/27 19:42:24.721, 6, 79641 MiB, 100 %, 545.03 W, 1980 MHz
2026/09/27 19:42:24.721, 7, 79641 MiB, 100 %, 529.31 W, 1980 MHz
2026/09/27 19:42:25.722, 0, 79641 MiB, 100 %, 524.14 W, 1785 MHz
2026/09/27 19:42:25.723, 1, 79641 MiB, 100 %, 542.67 W, 1980 MHz
2026/09/27 19:42:25.724, 2, 79641 MiB, 100 %, 540.49 W, 1980 MHz
2026/09/27 19:42:25.724, 3, 79641 MiB, 100 %, 533.83 W, 1980 MHz
2026/09/27 19:42:25.725, 4, 79641 MiB, 100 %, 520.79 W, 1980 MHz
2026/09/27 19:42:25.726, 5, 79641 MiB, 100 %, 546.61 W, 1980 MHz
2026/09/27 19:42:25.726, 6, 79641 MiB, 100 %, 540.07 W, 1980 MHz
2026/09/27 19:42:25.727, 7, 79641 MiB, 100 %, 533.67 W, 1980 MHz
2026/09/27 19:42:26.728, 0, 79641 MiB, 100 %, 520.10 W, 1785 MHz
2026/09/27 19:42:26.729, 1, 79641 MiB, 100 %, 534.27 W, 1980 MHz
2026/09/27 19:42:26.730, 2, 79641 MiB, 100 %, 537.62 W, 1980 MHz
2026/09/27 19:42:26.730, 3, 79641 MiB, 100 %, 530.95 W, 1980 MHz
2026/09/27 19:42:26.731, 4, 79641 MiB, 100 %, 515.35 W, 1980 MHz
2026/09/27 19:42:26.732, 5, 79641 MiB, 100 %, 539.49 W, 1980 MHz
2026/09/27 19:42:26.732, 6, 79641 MiB, 100 %, 534.45 W, 1980 MHz
2026/09/27 19:42:26.733, 7, 79641 MiB, 100 %, 524.35 W, 1980 MHz
2026/09/27 19:42:27.734, 0, 79641 MiB, 100 %, 521.45 W, 1695 MHz
2026/09/27 19:42:27.734, 1, 79641 MiB, 100 %, 546.61 W, 1980 MHz
2026/09/27 19:42:27.735, 2, 79641 MiB, 100 %, 533.26 W, 1980 MHz
2026/09/27 19:42:27.736, 3, 79641 MiB, 100 %, 532.87 W, 1980 MHz
2026/09/27 19:42:27.736, 4, 79641 MiB, 100 %, 529.67 W, 1980 MHz
2026/09/27 19:42:27.737, 5, 79641 MiB, 100 %, 540.58 W, 1980 MHz
2026/09/27 19:42:27.738, 6, 79641 MiB, 100 %, 539.08 W, 1980 MHz
2026/09/27 19:42:27.739, 7, 79641 MiB, 100 %, 527.46 W, 1980 MHz
2026/09/27 19:42:28.739, 0, 79641 MiB, 100 %, 533.25 W, 1665 MHz
2026/09/27 19:42:28.740, 1, 79641 MiB, 100 %, 550.32 W, 1980 MHz
2026/09/27 19:42:28.741, 2, 79641 MiB, 100 %, 547.09 W, 1980 MHz
2026/09/27 19:42:28.742, 3, 79641 MiB, 100 %, 537.69 W, 1980 MHz
2026/09/27 19:42:28.743, 4, 79641 MiB, 100 %, 531.66 W, 1980 MHz
2026/09/27 19:42:28.743, 5, 79641 MiB, 100 %, 558.41 W, 1980 MHz
2026/09/27 19:42:28.744, 6, 79641 MiB, 100 %, 547.64 W, 1980 MHz
2026/09/27 19:42:28.744, 7, 79641 MiB, 100 %, 539.64 W, 1980 MHz
2026/09/27 19:42:29.745, 0, 79641 MiB, 100 %, 522.39 W, 1875 MHz
2026/09/27 19:42:29.746, 1, 79641 MiB, 100 %, 536.16 W, 1980 MHz
2026/09/27 19:42:29.747, 2, 79641 MiB, 100 %, 535.89 W, 1980 MHz
2026/09/27 19:42:29.747, 3, 79641 MiB, 100 %, 527.90 W, 1980 MHz
2026/09/27 19:42:29.748, 4, 79641 MiB, 100 %, 519.71 W, 1980 MHz
2026/09/27 19:42:29.749, 5, 79641 MiB, 100 %, 542.78 W, 1980 MHz
2026/09/27 19:42:29.749, 6, 79641 MiB, 100 %, 535.83 W, 1980 MHz
2026/09/27 19:42:29.750, 7, 79641 MiB, 100 %, 524.97 W, 1980 MHz
2026/09/27 19:42:30.751, 0, 79641 MiB, 100 %, 519.25 W, 1680 MHz
2026/09/27 19:42:30.751, 1, 79641 MiB, 100 %, 541.27 W, 1980 MHz
2026/09/27 19:42:30.752, 2, 79641 MiB, 100 %, 532.81 W, 1980 MHz
2026/09/27 19:42:30.753, 3, 79641 MiB, 100 %, 525.97 W, 1980 MHz
2026/09/27 19:42:30.753, 4, 79641 MiB, 100 %, 519.70 W, 1980 MHz
2026/09/27 19:42:30.754, 5, 79641 MiB, 100 %, 540.76 W, 1980 MHz
2026/09/27 19:42:30.755, 6, 79641 MiB, 100 %, 537.40 W, 1980 MHz
2026/09/27 19:42:30.755, 7, 79641 MiB, 100 %, 517.54 W, 1980 MHz
2026/09/27 19:42:31.756, 0, 79641 MiB, 100 %, 517.65 W, 1680 MHz
2026/09/27 19:42:31.757, 1, 79641 MiB, 100 %, 545.70 W, 1980 MHz
2026/09/27 19:42:31.758, 2, 79641 MiB, 100 %, 538.42 W, 1980 MHz
2026/09/27 19:42:31.758, 3, 79641 MiB, 100 %, 533.66 W, 1980 MHz
2026/09/27 19:42:31.759, 4, 79641 MiB, 100 %, 530.54 W, 1980 MHz
2026/09/27 19:42:31.759, 5, 79641 MiB, 100 %, 552.52 W, 1980 MHz
2026/09/27 19:42:31.760, 6, 79641 MiB, 100 %, 543.99 W, 1980 MHz
2026/09/27 19:42:31.761, 7, 79641 MiB, 100 %, 530.48 W, 1980 MHz
2026/09/27 19:42:32.762, 0, 79641 MiB, 100 %, 503.13 W, 1620 MHz
2026/09/27 19:42:32.763, 1, 79641 MiB, 100 %, 537.86 W, 1980 MHz
2026/09/27 19:42:32.763, 2, 79641 MiB, 100 %, 534.84 W, 1980 MHz
2026/09/27 19:42:32.764, 3, 79641 MiB, 100 %, 516.70 W, 1980 MHz
2026/09/27 19:42:32.765, 4, 79641 MiB, 100 %, 520.09 W, 1980 MHz
2026/09/27 19:42:32.766, 5, 79641 MiB, 100 %, 545.14 W, 1980 MHz
2026/09/27 19:42:32.767, 6, 79641 MiB, 100 %, 538.37 W, 1980 MHz
2026/09/27 19:42:32.767, 7, 79641 MiB, 100 %, 528.58 W, 1980 MHz
2026/09/27 19:42:33.768, 0, 79641 MiB, 100 %, 505.85 W, 1590 MHz
2026/09/27 19:42:33.769, 1, 79641 MiB, 100 %, 524.31 W, 1980 MHz
2026/09/27 19:42:33.770, 2, 79641 MiB, 100 %, 527.60 W, 1980 MHz
2026/09/27 19:42:33.770, 3, 79641 MiB, 100 %, 522.52 W, 1980 MHz
2026/09/27 19:42:33.771, 4, 79641 MiB, 100 %, 511.20 W, 1980 MHz
2026/09/27 19:42:33.772, 5, 79641 MiB, 100 %, 530.23 W, 1980 MHz
2026/09/27 19:42:33.772, 6, 79641 MiB, 100 %, 524.88 W, 1980 MHz
2026/09/27 19:42:33.773, 7, 79641 MiB, 100 %, 515.43 W, 1980 MHz
2026/09/27 19:42:34.774, 0, 79641 MiB, 100 %, 511.58 W, 1620 MHz
2026/09/27 19:42:34.774, 1, 79641 MiB, 100 %, 541.16 W, 1980 MHz
2026/09/27 19:42:34.775, 2, 79641 MiB, 100 %, 534.42 W, 1980 MHz
2026/09/27 19:42:34.776, 3, 79641 MiB, 100 %, 537.33 W, 1980 MHz
2026/09/27 19:42:34.777, 4, 79641 MiB, 100 %, 520.68 W, 1980 MHz
2026/09/27 19:42:34.777, 5, 79641 MiB, 100 %, 543.09 W, 1980 MHz
2026/09/27 19:42:34.778, 6, 79641 MiB, 100 %, 547.19 W, 1980 MHz
2026/09/27 19:42:34.778, 7, 79641 MiB, 100 %, 528.17 W, 1980 MHz
2026/09/27 19:42:35.779, 0, 79641 MiB, 100 %, 525.17 W, 1740 MHz
2026/09/27 19:42:35.780, 1, 79641 MiB, 100 %, 553.24 W, 1980 MHz
2026/09/27 19:42:35.781, 2, 79641 MiB, 100 %, 551.49 W, 1980 MHz
2026/09/27 19:42:35.781, 3, 79641 MiB, 100 %, 535.78 W, 1980 MHz
2026/09/27 19:42:35.782, 4, 79641 MiB, 100 %, 536.76 W, 1980 MHz
2026/09/27 19:42:35.782, 5, 79641 MiB, 100 %, 553.73 W, 1980 MHz
2026/09/27 19:42:35.783, 6, 79641 MiB, 100 %, 546.75 W, 1980 MHz
2026/09/27 19:42:35.784, 7, 79641 MiB, 100 %, 536.68 W, 1980 MHz
2026/09/27 19:42:36.784, 0, 79641 MiB, 100 %, 512.49 W, 1605 MHz
2026/09/27 19:42:36.785, 1, 79641 MiB, 100 %, 533.14 W, 1980 MHz
2026/09/27 19:42:36.786, 2, 79641 MiB, 100 %, 528.31 W, 1980 MHz
2026/09/27 19:42:36.787, 3, 79641 MiB, 100 %, 526.96 W, 1980 MHz
2026/09/27 19:42:36.788, 4, 79641 MiB, 100 %, 510.61 W, 1980 MHz
2026/09/27 19:42:36.788, 5, 79641 MiB, 100 %, 537.00 W, 1980 MHz
2026/09/27 19:42:36.789, 6, 79641 MiB, 100 %, 527.48 W, 1980 MHz
2026/09/27 19:42:36.789, 7, 79641 MiB, 100 %, 521.75 W, 1980 MHz
2026/09/27 19:42:37.790, 0, 79641 MiB, 100 %, 525.65 W, 1560 MHz
2026/09/27 19:42:37.791, 1, 79641 MiB, 100 %, 543.51 W, 1980 MHz
2026/09/27 19:42:37.792, 2, 79641 MiB, 100 %, 531.27 W, 1980 MHz
2026/09/27 19:42:37.793, 3, 79641 MiB, 100 %, 536.82 W, 1980 MHz
2026/09/27 19:42:37.793, 4, 79641 MiB, 100 %, 518.06 W, 1980 MHz
2026/09/27 19:42:37.794, 5, 79641 MiB, 100 %, 543.94 W, 1980 MHz
2026/09/27 19:42:37.795, 6, 79641 MiB, 100 %, 535.76 W, 1980 MHz
2026/09/27 19:42:37.795, 7, 79641 MiB, 100 %, 522.59 W, 1980 MHz
2026/09/27 19:42:38.796, 0, 79641 MiB, 100 %, 508.99 W, 1635 MHz
2026/09/27 19:42:38.797, 1, 79641 MiB, 100 %, 548.46 W, 1980 MHz
2026/09/27 19:42:38.798, 2, 79641 MiB, 100 %, 541.52 W, 1980 MHz
2026/09/27 19:42:38.798, 3, 79641 MiB, 100 %, 537.43 W, 1980 MHz
2026/09/27 19:42:38.799, 4, 79641 MiB, 100 %, 519.75 W, 1980 MHz
2026/09/27 19:42:38.799, 5, 79641 MiB, 100 %, 544.63 W, 1980 MHz
2026/09/27 19:42:38.800, 6, 79641 MiB, 100 %, 539.20 W, 1980 MHz
2026/09/27 19:42:38.801, 7, 79641 MiB, 100 %, 529.96 W, 1980 MHz
2026/09/27 19:42:39.801, 0, 79641 MiB, 100 %, 510.03 W, 1770 MHz
2026/09/27 19:42:39.802, 1, 79641 MiB, 100 %, 549.08 W, 1980 MHz
2026/09/27 19:42:39.803, 2, 79641 MiB, 100 %, 538.22 W, 1980 MHz
2026/09/27 19:42:39.804, 3, 79641 MiB, 100 %, 522.74 W, 1980 MHz
2026/09/27 19:42:39.804, 4, 79641 MiB, 100 %, 529.67 W, 1980 MHz
2026/09/27 19:42:39.805, 5, 79641 MiB, 100 %, 541.78 W, 1980 MHz
2026/09/27 19:42:39.806, 6, 79641 MiB, 100 %, 535.89 W, 1980 MHz
2026/09/27 19:42:39.806, 7, 79641 MiB, 100 %, 533.10 W, 1980 MHz
2026/09/27 19:42:40.807, 0, 79641 MiB, 100 %, 526.67 W, 1695 MHz
2026/09/27 19:42:40.808, 1, 79641 MiB, 100 %, 532.38 W, 1980 MHz
2026/09/27 19:42:40.808, 2, 79641 MiB, 100 %, 533.65 W, 1980 MHz
2026/09/27 19:42:40.809, 3, 79641 MiB, 100 %, 526.92 W, 1980 MHz
2026/09/27 19:42:40.810, 4, 79641 MiB, 100 %, 517.28 W, 1980 MHz
2026/09/27 19:42:40.810, 5, 79641 MiB, 100 %, 536.61 W, 1980 MHz
2026/09/27 19:42:40.811, 6, 79641 MiB, 100 %, 541.53 W, 1980 MHz
2026/09/27 19:42:40.812, 7, 79641 MiB, 100 %, 517.19 W, 1980 MHz
2026/09/27 19:42:41.812, 0, 79641 MiB, 100 %, 528.03 W, 1710 MHz
2026/09/27 19:42:41.814, 1, 79641 MiB, 100 %, 554.61 W, 1980 MHz
2026/09/27 19:42:41.814, 2, 79641 MiB, 100 %, 543.75 W, 1980 MHz
2026/09/27 19:42:41.815, 3, 79641 MiB, 100 %, 535.82 W, 1980 MHz
2026/09/27 19:42:41.815, 4, 79641 MiB, 100 %, 530.71 W, 1980 MHz
2026/09/27 19:42:41.816, 5, 79641 MiB, 100 %, 551.98 W, 1980 MHz
2026/09/27 19:42:41.817, 6, 79641 MiB, 100 %, 538.39 W, 1980 MHz
2026/09/27 19:42:41.817, 7, 79641 MiB, 100 %, 534.06 W, 1980 MHz
2026/09/27 19:42:42.818, 0, 79641 MiB, 100 %, 540.49 W, 1905 MHz
2026/09/27 19:42:42.819, 1, 79641 MiB, 100 %, 551.36 W, 1980 MHz
2026/09/27 19:42:42.819, 2, 79641 MiB, 100 %, 543.54 W, 1980 MHz
2026/09/27 19:42:42.820, 3, 79641 MiB, 100 %, 537.46 W, 1980 MHz
2026/09/27 19:42:42.821, 4, 79641 MiB, 100 %, 532.49 W, 1980 MHz
2026/09/27 19:42:42.821, 5, 79641 MiB, 100 %, 552.71 W, 1980 MHz
2026/09/27 19:42:42.822, 6, 79641 MiB, 100 %, 550.90 W, 1980 MHz
2026/09/27 19:42:42.822, 7, 79641 MiB, 100 %, 528.26 W, 1980 MHz
2026/09/27 19:42:43.823, 0, 79641 MiB, 100 %, 533.62 W, 1635 MHz
2026/09/27 19:42:43.824, 1, 79641 MiB, 100 %, 538.67 W, 1980 MHz
2026/09/27 19:42:43.825, 2, 79641 MiB, 100 %, 535.04 W, 1980 MHz
2026/09/27 19:42:43.825, 3, 79641 MiB, 100 %, 525.20 W, 1980 MHz
2026/09/27 19:42:43.826, 4, 79641 MiB, 100 %, 524.45 W, 1980 MHz
2026/09/27 19:42:43.827, 5, 79641 MiB, 100 %, 550.09 W, 1980 MHz
2026/09/27 19:42:43.827, 6, 79641 MiB, 100 %, 542.92 W, 1980 MHz
2026/09/27 19:42:43.828, 7, 79641 MiB, 100 %, 523.25 W, 1980 MHz
2026/09/27 19:42:44.829, 0, 79641 MiB, 100 %, 523.83 W, 1650 MHz
2026/09/27 19:42:44.829, 1, 79641 MiB, 100 %, 540.45 W, 1980 MHz
2026/09/27 19:42:44.830, 2, 79641 MiB, 100 %, 540.18 W, 1980 MHz
2026/09/27 19:42:44.831, 3, 79641 MiB, 100 %, 525.66 W, 1980 MHz
2026/09/27 19:42:44.831, 4, 79641 MiB, 100 %, 524.46 W, 1980 MHz
2026/09/27 19:42:44.832, 5, 79641 MiB, 100 %, 549.00 W, 1980 MHz
2026/09/27 19:42:44.833, 6, 79641 MiB, 100 %, 536.96 W, 1980 MHz
2026/09/27 19:42:44.833, 7, 79641 MiB, 100 %, 529.87 W, 1980 MHz
2026/09/27 19:42:45.834, 0, 79641 MiB, 100 %, 522.83 W, 1845 MHz
2026/09/27 19:42:45.835, 1, 79641 MiB, 100 %, 546.43 W, 1980 MHz
2026/09/27 19:42:45.835, 2, 79641 MiB, 100 %, 534.68 W, 1980 MHz
2026/09/27 19:42:45.836, 3, 79641 MiB, 100 %, 534.38 W, 1980 MHz
2026/09/27 19:42:45.837, 4, 79641 MiB, 100 %, 519.14 W, 1980 MHz
2026/09/27 19:42:45.837, 5, 79641 MiB, 100 %, 543.92 W, 1980 MHz
2026/09/27 19:42:45.838, 6, 79641 MiB, 100 %, 542.82 W, 1980 MHz
2026/09/27 19:42:45.838, 7, 79641 MiB, 100 %, 528.01 W, 1980 MHz
2026/09/27 19:42:46.839, 0, 79641 MiB, 100 %, 491.19 W, 1965 MHz
2026/09/27 19:42:46.840, 1, 79641 MiB, 98 %, 497.55 W, 1980 MHz
2026/09/27 19:42:46.841, 2, 79641 MiB, 100 %, 509.07 W, 1980 MHz
2026/09/27 19:42:46.842, 3, 79641 MiB, 100 %, 503.01 W, 1980 MHz
2026/09/27 19:42:46.842, 4, 79641 MiB, 100 %, 492.07 W, 1980 MHz
2026/09/27 19:42:46.843, 5, 79641 MiB, 100 %, 504.63 W, 1980 MHz
2026/09/27 19:42:46.844, 6, 79641 MiB, 100 %, 507.64 W, 1980 MHz
2026/09/27 19:42:46.844, 7, 79641 MiB, 100 %, 483.98 W, 1980 MHz
2026/09/27 19:42:47.845, 0, 79641 MiB, 100 %, 395.01 W, 1980 MHz
2026/09/27 19:42:47.846, 1, 79641 MiB, 100 %, 336.11 W, 1980 MHz
2026/09/27 19:42:47.847, 2, 79641 MiB, 100 %, 329.17 W, 1980 MHz
2026/09/27 19:42:47.847, 3, 79641 MiB, 100 %, 331.05 W, 1980 MHz
2026/09/27 19:42:47.848, 4, 79641 MiB, 100 %, 325.16 W, 1980 MHz
2026/09/27 19:42:47.849, 5, 79641 MiB, 100 %, 327.94 W, 1980 MHz
2026/09/27 19:42:47.849, 6, 79641 MiB, 100 %, 339.48 W, 1980 MHz
2026/09/27 19:42:47.850, 7, 79641 MiB, 100 %, 324.78 W, 1980 MHz
2026/09/27 19:42:48.851, 0, 79641 MiB, 100 %, 398.02 W, 1980 MHz
2026/09/27 19:42:48.852, 1, 79641 MiB, 100 %, 336.93 W, 1980 MHz
2026/09/27 19:42:48.852, 2, 79641 MiB, 100 %, 332.85 W, 1980 MHz
2026/09/27 19:42:48.853, 3, 79641 MiB, 100 %, 329.76 W, 1980 MHz
2026/09/27 19:42:48.854, 4, 79641 MiB, 100 %, 322.29 W, 1980 MHz
2026/09/27 19:42:48.855, 5, 79641 MiB, 100 %, 329.74 W, 1980 MHz
2026/09/27 19:42:48.856, 6, 79641 MiB, 100 %, 336.78 W, 1980 MHz
2026/09/27 19:42:48.856, 7, 79641 MiB, 94 %, 321.35 W, 1980 MHz
2026/09/27 19:42:49.857, 0, 79641 MiB, 100 %, 548.21 W, 1770 MHz
2026/09/27 19:42:49.858, 1, 79641 MiB, 100 %, 528.31 W, 1980 MHz
2026/09/27 19:42:49.859, 2, 79641 MiB, 100 %, 519.12 W, 1980 MHz
2026/09/27 19:42:49.859, 3, 79641 MiB, 100 %, 524.22 W, 1980 MHz
2026/09/27 19:42:49.860, 4, 79641 MiB, 100 %, 509.38 W, 1980 MHz
2026/09/27 19:42:49.861, 5, 79641 MiB, 100 %, 529.19 W, 1980 MHz
2026/09/27 19:42:49.861, 6, 79641 MiB, 100 %, 521.21 W, 1980 MHz
2026/09/27 19:42:49.862, 7, 79641 MiB, 100 %, 522.09 W, 1980 MHz
2026/09/27 19:42:50.863, 0, 79641 MiB, 100 %, 523.20 W, 1680 MHz
2026/09/27 19:42:50.864, 1, 79641 MiB, 100 %, 545.36 W, 1980 MHz
2026/09/27 19:42:50.864, 2, 79641 MiB, 100 %, 534.00 W, 1980 MHz
2026/09/27 19:42:50.865, 3, 79641 MiB, 100 %, 531.13 W, 1980 MHz
2026/09/27 19:42:50.866, 4, 79641 MiB, 100 %, 523.45 W, 1980 MHz
2026/09/27 19:42:50.866, 5, 79641 MiB, 100 %, 545.13 W, 1980 MHz
2026/09/27 19:42:50.867, 6, 79641 MiB, 100 %, 546.23 W, 1980 MHz
2026/09/27 19:42:50.868, 7, 79641 MiB, 100 %, 524.28 W, 1980 MHz
2026/09/27 19:42:51.868, 0, 79641 MiB, 100 %, 529.02 W, 1665 MHz
2026/09/27 19:42:51.870, 1, 79641 MiB, 100 %, 552.14 W, 1980 MHz
2026/09/27 19:42:51.870, 2, 79641 MiB, 100 %, 537.33 W, 1980 MHz
2026/09/27 19:42:51.871, 3, 79641 MiB, 100 %, 532.85 W, 1980 MHz
2026/09/27 19:42:51.872, 4, 79641 MiB, 100 %, 524.67 W, 1980 MHz
2026/09/27 19:42:51.872, 5, 79641 MiB, 100 %, 544.54 W, 1980 MHz
2026/09/27 19:42:51.873, 6, 79641 MiB, 100 %, 546.41 W, 1980 MHz
2026/09/27 19:42:51.873, 7, 79641 MiB, 100 %, 537.14 W, 1980 MHz
2026/09/27 19:42:52.874, 0, 79641 MiB, 100 %, 510.22 W, 1575 MHz
2026/09/27 19:42:52.875, 1, 79641 MiB, 100 %, 535.78 W, 1980 MHz
2026/09/27 19:42:52.876, 2, 79641 MiB, 100 %, 532.65 W, 1980 MHz
2026/09/27 19:42:52.876, 3, 79641 MiB, 100 %, 535.20 W, 1980 MHz
2026/09/27 19:42:52.877, 4, 79641 MiB, 100 %, 515.30 W, 1980 MHz
2026/09/27 19:42:52.878, 5, 79641 MiB, 100 %, 543.90 W, 1980 MHz
2026/09/27 19:42:52.879, 6, 79641 MiB, 100 %, 540.35 W, 1980 MHz
2026/09/27 19:42:52.879, 7, 79641 MiB, 100 %, 525.09 W, 1980 MHz
2026/09/27 19:42:53.880, 0, 79641 MiB, 100 %, 506.60 W, 1590 MHz
2026/09/27 19:42:53.881, 1, 79641 MiB, 100 %, 530.76 W, 1980 MHz
2026/09/27 19:42:53.882, 2, 79641 MiB, 100 %, 527.65 W, 1980 MHz
2026/09/27 19:42:53.882, 3, 79641 MiB, 100 %, 524.47 W, 1980 MHz
2026/09/27 19:42:53.883, 4, 79641 MiB, 100 %, 529.53 W, 1980 MHz
2026/09/27 19:42:53.884, 5, 79641 MiB, 100 %, 540.03 W, 1980 MHz
2026/09/27 19:42:53.884, 6, 79641 MiB, 100 %, 537.86 W, 1980 MHz
2026/09/27 19:42:53.885, 7, 79641 MiB, 100 %, 522.47 W, 1980 MHz
2026/09/27 19:42:54.886, 0, 79641 MiB, 100 %, 516.46 W, 1815 MHz
2026/09/27 19:42:54.887, 1, 79641 MiB, 100 %, 539.91 W, 1980 MHz
2026/09/27 19:42:54.887, 2, 79641 MiB, 100 %, 538.65 W, 1980 MHz
2026/09/27 19:42:54.888, 3, 79641 MiB, 100 %, 532.71 W, 1980 MHz
2026/09/27 19:42:54.889, 4, 79641 MiB, 100 %, 517.68 W, 1980 MHz
2026/09/27 19:42:54.889, 5, 79641 MiB, 100 %, 545.83 W, 1980 MHz
2026/09/27 19:42:54.890, 6, 79641 MiB, 100 %, 535.28 W, 1980 MHz
2026/09/27 19:42:54.891, 7, 79641 MiB, 100 %, 525.46 W, 1980 MHz
2026/09/27 19:42:55.891, 0, 79641 MiB, 100 %, 521.81 W, 1740 MHz
2026/09/27 19:42:55.892, 1, 79641 MiB, 100 %, 544.54 W, 1980 MHz
2026/09/27 19:42:55.893, 2, 79641 MiB, 100 %, 534.80 W, 1980 MHz
2026/09/27 19:42:55.894, 3, 79641 MiB, 100 %, 530.11 W, 1980 MHz
2026/09/27 19:42:55.895, 4, 79641 MiB, 100 %, 525.56 W, 1980 MHz
2026/09/27 19:42:55.895, 5, 79641 MiB, 100 %, 550.40 W, 1980 MHz
2026/09/27 19:42:55.896, 6, 79641 MiB, 100 %, 549.93 W, 1980 MHz
2026/09/27 19:42:55.897, 7, 79641 MiB, 100 %, 534.73 W, 1980 MHz
2026/09/27 19:42:56.898, 0, 79641 MiB, 100 %, 519.65 W, 1755 MHz
2026/09/27 19:42:56.899, 1, 79641 MiB, 100 %, 523.51 W, 1980 MHz
2026/09/27 19:42:56.899, 2, 79641 MiB, 100 %, 535.87 W, 1980 MHz
2026/09/27 19:42:56.900, 3, 79641 MiB, 100 %, 526.12 W, 1980 MHz
2026/09/27 19:42:56.901, 4, 79641 MiB, 100 %, 521.10 W, 1980 MHz
2026/09/27 19:42:56.902, 5, 79641 MiB, 100 %, 548.80 W, 1980 MHz
2026/09/27 19:42:56.902, 6, 79641 MiB, 100 %, 539.69 W, 1980 MHz
2026/09/27 19:42:56.903, 7, 79641 MiB, 100 %, 523.95 W, 1980 MHz
2026/09/27 19:42:57.904, 0, 79641 MiB, 100 %, 519.29 W, 1740 MHz
2026/09/27 19:42:57.905, 1, 79641 MiB, 100 %, 540.01 W, 1980 MHz
2026/09/27 19:42:57.905, 2, 79641 MiB, 100 %, 538.28 W, 1980 MHz
2026/09/27 19:42:57.906, 3, 79641 MiB, 100 %, 526.50 W, 1980 MHz
2026/09/27 19:42:57.907, 4, 79641 MiB, 100 %, 521.30 W, 1980 MHz
2026/09/27 19:42:57.907, 5, 79641 MiB, 100 %, 544.06 W, 1980 MHz
2026/09/27 19:42:57.908, 6, 79641 MiB, 100 %, 530.65 W, 1980 MHz
2026/09/27 19:42:57.909, 7, 79641 MiB, 100 %, 536.01 W, 1980 MHz
2026/09/27 19:42:58.909, 0, 79641 MiB, 100 %, 523.97 W, 1605 MHz
2026/09/27 19:42:58.910, 1, 79641 MiB, 100 %, 538.03 W, 1980 MHz
2026/09/27 19:42:58.911, 2, 79641 MiB, 100 %, 533.72 W, 1980 MHz
2026/09/27 19:42:58.912, 3, 79641 MiB, 100 %, 533.35 W, 1980 MHz
2026/09/27 19:42:58.913, 4, 79641 MiB, 100 %, 519.54 W, 1980 MHz
2026/09/27 19:42:58.913, 5, 79641 MiB, 100 %, 545.17 W, 1980 MHz
2026/09/27 19:42:58.914, 6, 79641 MiB, 100 %, 539.76 W, 1980 MHz
2026/09/27 19:42:58.915, 7, 79641 MiB, 100 %, 536.52 W, 1980 MHz
2026/09/27 19:42:59.915, 0, 79641 MiB, 100 %, 503.21 W, 1680 MHz
2026/09/27 19:42:59.916, 1, 79641 MiB, 100 %, 539.33 W, 1980 MHz
2026/09/27 19:42:59.917, 2, 79641 MiB, 100 %, 537.64 W, 1980 MHz
2026/09/27 19:42:59.918, 3, 79641 MiB, 100 %, 533.27 W, 1980 MHz
2026/09/27 19:42:59.919, 4, 79641 MiB, 100 %, 520.85 W, 1980 MHz
2026/09/27 19:42:59.919, 5, 79641 MiB, 100 %, 542.73 W, 1980 MHz
2026/09/27 19:42:59.920, 6, 79641 MiB, 100 %, 537.17 W, 1980 MHz
2026/09/27 19:42:59.921, 7, 79641 MiB, 100 %, 520.56 W, 1980 MHz
2026/09/27 19:43:00.922, 0, 79641 MiB, 100 %, 513.48 W, 1770 MHz
2026/09/27 19:43:00.923, 1, 79641 MiB, 100 %, 541.47 W, 1980 MHz
2026/09/27 19:43:00.923, 2, 79641 MiB, 100 %, 537.15 W, 1980 MHz
2026/09/27 19:43:00.924, 3, 79641 MiB, 100 %, 530.56 W, 1980 MHz
2026/09/27 19:43:00.925, 4, 79641 MiB, 100 %, 519.95 W, 1980 MHz
2026/09/27 19:43:00.926, 5, 79641 MiB, 100 %, 534.20 W, 1980 MHz
2026/09/27 19:43:00.926, 6, 79641 MiB, 100 %, 532.67 W, 1980 MHz
2026/09/27 19:43:00.927, 7, 79641 MiB, 100 %, 526.14 W, 1980 MHz
2026/09/27 19:43:01.928, 0, 79641 MiB, 100 %, 515.12 W, 1455 MHz
2026/09/27 19:43:01.929, 1, 79641 MiB, 100 %, 541.73 W, 1980 MHz
2026/09/27 19:43:01.930, 2, 79641 MiB, 100 %, 528.79 W, 1980 MHz
2026/09/27 19:43:01.930, 3, 79641 MiB, 100 %, 525.43 W, 1980 MHz
2026/09/27 19:43:01.931, 4, 79641 MiB, 100 %, 519.90 W, 1980 MHz
2026/09/27 19:43:01.932, 5, 79641 MiB, 100 %, 537.62 W, 1980 MHz
2026/09/27 19:43:01.932, 6, 79641 MiB, 100 %, 527.97 W, 1980 MHz
2026/09/27 19:43:01.933, 7, 79641 MiB, 100 %, 521.64 W, 1980 MHz
2026/09/27 19:43:02.934, 0, 79641 MiB, 100 %, 474.29 W, 1665 MHz
2026/09/27 19:43:02.935, 1, 79641 MiB, 100 %, 541.77 W, 1980 MHz
2026/09/27 19:43:02.936, 2, 79641 MiB, 100 %, 521.21 W, 1980 MHz
2026/09/27 19:43:02.936, 3, 79641 MiB, 100 %, 525.51 W, 1980 MHz
2026/09/27 19:43:02.937, 4, 79641 MiB, 100 %, 518.88 W, 1980 MHz
2026/09/27 19:43:02.938, 5, 79641 MiB, 100 %, 537.01 W, 1980 MHz
2026/09/27 19:43:02.939, 6, 79641 MiB, 100 %, 532.00 W, 1980 MHz
2026/09/27 19:43:02.939, 7, 79641 MiB, 100 %, 515.25 W, 1980 MHz
2026/09/27 19:43:03.940, 0, 79641 MiB, 100 %, 498.42 W, 1650 MHz
2026/09/27 19:43:03.941, 1, 79641 MiB, 100 %, 536.26 W, 1980 MHz
2026/09/27 19:43:03.942, 2, 79641 MiB, 100 %, 530.48 W, 1980 MHz
2026/09/27 19:43:03.943, 3, 79641 MiB, 100 %, 525.70 W, 1980 MHz
2026/09/27 19:43:03.943, 4, 79641 MiB, 100 %, 512.89 W, 1980 MHz
2026/09/27 19:43:03.944, 5, 79641 MiB, 100 %, 545.85 W, 1980 MHz
2026/09/27 19:43:03.945, 6, 79641 MiB, 100 %, 531.76 W, 1980 MHz
2026/09/27 19:43:03.946, 7, 79641 MiB, 100 %, 519.38 W, 1980 MHz
2026/09/27 19:43:04.947, 0, 79641 MiB, 100 %, 520.78 W, 1935 MHz
2026/09/27 19:43:04.948, 1, 79641 MiB, 100 %, 535.95 W, 1980 MHz
2026/09/27 19:43:04.948, 2, 79641 MiB, 100 %, 544.27 W, 1980 MHz
2026/09/27 19:43:04.949, 3, 79641 MiB, 100 %, 533.30 W, 1980 MHz
2026/09/27 19:43:04.950, 4, 79641 MiB, 100 %, 518.00 W, 1980 MHz
2026/09/27 19:43:04.951, 5, 79641 MiB, 100 %, 543.39 W, 1980 MHz
2026/09/27 19:43:04.951, 6, 79641 MiB, 100 %, 532.18 W, 1980 MHz
2026/09/27 19:43:04.952, 7, 79641 MiB, 100 %, 530.52 W, 1980 MHz
2026/09/27 19:43:05.953, 0, 79641 MiB, 100 %, 537.19 W, 1755 MHz
2026/09/27 19:43:05.954, 1, 79641 MiB, 100 %, 549.22 W, 1980 MHz
2026/09/27 19:43:05.954, 2, 79641 MiB, 100 %, 539.85 W, 1980 MHz
2026/09/27 19:43:05.955, 3, 79641 MiB, 100 %, 530.05 W, 1980 MHz
2026/09/27 19:43:05.956, 4, 79641 MiB, 100 %, 533.78 W, 1980 MHz
2026/09/27 19:43:05.956, 5, 79641 MiB, 100 %, 543.30 W, 1980 MHz
2026/09/27 19:43:05.957, 6, 79641 MiB, 100 %, 549.36 W, 1980 MHz
2026/09/27 19:43:05.958, 7, 79641 MiB, 100 %, 529.29 W, 1980 MHz
2026/09/27 19:43:06.958, 0, 79641 MiB, 100 %, 532.48 W, 1665 MHz
2026/09/27 19:43:06.959, 1, 79641 MiB, 100 %, 553.32 W, 1980 MHz
2026/09/27 19:43:06.960, 2, 79641 MiB, 100 %, 545.12 W, 1980 MHz
2026/09/27 19:43:06.961, 3, 79641 MiB, 100 %, 535.68 W, 1980 MHz
2026/09/27 19:43:06.962, 4, 79641 MiB, 100 %, 530.95 W, 1980 MHz
2026/09/27 19:43:06.962, 5, 79641 MiB, 100 %, 554.90 W, 1980 MHz
2026/09/27 19:43:06.963, 6, 79641 MiB, 100 %, 550.07 W, 1980 MHz
2026/09/27 19:43:06.964, 7, 79641 MiB, 100 %, 534.66 W, 1980 MHz
2026/09/27 19:43:07.964, 0, 79641 MiB, 100 %, 509.17 W, 1800 MHz
2026/09/27 19:43:07.965, 1, 79641 MiB, 100 %, 539.74 W, 1980 MHz
2026/09/27 19:43:07.966, 2, 79641 MiB, 100 %, 533.06 W, 1980 MHz
2026/09/27 19:43:07.967, 3, 79641 MiB, 100 %, 513.88 W, 1980 MHz
2026/09/27 19:43:07.967, 4, 79641 MiB, 100 %, 519.31 W, 1980 MHz
2026/09/27 19:43:07.968, 5, 79641 MiB, 100 %, 531.48 W, 1980 MHz
2026/09/27 19:43:07.968, 6, 79641 MiB, 100 %, 529.90 W, 1980 MHz
2026/09/27 19:43:07.969, 7, 79641 MiB, 100 %, 519.12 W, 1980 MHz
2026/09/27 19:43:08.970, 0, 79641 MiB, 100 %, 511.04 W, 1665 MHz
2026/09/27 19:43:08.971, 1, 79641 MiB, 100 %, 538.33 W, 1980 MHz
2026/09/27 19:43:08.971, 2, 79641 MiB, 100 %, 530.08 W, 1980 MHz
2026/09/27 19:43:08.972, 3, 79641 MiB, 100 %, 530.79 W, 1980 MHz
2026/09/27 19:43:08.973, 4, 79641 MiB, 100 %, 521.78 W, 1980 MHz
2026/09/27 19:43:08.973, 5, 79641 MiB, 100 %, 546.02 W, 1980 MHz
2026/09/27 19:43:08.974, 6, 79641 MiB, 100 %, 541.87 W, 1980 MHz
2026/09/27 19:43:08.975, 7, 79641 MiB, 100 %, 517.05 W, 1980 MHz
2026/09/27 19:43:09.976, 0, 79641 MiB, 100 %, 524.74 W, 1620 MHz
2026/09/27 19:43:09.977, 1, 79641 MiB, 100 %, 548.03 W, 1980 MHz
2026/09/27 19:43:09.978, 2, 79641 MiB, 100 %, 540.20 W, 1980 MHz
2026/09/27 19:43:09.978, 3, 79641 MiB, 100 %, 543.02 W, 1980 MHz
2026/09/27 19:43:09.979, 4, 79641 MiB, 100 %, 527.13 W, 1980 MHz
2026/09/27 19:43:09.979, 5, 79641 MiB, 100 %, 550.68 W, 1980 MHz
2026/09/27 19:43:09.980, 6, 79641 MiB, 100 %, 543.43 W, 1980 MHz
2026/09/27 19:43:09.981, 7, 79641 MiB, 100 %, 535.41 W, 1980 MHz
2026/09/27 19:43:10.982, 0, 79641 MiB, 100 %, 525.91 W, 1725 MHz
2026/09/27 19:43:10.983, 1, 79641 MiB, 100 %, 539.68 W, 1980 MHz
2026/09/27 19:43:10.983, 2, 79641 MiB, 100 %, 535.69 W, 1980 MHz
2026/09/27 19:43:10.984, 3, 79641 MiB, 100 %, 531.03 W, 1980 MHz
2026/09/27 19:43:10.985, 4, 79641 MiB, 100 %, 519.59 W, 1980 MHz
2026/09/27 19:43:10.985, 5, 79641 MiB, 100 %, 540.91 W, 1980 MHz
2026/09/27 19:43:10.986, 6, 79641 MiB, 100 %, 532.90 W, 1980 MHz
2026/09/27 19:43:10.987, 7, 79641 MiB, 100 %, 532.10 W, 1980 MHz
2026/09/27 19:43:11.987, 0, 79641 MiB, 100 %, 500.14 W, 1530 MHz
2026/09/27 19:43:11.988, 1, 79641 MiB, 100 %, 536.11 W, 1980 MHz
2026/09/27 19:43:11.989, 2, 79641 MiB, 100 %, 526.59 W, 1980 MHz
2026/09/27 19:43:11.990, 3, 79641 MiB, 100 %, 524.57 W, 1980 MHz
2026/09/27 19:43:11.990, 4, 79641 MiB, 100 %, 514.78 W, 1980 MHz
2026/09/27 19:43:11.991, 5, 79641 MiB, 100 %, 534.26 W, 1980 MHz
2026/09/27 19:43:11.992, 6, 79641 MiB, 100 %, 529.07 W, 1980 MHz
2026/09/27 19:43:11.992, 7, 79641 MiB, 100 %, 520.36 W, 1980 MHz
2026/09/27 19:43:12.993, 0, 79641 MiB, 100 %, 508.53 W, 1560 MHz
2026/09/27 19:43:12.994, 1, 79641 MiB, 100 %, 543.73 W, 1980 MHz
2026/09/27 19:43:12.995, 2, 79641 MiB, 100 %, 537.01 W, 1980 MHz
2026/09/27 19:43:12.995, 3, 79641 MiB, 100 %, 527.38 W, 1980 MHz
2026/09/27 19:43:12.996, 4, 79641 MiB, 100 %, 526.50 W, 1980 MHz
2026/09/27 19:43:12.997, 5, 79641 MiB, 100 %, 547.21 W, 1980 MHz
2026/09/27 19:43:12.997, 6, 79641 MiB, 100 %, 540.82 W, 1980 MHz
2026/09/27 19:43:12.998, 7, 79641 MiB, 100 %, 524.81 W, 1980 MHz
2026/09/27 19:43:13.999, 0, 79641 MiB, 100 %, 531.44 W, 1695 MHz
2026/09/27 19:43:13.999, 1, 79641 MiB, 100 %, 555.32 W, 1980 MHz
2026/09/27 19:43:14.000, 2, 79641 MiB, 100 %, 541.64 W, 1980 MHz
2026/09/27 19:43:14.001, 3, 79641 MiB, 100 %, 541.88 W, 1980 MHz
2026/09/27 19:43:14.002, 4, 79641 MiB, 100 %, 526.47 W, 1980 MHz
2026/09/27 19:43:14.002, 5, 79641 MiB, 100 %, 549.55 W, 1980 MHz
2026/09/27 19:43:14.003, 6, 79641 MiB, 100 %, 544.60 W, 1980 MHz
2026/09/27 19:43:14.003, 7, 79641 MiB, 100 %, 538.73 W, 1980 MHz
2026/09/27 19:43:15.004, 0, 79641 MiB, 100 %, 492.45 W, 1635 MHz
2026/09/27 19:43:15.005, 1, 79641 MiB, 100 %, 522.04 W, 1980 MHz
2026/09/27 19:43:15.006, 2, 79641 MiB, 100 %, 521.05 W, 1980 MHz
2026/09/27 19:43:15.006, 3, 79641 MiB, 100 %, 520.15 W, 1980 MHz
2026/09/27 19:43:15.007, 4, 79641 MiB, 100 %, 504.48 W, 1980 MHz
2026/09/27 19:43:15.008, 5, 79641 MiB, 100 %, 531.94 W, 1980 MHz
2026/09/27 19:43:15.009, 6, 79641 MiB, 100 %, 523.66 W, 1980 MHz
2026/09/27 19:43:15.009, 7, 79641 MiB, 100 %, 512.70 W, 1980 MHz
2026/09/27 19:43:16.010, 0, 79641 MiB, 100 %, 519.21 W, 1635 MHz
2026/09/27 19:43:16.011, 1, 79641 MiB, 100 %, 544.13 W, 1980 MHz
2026/09/27 19:43:16.013, 2, 79641 MiB, 100 %, 541.25 W, 1980 MHz
2026/09/27 19:43:16.015, 3, 79641 MiB, 100 %, 527.54 W, 1980 MHz
2026/09/27 19:43:16.016, 4, 79641 MiB, 100 %, 523.38 W, 1980 MHz
2026/09/27 19:43:16.018, 5, 79641 MiB, 100 %, 545.34 W, 1980 MHz
2026/09/27 19:43:16.019, 6, 79641 MiB, 100 %, 544.67 W, 1980 MHz
2026/09/27 19:43:16.020, 7, 79641 MiB, 100 %, 522.74 W, 1980 MHz
2026/09/27 19:43:17.023, 0, 79641 MiB, 100 %, 532.06 W, 1815 MHz
2026/09/27 19:43:17.024, 1, 79641 MiB, 100 %, 555.47 W, 1980 MHz
2026/09/27 19:43:17.025, 2, 79641 MiB, 100 %, 550.67 W, 1980 MHz
2026/09/27 19:43:17.025, 3, 79641 MiB, 100 %, 543.18 W, 1980 MHz
2026/09/27 19:43:17.026, 4, 79641 MiB, 100 %, 532.28 W, 1980 MHz
2026/09/27 19:43:17.027, 5, 79641 MiB, 100 %, 555.05 W, 1980 MHz
2026/09/27 19:43:17.027, 6, 79641 MiB, 100 %, 542.17 W, 1980 MHz
2026/09/27 19:43:17.028, 7, 79641 MiB, 100 %, 544.20 W, 1980 MHz
2026/09/27 19:43:18.029, 0, 79641 MiB, 100 %, 461.77 W, 1980 MHz
2026/09/27 19:43:18.030, 1, 79641 MiB, 100 %, 440.70 W, 1980 MHz
2026/09/27 19:43:18.030, 2, 79641 MiB, 100 %, 429.40 W, 1980 MHz
2026/09/27 19:43:18.031, 3, 79641 MiB, 100 %, 423.59 W, 1980 MHz
2026/09/27 19:43:18.032, 4, 79641 MiB, 100 %, 431.36 W, 1980 MHz
2026/09/27 19:43:18.032, 5, 79641 MiB, 100 %, 428.08 W, 1980 MHz
2026/09/27 19:43:18.033, 6, 79641 MiB, 100 %, 434.33 W, 1980 MHz
2026/09/27 19:43:18.034, 7, 79641 MiB, 100 %, 413.18 W, 1980 MHz
2026/09/27 19:43:19.035, 0, 79641 MiB, 100 %, 396.42 W, 1980 MHz
2026/09/27 19:43:19.036, 1, 79641 MiB, 100 %, 334.71 W, 1980 MHz
2026/09/27 19:43:19.036, 2, 79641 MiB, 100 %, 331.03 W, 1980 MHz
2026/09/27 19:43:19.037, 3, 79641 MiB, 100 %, 329.08 W, 1980 MHz
2026/09/27 19:43:19.038, 4, 79641 MiB, 100 %, 327.79 W, 1980 MHz
2026/09/27 19:43:19.038, 5, 79641 MiB, 100 %, 328.23 W, 1980 MHz
2026/09/27 19:43:19.039, 6, 79641 MiB, 100 %, 338.81 W, 1980 MHz
2026/09/27 19:43:19.040, 7, 79641 MiB, 100 %, 324.60 W, 1980 MHz
2026/09/27 19:43:20.040, 0, 79641 MiB, 100 %, 462.92 W, 1980 MHz
2026/09/27 19:43:20.041, 1, 79641 MiB, 100 %, 392.07 W, 1980 MHz
2026/09/27 19:43:20.042, 2, 79641 MiB, 100 %, 404.40 W, 1980 MHz
2026/09/27 19:43:20.043, 3, 79641 MiB, 100 %, 387.16 W, 1980 MHz
2026/09/27 19:43:20.043, 4, 79641 MiB, 100 %, 404.83 W, 1980 MHz
2026/09/27 19:43:20.044, 5, 79641 MiB, 100 %, 398.70 W, 1980 MHz
2026/09/27 19:43:20.045, 6, 79641 MiB, 100 %, 398.54 W, 1980 MHz
2026/09/27 19:43:20.046, 7, 79641 MiB, 100 %, 408.06 W, 1980 MHz
2026/09/27 19:43:21.046, 0, 79641 MiB, 100 %, 508.48 W, 1815 MHz
2026/09/27 19:43:21.047, 1, 79641 MiB, 100 %, 531.91 W, 1980 MHz
2026/09/27 19:43:21.048, 2, 79641 MiB, 100 %, 523.68 W, 1980 MHz
2026/09/27 19:43:21.049, 3, 79641 MiB, 100 %, 526.50 W, 1980 MHz
2026/09/27 19:43:21.050, 4, 79641 MiB, 100 %, 509.47 W, 1980 MHz
2026/09/27 19:43:21.050, 5, 79641 MiB, 100 %, 521.81 W, 1980 MHz
2026/09/27 19:43:21.051, 6, 79641 MiB, 100 %, 526.06 W, 1980 MHz
2026/09/27 19:43:21.051, 7, 79641 MiB, 100 %, 510.60 W, 1980 MHz
2026/09/27 19:43:22.052, 0, 79641 MiB, 100 %, 522.02 W, 1740 MHz
2026/09/27 19:43:22.053, 1, 79641 MiB, 100 %, 540.78 W, 1980 MHz
2026/09/27 19:43:22.054, 2, 79641 MiB, 100 %, 531.58 W, 1980 MHz
2026/09/27 19:43:22.055, 3, 79641 MiB, 100 %, 523.97 W, 1980 MHz
2026/09/27 19:43:22.055, 4, 79641 MiB, 100 %, 528.07 W, 1980 MHz
2026/09/27 19:43:22.056, 5, 79641 MiB, 100 %, 544.20 W, 1980 MHz
2026/09/27 19:43:22.057, 6, 79641 MiB, 100 %, 547.95 W, 1980 MHz
2026/09/27 19:43:22.057, 7, 79641 MiB, 100 %, 527.83 W, 1980 MHz
2026/09/27 19:43:23.058, 0, 79641 MiB, 100 %, 530.98 W, 1395 MHz
2026/09/27 19:43:23.059, 1, 79641 MiB, 100 %, 553.09 W, 1980 MHz
2026/09/27 19:43:23.060, 2, 79641 MiB, 100 %, 545.23 W, 1980 MHz
2026/09/27 19:43:23.060, 3, 79641 MiB, 100 %, 544.99 W, 1980 MHz
2026/09/27 19:43:23.061, 4, 79641 MiB, 100 %, 529.89 W, 1980 MHz
2026/09/27 19:43:23.062, 5, 79641 MiB, 100 %, 550.16 W, 1980 MHz
2026/09/27 19:43:23.062, 6, 79641 MiB, 100 %, 551.28 W, 1980 MHz
2026/09/27 19:43:23.063, 7, 79641 MiB, 100 %, 536.03 W, 1980 MHz
2026/09/27 19:43:24.064, 0, 79641 MiB, 100 %, 475.26 W, 1755 MHz
2026/09/27 19:43:24.064, 1, 79641 MiB, 100 %, 526.94 W, 1980 MHz
2026/09/27 19:43:24.065, 2, 79641 MiB, 100 %, 523.44 W, 1980 MHz
2026/09/27 19:43:24.066, 3, 79641 MiB, 100 %, 519.76 W, 1980 MHz
2026/09/27 19:43:24.067, 4, 79641 MiB, 100 %, 503.61 W, 1980 MHz
2026/09/27 19:43:24.067, 5, 79641 MiB, 100 %, 531.41 W, 1980 MHz
2026/09/27 19:43:24.068, 6, 79641 MiB, 100 %, 525.23 W, 1980 MHz
2026/09/27 19:43:24.069, 7, 79641 MiB, 100 %, 512.35 W, 1980 MHz
2026/09/27 19:43:25.069, 0, 79641 MiB, 100 %, 503.22 W, 1620 MHz
2026/09/27 19:43:25.070, 1, 79641 MiB, 100 %, 526.67 W, 1980 MHz
2026/09/27 19:43:25.071, 2, 79641 MiB, 100 %, 527.10 W, 1980 MHz
2026/09/27 19:43:25.072, 3, 79641 MiB, 100 %, 518.11 W, 1980 MHz
2026/09/27 19:43:25.073, 4, 79641 MiB, 100 %, 516.40 W, 1980 MHz
2026/09/27 19:43:25.073, 5, 79641 MiB, 100 %, 533.02 W, 1980 MHz
2026/09/27 19:43:25.074, 6, 79641 MiB, 100 %, 525.72 W, 1980 MHz
2026/09/27 19:43:25.074, 7, 79641 MiB, 100 %, 527.22 W, 1980 MHz
2026/09/27 19:43:26.075, 0, 79641 MiB, 100 %, 526.33 W, 1845 MHz
2026/09/27 19:43:26.076, 1, 79641 MiB, 100 %, 548.25 W, 1980 MHz
2026/09/27 19:43:26.077, 2, 79641 MiB, 100 %, 543.47 W, 1980 MHz
2026/09/27 19:43:26.077, 3, 79641 MiB, 100 %, 543.56 W, 1980 MHz
2026/09/27 19:43:26.078, 4, 79641 MiB, 100 %, 525.43 W, 1980 MHz
2026/09/27 19:43:26.079, 5, 79641 MiB, 100 %, 554.19 W, 1980 MHz
2026/09/27 19:43:26.079, 6, 79641 MiB, 100 %, 545.99 W, 1980 MHz
2026/09/27 19:43:26.080, 7, 79641 MiB, 100 %, 539.33 W, 1980 MHz
2026/09/27 19:43:27.081, 0, 79641 MiB, 100 %, 511.03 W, 1500 MHz
2026/09/27 19:43:27.082, 1, 79641 MiB, 100 %, 543.53 W, 1980 MHz
2026/09/27 19:43:27.083, 2, 79641 MiB, 100 %, 539.69 W, 1980 MHz
2026/09/27 19:43:27.084, 3, 79641 MiB, 100 %, 524.70 W, 1980 MHz
2026/09/27 19:43:27.084, 4, 79641 MiB, 100 %, 516.70 W, 1980 MHz
2026/09/27 19:43:27.085, 5, 79641 MiB, 100 %, 549.81 W, 1980 MHz
2026/09/27 19:43:27.086, 6, 79641 MiB, 100 %, 531.75 W, 1980 MHz
2026/09/27 19:43:27.087, 7, 79641 MiB, 100 %, 525.48 W, 1980 MHz
2026/09/27 19:43:28.087, 0, 79641 MiB, 100 %, 492.66 W, 1620 MHz
2026/09/27 19:43:28.088, 1, 79641 MiB, 100 %, 521.76 W, 1980 MHz
2026/09/27 19:43:28.089, 2, 79641 MiB, 100 %, 522.91 W, 1980 MHz
2026/09/27 19:43:28.090, 3, 79641 MiB, 100 %, 517.92 W, 1980 MHz
2026/09/27 19:43:28.091, 4, 79641 MiB, 100 %, 504.59 W, 1980 MHz
2026/09/27 19:43:28.091, 5, 79641 MiB, 100 %, 530.49 W, 1980 MHz
2026/09/27 19:43:28.092, 6, 79641 MiB, 100 %, 521.77 W, 1980 MHz
2026/09/27 19:43:28.093, 7, 79641 MiB, 100 %, 516.75 W, 1980 MHz
2026/09/27 19:43:29.093, 0, 79641 MiB, 100 %, 515.67 W, 1695 MHz
2026/09/27 19:43:29.094, 1, 79641 MiB, 100 %, 541.59 W, 1980 MHz
2026/09/27 19:43:29.095, 2, 79641 MiB, 100 %, 529.59 W, 1980 MHz
2026/09/27 19:43:29.096, 3, 79641 MiB, 100 %, 525.02 W, 1980 MHz
2026/09/27 19:43:29.096, 4, 79641 MiB, 100 %, 519.60 W, 1980 MHz
2026/09/27 19:43:29.097, 5, 79641 MiB, 100 %, 548.23 W, 1980 MHz
2026/09/27 19:43:29.098, 6, 79641 MiB, 100 %, 542.68 W, 1980 MHz
2026/09/27 19:43:29.098, 7, 79641 MiB, 100 %, 526.52 W, 1980 MHz
2026/09/27 19:43:30.099, 0, 79641 MiB, 100 %, 527.86 W, 1770 MHz
2026/09/27 19:43:30.100, 1, 79641 MiB, 100 %, 551.61 W, 1980 MHz
2026/09/27 19:43:30.101, 2, 79641 MiB, 100 %, 546.37 W, 1980 MHz
2026/09/27 19:43:30.101, 3, 79641 MiB, 100 %, 530.64 W, 1980 MHz
2026/09/27 19:43:30.102, 4, 79641 MiB, 100 %, 532.34 W, 1980 MHz
2026/09/27 19:43:30.103, 5, 79641 MiB, 100 %, 553.81 W, 1980 MHz
2026/09/27 19:43:30.103, 6, 79641 MiB, 100 %, 535.82 W, 1980 MHz
2026/09/27 19:43:30.104, 7, 79641 MiB, 100 %, 540.32 W, 1980 MHz
2026/09/27 19:43:31.105, 0, 79641 MiB, 100 %, 538.23 W, 1740 MHz
2026/09/27 19:43:31.105, 1, 79641 MiB, 100 %, 535.88 W, 1980 MHz
2026/09/27 19:43:31.106, 2, 79641 MiB, 100 %, 530.50 W, 1980 MHz
2026/09/27 19:43:31.107, 3, 79641 MiB, 100 %, 526.72 W, 1980 MHz
2026/09/27 19:43:31.107, 4, 79641 MiB, 100 %, 516.89 W, 1980 MHz
2026/09/27 19:43:31.108, 5, 79641 MiB, 100 %, 544.57 W, 1980 MHz
2026/09/27 19:43:31.109, 6, 79641 MiB, 100 %, 534.55 W, 1980 MHz
2026/09/27 19:43:31.109, 7, 79641 MiB, 100 %, 534.94 W, 1980 MHz
2026/09/27 19:43:32.110, 0, 79641 MiB, 100 %, 546.24 W, 1785 MHz
2026/09/27 19:43:32.111, 1, 79641 MiB, 100 %, 545.27 W, 1980 MHz
2026/09/27 19:43:32.112, 2, 79641 MiB, 100 %, 539.46 W, 1980 MHz
2026/09/27 19:43:32.112, 3, 79641 MiB, 100 %, 538.86 W, 1980 MHz
2026/09/27 19:43:32.113, 4, 79641 MiB, 100 %, 530.44 W, 1980 MHz
2026/09/27 19:43:32.114, 5, 79641 MiB, 100 %, 553.76 W, 1980 MHz
2026/09/27 19:43:32.114, 6, 79641 MiB, 100 %, 544.04 W, 1980 MHz
2026/09/27 19:43:32.115, 7, 79641 MiB, 100 %, 527.52 W, 1980 MHz
2026/09/27 19:43:33.116, 0, 79641 MiB, 100 %, 527.13 W, 1545 MHz
2026/09/27 19:43:33.116, 1, 79641 MiB, 100 %, 552.26 W, 1980 MHz
2026/09/27 19:43:33.117, 2, 79641 MiB, 100 %, 540.13 W, 1980 MHz
2026/09/27 19:43:33.118, 3, 79641 MiB, 100 %, 534.15 W, 1980 MHz
2026/09/27 19:43:33.119, 4, 79641 MiB, 100 %, 530.63 W, 1980 MHz
2026/09/27 19:43:33.119, 5, 79641 MiB, 100 %, 544.51 W, 1980 MHz
2026/09/27 19:43:33.120, 6, 79641 MiB, 100 %, 546.05 W, 1980 MHz
2026/09/27 19:43:33.120, 7, 79641 MiB, 100 %, 535.98 W, 1980 MHz
2026/09/27 19:43:34.121, 0, 79641 MiB, 100 %, 488.09 W, 1650 MHz
2026/09/27 19:43:34.122, 1, 79641 MiB, 100 %, 541.48 W, 1980 MHz
2026/09/27 19:43:34.123, 2, 79641 MiB, 100 %, 533.31 W, 1980 MHz
2026/09/27 19:43:34.123, 3, 79641 MiB, 100 %, 532.36 W, 1980 MHz
2026/09/27 19:43:34.124, 4, 79641 MiB, 100 %, 512.13 W, 1980 MHz
2026/09/27 19:43:34.125, 5, 79641 MiB, 100 %, 546.13 W, 1980 MHz
2026/09/27 19:43:34.125, 6, 79641 MiB, 100 %, 536.37 W, 1980 MHz
2026/09/27 19:43:34.126, 7, 79641 MiB, 100 %, 528.11 W, 1980 MHz
2026/09/27 19:43:35.127, 0, 79641 MiB, 100 %, 509.13 W, 1620 MHz
2026/09/27 19:43:35.128, 1, 79641 MiB, 100 %, 531.32 W, 1980 MHz
2026/09/27 19:43:35.129, 2, 79641 MiB, 100 %, 524.73 W, 1980 MHz
2026/09/27 19:43:35.129, 3, 79641 MiB, 100 %, 520.83 W, 1980 MHz
2026/09/27 19:43:35.130, 4, 79641 MiB, 100 %, 507.84 W, 1980 MHz
2026/09/27 19:43:35.131, 5, 79641 MiB, 100 %, 536.17 W, 1980 MHz
2026/09/27 19:43:35.131, 6, 79641 MiB, 100 %, 530.97 W, 1980 MHz
2026/09/27 19:43:35.132, 7, 79641 MiB, 100 %, 513.14 W, 1980 MHz
2026/09/27 19:43:36.133, 0, 79641 MiB, 100 %, 516.56 W, 1680 MHz
2026/09/27 19:43:36.134, 1, 79641 MiB, 100 %, 549.18 W, 1980 MHz
2026/09/27 19:43:36.134, 2, 79641 MiB, 100 %, 536.58 W, 1980 MHz
2026/09/27 19:43:36.135, 3, 79641 MiB, 100 %, 530.04 W, 1980 MHz
2026/09/27 19:43:36.136, 4, 79641 MiB, 100 %, 526.43 W, 1980 MHz
2026/09/27 19:43:36.136, 5, 79641 MiB, 100 %, 544.82 W, 1980 MHz
2026/09/27 19:43:36.137, 6, 79641 MiB, 100 %, 540.34 W, 1980 MHz
2026/09/27 19:43:36.138, 7, 79641 MiB, 100 %, 532.53 W, 1980 MHz
2026/09/27 19:43:37.138, 0, 79641 MiB, 100 %, 517.12 W, 1785 MHz
2026/09/27 19:43:37.140, 1, 79641 MiB, 100 %, 549.38 W, 1980 MHz
2026/09/27 19:43:37.140, 2, 79641 MiB, 100 %, 541.56 W, 1980 MHz
2026/09/27 19:43:37.141, 3, 79641 MiB, 100 %, 533.91 W, 1980 MHz
2026/09/27 19:43:37.141, 4, 79641 MiB, 100 %, 528.64 W, 1980 MHz
2026/09/27 19:43:37.142, 5, 79641 MiB, 100 %, 545.81 W, 1980 MHz
2026/09/27 19:43:37.143, 6, 79641 MiB, 100 %, 539.84 W, 1980 MHz
2026/09/27 19:43:37.143, 7, 79641 MiB, 100 %, 529.49 W, 1980 MHz
2026/09/27 19:43:38.144, 0, 79641 MiB, 100 %, 507.16 W, 1695 MHz
2026/09/27 19:43:38.145, 1, 79641 MiB, 100 %, 535.94 W, 1980 MHz
2026/09/27 19:43:38.145, 2, 79641 MiB, 100 %, 536.34 W, 1980 MHz
2026/09/27 19:43:38.146, 3, 79641 MiB, 100 %, 523.66 W, 1980 MHz
2026/09/27 19:43:38.147, 4, 79641 MiB, 100 %, 520.64 W, 1980 MHz
2026/09/27 19:43:38.147, 5, 79641 MiB, 100 %, 546.85 W, 1980 MHz
2026/09/27 19:43:38.148, 6, 79641 MiB, 100 %, 540.42 W, 1980 MHz
2026/09/27 19:43:38.149, 7, 79641 MiB, 100 %, 534.13 W, 1980 MHz
2026/09/27 19:43:39.149, 0, 79641 MiB, 100 %, 504.61 W, 1635 MHz
2026/09/27 19:43:39.150, 1, 79641 MiB, 100 %, 537.98 W, 1980 MHz
2026/09/27 19:43:39.151, 2, 79641 MiB, 100 %, 527.49 W, 1980 MHz
2026/09/27 19:43:39.152, 3, 79641 MiB, 100 %, 522.83 W, 1980 MHz
2026/09/27 19:43:39.152, 4, 79641 MiB, 100 %, 513.74 W, 1980 MHz
2026/09/27 19:43:39.153, 5, 79641 MiB, 100 %, 544.23 W, 1980 MHz
2026/09/27 19:43:39.153, 6, 79641 MiB, 100 %, 534.89 W, 1980 MHz
2026/09/27 19:43:39.154, 7, 79641 MiB, 100 %, 522.90 W, 1980 MHz
2026/09/27 19:43:40.155, 0, 79641 MiB, 100 %, 530.21 W, 1740 MHz
2026/09/27 19:43:40.155, 1, 79641 MiB, 100 %, 541.89 W, 1980 MHz
2026/09/27 19:43:40.156, 2, 79641 MiB, 100 %, 543.69 W, 1980 MHz
2026/09/27 19:43:40.157, 3, 79641 MiB, 100 %, 531.83 W, 1980 MHz
2026/09/27 19:43:40.157, 4, 79641 MiB, 100 %, 522.74 W, 1980 MHz
2026/09/27 19:43:40.158, 5, 79641 MiB, 100 %, 545.55 W, 1980 MHz
2026/09/27 19:43:40.159, 6, 79641 MiB, 100 %, 545.60 W, 1980 MHz
2026/09/27 19:43:40.159, 7, 79641 MiB, 100 %, 531.01 W, 1980 MHz
2026/09/27 19:43:41.160, 0, 79641 MiB, 100 %, 520.41 W, 1785 MHz
2026/09/27 19:43:41.161, 1, 79641 MiB, 100 %, 547.90 W, 1980 MHz
2026/09/27 19:43:41.162, 2, 79641 MiB, 100 %, 536.72 W, 1980 MHz
2026/09/27 19:43:41.162, 3, 79641 MiB, 100 %, 537.83 W, 1980 MHz
2026/09/27 19:43:41.163, 4, 79641 MiB, 100 %, 531.44 W, 1980 MHz
2026/09/27 19:43:41.164, 5, 79641 MiB, 100 %, 547.13 W, 1980 MHz
2026/09/27 19:43:41.164, 6, 79641 MiB, 100 %, 545.40 W, 1980 MHz
2026/09/27 19:43:41.165, 7, 79641 MiB, 100 %, 525.56 W, 1980 MHz
2026/09/27 19:43:42.165, 0, 79641 MiB, 100 %, 553.79 W, 1875 MHz
2026/09/27 19:43:42.167, 1, 79641 MiB, 100 %, 544.79 W, 1980 MHz
2026/09/27 19:43:42.167, 2, 79641 MiB, 100 %, 546.43 W, 1980 MHz
2026/09/27 19:43:42.168, 3, 79641 MiB, 100 %, 533.25 W, 1980 MHz
2026/09/27 19:43:42.169, 4, 79641 MiB, 100 %, 523.09 W, 1980 MHz
2026/09/27 19:43:42.169, 5, 79641 MiB, 100 %, 553.43 W, 1980 MHz
2026/09/27 19:43:42.170, 6, 79641 MiB, 100 %, 543.99 W, 1980 MHz
2026/09/27 19:43:42.171, 7, 79641 MiB, 100 %, 535.81 W, 1980 MHz
2026/09/27 19:43:43.171, 0, 79641 MiB, 100 %, 487.16 W, 1620 MHz
2026/09/27 19:43:43.172, 1, 79641 MiB, 100 %, 541.65 W, 1980 MHz
2026/09/27 19:43:43.173, 2, 79641 MiB, 100 %, 531.67 W, 1980 MHz
2026/09/27 19:43:43.174, 3, 79641 MiB, 100 %, 516.20 W, 1980 MHz
2026/09/27 19:43:43.174, 4, 79641 MiB, 100 %, 516.68 W, 1980 MHz
2026/09/27 19:43:43.175, 5, 79641 MiB, 100 %, 527.19 W, 1980 MHz
2026/09/27 19:43:43.175, 6, 79641 MiB, 100 %, 529.64 W, 1980 MHz
2026/09/27 19:43:43.176, 7, 79641 MiB, 100 %, 520.88 W, 1980 MHz
2026/09/27 19:43:44.177, 0, 79641 MiB, 100 %, 496.51 W, 1620 MHz
2026/09/27 19:43:44.178, 1, 79641 MiB, 100 %, 537.07 W, 1980 MHz
2026/09/27 19:43:44.178, 2, 79641 MiB, 100 %, 525.74 W, 1980 MHz
2026/09/27 19:43:44.179, 3, 79641 MiB, 100 %, 530.51 W, 1980 MHz
2026/09/27 19:43:44.180, 4, 79641 MiB, 100 %, 520.60 W, 1980 MHz
2026/09/27 19:43:44.180, 5, 79641 MiB, 100 %, 542.87 W, 1980 MHz
2026/09/27 19:43:44.181, 6, 79641 MiB, 100 %, 537.98 W, 1980 MHz
2026/09/27 19:43:44.181, 7, 79641 MiB, 100 %, 521.22 W, 1980 MHz
2026/09/27 19:43:45.182, 0, 79641 MiB, 100 %, 503.55 W, 1590 MHz
2026/09/27 19:43:45.183, 1, 79641 MiB, 100 %, 539.63 W, 1980 MHz
2026/09/27 19:43:45.184, 2, 79641 MiB, 100 %, 536.19 W, 1980 MHz
2026/09/27 19:43:45.184, 3, 79641 MiB, 100 %, 530.53 W, 1980 MHz
2026/09/27 19:43:45.185, 4, 79641 MiB, 100 %, 517.77 W, 1980 MHz
2026/09/27 19:43:45.186, 5, 79641 MiB, 100 %, 549.60 W, 1980 MHz
2026/09/27 19:43:45.186, 6, 79641 MiB, 100 %, 542.43 W, 1980 MHz
2026/09/27 19:43:45.187, 7, 79641 MiB, 100 %, 526.24 W, 1980 MHz
2026/09/27 19:43:46.187, 0, 79641 MiB, 100 %, 512.93 W, 1770 MHz
2026/09/27 19:43:46.188, 1, 79641 MiB, 100 %, 541.66 W, 1980 MHz
2026/09/27 19:43:46.189, 2, 79641 MiB, 100 %, 542.39 W, 1980 MHz
2026/09/27 19:43:46.189, 3, 79641 MiB, 100 %, 532.37 W, 1980 MHz
2026/09/27 19:43:46.190, 4, 79641 MiB, 100 %, 516.96 W, 1980 MHz
2026/09/27 19:43:46.191, 5, 79641 MiB, 100 %, 549.16 W, 1980 MHz
2026/09/27 19:43:46.191, 6, 79641 MiB, 100 %, 532.56 W, 1980 MHz
2026/09/27 19:43:46.192, 7, 79641 MiB, 100 %, 519.31 W, 1980 MHz
2026/09/27 19:43:47.192, 0, 79641 MiB, 100 %, 511.45 W, 1500 MHz
2026/09/27 19:43:47.194, 1, 79641 MiB, 100 %, 539.06 W, 1980 MHz
2026/09/27 19:43:47.194, 2, 79641 MiB, 100 %, 538.56 W, 1980 MHz
2026/09/27 19:43:47.195, 3, 79641 MiB, 100 %, 522.58 W, 1980 MHz
2026/09/27 19:43:47.196, 4, 79641 MiB, 100 %, 521.91 W, 1980 MHz
2026/09/27 19:43:47.196, 5, 79641 MiB, 100 %, 545.03 W, 1980 MHz
2026/09/27 19:43:47.197, 6, 79641 MiB, 100 %, 540.69 W, 1980 MHz
2026/09/27 19:43:47.198, 7, 79641 MiB, 100 %, 526.60 W, 1980 MHz
2026/09/27 19:43:48.198, 0, 79641 MiB, 100 %, 482.73 W, 1515 MHz
2026/09/27 19:43:48.199, 1, 79641 MiB, 100 %, 535.84 W, 1980 MHz
2026/09/27 19:43:48.200, 2, 79641 MiB, 100 %, 535.72 W, 1980 MHz
2026/09/27 19:43:48.201, 3, 79641 MiB, 100 %, 520.93 W, 1980 MHz
2026/09/27 19:43:48.201, 4, 79641 MiB, 100 %, 523.92 W, 1980 MHz
2026/09/27 19:43:48.202, 5, 79641 MiB, 100 %, 538.76 W, 1980 MHz
2026/09/27 19:43:48.203, 6, 79641 MiB, 100 %, 537.98 W, 1980 MHz
2026/09/27 19:43:48.203, 7, 79641 MiB, 100 %, 529.83 W, 1980 MHz
2026/09/27 19:43:49.204, 0, 79641 MiB, 100 %, 410.17 W, 1980 MHz
2026/09/27 19:43:49.205, 1, 79641 MiB, 100 %, 388.58 W, 1980 MHz
2026/09/27 19:43:49.206, 2, 79641 MiB, 100 %, 393.06 W, 1980 MHz
2026/09/27 19:43:49.206, 3, 79641 MiB, 100 %, 372.23 W, 1980 MHz
2026/09/27 19:43:49.207, 4, 79641 MiB, 100 %, 374.42 W, 1980 MHz
2026/09/27 19:43:49.208, 5, 79641 MiB, 100 %, 386.52 W, 1980 MHz
2026/09/27 19:43:49.208, 6, 79641 MiB, 100 %, 372.23 W, 1980 MHz
2026/09/27 19:43:49.209, 7, 79641 MiB, 100 %, 378.27 W, 1980 MHz
2026/09/27 19:43:50.210, 0, 79641 MiB, 100 %, 397.00 W, 1980 MHz
2026/09/27 19:43:50.211, 1, 79641 MiB, 100 %, 337.42 W, 1980 MHz
2026/09/27 19:43:50.212, 2, 79641 MiB, 100 %, 330.26 W, 1980 MHz
2026/09/27 19:43:50.212, 3, 79641 MiB, 100 %, 326.38 W, 1980 MHz
2026/09/27 19:43:50.213, 4, 79641 MiB, 100 %, 323.88 W, 1980 MHz
2026/09/27 19:43:50.214, 5, 79641 MiB, 100 %, 326.07 W, 1980 MHz
2026/09/27 19:43:50.215, 6, 79641 MiB, 100 %, 336.37 W, 1980 MHz
2026/09/27 19:43:50.215, 7, 79641 MiB, 100 %, 323.03 W, 1980 MHz
2026/09/27 19:43:51.216, 0, 79641 MiB, 100 %, 515.52 W, 1875 MHz
2026/09/27 19:43:51.217, 1, 79641 MiB, 100 %, 441.76 W, 1980 MHz
2026/09/27 19:43:51.218, 2, 79641 MiB, 100 %, 440.10 W, 1980 MHz
2026/09/27 19:43:51.219, 3, 79641 MiB, 100 %, 441.16 W, 1980 MHz
2026/09/27 19:43:51.219, 4, 79641 MiB, 100 %, 421.73 W, 1980 MHz
2026/09/27 19:43:51.220, 5, 79641 MiB, 100 %, 459.15 W, 1980 MHz
2026/09/27 19:43:51.221, 6, 79641 MiB, 100 %, 459.45 W, 1980 MHz
2026/09/27 19:43:51.221, 7, 79641 MiB, 100 %, 427.64 W, 1980 MHz
2026/09/27 19:43:52.222, 0, 79641 MiB, 100 %, 553.97 W, 1710 MHz
2026/09/27 19:43:52.223, 1, 79641 MiB, 100 %, 550.84 W, 1980 MHz
2026/09/27 19:43:52.224, 2, 79641 MiB, 100 %, 541.91 W, 1980 MHz
2026/09/27 19:43:52.225, 3, 79641 MiB, 100 %, 530.48 W, 1980 MHz
2026/09/27 19:43:52.226, 4, 79641 MiB, 100 %, 525.49 W, 1980 MHz
2026/09/27 19:43:52.226, 5, 79641 MiB, 100 %, 549.79 W, 1980 MHz
2026/09/27 19:43:52.227, 6, 79641 MiB, 100 %, 550.18 W, 1980 MHz
2026/09/27 19:43:52.228, 7, 79641 MiB, 100 %, 530.19 W, 1980 MHz
2026/09/27 19:43:53.229, 0, 79641 MiB, 100 %, 534.11 W, 1740 MHz
2026/09/27 19:43:53.229, 1, 79641 MiB, 100 %, 546.36 W, 1980 MHz
2026/09/27 19:43:53.230, 2, 79641 MiB, 100 %, 530.90 W, 1980 MHz
2026/09/27 19:43:53.231, 3, 79641 MiB, 100 %, 531.50 W, 1980 MHz
2026/09/27 19:43:53.231, 4, 79641 MiB, 100 %, 528.86 W, 1980 MHz
2026/09/27 19:43:53.232, 5, 79641 MiB, 100 %, 540.92 W, 1980 MHz
2026/09/27 19:43:53.233, 6, 79641 MiB, 100 %, 533.88 W, 1980 MHz
2026/09/27 19:43:53.233, 7, 79641 MiB, 100 %, 534.37 W, 1980 MHz
2026/09/27 19:43:54.234, 0, 79641 MiB, 100 %, 493.71 W, 1590 MHz
2026/09/27 19:43:54.235, 1, 79641 MiB, 100 %, 546.53 W, 1980 MHz
2026/09/27 19:43:54.236, 2, 79641 MiB, 100 %, 529.82 W, 1980 MHz
2026/09/27 19:43:54.237, 3, 79641 MiB, 100 %, 532.10 W, 1980 MHz
2026/09/27 19:43:54.237, 4, 79641 MiB, 100 %, 522.50 W, 1980 MHz
2026/09/27 19:43:54.238, 5, 79641 MiB, 100 %, 542.96 W, 1980 MHz
2026/09/27 19:43:54.239, 6, 79641 MiB, 100 %, 536.73 W, 1980 MHz
2026/09/27 19:43:54.239, 7, 79641 MiB, 100 %, 524.92 W, 1980 MHz
2026/09/27 19:43:55.240, 0, 79641 MiB, 100 %, 507.76 W, 1605 MHz
2026/09/27 19:43:55.241, 1, 79641 MiB, 100 %, 538.03 W, 1980 MHz
2026/09/27 19:43:55.242, 2, 79641 MiB, 100 %, 525.21 W, 1980 MHz
2026/09/27 19:43:55.243, 3, 79641 MiB, 100 %, 529.66 W, 1980 MHz
2026/09/27 19:43:55.243, 4, 79641 MiB, 100 %, 509.33 W, 1980 MHz
2026/09/27 19:43:55.244, 5, 79641 MiB, 100 %, 538.18 W, 1980 MHz
2026/09/27 19:43:55.245, 6, 79641 MiB, 100 %, 530.15 W, 1980 MHz
2026/09/27 19:43:55.245, 7, 79641 MiB, 100 %, 518.42 W, 1980 MHz
2026/09/27 19:43:56.246, 0, 79641 MiB, 100 %, 516.30 W, 1725 MHz
2026/09/27 19:43:56.247, 1, 79641 MiB, 100 %, 548.90 W, 1980 MHz
2026/09/27 19:43:56.248, 2, 79641 MiB, 100 %, 529.73 W, 1980 MHz
2026/09/27 19:43:56.248, 3, 79641 MiB, 100 %, 524.63 W, 1980 MHz
2026/09/27 19:43:56.249, 4, 79641 MiB, 100 %, 523.79 W, 1980 MHz
2026/09/27 19:43:56.250, 5, 79641 MiB, 100 %, 540.61 W, 1980 MHz
2026/09/27 19:43:56.250, 6, 79641 MiB, 100 %, 534.95 W, 1980 MHz
2026/09/27 19:43:56.251, 7, 79641 MiB, 100 %, 524.73 W, 1980 MHz
2026/09/27 19:43:57.252, 0, 79641 MiB, 100 %, 520.13 W, 1665 MHz
2026/09/27 19:43:57.253, 1, 79641 MiB, 100 %, 538.97 W, 1980 MHz
2026/09/27 19:43:57.254, 2, 79641 MiB, 100 %, 538.70 W, 1980 MHz
2026/09/27 19:43:57.254, 3, 79641 MiB, 100 %, 529.76 W, 1980 MHz
2026/09/27 19:43:57.255, 4, 79641 MiB, 100 %, 529.41 W, 1980 MHz
2026/09/27 19:43:57.256, 5, 79641 MiB, 100 %, 549.75 W, 1980 MHz
2026/09/27 19:43:57.256, 6, 79641 MiB, 100 %, 543.32 W, 1980 MHz
2026/09/27 19:43:57.257, 7, 79641 MiB, 100 %, 527.72 W, 1980 MHz
2026/09/27 19:43:58.258, 0, 79641 MiB, 100 %, 526.72 W, 1755 MHz
2026/09/27 19:43:58.259, 1, 79641 MiB, 100 %, 547.79 W, 1980 MHz
2026/09/27 19:43:58.259, 2, 79641 MiB, 100 %, 536.59 W, 1980 MHz
2026/09/27 19:43:58.260, 3, 79641 MiB, 100 %, 529.60 W, 1980 MHz
2026/09/27 19:43:58.261, 4, 79641 MiB, 100 %, 523.99 W, 1980 MHz
2026/09/27 19:43:58.262, 5, 79641 MiB, 100 %, 546.89 W, 1980 MHz
2026/09/27 19:43:58.262, 6, 79641 MiB, 100 %, 545.27 W, 1980 MHz
2026/09/27 19:43:58.263, 7, 79641 MiB, 100 %, 532.43 W, 1980 MHz
2026/09/27 19:43:59.264, 0, 79641 MiB, 100 %, 531.58 W, 1785 MHz
2026/09/27 19:43:59.265, 1, 79641 MiB, 100 %, 542.90 W, 1980 MHz
2026/09/27 19:43:59.266, 2, 79641 MiB, 100 %, 530.23 W, 1980 MHz
2026/09/27 19:43:59.267, 3, 79641 MiB, 100 %, 522.98 W, 1980 MHz
2026/09/27 19:43:59.267, 4, 79641 MiB, 100 %, 518.61 W, 1980 MHz
2026/09/27 19:43:59.268, 5, 79641 MiB, 100 %, 549.32 W, 1980 MHz
2026/09/27 19:43:59.269, 6, 79641 MiB, 100 %, 543.76 W, 1980 MHz
2026/09/27 19:43:59.269, 7, 79641 MiB, 100 %, 515.11 W, 1980 MHz
2026/09/27 19:44:00.270, 0, 79641 MiB, 100 %, 543.22 W, 1725 MHz
2026/09/27 19:44:00.271, 1, 79641 MiB, 100 %, 544.36 W, 1980 MHz
2026/09/27 19:44:00.272, 2, 79641 MiB, 100 %, 532.08 W, 1980 MHz
2026/09/27 19:44:00.273, 3, 79641 MiB, 100 %, 533.60 W, 1980 MHz
2026/09/27 19:44:00.274, 4, 79641 MiB, 100 %, 528.35 W, 1980 MHz
2026/09/27 19:44:00.274, 5, 79641 MiB, 100 %, 550.18 W, 1980 MHz
2026/09/27 19:44:00.275, 6, 79641 MiB, 100 %, 543.48 W, 1980 MHz
2026/09/27 19:44:00.276, 7, 79641 MiB, 100 %, 524.74 W, 1980 MHz
2026/09/27 19:44:01.277, 0, 79641 MiB, 100 %, 551.10 W, 1635 MHz
2026/09/27 19:44:01.278, 1, 79641 MiB, 100 %, 560.59 W, 1980 MHz
2026/09/27 19:44:01.278, 2, 79641 MiB, 100 %, 545.96 W, 1980 MHz
2026/09/27 19:44:01.279, 3, 79641 MiB, 100 %, 543.85 W, 1980 MHz
2026/09/27 19:44:01.280, 4, 79641 MiB, 100 %, 532.29 W, 1980 MHz
2026/09/27 19:44:01.280, 5, 79641 MiB, 100 %, 558.46 W, 1980 MHz
2026/09/27 19:44:01.281, 6, 79641 MiB, 100 %, 554.16 W, 1980 MHz
2026/09/27 19:44:01.282, 7, 79641 MiB, 100 %, 545.96 W, 1980 MHz
2026/09/27 19:44:02.283, 0, 79641 MiB, 100 %, 497.13 W, 1665 MHz
2026/09/27 19:44:02.284, 1, 79641 MiB, 100 %, 532.22 W, 1980 MHz
2026/09/27 19:44:02.284, 2, 79641 MiB, 100 %, 533.45 W, 1980 MHz
2026/09/27 19:44:02.285, 3, 79641 MiB, 100 %, 522.70 W, 1980 MHz
2026/09/27 19:44:02.286, 4, 79641 MiB, 100 %, 513.91 W, 1980 MHz
2026/09/27 19:44:02.287, 5, 79641 MiB, 100 %, 541.49 W, 1980 MHz
2026/09/27 19:44:02.287, 6, 79641 MiB, 100 %, 527.43 W, 1980 MHz
2026/09/27 19:44:02.288, 7, 79641 MiB, 100 %, 517.99 W, 1980 MHz
2026/09/27 19:44:03.289, 0, 79641 MiB, 100 %, 520.49 W, 1710 MHz
2026/09/27 19:44:03.290, 1, 79641 MiB, 100 %, 532.61 W, 1980 MHz
2026/09/27 19:44:03.290, 2, 79641 MiB, 100 %, 527.64 W, 1980 MHz
2026/09/27 19:44:03.291, 3, 79641 MiB, 100 %, 528.61 W, 1980 MHz
2026/09/27 19:44:03.292, 4, 79641 MiB, 100 %, 521.68 W, 1980 MHz
2026/09/27 19:44:03.292, 5, 79641 MiB, 100 %, 539.36 W, 1980 MHz
2026/09/27 19:44:03.293, 6, 79641 MiB, 100 %, 536.41 W, 1980 MHz
2026/09/27 19:44:03.294, 7, 79641 MiB, 100 %, 527.79 W, 1980 MHz
2026/09/27 19:44:04.295, 0, 79641 MiB, 100 %, 541.11 W, 1710 MHz
2026/09/27 19:44:04.296, 1, 79641 MiB, 100 %, 558.88 W, 1980 MHz
2026/09/27 19:44:04.296, 2, 79641 MiB, 100 %, 543.08 W, 1980 MHz
2026/09/27 19:44:04.297, 3, 79641 MiB, 100 %, 538.91 W, 1980 MHz
2026/09/27 19:44:04.298, 4, 79641 MiB, 100 %, 541.45 W, 1980 MHz
2026/09/27 19:44:04.299, 5, 79641 MiB, 100 %, 552.03 W, 1980 MHz
2026/09/27 19:44:04.300, 6, 79641 MiB, 100 %, 548.24 W, 1980 MHz
2026/09/27 19:44:04.300, 7, 79641 MiB, 100 %, 537.91 W, 1980 MHz
2026/09/27 19:44:05.301, 0, 79641 MiB, 100 %, 524.29 W, 1770 MHz
2026/09/27 19:44:05.302, 1, 79641 MiB, 100 %, 545.11 W, 1980 MHz
2026/09/27 19:44:05.303, 2, 79641 MiB, 100 %, 542.58 W, 1980 MHz
2026/09/27 19:44:05.304, 3, 79641 MiB, 100 %, 528.01 W, 1980 MHz
2026/09/27 19:44:05.304, 4, 79641 MiB, 100 %, 525.18 W, 1980 MHz
2026/09/27 19:44:05.305, 5, 79641 MiB, 100 %, 551.73 W, 1980 MHz
2026/09/27 19:44:05.306, 6, 79641 MiB, 100 %, 537.80 W, 1980 MHz
2026/09/27 19:44:05.306, 7, 79641 MiB, 100 %, 537.73 W, 1980 MHz
2026/09/27 19:44:06.307, 0, 79641 MiB, 100 %, 506.97 W, 1755 MHz
2026/09/27 19:44:06.308, 1, 79641 MiB, 100 %, 527.93 W, 1980 MHz
2026/09/27 19:44:06.309, 2, 79641 MiB, 100 %, 530.32 W, 1980 MHz
2026/09/27 19:44:06.309, 3, 79641 MiB, 100 %, 523.18 W, 1980 MHz
2026/09/27 19:44:06.310, 4, 79641 MiB, 100 %, 517.70 W, 1980 MHz
2026/09/27 19:44:06.311, 5, 79641 MiB, 100 %, 532.68 W, 1980 MHz
2026/09/27 19:44:06.312, 6, 79641 MiB, 100 %, 526.60 W, 1980 MHz
2026/09/27 19:44:06.312, 7, 79641 MiB, 100 %, 522.09 W, 1980 MHz
2026/09/27 19:44:07.313, 0, 79641 MiB, 100 %, 527.24 W, 1515 MHz
2026/09/27 19:44:07.314, 1, 79641 MiB, 100 %, 545.43 W, 1980 MHz
2026/09/27 19:44:07.315, 2, 79641 MiB, 100 %, 542.60 W, 1980 MHz
2026/09/27 19:44:07.315, 3, 79641 MiB, 100 %, 530.91 W, 1980 MHz
2026/09/27 19:44:07.316, 4, 79641 MiB, 100 %, 529.23 W, 1980 MHz
2026/09/27 19:44:07.317, 5, 79641 MiB, 100 %, 549.21 W, 1980 MHz
2026/09/27 19:44:07.318, 6, 79641 MiB, 100 %, 548.21 W, 1980 MHz
2026/09/27 19:44:07.318, 7, 79641 MiB, 100 %, 527.21 W, 1980 MHz
2026/09/27 19:44:08.319, 0, 79641 MiB, 100 %, 476.84 W, 1410 MHz
2026/09/27 19:44:08.320, 1, 79641 MiB, 100 %, 544.83 W, 1980 MHz
2026/09/27 19:44:08.321, 2, 79641 MiB, 100 %, 534.60 W, 1980 MHz
2026/09/27 19:44:08.322, 3, 79641 MiB, 100 %, 531.32 W, 1980 MHz
2026/09/27 19:44:08.322, 4, 79641 MiB, 100 %, 520.61 W, 1980 MHz
2026/09/27 19:44:08.323, 5, 79641 MiB, 100 %, 545.99 W, 1980 MHz
2026/09/27 19:44:08.324, 6, 79641 MiB, 100 %, 529.66 W, 1980 MHz
2026/09/27 19:44:08.324, 7, 79641 MiB, 100 %, 529.76 W, 1980 MHz
2026/09/27 19:44:09.325, 0, 79641 MiB, 100 %, 489.67 W, 1545 MHz
2026/09/27 19:44:09.326, 1, 79641 MiB, 100 %, 533.20 W, 1980 MHz
2026/09/27 19:44:09.327, 2, 79641 MiB, 100 %, 527.84 W, 1980 MHz
2026/09/27 19:44:09.327, 3, 79641 MiB, 100 %, 519.19 W, 1980 MHz
2026/09/27 19:44:09.328, 4, 79641 MiB, 100 %, 513.60 W, 1980 MHz
2026/09/27 19:44:09.329, 5, 79641 MiB, 100 %, 534.79 W, 1980 MHz
2026/09/27 19:44:09.329, 6, 79641 MiB, 100 %, 527.32 W, 1980 MHz
2026/09/27 19:44:09.330, 7, 79641 MiB, 100 %, 517.85 W, 1980 MHz
2026/09/27 19:44:10.331, 0, 79641 MiB, 100 %, 507.19 W, 1635 MHz
2026/09/27 19:44:10.332, 1, 79641 MiB, 100 %, 537.34 W, 1980 MHz
2026/09/27 19:44:10.332, 2, 79641 MiB, 100 %, 534.79 W, 1980 MHz
2026/09/27 19:44:10.333, 3, 79641 MiB, 100 %, 522.18 W, 1980 MHz
2026/09/27 19:44:10.334, 4, 79641 MiB, 100 %, 513.53 W, 1980 MHz
2026/09/27 19:44:10.334, 5, 79641 MiB, 100 %, 540.59 W, 1980 MHz
2026/09/27 19:44:10.335, 6, 79641 MiB, 100 %, 535.91 W, 1980 MHz
2026/09/27 19:44:10.336, 7, 79641 MiB, 100 %, 523.03 W, 1980 MHz
2026/09/27 19:44:11.336, 0, 79641 MiB, 100 %, 510.98 W, 1725 MHz
2026/09/27 19:44:11.337, 1, 79641 MiB, 100 %, 548.17 W, 1980 MHz
2026/09/27 19:44:11.338, 2, 79641 MiB, 100 %, 541.34 W, 1980 MHz
2026/09/27 19:44:11.339, 3, 79641 MiB, 100 %, 535.94 W, 1980 MHz
2026/09/27 19:44:11.339, 4, 79641 MiB, 100 %, 524.46 W, 1980 MHz
2026/09/27 19:44:11.340, 5, 79641 MiB, 100 %, 551.38 W, 1980 MHz
2026/09/27 19:44:11.341, 6, 79641 MiB, 100 %, 548.21 W, 1980 MHz
2026/09/27 19:44:11.341, 7, 79641 MiB, 100 %, 534.26 W, 1980 MHz
2026/09/27 19:44:12.342, 0, 79641 MiB, 100 %, 517.86 W, 1770 MHz
2026/09/27 19:44:12.343, 1, 79641 MiB, 100 %, 545.58 W, 1980 MHz
2026/09/27 19:44:12.344, 2, 79641 MiB, 100 %, 539.35 W, 1980 MHz
2026/09/27 19:44:12.345, 3, 79641 MiB, 100 %, 538.35 W, 1980 MHz
2026/09/27 19:44:12.345, 4, 79641 MiB, 100 %, 524.82 W, 1980 MHz
2026/09/27 19:44:12.346, 5, 79641 MiB, 100 %, 542.33 W, 1980 MHz
2026/09/27 19:44:12.347, 6, 79641 MiB, 100 %, 537.44 W, 1980 MHz
2026/09/27 19:44:12.347, 7, 79641 MiB, 100 %, 538.12 W, 1980 MHz
2026/09/27 19:44:13.348, 0, 79641 MiB, 100 %, 522.28 W, 1635 MHz
2026/09/27 19:44:13.349, 1, 79641 MiB, 100 %, 530.34 W, 1980 MHz
2026/09/27 19:44:13.350, 2, 79641 MiB, 100 %, 531.34 W, 1980 MHz
2026/09/27 19:44:13.351, 3, 79641 MiB, 100 %, 520.32 W, 1980 MHz
2026/09/27 19:44:13.351, 4, 79641 MiB, 100 %, 519.79 W, 1980 MHz
2026/09/27 19:44:13.352, 5, 79641 MiB, 100 %, 542.13 W, 1980 MHz
2026/09/27 19:44:13.353, 6, 79641 MiB, 100 %, 537.09 W, 1980 MHz
2026/09/27 19:44:13.353, 7, 79641 MiB, 100 %, 522.36 W, 1980 MHz
2026/09/27 19:44:14.354, 0, 79641 MiB, 100 %, 474.49 W, 1485 MHz
2026/09/27 19:44:14.355, 1, 79641 MiB, 100 %, 536.03 W, 1980 MHz
2026/09/27 19:44:14.356, 2, 79641 MiB, 100 %, 527.03 W, 1980 MHz
2026/09/27 19:44:14.357, 3, 79641 MiB, 100 %, 526.88 W, 1980 MHz
2026/09/27 19:44:14.358, 4, 79641 MiB, 100 %, 515.31 W, 1980 MHz
2026/09/27 19:44:14.358, 5, 79641 MiB, 100 %, 536.50 W, 1980 MHz
2026/09/27 19:44:14.359, 6, 79641 MiB, 100 %, 530.68 W, 1980 MHz
2026/09/27 19:44:14.360, 7, 79641 MiB, 100 %, 521.57 W, 1980 MHz
2026/09/27 19:44:15.360, 0, 79641 MiB, 100 %, 491.62 W, 1485 MHz
2026/09/27 19:44:15.362, 1, 79641 MiB, 100 %, 536.11 W, 1980 MHz
2026/09/27 19:44:15.363, 2, 79641 MiB, 100 %, 542.91 W, 1980 MHz
2026/09/27 19:44:15.363, 3, 79641 MiB, 100 %, 525.98 W, 1980 MHz
2026/09/27 19:44:15.364, 4, 79641 MiB, 100 %, 519.68 W, 1980 MHz
2026/09/27 19:44:15.365, 5, 79641 MiB, 100 %, 540.29 W, 1980 MHz
2026/09/27 19:44:15.366, 6, 79641 MiB, 100 %, 536.30 W, 1980 MHz
2026/09/27 19:44:15.366, 7, 79641 MiB, 100 %, 531.76 W, 1980 MHz
2026/09/27 19:44:16.367, 0, 79641 MiB, 100 %, 500.45 W, 1635 MHz
2026/09/27 19:44:16.368, 1, 79641 MiB, 100 %, 531.55 W, 1980 MHz
2026/09/27 19:44:16.369, 2, 79641 MiB, 100 %, 524.22 W, 1980 MHz
2026/09/27 19:44:16.370, 3, 79641 MiB, 100 %, 521.32 W, 1980 MHz
2026/09/27 19:44:16.370, 4, 79641 MiB, 100 %, 510.94 W, 1980 MHz
2026/09/27 19:44:16.371, 5, 79641 MiB, 100 %, 543.51 W, 1980 MHz
2026/09/27 19:44:16.372, 6, 79641 MiB, 100 %, 530.08 W, 1980 MHz
2026/09/27 19:44:16.372, 7, 79641 MiB, 100 %, 518.36 W, 1980 MHz
2026/09/27 19:44:17.373, 0, 79641 MiB, 100 %, 515.25 W, 1695 MHz
2026/09/27 19:44:17.375, 1, 79641 MiB, 100 %, 536.79 W, 1980 MHz
2026/09/27 19:44:17.375, 2, 79641 MiB, 100 %, 525.95 W, 1980 MHz
2026/09/27 19:44:17.376, 3, 79641 MiB, 100 %, 524.75 W, 1980 MHz
2026/09/27 19:44:17.377, 4, 79641 MiB, 100 %, 521.39 W, 1980 MHz
2026/09/27 19:44:17.378, 5, 79641 MiB, 100 %, 541.55 W, 1980 MHz
2026/09/27 19:44:17.379, 6, 79641 MiB, 100 %, 533.49 W, 1980 MHz
2026/09/27 19:44:17.379, 7, 79641 MiB, 100 %, 523.91 W, 1980 MHz
2026/09/27 19:44:18.381, 0, 79641 MiB, 100 %, 512.85 W, 1560 MHz
2026/09/27 19:44:18.382, 1, 79641 MiB, 100 %, 548.53 W, 1980 MHz
2026/09/27 19:44:18.383, 2, 79641 MiB, 100 %, 541.98 W, 1980 MHz
2026/09/27 19:44:18.383, 3, 79641 MiB, 100 %, 536.37 W, 1980 MHz
2026/09/27 19:44:18.384, 4, 79641 MiB, 100 %, 517.97 W, 1980 MHz
2026/09/27 19:44:18.384, 5, 79641 MiB, 100 %, 550.23 W, 1980 MHz
2026/09/27 19:44:18.385, 6, 79641 MiB, 100 %, 543.57 W, 1980 MHz
2026/09/27 19:44:18.386, 7, 79641 MiB, 100 %, 535.15 W, 1980 MHz
2026/09/27 19:44:19.386, 0, 79641 MiB, 100 %, 527.81 W, 1965 MHz
2026/09/27 19:44:19.387, 1, 79641 MiB, 100 %, 530.85 W, 1980 MHz
2026/09/27 19:44:19.388, 2, 79641 MiB, 100 %, 529.73 W, 1980 MHz
2026/09/27 19:44:19.389, 3, 79641 MiB, 100 %, 514.50 W, 1980 MHz
2026/09/27 19:44:19.389, 4, 79641 MiB, 100 %, 503.76 W, 1980 MHz
2026/09/27 19:44:19.390, 5, 79641 MiB, 100 %, 544.36 W, 1980 MHz
2026/09/27 19:44:19.391, 6, 79641 MiB, 100 %, 543.21 W, 1980 MHz
2026/09/27 19:44:19.391, 7, 79641 MiB, 100 %, 520.64 W, 1980 MHz
2026/09/27 19:44:20.392, 0, 79641 MiB, 100 %, 395.60 W, 1980 MHz
2026/09/27 19:44:20.393, 1, 79641 MiB, 100 %, 334.48 W, 1980 MHz
2026/09/27 19:44:20.394, 2, 79641 MiB, 100 %, 334.23 W, 1980 MHz
2026/09/27 19:44:20.394, 3, 79641 MiB, 100 %, 329.55 W, 1980 MHz
2026/09/27 19:44:20.395, 4, 79641 MiB, 100 %, 327.42 W, 1980 MHz
2026/09/27 19:44:20.396, 5, 79641 MiB, 100 %, 330.86 W, 1980 MHz
2026/09/27 19:44:20.396, 6, 79641 MiB, 100 %, 338.42 W, 1980 MHz
2026/09/27 19:44:20.397, 7, 79641 MiB, 100 %, 322.81 W, 1980 MHz
2026/09/27 19:44:21.398, 0, 79641 MiB, 100 %, 397.85 W, 1980 MHz
2026/09/27 19:44:21.399, 1, 79641 MiB, 100 %, 336.64 W, 1980 MHz
2026/09/27 19:44:21.400, 2, 79641 MiB, 100 %, 332.39 W, 1980 MHz
2026/09/27 19:44:21.400, 3, 79641 MiB, 100 %, 328.81 W, 1980 MHz
2026/09/27 19:44:21.401, 4, 79641 MiB, 100 %, 323.02 W, 1980 MHz
2026/09/27 19:44:21.402, 5, 79641 MiB, 100 %, 330.28 W, 1980 MHz
2026/09/27 19:44:21.402, 6, 79641 MiB, 100 %, 339.31 W, 1980 MHz
2026/09/27 19:44:21.403, 7, 79641 MiB, 100 %, 326.55 W, 1980 MHz
2026/09/27 19:44:22.404, 0, 79641 MiB, 0 %, 265.47 W, 1980 MHz
2026/09/27 19:44:22.405, 1, 79641 MiB, 0 %, 193.11 W, 1980 MHz
2026/09/27 19:44:22.405, 2, 79641 MiB, 0 %, 202.18 W, 1980 MHz
2026/09/27 19:44:22.406, 3, 79641 MiB, 0 %, 185.33 W, 1980 MHz
2026/09/27 19:44:22.407, 4, 79641 MiB, 0 %, 188.65 W, 1980 MHz
2026/09/27 19:44:22.407, 5, 79641 MiB, 0 %, 200.60 W, 1980 MHz
2026/09/27 19:44:22.408, 6, 79641 MiB, 0 %, 190.13 W, 1980 MHz
2026/09/27 19:44:22.409, 7, 79641 MiB, 0 %, 190.61 W, 1980 MHz
