timestamp, index, memory.used [MiB], utilization.gpu [%], power.draw [W], clocks.current.sm [MHz]
2026/09/28 00:23:53.736, 0, 78921 MiB, 0 %, 200.44 W, 1980 MHz
2026/09/28 00:23:53.742, 1, 78921 MiB, 0 %, 153.59 W, 1980 MHz
2026/09/28 00:23:53.749, 2, 78921 MiB, 0 %, 145.52 W, 1980 MHz
2026/09/28 00:23:53.754, 3, 78921 MiB, 0 %, 145.40 W, 1980 MHz
2026/09/28 00:23:53.761, 4, 78921 MiB, 0 %, 143.09 W, 1980 MHz
2026/09/28 00:23:53.767, 5, 78921 MiB, 0 %, 138.85 W, 1980 MHz
2026/09/28 00:23:53.773, 6, 78921 MiB, 0 %, 144.19 W, 1980 MHz
2026/09/28 00:23:53.778, 7, 78921 MiB, 0 %, 144.79 W, 1980 MHz
2026/09/28 00:23:54.784, 0, 78921 MiB, 0 %, 182.69 W, 1980 MHz
2026/09/28 00:23:54.785, 1, 78921 MiB, 0 %, 133.10 W, 1980 MHz
2026/09/28 00:23:54.786, 2, 78921 MiB, 0 %, 129.26 W, 1980 MHz
2026/09/28 00:23:54.786, 3, 78921 MiB, 0 %, 126.16 W, 1980 MHz
2026/09/28 00:23:54.787, 4, 78921 MiB, 0 %, 124.92 W, 1980 MHz
2026/09/28 00:23:54.788, 5, 78921 MiB, 0 %, 126.24 W, 1980 MHz
2026/09/28 00:23:54.788, 6, 78921 MiB, 0 %, 129.54 W, 1980 MHz
2026/09/28 00:23:54.789, 7, 78921 MiB, 0 %, 122.61 W, 1980 MHz
2026/09/28 00:23:55.790, 0, 78921 MiB, 0 %, 181.78 W, 1980 MHz
2026/09/28 00:23:55.790, 1, 78921 MiB, 0 %, 132.39 W, 1980 MHz
2026/09/28 00:23:55.791, 2, 78921 MiB, 0 %, 128.53 W, 1980 MHz
2026/09/28 00:23:55.792, 3, 78921 MiB, 0 %, 125.66 W, 1980 MHz
2026/09/28 00:23:55.792, 4, 78921 MiB, 0 %, 124.43 W, 1980 MHz
2026/09/28 00:23:55.793, 5, 78921 MiB, 0 %, 125.72 W, 1980 MHz
2026/09/28 00:23:55.793, 6, 78921 MiB, 0 %, 128.93 W, 1980 MHz
2026/09/28 00:23:55.794, 7, 78921 MiB, 0 %, 122.13 W, 1980 MHz
2026/09/28 00:23:56.795, 0, 78921 MiB, 0 %, 181.32 W, 1980 MHz
2026/09/28 00:23:56.795, 1, 78921 MiB, 0 %, 131.88 W, 1980 MHz
2026/09/28 00:23:56.796, 2, 78921 MiB, 0 %, 127.77 W, 1980 MHz
2026/09/28 00:23:56.797, 3, 78921 MiB, 0 %, 125.44 W, 1980 MHz
2026/09/28 00:23:56.797, 4, 78921 MiB, 0 %, 124.22 W, 1980 MHz
2026/09/28 00:23:56.798, 5, 78921 MiB, 0 %, 125.44 W, 1980 MHz
2026/09/28 00:23:56.799, 6, 78921 MiB, 0 %, 128.62 W, 1980 MHz
2026/09/28 00:23:56.799, 7, 78921 MiB, 0 %, 121.92 W, 1980 MHz
2026/09/28 00:23:57.800, 0, 78921 MiB, 0 %, 180.84 W, 1980 MHz
2026/09/28 00:23:57.801, 1, 78921 MiB, 0 %, 131.45 W, 1980 MHz
2026/09/28 00:23:57.801, 2, 78921 MiB, 0 %, 127.25 W, 1980 MHz
2026/09/28 00:23:57.802, 3, 78921 MiB, 0 %, 125.26 W, 1980 MHz
2026/09/28 00:23:57.803, 4, 78921 MiB, 0 %, 123.71 W, 1980 MHz
2026/09/28 00:23:57.803, 5, 78921 MiB, 0 %, 125.15 W, 1980 MHz
2026/09/28 00:23:57.804, 6, 78921 MiB, 0 %, 128.32 W, 1980 MHz
2026/09/28 00:23:57.805, 7, 78921 MiB, 0 %, 121.65 W, 1980 MHz
2026/09/28 00:23:58.805, 0, 78921 MiB, 0 %, 180.44 W, 1980 MHz
2026/09/28 00:23:58.806, 1, 78921 MiB, 0 %, 131.12 W, 1980 MHz
2026/09/28 00:23:58.807, 2, 78921 MiB, 0 %, 126.90 W, 1980 MHz
2026/09/28 00:23:58.807, 3, 78921 MiB, 0 %, 124.51 W, 1980 MHz
2026/09/28 00:23:58.808, 4, 78921 MiB, 0 %, 123.16 W, 1980 MHz
2026/09/28 00:23:58.809, 5, 78921 MiB, 0 %, 124.83 W, 1980 MHz
2026/09/28 00:23:58.809, 6, 78921 MiB, 0 %, 127.71 W, 1980 MHz
2026/09/28 00:23:58.810, 7, 78921 MiB, 0 %, 121.40 W, 1980 MHz
2026/09/28 00:23:59.811, 0, 78921 MiB, 0 %, 180.03 W, 1980 MHz
2026/09/28 00:23:59.811, 1, 78921 MiB, 0 %, 130.84 W, 1980 MHz
2026/09/28 00:23:59.812, 2, 78921 MiB, 0 %, 126.63 W, 1980 MHz
2026/09/28 00:23:59.813, 3, 78921 MiB, 0 %, 123.86 W, 1980 MHz
2026/09/28 00:23:59.814, 4, 78921 MiB, 0 %, 122.93 W, 1980 MHz
2026/09/28 00:23:59.814, 5, 78921 MiB, 0 %, 123.47 W, 1980 MHz
2026/09/28 00:23:59.815, 6, 78921 MiB, 0 %, 127.22 W, 1980 MHz
2026/09/28 00:23:59.816, 7, 78921 MiB, 0 %, 121.16 W, 1980 MHz
2026/09/28 00:24:00.817, 0, 78921 MiB, 0 %, 179.69 W, 1980 MHz
2026/09/28 00:24:00.818, 1, 78921 MiB, 0 %, 130.53 W, 1980 MHz
2026/09/28 00:24:00.818, 2, 78921 MiB, 0 %, 126.34 W, 1980 MHz
2026/09/28 00:24:00.819, 3, 78921 MiB, 0 %, 123.69 W, 1980 MHz
2026/09/28 00:24:00.820, 4, 78921 MiB, 0 %, 122.78 W, 1980 MHz
2026/09/28 00:24:00.820, 5, 78921 MiB, 0 %, 123.11 W, 1980 MHz
2026/09/28 00:24:00.821, 6, 78921 MiB, 0 %, 126.89 W, 1980 MHz
2026/09/28 00:24:00.822, 7, 78921 MiB, 0 %, 120.91 W, 1980 MHz
2026/09/28 00:24:01.822, 0, 78921 MiB, 0 %, 179.36 W, 1980 MHz
2026/09/28 00:24:01.823, 1, 78921 MiB, 0 %, 130.18 W, 1980 MHz
2026/09/28 00:24:01.824, 2, 78921 MiB, 0 %, 126.06 W, 1980 MHz
2026/09/28 00:24:01.824, 3, 78921 MiB, 0 %, 123.46 W, 1980 MHz
2026/09/28 00:24:01.825, 4, 78921 MiB, 0 %, 122.56 W, 1980 MHz
2026/09/28 00:24:01.825, 5, 78921 MiB, 0 %, 122.85 W, 1980 MHz
2026/09/28 00:24:01.826, 6, 78921 MiB, 0 %, 126.68 W, 1980 MHz
2026/09/28 00:24:01.827, 7, 78921 MiB, 0 %, 120.67 W, 1980 MHz
2026/09/28 00:24:02.827, 0, 78921 MiB, 0 %, 179.03 W, 1980 MHz
2026/09/28 00:24:02.828, 1, 78921 MiB, 0 %, 129.87 W, 1980 MHz
2026/09/28 00:24:02.829, 2, 78921 MiB, 0 %, 125.76 W, 1980 MHz
2026/09/28 00:24:02.829, 3, 78921 MiB, 0 %, 123.23 W, 1980 MHz
2026/09/28 00:24:02.830, 4, 78921 MiB, 0 %, 122.34 W, 1980 MHz
2026/09/28 00:24:02.831, 5, 78921 MiB, 0 %, 122.78 W, 1980 MHz
2026/09/28 00:24:02.831, 6, 78921 MiB, 0 %, 126.38 W, 1980 MHz
2026/09/28 00:24:02.832, 7, 78921 MiB, 0 %, 120.51 W, 1980 MHz
2026/09/28 00:24:03.833, 0, 78921 MiB, 0 %, 178.77 W, 1980 MHz
2026/09/28 00:24:03.833, 1, 78921 MiB, 0 %, 129.54 W, 1980 MHz
2026/09/28 00:24:03.834, 2, 78921 MiB, 0 %, 125.47 W, 1980 MHz
2026/09/28 00:24:03.835, 3, 78921 MiB, 0 %, 123.11 W, 1980 MHz
2026/09/28 00:24:03.835, 4, 78921 MiB, 0 %, 122.14 W, 1980 MHz
2026/09/28 00:24:03.836, 5, 78921 MiB, 0 %, 123.04 W, 1980 MHz
2026/09/28 00:24:03.836, 6, 78921 MiB, 0 %, 126.18 W, 1980 MHz
2026/09/28 00:24:03.837, 7, 78921 MiB, 0 %, 120.39 W, 1980 MHz
2026/09/28 00:24:04.838, 0, 78921 MiB, 0 %, 178.49 W, 1980 MHz
2026/09/28 00:24:04.838, 1, 78921 MiB, 0 %, 129.31 W, 1980 MHz
2026/09/28 00:24:04.839, 2, 78921 MiB, 0 %, 125.26 W, 1980 MHz
2026/09/28 00:24:04.840, 3, 78921 MiB, 0 %, 122.97 W, 1980 MHz
2026/09/28 00:24:04.840, 4, 78921 MiB, 0 %, 121.92 W, 1980 MHz
2026/09/28 00:24:04.841, 5, 78921 MiB, 0 %, 122.79 W, 1980 MHz
2026/09/28 00:24:04.841, 6, 78921 MiB, 0 %, 125.96 W, 1980 MHz
2026/09/28 00:24:04.842, 7, 78921 MiB, 0 %, 120.21 W, 1980 MHz
2026/09/28 00:24:05.843, 0, 78921 MiB, 0 %, 178.24 W, 1980 MHz
2026/09/28 00:24:05.843, 1, 78921 MiB, 0 %, 129.00 W, 1980 MHz
2026/09/28 00:24:05.844, 2, 78921 MiB, 0 %, 125.52 W, 1980 MHz
2026/09/28 00:24:05.845, 3, 78921 MiB, 0 %, 122.78 W, 1980 MHz
2026/09/28 00:24:05.846, 4, 78921 MiB, 0 %, 121.83 W, 1980 MHz
2026/09/28 00:24:05.846, 5, 78921 MiB, 0 %, 122.58 W, 1980 MHz
2026/09/28 00:24:05.847, 6, 78921 MiB, 0 %, 125.70 W, 1980 MHz
2026/09/28 00:24:05.847, 7, 78921 MiB, 0 %, 120.04 W, 1980 MHz
2026/09/28 00:24:06.848, 0, 78921 MiB, 0 %, 177.98 W, 1980 MHz
2026/09/28 00:24:06.849, 1, 78921 MiB, 0 %, 128.84 W, 1980 MHz
2026/09/28 00:24:06.849, 2, 78921 MiB, 0 %, 125.38 W, 1980 MHz
2026/09/28 00:24:06.850, 3, 78921 MiB, 0 %, 122.68 W, 1980 MHz
2026/09/28 00:24:06.851, 4, 78921 MiB, 0 %, 121.68 W, 1980 MHz
2026/09/28 00:24:06.851, 5, 78921 MiB, 0 %, 122.31 W, 1980 MHz
2026/09/28 00:24:06.852, 6, 78921 MiB, 0 %, 125.49 W, 1980 MHz
2026/09/28 00:24:06.853, 7, 78921 MiB, 0 %, 119.86 W, 1980 MHz
2026/09/28 00:24:07.854, 0, 78921 MiB, 0 %, 177.79 W, 1980 MHz
2026/09/28 00:24:07.854, 1, 78921 MiB, 0 %, 128.58 W, 1980 MHz
2026/09/28 00:24:07.855, 2, 78921 MiB, 0 %, 125.21 W, 1980 MHz
2026/09/28 00:24:07.856, 3, 78921 MiB, 0 %, 122.51 W, 1980 MHz
2026/09/28 00:24:07.856, 4, 78921 MiB, 0 %, 121.56 W, 1980 MHz
2026/09/28 00:24:07.857, 5, 78921 MiB, 0 %, 122.20 W, 1980 MHz
2026/09/28 00:24:07.858, 6, 78921 MiB, 0 %, 125.31 W, 1980 MHz
2026/09/28 00:24:07.858, 7, 78921 MiB, 0 %, 119.72 W, 1980 MHz
2026/09/28 00:24:08.859, 0, 78921 MiB, 0 %, 177.55 W, 1980 MHz
2026/09/28 00:24:08.860, 1, 78921 MiB, 0 %, 128.38 W, 1980 MHz
2026/09/28 00:24:08.861, 2, 78921 MiB, 0 %, 124.99 W, 1980 MHz
2026/09/28 00:24:08.861, 3, 78921 MiB, 0 %, 122.34 W, 1980 MHz
2026/09/28 00:24:08.862, 4, 78921 MiB, 0 %, 121.41 W, 1980 MHz
2026/09/28 00:24:08.863, 5, 78921 MiB, 0 %, 122.02 W, 1980 MHz
2026/09/28 00:24:08.863, 6, 78921 MiB, 0 %, 125.13 W, 1980 MHz
2026/09/28 00:24:08.864, 7, 78921 MiB, 0 %, 119.59 W, 1980 MHz
2026/09/28 00:24:09.865, 0, 78921 MiB, 0 %, 177.34 W, 1980 MHz
2026/09/28 00:24:09.865, 1, 78921 MiB, 0 %, 128.06 W, 1980 MHz
2026/09/28 00:24:09.866, 2, 78921 MiB, 0 %, 124.53 W, 1980 MHz
2026/09/28 00:24:09.867, 3, 78921 MiB, 0 %, 122.24 W, 1980 MHz
2026/09/28 00:24:09.867, 4, 78921 MiB, 0 %, 121.27 W, 1980 MHz
2026/09/28 00:24:09.868, 5, 78921 MiB, 0 %, 121.84 W, 1980 MHz
2026/09/28 00:24:09.869, 6, 78921 MiB, 0 %, 124.92 W, 1980 MHz
2026/09/28 00:24:09.869, 7, 78921 MiB, 0 %, 119.45 W, 1980 MHz
2026/09/28 00:24:10.870, 0, 78921 MiB, 0 %, 177.15 W, 1980 MHz
2026/09/28 00:24:10.871, 1, 78921 MiB, 0 %, 127.88 W, 1980 MHz
2026/09/28 00:24:10.871, 2, 78921 MiB, 0 %, 124.26 W, 1980 MHz
2026/09/28 00:24:10.872, 3, 78921 MiB, 0 %, 122.19 W, 1980 MHz
2026/09/28 00:24:10.872, 4, 78921 MiB, 0 %, 121.16 W, 1980 MHz
2026/09/28 00:24:10.873, 5, 78921 MiB, 0 %, 121.68 W, 1980 MHz
2026/09/28 00:24:10.874, 6, 78921 MiB, 0 %, 124.79 W, 1980 MHz
2026/09/28 00:24:10.874, 7, 78921 MiB, 0 %, 119.39 W, 1980 MHz
2026/09/28 00:24:11.875, 0, 78921 MiB, 0 %, 176.42 W, 1980 MHz
2026/09/28 00:24:11.876, 1, 78921 MiB, 0 %, 127.69 W, 1980 MHz
2026/09/28 00:24:11.876, 2, 78921 MiB, 0 %, 123.52 W, 1980 MHz
2026/09/28 00:24:11.877, 3, 78921 MiB, 0 %, 122.09 W, 1980 MHz
2026/09/28 00:24:11.878, 4, 78921 MiB, 0 %, 121.06 W, 1980 MHz
2026/09/28 00:24:11.878, 5, 78921 MiB, 0 %, 121.56 W, 1980 MHz
2026/09/28 00:24:11.879, 6, 78921 MiB, 0 %, 124.61 W, 1980 MHz
2026/09/28 00:24:11.879, 7, 78921 MiB, 0 %, 119.25 W, 1980 MHz
2026/09/28 00:24:12.880, 0, 78921 MiB, 0 %, 176.25 W, 1980 MHz
2026/09/28 00:24:12.881, 1, 78921 MiB, 0 %, 127.54 W, 1980 MHz
2026/09/28 00:24:12.881, 2, 78921 MiB, 0 %, 123.95 W, 1980 MHz
2026/09/28 00:24:12.882, 3, 78921 MiB, 0 %, 121.97 W, 1980 MHz
2026/09/28 00:24:12.883, 4, 78921 MiB, 0 %, 120.96 W, 1980 MHz
2026/09/28 00:24:12.883, 5, 78921 MiB, 0 %, 121.43 W, 1980 MHz
2026/09/28 00:24:12.884, 6, 78921 MiB, 0 %, 124.42 W, 1980 MHz
2026/09/28 00:24:12.885, 7, 78921 MiB, 0 %, 119.12 W, 1980 MHz
2026/09/28 00:24:13.885, 0, 78921 MiB, 0 %, 176.12 W, 1980 MHz
2026/09/28 00:24:13.886, 1, 78921 MiB, 0 %, 127.39 W, 1980 MHz
2026/09/28 00:24:13.887, 2, 78921 MiB, 0 %, 123.80 W, 1980 MHz
2026/09/28 00:24:13.887, 3, 78921 MiB, 0 %, 121.88 W, 1980 MHz
2026/09/28 00:24:13.888, 4, 78921 MiB, 0 %, 120.89 W, 1980 MHz
2026/09/28 00:24:13.889, 5, 78921 MiB, 0 %, 121.24 W, 1980 MHz
2026/09/28 00:24:13.889, 6, 78921 MiB, 0 %, 123.74 W, 1980 MHz
2026/09/28 00:24:13.890, 7, 78921 MiB, 0 %, 119.05 W, 1980 MHz
2026/09/28 00:24:14.890, 0, 78921 MiB, 0 %, 175.96 W, 1980 MHz
2026/09/28 00:24:14.891, 1, 78921 MiB, 0 %, 127.25 W, 1980 MHz
2026/09/28 00:24:14.892, 2, 78921 MiB, 0 %, 123.63 W, 1980 MHz
2026/09/28 00:24:14.893, 3, 78921 MiB, 0 %, 121.80 W, 1980 MHz
2026/09/28 00:24:14.893, 4, 78921 MiB, 0 %, 120.81 W, 1980 MHz
2026/09/28 00:24:14.894, 5, 78921 MiB, 0 %, 121.06 W, 1980 MHz
2026/09/28 00:24:14.894, 6, 78921 MiB, 0 %, 123.61 W, 1980 MHz
2026/09/28 00:24:14.895, 7, 78921 MiB, 0 %, 118.91 W, 1980 MHz
2026/09/28 00:24:15.896, 0, 78921 MiB, 0 %, 175.82 W, 1980 MHz
2026/09/28 00:24:15.896, 1, 78921 MiB, 0 %, 126.64 W, 1980 MHz
2026/09/28 00:24:15.897, 2, 78921 MiB, 0 %, 123.47 W, 1980 MHz
2026/09/28 00:24:15.898, 3, 78921 MiB, 0 %, 121.69 W, 1980 MHz
2026/09/28 00:24:15.899, 4, 78921 MiB, 0 %, 120.72 W, 1980 MHz
2026/09/28 00:24:15.899, 5, 78921 MiB, 0 %, 120.97 W, 1980 MHz
2026/09/28 00:24:15.900, 6, 78921 MiB, 0 %, 123.54 W, 1980 MHz
2026/09/28 00:24:15.900, 7, 78921 MiB, 0 %, 118.88 W, 1980 MHz
2026/09/28 00:24:16.901, 0, 78921 MiB, 0 %, 175.75 W, 1980 MHz
2026/09/28 00:24:16.902, 1, 78921 MiB, 0 %, 126.49 W, 1980 MHz
2026/09/28 00:24:16.903, 2, 78921 MiB, 0 %, 123.31 W, 1980 MHz
2026/09/28 00:24:16.903, 3, 78921 MiB, 0 %, 121.62 W, 1980 MHz
2026/09/28 00:24:16.904, 4, 78921 MiB, 0 %, 120.57 W, 1980 MHz
2026/09/28 00:24:16.904, 5, 78921 MiB, 0 %, 120.86 W, 1980 MHz
2026/09/28 00:24:16.905, 6, 78921 MiB, 0 %, 123.45 W, 1980 MHz
2026/09/28 00:24:16.906, 7, 78921 MiB, 0 %, 118.79 W, 1980 MHz
2026/09/28 00:24:17.906, 0, 78921 MiB, 0 %, 175.61 W, 1980 MHz
2026/09/28 00:24:17.907, 1, 78921 MiB, 0 %, 126.32 W, 1980 MHz
2026/09/28 00:24:17.908, 2, 78921 MiB, 0 %, 123.22 W, 1980 MHz
2026/09/28 00:24:17.909, 3, 78921 MiB, 0 %, 121.57 W, 1980 MHz
2026/09/28 00:24:17.909, 4, 78921 MiB, 0 %, 120.49 W, 1980 MHz
2026/09/28 00:24:17.910, 5, 78921 MiB, 0 %, 120.75 W, 1980 MHz
2026/09/28 00:24:17.910, 6, 78921 MiB, 0 %, 123.26 W, 1980 MHz
2026/09/28 00:24:17.911, 7, 78921 MiB, 0 %, 118.74 W, 1980 MHz
2026/09/28 00:24:18.912, 0, 78921 MiB, 0 %, 175.47 W, 1980 MHz
2026/09/28 00:24:18.912, 1, 78921 MiB, 0 %, 126.18 W, 1980 MHz
2026/09/28 00:24:18.913, 2, 78921 MiB, 0 %, 123.12 W, 1980 MHz
2026/09/28 00:24:18.914, 3, 78921 MiB, 0 %, 121.50 W, 1980 MHz
2026/09/28 00:24:18.914, 4, 78921 MiB, 0 %, 120.48 W, 1980 MHz
2026/09/28 00:24:18.915, 5, 78921 MiB, 0 %, 120.66 W, 1980 MHz
2026/09/28 00:24:18.915, 6, 78921 MiB, 0 %, 123.14 W, 1980 MHz
2026/09/28 00:24:18.916, 7, 78921 MiB, 0 %, 118.69 W, 1980 MHz
2026/09/28 00:24:19.917, 0, 78921 MiB, 0 %, 175.35 W, 1980 MHz
2026/09/28 00:24:19.917, 1, 78921 MiB, 0 %, 126.11 W, 1980 MHz
2026/09/28 00:24:19.918, 2, 78921 MiB, 0 %, 122.97 W, 1980 MHz
2026/09/28 00:24:19.919, 3, 78921 MiB, 0 %, 121.44 W, 1980 MHz
2026/09/28 00:24:19.919, 4, 78921 MiB, 0 %, 120.38 W, 1980 MHz
2026/09/28 00:24:19.920, 5, 78921 MiB, 0 %, 120.53 W, 1980 MHz
2026/09/28 00:24:19.920, 6, 78921 MiB, 0 %, 123.04 W, 1980 MHz
2026/09/28 00:24:19.921, 7, 78921 MiB, 0 %, 118.63 W, 1980 MHz
2026/09/28 00:24:20.921, 0, 78921 MiB, 0 %, 175.25 W, 1980 MHz
2026/09/28 00:24:20.922, 1, 78921 MiB, 0 %, 126.00 W, 1980 MHz
2026/09/28 00:24:20.923, 2, 78921 MiB, 0 %, 122.81 W, 1980 MHz
2026/09/28 00:24:20.923, 3, 78921 MiB, 0 %, 121.31 W, 1980 MHz
2026/09/28 00:24:20.924, 4, 78921 MiB, 0 %, 120.33 W, 1980 MHz
2026/09/28 00:24:20.924, 5, 78921 MiB, 0 %, 120.40 W, 1980 MHz
2026/09/28 00:24:20.925, 6, 78921 MiB, 0 %, 122.96 W, 1980 MHz
2026/09/28 00:24:20.926, 7, 78921 MiB, 0 %, 118.42 W, 1980 MHz
2026/09/28 00:24:21.926, 0, 78921 MiB, 0 %, 175.12 W, 1980 MHz
2026/09/28 00:24:21.927, 1, 78921 MiB, 0 %, 125.82 W, 1980 MHz
2026/09/28 00:24:21.928, 2, 78921 MiB, 0 %, 122.69 W, 1980 MHz
2026/09/28 00:24:21.928, 3, 78921 MiB, 0 %, 121.27 W, 1980 MHz
2026/09/28 00:24:21.929, 4, 78921 MiB, 0 %, 120.28 W, 1980 MHz
2026/09/28 00:24:21.929, 5, 78921 MiB, 0 %, 120.28 W, 1980 MHz
2026/09/28 00:24:21.930, 6, 78921 MiB, 0 %, 122.89 W, 1980 MHz
2026/09/28 00:24:21.930, 7, 78921 MiB, 0 %, 118.49 W, 1980 MHz
2026/09/28 00:24:22.931, 0, 78921 MiB, 57 %, 241.06 W, 1980 MHz
2026/09/28 00:24:22.932, 1, 78921 MiB, 1 %, 190.21 W, 1980 MHz
2026/09/28 00:24:22.933, 2, 78921 MiB, 2 %, 158.43 W, 1980 MHz
2026/09/28 00:24:22.933, 3, 78921 MiB, 87 %, 182.66 W, 1980 MHz
2026/09/28 00:24:22.934, 4, 78921 MiB, 76 %, 173.09 W, 1980 MHz
2026/09/28 00:24:22.935, 5, 78921 MiB, 0 %, 153.79 W, 1980 MHz
2026/09/28 00:24:22.935, 6, 78921 MiB, 0 %, 186.19 W, 1980 MHz
2026/09/28 00:24:22.936, 7, 78921 MiB, 0 %, 162.89 W, 1980 MHz
2026/09/28 00:24:23.937, 0, 78921 MiB, 100 %, 615.47 W, 1980 MHz
2026/09/28 00:24:23.939, 1, 78921 MiB, 100 %, 569.55 W, 1980 MHz
2026/09/28 00:24:23.940, 2, 78921 MiB, 100 %, 533.32 W, 1980 MHz
2026/09/28 00:24:23.942, 3, 78921 MiB, 100 %, 538.55 W, 1980 MHz
2026/09/28 00:24:23.944, 4, 78921 MiB, 100 %, 530.57 W, 1980 MHz
2026/09/28 00:24:23.945, 5, 78921 MiB, 100 %, 537.61 W, 1980 MHz
2026/09/28 00:24:23.946, 6, 78921 MiB, 100 %, 556.70 W, 1980 MHz
2026/09/28 00:24:23.947, 7, 78921 MiB, 100 %, 529.75 W, 1980 MHz
2026/09/28 00:24:24.949, 0, 78921 MiB, 100 %, 638.14 W, 1980 MHz
2026/09/28 00:24:24.950, 1, 78921 MiB, 100 %, 594.85 W, 1980 MHz
2026/09/28 00:24:24.951, 2, 78921 MiB, 100 %, 571.38 W, 1980 MHz
2026/09/28 00:24:24.951, 3, 78921 MiB, 100 %, 568.88 W, 1980 MHz
2026/09/28 00:24:24.952, 4, 78921 MiB, 100 %, 561.70 W, 1980 MHz
2026/09/28 00:24:24.952, 5, 78921 MiB, 100 %, 565.84 W, 1980 MHz
2026/09/28 00:24:24.953, 6, 78921 MiB, 100 %, 582.82 W, 1980 MHz
2026/09/28 00:24:24.954, 7, 78921 MiB, 100 %, 552.90 W, 1980 MHz
2026/09/28 00:24:25.954, 0, 78921 MiB, 100 %, 631.33 W, 1980 MHz
2026/09/28 00:24:25.955, 1, 78921 MiB, 100 %, 589.93 W, 1980 MHz
2026/09/28 00:24:25.956, 2, 78921 MiB, 100 %, 555.87 W, 1980 MHz
2026/09/28 00:24:25.959, 3, 78921 MiB, 100 %, 547.06 W, 1980 MHz
2026/09/28 00:24:25.960, 4, 78921 MiB, 100 %, 556.77 W, 1980 MHz
2026/09/28 00:24:25.960, 5, 78921 MiB, 100 %, 554.76 W, 1980 MHz
2026/09/28 00:24:25.961, 6, 78921 MiB, 100 %, 570.98 W, 1980 MHz
2026/09/28 00:24:25.963, 7, 78921 MiB, 100 %, 549.68 W, 1980 MHz
2026/09/28 00:24:26.964, 0, 78921 MiB, 100 %, 633.87 W, 1980 MHz
2026/09/28 00:24:26.965, 1, 78921 MiB, 100 %, 578.40 W, 1980 MHz
2026/09/28 00:24:26.965, 2, 78921 MiB, 100 %, 561.65 W, 1980 MHz
2026/09/28 00:24:26.966, 3, 78921 MiB, 100 %, 546.29 W, 1980 MHz
2026/09/28 00:24:26.967, 4, 78921 MiB, 100 %, 549.34 W, 1980 MHz
2026/09/28 00:24:26.967, 5, 78921 MiB, 100 %, 556.62 W, 1980 MHz
2026/09/28 00:24:26.968, 6, 78921 MiB, 100 %, 565.83 W, 1980 MHz
2026/09/28 00:24:26.968, 7, 78921 MiB, 100 %, 542.44 W, 1980 MHz
2026/09/28 00:24:27.969, 0, 78921 MiB, 100 %, 636.08 W, 1875 MHz
2026/09/28 00:24:27.970, 1, 78921 MiB, 100 %, 599.54 W, 1980 MHz
2026/09/28 00:24:27.970, 2, 78921 MiB, 100 %, 580.36 W, 1980 MHz
2026/09/28 00:24:27.971, 3, 78921 MiB, 100 %, 578.17 W, 1980 MHz
2026/09/28 00:24:27.971, 4, 78921 MiB, 100 %, 567.79 W, 1980 MHz
2026/09/28 00:24:27.972, 5, 78921 MiB, 100 %, 582.41 W, 1980 MHz
2026/09/28 00:24:27.973, 6, 78921 MiB, 100 %, 591.99 W, 1980 MHz
2026/09/28 00:24:27.973, 7, 78921 MiB, 100 %, 565.56 W, 1980 MHz
2026/09/28 00:24:28.974, 0, 78921 MiB, 100 %, 600.79 W, 1905 MHz
2026/09/28 00:24:28.975, 1, 78921 MiB, 100 %, 575.78 W, 1980 MHz
2026/09/28 00:24:28.975, 2, 78921 MiB, 100 %, 549.79 W, 1980 MHz
2026/09/28 00:24:28.976, 3, 78921 MiB, 100 %, 543.10 W, 1980 MHz
2026/09/28 00:24:28.976, 4, 78921 MiB, 100 %, 540.93 W, 1980 MHz
2026/09/28 00:24:28.977, 5, 78921 MiB, 100 %, 547.05 W, 1980 MHz
2026/09/28 00:24:28.978, 6, 78921 MiB, 100 %, 563.71 W, 1980 MHz
2026/09/28 00:24:28.978, 7, 78921 MiB, 100 %, 534.57 W, 1980 MHz
2026/09/28 00:24:29.979, 0, 78921 MiB, 100 %, 593.14 W, 1725 MHz
2026/09/28 00:24:29.980, 1, 78921 MiB, 100 %, 582.95 W, 1980 MHz
2026/09/28 00:24:29.980, 2, 78921 MiB, 100 %, 569.70 W, 1980 MHz
2026/09/28 00:24:29.981, 3, 78921 MiB, 100 %, 552.59 W, 1980 MHz
2026/09/28 00:24:29.982, 4, 78921 MiB, 100 %, 552.06 W, 1980 MHz
2026/09/28 00:24:29.982, 5, 78921 MiB, 100 %, 559.31 W, 1980 MHz
2026/09/28 00:24:29.983, 6, 78921 MiB, 100 %, 575.83 W, 1980 MHz
2026/09/28 00:24:29.983, 7, 78921 MiB, 100 %, 559.37 W, 1980 MHz
2026/09/28 00:24:30.984, 0, 78921 MiB, 100 %, 555.05 W, 1860 MHz
2026/09/28 00:24:30.985, 1, 78921 MiB, 100 %, 588.06 W, 1980 MHz
2026/09/28 00:24:30.986, 2, 78921 MiB, 100 %, 558.92 W, 1980 MHz
2026/09/28 00:24:30.986, 3, 78921 MiB, 100 %, 559.35 W, 1980 MHz
2026/09/28 00:24:30.987, 4, 78921 MiB, 100 %, 552.85 W, 1980 MHz
2026/09/28 00:24:30.987, 5, 78921 MiB, 100 %, 553.15 W, 1980 MHz
2026/09/28 00:24:30.988, 6, 78921 MiB, 100 %, 581.96 W, 1980 MHz
2026/09/28 00:24:30.988, 7, 78921 MiB, 100 %, 555.58 W, 1980 MHz
2026/09/28 00:24:31.989, 0, 78921 MiB, 100 %, 577.92 W, 1890 MHz
2026/09/28 00:24:31.990, 1, 78921 MiB, 100 %, 568.25 W, 1980 MHz
2026/09/28 00:24:31.990, 2, 78921 MiB, 100 %, 545.34 W, 1980 MHz
2026/09/28 00:24:31.991, 3, 78921 MiB, 100 %, 534.03 W, 1980 MHz
2026/09/28 00:24:31.992, 4, 78921 MiB, 100 %, 541.74 W, 1980 MHz
2026/09/28 00:24:31.992, 5, 78921 MiB, 100 %, 547.79 W, 1980 MHz
2026/09/28 00:24:31.993, 6, 78921 MiB, 100 %, 560.35 W, 1980 MHz
2026/09/28 00:24:31.993, 7, 78921 MiB, 100 %, 537.10 W, 1980 MHz
2026/09/28 00:24:32.994, 0, 78921 MiB, 100 %, 582.47 W, 1875 MHz
2026/09/28 00:24:32.995, 1, 78921 MiB, 100 %, 586.11 W, 1980 MHz
2026/09/28 00:24:32.995, 2, 78921 MiB, 100 %, 567.00 W, 1980 MHz
2026/09/28 00:24:32.996, 3, 78921 MiB, 100 %, 561.89 W, 1980 MHz
2026/09/28 00:24:32.997, 4, 78921 MiB, 100 %, 558.64 W, 1980 MHz
2026/09/28 00:24:32.997, 5, 78921 MiB, 100 %, 569.24 W, 1980 MHz
2026/09/28 00:24:32.998, 6, 78921 MiB, 100 %, 579.00 W, 1980 MHz
2026/09/28 00:24:32.998, 7, 78921 MiB, 100 %, 558.04 W, 1980 MHz
2026/09/28 00:24:33.999, 0, 78921 MiB, 100 %, 581.58 W, 1965 MHz
2026/09/28 00:24:34.000, 1, 78921 MiB, 100 %, 588.59 W, 1980 MHz
2026/09/28 00:24:34.001, 2, 78921 MiB, 100 %, 566.20 W, 1980 MHz
2026/09/28 00:24:34.001, 3, 78921 MiB, 100 %, 553.47 W, 1980 MHz
2026/09/28 00:24:34.002, 4, 78921 MiB, 100 %, 549.20 W, 1980 MHz
2026/09/28 00:24:34.002, 5, 78921 MiB, 100 %, 553.21 W, 1980 MHz
2026/09/28 00:24:34.003, 6, 78921 MiB, 100 %, 579.06 W, 1980 MHz
2026/09/28 00:24:34.004, 7, 78921 MiB, 100 %, 554.23 W, 1980 MHz
2026/09/28 00:24:35.004, 0, 78921 MiB, 100 %, 589.16 W, 1905 MHz
2026/09/28 00:24:35.005, 1, 78921 MiB, 100 %, 580.41 W, 1980 MHz
2026/09/28 00:24:35.006, 2, 78921 MiB, 100 %, 555.46 W, 1980 MHz
2026/09/28 00:24:35.006, 3, 78921 MiB, 100 %, 545.46 W, 1980 MHz
2026/09/28 00:24:35.007, 4, 78921 MiB, 100 %, 548.11 W, 1980 MHz
2026/09/28 00:24:35.007, 5, 78921 MiB, 100 %, 556.39 W, 1980 MHz
2026/09/28 00:24:35.008, 6, 78921 MiB, 100 %, 568.43 W, 1980 MHz
2026/09/28 00:24:35.009, 7, 78921 MiB, 100 %, 533.70 W, 1980 MHz
2026/09/28 00:24:36.009, 0, 78921 MiB, 100 %, 570.42 W, 1815 MHz
2026/09/28 00:24:36.010, 1, 78921 MiB, 100 %, 591.29 W, 1980 MHz
2026/09/28 00:24:36.011, 2, 78921 MiB, 100 %, 582.71 W, 1980 MHz
2026/09/28 00:24:36.012, 3, 78921 MiB, 100 %, 557.23 W, 1980 MHz
2026/09/28 00:24:36.012, 4, 78921 MiB, 100 %, 551.87 W, 1980 MHz
2026/09/28 00:24:36.013, 5, 78921 MiB, 100 %, 561.90 W, 1980 MHz
2026/09/28 00:24:36.013, 6, 78921 MiB, 100 %, 592.95 W, 1980 MHz
2026/09/28 00:24:36.014, 7, 78921 MiB, 100 %, 557.22 W, 1980 MHz
2026/09/28 00:24:37.015, 0, 78921 MiB, 100 %, 564.93 W, 1935 MHz
2026/09/28 00:24:37.015, 1, 78921 MiB, 100 %, 568.31 W, 1980 MHz
2026/09/28 00:24:37.016, 2, 78921 MiB, 100 %, 543.60 W, 1980 MHz
2026/09/28 00:24:37.017, 3, 78921 MiB, 100 %, 540.79 W, 1980 MHz
2026/09/28 00:24:37.017, 4, 78921 MiB, 100 %, 534.17 W, 1980 MHz
2026/09/28 00:24:37.018, 5, 78921 MiB, 100 %, 552.27 W, 1980 MHz
2026/09/28 00:24:37.019, 6, 78921 MiB, 100 %, 567.17 W, 1980 MHz
2026/09/28 00:24:37.019, 7, 78921 MiB, 100 %, 540.99 W, 1980 MHz
2026/09/28 00:24:38.020, 0, 78921 MiB, 100 %, 569.00 W, 1860 MHz
2026/09/28 00:24:38.021, 1, 78921 MiB, 100 %, 584.28 W, 1980 MHz
2026/09/28 00:24:38.021, 2, 78921 MiB, 100 %, 559.42 W, 1980 MHz
2026/09/28 00:24:38.022, 3, 78921 MiB, 100 %, 562.01 W, 1980 MHz
2026/09/28 00:24:38.022, 4, 78921 MiB, 100 %, 549.70 W, 1980 MHz
2026/09/28 00:24:38.023, 5, 78921 MiB, 100 %, 551.79 W, 1980 MHz
2026/09/28 00:24:38.023, 6, 78921 MiB, 100 %, 577.29 W, 1980 MHz
2026/09/28 00:24:38.024, 7, 78921 MiB, 100 %, 551.79 W, 1980 MHz
2026/09/28 00:24:39.025, 0, 78921 MiB, 100 %, 565.76 W, 1890 MHz
2026/09/28 00:24:39.025, 1, 78921 MiB, 100 %, 603.47 W, 1980 MHz
2026/09/28 00:24:39.026, 2, 78921 MiB, 100 %, 576.23 W, 1980 MHz
2026/09/28 00:24:39.027, 3, 78921 MiB, 100 %, 570.94 W, 1980 MHz
2026/09/28 00:24:39.027, 4, 78921 MiB, 100 %, 549.66 W, 1980 MHz
2026/09/28 00:24:39.028, 5, 78921 MiB, 100 %, 562.09 W, 1980 MHz
2026/09/28 00:24:39.029, 6, 78921 MiB, 100 %, 586.70 W, 1980 MHz
2026/09/28 00:24:39.029, 7, 78921 MiB, 100 %, 564.97 W, 1980 MHz
2026/09/28 00:24:40.030, 0, 78921 MiB, 100 %, 564.82 W, 1800 MHz
2026/09/28 00:24:40.031, 1, 78921 MiB, 100 %, 575.46 W, 1980 MHz
2026/09/28 00:24:40.031, 2, 78921 MiB, 100 %, 547.77 W, 1980 MHz
2026/09/28 00:24:40.032, 3, 78921 MiB, 100 %, 537.83 W, 1980 MHz
2026/09/28 00:24:40.033, 4, 78921 MiB, 100 %, 539.09 W, 1980 MHz
2026/09/28 00:24:40.033, 5, 78921 MiB, 100 %, 547.92 W, 1980 MHz
2026/09/28 00:24:40.034, 6, 78921 MiB, 100 %, 569.19 W, 1980 MHz
2026/09/28 00:24:40.035, 7, 78921 MiB, 100 %, 545.37 W, 1980 MHz
2026/09/28 00:24:41.035, 0, 78921 MiB, 100 %, 562.64 W, 1770 MHz
2026/09/28 00:24:41.036, 1, 78921 MiB, 100 %, 581.79 W, 1980 MHz
2026/09/28 00:24:41.037, 2, 78921 MiB, 100 %, 563.03 W, 1980 MHz
2026/09/28 00:24:41.037, 3, 78921 MiB, 100 %, 556.27 W, 1980 MHz
2026/09/28 00:24:41.038, 4, 78921 MiB, 100 %, 552.48 W, 1980 MHz
2026/09/28 00:24:41.038, 5, 78921 MiB, 100 %, 558.34 W, 1980 MHz
2026/09/28 00:24:41.039, 6, 78921 MiB, 100 %, 581.62 W, 1980 MHz
2026/09/28 00:24:41.040, 7, 78921 MiB, 100 %, 554.57 W, 1980 MHz
2026/09/28 00:24:42.040, 0, 78921 MiB, 100 %, 552.14 W, 1905 MHz
2026/09/28 00:24:42.041, 1, 78921 MiB, 100 %, 580.77 W, 1980 MHz
2026/09/28 00:24:42.042, 2, 78921 MiB, 100 %, 562.01 W, 1980 MHz
2026/09/28 00:24:42.042, 3, 78921 MiB, 100 %, 549.73 W, 1980 MHz
2026/09/28 00:24:42.043, 4, 78921 MiB, 100 %, 549.53 W, 1980 MHz
2026/09/28 00:24:42.044, 5, 78921 MiB, 100 %, 559.44 W, 1980 MHz
2026/09/28 00:24:42.044, 6, 78921 MiB, 100 %, 574.65 W, 1980 MHz
2026/09/28 00:24:42.045, 7, 78921 MiB, 100 %, 544.21 W, 1980 MHz
2026/09/28 00:24:43.045, 0, 78921 MiB, 100 %, 556.34 W, 1770 MHz
2026/09/28 00:24:43.046, 1, 78921 MiB, 100 %, 575.44 W, 1980 MHz
2026/09/28 00:24:43.047, 2, 78921 MiB, 100 %, 551.88 W, 1980 MHz
2026/09/28 00:24:43.047, 3, 78921 MiB, 100 %, 542.06 W, 1980 MHz
2026/09/28 00:24:43.048, 4, 78921 MiB, 100 %, 541.26 W, 1980 MHz
2026/09/28 00:24:43.048, 5, 78921 MiB, 100 %, 545.75 W, 1980 MHz
2026/09/28 00:24:43.049, 6, 78921 MiB, 100 %, 567.80 W, 1980 MHz
2026/09/28 00:24:43.050, 7, 78921 MiB, 100 %, 536.42 W, 1980 MHz
2026/09/28 00:24:44.050, 0, 78921 MiB, 100 %, 563.33 W, 1785 MHz
2026/09/28 00:24:44.051, 1, 78921 MiB, 100 %, 594.45 W, 1980 MHz
2026/09/28 00:24:44.052, 2, 78921 MiB, 100 %, 580.03 W, 1980 MHz
2026/09/28 00:24:44.052, 3, 78921 MiB, 100 %, 559.39 W, 1980 MHz
2026/09/28 00:24:44.053, 4, 78921 MiB, 100 %, 557.75 W, 1980 MHz
2026/09/28 00:24:44.053, 5, 78921 MiB, 100 %, 560.97 W, 1980 MHz
2026/09/28 00:24:44.054, 6, 78921 MiB, 100 %, 588.19 W, 1980 MHz
2026/09/28 00:24:44.055, 7, 78921 MiB, 100 %, 557.75 W, 1980 MHz
2026/09/28 00:24:45.055, 0, 78921 MiB, 100 %, 424.11 W, 1980 MHz
2026/09/28 00:24:45.056, 1, 78921 MiB, 100 %, 409.78 W, 1980 MHz
2026/09/28 00:24:45.057, 2, 78921 MiB, 100 %, 390.00 W, 1980 MHz
2026/09/28 00:24:45.057, 3, 78921 MiB, 100 %, 405.88 W, 1980 MHz
2026/09/28 00:24:45.058, 4, 78921 MiB, 100 %, 395.86 W, 1980 MHz
2026/09/28 00:24:45.058, 5, 78921 MiB, 100 %, 384.34 W, 1980 MHz
2026/09/28 00:24:45.059, 6, 78921 MiB, 100 %, 408.29 W, 1980 MHz
2026/09/28 00:24:45.059, 7, 78921 MiB, 100 %, 398.08 W, 1980 MHz
2026/09/28 00:24:46.060, 0, 78921 MiB, 100 %, 379.38 W, 1980 MHz
2026/09/28 00:24:46.061, 1, 78921 MiB, 100 %, 322.92 W, 1980 MHz
2026/09/28 00:24:46.061, 2, 78921 MiB, 100 %, 321.02 W, 1980 MHz
2026/09/28 00:24:46.062, 3, 78921 MiB, 100 %, 321.61 W, 1980 MHz
2026/09/28 00:24:46.063, 4, 78921 MiB, 100 %, 313.46 W, 1980 MHz
2026/09/28 00:24:46.063, 5, 78921 MiB, 100 %, 312.42 W, 1980 MHz
2026/09/28 00:24:46.064, 6, 78921 MiB, 100 %, 319.64 W, 1980 MHz
2026/09/28 00:24:46.065, 7, 78921 MiB, 100 %, 311.31 W, 1980 MHz
2026/09/28 00:24:47.065, 0, 78921 MiB, 100 %, 495.30 W, 1725 MHz
2026/09/28 00:24:47.066, 1, 78921 MiB, 100 %, 457.01 W, 1980 MHz
2026/09/28 00:24:47.067, 2, 78921 MiB, 100 %, 447.89 W, 1980 MHz
2026/09/28 00:24:47.067, 3, 78921 MiB, 100 %, 437.37 W, 1980 MHz
2026/09/28 00:24:47.068, 4, 78921 MiB, 100 %, 430.25 W, 1980 MHz
2026/09/28 00:24:47.069, 5, 78921 MiB, 100 %, 451.45 W, 1980 MHz
2026/09/28 00:24:47.069, 6, 78921 MiB, 100 %, 452.83 W, 1980 MHz
2026/09/28 00:24:47.070, 7, 78921 MiB, 100 %, 431.60 W, 1980 MHz
2026/09/28 00:24:48.070, 0, 78921 MiB, 100 %, 538.42 W, 1785 MHz
2026/09/28 00:24:48.071, 1, 78921 MiB, 100 %, 576.40 W, 1980 MHz
2026/09/28 00:24:48.072, 2, 78921 MiB, 100 %, 553.07 W, 1980 MHz
2026/09/28 00:24:48.073, 3, 78921 MiB, 100 %, 546.45 W, 1980 MHz
2026/09/28 00:24:48.073, 4, 78921 MiB, 100 %, 552.61 W, 1980 MHz
2026/09/28 00:24:48.074, 5, 78921 MiB, 100 %, 551.37 W, 1980 MHz
2026/09/28 00:24:48.074, 6, 78921 MiB, 100 %, 573.49 W, 1980 MHz
2026/09/28 00:24:48.075, 7, 78921 MiB, 100 %, 542.15 W, 1980 MHz
2026/09/28 00:24:49.076, 0, 78921 MiB, 100 %, 557.12 W, 1695 MHz
2026/09/28 00:24:49.077, 1, 78921 MiB, 100 %, 590.41 W, 1980 MHz
2026/09/28 00:24:49.078, 2, 78921 MiB, 100 %, 575.34 W, 1980 MHz
2026/09/28 00:24:49.078, 3, 78921 MiB, 100 %, 570.65 W, 1980 MHz
2026/09/28 00:24:49.079, 4, 78921 MiB, 100 %, 553.30 W, 1980 MHz
2026/09/28 00:24:49.079, 5, 78921 MiB, 100 %, 564.48 W, 1980 MHz
2026/09/28 00:24:49.080, 6, 78921 MiB, 100 %, 594.62 W, 1980 MHz
2026/09/28 00:24:49.081, 7, 78921 MiB, 100 %, 560.95 W, 1980 MHz
2026/09/28 00:24:50.081, 0, 78921 MiB, 100 %, 552.76 W, 1845 MHz
2026/09/28 00:24:50.082, 1, 78921 MiB, 100 %, 571.28 W, 1980 MHz
2026/09/28 00:24:50.083, 2, 78921 MiB, 100 %, 548.36 W, 1980 MHz
2026/09/28 00:24:50.083, 3, 78921 MiB, 100 %, 535.83 W, 1980 MHz
2026/09/28 00:24:50.084, 4, 78921 MiB, 100 %, 536.00 W, 1980 MHz
2026/09/28 00:24:50.085, 5, 78921 MiB, 100 %, 544.05 W, 1980 MHz
2026/09/28 00:24:50.085, 6, 78921 MiB, 100 %, 563.22 W, 1980 MHz
2026/09/28 00:24:50.086, 7, 78921 MiB, 100 %, 531.65 W, 1980 MHz
2026/09/28 00:24:51.087, 0, 78921 MiB, 100 %, 587.16 W, 1920 MHz
2026/09/28 00:24:51.087, 1, 78921 MiB, 100 %, 584.69 W, 1980 MHz
2026/09/28 00:24:51.088, 2, 78921 MiB, 100 %, 566.57 W, 1980 MHz
2026/09/28 00:24:51.089, 3, 78921 MiB, 100 %, 552.94 W, 1980 MHz
2026/09/28 00:24:51.089, 4, 78921 MiB, 100 %, 555.84 W, 1980 MHz
2026/09/28 00:24:51.090, 5, 78921 MiB, 100 %, 560.91 W, 1980 MHz
2026/09/28 00:24:51.090, 6, 78921 MiB, 100 %, 585.90 W, 1980 MHz
2026/09/28 00:24:51.091, 7, 78921 MiB, 100 %, 543.19 W, 1980 MHz
2026/09/28 00:24:52.092, 0, 78921 MiB, 100 %, 543.42 W, 1695 MHz
2026/09/28 00:24:52.093, 1, 78921 MiB, 100 %, 593.41 W, 1980 MHz
2026/09/28 00:24:52.093, 2, 78921 MiB, 100 %, 573.70 W, 1980 MHz
2026/09/28 00:24:52.094, 3, 78921 MiB, 100 %, 559.76 W, 1980 MHz
2026/09/28 00:24:52.094, 4, 78921 MiB, 100 %, 548.77 W, 1980 MHz
2026/09/28 00:24:52.095, 5, 78921 MiB, 100 %, 560.98 W, 1980 MHz
2026/09/28 00:24:52.096, 6, 78921 MiB, 100 %, 581.08 W, 1980 MHz
2026/09/28 00:24:52.096, 7, 78921 MiB, 100 %, 550.56 W, 1980 MHz
2026/09/28 00:24:53.097, 0, 78921 MiB, 100 %, 540.54 W, 1770 MHz
2026/09/28 00:24:53.098, 1, 78921 MiB, 100 %, 571.46 W, 1980 MHz
2026/09/28 00:24:53.099, 2, 78921 MiB, 100 %, 546.94 W, 1980 MHz
2026/09/28 00:24:53.099, 3, 78921 MiB, 100 %, 541.31 W, 1980 MHz
2026/09/28 00:24:53.100, 4, 78921 MiB, 100 %, 534.76 W, 1980 MHz
2026/09/28 00:24:53.101, 5, 78921 MiB, 100 %, 545.69 W, 1980 MHz
2026/09/28 00:24:53.101, 6, 78921 MiB, 100 %, 560.65 W, 1980 MHz
2026/09/28 00:24:53.102, 7, 78921 MiB, 100 %, 528.02 W, 1980 MHz
2026/09/28 00:24:54.103, 0, 78921 MiB, 100 %, 544.74 W, 1725 MHz
2026/09/28 00:24:54.104, 1, 78921 MiB, 100 %, 588.45 W, 1980 MHz
2026/09/28 00:24:54.104, 2, 78921 MiB, 100 %, 570.16 W, 1980 MHz
2026/09/28 00:24:54.105, 3, 78921 MiB, 100 %, 555.00 W, 1980 MHz
2026/09/28 00:24:54.106, 4, 78921 MiB, 100 %, 556.73 W, 1980 MHz
2026/09/28 00:24:54.106, 5, 78921 MiB, 100 %, 565.22 W, 1980 MHz
2026/09/28 00:24:54.107, 6, 78921 MiB, 100 %, 576.66 W, 1980 MHz
2026/09/28 00:24:54.108, 7, 78921 MiB, 100 %, 552.87 W, 1980 MHz
2026/09/28 00:24:55.108, 0, 78921 MiB, 100 %, 550.88 W, 1860 MHz
2026/09/28 00:24:55.109, 1, 78921 MiB, 100 %, 588.07 W, 1980 MHz
2026/09/28 00:24:55.110, 2, 78921 MiB, 100 %, 558.33 W, 1980 MHz
2026/09/28 00:24:55.111, 3, 78921 MiB, 100 %, 551.08 W, 1980 MHz
2026/09/28 00:24:55.111, 4, 78921 MiB, 100 %, 549.97 W, 1980 MHz
2026/09/28 00:24:55.112, 5, 78921 MiB, 100 %, 555.70 W, 1980 MHz
2026/09/28 00:24:55.113, 6, 78921 MiB, 100 %, 575.99 W, 1980 MHz
2026/09/28 00:24:55.113, 7, 78921 MiB, 100 %, 545.61 W, 1980 MHz
2026/09/28 00:24:56.114, 0, 78921 MiB, 100 %, 545.34 W, 1695 MHz
2026/09/28 00:24:56.115, 1, 78921 MiB, 100 %, 565.18 W, 1980 MHz
2026/09/28 00:24:56.115, 2, 78921 MiB, 100 %, 542.85 W, 1980 MHz
2026/09/28 00:24:56.116, 3, 78921 MiB, 100 %, 543.81 W, 1980 MHz
2026/09/28 00:24:56.117, 4, 78921 MiB, 100 %, 536.13 W, 1980 MHz
2026/09/28 00:24:56.117, 5, 78921 MiB, 100 %, 548.26 W, 1980 MHz
2026/09/28 00:24:56.118, 6, 78921 MiB, 100 %, 561.13 W, 1980 MHz
2026/09/28 00:24:56.119, 7, 78921 MiB, 100 %, 540.54 W, 1980 MHz
2026/09/28 00:24:57.119, 0, 78921 MiB, 100 %, 519.38 W, 1545 MHz
2026/09/28 00:24:57.120, 1, 78921 MiB, 100 %, 587.13 W, 1980 MHz
2026/09/28 00:24:57.121, 2, 78921 MiB, 100 %, 567.96 W, 1980 MHz
2026/09/28 00:24:57.122, 3, 78921 MiB, 100 %, 552.51 W, 1980 MHz
2026/09/28 00:24:57.122, 4, 78921 MiB, 100 %, 541.49 W, 1980 MHz
2026/09/28 00:24:57.123, 5, 78921 MiB, 100 %, 551.29 W, 1980 MHz
2026/09/28 00:24:57.124, 6, 78921 MiB, 100 %, 584.31 W, 1980 MHz
2026/09/28 00:24:57.124, 7, 78921 MiB, 100 %, 550.25 W, 1980 MHz
2026/09/28 00:24:58.125, 0, 78921 MiB, 100 %, 512.59 W, 1725 MHz
2026/09/28 00:24:58.126, 1, 78921 MiB, 100 %, 568.91 W, 1980 MHz
2026/09/28 00:24:58.126, 2, 78921 MiB, 100 %, 544.86 W, 1980 MHz
2026/09/28 00:24:58.127, 3, 78921 MiB, 100 %, 528.76 W, 1980 MHz
2026/09/28 00:24:58.127, 4, 78921 MiB, 100 %, 536.98 W, 1980 MHz
2026/09/28 00:24:58.128, 5, 78921 MiB, 100 %, 543.62 W, 1980 MHz
2026/09/28 00:24:58.129, 6, 78921 MiB, 100 %, 563.13 W, 1980 MHz
2026/09/28 00:24:58.129, 7, 78921 MiB, 100 %, 533.61 W, 1980 MHz
2026/09/28 00:24:59.130, 0, 78921 MiB, 100 %, 530.99 W, 1815 MHz
2026/09/28 00:24:59.130, 1, 78921 MiB, 100 %, 579.20 W, 1980 MHz
2026/09/28 00:24:59.131, 2, 78921 MiB, 100 %, 556.66 W, 1980 MHz
2026/09/28 00:24:59.132, 3, 78921 MiB, 100 %, 538.29 W, 1980 MHz
2026/09/28 00:24:59.132, 4, 78921 MiB, 100 %, 543.10 W, 1980 MHz
2026/09/28 00:24:59.133, 5, 78921 MiB, 100 %, 549.52 W, 1980 MHz
2026/09/28 00:24:59.134, 6, 78921 MiB, 100 %, 570.79 W, 1980 MHz
2026/09/28 00:24:59.134, 7, 78921 MiB, 100 %, 539.05 W, 1980 MHz
2026/09/28 00:25:00.135, 0, 78921 MiB, 100 %, 541.92 W, 1665 MHz
2026/09/28 00:25:00.136, 1, 78921 MiB, 100 %, 587.92 W, 1980 MHz
2026/09/28 00:25:00.136, 2, 78921 MiB, 100 %, 571.82 W, 1980 MHz
2026/09/28 00:25:00.137, 3, 78921 MiB, 100 %, 556.73 W, 1980 MHz
2026/09/28 00:25:00.138, 4, 78921 MiB, 100 %, 554.48 W, 1980 MHz
2026/09/28 00:25:00.138, 5, 78921 MiB, 100 %, 570.82 W, 1980 MHz
2026/09/28 00:25:00.139, 6, 78921 MiB, 100 %, 581.75 W, 1980 MHz
2026/09/28 00:25:00.139, 7, 78921 MiB, 100 %, 550.52 W, 1980 MHz
2026/09/28 00:25:01.140, 0, 78921 MiB, 100 %, 544.34 W, 1755 MHz
2026/09/28 00:25:01.141, 1, 78921 MiB, 100 %, 581.16 W, 1980 MHz
2026/09/28 00:25:01.141, 2, 78921 MiB, 100 %, 556.80 W, 1980 MHz
2026/09/28 00:25:01.142, 3, 78921 MiB, 100 %, 534.62 W, 1980 MHz
2026/09/28 00:25:01.143, 4, 78921 MiB, 100 %, 531.46 W, 1980 MHz
2026/09/28 00:25:01.143, 5, 78921 MiB, 100 %, 552.04 W, 1980 MHz
2026/09/28 00:25:01.144, 6, 78921 MiB, 100 %, 553.07 W, 1980 MHz
2026/09/28 00:25:01.144, 7, 78921 MiB, 100 %, 525.14 W, 1980 MHz
2026/09/28 00:25:02.145, 0, 78921 MiB, 100 %, 565.39 W, 1755 MHz
2026/09/28 00:25:02.146, 1, 78921 MiB, 100 %, 590.85 W, 1980 MHz
2026/09/28 00:25:02.147, 2, 78921 MiB, 100 %, 560.78 W, 1980 MHz
2026/09/28 00:25:02.148, 3, 78921 MiB, 100 %, 554.53 W, 1980 MHz
2026/09/28 00:25:02.148, 4, 78921 MiB, 100 %, 546.87 W, 1980 MHz
2026/09/28 00:25:02.149, 5, 78921 MiB, 100 %, 562.79 W, 1980 MHz
2026/09/28 00:25:02.149, 6, 78921 MiB, 100 %, 572.03 W, 1980 MHz
2026/09/28 00:25:02.150, 7, 78921 MiB, 100 %, 554.73 W, 1980 MHz
2026/09/28 00:25:03.151, 0, 78921 MiB, 100 %, 531.15 W, 1770 MHz
2026/09/28 00:25:03.152, 1, 78921 MiB, 100 %, 583.74 W, 1980 MHz
2026/09/28 00:25:03.152, 2, 78921 MiB, 100 %, 563.16 W, 1980 MHz
2026/09/28 00:25:03.153, 3, 78921 MiB, 100 %, 559.50 W, 1980 MHz
2026/09/28 00:25:03.154, 4, 78921 MiB, 100 %, 552.72 W, 1980 MHz
2026/09/28 00:25:03.154, 5, 78921 MiB, 100 %, 556.46 W, 1980 MHz
2026/09/28 00:25:03.155, 6, 78921 MiB, 100 %, 572.35 W, 1980 MHz
2026/09/28 00:25:03.155, 7, 78921 MiB, 100 %, 546.01 W, 1980 MHz
2026/09/28 00:25:04.156, 0, 78921 MiB, 100 %, 532.09 W, 1710 MHz
2026/09/28 00:25:04.157, 1, 78921 MiB, 100 %, 570.70 W, 1980 MHz
2026/09/28 00:25:04.158, 2, 78921 MiB, 100 %, 543.00 W, 1980 MHz
2026/09/28 00:25:04.158, 3, 78921 MiB, 100 %, 538.17 W, 1980 MHz
2026/09/28 00:25:04.159, 4, 78921 MiB, 100 %, 537.05 W, 1980 MHz
2026/09/28 00:25:04.160, 5, 78921 MiB, 100 %, 537.35 W, 1980 MHz
2026/09/28 00:25:04.160, 6, 78921 MiB, 100 %, 553.09 W, 1980 MHz
2026/09/28 00:25:04.161, 7, 78921 MiB, 100 %, 528.77 W, 1980 MHz
2026/09/28 00:25:05.162, 0, 78921 MiB, 100 %, 531.98 W, 1650 MHz
2026/09/28 00:25:05.163, 1, 78921 MiB, 100 %, 586.74 W, 1980 MHz
2026/09/28 00:25:05.163, 2, 78921 MiB, 100 %, 564.50 W, 1980 MHz
2026/09/28 00:25:05.164, 3, 78921 MiB, 100 %, 555.99 W, 1980 MHz
2026/09/28 00:25:05.165, 4, 78921 MiB, 100 %, 548.42 W, 1980 MHz
2026/09/28 00:25:05.165, 5, 78921 MiB, 100 %, 559.65 W, 1980 MHz
2026/09/28 00:25:05.166, 6, 78921 MiB, 100 %, 577.95 W, 1980 MHz
2026/09/28 00:25:05.167, 7, 78921 MiB, 100 %, 552.86 W, 1980 MHz
2026/09/28 00:25:06.167, 0, 78921 MiB, 100 %, 524.42 W, 1695 MHz
2026/09/28 00:25:06.168, 1, 78921 MiB, 100 %, 579.14 W, 1980 MHz
2026/09/28 00:25:06.169, 2, 78921 MiB, 100 %, 558.49 W, 1980 MHz
2026/09/28 00:25:06.170, 3, 78921 MiB, 100 %, 546.91 W, 1980 MHz
2026/09/28 00:25:06.170, 4, 78921 MiB, 100 %, 542.22 W, 1980 MHz
2026/09/28 00:25:06.171, 5, 78921 MiB, 100 %, 545.60 W, 1980 MHz
2026/09/28 00:25:06.171, 6, 78921 MiB, 100 %, 560.21 W, 1980 MHz
2026/09/28 00:25:06.172, 7, 78921 MiB, 100 %, 546.70 W, 1980 MHz
2026/09/28 00:25:07.173, 0, 78921 MiB, 100 %, 523.28 W, 1680 MHz
2026/09/28 00:25:07.174, 1, 78921 MiB, 100 %, 576.04 W, 1980 MHz
2026/09/28 00:25:07.174, 2, 78921 MiB, 100 %, 556.59 W, 1980 MHz
2026/09/28 00:25:07.175, 3, 78921 MiB, 100 %, 530.15 W, 1980 MHz
2026/09/28 00:25:07.175, 4, 78921 MiB, 100 %, 535.66 W, 1980 MHz
2026/09/28 00:25:07.176, 5, 78921 MiB, 100 %, 549.75 W, 1980 MHz
2026/09/28 00:25:07.177, 6, 78921 MiB, 100 %, 563.97 W, 1980 MHz
2026/09/28 00:25:07.177, 7, 78921 MiB, 100 %, 532.88 W, 1980 MHz
2026/09/28 00:25:08.178, 0, 78921 MiB, 100 %, 530.76 W, 1695 MHz
2026/09/28 00:25:08.179, 1, 78921 MiB, 100 %, 585.86 W, 1980 MHz
2026/09/28 00:25:08.179, 2, 78921 MiB, 100 %, 556.03 W, 1980 MHz
2026/09/28 00:25:08.180, 3, 78921 MiB, 100 %, 559.70 W, 1980 MHz
2026/09/28 00:25:08.180, 4, 78921 MiB, 100 %, 563.13 W, 1980 MHz
2026/09/28 00:25:08.181, 5, 78921 MiB, 100 %, 560.70 W, 1980 MHz
2026/09/28 00:25:08.182, 6, 78921 MiB, 100 %, 575.03 W, 1980 MHz
2026/09/28 00:25:08.182, 7, 78921 MiB, 100 %, 549.53 W, 1980 MHz
2026/09/28 00:25:09.183, 0, 78921 MiB, 100 %, 423.36 W, 1980 MHz
2026/09/28 00:25:09.184, 1, 78921 MiB, 100 %, 415.89 W, 1980 MHz
2026/09/28 00:25:09.184, 2, 78921 MiB, 100 %, 398.64 W, 1980 MHz
2026/09/28 00:25:09.185, 3, 78921 MiB, 100 %, 404.70 W, 1980 MHz
2026/09/28 00:25:09.186, 4, 78921 MiB, 100 %, 397.68 W, 1980 MHz
2026/09/28 00:25:09.186, 5, 78921 MiB, 100 %, 390.89 W, 1980 MHz
2026/09/28 00:25:09.187, 6, 78921 MiB, 100 %, 404.19 W, 1980 MHz
2026/09/28 00:25:09.187, 7, 78921 MiB, 100 %, 397.61 W, 1980 MHz
2026/09/28 00:25:10.188, 0, 78921 MiB, 100 %, 386.53 W, 1980 MHz
2026/09/28 00:25:10.189, 1, 78921 MiB, 100 %, 323.86 W, 1980 MHz
2026/09/28 00:25:10.190, 2, 78921 MiB, 100 %, 328.98 W, 1980 MHz
2026/09/28 00:25:10.190, 3, 78921 MiB, 100 %, 328.08 W, 1980 MHz
2026/09/28 00:25:10.191, 4, 78921 MiB, 100 %, 320.61 W, 1980 MHz
2026/09/28 00:25:10.191, 5, 78921 MiB, 100 %, 316.59 W, 1980 MHz
2026/09/28 00:25:10.192, 6, 78921 MiB, 100 %, 324.11 W, 1980 MHz
2026/09/28 00:25:10.193, 7, 78921 MiB, 100 %, 315.16 W, 1980 MHz
2026/09/28 00:25:11.193, 0, 78921 MiB, 100 %, 508.65 W, 1845 MHz
2026/09/28 00:25:11.194, 1, 78921 MiB, 100 %, 465.90 W, 1980 MHz
2026/09/28 00:25:11.195, 2, 78921 MiB, 100 %, 465.13 W, 1980 MHz
2026/09/28 00:25:11.195, 3, 78921 MiB, 100 %, 444.23 W, 1980 MHz
2026/09/28 00:25:11.196, 4, 78921 MiB, 100 %, 448.35 W, 1980 MHz
2026/09/28 00:25:11.197, 5, 78921 MiB, 100 %, 451.87 W, 1980 MHz
2026/09/28 00:25:11.197, 6, 78921 MiB, 100 %, 456.42 W, 1980 MHz
2026/09/28 00:25:11.198, 7, 78921 MiB, 100 %, 433.62 W, 1980 MHz
2026/09/28 00:25:12.198, 0, 78921 MiB, 100 %, 575.64 W, 1800 MHz
2026/09/28 00:25:12.199, 1, 78921 MiB, 100 %, 584.65 W, 1980 MHz
2026/09/28 00:25:12.200, 2, 78921 MiB, 100 %, 557.75 W, 1980 MHz
2026/09/28 00:25:12.201, 3, 78921 MiB, 100 %, 545.60 W, 1980 MHz
2026/09/28 00:25:12.201, 4, 78921 MiB, 100 %, 547.42 W, 1980 MHz
2026/09/28 00:25:12.202, 5, 78921 MiB, 100 %, 562.89 W, 1980 MHz
2026/09/28 00:25:12.203, 6, 78921 MiB, 100 %, 556.87 W, 1980 MHz
2026/09/28 00:25:12.203, 7, 78921 MiB, 100 %, 538.26 W, 1980 MHz
2026/09/28 00:25:13.204, 0, 78921 MiB, 100 %, 540.39 W, 1485 MHz
2026/09/28 00:25:13.205, 1, 78921 MiB, 100 %, 590.04 W, 1980 MHz
2026/09/28 00:25:13.206, 2, 78921 MiB, 100 %, 573.36 W, 1980 MHz
2026/09/28 00:25:13.206, 3, 78921 MiB, 100 %, 558.05 W, 1980 MHz
2026/09/28 00:25:13.207, 4, 78921 MiB, 100 %, 551.40 W, 1980 MHz
2026/09/28 00:25:13.207, 5, 78921 MiB, 100 %, 570.39 W, 1980 MHz
2026/09/28 00:25:13.208, 6, 78921 MiB, 100 %, 581.74 W, 1980 MHz
2026/09/28 00:25:13.208, 7, 78921 MiB, 100 %, 560.37 W, 1980 MHz
2026/09/28 00:25:14.209, 0, 78921 MiB, 100 %, 512.23 W, 1755 MHz
2026/09/28 00:25:14.210, 1, 78921 MiB, 100 %, 566.76 W, 1980 MHz
2026/09/28 00:25:14.211, 2, 78921 MiB, 100 %, 549.34 W, 1980 MHz
2026/09/28 00:25:14.211, 3, 78921 MiB, 100 %, 536.69 W, 1980 MHz
2026/09/28 00:25:14.212, 4, 78921 MiB, 100 %, 533.80 W, 1980 MHz
2026/09/28 00:25:14.212, 5, 78921 MiB, 100 %, 549.38 W, 1980 MHz
2026/09/28 00:25:14.213, 6, 78921 MiB, 100 %, 548.61 W, 1980 MHz
2026/09/28 00:25:14.214, 7, 78921 MiB, 100 %, 530.48 W, 1980 MHz
2026/09/28 00:25:15.214, 0, 78921 MiB, 100 %, 536.60 W, 1740 MHz
2026/09/28 00:25:15.215, 1, 78921 MiB, 100 %, 587.46 W, 1980 MHz
2026/09/28 00:25:15.216, 2, 78921 MiB, 100 %, 559.90 W, 1980 MHz
2026/09/28 00:25:15.217, 3, 78921 MiB, 100 %, 539.87 W, 1980 MHz
2026/09/28 00:25:15.217, 4, 78921 MiB, 100 %, 545.32 W, 1980 MHz
2026/09/28 00:25:15.218, 5, 78921 MiB, 100 %, 552.83 W, 1980 MHz
2026/09/28 00:25:15.218, 6, 78921 MiB, 100 %, 562.91 W, 1980 MHz
2026/09/28 00:25:15.219, 7, 78921 MiB, 100 %, 547.89 W, 1980 MHz
2026/09/28 00:25:16.220, 0, 78921 MiB, 100 %, 537.70 W, 1725 MHz
2026/09/28 00:25:16.220, 1, 78921 MiB, 100 %, 595.81 W, 1980 MHz
2026/09/28 00:25:16.221, 2, 78921 MiB, 100 %, 575.43 W, 1980 MHz
2026/09/28 00:25:16.222, 3, 78921 MiB, 100 %, 561.66 W, 1980 MHz
2026/09/28 00:25:16.223, 4, 78921 MiB, 100 %, 548.93 W, 1980 MHz
2026/09/28 00:25:16.223, 5, 78921 MiB, 100 %, 565.16 W, 1980 MHz
2026/09/28 00:25:16.224, 6, 78921 MiB, 100 %, 578.00 W, 1980 MHz
2026/09/28 00:25:16.224, 7, 78921 MiB, 100 %, 557.37 W, 1980 MHz
2026/09/28 00:25:17.225, 0, 78921 MiB, 100 %, 537.29 W, 1815 MHz
2026/09/28 00:25:17.226, 1, 78921 MiB, 100 %, 570.23 W, 1980 MHz
2026/09/28 00:25:17.227, 2, 78921 MiB, 100 %, 546.16 W, 1980 MHz
2026/09/28 00:25:17.227, 3, 78921 MiB, 100 %, 538.06 W, 1980 MHz
2026/09/28 00:25:17.228, 4, 78921 MiB, 100 %, 542.97 W, 1980 MHz
2026/09/28 00:25:17.228, 5, 78921 MiB, 100 %, 544.65 W, 1980 MHz
2026/09/28 00:25:17.229, 6, 78921 MiB, 100 %, 552.40 W, 1980 MHz
2026/09/28 00:25:17.230, 7, 78921 MiB, 100 %, 535.71 W, 1980 MHz
2026/09/28 00:25:18.230, 0, 78921 MiB, 100 %, 541.56 W, 1605 MHz
2026/09/28 00:25:18.231, 1, 78921 MiB, 100 %, 590.13 W, 1980 MHz
2026/09/28 00:25:18.232, 2, 78921 MiB, 100 %, 567.72 W, 1980 MHz
2026/09/28 00:25:18.232, 3, 78921 MiB, 100 %, 557.12 W, 1980 MHz
2026/09/28 00:25:18.233, 4, 78921 MiB, 100 %, 557.35 W, 1980 MHz
2026/09/28 00:25:18.233, 5, 78921 MiB, 100 %, 556.26 W, 1980 MHz
2026/09/28 00:25:18.234, 6, 78921 MiB, 100 %, 571.57 W, 1980 MHz
2026/09/28 00:25:18.235, 7, 78921 MiB, 100 %, 552.24 W, 1980 MHz
2026/09/28 00:25:19.235, 0, 78921 MiB, 100 %, 521.65 W, 1740 MHz
2026/09/28 00:25:19.236, 1, 78921 MiB, 100 %, 575.53 W, 1980 MHz
2026/09/28 00:25:19.237, 2, 78921 MiB, 100 %, 553.95 W, 1980 MHz
2026/09/28 00:25:19.237, 3, 78921 MiB, 100 %, 553.64 W, 1980 MHz
2026/09/28 00:25:19.238, 4, 78921 MiB, 100 %, 538.55 W, 1980 MHz
2026/09/28 00:25:19.238, 5, 78921 MiB, 100 %, 554.13 W, 1980 MHz
2026/09/28 00:25:19.239, 6, 78921 MiB, 100 %, 568.52 W, 1980 MHz
2026/09/28 00:25:19.240, 7, 78921 MiB, 100 %, 545.00 W, 1980 MHz
2026/09/28 00:25:20.240, 0, 78921 MiB, 100 %, 523.54 W, 1665 MHz
2026/09/28 00:25:20.241, 1, 78921 MiB, 100 %, 575.48 W, 1980 MHz
2026/09/28 00:25:20.242, 2, 78921 MiB, 100 %, 550.23 W, 1980 MHz
2026/09/28 00:25:20.243, 3, 78921 MiB, 100 %, 535.02 W, 1980 MHz
2026/09/28 00:25:20.243, 4, 78921 MiB, 100 %, 530.73 W, 1980 MHz
2026/09/28 00:25:20.244, 5, 78921 MiB, 100 %, 546.78 W, 1980 MHz
2026/09/28 00:25:20.245, 6, 78921 MiB, 100 %, 562.55 W, 1980 MHz
2026/09/28 00:25:20.245, 7, 78921 MiB, 100 %, 544.57 W, 1980 MHz
2026/09/28 00:25:21.246, 0, 78921 MiB, 100 %, 540.55 W, 1485 MHz
2026/09/28 00:25:21.247, 1, 78921 MiB, 100 %, 586.73 W, 1980 MHz
2026/09/28 00:25:21.248, 2, 78921 MiB, 100 %, 560.04 W, 1980 MHz
2026/09/28 00:25:21.248, 3, 78921 MiB, 100 %, 556.43 W, 1980 MHz
2026/09/28 00:25:21.249, 4, 78921 MiB, 100 %, 553.01 W, 1980 MHz
2026/09/28 00:25:21.249, 5, 78921 MiB, 100 %, 569.85 W, 1980 MHz
2026/09/28 00:25:21.250, 6, 78921 MiB, 100 %, 574.96 W, 1980 MHz
2026/09/28 00:25:21.250, 7, 78921 MiB, 100 %, 559.09 W, 1980 MHz
2026/09/28 00:25:22.251, 0, 78921 MiB, 100 %, 495.61 W, 1665 MHz
2026/09/28 00:25:22.252, 1, 78921 MiB, 100 %, 565.87 W, 1980 MHz
2026/09/28 00:25:22.252, 2, 78921 MiB, 100 %, 548.73 W, 1980 MHz
2026/09/28 00:25:22.253, 3, 78921 MiB, 100 %, 533.96 W, 1980 MHz
2026/09/28 00:25:22.254, 4, 78921 MiB, 100 %, 536.24 W, 1980 MHz
2026/09/28 00:25:22.254, 5, 78921 MiB, 100 %, 540.58 W, 1980 MHz
2026/09/28 00:25:22.255, 6, 78921 MiB, 100 %, 559.18 W, 1980 MHz
2026/09/28 00:25:22.255, 7, 78921 MiB, 100 %, 543.54 W, 1980 MHz
2026/09/28 00:25:23.256, 0, 78921 MiB, 100 %, 529.59 W, 1800 MHz
2026/09/28 00:25:23.257, 1, 78921 MiB, 100 %, 579.64 W, 1980 MHz
2026/09/28 00:25:23.257, 2, 78921 MiB, 100 %, 553.19 W, 1980 MHz
2026/09/28 00:25:23.258, 3, 78921 MiB, 100 %, 541.18 W, 1980 MHz
2026/09/28 00:25:23.259, 4, 78921 MiB, 100 %, 537.75 W, 1980 MHz
2026/09/28 00:25:23.259, 5, 78921 MiB, 100 %, 549.10 W, 1980 MHz
2026/09/28 00:25:23.260, 6, 78921 MiB, 100 %, 566.23 W, 1980 MHz
2026/09/28 00:25:23.260, 7, 78921 MiB, 100 %, 540.29 W, 1980 MHz
2026/09/28 00:25:24.261, 0, 78921 MiB, 100 %, 591.44 W, 1815 MHz
2026/09/28 00:25:24.262, 1, 78921 MiB, 100 %, 608.99 W, 1980 MHz
2026/09/28 00:25:24.262, 2, 78921 MiB, 100 %, 585.06 W, 1980 MHz
2026/09/28 00:25:24.263, 3, 78921 MiB, 100 %, 567.68 W, 1980 MHz
2026/09/28 00:25:24.263, 4, 78921 MiB, 100 %, 563.76 W, 1980 MHz
2026/09/28 00:25:24.264, 5, 78921 MiB, 100 %, 574.38 W, 1980 MHz
2026/09/28 00:25:24.265, 6, 78921 MiB, 100 %, 600.01 W, 1980 MHz
2026/09/28 00:25:24.265, 7, 78921 MiB, 100 %, 574.78 W, 1980 MHz
2026/09/28 00:25:25.266, 0, 78921 MiB, 100 %, 534.63 W, 1740 MHz
2026/09/28 00:25:25.267, 1, 78921 MiB, 100 %, 575.44 W, 1980 MHz
2026/09/28 00:25:25.267, 2, 78921 MiB, 100 %, 548.21 W, 1980 MHz
2026/09/28 00:25:25.268, 3, 78921 MiB, 100 %, 536.13 W, 1980 MHz
2026/09/28 00:25:25.269, 4, 78921 MiB, 100 %, 533.18 W, 1980 MHz
2026/09/28 00:25:25.269, 5, 78921 MiB, 100 %, 539.39 W, 1980 MHz
2026/09/28 00:25:25.270, 6, 78921 MiB, 100 %, 555.36 W, 1980 MHz
2026/09/28 00:25:25.270, 7, 78921 MiB, 100 %, 525.64 W, 1980 MHz
2026/09/28 00:25:26.271, 0, 78921 MiB, 100 %, 526.55 W, 1770 MHz
2026/09/28 00:25:26.272, 1, 78921 MiB, 100 %, 588.26 W, 1980 MHz
2026/09/28 00:25:26.272, 2, 78921 MiB, 100 %, 559.31 W, 1980 MHz
2026/09/28 00:25:26.273, 3, 78921 MiB, 100 %, 554.96 W, 1980 MHz
2026/09/28 00:25:26.274, 4, 78921 MiB, 100 %, 547.63 W, 1980 MHz
2026/09/28 00:25:26.274, 5, 78921 MiB, 100 %, 558.71 W, 1980 MHz
2026/09/28 00:25:26.275, 6, 78921 MiB, 100 %, 564.53 W, 1980 MHz
2026/09/28 00:25:26.275, 7, 78921 MiB, 100 %, 552.14 W, 1980 MHz
2026/09/28 00:25:27.276, 0, 78921 MiB, 100 %, 532.76 W, 1710 MHz
2026/09/28 00:25:27.278, 1, 78921 MiB, 100 %, 596.83 W, 1980 MHz
2026/09/28 00:25:27.279, 2, 78921 MiB, 100 %, 573.34 W, 1980 MHz
2026/09/28 00:25:27.280, 3, 78921 MiB, 100 %, 559.35 W, 1980 MHz
2026/09/28 00:25:27.282, 4, 78921 MiB, 100 %, 545.31 W, 1980 MHz
2026/09/28 00:25:27.282, 5, 78921 MiB, 100 %, 563.53 W, 1980 MHz
2026/09/28 00:25:27.283, 6, 78921 MiB, 100 %, 582.46 W, 1980 MHz
2026/09/28 00:25:27.284, 7, 78921 MiB, 100 %, 565.72 W, 1980 MHz
2026/09/28 00:25:28.287, 0, 78921 MiB, 100 %, 543.16 W, 1740 MHz
2026/09/28 00:25:28.288, 1, 78921 MiB, 100 %, 566.42 W, 1980 MHz
2026/09/28 00:25:28.289, 2, 78921 MiB, 100 %, 545.57 W, 1980 MHz
2026/09/28 00:25:28.289, 3, 78921 MiB, 100 %, 538.50 W, 1980 MHz
2026/09/28 00:25:28.290, 4, 78921 MiB, 100 %, 536.22 W, 1980 MHz
2026/09/28 00:25:28.290, 5, 78921 MiB, 100 %, 539.79 W, 1980 MHz
2026/09/28 00:25:28.291, 6, 78921 MiB, 100 %, 547.54 W, 1980 MHz
2026/09/28 00:25:28.292, 7, 78921 MiB, 100 %, 527.34 W, 1980 MHz
2026/09/28 00:25:29.292, 0, 78921 MiB, 100 %, 530.04 W, 1560 MHz
2026/09/28 00:25:29.293, 1, 78921 MiB, 100 %, 585.83 W, 1980 MHz
2026/09/28 00:25:29.294, 2, 78921 MiB, 100 %, 567.17 W, 1980 MHz
2026/09/28 00:25:29.296, 3, 78921 MiB, 100 %, 552.76 W, 1980 MHz
2026/09/28 00:25:29.297, 4, 78921 MiB, 100 %, 546.27 W, 1980 MHz
2026/09/28 00:25:29.298, 5, 78921 MiB, 100 %, 560.57 W, 1980 MHz
2026/09/28 00:25:29.301, 6, 78921 MiB, 100 %, 569.40 W, 1980 MHz
2026/09/28 00:25:29.301, 7, 78921 MiB, 100 %, 558.04 W, 1980 MHz
2026/09/28 00:25:30.302, 0, 78921 MiB, 100 %, 517.51 W, 1725 MHz
2026/09/28 00:25:30.303, 1, 78921 MiB, 100 %, 588.08 W, 1980 MHz
2026/09/28 00:25:30.304, 2, 78921 MiB, 100 %, 563.26 W, 1980 MHz
2026/09/28 00:25:30.305, 3, 78921 MiB, 100 %, 548.18 W, 1980 MHz
2026/09/28 00:25:30.305, 4, 78921 MiB, 100 %, 539.77 W, 1980 MHz
2026/09/28 00:25:30.306, 5, 78921 MiB, 100 %, 550.78 W, 1980 MHz
2026/09/28 00:25:30.306, 6, 78921 MiB, 100 %, 567.26 W, 1980 MHz
2026/09/28 00:25:30.307, 7, 78921 MiB, 100 %, 543.19 W, 1980 MHz
2026/09/28 00:25:31.308, 0, 78921 MiB, 100 %, 526.55 W, 1755 MHz
2026/09/28 00:25:31.308, 1, 78921 MiB, 100 %, 567.83 W, 1980 MHz
2026/09/28 00:25:31.309, 2, 78921 MiB, 100 %, 549.01 W, 1980 MHz
2026/09/28 00:25:31.310, 3, 78921 MiB, 100 %, 538.69 W, 1980 MHz
2026/09/28 00:25:31.310, 4, 78921 MiB, 100 %, 537.50 W, 1980 MHz
2026/09/28 00:25:31.311, 5, 78921 MiB, 100 %, 551.99 W, 1980 MHz
2026/09/28 00:25:31.311, 6, 78921 MiB, 100 %, 560.81 W, 1980 MHz
2026/09/28 00:25:31.312, 7, 78921 MiB, 100 %, 539.89 W, 1980 MHz
2026/09/28 00:25:32.313, 0, 78921 MiB, 100 %, 530.52 W, 1575 MHz
2026/09/28 00:25:32.314, 1, 78921 MiB, 100 %, 589.84 W, 1980 MHz
2026/09/28 00:25:32.314, 2, 78921 MiB, 100 %, 557.31 W, 1980 MHz
2026/09/28 00:25:32.315, 3, 78921 MiB, 100 %, 556.42 W, 1980 MHz
2026/09/28 00:25:32.315, 4, 78921 MiB, 100 %, 552.91 W, 1980 MHz
2026/09/28 00:25:32.316, 5, 78921 MiB, 100 %, 565.03 W, 1980 MHz
2026/09/28 00:25:32.317, 6, 78921 MiB, 100 %, 572.63 W, 1980 MHz
2026/09/28 00:25:32.317, 7, 78921 MiB, 100 %, 552.23 W, 1980 MHz
2026/09/28 00:25:33.318, 0, 78921 MiB, 100 %, 434.66 W, 1980 MHz
2026/09/28 00:25:33.319, 1, 78921 MiB, 100 %, 432.50 W, 1980 MHz
2026/09/28 00:25:33.319, 2, 78921 MiB, 100 %, 418.59 W, 1980 MHz
2026/09/28 00:25:33.320, 3, 78921 MiB, 100 %, 418.65 W, 1980 MHz
2026/09/28 00:25:33.320, 4, 78921 MiB, 100 %, 420.59 W, 1980 MHz
2026/09/28 00:25:33.321, 5, 78921 MiB, 100 %, 411.85 W, 1980 MHz
2026/09/28 00:25:33.322, 6, 78921 MiB, 100 %, 424.59 W, 1980 MHz
2026/09/28 00:25:33.322, 7, 78921 MiB, 100 %, 392.92 W, 1980 MHz
2026/09/28 00:25:34.323, 0, 78921 MiB, 100 %, 381.81 W, 1980 MHz
2026/09/28 00:25:34.324, 1, 78921 MiB, 100 %, 325.41 W, 1980 MHz
2026/09/28 00:25:34.324, 2, 78921 MiB, 100 %, 333.55 W, 1980 MHz
2026/09/28 00:25:34.325, 3, 78921 MiB, 100 %, 329.95 W, 1980 MHz
2026/09/28 00:25:34.325, 4, 78921 MiB, 100 %, 325.32 W, 1980 MHz
2026/09/28 00:25:34.326, 5, 78921 MiB, 100 %, 316.53 W, 1980 MHz
2026/09/28 00:25:34.327, 6, 78921 MiB, 100 %, 326.89 W, 1980 MHz
2026/09/28 00:25:34.327, 7, 78921 MiB, 100 %, 314.17 W, 1980 MHz
2026/09/28 00:25:35.328, 0, 78921 MiB, 100 %, 489.36 W, 1845 MHz
2026/09/28 00:25:35.329, 1, 78921 MiB, 100 %, 447.91 W, 1980 MHz
2026/09/28 00:25:35.330, 2, 78921 MiB, 100 %, 448.93 W, 1980 MHz
2026/09/28 00:25:35.330, 3, 78921 MiB, 100 %, 435.42 W, 1980 MHz
2026/09/28 00:25:35.331, 4, 78921 MiB, 100 %, 455.43 W, 1980 MHz
2026/09/28 00:25:35.331, 5, 78921 MiB, 100 %, 434.28 W, 1980 MHz
2026/09/28 00:25:35.332, 6, 78921 MiB, 100 %, 434.73 W, 1980 MHz
2026/09/28 00:25:35.333, 7, 78921 MiB, 100 %, 430.71 W, 1980 MHz
2026/09/28 00:25:36.333, 0, 78921 MiB, 100 %, 556.66 W, 1800 MHz
2026/09/28 00:25:36.334, 1, 78921 MiB, 100 %, 584.44 W, 1980 MHz
2026/09/28 00:25:36.335, 2, 78921 MiB, 100 %, 558.92 W, 1980 MHz
2026/09/28 00:25:36.336, 3, 78921 MiB, 100 %, 548.26 W, 1980 MHz
2026/09/28 00:25:36.336, 4, 78921 MiB, 100 %, 546.77 W, 1980 MHz
2026/09/28 00:25:36.337, 5, 78921 MiB, 100 %, 553.16 W, 1980 MHz
2026/09/28 00:25:36.338, 6, 78921 MiB, 100 %, 577.70 W, 1980 MHz
2026/09/28 00:25:36.338, 7, 78921 MiB, 100 %, 551.67 W, 1980 MHz
2026/09/28 00:25:37.339, 0, 78921 MiB, 100 %, 556.91 W, 1860 MHz
2026/09/28 00:25:37.340, 1, 78921 MiB, 100 %, 599.88 W, 1980 MHz
2026/09/28 00:25:37.340, 2, 78921 MiB, 100 %, 573.72 W, 1980 MHz
2026/09/28 00:25:37.341, 3, 78921 MiB, 100 %, 578.15 W, 1980 MHz
2026/09/28 00:25:37.341, 4, 78921 MiB, 100 %, 564.16 W, 1980 MHz
2026/09/28 00:25:37.342, 5, 78921 MiB, 100 %, 566.84 W, 1980 MHz
2026/09/28 00:25:37.343, 6, 78921 MiB, 100 %, 591.30 W, 1980 MHz
2026/09/28 00:25:37.343, 7, 78921 MiB, 100 %, 561.32 W, 1980 MHz
2026/09/28 00:25:38.344, 0, 78921 MiB, 100 %, 551.75 W, 1770 MHz
2026/09/28 00:25:38.345, 1, 78921 MiB, 100 %, 578.55 W, 1980 MHz
2026/09/28 00:25:38.345, 2, 78921 MiB, 100 %, 555.86 W, 1980 MHz
2026/09/28 00:25:38.346, 3, 78921 MiB, 100 %, 537.16 W, 1980 MHz
2026/09/28 00:25:38.347, 4, 78921 MiB, 100 %, 534.81 W, 1980 MHz
2026/09/28 00:25:38.347, 5, 78921 MiB, 100 %, 554.09 W, 1980 MHz
2026/09/28 00:25:38.348, 6, 78921 MiB, 100 %, 569.97 W, 1980 MHz
2026/09/28 00:25:38.348, 7, 78921 MiB, 100 %, 536.90 W, 1980 MHz
2026/09/28 00:25:39.349, 0, 78921 MiB, 100 %, 522.23 W, 1575 MHz
2026/09/28 00:25:39.350, 1, 78921 MiB, 100 %, 577.97 W, 1980 MHz
2026/09/28 00:25:39.350, 2, 78921 MiB, 100 %, 557.78 W, 1980 MHz
2026/09/28 00:25:39.351, 3, 78921 MiB, 100 %, 550.70 W, 1980 MHz
2026/09/28 00:25:39.352, 4, 78921 MiB, 100 %, 537.53 W, 1980 MHz
2026/09/28 00:25:39.352, 5, 78921 MiB, 100 %, 549.35 W, 1980 MHz
2026/09/28 00:25:39.353, 6, 78921 MiB, 100 %, 574.74 W, 1980 MHz
2026/09/28 00:25:39.353, 7, 78921 MiB, 100 %, 539.07 W, 1980 MHz
2026/09/28 00:25:40.354, 0, 78921 MiB, 100 %, 508.89 W, 1710 MHz
2026/09/28 00:25:40.355, 1, 78921 MiB, 100 %, 592.22 W, 1980 MHz
2026/09/28 00:25:40.356, 2, 78921 MiB, 100 %, 560.74 W, 1980 MHz
2026/09/28 00:25:40.356, 3, 78921 MiB, 100 %, 558.45 W, 1980 MHz
2026/09/28 00:25:40.357, 4, 78921 MiB, 100 %, 544.48 W, 1980 MHz
2026/09/28 00:25:40.358, 5, 78921 MiB, 100 %, 550.32 W, 1980 MHz
2026/09/28 00:25:40.358, 6, 78921 MiB, 100 %, 581.07 W, 1980 MHz
2026/09/28 00:25:40.359, 7, 78921 MiB, 100 %, 548.63 W, 1980 MHz
2026/09/28 00:25:41.359, 0, 78921 MiB, 100 %, 520.88 W, 1800 MHz
2026/09/28 00:25:41.360, 1, 78921 MiB, 100 %, 566.25 W, 1980 MHz
2026/09/28 00:25:41.361, 2, 78921 MiB, 100 %, 550.28 W, 1980 MHz
2026/09/28 00:25:41.362, 3, 78921 MiB, 100 %, 537.20 W, 1980 MHz
2026/09/28 00:25:41.362, 4, 78921 MiB, 100 %, 534.68 W, 1980 MHz
2026/09/28 00:25:41.363, 5, 78921 MiB, 100 %, 534.54 W, 1980 MHz
2026/09/28 00:25:41.363, 6, 78921 MiB, 100 %, 558.18 W, 1980 MHz
2026/09/28 00:25:41.364, 7, 78921 MiB, 100 %, 532.80 W, 1980 MHz
2026/09/28 00:25:42.365, 0, 78921 MiB, 100 %, 529.20 W, 1635 MHz
2026/09/28 00:25:42.366, 1, 78921 MiB, 100 %, 588.22 W, 1980 MHz
2026/09/28 00:25:42.366, 2, 78921 MiB, 100 %, 557.33 W, 1980 MHz
2026/09/28 00:25:42.367, 3, 78921 MiB, 100 %, 555.86 W, 1980 MHz
2026/09/28 00:25:42.367, 4, 78921 MiB, 100 %, 552.06 W, 1980 MHz
2026/09/28 00:25:42.368, 5, 78921 MiB, 100 %, 555.67 W, 1980 MHz
2026/09/28 00:25:42.368, 6, 78921 MiB, 100 %, 577.51 W, 1980 MHz
2026/09/28 00:25:42.369, 7, 78921 MiB, 100 %, 546.30 W, 1980 MHz
2026/09/28 00:25:43.370, 0, 78921 MiB, 100 %, 540.31 W, 1845 MHz
2026/09/28 00:25:43.371, 1, 78921 MiB, 100 %, 584.09 W, 1980 MHz
2026/09/28 00:25:43.371, 2, 78921 MiB, 100 %, 560.49 W, 1980 MHz
2026/09/28 00:25:43.372, 3, 78921 MiB, 100 %, 555.70 W, 1980 MHz
2026/09/28 00:25:43.373, 4, 78921 MiB, 100 %, 551.72 W, 1980 MHz
2026/09/28 00:25:43.373, 5, 78921 MiB, 100 %, 551.95 W, 1980 MHz
2026/09/28 00:25:43.374, 6, 78921 MiB, 100 %, 582.68 W, 1980 MHz
2026/09/28 00:25:43.375, 7, 78921 MiB, 100 %, 549.18 W, 1980 MHz
2026/09/28 00:25:44.375, 0, 78921 MiB, 100 %, 537.68 W, 1500 MHz
2026/09/28 00:25:44.376, 1, 78921 MiB, 100 %, 577.28 W, 1980 MHz
2026/09/28 00:25:44.377, 2, 78921 MiB, 100 %, 549.24 W, 1980 MHz
2026/09/28 00:25:44.378, 3, 78921 MiB, 100 %, 546.73 W, 1980 MHz
2026/09/28 00:25:44.378, 4, 78921 MiB, 100 %, 539.01 W, 1980 MHz
2026/09/28 00:25:44.379, 5, 78921 MiB, 100 %, 541.56 W, 1980 MHz
2026/09/28 00:25:44.379, 6, 78921 MiB, 100 %, 571.59 W, 1980 MHz
2026/09/28 00:25:44.380, 7, 78921 MiB, 100 %, 538.58 W, 1980 MHz
2026/09/28 00:25:45.381, 0, 78921 MiB, 100 %, 497.64 W, 1485 MHz
2026/09/28 00:25:45.382, 1, 78921 MiB, 100 %, 583.37 W, 1980 MHz
2026/09/28 00:25:45.383, 2, 78921 MiB, 100 %, 553.04 W, 1980 MHz
2026/09/28 00:25:45.383, 3, 78921 MiB, 100 %, 542.51 W, 1980 MHz
2026/09/28 00:25:45.384, 4, 78921 MiB, 100 %, 543.77 W, 1980 MHz
2026/09/28 00:25:45.384, 5, 78921 MiB, 100 %, 550.39 W, 1980 MHz
2026/09/28 00:25:45.385, 6, 78921 MiB, 100 %, 564.99 W, 1980 MHz
2026/09/28 00:25:45.386, 7, 78921 MiB, 100 %, 540.41 W, 1980 MHz
2026/09/28 00:25:46.386, 0, 78921 MiB, 100 %, 509.95 W, 1755 MHz
2026/09/28 00:25:46.387, 1, 78921 MiB, 100 %, 578.45 W, 1980 MHz
2026/09/28 00:25:46.388, 2, 78921 MiB, 100 %, 551.28 W, 1980 MHz
2026/09/28 00:25:46.388, 3, 78921 MiB, 100 %, 531.10 W, 1980 MHz
2026/09/28 00:25:46.389, 4, 78921 MiB, 100 %, 542.04 W, 1980 MHz
2026/09/28 00:25:46.390, 5, 78921 MiB, 100 %, 540.65 W, 1980 MHz
2026/09/28 00:25:46.390, 6, 78921 MiB, 100 %, 566.39 W, 1980 MHz
2026/09/28 00:25:46.391, 7, 78921 MiB, 100 %, 540.30 W, 1980 MHz
2026/09/28 00:25:47.391, 0, 78921 MiB, 100 %, 517.99 W, 1665 MHz
2026/09/28 00:25:47.392, 1, 78921 MiB, 100 %, 575.20 W, 1980 MHz
2026/09/28 00:25:47.393, 2, 78921 MiB, 100 %, 546.78 W, 1980 MHz
2026/09/28 00:25:47.393, 3, 78921 MiB, 100 %, 543.88 W, 1980 MHz
2026/09/28 00:25:47.394, 4, 78921 MiB, 100 %, 537.40 W, 1980 MHz
2026/09/28 00:25:47.395, 5, 78921 MiB, 100 %, 549.44 W, 1980 MHz
2026/09/28 00:25:47.395, 6, 78921 MiB, 100 %, 563.94 W, 1980 MHz
2026/09/28 00:25:47.396, 7, 78921 MiB, 100 %, 527.00 W, 1980 MHz
2026/09/28 00:25:48.396, 0, 78921 MiB, 100 %, 519.34 W, 1710 MHz
2026/09/28 00:25:48.397, 1, 78921 MiB, 100 %, 588.38 W, 1980 MHz
2026/09/28 00:25:48.398, 2, 78921 MiB, 100 %, 569.03 W, 1980 MHz
2026/09/28 00:25:48.398, 3, 78921 MiB, 100 %, 555.45 W, 1980 MHz
2026/09/28 00:25:48.399, 4, 78921 MiB, 100 %, 544.94 W, 1980 MHz
2026/09/28 00:25:48.400, 5, 78921 MiB, 100 %, 559.04 W, 1980 MHz
2026/09/28 00:25:48.400, 6, 78921 MiB, 100 %, 583.88 W, 1980 MHz
2026/09/28 00:25:48.401, 7, 78921 MiB, 100 %, 557.00 W, 1980 MHz
2026/09/28 00:25:49.401, 0, 78921 MiB, 100 %, 535.39 W, 1830 MHz
2026/09/28 00:25:49.402, 1, 78921 MiB, 100 %, 574.00 W, 1980 MHz
2026/09/28 00:25:49.403, 2, 78921 MiB, 100 %, 554.20 W, 1980 MHz
2026/09/28 00:25:49.403, 3, 78921 MiB, 100 %, 540.17 W, 1980 MHz
2026/09/28 00:25:49.404, 4, 78921 MiB, 100 %, 534.63 W, 1980 MHz
2026/09/28 00:25:49.405, 5, 78921 MiB, 100 %, 542.68 W, 1980 MHz
2026/09/28 00:25:49.405, 6, 78921 MiB, 100 %, 570.21 W, 1980 MHz
2026/09/28 00:25:49.406, 7, 78921 MiB, 100 %, 542.11 W, 1980 MHz
2026/09/28 00:25:50.406, 0, 78921 MiB, 100 %, 516.72 W, 1500 MHz
2026/09/28 00:25:50.408, 1, 78921 MiB, 100 %, 577.19 W, 1980 MHz
2026/09/28 00:25:50.408, 2, 78921 MiB, 100 %, 552.72 W, 1980 MHz
2026/09/28 00:25:50.409, 3, 78921 MiB, 100 %, 544.25 W, 1980 MHz
2026/09/28 00:25:50.409, 4, 78921 MiB, 100 %, 543.94 W, 1980 MHz
2026/09/28 00:25:50.410, 5, 78921 MiB, 100 %, 556.20 W, 1980 MHz
2026/09/28 00:25:50.411, 6, 78921 MiB, 100 %, 569.26 W, 1980 MHz
2026/09/28 00:25:50.411, 7, 78921 MiB, 100 %, 539.06 W, 1980 MHz
2026/09/28 00:25:51.412, 0, 78921 MiB, 100 %, 507.17 W, 1755 MHz
2026/09/28 00:25:51.413, 1, 78921 MiB, 100 %, 573.55 W, 1980 MHz
2026/09/28 00:25:51.414, 2, 78921 MiB, 100 %, 556.19 W, 1980 MHz
2026/09/28 00:25:51.414, 3, 78921 MiB, 100 %, 553.91 W, 1980 MHz
2026/09/28 00:25:51.415, 4, 78921 MiB, 100 %, 550.31 W, 1980 MHz
2026/09/28 00:25:51.415, 5, 78921 MiB, 100 %, 545.99 W, 1980 MHz
2026/09/28 00:25:51.416, 6, 78921 MiB, 100 %, 579.14 W, 1980 MHz
2026/09/28 00:25:51.417, 7, 78921 MiB, 100 %, 547.92 W, 1980 MHz
2026/09/28 00:25:52.417, 0, 78921 MiB, 100 %, 518.16 W, 1770 MHz
2026/09/28 00:25:52.418, 1, 78921 MiB, 100 %, 573.33 W, 1980 MHz
2026/09/28 00:25:52.419, 2, 78921 MiB, 100 %, 539.41 W, 1980 MHz
2026/09/28 00:25:52.420, 3, 78921 MiB, 100 %, 534.55 W, 1980 MHz
2026/09/28 00:25:52.420, 4, 78921 MiB, 100 %, 534.01 W, 1980 MHz
2026/09/28 00:25:52.421, 5, 78921 MiB, 100 %, 539.71 W, 1980 MHz
2026/09/28 00:25:52.422, 6, 78921 MiB, 100 %, 565.58 W, 1980 MHz
2026/09/28 00:25:52.422, 7, 78921 MiB, 100 %, 540.03 W, 1980 MHz
2026/09/28 00:25:53.423, 0, 78921 MiB, 100 %, 533.21 W, 1665 MHz
2026/09/28 00:25:53.424, 1, 78921 MiB, 100 %, 581.83 W, 1980 MHz
2026/09/28 00:25:53.424, 2, 78921 MiB, 100 %, 563.62 W, 1980 MHz
2026/09/28 00:25:53.425, 3, 78921 MiB, 100 %, 548.00 W, 1980 MHz
2026/09/28 00:25:53.426, 4, 78921 MiB, 100 %, 545.68 W, 1980 MHz
2026/09/28 00:25:53.426, 5, 78921 MiB, 100 %, 559.13 W, 1980 MHz
2026/09/28 00:25:53.427, 6, 78921 MiB, 100 %, 569.09 W, 1980 MHz
2026/09/28 00:25:53.427, 7, 78921 MiB, 100 %, 545.62 W, 1980 MHz
2026/09/28 00:25:54.428, 0, 78921 MiB, 100 %, 529.32 W, 1875 MHz
2026/09/28 00:25:54.429, 1, 78921 MiB, 100 %, 592.17 W, 1980 MHz
2026/09/28 00:25:54.429, 2, 78921 MiB, 100 %, 562.02 W, 1980 MHz
2026/09/28 00:25:54.430, 3, 78921 MiB, 100 %, 558.24 W, 1980 MHz
2026/09/28 00:25:54.431, 4, 78921 MiB, 100 %, 559.75 W, 1980 MHz
2026/09/28 00:25:54.431, 5, 78921 MiB, 100 %, 562.88 W, 1980 MHz
2026/09/28 00:25:54.432, 6, 78921 MiB, 100 %, 580.87 W, 1980 MHz
2026/09/28 00:25:54.432, 7, 78921 MiB, 100 %, 551.91 W, 1980 MHz
2026/09/28 00:25:55.433, 0, 78921 MiB, 100 %, 555.16 W, 1785 MHz
2026/09/28 00:25:55.434, 1, 78921 MiB, 100 %, 572.73 W, 1980 MHz
2026/09/28 00:25:55.435, 2, 78921 MiB, 100 %, 549.67 W, 1980 MHz
2026/09/28 00:25:55.435, 3, 78921 MiB, 100 %, 541.13 W, 1980 MHz
2026/09/28 00:25:55.436, 4, 78921 MiB, 100 %, 537.33 W, 1980 MHz
2026/09/28 00:25:55.436, 5, 78921 MiB, 100 %, 552.53 W, 1980 MHz
2026/09/28 00:25:55.437, 6, 78921 MiB, 100 %, 570.94 W, 1980 MHz
2026/09/28 00:25:55.438, 7, 78921 MiB, 100 %, 543.35 W, 1980 MHz
2026/09/28 00:25:56.438, 0, 78921 MiB, 100 %, 523.26 W, 1695 MHz
2026/09/28 00:25:56.439, 1, 78921 MiB, 100 %, 579.37 W, 1980 MHz
2026/09/28 00:25:56.440, 2, 78921 MiB, 100 %, 569.05 W, 1980 MHz
2026/09/28 00:25:56.440, 3, 78921 MiB, 100 %, 561.24 W, 1980 MHz
2026/09/28 00:25:56.441, 4, 78921 MiB, 100 %, 545.89 W, 1980 MHz
2026/09/28 00:25:56.442, 5, 78921 MiB, 100 %, 563.40 W, 1980 MHz
2026/09/28 00:25:56.442, 6, 78921 MiB, 100 %, 579.79 W, 1980 MHz
2026/09/28 00:25:56.443, 7, 78921 MiB, 100 %, 552.18 W, 1980 MHz
2026/09/28 00:25:57.443, 0, 78921 MiB, 100 %, 452.63 W, 1980 MHz
2026/09/28 00:25:57.444, 1, 78921 MiB, 100 %, 451.76 W, 1980 MHz
2026/09/28 00:25:57.445, 2, 78921 MiB, 100 %, 449.32 W, 1980 MHz
2026/09/28 00:25:57.446, 3, 78921 MiB, 100 %, 455.57 W, 1980 MHz
2026/09/28 00:25:57.446, 4, 78921 MiB, 100 %, 430.65 W, 1980 MHz
2026/09/28 00:25:57.447, 5, 78921 MiB, 100 %, 447.36 W, 1980 MHz
2026/09/28 00:25:57.447, 6, 78921 MiB, 100 %, 479.34 W, 1980 MHz
2026/09/28 00:25:57.448, 7, 78921 MiB, 100 %, 431.39 W, 1980 MHz
2026/09/28 00:25:58.448, 0, 78921 MiB, 100 %, 381.91 W, 1980 MHz
2026/09/28 00:25:58.449, 1, 78921 MiB, 100 %, 325.76 W, 1980 MHz
2026/09/28 00:25:58.450, 2, 78921 MiB, 100 %, 333.06 W, 1980 MHz
2026/09/28 00:25:58.451, 3, 78921 MiB, 100 %, 328.98 W, 1980 MHz
2026/09/28 00:25:58.451, 4, 78921 MiB, 100 %, 323.26 W, 1980 MHz
2026/09/28 00:25:58.452, 5, 78921 MiB, 100 %, 318.04 W, 1980 MHz
2026/09/28 00:25:58.452, 6, 78921 MiB, 100 %, 329.40 W, 1980 MHz
2026/09/28 00:25:58.453, 7, 78921 MiB, 100 %, 331.05 W, 1980 MHz
2026/09/28 00:25:59.454, 0, 78921 MiB, 100 %, 471.38 W, 1980 MHz
2026/09/28 00:25:59.454, 1, 78921 MiB, 100 %, 435.45 W, 1980 MHz
2026/09/28 00:25:59.455, 2, 78921 MiB, 100 %, 414.83 W, 1980 MHz
2026/09/28 00:25:59.456, 3, 78921 MiB, 100 %, 422.32 W, 1980 MHz
2026/09/28 00:25:59.456, 4, 78921 MiB, 100 %, 416.02 W, 1980 MHz
2026/09/28 00:25:59.457, 5, 78921 MiB, 100 %, 411.27 W, 1980 MHz
2026/09/28 00:25:59.458, 6, 78921 MiB, 100 %, 435.48 W, 1980 MHz
2026/09/28 00:25:59.458, 7, 78921 MiB, 100 %, 433.98 W, 1980 MHz
2026/09/28 00:26:00.459, 0, 78921 MiB, 100 %, 545.51 W, 1695 MHz
2026/09/28 00:26:00.460, 1, 78921 MiB, 100 %, 585.60 W, 1980 MHz
2026/09/28 00:26:00.461, 2, 78921 MiB, 100 %, 550.69 W, 1980 MHz
2026/09/28 00:26:00.462, 3, 78921 MiB, 100 %, 544.57 W, 1980 MHz
2026/09/28 00:26:00.462, 4, 78921 MiB, 100 %, 537.80 W, 1980 MHz
2026/09/28 00:26:00.463, 5, 78921 MiB, 100 %, 548.09 W, 1980 MHz
2026/09/28 00:26:00.463, 6, 78921 MiB, 100 %, 559.65 W, 1980 MHz
2026/09/28 00:26:00.464, 7, 78921 MiB, 100 %, 534.22 W, 1980 MHz
2026/09/28 00:26:01.464, 0, 78921 MiB, 100 %, 531.30 W, 1680 MHz
2026/09/28 00:26:01.465, 1, 78921 MiB, 100 %, 585.51 W, 1980 MHz
2026/09/28 00:26:01.466, 2, 78921 MiB, 100 %, 570.18 W, 1980 MHz
2026/09/28 00:26:01.466, 3, 78921 MiB, 100 %, 555.56 W, 1980 MHz
2026/09/28 00:26:01.467, 4, 78921 MiB, 100 %, 555.33 W, 1980 MHz
2026/09/28 00:26:01.468, 5, 78921 MiB, 100 %, 560.45 W, 1980 MHz
2026/09/28 00:26:01.468, 6, 78921 MiB, 100 %, 577.98 W, 1980 MHz
2026/09/28 00:26:01.469, 7, 78921 MiB, 100 %, 545.89 W, 1980 MHz
2026/09/28 00:26:02.470, 0, 78921 MiB, 100 %, 530.55 W, 1830 MHz
2026/09/28 00:26:02.470, 1, 78921 MiB, 100 %, 573.52 W, 1980 MHz
2026/09/28 00:26:02.471, 2, 78921 MiB, 100 %, 554.65 W, 1980 MHz
2026/09/28 00:26:02.472, 3, 78921 MiB, 100 %, 532.91 W, 1980 MHz
2026/09/28 00:26:02.472, 4, 78921 MiB, 100 %, 536.23 W, 1980 MHz
2026/09/28 00:26:02.473, 5, 78921 MiB, 100 %, 545.64 W, 1980 MHz
2026/09/28 00:26:02.474, 6, 78921 MiB, 100 %, 560.99 W, 1980 MHz
2026/09/28 00:26:02.474, 7, 78921 MiB, 100 %, 530.19 W, 1980 MHz
2026/09/28 00:26:03.475, 0, 78921 MiB, 100 %, 528.85 W, 1710 MHz
2026/09/28 00:26:03.476, 1, 78921 MiB, 100 %, 585.75 W, 1980 MHz
2026/09/28 00:26:03.476, 2, 78921 MiB, 100 %, 563.50 W, 1980 MHz
2026/09/28 00:26:03.477, 3, 78921 MiB, 100 %, 555.93 W, 1980 MHz
2026/09/28 00:26:03.477, 4, 78921 MiB, 100 %, 546.24 W, 1980 MHz
2026/09/28 00:26:03.478, 5, 78921 MiB, 100 %, 542.95 W, 1980 MHz
2026/09/28 00:26:03.478, 6, 78921 MiB, 100 %, 564.75 W, 1980 MHz
2026/09/28 00:26:03.479, 7, 78921 MiB, 100 %, 542.53 W, 1980 MHz
2026/09/28 00:26:04.480, 0, 78921 MiB, 100 %, 528.26 W, 1680 MHz
2026/09/28 00:26:04.481, 1, 78921 MiB, 100 %, 585.12 W, 1980 MHz
2026/09/28 00:26:04.481, 2, 78921 MiB, 100 %, 567.65 W, 1980 MHz
2026/09/28 00:26:04.482, 3, 78921 MiB, 100 %, 567.47 W, 1980 MHz
2026/09/28 00:26:04.482, 4, 78921 MiB, 100 %, 562.66 W, 1980 MHz
2026/09/28 00:26:04.483, 5, 78921 MiB, 100 %, 557.84 W, 1980 MHz
2026/09/28 00:26:04.484, 6, 78921 MiB, 100 %, 574.46 W, 1980 MHz
2026/09/28 00:26:04.484, 7, 78921 MiB, 100 %, 554.90 W, 1980 MHz
2026/09/28 00:26:05.485, 0, 78921 MiB, 100 %, 523.41 W, 1785 MHz
2026/09/28 00:26:05.486, 1, 78921 MiB, 100 %, 575.85 W, 1980 MHz
2026/09/28 00:26:05.487, 2, 78921 MiB, 100 %, 549.99 W, 1980 MHz
2026/09/28 00:26:05.487, 3, 78921 MiB, 100 %, 531.20 W, 1980 MHz
2026/09/28 00:26:05.488, 4, 78921 MiB, 100 %, 532.74 W, 1980 MHz
2026/09/28 00:26:05.489, 5, 78921 MiB, 100 %, 541.60 W, 1980 MHz
2026/09/28 00:26:05.489, 6, 78921 MiB, 100 %, 563.38 W, 1980 MHz
2026/09/28 00:26:05.490, 7, 78921 MiB, 100 %, 531.87 W, 1980 MHz
2026/09/28 00:26:06.490, 0, 78921 MiB, 100 %, 519.94 W, 1740 MHz
2026/09/28 00:26:06.492, 1, 78921 MiB, 100 %, 582.98 W, 1980 MHz
2026/09/28 00:26:06.492, 2, 78921 MiB, 100 %, 569.28 W, 1980 MHz
2026/09/28 00:26:06.493, 3, 78921 MiB, 100 %, 546.45 W, 1980 MHz
2026/09/28 00:26:06.494, 4, 78921 MiB, 100 %, 541.44 W, 1980 MHz
2026/09/28 00:26:06.495, 5, 78921 MiB, 100 %, 549.45 W, 1980 MHz
2026/09/28 00:26:06.495, 6, 78921 MiB, 100 %, 570.80 W, 1980 MHz
2026/09/28 00:26:06.496, 7, 78921 MiB, 100 %, 547.02 W, 1980 MHz
2026/09/28 00:26:07.497, 0, 78921 MiB, 100 %, 520.32 W, 1770 MHz
2026/09/28 00:26:07.498, 1, 78921 MiB, 100 %, 583.22 W, 1980 MHz
2026/09/28 00:26:07.499, 2, 78921 MiB, 100 %, 570.54 W, 1980 MHz
2026/09/28 00:26:07.499, 3, 78921 MiB, 100 %, 550.48 W, 1980 MHz
2026/09/28 00:26:07.500, 4, 78921 MiB, 100 %, 550.54 W, 1980 MHz
2026/09/28 00:26:07.500, 5, 78921 MiB, 100 %, 557.11 W, 1980 MHz
2026/09/28 00:26:07.501, 6, 78921 MiB, 100 %, 571.13 W, 1980 MHz
2026/09/28 00:26:07.502, 7, 78921 MiB, 100 %, 548.44 W, 1980 MHz
2026/09/28 00:26:08.502, 0, 78921 MiB, 100 %, 537.25 W, 1845 MHz
2026/09/28 00:26:08.503, 1, 78921 MiB, 100 %, 575.07 W, 1980 MHz
2026/09/28 00:26:08.504, 2, 78921 MiB, 100 %, 548.84 W, 1980 MHz
2026/09/28 00:26:08.505, 3, 78921 MiB, 100 %, 540.18 W, 1980 MHz
2026/09/28 00:26:08.505, 4, 78921 MiB, 100 %, 534.29 W, 1980 MHz
2026/09/28 00:26:08.506, 5, 78921 MiB, 100 %, 540.36 W, 1980 MHz
2026/09/28 00:26:08.507, 6, 78921 MiB, 100 %, 558.49 W, 1980 MHz
2026/09/28 00:26:08.507, 7, 78921 MiB, 100 %, 535.58 W, 1980 MHz
2026/09/28 00:26:09.508, 0, 78921 MiB, 100 %, 532.53 W, 1680 MHz
2026/09/28 00:26:09.508, 1, 78921 MiB, 100 %, 584.39 W, 1980 MHz
2026/09/28 00:26:09.509, 2, 78921 MiB, 100 %, 563.24 W, 1980 MHz
2026/09/28 00:26:09.510, 3, 78921 MiB, 100 %, 564.19 W, 1980 MHz
2026/09/28 00:26:09.510, 4, 78921 MiB, 100 %, 545.76 W, 1980 MHz
2026/09/28 00:26:09.511, 5, 78921 MiB, 100 %, 556.57 W, 1980 MHz
2026/09/28 00:26:09.511, 6, 78921 MiB, 100 %, 577.52 W, 1980 MHz
2026/09/28 00:26:09.512, 7, 78921 MiB, 100 %, 550.65 W, 1980 MHz
2026/09/28 00:26:10.513, 0, 78921 MiB, 100 %, 529.32 W, 1770 MHz
2026/09/28 00:26:10.514, 1, 78921 MiB, 100 %, 578.32 W, 1980 MHz
2026/09/28 00:26:10.514, 2, 78921 MiB, 100 %, 551.27 W, 1980 MHz
2026/09/28 00:26:10.515, 3, 78921 MiB, 100 %, 545.41 W, 1980 MHz
2026/09/28 00:26:10.516, 4, 78921 MiB, 100 %, 545.14 W, 1980 MHz
2026/09/28 00:26:10.516, 5, 78921 MiB, 100 %, 549.79 W, 1980 MHz
2026/09/28 00:26:10.517, 6, 78921 MiB, 100 %, 570.84 W, 1980 MHz
2026/09/28 00:26:10.517, 7, 78921 MiB, 100 %, 547.29 W, 1980 MHz
2026/09/28 00:26:11.518, 0, 78921 MiB, 100 %, 526.92 W, 1740 MHz
2026/09/28 00:26:11.519, 1, 78921 MiB, 100 %, 574.17 W, 1980 MHz
2026/09/28 00:26:11.520, 2, 78921 MiB, 100 %, 555.33 W, 1980 MHz
2026/09/28 00:26:11.520, 3, 78921 MiB, 100 %, 542.83 W, 1980 MHz
2026/09/28 00:26:11.521, 4, 78921 MiB, 100 %, 535.95 W, 1980 MHz
2026/09/28 00:26:11.521, 5, 78921 MiB, 100 %, 541.57 W, 1980 MHz
2026/09/28 00:26:11.522, 6, 78921 MiB, 100 %, 564.97 W, 1980 MHz
2026/09/28 00:26:11.522, 7, 78921 MiB, 100 %, 539.40 W, 1980 MHz
2026/09/28 00:26:12.523, 0, 78921 MiB, 100 %, 537.30 W, 1680 MHz
2026/09/28 00:26:12.524, 1, 78921 MiB, 100 %, 588.34 W, 1980 MHz
2026/09/28 00:26:12.524, 2, 78921 MiB, 100 %, 561.59 W, 1980 MHz
2026/09/28 00:26:12.525, 3, 78921 MiB, 100 %, 555.62 W, 1980 MHz
2026/09/28 00:26:12.526, 4, 78921 MiB, 100 %, 559.63 W, 1980 MHz
2026/09/28 00:26:12.526, 5, 78921 MiB, 100 %, 564.01 W, 1980 MHz
2026/09/28 00:26:12.527, 6, 78921 MiB, 100 %, 574.98 W, 1980 MHz
2026/09/28 00:26:12.527, 7, 78921 MiB, 100 %, 552.05 W, 1980 MHz
2026/09/28 00:26:13.528, 0, 78921 MiB, 100 %, 529.09 W, 1770 MHz
2026/09/28 00:26:13.529, 1, 78921 MiB, 100 %, 573.03 W, 1980 MHz
2026/09/28 00:26:13.529, 2, 78921 MiB, 100 %, 555.41 W, 1980 MHz
2026/09/28 00:26:13.530, 3, 78921 MiB, 100 %, 539.97 W, 1980 MHz
2026/09/28 00:26:13.531, 4, 78921 MiB, 100 %, 540.37 W, 1980 MHz
2026/09/28 00:26:13.531, 5, 78921 MiB, 100 %, 547.97 W, 1980 MHz
2026/09/28 00:26:13.532, 6, 78921 MiB, 100 %, 560.56 W, 1980 MHz
2026/09/28 00:26:13.532, 7, 78921 MiB, 100 %, 540.29 W, 1980 MHz
2026/09/28 00:26:14.533, 0, 78921 MiB, 100 %, 531.55 W, 1800 MHz
2026/09/28 00:26:14.534, 1, 78921 MiB, 100 %, 581.15 W, 1980 MHz
2026/09/28 00:26:14.535, 2, 78921 MiB, 100 %, 556.13 W, 1980 MHz
2026/09/28 00:26:14.535, 3, 78921 MiB, 100 %, 555.38 W, 1980 MHz
2026/09/28 00:26:14.536, 4, 78921 MiB, 100 %, 545.96 W, 1980 MHz
2026/09/28 00:26:14.536, 5, 78921 MiB, 100 %, 544.41 W, 1980 MHz
2026/09/28 00:26:14.537, 6, 78921 MiB, 100 %, 572.25 W, 1980 MHz
2026/09/28 00:26:14.537, 7, 78921 MiB, 100 %, 552.24 W, 1980 MHz
2026/09/28 00:26:15.538, 0, 78921 MiB, 100 %, 533.37 W, 1635 MHz
2026/09/28 00:26:15.539, 1, 78921 MiB, 100 %, 588.04 W, 1980 MHz
2026/09/28 00:26:15.540, 2, 78921 MiB, 100 %, 562.35 W, 1980 MHz
2026/09/28 00:26:15.540, 3, 78921 MiB, 100 %, 568.74 W, 1980 MHz
2026/09/28 00:26:15.541, 4, 78921 MiB, 100 %, 559.38 W, 1980 MHz
2026/09/28 00:26:15.542, 5, 78921 MiB, 100 %, 570.59 W, 1980 MHz
2026/09/28 00:26:15.542, 6, 78921 MiB, 100 %, 573.84 W, 1980 MHz
2026/09/28 00:26:15.543, 7, 78921 MiB, 100 %, 552.20 W, 1980 MHz
2026/09/28 00:26:16.543, 0, 78921 MiB, 100 %, 535.34 W, 1725 MHz
2026/09/28 00:26:16.544, 1, 78921 MiB, 100 %, 572.82 W, 1980 MHz
2026/09/28 00:26:16.545, 2, 78921 MiB, 100 %, 549.29 W, 1980 MHz
2026/09/28 00:26:16.546, 3, 78921 MiB, 100 %, 537.95 W, 1980 MHz
2026/09/28 00:26:16.547, 4, 78921 MiB, 100 %, 536.96 W, 1980 MHz
2026/09/28 00:26:16.547, 5, 78921 MiB, 100 %, 548.76 W, 1980 MHz
2026/09/28 00:26:16.548, 6, 78921 MiB, 100 %, 557.07 W, 1980 MHz
2026/09/28 00:26:16.548, 7, 78921 MiB, 100 %, 530.66 W, 1980 MHz
2026/09/28 00:26:17.549, 0, 78921 MiB, 100 %, 533.21 W, 1650 MHz
2026/09/28 00:26:17.550, 1, 78921 MiB, 100 %, 585.57 W, 1980 MHz
2026/09/28 00:26:17.551, 2, 78921 MiB, 100 %, 557.24 W, 1980 MHz
2026/09/28 00:26:17.552, 3, 78921 MiB, 100 %, 556.79 W, 1980 MHz
2026/09/28 00:26:17.552, 4, 78921 MiB, 100 %, 551.18 W, 1980 MHz
2026/09/28 00:26:17.553, 5, 78921 MiB, 100 %, 553.95 W, 1980 MHz
2026/09/28 00:26:17.554, 6, 78921 MiB, 100 %, 574.98 W, 1980 MHz
2026/09/28 00:26:17.554, 7, 78921 MiB, 100 %, 547.67 W, 1980 MHz
2026/09/28 00:26:18.555, 0, 78921 MiB, 100 %, 529.21 W, 1800 MHz
2026/09/28 00:26:18.556, 1, 78921 MiB, 100 %, 590.16 W, 1980 MHz
2026/09/28 00:26:18.556, 2, 78921 MiB, 100 %, 580.08 W, 1980 MHz
2026/09/28 00:26:18.557, 3, 78921 MiB, 100 %, 556.49 W, 1980 MHz
2026/09/28 00:26:18.558, 4, 78921 MiB, 100 %, 545.44 W, 1980 MHz
2026/09/28 00:26:18.558, 5, 78921 MiB, 100 %, 563.03 W, 1980 MHz
2026/09/28 00:26:18.559, 6, 78921 MiB, 100 %, 578.15 W, 1980 MHz
2026/09/28 00:26:18.559, 7, 78921 MiB, 100 %, 552.86 W, 1980 MHz
2026/09/28 00:26:19.560, 0, 78921 MiB, 100 %, 536.11 W, 1755 MHz
2026/09/28 00:26:19.561, 1, 78921 MiB, 100 %, 572.81 W, 1980 MHz
2026/09/28 00:26:19.562, 2, 78921 MiB, 100 %, 550.26 W, 1980 MHz
2026/09/28 00:26:19.562, 3, 78921 MiB, 100 %, 534.27 W, 1980 MHz
2026/09/28 00:26:19.563, 4, 78921 MiB, 100 %, 539.27 W, 1980 MHz
2026/09/28 00:26:19.563, 5, 78921 MiB, 100 %, 539.14 W, 1980 MHz
2026/09/28 00:26:19.564, 6, 78921 MiB, 100 %, 563.16 W, 1980 MHz
2026/09/28 00:26:19.565, 7, 78921 MiB, 100 %, 536.14 W, 1980 MHz
2026/09/28 00:26:20.565, 0, 78921 MiB, 100 %, 538.95 W, 1575 MHz
2026/09/28 00:26:20.566, 1, 78921 MiB, 100 %, 592.69 W, 1980 MHz
2026/09/28 00:26:20.567, 2, 78921 MiB, 100 %, 564.92 W, 1980 MHz
2026/09/28 00:26:20.567, 3, 78921 MiB, 100 %, 555.31 W, 1980 MHz
2026/09/28 00:26:20.568, 4, 78921 MiB, 100 %, 547.68 W, 1980 MHz
2026/09/28 00:26:20.569, 5, 78921 MiB, 100 %, 565.05 W, 1980 MHz
2026/09/28 00:26:20.569, 6, 78921 MiB, 100 %, 576.02 W, 1980 MHz
2026/09/28 00:26:20.570, 7, 78921 MiB, 100 %, 557.95 W, 1980 MHz
2026/09/28 00:26:21.571, 0, 78921 MiB, 100 %, 468.52 W, 1965 MHz
2026/09/28 00:26:21.572, 1, 78921 MiB, 100 %, 462.45 W, 1980 MHz
2026/09/28 00:26:21.573, 2, 78921 MiB, 100 %, 466.42 W, 1980 MHz
2026/09/28 00:26:21.573, 3, 78921 MiB, 100 %, 447.16 W, 1980 MHz
2026/09/28 00:26:21.574, 4, 78921 MiB, 100 %, 449.26 W, 1980 MHz
2026/09/28 00:26:21.574, 5, 78921 MiB, 99 %, 469.07 W, 1980 MHz
2026/09/28 00:26:21.575, 6, 78921 MiB, 100 %, 456.80 W, 1980 MHz
2026/09/28 00:26:21.576, 7, 78921 MiB, 100 %, 440.74 W, 1980 MHz
2026/09/28 00:26:22.576, 0, 78921 MiB, 100 %, 384.26 W, 1980 MHz
2026/09/28 00:26:22.578, 1, 78921 MiB, 100 %, 324.64 W, 1980 MHz
2026/09/28 00:26:22.578, 2, 78921 MiB, 100 %, 337.32 W, 1980 MHz
2026/09/28 00:26:22.579, 3, 78921 MiB, 100 %, 334.01 W, 1980 MHz
2026/09/28 00:26:22.580, 4, 78921 MiB, 100 %, 324.67 W, 1980 MHz
2026/09/28 00:26:22.580, 5, 78921 MiB, 100 %, 333.55 W, 1980 MHz
2026/09/28 00:26:22.581, 6, 78921 MiB, 100 %, 328.79 W, 1980 MHz
2026/09/28 00:26:22.582, 7, 78921 MiB, 100 %, 316.56 W, 1980 MHz
2026/09/28 00:26:23.582, 0, 78921 MiB, 100 %, 471.39 W, 1950 MHz
2026/09/28 00:26:23.583, 1, 78921 MiB, 100 %, 413.85 W, 1980 MHz
2026/09/28 00:26:23.584, 2, 78921 MiB, 100 %, 405.78 W, 1980 MHz
2026/09/28 00:26:23.585, 3, 78921 MiB, 100 %, 416.36 W, 1980 MHz
2026/09/28 00:26:23.585, 4, 78921 MiB, 100 %, 401.84 W, 1980 MHz
2026/09/28 00:26:23.586, 5, 78921 MiB, 100 %, 405.74 W, 1980 MHz
2026/09/28 00:26:23.587, 6, 78921 MiB, 100 %, 411.64 W, 1980 MHz
2026/09/28 00:26:23.587, 7, 78921 MiB, 100 %, 389.38 W, 1980 MHz
2026/09/28 00:26:24.588, 0, 78921 MiB, 100 %, 529.79 W, 1680 MHz
2026/09/28 00:26:24.589, 1, 78921 MiB, 100 %, 576.37 W, 1980 MHz
2026/09/28 00:26:24.590, 2, 78921 MiB, 100 %, 554.45 W, 1980 MHz
2026/09/28 00:26:24.590, 3, 78921 MiB, 100 %, 536.13 W, 1980 MHz
2026/09/28 00:26:24.591, 4, 78921 MiB, 100 %, 532.38 W, 1980 MHz
2026/09/28 00:26:24.592, 5, 78921 MiB, 100 %, 540.16 W, 1980 MHz
2026/09/28 00:26:24.592, 6, 78921 MiB, 100 %, 563.72 W, 1980 MHz
2026/09/28 00:26:24.593, 7, 78921 MiB, 100 %, 538.74 W, 1980 MHz
2026/09/28 00:26:25.594, 0, 78921 MiB, 100 %, 523.05 W, 1680 MHz
2026/09/28 00:26:25.595, 1, 78921 MiB, 100 %, 580.64 W, 1980 MHz
2026/09/28 00:26:25.596, 2, 78921 MiB, 100 %, 560.45 W, 1980 MHz
2026/09/28 00:26:25.597, 3, 78921 MiB, 100 %, 552.47 W, 1980 MHz
2026/09/28 00:26:25.597, 4, 78921 MiB, 100 %, 555.12 W, 1980 MHz
2026/09/28 00:26:25.598, 5, 78921 MiB, 100 %, 558.36 W, 1980 MHz
2026/09/28 00:26:25.598, 6, 78921 MiB, 100 %, 569.44 W, 1980 MHz
2026/09/28 00:26:25.599, 7, 78921 MiB, 100 %, 547.40 W, 1980 MHz
2026/09/28 00:26:26.600, 0, 78921 MiB, 100 %, 532.17 W, 1725 MHz
2026/09/28 00:26:26.601, 1, 78921 MiB, 100 %, 574.42 W, 1980 MHz
2026/09/28 00:26:26.601, 2, 78921 MiB, 100 %, 550.75 W, 1980 MHz
2026/09/28 00:26:26.602, 3, 78921 MiB, 100 %, 538.73 W, 1980 MHz
2026/09/28 00:26:26.603, 4, 78921 MiB, 100 %, 541.88 W, 1980 MHz
2026/09/28 00:26:26.603, 5, 78921 MiB, 100 %, 548.05 W, 1980 MHz
2026/09/28 00:26:26.604, 6, 78921 MiB, 100 %, 559.64 W, 1980 MHz
2026/09/28 00:26:26.604, 7, 78921 MiB, 100 %, 541.50 W, 1980 MHz
2026/09/28 00:26:27.605, 0, 78921 MiB, 100 %, 537.02 W, 1740 MHz
2026/09/28 00:26:27.606, 1, 78921 MiB, 100 %, 583.05 W, 1980 MHz
2026/09/28 00:26:27.607, 2, 78921 MiB, 100 %, 556.59 W, 1980 MHz
2026/09/28 00:26:27.607, 3, 78921 MiB, 100 %, 552.66 W, 1980 MHz
2026/09/28 00:26:27.608, 4, 78921 MiB, 100 %, 548.26 W, 1980 MHz
2026/09/28 00:26:27.608, 5, 78921 MiB, 100 %, 557.54 W, 1980 MHz
2026/09/28 00:26:27.609, 6, 78921 MiB, 100 %, 576.41 W, 1980 MHz
2026/09/28 00:26:27.610, 7, 78921 MiB, 100 %, 555.47 W, 1980 MHz
2026/09/28 00:26:28.611, 0, 78921 MiB, 100 %, 548.51 W, 1725 MHz
2026/09/28 00:26:28.611, 1, 78921 MiB, 100 %, 587.15 W, 1980 MHz
2026/09/28 00:26:28.612, 2, 78921 MiB, 100 %, 574.48 W, 1980 MHz
2026/09/28 00:26:28.613, 3, 78921 MiB, 100 %, 557.09 W, 1980 MHz
2026/09/28 00:26:28.613, 4, 78921 MiB, 100 %, 558.05 W, 1980 MHz
2026/09/28 00:26:28.614, 5, 78921 MiB, 100 %, 566.53 W, 1980 MHz
2026/09/28 00:26:28.615, 6, 78921 MiB, 100 %, 586.44 W, 1980 MHz
2026/09/28 00:26:28.615, 7, 78921 MiB, 100 %, 551.44 W, 1980 MHz
2026/09/28 00:26:29.616, 0, 78921 MiB, 100 %, 547.23 W, 1800 MHz
2026/09/28 00:26:29.617, 1, 78921 MiB, 100 %, 574.45 W, 1980 MHz
2026/09/28 00:26:29.618, 2, 78921 MiB, 100 %, 546.62 W, 1980 MHz
2026/09/28 00:26:29.618, 3, 78921 MiB, 100 %, 548.17 W, 1980 MHz
2026/09/28 00:26:29.619, 4, 78921 MiB, 100 %, 525.61 W, 1980 MHz
2026/09/28 00:26:29.620, 5, 78921 MiB, 100 %, 546.74 W, 1980 MHz
2026/09/28 00:26:29.620, 6, 78921 MiB, 100 %, 557.23 W, 1980 MHz
2026/09/28 00:26:29.621, 7, 78921 MiB, 100 %, 540.98 W, 1980 MHz
2026/09/28 00:26:30.622, 0, 78921 MiB, 100 %, 544.81 W, 1710 MHz
2026/09/28 00:26:30.622, 1, 78921 MiB, 100 %, 591.24 W, 1980 MHz
2026/09/28 00:26:30.623, 2, 78921 MiB, 100 %, 563.11 W, 1980 MHz
2026/09/28 00:26:30.624, 3, 78921 MiB, 100 %, 556.62 W, 1980 MHz
2026/09/28 00:26:30.624, 4, 78921 MiB, 100 %, 548.69 W, 1980 MHz
2026/09/28 00:26:30.625, 5, 78921 MiB, 100 %, 552.83 W, 1980 MHz
2026/09/28 00:26:30.625, 6, 78921 MiB, 100 %, 569.47 W, 1980 MHz
2026/09/28 00:26:30.626, 7, 78921 MiB, 100 %, 549.19 W, 1980 MHz
2026/09/28 00:26:31.627, 0, 78921 MiB, 100 %, 526.71 W, 1770 MHz
2026/09/28 00:26:31.628, 1, 78921 MiB, 100 %, 584.33 W, 1980 MHz
2026/09/28 00:26:31.628, 2, 78921 MiB, 100 %, 574.21 W, 1980 MHz
2026/09/28 00:26:31.629, 3, 78921 MiB, 100 %, 555.22 W, 1980 MHz
2026/09/28 00:26:31.630, 4, 78921 MiB, 100 %, 549.29 W, 1980 MHz
2026/09/28 00:26:31.630, 5, 78921 MiB, 100 %, 566.50 W, 1980 MHz
2026/09/28 00:26:31.631, 6, 78921 MiB, 100 %, 575.30 W, 1980 MHz
2026/09/28 00:26:31.632, 7, 78921 MiB, 100 %, 550.66 W, 1980 MHz
2026/09/28 00:26:32.632, 0, 78921 MiB, 100 %, 534.32 W, 1695 MHz
2026/09/28 00:26:32.635, 1, 78921 MiB, 100 %, 573.03 W, 1980 MHz
2026/09/28 00:26:32.637, 2, 78921 MiB, 100 %, 546.66 W, 1980 MHz
2026/09/28 00:26:32.639, 3, 78921 MiB, 100 %, 540.65 W, 1980 MHz
2026/09/28 00:26:32.641, 4, 78921 MiB, 100 %, 540.68 W, 1980 MHz
2026/09/28 00:26:32.642, 5, 78921 MiB, 100 %, 536.43 W, 1980 MHz
2026/09/28 00:26:32.643, 6, 78921 MiB, 100 %, 554.81 W, 1980 MHz
2026/09/28 00:26:32.644, 7, 78921 MiB, 100 %, 533.40 W, 1980 MHz
2026/09/28 00:26:33.647, 0, 78921 MiB, 100 %, 521.99 W, 1620 MHz
2026/09/28 00:26:33.648, 1, 78921 MiB, 100 %, 584.91 W, 1980 MHz
2026/09/28 00:26:33.649, 2, 78921 MiB, 100 %, 562.02 W, 1980 MHz
2026/09/28 00:26:33.649, 3, 78921 MiB, 100 %, 551.42 W, 1980 MHz
2026/09/28 00:26:33.650, 4, 78921 MiB, 100 %, 548.94 W, 1980 MHz
2026/09/28 00:26:33.651, 5, 78921 MiB, 100 %, 556.88 W, 1980 MHz
2026/09/28 00:26:33.651, 6, 78921 MiB, 100 %, 575.95 W, 1980 MHz
2026/09/28 00:26:33.652, 7, 78921 MiB, 100 %, 547.47 W, 1980 MHz
2026/09/28 00:26:34.652, 0, 78921 MiB, 100 %, 525.52 W, 1815 MHz
2026/09/28 00:26:34.653, 1, 78921 MiB, 100 %, 578.46 W, 1980 MHz
2026/09/28 00:26:34.654, 2, 78921 MiB, 100 %, 565.99 W, 1980 MHz
2026/09/28 00:26:34.654, 3, 78921 MiB, 100 %, 549.69 W, 1980 MHz
2026/09/28 00:26:34.655, 4, 78921 MiB, 100 %, 547.22 W, 1980 MHz
2026/09/28 00:26:34.656, 5, 78921 MiB, 100 %, 558.10 W, 1980 MHz
2026/09/28 00:26:34.656, 6, 78921 MiB, 100 %, 573.98 W, 1980 MHz
2026/09/28 00:26:34.657, 7, 78921 MiB, 100 %, 545.41 W, 1980 MHz
2026/09/28 00:26:35.658, 0, 78921 MiB, 100 %, 532.57 W, 1665 MHz
2026/09/28 00:26:35.659, 1, 78921 MiB, 100 %, 575.00 W, 1980 MHz
2026/09/28 00:26:35.659, 2, 78921 MiB, 100 %, 547.34 W, 1980 MHz
2026/09/28 00:26:35.660, 3, 78921 MiB, 100 %, 545.23 W, 1980 MHz
2026/09/28 00:26:35.661, 4, 78921 MiB, 100 %, 538.92 W, 1980 MHz
2026/09/28 00:26:35.661, 5, 78921 MiB, 100 %, 548.49 W, 1980 MHz
2026/09/28 00:26:35.662, 6, 78921 MiB, 100 %, 555.88 W, 1980 MHz
2026/09/28 00:26:35.662, 7, 78921 MiB, 100 %, 538.84 W, 1980 MHz
2026/09/28 00:26:36.663, 0, 78921 MiB, 100 %, 532.59 W, 1650 MHz
2026/09/28 00:26:36.664, 1, 78921 MiB, 100 %, 594.99 W, 1980 MHz
2026/09/28 00:26:36.665, 2, 78921 MiB, 100 %, 576.05 W, 1980 MHz
2026/09/28 00:26:36.666, 3, 78921 MiB, 100 %, 562.65 W, 1980 MHz
2026/09/28 00:26:36.666, 4, 78921 MiB, 100 %, 548.72 W, 1980 MHz
2026/09/28 00:26:36.667, 5, 78921 MiB, 100 %, 563.26 W, 1980 MHz
2026/09/28 00:26:36.667, 6, 78921 MiB, 100 %, 577.78 W, 1980 MHz
2026/09/28 00:26:36.668, 7, 78921 MiB, 100 %, 550.64 W, 1980 MHz
2026/09/28 00:26:37.669, 0, 78921 MiB, 100 %, 537.09 W, 1770 MHz
2026/09/28 00:26:37.670, 1, 78921 MiB, 100 %, 578.38 W, 1980 MHz
2026/09/28 00:26:37.671, 2, 78921 MiB, 100 %, 560.78 W, 1980 MHz
2026/09/28 00:26:37.671, 3, 78921 MiB, 100 %, 546.12 W, 1980 MHz
2026/09/28 00:26:37.672, 4, 78921 MiB, 100 %, 542.69 W, 1980 MHz
2026/09/28 00:26:37.672, 5, 78921 MiB, 100 %, 552.07 W, 1980 MHz
2026/09/28 00:26:37.673, 6, 78921 MiB, 100 %, 571.22 W, 1980 MHz
2026/09/28 00:26:37.673, 7, 78921 MiB, 100 %, 552.71 W, 1980 MHz
2026/09/28 00:26:38.674, 0, 78921 MiB, 100 %, 538.76 W, 1590 MHz
2026/09/28 00:26:38.675, 1, 78921 MiB, 100 %, 576.22 W, 1980 MHz
2026/09/28 00:26:38.676, 2, 78921 MiB, 100 %, 558.64 W, 1980 MHz
2026/09/28 00:26:38.676, 3, 78921 MiB, 100 %, 542.48 W, 1980 MHz
2026/09/28 00:26:38.677, 4, 78921 MiB, 100 %, 556.63 W, 1980 MHz
2026/09/28 00:26:38.678, 5, 78921 MiB, 100 %, 562.89 W, 1980 MHz
2026/09/28 00:26:38.678, 6, 78921 MiB, 100 %, 570.56 W, 1980 MHz
2026/09/28 00:26:38.679, 7, 78921 MiB, 100 %, 544.37 W, 1980 MHz
2026/09/28 00:26:39.679, 0, 78921 MiB, 100 %, 534.76 W, 1605 MHz
2026/09/28 00:26:39.680, 1, 78921 MiB, 100 %, 585.81 W, 1980 MHz
2026/09/28 00:26:39.681, 2, 78921 MiB, 100 %, 568.91 W, 1980 MHz
2026/09/28 00:26:39.682, 3, 78921 MiB, 100 %, 557.02 W, 1980 MHz
2026/09/28 00:26:39.682, 4, 78921 MiB, 100 %, 555.37 W, 1980 MHz
2026/09/28 00:26:39.683, 5, 78921 MiB, 100 %, 572.40 W, 1980 MHz
2026/09/28 00:26:39.684, 6, 78921 MiB, 100 %, 576.41 W, 1980 MHz
2026/09/28 00:26:39.684, 7, 78921 MiB, 100 %, 548.55 W, 1980 MHz
2026/09/28 00:26:40.685, 0, 78921 MiB, 100 %, 533.40 W, 1800 MHz
2026/09/28 00:26:40.686, 1, 78921 MiB, 100 %, 568.27 W, 1980 MHz
2026/09/28 00:26:40.687, 2, 78921 MiB, 100 %, 550.38 W, 1980 MHz
2026/09/28 00:26:40.687, 3, 78921 MiB, 100 %, 541.53 W, 1980 MHz
2026/09/28 00:26:40.688, 4, 78921 MiB, 100 %, 537.44 W, 1980 MHz
2026/09/28 00:26:40.688, 5, 78921 MiB, 100 %, 546.80 W, 1980 MHz
2026/09/28 00:26:40.689, 6, 78921 MiB, 100 %, 559.13 W, 1980 MHz
2026/09/28 00:26:40.690, 7, 78921 MiB, 100 %, 544.26 W, 1980 MHz
2026/09/28 00:26:41.690, 0, 78921 MiB, 100 %, 531.25 W, 1740 MHz
2026/09/28 00:26:41.691, 1, 78921 MiB, 100 %, 589.98 W, 1980 MHz
2026/09/28 00:26:41.692, 2, 78921 MiB, 100 %, 565.33 W, 1980 MHz
2026/09/28 00:26:41.693, 3, 78921 MiB, 100 %, 552.33 W, 1980 MHz
2026/09/28 00:26:41.693, 4, 78921 MiB, 100 %, 547.04 W, 1980 MHz
2026/09/28 00:26:41.694, 5, 78921 MiB, 100 %, 562.09 W, 1980 MHz
2026/09/28 00:26:41.694, 6, 78921 MiB, 100 %, 564.71 W, 1980 MHz
2026/09/28 00:26:41.695, 7, 78921 MiB, 100 %, 557.70 W, 1980 MHz
2026/09/28 00:26:42.696, 0, 78921 MiB, 100 %, 537.42 W, 1770 MHz
2026/09/28 00:26:42.697, 1, 78921 MiB, 100 %, 589.02 W, 1980 MHz
2026/09/28 00:26:42.697, 2, 78921 MiB, 100 %, 561.35 W, 1980 MHz
2026/09/28 00:26:42.698, 3, 78921 MiB, 100 %, 565.28 W, 1980 MHz
2026/09/28 00:26:42.699, 4, 78921 MiB, 100 %, 554.27 W, 1980 MHz
2026/09/28 00:26:42.699, 5, 78921 MiB, 100 %, 561.13 W, 1980 MHz
2026/09/28 00:26:42.700, 6, 78921 MiB, 100 %, 575.95 W, 1980 MHz
2026/09/28 00:26:42.700, 7, 78921 MiB, 100 %, 551.10 W, 1980 MHz
2026/09/28 00:26:43.701, 0, 78921 MiB, 100 %, 539.23 W, 1740 MHz
2026/09/28 00:26:43.702, 1, 78921 MiB, 100 %, 573.09 W, 1980 MHz
2026/09/28 00:26:43.702, 2, 78921 MiB, 100 %, 554.40 W, 1980 MHz
2026/09/28 00:26:43.703, 3, 78921 MiB, 100 %, 538.11 W, 1980 MHz
2026/09/28 00:26:43.704, 4, 78921 MiB, 100 %, 528.48 W, 1980 MHz
2026/09/28 00:26:43.704, 5, 78921 MiB, 100 %, 553.91 W, 1980 MHz
2026/09/28 00:26:43.705, 6, 78921 MiB, 100 %, 552.19 W, 1980 MHz
2026/09/28 00:26:43.705, 7, 78921 MiB, 100 %, 537.44 W, 1980 MHz
2026/09/28 00:26:44.706, 0, 78921 MiB, 100 %, 528.42 W, 1725 MHz
2026/09/28 00:26:44.707, 1, 78921 MiB, 100 %, 582.52 W, 1980 MHz
2026/09/28 00:26:44.707, 2, 78921 MiB, 100 %, 564.28 W, 1980 MHz
2026/09/28 00:26:44.708, 3, 78921 MiB, 100 %, 552.27 W, 1980 MHz
2026/09/28 00:26:44.709, 4, 78921 MiB, 100 %, 554.26 W, 1980 MHz
2026/09/28 00:26:44.709, 5, 78921 MiB, 100 %, 562.11 W, 1980 MHz
2026/09/28 00:26:44.710, 6, 78921 MiB, 100 %, 576.89 W, 1980 MHz
2026/09/28 00:26:44.710, 7, 78921 MiB, 100 %, 552.56 W, 1980 MHz
2026/09/28 00:26:45.711, 0, 78921 MiB, 100 %, 459.93 W, 1980 MHz
2026/09/28 00:26:45.712, 1, 78921 MiB, 100 %, 480.38 W, 1980 MHz
2026/09/28 00:26:45.713, 2, 78921 MiB, 100 %, 459.29 W, 1980 MHz
2026/09/28 00:26:45.713, 3, 78921 MiB, 100 %, 453.99 W, 1980 MHz
2026/09/28 00:26:45.714, 4, 78921 MiB, 100 %, 467.33 W, 1980 MHz
2026/09/28 00:26:45.714, 5, 78921 MiB, 100 %, 461.65 W, 1980 MHz
2026/09/28 00:26:45.715, 6, 78921 MiB, 100 %, 474.88 W, 1980 MHz
2026/09/28 00:26:45.715, 7, 78921 MiB, 100 %, 465.55 W, 1980 MHz
2026/09/28 00:26:46.716, 0, 78921 MiB, 100 %, 395.14 W, 1980 MHz
2026/09/28 00:26:46.717, 1, 78921 MiB, 100 %, 335.77 W, 1980 MHz
2026/09/28 00:26:46.718, 2, 78921 MiB, 100 %, 331.56 W, 1980 MHz
2026/09/28 00:26:46.718, 3, 78921 MiB, 100 %, 331.79 W, 1980 MHz
2026/09/28 00:26:46.719, 4, 78921 MiB, 100 %, 322.46 W, 1980 MHz
2026/09/28 00:26:46.720, 5, 78921 MiB, 100 %, 329.41 W, 1980 MHz
2026/09/28 00:26:46.720, 6, 78921 MiB, 100 %, 328.53 W, 1980 MHz
2026/09/28 00:26:46.721, 7, 78921 MiB, 100 %, 324.07 W, 1980 MHz
2026/09/28 00:26:47.722, 0, 78921 MiB, 100 %, 479.87 W, 1980 MHz
2026/09/28 00:26:47.723, 1, 78921 MiB, 100 %, 414.69 W, 1980 MHz
2026/09/28 00:26:47.723, 2, 78921 MiB, 100 %, 413.22 W, 1980 MHz
2026/09/28 00:26:47.724, 3, 78921 MiB, 100 %, 404.82 W, 1980 MHz
2026/09/28 00:26:47.725, 4, 78921 MiB, 100 %, 388.63 W, 1980 MHz
2026/09/28 00:26:47.726, 5, 78921 MiB, 100 %, 413.64 W, 1980 MHz
2026/09/28 00:26:47.726, 6, 78921 MiB, 100 %, 401.83 W, 1980 MHz
2026/09/28 00:26:47.727, 7, 78921 MiB, 100 %, 391.66 W, 1980 MHz
2026/09/28 00:26:48.728, 0, 78921 MiB, 100 %, 549.16 W, 1785 MHz
2026/09/28 00:26:48.729, 1, 78921 MiB, 100 %, 578.09 W, 1980 MHz
2026/09/28 00:26:48.729, 2, 78921 MiB, 100 %, 551.11 W, 1980 MHz
2026/09/28 00:26:48.730, 3, 78921 MiB, 100 %, 552.35 W, 1980 MHz
2026/09/28 00:26:48.730, 4, 78921 MiB, 100 %, 543.85 W, 1980 MHz
2026/09/28 00:26:48.731, 5, 78921 MiB, 100 %, 544.95 W, 1980 MHz
2026/09/28 00:26:48.732, 6, 78921 MiB, 100 %, 573.94 W, 1980 MHz
2026/09/28 00:26:48.732, 7, 78921 MiB, 100 %, 542.96 W, 1980 MHz
2026/09/28 00:26:49.733, 0, 78921 MiB, 100 %, 539.56 W, 1545 MHz
2026/09/28 00:26:49.734, 1, 78921 MiB, 100 %, 587.61 W, 1980 MHz
2026/09/28 00:26:49.734, 2, 78921 MiB, 100 %, 562.57 W, 1980 MHz
2026/09/28 00:26:49.735, 3, 78921 MiB, 100 %, 549.10 W, 1980 MHz
2026/09/28 00:26:49.736, 4, 78921 MiB, 100 %, 555.97 W, 1980 MHz
2026/09/28 00:26:49.736, 5, 78921 MiB, 100 %, 570.89 W, 1980 MHz
2026/09/28 00:26:49.737, 6, 78921 MiB, 100 %, 569.71 W, 1980 MHz
2026/09/28 00:26:49.737, 7, 78921 MiB, 100 %, 550.53 W, 1980 MHz
2026/09/28 00:26:50.738, 0, 78921 MiB, 100 %, 525.96 W, 1680 MHz
2026/09/28 00:26:50.739, 1, 78921 MiB, 100 %, 573.68 W, 1980 MHz
2026/09/28 00:26:50.739, 2, 78921 MiB, 100 %, 554.20 W, 1980 MHz
2026/09/28 00:26:50.740, 3, 78921 MiB, 100 %, 548.00 W, 1980 MHz
2026/09/28 00:26:50.741, 4, 78921 MiB, 100 %, 537.25 W, 1980 MHz
2026/09/28 00:26:50.741, 5, 78921 MiB, 100 %, 543.97 W, 1980 MHz
2026/09/28 00:26:50.742, 6, 78921 MiB, 100 %, 562.64 W, 1980 MHz
2026/09/28 00:26:50.742, 7, 78921 MiB, 100 %, 541.05 W, 1980 MHz
2026/09/28 00:26:51.743, 0, 78921 MiB, 100 %, 533.71 W, 1680 MHz
2026/09/28 00:26:51.744, 1, 78921 MiB, 100 %, 570.71 W, 1980 MHz
2026/09/28 00:26:51.745, 2, 78921 MiB, 100 %, 555.96 W, 1980 MHz
2026/09/28 00:26:51.745, 3, 78921 MiB, 100 %, 544.44 W, 1980 MHz
2026/09/28 00:26:51.746, 4, 78921 MiB, 100 %, 544.11 W, 1980 MHz
2026/09/28 00:26:51.746, 5, 78921 MiB, 100 %, 556.49 W, 1980 MHz
2026/09/28 00:26:51.747, 6, 78921 MiB, 100 %, 563.61 W, 1980 MHz
2026/09/28 00:26:51.748, 7, 78921 MiB, 100 %, 540.36 W, 1980 MHz
2026/09/28 00:26:52.748, 0, 78921 MiB, 100 %, 539.41 W, 1740 MHz
2026/09/28 00:26:52.749, 1, 78921 MiB, 100 %, 590.79 W, 1980 MHz
2026/09/28 00:26:52.750, 2, 78921 MiB, 100 %, 567.46 W, 1980 MHz
2026/09/28 00:26:52.751, 3, 78921 MiB, 100 %, 553.42 W, 1980 MHz
2026/09/28 00:26:52.751, 4, 78921 MiB, 100 %, 561.69 W, 1980 MHz
2026/09/28 00:26:52.752, 5, 78921 MiB, 100 %, 573.96 W, 1980 MHz
2026/09/28 00:26:52.753, 6, 78921 MiB, 100 %, 581.72 W, 1980 MHz
2026/09/28 00:26:52.753, 7, 78921 MiB, 100 %, 550.46 W, 1980 MHz
2026/09/28 00:26:53.754, 0, 78921 MiB, 100 %, 535.28 W, 1680 MHz
2026/09/28 00:26:53.755, 1, 78921 MiB, 100 %, 567.56 W, 1980 MHz
2026/09/28 00:26:53.755, 2, 78921 MiB, 100 %, 558.61 W, 1980 MHz
2026/09/28 00:26:53.756, 3, 78921 MiB, 100 %, 540.83 W, 1980 MHz
2026/09/28 00:26:53.757, 4, 78921 MiB, 100 %, 540.82 W, 1980 MHz
2026/09/28 00:26:53.757, 5, 78921 MiB, 100 %, 546.42 W, 1980 MHz
2026/09/28 00:26:53.758, 6, 78921 MiB, 100 %, 557.45 W, 1980 MHz
2026/09/28 00:26:53.759, 7, 78921 MiB, 100 %, 534.08 W, 1980 MHz
2026/09/28 00:26:54.759, 0, 78921 MiB, 100 %, 541.24 W, 1620 MHz
2026/09/28 00:26:54.760, 1, 78921 MiB, 100 %, 579.60 W, 1980 MHz
2026/09/28 00:26:54.761, 2, 78921 MiB, 100 %, 562.55 W, 1980 MHz
2026/09/28 00:26:54.762, 3, 78921 MiB, 100 %, 551.57 W, 1980 MHz
2026/09/28 00:26:54.762, 4, 78921 MiB, 100 %, 557.92 W, 1980 MHz
2026/09/28 00:26:54.763, 5, 78921 MiB, 100 %, 557.38 W, 1980 MHz
2026/09/28 00:26:54.764, 6, 78921 MiB, 100 %, 569.26 W, 1980 MHz
2026/09/28 00:26:54.764, 7, 78921 MiB, 100 %, 542.71 W, 1980 MHz
2026/09/28 00:26:55.765, 0, 78921 MiB, 100 %, 567.51 W, 1785 MHz
2026/09/28 00:26:55.766, 1, 78921 MiB, 100 %, 589.24 W, 1980 MHz
2026/09/28 00:26:55.767, 2, 78921 MiB, 100 %, 577.09 W, 1980 MHz
2026/09/28 00:26:55.767, 3, 78921 MiB, 100 %, 559.09 W, 1980 MHz
2026/09/28 00:26:55.768, 4, 78921 MiB, 100 %, 558.74 W, 1980 MHz
2026/09/28 00:26:55.769, 5, 78921 MiB, 100 %, 577.79 W, 1980 MHz
2026/09/28 00:26:55.769, 6, 78921 MiB, 100 %, 583.60 W, 1980 MHz
2026/09/28 00:26:55.770, 7, 78921 MiB, 100 %, 561.70 W, 1980 MHz
2026/09/28 00:26:56.771, 0, 78921 MiB, 100 %, 538.15 W, 1620 MHz
2026/09/28 00:26:56.772, 1, 78921 MiB, 100 %, 568.81 W, 1980 MHz
2026/09/28 00:26:56.772, 2, 78921 MiB, 100 %, 544.60 W, 1980 MHz
2026/09/28 00:26:56.773, 3, 78921 MiB, 100 %, 536.64 W, 1980 MHz
2026/09/28 00:26:56.774, 4, 78921 MiB, 100 %, 535.04 W, 1980 MHz
2026/09/28 00:26:56.774, 5, 78921 MiB, 100 %, 536.71 W, 1980 MHz
2026/09/28 00:26:56.775, 6, 78921 MiB, 100 %, 554.77 W, 1980 MHz
2026/09/28 00:26:56.775, 7, 78921 MiB, 100 %, 531.30 W, 1980 MHz
2026/09/28 00:26:57.776, 0, 78921 MiB, 100 %, 518.65 W, 1665 MHz
2026/09/28 00:26:57.777, 1, 78921 MiB, 100 %, 583.51 W, 1980 MHz
2026/09/28 00:26:57.778, 2, 78921 MiB, 100 %, 561.42 W, 1980 MHz
2026/09/28 00:26:57.779, 3, 78921 MiB, 100 %, 549.43 W, 1980 MHz
2026/09/28 00:26:57.779, 4, 78921 MiB, 100 %, 552.44 W, 1980 MHz
2026/09/28 00:26:57.780, 5, 78921 MiB, 100 %, 557.88 W, 1980 MHz
2026/09/28 00:26:57.780, 6, 78921 MiB, 100 %, 562.67 W, 1980 MHz
2026/09/28 00:26:57.781, 7, 78921 MiB, 100 %, 548.11 W, 1980 MHz
2026/09/28 00:26:58.782, 0, 78921 MiB, 100 %, 525.10 W, 1890 MHz
2026/09/28 00:26:58.782, 1, 78921 MiB, 100 %, 576.52 W, 1980 MHz
2026/09/28 00:26:58.783, 2, 78921 MiB, 100 %, 561.98 W, 1980 MHz
2026/09/28 00:26:58.784, 3, 78921 MiB, 100 %, 546.87 W, 1980 MHz
2026/09/28 00:26:58.784, 4, 78921 MiB, 100 %, 543.35 W, 1980 MHz
2026/09/28 00:26:58.785, 5, 78921 MiB, 100 %, 556.19 W, 1980 MHz
2026/09/28 00:26:58.786, 6, 78921 MiB, 100 %, 569.50 W, 1980 MHz
2026/09/28 00:26:58.786, 7, 78921 MiB, 100 %, 541.54 W, 1980 MHz
2026/09/28 00:26:59.787, 0, 78921 MiB, 100 %, 539.27 W, 1665 MHz
2026/09/28 00:26:59.788, 1, 78921 MiB, 100 %, 567.80 W, 1980 MHz
2026/09/28 00:26:59.788, 2, 78921 MiB, 100 %, 549.91 W, 1980 MHz
2026/09/28 00:26:59.789, 3, 78921 MiB, 100 %, 535.37 W, 1980 MHz
2026/09/28 00:26:59.789, 4, 78921 MiB, 100 %, 543.34 W, 1980 MHz
2026/09/28 00:26:59.790, 5, 78921 MiB, 100 %, 543.45 W, 1980 MHz
2026/09/28 00:26:59.791, 6, 78921 MiB, 100 %, 567.24 W, 1980 MHz
2026/09/28 00:26:59.791, 7, 78921 MiB, 100 %, 538.68 W, 1980 MHz
2026/09/28 00:27:00.792, 0, 78921 MiB, 100 %, 538.07 W, 1590 MHz
2026/09/28 00:27:00.793, 1, 78921 MiB, 100 %, 584.08 W, 1980 MHz
2026/09/28 00:27:00.794, 2, 78921 MiB, 100 %, 556.19 W, 1980 MHz
2026/09/28 00:27:00.794, 3, 78921 MiB, 100 %, 557.36 W, 1980 MHz
2026/09/28 00:27:00.795, 4, 78921 MiB, 100 %, 555.04 W, 1980 MHz
2026/09/28 00:27:00.796, 5, 78921 MiB, 100 %, 563.99 W, 1980 MHz
2026/09/28 00:27:00.796, 6, 78921 MiB, 100 %, 579.05 W, 1980 MHz
2026/09/28 00:27:00.797, 7, 78921 MiB, 100 %, 555.07 W, 1980 MHz
2026/09/28 00:27:01.797, 0, 78921 MiB, 100 %, 533.36 W, 1725 MHz
2026/09/28 00:27:01.798, 1, 78921 MiB, 100 %, 577.73 W, 1980 MHz
2026/09/28 00:27:01.799, 2, 78921 MiB, 100 %, 553.18 W, 1980 MHz
2026/09/28 00:27:01.800, 3, 78921 MiB, 100 %, 544.52 W, 1980 MHz
2026/09/28 00:27:01.800, 4, 78921 MiB, 100 %, 541.32 W, 1980 MHz
2026/09/28 00:27:01.801, 5, 78921 MiB, 100 %, 553.38 W, 1980 MHz
2026/09/28 00:27:01.802, 6, 78921 MiB, 100 %, 551.19 W, 1980 MHz
2026/09/28 00:27:01.802, 7, 78921 MiB, 100 %, 533.96 W, 1980 MHz
2026/09/28 00:27:02.803, 0, 78921 MiB, 100 %, 526.20 W, 1785 MHz
2026/09/28 00:27:02.804, 1, 78921 MiB, 100 %, 576.34 W, 1980 MHz
2026/09/28 00:27:02.805, 2, 78921 MiB, 100 %, 560.28 W, 1980 MHz
2026/09/28 00:27:02.806, 3, 78921 MiB, 100 %, 548.62 W, 1980 MHz
2026/09/28 00:27:02.806, 4, 78921 MiB, 100 %, 543.54 W, 1980 MHz
2026/09/28 00:27:02.807, 5, 78921 MiB, 100 %, 555.96 W, 1980 MHz
2026/09/28 00:27:02.807, 6, 78921 MiB, 100 %, 564.29 W, 1980 MHz
2026/09/28 00:27:02.808, 7, 78921 MiB, 100 %, 539.39 W, 1980 MHz
2026/09/28 00:27:03.809, 0, 78921 MiB, 100 %, 531.01 W, 1695 MHz
2026/09/28 00:27:03.810, 1, 78921 MiB, 100 %, 584.06 W, 1980 MHz
2026/09/28 00:27:03.810, 2, 78921 MiB, 100 %, 561.95 W, 1980 MHz
2026/09/28 00:27:03.811, 3, 78921 MiB, 100 %, 555.93 W, 1980 MHz
2026/09/28 00:27:03.812, 4, 78921 MiB, 100 %, 556.74 W, 1980 MHz
2026/09/28 00:27:03.812, 5, 78921 MiB, 100 %, 567.78 W, 1980 MHz
2026/09/28 00:27:03.813, 6, 78921 MiB, 100 %, 572.28 W, 1980 MHz
2026/09/28 00:27:03.814, 7, 78921 MiB, 100 %, 547.94 W, 1980 MHz
2026/09/28 00:27:04.814, 0, 78921 MiB, 100 %, 533.05 W, 1725 MHz
2026/09/28 00:27:04.815, 1, 78921 MiB, 100 %, 571.92 W, 1980 MHz
2026/09/28 00:27:04.816, 2, 78921 MiB, 100 %, 544.42 W, 1980 MHz
2026/09/28 00:27:04.816, 3, 78921 MiB, 100 %, 535.99 W, 1980 MHz
2026/09/28 00:27:04.817, 4, 78921 MiB, 100 %, 535.48 W, 1980 MHz
2026/09/28 00:27:04.818, 5, 78921 MiB, 100 %, 547.46 W, 1980 MHz
2026/09/28 00:27:04.818, 6, 78921 MiB, 100 %, 552.74 W, 1980 MHz
2026/09/28 00:27:04.819, 7, 78921 MiB, 100 %, 537.30 W, 1980 MHz
2026/09/28 00:27:05.820, 0, 78921 MiB, 100 %, 531.79 W, 1620 MHz
2026/09/28 00:27:05.820, 1, 78921 MiB, 100 %, 578.45 W, 1980 MHz
2026/09/28 00:27:05.821, 2, 78921 MiB, 100 %, 561.20 W, 1980 MHz
2026/09/28 00:27:05.822, 3, 78921 MiB, 100 %, 547.91 W, 1980 MHz
2026/09/28 00:27:05.822, 4, 78921 MiB, 100 %, 543.39 W, 1980 MHz
2026/09/28 00:27:05.823, 5, 78921 MiB, 100 %, 561.15 W, 1980 MHz
2026/09/28 00:27:05.823, 6, 78921 MiB, 100 %, 573.65 W, 1980 MHz
2026/09/28 00:27:05.824, 7, 78921 MiB, 100 %, 540.96 W, 1980 MHz
2026/09/28 00:27:06.825, 0, 78921 MiB, 100 %, 507.13 W, 1605 MHz
2026/09/28 00:27:06.826, 1, 78921 MiB, 100 %, 585.73 W, 1980 MHz
2026/09/28 00:27:06.826, 2, 78921 MiB, 100 %, 568.05 W, 1980 MHz
2026/09/28 00:27:06.827, 3, 78921 MiB, 100 %, 551.74 W, 1980 MHz
2026/09/28 00:27:06.827, 4, 78921 MiB, 100 %, 546.57 W, 1980 MHz
2026/09/28 00:27:06.828, 5, 78921 MiB, 100 %, 554.91 W, 1980 MHz
2026/09/28 00:27:06.829, 6, 78921 MiB, 100 %, 578.26 W, 1980 MHz
2026/09/28 00:27:06.829, 7, 78921 MiB, 100 %, 556.01 W, 1980 MHz
2026/09/28 00:27:07.830, 0, 78921 MiB, 100 %, 520.72 W, 1515 MHz
2026/09/28 00:27:07.831, 1, 78921 MiB, 100 %, 562.16 W, 1980 MHz
2026/09/28 00:27:07.832, 2, 78921 MiB, 100 %, 547.61 W, 1980 MHz
2026/09/28 00:27:07.832, 3, 78921 MiB, 100 %, 537.67 W, 1980 MHz
2026/09/28 00:27:07.833, 4, 78921 MiB, 100 %, 532.96 W, 1980 MHz
2026/09/28 00:27:07.834, 5, 78921 MiB, 100 %, 539.06 W, 1980 MHz
2026/09/28 00:27:07.834, 6, 78921 MiB, 100 %, 561.57 W, 1980 MHz
2026/09/28 00:27:07.835, 7, 78921 MiB, 100 %, 537.49 W, 1980 MHz
2026/09/28 00:27:08.836, 0, 78921 MiB, 100 %, 511.15 W, 1695 MHz
2026/09/28 00:27:08.837, 1, 78921 MiB, 100 %, 578.44 W, 1980 MHz
2026/09/28 00:27:08.837, 2, 78921 MiB, 100 %, 558.49 W, 1980 MHz
2026/09/28 00:27:08.838, 3, 78921 MiB, 100 %, 552.34 W, 1980 MHz
2026/09/28 00:27:08.839, 4, 78921 MiB, 100 %, 541.12 W, 1980 MHz
2026/09/28 00:27:08.839, 5, 78921 MiB, 100 %, 552.55 W, 1980 MHz
2026/09/28 00:27:08.840, 6, 78921 MiB, 100 %, 571.12 W, 1980 MHz
2026/09/28 00:27:08.840, 7, 78921 MiB, 100 %, 537.51 W, 1980 MHz
2026/09/28 00:27:09.841, 0, 78921 MiB, 100 %, 465.32 W, 1965 MHz
2026/09/28 00:27:09.842, 1, 78921 MiB, 100 %, 507.83 W, 1980 MHz
2026/09/28 00:27:09.842, 2, 78921 MiB, 100 %, 478.25 W, 1980 MHz
2026/09/28 00:27:09.843, 3, 78921 MiB, 100 %, 484.45 W, 1980 MHz
2026/09/28 00:27:09.844, 4, 78921 MiB, 100 %, 483.22 W, 1980 MHz
2026/09/28 00:27:09.844, 5, 78921 MiB, 100 %, 474.21 W, 1980 MHz
2026/09/28 00:27:09.845, 6, 78921 MiB, 85 %, 495.35 W, 1980 MHz
2026/09/28 00:27:09.846, 7, 78921 MiB, 100 %, 468.62 W, 1980 MHz
2026/09/28 00:27:10.846, 0, 78921 MiB, 100 %, 383.88 W, 1980 MHz
2026/09/28 00:27:10.847, 1, 78921 MiB, 100 %, 326.78 W, 1980 MHz
2026/09/28 00:27:10.848, 2, 78921 MiB, 100 %, 335.90 W, 1980 MHz
2026/09/28 00:27:10.849, 3, 78921 MiB, 100 %, 333.32 W, 1980 MHz
2026/09/28 00:27:10.849, 4, 78921 MiB, 100 %, 325.18 W, 1980 MHz
2026/09/28 00:27:10.850, 5, 78921 MiB, 100 %, 319.28 W, 1980 MHz
2026/09/28 00:27:10.851, 6, 78921 MiB, 100 %, 328.45 W, 1980 MHz
2026/09/28 00:27:10.851, 7, 78921 MiB, 100 %, 326.70 W, 1980 MHz
2026/09/28 00:27:11.852, 0, 78921 MiB, 97 %, 430.25 W, 1980 MHz
2026/09/28 00:27:11.853, 1, 78921 MiB, 100 %, 382.03 W, 1980 MHz
2026/09/28 00:27:11.854, 2, 78921 MiB, 100 %, 390.71 W, 1980 MHz
2026/09/28 00:27:11.854, 3, 78921 MiB, 100 %, 383.29 W, 1980 MHz
2026/09/28 00:27:11.855, 4, 78921 MiB, 100 %, 366.43 W, 1980 MHz
2026/09/28 00:27:11.856, 5, 78921 MiB, 100 %, 369.64 W, 1980 MHz
2026/09/28 00:27:11.856, 6, 78921 MiB, 97 %, 369.53 W, 1980 MHz
2026/09/28 00:27:11.857, 7, 78921 MiB, 100 %, 385.39 W, 1980 MHz
2026/09/28 00:27:12.858, 0, 78921 MiB, 100 %, 547.87 W, 1620 MHz
2026/09/28 00:27:12.859, 1, 78921 MiB, 100 %, 574.97 W, 1980 MHz
2026/09/28 00:27:12.859, 2, 78921 MiB, 100 %, 549.71 W, 1980 MHz
2026/09/28 00:27:12.860, 3, 78921 MiB, 100 %, 545.32 W, 1980 MHz
2026/09/28 00:27:12.861, 4, 78921 MiB, 100 %, 529.65 W, 1980 MHz
2026/09/28 00:27:12.861, 5, 78921 MiB, 100 %, 544.33 W, 1980 MHz
2026/09/28 00:27:12.862, 6, 78921 MiB, 100 %, 569.74 W, 1980 MHz
2026/09/28 00:27:12.862, 7, 78921 MiB, 100 %, 533.21 W, 1980 MHz
2026/09/28 00:27:13.863, 0, 78921 MiB, 100 %, 513.89 W, 1650 MHz
2026/09/28 00:27:13.864, 1, 78921 MiB, 100 %, 579.51 W, 1980 MHz
2026/09/28 00:27:13.865, 2, 78921 MiB, 100 %, 566.91 W, 1980 MHz
2026/09/28 00:27:13.865, 3, 78921 MiB, 100 %, 552.93 W, 1980 MHz
2026/09/28 00:27:13.866, 4, 78921 MiB, 100 %, 541.85 W, 1980 MHz
2026/09/28 00:27:13.867, 5, 78921 MiB, 100 %, 559.36 W, 1980 MHz
2026/09/28 00:27:13.867, 6, 78921 MiB, 100 %, 575.35 W, 1980 MHz
2026/09/28 00:27:13.868, 7, 78921 MiB, 100 %, 547.38 W, 1980 MHz
2026/09/28 00:27:14.868, 0, 78921 MiB, 100 %, 546.46 W, 1845 MHz
2026/09/28 00:27:14.869, 1, 78921 MiB, 100 %, 579.55 W, 1980 MHz
2026/09/28 00:27:14.870, 2, 78921 MiB, 100 %, 564.85 W, 1980 MHz
2026/09/28 00:27:14.871, 3, 78921 MiB, 100 %, 547.10 W, 1980 MHz
2026/09/28 00:27:14.871, 4, 78921 MiB, 100 %, 538.46 W, 1980 MHz
2026/09/28 00:27:14.872, 5, 78921 MiB, 100 %, 558.66 W, 1980 MHz
2026/09/28 00:27:14.873, 6, 78921 MiB, 100 %, 574.21 W, 1980 MHz
2026/09/28 00:27:14.873, 7, 78921 MiB, 100 %, 554.31 W, 1980 MHz
2026/09/28 00:27:15.874, 0, 78921 MiB, 100 %, 551.89 W, 1665 MHz
2026/09/28 00:27:15.875, 1, 78921 MiB, 100 %, 577.75 W, 1980 MHz
2026/09/28 00:27:15.876, 2, 78921 MiB, 100 %, 563.20 W, 1980 MHz
2026/09/28 00:27:15.876, 3, 78921 MiB, 100 %, 546.86 W, 1980 MHz
2026/09/28 00:27:15.877, 4, 78921 MiB, 100 %, 545.02 W, 1980 MHz
2026/09/28 00:27:15.878, 5, 78921 MiB, 100 %, 554.96 W, 1980 MHz
2026/09/28 00:27:15.878, 6, 78921 MiB, 100 %, 567.74 W, 1980 MHz
2026/09/28 00:27:15.879, 7, 78921 MiB, 100 %, 541.61 W, 1980 MHz
2026/09/28 00:27:16.879, 0, 78921 MiB, 100 %, 525.14 W, 1680 MHz
2026/09/28 00:27:16.880, 1, 78921 MiB, 100 %, 594.96 W, 1980 MHz
2026/09/28 00:27:16.881, 2, 78921 MiB, 100 %, 570.82 W, 1980 MHz
2026/09/28 00:27:16.882, 3, 78921 MiB, 100 %, 560.72 W, 1980 MHz
2026/09/28 00:27:16.882, 4, 78921 MiB, 100 %, 544.34 W, 1980 MHz
2026/09/28 00:27:16.883, 5, 78921 MiB, 100 %, 562.49 W, 1980 MHz
2026/09/28 00:27:16.883, 6, 78921 MiB, 100 %, 580.36 W, 1980 MHz
2026/09/28 00:27:16.884, 7, 78921 MiB, 100 %, 560.83 W, 1980 MHz
2026/09/28 00:27:17.885, 0, 78921 MiB, 100 %, 537.34 W, 1680 MHz
2026/09/28 00:27:17.886, 1, 78921 MiB, 100 %, 570.28 W, 1980 MHz
2026/09/28 00:27:17.886, 2, 78921 MiB, 100 %, 554.54 W, 1980 MHz
2026/09/28 00:27:17.887, 3, 78921 MiB, 100 %, 537.82 W, 1980 MHz
2026/09/28 00:27:17.888, 4, 78921 MiB, 100 %, 534.32 W, 1980 MHz
2026/09/28 00:27:17.888, 5, 78921 MiB, 100 %, 541.50 W, 1980 MHz
2026/09/28 00:27:17.889, 6, 78921 MiB, 100 %, 558.92 W, 1980 MHz
2026/09/28 00:27:17.890, 7, 78921 MiB, 100 %, 530.92 W, 1980 MHz
2026/09/28 00:27:18.890, 0, 78921 MiB, 100 %, 537.33 W, 1665 MHz
2026/09/28 00:27:18.891, 1, 78921 MiB, 100 %, 578.58 W, 1980 MHz
2026/09/28 00:27:18.892, 2, 78921 MiB, 100 %, 561.49 W, 1980 MHz
2026/09/28 00:27:18.893, 3, 78921 MiB, 100 %, 548.27 W, 1980 MHz
2026/09/28 00:27:18.893, 4, 78921 MiB, 100 %, 552.59 W, 1980 MHz
2026/09/28 00:27:18.894, 5, 78921 MiB, 100 %, 563.04 W, 1980 MHz
2026/09/28 00:27:18.895, 6, 78921 MiB, 100 %, 564.63 W, 1980 MHz
2026/09/28 00:27:18.895, 7, 78921 MiB, 100 %, 547.14 W, 1980 MHz
2026/09/28 00:27:19.896, 0, 78921 MiB, 100 %, 536.16 W, 1725 MHz
2026/09/28 00:27:19.897, 1, 78921 MiB, 100 %, 592.03 W, 1980 MHz
2026/09/28 00:27:19.899, 2, 78921 MiB, 100 %, 555.47 W, 1980 MHz
2026/09/28 00:27:19.900, 3, 78921 MiB, 100 %, 556.21 W, 1980 MHz
2026/09/28 00:27:19.900, 4, 78921 MiB, 100 %, 562.59 W, 1980 MHz
2026/09/28 00:27:19.901, 5, 78921 MiB, 100 %, 569.97 W, 1980 MHz
2026/09/28 00:27:19.902, 6, 78921 MiB, 100 %, 576.50 W, 1980 MHz
2026/09/28 00:27:19.902, 7, 78921 MiB, 100 %, 553.03 W, 1980 MHz
2026/09/28 00:27:20.903, 0, 78921 MiB, 100 %, 524.33 W, 1710 MHz
2026/09/28 00:27:20.904, 1, 78921 MiB, 100 %, 567.54 W, 1980 MHz
2026/09/28 00:27:20.905, 2, 78921 MiB, 100 %, 551.48 W, 1980 MHz
2026/09/28 00:27:20.905, 3, 78921 MiB, 100 %, 544.06 W, 1980 MHz
2026/09/28 00:27:20.906, 4, 78921 MiB, 100 %, 526.54 W, 1980 MHz
2026/09/28 00:27:20.907, 5, 78921 MiB, 100 %, 549.35 W, 1980 MHz
2026/09/28 00:27:20.907, 6, 78921 MiB, 100 %, 561.27 W, 1980 MHz
2026/09/28 00:27:20.908, 7, 78921 MiB, 100 %, 533.09 W, 1980 MHz
2026/09/28 00:27:21.909, 0, 78921 MiB, 100 %, 528.57 W, 1800 MHz
2026/09/28 00:27:21.909, 1, 78921 MiB, 100 %, 589.81 W, 1980 MHz
2026/09/28 00:27:21.910, 2, 78921 MiB, 100 %, 561.52 W, 1980 MHz
2026/09/28 00:27:21.911, 3, 78921 MiB, 100 %, 553.38 W, 1980 MHz
2026/09/28 00:27:21.911, 4, 78921 MiB, 100 %, 541.66 W, 1980 MHz
2026/09/28 00:27:21.912, 5, 78921 MiB, 100 %, 560.43 W, 1980 MHz
2026/09/28 00:27:21.913, 6, 78921 MiB, 100 %, 571.65 W, 1980 MHz
2026/09/28 00:27:21.913, 7, 78921 MiB, 100 %, 546.30 W, 1980 MHz
2026/09/28 00:27:22.914, 0, 78921 MiB, 100 %, 533.61 W, 1800 MHz
2026/09/28 00:27:22.915, 1, 78921 MiB, 100 %, 586.52 W, 1980 MHz
2026/09/28 00:27:22.916, 2, 78921 MiB, 100 %, 565.20 W, 1980 MHz
2026/09/28 00:27:22.916, 3, 78921 MiB, 100 %, 554.16 W, 1980 MHz
2026/09/28 00:27:22.917, 4, 78921 MiB, 100 %, 551.79 W, 1980 MHz
2026/09/28 00:27:22.918, 5, 78921 MiB, 100 %, 559.75 W, 1980 MHz
2026/09/28 00:27:22.918, 6, 78921 MiB, 100 %, 563.70 W, 1980 MHz
2026/09/28 00:27:22.919, 7, 78921 MiB, 100 %, 544.14 W, 1980 MHz
2026/09/28 00:27:23.920, 0, 78921 MiB, 100 %, 544.06 W, 1800 MHz
2026/09/28 00:27:23.921, 1, 78921 MiB, 100 %, 574.41 W, 1980 MHz
2026/09/28 00:27:23.921, 2, 78921 MiB, 100 %, 553.14 W, 1980 MHz
2026/09/28 00:27:23.922, 3, 78921 MiB, 100 %, 539.19 W, 1980 MHz
2026/09/28 00:27:23.922, 4, 78921 MiB, 100 %, 539.09 W, 1980 MHz
2026/09/28 00:27:23.923, 5, 78921 MiB, 100 %, 548.42 W, 1980 MHz
2026/09/28 00:27:23.924, 6, 78921 MiB, 100 %, 556.94 W, 1980 MHz
2026/09/28 00:27:23.924, 7, 78921 MiB, 100 %, 532.75 W, 1980 MHz
2026/09/28 00:27:24.925, 0, 78921 MiB, 100 %, 532.00 W, 1455 MHz
2026/09/28 00:27:24.926, 1, 78921 MiB, 100 %, 591.32 W, 1980 MHz
2026/09/28 00:27:24.927, 2, 78921 MiB, 100 %, 565.71 W, 1980 MHz
2026/09/28 00:27:24.928, 3, 78921 MiB, 100 %, 558.53 W, 1980 MHz
2026/09/28 00:27:24.928, 4, 78921 MiB, 100 %, 551.28 W, 1980 MHz
2026/09/28 00:27:24.929, 5, 78921 MiB, 100 %, 557.77 W, 1980 MHz
2026/09/28 00:27:24.930, 6, 78921 MiB, 100 %, 573.13 W, 1980 MHz
2026/09/28 00:27:24.930, 7, 78921 MiB, 100 %, 554.15 W, 1980 MHz
2026/09/28 00:27:25.931, 0, 78921 MiB, 100 %, 483.60 W, 1590 MHz
2026/09/28 00:27:25.932, 1, 78921 MiB, 100 %, 565.13 W, 1980 MHz
2026/09/28 00:27:25.932, 2, 78921 MiB, 100 %, 545.30 W, 1980 MHz
2026/09/28 00:27:25.933, 3, 78921 MiB, 100 %, 539.89 W, 1980 MHz
2026/09/28 00:27:25.934, 4, 78921 MiB, 100 %, 535.51 W, 1980 MHz
2026/09/28 00:27:25.934, 5, 78921 MiB, 100 %, 540.22 W, 1980 MHz
2026/09/28 00:27:25.935, 6, 78921 MiB, 100 %, 557.36 W, 1980 MHz
2026/09/28 00:27:25.936, 7, 78921 MiB, 100 %, 532.49 W, 1980 MHz
2026/09/28 00:27:26.936, 0, 78921 MiB, 100 %, 493.94 W, 1590 MHz
2026/09/28 00:27:26.937, 1, 78921 MiB, 100 %, 568.26 W, 1980 MHz
2026/09/28 00:27:26.938, 2, 78921 MiB, 100 %, 544.61 W, 1980 MHz
2026/09/28 00:27:26.939, 3, 78921 MiB, 100 %, 531.77 W, 1980 MHz
2026/09/28 00:27:26.939, 4, 78921 MiB, 100 %, 527.88 W, 1980 MHz
2026/09/28 00:27:26.940, 5, 78921 MiB, 100 %, 545.51 W, 1980 MHz
2026/09/28 00:27:26.940, 6, 78921 MiB, 100 %, 557.10 W, 1980 MHz
2026/09/28 00:27:26.941, 7, 78921 MiB, 100 %, 531.64 W, 1980 MHz
2026/09/28 00:27:27.942, 0, 78921 MiB, 100 %, 507.96 W, 1650 MHz
2026/09/28 00:27:27.943, 1, 78921 MiB, 100 %, 582.34 W, 1980 MHz
2026/09/28 00:27:27.944, 2, 78921 MiB, 100 %, 560.47 W, 1980 MHz
2026/09/28 00:27:27.944, 3, 78921 MiB, 100 %, 560.36 W, 1980 MHz
2026/09/28 00:27:27.945, 4, 78921 MiB, 100 %, 550.12 W, 1980 MHz
2026/09/28 00:27:27.946, 5, 78921 MiB, 100 %, 555.71 W, 1980 MHz
2026/09/28 00:27:27.946, 6, 78921 MiB, 100 %, 567.30 W, 1980 MHz
2026/09/28 00:27:27.947, 7, 78921 MiB, 100 %, 549.20 W, 1980 MHz
2026/09/28 00:27:28.947, 0, 78921 MiB, 100 %, 517.50 W, 1785 MHz
2026/09/28 00:27:28.948, 1, 78921 MiB, 100 %, 576.43 W, 1980 MHz
2026/09/28 00:27:28.949, 2, 78921 MiB, 100 %, 549.63 W, 1980 MHz
2026/09/28 00:27:28.950, 3, 78921 MiB, 100 %, 533.73 W, 1980 MHz
2026/09/28 00:27:28.950, 4, 78921 MiB, 100 %, 540.86 W, 1980 MHz
2026/09/28 00:27:28.951, 5, 78921 MiB, 100 %, 545.78 W, 1980 MHz
2026/09/28 00:27:28.952, 6, 78921 MiB, 100 %, 557.47 W, 1980 MHz
2026/09/28 00:27:28.952, 7, 78921 MiB, 100 %, 533.90 W, 1980 MHz
2026/09/28 00:27:29.953, 0, 78921 MiB, 100 %, 531.17 W, 1695 MHz
2026/09/28 00:27:29.954, 1, 78921 MiB, 100 %, 577.72 W, 1980 MHz
2026/09/28 00:27:29.955, 2, 78921 MiB, 100 %, 564.77 W, 1980 MHz
2026/09/28 00:27:29.956, 3, 78921 MiB, 100 %, 540.17 W, 1980 MHz
2026/09/28 00:27:29.956, 4, 78921 MiB, 100 %, 543.97 W, 1980 MHz
2026/09/28 00:27:29.957, 5, 78921 MiB, 100 %, 557.01 W, 1980 MHz
2026/09/28 00:27:29.957, 6, 78921 MiB, 100 %, 560.39 W, 1980 MHz
2026/09/28 00:27:29.958, 7, 78921 MiB, 100 %, 543.62 W, 1980 MHz
2026/09/28 00:27:30.959, 0, 78921 MiB, 100 %, 530.82 W, 1800 MHz
2026/09/28 00:27:30.960, 1, 78921 MiB, 100 %, 585.79 W, 1980 MHz
2026/09/28 00:27:30.960, 2, 78921 MiB, 100 %, 569.68 W, 1980 MHz
2026/09/28 00:27:30.961, 3, 78921 MiB, 100 %, 554.34 W, 1980 MHz
2026/09/28 00:27:30.962, 4, 78921 MiB, 100 %, 552.73 W, 1980 MHz
2026/09/28 00:27:30.962, 5, 78921 MiB, 100 %, 569.28 W, 1980 MHz
2026/09/28 00:27:30.963, 6, 78921 MiB, 100 %, 579.29 W, 1980 MHz
2026/09/28 00:27:30.963, 7, 78921 MiB, 100 %, 550.36 W, 1980 MHz
2026/09/28 00:27:31.964, 0, 78921 MiB, 100 %, 534.24 W, 1800 MHz
2026/09/28 00:27:31.965, 1, 78921 MiB, 100 %, 580.28 W, 1980 MHz
2026/09/28 00:27:31.966, 2, 78921 MiB, 100 %, 550.93 W, 1980 MHz
2026/09/28 00:27:31.966, 3, 78921 MiB, 100 %, 537.84 W, 1980 MHz
2026/09/28 00:27:31.967, 4, 78921 MiB, 100 %, 540.51 W, 1980 MHz
2026/09/28 00:27:31.968, 5, 78921 MiB, 100 %, 544.97 W, 1980 MHz
2026/09/28 00:27:31.968, 6, 78921 MiB, 100 %, 558.13 W, 1980 MHz
2026/09/28 00:27:31.969, 7, 78921 MiB, 100 %, 545.11 W, 1980 MHz
2026/09/28 00:27:32.970, 0, 78921 MiB, 100 %, 527.48 W, 1635 MHz
2026/09/28 00:27:32.971, 1, 78921 MiB, 100 %, 585.74 W, 1980 MHz
2026/09/28 00:27:32.971, 2, 78921 MiB, 100 %, 559.68 W, 1980 MHz
2026/09/28 00:27:32.972, 3, 78921 MiB, 100 %, 551.72 W, 1980 MHz
2026/09/28 00:27:32.973, 4, 78921 MiB, 100 %, 549.97 W, 1980 MHz
2026/09/28 00:27:32.973, 5, 78921 MiB, 100 %, 553.81 W, 1980 MHz
2026/09/28 00:27:32.974, 6, 78921 MiB, 100 %, 566.56 W, 1980 MHz
2026/09/28 00:27:32.974, 7, 78921 MiB, 100 %, 555.44 W, 1980 MHz
2026/09/28 00:27:33.975, 0, 78921 MiB, 93 %, 487.67 W, 1965 MHz
2026/09/28 00:27:33.976, 1, 78921 MiB, 90 %, 541.99 W, 1980 MHz
2026/09/28 00:27:33.977, 2, 78921 MiB, 100 %, 522.69 W, 1980 MHz
2026/09/28 00:27:33.977, 3, 78921 MiB, 100 %, 522.12 W, 1980 MHz
2026/09/28 00:27:33.978, 4, 78921 MiB, 99 %, 494.72 W, 1980 MHz
2026/09/28 00:27:33.979, 5, 78921 MiB, 72 %, 521.14 W, 1980 MHz
2026/09/28 00:27:33.979, 6, 78921 MiB, 66 %, 537.38 W, 1980 MHz
2026/09/28 00:27:33.980, 7, 78921 MiB, 42 %, 494.14 W, 1980 MHz
2026/09/28 00:27:34.981, 0, 78921 MiB, 100 %, 382.93 W, 1980 MHz
2026/09/28 00:27:34.982, 1, 78921 MiB, 100 %, 326.65 W, 1980 MHz
2026/09/28 00:27:34.983, 2, 78921 MiB, 100 %, 334.81 W, 1980 MHz
2026/09/28 00:27:34.984, 3, 78921 MiB, 100 %, 322.51 W, 1980 MHz
2026/09/28 00:27:34.984, 4, 78921 MiB, 100 %, 317.22 W, 1980 MHz
2026/09/28 00:27:34.985, 5, 78921 MiB, 100 %, 318.00 W, 1980 MHz
2026/09/28 00:27:34.986, 6, 78921 MiB, 100 %, 325.26 W, 1980 MHz
2026/09/28 00:27:34.986, 7, 78921 MiB, 100 %, 317.49 W, 1980 MHz
2026/09/28 00:27:35.987, 0, 78921 MiB, 100 %, 376.74 W, 1980 MHz
2026/09/28 00:27:35.989, 1, 78921 MiB, 100 %, 312.90 W, 1980 MHz
2026/09/28 00:27:35.990, 2, 78921 MiB, 100 %, 329.93 W, 1980 MHz
2026/09/28 00:27:35.991, 3, 78921 MiB, 100 %, 310.93 W, 1980 MHz
2026/09/28 00:27:35.993, 4, 78921 MiB, 100 %, 307.35 W, 1980 MHz
2026/09/28 00:27:35.994, 5, 78921 MiB, 100 %, 312.95 W, 1980 MHz
2026/09/28 00:27:35.995, 6, 78921 MiB, 100 %, 312.04 W, 1980 MHz
2026/09/28 00:27:35.996, 7, 78921 MiB, 100 %, 306.05 W, 1980 MHz
